goload -mode cm -> http://172.18.0.3:6632 properties=1000 rate-events=25000 (A=12500 B=12500) ramp=15s duration=600s
  executors: db=282 cal=188 ota=563/group | pop-workers: db=38 cal=38 ota=38/group x10 groups | push-shards=1000/flow pop-batch=100 pop-partitions=10 pop-wait=true
  queues: dedupWindow=300s completedRetention=300s leaseTime=60s | logdir=/root/cmlogs-t3
[configure] cm-avail cm-prices cm-ota-sync cm-ota-prices ready
[warmup] seq-0 push for 1000 properties x 2 flows (conc=96/flow)...
[warmup] ingress done in 2.8s, draining pipeline...
[warmup] complete in 3.8s — starting rated load
[12:15:50] prodA=  1421 prodB=  1413 | db=  1285 cal=  1286 ota=   5934 otap=   6018 acked=  14486 e2e=  2390/s | p50=569.34 p99=1482.75 ms | lag avail=136 prices=127 otaSync=124 otaPrices=121 | ackErr=0 pushErr=0 shed=0 gor=5016
[12:15:51] prodA=  1247 prodB=  1242 | db=  1023 cal=  1039 ota=   4349 otap=   4441 acked=  10775 e2e=  1758/s | p50=329.73 p99= 749.57 ms | lag avail=360 prices=330 otaSync=330 otaPrices=346 | ackErr=0 pushErr=0 shed=0 gor=5409
[12:15:52] prodA=  2091 prodB=  2086 | db=  1725 cal=  1749 ota=   7205 otap=   7451 acked=  18069 e2e=  2931/s | p50=452.61 p99= 995.33 ms | lag avail=726 prices=667 otaSync=696 otaPrices=731 | ackErr=0 pushErr=0 shed=0 gor=6031
[12:15:53] prodA=  2921 prodB=  2913 | db=  2464 cal=  2418 ota=  11130 otap=  10626 acked=  26514 e2e=  4351/s | p50=544.77 p99=1155.07 ms | lag avail=1183 prices=1162 otaSync=965 otaPrices=1152 | ackErr=0 pushErr=0 shed=0 gor=6961
[12:15:54] prodA=  3751 prodB=  3742 | db=  3472 cal=  3431 ota=  15565 otap=  15229 acked=  37558 e2e=  6159/s | p50=634.88 p99=1335.30 ms | lag avail=1462 prices=1473 otaSync=1657 otaPrices=1656 | ackErr=0 pushErr=0 shed=0 gor=7277
[12:15:55] prodA=  4571 prodB=  4565 | db=  4078 cal=  4083 ota=  18487 otap=  18085 acked=  44448 e2e=  7314/s | p50=692.22 p99=1417.22 ms | lag avail=1955 prices=1955 otaSync=2158 otaPrices=2179 | ackErr=0 pushErr=0 shed=0 gor=7590
[12:15:56] prodA=  5241 prodB=  5241 | db=  5175 cal=  5173 ota=  23978 otap=  22995 acked=  57142 e2e=  9395/s | p50=782.34 p99=1515.52 ms | lag avail=2021 prices=2023 otaSync=2460 otaPrices=2751 | ackErr=0 pushErr=0 shed=0 gor=8045
[12:15:57] prodA=  6274 prodB=  6268 | db=  5907 cal=  5981 ota=  27693 otap=  27624 acked=  66293 e2e= 11063/s | p50=790.53 p99=1433.60 ms | lag avail=2388 prices=2310 otaSync=2772 otaPrices=3134 | ackErr=0 pushErr=0 shed=0 gor=9273
[12:15:58] prodA=  7082 prodB=  7068 | db=  6563 cal=  6495 ota=  30847 otap=  31111 acked=  75809 e2e= 12392/s | p50=806.91 p99=1384.45 ms | lag avail=2907 prices=2883 otaSync=3223 otaPrices=3507 | ackErr=0 pushErr=0 shed=0 gor=9656
[12:15:59] prodA=  7601 prodB=  7586 | db=  7283 cal=  7252 ota=  34971 otap=  33843 acked=  81205 e2e= 13763/s | p50=847.87 p99=1417.22 ms | lag avail=3225 prices=3217 otaSync=3458 otaPrices=3884 | ackErr=0 pushErr=0 shed=0 gor=8607
[12:16:00] prodA=  8698 prodB=  8699 | db=  7844 cal=  7716 ota=  34412 otap=  33427 acked=  85766 e2e= 13568/s | p50=946.18 p99=1531.90 ms | lag avail=4079 prices=4200 otaSync=4412 otaPrices=4735 | ackErr=0 pushErr=0 shed=0 gor=12285
[12:16:01] prodA=  9674 prodB=  9648 | db=  9293 cal=  9508 ota=  44294 otap=  44984 acked= 106940 e2e= 17856/s | p50=1003.52 p99=1646.59 ms | lag avail=4460 prices=4340 otaSync=5008 otaPrices=5330 | ackErr=0 pushErr=0 shed=0 gor=12419
[12:16:02] prodA=  9966 prodB=  9976 | db=  9261 cal=  9272 ota=  44867 otap=  46052 acked= 107196 e2e= 18184/s | p50=1011.71 p99=1662.98 ms | lag avail=5165 prices=5044 otaSync=5211 otaPrices=5288 | ackErr=0 pushErr=0 shed=0 gor=13592
[12:16:03] prodA= 10908 prodB= 10861 | db= 10289 cal= 10042 ota=  50334 otap=  50512 acked= 120454 e2e= 20169/s | p50=1056.77 p99=1744.90 ms | lag avail=5784 prices=5863 otaSync=5305 otaPrices=5191 | ackErr=0 pushErr=0 shed=0 gor=11051
[12:16:04] prodA= 11813 prodB= 11889 | db= 11251 cal= 11412 ota=  50245 otap=  50747 acked= 123396 e2e= 20198/s | p50=1122.30 p99=1859.58 ms | lag avail=6346 prices=6340 otaSync=6716 otaPrices=6966 | ackErr=0 pushErr=0 shed=0 gor=16199
[12:16:05] prodA= 11625 prodB= 11523 | db= 10602 cal= 10517 ota=  52534 otap=  54339 acked= 126065 e2e= 21375/s | p50=1204.22 p99=2023.42 ms | lag avail=7369 prices=7346 otaSync=6606 otaPrices=6500 | ackErr=0 pushErr=0 shed=0 gor=13133
[12:16:06] prodA= 12301 prodB= 12319 | db= 12160 cal= 11782 ota=  55572 otap=  55830 acked= 134434 e2e= 22280/s | p50=1318.91 p99=2179.07 ms | lag avail=7510 prices=7883 otaSync=7912 otaPrices=7374 | ackErr=0 pushErr=0 shed=0 gor=15453
[12:16:07] prodA= 11591 prodB= 11599 | db= 10723 cal= 11059 ota=  55719 otap=  54710 acked= 131963 e2e= 22086/s | p50=1433.60 p99=2408.45 ms | lag avail=8378 prices=8423 otaSync=7444 otaPrices=7787 | ackErr=0 pushErr=0 shed=0 gor=15515
[12:16:08] prodA= 11820 prodB= 11773 | db= 11999 cal= 11969 ota=  57838 otap=  56986 acked= 138367 e2e= 22965/s | p50=1531.90 p99=2572.29 ms | lag avail=8199 prices=8227 otaSync=7520 otaPrices=7691 | ackErr=0 pushErr=0 shed=0 gor=11786
[12:16:09] prodA= 12464 prodB= 12758 | db= 11742 cal= 11216 ota=  55219 otap=  56221 acked= 138967 e2e= 22288/s | p50=1630.21 p99=2768.90 ms | lag avail=8921 prices=9769 otaSync=8247 otaPrices=7620 | ackErr=0 pushErr=0 shed=0 gor=21341
[12:16:10] prodA= 11496 prodB= 11173 | db= 11354 cal= 11786 ota=  56426 otap=  52399 acked= 129943 e2e= 21765/s | p50=1712.13 p99=2932.74 ms | lag avail=9063 prices=9156 otaSync=8229 otaPrices=8954 | ackErr=0 pushErr=0 shed=0 gor=19572
[12:16:11] prodA= 12473 prodB= 11490 | db= 12166 cal= 11888 ota=  61552 otap=  64531 acked= 147732 e2e= 25217/s | p50=1777.66 p99=3162.11 ms | lag avail=9370 prices=8758 otaSync=8728 otaPrices=8626 | ackErr=0 pushErr=0 shed=0 gor=14339
[12:16:12] prodA= 12120 prodB= 12335 | db= 12318 cal= 11579 ota=  57887 otap=  56549 acked= 141232 e2e= 22887/s | p50=1826.82 p99=3325.95 ms | lag avail=9172 prices=9514 otaSync=9548 otaPrices=8616 | ackErr=0 pushErr=0 shed=0 gor=18583
[12:16:13] prodA= 11303 prodB= 11350 | db= 11418 cal= 11314 ota=  56491 otap=  52966 acked= 135395 e2e= 21891/s | p50=1892.35 p99=3489.79 ms | lag avail=9057 prices=9550 otaSync=9695 otaPrices=8624 | ackErr=0 pushErr=0 shed=0 gor=19034
[12:16:14] prodA= 11802 prodB= 11996 | db= 12293 cal= 12256 ota=  65347 otap=  64003 acked= 143877 e2e= 25870/s | p50=1941.50 p99=3686.40 ms | lag avail=8566 prices=9290 otaSync=8594 otaPrices=8341 | ackErr=0 pushErr=0 shed=0 gor=11635
[12:16:15] prodA= 12349 prodB= 12513 | db= 11397 cal= 11778 ota=  54458 otap=  55731 acked= 140113 e2e= 22038/s | p50=1990.66 p99=3751.94 ms | lag avail=9518 prices=10025 otaSync=9418 otaPrices=9040 | ackErr=0 pushErr=0 shed=0 gor=14511
[12:16:16] prodA= 11937 prodB= 11784 | db= 11279 cal= 11575 ota=  55810 otap=  58044 acked= 135380 e2e= 22771/s | p50=2056.19 p99=3883.01 ms | lag avail=10176 prices=10234 otaSync=9083 otaPrices=8843 | ackErr=0 pushErr=0 shed=0 gor=14127
[12:16:17] prodA= 11673 prodB= 11351 | db= 12268 cal= 12237 ota=  61257 otap=  62802 acked= 141780 e2e= 24812/s | p50=2113.54 p99=4046.85 ms | lag avail=9581 prices=9348 otaSync=9213 otaPrices=8862 | ackErr=0 pushErr=0 shed=0 gor=10229
[12:16:18] prodA=  8930 prodB=  9034 | db=  8202 cal=  8270 ota=  40281 otap=  40466 acked=  99686 e2e= 16149/s | p50=2506.75 p99=4489.22 ms | lag avail=10309 prices=10112 otaSync=9681 otaPrices=9280 | ackErr=0 pushErr=0 shed=0 gor=14089
[12:16:19] prodA= 12714 prodB= 12707 | db= 12905 cal= 11891 ota=  59780 otap=  59131 acked= 148053 e2e= 23782/s | p50=2506.75 p99=4489.22 ms | lag avail=10118 prices=10928 otaSync=10550 otaPrices=8865 | ackErr=0 pushErr=0 shed=0 gor=19064
[12:16:20] prodA= 10786 prodB= 10854 | db= 11761 cal= 11858 ota=  58989 otap=  57764 acked= 140225 e2e= 23351/s | p50=2572.29 p99=4554.75 ms | lag avail=9143 prices=9924 otaSync=10328 otaPrices=9294 | ackErr=0 pushErr=0 shed=0 gor=18338
[12:16:21] prodA= 12533 prodB= 12611 | db= 11875 cal= 12021 ota=  62422 otap=  63135 acked= 148893 e2e= 25111/s | p50=2605.06 p99=4685.82 ms | lag avail=9801 prices=10514 otaSync=9450 otaPrices=8462 | ackErr=0 pushErr=0 shed=0 gor=19684
[12:16:22] prodA= 11820 prodB= 11865 | db= 11786 cal= 12475 ota=  60273 otap=  60743 acked= 139440 e2e= 24203/s | p50=2605.06 p99=4882.43 ms | lag avail=9835 prices=9904 otaSync=8909 otaPrices=9067 | ackErr=0 pushErr=0 shed=0 gor=13531
[12:16:23] prodA= 12681 prodB= 12812 | db= 12912 cal= 11934 ota=  61087 otap=  59403 acked= 153028 e2e= 24098/s | p50=2637.82 p99=4947.97 ms | lag avail=9604 prices=10782 otaSync=10029 otaPrices=9212 | ackErr=0 pushErr=0 shed=0 gor=16867
[12:16:24] prodA= 11983 prodB= 12026 | db= 11745 cal= 11816 ota=  64333 otap=  61837 acked= 142322 e2e= 25234/s | p50=2637.82 p99=5079.04 ms | lag avail=9842 prices=10992 otaSync=9481 otaPrices=8473 | ackErr=0 pushErr=0 shed=0 gor=12428
[12:16:25] prodA= 12737 prodB= 12733 | db= 12347 cal= 12344 ota=  61671 otap=  59664 acked= 149795 e2e= 24267/s | p50=2637.82 p99=5144.58 ms | lag avail=10232 prices=11381 otaSync=8957 otaPrices=8713 | ackErr=0 pushErr=0 shed=0 gor=19029
[12:16:26] prodA= 11946 prodB= 11934 | db= 12646 cal= 12540 ota=  62008 otap=  60907 acked= 149563 e2e= 24583/s | p50=2637.82 p99=5341.18 ms | lag avail=9532 prices=10775 otaSync=9689 otaPrices=9561 | ackErr=0 pushErr=0 shed=0 gor=16230
[12:16:27] prodA= 12670 prodB= 12588 | db= 12689 cal= 13643 ota=  62354 otap=  64829 acked= 152584 e2e= 25437/s | p50=2637.82 p99=5341.18 ms | lag avail=9513 prices=9720 otaSync=9921 otaPrices=9887 | ackErr=0 pushErr=0 shed=0 gor=16951
[12:16:28] prodA= 12680 prodB= 12615 | db= 12032 cal= 12195 ota=  57997 otap=  60967 acked= 144047 e2e= 23793/s | p50=2637.82 p99=5472.26 ms | lag avail=10161 prices=10140 otaSync=10205 otaPrices=9922 | ackErr=0 pushErr=0 shed=0 gor=18483
[12:16:29] prodA= 11531 prodB= 11461 | db= 12141 cal= 11581 ota=  61102 otap=  61476 acked= 152945 e2e= 24516/s | p50=2670.59 p99=5537.79 ms | lag avail=9551 prices=10020 otaSync=10243 otaPrices=9064 | ackErr=0 pushErr=0 shed=0 gor=19055
[12:16:30] prodA= 12173 prodB= 12259 | db= 12759 cal= 12382 ota=  64618 otap=  60648 acked= 146110 e2e= 25053/s | p50=2670.59 p99=5668.86 ms | lag avail=8965 prices=9897 otaSync=9827 otaPrices=9634 | ackErr=0 pushErr=0 shed=0 gor=17786
[12:16:31] prodA= 11785 prodB= 11631 | db= 11047 cal= 11351 ota=  58920 otap=  58388 acked= 133091 e2e= 23462/s | p50=2703.36 p99=5799.94 ms | lag avail=9703 prices=10177 otaSync=9037 otaPrices=8981 | ackErr=0 pushErr=0 shed=0 gor=14583
[12:16:32] prodA= 12755 prodB= 12843 | db= 12513 cal= 12934 ota=  59027 otap=  62426 acked= 157784 e2e= 24291/s | p50=2736.13 p99=5799.94 ms | lag avail=9945 prices=10086 otaSync=9895 otaPrices=9528 | ackErr=0 pushErr=0 shed=0 gor=15071
[12:16:33] prodA= 12616 prodB= 12581 | db= 12865 cal= 12396 ota=  64060 otap=  63022 acked= 145407 e2e= 25416/s | p50=2736.13 p99=5931.01 ms | lag avail=9696 prices=10271 otaSync=9445 otaPrices=9208 | ackErr=0 pushErr=0 shed=0 gor=19323
[12:16:34] prodA= 11496 prodB= 11470 | db= 11961 cal= 11482 ota=  63800 otap=  61263 acked= 144558 e2e= 25013/s | p50=2736.13 p99=5931.01 ms | lag avail=9231 prices=10259 otaSync=8833 otaPrices=9070 | ackErr=0 pushErr=0 shed=0 gor=12899
[12:16:35] prodA= 12749 prodB= 12745 | db= 12205 cal= 12450 ota=  59106 otap=  59527 acked= 153295 e2e= 23727/s | p50=2768.90 p99=5996.54 ms | lag avail=9775 prices=10554 otaSync=8871 otaPrices=9169 | ackErr=0 pushErr=0 shed=0 gor=20699
[12:16:36] prodA= 13053 prodB= 13052 | db= 12869 cal= 12811 ota=  63367 otap=  63165 acked= 148514 e2e= 25306/s | p50=2736.13 p99=5996.54 ms | lag avail=9959 prices=10795 otaSync=9553 otaPrices=10105 | ackErr=0 pushErr=0 shed=0 gor=17832
[12:16:37] prodA= 12181 prodB= 12069 | db= 11827 cal= 12421 ota=  61054 otap=  61281 acked= 141057 e2e= 24467/s | p50=2768.90 p99=6193.15 ms | lag avail=10313 prices=10443 otaSync=9133 otaPrices=10023 | ackErr=0 pushErr=0 shed=0 gor=17563
[12:16:38] prodA= 11774 prodB= 11905 | db= 11912 cal= 11351 ota=  60063 otap=  57624 acked= 139255 e2e= 23537/s | p50=2768.90 p99=6127.62 ms | lag avail=10175 prices=10997 otaSync=8418 otaPrices=9752 | ackErr=0 pushErr=0 shed=0 gor=10109
[12:16:39] prodA= 12194 prodB= 12191 | db= 12268 cal= 11709 ota=  60456 otap=  59010 acked= 147008 e2e= 23893/s | p50=2899.97 p99=6520.83 ms | lag avail=10101 prices=11479 otaSync=9283 otaPrices=9299 | ackErr=0 pushErr=0 shed=0 gor=19541
[12:16:40] prodA= 11296 prodB= 11437 | db= 10817 cal= 11726 ota=  53888 otap=  56050 acked= 137650 e2e= 21988/s | p50=2899.97 p99=6520.83 ms | lag avail=10580 prices=11190 otaSync=9851 otaPrices=9576 | ackErr=0 pushErr=0 shed=0 gor=14462
[12:16:41] prodA= 13058 prodB= 12913 | db= 13121 cal= 13420 ota=  64034 otap=  65519 acked= 149213 e2e= 25911/s | p50=2932.74 p99=6586.37 ms | lag avail=10517 prices=10683 otaSync=9238 otaPrices=10242 | ackErr=0 pushErr=0 shed=0 gor=18416
[12:16:42] prodA= 12188 prodB= 12159 | db= 12887 cal= 12157 ota=  63186 otap=  65121 acked= 154532 e2e= 25661/s | p50=2899.97 p99=6455.30 ms | lag avail=9818 prices=10685 otaSync=9588 otaPrices=9258 | ackErr=0 pushErr=0 shed=0 gor=16193
[12:16:43] prodA= 12982 prodB= 12884 | db= 12433 cal= 12965 ota=  62087 otap=  63767 acked= 156578 e2e= 25171/s | p50=2867.20 p99=6651.90 ms | lag avail=10367 prices=10604 otaSync=9714 otaPrices=9617 | ackErr=0 pushErr=0 shed=0 gor=19518
[12:16:44] prodA= 12410 prodB= 12378 | db= 12688 cal= 11793 ota=  61792 otap=  63787 acked= 143523 e2e= 25116/s | p50=2867.20 p99=6717.44 ms | lag avail=10089 prices=11189 otaSync=10016 otaPrices=8597 | ackErr=0 pushErr=0 shed=0 gor=14090
[12:16:45] prodA= 12315 prodB= 12237 | db= 12041 cal= 12828 ota=  60728 otap=  59567 acked= 147027 e2e= 24059/s | p50=2899.97 p99=6848.51 ms | lag avail=10363 prices=10598 otaSync=9719 otaPrices=9526 | ackErr=0 pushErr=0 shed=0 gor=17609
[12:16:46] prodA= 11867 prodB= 11753 | db= 11910 cal= 12296 ota=  62248 otap=  60965 acked= 145642 e2e= 24643/s | p50=2932.74 p99=6914.05 ms | lag avail=10320 prices=10055 otaSync=9030 otaPrices=9356 | ackErr=0 pushErr=0 shed=0 gor=14835
[12:16:47] prodA= 11545 prodB= 11758 | db= 11858 cal= 11306 ota=  59346 otap=  60040 acked= 146560 e2e= 23877/s | p50=2932.74 p99=6848.51 ms | lag avail=10007 prices=10507 otaSync=10043 otaPrices=8527 | ackErr=0 pushErr=0 shed=0 gor=18769
[12:16:48] prodA= 12625 prodB= 12550 | db= 12434 cal= 12780 ota=  61563 otap=  63577 acked= 148130 e2e= 25028/s | p50=2965.50 p99=6979.58 ms | lag avail=10198 prices=10277 otaSync=9683 otaPrices=9439 | ackErr=0 pushErr=0 shed=0 gor=15370
[12:16:49] prodA=  4809 prodB=  4915 | db=  4341 cal=  4798 ota=  23920 otap=  23354 acked=  63851 e2e=  9455/s | p50=3194.88 p99=7372.80 ms | lag avail=10666 prices=10394 otaSync=9608 otaPrices=9379 | ackErr=0 pushErr=0 shed=0 gor=12174
[12:16:50] prodA= 11954 prodB= 11923 | db= 12677 cal= 12368 ota=  59611 otap=  60082 acked= 139631 e2e= 23939/s | p50=3522.56 p99=7700.48 ms | lag avail=9943 prices=9949 otaSync=10336 otaPrices=9032 | ackErr=0 pushErr=0 shed=0 gor=18206
[12:16:51] prodA= 11547 prodB= 11545 | db= 11602 cal= 10779 ota=  62381 otap=  62086 acked= 139457 e2e= 24893/s | p50=3588.10 p99=7831.55 ms | lag avail=9888 prices=10715 otaSync=9293 otaPrices=7549 | ackErr=0 pushErr=0 shed=0 gor=14224
[12:16:52] prodA= 11856 prodB= 11739 | db= 12600 cal= 12756 ota=  62886 otap=  58506 acked= 158902 e2e= 24278/s | p50=3620.86 p99=8028.16 ms | lag avail=9144 prices=9698 otaSync=9194 otaPrices=8789 | ackErr=0 pushErr=0 shed=0 gor=11708
[12:16:53] prodA= 12768 prodB= 12649 | db= 12292 cal= 12583 ota=  60023 otap=  61163 acked= 139250 e2e= 24237/s | p50=3686.40 p99=8028.16 ms | lag avail=9620 prices=9764 otaSync=9274 otaPrices=9406 | ackErr=0 pushErr=0 shed=0 gor=16422
[12:16:54] prodA= 12767 prodB= 12847 | db= 12846 cal= 12724 ota=  62166 otap=  61350 acked= 151148 e2e= 24703/s | p50=3653.63 p99=8093.70 ms | lag avail=9541 prices=9887 otaSync=9476 otaPrices=9669 | ackErr=0 pushErr=0 shed=0 gor=15785
[12:16:55] prodA= 12101 prodB= 12062 | db= 11734 cal= 11532 ota=  62320 otap=  60941 acked= 149185 e2e= 24652/s | p50=3686.40 p99=8159.23 ms | lag avail=9908 prices=10417 otaSync=8724 otaPrices=8858 | ackErr=0 pushErr=0 shed=0 gor=16254
[12:16:56] prodA= 13219 prodB= 13189 | db= 12689 cal= 12768 ota=  61337 otap=  60601 acked= 144385 e2e= 24388/s | p50=3719.17 p99=8355.84 ms | lag avail=10438 prices=10838 otaSync=9479 otaPrices=9953 | ackErr=0 pushErr=0 shed=0 gor=19553
[12:16:57] prodA= 12005 prodB= 11899 | db= 12684 cal= 11816 ota=  62260 otap=  60322 acked= 144039 e2e= 24516/s | p50=3751.94 p99=8290.30 ms | lag avail=9759 prices=10921 otaSync=10267 otaPrices=9156 | ackErr=0 pushErr=0 shed=0 gor=12532
[12:16:58] prodA= 12639 prodB= 12511 | db= 12241 cal= 12932 ota=  60359 otap=  62418 acked= 152735 e2e= 24555/s | p50=3784.70 p99=8454.14 ms | lag avail=10157 prices=10500 otaSync=9751 otaPrices=9565 | ackErr=0 pushErr=0 shed=0 gor=18397
[12:16:59] prodA= 12108 prodB= 12012 | db= 12178 cal= 11964 ota=  60933 otap=  65340 acked= 142781 e2e= 25255/s | p50=3784.70 p99=8585.22 ms | lag avail=10087 prices=10548 otaSync=9860 otaPrices=8621 | ackErr=0 pushErr=0 shed=0 gor=13777
[12:17:00] prodA= 11967 prodB= 12017 | db= 12274 cal= 12614 ota=  62638 otap=  59607 acked= 148870 e2e= 24449/s | p50=3751.94 p99=8454.14 ms | lag avail=9780 prices=9951 otaSync=9251 otaPrices=9398 | ackErr=0 pushErr=0 shed=0 gor=13195
[12:17:01] prodA= 12867 prodB= 12832 | db= 12099 cal= 12082 ota=  59234 otap=  60225 acked= 148186 e2e= 23892/s | p50=3817.47 p99=8585.22 ms | lag avail=10548 prices=10701 otaSync=9435 otaPrices=9411 | ackErr=0 pushErr=0 shed=0 gor=13671
[12:17:02] prodA= 12923 prodB= 13004 | db= 13173 cal= 12187 ota=  66715 otap=  64198 acked= 150517 e2e= 26183/s | p50=3784.70 p99=8716.29 ms | lag avail=10298 prices=11518 otaSync=9349 otaPrices=9059 | ackErr=0 pushErr=0 shed=0 gor=15612
[12:17:03] prodA= 12799 prodB= 12647 | db= 13010 cal= 11556 ota=  64146 otap=  61448 acked= 156200 e2e= 25119/s | p50=3784.70 p99=8978.43 ms | lag avail=10087 prices=12609 otaSync=10239 otaPrices=8132 | ackErr=0 pushErr=0 shed=0 gor=19832
[12:17:04] prodA= 12901 prodB= 12969 | db= 12640 cal= 12603 ota=  66203 otap=  61081 acked= 147525 e2e= 25457/s | p50=3751.94 p99=8978.43 ms | lag avail=10348 prices=12975 otaSync=9615 otaPrices=8415 | ackErr=0 pushErr=0 shed=0 gor=16689
[12:17:05] prodA= 12415 prodB= 12499 | db= 13264 cal= 13023 ota=  66907 otap=  62242 acked= 157008 e2e= 25830/s | p50=3719.17 p99=8847.36 ms | lag avail=9499 prices=12451 otaSync=9020 otaPrices=9702 | ackErr=0 pushErr=0 shed=0 gor=17047
[12:17:06] prodA= 12889 prodB= 12858 | db= 12595 cal= 12340 ota=  60196 otap=  62360 acked= 153259 e2e= 24511/s | p50=3719.17 p99=8847.36 ms | lag avail=9793 prices=12969 otaSync=9766 otaPrices=8893 | ackErr=0 pushErr=0 shed=0 gor=19124
[12:17:07] prodA= 12096 prodB= 12119 | db= 11516 cal= 12819 ota=  63388 otap=  60029 acked= 141899 e2e= 24683/s | p50=3719.17 p99=9109.50 ms | lag avail=10373 prices=12269 otaSync=8766 otaPrices=9157 | ackErr=0 pushErr=0 shed=0 gor=18945
[12:17:08] prodA= 11632 prodB= 11311 | db= 11837 cal= 11971 ota=  58563 otap=  62903 acked= 141626 e2e= 24293/s | p50=3751.94 p99=9109.50 ms | lag avail=10168 prices=11609 otaSync=8589 otaPrices=8699 | ackErr=0 pushErr=0 shed=0 gor=15708
[12:17:09] prodA= 12758 prodB= 12294 | db= 12694 cal= 12308 ota=  59101 otap=  64695 acked= 152916 e2e= 24759/s | p50=3719.17 p99=9109.50 ms | lag avail=10232 prices=11595 otaSync=9316 otaPrices=8347 | ackErr=0 pushErr=0 shed=0 gor=20139
[12:17:10] prodA=  8738 prodB=  8847 | db=  9661 cal= 10750 ota=  51030 otap=  50126 acked= 119599 e2e= 20231/s | p50=3850.24 p99=9371.65 ms | lag avail=9309 prices=9692 otaSync=9109 otaPrices=9338 | ackErr=0 pushErr=0 shed=0 gor=11165
[12:17:11] prodA= 13118 prodB= 13210 | db= 12070 cal= 12302 ota=  61013 otap=  63717 acked= 151858 e2e= 24946/s | p50=3883.01 p99=9502.72 ms | lag avail=10357 prices=10600 otaSync=9056 otaPrices=9092 | ackErr=0 pushErr=0 shed=0 gor=16338
[12:17:12] prodA= 12229 prodB= 12280 | db= 12942 cal= 12316 ota=  59718 otap=  57590 acked= 141986 e2e= 23462/s | p50=3915.78 p99=9502.72 ms | lag avail=9644 prices=10564 otaSync=9839 otaPrices=10332 | ackErr=0 pushErr=0 shed=0 gor=17137
[12:17:13] prodA= 12075 prodB= 12182 | db= 12410 cal= 12615 ota=  63976 otap=  62133 acked= 150973 e2e= 25222/s | p50=3948.54 p99=9502.72 ms | lag avail=9309 prices=10131 otaSync=10419 otaPrices=9406 | ackErr=0 pushErr=0 shed=0 gor=15295
[12:17:14] prodA= 12837 prodB= 12906 | db= 12142 cal= 12810 ota=  61283 otap=  63085 acked= 152897 e2e= 24874/s | p50=3948.54 p99=9764.86 ms | lag avail=10004 prices=10227 otaSync=9448 otaPrices=9892 | ackErr=0 pushErr=0 shed=0 gor=18004
[12:17:15] prodA= 12808 prodB= 12752 | db= 11940 cal= 11874 ota=  58404 otap=  60335 acked= 136018 e2e= 23748/s | p50=3981.31 p99=9895.94 ms | lag avail=10872 prices=11105 otaSync=9252 otaPrices=9647 | ackErr=0 pushErr=0 shed=0 gor=14489
[12:17:16] prodA= 13393 prodB= 13542 | db= 13589 cal= 12673 ota=  64711 otap=  64022 acked= 164256 e2e= 25747/s | p50=3981.31 p99=9764.86 ms | lag avail=10676 prices=11974 otaSync=10358 otaPrices=9464 | ackErr=0 pushErr=0 shed=0 gor=23562
[12:17:17] prodA= 12150 prodB= 12134 | db= 11887 cal= 11122 ota=  59471 otap=  58832 acked= 138545 e2e= 23661/s | p50=3981.31 p99=9895.94 ms | lag avail=10939 prices=12986 otaSync=10411 otaPrices=9082 | ackErr=0 pushErr=0 shed=0 gor=25089
[12:17:18] prodA= 12385 prodB= 12495 | db= 13339 cal= 11789 ota=  70686 otap=  63831 acked= 157206 e2e= 26903/s | p50=3948.54 p99=9895.94 ms | lag avail=9985 prices=13692 otaSync=9073 otaPrices=7628 | ackErr=0 pushErr=0 shed=0 gor=16970
[12:17:19] prodA= 12747 prodB= 12677 | db= 13292 cal= 13220 ota=  66969 otap=  59600 acked= 156393 e2e= 25314/s | p50=3883.01 p99=10027.01 ms | lag avail=9440 prices=13149 otaSync=9059 otaPrices=9171 | ackErr=0 pushErr=0 shed=0 gor=22833
[12:17:20] prodA=  5576 prodB=  5562 | db=  5877 cal=  8195 ota=  30584 otap=  29199 acked=  77021 e2e= 11957/s | p50=3850.24 p99=10158.08 ms | lag avail=9139 prices=10516 otaSync=8693 otaPrices=11448 | ackErr=0 pushErr=0 shed=0 gor=21579
[12:17:21] prodA= 11716 prodB= 11848 | db= 11371 cal= 12481 ota=  56812 otap=  67315 acked= 137543 e2e= 24825/s | p50=4423.68 p99=10551.30 ms | lag avail=9484 prices=9883 otaSync=9275 otaPrices=10345 | ackErr=0 pushErr=0 shed=0 gor=12844
[12:17:22] prodA= 12789 prodB= 12674 | db= 11698 cal= 12055 ota=  56747 otap=  63941 acked= 149135 e2e= 24138/s | p50=4423.68 p99=10813.44 ms | lag avail=10575 prices=10502 otaSync=9660 otaPrices=9689 | ackErr=0 pushErr=0 shed=0 gor=12578
[12:17:23] prodA= 12978 prodB= 12865 | db= 13163 cal= 13010 ota=  64717 otap=  65964 acked= 159291 e2e= 26136/s | p50=4358.14 p99=10813.44 ms | lag avail=10390 prices=10357 otaSync=9392 otaPrices=9644 | ackErr=0 pushErr=0 shed=0 gor=16208
[12:17:24] prodA= 12834 prodB= 12718 | db= 12793 cal= 12034 ota=  63130 otap=  59399 acked= 146975 e2e= 24506/s | p50=4358.14 p99=10551.30 ms | lag avail=10431 prices=11041 otaSync=9501 otaPrices=10069 | ackErr=0 pushErr=0 shed=0 gor=19512
[12:17:25] prodA= 12845 prodB= 12749 | db= 12636 cal= 12376 ota=  63704 otap=  61257 acked= 147012 e2e= 24992/s | p50=4423.68 p99=10813.44 ms | lag avail=10640 prices=11414 otaSync=9213 otaPrices=9769 | ackErr=0 pushErr=0 shed=0 gor=18567
[12:17:26] prodA= 12078 prodB= 12062 | db= 12215 cal= 11875 ota=  59674 otap=  61826 acked= 146115 e2e= 24300/s | p50=4423.68 p99=11075.58 ms | lag avail=10503 prices=11601 otaSync=9788 otaPrices=9512 | ackErr=0 pushErr=0 shed=0 gor=14005
[12:17:27] prodA= 12515 prodB= 12599 | db= 12809 cal= 11935 ota=  65500 otap=  65600 acked= 154132 e2e= 26220/s | p50=4423.68 p99=10813.44 ms | lag avail=10209 prices=12265 otaSync=9387 otaPrices=8370 | ackErr=0 pushErr=0 shed=0 gor=15644
[12:17:28] prodA= 12187 prodB= 12093 | db= 13038 cal= 13249 ota=  64476 otap=  60036 acked= 152815 e2e= 24902/s | p50=4423.68 p99=10944.51 ms | lag avail=9358 prices=11109 otaSync=9853 otaPrices=9173 | ackErr=0 pushErr=0 shed=0 gor=19361
[12:17:29] prodA= 12719 prodB= 12685 | db= 12438 cal= 12387 ota=  65036 otap=  64389 acked= 153064 e2e= 25885/s | p50=4423.68 p99=10944.51 ms | lag avail=9639 prices=11407 otaSync=9185 otaPrices=9093 | ackErr=0 pushErr=0 shed=0 gor=14191
[12:17:30] prodA= 12188 prodB= 12154 | db= 12167 cal= 11673 ota=  64294 otap=  61110 acked= 146536 e2e= 25081/s | p50=4358.14 p99=11206.66 ms | lag avail=9660 prices=11888 otaSync=8382 otaPrices=8546 | ackErr=0 pushErr=0 shed=0 gor=13943
[12:17:31] prodA= 12812 prodB= 12867 | db= 12232 cal= 12914 ota=  60264 otap=  57353 acked= 147303 e2e= 23523/s | p50=4423.68 p99=10813.44 ms | lag avail=10240 prices=11841 otaSync=8215 otaPrices=10133 | ackErr=0 pushErr=0 shed=0 gor=20245
[12:17:32] prodA= 12316 prodB= 12359 | db= 12703 cal= 12267 ota=  60356 otap=  63715 acked= 146138 e2e= 24814/s | p50=4423.68 p99=10944.51 ms | lag avail=9853 prices=11933 otaSync=9162 otaPrices=9788 | ackErr=0 pushErr=0 shed=0 gor=19082
[12:17:33] prodA= 12354 prodB= 12383 | db= 12303 cal= 13018 ota=  62888 otap=  64919 acked= 162613 e2e= 25561/s | p50=4423.68 p99=11075.58 ms | lag avail=9904 prices=11298 otaSync=9349 otaPrices=9604 | ackErr=0 pushErr=0 shed=0 gor=18572
[12:17:34] prodA= 12516 prodB= 12422 | db= 12756 cal= 13613 ota=  59230 otap=  62389 acked= 139658 e2e= 24324/s | p50=4423.68 p99=10944.51 ms | lag avail=9664 prices=10107 otaSync=10272 otaPrices=10866 | ackErr=0 pushErr=0 shed=0 gor=19551
[12:17:35] prodA= 11993 prodB= 12010 | db= 11089 cal= 11610 ota=  58393 otap=  61644 acked= 145072 e2e= 24007/s | p50=4423.68 p99=10813.44 ms | lag avail=10568 prices=10507 otaSync=9183 otaPrices=10660 | ackErr=0 pushErr=0 shed=0 gor=21295
[12:17:36] prodA= 12453 prodB= 12590 | db= 12632 cal= 12039 ota=  64223 otap=  66007 acked= 151583 e2e= 26046/s | p50=4489.22 p99=11206.66 ms | lag avail=10389 prices=11058 otaSync=9056 otaPrices=9013 | ackErr=0 pushErr=0 shed=0 gor=15355
[12:17:37] prodA= 12412 prodB= 12278 | db= 12749 cal= 12173 ota=  60451 otap=  62533 acked= 150126 e2e= 24597/s | p50=4423.68 p99=11075.58 ms | lag avail=10052 prices=11163 otaSync=9599 otaPrices=8469 | ackErr=0 pushErr=0 shed=0 gor=18925
[12:17:38] prodA= 12143 prodB= 12158 | db= 12316 cal= 12664 ota=  61250 otap=  56696 acked= 143156 e2e= 23589/s | p50=4489.22 p99=11206.66 ms | lag avail=9879 prices=10657 otaSync=9993 otaPrices=10109 | ackErr=0 pushErr=0 shed=0 gor=18505
[12:17:39] prodA= 12444 prodB= 12487 | db= 12126 cal= 12816 ota=  61928 otap=  62067 acked= 149455 e2e= 24799/s | p50=4489.22 p99=11337.73 ms | lag avail=10197 prices=10328 otaSync=9545 otaPrices=10481 | ackErr=0 pushErr=0 shed=0 gor=13914
[12:17:40] prodA= 11339 prodB= 11323 | db= 12089 cal= 11676 ota=  59562 otap=  62888 acked= 145806 e2e= 24490/s | p50=4554.75 p99=11337.73 ms | lag avail=9447 prices=9975 otaSync=10415 otaPrices=9410 | ackErr=0 pushErr=0 shed=0 gor=18262
[12:17:41] prodA= 10641 prodB= 10603 | db= 10471 cal= 10943 ota=  55384 otap=  54333 acked= 131495 e2e= 21943/s | p50=4620.29 p99=11468.80 ms | lag avail=9617 prices=9635 otaSync=9222 otaPrices=9567 | ackErr=0 pushErr=0 shed=0 gor=17812
[12:17:42] prodA= 12577 prodB= 12201 | db= 11809 cal= 11409 ota=  59604 otap=  61448 acked= 136563 e2e= 24210/s | p50=4751.36 p99=11730.94 ms | lag avail=10385 prices=10427 otaSync=9125 otaPrices=8259 | ackErr=0 pushErr=0 shed=0 gor=12434
[12:17:43] prodA= 12994 prodB= 12690 | db= 12241 cal= 12393 ota=  58688 otap=  57755 acked= 144926 e2e= 23289/s | p50=4685.82 p99=11468.80 ms | lag avail=11138 prices=10724 otaSync=10164 otaPrices=9233 | ackErr=0 pushErr=0 shed=0 gor=14848
[12:17:44] prodA= 12791 prodB= 12707 | db= 13111 cal= 12564 ota=  65111 otap=  60167 acked= 150936 e2e= 25056/s | p50=4751.36 p99=11862.02 ms | lag avail=10818 prices=10867 otaSync=10163 otaPrices=9737 | ackErr=0 pushErr=0 shed=0 gor=11976
[12:17:45] prodA= 12695 prodB= 12974 | db= 13400 cal= 13042 ota=  64241 otap=  63863 acked= 160843 e2e= 25621/s | p50=4685.82 p99=11993.09 ms | lag avail=10113 prices=10799 otaSync=10779 otaPrices=10126 | ackErr=0 pushErr=0 shed=0 gor=19353
[12:17:46] prodA= 13122 prodB= 13190 | db= 12848 cal= 12484 ota=  66681 otap=  63737 acked= 154776 e2e= 26084/s | p50=4685.82 p99=11993.09 ms | lag avail=10387 prices=11505 otaSync=10172 otaPrices=10620 | ackErr=0 pushErr=0 shed=0 gor=16345
[12:17:47] prodA= 12605 prodB= 12756 | db= 12210 cal= 13197 ota=  62294 otap=  61758 acked= 144173 e2e= 24810/s | p50=4620.29 p99=11862.02 ms | lag avail=10782 prices=11064 otaSync=9787 otaPrices=12406 | ackErr=0 pushErr=0 shed=0 gor=13764
[12:17:48] prodA= 12260 prodB= 12358 | db= 12448 cal= 12463 ota=  60542 otap=  65641 acked= 155293 e2e= 25237/s | p50=4685.82 p99=11862.02 ms | lag avail=10594 prices=10959 otaSync=9666 otaPrices=11895 | ackErr=0 pushErr=0 shed=0 gor=19151
[12:17:49] prodA= 12231 prodB= 12114 | db= 12727 cal= 13073 ota=  63510 otap=  65323 acked= 153721 e2e= 25767/s | p50=4620.29 p99=12124.16 ms | lag avail=10098 prices=10000 otaSync=9579 otaPrices=10552 | ackErr=0 pushErr=0 shed=0 gor=18768
[12:17:50] prodA= 12090 prodB= 12081 | db= 11647 cal= 11421 ota=  60458 otap=  59482 acked= 143968 e2e= 23988/s | p50=4685.82 p99=12124.16 ms | lag avail=10541 prices=10660 otaSync=9522 otaPrices=9865 | ackErr=0 pushErr=0 shed=0 gor=19700
[12:17:51] prodA= 12135 prodB= 12181 | db= 12276 cal= 11584 ota=  64905 otap=  64912 acked= 149503 e2e= 25963/s | p50=4620.29 p99=11993.09 ms | lag avail=10400 prices=11257 otaSync=8980 otaPrices=9068 | ackErr=0 pushErr=0 shed=0 gor=16434
[12:17:52] prodA=  7620 prodB=  7615 | db=  7204 cal=  7911 ota=  36585 otap=  35829 acked=  88872 e2e= 14483/s | p50=4816.90 p99=12517.38 ms | lag avail=10816 prices=10961 otaSync=8431 otaPrices=9413 | ackErr=0 pushErr=0 shed=0 gor=14795
[12:17:53] prodA= 12732 prodB= 12690 | db= 13673 cal= 13334 ota=  62138 otap=  63696 acked= 147111 e2e= 25167/s | p50=4947.97 p99=12517.38 ms | lag avail=9875 prices=10317 otaSync=9538 otaPrices=9297 | ackErr=0 pushErr=0 shed=0 gor=16465
[12:17:54] prodA= 12341 prodB= 12270 | db= 12374 cal= 12076 ota=  59701 otap=  59525 acked= 154589 e2e= 23845/s | p50=5013.50 p99=12648.45 ms | lag avail=9842 prices=10511 otaSync=10431 otaPrices=9978 | ackErr=0 pushErr=0 shed=0 gor=16938
[12:17:55] prodA= 12488 prodB= 12565 | db= 12052 cal= 12805 ota=  63412 otap=  63364 acked= 146299 e2e= 25355/s | p50=5079.04 p99=12648.45 ms | lag avail=10278 prices=10271 otaSync=10376 otaPrices=9822 | ackErr=0 pushErr=0 shed=0 gor=15095
[12:17:56] prodA= 13138 prodB= 13071 | db= 12829 cal= 12498 ota=  61664 otap=  63901 acked= 154566 e2e= 25113/s | p50=5079.04 p99=12648.45 ms | lag avail=10587 prices=10844 otaSync=10782 otaPrices=9307 | ackErr=0 pushErr=0 shed=0 gor=15993
[12:17:57] prodA= 11997 prodB= 11915 | db= 12817 cal= 12390 ota=  61805 otap=  60349 acked= 150089 e2e= 24431/s | p50=5013.50 p99=12648.45 ms | lag avail=9767 prices=10369 otaSync=11281 otaPrices=9572 | ackErr=0 pushErr=0 shed=0 gor=15291
[12:17:58] prodA= 11911 prodB= 11822 | db= 11677 cal= 11709 ota=  60387 otap=  60133 acked= 138177 e2e= 24104/s | p50=5079.04 p99=12779.52 ms | lag avail=10001 prices=10482 otaSync=10879 otaPrices=9349 | ackErr=0 pushErr=0 shed=0 gor=14222
[12:17:59] prodA= 12850 prodB= 12785 | db= 12768 cal= 12733 ota=  65487 otap=  63531 acked= 155755 e2e= 25804/s | p50=5013.50 p99=12779.52 ms | lag avail=10083 prices=10534 otaSync=10100 otaPrices=9710 | ackErr=0 pushErr=0 shed=0 gor=19960
[12:18:00] prodA= 12246 prodB= 12293 | db= 11889 cal= 12069 ota=  60797 otap=  58476 acked= 143335 e2e= 23855/s | p50=4947.97 p99=12648.45 ms | lag avail=10440 prices=10758 otaSync=9953 otaPrices=9812 | ackErr=0 pushErr=0 shed=0 gor=18404
[12:18:01] prodA= 12769 prodB= 12770 | db= 12759 cal= 12171 ota=  61936 otap=  62426 acked= 152480 e2e= 24872/s | p50=5079.04 p99=12779.52 ms | lag avail=10450 prices=11357 otaSync=10026 otaPrices=9731 | ackErr=0 pushErr=0 shed=0 gor=20143
[12:18:02] prodA= 12776 prodB= 12936 | db= 13302 cal= 12264 ota=  65267 otap=  64986 acked= 148764 e2e= 26051/s | p50=5079.04 p99=12779.52 ms | lag avail=9924 prices=12029 otaSync=10383 otaPrices=8634 | ackErr=0 pushErr=0 shed=0 gor=19446
[12:18:03] prodA= 12806 prodB= 12748 | db= 12692 cal= 12263 ota=  66022 otap=  58024 acked= 154618 e2e= 24809/s | p50=5079.04 p99=12779.52 ms | lag avail=10038 prices=12514 otaSync=9711 otaPrices=9723 | ackErr=0 pushErr=0 shed=0 gor=21223
[12:18:04] prodA= 12748 prodB= 12832 | db= 12235 cal= 13279 ota=  62541 otap=  61622 acked= 151844 e2e= 24833/s | p50=5013.50 p99=12648.45 ms | lag avail=10551 prices=12067 otaSync=10111 otaPrices=10554 | ackErr=0 pushErr=0 shed=0 gor=23224
[12:18:05] prodA= 12511 prodB= 12583 | db= 12530 cal= 12185 ota=  60643 otap=  64308 acked= 144549 e2e= 24990/s | p50=5013.50 p99=12517.38 ms | lag avail=10532 prices=12465 otaSync=10316 otaPrices=9902 | ackErr=0 pushErr=0 shed=0 gor=20259
[12:18:06] prodA= 12669 prodB= 12730 | db= 12740 cal= 12433 ota=  63679 otap=  61399 acked= 151829 e2e= 25016/s | p50=5013.50 p99=13041.66 ms | lag avail=10461 prices=12762 otaSync=10248 otaPrices=9787 | ackErr=0 pushErr=0 shed=0 gor=22551
[12:18:07] prodA= 12348 prodB= 12251 | db= 12588 cal= 11801 ota=  63271 otap=  64193 acked= 152763 e2e= 25493/s | p50=5013.50 p99=12910.59 ms | lag avail=10221 prices=13212 otaSync=9788 otaPrices=8748 | ackErr=0 pushErr=0 shed=0 gor=17487
[12:18:08] prodA= 12162 prodB= 12172 | db= 12209 cal= 12146 ota=  65162 otap=  64024 acked= 147523 e2e= 25837/s | p50=5013.50 p99=13041.66 ms | lag avail=10174 prices=13238 otaSync=8573 otaPrices=8267 | ackErr=0 pushErr=0 shed=0 gor=19524
[12:18:09] prodA= 12614 prodB= 12620 | db= 12698 cal= 13047 ota=  60195 otap=  59375 acked= 148728 e2e= 23914/s | p50=4947.97 p99=13041.66 ms | lag avail=10090 prices=12811 otaSync=10088 otaPrices=9490 | ackErr=0 pushErr=0 shed=0 gor=18697
[12:18:10] prodA= 12321 prodB= 12333 | db= 12176 cal= 12468 ota=  60517 otap=  62523 acked= 150295 e2e= 24608/s | p50=5013.50 p99=13434.88 ms | lag avail=10235 prices=12676 otaSync=9485 otaPrices=9384 | ackErr=0 pushErr=0 shed=0 gor=22041
[12:18:11] prodA= 12089 prodB= 12123 | db= 12481 cal= 12263 ota=  61329 otap=  64284 acked= 148375 e2e= 25123/s | p50=4882.43 p99=13434.88 ms | lag avail=9843 prices=12536 otaSync=10779 otaPrices=9882 | ackErr=0 pushErr=0 shed=0 gor=21573
[12:18:12] prodA= 12673 prodB= 12605 | db= 12312 cal= 12717 ota=  63650 otap=  61182 acked= 150083 e2e= 24966/s | p50=4947.97 p99=13434.88 ms | lag avail=10204 prices=12424 otaSync=9789 otaPrices=9590 | ackErr=0 pushErr=0 shed=0 gor=18811
[12:18:13] prodA= 10930 prodB= 10872 | db= 11187 cal= 12367 ota=  53413 otap=  55489 acked= 133967 e2e= 21780/s | p50=5013.50 p99=13434.88 ms | lag avail=9947 prices=10929 otaSync=9756 otaPrices=11212 | ackErr=0 pushErr=0 shed=0 gor=20205
[12:18:14] prodA= 12204 prodB= 12144 | db= 11812 cal= 11961 ota=  60707 otap=  65447 acked= 147050 e2e= 25231/s | p50=5144.58 p99=13828.10 ms | lag avail=10339 prices=11112 otaSync=9884 otaPrices=9575 | ackErr=0 pushErr=0 shed=0 gor=17154
[12:18:15] prodA= 12274 prodB= 12424 | db= 12226 cal= 12343 ota=  65148 otap=  64193 acked= 150592 e2e= 25868/s | p50=5079.04 p99=13697.02 ms | lag avail=10387 prices=11193 otaSync=9011 otaPrices=8867 | ackErr=0 pushErr=0 shed=0 gor=14073
[12:18:16] prodA= 13064 prodB= 13049 | db= 12889 cal= 13486 ota=  62110 otap=  63174 acked= 157587 e2e= 25057/s | p50=5013.50 p99=13565.95 ms | lag avail=10562 prices=10756 otaSync=9221 otaPrices=10010 | ackErr=0 pushErr=0 shed=0 gor=18944
[12:18:17] prodA= 12729 prodB= 12882 | db= 12830 cal= 12346 ota=  65736 otap=  63746 acked= 150697 e2e= 25896/s | p50=5079.04 p99=13697.02 ms | lag avail=10461 prices=11292 otaSync=8939 otaPrices=9344 | ackErr=0 pushErr=0 shed=0 gor=17537
[12:18:18] prodA= 12633 prodB= 12689 | db= 12538 cal= 13039 ota=  60823 otap=  61547 acked= 148362 e2e= 24474/s | p50=5013.50 p99=13697.02 ms | lag avail=10556 prices=10942 otaSync=9145 otaPrices=10952 | ackErr=0 pushErr=0 shed=0 gor=18774
[12:18:19] prodA= 12028 prodB= 11930 | db= 11969 cal= 11959 ota=  60674 otap=  60731 acked= 146961 e2e= 24281/s | p50=5013.50 p99=13828.10 ms | lag avail=10615 prices=10913 otaSync=9186 otaPrices=10774 | ackErr=0 pushErr=0 shed=0 gor=21751
[12:18:20] prodA= 11914 prodB= 11852 | db= 12499 cal= 12753 ota=  57209 otap=  59982 acked= 146238 e2e= 23438/s | p50=5013.50 p99=13959.17 ms | lag avail=10030 prices=10012 otaSync=10257 otaPrices=11166 | ackErr=0 pushErr=0 shed=0 gor=21408
[12:18:21] prodA= 12471 prodB= 12346 | db= 11796 cal= 11843 ota=  65563 otap=  62504 acked= 145266 e2e= 25613/s | p50=5013.50 p99=13959.17 ms | lag avail=10705 prices=10515 otaSync=9403 otaPrices=9965 | ackErr=0 pushErr=0 shed=0 gor=17754
[12:18:22] prodA= 13528 prodB= 13404 | db= 13242 cal= 13140 ota=  63909 otap=  63150 acked= 159515 e2e= 25412/s | p50=5013.50 p99=14221.31 ms | lag avail=10991 prices=10779 otaSync=9286 otaPrices=10385 | ackErr=0 pushErr=0 shed=0 gor=19822
[12:18:23] prodA= 10331 prodB= 10238 | db= 11146 cal= 10129 ota=  56085 otap=  56241 acked= 125922 e2e= 22465/s | p50=5013.50 p99=14221.31 ms | lag avail=10176 prices=10888 otaSync=9709 otaPrices=9237 | ackErr=0 pushErr=0 shed=0 gor=12973
[12:18:24] prodA=  7479 prodB=  7607 | db=  8038 cal=  8309 ota=  37822 otap=  36483 acked=  96115 e2e= 14861/s | p50=5603.33 p99=14614.53 ms | lag avail=9617 prices=10186 otaSync=9823 otaPrices=10577 | ackErr=0 pushErr=0 shed=0 gor=19661
[12:18:25] prodA= 12308 prodB= 12255 | db= 12304 cal= 11974 ota=  64030 otap=  64545 acked= 149446 e2e= 25715/s | p50=5603.33 p99=14614.53 ms | lag avail=9621 prices=10467 otaSync=9051 otaPrices=9292 | ackErr=0 pushErr=0 shed=0 gor=17219
[12:18:26] prodA= 13009 prodB= 12384 | db= 12259 cal= 12153 ota=  58978 otap=  59381 acked= 144254 e2e= 23672/s | p50=5537.79 p99=14614.53 ms | lag avail=10371 prices=10698 otaSync=9571 otaPrices=9719 | ackErr=0 pushErr=0 shed=0 gor=19090
[12:18:27] prodA= 12956 prodB= 12826 | db= 13006 cal= 13205 ota=  64236 otap=  64072 acked= 162677 e2e= 25662/s | p50=5603.33 p99=14614.53 ms | lag avail=10321 prices=10319 otaSync=10415 otaPrices=10168 | ackErr=0 pushErr=0 shed=0 gor=18117
[12:18:28] prodA= 12377 prodB= 12412 | db= 12032 cal= 11859 ota=  61449 otap=  63116 acked= 134097 e2e= 24913/s | p50=5603.33 p99=14876.67 ms | lag avail=10666 prices=10872 otaSync=10541 otaPrices=9661 | ackErr=0 pushErr=0 shed=0 gor=10177
[12:18:29] prodA= 13140 prodB= 13042 | db= 12778 cal= 12473 ota=  61507 otap=  61374 acked= 155400 e2e= 24576/s | p50=5537.79 p99=14745.60 ms | lag avail=11028 prices=11441 otaSync=10724 otaPrices=9974 | ackErr=0 pushErr=0 shed=0 gor=17687
[12:18:30] prodA= 11522 prodB= 11528 | db= 11951 cal= 11725 ota=  63274 otap=  58597 acked= 150740 e2e= 24374/s | p50=5668.86 p99=14745.60 ms | lag avail=10599 prices=11244 otaSync=9551 otaPrices=9835 | ackErr=0 pushErr=0 shed=0 gor=19263
[12:18:31] prodA= 12471 prodB= 12443 | db= 12309 cal= 12883 ota=  60870 otap=  61335 acked= 142689 e2e= 24441/s | p50=5668.86 p99=14745.60 ms | lag avail=10761 prices=10804 otaSync=9593 otaPrices=10829 | ackErr=0 pushErr=0 shed=0 gor=18728
[12:18:32] prodA= 12196 prodB= 12272 | db= 12656 cal= 12539 ota=  62780 otap=  63574 acked= 148981 e2e= 25271/s | p50=5668.86 p99=15138.82 ms | lag avail=10301 prices=10537 otaSync=10385 otaPrices=10616 | ackErr=0 pushErr=0 shed=0 gor=13608
[12:18:33] prodA= 12586 prodB= 12750 | db= 12003 cal= 10977 ota=  62664 otap=  62970 acked= 153671 e2e= 25127/s | p50=5668.86 p99=14876.67 ms | lag avail=10884 prices=12310 otaSync=9948 otaPrices=8711 | ackErr=0 pushErr=0 shed=0 gor=20676
[12:18:34] prodA= 13511 prodB= 13394 | db= 13519 cal= 12130 ota=  63367 otap=  60766 acked= 147895 e2e= 24827/s | p50=5537.79 p99=14614.53 ms | lag avail=10876 prices=13574 otaSync=10557 otaPrices=8375 | ackErr=0 pushErr=0 shed=0 gor=22745
[12:18:35] prodA= 12988 prodB= 12811 | db= 12903 cal= 13365 ota=  65886 otap=  60739 acked= 152847 e2e= 25325/s | p50=5603.33 p99=15007.74 ms | lag avail=10961 prices=13020 otaSync=10014 otaPrices=9203 | ackErr=0 pushErr=0 shed=0 gor=23152
[12:18:36] prodA= 12241 prodB= 12236 | db= 12913 cal= 12543 ota=  63204 otap=  60958 acked= 147887 e2e= 24832/s | p50=5603.33 p99=14745.60 ms | lag avail=10289 prices=12713 otaSync=10036 otaPrices=9619 | ackErr=0 pushErr=0 shed=0 gor=20686
[12:18:37] prodA= 12818 prodB= 12995 | db= 13398 cal= 12716 ota=  66820 otap=  66280 acked= 162211 e2e= 26620/s | p50=5603.33 p99=15007.74 ms | lag avail=9709 prices=12992 otaSync=10446 otaPrices=9522 | ackErr=0 pushErr=0 shed=0 gor=18725
[12:18:38] prodA= 11736 prodB= 11773 | db= 11682 cal= 12382 ota=  61906 otap=  60334 acked= 144554 e2e= 24448/s | p50=5472.26 p99=14745.60 ms | lag avail=9763 prices=12383 otaSync=9880 otaPrices=9622 | ackErr=0 pushErr=0 shed=0 gor=21591
[12:18:39] prodA= 12844 prodB= 12851 | db= 12529 cal= 12571 ota=  61394 otap=  63618 acked= 149943 e2e= 25002/s | p50=5603.33 p99=14876.67 ms | lag avail=10078 prices=12663 otaSync=9943 otaPrices=9503 | ackErr=0 pushErr=0 shed=0 gor=19860
[12:18:40] prodA= 12216 prodB= 12238 | db= 11902 cal= 11898 ota=  62695 otap=  63935 acked= 142728 e2e= 25326/s | p50=5668.86 p99=14876.67 ms | lag avail=10392 prices=13003 otaSync=8884 otaPrices=8290 | ackErr=0 pushErr=0 shed=0 gor=20690
[12:18:41] prodA= 12162 prodB= 12146 | db= 12227 cal= 12819 ota=  58249 otap=  59713 acked= 145742 e2e= 23592/s | p50=5668.86 p99=15269.89 ms | lag avail=10327 prices=12330 otaSync=9756 otaPrices=9480 | ackErr=0 pushErr=0 shed=0 gor=21283
[12:18:42] prodA= 12146 prodB= 12182 | db= 12585 cal= 12095 ota=  62865 otap=  64903 acked= 154416 e2e= 25554/s | p50=5472.26 p99=15138.82 ms | lag avail=9888 prices=12417 otaSync=10011 otaPrices=8673 | ackErr=0 pushErr=0 shed=0 gor=18015
[12:18:43] prodA= 12911 prodB= 12971 | db= 12027 cal= 12135 ota=  63572 otap=  59669 acked= 150900 e2e= 24648/s | p50=5603.33 p99=15007.74 ms | lag avail=10772 prices=13253 otaSync=9347 otaPrices=8747 | ackErr=0 pushErr=0 shed=0 gor=17446
[12:18:44] prodA= 11819 prodB= 11786 | db= 12185 cal= 11001 ota=  60471 otap=  58401 acked= 145378 e2e= 23774/s | p50=5603.33 p99=15400.96 ms | lag avail=10406 prices=14038 otaSync=8990 otaPrices=8340 | ackErr=0 pushErr=0 shed=0 gor=13863
[12:18:45] prodA= 12483 prodB= 12507 | db= 12348 cal= 14129 ota=  59841 otap=  61422 acked= 141172 e2e= 24253/s | p50=5603.33 p99=15138.82 ms | lag avail=10541 prices=12416 otaSync=9133 otaPrices=10053 | ackErr=0 pushErr=0 shed=0 gor=16651
[12:18:46] prodA= 12540 prodB= 12378 | db= 12452 cal= 12632 ota=  60567 otap=  65903 acked= 147260 e2e= 25294/s | p50=5603.33 p99=15532.03 ms | lag avail=10629 prices=12162 otaSync=9447 otaPrices=10147 | ackErr=0 pushErr=0 shed=0 gor=16767
[12:18:47] prodA= 12404 prodB= 12494 | db= 13078 cal= 12919 ota=  63278 otap=  65899 acked= 158705 e2e= 25835/s | p50=5537.79 p99=15663.10 ms | lag avail=9955 prices=11737 otaSync=10292 otaPrices=9293 | ackErr=0 pushErr=0 shed=0 gor=17878
[12:18:48] prodA= 11898 prodB= 11733 | db= 11345 cal= 12467 ota=  61383 otap=  61137 acked= 147331 e2e= 24504/s | p50=5537.79 p99=15925.25 ms | lag avail=10508 prices=11003 otaSync=9657 otaPrices=10053 | ackErr=0 pushErr=0 shed=0 gor=15935
[12:18:49] prodA= 12718 prodB= 12708 | db= 12936 cal= 12587 ota=  63185 otap=  61913 acked= 149598 e2e= 25020/s | p50=5472.26 p99=15794.18 ms | lag avail=10290 prices=11124 otaSync=9419 otaPrices=9462 | ackErr=0 pushErr=0 shed=0 gor=16316
[12:18:50] prodA= 11791 prodB= 11832 | db= 12090 cal= 12052 ota=  59713 otap=  59238 acked= 146623 e2e= 23790/s | p50=5537.79 p99=16187.39 ms | lag avail=9991 prices=10904 otaSync=9538 otaPrices=9639 | ackErr=0 pushErr=0 shed=0 gor=17126
[12:18:51] prodA= 11669 prodB= 11775 | db= 11959 cal= 12557 ota=  61631 otap=  62767 acked= 147017 e2e= 24880/s | p50=5603.33 p99=16187.39 ms | lag avail=9701 prices=10122 otaSync=8774 otaPrices=10035 | ackErr=0 pushErr=0 shed=0 gor=16081
[12:18:52] prodA= 12694 prodB= 12640 | db= 12350 cal= 11666 ota=  61062 otap=  64049 acked= 149442 e2e= 25022/s | p50=5537.79 p99=16711.68 ms | lag avail=10045 prices=11096 otaSync=9345 otaPrices=8549 | ackErr=0 pushErr=0 shed=0 gor=17626
[12:18:53] prodA= 12283 prodB= 12376 | db= 12140 cal= 12640 ota=  60758 otap=  57008 acked= 141015 e2e= 23553/s | p50=5537.79 p99=16449.54 ms | lag avail=10188 prices=10832 otaSync=9290 otaPrices=9718 | ackErr=0 pushErr=0 shed=0 gor=16922
[12:18:54] prodA= 12022 prodB= 12208 | db= 12739 cal= 12440 ota=  58905 otap=  62468 acked= 149998 e2e= 24275/s | p50=5537.79 p99=16187.39 ms | lag avail=9471 prices=10600 otaSync=10341 otaPrices=10032 | ackErr=0 pushErr=0 shed=0 gor=19354
[12:18:55] prodA=  6818 prodB=  6658 | db=  6112 cal=  6312 ota=  31649 otap=  32555 acked=  79088 e2e= 12841/s | p50=5931.01 p99=17170.43 ms | lag avail=10177 prices=10946 otaSync=9957 otaPrices=9861 | ackErr=0 pushErr=0 shed=0 gor=19120
[12:18:56] prodA= 12957 prodB= 12785 | db= 13187 cal= 12771 ota=  66102 otap=  66564 acked= 156269 e2e= 26533/s | p50=6127.62 p99=16580.61 ms | lag avail=9947 prices=10960 otaSync=10150 otaPrices=9948 | ackErr=0 pushErr=0 shed=0 gor=19620
[12:18:57] prodA= 11911 prodB= 11748 | db= 11522 cal= 12096 ota=  59824 otap=  60352 acked= 140640 e2e= 24035/s | p50=6062.08 p99=16908.29 ms | lag avail=10336 prices=10612 otaSync=9391 otaPrices=9571 | ackErr=0 pushErr=0 shed=0 gor=13449
[12:18:58] prodA= 12216 prodB= 12211 | db= 11829 cal= 11807 ota=  60967 otap=  59506 acked= 150596 e2e= 24095/s | p50=6127.62 p99=17170.43 ms | lag avail=10723 prices=11016 otaSync=9267 otaPrices=9392 | ackErr=0 pushErr=0 shed=0 gor=14682
[12:18:59] prodA= 11913 prodB= 11765 | db= 11868 cal= 11460 ota=  59283 otap=  59733 acked= 135460 e2e= 23803/s | p50=6193.15 p99=17432.58 ms | lag avail=10768 prices=11321 otaSync=9954 otaPrices=8531 | ackErr=0 pushErr=0 shed=0 gor=21912
[12:19:00] prodA= 12017 prodB= 12053 | db= 11958 cal= 12838 ota=  57601 otap=  59932 acked= 140971 e2e= 23507/s | p50=6193.15 p99=17432.58 ms | lag avail=10827 prices=10536 otaSync=9842 otaPrices=9978 | ackErr=0 pushErr=0 shed=0 gor=16068
[12:19:01] prodA= 12421 prodB= 11814 | db= 12521 cal= 11946 ota=  63771 otap=  63602 acked= 154533 e2e= 25475/s | p50=6193.15 p99=17432.58 ms | lag avail=10727 prices=10404 otaSync=9943 otaPrices=8834 | ackErr=0 pushErr=0 shed=0 gor=17720
[12:19:02] prodA= 12447 prodB= 12455 | db= 12376 cal= 12320 ota=  64029 otap=  58732 acked= 142617 e2e= 24552/s | p50=6193.15 p99=17432.58 ms | lag avail=10798 prices=10539 otaSync=9228 otaPrices=9432 | ackErr=0 pushErr=0 shed=0 gor=15912
[12:19:03] prodA= 13343 prodB= 13381 | db= 13797 cal= 13321 ota=  62154 otap=  64369 acked= 163389 e2e= 25305/s | p50=6127.62 p99=17432.58 ms | lag avail=10344 prices=10599 otaSync=10337 otaPrices=9636 | ackErr=0 pushErr=0 shed=0 gor=17982
[12:19:04] prodA= 12259 prodB= 12348 | db= 11868 cal= 11821 ota=  61544 otap=  59951 acked= 139999 e2e= 24299/s | p50=6258.69 p99=17694.72 ms | lag avail=10735 prices=11126 otaSync=9873 otaPrices=9220 | ackErr=0 pushErr=0 shed=0 gor=12050
[12:19:05] prodA= 12654 prodB= 12685 | db= 13193 cal= 13296 ota=  63886 otap=  63505 acked= 156367 e2e= 25478/s | p50=6258.69 p99=17432.58 ms | lag avail=10196 prices=10515 otaSync=10596 otaPrices=10378 | ackErr=0 pushErr=0 shed=0 gor=19406
[12:19:06] prodA= 12622 prodB= 12597 | db= 12285 cal= 12102 ota=  65560 otap=  62865 acked= 151906 e2e= 25685/s | p50=6324.22 p99=17694.72 ms | lag avail=10533 prices=11010 otaSync=9940 otaPrices=9655 | ackErr=0 pushErr=0 shed=0 gor=14532
[12:19:07] prodA= 13185 prodB= 13239 | db= 12912 cal= 12605 ota=  67028 otap=  66446 acked= 161302 e2e= 26695/s | p50=6193.15 p99=17694.72 ms | lag avail=10806 prices=11644 otaSync=9388 otaPrices=8800 | ackErr=0 pushErr=0 shed=0 gor=22103
[12:19:08] prodA= 11619 prodB= 11667 | db= 13233 cal= 11819 ota=  62739 otap=  58156 acked= 141617 e2e= 24179/s | p50=6193.15 p99=17432.58 ms | lag avail=9192 prices=11492 otaSync=9763 otaPrices=8729 | ackErr=0 pushErr=0 shed=0 gor=17385
[12:19:09] prodA= 12937 prodB= 12933 | db= 12077 cal= 13091 ota=  63427 otap=  63481 acked= 155937 e2e= 25382/s | p50=6193.15 p99=17432.58 ms | lag avail=10052 prices=11334 otaSync=9091 otaPrices=9348 | ackErr=0 pushErr=0 shed=0 gor=20127
[12:19:10] prodA= 11416 prodB= 11190 | db= 11121 cal= 12290 ota=  56142 otap=  59545 acked= 139124 e2e= 23137/s | p50=6127.62 p99=17170.43 ms | lag avail=10347 prices=10234 otaSync=9677 otaPrices=9808 | ackErr=0 pushErr=0 shed=0 gor=19531
[12:19:11] prodA= 12936 prodB= 12859 | db= 12930 cal= 12736 ota=  64432 otap=  66490 acked= 154506 e2e= 26184/s | p50=6193.15 p99=17956.86 ms | lag avail=10353 prices=10357 otaSync=9457 otaPrices=9374 | ackErr=0 pushErr=0 shed=0 gor=14991
[12:19:12] prodA= 12555 prodB= 12703 | db= 12886 cal= 12019 ota=  62445 otap=  64148 acked= 149540 e2e= 25319/s | p50=6258.69 p99=17694.72 ms | lag avail=10022 prices=11041 otaSync=9757 otaPrices=8655 | ackErr=0 pushErr=0 shed=0 gor=16641
[12:19:13] prodA= 13396 prodB= 13420 | db= 12766 cal= 12237 ota=  64261 otap=  58555 acked= 149220 e2e= 24563/s | p50=6127.62 p99=17694.72 ms | lag avail=10652 prices=12224 otaSync=9295 otaPrices=8988 | ackErr=0 pushErr=0 shed=0 gor=18220
[12:19:14] prodA= 13113 prodB= 13133 | db= 12443 cal= 12502 ota=  65590 otap=  62991 acked= 155685 e2e= 25716/s | p50=6193.15 p99=17694.72 ms | lag avail=11322 prices=12855 otaSync=9370 otaPrices=8751 | ackErr=0 pushErr=0 shed=0 gor=16073
[12:19:15] prodA= 12651 prodB= 12599 | db= 13388 cal= 11905 ota=  62939 otap=  62254 acked= 145962 e2e= 25039/s | p50=6193.15 p99=17956.86 ms | lag avail=10585 prices=13549 otaSync=9315 otaPrices=8403 | ackErr=0 pushErr=0 shed=0 gor=16272
[12:19:16] prodA= 10335 prodB= 10416 | db= 10243 cal= 13095 ota=  56254 otap=  54647 acked= 136884 e2e= 22180/s | p50=6193.15 p99=17694.72 ms | lag avail=10677 prices=10870 otaSync=8533 otaPrices=10458 | ackErr=0 pushErr=0 shed=0 gor=16075
[12:19:17] prodA= 12869 prodB= 12949 | db= 13071 cal= 12357 ota=  59992 otap=  67820 acked= 154669 e2e= 25562/s | p50=6324.22 p99=17956.86 ms | lag avail=10475 prices=11462 otaSync=9434 otaPrices=9268 | ackErr=0 pushErr=0 shed=0 gor=19078
[12:19:18] prodA= 11925 prodB= 11921 | db= 12344 cal= 12492 ota=  63040 otap=  65685 acked= 146679 e2e= 25745/s | p50=6324.22 p99=17694.72 ms | lag avail=10056 prices=10891 otaSync=9361 otaPrices=8551 | ackErr=0 pushErr=0 shed=0 gor=11656
[12:19:19] prodA= 12710 prodB= 12627 | db= 12710 cal= 13105 ota=  63375 otap=  62073 acked= 155208 e2e= 25090/s | p50=6258.69 p99=18219.01 ms | lag avail=10056 prices=10413 otaSync=9686 otaPrices=9570 | ackErr=0 pushErr=0 shed=0 gor=15866
[12:19:20] prodA= 12164 prodB= 12274 | db= 12255 cal= 12392 ota=  61667 otap=  62867 acked= 149572 e2e= 24907/s | p50=6193.15 p99=17956.86 ms | lag avail=9965 prices=10295 otaSync=9971 otaPrices=9380 | ackErr=0 pushErr=0 shed=0 gor=13333
[12:19:21] prodA= 12811 prodB= 12732 | db= 12413 cal= 12213 ota=  63812 otap=  62138 acked= 145978 e2e= 25190/s | p50=6324.22 p99=17956.86 ms | lag avail=10363 prices=10814 otaSync=8828 otaPrices=8969 | ackErr=0 pushErr=0 shed=0 gor=13030
[12:19:22] prodA= 13129 prodB= 13037 | db= 12954 cal= 12396 ota=  64417 otap=  60692 acked= 150645 e2e= 25022/s | p50=6258.69 p99=18481.15 ms | lag avail=10538 prices=11455 otaSync=9042 otaPrices=9558 | ackErr=0 pushErr=0 shed=0 gor=13778
[12:19:23] prodA= 13564 prodB= 13565 | db= 12892 cal= 12714 ota=  62877 otap=  62073 acked= 158649 e2e= 24990/s | p50=6258.69 p99=18219.01 ms | lag avail=11210 prices=12306 otaSync=9599 otaPrices=9976 | ackErr=0 pushErr=0 shed=0 gor=23079
[12:19:24] prodA= 12164 prodB= 12110 | db= 12931 cal= 12273 ota=  62348 otap=  62774 acked= 148326 e2e= 25024/s | p50=6324.22 p99=18481.15 ms | lag avail=10443 prices=12143 otaSync=9707 otaPrices=9571 | ackErr=0 pushErr=0 shed=0 gor=14671
[12:19:25] prodA= 12769 prodB= 12721 | db= 12676 cal= 13099 ota=  63712 otap=  62719 acked= 148730 e2e= 25286/s | p50=6193.15 p99=17956.86 ms | lag avail=10536 prices=11765 otaSync=9810 otaPrices=9870 | ackErr=0 pushErr=0 shed=0 gor=15536
[12:19:26] prodA= 10759 prodB= 10697 | db= 10555 cal= 11623 ota=  53801 otap=  58735 acked= 132184 e2e= 22507/s | p50=6324.22 p99=18481.15 ms | lag avail=10740 prices=10839 otaSync=9671 otaPrices=9428 | ackErr=0 pushErr=0 shed=0 gor=10629
[12:19:27] prodA=  7702 prodB=  7723 | db=  7961 cal=  8070 ota=  33294 otap=  36570 acked=  95343 e2e= 13973/s | p50=6782.98 p99=18743.30 ms | lag avail=10481 prices=10492 otaSync=11152 otaPrices=10609 | ackErr=0 pushErr=0 shed=0 gor=19756
[12:19:28] prodA= 12093 prodB= 12163 | db= 12404 cal= 11431 ota=  63510 otap=  62134 acked= 146463 e2e= 25129/s | p50=6782.98 p99=19267.58 ms | lag avail=10170 prices=11224 otaSync=10450 otaPrices=9474 | ackErr=0 pushErr=0 shed=0 gor=16355
[12:19:29] prodA= 13530 prodB= 13413 | db= 13611 cal= 13035 ota=  66023 otap=  61968 acked= 155740 e2e= 25598/s | p50=6651.90 p99=19267.58 ms | lag avail=10089 prices=11602 otaSync=10870 otaPrices=10269 | ackErr=0 pushErr=0 shed=0 gor=20828
[12:19:30] prodA= 11507 prodB= 11631 | db= 11701 cal= 12058 ota=  63751 otap=  65680 acked= 145691 e2e= 25886/s | p50=6651.90 p99=19005.44 ms | lag avail=9895 prices=11175 otaSync=9927 otaPrices=9514 | ackErr=0 pushErr=0 shed=0 gor=15495
[12:19:31] prodA= 13279 prodB= 13170 | db= 12738 cal= 12815 ota=  67038 otap=  61197 acked= 161880 e2e= 25647/s | p50=6651.90 p99=19267.58 ms | lag avail=10436 prices=11530 otaSync=9063 otaPrices=9682 | ackErr=0 pushErr=0 shed=0 gor=14284
[12:19:32] prodA= 12542 prodB= 12462 | db= 11972 cal= 12664 ota=  59877 otap=  63417 acked= 142212 e2e= 24659/s | p50=6651.90 p99=19005.44 ms | lag avail=11006 prices=11328 otaSync=9115 otaPrices=9706 | ackErr=0 pushErr=0 shed=0 gor=12236
[12:19:33] prodA= 13130 prodB= 13166 | db= 13499 cal= 13010 ota=  63000 otap=  65077 acked= 156667 e2e= 25615/s | p50=6651.90 p99=19529.73 ms | lag avail=10637 prices=11484 otaSync=9780 otaPrices=9250 | ackErr=0 pushErr=0 shed=0 gor=19457
[12:19:34] prodA= 12778 prodB= 12805 | db= 12441 cal= 12243 ota=  64540 otap=  62437 acked= 155191 e2e= 25395/s | p50=6586.37 p99=18743.30 ms | lag avail=10974 prices=12046 otaSync=9383 otaPrices=9488 | ackErr=0 pushErr=0 shed=0 gor=11488
[12:19:35] prodA= 12408 prodB= 12347 | db= 12453 cal= 11296 ota=  61301 otap=  62779 acked= 145482 e2e= 24816/s | p50=6651.90 p99=19267.58 ms | lag avail=10929 prices=13097 otaSync=9620 otaPrices=7796 | ackErr=0 pushErr=0 shed=0 gor=16631
[12:19:36] prodA= 13019 prodB= 13090 | db= 13805 cal= 12911 ota=  65723 otap=  58047 acked= 151332 e2e= 24754/s | p50=6455.30 p99=19005.44 ms | lag avail=10143 prices=13276 otaSync=10545 otaPrices=9604 | ackErr=0 pushErr=0 shed=0 gor=19956
[12:19:37] prodA= 12328 prodB= 12350 | db= 12635 cal= 12291 ota=  65721 otap=  62380 acked= 157836 e2e= 25620/s | p50=6520.83 p99=19267.58 ms | lag avail=9836 prices=13335 otaSync=9914 otaPrices=9185 | ackErr=0 pushErr=0 shed=0 gor=17649
[12:19:38] prodA= 13353 prodB= 13237 | db= 13129 cal= 12589 ota=  66939 otap=  65118 acked= 151011 e2e= 26411/s | p50=6586.37 p99=19267.58 ms | lag avail=10060 prices=13983 otaSync=9732 otaPrices=9096 | ackErr=0 pushErr=0 shed=0 gor=20371
[12:19:39] prodA= 12285 prodB= 12131 | db= 11790 cal= 12895 ota=  60641 otap=  59530 acked= 147259 e2e= 24034/s | p50=6389.76 p99=19529.73 ms | lag avail=10555 prices=13219 otaSync=9977 otaPrices=9758 | ackErr=0 pushErr=0 shed=0 gor=21026
[12:19:40] prodA= 12035 prodB= 11911 | db= 12268 cal= 11898 ota=  62363 otap=  64118 acked= 147675 e2e= 25296/s | p50=6520.83 p99=19529.73 ms | lag avail=10322 prices=13232 otaSync=8990 otaPrices=9079 | ackErr=0 pushErr=0 shed=0 gor=16287
[12:19:41] prodA= 13546 prodB= 13633 | db= 13663 cal= 13435 ota=  64124 otap=  63954 acked= 160174 e2e= 25616/s | p50=6520.83 p99=18743.30 ms | lag avail=10205 prices=13430 otaSync=9641 otaPrices=9303 | ackErr=0 pushErr=0 shed=0 gor=22512
[12:19:42] prodA= 12285 prodB= 12176 | db= 12189 cal= 12371 ota=  60798 otap=  60705 acked= 142803 e2e= 24301/s | p50=6455.30 p99=19529.73 ms | lag avail=10301 prices=13235 otaSync=10296 otaPrices=10349 | ackErr=0 pushErr=0 shed=0 gor=20668
[12:19:43] prodA= 12623 prodB= 12626 | db= 12105 cal= 12423 ota=  60409 otap=  61046 acked= 142446 e2e= 24291/s | p50=6586.37 p99=19005.44 ms | lag avail=10819 prices=13438 otaSync=9944 otaPrices=10905 | ackErr=0 pushErr=0 shed=0 gor=21630
[12:19:44] prodA= 13218 prodB= 13245 | db= 13647 cal= 12941 ota=  67320 otap=  66401 acked= 163816 e2e= 26744/s | p50=6520.83 p99=19267.58 ms | lag avail=10390 prices=13742 otaSync=9899 otaPrices=9820 | ackErr=0 pushErr=0 shed=0 gor=22176
[12:19:45] prodA= 12347 prodB= 12218 | db= 12479 cal= 11461 ota=  65304 otap=  62850 acked= 146689 e2e= 25631/s | p50=6455.30 p99=19005.44 ms | lag avail=10258 prices=14499 otaSync=9693 otaPrices=8608 | ackErr=0 pushErr=0 shed=0 gor=15002
[12:19:46] prodA= 13350 prodB= 13424 | db= 13424 cal= 12418 ota=  66334 otap=  62812 acked= 160730 e2e= 25829/s | p50=6389.76 p99=19267.58 ms | lag avail=10184 prices=15505 otaSync=9629 otaPrices=8923 | ackErr=0 pushErr=0 shed=0 gor=23868
[12:19:47] prodA= 12883 prodB= 12829 | db= 12491 cal= 12535 ota=  63448 otap=  55811 acked= 149179 e2e= 23852/s | p50=6324.22 p99=19529.73 ms | lag avail=10576 prices=15799 otaSync=10228 otaPrices=9806 | ackErr=0 pushErr=0 shed=0 gor=20290
[12:19:48] prodA= 12542 prodB= 12397 | db= 13551 cal= 13509 ota=  64093 otap=  63482 acked= 151183 e2e= 25515/s | p50=6389.76 p99=19791.87 ms | lag avail=9567 prices=14687 otaSync=10262 otaPrices=10949 | ackErr=0 pushErr=0 shed=0 gor=23105
[12:19:49] prodA= 11892 prodB= 11876 | db= 11228 cal= 11790 ota=  64847 otap=  62550 acked= 146015 e2e= 25479/s | p50=6389.76 p99=19267.58 ms | lag avail=10231 prices=14773 otaSync=8551 otaPrices=9941 | ackErr=0 pushErr=0 shed=0 gor=21373
[12:19:50] prodA= 12481 prodB= 12564 | db= 12450 cal= 12352 ota=  57675 otap=  62700 acked= 152044 e2e= 24075/s | p50=6324.22 p99=19529.73 ms | lag avail=10262 prices=14985 otaSync=9268 otaPrices=9933 | ackErr=0 pushErr=0 shed=0 gor=21650
[12:19:51] prodA= 12015 prodB= 11891 | db= 12527 cal= 12205 ota=  60869 otap=  61523 acked= 146953 e2e= 24478/s | p50=6258.69 p99=19529.73 ms | lag avail=9750 prices=14671 otaSync=10070 otaPrices=9790 | ackErr=0 pushErr=0 shed=0 gor=23644
[12:19:52] prodA= 12100 prodB= 12030 | db= 12466 cal= 12448 ota=  63164 otap=  63767 acked= 148865 e2e= 25386/s | p50=6455.30 p99=19267.58 ms | lag avail=9384 prices=14253 otaSync=9536 otaPrices=8928 | ackErr=0 pushErr=0 shed=0 gor=22091
[12:19:53] prodA= 12846 prodB= 12826 | db= 11984 cal= 12176 ota=  62841 otap=  61573 acked= 147220 e2e= 24883/s | p50=6389.76 p99=19529.73 ms | lag avail=10246 prices=14903 otaSync=8875 otaPrices=8979 | ackErr=0 pushErr=0 shed=0 gor=21051
[12:19:54] prodA= 13067 prodB= 13109 | db= 12915 cal= 12740 ota=  61951 otap=  60390 acked= 151290 e2e= 24468/s | p50=6324.22 p99=19791.87 ms | lag avail=10398 prices=15272 otaSync=9760 otaPrices=9825 | ackErr=0 pushErr=0 shed=0 gor=28632
[12:19:55] prodA= 12404 prodB= 11963 | db= 12424 cal= 12438 ota=  63377 otap=  62857 acked= 152083 e2e= 25247/s | p50=6258.69 p99=19791.87 ms | lag avail=10378 prices=14797 otaSync=9685 otaPrices=10074 | ackErr=0 pushErr=0 shed=0 gor=26933
[12:19:56] prodA= 12664 prodB= 12295 | db= 12507 cal= 11575 ota=  63091 otap=  62210 acked= 144020 e2e= 25060/s | p50=6324.22 p99=19267.58 ms | lag avail=10535 prices=15517 otaSync=9176 otaPrices=8975 | ackErr=0 pushErr=0 shed=0 gor=21277
[12:19:57] prodA= 13109 prodB= 13142 | db= 13398 cal= 13677 ota=  65794 otap=  60012 acked= 157022 e2e= 25161/s | p50=6324.22 p99=19791.87 ms | lag avail=10246 prices=14982 otaSync=9530 otaPrices=10399 | ackErr=0 pushErr=0 shed=0 gor=24883
[12:19:58] prodA=  6729 prodB=  6648 | db=  6152 cal= 10765 ota=  35562 otap=  39212 acked=  84636 e2e= 14955/s | p50=6586.37 p99=20054.02 ms | lag avail=10823 prices=10865 otaSync=8242 otaPrices=13276 | ackErr=0 pushErr=0 shed=0 gor=17146
[12:19:59] prodA= 11336 prodB= 11331 | db= 11028 cal= 10962 ota=  54786 otap=  71079 acked= 150523 e2e= 25173/s | p50=6782.98 p99=20054.02 ms | lag avail=11131 prices=11234 otaSync=8643 otaPrices=9712 | ackErr=0 pushErr=0 shed=0 gor=20096
[12:20:00] prodA= 12810 prodB= 12810 | db= 13402 cal= 12260 ota=  64163 otap=  65758 acked= 156988 e2e= 25984/s | p50=6586.37 p99=20316.16 ms | lag avail=10539 prices=11784 otaSync=9022 otaPrices=9645 | ackErr=0 pushErr=0 shed=0 gor=18375
[12:20:01] prodA= 12437 prodB= 12492 | db= 12600 cal= 12469 ota=  62338 otap=  60124 acked= 146988 e2e= 24492/s | p50=6651.90 p99=20054.02 ms | lag avail=10376 prices=11807 otaSync=9010 otaPrices=9785 | ackErr=0 pushErr=0 shed=0 gor=21914
[12:20:02] prodA= 12966 prodB= 12904 | db= 12808 cal= 12376 ota=  62350 otap=  64366 acked= 151895 e2e= 25343/s | p50=6651.90 p99=20316.16 ms | lag avail=10534 prices=12335 otaSync=9247 otaPrices=9202 | ackErr=0 pushErr=0 shed=0 gor=18285
[12:20:03] prodA= 12506 prodB= 12380 | db= 13141 cal= 12772 ota=  61109 otap=  61504 acked= 154354 e2e= 24523/s | p50=6782.98 p99=20578.30 ms | lag avail=9899 prices=11943 otaSync=10389 otaPrices=9769 | ackErr=0 pushErr=0 shed=0 gor=18225
[12:20:04] prodA= 12200 prodB= 12179 | db= 11847 cal= 11604 ota=  64198 otap=  62934 acked= 143031 e2e= 25426/s | p50=6717.44 p99=20578.30 ms | lag avail=10252 prices=12518 otaSync=10042 otaPrices=8640 | ackErr=0 pushErr=0 shed=0 gor=18858
[12:20:05] prodA= 12311 prodB= 12277 | db= 12934 cal= 12439 ota=  64572 otap=  60983 acked= 149010 e2e= 25111/s | p50=6586.37 p99=20578.30 ms | lag avail=9629 prices=12356 otaSync=10396 otaPrices=8763 | ackErr=0 pushErr=0 shed=0 gor=17065
[12:20:06] prodA= 12116 prodB= 12263 | db= 11668 cal= 13178 ota=  61870 otap=  64300 acked= 151352 e2e= 25234/s | p50=6848.51 p99=20578.30 ms | lag avail=10077 prices=11441 otaSync=8656 otaPrices=9161 | ackErr=0 pushErr=0 shed=0 gor=17889
[12:20:07] prodA= 12879 prodB= 12892 | db= 12690 cal= 13232 ota=  60414 otap=  64148 acked= 153765 e2e= 24912/s | p50=6651.90 p99=20578.30 ms | lag avail=10266 prices=11101 otaSync=9408 otaPrices=9701 | ackErr=0 pushErr=0 shed=0 gor=17520
[12:20:08] prodA= 12623 prodB= 12631 | db= 12516 cal= 12937 ota=  63322 otap=  63471 acked= 160409 e2e= 25359/s | p50=6651.90 p99=20578.30 ms | lag avail=10373 prices=10795 otaSync=9134 otaPrices=9986 | ackErr=0 pushErr=0 shed=0 gor=17068
[12:20:09] prodA= 11981 prodB= 11943 | db= 11774 cal= 12132 ota=  58338 otap=  58927 acked= 137009 e2e= 23453/s | p50=6520.83 p99=20316.16 ms | lag avail=10580 prices=10606 otaSync=9855 otaPrices=10282 | ackErr=0 pushErr=0 shed=0 gor=20318
[12:20:10] prodA= 12003 prodB= 12038 | db= 12054 cal= 11682 ota=  59149 otap=  60472 acked= 140901 e2e= 23924/s | p50=6717.44 p99=20578.30 ms | lag avail=10529 prices=10962 otaSync=10329 otaPrices=10374 | ackErr=0 pushErr=0 shed=0 gor=18841
[12:20:11] prodA= 12786 prodB= 12725 | db= 12800 cal= 11701 ota=  64029 otap=  62992 acked= 154732 e2e= 25404/s | p50=6848.51 p99=20578.30 ms | lag avail=10515 prices=11986 otaSync=9737 otaPrices=10056 | ackErr=0 pushErr=0 shed=0 gor=11492
[12:20:12] prodA= 13517 prodB= 13560 | db= 13301 cal= 13163 ota=  66011 otap=  60227 acked= 149618 e2e= 25248/s | p50=6717.44 p99=20840.45 ms | lag avail=10731 prices=12383 otaSync=9679 otaPrices=10855 | ackErr=0 pushErr=0 shed=0 gor=19603
[12:20:13] prodA= 12546 prodB= 12606 | db= 12268 cal= 12503 ota=  64289 otap=  65769 acked= 152320 e2e= 26012/s | p50=6651.90 p99=20840.45 ms | lag avail=11009 prices=12486 otaSync=9163 otaPrices=9975 | ackErr=0 pushErr=0 shed=0 gor=16505
[12:20:14] prodA= 12587 prodB= 12713 | db= 13530 cal= 12870 ota=  60570 otap=  61169 acked= 152253 e2e= 24348/s | p50=6651.90 p99=20840.45 ms | lag avail=10066 prices=12329 otaSync=10750 otaPrices=10455 | ackErr=0 pushErr=0 shed=0 gor=21946
[12:20:15] prodA= 12672 prodB= 12752 | db= 12707 cal= 11863 ota=  67612 otap=  65295 acked= 155931 e2e= 26581/s | p50=6717.44 p99=21102.59 ms | lag avail=10031 prices=13218 otaSync=9627 otaPrices=8988 | ackErr=0 pushErr=0 shed=0 gor=20749
[12:20:16] prodA= 13538 prodB= 13638 | db= 12915 cal= 12538 ota=  64346 otap=  62713 acked= 149196 e2e= 25412/s | p50=6586.37 p99=20840.45 ms | lag avail=10654 prices=14318 otaSync=9970 otaPrices=9120 | ackErr=0 pushErr=0 shed=0 gor=19974
[12:20:17] prodA= 13001 prodB= 13061 | db= 12800 cal= 12540 ota=  65149 otap=  61155 acked= 154817 e2e= 25261/s | p50=6520.83 p99=20840.45 ms | lag avail=10855 prices=14839 otaSync=9823 otaPrices=9421 | ackErr=0 pushErr=0 shed=0 gor=24037
[12:20:18] prodA= 12796 prodB= 12672 | db= 13702 cal= 12208 ota=  62440 otap=  60727 acked= 152576 e2e= 24633/s | p50=6586.37 p99=20578.30 ms | lag avail=9949 prices=15303 otaSync=11173 otaPrices=9061 | ackErr=0 pushErr=0 shed=0 gor=25307
[12:20:19] prodA=  7529 prodB=  7531 | db=  6908 cal= 11979 ota=  36920 otap=  38564 acked=  91927 e2e= 15097/s | p50=6782.98 p99=21364.74 ms | lag avail=10570 prices=10855 otaSync=11215 otaPrices=13539 | ackErr=0 pushErr=0 shed=0 gor=15720
[12:20:20] prodA= 11670 prodB= 11703 | db= 11895 cal= 10990 ota=  59482 otap=  72146 acked= 145362 e2e= 26326/s | p50=7045.12 p99=21364.74 ms | lag avail=10345 prices=11568 otaSync=11407 otaPrices=10752 | ackErr=0 pushErr=0 shed=0 gor=14257
[12:20:21] prodA= 12554 prodB= 12647 | db= 12741 cal= 13378 ota=  65586 otap=  61536 acked= 159346 e2e= 25424/s | p50=6848.51 p99=20840.45 ms | lag avail=10158 prices=10837 otaSync=10461 otaPrices=11365 | ackErr=0 pushErr=0 shed=0 gor=19682
[12:20:22] prodA= 12213 prodB= 12361 | db= 11834 cal= 12846 ota=  62334 otap=  66318 acked= 157624 e2e= 25730/s | p50=6717.44 p99=21102.59 ms | lag avail=10537 prices=10352 otaSync=9329 otaPrices=10928 | ackErr=0 pushErr=0 shed=0 gor=19428
[12:20:23] prodA= 12505 prodB= 12604 | db= 12836 cal= 12029 ota=  62980 otap=  66431 acked= 152252 e2e= 25882/s | p50=6848.51 p99=20840.45 ms | lag avail=10206 prices=10927 otaSync=9841 otaPrices=9287 | ackErr=0 pushErr=0 shed=0 gor=16036
[12:20:24] prodA= 13330 prodB= 13321 | db= 12992 cal= 12983 ota=  62026 otap=  65717 acked= 151153 e2e= 25549/s | p50=6782.98 p99=21102.59 ms | lag avail=10544 prices=11265 otaSync=10475 otaPrices=9605 | ackErr=0 pushErr=0 shed=0 gor=15204
[12:20:25] prodA= 12486 prodB= 12575 | db= 12381 cal= 12661 ota=  62223 otap=  61996 acked= 147219 e2e= 24844/s | p50=6848.51 p99=21102.59 ms | lag avail=10649 prices=11179 otaSync=10491 otaPrices=9832 | ackErr=0 pushErr=0 shed=0 gor=18915
[12:20:26] prodA= 13015 prodB= 12914 | db= 12748 cal= 12845 ota=  64676 otap=  65973 acked= 160367 e2e= 26130/s | p50=6979.58 p99=21102.59 ms | lag avail=10916 prices=11248 otaSync=9969 otaPrices=9235 | ackErr=0 pushErr=0 shed=0 gor=15645
[12:20:27] prodA= 13039 prodB= 12858 | db= 12684 cal= 12368 ota=  61811 otap=  62167 acked= 149873 e2e= 24796/s | p50=6782.98 p99=21364.74 ms | lag avail=11271 prices=11738 otaSync=10282 otaPrices=9873 | ackErr=0 pushErr=0 shed=0 gor=21776
[12:20:28] prodA= 12252 prodB= 12103 | db= 12365 cal= 12172 ota=  63757 otap=  58789 acked= 146754 e2e= 24509/s | p50=6848.51 p99=21102.59 ms | lag avail=11158 prices=11669 otaSync=10389 otaPrices=9415 | ackErr=0 pushErr=0 shed=0 gor=21049
[12:20:29] prodA= 10981 prodB= 10958 | db= 12058 cal= 11325 ota=  57242 otap=  56132 acked= 139125 e2e= 22675/s | p50=6979.58 p99=21364.74 ms | lag avail=10081 prices=11302 otaSync=10874 otaPrices=9632 | ackErr=0 pushErr=0 shed=0 gor=17111
[12:20:30] prodA= 11893 prodB= 11970 | db= 11743 cal= 12437 ota=  65703 otap=  60856 acked= 146560 e2e= 25312/s | p50=6848.51 p99=21102.59 ms | lag avail=10231 prices=10835 otaSync=9820 otaPrices=9651 | ackErr=0 pushErr=0 shed=0 gor=11657
[12:20:31] prodA= 13229 prodB= 13175 | db= 12455 cal= 12206 ota=  58173 otap=  63493 acked= 146446 e2e= 24333/s | p50=6717.44 p99=21626.88 ms | lag avail=11005 prices=11804 otaSync=9840 otaPrices=9400 | ackErr=0 pushErr=0 shed=0 gor=18553
[12:20:32] prodA= 12521 prodB= 12476 | db= 13354 cal= 11981 ota=  65462 otap=  61442 acked= 150042 e2e= 25381/s | p50=6914.05 p99=21102.59 ms | lag avail=10172 prices=12299 otaSync=10391 otaPrices=9525 | ackErr=0 pushErr=0 shed=0 gor=15333
[12:20:33] prodA= 12257 prodB= 12187 | db= 11928 cal= 12205 ota=  66670 otap=  61441 acked= 150795 e2e= 25622/s | p50=6782.98 p99=21626.88 ms | lag avail=10501 prices=12281 otaSync=8936 otaPrices=9026 | ackErr=0 pushErr=0 shed=0 gor=17361
[12:20:34] prodA= 12672 prodB= 12578 | db= 13027 cal= 12250 ota=  63918 otap=  60448 acked= 149692 e2e= 24873/s | p50=6914.05 p99=21364.74 ms | lag avail=10146 prices=12609 otaSync=9139 otaPrices=8772 | ackErr=0 pushErr=0 shed=0 gor=16801
[12:20:35] prodA= 12573 prodB= 12616 | db= 12035 cal= 13755 ota=  59486 otap=  60624 acked= 153861 e2e= 24022/s | p50=7045.12 p99=21364.74 ms | lag avail=10684 prices=11470 otaSync=8923 otaPrices=11321 | ackErr=0 pushErr=0 shed=0 gor=17658
[12:20:36] prodA= 12998 prodB= 12888 | db= 12284 cal= 11386 ota=  60065 otap=  65511 acked= 145322 e2e= 25115/s | p50=6848.51 p99=21102.59 ms | lag avail=11398 prices=12972 otaSync=9767 otaPrices=9536 | ackErr=0 pushErr=0 shed=0 gor=21384
[12:20:37] prodA= 13111 prodB= 13029 | db= 13803 cal= 12632 ota=  64851 otap=  61442 acked= 152429 e2e= 25259/s | p50=6782.98 p99=22151.17 ms | lag avail=10706 prices=13369 otaSync=10164 otaPrices=9371 | ackErr=0 pushErr=0 shed=0 gor=18765
[12:20:38] prodA= 12133 prodB= 12104 | db= 12237 cal= 12307 ota=  64591 otap=  60192 acked= 150880 e2e= 24957/s | p50=6848.51 p99=21889.02 ms | lag avail=10602 prices=13166 otaSync=9956 otaPrices=9592 | ackErr=0 pushErr=0 shed=0 gor=18301
[12:20:39] prodA= 12522 prodB= 12504 | db= 12751 cal= 12016 ota=  64908 otap=  62764 acked= 148801 e2e= 25534/s | p50=6717.44 p99=21626.88 ms | lag avail=10373 prices=13654 otaSync=9234 otaPrices=9213 | ackErr=0 pushErr=0 shed=0 gor=16716
[12:20:40] prodA= 12250 prodB= 12200 | db= 12396 cal= 12846 ota=  60266 otap=  58565 acked= 142322 e2e= 23766/s | p50=6717.44 p99=21626.88 ms | lag avail=10227 prices=13008 otaSync=9409 otaPrices=9918 | ackErr=0 pushErr=0 shed=0 gor=19707
[12:20:41] prodA= 12346 prodB= 12337 | db= 11753 cal= 12513 ota=  59311 otap=  63083 acked= 150429 e2e= 24479/s | p50=6782.98 p99=21626.88 ms | lag avail=10820 prices=12832 otaSync=9297 otaPrices=10273 | ackErr=0 pushErr=0 shed=0 gor=21336
[12:20:42] prodA= 12140 prodB= 12150 | db= 12373 cal= 12591 ota=  60573 otap=  62940 acked= 142796 e2e= 24703/s | p50=6782.98 p99=22413.31 ms | lag avail=10587 prices=12391 otaSync=10330 otaPrices=10624 | ackErr=0 pushErr=0 shed=0 gor=10547
[12:20:43] prodA= 11407 prodB= 11345 | db= 11276 cal= 11779 ota=  56588 otap=  58753 acked= 143083 e2e= 23068/s | p50=6914.05 p99=22151.17 ms | lag avail=10718 prices=11957 otaSync=9692 otaPrices=10254 | ackErr=0 pushErr=0 shed=0 gor=19838
[12:20:44] prodA= 13306 prodB= 13260 | db= 13576 cal= 12759 ota=  63809 otap=  65969 acked= 159720 e2e= 25956/s | p50=6979.58 p99=22151.17 ms | lag avail=10448 prices=12458 otaSync=10552 otaPrices=10513 | ackErr=0 pushErr=0 shed=0 gor=22203
[12:20:45] prodA= 12493 prodB= 12471 | db= 12354 cal= 11104 ota=  65609 otap=  60870 acked= 146319 e2e= 25296/s | p50=6914.05 p99=22675.46 ms | lag avail=10587 prices=13825 otaSync=10242 otaPrices=8293 | ackErr=0 pushErr=0 shed=0 gor=19856
[12:20:46] prodA= 12929 prodB= 13035 | db= 13382 cal= 12191 ota=  69668 otap=  58689 acked= 155097 e2e= 25671/s | p50=6848.51 p99=22413.31 ms | lag avail=10134 prices=14669 otaSync=8909 otaPrices=8966 | ackErr=0 pushErr=0 shed=0 gor=20797
[12:20:47] prodA= 12393 prodB= 12572 | db= 12591 cal= 12389 ota=  62693 otap=  57627 acked= 151166 e2e= 24064/s | p50=6782.98 p99=21889.02 ms | lag avail=9936 prices=14852 otaSync=9258 otaPrices=10826 | ackErr=0 pushErr=0 shed=0 gor=19385
[12:20:48] prodA= 12967 prodB= 13249 | db= 13063 cal= 12659 ota=  65575 otap=  66957 acked= 156588 e2e= 26506/s | p50=6717.44 p99=22413.31 ms | lag avail=9840 prices=15442 otaSync=9036 otaPrices=9653 | ackErr=0 pushErr=0 shed=0 gor=23983
[12:20:49] prodA= 12290 prodB= 12278 | db= 12369 cal= 12626 ota=  62658 otap=  61478 acked= 145150 e2e= 24827/s | p50=6782.98 p99=22413.31 ms | lag avail=9761 prices=15094 otaSync=8913 otaPrices=9481 | ackErr=0 pushErr=0 shed=0 gor=22336
[12:20:50] prodA=  5609 prodB=  5660 | db=  5508 cal=  8842 ota=  27885 otap=  28525 acked=  75543 e2e= 11282/s | p50=6979.58 p99=22413.31 ms | lag avail=9862 prices=11912 otaSync=9134 otaPrices=12635 | ackErr=0 pushErr=0 shed=0 gor=17040
[12:20:51] prodA= 11811 prodB= 11827 | db= 11247 cal= 12717 ota=  55120 otap=  71877 acked= 149162 e2e= 25399/s | p50=7241.73 p99=22675.46 ms | lag avail=10426 prices=11022 otaSync=9564 otaPrices=10963 | ackErr=0 pushErr=0 shed=0 gor=20757
[12:20:52] prodA= 12503 prodB= 12460 | db= 12370 cal= 11682 ota=  57663 otap=  68300 acked= 144594 e2e= 25193/s | p50=7438.34 p99=22675.46 ms | lag avail=10559 prices=11800 otaSync=10084 otaPrices=10088 | ackErr=0 pushErr=0 shed=0 gor=13547
[12:20:53] prodA= 13233 prodB= 13046 | db= 12796 cal= 13451 ota=  63513 otap=  64265 acked= 156204 e2e= 25556/s | p50=7372.80 p99=22937.60 ms | lag avail=10996 prices=11395 otaSync=10226 otaPrices=9973 | ackErr=0 pushErr=0 shed=0 gor=18234
[12:20:54] prodA= 12327 prodB= 12262 | db= 13009 cal= 11915 ota=  63911 otap=  63601 acked= 150208 e2e= 25502/s | p50=7241.73 p99=22937.60 ms | lag avail=10314 prices=11742 otaSync=10480 otaPrices=9330 | ackErr=0 pushErr=0 shed=0 gor=15576
[12:20:55] prodA= 12446 prodB= 12355 | db= 12051 cal= 12533 ota=  64653 otap=  59949 acked= 147170 e2e= 24920/s | p50=7307.26 p99=23199.74 ms | lag avail=10709 prices=11564 otaSync=9628 otaPrices=9635 | ackErr=0 pushErr=0 shed=0 gor=13435
[12:20:56] prodA= 13010 prodB= 12859 | db= 12491 cal= 11738 ota=  62121 otap=  62616 acked= 153685 e2e= 24947/s | p50=7438.34 p99=22937.60 ms | lag avail=11228 prices=12685 otaSync=9532 otaPrices=8728 | ackErr=0 pushErr=0 shed=0 gor=21534
[12:20:57] prodA= 12119 prodB= 12118 | db= 13063 cal= 11723 ota=  65356 otap=  59269 acked= 142793 e2e= 24925/s | p50=7241.73 p99=22937.60 ms | lag avail=10284 prices=13080 otaSync=9504 otaPrices=8699 | ackErr=0 pushErr=0 shed=0 gor=15023
[12:20:58] prodA= 12536 prodB= 12491 | db= 12998 cal= 13135 ota=  65991 otap=  60943 acked= 159610 e2e= 25387/s | p50=7241.73 p99=23461.89 ms | lag avail=9822 prices=12436 otaSync=9423 otaPrices=9317 | ackErr=0 pushErr=0 shed=0 gor=18633
[12:20:59] prodA= 12438 prodB= 12590 | db= 12383 cal= 13483 ota=  57650 otap=  61841 acked= 149222 e2e= 23898/s | p50=7307.26 p99=22675.46 ms | lag avail=9877 prices=11543 otaSync=10318 otaPrices=10615 | ackErr=0 pushErr=0 shed=0 gor=20113
[12:21:00] prodA= 12175 prodB= 12073 | db= 11801 cal= 12677 ota=  59942 otap=  63926 acked= 144278 e2e= 24774/s | p50=7241.73 p99=23199.74 ms | lag avail=10251 prices=10939 otaSync=10184 otaPrices=10590 | ackErr=0 pushErr=0 shed=0 gor=18717
[12:21:01] prodA= 11305 prodB= 11364 | db= 10958 cal= 11297 ota=  57827 otap=  61040 acked= 137882 e2e= 23773/s | p50=7438.34 p99=23461.89 ms | lag avail=10598 prices=11006 otaSync=9501 otaPrices=9388 | ackErr=0 pushErr=0 shed=0 gor=11978
[12:21:02] prodA= 13272 prodB= 13290 | db= 13077 cal= 13130 ota=  60865 otap=  63205 acked= 155192 e2e= 24814/s | p50=7307.26 p99=23199.74 ms | lag avail=10793 prices=11166 otaSync=10574 otaPrices=10421 | ackErr=0 pushErr=0 shed=0 gor=17135
[12:21:03] prodA= 12449 prodB= 12446 | db= 12187 cal= 11984 ota=  62906 otap=  61355 acked= 145892 e2e= 24852/s | p50=7372.80 p99=22675.46 ms | lag avail=11055 prices=11628 otaSync=10325 otaPrices=10221 | ackErr=0 pushErr=0 shed=0 gor=19724
[12:21:04] prodA= 12473 prodB= 12278 | db= 12734 cal= 12050 ota=  63121 otap=  60455 acked= 150141 e2e= 24715/s | p50=7372.80 p99=23461.89 ms | lag avail=10794 prices=11856 otaSync=9670 otaPrices=10146 | ackErr=0 pushErr=0 shed=0 gor=19275
[12:21:05] prodA= 12777 prodB= 12611 | db= 12960 cal= 12830 ota=  67794 otap=  64262 acked= 151909 e2e= 26411/s | p50=7307.26 p99=23461.89 ms | lag avail=10611 prices=11637 otaSync=9889 otaPrices=9673 | ackErr=0 pushErr=0 shed=0 gor=17063
[12:21:06] prodA= 13118 prodB= 13214 | db= 12804 cal= 13143 ota=  62508 otap=  63449 acked= 158800 e2e= 25191/s | p50=7503.87 p99=22937.60 ms | lag avail=10925 prices=11708 otaSync=10348 otaPrices=9956 | ackErr=0 pushErr=0 shed=0 gor=19197
[12:21:07] prodA= 12646 prodB= 12613 | db= 13135 cal= 11806 ota=  64990 otap=  63872 acked= 153378 e2e= 25772/s | p50=7438.34 p99=23199.74 ms | lag avail=10436 prices=12515 otaSync=9632 otaPrices=8970 | ackErr=0 pushErr=0 shed=0 gor=15054
[12:21:08] prodA= 12090 prodB= 12279 | db= 12481 cal= 12041 ota=  62568 otap=  61270 acked= 147725 e2e= 24768/s | p50=7372.80 p99=23461.89 ms | lag avail=10045 prices=12753 otaSync=9657 otaPrices=8796 | ackErr=0 pushErr=0 shed=0 gor=20208
[12:21:09] prodA= 11607 prodB= 11649 | db= 11274 cal= 12356 ota=  59082 otap=  58539 acked= 137781 e2e= 23524/s | p50=7176.19 p99=23199.74 ms | lag avail=10378 prices=12046 otaSync=9731 otaPrices=9916 | ackErr=0 pushErr=0 shed=0 gor=16327
[12:21:10] prodA= 12106 prodB= 12094 | db= 12893 cal= 12294 ota=  61651 otap=  59592 acked= 153301 e2e= 24249/s | p50=7372.80 p99=23724.03 ms | lag avail=9591 prices=11846 otaSync=10126 otaPrices=10449 | ackErr=0 pushErr=0 shed=0 gor=19537
[12:21:11] prodA= 13172 prodB= 13100 | db= 11419 cal= 13086 ota=  63121 otap=  63435 acked= 150855 e2e= 25311/s | p50=7438.34 p99=23461.89 ms | lag avail=11344 prices=11860 otaSync=8920 otaPrices=10255 | ackErr=0 pushErr=0 shed=0 gor=9552
[12:21:12] prodA= 12689 prodB= 12600 | db= 12284 cal= 12057 ota=  54451 otap=  61272 acked= 136615 e2e= 23145/s | p50=7372.80 p99=23199.74 ms | lag avail=11749 prices=12403 otaSync=10408 otaPrices=10663 | ackErr=0 pushErr=0 shed=0 gor=14416
[12:21:13] prodA= 12486 prodB= 12610 | db= 12804 cal= 12505 ota=  62396 otap=  64515 acked= 150739 e2e= 25382/s | p50=7307.26 p99=23461.89 ms | lag avail=11431 prices=12508 otaSync=11551 otaPrices=9854 | ackErr=0 pushErr=0 shed=0 gor=21842
[12:21:14] prodA= 11974 prodB= 12034 | db= 13084 cal= 11638 ota=  66119 otap=  61496 acked= 154872 e2e= 25523/s | p50=7503.87 p99=23461.89 ms | lag avail=10321 prices=12904 otaSync=11231 otaPrices=9165 | ackErr=0 pushErr=0 shed=0 gor=21258
[12:21:15] prodA= 12614 prodB= 12589 | db= 12314 cal= 12582 ota=  65840 otap=  58372 acked= 148348 e2e= 24842/s | p50=7307.26 p99=23724.03 ms | lag avail=10621 prices=12911 otaSync=10512 otaPrices=10237 | ackErr=0 pushErr=0 shed=0 gor=19583
[12:21:16] prodA= 12917 prodB= 13088 | db= 13400 cal= 13165 ota=  63688 otap=  64851 acked= 157178 e2e= 25708/s | p50=7372.80 p99=23724.03 ms | lag avail=10138 prices=12834 otaSync=10940 otaPrices=10146 | ackErr=0 pushErr=0 shed=0 gor=22270
[12:21:17] prodA= 12262 prodB= 12230 | db= 11390 cal= 12553 ota=  61814 otap=  62169 acked= 150811 e2e= 24797/s | p50=7307.26 p99=22937.60 ms | lag avail=11010 prices=12511 otaSync=8946 otaPrices=10240 | ackErr=0 pushErr=0 shed=0 gor=16216
[12:21:18] prodA= 12252 prodB= 12214 | db= 11890 cal= 12467 ota=  61091 otap=  63217 acked= 138263 e2e= 24862/s | p50=7438.34 p99=23986.18 ms | lag avail=11372 prices=12258 otaSync=8948 otaPrices=9862 | ackErr=0 pushErr=0 shed=0 gor=21592
[12:21:19] prodA= 12234 prodB= 12344 | db= 12685 cal= 12928 ota=  56050 otap=  61127 acked= 148081 e2e= 23435/s | p50=7307.26 p99=23986.18 ms | lag avail=10921 prices=11674 otaSync=10603 otaPrices=10541 | ackErr=0 pushErr=0 shed=0 gor=23131
[12:21:20] prodA= 12296 prodB=  9934 | db= 11753 cal= 11305 ota=  63241 otap=  65017 acked= 148530 e2e= 25652/s | p50=7307.26 p99=23724.03 ms | lag avail=11464 prices=10303 otaSync=9369 otaPrices=8857 | ackErr=0 pushErr=0 shed=0 gor=19639
[12:21:21] prodA= 10409 prodB= 10447 | db= 10319 cal=  9978 ota=  49988 otap=  49839 acked= 126949 e2e= 19965/s | p50=7438.34 p99=23724.03 ms | lag avail=11554 prices=10772 otaSync=10094 otaPrices=9516 | ackErr=0 pushErr=0 shed=0 gor=20090
[12:21:22] prodA= 12337 prodB= 12344 | db= 13138 cal= 12346 ota=  63539 otap=  61583 acked= 146582 e2e= 25024/s | p50=7438.34 p99=24248.32 ms | lag avail=10753 prices=10770 otaSync=10586 otaPrices=9479 | ackErr=0 pushErr=0 shed=0 gor=19638
[12:21:23] prodA= 11952 prodB= 11985 | db= 12228 cal= 11926 ota=  66301 otap=  62646 acked= 147617 e2e= 25789/s | p50=7569.41 p99=24248.32 ms | lag avail=10477 prices=10829 otaSync=9992 otaPrices=8591 | ackErr=0 pushErr=0 shed=0 gor=13138
[12:21:24] prodA= 13344 prodB= 13466 | db= 13357 cal= 13617 ota=  62195 otap=  62197 acked= 154116 e2e= 24878/s | p50=7569.41 p99=24510.46 ms | lag avail=10464 prices=10678 otaSync=10298 otaPrices=10181 | ackErr=0 pushErr=0 shed=0 gor=16978
[12:21:25] prodA= 12247 prodB= 12370 | db= 12582 cal= 12166 ota=  61397 otap=  61214 acked= 146357 e2e= 24522/s | p50=7438.34 p99=24510.46 ms | lag avail=10129 prices=10882 otaSync=10579 otaPrices=9925 | ackErr=0 pushErr=0 shed=0 gor=13557
[12:21:26] prodA= 12788 prodB= 12959 | db= 12220 cal= 12128 ota=  62332 otap=  61991 acked= 150364 e2e= 24865/s | p50=7503.87 p99=24248.32 ms | lag avail=10697 prices=11713 otaSync=9887 otaPrices=9784 | ackErr=0 pushErr=0 shed=0 gor=17853
[12:21:27] prodA=  8571 prodB=  8531 | db=  9174 cal=  9640 ota=  43359 otap=  43863 acked= 108645 e2e= 17444/s | p50=7831.55 p99=24772.61 ms | lag avail=10094 prices=10604 otaSync=10400 otaPrices=11223 | ackErr=0 pushErr=0 shed=0 gor=18336
[12:21:28] prodA= 12217 prodB= 12085 | db= 11463 cal= 11699 ota=  62834 otap=  63633 acked= 145041 e2e= 25293/s | p50=7766.02 p99=24772.61 ms | lag avail=10848 prices=10990 otaSync=9879 otaPrices=9533 | ackErr=0 pushErr=0 shed=0 gor=11291
[12:21:29] prodA= 12796 prodB= 12716 | db= 13407 cal= 12456 ota=  63045 otap=  62348 acked= 152569 e2e= 25079/s | p50=7700.48 p99=24772.61 ms | lag avail=10237 prices=11250 otaSync=10777 otaPrices=9517 | ackErr=0 pushErr=0 shed=0 gor=17771
[12:21:30] prodA= 11386 prodB= 11359 | db= 11913 cal= 12124 ota=  61755 otap=  59841 acked= 147191 e2e= 24319/s | p50=7962.62 p99=25296.90 ms | lag avail=9710 prices=10485 otaSync=10242 otaPrices=9861 | ackErr=0 pushErr=0 shed=0 gor=16949
[12:21:31] prodA= 13234 prodB= 13151 | db= 12731 cal= 12842 ota=  65305 otap=  63260 acked= 157693 e2e= 25713/s | p50=7897.09 p99=25034.75 ms | lag avail=10213 prices=10794 otaSync=9485 otaPrices=9800 | ackErr=0 pushErr=0 shed=0 gor=17513
[12:21:32] prodA= 11447 prodB= 11552 | db= 11018 cal= 10998 ota=  58613 otap=  60186 acked= 138315 e2e= 23760/s | p50=7831.55 p99=25034.75 ms | lag avail=10642 prices=11348 otaSync=8700 otaPrices=8871 | ackErr=0 pushErr=0 shed=0 gor=10642
[12:21:33] prodA= 12453 prodB= 12483 | db= 12492 cal= 12909 ota=  59713 otap=  58784 acked= 140795 e2e= 23699/s | p50=7831.55 p99=25296.90 ms | lag avail=10603 prices=10922 otaSync=9283 otaPrices=9876 | ackErr=0 pushErr=0 shed=0 gor=18268
[12:21:34] prodA= 12414 prodB= 12412 | db= 12963 cal= 12471 ota=  62830 otap=  62209 acked= 153195 e2e= 25008/s | p50=7831.55 p99=25296.90 ms | lag avail=10054 prices=10863 otaSync=9358 otaPrices=9837 | ackErr=0 pushErr=0 shed=0 gor=13957
[12:21:35] prodA= 13278 prodB= 13377 | db= 12698 cal= 12907 ota=  65281 otap=  64245 acked= 159607 e2e= 25905/s | p50=7831.55 p99=25559.04 ms | lag avail=10634 prices=11333 otaSync=8967 otaPrices=9772 | ackErr=0 pushErr=0 shed=0 gor=11010
[12:21:36] prodA= 13648 prodB= 13479 | db= 13244 cal= 13278 ota=  63319 otap=  65843 acked= 151766 e2e= 25832/s | p50=7766.02 p99=25559.04 ms | lag avail=11038 prices=11534 otaSync=10060 otaPrices=9988 | ackErr=0 pushErr=0 shed=0 gor=19220
[12:21:37] prodA= 12923 prodB= 12927 | db= 12594 cal= 12791 ota=  59343 otap=  59998 acked= 145782 e2e= 23868/s | p50=7831.55 p99=25296.90 ms | lag avail=11367 prices=11670 otaSync=10609 otaPrices=10809 | ackErr=0 pushErr=0 shed=0 gor=20708
[12:21:38] prodA= 10552 prodB= 10481 | db= 11056 cal= 10260 ota=  61001 otap=  59931 acked= 133972 e2e= 24186/s | p50=7897.09 p99=25821.18 ms | lag avail=10863 prices=11891 otaSync=9200 otaPrices=9608 | ackErr=0 pushErr=0 shed=0 gor=14364
[12:21:39] prodA= 12889 prodB= 12871 | db= 13499 cal= 12455 ota=  67274 otap=  61677 acked= 161275 e2e= 25790/s | p50=7831.55 p99=26083.33 ms | lag avail=10253 prices=12307 otaSync=9967 otaPrices=9060 | ackErr=0 pushErr=0 shed=0 gor=19592
[12:21:40] prodA= 12159 prodB= 12181 | db= 11513 cal= 11726 ota=  61515 otap=  60261 acked= 143643 e2e= 24355/s | p50=7831.55 p99=25821.18 ms | lag avail=10899 prices=12762 otaSync=8403 otaPrices=8790 | ackErr=0 pushErr=0 shed=0 gor=18383
[12:21:41] prodA= 13687 prodB= 13722 | db= 13791 cal= 12937 ota=  62778 otap=  62307 acked= 155454 e2e= 25017/s | p50=7831.55 p99=26083.33 ms | lag avail=10795 prices=13547 otaSync=9872 otaPrices=9109 | ackErr=0 pushErr=0 shed=0 gor=21903
[12:21:42] prodA= 12647 prodB= 12696 | db= 11848 cal= 13215 ota=  58646 otap=  57495 acked= 142670 e2e= 23228/s | p50=7766.02 p99=26083.33 ms | lag avail=11594 prices=13028 otaSync=9815 otaPrices=10916 | ackErr=0 pushErr=0 shed=0 gor=14538
[12:21:43] prodA= 11726 prodB= 11837 | db= 12357 cal= 13095 ota=  60630 otap=  65540 acked= 145109 e2e= 25234/s | p50=7897.09 p99=26083.33 ms | lag avail=10963 prices=11770 otaSync=10160 otaPrices=10678 | ackErr=0 pushErr=0 shed=0 gor=15358
[12:21:44] prodA= 11627 prodB= 11753 | db= 11751 cal= 11822 ota=  61585 otap=  66415 acked= 156468 e2e= 25600/s | p50=7766.02 p99=26345.47 ms | lag avail=10839 prices=11701 otaSync=9725 otaPrices=9774 | ackErr=0 pushErr=0 shed=0 gor=12132
[12:21:45] prodA= 12687 prodB= 12580 | db= 12765 cal= 12617 ota=  64599 otap=  64122 acked= 148318 e2e= 25744/s | p50=7700.48 p99=26083.33 ms | lag avail=10761 prices=11664 otaSync=9434 otaPrices=9278 | ackErr=0 pushErr=0 shed=0 gor=14762
[12:21:46] prodA= 13341 prodB= 13419 | db= 13663 cal= 12380 ota=  67570 otap=  61589 acked= 165988 e2e= 25832/s | p50=7503.87 p99=26607.62 ms | lag avail=10439 prices=12703 otaSync=9961 otaPrices=10201 | ackErr=0 pushErr=0 shed=0 gor=19032
[12:21:47] prodA= 12723 prodB= 12732 | db= 12710 cal= 12599 ota=  62366 otap=  61086 acked= 142913 e2e= 24690/s | p50=7831.55 p99=26345.47 ms | lag avail=10452 prices=12836 otaSync=9927 otaPrices=10327 | ackErr=0 pushErr=0 shed=0 gor=20307
[12:21:48] prodA= 11681 prodB= 11983 | db= 11827 cal= 12086 ota=  61780 otap=  62481 acked= 144459 e2e= 24852/s | p50=7766.02 p99=26607.62 ms | lag avail=10306 prices=12733 otaSync=9305 otaPrices=9592 | ackErr=0 pushErr=0 shed=0 gor=14136
[12:21:49] prodA= 11662 prodB= 11756 | db= 12007 cal= 13234 ota=  56927 otap=  58388 acked= 142902 e2e= 23063/s | p50=7700.48 p99=26607.62 ms | lag avail=9961 prices=11255 otaSync=9714 otaPrices=11114 | ackErr=0 pushErr=0 shed=0 gor=21623
[12:21:50] prodA= 11515 prodB= 11333 | db= 11671 cal= 11395 ota=  61663 otap=  65173 acked= 151049 e2e= 25367/s | p50=7897.09 p99=26869.76 ms | lag avail=9805 prices=11193 otaSync=9626 otaPrices=9463 | ackErr=0 pushErr=0 shed=0 gor=20085
[12:21:51] prodA= 12612 prodB= 12509 | db= 12915 cal= 12402 ota=  63296 otap=  63837 acked= 156284 e2e= 25427/s | p50=7634.94 p99=26607.62 ms | lag avail=9502 prices=11300 otaSync=9373 otaPrices=8911 | ackErr=0 pushErr=0 shed=0 gor=13535
[12:21:52] prodA= 12580 prodB= 12544 | db= 11850 cal= 12091 ota=  60485 otap=  59434 acked= 137930 e2e= 23984/s | p50=7766.02 p99=26869.76 ms | lag avail=10232 prices=11753 otaSync=9298 otaPrices=9032 | ackErr=0 pushErr=0 shed=0 gor=17783
[12:21:53] prodA= 10722 prodB= 10671 | db= 10283 cal= 11957 ota=  51866 otap=  54075 acked= 129070 e2e= 21188/s | p50=7897.09 p99=26869.76 ms | lag avail=10671 prices=10467 otaSync=9043 otaPrices=10233 | ackErr=0 pushErr=0 shed=0 gor=19803
[12:21:54] prodA= 12797 prodB= 12846 | db= 12365 cal= 11779 ota=  60287 otap=  64473 acked= 150898 e2e= 24952/s | p50=7962.62 p99=27656.19 ms | lag avail=11103 prices=11534 otaSync=10157 otaPrices=8847 | ackErr=0 pushErr=0 shed=0 gor=15697
[12:21:55] prodA= 12936 prodB= 12764 | db= 13398 cal= 12990 ota=  66138 otap=  58667 acked= 149919 e2e= 24961/s | p50=7897.09 p99=27656.19 ms | lag avail=10641 prices=11308 otaSync=10380 otaPrices=10336 | ackErr=0 pushErr=0 shed=0 gor=15825
[12:21:56] prodA= 12600 prodB= 12507 | db= 12032 cal= 11595 ota=  64052 otap=  63462 acked= 148373 e2e= 25503/s | p50=8093.70 p99=27394.05 ms | lag avail=11209 prices=12220 otaSync=9540 otaPrices=9202 | ackErr=0 pushErr=0 shed=0 gor=13805
[12:21:57] prodA= 12457 prodB= 12349 | db= 13353 cal= 12585 ota=  62891 otap=  61662 acked= 147689 e2e= 24911/s | p50=8355.84 p99=27131.90 ms | lag avail=10313 prices=11984 otaSync=10065 otaPrices=9340 | ackErr=0 pushErr=0 shed=0 gor=18870
[12:21:58] prodA= 11788 prodB= 11646 | db= 12079 cal= 11471 ota=  61694 otap=  58717 acked= 140983 e2e= 24082/s | p50=8093.70 p99=27131.90 ms | lag avail=10022 prices=12159 otaSync=9714 otaPrices=9078 | ackErr=0 pushErr=0 shed=0 gor=13379
[12:21:59] prodA= 11691 prodB= 11473 | db= 12004 cal= 13740 ota=  57937 otap=  61138 acked= 153714 e2e= 23815/s | p50=8355.84 p99=27918.34 ms | lag avail=9709 prices=9892 otaSync=10045 otaPrices=10708 | ackErr=0 pushErr=0 shed=0 gor=19809
[12:22:00] prodA= 11463 prodB= 11544 | db= 11686 cal= 11226 ota=  62313 otap=  61579 acked= 146650 e2e= 24778/s | p50=8454.14 p99=27394.05 ms | lag avail=9486 prices=10210 otaSync=9357 otaPrices=9890 | ackErr=0 pushErr=0 shed=0 gor=17054
[12:22:01] prodA= 12174 prodB= 12141 | db= 11313 cal= 12342 ota=  58609 otap=  59688 acked= 139054 e2e= 23659/s | p50=8290.30 p99=27656.19 ms | lag avail=10347 prices=10009 otaSync=8670 otaPrices=9822 | ackErr=0 pushErr=0 shed=0 gor=14289
[12:22:02] prodA= 12547 prodB= 12639 | db= 12357 cal= 11931 ota=  55099 otap=  60307 acked= 140632 e2e= 23081/s | p50=8355.84 p99=27394.05 ms | lag avail=10537 prices=10717 otaSync=10066 otaPrices=9748 | ackErr=0 pushErr=0 shed=0 gor=17921
[12:22:03] prodA= 12293 prodB= 12339 | db= 12055 cal= 12525 ota=  62849 otap=  62542 acked= 149617 e2e= 25078/s | p50=8290.30 p99=27131.90 ms | lag avail=10775 prices=10531 otaSync=10196 otaPrices=9851 | ackErr=0 pushErr=0 shed=0 gor=19348
[12:22:04] prodA= 11713 prodB= 11792 | db= 11597 cal= 10985 ota=  57390 otap=  58454 acked= 137300 e2e= 23169/s | p50=8224.77 p99=27656.19 ms | lag avail=10891 prices=11338 otaSync=10241 otaPrices=9081 | ackErr=0 pushErr=0 shed=0 gor=18778
[12:22:05] prodA= 12675 prodB= 12552 | db= 12960 cal= 12585 ota=  61422 otap=  61393 acked= 149905 e2e= 24563/s | p50=8093.70 p99=27656.19 ms | lag avail=10606 prices=11305 otaSync=10649 otaPrices=10041 | ackErr=0 pushErr=0 shed=0 gor=14118
[12:22:06] prodA= 13120 prodB= 12878 | db= 12397 cal= 13093 ota=  64832 otap=  63217 acked= 148444 e2e= 25610/s | p50=8159.23 p99=27656.19 ms | lag avail=11329 prices=11090 otaSync=9836 otaPrices=10034 | ackErr=0 pushErr=0 shed=0 gor=14317
[12:22:07] prodA= 12878 prodB= 12979 | db= 13808 cal= 12216 ota=  64512 otap=  61901 acked= 161552 e2e= 25283/s | p50=8355.84 p99=27918.34 ms | lag avail=10399 prices=11853 otaSync=10556 otaPrices=9689 | ackErr=0 pushErr=0 shed=0 gor=16986
[12:22:08] prodA= 12848 prodB= 12718 | db= 12826 cal= 11961 ota=  65347 otap=  63877 acked= 150260 e2e= 25845/s | p50=8159.23 p99=27918.34 ms | lag avail=10421 prices=12610 otaSync=10220 otaPrices=8897 | ackErr=0 pushErr=0 shed=0 gor=17954
[12:22:09] prodA=  7461 prodB=  7503 | db=  7848 cal=  9394 ota=  39883 otap=  41056 acked=  97769 e2e= 16188/s | p50=8454.14 p99=28442.62 ms | lag avail=10034 prices=10719 otaSync=10261 otaPrices=10627 | ackErr=0 pushErr=0 shed=0 gor=15916
[12:22:10] prodA= 11644 prodB= 11558 | db= 11369 cal= 10969 ota=  60749 otap=  62074 acked= 142306 e2e= 24565/s | p50=8585.22 p99=28180.48 ms | lag avail=10309 prices=11308 otaSync=9141 otaPrices=8787 | ackErr=0 pushErr=0 shed=0 gor=13193
[12:22:11] prodA= 13242 prodB= 13285 | db= 12776 cal= 12902 ota=  63570 otap=  61301 acked= 153519 e2e= 24974/s | p50=8585.22 p99=28442.62 ms | lag avail=10775 prices=11691 otaSync=9745 otaPrices=9979 | ackErr=0 pushErr=0 shed=0 gor=15249
[12:22:12] prodA= 13256 prodB= 13205 | db= 13196 cal= 12244 ota=  64556 otap=  62193 acked= 153060 e2e= 25350/s | p50=8716.29 p99=28966.91 ms | lag avail=10835 prices=12652 otaSync=10270 otaPrices=10037 | ackErr=0 pushErr=0 shed=0 gor=20708
[12:22:13] prodA= 12564 prodB= 12616 | db= 13166 cal= 12554 ota=  65527 otap=  62777 acked= 154297 e2e= 25661/s | p50=8716.29 p99=28704.77 ms | lag avail=10233 prices=12714 otaSync=9929 otaPrices=9494 | ackErr=0 pushErr=0 shed=0 gor=18840
[12:22:14] prodA= 12466 prodB= 12417 | db= 12180 cal= 11662 ota=  64103 otap=  61849 acked= 148121 e2e= 25190/s | p50=8585.22 p99=28442.62 ms | lag avail=10519 prices=13469 otaSync=9063 otaPrices=8434 | ackErr=0 pushErr=0 shed=0 gor=22955
[12:22:15] prodA= 12943 prodB= 13031 | db= 13341 cal= 12461 ota=  68821 otap=  62918 acked= 158883 e2e= 26348/s | p50=8585.22 p99=28704.77 ms | lag avail=10121 prices=14039 otaSync=9067 otaPrices=8336 | ackErr=0 pushErr=0 shed=0 gor=20135
[12:22:16] prodA= 13044 prodB= 13160 | db= 12933 cal= 13716 ota=  62714 otap=  59969 acked= 154209 e2e= 24537/s | p50=8585.22 p99=27918.34 ms | lag avail=10232 prices=13483 otaSync=9135 otaPrices=10122 | ackErr=0 pushErr=0 shed=0 gor=24823
[12:22:17] prodA= 12209 prodB= 12201 | db= 12097 cal= 11664 ota=  62904 otap=  61344 acked= 141873 e2e= 24850/s | p50=8585.22 p99=28442.62 ms | lag avail=10344 prices=14020 otaSync=9291 otaPrices=9582 | ackErr=0 pushErr=0 shed=0 gor=17056
[12:22:18] prodA= 12755 prodB= 12666 | db= 12136 cal= 11654 ota=  59065 otap=  59848 acked= 145309 e2e= 23783/s | p50=8585.22 p99=28966.91 ms | lag avail=10963 prices=15032 otaSync=9502 otaPrices=9259 | ackErr=0 pushErr=0 shed=0 gor=24195
[12:22:19] prodA= 12104 prodB= 12062 | db= 12802 cal= 12641 ota=  63547 otap=  60368 acked= 145310 e2e= 24783/s | p50=8585.22 p99=28442.62 ms | lag avail=10265 prices=14453 otaSync=9119 otaPrices=9870 | ackErr=0 pushErr=0 shed=0 gor=17468
[12:22:20] prodA= 12095 prodB= 12065 | db= 12352 cal= 12505 ota=  63161 otap=  65360 acked= 151040 e2e= 25704/s | p50=8585.22 p99=28704.77 ms | lag avail=10008 prices=14013 otaSync=8987 otaPrices=9084 | ackErr=0 pushErr=0 shed=0 gor=21925
[12:22:21] prodA= 12797 prodB= 12816 | db= 12939 cal= 12919 ota=  63089 otap=  63519 acked= 160080 e2e= 25322/s | p50=8585.22 p99=28704.77 ms | lag avail=9866 prices=13910 otaSync=9681 otaPrices=9609 | ackErr=0 pushErr=0 shed=0 gor=24810
[12:22:22] prodA= 11959 prodB= 12060 | db= 12516 cal= 12081 ota=  61587 otap=  61117 acked= 149964 e2e= 24541/s | p50=8716.29 p99=28442.62 ms | lag avail=9309 prices=13889 otaSync=10009 otaPrices=9546 | ackErr=0 pushErr=0 shed=0 gor=22719
[12:22:23] prodA= 12786 prodB= 12743 | db= 11888 cal= 12331 ota=  64525 otap=  62926 acked= 149892 e2e= 25490/s | p50=8716.29 p99=28442.62 ms | lag avail=10207 prices=14301 otaSync=8541 otaPrices=8803 | ackErr=0 pushErr=0 shed=0 gor=18136
[12:22:24] prodA= 12978 prodB= 12822 | db= 12307 cal= 13319 ota=  59178 otap=  62138 acked= 143729 e2e= 24263/s | p50=8585.22 p99=28180.48 ms | lag avail=10878 prices=13804 otaSync=9446 otaPrices=10003 | ackErr=0 pushErr=0 shed=0 gor=17486
[12:22:25] prodA= 11799 prodB= 11879 | db= 12067 cal= 12477 ota=  58119 otap=  60550 acked= 142486 e2e= 23734/s | p50=8716.29 p99=28966.91 ms | lag avail=10610 prices=13206 otaSync=9727 otaPrices=10208 | ackErr=0 pushErr=0 shed=0 gor=22253
[12:22:26] prodA= 12533 prodB= 12448 | db= 12596 cal= 11961 ota=  61288 otap=  65788 acked= 149964 e2e= 25415/s | p50=8716.29 p99=28966.91 ms | lag avail=10547 prices=13693 otaSync=9565 otaPrices=8711 | ackErr=0 pushErr=0 shed=0 gor=15890
[12:22:27] prodA= 12380 prodB= 12328 | db= 12496 cal= 12524 ota=  62198 otap=  59339 acked= 146035 e2e= 24307/s | p50=8847.36 p99=29229.06 ms | lag avail=10431 prices=13497 otaSync=10089 otaPrices=9681 | ackErr=0 pushErr=0 shed=0 gor=21166
[12:22:28] prodA= 12322 prodB= 12181 | db= 12007 cal= 12058 ota=  63098 otap=  60792 acked= 150695 e2e= 24778/s | p50=8585.22 p99=29229.06 ms | lag avail=10746 prices=13620 otaSync=9137 otaPrices=9742 | ackErr=0 pushErr=0 shed=0 gor=16032
[12:22:29] prodA= 12538 prodB= 12590 | db= 13213 cal= 12522 ota=  63964 otap=  64314 acked= 159832 e2e= 25656/s | p50=8585.22 p99=29491.20 ms | lag avail=10071 prices=13688 otaSync=9937 otaPrices=9941 | ackErr=0 pushErr=0 shed=0 gor=19332
[12:22:30] prodA= 11962 prodB= 11858 | db= 12323 cal= 11860 ota=  63460 otap=  63319 acked= 146389 e2e= 25356/s | p50=8585.22 p99=29491.20 ms | lag avail=9710 prices=13686 otaSync=9154 otaPrices=8524 | ackErr=0 pushErr=0 shed=0 gor=20456
[12:22:31] prodA= 12251 prodB= 12172 | db= 11898 cal= 12756 ota=  60664 otap=  58525 acked= 143725 e2e= 23838/s | p50=8847.36 p99=29491.20 ms | lag avail=10063 prices=13102 otaSync=8992 otaPrices=9935 | ackErr=0 pushErr=0 shed=0 gor=16929
[12:22:32] prodA= 12285 prodB= 12237 | db= 12295 cal= 12514 ota=  60795 otap=  63910 acked= 148813 e2e= 24941/s | p50=8847.36 p99=29229.06 ms | lag avail=10053 prices=12825 otaSync=9024 otaPrices=9348 | ackErr=0 pushErr=0 shed=0 gor=19198
[12:22:33] prodA= 13518 prodB= 13460 | db= 12881 cal= 13339 ota=  63236 otap=  64135 acked= 152153 e2e= 25474/s | p50=8716.29 p99=28966.91 ms | lag avail=10690 prices=12946 otaSync=9362 otaPrices=9731 | ackErr=0 pushErr=0 shed=0 gor=21879
[12:22:34] prodA= 12790 prodB= 12824 | db= 12986 cal= 11599 ota=  60662 otap=  60643 acked= 152474 e2e= 24261/s | p50=8454.14 p99=29229.06 ms | lag avail=10494 prices=14171 otaSync=9929 otaPrices=9259 | ackErr=0 pushErr=0 shed=0 gor=22681
[12:22:35] prodA= 11544 prodB= 11536 | db= 11954 cal= 12001 ota=  58746 otap=  57928 acked= 134540 e2e= 23335/s | p50=8716.29 p99=28966.91 ms | lag avail=10084 prices=13706 otaSync=10188 otaPrices=10582 | ackErr=0 pushErr=0 shed=0 gor=19477
[12:22:36] prodA= 12220 prodB= 12245 | db= 12132 cal= 12446 ota=  64912 otap=  62540 acked= 151985 e2e= 25490/s | p50=8847.36 p99=29491.20 ms | lag avail=10172 prices=13505 otaSync=9814 otaPrices=10345 | ackErr=0 pushErr=0 shed=0 gor=15373
[12:22:37] prodA= 13708 prodB= 13432 | db= 12731 cal= 12416 ota=  64668 otap=  64366 acked= 160203 e2e= 25807/s | p50=8847.36 p99=28966.91 ms | lag avail=11149 prices=14521 otaSync=9253 otaPrices=9478 | ackErr=0 pushErr=0 shed=0 gor=18004
[12:22:38] prodA= 12460 prodB= 12567 | db= 12962 cal= 12562 ota=  63299 otap=  61155 acked= 140011 e2e= 24891/s | p50=8716.29 p99=28966.91 ms | lag avail=10647 prices=14526 otaSync=9891 otaPrices=9424 | ackErr=0 pushErr=0 shed=0 gor=18269
[12:22:39] prodA= 12352 prodB= 12319 | db= 12787 cal= 12230 ota=  63863 otap=  63350 acked= 155715 e2e= 25443/s | p50=8585.22 p99=28966.91 ms | lag avail=10212 prices=14615 otaSync=9569 otaPrices=9248 | ackErr=0 pushErr=0 shed=0 gor=19203
[12:22:40] prodA= 11461 prodB= 11486 | db= 12220 cal= 12356 ota=  65688 otap=  62142 acked= 150652 e2e= 25566/s | p50=8585.22 p99=29229.06 ms | lag avail=9453 prices=13745 otaSync=8793 otaPrices=9353 | ackErr=0 pushErr=0 shed=0 gor=20529
[12:22:41] prodA= 12270 prodB= 12221 | db= 11536 cal= 13395 ota=  58288 otap=  63334 acked= 146756 e2e= 24324/s | p50=8716.29 p99=29229.06 ms | lag avail=10187 prices=12571 otaSync=8867 otaPrices=9592 | ackErr=0 pushErr=0 shed=0 gor=17029
[12:22:42] prodA= 11750 prodB= 11574 | db= 12215 cal= 13122 ota=  56880 otap=  65738 acked= 146705 e2e= 24524/s | p50=8847.36 p99=29491.20 ms | lag avail=9722 prices=11023 otaSync=9458 otaPrices=10051 | ackErr=0 pushErr=0 shed=0 gor=17424
[12:22:43] prodA= 12120 prodB= 12248 | db= 12090 cal= 12581 ota=  61148 otap=  63141 acked= 154770 e2e= 24858/s | p50=8847.36 p99=28966.91 ms | lag avail=9752 prices=10690 otaSync=9212 otaPrices=10313 | ackErr=0 pushErr=0 shed=0 gor=14306
[12:22:44] prodA= 12683 prodB= 12495 | db= 11795 cal= 11866 ota=  61581 otap=  62831 acked= 143319 e2e= 24882/s | p50=8847.36 p99=28966.91 ms | lag avail=10640 prices=11319 otaSync=8709 otaPrices=9403 | ackErr=0 pushErr=0 shed=0 gor=11633
[12:22:45] prodA= 12952 prodB= 12936 | db= 12069 cal= 12727 ota=  58867 otap=  58791 acked= 140463 e2e= 23532/s | p50=8847.36 p99=28966.91 ms | lag avail=11523 prices=11528 otaSync=9578 otaPrices=10029 | ackErr=0 pushErr=0 shed=0 gor=13349
[12:22:46] prodA= 12525 prodB= 12623 | db= 13205 cal= 12588 ota=  60303 otap=  63232 acked= 153600 e2e= 24707/s | p50=8978.43 p99=29491.20 ms | lag avail=10843 prices=11563 otaSync=10488 otaPrices=10164 | ackErr=0 pushErr=0 shed=0 gor=20090
[12:22:47] prodA= 12507 prodB= 12546 | db= 12645 cal= 12991 ota=  65113 otap=  62675 acked= 153094 e2e= 25558/s | p50=8716.29 p99=29229.06 ms | lag avail=10705 prices=11118 otaSync=10202 otaPrices=10998 | ackErr=0 pushErr=0 shed=0 gor=13704
[12:22:48] prodA= 11557 prodB= 11798 | db= 11903 cal= 12045 ota=  59165 otap=  61148 acked= 150363 e2e= 24063/s | p50=8716.29 p99=28966.91 ms | lag avail=10359 prices=10871 otaSync=9911 otaPrices=10936 | ackErr=0 pushErr=0 shed=0 gor=19170
[12:22:49] prodA= 11922 prodB= 11933 | db= 12364 cal= 11935 ota=  65272 otap=  64309 acked= 144579 e2e= 25916/s | p50=8847.36 p99=29491.20 ms | lag avail=9917 prices=10869 otaSync=9180 otaPrices=9064 | ackErr=0 pushErr=0 shed=0 gor=12371
[12:22:50] prodA= 12988 prodB= 13103 | db= 12621 cal= 13475 ota=  63116 otap=  64120 acked= 161726 e2e= 25447/s | p50=8847.36 p99=28966.91 ms | lag avail=10284 prices=10497 otaSync=9082 otaPrices=9702 | ackErr=0 pushErr=0 shed=0 gor=18536
[12:22:51] prodA= 11774 prodB= 11783 | db= 12082 cal= 11430 ota=  58393 otap=  59003 acked= 135309 e2e= 23479/s | p50=8716.29 p99=28966.91 ms | lag avail=9976 prices=10850 otaSync=9984 otaPrices=9741 | ackErr=0 pushErr=0 shed=0 gor=14463
[12:22:52] prodA= 13214 prodB= 13030 | db= 12919 cal= 13007 ota=  67243 otap=  62934 acked= 155236 e2e= 26035/s | p50=8716.29 p99=29229.06 ms | lag avail=10271 prices=10873 otaSync=9227 otaPrices=9800 | ackErr=0 pushErr=0 shed=0 gor=15702
[12:22:53] prodA= 12208 prodB= 12153 | db= 12298 cal= 12006 ota=  56529 otap=  57162 acked= 145658 e2e= 22738/s | p50=8978.43 p99=29491.20 ms | lag avail=10181 prices=11020 otaSync=10203 otaPrices=10674 | ackErr=0 pushErr=0 shed=0 gor=14618
[12:22:54] prodA= 12813 prodB= 12950 | db= 12261 cal= 12085 ota=  65654 otap=  66521 acked= 147242 e2e= 26435/s | p50=8847.36 p99=28966.91 ms | lag avail=10733 prices=11885 otaSync=9233 otaPrices=9418 | ackErr=0 pushErr=0 shed=0 gor=12502
[12:22:55] prodA=  9756 prodB=  9564 | db= 10228 cal= 10988 ota=  45069 otap=  46507 acked= 125007 e2e= 18315/s | p50=8716.29 p99=29229.06 ms | lag avail=10261 prices=10461 otaSync=10627 otaPrices=10677 | ackErr=0 pushErr=0 shed=0 gor=13906
[12:22:56] prodA= 12172 prodB= 12179 | db= 11362 cal= 11307 ota=  58837 otap=  64547 acked= 141660 e2e= 24677/s | p50=8847.36 p99=29229.06 ms | lag avail=11071 prices=11333 otaSync=9979 otaPrices=9487 | ackErr=0 pushErr=0 shed=0 gor=11433
[12:22:57] prodA= 13097 prodB= 13103 | db= 13226 cal= 12907 ota=  62867 otap=  62589 acked= 147501 e2e= 25091/s | p50=8978.43 p99=29491.20 ms | lag avail=10942 prices=11529 otaSync=10839 otaPrices=9454 | ackErr=0 pushErr=0 shed=0 gor=15924
[12:22:58] prodA= 12629 prodB= 12625 | db= 12667 cal= 12633 ota=  65487 otap=  61402 acked= 152232 e2e= 25378/s | p50=9109.50 p99=29491.20 ms | lag avail=10904 prices=11521 otaSync=10502 otaPrices=9638 | ackErr=0 pushErr=0 shed=0 gor=21319
[12:22:59] prodA= 12079 prodB= 12027 | db= 12378 cal= 12395 ota=  62462 otap=  60649 acked= 150856 e2e= 24622/s | p50=8978.43 p99=29753.34 ms | lag avail=10605 prices=11153 otaSync=10258 otaPrices=10529 | ackErr=0 pushErr=0 shed=0 gor=19396
[12:23:00] prodA= 12011 prodB= 12012 | db= 11810 cal= 11623 ota=  62203 otap=  62864 acked= 145615 e2e= 25013/s | p50=8847.36 p99=29753.34 ms | lag avail=10806 prices=11542 otaSync=9752 otaPrices=9726 | ackErr=0 pushErr=0 shed=0 gor=20851
[12:23:01] prodA= 12460 prodB= 12579 | db= 13057 cal= 12580 ota=  64468 otap=  61181 acked= 150992 e2e= 25130/s | p50=8978.43 p99=29491.20 ms | lag avail=10209 prices=11541 otaSync=10632 otaPrices=10436 | ackErr=0 pushErr=0 shed=0 gor=17698
[12:23:02] prodA= 12443 prodB= 12443 | db= 12251 cal= 13019 ota=  63528 otap=  64169 acked= 156036 e2e= 25539/s | p50=8978.43 p99=29753.34 ms | lag avail=10401 prices=10965 otaSync=9012 otaPrices=9901 | ackErr=0 pushErr=0 shed=0 gor=12781
[12:23:03] prodA= 12908 prodB= 12876 | db= 12502 cal= 12217 ota=  61788 otap=  60807 acked= 144708 e2e= 24519/s | p50=8847.36 p99=30015.49 ms | lag avail=10807 prices=11624 otaSync=9222 otaPrices=9851 | ackErr=0 pushErr=0 shed=0 gor=16474
[12:23:04] prodA= 12426 prodB= 12454 | db= 12165 cal= 12574 ota=  58746 otap=  63801 acked= 146501 e2e= 24509/s | p50=8978.43 p99=29753.34 ms | lag avail=11068 prices=11504 otaSync=10291 otaPrices=10098 | ackErr=0 pushErr=0 shed=0 gor=18017
[12:23:05] prodA= 12542 prodB= 12499 | db= 12890 cal= 12407 ota=  61910 otap=  62830 acked= 147405 e2e= 24948/s | p50=8978.43 p99=29491.20 ms | lag avail=10720 prices=11596 otaSync=10343 otaPrices=10070 | ackErr=0 pushErr=0 shed=0 gor=15693
[12:23:06] prodA= 12346 prodB= 12389 | db= 12042 cal= 12908 ota=  63265 otap=  58610 acked= 150249 e2e= 24375/s | p50=8978.43 p99=30015.49 ms | lag avail=11024 prices=11077 otaSync=9911 otaPrices=11267 | ackErr=0 pushErr=0 shed=0 gor=16047
[12:23:07] prodA= 13190 prodB= 13222 | db= 12540 cal= 12032 ota=  63014 otap=  66641 acked= 152017 e2e= 25931/s | p50=8847.36 p99=29491.20 ms | lag avail=11674 prices=12267 otaSync=9706 otaPrices=9457 | ackErr=0 pushErr=0 shed=0 gor=17742
[12:23:08] prodA= 11922 prodB= 11883 | db= 13452 cal= 12776 ota=  64798 otap=  61358 acked= 153702 e2e= 25231/s | p50=8716.29 p99=29491.20 ms | lag avail=10144 prices=11374 otaSync=10438 otaPrices=9893 | ackErr=0 pushErr=0 shed=0 gor=17654
[12:23:09] prodA= 11823 prodB= 11769 | db= 11703 cal= 12057 ota=  62062 otap=  61947 acked= 146013 e2e= 24802/s | p50=8978.43 p99=30277.63 ms | lag avail=10264 prices=11086 otaSync=9552 otaPrices=9749 | ackErr=0 pushErr=0 shed=0 gor=15547
[12:23:10] prodA= 12147 prodB= 12184 | db= 12138 cal= 12811 ota=  59677 otap=  61366 acked= 149064 e2e= 24209/s | p50=8978.43 p99=30015.49 ms | lag avail=10273 prices=10459 otaSync=9480 otaPrices=10121 | ackErr=0 pushErr=0 shed=0 gor=14901
[12:23:11] prodA= 12353 prodB= 12295 | db= 12079 cal= 12248 ota=  57819 otap=  60407 acked= 142981 e2e= 23645/s | p50=8978.43 p99=29753.34 ms | lag avail=10547 prices=10506 otaSync=11289 otaPrices=10665 | ackErr=0 pushErr=0 shed=0 gor=18734
[12:23:12] prodA= 12313 prodB= 12076 | db= 12239 cal= 11855 ota=  61120 otap=  61710 acked= 143057 e2e= 24566/s | p50=9109.50 p99=30801.92 ms | lag avail=10621 prices=10727 otaSync=10934 otaPrices=9964 | ackErr=0 pushErr=0 shed=0 gor=12067
[12:23:13] prodA= 12562 prodB= 12632 | db= 12553 cal= 11791 ota=  63987 otap=  65430 acked= 148406 e2e= 25883/s | p50=9240.58 p99=29753.34 ms | lag avail=10630 prices=11568 otaSync=10106 otaPrices=8505 | ackErr=0 pushErr=0 shed=0 gor=11012
[12:23:14] prodA= 12875 prodB= 12942 | db= 12436 cal= 12993 ota=  62396 otap=  60415 acked= 149695 e2e= 24562/s | p50=8978.43 p99=30539.78 ms | lag avail=11069 prices=11517 otaSync=9716 otaPrices=9419 | ackErr=0 pushErr=0 shed=0 gor=15588
[12:23:15] prodA= 12647 prodB= 12656 | db= 12687 cal= 12039 ota=  62387 otap=  64532 acked= 157703 e2e= 25384/s | p50=8847.36 p99=30015.49 ms | lag avail=11029 prices=12134 otaSync=10177 otaPrices=8777 | ackErr=0 pushErr=0 shed=0 gor=17929
[12:23:16] prodA= 12211 prodB= 12118 | db= 13134 cal= 12505 ota=  65889 otap=  58533 acked= 146589 e2e= 24884/s | p50=8978.43 p99=30539.78 ms | lag avail=10106 prices=11747 otaSync=10004 otaPrices=9843 | ackErr=0 pushErr=0 shed=0 gor=13302
[12:23:17] prodA= 12984 prodB= 12948 | db= 12083 cal= 13270 ota=  62615 otap=  60984 acked= 156156 e2e= 24720/s | p50=8847.36 p99=29753.34 ms | lag avail=11007 prices=11425 otaSync=9386 otaPrices=10782 | ackErr=0 pushErr=0 shed=0 gor=21230
[12:23:18] prodA= 11957 prodB= 11906 | db= 12310 cal= 12032 ota=  61190 otap=  63723 acked= 144994 e2e= 24983/s | p50=8847.36 p99=30015.49 ms | lag avail=10654 prices=11299 otaSync=10096 otaPrices=10121 | ackErr=0 pushErr=0 shed=0 gor=15352
[12:23:19] prodA= 12311 prodB= 12464 | db= 12538 cal= 11977 ota=  62883 otap=  64181 acked= 154715 e2e= 25413/s | p50=8716.29 p99=30801.92 ms | lag avail=10427 prices=11786 otaSync=10316 otaPrices=8980 | ackErr=0 pushErr=0 shed=0 gor=19492
[12:23:20] prodA= 12540 prodB= 12593 | db= 13517 cal= 13373 ota=  66414 otap=  60157 acked= 152028 e2e= 25314/s | p50=8978.43 p99=30015.49 ms | lag avail=9450 prices=11006 otaSync=10759 otaPrices=10632 | ackErr=0 pushErr=0 shed=0 gor=19811
[12:23:21] prodA= 12692 prodB= 12636 | db= 12075 cal= 12882 ota=  61522 otap=  63618 acked= 151532 e2e= 25028/s | p50=8847.36 p99=30277.63 ms | lag avail=10067 prices=10760 otaSync=10000 otaPrices=11152 | ackErr=0 pushErr=0 shed=0 gor=20339
[12:23:22] prodA= 11748 prodB= 11864 | db= 11781 cal= 11591 ota=  61838 otap=  63374 acked= 147379 e2e= 25042/s | p50=8585.22 p99=30277.63 ms | lag avail=10034 prices=11033 otaSync=9536 otaPrices=9644 | ackErr=0 pushErr=0 shed=0 gor=14160
[12:23:23] prodA= 13614 prodB= 13452 | db= 12855 cal= 12616 ota=  64116 otap=  64908 acked= 159045 e2e= 25805/s | p50=8847.36 p99=30277.63 ms | lag avail=10793 prices=11869 otaSync=9218 otaPrices=8832 | ackErr=0 pushErr=0 shed=0 gor=18796
[12:23:24] prodA= 12841 prodB= 12748 | db= 12487 cal= 12664 ota=  60471 otap=  59500 acked= 136494 e2e= 23994/s | p50=8585.22 p99=30277.63 ms | lag avail=11147 prices=11953 otaSync=10286 otaPrices=9574 | ackErr=0 pushErr=0 shed=0 gor=17550
[12:23:25] prodA= 12966 prodB= 13030 | db= 13046 cal= 11885 ota=  63760 otap=  63350 acked= 156962 e2e= 25422/s | p50=8716.29 p99=31064.06 ms | lag avail=11067 prices=13098 otaSync=9876 otaPrices=8926 | ackErr=0 pushErr=0 shed=0 gor=21054
[12:23:26] prodA= 13050 prodB= 13091 | db= 12767 cal= 12111 ota=  64960 otap=  61238 acked= 147107 e2e= 25240/s | p50=8585.22 p99=30277.63 ms | lag avail=11350 prices=14078 otaSync=10637 otaPrices=8619 | ackErr=0 pushErr=0 shed=0 gor=20585
[12:23:27] prodA= 12296 prodB= 12415 | db= 13223 cal= 11607 ota=  63181 otap=  56908 acked= 142960 e2e= 24018/s | p50=8716.29 p99=30801.92 ms | lag avail=10423 prices=14886 otaSync=10545 otaPrices=9152 | ackErr=0 pushErr=0 shed=0 gor=17960
[12:23:28] prodA=  9061 prodB=  9051 | db=  8665 cal= 12636 ota=  48892 otap=  49844 acked= 121071 e2e= 19747/s | p50=8716.29 p99=31326.21 ms | lag avail=10819 prices=11301 otaSync=9514 otaPrices=11721 | ackErr=0 pushErr=0 shed=0 gor=16356
[12:23:29] prodA= 12388 prodB= 12417 | db= 12720 cal= 12121 ota=  59029 otap=  68810 acked= 156438 e2e= 25568/s | p50=8716.29 p99=30801.92 ms | lag avail=10487 prices=11597 otaSync=10538 otaPrices=10433 | ackErr=0 pushErr=0 shed=0 gor=18660
[12:23:30] prodA= 10861 prodB= 10910 | db= 11200 cal= 11751 ota=  58832 otap=  59496 acked= 140911 e2e= 23666/s | p50=8847.36 p99=31326.21 ms | lag avail=10148 prices=10756 otaSync=9904 otaPrices=10060 | ackErr=0 pushErr=0 shed=0 gor=17031
[12:23:31] prodA= 12868 prodB= 12884 | db= 12791 cal= 12732 ota=  60687 otap=  62089 acked= 150080 e2e= 24555/s | p50=8978.43 p99=32112.64 ms | lag avail=10225 prices=10908 otaSync=10178 otaPrices=10704 | ackErr=0 pushErr=0 shed=0 gor=15398
[12:23:32] prodA= 12308 prodB= 11985 | db= 12365 cal= 12176 ota=  64474 otap=  62804 acked= 150056 e2e= 25456/s | p50=9240.58 p99=31064.06 ms | lag avail=10168 prices=10717 otaSync=9374 otaPrices=10863 | ackErr=0 pushErr=0 shed=0 gor=16250
[12:23:33] prodA= 12073 prodB= 12129 | db= 12768 cal= 12411 ota=  60238 otap=  61881 acked= 154029 e2e= 24424/s | p50=9109.50 p99=32374.78 ms | lag avail=9473 prices=10435 otaSync=10375 otaPrices=9933 | ackErr=0 pushErr=0 shed=0 gor=11361
[12:23:34] prodA= 13457 prodB= 13566 | db= 12001 cal= 12632 ota=  65128 otap=  64759 acked= 151596 e2e= 25977/s | p50=8978.43 p99=32112.64 ms | lag avail=10929 prices=11369 otaSync=9084 otaPrices=10358 | ackErr=0 pushErr=0 shed=0 gor=12924
[12:23:35] prodA= 12219 prodB= 12137 | db= 12719 cal= 12714 ota=  57737 otap=  59642 acked= 140865 e2e= 23476/s | p50=9109.50 p99=31588.35 ms | lag avail=10429 prices=10792 otaSync=10725 otaPrices=10329 | ackErr=0 pushErr=0 shed=0 gor=17376
[12:23:36] prodA= 12462 prodB= 12611 | db= 12497 cal= 11848 ota=  62570 otap=  63347 acked= 148689 e2e= 25183/s | p50=9109.50 p99=31588.35 ms | lag avail=10394 prices=11555 otaSync=11259 otaPrices=9380 | ackErr=0 pushErr=0 shed=0 gor=18000
[12:23:37] prodA= 12659 prodB= 12710 | db= 12467 cal= 12339 ota=  65282 otap=  62008 acked= 149575 e2e= 25458/s | p50=9109.50 p99=31850.50 ms | lag avail=10586 prices=11926 otaSync=9813 otaPrices=9691 | ackErr=0 pushErr=0 shed=0 gor=20303
[12:23:38] prodA= 12668 prodB= 12774 | db= 13013 cal= 11620 ota=  61619 otap=  61674 acked= 151087 e2e= 24659/s | p50=8847.36 p99=31588.35 ms | lag avail=10241 prices=13080 otaSync=10861 otaPrices=8502 | ackErr=0 pushErr=0 shed=0 gor=21171
[12:23:39] prodA= 12916 prodB= 12902 | db= 12346 cal= 12494 ota=  65054 otap=  58393 acked= 146006 e2e= 24689/s | p50=8847.36 p99=31850.50 ms | lag avail=10811 prices=13488 otaSync=10315 otaPrices=9786 | ackErr=0 pushErr=0 shed=0 gor=19355
[12:23:40] prodA= 12165 prodB= 12109 | db= 12657 cal= 11798 ota=  63469 otap=  59507 acked= 151773 e2e= 24595/s | p50=8978.43 p99=31850.50 ms | lag avail=10319 prices=13799 otaSync=10009 otaPrices=9357 | ackErr=0 pushErr=0 shed=0 gor=21811
[12:23:41] prodA= 12569 prodB= 12688 | db= 12573 cal= 11438 ota=  65786 otap=  61335 acked= 150695 e2e= 25424/s | p50=9109.50 p99=31850.50 ms | lag avail=10315 prices=15049 otaSync=9324 otaPrices=8504 | ackErr=0 pushErr=0 shed=0 gor=24303
[12:23:42] prodA= 13518 prodB= 13600 | db= 13660 cal= 12736 ota=  66195 otap=  61749 acked= 152654 e2e= 25589/s | p50=9109.50 p99=32112.64 ms | lag avail=10173 prices=15913 otaSync=10078 otaPrices=9128 | ackErr=0 pushErr=0 shed=0 gor=23498
[12:23:43] prodA= 12135 prodB= 12242 | db= 12425 cal= 12607 ota=  65069 otap=  63611 acked= 147158 e2e= 25736/s | p50=8847.36 p99=32112.64 ms | lag avail=9883 prices=15548 otaSync=9033 otaPrices=8995 | ackErr=0 pushErr=0 shed=0 gor=17886
[12:23:44] prodA= 13278 prodB= 13483 | db= 13244 cal= 13191 ota=  63486 otap=  63475 acked= 158204 e2e= 25392/s | p50=8978.43 p99=32112.64 ms | lag avail=9917 prices=15840 otaSync=9921 otaPrices=9730 | ackErr=0 pushErr=0 shed=0 gor=22176
[12:23:45] prodA= 12531 prodB= 12467 | db= 11860 cal= 13405 ota=  58490 otap=  63806 acked= 147069 e2e= 24459/s | p50=8978.43 p99=32112.64 ms | lag avail=10588 prices=14902 otaSync=9647 otaPrices=10413 | ackErr=0 pushErr=0 shed=0 gor=22354
[12:23:46] prodA= 12072 prodB= 12060 | db= 12160 cal= 11102 ota=  62311 otap=  61204 acked= 150249 e2e= 24703/s | p50=8847.36 p99=32112.64 ms | lag avail=10500 prices=15860 otaSync=9371 otaPrices=8918 | ackErr=0 pushErr=0 shed=0 gor=22722
[12:23:47] prodA= 12756 prodB= 12841 | db= 12712 cal= 12441 ota=  65036 otap=  61620 acked= 144773 e2e= 25331/s | p50=9109.50 p99=32374.78 ms | lag avail=10544 prices=16260 otaSync=9140 otaPrices=9076 | ackErr=0 pushErr=0 shed=0 gor=19228
[12:23:48] prodA= 12030 prodB= 12065 | db= 12243 cal= 12796 ota=  58880 otap=  59125 acked= 146203 e2e= 23601/s | p50=9109.50 p99=32636.93 ms | lag avail=10331 prices=15529 otaSync=10161 otaPrices=9723 | ackErr=0 pushErr=0 shed=0 gor=20138
[12:23:49] prodA= 11843 prodB= 11873 | db= 12183 cal= 13152 ota=  58668 otap=  63260 acked= 155392 e2e= 24386/s | p50=8978.43 p99=32112.64 ms | lag avail=9991 prices=14250 otaSync=9950 otaPrices=10265 | ackErr=0 pushErr=0 shed=0 gor=22535
[12:23:50] prodA= 10334 prodB= 10334 | db= 10676 cal= 13344 ota=  54040 otap=  59802 acked= 133504 e2e= 22768/s | p50=8978.43 p99=31850.50 ms | lag avail=9649 prices=11240 otaSync=9908 otaPrices=12022 | ackErr=0 pushErr=0 shed=0 gor=19740
[12:23:51] prodA= 10155 prodB= 10226 | db=  9692 cal= 10896 ota=  49461 otap=  57860 acked= 125174 e2e= 21464/s | p50=8847.36 p99=32374.78 ms | lag avail=10112 prices=10570 otaSync=9381 otaPrices=11744 | ackErr=0 pushErr=0 shed=0 gor=18610
[12:23:52] prodA= 12746 prodB= 12724 | db= 12244 cal= 12674 ota=  62626 otap=  69216 acked= 160411 e2e= 26368/s | p50=9240.58 p99=32899.07 ms | lag avail=10614 prices=10620 otaSync=10111 otaPrices=10098 | ackErr=0 pushErr=0 shed=0 gor=14320
[12:23:53] prodA= 12062 prodB= 12054 | db= 12505 cal= 12041 ota=  59007 otap=  59095 acked= 145278 e2e= 23620/s | p50=9109.50 p99=33423.36 ms | lag avail=10171 prices=10633 otaSync=9843 otaPrices=10909 | ackErr=0 pushErr=0 shed=0 gor=19868
[12:23:54] prodA= 12999 prodB= 13033 | db= 12489 cal= 12097 ota=  67745 otap=  64327 acked= 153678 e2e= 26414/s | p50=8978.43 p99=32899.07 ms | lag avail=10681 prices=11569 otaSync=9140 otaPrices=9368 | ackErr=0 pushErr=0 shed=0 gor=15169
[12:23:55] prodA= 13181 prodB= 13059 | db= 13050 cal= 12845 ota=  61441 otap=  59571 acked= 145899 e2e= 24202/s | p50=9240.58 p99=32636.93 ms | lag avail=10812 prices=11783 otaSync=9756 otaPrices=10398 | ackErr=0 pushErr=0 shed=0 gor=15711
[12:23:56] prodA= 13031 prodB= 13221 | db= 13102 cal= 12853 ota=  63267 otap=  65064 acked= 157551 e2e= 25666/s | p50=9109.50 p99=32899.07 ms | lag avail=10741 prices=12151 otaSync=10384 otaPrices=10471 | ackErr=0 pushErr=0 shed=0 gor=16140
[12:23:57] prodA= 11783 prodB= 11810 | db= 12151 cal= 12399 ota=  62996 otap=  63137 acked= 146068 e2e= 25227/s | p50=9240.58 p99=33423.36 ms | lag avail=10373 prices=11562 otaSync=9773 otaPrices=10527 | ackErr=0 pushErr=0 shed=0 gor=13411
[12:23:58] prodA= 12685 prodB= 12688 | db= 12883 cal= 12879 ota=  63652 otap=  64126 acked= 152479 e2e= 25556/s | p50=9240.58 p99=33423.36 ms | lag avail=10175 prices=11371 otaSync=10628 otaPrices=9768 | ackErr=0 pushErr=0 shed=0 gor=17782
[12:23:59] prodA= 10030 prodB=  9964 | db=  9718 cal= 10449 ota=  54801 otap=  51712 acked= 128992 e2e= 21303/s | p50=9371.65 p99=33423.36 ms | lag avail=10487 prices=10886 otaSync=9007 otaPrices=10325 | ackErr=0 pushErr=0 shed=0 gor=13281
[12:24:00] prodA= 11530 prodB= 11430 | db= 12114 cal= 12042 ota=  60799 otap=  61076 acked= 145887 e2e= 24375/s | p50=9502.72 p99=33423.36 ms | lag avail=9903 prices=10274 otaSync=8453 otaPrices=10128 | ackErr=0 pushErr=0 shed=0 gor=16892
[12:24:01] prodA= 12120 prodB= 12111 | db= 11902 cal= 11453 ota=  58797 otap=  60472 acked= 139497 e2e= 23854/s | p50=9240.58 p99=32636.93 ms | lag avail=10121 prices=10932 otaSync=8854 otaPrices=9543 | ackErr=0 pushErr=0 shed=0 gor=13783
[12:24:02] prodA= 12076 prodB= 12031 | db= 12319 cal= 12165 ota=  61221 otap=  60578 acked= 147197 e2e= 24360/s | p50=9371.65 p99=33161.22 ms | lag avail=9878 prices=10798 otaSync=8724 otaPrices=9617 | ackErr=0 pushErr=0 shed=0 gor=13056
[12:24:03] prodA= 12557 prodB= 12569 | db= 11457 cal= 12036 ota=  57410 otap=  62284 acked= 142827 e2e= 23939/s | p50=9371.65 p99=33816.58 ms | lag avail=10978 prices=11331 otaSync=8621 otaPrices=9008 | ackErr=0 pushErr=0 shed=0 gor=18754
[12:24:04] prodA= 12689 prodB= 12640 | db= 12837 cal= 13046 ota=  59468 otap=  59356 acked= 147193 e2e= 23765/s | p50=9371.65 p99=33816.58 ms | lag avail=10830 prices=10925 otaSync=9743 otaPrices=10392 | ackErr=0 pushErr=0 shed=0 gor=18440
[12:24:05] prodA= 13217 prodB= 13013 | db= 12515 cal= 12486 ota=  63081 otap=  63817 acked= 156741 e2e= 25380/s | p50=9502.72 p99=34340.86 ms | lag avail=11532 prices=11452 otaSync=9376 otaPrices=10006 | ackErr=0 pushErr=0 shed=0 gor=22690
[12:24:06] prodA= 12495 prodB= 12590 | db= 12538 cal= 11900 ota=  66677 otap=  63047 acked= 143897 e2e= 25945/s | p50=9371.65 p99=33816.58 ms | lag avail=11489 prices=12142 otaSync=8900 otaPrices=9011 | ackErr=0 pushErr=0 shed=0 gor=17056
[12:24:07] prodA= 12315 prodB= 12202 | db= 13738 cal= 12437 ota=  60522 otap=  61383 acked= 149719 e2e= 24381/s | p50=9371.65 p99=34340.86 ms | lag avail=10066 prices=11907 otaSync=10533 otaPrices=9751 | ackErr=0 pushErr=0 shed=0 gor=13892
[12:24:08] prodA= 12547 prodB= 12711 | db= 11869 cal= 12578 ota=  61311 otap=  60405 acked= 146675 e2e= 24343/s | p50=9371.65 p99=33816.58 ms | lag avail=10744 prices=12040 otaSync=10178 otaPrices=9681 | ackErr=0 pushErr=0 shed=0 gor=20010
[12:24:09] prodA= 12434 prodB= 12166 | db= 12646 cal= 12911 ota=  62956 otap=  64445 acked= 158785 e2e= 25480/s | p50=9371.65 p99=33816.58 ms | lag avail=10532 prices=11295 otaSync=10721 otaPrices=9688 | ackErr=0 pushErr=0 shed=0 gor=20406
[12:24:10] prodA= 11975 prodB= 11995 | db= 12081 cal= 11584 ota=  63056 otap=  62796 acked= 141819 e2e= 25170/s | p50=9240.58 p99=34340.86 ms | lag avail=10426 prices=11706 otaSync=9946 otaPrices=8757 | ackErr=0 pushErr=0 shed=0 gor=15676
[12:24:11] prodA= 12299 prodB= 12099 | db= 12583 cal= 12259 ota=  64698 otap=  63085 acked= 152432 e2e= 25557/s | p50=9240.58 p99=34340.86 ms | lag avail=10142 prices=11546 otaSync=10172 otaPrices=8523 | ackErr=0 pushErr=0 shed=0 gor=11435
[12:24:12] prodA= 12824 prodB= 12943 | db= 12437 cal= 12474 ota=  58796 otap=  58305 acked= 146274 e2e= 23420/s | p50=9240.58 p99=34340.86 ms | lag avail=10529 prices=12015 otaSync=9857 otaPrices=9078 | ackErr=0 pushErr=0 shed=0 gor=15983
[12:24:13] prodA= 12610 prodB= 12582 | db= 12049 cal= 11918 ota=  61072 otap=  59827 acked= 144158 e2e= 24180/s | p50=9371.65 p99=33816.58 ms | lag avail=11090 prices=12679 otaSync=9858 otaPrices=9531 | ackErr=0 pushErr=0 shed=0 gor=14389
[12:24:14] prodA= 12496 prodB= 12528 | db= 12707 cal= 12160 ota=  64486 otap=  63307 acked= 148067 e2e= 25559/s | p50=9371.65 p99=34340.86 ms | lag avail=10879 prices=13047 otaSync=9362 otaPrices=9020 | ackErr=0 pushErr=0 shed=0 gor=16931
[12:24:15] prodA= 13470 prodB= 13415 | db= 13522 cal= 12647 ota=  62102 otap=  58215 acked= 155925 e2e= 24063/s | p50=9502.72 p99=34340.86 ms | lag avail=10827 prices=13815 otaSync=11414 otaPrices=10095 | ackErr=0 pushErr=0 shed=0 gor=22562
[12:24:16] prodA= 12094 prodB= 11932 | db= 12009 cal= 11430 ota=  64409 otap=  59713 acked= 138273 e2e= 24824/s | p50=9502.72 p99=34340.86 ms | lag avail=10912 prices=14317 otaSync=10636 otaPrices=9456 | ackErr=0 pushErr=0 shed=0 gor=15643
[12:24:17] prodA= 12325 prodB= 12298 | db= 13285 cal= 13214 ota=  64085 otap=  60583 acked= 156706 e2e= 24934/s | p50=9240.58 p99=34865.15 ms | lag avail=9952 prices=13401 otaSync=10574 otaPrices=10913 | ackErr=0 pushErr=0 shed=0 gor=21761
[12:24:18] prodA= 12161 prodB= 12134 | db= 11979 cal= 12157 ota=  63423 otap=  64626 acked= 147898 e2e= 25610/s | p50=9371.65 p99=34340.86 ms | lag avail=10134 prices=13378 otaSync=9958 otaPrices=9906 | ackErr=0 pushErr=0 shed=0 gor=14178
[12:24:19] prodA= 12080 prodB= 12081 | db= 12433 cal= 13123 ota=  60720 otap=  62238 acked= 156660 e2e= 24592/s | p50=9371.65 p99=34340.86 ms | lag avail=9781 prices=12336 otaSync=10316 otaPrices=10074 | ackErr=0 pushErr=0 shed=0 gor=15884
[12:24:20] prodA= 11458 prodB= 11426 | db= 11045 cal= 11776 ota=  60982 otap=  65377 acked= 144414 e2e= 25272/s | p50=9502.72 p99=34865.15 ms | lag avail=10194 prices=11986 otaSync=9487 otaPrices=8820 | ackErr=0 pushErr=0 shed=0 gor=18927
[12:24:21] prodA= 12423 prodB= 12344 | db= 11543 cal= 12353 ota=  54663 otap=  57235 acked= 134791 e2e= 22380/s | p50=9371.65 p99=34865.15 ms | lag avail=11074 prices=11977 otaSync=10008 otaPrices=9738 | ackErr=0 pushErr=0 shed=0 gor=18089
[12:24:22] prodA= 12235 prodB= 12210 | db= 12938 cal= 12185 ota=  59332 otap=  62001 acked= 146235 e2e= 24267/s | p50=9371.65 p99=34865.15 ms | lag avail=10371 prices=12002 otaSync=10562 otaPrices=9624 | ackErr=0 pushErr=0 shed=0 gor=16371
[12:24:23] prodA= 12549 prodB= 12466 | db= 12609 cal= 12597 ota=  63553 otap=  62535 acked= 155598 e2e= 25218/s | p50=9240.58 p99=34865.15 ms | lag avail=10311 prices=11871 otaSync=10624 otaPrices=9467 | ackErr=0 pushErr=0 shed=0 gor=18840
[12:24:24] prodA= 12457 prodB= 12431 | db= 12632 cal= 11404 ota=  65988 otap=  59623 acked= 150340 e2e= 25122/s | p50=9371.65 p99=34865.15 ms | lag avail=10136 prices=12898 otaSync=10405 otaPrices=9662 | ackErr=0 pushErr=0 shed=0 gor=19550
[12:24:25] prodA= 12297 prodB= 12329 | db= 11757 cal= 13889 ota=  59173 otap=  58273 acked= 140514 e2e= 23489/s | p50=9371.65 p99=34865.15 ms | lag avail=10676 prices=11338 otaSync=10335 otaPrices=11660 | ackErr=0 pushErr=0 shed=0 gor=18977
[12:24:26] prodA= 12204 prodB= 12233 | db= 11849 cal= 11316 ota=  60108 otap=  66020 acked= 144755 e2e= 25226/s | p50=9502.72 p99=34865.15 ms | lag avail=11031 prices=12255 otaSync=9375 otaPrices=9808 | ackErr=0 pushErr=0 shed=0 gor=14307
[12:24:27] prodA= 13060 prodB= 13089 | db= 13205 cal= 12507 ota=  61988 otap=  61523 acked= 151489 e2e= 24702/s | p50=9633.79 p99=35389.44 ms | lag avail=10886 prices=12837 otaSync=10252 otaPrices=10068 | ackErr=0 pushErr=0 shed=0 gor=20208
[12:24:28] prodA= 12124 prodB= 11939 | db= 12368 cal= 12390 ota=  64589 otap=  61042 acked= 152963 e2e= 25126/s | p50=9502.72 p99=34865.15 ms | lag avail=10642 prices=12386 otaSync=9807 otaPrices=10314 | ackErr=0 pushErr=0 shed=0 gor=21665
[12:24:29] prodA= 11689 prodB= 11705 | db= 12572 cal= 12228 ota=  58983 otap=  59558 acked= 145069 e2e= 23708/s | p50=9371.65 p99=34865.15 ms | lag avail=9759 prices=11863 otaSync=10430 otaPrices=11087 | ackErr=0 pushErr=0 shed=0 gor=20855
[12:24:30] prodA=  9653 prodB=  9569 | db=  9195 cal= 11541 ota=  51352 otap=  52262 acked= 127497 e2e= 20723/s | p50=9502.72 p99=34865.15 ms | lag avail=10217 prices=9891 otaSync=9429 otaPrices=11998 | ackErr=0 pushErr=0 shed=0 gor=17498
[12:24:31] prodA= 12073 prodB= 11896 | db= 11765 cal= 11658 ota=  60632 otap=  67489 acked= 143742 e2e= 25624/s | p50=9633.79 p99=34865.15 ms | lag avail=10525 prices=10129 otaSync=8971 otaPrices=9499 | ackErr=0 pushErr=0 shed=0 gor=15505
[12:24:32] prodA= 12270 prodB= 12176 | db= 12406 cal= 11650 ota=  57485 otap=  56712 acked= 139820 e2e= 22839/s | p50=9764.86 p99=35389.44 ms | lag avail=10389 prices=10655 otaSync=10268 otaPrices=9785 | ackErr=0 pushErr=0 shed=0 gor=18299
[12:24:33] prodA= 13281 prodB= 13223 | db= 12633 cal= 13387 ota=  64796 otap=  62488 acked= 158645 e2e= 25457/s | p50=9895.94 p99=35389.44 ms | lag avail=11037 prices=10491 otaSync=9757 otaPrices=11133 | ackErr=0 pushErr=0 shed=0 gor=21342
[12:24:34] prodA= 11640 prodB= 11710 | db= 11877 cal= 10843 ota=  59244 otap=  62768 acked= 137968 e2e= 24402/s | p50=9895.94 p99=35389.44 ms | lag avail=10800 prices=11358 otaSync=9556 otaPrices=8848 | ackErr=0 pushErr=0 shed=0 gor=18346
[12:24:35] prodA= 11283 prodB= 11272 | db= 12035 cal= 10944 ota=  60646 otap=  55884 acked= 136100 e2e= 23306/s | p50=9895.94 p99=35389.44 ms | lag avail=10048 prices=11686 otaSync=9597 otaPrices=8971 | ackErr=0 pushErr=0 shed=0 gor=17643
[12:24:36] prodA= 13396 prodB= 13566 | db= 13062 cal= 13397 ota=  62905 otap=  62352 acked= 156067 e2e= 25051/s | p50=9764.86 p99=35389.44 ms | lag avail=10382 prices=11855 otaSync=10178 otaPrices=10116 | ackErr=0 pushErr=0 shed=0 gor=18522
[12:24:37] prodA= 12290 prodB= 12359 | db= 12200 cal= 12672 ota=  61094 otap=  64018 acked= 149861 e2e= 25022/s | p50=9895.94 p99=34865.15 ms | lag avail=10472 prices=11542 otaSync=9879 otaPrices=10218 | ackErr=0 pushErr=0 shed=0 gor=15461
[12:24:38] prodA= 13376 prodB= 13213 | db= 13171 cal= 12437 ota=  64459 otap=  62169 acked= 152361 e2e= 25326/s | p50=9895.94 p99=35913.73 ms | lag avail=10677 prices=12318 otaSync=9994 otaPrices=9732 | ackErr=0 pushErr=0 shed=0 gor=19366
[12:24:39] prodA= 12317 prodB= 12404 | db= 12688 cal= 12831 ota=  64867 otap=  63943 acked= 155255 e2e= 25762/s | p50=9895.94 p99=34865.15 ms | lag avail=10306 prices=11891 otaSync=10414 otaPrices=9640 | ackErr=0 pushErr=0 shed=0 gor=19882
[12:24:40] prodA= 11835 prodB= 11840 | db= 12270 cal= 12477 ota=  60671 otap=  59694 acked= 145441 e2e= 24073/s | p50=9764.86 p99=35389.44 ms | lag avail=9871 prices=11254 otaSync=10485 otaPrices=11147 | ackErr=0 pushErr=0 shed=0 gor=20042
[12:24:41] prodA= 12551 prodB= 12527 | db= 11726 cal= 12903 ota=  62542 otap=  62650 acked= 146090 e2e= 25038/s | p50=9895.94 p99=35389.44 ms | lag avail=10696 prices=10878 otaSync=9940 otaPrices=11032 | ackErr=0 pushErr=0 shed=0 gor=15373
[12:24:42] prodA= 13029 prodB= 12951 | db= 12595 cal= 11737 ota=  61416 otap=  62249 acked= 147292 e2e= 24733/s | p50=10027.01 p99=35389.44 ms | lag avail=11130 prices=12092 otaSync=9960 otaPrices=10213 | ackErr=0 pushErr=0 shed=0 gor=14471
[12:24:43] prodA= 11779 prodB= 11791 | db= 12097 cal= 11596 ota=  63499 otap=  62293 acked= 147114 e2e= 25158/s | p50=9895.94 p99=35389.44 ms | lag avail=10812 prices=12287 otaSync=9000 otaPrices=9663 | ackErr=0 pushErr=0 shed=0 gor=15079
[12:24:44] prodA= 12829 prodB= 12786 | db= 13252 cal= 13301 ota=  60848 otap=  62090 acked= 152535 e2e= 24588/s | p50=10027.01 p99=35389.44 ms | lag avail=10389 prices=11772 otaSync=10187 otaPrices=9874 | ackErr=0 pushErr=0 shed=0 gor=16721
[12:24:45] prodA= 12671 prodB= 12689 | db= 12879 cal= 12591 ota=  66396 otap=  64052 acked= 156396 e2e= 26090/s | p50=10158.08 p99=35389.44 ms | lag avail=10181 prices=11870 otaSync=10244 otaPrices=10209 | ackErr=0 pushErr=0 shed=0 gor=19604
[12:24:46] prodA= 12710 prodB= 12770 | db= 12589 cal= 12504 ota=  65470 otap=  62558 acked= 154710 e2e= 25606/s | p50=10027.01 p99=35389.44 ms | lag avail=10302 prices=12136 otaSync=9488 otaPrices=9598 | ackErr=0 pushErr=0 shed=0 gor=14242
[12:24:47] prodA= 12684 prodB= 12682 | db= 12380 cal= 12996 ota=  60725 otap=  62113 acked= 144504 e2e= 24568/s | p50=9895.94 p99=35389.44 ms | lag avail=10606 prices=11822 otaSync=9391 otaPrices=9953 | ackErr=0 pushErr=0 shed=0 gor=16667
[12:24:48] prodA= 12830 prodB= 12697 | db= 12565 cal= 12300 ota=  61601 otap=  62450 acked= 151742 e2e= 24810/s | p50=9895.94 p99=35389.44 ms | lag avail=10871 prices=12219 otaSync=9982 otaPrices=9960 | ackErr=0 pushErr=0 shed=0 gor=18464
[12:24:49] prodA= 12067 prodB= 12053 | db= 12264 cal= 12609 ota=  62060 otap=  64418 acked= 150110 e2e= 25296/s | p50=10027.01 p99=35389.44 ms | lag avail=10674 prices=11663 otaSync=9927 otaPrices=9963 | ackErr=0 pushErr=0 shed=0 gor=12612
[12:24:50] prodA= 11640 prodB= 11759 | db= 11898 cal= 12850 ota=  57792 otap=  60825 acked= 146753 e2e= 23723/s | p50=10027.01 p99=35389.44 ms | lag avail=10416 prices=10572 otaSync=10249 otaPrices=10824 | ackErr=0 pushErr=0 shed=0 gor=15711
[12:24:51] prodA= 12281 prodB= 12275 | db= 12286 cal= 11913 ota=  62999 otap=  63739 acked= 150568 e2e= 25348/s | p50=10027.01 p99=35389.44 ms | lag avail=10411 prices=10934 otaSync=9683 otaPrices=9420 | ackErr=0 pushErr=0 shed=0 gor=18361
[12:24:52] prodA= 11585 prodB= 11546 | db= 11289 cal= 11601 ota=  62370 otap=  59077 acked= 144597 e2e= 24289/s | p50=10027.01 p99=36438.02 ms | lag avail=10707 prices=10879 otaSync=8831 otaPrices=9245 | ackErr=0 pushErr=0 shed=0 gor=13651
[12:24:53] prodA= 12424 prodB= 12436 | db= 13088 cal= 12050 ota=  61252 otap=  59031 acked= 144925 e2e= 24057/s | p50=10027.01 p99=35913.73 ms | lag avail=10043 prices=11265 otaSync=10158 otaPrices=9525 | ackErr=0 pushErr=0 shed=0 gor=17261
[12:24:54] prodA= 13295 prodB= 13278 | db= 12573 cal= 13034 ota=  63241 otap=  62521 acked= 152884 e2e= 25152/s | p50=9633.79 p99=35389.44 ms | lag avail=10765 prices=11509 otaSync=9803 otaPrices=10023 | ackErr=0 pushErr=0 shed=0 gor=19322
[12:24:55] prodA= 12697 prodB= 12608 | db= 12167 cal= 12991 ota=  58217 otap=  64306 acked= 146722 e2e= 24505/s | p50=9895.94 p99=35913.73 ms | lag avail=11295 prices=11126 otaSync=9932 otaPrices=10255 | ackErr=0 pushErr=0 shed=0 gor=18493
[12:24:56] prodA= 12712 prodB= 12592 | db= 13712 cal= 12401 ota=  64856 otap=  67992 acked= 160474 e2e= 26570/s | p50=9895.94 p99=35913.73 ms | lag avail=10295 prices=11317 otaSync=11126 otaPrices=9349 | ackErr=0 pushErr=0 shed=0 gor=19121
[12:24:57] prodA= 12026 prodB= 11993 | db= 11934 cal= 12241 ota=  60871 otap=  55737 acked= 144285 e2e= 23322/s | p50=9764.86 p99=35389.44 ms | lag avail=10387 prices=11069 otaSync=10270 otaPrices=9966 | ackErr=0 pushErr=0 shed=0 gor=20630
[12:24:58] prodA= 12114 prodB= 12096 | db= 12496 cal= 12376 ota=  66884 otap=  65507 acked= 144079 e2e= 26478/s | p50=10289.15 p99=35913.73 ms | lag avail=10005 prices=10789 otaSync=9696 otaPrices=9447 | ackErr=0 pushErr=0 shed=0 gor=13142
[12:24:59] prodA= 12360 prodB= 12204 | db= 11578 cal= 12160 ota=  56920 otap=  60909 acked= 149018 e2e= 23566/s | p50=10289.15 p99=35389.44 ms | lag avail=10787 prices=10833 otaSync=9553 otaPrices=9339 | ackErr=0 pushErr=0 shed=0 gor=15729
[12:25:00] prodA= 11200 prodB= 11320 | db= 12152 cal= 11548 ota=  60571 otap=  59280 acked= 140560 e2e= 23970/s | p50=10027.01 p99=35913.73 ms | lag avail=9835 prices=10605 otaSync=9344 otaPrices=9188 | ackErr=0 pushErr=0 shed=0 gor=12465
[12:25:01] prodA=  9901 prodB=  9878 | db=  9014 cal=  9548 ota=  46588 otap=  43515 acked= 121283 e2e= 18021/s | p50=9895.94 p99=35389.44 ms | lag avail=10722 prices=10935 otaSync=9242 otaPrices=9744 | ackErr=0 pushErr=0 shed=0 gor=15038
[12:25:02] prodA= 12294 prodB= 12294 | db= 11956 cal= 12181 ota=  59396 otap=  60793 acked= 135614 e2e= 24038/s | p50=10158.08 p99=36438.02 ms | lag avail=11060 prices=11048 otaSync=9326 otaPrices=10023 | ackErr=0 pushErr=0 shed=0 gor=14157
[12:25:03] prodA= 11573 prodB= 11807 | db= 12237 cal= 12292 ota=  58546 otap=  61361 acked= 142887 e2e= 23981/s | p50=9895.94 p99=35913.73 ms | lag avail=10396 prices=10563 otaSync=10600 otaPrices=9782 | ackErr=0 pushErr=0 shed=0 gor=16020
[12:25:04] prodA= 12281 prodB= 12299 | db= 12454 cal= 12057 ota=  61523 otap=  61109 acked= 150305 e2e= 24526/s | p50=10027.01 p99=35389.44 ms | lag avail=10223 prices=10805 otaSync=10463 otaPrices=10598 | ackErr=0 pushErr=0 shed=0 gor=18365
[12:25:05] prodA= 12184 prodB= 12292 | db= 11933 cal= 12142 ota=  63415 otap=  60924 acked= 145721 e2e= 24868/s | p50=10158.08 p99=36438.02 ms | lag avail=10474 prices=10955 otaSync=9611 otaPrices=10204 | ackErr=0 pushErr=0 shed=0 gor=14776
[12:25:06] prodA= 13265 prodB= 13362 | db= 13170 cal= 13029 ota=  62117 otap=  62017 acked= 153024 e2e= 24827/s | p50=10158.08 p99=36962.30 ms | lag avail=10569 prices=11288 otaSync=10749 otaPrices=10140 | ackErr=0 pushErr=0 shed=0 gor=19249
[12:25:07] prodA= 12470 prodB= 12381 | db= 12144 cal= 12148 ota=  60409 otap=  60223 acked= 143504 e2e= 24126/s | p50=10027.01 p99=35913.73 ms | lag avail=10895 prices=11521 otaSync=11220 otaPrices=10296 | ackErr=0 pushErr=0 shed=0 gor=18020
[12:25:08] prodA= 12403 prodB= 12435 | db= 12287 cal= 12784 ota=  61862 otap=  63919 acked= 151342 e2e= 25156/s | p50=10420.22 p99=35913.73 ms | lag avail=11011 prices=11172 otaSync=10559 otaPrices=10663 | ackErr=0 pushErr=0 shed=0 gor=19852
[12:25:09] prodA= 11343 prodB= 11278 | db= 12005 cal= 11520 ota=  56577 otap=  60989 acked= 141743 e2e= 23513/s | p50=10027.01 p99=36962.30 ms | lag avail=10349 prices=10930 otaSync=10825 otaPrices=9771 | ackErr=0 pushErr=0 shed=0 gor=15532
[12:25:10] prodA= 11849 prodB= 11769 | db= 11752 cal= 11343 ota=  62902 otap=  57450 acked= 143747 e2e= 24070/s | p50=10289.15 p99=36438.02 ms | lag avail=10446 prices=11356 otaSync=10428 otaPrices=9738 | ackErr=0 pushErr=0 shed=0 gor=19425
[12:25:11] prodA= 12616 prodB= 12548 | db= 12065 cal= 12187 ota=  61596 otap=  59338 acked= 143665 e2e= 24187/s | p50=10551.30 p99=38010.88 ms | lag avail=10997 prices=11717 otaSync=10259 otaPrices=10326 | ackErr=0 pushErr=0 shed=0 gor=16447
[12:25:12] prodA= 12366 prodB= 12450 | db= 12332 cal= 12063 ota=  60988 otap=  61018 acked= 143254 e2e= 24401/s | p50=10420.22 p99=36438.02 ms | lag avail=11031 prices=12104 otaSync=10163 otaPrices=10481 | ackErr=0 pushErr=0 shed=0 gor=16454
[12:25:13] prodA= 12359 prodB= 12335 | db= 12390 cal= 12993 ota=  63917 otap=  62015 acked= 153990 e2e= 25186/s | p50=10027.01 p99=38010.88 ms | lag avail=11000 prices=11446 otaSync=9523 otaPrices=11143 | ackErr=0 pushErr=0 shed=0 gor=19412
[12:25:14] prodA= 12395 prodB= 12460 | db= 12819 cal= 12521 ota=  62602 otap=  65812 acked= 153686 e2e= 25683/s | p50=10158.08 p99=36438.02 ms | lag avail=10576 prices=11385 otaSync=9693 otaPrices=9645 | ackErr=0 pushErr=0 shed=0 gor=11438
[12:25:15] prodA= 12385 prodB= 12390 | db= 11845 cal= 12142 ota=  59644 otap=  63250 acked= 142918 e2e= 24579/s | p50=10420.22 p99=36962.30 ms | lag avail=11116 prices=11633 otaSync=10459 otaPrices=9337 | ackErr=0 pushErr=0 shed=0 gor=12542
[12:25:16] prodA= 12600 prodB= 12480 | db= 12963 cal= 13560 ota=  58212 otap=  57964 acked= 149049 e2e= 23235/s | p50=10158.08 p99=38010.88 ms | lag avail=10753 prices=10553 otaSync=11339 otaPrices=12289 | ackErr=0 pushErr=0 shed=0 gor=19966
[12:25:17] prodA= 12297 prodB= 12316 | db= 12619 cal= 11121 ota=  67609 otap=  63421 acked= 152299 e2e= 26206/s | p50=10551.30 p99=38010.88 ms | lag avail=10431 prices=11748 otaSync=9943 otaPrices=10791 | ackErr=0 pushErr=0 shed=0 gor=15448
[12:25:18] prodA= 12504 prodB= 12478 | db= 12160 cal= 12080 ota=  62440 otap=  58272 acked= 143664 e2e= 24142/s | p50=10682.37 p99=37486.59 ms | lag avail=10775 prices=12146 otaSync=9352 otaPrices=10478 | ackErr=0 pushErr=0 shed=0 gor=13651
[12:25:19] prodA= 12215 prodB= 12192 | db= 12293 cal= 11799 ota=  60950 otap=  60387 acked= 147350 e2e= 24267/s | p50=10420.22 p99=38535.17 ms | lag avail=10697 prices=12539 otaSync=9991 otaPrices=10155 | ackErr=0 pushErr=0 shed=0 gor=21350
[12:25:20] prodA= 11607 prodB= 11553 | db= 12255 cal= 11649 ota=  60498 otap=  60862 acked= 152292 e2e= 24272/s | p50=10944.51 p99=37486.59 ms | lag avail=10049 prices=12443 otaSync=10035 otaPrices=9319 | ackErr=0 pushErr=0 shed=0 gor=16954
[12:25:21] prodA= 12005 prodB= 11970 | db= 11821 cal= 12363 ota=  62182 otap=  60614 acked= 138046 e2e= 24559/s | p50=10813.44 p99=36962.30 ms | lag avail=10233 prices=12050 otaSync=9771 otaPrices=9721 | ackErr=0 pushErr=0 shed=0 gor=17050
[12:25:22] prodA= 12425 prodB= 12225 | db= 12422 cal= 12767 ota=  60678 otap=  60418 acked= 148179 e2e= 24219/s | p50=10682.37 p99=37486.59 ms | lag avail=10236 prices=11508 otaSync=10006 otaPrices=10760 | ackErr=0 pushErr=0 shed=0 gor=14315
[12:25:23] prodA= 12470 prodB= 12617 | db= 12000 cal= 13235 ota=  60159 otap=  63603 acked= 145629 e2e= 24752/s | p50=10682.37 p99=38535.17 ms | lag avail=10706 prices=10890 otaSync=9609 otaPrices=11112 | ackErr=0 pushErr=0 shed=0 gor=14690
[12:25:24] prodA= 11878 prodB= 11840 | db= 12284 cal= 11763 ota=  57153 otap=  63955 acked= 146020 e2e= 24222/s | p50=10551.30 p99=37486.59 ms | lag avail=10300 prices=10967 otaSync=10936 otaPrices=10164 | ackErr=0 pushErr=0 shed=0 gor=17613
[12:25:25] prodA= 12126 prodB= 12096 | db= 12295 cal= 12592 ota=  63354 otap=  60106 acked= 154328 e2e= 24692/s | p50=10551.30 p99=37486.59 ms | lag avail=10131 prices=10471 otaSync=10341 otaPrices=10269 | ackErr=0 pushErr=0 shed=0 gor=19596
[12:25:26] prodA= 12735 prodB= 12650 | db= 12124 cal= 11852 ota=  63458 otap=  61638 acked= 147851 e2e= 25019/s | p50=10682.37 p99=36962.30 ms | lag avail=10742 prices=11269 otaSync=9499 otaPrices=10485 | ackErr=0 pushErr=0 shed=0 gor=19644
[12:25:27] prodA= 12748 prodB= 12647 | db= 12473 cal= 12176 ota=  58974 otap=  59412 acked= 140400 e2e= 23677/s | p50=10551.30 p99=36438.02 ms | lag avail=11017 prices=11740 otaSync=10368 otaPrices=10727 | ackErr=0 pushErr=0 shed=0 gor=17039
[12:25:28] prodA= 12037 prodB= 12044 | db= 12218 cal= 12040 ota=  62418 otap=  63048 acked= 147826 e2e= 25093/s | p50=10551.30 p99=38535.17 ms | lag avail=10836 prices=11744 otaSync=9699 otaPrices=9974 | ackErr=0 pushErr=0 shed=0 gor=16859
[12:25:29] prodA= 12760 prodB= 12956 | db= 13201 cal= 13018 ota=  62787 otap=  64177 acked= 155212 e2e= 25393/s | p50=10551.30 p99=36962.30 ms | lag avail=10395 prices=11682 otaSync=10463 otaPrices=10947 | ackErr=0 pushErr=0 shed=0 gor=18257
[12:25:30] prodA= 11786 prodB= 11853 | db= 12346 cal= 11861 ota=  65175 otap=  59443 acked= 146968 e2e= 24924/s | p50=10682.37 p99=38535.17 ms | lag avail=9835 prices=11674 otaSync=9652 otaPrices=10487 | ackErr=0 pushErr=0 shed=0 gor=13900
[12:25:31] prodA= 12378 prodB= 12158 | db= 12014 cal= 13262 ota=  60344 otap=  59340 acked= 150383 e2e= 23937/s | p50=10420.22 p99=38010.88 ms | lag avail=10199 prices=10570 otaSync=9975 otaPrices=11075 | ackErr=0 pushErr=0 shed=0 gor=17940
[12:25:32] prodA= 11379 prodB= 11515 | db= 11185 cal= 11400 ota=  60645 otap=  61748 acked= 134357 e2e= 24479/s | p50=10420.22 p99=37486.59 ms | lag avail=10393 prices=10685 otaSync=9217 otaPrices=10941 | ackErr=0 pushErr=0 shed=0 gor=12098
[12:25:33] prodA= 10961 prodB= 11052 | db= 10924 cal= 11369 ota=  48992 otap=  51722 acked= 132022 e2e= 20143/s | p50=10682.37 p99=38010.88 ms | lag avail=10430 prices=10368 otaSync=11025 otaPrices=11617 | ackErr=0 pushErr=0 shed=0 gor=20424
[12:25:34] prodA= 12466 prodB= 12424 | db= 12095 cal= 11949 ota=  62528 otap=  63217 acked= 147943 e2e= 25149/s | p50=10813.44 p99=38010.88 ms | lag avail=10801 prices=10843 otaSync=10554 otaPrices=10523 | ackErr=0 pushErr=0 shed=0 gor=15488
[12:25:35] prodA= 11717 prodB= 11638 | db= 12376 cal= 11754 ota=  59667 otap=  61047 acked= 147977 e2e= 24143/s | p50=10682.37 p99=39059.46 ms | lag avail=10142 prices=10727 otaSync=10012 otaPrices=10294 | ackErr=0 pushErr=0 shed=0 gor=15024
[12:25:36] prodA= 13222 prodB= 13246 | db= 12528 cal= 11584 ota=  62519 otap=  62931 acked= 144736 e2e= 25090/s | p50=10944.51 p99=39059.46 ms | lag avail=10836 prices=12389 otaSync=10179 otaPrices=8569 | ackErr=0 pushErr=0 shed=0 gor=18049
[12:25:37] prodA= 12849 prodB= 12740 | db= 13015 cal= 12992 ota=  63653 otap=  63093 acked= 153472 e2e= 25349/s | p50=10551.30 p99=39059.46 ms | lag avail=10670 prices=12137 otaSync=10104 otaPrices=9588 | ackErr=0 pushErr=0 shed=0 gor=15291
[12:25:38] prodA= 11610 prodB= 11585 | db= 11398 cal= 12895 ota=  59294 otap=  61327 acked= 143109 e2e= 24124/s | p50=10682.37 p99=38535.17 ms | lag avail=10882 prices=10827 otaSync=9820 otaPrices=10414 | ackErr=0 pushErr=0 shed=0 gor=13002
[12:25:39] prodA= 12416 prodB= 12521 | db= 12938 cal= 12226 ota=  59363 otap=  63579 acked= 153708 e2e= 24588/s | p50=10813.44 p99=39583.74 ms | lag avail=10360 prices=11122 otaSync=10902 otaPrices=9364 | ackErr=0 pushErr=0 shed=0 gor=20514
[12:25:40] prodA= 11916 prodB= 12029 | db= 12257 cal= 11748 ota=  66326 otap=  64019 acked= 149136 e2e= 26069/s | p50=10682.37 p99=39059.46 ms | lag avail=10019 prices=11403 otaSync=10015 otaPrices=8430 | ackErr=0 pushErr=0 shed=0 gor=13516
[12:25:41] prodA= 12815 prodB= 12816 | db= 12688 cal= 13208 ota=  62642 otap=  62892 acked= 152523 e2e= 25107/s | p50=10813.44 p99=39059.46 ms | lag avail=10146 prices=11011 otaSync=9796 otaPrices=9314 | ackErr=0 pushErr=0 shed=0 gor=17967
[12:25:42] prodA= 12599 prodB= 12652 | db= 12588 cal= 12805 ota=  61312 otap=  61225 acked= 150464 e2e= 24507/s | p50=10813.44 p99=39583.74 ms | lag avail=10157 prices=10858 otaSync=10272 otaPrices=9658 | ackErr=0 pushErr=0 shed=0 gor=11722
[12:25:43] prodA= 13647 prodB= 13537 | db= 12793 cal= 12089 ota=  63604 otap=  63669 acked= 151074 e2e= 25455/s | p50=10813.44 p99=39583.74 ms | lag avail=11011 prices=12306 otaSync=10747 otaPrices=8896 | ackErr=0 pushErr=0 shed=0 gor=19524
[12:25:44] prodA= 12649 prodB= 12746 | db= 12781 cal= 12822 ota=  65604 otap=  62997 acked= 155268 e2e= 25720/s | p50=10682.37 p99=39059.46 ms | lag avail=10879 prices=12230 otaSync=10692 otaPrices=9330 | ackErr=0 pushErr=0 shed=0 gor=20250
[12:25:45] prodA= 13400 prodB= 13395 | db= 13415 cal= 12481 ota=  65695 otap=  63284 acked= 152257 e2e= 25796/s | p50=10420.22 p99=39059.46 ms | lag avail=10864 prices=13144 otaSync=10676 otaPrices=9304 | ackErr=0 pushErr=0 shed=0 gor=19988
[12:25:46] prodA= 12233 prodB= 12281 | db= 12285 cal= 12817 ota=  63191 otap=  60985 acked= 147493 e2e= 24835/s | p50=10551.30 p99=39059.46 ms | lag avail=10812 prices=12608 otaSync=10155 otaPrices=9820 | ackErr=0 pushErr=0 shed=0 gor=17259
[12:25:47] prodA= 12405 prodB= 12428 | db= 11835 cal= 12353 ota=  58248 otap=  56792 acked= 140871 e2e= 23008/s | p50=10944.51 p99=39059.46 ms | lag avail=11382 prices=12683 otaSync=9926 otaPrices=10918 | ackErr=0 pushErr=0 shed=0 gor=15746
[12:25:48] prodA= 12310 prodB= 12406 | db= 12769 cal= 12716 ota=  62796 otap=  64891 acked= 145591 e2e= 25537/s | p50=10813.44 p99=39059.46 ms | lag avail=10923 prices=12373 otaSync=10479 otaPrices=10473 | ackErr=0 pushErr=0 shed=0 gor=11921
[12:25:49] prodA= 12016 prodB= 11927 | db= 11247 cal= 12222 ota=  61421 otap=  61625 acked= 149829 e2e= 24609/s | p50=10682.37 p99=39059.46 ms | lag avail=11692 prices=12078 otaSync=9301 otaPrices=10074 | ackErr=0 pushErr=0 shed=0 gor=19192

[final] producedA=7268998 producedB=7258658 | db=7257284 cal=7246649 ota=36239683 otap=36181446 | acked=86924582 ackErr=0 pushErr=2802 pushRetry=0 shed=0

=== VERIFIER (dir=/root/cmlogs-t3, ackErr=0) ===
stage(queue_group)               msgs     unique     dups     gaps    viols   inflight  verdict
cm-avail_cm-db                7257284    7257284        0        0        0     150076  PASS
cm-ota-sync_ota-1             7247800    7247800        0        0        0     159560  PASS
cm-ota-sync_ota-2             7247500    7247500        0        0        0     159860  PASS
cm-ota-sync_ota-3             7248534    7248534        0        0        0     158826  PASS
cm-ota-sync_ota-4             7247783    7247783        0        0        0     159577  PASS
cm-ota-sync_ota-5             7248066    7248066        0        0        0     159294  PASS
cm-prices_cm-cal              7246649    7246649        0        0        0     160602  PASS
cm-ota-prices_otap-1          7236002    7236002        0        0        0     171249  PASS
cm-ota-prices_otap-2          7236851    7236851        0        0        0     170400  PASS
cm-ota-prices_otap-3          7236085    7236085        0        0        0     171166  PASS
cm-ota-prices_otap-4          7236054    7236054        0        0        0     171197  PASS
cm-ota-prices_otap-5          7236454    7236454        0        0        0     170797  PASS
TOTAL                        86925062   86925062        0        0        0    1962604
VERDICT: PASS  (0 gaps below frontier, 0 order-violations, 0 dups, 1962604 in-flight at cutoff)
