epoch_ms,pg_cpu_pct,pg_mem_mb,queen_cpu_pct,queen_mem_mb,xact_commit_cum,wal_records_cum,wal_bytes_cum,wal_fsyncs_cum,wal_fsync_time_ms_cum,db_size_bytes,active_backends,top_wait
1786440928882,14.7,593.3,1.0,6.6,93,33175,9358411,51,7.518,9434815,0,
1786440929882,5.5,593.6,0.7,6.6,95,33176,9358477,52,7.9399999999999995,9434815,0,
1786440930882,93.8,856.4,82.1,50.6,179,33227,9362854,53,8.176,9803455,0,
1786440931882,27.5,898.6,175.7,60.3,581,33972,9497092,118,22.075000000000003,10081983,0,
1786440932883,55.4,967.5,173.5,69.3,1019,35927,9893130,323,63.237,10753727,0,
1786440933883,52.7,999.7,169.4,73.9,1454,38548,10432285,586,114.522,12056255,0,
1786440934883,66.9,1020.0,169.2,79.1,1717,40386,10825114,761,148.93599999999998,13072063,0,
1786440935882,70.9,1039.0,170.8,84.2,2224,44342,11688929,1079,219.124,13981375,4,transactionid
1786440936883,63.4,1046.4,160.1,90.3,2895,49373,12786295,1550,308.41499999999996,15193791,0,
1786440937882,91.4,1056.7,161.4,93.3,4542,57275,14247973,2484,461.803,16504511,0,
1786440938883,82.9,1077.2,165.9,94.6,6186,65991,15930528,3550,612.9700000000001,17970879,0,
1786440939882,88.6,1080.8,161.3,96.3,7326,74515,17794910,4335,759.1050000000001,19527359,3,ClientRead
1786440940883,126.2,1091.8,154.2,98.3,8614,85543,20001354,5207,907.328,21329599,0,
1786440941883,105.9,1097.7,157.9,99.8,10039,96183,22354222,6189,1071.9959999999999,23262911,2,ClientRead
1786440942882,156.7,1104.4,165.4,102.4,14934,114251,25167099,8875,1406.725,25777855,0,
1786440943883,119.0,1109.7,151.9,102.8,17673,128932,28036272,10575,1641.393,28161727,4,WALWrite
1786440944883,126.6,1115.4,154.1,102.9,19466,142313,30966255,11824,1835.763,30447295,1,ClientRead
1786440945882,136.2,1138.8,152.0,103.8,21387,156680,34140126,13168,2042.672,33846975,2,
1786440946883,144.4,1145.8,149.1,105.2,23494,172209,37557877,14645,2272.215,36837055,2,ClientRead
1786440947883,254.0,1157.5,181.5,112.3,29759,197014,41647823,17826,2663.175,40523455,5,ClientRead
1786440948883,168.6,1166.9,156.1,114.5,37101,224210,45856982,21620,3148.6390000000006,44160703,2,ClientRead
1786440949883,169.9,1191.7,149.3,117.1,39561,242585,49909774,23332,3409.2860000000005,47683263,3,ClientRead
1786440950883,209.8,1201.8,152.9,133.9,42133,265790,54332741,25132,3687.35,51205823,6,tuple
1786440951883,188.2,1210.1,152.8,137.5,44914,286583,58951027,27044,3978.8019999999997,54875839,1,ClientRead
1786440952883,288.1,1219.8,182.2,143.7,52322,317293,64125762,30674,4479.914999999999,59176639,11,WALWrite
1786440953882,290.2,1246.5,183.7,147.2,64215,357744,69921999,35736,5137.021,63174335,3,transactionid
1786440954882,212.8,1255.8,155.1,149.2,69298,385141,75342356,38394,5506.41,67671743,5,transactionid
1786440955883,220.9,1268.9,157.4,149.8,72581,409525,80641506,40626,5855.755,73209535,7,ClientRead
1786440956883,230.1,1295.7,155.3,153.5,75991,435125,86323239,42874,6221.025,78124735,5,ClientRead
1786440957882,329.1,1312.2,186.6,158.4,83543,469365,92431105,46255,6691.825999999999,83482303,8,WALWrite
1786440958883,343.7,1340.1,189.2,162.8,94851,512065,99117061,50623,7294.603,88757951,10,transactionid
1786440959883,337.1,1352.8,188.5,164.4,106396,556131,106118874,54860,7873.005999999999,94410431,8,WALWrite
1786440960883,340.6,1371.7,160.6,171.8,113974,599286,113217063,58251,8358.078000000001,99956415,10,WALWrite
1786440961883,265.5,1401.5,166.2,174.9,117899,628741,119687090,60722,8757.264000000001,105739967,1,ClientRead
1786440962882,346.9,1414.5,191.0,186.1,125725,666278,126679566,64049,9251.616,110974655,2,WALWrite
1786440963883,349.3,1443.0,195.8,187.2,136440,708961,133697058,67926,9837.857,116733631,8,ClientRead
1786440964883,352.9,1456.8,194.7,190.0,146401,750874,140876130,71452,10330.587,122312383,3,ClientRead
1786440965883,350.8,1485.3,198.1,189.4,157288,794824,148172205,75317,10863.952000000001,128128703,4,ClientRead
1786440966883,324.9,1498.9,193.2,190.6,168336,838362,155288643,79553,11477.497000000001,134141631,3,ClientRead
1786440967883,370.1,1519.0,199.2,199.8,178056,879724,162426433,83496,12053.684000000001,140105407,9,WALWrite
1786440968883,368.0,1548.4,199.2,202.3,188388,921550,169414755,87250,12621.695,145913535,2,ClientRead
1786440969883,360.7,1560.9,188.4,201.5,199441,964750,176369936,91275,13196.576000000001,151738047,8,WALWrite
1786440970883,392.8,1603.3,195.6,207.7,210874,1009276,183553152,95504,13798.401,157259455,10,relation
1786440971883,352.2,1602.1,196.3,208.4,222622,1064566,191557622,99565,14364.539,162371263,9,WALWrite
1786440972883,346.1,1629.5,195.7,208.5,234630,1109977,198623581,104003,14946.69,167638719,7,WALWrite
1786440973884,358.5,1643.1,192.5,224.6,243719,1150911,205907510,107264,15405.361,173135551,1,
1786440974882,354.5,1672.0,196.7,228.6,254728,1194964,213196789,111368,15995.08,178951871,9,ClientRead
1786440975882,359.2,1684.0,196.2,229.7,265760,1238894,220420627,115419,16570.872000000003,184972991,8,ClientRead
1786440976883,355.7,1696.5,195.6,230.1,277378,1283329,227478044,119720,17162.259000000002,190478015,8,ClientRead
1786440977883,363.2,1731.8,198.5,231.5,288914,1328336,234767484,123885,17746.240000000005,196744895,8,ClientRead
1786440978883,367.8,1746.7,204.8,234.4,300114,1371761,241801948,127812,18302.095000000005,202872511,7,WALWrite
1786440979882,348.5,1775.5,198.7,233.9,311235,1415371,248886930,131775,18880.078000000005,208746175,4,WALWrite
1786440980883,409.7,1789.6,196.4,251.4,321659,1467931,256759438,135621,19436.63,214374079,9,ClientRead
1786440981883,356.9,1817.7,190.1,253.1,331829,1510412,263827579,139303,19972.413,219649727,2,WalSync
1786440982883,362.2,1828.8,196.9,255.2,342974,1555067,271150097,143359,20545.729,224843455,9,ClientRead
1786440983882,351.1,1857.2,196.0,252.8,354356,1599761,278382463,147514,21115.461,230577855,9,ClientRead
1786440984883,361.8,1869.3,197.2,252.9,365266,1643657,285692884,151412,21703.493,236091071,7,WALWrite
1786440985882,352.0,1881.1,196.2,255.6,378477,1690086,292579218,156431,22386.734,241555135,10,ClientRead
1786440986883,342.4,1910.9,197.0,255.1,390786,1735893,299679952,160976,23031.961,247674559,6,WALWrite
1786440987884,362.9,1934.8,190.8,256.3,402250,1780425,306863836,165130,23603.808,253687487,11,WALWrite
1786440988883,380.3,1964.6,195.8,256.4,413447,1823324,313677378,169189,24157.541999999998,259536575,8,ClientRead
1786440989883,345.9,1976.4,192.9,256.6,422948,1863431,320560406,172604,24646.847999999998,265541311,3,transactionid
1786440990883,458.2,2014.9,181.1,277.4,432219,1903795,327618411,175962,25115.126,271570623,9,relation
1786440991883,383.3,2020.0,193.0,279.6,443371,1952922,335238673,179908,25662.902000000002,276698815,5,WALWrite
1786440992883,364.7,2030.6,196.7,279.9,454627,1997882,342447590,184051,26242.092,281917119,9,WALWrite
1786440993884,359.3,2057.7,194.8,281.2,464979,2036528,348383197,187865,26771.400999999998,286652095,6,transactionid
1786440994883,347.7,2069.6,204.6,283.5,475310,2077714,355122824,191600,27395.704999999998,292255423,5,WALWrite
1786440995882,364.0,2097.7,199.6,284.5,486528,2122901,362634349,195676,27959.581000000002,298391231,7,transactionid
1786440996882,354.8,2111.1,205.5,284.4,497514,2166644,369801844,199699,28525.322,304273087,9,WALWrite
1786440997882,373.4,2152.9,198.4,284.2,509101,2211520,377062040,203961,29114.791,310359743,10,WALWrite
1786440998882,358.7,2165.5,197.9,283.6,520690,2256509,384358589,208182,29685.949,316249791,7,ClientRead
1786440999884,349.4,2194.7,198.6,284.7,532456,2301974,391639310,212417,30271.149,322197183,5,WALWrite
1786441000883,403.0,2221.1,199.2,285.2,544198,2363918,399976997,216704,30860.398,327464639,8,WALWrite
1786441001883,377.3,2218.9,201.0,285.4,555324,2408220,407234299,220864,31428.636000000002,332617407,7,ClientRead
1786441002883,358.5,2247.2,204.2,304.8,565171,2449957,414211486,224497,31923.152000000002,337942207,12,WALWrite
1786441003883,365.8,2257.8,205.1,307.9,575711,2493666,421419452,228298,32482.029000000002,343086783,12,ClientRead
1786441004883,362.1,2285.7,199.1,307.7,586677,2537664,428683407,232416,33069.185,348272319,4,WALWrite
1786441005883,366.0,2297.5,197.6,308.9,597587,2581431,435901604,236395,33636.51299999999,353924799,3,ClientRead
1786441006883,364.9,2327.3,198.9,309.9,608664,2625859,443232352,240380,34217.416,360593087,10,ClientRead
1786441007883,391.5,2353.5,191.9,310.2,619367,2668808,450323181,244336,34791.423,366466751,5,ClientRead
1786441008883,367.4,2381.6,200.9,311.2,630034,2711712,457443695,248217,35350.364,372233919,8,WALWrite
1786441009883,375.5,2393.9,205.0,312.0,641177,2755550,464653280,252263,35926.157,378230463,9,transactionid
1786441010882,403.3,2531.4,199.0,312.8,651730,2798860,471959063,256067,36475.73399999999,384300735,9,ClientRead
1786441011883,374.0,2436.6,204.1,314.0,661962,2845399,479389202,259782,37035.12899999999,389666495,13,WALWrite
1786441012883,357.1,2447.4,206.5,315.1,673148,2890303,486685412,263649,37582.10599999999,394950335,5,WALWrite
1786441013883,355.5,2475.0,204.2,314.8,685070,2935967,493903929,267944,38168.204,400275135,9,transactionid
1786441014883,354.5,2485.9,202.2,314.2,697031,2982434,501411470,272267,38748.81599999999,405755583,9,WALWrite
1786441015883,355.5,2515.2,199.5,314.6,708645,3027481,508642454,276419,39335.98099999999,411571903,3,WalSync
1786441016883,354.4,2527.8,201.4,315.3,720507,3073523,516072685,280708,39928.903,417609407,7,transactionid
1786441017882,387.6,2552.9,200.0,309.8,732044,3119445,523403721,284785,40523.763999999996,423876287,10,transactionid
1786441018883,368.4,2583.5,202.9,346.4,742190,3161261,530413650,288574,41106.70399999999,429954751,10,ClientRead
1786441019883,378.5,2595.8,203.2,346.8,753132,3205576,537836506,292479,41668.14899999999,435713727,4,ClientRead
1786441020883,468.5,2739.1,180.1,348.3,764086,3248963,544924258,296475,42239.776,441988799,12,ClientRead
1786441021883,412.7,2638.1,202.1,350.0,774245,3302718,552847556,299921,42750.261,447182527,11,WALWrite
1786441022883,371.3,2665.8,202.6,349.7,785504,3348361,560203917,304037,43325.464,452622015,8,WALWrite
1786441023883,372.8,2677.1,207.9,349.2,796465,3392281,567350657,307937,43874.706999999995,457914047,9,WALWrite
1786441024883,349.7,2704.8,204.1,353.5,807517,3436425,574590540,311949,44450.318999999996,463075007,7,WALWrite
1786441025883,374.6,2715.5,204.3,355.8,817294,3478339,581893911,315254,45046.863,468956863,11,WALWrite
1786441026883,384.8,2729.2,209.1,354.1,828267,3522201,589074662,319225,45618.28,475182783,9,transactionid
1786441027884,422.9,2769.8,207.7,356.0,838558,3565150,596332040,322850,46176.672,481121983,14,WALWrite
1786441028883,374.6,2782.3,204.2,356.4,849472,3608565,603401984,326887,46747.242,486946495,6,WALWrite
1786441029883,367.0,2811.4,210.3,356.6,861392,3654263,610625717,331172,47355.992999999995,492877503,10,transactionid
1786441030883,447.0,2903.2,202.3,357.2,872437,3698096,617752443,335165,47929.026,498235071,9,WALWrite
1786441031883,388.5,2855.2,203.2,359.3,882322,3752366,625597107,338696,48461.288,503281343,6,ClientRead
1786441032883,355.2,2866.4,205.1,359.0,893858,3798448,633036300,342788,49038.815,508319423,7,WALWrite
1786441033882,353.4,2892.9,204.5,358.9,905711,3844394,640363421,347113,49622.413,513455807,13,WALWrite
1786441034883,355.0,2903.7,205.4,359.0,917294,3889532,647553495,351299,50211.852,518583999,7,WALWrite
1786441035882,355.4,2915.4,207.8,359.9,929081,3935026,654808195,355545,50796.431,524506815,11,WALWrite
1786441036883,352.6,2944.7,203.4,359.4,940307,3979801,662187272,359569,51379.971,530298559,8,ClientRead
1786441037883,423.7,2970.2,211.4,359.7,951285,4024750,669505826,363417,51947.2,536794815,9,ClientRead
1786441038883,356.7,2999.0,208.2,387.4,962094,4068344,676725044,367304,52522.975,542545599,7,WALWrite
1786441039883,386.0,3012.1,212.1,391.9,971394,4109090,683768465,370807,53042.492,548296383,5,transactionid
1786441040882,413.9,3155.9,198.9,393.2,982384,4153041,690956800,374803,53616.606999999996,554112703,7,transactionid
1786441041883,412.3,3053.0,201.1,396.5,991749,4198262,698354989,378037,54139.278,559404735,10,transactionid
1786441042883,377.3,3064.0,205.5,397.4,1002633,4242298,705335961,381962,54698.878,564631231,10,transactionid
1786441043883,374.8,3091.4,205.3,399.2,1013688,4287104,712704325,385946,55270.865999999995,569996991,5,ClientRead
1786441044883,374.5,3101.9,206.2,400.2,1025062,4331866,719890299,390141,55857.503,575133375,11,WALWrite
1786441045883,373.1,3130.0,210.0,400.9,1036091,4376472,727241339,394101,56418.297,580843199,6,ClientRead
1786441046883,376.5,3142.8,214.9,400.7,1047103,4420308,734362802,398075,56987.917,586921663,2,WalSync
1786441047883,438.1,3185.6,211.3,400.5,1057746,4463956,741722474,401948,57537.757,593295039,8,transactionid
1786441048882,406.3,3197.4,213.2,400.2,1068455,4507342,748864364,405803,58080.667,599201471,13,WALWrite
1786441049883,385.7,3226.2,213.2,401.3,1078938,4550314,756044957,409610,58647.412,605058751,14,WALWrite
1786441050882,481.0,3358.5,185.3,402.5,1089465,4592860,763113345,413323,59210.628,611047103,10,ClientRead
1786441051883,429.0,3251.8,203.7,404.5,1099477,4649288,771100991,416757,59746.304,616371903,12,WALWrite
1786441052883,371.2,3279.8,215.8,406.4,1110110,4692476,778029184,420538,60304.028,621475519,10,WALWrite
1786441053883,361.8,3291.1,210.4,405.8,1121776,4738320,785393213,424801,60921.287,626775743,11,WALWrite
1786441054883,361.7,3317.4,213.5,407.0,1133294,4783257,792514811,428834,61488.426999999996,631862975,12,WALWrite
1786441055882,349.2,3329.5,217.3,406.4,1144396,4827541,799735814,432763,62106.08699999999,637613759,9,transactionid
1786441056882,357.6,3358.9,208.9,407.4,1155853,4872716,807085789,436815,62675.24999999999,644003519,7,ClientRead
1786441057883,425.3,3384.5,209.6,406.8,1166762,4916743,814239331,440780,63245.69499999999,649942719,10,ClientRead
1786441058883,353.5,3411.9,212.5,407.0,1177678,4960872,821562136,444625,63801.664,655726271,13,WALWrite
1786441059883,368.6,3425.6,217.6,407.0,1189012,5005409,828718579,448611,64372.630999999994,661681855,11,WALWrite
1786441060883,404.2,3507.9,208.4,417.1,1200302,5050066,836019045,452717,64948.77099999999,667850431,10,ClientRead
1786441061885,405.0,3466.3,205.6,418.1,1210481,5096737,843443583,456311,65477.92,673117887,4,WALWrite
1786441062883,358.3,3477.0,211.9,417.9,1221771,5140700,850407231,460360,66053.19500000002,678303423,10,ClientRead
1786441063883,355.3,3504.7,208.5,418.2,1233352,5185617,857612174,464448,66608.52800000002,683767487,3,ClientRead
1786441064883,359.1,3515.9,212.9,417.4,1245131,5232089,865179716,468651,67193.21000000002,688895679,14,WALWrite
1786441065882,361.7,3545.5,216.5,449.0,1255698,5274197,871958423,472697,67771.67300000002,695187135,6,transactionid
1786441066883,377.0,3557.0,207.0,449.8,1266657,5319354,879477104,476702,68349.11700000001,700970687,11,ClientRead
1786441067883,445.8,3582.8,204.6,451.6,1276895,5361427,886450612,480459,68892.44500000002,707221183,16,WALWrite
1786441068883,374.6,3611.1,210.4,450.9,1287412,5404588,893617165,484181,69440.20000000001,713152191,12,WALWrite
1786441069883,380.9,3624.2,207.9,451.7,1298189,5448740,900986815,488060,70008.54200000002,719058623,10,ClientRead
1786441070883,420.9,3689.5,205.9,452.0,1308680,5491317,908060766,491846,70566.33100000002,724530879,13,transactionid
1786441071883,419.9,3671.7,208.6,452.5,1318830,5533602,915106882,495102,71047.61800000002,729487039,6,ClientRead
1786441072883,376.4,3689.5,207.0,453.2,1329434,5593053,923403766,498616,71574.72400000002,734680767,3,ClientRead
1786441073883,373.6,3700.6,203.8,453.7,1340320,5637337,930698245,502500,72151.37400000003,739849919,11,WALWrite
1786441074883,376.4,3728.1,206.6,453.0,1351376,5681827,938004184,506484,72719.12100000003,745141951,5,ClientRead
1786441075883,377.1,3739.7,203.0,453.0,1362267,5725200,945054704,510468,73290.92500000002,750704319,13,WALWrite
1786441076882,373.3,3752.4,204.2,454.4,1373294,5769242,952309719,514377,73859.53000000001,756807359,10,WALWrite
1786441077883,443.8,3793.4,205.2,454.4,1383456,5810034,958961867,517988,74379.50800000002,762926783,6,WalSync
1786441078882,376.6,3804.6,204.7,454.1,1394380,5853804,966135117,521955,74935.73100000001,768644799,8,ClientRead
1786441079884,374.6,3834.3,205.3,454.7,1405385,5897976,973481468,526002,75509.77100000001,774993599,13,ClientRead
1786441080883,493.9,3862.3,180.1,453.9,1415899,5940300,980527239,529836,76067.611,781080255,10,WALWrite
1786441081882,482.3,3886.1,187.8,455.7,1425946,5986846,987994219,533180,76550.79900000001,786667199,7,transactionid
1786441082882,375.2,3887.9,205.7,456.4,1436502,6031140,995268857,536772,77101.384,791983807,11,transactionid
1786441083882,367.1,3915.7,212.4,457.2,1446963,6074195,1002344497,540489,77641.97700000001,797275839,7,WALWrite
1786441084882,360.1,3926.8,210.3,458.2,1457712,6117560,1009510663,544351,78195.11900000002,802461375,10,ClientRead
1786441085883,373.2,3939.9,215.4,457.6,1468877,6161526,1016652049,548223,78751.15600000002,808769215,7,ClientRead
1786441086882,353.9,3968.2,219.8,457.7,1478897,6202383,1023539068,551528,79350.96400000002,814421695,6,transactionid
1786441087884,437.5,4003.5,207.7,457.6,1489340,6245859,1030816271,555255,79895.10500000001,820778687,13,WALWrite
1786441088883,367.2,4031.1,217.3,458.0,1500041,6289544,1038077163,559170,80476.81300000002,826537663,4,ClientRead
1786441089883,363.1,4043.8,214.7,458.7,1511473,6334570,1045380279,563189,81052.49600000001,832411327,5,WALWrite
1786441090883,397.8,4084.5,216.3,457.9,1522806,6379504,1052695328,567223,81639.58900000002,838260415,9,ClientRead
1786441091883,431.8,4084.2,207.6,459.1,1532911,6438958,1060785638,570658,82147.62400000001,844175039,9,WALWrite
1786441092882,360.3,4113.2,210.6,458.9,1544303,6484497,1068181889,574621,82701.47100000002,849401535,11,ClientRead
1786441093882,360.4,4123.5,209.8,458.9,1555851,6529757,1075435835,578796,83275.711,854750911,9,WALWrite
1786441094883,362.5,4133.8,208.6,458.1,1567356,6573592,1082341884,582911,83848.98,859846335,11,WALWrite
1786441095883,361.0,4162.3,209.7,458.7,1578887,6617959,1089382955,587104,84425.206,865556159,9,ClientRead
1786441096883,375.3,4175.4,213.2,459.3,1590204,6662675,1096627674,591134,85006.899,871724735,7,ClientRead
1786441097883,437.2,4240.6,201.6,458.8,1600523,6704978,1103725512,594849,85560.07900000001,877983423,12,ClientRead
1786441098883,408.5,4261.0,199.9,459.6,1610469,6747916,1110993000,598491,86083.40100000001,883914431,12,WALWrite
1786441099883,354.2,4290.3,204.4,458.5,1621746,6792228,1118152158,602503,86655.653,890222271,12,transactionid
1786441100884,403.3,4314.6,217.3,528.3,1631620,6833855,1125262693,606038,87165.33700000001,895817407,12,transactionid
1786441101882,437.1,4315.7,197.8,529.4,1638256,6873303,1132379982,608568,87610.90400000001,901551807,6,ClientRead
1786441102883,377.3,4342.8,208.7,529.3,1648260,6916063,1139541005,612022,88131.66600000001,906811071,8,transactionid
1786441103883,376.3,4354.0,209.1,530.0,1659340,6961100,1146877343,616015,88710.372,912053951,3,ClientRead
1786441104883,373.8,4381.5,207.5,530.3,1670182,7005073,1154107697,619891,89267.922,917395135,2,WalSync
1786441105883,377.5,4393.5,206.8,531.9,1681364,7049694,1161401091,623951,89835.83700000001,923047615,7,WALWrite
1786441106883,371.8,4421.1,205.0,532.3,1692281,7094003,1168755582,627804,90400.35200000001,928929471,9,WALWrite
1786441107883,462.3,4469.5,208.5,532.0,1703089,7137887,1176019431,631757,90971.907,935335615,15,WALWrite
1786441108884,453.1,4500.0,209.1,531.8,1713471,7180357,1182960153,635404,91497.172,941266623,8,transactionid
1786441109883,445.8,4511.8,205.1,534.5,1723982,7223646,1190193675,639075,92030.21800000001,947189439,6,WALWrite
1786441110882,485.7,4530.3,184.4,533.1,1734628,7266895,1197336809,642875,92584.29000000001,952809151,14,transactionid
1786441111883,499.6,4554.6,177.2,536.1,1745218,7313620,1204603585,646729,93155.22400000002,958576319,10,transactionid
1786441112882,378.6,4565.1,204.4,535.9,1755535,7357625,1211938544,650250,93680.84300000002,963892927,8,WALWrite
1786441113882,376.7,4592.6,208.3,536.1,1766454,7401572,1219020103,654230,94262.66000000002,969086655,11,WALWrite
1786441114883,374.7,4603.9,205.4,537.3,1777418,7446146,1226301212,658169,94822.49300000002,974247615,6,WALWrite
1786441115882,377.0,4630.4,207.3,537.1,1788398,7490296,1233504038,662080,95386.42400000001,979416767,8,ClientRead
1786441116883,358.8,4644.6,207.2,536.5,1798997,7533299,1240609476,665761,95935.52800000002,985667263,7,ClientRead
1786441117883,449.1,4693.9,198.5,536.1,1809124,7575246,1247631085,669410,96551.49200000001,991483583,12,ClientRead
1786441118882,437.0,4713.2,202.9,537.0,1819066,7617825,1254923721,673101,97091.70300000001,997668543,7,ClientRead
1786441119883,376.4,4726.0,205.7,536.4,1830135,7662392,1262345314,677085,97644.66300000002,1003787967,15,WALWrite
1786441120882,410.2,4768.0,206.2,537.6,1841180,7706513,1269541567,681111,98204.148,1009591999,10,WALWrite
1786441121884,445.1,4768.1,202.0,539.8,1851004,7752081,1276834624,684524,98743.89500000002,1015207615,5,ClientRead
1786441122882,373.0,4795.9,206.6,538.7,1861383,7795842,1284059796,688153,99300.829,1020622527,7,WALWrite
1786441123882,377.3,4805.8,208.5,538.7,1872447,7840827,1291416569,692180,99868.317,1025840831,9,ClientRead
1786441124883,362.1,4833.2,216.1,539.9,1885188,7888024,1298587257,696901,100538.941,1030936255,5,WALWrite
1786441125884,364.0,4844.7,211.3,539.7,1896795,7933679,1305947556,701031,101128.817,1036392127,9,WALWrite
1786441126883,361.1,4857.4,213.3,540.5,1908181,7978290,1313127833,705065,101708.086,1042364095,7,ClientRead
1786441127883,431.7,4924.7,191.4,540.6,1918687,8021052,1320144392,708921,102257.807,1048590015,5,WALWrite
1786441128882,422.8,4927.2,203.1,540.8,1928869,8064374,1327506322,712858,102796.856,1054512831,8,LockManager
1786441129883,361.7,4956.0,217.1,540.5,1940030,8108593,1334686592,716923,103366.599,1060501183,5,WALWrite
1786441130883,397.1,4981.6,211.5,540.2,1951462,8153325,1341888823,721008,103938.747,1066227391,8,transactionid
1786441131883,447.3,4993.8,203.5,541.9,1961483,8215692,1350200911,724559,104456.99100000001,1070446271,8,ClientRead
1786441132883,360.1,5004.7,205.1,540.8,1972839,8261537,1357711865,728529,105020.96100000001,1075582655,9,ClientRead
1786441133883,358.5,5031.7,209.8,541.4,1984297,8306581,1364882186,732656,105611.205,1080678079,8,WALWrite
1786441134884,360.7,5042.3,205.6,540.2,1995737,8351819,1372212803,736696,106181.547,1085748927,10,ClientRead
1786441135883,363.3,5052.6,210.1,540.9,2007316,8397152,1379486486,740907,106769.446,1090819775,2,WalSync
1786441136883,359.7,5081.4,209.5,540.6,2018783,8441552,1386478512,745046,107338.545,1096906431,10,ClientRead
1786441137883,422.8,5132.6,190.2,540.9,2029439,8485376,1393832662,748887,107896.717,1103140543,15,WALWrite
1786441138883,419.7,5151.4,197.4,541.8,2038928,8527602,1401008813,752296,108430.904,1108907711,11,WALWrite
1786441139883,366.1,5163.1,204.7,541.6,2050526,8572942,1408282174,756555,109013.931,1114912447,8,ClientRead
1786441140883,455.7,5208.1,181.9,540.3,2062308,8618145,1415499376,760881,109599.789,1120401087,14,WALWrite
1786441141883,534.4,5205.6,178.9,542.4,2073021,8682586,1423983397,764756,110124.562,1126045375,10,ClientRead
1786441142883,357.5,5232.2,206.8,541.1,2084526,8728409,1431309308,768873,110698.388,1131288255,3,WALWrite
1786441143882,359.6,5243.2,209.5,541.5,2095941,8773513,1438562057,772952,111282.39,1136301759,9,ClientRead
1786441144883,364.0,5253.6,209.8,542.8,2107414,8818442,1445744978,776976,111852.15699999999,1141421759,4,ClientRead
1786441145883,362.7,5280.6,215.9,509.9,2116871,8859725,1452879459,780239,112325.973,1146648255,10,transactionid
1786441146882,381.4,5293.9,237.5,592.9,2127176,8901293,1459618048,784525,113010.16100000001,1152677567,13,ClientRead
1786441147884,443.9,5361.5,218.5,595.7,2136073,8940847,1466531174,787671,113557.27500000001,1159255743,10,transactionid
1786441148883,444.8,5364.9,207.8,597.1,2145618,8982313,1473650413,791099,114093.63700000002,1165153983,5,ClientRead
1786441149883,377.4,5394.3,220.1,597.8,2156288,9025967,1480923586,794986,114676.19700000001,1171093183,11,ClientRead
1786441150883,404.9,5419.0,216.2,596.8,2166715,9068841,1488095389,798671,115229.572,1176827583,10,ClientRead
1786441151882,467.2,5418.7,215.3,599.0,2176273,9114633,1495534427,801907,115727.643,1182627519,9,WALWrite
1786441152883,379.2,5445.5,219.5,599.5,2187015,9159594,1502927981,805738,116301.433,1187944127,13,WALWrite
1786441153884,376.0,5457.0,218.6,599.9,2197796,9203625,1510143968,809562,116863.84700000001,1193121471,12,WALWrite
1786441154883,373.3,5484.1,216.8,598.9,2208643,9247557,1517368377,813399,117420.596,1198364351,9,transactionid
1786441155883,378.5,5494.0,215.5,599.7,2219547,9291628,1524639493,817327,118000.50200000001,1203549887,6,ClientRead
1786441156883,372.1,5523.2,218.7,600.6,2230145,9335032,1531847482,821066,118564.191,1209751231,8,ClientRead
1786441157883,442.9,5573.8,204.3,601.9,2239526,9375050,1538622975,824553,119088.60900000001,1215739583,13,ClientRead
1786441158883,468.5,5578.7,199.1,602.5,2248887,9416269,1545848437,828054,119595.33700000001,1222088383,12,transactionid
1786441159883,379.1,5605.9,211.2,603.6,2259484,9458468,1552751595,831953,120166.74200000001,1227790015,5,WalSync
1786441160883,407.1,5633.0,214.2,603.1,2270090,9502054,1560065933,835714,120723.43500000001,1233639103,14,WALWrite
1786441161883,487.4,5647.8,227.1,605.2,2278936,9544913,1567053680,838665,121212.28300000001,1239414463,10,ClientRead
1786441162884,379.4,5658.3,214.1,606.0,2289217,9588366,1574355794,842249,121774.67400000001,1244673727,4,WALWrite
1786441163883,376.0,5685.5,212.0,606.1,2299596,9630140,1581091701,845930,122331.41100000002,1249900223,2,ClientRead
1786441164883,378.1,5696.1,215.0,605.8,2310531,9674805,1588435029,849907,122912.38700000002,1255134911,4,WALWrite
1786441165882,373.0,5724.1,210.3,605.9,2321272,9718151,1595559761,853776,123479.39200000002,1260287679,8,tuple
1786441166883,378.9,5736.8,208.5,606.5,2332080,9762376,1602965224,857673,124059.59100000001,1266529983,10,transactionid
1786441167883,448.2,5784.7,207.1,609.3,2341523,9802932,1609908908,861113,124575.71700000002,1272616639,15,ClientRead
1786441168882,463.6,5814.1,191.6,609.9,2350575,9842165,1616615365,864594,125075.87900000002,1278801599,11,WALWrite
1786441169883,457.2,5829.1,211.7,609.4,2360782,9885263,1623890771,868256,125637.80600000001,1284724415,6,ClientRead
1786441170884,463.7,5866.6,184.0,610.8,2371630,9928170,1630873785,872346,126229.22000000002,1290475199,14,transactionid
1786441171885,601.2,5866.7,158.6,612.9,2381733,9974802,1638457611,875731,126704.615,1296406207,8,WALWrite
1786441172883,373.9,5894.1,212.8,611.5,2392688,10019254,1645581653,879707,127281.37500000001,1301591743,6,transactionid
1786441173882,379.4,5904.7,208.5,611.7,2403532,10062459,1652564245,883734,127841.71,1306810047,9,WALWrite
1786441174883,377.2,5915.7,208.5,612.1,2414526,10106834,1659798609,887736,128412.87200000002,1312011967,12,ClientRead
1786441175883,366.4,5942.9,207.1,637.4,2424656,10148260,1666652248,891278,128948.66700000002,1317271231,6,WALWrite
1786441176883,375.8,5955.0,206.3,636.9,2435863,10192770,1673926475,895459,129535.36900000002,1323144895,8,ClientRead
1786441177883,438.2,6022.9,200.8,639.9,2443921,10230672,1680841588,898224,129945.02400000002,1329682111,11,transactionid
1786441178882,439.2,6026.2,212.8,639.4,2451225,10268238,1687928184,900814,130373.59100000001,1335801535,10,ClientRead
1786441179883,361.4,6055.0,218.9,640.5,2461415,10310413,1694966900,904520,130912.81100000002,1341830847,11,WALWrite
1786441180883,386.8,6080.8,217.9,640.5,2472783,10355664,1702364873,908534,131490.984,1347598015,13,transactionid
1786441181882,463.2,6087.5,221.0,640.7,2483071,10401927,1709751627,912098,132029.489,1353471679,9,WALWrite
1786441182883,361.3,6107.8,217.3,640.9,2493446,10444998,1716909161,915605,132558.034,1358862015,7,ClientRead
1786441183882,360.3,6118.5,223.9,641.1,2504624,10489289,1724102820,919533,133140.31900000002,1364063935,10,transactionid
1786441184883,360.8,6145.4,218.1,640.9,2515827,10534108,1731380744,923525,133715.193,1369323199,11,ClientRead
1786441185883,362.9,6156.5,217.7,640.5,2527206,10577995,1738352408,927594,134289.539,1374500543,11,WALWrite
1786441186882,362.6,6185.7,220.3,641.5,2538669,10623075,1745675100,931719,134860.251,1380333247,8,ClientRead
1786441187883,437.4,6234.9,213.8,642.2,2549927,10667872,1752968229,935782,135440.83800000002,1386698431,6,ClientRead
1786441188883,461.3,6283.3,212.5,641.5,2560307,10709703,1759838524,939530,135978.506,1393014463,9,WALWrite
1786441189883,377.1,6268.6,213.0,641.2,2570903,10754783,1767333566,943260,136514.118,1399051967,8,transactionid
1786441190883,386.2,6295.3,214.9,640.7,2582044,10798745,1774482047,947284,137082.721,1404786367,11,transactionid
1786441191883,441.7,6320.4,190.6,641.8,2592210,10841077,1781672177,950958,137644.603,1410635455,15,transactionid
1786441192883,365.4,6320.1,208.6,641.6,2602226,10887445,1789030696,954269,138132.23100000003,1415968447,7,ClientRead
1786441193883,355.2,6347.9,210.8,641.3,2613477,10932249,1796296053,958263,138705.58800000002,1421260479,8,WALWrite
1786441194883,359.0,6359.8,209.2,641.3,2624752,10977129,1803583576,962267,139290.29200000002,1426396863,7,transactionid
1786441195883,360.5,6387.0,202.8,641.0,2636275,11021705,1810685697,966435,139861.04100000003,1432172223,10,WALWrite
1786441196883,363.5,6398.6,209.1,641.2,2647707,11066732,1818035683,970562,140445.11700000003,1437734591,7,WALWrite
1786441197883,431.1,6463.6,203.0,641.1,2659192,11112123,1825397117,974604,141013.68300000002,1444370111,7,ClientRead
1786441198882,453.0,6501.8,196.6,640.8,2669187,11152858,1832223548,978204,141526.14,1450636991,11,ClientRead
1786441199882,372.8,6481.6,205.1,641.1,2679745,11198123,1839797223,981993,142078.76200000002,1456404159,6,ClientRead
1786441200882,459.1,6525.6,175.3,641.3,2690948,11241977,1846871989,986069,142661.247,1462122175,12,transactionid
1786441201882,645.7,6523.9,158.3,641.6,2703866,11312519,1855646877,991482,143311.19600000003,1467905727,7,WALWrite
1786441202883,365.6,6551.0,215.0,641.9,2714320,11357690,1863036754,994571,143795.776,1473156799,14,ClientRead
1786441203882,362.9,6562.6,208.9,641.6,2725851,11403150,1870307218,998694,144379.63700000002,1478407871,5,ClientRead
1786441204883,363.4,6589.2,211.8,641.6,2737443,11448762,1877656590,1002797,144956.35700000002,1483691711,6,ClientRead
1786441205883,375.1,6600.5,210.2,641.7,2748619,11492842,1884883600,1006750,145537.61800000002,1489008319,9,ClientRead
1786441206883,376.1,6629.8,231.0,688.7,2759240,11536188,1892087864,1010758,146143.51200000002,1495545535,8,WALWrite
1786441207884,459.1,6668.6,214.9,729.8,2766269,11572717,1899100892,1013726,146660.19500000004,1501517503,8,transactionid
1786441208883,474.4,6703.3,208.8,734.6,2776050,11614580,1906282642,1017234,147187.45900000003,1507882687,17,ClientRead
1786441209882,400.2,6705.2,210.9,735.9,2785109,11654735,1913224769,1020408,147716.69500000004,1513838271,6,ClientRead
1786441210883,398.9,6731.5,210.9,735.8,2795915,11698846,1920538677,1024249,148266.102,1519687359,9,transactionid
1786441211882,480.0,6742.4,190.9,737.8,2805375,11765318,1929110827,1027603,148833.932,1523791551,5,WALWrite
1786441212883,388.8,6753.2,205.7,738.2,2815483,11808675,1936470931,1031175,149366.48700000002,1528993471,6,WALWrite
1786441213883,376.3,6780.8,210.0,737.8,2826541,11853757,1943766466,1035189,149947.03900000002,1534121663,14,transactionid
1786441214882,376.4,6791.7,205.0,739.0,2837282,11897450,1950950806,1039055,150505.65000000002,1539364543,14,ClientRead
1786441215883,375.3,6818.3,206.2,739.1,2848022,11940806,1958044359,1042931,151077.151,1544541887,7,WALWrite
1786441216882,381.4,6830.2,209.8,739.1,2858886,11984916,1965293562,1046830,151645.75000000003,1550210751,6,WALWrite
1786441217883,463.8,6877.2,207.3,739.6,2869182,12027625,1972508666,1050481,152190.91500000004,1556526783,11,WALWrite
1786441218883,467.8,6926.6,195.5,741.0,2878579,12068423,1979611639,1053825,152717.16400000002,1562605247,6,ClientRead
1786441219883,412.9,6921.7,206.6,742.6,2888384,12110284,1986769544,1057443,153241.04,1568511679,7,ClientRead
1786441220883,396.8,6965.1,205.9,740.6,2898858,12153634,1994100095,1061184,153800.863,1574409919,12,ClientRead
1786441221883,450.4,6972.7,201.1,745.1,2908223,12197996,2001335257,1064465,154325.009,1579775679,4,WALWrite
1786441222883,391.8,6990.0,211.2,746.2,2918564,12241841,2008734921,1068047,154827.13499999998,1585043135,5,transactionid
1786441223883,378.6,7000.6,213.8,746.0,2929350,12286021,2015984369,1071826,155391.212,1590384319,8,ClientRead
1786441224884,376.2,7011.2,207.8,745.4,2940060,12329367,2023075164,1075780,155951.916,1595471551,5,ClientRead
1786441225883,379.6,7039.1,210.2,746.0,2950985,12373828,2030470864,1079703,156527.88,1600829119,9,transactionid
1786441226883,380.9,7051.2,206.5,746.9,2961930,12417741,2037627030,1083651,157098.929,1606874815,8,WALWrite
1786441227883,442.0,7116.9,197.6,747.1,2972315,12460440,2044818651,1087398,157647.707,1613280959,4,ClientRead
1786441228883,461.0,7148.5,175.5,747.5,2981693,12501259,2051878625,1091132,158175.295,1619383999,8,ClientRead
1786441229883,406.7,7150.9,195.5,748.7,2991160,12542358,2058866609,1094637,158693.821,1625405119,8,transactionid
1786441230883,562.2,7177.3,176.7,751.4,3001197,12584700,2066078161,1098260,159252.25699999998,1631114943,14,transactionid
1786441231882,636.3,7202.5,163.0,753.4,3011257,12626386,2073122717,1101892,159775.866,1637349055,9,ClientRead
1786441232884,397.2,7203.4,211.4,754.3,3021684,12674250,2080720707,1105277,160270.774,1642362559,7,transactionid
1786441233883,373.0,7215.1,202.3,752.9,3032836,12719371,2088078798,1109298,160834.644,1647670975,9,ClientRead
1786441234883,376.9,7241.8,206.2,752.4,3043790,12763923,2095393844,1113304,161425.21800000002,1652987583,8,WALWrite
1786441235883,381.0,7253.0,207.9,753.1,3054802,12808255,2102665551,1117114,161974.738,1658156735,9,ClientRead
1786441236882,373.6,7281.5,203.3,754.0,3065753,12852163,2109843243,1121032,162543.30200000003,1664120511,6,WALWrite
1786441237883,441.4,7330.1,193.2,753.1,3075912,12893973,2116907644,1124752,163108.942,1670575807,12,ClientRead
1786441238882,463.6,7378.6,196.8,753.3,3085218,12934905,2124133056,1128130,163633.94700000001,1676744383,12,WALWrite
1786441239883,409.0,7371.2,203.4,753.8,3095036,12977355,2131358918,1131607,164154.536,1682822847,8,WALWrite
1786441240883,396.5,7398.5,205.3,753.5,3105460,13020560,2138638913,1135302,164735.101,1688704703,8,transactionid
1786441241883,475.1,7413.6,206.1,753.3,3115459,13066785,2146124032,1138831,165287.028,1694758591,11,ClientRead
1786441242883,382.3,7423.7,206.1,754.5,3125805,13109761,2153248320,1142496,165830.849,1700067007,5,ClientRead
1786441243883,371.3,7450.5,204.7,754.9,3136683,13154010,2160510358,1146374,166394.93399999998,1705367231,10,transactionid
1786441244883,378.0,7463.1,207.0,754.9,3147354,13197674,2167738794,1150227,166958.99599999998,1710618303,7,ClientRead
1786441245883,375.6,7489.6,212.0,754.9,3158228,13241617,2174987656,1154120,167531.86099999998,1715877567,10,WALWrite
1786441246883,377.1,7501.0,224.6,755.9,3168776,13283544,2181838576,1157850,168089.111,1721620159,6,WALWrite
1786441247882,441.1,7565.6,217.7,755.0,3179009,13326416,2189107200,1161609,168675.641,1727674047,14,WALWrite
1786441248883,546.3,7638.9,228.0,755.8,3188788,13365725,2195627251,1165149,169236.248,1734063807,7,WALWrite
1786441249882,469.2,7597.5,215.8,755.6,3198344,13408096,2202875927,1168608,169787.313,1740289727,12,ClientRead
1786441250883,380.1,7640.6,225.2,755.9,3209052,13451652,2210162860,1172397,170336.422,1746106047,15,ClientRead
1786441251883,460.7,7638.6,223.7,755.6,3219038,13496573,2217245031,1175903,170835.75,1751996095,11,ClientRead
1786441252883,368.4,7666.6,222.6,756.4,3230126,13540968,2224416591,1179847,171403.856,1757345471,2,WalSync
1786441253883,375.5,7723.3,227.8,754.6,3241536,13585718,2231663780,1184004,171984.938,1762662079,12,ClientRead
1786441254883,486.8,7774.7,211.5,755.9,3251489,13628212,2238736093,1187551,172508.884,1767790271,11,ClientRead
1786441255883,372.1,7726.9,220.3,756.6,3262209,13671734,2245925661,1191474,173094.744,1773041343,2,WalSync
1786441256883,362.8,7739.7,220.6,756.5,3273637,13716435,2253072893,1195507,173668.04,1778742975,6,WALWrite
1786441257882,439.0,7804.4,212.5,756.9,3284140,13759463,2260317910,1199326,174209.052,1785337535,9,transactionid
1786441258883,454.8,7836.4,214.0,755.7,3294263,13801638,2267427465,1203158,174751.778,1791579839,6,ClientRead
1786441259883,410.2,7846.9,211.0,758.0,3304782,13844843,2274542819,1207040,175293.913,1797396159,10,ClientRead
1786441260883,458.7,7874.3,189.5,756.9,3316659,13888199,2281144339,1211700,175906.517,1803073215,7,ClientRead
1786441261882,693.5,7897.0,144.9,756.7,3328077,13931369,2288291104,1216147,176454.34600000002,1808791231,11,transactionid
1786441262883,410.4,7897.8,214.8,757.1,3339623,13984301,2296483959,1219706,176983.79200000002,1813821119,7,ClientRead
1786441263883,362.8,7925.4,215.0,757.9,3351052,14029078,2303589328,1223722,177556.05900000004,1819121343,9,BufferContent
1786441264882,366.8,7935.5,217.7,757.5,3362350,14074175,2310854375,1227676,178143.90200000003,1824257727,7,WALWrite
1786441265883,373.6,7947.0,219.3,757.1,3373675,14119246,2318225763,1231755,178727.352,1829574335,9,WALWrite
1786441266882,368.3,7975.5,218.4,757.6,3384384,14162355,2325303609,1235437,179290.29200000002,1835603647,12,WALWrite
1786441267884,436.8,8023.0,206.1,758.3,3394536,14204090,2332273330,1238966,179827.66000000003,1841772223,9,transactionid
1786441268883,463.3,8071.6,211.0,756.4,3404629,14246636,2339481992,1242654,180378.71,1848227519,5,ClientRead
1786441269883,435.4,8066.6,210.0,758.4,3414973,14290314,2346613620,1246345,180929.45599999998,1854281407,8,WALWrite
1786441270883,365.1,8109.5,212.5,758.5,3425469,14333157,2353780841,1249969,181500.04899999997,1860212415,8,WALWrite
1786441271883,464.5,8107.0,212.8,757.6,3435092,14378666,2361211325,1253396,182021.02799999996,1865914047,14,WALWrite
1786441272884,362.5,8123.8,209.1,757.6,3446087,14423047,2368496246,1257416,182596.588,1870960319,12,ClientRead
1786441273882,367.0,8145.6,211.2,757.8,3455772,14464415,2375501104,1260820,183069.18799999997,1876235967,9,WALWrite
1786441274882,359.3,8156.3,208.8,757.7,3469174,14513880,2383011456,1265670,183761.66099999996,1881437887,10,WALWrite
1786441275883,361.6,8182.7,213.6,757.9,3480503,14558445,2390169293,1269646,184328.224,1886541503,11,transactionid
1786441276883,372.2,8195.2,217.3,757.4,3491748,14602943,2397368930,1273589,184913.16999999998,1892243135,8,WALWrite
1786441277884,434.2,8256.5,202.1,758.5,3501544,14644125,2404343202,1277112,185456.19499999998,1898165951,11,transactionid
1786441278883,451.4,8288.3,186.3,758.3,3510899,14684954,2411470167,1280736,185993.76499999998,1904334527,16,ClientRead
1786441279882,433.0,8293.3,186.7,759.1,3519190,14724404,2418364895,1283739,186426.745,1910716095,9,ClientRead
1786441280882,379.5,8320.6,207.0,759.4,3531764,14772141,2425947759,1288362,187088.106,1916384959,12,ClientRead
1786441281885,462.2,8317.6,203.2,759.8,3541541,14843993,2434731178,1291951,187619.835,1922152127,9,ClientRead
1786441282883,363.1,8345.1,211.6,759.4,3550763,14884060,2441653158,1295122,188088.82499999998,1927329471,5,ClientRead
1786441283882,366.2,8356.4,210.8,758.4,3564128,14933017,2449022678,1299993,188778.194,1932433087,7,WALWrite
1786441284883,357.7,8383.2,206.3,761.1,3575554,14978861,2456468572,1304052,189357.33899999998,1937741503,10,WALWrite
1786441285886,361.5,8394.1,205.6,759.9,3586856,15023087,2463594603,1308136,189926.645,1942812351,6,ClientRead
1786441286883,368.9,8422.5,225.3,740.6,3594398,15059498,2470226745,1310839,190354.72699999998,1948497599,8,ClientRead
1786441287883,439.1,8469.7,212.0,895.7,3600196,15094203,2477083791,1313514,190839.003,1955280575,11,WALWrite
1786441288883,458.7,8519.5,194.7,897.6,3608848,15138163,2484366371,1316758,191358.61599999998,1961637567,13,WALWrite
1786441289883,473.8,8517.5,213.7,899.0,3618114,15186192,2492191346,1320040,191889.101,1968133823,4,ClientRead
1786441290883,546.0,8564.5,182.6,899.6,3628084,15236570,2499843970,1323598,192418.06,1973974719,16,ClientRead
1786441291882,757.0,8559.9,141.4,901.4,3637650,15288963,2507778588,1327103,192959.99099999998,1980118719,6,transactionid
1786441292883,386.0,8571.5,208.2,902.8,3647800,15340284,2515502699,1330304,193451.22199999998,1985509055,8,ClientRead
1786441293884,393.1,8599.2,216.6,903.3,3658201,15392344,2523381130,1334091,194005.398,1990858431,3,ClientRead
1786441294882,389.6,8610.2,206.8,903.7,3668669,15443371,2530969039,1337849,194570.153,1996314303,11,ClientRead
1786441295883,383.4,8638.6,207.2,902.6,3679052,15494471,2538719767,1341491,195130.334,2001548991,9,WALWrite
1786441296883,386.1,8650.3,207.8,903.1,3689583,15546424,2546542800,1345372,195710.774,2007488191,12,ClientRead
1786441297883,453.3,8714.3,198.9,904.7,3699839,15596307,2553954468,1349150,196268.43,2013755071,9,ClientRead
1786441298883,468.5,8747.6,189.5,905.2,3708897,15642199,2561489636,1352475,196785.01799999998,2020267711,6,ClientRead
1786441299883,463.6,8776.8,194.0,907.3,3717792,15688927,2569113558,1355737,197306.694,2026739391,11,WALWrite
1786441300882,404.1,8803.6,209.2,906.5,3727689,15737899,2576642260,1359254,197835.774,2032367295,2,WalSync
1786441301883,492.3,8818.7,216.5,909.3,3736919,15789976,2584299897,1362424,198365.15999999997,2038494911,4,ClientRead
1786441302883,385.9,8830.0,211.9,908.4,3747077,15840461,2592097804,1366031,198901.24999999997,2043999935,8,ClientRead
1786441303884,390.5,8858.5,210.7,908.9,3757304,15891230,2599792328,1369666,199464.85299999997,2049496767,4,ClientRead
1786441304882,381.0,8869.4,203.4,909.5,3767546,15942940,2607728207,1373355,200038.04799999998,2054788799,10,WALWrite
1786441305882,386.2,8880.1,209.6,910.4,3778301,15995323,2615534219,1377304,200608.66799999998,2060031679,15,WALWrite
1786441306882,388.2,8909.0,208.6,910.4,3788889,16046413,2623138398,1381124,201164.92399999997,2065839807,9,WALWrite
1786441307882,458.1,8928.8,201.6,911.1,3799335,16097374,2630897618,1385059,201726.204,2071533247,15,ClientRead
1786441308883,475.1,8978.2,203.1,910.9,3808834,16144785,2638406970,1388624,202249.99699999997,2078103231,10,WALWrite
1786441309884,482.6,8991.3,194.9,913.1,3818442,16193478,2646114621,1392269,202760.207,2084705983,6,ClientRead
1786441310883,400.4,9032.7,202.2,912.7,3827900,16240321,2653389135,1395722,203283.43699999998,2090317503,6,ClientRead
1786441311883,472.5,9043.1,194.3,913.5,3836563,16284376,2660578690,1398762,203786.00199999998,2096330431,12,ClientRead
1786441312882,387.5,9059.4,205.9,912.5,3845984,16337626,2668367220,1402036,204301.781,2101712575,9,WALWrite
1786441313883,391.1,9071.2,205.2,913.0,3856359,16388875,2676275430,1405700,204863.87199999997,2107143871,10,WALWrite
1786441314884,387.5,9098.9,204.3,912.9,3866848,16440316,2683996078,1409458,205425.14899999998,2112444095,5,ClientRead
1786441315883,389.3,9109.9,206.0,912.7,3878010,16494353,2692006772,1413610,205995.29599999997,2117818047,9,ClientRead
1786441316882,385.0,9138.7,212.7,914.0,3888634,16546445,2699817286,1417515,206572.90099999998,2123855551,9,ClientRead
1786441317885,448.9,9186.4,194.7,914.9,3898463,16595178,2707410136,1421101,207125.96699999998,2130228927,17,ClientRead
1786441318882,469.6,9234.1,195.8,914.9,3907673,16641529,2714804188,1424512,207640.451,2136487615,16,ClientRead
1786441319882,485.7,9248.7,203.1,915.3,3917211,16690182,2722481510,1427899,208154.959,2142811839,13,WALWrite
1786441320883,470.3,9273.8,179.6,914.1,3927052,16738331,2729914854,1431423,208690.65,2148611775,7,ClientRead
1786441321883,742.8,9289.3,130.8,918.5,3937219,16797732,2738469607,1435494,209251.913,2154419903,12,transactionid
1786441322883,404.7,9300.1,201.1,920.9,3947782,16850747,2746500857,1438913,209766.31,2159662783,9,ClientRead
1786441323883,388.9,9328.1,207.8,918.8,3957947,16900020,2753854833,1442518,210315.62399999998,2164897471,9,WALWrite
1786441324883,389.8,9338.9,210.0,920.0,3968585,16952990,2761949315,1446309,210890.668,2170099391,8,ClientRead
1786441325883,395.0,9366.1,212.7,919.8,3978657,17001908,2769369942,1449843,211451.711,2175350463,6,transactionid
1786441326882,400.0,9378.2,213.8,920.3,3988928,17052849,2777135926,1453548,212026.622,2181109439,7,transactionid
1786441327882,464.4,9408.1,203.1,921.8,3998520,17100397,2784509796,1456959,212572.492,2187548351,8,transactionid
1786441328882,494.3,9440.5,212.3,921.0,4008016,17147745,2792005061,1460537,213116.99,2193774271,10,transactionid
1786441329883,485.8,9484.1,213.4,921.4,4017980,17196307,2799624324,1464170,213640.128,2200114879,7,WALWrite
1786441330885,419.7,9495.0,206.5,922.5,4027603,17246187,2807473242,1467479,214160.049,2205980351,11,tuple
1786441331882,475.4,9533.8,202.2,924.7,4036935,17293802,2815123317,1470763,214694.738,2210019007,11,transactionid
1786441332884,393.8,9516.8,205.3,925.5,4046172,17377325,2824725343,1473681,215189.312,2214639295,9,ClientRead
1786441333882,390.3,9545.0,209.9,924.8,4056478,17427386,2832078078,1477385,215751.768,2220021439,7,ClientRead
1786441334884,387.1,9555.8,206.7,925.3,4066708,17478064,2839821430,1481053,216316.977,2225305279,5,WALWrite
1786441335883,388.4,9584.2,209.4,925.1,4077217,17529382,2847601114,1484947,216889.36400000003,2230449855,6,transactionid
1786441336883,403.3,9595.6,215.0,925.0,4087558,17579601,2855224957,1488566,217449.25800000003,2236356287,8,WALWrite
1786441337883,465.8,9613.9,201.3,925.4,4097278,17628189,2862825532,1492096,218017.672,2242254527,14,WALWrite
1786441338883,480.6,9665.7,196.3,925.7,4106452,17674299,2870226014,1495635,218541.712,2248472255,11,ClientRead
1786441339884,487.2,9687.0,202.2,925.7,4115883,17720709,2877610820,1499240,219056.289,2254853823,10,WALWrite
1786441340883,429.4,9718.6,205.1,925.2,4125900,17770918,2885115948,1502847,219565.945,2260407999,7,transactionid
1786441341883,477.9,9744.2,196.3,926.6,4134975,17884267,2896869198,1506014,220063.752,2265847487,10,ClientRead
1786441342883,402.3,9740.7,205.0,926.2,4144831,17933246,2904543878,1509441,220598.993,2268468927,6,WALWrite
1786441343883,386.1,9761.9,204.6,925.5,4155861,17986383,2912409983,1513504,221179.003,2271016639,5,WALWrite
1786441344883,373.9,9767.2,231.4,933.8,4166674,18035971,2920073365,1517495,221766.777,2273449663,8,ClientRead
1786441345882,361.1,9772.4,229.2,933.5,4177811,18080982,2927343023,1521499,222340.41499999998,2275833535,1,
1786441346883,363.8,9794.8,228.1,933.5,4188365,18123837,2934347236,1525294,222903.67799999999,2278725311,10,tuple
1786441347883,430.3,9834.3,221.5,933.9,4198876,18167170,2941604650,1528941,223446.783,2281567935,11,transactionid
1786441348883,460.0,9877.1,231.7,933.9,4208990,18209560,2948770755,1532546,223992.503,2285065919,10,WALWrite
1786441349883,459.4,9892.9,231.6,933.8,4218928,18251158,2955790949,1536077,224514.735,2288547519,11,transactionid
1786441350882,473.7,9922.9,196.8,934.3,4229497,18295361,2962986972,1539820,225050.21,2291439295,9,ClientRead
1786441351882,873.2,9916.3,138.9,933.0,4240470,18343257,2970509378,1544012,225599.89399999997,2294380223,11,transactionid
1786441352884,406.5,9921.9,217.8,935.8,4251356,18389454,2977978958,1547455,226117.58299999998,2296813247,16,WALWrite
1786441353883,359.2,9942.8,230.9,934.7,4262492,18434441,2985266043,1551222,226675.406,2299180735,8,WALWrite
1786441354883,371.2,9948.3,231.8,935.5,4274130,18479967,2992530873,1555493,227276.911,2301646527,8,ClientRead
1786441355882,361.2,9969.8,226.2,935.4,4285276,18524551,2999864369,1559383,227832.815,2304022207,8,ClientRead
1786441356883,361.5,9975.6,223.6,936.1,4296334,18568439,3006960958,1563375,228413.329,2306864831,12,ClientRead
1786441357883,426.6,9999.1,214.2,935.0,4306980,18612312,3014287995,1567251,228990.76100000003,2310305471,3,ClientRead
1786441358882,452.6,10017.5,208.1,935.5,4316680,18653160,3021170783,1570825,229487.776,2313713343,5,transactionid
1786441359883,464.5,10060.5,222.4,935.1,4326807,18695030,3028176048,1574532,230036.502,2317252287,5,transactionid
1786441360883,392.5,10052.9,214.7,935.2,4337441,18739930,3035491376,1578171,230548.467,2320258751,12,WALWrite
1786441361883,463.5,10058.3,207.6,934.7,4346889,18784325,3042633908,1581686,231068.755,2322847423,15,transactionid
1786441362883,365.9,10067.0,218.9,935.2,4357478,18827820,3049792670,1585373,231625.847,2325198527,6,transactionid
1786441363883,361.0,10071.8,219.2,936.7,4368811,18873506,3057273995,1589492,232221.239,2327647935,14,ClientRead
1786441364883,368.7,10093.3,218.2,935.7,4379983,18917506,3064347680,1593430,232800.26600000003,2330089151,6,ClientRead
1786441365883,361.4,10098.5,216.3,936.6,4391464,18962560,3071502348,1597667,233393.147,2332366527,13,WALWrite
1786441366882,364.7,10121.2,217.9,936.1,4402912,19008019,3078916189,1601695,233969.997,2335209151,7,ClientRead
1786441367884,421.7,10161.4,207.7,935.2,4413503,19050731,3085868281,1605489,234523.40000000002,2338166463,8,WALWrite
1786441368882,447.0,10187.3,203.3,936.6,4423019,19091601,3092937927,1609034,235062.00400000002,2341590719,6,ClientRead
1786441369882,451.7,10239.9,200.4,935.6,4432563,19132422,3099943510,1612549,235574.249,2345072319,7,WALWrite
1786441370883,409.9,10234.2,214.6,936.7,4442844,19175463,3106864734,1616278,236121.42200000002,2347955903,8,ClientRead
1786441371883,475.7,10244.4,214.3,937.7,4452835,19222083,3114405107,1619773,236646.973,2350814911,6,WALWrite
1786441372883,359.1,10249.3,214.0,937.8,4463641,19266152,3121656342,1623621,237203.59399999998,2353157823,7,WALWrite
1786441373882,360.3,10270.5,216.6,939.0,4474884,19310540,3128797135,1627551,237768.76899999997,2355607231,3,ClientRead
1786441374883,368.0,10277.2,217.0,938.3,4486247,19355397,3135991156,1631627,238352.302,2357999295,7,ClientRead
1786441375883,356.6,10298.0,212.8,939.2,4497509,19400015,3143208239,1635588,238931.27899999998,2360506047,6,WALWrite
1786441376883,363.4,10304.0,214.0,938.9,4508773,19444666,3150386752,1639650,239523.848,2363348671,5,WALWrite
1786441377883,437.8,10343.6,217.1,937.9,4520000,19489138,3157652528,1643670,240094.21300000002,2366584511,9,ClientRead
1786441378883,462.4,10386.1,217.5,937.5,4529840,19530947,3164812734,1647131,240638.811,2370074303,6,ClientRead
1786441379885,460.1,10407.4,218.9,938.7,4539893,19573146,3171864258,1650773,241185.114,2373506751,10,WALWrite
1786441380883,503.2,10434.8,177.1,938.2,4549913,19615299,3178856516,1654457,241684.894,2376808127,13,ClientRead
1786441381884,791.7,10456.3,107.5,939.2,4561975,19660757,3185724101,1660105,242327.427,2380437183,9,WALWrite
1786441382883,511.5,10457.0,173.9,938.1,4573362,19706025,3193061381,1664235,242877.713,2385671871,11,transactionid
1786441383882,397.7,10468.5,209.2,939.8,4584807,19755887,3200835456,1667331,243380.901,2390816447,8,WALWrite
1786441384883,371.6,10479.0,215.0,939.3,4596519,19801718,3208122179,1671505,243949.913,2395936447,17,WALWrite
1786441385882,365.8,10505.7,213.8,938.9,4607683,19846441,3215432028,1675383,244533.24099999998,2401081023,11,WALWrite
1786441386883,375.4,10518.5,220.6,939.1,4618791,19890660,3222635387,1679308,245107.48599999998,2407347903,10,WALWrite
1786441387883,440.5,10556.3,216.3,937.8,4629321,19933825,3229796697,1683085,245662.609,2413672127,16,ClientRead
1786441388883,458.6,10590.4,203.1,938.6,4639358,19976212,3237074526,1686765,246194.099,2419775167,2,ClientRead
1786441389883,467.5,10634.9,209.3,939.3,4649352,20017599,3243975379,1690537,246723.04799999998,2426042047,2,ClientRead
1786441390884,416.5,10646.1,208.9,939.6,4659641,20062342,3251423268,1694119,247254.55699999997,2431702719,5,ClientRead
1786441391883,458.1,10674.7,195.7,939.2,4669085,20102834,3258401554,1697537,247788.214,2437723839,9,transactionid
1786441392883,369.8,10674.1,211.8,939.4,4679148,20149634,3265841926,1700719,248274.219,2442606271,9,WALWrite
1786441393884,358.0,10684.5,204.9,939.1,4690386,20194033,3272970077,1704610,248848.53,2447914687,12,ClientRead
1786441394883,368.0,10712.3,223.5,876.9,4700684,20236587,3280073300,1708363,249394.86500000002,2453100223,2,WalSync
1786441395883,367.1,10723.9,226.2,1078.9,4705562,20269150,3286892307,1710817,249841.66100000002,2458515135,11,WALWrite
1786441396883,397.3,10752.9,210.5,1079.9,4713131,20315446,3294555388,1713712,250319.71400000004,2464626367,5,transactionid
1786441397884,478.0,10774.6,217.3,1082.2,4722393,20368714,3302263799,1717041,250874.31300000002,2470827711,6,ClientRead
1786441398883,479.7,10826.1,195.7,1081.7,4731025,20418476,3310106025,1720280,251389.75300000003,2477201087,10,transactionid
1786441399883,481.6,10853.1,199.0,1085.5,4739723,20468210,3317846384,1723410,251907.237,2484147903,12,ClientRead
1786441400883,447.8,10878.1,206.9,1087.2,4749065,20523465,3326063017,1726813,252415.299,2490037951,15,transactionid
1786441401884,511.5,10912.7,206.9,1088.4,4758144,20576375,3334075973,1729895,252912.705,2496509631,5,transactionid
1786441402883,407.6,10912.9,211.7,1088.2,4767656,20640282,3342768452,1733086,253392.613,2501727935,8,ClientRead
1786441403883,394.5,10923.8,211.1,1088.7,4777925,20699657,3351048418,1736825,253939.75600000002,2507413183,7,WALWrite
1786441404882,377.5,10955.4,209.5,1111.1,4788048,20757677,3359297787,1740565,254509.728,2512860863,8,WALWrite
1786441405883,400.5,10963.7,214.3,1113.0,4797290,20811725,3367144742,1743734,254997.326,2518292159,7,WALWrite
1786441406883,393.0,10993.9,213.2,1113.5,4807553,20870688,3375624925,1747467,255570.28300000002,2524436159,1,ClientRead
1786441407883,468.5,11012.4,215.6,1114.4,4817208,20925814,3383583981,1750929,256119.96099999998,2530129599,2,ClientRead
1786441408884,486.6,11063.4,214.0,1114.1,4826441,20977781,3391226352,1754460,256637.047,2536511167,13,ClientRead
1786441409883,509.3,11092.8,220.5,1114.9,4835982,21031976,3399393679,1757880,257149.789,2543384255,17,WALWrite
1786441410883,560.7,11086.7,194.1,1114.0,4845819,21089375,3407715751,1761342,257643.576,2549716671,15,transactionid
1786441411883,795.3,11107.1,123.8,1118.1,4855945,21145338,3415920949,1765329,258170.53999999998,2556352191,20,ClientRead
1786441412883,624.6,11122.2,179.8,1120.0,4866115,21214221,3425029066,1768705,258664.34699999998,2561799871,13,WALWrite
1786441413883,380.0,11134.7,213.6,1119.8,4875676,21268794,3433167159,1771762,259172.447,2567460543,4,WALWrite
1786441414883,393.0,11163.4,211.5,1119.6,4885347,21324187,3441201456,1775212,259737.50999999998,2573031103,5,ClientRead
1786441415883,399.4,11173.7,211.9,1119.6,4895338,21381926,3449558603,1778762,260303.81399999998,2578511551,11,transactionid
1786441416883,391.5,11203.1,212.5,1121.1,4905572,21440066,3457873719,1782534,260859.63499999998,2584622783,6,transactionid
1786441417883,463.4,11250.6,200.4,1121.2,4915269,21495439,3465962176,1786113,261422.78299999997,2591037119,8,WALWrite
1786441418883,471.8,11298.7,205.4,1122.2,4923950,21545721,3473794057,1789297,261951.734,2597557951,8,WALWrite
1786441419883,479.4,11325.7,194.1,1122.3,4932543,21595139,3481541439,1792417,262457.8890000001,2604267199,16,ClientRead
1786441420882,479.2,11332.1,197.8,1124.1,4941237,21647156,3489528208,1795608,262962.32500000007,2610501311,15,WALWrite
1786441421884,473.2,11348.8,204.8,1124.2,4949576,21711719,3498253210,1798356,263422.5150000001,2615932607,6,transactionid
1786441422883,401.8,11357.5,206.8,1124.2,4958929,21766005,3506427452,1801564,263918.357,2621404863,7,ClientRead
1786441423882,397.0,11368.6,211.4,1124.8,4968949,21823027,3514435194,1805213,264455.4,2626909887,8,transactionid
1786441424883,391.1,11397.0,208.2,1125.2,4978943,21880915,3522896870,1808891,265027.14200000005,2632603327,4,transactionid
1786441425883,406.1,11408.6,207.1,1124.3,4989090,21938309,3530942820,1812613,265584.84500000003,2638091967,7,ClientRead
1786441426883,394.7,11436.4,212.1,1125.5,4999369,21996460,3539183403,1816511,266149.955,2643678911,5,WALWrite
1786441427883,456.9,11450.4,202.6,1124.8,5009061,22052836,3547408844,1820054,266708.17300000007,2650199743,7,ClientRead
1786441428883,470.3,11500.2,196.9,1123.8,5017843,22104092,3555364943,1823281,267228.8560000001,2656704191,8,transactionid
1786441429882,471.0,11527.2,188.3,1124.7,5026368,22153510,3563072636,1826323,267730.81600000005,2663216831,9,transactionid
1786441430883,474.1,11517.6,190.1,1124.6,5035158,22206695,3571149604,1829476,268226.52900000004,2669688511,7,transactionid
1786441431883,507.2,11553.3,195.7,1124.8,5043848,22257272,3579034537,1832613,268709.0140000001,2675783359,11,transactionid
1786441432884,432.8,11555.4,210.0,1125.2,5052879,22443094,3595072654,1835910,269203.4360000001,2680215231,10,transactionid
1786441433882,394.8,11560.9,209.3,1124.6,5062963,22500151,3603218630,1839608,269730.4740000001,2683016895,6,ClientRead
1786441434884,389.1,11582.8,213.4,1125.7,5073099,22557741,3611526946,1843327,270300.3200000001,2685712063,5,WALWrite
1786441435883,400.0,11589.4,206.6,1124.4,5083282,22615289,3619809330,1847014,270866.5910000001,2688448191,14,ClientRead
1786441436883,390.0,11612.6,204.2,1124.6,5093382,22673839,3628267233,1850662,271421.16300000006,2691692223,4,WALWrite
1786441437883,459.2,11653.2,195.8,1124.4,5103464,22731049,3636480802,1854427,272015.58600000007,2694477503,8,ClientRead
1786441438885,485.0,11693.8,200.3,1126.1,5112807,22783523,3644386947,1857967,272520.61400000006,2697508543,8,transactionid
1786441439883,489.7,11715.0,197.9,1128.6,5122134,22835172,3652093251,1861411,273035.09300000005,2701383359,10,WALWrite
1786441440884,552.8,11713.8,169.4,1128.1,5131317,22888110,3659626403,1864780,273532.76900000003,2704848575,16,transactionid
1786441441882,803.2,11707.7,89.5,1128.5,5142351,22956113,3668842774,1869813,274125.929,2707723967,13,ClientRead
1786441442883,510.8,11729.2,182.0,1130.2,5153871,23019677,3677535310,1874355,274678.155,2710345407,16,WALWrite
1786441443882,411.0,11750.8,205.6,1131.1,5164480,23080866,3686059246,1877199,275130.53500000003,2712975039,3,transactionid
1786441444883,394.2,11756.5,213.0,1130.3,5174388,23138125,3694321556,1880664,275687.983,2715678399,8,transactionid
1786441445882,410.6,11769.8,215.8,1130.5,5184443,23196013,3702469672,1884200,276234.69100000005,2718373567,6,ClientRead
1786441446883,398.2,11785.7,240.8,1130.8,5194058,23251553,3710664790,1887524,276782.641,2721797823,8,ClientRead
1786441447883,470.4,11801.8,230.5,1131.3,5203572,23306550,3718729777,1890925,277333.429,2725377727,6,WALWrite
1786441448883,483.1,11845.6,221.9,1130.8,5212349,23357462,3726645645,1894042,277825.849,2728998591,11,ClientRead
1786441449883,502.0,11869.7,231.7,1130.7,5221726,23409749,3734482466,1897378,278328.293,2732824255,10,ClientRead
1786441450883,495.9,11864.9,217.2,1131.2,5230992,23465069,3742507887,1900602,278824.97200000007,2736510655,8,transactionid
1786441451883,518.3,11883.6,225.4,1130.2,5240118,23518064,3750662799,1903724,279299.168,2739746495,11,transactionid
1786441452882,410.0,11880.2,222.9,1131.1,5249408,23585029,3759595375,1906945,279804.7430000001,2742113983,10,WALWrite
1786441453883,390.5,11886.2,223.2,1131.3,5259091,23640270,3767552257,1910446,280356.6940000001,2744719039,16,WALWrite
1786441454883,388.6,11908.2,229.2,1131.5,5269273,23698572,3776048634,1914000,280889.2540000001,2747422399,9,ClientRead
1786441455883,397.5,11913.0,227.0,1130.9,5279426,23757379,3784393663,1917679,281455.70600000006,2750043839,16,WALWrite
1786441456883,392.0,11935.6,224.5,1131.3,5289322,23814588,3792470413,1921235,281992.84700000007,2752714431,5,WALWrite
1786441457883,474.9,11975.1,232.0,1131.6,5298965,23869877,3800624588,1924679,282562.4750000001,2756318911,7,WALWrite
1786441458884,488.1,12017.4,225.2,1131.5,5307496,23919864,3808288520,1927603,283052.79900000006,2759816895,7,transactionid
1786441459883,494.2,12041.3,219.1,1131.8,5316591,23972233,3816335436,1930809,283538.50000000006,2763609791,1,
1786441460883,501.4,12040.4,224.2,1131.3,5325891,24024708,3824116646,1934001,284023.1210000001,2767419071,10,transactionid
1786441461884,511.4,12050.1,218.6,1131.8,5334767,24166455,3837391559,1936869,284483.9390000001,2770106047,9,WALWrite
1786441462883,387.7,12055.2,221.6,1132.4,5344055,24221120,3845590252,1940049,285003.36500000005,2772768447,10,transactionid
1786441463882,393.4,12078.5,221.4,1133.7,5354051,24278333,3853867734,1943647,285550.3080000001,2775938751,12,WALWrite
1786441464882,394.7,12083.9,225.5,1131.0,5364018,24334678,3861817461,1947299,286109.63200000004,2778912447,9,WALWrite
1786441465882,397.5,12107.2,225.1,1132.2,5374117,24392524,3870199691,1950934,286673.81200000003,2781869759,13,transactionid
1786441466883,394.2,12113.9,215.6,1131.9,5383885,24448678,3878331339,1954372,287210.24000000005,2784974527,14,transactionid
1786441467883,459.7,12146.9,208.7,1133.6,5393834,24504941,3886391700,1958020,287768.804,2787890879,15,WALWrite
1786441468882,479.7,12173.3,210.9,1132.2,5402629,24555479,3894033416,1961213,288258.99600000004,2791438015,10,transactionid
1786441469882,483.4,12235.2,219.9,1131.7,5412005,24608166,3902086653,1964623,288756.402,2795230911,6,ClientRead
1786441470883,561.3,12190.5,191.0,1140.6,5421218,24663739,3910243506,1967874,289257.97000000003,2798794431,15,ClientRead
1786441471883,796.3,12228.6,125.1,1141.5,5431069,24726591,3918853780,1971737,289765.11100000003,2802169535,10,transactionid
1786441472883,608.7,12237.4,165.2,1142.6,5441795,24788555,3927308280,1975680,290274.1070000001,2804782783,16,transactionid
1786441473883,509.9,12229.0,225.1,1143.0,5451228,24844974,3935663533,1978342,290765.10300000006,2807527103,12,WALWrite
1786441474883,384.4,12235.0,227.4,1142.5,5461098,24900363,3943822668,1981814,291294.18900000013,2810238655,4,transactionid
1786441475882,361.7,12256.2,233.9,1142.6,5473104,24953205,3951617602,1986259,291945.3320000001,2812581567,5,ClientRead
1786441476884,371.9,12261.6,236.9,1144.1,5483934,24997696,3958848709,1989979,292514.31700000004,2814957247,4,ClientRead
1786441477883,436.3,12302.2,225.4,1142.6,5494383,25040914,3965988357,1993683,293056.889,2817849023,13,ClientRead
1786441478883,446.1,12341.9,219.3,1143.2,5503793,25081085,3972821644,1997296,293587.13200000004,2820937407,14,ClientRead
1786441479883,456.9,12362.9,220.5,1142.4,5513411,25123065,3980118577,2000887,294120.984,2824230591,11,ClientRead
1786441480883,473.3,12370.8,225.7,1143.2,5522703,25164590,3987184201,2004154,294622.7120000001,2827884223,8,transactionid
1786441481883,456.0,12383.2,224.6,1144.0,5531475,25203274,3993930008,2007182,295088.49900000007,2830284479,12,WALWrite
1786441482883,361.8,12386.9,233.5,1143.2,5542041,25253680,4001805041,2010374,295570.471,2832971455,9,ClientRead
1786441483883,360.8,12391.7,232.7,1143.8,5553316,25298071,4008871445,2014298,296131.06500000006,2835453631,14,WALWrite
1786441484883,356.6,12413.6,229.4,1143.7,5564759,25343475,4016211901,2018365,296704.063,2838337215,8,WALWrite
1786441485883,362.2,12419.1,231.8,1144.1,5575367,25386374,4023241792,2021985,297273.67500000005,2840901311,7,WALWrite
1786441486883,368.0,12425.4,231.3,1143.5,5586650,25430670,4030344270,2026044,297850.173,2843645631,2,ClientRead
1786441487884,422.9,12473.0,216.8,1143.3,5596971,25473150,4037430225,2029686,298400.1870000001,2846856895,13,WALWrite
1786441488883,454.8,12497.7,219.2,1144.7,5606729,25514347,4044414120,2033197,298925.8990000001,2850150079,3,WalSync
1786441489882,457.4,12541.6,219.0,1143.6,5616314,25555419,4051436408,2036772,299433.3900000001,2853631679,9,WALWrite
1786441490884,465.9,12560.1,216.3,1143.5,5625412,25595985,4058616138,2039967,299928.43600000005,2856998591,15,WALWrite
1786441491883,526.1,12562.2,223.4,1143.7,5634451,25637098,4065604458,2043048,300428.939,2858530495,13,transactionid
1786441492882,374.3,12537.5,226.1,1143.6,5644754,25724234,4075496274,2046670,300964.41800000006,2860086975,9,ClientRead
1786441493883,361.9,12559.5,224.9,1143.7,5656136,25769716,4082832052,2050699,301544.693,2862503615,8,transactionid
1786441494883,360.5,12564.2,223.9,1143.9,5667449,25815067,4090161544,2054679,302104.82700000005,2864895679,3,transactionid
1786441495882,359.4,12569.2,213.7,1143.6,5679074,25860908,4097479863,2058885,302682.41900000005,2867230399,4,transactionid
1786441496883,368.1,12591.1,221.8,1144.6,5690291,25905714,4104748764,2062772,303251.002,2869638847,7,ClientRead
1786441497883,431.2,12630.3,208.9,1143.7,5700941,25949561,4112074746,2066650,303809.113,2872112831,5,WALWrite
1786441498884,448.7,12670.2,202.1,1143.6,5710428,25989958,4118942874,2070147,304307.51800000004,2874922687,10,transactionid
1786441499882,458.4,12692.6,205.9,1144.0,5720121,26031695,4126097669,2073597,304828.66300000006,2878551743,4,transactionid
1786441500882,520.9,12761.5,187.2,1143.5,5729774,26072955,4133204652,2077165,305343.82800000004,2881672895,16,transactionid
1786441501883,754.1,12683.2,131.6,1144.1,5740456,26119967,4140472862,2081239,305901.035,2884155071,7,WALWrite
1786441502883,541.9,12704.1,161.3,1144.0,5752704,26165696,4147681586,2085998,306464.222,2886579903,14,transactionid
1786441503882,397.9,12709.6,211.7,1144.5,5763846,26214025,4155290988,2089038,306963.48600000003,2888988351,7,WALWrite
1786441504883,364.8,12713.8,216.7,1145.2,5775361,26259734,4162652890,2093115,307545.33900000004,2891347647,10,ClientRead
1786441505882,368.1,12736.6,219.0,1145.4,5786306,26303499,4169727998,2096850,308105.433,2894214847,2,
1786441506883,378.3,12741.7,220.1,1145.7,5797222,26348294,4177096364,2100612,308676.94800000003,2896713407,6,ClientRead
1786441507883,432.2,12798.9,206.9,1144.8,5807531,26391129,4184294361,2104256,309226.14900000003,2900268735,13,WALWrite
1786441508882,446.9,12826.3,188.7,1145.9,5817260,26432291,4191317535,2107917,309742.35000000003,2903717567,1,
1786441509886,453.6,12861.6,203.2,1145.0,5826765,26473462,4198367595,2111466,310264.73300000007,2907059903,8,transactionid
1786441510883,467.3,12920.1,214.4,1144.4,5836600,26515267,4205505196,2114764,310774.2690000001,2910435007,15,transactionid
1786441511882,494.9,12850.4,216.2,1144.7,5845979,26557164,4212600554,2117938,311269.2730000001,2913359551,12,WALWrite
1786441512883,367.3,12858.7,213.5,1144.8,5856069,26603929,4219878293,2121289,311777.20100000006,2915645119,10,WALWrite
1786441513883,362.7,12864.0,215.4,1144.6,5867879,26650051,4227204584,2125473,312347.8020000001,2918037183,11,ClientRead
1786441514883,362.7,12885.0,219.6,1144.9,5879703,26696617,4234682839,2129682,312923.0170000001,2920404671,6,transactionid
1786441515883,361.8,12890.5,211.5,1145.4,5891234,26741401,4241783202,2133657,313483.0390000001,2922813119,11,WALWrite
1786441516883,373.7,12911.7,218.0,1145.7,5902362,26786410,4249143020,2137484,314042.2500000001,2925246143,10,ClientRead
1786441517883,448.0,12951.8,217.2,1144.7,5912269,26828259,4256261049,2140913,314600.1330000001,2928588479,5,WALWrite
1786441518883,455.4,12975.4,205.7,1146.2,5921684,26868772,4263170686,2144446,315131.3210000001,2931979967,8,ClientRead
1786441519883,460.0,13014.7,207.3,1144.2,5931045,26909390,4270132474,2147820,315635.0470000001,2935305919,1,
1786441520883,476.8,13060.3,205.4,1144.2,5941018,26951665,4277358919,2151340,316135.068,2938779327,13,ClientRead
1786441521883,489.1,13006.5,195.1,1144.2,5949650,26996528,4284634055,2154340,316621.0190000001,2941302463,7,ClientRead
1786441522883,360.3,13011.4,214.3,1143.9,5960502,27041111,4291978533,2158140,317187.76200000005,2943719103,6,WALWrite
1786441523883,359.6,13032.1,212.5,1145.4,5971732,27085352,4299043718,2162101,317753.94700000004,2946086591,6,ClientRead
1786441524883,358.8,13038.3,209.9,1146.3,5983153,27131426,4306491976,2166181,318335.62000000005,2948437695,7,tuple
1786441525882,358.3,13059.3,211.6,1144.9,5994460,27176409,4313787238,2170142,318907.57000000007,2950862527,6,WALWrite
1786441526883,369.2,13065.4,215.6,1146.4,6005612,27220484,4320833903,2174133,319492.7740000001,2953729727,11,WALWrite
1786441527882,427.9,13079.7,206.9,1145.4,6016292,27264327,4328117452,2177943,320050.4160000001,2956555967,5,transactionid
1786441528882,449.5,13122.0,198.2,1145.4,6025546,27303840,4334866344,2181356,320575.6690000001,2959029951,7,WALWrite
1786441529883,461.8,13172.6,205.8,1144.8,6035106,27345292,4342042290,2184665,321090.5930000001,2964977343,13,transactionid
1786441530882,522.8,13210.3,177.7,1145.8,6044475,27385683,4349048294,2187844,321587.5360000001,2971088575,17,WALWrite
1786441531884,778.9,13159.1,113.9,1145.7,6054529,27431399,4356384691,2191597,322094.242,2976642751,13,WALWrite
1786441532883,513.5,13185.7,152.6,1144.1,6065953,27475819,4363602482,2195654,322679.85900000005,2981721791,11,WALWrite
1786441533882,555.8,13229.3,209.1,1145.9,6076665,27523827,4371057631,2198704,323175.43400000007,2986866367,8,WALWrite
1786441534883,395.3,13207.9,214.6,1146.5,6087352,27567337,4378266062,2202366,323706.06700000004,2991945407,10,transactionid
1786441535883,355.9,13235.4,211.4,1145.5,6098829,27612630,4385583154,2206415,324273.7700000001,2997663423,7,transactionid
1786441536882,374.0,13247.6,211.7,1146.2,6110400,27657766,4392813530,2210515,324845.65200000006,3003299519,5,ClientRead
1786441537883,436.3,13285.0,205.6,1146.5,6121367,27702117,4400177634,2214397,325401.64200000005,3009238719,2,WalSync
1786441538882,465.1,13318.8,209.7,1146.5,6132294,27745878,4407347795,2218248,325930.4660000001,3015497407,10,transactionid
1786441539883,464.3,13362.5,206.4,1146.0,6142780,27788721,4414479257,2222061,326463.7540000001,3021698751,13,WALWrite
1786441540884,475.4,13409.0,216.9,1145.2,6153068,27830777,4421448891,2225595,326988.1930000001,3028039359,15,ClientRead
1786441541883,480.6,13382.2,206.9,1146.5,6162747,27871387,4428198408,2228806,327466.18100000004,3033790143,3,ClientRead
1786441542883,362.2,13373.7,205.0,1146.0,6173131,27918871,4435723021,2232190,327976.73500000004,3038942911,11,transactionid
1786441543884,366.1,13383.4,225.2,1067.0,6181237,27957367,4442631635,2235192,328438.64600000007,3044046527,6,ClientRead
1786441544883,383.6,13410.9,232.9,1185.3,6186654,27990455,4449409255,2238069,328984.878,3049248447,4,ClientRead
1786441545882,373.1,13423.2,232.0,1353.1,6192227,28027818,4456505144,2240553,329441.146,3054753471,6,transactionid
1786441546883,397.8,13452.2,228.5,1354.3,6202076,28084015,4464728965,2244061,329984.22900000005,3060872895,10,transactionid
1786441547883,473.3,13472.7,219.8,1354.5,6211688,28140293,4472997287,2247584,330525.49700000003,3067508415,5,ClientRead
1786441548883,482.8,13524.5,220.7,1355.7,6220326,28189875,4480439999,2250857,331036.6690000001,3073988287,8,WALWrite
1786441549883,488.0,13577.8,216.2,1357.1,6229027,28239993,4488308994,2254039,331547.07000000007,3080607423,10,WALWrite
1786441550884,495.4,13618.8,217.6,1359.8,6237618,28289168,4495913953,2257032,332029.65800000005,3086866111,10,ClientRead
1786441551882,580.6,13579.8,212.6,1360.6,6245857,28340040,4503605905,2259931,332504.0080000001,3093485247,4,VacuumTruncate
1786441552882,394.7,13611.2,218.3,1360.2,6254536,28391508,4511327599,2262692,332934.41800000006,3098932927,5,VacuumTruncate
1786441553883,409.3,13594.2,226.2,1359.7,6264291,28454412,4520047120,2265738,333403.281,3104528063,10,WALWrite
1786441554883,392.0,13623.2,224.6,1360.1,6274180,28512422,4528338864,2269234,333946.46800000005,3110098623,9,ClientRead
1786441555883,402.5,13634.0,225.0,1359.6,6284073,28571400,4536779117,2272694,334488.5280000001,3115726527,6,WALWrite
1786441556882,395.0,13663.2,218.9,1359.4,6294223,28630962,4545083743,2276379,335048.59800000006,3121829567,6,ClientRead
1786441557883,476.7,13680.0,211.1,1361.7,6303880,28688209,4553382851,2279773,335598.938,3127621311,10,WALWrite
1786441558882,491.7,13728.6,212.9,1360.7,6313233,28741622,4561328554,2283270,336090.835,3133544127,14,WALWrite
1786441559883,489.4,13783.5,218.2,1360.9,6322528,28794576,4569321608,2286742,336598.47500000003,3139491519,18,ClientRead
1786441560883,567.5,13822.4,193.6,1362.3,6332144,28848777,4577352914,2290438,337108.113,3146094271,14,ClientRead
1786441561882,928.3,13780.1,103.4,1361.8,6342458,29026609,4592811149,2295109,337667.753,3151697599,12,WALWrite
1786441562885,595.0,13782.1,132.9,1362.5,6353978,29089163,4601396200,2300790,338305.49400000006,3154548415,14,WALWrite
1786441563883,504.7,13806.1,195.7,1362.6,6364798,29151860,4610267362,2303617,338770.25500000006,3157939903,6,ClientRead
1786441564883,422.8,13811.7,217.0,1363.4,6375376,29213269,4618848238,2306524,339245.38600000006,3161020095,14,ClientRead
1786441565883,401.3,13834.3,225.3,1364.8,6385256,29270517,4627144255,2310046,339811.742,3164272319,9,transactionid
1786441566883,405.9,13842.9,221.1,1363.7,6394767,29325462,4635213814,2313423,340366.29600000003,3167884991,6,transactionid
1786441567882,478.1,13875.3,218.5,1364.8,6404341,29380607,4643427074,2316820,340927.488,3171727039,14,WALWrite
1786441568883,479.3,13903.2,198.3,1365.1,6412613,29428344,4650708602,2319842,341424.954,3175454399,13,WALWrite
1786441569883,488.3,13967.2,206.2,1366.9,6421336,29478785,4658494802,2323174,341925.97400000005,3179337407,8,ClientRead
1786441570882,497.8,13986.4,198.6,1366.3,6430183,29529189,4666363832,2326383,342437.06600000005,3183212223,8,transactionid
1786441571883,626.0,13959.3,215.6,1365.5,6438520,29581535,4674377081,2329301,342919.596,3186931391,13,ClientRead
1786441572882,431.0,13940.8,216.0,1366.0,6447334,29639412,4682953989,2332133,343390.3450000001,3189675711,7,WALWrite
1786441573883,396.0,13962.3,209.8,1366.2,6456933,29695261,4690909593,2335583,343942.8520000001,3192477375,7,WALWrite
1786441574884,400.1,13968.7,209.3,1366.4,6467014,29754662,4699465476,2339143,344496.6380000001,3195229887,1,WalSync
1786441575883,393.4,13992.0,210.5,1365.8,6476994,29811938,4707406321,2342806,345057.29800000007,3198039743,7,WALWrite
1786441576883,405.7,13996.2,210.4,1366.8,6487167,29870137,4715658861,2346477,345608.6870000001,3200833215,10,ClientRead
1786441577883,491.1,14043.6,216.2,1367.4,6496842,29926563,4723850321,2349898,346163.6830000001,3203978943,5,ClientRead
1786441578884,488.9,14067.1,198.1,1365.6,6505573,29978002,4731731766,2353024,346665.8930000001,3207075519,7,transactionid
1786441579883,490.2,14087.7,203.3,1366.4,6514396,30029740,4739726584,2356382,347179.5250000001,3209852607,11,transactionid
1786441580882,505.4,14128.9,205.1,1366.3,6523076,30080062,4747400826,2359506,347652.3660000001,3212932799,11,transactionid
1786441581883,604.9,14099.7,197.6,1366.9,6531616,30133563,4755514619,2362441,348116.83700000006,3216152255,16,WALWrite
1786441582883,400.8,14100.8,207.0,1367.3,6540465,30189651,4763731615,2365130,348541.0800000001,3217921727,13,transactionid
1786441583882,404.5,14106.9,211.4,1367.8,6550583,30249027,4772007137,2368620,349073.1690000001,3220698815,11,WALWrite
1786441584883,401.7,14129.3,216.9,1367.2,6560876,30309012,4780432285,2372394,349628.6110000001,3223918271,13,transactionid
1786441585883,400.2,14135.3,210.9,1366.8,6570932,30368488,4788965144,2375996,350191.95300000004,3226973887,11,WALWrite
1786441586883,403.6,14159.0,208.6,1367.8,6581097,30427426,4797189794,2379752,350760.37600000005,3230643903,9,WALWrite
1786441587883,486.4,14167.2,197.2,1367.7,6591059,30485260,4805276591,2383590,351327.42000000004,3234174655,15,WALWrite
1786441588883,497.4,14210.7,195.7,1367.6,6600273,30539001,4813389402,2386982,351826.89100000006,3238098623,14,transactionid
1786441589883,508.1,14234.4,196.4,1367.2,6609594,30592998,4821423079,2390342,352342.01700000005,3242047167,13,ClientRead
1786441590883,581.1,14265.8,179.2,1367.5,6618845,30646450,4829514079,2393508,352822.03300000005,3245774527,11,WALWrite
1786441591883,912.4,14250.6,119.4,1368.7,6628397,30704732,4837877659,2396918,353287.21100000007,3249264319,8,ClientRead
1786441592883,641.8,14246.5,136.4,1367.7,6638017,30882280,4853515413,2400443,353790.243,3251959487,16,transactionid
1786441593882,445.7,14268.7,187.8,1370.1,6648670,30944245,4862132721,2403523,354288.15300000005,3254589119,4,ClientRead
1786441594882,630.6,14275.4,210.5,1368.9,6658233,31006350,4870625191,2406571,354779.693,3257136831,7,WALWrite
1786441595882,397.3,14296.4,209.7,1369.0,6667490,31059923,4878606847,2409739,355301.37100000004,3259864767,15,WALWrite
1786441596883,396.5,14304.1,207.6,1369.3,6677721,31118041,4886977576,2413463,355867.504,3262969535,8,transactionid
1786441597883,469.0,14359.4,197.0,1367.8,6687541,31174212,4895062459,2417053,356427.445,3265992383,10,WALWrite
1786441598884,488.2,14383.8,187.8,1370.0,6696423,31224898,4902725121,2420280,356904.899,3268802239,11,ClientRead
1786441599883,494.3,14420.1,192.6,1369.7,6705258,31275613,4910649207,2423502,357406.41500000004,3271718591,11,transactionid
1786441600883,507.8,14442.4,192.6,1370.4,6714338,31327153,4918388527,2426914,357897.12700000004,3275527871,10,transactionid
1786441601883,627.3,14449.5,201.1,1370.1,6722800,31382920,4926558087,2429705,358334.15900000004,3277649599,12,transactionid
1786441602883,407.5,14433.6,205.9,1369.7,6731986,31436939,4934590773,2432682,358787.4820000001,3280336575,3,ClientRead
1786441603883,403.4,14455.5,210.1,1370.2,6742359,31496886,4942953211,2436332,359332.663,3283138239,8,ClientRead
1786441604882,400.6,14462.6,207.4,1368.8,6752594,31556853,4951398930,2439975,359869.683,3286144703,6,ClientRead
1786441605883,397.4,14485.0,207.8,1370.3,6762728,31615307,4959610610,2443564,360408.553,3288946367,6,WALWrite
1786441606883,402.2,14492.0,208.3,1370.6,6772632,31672650,4967798516,2446996,360939.05,3292501695,6,transactionid
1786441607882,463.8,14545.0,200.6,1369.4,6782448,31730127,4976068591,2450633,361489.71200000006,3296089791,8,ClientRead
1786441608885,503.7,14571.7,201.3,1369.8,6791304,31781862,4983946195,2453774,361988.07300000003,3300226751,13,ClientRead
1786441609882,504.4,14609.7,198.0,1370.1,6800380,31834950,4992184219,2456916,362465.428,3304027839,13,ClientRead
1786441610884,517.5,14629.3,197.3,1369.8,6809371,31886296,4999894840,2460063,362947.8900000001,3307878079,2,
1786441611883,659.5,14629.5,210.3,1372.0,6818065,31936993,5007819574,2462867,363395.59400000004,3311244991,16,transactionid
1786441612883,451.2,14608.3,202.9,1371.1,6827178,31998514,5016235501,2465791,363841.92600000004,3312867007,10,WALWrite
1786441613883,401.0,14630.0,206.8,1370.3,6837209,32056106,5024110307,2469333,364357.30700000003,3315553983,10,WALWrite
1786441614883,400.5,14636.3,208.4,1371.9,6847877,32118588,5033017159,2473127,364912.526,3318150847,4,WALWrite
1786441615884,399.4,14657.6,202.9,1370.3,6857701,32175051,5040831577,2476595,365441.96200000006,3320829631,8,ClientRead
1786441616882,400.8,14663.8,207.0,1371.7,6867705,32233787,5049281060,2480193,365986.65200000006,3323868863,11,WALWrite
1786441617883,461.7,14717.2,203.4,1371.6,6877578,32292176,5057600061,2483829,366534.92500000005,3326613183,11,WALWrite
1786441618883,490.1,14741.9,196.3,1371.2,6886335,32343360,5065457410,2486952,367019.03500000003,3329980095,10,WALWrite
1786441619884,505.0,14782.4,211.0,1372.0,6895440,32395541,5073331859,2490176,367513.773,3333568191,9,transactionid
1786441620883,561.1,14796.6,180.9,1371.8,6904946,32449656,5081178149,2493607,368014.04800000007,3337295551,13,WALWrite
1786441621883,899.8,14886.8,119.1,1373.9,6914675,32596438,5094760691,2497417,368540.0040000001,3340367551,13,transactionid
1786441622883,654.3,14815.5,126.2,1372.7,6924255,32654730,5103235079,2501059,369050.20100000006,3343185599,15,transactionid
1786441623882,475.3,14820.9,188.7,1374.3,6934912,32716563,5112054254,2504076,369525.27400000003,3345946303,9,WALWrite
1786441624882,400.2,14843.4,208.7,1372.5,6944909,32774144,5120259234,2507250,370041.12100000004,3348592319,8,WALWrite
1786441625883,403.2,14850.5,210.6,1374.3,6955307,32833394,5128695588,2510997,370599.85300000006,3351836351,13,transactionid
1786441626883,410.4,14873.4,214.9,1373.0,6965120,32889556,5136700711,2514499,371158.5470000001,3355121343,11,WALWrite
1786441627883,474.8,14913.8,208.8,1374.2,6974536,32944330,5144773330,2517786,371702.69000000006,3358693055,13,ClientRead
1786441628883,502.0,14957.2,198.5,1372.4,6983501,32996040,5152612835,2521113,372248.59200000006,3362633407,8,transactionid
1786441629883,506.9,14978.8,200.2,1373.3,6992462,33047503,5160496057,2524331,372740.085,3366344383,9,WALWrite
1786441630884,508.6,14994.5,200.5,1373.2,7001668,33099833,5168522278,2527550,373226.465,3370333887,13,transactionid
1786441631882,642.8,15050.4,205.3,1373.0,7010187,33149176,5176105130,2530384,373698.82800000004,3373774527,10,transactionid
1786441632883,462.5,14996.8,203.6,1374.3,7018965,33210187,5184489390,2533334,374147.552,3376379583,12,ClientRead
1786441633883,395.4,15019.1,201.7,1374.7,7028564,33266688,5192708742,2536723,374689.94700000004,3379173055,6,WALWrite
1786441634883,454.9,15085.5,203.5,1375.5,7038708,33325621,5201113681,2540400,375237.386,3381868223,16,WALWrite
1786441635883,587.5,15085.8,198.5,1374.5,7048074,33383999,5209251665,2543803,375770.10900000005,3384563391,14,ClientRead
1786441636885,493.0,15151.8,200.2,1375.2,7056958,33435660,5217415021,2547010,376292.726,3387455167,12,transactionid
1786441637884,596.7,15186.5,207.9,1377.8,7065072,33481938,5224483211,2549764,376761.912,3390387903,11,ClientRead
1786441638883,532.7,15087.5,205.8,1377.6,7073839,33533530,5232297435,2552789,377253.39800000004,3393959615,17,WALWrite
1786441639884,494.5,15150.6,187.1,1382.3,7082823,33586131,5240303660,2555868,377754.00800000003,3397277375,10,ClientRead
1786441640883,501.1,15159.0,187.1,1382.4,7091824,33638082,5248156396,2559216,378261.674,3401037503,11,ClientRead
1786441641883,632.0,15206.4,198.9,1383.0,7100925,33695948,5256587260,2562415,378749.47200000007,3403208383,17,WALWrite
1786441642883,428.2,15151.2,203.9,1384.0,7109863,33747647,5264378691,2565334,379226.97900000005,3405887167,12,ClientRead
1786441643882,406.1,15174.2,208.4,1384.8,7119944,33806196,5272808009,2568960,379774.30900000007,3408574143,6,ClientRead
1786441644883,404.2,15183.1,203.9,1383.9,7130519,33865956,5281033655,2572916,380325.14600000007,3411441343,10,WALWrite
1786441645884,404.0,15206.0,210.8,1384.6,7140715,33926165,5289668521,2576513,380877.24400000006,3414095551,9,transactionid
1786441646883,407.1,15213.0,229.8,1384.5,7150730,33983359,5297655435,2580145,381429.292,3416798911,5,WALWrite
1786441647882,468.5,15237.4,231.2,1384.7,7160699,34041431,5306073222,2583576,381976.02800000005,3420542655,12,ClientRead
1786441648882,505.7,15246.8,217.4,1385.2,7169936,34094319,5313977336,2586819,382485.264,3424212671,10,WALWrite
1786441649883,511.2,15311.1,225.3,1383.8,7178983,34146563,5321914348,2589953,382982.58800000005,3427964607,17,ClientRead
1786441650883,589.4,15320.3,194.5,1385.4,7188449,34199926,5329798383,2593139,383462.70800000004,3431839423,13,WALWrite
1786441651883,922.9,15501.7,126.8,1384.8,7197865,34253952,5337781141,2596474,383936.70600000006,3435067071,18,WALWrite
1786441652883,662.5,15301.3,138.2,1399.5,7206930,34418499,5352591155,2599734,384389.63200000004,3437721279,13,WALWrite
1786441653883,481.0,15307.9,210.5,1401.4,7217201,34468242,5360656959,2602529,384823.47300000006,3440039615,10,transactionid
1786441654883,370.9,15329.3,238.8,1400.6,7228138,34515523,5368027748,2605614,385329.081,3442374335,16,WALWrite
1786441655883,640.3,15335.5,237.0,1400.9,7238533,34563664,5375735468,2609095,385863.764,3444700863,9,ClientRead
1786441656883,372.0,15341.7,238.3,1400.6,7248329,34604771,5382565037,2612469,386390.62200000003,3447510719,8,ClientRead
1786441657883,438.9,15369.5,224.2,1401.4,7258659,34647377,5389618496,2616063,386938.50200000004,3450205887,11,WALWrite
1786441658883,474.6,15395.5,228.9,1401.5,7267653,34687725,5396697936,2619247,387448.29300000006,3452753599,17,WALWrite
1786441659884,476.4,15461.2,226.3,1401.7,7276839,34727735,5403592046,2622473,387950.123,3455981247,8,transactionid
1786441660883,493.6,15469.1,242.3,1401.8,7286033,34768611,5410725302,2625632,388436.79800000007,3459225279,9,transactionid
1786441661882,606.7,15538.4,234.6,1401.4,7295067,34808330,5417665140,2628403,388901.5740000001,3461772991,16,transactionid
1786441662883,409.5,15429.3,242.0,1402.3,7304422,34857402,5425435645,2631049,389336.23400000005,3463345855,9,ClientRead
1786441663882,367.8,15450.2,235.7,1401.8,7315181,34901283,5432620453,2634491,389851.5570000001,3465623231,12,tuple
1786441664883,373.9,15455.8,238.1,1401.9,7326270,34945675,5439756953,2638313,390413.08900000004,3467949759,13,transactionid
1786441665883,371.6,15461.1,235.4,1400.9,7337363,34990484,5447138935,2642101,390980.61000000004,3470235327,7,ClientRead
1786441666883,372.2,15483.3,237.3,1401.6,7348103,35034330,5454280279,2645684,391533.3950000001,3472496319,8,ClientRead
1786441667884,445.1,15523.8,225.1,1402.0,7358854,35078534,5461639851,2649374,392095.4060000001,3476395711,9,transactionid
1786441668882,479.5,15566.6,226.0,1401.4,7367898,35118825,5468675089,2652421,392586.6800000001,3479828159,8,transactionid
1786441669883,499.5,15587.7,240.3,1401.6,7377404,35159800,5475677770,2655646,393067.3600000001,3483391679,18,transactionid
1786441670884,501.2,15620.8,224.7,1402.4,7387302,35201550,5482717226,2658831,393533.1950000001,3486938815,14,transactionid
1786441671883,653.2,15703.1,234.9,1401.5,7395996,35241096,5489852141,2661574,393960.72200000007,3490166463,11,ClientRead
1786441672882,441.1,15586.3,228.5,1402.2,7404974,35286893,5497160866,2664288,394385.0990000001,3492591295,8,WALWrite
1786441673882,374.5,15608.9,231.7,1402.1,7415725,35330399,5504220109,2667906,394919.94000000006,3494934207,13,transactionid
1786441674884,373.0,15613.4,237.8,1402.1,7427211,35376083,5511575948,2671920,395481.6700000001,3497285311,14,WALWrite
1786441675883,367.8,15634.6,229.7,1402.1,7438088,35419781,5518660913,2675684,396052.7050000001,3499546303,13,transactionid
1786441676884,374.0,15640.8,237.3,1403.0,7449037,35463888,5525773322,2679443,396613.254,3502388927,14,transactionid
1786441677883,448.3,15688.0,223.6,1402.4,7459730,35507984,5533111386,2683064,397150.256,3505075903,12,WALWrite
1786441678883,472.1,15714.8,216.2,1402.6,7469849,35550251,5540142165,2686716,397666.246,3507541695,13,WALWrite
1786441679882,492.9,15739.0,224.4,1401.5,7479897,35592666,5547286266,2690359,398165.362,3510253247,20,transactionid
1786441680885,513.4,15763.5,195.6,1402.9,7489706,35634923,5554555407,2693765,398665.9650000001,3513743039,20,transactionid
1786441681883,830.9,15821.6,132.2,1403.5,7499739,35679831,5561738945,2697226,399134.08700000006,3516208831,13,transactionid
1786441682883,643.8,15744.9,120.2,1404.1,7511466,35724905,5568859597,2701931,399700.3450000001,3518461631,9,WALWrite
1786441683883,512.3,15749.7,177.6,1403.6,7523599,35772148,5576205588,2706266,400248.12400000007,3520706239,12,transactionid
1786441684883,391.1,15771.2,218.0,1405.1,7534310,35818193,5583479316,2709107,400720.5670000001,3523016383,10,WALWrite
1786441685883,369.8,15776.7,228.2,1404.8,7545131,35862159,5590732944,2712705,401273.8900000001,3525793471,15,tuple
1786441686883,384.3,15800.0,231.6,1405.5,7556299,35906528,5597948314,2716533,401831.2810000001,3528570559,16,ClientRead
1786441687883,449.5,15806.9,221.8,1404.5,7566663,35950122,5605311945,2719967,402393.49400000006,3532084927,18,transactionid
1786441688883,484.6,15823.2,228.9,1405.1,7575774,35989844,5612107468,2722956,402883.17600000004,3535328959,9,transactionid
1786441689883,489.4,15887.9,224.1,1404.2,7585316,36031115,5619222695,2725978,403366.23400000005,3538736831,7,transactionid
1786441690883,491.7,15894.1,213.2,1405.3,7594843,36071820,5626140966,2729165,403847.46900000004,3541972671,11,transactionid
1786441691886,620.2,15945.3,224.4,1404.8,7604185,36112547,5633284382,2732154,404332.65,3545175743,15,ClientRead
1786441692883,461.9,15856.9,219.2,1405.1,7613705,36160498,5640930005,2735024,404783.56100000005,3547477695,12,transactionid
1786441693883,366.2,15878.4,219.4,1405.7,7624177,36203386,5647959953,2738480,405310.0630000001,3549812415,6,ClientRead
1786441694882,368.7,15883.5,222.4,1404.8,7635258,36248466,5655374491,2742235,405866.9980000001,3552032447,10,ClientRead
1786441695882,366.9,15887.9,219.2,1405.2,7646066,36291461,5662249482,2745962,406416.5250000001,3554383551,4,ClientRead
1786441696883,373.0,15908.9,222.6,1405.1,7657465,36337062,5669587261,2749918,406984.57300000003,3556685503,14,transactionid
1786441697883,457.7,15947.3,225.6,1405.7,7668243,36381930,5677040891,2753707,407581.18000000005,3559577279,12,transactionid
1786441698884,473.5,15985.6,217.7,1405.0,7677309,36421324,5683837604,2756811,408063.53800000006,3562182335,14,ClientRead
1786441699883,490.1,16009.8,217.0,1405.3,7686774,36462305,5690829019,2760091,408537.916,3564844735,12,transactionid
1786441700883,500.0,16038.9,209.3,1406.0,7696430,36504006,5698001166,2763264,409024.62900000013,3568432831,14,transactionid
1786441701884,619.1,16061.8,206.2,1404.9,7705676,36548387,5705369195,2766194,409461.0250000001,3571087039,17,transactionid
1786441702883,500.0,16090.3,220.6,1405.3,7714648,36587406,5711681259,2768903,409884.0040000001,3573438143,16,transactionid
1786441703883,372.7,16116.3,216.2,1406.5,7725085,36630473,5718896995,2772329,410398.00500000006,3575830207,10,transactionid
1786441704883,376.1,16125.4,220.4,1405.0,7736687,36676012,5726191853,2776416,410945.30700000003,3578230463,8,transactionid
1786441705883,378.2,16149.2,219.3,1405.9,7747860,36720190,5733282212,2780222,411500.89700000006,3580597951,8,WALWrite
1786441706883,376.8,16160.3,223.7,1406.9,7759178,36765278,5740616837,2784151,412053.5080000001,3583866559,4,WALWrite
1786441707883,445.5,16217.5,214.5,1405.7,7769788,36808090,5747580494,2787715,412593.4060000001,3587126975,16,transactionid
1786441708883,467.7,16246.1,204.7,1406.3,7779301,36849735,5754848014,2791059,413107.01200000005,3590559423,18,ClientRead
1786441709883,491.9,16289.5,208.7,1406.0,7788636,36889658,5761643725,2794337,413598.02100000007,3594122943,3,ClientRead
1786441710883,496.1,16305.9,211.7,1405.7,7798410,36931627,5768867670,2797546,414073.97900000005,3597506239,14,transactionid
1786441711882,834.4,16357.7,147.1,1405.4,7807909,36972081,5775860705,2800570,414528.7350000001,3600602815,15,transactionid
1786441712883,707.7,16294.9,114.8,1406.2,7818043,37019034,5783114928,2803901,414988.5610000001,3602929343,7,WalSync
1786441713883,576.7,16301.6,138.4,1405.2,7830591,37065138,5790483787,2809112,415577.3320000001,3605411519,16,WALWrite
1786441714883,483.4,16326.5,179.2,1406.8,7841164,37111182,5798033405,2812136,416038.0720000001,3607770815,15,ClientRead
1786441715883,381.8,16350.4,215.2,1406.8,7851918,37157193,5805442821,2815384,416554.7480000001,3610285759,10,transactionid
1786441716883,626.0,16358.3,219.8,1405.7,7861842,37200544,5812478958,2818718,417080.0880000001,3613169343,15,WALWrite
1786441717883,439.4,16398.5,208.7,1406.5,7871748,37242286,5819483730,2822095,417604.6800000001,3615774399,8,ClientRead
1786441718883,470.5,16423.6,214.6,1406.3,7881296,37283648,5826577490,2825425,418101.7140000001,3618625215,13,transactionid
1786441719882,481.4,16466.5,218.6,1407.1,7890954,37325216,5833797685,2828601,418601.49100000004,3621852863,18,transactionid
1786441720884,480.0,16483.6,207.0,1405.9,7900301,37365949,5840808980,2831751,419083.70600000006,3626972863,13,transactionid
1786441721882,595.1,16530.0,211.2,1405.6,7909566,37410767,5848220520,2834824,419558.7630000001,3632518847,14,transactionid
1786441722883,451.8,16480.6,214.7,1407.5,7918971,37451612,5855292595,2837888,420021.92900000006,3637548735,11,WALWrite
1786441723883,377.0,16508.8,218.0,1407.6,7929489,37495235,5862536266,2841367,420533.84100000013,3642701503,12,WALWrite
1786441724882,371.9,16520.6,217.6,1406.7,7940606,37540409,5869999212,2845140,421096.9960000001,3647780543,14,ClientRead
1786441725884,372.2,16533.5,214.8,1406.4,7951549,37584106,5877006621,2848883,421655.6530000001,3653367487,14,transactionid
1786441726883,373.8,16561.7,213.8,1407.0,7962485,37628336,5884266576,2852616,422227.6110000001,3658585791,8,transactionid
1786441727883,453.0,16581.5,217.1,1406.3,7973418,37672427,5891518959,2856455,422781.0030000001,3664713407,16,ClientRead
1786441728883,470.7,16633.4,201.5,1407.1,7983434,37714240,5898559569,2859885,423271.40300000005,3670898367,4,ClientRead
1786441729882,488.7,16689.2,199.0,1406.6,7993023,37755580,5905630056,2863240,423772.41200000007,3677017791,6,ClientRead
1786441730882,497.6,16716.2,204.8,1406.6,8002381,37795802,5912520407,2866427,424241.60900000005,3682924223,14,transactionid
1786441731882,641.4,16774.9,215.4,1407.4,8011185,37900394,5923518650,2869165,424682.46800000005,3687724735,15,transactionid
1786441732882,474.9,16687.7,210.4,1407.3,8020130,37942005,5930661051,2871825,425138.4110000001,3692222143,14,transactionid
1786441733884,379.2,16699.3,219.0,1407.7,8030533,37985717,5937976181,2875097,425634.2920000001,3697473215,4,transactionid
1786441734883,371.6,16727.2,216.2,1408.2,8041635,38030444,5945214157,2878984,426187.5090000001,3702511295,9,WALWrite
1786441735883,378.3,16738.7,214.9,1407.4,8052750,38075074,5952452216,2882702,426753.1870000001,3708098239,7,ClientRead
1786441736883,373.3,16750.3,215.0,1408.2,8063862,38119776,5959759775,2886514,427315.0310000001,3713275583,10,transactionid
1786441737883,440.6,16809.4,206.3,1408.2,8074355,38163583,5967057759,2890079,427868.77100000007,3719083711,11,transactionid
1786441738882,467.7,16840.8,199.1,1408.8,8083513,38203737,5974033726,2893345,428363.9570000001,3724727999,15,WALWrite
1786441739883,485.6,16885.5,204.5,1406.9,8092730,38244550,5981162404,2896111,428787.8400000001,3730847423,17,transactionid
1786441740882,492.6,16906.4,220.5,1407.7,8102397,38285790,5988215549,2898862,429198.96700000006,3736843967,19,ClientRead
1786441741885,604.1,16951.5,218.1,1410.1,8112118,38331400,5995655781,2903030,429806.2200000001,3742652095,9,WALWrite
1786441742883,766.5,16903.2,100.9,1407.2,8122931,38373327,6002538469,2907469,430356.2890000001,3747919551,12,ClientRead
1786441743883,661.2,16929.9,89.0,1407.0,8138162,38419887,6009491694,2914796,431052.7220000001,3753023167,9,WALWrite
1786441744883,532.4,16942.2,155.7,1407.2,8152565,38470760,6017032658,2921013,431721.52300000004,3758347967,13,WALWrite
1786441745883,505.4,16953.7,193.3,1406.7,8163411,38520041,6024781348,2923440,432176.1760000001,3764057791,5,transactionid
1786441746883,454.6,16983.0,221.2,1408.7,8174211,38568893,6032659875,2925952,432626.8480000001,3769464511,4,WALWrite
1786441747883,460.4,17029.8,247.3,1300.2,8182154,38606235,6039299722,2929012,433179.17300000007,3775772351,10,transactionid
1786441748883,507.6,17078.3,235.2,1374.2,8186132,38636449,6046001753,2931123,433651.0170000001,3782268607,14,transactionid
1786441749883,464.6,17107.5,248.9,1678.5,8190792,38669384,6052754842,2933329,434142.89200000005,3788797631,10,ClientRead
1786441750883,517.4,17146.5,232.3,1681.0,8198203,38714163,6060216332,2935930,434598.52700000006,3795293887,19,ClientRead
1786441751883,634.8,17201.1,243.7,1681.4,8206637,38762957,6068018062,2938627,435061.3070000001,3801863871,10,WALWrite
1786441752883,565.5,17160.4,239.1,1680.8,8215490,38862512,6078693618,2941430,435544.7810000001,3807631039,7,transactionid
1786441753883,403.2,17172.3,223.9,1682.8,8225019,38918150,6086845279,2944675,436051.36400000006,3813381823,8,ClientRead
1786441754883,410.4,17201.0,222.1,1682.9,8234902,38976676,6095175315,2948215,436599.211,3819034303,9,WALWrite
1786441755882,404.7,17213.2,217.6,1681.8,8244647,39034428,6103403553,2951654,437126.94700000004,3824522943,11,ClientRead
1786441756883,410.4,17241.1,225.7,1683.2,8254244,39091181,6111350527,2955144,437669.27300000004,3830027967,13,transactionid
1786441757882,489.0,17253.3,226.9,1684.5,8263473,39146826,6119685474,2958282,438199.29300000006,3835573951,13,transactionid
1786441758884,499.7,17283.0,217.3,1684.9,8272025,39197450,6127412257,2961155,438698.03900000005,3841775295,4,ClientRead
1786441759883,505.3,17331.0,222.6,1685.2,8280832,39248356,6135350655,2964288,439207.3780000001,3847390911,13,transactionid
1786441760883,525.0,17362.4,226.7,1686.1,8289766,39299437,6143137140,2967238,439674.61500000005,3854325439,19,WALWrite
1786441761884,650.6,17419.2,230.3,1685.9,8296906,39342404,6150398125,2969479,440064.9750000001,3860469439,18,transactionid
1786441762882,594.0,17582.0,243.6,1689.2,8305848,39396889,6157911991,2972179,440525.1320000001,3865736895,15,transactionid
1786441763883,432.7,17614.6,217.2,1689.7,8313357,39448013,6165870031,2974374,440923.94000000006,3871119039,11,ClientRead
1786441764883,412.4,17653.4,215.0,1689.4,8324238,39511263,6174381748,2978080,441521.11400000006,3876730559,14,ClientRead
1786441765883,414.8,17673.4,216.1,1689.6,8332351,39561149,6182217500,2980798,441969.78200000006,3882260159,7,WALWrite
1786441766882,413.7,17712.3,216.1,1690.3,8342085,39618606,6190299828,2984208,442503.161,3888895679,11,transactionid
1786441767883,480.4,17740.2,198.2,1689.8,8352935,39681674,6199181141,2988005,443115.87700000004,3895318207,11,transactionid
1786441768883,498.7,17798.6,201.9,1690.6,8360276,39727077,6206604228,2990608,443547.02800000005,3901781695,9,WALWrite
1786441769883,528.0,17835.5,217.5,1689.9,8370100,39782922,6214796833,2993916,444070.3670000001,3908671167,11,WALWrite
1786441770883,548.9,17877.3,217.9,1690.2,8378968,39834004,6222669247,2996752,444518.3320000001,3915151039,14,ClientRead
1786441771883,696.2,18045.6,226.1,1691.2,8386337,39878983,6230063714,2998873,444878.42600000004,3921622719,21,transactionid
1786441772883,941.5,17873.5,116.6,1691.6,8394554,39938791,6238618220,3001432,445291.5800000001,3927742143,18,tuple
1786441773883,767.7,17908.4,122.0,1692.2,8403885,39992053,6246590913,3004805,445773.2250000001,3933566655,14,transactionid
1786441774882,659.6,17927.9,154.3,1691.9,8414192,40051685,6255032067,3009075,446330.71700000006,3939178175,20,transactionid
1786441775883,500.7,17964.5,209.1,1694.6,8424451,40112933,6263803884,3011640,446772.42500000005,3944781503,7,ClientRead
1786441776883,458.6,18025.7,216.0,1694.6,8434249,40177563,6272568992,3014626,447251.04000000004,3950327487,14,ClientRead
1786441777883,759.7,18050.4,217.0,1697.1,8443191,40232741,6280626017,3017587,447760.26900000003,3956741823,9,transactionid
1786441778883,514.9,18084.0,219.6,1697.6,8451461,40282146,6288578394,3020067,448229.93200000003,3962123967,12,transactionid
1786441779882,504.8,18133.7,212.1,1696.7,8461619,40338889,6296732980,3023411,448745.4160000001,3968833215,12,transactionid
1786441780883,515.3,18160.3,208.3,1696.8,8469153,40384764,6304335384,3025955,449174.9990000001,3975083711,18,transactionid
1786441781882,657.5,18206.7,217.2,1696.2,8477214,40438927,6312437858,3028597,449629.17400000006,3981235903,10,ClientRead
1786441782883,523.5,18261.9,216.2,1697.1,8485194,40487182,6320436618,3030869,450074.93100000004,3987109567,20,transactionid
1786441783883,463.2,18218.4,204.7,1697.3,8493848,40538494,6328286777,3033554,450544.67400000006,3992753855,14,ClientRead
1786441784882,419.5,18233.5,210.9,1698.3,8503554,40595415,6336662852,3036818,451017.11100000003,3998340799,13,transactionid
1786441785883,416.3,18264.9,211.6,1697.6,8513609,40654360,6344981470,3040283,451566.628,4003935935,15,transactionid
1786441786883,418.5,18279.8,214.8,1698.1,8523694,40712073,6353081792,3043833,452096.13600000006,4009531071,8,ClientRead
1786441787884,483.3,18319.3,206.3,1699.0,8533654,40770016,6361508576,3047346,452628.67000000004,4015929023,16,WALWrite
1786441788882,506.8,18357.9,196.0,1697.8,8542689,40823017,6369586968,3050574,453122.2750000001,4022802111,17,WALWrite
1786441789883,517.5,18429.9,199.0,1698.8,8552675,40879522,6377836725,3054196,453687.17600000004,4028954303,8,transactionid
1786441790883,526.8,18449.6,200.5,1699.7,8561420,40930650,6385688430,3057095,454123.91500000004,4035540671,12,transactionid
1786441791883,633.9,18633.1,208.3,1698.8,8568422,40973498,6393040312,3059367,454536.49700000003,4041684671,17,transactionid
1786441792883,621.3,18516.1,201.4,1700.1,8576370,41175068,6410236542,3061977,454997.57200000004,4046460607,14,transactionid
1786441793883,432.7,18454.2,204.3,1698.4,8584795,41229835,6418203436,3064749,455428.46400000004,4049016511,4,WALWrite
1786441794882,408.0,18479.2,204.8,1699.2,8594696,41287914,6426657232,3068282,455974.49000000005,4051793599,11,transactionid
1786441795883,413.3,18487.1,211.3,1699.7,8604612,41345680,6434979421,3071776,456507.2530000001,4054595263,15,ClientRead
1786441796883,412.9,18512.3,206.6,1698.6,8614561,41403807,6443201310,3075351,457060.7400000001,4057323199,6,ClientRead
1786441797883,477.1,18555.4,196.5,1699.7,8624287,41460628,6451383465,3078799,457602.8140000001,4060886719,13,WALWrite
1786441798883,503.2,18598.1,199.6,1699.8,8633318,41513451,6459375877,3082037,458119.39600000007,4063704767,7,transactionid
1786441799883,513.1,18622.0,197.5,1699.3,8642103,41564503,6467290722,3085046,458598.61300000007,4066743999,9,ClientRead
1786441800883,500.1,18655.3,208.9,1699.1,8651035,41616159,6475250301,3088182,459084.67900000006,4070930111,13,WALWrite
1786441801883,656.0,18711.9,197.8,1700.1,8659772,41672335,6483426429,3091199,459563.31100000005,4073985727,13,transactionid
1786441802883,786.7,18759.1,110.5,1702.0,8668200,41720781,6490913782,3094204,460009.4590000001,4076754623,10,ClientRead
1786441803884,695.7,18654.3,111.2,1702.0,8678442,41782325,6499386348,3098359,460537.4510000001,4079564479,8,ClientRead
1786441804883,616.5,18679.2,137.2,1701.8,8689568,41844828,6507950442,3102813,461078.2010000001,4082292415,16,ClientRead
1786441805883,536.3,18688.9,184.9,1702.5,8700289,41907588,6516696328,3105846,461558.4220000001,4084987583,10,ClientRead
1786441806883,430.8,18712.8,218.6,1703.0,8709794,41963017,6524788248,3108371,462020.09400000004,4087731903,11,transactionid
1786441807883,470.0,18757.1,198.9,1703.8,8718979,42016926,6532726406,3111537,462565.1880000001,4092098239,14,transactionid
1786441808883,486.7,18798.4,207.1,1704.4,8726958,42064947,6540418115,3114188,463061.3780000001,4095473343,14,ClientRead
1786441809883,499.0,18825.2,206.4,1703.6,8735234,42113347,6547868543,3116926,463515.3680000001,4099356351,14,transactionid
1786441810883,496.2,18855.7,204.4,1704.5,8743602,42161746,6555282981,3119754,463978.3980000001,4103108287,16,transactionid
1786441811882,626.8,19021.9,207.8,1705.2,8752011,42210261,6562728644,3122614,464435.67200000014,4106434239,13,transactionid
1786441812882,584.9,18932.4,190.3,1704.4,8759658,42262566,6570861416,3124984,464884.2850000001,4109604543,2,WalSync
1786441813883,470.5,18875.9,195.9,1703.7,8767734,42315565,6578696406,3127686,465349.287,4112185023,8,WALWrite
1786441814882,405.9,18899.2,207.6,1704.5,8776878,42369982,6586867666,3130675,465815.293,4114880191,11,transactionid
1786441815883,447.1,18950.6,209.3,1704.2,8786248,42424897,6597910326,3133854,466324.2800000001,4117362367,10,transactionid
1786441816882,470.2,19006.9,227.4,1705.0,8794469,42475762,6638866382,3136682,466816.68100000004,4119926463,17,transactionid
1786441817883,521.6,19067.7,212.9,1705.1,8801674,42521227,6684039240,3139056,467252.13100000005,4122646207,11,transactionid
1786441818883,533.2,19128.5,211.9,1705.7,8808927,42566894,6722307241,3141382,467690.548,4125685439,11,transactionid
1786441819883,530.2,19190.1,206.0,1705.4,8816259,42610618,6753424446,3143621,468099.3070000001,4128659135,9,transactionid
1786441820884,539.3,19255.5,199.7,1706.1,8824063,42657453,6782466541,3146158,468521.37500000006,4132460223,12,transactionid
1786441821884,661.3,19310.4,216.6,1706.6,8831761,42703717,6808893123,3148556,468952.1330000001,4135622335,22,transactionid
1786441822883,536.2,19363.7,208.1,1706.5,8839242,42749225,6833290074,3150623,469359.0240000001,4138211007,20,transactionid
1786441823883,519.3,19300.1,202.1,1705.8,8847081,42801880,6866350455,3152704,469742.2970000001,4140922559,8,transactionid
1786441824883,430.0,19323.6,209.2,1705.7,8855686,42854229,6889257418,3155025,470107.18600000005,4143478463,20,transactionid
1786441825884,416.4,19363.8,213.5,1706.4,8864384,42907256,6911136314,3157279,470519.84300000005,4146640575,17,WALWrite
1786441826883,429.4,19389.0,212.3,1705.8,8873313,42966322,6933935386,3159597,470936.5250000001,4149786303,12,transactionid
1786441827883,502.2,19415.1,205.7,1706.2,8882087,43019361,6954303459,3162118,471389.37200000003,4153284287,10,transactionid
1786441828884,528.1,19457.3,202.9,1707.3,8890262,43069045,6972808591,3164811,471846.875,4157068991,9,transactionid
1786441829883,547.5,19497.7,205.0,1705.7,8898794,43119966,6991180326,3167536,472288.83999999997,4160714431,14,transactionid
1786441830882,567.2,19529.5,220.3,1706.6,8907373,43170630,7009243648,3170186,472722.697,4164245183,17,transactionid
1786441831883,694.7,19703.4,222.8,1706.9,8915887,43220795,7026800119,3172629,473138.60199999996,4167628479,21,transactionid
1786441832883,1008.9,19704.9,110.5,1706.4,8923432,43265317,7043382387,3174964,473545.28699999995,4170823359,22,transactionid
1786441833883,916.0,19753.2,112.9,1710.3,8931576,43319995,7060587797,3177668,473990.567,4173387455,20,transactionid
1786441834883,784.2,19779.4,129.6,1710.0,8939915,43502045,7274417531,3180519,474444.798,4176058047,19,ClientRead
1786441835883,567.8,19802.8,195.6,1710.8,8950399,43563590,7286985954,3183369,474920.802,4178769599,17,ClientRead
1786441836883,442.4,19808.8,214.3,1711.0,8960144,43621087,7298498378,3185759,475349.552,4181481151,17,transactionid
1786441837884,498.1,19880.8,205.0,1712.3,8969974,43679505,7310558955,3189212,475875.016,4185044671,20,transactionid
1786441838883,845.0,19908.8,215.4,1711.0,8978658,43731620,7321335825,3192090,476359.801,4187707071,13,ClientRead
1786441839883,530.8,19928.2,203.8,1711.4,8987092,43781518,7331997089,3194652,476799.01900000003,4190738111,14,transactionid
1786441840883,526.6,19961.5,204.6,1712.1,8995611,43831348,7342330974,3197229,477222.78799999994,4194678463,13,transactionid
1786441841883,660.1,19998.2,211.9,1712.4,9004237,43887048,7353091030,3199970,477661.649,4197824191,11,transactionid
1786441842883,537.7,20013.8,200.1,1712.7,9012456,43936086,7363398466,3202372,478077.355,4200355519,15,transactionid
1786441843883,544.6,19973.2,212.8,1711.8,9020873,43990107,7374057741,3204781,478489.667,4202960575,13,ClientRead
1786441844883,414.5,19996.2,207.9,1712.7,9029826,44042892,7384620783,3207516,478939.714,4205475519,13,transactionid
1786441845883,416.7,20002.2,212.3,1712.2,9039450,44098846,7395538569,3210822,479454.207,4208211647,12,WALWrite
1786441846883,419.0,20025.2,233.1,1713.5,9049444,44156938,7406664486,3214323,480003.396,4210939583,8,ClientRead
1786441847883,486.7,20078.4,224.0,1711.9,9058805,44212664,7417230185,3217546,480539.189,4214142655,6,ClientRead
1786441848884,512.1,20107.2,223.1,1712.2,9067592,44264281,7427344648,3220669,481033.249,4218377919,17,transactionid
1786441849883,530.5,20148.9,221.4,1713.4,9076124,44314508,7437241821,3223582,481501.821,4221703871,15,transactionid
1786441850883,550.9,20161.2,238.8,1711.7,9084755,44365077,7447089670,3226193,481938.379,4225283775,11,transactionid
1786441851885,623.0,20315.1,234.6,1712.5,9093373,44414596,7456751099,3228961,482392.50100000005,4228765375,20,transactionid
1786441852883,630.2,20230.1,236.0,1712.5,9101388,44469243,7469477770,3231360,482825.183,4231853759,12,transactionid
1786441853883,527.0,20173.2,224.4,1713.7,9109918,44525031,7479503227,3233998,483265.27100000007,4234385087,16,transactionid
1786441854883,420.5,20195.9,217.6,1714.9,9119020,44577753,7489234726,3236819,483697.65200000006,4237063871,9,ClientRead
1786441855883,420.2,20219.0,229.5,1717.7,9128781,44635802,7499626553,3240223,484223.27100000007,4239636159,8,transactionid
1786441856883,419.0,20225.9,222.5,1718.7,9138486,44692227,7509565176,3243571,484750.90400000004,4242306751,15,transactionid
1786441857883,482.0,20280.6,218.8,1719.1,9147972,44748953,7519915701,3246863,485286.00000000006,4245739199,14,transactionid
1786441858883,508.7,20304.3,205.9,1719.4,9156502,44800015,7529263408,3249627,485775.71300000005,4248393407,10,WALWrite
1786441859883,518.9,20344.1,204.7,1720.0,9164936,44849993,7538657754,3252445,486236.38200000004,4251301567,17,transactionid
1786441860883,504.9,20361.4,210.7,1718.7,9173220,44898906,7547721910,3255292,486695.10300000006,4255266495,22,transactionid
1786441861883,638.3,20429.9,220.7,1719.3,9181296,44946143,7556523034,3257986,487152.88500000007,4258420415,19,transactionid
1786441862883,908.1,20455.3,125.8,1719.2,9189539,44999852,7565958254,3260861,487603.346,4261033663,23,transactionid
1786441863882,827.9,20386.3,122.6,1755.4,9198711,45057234,7575831108,3264201,488097.945,4263573183,21,transactionid
1786441864882,747.0,20409.4,127.5,1770.1,9207636,45109353,7585480574,3267627,488556.99600000004,4266260159,19,ClientRead
1786441865884,516.9,20416.4,188.8,1824.7,9216834,45164293,7594905683,3270567,488985.673,4268709567,20,transactionid
1786441866883,544.0,20438.2,219.3,1826.1,9226444,45222660,7604549438,3272596,489366.306,4271445695,18,ClientRead
1786441867883,499.4,20453.2,225.3,1826.4,9235583,45277153,7613731713,3275337,489855.339,4275705535,20,transactionid
1786441868882,506.7,20498.2,218.0,1826.0,9244078,45327785,7622817484,3278024,490314.81999999995,4278834879,12,ClientRead
1786441869882,520.5,20562.4,214.4,1826.0,9252516,45377201,7631691168,3280974,490817.806,4282349247,11,transactionid
1786441870883,514.6,20570.9,205.5,1826.6,9260978,45428160,7640995619,3283729,491262.692,4286240447,19,ClientRead
1786441871882,639.7,20707.3,226.3,1826.3,9269325,45476995,7649948548,3286428,491710.21200000006,4289509055,19,transactionid
1786441872883,677.3,20640.3,220.3,1826.8,9276941,45656942,7666922326,3288598,492123.509,4292826815,17,transactionid
1786441873883,486.0,20558.5,214.0,1826.4,9284870,45710411,7675672213,3291007,492539.848,4295235263,13,transactionid
1786441874883,417.1,20581.4,224.3,1827.4,9293961,45764305,7684942992,3293908,493016.66599999997,4297914047,7,WALWrite
1786441875883,412.4,20587.1,219.5,1826.3,9303647,45821837,7694389887,3297263,493553.20100000006,4300502719,9,transactionid
1786441876883,417.2,20609.8,222.3,1827.3,9313329,45878986,7703853518,3300559,494090.90900000004,4303165119,7,transactionid
1786441877883,494.0,20637.4,229.9,1827.1,9322550,45933061,7712681004,3303624,494611.455,4305819327,15,transactionid
1786441878883,549.7,20680.7,239.8,1827.1,9330916,45983403,7721435788,3306137,495074.2040000001,4308719295,17,transactionid
1786441879885,541.1,20708.7,214.9,1828.0,9339413,46033292,7730100563,3308704,495520.5350000001,4311815871,15,transactionid
1786441880883,546.5,20733.5,217.1,1827.5,9347916,46083085,7738598292,3311374,495954.003,4315305663,16,ClientRead
1786441881883,646.2,20783.2,216.5,1827.3,9356492,46133309,7747055676,3314242,496396.67,4318295743,12,transactionid
1786441882883,603.1,20782.1,237.2,1827.8,9364751,46187313,7755733430,3316672,496813.85000000003,4320925375,15,transactionid
1786441883883,588.3,20741.7,242.0,1826.9,9373747,46244895,7764675046,3319178,497230.85500000004,4323571391,16,transactionid
1786441884883,415.7,20746.8,214.0,1828.4,9382996,46299158,7773658833,3321816,497661.08200000005,4326282943,8,transactionid
1786441885883,414.9,20768.5,220.2,1827.7,9392596,46355914,7782774435,3325101,498201.25600000005,4328797887,8,transactionid
1786441886882,419.1,20777.0,226.7,1829.2,9402225,46412316,7791702135,3328483,498742.73000000004,4332451519,14,transactionid
1786441887883,479.4,20805.7,207.9,1828.9,9411700,46468566,7800591901,3331792,499283.7410000001,4335859391,17,ClientRead
1786441888883,510.8,20834.0,207.0,1827.4,9420375,46519856,7809068993,3334819,499770.3190000001,4339349183,15,WALWrite
1786441889883,518.0,20900.7,208.3,1829.2,9429178,46571341,7817538617,3337787,500251.96300000005,4343174847,18,ClientRead
1786441890883,535.8,20907.5,204.1,1827.8,9437656,46620885,7825763281,3340578,500705.84400000004,4346549951,11,transactionid
1786441891882,641.8,21065.9,223.6,1827.7,9446175,46670916,7834017206,3343267,501151.237,4349761215,21,transactionid
1786441892882,974.3,20961.1,120.1,1829.6,9454625,46726550,7842749772,3346093,501585.79400000005,4352849599,21,ClientRead
1786441893883,841.4,20895.5,112.1,1831.0,9464192,46786420,7851752828,3349587,502073.359,4355446463,15,ClientRead
1786441894883,764.2,20902.1,106.9,1831.3,9474499,46845198,7860695078,3353883,502627.856,4358133439,17,ClientRead
1786441895883,590.6,20924.4,180.2,1832.1,9485200,46907227,7869646038,3357415,503111.672,4360812223,16,transactionid
1786441896883,479.2,20929.4,208.3,1833.3,9495157,46966412,7878346225,3359713,503522.695,4363417279,15,ClientRead
1786441897883,477.1,20959.4,208.9,1833.9,9504602,47022658,7886959308,3362883,504056.262,4366825151,11,LockManager
1786441898882,490.9,20986.5,207.3,1833.7,9513081,47073246,7895127042,3365752,504554.64499999996,4369454783,17,ClientRead
1786441899882,836.9,21091.3,222.5,1834.3,9521321,47121231,7902848638,3368508,505000.717,4372330175,8,transactionid
1786441900884,560.1,21057.8,214.9,1833.6,9529226,47168066,7910621630,3370918,505454.365,4376229567,13,transactionid
1786441901883,648.4,21130.5,228.4,1833.9,9537465,47216859,7918627300,3373335,505887.53500000003,4379621055,21,transactionid
1786441902883,600.5,21125.0,236.1,1834.0,9545627,47372785,7932757131,3375747,506317.148,4382308031,9,transactionid
1786441903883,516.7,21043.8,206.4,1835.3,9553945,47427249,7941125232,3378253,506767.97099999996,4384937663,11,transactionid
1786441904883,413.0,21065.8,215.3,1834.3,9562692,47479309,7949361986,3381053,507238.376,4387608255,6,ClientRead
1786441905884,410.1,21071.8,216.5,1835.4,9572352,47535645,7957681442,3384450,507764.993,4390164159,13,tuple
1786441906883,415.4,21094.4,211.7,1834.8,9582091,47591818,7966073535,3387763,508310.20600000006,4392752831,15,transactionid
1786441907883,477.9,21132.0,216.5,1835.8,9591711,47647945,7974453464,3391225,508854.6340000001,4396152511,4,transactionid
1786441908883,513.6,21175.8,204.6,1835.1,9600331,47698814,7982408629,3394205,509331.537,4400035519,8,ClientRead
1786441909883,518.2,21199.9,198.3,1834.6,9609201,47750971,7990778115,3397186,509790.50200000004,4403386047,15,ClientRead
1786441910883,529.5,21231.0,245.6,1844.0,9617488,47799242,7998615302,3399985,510242.835,4407154367,12,transactionid
1786441911883,622.1,21277.1,260.5,1843.6,9627128,47843302,8005871692,3402923,510737.818,4410308287,22,transactionid
1786441912882,581.8,21284.2,255.5,1843.8,9636489,47896054,8013925844,3405717,511185.731,4412610239,23,ClientRead
1786441913883,505.5,21222.2,252.8,1843.7,9645721,47936216,8020816965,3408601,511664.75100000005,4414936767,9,transactionid
1786441914882,412.1,21243.8,244.6,1843.8,9655152,47984412,8028573458,3411546,512153.81000000006,4417255103,12,transactionid
1786441915883,388.3,21248.6,254.6,1844.9,9665474,48028329,8035797243,3414988,512705.32600000006,4419663551,15,WALWrite
1786441916883,387.9,21254.5,255.1,1844.4,9675707,48071242,8042833759,3418366,513244.19600000005,4421932735,13,ClientRead
1786441917883,457.4,21282.9,255.0,1844.4,9685769,48115240,8050282727,3421693,513788.6830000001,4425184959,19,ClientRead
1786441918883,483.8,21309.8,246.7,1843.8,9695315,48156434,8057329803,3424796,514259.6180000001,4427519679,14,WALWrite
1786441919883,489.2,21372.7,241.4,1844.9,9704080,48195847,8064247626,3427622,514737.63500000007,4429887167,9,WALWrite
1786441920882,483.5,21380.7,246.1,1843.5,9713610,48237165,8071352367,3430921,515229.30400000006,4433835711,16,ClientRead
1786441921883,595.3,21456.7,252.4,1843.6,9722840,48285643,8079113401,3433893,515697.78700000007,4437079743,13,ClientRead
1786441922885,736.3,21431.2,148.3,1845.7,9733173,48328136,8086217542,3437353,516197.92100000003,4439414463,15,transactionid
1786441923883,711.5,21363.1,135.9,1843.9,9744786,48374638,8093549123,3441910,516751.244,4441773759,5,WALWrite
1786441924882,627.3,21384.8,135.3,1844.6,9756845,48419671,8100860448,3446883,517321.39200000005,4444010175,10,transactionid
1786441925883,540.2,21390.2,182.3,1845.3,9767300,48463031,8108091267,3450288,517814.88000000006,4446394047,13,transactionid
1786441926884,507.4,21411.3,235.9,1846.3,9777131,48509106,8115450570,3452403,518237.26000000007,4448777919,12,ClientRead
1786441927883,454.9,21428.2,253.7,1846.5,9786961,48552504,8122663517,3455395,518767.64700000006,4452906687,8,ClientRead
1786441928883,474.4,21471.4,239.9,1846.1,9795765,48592122,8129720357,3458260,519227.05700000003,4455773887,12,ClientRead
1786441929883,489.1,21518.5,248.8,1846.0,9804998,48632863,8136786969,3461284,519721.492,4459124415,7,WALWrite
1786441930883,484.8,21542.8,255.5,1846.9,9814593,48673532,8143765911,3464302,520204.521,4462720703,13,transactionid
1786441931884,613.4,21603.4,246.5,1846.5,9823060,48716386,8152184006,3466844,520679.06299999997,4465718975,18,ClientRead
1786441932883,505.3,21597.2,234.2,1846.1,9831831,48755851,8160752817,3469601,521159.495,4468168383,16,WALWrite
1786441933883,490.1,21515.8,245.6,1846.4,9840953,48797150,8169184042,3472531,521625.125,4470675135,10,WALWrite
1786441934883,381.0,21538.0,241.6,1845.7,9850958,48839573,8177997148,3475798,522166.723,4473165503,5,WALWrite
1786441935883,383.2,21543.6,240.8,1846.1,9861426,48880969,8186202134,3479251,522718.72900000005,4475688639,10,transactionid
1786441936883,386.1,21566.3,245.1,1845.8,9872247,48922976,8194325455,3482849,523278.406,4478162623,8,ClientRead
1786441937883,445.4,21572.5,231.1,1847.0,9882383,48964627,8203223293,3486206,523818.111,4480489151,13,transactionid
1786441938883,487.7,21604.3,245.0,1845.3,9891467,49001628,8211245138,3489104,524300.346,4482930367,13,transactionid
1786441939883,482.6,21651.5,228.2,1845.3,9900645,49038964,8219262159,3491987,524800.483,4485453503,8,ClientRead
1786441940884,464.3,21658.8,225.8,1847.1,9909924,49076175,8226142127,3495092,525286.5460000001,4488607423,19,WALWrite
1786441941883,545.8,21701.6,242.6,1846.0,9919234,49117673,8233320920,3497971,525779.8230000001,4490180287,7,WALWrite
1786441942882,484.1,21705.7,237.0,1845.6,9929281,49156184,8240289149,3501184,526282.676,4492359359,10,transactionid
1786441943883,466.2,21737.3,234.2,1848.3,9939277,49192971,8246955951,3504469,526792.58,4494628543,8,WALWrite
1786441944883,403.5,21645.4,233.8,1847.3,9949492,49233229,8253834560,3507691,527288.517,4496881343,6,ClientRead
1786441945883,369.3,21666.8,237.9,1848.1,9960893,49272417,8260452681,3511483,527857.995,4499076799,6,transactionid
1786441946882,375.1,21671.2,243.3,1847.6,9971792,49312253,8267222468,3514947,528393.131,4501296831,6,WALWrite
1786441947883,429.3,21676.7,237.9,1848.4,9982684,49349599,8273813424,3518395,528937.797,4503467711,16,transactionid
1786441948883,461.3,21710.5,236.0,1851.8,9992469,49385628,8280572435,3521537,529436.0190000001,4505728703,7,WALWrite
1786441949883,458.4,21755.3,243.8,1851.9,10002779,49421808,8287163282,3524931,529956.2180000001,4508112575,11,WALWrite
1786441950883,463.7,21777.4,240.7,1853.8,10013320,49455963,8293650593,3528249,530463.2260000001,4510938815,11,WALWrite
1786441951884,578.8,21922.0,253.9,1856.2,10023660,49492604,8300252093,3531498,530971.1849999999,4513216191,8,ClientRead
1786441952883,763.0,21811.0,183.4,1861.0,10034156,49538639,8308083248,3534659,531479.2239999999,4515976895,13,WALWrite
1786441953884,735.7,21744.2,154.2,1865.2,10045230,49576109,8314880384,3537964,531971.52,4518164159,6,ClientRead
1786441954883,642.4,21749.3,157.5,1867.4,10056842,49613577,8321671205,3541791,532525.257,4520441535,14,transactionid
1786441955883,576.4,21771.2,175.0,1867.4,10067322,49647754,8327803044,3545002,533010.673,4522546879,10,transactionid
1786441956883,372.0,21774.9,222.6,1869.3,10078792,49687586,8334773763,3548251,533552.017,4524693183,8,ClientRead
1786441957883,426.3,21811.0,223.4,1870.3,10089797,49723690,8341555952,3551665,534081.367,4526896831,12,WALWrite
1786441958883,448.2,21849.1,223.6,1873.0,10099972,49755839,8347905734,3554829,534603.078,4529125055,10,ClientRead
1786441959883,439.1,21871.7,217.6,1875.4,10110023,49787811,8354368546,3557762,535110.305,4531345087,10,WALWrite
1786441960883,685.9,21941.9,234.6,1880.3,10120275,49820139,8361093474,3560971,535632.719,4533532351,18,WALWrite
1786441961884,615.8,21920.2,229.8,1884.6,10130007,49853577,8367545594,3563722,536156.9400000001,4535621311,12,WALWrite
1786441962883,455.3,21929.7,239.6,1888.7,10140649,49886630,8374024915,3566876,536696.444,4537939647,11,ClientRead
1786441963883,460.0,21985.7,233.0,1892.0,10151153,49919943,8380631955,3569991,537221.66,4540102335,13,WALWrite
1786441964883,392.2,21908.8,231.6,1898.1,10162256,49956493,8387514286,3573490,537751.4970000001,4542240447,4,WALWrite
1786441965883,362.2,21929.3,231.9,1902.6,10173767,49992959,8394241597,3577084,538319.983,4544493247,8,ClientRead
1786441966883,364.2,21934.8,232.0,1910.5,10185500,50029296,8400645077,3580745,538873.378,4546688703,7,ClientRead
1786441967882,426.9,21971.5,225.9,1915.0,10196757,50064168,8407228932,3584202,539399.4800000001,4548900543,12,ClientRead
1786441968883,441.7,22010.1,226.1,1922.1,10206901,50095591,8413574505,3587356,539908.5290000001,4551095999,5,ClientRead
1786441969883,450.9,22031.5,227.6,1925.3,10217763,50128822,8420090502,3590823,540447.7820000001,4553307839,2,
1786441970883,455.0,22057.7,236.2,1931.5,10228931,50162447,8426539267,3594368,540974.106,4555495103,6,ClientRead
1786441971883,565.9,22106.3,236.2,1936.4,10239128,50193710,8432818543,3597357,541479.9180000002,4557665983,12,ClientRead
1786441972883,489.5,22088.8,236.5,1942.3,10249989,50236146,8440066910,3600675,542001.0730000001,4559853247,8,ClientRead
1786441973885,465.2,22147.7,236.4,1950.0,10261318,50270839,8446561790,3604185,542533.8800000001,4561974975,2,WalSync
1786441974883,388.1,22069.3,225.2,1956.9,10272171,50306383,8453211086,3607581,543051.6620000001,4564088511,7,WALWrite
1786441975882,363.7,22089.2,227.3,1968.3,10284215,50343843,8459960074,3611389,543603.8950000001,4566283967,6,WALWrite
1786441976883,367.3,22094.3,228.8,1974.6,10296686,50382066,8466573419,3615415,544179.9900000001,4568372927,11,WALWrite
1786441977883,430.5,22129.4,221.6,1979.7,10307971,50417017,8473138054,3618915,544731.8790000002,4570699455,5,ClientRead
1786441978883,443.2,22169.6,216.8,1986.9,10318435,50449201,8479577240,3622263,545205.184,4572853951,5,WALWrite
1786441979882,454.1,22191.2,233.2,1992.7,10329331,50482336,8486023910,3625796,545721.689,4575065791,11,WALWrite
1786441980883,453.4,22218.4,228.2,1999.6,10340693,50516638,8492730008,3629435,546237.6510000001,4577269439,14,WALWrite
1786441981882,552.6,22250.1,238.2,2007.7,10351527,50562811,8500213065,3632730,546764.0680000001,4579702463,9,ClientRead
1786441982883,749.3,22248.2,133.4,2014.8,10363678,50596235,8506225023,3637542,547352.0970000001,4581988031,12,ClientRead
1786441983883,830.8,22311.9,95.0,2021.1,10378774,50635094,8512486057,3644716,548047.2100000001,4584150719,10,WALWrite
1786441984882,761.1,22211.4,112.9,2030.2,10395833,50679308,8519216447,3652538,548754.278,4586395327,13,WALWrite
1786441985883,576.9,22238.3,183.2,2040.6,10409315,50717826,8526205820,3657532,549303.8910000001,4591163071,10,WALWrite
1786441986883,543.9,22248.1,226.5,2050.9,10420304,50757490,8533271184,3659580,549754.8589999999,4595963583,12,WALWrite
1786441987882,577.4,22279.3,209.8,2059.6,10431617,50797275,8540310073,3661560,550181.2109999999,4601026239,10,WALWrite
1786441988883,485.8,22311.4,211.9,2063.9,10441973,50830946,8546759198,3664173,550647.037,4605834943,10,WALWrite
1786441989883,448.9,22362.4,231.9,2067.3,10452586,50863817,8553337852,3667493,551157.652,4610799295,11,ClientRead
1786441990883,466.7,22390.7,243.6,2072.9,10464295,50898695,8559932671,3671135,551700.74,4615788223,7,WALWrite
1786441991885,551.6,22421.5,234.4,2081.9,10475136,50938959,8566867584,3674432,552199.061,4620588735,7,ClientRead
1786441992882,443.6,22447.9,222.4,2087.8,10485240,50970289,8573592055,3677481,552721.74,4625512127,8,ClientRead
1786441993883,457.0,22371.9,223.8,2094.3,10495953,51004120,8580163045,3680847,553232.365,4630517439,3,WalSync
1786441994883,370.7,22382.8,219.8,2103.9,10507161,51038557,8586664527,3684335,553779.083,4635465407,5,ClientRead
1786441995882,360.3,22410.2,228.6,2113.7,10518612,51074339,8593323925,3687912,554335.083,4640388799,7,ClientRead
1786441996884,380.5,22421.0,231.5,2124.3,10530123,51110757,8599950125,3691479,554894.172,4645238463,8,WALWrite
1786441997883,431.9,22453.3,226.7,2134.1,10540674,51143976,8606232308,3694577,555411.988,4650096319,11,WALWrite
1786441998883,446.0,22485.8,222.7,2139.3,10550927,51175807,8612775355,3697722,555925.62,4655003327,8,ClientRead
1786441999883,439.6,22535.5,218.2,2145.5,10561118,51208053,8619391121,3700830,556439.442,4659902143,11,WALWrite
1786442000882,441.2,22562.0,208.3,2153.3,10571167,51239203,8625572439,3704014,556974.862,4664825535,3,ClientRead
1786442001883,527.6,22594.2,221.6,2159.3,10581125,51278152,8632647268,3706941,557488.223,4669822655,4,ClientRead
1786442002883,438.4,22621.4,218.7,2170.8,10590990,51308513,8638882443,3709841,558021.657,4674721471,4,WalSync
1786442003883,442.1,22544.8,209.4,2179.5,10601555,51342685,8645497669,3713153,558536.162,4679620287,7,ClientRead
1786442004883,363.9,22555.6,221.2,2187.2,10612615,51376011,8651645350,3716668,559065.2880000001,4684502719,9,ClientRead
1786442005883,358.6,22582.3,225.4,2197.8,10624299,51412092,8658203152,3720282,559630.1810000001,4689499839,6,WALWrite
1786442006882,369.1,22593.2,228.1,2208.6,10636577,51450024,8664887049,3724198,560191.982,4694390463,9,ClientRead
1786442007884,422.7,22652.7,216.6,2217.0,10648140,51485837,8671575644,3727842,560730.988,4699494079,3,ClientRead
1786442008883,453.0,22681.1,215.0,2226.0,10658577,51517424,8677792915,3731192,561221.662,4704261823,6,ClientRead
1786442009884,447.7,22706.3,210.1,2231.9,10669721,51551319,8684415302,3734821,561729.642,4709160639,4,ClientRead
1786442010883,446.2,22740.6,223.8,2239.9,10680723,51584862,8690949614,3738345,562248.02,4714141375,12,WALWrite
1786442011883,545.2,22794.1,219.2,2250.8,10691032,51616369,8697219437,3741626,562763.317,4719056575,18,WALWrite
1786442012883,745.9,22798.8,176.8,2259.6,10702049,51743343,8709390440,3744974,563273.092,4722480831,12,WALWrite
1786442013883,794.9,22736.5,133.6,2268.3,10715143,51780314,8715841447,3749926,563866.378,4724569791,11,WALWrite
1786442014882,706.5,22757.6,129.2,2272.0,10729391,51820946,8722652357,3755686,564490.3030000001,4726830783,12,ClientRead
1786442015883,675.3,22762.2,139.8,2279.0,10743376,51859049,8729341152,3760945,565074.078,4729091775,8,ClientRead
1786442016882,560.7,22769.7,194.6,2285.5,10755168,51895793,8736222934,3764160,565532.334,4732212927,12,ClientRead
1786442017883,549.5,22819.8,221.6,2294.7,10766097,51934531,8743180190,3766354,565990.431,4734424767,7,ClientRead
1786442018883,448.9,22842.5,216.9,2295.2,10777024,51967883,8749647753,3769712,566511.1089999999,4736620223,1,
1786442019883,440.6,22882.9,210.7,2303.4,10787660,52000354,8756016661,3773194,567029.129,4738807487,10,ClientRead
1786442020884,449.2,22893.2,224.0,2311.3,10798419,52033501,8762608976,3776603,567522.8269999999,4741027519,10,WALWrite
1786442021882,630.2,22958.0,230.2,2320.4,10808153,52077036,8769624578,3779559,568034.3099999999,4743165631,20,WALWrite
1786442022882,666.6,22941.4,234.4,2329.6,10817786,52107313,8776012371,3782333,568538.7039999999,4745352895,15,ClientRead
1786442023883,446.6,22881.0,215.5,2339.5,10828578,52140334,8782438713,3785707,569077.5589999999,4747966143,16,ClientRead
1786442024883,370.6,22908.1,222.1,2347.4,10839696,52176164,8789100282,3789171,569604.8709999999,4753028799,6,WALWrite
1786442025883,364.7,22919.2,220.8,2356.4,10851659,52212685,8795607351,3792972,570162.0759999999,4758296255,5,ClientRead
1786442026883,368.1,22930.0,223.2,2367.7,10863861,52249915,8802067218,3796929,570706.808,4763498175,7,WALWrite
1786442027882,418.0,22988.9,216.2,2376.7,10874801,52284061,8808597333,3800350,571235.046,4768569023,3,WALWrite
1786442028883,438.8,23021.2,206.1,2384.3,10885099,52315952,8815065667,3803637,571724.151,4773664447,7,WALWrite
1786442029884,443.6,23068.1,220.4,2392.7,10895730,52348539,8821537655,3806907,572235.7479999999,4778538687,9,WALWrite
1786442030883,444.4,23078.8,213.5,2400.3,10906259,52380634,8827811715,3810405,572723.5619999999,4783535807,6,WALWrite
1786442031885,553.2,23132.4,216.5,2410.9,10916625,52412760,8834383181,3813567,573212.113,4788885183,10,WALWrite
1786442032883,479.0,23138.8,219.9,2420.0,10926427,52451770,8841177955,3816543,573723.465,4793865919,6,ClientRead
1786442033883,440.6,23192.7,213.8,2425.3,10936577,52483564,8847542930,3819817,574248.714,4798879423,6,ClientRead
1786442034883,381.5,23111.6,220.7,2433.7,10947244,52518221,8853923625,3823143,574767.0319999999,4804171455,8,WALWrite
1786442035883,365.0,23122.5,222.4,2442.3,10959262,52555224,8860681752,3826989,575330.956,4809143999,6,ClientRead
1786442036884,366.7,23133.2,229.6,2453.7,10971466,52592768,8867267159,3830809,575873.1190000001,4814100159,6,ClientRead
1786442037882,427.9,23160.5,223.8,2460.4,10982342,52626686,8873659273,3834120,576375.716,4819080895,7,ClientRead
1786442038883,448.8,23183.5,219.3,2469.3,10992956,52658485,8879861810,3837430,576879.7000000001,4824012479,6,WALWrite
1786442039883,447.6,23251.5,225.4,2479.2,11003943,52692288,8886556448,3840888,577415.1440000001,4829132479,7,ClientRead
1786442040883,450.4,23262.6,222.8,2488.3,11014485,52724505,8892856551,3844219,577926.706,4833998527,5,ClientRead
1786442041883,541.4,23294.6,233.4,2500.7,11024777,52764032,8900009836,3847356,578435.719,4839347903,14,WALWrite
1786442042882,619.5,23323.2,190.3,2340.2,11034844,52794110,8905903545,3850739,578934.775,4844508863,7,
1786442043882,825.1,23246.9,161.7,2408.8,11039881,52816367,8911878522,3852538,579294.701,4849546943,8,ClientRead
1786442044884,702.7,23257.9,138.8,2511.4,11044055,52835032,8917521857,3854368,579642.308,4854757055,5,
1786442045882,584.1,23287.1,199.6,2867.3,11048953,52857063,8925635375,3856206,580021.162,4859868863,11,WALWrite
1786442046883,555.2,23314.5,223.1,2880.1,11058017,52899808,8943586057,3858287,580462.845,4865119935,10,WALWrite
1786442047883,516.4,23371.6,248.9,2885.4,11067729,52945208,8962499719,3860383,580902.501,4870321855,7,ClientRead
1786442048883,481.8,23417.8,247.4,2887.6,11076251,52983017,8980028649,3862856,581408.776,4875581119,11,WALWrite
1786442049883,484.5,23480.0,249.0,2891.9,11085090,53022520,8998197570,3865497,581891.0700000001,4880823999,15,WALWrite
1786442050885,490.1,23512.8,247.9,2897.4,11094236,53063495,9016766879,3868299,582374.19,4886156991,10,ClientRead
1786442051883,587.4,23579.6,240.1,2907.3,11103058,53103224,9034269539,3870928,582833.66,4891768511,9,WALWrite
1786442052883,527.7,23591.4,248.8,2913.2,11112116,53150684,9052151018,3873634,583343.907,4897273535,14,WALWrite
1786442053883,476.0,23666.2,244.0,2920.4,11120999,53190302,9069142438,3876441,583847.881,4902655679,7,ClientRead
1786442054883,459.3,23585.5,242.2,2927.2,11130364,53238030,9087593854,3879236,584350.4010000001,4908029631,2,ClientRead
1786442055883,407.9,23613.1,237.7,2933.4,11139820,53284744,9106501816,3882181,584855.334,4913379007,10,ClientRead
1786442056883,410.7,23641.0,242.9,2940.6,11149656,53334166,9126273095,3885215,585388.3710000002,4918736575,5,ClientRead
1786442057883,481.0,23699.8,249.2,2947.0,11158948,53380151,9144259639,3888044,585911.9140000002,4923905727,5,ClientRead
1786442058884,477.5,23745.4,225.7,2957.8,11167877,53420747,9160724764,3890853,586387.2160000001,4929181375,9,ClientRead
1786442059883,466.1,23787.7,226.9,2975.7,11176670,53460472,9176451197,3893493,586887.5260000002,4934522559,14,ClientRead
1786442060883,477.6,23823.6,225.8,2983.3,11185553,53500905,9192896065,3896282,587376.4160000002,4939790015,3,ClientRead
1786442061883,566.9,23885.0,227.6,2993.7,11194397,53540581,9208829140,3898986,587872.2510000002,4945139391,20,ClientRead
1786442062883,591.5,24037.8,224.5,3005.7,11202792,53578412,9223790735,3901244,588335.729,4950808255,12,ClientRead
1786442063883,589.7,24113.6,244.7,3008.9,11211585,53716670,9396061032,3903672,588821.459,4954822335,3,ClientRead
1786442064883,484.9,24037.7,229.8,3014.6,11221242,53769847,9414097112,3906609,589301.323,4958361279,13,WALWrite
1786442065883,406.8,24079.6,230.8,3021.8,11231285,53818738,9432340478,3909584,589809.662,4963202751,5,WALWrite
1786442066882,402.5,24107.7,232.7,3029.1,11241469,53869857,9450863931,3912795,590345.3650000001,4968617663,10,ClientRead
1786442067883,447.1,24168.9,218.5,3036.0,11251000,53915509,9467289318,3915630,590854.5510000001,4973926079,5,WALWrite
1786442068883,471.7,24214.5,218.6,3046.6,11259960,53956192,9482420313,3918291,591333.5290000001,4979267263,13,ClientRead
1786442069883,492.2,24257.9,235.6,3052.6,11269168,53997790,9498382768,3921251,591836.5670000002,4984510143,5,
1786442070883,491.6,24293.5,235.0,3059.0,11279220,54042621,9515289191,3924290,592338.579,4989802175,6,ClientRead
1786442071883,587.0,24360.0,230.2,3066.8,11288987,54086394,9532219386,3927338,592821.9240000001,4995126975,16,WALWrite
1786442072883,804.5,24370.3,167.6,3076.8,11298742,54141007,9549966755,3930607,593350.686,5001369279,15,WALWrite
1786442073883,937.8,24445.2,141.1,3090.9,11308644,54186887,9568456565,3934362,593928.7130000001,5006874303,9,WalSync
1786442074885,881.5,24364.4,126.5,3103.6,11319145,54244698,9588553564,3938466,594498.1580000002,5012543167,8,
1786442075884,746.4,24393.3,156.7,3115.8,11329781,54295483,9607523041,3942511,595059.8650000001,5017908927,13,ClientRead
1786442076885,578.2,24421.1,224.4,3122.1,11340376,54347564,9622607466,3944726,595500.371,5023176383,13,WALWrite
1786442077884,486.1,24454.3,233.2,3125.1,11350605,54395647,9637440921,3947180,595977.067,5028542143,5,ClientRead
1786442078883,473.8,24502.9,223.1,3130.9,11359940,54438277,9652509621,3949992,596454.851,5033842367,6,WALWrite
1786442079883,488.0,24571.5,227.5,3137.1,11369486,54481383,9667719391,3952973,596989.2380000001,5039216319,6,WALWrite
1786442080883,481.8,24600.6,225.6,3145.2,11379217,54525547,9683386262,3956004,597481.412,5044573887,2,
1786442081884,570.8,24672.4,220.4,3153.7,11388356,54566753,9697794249,3958892,597967.1340000001,5049947839,13,WALWrite
1786442082882,675.7,24735.6,230.8,3164.8,11397143,54605840,9711358820,3961412,598466.53,5056067263,16,WALWrite
1786442083883,866.2,24727.5,224.6,3174.5,11405585,54798891,9739044555,3963758,598941.5499999999,5060130495,4,ClientRead
1786442084884,426.8,24640.2,211.3,3183.6,11414769,54847134,9753368428,3966651,599429.032,5062809279,6,ClientRead
1786442085883,403.8,24662.3,222.2,3194.4,11424901,54895829,9769437907,3969837,599944.962,5065455295,6,WALWrite
1786442086882,406.4,24684.4,225.6,3203.7,11435055,54945371,9785990039,3973024,600473.34,5068084927,5,WALWrite
1786442087882,458.9,24712.3,226.3,3214.1,11445260,54994407,9802016406,3976172,600982.047,5070689983,4,ClientRead
1786442088882,499.0,24754.1,238.5,3223.2,11455118,55038894,9816920574,3979284,601492.7089999999,5073286847,3,WalSync
1786442089884,491.9,24817.2,231.6,3231.6,11465103,55084406,9832422716,3982507,602003.1460000001,5075785407,5,ClientRead
1786442090882,478.5,24839.4,224.4,3240.5,11474665,55127680,9846877712,3985446,602513.2370000001,5078472383,13,ClientRead
1786442091883,575.8,24889.1,224.4,3249.7,11484262,55170875,9861673386,3988481,602990.8,5081298623,11,WALWrite
1786442092883,528.5,24889.9,227.5,3258.4,11493607,55235053,9877116821,3991330,603469.2890000001,5083870911,6,ClientRead
1786442093883,481.8,24868.6,222.4,3267.1,11503107,55277695,9891191406,3994293,603989.89,5086303935,6,ClientRead
1786442094883,423.7,24847.0,230.3,3276.2,11512778,55328646,9906238608,3997313,604497.197,5088818879,7,ClientRead
1786442095883,403.6,24869.0,227.9,3287.9,11523069,55378057,9921463708,4000576,605034.215,5091423935,9,ClientRead
1786442096883,399.9,24891.2,224.1,3299.8,11533479,55428843,9936802547,4003814,605559.894,5093979839,10,ClientRead
1786442097883,454.1,24913.3,223.7,3311.1,11543525,55477515,9951739413,4006924,606063.756,5096511167,13,WALWrite
1786442098883,480.0,24948.0,225.3,3323.5,11552908,55519806,9965272615,4009661,606570.3840000001,5099042495,6,ClientRead
1786442099882,488.7,25009.6,233.6,3333.1,11562839,55565249,9979527227,4012835,607073.747,5101622975,13,ClientRead
1786442100883,483.7,25015.5,226.9,3341.5,11572513,55609085,9992811805,4015852,607575.868,5104154303,9,ClientRead
1786442101883,572.6,25080.9,229.5,3350.2,11582117,55652237,10006206491,4018809,608065.397,5106693823,10,ClientRead
1786442102883,840.3,25082.0,163.1,3368.6,11591437,55708670,10020055246,4021935,608561.147,5109601983,15,ClientRead
1786442103883,948.8,25125.6,132.3,3380.9,11601867,55757589,10035859355,4026044,609142.808,5112247999,9,ClientRead
1786442104883,871.4,25056.4,127.5,3389.1,11612909,55816640,10053099743,4030607,609719.484,5114894015,13,WALWrite
1786442105883,741.7,25081.1,155.4,3399.7,11623932,55869946,10069457547,4034764,610255.3060000001,5117548223,12,ClientRead
1786442106882,586.5,25099.7,221.7,3416.9,11634241,55919226,10082058235,4036873,610686.381,5119907519,12,ClientRead
1786442107883,497.5,25113.3,218.7,3425.0,11644730,55969423,10094108639,4039375,611171.452,5122487999,13,ClientRead
1786442108882,468.7,25155.8,217.7,3431.5,11653813,56010455,10106233052,4042189,611668.9510000001,5124863679,2,ClientRead
1786442109884,464.3,25216.6,209.2,3444.3,11663044,56052258,10118287121,4045104,612177.079,5127419583,9,ClientRead
1786442110883,476.6,25239.3,215.3,3450.9,11672166,56093684,10130148167,4048044,612689.9730000001,5129967295,3,ClientRead
1786442111883,570.9,25288.4,225.7,3461.4,11681692,56147241,10143223771,4050947,613175.9870000001,5132531391,14,ClientRead
1786442112883,510.1,25287.4,214.5,3472.2,11690815,56188135,10155072930,4053702,613653.1520000001,5134956223,3,ClientRead
1786442113885,473.0,25224.0,224.4,3480.1,11700388,56231386,10167424975,4056726,614138.5790000001,5137487551,12,WALWrite
1786442114882,409.9,25246.0,217.7,3491.2,11710149,56284250,10180224557,4059761,614648.3730000001,5140035263,7,ClientRead
1786442115884,400.9,25251.1,230.3,3502.2,11720852,56336477,10193454732,4063229,615184.6500000001,5142640319,4,WalWrite
1786442116883,415.0,25273.7,233.5,3511.9,11731480,56388404,10206666615,4066510,615720.1620000001,5145278143,6,ClientRead
1786442117883,476.8,25326.6,232.5,3521.5,11741446,56436796,10219260492,4069645,616228.5210000002,5147776703,7,ClientRead
1786442118883,476.4,25368.7,221.2,3531.0,11750498,56477620,10230238229,4072386,616733,5150201535,10,WALWrite
1786442119884,477.0,25389.7,223.9,3541.1,11759923,56520308,10241391820,4075364,617257.515,5152716479,6,WALWrite
1786442120883,329.1,25417.3,179.6,3573.0,11767747,56555989,10250923574,4077597,617956.968,5155026623,16,WALWrite
1786442121884,637.8,25460.4,237.9,3591.0,11776053,56594881,10261416094,4079380,618451.099,5157582527,21,WALWrite
1786442122883,530.0,25493.3,225.6,3600.5,11783650,56801023,10281156276,4081144,618997.441,5159990975,8,WALWrite
1786442123883,489.0,25531.4,242.6,3605.3,11791475,56836744,10290666707,4083061,619582.051,5162423999,1,
1786442124883,428.0,25491.1,245.8,3608.4,11800485,56884426,10301938625,4085823,620062.991,5164889791,4,ClientRead
1786442125883,366.3,25513.5,231.8,3619.1,11808806,56925290,10312183537,4088156,620604.783,5167306431,0,
1786442126883,407.2,25518.6,249.4,3630.5,11818344,56971870,10323966920,4090973,621188.519,5169870527,10,WALWrite
1786442127883,450.6,25540.7,237.3,3641.1,11827789,57016779,10334823028,4093860,621687.29,5172295359,6,ClientRead
1786442128883,471.7,25571.9,239.7,3649.3,11836860,57057481,10345584999,4096683,622174.869,5174777535,5,ClientRead
1786442129883,480.6,25617.8,234.4,3657.9,11845892,57098215,10356345432,4099464,622639.321,5177284287,5,ClientRead
1786442130883,474.7,25639.4,237.6,3669.1,11855364,57140742,10367327351,4102518,623128.976,5179709119,13,WALWrite
1786442131885,581.4,25703.7,253.5,3679.3,11864629,57181331,10377775529,4105252,623614.8189999999,5182330559,2,
1786442132883,825.2,25689.5,164.4,3686.3,11875268,57246970,10391333484,4109437,624218.4469999999,5185435327,12,ClientRead
1786442133884,979.9,25733.6,106.9,3695.9,11887772,57306001,10406524172,4115514,624886.12,5188179647,12,WalSync
1786442134884,914.0,25649.0,101.4,3705.5,11900682,57374658,10422365701,4122090,625578.235,5191104191,15,WALWrite
1786442135883,721.0,25671.0,161.2,3724.0,11911935,57429877,10436081233,4126880,626145.855,5193660095,3,WalSync
1786442136883,603.3,25693.3,231.0,3737.9,11922502,57482973,10446794169,4128896,626589.679,5196125887,14,WALWrite
1786442137884,617.4,25722.6,212.5,3754.5,11933488,57535175,10457241630,4130779,627008.7710000001,5198476991,7,ClientRead
1786442138883,469.0,25762.5,237.8,3760.4,11942954,57577098,10466965430,4133255,627502.348,5200893631,16,WALWrite
1786442139883,473.3,25784.9,239.5,3764.8,11952179,57619140,10477063708,4136079,628010.259,5203441343,11,WALWrite
1786442140884,465.0,25813.6,237.5,3775.2,11961242,57660075,10486830361,4138936,628507.266,5205948095,9,WALWrite
1786442141883,551.0,25874.0,236.9,3784.3,11970338,57701052,10496624918,4141619,629014.9029999999,5208438463,11,WALWrite
1786442142883,565.1,25859.8,244.2,3792.0,11979421,57751325,10507181948,4144268,629485.2710000001,5210896063,8,ClientRead
1786442143883,491.4,25945.6,243.8,3802.4,11989041,57795080,10517520724,4147227,629969.7720000001,5213419199,3,
1786442144882,782.2,25833.4,241.5,3811.4,11997901,57841707,10527304448,4149854,630490.367,5215770303,10,WALWrite
1786442145883,397.9,25845.7,250.7,3822.0,12007415,57886864,10537153500,4152726,631018.676,5218326207,10,WALWrite
1786442146883,397.9,25867.7,265.3,3831.8,12017455,57935445,10547936526,4155702,631562.206,5220841151,5,WALWrite
1786442147883,446.1,25873.4,255.4,3843.5,12026892,57981182,10557952695,4158586,632101.662,5223282367,12,ClientRead
1786442148883,476.7,25905.9,259.4,3854.4,12036138,58022805,10567656665,4161347,632618.942,5225887423,5,ClientRead
1786442149883,464.7,25952.6,261.1,3864.7,12045249,58064268,10577217476,4164113,633117.8,5228328639,10,WALWrite
1786442150883,460.9,25974.2,262.3,3873.6,12052922,58098711,10585335507,4166283,633540.419,5230704319,10,ClientRead
1786442151883,570.0,26030.5,264.0,3881.0,12062602,58157180,10596105371,4169366,634091.443,5233112767,10,WALWrite
1786442152882,508.7,26023.4,280.1,3891.6,12071841,58198240,10605340215,4172056,634575.251,5235553983,2,WalSync
1786442153883,476.7,26064.7,262.7,3900.4,12081380,58240900,10614645473,4174978,635072.101,5238093503,5,ClientRead
1786442154883,440.4,25963.4,254.9,3910.7,12091079,58292002,10624920928,4177941,635580.449,5240633023,5,ClientRead
1786442155883,395.4,25985.9,261.7,3922.7,12099657,58334114,10634018045,4180483,636003.8300000001,5243246271,8,ClientRead
1786442156883,406.2,26007.2,266.3,3933.2,12109976,58385137,10644148939,4183682,636547.912,5245818559,6,WALWrite
1786442157883,454.9,26018.0,261.5,3945.8,12120319,58435581,10654330706,4187000,637103.507,5248300735,13,WALWrite
1786442158884,463.0,26062.7,239.5,3956.2,12129320,58476694,10663358426,4189674,637615.072,5250700991,12,WALWrite
1786442159883,477.1,26107.8,258.8,3968.2,12138706,58518989,10672479310,4192356,638124.432,5253207743,7,ClientRead
1786442160883,474.1,26130.0,255.9,3976.3,12149433,58568862,10682774957,4195733,638726.1120000001,5255796415,7,WALWrite
1786442161884,557.6,26179.9,246.1,3987.2,12158376,58609341,10691544469,4198251,639205.3030000001,5258303167,22,WALWrite
1786442162885,781.4,26211.8,196.4,4002.0,12167218,58649324,10700210026,4200709,639710.813,5261080255,18,WALWrite
1786442163883,913.2,26222.3,144.1,4015.1,12176591,58855097,10719145873,4203583,640225.972,5263677119,11,WALWrite
1786442164882,869.0,26137.7,133.7,4024.1,12187345,58912136,10729919076,4207715,640812.255,5266437823,11,WALWrite
1786442165884,806.0,26143.1,146.0,4034.3,12196937,58957408,10739256185,4211520,641296.697,5269051071,13,ClientRead
1786442166882,665.7,26165.8,199.4,4043.7,12207536,59005849,10748761808,4214439,641789.725,5271549631,10,WALWrite
1786442167883,591.4,26174.1,241.8,4052.3,12217732,59051498,10757714021,4216518,642194.081,5273966271,14,WALWrite
1786442168883,477.7,26216.7,248.7,4059.0,12226957,59093392,10766375701,4219056,642658.773,5276456639,11,WALWrite
1786442169882,467.4,26259.9,247.9,4067.3,12235846,59132483,10774688815,4221734,643156.319,5278963391,7,WALWrite
1786442170883,479.0,26262.9,247.7,4076.3,12244758,59173060,10782995034,4224426,643655.455,5281511103,9,ClientRead
1786442171882,564.6,26318.0,253.6,4085.9,12254164,59215130,10791582056,4227378,644140.651,5283944127,10,WALWrite
1786442172883,534.5,26322.9,247.5,4095.3,12263221,59274742,10801641491,4230081,644625.835,5286434495,8,ClientRead
1786442173882,481.0,26354.0,251.9,4107.7,12272824,59318396,10810442631,4233128,645121.267,5288957631,10,ClientRead
1786442174882,438.1,26275.9,240.8,4141.9,12281967,59366566,10819246532,4235905,645598.3319999999,5291374271,4,ClientRead
1786442175883,383.6,26298.0,256.0,4159.8,12291121,59410379,10827647718,4238633,646092.3539999999,5293962943,2,ClientRead
1786442176883,403.3,26304.2,255.6,4171.2,12301376,59460168,10836965517,4241724,646637.811,5296510655,8,WALWrite
1786442177884,470.6,26355.2,258.0,4186.4,12310997,59506565,10845793971,4244619,647157.6780000001,5298976447,4,ClientRead
1786442178883,489.7,26378.1,254.0,4195.3,12319957,59546962,10854179875,4247197,647669.4959999999,5301409471,8,WALWrite
1786442179883,478.8,26415.2,252.0,4206.4,12329554,59589984,10862724382,4250164,648172.125,5303916223,8,WALWrite
1786442180883,474.9,26427.6,241.4,4216.4,12338932,59632564,10871199087,4253046,648673.0769999999,5306439359,6,WALWrite
1786442181884,722.2,26720.2,261.7,4226.8,12348412,59676026,10880044207,4255892,649173.447,5308954303,16,WALWrite
1786442182883,804.1,26542.2,251.4,4239.1,12357076,59724452,10888699289,4258167,649661.6849999999,5311420095,6,ClientRead
1786442183883,577.6,26679.2,244.9,4248.7,12366283,59765863,10896807006,4261083,650147.892,5313894079,18,WALWrite
1786442184883,834.6,26797.6,248.8,4261.2,12375002,59811783,10905180480,4263610,650608.8420000001,5316277951,13,ClientRead
1786442185883,607.0,26656.2,249.6,4272.4,12383889,59852167,10913185437,4266166,651090.161,5318710975,6,WALWrite
1786442186883,528.6,26559.0,241.7,4283.1,12393043,59894229,10921296042,4268902,651598.292,5321152191,8,ClientRead
1786442187882,547.7,26596.5,238.2,4294.7,12402372,59937671,10929668796,4271772,652112.5950000001,5323511487,8,ClientRead
1786442188884,561.8,26614.7,236.3,4306.5,12411102,59976697,10937560439,4274308,652604.8850000001,5325993663,7,ClientRead
1786442189885,488.4,26575.4,243.5,4314.0,12419945,60017090,10945515999,4276943,653095.8600000001,5328393919,9,WALWrite
1786442190882,475.3,26581.8,239.3,4325.6,12429625,60061531,10954008752,4279937,653583.9720000001,5330966207,16,ClientRead
1786442191882,544.5,26646.3,240.0,4337.8,12439019,60104642,10962258278,4282887,654090.406,5333382847,11,ClientRead
1786442192882,600.1,26630.2,244.5,4349.1,12447609,60155041,10970784054,4285354,654612.365,5336135359,8,ClientRead
1786442193884,845.2,26671.8,163.9,4366.3,12456600,60196156,10978761935,4288050,655107.948,5338650303,15,ClientRead
1786442194883,973.0,26571.5,132.0,4378.7,12466663,60248300,10987646311,4291686,655630.3759999999,5341329087,9,ClientRead
1786442195884,925.9,26593.4,128.7,4391.3,12477395,60300381,10996614606,4296036,656219.714,5343942335,17,ClientRead
1786442196883,792.7,26598.3,168.8,4404.0,12488639,60354341,11005753960,4300590,656837.539,5346473663,14,WALWrite
1786442197883,609.0,26621.1,215.4,4418.4,12498996,60404737,11014305172,4302810,657293.97,5348906687,3,WalSync
1786442198883,469.8,26634.0,234.6,4420.2,12508306,60446949,11022331622,4305252,657745.667,5351487167,3,WALWrite
1786442199882,458.5,26698.0,233.2,4429.1,12517222,60487279,11030071683,4307913,658247.8589999999,5353821887,8,ClientRead
1786442200883,466.8,26703.3,239.7,4436.3,12526324,60528976,11037948854,4310738,658750.042,5356328639,11,WALWrite
1786442201883,556.1,26759.4,232.9,4447.9,12534337,60569956,11045716206,4313203,659175.588,5358851775,3,ClientRead
1786442202884,529.2,26767.5,239.1,4457.2,12543934,60776499,11063473613,4316079,659723.6140000001,5361137343,3,ClientRead
1786442203883,467.9,26791.5,236.4,4463.2,12553083,60817436,11071279955,4318927,660246.675,5363562175,11,WALWrite
1786442204882,435.1,26707.5,240.4,4473.0,12562425,60867185,11079587399,4321716,660714.518,5366052543,11,WALWrite
1786442205884,665.7,26756.8,243.7,4484.9,12570817,60915498,11087773026,4324055,661157.496,5368444607,10,ClientRead
1786442206883,476.4,26735.2,252.4,4495.7,12579695,60959142,11095708702,4326531,661653.257,5370984127,4,ClientRead
1786442207882,444.0,26770.6,237.0,4506.7,12590111,61008092,11103893796,4329845,662202.108,5373392575,10,ClientRead
1786442208882,474.2,26811.6,237.6,4518.6,12599275,61049289,11111604879,4332514,662704.465,5375891135,4,WalSync
1786442209882,468.8,26834.1,240.3,4529.2,12610059,61097655,11119768470,4336076,663259.238,5378381503,14,WALWrite
1786442210883,473.9,26861.8,241.9,4540.3,12618413,61135184,11127103620,4338478,663657.154,5380871871,16,ClientRead
1786442211883,562.3,26906.7,250.6,4546.2,12629567,61185438,11135554701,4342093,664219.444,5383460543,11,ClientRead
1786442212884,571.0,26909.9,227.4,4554.9,12638839,61245226,11144376444,4344868,664685.492,5385893567,4,ClientRead
1786442213883,474.5,26956.8,222.2,4563.6,12647138,61282212,11151358332,4347396,665086.9609999999,5388302015,9,ClientRead
1786442214883,432.2,26872.9,228.7,4574.3,12657093,61329391,11159276881,4350535,665569.194,5390792383,10,WALWrite
1786442215883,396.6,26879.1,235.8,4583.9,12667612,61380315,11167406802,4353757,666075.3130000001,5393381055,9,ClientRead
1786442216882,395.8,26899.9,231.6,4597.2,12678483,61433955,11175696502,4357268,666609.25,5395928767,7,WALWrite
1786442217882,464.8,26936.6,233.0,4606.9,12688813,61484297,11183678196,4360478,667160.657,5398369983,10,ClientRead
1786442218885,475.3,26977.0,224.2,4617.1,12698567,61528660,11191255383,4363550,667674.331,5400827583,8,ClientRead
1786442219883,482.5,26999.0,237.7,4626.5,12710015,61580371,11199479223,4367452,668274.844,5403358911,10,ClientRead
1786442220882,469.3,27026.4,227.9,4636.1,12720064,61625833,11207300691,4370623,668766.724,5405857471,12,WALWrite
1786442221886,569.9,27074.1,239.1,4645.9,12729721,61669750,11214999287,4373606,669276.7160000001,5408372415,7,ClientRead
1786442222884,548.9,27075.9,232.1,4657.2,12738911,61720166,11222974824,4376341,669748.8930000002,5411133119,8,WALWrite
1786442223883,760.9,27122.3,165.1,4672.3,12747447,61758493,11229994805,4378873,670182.367,5413656255,8,
1786442224883,810.2,27040.2,148.7,4683.7,12758275,61814648,11238299173,4382056,670748.329,5416081087,17,ClientRead
1786442225884,750.4,27046.1,150.8,4696.5,12766740,61854687,11245390802,4384678,671191.836,5418530495,11,ClientRead
1786442226883,714.7,27050.8,174.5,4707.6,12776698,61901724,11253154072,4387786,671733.4430000001,5420971711,12,WALWrite
1786442227883,505.0,27073.1,229.5,4713.5,12786717,61948641,11260787667,4390294,672196.947,5423298239,7,ClientRead
1786442228883,463.8,27078.6,226.1,4720.2,12795755,61989821,11268247841,4392890,672700.2710000001,5425714879,5,ClientRead
1786442229883,469.2,27137.1,232.4,4727.4,12804865,62030602,11275480589,4395617,673186.454,5428197055,9,ClientRead
1786442230883,462.1,27143.0,230.7,4739.5,12814401,62074430,11282891617,4398501,673696.35,5430728383,10,ClientRead
1786442231883,540.9,27209.0,224.6,4748.6,12824011,62117916,11290502140,4401534,674207.404,5433161407,9,ClientRead
1786442232883,543.6,27191.3,226.4,4759.2,12832778,62166642,11298228203,4404075,674683.0950000001,5435569855,8,ClientRead
1786442233882,462.0,27134.5,217.0,4770.7,12841908,62207558,11305250446,4406774,675171.8440000002,5437961919,8,ClientRead
1786442234883,404.9,27139.9,223.9,4781.1,12851259,62257646,11313200683,4409647,675656.1420000001,5440468671,10,ClientRead
1786442235884,392.0,27161.7,230.1,4790.4,12861914,62310301,11321264098,4412991,676197.0050000001,5443081919,9,WALWrite
1786442236883,398.9,27166.5,234.8,4801.2,12872532,62362962,11328960922,4416373,676727.5200000001,5445523135,5,ClientRead
1786442237883,464.5,27196.3,243.6,4811.1,12882807,62413600,11336849961,4419566,677288.6520000001,5447980735,12,ClientRead
1786442238883,477.8,27219.0,231.1,4822.3,12893465,62462473,11344599645,4422852,677866.0290000001,5450438335,14,WALWrite
1786442239883,475.9,27266.5,229.1,4831.5,12901806,62499408,11351691290,4425229,678314.4510000001,5452756671,3,ClientRead
1786442240883,474.3,27287.5,234.5,4842.7,12911440,62543567,11359069635,4428182,678826.5690000001,5455206079,9,WALWrite
1786442241883,571.5,27326.9,235.9,4853.4,12921386,62588696,11366597564,4431329,679298.809,5457778367,15,ClientRead
1786442242884,542.5,27336.1,236.5,4861.2,12930957,62797274,11383693540,4434248,679786.064,5460195007,15,WALWrite
1786442243882,468.8,27376.2,227.1,4873.2,12940772,62841351,11391074555,4437330,680276.829,5462562495,15,ClientRead
1786442244883,432.3,27276.4,234.9,4886.2,12950692,62891891,11398886658,4440300,680764.558,5464987327,7,WALWrite
1786442245883,390.2,27298.2,230.7,4899.0,12961154,62942804,11406613087,4443596,681297.082,5467551423,8,ClientRead
1786442246882,388.4,27303.0,241.2,4912.7,12971726,62994756,11414395119,4446871,681813.5580000001,5470025407,12,ClientRead
1786442247882,444.5,27331.6,252.0,4923.7,12981989,63044322,11422039666,4450107,682372.2700000001,5472442047,9,ClientRead
1786442248885,468.6,27358.4,244.6,4936.0,12991400,63086324,11429349303,4452988,682865.3620000001,5474834111,11,WALWrite
1786442249882,472.1,27420.3,251.3,4945.0,13000665,63127820,11436581117,4455865,683375.3210000001,5477234367,13,WALWrite
1786442250882,475.1,27426.0,252.6,4955.4,13010388,63171460,11443999701,4458840,683900.515,5479732927,7,WALWrite
1786442251884,553.2,27491.9,255.7,4966.7,13020193,63215339,11451456259,4461982,684407.944,5482174143,13,ClientRead
1786442252883,630.9,27474.8,267.3,4977.0,13029568,63274805,11459982036,4464633,684902.979,5484869311,6,ClientRead
1786442253883,844.5,27410.0,141.4,4990.0,13038602,63316406,11466933722,4467615,685378.893,5487466175,13,ClientRead
1786442254885,883.7,27415.8,113.3,5002.1,13049301,63374038,11474896414,4472276,685932.841,5490202303,10,ClientRead
1786442255884,862.6,27422.2,105.8,5011.0,13061711,63434927,11483226543,4478388,686638.658,5492922047,12,ClientRead
1786442256883,700.6,27444.0,201.2,5050.6,13074856,63497348,11491790416,4484791,687435.263,5495297727,10,WALWrite
1786442257883,590.5,27497.7,260.5,5061.9,13085204,63541644,11501715960,4487455,687940.385,5497411263,15,WALWrite
1786442258883,649.3,27518.8,292.6,5073.4,13095285,63579406,11512726131,4489144,688340.6500000001,5499590335,15,WALWrite
1786442259883,516.2,27557.3,273.3,5076.8,13105052,63614422,11524351312,4491085,688772.5390000001,5501671103,3,ClientRead
1786442260883,456.9,27583.1,268.0,5084.1,13114953,63647647,11537121680,4494089,689272.086,5503760063,7,ClientRead
1786442261883,539.2,27629.0,277.5,5089.9,13124663,63680085,11549835752,4497087,689796.7189999999,5505889983,20,WALWrite
1786442262882,517.4,27629.3,275.8,5099.5,13133821,63722945,11562372854,4499826,690304.532,5507962559,10,ClientRead
1786442263882,464.4,27687.9,278.8,5109.2,13144087,63757232,11575520148,4502943,690789.8740000001,5510141631,10,ClientRead
1786442264884,412.1,27626.8,270.7,5119.5,13154031,63797664,11588575683,4505972,691315.227,5512238783,5,ClientRead
1786442265883,367.4,27647.4,267.1,5128.2,13164238,63833955,11601102366,4509097,691864.635,5514254015,13,ClientRead
1786442266883,574.0,27695.2,270.3,5137.8,13174856,63876748,11614794608,4512346,692417.4010000001,5516424895,14,WALWrite
1786442267883,584.5,27677.5,269.0,5149.5,13183737,63910370,11625927059,4514809,692932.2679999999,5518481087,9,XactGroupUpdate
1786442268883,446.1,27718.3,264.5,5157.2,13192567,63940427,11636784861,4517368,693445.016,5520594623,2,
1786442269883,441.6,27765.4,264.2,5168.7,13201463,63970636,11647629326,4519843,693935.276,5522650815,17,ClientRead
1786442270883,462.8,27786.2,279.2,5177.3,13210739,64002005,11658662474,4522639,694454.587,5524747967,6,ClientRead
1786442271883,531.6,27959.5,275.8,5184.7,13220658,64035132,11670424111,4525688,694955.3130000001,5526869695,13,ClientRead
1786442272883,529.4,27849.9,269.1,5196.3,13230286,64081375,11682815573,4528515,695458.4720000001,5529212607,7,WALWrite
1786442273884,451.2,27767.5,266.0,5204.3,13239536,64112702,11693863695,4531306,695946.8280000001,5531293375,14,WALWrite
1786442274883,388.6,27787.9,267.2,5215.0,13249304,64147304,11705415426,4534173,696431.7860000001,5533398719,2,WalSync
1786442275883,372.3,27809.0,267.9,5224.1,13260363,64185566,11718337552,4537694,696985.9760000001,5535463103,8,ClientRead
1786442276882,375.0,27830.5,267.3,5233.6,13271483,64224792,11731287341,4541165,697534.5990000002,5537560255,2,ClientRead
1786442277884,431.7,27867.7,263.4,5244.2,13282053,64261783,11743215646,4544384,698076.4990000001,5539673791,12,WALWrite
1786442278883,458.4,27963.5,259.6,5253.2,13291482,64293515,11754081080,4547365,698585.9310000001,5541754559,13,WALWrite
1786442279883,757.1,28236.7,274.1,5262.7,13300410,64323569,11764245828,4549972,699080.4370000002,5543794367,6,ClientRead
1786442280882,586.5,28074.1,264.1,5273.0,13309553,64354884,11774596446,4552697,699592.356,5545924287,4,ClientRead
1786442281883,630.3,28184.6,268.8,5281.4,13319053,64396508,11786178353,4555673,700119.992,5548054207,10,ClientRead
1786442282883,596.7,28180.9,280.0,5290.6,13328149,64427446,11796185299,4558234,700614.8510000001,5550151359,16,WALWrite
1786442283883,918.0,28215.4,211.6,5300.9,13337388,64459010,11806543843,4561023,701129.4540000001,5552240319,10,WALWrite
1786442284883,887.2,28024.8,191.8,5311.3,13347524,64498365,11818349611,4564005,701641.7110000001,5554386623,8,ClientRead
1786442285883,851.5,28029.3,188.7,5323.2,13358283,64533850,11830251760,4567550,702187.6240000001,5556418239,9,ClientRead
1786442286883,716.5,28050.4,228.2,5332.9,13368943,64569913,11841444955,4570849,702735.054,5558441663,13,WALWrite
1786442287883,464.7,28071.6,283.6,5336.8,13378985,64605773,11851758624,4573304,703200.7220000001,5560604351,9,ClientRead
1786442288882,455.2,28076.3,261.7,5343.5,13388554,64637894,11862278707,4576122,703714.7400000001,5562701503,2,ClientRead
1786442289883,451.4,28135.5,259.8,5352.8,13397840,64668443,11872047123,4578969,704213.0550000002,5564798655,7,WALWrite
1786442290883,447.4,28157.7,265.1,5366.2,13407445,64700499,11882022593,4581991,704722.5120000001,5566969535,7,ClientRead
1786442291883,521.3,28314.1,262.7,5379.5,13417339,64733709,11892594020,4585098,705233.7760000001,5569099455,6,ClientRead
1786442292883,526.6,28205.1,268.8,5389.7,13426789,64774173,11903127229,4587883,705743.5050000001,5571540671,5,WALWrite
1786442293884,464.1,28246.9,262.5,5398.7,13437262,64808890,11913838855,4591199,706283.0000000001,5573686975,3,WalSync
1786442294883,426.4,28145.3,270.4,5409.1,13447281,64847482,11924566802,4594212,706767.3820000001,5575816895,7,ClientRead
1786442295882,369.5,28169.0,267.8,5420.0,13458028,64885156,11935171679,4597517,707320.6110000001,5577955007,8,WALWrite
1786442296883,382.2,28173.5,275.3,5431.6,13469020,64924008,11946172218,4600886,707887.7170000001,5580093119,6,ClientRead
1786442297883,438.5,28195.9,278.5,5442.5,13479401,64960153,11956615914,4603938,708426.011,5582223039,5,ClientRead
1786442298884,465.8,28225.8,262.2,5452.8,13489475,64993512,11966747474,4607150,708951.2490000001,5584369343,9,ClientRead
1786442299882,453.2,28269.1,260.0,5463.0,13499214,65025657,11976569414,4610208,709460.5680000001,5586532031,18,WALWrite
1786442300883,458.1,28290.6,277.2,5474.0,13509319,65059047,11986540069,4613337,709963.9680000001,5588620991,7,ClientRead
1786442301883,525.2,28342.9,258.6,5483.9,13519226,65092504,11996319023,4616385,710490.8360000001,5590791871,10,ClientRead
1786442302885,597.6,28445.0,263.2,5494.7,13528521,65132453,12006090289,4619144,710972.1630000002,5593003711,10,ClientRead
1786442303883,475.1,28401.2,266.1,5504.8,13538448,65165385,12015394120,4622158,711460.2920000001,5595084479,11,ClientRead
1786442304883,487.3,28384.2,270.8,5518.1,13548457,65204189,12025532111,4625184,711971.001,5597238975,11,WALWrite
1786442305883,376.3,28297.3,268.5,5528.9,13558536,65238825,12035132090,4628236,712502.665,5599409855,9,WALWrite
1786442306882,373.3,28302.1,270.3,5537.8,13569302,65277059,12045450004,4631584,713070.9820000001,5601572543,5,ClientRead
1786442307885,428.3,28354.3,272.0,5550.5,13579924,65313713,12055030224,4634835,713609.971,5603620543,13,WALWrite
1786442308883,451.7,28396.7,259.6,5562.0,13590069,65347064,12064440938,4638139,714137.1120000001,5605840575,9,WALWrite
1786442309882,459.6,28419.6,258.7,5572.1,13600386,65380851,12073990698,4641476,714665.2980000001,5607937727,12,ClientRead
1786442310883,446.0,28441.5,268.5,5585.7,13610455,65414134,12083262925,4644680,715163.3380000001,5610141375,8,ClientRead
1786442311883,519.9,28594.2,269.8,5594.7,13620688,65447870,12092451097,4647982,715692.138,5612320447,11,ClientRead
1786442312883,518.9,28489.8,267.8,5605.4,13630328,65488840,12101922517,4650889,716185.4010000002,5614737087,6,WALWrite
1786442313883,821.8,28538.4,172.9,5618.1,13640195,65520838,12110880069,4654448,716704.1560000001,5616940735,9,WalSync
1786442314882,886.6,28451.7,129.8,5626.9,13652828,65563683,12122016218,4660038,717341.0750000001,5618996927,9,WalSync
1786442315883,839.8,28473.0,129.6,5637.3,13667923,65607981,12134378933,4667377,718072.725,5621151423,13,WALWrite
1786442316883,642.9,28477.0,212.6,5655.1,13682418,65652900,12145772051,4673761,718771.2790000001,5623264959,12,ClientRead
1786442317882,598.5,28527.5,274.1,5668.5,13693019,65694141,12154795329,4675946,719221.8250000001,5625444031,10,WALWrite
1786442318883,647.2,28566.1,298.8,5678.8,13703412,65731720,12163171049,4677646,719612.799,5627483839,3,
1786442319885,461.5,28586.1,267.1,5682.3,13713412,65765641,12171230289,4680194,720049.779,5629671103,7,WALWrite
1786442320882,455.6,28614.8,275.0,5688.0,13723454,65798795,12179974258,4683427,720583.973,5631792831,6,ClientRead
1786442321883,530.3,28652.3,274.5,5698.1,13733774,65832997,12188822152,4686637,721085.6140000001,5633971903,7,WalSync
1786442322883,500.4,28662.5,263.1,5707.9,13743138,65872626,12197399866,4689457,721598.284,5636069055,8,ClientRead
1786442323883,454.9,28711.5,259.7,5719.4,13752919,65905555,12205553274,4692493,722103.937,5638174399,3,ClientRead
1786442324882,412.1,28626.5,258.0,5731.4,13762839,65943973,12214239252,4695634,722615.8200000001,5640345279,9,ClientRead
1786442325882,371.5,28630.7,264.2,5744.1,13773903,65982509,12223058518,4699024,723154.495,5642434239,4,ClientRead
1786442326883,376.9,28652.4,269.3,5755.6,13785463,66022768,12232454617,4702679,723712.324,5644621503,4,WALWrite
1786442327883,548.6,28704.6,268.7,5769.7,13796962,66067603,12241987782,4706338,724254.973,5646784191,15,WALWrite
1786442328882,723.1,28702.0,276.4,5779.9,13806293,66098802,12249814886,4709039,724775.005,5648905919,7,WALWrite
1786442329882,457.5,28748.7,264.8,5789.7,13816265,66131621,12258125450,4712090,725303.544,5651011263,4,ClientRead
1786442330884,443.4,28770.8,259.3,5799.3,13826100,66164017,12266048615,4715118,725821.772,5653305023,3,ClientRead
1786442331883,519.7,28926.5,262.0,5809.0,13836049,66197704,12274364080,4718292,726360.4990000001,5655492287,15,WALWrite
1786442332883,521.4,28817.6,270.3,5816.2,13845621,66238289,12282715681,4721141,726841.0950000001,5657966271,5,WALWrite
1786442333882,454.4,28844.3,264.9,5828.8,13855543,66271498,12290663537,4724214,727343.074,5660079807,11,WALWrite
1786442334882,388.4,28755.7,259.8,5842.5,13865565,66307181,12298490595,4727344,727875.576,5662226111,13,ClientRead
1786442335882,364.5,28760.5,264.4,5855.4,13876270,66344642,12306832605,4730665,728428.2100000001,5664364223,7,ClientRead
1786442336882,372.6,28781.6,263.1,5868.7,13887303,66383302,12315113832,4734077,728979.6140000001,5666469567,11,WALWrite
1786442337883,423.5,28792.0,262.0,5879.2,13898048,66420487,12323130509,4737386,729526.4710000001,5668714175,6,ClientRead
1786442338883,445.7,28833.6,251.2,5891.2,13907883,66453251,12330888397,4740457,730042.3550000001,5670852287,8,ClientRead
1786442339883,463.2,28880.3,265.6,5902.4,13917822,66485698,12338666152,4743594,730575.3550000001,5672949439,11,ClientRead
1786442340882,457.7,28901.4,265.8,5913.4,13928766,66521040,12346873712,4747028,731082.2030000001,5675161279,9,ClientRead
1786442341883,515.2,28947.9,270.0,5923.4,13939045,66555355,12354850030,4750079,731578.7570000001,5677332159,5,WALWrite
1786442342883,504.9,28948.2,271.1,5934.6,13948519,66595504,12362728760,4752849,732106.0100000001,5679404735,12,WALWrite
1786442343883,789.4,28963.1,172.4,5950.9,13959152,66630150,12370482384,4756746,732637.8710000002,5681591999,14,ClientRead
1786442344883,871.2,28887.3,147.9,5962.7,13970089,66670576,12378858227,4760812,733185.1710000001,5683648191,16,WALWrite
1786442345884,782.6,28892.2,149.3,5974.4,13981900,66707948,12386893769,4765526,733779.585,5685843647,13,ClientRead
1786442346883,769.2,28897.2,166.5,5983.8,13993488,66745019,12394976701,4770147,734410.523,5687908031,10,ClientRead
1786442347882,633.0,28921.2,256.1,5997.4,14004141,66781573,12402673225,4773010,734898.449,5690119871,13,WALWrite
1786442348883,640.1,28946.0,302.5,6007.2,14014466,66818663,12410063263,4774762,735284.8570000001,5692184255,8,WALWrite
1786442349883,459.7,28987.6,269.7,6012.6,14024308,66851662,12417310034,4777467,735765.797,5694346943,10,WALWrite
1786442350884,450.7,29014.6,267.6,6021.3,14034237,66884214,12424605816,4780492,736283.1240000001,5696411327,16,WALWrite
1786442351884,517.7,29191.2,266.6,6028.5,14043810,66916553,12431918631,4783438,736799.5340000001,5700023999,6,ClientRead
1786442352883,525.0,29072.0,258.6,6039.4,14053367,66960857,12439953265,4786322,737304.9830000001,5705307839,6,ClientRead
1786442353882,447.0,29121.5,252.6,6050.5,14063094,66993266,12447015175,4789432,737826.9140000001,5710157503,4,ClientRead
1786442354883,410.5,29020.5,262.3,6061.1,14072795,67031585,12454594450,4792329,738302.486,5714958015,6,ClientRead
1786442355884,367.4,29048.0,262.6,6075.7,14083928,67069689,12462108726,4795750,738854.4190000001,5719758527,9,ClientRead
1786442356882,370.8,29058.0,269.4,6086.3,14094944,67108326,12469809222,4799095,739405.3680000001,5724591807,9,ClientRead
1786442357883,445.2,29092.0,276.6,6097.1,14105550,67144893,12477148297,4802338,739962.3670000001,5729588927,4,WalSync
1786442358883,452.8,29139.6,273.8,6109.8,14115065,67176491,12484188872,4805313,740473.7110000001,5734389439,6,ClientRead
1786442359882,449.0,29171.2,260.3,6119.4,14124648,67208207,12491270446,4808333,740977.768,5739165375,1,
1786442360885,449.6,29220.8,264.6,6129.2,14134296,67240556,12498388236,4811335,741483.7250000001,5744170687,13,WALWrite
1786442361883,525.1,29252.3,267.2,6138.7,14144346,67273812,12505380486,4814428,741982.1700000002,5749036735,7,WALWrite
1786442362883,507.3,29278.7,259.8,6148.8,14154022,67314869,12512966620,4817336,742476.4680000001,5753935551,16,ClientRead
1786442363882,459.9,29314.1,259.6,6159.1,14164735,67349687,12520139827,4820849,742985.957,5758736063,10,WALWrite
1786442364882,412.2,29247.5,262.1,6169.6,14174884,67388576,12527563144,4823958,743468.574,5763552959,5,ClientRead
1786442365884,369.4,29258.4,268.1,6182.5,14185779,67426000,12534868871,4827344,744017.7,5768386239,1,ClientRead
1786442366883,371.3,29268.4,262.5,6193.2,14196736,67464026,12541983212,4830830,744572.05,5773309631,5,WalSync
1786442367883,432.2,29295.2,257.9,6206.6,14208053,67503029,12549530667,4834374,745120.2970000001,5778265791,14,WALWrite
1786442368883,458.4,29322.8,260.6,6218.8,14218189,67536033,12556391256,4837698,745633.6680000001,5782984383,7,ClientRead
1786442369884,465.0,29392.1,265.7,6229.0,14228857,67570225,12563422813,4841126,746156.2900000002,5787981503,8,WALWrite
1786442370883,465.5,29402.0,279.7,6238.4,14239583,67604682,12570428867,4844624,746658.6100000001,5792757439,11,WALWrite
1786442371883,521.0,29471.7,269.5,6249.4,14250136,67639417,12577549281,4847946,747196.7900000002,5797721791,16,ClientRead
1786442372883,596.4,29480.3,277.0,6259.2,14259987,67815407,12593244359,4850819,747702.2520000001,5802817215,2,WALWrite
1786442373883,800.1,29508.1,181.6,6274.4,14269864,67847892,12599758404,4854175,748239.584,5804938943,15,WALWrite
1786442374883,829.2,29400.9,153.2,6285.5,14280913,67888397,12607053802,4858248,748792.756,5806962367,9,WALWrite
1786442375883,784.7,29422.1,154.4,6298.7,14293054,67926716,12614290169,4863109,749404.927,5809231551,13,WALWrite
1786442376883,730.0,29426.4,177.6,6307.8,14305238,67964972,12621359634,4867958,750046.168,5811361471,12,WALWrite
1786442377883,594.6,29453.6,258.2,6317.8,14315538,68001527,12628174144,4870469,750528.63,5813450431,13,WALWrite
1786442378883,558.3,29479.1,270.0,6326.5,14325969,68038695,12635320606,4872314,750923.446,5815555775,4,ClientRead
1786442379882,442.4,29528.1,247.5,6331.5,14336026,68071573,12642082287,4875368,751409.644,5817636543,4,WALWrite
1786442380883,447.5,29546.3,256.5,6341.8,14345446,68102591,12648558857,4878305,751912.823,5819774655,2,ClientRead
1786442381882,520.8,29593.4,276.8,6352.1,14355343,68135032,12655158452,4881396,752447.781,5821961919,7,WALWrite
1786442382883,502.4,29593.6,260.7,6361.5,14365051,68175758,12662554325,4884137,752964.209,5824091839,7,ClientRead
1786442383883,459.0,29624.5,266.2,6372.3,14375457,68209967,12669241666,4887406,753477.2590000001,5826229951,8,WALWrite
1786442384883,420.0,29532.8,263.7,6382.0,14385979,68250088,12676469280,4890699,753985.6050000001,5828327103,9,ClientRead
1786442385883,368.3,29538.0,265.0,6392.1,14397220,68288969,12683458428,4894199,754510.837,5830514367,10,WALWrite
1786442386883,373.4,29542.2,272.3,6402.4,14408580,68328414,12690383242,4897866,755084.582,5832619711,9,WALWrite
1786442387883,421.6,29563.8,255.8,6414.4,14419854,68366889,12697478308,4901476,755633.2670000001,5834847935,1,
1786442388883,508.4,29590.5,259.7,6424.0,14429943,68400062,12704282062,4904651,756149.17,5836920511,9,ClientRead
1786442389883,783.0,29626.7,274.2,6435.5,14439972,68432931,12711159482,4907704,756667.104,5839083199,3,ClientRead
1786442390882,455.2,29629.1,266.7,6447.9,14449907,68465590,12717896158,4910727,757181.9219999999,5841196735,5,WALWrite
1786442391883,516.1,29674.0,273.6,6459.4,14459793,68498769,12724583634,4913697,757699.871,5843539647,9,WALWrite
1786442392883,564.5,29688.8,271.7,6468.6,14469272,68770726,12745349521,4916508,758202.8080000001,5844121279,2,
1786442393883,441.6,29730.0,257.6,6479.2,14478873,68802817,12751813074,4919383,758717.616,5844170431,10,WALWrite
1786442394882,434.5,29644.4,262.0,6492.1,14489025,68841203,12758528027,4922591,759220.807,5844219583,6,WALWrite
1786442395883,361.7,29645.1,261.9,6503.2,14499658,68878054,12765356098,4925772,759737.428,5844260543,10,WALWrite
1786442396883,371.6,29645.5,270.6,6514.1,14510743,68916986,12772147116,4929280,760305.8,5844334271,5,WALWrite
1786442397883,424.6,29671.7,265.2,6525.8,14521908,68955286,12779069672,4932741,760857.0200000001,5847013055,8,ClientRead
1786442398882,443.9,29698.4,259.1,6535.6,14531724,68987337,12785417983,4935908,761388.0120000001,5849798335,2,ClientRead
1786442399883,435.1,29762.2,256.9,6546.3,14541414,69019655,12792126051,4938947,761892.3070000001,5852657343,7,ClientRead
1786442400883,460.6,29768.3,275.8,6557.8,14550903,69051048,12798618610,4941892,762401.758,5855491775,13,WALWrite
1786442401883,528.7,29816.5,284.3,6567.2,14561209,69084786,12805197127,4945013,762913.438,5858293439,19,WALWrite
1786442402883,506.7,29818.4,271.1,6580.6,14570965,69125812,12812449908,4947798,763441.6510000001,5861021375,10,WALWrite
1786442403883,751.4,29839.2,224.8,6616.4,14581353,69159914,12818921497,4950929,763959.0700000001,5863872191,10,ClientRead
1786442404882,797.1,29759.8,198.5,6676.6,14591651,69199480,12825865611,4953962,764479.4830000001,5866698431,5,
1786442405883,742.7,29765.7,188.6,6700.3,14602358,69234613,12832203234,4957441,765010.761,5869450943,13,ClientRead
1786442406883,665.5,29771.3,229.5,6719.7,14613726,69272906,12839012692,4961004,765556.3760000002,5872309951,6,WALWrite
1786442407882,452.6,29793.9,287.9,6721.9,14623900,69310340,12845794916,4963465,766054.4520000002,5875021503,5,ClientRead
1786442408883,450.8,29799.8,282.6,6725.9,14633016,69340555,12851760314,4966190,766567.4020000001,5877888703,6,WALWrite
1786442409883,448.2,29858.8,277.3,6732.5,14642569,69371659,12857959420,4969023,767057.0290000001,5881222847,9,ClientRead
1786442410884,459.6,29867.1,288.6,6741.2,14652284,69403598,12864513039,4971885,767559.0020000001,5884393151,5,ClientRead
1786442411883,496.7,30024.7,266.1,6749.4,14661671,69435310,12871175050,4974618,768094.3650000001,5887170239,18,WALWrite
1786442412882,515.0,29918.0,261.6,6760.5,14670316,69473274,12877858818,4977101,768575.2100000002,5890070207,13,WALWrite
1786442413883,445.7,29951.8,269.9,6770.1,14679606,69504900,12884323806,4979878,769083.8240000001,5892806335,9,ClientRead
1786442414882,417.0,29858.1,275.2,6780.7,14689235,69542646,12891114876,4982673,769597.545,5895567039,0,
1786442415883,366.4,29865.1,276.7,6789.8,14699979,69579785,12897766395,4985938,770138.589,5898401471,9,WALWrite
1786442416883,371.1,29871.3,271.0,6799.3,14711130,69618906,12904442471,4989420,770680.658,5901186751,11,WALWrite
1786442417883,434.5,29896.4,290.0,6809.3,14721796,69655775,12911046905,4992624,771235.1970000002,5904119487,5,ClientRead
1786442418883,472.7,29922.5,287.4,6821.4,14731135,69686739,12917441915,4995365,771747.1470000001,5907093183,2,ClientRead
1786442419883,454.2,29986.0,278.3,6831.6,14740725,69718533,12923946804,4998172,772262.8150000001,5910279871,2,ClientRead
1786442420882,455.8,29996.9,279.9,6841.7,14750617,69751097,12930588688,5001097,772813.991,5913228991,9,WALWrite
1786442421883,528.7,30023.0,281.1,6852.1,14760408,69783406,12936885984,5003992,773305.895,5916112575,21,WALWrite
1786442422883,507.8,30047.4,278.2,6863.4,14770318,69824202,12943936456,5006915,773825.2030000001,5919438527,7,WALWrite
1786442423884,453.1,30059.7,278.0,6873.8,14780274,69856897,12950325220,5009973,774338.6620000001,5922322111,13,ClientRead
1786442424883,442.5,29989.0,278.6,6884.9,14790576,69895896,12957141042,5013047,774870.897,5925254847,4,WALWrite
1786442425883,365.4,29995.4,275.0,6896.4,14801428,69933307,12963825489,5016294,775403.011,5928228543,4,ClientRead
1786442426883,370.3,30001.7,270.4,6907.3,14812879,69972884,12970604461,5019838,775961.969,5931087551,13,ClientRead
1786442427883,421.9,30028.8,274.9,6920.1,14823599,70010015,12977265195,5023154,776517.851,5934003903,13,WALWrite
1786442428882,446.2,30054.4,271.2,6928.6,14833231,70042236,12983823507,5026157,777065.366,5936838335,1,
1786442429883,454.2,30119.8,265.6,6940.0,14842955,70074181,12990229785,5029129,777569.464,5939697343,8,ClientRead
1786442430883,451.9,30125.9,274.2,6951.7,14853256,70107426,12996753980,5032367,778101.123,5942556351,12,WALWrite
1786442431884,517.7,30284.8,278.0,6960.8,14863185,70140553,13003336749,5035383,778604.9890000001,5945456319,6,ClientRead
1786442432883,521.8,30176.1,271.9,6971.2,14872325,70180263,13010258553,5038079,779116.5660000001,5948339903,12,WALWrite
1786442433883,779.9,30213.1,183.8,6985.1,14882582,70214172,13016614159,5041766,779645.6420000001,5951321791,11,ClientRead
1786442434883,836.3,30118.6,155.5,6996.1,14893300,70253759,13023222925,5045814,780200.8190000001,5954311871,8,ClientRead
1786442435884,792.2,30125.6,155.0,7008.5,14905616,70292028,13029556857,5050969,780826.0580000001,5957211839,13,ClientRead
1786442436882,686.8,30131.7,211.6,7018.8,14918026,70331606,13036356959,5055722,781420.096,5960087231,13,WALWrite
1786442437882,619.9,30155.9,272.7,7030.7,14928629,70369152,13043094262,5057846,781836.476,5962979007,2,WalSync
1786442438882,479.6,30182.0,263.9,7036.2,14939212,70405191,13049654743,5060365,782288.3420000001,5965862591,11,ClientRead
1786442439883,448.2,30241.9,256.3,7047.6,14949278,70437877,13056033632,5063634,782781.878,5968623295,3,ClientRead
1786442440882,447.2,30253.8,271.4,7057.0,14959224,70470357,13062534869,5066826,783274.1160000002,5971531455,7,ClientRead
1786442441883,521.9,30281.9,270.7,7066.5,14969468,70503858,13069112322,5070077,783824.0640000001,5974521535,10,ClientRead
1786442442884,500.3,30306.6,265.8,7079.2,14978823,70542777,13075875792,5072900,784346.171,5977765567,4,ClientRead
1786442443887,456.1,30318.5,266.2,7089.4,14988637,70576328,13082410313,5075954,784872.397,5980747455,5,WALWrite
1786442444883,433.8,30248.7,296.5,6960.6,14998668,70615793,13089373611,5079036,785383.072,5983671999,10,ClientRead
1786442445884,381.1,30263.1,286.5,6931.1,15004524,70639296,13095335501,5080955,785844.434,5986563775,7,WALWrite
1786442446882,386.9,30270.4,298.5,7026.2,15009471,70660112,13101212139,5082691,786326.758,5989947071,4,ClientRead
1786442447882,405.5,30315.8,321.4,7420.8,15014761,70686713,13107654059,5084557,786781.9680000001,5992920767,8,WALWrite
1786442448883,472.4,30342.1,276.5,7430.0,15023458,70728669,13116444178,5087369,787341.1230000001,5996058303,5,ClientRead
1786442449883,476.2,30381.6,283.2,7437.6,15032716,70773826,13125650509,5090075,787854.3720000001,5999351487,11,
1786442450883,798.4,30439.1,296.7,7446.2,15041473,70815765,13134922046,5092382,788353.325,6002652863,18,WALWrite
1786442451883,610.9,30447.2,278.0,7452.9,15049881,70856788,13143352358,5094832,788837.8970000001,6006126271,13,WALWrite
1786442452883,598.6,30443.9,285.3,7459.3,15058462,70911770,13152577767,5097299,789348.4270000001,6009706175,3,ClientRead
1786442453883,479.0,30508.1,276.9,7468.8,15067429,70955094,13161091004,5099987,789849.185,6013114047,2,
1786442454882,561.3,30538.9,268.3,7475.9,15076582,71002425,13169987264,5102751,790332.6910000001,6016407231,9,ClientRead
1786442455883,428.4,30437.7,276.7,7482.5,15085864,71052202,13179119439,5105610,790859.708,6019741375,13,ClientRead
1786442456883,395.9,30460.6,280.3,7488.4,15095553,71105000,13188388378,5108502,791400.2670000001,6023050943,2,WALWrite
1786442457883,454.1,30468.4,264.9,7495.4,15105273,71157720,13197837853,5111565,791910.207,6026352319,11,WALWrite
1786442458883,484.3,30505.4,279.6,7503.3,15114736,71203790,13206838415,5114489,792385.44,6029555391,1,
1786442459882,484.9,30532.9,280.5,7510.3,15124192,71250392,13215748428,5117415,792882.02,6032783039,12,ClientRead
1786442460885,485.3,30579.8,283.3,7515.7,15134077,71298414,13225044795,5120448,793376.5160000001,6036125375,5,WALWrite
1786442461883,542.5,30608.4,276.2,7522.2,15143453,71344174,13233983702,5123278,793854.454,6039402175,11,WALWrite
1786442462884,563.4,30633.3,273.4,7528.6,15151935,71395023,13242790788,5125673,794336.114,6043195071,5,WALWrite
1786442463882,786.2,30656.8,201.7,7539.9,15161931,71445275,13252124200,5128766,794826.678,6046619327,10,ClientRead
1786442464883,882.6,30601.7,180.0,7548.8,15172220,71497255,13261581417,5131984,795338.8529999999,6050059967,13,ClientRead
1786442465883,792.8,30625.5,172.7,7559.2,15182396,71562763,13271946555,5135258,795833.8500000001,6053705407,15,WALWrite
1786442466883,716.2,30632.4,216.1,7568.4,15192110,71615013,13281283296,5138024,796309.8180000001,6056990399,7,WALWrite
1786442467882,459.9,30686.9,265.5,7574.7,15201676,71666059,13290328627,5140544,796803.1460000001,6060201663,4,
1786442468883,481.7,30710.3,269.1,7579.9,15210752,71710664,13299091775,5143297,797316.758,6063388351,6,ClientRead
1786442469882,472.7,30749.7,262.4,7588.3,15219655,71753391,13307376913,5145940,797824.1420000001,6066476735,1,
1786442470883,475.0,30761.9,257.2,7593.9,15228893,71798954,13316251986,5148812,798317.331,6069810879,6,ClientRead
1786442471883,540.3,30818.2,257.5,7602.9,15238103,71843799,13325053012,5151629,798808.312,6073153215,10,WALWrite
1786442472882,604.1,30829.3,270.8,7611.4,15246518,71907522,13334869143,5153908,799260.316,6076233407,3,ClientRead
1786442473883,478.6,30846.4,255.4,7618.0,15255798,71952835,13343554384,5156724,799764.953,6079444671,5,ClientRead
1786442474884,477.8,30813.0,257.2,7624.9,15264977,71997199,13351834366,5159561,800258.3150000001,6082664127,8,ClientRead
1786442475883,414.5,30820.6,251.7,7633.9,15274455,72058923,13361443302,5162416,800761.7350000001,6085850815,6,ClientRead
1786442476883,409.5,30843.8,266.9,7642.4,15284047,72111457,13370446781,5165275,801311.783,6088996543,7,WALWrite
1786442477883,463.6,30881.4,259.9,7652.9,15293299,72161054,13379370637,5168054,801827.9120000001,6092183231,3,
1786442478882,476.6,30922.7,257.2,7661.2,15302140,72204624,13387529539,5170731,802321.333,6095312575,7,ClientRead
1786442479884,478.5,30946.7,254.9,7671.3,15311669,72250987,13396372264,5173698,802802.462,6098564799,14,ClientRead
1786442480884,468.3,30976.1,256.6,7678.5,15320752,72296136,13405045220,5176602,803294.984,6101759679,11,WALWrite
1786442481883,565.1,31016.7,268.8,7688.4,15330210,72343193,13413608481,5179548,803769.1270000001,6104889023,8,WALWrite
1786442482883,611.2,31050.8,248.9,7701.7,15339143,72386379,13421905839,5182204,804255.4230000001,6108067519,11,WALWrite
1786442483882,550.8,31083.0,247.2,7708.1,15348066,72641346,13444049917,5184925,804740.742,6109763263,4,WALWrite
1786442484883,452.5,31014.4,245.7,7716.4,15356893,72694086,13452707163,5187606,805204.826,6110181055,5,WALWrite
1786442485882,396.6,31016.3,243.7,7728.0,15366834,72748332,13461951344,5190699,805764.493,6110672575,7,WALWrite
1786442486882,400.4,31033.2,251.6,7738.2,15377148,72805774,13471542064,5193903,806309.652,6111123135,5,ClientRead
1786442487884,456.6,31034.3,246.7,7749.2,15386904,72858303,13480480281,5196973,806812.061,6111540927,11,ClientRead
1786442488884,475.3,31063.8,248.8,7756.8,15396284,72904432,13489172428,5199845,807303.24,6111958719,15,WALWrite
1786442489883,492.8,31106.3,252.1,7766.9,15406276,72953229,13498039510,5203014,807831.454,6112450239,9,ClientRead
1786442490882,490.6,31125.1,262.5,7775.1,15416313,73002669,13507001528,5206174,808354.419,6112917183,9,WALWrite
1786442491882,531.2,31183.5,253.6,7786.9,15425817,73049198,13515499164,5209105,808832.734,6113375935,11,WALWrite
1786442492884,610.6,31163.7,247.0,7794.6,15434903,73103228,13524499049,5211668,809319.8950000001,6113801919,1,
1786442493882,773.0,31210.1,176.0,7809.2,15444121,73148660,13532518671,5214582,809815.6310000002,6114219711,13,WALWrite
1786442494883,831.7,31107.2,152.5,7819.9,15453613,73205294,13541630209,5217326,810302.2440000002,6114612927,11,ClientRead
1786442495883,771.1,31125.7,154.8,7827.3,15463452,73257575,13550634310,5220703,810844.6510000002,6115145407,6,WalSync
1786442496884,640.0,31126.1,187.7,7838.9,15473241,73308752,13559260956,5223600,811328.9860000001,6115579583,6,ClientRead
1786442497883,450.1,31146.4,232.2,7843.1,15483233,73362184,13568112583,5226489,811817.218,6116013759,9,WALWrite
1786442498883,497.5,31172.7,236.1,7847.0,15491386,73404582,13576117640,5228803,812293.444,6116349631,9,ClientRead
1786442499883,498.5,31211.6,240.4,7851.0,15499272,73448475,13584305247,5231335,812765.527,6116701887,16,ClientRead
1786442500882,500.8,31235.0,235.0,7851.4,15507435,73493331,13592487738,5234010,813240.319,6117127871,14,WALWrite
1786442501883,559.7,31273.6,241.3,7851.3,15515431,73537655,13600815064,5236588,813725.2930000002,6117496511,6,WALWrite
1786442502884,565.4,31276.4,245.7,7852.3,15523572,73591972,13609746781,5239155,814192.9940000002,6117889727,13,ClientRead
1786442503883,500.7,31307.3,231.0,7853.8,15531487,73635558,13617664904,5241777,814671.8200000002,6118282943,2,
1786442504883,474.4,31219.0,234.2,7853.9,15539652,73691077,13626620193,5244330,815127.2700000001,6118651583,8,ClientRead
1786442505884,413.0,31236.9,230.1,7856.3,15548334,73744512,13635429804,5247236,815650.5670000002,6119077567,4,ClientRead
1786442506883,417.0,31238.2,226.7,7857.9,15557112,73798767,13644144151,5250226,816192.5650000002,6119544511,3,ClientRead
1786442507882,466.8,31285.6,222.6,7858.6,15565397,73847900,13652769750,5252855,816683.9460000001,6119929535,9,WALWrite
1786442508882,497.1,31306.3,221.9,7859.2,15573405,73892324,13661036607,5255542,817152.9880000001,6120306367,9,WALWrite
1786442509883,505.0,31339.0,216.9,7860.3,15581874,73938561,13669292167,5258444,817627.6960000001,6120724159,6,ClientRead
1786442510883,500.5,31346.5,227.6,7860.9,15590138,73984298,13677685885,5261268,818092.7360000001,6121207487,5,ClientRead
1786442511883,766.5,31445.3,223.7,7861.3,15597876,74026953,13686013698,5263726,818566.2910000002,6121584319,16,WALWrite
1786442512883,843.4,31414.5,226.6,7862.0,15604927,74066351,13693482409,5265821,818999.4040000001,6121928383,14,WALWrite
1786442513883,530.3,31414.5,216.3,7866.2,15612560,74130565,13702930068,5268319,819491.0580000001,6122305215,13,WALWrite
1786442514882,479.0,31350.9,215.4,7867.5,15620551,74183848,13711686249,5270910,819947.0160000001,6122739391,5,WALWrite
1786442515883,417.9,31368.3,228.1,7868.4,15629213,74236491,13720395087,5273733,820460.6560000001,6123148991,13,ClientRead
1786442516884,428.5,31370.0,230.1,7867.6,15638505,74293926,13729457438,5276830,820989.6270000001,6123599551,6,WALWrite
1786442517882,470.3,31386.6,225.1,7868.9,15646898,74343959,13737948497,5279572,821494.4360000001,6123992767,18,WALWrite
1786442518883,502.5,31405.9,219.7,7868.1,15655338,74391063,13746326812,5282415,821956.8840000001,6124451519,11,WALWrite
1786442519883,495.3,31463.1,218.2,7869.4,15663348,74435684,13754413355,5285074,822425.1050000001,6124795583,13,WALWrite
1786442520884,507.5,31465.4,225.0,7870.2,15672037,74483654,13762907958,5287976,822900.3020000001,6125287103,5,WALWrite
1786442521883,564.8,31526.0,232.9,7870.5,15680299,74528895,13771075314,5290625,823372.2350000001,6125721279,16,WALWrite
1786442522883,637.3,31532.1,238.7,7870.6,15687924,74790588,13792171867,5292898,823830.5990000002,6126032575,4,ClientRead
1786442523883,880.6,31565.5,129.9,7871.8,15695639,74834368,13799978947,5296044,824347.4520000002,6126638783,16,WALWrite
1786442524883,967.1,31474.2,98.5,7873.1,15705777,74903235,13809787503,5301204,824945.2610000002,6127400639,15,WALWrite
1786442525884,900.2,31492.3,92.6,7874.3,15716435,74969901,13819835937,5306956,825601.856,6128146111,10,WALWrite
1786442526883,798.5,31509.4,128.3,7877.9,15725378,75024844,13828723785,5311023,826168.7370000001,6128662207,10,WALWrite
1786442527884,652.9,31512.8,217.6,7881.0,15734622,75078017,13837483081,5313248,826671.5790000001,6129006271,9,ClientRead
1786442528883,718.6,31551.0,241.0,7884.6,15743897,75125866,13845481683,5314874,827036.6090000002,6129292991,18,WALWrite
1786442529883,617.4,31585.4,244.3,7885.6,15753666,75176922,13853940432,5317178,827462.9740000002,6129686207,11,WALWrite
1786442530883,509.9,31587.9,240.9,7885.5,15762438,75224324,13862271091,5319997,827939.2110000001,6130128575,4,ClientRead
1786442531882,563.2,31622.9,234.1,7884.7,15770999,75271135,13870472191,5322865,828429.081,6131324607,13,ClientRead
1786442532883,627.7,31632.7,222.8,7886.6,15777478,75316098,13878068066,5324853,828859.1760000001,6133692095,2,ClientRead
1786442533882,509.3,31676.7,226.7,7885.7,15786864,75367757,13886602345,5328030,829401.3670000001,6136207039,10,WALWrite
1786442534885,507.8,31597.5,230.2,7886.2,15794132,75417198,13894592706,5330230,829783.5,6138648255,7,ClientRead
1786442535882,422.8,31602.9,217.2,7886.0,15802932,75469746,13903122825,5333092,830296.3520000001,6141245119,4,ClientRead
1786442536884,423.7,31625.2,223.6,7886.1,15811850,75524125,13911615201,5336094,830818.9950000001,6143727295,12,ClientRead
1786442537882,492.2,31660.0,231.8,7888.1,15820531,75576480,13920342253,5338865,831295.617,6146193087,10,WALWrite
1786442538883,520.9,31698.2,231.8,7886.6,15828613,75621460,13928185656,5341390,831781.172,6148511423,16,WALWrite
1786442539883,503.5,31720.2,220.5,7887.1,15836639,75665413,13935952636,5343944,832262.341,6150960831,12,ClientRead
1786442540883,506.5,31749.0,219.7,7886.3,15845039,75711990,13944104680,5346751,832746.542,6153467583,6,ClientRead
1786442541883,562.9,31787.3,221.8,7886.2,15853404,75757844,13952259170,5349493,833209.943,6155851455,14,WALWrite
1786442542883,633.7,31798.5,223.8,7886.7,15862311,75828413,13962065743,5352411,833756.555,6158694079,3,ClientRead
1786442543882,507.4,31841.8,224.7,7887.6,15869533,75867862,13969550914,5354669,834182.3660000002,6161086143,7,WALWrite
1786442544883,475.3,31772.3,214.6,7887.7,15877837,75922458,13977691266,5357333,834655.7090000001,6163551935,14,ClientRead
1786442545883,417.3,31778.6,221.4,7888.0,15886517,75975211,13985948783,5360205,835162.3930000002,6166116031,11,WALWrite
1786442546884,420.8,31799.6,241.9,7888.2,15895460,76029886,13994544709,5363093,835695.224,6168614591,5,ClientRead
1786442547883,479.9,31804.9,255.0,7887.2,15903878,76080300,14002465587,5365898,836162.486,6171121343,3,WALWrite
1786442548883,492.9,31842.8,251.0,7887.9,15911923,76125473,14010564873,5368558,836663.571,6173570751,2,WALWrite
1786442549883,503.3,31889.1,258.5,7888.0,15920092,76170509,14018554420,5371255,837152.6830000001,6176102079,6,ClientRead
1786442550882,494.3,31912.6,260.0,7888.6,15928229,76215498,14026467333,5373867,837603.5210000001,6178543295,8,WALWrite
1786442551884,567.7,31959.4,264.8,7887.7,15936301,76260382,14034194330,5376482,838075.05,6181033663,9,WALWrite
1786442552883,655.8,31986.1,266.0,7886.7,15944371,76305502,14042098293,5378930,838554.935,6183589567,11,ClientRead
1786442553883,810.9,32007.3,184.6,7889.6,15952122,76534751,14060557236,5381371,839007.508,6186063551,12,WALWrite
1786442554883,1011.8,31904.1,151.9,7892.0,15960149,76587693,14068838226,5383840,839462.4510000001,6188504767,18,WALWrite
1786442555883,977.7,31926.1,142.4,7898.9,15968274,76634711,14076651955,5386502,839929.5310000001,6190929599,11,WALWrite
1786442556884,905.0,31931.7,164.4,7898.3,15976519,76682871,14084711285,5389253,840393.3470000001,6193370815,11,WALWrite
1786442557883,597.4,31983.1,228.2,7899.5,15984742,76728383,14092255516,5391515,840840.5870000002,6195812031,11,WALWrite
1786442558882,498.1,32006.8,239.1,7900.7,15992704,76772969,14099950905,5394204,841347.3570000002,6198326975,10,WALWrite
1786442559882,504.4,32045.9,240.3,7900.4,16001087,76819326,14107849546,5396879,841821.4250000002,6200710847,12,WALWrite
1786442560883,501.9,32056.7,231.6,7899.4,16009470,76865275,14115740196,5399544,842303.7840000001,6203242175,8,ClientRead
1786442561883,553.7,32093.9,223.5,7899.7,16017527,76909735,14123599019,5402230,842773.2320000001,6205707967,6,ClientRead
1786442562883,551.6,32102.6,226.1,7899.6,16025295,76961964,14131877441,5404786,843269.7520000001,6208100031,3,
1786442563883,500.6,32126.0,224.6,7900.1,16032247,77000279,14138946529,5406867,843663.277,6210533055,10,WALWrite
1786442564883,486.7,32076.0,226.5,7902.0,16040612,77056364,14147761648,5409607,844127.3339999999,6213088959,3,ClientRead
1786442565883,411.4,32081.1,223.2,7902.3,16050370,77114653,14156500408,5412941,844714.7949999999,6215644863,8,WALWrite
1786442566882,423.6,32104.0,230.9,7904.6,16058136,77161966,14164333589,5415392,845149.038,6218217151,6,ClientRead
1786442567882,478.6,32141.1,227.9,7902.6,16068363,77222692,14173299244,5419056,845739.521,6220740287,9,WALWrite
1786442568883,488.6,32181.0,223.1,7904.0,16075106,77259662,14180505158,5421200,846165.539,6223115967,16,WALWrite
1786442569884,502.6,32202.6,224.8,7903.7,16084362,77311022,14188898052,5424413,846714.8719999999,6225671871,5,ClientRead
1786442570884,504.4,32231.4,236.8,7904.0,16091567,77350280,14196177986,5426736,847129.5329999999,6228137663,9,ClientRead
1786442571882,554.3,32268.6,238.3,7904.8,16101169,77403249,14204762050,5429878,847671.856,6230718143,14,WALWrite
1786442572883,748.1,32352.2,230.4,7903.3,16107838,77439606,14211735360,5431852,848085.255,6233347775,16,WALWrite
1786442573883,834.5,32332.5,233.2,7904.2,16115743,77497357,14220130807,5434379,848600.4150000002,6235862719,9,ClientRead
1786442574883,461.4,32249.5,220.7,7904.7,16122603,77544847,14227961166,5436480,848995.469,6238328511,4,ClientRead
1786442575883,419.9,32255.7,227.8,7904.5,16131376,77597612,14235966022,5439378,849500.018,6240876223,5,WALWrite
1786442576883,426.6,32277.7,223.1,7904.0,16140497,77653460,14244337836,5442404,850020.162,6243407551,9,ClientRead
1786442577883,483.1,32313.6,221.6,7906.0,16149555,77707452,14252504723,5445530,850520.096,6245955263,9,ClientRead
1786442578883,506.0,32353.9,222.8,7905.0,16158007,77755014,14260124294,5448474,850996.3640000001,6248462015,14,WALWrite
1786442579882,502.9,32375.4,221.2,7905.6,16166603,77803178,14267982651,5451484,851487.8260000001,6250968767,12,ClientRead
1786442580884,509.3,32403.1,232.1,7905.6,16175255,77850772,14276012421,5454438,851971.1900000001,6253516479,6,ClientRead
1786442581884,561.0,32448.3,227.8,7904.6,16184626,77903111,14284097470,5457640,852495.8920000001,6256064191,6,WalSync
1786442582882,580.8,32451.2,224.1,7904.2,16191346,77962118,14292720200,5459728,852920.7170000001,6258423487,2,ClientRead
1786442583883,514.3,32504.1,229.1,7905.4,16199657,78007810,14300386821,5462381,853390.495,6261044927,11,WALWrite
1786442584883,817.3,32415.3,151.6,7905.6,16209137,78070023,14309210338,5465490,853915.643,6263559871,14,ClientRead
1786442585883,792.9,32421.1,146.3,7906.8,16216704,78114477,14316707066,5467844,854335.298,6266091199,6,ClientRead
1786442586883,794.8,32443.4,145.2,7907.9,16225528,78168286,14324991063,5470832,854827.8300000001,6268655295,13,ClientRead
1786442587883,749.8,32451.0,166.1,7909.8,16234270,78219606,14333200525,5473597,855305.2440000001,6271178431,7,WALWrite
1786442588883,562.8,32492.6,209.5,7909.5,16243024,78268868,14340977158,5475875,855743.101,6273554111,5,ClientRead
1786442589882,505.2,32519.7,232.1,7910.9,16251364,78315740,14348754766,5478388,856197.192,6276101823,7,WALWrite
1786442590884,515.2,32563.1,242.0,7911.1,16259853,78363233,14356491426,5481238,856704.451,6278600383,13,ClientRead
1786442591883,547.4,32584.4,224.8,7910.3,16268078,78409722,14364212236,5483926,857162.5839999999,6281115327,19,WALWrite
1786442592884,643.1,32637.4,227.7,7910.9,16275909,78453200,14371597019,5486398,857630.8589999999,6283548351,17,WALWrite
1786442593883,544.8,32651.7,217.3,7911.1,16283629,78717106,14392259460,5488762,858101.561,6286022335,5,ClientRead
1786442594882,477.0,32569.9,210.7,7909.9,16291421,78764429,14399955740,5491291,858581.844,6288496319,3,WalSync
1786442595883,420.4,32591.4,228.7,7911.0,16299718,78812933,14407732818,5493887,859063.4589999999,6291052223,9,WALWrite
1786442596883,427.0,32597.1,231.7,7910.4,16308694,78867640,14415832722,5496832,859574.6549999999,6293550783,11,WALWrite
1786442597883,479.1,32619.3,236.9,7911.3,16317043,78916287,14423436546,5499492,860063.737,6296073919,4,ClientRead
1786442598883,492.2,32645.1,239.5,7911.6,16324613,78959063,14431018028,5501834,860565.6460000001,6298515135,10,WALWrite
1786442599883,486.3,32708.7,248.5,7912.2,16331878,78998683,14437993151,5504057,861035.648,6300923583,3,ClientRead
1786442600882,496.3,32714.3,244.3,7911.8,16339667,79041024,14445444381,5506449,861502.144,6303372991,5,ClientRead
1786442601884,547.5,32779.6,236.3,7910.7,16347539,79084598,14453096537,5509017,861986.2729999999,6305887935,10,ClientRead
1786442602882,596.9,32762.7,238.6,7911.8,16354894,79137300,14460856804,5511245,862465.882,6308476607,7,ClientRead
1786442603882,503.5,32791.3,234.5,7913.0,16362590,79179679,14468237835,5513670,862915.909,6311016127,3,WalSync
1786442604883,464.2,32719.1,246.2,7912.8,16370620,79233423,14476387344,5516167,863397.2590000001,6313457343,4,WALWrite
1786442605882,427.4,32725.0,244.9,7911.6,16377900,79276852,14483835548,5518396,863790.1540000001,6316029631,4,WALWrite
1786442606883,426.5,32747.0,243.7,7912.3,16386933,79331769,14492145858,5521379,864312.6,6318585535,6,WALWrite
1786442607883,480.2,32753.1,231.7,7913.5,16395969,79385414,14500232882,5523913,864752.5750000001,6321166015,8,WALWrite
1786442608883,493.2,32781.0,233.5,7912.4,16404051,79431383,14507931687,5527189,865344.7590000001,6323631807,17,WALWrite
1786442609883,492.4,32828.0,223.8,7912.3,16411873,79474283,14515393784,5529808,865864.1810000001,6326056639,6,ClientRead
1786442610886,494.5,32850.0,226.3,7913.3,16420693,79522646,14523143393,5532985,866401.579,6328645311,1,
1786442611883,540.5,32891.6,228.2,7912.2,16427862,79561865,14530416516,5535454,866831.174,6331119295,6,ClientRead
1786442612883,644.1,32899.8,233.2,7914.1,16435752,79627569,14539671273,5538000,867316.816,6333609663,6,ClientRead
1786442613882,497.5,32926.3,231.0,7913.2,16443391,79668943,14546807547,5540392,867770.5850000001,6336083647,7,WalSync
1786442614882,813.1,32839.9,155.1,7914.9,16452812,79730184,14555554777,5543411,868280.552,6338729663,7,ClientRead
1786442615883,777.6,32845.3,142.7,7914.9,16459913,79770950,14562467448,5545359,868666.8559999999,6341269183,9,WALWrite
1786442616883,785.4,32867.4,145.9,7915.7,16470034,79830244,14571076502,5549038,869261.9349999999,6343866047,15,WALWrite
1786442617883,745.4,32874.3,178.1,7915.9,16477855,79874512,14578599144,5551355,869694.299,6346331839,17,WALWrite
1786442618883,499.5,32916.7,214.4,7916.0,16486226,79920548,14586038534,5553517,870118.838,6348830399,11,ClientRead
1786442619883,487.6,32965.8,221.3,7917.5,16493799,79962524,14593318975,5555923,870612.958,6351255231,5,WALWrite
1786442620884,494.5,32971.9,234.3,7916.9,16501676,80007729,14601035946,5558432,871099.241,6353729215,2,
1786442621883,552.7,33037.1,240.7,7916.7,16509636,80052338,14608515487,5560945,871590.751,6356293311,13,WALWrite
1786442622882,621.9,33049.1,228.7,7917.3,16517606,80273402,14626415489,5563300,872056.0310000001,6358677183,13,ClientRead
1786442623883,505.8,33063.0,237.5,7917.3,16525433,80316312,14633672661,5565759,872517.101,6361282239,2,ClientRead
1786442624883,472.5,32976.5,230.1,7917.5,16533738,80366372,14641368925,5568535,873000.464,6363797183,11,WALWrite
1786442625883,430.0,32110.3,230.2,7917.2,16542087,80415847,14648999107,5571207,873476.194,6366295743,11,WALWrite
1786442626883,423.3,32116.7,227.5,7918.0,16551011,80470836,14657128278,5574145,874003.763,6368958143,6,ClientRead
1786442627883,466.4,32124.1,221.0,7918.1,16560012,80524512,14665153379,5577179,874524.8400000001,6371456703,11,WALWrite
1786442628883,486.5,32150.7,212.7,7917.4,16567790,80568164,14672471247,5579883,875024.138,6373963455,8,WALWrite
1786442629882,493.1,32198.3,220.3,7918.3,16575744,80612048,14680075468,5582605,875491.8960000001,6376437439,12,WALWrite
1786442630883,491.1,32203.6,218.1,7917.3,16583729,80655519,14687496481,5585313,875965.4920000001,6378944191,8,WALWrite
1786442631882,536.9,32246.1,226.0,7918.3,16591809,80699931,14695019686,5588126,876444.6170000001,6381475519,11,ClientRead
1786442632883,624.5,32235.0,229.5,7918.1,16599393,80752062,14702957284,5590552,876936.6020000001,6383834815,12,WALWrite
1786442633884,541.1,32292.1,223.1,7918.2,16607150,80794099,14710310635,5593015,877404.903,6386382527,16,WALWrite
1786442634882,820.0,32166.5,232.7,7918.0,16615157,80846003,14718150706,5595640,877894.087,6388790975,3,ClientRead
1786442635883,430.9,32166.8,222.1,7919.2,16622928,80891539,14725481339,5598043,878331.719,6391453375,8,WALWrite
1786442636883,423.1,32172.5,227.5,7918.7,16632089,80947775,14733617551,5601113,878851.346,6394009279,5,ClientRead
1786442637883,472.5,32208.0,224.3,7919.0,16640916,81000470,14741477336,5604002,879371.772,6396516031,3,WALWrite
1786442638883,490.9,32230.9,215.8,7919.1,16649002,81045723,14748893226,5606660,879871.001,6399112895,10,ClientRead
1786442639883,487.0,32251.5,213.7,7919.4,16656963,81089396,14756317778,5609249,880360.752,6401562303,12,WALWrite
1786442640883,492.4,32264.1,220.3,7920.0,16664728,81132014,14763828464,5611709,880859.1410000001,6404003519,4,WALWrite
1786442641882,563.9,32302.2,231.0,7919.9,16672631,81174739,14771070976,5614423,881332.8840000001,6406543039,8,ClientRead
1786442642883,633.1,32329.2,233.4,7919.6,16680661,81240662,14780027713,5616940,881798.8090000001,6409369279,10,WALWrite
1786442643882,524.5,32319.7,217.7,7920.6,16688236,81282226,14787260627,5619366,882266.6370000001,6411892415,8,ClientRead
1786442644882,872.8,32245.6,140.7,7920.6,16696060,81334765,14795018049,5622122,882740.1130000001,6414628543,7,WalSync
1786442645882,853.5,32251.6,125.5,7920.8,16704600,81386031,14802867419,5625341,883253.751,6417348287,13,WALWrite
1786442646883,855.7,32256.6,125.3,7922.7,16713859,81442765,14810979183,5629470,883827.405,6420043455,12,WALWrite
1786442647883,836.3,32267.1,141.5,7923.5,16723144,81497839,14818992593,5633333,884405.192,6422689471,16,WALWrite
1786442648884,624.7,32292.6,221.1,7925.8,16732121,81549171,14827115954,5635740,884874.5360000001,6425196223,13,ClientRead
1786442649883,669.9,32341.4,246.5,7928.4,16741209,81597070,14834730886,5637512,885254.349,6427530943,9,ClientRead
1786442650883,495.5,32346.7,242.8,7927.7,16749464,81642630,14842236767,5639717,885677.0480000001,6430127807,4,ClientRead
1786442651882,539.2,32388.2,236.8,7928.2,16757401,81686798,14849513483,5642447,886133.1570000001,6432716479,17,WALWrite
1786442652884,641.3,32403.7,239.9,7927.6,16765312,81730744,14856914144,5645057,886622.346,6435206847,13,ClientRead
1786442653883,532.7,32403.5,249.3,7927.1,16773176,81951588,14874690277,5647510,887107.0900000001,6437713599,4,ClientRead
1786442654884,477.1,32302.6,232.6,7927.7,16781517,82001156,14882498971,5650247,887577.1710000001,6440326847,8,ClientRead
1786442655883,416.5,32308.0,238.1,7928.3,16789883,82050742,14890176453,5652981,888048.6520000001,6442776255,5,ClientRead
1786442656883,426.4,32313.4,237.5,7927.4,16798607,82104298,14898191238,5655827,888584.3,6445455039,15,WALWrite
1786442657883,484.6,32348.8,244.6,7927.8,16807164,82156124,14905887372,5658756,889103.884,6447945407,9,ClientRead
1786442658883,513.1,32372.7,236.4,7928.2,16815099,82201390,14913344974,5661317,889624.647,6450435775,7,WALWrite
1786442659883,507.7,32395.9,223.1,7927.4,16823153,82245307,14920535802,5664040,890090.377,6452991679,7,ClientRead
1786442660884,499.6,32405.7,230.8,7928.3,16831068,82289020,14927838229,5666688,890564.124,6455473855,7,WALWrite
1786442661883,550.4,32450.4,230.5,7929.9,16839046,82332812,14935233270,5669369,891037.3870000001,6458005183,8,ClientRead
1786442662884,608.7,32438.3,221.9,7927.7,16846921,82386153,14943430488,5671853,891521.548,6460421823,13,ClientRead
1786442663882,501.9,32485.8,219.5,7929.0,16854621,82428379,14950502942,5674464,891989.197,6462912191,10,ClientRead
1786442664883,473.2,32409.4,225.9,7930.1,16862630,82480721,14958379706,5677102,892453.5850000001,6465484479,5,ClientRead
1786442665883,422.7,32415.4,226.1,7928.6,16871241,82532076,14966195457,5679861,892934.102,6468056767,8,ClientRead
1786442666884,426.5,32420.4,232.1,7929.6,16880146,82586799,14973910195,5682905,893436.845,6470653631,8,WALWrite
1786442667884,479.2,32429.3,223.9,7929.2,16889539,82643092,14982427766,5686040,893975.028,6473184959,6,WALWrite
1786442668885,503.3,32455.3,242.8,7928.8,16897868,82690047,14989934076,5688836,894477.479,6475642559,6,ClientRead
1786442669883,513.5,32504.4,257.0,7929.8,16906138,82734706,14997115697,5691577,894950.942,6478272191,5,ClientRead
1786442670883,514.0,32509.0,256.0,7929.6,16915069,82783646,15004893101,5694514,895424.461,6480893631,10,ClientRead
1786442671883,558.3,32552.3,258.5,7929.7,16923803,82831705,15012610785,5697404,895917.057,6483613375,21,WALWrite
1786442672883,654.6,32554.6,251.3,7930.0,16932314,82899931,15021979925,5700062,896388.9130000001,6486152895,11,ClientRead
1786442673883,522.8,32536.9,246.2,7930.6,16940395,82944424,15029204220,5702607,896854.1440000001,6488774335,10,WALWrite
1786442674883,783.6,32465.8,226.7,7946.5,16948796,82996948,15039634524,5705469,897387.26,6490838719,10,WALWrite
1786442675883,772.6,32470.1,183.0,7947.4,16956657,83030129,15057107793,5707889,897889.5930000001,6492952255,14,WALWrite
1786442676883,781.5,32474.6,184.9,7948.3,16965508,83066458,15077626245,5710939,898415.957,6495000255,17,ClientRead
1786442677883,709.7,32480.1,224.1,7948.4,16974367,83102891,15096625126,5713673,898879.753,6497138367,15,ClientRead
1786442678884,529.8,32505.7,275.3,7948.5,16983204,83138815,15113874243,5715868,899329.9090000001,6499260095,14,ClientRead
1786442679883,491.6,32531.1,273.0,7949.5,16991762,83172502,15132055395,5718644,899813.623,6501291711,7,WALWrite
1786442680882,494.6,32559.3,271.8,7949.0,17000306,83206222,15150188789,5721484,900309.6510000001,6503454399,6,ClientRead
1786442681883,526.4,32583.1,266.6,7949.0,17008535,83238987,15167395043,5724261,900782.91,6505526975,9,ClientRead
1786442682885,618.3,32590.3,271.7,7948.4,17016159,83285195,15183801372,5726767,901255.763,6507861695,11,ClientRead
1786442683884,497.1,32612.5,266.7,7948.4,17024374,83318051,15200595970,5729523,901699.721,6510024383,14,ClientRead
1786442684883,488.3,32512.0,280.6,7949.6,17032587,83361427,15218075065,5732278,902185.598,6512047807,5,WalSync
1786442685883,406.1,32516.2,268.4,7948.7,17041172,83397940,15235507927,5734875,902691.4460000001,6514112191,5,WALWrite
1786442686884,410.2,32520.2,277.2,7948.8,17050196,83437053,15254012026,5737802,903226.589,6516201151,9,ClientRead
1786442687883,465.6,32528.1,274.7,7948.2,17059242,83475624,15272456977,5740736,903739.164,6518257343,8,WALWrite
1786442688884,488.4,32553.5,272.8,7949.0,17067510,83508985,15288171975,5743417,904257.715,6520362687,10,WALWrite
1786442689882,491.8,32600.7,275.7,7949.2,17075542,83541056,15303861288,5745929,904754.268,6522435263,8,WALWrite
1786442690883,488.7,32604.5,275.0,7948.5,17083964,83574200,15319985321,5748570,905235.739,6524475071,6,WALWrite
1786442691883,540.9,32653.3,274.2,7948.6,17092136,83606473,15335587449,5751188,905720.493,6526596799,7,WALWrite
1786442692883,568.1,32635.5,271.0,7947.8,17099855,83648833,15350682161,5753628,906213.743,6528702143,6,WALWrite
1786442693883,479.9,32658.3,264.4,7949.0,17107960,83681376,15365965945,5756315,906690.465,6530815679,7,WALWrite
1786442694884,444.7,32557.0,266.3,7948.0,17116137,83723637,15381650764,5758849,907175.122,6532871871,8,WALWrite
1786442695882,711.3,32605.4,278.5,7948.8,17124358,83769631,15397858637,5761407,907656.143,6534977215,13,WALWrite
1786442696882,487.4,32566.2,267.3,7949.1,17132216,83806525,15412736473,5763773,908144.083,6537008831,2,ClientRead
1786442697883,453.9,32574.1,258.3,7948.9,17141140,83843584,15429203201,5766682,908677.8680000001,6539130559,12,WALWrite
1786442698883,484.2,32598.2,260.2,7949.1,17149396,83876538,15444110296,5769457,909193.9400000001,6541252287,8,WALWrite
1786442699883,486.3,32623.6,266.4,7948.9,17157567,83908817,15458459185,5772167,909698.665,6543374015,7,ClientRead
1786442700883,486.0,32651.8,268.9,7948.1,17165540,83940562,15472602556,5774876,910166.1860000001,6545405631,12,WALWrite
1786442701883,532.0,32677.2,258.2,7948.6,17173724,83973829,15487420029,5777595,910678.077,6547609279,17,ClientRead
1786442702883,619.0,32716.7,282.4,7948.8,17181420,84015740,15501800709,5779986,911161.16,6549886655,3,ClientRead
1786442703883,518.1,32690.5,273.4,7947.6,17189521,84048213,15515688049,5782655,911653.2220000001,6551983807,15,WALWrite
1786442704882,822.2,32604.5,200.2,7948.1,17197953,84084400,15530252968,5785330,912135.2430000001,6554072767,7,ClientRead
1786442705883,788.6,32608.8,189.4,7948.7,17206534,84119504,15545572124,5788063,912625.6780000001,6556186303,17,WALWrite
1786442706882,781.2,32613.6,186.1,7949.0,17215038,84154054,15560709438,5791060,913117.932,6558299839,14,ClientRead
1786442707883,738.1,32618.0,208.0,7949.8,17223797,84190194,15576043657,5794005,913626.9180000001,6560364223,14,ClientRead
1786442708883,549.8,32626.6,261.9,7950.6,17232302,84225320,15588687518,5796184,914072.91,6562494143,13,ClientRead
1786442709882,478.7,32651.9,258.3,7949.8,17240338,84257716,15601967581,5798663,914551.451,6564566719,9,ClientRead
1786442710883,325.9,32677.1,86.0,7947.7,17249767,84284614,15617888211,5803872,915066.2960000001,6564755135,2,
1786442711883,322.6,32722.4,45.1,7947.9,17265440,84339099,15644948338,5813398,915866.4870000001,6564755135,4,WALWrite
1786442712881,295.2,32703.5,38.1,7947.4,17281982,84385476,15670847463,5823507,916687.446,6564755135,5,ClientRead
