[2026-06-04 10:01:30.644] [info] Queen C++ Message Queue Server (Acceptor/Worker Pattern)
[2026-06-04 10:01:30.644] [info] Configuration:
[2026-06-04 10:01:30.644] [info]   - Host: 0.0.0.0
[2026-06-04 10:01:30.644] [info]   - Port: 6632
[2026-06-04 10:01:30.644] [info]   - Database: postgres:5432/postgres
[2026-06-04 10:01:30.644] [warning] Encryption disabled - QUEEN_ENCRYPTION_KEY not set
[2026-06-04 10:01:30.644] [info] Encryption: disabled
[2026-06-04 10:01:30.644] [info] JWT Authentication: DISABLED
[2026-06-04 10:01:30.644] [info] Starting acceptor/worker pattern with 10 workers (hardware cores: 32)
[2026-06-04 10:01:30.644] [info] [Worker 0] Starting...
[2026-06-04 10:01:30.644] [info] Initializing GLOBAL shared resources (ASYNC-ONLY MODE):
[2026-06-04 10:01:30.644] [info]   - Total DB connections: 47 (95% of 50) - ALL ASYNC
[2026-06-04 10:01:30.644] [info]   - DB ThreadPool size: 15 = 10 workers + 5 service
[2026-06-04 10:01:30.644] [info]     * Queen instances: 10 (one per HTTP worker, each with own event loop)
[2026-06-04 10:01:30.644] [info]     * Service DB threads: 5 (metrics, retention, eviction)
[2026-06-04 10:01:30.644] [info]   - System ThreadPool threads: 4 (for background service scheduling)
[2026-06-04 10:01:30.644] [info]   - Number of HTTP workers: 10
[2026-06-04 10:01:30.644] [info]   - Creating Async DB Pool (47 connections) for ALL operations
[2026-06-04 10:01:30.644] [info] [Worker 1] Starting...
[2026-06-04 10:01:30.644] [info] [Worker 2] Starting...
[2026-06-04 10:01:30.644] [info] [AsyncDbPool] Initializing 47 async connections...
[2026-06-04 10:01:30.645] [info] [Worker 3] Starting...
[2026-06-04 10:01:30.645] [info] [Worker 4] Starting...
[2026-06-04 10:01:30.645] [info] [Worker 5] Starting...
[2026-06-04 10:01:30.645] [info] [Worker 6] Starting...
[2026-06-04 10:01:30.645] [info] [Worker 7] Starting...
[2026-06-04 10:01:30.645] [info] [Worker 8] Starting...
[2026-06-04 10:01:30.645] [info] Waiting for workers to initialize...
[2026-06-04 10:01:30.645] [info] [Worker 9] Starting...
[2026-06-04 10:01:31.037] [info] [AsyncDbPool] Initialization complete. 47 connections ready.
[2026-06-04 10:01:31.038] [info]   - Created response queue for worker 0 (poll workers)
[2026-06-04 10:01:31.038] [info]   - Created response queue for worker 1 (poll workers)
[2026-06-04 10:01:31.038] [info]   - Created response queue for worker 2 (poll workers)
[2026-06-04 10:01:31.038] [info]   - Created response queue for worker 3 (poll workers)
[2026-06-04 10:01:31.038] [info]   - Created response queue for worker 4 (poll workers)
[2026-06-04 10:01:31.038] [info]   - Created response queue for worker 5 (poll workers)
[2026-06-04 10:01:31.038] [info]   - Created response queue for worker 6 (poll workers)
[2026-06-04 10:01:31.038] [info]   - Created response queue for worker 7 (poll workers)
[2026-06-04 10:01:31.038] [info]   - Created response queue for worker 8 (poll workers)
[2026-06-04 10:01:31.038] [info]   - Created response queue for worker 9 (poll workers)
[2026-06-04 10:01:31.038] [info]   - Per-worker Queen instances will be created in each worker thread
[2026-06-04 10:01:31.038] [info]   - Created response registry for worker 0 (lock-free across workers)
[2026-06-04 10:01:31.038] [info]   - Created response registry for worker 1 (lock-free across workers)
[2026-06-04 10:01:31.038] [info]   - Created response registry for worker 2 (lock-free across workers)
[2026-06-04 10:01:31.038] [info]   - Created response registry for worker 3 (lock-free across workers)
[2026-06-04 10:01:31.038] [info]   - Created response registry for worker 4 (lock-free across workers)
[2026-06-04 10:01:31.038] [info]   - Created response registry for worker 5 (lock-free across workers)
[2026-06-04 10:01:31.038] [info]   - Created response registry for worker 6 (lock-free across workers)
[2026-06-04 10:01:31.038] [info]   - Created response registry for worker 7 (lock-free across workers)
[2026-06-04 10:01:31.038] [info]   - Created response registry for worker 8 (lock-free across workers)
[2026-06-04 10:01:31.038] [info]   - Created response registry for worker 9 (lock-free across workers)
[2026-06-04 10:01:31.038] [info] SharedStateManager: Disabled (no UDP peers or sync disabled)
[2026-06-04 10:01:31.038] [info] Shared State Manager configured: Sync disabled, queue config cache will be active
[2026-06-04 10:01:31.038] [info] System info: hostname=c932ee286edc, port=6632
[2026-06-04 10:01:31.038] [info] Global shared resources initialized successfully
[2026-06-04 10:01:31.038] [info] [Worker 0] Using GLOBAL shared ThreadPool and Async Database Pool
[2026-06-04 10:01:31.038] [info] [Worker 6] Using GLOBAL shared ThreadPool and Async Database Pool
[2026-06-04 10:01:31.038] [info] [Worker 2] Using GLOBAL shared ThreadPool and Async Database Pool
[2026-06-04 10:01:31.038] [info] [Worker 5] Using GLOBAL shared ThreadPool and Async Database Pool
[2026-06-04 10:01:31.038] [info] [Worker 1] Using GLOBAL shared ThreadPool and Async Database Pool
[2026-06-04 10:01:31.038] [info] [Worker 3] Using GLOBAL shared ThreadPool and Async Database Pool
[2026-06-04 10:01:31.038] [info] [Worker 4] Using GLOBAL shared ThreadPool and Async Database Pool
[2026-06-04 10:01:31.038] [info] [Worker 7] Using GLOBAL shared ThreadPool and Async Database Pool
[2026-06-04 10:01:31.038] [info] [Worker 9] Using GLOBAL shared ThreadPool and Async Database Pool
[2026-06-04 10:01:31.038] [info] [Worker 8] Using GLOBAL shared ThreadPool and Async Database Pool
[2026-06-04 10:01:31.039] [info] [Worker 0] Database connection: OK | Pool: 38/47 conn available
[2026-06-04 10:01:31.039] [info] [Worker 0] Initializing database schema...
[2026-06-04 10:01:31.039] [info] [Worker 6] Database connection: OK | Pool: 40/47 conn available
[2026-06-04 10:01:31.039] [info] [Worker 2] Database connection: OK | Pool: 39/47 conn available
[2026-06-04 10:01:31.039] [info] [Worker 2] Waiting for shared file buffer from Worker 0...
[2026-06-04 10:01:31.039] [info] [Worker 6] Waiting for shared file buffer from Worker 0...
[2026-06-04 10:01:31.039] [info] [Worker 3] Database connection: OK | Pool: 40/47 conn available
[2026-06-04 10:01:31.039] [info] [Worker 3] Waiting for shared file buffer from Worker 0...
[2026-06-04 10:01:31.039] [info] [Worker 5] Database connection: OK | Pool: 41/47 conn available
[2026-06-04 10:01:31.039] [info] [Worker 5] Waiting for shared file buffer from Worker 0...
[2026-06-04 10:01:31.039] [info] [Worker 4] Database connection: OK | Pool: 42/47 conn available
[2026-06-04 10:01:31.039] [info] [Worker 4] Waiting for shared file buffer from Worker 0...
[2026-06-04 10:01:31.039] [info] [Worker 7] Database connection: OK | Pool: 43/47 conn available
[2026-06-04 10:01:31.039] [info] [Worker 7] Waiting for shared file buffer from Worker 0...
[2026-06-04 10:01:31.039] [info] [Worker 1] Database connection: OK | Pool: 44/47 conn available
[2026-06-04 10:01:31.039] [info] [Worker 1] Waiting for shared file buffer from Worker 0...
[2026-06-04 10:01:31.039] [info] [Worker 9] Database connection: OK | Pool: 45/47 conn available
[2026-06-04 10:01:31.039] [info] [Worker 9] Waiting for shared file buffer from Worker 0...
[2026-06-04 10:01:31.039] [info] [Worker 8] Database connection: OK | Pool: 46/47 conn available
[2026-06-04 10:01:31.039] [info] [Worker 8] Waiting for shared file buffer from Worker 0...
[2026-06-04 10:01:31.039] [info] Initializing schema: queen
[2026-06-04 10:01:31.040] [info] Running base schema initialization...
NOTICE:  schema "queen" already exists, skipping
NOTICE:  column "producer_sub" of relation "messages" already exists, skipping
NOTICE:  index "idx_messages_transaction_id" does not exist, skipping
NOTICE:  index "idx_messages_txn_partition" does not exist, skipping
NOTICE:  trigger "trg_update_partition_lookup" for relation "queen.messages" does not exist, skipping
NOTICE:  function queen.pop_unified_batch_v2_noorder(jsonb) does not exist, skipping
[2026-06-04 10:01:31.075] [info] Base schema applied successfully
[2026-06-04 10:01:31.075] [info] Loading 25 stored procedure(s)...
NOTICE:  function queen.is_stats_leader(text) does not exist, skipping
NOTICE:  trigger "trg_update_worker_metrics_summary" for relation "queen.worker_metrics" does not exist, skipping
NOTICE:  trigger "trg_partitions_created_counter" for relation "queen.partitions" does not exist, skipping
NOTICE:  trigger "trg_partitions_deleted_counter" for relation "queen.partitions" does not exist, skipping
[2026-06-04 10:01:31.125] [info] [Worker 0] Starting Shared State Manager...
[2026-06-04 10:01:31.125] [info] SharedStateManager: Loading queue configs and maintenance modes from database...
[2026-06-04 10:01:31.128] [info] SharedStateManager: Sync disabled, but queue config cache is available
[2026-06-04 10:01:31.128] [info] [Worker 0] Registered MESSAGE_AVAILABLE callback for Queen instances
[2026-06-04 10:01:31.128] [info] [Worker 0] Starting background metrics collector (sample: 1000ms, aggregate: 60s)...
[2026-06-04 10:01:31.128] [info] MetricsCollector started: hostname=c932ee286edc, port=6632, worker=cpp-worker-1, sampling every 1000ms, aggregating every 60s
[2026-06-04 10:01:31.128] [info] [Worker 0] Starting background retention service...
[2026-06-04 10:01:31.128] [info] RetentionService started: interval=300000ms, batch_size=1000, partition_cleanup_days=30, metrics_retention_days=90
[2026-06-04 10:01:31.128] [info] [Worker 0] Starting background eviction service...
[2026-06-04 10:01:31.128] [info] EvictionService started: interval=60000ms, batch_size=1000
[2026-06-04 10:01:31.128] [info] [Worker 0] Starting background stats service...
[2026-06-04 10:01:31.128] [info] StatsService started (queue/partition counts only): interval=10000ms, reconcile_interval=120000ms
[2026-06-04 10:01:31.128] [info] [Worker 0] Starting background partition_lookup reconcile service...
[2026-06-04 10:01:31.128] [info] RetentionService: Running cleanup cycle
[2026-06-04 10:01:31.128] [info] PartitionLookupReconcileService started (stats-leader gated): interval=5000ms, lookback=60s, hostname=c932ee286edc
[2026-06-04 10:01:31.128] [info] [Worker 0] Creating SHARED file buffer manager (dir=/var/lib/queen/buffers)...
[2026-06-04 10:01:31.128] [info] FileBufferManager initializing: dir=/var/lib/queen/buffers, recovery=true
[2026-06-04 10:01:31.128] [info] StatsService: Running initial queue/partition stats refresh...
[2026-06-04 10:01:31.128] [info] Creating buffer directory: /var/lib/queen/buffers
[2026-06-04 10:01:31.129] [info] RetentionService: cycle completed in 0ms
[2026-06-04 10:01:31.131] [info] Creating failed directory: /var/lib/queen/buffers/failed
[2026-06-04 10:01:31.131] [info] Buffer directories ready: /var/lib/queen/buffers
[2026-06-04 10:01:31.131] [info] Starting recovery of buffered events...
[2026-06-04 10:01:31.131] [info] Starting recovery (max 3600s to avoid blocking server startup)...
[2026-06-04 10:01:31.131] [info] Phase 1: Recovering failover events (FIFO order)...
[2026-06-04 10:01:31.131] [info] Phase 2: Recovering QoS 0 events (batched)...
[2026-06-04 10:01:31.131] [info] Startup recovery completed in 0ms: failover=0, qos0=0
[2026-06-04 10:01:31.131] [info] Recovery complete
[2026-06-04 10:01:31.131] [info] Buffer files initialized successfully
[2026-06-04 10:01:31.131] [info] FileBufferManager ready
[2026-06-04 10:01:31.131] [info] [Worker 0] File buffer ready - Pending: 0, Failed: 0, DB: healthy
[2026-06-04 10:01:31.131] [info] [Worker 0] Sharing file buffer with other workers...
[2026-06-04 10:01:31.131] [info] [Worker 0] File buffer shared successfully
[2026-06-04 10:01:31.131] [info] Background processor thread started
[2026-06-04 10:01:31.131] [info] [Worker 3] Using shared file buffer from Worker 0
[2026-06-04 10:01:31.131] [info] [Worker 8] Using shared file buffer from Worker 0
[2026-06-04 10:01:31.131] [info] [Worker 2] Using shared file buffer from Worker 0
[2026-06-04 10:01:31.131] [info] [Worker 6] Using shared file buffer from Worker 0
[2026-06-04 10:01:31.131] [info] [Worker 1] Using shared file buffer from Worker 0
[2026-06-04 10:01:31.131] [info] [Worker 1] File buffer connected to async queue manager for maintenance mode
[2026-06-04 10:01:31.131] [info] [Worker 1] Creating uWS::App...
[2026-06-04 10:01:31.131] [info] [Worker 9] Using shared file buffer from Worker 0
[2026-06-04 10:01:31.131] [info] [Worker 9] File buffer connected to async queue manager for maintenance mode
[2026-06-04 10:01:31.131] [info] [Worker 9] Creating uWS::App...
[2026-06-04 10:01:31.131] [info] [Worker 8] File buffer connected to async queue manager for maintenance mode
[2026-06-04 10:01:31.131] [info] [Worker 8] Creating uWS::App...
[2026-06-04 10:01:31.131] [info] [Worker 4] Using shared file buffer from Worker 0
[2026-06-04 10:01:31.131] [info] [Worker 4] File buffer connected to async queue manager for maintenance mode
[2026-06-04 10:01:31.131] [info] [Worker 4] Creating uWS::App...
[2026-06-04 10:01:31.131] [info] [Worker 3] File buffer connected to async queue manager for maintenance mode
[2026-06-04 10:01:31.131] [info] [Worker 3] Creating uWS::App...
[2026-06-04 10:01:31.131] [info] [Worker 5] Using shared file buffer from Worker 0
[2026-06-04 10:01:31.131] [info] [Worker 5] File buffer connected to async queue manager for maintenance mode
[2026-06-04 10:01:31.131] [info] [Worker 5] Creating uWS::App...
[2026-06-04 10:01:31.131] [info] [Worker 2] File buffer connected to async queue manager for maintenance mode
[2026-06-04 10:01:31.131] [info] [Worker 2] Creating uWS::App...
[2026-06-04 10:01:31.131] [info] [Worker 7] Using shared file buffer from Worker 0
[2026-06-04 10:01:31.131] [info] [Worker 7] File buffer connected to async queue manager for maintenance mode
[2026-06-04 10:01:31.131] [info] [Worker 7] Creating uWS::App...
[2026-06-04 10:01:31.131] [info] [Worker 6] File buffer connected to async queue manager for maintenance mode
[2026-06-04 10:01:31.131] [info] [Worker 6] Creating uWS::App...
[2026-06-04 10:01:31.131] [info] [Worker 0] File buffer connected to async queue manager for maintenance mode
[2026-06-04 10:01:31.131] [info] [Worker 0] Creating uWS::App...
[2026-06-04 10:01:31.131] [info] StatsService: Running full reconciliation (stats leader, hostname=c932ee286edc)
[2026-06-04 10:01:31.138] [info] [Worker 4] Creating per-worker Queen instance (25 connections, total pool split across 10 workers)...
[2026-06-04 10:01:31.138] [info] [Worker 1] Creating per-worker Queen instance (25 connections, total pool split across 10 workers)...
[2026-06-04 10:01:31.138] [info] [Worker 0] Creating per-worker Queen instance (25 connections, total pool split across 10 workers)...
[2026-06-04 10:01:31.138] [info] [Worker 9] Creating per-worker Queen instance (25 connections, total pool split across 10 workers)...
[2026-06-04 10:01:31.138] [info] [Worker 7] Creating per-worker Queen instance (25 connections, total pool split across 10 workers)...
[2026-06-04 10:01:31.138] [info] [Worker 5] Creating per-worker Queen instance (25 connections, total pool split across 10 workers)...
[2026-06-04 10:01:31.138] [info] [Worker 8] Creating per-worker Queen instance (25 connections, total pool split across 10 workers)...
[2026-06-04 10:01:31.138] [info] [Worker 6] Creating per-worker Queen instance (25 connections, total pool split across 10 workers)...
[2026-06-04 10:01:31.138] [info] [Worker 3] Creating per-worker Queen instance (25 connections, total pool split across 10 workers)...
[2026-06-04 10:01:31.138] [info] [Worker 2] Creating per-worker Queen instance (25 connections, total pool split across 10 workers)...
[2026-06-04 10:01:31.145] [info] StatsService: Full reconciliation complete: {"task": {"tasksUpdated": 0}, "queue": {"queuesUpdated": 0}, "system": {"systemUpdated": 1}, "cleanup": {"orphanedDeleted": 0}, "namespace": {"namespacesUpdated": 0}, "partition": {"newPartitions": 0, "partitionsUpdated": 0, "dirtyPartitionsScanned": 0, "partitionsSkippedByWatermark": 0}}
[2026-06-04 10:01:31.639] [info] [Worker 4] Queen instance ready with 25 connections
[2026-06-04 10:01:31.639] [info] [Worker 4] Registered Queen instance for UDP notifications
[2026-06-04 10:01:31.639] [info] [Worker 4] Setting up routes...
[2026-06-04 10:01:31.639] [warning] [Worker 4] Webapp directory not found - Static file serving disabled
[2026-06-04 10:01:31.639] [warning] [Worker 4] Searched: ./webapp/dist, ../webapp/dist, ../../webapp/dist
[2026-06-04 10:01:31.639] [warning] [Worker 4] Set WEBAPP_ROOT environment variable to override
[2026-06-04 10:01:31.639] [info] [Worker 4] Routes configured
[2026-06-04 10:01:31.639] [info] [Worker 4] Registered with acceptor
[2026-06-04 10:01:31.639] [info] [Worker 4] Event loop ready to receive adopted sockets from acceptor
[2026-06-04 10:01:31.639] [info] [Worker 4] Setting up response timer...
[2026-06-04 10:01:31.639] [info] [Worker 4] Response timer configured: 25ms interval, batch size 100-500
[2026-06-04 10:01:31.639] [info] [Worker 5] Queen instance ready with 25 connections
[2026-06-04 10:01:31.639] [info] [Worker 6] Queen instance ready with 25 connections
[2026-06-04 10:01:31.639] [info] [Worker 6] Registered Queen instance for UDP notifications
[2026-06-04 10:01:31.639] [info] [Worker 6] Setting up routes...
[2026-06-04 10:01:31.639] [info] [Worker 3] Queen instance ready with 25 connections
[2026-06-04 10:01:31.639] [info] [Worker 3] Registered Queen instance for UDP notifications
[2026-06-04 10:01:31.639] [info] [Worker 3] Setting up routes...
[2026-06-04 10:01:31.639] [info] [Worker 2] Queen instance ready with 25 connections
[2026-06-04 10:01:31.639] [info] [Worker 2] Registered Queen instance for UDP notifications
[2026-06-04 10:01:31.639] [info] [Worker 2] Setting up routes...
[2026-06-04 10:01:31.639] [info] [Worker 8] Queen instance ready with 25 connections
[2026-06-04 10:01:31.639] [info] [Worker 8] Registered Queen instance for UDP notifications
[2026-06-04 10:01:31.639] [info] [Worker 8] Setting up routes...
[2026-06-04 10:01:31.639] [info] [Worker 9] Queen instance ready with 25 connections
[2026-06-04 10:01:31.639] [info] [Worker 9] Registered Queen instance for UDP notifications
[2026-06-04 10:01:31.639] [info] [Worker 9] Setting up routes...
[2026-06-04 10:01:31.639] [warning] [Worker 6] Webapp directory not found - Static file serving disabled
[2026-06-04 10:01:31.639] [warning] [Worker 6] Searched: ./webapp/dist, ../webapp/dist, ../../webapp/dist
[2026-06-04 10:01:31.639] [warning] [Worker 6] Set WEBAPP_ROOT environment variable to override
[2026-06-04 10:01:31.639] [info] [Worker 6] Routes configured
[2026-06-04 10:01:31.639] [info] [Worker 6] Registered with acceptor
[2026-06-04 10:01:31.639] [info] [Worker 1] Queen instance ready with 25 connections
[2026-06-04 10:01:31.639] [info] [Worker 1] Registered Queen instance for UDP notifications
[2026-06-04 10:01:31.639] [info] [Worker 1] Setting up routes...
[2026-06-04 10:01:31.639] [info] [Worker 6] Event loop ready to receive adopted sockets from acceptor
[2026-06-04 10:01:31.639] [warning] [Worker 9] Webapp directory not found - Static file serving disabled
[2026-06-04 10:01:31.639] [warning] [Worker 9] Searched: ./webapp/dist, ../webapp/dist, ../../webapp/dist
[2026-06-04 10:01:31.639] [info] [Worker 0] Queen instance ready with 25 connections
[2026-06-04 10:01:31.639] [info] [Worker 0] Registered Queen instance for UDP notifications
[2026-06-04 10:01:31.639] [info] [Worker 0] Setting up routes...
[2026-06-04 10:01:31.639] [info] [Worker 6] Setting up response timer...
[2026-06-04 10:01:31.639] [info] [Worker 6] Response timer configured: 25ms interval, batch size 100-500
[2026-06-04 10:01:31.639] [warning] [Worker 9] Set WEBAPP_ROOT environment variable to override
[2026-06-04 10:01:31.639] [info] [Worker 9] Routes configured
[2026-06-04 10:01:31.639] [info] [Worker 9] Registered with acceptor
[2026-06-04 10:01:31.639] [warning] [Worker 8] Webapp directory not found - Static file serving disabled
[2026-06-04 10:01:31.639] [warning] [Worker 8] Searched: ./webapp/dist, ../webapp/dist, ../../webapp/dist
[2026-06-04 10:01:31.639] [warning] [Worker 8] Set WEBAPP_ROOT environment variable to override
[2026-06-04 10:01:31.639] [info] [Worker 8] Routes configured
[2026-06-04 10:01:31.639] [info] [Worker 8] Registered with acceptor
[2026-06-04 10:01:31.639] [info] [Worker 9] Event loop ready to receive adopted sockets from acceptor
[2026-06-04 10:01:31.639] [info] [Worker 9] Setting up response timer...
[2026-06-04 10:01:31.639] [info] [Worker 9] Response timer configured: 25ms interval, batch size 100-500
[2026-06-04 10:01:31.639] [info] [Worker 8] Event loop ready to receive adopted sockets from acceptor
[2026-06-04 10:01:31.639] [info] [Worker 8] Setting up response timer...
[2026-06-04 10:01:31.640] [info] [Worker 8] Response timer configured: 25ms interval, batch size 100-500
[2026-06-04 10:01:31.640] [warning] [Worker 0] Webapp directory not found - Static file serving disabled
[2026-06-04 10:01:31.640] [warning] [Worker 0] Searched: ./webapp/dist, ../webapp/dist, ../../webapp/dist
[2026-06-04 10:01:31.640] [warning] [Worker 0] Set WEBAPP_ROOT environment variable to override
[2026-06-04 10:01:31.640] [info] [Worker 0] Routes configured
[2026-06-04 10:01:31.640] [info] [Worker 0] Registered with acceptor
[2026-06-04 10:01:31.640] [info] [Worker 0] Event loop ready to receive adopted sockets from acceptor
[2026-06-04 10:01:31.640] [info] [Worker 0] Setting up response timer...
[2026-06-04 10:01:31.640] [info] [Worker 0] Response timer configured: 25ms interval, batch size 100-500
[2026-06-04 10:01:31.639] [warning] [Worker 3] Webapp directory not found - Static file serving disabled
[2026-06-04 10:01:31.640] [warning] [Worker 3] Searched: ./webapp/dist, ../webapp/dist, ../../webapp/dist
[2026-06-04 10:01:31.640] [warning] [Worker 3] Set WEBAPP_ROOT environment variable to override
[2026-06-04 10:01:31.640] [info] [Worker 3] Routes configured
[2026-06-04 10:01:31.640] [info] [Worker 3] Registered with acceptor
[2026-06-04 10:01:31.640] [info] [Worker 3] Event loop ready to receive adopted sockets from acceptor
[2026-06-04 10:01:31.640] [info] [Worker 3] Setting up response timer...
[2026-06-04 10:01:31.640] [info] [Worker 3] Response timer configured: 25ms interval, batch size 100-500
[2026-06-04 10:01:31.639] [info] [Worker 5] Registered Queen instance for UDP notifications
[2026-06-04 10:01:31.640] [info] [Worker 5] Setting up routes...
[2026-06-04 10:01:31.640] [info] [Worker 7] Queen instance ready with 25 connections
[2026-06-04 10:01:31.640] [info] [Worker 7] Registered Queen instance for UDP notifications
[2026-06-04 10:01:31.640] [info] [Worker 7] Setting up routes...
[2026-06-04 10:01:31.640] [warning] [Worker 1] Webapp directory not found - Static file serving disabled
[2026-06-04 10:01:31.639] [warning] [Worker 2] Webapp directory not found - Static file serving disabled
[2026-06-04 10:01:31.640] [warning] [Worker 2] Searched: ./webapp/dist, ../webapp/dist, ../../webapp/dist
[2026-06-04 10:01:31.640] [warning] [Worker 2] Set WEBAPP_ROOT environment variable to override
[2026-06-04 10:01:31.640] [warning] [Worker 1] Searched: ./webapp/dist, ../webapp/dist, ../../webapp/dist
[2026-06-04 10:01:31.640] [warning] [Worker 1] Set WEBAPP_ROOT environment variable to override
[2026-06-04 10:01:31.640] [info] [Worker 1] Routes configured
[2026-06-04 10:01:31.640] [info] [Worker 2] Routes configured
[2026-06-04 10:01:31.640] [warning] [Worker 7] Webapp directory not found - Static file serving disabled
[2026-06-04 10:01:31.640] [warning] [Worker 7] Searched: ./webapp/dist, ../webapp/dist, ../../webapp/dist
[2026-06-04 10:01:31.640] [warning] [Worker 7] Set WEBAPP_ROOT environment variable to override
[2026-06-04 10:01:31.640] [info] [Worker 7] Routes configured
[2026-06-04 10:01:31.640] [warning] [Worker 5] Webapp directory not found - Static file serving disabled
[2026-06-04 10:01:31.640] [warning] [Worker 5] Searched: ./webapp/dist, ../webapp/dist, ../../webapp/dist
[2026-06-04 10:01:31.640] [warning] [Worker 5] Set WEBAPP_ROOT environment variable to override
[2026-06-04 10:01:31.640] [info] [Worker 5] Routes configured
[2026-06-04 10:01:31.640] [info] [Worker 1] Registered with acceptor
[2026-06-04 10:01:31.640] [info] [Worker 1] Event loop ready to receive adopted sockets from acceptor
[2026-06-04 10:01:31.640] [info] [Worker 1] Setting up response timer...
[2026-06-04 10:01:31.640] [info] [Worker 1] Response timer configured: 25ms interval, batch size 100-500
[2026-06-04 10:01:31.640] [info] [Worker 2] Registered with acceptor
[2026-06-04 10:01:31.640] [info] [Worker 7] Registered with acceptor
[2026-06-04 10:01:31.640] [info] [Worker 5] Registered with acceptor
[2026-06-04 10:01:31.640] [info] [Worker 7] Event loop ready to receive adopted sockets from acceptor
[2026-06-04 10:01:31.640] [info] [Worker 5] Event loop ready to receive adopted sockets from acceptor
[2026-06-04 10:01:31.640] [info] [Worker 5] Setting up response timer...
[2026-06-04 10:01:31.640] [info] [Worker 5] Response timer configured: 25ms interval, batch size 100-500
[2026-06-04 10:01:31.640] [info] [Worker 7] Setting up response timer...
[2026-06-04 10:01:31.640] [info] [Worker 7] Response timer configured: 25ms interval, batch size 100-500
[2026-06-04 10:01:31.640] [info] [Worker 2] Event loop ready to receive adopted sockets from acceptor
[2026-06-04 10:01:31.640] [info] [Worker 2] Setting up response timer...
[2026-06-04 10:01:31.640] [info] [Worker 2] Response timer configured: 25ms interval, batch size 100-500
[2026-06-04 10:01:31.646] [info] All 10 workers initialized in 1001ms
[2026-06-04 10:01:31.646] [info] Creating acceptor app...
[2026-06-04 10:01:31.646] [info] Registered 10 worker apps with acceptor
[2026-06-04 10:01:31.646] [info] Acceptor listening on 0.0.0.0:6632
[2026-06-04 10:01:31.646] [info] Round-robin load balancing across 10 workers
[2026-06-04 10:01:31.646] [info] Starting acceptor event loop...
[2026-06-04 10:01:31.716] [info] [Worker 4] [libqueen] Reconnection thread started
[2026-06-04 10:01:31.716] [info] [Worker 4] [libqueen] custom(q=1 f=0/1 p99rtt=0ms) slots=25/25 jobs/s=0 drains=0 evl=0ms
[2026-06-04 10:01:31.741] [info] [Worker 0] [libqueen] Reconnection thread started
[2026-06-04 10:01:31.750] [info] [Worker 3] [libqueen] Reconnection thread started
[2026-06-04 10:01:31.783] [info] [Worker 5] [libqueen] Reconnection thread started
[2026-06-04 10:01:31.810] [info] [Worker 8] [libqueen] Reconnection thread started
[2026-06-04 10:01:31.812] [info] [Worker 2] [libqueen] Reconnection thread started
[2026-06-04 10:01:31.816] [info] [Worker 7] [libqueen] Reconnection thread started
[2026-06-04 10:01:31.817] [info] [Worker 9] [libqueen] Reconnection thread started
[2026-06-04 10:01:31.824] [info] [Worker 6] [libqueen] Reconnection thread started
[2026-06-04 10:01:31.824] [info] [Worker 1] [libqueen] Reconnection thread started
[2026-06-04 10:01:32.142] [info] StatsService: cycle completed in 12ms
[2026-06-04 10:01:32.718] [info] [Worker 4] [libqueen] custom(q=0 f=0/1 p99rtt=9ms) slots=25/25 jobs/s=1 drains=2 evl=0ms
[2026-06-04 10:01:36.897] [info] [Worker 6] Configuring queue: bench-q-10-1 via stored procedure
[2026-06-04 10:01:36.907] [info] [Worker 6] Configuring queue: bench-q-10-2 via stored procedure
[2026-06-04 10:01:36.910] [info] [Worker 6] Configuring queue: bench-q-10-3 via stored procedure
[2026-06-04 10:01:36.913] [info] [Worker 6] Configuring queue: bench-q-10-4 via stored procedure
[2026-06-04 10:01:36.917] [info] [Worker 6] Configuring queue: bench-q-10-5 via stored procedure
[2026-06-04 10:01:36.919] [info] [Worker 6] Configuring queue: bench-q-10-6 via stored procedure
[2026-06-04 10:01:36.921] [info] [Worker 6] Configuring queue: bench-q-10-7 via stored procedure
[2026-06-04 10:01:36.922] [info] [Worker 6] Configuring queue: bench-q-10-8 via stored procedure
[2026-06-04 10:01:36.925] [info] [Worker 6] Configuring queue: bench-q-10-9 via stored procedure
[2026-06-04 10:01:36.927] [info] [Worker 6] Configuring queue: bench-q-10-10 via stored procedure
[2026-06-04 10:01:37.829] [info] [Worker 6] [libqueen] pop(q=0 f=0/2 p99rtt=1ms) custom(q=0 f=0/1 p99rtt=0ms) slots=25/25 jobs/s=10 drains=47 evl=0ms
[2026-06-04 10:01:42.162] [info] StatsService: cycle completed in 14ms
[2026-06-04 10:01:43.727] [info] [Worker 4] [libqueen] push(q=5 f=0/2 p99rtt=14ms) pop(q=0 f=0/8 p99rtt=1ms) custom(q=0 f=0/1 p99rtt=1ms) slots=25/25 jobs/s=186 drains=314 evl=0ms
[2026-06-04 10:01:43.751] [info] [Worker 0] [libqueen] push(q=0 f=0/2 p99rtt=15ms) pop(q=0 f=0/8 p99rtt=1ms) custom(q=0 f=1/1 p99rtt=2ms) slots=24/25 jobs/s=203 drains=319 evl=0ms
[2026-06-04 10:01:43.758] [info] [Worker 3] [libqueen] push(q=5 f=0/2 p99rtt=14ms) pop(q=0 f=0/8 p99rtt=1ms) custom(q=0 f=0/1 p99rtt=1ms) slots=25/25 jobs/s=210 drains=334 evl=0ms
[2026-06-04 10:01:43.790] [info] [Worker 5] [libqueen] push(q=0 f=1/2 p99rtt=14ms) pop(q=0 f=0/8 p99rtt=1ms) custom(q=0 f=0/1 p99rtt=1ms) slots=24/25 jobs/s=222 drains=349 evl=0ms
[2026-06-04 10:01:43.819] [info] [Worker 8] [libqueen] push(q=0 f=1/2 p99rtt=14ms) pop(q=0 f=0/8 p99rtt=1ms) custom(q=0 f=0/1 p99rtt=1ms) slots=24/25 jobs/s=246 drains=370 evl=0ms
[2026-06-04 10:01:43.821] [info] [Worker 2] [libqueen] push(q=0 f=1/2 p99rtt=7ms) pop(q=0 f=0/8 p99rtt=1ms) custom(q=0 f=0/1 p99rtt=1ms) slots=24/25 jobs/s=252 drains=393 evl=0ms
[2026-06-04 10:01:43.826] [info] [Worker 7] [libqueen] push(q=5 f=0/2 p99rtt=14ms) pop(q=0 f=0/8 p99rtt=1ms) custom(q=0 f=0/1 p99rtt=2ms) slots=25/25 jobs/s=246 drains=398 evl=0ms
[2026-06-04 10:01:43.827] [info] [Worker 9] [libqueen] push(q=0 f=1/2 p99rtt=14ms) pop(q=0 f=0/8 p99rtt=1ms) custom(q=0 f=0/1 p99rtt=2ms) slots=24/25 jobs/s=246 drains=399 evl=0ms
[2026-06-04 10:01:43.832] [info] [Worker 1] [libqueen] push(q=2 f=0/2 p99rtt=14ms) pop(q=0 f=0/8 p99rtt=1ms) custom(q=0 f=0/1 p99rtt=2ms) slots=25/25 jobs/s=252 drains=403 evl=0ms
[2026-06-04 10:01:43.832] [info] [Worker 6] [libqueen] push(q=5 f=0/2 p99rtt=15ms) pop(q=0 f=0/8 p99rtt=1ms) custom(q=0 f=0/1 p99rtt=2ms) slots=25/25 jobs/s=246 drains=423 evl=0ms
[2026-06-04 10:01:44.727] [info] [Worker 4] [libqueen] push(q=5 f=0/3 p99rtt=19ms) pop(q=0 f=0/9 p99rtt=5ms) custom(q=0 f=0/1 p99rtt=1ms) slots=25/25 jobs/s=593 drains=1125 evl=0ms
[2026-06-04 10:01:44.752] [info] [Worker 0] [libqueen] push(q=0 f=1/3 p99rtt=17ms) pop(q=0 f=0/9 p99rtt=8ms) custom(q=0 f=0/1 p99rtt=2ms) slots=24/25 jobs/s=606 drains=1136 evl=0ms
[2026-06-04 10:01:44.759] [info] [Worker 3] [libqueen] push(q=0 f=1/3 p99rtt=19ms) pop(q=0 f=0/9 p99rtt=5ms) custom(q=0 f=0/1 p99rtt=1ms) slots=24/25 jobs/s=617 drains=1182 evl=0ms
[2026-06-04 10:01:44.789] [info] [Worker 5] [libqueen] push(q=0 f=0/3 p99rtt=21ms) pop(q=0 f=0/9 p99rtt=9ms) custom(q=0 f=1/1 p99rtt=1ms) slots=24/25 jobs/s=616 drains=1177 evl=0ms
[2026-06-04 10:01:44.818] [info] [Worker 8] [libqueen] push(q=5 f=0/3 p99rtt=21ms) pop(q=0 f=0/9 p99rtt=10ms) custom(q=0 f=0/1 p99rtt=1ms) slots=25/25 jobs/s=623 drains=1222 evl=0ms
[2026-06-04 10:01:44.822] [info] [Worker 2] [libqueen] push(q=0 f=1/3 p99rtt=22ms) pop(q=0 f=0/9 p99rtt=9ms) custom(q=0 f=0/1 p99rtt=1ms) slots=24/25 jobs/s=622 drains=1257 evl=0ms
[2026-06-04 10:01:44.826] [info] [Worker 7] [libqueen] push(q=5 f=0/3 p99rtt=24ms) pop(q=0 f=0/9 p99rtt=9ms) custom(q=0 f=0/1 p99rtt=2ms) slots=25/25 jobs/s=587 drains=1202 evl=0ms
[2026-06-04 10:01:44.827] [info] [Worker 9] [libqueen] push(q=5 f=0/3 p99rtt=22ms) pop(q=0 f=0/9 p99rtt=6ms) custom(q=0 f=0/1 p99rtt=1ms) slots=25/25 jobs/s=611 drains=1239 evl=0ms
[2026-06-04 10:01:44.832] [info] [Worker 6] [libqueen] push(q=0 f=0/3 p99rtt=22ms) pop(q=0 f=0/9 p99rtt=4ms) custom(q=0 f=0/1 p99rtt=1ms) slots=25/25 jobs/s=623 drains=1269 evl=0ms
[2026-06-04 10:01:44.833] [info] [Worker 1] [libqueen] push(q=5 f=0/3 p99rtt=18ms) pop(q=0 f=0/9 p99rtt=7ms) custom(q=0 f=0/1 p99rtt=2ms) slots=25/25 jobs/s=599 drains=1213 evl=0ms
[2026-06-04 10:01:45.727] [info] [Worker 4] [libqueen] push(q=5 f=0/4 p99rtt=26ms) pop(q=0 f=0/10 p99rtt=5ms) custom(q=0 f=0/1 p99rtt=1ms) slots=25/25 jobs/s=588 drains=1930 evl=0ms
[2026-06-04 10:01:45.753] [info] [Worker 0] [libqueen] push(q=0 f=1/4 p99rtt=22ms) pop(q=0 f=0/10 p99rtt=8ms) custom(q=0 f=0/1 p99rtt=2ms) slots=24/25 jobs/s=582 drains=1926 evl=0ms
[2026-06-04 10:01:45.759] [info] [Worker 3] [libqueen] push(q=5 f=0/4 p99rtt=23ms) pop(q=0 f=0/10 p99rtt=5ms) custom(q=0 f=0/1 p99rtt=1ms) slots=25/25 jobs/s=588 drains=1993 evl=0ms
[2026-06-04 10:01:45.790] [info] [Worker 5] [libqueen] push(q=5 f=0/4 p99rtt=27ms) pop(q=0 f=0/10 p99rtt=9ms) custom(q=0 f=0/1 p99rtt=1ms) slots=25/25 jobs/s=583 drains=1974 evl=0ms
[2026-06-04 10:01:45.819] [info] [Worker 8] [libqueen] push(q=0 f=1/4 p99rtt=24ms) pop(q=0 f=0/10 p99rtt=10ms) custom(q=0 f=0/1 p99rtt=1ms) slots=24/25 jobs/s=582 drains=2011 evl=0ms
[2026-06-04 10:01:45.822] [info] [Worker 2] [libqueen] push(q=0 f=1/4 p99rtt=27ms) pop(q=0 f=0/10 p99rtt=9ms) custom(q=0 f=0/1 p99rtt=1ms) slots=24/25 jobs/s=595 drains=2083 evl=0ms
[2026-06-04 10:01:45.825] [info] [Worker 7] [libqueen] push(q=5 f=0/4 p99rtt=27ms) pop(q=0 f=0/10 p99rtt=9ms) custom(q=0 f=0/1 p99rtt=1ms) slots=25/25 jobs/s=588 drains=2021 evl=0ms
[2026-06-04 10:01:45.828] [info] [Worker 9] [libqueen] push(q=5 f=0/4 p99rtt=25ms) pop(q=0 f=0/10 p99rtt=6ms) custom(q=0 f=0/1 p99rtt=1ms) slots=25/25 jobs/s=606 drains=2065 evl=0ms
[2026-06-04 10:01:45.832] [info] [Worker 6] [libqueen] push(q=3 f=0/4 p99rtt=27ms) pop(q=0 f=0/10 p99rtt=4ms) custom(q=0 f=0/1 p99rtt=1ms) slots=25/25 jobs/s=606 drains=2104 evl=0ms
[2026-06-04 10:01:45.832] [info] [Worker 1] [libqueen] push(q=5 f=0/4 p99rtt=26ms) pop(q=0 f=0/10 p99rtt=7ms) custom(q=0 f=0/1 p99rtt=2ms) slots=25/25 jobs/s=594 drains=2005 evl=0ms
[2026-06-04 10:01:46.727] [info] [Worker 4] [libqueen] push(q=5 f=0/5 p99rtt=26ms) pop(q=0 f=0/11 p99rtt=5ms) custom(q=0 f=0/1 p99rtt=1ms) slots=25/25 jobs/s=618 drains=2752 evl=0ms
[2026-06-04 10:01:46.753] [info] [Worker 0] [libqueen] push(q=5 f=0/5 p99rtt=26ms) pop(q=0 f=0/11 p99rtt=8ms) custom(q=0 f=0/1 p99rtt=2ms) slots=25/25 jobs/s=624 drains=2775 evl=0ms
[2026-06-04 10:01:46.758] [info] [Worker 3] [libqueen] push(q=0 f=1/5 p99rtt=26ms) pop(q=0 f=0/11 p99rtt=5ms) custom(q=0 f=0/1 p99rtt=1ms) slots=24/25 jobs/s=618 drains=2836 evl=0ms
[2026-06-04 10:01:46.790] [info] [Worker 5] [libqueen] push(q=0 f=1/5 p99rtt=27ms) pop(q=0 f=0/11 p99rtt=9ms) custom(q=0 f=0/1 p99rtt=1ms) slots=24/25 jobs/s=618 drains=2827 evl=0ms
[2026-06-04 10:01:46.819] [info] [Worker 8] [libqueen] push(q=2 f=0/5 p99rtt=24ms) pop(q=0 f=0/11 p99rtt=10ms) custom(q=0 f=0/1 p99rtt=1ms) slots=25/25 jobs/s=630 drains=2875 evl=0ms
[2026-06-04 10:01:46.823] [info] [Worker 2] [libqueen] push(q=0 f=1/5 p99rtt=27ms) pop(q=0 f=0/11 p99rtt=9ms) custom(q=0 f=0/1 p99rtt=1ms) slots=24/25 jobs/s=630 drains=2959 evl=0ms
[2026-06-04 10:01:46.825] [info] [Worker 7] [libqueen] push(q=0 f=0/5 p99rtt=27ms) pop(q=0 f=0/11 p99rtt=9ms) custom(q=0 f=0/1 p99rtt=1ms) slots=25/25 jobs/s=624 drains=2884 evl=0ms
[2026-06-04 10:01:46.827] [info] [Worker 9] [libqueen] push(q=5 f=0/5 p99rtt=25ms) pop(q=0 f=0/11 p99rtt=6ms) custom(q=0 f=0/1 p99rtt=1ms) slots=25/25 jobs/s=630 drains=2921 evl=0ms
[2026-06-04 10:01:46.833] [info] [Worker 6] [libqueen] push(q=5 f=0/5 p99rtt=27ms) pop(q=0 f=0/11 p99rtt=4ms) custom(q=0 f=0/1 p99rtt=1ms) slots=25/25 jobs/s=630 drains=2968 evl=0ms
[2026-06-04 10:01:46.833] [info] [Worker 1] [libqueen] push(q=0 f=1/5 p99rtt=26ms) pop(q=0 f=0/11 p99rtt=7ms) custom(q=0 f=0/1 p99rtt=2ms) slots=24/25 jobs/s=618 drains=2867 evl=0ms
[2026-06-04 10:01:47.727] [info] [Worker 4] [libqueen] push(q=0 f=1/6 p99rtt=26ms) pop(q=0 f=0/12 p99rtt=5ms) custom(q=0 f=0/1 p99rtt=1ms) slots=24/25 jobs/s=630 drains=3582 evl=0ms
[2026-06-04 10:01:47.752] [info] [Worker 0] [libqueen] push(q=5 f=0/6 p99rtt=22ms) pop(q=0 f=0/12 p99rtt=8ms) custom(q=0 f=0/1 p99rtt=2ms) slots=25/25 jobs/s=624 drains=3640 evl=0ms
[2026-06-04 10:01:47.758] [info] [Worker 3] [libqueen] push(q=0 f=0/6 p99rtt=23ms) pop(q=0 f=0/12 p99rtt=5ms) custom(q=0 f=1/1 p99rtt=1ms) slots=24/25 jobs/s=641 drains=3690 evl=0ms
[2026-06-04 10:01:47.791] [info] [Worker 5] [libqueen] push(q=5 f=0/6 p99rtt=25ms) pop(q=0 f=0/12 p99rtt=9ms) custom(q=0 f=0/1 p99rtt=1ms) slots=25/25 jobs/s=636 drains=3679 evl=0ms
[2026-06-04 10:01:47.818] [info] [Worker 8] [libqueen] push(q=2 f=0/6 p99rtt=23ms) pop(q=0 f=0/12 p99rtt=10ms) custom(q=0 f=1/1 p99rtt=1ms) slots=24/25 jobs/s=623 drains=3725 evl=0ms
[2026-06-04 10:01:47.823] [info] [Worker 2] [libqueen] push(q=5 f=0/6 p99rtt=27ms) pop(q=0 f=0/12 p99rtt=9ms) custom(q=0 f=0/1 p99rtt=1ms) slots=25/25 jobs/s=630 drains=3815 evl=0ms
[2026-06-04 10:01:47.826] [info] [Worker 7] [libqueen] push(q=0 f=1/6 p99rtt=26ms) pop(q=0 f=0/12 p99rtt=9ms) custom(q=0 f=0/1 p99rtt=1ms) slots=24/25 jobs/s=630 drains=3756 evl=0ms
[2026-06-04 10:01:47.828] [info] [Worker 9] [libqueen] push(q=0 f=1/6 p99rtt=23ms) pop(q=0 f=0/12 p99rtt=6ms) custom(q=0 f=0/1 p99rtt=1ms) slots=24/25 jobs/s=624 drains=3766 evl=0ms
[2026-06-04 10:01:47.832] [info] [Worker 6] [libqueen] push(q=5 f=0/6 p99rtt=26ms) pop(q=0 f=0/12 p99rtt=4ms) custom(q=0 f=0/1 p99rtt=1ms) slots=25/25 jobs/s=630 drains=3826 evl=0ms
[2026-06-04 10:01:47.833] [info] [Worker 1] [libqueen] push(q=5 f=0/6 p99rtt=25ms) pop(q=0 f=0/12 p99rtt=7ms) custom(q=0 f=0/1 p99rtt=2ms) slots=25/25 jobs/s=624 drains=3706 evl=0ms
[2026-06-04 10:01:48.727] [info] [Worker 4] [libqueen] push(q=5 f=0/7 p99rtt=26ms) pop(q=0 f=0/13 p99rtt=5ms) custom(q=0 f=0/1 p99rtt=1ms) slots=25/25 jobs/s=612 drains=4418 evl=0ms
[2026-06-04 10:01:48.752] [info] [Worker 0] [libqueen] push(q=5 f=0/7 p99rtt=22ms) pop(q=0 f=0/13 p99rtt=8ms) custom(q=0 f=0/1 p99rtt=1ms) slots=25/25 jobs/s=624 drains=4517 evl=0ms
[2026-06-04 10:01:48.759] [info] [Worker 3] [libqueen] push(q=0 f=0/7 p99rtt=23ms) pop(q=0 f=0/13 p99rtt=5ms) custom(q=0 f=0/1 p99rtt=1ms) slots=25/25 jobs/s=619 drains=4530 evl=0ms
[2026-06-04 10:01:48.791] [info] [Worker 5] [libqueen] push(q=5 f=0/7 p99rtt=25ms) pop(q=0 f=0/13 p99rtt=9ms) custom(q=0 f=0/1 p99rtt=1ms) slots=25/25 jobs/s=630 drains=4535 evl=0ms
[2026-06-04 10:01:48.819] [info] [Worker 8] [libqueen] push(q=5 f=0/7 p99rtt=23ms) pop(q=0 f=0/13 p99rtt=10ms) custom(q=0 f=0/1 p99rtt=1ms) slots=25/25 jobs/s=619 drains=4577 evl=0ms
[2026-06-04 10:01:48.822] [info] [Worker 2] [libqueen] push(q=0 f=1/7 p99rtt=27ms) pop(q=0 f=0/13 p99rtt=9ms) custom(q=0 f=0/1 p99rtt=1ms) slots=24/25 jobs/s=630 drains=4690 evl=0ms
[2026-06-04 10:01:48.826] [info] [Worker 7] [libqueen] push(q=5 f=0/7 p99rtt=26ms) pop(q=0 f=0/13 p99rtt=9ms) custom(q=0 f=0/1 p99rtt=1ms) slots=25/25 jobs/s=624 drains=4596 evl=0ms
[2026-06-04 10:01:48.828] [info] [Worker 9] [libqueen] push(q=5 f=0/7 p99rtt=24ms) pop(q=0 f=0/13 p99rtt=6ms) custom(q=0 f=0/1 p99rtt=1ms) slots=25/25 jobs/s=624 drains=4594 evl=0ms
[2026-06-04 10:01:48.832] [info] [Worker 6] [libqueen] push(q=0 f=0/7 p99rtt=26ms) pop(q=0 f=0/13 p99rtt=4ms) custom(q=0 f=0/1 p99rtt=1ms) slots=25/25 jobs/s=624 drains=4677 evl=0ms
[2026-06-04 10:01:48.833] [info] [Worker 1] [libqueen] push(q=5 f=0/7 p99rtt=25ms) pop(q=0 f=0/13 p99rtt=7ms) custom(q=0 f=0/1 p99rtt=2ms) slots=25/25 jobs/s=630 drains=4580 evl=0ms
[2026-06-04 10:01:49.149] [info] PartitionLookupReconcileService: fixed 1 partition_lookup rows (stats leader, hostname=c932ee286edc)
[2026-06-04 10:01:49.727] [info] [Worker 4] [libqueen] push(q=5 f=0/8 p99rtt=26ms) pop(q=0 f=0/14 p99rtt=5ms) custom(q=0 f=0/1 p99rtt=1ms) slots=25/25 jobs/s=630 drains=5299 evl=0ms
[2026-06-04 10:01:49.752] [info] [Worker 0] [libqueen] push(q=1 f=0/8 p99rtt=22ms) pop(q=0 f=0/14 p99rtt=8ms) custom(q=0 f=0/1 p99rtt=1ms) slots=25/25 jobs/s=624 drains=5352 evl=0ms
[2026-06-04 10:01:49.759] [info] [Worker 3] [libqueen] push(q=5 f=0/8 p99rtt=24ms) pop(q=0 f=0/14 p99rtt=5ms) custom(q=0 f=0/1 p99rtt=1ms) slots=25/25 jobs/s=606 drains=5369 evl=0ms
[2026-06-04 10:01:49.790] [info] [Worker 5] [libqueen] push(q=0 f=1/8 p99rtt=25ms) pop(q=0 f=0/14 p99rtt=9ms) custom(q=0 f=0/1 p99rtt=1ms) slots=24/25 jobs/s=606 drains=5363 evl=0ms
[2026-06-04 10:01:49.818] [info] [Worker 8] [libqueen] push(q=0 f=1/8 p99rtt=24ms) pop(q=0 f=0/14 p99rtt=10ms) custom(q=0 f=0/1 p99rtt=1ms) slots=24/25 jobs/s=612 drains=5423 evl=0ms
[2026-06-04 10:01:49.823] [info] [Worker 2] [libqueen] push(q=0 f=1/8 p99rtt=27ms) pop(q=0 f=0/14 p99rtt=9ms) custom(q=0 f=0/1 p99rtt=1ms) slots=24/25 jobs/s=618 drains=5545 evl=0ms
[2026-06-04 10:01:49.826] [info] [Worker 7] [libqueen] push(q=0 f=0/8 p99rtt=26ms) pop(q=0 f=0/14 p99rtt=9ms) custom(q=0 f=1/1 p99rtt=1ms) slots=24/25 jobs/s=617 drains=5449 evl=0ms
[2026-06-04 10:01:49.827] [info] [Worker 9] [libqueen] push(q=5 f=0/8 p99rtt=23ms) pop(q=0 f=0/14 p99rtt=6ms) custom(q=0 f=0/1 p99rtt=1ms) slots=25/25 jobs/s=624 drains=5433 evl=0ms
[2026-06-04 10:01:49.833] [info] [Worker 6] [libqueen] push(q=0 f=1/8 p99rtt=26ms) pop(q=0 f=0/14 p99rtt=4ms) custom(q=0 f=0/1 p99rtt=1ms) slots=24/25 jobs/s=612 drains=5515 evl=0ms
[2026-06-04 10:01:49.833] [info] [Worker 1] [libqueen] push(q=5 f=0/8 p99rtt=25ms) pop(q=0 f=0/14 p99rtt=7ms) custom(q=0 f=0/1 p99rtt=2ms) slots=25/25 jobs/s=624 drains=5439 evl=0ms
[2026-06-04 10:01:50.727] [info] [Worker 4] [libqueen] push(q=0 f=1/9 p99rtt=26ms) pop(q=0 f=0/15 p99rtt=5ms) custom(q=0 f=0/1 p99rtt=1ms) slots=24/25 jobs/s=624 drains=6140 evl=0ms
[2026-06-04 10:01:50.752] [info] [Worker 0] [libqueen] push(q=5 f=0/9 p99rtt=22ms) pop(q=0 f=0/15 p99rtt=8ms) custom(q=0 f=0/1 p99rtt=1ms) slots=25/25 jobs/s=606 drains=6188 evl=0ms
[2026-06-04 10:01:50.758] [info] [Worker 3] [libqueen] push(q=0 f=0/9 p99rtt=23ms) pop(q=0 f=0/15 p99rtt=5ms) custom(q=0 f=1/1 p99rtt=1ms) slots=24/25 jobs/s=641 drains=6234 evl=0ms
[2026-06-04 10:01:50.791] [info] [Worker 5] [libqueen] push(q=5 f=0/9 p99rtt=25ms) pop(q=0 f=0/15 p99rtt=9ms) custom(q=0 f=0/1 p99rtt=1ms) slots=25/25 jobs/s=618 drains=6216 evl=0ms
[2026-06-04 10:01:50.819] [info] [Worker 8] [libqueen] push(q=0 f=1/9 p99rtt=24ms) pop(q=0 f=0/15 p99rtt=10ms) custom(q=0 f=0/1 p99rtt=1ms) slots=24/25 jobs/s=618 drains=6270 evl=0ms
[2026-06-04 10:01:50.823] [info] [Worker 2] [libqueen] push(q=0 f=1/9 p99rtt=27ms) pop(q=0 f=0/15 p99rtt=9ms) custom(q=0 f=0/1 p99rtt=1ms) slots=24/25 jobs/s=612 drains=6375 evl=0ms
[2026-06-04 10:01:50.826] [info] [Worker 7] [libqueen] push(q=0 f=0/9 p99rtt=26ms) pop(q=0 f=0/15 p99rtt=9ms) custom(q=0 f=0/1 p99rtt=1ms) slots=25/25 jobs/s=619 drains=6297 evl=0ms
[2026-06-04 10:01:50.827] [info] [Worker 9] [libqueen] push(q=5 f=0/9 p99rtt=23ms) pop(q=0 f=0/15 p99rtt=6ms) custom(q=0 f=0/1 p99rtt=1ms) slots=25/25 jobs/s=624 drains=6284 evl=0ms
[2026-06-04 10:01:50.832] [info] [Worker 6] [libqueen] push(q=0 f=1/9 p99rtt=26ms) pop(q=0 f=0/15 p99rtt=4ms) custom(q=0 f=0/1 p99rtt=1ms) slots=24/25 jobs/s=606 drains=6343 evl=0ms
[2026-06-04 10:01:50.833] [info] [Worker 1] [libqueen] push(q=5 f=0/9 p99rtt=25ms) pop(q=0 f=0/15 p99rtt=7ms) custom(q=0 f=0/1 p99rtt=1ms) slots=25/25 jobs/s=618 drains=6282 evl=0ms
[2026-06-04 10:01:51.727] [info] [Worker 4] [libqueen] push(q=0 f=1/10 p99rtt=26ms) pop(q=0 f=0/16 p99rtt=5ms) custom(q=0 f=0/1 p99rtt=1ms) slots=24/25 jobs/s=606 drains=6966 evl=0ms
[2026-06-04 10:01:51.753] [info] [Worker 0] [libqueen] push(q=5 f=0/10 p99rtt=23ms) pop(q=0 f=0/16 p99rtt=8ms) custom(q=0 f=0/1 p99rtt=1ms) slots=25/25 jobs/s=594 drains=7011 evl=0ms
[2026-06-04 10:01:51.759] [info] [Worker 3] [libqueen] push(q=0 f=1/10 p99rtt=24ms) pop(q=0 f=0/16 p99rtt=5ms) custom(q=0 f=0/1 p99rtt=1ms) slots=24/25 jobs/s=613 drains=7074 evl=0ms
[2026-06-04 10:01:51.792] [info] [Worker 5] [libqueen] push(q=5 f=0/10 p99rtt=25ms) pop(q=0 f=0/16 p99rtt=9ms) custom(q=0 f=0/1 p99rtt=1ms) slots=25/25 jobs/s=606 drains=7040 evl=0ms
[2026-06-04 10:01:51.819] [info] [Worker 8] [libqueen] push(q=0 f=0/10 p99rtt=24ms) pop(q=0 f=0/16 p99rtt=10ms) custom(q=0 f=0/1 p99rtt=1ms) slots=25/25 jobs/s=600 drains=7101 evl=0ms
[2026-06-04 10:01:51.822] [info] [Worker 2] [libqueen] push(q=0 f=0/10 p99rtt=27ms) pop(q=0 f=0/16 p99rtt=9ms) custom(q=0 f=0/1 p99rtt=1ms) slots=25/25 jobs/s=612 drains=7227 evl=0ms
[2026-06-04 10:01:51.826] [info] [Worker 7] [libqueen] push(q=0 f=1/10 p99rtt=25ms) pop(q=0 f=0/16 p99rtt=9ms) custom(q=0 f=0/1 p99rtt=1ms) slots=24/25 jobs/s=606 drains=7124 evl=0ms
[2026-06-04 10:01:51.827] [info] [Worker 9] [libqueen] push(q=2 f=0/10 p99rtt=23ms) pop(q=0 f=0/16 p99rtt=6ms) custom(q=0 f=0/1 p99rtt=1ms) slots=25/25 jobs/s=606 drains=7096 evl=0ms
[2026-06-04 10:01:51.833] [info] [Worker 1] [libqueen] push(q=5 f=0/10 p99rtt=25ms) pop(q=0 f=0/16 p99rtt=7ms) custom(q=0 f=0/1 p99rtt=1ms) slots=25/25 jobs/s=612 drains=7102 evl=0ms
[2026-06-04 10:01:51.833] [info] [Worker 6] [libqueen] push(q=5 f=0/10 p99rtt=26ms) pop(q=0 f=0/16 p99rtt=4ms) custom(q=0 f=0/1 p99rtt=1ms) slots=25/25 jobs/s=612 drains=7168 evl=0ms
[2026-06-04 10:01:52.728] [info] [Worker 4] [libqueen] push(q=0 f=1/11 p99rtt=26ms) pop(q=0 f=0/16 p99rtt=5ms) custom(q=0 f=0/1 p99rtt=1ms) slots=24/25 jobs/s=618 drains=7810 evl=0ms
[2026-06-04 10:01:52.752] [info] [Worker 0] [libqueen] push(q=5 f=0/11 p99rtt=22ms) pop(q=0 f=0/16 p99rtt=8ms) custom(q=0 f=0/1 p99rtt=1ms) slots=25/25 jobs/s=624 drains=7873 evl=0ms
[2026-06-04 10:01:52.759] [info] [Worker 3] [libqueen] push(q=0 f=1/11 p99rtt=24ms) pop(q=0 f=0/16 p99rtt=5ms) custom(q=0 f=0/1 p99rtt=1ms) slots=24/25 jobs/s=630 drains=7922 evl=0ms
[2026-06-04 10:01:52.793] [info] [Worker 5] [libqueen] push(q=5 f=0/11 p99rtt=25ms) pop(q=0 f=0/16 p99rtt=9ms) custom(q=0 f=0/1 p99rtt=1ms) slots=25/25 jobs/s=618 drains=7899 evl=0ms
[2026-06-04 10:01:52.820] [info] [Worker 8] [libqueen] push(q=5 f=0/11 p99rtt=24ms) pop(q=0 f=0/16 p99rtt=10ms) custom(q=0 f=0/1 p99rtt=1ms) slots=25/25 jobs/s=606 drains=7957 evl=0ms
[2026-06-04 10:01:52.822] [info] [Worker 2] [libqueen] push(q=5 f=0/11 p99rtt=25ms) pop(q=0 f=0/16 p99rtt=9ms) custom(q=0 f=0/1 p99rtt=1ms) slots=25/25 jobs/s=630 drains=8090 evl=0ms
[2026-06-04 10:01:52.827] [info] [Worker 7] [libqueen] push(q=0 f=1/11 p99rtt=24ms) pop(q=0 f=0/16 p99rtt=9ms) custom(q=0 f=0/1 p99rtt=1ms) slots=24/25 jobs/s=618 drains=7976 evl=0ms
[2026-06-04 10:01:52.828] [info] [Worker 9] [libqueen] push(q=0 f=1/11 p99rtt=23ms) pop(q=0 f=0/16 p99rtt=6ms) custom(q=0 f=0/1 p99rtt=1ms) slots=24/25 jobs/s=630 drains=7961 evl=0ms
[2026-06-04 10:01:52.832] [info] [Worker 6] [libqueen] push(q=0 f=1/11 p99rtt=26ms) pop(q=0 f=0/16 p99rtt=4ms) custom(q=0 f=0/1 p99rtt=1ms) slots=24/25 jobs/s=618 drains=8033 evl=0ms
[2026-06-04 10:01:52.833] [info] [Worker 1] [libqueen] push(q=5 f=0/11 p99rtt=25ms) pop(q=0 f=0/16 p99rtt=7ms) custom(q=0 f=0/1 p99rtt=1ms) slots=25/25 jobs/s=618 drains=7932 evl=0ms
[2026-06-04 10:01:53.165] [info] StatsService: cycle completed in 16ms
[2026-06-04 10:01:53.729] [info] [Worker 4] [libqueen] push(q=5 f=0/12 p99rtt=26ms) pop(q=0 f=0/16 p99rtt=13ms) custom(q=0 f=0/1 p99rtt=1ms) slots=25/25 jobs/s=629 drains=8690 evl=0ms
[2026-06-04 10:01:53.753] [info] [Worker 0] [libqueen] push(q=0 f=1/12 p99rtt=22ms) pop(q=0 f=0/16 p99rtt=13ms) custom(q=0 f=0/1 p99rtt=1ms) slots=24/25 jobs/s=623 drains=8740 evl=0ms
[2026-06-04 10:01:53.759] [info] [Worker 3] [libqueen] push(q=5 f=0/12 p99rtt=24ms) pop(q=0 f=0/16 p99rtt=15ms) custom(q=0 f=0/1 p99rtt=1ms) slots=25/25 jobs/s=617 drains=8746 evl=0ms
[2026-06-04 10:01:53.793] [info] [Worker 5] [libqueen] push(q=0 f=1/12 p99rtt=25ms) pop(q=0 f=0/16 p99rtt=16ms) custom(q=0 f=0/1 p99rtt=1ms) slots=24/25 jobs/s=617 drains=8748 evl=0ms
[2026-06-04 10:01:53.819] [info] [Worker 8] [libqueen] push(q=5 f=0/12 p99rtt=24ms) pop(q=0 f=0/16 p99rtt=13ms) custom(q=0 f=0/1 p99rtt=1ms) slots=25/25 jobs/s=617 drains=8799 evl=0ms
[2026-06-04 10:01:53.823] [info] [Worker 2] [libqueen] push(q=5 f=0/12 p99rtt=25ms) pop(q=0 f=0/16 p99rtt=10ms) custom(q=0 f=0/1 p99rtt=1ms) slots=25/25 jobs/s=617 drains=8941 evl=0ms
[2026-06-04 10:01:53.827] [info] [Worker 7] [libqueen] push(q=5 f=0/12 p99rtt=24ms) pop(q=0 f=0/16 p99rtt=15ms) custom(q=0 f=0/1 p99rtt=1ms) slots=25/25 jobs/s=605 drains=8825 evl=0ms
[2026-06-04 10:01:53.828] [info] [Worker 9] [libqueen] push(q=5 f=0/12 p99rtt=23ms) pop(q=0 f=0/16 p99rtt=13ms) custom(q=0 f=0/1 p99rtt=1ms) slots=25/25 jobs/s=623 drains=8789 evl=0ms
[2026-06-04 10:01:53.832] [info] [Worker 6] [libqueen] push(q=0 f=0/12 p99rtt=26ms) pop(q=5 f=0/16 p99rtt=17ms) custom(q=0 f=1/1 p99rtt=1ms) slots=24/25 jobs/s=616 drains=8874 evl=0ms
[2026-06-04 10:01:53.833] [info] [Worker 1] [libqueen] push(q=0 f=1/12 p99rtt=25ms) pop(q=0 f=0/16 p99rtt=12ms) custom(q=0 f=0/1 p99rtt=1ms) slots=24/25 jobs/s=623 drains=8784 evl=0ms
[2026-06-04 10:01:54.729] [info] [Worker 4] [libqueen] push(q=5 f=0/13 p99rtt=24ms) pop(q=0 f=0/16 p99rtt=13ms) custom(q=0 f=0/1 p99rtt=1ms) slots=25/25 jobs/s=612 drains=9548 evl=0ms
[2026-06-04 10:01:54.752] [info] [Worker 0] [libqueen] push(q=0 f=1/13 p99rtt=22ms) pop(q=0 f=0/16 p99rtt=13ms) custom(q=0 f=0/1 p99rtt=1ms) slots=24/25 jobs/s=618 drains=9593 evl=0ms
[2026-06-04 10:01:54.758] [info] [Worker 3] [libqueen] push(q=4 f=0/13 p99rtt=23ms) pop(q=0 f=0/16 p99rtt=15ms) custom(q=0 f=1/1 p99rtt=1ms) slots=24/25 jobs/s=629 drains=9599 evl=0ms
[2026-06-04 10:01:54.792] [info] [Worker 5] [libqueen] push(q=0 f=1/13 p99rtt=22ms) pop(q=0 f=0/16 p99rtt=16ms) custom(q=0 f=0/1 p99rtt=1ms) slots=24/25 jobs/s=618 drains=9603 evl=0ms
[2026-06-04 10:01:54.819] [info] [Worker 8] [libqueen] push(q=0 f=1/13 p99rtt=23ms) pop(q=0 f=0/16 p99rtt=13ms) custom(q=0 f=0/1 p99rtt=1ms) slots=24/25 jobs/s=618 drains=9642 evl=0ms
[2026-06-04 10:01:54.822] [info] [Worker 2] [libqueen] push(q=0 f=0/13 p99rtt=25ms) pop(q=0 f=0/16 p99rtt=10ms) custom(q=0 f=1/1 p99rtt=1ms) slots=24/25 jobs/s=635 drains=9800 evl=0ms
[2026-06-04 10:01:54.826] [info] [Worker 7] [libqueen] push(q=5 f=0/13 p99rtt=24ms) pop(q=0 f=0/16 p99rtt=15ms) custom(q=0 f=0/1 p99rtt=1ms) slots=25/25 jobs/s=618 drains=9658 evl=0ms
[2026-06-04 10:01:54.828] [info] [Worker 9] [libqueen] push(q=5 f=0/13 p99rtt=23ms) pop(q=0 f=0/16 p99rtt=13ms) custom(q=0 f=0/1 p99rtt=1ms) slots=25/25 jobs/s=624 drains=9646 evl=0ms
[2026-06-04 10:01:54.832] [info] [Worker 1] [libqueen] push(q=5 f=0/13 p99rtt=24ms) pop(q=0 f=0/16 p99rtt=12ms) custom(q=0 f=0/1 p99rtt=1ms) slots=25/25 jobs/s=642 drains=9672 evl=0ms
[2026-06-04 10:01:54.832] [info] [Worker 6] [libqueen] push(q=0 f=1/13 p99rtt=24ms) pop(q=0 f=0/16 p99rtt=17ms) custom(q=0 f=0/1 p99rtt=1ms) slots=24/25 jobs/s=625 drains=9738 evl=0ms
[2026-06-04 10:01:55.152] [info] PartitionLookupReconcileService: fixed 1 partition_lookup rows (stats leader, hostname=c932ee286edc)
[2026-06-04 10:01:55.729] [info] [Worker 4] [libqueen] push(q=0 f=1/14 p99rtt=23ms) pop(q=0 f=0/16 p99rtt=13ms) custom(q=0 f=0/1 p99rtt=1ms) slots=24/25 jobs/s=618 drains=10399 evl=0ms
[2026-06-04 10:01:55.752] [info] [Worker 0] [libqueen] push(q=0 f=0/14 p99rtt=22ms) pop(q=0 f=0/16 p99rtt=13ms) custom(q=0 f=0/1 p99rtt=1ms) slots=25/25 jobs/s=606 drains=10407 evl=0ms
[2026-06-04 10:01:55.759] [info] [Worker 3] [libqueen] push(q=5 f=0/14 p99rtt=22ms) pop(q=0 f=0/16 p99rtt=15ms) custom(q=0 f=0/1 p99rtt=1ms) slots=25/25 jobs/s=601 drains=10421 evl=0ms
[2026-06-04 10:01:55.793] [info] [Worker 5] [libqueen] push(q=5 f=0/14 p99rtt=22ms) pop(q=0 f=0/16 p99rtt=16ms) custom(q=0 f=0/1 p99rtt=1ms) slots=25/25 jobs/s=612 drains=10435 evl=0ms
[2026-06-04 10:01:55.820] [info] [Worker 8] [libqueen] push(q=5 f=0/14 p99rtt=22ms) pop(q=0 f=0/16 p99rtt=13ms) custom(q=0 f=0/1 p99rtt=1ms) slots=25/25 jobs/s=606 drains=10480 evl=0ms
[2026-06-04 10:01:55.822] [info] [Worker 2] [libqueen] push(q=5 f=0/14 p99rtt=23ms) pop(q=0 f=0/16 p99rtt=10ms) custom(q=0 f=0/1 p99rtt=1ms) slots=25/25 jobs/s=607 drains=10647 evl=0ms
[2026-06-04 10:01:55.827] [info] [Worker 7] [libqueen] push(q=0 f=0/14 p99rtt=22ms) pop(q=0 f=0/16 p99rtt=15ms) custom(q=0 f=1/1 p99rtt=1ms) slots=24/25 jobs/s=599 drains=10482 evl=0ms
[2026-06-04 10:01:55.828] [info] [Worker 9] [libqueen] push(q=0 f=0/14 p99rtt=22ms) pop(q=0 f=0/16 p99rtt=13ms) custom(q=0 f=0/1 p99rtt=1ms) slots=25/25 jobs/s=606 drains=10492 evl=0ms
[2026-06-04 10:01:55.833] [info] [Worker 1] [libqueen] push(q=5 f=0/14 p99rtt=22ms) pop(q=0 f=0/16 p99rtt=12ms) custom(q=0 f=0/1 p99rtt=1ms) slots=25/25 jobs/s=600 drains=10508 evl=0ms
[2026-06-04 10:01:55.833] [info] [Worker 6] [libqueen] push(q=5 f=0/14 p99rtt=23ms) pop(q=0 f=0/16 p99rtt=17ms) custom(q=0 f=0/1 p99rtt=1ms) slots=25/25 jobs/s=612 drains=10576 evl=0ms
[2026-06-04 10:01:56.729] [info] [Worker 4] [libqueen] push(q=5 f=0/15 p99rtt=21ms) pop(q=0 f=0/16 p99rtt=13ms) custom(q=0 f=0/1 p99rtt=1ms) slots=25/25 jobs/s=612 drains=11237 evl=0ms
[2026-06-04 10:01:56.753] [info] [Worker 0] [libqueen] push(q=0 f=1/15 p99rtt=21ms) pop(q=0 f=0/16 p99rtt=13ms) custom(q=0 f=0/1 p99rtt=1ms) slots=24/25 jobs/s=612 drains=11249 evl=0ms
[2026-06-04 10:01:56.759] [info] [Worker 3] [libqueen] push(q=0 f=1/15 p99rtt=21ms) pop(q=0 f=0/16 p99rtt=15ms) custom(q=0 f=0/1 p99rtt=1ms) slots=24/25 jobs/s=618 drains=11277 evl=0ms
[2026-06-04 10:01:56.793] [info] [Worker 5] [libqueen] push(q=0 f=0/15 p99rtt=22ms) pop(q=0 f=0/16 p99rtt=16ms) custom(q=0 f=0/1 p99rtt=1ms) slots=25/25 jobs/s=618 drains=11277 evl=0ms
[2026-06-04 10:01:56.821] [info] [Worker 8] [libqueen] push(q=5 f=0/15 p99rtt=22ms) pop(q=0 f=0/16 p99rtt=13ms) custom(q=0 f=0/1 p99rtt=1ms) slots=25/25 jobs/s=600 drains=11318 evl=0ms
[2026-06-04 10:01:56.822] [info] [Worker 2] [libqueen] push(q=0 f=1/15 p99rtt=22ms) pop(q=0 f=0/16 p99rtt=10ms) custom(q=0 f=0/1 p99rtt=1ms) slots=24/25 jobs/s=606 drains=11478 evl=0ms
[2026-06-04 10:01:56.827] [info] [Worker 7] [libqueen] push(q=0 f=0/15 p99rtt=22ms) pop(q=0 f=0/16 p99rtt=15ms) custom(q=0 f=1/1 p99rtt=1ms) slots=24/25 jobs/s=588 drains=11304 evl=0ms
[2026-06-04 10:01:56.828] [info] [Worker 9] [libqueen] push(q=2 f=0/15 p99rtt=22ms) pop(q=0 f=0/16 p99rtt=13ms) custom(q=0 f=1/1 p99rtt=1ms) slots=24/25 jobs/s=593 drains=11307 evl=0ms
[2026-06-04 10:01:56.833] [info] [Worker 1] [libqueen] push(q=5 f=0/15 p99rtt=22ms) pop(q=0 f=0/16 p99rtt=12ms) custom(q=0 f=0/1 p99rtt=1ms) slots=25/25 jobs/s=600 drains=11339 evl=0ms
[2026-06-04 10:01:56.833] [info] [Worker 6] [libqueen] push(q=5 f=0/15 p99rtt=22ms) pop(q=0 f=0/16 p99rtt=17ms) custom(q=0 f=0/1 p99rtt=1ms) slots=25/25 jobs/s=606 drains=11408 evl=0ms
[2026-06-04 10:01:57.730] [info] [Worker 4] [libqueen] push(q=5 f=0/16 p99rtt=23ms) pop(q=0 f=0/16 p99rtt=13ms) custom(q=0 f=0/1 p99rtt=1ms) slots=25/25 jobs/s=588 drains=12042 evl=0ms
[2026-06-04 10:01:57.753] [info] [Worker 0] [libqueen] push(q=4 f=0/16 p99rtt=22ms) pop(q=0 f=0/16 p99rtt=13ms) custom(q=0 f=0/1 p99rtt=1ms) slots=25/25 jobs/s=612 drains=12084 evl=0ms
[2026-06-04 10:01:57.759] [info] [Worker 3] [libqueen] push(q=5 f=0/16 p99rtt=22ms) pop(q=0 f=0/16 p99rtt=15ms) custom(q=0 f=0/1 p99rtt=1ms) slots=25/25 jobs/s=624 drains=12115 evl=0ms
[2026-06-04 10:01:57.793] [info] [Worker 5] [libqueen] push(q=5 f=0/16 p99rtt=22ms) pop(q=0 f=0/16 p99rtt=16ms) custom(q=0 f=0/1 p99rtt=1ms) slots=25/25 jobs/s=612 drains=12127 evl=0ms
[2026-06-04 10:01:57.821] [info] [Worker 8] [libqueen] push(q=5 f=0/16 p99rtt=22ms) pop(q=0 f=0/16 p99rtt=13ms) custom(q=0 f=0/1 p99rtt=1ms) slots=25/25 jobs/s=606 drains=12154 evl=0ms
[2026-06-04 10:01:57.822] [info] [Worker 2] [libqueen] push(q=5 f=0/16 p99rtt=23ms) pop(q=0 f=0/16 p99rtt=10ms) custom(q=0 f=0/1 p99rtt=1ms) slots=25/25 jobs/s=618 drains=12327 evl=0ms
[2026-06-04 10:01:57.827] [info] [Worker 7] [libqueen] push(q=0 f=1/16 p99rtt=22ms) pop(q=0 f=0/16 p99rtt=15ms) custom(q=0 f=0/1 p99rtt=1ms) slots=24/25 jobs/s=607 drains=12139 evl=0ms
[2026-06-04 10:01:57.827] [info] [Worker 9] [libqueen] push(q=0 f=0/16 p99rtt=22ms) pop(q=0 f=0/16 p99rtt=13ms) custom(q=0 f=0/1 p99rtt=1ms) slots=25/25 jobs/s=613 drains=12129 evl=0ms
[2026-06-04 10:01:57.832] [info] [Worker 6] [libqueen] push(q=5 f=0/16 p99rtt=22ms) pop(q=0 f=0/16 p99rtt=17ms) custom(q=0 f=0/1 p99rtt=1ms) slots=25/25 jobs/s=618 drains=12267 evl=0ms
[2026-06-04 10:01:57.833] [info] [Worker 1] [libqueen] push(q=0 f=1/16 p99rtt=22ms) pop(q=0 f=0/16 p99rtt=12ms) custom(q=0 f=0/1 p99rtt=1ms) slots=24/25 jobs/s=618 drains=12193 evl=0ms
[2026-06-04 10:01:58.730] [info] [Worker 4] [libqueen] push(q=5 f=0/17 p99rtt=21ms) pop(q=0 f=0/16 p99rtt=13ms) custom(q=0 f=0/1 p99rtt=1ms) slots=25/25 jobs/s=642 drains=12924 evl=0ms
[2026-06-04 10:01:58.753] [info] [Worker 0] [libqueen] push(q=5 f=0/17 p99rtt=22ms) pop(q=0 f=0/16 p99rtt=13ms) custom(q=0 f=0/1 p99rtt=1ms) slots=25/25 jobs/s=618 drains=12925 evl=0ms
[2026-06-04 10:01:58.759] [info] [Worker 3] [libqueen] push(q=5 f=0/17 p99rtt=22ms) pop(q=0 f=0/16 p99rtt=15ms) custom(q=0 f=0/1 p99rtt=1ms) slots=25/25 jobs/s=630 drains=12990 evl=0ms
[2026-06-04 10:01:58.793] [info] [Worker 5] [libqueen] push(q=0 f=0/17 p99rtt=22ms) pop(q=0 f=0/16 p99rtt=16ms) custom(q=0 f=1/1 p99rtt=1ms) slots=24/25 jobs/s=623 drains=12997 evl=0ms
[2026-06-04 10:01:58.820] [info] [Worker 8] [libqueen] push(q=0 f=1/17 p99rtt=22ms) pop(q=0 f=0/16 p99rtt=13ms) custom(q=0 f=0/1 p99rtt=1ms) slots=24/25 jobs/s=624 drains=12995 evl=0ms
[2026-06-04 10:01:58.822] [info] [Worker 2] [libqueen] push(q=0 f=1/17 p99rtt=22ms) pop(q=0 f=0/16 p99rtt=10ms) custom(q=0 f=0/1 p99rtt=1ms) slots=24/25 jobs/s=618 drains=13186 evl=0ms
[2026-06-04 10:01:58.827] [info] [Worker 7] [libqueen] push(q=5 f=0/17 p99rtt=22ms) pop(q=0 f=0/16 p99rtt=15ms) custom(q=0 f=0/1 p99rtt=1ms) slots=25/25 jobs/s=618 drains=13015 evl=0ms
[2026-06-04 10:01:58.828] [info] [Worker 9] [libqueen] push(q=5 f=0/17 p99rtt=21ms) pop(q=0 f=0/16 p99rtt=13ms) custom(q=0 f=0/1 p99rtt=1ms) slots=25/25 jobs/s=624 drains=12996 evl=0ms
[2026-06-04 10:01:58.832] [info] [Worker 1] [libqueen] push(q=5 f=0/17 p99rtt=22ms) pop(q=0 f=0/16 p99rtt=12ms) custom(q=0 f=0/1 p99rtt=1ms) slots=25/25 jobs/s=618 drains=13052 evl=0ms
[2026-06-04 10:01:58.833] [info] [Worker 6] [libqueen] push(q=5 f=0/17 p99rtt=22ms) pop(q=0 f=0/16 p99rtt=17ms) custom(q=0 f=0/1 p99rtt=1ms) slots=25/25 jobs/s=630 drains=13112 evl=0ms
[2026-06-04 10:01:59.729] [info] [Worker 4] [libqueen] push(q=0 f=1/18 p99rtt=21ms) pop(q=5 f=0/16 p99rtt=13ms) custom(q=0 f=0/1 p99rtt=1ms) slots=24/25 jobs/s=624 drains=13764 evl=0ms
[2026-06-04 10:01:59.753] [info] [Worker 0] [libqueen] push(q=0 f=1/18 p99rtt=22ms) pop(q=0 f=0/16 p99rtt=13ms) custom(q=0 f=0/1 p99rtt=1ms) slots=24/25 jobs/s=636 drains=13793 evl=0ms
[2026-06-04 10:01:59.759] [info] [Worker 3] [libqueen] push(q=0 f=1/18 p99rtt=21ms) pop(q=0 f=0/16 p99rtt=15ms) custom(q=0 f=0/1 p99rtt=1ms) slots=24/25 jobs/s=612 drains=13842 evl=0ms
[2026-06-04 10:01:59.793] [info] [Worker 5] [libqueen] push(q=0 f=1/18 p99rtt=20ms) pop(q=0 f=0/16 p99rtt=16ms) custom(q=0 f=0/1 p99rtt=1ms) slots=24/25 jobs/s=625 drains=13838 evl=0ms
[2026-06-04 10:01:59.821] [info] [Worker 8] [libqueen] push(q=0 f=1/18 p99rtt=22ms) pop(q=0 f=0/16 p99rtt=13ms) custom(q=0 f=0/1 p99rtt=1ms) slots=24/25 jobs/s=624 drains=13863 evl=0ms
[2026-06-04 10:01:59.823] [info] [Worker 2] [libqueen] push(q=0 f=1/18 p99rtt=22ms) pop(q=0 f=0/16 p99rtt=10ms) custom(q=0 f=0/1 p99rtt=1ms) slots=24/25 jobs/s=630 drains=14070 evl=0ms
[2026-06-04 10:01:59.827] [info] [Worker 7] [libqueen] push(q=5 f=0/18 p99rtt=22ms) pop(q=0 f=0/16 p99rtt=15ms) custom(q=0 f=0/1 p99rtt=1ms) slots=25/25 jobs/s=630 drains=13858 evl=0ms
[2026-06-04 10:01:59.827] [info] [Worker 9] [libqueen] push(q=0 f=0/18 p99rtt=21ms) pop(q=0 f=0/16 p99rtt=13ms) custom(q=0 f=0/1 p99rtt=1ms) slots=25/25 jobs/s=630 drains=13867 evl=0ms
[2026-06-04 10:01:59.832] [info] [Worker 1] [libqueen] push(q=0 f=1/18 p99rtt=20ms) pop(q=0 f=0/16 p99rtt=12ms) custom(q=0 f=0/1 p99rtt=1ms) slots=24/25 jobs/s=642 drains=13935 evl=0ms
[2026-06-04 10:01:59.833] [info] [Worker 6] [libqueen] push(q=5 f=0/18 p99rtt=22ms) pop(q=0 f=0/16 p99rtt=17ms) custom(q=0 f=0/1 p99rtt=1ms) slots=25/25 jobs/s=636 drains=13971 evl=0ms
[2026-06-04 10:02:00.729] [info] [Worker 4] [libqueen] push(q=5 f=0/19 p99rtt=20ms) pop(q=0 f=0/16 p99rtt=13ms) custom(q=3 f=0/1 p99rtt=1ms) slots=25/25 jobs/s=630 drains=14622 evl=0ms
[2026-06-04 10:02:00.753] [info] [Worker 0] [libqueen] push(q=0 f=1/19 p99rtt=21ms) pop(q=0 f=0/16 p99rtt=13ms) custom(q=3 f=0/1 p99rtt=1ms) slots=24/25 jobs/s=630 drains=14640 evl=0ms
[2026-06-04 10:02:00.760] [info] [Worker 3] [libqueen] push(q=0 f=1/19 p99rtt=21ms) pop(q=0 f=0/16 p99rtt=15ms) custom(q=3 f=0/1 p99rtt=1ms) slots=24/25 jobs/s=618 drains=14703 evl=0ms
[2026-06-04 10:02:00.794] [info] [Worker 5] [libqueen] push(q=5 f=0/19 p99rtt=20ms) pop(q=0 f=0/16 p99rtt=16ms) custom(q=3 f=0/1 p99rtt=1ms) slots=25/25 jobs/s=618 drains=14681 evl=0ms
[2026-06-04 10:02:00.821] [info] [Worker 8] [libqueen] push(q=5 f=0/19 p99rtt=22ms) pop(q=0 f=0/16 p99rtt=13ms) custom(q=3 f=0/1 p99rtt=1ms) slots=25/25 jobs/s=624 drains=14708 evl=0ms
[2026-06-04 10:02:00.823] [info] [Worker 2] [libqueen] push(q=0 f=1/19 p99rtt=22ms) pop(q=0 f=0/16 p99rtt=10ms) custom(q=3 f=0/1 p99rtt=1ms) slots=24/25 jobs/s=624 drains=14919 evl=0ms
[2026-06-04 10:02:00.826] [info] [Worker 7] [libqueen] push(q=4 f=0/19 p99rtt=22ms) pop(q=0 f=0/16 p99rtt=15ms) custom(q=3 f=0/1 p99rtt=1ms) slots=25/25 jobs/s=624 drains=14727 evl=0ms
[2026-06-04 10:02:00.828] [info] [Worker 9] [libqueen] push(q=5 f=0/19 p99rtt=21ms) pop(q=0 f=0/16 p99rtt=13ms) custom(q=3 f=0/1 p99rtt=1ms) slots=25/25 jobs/s=618 drains=14720 evl=0ms
[2026-06-04 10:02:00.833] [info] [Worker 1] [libqueen] push(q=0 f=1/19 p99rtt=19ms) pop(q=0 f=0/16 p99rtt=12ms) custom(q=3 f=0/1 p99rtt=1ms) slots=24/25 jobs/s=606 drains=14780 evl=0ms
[2026-06-04 10:02:00.833] [info] [Worker 6] [libqueen] push(q=0 f=1/19 p99rtt=21ms) pop(q=0 f=0/16 p99rtt=17ms) custom(q=3 f=0/1 p99rtt=1ms) slots=24/25 jobs/s=612 drains=14809 evl=0ms
[2026-06-04 10:02:01.730] [info] [Worker 4] [libqueen] push(q=5 f=0/20 p99rtt=21ms) pop(q=0 f=0/16 p99rtt=13ms) custom(q=0 f=0/1 p99rtt=1ms) slots=25/25 jobs/s=489 drains=15288 evl=0ms
[2026-06-04 10:02:01.753] [info] [Worker 0] [libqueen] push(q=5 f=0/20 p99rtt=22ms) pop(q=0 f=0/16 p99rtt=13ms) custom(q=0 f=0/1 p99rtt=1ms) slots=25/25 jobs/s=501 drains=15335 evl=0ms
[2026-06-04 10:02:01.760] [info] [Worker 3] [libqueen] push(q=5 f=0/20 p99rtt=22ms) pop(q=0 f=0/16 p99rtt=15ms) custom(q=0 f=0/1 p99rtt=1ms) slots=25/25 jobs/s=501 drains=15365 evl=0ms
[2026-06-04 10:02:01.794] [info] [Worker 5] [libqueen] push(q=0 f=1/20 p99rtt=21ms) pop(q=0 f=0/16 p99rtt=16ms) custom(q=0 f=0/1 p99rtt=1ms) slots=24/25 jobs/s=507 drains=15374 evl=0ms
[2026-06-04 10:02:01.821] [info] [Worker 8] [libqueen] push(q=5 f=0/20 p99rtt=22ms) pop(q=0 f=0/16 p99rtt=13ms) custom(q=0 f=0/1 p99rtt=1ms) slots=25/25 jobs/s=513 drains=15404 evl=0ms
[2026-06-04 10:02:01.822] [info] [Worker 2] [libqueen] push(q=5 f=0/20 p99rtt=22ms) pop(q=0 f=0/16 p99rtt=10ms) custom(q=0 f=0/1 p99rtt=1ms) slots=25/25 jobs/s=507 drains=15626 evl=0ms
[2026-06-04 10:02:01.827] [info] [Worker 7] [libqueen] push(q=5 f=0/20 p99rtt=22ms) pop(q=0 f=0/16 p99rtt=15ms) custom(q=0 f=0/1 p99rtt=1ms) slots=25/25 jobs/s=501 drains=15406 evl=0ms
[2026-06-04 10:02:01.828] [info] [Worker 9] [libqueen] push(q=0 f=1/20 p99rtt=21ms) pop(q=0 f=0/16 p99rtt=13ms) custom(q=0 f=0/1 p99rtt=1ms) slots=24/25 jobs/s=501 drains=15412 evl=0ms
[2026-06-04 10:02:01.834] [info] [Worker 6] [libqueen] push(q=5 f=0/20 p99rtt=22ms) pop(q=0 f=0/16 p99rtt=17ms) custom(q=0 f=0/1 p99rtt=1ms) slots=25/25 jobs/s=501 drains=15478 evl=0ms
[2026-06-04 10:02:01.834] [info] [Worker 1] [libqueen] push(q=5 f=0/20 p99rtt=20ms) pop(q=0 f=0/16 p99rtt=12ms) custom(q=0 f=0/1 p99rtt=1ms) slots=25/25 jobs/s=507 drains=15474 evl=0ms
[2026-06-04 10:02:02.730] [info] [Worker 4] [libqueen] push(q=5 f=0/21 p99rtt=21ms) pop(q=0 f=0/16 p99rtt=13ms) custom(q=0 f=0/1 p99rtt=1ms) slots=25/25 jobs/s=588 drains=16100 evl=0ms
[2026-06-04 10:02:02.753] [info] [Worker 0] [libqueen] push(q=0 f=1/21 p99rtt=22ms) pop(q=0 f=0/16 p99rtt=13ms) custom(q=0 f=0/1 p99rtt=1ms) slots=24/25 jobs/s=594 drains=16153 evl=0ms
[2026-06-04 10:02:02.760] [info] [Worker 3] [libqueen] push(q=5 f=0/21 p99rtt=21ms) pop(q=0 f=0/16 p99rtt=15ms) custom(q=0 f=0/1 p99rtt=1ms) slots=25/25 jobs/s=612 drains=16200 evl=0ms
[2026-06-04 10:02:02.793] [info] [Worker 5] [libqueen] push(q=5 f=0/21 p99rtt=21ms) pop(q=0 f=0/16 p99rtt=16ms) custom(q=0 f=0/1 p99rtt=1ms) slots=25/25 jobs/s=606 drains=16203 evl=0ms
[2026-06-04 10:02:02.822] [info] [Worker 8] [libqueen] push(q=5 f=0/21 p99rtt=22ms) pop(q=0 f=0/16 p99rtt=13ms) custom(q=0 f=0/1 p99rtt=1ms) slots=25/25 jobs/s=606 drains=16234 evl=0ms
[2026-06-04 10:02:02.823] [info] [Worker 2] [libqueen] push(q=5 f=0/21 p99rtt=22ms) pop(q=0 f=0/16 p99rtt=10ms) custom(q=0 f=0/1 p99rtt=1ms) slots=25/25 jobs/s=594 drains=16435 evl=0ms
[2026-06-04 10:02:02.827] [info] [Worker 7] [libqueen] push(q=0 f=1/21 p99rtt=22ms) pop(q=0 f=0/16 p99rtt=15ms) custom(q=0 f=0/1 p99rtt=1ms) slots=24/25 jobs/s=600 drains=16230 evl=0ms
[2026-06-04 10:02:02.828] [info] [Worker 9] [libqueen] push(q=5 f=0/21 p99rtt=22ms) pop(q=0 f=0/16 p99rtt=13ms) custom(q=0 f=0/1 p99rtt=1ms) slots=25/25 jobs/s=594 drains=16230 evl=0ms
[2026-06-04 10:02:02.834] [info] [Worker 6] [libqueen] push(q=5 f=0/21 p99rtt=22ms) pop(q=0 f=0/16 p99rtt=17ms) custom(q=0 f=0/1 p99rtt=1ms) slots=25/25 jobs/s=606 drains=16286 evl=0ms
[2026-06-04 10:02:02.834] [info] [Worker 1] [libqueen] push(q=0 f=1/21 p99rtt=20ms) pop(q=0 f=0/16 p99rtt=12ms) custom(q=0 f=0/1 p99rtt=1ms) slots=24/25 jobs/s=600 drains=16307 evl=0ms
[2026-06-04 10:02:03.483] [info] QPOP: Connection aborted for 8f722991-75ad-49af-b7b2-717b157d292b
[2026-06-04 10:02:03.483] [info] QPOP: Connection aborted for 58639fb5-eeb6-4f71-83b8-5eda78efcb00
[2026-06-04 10:02:03.483] [info] QPOP: Connection aborted for bb83ef7a-ef04-4e72-b7c1-cf620ca732e6
[2026-06-04 10:02:03.483] [info] QPOP: Connection aborted for eff49a04-f9b7-4a01-8473-4e31a411f006
[2026-06-04 10:02:03.484] [info] QPOP: Connection aborted for 9f90136a-c315-44b1-82ef-ed6357080027
[2026-06-04 10:02:03.486] [info] QPOP: Connection aborted for c486802d-e04d-4618-bc48-13de410e01b5
[2026-06-04 10:02:03.486] [info] QPOP: Connection aborted for 5aff996d-0636-49fc-a1d1-5c50e1431277
[2026-06-04 10:02:03.486] [info] QPOP: Connection aborted for 4679e186-8f78-444d-9210-1990f20d1116
[2026-06-04 10:02:03.486] [info] QPOP: Connection aborted for f915195b-c5fc-4aa2-b855-f254516198db
[2026-06-04 10:02:03.486] [info] QPOP: Connection aborted for 1d4f6bcb-9581-4447-8200-b6840c48d425
[2026-06-04 10:02:03.494] [info] QPOP: Connection aborted for 1c32b75e-6f16-4af6-b809-33dcf1a73365
[2026-06-04 10:02:03.494] [info] QPOP: Connection aborted for 831aebee-fae0-411a-918f-5074c9f19d1f
[2026-06-04 10:02:03.494] [info] QPOP: Connection aborted for 5c5c2c34-c550-46b1-9468-61b643bb27be
[2026-06-04 10:02:03.494] [info] QPOP: Connection aborted for 7b84179a-8fb1-42f3-9b85-b617b63be097
[2026-06-04 10:02:03.495] [info] QPOP: Connection aborted for 3e118446-d428-4e88-a070-89435468478a
[2026-06-04 10:02:03.496] [info] QPOP: Connection aborted for 9cf05ccf-fb75-4425-84d8-1948c38c80f1
[2026-06-04 10:02:03.496] [info] QPOP: Connection aborted for 75eb60f8-6710-4209-922e-592453ed46ea
[2026-06-04 10:02:03.496] [info] QPOP: Connection aborted for 87a34595-a0c1-44a9-b025-e7377cae85f8
[2026-06-04 10:02:03.498] [info] QPOP: Connection aborted for 5baa581a-0b48-4722-a71b-986aecbc4d63
[2026-06-04 10:02:03.498] [info] QPOP: Connection aborted for 16111862-dcdd-4206-ac10-6653c283c0d1
[2026-06-04 10:02:03.498] [info] QPOP: Connection aborted for 47a30299-8793-4c14-9ab9-bebfdf40bd8c
[2026-06-04 10:02:03.499] [info] QPOP: Connection aborted for bea60527-8948-4fa4-9b08-e29682646233
[2026-06-04 10:02:03.499] [info] QPOP: Connection aborted for 381c054e-482a-401c-9ee0-8f707d2ea9f2
[2026-06-04 10:02:03.499] [info] QPOP: Connection aborted for e92754d8-6e1a-44cb-81c3-3d5cddd60faa
[2026-06-04 10:02:03.499] [info] QPOP: Connection aborted for eae156c8-5c56-41eb-9dc3-955c1d36d14c
[2026-06-04 10:02:03.506] [info] QPOP: Connection aborted for b5565e17-227f-4aca-b0c8-32527644bed8
[2026-06-04 10:02:03.508] [info] QPOP: Connection aborted for c214ac6a-a6d4-4795-8884-b6d5463c66ce
[2026-06-04 10:02:03.508] [info] QPOP: Connection aborted for 0c7ba997-1229-433e-840f-b502c53e7711
[2026-06-04 10:02:03.508] [info] QPOP: Connection aborted for cffbde7f-93f6-4a4e-97e3-b0310f866633
[2026-06-04 10:02:03.508] [info] QPOP: Connection aborted for 9fa2984f-06f0-4c62-bf52-ca6ba67d30bc
[2026-06-04 10:02:03.508] [info] QPOP: Connection aborted for 8e688fe3-7cc1-4cfb-a9f3-0f9a535f5f9e
[2026-06-04 10:02:03.508] [info] QPOP: Connection aborted for 19ef1949-95f6-4931-a30a-bfdbbf4b96e3
[2026-06-04 10:02:03.508] [info] QPOP: Connection aborted for e3a4a23c-9c3d-4d3d-bcfa-1d8131c19f0b
[2026-06-04 10:02:03.508] [info] QPOP: Connection aborted for 485b63f1-60d9-45e6-9602-4ce10dbf1c1d
[2026-06-04 10:02:03.508] [info] QPOP: Connection aborted for 73e86607-4d90-4c1b-9a6e-ef45ea584807
[2026-06-04 10:02:03.508] [info] QPOP: Connection aborted for 2cdd4c7e-0683-40f1-b212-56c9fca66923
[2026-06-04 10:02:03.509] [info] QPOP: Connection aborted for ec03e841-d958-4258-9147-5bc2cb310739
[2026-06-04 10:02:03.509] [info] QPOP: Connection aborted for b2568f39-2abd-4df1-83bf-5e220af83b32
[2026-06-04 10:02:03.510] [info] QPOP: Connection aborted for 26bfdbc1-4599-4428-9586-547676ebf652
[2026-06-04 10:02:03.510] [info] QPOP: Connection aborted for 662e2353-430b-4345-b759-9d8a6687b694
[2026-06-04 10:02:03.518] [info] QPOP: Connection aborted for 08a10d28-86e1-412f-8dc5-734429ac8040
[2026-06-04 10:02:03.519] [info] QPOP: Connection aborted for f65e4525-8893-45cd-8769-406da3e49bc8
[2026-06-04 10:02:03.519] [info] QPOP: Connection aborted for 741de1c3-3ddd-4413-85f2-a47332da3230
[2026-06-04 10:02:03.519] [info] QPOP: Connection aborted for 27f825d6-e0e2-410d-86de-0809ce7578c7
[2026-06-04 10:02:03.519] [info] QPOP: Connection aborted for 169c51fa-5df9-4b2c-a17a-9c172f7d53c1
[2026-06-04 10:02:03.519] [info] QPOP: Connection aborted for 9e3d237f-e9e1-4f17-ba10-ff0c90c7beab
[2026-06-04 10:02:03.519] [info] QPOP: Connection aborted for acb58298-4872-482f-bf82-cec46790b652
[2026-06-04 10:02:03.519] [info] QPOP: Connection aborted for c7d80cfe-93d5-498b-8eea-07796a6cc075
[2026-06-04 10:02:03.519] [info] QPOP: Connection aborted for e530194e-0344-4bd2-b883-92b3714b8202
[2026-06-04 10:02:03.519] [info] QPOP: Connection aborted for e725a9f3-a8f1-4165-90d6-565a995d7779
[2026-06-04 10:02:03.729] [info] [Worker 4] [libqueen] push(q=0 f=0/22 p99rtt=21ms) pop(q=2 f=0/16 p99rtt=13ms) custom(q=0 f=1/1 p99rtt=1ms) slots=24/25 jobs/s=599 drains=16921 evl=0ms
[2026-06-04 10:02:03.754] [info] [Worker 0] [libqueen] push(q=5 f=0/22 p99rtt=22ms) pop(q=0 f=0/16 p99rtt=13ms) custom(q=0 f=0/1 p99rtt=1ms) slots=25/25 jobs/s=618 drains=17020 evl=0ms
[2026-06-04 10:02:03.760] [info] [Worker 3] [libqueen] push(q=5 f=0/22 p99rtt=22ms) pop(q=0 f=0/16 p99rtt=15ms) custom(q=0 f=0/1 p99rtt=1ms) slots=25/25 jobs/s=618 drains=17026 evl=0ms
[2026-06-04 10:02:03.794] [info] [Worker 5] [libqueen] push(q=0 f=1/22 p99rtt=21ms) pop(q=0 f=0/16 p99rtt=16ms) custom(q=0 f=0/1 p99rtt=1ms) slots=24/25 jobs/s=600 drains=17043 evl=0ms
[2026-06-04 10:02:03.822] [info] [Worker 8] [libqueen] push(q=5 f=0/22 p99rtt=22ms) pop(q=0 f=0/16 p99rtt=13ms) custom(q=0 f=0/1 p99rtt=1ms) slots=25/25 jobs/s=600 drains=17073 evl=0ms
[2026-06-04 10:02:03.822] [info] [Worker 2] [libqueen] push(q=4 f=0/22 p99rtt=22ms) pop(q=0 f=0/16 p99rtt=10ms) custom(q=0 f=0/1 p99rtt=1ms) slots=25/25 jobs/s=624 drains=17301 evl=0ms
[2026-06-04 10:02:03.827] [info] [Worker 7] [libqueen] push(q=5 f=0/22 p99rtt=22ms) pop(q=0 f=0/16 p99rtt=15ms) custom(q=0 f=0/1 p99rtt=1ms) slots=25/25 jobs/s=606 drains=17043 evl=0ms
[2026-06-04 10:02:03.828] [info] [Worker 9] [libqueen] push(q=5 f=0/22 p99rtt=22ms) pop(q=0 f=0/16 p99rtt=13ms) custom(q=0 f=0/1 p99rtt=1ms) slots=25/25 jobs/s=606 drains=17077 evl=0ms
[2026-06-04 10:02:03.834] [info] [Worker 6] [libqueen] push(q=5 f=0/22 p99rtt=22ms) pop(q=2 f=0/16 p99rtt=17ms) custom(q=0 f=0/1 p99rtt=1ms) slots=25/25 jobs/s=612 drains=17136 evl=0ms
[2026-06-04 10:02:03.835] [info] [Worker 1] [libqueen] push(q=2 f=0/22 p99rtt=21ms) pop(q=1 f=0/16 p99rtt=12ms) custom(q=0 f=0/1 p99rtt=1ms) slots=25/25 jobs/s=624 drains=17155 evl=0ms
[2026-06-04 10:02:04.162] [info] StatsService: cycle completed in 13ms
[2026-06-04 10:02:04.730] [info] [Worker 4] [libqueen] push(q=5 f=0/23 p99rtt=23ms) pop(q=0 f=0/16 p99rtt=13ms) custom(q=0 f=0/1 p99rtt=1ms) slots=25/25 jobs/s=607 drains=17747 evl=0ms
[2026-06-04 10:02:04.756] [info] [Worker 0] [libqueen] push(q=5 f=0/23 p99rtt=23ms) pop(q=0 f=0/16 p99rtt=13ms) custom(q=0 f=0/1 p99rtt=1ms) slots=25/25 jobs/s=600 drains=17819 evl=0ms
[2026-06-04 10:02:04.759] [info] [Worker 3] [libqueen] push(q=0 f=1/23 p99rtt=22ms) pop(q=0 f=0/16 p99rtt=15ms) custom(q=0 f=0/1 p99rtt=1ms) slots=24/25 jobs/s=606 drains=17878 evl=0ms
[2026-06-04 10:02:04.794] [info] [Worker 5] [libqueen] push(q=5 f=0/23 p99rtt=22ms) pop(q=0 f=0/16 p99rtt=16ms) custom(q=0 f=0/1 p99rtt=1ms) slots=25/25 jobs/s=606 drains=17881 evl=0ms
[2026-06-04 10:02:04.821] [info] [Worker 8] [libqueen] push(q=5 f=0/23 p99rtt=23ms) pop(q=0 f=0/16 p99rtt=13ms) custom(q=0 f=0/1 p99rtt=1ms) slots=25/25 jobs/s=612 drains=17892 evl=0ms
[2026-06-04 10:02:04.823] [info] [Worker 2] [libqueen] push(q=5 f=0/23 p99rtt=23ms) pop(q=0 f=0/16 p99rtt=10ms) custom(q=0 f=0/1 p99rtt=1ms) slots=25/25 jobs/s=612 drains=18123 evl=0ms
[2026-06-04 10:02:04.827] [info] [Worker 7] [libqueen] push(q=0 f=0/23 p99rtt=22ms) pop(q=0 f=0/16 p99rtt=15ms) custom(q=0 f=0/1 p99rtt=1ms) slots=25/25 jobs/s=618 drains=17871 evl=0ms
[2026-06-04 10:02:04.827] [info] [Worker 9] [libqueen] push(q=0 f=1/23 p99rtt=22ms) pop(q=0 f=0/16 p99rtt=13ms) custom(q=0 f=0/1 p99rtt=1ms) slots=24/25 jobs/s=600 drains=17914 evl=0ms
[2026-06-04 10:02:04.833] [info] [Worker 6] [libqueen] push(q=5 f=0/23 p99rtt=23ms) pop(q=0 f=0/16 p99rtt=17ms) custom(q=0 f=0/1 p99rtt=1ms) slots=25/25 jobs/s=606 drains=17968 evl=0ms
[2026-06-04 10:02:04.834] [info] [Worker 1] [libqueen] push(q=5 f=0/23 p99rtt=22ms) pop(q=0 f=0/16 p99rtt=12ms) custom(q=0 f=0/1 p99rtt=1ms) slots=25/25 jobs/s=612 drains=17989 evl=0ms
[2026-06-04 10:02:05.729] [info] [Worker 4] [libqueen] push(q=0 f=0/24 p99rtt=23ms) pop(q=0 f=0/16 p99rtt=13ms) custom(q=0 f=1/1 p99rtt=1ms) slots=24/25 jobs/s=617 drains=18537 evl=0ms
[2026-06-04 10:02:05.756] [info] [Worker 0] [libqueen] push(q=5 f=0/24 p99rtt=24ms) pop(q=0 f=0/16 p99rtt=13ms) custom(q=0 f=0/1 p99rtt=1ms) slots=25/25 jobs/s=594 drains=18632 evl=0ms
[2026-06-04 10:02:05.759] [info] [Worker 3] [libqueen] push(q=0 f=0/24 p99rtt=24ms) pop(q=0 f=0/16 p99rtt=15ms) custom(q=0 f=1/1 p99rtt=2ms) slots=24/25 jobs/s=593 drains=18678 evl=0ms
[2026-06-04 10:02:05.794] [info] [Worker 5] [libqueen] push(q=0 f=1/24 p99rtt=23ms) pop(q=0 f=0/16 p99rtt=16ms) custom(q=0 f=0/1 p99rtt=1ms) slots=24/25 jobs/s=612 drains=18729 evl=0ms
[2026-06-04 10:02:05.822] [info] [Worker 8] [libqueen] push(q=0 f=1/24 p99rtt=23ms) pop(q=0 f=0/16 p99rtt=13ms) custom(q=0 f=0/1 p99rtt=1ms) slots=24/25 jobs/s=606 drains=18711 evl=0ms
[2026-06-04 10:02:05.823] [info] [Worker 2] [libqueen] push(q=5 f=0/24 p99rtt=23ms) pop(q=0 f=0/16 p99rtt=10ms) custom(q=0 f=0/1 p99rtt=1ms) slots=25/25 jobs/s=594 drains=18947 evl=0ms
[2026-06-04 10:02:05.827] [info] [Worker 9] [libqueen] push(q=2 f=0/24 p99rtt=22ms) pop(q=0 f=0/16 p99rtt=13ms) custom(q=0 f=0/1 p99rtt=1ms) slots=25/25 jobs/s=588 drains=18701 evl=0ms
[2026-06-04 10:02:05.827] [info] [Worker 7] [libqueen] push(q=5 f=0/24 p99rtt=23ms) pop(q=0 f=0/16 p99rtt=15ms) custom(q=0 f=0/1 p99rtt=1ms) slots=25/25 jobs/s=600 drains=18685 evl=0ms
[2026-06-04 10:02:05.834] [info] [Worker 6] [libqueen] push(q=2 f=0/24 p99rtt=24ms) pop(q=0 f=0/16 p99rtt=17ms) custom(q=0 f=0/1 p99rtt=1ms) slots=25/25 jobs/s=594 drains=18782 evl=0ms
[2026-06-04 10:02:05.834] [info] [Worker 1] [libqueen] push(q=4 f=0/24 p99rtt=22ms) pop(q=0 f=0/16 p99rtt=12ms) custom(q=0 f=0/1 p99rtt=1ms) slots=25/25 jobs/s=612 drains=18827 evl=0ms
[2026-06-04 10:02:06.729] [info] [Worker 4] [libqueen] push(q=0 f=0/24 p99rtt=23ms) pop(q=0 f=0/16 p99rtt=13ms) custom(q=0 f=1/1 p99rtt=1ms) slots=24/25 jobs/s=564 drains=19323 evl=0ms
[2026-06-04 10:02:06.755] [info] [Worker 0] [libqueen] push(q=0 f=0/24 p99rtt=25ms) pop(q=0 f=0/16 p99rtt=13ms) custom(q=0 f=0/1 p99rtt=1ms) slots=25/25 jobs/s=570 drains=19405 evl=0ms
[2026-06-04 10:02:06.760] [info] [Worker 3] [libqueen] push(q=5 f=0/24 p99rtt=25ms) pop(q=0 f=0/16 p99rtt=15ms) custom(q=0 f=0/1 p99rtt=2ms) slots=25/25 jobs/s=565 drains=19488 evl=0ms
[2026-06-04 10:02:06.794] [info] [Worker 5] [libqueen] push(q=0 f=1/24 p99rtt=25ms) pop(q=0 f=0/16 p99rtt=16ms) custom(q=0 f=0/1 p99rtt=1ms) slots=24/25 jobs/s=570 drains=19509 evl=0ms
[2026-06-04 10:02:06.822] [info] [Worker 8] [libqueen] push(q=3 f=0/24 p99rtt=24ms) pop(q=0 f=0/16 p99rtt=13ms) custom(q=0 f=1/1 p99rtt=1ms) slots=24/25 jobs/s=563 drains=19501 evl=0ms
[2026-06-04 10:02:06.824] [info] [Worker 2] [libqueen] push(q=5 f=0/24 p99rtt=24ms) pop(q=0 f=0/16 p99rtt=10ms) custom(q=0 f=0/1 p99rtt=1ms) slots=25/25 jobs/s=576 drains=19718 evl=0ms
[2026-06-04 10:02:06.828] [info] [Worker 7] [libqueen] push(q=0 f=1/24 p99rtt=23ms) pop(q=0 f=0/16 p99rtt=15ms) custom(q=0 f=0/1 p99rtt=1ms) slots=24/25 jobs/s=570 drains=19460 evl=0ms
[2026-06-04 10:02:06.828] [info] [Worker 9] [libqueen] push(q=0 f=1/24 p99rtt=23ms) pop(q=0 f=0/16 p99rtt=13ms) custom(q=0 f=0/1 p99rtt=1ms) slots=24/25 jobs/s=570 drains=19492 evl=0ms
[2026-06-04 10:02:06.834] [info] [Worker 6] [libqueen] push(q=5 f=0/24 p99rtt=24ms) pop(q=0 f=0/16 p99rtt=17ms) custom(q=0 f=0/1 p99rtt=1ms) slots=25/25 jobs/s=564 drains=19565 evl=0ms
[2026-06-04 10:02:06.835] [info] [Worker 1] [libqueen] push(q=5 f=0/24 p99rtt=23ms) pop(q=0 f=0/16 p99rtt=12ms) custom(q=0 f=0/1 p99rtt=1ms) slots=25/25 jobs/s=570 drains=19621 evl=0ms
[2026-06-04 10:02:07.166] [info] PartitionLookupReconcileService: fixed 4 partition_lookup rows (stats leader, hostname=c932ee286edc)
[2026-06-04 10:02:07.730] [info] [Worker 4] [libqueen] push(q=5 f=0/24 p99rtt=23ms) pop(q=0 f=0/16 p99rtt=13ms) custom(q=0 f=0/1 p99rtt=1ms) slots=25/25 jobs/s=619 drains=20150 evl=0ms
[2026-06-04 10:02:07.755] [info] [Worker 0] [libqueen] push(q=5 f=0/24 p99rtt=25ms) pop(q=0 f=0/16 p99rtt=13ms) custom(q=0 f=0/1 p99rtt=1ms) slots=25/25 jobs/s=606 drains=20254 evl=0ms
[2026-06-04 10:02:07.761] [info] [Worker 3] [libqueen] push(q=5 f=0/24 p99rtt=25ms) pop(q=0 f=0/16 p99rtt=15ms) custom(q=0 f=0/1 p99rtt=2ms) slots=25/25 jobs/s=594 drains=20305 evl=0ms
[2026-06-04 10:02:07.794] [info] [Worker 5] [libqueen] push(q=0 f=1/24 p99rtt=25ms) pop(q=0 f=0/16 p99rtt=16ms) custom(q=0 f=0/1 p99rtt=1ms) slots=24/25 jobs/s=600 drains=20328 evl=0ms
[2026-06-04 10:02:07.822] [info] [Worker 8] [libqueen] push(q=5 f=0/24 p99rtt=26ms) pop(q=0 f=0/16 p99rtt=13ms) custom(q=0 f=0/1 p99rtt=1ms) slots=25/25 jobs/s=619 drains=20359 evl=0ms
[2026-06-04 10:02:07.823] [info] [Worker 2] [libqueen] push(q=0 f=1/24 p99rtt=24ms) pop(q=0 f=0/16 p99rtt=10ms) custom(q=0 f=0/1 p99rtt=1ms) slots=24/25 jobs/s=612 drains=20565 evl=0ms
[2026-06-04 10:02:07.827] [info] [Worker 7] [libqueen] push(q=0 f=1/24 p99rtt=23ms) pop(q=0 f=0/16 p99rtt=15ms) custom(q=0 f=0/1 p99rtt=1ms) slots=24/25 jobs/s=612 drains=20298 evl=0ms
[2026-06-04 10:02:07.829] [info] [Worker 9] [libqueen] push(q=0 f=1/24 p99rtt=24ms) pop(q=0 f=0/16 p99rtt=13ms) custom(q=0 f=0/1 p99rtt=1ms) slots=24/25 jobs/s=618 drains=20351 evl=0ms
[2026-06-04 10:02:07.834] [info] [Worker 6] [libqueen] push(q=0 f=1/24 p99rtt=25ms) pop(q=0 f=0/16 p99rtt=17ms) custom(q=0 f=0/1 p99rtt=1ms) slots=24/25 jobs/s=612 drains=20397 evl=0ms
[2026-06-04 10:02:07.835] [info] [Worker 1] [libqueen] push(q=0 f=1/24 p99rtt=22ms) pop(q=0 f=0/16 p99rtt=12ms) custom(q=0 f=0/1 p99rtt=1ms) slots=24/25 jobs/s=612 drains=20483 evl=0ms
[2026-06-04 10:02:08.729] [info] [Worker 4] [libqueen] push(q=0 f=0/24 p99rtt=25ms) pop(q=0 f=0/16 p99rtt=13ms) custom(q=0 f=1/1 p99rtt=1ms) slots=24/25 jobs/s=617 drains=20965 evl=0ms
[2026-06-04 10:02:08.756] [info] [Worker 0] [libqueen] push(q=0 f=1/24 p99rtt=25ms) pop(q=0 f=0/16 p99rtt=13ms) custom(q=0 f=0/1 p99rtt=1ms) slots=24/25 jobs/s=624 drains=21105 evl=0ms
[2026-06-04 10:02:08.760] [info] [Worker 3] [libqueen] push(q=5 f=0/24 p99rtt=25ms) pop(q=0 f=0/16 p99rtt=15ms) custom(q=0 f=0/1 p99rtt=2ms) slots=25/25 jobs/s=636 drains=21179 evl=0ms
[2026-06-04 10:02:08.794] [info] [Worker 5] [libqueen] push(q=0 f=1/24 p99rtt=26ms) pop(q=0 f=0/16 p99rtt=16ms) custom(q=0 f=0/1 p99rtt=1ms) slots=24/25 jobs/s=630 drains=21200 evl=0ms
[2026-06-04 10:02:08.821] [info] [Worker 8] [libqueen] push(q=0 f=1/24 p99rtt=26ms) pop(q=0 f=0/16 p99rtt=13ms) custom(q=0 f=0/1 p99rtt=1ms) slots=24/25 jobs/s=630 drains=21245 evl=0ms
[2026-06-04 10:02:08.823] [info] [Worker 2] [libqueen] push(q=0 f=0/24 p99rtt=25ms) pop(q=0 f=0/16 p99rtt=10ms) custom(q=0 f=1/1 p99rtt=1ms) slots=24/25 jobs/s=635 drains=21414 evl=0ms
[2026-06-04 10:02:08.828] [info] [Worker 7] [libqueen] push(q=5 f=0/24 p99rtt=26ms) pop(q=0 f=0/16 p99rtt=15ms) custom(q=0 f=0/1 p99rtt=1ms) slots=25/25 jobs/s=630 drains=21144 evl=0ms
[2026-06-04 10:02:08.829] [info] [Worker 9] [libqueen] push(q=0 f=1/24 p99rtt=24ms) pop(q=0 f=0/16 p99rtt=13ms) custom(q=0 f=0/1 p99rtt=1ms) slots=24/25 jobs/s=624 drains=21217 evl=0ms
[2026-06-04 10:02:08.834] [info] [Worker 6] [libqueen] push(q=5 f=0/24 p99rtt=25ms) pop(q=0 f=0/16 p99rtt=17ms) custom(q=0 f=0/1 p99rtt=1ms) slots=25/25 jobs/s=636 drains=21251 evl=0ms
[2026-06-04 10:02:08.835] [info] [Worker 1] [libqueen] push(q=5 f=0/24 p99rtt=22ms) pop(q=0 f=0/16 p99rtt=12ms) custom(q=0 f=0/1 p99rtt=1ms) slots=25/25 jobs/s=630 drains=21351 evl=0ms
[2026-06-04 10:02:09.730] [info] [Worker 4] [libqueen] push(q=0 f=1/24 p99rtt=25ms) pop(q=0 f=0/16 p99rtt=13ms) custom(q=0 f=0/1 p99rtt=1ms) slots=24/25 jobs/s=619 drains=21807 evl=0ms
[2026-06-04 10:02:09.756] [info] [Worker 0] [libqueen] push(q=5 f=0/24 p99rtt=25ms) pop(q=0 f=0/16 p99rtt=13ms) custom(q=0 f=0/1 p99rtt=1ms) slots=25/25 jobs/s=624 drains=21957 evl=0ms
[2026-06-04 10:02:09.761] [info] [Worker 3] [libqueen] push(q=0 f=1/24 p99rtt=25ms) pop(q=0 f=0/16 p99rtt=15ms) custom(q=0 f=0/1 p99rtt=2ms) slots=24/25 jobs/s=618 drains=22036 evl=0ms
[2026-06-04 10:02:09.794] [info] [Worker 5] [libqueen] push(q=5 f=0/24 p99rtt=26ms) pop(q=0 f=0/16 p99rtt=16ms) custom(q=0 f=0/1 p99rtt=1ms) slots=25/25 jobs/s=624 drains=22046 evl=0ms
[2026-06-04 10:02:09.822] [info] [Worker 8] [libqueen] push(q=5 f=0/24 p99rtt=26ms) pop(q=0 f=0/16 p99rtt=13ms) custom(q=0 f=0/1 p99rtt=1ms) slots=25/25 jobs/s=618 drains=22093 evl=0ms
[2026-06-04 10:02:09.824] [info] [Worker 2] [libqueen] push(q=5 f=0/24 p99rtt=25ms) pop(q=0 f=0/16 p99rtt=10ms) custom(q=0 f=0/1 p99rtt=1ms) slots=25/25 jobs/s=631 drains=22283 evl=0ms
[2026-06-04 10:02:09.828] [info] [Worker 7] [libqueen] push(q=0 f=0/24 p99rtt=26ms) pop(q=0 f=0/16 p99rtt=15ms) custom(q=0 f=1/1 p99rtt=1ms) slots=24/25 jobs/s=629 drains=21997 evl=0ms
[2026-06-04 10:02:09.829] [info] [Worker 9] [libqueen] push(q=0 f=1/24 p99rtt=24ms) pop(q=0 f=0/16 p99rtt=13ms) custom(q=0 f=0/1 p99rtt=1ms) slots=24/25 jobs/s=624 drains=22098 evl=0ms
[2026-06-04 10:02:09.834] [info] [Worker 6] [libqueen] push(q=0 f=1/24 p99rtt=25ms) pop(q=0 f=0/16 p99rtt=17ms) custom(q=0 f=0/1 p99rtt=1ms) slots=24/25 jobs/s=630 drains=22119 evl=0ms
[2026-06-04 10:02:09.835] [info] [Worker 1] [libqueen] push(q=0 f=1/24 p99rtt=23ms) pop(q=0 f=0/16 p99rtt=12ms) custom(q=0 f=0/1 p99rtt=1ms) slots=24/25 jobs/s=630 drains=22222 evl=0ms
[2026-06-04 10:02:10.729] [info] [Worker 4] [libqueen] push(q=0 f=1/24 p99rtt=26ms) pop(q=0 f=0/16 p99rtt=13ms) custom(q=0 f=0/1 p99rtt=1ms) slots=24/25 jobs/s=624 drains=22665 evl=0ms
[2026-06-04 10:02:10.756] [info] [Worker 0] [libqueen] push(q=0 f=1/24 p99rtt=25ms) pop(q=0 f=0/16 p99rtt=13ms) custom(q=0 f=0/1 p99rtt=1ms) slots=24/25 jobs/s=624 drains=22800 evl=0ms
[2026-06-04 10:02:10.760] [info] [Worker 3] [libqueen] push(q=0 f=0/24 p99rtt=26ms) pop(q=0 f=0/16 p99rtt=15ms) custom(q=0 f=0/1 p99rtt=2ms) slots=25/25 jobs/s=630 drains=22892 evl=0ms
[2026-06-04 10:02:10.793] [info] [Worker 5] [libqueen] push(q=0 f=0/24 p99rtt=27ms) pop(q=0 f=0/16 p99rtt=16ms) custom(q=0 f=0/1 p99rtt=1ms) slots=25/25 jobs/s=636 drains=22913 evl=0ms
[2026-06-04 10:02:10.822] [info] [Worker 8] [libqueen] push(q=0 f=0/24 p99rtt=27ms) pop(q=0 f=0/16 p99rtt=13ms) custom(q=0 f=1/1 p99rtt=1ms) slots=24/25 jobs/s=629 drains=22962 evl=0ms
[2026-06-04 10:02:10.823] [info] [Worker 2] [libqueen] push(q=3 f=0/24 p99rtt=26ms) pop(q=0 f=0/16 p99rtt=10ms) custom(q=0 f=0/1 p99rtt=1ms) slots=25/25 jobs/s=630 drains=23167 evl=0ms
[2026-06-04 10:02:10.828] [info] [Worker 7] [libqueen] push(q=5 f=0/24 p99rtt=27ms) pop(q=0 f=0/16 p99rtt=15ms) custom(q=0 f=0/1 p99rtt=1ms) slots=25/25 jobs/s=631 drains=22868 evl=0ms
[2026-06-04 10:02:10.829] [info] [Worker 9] [libqueen] push(q=5 f=0/24 p99rtt=26ms) pop(q=0 f=0/16 p99rtt=13ms) custom(q=0 f=0/1 p99rtt=1ms) slots=25/25 jobs/s=624 drains=22954 evl=0ms
[2026-06-04 10:02:10.833] [info] [Worker 6] [libqueen] push(q=5 f=0/24 p99rtt=25ms) pop(q=0 f=0/16 p99rtt=17ms) custom(q=0 f=0/1 p99rtt=1ms) slots=25/25 jobs/s=636 drains=23018 evl=0ms
[2026-06-04 10:02:10.834] [info] [Worker 1] [libqueen] push(q=5 f=0/24 p99rtt=24ms) pop(q=0 f=0/16 p99rtt=12ms) custom(q=0 f=0/1 p99rtt=1ms) slots=25/25 jobs/s=624 drains=23080 evl=0ms
[2026-06-04 10:02:11.729] [info] [Worker 4] [libqueen] push(q=2 f=0/24 p99rtt=27ms) pop(q=0 f=0/16 p99rtt=13ms) custom(q=0 f=1/1 p99rtt=1ms) slots=24/25 jobs/s=587 drains=23459 evl=0ms
[2026-06-04 10:02:11.755] [info] [Worker 0] [libqueen] push(q=5 f=0/24 p99rtt=26ms) pop(q=0 f=0/16 p99rtt=13ms) custom(q=0 f=0/1 p99rtt=1ms) slots=25/25 jobs/s=594 drains=23630 evl=0ms
[2026-06-04 10:02:11.761] [info] [Worker 3] [libqueen] push(q=0 f=1/24 p99rtt=27ms) pop(q=0 f=0/16 p99rtt=15ms) custom(q=0 f=0/1 p99rtt=2ms) slots=24/25 jobs/s=570 drains=23700 evl=0ms
[2026-06-04 10:02:11.793] [info] [Worker 5] [libqueen] push(q=0 f=0/24 p99rtt=27ms) pop(q=0 f=0/16 p99rtt=16ms) custom(q=0 f=0/1 p99rtt=1ms) slots=25/25 jobs/s=588 drains=23702 evl=0ms
[2026-06-04 10:02:11.822] [info] [Worker 8] [libqueen] push(q=0 f=1/24 p99rtt=26ms) pop(q=0 f=0/16 p99rtt=13ms) custom(q=0 f=0/1 p99rtt=1ms) slots=24/25 jobs/s=583 drains=23762 evl=0ms
[2026-06-04 10:02:11.823] [info] [Worker 2] [libqueen] push(q=0 f=0/24 p99rtt=26ms) pop(q=0 f=0/16 p99rtt=10ms) custom(q=0 f=0/1 p99rtt=1ms) slots=25/25 jobs/s=576 drains=23970 evl=0ms
[2026-06-04 10:02:11.828] [info] [Worker 7] [libqueen] push(q=0 f=1/24 p99rtt=26ms) pop(q=0 f=0/16 p99rtt=15ms) custom(q=0 f=0/1 p99rtt=1ms) slots=24/25 jobs/s=588 drains=23676 evl=0ms
[2026-06-04 10:02:11.830] [info] [Worker 9] [libqueen] push(q=5 f=0/24 p99rtt=26ms) pop(q=0 f=0/16 p99rtt=13ms) custom(q=0 f=0/1 p99rtt=1ms) slots=25/25 jobs/s=588 drains=23760 evl=0ms
[2026-06-04 10:02:11.834] [info] [Worker 6] [libqueen] push(q=0 f=1/24 p99rtt=25ms) pop(q=0 f=0/16 p99rtt=17ms) custom(q=0 f=0/1 p99rtt=1ms) slots=24/25 jobs/s=588 drains=23829 evl=0ms
[2026-06-04 10:02:11.835] [info] [Worker 1] [libqueen] push(q=5 f=0/24 p99rtt=23ms) pop(q=0 f=0/16 p99rtt=12ms) custom(q=0 f=0/1 p99rtt=1ms) slots=25/25 jobs/s=600 drains=23912 evl=0ms
[2026-06-04 10:02:12.729] [info] [Worker 4] [libqueen] push(q=0 f=0/24 p99rtt=25ms) pop(q=0 f=0/16 p99rtt=13ms) custom(q=0 f=0/1 p99rtt=1ms) slots=25/25 jobs/s=601 drains=24274 evl=0ms
[2026-06-04 10:02:12.756] [info] [Worker 0] [libqueen] push(q=5 f=0/24 p99rtt=25ms) pop(q=0 f=0/16 p99rtt=13ms) custom(q=0 f=0/1 p99rtt=1ms) slots=25/25 jobs/s=594 drains=24451 evl=0ms
[2026-06-04 10:02:12.761] [info] [Worker 3] [libqueen] push(q=5 f=0/24 p99rtt=25ms) pop(q=0 f=0/16 p99rtt=15ms) custom(q=0 f=0/1 p99rtt=1ms) slots=25/25 jobs/s=612 drains=24523 evl=0ms
[2026-06-04 10:02:12.794] [info] [Worker 5] [libqueen] push(q=5 f=0/24 p99rtt=25ms) pop(q=0 f=0/16 p99rtt=16ms) custom(q=0 f=0/1 p99rtt=1ms) slots=25/25 jobs/s=606 drains=24548 evl=0ms
[2026-06-04 10:02:12.822] [info] [Worker 8] [libqueen] push(q=0 f=1/24 p99rtt=26ms) pop(q=0 f=0/16 p99rtt=13ms) custom(q=0 f=0/1 p99rtt=1ms) slots=24/25 jobs/s=612 drains=24621 evl=0ms
[2026-06-04 10:02:12.823] [info] [Worker 2] [libqueen] push(q=1 f=0/24 p99rtt=25ms) pop(q=0 f=0/16 p99rtt=10ms) custom(q=0 f=0/1 p99rtt=1ms) slots=25/25 jobs/s=612 drains=24807 evl=0ms
[2026-06-04 10:02:12.828] [info] [Worker 7] [libqueen] push(q=0 f=1/24 p99rtt=26ms) pop(q=0 f=0/16 p99rtt=15ms) custom(q=0 f=0/1 p99rtt=1ms) slots=24/25 jobs/s=618 drains=24533 evl=0ms
[2026-06-04 10:02:12.830] [info] [Worker 9] [libqueen] push(q=5 f=0/24 p99rtt=24ms) pop(q=0 f=0/16 p99rtt=13ms) custom(q=0 f=0/1 p99rtt=1ms) slots=25/25 jobs/s=612 drains=24591 evl=0ms
[2026-06-04 10:02:12.833] [info] [Worker 6] [libqueen] push(q=3 f=0/24 p99rtt=25ms) pop(q=0 f=0/16 p99rtt=17ms) custom(q=0 f=0/1 p99rtt=1ms) slots=25/25 jobs/s=624 drains=24700 evl=0ms
[2026-06-04 10:02:12.834] [info] [Worker 1] [libqueen] push(q=5 f=0/24 p99rtt=23ms) pop(q=0 f=0/16 p99rtt=12ms) custom(q=0 f=0/1 p99rtt=1ms) slots=25/25 jobs/s=624 drains=24775 evl=0ms
[2026-06-04 10:02:13.484] [info] QPOP: Connection aborted for f3b26e9b-2d7d-40fb-8a59-97855b04c789
[2026-06-04 10:02:13.486] [info] QPOP: Connection aborted for 33b0994f-8b15-44c5-a3d1-c08c7bc8a4fb
[2026-06-04 10:02:13.486] [info] QPOP: Connection aborted for a4ccbd6a-3bc2-45ab-972b-62cc2febc05b
[2026-06-04 10:02:13.486] [info] QPOP: Connection aborted for ea96c028-a72c-4fdb-ae8a-3aafce4aba22
[2026-06-04 10:02:13.486] [info] QPOP: Connection aborted for 681a494e-63ed-4d43-bb41-e6d86a24c35c
[2026-06-04 10:02:13.486] [info] QPOP: Connection aborted for 9cc6d432-bce6-4a1d-9501-7449b3dda136
[2026-06-04 10:02:13.486] [info] QPOP: Connection aborted for ef6a36ba-47ca-4357-a509-e2b0a0796635
[2026-06-04 10:02:13.486] [info] QPOP: Connection aborted for ae8fbd6c-3fb5-408c-8e7d-3e3090beddb7
[2026-06-04 10:02:13.487] [info] QPOP: Connection aborted for 4f75c599-0f54-4153-a077-c876b28f5cc1
[2026-06-04 10:02:13.487] [info] QPOP: Connection aborted for d7a14cfb-ff2a-4992-92b5-1289af900d2a
[2026-06-04 10:02:13.495] [info] QPOP: Connection aborted for fb620b46-07e7-459f-9d04-51c08e8c0d22
[2026-06-04 10:02:13.497] [info] QPOP: Connection aborted for f43b9341-a9e9-430e-b20e-bb66c6ce008d
[2026-06-04 10:02:13.497] [info] QPOP: Connection aborted for 14f411e6-189e-4b57-8cde-ea02d6fb0bbe
[2026-06-04 10:02:13.497] [info] QPOP: Connection aborted for 071de775-b0ff-4837-b7da-65d01ff0d3c2
[2026-06-04 10:02:13.497] [info] QPOP: Connection aborted for 5c983a4a-ab1c-428c-a6c6-90ed50133eab
[2026-06-04 10:02:13.499] [info] QPOP: Connection aborted for 5e2de62c-08e7-4788-abc3-37c5079f8f09
[2026-06-04 10:02:13.499] [info] QPOP: Connection aborted for 398d6d95-74cf-4e24-b6c8-a500542bd17e
[2026-06-04 10:02:13.499] [info] QPOP: Connection aborted for d3e4519c-5295-45ec-afef-6768205da1d5
[2026-06-04 10:02:13.500] [info] QPOP: Connection aborted for 6a40009d-a1ee-4f39-9194-21dc6b680ba6
[2026-06-04 10:02:13.500] [info] QPOP: Connection aborted for 90452255-5b07-4fcf-ae0f-49eb5723188a
[2026-06-04 10:02:13.500] [info] QPOP: Connection aborted for d31ca20d-b151-4f0f-9ff1-d9a80e96ae6f
[2026-06-04 10:02:13.501] [info] QPOP: Connection aborted for 57bb47d2-be34-4ad7-a51a-39c02a417f40
[2026-06-04 10:02:13.501] [info] QPOP: Connection aborted for 72dae0b0-3b53-415d-9340-e6fd2c7c07ec
[2026-06-04 10:02:13.501] [info] QPOP: Connection aborted for d227bb0e-1c9a-439c-8331-63cd0aae8666
[2026-06-04 10:02:13.501] [info] QPOP: Connection aborted for 3be09264-e7a2-4995-b925-e84bbde796e9
[2026-06-04 10:02:13.509] [info] QPOP: Connection aborted for 523e1a66-9933-4be4-baf7-b349f5c925d2
[2026-06-04 10:02:13.509] [info] QPOP: Connection aborted for 543c1b49-f5ab-4e0f-af3f-a9833207913b
[2026-06-04 10:02:13.509] [info] QPOP: Connection aborted for dee435c3-de79-429d-9b7b-3ca28859af3b
[2026-06-04 10:02:13.509] [info] QPOP: Connection aborted for b6ed2054-ba2b-49f8-b131-879a85b57583
[2026-06-04 10:02:13.509] [info] QPOP: Connection aborted for 41e15580-e5b2-4814-8b8d-9ecce8b71acb
[2026-06-04 10:02:13.509] [info] QPOP: Connection aborted for cadfdfd0-57f7-4b6e-91f1-2083c6f61068
[2026-06-04 10:02:13.510] [info] QPOP: Connection aborted for f687c6cf-f629-4e11-8a69-d505850249e4
[2026-06-04 10:02:13.510] [info] QPOP: Connection aborted for e55a2025-cf8a-4858-a726-04f4923f7c26
[2026-06-04 10:02:13.510] [info] QPOP: Connection aborted for 9a044719-6057-4582-871c-a52aea432c53
[2026-06-04 10:02:13.510] [info] QPOP: Connection aborted for a320dc7a-0165-4015-abf7-420c8bd8bed7
[2026-06-04 10:02:13.510] [info] QPOP: Connection aborted for 6f593240-78b5-4c84-ba1c-c23f71835c1d
[2026-06-04 10:02:13.510] [info] QPOP: Connection aborted for db935a68-5938-48f2-b4b8-24ec3eecc119
[2026-06-04 10:02:13.510] [info] QPOP: Connection aborted for 102c57f7-b84e-49a7-858d-f8b274e4c3dd
[2026-06-04 10:02:13.510] [info] QPOP: Connection aborted for 6a29cd0b-6b18-4c4c-b259-ec72ef3099b1
[2026-06-04 10:02:13.510] [info] QPOP: Connection aborted for 825d55e2-ea77-4630-8591-0642273b4e0c
[2026-06-04 10:02:13.520] [info] QPOP: Connection aborted for 7d6fbe1f-907d-4159-947f-08793b51dd04
[2026-06-04 10:02:13.520] [info] QPOP: Connection aborted for 42b4a837-7a94-409b-9d8c-0ec8bec0b1ce
[2026-06-04 10:02:13.520] [info] QPOP: Connection aborted for 67a76bee-c730-4e68-b9d1-94e86d7647ef
[2026-06-04 10:02:13.520] [info] QPOP: Connection aborted for 89b7537a-169f-4d83-9e69-c8be79e54298
[2026-06-04 10:02:13.520] [info] QPOP: Connection aborted for 65c91a7b-e706-4171-9156-29c6af341075
[2026-06-04 10:02:13.520] [info] QPOP: Connection aborted for 59144b85-9389-4ab0-8e30-33c6c48a7df3
[2026-06-04 10:02:13.521] [info] QPOP: Connection aborted for 30655148-4378-415d-8dbd-fce37cde4186
[2026-06-04 10:02:13.521] [info] QPOP: Connection aborted for b9de70af-71b2-46ea-a343-a825559340c6
[2026-06-04 10:02:13.521] [info] QPOP: Connection aborted for 97a8b41e-feb9-433e-902b-c64f747725a2
[2026-06-04 10:02:13.521] [info] QPOP: Connection aborted for 904efa7c-e64d-4153-982e-7da1e911e92d
[2026-06-04 10:02:13.730] [info] [Worker 4] [libqueen] push(q=0 f=1/24 p99rtt=25ms) pop(q=0 f=0/16 p99rtt=13ms) custom(q=0 f=0/1 p99rtt=1ms) slots=24/25 jobs/s=624 drains=25124 evl=0ms
[2026-06-04 10:02:13.757] [info] [Worker 0] [libqueen] push(q=5 f=0/24 p99rtt=25ms) pop(q=0 f=0/16 p99rtt=13ms) custom(q=0 f=0/1 p99rtt=1ms) slots=25/25 jobs/s=618 drains=25289 evl=0ms
[2026-06-04 10:02:13.761] [info] [Worker 3] [libqueen] push(q=5 f=0/24 p99rtt=25ms) pop(q=0 f=0/16 p99rtt=15ms) custom(q=0 f=0/1 p99rtt=1ms) slots=25/25 jobs/s=630 drains=25400 evl=0ms
[2026-06-04 10:02:13.793] [info] [Worker 5] [libqueen] push(q=0 f=1/24 p99rtt=25ms) pop(q=0 f=0/16 p99rtt=16ms) custom(q=0 f=0/1 p99rtt=1ms) slots=24/25 jobs/s=618 drains=25404 evl=0ms
[2026-06-04 10:02:13.821] [info] [Worker 8] [libqueen] push(q=0 f=1/24 p99rtt=24ms) pop(q=0 f=1/16 p99rtt=13ms) custom(q=0 f=0/1 p99rtt=1ms) slots=23/25 jobs/s=606 drains=25464 evl=0ms
[2026-06-04 10:02:13.823] [info] [Worker 2] [libqueen] push(q=5 f=0/24 p99rtt=25ms) pop(q=0 f=0/16 p99rtt=10ms) custom(q=0 f=0/1 p99rtt=1ms) slots=25/25 jobs/s=624 drains=25652 evl=0ms
[2026-06-04 10:02:13.828] [info] [Worker 7] [libqueen] push(q=5 f=0/24 p99rtt=26ms) pop(q=0 f=0/16 p99rtt=15ms) custom(q=0 f=0/1 p99rtt=1ms) slots=25/25 jobs/s=624 drains=25396 evl=0ms
[2026-06-04 10:02:13.830] [info] [Worker 9] [libqueen] push(q=0 f=1/24 p99rtt=25ms) pop(q=3 f=0/16 p99rtt=13ms) custom(q=0 f=0/1 p99rtt=1ms) slots=24/25 jobs/s=624 drains=25435 evl=0ms
[2026-06-04 10:02:13.833] [info] [Worker 6] [libqueen] push(q=5 f=0/24 p99rtt=25ms) pop(q=2 f=0/16 p99rtt=17ms) custom(q=0 f=0/1 p99rtt=1ms) slots=25/25 jobs/s=612 drains=25539 evl=0ms
[2026-06-04 10:02:13.835] [info] [Worker 1] [libqueen] push(q=5 f=0/24 p99rtt=23ms) pop(q=0 f=0/16 p99rtt=12ms) custom(q=0 f=0/1 p99rtt=1ms) slots=25/25 jobs/s=624 drains=25629 evl=0ms
[2026-06-04 10:02:14.730] [info] [Worker 4] [libqueen] push(q=5 f=0/24 p99rtt=24ms) pop(q=0 f=0/16 p99rtt=13ms) custom(q=0 f=0/1 p99rtt=1ms) slots=25/25 jobs/s=606 drains=25957 evl=0ms
[2026-06-04 10:02:14.757] [info] [Worker 0] [libqueen] push(q=5 f=0/24 p99rtt=25ms) pop(q=0 f=0/16 p99rtt=13ms) custom(q=0 f=0/1 p99rtt=1ms) slots=25/25 jobs/s=624 drains=26138 evl=0ms
[2026-06-04 10:02:14.761] [info] [Worker 3] [libqueen] push(q=5 f=0/24 p99rtt=24ms) pop(q=0 f=0/16 p99rtt=15ms) custom(q=0 f=0/1 p99rtt=1ms) slots=25/25 jobs/s=618 drains=26249 evl=0ms
[2026-06-04 10:02:14.794] [info] [Worker 5] [libqueen] push(q=5 f=0/24 p99rtt=24ms) pop(q=0 f=0/16 p99rtt=16ms) custom(q=0 f=0/1 p99rtt=1ms) slots=25/25 jobs/s=606 drains=26220 evl=0ms
[2026-06-04 10:02:14.821] [info] [Worker 8] [libqueen] push(q=0 f=0/24 p99rtt=23ms) pop(q=0 f=0/16 p99rtt=13ms) custom(q=0 f=0/1 p99rtt=1ms) slots=25/25 jobs/s=618 drains=26292 evl=0ms
[2026-06-04 10:02:14.823] [info] [Worker 2] [libqueen] push(q=0 f=0/24 p99rtt=24ms) pop(q=0 f=0/16 p99rtt=10ms) custom(q=0 f=0/1 p99rtt=1ms) slots=25/25 jobs/s=636 drains=26534 evl=0ms
[2026-06-04 10:02:14.828] [info] [Worker 7] [libqueen] push(q=0 f=1/24 p99rtt=26ms) pop(q=0 f=0/16 p99rtt=15ms) custom(q=0 f=0/1 p99rtt=1ms) slots=24/25 jobs/s=612 drains=26231 evl=0ms
[2026-06-04 10:02:14.830] [info] [Worker 9] [libqueen] push(q=0 f=1/24 p99rtt=24ms) pop(q=0 f=0/16 p99rtt=13ms) custom(q=0 f=0/1 p99rtt=1ms) slots=24/25 jobs/s=624 drains=26296 evl=0ms
[2026-06-04 10:02:14.834] [info] [Worker 6] [libqueen] push(q=5 f=0/24 p99rtt=24ms) pop(q=0 f=0/16 p99rtt=17ms) custom(q=0 f=0/1 p99rtt=1ms) slots=25/25 jobs/s=636 drains=26427 evl=0ms
[2026-06-04 10:02:14.834] [info] [Worker 1] [libqueen] push(q=5 f=0/24 p99rtt=23ms) pop(q=0 f=0/16 p99rtt=12ms) custom(q=0 f=0/1 p99rtt=1ms) slots=25/25 jobs/s=618 drains=26481 evl=0ms
[2026-06-04 10:02:15.177] [info] StatsService: cycle completed in 26ms
[2026-06-04 10:02:15.731] [info] [Worker 4] [libqueen] push(q=5 f=0/24 p99rtt=25ms) pop(q=0 f=0/16 p99rtt=13ms) custom(q=0 f=0/1 p99rtt=1ms) slots=25/25 jobs/s=612 drains=26791 evl=0ms
[2026-06-04 10:02:15.757] [info] [Worker 0] [libqueen] push(q=0 f=1/24 p99rtt=25ms) pop(q=0 f=0/16 p99rtt=13ms) custom(q=0 f=0/1 p99rtt=1ms) slots=24/25 jobs/s=612 drains=26983 evl=0ms
[2026-06-04 10:02:15.761] [info] [Worker 3] [libqueen] push(q=5 f=0/24 p99rtt=24ms) pop(q=0 f=0/16 p99rtt=15ms) custom(q=0 f=0/1 p99rtt=1ms) slots=25/25 jobs/s=606 drains=27081 evl=0ms
[2026-06-04 10:02:15.794] [info] [Worker 5] [libqueen] push(q=0 f=1/24 p99rtt=24ms) pop(q=0 f=0/16 p99rtt=16ms) custom(q=0 f=0/1 p99rtt=1ms) slots=24/25 jobs/s=618 drains=27075 evl=0ms
[2026-06-04 10:02:15.822] [info] [Worker 8] [libqueen] push(q=5 f=0/24 p99rtt=23ms) pop(q=0 f=0/16 p99rtt=13ms) custom(q=0 f=0/1 p99rtt=1ms) slots=25/25 jobs/s=612 drains=27141 evl=0ms
[2026-06-04 10:02:15.823] [info] [Worker 2] [libqueen] push(q=0 f=0/24 p99rtt=24ms) pop(q=0 f=0/16 p99rtt=10ms) custom(q=0 f=1/1 p99rtt=1ms) slots=24/25 jobs/s=611 drains=27357 evl=0ms
[2026-06-04 10:02:15.828] [info] [Worker 7] [libqueen] push(q=5 f=0/24 p99rtt=25ms) pop(q=0 f=0/16 p99rtt=15ms) custom(q=0 f=0/1 p99rtt=1ms) slots=25/25 jobs/s=618 drains=27062 evl=0ms
[2026-06-04 10:02:15.830] [info] [Worker 9] [libqueen] push(q=5 f=0/24 p99rtt=24ms) pop(q=0 f=0/16 p99rtt=13ms) custom(q=0 f=0/1 p99rtt=1ms) slots=25/25 jobs/s=606 drains=27133 evl=0ms
[2026-06-04 10:02:15.834] [info] [Worker 6] [libqueen] push(q=5 f=0/24 p99rtt=24ms) pop(q=0 f=0/16 p99rtt=17ms) custom(q=0 f=0/1 p99rtt=1ms) slots=25/25 jobs/s=606 drains=27262 evl=0ms
[2026-06-04 10:02:15.834] [info] [Worker 1] [libqueen] push(q=3 f=0/24 p99rtt=23ms) pop(q=0 f=0/16 p99rtt=12ms) custom(q=0 f=0/1 p99rtt=1ms) slots=25/25 jobs/s=606 drains=27313 evl=0ms
[2026-06-04 10:02:16.731] [info] [Worker 4] [libqueen] push(q=0 f=0/24 p99rtt=24ms) pop(q=0 f=0/16 p99rtt=13ms) custom(q=0 f=0/1 p99rtt=1ms) slots=25/25 jobs/s=648 drains=27686 evl=0ms
[2026-06-04 10:02:16.756] [info] [Worker 0] [libqueen] push(q=0 f=1/24 p99rtt=24ms) pop(q=0 f=0/16 p99rtt=13ms) custom(q=0 f=0/1 p99rtt=1ms) slots=24/25 jobs/s=630 drains=27840 evl=0ms
[2026-06-04 10:02:16.760] [info] [Worker 3] [libqueen] push(q=0 f=0/24 p99rtt=23ms) pop(q=0 f=0/16 p99rtt=15ms) custom(q=0 f=1/1 p99rtt=1ms) slots=24/25 jobs/s=629 drains=27967 evl=0ms
[2026-06-04 10:02:16.795] [info] [Worker 5] [libqueen] push(q=5 f=0/24 p99rtt=24ms) pop(q=0 f=0/16 p99rtt=16ms) custom(q=0 f=0/1 p99rtt=1ms) slots=25/25 jobs/s=642 drains=27961 evl=0ms
[2026-06-04 10:02:16.822] [info] [Worker 8] [libqueen] push(q=0 f=1/24 p99rtt=23ms) pop(q=0 f=0/16 p99rtt=13ms) custom(q=0 f=0/1 p99rtt=1ms) slots=24/25 jobs/s=618 drains=28018 evl=0ms
[2026-06-04 10:02:16.824] [info] [Worker 2] [libqueen] push(q=0 f=1/24 p99rtt=24ms) pop(q=0 f=0/16 p99rtt=10ms) custom(q=0 f=0/1 p99rtt=1ms) slots=24/25 jobs/s=619 drains=28223 evl=0ms
[2026-06-04 10:02:16.828] [info] [Worker 7] [libqueen] push(q=5 f=0/24 p99rtt=25ms) pop(q=0 f=0/16 p99rtt=15ms) custom(q=0 f=0/1 p99rtt=1ms) slots=25/25 jobs/s=630 drains=27920 evl=0ms
[2026-06-04 10:02:16.830] [info] [Worker 9] [libqueen] push(q=5 f=0/24 p99rtt=24ms) pop(q=0 f=0/16 p99rtt=13ms) custom(q=0 f=0/1 p99rtt=1ms) slots=25/25 jobs/s=636 drains=28012 evl=0ms
[2026-06-04 10:02:16.834] [info] [Worker 6] [libqueen] push(q=0 f=1/24 p99rtt=21ms) pop(q=0 f=0/16 p99rtt=17ms) custom(q=0 f=0/1 p99rtt=1ms) slots=24/25 jobs/s=636 drains=28146 evl=0ms
[2026-06-04 10:02:16.835] [info] [Worker 1] [libqueen] push(q=0 f=1/24 p99rtt=21ms) pop(q=0 f=0/16 p99rtt=12ms) custom(q=0 f=0/1 p99rtt=1ms) slots=24/25 jobs/s=636 drains=28189 evl=0ms
[2026-06-04 10:02:17.731] [info] [Worker 4] [libqueen] push(q=0 f=1/24 p99rtt=25ms) pop(q=0 f=0/16 p99rtt=13ms) custom(q=0 f=0/1 p99rtt=1ms) slots=24/25 jobs/s=462 drains=28329 evl=0ms
[2026-06-04 10:02:17.756] [info] [Worker 0] [libqueen] push(q=5 f=0/24 p99rtt=25ms) pop(q=0 f=0/16 p99rtt=13ms) custom(q=0 f=0/1 p99rtt=1ms) slots=25/25 jobs/s=468 drains=28469 evl=0ms
[2026-06-04 10:02:17.761] [info] [Worker 3] [libqueen] push(q=0 f=1/24 p99rtt=24ms) pop(q=0 f=0/16 p99rtt=15ms) custom(q=0 f=0/1 p99rtt=1ms) slots=24/25 jobs/s=469 drains=28597 evl=0ms
[2026-06-04 10:02:17.795] [info] [Worker 5] [libqueen] push(q=5 f=0/24 p99rtt=25ms) pop(q=0 f=0/16 p99rtt=16ms) custom(q=0 f=0/1 p99rtt=1ms) slots=25/25 jobs/s=456 drains=28585 evl=0ms
[2026-06-04 10:02:17.822] [info] [Worker 8] [libqueen] push(q=5 f=0/24 p99rtt=24ms) pop(q=0 f=0/16 p99rtt=13ms) custom(q=0 f=0/1 p99rtt=1ms) slots=25/25 jobs/s=474 drains=28646 evl=0ms
[2026-06-04 10:02:17.824] [info] [Worker 2] [libqueen] push(q=5 f=0/24 p99rtt=25ms) pop(q=0 f=0/16 p99rtt=10ms) custom(q=0 f=0/1 p99rtt=1ms) slots=25/25 jobs/s=468 drains=28878 evl=0ms
[2026-06-04 10:02:17.828] [info] [Worker 7] [libqueen] push(q=0 f=1/24 p99rtt=26ms) pop(q=0 f=0/16 p99rtt=15ms) custom(q=0 f=0/1 p99rtt=1ms) slots=24/25 jobs/s=444 drains=28533 evl=0ms
[2026-06-04 10:02:17.829] [info] [Worker 9] [libqueen] push(q=3 f=0/24 p99rtt=24ms) pop(q=0 f=0/16 p99rtt=13ms) custom(q=0 f=0/1 p99rtt=1ms) slots=25/25 jobs/s=468 drains=28649 evl=0ms
[2026-06-04 10:02:17.834] [info] [Worker 6] [libqueen] push(q=5 f=0/24 p99rtt=22ms) pop(q=0 f=0/16 p99rtt=17ms) custom(q=0 f=0/1 p99rtt=1ms) slots=25/25 jobs/s=480 drains=28797 evl=0ms
[2026-06-04 10:02:17.835] [info] [Worker 1] [libqueen] push(q=5 f=0/24 p99rtt=23ms) pop(q=0 f=0/16 p99rtt=12ms) custom(q=0 f=0/1 p99rtt=1ms) slots=25/25 jobs/s=474 drains=28828 evl=0ms
[2026-06-04 10:02:18.730] [info] [Worker 4] [libqueen] push(q=0 f=1/24 p99rtt=25ms) pop(q=0 f=0/16 p99rtt=13ms) custom(q=0 f=0/1 p99rtt=1ms) slots=24/25 jobs/s=618 drains=29215 evl=0ms
[2026-06-04 10:02:18.756] [info] [Worker 0] [libqueen] push(q=2 f=0/24 p99rtt=24ms) pop(q=0 f=0/16 p99rtt=13ms) custom(q=0 f=0/1 p99rtt=1ms) slots=25/25 jobs/s=636 drains=29341 evl=0ms
[2026-06-04 10:02:18.761] [info] [Worker 3] [libqueen] push(q=0 f=1/24 p99rtt=24ms) pop(q=0 f=0/16 p99rtt=15ms) custom(q=0 f=0/1 p99rtt=1ms) slots=24/25 jobs/s=624 drains=29436 evl=0ms
[2026-06-04 10:02:18.796] [info] [Worker 5] [libqueen] push(q=0 f=1/24 p99rtt=24ms) pop(q=0 f=0/16 p99rtt=16ms) custom(q=0 f=0/1 p99rtt=1ms) slots=24/25 jobs/s=618 drains=29440 evl=0ms
[2026-06-04 10:02:18.821] [info] [Worker 8] [libqueen] push(q=5 f=0/24 p99rtt=23ms) pop(q=0 f=0/16 p99rtt=13ms) custom(q=0 f=0/1 p99rtt=1ms) slots=25/25 jobs/s=624 drains=29505 evl=0ms
[2026-06-04 10:02:18.823] [info] [Worker 2] [libqueen] push(q=0 f=1/24 p99rtt=24ms) pop(q=0 f=0/16 p99rtt=10ms) custom(q=0 f=0/1 p99rtt=1ms) slots=24/25 jobs/s=618 drains=29741 evl=0ms
[2026-06-04 10:02:18.828] [info] [Worker 7] [libqueen] push(q=5 f=0/24 p99rtt=26ms) pop(q=0 f=0/16 p99rtt=15ms) custom(q=0 f=0/1 p99rtt=1ms) slots=25/25 jobs/s=618 drains=29404 evl=0ms
[2026-06-04 10:02:18.830] [info] [Worker 9] [libqueen] push(q=5 f=0/24 p99rtt=24ms) pop(q=0 f=0/16 p99rtt=13ms) custom(q=0 f=0/1 p99rtt=1ms) slots=25/25 jobs/s=630 drains=29510 evl=0ms
[2026-06-04 10:02:18.833] [info] [Worker 6] [libqueen] push(q=5 f=0/24 p99rtt=22ms) pop(q=0 f=0/16 p99rtt=17ms) custom(q=0 f=0/1 p99rtt=1ms) slots=25/25 jobs/s=630 drains=29649 evl=0ms
[2026-06-04 10:02:18.836] [info] [Worker 1] [libqueen] push(q=0 f=0/24 p99rtt=23ms) pop(q=0 f=0/16 p99rtt=12ms) custom(q=0 f=1/1 p99rtt=1ms) slots=24/25 jobs/s=623 drains=29674 evl=0ms
[2026-06-04 10:02:19.731] [info] [Worker 4] [libqueen] push(q=5 f=0/24 p99rtt=25ms) pop(q=0 f=0/16 p99rtt=13ms) custom(q=0 f=0/1 p99rtt=1ms) slots=25/25 jobs/s=624 drains=30071 evl=0ms
[2026-06-04 10:02:19.757] [info] [Worker 0] [libqueen] push(q=5 f=0/24 p99rtt=23ms) pop(q=0 f=0/16 p99rtt=13ms) custom(q=0 f=0/1 p99rtt=1ms) slots=25/25 jobs/s=630 drains=30192 evl=0ms
[2026-06-04 10:02:19.760] [info] [Worker 3] [libqueen] push(q=0 f=1/24 p99rtt=24ms) pop(q=0 f=0/16 p99rtt=15ms) custom(q=0 f=0/1 p99rtt=1ms) slots=24/25 jobs/s=630 drains=30296 evl=0ms
[2026-06-04 10:02:19.796] [info] [Worker 5] [libqueen] push(q=0 f=1/24 p99rtt=24ms) pop(q=0 f=0/16 p99rtt=16ms) custom(q=0 f=0/1 p99rtt=1ms) slots=24/25 jobs/s=630 drains=30309 evl=0ms
[2026-06-04 10:02:19.822] [info] [Worker 8] [libqueen] push(q=5 f=0/24 p99rtt=23ms) pop(q=0 f=0/16 p99rtt=13ms) custom(q=0 f=0/1 p99rtt=1ms) slots=25/25 jobs/s=624 drains=30358 evl=0ms
[2026-06-04 10:02:19.824] [info] [Worker 2] [libqueen] push(q=5 f=0/24 p99rtt=25ms) pop(q=0 f=0/16 p99rtt=10ms) custom(q=0 f=0/1 p99rtt=1ms) slots=25/25 jobs/s=630 drains=30604 evl=0ms
[2026-06-04 10:02:19.828] [info] [Worker 7] [libqueen] push(q=5 f=0/24 p99rtt=26ms) pop(q=0 f=0/16 p99rtt=15ms) custom(q=0 f=0/1 p99rtt=1ms) slots=25/25 jobs/s=636 drains=30272 evl=0ms
[2026-06-04 10:02:19.830] [info] [Worker 9] [libqueen] push(q=5 f=0/24 p99rtt=24ms) pop(q=0 f=0/16 p99rtt=13ms) custom(q=0 f=0/1 p99rtt=1ms) slots=25/25 jobs/s=636 drains=30376 evl=0ms
[2026-06-04 10:02:19.834] [info] [Worker 6] [libqueen] push(q=5 f=0/24 p99rtt=22ms) pop(q=0 f=0/16 p99rtt=17ms) custom(q=0 f=0/1 p99rtt=1ms) slots=25/25 jobs/s=630 drains=30513 evl=0ms
[2026-06-04 10:02:19.837] [info] [Worker 1] [libqueen] push(q=5 f=0/24 p99rtt=25ms) pop(q=0 f=0/16 p99rtt=12ms) custom(q=0 f=0/1 p99rtt=1ms) slots=25/25 jobs/s=637 drains=30543 evl=0ms
[2026-06-04 10:02:20.731] [info] [Worker 4] [libqueen] push(q=5 f=0/24 p99rtt=25ms) pop(q=5 f=0/16 p99rtt=13ms) custom(q=0 f=0/1 p99rtt=1ms) slots=25/25 jobs/s=630 drains=30922 evl=0ms
[2026-06-04 10:02:20.758] [info] [Worker 0] [libqueen] push(q=5 f=0/24 p99rtt=23ms) pop(q=0 f=0/16 p99rtt=13ms) custom(q=0 f=0/1 p99rtt=1ms) slots=25/25 jobs/s=630 drains=31061 evl=0ms
[2026-06-04 10:02:20.761] [info] [Worker 3] [libqueen] push(q=0 f=0/24 p99rtt=24ms) pop(q=0 f=0/16 p99rtt=15ms) custom(q=0 f=1/1 p99rtt=1ms) slots=24/25 jobs/s=635 drains=31143 evl=0ms
[2026-06-04 10:02:20.795] [info] [Worker 5] [libqueen] push(q=5 f=0/24 p99rtt=24ms) pop(q=0 f=0/16 p99rtt=16ms) custom(q=0 f=0/1 p99rtt=1ms) slots=25/25 jobs/s=636 drains=31195 evl=0ms
[2026-06-04 10:02:20.821] [info] [Worker 8] [libqueen] push(q=0 f=0/24 p99rtt=23ms) pop(q=0 f=0/16 p99rtt=13ms) custom(q=0 f=0/1 p99rtt=1ms) slots=25/25 jobs/s=624 drains=31215 evl=0ms
[2026-06-04 10:02:20.824] [info] [Worker 2] [libqueen] push(q=5 f=0/24 p99rtt=24ms) pop(q=0 f=0/16 p99rtt=10ms) custom(q=0 f=0/1 p99rtt=1ms) slots=25/25 jobs/s=630 drains=31479 evl=0ms
[2026-06-04 10:02:20.827] [info] [Worker 7] [libqueen] push(q=5 f=0/24 p99rtt=25ms) pop(q=0 f=0/16 p99rtt=15ms) custom(q=0 f=0/1 p99rtt=1ms) slots=25/25 jobs/s=612 drains=31137 evl=0ms
[2026-06-04 10:02:20.829] [info] [Worker 9] [libqueen] push(q=0 f=1/24 p99rtt=24ms) pop(q=0 f=0/16 p99rtt=13ms) custom(q=0 f=0/1 p99rtt=1ms) slots=24/25 jobs/s=636 drains=31260 evl=0ms
[2026-06-04 10:02:20.834] [info] [Worker 6] [libqueen] push(q=5 f=0/24 p99rtt=22ms) pop(q=0 f=0/16 p99rtt=17ms) custom(q=0 f=0/1 p99rtt=1ms) slots=25/25 jobs/s=624 drains=31369 evl=0ms
[2026-06-04 10:02:20.837] [info] [Worker 1] [libqueen] push(q=0 f=1/24 p99rtt=24ms) pop(q=0 f=0/16 p99rtt=12ms) custom(q=0 f=0/1 p99rtt=1ms) slots=24/25 jobs/s=618 drains=31382 evl=0ms
[2026-06-04 10:02:21.731] [info] [Worker 4] [libqueen] push(q=5 f=0/24 p99rtt=25ms) pop(q=0 f=0/16 p99rtt=13ms) custom(q=0 f=0/1 p99rtt=1ms) slots=25/25 jobs/s=618 drains=31766 evl=0ms
[2026-06-04 10:02:21.758] [info] [Worker 0] [libqueen] push(q=5 f=0/24 p99rtt=23ms) pop(q=0 f=0/16 p99rtt=13ms) custom(q=0 f=0/1 p99rtt=1ms) slots=25/25 jobs/s=618 drains=31917 evl=0ms
[2026-06-04 10:02:21.760] [info] [Worker 3] [libqueen] push(q=0 f=1/24 p99rtt=24ms) pop(q=0 f=0/16 p99rtt=15ms) custom(q=0 f=0/1 p99rtt=1ms) slots=24/25 jobs/s=625 drains=32009 evl=0ms
[2026-06-04 10:02:21.795] [info] [Worker 5] [libqueen] push(q=0 f=0/24 p99rtt=25ms) pop(q=0 f=0/16 p99rtt=16ms) custom(q=0 f=1/1 p99rtt=1ms) slots=24/25 jobs/s=623 drains=32047 evl=0ms
[2026-06-04 10:02:21.821] [info] [Worker 8] [libqueen] push(q=5 f=0/24 p99rtt=25ms) pop(q=0 f=0/16 p99rtt=13ms) custom(q=0 f=0/1 p99rtt=1ms) slots=25/25 jobs/s=618 drains=32061 evl=0ms
[2026-06-04 10:02:21.825] [info] [Worker 2] [libqueen] push(q=0 f=1/24 p99rtt=24ms) pop(q=0 f=0/16 p99rtt=10ms) custom(q=0 f=0/1 p99rtt=1ms) slots=24/25 jobs/s=618 drains=32329 evl=0ms
[2026-06-04 10:02:21.828] [info] [Worker 7] [libqueen] push(q=5 f=0/24 p99rtt=25ms) pop(q=0 f=0/16 p99rtt=15ms) custom(q=0 f=0/1 p99rtt=1ms) slots=25/25 jobs/s=618 drains=31997 evl=0ms
[2026-06-04 10:02:21.830] [info] [Worker 9] [libqueen] push(q=0 f=1/24 p99rtt=24ms) pop(q=0 f=0/16 p99rtt=13ms) custom(q=0 f=0/1 p99rtt=1ms) slots=24/25 jobs/s=630 drains=32088 evl=0ms
[2026-06-04 10:02:21.834] [info] [Worker 6] [libqueen] push(q=5 f=0/24 p99rtt=22ms) pop(q=0 f=0/16 p99rtt=17ms) custom(q=0 f=0/1 p99rtt=1ms) slots=25/25 jobs/s=606 drains=32193 evl=0ms
[2026-06-04 10:02:21.836] [info] [Worker 1] [libqueen] push(q=0 f=0/24 p99rtt=24ms) pop(q=0 f=0/16 p99rtt=12ms) custom(q=0 f=0/1 p99rtt=1ms) slots=25/25 jobs/s=630 drains=32235 evl=0ms
[2026-06-04 10:02:22.731] [info] [Worker 4] [libqueen] push(q=5 f=0/24 p99rtt=24ms) pop(q=0 f=0/16 p99rtt=13ms) custom(q=0 f=0/1 p99rtt=1ms) slots=25/25 jobs/s=618 drains=32623 evl=0ms
[2026-06-04 10:02:22.758] [info] [Worker 0] [libqueen] push(q=5 f=0/24 p99rtt=23ms) pop(q=2 f=0/16 p99rtt=13ms) custom(q=0 f=0/1 p99rtt=1ms) slots=25/25 jobs/s=624 drains=32785 evl=0ms
[2026-06-04 10:02:22.761] [info] [Worker 3] [libqueen] push(q=0 f=0/24 p99rtt=24ms) pop(q=0 f=0/16 p99rtt=15ms) custom(q=0 f=1/1 p99rtt=1ms) slots=24/25 jobs/s=623 drains=32847 evl=0ms
[2026-06-04 10:02:22.796] [info] [Worker 5] [libqueen] push(q=5 f=0/24 p99rtt=24ms) pop(q=0 f=0/16 p99rtt=16ms) custom(q=0 f=0/1 p99rtt=1ms) slots=25/25 jobs/s=613 drains=32897 evl=0ms
[2026-06-04 10:02:22.822] [info] [Worker 8] [libqueen] push(q=0 f=1/24 p99rtt=25ms) pop(q=0 f=0/16 p99rtt=13ms) custom(q=0 f=0/1 p99rtt=1ms) slots=24/25 jobs/s=612 drains=32880 evl=0ms
[2026-06-04 10:02:22.825] [info] [Worker 2] [libqueen] push(q=5 f=0/24 p99rtt=25ms) pop(q=0 f=0/16 p99rtt=10ms) custom(q=0 f=0/1 p99rtt=1ms) slots=25/25 jobs/s=618 drains=33155 evl=0ms
[2026-06-04 10:02:22.827] [info] [Worker 7] [libqueen] push(q=0 f=1/24 p99rtt=25ms) pop(q=0 f=0/16 p99rtt=15ms) custom(q=0 f=0/1 p99rtt=1ms) slots=24/25 jobs/s=606 drains=32820 evl=0ms
[2026-06-04 10:02:22.829] [info] [Worker 9] [libqueen] push(q=3 f=0/24 p99rtt=24ms) pop(q=0 f=0/16 p99rtt=13ms) custom(q=0 f=0/1 p99rtt=1ms) slots=25/25 jobs/s=612 drains=32943 evl=0ms
[2026-06-04 10:02:22.834] [info] [Worker 6] [libqueen] push(q=5 f=0/24 p99rtt=24ms) pop(q=0 f=0/16 p99rtt=17ms) custom(q=0 f=0/1 p99rtt=1ms) slots=25/25 jobs/s=624 drains=33039 evl=0ms
[2026-06-04 10:02:22.836] [info] [Worker 1] [libqueen] push(q=0 f=1/24 p99rtt=25ms) pop(q=0 f=0/16 p99rtt=7ms) custom(q=0 f=0/1 p99rtt=1ms) slots=24/25 jobs/s=606 drains=33084 evl=0ms
[2026-06-04 10:02:23.486] [info] QPOP: Connection aborted for f685c5fa-d9cb-4e70-83d6-3db36e2180b8
[2026-06-04 10:02:23.487] [info] QPOP: Connection aborted for cc47da86-c924-42b2-8fd3-2f42a7b39897
[2026-06-04 10:02:23.487] [info] QPOP: Connection aborted for 5fdf807c-61e9-43f9-b6cc-73c33087e872
[2026-06-04 10:02:23.487] [info] QPOP: Connection aborted for 1b0b5ba9-ff0f-431b-8abb-5a39b8ed4033
[2026-06-04 10:02:23.488] [info] QPOP: Connection aborted for 79be0c4d-abf5-4003-997f-1574bce7a8e3
[2026-06-04 10:02:23.489] [info] QPOP: Connection aborted for ccf75fbd-495d-40bb-b6ca-0527f1e1648f
[2026-06-04 10:02:23.489] [info] QPOP: Connection aborted for a1982c4b-dbcb-4d35-bdfe-06c29da8824f
[2026-06-04 10:02:23.489] [info] QPOP: Connection aborted for fe08d584-e504-4ee8-acde-9bc878693648
[2026-06-04 10:02:23.489] [info] QPOP: Connection aborted for 2ea8a011-d6a4-4cb0-bc33-63aa5d50fdec
[2026-06-04 10:02:23.489] [info] QPOP: Connection aborted for 3c5a8417-f42e-4029-b8d6-3a6c02211d46
[2026-06-04 10:02:23.498] [info] QPOP: Connection aborted for 178856e0-0573-48ba-b273-f69ebadddb00
[2026-06-04 10:02:23.498] [info] QPOP: Connection aborted for fb480a19-7cf6-4ec2-90c0-6ce2a459712c
[2026-06-04 10:02:23.498] [info] QPOP: Connection aborted for 699595d5-bb43-48ec-ac55-be58a3db5274
[2026-06-04 10:02:23.498] [info] QPOP: Connection aborted for 18a42197-2427-4f4f-807a-e9fd6202b7d0
[2026-06-04 10:02:23.498] [info] QPOP: Connection aborted for 9c14c371-8a29-48e3-a4ff-705319819c2f
[2026-06-04 10:02:23.500] [info] QPOP: Connection aborted for 298ab00e-efbf-4eec-ba3c-e50c36be7dd1
[2026-06-04 10:02:23.500] [info] QPOP: Connection aborted for 22c58a38-43bc-4b4a-9bfd-015d3c4fe116
[2026-06-04 10:02:23.500] [info] QPOP: Connection aborted for e2d1a7eb-af13-4ed7-8ca6-006ab5c9b471
[2026-06-04 10:02:23.501] [info] QPOP: Connection aborted for 683e17cc-5fa5-493d-bd03-00a4db00a5a8
[2026-06-04 10:02:23.501] [info] QPOP: Connection aborted for cd4b02a6-5700-40a8-83ca-2dc4d6ac7074
[2026-06-04 10:02:23.501] [info] QPOP: Connection aborted for 7c253023-f42b-4cbd-8ae8-4a87b9926a17
[2026-06-04 10:02:23.502] [info] QPOP: Connection aborted for 82d6a6ef-0913-47c8-bd79-63f0d8bb71a2
[2026-06-04 10:02:23.502] [info] QPOP: Connection aborted for 1e3dbef2-20ef-4ab3-a1af-469788e357c7
[2026-06-04 10:02:23.502] [info] QPOP: Connection aborted for a2c79514-ad0a-4a47-9f88-c187381c0c44
[2026-06-04 10:02:23.502] [info] QPOP: Connection aborted for e81c3950-dd8d-40a8-922f-06673f080883
[2026-06-04 10:02:23.510] [info] QPOP: Connection aborted for 7a8aade4-750e-45f1-82f5-613e13a1f645
[2026-06-04 10:02:23.511] [info] QPOP: Connection aborted for b7b3f224-8858-45ec-ae7e-af50e4df310b
[2026-06-04 10:02:23.511] [info] QPOP: Connection aborted for 53af5968-c2c3-41b7-a027-c5a35f2ee78d
[2026-06-04 10:02:23.511] [info] QPOP: Connection aborted for b2fe087a-859b-4385-85c0-b23a6fe9119f
[2026-06-04 10:02:23.511] [info] QPOP: Connection aborted for 76dfee95-af65-49c2-9bf7-d1786f48b161
[2026-06-04 10:02:23.511] [info] QPOP: Connection aborted for 5cf1199e-0218-483a-a9a1-cefb148bab04
[2026-06-04 10:02:23.511] [info] QPOP: Connection aborted for a9466ebc-1720-4936-8be4-c5ae16de0b53
[2026-06-04 10:02:23.511] [info] QPOP: Connection aborted for 3369c2d5-4c8f-4cac-a487-d7e98b5da88b
[2026-06-04 10:02:23.512] [info] QPOP: Connection aborted for 3955f72b-20de-430a-94a8-c21a8cce2398
[2026-06-04 10:02:23.512] [info] QPOP: Connection aborted for 638de5b6-9c1a-4a78-ae54-c3a9303f3143
[2026-06-04 10:02:23.512] [info] QPOP: Connection aborted for edfaf1dc-2578-4793-a4b1-056722cd9d97
[2026-06-04 10:02:23.512] [info] QPOP: Connection aborted for dbd399b3-6f0f-4f21-91ad-44f3ad5288e6
[2026-06-04 10:02:23.512] [info] QPOP: Connection aborted for 884e0ebc-d4ea-427d-8d99-c49ca4a90343
[2026-06-04 10:02:23.512] [info] QPOP: Connection aborted for e587d02b-3dbe-466b-8c1a-0b8d1f76dc46
[2026-06-04 10:02:23.512] [info] QPOP: Connection aborted for 700d6cdc-dfa9-4638-b062-9433d9cdabc2
[2026-06-04 10:02:23.521] [info] QPOP: Connection aborted for d539d28d-813e-4402-a7fd-574a2029dd30
[2026-06-04 10:02:23.521] [info] QPOP: Connection aborted for 175440b2-6767-431d-9bcc-e7ae2d9ef382
[2026-06-04 10:02:23.522] [info] QPOP: Connection aborted for dbbd3cfb-4617-400d-82a4-7f7b4c2644ea
[2026-06-04 10:02:23.522] [info] QPOP: Connection aborted for 3431b655-8799-42b2-8a13-c93ceaafae68
[2026-06-04 10:02:23.522] [info] QPOP: Connection aborted for aaf10f27-cbb1-445b-9cc7-a473b1ba151d
[2026-06-04 10:02:23.522] [info] QPOP: Connection aborted for b1899e85-4a83-41cc-b684-54874d737a58
[2026-06-04 10:02:23.522] [info] QPOP: Connection aborted for 60932d0b-cd9e-408a-9927-452100534db8
[2026-06-04 10:02:23.522] [info] QPOP: Connection aborted for 4188f60d-1437-476a-aa01-98af187f72a3
[2026-06-04 10:02:23.524] [info] QPOP: Connection aborted for 12e6a91a-346d-4fbc-9aad-86a91300597f
[2026-06-04 10:02:23.524] [info] QPOP: Connection aborted for e4660b19-224c-4cd6-b460-84ab8e20bbcb
[2026-06-04 10:02:23.730] [info] [Worker 4] [libqueen] push(q=5 f=0/24 p99rtt=24ms) pop(q=0 f=0/16 p99rtt=13ms) custom(q=0 f=0/1 p99rtt=1ms) slots=25/25 jobs/s=594 drains=33441 evl=0ms
[2026-06-04 10:02:23.758] [info] [Worker 0] [libqueen] push(q=5 f=0/24 p99rtt=23ms) pop(q=0 f=0/16 p99rtt=8ms) custom(q=0 f=0/1 p99rtt=1ms) slots=25/25 jobs/s=606 drains=33628 evl=0ms
[2026-06-04 10:02:23.761] [info] [Worker 3] [libqueen] push(q=5 f=0/24 p99rtt=25ms) pop(q=0 f=0/16 p99rtt=6ms) custom(q=0 f=0/1 p99rtt=1ms) slots=25/25 jobs/s=583 drains=33644 evl=0ms
[2026-06-04 10:02:23.796] [info] [Worker 5] [libqueen] push(q=5 f=0/24 p99rtt=24ms) pop(q=0 f=0/16 p99rtt=16ms) custom(q=0 f=0/1 p99rtt=1ms) slots=25/25 jobs/s=594 drains=33713 evl=0ms
[2026-06-04 10:02:23.822] [info] [Worker 8] [libqueen] push(q=0 f=0/24 p99rtt=26ms) pop(q=2 f=0/16 p99rtt=10ms) custom(q=0 f=1/1 p99rtt=1ms) slots=24/25 jobs/s=611 drains=33702 evl=0ms
[2026-06-04 10:02:23.825] [info] [Worker 2] [libqueen] push(q=5 f=0/24 p99rtt=25ms) pop(q=0 f=0/16 p99rtt=10ms) custom(q=0 f=0/1 p99rtt=1ms) slots=25/25 jobs/s=594 drains=33987 evl=0ms
[2026-06-04 10:02:23.828] [info] [Worker 7] [libqueen] push(q=5 f=0/24 p99rtt=25ms) pop(q=0 f=0/16 p99rtt=9ms) custom(q=0 f=0/1 p99rtt=1ms) slots=25/25 jobs/s=594 drains=33641 evl=0ms
[2026-06-04 10:02:23.830] [info] [Worker 9] [libqueen] push(q=0 f=1/24 p99rtt=25ms) pop(q=0 f=0/16 p99rtt=6ms) custom(q=0 f=0/1 p99rtt=1ms) slots=24/25 jobs/s=582 drains=33751 evl=0ms
[2026-06-04 10:02:23.834] [info] [Worker 6] [libqueen] push(q=0 f=0/24 p99rtt=24ms) pop(q=1 f=0/16 p99rtt=4ms) custom(q=0 f=0/1 p99rtt=1ms) slots=25/25 jobs/s=588 drains=33845 evl=0ms
[2026-06-04 10:02:23.836] [info] [Worker 1] [libqueen] push(q=5 f=0/24 p99rtt=25ms) pop(q=0 f=0/16 p99rtt=7ms) custom(q=0 f=0/1 p99rtt=1ms) slots=25/25 jobs/s=588 drains=33904 evl=0ms
[2026-06-04 10:02:24.731] [info] [Worker 4] [libqueen] push(q=0 f=1/24 p99rtt=24ms) pop(q=0 f=0/16 p99rtt=13ms) custom(q=0 f=0/1 p99rtt=1ms) slots=24/25 jobs/s=612 drains=34274 evl=0ms
[2026-06-04 10:02:24.759] [info] [Worker 0] [libqueen] push(q=5 f=0/24 p99rtt=23ms) pop(q=0 f=0/16 p99rtt=8ms) custom(q=0 f=0/1 p99rtt=1ms) slots=25/25 jobs/s=612 drains=34465 evl=0ms
[2026-06-04 10:02:24.761] [info] [Worker 3] [libqueen] push(q=5 f=0/24 p99rtt=25ms) pop(q=0 f=0/16 p99rtt=6ms) custom(q=0 f=0/1 p99rtt=1ms) slots=25/25 jobs/s=624 drains=34498 evl=0ms
[2026-06-04 10:02:24.795] [info] [Worker 5] [libqueen] push(q=5 f=0/24 p99rtt=25ms) pop(q=0 f=0/16 p99rtt=16ms) custom(q=0 f=0/1 p99rtt=1ms) slots=25/25 jobs/s=618 drains=34575 evl=0ms
[2026-06-04 10:02:24.822] [info] [Worker 8] [libqueen] push(q=5 f=0/24 p99rtt=26ms) pop(q=0 f=0/16 p99rtt=10ms) custom(q=0 f=0/1 p99rtt=1ms) slots=25/25 jobs/s=607 drains=34550 evl=0ms
[2026-06-04 10:02:24.825] [info] [Worker 2] [libqueen] push(q=5 f=0/24 p99rtt=26ms) pop(q=0 f=0/16 p99rtt=9ms) custom(q=0 f=0/1 p99rtt=1ms) slots=25/25 jobs/s=624 drains=34857 evl=0ms
[2026-06-04 10:02:24.828] [info] [Worker 7] [libqueen] push(q=5 f=0/24 p99rtt=25ms) pop(q=0 f=0/16 p99rtt=9ms) custom(q=0 f=0/1 p99rtt=1ms) slots=25/25 jobs/s=618 drains=34484 evl=0ms
[2026-06-04 10:02:24.830] [info] [Worker 9] [libqueen] push(q=0 f=1/24 p99rtt=25ms) pop(q=0 f=0/16 p99rtt=6ms) custom(q=0 f=0/1 p99rtt=1ms) slots=24/25 jobs/s=618 drains=34607 evl=0ms
[2026-06-04 10:02:24.834] [info] [Worker 6] [libqueen] push(q=5 f=0/24 p99rtt=25ms) pop(q=0 f=0/16 p99rtt=4ms) custom(q=0 f=0/1 p99rtt=1ms) slots=25/25 jobs/s=612 drains=34692 evl=0ms
[2026-06-04 10:02:24.837] [info] [Worker 1] [libqueen] push(q=5 f=0/24 p99rtt=25ms) pop(q=0 f=0/16 p99rtt=7ms) custom(q=0 f=0/1 p99rtt=1ms) slots=25/25 jobs/s=618 drains=34750 evl=0ms
[2026-06-04 10:02:25.190] [info] PartitionLookupReconcileService: fixed 2 partition_lookup rows (stats leader, hostname=c932ee286edc)
[2026-06-04 10:02:25.731] [info] [Worker 4] [libqueen] push(q=0 f=1/24 p99rtt=24ms) pop(q=0 f=0/16 p99rtt=13ms) custom(q=0 f=0/1 p99rtt=1ms) slots=24/25 jobs/s=612 drains=35095 evl=0ms
[2026-06-04 10:02:25.759] [info] [Worker 0] [libqueen] push(q=0 f=1/24 p99rtt=22ms) pop(q=0 f=0/16 p99rtt=8ms) custom(q=0 f=0/1 p99rtt=1ms) slots=24/25 jobs/s=636 drains=35340 evl=0ms
[2026-06-04 10:02:25.761] [info] [Worker 3] [libqueen] push(q=5 f=0/24 p99rtt=25ms) pop(q=0 f=0/16 p99rtt=6ms) custom(q=0 f=0/1 p99rtt=1ms) slots=25/25 jobs/s=618 drains=35333 evl=0ms
[2026-06-04 10:02:25.796] [info] [Worker 5] [libqueen] push(q=5 f=0/24 p99rtt=25ms) pop(q=0 f=0/16 p99rtt=16ms) custom(q=0 f=0/1 p99rtt=1ms) slots=25/25 jobs/s=624 drains=35418 evl=0ms
[2026-06-04 10:02:25.822] [info] [Worker 8] [libqueen] push(q=0 f=1/24 p99rtt=26ms) pop(q=0 f=0/16 p99rtt=10ms) custom(q=0 f=0/1 p99rtt=1ms) slots=24/25 jobs/s=624 drains=35398 evl=0ms
[2026-06-04 10:02:25.825] [info] [Worker 2] [libqueen] push(q=5 f=0/24 p99rtt=26ms) pop(q=0 f=0/16 p99rtt=9ms) custom(q=0 f=0/1 p99rtt=1ms) slots=25/25 jobs/s=624 drains=35711 evl=0ms
[2026-06-04 10:02:25.829] [info] [Worker 7] [libqueen] push(q=5 f=0/24 p99rtt=25ms) pop(q=0 f=0/16 p99rtt=9ms) custom(q=0 f=0/1 p99rtt=1ms) slots=25/25 jobs/s=630 drains=35302 evl=0ms
[2026-06-04 10:02:25.830] [info] [Worker 9] [libqueen] push(q=0 f=1/24 p99rtt=25ms) pop(q=0 f=0/16 p99rtt=6ms) custom(q=0 f=0/1 p99rtt=1ms) slots=24/25 jobs/s=618 drains=35479 evl=0ms
[2026-06-04 10:02:25.834] [info] [Worker 6] [libqueen] push(q=0 f=1/24 p99rtt=24ms) pop(q=0 f=0/16 p99rtt=4ms) custom(q=0 f=0/1 p99rtt=1ms) slots=24/25 jobs/s=612 drains=35566 evl=0ms
[2026-06-04 10:02:25.837] [info] [Worker 1] [libqueen] push(q=0 f=1/24 p99rtt=25ms) pop(q=0 f=0/16 p99rtt=7ms) custom(q=0 f=0/1 p99rtt=1ms) slots=24/25 jobs/s=630 drains=35590 evl=0ms
[2026-06-04 10:02:26.165] [info] StatsService: cycle completed in 13ms
[2026-06-04 10:02:26.731] [info] [Worker 4] [libqueen] push(q=5 f=0/24 p99rtt=23ms) pop(q=0 f=0/16 p99rtt=13ms) custom(q=0 f=0/1 p99rtt=1ms) slots=25/25 jobs/s=630 drains=35955 evl=0ms
[2026-06-04 10:02:26.759] [info] [Worker 0] [libqueen] push(q=5 f=0/24 p99rtt=22ms) pop(q=0 f=0/16 p99rtt=8ms) custom(q=0 f=0/1 p99rtt=1ms) slots=25/25 jobs/s=630 drains=36181 evl=0ms
[2026-06-04 10:02:26.761] [info] [Worker 3] [libqueen] push(q=5 f=0/24 p99rtt=25ms) pop(q=0 f=0/16 p99rtt=6ms) custom(q=0 f=0/1 p99rtt=1ms) slots=25/25 jobs/s=624 drains=36182 evl=0ms
[2026-06-04 10:02:26.796] [info] [Worker 5] [libqueen] push(q=5 f=0/24 p99rtt=25ms) pop(q=0 f=0/16 p99rtt=16ms) custom(q=0 f=0/1 p99rtt=1ms) slots=25/25 jobs/s=630 drains=36280 evl=0ms
[2026-06-04 10:02:26.821] [info] [Worker 8] [libqueen] push(q=0 f=1/24 p99rtt=25ms) pop(q=0 f=0/16 p99rtt=10ms) custom(q=0 f=0/1 p99rtt=1ms) slots=24/25 jobs/s=624 drains=36246 evl=0ms
[2026-06-04 10:02:26.825] [info] [Worker 2] [libqueen] push(q=5 f=0/24 p99rtt=24ms) pop(q=0 f=0/16 p99rtt=9ms) custom(q=0 f=0/1 p99rtt=1ms) slots=25/25 jobs/s=630 drains=36587 evl=0ms
[2026-06-04 10:02:26.829] [info] [Worker 7] [libqueen] push(q=0 f=1/24 p99rtt=25ms) pop(q=0 f=0/16 p99rtt=9ms) custom(q=0 f=0/1 p99rtt=1ms) slots=24/25 jobs/s=618 drains=36149 evl=0ms
[2026-06-04 10:02:26.829] [info] [Worker 9] [libqueen] push(q=0 f=0/24 p99rtt=25ms) pop(q=0 f=0/16 p99rtt=6ms) custom(q=0 f=0/1 p99rtt=1ms) slots=25/25 jobs/s=630 drains=36328 evl=0ms
[2026-06-04 10:02:26.833] [info] [Worker 6] [libqueen] push(q=5 f=0/24 p99rtt=25ms) pop(q=0 f=0/16 p99rtt=4ms) custom(q=0 f=0/1 p99rtt=1ms) slots=25/25 jobs/s=630 drains=36410 evl=0ms
[2026-06-04 10:02:26.837] [info] [Worker 1] [libqueen] push(q=0 f=1/24 p99rtt=25ms) pop(q=0 f=0/16 p99rtt=7ms) custom(q=0 f=0/1 p99rtt=1ms) slots=24/25 jobs/s=624 drains=36417 evl=0ms
[2026-06-04 10:02:27.731] [info] [Worker 4] [libqueen] push(q=0 f=1/24 p99rtt=23ms) pop(q=0 f=0/16 p99rtt=13ms) custom(q=0 f=0/1 p99rtt=1ms) slots=24/25 jobs/s=606 drains=36752 evl=0ms
[2026-06-04 10:02:27.759] [info] [Worker 0] [libqueen] push(q=0 f=1/24 p99rtt=22ms) pop(q=0 f=0/16 p99rtt=8ms) custom(q=0 f=0/1 p99rtt=1ms) slots=24/25 jobs/s=606 drains=37022 evl=0ms
[2026-06-04 10:02:27.761] [info] [Worker 3] [libqueen] push(q=5 f=0/24 p99rtt=25ms) pop(q=0 f=0/16 p99rtt=6ms) custom(q=0 f=0/1 p99rtt=1ms) slots=25/25 jobs/s=612 drains=37010 evl=0ms
[2026-06-04 10:02:27.796] [info] [Worker 5] [libqueen] push(q=5 f=0/24 p99rtt=24ms) pop(q=0 f=0/16 p99rtt=16ms) custom(q=0 f=0/1 p99rtt=1ms) slots=25/25 jobs/s=612 drains=37116 evl=0ms
[2026-06-04 10:02:27.822] [info] [Worker 8] [libqueen] push(q=0 f=1/24 p99rtt=25ms) pop(q=0 f=0/16 p99rtt=10ms) custom(q=0 f=0/1 p99rtt=1ms) slots=24/25 jobs/s=606 drains=37096 evl=0ms
[2026-06-04 10:02:27.825] [info] [Worker 2] [libqueen] push(q=0 f=1/24 p99rtt=24ms) pop(q=0 f=0/16 p99rtt=9ms) custom(q=0 f=0/1 p99rtt=1ms) slots=24/25 jobs/s=606 drains=37434 evl=0ms
[2026-06-04 10:02:27.829] [info] [Worker 7] [libqueen] push(q=5 f=0/24 p99rtt=23ms) pop(q=0 f=0/16 p99rtt=9ms) custom(q=0 f=0/1 p99rtt=1ms) slots=25/25 jobs/s=612 drains=36986 evl=0ms
[2026-06-04 10:02:27.829] [info] [Worker 9] [libqueen] push(q=5 f=0/24 p99rtt=24ms) pop(q=0 f=0/16 p99rtt=6ms) custom(q=0 f=0/1 p99rtt=1ms) slots=25/25 jobs/s=612 drains=37151 evl=0ms
[2026-06-04 10:02:27.834] [info] [Worker 6] [libqueen] push(q=5 f=0/24 p99rtt=24ms) pop(q=0 f=0/16 p99rtt=4ms) custom(q=0 f=0/1 p99rtt=1ms) slots=25/25 jobs/s=612 drains=37235 evl=0ms
[2026-06-04 10:02:27.837] [info] [Worker 1] [libqueen] push(q=5 f=0/24 p99rtt=23ms) pop(q=0 f=0/16 p99rtt=7ms) custom(q=0 f=0/1 p99rtt=1ms) slots=25/25 jobs/s=612 drains=37236 evl=0ms
[2026-06-04 10:02:28.731] [info] [Worker 4] [libqueen] push(q=0 f=1/24 p99rtt=23ms) pop(q=0 f=0/16 p99rtt=13ms) custom(q=0 f=0/1 p99rtt=1ms) slots=24/25 jobs/s=606 drains=37584 evl=0ms
[2026-06-04 10:02:28.759] [info] [Worker 0] [libqueen] push(q=5 f=0/24 p99rtt=22ms) pop(q=0 f=0/16 p99rtt=8ms) custom(q=0 f=0/1 p99rtt=1ms) slots=25/25 jobs/s=618 drains=37880 evl=0ms
[2026-06-04 10:02:28.760] [info] [Worker 3] [libqueen] push(q=2 f=0/24 p99rtt=25ms) pop(q=0 f=0/16 p99rtt=6ms) custom(q=0 f=1/1 p99rtt=1ms) slots=24/25 jobs/s=599 drains=37819 evl=0ms
[2026-06-04 10:02:28.795] [info] [Worker 5] [libqueen] push(q=5 f=0/24 p99rtt=25ms) pop(q=0 f=0/16 p99rtt=16ms) custom(q=0 f=0/1 p99rtt=1ms) slots=25/25 jobs/s=600 drains=37940 evl=0ms
[2026-06-04 10:02:28.822] [info] [Worker 8] [libqueen] push(q=5 f=0/24 p99rtt=26ms) pop(q=0 f=0/16 p99rtt=10ms) custom(q=0 f=0/1 p99rtt=1ms) slots=25/25 jobs/s=612 drains=37932 evl=0ms
[2026-06-04 10:02:28.826] [info] [Worker 2] [libqueen] push(q=0 f=0/24 p99rtt=24ms) pop(q=0 f=0/16 p99rtt=9ms) custom(q=0 f=1/1 p99rtt=1ms) slots=24/25 jobs/s=617 drains=38262 evl=0ms
[2026-06-04 10:02:28.829] [info] [Worker 7] [libqueen] push(q=5 f=0/24 p99rtt=24ms) pop(q=0 f=0/16 p99rtt=9ms) custom(q=0 f=0/1 p99rtt=1ms) slots=25/25 jobs/s=600 drains=37789 evl=0ms
[2026-06-04 10:02:28.830] [info] [Worker 9] [libqueen] push(q=5 f=0/24 p99rtt=24ms) pop(q=0 f=0/16 p99rtt=6ms) custom(q=0 f=0/1 p99rtt=1ms) slots=25/25 jobs/s=612 drains=37970 evl=0ms
[2026-06-04 10:02:28.833] [info] [Worker 6] [libqueen] push(q=5 f=0/24 p99rtt=24ms) pop(q=0 f=0/16 p99rtt=4ms) custom(q=0 f=0/1 p99rtt=1ms) slots=25/25 jobs/s=612 drains=38073 evl=0ms
[2026-06-04 10:02:28.837] [info] [Worker 1] [libqueen] push(q=5 f=0/24 p99rtt=23ms) pop(q=0 f=0/16 p99rtt=7ms) custom(q=0 f=0/1 p99rtt=1ms) slots=25/25 jobs/s=612 drains=38083 evl=0ms
[2026-06-04 10:02:29.732] [info] [Worker 4] [libqueen] push(q=5 f=0/24 p99rtt=23ms) pop(q=3 f=0/16 p99rtt=13ms) custom(q=0 f=0/1 p99rtt=1ms) slots=25/25 jobs/s=636 drains=38437 evl=0ms
[2026-06-04 10:02:29.759] [info] [Worker 0] [libqueen] push(q=0 f=1/24 p99rtt=23ms) pop(q=0 f=0/16 p99rtt=8ms) custom(q=0 f=0/1 p99rtt=1ms) slots=24/25 jobs/s=624 drains=38703 evl=0ms
[2026-06-04 10:02:29.761] [info] [Worker 3] [libqueen] push(q=5 f=0/24 p99rtt=25ms) pop(q=0 f=0/16 p99rtt=6ms) custom(q=0 f=0/1 p99rtt=1ms) slots=25/25 jobs/s=625 drains=38682 evl=0ms
[2026-06-04 10:02:29.795] [info] [Worker 5] [libqueen] push(q=4 f=0/24 p99rtt=25ms) pop(q=0 f=0/16 p99rtt=16ms) custom(q=0 f=0/1 p99rtt=1ms) slots=25/25 jobs/s=630 drains=38808 evl=0ms
[2026-06-04 10:02:29.822] [info] [Worker 8] [libqueen] push(q=0 f=1/24 p99rtt=25ms) pop(q=0 f=0/16 p99rtt=10ms) custom(q=0 f=0/1 p99rtt=1ms) slots=24/25 jobs/s=624 drains=38775 evl=0ms
[2026-06-04 10:02:29.825] [info] [Worker 2] [libqueen] push(q=5 f=0/24 p99rtt=24ms) pop(q=0 f=0/16 p99rtt=9ms) custom(q=0 f=0/1 p99rtt=1ms) slots=25/25 jobs/s=631 drains=39118 evl=0ms
[2026-06-04 10:02:29.829] [info] [Worker 7] [libqueen] push(q=5 f=0/24 p99rtt=24ms) pop(q=0 f=0/16 p99rtt=9ms) custom(q=0 f=0/1 p99rtt=1ms) slots=25/25 jobs/s=630 drains=38660 evl=0ms
[2026-06-04 10:02:29.829] [info] [Worker 9] [libqueen] push(q=0 f=1/24 p99rtt=24ms) pop(q=0 f=0/16 p99rtt=6ms) custom(q=0 f=0/1 p99rtt=1ms) slots=24/25 jobs/s=618 drains=38830 evl=0ms
[2026-06-04 10:02:29.833] [info] [Worker 6] [libqueen] push(q=0 f=1/24 p99rtt=24ms) pop(q=0 f=0/16 p99rtt=4ms) custom(q=0 f=0/1 p99rtt=1ms) slots=24/25 jobs/s=618 drains=38912 evl=0ms
[2026-06-04 10:02:29.837] [info] [Worker 1] [libqueen] push(q=5 f=0/24 p99rtt=22ms) pop(q=0 f=0/16 p99rtt=7ms) custom(q=0 f=0/1 p99rtt=1ms) slots=25/25 jobs/s=636 drains=38958 evl=0ms
[2026-06-04 10:02:30.732] [info] [Worker 4] [libqueen] push(q=5 f=0/24 p99rtt=23ms) pop(q=0 f=0/16 p99rtt=13ms) custom(q=0 f=0/1 p99rtt=1ms) slots=25/25 jobs/s=618 drains=39278 evl=0ms
[2026-06-04 10:02:30.758] [info] [Worker 0] [libqueen] push(q=0 f=1/24 p99rtt=23ms) pop(q=0 f=0/16 p99rtt=8ms) custom(q=0 f=0/1 p99rtt=1ms) slots=24/25 jobs/s=636 drains=39570 evl=0ms
[2026-06-04 10:02:30.761] [info] [Worker 3] [libqueen] push(q=0 f=1/24 p99rtt=25ms) pop(q=0 f=0/16 p99rtt=6ms) custom(q=0 f=0/1 p99rtt=1ms) slots=24/25 jobs/s=624 drains=39539 evl=0ms
[2026-06-04 10:02:30.795] [info] [Worker 5] [libqueen] push(q=5 f=0/24 p99rtt=25ms) pop(q=0 f=0/16 p99rtt=9ms) custom(q=0 f=0/1 p99rtt=1ms) slots=25/25 jobs/s=618 drains=39674 evl=1ms
[2026-06-04 10:02:30.822] [info] [Worker 8] [libqueen] push(q=5 f=0/24 p99rtt=26ms) pop(q=0 f=0/16 p99rtt=10ms) custom(q=0 f=0/1 p99rtt=1ms) slots=25/25 jobs/s=618 drains=39642 evl=0ms
[2026-06-04 10:02:30.825] [info] [Worker 2] [libqueen] push(q=5 f=0/24 p99rtt=23ms) pop(q=0 f=0/16 p99rtt=9ms) custom(q=0 f=0/1 p99rtt=1ms) slots=25/25 jobs/s=630 drains=39977 evl=0ms
[2026-06-04 10:02:30.829] [info] [Worker 7] [libqueen] push(q=2 f=0/24 p99rtt=23ms) pop(q=0 f=0/16 p99rtt=9ms) custom(q=0 f=0/1 p99rtt=1ms) slots=25/25 jobs/s=630 drains=39527 evl=0ms
[2026-06-04 10:02:30.829] [info] [Worker 9] [libqueen] push(q=0 f=0/24 p99rtt=24ms) pop(q=0 f=0/16 p99rtt=6ms) custom(q=0 f=1/1 p99rtt=1ms) slots=24/25 jobs/s=629 drains=39698 evl=0ms
[2026-06-04 10:02:30.834] [info] [Worker 6] [libqueen] push(q=5 f=0/24 p99rtt=24ms) pop(q=0 f=0/16 p99rtt=4ms) custom(q=0 f=0/1 p99rtt=1ms) slots=25/25 jobs/s=630 drains=39782 evl=0ms
[2026-06-04 10:02:30.837] [info] [Worker 1] [libqueen] push(q=0 f=1/24 p99rtt=22ms) pop(q=0 f=0/16 p99rtt=7ms) custom(q=0 f=0/1 p99rtt=1ms) slots=24/25 jobs/s=636 drains=39860 evl=0ms
[2026-06-04 10:02:31.732] [info] [Worker 4] [libqueen] push(q=5 f=0/24 p99rtt=23ms) pop(q=0 f=0/16 p99rtt=5ms) custom(q=0 f=0/1 p99rtt=1ms) slots=25/25 jobs/s=624 drains=40127 evl=0ms
[2026-06-04 10:02:31.759] [info] [Worker 0] [libqueen] push(q=0 f=0/24 p99rtt=22ms) pop(q=0 f=0/16 p99rtt=8ms) custom(q=0 f=0/1 p99rtt=1ms) slots=25/25 jobs/s=612 drains=40411 evl=0ms
[2026-06-04 10:02:31.761] [info] [Worker 3] [libqueen] push(q=5 f=0/24 p99rtt=24ms) pop(q=0 f=0/16 p99rtt=6ms) custom(q=0 f=0/1 p99rtt=1ms) slots=25/25 jobs/s=612 drains=40394 evl=0ms
[2026-06-04 10:02:31.796] [info] [Worker 5] [libqueen] push(q=5 f=0/24 p99rtt=25ms) pop(q=0 f=0/16 p99rtt=9ms) custom(q=0 f=0/1 p99rtt=1ms) slots=25/25 jobs/s=606 drains=40482 evl=0ms
[2026-06-04 10:02:31.822] [info] [Worker 8] [libqueen] push(q=5 f=0/24 p99rtt=26ms) pop(q=0 f=0/16 p99rtt=10ms) custom(q=0 f=0/1 p99rtt=1ms) slots=25/25 jobs/s=624 drains=40499 evl=0ms
[2026-06-04 10:02:31.826] [info] [Worker 2] [libqueen] push(q=0 f=1/24 p99rtt=23ms) pop(q=0 f=0/16 p99rtt=9ms) custom(q=0 f=0/1 p99rtt=1ms) slots=24/25 jobs/s=618 drains=40818 evl=0ms
[2026-06-04 10:02:31.829] [info] [Worker 7] [libqueen] push(q=0 f=1/24 p99rtt=23ms) pop(q=0 f=0/16 p99rtt=9ms) custom(q=0 f=0/1 p99rtt=1ms) slots=24/25 jobs/s=600 drains=40351 evl=0ms
[2026-06-04 10:02:31.830] [info] [Worker 9] [libqueen] push(q=5 f=0/24 p99rtt=24ms) pop(q=0 f=0/16 p99rtt=6ms) custom(q=0 f=0/1 p99rtt=1ms) slots=25/25 jobs/s=607 drains=40530 evl=0ms
[2026-06-04 10:02:31.834] [info] [Worker 6] [libqueen] push(q=5 f=0/24 p99rtt=23ms) pop(q=0 f=0/16 p99rtt=4ms) custom(q=0 f=0/1 p99rtt=1ms) slots=25/25 jobs/s=612 drains=40617 evl=0ms
[2026-06-04 10:02:31.837] [info] [Worker 1] [libqueen] push(q=5 f=0/24 p99rtt=21ms) pop(q=0 f=0/16 p99rtt=7ms) custom(q=0 f=0/1 p99rtt=1ms) slots=25/25 jobs/s=630 drains=40710 evl=0ms
[2026-06-04 10:02:32.732] [info] [Worker 4] [libqueen] push(q=5 f=0/24 p99rtt=22ms) pop(q=2 f=0/16 p99rtt=7ms) custom(q=0 f=0/1 p99rtt=1ms) slots=25/25 jobs/s=620 drains=40975 evl=0ms
[2026-06-04 10:02:32.759] [info] [Worker 0] [libqueen] push(q=5 f=0/24 p99rtt=22ms) pop(q=0 f=1/16 p99rtt=8ms) custom(q=0 f=0/1 p99rtt=1ms) slots=24/25 jobs/s=636 drains=41302 evl=0ms
[2026-06-04 10:02:32.761] [info] [Worker 3] [libqueen] push(q=0 f=1/24 p99rtt=24ms) pop(q=0 f=1/16 p99rtt=7ms) custom(q=0 f=0/1 p99rtt=1ms) slots=23/25 jobs/s=627 drains=41274 evl=0ms
[2026-06-04 10:02:32.795] [info] [Worker 5] [libqueen] push(q=0 f=1/24 p99rtt=25ms) pop(q=0 f=0/16 p99rtt=11ms) custom(q=0 f=0/1 p99rtt=1ms) slots=24/25 jobs/s=629 drains=41346 evl=0ms
[2026-06-04 10:02:32.821] [info] [Worker 8] [libqueen] push(q=0 f=1/24 p99rtt=25ms) pop(q=0 f=0/16 p99rtt=10ms) custom(q=0 f=0/1 p99rtt=1ms) slots=24/25 jobs/s=629 drains=41331 evl=0ms
[2026-06-04 10:02:32.826] [info] [Worker 2] [libqueen] push(q=0 f=0/24 p99rtt=22ms) pop(q=0 f=0/16 p99rtt=9ms) custom(q=0 f=1/1 p99rtt=1ms) slots=24/25 jobs/s=634 drains=41692 evl=0ms
[2026-06-04 10:02:32.829] [info] [Worker 7] [libqueen] push(q=5 f=0/24 p99rtt=22ms) pop(q=0 f=0/16 p99rtt=9ms) custom(q=0 f=0/1 p99rtt=1ms) slots=25/25 jobs/s=629 drains=41227 evl=0ms
[2026-06-04 10:02:32.830] [info] [Worker 9] [libqueen] push(q=0 f=1/24 p99rtt=23ms) pop(q=0 f=0/16 p99rtt=12ms) custom(q=0 f=0/1 p99rtt=1ms) slots=24/25 jobs/s=635 drains=41401 evl=0ms
[2026-06-04 10:02:32.833] [info] [Worker 6] [libqueen] push(q=0 f=1/24 p99rtt=23ms) pop(q=0 f=0/16 p99rtt=6ms) custom(q=0 f=0/1 p99rtt=1ms) slots=24/25 jobs/s=622 drains=41467 evl=0ms
[2026-06-04 10:02:32.837] [info] [Worker 1] [libqueen] push(q=0 f=1/24 p99rtt=21ms) pop(q=0 f=0/16 p99rtt=11ms) custom(q=0 f=0/1 p99rtt=1ms) slots=24/25 jobs/s=629 drains=41567 evl=0ms
[2026-06-04 10:02:33.525] [info] QPOP: Connection aborted for bfbb05cc-d846-4b1f-ae25-c8e14aee5505
[2026-06-04 10:02:33.732] [info] [Worker 4] [libqueen] push(q=0 f=1/24 p99rtt=25ms) pop(q=0 f=0/16 p99rtt=10ms) custom(q=0 f=0/1 p99rtt=1ms) slots=24/25 jobs/s=459 drains=41600 evl=0ms
[2026-06-04 10:02:33.759] [info] [Worker 0] [libqueen] push(q=3 f=0/24 p99rtt=23ms) pop(q=0 f=0/16 p99rtt=11ms) custom(q=0 f=1/1 p99rtt=1ms) slots=24/25 jobs/s=466 drains=41934 evl=0ms
[2026-06-04 10:02:33.761] [info] [Worker 3] [libqueen] push(q=0 f=1/24 p99rtt=25ms) pop(q=0 f=0/16 p99rtt=7ms) custom(q=0 f=0/1 p99rtt=1ms) slots=24/25 jobs/s=452 drains=41896 evl=0ms
[2026-06-04 10:02:33.796] [info] [Worker 5] [libqueen] push(q=5 f=0/24 p99rtt=26ms) pop(q=0 f=0/16 p99rtt=11ms) custom(q=0 f=0/1 p99rtt=1ms) slots=25/25 jobs/s=462 drains=41988 evl=0ms
[2026-06-04 10:02:33.822] [info] [Worker 8] [libqueen] push(q=5 f=0/24 p99rtt=26ms) pop(q=0 f=0/16 p99rtt=10ms) custom(q=0 f=0/1 p99rtt=1ms) slots=25/25 jobs/s=456 drains=41969 evl=0ms
[2026-06-04 10:02:33.826] [info] [Worker 2] [libqueen] push(q=0 f=1/24 p99rtt=24ms) pop(q=0 f=0/16 p99rtt=9ms) custom(q=0 f=0/1 p99rtt=1ms) slots=24/25 jobs/s=451 drains=42311 evl=0ms
[2026-06-04 10:02:33.828] [info] [Worker 7] [libqueen] push(q=0 f=1/24 p99rtt=26ms) pop(q=0 f=0/16 p99rtt=9ms) custom(q=0 f=0/1 p99rtt=1ms) slots=24/25 jobs/s=450 drains=41846 evl=0ms
[2026-06-04 10:02:33.830] [info] [Worker 9] [libqueen] push(q=0 f=1/24 p99rtt=25ms) pop(q=0 f=0/16 p99rtt=12ms) custom(q=0 f=0/1 p99rtt=1ms) slots=24/25 jobs/s=468 drains=42037 evl=0ms
[2026-06-04 10:02:33.833] [info] [Worker 6] [libqueen] push(q=0 f=0/24 p99rtt=23ms) pop(q=0 f=0/16 p99rtt=6ms) custom(q=0 f=1/1 p99rtt=1ms) slots=24/25 jobs/s=461 drains=42106 evl=0ms
[2026-06-04 10:02:33.836] [info] [Worker 1] [libqueen] push(q=5 f=0/24 p99rtt=23ms) pop(q=0 f=0/16 p99rtt=11ms) custom(q=0 f=0/1 p99rtt=1ms) slots=25/25 jobs/s=462 drains=42207 evl=0ms
[2026-06-04 10:02:34.731] [info] [Worker 4] [libqueen] push(q=0 f=0/24 p99rtt=25ms) pop(q=0 f=0/16 p99rtt=10ms) custom(q=0 f=0/1 p99rtt=1ms) slots=25/25 jobs/s=624 drains=42430 evl=0ms
[2026-06-04 10:02:34.759] [info] [Worker 0] [libqueen] push(q=0 f=0/24 p99rtt=23ms) pop(q=0 f=0/16 p99rtt=11ms) custom(q=0 f=0/1 p99rtt=1ms) slots=25/25 jobs/s=607 drains=42779 evl=0ms
[2026-06-04 10:02:34.761] [info] [Worker 3] [libqueen] push(q=5 f=0/24 p99rtt=24ms) pop(q=0 f=0/16 p99rtt=7ms) custom(q=0 f=0/1 p99rtt=1ms) slots=25/25 jobs/s=624 drains=42739 evl=0ms
[2026-06-04 10:02:34.796] [info] [Worker 5] [libqueen] push(q=5 f=0/24 p99rtt=26ms) pop(q=0 f=0/16 p99rtt=11ms) custom(q=0 f=0/1 p99rtt=1ms) slots=25/25 jobs/s=606 drains=42837 evl=0ms
[2026-06-04 10:02:34.822] [info] [Worker 8] [libqueen] push(q=2 f=0/24 p99rtt=25ms) pop(q=0 f=0/16 p99rtt=10ms) custom(q=0 f=1/1 p99rtt=1ms) slots=24/25 jobs/s=605 drains=42785 evl=0ms
[2026-06-04 10:02:34.827] [info] [Worker 2] [libqueen] push(q=5 f=0/24 p99rtt=23ms) pop(q=0 f=0/16 p99rtt=9ms) custom(q=0 f=0/1 p99rtt=1ms) slots=25/25 jobs/s=612 drains=43129 evl=0ms
[2026-06-04 10:02:34.829] [info] [Worker 7] [libqueen] push(q=0 f=1/24 p99rtt=25ms) pop(q=0 f=0/16 p99rtt=9ms) custom(q=0 f=0/1 p99rtt=1ms) slots=24/25 jobs/s=612 drains=42680 evl=0ms
[2026-06-04 10:02:34.830] [info] [Worker 9] [libqueen] push(q=5 f=0/24 p99rtt=23ms) pop(q=0 f=0/16 p99rtt=12ms) custom(q=0 f=0/1 p99rtt=1ms) slots=25/25 jobs/s=618 drains=42895 evl=0ms
[2026-06-04 10:02:34.834] [info] [Worker 6] [libqueen] push(q=5 f=0/24 p99rtt=23ms) pop(q=0 f=0/16 p99rtt=6ms) custom(q=0 f=0/1 p99rtt=1ms) slots=25/25 jobs/s=619 drains=42958 evl=0ms
[2026-06-04 10:02:34.836] [info] [Worker 1] [libqueen] push(q=0 f=1/24 p99rtt=22ms) pop(q=0 f=0/16 p99rtt=11ms) custom(q=0 f=0/1 p99rtt=1ms) slots=24/25 jobs/s=618 drains=43059 evl=0ms
[2026-06-04 10:02:35.732] [info] [Worker 4] [libqueen] push(q=5 f=0/24 p99rtt=26ms) pop(q=0 f=0/16 p99rtt=10ms) custom(q=0 f=0/1 p99rtt=1ms) slots=25/25 jobs/s=594 drains=43267 evl=0ms
[2026-06-04 10:02:35.758] [info] [Worker 0] [libqueen] push(q=5 f=0/24 p99rtt=24ms) pop(q=0 f=0/16 p99rtt=11ms) custom(q=0 f=0/1 p99rtt=1ms) slots=25/25 jobs/s=606 drains=43621 evl=0ms
[2026-06-04 10:02:35.761] [info] [Worker 3] [libqueen] push(q=0 f=1/24 p99rtt=26ms) pop(q=0 f=0/16 p99rtt=7ms) custom(q=0 f=0/1 p99rtt=1ms) slots=24/25 jobs/s=600 drains=43576 evl=0ms
[2026-06-04 10:02:35.796] [info] [Worker 5] [libqueen] push(q=5 f=0/24 p99rtt=26ms) pop(q=0 f=0/16 p99rtt=11ms) custom(q=0 f=0/1 p99rtt=1ms) slots=25/25 jobs/s=594 drains=43642 evl=0ms
[2026-06-04 10:02:35.821] [info] [Worker 8] [libqueen] push(q=5 f=0/24 p99rtt=26ms) pop(q=0 f=0/16 p99rtt=10ms) custom(q=0 f=0/1 p99rtt=1ms) slots=25/25 jobs/s=589 drains=43601 evl=0ms
[2026-06-04 10:02:35.827] [info] [Worker 2] [libqueen] push(q=0 f=1/24 p99rtt=24ms) pop(q=0 f=0/16 p99rtt=9ms) custom(q=0 f=0/1 p99rtt=1ms) slots=24/25 jobs/s=606 drains=43943 evl=0ms
[2026-06-04 10:02:35.830] [info] [Worker 7] [libqueen] push(q=5 f=0/24 p99rtt=26ms) pop(q=0 f=0/16 p99rtt=9ms) custom(q=0 f=0/1 p99rtt=1ms) slots=25/25 jobs/s=606 drains=43528 evl=0ms
[2026-06-04 10:02:35.831] [info] [Worker 9] [libqueen] push(q=5 f=0/24 p99rtt=25ms) pop(q=0 f=0/16 p99rtt=12ms) custom(q=0 f=0/1 p99rtt=1ms) slots=25/25 jobs/s=606 drains=43749 evl=0ms
[2026-06-04 10:02:35.834] [info] [Worker 6] [libqueen] push(q=5 f=0/24 p99rtt=24ms) pop(q=0 f=0/16 p99rtt=6ms) custom(q=0 f=0/1 p99rtt=1ms) slots=25/25 jobs/s=618 drains=43782 evl=0ms
[2026-06-04 10:02:35.837] [info] [Worker 1] [libqueen] push(q=5 f=0/24 p99rtt=23ms) pop(q=0 f=0/16 p99rtt=11ms) custom(q=0 f=0/1 p99rtt=1ms) slots=25/25 jobs/s=600 drains=43868 evl=0ms
[2026-06-04 10:02:36.731] [info] [Worker 4] [libqueen] push(q=5 f=0/24 p99rtt=26ms) pop(q=0 f=0/16 p99rtt=10ms) custom(q=0 f=0/1 p99rtt=1ms) slots=25/25 jobs/s=612 drains=44100 evl=0ms
[2026-06-04 10:02:36.759] [info] [Worker 0] [libqueen] push(q=0 f=1/24 p99rtt=24ms) pop(q=0 f=0/16 p99rtt=11ms) custom(q=0 f=0/1 p99rtt=1ms) slots=24/25 jobs/s=606 drains=44444 evl=0ms
[2026-06-04 10:02:36.760] [info] [Worker 3] [libqueen] push(q=1 f=0/24 p99rtt=25ms) pop(q=0 f=0/16 p99rtt=7ms) custom(q=0 f=0/1 p99rtt=1ms) slots=25/25 jobs/s=624 drains=44439 evl=0ms
[2026-06-04 10:02:36.795] [info] [Worker 5] [libqueen] push(q=0 f=1/24 p99rtt=26ms) pop(q=0 f=0/16 p99rtt=11ms) custom(q=0 f=0/1 p99rtt=1ms) slots=24/25 jobs/s=606 drains=44469 evl=0ms
[2026-06-04 10:02:36.821] [info] [Worker 8] [libqueen] push(q=0 f=0/24 p99rtt=27ms) pop(q=0 f=0/16 p99rtt=10ms) custom(q=0 f=1/1 p99rtt=1ms) slots=24/25 jobs/s=611 drains=44436 evl=0ms
[2026-06-04 10:02:36.827] [info] [Worker 2] [libqueen] push(q=5 f=0/24 p99rtt=24ms) pop(q=0 f=0/16 p99rtt=9ms) custom(q=0 f=0/1 p99rtt=1ms) slots=25/25 jobs/s=606 drains=44773 evl=0ms
[2026-06-04 10:02:36.830] [info] [Worker 7] [libqueen] push(q=5 f=0/24 p99rtt=26ms) pop(q=0 f=0/16 p99rtt=9ms) custom(q=0 f=0/1 p99rtt=1ms) slots=25/25 jobs/s=606 drains=44347 evl=0ms
[2026-06-04 10:02:36.831] [info] [Worker 9] [libqueen] push(q=5 f=0/24 p99rtt=25ms) pop(q=0 f=0/16 p99rtt=12ms) custom(q=0 f=0/1 p99rtt=1ms) slots=25/25 jobs/s=594 drains=44562 evl=0ms
[2026-06-04 10:02:36.834] [info] [Worker 6] [libqueen] push(q=5 f=0/24 p99rtt=25ms) pop(q=0 f=0/16 p99rtt=6ms) custom(q=0 f=0/1 p99rtt=1ms) slots=25/25 jobs/s=606 drains=44629 evl=0ms
[2026-06-04 10:02:36.836] [info] [Worker 1] [libqueen] push(q=5 f=0/24 p99rtt=24ms) pop(q=0 f=0/16 p99rtt=11ms) custom(q=0 f=0/1 p99rtt=1ms) slots=25/25 jobs/s=606 drains=44695 evl=0ms
[2026-06-04 10:02:37.144] [info] StatsService: cycle completed in 14ms
[2026-06-04 10:02:37.731] [info] [Worker 4] [libqueen] push(q=0 f=1/24 p99rtt=25ms) pop(q=0 f=0/16 p99rtt=10ms) custom(q=0 f=0/1 p99rtt=1ms) slots=24/25 jobs/s=624 drains=44976 evl=0ms
[2026-06-04 10:02:37.759] [info] [Worker 0] [libqueen] push(q=5 f=0/24 p99rtt=24ms) pop(q=0 f=0/16 p99rtt=11ms) custom(q=0 f=0/1 p99rtt=1ms) slots=25/25 jobs/s=618 drains=45293 evl=0ms
[2026-06-04 10:02:37.760] [info] [Worker 3] [libqueen] push(q=5 f=0/24 p99rtt=24ms) pop(q=0 f=0/16 p99rtt=7ms) custom(q=0 f=0/1 p99rtt=1ms) slots=25/25 jobs/s=624 drains=45300 evl=0ms
[2026-06-04 10:02:37.796] [info] [Worker 5] [libqueen] push(q=0 f=1/24 p99rtt=25ms) pop(q=0 f=0/16 p99rtt=11ms) custom(q=0 f=0/1 p99rtt=1ms) slots=24/25 jobs/s=606 drains=45314 evl=0ms
[2026-06-04 10:02:37.821] [info] [Worker 8] [libqueen] push(q=5 f=0/24 p99rtt=26ms) pop(q=0 f=0/16 p99rtt=10ms) custom(q=0 f=0/1 p99rtt=1ms) slots=25/25 jobs/s=613 drains=45283 evl=0ms
[2026-06-04 10:02:37.827] [info] [Worker 2] [libqueen] push(q=0 f=1/24 p99rtt=24ms) pop(q=0 f=0/16 p99rtt=9ms) custom(q=0 f=0/1 p99rtt=1ms) slots=24/25 jobs/s=612 drains=45619 evl=0ms
[2026-06-04 10:02:37.830] [info] [Worker 7] [libqueen] push(q=5 f=0/24 p99rtt=25ms) pop(q=0 f=0/16 p99rtt=9ms) custom(q=0 f=0/1 p99rtt=1ms) slots=25/25 jobs/s=612 drains=45206 evl=0ms
[2026-06-04 10:02:37.831] [info] [Worker 9] [libqueen] push(q=5 f=0/24 p99rtt=25ms) pop(q=0 f=0/16 p99rtt=12ms) custom(q=0 f=0/1 p99rtt=1ms) slots=25/25 jobs/s=612 drains=45397 evl=0ms
[2026-06-04 10:02:37.834] [info] [Worker 6] [libqueen] push(q=5 f=0/24 p99rtt=25ms) pop(q=0 f=0/16 p99rtt=6ms) custom(q=0 f=0/1 p99rtt=1ms) slots=25/25 jobs/s=624 drains=45476 evl=0ms
[2026-06-04 10:02:37.836] [info] [Worker 1] [libqueen] push(q=0 f=1/24 p99rtt=24ms) pop(q=0 f=0/16 p99rtt=11ms) custom(q=0 f=0/1 p99rtt=1ms) slots=24/25 jobs/s=600 drains=45549 evl=0ms
[2026-06-04 10:02:38.731] [info] [Worker 4] [libqueen] push(q=0 f=1/24 p99rtt=24ms) pop(q=0 f=0/16 p99rtt=10ms) custom(q=0 f=0/1 p99rtt=1ms) slots=24/25 jobs/s=606 drains=45811 evl=0ms
[2026-06-04 10:02:38.759] [info] [Worker 0] [libqueen] push(q=0 f=0/24 p99rtt=23ms) pop(q=0 f=0/16 p99rtt=11ms) custom(q=0 f=1/1 p99rtt=1ms) slots=24/25 jobs/s=629 drains=46144 evl=0ms
[2026-06-04 10:02:38.760] [info] [Worker 3] [libqueen] push(q=2 f=0/24 p99rtt=24ms) pop(q=0 f=0/16 p99rtt=7ms) custom(q=0 f=0/1 p99rtt=1ms) slots=25/25 jobs/s=612 drains=46133 evl=0ms
[2026-06-04 10:02:38.796] [info] [Worker 5] [libqueen] push(q=5 f=0/24 p99rtt=24ms) pop(q=0 f=0/16 p99rtt=11ms) custom(q=0 f=0/1 p99rtt=1ms) slots=25/25 jobs/s=618 drains=46163 evl=0ms
[2026-06-04 10:02:38.821] [info] [Worker 8] [libqueen] push(q=5 f=0/24 p99rtt=25ms) pop(q=0 f=0/16 p99rtt=10ms) custom(q=0 f=0/1 p99rtt=1ms) slots=25/25 jobs/s=618 drains=46136 evl=0ms
[2026-06-04 10:02:38.827] [info] [Worker 2] [libqueen] push(q=0 f=1/24 p99rtt=24ms) pop(q=0 f=0/16 p99rtt=9ms) custom(q=0 f=0/1 p99rtt=1ms) slots=24/25 jobs/s=606 drains=46462 evl=0ms
[2026-06-04 10:02:38.829] [info] [Worker 7] [libqueen] push(q=0 f=0/24 p99rtt=25ms) pop(q=0 f=0/16 p99rtt=9ms) custom(q=0 f=0/1 p99rtt=1ms) slots=25/25 jobs/s=606 drains=46019 evl=0ms
[2026-06-04 10:02:38.831] [info] [Worker 9] [libqueen] push(q=5 f=0/24 p99rtt=25ms) pop(q=0 f=0/16 p99rtt=12ms) custom(q=0 f=0/1 p99rtt=1ms) slots=25/25 jobs/s=618 drains=46228 evl=0ms
[2026-06-04 10:02:38.834] [info] [Worker 6] [libqueen] push(q=5 f=0/24 p99rtt=25ms) pop(q=0 f=0/16 p99rtt=6ms) custom(q=0 f=0/1 p99rtt=1ms) slots=25/25 jobs/s=612 drains=46342 evl=0ms
[2026-06-04 10:02:38.836] [info] [Worker 1] [libqueen] push(q=5 f=0/24 p99rtt=24ms) pop(q=0 f=0/16 p99rtt=11ms) custom(q=0 f=0/1 p99rtt=1ms) slots=25/25 jobs/s=612 drains=46380 evl=0ms
[2026-06-04 10:02:39.732] [info] [Worker 4] [libqueen] push(q=0 f=1/24 p99rtt=24ms) pop(q=0 f=0/16 p99rtt=10ms) custom(q=0 f=1/1 p99rtt=1ms) slots=23/25 jobs/s=629 drains=46666 evl=0ms
[2026-06-04 10:02:39.759] [info] [Worker 0] [libqueen] push(q=5 f=0/24 p99rtt=23ms) pop(q=0 f=0/16 p99rtt=11ms) custom(q=0 f=0/1 p99rtt=1ms) slots=25/25 jobs/s=625 drains=46982 evl=0ms
[2026-06-04 10:02:39.761] [info] [Worker 3] [libqueen] push(q=5 f=0/24 p99rtt=24ms) pop(q=0 f=0/16 p99rtt=7ms) custom(q=0 f=0/1 p99rtt=1ms) slots=25/25 jobs/s=624 drains=46953 evl=0ms
[2026-06-04 10:02:39.796] [info] [Worker 5] [libqueen] push(q=0 f=1/24 p99rtt=24ms) pop(q=0 f=0/16 p99rtt=11ms) custom(q=0 f=0/1 p99rtt=1ms) slots=24/25 jobs/s=618 drains=47032 evl=0ms
[2026-06-04 10:02:39.821] [info] [Worker 8] [libqueen] push(q=5 f=0/24 p99rtt=25ms) pop(q=0 f=0/16 p99rtt=10ms) custom(q=0 f=0/1 p99rtt=1ms) slots=25/25 jobs/s=618 drains=46971 evl=0ms
[2026-06-04 10:02:39.826] [info] [Worker 2] [libqueen] push(q=5 f=0/24 p99rtt=24ms) pop(q=0 f=0/16 p99rtt=9ms) custom(q=0 f=1/1 p99rtt=1ms) slots=24/25 jobs/s=623 drains=47324 evl=0ms
[2026-06-04 10:02:39.830] [info] [Worker 7] [libqueen] push(q=5 f=0/24 p99rtt=25ms) pop(q=0 f=0/16 p99rtt=9ms) custom(q=0 f=0/1 p99rtt=1ms) slots=25/25 jobs/s=618 drains=46873 evl=0ms
[2026-06-04 10:02:39.830] [info] [Worker 9] [libqueen] push(q=5 f=0/24 p99rtt=25ms) pop(q=0 f=0/16 p99rtt=12ms) custom(q=0 f=0/1 p99rtt=1ms) slots=25/25 jobs/s=618 drains=47084 evl=0ms
[2026-06-04 10:02:39.834] [info] [Worker 6] [libqueen] push(q=0 f=1/24 p99rtt=25ms) pop(q=0 f=0/16 p99rtt=6ms) custom(q=0 f=0/1 p99rtt=1ms) slots=24/25 jobs/s=630 drains=47201 evl=0ms
[2026-06-04 10:02:39.837] [info] [Worker 1] [libqueen] push(q=2 f=0/24 p99rtt=24ms) pop(q=0 f=0/16 p99rtt=11ms) custom(q=0 f=1/1 p99rtt=1ms) slots=24/25 jobs/s=611 drains=47204 evl=0ms
[2026-06-04 10:02:40.731] [info] [Worker 4] [libqueen] push(q=0 f=1/24 p99rtt=24ms) pop(q=0 f=0/16 p99rtt=10ms) custom(q=0 f=0/1 p99rtt=1ms) slots=24/25 jobs/s=625 drains=47495 evl=0ms
[2026-06-04 10:02:40.758] [info] [Worker 0] [libqueen] push(q=5 f=0/24 p99rtt=24ms) pop(q=0 f=0/16 p99rtt=11ms) custom(q=0 f=0/1 p99rtt=1ms) slots=25/25 jobs/s=630 drains=47855 evl=0ms
[2026-06-04 10:02:40.760] [info] [Worker 3] [libqueen] push(q=5 f=0/24 p99rtt=24ms) pop(q=0 f=0/16 p99rtt=7ms) custom(q=0 f=0/1 p99rtt=1ms) slots=25/25 jobs/s=618 drains=47789 evl=0ms
[2026-06-04 10:02:40.795] [info] [Worker 5] [libqueen] push(q=5 f=0/24 p99rtt=24ms) pop(q=0 f=0/16 p99rtt=11ms) custom(q=0 f=0/1 p99rtt=1ms) slots=25/25 jobs/s=618 drains=47881 evl=0ms
[2026-06-04 10:02:40.821] [info] [Worker 8] [libqueen] push(q=0 f=1/24 p99rtt=25ms) pop(q=0 f=0/16 p99rtt=10ms) custom(q=0 f=0/1 p99rtt=1ms) slots=24/25 jobs/s=630 drains=47848 evl=0ms
[2026-06-04 10:02:40.827] [info] [Worker 2] [libqueen] push(q=0 f=1/24 p99rtt=26ms) pop(q=0 f=0/16 p99rtt=9ms) custom(q=0 f=0/1 p99rtt=1ms) slots=24/25 jobs/s=631 drains=48171 evl=0ms
[2026-06-04 10:02:40.829] [info] [Worker 7] [libqueen] push(q=2 f=0/24 p99rtt=25ms) pop(q=0 f=0/16 p99rtt=9ms) custom(q=0 f=0/1 p99rtt=1ms) slots=25/25 jobs/s=612 drains=47713 evl=0ms
[2026-06-04 10:02:40.830] [info] [Worker 9] [libqueen] push(q=0 f=1/24 p99rtt=25ms) pop(q=0 f=0/16 p99rtt=12ms) custom(q=0 f=0/1 p99rtt=1ms) slots=24/25 jobs/s=618 drains=47928 evl=0ms
[2026-06-04 10:02:40.834] [info] [Worker 6] [libqueen] push(q=5 f=0/24 p99rtt=25ms) pop(q=0 f=0/16 p99rtt=6ms) custom(q=0 f=0/1 p99rtt=1ms) slots=25/25 jobs/s=630 drains=48070 evl=0ms
[2026-06-04 10:02:40.837] [info] [Worker 1] [libqueen] push(q=0 f=1/24 p99rtt=24ms) pop(q=0 f=0/16 p99rtt=11ms) custom(q=0 f=0/1 p99rtt=1ms) slots=24/25 jobs/s=625 drains=48052 evl=0ms
[2026-06-04 10:02:41.732] [info] [Worker 4] [libqueen] push(q=0 f=1/24 p99rtt=24ms) pop(q=0 f=0/16 p99rtt=10ms) custom(q=0 f=0/1 p99rtt=1ms) slots=24/25 jobs/s=618 drains=48325 evl=0ms
[2026-06-04 10:02:41.758] [info] [Worker 0] [libqueen] push(q=0 f=1/24 p99rtt=24ms) pop(q=0 f=0/16 p99rtt=11ms) custom(q=0 f=0/1 p99rtt=1ms) slots=24/25 jobs/s=612 drains=48690 evl=0ms
[2026-06-04 10:02:41.760] [info] [Worker 3] [libqueen] push(q=0 f=0/24 p99rtt=24ms) pop(q=0 f=0/16 p99rtt=7ms) custom(q=0 f=1/1 p99rtt=1ms) slots=24/25 jobs/s=617 drains=48625 evl=0ms
[2026-06-04 10:02:41.796] [info] [Worker 5] [libqueen] push(q=5 f=0/24 p99rtt=24ms) pop(q=0 f=0/16 p99rtt=11ms) custom(q=0 f=0/1 p99rtt=1ms) slots=25/25 jobs/s=606 drains=48721 evl=0ms
[2026-06-04 10:02:41.821] [info] [Worker 8] [libqueen] push(q=0 f=1/24 p99rtt=25ms) pop(q=0 f=0/16 p99rtt=10ms) custom(q=0 f=0/1 p99rtt=1ms) slots=24/25 jobs/s=624 drains=48718 evl=0ms
[2026-06-04 10:02:41.828] [info] [Worker 2] [libqueen] push(q=5 f=0/24 p99rtt=26ms) pop(q=0 f=0/16 p99rtt=9ms) custom(q=0 f=0/1 p99rtt=1ms) slots=25/25 jobs/s=624 drains=49046 evl=0ms
[2026-06-04 10:02:41.830] [info] [Worker 7] [libqueen] push(q=0 f=1/24 p99rtt=25ms) pop(q=0 f=0/16 p99rtt=9ms) custom(q=0 f=0/1 p99rtt=1ms) slots=24/25 jobs/s=618 drains=48554 evl=0ms
[2026-06-04 10:02:41.831] [info] [Worker 9] [libqueen] push(q=0 f=1/24 p99rtt=25ms) pop(q=0 f=0/16 p99rtt=12ms) custom(q=0 f=0/1 p99rtt=1ms) slots=24/25 jobs/s=624 drains=48782 evl=0ms
[2026-06-04 10:02:41.834] [info] [Worker 6] [libqueen] push(q=0 f=1/24 p99rtt=25ms) pop(q=0 f=0/16 p99rtt=6ms) custom(q=0 f=0/1 p99rtt=1ms) slots=24/25 jobs/s=612 drains=48914 evl=0ms
[2026-06-04 10:02:41.837] [info] [Worker 1] [libqueen] push(q=0 f=1/24 p99rtt=26ms) pop(q=0 f=0/16 p99rtt=11ms) custom(q=0 f=0/1 p99rtt=1ms) slots=24/25 jobs/s=612 drains=48898 evl=0ms
[2026-06-04 10:02:42.706] [info] QPOP: Connection aborted for 261b4088-bad1-4d60-b382-49e862e8df45
[2026-06-04 10:02:42.708] [info] QPOP: Connection aborted for 007cacdb-9ac7-42a6-bd21-6732c6a093fd
[2026-06-04 10:02:42.717] [info] QPOP: Connection aborted for 6933dc73-8c0a-4530-affb-cafdec2f9f6e
[2026-06-04 10:02:42.730] [info] QPOP: Connection aborted for 57439fa0-e47b-44c5-bb1a-06d3e3f1aa45
[2026-06-04 10:02:42.731] [info] QPOP: Connection aborted for f71e27e2-8ccb-46bd-be9c-eef803cc573f
[2026-06-04 10:02:42.731] [info] [Worker 4] [libqueen] push(q=0 f=1/24 p99rtt=25ms) pop(q=0 f=0/16 p99rtt=10ms) custom(q=0 f=0/1 p99rtt=1ms) slots=24/25 jobs/s=546 drains=49086 evl=0ms
[2026-06-04 10:02:42.732] [info] QPOP: Connection aborted for 59f28c17-148f-42ba-a082-85a9c492610c
[2026-06-04 10:02:42.732] [info] QPOP: Connection aborted for 57fc39f3-60bf-4740-ace0-d6fc3e4c383c
[2026-06-04 10:02:42.733] [info] QPOP: Connection aborted for e6e97cb1-9aed-4140-bb70-fdde73a2d4b8
[2026-06-04 10:02:42.744] [info] QPOP: Connection aborted for e73416d4-07b3-4a10-9708-298681ede15f
[2026-06-04 10:02:42.744] [info] QPOP: Connection aborted for 5b25d191-c251-4336-9e32-29002f7a0186
[2026-06-04 10:02:42.744] [info] QPOP: Connection aborted for 361cfe65-c838-4c5a-a807-9d485a2e9b18
[2026-06-04 10:02:42.744] [info] QPOP: Connection aborted for 22f07a87-51c8-4a86-8686-4011ff6b9479
[2026-06-04 10:02:42.745] [info] QPOP: Connection aborted for f0691afa-1147-4976-a90f-ef6a281651f9
[2026-06-04 10:02:42.745] [info] QPOP: Connection aborted for 8c726bb7-b66d-4aa0-9159-4303c7c3ea8a
[2026-06-04 10:02:42.745] [info] QPOP: Connection aborted for 76aa2fcc-0dcf-4976-b416-29cf442a7909
[2026-06-04 10:02:42.746] [info] QPOP: Connection aborted for 5a9aa110-071c-4003-8ea5-9798b8f82c57
[2026-06-04 10:02:42.758] [info] QPOP: Connection aborted for 2cd0462f-62e7-4c21-8af3-4cb8f93ac968
[2026-06-04 10:02:42.758] [info] QPOP: Connection aborted for 6c0d977a-f93f-4380-b0cb-e082bc710559
[2026-06-04 10:02:42.758] [info] [Worker 0] [libqueen] push(q=5 f=0/24 p99rtt=26ms) pop(q=0 f=0/16 p99rtt=11ms) custom(q=0 f=0/1 p99rtt=1ms) slots=25/25 jobs/s=558 drains=49457 evl=0ms
[2026-06-04 10:02:42.758] [info] QPOP: Connection aborted for 4ba29231-5ed1-46e6-9374-e15bd0d88dec
[2026-06-04 10:02:42.759] [info] QPOP: Connection aborted for 81a9dccf-8f0c-45de-a2f0-cea77fb056f3
[2026-06-04 10:02:42.759] [info] QPOP: Connection aborted for fa1e3926-7ef3-471c-971a-dbbcbd6be921
[2026-06-04 10:02:42.760] [info] [Worker 3] [libqueen] push(q=5 f=0/24 p99rtt=25ms) pop(q=0 f=0/16 p99rtt=7ms) custom(q=0 f=0/1 p99rtt=1ms) slots=25/25 jobs/s=535 drains=49364 evl=0ms
[2026-06-04 10:02:42.762] [info] QPOP: Connection aborted for 94597e74-85d0-4c00-adcd-2f0a38305c02
[2026-06-04 10:02:42.763] [info] QPOP: Connection aborted for 51354e29-2eca-487d-84cd-fd9fd833c060
[2026-06-04 10:02:42.763] [info] QPOP: Connection aborted for 1f1cf593-64b2-47b5-ba5d-aab55420ca76
[2026-06-04 10:02:42.763] [info] QPOP: Connection aborted for 0c63fc26-0896-4d18-a4ef-1420baa6215c
[2026-06-04 10:02:42.763] [info] QPOP: Connection aborted for 793cba15-c2ce-4e51-be56-88e98e762662
[2026-06-04 10:02:42.765] [info] QPOP: Connection aborted for f79be7c3-c186-4673-9154-19da15fe8a97
[2026-06-04 10:02:42.766] [info] QPOP: Connection aborted for fe1dbd62-3e5b-4efe-b0ee-69fe88e93c2a
[2026-06-04 10:02:42.766] [info] QPOP: Connection aborted for 8a52cae7-3ed1-42a3-93b3-a941be8f017b
[2026-06-04 10:02:42.766] [info] QPOP: Connection aborted for 8ca78ec2-b58d-40f6-bc71-b7806bbf4de3
[2026-06-04 10:02:42.766] [info] QPOP: Connection aborted for cf5dcb60-c5f6-44a7-b72c-de695481eec7
[2026-06-04 10:02:42.770] [info] QPOP: Connection aborted for 06c6ca0d-fea6-4261-9b64-8f3acb757b4e
[2026-06-04 10:02:42.770] [info] QPOP: Connection aborted for a01876f0-5edc-45ff-beb2-3a577c748251
[2026-06-04 10:02:42.771] [info] QPOP: Connection aborted for 248bed29-fd01-4c98-a4c8-30d4f7e9ba5b
[2026-06-04 10:02:42.771] [info] QPOP: Connection aborted for 76b5cc31-97b7-43f9-9b05-0b89be7d7227
[2026-06-04 10:02:42.772] [info] QPOP: Connection aborted for b2b5b9a5-28bb-4ed2-b52d-4dcbe8c42996
[2026-06-04 10:02:42.775] [info] QPOP: Connection aborted for dac0660c-723a-42c7-b832-d0830306b4f5
[2026-06-04 10:02:42.775] [info] QPOP: Connection aborted for 2c4fca4a-b91b-4eab-b76c-309be84cb6a2
[2026-06-04 10:02:42.775] [info] QPOP: Connection aborted for b590f8dc-17e5-4bc1-80b0-5dd8b0296932
[2026-06-04 10:02:42.775] [info] QPOP: Connection aborted for e2c43851-e811-483c-bd6a-62defe457fa5
[2026-06-04 10:02:42.775] [info] QPOP: Connection aborted for 6e4b884a-cf64-4a11-981c-4e735796404e
[2026-06-04 10:02:42.778] [info] QPOP: Connection aborted for 0295033a-008a-4f97-9caa-1124b30e9a62
[2026-06-04 10:02:42.778] [info] QPOP: Connection aborted for d1e11d2e-4379-428c-acf3-3dfd2a7f56b6
[2026-06-04 10:02:42.778] [info] QPOP: Connection aborted for 4676df7d-1255-4783-ba8d-c216d411204c
[2026-06-04 10:02:42.778] [info] QPOP: Connection aborted for 382dc861-08c4-4aa2-9f37-bed2505fe230
[2026-06-04 10:02:42.787] [info] QPOP: Connection aborted for b2385cb3-6f35-49ef-8708-92cd728f1959
[2026-06-04 10:02:42.788] [info] QPOP: Connection aborted for b1433b65-9535-40ce-b01f-6eb4ab7d89f8
[2026-06-04 10:02:42.788] [info] QPOP: Connection aborted for 4588f46f-8b93-42d7-a0b5-76601254126d
[2026-06-04 10:02:42.788] [info] QPOP: Connection aborted for d81c4c98-cab4-4662-bc9c-2fde3f9eb218
[2026-06-04 10:02:42.796] [info] [Worker 5] [libqueen] push(q=0 f=1/24 p99rtt=26ms) pop(q=0 f=0/16 p99rtt=11ms) custom(q=0 f=0/1 p99rtt=2ms) slots=24/25 jobs/s=546 drains=49483 evl=0ms
[2026-06-04 10:02:42.822] [info] [Worker 8] [libqueen] push(q=0 f=1/24 p99rtt=25ms) pop(q=0 f=0/16 p99rtt=10ms) custom(q=0 f=0/1 p99rtt=1ms) slots=24/25 jobs/s=540 drains=49484 evl=0ms
[2026-06-04 10:02:42.828] [info] [Worker 2] [libqueen] push(q=5 f=0/24 p99rtt=26ms) pop(q=0 f=0/16 p99rtt=9ms) custom(q=0 f=0/1 p99rtt=1ms) slots=25/25 jobs/s=552 drains=49821 evl=0ms
[2026-06-04 10:02:42.829] [info] [Worker 7] [libqueen] push(q=2 f=0/24 p99rtt=26ms) pop(q=0 f=0/16 p99rtt=9ms) custom(q=0 f=0/1 p99rtt=1ms) slots=25/25 jobs/s=558 drains=49328 evl=0ms
[2026-06-04 10:02:42.831] [info] [Worker 9] [libqueen] push(q=5 f=0/24 p99rtt=25ms) pop(q=0 f=0/16 p99rtt=12ms) custom(q=0 f=0/1 p99rtt=1ms) slots=25/25 jobs/s=547 drains=49532 evl=0ms
[2026-06-04 10:02:42.834] [info] [Worker 6] [libqueen] push(q=5 f=0/24 p99rtt=27ms) pop(q=0 f=0/16 p99rtt=6ms) custom(q=0 f=0/1 p99rtt=1ms) slots=25/25 jobs/s=540 drains=49680 evl=0ms
[2026-06-04 10:02:42.836] [info] [Worker 1] [libqueen] push(q=5 f=0/24 p99rtt=26ms) pop(q=0 f=0/16 p99rtt=11ms) custom(q=0 f=0/1 p99rtt=1ms) slots=25/25 jobs/s=552 drains=49666 evl=0ms
[2026-06-04 10:02:43.732] [info] [Worker 4] [libqueen] push(q=0 f=1/24 p99rtt=26ms) pop(q=0 f=0/16 p99rtt=10ms) custom(q=0 f=0/1 p99rtt=2ms) slots=24/25 jobs/s=486 drains=49796 evl=0ms
[2026-06-04 10:02:43.759] [info] [Worker 0] [libqueen] push(q=5 f=0/24 p99rtt=23ms) pop(q=0 f=0/16 p99rtt=11ms) custom(q=0 f=0/1 p99rtt=1ms) slots=25/25 jobs/s=498 drains=50168 evl=0ms
[2026-06-04 10:02:43.761] [info] [Worker 3] [libqueen] push(q=2 f=0/24 p99rtt=24ms) pop(q=0 f=0/16 p99rtt=7ms) custom(q=0 f=0/1 p99rtt=2ms) slots=25/25 jobs/s=504 drains=50075 evl=0ms
[2026-06-04 10:02:43.795] [info] [Worker 5] [libqueen] push(q=5 f=0/24 p99rtt=28ms) pop(q=0 f=0/16 p99rtt=11ms) custom(q=0 f=0/1 p99rtt=3ms) slots=25/25 jobs/s=510 drains=50186 evl=0ms
[2026-06-04 10:02:43.822] [info] [Worker 8] [libqueen] push(q=0 f=1/24 p99rtt=25ms) pop(q=0 f=0/16 p99rtt=10ms) custom(q=0 f=0/1 p99rtt=1ms) slots=24/25 jobs/s=504 drains=50201 evl=0ms
[2026-06-04 10:02:43.828] [info] [Worker 2] [libqueen] push(q=5 f=0/24 p99rtt=26ms) pop(q=0 f=0/16 p99rtt=9ms) custom(q=0 f=0/1 p99rtt=2ms) slots=25/25 jobs/s=504 drains=50523 evl=0ms
[2026-06-04 10:02:43.830] [info] [Worker 7] [libqueen] push(q=5 f=0/24 p99rtt=26ms) pop(q=0 f=0/16 p99rtt=9ms) custom(q=0 f=0/1 p99rtt=1ms) slots=25/25 jobs/s=486 drains=50032 evl=0ms
[2026-06-04 10:02:43.831] [info] [Worker 9] [libqueen] push(q=0 f=1/24 p99rtt=25ms) pop(q=0 f=0/16 p99rtt=12ms) custom(q=0 f=0/1 p99rtt=2ms) slots=24/25 jobs/s=498 drains=50232 evl=0ms
[2026-06-04 10:02:43.834] [info] [Worker 6] [libqueen] push(q=0 f=1/24 p99rtt=25ms) pop(q=0 f=0/16 p99rtt=6ms) custom(q=0 f=0/1 p99rtt=2ms) slots=24/25 jobs/s=510 drains=50387 evl=0ms
[2026-06-04 10:02:43.837] [info] [Worker 1] [libqueen] push(q=5 f=0/24 p99rtt=26ms) pop(q=0 f=0/16 p99rtt=11ms) custom(q=0 f=1/1 p99rtt=2ms) slots=24/25 jobs/s=491 drains=50352 evl=0ms
[2026-06-04 10:02:44.731] [info] [Worker 4] [libqueen] push(q=0 f=1/24 p99rtt=24ms) pop(q=0 f=0/16 p99rtt=10ms) custom(q=0 f=0/1 p99rtt=2ms) slots=24/25 jobs/s=570 drains=50576 evl=0ms
[2026-06-04 10:02:44.758] [info] [Worker 0] [libqueen] push(q=0 f=1/24 p99rtt=24ms) pop(q=0 f=0/16 p99rtt=11ms) custom(q=0 f=0/1 p99rtt=2ms) slots=24/25 jobs/s=564 drains=50939 evl=0ms
[2026-06-04 10:02:44.760] [info] [Worker 3] [libqueen] push(q=0 f=1/24 p99rtt=25ms) pop(q=0 f=0/16 p99rtt=7ms) custom(q=0 f=0/1 p99rtt=2ms) slots=24/25 jobs/s=564 drains=50846 evl=0ms
[2026-06-04 10:02:44.795] [info] [Worker 5] [libqueen] push(q=5 f=0/24 p99rtt=25ms) pop(q=0 f=0/16 p99rtt=11ms) custom(q=0 f=0/1 p99rtt=2ms) slots=25/25 jobs/s=576 drains=50956 evl=0ms
[2026-06-04 10:02:44.821] [info] [Worker 8] [libqueen] push(q=5 f=0/24 p99rtt=25ms) pop(q=0 f=0/16 p99rtt=10ms) custom(q=0 f=0/1 p99rtt=2ms) slots=25/25 jobs/s=582 drains=50997 evl=0ms
[2026-06-04 10:02:44.828] [info] [Worker 2] [libqueen] push(q=0 f=1/24 p99rtt=26ms) pop(q=0 f=0/16 p99rtt=9ms) custom(q=0 f=0/1 p99rtt=2ms) slots=24/25 jobs/s=576 drains=51301 evl=0ms
[2026-06-04 10:02:44.829] [info] [Worker 7] [libqueen] push(q=0 f=1/24 p99rtt=24ms) pop(q=0 f=0/16 p99rtt=9ms) custom(q=0 f=0/1 p99rtt=2ms) slots=24/25 jobs/s=576 drains=50837 evl=0ms
[2026-06-04 10:02:44.830] [info] [Worker 9] [libqueen] push(q=0 f=0/24 p99rtt=25ms) pop(q=0 f=0/16 p99rtt=12ms) custom(q=0 f=0/1 p99rtt=2ms) slots=25/25 jobs/s=576 drains=51027 evl=0ms
[2026-06-04 10:02:44.834] [info] [Worker 6] [libqueen] push(q=0 f=1/24 p99rtt=27ms) pop(q=0 f=0/16 p99rtt=6ms) custom(q=0 f=0/1 p99rtt=3ms) slots=24/25 jobs/s=582 drains=51181 evl=0ms
[2026-06-04 10:02:44.837] [info] [Worker 1] [libqueen] push(q=0 f=1/24 p99rtt=26ms) pop(q=0 f=0/16 p99rtt=11ms) custom(q=0 f=0/1 p99rtt=2ms) slots=24/25 jobs/s=571 drains=51123 evl=0ms
[2026-06-04 10:02:45.731] [info] [Worker 4] [libqueen] push(q=4 f=0/24 p99rtt=24ms) pop(q=0 f=0/16 p99rtt=10ms) custom(q=0 f=0/1 p99rtt=2ms) slots=25/25 jobs/s=618 drains=51396 evl=0ms
[2026-06-04 10:02:45.759] [info] [Worker 0] [libqueen] push(q=5 f=0/24 p99rtt=24ms) pop(q=0 f=0/16 p99rtt=11ms) custom(q=0 f=0/1 p99rtt=2ms) slots=25/25 jobs/s=618 drains=51781 evl=0ms
[2026-06-04 10:02:45.761] [info] [Worker 3] [libqueen] push(q=5 f=0/24 p99rtt=24ms) pop(q=0 f=0/16 p99rtt=7ms) custom(q=0 f=0/1 p99rtt=2ms) slots=25/25 jobs/s=612 drains=51683 evl=0ms
[2026-06-04 10:02:45.796] [info] [Worker 5] [libqueen] push(q=5 f=0/24 p99rtt=23ms) pop(q=0 f=0/16 p99rtt=11ms) custom(q=0 f=0/1 p99rtt=2ms) slots=25/25 jobs/s=612 drains=51798 evl=0ms
[2026-06-04 10:02:45.822] [info] [Worker 8] [libqueen] push(q=5 f=0/24 p99rtt=24ms) pop(q=0 f=0/16 p99rtt=10ms) custom(q=0 f=0/1 p99rtt=2ms) slots=25/25 jobs/s=606 drains=51828 evl=0ms
[2026-06-04 10:02:45.829] [info] [Worker 2] [libqueen] push(q=0 f=0/24 p99rtt=26ms) pop(q=0 f=0/16 p99rtt=9ms) custom(q=0 f=1/1 p99rtt=2ms) slots=24/25 jobs/s=641 drains=52150 evl=0ms
[2026-06-04 10:02:45.830] [info] [Worker 7] [libqueen] push(q=0 f=1/24 p99rtt=24ms) pop(q=0 f=0/16 p99rtt=9ms) custom(q=0 f=0/1 p99rtt=2ms) slots=24/25 jobs/s=612 drains=51673 evl=0ms
[2026-06-04 10:02:45.831] [info] [Worker 9] [libqueen] push(q=5 f=0/24 p99rtt=25ms) pop(q=0 f=0/16 p99rtt=12ms) custom(q=0 f=0/1 p99rtt=2ms) slots=25/25 jobs/s=612 drains=51855 evl=0ms
[2026-06-04 10:02:45.835] [info] [Worker 6] [libqueen] push(q=0 f=1/24 p99rtt=25ms) pop(q=0 f=0/16 p99rtt=4ms) custom(q=0 f=0/1 p99rtt=3ms) slots=24/25 jobs/s=624 drains=52030 evl=0ms
[2026-06-04 10:02:45.837] [info] [Worker 1] [libqueen] push(q=2 f=0/24 p99rtt=26ms) pop(q=0 f=0/16 p99rtt=11ms) custom(q=0 f=0/1 p99rtt=2ms) slots=25/25 jobs/s=612 drains=51950 evl=0ms
[2026-06-04 10:02:46.732] [info] [Worker 4] [libqueen] push(q=0 f=1/24 p99rtt=23ms) pop(q=0 f=0/16 p99rtt=10ms) custom(q=0 f=0/1 p99rtt=2ms) slots=24/25 jobs/s=636 drains=52286 evl=0ms
[2026-06-04 10:02:46.759] [info] [Worker 0] [libqueen] push(q=5 f=0/24 p99rtt=23ms) pop(q=0 f=0/16 p99rtt=11ms) custom(q=0 f=0/1 p99rtt=2ms) slots=25/25 jobs/s=642 drains=52661 evl=0ms
[2026-06-04 10:02:46.761] [info] [Worker 3] [libqueen] push(q=5 f=0/24 p99rtt=22ms) pop(q=0 f=0/16 p99rtt=7ms) custom(q=0 f=0/1 p99rtt=2ms) slots=25/25 jobs/s=636 drains=52565 evl=0ms
[2026-06-04 10:02:46.796] [info] [Worker 5] [libqueen] push(q=0 f=1/24 p99rtt=23ms) pop(q=0 f=0/16 p99rtt=11ms) custom(q=0 f=0/1 p99rtt=2ms) slots=24/25 jobs/s=630 drains=52684 evl=0ms
[2026-06-04 10:02:46.821] [info] [Worker 8] [libqueen] push(q=5 f=0/24 p99rtt=23ms) pop(q=0 f=0/16 p99rtt=10ms) custom(q=0 f=0/1 p99rtt=2ms) slots=25/25 jobs/s=636 drains=52702 evl=0ms
[2026-06-04 10:02:46.829] [info] [Worker 2] [libqueen] push(q=5 f=0/24 p99rtt=22ms) pop(q=0 f=0/16 p99rtt=9ms) custom(q=0 f=0/1 p99rtt=2ms) slots=25/25 jobs/s=637 drains=53012 evl=0ms
[2026-06-04 10:02:46.830] [info] [Worker 7] [libqueen] push(q=5 f=0/24 p99rtt=24ms) pop(q=0 f=0/16 p99rtt=9ms) custom(q=0 f=0/1 p99rtt=2ms) slots=25/25 jobs/s=630 drains=52538 evl=0ms
[2026-06-04 10:02:46.830] [info] [Worker 9] [libqueen] push(q=5 f=0/24 p99rtt=23ms) pop(q=0 f=0/16 p99rtt=12ms) custom(q=0 f=0/1 p99rtt=2ms) slots=25/25 jobs/s=636 drains=52712 evl=0ms
[2026-06-04 10:02:46.835] [info] [Worker 6] [libqueen] push(q=5 f=0/24 p99rtt=25ms) pop(q=0 f=0/16 p99rtt=4ms) custom(q=0 f=0/1 p99rtt=3ms) slots=25/25 jobs/s=648 drains=52904 evl=0ms
[2026-06-04 10:02:46.837] [info] [Worker 1] [libqueen] push(q=0 f=1/24 p99rtt=24ms) pop(q=0 f=0/16 p99rtt=11ms) custom(q=0 f=0/1 p99rtt=2ms) slots=24/25 jobs/s=636 drains=52809 evl=0ms
[2026-06-04 10:02:47.164] [info] StatsService: cycle completed in 10ms
[2026-06-04 10:02:47.731] [info] [Worker 4] [libqueen] push(q=5 f=0/24 p99rtt=22ms) pop(q=0 f=0/16 p99rtt=10ms) custom(q=0 f=0/1 p99rtt=2ms) slots=25/25 jobs/s=630 drains=53147 evl=0ms
[2026-06-04 10:02:47.759] [info] [Worker 0] [libqueen] push(q=5 f=0/24 p99rtt=23ms) pop(q=0 f=0/16 p99rtt=11ms) custom(q=0 f=0/1 p99rtt=2ms) slots=25/25 jobs/s=642 drains=53542 evl=0ms
[2026-06-04 10:02:47.761] [info] [Worker 3] [libqueen] push(q=5 f=0/24 p99rtt=22ms) pop(q=0 f=0/16 p99rtt=7ms) custom(q=0 f=0/1 p99rtt=2ms) slots=25/25 jobs/s=630 drains=53440 evl=0ms
[2026-06-04 10:02:47.797] [info] [Worker 5] [libqueen] push(q=5 f=0/24 p99rtt=23ms) pop(q=0 f=0/16 p99rtt=11ms) custom(q=0 f=0/1 p99rtt=2ms) slots=25/25 jobs/s=642 drains=53577 evl=0ms
[2026-06-04 10:02:47.821] [info] [Worker 8] [libqueen] push(q=5 f=0/24 p99rtt=22ms) pop(q=0 f=0/16 p99rtt=10ms) custom(q=0 f=0/1 p99rtt=2ms) slots=25/25 jobs/s=642 drains=53580 evl=0ms
[2026-06-04 10:02:47.829] [info] [Worker 2] [libqueen] push(q=0 f=1/24 p99rtt=22ms) pop(q=0 f=0/16 p99rtt=9ms) custom(q=0 f=0/1 p99rtt=2ms) slots=24/25 jobs/s=630 drains=53872 evl=0ms
[2026-06-04 10:02:47.830] [info] [Worker 7] [libqueen] push(q=5 f=0/24 p99rtt=23ms) pop(q=0 f=0/16 p99rtt=9ms) custom(q=0 f=0/1 p99rtt=2ms) slots=25/25 jobs/s=642 drains=53419 evl=0ms
[2026-06-04 10:02:47.830] [info] [Worker 9] [libqueen] push(q=3 f=0/24 p99rtt=22ms) pop(q=0 f=0/16 p99rtt=12ms) custom(q=0 f=0/1 p99rtt=2ms) slots=25/25 jobs/s=654 drains=53592 evl=0ms
[2026-06-04 10:02:47.835] [info] [Worker 6] [libqueen] push(q=0 f=1/24 p99rtt=23ms) pop(q=0 f=0/16 p99rtt=4ms) custom(q=0 f=0/1 p99rtt=3ms) slots=24/25 jobs/s=642 drains=53756 evl=0ms
[2026-06-04 10:02:47.836] [info] [Worker 1] [libqueen] push(q=5 f=0/24 p99rtt=23ms) pop(q=0 f=0/16 p99rtt=11ms) custom(q=0 f=0/1 p99rtt=2ms) slots=25/25 jobs/s=642 drains=53696 evl=0ms
[2026-06-04 10:02:48.732] [info] [Worker 4] [libqueen] push(q=0 f=1/24 p99rtt=22ms) pop(q=0 f=0/16 p99rtt=10ms) custom(q=0 f=0/1 p99rtt=2ms) slots=24/25 jobs/s=606 drains=53999 evl=0ms
[2026-06-04 10:02:48.758] [info] [Worker 0] [libqueen] push(q=5 f=0/24 p99rtt=22ms) pop(q=0 f=0/16 p99rtt=11ms) custom(q=0 f=0/1 p99rtt=2ms) slots=25/25 jobs/s=612 drains=54380 evl=0ms
[2026-06-04 10:02:48.760] [info] [Worker 3] [libqueen] push(q=5 f=0/24 p99rtt=22ms) pop(q=0 f=0/16 p99rtt=7ms) custom(q=0 f=0/1 p99rtt=2ms) slots=25/25 jobs/s=600 drains=54285 evl=0ms
[2026-06-04 10:02:48.797] [info] [Worker 5] [libqueen] push(q=5 f=0/24 p99rtt=23ms) pop(q=0 f=0/16 p99rtt=11ms) custom(q=0 f=0/1 p99rtt=2ms) slots=25/25 jobs/s=606 drains=54417 evl=0ms
[2026-06-04 10:02:48.821] [info] [Worker 8] [libqueen] push(q=0 f=1/24 p99rtt=22ms) pop(q=0 f=0/16 p99rtt=10ms) custom(q=0 f=0/1 p99rtt=2ms) slots=24/25 jobs/s=606 drains=54407 evl=0ms
[2026-06-04 10:02:48.830] [info] [Worker 2] [libqueen] push(q=5 f=0/24 p99rtt=22ms) pop(q=0 f=0/16 p99rtt=9ms) custom(q=0 f=0/1 p99rtt=2ms) slots=25/25 jobs/s=624 drains=54715 evl=0ms
[2026-06-04 10:02:48.830] [info] [Worker 7] [libqueen] push(q=5 f=0/24 p99rtt=23ms) pop(q=0 f=0/16 p99rtt=9ms) custom(q=0 f=0/1 p99rtt=2ms) slots=25/25 jobs/s=624 drains=54269 evl=0ms
[2026-06-04 10:02:48.831] [info] [Worker 9] [libqueen] push(q=0 f=1/24 p99rtt=22ms) pop(q=0 f=0/16 p99rtt=12ms) custom(q=0 f=0/1 p99rtt=2ms) slots=24/25 jobs/s=624 drains=54426 evl=0ms
[2026-06-04 10:02:48.835] [info] [Worker 6] [libqueen] push(q=0 f=1/24 p99rtt=23ms) pop(q=0 f=0/16 p99rtt=4ms) custom(q=0 f=0/1 p99rtt=3ms) slots=24/25 jobs/s=618 drains=54602 evl=0ms
[2026-06-04 10:02:48.836] [info] [Worker 1] [libqueen] push(q=0 f=1/24 p99rtt=23ms) pop(q=0 f=0/16 p99rtt=11ms) custom(q=0 f=0/1 p99rtt=2ms) slots=24/25 jobs/s=612 drains=54531 evl=0ms
[2026-06-04 10:02:49.732] [info] [Worker 4] [libqueen] push(q=0 f=0/24 p99rtt=22ms) pop(q=0 f=0/16 p99rtt=10ms) custom(q=0 f=1/1 p99rtt=2ms) slots=24/25 jobs/s=485 drains=54664 evl=0ms
[2026-06-04 10:02:49.759] [info] [Worker 0] [libqueen] push(q=5 f=0/24 p99rtt=22ms) pop(q=0 f=0/16 p99rtt=11ms) custom(q=0 f=0/1 p99rtt=2ms) slots=25/25 jobs/s=480 drains=55044 evl=0ms
[2026-06-04 10:02:49.761] [info] [Worker 3] [libqueen] push(q=0 f=1/24 p99rtt=22ms) pop(q=0 f=0/16 p99rtt=7ms) custom(q=0 f=0/1 p99rtt=2ms) slots=24/25 jobs/s=486 drains=54954 evl=0ms
[2026-06-04 10:02:49.796] [info] [Worker 5] [libqueen] push(q=0 f=0/24 p99rtt=21ms) pop(q=0 f=0/16 p99rtt=11ms) custom(q=0 f=1/1 p99rtt=2ms) slots=24/25 jobs/s=467 drains=55065 evl=0ms
[2026-06-04 10:02:49.822] [info] [Worker 8] [libqueen] push(q=0 f=1/24 p99rtt=22ms) pop(q=0 f=0/16 p99rtt=10ms) custom(q=0 f=0/1 p99rtt=2ms) slots=24/25 jobs/s=474 drains=55062 evl=0ms
[2026-06-04 10:02:49.830] [info] [Worker 2] [libqueen] push(q=0 f=1/24 p99rtt=22ms) pop(q=0 f=0/16 p99rtt=9ms) custom(q=0 f=0/1 p99rtt=2ms) slots=24/25 jobs/s=462 drains=55358 evl=0ms
[2026-06-04 10:02:49.831] [info] [Worker 7] [libqueen] push(q=0 f=1/24 p99rtt=21ms) pop(q=0 f=0/16 p99rtt=9ms) custom(q=0 f=0/1 p99rtt=2ms) slots=24/25 jobs/s=456 drains=54905 evl=0ms
[2026-06-04 10:02:49.831] [info] [Worker 9] [libqueen] push(q=0 f=1/24 p99rtt=22ms) pop(q=0 f=0/16 p99rtt=12ms) custom(q=0 f=0/1 p99rtt=2ms) slots=24/25 jobs/s=462 drains=55076 evl=0ms
[2026-06-04 10:02:49.836] [info] [Worker 6] [libqueen] push(q=5 f=0/24 p99rtt=23ms) pop(q=0 f=0/16 p99rtt=4ms) custom(q=0 f=0/1 p99rtt=3ms) slots=25/25 jobs/s=462 drains=55236 evl=0ms
[2026-06-04 10:02:49.836] [info] [Worker 1] [libqueen] push(q=5 f=0/24 p99rtt=22ms) pop(q=0 f=0/16 p99rtt=11ms) custom(q=0 f=0/1 p99rtt=2ms) slots=25/25 jobs/s=468 drains=55171 evl=0ms
[2026-06-04 10:02:50.732] [info] [Worker 4] [libqueen] push(q=5 f=0/24 p99rtt=22ms) pop(q=0 f=0/16 p99rtt=10ms) custom(q=0 f=0/1 p99rtt=2ms) slots=25/25 jobs/s=607 drains=55505 evl=0ms
[2026-06-04 10:02:50.759] [info] [Worker 0] [libqueen] push(q=5 f=0/24 p99rtt=22ms) pop(q=0 f=0/16 p99rtt=11ms) custom(q=0 f=0/1 p99rtt=2ms) slots=25/25 jobs/s=600 drains=55864 evl=0ms
[2026-06-04 10:02:50.761] [info] [Worker 3] [libqueen] push(q=5 f=0/24 p99rtt=22ms) pop(q=0 f=0/16 p99rtt=7ms) custom(q=0 f=0/1 p99rtt=2ms) slots=25/25 jobs/s=612 drains=55783 evl=0ms
[2026-06-04 10:02:50.796] [info] [Worker 5] [libqueen] push(q=0 f=1/24 p99rtt=23ms) pop(q=0 f=0/16 p99rtt=11ms) custom(q=0 f=0/1 p99rtt=2ms) slots=24/25 jobs/s=601 drains=55906 evl=0ms
[2026-06-04 10:02:50.821] [info] [Worker 8] [libqueen] push(q=5 f=0/24 p99rtt=22ms) pop(q=0 f=0/16 p99rtt=10ms) custom(q=0 f=0/1 p99rtt=2ms) slots=25/25 jobs/s=624 drains=55903 evl=0ms
[2026-06-04 10:02:50.831] [info] [Worker 9] [libqueen] push(q=0 f=1/24 p99rtt=22ms) pop(q=0 f=0/16 p99rtt=12ms) custom(q=0 f=1/1 p99rtt=2ms) slots=23/25 jobs/s=623 drains=55932 evl=0ms
[2026-06-04 10:02:50.831] [info] [Worker 7] [libqueen] push(q=0 f=1/24 p99rtt=23ms) pop(q=0 f=0/16 p99rtt=9ms) custom(q=0 f=0/1 p99rtt=2ms) slots=24/25 jobs/s=630 drains=55755 evl=0ms
[2026-06-04 10:02:50.831] [info] [Worker 2] [libqueen] push(q=0 f=1/24 p99rtt=22ms) pop(q=0 f=0/16 p99rtt=9ms) custom(q=0 f=0/1 p99rtt=2ms) slots=24/25 jobs/s=624 drains=56217 evl=0ms
[2026-06-04 10:02:50.835] [info] [Worker 6] [libqueen] push(q=0 f=1/24 p99rtt=22ms) pop(q=0 f=0/16 p99rtt=4ms) custom(q=0 f=0/1 p99rtt=3ms) slots=24/25 jobs/s=624 drains=56093 evl=0ms
[2026-06-04 10:02:50.836] [info] [Worker 1] [libqueen] push(q=0 f=1/24 p99rtt=22ms) pop(q=0 f=0/16 p99rtt=11ms) custom(q=0 f=0/1 p99rtt=2ms) slots=24/25 jobs/s=636 drains=56031 evl=0ms
[2026-06-04 10:02:51.732] [info] [Worker 4] [libqueen] push(q=0 f=1/24 p99rtt=22ms) pop(q=0 f=0/16 p99rtt=10ms) custom(q=0 f=0/1 p99rtt=2ms) slots=24/25 jobs/s=612 drains=56348 evl=0ms
[2026-06-04 10:02:51.759] [info] [Worker 0] [libqueen] push(q=5 f=0/24 p99rtt=22ms) pop(q=0 f=0/16 p99rtt=11ms) custom(q=0 f=0/1 p99rtt=2ms) slots=25/25 jobs/s=618 drains=56697 evl=0ms
[2026-06-04 10:02:51.760] [info] [Worker 3] [libqueen] push(q=5 f=0/24 p99rtt=22ms) pop(q=0 f=0/16 p99rtt=7ms) custom(q=0 f=0/1 p99rtt=2ms) slots=25/25 jobs/s=630 drains=56652 evl=0ms
[2026-06-04 10:02:51.796] [info] [Worker 5] [libqueen] push(q=0 f=1/24 p99rtt=23ms) pop(q=0 f=0/16 p99rtt=11ms) custom(q=0 f=0/1 p99rtt=2ms) slots=24/25 jobs/s=624 drains=56773 evl=0ms
[2026-06-04 10:02:51.822] [info] [Worker 8] [libqueen] push(q=0 f=1/24 p99rtt=22ms) pop(q=0 f=0/16 p99rtt=10ms) custom(q=0 f=0/1 p99rtt=2ms) slots=24/25 jobs/s=630 drains=56777 evl=0ms
[2026-06-04 10:02:51.830] [info] [Worker 9] [libqueen] push(q=0 f=1/24 p99rtt=22ms) pop(q=0 f=0/16 p99rtt=12ms) custom(q=0 f=0/1 p99rtt=2ms) slots=24/25 jobs/s=601 drains=56753 evl=0ms
[2026-06-04 10:02:51.831] [info] [Worker 7] [libqueen] push(q=0 f=1/24 p99rtt=23ms) pop(q=0 f=0/16 p99rtt=9ms) custom(q=0 f=1/1 p99rtt=2ms) slots=23/25 jobs/s=617 drains=56602 evl=0ms
[2026-06-04 10:02:51.831] [info] [Worker 2] [libqueen] push(q=0 f=1/24 p99rtt=22ms) pop(q=0 f=0/16 p99rtt=9ms) custom(q=0 f=0/1 p99rtt=2ms) slots=24/25 jobs/s=618 drains=57069 evl=0ms
[2026-06-04 10:02:51.836] [info] [Worker 6] [libqueen] push(q=0 f=1/24 p99rtt=23ms) pop(q=0 f=0/16 p99rtt=4ms) custom(q=0 f=0/1 p99rtt=3ms) slots=24/25 jobs/s=630 drains=56944 evl=0ms
[2026-06-04 10:02:51.837] [info] [Worker 1] [libqueen] push(q=0 f=1/24 p99rtt=22ms) pop(q=0 f=0/16 p99rtt=11ms) custom(q=0 f=0/1 p99rtt=2ms) slots=24/25 jobs/s=618 drains=56874 evl=0ms
[2026-06-04 10:02:52.709] [info] QPOP: Connection aborted for 8868995b-5900-47bc-a0dd-9d509456b7d1
[2026-06-04 10:02:52.709] [info] QPOP: Connection aborted for 88b39364-e32f-4707-a50f-767422346398
[2026-06-04 10:02:52.718] [info] QPOP: Connection aborted for 8d765193-fc6f-40c2-a57e-78e45c8e492b
[2026-06-04 10:02:52.732] [info] [Worker 4] [libqueen] push(q=0 f=1/24 p99rtt=23ms) pop(q=0 f=0/16 p99rtt=10ms) custom(q=0 f=0/1 p99rtt=2ms) slots=24/25 jobs/s=624 drains=57183 evl=0ms
[2026-06-04 10:02:52.732] [info] QPOP: Connection aborted for fe74d25f-74a6-45c2-b306-066a71604a65
[2026-06-04 10:02:52.732] [info] QPOP: Connection aborted for 7a5d4f8b-774f-4432-a1af-79c99cdb84d4
[2026-06-04 10:02:52.735] [info] QPOP: Connection aborted for b80b2922-ec45-4963-8496-c7a02ec04c18
[2026-06-04 10:02:52.735] [info] QPOP: Connection aborted for ae5ee555-63d8-4bdc-8150-27958216cdbf
[2026-06-04 10:02:52.735] [info] QPOP: Connection aborted for 8d969eba-8ce0-4166-8ef2-3b415e70669d
[2026-06-04 10:02:52.745] [info] QPOP: Connection aborted for 6ff38830-ee5c-4d60-a66c-dcafec434f4a
[2026-06-04 10:02:52.746] [info] QPOP: Connection aborted for e5139536-a414-4da1-ac0e-a2c8d7fd33db
[2026-06-04 10:02:52.746] [info] QPOP: Connection aborted for 40d4a376-fbcc-4c83-a773-a7145c8c96c3
[2026-06-04 10:02:52.746] [info] QPOP: Connection aborted for 86c40050-c933-46fb-8f72-c965f61a22cc
[2026-06-04 10:02:52.748] [info] QPOP: Connection aborted for 06287654-e375-4760-8eb9-21bc09129cd8
[2026-06-04 10:02:52.748] [info] QPOP: Connection aborted for d0e9db03-6104-4b79-bedb-bd4b4d546052
[2026-06-04 10:02:52.748] [info] QPOP: Connection aborted for 2b11f1d0-1380-4ecd-9499-2fcb2b2b977d
[2026-06-04 10:02:52.748] [info] QPOP: Connection aborted for fb728181-74bc-4833-822f-c19c1d1b1ac5
[2026-06-04 10:02:52.758] [info] QPOP: Connection aborted for 41a35c75-2c38-4e84-8ffe-31925a9e803e
[2026-06-04 10:02:52.759] [info] [Worker 0] [libqueen] push(q=0 f=0/24 p99rtt=21ms) pop(q=0 f=0/16 p99rtt=11ms) custom(q=0 f=1/1 p99rtt=2ms) slots=24/25 jobs/s=635 drains=57571 evl=0ms
[2026-06-04 10:02:52.760] [info] QPOP: Connection aborted for 01d3b698-12b8-4f02-9cd8-061860080492
[2026-06-04 10:02:52.760] [info] QPOP: Connection aborted for c2dddf1f-0826-4bfd-ab68-64eb88aaf774
[2026-06-04 10:02:52.760] [info] QPOP: Connection aborted for 13b62e93-4756-47bb-8b30-efb1ad535877
[2026-06-04 10:02:52.760] [info] QPOP: Connection aborted for bfef8ebf-2e29-434d-8730-0b5682d5bf11
[2026-06-04 10:02:52.761] [info] [Worker 3] [libqueen] push(q=5 f=0/24 p99rtt=22ms) pop(q=0 f=0/16 p99rtt=7ms) custom(q=0 f=0/1 p99rtt=2ms) slots=25/25 jobs/s=624 drains=57509 evl=0ms
[2026-06-04 10:02:52.763] [info] QPOP: Connection aborted for fc8800c0-febd-4576-9788-78686f94ebcf
[2026-06-04 10:02:52.765] [info] QPOP: Connection aborted for 5f438715-0738-4398-b8bd-1347a3436cd4
[2026-06-04 10:02:52.765] [info] QPOP: Connection aborted for 9729caf7-35e9-45e0-a82e-043bf24e048d
[2026-06-04 10:02:52.765] [info] QPOP: Connection aborted for d2d0b9bc-8f31-4111-9c08-61b1fc20417c
[2026-06-04 10:02:52.765] [info] QPOP: Connection aborted for b690aefa-a01c-4848-8f24-3ecdd4652748
[2026-06-04 10:02:52.765] [info] QPOP: Connection aborted for 874d8c8a-a7d3-4615-9453-311d84fced3c
[2026-06-04 10:02:52.765] [info] QPOP: Connection aborted for e4067374-34e2-4acf-a54c-05a177a35db0
[2026-06-04 10:02:52.767] [info] QPOP: Connection aborted for fad446af-b32f-42d5-9ac7-b8043e3b36d3
[2026-06-04 10:02:52.767] [info] QPOP: Connection aborted for 160e4b47-e95a-4758-89fd-4cdf1f3ceeca
[2026-06-04 10:02:52.767] [info] QPOP: Connection aborted for df2d1f0d-9afc-4396-81d8-3c424b2de542
[2026-06-04 10:02:52.768] [info] QPOP: Connection aborted for 8a9087a1-3df2-49f7-905d-be9fb5614f31
[2026-06-04 10:02:52.771] [info] QPOP: Connection aborted for f9ea9150-33df-4910-b3e6-eb1c21110b33
[2026-06-04 10:02:52.771] [info] QPOP: Connection aborted for 3d10d0f4-90df-4362-9355-1a918171ef2f
[2026-06-04 10:02:52.773] [info] QPOP: Connection aborted for 60bd900d-6cf4-4d54-b72c-4158f64a37a6
[2026-06-04 10:02:52.773] [info] QPOP: Connection aborted for 6a9e0970-4443-456f-8474-b89144af3ffa
[2026-06-04 10:02:52.773] [info] QPOP: Connection aborted for f6a2d617-976a-4e71-8b4e-188f3d8d7654
[2026-06-04 10:02:52.776] [info] QPOP: Connection aborted for 387ebe89-f307-4632-91d7-0a1908be6219
[2026-06-04 10:02:52.776] [info] QPOP: Connection aborted for ed1ee279-91f8-45d6-860e-d8500c3b810b
[2026-06-04 10:02:52.777] [info] QPOP: Connection aborted for be8486c6-1852-4e15-8a4b-5634ac71306b
[2026-06-04 10:02:52.777] [info] QPOP: Connection aborted for 934ae3f9-ff4b-45bc-9b59-f401cf3e48d7
[2026-06-04 10:02:52.777] [info] QPOP: Connection aborted for a3814295-0a43-47fa-9ad9-a5698c129b9c
[2026-06-04 10:02:52.779] [info] QPOP: Connection aborted for 18c8b1e7-f752-496f-9e31-bc8bc68c069e
[2026-06-04 10:02:52.779] [info] QPOP: Connection aborted for 6790e7e3-d3f1-4b04-9571-28146480e091
[2026-06-04 10:02:52.779] [info] QPOP: Connection aborted for a49f4fda-1e50-4cf8-b55a-8358b1c94af1
[2026-06-04 10:02:52.780] [info] QPOP: Connection aborted for 85e186a9-10a7-43e4-96fb-74f85ad6a491
[2026-06-04 10:02:52.789] [info] QPOP: Connection aborted for 7818a20d-8488-4ca9-824f-3f8ea6b22d48
[2026-06-04 10:02:52.789] [info] QPOP: Connection aborted for 67c15b5b-78ce-4c28-aaeb-37fdbf580218
[2026-06-04 10:02:52.790] [info] QPOP: Connection aborted for 578c0167-06bf-489d-879b-9b82a07f3a19
[2026-06-04 10:02:52.790] [info] QPOP: Connection aborted for 84375ef9-cad5-4a0f-aaec-f7349ea408ee
[2026-06-04 10:02:52.797] [info] [Worker 5] [libqueen] push(q=0 f=1/24 p99rtt=21ms) pop(q=0 f=0/16 p99rtt=11ms) custom(q=0 f=0/1 p99rtt=1ms) slots=24/25 jobs/s=630 drains=57646 evl=0ms
[2026-06-04 10:02:52.823] [info] [Worker 8] [libqueen] push(q=0 f=1/24 p99rtt=22ms) pop(q=1 f=0/16 p99rtt=10ms) custom(q=0 f=0/1 p99rtt=2ms) slots=24/25 jobs/s=624 drains=57636 evl=0ms
[2026-06-04 10:02:52.831] [info] [Worker 9] [libqueen] push(q=0 f=1/24 p99rtt=21ms) pop(q=0 f=0/16 p99rtt=12ms) custom(q=0 f=0/1 p99rtt=2ms) slots=24/25 jobs/s=624 drains=57612 evl=0ms
[2026-06-04 10:02:52.831] [info] [Worker 7] [libqueen] push(q=0 f=1/24 p99rtt=21ms) pop(q=0 f=0/16 p99rtt=9ms) custom(q=0 f=0/1 p99rtt=2ms) slots=24/25 jobs/s=619 drains=57463 evl=0ms
[2026-06-04 10:02:52.831] [info] [Worker 2] [libqueen] push(q=0 f=1/24 p99rtt=22ms) pop(q=0 f=0/16 p99rtt=9ms) custom(q=0 f=0/1 p99rtt=2ms) slots=24/25 jobs/s=624 drains=57946 evl=0ms
[2026-06-04 10:02:52.836] [info] [Worker 6] [libqueen] push(q=0 f=1/24 p99rtt=22ms) pop(q=0 f=0/16 p99rtt=4ms) custom(q=0 f=0/1 p99rtt=2ms) slots=24/25 jobs/s=624 drains=57796 evl=0ms
[2026-06-04 10:02:52.837] [info] [Worker 1] [libqueen] push(q=0 f=1/24 p99rtt=22ms) pop(q=0 f=0/16 p99rtt=11ms) custom(q=0 f=0/1 p99rtt=2ms) slots=24/25 jobs/s=630 drains=57738 evl=0ms
[2026-06-04 10:02:53.732] [info] [Worker 4] [libqueen] push(q=5 f=0/24 p99rtt=22ms) pop(q=0 f=0/16 p99rtt=10ms) custom(q=0 f=0/1 p99rtt=1ms) slots=25/25 jobs/s=618 drains=58048 evl=0ms
[2026-06-04 10:02:53.759] [info] [Worker 0] [libqueen] push(q=0 f=1/24 p99rtt=20ms) pop(q=0 f=0/16 p99rtt=11ms) custom(q=0 f=0/1 p99rtt=2ms) slots=24/25 jobs/s=613 drains=58430 evl=0ms
[2026-06-04 10:02:53.761] [info] [Worker 3] [libqueen] push(q=5 f=0/24 p99rtt=22ms) pop(q=0 f=0/16 p99rtt=6ms) custom(q=0 f=0/1 p99rtt=1ms) slots=25/25 jobs/s=624 drains=58367 evl=0ms
[2026-06-04 10:02:53.797] [info] [Worker 5] [libqueen] push(q=0 f=0/24 p99rtt=21ms) pop(q=0 f=0/16 p99rtt=11ms) custom(q=0 f=1/1 p99rtt=1ms) slots=24/25 jobs/s=617 drains=58474 evl=0ms
[2026-06-04 10:02:53.823] [info] [Worker 8] [libqueen] push(q=0 f=1/24 p99rtt=21ms) pop(q=0 f=0/16 p99rtt=8ms) custom(q=0 f=0/1 p99rtt=1ms) slots=24/25 jobs/s=618 drains=58471 evl=0ms
[2026-06-04 10:02:53.830] [info] [Worker 7] [libqueen] push(q=0 f=1/24 p99rtt=20ms) pop(q=0 f=0/16 p99rtt=9ms) custom(q=0 f=0/1 p99rtt=1ms) slots=24/25 jobs/s=624 drains=58304 evl=0ms
[2026-06-04 10:02:53.831] [info] [Worker 9] [libqueen] push(q=0 f=1/24 p99rtt=21ms) pop(q=0 f=0/16 p99rtt=12ms) custom(q=0 f=0/1 p99rtt=1ms) slots=24/25 jobs/s=624 drains=58458 evl=0ms
[2026-06-04 10:02:53.831] [info] [Worker 2] [libqueen] push(q=0 f=1/24 p99rtt=22ms) pop(q=0 f=0/16 p99rtt=9ms) custom(q=0 f=0/1 p99rtt=1ms) slots=24/25 jobs/s=624 drains=58815 evl=0ms
[2026-06-04 10:02:53.836] [info] [Worker 6] [libqueen] push(q=0 f=1/24 p99rtt=22ms) pop(q=0 f=0/16 p99rtt=4ms) custom(q=0 f=0/1 p99rtt=1ms) slots=24/25 jobs/s=624 drains=58636 evl=0ms
[2026-06-04 10:02:53.837] [info] [Worker 1] [libqueen] push(q=0 f=0/24 p99rtt=22ms) pop(q=0 f=0/16 p99rtt=7ms) custom(q=0 f=0/1 p99rtt=1ms) slots=25/25 jobs/s=636 drains=58589 evl=0ms
[2026-06-04 10:02:54.733] [info] [Worker 4] [libqueen] push(q=0 f=1/24 p99rtt=22ms) pop(q=0 f=0/16 p99rtt=10ms) custom(q=0 f=0/1 p99rtt=1ms) slots=24/25 jobs/s=612 drains=58892 evl=0ms
[2026-06-04 10:02:54.759] [info] [Worker 0] [libqueen] push(q=0 f=0/24 p99rtt=19ms) pop(q=0 f=0/16 p99rtt=11ms) custom(q=0 f=0/1 p99rtt=1ms) slots=25/25 jobs/s=642 drains=59305 evl=0ms
[2026-06-04 10:02:54.760] [info] [Worker 3] [libqueen] push(q=0 f=0/24 p99rtt=22ms) pop(q=0 f=0/16 p99rtt=6ms) custom(q=0 f=1/1 p99rtt=1ms) slots=24/25 jobs/s=623 drains=59231 evl=0ms
[2026-06-04 10:02:54.797] [info] [Worker 5] [libqueen] push(q=5 f=0/24 p99rtt=21ms) pop(q=0 f=0/16 p99rtt=11ms) custom(q=0 f=0/1 p99rtt=1ms) slots=25/25 jobs/s=607 drains=59310 evl=0ms
[2026-06-04 10:02:54.823] [info] [Worker 8] [libqueen] push(q=0 f=1/24 p99rtt=21ms) pop(q=0 f=0/16 p99rtt=8ms) custom(q=0 f=0/1 p99rtt=1ms) slots=24/25 jobs/s=618 drains=59294 evl=0ms
[2026-06-04 10:02:54.831] [info] [Worker 7] [libqueen] push(q=5 f=0/24 p99rtt=20ms) pop(q=0 f=0/16 p99rtt=9ms) custom(q=0 f=0/1 p99rtt=1ms) slots=25/25 jobs/s=630 drains=59157 evl=0ms
[2026-06-04 10:02:54.831] [info] [Worker 9] [libqueen] push(q=5 f=0/24 p99rtt=22ms) pop(q=0 f=0/16 p99rtt=6ms) custom(q=0 f=0/1 p99rtt=1ms) slots=25/25 jobs/s=618 drains=59311 evl=0ms
[2026-06-04 10:02:54.831] [info] [Worker 2] [libqueen] push(q=5 f=0/24 p99rtt=23ms) pop(q=0 f=0/16 p99rtt=8ms) custom(q=0 f=0/1 p99rtt=1ms) slots=25/25 jobs/s=624 drains=59664 evl=0ms
[2026-06-04 10:02:54.835] [info] [Worker 6] [libqueen] push(q=0 f=1/24 p99rtt=20ms) pop(q=0 f=0/16 p99rtt=4ms) custom(q=0 f=0/1 p99rtt=1ms) slots=24/25 jobs/s=630 drains=59488 evl=0ms
[2026-06-04 10:02:54.837] [info] [Worker 1] [libqueen] push(q=5 f=0/24 p99rtt=21ms) pop(q=0 f=0/16 p99rtt=7ms) custom(q=0 f=0/1 p99rtt=1ms) slots=25/25 jobs/s=624 drains=59447 evl=0ms
[2026-06-04 10:02:55.733] [info] [Worker 4] [libqueen] push(q=5 f=0/24 p99rtt=23ms) pop(q=0 f=0/16 p99rtt=10ms) custom(q=0 f=0/1 p99rtt=1ms) slots=25/25 jobs/s=600 drains=59711 evl=0ms
[2026-06-04 10:02:55.759] [info] [Worker 0] [libqueen] push(q=5 f=0/24 p99rtt=19ms) pop(q=0 f=0/16 p99rtt=8ms) custom(q=0 f=0/1 p99rtt=1ms) slots=25/25 jobs/s=606 drains=60144 evl=0ms
[2026-06-04 10:02:55.761] [info] [Worker 3] [libqueen] push(q=0 f=0/24 p99rtt=22ms) pop(q=0 f=0/16 p99rtt=6ms) custom(q=0 f=1/1 p99rtt=1ms) slots=24/25 jobs/s=582 drains=60034 evl=0ms
[2026-06-04 10:02:55.797] [info] [Worker 5] [libqueen] push(q=0 f=1/24 p99rtt=21ms) pop(q=0 f=0/16 p99rtt=11ms) custom(q=0 f=0/1 p99rtt=1ms) slots=24/25 jobs/s=606 drains=60138 evl=0ms
[2026-06-04 10:02:55.823] [info] [Worker 8] [libqueen] push(q=5 f=0/24 p99rtt=21ms) pop(q=0 f=0/16 p99rtt=8ms) custom(q=0 f=0/1 p99rtt=1ms) slots=25/25 jobs/s=606 drains=60106 evl=0ms
[2026-06-04 10:02:55.830] [info] [Worker 2] [libqueen] push(q=2 f=0/24 p99rtt=23ms) pop(q=0 f=0/16 p99rtt=8ms) custom(q=0 f=0/1 p99rtt=1ms) slots=25/25 jobs/s=612 drains=60479 evl=0ms
[2026-06-04 10:02:55.830] [info] [Worker 7] [libqueen] push(q=2 f=0/24 p99rtt=20ms) pop(q=0 f=0/16 p99rtt=9ms) custom(q=0 f=0/1 p99rtt=1ms) slots=25/25 jobs/s=606 drains=60001 evl=0ms
[2026-06-04 10:02:55.831] [info] [Worker 9] [libqueen] push(q=5 f=0/24 p99rtt=22ms) pop(q=0 f=0/16 p99rtt=6ms) custom(q=0 f=0/1 p99rtt=1ms) slots=25/25 jobs/s=612 drains=60138 evl=0ms
[2026-06-04 10:02:55.835] [info] [Worker 6] [libqueen] push(q=3 f=0/24 p99rtt=20ms) pop(q=0 f=0/16 p99rtt=4ms) custom(q=0 f=1/1 p99rtt=1ms) slots=24/25 jobs/s=599 drains=60312 evl=0ms
[2026-06-04 10:02:55.836] [info] [Worker 1] [libqueen] push(q=0 f=1/24 p99rtt=21ms) pop(q=0 f=0/16 p99rtt=7ms) custom(q=0 f=0/1 p99rtt=1ms) slots=24/25 jobs/s=588 drains=60257 evl=0ms
[2026-06-04 10:02:56.733] [info] [Worker 4] [libqueen] push(q=0 f=1/24 p99rtt=23ms) pop(q=0 f=0/16 p99rtt=10ms) custom(q=0 f=0/1 p99rtt=1ms) slots=24/25 jobs/s=618 drains=60570 evl=0ms
[2026-06-04 10:02:56.758] [info] [Worker 0] [libqueen] push(q=3 f=0/24 p99rtt=20ms) pop(q=0 f=0/16 p99rtt=8ms) custom(q=0 f=1/1 p99rtt=1ms) slots=24/25 jobs/s=623 drains=60977 evl=0ms
[2026-06-04 10:02:56.760] [info] [Worker 3] [libqueen] push(q=0 f=1/24 p99rtt=23ms) pop(q=0 f=0/16 p99rtt=6ms) custom(q=0 f=0/1 p99rtt=1ms) slots=24/25 jobs/s=613 drains=60899 evl=0ms
[2026-06-04 10:02:56.798] [info] [Worker 5] [libqueen] push(q=0 f=1/24 p99rtt=23ms) pop(q=0 f=0/16 p99rtt=11ms) custom(q=0 f=0/1 p99rtt=1ms) slots=24/25 jobs/s=618 drains=60999 evl=0ms
[2026-06-04 10:02:56.823] [info] [Worker 8] [libqueen] push(q=5 f=0/24 p99rtt=22ms) pop(q=0 f=0/16 p99rtt=8ms) custom(q=0 f=0/1 p99rtt=1ms) slots=25/25 jobs/s=618 drains=60960 evl=0ms
[2026-06-04 10:02:56.830] [info] [Worker 7] [libqueen] push(q=0 f=0/24 p99rtt=21ms) pop(q=0 f=0/16 p99rtt=9ms) custom(q=0 f=1/1 p99rtt=1ms) slots=24/25 jobs/s=611 drains=60831 evl=0ms
[2026-06-04 10:02:56.830] [info] [Worker 9] [libqueen] push(q=0 f=0/24 p99rtt=23ms) pop(q=0 f=0/16 p99rtt=6ms) custom(q=0 f=0/1 p99rtt=1ms) slots=25/25 jobs/s=636 drains=61004 evl=0ms
[2026-06-04 10:02:56.831] [info] [Worker 2] [libqueen] push(q=0 f=0/24 p99rtt=23ms) pop(q=0 f=0/16 p99rtt=8ms) custom(q=0 f=1/1 p99rtt=1ms) slots=24/25 jobs/s=617 drains=61315 evl=0ms
[2026-06-04 10:02:56.836] [info] [Worker 6] [libqueen] push(q=5 f=0/24 p99rtt=21ms) pop(q=0 f=0/16 p99rtt=4ms) custom(q=0 f=0/1 p99rtt=1ms) slots=25/25 jobs/s=619 drains=61147 evl=0ms
[2026-06-04 10:02:56.836] [info] [Worker 1] [libqueen] push(q=5 f=0/24 p99rtt=22ms) pop(q=0 f=0/16 p99rtt=7ms) custom(q=0 f=0/1 p99rtt=1ms) slots=25/25 jobs/s=624 drains=61113 evl=0ms
[2026-06-04 10:02:57.734] [info] [Worker 4] [libqueen] push(q=5 f=0/24 p99rtt=23ms) pop(q=0 f=0/16 p99rtt=10ms) custom(q=0 f=0/1 p99rtt=1ms) slots=25/25 jobs/s=630 drains=61412 evl=0ms
[2026-06-04 10:02:57.759] [info] [Worker 0] [libqueen] push(q=5 f=0/24 p99rtt=22ms) pop(q=0 f=0/16 p99rtt=8ms) custom(q=0 f=0/1 p99rtt=1ms) slots=25/25 jobs/s=625 drains=61856 evl=0ms
[2026-06-04 10:02:57.761] [info] [Worker 3] [libqueen] push(q=5 f=0/24 p99rtt=24ms) pop(q=0 f=0/16 p99rtt=6ms) custom(q=0 f=0/1 p99rtt=1ms) slots=25/25 jobs/s=630 drains=61761 evl=0ms
[2026-06-04 10:02:57.798] [info] [Worker 5] [libqueen] push(q=0 f=1/24 p99rtt=23ms) pop(q=0 f=0/16 p99rtt=11ms) custom(q=0 f=0/1 p99rtt=1ms) slots=24/25 jobs/s=612 drains=61824 evl=0ms
[2026-06-04 10:02:57.823] [info] [Worker 8] [libqueen] push(q=0 f=1/24 p99rtt=23ms) pop(q=0 f=0/16 p99rtt=8ms) custom(q=0 f=0/1 p99rtt=1ms) slots=24/25 jobs/s=624 drains=61813 evl=0ms
[2026-06-04 10:02:57.830] [info] [Worker 7] [libqueen] push(q=5 f=0/24 p99rtt=22ms) pop(q=0 f=0/16 p99rtt=9ms) custom(q=0 f=0/1 p99rtt=1ms) slots=25/25 jobs/s=613 drains=61670 evl=0ms
[2026-06-04 10:02:57.830] [info] [Worker 2] [libqueen] push(q=5 f=0/24 p99rtt=23ms) pop(q=0 f=0/16 p99rtt=8ms) custom(q=0 f=0/1 p99rtt=1ms) slots=25/25 jobs/s=625 drains=62167 evl=0ms
[2026-06-04 10:02:57.831] [info] [Worker 9] [libqueen] push(q=0 f=1/24 p99rtt=23ms) pop(q=0 f=0/16 p99rtt=6ms) custom(q=0 f=0/1 p99rtt=1ms) slots=24/25 jobs/s=618 drains=61828 evl=0ms
[2026-06-04 10:02:57.836] [info] [Worker 6] [libqueen] push(q=0 f=1/24 p99rtt=21ms) pop(q=0 f=0/16 p99rtt=4ms) custom(q=0 f=0/1 p99rtt=1ms) slots=24/25 jobs/s=630 drains=62009 evl=0ms
[2026-06-04 10:02:57.836] [info] [Worker 1] [libqueen] push(q=2 f=0/24 p99rtt=22ms) pop(q=0 f=0/16 p99rtt=7ms) custom(q=0 f=0/1 p99rtt=1ms) slots=25/25 jobs/s=630 drains=61963 evl=0ms
[2026-06-04 10:02:58.170] [info] StatsService: cycle completed in 15ms
[2026-06-04 10:02:58.733] [info] [Worker 4] [libqueen] push(q=0 f=0/24 p99rtt=24ms) pop(q=0 f=0/16 p99rtt=10ms) custom(q=0 f=0/1 p99rtt=1ms) slots=25/25 jobs/s=618 drains=62248 evl=0ms
[2026-06-04 10:02:58.758] [info] [Worker 0] [libqueen] push(q=5 f=0/24 p99rtt=22ms) pop(q=0 f=0/16 p99rtt=8ms) custom(q=0 f=0/1 p99rtt=1ms) slots=25/25 jobs/s=636 drains=62715 evl=0ms
[2026-06-04 10:02:58.761] [info] [Worker 3] [libqueen] push(q=5 f=0/24 p99rtt=23ms) pop(q=0 f=0/16 p99rtt=6ms) custom(q=0 f=0/1 p99rtt=1ms) slots=25/25 jobs/s=642 drains=62639 evl=0ms
[2026-06-04 10:02:58.798] [info] [Worker 5] [libqueen] push(q=0 f=1/24 p99rtt=23ms) pop(q=0 f=0/16 p99rtt=11ms) custom(q=0 f=1/1 p99rtt=1ms) slots=23/25 jobs/s=617 drains=62680 evl=0ms
[2026-06-04 10:02:58.823] [info] [Worker 8] [libqueen] push(q=5 f=0/24 p99rtt=23ms) pop(q=0 f=0/16 p99rtt=8ms) custom(q=0 f=0/1 p99rtt=1ms) slots=25/25 jobs/s=630 drains=62667 evl=0ms
[2026-06-04 10:02:58.830] [info] [Worker 2] [libqueen] push(q=0 f=0/24 p99rtt=23ms) pop(q=0 f=0/16 p99rtt=8ms) custom(q=0 f=1/1 p99rtt=1ms) slots=24/25 jobs/s=629 drains=63036 evl=0ms
[2026-06-04 10:02:58.830] [info] [Worker 7] [libqueen] push(q=5 f=0/24 p99rtt=21ms) pop(q=0 f=0/16 p99rtt=9ms) custom(q=0 f=0/1 p99rtt=1ms) slots=25/25 jobs/s=624 drains=62529 evl=0ms
[2026-06-04 10:02:58.831] [info] [Worker 9] [libqueen] push(q=5 f=0/24 p99rtt=24ms) pop(q=0 f=0/16 p99rtt=6ms) custom(q=0 f=0/1 p99rtt=1ms) slots=25/25 jobs/s=630 drains=62683 evl=0ms
[2026-06-04 10:02:58.837] [info] [Worker 6] [libqueen] push(q=5 f=0/24 p99rtt=21ms) pop(q=0 f=0/16 p99rtt=4ms) custom(q=0 f=0/1 p99rtt=1ms) slots=25/25 jobs/s=630 drains=62862 evl=0ms
[2026-06-04 10:02:58.837] [info] [Worker 1] [libqueen] push(q=0 f=1/24 p99rtt=23ms) pop(q=0 f=0/16 p99rtt=7ms) custom(q=0 f=0/1 p99rtt=1ms) slots=24/25 jobs/s=618 drains=62815 evl=0ms
[2026-06-04 10:02:59.734] [info] [Worker 4] [libqueen] push(q=5 f=0/24 p99rtt=24ms) pop(q=0 f=0/16 p99rtt=7ms) custom(q=0 f=0/1 p99rtt=1ms) slots=25/25 jobs/s=618 drains=63099 evl=0ms
[2026-06-04 10:02:59.758] [info] [Worker 0] [libqueen] push(q=2 f=0/24 p99rtt=21ms) pop(q=0 f=0/16 p99rtt=8ms) custom(q=0 f=0/1 p99rtt=1ms) slots=25/25 jobs/s=630 drains=63572 evl=0ms
[2026-06-04 10:02:59.761] [info] [Worker 3] [libqueen] push(q=5 f=0/24 p99rtt=23ms) pop(q=0 f=0/16 p99rtt=6ms) custom(q=0 f=0/1 p99rtt=1ms) slots=25/25 jobs/s=612 drains=63482 evl=0ms
[2026-06-04 10:02:59.798] [info] [Worker 5] [libqueen] push(q=0 f=1/24 p99rtt=23ms) pop(q=0 f=0/16 p99rtt=11ms) custom(q=0 f=0/1 p99rtt=1ms) slots=24/25 jobs/s=619 drains=63526 evl=0ms
[2026-06-04 10:02:59.823] [info] [Worker 8] [libqueen] push(q=0 f=1/24 p99rtt=23ms) pop(q=0 f=0/16 p99rtt=8ms) custom(q=0 f=0/1 p99rtt=1ms) slots=24/25 jobs/s=606 drains=63508 evl=0ms
[2026-06-04 10:02:59.831] [info] [Worker 2] [libqueen] push(q=0 f=1/24 p99rtt=23ms) pop(q=0 f=0/16 p99rtt=8ms) custom(q=0 f=0/1 p99rtt=1ms) slots=24/25 jobs/s=607 drains=63887 evl=0ms
[2026-06-04 10:02:59.831] [info] [Worker 7] [libqueen] push(q=5 f=0/24 p99rtt=21ms) pop(q=0 f=0/16 p99rtt=9ms) custom(q=0 f=0/1 p99rtt=1ms) slots=25/25 jobs/s=618 drains=63370 evl=0ms
[2026-06-04 10:02:59.832] [info] [Worker 9] [libqueen] push(q=5 f=0/24 p99rtt=23ms) pop(q=0 f=0/16 p99rtt=6ms) custom(q=0 f=0/1 p99rtt=1ms) slots=25/25 jobs/s=618 drains=63527 evl=0ms
[2026-06-04 10:02:59.837] [info] [Worker 1] [libqueen] push(q=5 f=0/24 p99rtt=23ms) pop(q=0 f=0/16 p99rtt=7ms) custom(q=0 f=0/1 p99rtt=1ms) slots=25/25 jobs/s=630 drains=63679 evl=0ms
[2026-06-04 10:02:59.837] [info] [Worker 6] [libqueen] push(q=5 f=0/24 p99rtt=21ms) pop(q=0 f=0/16 p99rtt=4ms) custom(q=0 f=0/1 p99rtt=1ms) slots=25/25 jobs/s=606 drains=63710 evl=0ms
[2026-06-04 10:03:00.733] [info] [Worker 4] [libqueen] push(q=5 f=0/24 p99rtt=24ms) pop(q=0 f=0/16 p99rtt=7ms) custom(q=3 f=1/1 p99rtt=1ms) slots=24/25 jobs/s=605 drains=63933 evl=0ms
[2026-06-04 10:03:00.759] [info] [Worker 0] [libqueen] push(q=0 f=1/24 p99rtt=21ms) pop(q=0 f=0/16 p99rtt=8ms) custom(q=3 f=0/1 p99rtt=1ms) slots=24/25 jobs/s=618 drains=64418 evl=0ms
[2026-06-04 10:03:00.761] [info] [Worker 3] [libqueen] push(q=5 f=0/24 p99rtt=24ms) pop(q=0 f=0/16 p99rtt=6ms) custom(q=3 f=0/1 p99rtt=1ms) slots=25/25 jobs/s=594 drains=64289 evl=0ms
[2026-06-04 10:03:00.799] [info] [Worker 5] [libqueen] push(q=0 f=1/24 p99rtt=23ms) pop(q=0 f=0/16 p99rtt=11ms) custom(q=3 f=0/1 p99rtt=1ms) slots=24/25 jobs/s=624 drains=64372 evl=0ms
[2026-06-04 10:03:00.822] [info] [Worker 8] [libqueen] push(q=5 f=0/24 p99rtt=23ms) pop(q=0 f=0/16 p99rtt=8ms) custom(q=3 f=0/1 p99rtt=1ms) slots=25/25 jobs/s=612 drains=64345 evl=0ms
[2026-06-04 10:03:00.831] [info] [Worker 2] [libqueen] push(q=5 f=0/24 p99rtt=24ms) pop(q=0 f=0/16 p99rtt=8ms) custom(q=3 f=0/1 p99rtt=1ms) slots=25/25 jobs/s=618 drains=64737 evl=0ms
[2026-06-04 10:03:00.832] [info] [Worker 7] [libqueen] push(q=5 f=0/24 p99rtt=22ms) pop(q=0 f=0/16 p99rtt=9ms) custom(q=3 f=0/1 p99rtt=1ms) slots=25/25 jobs/s=606 drains=64210 evl=0ms
[2026-06-04 10:03:00.833] [info] [Worker 9] [libqueen] push(q=5 f=0/24 p99rtt=24ms) pop(q=0 f=0/16 p99rtt=6ms) custom(q=3 f=0/1 p99rtt=1ms) slots=25/25 jobs/s=624 drains=64367 evl=0ms
[2026-06-04 10:03:00.836] [info] [Worker 1] [libqueen] push(q=5 f=0/24 p99rtt=23ms) pop(q=0 f=0/16 p99rtt=7ms) custom(q=3 f=0/1 p99rtt=1ms) slots=25/25 jobs/s=618 drains=64509 evl=0ms
[2026-06-04 10:03:00.837] [info] [Worker 6] [libqueen] push(q=0 f=1/24 p99rtt=21ms) pop(q=0 f=0/16 p99rtt=4ms) custom(q=3 f=0/1 p99rtt=1ms) slots=24/25 jobs/s=612 drains=64554 evl=0ms
[2026-06-04 10:03:01.734] [info] [Worker 4] [libqueen] push(q=5 f=0/24 p99rtt=24ms) pop(q=0 f=0/16 p99rtt=7ms) custom(q=0 f=0/1 p99rtt=1ms) slots=25/25 jobs/s=628 drains=64764 evl=0ms
[2026-06-04 10:03:01.760] [info] [Worker 0] [libqueen] push(q=5 f=0/24 p99rtt=23ms) pop(q=0 f=0/16 p99rtt=8ms) custom(q=0 f=0/1 p99rtt=1ms) slots=25/25 jobs/s=633 drains=65266 evl=0ms
[2026-06-04 10:03:01.761] [info] [Worker 3] [libqueen] push(q=5 f=0/24 p99rtt=24ms) pop(q=0 f=0/16 p99rtt=6ms) custom(q=0 f=0/1 p99rtt=1ms) slots=25/25 jobs/s=633 drains=65138 evl=0ms
[2026-06-04 10:03:01.799] [info] [Worker 5] [libqueen] push(q=0 f=1/24 p99rtt=23ms) pop(q=0 f=0/16 p99rtt=11ms) custom(q=0 f=0/1 p99rtt=1ms) slots=24/25 jobs/s=627 drains=65232 evl=0ms
[2026-06-04 10:03:01.823] [info] [Worker 8] [libqueen] push(q=5 f=0/24 p99rtt=23ms) pop(q=0 f=0/16 p99rtt=8ms) custom(q=0 f=0/1 p99rtt=1ms) slots=25/25 jobs/s=633 drains=65188 evl=0ms
[2026-06-04 10:03:01.831] [info] [Worker 2] [libqueen] push(q=0 f=1/24 p99rtt=23ms) pop(q=0 f=0/16 p99rtt=8ms) custom(q=0 f=0/1 p99rtt=1ms) slots=24/25 jobs/s=627 drains=65607 evl=0ms
[2026-06-04 10:03:01.831] [info] [Worker 7] [libqueen] push(q=0 f=0/24 p99rtt=22ms) pop(q=0 f=0/16 p99rtt=9ms) custom(q=0 f=0/1 p99rtt=1ms) slots=25/25 jobs/s=639 drains=65057 evl=0ms
[2026-06-04 10:03:01.833] [info] [Worker 9] [libqueen] push(q=5 f=0/24 p99rtt=24ms) pop(q=0 f=0/16 p99rtt=6ms) custom(q=0 f=0/1 p99rtt=1ms) slots=25/25 jobs/s=639 drains=65213 evl=0ms
[2026-06-04 10:03:01.837] [info] [Worker 6] [libqueen] push(q=5 f=0/24 p99rtt=22ms) pop(q=0 f=0/16 p99rtt=4ms) custom(q=0 f=0/1 p99rtt=1ms) slots=25/25 jobs/s=633 drains=65442 evl=0ms
[2026-06-04 10:03:01.837] [info] [Worker 1] [libqueen] push(q=5 f=0/24 p99rtt=23ms) pop(q=0 f=0/16 p99rtt=7ms) custom(q=0 f=0/1 p99rtt=1ms) slots=25/25 jobs/s=639 drains=65394 evl=0ms
[2026-06-04 10:03:02.710] [info] QPOP: Connection aborted for 8d42ea80-7e66-492a-a9ba-fbd9cc7b3b3a
[2026-06-04 10:03:02.710] [info] QPOP: Connection aborted for 222c6be6-1988-44cf-a74d-0eb33893937d
[2026-06-04 10:03:02.721] [info] QPOP: Connection aborted for a1dc334f-0c97-4769-956d-2989996d0957
[2026-06-04 10:03:02.733] [info] QPOP: Connection aborted for a50c47f5-5a16-4d1a-b23d-20a2636672ef
[2026-06-04 10:03:02.733] [info] [Worker 4] [libqueen] push(q=0 f=1/24 p99rtt=24ms) pop(q=0 f=0/16 p99rtt=7ms) custom(q=0 f=0/1 p99rtt=1ms) slots=24/25 jobs/s=630 drains=65619 evl=0ms
[2026-06-04 10:03:02.733] [info] QPOP: Connection aborted for 43d0936e-0182-4f1d-a9ec-cedfbea376a0
[2026-06-04 10:03:02.736] [info] QPOP: Connection aborted for de652e6b-bf4e-4a64-8ab6-1ff770d9acdf
[2026-06-04 10:03:02.736] [info] QPOP: Connection aborted for e4bdf143-d644-4015-a489-11e6a67df1e6
[2026-06-04 10:03:02.737] [info] QPOP: Connection aborted for ceffcaca-a6a8-4743-9b24-557238650ca4
[2026-06-04 10:03:02.746] [info] QPOP: Connection aborted for 8d93c5ed-1e1b-40f2-996d-6b91e86c3525
[2026-06-04 10:03:02.746] [info] QPOP: Connection aborted for f518521c-1ee5-4379-82ac-052a16541159
[2026-06-04 10:03:02.748] [info] QPOP: Connection aborted for bc04a150-de82-4235-9737-8be3377407c4
[2026-06-04 10:03:02.748] [info] QPOP: Connection aborted for 96d1c5d0-3514-4179-a276-cd82ffec6040
[2026-06-04 10:03:02.749] [info] QPOP: Connection aborted for ab2cff02-4904-4a47-9f93-7a3ea635755f
[2026-06-04 10:03:02.749] [info] QPOP: Connection aborted for c46efdfc-4102-484b-b4cc-198809d6b3a3
[2026-06-04 10:03:02.749] [info] QPOP: Connection aborted for ddebd981-5016-4ca3-a25d-9db5fc404cdd
[2026-06-04 10:03:02.749] [info] QPOP: Connection aborted for b9ccab63-beef-4f58-b953-bfe8f93272ec
[2026-06-04 10:03:02.760] [info] [Worker 0] [libqueen] push(q=5 f=0/24 p99rtt=21ms) pop(q=0 f=0/16 p99rtt=8ms) custom(q=0 f=0/1 p99rtt=1ms) slots=25/25 jobs/s=648 drains=66140 evl=0ms
[2026-06-04 10:03:02.760] [info] QPOP: Connection aborted for 47e30c94-15f8-47cd-9e5c-1401a4e94a85
[2026-06-04 10:03:02.760] [info] QPOP: Connection aborted for c4d57f52-d64d-41a7-aa34-2f486f2ad60f
[2026-06-04 10:03:02.760] [info] [Worker 3] [libqueen] push(q=2 f=0/24 p99rtt=23ms) pop(q=0 f=0/16 p99rtt=6ms) custom(q=0 f=0/1 p99rtt=1ms) slots=25/25 jobs/s=636 drains=66010 evl=0ms
[2026-06-04 10:03:02.760] [info] QPOP: Connection aborted for 7d48ae92-3e39-447f-b4b2-cbbc5ac0616f
[2026-06-04 10:03:02.760] [info] QPOP: Connection aborted for d1ed2831-e1dc-4cd8-bebb-b3243fd7422e
[2026-06-04 10:03:02.761] [info] QPOP: Connection aborted for 9b221084-f2cb-4d75-988a-116afb5941de
[2026-06-04 10:03:02.764] [info] QPOP: Connection aborted for 98061f21-a98b-4c60-a3f5-adc7d9a9a29f
[2026-06-04 10:03:02.766] [info] QPOP: Connection aborted for 3139ecd2-3f0f-4c08-90eb-552f0ce4c507
[2026-06-04 10:03:02.766] [info] QPOP: Connection aborted for 405a4004-644e-47f2-b655-7cf71f4281b1
[2026-06-04 10:03:02.766] [info] QPOP: Connection aborted for f604bbee-dfe3-4fae-bb86-aaa8235da79a
[2026-06-04 10:03:02.766] [info] QPOP: Connection aborted for 4f5a5575-7e5a-4571-83f8-eb7cc7276aaf
[2026-06-04 10:03:02.766] [info] QPOP: Connection aborted for 1a41e45e-1afb-4c06-a319-eed4b99b512d
[2026-06-04 10:03:02.766] [info] QPOP: Connection aborted for f39683ea-8bb2-4056-94b3-d039b797bc7a
[2026-06-04 10:03:02.768] [info] QPOP: Connection aborted for 557c689a-9ece-4c50-a6f9-9f1640cfe4a7
[2026-06-04 10:03:02.768] [info] QPOP: Connection aborted for a81f7d2d-5759-495b-8ab2-c0f88845245d
[2026-06-04 10:03:02.768] [info] QPOP: Connection aborted for 5c51be09-964c-4a39-af43-18659dd2204e
[2026-06-04 10:03:02.768] [info] QPOP: Connection aborted for 3d9a2b98-34f7-4c2e-931d-9530a6e26dbb
[2026-06-04 10:03:02.772] [info] QPOP: Connection aborted for 766111af-398a-4525-b537-fbe82f95cde1
[2026-06-04 10:03:02.772] [info] QPOP: Connection aborted for 40076e87-8bef-489e-9453-ca54e74ea2e9
[2026-06-04 10:03:02.774] [info] QPOP: Connection aborted for 7867e292-3b99-4244-9c00-e4619a1a0ae5
[2026-06-04 10:03:02.774] [info] QPOP: Connection aborted for 860e95c6-6025-45a2-9bb4-4ffd8a60e41b
[2026-06-04 10:03:02.776] [info] QPOP: Connection aborted for 7194943a-b55e-42d5-a4f8-6512c3c438d5
[2026-06-04 10:03:02.777] [info] QPOP: Connection aborted for c228393e-0f76-447e-8579-bf5e730bd596
[2026-06-04 10:03:02.777] [info] QPOP: Connection aborted for 22a2af0f-062f-4db0-ab8d-908b38f7ab70
[2026-06-04 10:03:02.779] [info] QPOP: Connection aborted for 3b0225f0-8e10-4ef5-a830-e310c7319962
[2026-06-04 10:03:02.779] [info] QPOP: Connection aborted for a886892e-f9c3-4652-ac4c-bdcda6fad98c
[2026-06-04 10:03:02.779] [info] QPOP: Connection aborted for 1860d0b1-2afd-4449-8c52-b3afd8481a98
[2026-06-04 10:03:02.780] [info] QPOP: Connection aborted for f10471d2-c39b-4a14-a2d4-947e3373fe1f
[2026-06-04 10:03:02.780] [info] QPOP: Connection aborted for 888be9e1-c935-4f5d-b676-aacd636d6c38
[2026-06-04 10:03:02.781] [info] QPOP: Connection aborted for a6363e1b-7fcd-400b-a5d7-b6e39ceec379
[2026-06-04 10:03:02.781] [info] QPOP: Connection aborted for 29bf8062-76e0-4cb9-b62e-8e9833791429
[2026-06-04 10:03:02.790] [info] QPOP: Connection aborted for f9f08c87-8451-4c31-83d1-cc5f86c3ac3f
[2026-06-04 10:03:02.792] [info] QPOP: Connection aborted for 1698de6b-b97a-4790-a92c-9c95b0870337
[2026-06-04 10:03:02.792] [info] QPOP: Connection aborted for 90f9e29e-4359-47d4-8a36-248ccfa7328f
[2026-06-04 10:03:02.792] [info] QPOP: Connection aborted for c9f40c2a-c087-4165-810f-0e8a471177ef
[2026-06-04 10:03:02.799] [info] [Worker 5] [libqueen] push(q=0 f=1/24 p99rtt=23ms) pop(q=0 f=0/16 p99rtt=11ms) custom(q=0 f=0/1 p99rtt=1ms) slots=24/25 jobs/s=630 drains=66094 evl=0ms
[2026-06-04 10:03:02.823] [info] [Worker 8] [libqueen] push(q=0 f=0/24 p99rtt=23ms) pop(q=1 f=0/16 p99rtt=8ms) custom(q=0 f=0/1 p99rtt=1ms) slots=25/25 jobs/s=636 drains=66061 evl=0ms
[2026-06-04 10:03:02.830] [info] [Worker 2] [libqueen] push(q=5 f=0/24 p99rtt=23ms) pop(q=0 f=0/16 p99rtt=8ms) custom(q=0 f=0/1 p99rtt=1ms) slots=25/25 jobs/s=624 drains=66476 evl=0ms
[2026-06-04 10:03:02.832] [info] [Worker 7] [libqueen] push(q=0 f=0/24 p99rtt=21ms) pop(q=0 f=0/16 p99rtt=9ms) custom(q=0 f=1/1 p99rtt=1ms) slots=24/25 jobs/s=617 drains=65883 evl=0ms
[2026-06-04 10:03:02.833] [info] [Worker 9] [libqueen] push(q=0 f=1/24 p99rtt=23ms) pop(q=0 f=0/16 p99rtt=6ms) custom(q=0 f=0/1 p99rtt=1ms) slots=24/25 jobs/s=612 drains=66041 evl=0ms
[2026-06-04 10:03:02.837] [info] [Worker 1] [libqueen] push(q=0 f=1/24 p99rtt=23ms) pop(q=0 f=0/16 p99rtt=7ms) custom(q=0 f=0/1 p99rtt=1ms) slots=24/25 jobs/s=624 drains=66245 evl=0ms
[2026-06-04 10:03:02.837] [info] [Worker 6] [libqueen] push(q=5 f=0/24 p99rtt=22ms) pop(q=0 f=0/16 p99rtt=4ms) custom(q=0 f=0/1 p99rtt=1ms) slots=25/25 jobs/s=618 drains=66286 evl=0ms
[2026-06-04 10:03:03.734] [info] [Worker 4] [libqueen] push(q=5 f=0/24 p99rtt=24ms) pop(q=0 f=0/16 p99rtt=7ms) custom(q=0 f=0/1 p99rtt=1ms) slots=25/25 jobs/s=618 drains=66461 evl=0ms
[2026-06-04 10:03:03.760] [info] [Worker 0] [libqueen] push(q=5 f=0/24 p99rtt=23ms) pop(q=0 f=0/16 p99rtt=8ms) custom(q=0 f=0/1 p99rtt=1ms) slots=25/25 jobs/s=612 drains=66994 evl=0ms
[2026-06-04 10:03:03.761] [info] [Worker 3] [libqueen] push(q=5 f=0/24 p99rtt=23ms) pop(q=0 f=0/16 p99rtt=6ms) custom(q=0 f=0/1 p99rtt=1ms) slots=25/25 jobs/s=612 drains=66876 evl=0ms
[2026-06-04 10:03:03.799] [info] [Worker 5] [libqueen] push(q=0 f=1/24 p99rtt=23ms) pop(q=0 f=0/16 p99rtt=9ms) custom(q=0 f=0/1 p99rtt=1ms) slots=24/25 jobs/s=612 drains=66936 evl=0ms
[2026-06-04 10:03:03.823] [info] [Worker 8] [libqueen] push(q=5 f=0/24 p99rtt=23ms) pop(q=0 f=0/16 p99rtt=8ms) custom(q=0 f=0/1 p99rtt=1ms) slots=25/25 jobs/s=612 drains=66881 evl=0ms
[2026-06-04 10:03:03.831] [info] [Worker 2] [libqueen] push(q=5 f=0/24 p99rtt=23ms) pop(q=0 f=0/16 p99rtt=8ms) custom(q=0 f=0/1 p99rtt=1ms) slots=25/25 jobs/s=624 drains=67333 evl=0ms
[2026-06-04 10:03:03.831] [info] [Worker 7] [libqueen] push(q=0 f=0/24 p99rtt=22ms) pop(q=0 f=0/16 p99rtt=9ms) custom(q=0 f=0/1 p99rtt=1ms) slots=25/25 jobs/s=619 drains=66767 evl=0ms
[2026-06-04 10:03:03.833] [info] [Worker 9] [libqueen] push(q=5 f=0/24 p99rtt=24ms) pop(q=0 f=0/16 p99rtt=6ms) custom(q=0 f=0/1 p99rtt=1ms) slots=25/25 jobs/s=630 drains=66907 evl=0ms
[2026-06-04 10:03:03.836] [info] [Worker 6] [libqueen] push(q=5 f=0/24 p99rtt=22ms) pop(q=0 f=0/16 p99rtt=4ms) custom(q=0 f=0/1 p99rtt=1ms) slots=25/25 jobs/s=630 drains=67122 evl=0ms
[2026-06-04 10:03:03.836] [info] [Worker 1] [libqueen] push(q=5 f=0/24 p99rtt=23ms) pop(q=0 f=0/16 p99rtt=7ms) custom(q=0 f=0/1 p99rtt=1ms) slots=25/25 jobs/s=636 drains=67108 evl=0ms
[2026-06-04 10:03:04.734] [info] [Worker 4] [libqueen] push(q=5 f=0/24 p99rtt=22ms) pop(q=0 f=0/16 p99rtt=7ms) custom(q=0 f=0/1 p99rtt=1ms) slots=25/25 jobs/s=630 drains=67331 evl=0ms
[2026-06-04 10:03:04.760] [info] [Worker 0] [libqueen] push(q=5 f=0/24 p99rtt=23ms) pop(q=0 f=0/16 p99rtt=8ms) custom(q=0 f=0/1 p99rtt=1ms) slots=25/25 jobs/s=624 drains=67843 evl=0ms
[2026-06-04 10:03:04.760] [info] [Worker 3] [libqueen] push(q=0 f=0/24 p99rtt=23ms) pop(q=0 f=0/16 p99rtt=6ms) custom(q=0 f=1/1 p99rtt=1ms) slots=24/25 jobs/s=635 drains=67725 evl=0ms
[2026-06-04 10:03:04.798] [info] [Worker 5] [libqueen] push(q=0 f=1/24 p99rtt=23ms) pop(q=0 f=0/16 p99rtt=9ms) custom(q=0 f=0/1 p99rtt=1ms) slots=24/25 jobs/s=618 drains=67775 evl=0ms
[2026-06-04 10:03:04.823] [info] [Worker 8] [libqueen] push(q=5 f=0/24 p99rtt=23ms) pop(q=0 f=0/16 p99rtt=8ms) custom(q=0 f=0/1 p99rtt=1ms) slots=25/25 jobs/s=612 drains=67741 evl=0ms
[2026-06-04 10:03:04.831] [info] [Worker 2] [libqueen] push(q=5 f=0/24 p99rtt=22ms) pop(q=0 f=0/16 p99rtt=8ms) custom(q=0 f=0/1 p99rtt=1ms) slots=25/25 jobs/s=630 drains=68213 evl=0ms
[2026-06-04 10:03:04.831] [info] [Worker 7] [libqueen] push(q=5 f=0/24 p99rtt=22ms) pop(q=0 f=0/16 p99rtt=9ms) custom(q=0 f=0/1 p99rtt=1ms) slots=25/25 jobs/s=618 drains=67620 evl=0ms
[2026-06-04 10:03:04.832] [info] [Worker 9] [libqueen] push(q=5 f=0/24 p99rtt=23ms) pop(q=0 f=0/16 p99rtt=6ms) custom(q=0 f=0/1 p99rtt=1ms) slots=25/25 jobs/s=624 drains=67780 evl=0ms
[2026-06-04 10:03:04.836] [info] [Worker 1] [libqueen] push(q=0 f=0/24 p99rtt=23ms) pop(q=0 f=0/16 p99rtt=7ms) custom(q=0 f=0/1 p99rtt=1ms) slots=25/25 jobs/s=624 drains=67968 evl=0ms
[2026-06-04 10:03:04.837] [info] [Worker 6] [libqueen] push(q=0 f=0/24 p99rtt=23ms) pop(q=0 f=0/16 p99rtt=4ms) custom(q=0 f=0/1 p99rtt=1ms) slots=25/25 jobs/s=618 drains=67946 evl=0ms
[2026-06-04 10:03:05.734] [info] [Worker 4] [libqueen] push(q=5 f=0/24 p99rtt=24ms) pop(q=0 f=0/16 p99rtt=7ms) custom(q=0 f=0/1 p99rtt=1ms) slots=25/25 jobs/s=414 drains=67896 evl=0ms
[2026-06-04 10:03:05.760] [info] [Worker 0] [libqueen] push(q=5 f=0/24 p99rtt=24ms) pop(q=0 f=0/16 p99rtt=8ms) custom(q=0 f=0/1 p99rtt=1ms) slots=25/25 jobs/s=420 drains=68422 evl=0ms
[2026-06-04 10:03:05.760] [info] [Worker 3] [libqueen] push(q=0 f=1/24 p99rtt=24ms) pop(q=0 f=0/16 p99rtt=6ms) custom(q=0 f=0/1 p99rtt=1ms) slots=24/25 jobs/s=403 drains=68258 evl=0ms
[2026-06-04 10:03:05.799] [info] [Worker 5] [libqueen] push(q=0 f=1/24 p99rtt=23ms) pop(q=0 f=0/16 p99rtt=9ms) custom(q=0 f=0/1 p99rtt=1ms) slots=24/25 jobs/s=426 drains=68367 evl=0ms
[2026-06-04 10:03:05.822] [info] [Worker 8] [libqueen] push(q=0 f=1/24 p99rtt=23ms) pop(q=0 f=0/16 p99rtt=8ms) custom(q=0 f=0/1 p99rtt=1ms) slots=24/25 jobs/s=420 drains=68338 evl=0ms
[2026-06-04 10:03:05.831] [info] [Worker 2] [libqueen] push(q=5 f=0/24 p99rtt=25ms) pop(q=0 f=0/16 p99rtt=8ms) custom(q=0 f=0/1 p99rtt=1ms) slots=25/25 jobs/s=432 drains=68809 evl=0ms
[2026-06-04 10:03:05.832] [info] [Worker 7] [libqueen] push(q=5 f=0/24 p99rtt=23ms) pop(q=0 f=0/16 p99rtt=9ms) custom(q=0 f=0/1 p99rtt=1ms) slots=25/25 jobs/s=438 drains=68242 evl=0ms
[2026-06-04 10:03:05.833] [info] [Worker 9] [libqueen] push(q=5 f=0/24 p99rtt=24ms) pop(q=0 f=0/16 p99rtt=6ms) custom(q=0 f=0/1 p99rtt=1ms) slots=25/25 jobs/s=420 drains=68354 evl=0ms
[2026-06-04 10:03:05.837] [info] [Worker 6] [libqueen] push(q=3 f=0/24 p99rtt=24ms) pop(q=0 f=0/16 p99rtt=4ms) custom(q=0 f=0/1 p99rtt=1ms) slots=25/25 jobs/s=420 drains=68519 evl=0ms
[2026-06-04 10:03:05.837] [info] [Worker 1] [libqueen] push(q=0 f=1/24 p99rtt=23ms) pop(q=0 f=0/16 p99rtt=7ms) custom(q=0 f=0/1 p99rtt=1ms) slots=24/25 jobs/s=426 drains=68553 evl=0ms
[2026-06-04 10:03:06.232] [info] PartitionLookupReconcileService: fixed 1 partition_lookup rows (stats leader, hostname=c932ee286edc)
[2026-06-04 10:03:06.734] [info] [Worker 4] [libqueen] push(q=5 f=0/24 p99rtt=24ms) pop(q=0 f=0/16 p99rtt=7ms) custom(q=0 f=0/1 p99rtt=1ms) slots=25/25 jobs/s=612 drains=68740 evl=0ms
[2026-06-04 10:03:06.760] [info] [Worker 0] [libqueen] push(q=0 f=1/24 p99rtt=24ms) pop(q=0 f=0/16 p99rtt=8ms) custom(q=0 f=0/1 p99rtt=1ms) slots=24/25 jobs/s=600 drains=69259 evl=0ms
[2026-06-04 10:03:06.761] [info] [Worker 3] [libqueen] push(q=5 f=0/24 p99rtt=24ms) pop(q=0 f=0/16 p99rtt=6ms) custom(q=0 f=0/1 p99rtt=1ms) slots=25/25 jobs/s=606 drains=69095 evl=0ms
[2026-06-04 10:03:06.799] [info] [Worker 5] [libqueen] push(q=5 f=0/24 p99rtt=23ms) pop(q=0 f=0/16 p99rtt=9ms) custom(q=0 f=0/1 p99rtt=1ms) slots=25/25 jobs/s=606 drains=69183 evl=0ms
[2026-06-04 10:03:06.823] [info] [Worker 8] [libqueen] push(q=5 f=0/24 p99rtt=24ms) pop(q=0 f=0/16 p99rtt=8ms) custom(q=0 f=0/1 p99rtt=1ms) slots=25/25 jobs/s=612 drains=69164 evl=0ms
[2026-06-04 10:03:06.831] [info] [Worker 2] [libqueen] push(q=5 f=0/24 p99rtt=25ms) pop(q=0 f=0/16 p99rtt=8ms) custom(q=0 f=0/1 p99rtt=1ms) slots=25/25 jobs/s=600 drains=69627 evl=0ms
[2026-06-04 10:03:06.832] [info] [Worker 7] [libqueen] push(q=5 f=0/24 p99rtt=23ms) pop(q=0 f=0/16 p99rtt=9ms) custom(q=0 f=0/1 p99rtt=1ms) slots=25/25 jobs/s=588 drains=69058 evl=0ms
[2026-06-04 10:03:06.832] [info] [Worker 9] [libqueen] push(q=5 f=0/24 p99rtt=23ms) pop(q=0 f=0/16 p99rtt=6ms) custom(q=0 f=0/1 p99rtt=1ms) slots=25/25 jobs/s=606 drains=69184 evl=0ms
[2026-06-04 10:03:06.836] [info] [Worker 6] [libqueen] push(q=0 f=1/24 p99rtt=24ms) pop(q=0 f=0/16 p99rtt=4ms) custom(q=0 f=0/1 p99rtt=1ms) slots=24/25 jobs/s=600 drains=69345 evl=0ms
[2026-06-04 10:03:06.837] [info] [Worker 1] [libqueen] push(q=0 f=1/24 p99rtt=23ms) pop(q=0 f=0/16 p99rtt=7ms) custom(q=0 f=0/1 p99rtt=1ms) slots=24/25 jobs/s=588 drains=69378 evl=0ms
[2026-06-04 10:03:07.734] [info] [Worker 4] [libqueen] push(q=5 f=0/24 p99rtt=24ms) pop(q=0 f=0/16 p99rtt=7ms) custom(q=0 f=0/1 p99rtt=1ms) slots=25/25 jobs/s=630 drains=69617 evl=0ms
[2026-06-04 10:03:07.760] [info] [Worker 0] [libqueen] push(q=5 f=0/24 p99rtt=24ms) pop(q=0 f=0/16 p99rtt=8ms) custom(q=0 f=0/1 p99rtt=1ms) slots=25/25 jobs/s=630 drains=70129 evl=0ms
[2026-06-04 10:03:07.761] [info] [Worker 3] [libqueen] push(q=5 f=0/24 p99rtt=23ms) pop(q=0 f=0/16 p99rtt=6ms) custom(q=0 f=0/1 p99rtt=1ms) slots=25/25 jobs/s=642 drains=69960 evl=0ms
[2026-06-04 10:03:07.799] [info] [Worker 5] [libqueen] push(q=0 f=0/24 p99rtt=24ms) pop(q=0 f=0/16 p99rtt=9ms) custom(q=0 f=0/1 p99rtt=1ms) slots=25/25 jobs/s=636 drains=70056 evl=0ms
[2026-06-04 10:03:07.823] [info] [Worker 8] [libqueen] push(q=0 f=1/24 p99rtt=23ms) pop(q=0 f=0/16 p99rtt=8ms) custom(q=0 f=0/1 p99rtt=1ms) slots=24/25 jobs/s=630 drains=70011 evl=0ms
[2026-06-04 10:03:07.830] [info] [Worker 2] [libqueen] push(q=2 f=0/24 p99rtt=25ms) pop(q=0 f=0/16 p99rtt=8ms) custom(q=0 f=0/1 p99rtt=1ms) slots=25/25 jobs/s=618 drains=70477 evl=0ms
[2026-06-04 10:03:07.831] [info] [Worker 7] [libqueen] push(q=0 f=1/24 p99rtt=23ms) pop(q=0 f=0/16 p99rtt=9ms) custom(q=0 f=0/1 p99rtt=1ms) slots=24/25 jobs/s=624 drains=69911 evl=0ms
[2026-06-04 10:03:07.832] [info] [Worker 9] [libqueen] push(q=5 f=0/24 p99rtt=23ms) pop(q=0 f=0/16 p99rtt=6ms) custom(q=0 f=0/1 p99rtt=1ms) slots=25/25 jobs/s=624 drains=70025 evl=0ms
[2026-06-04 10:03:07.837] [info] [Worker 6] [libqueen] push(q=5 f=0/24 p99rtt=24ms) pop(q=0 f=0/16 p99rtt=4ms) custom(q=0 f=0/1 p99rtt=1ms) slots=25/25 jobs/s=630 drains=70206 evl=0ms
[2026-06-04 10:03:07.837] [info] [Worker 1] [libqueen] push(q=0 f=1/24 p99rtt=23ms) pop(q=0 f=0/16 p99rtt=7ms) custom(q=0 f=0/1 p99rtt=1ms) slots=24/25 jobs/s=636 drains=70222 evl=0ms
[2026-06-04 10:03:08.733] [info] [Worker 4] [libqueen] push(q=0 f=1/24 p99rtt=24ms) pop(q=0 f=0/16 p99rtt=7ms) custom(q=0 f=0/1 p99rtt=1ms) slots=24/25 jobs/s=618 drains=70465 evl=0ms
[2026-06-04 10:03:08.761] [info] [Worker 3] [libqueen] push(q=0 f=1/24 p99rtt=24ms) pop(q=0 f=0/16 p99rtt=6ms) custom(q=0 f=0/1 p99rtt=1ms) slots=24/25 jobs/s=618 drains=70818 evl=0ms
[2026-06-04 10:03:08.761] [info] [Worker 0] [libqueen] push(q=5 f=0/24 p99rtt=25ms) pop(q=0 f=0/16 p99rtt=8ms) custom(q=0 f=0/1 p99rtt=1ms) slots=25/25 jobs/s=630 drains=70978 evl=0ms
[2026-06-04 10:03:08.800] [info] [Worker 5] [libqueen] push(q=0 f=1/24 p99rtt=24ms) pop(q=0 f=0/16 p99rtt=9ms) custom(q=0 f=0/1 p99rtt=1ms) slots=24/25 jobs/s=636 drains=70915 evl=0ms
[2026-06-04 10:03:08.822] [info] [Worker 8] [libqueen] push(q=5 f=0/24 p99rtt=24ms) pop(q=0 f=0/16 p99rtt=8ms) custom(q=0 f=0/1 p99rtt=1ms) slots=25/25 jobs/s=636 drains=70858 evl=0ms
[2026-06-04 10:03:08.831] [info] [Worker 2] [libqueen] push(q=5 f=0/24 p99rtt=26ms) pop(q=0 f=0/16 p99rtt=8ms) custom(q=0 f=0/1 p99rtt=1ms) slots=25/25 jobs/s=630 drains=71336 evl=0ms
[2026-06-04 10:03:08.831] [info] [Worker 7] [libqueen] push(q=5 f=0/24 p99rtt=23ms) pop(q=0 f=0/16 p99rtt=9ms) custom(q=0 f=0/1 p99rtt=1ms) slots=25/25 jobs/s=624 drains=70754 evl=0ms
[2026-06-04 10:03:08.833] [info] [Worker 9] [libqueen] push(q=5 f=0/24 p99rtt=23ms) pop(q=0 f=0/16 p99rtt=6ms) custom(q=0 f=0/1 p99rtt=1ms) slots=25/25 jobs/s=624 drains=70877 evl=0ms
[2026-06-04 10:03:08.837] [info] [Worker 6] [libqueen] push(q=5 f=0/24 p99rtt=25ms) pop(q=0 f=0/16 p99rtt=4ms) custom(q=0 f=0/1 p99rtt=1ms) slots=25/25 jobs/s=636 drains=71068 evl=0ms
[2026-06-04 10:03:08.837] [info] [Worker 1] [libqueen] push(q=5 f=0/24 p99rtt=23ms) pop(q=0 f=0/16 p99rtt=7ms) custom(q=0 f=0/1 p99rtt=1ms) slots=25/25 jobs/s=636 drains=71069 evl=0ms
[2026-06-04 10:03:09.173] [info] StatsService: cycle completed in 18ms
[2026-06-04 10:03:09.734] [info] [Worker 4] [libqueen] push(q=0 f=1/24 p99rtt=22ms) pop(q=0 f=0/16 p99rtt=7ms) custom(q=0 f=0/1 p99rtt=1ms) slots=24/25 jobs/s=612 drains=71298 evl=0ms
[2026-06-04 10:03:09.760] [info] [Worker 3] [libqueen] push(q=3 f=0/24 p99rtt=24ms) pop(q=0 f=0/16 p99rtt=6ms) custom(q=0 f=0/1 p99rtt=1ms) slots=25/25 jobs/s=618 drains=71666 evl=0ms
[2026-06-04 10:03:09.761] [info] [Worker 0] [libqueen] push(q=0 f=0/24 p99rtt=25ms) pop(q=0 f=0/16 p99rtt=8ms) custom(q=0 f=0/1 p99rtt=1ms) slots=25/25 jobs/s=606 drains=71814 evl=0ms
[2026-06-04 10:03:09.799] [info] [Worker 5] [libqueen] push(q=5 f=0/24 p99rtt=25ms) pop(q=0 f=0/16 p99rtt=9ms) custom(q=0 f=0/1 p99rtt=1ms) slots=25/25 jobs/s=612 drains=71755 evl=0ms
[2026-06-04 10:03:09.823] [info] [Worker 8] [libqueen] push(q=0 f=1/24 p99rtt=23ms) pop(q=0 f=0/16 p99rtt=8ms) custom(q=0 f=0/1 p99rtt=1ms) slots=24/25 jobs/s=600 drains=71694 evl=0ms
[2026-06-04 10:03:09.831] [info] [Worker 2] [libqueen] push(q=5 f=0/24 p99rtt=25ms) pop(q=0 f=0/16 p99rtt=8ms) custom(q=0 f=0/1 p99rtt=1ms) slots=25/25 jobs/s=600 drains=72178 evl=0ms
[2026-06-04 10:03:09.832] [info] [Worker 7] [libqueen] push(q=5 f=0/24 p99rtt=23ms) pop(q=0 f=0/16 p99rtt=9ms) custom(q=0 f=0/1 p99rtt=1ms) slots=25/25 jobs/s=600 drains=71569 evl=0ms
[2026-06-04 10:03:09.832] [info] [Worker 9] [libqueen] push(q=5 f=0/24 p99rtt=23ms) pop(q=0 f=0/16 p99rtt=6ms) custom(q=0 f=0/1 p99rtt=1ms) slots=25/25 jobs/s=618 drains=71730 evl=0ms
[2026-06-04 10:03:09.837] [info] [Worker 6] [libqueen] push(q=0 f=0/24 p99rtt=24ms) pop(q=0 f=0/16 p99rtt=4ms) custom(q=0 f=1/1 p99rtt=1ms) slots=24/25 jobs/s=611 drains=71893 evl=0ms
[2026-06-04 10:03:09.838] [info] [Worker 1] [libqueen] push(q=0 f=0/24 p99rtt=23ms) pop(q=0 f=0/16 p99rtt=7ms) custom(q=0 f=1/1 p99rtt=1ms) slots=24/25 jobs/s=605 drains=71888 evl=0ms
[2026-06-04 10:03:10.733] [info] [Worker 4] [libqueen] push(q=5 f=0/24 p99rtt=22ms) pop(q=0 f=0/16 p99rtt=7ms) custom(q=0 f=0/1 p99rtt=1ms) slots=25/25 jobs/s=588 drains=72098 evl=0ms
[2026-06-04 10:03:10.761] [info] [Worker 0] [libqueen] push(q=5 f=0/24 p99rtt=25ms) pop(q=0 f=0/16 p99rtt=8ms) custom(q=0 f=0/1 p99rtt=1ms) slots=25/25 jobs/s=582 drains=72605 evl=0ms
[2026-06-04 10:03:10.761] [info] [Worker 3] [libqueen] push(q=5 f=0/24 p99rtt=24ms) pop(q=0 f=0/16 p99rtt=6ms) custom(q=0 f=0/1 p99rtt=1ms) slots=25/25 jobs/s=600 drains=72477 evl=0ms
[2026-06-04 10:03:10.800] [info] [Worker 5] [libqueen] push(q=0 f=1/24 p99rtt=24ms) pop(q=0 f=0/16 p99rtt=9ms) custom(q=0 f=0/1 p99rtt=1ms) slots=24/25 jobs/s=588 drains=72572 evl=0ms
[2026-06-04 10:03:10.822] [info] [Worker 8] [libqueen] push(q=5 f=0/24 p99rtt=23ms) pop(q=0 f=0/16 p99rtt=8ms) custom(q=0 f=0/1 p99rtt=1ms) slots=25/25 jobs/s=606 drains=72511 evl=0ms
[2026-06-04 10:03:10.831] [info] [Worker 2] [libqueen] push(q=5 f=0/24 p99rtt=25ms) pop(q=0 f=0/16 p99rtt=8ms) custom(q=0 f=0/1 p99rtt=1ms) slots=25/25 jobs/s=600 drains=72985 evl=0ms
[2026-06-04 10:03:10.832] [info] [Worker 7] [libqueen] push(q=0 f=1/24 p99rtt=23ms) pop(q=0 f=0/16 p99rtt=9ms) custom(q=0 f=0/1 p99rtt=1ms) slots=24/25 jobs/s=588 drains=72379 evl=0ms
[2026-06-04 10:03:10.833] [info] [Worker 9] [libqueen] push(q=0 f=1/24 p99rtt=23ms) pop(q=0 f=0/16 p99rtt=6ms) custom(q=0 f=0/1 p99rtt=1ms) slots=24/25 jobs/s=600 drains=72565 evl=0ms
[2026-06-04 10:03:10.836] [info] [Worker 6] [libqueen] push(q=0 f=0/24 p99rtt=24ms) pop(q=0 f=0/16 p99rtt=4ms) custom(q=0 f=1/1 p99rtt=1ms) slots=24/25 jobs/s=600 drains=72716 evl=0ms
[2026-06-04 10:03:10.838] [info] [Worker 1] [libqueen] push(q=5 f=0/24 p99rtt=23ms) pop(q=0 f=0/16 p99rtt=7ms) custom(q=0 f=0/1 p99rtt=1ms) slots=25/25 jobs/s=607 drains=72724 evl=0ms
[2026-06-04 10:03:11.734] [info] [Worker 4] [libqueen] push(q=5 f=0/24 p99rtt=22ms) pop(q=0 f=0/16 p99rtt=7ms) custom(q=0 f=0/1 p99rtt=1ms) slots=25/25 jobs/s=612 drains=72935 evl=0ms
[2026-06-04 10:03:11.761] [info] [Worker 3] [libqueen] push(q=5 f=0/24 p99rtt=24ms) pop(q=0 f=0/16 p99rtt=6ms) custom(q=0 f=0/1 p99rtt=1ms) slots=25/25 jobs/s=606 drains=73313 evl=0ms
[2026-06-04 10:03:11.761] [info] [Worker 0] [libqueen] push(q=5 f=0/24 p99rtt=25ms) pop(q=0 f=0/16 p99rtt=8ms) custom(q=0 f=0/1 p99rtt=1ms) slots=25/25 jobs/s=612 drains=73446 evl=0ms
[2026-06-04 10:03:11.801] [info] [Worker 5] [libqueen] push(q=0 f=1/24 p99rtt=26ms) pop(q=0 f=0/16 p99rtt=9ms) custom(q=0 f=0/1 p99rtt=1ms) slots=24/25 jobs/s=600 drains=73389 evl=0ms
[2026-06-04 10:03:11.823] [info] [Worker 8] [libqueen] push(q=0 f=1/24 p99rtt=24ms) pop(q=0 f=0/16 p99rtt=8ms) custom(q=0 f=0/1 p99rtt=1ms) slots=24/25 jobs/s=606 drains=73326 evl=0ms
[2026-06-04 10:03:11.831] [info] [Worker 2] [libqueen] push(q=0 f=1/24 p99rtt=26ms) pop(q=0 f=0/16 p99rtt=8ms) custom(q=0 f=0/1 p99rtt=1ms) slots=24/25 jobs/s=612 drains=73830 evl=0ms
[2026-06-04 10:03:11.831] [info] [Worker 7] [libqueen] push(q=0 f=1/24 p99rtt=23ms) pop(q=0 f=0/16 p99rtt=9ms) custom(q=0 f=0/1 p99rtt=1ms) slots=24/25 jobs/s=618 drains=73242 evl=0ms
[2026-06-04 10:03:11.833] [info] [Worker 9] [libqueen] push(q=5 f=0/24 p99rtt=23ms) pop(q=0 f=0/16 p99rtt=6ms) custom(q=0 f=0/1 p99rtt=1ms) slots=25/25 jobs/s=618 drains=73414 evl=0ms
[2026-06-04 10:03:11.837] [info] [Worker 6] [libqueen] push(q=5 f=0/24 p99rtt=25ms) pop(q=0 f=0/16 p99rtt=4ms) custom(q=0 f=0/1 p99rtt=1ms) slots=25/25 jobs/s=601 drains=73536 evl=0ms
[2026-06-04 10:03:11.838] [info] [Worker 1] [libqueen] push(q=5 f=0/24 p99rtt=23ms) pop(q=0 f=0/16 p99rtt=7ms) custom(q=0 f=0/1 p99rtt=1ms) slots=25/25 jobs/s=600 drains=73564 evl=0ms
[2026-06-04 10:03:12.240] [info] PartitionLookupReconcileService: fixed 1 partition_lookup rows (stats leader, hostname=c932ee286edc)
[2026-06-04 10:03:12.713] [info] QPOP: Connection aborted for 7691eac1-f932-4b93-8496-4dd91e337537
[2026-06-04 10:03:12.713] [info] QPOP: Connection aborted for 39624bbc-48e5-42ce-9738-f94896c0bd6d
[2026-06-04 10:03:12.721] [info] QPOP: Connection aborted for 89d71daf-a043-4f6d-89cf-5876335fa631
[2026-06-04 10:03:12.734] [info] QPOP: Connection aborted for 470410ae-8400-4c24-9a01-9f8d4e670678
[2026-06-04 10:03:12.734] [info] [Worker 4] [libqueen] push(q=0 f=1/24 p99rtt=24ms) pop(q=0 f=0/16 p99rtt=7ms) custom(q=0 f=0/1 p99rtt=1ms) slots=24/25 jobs/s=630 drains=73778 evl=0ms
[2026-06-04 10:03:12.735] [info] QPOP: Connection aborted for 4ceb2aa7-df51-40dd-9409-37d777bc946c
[2026-06-04 10:03:12.737] [info] QPOP: Connection aborted for 7c09e18d-51b7-487a-841f-9592a5d9a533
[2026-06-04 10:03:12.737] [info] QPOP: Connection aborted for d21f9eab-a115-4d58-bbc2-60fd3da69ece
[2026-06-04 10:03:12.738] [info] QPOP: Connection aborted for 31ceec30-3e4c-410b-b9e8-06fd369bc326
[2026-06-04 10:03:12.747] [info] QPOP: Connection aborted for 9fa44c29-e712-444c-b25c-e47a5d53e2d6
[2026-06-04 10:03:12.748] [info] QPOP: Connection aborted for 0e1225ec-c2c4-4b8c-a0ef-761a46572185
[2026-06-04 10:03:12.750] [info] QPOP: Connection aborted for 4561829c-c2f5-4a24-a7d8-86e1ac48df84
[2026-06-04 10:03:12.750] [info] QPOP: Connection aborted for dc4874f1-3e46-45a8-8962-42c6ada03c90
[2026-06-04 10:03:12.750] [info] QPOP: Connection aborted for 65a37d55-fae0-47b6-a3d6-80b157597ddc
[2026-06-04 10:03:12.750] [info] QPOP: Connection aborted for c3363306-0b5b-4aa8-8ec0-75c1dc5c7325
[2026-06-04 10:03:12.750] [info] QPOP: Connection aborted for 46c9e52c-c7d7-4268-b965-fce8276e7270
[2026-06-04 10:03:12.751] [info] QPOP: Connection aborted for 8dcbc419-a7aa-4ba2-9c99-0fd5017b2f06
[2026-06-04 10:03:12.760] [info] [Worker 3] [libqueen] push(q=0 f=1/24 p99rtt=25ms) pop(q=0 f=1/16 p99rtt=6ms) custom(q=0 f=0/1 p99rtt=1ms) slots=23/25 jobs/s=620 drains=74152 evl=0ms
[2026-06-04 10:03:12.761] [info] [Worker 0] [libqueen] push(q=0 f=1/24 p99rtt=26ms) pop(q=0 f=1/16 p99rtt=8ms) custom(q=0 f=0/1 p99rtt=1ms) slots=23/25 jobs/s=633 drains=74301 evl=0ms
[2026-06-04 10:03:12.762] [info] QPOP: Connection aborted for 509bf2c9-8509-4ade-9cb4-7f29eec6dc07
[2026-06-04 10:03:12.763] [info] QPOP: Connection aborted for 68bd2de6-d454-45c5-82fe-8b5bb73874eb
[2026-06-04 10:03:12.763] [info] QPOP: Connection aborted for b87167d1-3422-46b4-9013-a3824ee96aba
[2026-06-04 10:03:12.763] [info] QPOP: Connection aborted for 68f2bfcc-ac3d-4895-8477-e770e9ae3283
[2026-06-04 10:03:12.764] [info] QPOP: Connection aborted for f67e4a87-38d6-401d-8577-d2a9e9747757
[2026-06-04 10:03:12.765] [info] QPOP: Connection aborted for 924ea7b2-0136-470e-ba32-6d6ce087d245
[2026-06-04 10:03:12.768] [info] QPOP: Connection aborted for 1eba9317-fd75-436f-aeae-2d2cffb406e3
[2026-06-04 10:03:12.768] [info] QPOP: Connection aborted for f05ee9c9-9a52-44c9-ae2d-f460d937a3c0
[2026-06-04 10:03:12.768] [info] QPOP: Connection aborted for 51ba89a4-0e9b-41a6-ad2d-8b594a731f7d
[2026-06-04 10:03:12.768] [info] QPOP: Connection aborted for f3df93e6-1a06-4145-9614-f9e1fbc9ab1a
[2026-06-04 10:03:12.768] [info] QPOP: Connection aborted for 8d4b2a80-399e-46d4-b3db-9ef9dd16d9d5
[2026-06-04 10:03:12.769] [info] QPOP: Connection aborted for c87d7819-e583-47c8-827f-5cbc2037d843
[2026-06-04 10:03:12.770] [info] QPOP: Connection aborted for f0323474-c99e-476c-859c-0a96fb71a3dc
[2026-06-04 10:03:12.771] [info] QPOP: Connection aborted for 3d22794b-65d7-4516-b79b-c8a34f22b5df
[2026-06-04 10:03:12.771] [info] QPOP: Connection aborted for b2e34803-14f7-4a05-951a-7eca20b99833
[2026-06-04 10:03:12.771] [info] QPOP: Connection aborted for 78a4e93a-e724-43c6-991e-740acd5d7dd3
[2026-06-04 10:03:12.772] [info] QPOP: Connection aborted for b6aaef98-bdd3-4b06-8bc5-7bb78e23392b
[2026-06-04 10:03:12.773] [info] QPOP: Connection aborted for a6a843e9-1a8d-4394-8566-9be906878ff4
[2026-06-04 10:03:12.774] [info] QPOP: Connection aborted for a8e8dfce-d89b-48cb-8d67-6bc5353f57f9
[2026-06-04 10:03:12.776] [info] QPOP: Connection aborted for d1f2c4c5-7021-4019-a2da-f9eb3d3f95cc
[2026-06-04 10:03:12.777] [info] QPOP: Connection aborted for 6cafcbe8-7b79-4a5f-91be-110da23e215a
[2026-06-04 10:03:12.778] [info] QPOP: Connection aborted for 70166080-8390-4145-b711-ccab14fe3ac1
[2026-06-04 10:03:12.778] [info] QPOP: Connection aborted for 82fd2dda-55d3-4c30-96e4-8123aff7f720
[2026-06-04 10:03:12.780] [info] QPOP: Connection aborted for 87ddfeec-6aa8-4f33-aee8-8e4ccde52b96
[2026-06-04 10:03:12.780] [info] QPOP: Connection aborted for 6af1b908-c34f-45d6-b97b-03c5abbd607b
[2026-06-04 10:03:12.781] [info] QPOP: Connection aborted for c36c9c7a-ad97-4ed4-87c6-049ebbc43a58
[2026-06-04 10:03:12.782] [info] QPOP: Connection aborted for 3c6dcd67-a851-4480-a613-d06ce7b708f7
[2026-06-04 10:03:12.782] [info] QPOP: Connection aborted for 0eaa6328-eb17-44ed-8bcf-fb9b074fc39a
[2026-06-04 10:03:12.782] [info] QPOP: Connection aborted for 44178974-6d38-4f09-980f-f0aa4bc5c827
[2026-06-04 10:03:12.782] [info] QPOP: Connection aborted for 2d36a7e0-e85e-4454-8e51-cdd90dc6a227
[2026-06-04 10:03:12.792] [info] QPOP: Connection aborted for a71ce0de-7586-4b56-97c8-b5413c5d4f72
[2026-06-04 10:03:12.793] [info] QPOP: Connection aborted for 1a764e64-cde9-4603-a23d-d715ffe0bef7
[2026-06-04 10:03:12.793] [info] QPOP: Connection aborted for 898ab612-4c74-46b8-b07f-a045afb9bfda
[2026-06-04 10:03:12.793] [info] QPOP: Connection aborted for b63ae96b-5456-4d5c-9432-4b439e8fafd3
[2026-06-04 10:03:12.801] [info] [Worker 5] [libqueen] push(q=0 f=1/24 p99rtt=26ms) pop(q=0 f=1/16 p99rtt=11ms) custom(q=0 f=0/1 p99rtt=1ms) slots=23/25 jobs/s=627 drains=74245 evl=0ms
[2026-06-04 10:03:12.823] [info] [Worker 8] [libqueen] push(q=0 f=1/24 p99rtt=24ms) pop(q=0 f=1/16 p99rtt=10ms) custom(q=0 f=0/1 p99rtt=1ms) slots=23/25 jobs/s=629 drains=74172 evl=0ms
[2026-06-04 10:03:12.831] [info] [Worker 2] [libqueen] push(q=5 f=0/24 p99rtt=26ms) pop(q=0 f=1/16 p99rtt=10ms) custom(q=0 f=0/1 p99rtt=1ms) slots=24/25 jobs/s=638 drains=74696 evl=0ms
[2026-06-04 10:03:12.832] [info] [Worker 7] [libqueen] push(q=5 f=0/24 p99rtt=24ms) pop(q=0 f=1/16 p99rtt=12ms) custom(q=0 f=0/1 p99rtt=1ms) slots=24/25 jobs/s=626 drains=74079 evl=0ms
[2026-06-04 10:03:12.834] [info] [Worker 9] [libqueen] push(q=5 f=0/24 p99rtt=23ms) pop(q=5 f=0/16 p99rtt=13ms) custom(q=0 f=0/1 p99rtt=1ms) slots=25/25 jobs/s=644 drains=74266 evl=0ms
[2026-06-04 10:03:12.837] [info] [Worker 6] [libqueen] push(q=0 f=1/24 p99rtt=25ms) pop(q=0 f=1/16 p99rtt=8ms) custom(q=0 f=0/1 p99rtt=1ms) slots=23/25 jobs/s=634 drains=74383 evl=0ms
[2026-06-04 10:03:12.838] [info] [Worker 1] [libqueen] push(q=0 f=0/24 p99rtt=23ms) pop(q=5 f=0/16 p99rtt=12ms) custom(q=0 f=1/1 p99rtt=1ms) slots=24/25 jobs/s=629 drains=74398 evl=0ms
[2026-06-04 10:03:13.735] [info] [Worker 4] [libqueen] push(q=0 f=1/24 p99rtt=24ms) pop(q=2 f=0/16 p99rtt=18ms) custom(q=0 f=0/1 p99rtt=1ms) slots=24/25 jobs/s=762 drains=74714 evl=0ms
[2026-06-04 10:03:13.761] [info] [Worker 3] [libqueen] push(q=5 f=0/24 p99rtt=26ms) pop(q=0 f=1/16 p99rtt=16ms) custom(q=0 f=0/1 p99rtt=1ms) slots=24/25 jobs/s=778 drains=75053 evl=0ms
[2026-06-04 10:03:13.762] [info] [Worker 0] [libqueen] push(q=5 f=0/24 p99rtt=26ms) pop(q=0 f=1/16 p99rtt=17ms) custom(q=0 f=0/1 p99rtt=2ms) slots=24/25 jobs/s=757 drains=75218 evl=0ms
[2026-06-04 10:03:13.801] [info] [Worker 5] [libqueen] push(q=0 f=1/24 p99rtt=26ms) pop(q=1 f=0/16 p99rtt=18ms) custom(q=0 f=0/1 p99rtt=1ms) slots=24/25 jobs/s=760 drains=75175 evl=0ms
[2026-06-04 10:03:13.822] [info] [Worker 8] [libqueen] push(q=0 f=1/24 p99rtt=25ms) pop(q=0 f=1/16 p99rtt=15ms) custom(q=0 f=0/1 p99rtt=2ms) slots=23/25 jobs/s=772 drains=75123 evl=0ms
[2026-06-04 10:03:13.831] [info] [Worker 2] [libqueen] push(q=0 f=1/24 p99rtt=26ms) pop(q=0 f=1/16 p99rtt=22ms) custom(q=0 f=0/1 p99rtt=1ms) slots=23/25 jobs/s=758 drains=75579 evl=0ms
[2026-06-04 10:03:13.831] [info] [Worker 7] [libqueen] push(q=5 f=0/24 p99rtt=25ms) pop(q=5 f=0/16 p99rtt=17ms) custom(q=0 f=0/1 p99rtt=1ms) slots=25/25 jobs/s=767 drains=74976 evl=0ms
[2026-06-04 10:03:13.834] [info] [Worker 9] [libqueen] push(q=5 f=0/24 p99rtt=23ms) pop(q=5 f=0/16 p99rtt=16ms) custom(q=0 f=0/1 p99rtt=1ms) slots=25/25 jobs/s=785 drains=75203 evl=0ms
[2026-06-04 10:03:13.837] [info] [Worker 6] [libqueen] push(q=5 f=0/24 p99rtt=26ms) pop(q=2 f=0/16 p99rtt=17ms) custom(q=0 f=0/1 p99rtt=1ms) slots=25/25 jobs/s=781 drains=75295 evl=0ms
[2026-06-04 10:03:13.837] [info] [Worker 1] [libqueen] push(q=0 f=0/24 p99rtt=25ms) pop(q=0 f=1/16 p99rtt=17ms) custom(q=0 f=1/1 p99rtt=2ms) slots=23/25 jobs/s=755 drains=75297 evl=0ms
[2026-06-04 10:03:14.735] [info] [Worker 4] [libqueen] push(q=5 f=0/24 p99rtt=25ms) pop(q=5 f=0/16 p99rtt=19ms) custom(q=0 f=0/1 p99rtt=1ms) slots=25/25 jobs/s=768 drains=75649 evl=0ms
[2026-06-04 10:03:14.761] [info] [Worker 3] [libqueen] push(q=0 f=1/24 p99rtt=26ms) pop(q=5 f=0/16 p99rtt=20ms) custom(q=0 f=0/1 p99rtt=2ms) slots=24/25 jobs/s=750 drains=75984 evl=0ms
[2026-06-04 10:03:14.761] [info] [Worker 0] [libqueen] push(q=0 f=1/24 p99rtt=26ms) pop(q=0 f=1/16 p99rtt=19ms) custom(q=0 f=0/1 p99rtt=2ms) slots=23/25 jobs/s=743 drains=76106 evl=1ms
[2026-06-04 10:03:14.801] [info] [Worker 5] [libqueen] push(q=0 f=0/24 p99rtt=27ms) pop(q=0 f=1/16 p99rtt=22ms) custom(q=0 f=1/1 p99rtt=1ms) slots=23/25 jobs/s=746 drains=76079 evl=0ms
[2026-06-04 10:03:14.822] [info] [Worker 8] [libqueen] push(q=0 f=1/24 p99rtt=26ms) pop(q=0 f=1/16 p99rtt=20ms) custom(q=0 f=0/1 p99rtt=2ms) slots=23/25 jobs/s=741 drains=75997 evl=0ms
[2026-06-04 10:03:14.830] [info] [Worker 2] [libqueen] push(q=5 f=0/24 p99rtt=27ms) pop(q=0 f=1/16 p99rtt=24ms) custom(q=0 f=0/1 p99rtt=2ms) slots=24/25 jobs/s=769 drains=76521 evl=0ms
[2026-06-04 10:03:14.832] [info] [Worker 7] [libqueen] push(q=5 f=0/24 p99rtt=26ms) pop(q=5 f=0/16 p99rtt=21ms) custom(q=0 f=0/1 p99rtt=1ms) slots=25/25 jobs/s=761 drains=75882 evl=0ms
[2026-06-04 10:03:14.834] [info] [Worker 9] [libqueen] push(q=0 f=1/24 p99rtt=23ms) pop(q=0 f=1/16 p99rtt=17ms) custom(q=0 f=0/1 p99rtt=2ms) slots=23/25 jobs/s=746 drains=76101 evl=0ms
[2026-06-04 10:03:14.836] [info] [Worker 6] [libqueen] push(q=0 f=1/24 p99rtt=26ms) pop(q=0 f=1/16 p99rtt=21ms) custom(q=0 f=0/1 p99rtt=1ms) slots=23/25 jobs/s=741 drains=76181 evl=0ms
[2026-06-04 10:03:14.838] [info] [Worker 1] [libqueen] push(q=0 f=1/24 p99rtt=25ms) pop(q=0 f=1/16 p99rtt=20ms) custom(q=0 f=0/1 p99rtt=2ms) slots=23/25 jobs/s=747 drains=76187 evl=0ms
[2026-06-04 10:03:15.735] [info] [Worker 4] [libqueen] push(q=5 f=0/24 p99rtt=22ms) pop(q=0 f=1/16 p99rtt=19ms) custom(q=0 f=0/1 p99rtt=2ms) slots=24/25 jobs/s=707 drains=76477 evl=0ms
[2026-06-04 10:03:15.762] [info] [Worker 0] [libqueen] push(q=5 f=0/24 p99rtt=25ms) pop(q=0 f=1/16 p99rtt=27ms) custom(q=0 f=0/1 p99rtt=2ms) slots=24/25 jobs/s=679 drains=76919 evl=0ms
[2026-06-04 10:03:15.762] [info] [Worker 3] [libqueen] push(q=0 f=0/24 p99rtt=25ms) pop(q=0 f=0/16 p99rtt=23ms) custom(q=0 f=1/1 p99rtt=2ms) slots=24/25 jobs/s=710 drains=76832 evl=0ms
[2026-06-04 10:03:15.801] [info] [Worker 5] [libqueen] push(q=0 f=1/24 p99rtt=26ms) pop(q=0 f=1/16 p99rtt=23ms) custom(q=0 f=0/1 p99rtt=2ms) slots=23/25 jobs/s=702 drains=76892 evl=0ms
[2026-06-04 10:03:15.822] [info] [Worker 8] [libqueen] push(q=5 f=0/24 p99rtt=24ms) pop(q=5 f=0/16 p99rtt=25ms) custom(q=0 f=0/1 p99rtt=2ms) slots=25/25 jobs/s=677 drains=76803 evl=0ms
[2026-06-04 10:03:15.831] [info] [Worker 2] [libqueen] push(q=0 f=1/24 p99rtt=25ms) pop(q=0 f=1/16 p99rtt=26ms) custom(q=0 f=0/1 p99rtt=2ms) slots=23/25 jobs/s=698 drains=77404 evl=0ms
[2026-06-04 10:03:15.832] [info] [Worker 7] [libqueen] push(q=1 f=0/24 p99rtt=24ms) pop(q=0 f=1/16 p99rtt=29ms) custom(q=0 f=0/1 p99rtt=2ms) slots=24/25 jobs/s=669 drains=76714 evl=0ms
[2026-06-04 10:03:15.834] [info] [Worker 9] [libqueen] push(q=0 f=0/24 p99rtt=23ms) pop(q=0 f=1/16 p99rtt=20ms) custom(q=0 f=0/1 p99rtt=2ms) slots=24/25 jobs/s=691 drains=76942 evl=0ms
[2026-06-04 10:03:15.837] [info] [Worker 6] [libqueen] push(q=5 f=0/24 p99rtt=26ms) pop(q=0 f=1/16 p99rtt=22ms) custom(q=0 f=0/1 p99rtt=2ms) slots=24/25 jobs/s=685 drains=76926 evl=0ms
[2026-06-04 10:03:15.839] [info] [Worker 1] [libqueen] push(q=5 f=0/24 p99rtt=25ms) pop(q=0 f=1/16 p99rtt=23ms) custom(q=0 f=0/1 p99rtt=2ms) slots=24/25 jobs/s=674 drains=77003 evl=0ms
[2026-06-04 10:03:16.735] [info] [Worker 4] [libqueen] push(q=5 f=0/24 p99rtt=21ms) pop(q=4 f=0/16 p99rtt=24ms) custom(q=0 f=0/1 p99rtt=2ms) slots=25/25 jobs/s=726 drains=77369 evl=0ms
[2026-06-04 10:03:16.762] [info] [Worker 3] [libqueen] push(q=3 f=0/24 p99rtt=25ms) pop(q=0 f=1/16 p99rtt=25ms) custom(q=0 f=1/1 p99rtt=2ms) slots=23/25 jobs/s=740 drains=77698 evl=0ms
[2026-06-04 10:03:16.762] [info] [Worker 0] [libqueen] push(q=0 f=0/24 p99rtt=25ms) pop(q=0 f=1/16 p99rtt=27ms) custom(q=0 f=0/1 p99rtt=2ms) slots=24/25 jobs/s=732 drains=77755 evl=0ms
[2026-06-04 10:03:16.801] [info] [Worker 5] [libqueen] push(q=5 f=0/24 p99rtt=26ms) pop(q=4 f=0/16 p99rtt=23ms) custom(q=0 f=0/1 p99rtt=2ms) slots=25/25 jobs/s=743 drains=77768 evl=0ms
[2026-06-04 10:03:16.823] [info] [Worker 8] [libqueen] push(q=0 f=0/24 p99rtt=24ms) pop(q=0 f=1/16 p99rtt=25ms) custom(q=0 f=1/1 p99rtt=2ms) slots=23/25 jobs/s=735 drains=77689 evl=0ms
[2026-06-04 10:03:16.830] [info] [Worker 2] [libqueen] push(q=0 f=0/24 p99rtt=24ms) pop(q=0 f=1/16 p99rtt=26ms) custom(q=0 f=0/1 p99rtt=2ms) slots=24/25 jobs/s=750 drains=78315 evl=0ms
[2026-06-04 10:03:16.832] [info] [Worker 7] [libqueen] push(q=5 f=0/24 p99rtt=23ms) pop(q=0 f=1/16 p99rtt=29ms) custom(q=0 f=0/1 p99rtt=2ms) slots=24/25 jobs/s=743 drains=77595 evl=0ms
[2026-06-04 10:03:16.834] [info] [Worker 9] [libqueen] push(q=5 f=0/24 p99rtt=22ms) pop(q=0 f=1/16 p99rtt=23ms) custom(q=0 f=0/1 p99rtt=2ms) slots=24/25 jobs/s=752 drains=77893 evl=0ms
[2026-06-04 10:03:16.837] [info] [Worker 6] [libqueen] push(q=5 f=0/24 p99rtt=25ms) pop(q=4 f=0/16 p99rtt=23ms) custom(q=0 f=0/1 p99rtt=2ms) slots=25/25 jobs/s=759 drains=77814 evl=0ms
[2026-06-04 10:03:16.839] [info] [Worker 1] [libqueen] push(q=5 f=0/24 p99rtt=23ms) pop(q=0 f=1/16 p99rtt=23ms) custom(q=0 f=0/1 p99rtt=2ms) slots=24/25 jobs/s=748 drains=77942 evl=0ms
[2026-06-04 10:03:17.735] [info] [Worker 4] [libqueen] push(q=5 f=0/24 p99rtt=21ms) pop(q=0 f=1/16 p99rtt=27ms) custom(q=0 f=0/1 p99rtt=2ms) slots=24/25 jobs/s=724 drains=78237 evl=1ms
[2026-06-04 10:03:17.761] [info] [Worker 3] [libqueen] push(q=0 f=1/24 p99rtt=25ms) pop(q=0 f=1/16 p99rtt=26ms) custom(q=0 f=0/1 p99rtt=2ms) slots=23/25 jobs/s=739 drains=78575 evl=0ms
[2026-06-04 10:03:17.762] [info] [Worker 0] [libqueen] push(q=0 f=1/24 p99rtt=25ms) pop(q=3 f=0/16 p99rtt=30ms) custom(q=0 f=0/1 p99rtt=2ms) slots=24/25 jobs/s=706 drains=78626 evl=0ms
[2026-06-04 10:03:17.801] [info] [Worker 5] [libqueen] push(q=5 f=0/24 p99rtt=26ms) pop(q=5 f=0/16 p99rtt=26ms) custom(q=0 f=0/1 p99rtt=2ms) slots=25/25 jobs/s=738 drains=78688 evl=0ms
[2026-06-04 10:03:17.823] [info] [Worker 8] [libqueen] push(q=5 f=0/24 p99rtt=22ms) pop(q=0 f=1/16 p99rtt=25ms) custom(q=0 f=0/1 p99rtt=2ms) slots=24/25 jobs/s=736 drains=78600 evl=0ms
[2026-06-04 10:03:17.831] [info] [Worker 2] [libqueen] push(q=5 f=0/24 p99rtt=24ms) pop(q=5 f=0/16 p99rtt=30ms) custom(q=0 f=0/1 p99rtt=2ms) slots=25/25 jobs/s=728 drains=79212 evl=0ms
[2026-06-04 10:03:17.832] [info] [Worker 7] [libqueen] push(q=0 f=1/24 p99rtt=24ms) pop(q=0 f=1/16 p99rtt=29ms) custom(q=0 f=0/1 p99rtt=2ms) slots=23/25 jobs/s=741 drains=78518 evl=0ms
[2026-06-04 10:03:17.834] [info] [Worker 9] [libqueen] push(q=0 f=1/24 p99rtt=22ms) pop(q=1 f=1/16 p99rtt=23ms) custom(q=0 f=0/1 p99rtt=2ms) slots=23/25 jobs/s=733 drains=78785 evl=0ms
[2026-06-04 10:03:17.837] [info] [Worker 6] [libqueen] push(q=0 f=1/24 p99rtt=24ms) pop(q=0 f=1/16 p99rtt=23ms) custom(q=0 f=0/1 p99rtt=2ms) slots=23/25 jobs/s=724 drains=78693 evl=0ms
[2026-06-04 10:03:17.839] [info] [Worker 1] [libqueen] push(q=5 f=0/24 p99rtt=25ms) pop(q=5 f=0/16 p99rtt=22ms) custom(q=0 f=0/1 p99rtt=2ms) slots=25/25 jobs/s=748 drains=78842 evl=0ms
[2026-06-04 10:03:18.256] [info] PartitionLookupReconcileService: fixed 1 partition_lookup rows (stats leader, hostname=c932ee286edc)
[2026-06-04 10:03:18.734] [info] [Worker 4] [libqueen] push(q=5 f=0/24 p99rtt=23ms) pop(q=5 f=0/16 p99rtt=29ms) custom(q=0 f=0/1 p99rtt=2ms) slots=25/25 jobs/s=716 drains=79140 evl=0ms
[2026-06-04 10:03:18.762] [info] [Worker 3] [libqueen] push(q=0 f=1/24 p99rtt=26ms) pop(q=0 f=1/16 p99rtt=29ms) custom(q=0 f=0/1 p99rtt=2ms) slots=23/25 jobs/s=727 drains=79444 evl=0ms
[2026-06-04 10:03:18.762] [info] [Worker 0] [libqueen] push(q=5 f=0/24 p99rtt=25ms) pop(q=0 f=1/16 p99rtt=30ms) custom(q=0 f=0/1 p99rtt=2ms) slots=24/25 jobs/s=717 drains=79520 evl=0ms
[2026-06-04 10:03:18.801] [info] [Worker 5] [libqueen] push(q=0 f=1/24 p99rtt=26ms) pop(q=5 f=0/16 p99rtt=27ms) custom(q=0 f=0/1 p99rtt=2ms) slots=24/25 jobs/s=727 drains=79575 evl=0ms
[2026-06-04 10:03:18.823] [info] [Worker 8] [libqueen] push(q=0 f=1/24 p99rtt=22ms) pop(q=0 f=1/16 p99rtt=30ms) custom(q=0 f=0/1 p99rtt=2ms) slots=23/25 jobs/s=734 drains=79487 evl=0ms
[2026-06-04 10:03:18.830] [info] [Worker 2] [libqueen] push(q=5 f=0/24 p99rtt=24ms) pop(q=4 f=0/16 p99rtt=30ms) custom(q=0 f=0/1 p99rtt=2ms) slots=25/25 jobs/s=716 drains=80106 evl=0ms
[2026-06-04 10:03:18.833] [info] [Worker 7] [libqueen] push(q=5 f=0/24 p99rtt=24ms) pop(q=5 f=0/16 p99rtt=29ms) custom(q=0 f=0/1 p99rtt=2ms) slots=25/25 jobs/s=745 drains=79429 evl=0ms
[2026-06-04 10:03:18.834] [info] [Worker 9] [libqueen] push(q=5 f=0/24 p99rtt=23ms) pop(q=5 f=0/16 p99rtt=24ms) custom(q=0 f=0/1 p99rtt=2ms) slots=25/25 jobs/s=721 drains=79713 evl=0ms
[2026-06-04 10:03:18.838] [info] [Worker 6] [libqueen] push(q=0 f=1/24 p99rtt=24ms) pop(q=0 f=1/16 p99rtt=27ms) custom(q=0 f=0/1 p99rtt=2ms) slots=23/25 jobs/s=725 drains=79568 evl=0ms
[2026-06-04 10:03:18.838] [info] [Worker 1] [libqueen] push(q=0 f=0/24 p99rtt=25ms) pop(q=0 f=1/16 p99rtt=24ms) custom(q=0 f=1/1 p99rtt=2ms) slots=23/25 jobs/s=720 drains=79733 evl=0ms
[2026-06-04 10:03:19.735] [info] [Worker 4] [libqueen] push(q=0 f=1/24 p99rtt=23ms) pop(q=0 f=1/16 p99rtt=31ms) custom(q=0 f=0/1 p99rtt=2ms) slots=23/25 jobs/s=727 drains=80033 evl=0ms
[2026-06-04 10:03:19.762] [info] [Worker 0] [libqueen] push(q=0 f=0/24 p99rtt=25ms) pop(q=1 f=1/16 p99rtt=30ms) custom(q=0 f=0/1 p99rtt=2ms) slots=24/25 jobs/s=732 drains=80434 evl=0ms
[2026-06-04 10:03:19.762] [info] [Worker 3] [libqueen] push(q=5 f=0/24 p99rtt=26ms) pop(q=0 f=1/16 p99rtt=29ms) custom(q=0 f=0/1 p99rtt=2ms) slots=24/25 jobs/s=734 drains=80321 evl=0ms
[2026-06-04 10:03:19.801] [info] [Worker 5] [libqueen] push(q=0 f=1/24 p99rtt=26ms) pop(q=0 f=1/16 p99rtt=27ms) custom(q=0 f=0/1 p99rtt=2ms) slots=23/25 jobs/s=719 drains=80478 evl=0ms
[2026-06-04 10:03:19.823] [info] [Worker 8] [libqueen] push(q=0 f=1/24 p99rtt=22ms) pop(q=0 f=1/16 p99rtt=30ms) custom(q=0 f=0/1 p99rtt=2ms) slots=23/25 jobs/s=716 drains=80367 evl=0ms
[2026-06-04 10:03:19.830] [info] [Worker 2] [libqueen] push(q=5 f=0/24 p99rtt=24ms) pop(q=0 f=1/16 p99rtt=30ms) custom(q=0 f=0/1 p99rtt=2ms) slots=24/25 jobs/s=730 drains=80991 evl=0ms
[2026-06-04 10:03:19.834] [info] [Worker 7] [libqueen] push(q=0 f=1/24 p99rtt=24ms) pop(q=0 f=1/16 p99rtt=31ms) custom(q=0 f=0/1 p99rtt=2ms) slots=23/25 jobs/s=730 drains=80327 evl=0ms
[2026-06-04 10:03:19.836] [info] [Worker 9] [libqueen] push(q=0 f=1/24 p99rtt=23ms) pop(q=0 f=1/16 p99rtt=24ms) custom(q=0 f=0/1 p99rtt=2ms) slots=23/25 jobs/s=710 drains=80605 evl=0ms
[2026-06-04 10:03:19.838] [info] [Worker 6] [libqueen] push(q=0 f=0/24 p99rtt=24ms) pop(q=0 f=0/16 p99rtt=27ms) custom(q=0 f=1/1 p99rtt=2ms) slots=24/25 jobs/s=742 drains=80472 evl=0ms
[2026-06-04 10:03:19.838] [info] [Worker 1] [libqueen] push(q=2 f=0/24 p99rtt=25ms) pop(q=0 f=1/16 p99rtt=25ms) custom(q=0 f=1/1 p99rtt=2ms) slots=23/25 jobs/s=742 drains=80608 evl=0ms
[2026-06-04 10:03:20.171] [info] StatsService: cycle completed in 15ms
[2026-06-04 10:03:20.734] [info] [Worker 4] [libqueen] push(q=0 f=0/24 p99rtt=24ms) pop(q=0 f=1/16 p99rtt=32ms) custom(q=0 f=1/1 p99rtt=2ms) slots=23/25 jobs/s=724 drains=80925 evl=1ms
[2026-06-04 10:03:20.762] [info] [Worker 3] [libqueen] push(q=3 f=0/24 p99rtt=25ms) pop(q=0 f=1/16 p99rtt=29ms) custom(q=0 f=0/1 p99rtt=2ms) slots=24/25 jobs/s=702 drains=81180 evl=0ms
[2026-06-04 10:03:20.762] [info] [Worker 0] [libqueen] push(q=0 f=1/24 p99rtt=25ms) pop(q=0 f=1/16 p99rtt=31ms) custom(q=0 f=0/1 p99rtt=2ms) slots=23/25 jobs/s=689 drains=81284 evl=0ms
[2026-06-04 10:03:20.801] [info] [Worker 5] [libqueen] push(q=5 f=0/24 p99rtt=24ms) pop(q=5 f=0/16 p99rtt=29ms) custom(q=0 f=0/1 p99rtt=2ms) slots=25/25 jobs/s=734 drains=81364 evl=0ms
[2026-06-04 10:03:20.822] [info] [Worker 8] [libqueen] push(q=5 f=0/24 p99rtt=22ms) pop(q=1 f=1/16 p99rtt=30ms) custom(q=0 f=0/1 p99rtt=2ms) slots=24/25 jobs/s=725 drains=81237 evl=0ms
[2026-06-04 10:03:20.831] [info] [Worker 2] [libqueen] push(q=0 f=1/24 p99rtt=23ms) pop(q=0 f=1/16 p99rtt=30ms) custom(q=0 f=0/1 p99rtt=2ms) slots=23/25 jobs/s=703 drains=81873 evl=0ms
[2026-06-04 10:03:20.834] [info] [Worker 7] [libqueen] push(q=0 f=1/24 p99rtt=24ms) pop(q=0 f=1/16 p99rtt=31ms) custom(q=0 f=0/1 p99rtt=2ms) slots=23/25 jobs/s=708 drains=81193 evl=0ms
[2026-06-04 10:03:20.836] [info] [Worker 9] [libqueen] push(q=0 f=1/24 p99rtt=23ms) pop(q=0 f=1/16 p99rtt=24ms) custom(q=0 f=1/1 p99rtt=2ms) slots=22/25 jobs/s=735 drains=81504 evl=0ms
[2026-06-04 10:03:20.838] [info] [Worker 6] [libqueen] push(q=0 f=1/24 p99rtt=24ms) pop(q=0 f=1/16 p99rtt=27ms) custom(q=0 f=0/1 p99rtt=2ms) slots=23/25 jobs/s=695 drains=81339 evl=0ms
[2026-06-04 10:03:20.839] [info] [Worker 1] [libqueen] push(q=0 f=1/24 p99rtt=25ms) pop(q=0 f=1/16 p99rtt=27ms) custom(q=0 f=1/1 p99rtt=2ms) slots=22/25 jobs/s=706 drains=81491 evl=0ms
[2026-06-04 10:03:21.735] [info] [Worker 4] [libqueen] push(q=0 f=1/24 p99rtt=25ms) pop(q=0 f=1/16 p99rtt=36ms) custom(q=0 f=0/1 p99rtt=2ms) slots=23/25 jobs/s=585 drains=81633 evl=0ms
[2026-06-04 10:03:21.761] [info] [Worker 3] [libqueen] push(q=0 f=0/24 p99rtt=26ms) pop(q=0 f=1/16 p99rtt=30ms) custom(q=0 f=0/1 p99rtt=2ms) slots=24/25 jobs/s=603 drains=81909 evl=0ms
[2026-06-04 10:03:21.762] [info] [Worker 0] [libqueen] push(q=0 f=1/24 p99rtt=26ms) pop(q=0 f=1/16 p99rtt=36ms) custom(q=0 f=0/1 p99rtt=2ms) slots=23/25 jobs/s=602 drains=82044 evl=0ms
[2026-06-04 10:03:21.802] [info] [Worker 5] [libqueen] push(q=0 f=1/24 p99rtt=26ms) pop(q=0 f=1/16 p99rtt=33ms) custom(q=0 f=0/1 p99rtt=2ms) slots=23/25 jobs/s=594 drains=82101 evl=0ms
[2026-06-04 10:03:21.823] [info] [Worker 8] [libqueen] push(q=0 f=1/24 p99rtt=26ms) pop(q=0 f=1/16 p99rtt=34ms) custom(q=0 f=0/1 p99rtt=2ms) slots=23/25 jobs/s=610 drains=81967 evl=0ms
[2026-06-04 10:03:21.831] [info] [Worker 2] [libqueen] push(q=5 f=0/24 p99rtt=24ms) pop(q=0 f=1/16 p99rtt=37ms) custom(q=0 f=0/1 p99rtt=2ms) slots=24/25 jobs/s=598 drains=82605 evl=0ms
[2026-06-04 10:03:21.834] [info] [Worker 7] [libqueen] push(q=5 f=0/24 p99rtt=24ms) pop(q=3 f=0/16 p99rtt=34ms) custom(q=0 f=0/1 p99rtt=2ms) slots=25/25 jobs/s=614 drains=81938 evl=0ms
[2026-06-04 10:03:21.836] [info] [Worker 9] [libqueen] push(q=0 f=1/24 p99rtt=25ms) pop(q=0 f=1/16 p99rtt=27ms) custom(q=0 f=0/1 p99rtt=3ms) slots=23/25 jobs/s=599 drains=82220 evl=0ms
[2026-06-04 10:03:21.837] [info] [Worker 6] [libqueen] push(q=0 f=0/24 p99rtt=26ms) pop(q=0 f=1/16 p99rtt=32ms) custom(q=0 f=1/1 p99rtt=2ms) slots=23/25 jobs/s=609 drains=82066 evl=0ms
[2026-06-04 10:03:21.840] [info] [Worker 1] [libqueen] push(q=5 f=0/24 p99rtt=26ms) pop(q=0 f=1/16 p99rtt=31ms) custom(q=0 f=0/1 p99rtt=2ms) slots=24/25 jobs/s=616 drains=82245 evl=0ms
[2026-06-04 10:03:22.734] [info] [Worker 4] [libqueen] push(q=0 f=0/24 p99rtt=24ms) pop(q=0 f=1/16 p99rtt=36ms) custom(q=0 f=1/1 p99rtt=2ms) slots=23/25 jobs/s=711 drains=82494 evl=0ms
[2026-06-04 10:03:22.761] [info] [Worker 0] [libqueen] push(q=5 f=0/24 p99rtt=25ms) pop(q=0 f=1/16 p99rtt=34ms) custom(q=0 f=0/1 p99rtt=2ms) slots=24/25 jobs/s=746 drains=82960 evl=0ms
[2026-06-04 10:03:22.762] [info] [Worker 3] [libqueen] push(q=5 f=0/24 p99rtt=26ms) pop(q=0 f=1/16 p99rtt=30ms) custom(q=0 f=0/1 p99rtt=2ms) slots=24/25 jobs/s=721 drains=82815 evl=0ms
[2026-06-04 10:03:22.803] [info] [Worker 5] [libqueen] push(q=0 f=1/24 p99rtt=24ms) pop(q=0 f=1/16 p99rtt=33ms) custom(q=0 f=0/1 p99rtt=2ms) slots=23/25 jobs/s=715 drains=82962 evl=0ms
[2026-06-04 10:03:22.823] [info] [Worker 8] [libqueen] push(q=5 f=0/24 p99rtt=25ms) pop(q=0 f=1/16 p99rtt=34ms) custom(q=0 f=0/1 p99rtt=2ms) slots=24/25 jobs/s=697 drains=82823 evl=0ms
[2026-06-04 10:03:22.830] [info] [Worker 2] [libqueen] push(q=0 f=1/24 p99rtt=24ms) pop(q=1 f=0/16 p99rtt=37ms) custom(q=0 f=0/1 p99rtt=2ms) slots=24/25 jobs/s=705 drains=83452 evl=0ms
[2026-06-04 10:03:22.834] [info] [Worker 7] [libqueen] push(q=5 f=0/24 p99rtt=24ms) pop(q=5 f=0/16 p99rtt=33ms) custom(q=0 f=0/1 p99rtt=2ms) slots=25/25 jobs/s=724 drains=82844 evl=0ms
[2026-06-04 10:03:22.836] [info] [Worker 9] [libqueen] push(q=0 f=1/24 p99rtt=23ms) pop(q=0 f=1/16 p99rtt=28ms) custom(q=0 f=0/1 p99rtt=3ms) slots=23/25 jobs/s=710 drains=83106 evl=0ms
[2026-06-04 10:03:22.838] [info] [Worker 6] [libqueen] push(q=0 f=1/24 p99rtt=25ms) pop(q=0 f=1/16 p99rtt=32ms) custom(q=0 f=0/1 p99rtt=2ms) slots=23/25 jobs/s=704 drains=82931 evl=0ms
[2026-06-04 10:03:22.840] [info] [Worker 1] [libqueen] push(q=0 f=1/24 p99rtt=25ms) pop(q=0 f=1/16 p99rtt=30ms) custom(q=0 f=0/1 p99rtt=2ms) slots=23/25 jobs/s=722 drains=83156 evl=0ms
[2026-06-04 10:03:23.735] [info] [Worker 4] [libqueen] push(q=5 f=0/24 p99rtt=24ms) pop(q=0 f=1/16 p99rtt=36ms) custom(q=0 f=0/1 p99rtt=2ms) slots=24/25 jobs/s=720 drains=83375 evl=0ms
[2026-06-04 10:03:23.761] [info] [Worker 3] [libqueen] push(q=0 f=1/24 p99rtt=24ms) pop(q=0 f=1/16 p99rtt=31ms) custom(q=0 f=0/1 p99rtt=2ms) slots=23/25 jobs/s=716 drains=83690 evl=0ms
[2026-06-04 10:03:23.762] [info] [Worker 0] [libqueen] push(q=0 f=1/24 p99rtt=25ms) pop(q=0 f=1/16 p99rtt=34ms) custom(q=0 f=0/1 p99rtt=2ms) slots=23/25 jobs/s=699 drains=83826 evl=0ms
[2026-06-04 10:03:23.803] [info] [Worker 5] [libqueen] push(q=5 f=0/24 p99rtt=24ms) pop(q=4 f=0/16 p99rtt=33ms) custom(q=0 f=0/1 p99rtt=2ms) slots=25/25 jobs/s=735 drains=83864 evl=0ms
[2026-06-04 10:03:23.823] [info] [Worker 8] [libqueen] push(q=5 f=0/24 p99rtt=21ms) pop(q=0 f=1/16 p99rtt=34ms) custom(q=0 f=0/1 p99rtt=2ms) slots=24/25 jobs/s=731 drains=83709 evl=0ms
[2026-06-04 10:03:23.830] [info] [Worker 2] [libqueen] push(q=0 f=1/24 p99rtt=23ms) pop(q=0 f=1/16 p99rtt=37ms) custom(q=0 f=0/1 p99rtt=2ms) slots=23/25 jobs/s=732 drains=84345 evl=0ms
[2026-06-04 10:03:23.834] [info] [Worker 7] [libqueen] push(q=0 f=1/24 p99rtt=24ms) pop(q=0 f=1/16 p99rtt=33ms) custom(q=0 f=0/1 p99rtt=2ms) slots=23/25 jobs/s=729 drains=83759 evl=0ms
[2026-06-04 10:03:23.836] [info] [Worker 9] [libqueen] push(q=0 f=1/24 p99rtt=23ms) pop(q=0 f=1/16 p99rtt=29ms) custom(q=0 f=0/1 p99rtt=3ms) slots=23/25 jobs/s=721 drains=83994 evl=0ms
[2026-06-04 10:03:23.839] [info] [Worker 6] [libqueen] push(q=0 f=1/24 p99rtt=25ms) pop(q=0 f=1/16 p99rtt=32ms) custom(q=0 f=0/1 p99rtt=2ms) slots=23/25 jobs/s=728 drains=83841 evl=0ms
[2026-06-04 10:03:23.840] [info] [Worker 1] [libqueen] push(q=0 f=1/24 p99rtt=25ms) pop(q=0 f=1/16 p99rtt=30ms) custom(q=0 f=0/1 p99rtt=2ms) slots=23/25 jobs/s=741 drains=84079 evl=0ms
[2026-06-04 10:03:24.267] [info] PartitionLookupReconcileService: fixed 2 partition_lookup rows (stats leader, hostname=c932ee286edc)
[2026-06-04 10:03:24.735] [info] [Worker 4] [libqueen] push(q=5 f=0/24 p99rtt=23ms) pop(q=0 f=1/16 p99rtt=36ms) custom(q=0 f=0/1 p99rtt=2ms) slots=24/25 jobs/s=710 drains=84241 evl=0ms
[2026-06-04 10:03:24.762] [info] [Worker 0] [libqueen] push(q=0 f=1/24 p99rtt=26ms) pop(q=0 f=1/16 p99rtt=34ms) custom(q=0 f=0/1 p99rtt=2ms) slots=23/25 jobs/s=695 drains=84685 evl=0ms
[2026-06-04 10:03:24.762] [info] [Worker 3] [libqueen] push(q=0 f=1/24 p99rtt=26ms) pop(q=0 f=1/16 p99rtt=32ms) custom(q=0 f=0/1 p99rtt=2ms) slots=23/25 jobs/s=700 drains=84519 evl=0ms
[2026-06-04 10:03:24.802] [info] [Worker 5] [libqueen] push(q=5 f=0/24 p99rtt=24ms) pop(q=5 f=0/16 p99rtt=35ms) custom(q=0 f=0/1 p99rtt=2ms) slots=25/25 jobs/s=686 drains=84695 evl=0ms
[2026-06-04 10:03:24.822] [info] [Worker 8] [libqueen] push(q=5 f=0/24 p99rtt=25ms) pop(q=0 f=1/16 p99rtt=36ms) custom(q=0 f=0/1 p99rtt=2ms) slots=24/25 jobs/s=708 drains=84572 evl=0ms
[2026-06-04 10:03:24.831] [info] [Worker 2] [libqueen] push(q=5 f=0/24 p99rtt=25ms) pop(q=4 f=0/16 p99rtt=41ms) custom(q=0 f=0/1 p99rtt=2ms) slots=25/25 jobs/s=706 drains=85215 evl=1ms
[2026-06-04 10:03:24.834] [info] [Worker 7] [libqueen] push(q=5 f=0/24 p99rtt=24ms) pop(q=3 f=0/16 p99rtt=34ms) custom(q=0 f=0/1 p99rtt=2ms) slots=25/25 jobs/s=737 drains=84651 evl=0ms
[2026-06-04 10:03:24.836] [info] [Worker 9] [libqueen] push(q=5 f=0/24 p99rtt=25ms) pop(q=0 f=1/16 p99rtt=30ms) custom(q=0 f=0/1 p99rtt=3ms) slots=24/25 jobs/s=704 drains=84829 evl=0ms
[2026-06-04 10:03:24.838] [info] [Worker 6] [libqueen] push(q=0 f=1/24 p99rtt=25ms) pop(q=0 f=1/16 p99rtt=32ms) custom(q=0 f=0/1 p99rtt=2ms) slots=23/25 jobs/s=725 drains=84728 evl=0ms
[2026-06-04 10:03:24.839] [info] [Worker 1] [libqueen] push(q=0 f=0/24 p99rtt=25ms) pop(q=1 f=1/16 p99rtt=35ms) custom(q=0 f=0/1 p99rtt=3ms) slots=24/25 jobs/s=708 drains=84934 evl=0ms
[2026-06-04 10:03:25.736] [info] [Worker 4] [libqueen] push(q=0 f=1/24 p99rtt=22ms) pop(q=0 f=0/16 p99rtt=35ms) custom(q=0 f=0/1 p99rtt=2ms) slots=24/25 jobs/s=653 drains=85001 evl=0ms
[2026-06-04 10:03:25.762] [info] [Worker 0] [libqueen] push(q=5 f=0/24 p99rtt=25ms) pop(q=0 f=1/16 p99rtt=34ms) custom(q=0 f=0/1 p99rtt=2ms) slots=24/25 jobs/s=689 drains=85505 evl=0ms
[2026-06-04 10:03:25.763] [info] [Worker 3] [libqueen] push(q=0 f=1/24 p99rtt=26ms) pop(q=0 f=1/16 p99rtt=32ms) custom(q=0 f=0/1 p99rtt=3ms) slots=23/25 jobs/s=683 drains=85380 evl=0ms
[2026-06-04 10:03:25.802] [info] [Worker 5] [libqueen] push(q=0 f=0/24 p99rtt=24ms) pop(q=0 f=1/16 p99rtt=37ms) custom(q=0 f=0/1 p99rtt=2ms) slots=24/25 jobs/s=674 drains=85511 evl=0ms
[2026-06-04 10:03:25.822] [info] [Worker 8] [libqueen] push(q=0 f=1/24 p99rtt=21ms) pop(q=0 f=1/16 p99rtt=34ms) custom(q=0 f=0/1 p99rtt=3ms) slots=23/25 jobs/s=691 drains=85432 evl=0ms
[2026-06-04 10:03:25.831] [info] [Worker 2] [libqueen] push(q=5 f=0/24 p99rtt=25ms) pop(q=0 f=1/16 p99rtt=37ms) custom(q=0 f=0/1 p99rtt=3ms) slots=24/25 jobs/s=690 drains=86064 evl=0ms
[2026-06-04 10:03:25.833] [info] [Worker 7] [libqueen] push(q=5 f=0/24 p99rtt=24ms) pop(q=0 f=1/16 p99rtt=34ms) custom(q=0 f=0/1 p99rtt=2ms) slots=24/25 jobs/s=678 drains=85486 evl=0ms
[2026-06-04 10:03:25.836] [info] [Worker 9] [libqueen] push(q=0 f=1/24 p99rtt=25ms) pop(q=0 f=1/16 p99rtt=30ms) custom(q=0 f=0/1 p99rtt=3ms) slots=23/25 jobs/s=669 drains=85643 evl=0ms
[2026-06-04 10:03:25.839] [info] [Worker 1] [libqueen] push(q=5 f=0/24 p99rtt=25ms) pop(q=0 f=1/16 p99rtt=35ms) custom(q=0 f=0/1 p99rtt=3ms) slots=24/25 jobs/s=653 drains=85756 evl=0ms
[2026-06-04 10:03:25.839] [info] [Worker 6] [libqueen] push(q=0 f=0/24 p99rtt=25ms) pop(q=0 f=0/16 p99rtt=32ms) custom(q=0 f=1/1 p99rtt=3ms) slots=24/25 jobs/s=683 drains=85540 evl=0ms
[2026-06-04 10:03:26.736] [info] [Worker 4] [libqueen] push(q=0 f=0/24 p99rtt=22ms) pop(q=0 f=1/16 p99rtt=35ms) custom(q=0 f=0/1 p99rtt=2ms) slots=24/25 jobs/s=715 drains=85921 evl=0ms
[2026-06-04 10:03:26.762] [info] [Worker 0] [libqueen] push(q=5 f=0/24 p99rtt=23ms) pop(q=3 f=0/16 p99rtt=34ms) custom(q=0 f=0/1 p99rtt=2ms) slots=25/25 jobs/s=722 drains=86411 evl=0ms
[2026-06-04 10:03:26.763] [info] [Worker 3] [libqueen] push(q=5 f=0/24 p99rtt=26ms) pop(q=2 f=1/16 p99rtt=33ms) custom(q=0 f=0/1 p99rtt=2ms) slots=24/25 jobs/s=693 drains=86277 evl=0ms
[2026-06-04 10:03:26.803] [info] [Worker 5] [libqueen] push(q=0 f=0/24 p99rtt=23ms) pop(q=0 f=1/16 p99rtt=37ms) custom(q=0 f=0/1 p99rtt=2ms) slots=24/25 jobs/s=724 drains=86415 evl=0ms
[2026-06-04 10:03:26.823] [info] [Worker 8] [libqueen] push(q=5 f=0/24 p99rtt=21ms) pop(q=5 f=0/16 p99rtt=34ms) custom(q=0 f=0/1 p99rtt=3ms) slots=25/25 jobs/s=701 drains=86298 evl=0ms
[2026-06-04 10:03:26.830] [info] [Worker 2] [libqueen] push(q=5 f=0/24 p99rtt=24ms) pop(q=0 f=1/16 p99rtt=37ms) custom(q=0 f=0/1 p99rtt=2ms) slots=24/25 jobs/s=713 drains=86910 evl=0ms
[2026-06-04 10:03:26.834] [info] [Worker 7] [libqueen] push(q=0 f=1/24 p99rtt=24ms) pop(q=0 f=0/16 p99rtt=34ms) custom(q=0 f=0/1 p99rtt=2ms) slots=24/25 jobs/s=716 drains=86374 evl=0ms
[2026-06-04 10:03:26.836] [info] [Worker 9] [libqueen] push(q=0 f=1/24 p99rtt=23ms) pop(q=4 f=0/16 p99rtt=30ms) custom(q=0 f=0/1 p99rtt=2ms) slots=24/25 jobs/s=712 drains=86506 evl=0ms
[2026-06-04 10:03:26.839] [info] [Worker 6] [libqueen] push(q=5 f=0/24 p99rtt=25ms) pop(q=3 f=0/16 p99rtt=32ms) custom(q=0 f=0/1 p99rtt=3ms) slots=25/25 jobs/s=702 drains=86426 evl=0ms
[2026-06-04 10:03:26.840] [info] [Worker 1] [libqueen] push(q=5 f=0/24 p99rtt=24ms) pop(q=3 f=0/16 p99rtt=35ms) custom(q=0 f=0/1 p99rtt=3ms) slots=25/25 jobs/s=716 drains=86643 evl=0ms
[2026-06-04 10:03:27.736] [info] [Worker 4] [libqueen] push(q=0 f=0/24 p99rtt=22ms) pop(q=0 f=1/16 p99rtt=35ms) custom(q=0 f=1/1 p99rtt=2ms) slots=23/25 jobs/s=688 drains=86776 evl=0ms
[2026-06-04 10:03:27.762] [info] [Worker 0] [libqueen] push(q=5 f=0/24 p99rtt=24ms) pop(q=4 f=0/16 p99rtt=34ms) custom(q=0 f=0/1 p99rtt=2ms) slots=25/25 jobs/s=686 drains=87266 evl=0ms
[2026-06-04 10:03:27.763] [info] [Worker 3] [libqueen] push(q=5 f=0/24 p99rtt=25ms) pop(q=0 f=1/16 p99rtt=33ms) custom(q=0 f=0/1 p99rtt=2ms) slots=24/25 jobs/s=685 drains=87110 evl=0ms
[2026-06-04 10:03:27.803] [info] [Worker 5] [libqueen] push(q=5 f=0/24 p99rtt=23ms) pop(q=4 f=0/16 p99rtt=37ms) custom(q=0 f=0/1 p99rtt=2ms) slots=25/25 jobs/s=687 drains=87293 evl=0ms
[2026-06-04 10:03:27.823] [info] [Worker 8] [libqueen] push(q=0 f=1/24 p99rtt=21ms) pop(q=0 f=1/16 p99rtt=32ms) custom(q=0 f=0/1 p99rtt=2ms) slots=23/25 jobs/s=679 drains=87156 evl=0ms
[2026-06-04 10:03:27.830] [info] [Worker 2] [libqueen] push(q=5 f=0/24 p99rtt=23ms) pop(q=0 f=1/16 p99rtt=37ms) custom(q=0 f=0/1 p99rtt=2ms) slots=24/25 jobs/s=682 drains=87781 evl=0ms
[2026-06-04 10:03:27.834] [info] [Worker 7] [libqueen] push(q=5 f=0/24 p99rtt=24ms) pop(q=0 f=1/16 p99rtt=34ms) custom(q=0 f=0/1 p99rtt=2ms) slots=24/25 jobs/s=691 drains=87234 evl=0ms
[2026-06-04 10:03:27.836] [info] [Worker 9] [libqueen] push(q=0 f=1/24 p99rtt=23ms) pop(q=3 f=0/16 p99rtt=30ms) custom(q=0 f=0/1 p99rtt=2ms) slots=24/25 jobs/s=698 drains=87316 evl=0ms
[2026-06-04 10:03:27.840] [info] [Worker 6] [libqueen] push(q=5 f=0/24 p99rtt=24ms) pop(q=3 f=0/16 p99rtt=32ms) custom(q=0 f=0/1 p99rtt=2ms) slots=25/25 jobs/s=697 drains=87289 evl=0ms
[2026-06-04 10:03:27.840] [info] [Worker 1] [libqueen] push(q=5 f=0/24 p99rtt=24ms) pop(q=0 f=1/16 p99rtt=35ms) custom(q=0 f=0/1 p99rtt=2ms) slots=24/25 jobs/s=692 drains=87516 evl=0ms
[2026-06-04 10:03:28.736] [info] [Worker 4] [libqueen] push(q=5 f=0/24 p99rtt=23ms) pop(q=3 f=0/16 p99rtt=34ms) custom(q=0 f=0/1 p99rtt=2ms) slots=25/25 jobs/s=687 drains=87667 evl=0ms
[2026-06-04 10:03:28.762] [info] [Worker 0] [libqueen] push(q=0 f=1/24 p99rtt=24ms) pop(q=0 f=1/16 p99rtt=34ms) custom(q=0 f=0/1 p99rtt=2ms) slots=23/25 jobs/s=712 drains=88149 evl=0ms
[2026-06-04 10:03:28.764] [info] [Worker 3] [libqueen] push(q=0 f=1/24 p99rtt=26ms) pop(q=0 f=0/16 p99rtt=33ms) custom(q=0 f=0/1 p99rtt=2ms) slots=24/25 jobs/s=697 drains=87982 evl=0ms
[2026-06-04 10:03:28.803] [info] [Worker 5] [libqueen] push(q=5 f=0/24 p99rtt=23ms) pop(q=0 f=1/16 p99rtt=37ms) custom(q=0 f=0/1 p99rtt=2ms) slots=24/25 jobs/s=700 drains=88166 evl=0ms
[2026-06-04 10:03:28.822] [info] [Worker 8] [libqueen] push(q=0 f=1/24 p99rtt=24ms) pop(q=0 f=1/16 p99rtt=34ms) custom(q=0 f=0/1 p99rtt=2ms) slots=23/25 jobs/s=689 drains=88030 evl=0ms
[2026-06-04 10:03:28.830] [info] [Worker 2] [libqueen] push(q=5 f=0/24 p99rtt=24ms) pop(q=0 f=1/16 p99rtt=38ms) custom(q=0 f=0/1 p99rtt=2ms) slots=24/25 jobs/s=690 drains=88654 evl=2ms
[2026-06-04 10:03:28.835] [info] [Worker 7] [libqueen] push(q=5 f=0/24 p99rtt=24ms) pop(q=4 f=0/16 p99rtt=34ms) custom(q=0 f=0/1 p99rtt=2ms) slots=25/25 jobs/s=704 drains=88119 evl=0ms
[2026-06-04 10:03:28.837] [info] [Worker 9] [libqueen] push(q=0 f=1/24 p99rtt=24ms) pop(q=0 f=1/16 p99rtt=30ms) custom(q=0 f=0/1 p99rtt=2ms) slots=23/25 jobs/s=714 drains=88200 evl=0ms
[2026-06-04 10:03:28.840] [info] [Worker 1] [libqueen] push(q=5 f=0/24 p99rtt=24ms) pop(q=0 f=1/16 p99rtt=35ms) custom(q=0 f=0/1 p99rtt=2ms) slots=24/25 jobs/s=716 drains=88379 evl=0ms
[2026-06-04 10:03:28.840] [info] [Worker 6] [libqueen] push(q=5 f=0/24 p99rtt=25ms) pop(q=5 f=0/16 p99rtt=32ms) custom(q=0 f=0/1 p99rtt=2ms) slots=25/25 jobs/s=698 drains=88166 evl=0ms
[2026-06-04 10:03:29.736] [info] [Worker 4] [libqueen] push(q=5 f=0/24 p99rtt=22ms) pop(q=0 f=1/16 p99rtt=34ms) custom(q=0 f=0/1 p99rtt=2ms) slots=24/25 jobs/s=711 drains=88566 evl=0ms
[2026-06-04 10:03:29.763] [info] [Worker 0] [libqueen] push(q=0 f=1/24 p99rtt=24ms) pop(q=0 f=1/16 p99rtt=34ms) custom(q=0 f=0/1 p99rtt=2ms) slots=23/25 jobs/s=701 drains=89015 evl=0ms
[2026-06-04 10:03:29.764] [info] [Worker 3] [libqueen] push(q=0 f=1/24 p99rtt=25ms) pop(q=0 f=1/16 p99rtt=33ms) custom(q=0 f=0/1 p99rtt=2ms) slots=23/25 jobs/s=702 drains=88831 evl=0ms
[2026-06-04 10:03:29.803] [info] [Worker 5] [libqueen] push(q=5 f=0/24 p99rtt=23ms) pop(q=2 f=0/16 p99rtt=37ms) custom(q=0 f=0/1 p99rtt=2ms) slots=25/25 jobs/s=697 drains=89014 evl=0ms
[2026-06-04 10:03:29.823] [info] [Worker 8] [libqueen] push(q=0 f=1/24 p99rtt=23ms) pop(q=0 f=1/16 p99rtt=34ms) custom(q=0 f=0/1 p99rtt=2ms) slots=23/25 jobs/s=676 drains=88862 evl=0ms
[2026-06-04 10:03:29.831] [info] [Worker 2] [libqueen] push(q=5 f=0/24 p99rtt=24ms) pop(q=4 f=0/16 p99rtt=38ms) custom(q=0 f=0/1 p99rtt=2ms) slots=25/25 jobs/s=707 drains=89527 evl=0ms
[2026-06-04 10:03:29.834] [info] [Worker 7] [libqueen] push(q=0 f=1/24 p99rtt=24ms) pop(q=0 f=1/16 p99rtt=35ms) custom(q=0 f=0/1 p99rtt=2ms) slots=23/25 jobs/s=693 drains=89002 evl=0ms
[2026-06-04 10:03:29.837] [info] [Worker 9] [libqueen] push(q=0 f=1/24 p99rtt=24ms) pop(q=0 f=1/16 p99rtt=32ms) custom(q=0 f=0/1 p99rtt=2ms) slots=23/25 jobs/s=677 drains=89058 evl=0ms
[2026-06-04 10:03:29.839] [info] [Worker 1] [libqueen] push(q=5 f=0/24 p99rtt=24ms) pop(q=4 f=0/16 p99rtt=35ms) custom(q=0 f=0/1 p99rtt=2ms) slots=25/25 jobs/s=699 drains=89250 evl=0ms
[2026-06-04 10:03:29.839] [info] [Worker 6] [libqueen] push(q=5 f=0/24 p99rtt=25ms) pop(q=0 f=1/16 p99rtt=32ms) custom(q=0 f=0/1 p99rtt=2ms) slots=24/25 jobs/s=712 drains=89039 evl=0ms
[2026-06-04 10:03:30.740] [info] [Worker 4] [libqueen] push(q=0 f=0/24 p99rtt=23ms) pop(q=0 f=1/16 p99rtt=34ms) custom(q=0 f=1/1 p99rtt=2ms) slots=23/25 jobs/s=675 drains=89408 evl=0ms
[2026-06-04 10:03:30.763] [info] [Worker 0] [libqueen] push(q=5 f=0/24 p99rtt=24ms) pop(q=3 f=1/16 p99rtt=35ms) custom(q=0 f=0/1 p99rtt=2ms) slots=24/25 jobs/s=672 drains=89874 evl=0ms
[2026-06-04 10:03:30.764] [info] [Worker 3] [libqueen] push(q=5 f=0/24 p99rtt=25ms) pop(q=0 f=1/16 p99rtt=33ms) custom(q=0 f=0/1 p99rtt=2ms) slots=24/25 jobs/s=695 drains=89669 evl=0ms
[2026-06-04 10:03:30.802] [info] [Worker 5] [libqueen] push(q=0 f=1/24 p99rtt=25ms) pop(q=0 f=1/16 p99rtt=37ms) custom(q=0 f=0/1 p99rtt=2ms) slots=23/25 jobs/s=684 drains=89861 evl=0ms
[2026-06-04 10:03:30.822] [info] [Worker 8] [libqueen] push(q=0 f=1/24 p99rtt=23ms) pop(q=0 f=1/16 p99rtt=32ms) custom(q=0 f=0/1 p99rtt=2ms) slots=23/25 jobs/s=688 drains=89708 evl=0ms
[2026-06-04 10:03:30.831] [info] [Worker 2] [libqueen] push(q=0 f=1/24 p99rtt=25ms) pop(q=0 f=1/16 p99rtt=37ms) custom(q=0 f=0/1 p99rtt=2ms) slots=23/25 jobs/s=689 drains=90390 evl=0ms
[2026-06-04 10:03:30.835] [info] [Worker 7] [libqueen] push(q=5 f=0/24 p99rtt=24ms) pop(q=5 f=0/16 p99rtt=35ms) custom(q=0 f=0/1 p99rtt=2ms) slots=25/25 jobs/s=703 drains=89878 evl=0ms
[2026-06-04 10:03:30.837] [info] [Worker 9] [libqueen] push(q=0 f=1/24 p99rtt=25ms) pop(q=0 f=1/16 p99rtt=30ms) custom(q=0 f=0/1 p99rtt=2ms) slots=23/25 jobs/s=693 drains=89926 evl=0ms
[2026-06-04 10:03:30.839] [info] [Worker 6] [libqueen] push(q=0 f=1/24 p99rtt=25ms) pop(q=0 f=1/16 p99rtt=32ms) custom(q=0 f=0/1 p99rtt=2ms) slots=23/25 jobs/s=706 drains=89902 evl=0ms
[2026-06-04 10:03:30.840] [info] [Worker 1] [libqueen] push(q=0 f=1/24 p99rtt=23ms) pop(q=0 f=1/16 p99rtt=36ms) custom(q=0 f=0/1 p99rtt=2ms) slots=23/25 jobs/s=685 drains=90100 evl=0ms
[2026-06-04 10:03:31.138] [info] StatsService: Running full reconciliation (stats leader, hostname=c932ee286edc)
[2026-06-04 10:03:31.740] [info] [Worker 4] [libqueen] push(q=0 f=1/24 p99rtt=22ms) pop(q=0 f=1/16 p99rtt=35ms) custom(q=0 f=0/1 p99rtt=2ms) slots=23/25 jobs/s=671 drains=90222 evl=0ms
[2026-06-04 10:03:31.763] [info] [Worker 0] [libqueen] push(q=3 f=0/24 p99rtt=25ms) pop(q=0 f=1/16 p99rtt=35ms) custom(q=0 f=0/1 p99rtt=2ms) slots=24/25 jobs/s=701 drains=90763 evl=0ms
[2026-06-04 10:03:31.764] [info] [Worker 3] [libqueen] push(q=0 f=1/24 p99rtt=24ms) pop(q=0 f=1/16 p99rtt=34ms) custom(q=0 f=0/1 p99rtt=2ms) slots=23/25 jobs/s=691 drains=90545 evl=0ms
[2026-06-04 10:03:31.803] [info] [Worker 5] [libqueen] push(q=5 f=0/24 p99rtt=25ms) pop(q=0 f=1/16 p99rtt=37ms) custom(q=0 f=0/1 p99rtt=2ms) slots=24/25 jobs/s=691 drains=90709 evl=0ms
[2026-06-04 10:03:31.823] [info] [Worker 8] [libqueen] push(q=0 f=1/24 p99rtt=23ms) pop(q=0 f=1/16 p99rtt=34ms) custom(q=0 f=0/1 p99rtt=2ms) slots=23/25 jobs/s=629 drains=90519 evl=0ms
[2026-06-04 10:03:31.831] [info] [Worker 2] [libqueen] push(q=0 f=1/24 p99rtt=25ms) pop(q=0 f=1/16 p99rtt=38ms) custom(q=0 f=0/1 p99rtt=2ms) slots=23/25 jobs/s=662 drains=91242 evl=0ms
[2026-06-04 10:03:31.834] [info] [Worker 7] [libqueen] push(q=0 f=1/24 p99rtt=24ms) pop(q=1 f=1/16 p99rtt=35ms) custom(q=0 f=0/1 p99rtt=2ms) slots=23/25 jobs/s=641 drains=90692 evl=0ms
[2026-06-04 10:03:31.837] [info] [Worker 9] [libqueen] push(q=5 f=0/24 p99rtt=25ms) pop(q=0 f=0/16 p99rtt=32ms) custom(q=0 f=1/1 p99rtt=2ms) slots=24/25 jobs/s=649 drains=90739 evl=0ms
[2026-06-04 10:03:31.840] [info] [Worker 6] [libqueen] push(q=5 f=0/24 p99rtt=25ms) pop(q=4 f=0/16 p99rtt=34ms) custom(q=0 f=0/1 p99rtt=2ms) slots=25/25 jobs/s=645 drains=90701 evl=0ms
[2026-06-04 10:03:31.841] [info] [Worker 1] [libqueen] push(q=5 f=0/24 p99rtt=24ms) pop(q=5 f=0/16 p99rtt=38ms) custom(q=0 f=0/1 p99rtt=2ms) slots=25/25 jobs/s=650 drains=90838 evl=1ms
[2026-06-04 10:03:32.484] [info] StatsService: Full reconciliation complete: {"task": {"tasksUpdated": 0}, "queue": {"queuesUpdated": 10}, "system": {"systemUpdated": 1}, "cleanup": {"orphanedDeleted": 0}, "namespace": {"namespacesUpdated": 0}, "partition": {"newPartitions": 10020, "partitionsUpdated": 0, "dirtyPartitionsScanned": 0, "partitionsSkippedByWatermark": 0}}
[2026-06-04 10:03:32.484] [info] StatsService: cycle completed in 1347ms
[2026-06-04 10:03:32.739] [info] [Worker 4] [libqueen] push(q=5 f=0/24 p99rtt=22ms) pop(q=0 f=1/16 p99rtt=36ms) custom(q=0 f=0/1 p99rtt=2ms) slots=24/25 jobs/s=646 drains=91052 evl=0ms
[2026-06-04 10:03:32.762] [info] [Worker 0] [libqueen] push(q=5 f=0/24 p99rtt=24ms) pop(q=5 f=0/16 p99rtt=36ms) custom(q=0 f=0/1 p99rtt=2ms) slots=25/25 jobs/s=639 drains=91500 evl=0ms
[2026-06-04 10:03:32.765] [info] [Worker 3] [libqueen] push(q=0 f=1/24 p99rtt=24ms) pop(q=0 f=1/16 p99rtt=34ms) custom(q=0 f=0/1 p99rtt=2ms) slots=23/25 jobs/s=652 drains=91366 evl=0ms
[2026-06-04 10:03:32.803] [info] [Worker 5] [libqueen] push(q=0 f=1/24 p99rtt=25ms) pop(q=0 f=2/16 p99rtt=37ms) custom(q=0 f=0/1 p99rtt=2ms) slots=22/25 jobs/s=637 drains=91500 evl=0ms
[2026-06-04 10:03:32.822] [info] [Worker 8] [libqueen] push(q=5 f=0/24 p99rtt=24ms) pop(q=3 f=1/16 p99rtt=36ms) custom(q=0 f=0/1 p99rtt=2ms) slots=24/25 jobs/s=639 drains=91306 evl=0ms
[2026-06-04 10:03:32.831] [info] [Worker 2] [libqueen] push(q=0 f=1/24 p99rtt=24ms) pop(q=0 f=1/16 p99rtt=41ms) custom(q=0 f=0/1 p99rtt=2ms) slots=23/25 jobs/s=678 drains=92055 evl=0ms
[2026-06-04 10:03:32.835] [info] [Worker 7] [libqueen] push(q=5 f=0/24 p99rtt=24ms) pop(q=0 f=1/16 p99rtt=36ms) custom(q=0 f=0/1 p99rtt=2ms) slots=24/25 jobs/s=648 drains=91516 evl=0ms
[2026-06-04 10:03:32.837] [info] [Worker 9] [libqueen] push(q=5 f=0/24 p99rtt=25ms) pop(q=0 f=1/16 p99rtt=34ms) custom(q=0 f=0/1 p99rtt=2ms) slots=24/25 jobs/s=632 drains=91541 evl=0ms
[2026-06-04 10:03:32.841] [info] [Worker 1] [libqueen] push(q=0 f=1/24 p99rtt=23ms) pop(q=0 f=1/16 p99rtt=38ms) custom(q=0 f=0/1 p99rtt=2ms) slots=23/25 jobs/s=672 drains=91671 evl=0ms
[2026-06-04 10:03:32.841] [info] [Worker 6] [libqueen] push(q=0 f=1/24 p99rtt=25ms) pop(q=0 f=1/16 p99rtt=37ms) custom(q=0 f=0/1 p99rtt=2ms) slots=23/25 jobs/s=635 drains=91513 evl=0ms
[2026-06-04 10:03:33.740] [info] [Worker 4] [libqueen] push(q=0 f=0/24 p99rtt=22ms) pop(q=4 f=0/16 p99rtt=36ms) custom(q=0 f=0/1 p99rtt=2ms) slots=25/25 jobs/s=696 drains=91955 evl=0ms
[2026-06-04 10:03:33.763] [info] [Worker 0] [libqueen] push(q=0 f=1/24 p99rtt=24ms) pop(q=0 f=1/16 p99rtt=36ms) custom(q=0 f=0/1 p99rtt=2ms) slots=23/25 jobs/s=684 drains=92397 evl=0ms
[2026-06-04 10:03:33.765] [info] [Worker 3] [libqueen] push(q=5 f=0/24 p99rtt=24ms) pop(q=2 f=0/16 p99rtt=34ms) custom(q=0 f=0/1 p99rtt=2ms) slots=25/25 jobs/s=686 drains=92216 evl=0ms
[2026-06-04 10:03:33.803] [info] [Worker 5] [libqueen] push(q=5 f=0/24 p99rtt=25ms) pop(q=3 f=0/16 p99rtt=39ms) custom(q=0 f=0/1 p99rtt=2ms) slots=25/25 jobs/s=674 drains=92354 evl=0ms
[2026-06-04 10:03:33.823] [info] [Worker 8] [libqueen] push(q=0 f=1/24 p99rtt=24ms) pop(q=0 f=1/16 p99rtt=36ms) custom(q=0 f=0/1 p99rtt=2ms) slots=23/25 jobs/s=698 drains=92153 evl=0ms
[2026-06-04 10:03:33.831] [info] [Worker 2] [libqueen] push(q=5 f=0/24 p99rtt=23ms) pop(q=5 f=0/16 p99rtt=41ms) custom(q=0 f=0/1 p99rtt=2ms) slots=25/25 jobs/s=702 drains=92953 evl=0ms
[2026-06-04 10:03:33.835] [info] [Worker 7] [libqueen] push(q=0 f=1/24 p99rtt=24ms) pop(q=0 f=1/16 p99rtt=36ms) custom(q=0 f=0/1 p99rtt=2ms) slots=23/25 jobs/s=685 drains=92394 evl=0ms
[2026-06-04 10:03:33.836] [info] [Worker 9] [libqueen] push(q=2 f=0/24 p99rtt=25ms) pop(q=0 f=1/16 p99rtt=36ms) custom(q=0 f=0/1 p99rtt=2ms) slots=24/25 jobs/s=704 drains=92413 evl=0ms
[2026-06-04 10:03:33.841] [info] [Worker 6] [libqueen] push(q=5 f=0/24 p99rtt=24ms) pop(q=5 f=0/16 p99rtt=37ms) custom(q=0 f=0/1 p99rtt=2ms) slots=25/25 jobs/s=721 drains=92408 evl=0ms
[2026-06-04 10:03:33.841] [info] [Worker 1] [libqueen] push(q=5 f=0/24 p99rtt=23ms) pop(q=0 f=1/16 p99rtt=38ms) custom(q=0 f=0/1 p99rtt=2ms) slots=24/25 jobs/s=704 drains=92563 evl=0ms
[2026-06-04 10:03:34.740] [info] [Worker 4] [libqueen] push(q=0 f=1/24 p99rtt=22ms) pop(q=0 f=2/16 p99rtt=37ms) custom(q=0 f=0/1 p99rtt=2ms) slots=22/25 jobs/s=674 drains=92825 evl=0ms
[2026-06-04 10:03:34.762] [info] [Worker 0] [libqueen] push(q=0 f=0/24 p99rtt=24ms) pop(q=0 f=0/16 p99rtt=36ms) custom(q=0 f=1/1 p99rtt=2ms) slots=24/25 jobs/s=694 drains=93265 evl=0ms
[2026-06-04 10:03:34.765] [info] [Worker 3] [libqueen] push(q=0 f=1/24 p99rtt=24ms) pop(q=0 f=1/16 p99rtt=34ms) custom(q=0 f=0/1 p99rtt=2ms) slots=23/25 jobs/s=678 drains=93089 evl=0ms
[2026-06-04 10:03:34.803] [info] [Worker 5] [libqueen] push(q=5 f=0/24 p99rtt=25ms) pop(q=0 f=1/16 p99rtt=39ms) custom(q=0 f=0/1 p99rtt=2ms) slots=24/25 jobs/s=680 drains=93225 evl=0ms
[2026-06-04 10:03:34.823] [info] [Worker 8] [libqueen] push(q=0 f=1/24 p99rtt=24ms) pop(q=0 f=1/16 p99rtt=36ms) custom(q=0 f=0/1 p99rtt=2ms) slots=23/25 jobs/s=694 drains=93005 evl=0ms
[2026-06-04 10:03:34.831] [info] [Worker 2] [libqueen] push(q=0 f=1/24 p99rtt=22ms) pop(q=0 f=1/16 p99rtt=41ms) custom(q=0 f=0/1 p99rtt=2ms) slots=23/25 jobs/s=682 drains=93834 evl=0ms
[2026-06-04 10:03:34.835] [info] [Worker 7] [libqueen] push(q=0 f=1/24 p99rtt=25ms) pop(q=0 f=1/16 p99rtt=37ms) custom(q=0 f=0/1 p99rtt=2ms) slots=23/25 jobs/s=693 drains=93253 evl=0ms
[2026-06-04 10:03:34.837] [info] [Worker 9] [libqueen] push(q=0 f=1/24 p99rtt=25ms) pop(q=2 f=0/16 p99rtt=36ms) custom(q=0 f=0/1 p99rtt=2ms) slots=24/25 jobs/s=669 drains=93291 evl=0ms
[2026-06-04 10:03:34.841] [info] [Worker 1] [libqueen] push(q=0 f=0/24 p99rtt=23ms) pop(q=0 f=1/16 p99rtt=38ms) custom(q=0 f=1/1 p99rtt=2ms) slots=23/25 jobs/s=694 drains=93468 evl=0ms
[2026-06-04 10:03:34.841] [info] [Worker 6] [libqueen] push(q=5 f=0/24 p99rtt=24ms) pop(q=0 f=1/16 p99rtt=38ms) custom(q=0 f=0/1 p99rtt=2ms) slots=24/25 jobs/s=676 drains=93240 evl=0ms
[2026-06-04 10:03:35.740] [info] [Worker 4] [libqueen] push(q=5 f=0/24 p99rtt=22ms) pop(q=0 f=1/16 p99rtt=37ms) custom(q=0 f=0/1 p99rtt=2ms) slots=24/25 jobs/s=650 drains=93669 evl=0ms
[2026-06-04 10:03:35.762] [info] [Worker 0] [libqueen] push(q=5 f=0/24 p99rtt=24ms) pop(q=0 f=0/16 p99rtt=38ms) custom(q=0 f=0/1 p99rtt=2ms) slots=25/25 jobs/s=661 drains=94117 evl=0ms
[2026-06-04 10:03:35.765] [info] [Worker 3] [libqueen] push(q=5 f=0/24 p99rtt=24ms) pop(q=5 f=0/16 p99rtt=35ms) custom(q=0 f=0/1 p99rtt=2ms) slots=25/25 jobs/s=673 drains=93923 evl=0ms
[2026-06-04 10:03:35.803] [info] [Worker 5] [libqueen] push(q=5 f=0/24 p99rtt=22ms) pop(q=0 f=1/16 p99rtt=39ms) custom(q=0 f=0/1 p99rtt=2ms) slots=24/25 jobs/s=671 drains=94050 evl=0ms
[2026-06-04 10:03:35.823] [info] [Worker 8] [libqueen] push(q=2 f=0/24 p99rtt=24ms) pop(q=0 f=1/16 p99rtt=36ms) custom(q=0 f=1/1 p99rtt=2ms) slots=23/25 jobs/s=647 drains=93821 evl=0ms
[2026-06-04 10:03:35.832] [info] [Worker 2] [libqueen] push(q=5 f=0/24 p99rtt=21ms) pop(q=0 f=1/16 p99rtt=41ms) custom(q=0 f=0/1 p99rtt=2ms) slots=24/25 jobs/s=672 drains=94605 evl=0ms
[2026-06-04 10:03:35.835] [info] [Worker 7] [libqueen] push(q=5 f=0/24 p99rtt=25ms) pop(q=0 f=1/16 p99rtt=37ms) custom(q=0 f=0/1 p99rtt=2ms) slots=24/25 jobs/s=657 drains=94100 evl=0ms
[2026-06-04 10:03:35.837] [info] [Worker 9] [libqueen] push(q=5 f=0/24 p99rtt=24ms) pop(q=0 f=2/16 p99rtt=38ms) custom(q=0 f=0/1 p99rtt=2ms) slots=23/25 jobs/s=656 drains=94125 evl=0ms
[2026-06-04 10:03:35.840] [info] [Worker 6] [libqueen] push(q=5 f=0/24 p99rtt=24ms) pop(q=3 f=0/16 p99rtt=38ms) custom(q=0 f=0/1 p99rtt=2ms) slots=25/25 jobs/s=655 drains=94001 evl=0ms
[2026-06-04 10:03:35.841] [info] [Worker 1] [libqueen] push(q=5 f=0/24 p99rtt=23ms) pop(q=0 f=1/16 p99rtt=39ms) custom(q=0 f=0/1 p99rtt=2ms) slots=24/25 jobs/s=640 drains=94248 evl=0ms
[2026-06-04 10:03:36.270] [info] PartitionLookupReconcileService: fixed 2 partition_lookup rows (stats leader, hostname=c932ee286edc)
[2026-06-04 10:03:36.740] [info] [Worker 4] [libqueen] push(q=0 f=1/24 p99rtt=22ms) pop(q=0 f=1/16 p99rtt=37ms) custom(q=0 f=0/1 p99rtt=2ms) slots=23/25 jobs/s=649 drains=94500 evl=0ms
[2026-06-04 10:03:36.763] [info] [Worker 0] [libqueen] push(q=0 f=1/24 p99rtt=24ms) pop(q=0 f=2/16 p99rtt=39ms) custom(q=0 f=1/1 p99rtt=2ms) slots=21/25 jobs/s=640 drains=94896 evl=0ms
[2026-06-04 10:03:36.765] [info] [Worker 3] [libqueen] push(q=0 f=1/24 p99rtt=24ms) pop(q=0 f=1/16 p99rtt=35ms) custom(q=0 f=1/1 p99rtt=2ms) slots=22/25 jobs/s=625 drains=94710 evl=0ms
[2026-06-04 10:03:36.802] [info] [Worker 5] [libqueen] push(q=0 f=1/24 p99rtt=23ms) pop(q=0 f=1/16 p99rtt=39ms) custom(q=0 f=1/1 p99rtt=2ms) slots=22/25 jobs/s=604 drains=94812 evl=0ms
[2026-06-04 10:03:36.823] [info] [Worker 8] [libqueen] push(q=0 f=1/24 p99rtt=24ms) pop(q=0 f=1/16 p99rtt=40ms) custom(q=0 f=1/1 p99rtt=2ms) slots=22/25 jobs/s=611 drains=94578 evl=0ms
[2026-06-04 10:03:36.832] [info] [Worker 2] [libqueen] push(q=0 f=1/24 p99rtt=22ms) pop(q=0 f=1/16 p99rtt=42ms) custom(q=0 f=1/1 p99rtt=2ms) slots=22/25 jobs/s=596 drains=95335 evl=0ms
[2026-06-04 10:03:36.835] [info] [Worker 7] [libqueen] push(q=0 f=1/24 p99rtt=24ms) pop(q=0 f=1/16 p99rtt=38ms) custom(q=0 f=1/1 p99rtt=2ms) slots=22/25 jobs/s=593 drains=94822 evl=0ms
[2026-06-04 10:03:36.837] [info] [Worker 9] [libqueen] push(q=0 f=1/24 p99rtt=24ms) pop(q=0 f=1/16 p99rtt=39ms) custom(q=0 f=1/1 p99rtt=2ms) slots=22/25 jobs/s=588 drains=94861 evl=0ms
[2026-06-04 10:03:36.840] [info] [Worker 1] [libqueen] push(q=0 f=1/24 p99rtt=24ms) pop(q=0 f=1/16 p99rtt=40ms) custom(q=0 f=1/1 p99rtt=2ms) slots=22/25 jobs/s=586 drains=94964 evl=0ms
[2026-06-04 10:03:36.841] [info] [Worker 6] [libqueen] push(q=0 f=0/24 p99rtt=24ms) pop(q=0 f=2/16 p99rtt=39ms) custom(q=0 f=1/1 p99rtt=2ms) slots=22/25 jobs/s=600 drains=94779 evl=0ms
[2026-06-04 10:03:37.741] [info] [Worker 4] [libqueen] push(q=5 f=0/24 p99rtt=24ms) pop(q=4 f=0/16 p99rtt=41ms) custom(q=0 f=0/1 p99rtt=2ms) slots=25/25 jobs/s=554 drains=95227 evl=0ms
[2026-06-04 10:03:37.763] [info] [Worker 0] [libqueen] push(q=5 f=0/24 p99rtt=25ms) pop(q=0 f=1/16 p99rtt=52ms) custom(q=0 f=0/1 p99rtt=2ms) slots=24/25 jobs/s=568 drains=95608 evl=0ms
[2026-06-04 10:03:37.764] [info] [Worker 3] [libqueen] push(q=2 f=0/24 p99rtt=25ms) pop(q=0 f=1/16 p99rtt=36ms) custom(q=0 f=0/1 p99rtt=2ms) slots=24/25 jobs/s=589 drains=95454 evl=0ms
[2026-06-04 10:03:37.803] [info] [Worker 5] [libqueen] push(q=5 f=0/24 p99rtt=25ms) pop(q=0 f=1/16 p99rtt=40ms) custom(q=0 f=0/1 p99rtt=2ms) slots=24/25 jobs/s=606 drains=95582 evl=0ms
[2026-06-04 10:03:37.822] [info] [Worker 8] [libqueen] push(q=0 f=1/24 p99rtt=25ms) pop(q=0 f=1/16 p99rtt=42ms) custom(q=0 f=0/1 p99rtt=2ms) slots=23/25 jobs/s=608 drains=95334 evl=0ms
[2026-06-04 10:03:37.832] [info] [Worker 2] [libqueen] push(q=0 f=1/24 p99rtt=23ms) pop(q=0 f=0/16 p99rtt=44ms) custom(q=0 f=0/1 p99rtt=2ms) slots=24/25 jobs/s=606 drains=96065 evl=0ms
[2026-06-04 10:03:37.835] [info] [Worker 7] [libqueen] push(q=5 f=0/24 p99rtt=25ms) pop(q=5 f=0/16 p99rtt=40ms) custom(q=0 f=0/1 p99rtt=2ms) slots=25/25 jobs/s=633 drains=95618 evl=0ms
[2026-06-04 10:03:37.836] [info] [Worker 9] [libqueen] push(q=0 f=1/24 p99rtt=25ms) pop(q=0 f=1/16 p99rtt=42ms) custom(q=0 f=0/1 p99rtt=2ms) slots=23/25 jobs/s=603 drains=95608 evl=0ms
[2026-06-04 10:03:37.841] [info] [Worker 6] [libqueen] push(q=5 f=0/24 p99rtt=25ms) pop(q=0 f=1/16 p99rtt=40ms) custom(q=0 f=0/1 p99rtt=2ms) slots=24/25 jobs/s=634 drains=95566 evl=0ms
[2026-06-04 10:03:37.841] [info] [Worker 1] [libqueen] push(q=0 f=1/24 p99rtt=25ms) pop(q=0 f=1/16 p99rtt=41ms) custom(q=0 f=0/1 p99rtt=2ms) slots=23/25 jobs/s=640 drains=95758 evl=0ms
[2026-06-04 10:03:38.741] [info] [Worker 4] [libqueen] push(q=1 f=0/24 p99rtt=24ms) pop(q=0 f=1/16 p99rtt=41ms) custom(q=0 f=1/1 p99rtt=2ms) slots=23/25 jobs/s=675 drains=96084 evl=0ms
[2026-06-04 10:03:38.763] [info] [Worker 0] [libqueen] push(q=5 f=0/24 p99rtt=26ms) pop(q=0 f=1/16 p99rtt=52ms) custom(q=0 f=0/1 p99rtt=2ms) slots=24/25 jobs/s=657 drains=96450 evl=0ms
[2026-06-04 10:03:38.767] [info] [Worker 3] [libqueen] push(q=0 f=1/24 p99rtt=25ms) pop(q=0 f=1/16 p99rtt=37ms) custom(q=0 f=0/1 p99rtt=2ms) slots=23/25 jobs/s=672 drains=96297 evl=0ms
[2026-06-04 10:03:38.803] [info] [Worker 5] [libqueen] push(q=0 f=1/24 p99rtt=25ms) pop(q=0 f=1/16 p99rtt=40ms) custom(q=0 f=0/1 p99rtt=2ms) slots=23/25 jobs/s=659 drains=96412 evl=0ms
[2026-06-04 10:03:38.823] [info] [Worker 8] [libqueen] push(q=0 f=1/24 p99rtt=25ms) pop(q=0 f=1/16 p99rtt=42ms) custom(q=0 f=0/1 p99rtt=2ms) slots=23/25 jobs/s=673 drains=96156 evl=0ms
[2026-06-04 10:03:38.832] [info] [Worker 2] [libqueen] push(q=5 f=0/24 p99rtt=24ms) pop(q=3 f=0/16 p99rtt=44ms) custom(q=0 f=0/1 p99rtt=2ms) slots=25/25 jobs/s=648 drains=96888 evl=0ms
[2026-06-04 10:03:38.834] [info] [Worker 7] [libqueen] push(q=0 f=0/24 p99rtt=26ms) pop(q=0 f=1/16 p99rtt=40ms) custom(q=0 f=1/1 p99rtt=2ms) slots=23/25 jobs/s=680 drains=96456 evl=0ms
[2026-06-04 10:03:38.838] [info] [Worker 9] [libqueen] push(q=5 f=0/24 p99rtt=26ms) pop(q=1 f=1/16 p99rtt=42ms) custom(q=0 f=0/1 p99rtt=2ms) slots=24/25 jobs/s=678 drains=96475 evl=0ms
[2026-06-04 10:03:38.840] [info] [Worker 1] [libqueen] push(q=0 f=1/24 p99rtt=27ms) pop(q=4 f=0/16 p99rtt=43ms) custom(q=0 f=0/1 p99rtt=2ms) slots=24/25 jobs/s=671 drains=96617 evl=0ms
[2026-06-04 10:03:38.841] [info] [Worker 6] [libqueen] push(q=5 f=0/24 p99rtt=25ms) pop(q=3 f=0/16 p99rtt=41ms) custom(q=0 f=0/1 p99rtt=2ms) slots=25/25 jobs/s=684 drains=96430 evl=0ms
[2026-06-04 10:03:39.740] [info] [Worker 4] [libqueen] push(q=0 f=1/24 p99rtt=23ms) pop(q=4 f=0/16 p99rtt=41ms) custom(q=0 f=0/1 p99rtt=2ms) slots=24/25 jobs/s=694 drains=96973 evl=0ms
[2026-06-04 10:03:39.764] [info] [Worker 0] [libqueen] push(q=5 f=0/24 p99rtt=26ms) pop(q=0 f=1/16 p99rtt=52ms) custom(q=0 f=0/1 p99rtt=3ms) slots=24/25 jobs/s=681 drains=97322 evl=0ms
[2026-06-04 10:03:39.768] [info] [Worker 3] [libqueen] push(q=5 f=0/24 p99rtt=25ms) pop(q=4 f=0/16 p99rtt=38ms) custom(q=0 f=0/1 p99rtt=2ms) slots=25/25 jobs/s=685 drains=97161 evl=0ms
[2026-06-04 10:03:39.803] [info] [Worker 5] [libqueen] push(q=5 f=0/24 p99rtt=25ms) pop(q=3 f=0/16 p99rtt=40ms) custom(q=0 f=0/1 p99rtt=2ms) slots=25/25 jobs/s=678 drains=97249 evl=0ms
[2026-06-04 10:03:39.822] [info] [Worker 8] [libqueen] push(q=0 f=1/24 p99rtt=25ms) pop(q=0 f=1/16 p99rtt=42ms) custom(q=0 f=0/1 p99rtt=2ms) slots=23/25 jobs/s=667 drains=96985 evl=0ms
[2026-06-04 10:03:39.832] [info] [Worker 2] [libqueen] push(q=0 f=1/24 p99rtt=24ms) pop(q=0 f=1/16 p99rtt=44ms) custom(q=0 f=0/1 p99rtt=2ms) slots=23/25 jobs/s=681 drains=97732 evl=0ms
[2026-06-04 10:03:39.834] [info] [Worker 7] [libqueen] push(q=0 f=0/24 p99rtt=26ms) pop(q=0 f=1/16 p99rtt=40ms) custom(q=0 f=1/1 p99rtt=2ms) slots=23/25 jobs/s=705 drains=97337 evl=0ms
[2026-06-04 10:03:39.838] [info] [Worker 9] [libqueen] push(q=5 f=0/24 p99rtt=25ms) pop(q=0 f=1/16 p99rtt=42ms) custom(q=0 f=0/1 p99rtt=2ms) slots=24/25 jobs/s=672 drains=97316 evl=0ms
[2026-06-04 10:03:39.841] [info] [Worker 1] [libqueen] push(q=5 f=0/24 p99rtt=26ms) pop(q=0 f=1/16 p99rtt=43ms) custom(q=0 f=0/1 p99rtt=2ms) slots=24/25 jobs/s=681 drains=97481 evl=0ms
[2026-06-04 10:03:39.841] [info] [Worker 6] [libqueen] push(q=5 f=0/24 p99rtt=24ms) pop(q=5 f=0/16 p99rtt=41ms) custom(q=0 f=0/1 p99rtt=2ms) slots=25/25 jobs/s=694 drains=97284 evl=0ms
[2026-06-04 10:03:40.741] [info] [Worker 4] [libqueen] push(q=5 f=0/24 p99rtt=24ms) pop(q=4 f=0/16 p99rtt=41ms) custom(q=0 f=0/1 p99rtt=2ms) slots=25/25 jobs/s=670 drains=97831 evl=0ms
[2026-06-04 10:03:40.764] [info] [Worker 0] [libqueen] push(q=0 f=1/24 p99rtt=26ms) pop(q=0 f=1/16 p99rtt=46ms) custom(q=0 f=0/1 p99rtt=3ms) slots=23/25 jobs/s=664 drains=98182 evl=0ms
[2026-06-04 10:03:40.768] [info] [Worker 3] [libqueen] push(q=5 f=0/24 p99rtt=25ms) pop(q=2 f=0/16 p99rtt=38ms) custom(q=0 f=0/1 p99rtt=3ms) slots=25/25 jobs/s=673 drains=98013 evl=0ms
[2026-06-04 10:03:40.803] [info] [Worker 5] [libqueen] push(q=0 f=1/24 p99rtt=25ms) pop(q=0 f=0/16 p99rtt=40ms) custom(q=0 f=0/1 p99rtt=2ms) slots=24/25 jobs/s=668 drains=98071 evl=0ms
[2026-06-04 10:03:40.822] [info] [Worker 8] [libqueen] push(q=5 f=0/24 p99rtt=25ms) pop(q=0 f=1/16 p99rtt=42ms) custom(q=0 f=0/1 p99rtt=2ms) slots=24/25 jobs/s=670 drains=97822 evl=0ms
[2026-06-04 10:03:40.832] [info] [Worker 2] [libqueen] push(q=0 f=1/24 p99rtt=23ms) pop(q=0 f=1/16 p99rtt=43ms) custom(q=0 f=0/1 p99rtt=2ms) slots=23/25 jobs/s=668 drains=98610 evl=0ms
[2026-06-04 10:03:40.834] [info] [Worker 7] [libqueen] push(q=3 f=0/24 p99rtt=26ms) pop(q=5 f=0/16 p99rtt=40ms) custom(q=0 f=0/1 p99rtt=2ms) slots=25/25 jobs/s=679 drains=98209 evl=0ms
[2026-06-04 10:03:40.838] [info] [Worker 9] [libqueen] push(q=5 f=0/24 p99rtt=25ms) pop(q=0 f=1/16 p99rtt=42ms) custom(q=0 f=0/1 p99rtt=2ms) slots=24/25 jobs/s=661 drains=98149 evl=0ms
[2026-06-04 10:03:40.840] [info] [Worker 6] [libqueen] push(q=5 f=0/24 p99rtt=24ms) pop(q=4 f=0/16 p99rtt=40ms) custom(q=0 f=0/1 p99rtt=2ms) slots=25/25 jobs/s=678 drains=98119 evl=0ms
[2026-06-04 10:03:40.840] [info] [Worker 1] [libqueen] push(q=5 f=0/24 p99rtt=26ms) pop(q=0 f=1/16 p99rtt=43ms) custom(q=0 f=0/1 p99rtt=2ms) slots=24/25 jobs/s=649 drains=98280 evl=0ms
[2026-06-04 10:03:41.247] [info] PartitionLookupReconcileService: fixed 1 partition_lookup rows (stats leader, hostname=c932ee286edc)
[2026-06-04 10:03:41.741] [info] [Worker 4] [libqueen] push(q=5 f=0/24 p99rtt=24ms) pop(q=4 f=0/16 p99rtt=41ms) custom(q=0 f=0/1 p99rtt=2ms) slots=25/25 jobs/s=679 drains=98681 evl=0ms
[2026-06-04 10:03:41.764] [info] [Worker 0] [libqueen] push(q=0 f=1/24 p99rtt=27ms) pop(q=0 f=1/16 p99rtt=46ms) custom(q=0 f=0/1 p99rtt=3ms) slots=23/25 jobs/s=665 drains=99064 evl=0ms
[2026-06-04 10:03:41.768] [info] [Worker 3] [libqueen] push(q=2 f=0/24 p99rtt=27ms) pop(q=0 f=1/16 p99rtt=40ms) custom(q=0 f=0/1 p99rtt=2ms) slots=24/25 jobs/s=651 drains=98839 evl=0ms
[2026-06-04 10:03:41.803] [info] [Worker 5] [libqueen] push(q=0 f=0/24 p99rtt=26ms) pop(q=0 f=1/16 p99rtt=44ms) custom(q=0 f=0/1 p99rtt=2ms) slots=24/25 jobs/s=651 drains=98893 evl=0ms
[2026-06-04 10:03:41.823] [info] [Worker 8] [libqueen] push(q=5 f=0/24 p99rtt=26ms) pop(q=0 f=1/16 p99rtt=42ms) custom(q=0 f=0/1 p99rtt=2ms) slots=24/25 jobs/s=656 drains=98642 evl=0ms
[2026-06-04 10:03:41.832] [info] [Worker 2] [libqueen] push(q=5 f=0/24 p99rtt=24ms) pop(q=0 f=1/16 p99rtt=44ms) custom(q=0 f=0/1 p99rtt=3ms) slots=24/25 jobs/s=662 drains=99439 evl=0ms
[2026-06-04 10:03:41.834] [info] [Worker 7] [libqueen] push(q=0 f=1/24 p99rtt=26ms) pop(q=0 f=1/16 p99rtt=40ms) custom(q=0 f=0/1 p99rtt=2ms) slots=23/25 jobs/s=651 drains=99061 evl=0ms
[2026-06-04 10:03:41.840] [info] [Worker 9] [libqueen] push(q=0 f=0/24 p99rtt=26ms) pop(q=0 f=0/16 p99rtt=42ms) custom(q=0 f=1/1 p99rtt=2ms) slots=24/25 jobs/s=674 drains=98998 evl=0ms
[2026-06-04 10:03:41.841] [info] [Worker 6] [libqueen] push(q=5 f=0/24 p99rtt=24ms) pop(q=0 f=0/16 p99rtt=43ms) custom(q=0 f=0/1 p99rtt=2ms) slots=25/25 jobs/s=669 drains=98975 evl=0ms
[2026-06-04 10:03:41.841] [info] [Worker 1] [libqueen] push(q=0 f=0/24 p99rtt=26ms) pop(q=0 f=1/16 p99rtt=43ms) custom(q=0 f=1/1 p99rtt=2ms) slots=23/25 jobs/s=658 drains=99093 evl=0ms
[2026-06-04 10:03:42.483] [info] StatsService: cycle completed in 345ms
[2026-06-04 10:03:42.742] [info] [Worker 4] [libqueen] push(q=0 f=1/24 p99rtt=24ms) pop(q=0 f=1/16 p99rtt=41ms) custom(q=0 f=0/1 p99rtt=2ms) slots=23/25 jobs/s=669 drains=99564 evl=0ms
[2026-06-04 10:03:42.764] [info] [Worker 0] [libqueen] push(q=0 f=1/24 p99rtt=26ms) pop(q=0 f=1/16 p99rtt=46ms) custom(q=0 f=0/1 p99rtt=3ms) slots=23/25 jobs/s=662 drains=99875 evl=0ms
[2026-06-04 10:03:42.768] [info] [Worker 3] [libqueen] push(q=0 f=1/24 p99rtt=27ms) pop(q=0 f=1/16 p99rtt=40ms) custom(q=0 f=1/1 p99rtt=2ms) slots=22/25 jobs/s=691 drains=99720 evl=0ms
[2026-06-04 10:03:42.802] [info] [Worker 5] [libqueen] push(q=5 f=0/24 p99rtt=24ms) pop(q=0 f=1/16 p99rtt=44ms) custom(q=0 f=0/1 p99rtt=2ms) slots=24/25 jobs/s=671 drains=99750 evl=0ms
[2026-06-04 10:03:42.823] [info] [Worker 8] [libqueen] push(q=5 f=0/24 p99rtt=26ms) pop(q=0 f=1/16 p99rtt=42ms) custom(q=0 f=0/1 p99rtt=2ms) slots=24/25 jobs/s=665 drains=99493 evl=0ms
[2026-06-04 10:03:42.832] [info] [Worker 2] [libqueen] push(q=5 f=0/24 p99rtt=24ms) pop(q=0 f=1/16 p99rtt=44ms) custom(q=0 f=0/1 p99rtt=3ms) slots=24/25 jobs/s=661 drains=100288 evl=0ms
[2026-06-04 10:03:42.835] [info] [Worker 7] [libqueen] push(q=5 f=0/24 p99rtt=25ms) pop(q=0 f=1/16 p99rtt=40ms) custom(q=0 f=0/1 p99rtt=2ms) slots=24/25 jobs/s=672 drains=99907 evl=0ms
[2026-06-04 10:03:42.840] [info] [Worker 9] [libqueen] push(q=0 f=1/24 p99rtt=24ms) pop(q=0 f=1/16 p99rtt=43ms) custom(q=0 f=0/1 p99rtt=2ms) slots=23/25 jobs/s=656 drains=99834 evl=0ms
[2026-06-04 10:03:42.840] [info] [Worker 1] [libqueen] push(q=5 f=0/24 p99rtt=26ms) pop(q=0 f=1/16 p99rtt=43ms) custom(q=0 f=0/1 p99rtt=2ms) slots=24/25 jobs/s=671 drains=99935 evl=0ms
[2026-06-04 10:03:42.841] [info] [Worker 6] [libqueen] push(q=5 f=0/24 p99rtt=24ms) pop(q=4 f=0/16 p99rtt=43ms) custom(q=0 f=0/1 p99rtt=3ms) slots=25/25 jobs/s=690 drains=99849 evl=0ms
[2026-06-04 10:03:43.742] [info] [Worker 4] [libqueen] push(q=5 f=0/24 p99rtt=24ms) pop(q=5 f=0/16 p99rtt=43ms) custom(q=0 f=0/1 p99rtt=2ms) slots=25/25 jobs/s=673 drains=100394 evl=0ms
[2026-06-04 10:03:43.764] [info] [Worker 0] [libqueen] push(q=0 f=1/24 p99rtt=26ms) pop(q=0 f=1/16 p99rtt=46ms) custom(q=0 f=0/1 p99rtt=2ms) slots=23/25 jobs/s=666 drains=100730 evl=0ms
[2026-06-04 10:03:43.769] [info] [Worker 3] [libqueen] push(q=5 f=0/24 p99rtt=25ms) pop(q=1 f=1/16 p99rtt=40ms) custom(q=0 f=0/1 p99rtt=3ms) slots=24/25 jobs/s=659 drains=100572 evl=0ms
[2026-06-04 10:03:43.802] [info] [Worker 5] [libqueen] push(q=0 f=1/24 p99rtt=23ms) pop(q=0 f=1/16 p99rtt=42ms) custom(q=0 f=0/1 p99rtt=2ms) slots=23/25 jobs/s=693 drains=100647 evl=0ms
[2026-06-04 10:03:43.823] [info] [Worker 8] [libqueen] push(q=5 f=0/24 p99rtt=24ms) pop(q=0 f=1/16 p99rtt=42ms) custom(q=0 f=0/1 p99rtt=2ms) slots=24/25 jobs/s=699 drains=100381 evl=0ms
[2026-06-04 10:03:43.833] [info] [Worker 2] [libqueen] push(q=0 f=1/24 p99rtt=24ms) pop(q=0 f=1/16 p99rtt=43ms) custom(q=0 f=0/1 p99rtt=3ms) slots=23/25 jobs/s=665 drains=101125 evl=0ms
[2026-06-04 10:03:43.835] [info] [Worker 7] [libqueen] push(q=5 f=0/24 p99rtt=25ms) pop(q=0 f=1/16 p99rtt=40ms) custom(q=0 f=0/1 p99rtt=2ms) slots=24/25 jobs/s=698 drains=100731 evl=0ms
[2026-06-04 10:03:43.840] [info] [Worker 1] [libqueen] push(q=5 f=0/24 p99rtt=26ms) pop(q=2 f=0/16 p99rtt=43ms) custom(q=0 f=0/1 p99rtt=2ms) slots=25/25 jobs/s=685 drains=100792 evl=0ms
[2026-06-04 10:03:43.841] [info] [Worker 6] [libqueen] push(q=5 f=0/24 p99rtt=23ms) pop(q=4 f=0/16 p99rtt=43ms) custom(q=0 f=0/1 p99rtt=3ms) slots=25/25 jobs/s=659 drains=100699 evl=0ms
[2026-06-04 10:03:43.841] [info] [Worker 9] [libqueen] push(q=0 f=1/24 p99rtt=24ms) pop(q=0 f=1/16 p99rtt=43ms) custom(q=0 f=0/1 p99rtt=2ms) slots=23/25 jobs/s=648 drains=100669 evl=0ms
[2026-06-04 10:03:44.742] [info] [Worker 4] [libqueen] push(q=5 f=0/24 p99rtt=24ms) pop(q=0 f=0/16 p99rtt=43ms) custom(q=0 f=0/1 p99rtt=2ms) slots=25/25 jobs/s=599 drains=101228 evl=0ms
[2026-06-04 10:03:44.764] [info] [Worker 0] [libqueen] push(q=5 f=0/24 p99rtt=25ms) pop(q=0 f=0/16 p99rtt=46ms) custom(q=0 f=0/1 p99rtt=2ms) slots=25/25 jobs/s=622 drains=101594 evl=0ms
[2026-06-04 10:03:44.770] [info] [Worker 3] [libqueen] push(q=0 f=0/24 p99rtt=25ms) pop(q=0 f=0/16 p99rtt=40ms) custom(q=0 f=1/1 p99rtt=2ms) slots=24/25 jobs/s=624 drains=101436 evl=0ms
[2026-06-04 10:03:44.803] [info] [Worker 5] [libqueen] push(q=5 f=0/24 p99rtt=23ms) pop(q=0 f=0/16 p99rtt=42ms) custom(q=0 f=0/1 p99rtt=2ms) slots=25/25 jobs/s=595 drains=101477 evl=0ms
[2026-06-04 10:03:44.824] [info] [Worker 8] [libqueen] push(q=5 f=0/24 p99rtt=23ms) pop(q=0 f=0/16 p99rtt=42ms) custom(q=0 f=0/1 p99rtt=2ms) slots=25/25 jobs/s=597 drains=101198 evl=0ms
[2026-06-04 10:03:44.833] [info] [Worker 2] [libqueen] push(q=5 f=0/24 p99rtt=23ms) pop(q=0 f=0/16 p99rtt=43ms) custom(q=0 f=0/1 p99rtt=2ms) slots=25/25 jobs/s=603 drains=101967 evl=0ms
[2026-06-04 10:03:44.835] [info] [Worker 7] [libqueen] push(q=0 f=1/24 p99rtt=24ms) pop(q=0 f=0/16 p99rtt=40ms) custom(q=0 f=0/1 p99rtt=2ms) slots=24/25 jobs/s=591 drains=101548 evl=0ms
[2026-06-04 10:03:44.841] [info] [Worker 1] [libqueen] push(q=5 f=0/24 p99rtt=26ms) pop(q=0 f=0/16 p99rtt=43ms) custom(q=0 f=0/1 p99rtt=2ms) slots=25/25 jobs/s=590 drains=101640 evl=0ms
[2026-06-04 10:03:44.841] [info] [Worker 6] [libqueen] push(q=5 f=0/24 p99rtt=23ms) pop(q=0 f=0/16 p99rtt=43ms) custom(q=0 f=1/1 p99rtt=3ms) slots=24/25 jobs/s=607 drains=101543 evl=0ms
[2026-06-04 10:03:44.842] [info] [Worker 9] [libqueen] push(q=0 f=1/24 p99rtt=23ms) pop(q=0 f=0/16 p99rtt=43ms) custom(q=0 f=0/1 p99rtt=2ms) slots=24/25 jobs/s=607 drains=101547 evl=0ms
[2026-06-04 10:03:45.742] [info] [Worker 4] [libqueen] push(q=0 f=1/24 p99rtt=24ms) pop(q=0 f=0/16 p99rtt=43ms) custom(q=0 f=0/1 p99rtt=2ms) slots=24/25 jobs/s=576 drains=102027 evl=0ms
[2026-06-04 10:03:45.764] [info] [Worker 0] [libqueen] push(q=5 f=0/24 p99rtt=25ms) pop(q=0 f=0/16 p99rtt=46ms) custom(q=0 f=0/1 p99rtt=2ms) slots=25/25 jobs/s=576 drains=102367 evl=0ms
[2026-06-04 10:03:45.769] [info] [Worker 3] [libqueen] push(q=0 f=1/24 p99rtt=25ms) pop(q=0 f=0/16 p99rtt=40ms) custom(q=0 f=0/1 p99rtt=2ms) slots=24/25 jobs/s=565 drains=102237 evl=0ms
[2026-06-04 10:03:45.803] [info] [Worker 5] [libqueen] push(q=5 f=0/24 p99rtt=23ms) pop(q=0 f=0/16 p99rtt=42ms) custom(q=0 f=0/1 p99rtt=2ms) slots=25/25 jobs/s=564 drains=102268 evl=0ms
[2026-06-04 10:03:45.824] [info] [Worker 8] [libqueen] push(q=5 f=0/24 p99rtt=23ms) pop(q=0 f=0/16 p99rtt=42ms) custom(q=0 f=0/1 p99rtt=2ms) slots=25/25 jobs/s=564 drains=101990 evl=0ms
[2026-06-04 10:03:45.832] [info] [Worker 2] [libqueen] push(q=0 f=0/24 p99rtt=24ms) pop(q=0 f=0/16 p99rtt=43ms) custom(q=0 f=1/1 p99rtt=3ms) slots=24/25 jobs/s=551 drains=102684 evl=0ms
[2026-06-04 10:03:45.835] [info] [Worker 7] [libqueen] push(q=0 f=1/24 p99rtt=24ms) pop(q=0 f=0/16 p99rtt=40ms) custom(q=0 f=0/1 p99rtt=2ms) slots=24/25 jobs/s=564 drains=102308 evl=0ms
[2026-06-04 10:03:45.841] [info] [Worker 6] [libqueen] push(q=5 f=0/24 p99rtt=23ms) pop(q=0 f=0/16 p99rtt=43ms) custom(q=0 f=0/1 p99rtt=3ms) slots=25/25 jobs/s=553 drains=102294 evl=0ms
[2026-06-04 10:03:45.841] [info] [Worker 1] [libqueen] push(q=5 f=0/24 p99rtt=26ms) pop(q=0 f=0/16 p99rtt=43ms) custom(q=0 f=0/1 p99rtt=2ms) slots=25/25 jobs/s=564 drains=102422 evl=0ms
[2026-06-04 10:03:45.841] [info] [Worker 9] [libqueen] push(q=5 f=0/24 p99rtt=23ms) pop(q=1 f=0/16 p99rtt=43ms) custom(q=0 f=0/1 p99rtt=2ms) slots=25/25 jobs/s=558 drains=102300 evl=0ms
[2026-06-04 10:03:46.741] [info] [Worker 4] [libqueen] push(q=5 f=0/24 p99rtt=24ms) pop(q=0 f=0/16 p99rtt=43ms) custom(q=0 f=0/1 p99rtt=2ms) slots=25/25 jobs/s=582 drains=102855 evl=0ms
[2026-06-04 10:03:46.764] [info] [Worker 0] [libqueen] push(q=2 f=0/24 p99rtt=26ms) pop(q=0 f=0/16 p99rtt=46ms) custom(q=0 f=0/1 p99rtt=2ms) slots=25/25 jobs/s=588 drains=103170 evl=0ms
[2026-06-04 10:03:46.770] [info] [Worker 3] [libqueen] push(q=5 f=0/24 p99rtt=26ms) pop(q=0 f=0/16 p99rtt=40ms) custom(q=0 f=0/1 p99rtt=2ms) slots=25/25 jobs/s=588 drains=103039 evl=0ms
[2026-06-04 10:03:46.803] [info] [Worker 5] [libqueen] push(q=0 f=1/24 p99rtt=23ms) pop(q=0 f=0/16 p99rtt=42ms) custom(q=0 f=0/1 p99rtt=2ms) slots=24/25 jobs/s=594 drains=103104 evl=0ms
[2026-06-04 10:03:46.825] [info] [Worker 8] [libqueen] push(q=0 f=1/24 p99rtt=23ms) pop(q=0 f=0/16 p99rtt=42ms) custom(q=0 f=0/1 p99rtt=2ms) slots=24/25 jobs/s=576 drains=102793 evl=0ms
[2026-06-04 10:03:46.833] [info] [Worker 2] [libqueen] push(q=5 f=0/24 p99rtt=24ms) pop(q=0 f=0/16 p99rtt=43ms) custom(q=0 f=0/1 p99rtt=3ms) slots=25/25 jobs/s=595 drains=103495 evl=0ms
[2026-06-04 10:03:46.835] [info] [Worker 7] [libqueen] push(q=0 f=1/24 p99rtt=24ms) pop(q=0 f=0/16 p99rtt=40ms) custom(q=0 f=0/1 p99rtt=2ms) slots=24/25 jobs/s=576 drains=103106 evl=0ms
[2026-06-04 10:03:46.841] [info] [Worker 1] [libqueen] push(q=5 f=0/24 p99rtt=26ms) pop(q=0 f=0/16 p99rtt=43ms) custom(q=0 f=0/1 p99rtt=2ms) slots=25/25 jobs/s=594 drains=103241 evl=0ms
[2026-06-04 10:03:46.841] [info] [Worker 6] [libqueen] push(q=5 f=0/24 p99rtt=23ms) pop(q=0 f=0/16 p99rtt=43ms) custom(q=0 f=0/1 p99rtt=3ms) slots=25/25 jobs/s=588 drains=103124 evl=0ms
[2026-06-04 10:03:46.841] [info] [Worker 9] [libqueen] push(q=5 f=0/24 p99rtt=24ms) pop(q=0 f=0/16 p99rtt=43ms) custom(q=0 f=0/1 p99rtt=2ms) slots=25/25 jobs/s=578 drains=103101 evl=0ms
[2026-06-04 10:03:47.257] [info] PartitionLookupReconcileService: fixed 3 partition_lookup rows (stats leader, hostname=c932ee286edc)
[2026-06-04 10:03:47.741] [info] [Worker 4] [libqueen] push(q=0 f=0/24 p99rtt=24ms) pop(q=0 f=0/16 p99rtt=43ms) custom(q=0 f=0/1 p99rtt=2ms) slots=25/25 jobs/s=571 drains=103627 evl=0ms
[2026-06-04 10:03:47.764] [info] [Worker 0] [libqueen] push(q=5 f=0/24 p99rtt=25ms) pop(q=0 f=0/16 p99rtt=46ms) custom(q=0 f=0/1 p99rtt=2ms) slots=25/25 jobs/s=577 drains=103969 evl=0ms
[2026-06-04 10:03:47.771] [info] [Worker 3] [libqueen] push(q=5 f=0/24 p99rtt=27ms) pop(q=0 f=0/16 p99rtt=40ms) custom(q=0 f=0/1 p99rtt=2ms) slots=25/25 jobs/s=582 drains=103851 evl=0ms
[2026-06-04 10:03:47.802] [info] [Worker 5] [libqueen] push(q=0 f=0/24 p99rtt=23ms) pop(q=0 f=0/16 p99rtt=42ms) custom(q=0 f=0/1 p99rtt=2ms) slots=25/25 jobs/s=595 drains=103938 evl=0ms
[2026-06-04 10:03:47.824] [info] [Worker 8] [libqueen] push(q=5 f=0/24 p99rtt=23ms) pop(q=0 f=0/16 p99rtt=42ms) custom(q=0 f=0/1 p99rtt=2ms) slots=25/25 jobs/s=576 drains=103558 evl=0ms
[2026-06-04 10:03:47.833] [info] [Worker 2] [libqueen] push(q=5 f=0/24 p99rtt=25ms) pop(q=0 f=0/16 p99rtt=43ms) custom(q=0 f=0/1 p99rtt=2ms) slots=25/25 jobs/s=586 drains=104307 evl=0ms
[2026-06-04 10:03:47.834] [info] [Worker 7] [libqueen] push(q=0 f=0/24 p99rtt=23ms) pop(q=0 f=0/16 p99rtt=40ms) custom(q=0 f=0/1 p99rtt=2ms) slots=25/25 jobs/s=582 drains=103914 evl=0ms
[2026-06-04 10:03:47.840] [info] [Worker 1] [libqueen] push(q=0 f=1/24 p99rtt=26ms) pop(q=0 f=0/16 p99rtt=43ms) custom(q=0 f=0/1 p99rtt=2ms) slots=24/25 jobs/s=583 drains=104048 evl=0ms
[2026-06-04 10:03:47.841] [info] [Worker 6] [libqueen] push(q=3 f=0/24 p99rtt=23ms) pop(q=0 f=0/16 p99rtt=43ms) custom(q=0 f=1/1 p99rtt=3ms) slots=24/25 jobs/s=608 drains=103961 evl=0ms
[2026-06-04 10:03:47.842] [info] [Worker 9] [libqueen] push(q=0 f=0/24 p99rtt=24ms) pop(q=0 f=0/16 p99rtt=43ms) custom(q=0 f=0/1 p99rtt=2ms) slots=25/25 jobs/s=588 drains=103923 evl=0ms
[2026-06-04 10:03:48.742] [info] [Worker 4] [libqueen] push(q=5 f=0/24 p99rtt=23ms) pop(q=0 f=0/16 p99rtt=43ms) custom(q=0 f=0/1 p99rtt=2ms) slots=25/25 jobs/s=588 drains=104448 evl=0ms
[2026-06-04 10:03:48.764] [info] [Worker 0] [libqueen] push(q=5 f=0/24 p99rtt=24ms) pop(q=0 f=0/16 p99rtt=46ms) custom(q=0 f=0/1 p99rtt=2ms) slots=25/25 jobs/s=594 drains=104784 evl=0ms
[2026-06-04 10:03:48.771] [info] [Worker 3] [libqueen] push(q=0 f=1/24 p99rtt=21ms) pop(q=0 f=0/16 p99rtt=40ms) custom(q=0 f=0/1 p99rtt=2ms) slots=24/25 jobs/s=588 drains=104664 evl=0ms
[2026-06-04 10:03:48.803] [info] [Worker 5] [libqueen] push(q=3 f=0/24 p99rtt=22ms) pop(q=0 f=0/16 p99rtt=42ms) custom(q=0 f=1/1 p99rtt=2ms) slots=24/25 jobs/s=593 drains=104743 evl=0ms
[2026-06-04 10:03:48.825] [info] [Worker 8] [libqueen] push(q=5 f=0/24 p99rtt=22ms) pop(q=0 f=0/16 p99rtt=42ms) custom(q=0 f=0/1 p99rtt=2ms) slots=25/25 jobs/s=588 drains=104361 evl=0ms
[2026-06-04 10:03:48.833] [info] [Worker 2] [libqueen] push(q=0 f=0/24 p99rtt=23ms) pop(q=0 f=0/16 p99rtt=43ms) custom(q=0 f=1/1 p99rtt=2ms) slots=24/25 jobs/s=599 drains=105116 evl=0ms
[2026-06-04 10:03:48.835] [info] [Worker 7] [libqueen] push(q=0 f=0/24 p99rtt=23ms) pop(q=0 f=0/16 p99rtt=40ms) custom(q=0 f=0/1 p99rtt=2ms) slots=25/25 jobs/s=588 drains=104741 evl=0ms
[2026-06-04 10:03:48.841] [info] [Worker 1] [libqueen] push(q=5 f=0/24 p99rtt=24ms) pop(q=0 f=0/16 p99rtt=43ms) custom(q=0 f=0/1 p99rtt=2ms) slots=25/25 jobs/s=606 drains=104878 evl=0ms
[2026-06-04 10:03:48.842] [info] [Worker 9] [libqueen] push(q=5 f=0/24 p99rtt=23ms) pop(q=0 f=0/16 p99rtt=43ms) custom(q=0 f=0/1 p99rtt=2ms) slots=25/25 jobs/s=588 drains=104738 evl=0ms
[2026-06-04 10:03:48.842] [info] [Worker 6] [libqueen] push(q=0 f=1/24 p99rtt=21ms) pop(q=0 f=0/16 p99rtt=43ms) custom(q=0 f=0/1 p99rtt=2ms) slots=24/25 jobs/s=589 drains=104764 evl=0ms
[2026-06-04 10:03:49.742] [info] [Worker 4] [libqueen] push(q=0 f=1/24 p99rtt=23ms) pop(q=0 f=0/16 p99rtt=43ms) custom(q=0 f=0/1 p99rtt=2ms) slots=24/25 jobs/s=582 drains=105244 evl=0ms
[2026-06-04 10:03:49.764] [info] [Worker 0] [libqueen] push(q=5 f=0/24 p99rtt=23ms) pop(q=0 f=0/16 p99rtt=46ms) custom(q=0 f=0/1 p99rtt=1ms) slots=25/25 jobs/s=588 drains=105597 evl=0ms
[2026-06-04 10:03:49.770] [info] [Worker 3] [libqueen] push(q=0 f=1/24 p99rtt=21ms) pop(q=0 f=0/16 p99rtt=40ms) custom(q=0 f=0/1 p99rtt=2ms) slots=24/25 jobs/s=594 drains=105494 evl=0ms
[2026-06-04 10:03:49.802] [info] [Worker 5] [libqueen] push(q=5 f=0/24 p99rtt=22ms) pop(q=0 f=0/16 p99rtt=42ms) custom(q=0 f=0/1 p99rtt=2ms) slots=25/25 jobs/s=583 drains=105543 evl=0ms
[2026-06-04 10:03:49.825] [info] [Worker 8] [libqueen] push(q=0 f=1/24 p99rtt=22ms) pop(q=0 f=0/16 p99rtt=42ms) custom(q=0 f=0/1 p99rtt=2ms) slots=24/25 jobs/s=594 drains=105179 evl=0ms
[2026-06-04 10:03:49.833] [info] [Worker 2] [libqueen] push(q=5 f=0/24 p99rtt=24ms) pop(q=0 f=0/16 p99rtt=43ms) custom(q=0 f=0/1 p99rtt=2ms) slots=25/25 jobs/s=589 drains=105917 evl=0ms
[2026-06-04 10:03:49.835] [info] [Worker 7] [libqueen] push(q=0 f=1/24 p99rtt=23ms) pop(q=0 f=0/16 p99rtt=40ms) custom(q=0 f=0/1 p99rtt=2ms) slots=24/25 jobs/s=588 drains=105566 evl=0ms
[2026-06-04 10:03:49.841] [info] [Worker 1] [libqueen] push(q=5 f=0/24 p99rtt=23ms) pop(q=0 f=0/16 p99rtt=43ms) custom(q=0 f=0/1 p99rtt=2ms) slots=25/25 jobs/s=594 drains=105683 evl=0ms
[2026-06-04 10:03:49.842] [info] [Worker 9] [libqueen] push(q=5 f=0/24 p99rtt=22ms) pop(q=0 f=0/16 p99rtt=43ms) custom(q=0 f=0/1 p99rtt=2ms) slots=25/25 jobs/s=606 drains=105578 evl=0ms
[2026-06-04 10:03:49.842] [info] [Worker 6] [libqueen] push(q=5 f=0/24 p99rtt=21ms) pop(q=0 f=0/16 p99rtt=43ms) custom(q=0 f=0/1 p99rtt=2ms) slots=25/25 jobs/s=600 drains=105597 evl=0ms
[2026-06-04 10:03:50.742] [info] [Worker 4] [libqueen] push(q=5 f=0/24 p99rtt=24ms) pop(q=0 f=0/16 p99rtt=43ms) custom(q=0 f=0/1 p99rtt=2ms) slots=25/25 jobs/s=618 drains=106089 evl=0ms
[2026-06-04 10:03:50.763] [info] [Worker 0] [libqueen] push(q=5 f=0/24 p99rtt=23ms) pop(q=0 f=0/16 p99rtt=46ms) custom(q=0 f=0/1 p99rtt=1ms) slots=25/25 jobs/s=624 drains=106454 evl=0ms
[2026-06-04 10:03:50.771] [info] [Worker 3] [libqueen] push(q=0 f=1/24 p99rtt=22ms) pop(q=0 f=0/16 p99rtt=40ms) custom(q=0 f=0/1 p99rtt=2ms) slots=24/25 jobs/s=612 drains=106328 evl=0ms
[2026-06-04 10:03:50.803] [info] [Worker 5] [libqueen] push(q=0 f=0/24 p99rtt=22ms) pop(q=0 f=0/16 p99rtt=42ms) custom(q=0 f=1/1 p99rtt=2ms) slots=24/25 jobs/s=623 drains=106396 evl=0ms
[2026-06-04 10:03:50.826] [info] [Worker 8] [libqueen] push(q=5 f=0/24 p99rtt=23ms) pop(q=0 f=0/16 p99rtt=42ms) custom(q=0 f=0/1 p99rtt=2ms) slots=25/25 jobs/s=618 drains=106039 evl=0ms
[2026-06-04 10:03:50.833] [info] [Worker 2] [libqueen] push(q=5 f=0/24 p99rtt=23ms) pop(q=0 f=0/16 p99rtt=43ms) custom(q=0 f=0/1 p99rtt=2ms) slots=25/25 jobs/s=624 drains=106758 evl=0ms
[2026-06-04 10:03:50.834] [info] [Worker 7] [libqueen] push(q=2 f=0/24 p99rtt=23ms) pop(q=0 f=0/16 p99rtt=40ms) custom(q=0 f=0/1 p99rtt=2ms) slots=25/25 jobs/s=624 drains=106429 evl=0ms
[2026-06-04 10:03:50.840] [info] [Worker 1] [libqueen] push(q=0 f=0/24 p99rtt=23ms) pop(q=0 f=0/16 p99rtt=43ms) custom(q=0 f=0/1 p99rtt=2ms) slots=25/25 jobs/s=612 drains=106532 evl=0ms
[2026-06-04 10:03:50.841] [info] [Worker 9] [libqueen] push(q=5 f=0/24 p99rtt=23ms) pop(q=0 f=0/16 p99rtt=43ms) custom(q=0 f=0/1 p99rtt=1ms) slots=25/25 jobs/s=618 drains=106430 evl=0ms
[2026-06-04 10:03:50.842] [info] [Worker 6] [libqueen] push(q=5 f=0/24 p99rtt=21ms) pop(q=0 f=0/16 p99rtt=43ms) custom(q=0 f=0/1 p99rtt=2ms) slots=25/25 jobs/s=624 drains=106430 evl=0ms
[2026-06-04 10:03:51.742] [info] [Worker 4] [libqueen] push(q=5 f=0/24 p99rtt=24ms) pop(q=0 f=0/16 p99rtt=43ms) custom(q=0 f=0/1 p99rtt=1ms) slots=25/25 jobs/s=612 drains=106937 evl=0ms
[2026-06-04 10:03:51.764] [info] [Worker 0] [libqueen] push(q=5 f=0/24 p99rtt=22ms) pop(q=0 f=0/16 p99rtt=46ms) custom(q=0 f=0/1 p99rtt=1ms) slots=25/25 jobs/s=606 drains=107298 evl=0ms
[2026-06-04 10:03:51.770] [info] [Worker 3] [libqueen] push(q=0 f=0/24 p99rtt=21ms) pop(q=0 f=0/16 p99rtt=40ms) custom(q=0 f=1/1 p99rtt=1ms) slots=24/25 jobs/s=611 drains=107159 evl=0ms
[2026-06-04 10:03:51.802] [info] [Worker 5] [libqueen] push(q=5 f=0/24 p99rtt=22ms) pop(q=0 f=0/16 p99rtt=42ms) custom(q=0 f=0/1 p99rtt=2ms) slots=25/25 jobs/s=613 drains=107253 evl=0ms
[2026-06-04 10:03:51.826] [info] [Worker 8] [libqueen] push(q=5 f=0/24 p99rtt=23ms) pop(q=0 f=0/16 p99rtt=42ms) custom(q=0 f=0/1 p99rtt=2ms) slots=25/25 jobs/s=606 drains=106865 evl=0ms
[2026-06-04 10:03:51.833] [info] [Worker 2] [libqueen] push(q=0 f=1/24 p99rtt=23ms) pop(q=0 f=0/16 p99rtt=43ms) custom(q=0 f=0/1 p99rtt=2ms) slots=24/25 jobs/s=600 drains=107593 evl=0ms
[2026-06-04 10:03:51.834] [info] [Worker 7] [libqueen] push(q=0 f=1/24 p99rtt=23ms) pop(q=0 f=0/16 p99rtt=40ms) custom(q=0 f=0/1 p99rtt=2ms) slots=24/25 jobs/s=606 drains=107257 evl=0ms
[2026-06-04 10:03:51.841] [info] [Worker 1] [libqueen] push(q=5 f=0/24 p99rtt=22ms) pop(q=0 f=0/16 p99rtt=43ms) custom(q=0 f=0/1 p99rtt=1ms) slots=25/25 jobs/s=600 drains=107349 evl=0ms
[2026-06-04 10:03:51.841] [info] [Worker 9] [libqueen] push(q=5 f=0/24 p99rtt=23ms) pop(q=0 f=0/16 p99rtt=43ms) custom(q=0 f=0/1 p99rtt=1ms) slots=25/25 jobs/s=606 drains=107271 evl=0ms
[2026-06-04 10:03:51.842] [info] [Worker 6] [libqueen] push(q=5 f=0/24 p99rtt=22ms) pop(q=0 f=0/16 p99rtt=43ms) custom(q=0 f=0/1 p99rtt=2ms) slots=25/25 jobs/s=618 drains=107293 evl=0ms
[2026-06-04 10:03:52.392] [info] StatsService: cycle completed in 252ms
[2026-06-04 10:03:52.741] [info] [Worker 4] [libqueen] push(q=0 f=1/24 p99rtt=24ms) pop(q=0 f=0/16 p99rtt=43ms) custom(q=0 f=0/1 p99rtt=1ms) slots=24/25 jobs/s=528 drains=107663 evl=0ms
[2026-06-04 10:03:52.763] [info] [Worker 0] [libqueen] push(q=5 f=0/24 p99rtt=23ms) pop(q=0 f=0/16 p99rtt=46ms) custom(q=0 f=0/1 p99rtt=1ms) slots=25/25 jobs/s=528 drains=108036 evl=0ms
[2026-06-04 10:03:52.769] [info] [Worker 3] [libqueen] push(q=0 f=0/24 p99rtt=23ms) pop(q=0 f=0/16 p99rtt=40ms) custom(q=0 f=1/1 p99rtt=1ms) slots=24/25 jobs/s=534 drains=107882 evl=0ms
[2026-06-04 10:03:52.802] [info] [Worker 5] [libqueen] push(q=5 f=0/24 p99rtt=23ms) pop(q=0 f=0/16 p99rtt=42ms) custom(q=0 f=0/1 p99rtt=2ms) slots=25/25 jobs/s=534 drains=107998 evl=0ms
[2026-06-04 10:03:52.824] [info] [Worker 8] [libqueen] push(q=5 f=0/24 p99rtt=23ms) pop(q=0 f=0/16 p99rtt=42ms) custom(q=0 f=0/1 p99rtt=2ms) slots=25/25 jobs/s=522 drains=107589 evl=1ms
[2026-06-04 10:03:52.833] [info] [Worker 2] [libqueen] push(q=5 f=0/24 p99rtt=24ms) pop(q=0 f=0/16 p99rtt=43ms) custom(q=0 f=0/1 p99rtt=2ms) slots=25/25 jobs/s=540 drains=108349 evl=0ms
[2026-06-04 10:03:52.834] [info] [Worker 7] [libqueen] push(q=5 f=0/24 p99rtt=24ms) pop(q=0 f=0/16 p99rtt=40ms) custom(q=0 f=0/1 p99rtt=2ms) slots=25/25 jobs/s=528 drains=107969 evl=0ms
[2026-06-04 10:03:52.840] [info] [Worker 1] [libqueen] push(q=0 f=1/24 p99rtt=26ms) pop(q=0 f=0/16 p99rtt=43ms) custom(q=0 f=0/1 p99rtt=1ms) slots=24/25 jobs/s=510 drains=108036 evl=0ms
[2026-06-04 10:03:52.840] [info] [Worker 6] [libqueen] push(q=4 f=0/24 p99rtt=23ms) pop(q=0 f=0/16 p99rtt=43ms) custom(q=0 f=0/1 p99rtt=2ms) slots=25/25 jobs/s=522 drains=108016 evl=0ms
[2026-06-04 10:03:52.840] [info] [Worker 9] [libqueen] push(q=5 f=0/24 p99rtt=24ms) pop(q=0 f=0/16 p99rtt=43ms) custom(q=0 f=0/1 p99rtt=1ms) slots=25/25 jobs/s=516 drains=107977 evl=0ms
[2026-06-04 10:03:53.274] [info] PartitionLookupReconcileService: fixed 1 partition_lookup rows (stats leader, hostname=c932ee286edc)
[2026-06-04 10:03:53.628] [info] QPOP: Connection aborted for cf1365aa-3168-4e02-878d-3a4accb1b7c9
[2026-06-04 10:03:53.648] [info] QPOP: Connection aborted for 96c3a22c-c53b-450e-9ea9-28fa612ae8a3
[2026-06-04 10:03:53.709] [info] QPOP: Connection aborted for f5ba9b4f-583d-4eae-ab00-0a8c659aff3e
[2026-06-04 10:03:53.738] [info] QPOP: Connection aborted for a8d9daa0-d3a2-48cd-8d47-f82ea3d000d4
[2026-06-04 10:03:53.740] [info] QPOP: Connection aborted for 942b6fb1-e18b-4ae1-b389-290f141ad9b8
[2026-06-04 10:03:53.741] [info] [Worker 4] [libqueen] push(q=5 f=0/24 p99rtt=24ms) pop(q=0 f=0/16 p99rtt=43ms) custom(q=0 f=0/1 p99rtt=1ms) slots=25/25 jobs/s=618 drains=108513 evl=0ms
[2026-06-04 10:03:53.763] [info] [Worker 0] [libqueen] push(q=5 f=0/24 p99rtt=22ms) pop(q=1 f=0/16 p99rtt=46ms) custom(q=0 f=0/1 p99rtt=1ms) slots=25/25 jobs/s=616 drains=108866 evl=0ms
[2026-06-04 10:03:53.764] [info] QPOP: Connection aborted for 07fe376f-bca9-49ac-8b84-6689b9a5e57c
[2026-06-04 10:03:53.768] [info] QPOP: Connection aborted for e9b55f90-360c-44d5-a055-c659cec382f1
[2026-06-04 10:03:53.770] [info] [Worker 3] [libqueen] push(q=0 f=1/24 p99rtt=23ms) pop(q=0 f=1/16 p99rtt=40ms) custom(q=0 f=0/1 p99rtt=1ms) slots=23/25 jobs/s=603 drains=108714 evl=0ms
[2026-06-04 10:03:53.797] [info] QPOP: Connection aborted for af7866e3-20dc-44d4-807b-548fbeb1748e
[2026-06-04 10:03:53.802] [info] QPOP: Connection aborted for 70b7b560-a1f4-4eab-8183-59d9ef68946d
[2026-06-04 10:03:53.803] [info] QPOP: Connection aborted for 6d10c1b6-e853-478c-9760-8367eb6eb3c0
[2026-06-04 10:03:53.804] [info] [Worker 5] [libqueen] push(q=5 f=0/24 p99rtt=23ms) pop(q=1 f=0/16 p99rtt=42ms) custom(q=0 f=0/1 p99rtt=1ms) slots=25/25 jobs/s=618 drains=108835 evl=0ms
[2026-06-04 10:03:53.815] [info] QPOP: Connection aborted for dc2cf493-0638-40e4-ba05-30f252fc2a66
[2026-06-04 10:03:53.821] [info] QPOP: Connection aborted for 0c5eec0c-be53-45de-bf6a-eb209485e676
[2026-06-04 10:03:53.826] [info] [Worker 8] [libqueen] push(q=5 f=0/24 p99rtt=23ms) pop(q=1 f=0/16 p99rtt=42ms) custom(q=0 f=0/1 p99rtt=1ms) slots=25/25 jobs/s=607 drains=108422 evl=0ms
[2026-06-04 10:03:53.828] [info] QPOP: Connection aborted for 3830f30f-a81a-4cce-86a0-44b0de42c279
[2026-06-04 10:03:53.830] [info] QPOP: Connection aborted for 4e17684e-e817-4202-9d42-0d8b09b02f02
[2026-06-04 10:03:53.833] [info] [Worker 2] [libqueen] push(q=0 f=0/24 p99rtt=23ms) pop(q=0 f=1/16 p99rtt=43ms) custom(q=0 f=1/1 p99rtt=2ms) slots=23/25 jobs/s=616 drains=109190 evl=0ms
[2026-06-04 10:03:53.836] [info] [Worker 7] [libqueen] push(q=0 f=1/24 p99rtt=23ms) pop(q=0 f=1/16 p99rtt=40ms) custom(q=0 f=0/1 p99rtt=2ms) slots=23/25 jobs/s=610 drains=108797 evl=0ms
[2026-06-04 10:03:53.838] [info] QPOP: Connection aborted for 21a10fbf-8a76-421b-ac72-063a35c640c2
[2026-06-04 10:03:53.838] [info] QPOP: Connection aborted for 9609ae3a-7e16-4d2e-bd7f-4b340e6d0b3e
[2026-06-04 10:03:53.841] [info] [Worker 1] [libqueen] push(q=5 f=0/24 p99rtt=24ms) pop(q=2 f=0/16 p99rtt=43ms) custom(q=0 f=0/1 p99rtt=1ms) slots=25/25 jobs/s=619 drains=108873 evl=0ms
[2026-06-04 10:03:53.841] [info] [Worker 6] [libqueen] push(q=5 f=0/24 p99rtt=23ms) pop(q=1 f=0/16 p99rtt=43ms) custom(q=0 f=0/1 p99rtt=2ms) slots=25/25 jobs/s=609 drains=108854 evl=0ms
[2026-06-04 10:03:53.842] [info] [Worker 9] [libqueen] push(q=5 f=0/24 p99rtt=24ms) pop(q=1 f=0/16 p99rtt=43ms) custom(q=0 f=0/1 p99rtt=1ms) slots=25/25 jobs/s=620 drains=108832 evl=0ms
[2026-06-04 10:03:53.872] [info] QPOP: Connection aborted for 6218b10a-944a-48b5-a3ae-f8b9a0d92e6d
[2026-06-04 10:03:53.874] [info] QPOP: Connection aborted for 92791471-ed02-4e9c-afc9-b10c4024b31c
[2026-06-04 10:03:53.874] [info] QPOP: Connection aborted for 5cbb6ebf-39c0-462d-a3a6-3ef18905094e
[2026-06-04 10:03:53.875] [info] QPOP: Connection aborted for 1958b2ae-5dbd-4d5f-afa0-f94b15352aab
[2026-06-04 10:03:53.875] [info] QPOP: Connection aborted for 295c4c80-b62b-42fb-b836-6e9512b54661
[2026-06-04 10:03:53.894] [info] QPOP: Connection aborted for 464810a1-0980-4c30-a020-7b1129db22f7
[2026-06-04 10:03:53.894] [info] QPOP: Connection aborted for aa5b363b-43b0-4486-9537-d1d6b41446b0
[2026-06-04 10:03:53.900] [info] QPOP: Connection aborted for 8a994746-22a0-484b-8292-8ff0584819d0
[2026-06-04 10:03:53.902] [info] QPOP: Connection aborted for 9f396715-86d1-4908-9710-a93740c8ca2c
[2026-06-04 10:03:53.905] [info] QPOP: Connection aborted for 01407a72-e341-4119-81ab-373a9b6e67ef
[2026-06-04 10:03:53.922] [info] QPOP: Connection aborted for 82327f00-e676-4684-a485-87fc0dbedd24
[2026-06-04 10:03:53.929] [info] QPOP: Connection aborted for 99ab8037-1106-4f02-beda-b9a2e4f39686
[2026-06-04 10:03:53.930] [info] QPOP: Connection aborted for 8f84fcb5-6d8b-40d2-95a8-dab5c70f9033
[2026-06-04 10:03:53.931] [info] QPOP: Connection aborted for 0455140b-ff0a-4f60-9737-923bb9c7a34c
[2026-06-04 10:03:53.957] [info] QPOP: Connection aborted for 9552a95b-925e-4f69-b1ab-0f8427bcd89a
[2026-06-04 10:03:53.959] [info] QPOP: Connection aborted for b6c84038-a901-4090-8773-6bea57e8c4fc
[2026-06-04 10:03:53.976] [info] QPOP: Connection aborted for 519ea2c7-82eb-4738-8c96-ae223a623cb2
[2026-06-04 10:03:53.976] [info] QPOP: Connection aborted for 1833b19c-bda9-4c2d-83ec-88acfb25aaa4
[2026-06-04 10:03:53.997] [info] QPOP: Connection aborted for 68ac9dfe-fbc0-492f-8a30-3ded90850406
[2026-06-04 10:03:53.999] [info] QPOP: Connection aborted for 2eb2bca1-5dae-496e-96fe-94d997efad23
[2026-06-04 10:03:54.110] [info] QPOP: Connection aborted for 4c3c4bfa-8029-4b9b-a033-7a9ad271981d
[2026-06-04 10:03:54.742] [info] [Worker 4] [libqueen] push(q=0 f=1/24 p99rtt=24ms) pop(q=0 f=0/16 p99rtt=43ms) custom(q=0 f=0/1 p99rtt=1ms) slots=24/25 jobs/s=561 drains=109300 evl=0ms
[2026-06-04 10:03:54.764] [info] [Worker 0] [libqueen] push(q=0 f=1/24 p99rtt=22ms) pop(q=0 f=0/16 p99rtt=46ms) custom(q=0 f=0/1 p99rtt=1ms) slots=24/25 jobs/s=558 drains=109672 evl=0ms
[2026-06-04 10:03:54.771] [info] [Worker 3] [libqueen] push(q=2 f=0/24 p99rtt=23ms) pop(q=0 f=0/16 p99rtt=40ms) custom(q=0 f=0/1 p99rtt=1ms) slots=25/25 jobs/s=572 drains=109479 evl=0ms
[2026-06-04 10:03:54.804] [info] [Worker 5] [libqueen] push(q=5 f=0/24 p99rtt=23ms) pop(q=0 f=0/16 p99rtt=42ms) custom(q=0 f=0/1 p99rtt=2ms) slots=25/25 jobs/s=549 drains=109602 evl=0ms
[2026-06-04 10:03:54.827] [info] [Worker 8] [libqueen] push(q=5 f=0/24 p99rtt=23ms) pop(q=0 f=0/16 p99rtt=42ms) custom(q=0 f=0/1 p99rtt=2ms) slots=25/25 jobs/s=555 drains=109210 evl=0ms
[2026-06-04 10:03:54.834] [info] [Worker 2] [libqueen] push(q=0 f=1/24 p99rtt=23ms) pop(q=0 f=0/16 p99rtt=43ms) custom(q=0 f=0/1 p99rtt=2ms) slots=24/25 jobs/s=558 drains=109981 evl=0ms
[2026-06-04 10:03:54.836] [info] [Worker 7] [libqueen] push(q=5 f=0/24 p99rtt=25ms) pop(q=0 f=0/16 p99rtt=40ms) custom(q=0 f=0/1 p99rtt=2ms) slots=25/25 jobs/s=570 drains=109591 evl=0ms
[2026-06-04 10:03:54.840] [info] [Worker 1] [libqueen] push(q=5 f=0/24 p99rtt=24ms) pop(q=0 f=0/16 p99rtt=41ms) custom(q=0 f=0/1 p99rtt=2ms) slots=25/25 jobs/s=549 drains=109635 evl=0ms
[2026-06-04 10:03:54.841] [info] [Worker 9] [libqueen] push(q=5 f=0/24 p99rtt=24ms) pop(q=0 f=0/16 p99rtt=43ms) custom(q=0 f=0/1 p99rtt=1ms) slots=25/25 jobs/s=566 drains=109616 evl=0ms
[2026-06-04 10:03:54.842] [info] [Worker 6] [libqueen] push(q=0 f=1/24 p99rtt=23ms) pop(q=0 f=0/16 p99rtt=43ms) custom(q=0 f=0/1 p99rtt=2ms) slots=24/25 jobs/s=564 drains=109659 evl=0ms
[2026-06-04 10:03:55.742] [info] [Worker 4] [libqueen] push(q=5 f=0/24 p99rtt=24ms) pop(q=0 f=0/16 p99rtt=41ms) custom(q=0 f=0/1 p99rtt=1ms) slots=25/25 jobs/s=498 drains=109989 evl=0ms
[2026-06-04 10:03:55.764] [info] [Worker 0] [libqueen] push(q=5 f=0/24 p99rtt=23ms) pop(q=0 f=0/16 p99rtt=42ms) custom(q=0 f=0/1 p99rtt=2ms) slots=25/25 jobs/s=474 drains=110330 evl=0ms
[2026-06-04 10:03:55.771] [info] [Worker 3] [libqueen] push(q=0 f=1/24 p99rtt=24ms) pop(q=0 f=0/16 p99rtt=40ms) custom(q=0 f=0/1 p99rtt=2ms) slots=24/25 jobs/s=498 drains=110172 evl=0ms
[2026-06-04 10:03:55.804] [info] [Worker 5] [libqueen] push(q=0 f=1/24 p99rtt=24ms) pop(q=0 f=0/16 p99rtt=42ms) custom(q=0 f=0/1 p99rtt=2ms) slots=24/25 jobs/s=498 drains=110302 evl=0ms
[2026-06-04 10:03:55.827] [info] [Worker 8] [libqueen] push(q=0 f=1/24 p99rtt=26ms) pop(q=0 f=0/16 p99rtt=42ms) custom(q=0 f=0/1 p99rtt=2ms) slots=24/25 jobs/s=504 drains=109898 evl=0ms
[2026-06-04 10:03:55.834] [info] [Worker 2] [libqueen] push(q=0 f=1/24 p99rtt=24ms) pop(q=0 f=0/16 p99rtt=43ms) custom(q=0 f=0/1 p99rtt=3ms) slots=24/25 jobs/s=480 drains=110654 evl=0ms
[2026-06-04 10:03:55.836] [info] [Worker 7] [libqueen] push(q=0 f=1/24 p99rtt=26ms) pop(q=0 f=0/16 p99rtt=40ms) custom(q=0 f=0/1 p99rtt=2ms) slots=24/25 jobs/s=498 drains=110279 evl=0ms
[2026-06-04 10:03:55.841] [info] [Worker 1] [libqueen] push(q=5 f=0/24 p99rtt=25ms) pop(q=0 f=0/16 p99rtt=41ms) custom(q=0 f=0/1 p99rtt=2ms) slots=25/25 jobs/s=486 drains=110320 evl=0ms
[2026-06-04 10:03:55.842] [info] [Worker 9] [libqueen] push(q=5 f=0/24 p99rtt=24ms) pop(q=0 f=0/16 p99rtt=43ms) custom(q=0 f=0/1 p99rtt=2ms) slots=25/25 jobs/s=486 drains=110268 evl=0ms
[2026-06-04 10:03:55.843] [info] [Worker 6] [libqueen] push(q=5 f=0/24 p99rtt=23ms) pop(q=0 f=0/16 p99rtt=43ms) custom(q=0 f=0/1 p99rtt=2ms) slots=25/25 jobs/s=492 drains=110368 evl=0ms
[2026-06-04 10:03:56.135] [info] QPOP: Connection aborted for cac6f4bf-b3b7-4624-b3ed-1127a1d58602
[2026-06-04 10:03:56.163] [info] QPOP: Connection aborted for 78e40551-af4a-45c9-87b0-a9eee8b8fda0
[2026-06-04 10:03:56.741] [info] [Worker 4] [libqueen] push(q=0 f=1/24 p99rtt=24ms) pop(q=0 f=0/16 p99rtt=41ms) custom(q=0 f=0/1 p99rtt=2ms) slots=24/25 jobs/s=534 drains=110732 evl=0ms
[2026-06-04 10:03:56.764] [info] [Worker 0] [libqueen] push(q=0 f=0/24 p99rtt=23ms) pop(q=0 f=0/16 p99rtt=42ms) custom(q=0 f=1/1 p99rtt=2ms) slots=24/25 jobs/s=533 drains=111072 evl=0ms
[2026-06-04 10:03:56.771] [info] [Worker 3] [libqueen] push(q=5 f=0/24 p99rtt=23ms) pop(q=0 f=0/16 p99rtt=40ms) custom(q=0 f=0/1 p99rtt=3ms) slots=25/25 jobs/s=546 drains=110931 evl=0ms
[2026-06-04 10:03:56.804] [info] [Worker 5] [libqueen] push(q=0 f=1/24 p99rtt=24ms) pop(q=0 f=0/16 p99rtt=42ms) custom(q=0 f=0/1 p99rtt=3ms) slots=24/25 jobs/s=528 drains=111039 evl=0ms
[2026-06-04 10:03:56.827] [info] [Worker 8] [libqueen] push(q=5 f=0/24 p99rtt=26ms) pop(q=0 f=0/16 p99rtt=42ms) custom(q=0 f=0/1 p99rtt=4ms) slots=25/25 jobs/s=540 drains=110643 evl=0ms
[2026-06-04 10:03:56.834] [info] [Worker 2] [libqueen] push(q=0 f=1/24 p99rtt=24ms) pop(q=0 f=0/16 p99rtt=43ms) custom(q=0 f=0/1 p99rtt=3ms) slots=24/25 jobs/s=522 drains=111391 evl=0ms
[2026-06-04 10:03:56.837] [info] [Worker 7] [libqueen] push(q=5 f=0/24 p99rtt=26ms) pop(q=0 f=0/16 p99rtt=40ms) custom(q=0 f=0/1 p99rtt=3ms) slots=25/25 jobs/s=528 drains=111011 evl=0ms
[2026-06-04 10:03:56.840] [info] [Worker 1] [libqueen] push(q=5 f=0/24 p99rtt=24ms) pop(q=0 f=0/16 p99rtt=41ms) custom(q=0 f=0/1 p99rtt=3ms) slots=25/25 jobs/s=546 drains=111080 evl=0ms
[2026-06-04 10:03:56.842] [info] [Worker 9] [libqueen] push(q=5 f=0/24 p99rtt=24ms) pop(q=0 f=0/16 p99rtt=43ms) custom(q=0 f=0/1 p99rtt=3ms) slots=25/25 jobs/s=528 drains=110992 evl=0ms
[2026-06-04 10:03:56.843] [info] [Worker 6] [libqueen] push(q=0 f=1/24 p99rtt=24ms) pop(q=0 f=0/16 p99rtt=43ms) custom(q=0 f=0/1 p99rtt=3ms) slots=24/25 jobs/s=522 drains=111083 evl=0ms
[2026-06-04 10:03:57.030] [info] QPOP: Connection aborted for fda74c5e-3ddb-4ec1-be90-9e1e48631252
[2026-06-04 10:03:57.052] [info] QPOP: Connection aborted for 3f1231f5-e9c6-4696-be92-c35f22c18122
[2026-06-04 10:03:57.071] [info] QPOP: Connection aborted for 3e7934be-e74a-4d43-9a4d-0ad83bfd12de
[2026-06-04 10:03:57.113] [info] QPOP: Connection aborted for 4f28c0ed-c3d6-4dd9-95c8-ac85e04582d7
[2026-06-04 10:03:57.141] [info] QPOP: Connection aborted for 71a2cb09-bb1d-466e-ab7f-eb3d59df585e
[2026-06-04 10:03:57.141] [info] QPOP: Connection aborted for 873a3a29-86a2-41fe-bc02-189feadbb9b1
[2026-06-04 10:03:57.141] [info] QPOP: Connection aborted for b166c8fe-3d58-426d-b61f-a51bb25e3818
[2026-06-04 10:03:57.142] [info] QPOP: Connection aborted for 9e036461-5247-489a-a145-c2dc407891c1
[2026-06-04 10:03:57.157] [info] QPOP: Connection aborted for 897cc69b-afbe-49cc-81c7-b572e5d75de3
[2026-06-04 10:03:57.158] [info] QPOP: Connection aborted for 1706fe67-587e-42ba-86b6-ebdb2f0bbd1b
[2026-06-04 10:03:57.174] [info] QPOP: Connection aborted for e8ef3354-2d87-4f3b-af07-c146b88cfabb
[2026-06-04 10:03:57.742] [info] [Worker 4] [libqueen] push(q=5 f=0/24 p99rtt=25ms) pop(q=0 f=0/16 p99rtt=41ms) custom(q=0 f=0/1 p99rtt=3ms) slots=25/25 jobs/s=489 drains=111429 evl=0ms
[2026-06-04 10:03:57.764] [info] [Worker 0] [libqueen] push(q=0 f=1/24 p99rtt=23ms) pop(q=0 f=0/16 p99rtt=42ms) custom(q=0 f=0/1 p99rtt=3ms) slots=24/25 jobs/s=473 drains=111756 evl=0ms
[2026-06-04 10:03:57.772] [info] [Worker 3] [libqueen] push(q=2 f=0/24 p99rtt=23ms) pop(q=0 f=0/16 p99rtt=38ms) custom(q=0 f=1/1 p99rtt=3ms) slots=24/25 jobs/s=494 drains=111617 evl=0ms
[2026-06-04 10:03:57.803] [info] [Worker 5] [libqueen] push(q=2 f=0/24 p99rtt=24ms) pop(q=0 f=0/16 p99rtt=39ms) custom(q=0 f=0/1 p99rtt=3ms) slots=25/25 jobs/s=483 drains=111726 evl=0ms
[2026-06-04 10:03:57.826] [info] [Worker 8] [libqueen] push(q=0 f=1/24 p99rtt=26ms) pop(q=0 f=0/16 p99rtt=42ms) custom(q=0 f=0/1 p99rtt=4ms) slots=24/25 jobs/s=466 drains=111305 evl=0ms
[2026-06-04 10:03:57.834] [info] [Worker 2] [libqueen] push(q=5 f=0/24 p99rtt=24ms) pop(q=0 f=0/16 p99rtt=41ms) custom(q=0 f=0/1 p99rtt=3ms) slots=25/25 jobs/s=484 drains=112084 evl=0ms
[2026-06-04 10:03:57.837] [info] [Worker 7] [libqueen] push(q=0 f=1/24 p99rtt=26ms) pop(q=0 f=0/16 p99rtt=40ms) custom(q=0 f=0/1 p99rtt=3ms) slots=24/25 jobs/s=466 drains=111689 evl=0ms
[2026-06-04 10:03:57.841] [info] [Worker 1] [libqueen] push(q=1 f=0/24 p99rtt=24ms) pop(q=0 f=0/16 p99rtt=41ms) custom(q=0 f=1/1 p99rtt=3ms) slots=24/25 jobs/s=495 drains=111778 evl=0ms
[2026-06-04 10:03:57.842] [info] [Worker 9] [libqueen] push(q=5 f=0/24 p99rtt=24ms) pop(q=0 f=0/16 p99rtt=42ms) custom(q=0 f=0/1 p99rtt=4ms) slots=25/25 jobs/s=484 drains=111693 evl=0ms
[2026-06-04 10:03:57.843] [info] [Worker 6] [libqueen] push(q=5 f=0/24 p99rtt=24ms) pop(q=0 f=0/16 p99rtt=43ms) custom(q=0 f=0/1 p99rtt=3ms) slots=25/25 jobs/s=495 drains=111783 evl=0ms
[2026-06-04 10:03:58.741] [info] [Worker 4] [libqueen] push(q=3 f=0/24 p99rtt=25ms) pop(q=0 f=0/16 p99rtt=41ms) custom(q=0 f=0/1 p99rtt=3ms) slots=25/25 jobs/s=522 drains=112143 evl=0ms
[2026-06-04 10:03:58.764] [info] [Worker 0] [libqueen] push(q=5 f=0/24 p99rtt=25ms) pop(q=0 f=0/16 p99rtt=42ms) custom(q=0 f=0/1 p99rtt=3ms) slots=25/25 jobs/s=522 drains=112489 evl=0ms
[2026-06-04 10:03:58.772] [info] [Worker 3] [libqueen] push(q=5 f=0/24 p99rtt=24ms) pop(q=0 f=0/16 p99rtt=38ms) custom(q=0 f=0/1 p99rtt=4ms) slots=25/25 jobs/s=530 drains=112358 evl=0ms
[2026-06-04 10:03:58.803] [info] [Worker 5] [libqueen] push(q=0 f=1/24 p99rtt=26ms) pop(q=0 f=0/16 p99rtt=39ms) custom(q=0 f=0/1 p99rtt=3ms) slots=24/25 jobs/s=528 drains=112478 evl=0ms
[2026-06-04 10:03:58.827] [info] [Worker 8] [libqueen] push(q=5 f=0/24 p99rtt=26ms) pop(q=0 f=0/16 p99rtt=42ms) custom(q=0 f=0/1 p99rtt=4ms) slots=25/25 jobs/s=522 drains=112027 evl=0ms
[2026-06-04 10:03:58.833] [info] [Worker 2] [libqueen] push(q=0 f=0/24 p99rtt=25ms) pop(q=0 f=0/16 p99rtt=41ms) custom(q=0 f=0/1 p99rtt=5ms) slots=25/25 jobs/s=534 drains=112835 evl=0ms
[2026-06-04 10:03:58.837] [info] [Worker 7] [libqueen] push(q=0 f=0/24 p99rtt=26ms) pop(q=0 f=0/16 p99rtt=40ms) custom(q=0 f=0/1 p99rtt=4ms) slots=25/25 jobs/s=534 drains=112422 evl=0ms
[2026-06-04 10:03:58.840] [info] [Worker 1] [libqueen] push(q=0 f=1/24 p99rtt=25ms) pop(q=0 f=0/16 p99rtt=41ms) custom(q=0 f=0/1 p99rtt=3ms) slots=24/25 jobs/s=529 drains=112530 evl=0ms
[2026-06-04 10:03:58.843] [info] [Worker 9] [libqueen] push(q=0 f=1/24 p99rtt=24ms) pop(q=0 f=0/16 p99rtt=42ms) custom(q=0 f=0/1 p99rtt=5ms) slots=24/25 jobs/s=528 drains=112420 evl=0ms
[2026-06-04 10:03:58.843] [info] [Worker 6] [libqueen] push(q=0 f=1/24 p99rtt=24ms) pop(q=0 f=0/16 p99rtt=40ms) custom(q=0 f=0/1 p99rtt=3ms) slots=24/25 jobs/s=540 drains=112519 evl=0ms
[2026-06-04 10:03:59.269] [info] PartitionLookupReconcileService: fixed 1 partition_lookup rows (stats leader, hostname=c932ee286edc)
[2026-06-04 10:03:59.741] [info] [Worker 4] [libqueen] push(q=1 f=0/24 p99rtt=25ms) pop(q=0 f=0/16 p99rtt=40ms) custom(q=0 f=0/1 p99rtt=3ms) slots=25/25 jobs/s=618 drains=112987 evl=0ms
[2026-06-04 10:03:59.764] [info] [Worker 0] [libqueen] push(q=5 f=0/24 p99rtt=24ms) pop(q=0 f=0/16 p99rtt=42ms) custom(q=0 f=0/1 p99rtt=3ms) slots=25/25 jobs/s=618 drains=113333 evl=0ms
[2026-06-04 10:03:59.771] [info] [Worker 3] [libqueen] push(q=0 f=1/24 p99rtt=24ms) pop(q=0 f=0/16 p99rtt=38ms) custom(q=0 f=0/1 p99rtt=4ms) slots=24/25 jobs/s=618 drains=113221 evl=0ms
[2026-06-04 10:03:59.804] [info] [Worker 5] [libqueen] push(q=3 f=0/24 p99rtt=24ms) pop(q=0 f=0/16 p99rtt=39ms) custom(q=0 f=0/1 p99rtt=4ms) slots=25/25 jobs/s=618 drains=113343 evl=0ms
[2026-06-04 10:03:59.828] [info] [Worker 8] [libqueen] push(q=0 f=1/24 p99rtt=25ms) pop(q=0 f=0/16 p99rtt=42ms) custom(q=0 f=0/1 p99rtt=4ms) slots=24/25 jobs/s=618 drains=112873 evl=0ms
[2026-06-04 10:03:59.834] [info] [Worker 2] [libqueen] push(q=0 f=1/24 p99rtt=24ms) pop(q=0 f=0/16 p99rtt=41ms) custom(q=0 f=0/1 p99rtt=5ms) slots=24/25 jobs/s=612 drains=113671 evl=0ms
[2026-06-04 10:03:59.836] [info] [Worker 7] [libqueen] push(q=5 f=0/24 p99rtt=26ms) pop(q=0 f=0/16 p99rtt=40ms) custom(q=0 f=0/1 p99rtt=4ms) slots=25/25 jobs/s=606 drains=113266 evl=0ms
[2026-06-04 10:03:59.841] [info] [Worker 1] [libqueen] push(q=5 f=0/24 p99rtt=25ms) pop(q=0 f=0/16 p99rtt=41ms) custom(q=0 f=0/1 p99rtt=3ms) slots=25/25 jobs/s=618 drains=113378 evl=0ms
[2026-06-04 10:03:59.843] [info] [Worker 9] [libqueen] push(q=0 f=1/24 p99rtt=24ms) pop(q=0 f=0/16 p99rtt=42ms) custom(q=0 f=0/1 p99rtt=4ms) slots=24/25 jobs/s=618 drains=113260 evl=0ms
[2026-06-04 10:03:59.844] [info] [Worker 6] [libqueen] push(q=0 f=1/24 p99rtt=24ms) pop(q=0 f=0/16 p99rtt=40ms) custom(q=0 f=0/1 p99rtt=3ms) slots=24/25 jobs/s=624 drains=113366 evl=0ms
[2026-06-04 10:04:00.742] [info] [Worker 4] [libqueen] push(q=0 f=1/24 p99rtt=24ms) pop(q=0 f=0/16 p99rtt=40ms) custom(q=3 f=0/1 p99rtt=3ms) slots=24/25 jobs/s=624 drains=113844 evl=0ms
[2026-06-04 10:04:00.764] [info] [Worker 0] [libqueen] push(q=5 f=0/24 p99rtt=24ms) pop(q=0 f=0/16 p99rtt=42ms) custom(q=3 f=0/1 p99rtt=3ms) slots=25/25 jobs/s=618 drains=114174 evl=0ms
[2026-06-04 10:04:00.772] [info] [Worker 3] [libqueen] push(q=0 f=1/24 p99rtt=24ms) pop(q=0 f=0/16 p99rtt=38ms) custom(q=3 f=0/1 p99rtt=4ms) slots=24/25 jobs/s=606 drains=114038 evl=0ms
[2026-06-04 10:04:00.804] [info] [Worker 5] [libqueen] push(q=5 f=0/24 p99rtt=26ms) pop(q=0 f=0/16 p99rtt=39ms) custom(q=3 f=0/1 p99rtt=3ms) slots=25/25 jobs/s=618 drains=114192 evl=0ms
[2026-06-04 10:04:00.828] [info] [Worker 8] [libqueen] push(q=5 f=0/24 p99rtt=24ms) pop(q=0 f=0/16 p99rtt=42ms) custom(q=3 f=0/1 p99rtt=4ms) slots=25/25 jobs/s=606 drains=113699 evl=0ms
[2026-06-04 10:04:00.834] [info] [Worker 2] [libqueen] push(q=5 f=0/24 p99rtt=24ms) pop(q=0 f=0/16 p99rtt=41ms) custom(q=3 f=0/1 p99rtt=3ms) slots=25/25 jobs/s=606 drains=114509 evl=0ms
[2026-06-04 10:04:00.836] [info] [Worker 7] [libqueen] push(q=0 f=0/24 p99rtt=25ms) pop(q=0 f=0/16 p99rtt=40ms) custom(q=3 f=1/1 p99rtt=3ms) slots=24/25 jobs/s=611 drains=114077 evl=0ms
[2026-06-04 10:04:00.841] [info] [Worker 1] [libqueen] push(q=5 f=0/24 p99rtt=25ms) pop(q=0 f=0/16 p99rtt=41ms) custom(q=3 f=0/1 p99rtt=3ms) slots=25/25 jobs/s=606 drains=114202 evl=0ms
[2026-06-04 10:04:00.843] [info] [Worker 9] [libqueen] push(q=5 f=0/24 p99rtt=26ms) pop(q=0 f=0/16 p99rtt=42ms) custom(q=3 f=0/1 p99rtt=4ms) slots=25/25 jobs/s=624 drains=114106 evl=0ms
[2026-06-04 10:04:00.844] [info] [Worker 6] [libqueen] push(q=5 f=0/24 p99rtt=24ms) pop(q=0 f=0/16 p99rtt=40ms) custom(q=3 f=0/1 p99rtt=3ms) slots=25/25 jobs/s=618 drains=114216 evl=0ms
[2026-06-04 10:04:01.741] [info] [Worker 4] [libqueen] push(q=5 f=0/24 p99rtt=25ms) pop(q=0 f=0/16 p99rtt=40ms) custom(q=0 f=0/1 p99rtt=3ms) slots=25/25 jobs/s=621 drains=114689 evl=0ms
[2026-06-04 10:04:01.764] [info] [Worker 0] [libqueen] push(q=0 f=1/24 p99rtt=24ms) pop(q=0 f=0/16 p99rtt=42ms) custom(q=0 f=0/1 p99rtt=3ms) slots=24/25 jobs/s=633 drains=115034 evl=0ms
[2026-06-04 10:04:01.771] [info] [Worker 3] [libqueen] push(q=5 f=0/24 p99rtt=24ms) pop(q=0 f=0/16 p99rtt=38ms) custom(q=0 f=0/1 p99rtt=4ms) slots=25/25 jobs/s=633 drains=114891 evl=0ms
[2026-06-04 10:04:01.804] [info] [Worker 5] [libqueen] push(q=0 f=1/24 p99rtt=26ms) pop(q=0 f=0/16 p99rtt=39ms) custom(q=0 f=0/1 p99rtt=3ms) slots=24/25 jobs/s=615 drains=115056 evl=0ms
[2026-06-04 10:04:01.827] [info] [Worker 8] [libqueen] push(q=0 f=0/24 p99rtt=24ms) pop(q=0 f=0/16 p99rtt=42ms) custom(q=0 f=1/1 p99rtt=4ms) slots=24/25 jobs/s=620 drains=114556 evl=0ms
[2026-06-04 10:04:01.834] [info] [Worker 2] [libqueen] push(q=5 f=0/24 p99rtt=25ms) pop(q=0 f=0/16 p99rtt=41ms) custom(q=0 f=0/1 p99rtt=3ms) slots=25/25 jobs/s=615 drains=115349 evl=0ms
[2026-06-04 10:04:01.837] [info] [Worker 7] [libqueen] push(q=5 f=0/24 p99rtt=25ms) pop(q=0 f=0/16 p99rtt=40ms) custom(q=0 f=0/1 p99rtt=4ms) slots=25/25 jobs/s=634 drains=114952 evl=0ms
[2026-06-04 10:04:01.841] [info] [Worker 1] [libqueen] push(q=0 f=1/24 p99rtt=26ms) pop(q=0 f=0/16 p99rtt=41ms) custom(q=0 f=0/1 p99rtt=3ms) slots=24/25 jobs/s=627 drains=115049 evl=0ms
[2026-06-04 10:04:01.842] [info] [Worker 9] [libqueen] push(q=5 f=0/24 p99rtt=24ms) pop(q=0 f=0/16 p99rtt=42ms) custom(q=0 f=0/1 p99rtt=4ms) slots=25/25 jobs/s=615 drains=114938 evl=0ms
[2026-06-04 10:04:01.844] [info] [Worker 6] [libqueen] push(q=5 f=0/24 p99rtt=24ms) pop(q=0 f=0/16 p99rtt=40ms) custom(q=0 f=0/1 p99rtt=3ms) slots=25/25 jobs/s=627 drains=115074 evl=0ms
[2026-06-04 10:04:02.741] [info] [Worker 4] [libqueen] push(q=0 f=0/24 p99rtt=25ms) pop(q=0 f=0/16 p99rtt=40ms) custom(q=0 f=0/1 p99rtt=3ms) slots=25/25 jobs/s=606 drains=115484 evl=0ms
[2026-06-04 10:04:02.765] [info] [Worker 0] [libqueen] push(q=5 f=0/24 p99rtt=26ms) pop(q=0 f=0/16 p99rtt=42ms) custom(q=0 f=0/1 p99rtt=3ms) slots=25/25 jobs/s=618 drains=115880 evl=0ms
[2026-06-04 10:04:02.772] [info] [Worker 3] [libqueen] push(q=0 f=1/24 p99rtt=25ms) pop(q=0 f=0/16 p99rtt=38ms) custom(q=0 f=0/1 p99rtt=4ms) slots=24/25 jobs/s=618 drains=115742 evl=0ms
[2026-06-04 10:04:02.803] [info] [Worker 5] [libqueen] push(q=0 f=0/24 p99rtt=26ms) pop(q=0 f=0/16 p99rtt=39ms) custom(q=0 f=1/1 p99rtt=4ms) slots=24/25 jobs/s=623 drains=115925 evl=0ms
[2026-06-04 10:04:02.828] [info] [Worker 8] [libqueen] push(q=5 f=0/24 p99rtt=25ms) pop(q=0 f=0/16 p99rtt=42ms) custom(q=0 f=0/1 p99rtt=4ms) slots=25/25 jobs/s=601 drains=115380 evl=0ms
[2026-06-04 10:04:02.834] [info] [Worker 2] [libqueen] push(q=0 f=1/24 p99rtt=24ms) pop(q=0 f=0/16 p99rtt=41ms) custom(q=0 f=0/1 p99rtt=3ms) slots=24/25 jobs/s=618 drains=116203 evl=0ms
[2026-06-04 10:04:02.836] [info] [Worker 7] [libqueen] push(q=5 f=0/24 p99rtt=25ms) pop(q=0 f=0/16 p99rtt=39ms) custom(q=0 f=0/1 p99rtt=3ms) slots=25/25 jobs/s=618 drains=115805 evl=0ms
[2026-06-04 10:04:02.842] [info] [Worker 1] [libqueen] push(q=5 f=0/24 p99rtt=26ms) pop(q=0 f=0/16 p99rtt=41ms) custom(q=0 f=0/1 p99rtt=3ms) slots=25/25 jobs/s=606 drains=115895 evl=0ms
[2026-06-04 10:04:02.843] [info] [Worker 9] [libqueen] push(q=5 f=0/24 p99rtt=24ms) pop(q=0 f=0/16 p99rtt=42ms) custom(q=0 f=0/1 p99rtt=4ms) slots=25/25 jobs/s=606 drains=115771 evl=0ms
[2026-06-04 10:04:02.843] [info] [Worker 6] [libqueen] push(q=5 f=0/24 p99rtt=24ms) pop(q=0 f=0/16 p99rtt=40ms) custom(q=0 f=0/1 p99rtt=3ms) slots=25/25 jobs/s=606 drains=115902 evl=0ms
[2026-06-04 10:04:03.441] [info] StatsService: cycle completed in 300ms
[2026-06-04 10:04:03.742] [info] [Worker 4] [libqueen] push(q=0 f=1/24 p99rtt=24ms) pop(q=0 f=0/16 p99rtt=40ms) custom(q=0 f=0/1 p99rtt=3ms) slots=24/25 jobs/s=582 drains=116303 evl=0ms
[2026-06-04 10:04:03.765] [info] [Worker 0] [libqueen] push(q=5 f=0/24 p99rtt=23ms) pop(q=0 f=0/16 p99rtt=42ms) custom(q=0 f=0/1 p99rtt=3ms) slots=25/25 jobs/s=606 drains=116706 evl=0ms
[2026-06-04 10:04:03.772] [info] [Worker 3] [libqueen] push(q=0 f=0/24 p99rtt=24ms) pop(q=0 f=0/16 p99rtt=38ms) custom(q=0 f=1/1 p99rtt=4ms) slots=24/25 jobs/s=605 drains=116575 evl=0ms
[2026-06-04 10:04:03.804] [info] [Worker 5] [libqueen] push(q=0 f=1/24 p99rtt=24ms) pop(q=0 f=0/16 p99rtt=39ms) custom(q=0 f=0/1 p99rtt=3ms) slots=24/25 jobs/s=613 drains=116773 evl=0ms
[2026-06-04 10:04:03.829] [info] [Worker 8] [libqueen] push(q=0 f=1/24 p99rtt=24ms) pop(q=0 f=0/16 p99rtt=42ms) custom(q=0 f=0/1 p99rtt=3ms) slots=24/25 jobs/s=600 drains=116190 evl=0ms
[2026-06-04 10:04:03.833] [info] [Worker 2] [libqueen] push(q=5 f=0/24 p99rtt=24ms) pop(q=0 f=0/16 p99rtt=41ms) custom(q=0 f=0/1 p99rtt=3ms) slots=25/25 jobs/s=594 drains=117038 evl=0ms
[2026-06-04 10:04:03.836] [info] [Worker 7] [libqueen] push(q=5 f=0/24 p99rtt=24ms) pop(q=0 f=0/16 p99rtt=39ms) custom(q=0 f=0/1 p99rtt=3ms) slots=25/25 jobs/s=612 drains=116663 evl=0ms
[2026-06-04 10:04:03.841] [info] [Worker 1] [libqueen] push(q=0 f=1/24 p99rtt=25ms) pop(q=0 f=0/16 p99rtt=41ms) custom(q=0 f=0/1 p99rtt=3ms) slots=24/25 jobs/s=594 drains=116732 evl=0ms
[2026-06-04 10:04:03.842] [info] [Worker 9] [libqueen] push(q=0 f=0/24 p99rtt=24ms) pop(q=0 f=0/16 p99rtt=42ms) custom(q=0 f=1/1 p99rtt=4ms) slots=24/25 jobs/s=605 drains=116587 evl=0ms
[2026-06-04 10:04:03.843] [info] [Worker 6] [libqueen] push(q=1 f=0/24 p99rtt=24ms) pop(q=0 f=0/16 p99rtt=40ms) custom(q=0 f=1/1 p99rtt=3ms) slots=24/25 jobs/s=599 drains=116726 evl=0ms
[2026-06-04 10:04:04.742] [info] [Worker 4] [libqueen] push(q=5 f=0/24 p99rtt=24ms) pop(q=0 f=0/16 p99rtt=40ms) custom(q=0 f=0/1 p99rtt=3ms) slots=25/25 jobs/s=618 drains=117146 evl=0ms
[2026-06-04 10:04:04.765] [info] [Worker 0] [libqueen] push(q=5 f=0/24 p99rtt=24ms) pop(q=0 f=0/16 p99rtt=42ms) custom(q=0 f=0/1 p99rtt=3ms) slots=25/25 jobs/s=612 drains=117555 evl=0ms
[2026-06-04 10:04:04.772] [info] [Worker 3] [libqueen] push(q=5 f=0/24 p99rtt=24ms) pop(q=0 f=0/16 p99rtt=38ms) custom(q=0 f=0/1 p99rtt=4ms) slots=25/25 jobs/s=613 drains=117429 evl=0ms
[2026-06-04 10:04:04.804] [info] [Worker 5] [libqueen] push(q=5 f=0/24 p99rtt=26ms) pop(q=0 f=0/16 p99rtt=39ms) custom(q=0 f=0/1 p99rtt=3ms) slots=25/25 jobs/s=618 drains=117631 evl=0ms
[2026-06-04 10:04:04.829] [info] [Worker 8] [libqueen] push(q=0 f=1/24 p99rtt=24ms) pop(q=0 f=0/16 p99rtt=42ms) custom(q=0 f=0/1 p99rtt=3ms) slots=24/25 jobs/s=612 drains=117020 evl=0ms
[2026-06-04 10:04:04.834] [info] [Worker 2] [libqueen] push(q=0 f=1/24 p99rtt=24ms) pop(q=0 f=0/16 p99rtt=41ms) custom(q=0 f=0/1 p99rtt=3ms) slots=24/25 jobs/s=606 drains=117868 evl=0ms
[2026-06-04 10:04:04.837] [info] [Worker 7] [libqueen] push(q=0 f=1/24 p99rtt=24ms) pop(q=0 f=0/16 p99rtt=39ms) custom(q=0 f=0/1 p99rtt=4ms) slots=24/25 jobs/s=618 drains=117504 evl=0ms
[2026-06-04 10:04:04.843] [info] [Worker 9] [libqueen] push(q=1 f=0/24 p99rtt=24ms) pop(q=0 f=0/16 p99rtt=42ms) custom(q=0 f=1/1 p99rtt=4ms) slots=24/25 jobs/s=618 drains=117445 evl=0ms
[2026-06-04 10:04:04.843] [info] [Worker 1] [libqueen] push(q=3 f=0/24 p99rtt=25ms) pop(q=0 f=0/16 p99rtt=41ms) custom(q=0 f=1/1 p99rtt=3ms) slots=24/25 jobs/s=617 drains=117577 evl=0ms
[2026-06-04 10:04:04.844] [info] [Worker 6] [libqueen] push(q=5 f=0/24 p99rtt=24ms) pop(q=0 f=0/16 p99rtt=40ms) custom(q=0 f=0/1 p99rtt=3ms) slots=25/25 jobs/s=619 drains=117576 evl=0ms
[2026-06-04 10:04:05.741] [info] [Worker 4] [libqueen] push(q=5 f=0/24 p99rtt=25ms) pop(q=0 f=0/16 p99rtt=40ms) custom(q=0 f=0/1 p99rtt=3ms) slots=25/25 jobs/s=564 drains=117920 evl=0ms
[2026-06-04 10:04:05.765] [info] [Worker 0] [libqueen] push(q=5 f=0/24 p99rtt=23ms) pop(q=0 f=0/16 p99rtt=42ms) custom(q=0 f=0/1 p99rtt=3ms) slots=25/25 jobs/s=582 drains=118364 evl=0ms
[2026-06-04 10:04:05.772] [info] [Worker 3] [libqueen] push(q=0 f=1/24 p99rtt=24ms) pop(q=0 f=0/16 p99rtt=38ms) custom(q=0 f=0/1 p99rtt=3ms) slots=24/25 jobs/s=552 drains=118194 evl=0ms
[2026-06-04 10:04:05.803] [info] [Worker 5] [libqueen] push(q=3 f=0/24 p99rtt=25ms) pop(q=0 f=0/16 p99rtt=39ms) custom(q=0 f=0/1 p99rtt=3ms) slots=25/25 jobs/s=576 drains=118431 evl=0ms
[2026-06-04 10:04:05.829] [info] [Worker 8] [libqueen] push(q=5 f=0/24 p99rtt=24ms) pop(q=0 f=0/16 p99rtt=42ms) custom(q=0 f=0/1 p99rtt=3ms) slots=25/25 jobs/s=564 drains=117776 evl=0ms
[2026-06-04 10:04:05.834] [info] [Worker 2] [libqueen] push(q=0 f=1/24 p99rtt=24ms) pop(q=0 f=0/16 p99rtt=41ms) custom(q=0 f=0/1 p99rtt=3ms) slots=24/25 jobs/s=588 drains=118696 evl=0ms
[2026-06-04 10:04:05.836] [info] [Worker 7] [libqueen] push(q=5 f=0/24 p99rtt=24ms) pop(q=0 f=0/16 p99rtt=39ms) custom(q=0 f=0/1 p99rtt=3ms) slots=25/25 jobs/s=600 drains=118345 evl=0ms
[2026-06-04 10:04:05.843] [info] [Worker 1] [libqueen] push(q=5 f=0/24 p99rtt=24ms) pop(q=0 f=0/16 p99rtt=41ms) custom(q=0 f=0/1 p99rtt=3ms) slots=25/25 jobs/s=571 drains=118373 evl=0ms
[2026-06-04 10:04:05.843] [info] [Worker 9] [libqueen] push(q=5 f=0/24 p99rtt=24ms) pop(q=0 f=0/16 p99rtt=42ms) custom(q=0 f=0/1 p99rtt=3ms) slots=25/25 jobs/s=571 drains=118250 evl=0ms
[2026-06-04 10:04:05.844] [info] [Worker 6] [libqueen] push(q=5 f=0/24 p99rtt=24ms) pop(q=0 f=0/16 p99rtt=40ms) custom(q=0 f=0/1 p99rtt=3ms) slots=25/25 jobs/s=594 drains=118364 evl=0ms
[2026-06-04 10:04:06.136] [info] QPOP: Connection aborted for 0d21ee07-6a23-47b5-86f0-05249200c828
[2026-06-04 10:04:06.164] [info] QPOP: Connection aborted for 2bed9ac1-629c-4186-b1e7-5359bf7798b6
[2026-06-04 10:04:06.742] [info] [Worker 4] [libqueen] push(q=5 f=0/24 p99rtt=24ms) pop(q=0 f=0/16 p99rtt=40ms) custom(q=0 f=0/1 p99rtt=2ms) slots=25/25 jobs/s=618 drains=118768 evl=0ms
[2026-06-04 10:04:06.764] [info] [Worker 0] [libqueen] push(q=0 f=0/24 p99rtt=23ms) pop(q=0 f=0/16 p99rtt=42ms) custom(q=0 f=1/1 p99rtt=2ms) slots=24/25 jobs/s=599 drains=119218 evl=0ms
[2026-06-04 10:04:06.772] [info] [Worker 3] [libqueen] push(q=0 f=1/24 p99rtt=23ms) pop(q=0 f=0/16 p99rtt=38ms) custom(q=0 f=0/1 p99rtt=2ms) slots=24/25 jobs/s=618 drains=119045 evl=0ms
[2026-06-04 10:04:06.804] [info] [Worker 5] [libqueen] push(q=5 f=0/24 p99rtt=22ms) pop(q=0 f=0/16 p99rtt=39ms) custom(q=0 f=0/1 p99rtt=2ms) slots=25/25 jobs/s=630 drains=119294 evl=0ms
[2026-06-04 10:04:06.829] [info] [Worker 8] [libqueen] push(q=0 f=1/24 p99rtt=23ms) pop(q=0 f=0/16 p99rtt=42ms) custom(q=0 f=0/1 p99rtt=2ms) slots=24/25 jobs/s=606 drains=118631 evl=0ms
[2026-06-04 10:04:06.834] [info] [Worker 2] [libqueen] push(q=0 f=0/24 p99rtt=24ms) pop(q=0 f=0/16 p99rtt=41ms) custom(q=0 f=0/1 p99rtt=2ms) slots=25/25 jobs/s=618 drains=119545 evl=0ms
[2026-06-04 10:04:06.837] [info] [Worker 7] [libqueen] push(q=5 f=0/24 p99rtt=24ms) pop(q=0 f=0/16 p99rtt=39ms) custom(q=0 f=0/1 p99rtt=3ms) slots=25/25 jobs/s=625 drains=119208 evl=0ms
[2026-06-04 10:04:06.843] [info] [Worker 9] [libqueen] push(q=5 f=0/24 p99rtt=24ms) pop(q=0 f=0/16 p99rtt=42ms) custom(q=0 f=0/1 p99rtt=3ms) slots=25/25 jobs/s=624 drains=119100 evl=0ms
[2026-06-04 10:04:06.843] [info] [Worker 1] [libqueen] push(q=0 f=1/24 p99rtt=23ms) pop(q=0 f=0/16 p99rtt=41ms) custom(q=0 f=0/1 p99rtt=2ms) slots=24/25 jobs/s=618 drains=119227 evl=0ms
[2026-06-04 10:04:06.844] [info] [Worker 6] [libqueen] push(q=5 f=0/24 p99rtt=24ms) pop(q=0 f=0/16 p99rtt=40ms) custom(q=0 f=0/1 p99rtt=2ms) slots=25/25 jobs/s=630 drains=119237 evl=0ms
[2026-06-04 10:04:06.924] [info] QPOP: Connection aborted for fd86b57c-d89c-4c1b-bb39-e4756fb126e8
[2026-06-04 10:04:06.935] [info] QPOP: Connection aborted for 79567103-f687-4e9d-be4d-2c849657128d
[2026-06-04 10:04:06.996] [info] QPOP: Connection aborted for 5588d8d5-4e3a-4ac0-8ebb-f63e3cce1c44
[2026-06-04 10:04:07.023] [info] QPOP: Connection aborted for 0385e0b5-eca2-49b3-8e3f-f3ea11c762ab
[2026-06-04 10:04:07.031] [info] QPOP: Connection aborted for 2ec431c9-4c7e-4701-8a5c-31ce40e06941
[2026-06-04 10:04:07.045] [info] QPOP: Connection aborted for 664775d0-f5f8-4106-a0a5-976631f61bf3
[2026-06-04 10:04:07.053] [info] QPOP: Connection aborted for 02b86412-54c7-4806-a33f-d68f28654301
[2026-06-04 10:04:07.060] [info] QPOP: Connection aborted for 5fbbb6cd-e044-4650-95bb-b2cb21b0bcc9
[2026-06-04 10:04:07.072] [info] QPOP: Connection aborted for 5a52b947-b382-4aaf-8725-87ce2debddde
[2026-06-04 10:04:07.075] [info] QPOP: Connection aborted for f052fa07-7a02-4b3b-8605-b848556e92d2
[2026-06-04 10:04:07.088] [info] QPOP: Connection aborted for 5234d385-870f-4c51-a881-bbf1d7beac3a
[2026-06-04 10:04:07.098] [info] QPOP: Connection aborted for 733e2ead-40a0-4561-b715-4b3d591d9ffa
[2026-06-04 10:04:07.111] [info] QPOP: Connection aborted for 08367205-85ce-42ab-9f45-0785109fc85f
[2026-06-04 10:04:07.114] [info] QPOP: Connection aborted for 151b3f3c-cb42-40f6-af03-dd4d0c2e4d25
[2026-06-04 10:04:07.142] [info] QPOP: Connection aborted for b69d2e61-429a-4f83-9dbd-d58afb58dfb7
[2026-06-04 10:04:07.143] [info] QPOP: Connection aborted for c23132df-3f7f-4698-af76-c43c5ffc533f
[2026-06-04 10:04:07.143] [info] QPOP: Connection aborted for 96c76c15-cf31-4f1d-b73e-4e73eb7ec58e
[2026-06-04 10:04:07.144] [info] QPOP: Connection aborted for 13312fcc-3db1-4a09-9ebf-bc5f1bbc8b4f
[2026-06-04 10:04:07.158] [info] QPOP: Connection aborted for af3568bf-93b4-4764-964f-76e8fa70961f
[2026-06-04 10:04:07.159] [info] QPOP: Connection aborted for 03620d02-f5e8-4eed-adf0-bb2ead783064
[2026-06-04 10:04:07.165] [info] QPOP: Connection aborted for 05f27db0-b5d8-4888-8433-2dc24c629a48
[2026-06-04 10:04:07.175] [info] QPOP: Connection aborted for bdc3c758-fd88-4d56-a2e8-d368d2cef489
[2026-06-04 10:04:07.179] [info] QPOP: Connection aborted for 9c800134-dc6e-428b-88ed-7ddbfd3c3f77
[2026-06-04 10:04:07.181] [info] QPOP: Connection aborted for 8b7faf5f-feaa-47d4-82f0-322a231a8009
[2026-06-04 10:04:07.181] [info] QPOP: Connection aborted for c3362dba-691e-48cb-bbeb-6516ded71fa4
[2026-06-04 10:04:07.189] [info] QPOP: Connection aborted for d386bf14-4e67-4649-a5b2-c4b30771e640
[2026-06-04 10:04:07.197] [info] QPOP: Connection aborted for 1c996539-fe03-48c5-be78-c2d536386b79
[2026-06-04 10:04:07.210] [info] QPOP: Connection aborted for fc02bd68-47f0-47c5-a9e7-6c6628ad8ca1
[2026-06-04 10:04:07.210] [info] QPOP: Connection aborted for 235eecc2-d8d1-4422-8e07-3713742f20a6
[2026-06-04 10:04:07.228] [info] QPOP: Connection aborted for 35fe5d3c-2728-407b-a58f-c859efbdb59a
[2026-06-04 10:04:07.228] [info] QPOP: Connection aborted for d64c9945-ea4c-48de-abc9-1ce4421d90bf
[2026-06-04 10:04:07.232] [info] QPOP: Connection aborted for c14c32d7-6701-42c3-8b64-734b63578774
[2026-06-04 10:04:07.243] [info] QPOP: Connection aborted for b1ed25c8-41f1-4a5d-aa8c-63636c56d11d
[2026-06-04 10:04:07.263] [info] QPOP: Connection aborted for 66aee408-3ee8-442e-bc6e-b750e4fbaed7
[2026-06-04 10:04:07.274] [info] QPOP: Connection aborted for 4125bb6b-4cf9-4b3a-8233-dfa82bc225f7
[2026-06-04 10:04:07.290] [info] QPOP: Connection aborted for 577cc2b9-a7f8-46de-aeb5-19ff8fe09aa0
[2026-06-04 10:04:07.290] [info] QPOP: Connection aborted for eab29e89-d6cd-4ae1-8dc8-0aee59f42def
[2026-06-04 10:04:07.290] [info] QPOP: Connection aborted for 30fc08bc-c698-4263-930d-f535148c7ded
[2026-06-04 10:04:07.291] [info] QPOP: Connection aborted for ad4ed9d1-b5ce-4f88-9fba-f7b3f907129a
[2026-06-04 10:04:07.298] [info] QPOP: Connection aborted for 2b1fd55d-dde3-49b6-a364-6e8ae7fa7100
[2026-06-04 10:04:07.304] [info] QPOP: Connection aborted for 173c13cc-e789-4a99-9eb8-49aaf60090d1
[2026-06-04 10:04:07.312] [info] QPOP: Connection aborted for e2f864ef-21d5-4a41-aecb-8fe8c8edd061
[2026-06-04 10:04:07.314] [info] QPOP: Connection aborted for a6f00ce9-71eb-4b34-84ab-32d10186e806
[2026-06-04 10:04:07.382] [info] QPOP: Connection aborted for 82c0434a-925e-4cf7-baf6-536652a4e6e0
[2026-06-04 10:04:07.418] [info] QPOP: Connection aborted for f3b89912-09db-4d57-b21f-e8f57ca59c11
[2026-06-04 10:04:07.418] [info] QPOP: Connection aborted for e759b6fc-c432-4355-90d8-1963ef025482
[2026-06-04 10:04:07.742] [info] [Worker 4] [libqueen] push(q=5 f=0/24 p99rtt=24ms) pop(q=0 f=0/16 p99rtt=40ms) custom(q=0 f=0/1 p99rtt=1ms) slots=25/25 jobs/s=594 drains=119589 evl=0ms
[2026-06-04 10:04:07.764] [info] [Worker 0] [libqueen] push(q=0 f=0/24 p99rtt=23ms) pop(q=0 f=0/16 p99rtt=42ms) custom(q=0 f=0/1 p99rtt=1ms) slots=25/25 jobs/s=595 drains=120045 evl=0ms
[2026-06-04 10:04:07.773] [info] [Worker 3] [libqueen] push(q=5 f=0/24 p99rtt=23ms) pop(q=0 f=0/16 p99rtt=38ms) custom(q=0 f=0/1 p99rtt=1ms) slots=25/25 jobs/s=607 drains=119898 evl=0ms
[2026-06-04 10:04:07.804] [info] [Worker 5] [libqueen] push(q=0 f=1/24 p99rtt=22ms) pop(q=0 f=0/16 p99rtt=39ms) custom(q=0 f=0/1 p99rtt=1ms) slots=24/25 jobs/s=588 drains=120095 evl=0ms
[2026-06-04 10:04:07.828] [info] [Worker 8] [libqueen] push(q=0 f=1/24 p99rtt=23ms) pop(q=0 f=0/16 p99rtt=40ms) custom(q=0 f=0/1 p99rtt=1ms) slots=24/25 jobs/s=582 drains=119456 evl=0ms
[2026-06-04 10:04:07.834] [info] [Worker 2] [libqueen] push(q=5 f=0/24 p99rtt=24ms) pop(q=0 f=0/16 p99rtt=41ms) custom(q=0 f=0/1 p99rtt=1ms) slots=25/25 jobs/s=582 drains=120373 evl=0ms
[2026-06-04 10:04:07.837] [info] [Worker 7] [libqueen] push(q=5 f=0/24 p99rtt=23ms) pop(q=0 f=0/16 p99rtt=39ms) custom(q=0 f=0/1 p99rtt=2ms) slots=25/25 jobs/s=582 drains=120029 evl=0ms
[2026-06-04 10:04:07.842] [info] [Worker 1] [libqueen] push(q=0 f=0/24 p99rtt=24ms) pop(q=0 f=0/16 p99rtt=41ms) custom(q=0 f=1/1 p99rtt=2ms) slots=24/25 jobs/s=593 drains=120047 evl=0ms
[2026-06-04 10:04:07.842] [info] [Worker 9] [libqueen] push(q=0 f=1/24 p99rtt=24ms) pop(q=0 f=0/16 p99rtt=42ms) custom(q=0 f=0/1 p99rtt=1ms) slots=24/25 jobs/s=588 drains=119921 evl=0ms
[2026-06-04 10:04:07.843] [info] [Worker 6] [libqueen] push(q=0 f=0/24 p99rtt=24ms) pop(q=0 f=0/16 p99rtt=40ms) custom(q=0 f=1/1 p99rtt=1ms) slots=24/25 jobs/s=611 drains=120064 evl=0ms
[2026-06-04 10:04:08.742] [info] [Worker 4] [libqueen] push(q=0 f=1/24 p99rtt=25ms) pop(q=0 f=0/16 p99rtt=40ms) custom(q=0 f=0/1 p99rtt=1ms) slots=24/25 jobs/s=450 drains=120225 evl=0ms
[2026-06-04 10:04:08.764] [info] [Worker 0] [libqueen] push(q=3 f=0/24 p99rtt=24ms) pop(q=0 f=0/16 p99rtt=42ms) custom(q=0 f=0/1 p99rtt=1ms) slots=25/25 jobs/s=432 drains=120645 evl=0ms
[2026-06-04 10:04:08.773] [info] [Worker 3] [libqueen] push(q=0 f=1/24 p99rtt=24ms) pop(q=0 f=0/16 p99rtt=38ms) custom(q=0 f=0/1 p99rtt=1ms) slots=24/25 jobs/s=438 drains=120523 evl=0ms
[2026-06-04 10:04:08.804] [info] [Worker 5] [libqueen] push(q=0 f=1/24 p99rtt=25ms) pop(q=0 f=0/16 p99rtt=39ms) custom(q=0 f=0/1 p99rtt=1ms) slots=24/25 jobs/s=438 drains=120692 evl=0ms
[2026-06-04 10:04:08.828] [info] [Worker 8] [libqueen] push(q=3 f=0/24 p99rtt=24ms) pop(q=0 f=0/16 p99rtt=40ms) custom(q=0 f=0/1 p99rtt=1ms) slots=25/25 jobs/s=450 drains=120066 evl=0ms
[2026-06-04 10:04:08.834] [info] [Worker 2] [libqueen] push(q=5 f=0/24 p99rtt=24ms) pop(q=0 f=0/16 p99rtt=41ms) custom(q=0 f=0/1 p99rtt=1ms) slots=25/25 jobs/s=438 drains=120971 evl=0ms
[2026-06-04 10:04:08.836] [info] [Worker 7] [libqueen] push(q=0 f=0/24 p99rtt=25ms) pop(q=0 f=0/16 p99rtt=39ms) custom(q=0 f=0/1 p99rtt=1ms) slots=25/25 jobs/s=444 drains=120656 evl=0ms
[2026-06-04 10:04:08.842] [info] [Worker 1] [libqueen] push(q=0 f=1/24 p99rtt=25ms) pop(q=0 f=0/16 p99rtt=41ms) custom(q=0 f=0/1 p99rtt=1ms) slots=24/25 jobs/s=427 drains=120657 evl=0ms
[2026-06-04 10:04:08.843] [info] [Worker 9] [libqueen] push(q=0 f=1/24 p99rtt=25ms) pop(q=0 f=0/16 p99rtt=42ms) custom(q=0 f=0/1 p99rtt=1ms) slots=24/25 jobs/s=432 drains=120504 evl=0ms
[2026-06-04 10:04:08.844] [info] [Worker 6] [libqueen] push(q=0 f=0/24 p99rtt=24ms) pop(q=0 f=0/16 p99rtt=40ms) custom(q=0 f=1/1 p99rtt=1ms) slots=24/25 jobs/s=438 drains=120678 evl=0ms
[2026-06-04 10:04:09.742] [info] [Worker 4] [libqueen] push(q=0 f=1/24 p99rtt=25ms) pop(q=0 f=0/16 p99rtt=40ms) custom(q=0 f=0/1 p99rtt=1ms) slots=24/25 jobs/s=618 drains=121059 evl=0ms
[2026-06-04 10:04:09.764] [info] [Worker 0] [libqueen] push(q=0 f=1/24 p99rtt=24ms) pop(q=0 f=0/16 p99rtt=42ms) custom(q=0 f=0/1 p99rtt=1ms) slots=24/25 jobs/s=630 drains=121505 evl=0ms
[2026-06-04 10:04:09.774] [info] [Worker 3] [libqueen] push(q=0 f=0/24 p99rtt=24ms) pop(q=0 f=0/16 p99rtt=38ms) custom(q=0 f=1/1 p99rtt=1ms) slots=24/25 jobs/s=635 drains=121392 evl=0ms
[2026-06-04 10:04:09.804] [info] [Worker 5] [libqueen] push(q=0 f=1/24 p99rtt=24ms) pop(q=0 f=0/16 p99rtt=39ms) custom(q=0 f=0/1 p99rtt=1ms) slots=24/25 jobs/s=618 drains=121549 evl=0ms
[2026-06-04 10:04:09.829] [info] [Worker 8] [libqueen] push(q=5 f=0/24 p99rtt=25ms) pop(q=0 f=0/16 p99rtt=40ms) custom(q=0 f=0/1 p99rtt=1ms) slots=25/25 jobs/s=612 drains=120903 evl=0ms
[2026-06-04 10:04:09.834] [info] [Worker 2] [libqueen] push(q=0 f=1/24 p99rtt=24ms) pop(q=0 f=0/16 p99rtt=41ms) custom(q=0 f=0/1 p99rtt=1ms) slots=24/25 jobs/s=612 drains=121832 evl=0ms
[2026-06-04 10:04:09.837] [info] [Worker 7] [libqueen] push(q=5 f=0/24 p99rtt=25ms) pop(q=0 f=0/16 p99rtt=39ms) custom(q=0 f=0/1 p99rtt=1ms) slots=25/25 jobs/s=618 drains=121503 evl=0ms
[2026-06-04 10:04:09.843] [info] [Worker 1] [libqueen] push(q=5 f=0/24 p99rtt=24ms) pop(q=0 f=0/16 p99rtt=41ms) custom(q=0 f=0/1 p99rtt=1ms) slots=25/25 jobs/s=624 drains=121538 evl=0ms
[2026-06-04 10:04:09.843] [info] [Worker 6] [libqueen] push(q=2 f=0/24 p99rtt=24ms) pop(q=0 f=0/16 p99rtt=40ms) custom(q=0 f=0/1 p99rtt=1ms) slots=25/25 jobs/s=619 drains=121526 evl=0ms
[2026-06-04 10:04:09.844] [info] [Worker 9] [libqueen] push(q=0 f=0/24 p99rtt=25ms) pop(q=0 f=0/16 p99rtt=42ms) custom(q=0 f=1/1 p99rtt=1ms) slots=24/25 jobs/s=617 drains=121342 evl=0ms
[2026-06-04 10:04:10.742] [info] [Worker 4] [libqueen] push(q=5 f=0/24 p99rtt=25ms) pop(q=0 f=0/16 p99rtt=40ms) custom(q=0 f=0/1 p99rtt=1ms) slots=25/25 jobs/s=618 drains=121901 evl=0ms
[2026-06-04 10:04:10.764] [info] [Worker 0] [libqueen] push(q=0 f=1/24 p99rtt=24ms) pop(q=0 f=0/16 p99rtt=42ms) custom(q=0 f=0/1 p99rtt=1ms) slots=24/25 jobs/s=624 drains=122364 evl=0ms
[2026-06-04 10:04:10.774] [info] [Worker 3] [libqueen] push(q=5 f=0/24 p99rtt=23ms) pop(q=0 f=0/16 p99rtt=38ms) custom(q=0 f=0/1 p99rtt=1ms) slots=25/25 jobs/s=613 drains=122259 evl=0ms
[2026-06-04 10:04:10.804] [info] [Worker 5] [libqueen] push(q=5 f=0/24 p99rtt=25ms) pop(q=0 f=0/16 p99rtt=39ms) custom(q=0 f=0/1 p99rtt=1ms) slots=25/25 jobs/s=630 drains=122410 evl=0ms
[2026-06-04 10:04:10.829] [info] [Worker 8] [libqueen] push(q=0 f=1/24 p99rtt=25ms) pop(q=0 f=0/16 p99rtt=40ms) custom(q=0 f=0/1 p99rtt=1ms) slots=24/25 jobs/s=606 drains=121725 evl=0ms
[2026-06-04 10:04:10.834] [info] [Worker 2] [libqueen] push(q=5 f=0/24 p99rtt=25ms) pop(q=0 f=0/16 p99rtt=41ms) custom(q=0 f=0/1 p99rtt=1ms) slots=25/25 jobs/s=624 drains=122698 evl=0ms
[2026-06-04 10:04:10.836] [info] [Worker 7] [libqueen] push(q=0 f=1/24 p99rtt=24ms) pop(q=0 f=0/16 p99rtt=39ms) custom(q=0 f=0/1 p99rtt=1ms) slots=24/25 jobs/s=624 drains=122361 evl=0ms
[2026-06-04 10:04:10.843] [info] [Worker 1] [libqueen] push(q=5 f=0/24 p99rtt=24ms) pop(q=0 f=0/16 p99rtt=41ms) custom(q=0 f=0/1 p99rtt=1ms) slots=25/25 jobs/s=624 drains=122386 evl=0ms
[2026-06-04 10:04:10.843] [info] [Worker 9] [libqueen] push(q=0 f=1/24 p99rtt=25ms) pop(q=0 f=0/16 p99rtt=42ms) custom(q=0 f=0/1 p99rtt=1ms) slots=24/25 jobs/s=625 drains=122205 evl=0ms
[2026-06-04 10:04:10.844] [info] [Worker 6] [libqueen] push(q=0 f=1/24 p99rtt=24ms) pop(q=0 f=0/16 p99rtt=40ms) custom(q=0 f=0/1 p99rtt=1ms) slots=24/25 jobs/s=624 drains=122380 evl=0ms
[2026-06-04 10:04:11.274] [info] PartitionLookupReconcileService: fixed 2 partition_lookup rows (stats leader, hostname=c932ee286edc)
[2026-06-04 10:04:11.743] [info] [Worker 4] [libqueen] push(q=5 f=0/24 p99rtt=25ms) pop(q=0 f=0/16 p99rtt=40ms) custom(q=0 f=0/1 p99rtt=1ms) slots=25/25 jobs/s=624 drains=122760 evl=0ms
[2026-06-04 10:04:11.765] [info] [Worker 0] [libqueen] push(q=0 f=1/24 p99rtt=24ms) pop(q=0 f=0/16 p99rtt=42ms) custom(q=0 f=0/1 p99rtt=1ms) slots=24/25 jobs/s=636 drains=123234 evl=0ms
[2026-06-04 10:04:11.773] [info] [Worker 3] [libqueen] push(q=0 f=1/24 p99rtt=23ms) pop(q=0 f=0/16 p99rtt=38ms) custom(q=0 f=0/1 p99rtt=1ms) slots=24/25 jobs/s=630 drains=123104 evl=0ms
[2026-06-04 10:04:11.804] [info] [Worker 5] [libqueen] push(q=0 f=0/24 p99rtt=25ms) pop(q=0 f=0/16 p99rtt=39ms) custom(q=0 f=0/1 p99rtt=1ms) slots=25/25 jobs/s=624 drains=123271 evl=0ms
[2026-06-04 10:04:11.828] [info] [Worker 8] [libqueen] push(q=0 f=1/24 p99rtt=24ms) pop(q=0 f=0/16 p99rtt=40ms) custom(q=0 f=0/1 p99rtt=1ms) slots=24/25 jobs/s=606 drains=122542 evl=0ms
[2026-06-04 10:04:11.834] [info] [Worker 2] [libqueen] push(q=5 f=0/24 p99rtt=24ms) pop(q=0 f=0/16 p99rtt=41ms) custom(q=0 f=0/1 p99rtt=1ms) slots=25/25 jobs/s=606 drains=123517 evl=0ms
[2026-06-04 10:04:11.837] [info] [Worker 7] [libqueen] push(q=5 f=0/24 p99rtt=24ms) pop(q=0 f=0/16 p99rtt=39ms) custom(q=0 f=0/1 p99rtt=1ms) slots=25/25 jobs/s=618 drains=123209 evl=0ms
[2026-06-04 10:04:11.842] [info] [Worker 1] [libqueen] push(q=5 f=0/24 p99rtt=24ms) pop(q=0 f=0/16 p99rtt=41ms) custom(q=0 f=0/1 p99rtt=1ms) slots=25/25 jobs/s=618 drains=123228 evl=0ms
[2026-06-04 10:04:11.844] [info] [Worker 6] [libqueen] push(q=5 f=0/24 p99rtt=24ms) pop(q=0 f=0/16 p99rtt=40ms) custom(q=0 f=0/1 p99rtt=1ms) slots=25/25 jobs/s=630 drains=123263 evl=0ms
[2026-06-04 10:04:11.844] [info] [Worker 9] [libqueen] push(q=5 f=0/24 p99rtt=25ms) pop(q=0 f=0/16 p99rtt=42ms) custom(q=0 f=0/1 p99rtt=1ms) slots=25/25 jobs/s=612 drains=123054 evl=0ms
[2026-06-04 10:04:12.743] [info] [Worker 4] [libqueen] push(q=5 f=0/24 p99rtt=24ms) pop(q=0 f=0/16 p99rtt=40ms) custom(q=0 f=0/1 p99rtt=1ms) slots=25/25 jobs/s=618 drains=123604 evl=0ms
[2026-06-04 10:04:12.764] [info] [Worker 0] [libqueen] push(q=0 f=1/24 p99rtt=24ms) pop(q=0 f=0/16 p99rtt=42ms) custom(q=0 f=0/1 p99rtt=1ms) slots=24/25 jobs/s=618 drains=124076 evl=0ms
[2026-06-04 10:04:12.774] [info] [Worker 3] [libqueen] push(q=0 f=1/24 p99rtt=23ms) pop(q=0 f=0/16 p99rtt=38ms) custom(q=0 f=0/1 p99rtt=1ms) slots=24/25 jobs/s=624 drains=123978 evl=0ms
[2026-06-04 10:04:12.804] [info] [Worker 5] [libqueen] push(q=0 f=1/24 p99rtt=24ms) pop(q=0 f=0/16 p99rtt=39ms) custom(q=0 f=0/1 p99rtt=1ms) slots=24/25 jobs/s=612 drains=124114 evl=0ms
[2026-06-04 10:04:12.829] [info] [Worker 8] [libqueen] push(q=5 f=0/24 p99rtt=25ms) pop(q=0 f=0/16 p99rtt=40ms) custom(q=0 f=0/1 p99rtt=1ms) slots=25/25 jobs/s=618 drains=123369 evl=0ms
[2026-06-04 10:04:12.833] [info] [Worker 2] [libqueen] push(q=0 f=1/24 p99rtt=24ms) pop(q=0 f=0/16 p99rtt=41ms) custom(q=0 f=0/1 p99rtt=1ms) slots=24/25 jobs/s=606 drains=124356 evl=0ms
[2026-06-04 10:04:12.836] [info] [Worker 7] [libqueen] push(q=0 f=1/24 p99rtt=25ms) pop(q=0 f=0/16 p99rtt=39ms) custom(q=0 f=0/1 p99rtt=1ms) slots=24/25 jobs/s=612 drains=124022 evl=0ms
[2026-06-04 10:04:12.843] [info] [Worker 1] [libqueen] push(q=0 f=1/24 p99rtt=24ms) pop(q=0 f=0/16 p99rtt=41ms) custom(q=0 f=0/1 p99rtt=1ms) slots=24/25 jobs/s=606 drains=124073 evl=0ms
[2026-06-04 10:04:12.844] [info] [Worker 6] [libqueen] push(q=0 f=1/24 p99rtt=24ms) pop(q=0 f=0/16 p99rtt=40ms) custom(q=0 f=0/1 p99rtt=1ms) slots=24/25 jobs/s=624 drains=124140 evl=0ms
[2026-06-04 10:04:12.844] [info] [Worker 9] [libqueen] push(q=0 f=1/24 p99rtt=25ms) pop(q=0 f=0/16 p99rtt=42ms) custom(q=0 f=0/1 p99rtt=1ms) slots=24/25 jobs/s=618 drains=123895 evl=0ms
[2026-06-04 10:04:13.743] [info] [Worker 4] [libqueen] push(q=5 f=0/24 p99rtt=24ms) pop(q=0 f=0/16 p99rtt=40ms) custom(q=0 f=0/1 p99rtt=1ms) slots=25/25 jobs/s=618 drains=124436 evl=0ms
[2026-06-04 10:04:13.764] [info] [Worker 0] [libqueen] push(q=2 f=0/24 p99rtt=24ms) pop(q=0 f=0/16 p99rtt=42ms) custom(q=0 f=0/1 p99rtt=1ms) slots=25/25 jobs/s=630 drains=124941 evl=0ms
[2026-06-04 10:04:13.774] [info] [Worker 3] [libqueen] push(q=5 f=0/24 p99rtt=23ms) pop(q=0 f=0/16 p99rtt=38ms) custom(q=0 f=0/1 p99rtt=1ms) slots=25/25 jobs/s=618 drains=124827 evl=0ms
[2026-06-04 10:04:13.803] [info] [Worker 5] [libqueen] push(q=0 f=1/24 p99rtt=24ms) pop(q=0 f=0/16 p99rtt=39ms) custom(q=0 f=0/1 p99rtt=1ms) slots=24/25 jobs/s=618 drains=124976 evl=0ms
[2026-06-04 10:04:13.830] [info] [Worker 8] [libqueen] push(q=5 f=0/24 p99rtt=24ms) pop(q=0 f=0/16 p99rtt=40ms) custom(q=0 f=0/1 p99rtt=1ms) slots=25/25 jobs/s=612 drains=124199 evl=0ms
[2026-06-04 10:04:13.833] [info] [Worker 2] [libqueen] push(q=0 f=1/24 p99rtt=24ms) pop(q=0 f=0/16 p99rtt=41ms) custom(q=0 f=0/1 p99rtt=1ms) slots=24/25 jobs/s=618 drains=125212 evl=0ms
[2026-06-04 10:04:13.836] [info] [Worker 7] [libqueen] push(q=4 f=0/24 p99rtt=25ms) pop(q=0 f=0/16 p99rtt=39ms) custom(q=0 f=0/1 p99rtt=1ms) slots=25/25 jobs/s=630 drains=124887 evl=0ms
[2026-06-04 10:04:13.843] [info] [Worker 1] [libqueen] push(q=0 f=0/24 p99rtt=23ms) pop(q=0 f=0/16 p99rtt=41ms) custom(q=0 f=0/1 p99rtt=1ms) slots=25/25 jobs/s=624 drains=124917 evl=0ms
[2026-06-04 10:04:13.844] [info] [Worker 6] [libqueen] push(q=0 f=1/24 p99rtt=22ms) pop(q=0 f=0/16 p99rtt=40ms) custom(q=0 f=0/1 p99rtt=1ms) slots=24/25 jobs/s=630 drains=125011 evl=0ms
[2026-06-04 10:04:13.844] [info] [Worker 9] [libqueen] push(q=0 f=1/24 p99rtt=24ms) pop(q=0 f=0/16 p99rtt=42ms) custom(q=0 f=0/1 p99rtt=1ms) slots=24/25 jobs/s=618 drains=124746 evl=0ms
[2026-06-04 10:04:14.464] [info] StatsService: cycle completed in 322ms
[2026-06-04 10:04:14.743] [info] [Worker 4] [libqueen] push(q=5 f=0/24 p99rtt=24ms) pop(q=0 f=0/16 p99rtt=40ms) custom(q=0 f=0/1 p99rtt=1ms) slots=25/25 jobs/s=612 drains=125277 evl=0ms
[2026-06-04 10:04:14.764] [info] [Worker 0] [libqueen] push(q=5 f=0/24 p99rtt=23ms) pop(q=0 f=0/16 p99rtt=42ms) custom(q=0 f=0/1 p99rtt=1ms) slots=25/25 jobs/s=606 drains=125780 evl=0ms
[2026-06-04 10:04:14.774] [info] [Worker 3] [libqueen] push(q=5 f=0/24 p99rtt=23ms) pop(q=0 f=0/16 p99rtt=38ms) custom(q=0 f=0/1 p99rtt=1ms) slots=25/25 jobs/s=600 drains=125618 evl=0ms
[2026-06-04 10:04:14.804] [info] [Worker 5] [libqueen] push(q=0 f=1/24 p99rtt=24ms) pop(q=0 f=0/16 p99rtt=39ms) custom(q=0 f=0/1 p99rtt=1ms) slots=24/25 jobs/s=612 drains=125791 evl=0ms
[2026-06-04 10:04:14.830] [info] [Worker 8] [libqueen] push(q=5 f=0/24 p99rtt=24ms) pop(q=0 f=0/16 p99rtt=40ms) custom(q=0 f=0/1 p99rtt=1ms) slots=25/25 jobs/s=600 drains=125009 evl=0ms
[2026-06-04 10:04:14.834] [info] [Worker 2] [libqueen] push(q=5 f=0/24 p99rtt=24ms) pop(q=0 f=0/16 p99rtt=41ms) custom(q=0 f=0/1 p99rtt=1ms) slots=25/25 jobs/s=600 drains=126021 evl=0ms
[2026-06-04 10:04:14.837] [info] [Worker 7] [libqueen] push(q=0 f=1/24 p99rtt=24ms) pop(q=0 f=0/16 p99rtt=39ms) custom(q=0 f=0/1 p99rtt=1ms) slots=24/25 jobs/s=612 drains=125714 evl=0ms
[2026-06-04 10:04:14.843] [info] [Worker 1] [libqueen] push(q=5 f=0/24 p99rtt=23ms) pop(q=0 f=0/16 p99rtt=41ms) custom(q=0 f=0/1 p99rtt=1ms) slots=25/25 jobs/s=606 drains=125752 evl=0ms
[2026-06-04 10:04:14.844] [info] [Worker 6] [libqueen] push(q=5 f=0/24 p99rtt=22ms) pop(q=0 f=0/16 p99rtt=40ms) custom(q=0 f=0/1 p99rtt=1ms) slots=25/25 jobs/s=612 drains=125841 evl=0ms
[2026-06-04 10:04:14.844] [info] [Worker 9] [libqueen] push(q=5 f=0/24 p99rtt=24ms) pop(q=0 f=0/16 p99rtt=42ms) custom(q=0 f=0/1 p99rtt=1ms) slots=25/25 jobs/s=612 drains=125582 evl=0ms
[2026-06-04 10:04:15.744] [info] [Worker 4] [libqueen] push(q=0 f=1/24 p99rtt=22ms) pop(q=0 f=0/16 p99rtt=40ms) custom(q=0 f=0/1 p99rtt=1ms) slots=24/25 jobs/s=582 drains=126018 evl=0ms
[2026-06-04 10:04:15.765] [info] [Worker 0] [libqueen] push(q=0 f=1/24 p99rtt=23ms) pop(q=0 f=0/16 p99rtt=42ms) custom(q=0 f=0/1 p99rtt=1ms) slots=24/25 jobs/s=594 drains=126572 evl=0ms
[2026-06-04 10:04:15.774] [info] [Worker 3] [libqueen] push(q=5 f=0/24 p99rtt=22ms) pop(q=1 f=0/16 p99rtt=38ms) custom(q=0 f=0/1 p99rtt=1ms) slots=25/25 jobs/s=588 drains=126419 evl=0ms
[2026-06-04 10:04:15.804] [info] [Worker 5] [libqueen] push(q=5 f=0/24 p99rtt=23ms) pop(q=0 f=0/16 p99rtt=39ms) custom(q=0 f=0/1 p99rtt=1ms) slots=25/25 jobs/s=600 drains=126585 evl=0ms
[2026-06-04 10:04:15.830] [info] [Worker 8] [libqueen] push(q=2 f=0/24 p99rtt=24ms) pop(q=0 f=0/16 p99rtt=40ms) custom(q=0 f=1/1 p99rtt=1ms) slots=24/25 jobs/s=581 drains=125793 evl=0ms
[2026-06-04 10:04:15.834] [info] [Worker 2] [libqueen] push(q=5 f=0/24 p99rtt=24ms) pop(q=0 f=0/16 p99rtt=41ms) custom(q=0 f=0/1 p99rtt=1ms) slots=25/25 jobs/s=576 drains=126798 evl=0ms
[2026-06-04 10:04:15.836] [info] [Worker 7] [libqueen] push(q=0 f=1/24 p99rtt=24ms) pop(q=0 f=0/16 p99rtt=39ms) custom(q=0 f=0/1 p99rtt=1ms) slots=24/25 jobs/s=582 drains=126514 evl=0ms
[2026-06-04 10:04:15.843] [info] [Worker 1] [libqueen] push(q=5 f=0/24 p99rtt=23ms) pop(q=0 f=0/16 p99rtt=41ms) custom(q=0 f=0/1 p99rtt=1ms) slots=25/25 jobs/s=582 drains=126550 evl=0ms
[2026-06-04 10:04:15.844] [info] [Worker 6] [libqueen] push(q=5 f=0/24 p99rtt=22ms) pop(q=0 f=0/16 p99rtt=40ms) custom(q=0 f=0/1 p99rtt=1ms) slots=25/25 jobs/s=594 drains=126661 evl=0ms
[2026-06-04 10:04:15.844] [info] [Worker 9] [libqueen] push(q=5 f=0/24 p99rtt=23ms) pop(q=0 f=0/16 p99rtt=42ms) custom(q=0 f=0/1 p99rtt=1ms) slots=25/25 jobs/s=582 drains=126402 evl=0ms
[2026-06-04 10:04:16.137] [info] QPOP: Connection aborted for ae08946c-bd92-4c4a-8036-1ff90279bd93
[2026-06-04 10:04:16.166] [info] QPOP: Connection aborted for 80331e39-80a8-415e-afc6-68e90a409862
[2026-06-04 10:04:16.744] [info] [Worker 4] [libqueen] push(q=5 f=0/24 p99rtt=23ms) pop(q=0 f=0/16 p99rtt=40ms) custom(q=0 f=0/1 p99rtt=1ms) slots=25/25 jobs/s=612 drains=126860 evl=0ms
[2026-06-04 10:04:16.765] [info] [Worker 0] [libqueen] push(q=5 f=0/24 p99rtt=23ms) pop(q=0 f=0/16 p99rtt=42ms) custom(q=0 f=0/1 p99rtt=1ms) slots=25/25 jobs/s=618 drains=127414 evl=0ms
[2026-06-04 10:04:16.773] [info] [Worker 3] [libqueen] push(q=0 f=1/24 p99rtt=23ms) pop(q=0 f=0/16 p99rtt=38ms) custom(q=0 f=0/1 p99rtt=1ms) slots=24/25 jobs/s=612 drains=127253 evl=0ms
[2026-06-04 10:04:16.803] [info] [Worker 5] [libqueen] push(q=0 f=1/24 p99rtt=23ms) pop(q=0 f=0/16 p99rtt=39ms) custom(q=0 f=0/1 p99rtt=1ms) slots=24/25 jobs/s=600 drains=127402 evl=0ms
[2026-06-04 10:04:16.814] [info] QPOP: Connection aborted for 82d2f8b8-b2b6-4dda-b959-484ea9553ee3
[2026-06-04 10:04:16.831] [info] [Worker 8] [libqueen] push(q=0 f=1/24 p99rtt=24ms) pop(q=0 f=0/16 p99rtt=40ms) custom(q=0 f=1/1 p99rtt=1ms) slots=23/25 jobs/s=618 drains=126657 evl=0ms
[2026-06-04 10:04:16.834] [info] [Worker 2] [libqueen] push(q=0 f=1/24 p99rtt=24ms) pop(q=0 f=0/16 p99rtt=41ms) custom(q=0 f=0/1 p99rtt=1ms) slots=24/25 jobs/s=618 drains=127664 evl=1ms
[2026-06-04 10:04:16.837] [info] [Worker 7] [libqueen] push(q=0 f=1/24 p99rtt=24ms) pop(q=0 f=0/16 p99rtt=39ms) custom(q=0 f=1/1 p99rtt=1ms) slots=23/25 jobs/s=629 drains=127368 evl=0ms
[2026-06-04 10:04:16.843] [info] [Worker 1] [libqueen] push(q=0 f=0/24 p99rtt=23ms) pop(q=0 f=0/16 p99rtt=41ms) custom(q=0 f=1/1 p99rtt=1ms) slots=24/25 jobs/s=605 drains=127373 evl=0ms
[2026-06-04 10:04:16.844] [info] [Worker 9] [libqueen] push(q=1 f=0/24 p99rtt=24ms) pop(q=0 f=0/16 p99rtt=42ms) custom(q=0 f=1/1 p99rtt=1ms) slots=24/25 jobs/s=617 drains=127259 evl=0ms
[2026-06-04 10:04:16.844] [info] [Worker 6] [libqueen] push(q=1 f=0/24 p99rtt=22ms) pop(q=0 f=0/16 p99rtt=40ms) custom(q=0 f=1/1 p99rtt=1ms) slots=24/25 jobs/s=611 drains=127492 evl=0ms
[2026-06-04 10:04:16.926] [info] QPOP: Connection aborted for 2444f524-0bab-4c7e-8ac5-ea6be9f3867c
[2026-06-04 10:04:16.936] [info] QPOP: Connection aborted for 846b9c34-f3ab-4506-856a-68b859b252a1
[2026-06-04 10:04:16.997] [info] QPOP: Connection aborted for a593e0e4-4527-46d3-b594-4428fd391191
[2026-06-04 10:04:17.025] [info] QPOP: Connection aborted for 992eb095-6b81-4007-a642-1e0b790b1c52
[2026-06-04 10:04:17.032] [info] QPOP: Connection aborted for ca14c951-50d6-4a1d-8717-e5af8f0ce057
[2026-06-04 10:04:17.046] [info] QPOP: Connection aborted for 5fddafb2-890e-48ed-b224-e4295162f843
[2026-06-04 10:04:17.054] [info] QPOP: Connection aborted for 43e6407c-328c-4fe8-a10a-7c3062832d52
[2026-06-04 10:04:17.061] [info] QPOP: Connection aborted for 53d4330f-ce40-4ead-bba5-bfa4941a661b
[2026-06-04 10:04:17.073] [info] QPOP: Connection aborted for 161ec5d8-b792-44b5-9575-60784f23cf77
[2026-06-04 10:04:17.076] [info] QPOP: Connection aborted for f04d90e8-3730-4c3a-89c5-27608246ac51
[2026-06-04 10:04:17.090] [info] QPOP: Connection aborted for 443929ad-c4a7-4a88-8799-3f0da9e55bca
[2026-06-04 10:04:17.098] [info] QPOP: Connection aborted for 1f2a519e-28b1-4280-bc84-40e2fded7dc5
[2026-06-04 10:04:17.112] [info] QPOP: Connection aborted for e9e1a79f-04dc-4849-bced-78068a15ee47
[2026-06-04 10:04:17.115] [info] QPOP: Connection aborted for 24999763-bfcd-47e2-8fab-ece585b63039
[2026-06-04 10:04:17.144] [info] QPOP: Connection aborted for ab01edac-b03d-4d43-bb4c-1d2eb8bc3e03
[2026-06-04 10:04:17.144] [info] QPOP: Connection aborted for 69e2263b-82ac-427b-a983-74243f3f1a79
[2026-06-04 10:04:17.144] [info] QPOP: Connection aborted for 4dbb7f77-0f15-49af-8b70-737599da9978
[2026-06-04 10:04:17.146] [info] QPOP: Connection aborted for c306dfaf-b76f-4768-85b7-66f731db9ec2
[2026-06-04 10:04:17.160] [info] QPOP: Connection aborted for ed3e4aa5-4a0a-44b6-9d82-4f0b82b47c4f
[2026-06-04 10:04:17.161] [info] QPOP: Connection aborted for 742eb957-efa7-444e-8553-fc9bf81d54f4
[2026-06-04 10:04:17.166] [info] QPOP: Connection aborted for 54c0ca21-4875-4b0e-aab7-a333f3fd2655
[2026-06-04 10:04:17.176] [info] QPOP: Connection aborted for ac24657c-9cd2-4feb-9929-6682d02662e8
[2026-06-04 10:04:17.181] [info] QPOP: Connection aborted for 2b9a398c-36b8-49e1-8189-e558554d7a25
[2026-06-04 10:04:17.182] [info] QPOP: Connection aborted for 4b5ad34c-c532-4637-ac9b-903aa8169be9
[2026-06-04 10:04:17.182] [info] QPOP: Connection aborted for 272d5e66-bc96-4456-aa1d-741fe25950df
[2026-06-04 10:04:17.191] [info] QPOP: Connection aborted for 6072ea0e-a0c7-461f-b41c-9789d8d578b8
[2026-06-04 10:04:17.198] [info] QPOP: Connection aborted for de9f8e36-55d6-4b2a-a419-35cd5ee52775
[2026-06-04 10:04:17.211] [info] QPOP: Connection aborted for c746f8c5-02fc-4852-a2c6-57ff08138d19
[2026-06-04 10:04:17.212] [info] QPOP: Connection aborted for 0fd717e6-1e18-4ef2-b9f0-4329c60ef36c
[2026-06-04 10:04:17.229] [info] QPOP: Connection aborted for d5608016-51b3-479d-b3cc-b6e4a2951715
[2026-06-04 10:04:17.231] [info] QPOP: Connection aborted for 3f882de8-67ac-4f47-a4ba-1cc99464d57c
[2026-06-04 10:04:17.233] [info] QPOP: Connection aborted for e2638e3f-8223-4db2-a797-07c2fcbb156d
[2026-06-04 10:04:17.245] [info] QPOP: Connection aborted for 77785b9b-adc8-4b7b-a9b7-02f5f162c90f
[2026-06-04 10:04:17.267] [info] QPOP: Connection aborted for db53a71c-0fdb-45ba-b185-f8f063a7b47d
[2026-06-04 10:04:17.273] [info] PartitionLookupReconcileService: fixed 1 partition_lookup rows (stats leader, hostname=c932ee286edc)
[2026-06-04 10:04:17.276] [info] QPOP: Connection aborted for 977c90cf-96bb-474e-9d72-4a4244b9c117
[2026-06-04 10:04:17.291] [info] QPOP: Connection aborted for 673a6e17-ab3c-4f6a-be63-326a246bfaf7
[2026-06-04 10:04:17.291] [info] QPOP: Connection aborted for 22e1eedb-f88b-44c6-97f7-807ebf5e8d98
[2026-06-04 10:04:17.291] [info] QPOP: Connection aborted for 14f3e06d-4809-405e-af18-e58a6a98ad0f
[2026-06-04 10:04:17.293] [info] QPOP: Connection aborted for 2fc97e6a-4645-4d92-accb-c80fc1ad852d
[2026-06-04 10:04:17.299] [info] QPOP: Connection aborted for f658334f-7b9b-44f5-8ee4-ccef86d9a4cb
[2026-06-04 10:04:17.306] [info] QPOP: Connection aborted for dcd19404-b7cd-4ece-8d78-4e087b9a0f4e
[2026-06-04 10:04:17.314] [info] QPOP: Connection aborted for 43442ffa-f73a-412d-9b2f-cce59789f895
[2026-06-04 10:04:17.316] [info] QPOP: Connection aborted for 4448f7c0-8015-4a37-9c74-e80c071a4ca4
[2026-06-04 10:04:17.383] [info] QPOP: Connection aborted for a60ab744-ee70-4463-ab86-89475a34bfca
[2026-06-04 10:04:17.419] [info] QPOP: Connection aborted for cf4fa94c-491a-4e2b-9600-4bba3eba9810
[2026-06-04 10:04:17.419] [info] QPOP: Connection aborted for dfbfd011-3d0e-43db-914e-63f8bbb49b0a
[2026-06-04 10:04:17.744] [info] [Worker 4] [libqueen] push(q=5 f=0/24 p99rtt=24ms) pop(q=0 f=0/16 p99rtt=40ms) custom(q=0 f=0/1 p99rtt=1ms) slots=25/25 jobs/s=588 drains=127683 evl=0ms
[2026-06-04 10:04:17.765] [info] [Worker 0] [libqueen] push(q=0 f=1/24 p99rtt=22ms) pop(q=0 f=0/16 p99rtt=42ms) custom(q=0 f=0/1 p99rtt=1ms) slots=24/25 jobs/s=582 drains=128229 evl=0ms
[2026-06-04 10:04:17.773] [info] [Worker 3] [libqueen] push(q=5 f=0/24 p99rtt=23ms) pop(q=0 f=0/16 p99rtt=38ms) custom(q=0 f=0/1 p99rtt=1ms) slots=25/25 jobs/s=583 drains=128064 evl=0ms
[2026-06-04 10:04:17.804] [info] [Worker 5] [libqueen] push(q=5 f=0/24 p99rtt=23ms) pop(q=0 f=0/16 p99rtt=39ms) custom(q=0 f=0/1 p99rtt=1ms) slots=25/25 jobs/s=606 drains=128262 evl=0ms
[2026-06-04 10:04:17.830] [info] [Worker 8] [libqueen] push(q=5 f=0/24 p99rtt=24ms) pop(q=0 f=0/16 p99rtt=40ms) custom(q=0 f=0/1 p99rtt=1ms) slots=25/25 jobs/s=595 drains=127481 evl=0ms
[2026-06-04 10:04:17.834] [info] [Worker 2] [libqueen] push(q=5 f=0/24 p99rtt=24ms) pop(q=0 f=0/16 p99rtt=41ms) custom(q=0 f=0/1 p99rtt=1ms) slots=25/25 jobs/s=606 drains=128520 evl=0ms
[2026-06-04 10:04:17.837] [info] [Worker 7] [libqueen] push(q=5 f=0/24 p99rtt=24ms) pop(q=0 f=0/16 p99rtt=39ms) custom(q=0 f=0/1 p99rtt=1ms) slots=25/25 jobs/s=595 drains=128194 evl=0ms
[2026-06-04 10:04:17.842] [info] [Worker 1] [libqueen] push(q=0 f=0/24 p99rtt=23ms) pop(q=0 f=0/16 p99rtt=41ms) custom(q=0 f=0/1 p99rtt=1ms) slots=25/25 jobs/s=595 drains=128203 evl=0ms
[2026-06-04 10:04:17.844] [info] [Worker 9] [libqueen] push(q=0 f=1/24 p99rtt=23ms) pop(q=0 f=0/16 p99rtt=42ms) custom(q=0 f=0/1 p99rtt=1ms) slots=24/25 jobs/s=613 drains=128093 evl=0ms
[2026-06-04 10:04:17.844] [info] [Worker 6] [libqueen] push(q=5 f=0/24 p99rtt=22ms) pop(q=0 f=0/16 p99rtt=40ms) custom(q=0 f=0/1 p99rtt=1ms) slots=25/25 jobs/s=613 drains=128341 evl=0ms
[2026-06-04 10:04:18.743] [info] [Worker 4] [libqueen] push(q=5 f=0/24 p99rtt=23ms) pop(q=0 f=0/16 p99rtt=40ms) custom(q=0 f=0/1 p99rtt=1ms) slots=25/25 jobs/s=594 drains=128497 evl=0ms
[2026-06-04 10:04:18.765] [info] [Worker 0] [libqueen] push(q=5 f=0/24 p99rtt=22ms) pop(q=0 f=0/16 p99rtt=42ms) custom(q=0 f=0/1 p99rtt=1ms) slots=25/25 jobs/s=594 drains=129049 evl=0ms
[2026-06-04 10:04:18.774] [info] [Worker 3] [libqueen] push(q=5 f=0/24 p99rtt=22ms) pop(q=0 f=0/16 p99rtt=38ms) custom(q=0 f=0/1 p99rtt=1ms) slots=25/25 jobs/s=606 drains=128898 evl=0ms
[2026-06-04 10:04:18.804] [info] [Worker 5] [libqueen] push(q=5 f=0/24 p99rtt=23ms) pop(q=0 f=0/16 p99rtt=39ms) custom(q=0 f=0/1 p99rtt=1ms) slots=25/25 jobs/s=594 drains=129056 evl=0ms
[2026-06-04 10:04:18.831] [info] [Worker 8] [libqueen] push(q=5 f=0/24 p99rtt=24ms) pop(q=0 f=0/16 p99rtt=40ms) custom(q=0 f=0/1 p99rtt=1ms) slots=25/25 jobs/s=594 drains=128300 evl=0ms
[2026-06-04 10:04:18.835] [info] [Worker 2] [libqueen] push(q=5 f=0/24 p99rtt=24ms) pop(q=0 f=0/16 p99rtt=41ms) custom(q=0 f=0/1 p99rtt=1ms) slots=25/25 jobs/s=582 drains=129316 evl=0ms
[2026-06-04 10:04:18.837] [info] [Worker 7] [libqueen] push(q=5 f=0/24 p99rtt=20ms) pop(q=0 f=0/16 p99rtt=39ms) custom(q=0 f=0/1 p99rtt=1ms) slots=25/25 jobs/s=588 drains=128990 evl=0ms
[2026-06-04 10:04:18.842] [info] [Worker 1] [libqueen] push(q=3 f=0/24 p99rtt=23ms) pop(q=0 f=0/16 p99rtt=41ms) custom(q=0 f=0/1 p99rtt=1ms) slots=25/25 jobs/s=588 drains=129022 evl=0ms
[2026-06-04 10:04:18.844] [info] [Worker 6] [libqueen] push(q=5 f=0/24 p99rtt=21ms) pop(q=0 f=0/16 p99rtt=40ms) custom(q=0 f=0/1 p99rtt=1ms) slots=25/25 jobs/s=606 drains=129184 evl=0ms
[2026-06-04 10:04:18.844] [info] [Worker 9] [libqueen] push(q=5 f=0/24 p99rtt=20ms) pop(q=0 f=0/16 p99rtt=42ms) custom(q=0 f=0/1 p99rtt=1ms) slots=25/25 jobs/s=594 drains=128923 evl=0ms
[2026-06-04 10:04:19.744] [info] [Worker 4] [libqueen] push(q=5 f=0/24 p99rtt=22ms) pop(q=0 f=0/16 p99rtt=40ms) custom(q=0 f=0/1 p99rtt=1ms) slots=25/25 jobs/s=498 drains=129210 evl=0ms
[2026-06-04 10:04:19.765] [info] [Worker 0] [libqueen] push(q=5 f=0/24 p99rtt=22ms) pop(q=0 f=0/16 p99rtt=42ms) custom(q=0 f=0/1 p99rtt=1ms) slots=25/25 jobs/s=498 drains=129753 evl=0ms
[2026-06-04 10:04:19.774] [info] [Worker 3] [libqueen] push(q=5 f=0/24 p99rtt=22ms) pop(q=0 f=0/16 p99rtt=37ms) custom(q=0 f=0/1 p99rtt=1ms) slots=25/25 jobs/s=498 drains=129575 evl=0ms
[2026-06-04 10:04:19.804] [info] [Worker 5] [libqueen] push(q=5 f=0/24 p99rtt=23ms) pop(q=0 f=0/16 p99rtt=39ms) custom(q=0 f=0/1 p99rtt=1ms) slots=25/25 jobs/s=498 drains=129735 evl=0ms
[2026-06-04 10:04:19.831] [info] [Worker 8] [libqueen] push(q=5 f=0/24 p99rtt=23ms) pop(q=0 f=0/16 p99rtt=40ms) custom(q=0 f=0/1 p99rtt=1ms) slots=25/25 jobs/s=504 drains=128996 evl=0ms
[2026-06-04 10:04:19.835] [info] [Worker 2] [libqueen] push(q=5 f=0/24 p99rtt=23ms) pop(q=0 f=0/16 p99rtt=41ms) custom(q=0 f=0/1 p99rtt=1ms) slots=25/25 jobs/s=492 drains=130007 evl=0ms
[2026-06-04 10:04:19.836] [info] [Worker 7] [libqueen] push(q=5 f=0/24 p99rtt=24ms) pop(q=0 f=0/16 p99rtt=39ms) custom(q=0 f=0/1 p99rtt=1ms) slots=25/25 jobs/s=498 drains=129651 evl=0ms
[2026-06-04 10:04:19.843] [info] [Worker 1] [libqueen] push(q=5 f=0/24 p99rtt=22ms) pop(q=0 f=0/16 p99rtt=41ms) custom(q=0 f=0/1 p99rtt=1ms) slots=25/25 jobs/s=498 drains=129712 evl=0ms
[2026-06-04 10:04:19.843] [info] [Worker 6] [libqueen] push(q=5 f=0/24 p99rtt=22ms) pop(q=0 f=0/16 p99rtt=40ms) custom(q=0 f=0/1 p99rtt=1ms) slots=25/25 jobs/s=504 drains=129893 evl=0ms
[2026-06-04 10:04:19.844] [info] [Worker 9] [libqueen] push(q=0 f=1/24 p99rtt=23ms) pop(q=0 f=0/16 p99rtt=42ms) custom(q=0 f=0/1 p99rtt=1ms) slots=24/25 jobs/s=492 drains=129607 evl=0ms
[2026-06-04 10:04:20.744] [info] [Worker 4] [libqueen] push(q=5 f=0/24 p99rtt=21ms) pop(q=0 f=0/16 p99rtt=40ms) custom(q=0 f=0/1 p99rtt=1ms) slots=25/25 jobs/s=618 drains=130056 evl=0ms
[2026-06-04 10:04:20.765] [info] [Worker 0] [libqueen] push(q=5 f=0/24 p99rtt=22ms) pop(q=0 f=0/16 p99rtt=42ms) custom(q=0 f=0/1 p99rtt=1ms) slots=25/25 jobs/s=630 drains=130607 evl=0ms
[2026-06-04 10:04:20.774] [info] [Worker 3] [libqueen] push(q=5 f=0/24 p99rtt=22ms) pop(q=0 f=0/16 p99rtt=37ms) custom(q=0 f=0/1 p99rtt=1ms) slots=25/25 jobs/s=612 drains=130408 evl=0ms
[2026-06-04 10:04:20.803] [info] [Worker 5] [libqueen] push(q=5 f=0/24 p99rtt=23ms) pop(q=0 f=0/16 p99rtt=39ms) custom(q=0 f=0/1 p99rtt=1ms) slots=25/25 jobs/s=624 drains=130593 evl=0ms
[2026-06-04 10:04:20.830] [info] [Worker 8] [libqueen] push(q=0 f=0/24 p99rtt=22ms) pop(q=0 f=0/16 p99rtt=40ms) custom(q=0 f=0/1 p99rtt=1ms) slots=25/25 jobs/s=630 drains=129857 evl=0ms
[2026-06-04 10:04:20.835] [info] [Worker 2] [libqueen] push(q=5 f=0/24 p99rtt=23ms) pop(q=0 f=0/16 p99rtt=38ms) custom(q=0 f=0/1 p99rtt=1ms) slots=25/25 jobs/s=624 drains=130861 evl=0ms
[2026-06-04 10:04:20.836] [info] [Worker 7] [libqueen] push(q=0 f=1/24 p99rtt=24ms) pop(q=0 f=0/16 p99rtt=39ms) custom(q=0 f=0/1 p99rtt=1ms) slots=24/25 jobs/s=618 drains=130511 evl=0ms
[2026-06-04 10:04:20.843] [info] [Worker 1] [libqueen] push(q=5 f=0/24 p99rtt=22ms) pop(q=0 f=0/16 p99rtt=41ms) custom(q=0 f=0/1 p99rtt=1ms) slots=25/25 jobs/s=618 drains=130547 evl=0ms
[2026-06-04 10:04:20.844] [info] [Worker 9] [libqueen] push(q=5 f=0/24 p99rtt=23ms) pop(q=0 f=0/16 p99rtt=42ms) custom(q=0 f=0/1 p99rtt=1ms) slots=25/25 jobs/s=606 drains=130431 evl=0ms
[2026-06-04 10:04:20.844] [info] [Worker 6] [libqueen] push(q=5 f=0/24 p99rtt=22ms) pop(q=0 f=0/16 p99rtt=40ms) custom(q=0 f=0/1 p99rtt=1ms) slots=25/25 jobs/s=624 drains=130741 evl=0ms
[2026-06-04 10:04:21.745] [info] [Worker 4] [libqueen] push(q=5 f=0/24 p99rtt=21ms) pop(q=0 f=0/16 p99rtt=40ms) custom(q=0 f=0/1 p99rtt=1ms) slots=25/25 jobs/s=600 drains=130850 evl=0ms
[2026-06-04 10:04:21.764] [info] [Worker 0] [libqueen] push(q=5 f=0/24 p99rtt=22ms) pop(q=0 f=0/16 p99rtt=42ms) custom(q=0 f=0/1 p99rtt=1ms) slots=25/25 jobs/s=606 drains=131436 evl=0ms
[2026-06-04 10:04:21.773] [info] [Worker 3] [libqueen] push(q=0 f=1/24 p99rtt=23ms) pop(q=0 f=0/16 p99rtt=37ms) custom(q=0 f=0/1 p99rtt=1ms) slots=24/25 jobs/s=594 drains=131226 evl=0ms
[2026-06-04 10:04:21.803] [info] [Worker 5] [libqueen] push(q=4 f=0/24 p99rtt=23ms) pop(q=0 f=0/16 p99rtt=39ms) custom(q=0 f=0/1 p99rtt=1ms) slots=25/25 jobs/s=594 drains=131430 evl=0ms
[2026-06-04 10:04:21.831] [info] [Worker 8] [libqueen] push(q=5 f=0/24 p99rtt=24ms) pop(q=0 f=0/16 p99rtt=40ms) custom(q=0 f=0/1 p99rtt=1ms) slots=25/25 jobs/s=594 drains=130677 evl=0ms
[2026-06-04 10:04:21.835] [info] [Worker 2] [libqueen] push(q=0 f=0/24 p99rtt=23ms) pop(q=0 f=0/16 p99rtt=38ms) custom(q=0 f=0/1 p99rtt=1ms) slots=25/25 jobs/s=612 drains=131684 evl=0ms
[2026-06-04 10:04:21.837] [info] [Worker 7] [libqueen] push(q=0 f=1/24 p99rtt=24ms) pop(q=0 f=0/16 p99rtt=39ms) custom(q=0 f=0/1 p99rtt=1ms) slots=24/25 jobs/s=606 drains=131335 evl=0ms
[2026-06-04 10:04:21.842] [info] [Worker 1] [libqueen] push(q=0 f=1/24 p99rtt=23ms) pop(q=0 f=0/16 p99rtt=41ms) custom(q=0 f=0/1 p99rtt=1ms) slots=24/25 jobs/s=600 drains=131378 evl=0ms
[2026-06-04 10:04:21.844] [info] [Worker 9] [libqueen] push(q=5 f=0/24 p99rtt=23ms) pop(q=0 f=0/16 p99rtt=42ms) custom(q=0 f=0/1 p99rtt=1ms) slots=25/25 jobs/s=600 drains=131244 evl=0ms
[2026-06-04 10:04:21.844] [info] [Worker 6] [libqueen] push(q=5 f=0/24 p99rtt=22ms) pop(q=0 f=0/16 p99rtt=40ms) custom(q=0 f=0/1 p99rtt=1ms) slots=25/25 jobs/s=618 drains=131581 evl=0ms
[2026-06-04 10:04:22.746] [info] [Worker 4] [libqueen] push(q=0 f=0/24 p99rtt=21ms) pop(q=0 f=0/16 p99rtt=40ms) custom(q=0 f=1/1 p99rtt=1ms) slots=24/25 jobs/s=623 drains=131721 evl=0ms
[2026-06-04 10:04:22.765] [info] [Worker 0] [libqueen] push(q=0 f=1/24 p99rtt=22ms) pop(q=0 f=0/16 p99rtt=42ms) custom(q=0 f=0/1 p99rtt=1ms) slots=24/25 jobs/s=630 drains=132308 evl=0ms
[2026-06-04 10:04:22.773] [info] [Worker 3] [libqueen] push(q=5 f=0/24 p99rtt=23ms) pop(q=0 f=0/16 p99rtt=37ms) custom(q=0 f=0/1 p99rtt=1ms) slots=25/25 jobs/s=618 drains=132072 evl=0ms
[2026-06-04 10:04:22.804] [info] [Worker 5] [libqueen] push(q=5 f=0/24 p99rtt=23ms) pop(q=0 f=0/16 p99rtt=39ms) custom(q=0 f=0/1 p99rtt=1ms) slots=25/25 jobs/s=630 drains=132284 evl=0ms
[2026-06-04 10:04:22.831] [info] [Worker 8] [libqueen] push(q=5 f=0/24 p99rtt=22ms) pop(q=0 f=0/16 p99rtt=40ms) custom(q=0 f=0/1 p99rtt=1ms) slots=25/25 jobs/s=624 drains=131531 evl=0ms
[2026-06-04 10:04:22.835] [info] [Worker 2] [libqueen] push(q=5 f=0/24 p99rtt=22ms) pop(q=0 f=0/16 p99rtt=38ms) custom(q=0 f=0/1 p99rtt=1ms) slots=25/25 jobs/s=600 drains=132506 evl=0ms
[2026-06-04 10:04:22.837] [info] [Worker 7] [libqueen] push(q=5 f=0/24 p99rtt=23ms) pop(q=0 f=0/16 p99rtt=39ms) custom(q=0 f=0/1 p99rtt=1ms) slots=25/25 jobs/s=624 drains=132197 evl=0ms
[2026-06-04 10:04:22.842] [info] [Worker 1] [libqueen] push(q=4 f=0/24 p99rtt=22ms) pop(q=0 f=0/16 p99rtt=41ms) custom(q=0 f=0/1 p99rtt=1ms) slots=25/25 jobs/s=618 drains=132217 evl=0ms
[2026-06-04 10:04:22.844] [info] [Worker 9] [libqueen] push(q=5 f=0/24 p99rtt=23ms) pop(q=0 f=0/16 p99rtt=42ms) custom(q=0 f=0/1 p99rtt=1ms) slots=25/25 jobs/s=630 drains=132105 evl=0ms
[2026-06-04 10:04:22.844] [info] [Worker 6] [libqueen] push(q=0 f=1/24 p99rtt=22ms) pop(q=0 f=0/16 p99rtt=40ms) custom(q=0 f=0/1 p99rtt=1ms) slots=24/25 jobs/s=618 drains=132415 evl=0ms
[2026-06-04 10:04:23.275] [info] PartitionLookupReconcileService: fixed 5 partition_lookup rows (stats leader, hostname=c932ee286edc)
[2026-06-04 10:04:23.746] [info] [Worker 4] [libqueen] push(q=5 f=0/24 p99rtt=22ms) pop(q=0 f=0/16 p99rtt=40ms) custom(q=0 f=0/1 p99rtt=1ms) slots=25/25 jobs/s=607 drains=132548 evl=0ms
[2026-06-04 10:04:23.766] [info] [Worker 0] [libqueen] push(q=5 f=0/24 p99rtt=22ms) pop(q=0 f=0/16 p99rtt=42ms) custom(q=0 f=0/1 p99rtt=1ms) slots=25/25 jobs/s=618 drains=133159 evl=0ms
[2026-06-04 10:04:23.773] [info] [Worker 3] [libqueen] push(q=0 f=0/24 p99rtt=23ms) pop(q=0 f=0/16 p99rtt=37ms) custom(q=0 f=0/1 p99rtt=1ms) slots=25/25 jobs/s=606 drains=132889 evl=0ms
[2026-06-04 10:04:23.803] [info] [Worker 5] [libqueen] push(q=5 f=0/24 p99rtt=23ms) pop(q=0 f=0/16 p99rtt=39ms) custom(q=0 f=0/1 p99rtt=1ms) slots=25/25 jobs/s=594 drains=133093 evl=0ms
[2026-06-04 10:04:23.831] [info] [Worker 8] [libqueen] push(q=5 f=0/24 p99rtt=23ms) pop(q=0 f=0/16 p99rtt=40ms) custom(q=0 f=0/1 p99rtt=1ms) slots=25/25 jobs/s=606 drains=132355 evl=0ms
[2026-06-04 10:04:23.835] [info] [Worker 2] [libqueen] push(q=5 f=0/24 p99rtt=22ms) pop(q=0 f=0/16 p99rtt=38ms) custom(q=0 f=0/1 p99rtt=1ms) slots=25/25 jobs/s=588 drains=133312 evl=0ms
[2026-06-04 10:04:23.837] [info] [Worker 7] [libqueen] push(q=0 f=1/24 p99rtt=23ms) pop(q=0 f=0/16 p99rtt=39ms) custom(q=0 f=0/1 p99rtt=1ms) slots=24/25 jobs/s=600 drains=133021 evl=0ms
[2026-06-04 10:04:23.843] [info] [Worker 1] [libqueen] push(q=5 f=0/24 p99rtt=23ms) pop(q=0 f=0/16 p99rtt=41ms) custom(q=0 f=0/1 p99rtt=1ms) slots=25/25 jobs/s=588 drains=133033 evl=0ms
[2026-06-04 10:04:23.844] [info] [Worker 9] [libqueen] push(q=0 f=0/24 p99rtt=23ms) pop(q=0 f=0/16 p99rtt=42ms) custom(q=0 f=0/1 p99rtt=1ms) slots=25/25 jobs/s=600 drains=132916 evl=0ms
[2026-06-04 10:04:23.844] [info] [Worker 6] [libqueen] push(q=0 f=1/24 p99rtt=22ms) pop(q=0 f=0/16 p99rtt=40ms) custom(q=0 f=0/1 p99rtt=1ms) slots=24/25 jobs/s=612 drains=133243 evl=0ms
[2026-06-04 10:04:24.746] [info] [Worker 4] [libqueen] push(q=5 f=0/24 p99rtt=22ms) pop(q=0 f=0/16 p99rtt=40ms) custom(q=0 f=0/1 p99rtt=1ms) slots=25/25 jobs/s=606 drains=133366 evl=0ms
[2026-06-04 10:04:24.766] [info] [Worker 0] [libqueen] push(q=0 f=1/24 p99rtt=22ms) pop(q=0 f=0/16 p99rtt=42ms) custom(q=0 f=0/1 p99rtt=1ms) slots=24/25 jobs/s=576 drains=133969 evl=1ms
[2026-06-04 10:04:24.773] [info] [Worker 3] [libqueen] push(q=5 f=0/24 p99rtt=23ms) pop(q=0 f=0/16 p99rtt=37ms) custom(q=0 f=0/1 p99rtt=1ms) slots=25/25 jobs/s=582 drains=133688 evl=0ms
[2026-06-04 10:04:24.804] [info] [Worker 5] [libqueen] push(q=5 f=0/24 p99rtt=23ms) pop(q=0 f=0/16 p99rtt=39ms) custom(q=0 f=0/1 p99rtt=1ms) slots=25/25 jobs/s=588 drains=133900 evl=0ms
[2026-06-04 10:04:24.831] [info] [Worker 8] [libqueen] push(q=0 f=1/24 p99rtt=23ms) pop(q=0 f=0/16 p99rtt=40ms) custom(q=0 f=0/1 p99rtt=1ms) slots=24/25 jobs/s=576 drains=133149 evl=0ms
[2026-06-04 10:04:24.834] [info] [Worker 2] [libqueen] push(q=5 f=0/24 p99rtt=22ms) pop(q=0 f=0/16 p99rtt=38ms) custom(q=0 f=0/1 p99rtt=1ms) slots=25/25 jobs/s=594 drains=134129 evl=0ms
[2026-06-04 10:04:24.837] [info] [Worker 7] [libqueen] push(q=5 f=0/24 p99rtt=24ms) pop(q=0 f=0/16 p99rtt=39ms) custom(q=0 f=0/1 p99rtt=1ms) slots=25/25 jobs/s=582 drains=133813 evl=0ms
[2026-06-04 10:04:24.843] [info] [Worker 1] [libqueen] push(q=5 f=0/24 p99rtt=23ms) pop(q=0 f=0/16 p99rtt=41ms) custom(q=0 f=0/1 p99rtt=2ms) slots=25/25 jobs/s=576 drains=133805 evl=0ms
[2026-06-04 10:04:24.843] [info] [Worker 9] [libqueen] push(q=5 f=0/24 p99rtt=23ms) pop(q=0 f=0/16 p99rtt=42ms) custom(q=0 f=0/1 p99rtt=1ms) slots=25/25 jobs/s=588 drains=133749 evl=0ms
[2026-06-04 10:04:24.846] [info] [Worker 6] [libqueen] push(q=0 f=1/24 p99rtt=23ms) pop(q=0 f=0/16 p99rtt=40ms) custom(q=0 f=0/1 p99rtt=1ms) slots=24/25 jobs/s=582 drains=134036 evl=0ms
[2026-06-04 10:04:25.491] [info] StatsService: cycle completed in 348ms
[2026-06-04 10:04:25.746] [info] [Worker 4] [libqueen] push(q=5 f=0/24 p99rtt=22ms) pop(q=0 f=0/16 p99rtt=40ms) custom(q=0 f=0/1 p99rtt=2ms) slots=25/25 jobs/s=564 drains=134156 evl=0ms
[2026-06-04 10:04:25.766] [info] [Worker 0] [libqueen] push(q=5 f=0/24 p99rtt=22ms) pop(q=0 f=0/16 p99rtt=42ms) custom(q=0 f=0/1 p99rtt=1ms) slots=25/25 jobs/s=582 drains=134769 evl=0ms
[2026-06-04 10:04:25.773] [info] [Worker 3] [libqueen] push(q=0 f=1/24 p99rtt=23ms) pop(q=0 f=0/16 p99rtt=37ms) custom(q=0 f=0/1 p99rtt=1ms) slots=24/25 jobs/s=606 drains=134539 evl=0ms
[2026-06-04 10:04:25.804] [info] [Worker 5] [libqueen] push(q=0 f=1/24 p99rtt=22ms) pop(q=0 f=0/16 p99rtt=39ms) custom(q=0 f=0/1 p99rtt=1ms) slots=24/25 jobs/s=606 drains=134706 evl=0ms
[2026-06-04 10:04:25.831] [info] [Worker 8] [libqueen] push(q=5 f=0/24 p99rtt=23ms) pop(q=0 f=0/16 p99rtt=40ms) custom(q=0 f=0/1 p99rtt=1ms) slots=25/25 jobs/s=594 drains=133989 evl=0ms
[2026-06-04 10:04:25.835] [info] [Worker 2] [libqueen] push(q=0 f=1/24 p99rtt=22ms) pop(q=0 f=0/16 p99rtt=38ms) custom(q=0 f=0/1 p99rtt=1ms) slots=24/25 jobs/s=570 drains=134940 evl=0ms
[2026-06-04 10:04:25.837] [info] [Worker 7] [libqueen] push(q=0 f=1/24 p99rtt=24ms) pop(q=0 f=0/16 p99rtt=39ms) custom(q=0 f=0/1 p99rtt=1ms) slots=24/25 jobs/s=588 drains=134625 evl=0ms
[2026-06-04 10:04:25.843] [info] [Worker 1] [libqueen] push(q=5 f=0/24 p99rtt=23ms) pop(q=0 f=0/16 p99rtt=41ms) custom(q=0 f=0/1 p99rtt=2ms) slots=25/25 jobs/s=582 drains=134567 evl=0ms
[2026-06-04 10:04:25.844] [info] [Worker 9] [libqueen] push(q=5 f=0/24 p99rtt=23ms) pop(q=0 f=0/16 p99rtt=42ms) custom(q=0 f=0/1 p99rtt=1ms) slots=25/25 jobs/s=594 drains=134561 evl=0ms
[2026-06-04 10:04:25.846] [info] [Worker 6] [libqueen] push(q=0 f=1/24 p99rtt=23ms) pop(q=0 f=0/16 p99rtt=40ms) custom(q=0 f=0/1 p99rtt=2ms) slots=24/25 jobs/s=582 drains=134852 evl=0ms
[2026-06-04 10:04:26.138] [info] QPOP: Connection aborted for 57898228-b67a-4d4a-86d0-ba5bd7011385
[2026-06-04 10:04:26.168] [info] QPOP: Connection aborted for fab84fe3-e140-46f9-ae0b-91853c98782e
[2026-06-04 10:04:26.746] [info] [Worker 4] [libqueen] push(q=5 f=0/24 p99rtt=22ms) pop(q=0 f=0/16 p99rtt=40ms) custom(q=0 f=0/1 p99rtt=2ms) slots=25/25 jobs/s=612 drains=134972 evl=0ms
[2026-06-04 10:04:26.766] [info] [Worker 0] [libqueen] push(q=5 f=0/24 p99rtt=22ms) pop(q=0 f=0/16 p99rtt=42ms) custom(q=0 f=0/1 p99rtt=2ms) slots=25/25 jobs/s=618 drains=135608 evl=0ms
[2026-06-04 10:04:26.774] [info] [Worker 3] [libqueen] push(q=0 f=1/24 p99rtt=23ms) pop(q=0 f=0/16 p99rtt=37ms) custom(q=0 f=0/1 p99rtt=1ms) slots=24/25 jobs/s=618 drains=135394 evl=0ms
[2026-06-04 10:04:26.797] [info] QPOP: Connection aborted for 7a2c395c-3aa0-45a4-b209-57f22e5a461f
[2026-06-04 10:04:26.804] [info] [Worker 5] [libqueen] push(q=5 f=0/24 p99rtt=22ms) pop(q=0 f=0/16 p99rtt=39ms) custom(q=0 f=0/1 p99rtt=1ms) slots=25/25 jobs/s=612 drains=135570 evl=0ms
[2026-06-04 10:04:26.814] [info] QPOP: Connection aborted for 1f04c6f6-cbfc-4a9c-9da3-7916b880c382
[2026-06-04 10:04:26.830] [info] [Worker 8] [libqueen] push(q=0 f=1/24 p99rtt=23ms) pop(q=0 f=0/16 p99rtt=40ms) custom(q=0 f=0/1 p99rtt=1ms) slots=24/25 jobs/s=624 drains=134840 evl=0ms
[2026-06-04 10:04:26.834] [info] [Worker 2] [libqueen] push(q=0 f=1/24 p99rtt=21ms) pop(q=0 f=0/16 p99rtt=38ms) custom(q=0 f=0/1 p99rtt=1ms) slots=24/25 jobs/s=618 drains=135779 evl=0ms
[2026-06-04 10:04:26.837] [info] [Worker 7] [libqueen] push(q=0 f=1/24 p99rtt=23ms) pop(q=0 f=0/16 p99rtt=39ms) custom(q=0 f=0/1 p99rtt=1ms) slots=24/25 jobs/s=618 drains=135465 evl=0ms
[2026-06-04 10:04:26.843] [info] [Worker 1] [libqueen] push(q=0 f=1/24 p99rtt=22ms) pop(q=0 f=0/16 p99rtt=41ms) custom(q=0 f=0/1 p99rtt=2ms) slots=24/25 jobs/s=606 drains=135384 evl=0ms
[2026-06-04 10:04:26.844] [info] [Worker 9] [libqueen] push(q=0 f=0/24 p99rtt=23ms) pop(q=0 f=0/16 p99rtt=41ms) custom(q=0 f=1/1 p99rtt=1ms) slots=24/25 jobs/s=617 drains=135402 evl=0ms
[2026-06-04 10:04:26.846] [info] [Worker 6] [libqueen] push(q=5 f=0/24 p99rtt=23ms) pop(q=0 f=0/16 p99rtt=40ms) custom(q=0 f=0/1 p99rtt=2ms) slots=25/25 jobs/s=618 drains=135703 evl=0ms
[2026-06-04 10:04:26.927] [info] QPOP: Connection aborted for b79f787e-1451-4343-872a-c6893b3a6d0a
[2026-06-04 10:04:26.938] [info] QPOP: Connection aborted for 27e3e5c3-be74-474a-8fed-6a22a1dbbbdb
[2026-06-04 10:04:26.998] [info] QPOP: Connection aborted for 655e89a3-0298-4174-ab49-5c866aacb200
[2026-06-04 10:04:27.026] [info] QPOP: Connection aborted for ef4715c8-e266-42b7-8450-13d9560a886a
[2026-06-04 10:04:27.033] [info] QPOP: Connection aborted for 1f4c6648-34d0-4024-aead-9bb2ad393e7f
[2026-06-04 10:04:27.049] [info] QPOP: Connection aborted for bc3d2e71-4053-447f-a47c-8643ce511639
[2026-06-04 10:04:27.056] [info] QPOP: Connection aborted for 0c090f47-deea-42c3-b43a-ce0207636bc4
[2026-06-04 10:04:27.063] [info] QPOP: Connection aborted for c656dda7-c634-4d79-b02a-ceb4d0d61699
[2026-06-04 10:04:27.075] [info] QPOP: Connection aborted for cfc23d98-3a37-4869-ab81-54cb86cc5ae7
[2026-06-04 10:04:27.077] [info] QPOP: Connection aborted for 6b5dfc3e-1a9f-4d7f-946f-0e60332be0b3
[2026-06-04 10:04:27.092] [info] QPOP: Connection aborted for 70d55112-2c62-4def-978f-6f3fa556ec94
[2026-06-04 10:04:27.100] [info] QPOP: Connection aborted for 1f8f6c43-0497-488b-aa95-7f1931605de7
[2026-06-04 10:04:27.113] [info] QPOP: Connection aborted for 031c58e1-045a-4e99-be7f-70ef01307011
[2026-06-04 10:04:27.117] [info] QPOP: Connection aborted for 42b2ce42-50dc-4983-959c-ce9622b396b5
[2026-06-04 10:04:27.145] [info] QPOP: Connection aborted for fc50dcb4-3da7-471f-b643-8b288e96a035
[2026-06-04 10:04:27.145] [info] QPOP: Connection aborted for 2e247a1e-5001-48a6-944e-e31119bb227d
[2026-06-04 10:04:27.145] [info] QPOP: Connection aborted for dcd17fe3-c674-45ef-b739-39dfec5b85bc
[2026-06-04 10:04:27.147] [info] QPOP: Connection aborted for 5f20b3fb-72fe-464e-91af-65750002d05e
[2026-06-04 10:04:27.162] [info] QPOP: Connection aborted for bddf8229-0eac-4d6f-ad0b-4f83cd472d3b
[2026-06-04 10:04:27.162] [info] QPOP: Connection aborted for 2fd15d04-9f5e-4122-aeee-7fd59e92f31a
[2026-06-04 10:04:27.169] [info] QPOP: Connection aborted for b19990ba-9bf3-4397-bbcd-c3b4abc96ca8
[2026-06-04 10:04:27.177] [info] QPOP: Connection aborted for 1a4e0942-5d38-457c-adc3-3afb8005813a
[2026-06-04 10:04:27.182] [info] QPOP: Connection aborted for 51785274-8d32-4a7e-83fa-b3def126978e
[2026-06-04 10:04:27.185] [info] QPOP: Connection aborted for 39af6f73-d0b6-473d-9bbb-3f4e50ff8246
[2026-06-04 10:04:27.185] [info] QPOP: Connection aborted for d33e2099-53ec-437b-9144-6c3ab76689bb
[2026-06-04 10:04:27.193] [info] QPOP: Connection aborted for 14203e03-21f4-423a-8cff-85b6706cab2c
[2026-06-04 10:04:27.199] [info] QPOP: Connection aborted for 68fbe9cb-90d6-41db-b862-96c93371f32a
[2026-06-04 10:04:27.212] [info] QPOP: Connection aborted for 08c34f65-53c8-438b-9930-684bb5c2bdfc
[2026-06-04 10:04:27.212] [info] QPOP: Connection aborted for 29155907-9cf2-4054-a129-1556e83ffe79
[2026-06-04 10:04:27.230] [info] QPOP: Connection aborted for c087f1b2-0ee7-4468-bdcf-93aaa61ee838
[2026-06-04 10:04:27.232] [info] QPOP: Connection aborted for bd63a79e-470a-4a47-a83f-041b8b877b3e
[2026-06-04 10:04:27.234] [info] QPOP: Connection aborted for 63215f6e-3181-409d-bfae-6822535a108f
[2026-06-04 10:04:27.246] [info] QPOP: Connection aborted for 7f3d236a-f433-43fc-a547-faad21909a0c
[2026-06-04 10:04:27.268] [info] QPOP: Connection aborted for 2b94df54-d36a-44f2-99e5-168b1a733c87
[2026-06-04 10:04:27.277] [info] QPOP: Connection aborted for 81fc8850-9beb-4179-863f-ca96f7d6ba7f
[2026-06-04 10:04:27.293] [info] QPOP: Connection aborted for 3c715617-6201-4e3a-91c8-8bbcaefafe45
[2026-06-04 10:04:27.293] [info] QPOP: Connection aborted for 7bad9888-2360-417d-8c64-d83b6608d290
[2026-06-04 10:04:27.293] [info] QPOP: Connection aborted for 17e2e9a1-095a-4aa4-a9a1-f7aacdf2d246
[2026-06-04 10:04:27.295] [info] QPOP: Connection aborted for a0db0638-1a24-4279-8c2f-8e81867006b8
[2026-06-04 10:04:27.302] [info] QPOP: Connection aborted for 71f936a2-804e-41eb-8be8-b2f04814d9dc
[2026-06-04 10:04:27.307] [info] QPOP: Connection aborted for 7c458e8e-ee6e-43aa-8aa2-174823b08797
[2026-06-04 10:04:27.315] [info] QPOP: Connection aborted for fc784cc7-708d-4f49-a688-bbe83efc6078
[2026-06-04 10:04:27.317] [info] QPOP: Connection aborted for cb840899-b003-453f-96ab-aac4dd4b0e34
[2026-06-04 10:04:27.384] [info] QPOP: Connection aborted for 19a89aa3-4c8c-4cec-b970-af8dbb13ada7
[2026-06-04 10:04:27.420] [info] QPOP: Connection aborted for f1db6e0f-f3ef-4979-a038-37715b60610d
[2026-06-04 10:04:27.420] [info] QPOP: Connection aborted for 312a7504-8646-4ac1-800d-799c001c57b9
[2026-06-04 10:04:27.746] [info] [Worker 4] [libqueen] push(q=0 f=0/24 p99rtt=22ms) pop(q=0 f=0/16 p99rtt=40ms) custom(q=0 f=1/1 p99rtt=2ms) slots=24/25 jobs/s=611 drains=135815 evl=0ms
[2026-06-04 10:04:27.766] [info] [Worker 0] [libqueen] push(q=0 f=1/24 p99rtt=21ms) pop(q=0 f=0/16 p99rtt=42ms) custom(q=0 f=0/1 p99rtt=2ms) slots=24/25 jobs/s=594 drains=136448 evl=0ms
[2026-06-04 10:04:27.774] [info] [Worker 3] [libqueen] push(q=5 f=0/24 p99rtt=23ms) pop(q=0 f=0/16 p99rtt=37ms) custom(q=0 f=0/1 p99rtt=1ms) slots=25/25 jobs/s=600 drains=136224 evl=0ms
[2026-06-04 10:04:27.804] [info] [Worker 5] [libqueen] push(q=5 f=0/24 p99rtt=22ms) pop(q=0 f=0/16 p99rtt=39ms) custom(q=0 f=0/1 p99rtt=1ms) slots=25/25 jobs/s=588 drains=136365 evl=0ms
[2026-06-04 10:04:27.831] [info] [Worker 8] [libqueen] push(q=5 f=0/24 p99rtt=23ms) pop(q=0 f=0/16 p99rtt=37ms) custom(q=0 f=0/1 p99rtt=1ms) slots=25/25 jobs/s=612 drains=135672 evl=0ms
[2026-06-04 10:04:27.834] [info] [Worker 2] [libqueen] push(q=0 f=1/24 p99rtt=21ms) pop(q=0 f=0/16 p99rtt=38ms) custom(q=0 f=0/1 p99rtt=1ms) slots=24/25 jobs/s=606 drains=136621 evl=0ms
[2026-06-04 10:04:27.836] [info] [Worker 7] [libqueen] push(q=0 f=1/24 p99rtt=23ms) pop(q=0 f=0/16 p99rtt=39ms) custom(q=0 f=0/1 p99rtt=1ms) slots=24/25 jobs/s=612 drains=136320 evl=0ms
[2026-06-04 10:04:27.843] [info] [Worker 1] [libqueen] push(q=5 f=0/24 p99rtt=22ms) pop(q=0 f=0/16 p99rtt=41ms) custom(q=0 f=0/1 p99rtt=2ms) slots=25/25 jobs/s=612 drains=136251 evl=0ms
[2026-06-04 10:04:27.844] [info] [Worker 9] [libqueen] push(q=0 f=1/24 p99rtt=23ms) pop(q=0 f=0/16 p99rtt=41ms) custom(q=0 f=0/1 p99rtt=1ms) slots=24/25 jobs/s=607 drains=136241 evl=0ms
[2026-06-04 10:04:27.845] [info] [Worker 6] [libqueen] push(q=0 f=0/24 p99rtt=23ms) pop(q=0 f=0/16 p99rtt=40ms) custom(q=0 f=0/1 p99rtt=2ms) slots=25/25 jobs/s=630 drains=136557 evl=0ms
[2026-06-04 10:04:28.746] [info] [Worker 4] [libqueen] push(q=5 f=0/24 p99rtt=22ms) pop(q=0 f=0/16 p99rtt=40ms) custom(q=0 f=0/1 p99rtt=2ms) slots=25/25 jobs/s=601 drains=136657 evl=0ms
[2026-06-04 10:04:28.766] [info] [Worker 0] [libqueen] push(q=0 f=1/24 p99rtt=22ms) pop(q=0 f=0/16 p99rtt=42ms) custom(q=0 f=0/1 p99rtt=2ms) slots=24/25 jobs/s=600 drains=137267 evl=0ms
[2026-06-04 10:04:28.773] [info] [Worker 3] [libqueen] push(q=5 f=0/24 p99rtt=23ms) pop(q=0 f=0/16 p99rtt=37ms) custom(q=0 f=0/1 p99rtt=1ms) slots=25/25 jobs/s=600 drains=137031 evl=0ms
[2026-06-04 10:04:28.804] [info] [Worker 5] [libqueen] push(q=0 f=1/24 p99rtt=22ms) pop(q=0 f=0/16 p99rtt=39ms) custom(q=0 f=0/1 p99rtt=1ms) slots=24/25 jobs/s=606 drains=137194 evl=0ms
[2026-06-04 10:04:28.831] [info] [Worker 8] [libqueen] push(q=5 f=0/24 p99rtt=23ms) pop(q=0 f=0/16 p99rtt=37ms) custom(q=0 f=0/1 p99rtt=1ms) slots=25/25 jobs/s=594 drains=136493 evl=0ms
[2026-06-04 10:04:28.835] [info] [Worker 2] [libqueen] push(q=0 f=1/24 p99rtt=21ms) pop(q=0 f=0/16 p99rtt=38ms) custom(q=0 f=0/1 p99rtt=1ms) slots=24/25 jobs/s=594 drains=137431 evl=0ms
[2026-06-04 10:04:28.837] [info] [Worker 7] [libqueen] push(q=0 f=1/24 p99rtt=23ms) pop(q=0 f=0/16 p99rtt=39ms) custom(q=0 f=0/1 p99rtt=1ms) slots=24/25 jobs/s=606 drains=137134 evl=0ms
[2026-06-04 10:04:28.842] [info] [Worker 1] [libqueen] push(q=0 f=0/24 p99rtt=22ms) pop(q=0 f=0/16 p99rtt=41ms) custom(q=0 f=1/1 p99rtt=2ms) slots=24/25 jobs/s=593 drains=137079 evl=0ms
[2026-06-04 10:04:28.844] [info] [Worker 9] [libqueen] push(q=1 f=0/24 p99rtt=23ms) pop(q=0 f=0/16 p99rtt=41ms) custom(q=0 f=0/1 p99rtt=1ms) slots=25/25 jobs/s=606 drains=137062 evl=0ms
[2026-06-04 10:04:28.846] [info] [Worker 6] [libqueen] push(q=5 f=0/24 p99rtt=23ms) pop(q=0 f=0/16 p99rtt=40ms) custom(q=0 f=0/1 p99rtt=2ms) slots=25/25 jobs/s=582 drains=137364 evl=0ms
[2026-06-04 10:04:29.279] [info] PartitionLookupReconcileService: fixed 1 partition_lookup rows (stats leader, hostname=c932ee286edc)
[2026-06-04 10:04:29.746] [info] [Worker 4] [libqueen] push(q=5 f=0/24 p99rtt=22ms) pop(q=0 f=0/16 p99rtt=40ms) custom(q=0 f=0/1 p99rtt=2ms) slots=25/25 jobs/s=546 drains=137400 evl=0ms
[2026-06-04 10:04:29.766] [info] [Worker 0] [libqueen] push(q=5 f=0/24 p99rtt=21ms) pop(q=0 f=0/16 p99rtt=42ms) custom(q=0 f=0/1 p99rtt=2ms) slots=25/25 jobs/s=552 drains=138011 evl=0ms
[2026-06-04 10:04:29.774] [info] [Worker 3] [libqueen] push(q=5 f=0/24 p99rtt=23ms) pop(q=0 f=0/16 p99rtt=37ms) custom(q=0 f=0/1 p99rtt=1ms) slots=25/25 jobs/s=552 drains=137778 evl=0ms
[2026-06-04 10:04:29.804] [info] [Worker 5] [libqueen] push(q=5 f=0/24 p99rtt=21ms) pop(q=0 f=0/16 p99rtt=39ms) custom(q=0 f=0/1 p99rtt=1ms) slots=25/25 jobs/s=564 drains=137966 evl=0ms
[2026-06-04 10:04:29.831] [info] [Worker 8] [libqueen] push(q=0 f=1/24 p99rtt=23ms) pop(q=0 f=0/16 p99rtt=37ms) custom(q=0 f=0/1 p99rtt=1ms) slots=24/25 jobs/s=540 drains=137251 evl=0ms
[2026-06-04 10:04:29.836] [info] [Worker 2] [libqueen] push(q=5 f=0/24 p99rtt=20ms) pop(q=0 f=0/16 p99rtt=38ms) custom(q=0 f=0/1 p99rtt=1ms) slots=25/25 jobs/s=546 drains=138193 evl=0ms
[2026-06-04 10:04:29.836] [info] [Worker 7] [libqueen] push(q=5 f=0/24 p99rtt=21ms) pop(q=0 f=0/16 p99rtt=39ms) custom(q=0 f=0/1 p99rtt=1ms) slots=25/25 jobs/s=558 drains=137891 evl=0ms
[2026-06-04 10:04:29.843] [info] [Worker 1] [libqueen] push(q=5 f=0/24 p99rtt=22ms) pop(q=0 f=0/16 p99rtt=41ms) custom(q=0 f=0/1 p99rtt=2ms) slots=25/25 jobs/s=559 drains=137834 evl=0ms
[2026-06-04 10:04:29.844] [info] [Worker 9] [libqueen] push(q=0 f=0/24 p99rtt=22ms) pop(q=0 f=0/16 p99rtt=41ms) custom(q=0 f=1/1 p99rtt=1ms) slots=24/25 jobs/s=569 drains=137855 evl=0ms
[2026-06-04 10:04:29.846] [info] [Worker 6] [libqueen] push(q=5 f=0/24 p99rtt=21ms) pop(q=0 f=0/16 p99rtt=40ms) custom(q=0 f=0/1 p99rtt=2ms) slots=25/25 jobs/s=552 drains=138111 evl=0ms
[2026-06-04 10:04:30.746] [info] [Worker 4] [libqueen] push(q=5 f=0/24 p99rtt=22ms) pop(q=0 f=0/16 p99rtt=40ms) custom(q=0 f=0/1 p99rtt=2ms) slots=25/25 jobs/s=570 drains=138175 evl=0ms
[2026-06-04 10:04:30.766] [info] [Worker 0] [libqueen] push(q=5 f=0/24 p99rtt=22ms) pop(q=0 f=0/16 p99rtt=42ms) custom(q=0 f=0/1 p99rtt=2ms) slots=25/25 jobs/s=576 drains=138799 evl=0ms
[2026-06-04 10:04:30.775] [info] [Worker 3] [libqueen] push(q=5 f=0/24 p99rtt=23ms) pop(q=0 f=0/16 p99rtt=37ms) custom(q=0 f=0/1 p99rtt=1ms) slots=25/25 jobs/s=582 drains=138599 evl=0ms
[2026-06-04 10:04:30.804] [info] [Worker 5] [libqueen] push(q=5 f=0/24 p99rtt=22ms) pop(q=0 f=0/16 p99rtt=39ms) custom(q=0 f=0/1 p99rtt=1ms) slots=25/25 jobs/s=570 drains=138742 evl=0ms
[2026-06-04 10:04:30.831] [info] [Worker 8] [libqueen] push(q=0 f=1/24 p99rtt=23ms) pop(q=0 f=0/16 p99rtt=37ms) custom(q=0 f=0/1 p99rtt=1ms) slots=24/25 jobs/s=570 drains=138027 evl=0ms
[2026-06-04 10:04:30.836] [info] [Worker 2] [libqueen] push(q=5 f=0/24 p99rtt=21ms) pop(q=0 f=0/16 p99rtt=38ms) custom(q=0 f=0/1 p99rtt=2ms) slots=25/25 jobs/s=570 drains=138974 evl=0ms
[2026-06-04 10:04:30.837] [info] [Worker 7] [libqueen] push(q=0 f=0/24 p99rtt=21ms) pop(q=0 f=0/16 p99rtt=39ms) custom(q=0 f=1/1 p99rtt=2ms) slots=24/25 jobs/s=581 drains=138687 evl=0ms
[2026-06-04 10:04:30.843] [info] [Worker 1] [libqueen] push(q=5 f=0/24 p99rtt=22ms) pop(q=0 f=0/16 p99rtt=41ms) custom(q=0 f=0/1 p99rtt=2ms) slots=25/25 jobs/s=564 drains=138601 evl=0ms
[2026-06-04 10:04:30.844] [info] [Worker 9] [libqueen] push(q=5 f=0/24 p99rtt=22ms) pop(q=0 f=0/16 p99rtt=41ms) custom(q=0 f=0/1 p99rtt=1ms) slots=25/25 jobs/s=571 drains=138649 evl=0ms
[2026-06-04 10:04:30.846] [info] [Worker 6] [libqueen] push(q=0 f=1/24 p99rtt=22ms) pop(q=0 f=0/16 p99rtt=40ms) custom(q=0 f=0/1 p99rtt=2ms) slots=24/25 jobs/s=564 drains=138899 evl=0ms
[2026-06-04 10:04:31.746] [info] [Worker 4] [libqueen] push(q=0 f=1/24 p99rtt=22ms) pop(q=0 f=0/16 p99rtt=40ms) custom(q=0 f=0/1 p99rtt=2ms) slots=24/25 jobs/s=612 drains=139022 evl=0ms
[2026-06-04 10:04:31.765] [info] [Worker 0] [libqueen] push(q=0 f=1/24 p99rtt=22ms) pop(q=0 f=0/16 p99rtt=42ms) custom(q=0 f=0/1 p99rtt=2ms) slots=24/25 jobs/s=612 drains=139634 evl=0ms
[2026-06-04 10:04:31.774] [info] [Worker 3] [libqueen] push(q=0 f=0/24 p99rtt=22ms) pop(q=0 f=0/16 p99rtt=37ms) custom(q=0 f=0/1 p99rtt=1ms) slots=25/25 jobs/s=612 drains=139449 evl=0ms
[2026-06-04 10:04:31.804] [info] [Worker 5] [libqueen] push(q=5 f=0/24 p99rtt=23ms) pop(q=0 f=0/16 p99rtt=37ms) custom(q=0 f=0/1 p99rtt=1ms) slots=25/25 jobs/s=600 drains=139568 evl=0ms
[2026-06-04 10:04:31.830] [info] [Worker 8] [libqueen] push(q=5 f=0/24 p99rtt=23ms) pop(q=0 f=0/16 p99rtt=37ms) custom(q=0 f=0/1 p99rtt=1ms) slots=25/25 jobs/s=600 drains=138851 evl=0ms
[2026-06-04 10:04:31.836] [info] [Worker 2] [libqueen] push(q=5 f=0/24 p99rtt=21ms) pop(q=0 f=0/16 p99rtt=38ms) custom(q=0 f=0/1 p99rtt=2ms) slots=25/25 jobs/s=618 drains=139846 evl=0ms
[2026-06-04 10:04:31.837] [info] [Worker 7] [libqueen] push(q=5 f=0/24 p99rtt=21ms) pop(q=0 f=0/16 p99rtt=39ms) custom(q=0 f=0/1 p99rtt=2ms) slots=25/25 jobs/s=601 drains=139509 evl=0ms
[2026-06-04 10:04:31.842] [info] [Worker 1] [libqueen] push(q=5 f=0/24 p99rtt=23ms) pop(q=0 f=0/16 p99rtt=41ms) custom(q=0 f=0/1 p99rtt=2ms) slots=25/25 jobs/s=606 drains=139443 evl=0ms
[2026-06-04 10:04:31.844] [info] [Worker 9] [libqueen] push(q=5 f=0/24 p99rtt=22ms) pop(q=0 f=0/16 p99rtt=41ms) custom(q=0 f=0/1 p99rtt=1ms) slots=25/25 jobs/s=612 drains=139500 evl=0ms
[2026-06-04 10:04:31.846] [info] [Worker 6] [libqueen] push(q=0 f=1/24 p99rtt=23ms) pop(q=0 f=0/16 p99rtt=40ms) custom(q=0 f=0/1 p99rtt=2ms) slots=24/25 jobs/s=612 drains=139732 evl=0ms
[2026-06-04 10:04:32.746] [info] [Worker 4] [libqueen] push(q=5 f=0/24 p99rtt=22ms) pop(q=0 f=0/16 p99rtt=40ms) custom(q=0 f=0/1 p99rtt=2ms) slots=25/25 jobs/s=636 drains=139890 evl=0ms
[2026-06-04 10:04:32.766] [info] [Worker 0] [libqueen] push(q=5 f=0/24 p99rtt=22ms) pop(q=0 f=0/16 p99rtt=42ms) custom(q=0 f=0/1 p99rtt=2ms) slots=25/25 jobs/s=624 drains=140489 evl=0ms
[2026-06-04 10:04:32.775] [info] [Worker 3] [libqueen] push(q=0 f=1/24 p99rtt=22ms) pop(q=0 f=0/16 p99rtt=37ms) custom(q=0 f=0/1 p99rtt=1ms) slots=24/25 jobs/s=630 drains=140308 evl=0ms
[2026-06-04 10:04:32.803] [info] [Worker 5] [libqueen] push(q=5 f=0/24 p99rtt=22ms) pop(q=0 f=0/16 p99rtt=37ms) custom(q=0 f=0/1 p99rtt=1ms) slots=25/25 jobs/s=630 drains=140420 evl=0ms
[2026-06-04 10:04:32.831] [info] [Worker 8] [libqueen] push(q=5 f=0/24 p99rtt=23ms) pop(q=0 f=0/16 p99rtt=37ms) custom(q=0 f=0/1 p99rtt=1ms) slots=25/25 jobs/s=618 drains=139689 evl=0ms
[2026-06-04 10:04:32.835] [info] [Worker 2] [libqueen] push(q=0 f=1/24 p99rtt=21ms) pop(q=0 f=0/16 p99rtt=38ms) custom(q=0 f=0/1 p99rtt=2ms) slots=24/25 jobs/s=624 drains=140689 evl=0ms
[2026-06-04 10:04:32.837] [info] [Worker 7] [libqueen] push(q=0 f=1/24 p99rtt=22ms) pop(q=0 f=0/16 p99rtt=39ms) custom(q=0 f=0/1 p99rtt=2ms) slots=24/25 jobs/s=612 drains=140349 evl=0ms
[2026-06-04 10:04:32.842] [info] [Worker 1] [libqueen] push(q=5 f=0/24 p99rtt=22ms) pop(q=0 f=0/16 p99rtt=41ms) custom(q=0 f=0/1 p99rtt=2ms) slots=25/25 jobs/s=630 drains=140309 evl=0ms
[2026-06-04 10:04:32.844] [info] [Worker 9] [libqueen] push(q=5 f=0/24 p99rtt=22ms) pop(q=0 f=0/16 p99rtt=41ms) custom(q=0 f=0/1 p99rtt=1ms) slots=25/25 jobs/s=630 drains=140337 evl=0ms
[2026-06-04 10:04:32.846] [info] [Worker 6] [libqueen] push(q=0 f=1/24 p99rtt=23ms) pop(q=0 f=0/16 p99rtt=40ms) custom(q=0 f=0/1 p99rtt=2ms) slots=24/25 jobs/s=630 drains=140590 evl=0ms
[2026-06-04 10:04:33.745] [info] [Worker 4] [libqueen] push(q=0 f=1/24 p99rtt=22ms) pop(q=0 f=0/16 p99rtt=40ms) custom(q=0 f=0/1 p99rtt=2ms) slots=24/25 jobs/s=570 drains=140671 evl=0ms
[2026-06-04 10:04:33.765] [info] [Worker 0] [libqueen] push(q=5 f=0/24 p99rtt=22ms) pop(q=0 f=0/16 p99rtt=42ms) custom(q=0 f=0/1 p99rtt=2ms) slots=25/25 jobs/s=582 drains=141294 evl=0ms
[2026-06-04 10:04:33.775] [info] [Worker 3] [libqueen] push(q=0 f=1/24 p99rtt=22ms) pop(q=0 f=0/16 p99rtt=37ms) custom(q=0 f=0/1 p99rtt=1ms) slots=24/25 jobs/s=594 drains=141140 evl=0ms
[2026-06-04 10:04:33.803] [info] [Worker 5] [libqueen] push(q=0 f=0/24 p99rtt=23ms) pop(q=0 f=0/16 p99rtt=37ms) custom(q=0 f=0/1 p99rtt=1ms) slots=25/25 jobs/s=576 drains=141196 evl=0ms
[2026-06-04 10:04:33.831] [info] [Worker 8] [libqueen] push(q=0 f=0/24 p99rtt=23ms) pop(q=0 f=0/16 p99rtt=37ms) custom(q=0 f=1/1 p99rtt=1ms) slots=24/25 jobs/s=581 drains=140479 evl=0ms
[2026-06-04 10:04:33.836] [info] [Worker 2] [libqueen] push(q=0 f=1/24 p99rtt=21ms) pop(q=0 f=0/16 p99rtt=38ms) custom(q=0 f=0/1 p99rtt=2ms) slots=24/25 jobs/s=576 drains=141494 evl=0ms
[2026-06-04 10:04:33.837] [info] [Worker 7] [libqueen] push(q=0 f=1/24 p99rtt=23ms) pop(q=0 f=0/16 p99rtt=39ms) custom(q=0 f=0/1 p99rtt=2ms) slots=24/25 jobs/s=564 drains=141153 evl=0ms
[2026-06-04 10:04:33.843] [info] [Worker 1] [libqueen] push(q=5 f=0/24 p99rtt=22ms) pop(q=0 f=0/16 p99rtt=41ms) custom(q=0 f=0/1 p99rtt=2ms) slots=25/25 jobs/s=570 drains=141102 evl=0ms
[2026-06-04 10:04:33.844] [info] [Worker 9] [libqueen] push(q=5 f=0/24 p99rtt=22ms) pop(q=0 f=0/16 p99rtt=41ms) custom(q=0 f=0/1 p99rtt=2ms) slots=25/25 jobs/s=582 drains=141134 evl=0ms
[2026-06-04 10:04:33.846] [info] [Worker 6] [libqueen] push(q=0 f=1/24 p99rtt=23ms) pop(q=0 f=0/16 p99rtt=40ms) custom(q=0 f=0/1 p99rtt=2ms) slots=24/25 jobs/s=582 drains=141381 evl=0ms
[2026-06-04 10:04:34.745] [info] [Worker 4] [libqueen] push(q=5 f=0/24 p99rtt=22ms) pop(q=0 f=0/16 p99rtt=40ms) custom(q=0 f=0/1 p99rtt=3ms) slots=25/25 jobs/s=552 drains=141436 evl=0ms
[2026-06-04 10:04:34.766] [info] [Worker 0] [libqueen] push(q=5 f=0/24 p99rtt=22ms) pop(q=0 f=0/16 p99rtt=42ms) custom(q=0 f=0/1 p99rtt=3ms) slots=25/25 jobs/s=552 drains=142039 evl=0ms
[2026-06-04 10:04:34.775] [info] [Worker 3] [libqueen] push(q=5 f=0/24 p99rtt=22ms) pop(q=0 f=0/16 p99rtt=37ms) custom(q=0 f=0/1 p99rtt=2ms) slots=25/25 jobs/s=564 drains=141912 evl=0ms
[2026-06-04 10:04:34.804] [info] [Worker 5] [libqueen] push(q=0 f=1/24 p99rtt=22ms) pop(q=0 f=0/16 p99rtt=37ms) custom(q=0 f=0/1 p99rtt=2ms) slots=24/25 jobs/s=534 drains=141926 evl=0ms
[2026-06-04 10:04:34.831] [info] [Worker 8] [libqueen] push(q=0 f=1/24 p99rtt=23ms) pop(q=0 f=0/16 p99rtt=37ms) custom(q=0 f=0/1 p99rtt=2ms) slots=24/25 jobs/s=529 drains=141193 evl=0ms
[2026-06-04 10:04:34.835] [info] [Worker 2] [libqueen] push(q=2 f=0/24 p99rtt=21ms) pop(q=0 f=0/16 p99rtt=38ms) custom(q=0 f=0/1 p99rtt=2ms) slots=25/25 jobs/s=528 drains=142228 evl=1ms
[2026-06-04 10:04:34.837] [info] [Worker 7] [libqueen] push(q=5 f=0/24 p99rtt=23ms) pop(q=0 f=0/16 p99rtt=39ms) custom(q=0 f=0/1 p99rtt=2ms) slots=25/25 jobs/s=534 drains=141891 evl=0ms
[2026-06-04 10:04:34.843] [info] [Worker 1] [libqueen] push(q=0 f=1/24 p99rtt=23ms) pop(q=0 f=0/16 p99rtt=41ms) custom(q=0 f=0/1 p99rtt=3ms) slots=24/25 jobs/s=528 drains=141847 evl=0ms
[2026-06-04 10:04:34.845] [info] [Worker 9] [libqueen] push(q=2 f=0/24 p99rtt=22ms) pop(q=0 f=0/16 p99rtt=41ms) custom(q=0 f=0/1 p99rtt=2ms) slots=25/25 jobs/s=540 drains=141866 evl=0ms
[2026-06-04 10:04:34.847] [info] [Worker 6] [libqueen] push(q=5 f=0/24 p99rtt=23ms) pop(q=0 f=0/16 p99rtt=40ms) custom(q=0 f=0/1 p99rtt=3ms) slots=25/25 jobs/s=546 drains=142129 evl=0ms
[2026-06-04 10:04:35.495] [info] StatsService: cycle completed in 351ms
[2026-06-04 10:04:35.746] [info] [Worker 4] [libqueen] push(q=5 f=0/24 p99rtt=22ms) pop(q=0 f=0/16 p99rtt=40ms) custom(q=0 f=0/1 p99rtt=3ms) slots=25/25 jobs/s=588 drains=142246 evl=0ms
[2026-06-04 10:04:35.765] [info] [Worker 0] [libqueen] push(q=0 f=1/24 p99rtt=22ms) pop(q=0 f=0/16 p99rtt=42ms) custom(q=0 f=0/1 p99rtt=3ms) slots=24/25 jobs/s=558 drains=142805 evl=0ms
[2026-06-04 10:04:35.775] [info] [Worker 3] [libqueen] push(q=0 f=1/24 p99rtt=20ms) pop(q=0 f=0/16 p99rtt=37ms) custom(q=0 f=0/1 p99rtt=2ms) slots=24/25 jobs/s=588 drains=142738 evl=0ms
[2026-06-04 10:04:35.804] [info] [Worker 5] [libqueen] push(q=5 f=0/24 p99rtt=23ms) pop(q=0 f=0/16 p99rtt=37ms) custom(q=0 f=0/1 p99rtt=2ms) slots=25/25 jobs/s=594 drains=142755 evl=0ms
[2026-06-04 10:04:35.831] [info] [Worker 8] [libqueen] push(q=5 f=0/24 p99rtt=22ms) pop(q=0 f=0/16 p99rtt=37ms) custom(q=0 f=0/1 p99rtt=2ms) slots=25/25 jobs/s=588 drains=141989 evl=0ms
[2026-06-04 10:04:35.836] [info] [Worker 2] [libqueen] push(q=5 f=0/24 p99rtt=20ms) pop(q=0 f=0/16 p99rtt=38ms) custom(q=0 f=0/1 p99rtt=2ms) slots=25/25 jobs/s=576 drains=143037 evl=0ms
[2026-06-04 10:04:35.837] [info] [Worker 7] [libqueen] push(q=5 f=0/24 p99rtt=22ms) pop(q=0 f=0/16 p99rtt=39ms) custom(q=0 f=0/1 p99rtt=2ms) slots=25/25 jobs/s=606 drains=142725 evl=0ms
[2026-06-04 10:04:35.843] [info] [Worker 1] [libqueen] push(q=5 f=0/24 p99rtt=22ms) pop(q=0 f=0/16 p99rtt=41ms) custom(q=0 f=0/1 p99rtt=2ms) slots=25/25 jobs/s=576 drains=142629 evl=0ms
[2026-06-04 10:04:35.845] [info] [Worker 9] [libqueen] push(q=5 f=0/24 p99rtt=22ms) pop(q=0 f=0/16 p99rtt=41ms) custom(q=0 f=0/1 p99rtt=2ms) slots=25/25 jobs/s=588 drains=142648 evl=0ms
[2026-06-04 10:04:35.847] [info] [Worker 6] [libqueen] push(q=5 f=0/24 p99rtt=23ms) pop(q=0 f=0/16 p99rtt=40ms) custom(q=0 f=0/1 p99rtt=3ms) slots=25/25 jobs/s=600 drains=142948 evl=0ms
[2026-06-04 10:04:36.140] [info] QPOP: Connection aborted for 8fc4d6f9-e238-44f0-bff8-c81eb03dcb3c
[2026-06-04 10:04:36.169] [info] QPOP: Connection aborted for af57edad-046a-43dd-8412-aebeb37d7225
[2026-06-04 10:04:36.746] [info] [Worker 4] [libqueen] push(q=0 f=1/24 p99rtt=22ms) pop(q=0 f=0/16 p99rtt=40ms) custom(q=0 f=0/1 p99rtt=2ms) slots=24/25 jobs/s=624 drains=143102 evl=0ms
[2026-06-04 10:04:36.765] [info] [Worker 0] [libqueen] push(q=4 f=0/24 p99rtt=23ms) pop(q=0 f=0/16 p99rtt=42ms) custom(q=0 f=0/1 p99rtt=3ms) slots=25/25 jobs/s=618 drains=143667 evl=0ms
[2026-06-04 10:04:36.775] [info] [Worker 3] [libqueen] push(q=0 f=0/24 p99rtt=20ms) pop(q=0 f=0/16 p99rtt=37ms) custom(q=0 f=0/1 p99rtt=2ms) slots=25/25 jobs/s=630 drains=143598 evl=0ms
[2026-06-04 10:04:36.800] [info] QPOP: Connection aborted for fdef93e8-770a-4180-8b72-a07dff7720e3
[2026-06-04 10:04:36.805] [info] [Worker 5] [libqueen] push(q=5 f=0/24 p99rtt=23ms) pop(q=0 f=0/16 p99rtt=37ms) custom(q=0 f=0/1 p99rtt=2ms) slots=25/25 jobs/s=612 drains=143612 evl=0ms
[2026-06-04 10:04:36.816] [info] QPOP: Connection aborted for 13fc4b4b-7e2e-470d-b759-9263de9c59bf
[2026-06-04 10:04:36.831] [info] [Worker 8] [libqueen] push(q=0 f=1/24 p99rtt=23ms) pop(q=0 f=0/16 p99rtt=37ms) custom(q=0 f=0/1 p99rtt=2ms) slots=24/25 jobs/s=612 drains=142822 evl=0ms
[2026-06-04 10:04:36.836] [info] [Worker 2] [libqueen] push(q=5 f=0/24 p99rtt=21ms) pop(q=0 f=0/16 p99rtt=38ms) custom(q=0 f=0/1 p99rtt=2ms) slots=25/25 jobs/s=612 drains=143883 evl=0ms
[2026-06-04 10:04:36.836] [info] [Worker 7] [libqueen] push(q=5 f=0/24 p99rtt=21ms) pop(q=0 f=0/16 p99rtt=39ms) custom(q=0 f=0/1 p99rtt=2ms) slots=25/25 jobs/s=618 drains=143575 evl=0ms
[2026-06-04 10:04:36.843] [info] [Worker 1] [libqueen] push(q=5 f=0/24 p99rtt=23ms) pop(q=0 f=0/16 p99rtt=41ms) custom(q=0 f=0/1 p99rtt=2ms) slots=25/25 jobs/s=606 drains=143460 evl=0ms
[2026-06-04 10:04:36.844] [info] [Worker 9] [libqueen] push(q=0 f=1/24 p99rtt=22ms) pop(q=0 f=0/16 p99rtt=41ms) custom(q=0 f=0/1 p99rtt=2ms) slots=24/25 jobs/s=606 drains=143485 evl=0ms
[2026-06-04 10:04:36.848] [info] [Worker 6] [libqueen] push(q=5 f=0/24 p99rtt=23ms) pop(q=0 f=0/16 p99rtt=40ms) custom(q=0 f=0/1 p99rtt=2ms) slots=25/25 jobs/s=606 drains=143766 evl=0ms
[2026-06-04 10:04:36.928] [info] QPOP: Connection aborted for b2be79a0-b9ce-4337-9d13-56a2629f4484
[2026-06-04 10:04:36.940] [info] QPOP: Connection aborted for ae5c98ae-7059-4b43-88e4-41536feaa2bc
[2026-06-04 10:04:37.000] [info] QPOP: Connection aborted for 25913241-664d-4ae7-a62a-bec71ec6bcf6
[2026-06-04 10:04:37.027] [info] QPOP: Connection aborted for 2acf99f1-1323-428d-9357-cfd02dd63ec7
[2026-06-04 10:04:37.034] [info] QPOP: Connection aborted for 2a752a50-9b78-4571-a690-e4a7770143b2
[2026-06-04 10:04:37.050] [info] QPOP: Connection aborted for a0cc7d7b-c622-4b53-9d3a-11e68ac13869
[2026-06-04 10:04:37.058] [info] QPOP: Connection aborted for d5d74ce7-b75b-44d8-b9f5-53c9f73a7939
[2026-06-04 10:04:37.063] [info] QPOP: Connection aborted for 20f8f563-f7b9-4b46-a97f-6af94376c240
[2026-06-04 10:04:37.076] [info] QPOP: Connection aborted for 0391ad20-0b71-45de-aa85-83e78887229b
[2026-06-04 10:04:37.079] [info] QPOP: Connection aborted for 4189a958-44af-45ad-9ddd-dfc220c42abd
[2026-06-04 10:04:37.093] [info] QPOP: Connection aborted for bfd127c8-4752-4316-b14d-fe5ecf8d67e5
[2026-06-04 10:04:37.101] [info] QPOP: Connection aborted for 72434c43-8f60-48f6-879a-4ae97a763c83
[2026-06-04 10:04:37.114] [info] QPOP: Connection aborted for 5f918983-b0b6-486d-81a0-340bc287b355
[2026-06-04 10:04:37.118] [info] QPOP: Connection aborted for 59dcecf1-e44b-4060-99e9-b0c94f3ce445
[2026-06-04 10:04:37.146] [info] QPOP: Connection aborted for 2f0ffbd0-1918-4b25-afdd-cc33f977daee
[2026-06-04 10:04:37.147] [info] QPOP: Connection aborted for ff86f756-f963-4c9b-bbfc-72e640b71204
[2026-06-04 10:04:37.147] [info] QPOP: Connection aborted for c17fd0cb-7a5f-4e1d-b4b5-7c8546c14547
[2026-06-04 10:04:37.147] [info] QPOP: Connection aborted for 083c832a-1fe0-404f-a719-236223c9f579
[2026-06-04 10:04:37.163] [info] QPOP: Connection aborted for 39f279bc-7793-40a4-8699-f402d58f2226
[2026-06-04 10:04:37.163] [info] QPOP: Connection aborted for 9fec4674-7a50-4d39-8cb6-803e9732aa85
[2026-06-04 10:04:37.170] [info] QPOP: Connection aborted for b5e0d8dc-224a-4476-ad42-181c6d7a1fb2
[2026-06-04 10:04:37.178] [info] QPOP: Connection aborted for d43559e5-561f-43d7-8349-369d607cc719
[2026-06-04 10:04:37.183] [info] QPOP: Connection aborted for c030a7b2-8c54-480e-b2ab-ce5d544d9384
[2026-06-04 10:04:37.185] [info] QPOP: Connection aborted for 2559ed20-4639-41a2-a9e2-e5a7670caf84
[2026-06-04 10:04:37.186] [info] QPOP: Connection aborted for e8bf54d4-1645-444b-b0e3-0a01e50e586b
[2026-06-04 10:04:37.196] [info] QPOP: Connection aborted for b7232e7c-32fa-4447-8c92-83daacba3cf7
[2026-06-04 10:04:37.200] [info] QPOP: Connection aborted for 4dd53878-af6e-43bb-9f75-bc7ca44e1112
[2026-06-04 10:04:37.213] [info] QPOP: Connection aborted for a9053ddc-cd9d-4e2a-82be-008b495e4252
[2026-06-04 10:04:37.214] [info] QPOP: Connection aborted for 152ee8df-7b01-4248-bd43-8180618ef278
[2026-06-04 10:04:37.231] [info] QPOP: Connection aborted for e5cd6bc4-7f11-49a4-a30e-a48008cc0ea4
[2026-06-04 10:04:37.233] [info] QPOP: Connection aborted for a8211046-e41b-4716-a98c-ad248e5f6349
[2026-06-04 10:04:37.235] [info] QPOP: Connection aborted for 6a4f794b-2199-422d-9478-1af05b18e9ca
[2026-06-04 10:04:37.247] [info] QPOP: Connection aborted for 9ffc1462-22ee-4007-824a-f709fcae5323
[2026-06-04 10:04:37.269] [info] QPOP: Connection aborted for ff2a0880-25ef-4e5c-b602-2be9fc263f9a
[2026-06-04 10:04:37.278] [info] QPOP: Connection aborted for 70ab99ff-6553-4f18-8ff9-d19dac3d2a20
[2026-06-04 10:04:37.295] [info] QPOP: Connection aborted for d3e1f02a-f8c2-4c8c-b1b8-184eea389069
[2026-06-04 10:04:37.295] [info] QPOP: Connection aborted for 46f0a81a-a61e-4945-939f-369d6a1283e6
[2026-06-04 10:04:37.295] [info] QPOP: Connection aborted for 8a9abe51-4db4-4464-8f31-5b849ec0b830
[2026-06-04 10:04:37.297] [info] QPOP: Connection aborted for 7e6e9186-0b57-442b-9197-db1a7c2a7cbc
[2026-06-04 10:04:37.304] [info] QPOP: Connection aborted for a11ecfb8-7a68-465f-9534-d245089ff5c7
[2026-06-04 10:04:37.308] [info] QPOP: Connection aborted for f9c2c93d-5e74-4ece-9dfd-91234e95ee26
[2026-06-04 10:04:37.316] [info] QPOP: Connection aborted for 105d6c29-4345-4225-9e9c-5a159d37ea53
[2026-06-04 10:04:37.319] [info] QPOP: Connection aborted for 56c540cd-776e-42bd-918d-fb8906e7e0ce
[2026-06-04 10:04:37.385] [info] QPOP: Connection aborted for 731713c2-4e2d-4e81-ba80-9046a02ba355
[2026-06-04 10:04:37.421] [info] QPOP: Connection aborted for 5e180361-548b-4dcb-9f6b-bfcdf85d037f
[2026-06-04 10:04:37.421] [info] QPOP: Connection aborted for f3391164-08af-45d5-8ddd-ac07bda3fefd
[2026-06-04 10:04:37.745] [info] [Worker 4] [libqueen] push(q=5 f=0/24 p99rtt=22ms) pop(q=0 f=0/16 p99rtt=40ms) custom(q=0 f=0/1 p99rtt=2ms) slots=25/25 jobs/s=540 drains=143854 evl=0ms
[2026-06-04 10:04:37.765] [info] [Worker 0] [libqueen] push(q=1 f=0/24 p99rtt=24ms) pop(q=0 f=0/16 p99rtt=42ms) custom(q=0 f=1/1 p99rtt=3ms) slots=24/25 jobs/s=533 drains=144434 evl=0ms
[2026-06-04 10:04:37.775] [info] [Worker 3] [libqueen] push(q=5 f=0/24 p99rtt=22ms) pop(q=0 f=0/16 p99rtt=37ms) custom(q=0 f=0/1 p99rtt=2ms) slots=25/25 jobs/s=534 drains=144359 evl=0ms
[2026-06-04 10:04:37.804] [info] [Worker 5] [libqueen] push(q=0 f=0/24 p99rtt=23ms) pop(q=0 f=0/16 p99rtt=37ms) custom(q=0 f=0/1 p99rtt=2ms) slots=25/25 jobs/s=528 drains=144352 evl=0ms
[2026-06-04 10:04:37.832] [info] [Worker 8] [libqueen] push(q=0 f=1/24 p99rtt=23ms) pop(q=0 f=0/16 p99rtt=37ms) custom(q=0 f=0/1 p99rtt=3ms) slots=24/25 jobs/s=528 drains=143566 evl=0ms
[2026-06-04 10:04:37.835] [info] [Worker 2] [libqueen] push(q=2 f=0/24 p99rtt=22ms) pop(q=0 f=0/16 p99rtt=38ms) custom(q=0 f=1/1 p99rtt=2ms) slots=24/25 jobs/s=527 drains=144626 evl=0ms
[2026-06-04 10:04:37.837] [info] [Worker 7] [libqueen] push(q=5 f=0/24 p99rtt=23ms) pop(q=0 f=0/16 p99rtt=39ms) custom(q=0 f=1/1 p99rtt=2ms) slots=24/25 jobs/s=533 drains=144325 evl=0ms
[2026-06-04 10:04:37.843] [info] [Worker 1] [libqueen] push(q=5 f=0/24 p99rtt=24ms) pop(q=0 f=0/16 p99rtt=41ms) custom(q=0 f=0/1 p99rtt=3ms) slots=25/25 jobs/s=516 drains=144191 evl=0ms
[2026-06-04 10:04:37.845] [info] [Worker 9] [libqueen] push(q=0 f=1/24 p99rtt=23ms) pop(q=0 f=0/16 p99rtt=41ms) custom(q=0 f=0/1 p99rtt=3ms) slots=24/25 jobs/s=522 drains=144221 evl=0ms
[2026-06-04 10:04:37.847] [info] [Worker 6] [libqueen] push(q=4 f=0/24 p99rtt=23ms) pop(q=0 f=0/16 p99rtt=40ms) custom(q=0 f=0/1 p99rtt=3ms) slots=25/25 jobs/s=522 drains=144488 evl=0ms
[2026-06-04 10:04:38.746] [info] [Worker 4] [libqueen] push(q=5 f=0/24 p99rtt=23ms) pop(q=0 f=0/16 p99rtt=40ms) custom(q=0 f=0/1 p99rtt=2ms) slots=25/25 jobs/s=582 drains=144652 evl=0ms
[2026-06-04 10:04:38.766] [info] [Worker 0] [libqueen] push(q=0 f=1/24 p99rtt=25ms) pop(q=0 f=0/16 p99rtt=42ms) custom(q=0 f=0/1 p99rtt=3ms) slots=24/25 jobs/s=571 drains=145230 evl=0ms
[2026-06-04 10:04:38.775] [info] [Worker 3] [libqueen] push(q=5 f=0/24 p99rtt=22ms) pop(q=0 f=0/16 p99rtt=37ms) custom(q=0 f=0/1 p99rtt=2ms) slots=25/25 jobs/s=576 drains=145128 evl=0ms
[2026-06-04 10:04:38.805] [info] [Worker 5] [libqueen] push(q=5 f=0/24 p99rtt=23ms) pop(q=0 f=0/16 p99rtt=37ms) custom(q=0 f=0/1 p99rtt=2ms) slots=25/25 jobs/s=588 drains=145155 evl=0ms
[2026-06-04 10:04:38.832] [info] [Worker 8] [libqueen] push(q=5 f=0/24 p99rtt=24ms) pop(q=0 f=0/16 p99rtt=37ms) custom(q=0 f=0/1 p99rtt=3ms) slots=25/25 jobs/s=594 drains=144373 evl=0ms
[2026-06-04 10:04:38.835] [info] [Worker 2] [libqueen] push(q=3 f=0/24 p99rtt=23ms) pop(q=0 f=0/16 p99rtt=38ms) custom(q=0 f=0/1 p99rtt=2ms) slots=25/25 jobs/s=583 drains=145410 evl=0ms
[2026-06-04 10:04:38.837] [info] [Worker 7] [libqueen] push(q=5 f=0/24 p99rtt=23ms) pop(q=0 f=0/16 p99rtt=39ms) custom(q=0 f=0/1 p99rtt=2ms) slots=25/25 jobs/s=589 drains=145129 evl=0ms
[2026-06-04 10:04:38.843] [info] [Worker 1] [libqueen] push(q=5 f=0/24 p99rtt=24ms) pop(q=0 f=0/16 p99rtt=41ms) custom(q=0 f=0/1 p99rtt=3ms) slots=25/25 jobs/s=582 drains=144999 evl=0ms
[2026-06-04 10:04:38.845] [info] [Worker 9] [libqueen] push(q=0 f=1/24 p99rtt=25ms) pop(q=0 f=0/16 p99rtt=41ms) custom(q=0 f=0/1 p99rtt=3ms) slots=24/25 jobs/s=600 drains=145041 evl=0ms
[2026-06-04 10:04:38.848] [info] [Worker 6] [libqueen] push(q=0 f=1/24 p99rtt=25ms) pop(q=0 f=0/16 p99rtt=40ms) custom(q=0 f=0/1 p99rtt=3ms) slots=24/25 jobs/s=600 drains=145302 evl=0ms
[2026-06-04 10:04:39.746] [info] [Worker 4] [libqueen] push(q=5 f=0/24 p99rtt=23ms) pop(q=0 f=0/16 p99rtt=40ms) custom(q=0 f=0/1 p99rtt=2ms) slots=25/25 jobs/s=624 drains=145510 evl=0ms
[2026-06-04 10:04:39.765] [info] [Worker 0] [libqueen] push(q=0 f=1/24 p99rtt=25ms) pop(q=0 f=0/16 p99rtt=40ms) custom(q=0 f=0/1 p99rtt=3ms) slots=24/25 jobs/s=618 drains=146093 evl=0ms
[2026-06-04 10:04:39.775] [info] [Worker 3] [libqueen] push(q=5 f=0/24 p99rtt=22ms) pop(q=0 f=0/16 p99rtt=37ms) custom(q=0 f=0/1 p99rtt=2ms) slots=25/25 jobs/s=606 drains=145954 evl=0ms
[2026-06-04 10:04:39.804] [info] [Worker 5] [libqueen] push(q=0 f=1/24 p99rtt=23ms) pop(q=0 f=0/16 p99rtt=37ms) custom(q=0 f=0/1 p99rtt=2ms) slots=24/25 jobs/s=612 drains=145997 evl=0ms
[2026-06-04 10:04:39.832] [info] [Worker 8] [libqueen] push(q=5 f=0/24 p99rtt=24ms) pop(q=0 f=0/16 p99rtt=37ms) custom(q=0 f=0/1 p99rtt=2ms) slots=25/25 jobs/s=612 drains=145215 evl=0ms
[2026-06-04 10:04:39.836] [info] [Worker 2] [libqueen] push(q=0 f=1/24 p99rtt=22ms) pop(q=0 f=0/16 p99rtt=38ms) custom(q=0 f=0/1 p99rtt=2ms) slots=24/25 jobs/s=600 drains=146242 evl=0ms
[2026-06-04 10:04:39.837] [info] [Worker 7] [libqueen] push(q=5 f=0/24 p99rtt=23ms) pop(q=0 f=0/16 p99rtt=39ms) custom(q=0 f=0/1 p99rtt=2ms) slots=25/25 jobs/s=612 drains=145954 evl=0ms
[2026-06-04 10:04:39.842] [info] [Worker 1] [libqueen] push(q=0 f=1/24 p99rtt=24ms) pop(q=0 f=0/16 p99rtt=41ms) custom(q=0 f=0/1 p99rtt=2ms) slots=24/25 jobs/s=600 drains=145814 evl=0ms
[2026-06-04 10:04:39.845] [info] [Worker 9] [libqueen] push(q=0 f=0/24 p99rtt=25ms) pop(q=0 f=0/16 p99rtt=41ms) custom(q=0 f=1/1 p99rtt=1ms) slots=24/25 jobs/s=611 drains=145849 evl=0ms
[2026-06-04 10:04:39.848] [info] [Worker 6] [libqueen] push(q=5 f=0/24 p99rtt=25ms) pop(q=0 f=0/16 p99rtt=40ms) custom(q=0 f=0/1 p99rtt=2ms) slots=25/25 jobs/s=624 drains=146150 evl=0ms
[2026-06-04 10:04:40.746] [info] [Worker 4] [libqueen] push(q=0 f=1/24 p99rtt=23ms) pop(q=0 f=0/16 p99rtt=40ms) custom(q=0 f=0/1 p99rtt=3ms) slots=24/25 jobs/s=444 drains=146136 evl=0ms
[2026-06-04 10:04:40.766] [info] [Worker 0] [libqueen] push(q=5 f=0/24 p99rtt=26ms) pop(q=0 f=0/16 p99rtt=40ms) custom(q=0 f=0/1 p99rtt=3ms) slots=25/25 jobs/s=450 drains=146727 evl=0ms
[2026-06-04 10:04:40.775] [info] [Worker 3] [libqueen] push(q=5 f=0/24 p99rtt=25ms) pop(q=0 f=0/16 p99rtt=37ms) custom(q=0 f=0/1 p99rtt=3ms) slots=25/25 jobs/s=450 drains=146577 evl=0ms
[2026-06-04 10:04:40.805] [info] [Worker 5] [libqueen] push(q=0 f=1/24 p99rtt=24ms) pop(q=0 f=0/16 p99rtt=37ms) custom(q=0 f=0/1 p99rtt=2ms) slots=24/25 jobs/s=456 drains=146632 evl=0ms
[2026-06-04 10:04:40.831] [info] [Worker 8] [libqueen] push(q=5 f=0/24 p99rtt=25ms) pop(q=0 f=0/16 p99rtt=37ms) custom(q=0 f=0/1 p99rtt=4ms) slots=25/25 jobs/s=456 drains=145852 evl=0ms
[2026-06-04 10:04:40.836] [info] [Worker 2] [libqueen] push(q=0 f=1/24 p99rtt=25ms) pop(q=0 f=0/16 p99rtt=38ms) custom(q=0 f=0/1 p99rtt=2ms) slots=24/25 jobs/s=450 drains=146874 evl=0ms
[2026-06-04 10:04:40.838] [info] [Worker 7] [libqueen] push(q=0 f=1/24 p99rtt=26ms) pop(q=0 f=0/16 p99rtt=39ms) custom(q=0 f=0/1 p99rtt=2ms) slots=24/25 jobs/s=450 drains=146583 evl=0ms
[2026-06-04 10:04:40.843] [info] [Worker 1] [libqueen] push(q=0 f=0/24 p99rtt=25ms) pop(q=0 f=0/16 p99rtt=41ms) custom(q=0 f=0/1 p99rtt=2ms) slots=25/25 jobs/s=450 drains=146427 evl=0ms
[2026-06-04 10:04:40.846] [info] [Worker 9] [libqueen] push(q=5 f=0/24 p99rtt=26ms) pop(q=0 f=0/16 p99rtt=41ms) custom(q=0 f=0/1 p99rtt=2ms) slots=25/25 jobs/s=451 drains=146454 evl=0ms
[2026-06-04 10:04:40.848] [info] [Worker 6] [libqueen] push(q=5 f=0/24 p99rtt=25ms) pop(q=0 f=0/16 p99rtt=40ms) custom(q=0 f=0/1 p99rtt=3ms) slots=25/25 jobs/s=456 drains=146779 evl=0ms
[2026-06-04 10:04:41.747] [info] [Worker 4] [libqueen] push(q=0 f=1/24 p99rtt=25ms) pop(q=0 f=0/16 p99rtt=40ms) custom(q=0 f=0/1 p99rtt=3ms) slots=24/25 jobs/s=522 drains=146880 evl=0ms
[2026-06-04 10:04:41.766] [info] [Worker 0] [libqueen] push(q=0 f=1/24 p99rtt=26ms) pop(q=0 f=0/16 p99rtt=40ms) custom(q=0 f=0/1 p99rtt=3ms) slots=24/25 jobs/s=522 drains=147458 evl=0ms
[2026-06-04 10:04:41.774] [info] [Worker 3] [libqueen] push(q=5 f=0/24 p99rtt=25ms) pop(q=0 f=0/16 p99rtt=37ms) custom(q=0 f=0/1 p99rtt=3ms) slots=25/25 jobs/s=510 drains=147293 evl=0ms
[2026-06-04 10:04:41.805] [info] [Worker 5] [libqueen] push(q=0 f=0/24 p99rtt=25ms) pop(q=0 f=0/16 p99rtt=37ms) custom(q=0 f=1/1 p99rtt=3ms) slots=24/25 jobs/s=515 drains=147349 evl=0ms
[2026-06-04 10:04:41.831] [info] [Worker 8] [libqueen] push(q=3 f=0/24 p99rtt=25ms) pop(q=0 f=0/16 p99rtt=37ms) custom(q=0 f=0/1 p99rtt=4ms) slots=25/25 jobs/s=516 drains=146571 evl=0ms
[2026-06-04 10:04:41.836] [info] [Worker 2] [libqueen] push(q=0 f=1/24 p99rtt=25ms) pop(q=0 f=0/16 p99rtt=38ms) custom(q=0 f=0/1 p99rtt=3ms) slots=24/25 jobs/s=504 drains=147575 evl=0ms
[2026-06-04 10:04:41.837] [info] [Worker 7] [libqueen] push(q=0 f=1/24 p99rtt=26ms) pop(q=0 f=0/16 p99rtt=39ms) custom(q=0 f=0/1 p99rtt=4ms) slots=24/25 jobs/s=510 drains=147288 evl=0ms
[2026-06-04 10:04:41.843] [info] [Worker 1] [libqueen] push(q=5 f=0/24 p99rtt=26ms) pop(q=0 f=0/16 p99rtt=41ms) custom(q=0 f=0/1 p99rtt=2ms) slots=25/25 jobs/s=516 drains=147158 evl=0ms
[2026-06-04 10:04:41.846] [info] [Worker 9] [libqueen] push(q=0 f=1/24 p99rtt=26ms) pop(q=0 f=0/16 p99rtt=41ms) custom(q=0 f=0/1 p99rtt=2ms) slots=24/25 jobs/s=504 drains=147162 evl=0ms
[2026-06-04 10:04:41.848] [info] [Worker 6] [libqueen] push(q=0 f=1/24 p99rtt=25ms) pop(q=0 f=0/16 p99rtt=40ms) custom(q=0 f=0/1 p99rtt=4ms) slots=24/25 jobs/s=510 drains=147497 evl=0ms
[2026-06-04 10:04:42.746] [info] [Worker 4] [libqueen] push(q=0 f=1/24 p99rtt=25ms) pop(q=0 f=0/16 p99rtt=40ms) custom(q=0 f=0/1 p99rtt=4ms) slots=24/25 jobs/s=486 drains=147573 evl=0ms
[2026-06-04 10:04:42.766] [info] [Worker 0] [libqueen] push(q=5 f=0/24 p99rtt=26ms) pop(q=0 f=0/16 p99rtt=40ms) custom(q=0 f=0/1 p99rtt=4ms) slots=25/25 jobs/s=492 drains=148140 evl=0ms
[2026-06-04 10:04:42.774] [info] [Worker 3] [libqueen] push(q=0 f=1/24 p99rtt=25ms) pop(q=0 f=0/16 p99rtt=37ms) custom(q=0 f=0/1 p99rtt=4ms) slots=24/25 jobs/s=480 drains=147968 evl=0ms
[2026-06-04 10:04:42.805] [info] [Worker 5] [libqueen] push(q=5 f=0/24 p99rtt=25ms) pop(q=0 f=0/16 p99rtt=37ms) custom(q=0 f=0/1 p99rtt=4ms) slots=25/25 jobs/s=481 drains=148032 evl=0ms
[2026-06-04 10:04:42.832] [info] [Worker 8] [libqueen] push(q=5 f=0/24 p99rtt=25ms) pop(q=0 f=0/16 p99rtt=37ms) custom(q=0 f=0/1 p99rtt=5ms) slots=25/25 jobs/s=498 drains=147252 evl=0ms
[2026-06-04 10:04:42.836] [info] [Worker 2] [libqueen] push(q=0 f=1/24 p99rtt=25ms) pop(q=0 f=0/16 p99rtt=38ms) custom(q=0 f=0/1 p99rtt=3ms) slots=24/25 jobs/s=486 drains=148267 evl=0ms
[2026-06-04 10:04:42.838] [info] [Worker 7] [libqueen] push(q=0 f=0/24 p99rtt=27ms) pop(q=0 f=0/16 p99rtt=39ms) custom(q=0 f=1/1 p99rtt=5ms) slots=24/25 jobs/s=491 drains=147972 evl=0ms
[2026-06-04 10:04:42.843] [info] [Worker 1] [libqueen] push(q=5 f=0/24 p99rtt=26ms) pop(q=0 f=0/16 p99rtt=41ms) custom(q=0 f=0/1 p99rtt=2ms) slots=25/25 jobs/s=492 drains=147851 evl=0ms
[2026-06-04 10:04:42.846] [info] [Worker 9] [libqueen] push(q=0 f=1/24 p99rtt=26ms) pop(q=0 f=0/16 p99rtt=41ms) custom(q=0 f=0/1 p99rtt=3ms) slots=24/25 jobs/s=504 drains=147859 evl=0ms
[2026-06-04 10:04:42.848] [info] [Worker 6] [libqueen] push(q=0 f=1/24 p99rtt=26ms) pop(q=0 f=0/16 p99rtt=40ms) custom(q=0 f=0/1 p99rtt=5ms) slots=24/25 jobs/s=492 drains=148178 evl=0ms
[2026-06-04 10:04:43.747] [info] [Worker 4] [libqueen] push(q=5 f=0/24 p99rtt=26ms) pop(q=0 f=0/16 p99rtt=40ms) custom(q=0 f=0/1 p99rtt=5ms) slots=25/25 jobs/s=510 drains=148289 evl=0ms
[2026-06-04 10:04:43.765] [info] [Worker 0] [libqueen] push(q=0 f=1/24 p99rtt=27ms) pop(q=0 f=0/16 p99rtt=40ms) custom(q=0 f=0/1 p99rtt=4ms) slots=24/25 jobs/s=492 drains=148830 evl=0ms
[2026-06-04 10:04:43.775] [info] [Worker 3] [libqueen] push(q=5 f=0/24 p99rtt=26ms) pop(q=0 f=0/16 p99rtt=37ms) custom(q=0 f=0/1 p99rtt=6ms) slots=25/25 jobs/s=510 drains=148682 evl=0ms
[2026-06-04 10:04:43.806] [info] [Worker 5] [libqueen] push(q=5 f=0/24 p99rtt=25ms) pop(q=0 f=0/16 p99rtt=37ms) custom(q=0 f=0/1 p99rtt=4ms) slots=25/25 jobs/s=498 drains=148726 evl=0ms
[2026-06-04 10:04:43.831] [info] [Worker 8] [libqueen] push(q=5 f=0/24 p99rtt=26ms) pop(q=0 f=0/16 p99rtt=37ms) custom(q=0 f=0/1 p99rtt=6ms) slots=25/25 jobs/s=504 drains=147951 evl=0ms
[2026-06-04 10:04:43.836] [info] [Worker 2] [libqueen] push(q=5 f=0/24 p99rtt=26ms) pop(q=0 f=0/16 p99rtt=38ms) custom(q=0 f=0/1 p99rtt=3ms) slots=25/25 jobs/s=492 drains=148962 evl=0ms
[2026-06-04 10:04:43.838] [info] [Worker 7] [libqueen] push(q=5 f=0/24 p99rtt=27ms) pop(q=0 f=0/16 p99rtt=39ms) custom(q=0 f=0/1 p99rtt=5ms) slots=25/25 jobs/s=499 drains=148651 evl=0ms
[2026-06-04 10:04:43.843] [info] [Worker 1] [libqueen] push(q=0 f=1/24 p99rtt=26ms) pop(q=0 f=0/16 p99rtt=41ms) custom(q=0 f=0/1 p99rtt=3ms) slots=24/25 jobs/s=498 drains=148554 evl=0ms
[2026-06-04 10:04:43.845] [info] [Worker 9] [libqueen] push(q=0 f=1/24 p99rtt=26ms) pop(q=0 f=0/16 p99rtt=41ms) custom(q=0 f=0/1 p99rtt=4ms) slots=24/25 jobs/s=504 drains=148566 evl=0ms
[2026-06-04 10:04:43.848] [info] [Worker 6] [libqueen] push(q=0 f=1/24 p99rtt=26ms) pop(q=0 f=0/16 p99rtt=40ms) custom(q=0 f=0/1 p99rtt=5ms) slots=24/25 jobs/s=504 drains=148873 evl=0ms
[2026-06-04 10:04:44.747] [info] [Worker 4] [libqueen] push(q=4 f=0/24 p99rtt=27ms) pop(q=0 f=0/16 p99rtt=40ms) custom(q=0 f=1/1 p99rtt=6ms) slots=24/25 jobs/s=497 drains=148997 evl=0ms
[2026-06-04 10:04:44.766] [info] [Worker 0] [libqueen] push(q=5 f=0/24 p99rtt=29ms) pop(q=0 f=0/16 p99rtt=40ms) custom(q=0 f=0/1 p99rtt=5ms) slots=25/25 jobs/s=480 drains=149498 evl=0ms
[2026-06-04 10:04:44.776] [info] [Worker 3] [libqueen] push(q=5 f=0/24 p99rtt=26ms) pop(q=0 f=0/16 p99rtt=37ms) custom(q=0 f=0/1 p99rtt=6ms) slots=25/25 jobs/s=498 drains=149372 evl=0ms
[2026-06-04 10:04:44.807] [info] [Worker 5] [libqueen] push(q=5 f=0/24 p99rtt=25ms) pop(q=0 f=0/16 p99rtt=37ms) custom(q=0 f=0/1 p99rtt=5ms) slots=25/25 jobs/s=498 drains=149436 evl=0ms
[2026-06-04 10:04:44.832] [info] [Worker 8] [libqueen] push(q=0 f=1/24 p99rtt=27ms) pop(q=0 f=0/16 p99rtt=37ms) custom(q=0 f=0/1 p99rtt=6ms) slots=24/25 jobs/s=492 drains=148622 evl=0ms
[2026-06-04 10:04:44.837] [info] [Worker 2] [libqueen] push(q=5 f=0/24 p99rtt=27ms) pop(q=0 f=0/16 p99rtt=38ms) custom(q=0 f=0/1 p99rtt=6ms) slots=25/25 jobs/s=480 drains=149630 evl=0ms
[2026-06-04 10:04:44.838] [info] [Worker 7] [libqueen] push(q=5 f=0/24 p99rtt=29ms) pop(q=0 f=0/16 p99rtt=39ms) custom(q=0 f=0/1 p99rtt=5ms) slots=25/25 jobs/s=492 drains=149350 evl=0ms
[2026-06-04 10:04:44.842] [info] [Worker 1] [libqueen] push(q=0 f=1/24 p99rtt=27ms) pop(q=0 f=0/16 p99rtt=41ms) custom(q=0 f=0/1 p99rtt=6ms) slots=24/25 jobs/s=486 drains=149217 evl=0ms
[2026-06-04 10:04:44.846] [info] [Worker 9] [libqueen] push(q=5 f=0/24 p99rtt=27ms) pop(q=0 f=0/16 p99rtt=41ms) custom(q=0 f=0/1 p99rtt=6ms) slots=25/25 jobs/s=480 drains=149252 evl=0ms
[2026-06-04 10:04:44.847] [info] [Worker 6] [libqueen] push(q=5 f=0/24 p99rtt=29ms) pop(q=0 f=0/16 p99rtt=40ms) custom(q=0 f=0/1 p99rtt=6ms) slots=25/25 jobs/s=504 drains=149576 evl=0ms
[2026-06-04 10:04:45.746] [info] [Worker 4] [libqueen] push(q=0 f=1/24 p99rtt=27ms) pop(q=0 f=0/16 p99rtt=40ms) custom(q=0 f=0/1 p99rtt=7ms) slots=24/25 jobs/s=475 drains=149645 evl=0ms
[2026-06-04 10:04:45.765] [info] [Worker 0] [libqueen] push(q=5 f=0/24 p99rtt=29ms) pop(q=0 f=0/16 p99rtt=40ms) custom(q=0 f=0/1 p99rtt=5ms) slots=25/25 jobs/s=480 drains=150157 evl=0ms
[2026-06-04 10:04:45.777] [info] [Worker 3] [libqueen] push(q=0 f=0/24 p99rtt=28ms) pop(q=0 f=0/16 p99rtt=37ms) custom(q=0 f=1/1 p99rtt=6ms) slots=24/25 jobs/s=461 drains=149985 evl=0ms
[2026-06-04 10:04:45.807] [info] [Worker 5] [libqueen] push(q=0 f=1/24 p99rtt=25ms) pop(q=0 f=0/16 p99rtt=37ms) custom(q=0 f=0/1 p99rtt=7ms) slots=24/25 jobs/s=474 drains=150102 evl=0ms
[2026-06-04 10:04:45.832] [info] [Worker 8] [libqueen] push(q=5 f=0/24 p99rtt=28ms) pop(q=0 f=0/16 p99rtt=37ms) custom(q=0 f=0/1 p99rtt=6ms) slots=25/25 jobs/s=486 drains=149301 evl=0ms
[2026-06-04 10:04:45.836] [info] [Worker 2] [libqueen] push(q=0 f=1/24 p99rtt=27ms) pop(q=0 f=0/16 p99rtt=38ms) custom(q=0 f=0/1 p99rtt=6ms) slots=24/25 jobs/s=474 drains=150294 evl=0ms
[2026-06-04 10:04:45.838] [info] [Worker 7] [libqueen] push(q=2 f=0/24 p99rtt=29ms) pop(q=0 f=0/16 p99rtt=39ms) custom(q=0 f=0/1 p99rtt=5ms) slots=25/25 jobs/s=486 drains=150020 evl=0ms
[2026-06-04 10:04:45.842] [info] [Worker 1] [libqueen] push(q=5 f=0/24 p99rtt=27ms) pop(q=0 f=0/16 p99rtt=41ms) custom(q=0 f=0/1 p99rtt=6ms) slots=25/25 jobs/s=486 drains=149873 evl=0ms
[2026-06-04 10:04:45.847] [info] [Worker 9] [libqueen] push(q=0 f=1/24 p99rtt=27ms) pop(q=0 f=0/16 p99rtt=41ms) custom(q=0 f=0/1 p99rtt=7ms) slots=24/25 jobs/s=468 drains=149896 evl=0ms
[2026-06-04 10:04:45.847] [info] [Worker 6] [libqueen] push(q=0 f=1/24 p99rtt=29ms) pop(q=0 f=0/16 p99rtt=40ms) custom(q=0 f=0/1 p99rtt=6ms) slots=24/25 jobs/s=462 drains=150205 evl=0ms
[2026-06-04 10:04:46.142] [info] QPOP: Connection aborted for 0818128e-a75b-4890-9c3a-1e544d7f686a
[2026-06-04 10:04:46.170] [info] QPOP: Connection aborted for 30fb265b-7d20-4709-b4ec-6854bde64ccb
[2026-06-04 10:04:46.445] [info] StatsService: cycle completed in 301ms
[2026-06-04 10:04:46.747] [info] [Worker 4] [libqueen] push(q=0 f=1/24 p99rtt=29ms) pop(q=0 f=0/16 p99rtt=40ms) custom(q=0 f=0/1 p99rtt=7ms) slots=24/25 jobs/s=507 drains=150363 evl=0ms
[2026-06-04 10:04:46.765] [info] [Worker 0] [libqueen] push(q=0 f=1/24 p99rtt=29ms) pop(q=0 f=0/16 p99rtt=40ms) custom(q=0 f=0/1 p99rtt=5ms) slots=24/25 jobs/s=480 drains=150846 evl=0ms
[2026-06-04 10:04:46.777] [info] [Worker 3] [libqueen] push(q=5 f=0/24 p99rtt=28ms) pop(q=0 f=0/16 p99rtt=37ms) custom(q=0 f=0/1 p99rtt=6ms) slots=25/25 jobs/s=505 drains=150676 evl=0ms
[2026-06-04 10:04:46.802] [info] QPOP: Connection aborted for 750e952c-7f58-46db-833d-cefdc5b24ccd
[2026-06-04 10:04:46.807] [info] [Worker 5] [libqueen] push(q=5 f=0/24 p99rtt=28ms) pop(q=0 f=0/16 p99rtt=37ms) custom(q=0 f=0/1 p99rtt=8ms) slots=25/25 jobs/s=513 drains=150834 evl=0ms
[2026-06-04 10:04:46.818] [info] QPOP: Connection aborted for 9d77da34-a79a-44a4-ac9a-cc2a990bc466
[2026-06-04 10:04:46.831] [info] [Worker 8] [libqueen] push(q=5 f=0/24 p99rtt=28ms) pop(q=0 f=0/16 p99rtt=37ms) custom(q=0 f=0/1 p99rtt=7ms) slots=25/25 jobs/s=510 drains=150010 evl=0ms
[2026-06-04 10:04:46.837] [info] [Worker 2] [libqueen] push(q=0 f=1/24 p99rtt=28ms) pop(q=0 f=0/16 p99rtt=38ms) custom(q=0 f=0/1 p99rtt=6ms) slots=24/25 jobs/s=492 drains=150986 evl=0ms
[2026-06-04 10:04:46.838] [info] [Worker 7] [libqueen] push(q=0 f=1/24 p99rtt=29ms) pop(q=0 f=0/16 p99rtt=39ms) custom(q=0 f=0/1 p99rtt=6ms) slots=24/25 jobs/s=492 drains=150715 evl=0ms
[2026-06-04 10:04:46.843] [info] [Worker 1] [libqueen] push(q=5 f=0/24 p99rtt=28ms) pop(q=0 f=0/16 p99rtt=41ms) custom(q=0 f=0/1 p99rtt=6ms) slots=25/25 jobs/s=486 drains=150569 evl=0ms
[2026-06-04 10:04:46.847] [info] [Worker 9] [libqueen] push(q=0 f=1/24 p99rtt=28ms) pop(q=0 f=1/16 p99rtt=41ms) custom(q=0 f=0/1 p99rtt=8ms) slots=23/25 jobs/s=500 drains=150600 evl=0ms
[2026-06-04 10:04:46.848] [info] [Worker 6] [libqueen] push(q=0 f=1/24 p99rtt=29ms) pop(q=0 f=1/16 p99rtt=40ms) custom(q=0 f=0/1 p99rtt=6ms) slots=23/25 jobs/s=495 drains=150896 evl=0ms
[2026-06-04 10:04:46.928] [info] QPOP: Connection aborted for 932587a1-9433-41a5-bc9a-0dbd046c8841
[2026-06-04 10:04:46.941] [info] QPOP: Connection aborted for 4ea01046-b2de-49f2-8e42-bd662a9d5236
[2026-06-04 10:04:47.001] [info] QPOP: Connection aborted for 1c523854-7611-41e1-80ec-cfb817bbbf21
[2026-06-04 10:04:47.028] [info] QPOP: Connection aborted for 837512b4-0a23-41cf-88e5-e844e71dd439
[2026-06-04 10:04:47.036] [info] QPOP: Connection aborted for 925193eb-3c25-4c22-b21c-5de3d179153b
[2026-06-04 10:04:47.051] [info] QPOP: Connection aborted for 3168d61e-ed39-44f8-a48d-ce0b7a2e782d
[2026-06-04 10:04:47.058] [info] QPOP: Connection aborted for 4b7758af-464f-4e08-850b-87c2aaacc523
[2026-06-04 10:04:47.065] [info] QPOP: Connection aborted for a3f00eb4-5ee4-447c-8734-e060a2c0354a
[2026-06-04 10:04:47.078] [info] QPOP: Connection aborted for 850f5a76-ab7f-46b8-9a7b-cd983d3aafd4
[2026-06-04 10:04:47.080] [info] QPOP: Connection aborted for 8f87a50b-944d-4fe0-8945-891e61408278
[2026-06-04 10:04:47.094] [info] QPOP: Connection aborted for 89304673-d547-49e4-b10f-d98b7d8231a6
[2026-06-04 10:04:47.102] [info] QPOP: Connection aborted for a52c9e11-12e1-43c6-9a2f-f1ae494f0d95
[2026-06-04 10:04:47.115] [info] QPOP: Connection aborted for 7a8adc07-9916-4fee-8aae-1e3f0aee67f7
[2026-06-04 10:04:47.120] [info] QPOP: Connection aborted for ebafb96c-e60e-4fa8-83e4-9fcdae6f05c1
[2026-06-04 10:04:47.147] [info] QPOP: Connection aborted for 5de69ed3-a5cc-4192-a213-7a2b4a19b267
[2026-06-04 10:04:47.147] [info] QPOP: Connection aborted for 03747375-f776-4b9b-91b3-3bbe5e743183
[2026-06-04 10:04:47.149] [info] QPOP: Connection aborted for 7de943a8-4899-4072-bb09-cddb58da478b
[2026-06-04 10:04:47.150] [info] QPOP: Connection aborted for 8a9d89d5-cb48-4ac5-9373-ad2972adfe75
[2026-06-04 10:04:47.164] [info] QPOP: Connection aborted for dabb6f05-5c99-48ad-add1-515c38608b65
[2026-06-04 10:04:47.165] [info] QPOP: Connection aborted for e7bc20fd-524c-42c6-bf5f-ca0fe9c596f5
[2026-06-04 10:04:47.171] [info] QPOP: Connection aborted for 52ca7b15-0371-4724-8ce3-69eacdcf3d6e
[2026-06-04 10:04:47.180] [info] QPOP: Connection aborted for 2a778636-8a0a-48cb-9b9e-aaf1f4ba1340
[2026-06-04 10:04:47.185] [info] QPOP: Connection aborted for d5ef3cf2-70df-45d3-aa31-8e789b53359a
[2026-06-04 10:04:47.187] [info] QPOP: Connection aborted for e7703efe-f971-4ebb-8d55-bf0e16b1f817
[2026-06-04 10:04:47.187] [info] QPOP: Connection aborted for c278ccca-c085-4b6a-b91b-9ffdeb4e6b60
[2026-06-04 10:04:47.198] [info] QPOP: Connection aborted for 96920055-05b8-4fb7-a734-cacfeb8fd8dc
[2026-06-04 10:04:47.201] [info] QPOP: Connection aborted for 64ad5eb0-8af3-4011-ba01-579648150284
[2026-06-04 10:04:47.214] [info] QPOP: Connection aborted for b3c8642d-5705-4f22-93bd-d10117029e77
[2026-06-04 10:04:47.215] [info] QPOP: Connection aborted for 2cd8305a-e879-42d2-9d46-f9167340f819
[2026-06-04 10:04:47.232] [info] QPOP: Connection aborted for eb1c0892-3978-4900-9289-022379a267b6
[2026-06-04 10:04:47.234] [info] QPOP: Connection aborted for 3bbd2fc4-6fc4-4551-9ceb-1aa23513869c
[2026-06-04 10:04:47.236] [info] QPOP: Connection aborted for 91f44faa-2518-45ce-b219-48a8620c46e1
[2026-06-04 10:04:47.251] [info] QPOP: Connection aborted for e7ef76fc-3491-4e26-8ed8-64cfbdd51662
[2026-06-04 10:04:47.270] [info] QPOP: Connection aborted for 16c5eff9-95d2-435f-a229-4ce5938e5269
[2026-06-04 10:04:47.278] [info] QPOP: Connection aborted for d3c0ddcf-41b6-4c3a-82ff-2f79cb022921
[2026-06-04 10:04:47.296] [info] QPOP: Connection aborted for 4cd28d6f-d76c-4a61-8ed8-27bf9a12d5a2
[2026-06-04 10:04:47.296] [info] QPOP: Connection aborted for a49ed199-2fa1-4fa8-82bf-704a12edd824
[2026-06-04 10:04:47.296] [info] QPOP: Connection aborted for abd6e06d-9d5a-420c-b945-740d6c1597b3
[2026-06-04 10:04:47.299] [info] QPOP: Connection aborted for b5302849-f1bd-4e72-8632-d33258f3a027
[2026-06-04 10:04:47.305] [info] QPOP: Connection aborted for 26b0c1c5-a607-4160-8d59-6a2a71e5c7ad
[2026-06-04 10:04:47.311] [info] QPOP: Connection aborted for 437dc641-02bb-47cc-90ac-e0dc2f6f7af3
[2026-06-04 10:04:47.316] [info] QPOP: Connection aborted for 362b3a56-07a5-4e53-802a-5e85ea0087db
[2026-06-04 10:04:47.319] [info] QPOP: Connection aborted for 20fd90fe-bd20-49bd-9257-c92d59599129
[2026-06-04 10:04:47.386] [info] QPOP: Connection aborted for 0c7bd8e5-49ee-451e-b788-3a0d2388cfa1
[2026-06-04 10:04:47.423] [info] QPOP: Connection aborted for 986191bf-a535-48ec-8857-9df4cd86a23a
[2026-06-04 10:04:47.423] [info] QPOP: Connection aborted for 791dc201-173f-49a5-98b8-f3d2261f2e09
[2026-06-04 10:04:47.747] [info] [Worker 4] [libqueen] push(q=0 f=1/24 p99rtt=29ms) pop(q=0 f=0/16 p99rtt=40ms) custom(q=0 f=0/1 p99rtt=7ms) slots=24/25 jobs/s=540 drains=151116 evl=0ms
[2026-06-04 10:04:47.766] [info] [Worker 0] [libqueen] push(q=0 f=0/24 p99rtt=29ms) pop(q=0 f=0/16 p99rtt=40ms) custom(q=0 f=1/1 p99rtt=6ms) slots=24/25 jobs/s=548 drains=151604 evl=0ms
[2026-06-04 10:04:47.777] [info] [Worker 3] [libqueen] push(q=5 f=0/24 p99rtt=28ms) pop(q=0 f=0/16 p99rtt=36ms) custom(q=0 f=0/1 p99rtt=6ms) slots=25/25 jobs/s=543 drains=151439 evl=0ms
[2026-06-04 10:04:47.807] [info] [Worker 5] [libqueen] push(q=0 f=1/24 p99rtt=28ms) pop(q=0 f=1/16 p99rtt=37ms) custom(q=0 f=0/1 p99rtt=8ms) slots=23/25 jobs/s=552 drains=151591 evl=0ms
[2026-06-04 10:04:47.832] [info] [Worker 8] [libqueen] push(q=0 f=1/24 p99rtt=28ms) pop(q=0 f=0/16 p99rtt=37ms) custom(q=0 f=0/1 p99rtt=7ms) slots=24/25 jobs/s=555 drains=150800 evl=0ms
[2026-06-04 10:04:47.836] [info] [Worker 2] [libqueen] push(q=4 f=0/24 p99rtt=28ms) pop(q=0 f=0/16 p99rtt=36ms) custom(q=0 f=0/1 p99rtt=6ms) slots=25/25 jobs/s=543 drains=151735 evl=0ms
[2026-06-04 10:04:47.838] [info] [Worker 7] [libqueen] push(q=5 f=0/24 p99rtt=29ms) pop(q=0 f=0/16 p99rtt=39ms) custom(q=0 f=0/1 p99rtt=6ms) slots=25/25 jobs/s=555 drains=151469 evl=0ms
[2026-06-04 10:04:47.842] [info] [Worker 1] [libqueen] push(q=0 f=1/24 p99rtt=28ms) pop(q=0 f=0/16 p99rtt=40ms) custom(q=0 f=0/1 p99rtt=6ms) slots=24/25 jobs/s=543 drains=151321 evl=0ms
[2026-06-04 10:04:47.846] [info] [Worker 9] [libqueen] push(q=3 f=0/24 p99rtt=28ms) pop(q=0 f=0/16 p99rtt=41ms) custom(q=0 f=0/1 p99rtt=8ms) slots=25/25 jobs/s=565 drains=151393 evl=0ms
[2026-06-04 10:04:47.848] [info] [Worker 6] [libqueen] push(q=5 f=0/24 p99rtt=29ms) pop(q=0 f=0/16 p99rtt=40ms) custom(q=0 f=0/1 p99rtt=6ms) slots=25/25 jobs/s=558 drains=151672 evl=0ms
[2026-06-04 10:04:48.746] [info] [Worker 4] [libqueen] push(q=0 f=1/24 p99rtt=29ms) pop(q=0 f=1/16 p99rtt=40ms) custom(q=0 f=0/1 p99rtt=7ms) slots=23/25 jobs/s=618 drains=151982 evl=0ms
[2026-06-04 10:04:48.765] [info] [Worker 0] [libqueen] push(q=5 f=0/24 p99rtt=29ms) pop(q=0 f=0/16 p99rtt=40ms) custom(q=0 f=0/1 p99rtt=6ms) slots=25/25 jobs/s=607 drains=152446 evl=0ms
[2026-06-04 10:04:48.777] [info] [Worker 3] [libqueen] push(q=5 f=0/24 p99rtt=29ms) pop(q=3 f=0/16 p99rtt=36ms) custom(q=0 f=0/1 p99rtt=6ms) slots=25/25 jobs/s=611 drains=152281 evl=0ms
[2026-06-04 10:04:48.806] [info] [Worker 5] [libqueen] push(q=5 f=0/24 p99rtt=28ms) pop(q=0 f=1/16 p99rtt=37ms) custom(q=0 f=0/1 p99rtt=8ms) slots=24/25 jobs/s=632 drains=152460 evl=0ms
[2026-06-04 10:04:48.832] [info] [Worker 8] [libqueen] push(q=5 f=0/24 p99rtt=28ms) pop(q=0 f=0/16 p99rtt=37ms) custom(q=0 f=0/1 p99rtt=7ms) slots=25/25 jobs/s=606 drains=151637 evl=0ms
[2026-06-04 10:04:48.837] [info] [Worker 2] [libqueen] push(q=5 f=0/24 p99rtt=28ms) pop(q=0 f=1/16 p99rtt=36ms) custom(q=0 f=0/1 p99rtt=6ms) slots=24/25 jobs/s=629 drains=152588 evl=0ms
[2026-06-04 10:04:48.837] [info] [Worker 7] [libqueen] push(q=0 f=1/24 p99rtt=29ms) pop(q=0 f=1/16 p99rtt=39ms) custom(q=0 f=0/1 p99rtt=6ms) slots=23/25 jobs/s=607 drains=152321 evl=0ms
[2026-06-04 10:04:48.842] [info] [Worker 1] [libqueen] push(q=5 f=0/24 p99rtt=29ms) pop(q=1 f=0/16 p99rtt=40ms) custom(q=0 f=0/1 p99rtt=6ms) slots=25/25 jobs/s=620 drains=152165 evl=0ms
[2026-06-04 10:04:48.846] [info] [Worker 9] [libqueen] push(q=5 f=0/24 p99rtt=29ms) pop(q=0 f=0/16 p99rtt=41ms) custom(q=0 f=0/1 p99rtt=8ms) slots=25/25 jobs/s=610 drains=152236 evl=0ms
[2026-06-04 10:04:48.848] [info] [Worker 6] [libqueen] push(q=0 f=1/24 p99rtt=29ms) pop(q=0 f=1/16 p99rtt=40ms) custom(q=0 f=0/1 p99rtt=6ms) slots=23/25 jobs/s=614 drains=152527 evl=0ms
[2026-06-04 10:04:49.747] [info] [Worker 4] [libqueen] push(q=5 f=0/24 p99rtt=27ms) pop(q=4 f=0/16 p99rtt=40ms) custom(q=0 f=0/1 p99rtt=7ms) slots=25/25 jobs/s=678 drains=152859 evl=0ms
[2026-06-04 10:04:49.765] [info] [Worker 0] [libqueen] push(q=0 f=1/24 p99rtt=29ms) pop(q=0 f=1/16 p99rtt=40ms) custom(q=0 f=0/1 p99rtt=5ms) slots=23/25 jobs/s=639 drains=153296 evl=0ms
[2026-06-04 10:04:49.777] [info] [Worker 3] [libqueen] push(q=0 f=1/24 p99rtt=28ms) pop(q=0 f=1/16 p99rtt=36ms) custom(q=0 f=0/1 p99rtt=5ms) slots=23/25 jobs/s=710 drains=153177 evl=0ms
[2026-06-04 10:04:49.807] [info] [Worker 5] [libqueen] push(q=5 f=0/24 p99rtt=27ms) pop(q=5 f=0/16 p99rtt=39ms) custom(q=0 f=0/1 p99rtt=8ms) slots=25/25 jobs/s=716 drains=153372 evl=0ms
[2026-06-04 10:04:49.832] [info] [Worker 8] [libqueen] push(q=5 f=0/24 p99rtt=28ms) pop(q=5 f=0/16 p99rtt=36ms) custom(q=0 f=0/1 p99rtt=7ms) slots=25/25 jobs/s=635 drains=152462 evl=0ms
[2026-06-04 10:04:49.836] [info] [Worker 2] [libqueen] push(q=0 f=1/24 p99rtt=28ms) pop(q=0 f=1/16 p99rtt=36ms) custom(q=0 f=0/1 p99rtt=6ms) slots=23/25 jobs/s=720 drains=153504 evl=0ms
[2026-06-04 10:04:49.838] [info] [Worker 7] [libqueen] push(q=5 f=0/24 p99rtt=28ms) pop(q=0 f=1/16 p99rtt=39ms) custom(q=0 f=0/1 p99rtt=6ms) slots=24/25 jobs/s=633 drains=153177 evl=0ms
[2026-06-04 10:04:49.843] [info] [Worker 1] [libqueen] push(q=0 f=1/24 p99rtt=29ms) pop(q=0 f=1/16 p99rtt=40ms) custom(q=0 f=0/1 p99rtt=6ms) slots=23/25 jobs/s=658 drains=153040 evl=0ms
[2026-06-04 10:04:49.847] [info] [Worker 9] [libqueen] push(q=5 f=0/24 p99rtt=28ms) pop(q=0 f=1/16 p99rtt=41ms) custom(q=0 f=0/1 p99rtt=8ms) slots=24/25 jobs/s=659 drains=153074 evl=0ms
[2026-06-04 10:04:49.848] [info] [Worker 6] [libqueen] push(q=5 f=0/24 p99rtt=28ms) pop(q=4 f=0/16 p99rtt=40ms) custom(q=0 f=0/1 p99rtt=6ms) slots=25/25 jobs/s=703 drains=153453 evl=0ms
[2026-06-04 10:04:50.747] [info] [Worker 4] [libqueen] push(q=5 f=0/24 p99rtt=27ms) pop(q=0 f=1/16 p99rtt=40ms) custom(q=0 f=0/1 p99rtt=7ms) slots=24/25 jobs/s=695 drains=153712 evl=3ms
[2026-06-04 10:04:50.766] [info] [Worker 0] [libqueen] push(q=0 f=1/24 p99rtt=29ms) pop(q=0 f=1/16 p99rtt=42ms) custom(q=0 f=0/1 p99rtt=5ms) slots=23/25 jobs/s=713 drains=154190 evl=0ms
[2026-06-04 10:04:50.777] [info] [Worker 3] [libqueen] push(q=0 f=1/24 p99rtt=28ms) pop(q=0 f=1/16 p99rtt=35ms) custom(q=0 f=0/1 p99rtt=5ms) slots=23/25 jobs/s=696 drains=154013 evl=0ms
[2026-06-04 10:04:50.807] [info] [Worker 5] [libqueen] push(q=0 f=0/24 p99rtt=27ms) pop(q=0 f=1/16 p99rtt=38ms) custom(q=0 f=1/1 p99rtt=8ms) slots=23/25 jobs/s=717 drains=154231 evl=0ms
[2026-06-04 10:04:50.835] [info] [Worker 8] [libqueen] push(q=5 f=0/24 p99rtt=28ms) pop(q=0 f=1/16 p99rtt=36ms) custom(q=0 f=0/1 p99rtt=7ms) slots=24/25 jobs/s=722 drains=153365 evl=0ms
[2026-06-04 10:04:50.837] [info] [Worker 2] [libqueen] push(q=0 f=1/24 p99rtt=28ms) pop(q=0 f=1/16 p99rtt=36ms) custom(q=0 f=0/1 p99rtt=6ms) slots=23/25 jobs/s=683 drains=154379 evl=0ms
[2026-06-04 10:04:50.838] [info] [Worker 7] [libqueen] push(q=1 f=0/24 p99rtt=28ms) pop(q=0 f=1/16 p99rtt=39ms) custom(q=0 f=1/1 p99rtt=6ms) slots=23/25 jobs/s=727 drains=154082 evl=0ms
[2026-06-04 10:04:50.843] [info] [Worker 1] [libqueen] push(q=5 f=0/24 p99rtt=28ms) pop(q=0 f=1/16 p99rtt=38ms) custom(q=0 f=0/1 p99rtt=6ms) slots=24/25 jobs/s=715 drains=153929 evl=0ms
[2026-06-04 10:04:50.847] [info] [Worker 9] [libqueen] push(q=0 f=1/24 p99rtt=28ms) pop(q=0 f=1/16 p99rtt=41ms) custom(q=0 f=0/1 p99rtt=8ms) slots=23/25 jobs/s=720 drains=153959 evl=0ms
[2026-06-04 10:04:50.848] [info] [Worker 6] [libqueen] push(q=0 f=1/24 p99rtt=28ms) pop(q=0 f=1/16 p99rtt=40ms) custom(q=0 f=0/1 p99rtt=6ms) slots=23/25 jobs/s=689 drains=154318 evl=0ms
[2026-06-04 10:04:51.747] [info] [Worker 4] [libqueen] push(q=5 f=0/24 p99rtt=29ms) pop(q=0 f=0/16 p99rtt=43ms) custom(q=0 f=0/1 p99rtt=9ms) slots=25/25 jobs/s=517 drains=154396 evl=0ms
[2026-06-04 10:04:51.765] [info] [Worker 0] [libqueen] push(q=2 f=0/24 p99rtt=30ms) pop(q=0 f=1/16 p99rtt=52ms) custom(q=0 f=0/1 p99rtt=6ms) slots=24/25 jobs/s=516 drains=154859 evl=0ms
[2026-06-04 10:04:51.777] [info] [Worker 3] [libqueen] push(q=5 f=0/24 p99rtt=30ms) pop(q=0 f=1/16 p99rtt=38ms) custom(q=0 f=0/1 p99rtt=6ms) slots=24/25 jobs/s=512 drains=154641 evl=0ms
[2026-06-04 10:04:51.807] [info] [Worker 5] [libqueen] push(q=5 f=0/24 p99rtt=29ms) pop(q=0 f=1/16 p99rtt=40ms) custom(q=0 f=0/1 p99rtt=8ms) slots=24/25 jobs/s=520 drains=154895 evl=0ms
[2026-06-04 10:04:51.835] [info] [Worker 8] [libqueen] push(q=5 f=0/24 p99rtt=29ms) pop(q=0 f=0/16 p99rtt=40ms) custom(q=0 f=0/1 p99rtt=8ms) slots=25/25 jobs/s=522 drains=154021 evl=0ms
[2026-06-04 10:04:51.837] [info] [Worker 2] [libqueen] push(q=0 f=1/24 p99rtt=29ms) pop(q=0 f=0/16 p99rtt=41ms) custom(q=0 f=0/1 p99rtt=7ms) slots=24/25 jobs/s=489 drains=155016 evl=0ms
[2026-06-04 10:04:51.838] [info] [Worker 7] [libqueen] push(q=0 f=1/24 p99rtt=30ms) pop(q=0 f=1/16 p99rtt=39ms) custom(q=0 f=0/1 p99rtt=7ms) slots=23/25 jobs/s=508 drains=154706 evl=0ms
[2026-06-04 10:04:51.843] [info] [Worker 1] [libqueen] push(q=5 f=0/24 p99rtt=29ms) pop(q=1 f=0/16 p99rtt=41ms) custom(q=0 f=0/1 p99rtt=6ms) slots=25/25 jobs/s=518 drains=154571 evl=0ms
[2026-06-04 10:04:51.846] [info] [Worker 9] [libqueen] push(q=5 f=0/24 p99rtt=29ms) pop(q=0 f=0/16 p99rtt=42ms) custom(q=0 f=0/1 p99rtt=8ms) slots=25/25 jobs/s=510 drains=154615 evl=0ms
[2026-06-04 10:04:51.848] [info] [Worker 6] [libqueen] push(q=5 f=0/24 p99rtt=30ms) pop(q=3 f=0/16 p99rtt=40ms) custom(q=0 f=0/1 p99rtt=6ms) slots=25/25 jobs/s=513 drains=154970 evl=0ms
[2026-06-04 10:04:52.746] [info] [Worker 4] [libqueen] push(q=3 f=0/24 p99rtt=28ms) pop(q=0 f=0/16 p99rtt=43ms) custom(q=0 f=0/1 p99rtt=7ms) slots=25/25 jobs/s=607 drains=155241 evl=0ms
[2026-06-04 10:04:52.766] [info] [Worker 0] [libqueen] push(q=5 f=0/24 p99rtt=29ms) pop(q=1 f=0/16 p99rtt=52ms) custom(q=0 f=0/1 p99rtt=5ms) slots=25/25 jobs/s=589 drains=155701 evl=0ms
[2026-06-04 10:04:52.777] [info] [Worker 3] [libqueen] push(q=5 f=0/24 p99rtt=28ms) pop(q=0 f=0/16 p99rtt=38ms) custom(q=0 f=0/1 p99rtt=5ms) slots=25/25 jobs/s=584 drains=155434 evl=0ms
[2026-06-04 10:04:52.807] [info] [Worker 5] [libqueen] push(q=5 f=0/24 p99rtt=27ms) pop(q=0 f=0/16 p99rtt=40ms) custom(q=0 f=0/1 p99rtt=6ms) slots=25/25 jobs/s=600 drains=155746 evl=0ms
[2026-06-04 10:04:52.835] [info] [Worker 8] [libqueen] push(q=5 f=0/24 p99rtt=27ms) pop(q=0 f=0/16 p99rtt=40ms) custom(q=0 f=0/1 p99rtt=6ms) slots=25/25 jobs/s=594 drains=154833 evl=0ms
[2026-06-04 10:04:52.837] [info] [Worker 2] [libqueen] push(q=5 f=0/24 p99rtt=28ms) pop(q=0 f=0/16 p99rtt=41ms) custom(q=0 f=1/1 p99rtt=5ms) slots=24/25 jobs/s=575 drains=155829 evl=0ms
[2026-06-04 10:04:52.838] [info] [Worker 7] [libqueen] push(q=0 f=1/24 p99rtt=29ms) pop(q=0 f=0/16 p99rtt=39ms) custom(q=0 f=0/1 p99rtt=5ms) slots=24/25 jobs/s=566 drains=155512 evl=0ms
[2026-06-04 10:04:52.843] [info] [Worker 1] [libqueen] push(q=0 f=1/24 p99rtt=28ms) pop(q=0 f=0/16 p99rtt=41ms) custom(q=0 f=0/1 p99rtt=6ms) slots=24/25 jobs/s=588 drains=155396 evl=0ms
[2026-06-04 10:04:52.847] [info] [Worker 9] [libqueen] push(q=0 f=0/24 p99rtt=28ms) pop(q=0 f=0/16 p99rtt=42ms) custom(q=0 f=1/1 p99rtt=7ms) slots=24/25 jobs/s=587 drains=155426 evl=0ms
[2026-06-04 10:04:52.848] [info] [Worker 6] [libqueen] push(q=5 f=0/24 p99rtt=29ms) pop(q=0 f=0/16 p99rtt=40ms) custom(q=0 f=0/1 p99rtt=6ms) slots=25/25 jobs/s=588 drains=155799 evl=0ms
[2026-06-04 10:04:53.282] [info] PartitionLookupReconcileService: fixed 5 partition_lookup rows (stats leader, hostname=c932ee286edc)
[2026-06-04 10:04:53.747] [info] [Worker 4] [libqueen] push(q=0 f=1/24 p99rtt=28ms) pop(q=0 f=1/16 p99rtt=43ms) custom(q=0 f=0/1 p99rtt=7ms) slots=23/25 jobs/s=486 drains=155924 evl=0ms
[2026-06-04 10:04:53.766] [info] [Worker 0] [libqueen] push(q=0 f=1/24 p99rtt=29ms) pop(q=0 f=0/16 p99rtt=44ms) custom(q=0 f=0/1 p99rtt=6ms) slots=24/25 jobs/s=492 drains=156375 evl=0ms
[2026-06-04 10:04:53.778] [info] [Worker 3] [libqueen] push(q=5 f=0/24 p99rtt=28ms) pop(q=0 f=0/16 p99rtt=38ms) custom(q=0 f=0/1 p99rtt=5ms) slots=25/25 jobs/s=492 drains=156102 evl=0ms
[2026-06-04 10:04:53.808] [info] [Worker 5] [libqueen] push(q=5 f=0/24 p99rtt=28ms) pop(q=1 f=0/16 p99rtt=40ms) custom(q=0 f=0/1 p99rtt=6ms) slots=25/25 jobs/s=486 drains=156418 evl=0ms
[2026-06-04 10:04:53.835] [info] [Worker 8] [libqueen] push(q=5 f=0/24 p99rtt=28ms) pop(q=1 f=0/16 p99rtt=40ms) custom(q=0 f=0/1 p99rtt=6ms) slots=25/25 jobs/s=480 drains=155519 evl=0ms
[2026-06-04 10:04:53.836] [info] [Worker 2] [libqueen] push(q=5 f=0/24 p99rtt=28ms) pop(q=0 f=0/16 p99rtt=41ms) custom(q=0 f=0/1 p99rtt=6ms) slots=25/25 jobs/s=481 drains=156505 evl=0ms
[2026-06-04 10:04:53.837] [info] [Worker 7] [libqueen] push(q=5 f=0/24 p99rtt=29ms) pop(q=0 f=1/16 p99rtt=39ms) custom(q=0 f=0/1 p99rtt=5ms) slots=24/25 jobs/s=492 drains=156206 evl=0ms
[2026-06-04 10:04:53.844] [info] [Worker 1] [libqueen] push(q=1 f=0/24 p99rtt=28ms) pop(q=0 f=0/16 p99rtt=41ms) custom(q=0 f=0/1 p99rtt=6ms) slots=25/25 jobs/s=498 drains=156085 evl=0ms
[2026-06-04 10:04:53.847] [info] [Worker 9] [libqueen] push(q=5 f=0/24 p99rtt=28ms) pop(q=2 f=0/16 p99rtt=42ms) custom(q=0 f=0/1 p99rtt=7ms) slots=25/25 jobs/s=481 drains=156100 evl=0ms
[2026-06-04 10:04:53.847] [info] [Worker 6] [libqueen] push(q=5 f=0/24 p99rtt=28ms) pop(q=0 f=0/16 p99rtt=40ms) custom(q=0 f=0/1 p99rtt=6ms) slots=25/25 jobs/s=504 drains=156471 evl=0ms
[2026-06-04 10:04:54.747] [info] [Worker 4] [libqueen] push(q=0 f=1/24 p99rtt=29ms) pop(q=0 f=0/16 p99rtt=43ms) custom(q=0 f=0/1 p99rtt=7ms) slots=24/25 jobs/s=474 drains=156591 evl=0ms
[2026-06-04 10:04:54.766] [info] [Worker 0] [libqueen] push(q=5 f=0/24 p99rtt=29ms) pop(q=0 f=0/16 p99rtt=44ms) custom(q=0 f=0/1 p99rtt=5ms) slots=25/25 jobs/s=474 drains=157029 evl=0ms
[2026-06-04 10:04:54.778] [info] [Worker 3] [libqueen] push(q=0 f=1/24 p99rtt=28ms) pop(q=0 f=0/16 p99rtt=38ms) custom(q=0 f=0/1 p99rtt=5ms) slots=24/25 jobs/s=486 drains=156768 evl=0ms
[2026-06-04 10:04:54.807] [info] [Worker 5] [libqueen] push(q=5 f=0/24 p99rtt=28ms) pop(q=0 f=0/16 p99rtt=40ms) custom(q=0 f=0/1 p99rtt=6ms) slots=25/25 jobs/s=480 drains=157074 evl=0ms
[2026-06-04 10:04:54.836] [info] [Worker 8] [libqueen] push(q=0 f=1/24 p99rtt=28ms) pop(q=0 f=0/16 p99rtt=40ms) custom(q=0 f=0/1 p99rtt=6ms) slots=24/25 jobs/s=486 drains=156201 evl=0ms
[2026-06-04 10:04:54.837] [info] [Worker 2] [libqueen] push(q=0 f=1/24 p99rtt=28ms) pop(q=0 f=0/16 p99rtt=41ms) custom(q=0 f=0/1 p99rtt=6ms) slots=24/25 jobs/s=486 drains=157192 evl=0ms
[2026-06-04 10:04:54.837] [info] [Worker 7] [libqueen] push(q=2 f=0/24 p99rtt=29ms) pop(q=0 f=0/16 p99rtt=39ms) custom(q=0 f=0/1 p99rtt=4ms) slots=25/25 jobs/s=498 drains=156882 evl=0ms
[2026-06-04 10:04:54.844] [info] [Worker 1] [libqueen] push(q=5 f=0/24 p99rtt=29ms) pop(q=1 f=0/16 p99rtt=41ms) custom(q=0 f=0/1 p99rtt=6ms) slots=25/25 jobs/s=480 drains=156754 evl=0ms
[2026-06-04 10:04:54.846] [info] [Worker 9] [libqueen] push(q=5 f=0/24 p99rtt=29ms) pop(q=0 f=0/16 p99rtt=42ms) custom(q=0 f=0/1 p99rtt=7ms) slots=25/25 jobs/s=486 drains=156777 evl=0ms
[2026-06-04 10:04:54.847] [info] [Worker 6] [libqueen] push(q=0 f=0/24 p99rtt=28ms) pop(q=0 f=0/16 p99rtt=40ms) custom(q=0 f=1/1 p99rtt=8ms) slots=24/25 jobs/s=515 drains=157171 evl=0ms
[2026-06-04 10:04:55.747] [info] [Worker 4] [libqueen] push(q=5 f=0/24 p99rtt=29ms) pop(q=0 f=0/16 p99rtt=43ms) custom(q=0 f=0/1 p99rtt=7ms) slots=25/25 jobs/s=504 drains=157292 evl=0ms
[2026-06-04 10:04:55.766] [info] [Worker 0] [libqueen] push(q=0 f=1/24 p99rtt=29ms) pop(q=0 f=0/16 p99rtt=44ms) custom(q=0 f=0/1 p99rtt=5ms) slots=24/25 jobs/s=498 drains=157742 evl=0ms
[2026-06-04 10:04:55.778] [info] [Worker 3] [libqueen] push(q=5 f=0/24 p99rtt=28ms) pop(q=0 f=0/16 p99rtt=38ms) custom(q=0 f=0/1 p99rtt=5ms) slots=25/25 jobs/s=504 drains=157454 evl=0ms
[2026-06-04 10:04:55.809] [info] [Worker 5] [libqueen] push(q=5 f=0/24 p99rtt=28ms) pop(q=0 f=1/16 p99rtt=40ms) custom(q=0 f=0/1 p99rtt=6ms) slots=24/25 jobs/s=492 drains=157764 evl=3ms
[2026-06-04 10:04:55.836] [info] [Worker 8] [libqueen] push(q=5 f=0/24 p99rtt=28ms) pop(q=0 f=0/16 p99rtt=40ms) custom(q=0 f=0/1 p99rtt=6ms) slots=25/25 jobs/s=510 drains=156895 evl=0ms
[2026-06-04 10:04:55.837] [info] [Worker 2] [libqueen] push(q=5 f=0/24 p99rtt=28ms) pop(q=0 f=0/16 p99rtt=41ms) custom(q=0 f=0/1 p99rtt=6ms) slots=25/25 jobs/s=510 drains=157896 evl=0ms
[2026-06-04 10:04:55.838] [info] [Worker 7] [libqueen] push(q=5 f=0/24 p99rtt=29ms) pop(q=0 f=0/16 p99rtt=39ms) custom(q=0 f=0/1 p99rtt=5ms) slots=25/25 jobs/s=510 drains=157586 evl=0ms
[2026-06-04 10:04:55.844] [info] [Worker 1] [libqueen] push(q=0 f=1/24 p99rtt=29ms) pop(q=0 f=0/16 p99rtt=41ms) custom(q=0 f=0/1 p99rtt=5ms) slots=24/25 jobs/s=486 drains=157387 evl=0ms
[2026-06-04 10:04:55.847] [info] [Worker 9] [libqueen] push(q=0 f=1/24 p99rtt=29ms) pop(q=0 f=0/16 p99rtt=42ms) custom(q=0 f=0/1 p99rtt=6ms) slots=24/25 jobs/s=510 drains=157500 evl=0ms
[2026-06-04 10:04:55.848] [info] [Worker 6] [libqueen] push(q=0 f=0/24 p99rtt=28ms) pop(q=0 f=0/16 p99rtt=40ms) custom(q=0 f=1/1 p99rtt=8ms) slots=24/25 jobs/s=498 drains=157849 evl=0ms
[2026-06-04 10:04:56.747] [info] [Worker 4] [libqueen] push(q=5 f=0/24 p99rtt=29ms) pop(q=0 f=0/16 p99rtt=43ms) custom(q=0 f=0/1 p99rtt=6ms) slots=25/25 jobs/s=582 drains=158096 evl=0ms
[2026-06-04 10:04:56.766] [info] [Worker 0] [libqueen] push(q=0 f=1/24 p99rtt=28ms) pop(q=0 f=0/16 p99rtt=44ms) custom(q=0 f=0/1 p99rtt=5ms) slots=24/25 jobs/s=552 drains=158517 evl=0ms
[2026-06-04 10:04:56.779] [info] [Worker 3] [libqueen] push(q=5 f=0/24 p99rtt=29ms) pop(q=0 f=0/16 p99rtt=38ms) custom(q=0 f=0/1 p99rtt=4ms) slots=25/25 jobs/s=588 drains=158268 evl=0ms
[2026-06-04 10:04:56.810] [info] [Worker 5] [libqueen] push(q=0 f=1/24 p99rtt=27ms) pop(q=0 f=0/16 p99rtt=40ms) custom(q=0 f=0/1 p99rtt=5ms) slots=24/25 jobs/s=558 drains=158549 evl=0ms
[2026-06-04 10:04:56.836] [info] [Worker 8] [libqueen] push(q=0 f=1/24 p99rtt=28ms) pop(q=0 f=0/16 p99rtt=40ms) custom(q=0 f=0/1 p99rtt=5ms) slots=24/25 jobs/s=564 drains=157681 evl=0ms
[2026-06-04 10:04:56.837] [info] [Worker 2] [libqueen] push(q=0 f=1/24 p99rtt=29ms) pop(q=0 f=0/16 p99rtt=41ms) custom(q=0 f=0/1 p99rtt=5ms) slots=24/25 jobs/s=546 drains=158651 evl=0ms
[2026-06-04 10:04:56.837] [info] [Worker 7] [libqueen] push(q=0 f=1/24 p99rtt=29ms) pop(q=0 f=0/16 p99rtt=39ms) custom(q=0 f=0/1 p99rtt=4ms) slots=24/25 jobs/s=558 drains=158329 evl=0ms
[2026-06-04 10:04:56.843] [info] [Worker 1] [libqueen] push(q=0 f=1/24 p99rtt=29ms) pop(q=0 f=0/16 p99rtt=41ms) custom(q=0 f=0/1 p99rtt=4ms) slots=24/25 jobs/s=564 drains=158161 evl=0ms
[2026-06-04 10:04:56.846] [info] [Worker 9] [libqueen] push(q=0 f=1/24 p99rtt=28ms) pop(q=1 f=0/16 p99rtt=42ms) custom(q=0 f=0/1 p99rtt=4ms) slots=24/25 jobs/s=564 drains=158280 evl=0ms
[2026-06-04 10:04:56.849] [info] [Worker 6] [libqueen] push(q=2 f=0/24 p99rtt=28ms) pop(q=0 f=0/16 p99rtt=40ms) custom(q=0 f=1/1 p99rtt=6ms) slots=24/25 jobs/s=564 drains=158619 evl=0ms
[2026-06-04 10:04:57.344] [info] StatsService: cycle completed in 199ms
[2026-06-04 10:04:57.747] [info] [Worker 4] [libqueen] push(q=5 f=0/24 p99rtt=28ms) pop(q=0 f=0/16 p99rtt=43ms) custom(q=0 f=0/1 p99rtt=4ms) slots=25/25 jobs/s=600 drains=158909 evl=0ms
[2026-06-04 10:04:57.766] [info] [Worker 0] [libqueen] push(q=5 f=0/24 p99rtt=27ms) pop(q=0 f=0/16 p99rtt=44ms) custom(q=0 f=0/1 p99rtt=5ms) slots=25/25 jobs/s=624 drains=159361 evl=0ms
[2026-06-04 10:04:57.779] [info] [Worker 3] [libqueen] push(q=5 f=0/24 p99rtt=27ms) pop(q=1 f=0/16 p99rtt=38ms) custom(q=0 f=0/1 p99rtt=3ms) slots=25/25 jobs/s=612 drains=159105 evl=0ms
[2026-06-04 10:04:57.810] [info] [Worker 5] [libqueen] push(q=0 f=1/24 p99rtt=27ms) pop(q=0 f=0/16 p99rtt=40ms) custom(q=0 f=0/1 p99rtt=3ms) slots=24/25 jobs/s=618 drains=159378 evl=0ms
[2026-06-04 10:04:57.836] [info] [Worker 8] [libqueen] push(q=5 f=0/24 p99rtt=27ms) pop(q=0 f=0/16 p99rtt=40ms) custom(q=0 f=0/1 p99rtt=3ms) slots=25/25 jobs/s=600 drains=158497 evl=0ms
[2026-06-04 10:04:57.837] [info] [Worker 2] [libqueen] push(q=0 f=1/24 p99rtt=28ms) pop(q=0 f=0/16 p99rtt=41ms) custom(q=0 f=0/1 p99rtt=4ms) slots=24/25 jobs/s=600 drains=159443 evl=0ms
[2026-06-04 10:04:57.838] [info] [Worker 7] [libqueen] push(q=0 f=1/24 p99rtt=27ms) pop(q=0 f=0/16 p99rtt=39ms) custom(q=0 f=0/1 p99rtt=3ms) slots=24/25 jobs/s=618 drains=159159 evl=0ms
[2026-06-04 10:04:57.844] [info] [Worker 1] [libqueen] push(q=5 f=0/24 p99rtt=28ms) pop(q=0 f=0/16 p99rtt=41ms) custom(q=0 f=0/1 p99rtt=4ms) slots=25/25 jobs/s=600 drains=158979 evl=0ms
[2026-06-04 10:04:57.847] [info] [Worker 9] [libqueen] push(q=5 f=0/24 p99rtt=27ms) pop(q=0 f=0/16 p99rtt=42ms) custom(q=0 f=0/1 p99rtt=3ms) slots=25/25 jobs/s=618 drains=159108 evl=0ms
[2026-06-04 10:04:57.848] [info] [Worker 6] [libqueen] push(q=0 f=0/24 p99rtt=28ms) pop(q=0 f=0/16 p99rtt=40ms) custom(q=0 f=1/1 p99rtt=4ms) slots=24/25 jobs/s=606 drains=159441 evl=0ms
[2026-06-04 10:04:58.747] [info] [Worker 4] [libqueen] push(q=5 f=0/24 p99rtt=28ms) pop(q=0 f=0/16 p99rtt=43ms) custom(q=0 f=0/1 p99rtt=3ms) slots=25/25 jobs/s=606 drains=159730 evl=0ms
[2026-06-04 10:04:58.767] [info] [Worker 0] [libqueen] push(q=0 f=1/24 p99rtt=27ms) pop(q=0 f=1/16 p99rtt=44ms) custom(q=0 f=0/1 p99rtt=4ms) slots=23/25 jobs/s=612 drains=160200 evl=0ms
[2026-06-04 10:04:58.779] [info] [Worker 3] [libqueen] push(q=0 f=1/24 p99rtt=27ms) pop(q=0 f=0/16 p99rtt=38ms) custom(q=0 f=0/1 p99rtt=3ms) slots=24/25 jobs/s=612 drains=159938 evl=0ms
[2026-06-04 10:04:58.810] [info] [Worker 5] [libqueen] push(q=5 f=0/24 p99rtt=27ms) pop(q=0 f=0/16 p99rtt=39ms) custom(q=0 f=0/1 p99rtt=2ms) slots=25/25 jobs/s=600 drains=160217 evl=0ms
[2026-06-04 10:04:58.836] [info] [Worker 8] [libqueen] push(q=0 f=1/24 p99rtt=27ms) pop(q=0 f=1/16 p99rtt=40ms) custom(q=0 f=0/1 p99rtt=2ms) slots=23/25 jobs/s=594 drains=159307 evl=0ms
[2026-06-04 10:04:58.837] [info] [Worker 2] [libqueen] push(q=0 f=1/24 p99rtt=27ms) pop(q=0 f=0/16 p99rtt=41ms) custom(q=0 f=0/1 p99rtt=4ms) slots=24/25 jobs/s=606 drains=160306 evl=0ms
[2026-06-04 10:04:58.838] [info] [Worker 7] [libqueen] push(q=0 f=1/24 p99rtt=27ms) pop(q=0 f=0/16 p99rtt=39ms) custom(q=0 f=0/1 p99rtt=3ms) slots=24/25 jobs/s=612 drains=160003 evl=0ms
[2026-06-04 10:04:58.844] [info] [Worker 1] [libqueen] push(q=0 f=1/24 p99rtt=28ms) pop(q=0 f=0/16 p99rtt=41ms) custom(q=0 f=0/1 p99rtt=3ms) slots=24/25 jobs/s=588 drains=159789 evl=0ms
[2026-06-04 10:04:58.847] [info] [Worker 9] [libqueen] push(q=0 f=0/24 p99rtt=27ms) pop(q=0 f=0/16 p99rtt=42ms) custom(q=0 f=1/1 p99rtt=2ms) slots=24/25 jobs/s=617 drains=159947 evl=0ms
[2026-06-04 10:04:58.849] [info] [Worker 6] [libqueen] push(q=4 f=0/24 p99rtt=28ms) pop(q=0 f=1/16 p99rtt=40ms) custom(q=0 f=0/1 p99rtt=3ms) slots=24/25 jobs/s=619 drains=160292 evl=0ms
[2026-06-04 10:04:59.273] [info] PartitionLookupReconcileService: fixed 1 partition_lookup rows (stats leader, hostname=c932ee286edc)
[2026-06-04 10:04:59.748] [info] [Worker 4] [libqueen] push(q=5 f=0/24 p99rtt=28ms) pop(q=0 f=0/16 p99rtt=43ms) custom(q=0 f=0/1 p99rtt=3ms) slots=25/25 jobs/s=600 drains=160528 evl=0ms
[2026-06-04 10:04:59.767] [info] [Worker 0] [libqueen] push(q=5 f=0/24 p99rtt=27ms) pop(q=0 f=0/16 p99rtt=44ms) custom(q=0 f=0/1 p99rtt=4ms) slots=25/25 jobs/s=600 drains=161005 evl=0ms
[2026-06-04 10:04:59.779] [info] [Worker 3] [libqueen] push(q=0 f=1/24 p99rtt=27ms) pop(q=0 f=1/16 p99rtt=38ms) custom(q=0 f=0/1 p99rtt=3ms) slots=23/25 jobs/s=612 drains=160792 evl=0ms
[2026-06-04 10:04:59.810] [info] [Worker 5] [libqueen] push(q=5 f=0/24 p99rtt=26ms) pop(q=1 f=0/16 p99rtt=39ms) custom(q=0 f=0/1 p99rtt=2ms) slots=25/25 jobs/s=610 drains=161037 evl=0ms
[2026-06-04 10:04:59.837] [info] [Worker 2] [libqueen] push(q=5 f=0/24 p99rtt=27ms) pop(q=2 f=0/16 p99rtt=41ms) custom(q=0 f=0/1 p99rtt=4ms) slots=25/25 jobs/s=611 drains=161143 evl=0ms
[2026-06-04 10:04:59.837] [info] [Worker 8] [libqueen] push(q=0 f=1/24 p99rtt=27ms) pop(q=0 f=0/16 p99rtt=40ms) custom(q=0 f=0/1 p99rtt=2ms) slots=24/25 jobs/s=612 drains=160146 evl=0ms
[2026-06-04 10:04:59.838] [info] [Worker 7] [libqueen] push(q=5 f=0/24 p99rtt=27ms) pop(q=1 f=0/16 p99rtt=39ms) custom(q=0 f=0/1 p99rtt=3ms) slots=25/25 jobs/s=625 drains=160852 evl=0ms
[2026-06-04 10:04:59.844] [info] [Worker 1] [libqueen] push(q=5 f=0/24 p99rtt=28ms) pop(q=1 f=0/16 p99rtt=41ms) custom(q=0 f=0/1 p99rtt=3ms) slots=25/25 jobs/s=627 drains=160636 evl=0ms
[2026-06-04 10:04:59.847] [info] [Worker 9] [libqueen] push(q=0 f=1/24 p99rtt=27ms) pop(q=0 f=1/16 p99rtt=42ms) custom(q=0 f=0/1 p99rtt=2ms) slots=23/25 jobs/s=619 drains=160797 evl=0ms
[2026-06-04 10:04:59.848] [info] [Worker 6] [libqueen] push(q=5 f=0/24 p99rtt=28ms) pop(q=0 f=0/16 p99rtt=40ms) custom(q=0 f=0/1 p99rtt=3ms) slots=25/25 jobs/s=606 drains=161108 evl=0ms
[2026-06-04 10:05:00.748] [info] [Worker 4] [libqueen] push(q=0 f=1/24 p99rtt=28ms) pop(q=0 f=1/16 p99rtt=41ms) custom(q=3 f=0/1 p99rtt=3ms) slots=23/25 jobs/s=685 drains=161419 evl=0ms
[2026-06-04 10:05:00.767] [info] [Worker 0] [libqueen] push(q=5 f=0/24 p99rtt=27ms) pop(q=0 f=1/16 p99rtt=44ms) custom(q=3 f=0/1 p99rtt=4ms) slots=24/25 jobs/s=725 drains=161936 evl=0ms
[2026-06-04 10:05:00.780] [info] [Worker 3] [libqueen] push(q=0 f=1/24 p99rtt=27ms) pop(q=0 f=1/16 p99rtt=38ms) custom(q=3 f=0/1 p99rtt=3ms) slots=23/25 jobs/s=673 drains=161623 evl=0ms
[2026-06-04 10:05:00.810] [info] [Worker 5] [libqueen] push(q=5 f=0/24 p99rtt=26ms) pop(q=0 f=1/16 p99rtt=39ms) custom(q=3 f=0/1 p99rtt=2ms) slots=24/25 jobs/s=704 drains=161963 evl=0ms
[2026-06-04 10:05:00.836] [info] [Worker 2] [libqueen] push(q=0 f=1/24 p99rtt=27ms) pop(q=0 f=1/16 p99rtt=41ms) custom(q=3 f=0/1 p99rtt=4ms) slots=23/25 jobs/s=687 drains=162014 evl=0ms
[2026-06-04 10:05:00.837] [info] [Worker 8] [libqueen] push(q=0 f=1/24 p99rtt=27ms) pop(q=0 f=1/16 p99rtt=40ms) custom(q=3 f=0/1 p99rtt=2ms) slots=23/25 jobs/s=661 drains=161043 evl=0ms
[2026-06-04 10:05:00.837] [info] [Worker 7] [libqueen] push(q=5 f=0/24 p99rtt=27ms) pop(q=0 f=1/16 p99rtt=39ms) custom(q=3 f=0/1 p99rtt=3ms) slots=24/25 jobs/s=647 drains=161709 evl=0ms
[2026-06-04 10:05:00.844] [info] [Worker 1] [libqueen] push(q=5 f=0/24 p99rtt=28ms) pop(q=0 f=1/16 p99rtt=41ms) custom(q=3 f=0/1 p99rtt=3ms) slots=24/25 jobs/s=664 drains=161526 evl=0ms
[2026-06-04 10:05:00.847] [info] [Worker 9] [libqueen] push(q=0 f=1/24 p99rtt=27ms) pop(q=0 f=1/16 p99rtt=41ms) custom(q=3 f=0/1 p99rtt=2ms) slots=23/25 jobs/s=656 drains=161651 evl=0ms
[2026-06-04 10:05:00.849] [info] [Worker 6] [libqueen] push(q=3 f=0/24 p99rtt=28ms) pop(q=0 f=1/16 p99rtt=40ms) custom(q=3 f=1/1 p99rtt=3ms) slots=23/25 jobs/s=669 drains=161972 evl=0ms
[2026-06-04 10:05:01.643] [info] QPOP: Connection aborted for 47574e40-3942-4d2f-bde2-03114eb08b4f
[2026-06-04 10:05:01.748] [info] [Worker 4] [libqueen] push(q=5 f=0/24 p99rtt=27ms) pop(q=0 f=1/16 p99rtt=41ms) custom(q=0 f=0/1 p99rtt=3ms) slots=24/25 jobs/s=682 drains=162278 evl=0ms
[2026-06-04 10:05:01.767] [info] [Worker 0] [libqueen] push(q=0 f=1/24 p99rtt=28ms) pop(q=0 f=1/16 p99rtt=44ms) custom(q=0 f=0/1 p99rtt=4ms) slots=23/25 jobs/s=662 drains=162768 evl=0ms
[2026-06-04 10:05:01.780] [info] [Worker 3] [libqueen] push(q=5 f=0/24 p99rtt=27ms) pop(q=3 f=0/16 p99rtt=38ms) custom(q=0 f=0/1 p99rtt=3ms) slots=25/25 jobs/s=678 drains=162479 evl=0ms
[2026-06-04 10:05:01.810] [info] [Worker 5] [libqueen] push(q=0 f=1/24 p99rtt=26ms) pop(q=0 f=1/16 p99rtt=39ms) custom(q=0 f=0/1 p99rtt=3ms) slots=23/25 jobs/s=676 drains=162816 evl=0ms
[2026-06-04 10:05:01.836] [info] [Worker 8] [libqueen] push(q=0 f=1/24 p99rtt=27ms) pop(q=0 f=1/16 p99rtt=40ms) custom(q=0 f=0/1 p99rtt=2ms) slots=23/25 jobs/s=652 drains=161879 evl=0ms
[2026-06-04 10:05:01.837] [info] [Worker 2] [libqueen] push(q=5 f=0/24 p99rtt=27ms) pop(q=0 f=1/16 p99rtt=42ms) custom(q=0 f=0/1 p99rtt=4ms) slots=24/25 jobs/s=664 drains=162840 evl=0ms
[2026-06-04 10:05:01.838] [info] [Worker 7] [libqueen] push(q=0 f=1/24 p99rtt=27ms) pop(q=0 f=1/16 p99rtt=39ms) custom(q=0 f=0/1 p99rtt=3ms) slots=23/25 jobs/s=647 drains=162490 evl=0ms
[2026-06-04 10:05:01.843] [info] [Worker 1] [libqueen] push(q=0 f=1/24 p99rtt=28ms) pop(q=0 f=1/16 p99rtt=37ms) custom(q=0 f=0/1 p99rtt=3ms) slots=23/25 jobs/s=648 drains=162341 evl=0ms
[2026-06-04 10:05:01.847] [info] [Worker 9] [libqueen] push(q=0 f=0/24 p99rtt=27ms) pop(q=3 f=0/16 p99rtt=41ms) custom(q=0 f=1/1 p99rtt=3ms) slots=24/25 jobs/s=661 drains=162481 evl=0ms
[2026-06-04 10:05:01.848] [info] [Worker 6] [libqueen] push(q=5 f=0/24 p99rtt=28ms) pop(q=0 f=1/16 p99rtt=40ms) custom(q=0 f=0/1 p99rtt=3ms) slots=24/25 jobs/s=675 drains=162838 evl=0ms
[2026-06-04 10:05:02.747] [info] [Worker 4] [libqueen] push(q=4 f=0/24 p99rtt=26ms) pop(q=0 f=1/16 p99rtt=34ms) custom(q=0 f=0/1 p99rtt=3ms) slots=24/25 jobs/s=677 drains=163114 evl=0ms
[2026-06-04 10:05:02.768] [info] [Worker 0] [libqueen] push(q=0 f=0/24 p99rtt=26ms) pop(q=3 f=0/16 p99rtt=40ms) custom(q=0 f=0/1 p99rtt=3ms) slots=25/25 jobs/s=709 drains=163635 evl=0ms
[2026-06-04 10:05:02.780] [info] [Worker 3] [libqueen] push(q=5 f=0/24 p99rtt=27ms) pop(q=4 f=0/16 p99rtt=35ms) custom(q=0 f=0/1 p99rtt=2ms) slots=25/25 jobs/s=681 drains=163342 evl=0ms
[2026-06-04 10:05:02.810] [info] [Worker 5] [libqueen] push(q=3 f=0/24 p99rtt=26ms) pop(q=5 f=0/16 p99rtt=40ms) custom(q=0 f=0/1 p99rtt=3ms) slots=25/25 jobs/s=705 drains=163659 evl=0ms
[2026-06-04 10:05:02.837] [info] [Worker 8] [libqueen] push(q=5 f=0/24 p99rtt=25ms) pop(q=0 f=1/16 p99rtt=37ms) custom(q=0 f=0/1 p99rtt=2ms) slots=24/25 jobs/s=709 drains=162747 evl=0ms
[2026-06-04 10:05:02.837] [info] [Worker 2] [libqueen] push(q=0 f=1/24 p99rtt=27ms) pop(q=0 f=1/16 p99rtt=35ms) custom(q=0 f=0/1 p99rtt=3ms) slots=23/25 jobs/s=669 drains=163679 evl=0ms
[2026-06-04 10:05:02.838] [info] [Worker 7] [libqueen] push(q=5 f=0/24 p99rtt=23ms) pop(q=5 f=0/16 p99rtt=38ms) custom(q=0 f=0/1 p99rtt=3ms) slots=25/25 jobs/s=706 drains=163363 evl=0ms
[2026-06-04 10:05:02.844] [info] [Worker 1] [libqueen] push(q=5 f=0/24 p99rtt=28ms) pop(q=0 f=1/16 p99rtt=36ms) custom(q=0 f=0/1 p99rtt=3ms) slots=24/25 jobs/s=675 drains=163167 evl=0ms
[2026-06-04 10:05:02.847] [info] [Worker 9] [libqueen] push(q=5 f=0/24 p99rtt=26ms) pop(q=0 f=1/16 p99rtt=38ms) custom(q=0 f=0/1 p99rtt=2ms) slots=24/25 jobs/s=681 drains=163320 evl=2ms
[2026-06-04 10:05:02.849] [info] [Worker 6] [libqueen] push(q=5 f=0/24 p99rtt=25ms) pop(q=4 f=0/16 p99rtt=37ms) custom(q=0 f=0/1 p99rtt=3ms) slots=25/25 jobs/s=686 drains=163691 evl=0ms
[2026-06-04 10:05:03.748] [info] [Worker 4] [libqueen] push(q=5 f=0/24 p99rtt=25ms) pop(q=5 f=0/16 p99rtt=34ms) custom(q=0 f=0/1 p99rtt=3ms) slots=25/25 jobs/s=699 drains=163991 evl=0ms
[2026-06-04 10:05:03.767] [info] [Worker 0] [libqueen] push(q=0 f=1/24 p99rtt=26ms) pop(q=0 f=1/16 p99rtt=40ms) custom(q=0 f=0/1 p99rtt=3ms) slots=23/25 jobs/s=676 drains=164494 evl=0ms
[2026-06-04 10:05:03.779] [info] [Worker 3] [libqueen] push(q=5 f=0/24 p99rtt=27ms) pop(q=0 f=1/16 p99rtt=35ms) custom(q=0 f=0/1 p99rtt=2ms) slots=24/25 jobs/s=685 drains=164209 evl=0ms
[2026-06-04 10:05:03.809] [info] [Worker 5] [libqueen] push(q=0 f=0/24 p99rtt=26ms) pop(q=0 f=1/16 p99rtt=38ms) custom(q=0 f=1/1 p99rtt=3ms) slots=23/25 jobs/s=702 drains=164534 evl=0ms
[2026-06-04 10:05:03.837] [info] [Worker 8] [libqueen] push(q=5 f=0/24 p99rtt=27ms) pop(q=0 f=1/16 p99rtt=35ms) custom(q=0 f=0/1 p99rtt=2ms) slots=24/25 jobs/s=700 drains=163639 evl=0ms
[2026-06-04 10:05:03.838] [info] [Worker 7] [libqueen] push(q=5 f=0/24 p99rtt=26ms) pop(q=0 f=1/16 p99rtt=37ms) custom(q=0 f=0/1 p99rtt=3ms) slots=24/25 jobs/s=696 drains=164230 evl=0ms
[2026-06-04 10:05:03.838] [info] [Worker 2] [libqueen] push(q=0 f=1/24 p99rtt=25ms) pop(q=4 f=0/16 p99rtt=35ms) custom(q=0 f=0/1 p99rtt=3ms) slots=24/25 jobs/s=701 drains=164532 evl=0ms
[2026-06-04 10:05:03.843] [info] [Worker 1] [libqueen] push(q=5 f=0/24 p99rtt=28ms) pop(q=0 f=1/16 p99rtt=36ms) custom(q=0 f=0/1 p99rtt=3ms) slots=24/25 jobs/s=699 drains=164025 evl=0ms
[2026-06-04 10:05:03.846] [info] [Worker 9] [libqueen] push(q=0 f=1/24 p99rtt=26ms) pop(q=0 f=1/16 p99rtt=37ms) custom(q=0 f=0/1 p99rtt=2ms) slots=23/25 jobs/s=693 drains=164162 evl=0ms
[2026-06-04 10:05:03.850] [info] [Worker 6] [libqueen] push(q=5 f=0/24 p99rtt=25ms) pop(q=0 f=1/16 p99rtt=37ms) custom(q=0 f=0/1 p99rtt=3ms) slots=24/25 jobs/s=686 drains=164544 evl=0ms
[2026-06-04 10:05:04.747] [info] [Worker 4] [libqueen] push(q=5 f=0/24 p99rtt=25ms) pop(q=5 f=0/16 p99rtt=33ms) custom(q=0 f=0/1 p99rtt=3ms) slots=25/25 jobs/s=714 drains=164879 evl=0ms
[2026-06-04 10:05:04.768] [info] [Worker 0] [libqueen] push(q=0 f=1/24 p99rtt=25ms) pop(q=0 f=1/16 p99rtt=41ms) custom(q=0 f=0/1 p99rtt=2ms) slots=23/25 jobs/s=684 drains=165375 evl=0ms
[2026-06-04 10:05:04.780] [info] [Worker 3] [libqueen] push(q=0 f=1/24 p99rtt=27ms) pop(q=0 f=1/16 p99rtt=35ms) custom(q=0 f=0/1 p99rtt=2ms) slots=23/25 jobs/s=688 drains=165092 evl=0ms
[2026-06-04 10:05:04.810] [info] [Worker 5] [libqueen] push(q=5 f=0/24 p99rtt=24ms) pop(q=4 f=0/16 p99rtt=38ms) custom(q=0 f=0/1 p99rtt=3ms) slots=25/25 jobs/s=735 drains=165455 evl=0ms
[2026-06-04 10:05:04.836] [info] [Worker 8] [libqueen] push(q=0 f=1/24 p99rtt=25ms) pop(q=0 f=1/16 p99rtt=35ms) custom(q=0 f=0/1 p99rtt=2ms) slots=23/25 jobs/s=693 drains=164506 evl=0ms
[2026-06-04 10:05:04.838] [info] [Worker 7] [libqueen] push(q=0 f=0/24 p99rtt=23ms) pop(q=3 f=0/16 p99rtt=36ms) custom(q=0 f=0/1 p99rtt=2ms) slots=25/25 jobs/s=726 drains=165120 evl=0ms
[2026-06-04 10:05:04.838] [info] [Worker 2] [libqueen] push(q=5 f=0/24 p99rtt=24ms) pop(q=4 f=0/16 p99rtt=34ms) custom(q=0 f=0/1 p99rtt=3ms) slots=25/25 jobs/s=699 drains=165422 evl=0ms
[2026-06-04 10:05:04.844] [info] [Worker 1] [libqueen] push(q=0 f=1/24 p99rtt=27ms) pop(q=0 f=1/16 p99rtt=35ms) custom(q=0 f=0/1 p99rtt=3ms) slots=23/25 jobs/s=706 drains=164895 evl=1ms
[2026-06-04 10:05:04.847] [info] [Worker 9] [libqueen] push(q=2 f=0/24 p99rtt=26ms) pop(q=0 f=1/16 p99rtt=38ms) custom(q=0 f=0/1 p99rtt=2ms) slots=24/25 jobs/s=705 drains=165033 evl=0ms
[2026-06-04 10:05:04.852] [info] [Worker 6] [libqueen] push(q=0 f=1/24 p99rtt=25ms) pop(q=0 f=0/16 p99rtt=35ms) custom(q=0 f=0/1 p99rtt=2ms) slots=24/25 jobs/s=716 drains=165432 evl=0ms
[2026-06-04 10:05:05.748] [info] [Worker 4] [libqueen] push(q=3 f=0/24 p99rtt=24ms) pop(q=1 f=0/16 p99rtt=33ms) custom(q=0 f=0/1 p99rtt=3ms) slots=25/25 jobs/s=680 drains=165721 evl=0ms
[2026-06-04 10:05:05.767] [info] [Worker 0] [libqueen] push(q=5 f=0/24 p99rtt=25ms) pop(q=0 f=1/16 p99rtt=41ms) custom(q=0 f=0/1 p99rtt=2ms) slots=24/25 jobs/s=637 drains=166175 evl=0ms
[2026-06-04 10:05:05.780] [info] [Worker 3] [libqueen] push(q=0 f=0/24 p99rtt=25ms) pop(q=0 f=1/16 p99rtt=32ms) custom(q=0 f=0/1 p99rtt=2ms) slots=24/25 jobs/s=662 drains=165959 evl=0ms
[2026-06-04 10:05:05.810] [info] [Worker 5] [libqueen] push(q=5 f=0/24 p99rtt=23ms) pop(q=1 f=1/16 p99rtt=38ms) custom(q=0 f=0/1 p99rtt=3ms) slots=24/25 jobs/s=669 drains=166270 evl=0ms
[2026-06-04 10:05:05.836] [info] [Worker 8] [libqueen] push(q=5 f=0/24 p99rtt=24ms) pop(q=0 f=1/16 p99rtt=34ms) custom(q=0 f=0/1 p99rtt=2ms) slots=24/25 jobs/s=676 drains=165296 evl=0ms
[2026-06-04 10:05:05.838] [info] [Worker 7] [libqueen] push(q=5 f=0/24 p99rtt=23ms) pop(q=0 f=0/16 p99rtt=36ms) custom(q=0 f=0/1 p99rtt=2ms) slots=25/25 jobs/s=652 drains=165930 evl=0ms
[2026-06-04 10:05:05.838] [info] [Worker 2] [libqueen] push(q=5 f=0/24 p99rtt=24ms) pop(q=0 f=1/16 p99rtt=35ms) custom(q=0 f=0/1 p99rtt=2ms) slots=24/25 jobs/s=664 drains=166274 evl=0ms
[2026-06-04 10:05:05.844] [info] [Worker 1] [libqueen] push(q=0 f=1/24 p99rtt=27ms) pop(q=0 f=1/16 p99rtt=35ms) custom(q=0 f=0/1 p99rtt=3ms) slots=23/25 jobs/s=684 drains=165760 evl=0ms
[2026-06-04 10:05:05.847] [info] [Worker 9] [libqueen] push(q=5 f=0/24 p99rtt=25ms) pop(q=0 f=1/16 p99rtt=38ms) custom(q=0 f=1/1 p99rtt=1ms) slots=23/25 jobs/s=665 drains=165890 evl=0ms
[2026-06-04 10:05:05.852] [info] [Worker 6] [libqueen] push(q=0 f=1/24 p99rtt=25ms) pop(q=0 f=1/16 p99rtt=35ms) custom(q=0 f=0/1 p99rtt=2ms) slots=23/25 jobs/s=650 drains=166229 evl=0ms
[2026-06-04 10:05:06.748] [info] [Worker 4] [libqueen] push(q=5 f=0/24 p99rtt=25ms) pop(q=0 f=1/16 p99rtt=37ms) custom(q=0 f=0/1 p99rtt=2ms) slots=24/25 jobs/s=692 drains=166590 evl=0ms
[2026-06-04 10:05:06.768] [info] [Worker 0] [libqueen] push(q=5 f=0/24 p99rtt=25ms) pop(q=0 f=1/16 p99rtt=40ms) custom(q=0 f=0/1 p99rtt=2ms) slots=24/25 jobs/s=707 drains=167052 evl=0ms
[2026-06-04 10:05:06.780] [info] [Worker 3] [libqueen] push(q=5 f=0/24 p99rtt=25ms) pop(q=4 f=0/16 p99rtt=32ms) custom(q=0 f=0/1 p99rtt=2ms) slots=25/25 jobs/s=649 drains=166813 evl=0ms
[2026-06-04 10:05:06.810] [info] [Worker 5] [libqueen] push(q=5 f=0/24 p99rtt=25ms) pop(q=5 f=0/16 p99rtt=39ms) custom(q=0 f=0/1 p99rtt=2ms) slots=25/25 jobs/s=719 drains=167151 evl=0ms
[2026-06-04 10:05:06.837] [info] [Worker 8] [libqueen] push(q=0 f=1/24 p99rtt=25ms) pop(q=0 f=1/16 p99rtt=35ms) custom(q=0 f=0/1 p99rtt=2ms) slots=23/25 jobs/s=676 drains=166160 evl=0ms
[2026-06-04 10:05:06.838] [info] [Worker 2] [libqueen] push(q=5 f=0/24 p99rtt=24ms) pop(q=0 f=1/16 p99rtt=35ms) custom(q=0 f=0/1 p99rtt=2ms) slots=24/25 jobs/s=691 drains=167117 evl=0ms
[2026-06-04 10:05:06.838] [info] [Worker 7] [libqueen] push(q=5 f=0/24 p99rtt=23ms) pop(q=0 f=1/16 p99rtt=36ms) custom(q=0 f=0/1 p99rtt=2ms) slots=24/25 jobs/s=702 drains=166796 evl=0ms
[2026-06-04 10:05:06.844] [info] [Worker 1] [libqueen] push(q=2 f=0/24 p99rtt=27ms) pop(q=0 f=1/16 p99rtt=33ms) custom(q=0 f=1/1 p99rtt=2ms) slots=23/25 jobs/s=667 drains=166619 evl=0ms
[2026-06-04 10:05:06.847] [info] [Worker 9] [libqueen] push(q=5 f=0/24 p99rtt=25ms) pop(q=0 f=1/16 p99rtt=41ms) custom(q=0 f=0/1 p99rtt=1ms) slots=24/25 jobs/s=681 drains=166751 evl=0ms
[2026-06-04 10:05:06.854] [info] [Worker 6] [libqueen] push(q=0 f=1/24 p99rtt=27ms) pop(q=0 f=1/16 p99rtt=35ms) custom(q=0 f=0/1 p99rtt=2ms) slots=23/25 jobs/s=693 drains=167108 evl=0ms
[2026-06-04 10:05:07.748] [info] [Worker 4] [libqueen] push(q=0 f=1/24 p99rtt=24ms) pop(q=0 f=1/16 p99rtt=33ms) custom(q=0 f=0/1 p99rtt=1ms) slots=23/25 jobs/s=645 drains=167365 evl=0ms
[2026-06-04 10:05:07.768] [info] [Worker 0] [libqueen] push(q=0 f=1/24 p99rtt=23ms) pop(q=0 f=1/16 p99rtt=40ms) custom(q=0 f=0/1 p99rtt=2ms) slots=23/25 jobs/s=666 drains=167853 evl=0ms
[2026-06-04 10:05:07.780] [info] [Worker 3] [libqueen] push(q=5 f=0/24 p99rtt=25ms) pop(q=3 f=0/16 p99rtt=31ms) custom(q=0 f=0/1 p99rtt=1ms) slots=25/25 jobs/s=648 drains=167627 evl=0ms
[2026-06-04 10:05:07.810] [info] [Worker 5] [libqueen] push(q=5 f=0/24 p99rtt=24ms) pop(q=0 f=1/16 p99rtt=38ms) custom(q=0 f=0/1 p99rtt=2ms) slots=24/25 jobs/s=690 drains=167986 evl=0ms
[2026-06-04 10:05:07.837] [info] [Worker 7] [libqueen] push(q=5 f=0/24 p99rtt=23ms) pop(q=0 f=0/16 p99rtt=36ms) custom(q=0 f=0/1 p99rtt=2ms) slots=25/25 jobs/s=662 drains=167612 evl=0ms
[2026-06-04 10:05:07.838] [info] [Worker 2] [libqueen] push(q=0 f=0/24 p99rtt=23ms) pop(q=0 f=1/16 p99rtt=35ms) custom(q=0 f=1/1 p99rtt=2ms) slots=23/25 jobs/s=667 drains=167924 evl=0ms
[2026-06-04 10:05:07.838] [info] [Worker 8] [libqueen] push(q=0 f=1/24 p99rtt=24ms) pop(q=0 f=1/16 p99rtt=34ms) custom(q=0 f=0/1 p99rtt=2ms) slots=23/25 jobs/s=669 drains=166986 evl=0ms
[2026-06-04 10:05:07.844] [info] [Worker 1] [libqueen] push(q=0 f=1/24 p99rtt=26ms) pop(q=0 f=1/16 p99rtt=33ms) custom(q=0 f=0/1 p99rtt=2ms) slots=23/25 jobs/s=667 drains=167415 evl=0ms
[2026-06-04 10:05:07.847] [info] [Worker 9] [libqueen] push(q=4 f=0/24 p99rtt=25ms) pop(q=0 f=1/16 p99rtt=34ms) custom(q=0 f=0/1 p99rtt=2ms) slots=24/25 jobs/s=667 drains=167599 evl=0ms
[2026-06-04 10:05:07.855] [info] [Worker 6] [libqueen] push(q=5 f=0/24 p99rtt=25ms) pop(q=5 f=0/16 p99rtt=34ms) custom(q=0 f=0/1 p99rtt=2ms) slots=25/25 jobs/s=658 drains=167956 evl=0ms
[2026-06-04 10:05:08.507] [info] StatsService: cycle completed in 361ms
[2026-06-04 10:05:08.748] [info] [Worker 4] [libqueen] push(q=5 f=0/24 p99rtt=25ms) pop(q=5 f=0/16 p99rtt=33ms) custom(q=0 f=0/1 p99rtt=2ms) slots=25/25 jobs/s=671 drains=168227 evl=0ms
[2026-06-04 10:05:08.768] [info] [Worker 0] [libqueen] push(q=5 f=0/24 p99rtt=23ms) pop(q=5 f=0/16 p99rtt=40ms) custom(q=0 f=0/1 p99rtt=2ms) slots=25/25 jobs/s=699 drains=168733 evl=0ms
[2026-06-04 10:05:08.780] [info] [Worker 3] [libqueen] push(q=5 f=0/24 p99rtt=25ms) pop(q=2 f=0/16 p99rtt=31ms) custom(q=0 f=0/1 p99rtt=2ms) slots=25/25 jobs/s=655 drains=168429 evl=0ms
[2026-06-04 10:05:08.809] [info] [Worker 5] [libqueen] push(q=5 f=0/24 p99rtt=24ms) pop(q=4 f=0/16 p99rtt=38ms) custom(q=0 f=0/1 p99rtt=2ms) slots=25/25 jobs/s=694 drains=168812 evl=0ms
[2026-06-04 10:05:08.838] [info] [Worker 2] [libqueen] push(q=0 f=1/24 p99rtt=23ms) pop(q=0 f=1/16 p99rtt=35ms) custom(q=0 f=0/1 p99rtt=2ms) slots=23/25 jobs/s=632 drains=168730 evl=0ms
[2026-06-04 10:05:08.838] [info] [Worker 7] [libqueen] push(q=5 f=0/24 p99rtt=23ms) pop(q=0 f=1/16 p99rtt=36ms) custom(q=0 f=0/1 p99rtt=2ms) slots=24/25 jobs/s=691 drains=168465 evl=0ms
[2026-06-04 10:05:08.839] [info] [Worker 8] [libqueen] push(q=5 f=0/24 p99rtt=27ms) pop(q=5 f=0/16 p99rtt=33ms) custom(q=0 f=0/1 p99rtt=2ms) slots=25/25 jobs/s=695 drains=167831 evl=0ms
[2026-06-04 10:05:08.844] [info] [Worker 1] [libqueen] push(q=5 f=0/24 p99rtt=27ms) pop(q=0 f=1/16 p99rtt=36ms) custom(q=0 f=0/1 p99rtt=2ms) slots=24/25 jobs/s=679 drains=168199 evl=0ms
[2026-06-04 10:05:08.847] [info] [Worker 9] [libqueen] push(q=0 f=1/24 p99rtt=23ms) pop(q=0 f=1/16 p99rtt=33ms) custom(q=0 f=0/1 p99rtt=2ms) slots=23/25 jobs/s=668 drains=168436 evl=0ms
[2026-06-04 10:05:08.854] [info] [Worker 6] [libqueen] push(q=5 f=0/24 p99rtt=27ms) pop(q=0 f=0/16 p99rtt=34ms) custom(q=0 f=0/1 p99rtt=2ms) slots=25/25 jobs/s=693 drains=168773 evl=0ms
[2026-06-04 10:05:09.748] [info] [Worker 4] [libqueen] push(q=0 f=1/24 p99rtt=25ms) pop(q=0 f=1/16 p99rtt=33ms) custom(q=0 f=0/1 p99rtt=2ms) slots=23/25 jobs/s=680 drains=169069 evl=0ms
[2026-06-04 10:05:09.769] [info] [Worker 0] [libqueen] push(q=0 f=1/24 p99rtt=23ms) pop(q=0 f=1/16 p99rtt=38ms) custom(q=0 f=0/1 p99rtt=2ms) slots=23/25 jobs/s=695 drains=169583 evl=0ms
[2026-06-04 10:05:09.780] [info] [Worker 3] [libqueen] push(q=5 f=0/24 p99rtt=25ms) pop(q=3 f=1/16 p99rtt=31ms) custom(q=0 f=0/1 p99rtt=2ms) slots=24/25 jobs/s=687 drains=169321 evl=0ms
[2026-06-04 10:05:09.810] [info] [Worker 5] [libqueen] push(q=0 f=1/24 p99rtt=24ms) pop(q=0 f=1/16 p99rtt=38ms) custom(q=0 f=0/1 p99rtt=2ms) slots=23/25 jobs/s=687 drains=169674 evl=0ms
[2026-06-04 10:05:09.837] [info] [Worker 7] [libqueen] push(q=0 f=0/24 p99rtt=23ms) pop(q=5 f=0/16 p99rtt=36ms) custom(q=0 f=1/1 p99rtt=2ms) slots=24/25 jobs/s=686 drains=169337 evl=0ms
[2026-06-04 10:05:09.838] [info] [Worker 2] [libqueen] push(q=0 f=1/24 p99rtt=23ms) pop(q=0 f=1/16 p99rtt=35ms) custom(q=0 f=0/1 p99rtt=2ms) slots=23/25 jobs/s=697 drains=169588 evl=0ms
[2026-06-04 10:05:09.839] [info] [Worker 8] [libqueen] push(q=5 f=0/24 p99rtt=24ms) pop(q=2 f=0/16 p99rtt=33ms) custom(q=0 f=0/1 p99rtt=2ms) slots=25/25 jobs/s=700 drains=168696 evl=0ms
[2026-06-04 10:05:09.844] [info] [Worker 1] [libqueen] push(q=5 f=0/24 p99rtt=27ms) pop(q=0 f=1/16 p99rtt=36ms) custom(q=0 f=0/1 p99rtt=2ms) slots=24/25 jobs/s=695 drains=169047 evl=0ms
[2026-06-04 10:05:09.847] [info] [Worker 9] [libqueen] push(q=5 f=0/24 p99rtt=23ms) pop(q=4 f=0/16 p99rtt=34ms) custom(q=0 f=0/1 p99rtt=2ms) slots=25/25 jobs/s=690 drains=169286 evl=0ms
[2026-06-04 10:05:09.855] [info] [Worker 6] [libqueen] push(q=0 f=1/24 p99rtt=27ms) pop(q=0 f=1/16 p99rtt=33ms) custom(q=0 f=0/1 p99rtt=2ms) slots=23/25 jobs/s=695 drains=169609 evl=0ms
[2026-06-04 10:05:10.748] [info] [Worker 4] [libqueen] push(q=5 f=0/24 p99rtt=25ms) pop(q=3 f=0/16 p99rtt=33ms) custom(q=0 f=0/1 p99rtt=2ms) slots=25/25 jobs/s=699 drains=169955 evl=0ms
[2026-06-04 10:05:10.769] [info] [Worker 0] [libqueen] push(q=0 f=1/24 p99rtt=23ms) pop(q=0 f=1/16 p99rtt=38ms) custom(q=0 f=0/1 p99rtt=2ms) slots=23/25 jobs/s=691 drains=170451 evl=0ms
[2026-06-04 10:05:10.779] [info] [Worker 3] [libqueen] push(q=0 f=1/24 p99rtt=25ms) pop(q=0 f=1/16 p99rtt=31ms) custom(q=0 f=0/1 p99rtt=2ms) slots=23/25 jobs/s=681 drains=170178 evl=0ms
[2026-06-04 10:05:10.811] [info] [Worker 5] [libqueen] push(q=5 f=0/24 p99rtt=24ms) pop(q=0 f=0/16 p99rtt=38ms) custom(q=0 f=0/1 p99rtt=2ms) slots=25/25 jobs/s=721 drains=170580 evl=0ms
[2026-06-04 10:05:10.838] [info] [Worker 2] [libqueen] push(q=0 f=0/24 p99rtt=23ms) pop(q=0 f=1/16 p99rtt=35ms) custom(q=0 f=0/1 p99rtt=2ms) slots=24/25 jobs/s=696 drains=170409 evl=0ms
[2026-06-04 10:05:10.838] [info] [Worker 7] [libqueen] push(q=5 f=0/24 p99rtt=24ms) pop(q=0 f=1/16 p99rtt=37ms) custom(q=0 f=0/1 p99rtt=2ms) slots=24/25 jobs/s=696 drains=170215 evl=0ms
[2026-06-04 10:05:10.839] [info] [Worker 8] [libqueen] push(q=5 f=0/24 p99rtt=27ms) pop(q=4 f=0/16 p99rtt=33ms) custom(q=0 f=0/1 p99rtt=2ms) slots=25/25 jobs/s=674 drains=169545 evl=0ms
[2026-06-04 10:05:10.845] [info] [Worker 1] [libqueen] push(q=5 f=0/24 p99rtt=26ms) pop(q=4 f=0/16 p99rtt=36ms) custom(q=0 f=0/1 p99rtt=2ms) slots=25/25 jobs/s=701 drains=169906 evl=0ms
[2026-06-04 10:05:10.846] [info] [Worker 9] [libqueen] push(q=0 f=0/24 p99rtt=23ms) pop(q=0 f=1/16 p99rtt=36ms) custom(q=0 f=1/1 p99rtt=2ms) slots=23/25 jobs/s=703 drains=170141 evl=0ms
[2026-06-04 10:05:10.855] [info] [Worker 6] [libqueen] push(q=0 f=1/24 p99rtt=25ms) pop(q=0 f=1/16 p99rtt=33ms) custom(q=0 f=0/1 p99rtt=2ms) slots=23/25 jobs/s=715 drains=170511 evl=0ms
[2026-06-04 10:05:11.748] [info] [Worker 4] [libqueen] push(q=0 f=1/24 p99rtt=25ms) pop(q=0 f=1/16 p99rtt=33ms) custom(q=0 f=0/1 p99rtt=2ms) slots=23/25 jobs/s=697 drains=170821 evl=0ms
[2026-06-04 10:05:11.769] [info] [Worker 0] [libqueen] push(q=0 f=1/24 p99rtt=23ms) pop(q=0 f=1/16 p99rtt=38ms) custom(q=0 f=0/1 p99rtt=2ms) slots=23/25 jobs/s=695 drains=171321 evl=0ms
[2026-06-04 10:05:11.780] [info] [Worker 3] [libqueen] push(q=0 f=1/24 p99rtt=25ms) pop(q=0 f=1/16 p99rtt=31ms) custom(q=0 f=1/1 p99rtt=2ms) slots=22/25 jobs/s=677 drains=171033 evl=0ms
[2026-06-04 10:05:11.811] [info] [Worker 5] [libqueen] push(q=5 f=0/24 p99rtt=24ms) pop(q=0 f=1/16 p99rtt=39ms) custom(q=0 f=0/1 p99rtt=2ms) slots=24/25 jobs/s=699 drains=171425 evl=0ms
[2026-06-04 10:05:11.838] [info] [Worker 2] [libqueen] push(q=0 f=1/24 p99rtt=23ms) pop(q=3 f=0/16 p99rtt=35ms) custom(q=0 f=0/1 p99rtt=2ms) slots=24/25 jobs/s=657 drains=171250 evl=0ms
[2026-06-04 10:05:11.838] [info] [Worker 7] [libqueen] push(q=0 f=1/24 p99rtt=26ms) pop(q=0 f=1/16 p99rtt=37ms) custom(q=0 f=0/1 p99rtt=2ms) slots=23/25 jobs/s=691 drains=171104 evl=0ms
[2026-06-04 10:05:11.839] [info] [Worker 8] [libqueen] push(q=5 f=0/24 p99rtt=26ms) pop(q=4 f=0/16 p99rtt=33ms) custom(q=0 f=0/1 p99rtt=2ms) slots=25/25 jobs/s=676 drains=170399 evl=0ms
[2026-06-04 10:05:11.845] [info] [Worker 1] [libqueen] push(q=5 f=0/24 p99rtt=26ms) pop(q=5 f=0/16 p99rtt=36ms) custom(q=0 f=0/1 p99rtt=2ms) slots=25/25 jobs/s=680 drains=170748 evl=0ms
[2026-06-04 10:05:11.847] [info] [Worker 9] [libqueen] push(q=0 f=1/24 p99rtt=23ms) pop(q=0 f=1/16 p99rtt=38ms) custom(q=0 f=0/1 p99rtt=2ms) slots=23/25 jobs/s=678 drains=170984 evl=0ms
[2026-06-04 10:05:11.854] [info] [Worker 6] [libqueen] push(q=5 f=0/24 p99rtt=27ms) pop(q=0 f=1/16 p99rtt=35ms) custom(q=0 f=0/1 p99rtt=2ms) slots=24/25 jobs/s=712 drains=171398 evl=0ms
[2026-06-04 10:05:12.747] [info] [Worker 4] [libqueen] push(q=0 f=1/24 p99rtt=27ms) pop(q=2 f=0/16 p99rtt=38ms) custom(q=0 f=0/1 p99rtt=2ms) slots=24/25 jobs/s=534 drains=171451 evl=0ms
[2026-06-04 10:05:12.769] [info] [Worker 0] [libqueen] push(q=5 f=0/24 p99rtt=26ms) pop(q=0 f=1/16 p99rtt=44ms) custom(q=0 f=0/1 p99rtt=2ms) slots=24/25 jobs/s=528 drains=171975 evl=0ms
[2026-06-04 10:05:12.780] [info] [Worker 3] [libqueen] push(q=5 f=0/24 p99rtt=25ms) pop(q=4 f=0/16 p99rtt=44ms) custom(q=0 f=0/1 p99rtt=2ms) slots=25/25 jobs/s=516 drains=171705 evl=0ms
[2026-06-04 10:05:12.810] [info] [Worker 5] [libqueen] push(q=5 f=0/24 p99rtt=28ms) pop(q=0 f=1/16 p99rtt=43ms) custom(q=0 f=0/1 p99rtt=3ms) slots=24/25 jobs/s=540 drains=172088 evl=0ms
[2026-06-04 10:05:12.837] [info] [Worker 2] [libqueen] push(q=0 f=1/24 p99rtt=27ms) pop(q=0 f=1/16 p99rtt=41ms) custom(q=0 f=0/1 p99rtt=2ms) slots=23/25 jobs/s=519 drains=171872 evl=0ms
[2026-06-04 10:05:12.838] [info] [Worker 8] [libqueen] push(q=0 f=0/24 p99rtt=28ms) pop(q=0 f=0/16 p99rtt=38ms) custom(q=0 f=1/1 p99rtt=2ms) slots=24/25 jobs/s=527 drains=171052 evl=0ms
[2026-06-04 10:05:12.839] [info] [Worker 7] [libqueen] push(q=0 f=0/24 p99rtt=27ms) pop(q=0 f=1/16 p99rtt=39ms) custom(q=0 f=1/1 p99rtt=2ms) slots=23/25 jobs/s=532 drains=171750 evl=0ms
[2026-06-04 10:05:12.844] [info] [Worker 1] [libqueen] push(q=0 f=1/24 p99rtt=27ms) pop(q=0 f=1/16 p99rtt=42ms) custom(q=0 f=0/1 p99rtt=3ms) slots=23/25 jobs/s=527 drains=171434 evl=0ms
[2026-06-04 10:05:12.847] [info] [Worker 9] [libqueen] push(q=5 f=0/24 p99rtt=26ms) pop(q=5 f=0/16 p99rtt=42ms) custom(q=0 f=0/1 p99rtt=2ms) slots=25/25 jobs/s=554 drains=171632 evl=0ms
[2026-06-04 10:05:12.854] [info] [Worker 6] [libqueen] push(q=0 f=1/24 p99rtt=27ms) pop(q=0 f=1/16 p99rtt=37ms) custom(q=0 f=0/1 p99rtt=2ms) slots=23/25 jobs/s=532 drains=172076 evl=0ms
[2026-06-04 10:05:13.748] [info] [Worker 4] [libqueen] push(q=5 f=0/24 p99rtt=27ms) pop(q=0 f=1/16 p99rtt=38ms) custom(q=0 f=0/1 p99rtt=2ms) slots=24/25 jobs/s=699 drains=172304 evl=0ms
[2026-06-04 10:05:13.769] [info] [Worker 0] [libqueen] push(q=0 f=1/24 p99rtt=26ms) pop(q=5 f=0/16 p99rtt=44ms) custom(q=0 f=0/1 p99rtt=2ms) slots=24/25 jobs/s=698 drains=172839 evl=0ms
[2026-06-04 10:05:13.780] [info] [Worker 3] [libqueen] push(q=5 f=0/24 p99rtt=25ms) pop(q=0 f=1/16 p99rtt=44ms) custom(q=0 f=0/1 p99rtt=2ms) slots=24/25 jobs/s=679 drains=172572 evl=0ms
[2026-06-04 10:05:13.811] [info] [Worker 5] [libqueen] push(q=5 f=0/24 p99rtt=28ms) pop(q=3 f=0/16 p99rtt=43ms) custom(q=0 f=0/1 p99rtt=2ms) slots=25/25 jobs/s=711 drains=172984 evl=0ms
[2026-06-04 10:05:13.838] [info] [Worker 2] [libqueen] push(q=4 f=0/24 p99rtt=25ms) pop(q=0 f=1/16 p99rtt=42ms) custom(q=0 f=0/1 p99rtt=2ms) slots=24/25 jobs/s=711 drains=172789 evl=0ms
[2026-06-04 10:05:13.839] [info] [Worker 7] [libqueen] push(q=0 f=0/24 p99rtt=26ms) pop(q=0 f=1/16 p99rtt=39ms) custom(q=0 f=0/1 p99rtt=2ms) slots=24/25 jobs/s=696 drains=172625 evl=0ms
[2026-06-04 10:05:13.839] [info] [Worker 8] [libqueen] push(q=0 f=1/24 p99rtt=28ms) pop(q=0 f=1/16 p99rtt=40ms) custom(q=0 f=0/1 p99rtt=2ms) slots=23/25 jobs/s=669 drains=171896 evl=0ms
[2026-06-04 10:05:13.845] [info] [Worker 1] [libqueen] push(q=0 f=1/24 p99rtt=26ms) pop(q=0 f=1/16 p99rtt=42ms) custom(q=0 f=0/1 p99rtt=2ms) slots=23/25 jobs/s=697 drains=172311 evl=0ms
[2026-06-04 10:05:13.847] [info] [Worker 9] [libqueen] push(q=5 f=0/24 p99rtt=25ms) pop(q=0 f=1/16 p99rtt=42ms) custom(q=0 f=0/1 p99rtt=2ms) slots=24/25 jobs/s=685 drains=172463 evl=0ms
[2026-06-04 10:05:13.855] [info] [Worker 6] [libqueen] push(q=5 f=0/24 p99rtt=27ms) pop(q=0 f=1/16 p99rtt=37ms) custom(q=0 f=0/1 p99rtt=2ms) slots=24/25 jobs/s=679 drains=172898 evl=0ms
[2026-06-04 10:05:14.748] [info] [Worker 4] [libqueen] push(q=0 f=0/24 p99rtt=27ms) pop(q=0 f=1/16 p99rtt=38ms) custom(q=0 f=1/1 p99rtt=2ms) slots=23/25 jobs/s=689 drains=173106 evl=0ms
[2026-06-04 10:05:14.770] [info] [Worker 0] [libqueen] push(q=0 f=1/24 p99rtt=26ms) pop(q=0 f=1/16 p99rtt=46ms) custom(q=0 f=0/1 p99rtt=2ms) slots=23/25 jobs/s=663 drains=173644 evl=0ms
[2026-06-04 10:05:14.779] [info] [Worker 3] [libqueen] push(q=5 f=0/24 p99rtt=26ms) pop(q=4 f=0/16 p99rtt=44ms) custom(q=0 f=0/1 p99rtt=2ms) slots=25/25 jobs/s=685 drains=173443 evl=0ms
[2026-06-04 10:05:14.811] [info] [Worker 5] [libqueen] push(q=5 f=0/24 p99rtt=26ms) pop(q=0 f=1/16 p99rtt=44ms) custom(q=0 f=0/1 p99rtt=2ms) slots=24/25 jobs/s=680 drains=173837 evl=0ms
[2026-06-04 10:05:14.837] [info] [Worker 2] [libqueen] push(q=0 f=1/24 p99rtt=24ms) pop(q=0 f=1/16 p99rtt=42ms) custom(q=0 f=0/1 p99rtt=2ms) slots=23/25 jobs/s=680 drains=173633 evl=0ms
[2026-06-04 10:05:14.839] [info] [Worker 7] [libqueen] push(q=3 f=0/24 p99rtt=26ms) pop(q=0 f=1/16 p99rtt=39ms) custom(q=0 f=1/1 p99rtt=2ms) slots=23/25 jobs/s=680 drains=173459 evl=0ms
[2026-06-04 10:05:14.839] [info] [Worker 8] [libqueen] push(q=5 f=0/24 p99rtt=27ms) pop(q=0 f=1/16 p99rtt=40ms) custom(q=0 f=0/1 p99rtt=2ms) slots=24/25 jobs/s=680 drains=172720 evl=1ms
[2026-06-04 10:05:14.846] [info] [Worker 1] [libqueen] push(q=5 f=0/24 p99rtt=26ms) pop(q=0 f=1/16 p99rtt=44ms) custom(q=0 f=0/1 p99rtt=3ms) slots=24/25 jobs/s=673 drains=173168 evl=0ms
[2026-06-04 10:05:14.847] [info] [Worker 9] [libqueen] push(q=0 f=0/24 p99rtt=27ms) pop(q=0 f=1/16 p99rtt=42ms) custom(q=0 f=1/1 p99rtt=2ms) slots=23/25 jobs/s=682 drains=173311 evl=0ms
[2026-06-04 10:05:14.854] [info] [Worker 6] [libqueen] push(q=4 f=0/24 p99rtt=27ms) pop(q=0 f=1/16 p99rtt=38ms) custom(q=0 f=0/1 p99rtt=2ms) slots=24/25 jobs/s=687 drains=173780 evl=0ms
[2026-06-04 10:05:15.747] [info] [Worker 4] [libqueen] push(q=0 f=1/24 p99rtt=27ms) pop(q=0 f=1/16 p99rtt=40ms) custom(q=0 f=0/1 p99rtt=2ms) slots=23/25 jobs/s=663 drains=173812 evl=0ms
[2026-06-04 10:05:15.769] [info] [Worker 0] [libqueen] push(q=0 f=1/24 p99rtt=26ms) pop(q=0 f=1/16 p99rtt=46ms) custom(q=0 f=0/1 p99rtt=2ms) slots=23/25 jobs/s=633 drains=174466 evl=0ms
[2026-06-04 10:05:15.779] [info] [Worker 3] [libqueen] push(q=5 f=0/24 p99rtt=26ms) pop(q=0 f=1/16 p99rtt=44ms) custom(q=0 f=0/1 p99rtt=2ms) slots=24/25 jobs/s=638 drains=174261 evl=0ms
[2026-06-04 10:05:15.810] [info] [Worker 5] [libqueen] push(q=0 f=1/24 p99rtt=25ms) pop(q=0 f=1/16 p99rtt=44ms) custom(q=0 f=0/1 p99rtt=2ms) slots=23/25 jobs/s=664 drains=174668 evl=0ms
[2026-06-04 10:05:15.837] [info] [Worker 2] [libqueen] push(q=0 f=1/24 p99rtt=24ms) pop(q=0 f=1/16 p99rtt=43ms) custom(q=0 f=0/1 p99rtt=2ms) slots=23/25 jobs/s=657 drains=174437 evl=0ms
[2026-06-04 10:05:15.838] [info] [Worker 7] [libqueen] push(q=0 f=1/24 p99rtt=26ms) pop(q=0 f=2/16 p99rtt=39ms) custom(q=0 f=0/1 p99rtt=2ms) slots=22/25 jobs/s=644 drains=174238 evl=0ms
[2026-06-04 10:05:15.838] [info] [Worker 8] [libqueen] push(q=0 f=1/24 p99rtt=27ms) pop(q=0 f=1/16 p99rtt=40ms) custom(q=0 f=0/1 p99rtt=2ms) slots=23/25 jobs/s=635 drains=173466 evl=0ms
[2026-06-04 10:05:15.844] [info] [Worker 1] [libqueen] push(q=5 f=0/24 p99rtt=25ms) pop(q=5 f=0/16 p99rtt=47ms) custom(q=0 f=0/1 p99rtt=3ms) slots=25/25 jobs/s=633 drains=173956 evl=0ms
[2026-06-04 10:05:15.846] [info] [Worker 9] [libqueen] push(q=5 f=0/24 p99rtt=27ms) pop(q=4 f=0/16 p99rtt=42ms) custom(q=0 f=0/1 p99rtt=2ms) slots=25/25 jobs/s=649 drains=174116 evl=0ms
[2026-06-04 10:05:15.854] [info] [Worker 6] [libqueen] push(q=0 f=1/24 p99rtt=27ms) pop(q=0 f=1/16 p99rtt=41ms) custom(q=0 f=0/1 p99rtt=2ms) slots=23/25 jobs/s=637 drains=174547 evl=0ms
[2026-06-04 10:05:16.748] [info] [Worker 4] [libqueen] push(q=0 f=1/24 p99rtt=27ms) pop(q=0 f=1/16 p99rtt=40ms) custom(q=0 f=0/1 p99rtt=2ms) slots=23/25 jobs/s=704 drains=174700 evl=0ms
[2026-06-04 10:05:16.770] [info] [Worker 0] [libqueen] push(q=0 f=1/24 p99rtt=27ms) pop(q=0 f=1/16 p99rtt=46ms) custom(q=0 f=0/1 p99rtt=2ms) slots=23/25 jobs/s=698 drains=175342 evl=0ms
[2026-06-04 10:05:16.780] [info] [Worker 3] [libqueen] push(q=5 f=0/24 p99rtt=26ms) pop(q=0 f=1/16 p99rtt=44ms) custom(q=0 f=0/1 p99rtt=2ms) slots=24/25 jobs/s=666 drains=175101 evl=0ms
[2026-06-04 10:05:16.811] [info] [Worker 5] [libqueen] push(q=0 f=1/24 p99rtt=27ms) pop(q=5 f=0/16 p99rtt=46ms) custom(q=0 f=0/1 p99rtt=2ms) slots=24/25 jobs/s=686 drains=175490 evl=0ms
[2026-06-04 10:05:16.839] [info] [Worker 2] [libqueen] push(q=4 f=0/24 p99rtt=24ms) pop(q=5 f=0/16 p99rtt=43ms) custom(q=0 f=1/1 p99rtt=2ms) slots=24/25 jobs/s=710 drains=175318 evl=0ms
[2026-06-04 10:05:16.839] [info] [Worker 8] [libqueen] push(q=0 f=0/24 p99rtt=27ms) pop(q=0 f=1/16 p99rtt=40ms) custom(q=0 f=0/1 p99rtt=2ms) slots=24/25 jobs/s=687 drains=174347 evl=0ms
[2026-06-04 10:05:16.839] [info] [Worker 7] [libqueen] push(q=5 f=0/24 p99rtt=26ms) pop(q=0 f=1/16 p99rtt=40ms) custom(q=0 f=0/1 p99rtt=2ms) slots=24/25 jobs/s=703 drains=175097 evl=0ms
[2026-06-04 10:05:16.846] [info] [Worker 1] [libqueen] push(q=0 f=1/24 p99rtt=25ms) pop(q=0 f=1/16 p99rtt=47ms) custom(q=0 f=0/1 p99rtt=3ms) slots=23/25 jobs/s=702 drains=174818 evl=0ms
[2026-06-04 10:05:16.848] [info] [Worker 9] [libqueen] push(q=5 f=0/24 p99rtt=27ms) pop(q=0 f=1/16 p99rtt=42ms) custom(q=0 f=0/1 p99rtt=2ms) slots=24/25 jobs/s=714 drains=174998 evl=0ms
[2026-06-04 10:05:16.855] [info] [Worker 6] [libqueen] push(q=0 f=1/24 p99rtt=27ms) pop(q=0 f=1/16 p99rtt=41ms) custom(q=0 f=0/1 p99rtt=2ms) slots=23/25 jobs/s=705 drains=175430 evl=0ms
[2026-06-04 10:05:17.247] [info] PartitionLookupReconcileService: fixed 3 partition_lookup rows (stats leader, hostname=c932ee286edc)
[2026-06-04 10:05:17.747] [info] [Worker 4] [libqueen] push(q=0 f=1/24 p99rtt=26ms) pop(q=0 f=1/16 p99rtt=40ms) custom(q=0 f=0/1 p99rtt=2ms) slots=23/25 jobs/s=677 drains=175528 evl=0ms
[2026-06-04 10:05:17.770] [info] [Worker 0] [libqueen] push(q=5 f=0/24 p99rtt=27ms) pop(q=0 f=2/16 p99rtt=48ms) custom(q=0 f=0/1 p99rtt=2ms) slots=23/25 jobs/s=670 drains=176183 evl=0ms
[2026-06-04 10:05:17.781] [info] [Worker 3] [libqueen] push(q=0 f=0/24 p99rtt=25ms) pop(q=0 f=1/16 p99rtt=44ms) custom(q=0 f=1/1 p99rtt=2ms) slots=23/25 jobs/s=662 drains=175936 evl=0ms
[2026-06-04 10:05:17.811] [info] [Worker 5] [libqueen] push(q=5 f=0/24 p99rtt=25ms) pop(q=6 f=0/16 p99rtt=47ms) custom(q=0 f=0/1 p99rtt=2ms) slots=25/25 jobs/s=686 drains=176332 evl=0ms
[2026-06-04 10:05:17.839] [info] [Worker 7] [libqueen] push(q=0 f=0/24 p99rtt=25ms) pop(q=4 f=1/16 p99rtt=40ms) custom(q=0 f=1/1 p99rtt=2ms) slots=23/25 jobs/s=681 drains=175967 evl=0ms
[2026-06-04 10:05:17.839] [info] [Worker 8] [libqueen] push(q=5 f=0/24 p99rtt=27ms) pop(q=0 f=1/16 p99rtt=41ms) custom(q=0 f=0/1 p99rtt=2ms) slots=24/25 jobs/s=656 drains=175138 evl=0ms
[2026-06-04 10:05:17.839] [info] [Worker 2] [libqueen] push(q=0 f=1/24 p99rtt=24ms) pop(q=0 f=0/16 p99rtt=43ms) custom(q=0 f=0/1 p99rtt=2ms) slots=24/25 jobs/s=685 drains=176163 evl=0ms
[2026-06-04 10:05:17.847] [info] [Worker 1] [libqueen] push(q=0 f=1/24 p99rtt=25ms) pop(q=0 f=1/16 p99rtt=47ms) custom(q=0 f=0/1 p99rtt=2ms) slots=23/25 jobs/s=666 drains=175649 evl=0ms
[2026-06-04 10:05:17.848] [info] [Worker 9] [libqueen] push(q=0 f=1/24 p99rtt=27ms) pop(q=0 f=0/16 p99rtt=42ms) custom(q=0 f=0/1 p99rtt=2ms) slots=24/25 jobs/s=669 drains=175845 evl=0ms
[2026-06-04 10:05:17.855] [info] [Worker 6] [libqueen] push(q=0 f=1/24 p99rtt=27ms) pop(q=0 f=1/16 p99rtt=41ms) custom(q=0 f=0/1 p99rtt=2ms) slots=23/25 jobs/s=666 drains=176286 evl=0ms
[2026-06-04 10:05:18.748] [info] [Worker 4] [libqueen] push(q=5 f=0/24 p99rtt=27ms) pop(q=5 f=0/16 p99rtt=40ms) custom(q=0 f=0/1 p99rtt=2ms) slots=25/25 jobs/s=702 drains=176400 evl=0ms
[2026-06-04 10:05:18.770] [info] [Worker 0] [libqueen] push(q=5 f=0/24 p99rtt=27ms) pop(q=0 f=1/16 p99rtt=48ms) custom(q=0 f=0/1 p99rtt=2ms) slots=24/25 jobs/s=691 drains=177037 evl=0ms
[2026-06-04 10:05:18.781] [info] [Worker 3] [libqueen] push(q=0 f=1/24 p99rtt=25ms) pop(q=0 f=0/16 p99rtt=44ms) custom(q=0 f=0/1 p99rtt=2ms) slots=24/25 jobs/s=684 drains=176802 evl=0ms
[2026-06-04 10:05:18.811] [info] [Worker 5] [libqueen] push(q=5 f=0/24 p99rtt=25ms) pop(q=4 f=0/16 p99rtt=47ms) custom(q=0 f=0/1 p99rtt=2ms) slots=25/25 jobs/s=704 drains=177223 evl=0ms
[2026-06-04 10:05:18.838] [info] [Worker 8] [libqueen] push(q=5 f=0/24 p99rtt=27ms) pop(q=5 f=0/16 p99rtt=41ms) custom(q=0 f=0/1 p99rtt=2ms) slots=25/25 jobs/s=710 drains=176033 evl=0ms
[2026-06-04 10:05:18.839] [info] [Worker 2] [libqueen] push(q=5 f=0/24 p99rtt=24ms) pop(q=1 f=1/16 p99rtt=43ms) custom(q=0 f=0/1 p99rtt=2ms) slots=24/25 jobs/s=668 drains=177013 evl=0ms
[2026-06-04 10:05:18.839] [info] [Worker 7] [libqueen] push(q=0 f=1/24 p99rtt=25ms) pop(q=0 f=1/16 p99rtt=41ms) custom(q=0 f=0/1 p99rtt=2ms) slots=23/25 jobs/s=677 drains=176826 evl=0ms
[2026-06-04 10:05:18.847] [info] [Worker 1] [libqueen] push(q=0 f=1/24 p99rtt=25ms) pop(q=0 f=1/16 p99rtt=49ms) custom(q=0 f=0/1 p99rtt=2ms) slots=23/25 jobs/s=677 drains=176471 evl=0ms
[2026-06-04 10:05:18.848] [info] [Worker 9] [libqueen] push(q=0 f=1/24 p99rtt=26ms) pop(q=0 f=1/16 p99rtt=42ms) custom(q=0 f=0/1 p99rtt=2ms) slots=23/25 jobs/s=660 drains=176671 evl=0ms
[2026-06-04 10:05:18.854] [info] [Worker 6] [libqueen] push(q=3 f=0/24 p99rtt=27ms) pop(q=0 f=1/16 p99rtt=41ms) custom(q=0 f=1/1 p99rtt=2ms) slots=23/25 jobs/s=696 drains=177111 evl=0ms
[2026-06-04 10:05:19.468] [info] StatsService: cycle completed in 321ms
[2026-06-04 10:05:19.748] [info] [Worker 4] [libqueen] push(q=5 f=0/24 p99rtt=27ms) pop(q=4 f=0/16 p99rtt=40ms) custom(q=0 f=0/1 p99rtt=2ms) slots=25/25 jobs/s=680 drains=177302 evl=0ms
[2026-06-04 10:05:19.770] [info] [Worker 0] [libqueen] push(q=5 f=0/24 p99rtt=27ms) pop(q=0 f=1/16 p99rtt=48ms) custom(q=0 f=0/1 p99rtt=2ms) slots=24/25 jobs/s=700 drains=177914 evl=0ms
[2026-06-04 10:05:19.781] [info] [Worker 3] [libqueen] push(q=0 f=1/24 p99rtt=26ms) pop(q=0 f=1/16 p99rtt=44ms) custom(q=0 f=0/1 p99rtt=2ms) slots=23/25 jobs/s=642 drains=177644 evl=0ms
[2026-06-04 10:05:19.811] [info] [Worker 5] [libqueen] push(q=5 f=0/24 p99rtt=25ms) pop(q=0 f=1/16 p99rtt=47ms) custom(q=0 f=0/1 p99rtt=2ms) slots=24/25 jobs/s=688 drains=178081 evl=0ms
[2026-06-04 10:05:19.839] [info] [Worker 2] [libqueen] push(q=5 f=0/24 p99rtt=24ms) pop(q=0 f=1/16 p99rtt=43ms) custom(q=0 f=0/1 p99rtt=2ms) slots=24/25 jobs/s=662 drains=177854 evl=0ms
[2026-06-04 10:05:19.839] [info] [Worker 7] [libqueen] push(q=0 f=0/24 p99rtt=26ms) pop(q=0 f=1/16 p99rtt=41ms) custom(q=0 f=1/1 p99rtt=2ms) slots=23/25 jobs/s=673 drains=177684 evl=0ms
[2026-06-04 10:05:19.839] [info] [Worker 8] [libqueen] push(q=5 f=0/24 p99rtt=27ms) pop(q=0 f=1/16 p99rtt=42ms) custom(q=0 f=0/1 p99rtt=2ms) slots=24/25 jobs/s=647 drains=176864 evl=0ms
[2026-06-04 10:05:19.847] [info] [Worker 1] [libqueen] push(q=5 f=0/24 p99rtt=26ms) pop(q=1 f=1/16 p99rtt=49ms) custom(q=0 f=0/1 p99rtt=2ms) slots=24/25 jobs/s=670 drains=177331 evl=0ms
[2026-06-04 10:05:19.848] [info] [Worker 9] [libqueen] push(q=5 f=0/24 p99rtt=26ms) pop(q=0 f=1/16 p99rtt=42ms) custom(q=0 f=0/1 p99rtt=2ms) slots=24/25 jobs/s=687 drains=177535 evl=0ms
[2026-06-04 10:05:19.854] [info] [Worker 6] [libqueen] push(q=5 f=0/24 p99rtt=27ms) pop(q=0 f=1/16 p99rtt=41ms) custom(q=0 f=0/1 p99rtt=2ms) slots=24/25 jobs/s=663 drains=177940 evl=0ms
[2026-06-04 10:05:20.748] [info] [Worker 4] [libqueen] push(q=5 f=0/24 p99rtt=27ms) pop(q=1 f=1/16 p99rtt=40ms) custom(q=0 f=0/1 p99rtt=2ms) slots=24/25 jobs/s=694 drains=178175 evl=0ms
[2026-06-04 10:05:20.771] [info] [Worker 0] [libqueen] push(q=0 f=1/24 p99rtt=27ms) pop(q=0 f=1/16 p99rtt=48ms) custom(q=0 f=0/1 p99rtt=2ms) slots=23/25 jobs/s=692 drains=178799 evl=0ms
[2026-06-04 10:05:20.781] [info] [Worker 3] [libqueen] push(q=0 f=1/24 p99rtt=26ms) pop(q=0 f=1/16 p99rtt=40ms) custom(q=0 f=0/1 p99rtt=2ms) slots=23/25 jobs/s=666 drains=178528 evl=0ms
[2026-06-04 10:05:20.811] [info] [Worker 5] [libqueen] push(q=5 f=0/24 p99rtt=25ms) pop(q=0 f=1/16 p99rtt=47ms) custom(q=0 f=0/1 p99rtt=2ms) slots=24/25 jobs/s=698 drains=178946 evl=0ms
[2026-06-04 10:05:20.838] [info] [Worker 8] [libqueen] push(q=2 f=0/24 p99rtt=26ms) pop(q=0 f=1/16 p99rtt=42ms) custom(q=0 f=1/1 p99rtt=2ms) slots=23/25 jobs/s=687 drains=177717 evl=0ms
[2026-06-04 10:05:20.839] [info] [Worker 2] [libqueen] push(q=0 f=1/24 p99rtt=24ms) pop(q=0 f=1/16 p99rtt=44ms) custom(q=0 f=0/1 p99rtt=2ms) slots=23/25 jobs/s=696 drains=178709 evl=0ms
[2026-06-04 10:05:20.839] [info] [Worker 7] [libqueen] push(q=0 f=1/24 p99rtt=26ms) pop(q=0 f=1/16 p99rtt=44ms) custom(q=0 f=0/1 p99rtt=2ms) slots=23/25 jobs/s=676 drains=178527 evl=0ms
[2026-06-04 10:05:20.848] [info] [Worker 1] [libqueen] push(q=0 f=1/24 p99rtt=25ms) pop(q=0 f=1/16 p99rtt=49ms) custom(q=0 f=0/1 p99rtt=2ms) slots=23/25 jobs/s=671 drains=178176 evl=0ms
[2026-06-04 10:05:20.848] [info] [Worker 9] [libqueen] push(q=0 f=1/24 p99rtt=26ms) pop(q=0 f=1/16 p99rtt=42ms) custom(q=0 f=0/1 p99rtt=2ms) slots=23/25 jobs/s=679 drains=178407 evl=0ms
[2026-06-04 10:05:20.855] [info] [Worker 6] [libqueen] push(q=0 f=1/24 p99rtt=27ms) pop(q=4 f=0/16 p99rtt=41ms) custom(q=0 f=0/1 p99rtt=2ms) slots=24/25 jobs/s=689 drains=178794 evl=0ms
[2026-06-04 10:05:21.747] [info] [Worker 4] [libqueen] push(q=0 f=1/24 p99rtt=27ms) pop(q=0 f=1/16 p99rtt=38ms) custom(q=0 f=0/1 p99rtt=2ms) slots=23/25 jobs/s=666 drains=179025 evl=0ms
[2026-06-04 10:05:21.770] [info] [Worker 0] [libqueen] push(q=5 f=0/24 p99rtt=27ms) pop(q=2 f=0/16 p99rtt=48ms) custom(q=0 f=0/1 p99rtt=2ms) slots=25/25 jobs/s=664 drains=179623 evl=0ms
[2026-06-04 10:05:21.781] [info] [Worker 3] [libqueen] push(q=0 f=1/24 p99rtt=26ms) pop(q=0 f=1/16 p99rtt=40ms) custom(q=0 f=0/1 p99rtt=2ms) slots=23/25 jobs/s=632 drains=179329 evl=0ms
[2026-06-04 10:05:21.811] [info] [Worker 5] [libqueen] push(q=0 f=1/24 p99rtt=25ms) pop(q=0 f=1/16 p99rtt=47ms) custom(q=0 f=0/1 p99rtt=2ms) slots=23/25 jobs/s=647 drains=179759 evl=0ms
[2026-06-04 10:05:21.839] [info] [Worker 2] [libqueen] push(q=0 f=0/24 p99rtt=24ms) pop(q=0 f=1/16 p99rtt=44ms) custom(q=0 f=1/1 p99rtt=2ms) slots=23/25 jobs/s=628 drains=179494 evl=0ms
[2026-06-04 10:05:21.840] [info] [Worker 7] [libqueen] push(q=0 f=0/24 p99rtt=27ms) pop(q=0 f=1/16 p99rtt=44ms) custom(q=0 f=0/1 p99rtt=2ms) slots=24/25 jobs/s=633 drains=179321 evl=0ms
[2026-06-04 10:05:21.841] [info] [Worker 8] [libqueen] push(q=0 f=0/24 p99rtt=27ms) pop(q=0 f=1/16 p99rtt=42ms) custom(q=0 f=1/1 p99rtt=2ms) slots=23/25 jobs/s=638 drains=178515 evl=0ms
[2026-06-04 10:05:21.848] [info] [Worker 1] [libqueen] push(q=0 f=1/24 p99rtt=25ms) pop(q=0 f=1/16 p99rtt=49ms) custom(q=0 f=0/1 p99rtt=2ms) slots=23/25 jobs/s=633 drains=178959 evl=0ms
[2026-06-04 10:05:21.848] [info] [Worker 9] [libqueen] push(q=0 f=1/24 p99rtt=27ms) pop(q=0 f=1/16 p99rtt=43ms) custom(q=0 f=0/1 p99rtt=2ms) slots=23/25 jobs/s=641 drains=179209 evl=0ms
[2026-06-04 10:05:21.855] [info] [Worker 6] [libqueen] push(q=5 f=0/24 p99rtt=27ms) pop(q=3 f=1/16 p99rtt=41ms) custom(q=0 f=0/1 p99rtt=2ms) slots=24/25 jobs/s=634 drains=179610 evl=0ms
[2026-06-04 10:05:22.748] [info] [Worker 4] [libqueen] push(q=0 f=1/24 p99rtt=27ms) pop(q=0 f=2/16 p99rtt=35ms) custom(q=0 f=0/1 p99rtt=2ms) slots=22/25 jobs/s=617 drains=179815 evl=0ms
[2026-06-04 10:05:22.771] [info] [Worker 0] [libqueen] push(q=0 f=1/24 p99rtt=27ms) pop(q=0 f=1/16 p99rtt=48ms) custom(q=0 f=0/1 p99rtt=2ms) slots=23/25 jobs/s=596 drains=180353 evl=0ms
[2026-06-04 10:05:22.781] [info] [Worker 3] [libqueen] push(q=5 f=0/24 p99rtt=28ms) pop(q=4 f=0/16 p99rtt=41ms) custom(q=0 f=1/1 p99rtt=2ms) slots=24/25 jobs/s=591 drains=180047 evl=0ms
[2026-06-04 10:05:22.810] [info] [Worker 5] [libqueen] push(q=0 f=1/24 p99rtt=25ms) pop(q=0 f=2/16 p99rtt=48ms) custom(q=0 f=1/1 p99rtt=2ms) slots=21/25 jobs/s=612 drains=180525 evl=0ms
[2026-06-04 10:05:22.839] [info] [Worker 2] [libqueen] push(q=0 f=1/24 p99rtt=26ms) pop(q=0 f=1/16 p99rtt=45ms) custom(q=0 f=1/1 p99rtt=2ms) slots=22/25 jobs/s=573 drains=180218 evl=1ms
[2026-06-04 10:05:22.840] [info] [Worker 7] [libqueen] push(q=0 f=1/24 p99rtt=27ms) pop(q=0 f=3/16 p99rtt=48ms) custom(q=0 f=1/1 p99rtt=2ms) slots=20/25 jobs/s=559 drains=180039 evl=0ms
[2026-06-04 10:05:22.842] [info] [Worker 8] [libqueen] push(q=0 f=1/24 p99rtt=27ms) pop(q=0 f=1/16 p99rtt=46ms) custom(q=0 f=1/1 p99rtt=2ms) slots=22/25 jobs/s=575 drains=179284 evl=0ms
[2026-06-04 10:05:22.848] [info] [Worker 9] [libqueen] push(q=0 f=1/24 p99rtt=27ms) pop(q=0 f=1/16 p99rtt=44ms) custom(q=0 f=0/1 p99rtt=3ms) slots=23/25 jobs/s=594 drains=179927 evl=0ms
[2026-06-04 10:05:22.848] [info] [Worker 1] [libqueen] push(q=0 f=1/24 p99rtt=26ms) pop(q=0 f=2/16 p99rtt=49ms) custom(q=0 f=0/1 p99rtt=2ms) slots=22/25 jobs/s=596 drains=179713 evl=0ms
[2026-06-04 10:05:22.855] [info] [Worker 6] [libqueen] push(q=5 f=0/24 p99rtt=28ms) pop(q=4 f=1/16 p99rtt=45ms) custom(q=0 f=1/1 p99rtt=2ms) slots=23/25 jobs/s=575 drains=180318 evl=0ms
[2026-06-04 10:05:23.285] [info] PartitionLookupReconcileService: fixed 6 partition_lookup rows (stats leader, hostname=c932ee286edc)
[2026-06-04 10:05:23.748] [info] [Worker 4] [libqueen] push(q=3 f=0/24 p99rtt=28ms) pop(q=0 f=1/16 p99rtt=38ms) custom(q=0 f=1/1 p99rtt=2ms) slots=23/25 jobs/s=619 drains=180589 evl=0ms
[2026-06-04 10:05:23.770] [info] [Worker 0] [libqueen] push(q=0 f=1/24 p99rtt=29ms) pop(q=0 f=1/16 p99rtt=46ms) custom(q=0 f=0/1 p99rtt=2ms) slots=23/25 jobs/s=621 drains=181103 evl=0ms
[2026-06-04 10:05:23.782] [info] [Worker 3] [libqueen] push(q=5 f=0/24 p99rtt=29ms) pop(q=2 f=0/16 p99rtt=44ms) custom(q=0 f=0/1 p99rtt=3ms) slots=25/25 jobs/s=613 drains=180840 evl=0ms
[2026-06-04 10:05:23.810] [info] [Worker 5] [libqueen] push(q=0 f=1/24 p99rtt=28ms) pop(q=0 f=1/16 p99rtt=50ms) custom(q=0 f=0/1 p99rtt=2ms) slots=23/25 jobs/s=665 drains=181313 evl=0ms
[2026-06-04 10:05:23.839] [info] [Worker 2] [libqueen] push(q=5 f=0/24 p99rtt=28ms) pop(q=0 f=1/16 p99rtt=44ms) custom(q=0 f=0/1 p99rtt=2ms) slots=24/25 jobs/s=653 drains=181051 evl=0ms
[2026-06-04 10:05:23.840] [info] [Worker 7] [libqueen] push(q=5 f=0/24 p99rtt=28ms) pop(q=1 f=1/16 p99rtt=49ms) custom(q=0 f=0/1 p99rtt=2ms) slots=24/25 jobs/s=652 drains=180868 evl=0ms
[2026-06-04 10:05:23.842] [info] [Worker 8] [libqueen] push(q=5 f=0/24 p99rtt=28ms) pop(q=3 f=0/16 p99rtt=42ms) custom(q=0 f=0/1 p99rtt=2ms) slots=25/25 jobs/s=671 drains=180112 evl=0ms
[2026-06-04 10:05:23.847] [info] [Worker 9] [libqueen] push(q=3 f=0/24 p99rtt=27ms) pop(q=0 f=1/16 p99rtt=43ms) custom(q=0 f=0/1 p99rtt=3ms) slots=24/25 jobs/s=706 drains=180817 evl=0ms
[2026-06-04 10:05:23.848] [info] [Worker 1] [libqueen] push(q=0 f=1/24 p99rtt=27ms) pop(q=0 f=1/16 p99rtt=51ms) custom(q=0 f=0/1 p99rtt=2ms) slots=23/25 jobs/s=658 drains=180539 evl=0ms
[2026-06-04 10:05:23.855] [info] [Worker 6] [libqueen] push(q=5 f=0/24 p99rtt=28ms) pop(q=0 f=1/16 p99rtt=44ms) custom(q=0 f=0/1 p99rtt=2ms) slots=24/25 jobs/s=686 drains=181158 evl=0ms
[2026-06-04 10:05:24.748] [info] [Worker 4] [libqueen] push(q=5 f=0/24 p99rtt=25ms) pop(q=4 f=0/16 p99rtt=38ms) custom(q=0 f=0/1 p99rtt=2ms) slots=25/25 jobs/s=677 drains=181434 evl=0ms
[2026-06-04 10:05:24.770] [info] [Worker 0] [libqueen] push(q=0 f=1/24 p99rtt=27ms) pop(q=0 f=1/16 p99rtt=46ms) custom(q=0 f=0/1 p99rtt=2ms) slots=23/25 jobs/s=687 drains=181975 evl=0ms
[2026-06-04 10:05:24.783] [info] [Worker 3] [libqueen] push(q=4 f=0/24 p99rtt=28ms) pop(q=0 f=0/16 p99rtt=41ms) custom(q=0 f=0/1 p99rtt=2ms) slots=25/25 jobs/s=657 drains=181697 evl=0ms
[2026-06-04 10:05:24.811] [info] [Worker 5] [libqueen] push(q=5 f=0/24 p99rtt=25ms) pop(q=6 f=0/16 p99rtt=50ms) custom(q=0 f=0/1 p99rtt=2ms) slots=25/25 jobs/s=720 drains=182204 evl=0ms
[2026-06-04 10:05:24.839] [info] [Worker 2] [libqueen] push(q=5 f=0/24 p99rtt=24ms) pop(q=0 f=1/16 p99rtt=44ms) custom(q=0 f=0/1 p99rtt=2ms) slots=24/25 jobs/s=684 drains=181918 evl=0ms
[2026-06-04 10:05:24.840] [info] [Worker 7] [libqueen] push(q=4 f=0/24 p99rtt=27ms) pop(q=0 f=1/16 p99rtt=49ms) custom(q=0 f=0/1 p99rtt=2ms) slots=24/25 jobs/s=685 drains=181728 evl=0ms
[2026-06-04 10:05:24.842] [info] [Worker 8] [libqueen] push(q=0 f=1/24 p99rtt=26ms) pop(q=0 f=1/16 p99rtt=43ms) custom(q=0 f=0/1 p99rtt=2ms) slots=23/25 jobs/s=668 drains=180939 evl=0ms
[2026-06-04 10:05:24.847] [info] [Worker 1] [libqueen] push(q=5 f=0/24 p99rtt=25ms) pop(q=0 f=1/16 p99rtt=51ms) custom(q=0 f=0/1 p99rtt=2ms) slots=24/25 jobs/s=676 drains=181408 evl=0ms
[2026-06-04 10:05:24.848] [info] [Worker 9] [libqueen] push(q=0 f=1/24 p99rtt=26ms) pop(q=0 f=1/16 p99rtt=43ms) custom(q=0 f=0/1 p99rtt=2ms) slots=23/25 jobs/s=665 drains=181663 evl=0ms
[2026-06-04 10:05:24.855] [info] [Worker 6] [libqueen] push(q=5 f=0/24 p99rtt=27ms) pop(q=0 f=1/16 p99rtt=44ms) custom(q=0 f=0/1 p99rtt=2ms) slots=24/25 jobs/s=683 drains=182032 evl=0ms
[2026-06-04 10:05:25.748] [info] [Worker 4] [libqueen] push(q=5 f=0/24 p99rtt=25ms) pop(q=4 f=0/16 p99rtt=40ms) custom(q=0 f=0/1 p99rtt=2ms) slots=25/25 jobs/s=676 drains=182287 evl=0ms
[2026-06-04 10:05:25.770] [info] [Worker 0] [libqueen] push(q=2 f=0/24 p99rtt=27ms) pop(q=0 f=1/16 p99rtt=46ms) custom(q=0 f=0/1 p99rtt=2ms) slots=24/25 jobs/s=664 drains=182785 evl=0ms
[2026-06-04 10:05:25.782] [info] [Worker 3] [libqueen] push(q=0 f=1/24 p99rtt=28ms) pop(q=0 f=1/16 p99rtt=41ms) custom(q=0 f=0/1 p99rtt=3ms) slots=23/25 jobs/s=650 drains=182497 evl=0ms
[2026-06-04 10:05:25.812] [info] [Worker 5] [libqueen] push(q=5 f=0/24 p99rtt=25ms) pop(q=0 f=1/16 p99rtt=47ms) custom(q=0 f=0/1 p99rtt=2ms) slots=24/25 jobs/s=663 drains=183038 evl=0ms
[2026-06-04 10:05:25.838] [info] [Worker 2] [libqueen] push(q=0 f=1/24 p99rtt=24ms) pop(q=3 f=0/16 p99rtt=44ms) custom(q=0 f=0/1 p99rtt=2ms) slots=24/25 jobs/s=659 drains=182780 evl=0ms
[2026-06-04 10:05:25.839] [info] [Worker 7] [libqueen] push(q=5 f=0/24 p99rtt=26ms) pop(q=5 f=0/16 p99rtt=49ms) custom(q=0 f=0/1 p99rtt=2ms) slots=25/25 jobs/s=621 drains=182526 evl=0ms
[2026-06-04 10:05:25.841] [info] [Worker 8] [libqueen] push(q=0 f=0/24 p99rtt=26ms) pop(q=0 f=1/16 p99rtt=43ms) custom(q=0 f=0/1 p99rtt=2ms) slots=24/25 jobs/s=655 drains=181795 evl=0ms
[2026-06-04 10:05:25.847] [info] [Worker 9] [libqueen] push(q=0 f=1/24 p99rtt=26ms) pop(q=0 f=1/16 p99rtt=43ms) custom(q=0 f=0/1 p99rtt=2ms) slots=23/25 jobs/s=652 drains=182386 evl=0ms
[2026-06-04 10:05:25.847] [info] [Worker 1] [libqueen] push(q=5 f=0/24 p99rtt=25ms) pop(q=0 f=1/16 p99rtt=51ms) custom(q=0 f=0/1 p99rtt=2ms) slots=24/25 jobs/s=634 drains=182145 evl=0ms
[2026-06-04 10:05:25.855] [info] [Worker 6] [libqueen] push(q=5 f=0/24 p99rtt=27ms) pop(q=0 f=1/16 p99rtt=45ms) custom(q=0 f=0/1 p99rtt=2ms) slots=24/25 jobs/s=652 drains=182845 evl=0ms
[2026-06-04 10:05:26.748] [info] [Worker 4] [libqueen] push(q=5 f=0/24 p99rtt=25ms) pop(q=0 f=1/16 p99rtt=39ms) custom(q=0 f=0/1 p99rtt=2ms) slots=24/25 jobs/s=669 drains=183125 evl=0ms
[2026-06-04 10:05:26.771] [info] [Worker 0] [libqueen] push(q=0 f=1/24 p99rtt=25ms) pop(q=0 f=1/16 p99rtt=43ms) custom(q=0 f=0/1 p99rtt=2ms) slots=23/25 jobs/s=687 drains=183660 evl=0ms
[2026-06-04 10:05:26.783] [info] [Worker 3] [libqueen] push(q=0 f=1/24 p99rtt=26ms) pop(q=0 f=1/16 p99rtt=41ms) custom(q=0 f=0/1 p99rtt=3ms) slots=23/25 jobs/s=677 drains=183345 evl=0ms
[2026-06-04 10:05:26.812] [info] [Worker 5] [libqueen] push(q=5 f=0/24 p99rtt=25ms) pop(q=0 f=1/16 p99rtt=47ms) custom(q=0 f=0/1 p99rtt=2ms) slots=24/25 jobs/s=708 drains=183915 evl=0ms
[2026-06-04 10:05:26.839] [info] [Worker 2] [libqueen] push(q=5 f=0/24 p99rtt=24ms) pop(q=4 f=0/16 p99rtt=41ms) custom(q=0 f=0/1 p99rtt=2ms) slots=25/25 jobs/s=685 drains=183641 evl=0ms
[2026-06-04 10:05:26.840] [info] [Worker 7] [libqueen] push(q=0 f=0/24 p99rtt=26ms) pop(q=0 f=1/16 p99rtt=49ms) custom(q=0 f=0/1 p99rtt=2ms) slots=24/25 jobs/s=703 drains=183419 evl=0ms
[2026-06-04 10:05:26.841] [info] [Worker 8] [libqueen] push(q=5 f=0/24 p99rtt=24ms) pop(q=5 f=0/16 p99rtt=43ms) custom(q=0 f=0/1 p99rtt=2ms) slots=25/25 jobs/s=704 drains=182656 evl=0ms
[2026-06-04 10:05:26.848] [info] [Worker 1] [libqueen] push(q=0 f=1/24 p99rtt=25ms) pop(q=0 f=1/16 p99rtt=51ms) custom(q=0 f=0/1 p99rtt=2ms) slots=23/25 jobs/s=695 drains=183028 evl=0ms
[2026-06-04 10:05:26.848] [info] [Worker 9] [libqueen] push(q=3 f=0/24 p99rtt=25ms) pop(q=0 f=1/16 p99rtt=43ms) custom(q=0 f=1/1 p99rtt=2ms) slots=23/25 jobs/s=701 drains=183289 evl=0ms
[2026-06-04 10:05:26.855] [info] [Worker 6] [libqueen] push(q=5 f=0/24 p99rtt=27ms) pop(q=4 f=0/16 p99rtt=45ms) custom(q=0 f=0/1 p99rtt=2ms) slots=25/25 jobs/s=715 drains=183762 evl=0ms
[2026-06-04 10:05:27.748] [info] [Worker 4] [libqueen] push(q=5 f=0/24 p99rtt=25ms) pop(q=0 f=1/16 p99rtt=39ms) custom(q=0 f=0/1 p99rtt=2ms) slots=24/25 jobs/s=659 drains=183947 evl=0ms
[2026-06-04 10:05:27.771] [info] [Worker 0] [libqueen] push(q=5 f=0/24 p99rtt=24ms) pop(q=0 f=1/16 p99rtt=42ms) custom(q=0 f=0/1 p99rtt=2ms) slots=24/25 jobs/s=674 drains=184528 evl=1ms
[2026-06-04 10:05:27.783] [info] [Worker 3] [libqueen] push(q=3 f=0/24 p99rtt=24ms) pop(q=0 f=1/16 p99rtt=41ms) custom(q=0 f=1/1 p99rtt=3ms) slots=23/25 jobs/s=659 drains=184187 evl=0ms
[2026-06-04 10:05:27.812] [info] [Worker 5] [libqueen] push(q=5 f=0/24 p99rtt=24ms) pop(q=0 f=1/16 p99rtt=48ms) custom(q=0 f=0/1 p99rtt=2ms) slots=24/25 jobs/s=681 drains=184768 evl=0ms
[2026-06-04 10:05:27.839] [info] [Worker 2] [libqueen] push(q=5 f=0/24 p99rtt=24ms) pop(q=1 f=1/16 p99rtt=41ms) custom(q=0 f=0/1 p99rtt=2ms) slots=24/25 jobs/s=647 drains=184461 evl=0ms
[2026-06-04 10:05:27.840] [info] [Worker 7] [libqueen] push(q=5 f=0/24 p99rtt=26ms) pop(q=0 f=1/16 p99rtt=49ms) custom(q=0 f=0/1 p99rtt=2ms) slots=24/25 jobs/s=658 drains=184267 evl=0ms
[2026-06-04 10:05:27.842] [info] [Worker 8] [libqueen] push(q=5 f=0/24 p99rtt=24ms) pop(q=0 f=1/16 p99rtt=43ms) custom(q=0 f=0/1 p99rtt=2ms) slots=24/25 jobs/s=657 drains=183494 evl=0ms
[2026-06-04 10:05:27.847] [info] [Worker 1] [libqueen] push(q=5 f=0/24 p99rtt=25ms) pop(q=3 f=0/16 p99rtt=50ms) custom(q=0 f=0/1 p99rtt=2ms) slots=25/25 jobs/s=662 drains=183867 evl=0ms
[2026-06-04 10:05:27.848] [info] [Worker 9] [libqueen] push(q=5 f=0/24 p99rtt=25ms) pop(q=0 f=1/16 p99rtt=42ms) custom(q=0 f=0/1 p99rtt=3ms) slots=24/25 jobs/s=680 drains=184129 evl=0ms
[2026-06-04 10:05:27.855] [info] [Worker 6] [libqueen] push(q=5 f=0/24 p99rtt=26ms) pop(q=4 f=0/16 p99rtt=45ms) custom(q=0 f=0/1 p99rtt=2ms) slots=25/25 jobs/s=669 drains=184575 evl=0ms
[2026-06-04 10:05:28.747] [info] [Worker 4] [libqueen] push(q=0 f=0/24 p99rtt=25ms) pop(q=3 f=0/16 p99rtt=39ms) custom(q=0 f=1/1 p99rtt=2ms) slots=24/25 jobs/s=659 drains=184739 evl=0ms
[2026-06-04 10:05:28.771] [info] [Worker 0] [libqueen] push(q=5 f=0/24 p99rtt=25ms) pop(q=4 f=0/16 p99rtt=42ms) custom(q=0 f=0/1 p99rtt=2ms) slots=25/25 jobs/s=659 drains=185350 evl=0ms
[2026-06-04 10:05:28.782] [info] [Worker 3] [libqueen] push(q=5 f=0/24 p99rtt=24ms) pop(q=0 f=1/16 p99rtt=40ms) custom(q=0 f=0/1 p99rtt=3ms) slots=24/25 jobs/s=628 drains=184982 evl=0ms
[2026-06-04 10:05:28.812] [info] [Worker 5] [libqueen] push(q=0 f=0/24 p99rtt=24ms) pop(q=0 f=1/16 p99rtt=48ms) custom(q=0 f=1/1 p99rtt=2ms) slots=23/25 jobs/s=650 drains=185599 evl=0ms
[2026-06-04 10:05:28.838] [info] [Worker 2] [libqueen] push(q=0 f=1/24 p99rtt=24ms) pop(q=0 f=1/16 p99rtt=41ms) custom(q=0 f=0/1 p99rtt=2ms) slots=23/25 jobs/s=661 drains=185299 evl=0ms
[2026-06-04 10:05:28.840] [info] [Worker 7] [libqueen] push(q=5 f=0/24 p99rtt=26ms) pop(q=0 f=1/16 p99rtt=49ms) custom(q=0 f=0/1 p99rtt=2ms) slots=24/25 jobs/s=659 drains=185115 evl=0ms
[2026-06-04 10:05:28.842] [info] [Worker 8] [libqueen] push(q=5 f=0/24 p99rtt=24ms) pop(q=0 f=1/16 p99rtt=43ms) custom(q=0 f=0/1 p99rtt=2ms) slots=24/25 jobs/s=669 drains=184330 evl=0ms
[2026-06-04 10:05:28.847] [info] [Worker 9] [libqueen] push(q=0 f=1/24 p99rtt=25ms) pop(q=4 f=0/16 p99rtt=42ms) custom(q=0 f=0/1 p99rtt=2ms) slots=24/25 jobs/s=652 drains=184939 evl=0ms
[2026-06-04 10:05:28.848] [info] [Worker 1] [libqueen] push(q=5 f=0/24 p99rtt=25ms) pop(q=5 f=0/16 p99rtt=50ms) custom(q=0 f=0/1 p99rtt=2ms) slots=25/25 jobs/s=656 drains=184692 evl=0ms
[2026-06-04 10:05:28.855] [info] [Worker 6] [libqueen] push(q=0 f=1/24 p99rtt=26ms) pop(q=0 f=1/16 p99rtt=46ms) custom(q=0 f=0/1 p99rtt=2ms) slots=23/25 jobs/s=667 drains=185414 evl=0ms
[2026-06-04 10:05:29.284] [info] PartitionLookupReconcileService: fixed 3 partition_lookup rows (stats leader, hostname=c932ee286edc)
[2026-06-04 10:05:29.444] [info] StatsService: cycle completed in 292ms
[2026-06-04 10:05:29.748] [info] [Worker 4] [libqueen] push(q=5 f=0/24 p99rtt=25ms) pop(q=0 f=1/16 p99rtt=39ms) custom(q=0 f=0/1 p99rtt=2ms) slots=24/25 jobs/s=663 drains=185597 evl=0ms
[2026-06-04 10:05:29.771] [info] [Worker 0] [libqueen] push(q=5 f=0/24 p99rtt=24ms) pop(q=0 f=1/16 p99rtt=42ms) custom(q=0 f=0/1 p99rtt=2ms) slots=24/25 jobs/s=658 drains=186215 evl=0ms
[2026-06-04 10:05:29.783] [info] [Worker 3] [libqueen] push(q=5 f=0/24 p99rtt=24ms) pop(q=4 f=0/16 p99rtt=38ms) custom(q=0 f=0/1 p99rtt=3ms) slots=25/25 jobs/s=641 drains=185811 evl=0ms
[2026-06-04 10:05:29.811] [info] [Worker 5] [libqueen] push(q=0 f=0/24 p99rtt=24ms) pop(q=0 f=1/16 p99rtt=49ms) custom(q=0 f=1/1 p99rtt=2ms) slots=23/25 jobs/s=694 drains=186454 evl=0ms
[2026-06-04 10:05:29.839] [info] [Worker 2] [libqueen] push(q=5 f=0/24 p99rtt=24ms) pop(q=0 f=1/16 p99rtt=41ms) custom(q=0 f=0/1 p99rtt=2ms) slots=24/25 jobs/s=661 drains=186118 evl=0ms
[2026-06-04 10:05:29.840] [info] [Worker 7] [libqueen] push(q=5 f=0/24 p99rtt=26ms) pop(q=3 f=0/16 p99rtt=49ms) custom(q=0 f=0/1 p99rtt=2ms) slots=25/25 jobs/s=666 drains=185954 evl=0ms
[2026-06-04 10:05:29.843] [info] [Worker 8] [libqueen] push(q=0 f=1/24 p99rtt=23ms) pop(q=0 f=1/16 p99rtt=43ms) custom(q=0 f=0/1 p99rtt=2ms) slots=23/25 jobs/s=644 drains=185169 evl=0ms
[2026-06-04 10:05:29.847] [info] [Worker 9] [libqueen] push(q=0 f=0/24 p99rtt=25ms) pop(q=1 f=1/16 p99rtt=43ms) custom(q=0 f=0/1 p99rtt=2ms) slots=24/25 jobs/s=671 drains=185779 evl=0ms
[2026-06-04 10:05:29.848] [info] [Worker 1] [libqueen] push(q=0 f=1/24 p99rtt=25ms) pop(q=0 f=1/16 p99rtt=50ms) custom(q=0 f=0/1 p99rtt=2ms) slots=23/25 jobs/s=666 drains=185522 evl=0ms
[2026-06-04 10:05:29.855] [info] [Worker 6] [libqueen] push(q=5 f=0/24 p99rtt=26ms) pop(q=1 f=1/16 p99rtt=46ms) custom(q=0 f=0/1 p99rtt=3ms) slots=24/25 jobs/s=667 drains=186258 evl=0ms
[2026-06-04 10:05:30.748] [info] [Worker 4] [libqueen] push(q=5 f=0/24 p99rtt=24ms) pop(q=0 f=1/16 p99rtt=39ms) custom(q=0 f=0/1 p99rtt=2ms) slots=24/25 jobs/s=674 drains=186470 evl=0ms
[2026-06-04 10:05:30.771] [info] [Worker 0] [libqueen] push(q=5 f=0/24 p99rtt=24ms) pop(q=5 f=0/16 p99rtt=41ms) custom(q=0 f=0/1 p99rtt=2ms) slots=25/25 jobs/s=672 drains=187079 evl=0ms
[2026-06-04 10:05:30.783] [info] [Worker 3] [libqueen] push(q=5 f=0/24 p99rtt=25ms) pop(q=0 f=0/16 p99rtt=40ms) custom(q=0 f=0/1 p99rtt=3ms) slots=25/25 jobs/s=633 drains=186632 evl=0ms
[2026-06-04 10:05:30.812] [info] [Worker 5] [libqueen] push(q=5 f=0/24 p99rtt=24ms) pop(q=3 f=0/16 p99rtt=48ms) custom(q=0 f=0/1 p99rtt=2ms) slots=25/25 jobs/s=683 drains=187320 evl=0ms
[2026-06-04 10:05:30.839] [info] [Worker 2] [libqueen] push(q=0 f=1/24 p99rtt=24ms) pop(q=0 f=1/16 p99rtt=44ms) custom(q=0 f=0/1 p99rtt=2ms) slots=23/25 jobs/s=654 drains=186960 evl=0ms
[2026-06-04 10:05:30.839] [info] [Worker 7] [libqueen] push(q=5 f=0/24 p99rtt=26ms) pop(q=4 f=0/16 p99rtt=49ms) custom(q=0 f=0/1 p99rtt=2ms) slots=25/25 jobs/s=670 drains=186783 evl=0ms
[2026-06-04 10:05:30.843] [info] [Worker 8] [libqueen] push(q=0 f=1/24 p99rtt=24ms) pop(q=0 f=1/16 p99rtt=43ms) custom(q=0 f=0/1 p99rtt=2ms) slots=23/25 jobs/s=673 drains=186015 evl=0ms
[2026-06-04 10:05:30.847] [info] [Worker 1] [libqueen] push(q=2 f=0/24 p99rtt=25ms) pop(q=0 f=0/16 p99rtt=50ms) custom(q=0 f=0/1 p99rtt=2ms) slots=25/25 jobs/s=673 drains=186380 evl=0ms
[2026-06-04 10:05:30.848] [info] [Worker 9] [libqueen] push(q=5 f=0/24 p99rtt=25ms) pop(q=0 f=0/16 p99rtt=43ms) custom(q=0 f=0/1 p99rtt=2ms) slots=25/25 jobs/s=672 drains=186652 evl=0ms
[2026-06-04 10:05:30.855] [info] [Worker 6] [libqueen] push(q=0 f=1/24 p99rtt=26ms) pop(q=0 f=1/16 p99rtt=47ms) custom(q=0 f=0/1 p99rtt=3ms) slots=23/25 jobs/s=672 drains=187118 evl=0ms
[2026-06-04 10:05:31.748] [info] [Worker 4] [libqueen] push(q=0 f=1/24 p99rtt=22ms) pop(q=0 f=0/16 p99rtt=38ms) custom(q=0 f=0/1 p99rtt=2ms) slots=24/25 jobs/s=622 drains=187337 evl=0ms
[2026-06-04 10:05:31.771] [info] [Worker 0] [libqueen] push(q=5 f=0/24 p99rtt=24ms) pop(q=0 f=0/16 p99rtt=41ms) custom(q=0 f=0/1 p99rtt=2ms) slots=25/25 jobs/s=631 drains=187931 evl=0ms
[2026-06-04 10:05:31.783] [info] [Worker 3] [libqueen] push(q=5 f=0/24 p99rtt=23ms) pop(q=0 f=0/16 p99rtt=40ms) custom(q=0 f=0/1 p99rtt=3ms) slots=25/25 jobs/s=624 drains=187482 evl=0ms
[2026-06-04 10:05:31.813] [info] [Worker 5] [libqueen] push(q=0 f=1/24 p99rtt=24ms) pop(q=0 f=0/16 p99rtt=48ms) custom(q=0 f=0/1 p99rtt=2ms) slots=24/25 jobs/s=608 drains=188167 evl=0ms
[2026-06-04 10:05:31.838] [info] [Worker 2] [libqueen] push(q=5 f=0/24 p99rtt=21ms) pop(q=0 f=0/16 p99rtt=44ms) custom(q=0 f=0/1 p99rtt=2ms) slots=25/25 jobs/s=626 drains=187782 evl=0ms
[2026-06-04 10:05:31.839] [info] [Worker 7] [libqueen] push(q=5 f=0/24 p99rtt=26ms) pop(q=0 f=0/16 p99rtt=49ms) custom(q=0 f=0/1 p99rtt=2ms) slots=25/25 jobs/s=618 drains=187626 evl=0ms
[2026-06-04 10:05:31.843] [info] [Worker 8] [libqueen] push(q=5 f=0/24 p99rtt=23ms) pop(q=0 f=0/16 p99rtt=43ms) custom(q=0 f=0/1 p99rtt=2ms) slots=25/25 jobs/s=617 drains=186863 evl=0ms
[2026-06-04 10:05:31.848] [info] [Worker 9] [libqueen] push(q=0 f=0/24 p99rtt=25ms) pop(q=0 f=0/16 p99rtt=43ms) custom(q=0 f=0/1 p99rtt=2ms) slots=25/25 jobs/s=613 drains=187494 evl=0ms
[2026-06-04 10:05:31.848] [info] [Worker 1] [libqueen] push(q=0 f=0/24 p99rtt=24ms) pop(q=0 f=0/16 p99rtt=50ms) custom(q=0 f=1/1 p99rtt=2ms) slots=24/25 jobs/s=600 drains=187206 evl=0ms
[2026-06-04 10:05:31.855] [info] [Worker 6] [libqueen] push(q=0 f=1/24 p99rtt=25ms) pop(q=0 f=1/16 p99rtt=47ms) custom(q=0 f=0/1 p99rtt=2ms) slots=23/25 jobs/s=620 drains=187965 evl=0ms
[2026-06-04 10:05:32.748] [info] [Worker 4] [libqueen] push(q=5 f=0/24 p99rtt=22ms) pop(q=0 f=0/16 p99rtt=38ms) custom(q=0 f=0/1 p99rtt=2ms) slots=25/25 jobs/s=582 drains=188136 evl=0ms
[2026-06-04 10:05:32.771] [info] [Worker 0] [libqueen] push(q=0 f=0/24 p99rtt=24ms) pop(q=0 f=0/16 p99rtt=41ms) custom(q=0 f=1/1 p99rtt=2ms) slots=24/25 jobs/s=575 drains=188718 evl=0ms
[2026-06-04 10:05:32.783] [info] [Worker 3] [libqueen] push(q=5 f=0/24 p99rtt=24ms) pop(q=0 f=0/16 p99rtt=40ms) custom(q=0 f=0/1 p99rtt=3ms) slots=25/25 jobs/s=588 drains=188278 evl=0ms
[2026-06-04 10:05:32.812] [info] [Worker 5] [libqueen] push(q=5 f=0/24 p99rtt=24ms) pop(q=0 f=0/16 p99rtt=48ms) custom(q=0 f=0/1 p99rtt=2ms) slots=25/25 jobs/s=582 drains=188961 evl=0ms
[2026-06-04 10:05:32.839] [info] [Worker 2] [libqueen] push(q=0 f=1/24 p99rtt=24ms) pop(q=0 f=0/16 p99rtt=44ms) custom(q=0 f=0/1 p99rtt=2ms) slots=24/25 jobs/s=552 drains=188532 evl=0ms
[2026-06-04 10:05:32.839] [info] [Worker 7] [libqueen] push(q=0 f=1/24 p99rtt=26ms) pop(q=0 f=0/16 p99rtt=49ms) custom(q=0 f=0/1 p99rtt=2ms) slots=24/25 jobs/s=564 drains=188404 evl=0ms
[2026-06-04 10:05:32.843] [info] [Worker 8] [libqueen] push(q=0 f=0/24 p99rtt=23ms) pop(q=0 f=0/16 p99rtt=43ms) custom(q=0 f=1/1 p99rtt=2ms) slots=24/25 jobs/s=563 drains=187607 evl=0ms
[2026-06-04 10:05:32.848] [info] [Worker 1] [libqueen] push(q=5 f=0/24 p99rtt=25ms) pop(q=0 f=0/16 p99rtt=50ms) custom(q=0 f=0/1 p99rtt=2ms) slots=25/25 jobs/s=547 drains=187979 evl=0ms
[2026-06-04 10:05:32.848] [info] [Worker 9] [libqueen] push(q=5 f=0/24 p99rtt=25ms) pop(q=0 f=0/16 p99rtt=43ms) custom(q=0 f=0/1 p99rtt=2ms) slots=25/25 jobs/s=582 drains=188288 evl=0ms
[2026-06-04 10:05:32.855] [info] [Worker 6] [libqueen] push(q=0 f=0/24 p99rtt=25ms) pop(q=0 f=0/16 p99rtt=47ms) custom(q=0 f=0/1 p99rtt=2ms) slots=25/25 jobs/s=582 drains=188759 evl=0ms
[2026-06-04 10:05:33.748] [info] [Worker 4] [libqueen] push(q=5 f=0/24 p99rtt=22ms) pop(q=0 f=0/16 p99rtt=38ms) custom(q=0 f=0/1 p99rtt=2ms) slots=25/25 jobs/s=600 drains=188961 evl=0ms
[2026-06-04 10:05:33.772] [info] [Worker 0] [libqueen] push(q=5 f=0/24 p99rtt=24ms) pop(q=0 f=0/16 p99rtt=41ms) custom(q=0 f=0/1 p99rtt=2ms) slots=25/25 jobs/s=601 drains=189549 evl=0ms
[2026-06-04 10:05:33.783] [info] [Worker 3] [libqueen] push(q=5 f=0/24 p99rtt=23ms) pop(q=0 f=0/16 p99rtt=40ms) custom(q=0 f=0/1 p99rtt=3ms) slots=25/25 jobs/s=588 drains=189085 evl=0ms
[2026-06-04 10:05:33.813] [info] [Worker 5] [libqueen] push(q=5 f=0/24 p99rtt=24ms) pop(q=0 f=0/16 p99rtt=48ms) custom(q=0 f=0/1 p99rtt=2ms) slots=25/25 jobs/s=594 drains=189782 evl=0ms
[2026-06-04 10:05:33.839] [info] [Worker 2] [libqueen] push(q=5 f=0/24 p99rtt=21ms) pop(q=0 f=0/16 p99rtt=44ms) custom(q=0 f=0/1 p99rtt=2ms) slots=25/25 jobs/s=594 drains=189357 evl=0ms
[2026-06-04 10:05:33.840] [info] [Worker 7] [libqueen] push(q=5 f=0/24 p99rtt=24ms) pop(q=0 f=0/16 p99rtt=49ms) custom(q=0 f=0/1 p99rtt=2ms) slots=25/25 jobs/s=594 drains=189237 evl=0ms
[2026-06-04 10:05:33.843] [info] [Worker 8] [libqueen] push(q=5 f=0/24 p99rtt=23ms) pop(q=0 f=0/16 p99rtt=43ms) custom(q=0 f=0/1 p99rtt=2ms) slots=25/25 jobs/s=607 drains=188442 evl=0ms
[2026-06-04 10:05:33.847] [info] [Worker 1] [libqueen] push(q=5 f=0/24 p99rtt=25ms) pop(q=1 f=0/16 p99rtt=50ms) custom(q=0 f=0/1 p99rtt=2ms) slots=25/25 jobs/s=584 drains=188771 evl=0ms
[2026-06-04 10:05:33.848] [info] [Worker 9] [libqueen] push(q=0 f=0/24 p99rtt=25ms) pop(q=0 f=0/16 p99rtt=43ms) custom(q=0 f=0/1 p99rtt=2ms) slots=25/25 jobs/s=612 drains=189112 evl=0ms
[2026-06-04 10:05:33.855] [info] [Worker 6] [libqueen] push(q=0 f=1/24 p99rtt=25ms) pop(q=0 f=1/16 p99rtt=47ms) custom(q=0 f=0/1 p99rtt=2ms) slots=23/25 jobs/s=604 drains=189583 evl=0ms
[2026-06-04 10:05:34.749] [info] [Worker 4] [libqueen] push(q=5 f=0/24 p99rtt=22ms) pop(q=0 f=0/16 p99rtt=38ms) custom(q=0 f=0/1 p99rtt=2ms) slots=25/25 jobs/s=615 drains=189802 evl=0ms
[2026-06-04 10:05:34.771] [info] [Worker 0] [libqueen] push(q=5 f=0/24 p99rtt=23ms) pop(q=0 f=0/16 p99rtt=41ms) custom(q=0 f=0/1 p99rtt=2ms) slots=25/25 jobs/s=604 drains=190359 evl=0ms
[2026-06-04 10:05:34.783] [info] [Worker 3] [libqueen] push(q=0 f=1/24 p99rtt=22ms) pop(q=0 f=0/16 p99rtt=40ms) custom(q=0 f=0/1 p99rtt=2ms) slots=24/25 jobs/s=602 drains=189899 evl=0ms
[2026-06-04 10:05:34.814] [info] [Worker 5] [libqueen] push(q=0 f=1/24 p99rtt=20ms) pop(q=0 f=0/16 p99rtt=48ms) custom(q=0 f=0/1 p99rtt=2ms) slots=24/25 jobs/s=618 drains=190638 evl=0ms
[2026-06-04 10:05:34.839] [info] [Worker 2] [libqueen] push(q=5 f=0/24 p99rtt=21ms) pop(q=0 f=0/16 p99rtt=44ms) custom(q=0 f=0/1 p99rtt=2ms) slots=25/25 jobs/s=614 drains=190205 evl=0ms
[2026-06-04 10:05:34.839] [info] [Worker 7] [libqueen] push(q=0 f=1/24 p99rtt=24ms) pop(q=0 f=0/16 p99rtt=49ms) custom(q=0 f=0/1 p99rtt=2ms) slots=24/25 jobs/s=603 drains=190078 evl=0ms
[2026-06-04 10:05:34.843] [info] [Worker 8] [libqueen] push(q=5 f=0/24 p99rtt=21ms) pop(q=0 f=0/16 p99rtt=42ms) custom(q=0 f=0/1 p99rtt=2ms) slots=25/25 jobs/s=609 drains=189280 evl=1ms
[2026-06-04 10:05:34.847] [info] [Worker 9] [libqueen] push(q=5 f=0/24 p99rtt=23ms) pop(q=0 f=0/16 p99rtt=43ms) custom(q=0 f=0/1 p99rtt=2ms) slots=25/25 jobs/s=593 drains=189932 evl=0ms
[2026-06-04 10:05:34.848] [info] [Worker 1] [libqueen] push(q=5 f=0/24 p99rtt=23ms) pop(q=0 f=0/16 p99rtt=50ms) custom(q=0 f=0/1 p99rtt=2ms) slots=25/25 jobs/s=607 drains=189627 evl=0ms
[2026-06-04 10:05:34.855] [info] [Worker 6] [libqueen] push(q=0 f=1/24 p99rtt=23ms) pop(q=0 f=0/16 p99rtt=47ms) custom(q=0 f=0/1 p99rtt=2ms) slots=24/25 jobs/s=624 drains=190438 evl=0ms
[2026-06-04 10:05:35.749] [info] [Worker 4] [libqueen] push(q=0 f=1/24 p99rtt=22ms) pop(q=0 f=0/16 p99rtt=38ms) custom(q=0 f=0/1 p99rtt=2ms) slots=24/25 jobs/s=564 drains=190567 evl=0ms
[2026-06-04 10:05:35.771] [info] [Worker 0] [libqueen] push(q=0 f=1/24 p99rtt=23ms) pop(q=0 f=0/16 p99rtt=41ms) custom(q=0 f=0/1 p99rtt=2ms) slots=24/25 jobs/s=577 drains=191157 evl=0ms
[2026-06-04 10:05:35.783] [info] [Worker 3] [libqueen] push(q=0 f=1/24 p99rtt=22ms) pop(q=0 f=0/16 p99rtt=40ms) custom(q=0 f=0/1 p99rtt=2ms) slots=24/25 jobs/s=558 drains=190613 evl=0ms
[2026-06-04 10:05:35.813] [info] [Worker 5] [libqueen] push(q=5 f=0/24 p99rtt=20ms) pop(q=0 f=0/16 p99rtt=48ms) custom(q=0 f=0/1 p99rtt=2ms) slots=25/25 jobs/s=588 drains=191453 evl=0ms
[2026-06-04 10:05:35.839] [info] [Worker 2] [libqueen] push(q=5 f=0/24 p99rtt=20ms) pop(q=0 f=0/16 p99rtt=44ms) custom(q=0 f=0/1 p99rtt=2ms) slots=25/25 jobs/s=571 drains=190999 evl=0ms
[2026-06-04 10:05:35.840] [info] [Worker 7] [libqueen] push(q=0 f=1/24 p99rtt=24ms) pop(q=0 f=0/16 p99rtt=49ms) custom(q=0 f=0/1 p99rtt=2ms) slots=24/25 jobs/s=564 drains=190860 evl=0ms
[2026-06-04 10:05:35.842] [info] [Worker 8] [libqueen] push(q=5 f=0/24 p99rtt=20ms) pop(q=0 f=0/16 p99rtt=42ms) custom(q=0 f=0/1 p99rtt=2ms) slots=25/25 jobs/s=576 drains=190089 evl=0ms
[2026-06-04 10:05:35.847] [info] [Worker 1] [libqueen] push(q=0 f=0/24 p99rtt=24ms) pop(q=0 f=0/16 p99rtt=50ms) custom(q=0 f=1/1 p99rtt=2ms) slots=24/25 jobs/s=575 drains=190405 evl=0ms
[2026-06-04 10:05:35.848] [info] [Worker 9] [libqueen] push(q=2 f=0/24 p99rtt=23ms) pop(q=0 f=0/16 p99rtt=40ms) custom(q=0 f=0/1 p99rtt=2ms) slots=25/25 jobs/s=570 drains=190687 evl=0ms
[2026-06-04 10:05:35.854] [info] [Worker 6] [libqueen] push(q=0 f=0/24 p99rtt=23ms) pop(q=0 f=0/16 p99rtt=47ms) custom(q=0 f=1/1 p99rtt=2ms) slots=24/25 jobs/s=582 drains=191230 evl=0ms
[2026-06-04 10:05:36.749] [info] [Worker 4] [libqueen] push(q=5 f=0/24 p99rtt=21ms) pop(q=0 f=0/16 p99rtt=38ms) custom(q=0 f=0/1 p99rtt=2ms) slots=25/25 jobs/s=612 drains=191410 evl=0ms
[2026-06-04 10:05:36.772] [info] [Worker 0] [libqueen] push(q=5 f=0/24 p99rtt=23ms) pop(q=0 f=0/16 p99rtt=41ms) custom(q=0 f=0/1 p99rtt=2ms) slots=25/25 jobs/s=624 drains=192014 evl=0ms
[2026-06-04 10:05:36.783] [info] [Worker 3] [libqueen] push(q=5 f=0/24 p99rtt=22ms) pop(q=0 f=0/16 p99rtt=40ms) custom(q=0 f=0/1 p99rtt=1ms) slots=25/25 jobs/s=624 drains=191448 evl=0ms
[2026-06-04 10:05:36.814] [info] [Worker 5] [libqueen] push(q=0 f=1/24 p99rtt=20ms) pop(q=0 f=0/16 p99rtt=48ms) custom(q=0 f=0/1 p99rtt=2ms) slots=24/25 jobs/s=606 drains=192291 evl=0ms
[2026-06-04 10:05:36.838] [info] [Worker 2] [libqueen] push(q=5 f=0/24 p99rtt=21ms) pop(q=0 f=0/16 p99rtt=44ms) custom(q=0 f=0/1 p99rtt=2ms) slots=25/25 jobs/s=606 drains=191830 evl=0ms
[2026-06-04 10:05:36.840] [info] [Worker 7] [libqueen] push(q=5 f=0/24 p99rtt=23ms) pop(q=0 f=0/16 p99rtt=49ms) custom(q=0 f=0/1 p99rtt=2ms) slots=25/25 jobs/s=612 drains=191694 evl=0ms
[2026-06-04 10:05:36.843] [info] [Worker 8] [libqueen] push(q=0 f=1/24 p99rtt=20ms) pop(q=0 f=0/16 p99rtt=42ms) custom(q=0 f=0/1 p99rtt=2ms) slots=24/25 jobs/s=612 drains=190919 evl=0ms
[2026-06-04 10:05:36.848] [info] [Worker 9] [libqueen] push(q=5 f=0/24 p99rtt=23ms) pop(q=0 f=0/16 p99rtt=40ms) custom(q=0 f=0/1 p99rtt=2ms) slots=25/25 jobs/s=618 drains=191555 evl=0ms
[2026-06-04 10:05:36.848] [info] [Worker 1] [libqueen] push(q=0 f=1/24 p99rtt=24ms) pop(q=0 f=0/16 p99rtt=50ms) custom(q=0 f=0/1 p99rtt=2ms) slots=24/25 jobs/s=607 drains=191237 evl=0ms
[2026-06-04 10:05:36.854] [info] [Worker 6] [libqueen] push(q=0 f=0/24 p99rtt=23ms) pop(q=0 f=0/16 p99rtt=47ms) custom(q=0 f=1/1 p99rtt=2ms) slots=24/25 jobs/s=618 drains=192058 evl=0ms
[2026-06-04 10:05:37.748] [info] [Worker 4] [libqueen] push(q=5 f=0/24 p99rtt=21ms) pop(q=0 f=0/16 p99rtt=38ms) custom(q=0 f=0/1 p99rtt=2ms) slots=25/25 jobs/s=624 drains=192243 evl=0ms
[2026-06-04 10:05:37.772] [info] [Worker 0] [libqueen] push(q=5 f=0/24 p99rtt=23ms) pop(q=0 f=0/16 p99rtt=41ms) custom(q=0 f=0/1 p99rtt=2ms) slots=25/25 jobs/s=618 drains=192872 evl=0ms
[2026-06-04 10:05:37.783] [info] [Worker 3] [libqueen] push(q=5 f=0/24 p99rtt=22ms) pop(q=0 f=0/16 p99rtt=40ms) custom(q=0 f=0/1 p99rtt=1ms) slots=25/25 jobs/s=612 drains=192290 evl=0ms
[2026-06-04 10:05:37.814] [info] [Worker 5] [libqueen] push(q=5 f=0/24 p99rtt=20ms) pop(q=0 f=0/16 p99rtt=48ms) custom(q=0 f=0/1 p99rtt=1ms) slots=25/25 jobs/s=624 drains=193181 evl=0ms
[2026-06-04 10:05:37.838] [info] [Worker 2] [libqueen] push(q=0 f=0/24 p99rtt=21ms) pop(q=0 f=0/16 p99rtt=44ms) custom(q=0 f=1/1 p99rtt=2ms) slots=24/25 jobs/s=617 drains=192689 evl=0ms
[2026-06-04 10:05:37.840] [info] [Worker 7] [libqueen] push(q=2 f=0/24 p99rtt=23ms) pop(q=0 f=0/16 p99rtt=49ms) custom(q=0 f=0/1 p99rtt=1ms) slots=25/25 jobs/s=606 drains=192549 evl=0ms
[2026-06-04 10:05:37.843] [info] [Worker 8] [libqueen] push(q=5 f=0/24 p99rtt=21ms) pop(q=0 f=0/16 p99rtt=42ms) custom(q=0 f=0/1 p99rtt=2ms) slots=25/25 jobs/s=630 drains=191782 evl=0ms
[2026-06-04 10:05:37.848] [info] [Worker 9] [libqueen] push(q=0 f=1/24 p99rtt=23ms) pop(q=0 f=0/16 p99rtt=40ms) custom(q=0 f=0/1 p99rtt=1ms) slots=24/25 jobs/s=612 drains=192403 evl=0ms
[2026-06-04 10:05:37.848] [info] [Worker 1] [libqueen] push(q=0 f=1/24 p99rtt=23ms) pop(q=0 f=0/16 p99rtt=50ms) custom(q=0 f=0/1 p99rtt=2ms) slots=24/25 jobs/s=624 drains=192111 evl=0ms
[2026-06-04 10:05:37.855] [info] [Worker 6] [libqueen] push(q=5 f=0/24 p99rtt=22ms) pop(q=0 f=0/16 p99rtt=47ms) custom(q=0 f=0/1 p99rtt=1ms) slots=25/25 jobs/s=619 drains=192929 evl=0ms
[2026-06-04 10:05:38.749] [info] [Worker 4] [libqueen] push(q=0 f=1/24 p99rtt=21ms) pop(q=0 f=0/16 p99rtt=38ms) custom(q=0 f=0/1 p99rtt=1ms) slots=24/25 jobs/s=564 drains=193016 evl=0ms
[2026-06-04 10:05:38.771] [info] [Worker 0] [libqueen] push(q=4 f=0/24 p99rtt=23ms) pop(q=0 f=0/16 p99rtt=41ms) custom(q=0 f=0/1 p99rtt=2ms) slots=25/25 jobs/s=588 drains=193672 evl=0ms
[2026-06-04 10:05:38.782] [info] [Worker 3] [libqueen] push(q=2 f=0/24 p99rtt=23ms) pop(q=0 f=0/16 p99rtt=40ms) custom(q=0 f=0/1 p99rtt=1ms) slots=25/25 jobs/s=582 drains=193090 evl=0ms
[2026-06-04 10:05:38.814] [info] [Worker 5] [libqueen] push(q=5 f=0/24 p99rtt=20ms) pop(q=0 f=0/16 p99rtt=48ms) custom(q=0 f=0/1 p99rtt=2ms) slots=25/25 jobs/s=570 drains=193977 evl=0ms
[2026-06-04 10:05:38.839] [info] [Worker 2] [libqueen] push(q=0 f=0/24 p99rtt=21ms) pop(q=0 f=0/16 p99rtt=44ms) custom(q=0 f=0/1 p99rtt=2ms) slots=25/25 jobs/s=565 drains=193478 evl=0ms
[2026-06-04 10:05:38.841] [info] [Worker 7] [libqueen] push(q=0 f=0/24 p99rtt=23ms) pop(q=0 f=0/16 p99rtt=49ms) custom(q=0 f=0/1 p99rtt=1ms) slots=25/25 jobs/s=564 drains=193321 evl=0ms
[2026-06-04 10:05:38.843] [info] [Worker 8] [libqueen] push(q=5 f=0/24 p99rtt=21ms) pop(q=0 f=0/16 p99rtt=42ms) custom(q=0 f=0/1 p99rtt=1ms) slots=25/25 jobs/s=570 drains=192570 evl=0ms
[2026-06-04 10:05:38.848] [info] [Worker 9] [libqueen] push(q=5 f=0/24 p99rtt=23ms) pop(q=0 f=0/16 p99rtt=40ms) custom(q=0 f=0/1 p99rtt=1ms) slots=25/25 jobs/s=582 drains=193180 evl=0ms
[2026-06-04 10:05:38.849] [info] [Worker 1] [libqueen] push(q=0 f=0/24 p99rtt=24ms) pop(q=0 f=0/16 p99rtt=50ms) custom(q=0 f=1/1 p99rtt=1ms) slots=24/25 jobs/s=563 drains=192884 evl=0ms
[2026-06-04 10:05:38.856] [info] [Worker 6] [libqueen] push(q=0 f=1/24 p99rtt=22ms) pop(q=0 f=0/16 p99rtt=47ms) custom(q=0 f=0/1 p99rtt=1ms) slots=24/25 jobs/s=570 drains=193719 evl=0ms
[2026-06-04 10:05:39.749] [info] [Worker 4] [libqueen] push(q=5 f=0/24 p99rtt=21ms) pop(q=0 f=0/16 p99rtt=38ms) custom(q=0 f=0/1 p99rtt=1ms) slots=25/25 jobs/s=612 drains=193867 evl=0ms
[2026-06-04 10:05:39.772] [info] [Worker 0] [libqueen] push(q=5 f=0/24 p99rtt=22ms) pop(q=0 f=0/16 p99rtt=41ms) custom(q=0 f=0/1 p99rtt=1ms) slots=25/25 jobs/s=612 drains=194509 evl=0ms
[2026-06-04 10:05:39.783] [info] [Worker 3] [libqueen] push(q=5 f=0/24 p99rtt=23ms) pop(q=0 f=0/16 p99rtt=40ms) custom(q=0 f=0/1 p99rtt=1ms) slots=25/25 jobs/s=612 drains=193950 evl=0ms
[2026-06-04 10:05:39.814] [info] [Worker 5] [libqueen] push(q=5 f=0/24 p99rtt=20ms) pop(q=0 f=0/16 p99rtt=48ms) custom(q=0 f=0/1 p99rtt=2ms) slots=25/25 jobs/s=618 drains=194834 evl=0ms
[2026-06-04 10:05:39.839] [info] [Worker 2] [libqueen] push(q=5 f=0/24 p99rtt=21ms) pop(q=0 f=0/16 p99rtt=44ms) custom(q=0 f=0/1 p99rtt=2ms) slots=25/25 jobs/s=630 drains=194348 evl=0ms
[2026-06-04 10:05:39.841] [info] [Worker 7] [libqueen] push(q=5 f=0/24 p99rtt=23ms) pop(q=0 f=0/16 p99rtt=49ms) custom(q=0 f=0/1 p99rtt=1ms) slots=25/25 jobs/s=612 drains=194185 evl=0ms
[2026-06-04 10:05:39.844] [info] [Worker 8] [libqueen] push(q=0 f=1/24 p99rtt=21ms) pop(q=0 f=0/16 p99rtt=42ms) custom(q=0 f=0/1 p99rtt=1ms) slots=24/25 jobs/s=612 drains=193423 evl=0ms
[2026-06-04 10:05:39.848] [info] [Worker 9] [libqueen] push(q=5 f=0/24 p99rtt=23ms) pop(q=0 f=0/16 p99rtt=40ms) custom(q=0 f=0/1 p99rtt=1ms) slots=25/25 jobs/s=630 drains=194030 evl=0ms
[2026-06-04 10:05:39.849] [info] [Worker 1] [libqueen] push(q=0 f=1/24 p99rtt=24ms) pop(q=0 f=0/16 p99rtt=50ms) custom(q=0 f=0/1 p99rtt=1ms) slots=24/25 jobs/s=607 drains=193720 evl=0ms
[2026-06-04 10:05:39.857] [info] [Worker 6] [libqueen] push(q=5 f=0/24 p99rtt=22ms) pop(q=0 f=0/16 p99rtt=47ms) custom(q=0 f=0/1 p99rtt=1ms) slots=25/25 jobs/s=630 drains=194571 evl=0ms
[2026-06-04 10:05:40.148] [info] StatsService: Running full reconciliation (stats leader, hostname=c932ee286edc)
[2026-06-04 10:05:40.749] [info] [Worker 4] [libqueen] push(q=0 f=1/24 p99rtt=21ms) pop(q=0 f=0/16 p99rtt=38ms) custom(q=0 f=0/1 p99rtt=1ms) slots=24/25 jobs/s=594 drains=194695 evl=0ms
[2026-06-04 10:05:40.771] [info] [Worker 0] [libqueen] push(q=5 f=0/24 p99rtt=21ms) pop(q=0 f=0/16 p99rtt=41ms) custom(q=0 f=0/1 p99rtt=1ms) slots=25/25 jobs/s=594 drains=195341 evl=0ms
[2026-06-04 10:05:40.782] [info] [Worker 3] [libqueen] push(q=0 f=0/24 p99rtt=22ms) pop(q=0 f=0/16 p99rtt=40ms) custom(q=0 f=0/1 p99rtt=1ms) slots=25/25 jobs/s=588 drains=194757 evl=0ms
[2026-06-04 10:05:40.814] [info] [Worker 5] [libqueen] push(q=0 f=1/24 p99rtt=20ms) pop(q=0 f=0/16 p99rtt=48ms) custom(q=0 f=0/1 p99rtt=2ms) slots=24/25 jobs/s=594 drains=195661 evl=0ms
[2026-06-04 10:05:40.839] [info] [Worker 2] [libqueen] push(q=5 f=0/24 p99rtt=21ms) pop(q=0 f=0/16 p99rtt=44ms) custom(q=0 f=0/1 p99rtt=1ms) slots=25/25 jobs/s=594 drains=195187 evl=0ms
[2026-06-04 10:05:40.842] [info] [Worker 7] [libqueen] push(q=5 f=0/24 p99rtt=23ms) pop(q=0 f=0/16 p99rtt=48ms) custom(q=0 f=0/1 p99rtt=1ms) slots=25/25 jobs/s=588 drains=194971 evl=0ms
[2026-06-04 10:05:40.844] [info] [Worker 8] [libqueen] push(q=0 f=0/24 p99rtt=21ms) pop(q=0 f=0/16 p99rtt=42ms) custom(q=0 f=0/1 p99rtt=1ms) slots=25/25 jobs/s=594 drains=194245 evl=0ms
[2026-06-04 10:05:40.847] [info] [Worker 9] [libqueen] push(q=0 f=0/24 p99rtt=23ms) pop(q=0 f=0/16 p99rtt=40ms) custom(q=0 f=1/1 p99rtt=1ms) slots=24/25 jobs/s=605 drains=194854 evl=0ms
[2026-06-04 10:05:40.849] [info] [Worker 1] [libqueen] push(q=5 f=0/24 p99rtt=23ms) pop(q=0 f=0/16 p99rtt=50ms) custom(q=0 f=0/1 p99rtt=1ms) slots=25/25 jobs/s=600 drains=194545 evl=0ms
[2026-06-04 10:05:40.857] [info] [Worker 6] [libqueen] push(q=5 f=0/24 p99rtt=21ms) pop(q=0 f=0/16 p99rtt=47ms) custom(q=0 f=0/1 p99rtt=1ms) slots=25/25 jobs/s=576 drains=195341 evl=0ms
[2026-06-04 10:05:41.749] [info] [Worker 4] [libqueen] push(q=0 f=1/24 p99rtt=22ms) pop(q=0 f=0/16 p99rtt=38ms) custom(q=0 f=0/1 p99rtt=1ms) slots=24/25 jobs/s=606 drains=195530 evl=0ms
[2026-06-04 10:05:41.772] [info] [Worker 0] [libqueen] push(q=0 f=1/24 p99rtt=21ms) pop(q=0 f=0/16 p99rtt=41ms) custom(q=0 f=0/1 p99rtt=1ms) slots=24/25 jobs/s=594 drains=196154 evl=0ms
[2026-06-04 10:05:41.782] [info] [Worker 3] [libqueen] push(q=0 f=1/24 p99rtt=23ms) pop(q=0 f=0/16 p99rtt=40ms) custom(q=0 f=0/1 p99rtt=1ms) slots=24/25 jobs/s=570 drains=195523 evl=0ms
[2026-06-04 10:05:41.814] [info] [Worker 5] [libqueen] push(q=0 f=1/24 p99rtt=21ms) pop(q=0 f=0/16 p99rtt=48ms) custom(q=0 f=0/1 p99rtt=2ms) slots=24/25 jobs/s=570 drains=196454 evl=0ms
[2026-06-04 10:05:41.839] [info] [Worker 2] [libqueen] push(q=5 f=0/24 p99rtt=23ms) pop(q=0 f=0/16 p99rtt=44ms) custom(q=0 f=0/1 p99rtt=1ms) slots=25/25 jobs/s=564 drains=195992 evl=0ms
[2026-06-04 10:05:41.842] [info] [Worker 7] [libqueen] push(q=5 f=0/24 p99rtt=23ms) pop(q=0 f=0/16 p99rtt=48ms) custom(q=0 f=0/1 p99rtt=2ms) slots=25/25 jobs/s=558 drains=195732 evl=0ms
[2026-06-04 10:05:41.844] [info] [Worker 8] [libqueen] push(q=5 f=0/24 p99rtt=22ms) pop(q=0 f=0/16 p99rtt=42ms) custom(q=0 f=0/1 p99rtt=1ms) slots=25/25 jobs/s=570 drains=195044 evl=0ms
[2026-06-04 10:05:41.848] [info] [Worker 9] [libqueen] push(q=4 f=0/24 p99rtt=23ms) pop(q=0 f=0/16 p99rtt=40ms) custom(q=0 f=0/1 p99rtt=1ms) slots=25/25 jobs/s=565 drains=195637 evl=0ms
[2026-06-04 10:05:41.848] [info] [Worker 1] [libqueen] push(q=0 f=0/24 p99rtt=23ms) pop(q=0 f=0/16 p99rtt=50ms) custom(q=0 f=0/1 p99rtt=1ms) slots=25/25 jobs/s=582 drains=195358 evl=0ms
[2026-06-04 10:05:41.858] [info] [Worker 6] [libqueen] push(q=0 f=1/24 p99rtt=21ms) pop(q=0 f=0/16 p99rtt=47ms) custom(q=0 f=0/1 p99rtt=1ms) slots=24/25 jobs/s=555 drains=196094 evl=0ms
[2026-06-04 10:05:42.749] [info] [Worker 4] [libqueen] push(q=5 f=0/24 p99rtt=21ms) pop(q=0 f=0/16 p99rtt=38ms) custom(q=0 f=0/1 p99rtt=1ms) slots=25/25 jobs/s=612 drains=196378 evl=0ms
[2026-06-04 10:05:42.772] [info] [Worker 0] [libqueen] push(q=5 f=0/24 p99rtt=21ms) pop(q=0 f=0/16 p99rtt=41ms) custom(q=0 f=0/1 p99rtt=1ms) slots=25/25 jobs/s=588 drains=196963 evl=0ms
[2026-06-04 10:05:42.783] [info] [Worker 3] [libqueen] push(q=0 f=1/24 p99rtt=22ms) pop(q=0 f=0/16 p99rtt=40ms) custom(q=0 f=0/1 p99rtt=1ms) slots=24/25 jobs/s=594 drains=196328 evl=0ms
[2026-06-04 10:05:42.814] [info] [Worker 5] [libqueen] push(q=5 f=0/24 p99rtt=20ms) pop(q=0 f=0/16 p99rtt=48ms) custom(q=0 f=0/1 p99rtt=2ms) slots=25/25 jobs/s=582 drains=197286 evl=0ms
[2026-06-04 10:05:42.838] [info] [Worker 2] [libqueen] push(q=0 f=0/24 p99rtt=21ms) pop(q=0 f=0/16 p99rtt=44ms) custom(q=0 f=0/1 p99rtt=1ms) slots=25/25 jobs/s=606 drains=196831 evl=0ms
[2026-06-04 10:05:42.842] [info] [Worker 7] [libqueen] push(q=5 f=0/24 p99rtt=23ms) pop(q=0 f=0/16 p99rtt=48ms) custom(q=0 f=0/1 p99rtt=2ms) slots=25/25 jobs/s=564 drains=196509 evl=0ms
[2026-06-04 10:05:42.844] [info] [Worker 8] [libqueen] push(q=5 f=0/24 p99rtt=22ms) pop(q=0 f=0/16 p99rtt=42ms) custom(q=0 f=0/1 p99rtt=1ms) slots=25/25 jobs/s=594 drains=195892 evl=0ms
[2026-06-04 10:05:42.847] [info] [Worker 9] [libqueen] push(q=0 f=1/24 p99rtt=21ms) pop(q=0 f=0/16 p99rtt=40ms) custom(q=0 f=0/1 p99rtt=1ms) slots=24/25 jobs/s=564 drains=196403 evl=0ms
[2026-06-04 10:05:42.849] [info] [Worker 1] [libqueen] push(q=0 f=1/24 p99rtt=23ms) pop(q=0 f=0/16 p99rtt=50ms) custom(q=0 f=0/1 p99rtt=2ms) slots=24/25 jobs/s=570 drains=196135 evl=0ms
[2026-06-04 10:05:42.858] [info] [Worker 6] [libqueen] push(q=0 f=1/24 p99rtt=21ms) pop(q=0 f=0/16 p99rtt=47ms) custom(q=0 f=0/1 p99rtt=1ms) slots=24/25 jobs/s=564 drains=196846 evl=0ms
[2026-06-04 10:05:43.748] [info] [Worker 4] [libqueen] push(q=0 f=1/24 p99rtt=21ms) pop(q=0 f=0/16 p99rtt=38ms) custom(q=0 f=0/1 p99rtt=1ms) slots=24/25 jobs/s=534 drains=197127 evl=0ms
[2026-06-04 10:05:43.772] [info] [Worker 0] [libqueen] push(q=0 f=1/24 p99rtt=20ms) pop(q=0 f=0/16 p99rtt=41ms) custom(q=0 f=0/1 p99rtt=2ms) slots=24/25 jobs/s=498 drains=197627 evl=0ms
[2026-06-04 10:05:43.783] [info] [Worker 3] [libqueen] push(q=0 f=1/24 p99rtt=22ms) pop(q=0 f=0/16 p99rtt=40ms) custom(q=0 f=0/1 p99rtt=2ms) slots=24/25 jobs/s=522 drains=197047 evl=0ms
[2026-06-04 10:05:43.813] [info] [Worker 5] [libqueen] push(q=5 f=0/24 p99rtt=21ms) pop(q=0 f=0/16 p99rtt=48ms) custom(q=0 f=0/1 p99rtt=2ms) slots=25/25 jobs/s=510 drains=198032 evl=0ms
[2026-06-04 10:05:43.839] [info] [Worker 2] [libqueen] push(q=5 f=0/24 p99rtt=21ms) pop(q=0 f=0/16 p99rtt=44ms) custom(q=0 f=0/1 p99rtt=1ms) slots=25/25 jobs/s=498 drains=197547 evl=0ms
[2026-06-04 10:05:43.842] [info] [Worker 7] [libqueen] push(q=5 f=0/24 p99rtt=23ms) pop(q=0 f=0/16 p99rtt=48ms) custom(q=0 f=0/1 p99rtt=2ms) slots=25/25 jobs/s=474 drains=197160 evl=0ms
[2026-06-04 10:05:43.844] [info] [Worker 8] [libqueen] push(q=5 f=0/24 p99rtt=22ms) pop(q=0 f=0/16 p99rtt=42ms) custom(q=0 f=0/1 p99rtt=1ms) slots=25/25 jobs/s=522 drains=196630 evl=0ms
[2026-06-04 10:05:43.847] [info] [Worker 9] [libqueen] push(q=5 f=0/24 p99rtt=21ms) pop(q=0 f=0/16 p99rtt=39ms) custom(q=0 f=0/1 p99rtt=2ms) slots=25/25 jobs/s=504 drains=197083 evl=0ms
[2026-06-04 10:05:43.848] [info] [Worker 1] [libqueen] push(q=0 f=1/24 p99rtt=23ms) pop(q=0 f=0/16 p99rtt=50ms) custom(q=0 f=0/1 p99rtt=2ms) slots=24/25 jobs/s=498 drains=196824 evl=0ms
[2026-06-04 10:05:43.859] [info] [Worker 6] [libqueen] push(q=0 f=1/24 p99rtt=20ms) pop(q=0 f=0/16 p99rtt=47ms) custom(q=0 f=0/1 p99rtt=1ms) slots=24/25 jobs/s=510 drains=197516 evl=0ms
[2026-06-04 10:05:43.861] [info] QPOP: Connection aborted for 0ad1b315-c220-4ede-a44e-b8778e5b553f
[2026-06-04 10:05:43.941] [info] QPOP: Connection aborted for 79c0dd1e-c610-4d93-aaa6-fa8e3f6af505
[2026-06-04 10:05:43.947] [info] QPOP: Connection aborted for 154d13de-5589-4e76-8bdc-278cb24cb273
[2026-06-04 10:05:43.965] [info] QPOP: Connection aborted for 927600f7-695f-4aa5-9d3e-98bf1cab2b18
[2026-06-04 10:05:43.969] [info] QPOP: Connection aborted for 2b54e4bd-48b2-4b87-98c3-9ca08d3b074c
[2026-06-04 10:05:43.985] [info] QPOP: Connection aborted for 060c3ec2-ff60-439a-b2f4-334dbd5a2b89
[2026-06-04 10:05:43.994] [info] StatsService: Full reconciliation complete: {"task": {"tasksUpdated": 0}, "queue": {"queuesUpdated": 10}, "system": {"systemUpdated": 1}, "cleanup": {"orphanedDeleted": 0}, "namespace": {"namespacesUpdated": 0}, "partition": {"newPartitions": 302, "partitionsUpdated": 1218, "dirtyPartitionsScanned": 9708, "partitionsSkippedByWatermark": 10}}
[2026-06-04 10:05:43.994] [info] StatsService: cycle completed in 3846ms
[2026-06-04 10:05:43.996] [info] QPOP: Connection aborted for d8982bb3-0f8d-4a2d-98d0-d490d8dc7274
[2026-06-04 10:05:44.011] [info] QPOP: Connection aborted for 5019849a-2737-4199-ac9c-8c3496186bec
[2026-06-04 10:05:44.013] [info] QPOP: Connection aborted for cec32327-6702-4d8e-ba55-e360bfadeb88
[2026-06-04 10:05:44.013] [info] QPOP: Connection aborted for b83af9ae-0b4c-4dd6-8eb3-abc739788c79
[2026-06-04 10:05:44.013] [info] QPOP: Connection aborted for 4b471177-3e52-4872-87da-e7285dd85c4f
[2026-06-04 10:05:44.013] [info] QPOP: Connection aborted for 8f387118-5b27-4cde-8a41-83407f380a83
[2026-06-04 10:05:44.013] [info] QPOP: Connection aborted for 667eb2a2-a2a5-43c3-a9ec-c6f1a8342bec
[2026-06-04 10:05:44.015] [info] QPOP: Connection aborted for faa6d8b5-d821-41ef-8bb3-f10df8d22d3f
[2026-06-04 10:05:44.015] [info] QPOP: Connection aborted for a9bfab6b-dad3-4425-a572-36fc263e3aaa
[2026-06-04 10:05:44.015] [info] QPOP: Connection aborted for 3420b15d-5c5c-43ff-93ae-3671ce33e531
[2026-06-04 10:05:44.034] [info] QPOP: Connection aborted for e88f527f-9944-4c4f-95e1-50d2a0fc30b6
[2026-06-04 10:05:44.045] [info] QPOP: Connection aborted for ba1827d6-3836-466f-abe3-aba10cdf627b
[2026-06-04 10:05:44.046] [info] QPOP: Connection aborted for 1d20252d-c85a-47bb-802e-908ff39e66dd
[2026-06-04 10:05:44.048] [info] QPOP: Connection aborted for 443eefca-6787-4b81-8dab-29b007e2e8f4
[2026-06-04 10:05:44.048] [info] QPOP: Connection aborted for a1c95683-c572-4f23-83a3-a6e0a167a234
[2026-06-04 10:05:44.061] [info] QPOP: Connection aborted for 9976c3eb-3765-4b01-8b43-2afa48090508
[2026-06-04 10:05:44.062] [info] QPOP: Connection aborted for 34db6060-6259-4a81-9385-910980beaf0c
[2026-06-04 10:05:44.065] [info] QPOP: Connection aborted for 8005150e-76c9-47c9-b670-98d5c453a765
[2026-06-04 10:05:44.065] [info] QPOP: Connection aborted for 11d8808a-137e-42c5-942d-c4f2d13267e9
[2026-06-04 10:05:44.081] [info] QPOP: Connection aborted for b452739e-9a5a-4a52-974b-622d93546eb2
[2026-06-04 10:05:44.081] [info] QPOP: Connection aborted for 2ba28dcd-0bb6-4f57-af41-2deee770ab82
[2026-06-04 10:05:44.081] [info] QPOP: Connection aborted for 1cd05833-d8ef-4428-a42b-2a4106b16d11
[2026-06-04 10:05:44.085] [info] QPOP: Connection aborted for cfac5665-86d6-4f69-a5b8-c928ccf7e4e2
[2026-06-04 10:05:44.092] [info] QPOP: Connection aborted for 16f6415c-e421-4bb7-9fd0-04f0e8a86db1
[2026-06-04 10:05:44.098] [info] QPOP: Connection aborted for 22dad6d3-222f-444b-ae48-1fe7ebfa529c
[2026-06-04 10:05:44.098] [info] QPOP: Connection aborted for 2f030057-dcc6-4129-bcfd-b0c84b5381f7
[2026-06-04 10:05:44.099] [info] QPOP: Connection aborted for 1ab60def-724a-423c-b5ef-8e2e132525d5
[2026-06-04 10:05:44.104] [info] QPOP: Connection aborted for a436d153-e454-4a2a-9324-160a1b91806e
[2026-06-04 10:05:44.105] [info] QPOP: Connection aborted for e2880704-ab23-42f9-b423-3dd98e4b6d6f
[2026-06-04 10:05:44.116] [info] QPOP: Connection aborted for 18867b62-ddcd-49f2-9deb-7c68d86d45f2
[2026-06-04 10:05:44.130] [info] QPOP: Connection aborted for 4bb79597-a1d0-40d2-8969-5f48791a21bc
[2026-06-04 10:05:44.134] [info] QPOP: Connection aborted for bc52d6d4-d4ea-4009-ab7d-67599fc7bfa1
[2026-06-04 10:05:44.134] [info] QPOP: Connection aborted for 9bb2ce47-5d29-48d7-93ac-f1db45478c16
[2026-06-04 10:05:44.146] [info] QPOP: Connection aborted for 6e668004-9732-4490-8e85-e99a07df5927
[2026-06-04 10:05:44.164] [info] QPOP: Connection aborted for 1417e4e1-45ec-4d92-976b-0d178bef6cb1
[2026-06-04 10:05:44.181] [info] QPOP: Connection aborted for 37a8b0fb-4fb5-4824-a54c-37a81c273614
[2026-06-04 10:05:44.181] [info] QPOP: Connection aborted for d85c3104-5e1f-4519-b4de-f692efab1691
[2026-06-04 10:05:44.197] [info] QPOP: Connection aborted for 3911b8bf-2418-4ed9-8de6-d1e15ed2d486
[2026-06-04 10:05:44.207] [info] QPOP: Connection aborted for 78b60d2a-f03f-495c-8df9-6d7d36cd3d63
[2026-06-04 10:05:44.208] [info] QPOP: Connection aborted for 233c573f-2593-4b02-b67e-6747b592340d
[2026-06-04 10:05:44.235] [info] QPOP: Connection aborted for 01ad89bc-b9b0-4eb5-a053-848cf99e016b
[2026-06-04 10:05:44.749] [info] [Worker 4] [libqueen] push(q=5 f=0/24 p99rtt=22ms) pop(q=0 f=0/16 p99rtt=38ms) custom(q=0 f=0/1 p99rtt=1ms) slots=25/25 jobs/s=598 drains=197959 evl=0ms
[2026-06-04 10:05:44.772] [info] [Worker 0] [libqueen] push(q=5 f=0/24 p99rtt=21ms) pop(q=0 f=0/16 p99rtt=41ms) custom(q=0 f=0/1 p99rtt=2ms) slots=25/25 jobs/s=613 drains=198483 evl=0ms
[2026-06-04 10:05:44.783] [info] [Worker 3] [libqueen] push(q=5 f=0/24 p99rtt=22ms) pop(q=0 f=0/16 p99rtt=38ms) custom(q=0 f=0/1 p99rtt=2ms) slots=25/25 jobs/s=618 drains=197892 evl=0ms
[2026-06-04 10:05:44.814] [info] [Worker 5] [libqueen] push(q=0 f=1/24 p99rtt=21ms) pop(q=0 f=0/16 p99rtt=48ms) custom(q=0 f=0/1 p99rtt=2ms) slots=24/25 jobs/s=594 drains=198875 evl=0ms
[2026-06-04 10:05:44.838] [info] [Worker 2] [libqueen] push(q=5 f=0/24 p99rtt=21ms) pop(q=0 f=0/16 p99rtt=44ms) custom(q=0 f=0/1 p99rtt=1ms) slots=25/25 jobs/s=579 drains=198358 evl=0ms
[2026-06-04 10:05:44.842] [info] [Worker 7] [libqueen] push(q=4 f=0/24 p99rtt=23ms) pop(q=0 f=0/16 p99rtt=48ms) custom(q=0 f=0/1 p99rtt=2ms) slots=25/25 jobs/s=612 drains=198000 evl=0ms
[2026-06-04 10:05:44.843] [info] [Worker 8] [libqueen] push(q=0 f=0/24 p99rtt=22ms) pop(q=0 f=0/16 p99rtt=42ms) custom(q=0 f=0/1 p99rtt=1ms) slots=25/25 jobs/s=588 drains=197456 evl=0ms
[2026-06-04 10:05:44.848] [info] [Worker 9] [libqueen] push(q=5 f=0/24 p99rtt=19ms) pop(q=0 f=0/16 p99rtt=39ms) custom(q=0 f=0/1 p99rtt=2ms) slots=25/25 jobs/s=594 drains=197888 evl=0ms
[2026-06-04 10:05:44.849] [info] [Worker 1] [libqueen] push(q=5 f=0/24 p99rtt=22ms) pop(q=0 f=0/16 p99rtt=50ms) custom(q=0 f=0/1 p99rtt=2ms) slots=25/25 jobs/s=582 drains=197619 evl=0ms
[2026-06-04 10:05:44.859] [info] [Worker 6] [libqueen] push(q=5 f=0/24 p99rtt=20ms) pop(q=0 f=0/16 p99rtt=47ms) custom(q=0 f=0/1 p99rtt=1ms) slots=25/25 jobs/s=605 drains=198343 evl=0ms
[2026-06-04 10:05:45.748] [info] [Worker 4] [libqueen] push(q=0 f=1/24 p99rtt=23ms) pop(q=0 f=0/16 p99rtt=38ms) custom(q=0 f=0/1 p99rtt=1ms) slots=24/25 jobs/s=576 drains=198744 evl=0ms
[2026-06-04 10:05:45.772] [info] [Worker 0] [libqueen] push(q=5 f=0/24 p99rtt=21ms) pop(q=0 f=0/16 p99rtt=41ms) custom(q=0 f=0/1 p99rtt=1ms) slots=25/25 jobs/s=564 drains=199282 evl=0ms
[2026-06-04 10:05:45.782] [info] [Worker 3] [libqueen] push(q=0 f=0/24 p99rtt=22ms) pop(q=0 f=0/16 p99rtt=38ms) custom(q=0 f=1/1 p99rtt=1ms) slots=24/25 jobs/s=575 drains=198663 evl=0ms
[2026-06-04 10:05:45.814] [info] [Worker 5] [libqueen] push(q=0 f=1/24 p99rtt=20ms) pop(q=0 f=0/16 p99rtt=48ms) custom(q=0 f=0/1 p99rtt=2ms) slots=24/25 jobs/s=576 drains=199686 evl=0ms
[2026-06-04 10:05:45.838] [info] [Worker 2] [libqueen] push(q=0 f=0/24 p99rtt=23ms) pop(q=0 f=0/16 p99rtt=44ms) custom(q=0 f=1/1 p99rtt=1ms) slots=24/25 jobs/s=575 drains=199151 evl=0ms
[2026-06-04 10:05:45.842] [info] [Worker 7] [libqueen] push(q=5 f=0/24 p99rtt=22ms) pop(q=0 f=0/16 p99rtt=48ms) custom(q=0 f=0/1 p99rtt=2ms) slots=25/25 jobs/s=594 drains=198804 evl=0ms
[2026-06-04 10:05:45.844] [info] [Worker 8] [libqueen] push(q=5 f=0/24 p99rtt=22ms) pop(q=0 f=0/16 p99rtt=42ms) custom(q=0 f=0/1 p99rtt=2ms) slots=25/25 jobs/s=594 drains=198262 evl=0ms
[2026-06-04 10:05:45.847] [info] [Worker 9] [libqueen] push(q=0 f=1/24 p99rtt=19ms) pop(q=0 f=0/16 p99rtt=39ms) custom(q=0 f=0/1 p99rtt=2ms) slots=24/25 jobs/s=582 drains=198691 evl=0ms
[2026-06-04 10:05:45.849] [info] [Worker 1] [libqueen] push(q=5 f=0/24 p99rtt=22ms) pop(q=0 f=0/16 p99rtt=50ms) custom(q=0 f=0/1 p99rtt=2ms) slots=25/25 jobs/s=594 drains=198418 evl=0ms
[2026-06-04 10:05:45.859] [info] [Worker 6] [libqueen] push(q=0 f=1/24 p99rtt=21ms) pop(q=0 f=0/16 p99rtt=47ms) custom(q=0 f=0/1 p99rtt=1ms) slots=24/25 jobs/s=588 drains=199166 evl=0ms
[2026-06-04 10:05:46.282] [info] PartitionLookupReconcileService: fixed 2 partition_lookup rows (stats leader, hostname=c932ee286edc)
[2026-06-04 10:05:46.749] [info] [Worker 4] [libqueen] push(q=0 f=1/24 p99rtt=23ms) pop(q=0 f=0/16 p99rtt=38ms) custom(q=0 f=0/1 p99rtt=1ms) slots=24/25 jobs/s=606 drains=199568 evl=0ms
[2026-06-04 10:05:46.772] [info] [Worker 0] [libqueen] push(q=0 f=0/24 p99rtt=21ms) pop(q=0 f=0/16 p99rtt=41ms) custom(q=0 f=0/1 p99rtt=1ms) slots=25/25 jobs/s=606 drains=200134 evl=0ms
[2026-06-04 10:05:46.783] [info] [Worker 3] [libqueen] push(q=0 f=0/24 p99rtt=22ms) pop(q=0 f=0/16 p99rtt=38ms) custom(q=0 f=0/1 p99rtt=2ms) slots=25/25 jobs/s=613 drains=199503 evl=0ms
[2026-06-04 10:05:46.814] [info] [Worker 5] [libqueen] push(q=0 f=1/24 p99rtt=20ms) pop(q=0 f=0/16 p99rtt=48ms) custom(q=0 f=1/1 p99rtt=1ms) slots=23/25 jobs/s=623 drains=200529 evl=0ms
[2026-06-04 10:05:46.839] [info] [Worker 2] [libqueen] push(q=0 f=1/24 p99rtt=23ms) pop(q=0 f=0/16 p99rtt=44ms) custom(q=0 f=0/1 p99rtt=1ms) slots=24/25 jobs/s=595 drains=199989 evl=0ms
[2026-06-04 10:05:46.841] [info] [Worker 7] [libqueen] push(q=5 f=0/24 p99rtt=22ms) pop(q=0 f=0/16 p99rtt=48ms) custom(q=0 f=0/1 p99rtt=2ms) slots=25/25 jobs/s=612 drains=199638 evl=0ms
[2026-06-04 10:05:46.844] [info] [Worker 8] [libqueen] push(q=5 f=0/24 p99rtt=22ms) pop(q=0 f=0/16 p99rtt=42ms) custom(q=0 f=0/1 p99rtt=2ms) slots=25/25 jobs/s=606 drains=199088 evl=0ms
[2026-06-04 10:05:46.848] [info] [Worker 9] [libqueen] push(q=5 f=0/24 p99rtt=20ms) pop(q=0 f=0/16 p99rtt=39ms) custom(q=0 f=0/1 p99rtt=2ms) slots=25/25 jobs/s=618 drains=199570 evl=0ms
[2026-06-04 10:05:46.849] [info] [Worker 1] [libqueen] push(q=5 f=0/24 p99rtt=21ms) pop(q=0 f=0/16 p99rtt=50ms) custom(q=0 f=0/1 p99rtt=2ms) slots=25/25 jobs/s=618 drains=199273 evl=0ms
[2026-06-04 10:05:46.859] [info] [Worker 6] [libqueen] push(q=5 f=0/24 p99rtt=21ms) pop(q=0 f=0/16 p99rtt=47ms) custom(q=0 f=0/1 p99rtt=1ms) slots=25/25 jobs/s=612 drains=200029 evl=0ms
[2026-06-04 10:05:47.749] [info] [Worker 4] [libqueen] push(q=0 f=1/24 p99rtt=23ms) pop(q=0 f=0/16 p99rtt=38ms) custom(q=0 f=0/1 p99rtt=1ms) slots=24/25 jobs/s=624 drains=200423 evl=0ms
[2026-06-04 10:05:47.772] [info] [Worker 0] [libqueen] push(q=5 f=0/24 p99rtt=22ms) pop(q=0 f=0/16 p99rtt=41ms) custom(q=0 f=0/1 p99rtt=1ms) slots=25/25 jobs/s=612 drains=200977 evl=0ms
[2026-06-04 10:05:47.783] [info] [Worker 3] [libqueen] push(q=0 f=1/24 p99rtt=22ms) pop(q=0 f=0/16 p99rtt=38ms) custom(q=0 f=0/1 p99rtt=1ms) slots=24/25 jobs/s=606 drains=200347 evl=0ms
[2026-06-04 10:05:47.814] [info] [Worker 5] [libqueen] push(q=0 f=1/24 p99rtt=20ms) pop(q=0 f=0/16 p99rtt=48ms) custom(q=0 f=0/1 p99rtt=1ms) slots=24/25 jobs/s=631 drains=201396 evl=0ms
[2026-06-04 10:05:47.839] [info] [Worker 2] [libqueen] push(q=5 f=0/24 p99rtt=21ms) pop(q=0 f=0/16 p99rtt=41ms) custom(q=0 f=0/1 p99rtt=1ms) slots=25/25 jobs/s=612 drains=200813 evl=0ms
[2026-06-04 10:05:47.841] [info] [Worker 7] [libqueen] push(q=5 f=0/24 p99rtt=22ms) pop(q=0 f=0/16 p99rtt=48ms) custom(q=0 f=0/1 p99rtt=2ms) slots=25/25 jobs/s=618 drains=200482 evl=0ms
[2026-06-04 10:05:47.844] [info] [Worker 8] [libqueen] push(q=0 f=1/24 p99rtt=22ms) pop(q=0 f=0/16 p99rtt=42ms) custom(q=0 f=0/1 p99rtt=2ms) slots=24/25 jobs/s=612 drains=199914 evl=0ms
[2026-06-04 10:05:47.848] [info] [Worker 9] [libqueen] push(q=5 f=0/24 p99rtt=19ms) pop(q=0 f=0/16 p99rtt=39ms) custom(q=0 f=0/1 p99rtt=2ms) slots=25/25 jobs/s=624 drains=200405 evl=0ms
[2026-06-04 10:05:47.850] [info] [Worker 1] [libqueen] push(q=5 f=0/24 p99rtt=22ms) pop(q=0 f=0/16 p99rtt=50ms) custom(q=0 f=0/1 p99rtt=2ms) slots=25/25 jobs/s=606 drains=200088 evl=0ms
[2026-06-04 10:05:47.858] [info] [Worker 6] [libqueen] push(q=5 f=0/24 p99rtt=21ms) pop(q=0 f=0/16 p99rtt=47ms) custom(q=0 f=0/1 p99rtt=1ms) slots=25/25 jobs/s=630 drains=200884 evl=0ms
[2026-06-04 10:05:48.749] [info] [Worker 4] [libqueen] push(q=5 f=0/24 p99rtt=23ms) pop(q=0 f=0/16 p99rtt=38ms) custom(q=0 f=0/1 p99rtt=1ms) slots=25/25 jobs/s=612 drains=201277 evl=0ms
[2026-06-04 10:05:48.772] [info] [Worker 0] [libqueen] push(q=5 f=0/24 p99rtt=22ms) pop(q=0 f=0/16 p99rtt=41ms) custom(q=0 f=0/1 p99rtt=1ms) slots=25/25 jobs/s=606 drains=201795 evl=0ms
[2026-06-04 10:05:48.783] [info] [Worker 3] [libqueen] push(q=5 f=0/24 p99rtt=22ms) pop(q=0 f=0/16 p99rtt=38ms) custom(q=0 f=0/1 p99rtt=1ms) slots=25/25 jobs/s=612 drains=201172 evl=0ms
[2026-06-04 10:05:48.814] [info] [Worker 5] [libqueen] push(q=0 f=1/24 p99rtt=20ms) pop(q=0 f=0/16 p99rtt=48ms) custom(q=0 f=0/1 p99rtt=1ms) slots=24/25 jobs/s=606 drains=202227 evl=0ms
[2026-06-04 10:05:48.839] [info] [Worker 2] [libqueen] push(q=5 f=0/24 p99rtt=23ms) pop(q=0 f=0/16 p99rtt=41ms) custom(q=0 f=1/1 p99rtt=1ms) slots=24/25 jobs/s=587 drains=201623 evl=0ms
[2026-06-04 10:05:48.842] [info] [Worker 7] [libqueen] push(q=0 f=1/24 p99rtt=22ms) pop(q=0 f=0/16 p99rtt=48ms) custom(q=0 f=1/1 p99rtt=2ms) slots=23/25 jobs/s=581 drains=201293 evl=0ms
[2026-06-04 10:05:48.844] [info] [Worker 8] [libqueen] push(q=0 f=1/24 p99rtt=22ms) pop(q=0 f=0/16 p99rtt=42ms) custom(q=0 f=1/1 p99rtt=2ms) slots=23/25 jobs/s=581 drains=200738 evl=0ms
[2026-06-04 10:05:48.847] [info] [Worker 9] [libqueen] push(q=0 f=1/24 p99rtt=19ms) pop(q=0 f=0/16 p99rtt=39ms) custom(q=0 f=1/1 p99rtt=2ms) slots=23/25 jobs/s=593 drains=201227 evl=0ms
[2026-06-04 10:05:48.850] [info] [Worker 1] [libqueen] push(q=0 f=1/24 p99rtt=22ms) pop(q=0 f=0/16 p99rtt=50ms) custom(q=0 f=1/1 p99rtt=2ms) slots=23/25 jobs/s=575 drains=200893 evl=0ms
[2026-06-04 10:05:48.859] [info] [Worker 6] [libqueen] push(q=0 f=1/24 p99rtt=21ms) pop(q=0 f=0/16 p99rtt=47ms) custom(q=0 f=1/1 p99rtt=1ms) slots=23/25 jobs/s=575 drains=201679 evl=0ms
[2026-06-04 10:05:49.749] [info] [Worker 4] [libqueen] push(q=0 f=0/24 p99rtt=24ms) pop(q=0 f=0/16 p99rtt=38ms) custom(q=0 f=1/1 p99rtt=1ms) slots=24/25 jobs/s=545 drains=202030 evl=0ms
[2026-06-04 10:05:49.772] [info] [Worker 0] [libqueen] push(q=0 f=1/24 p99rtt=23ms) pop(q=0 f=0/16 p99rtt=41ms) custom(q=0 f=0/1 p99rtt=1ms) slots=24/25 jobs/s=534 drains=202544 evl=0ms
[2026-06-04 10:05:49.783] [info] [Worker 3] [libqueen] push(q=5 f=0/24 p99rtt=22ms) pop(q=0 f=0/16 p99rtt=38ms) custom(q=0 f=0/1 p99rtt=2ms) slots=25/25 jobs/s=552 drains=201912 evl=0ms
[2026-06-04 10:05:49.814] [info] [Worker 5] [libqueen] push(q=0 f=0/24 p99rtt=21ms) pop(q=0 f=0/16 p99rtt=48ms) custom(q=0 f=1/1 p99rtt=1ms) slots=24/25 jobs/s=569 drains=203013 evl=0ms
[2026-06-04 10:05:49.840] [info] [Worker 2] [libqueen] push(q=5 f=0/24 p99rtt=23ms) pop(q=0 f=0/16 p99rtt=41ms) custom(q=0 f=0/1 p99rtt=1ms) slots=25/25 jobs/s=565 drains=202416 evl=0ms
[2026-06-04 10:05:49.842] [info] [Worker 7] [libqueen] push(q=5 f=0/24 p99rtt=22ms) pop(q=0 f=0/16 p99rtt=48ms) custom(q=0 f=0/1 p99rtt=2ms) slots=25/25 jobs/s=595 drains=202130 evl=0ms
[2026-06-04 10:05:49.845] [info] [Worker 8] [libqueen] push(q=0 f=1/24 p99rtt=23ms) pop(q=0 f=0/16 p99rtt=42ms) custom(q=0 f=0/1 p99rtt=2ms) slots=24/25 jobs/s=583 drains=201535 evl=0ms
[2026-06-04 10:05:49.848] [info] [Worker 9] [libqueen] push(q=0 f=1/24 p99rtt=20ms) pop(q=0 f=0/16 p99rtt=39ms) custom(q=0 f=0/1 p99rtt=2ms) slots=24/25 jobs/s=571 drains=202020 evl=0ms
[2026-06-04 10:05:49.849] [info] [Worker 1] [libqueen] push(q=0 f=0/24 p99rtt=22ms) pop(q=0 f=0/16 p99rtt=50ms) custom(q=0 f=1/1 p99rtt=2ms) slots=24/25 jobs/s=582 drains=201694 evl=0ms
[2026-06-04 10:05:49.860] [info] [Worker 6] [libqueen] push(q=5 f=0/24 p99rtt=21ms) pop(q=0 f=0/16 p99rtt=47ms) custom(q=0 f=0/1 p99rtt=1ms) slots=25/25 jobs/s=583 drains=202468 evl=0ms
[2026-06-04 10:05:50.750] [info] [Worker 4] [libqueen] push(q=0 f=1/24 p99rtt=23ms) pop(q=0 f=0/16 p99rtt=38ms) custom(q=0 f=0/1 p99rtt=1ms) slots=24/25 jobs/s=619 drains=202880 evl=0ms
[2026-06-04 10:05:50.772] [info] [Worker 0] [libqueen] push(q=5 f=0/24 p99rtt=23ms) pop(q=0 f=0/16 p99rtt=41ms) custom(q=0 f=0/1 p99rtt=1ms) slots=25/25 jobs/s=618 drains=203421 evl=0ms
[2026-06-04 10:05:50.784] [info] [Worker 3] [libqueen] push(q=3 f=0/24 p99rtt=22ms) pop(q=0 f=0/16 p99rtt=38ms) custom(q=0 f=0/1 p99rtt=2ms) slots=25/25 jobs/s=630 drains=202775 evl=0ms
[2026-06-04 10:05:50.814] [info] [Worker 5] [libqueen] push(q=5 f=0/24 p99rtt=22ms) pop(q=0 f=0/16 p99rtt=48ms) custom(q=0 f=0/1 p99rtt=1ms) slots=25/25 jobs/s=619 drains=203874 evl=0ms
[2026-06-04 10:05:50.839] [info] [Worker 2] [libqueen] push(q=0 f=0/24 p99rtt=23ms) pop(q=0 f=0/16 p99rtt=41ms) custom(q=0 f=1/1 p99rtt=1ms) slots=24/25 jobs/s=605 drains=203229 evl=0ms
[2026-06-04 10:05:50.842] [info] [Worker 7] [libqueen] push(q=5 f=0/24 p99rtt=22ms) pop(q=0 f=0/16 p99rtt=48ms) custom(q=0 f=0/1 p99rtt=2ms) slots=25/25 jobs/s=618 drains=202977 evl=0ms
[2026-06-04 10:05:50.844] [info] [Worker 8] [libqueen] push(q=0 f=1/24 p99rtt=23ms) pop(q=0 f=0/16 p99rtt=42ms) custom(q=0 f=0/1 p99rtt=2ms) slots=24/25 jobs/s=600 drains=202358 evl=0ms
[2026-06-04 10:05:50.847] [info] [Worker 9] [libqueen] push(q=0 f=0/24 p99rtt=21ms) pop(q=0 f=0/16 p99rtt=39ms) custom(q=0 f=0/1 p99rtt=2ms) slots=25/25 jobs/s=618 drains=202875 evl=0ms
[2026-06-04 10:05:50.850] [info] [Worker 1] [libqueen] push(q=5 f=0/24 p99rtt=22ms) pop(q=0 f=0/16 p99rtt=50ms) custom(q=0 f=0/1 p99rtt=2ms) slots=25/25 jobs/s=607 drains=202536 evl=0ms
[2026-06-04 10:05:50.860] [info] [Worker 6] [libqueen] push(q=5 f=0/24 p99rtt=21ms) pop(q=0 f=0/16 p99rtt=47ms) custom(q=0 f=0/1 p99rtt=1ms) slots=25/25 jobs/s=618 drains=203301 evl=0ms
[2026-06-04 10:05:51.405] [info] StatsService: cycle completed in 256ms
[2026-06-04 10:05:51.750] [info] [Worker 4] [libqueen] push(q=5 f=0/24 p99rtt=24ms) pop(q=0 f=0/16 p99rtt=38ms) custom(q=0 f=0/1 p99rtt=1ms) slots=25/25 jobs/s=606 drains=203688 evl=0ms
[2026-06-04 10:05:51.772] [info] [Worker 0] [libqueen] push(q=0 f=1/24 p99rtt=23ms) pop(q=0 f=0/16 p99rtt=41ms) custom(q=0 f=0/1 p99rtt=1ms) slots=24/25 jobs/s=606 drains=204262 evl=0ms
[2026-06-04 10:05:51.783] [info] [Worker 3] [libqueen] push(q=0 f=0/24 p99rtt=21ms) pop(q=0 f=0/16 p99rtt=38ms) custom(q=0 f=1/1 p99rtt=1ms) slots=24/25 jobs/s=611 drains=203600 evl=0ms
[2026-06-04 10:05:51.814] [info] [Worker 5] [libqueen] push(q=0 f=1/24 p99rtt=22ms) pop(q=0 f=0/16 p99rtt=48ms) custom(q=0 f=0/1 p99rtt=1ms) slots=24/25 jobs/s=600 drains=204683 evl=0ms
[2026-06-04 10:05:51.840] [info] [Worker 2] [libqueen] push(q=5 f=0/24 p99rtt=23ms) pop(q=0 f=0/16 p99rtt=40ms) custom(q=0 f=0/1 p99rtt=2ms) slots=25/25 jobs/s=619 drains=204088 evl=0ms
[2026-06-04 10:05:51.841] [info] [Worker 7] [libqueen] push(q=0 f=1/24 p99rtt=22ms) pop(q=0 f=0/16 p99rtt=48ms) custom(q=0 f=0/1 p99rtt=2ms) slots=24/25 jobs/s=606 drains=203800 evl=0ms
[2026-06-04 10:05:51.845] [info] [Worker 8] [libqueen] push(q=5 f=0/24 p99rtt=23ms) pop(q=0 f=0/16 p99rtt=42ms) custom(q=0 f=0/1 p99rtt=2ms) slots=25/25 jobs/s=594 drains=203177 evl=0ms
[2026-06-04 10:05:51.848] [info] [Worker 9] [libqueen] push(q=5 f=0/24 p99rtt=21ms) pop(q=0 f=0/16 p99rtt=39ms) custom(q=0 f=0/1 p99rtt=2ms) slots=25/25 jobs/s=582 drains=203676 evl=0ms
[2026-06-04 10:05:51.850] [info] [Worker 1] [libqueen] push(q=5 f=0/24 p99rtt=23ms) pop(q=0 f=0/16 p99rtt=50ms) custom(q=0 f=0/1 p99rtt=2ms) slots=25/25 jobs/s=594 drains=203351 evl=0ms
[2026-06-04 10:05:51.860] [info] [Worker 6] [libqueen] push(q=5 f=0/24 p99rtt=22ms) pop(q=0 f=0/16 p99rtt=47ms) custom(q=0 f=0/1 p99rtt=1ms) slots=25/25 jobs/s=612 drains=204142 evl=0ms
[2026-06-04 10:05:52.280] [info] PartitionLookupReconcileService: fixed 4 partition_lookup rows (stats leader, hostname=c932ee286edc)
[2026-06-04 10:05:52.749] [info] [Worker 4] [libqueen] push(q=0 f=1/24 p99rtt=24ms) pop(q=0 f=0/16 p99rtt=38ms) custom(q=0 f=0/1 p99rtt=1ms) slots=24/25 jobs/s=606 drains=204517 evl=0ms
[2026-06-04 10:05:52.772] [info] [Worker 0] [libqueen] push(q=0 f=1/24 p99rtt=23ms) pop(q=0 f=0/16 p99rtt=41ms) custom(q=0 f=0/1 p99rtt=1ms) slots=24/25 jobs/s=600 drains=205080 evl=0ms
[2026-06-04 10:05:52.784] [info] [Worker 3] [libqueen] push(q=0 f=0/24 p99rtt=21ms) pop(q=0 f=0/16 p99rtt=38ms) custom(q=0 f=1/1 p99rtt=1ms) slots=24/25 jobs/s=600 drains=204428 evl=0ms
[2026-06-04 10:05:52.813] [info] [Worker 5] [libqueen] push(q=0 f=1/24 p99rtt=23ms) pop(q=0 f=0/16 p99rtt=48ms) custom(q=0 f=0/1 p99rtt=1ms) slots=24/25 jobs/s=600 drains=205495 evl=0ms
[2026-06-04 10:05:52.839] [info] [Worker 2] [libqueen] push(q=5 f=0/24 p99rtt=23ms) pop(q=0 f=0/16 p99rtt=40ms) custom(q=0 f=0/1 p99rtt=2ms) slots=25/25 jobs/s=594 drains=204915 evl=0ms
[2026-06-04 10:05:52.842] [info] [Worker 7] [libqueen] push(q=0 f=1/24 p99rtt=22ms) pop(q=0 f=0/16 p99rtt=48ms) custom(q=0 f=0/1 p99rtt=1ms) slots=24/25 jobs/s=594 drains=204621 evl=0ms
[2026-06-04 10:05:52.844] [info] [Worker 8] [libqueen] push(q=0 f=1/24 p99rtt=23ms) pop(q=0 f=0/16 p99rtt=42ms) custom(q=0 f=0/1 p99rtt=2ms) slots=24/25 jobs/s=582 drains=203968 evl=0ms
[2026-06-04 10:05:52.848] [info] [Worker 9] [libqueen] push(q=5 f=0/24 p99rtt=21ms) pop(q=0 f=0/16 p99rtt=39ms) custom(q=0 f=0/1 p99rtt=2ms) slots=25/25 jobs/s=600 drains=204506 evl=0ms
[2026-06-04 10:05:52.850] [info] [Worker 1] [libqueen] push(q=5 f=0/24 p99rtt=23ms) pop(q=0 f=0/16 p99rtt=50ms) custom(q=0 f=0/1 p99rtt=2ms) slots=25/25 jobs/s=594 drains=204167 evl=0ms
[2026-06-04 10:05:52.860] [info] [Worker 6] [libqueen] push(q=0 f=1/24 p99rtt=22ms) pop(q=0 f=0/16 p99rtt=47ms) custom(q=0 f=0/1 p99rtt=1ms) slots=24/25 jobs/s=600 drains=204951 evl=0ms
[2026-06-04 10:05:53.749] [info] [Worker 4] [libqueen] push(q=5 f=0/24 p99rtt=24ms) pop(q=0 f=0/16 p99rtt=38ms) custom(q=0 f=0/1 p99rtt=1ms) slots=25/25 jobs/s=612 drains=205362 evl=0ms
[2026-06-04 10:05:53.772] [info] [Worker 0] [libqueen] push(q=5 f=0/24 p99rtt=23ms) pop(q=0 f=0/16 p99rtt=41ms) custom(q=0 f=0/1 p99rtt=1ms) slots=25/25 jobs/s=606 drains=205904 evl=0ms
[2026-06-04 10:05:53.784] [info] [Worker 3] [libqueen] push(q=5 f=0/24 p99rtt=22ms) pop(q=0 f=0/16 p99rtt=38ms) custom(q=0 f=0/1 p99rtt=1ms) slots=25/25 jobs/s=607 drains=205275 evl=0ms
[2026-06-04 10:05:53.814] [info] [Worker 5] [libqueen] push(q=0 f=1/24 p99rtt=23ms) pop(q=0 f=0/16 p99rtt=48ms) custom(q=0 f=0/1 p99rtt=1ms) slots=24/25 jobs/s=618 drains=206326 evl=0ms
[2026-06-04 10:05:53.840] [info] [Worker 2] [libqueen] push(q=5 f=0/24 p99rtt=24ms) pop(q=0 f=0/16 p99rtt=40ms) custom(q=0 f=0/1 p99rtt=1ms) slots=25/25 jobs/s=588 drains=205726 evl=0ms
[2026-06-04 10:05:53.842] [info] [Worker 7] [libqueen] push(q=5 f=0/24 p99rtt=22ms) pop(q=0 f=0/16 p99rtt=48ms) custom(q=0 f=0/1 p99rtt=1ms) slots=25/25 jobs/s=612 drains=205466 evl=0ms
[2026-06-04 10:05:53.845] [info] [Worker 8] [libqueen] push(q=0 f=1/24 p99rtt=23ms) pop(q=0 f=0/16 p99rtt=42ms) custom(q=0 f=0/1 p99rtt=2ms) slots=24/25 jobs/s=612 drains=204798 evl=0ms
[2026-06-04 10:05:53.847] [info] [Worker 9] [libqueen] push(q=0 f=1/24 p99rtt=22ms) pop(q=0 f=0/16 p99rtt=39ms) custom(q=0 f=0/1 p99rtt=1ms) slots=24/25 jobs/s=594 drains=205333 evl=0ms
[2026-06-04 10:05:53.850] [info] [Worker 1] [libqueen] push(q=5 f=0/24 p99rtt=23ms) pop(q=0 f=0/16 p99rtt=50ms) custom(q=0 f=0/1 p99rtt=2ms) slots=25/25 jobs/s=594 drains=204993 evl=0ms
[2026-06-04 10:05:53.860] [info] [Worker 6] [libqueen] push(q=5 f=0/24 p99rtt=22ms) pop(q=0 f=0/16 p99rtt=47ms) custom(q=0 f=0/1 p99rtt=1ms) slots=25/25 jobs/s=612 drains=205798 evl=0ms
[2026-06-04 10:05:54.081] [info] QPOP: Connection aborted for bbc72935-aefd-4977-8158-66f89d23ad0c
[2026-06-04 10:05:54.086] [info] QPOP: Connection aborted for dd29b69e-aa24-428c-aab4-a04bbb878cc5
[2026-06-04 10:05:54.098] [info] QPOP: Connection aborted for fa85333e-2057-4676-a9a2-aa8780016e6a
[2026-06-04 10:05:54.100] [info] QPOP: Connection aborted for b5614baf-24b2-459c-a6d4-998dc2a1998d
[2026-06-04 10:05:54.106] [info] QPOP: Connection aborted for 28e8b6d8-83a7-463e-a396-04bb880799a0
[2026-06-04 10:05:54.106] [info] QPOP: Connection aborted for a6719d36-e456-4049-8880-b9559b1735be
[2026-06-04 10:05:54.116] [info] QPOP: Connection aborted for c1d729f0-eefc-4103-a15d-ef9a151a68eb
[2026-06-04 10:05:54.117] [info] QPOP: Connection aborted for b05a917a-0d5a-497c-a0b1-562f6b6bd0ff
[2026-06-04 10:05:54.131] [info] QPOP: Connection aborted for 1401888f-51b9-49cc-b165-3316b0f305e9
[2026-06-04 10:05:54.135] [info] QPOP: Connection aborted for b3d5896e-4001-4235-89d3-daf5d939d5f9
[2026-06-04 10:05:54.135] [info] QPOP: Connection aborted for fd9d897e-9c77-42cf-bcd0-3824d8c28f39
[2026-06-04 10:05:54.136] [info] QPOP: Connection aborted for 0b0def6b-49d1-4e3e-8fbf-d7c3ba4a0699
[2026-06-04 10:05:54.147] [info] QPOP: Connection aborted for d24a8bb2-f894-498b-b7e1-4bad800e844e
[2026-06-04 10:05:54.148] [info] QPOP: Connection aborted for d0691557-4532-4f7e-a3bc-c610ec85e28e
[2026-06-04 10:05:54.161] [info] QPOP: Connection aborted for fe2ed6f2-3e95-4338-9467-547850bc6c2a
[2026-06-04 10:05:54.166] [info] QPOP: Connection aborted for cb9a5427-08f9-48aa-a1df-e164bd556a82
[2026-06-04 10:05:54.181] [info] QPOP: Connection aborted for c3653536-08a1-4a72-a581-c7734678263f
[2026-06-04 10:05:54.182] [info] QPOP: Connection aborted for 35d2020c-0b47-4743-a046-99bee74aa698
[2026-06-04 10:05:54.182] [info] QPOP: Connection aborted for ff55508d-193d-46cb-9eae-78bcf7f18803
[2026-06-04 10:05:54.187] [info] QPOP: Connection aborted for 1e469ecf-7aba-49d7-9dc1-e93d159b047d
[2026-06-04 10:05:54.193] [info] QPOP: Connection aborted for c3e4e12c-4dae-4ba3-83e4-0b679de108b8
[2026-06-04 10:05:54.196] [info] QPOP: Connection aborted for 0bff4f3b-afc0-41af-918f-d814c3478938
[2026-06-04 10:05:54.198] [info] QPOP: Connection aborted for e1451f14-a89b-47a8-bd5c-b75fe5314d38
[2026-06-04 10:05:54.198] [info] QPOP: Connection aborted for de2fda51-762b-49a9-b6ff-bd0f76c82e7a
[2026-06-04 10:05:54.198] [info] QPOP: Connection aborted for cd30683a-2a95-40b1-a859-005b2866b4f2
[2026-06-04 10:05:54.201] [info] QPOP: Connection aborted for e326a587-dcef-407b-ab05-cd8c9ed60202
[2026-06-04 10:05:54.202] [info] QPOP: Connection aborted for db577830-716f-49a6-b544-ae7051eeabeb
[2026-06-04 10:05:54.208] [info] QPOP: Connection aborted for 3e670519-145d-4870-ae65-5650c12de01c
[2026-06-04 10:05:54.209] [info] QPOP: Connection aborted for 59324474-1110-48d8-b186-63a42be91a8b
[2026-06-04 10:05:54.222] [info] QPOP: Connection aborted for beeab0c6-9c82-4f7d-a736-61ef5ff97d96
[2026-06-04 10:05:54.225] [info] QPOP: Connection aborted for c86749ea-a2d8-430e-8a5a-6d1d7505f515
[2026-06-04 10:05:54.235] [info] QPOP: Connection aborted for eb432236-97a1-4e28-a3c7-c0c009ec4bd8
[2026-06-04 10:05:54.236] [info] QPOP: Connection aborted for 6c9ab6c9-b7ae-4d60-a63a-80b296e8be9b
[2026-06-04 10:05:54.243] [info] QPOP: Connection aborted for c62ae27e-c5ba-470f-9e9e-7fa67f2edbc7
[2026-06-04 10:05:54.251] [info] QPOP: Connection aborted for 0817824d-9afc-474b-a2cf-1f0d3b87fef8
[2026-06-04 10:05:54.260] [info] QPOP: Connection aborted for 0a7918a0-56de-4e84-8f1b-de35aaaec1c9
[2026-06-04 10:05:54.271] [info] QPOP: Connection aborted for 078408b4-63ed-47b3-a5f6-8d3306a3cbc0
[2026-06-04 10:05:54.271] [info] QPOP: Connection aborted for 4e15ece7-adb3-4ce5-92d6-3cdd1501a182
[2026-06-04 10:05:54.272] [info] QPOP: Connection aborted for fb61d54f-6f05-4d60-b769-e6ae67efcd1e
[2026-06-04 10:05:54.291] [info] QPOP: Connection aborted for 3aa7ea1d-35a8-4d14-a829-13b1cad0bcf5
[2026-06-04 10:05:54.332] [info] QPOP: Connection aborted for ae2c1c90-db37-403d-bd51-516d53e1aa47
[2026-06-04 10:05:54.333] [info] QPOP: Connection aborted for 46a8665f-54ba-4178-8967-51f27d1f8dcb
[2026-06-04 10:05:54.358] [info] QPOP: Connection aborted for 5da7eb10-4282-471c-b601-1d53b15d0e1c
[2026-06-04 10:05:54.363] [info] QPOP: Connection aborted for aae16c75-8ed6-44b6-970f-594843953573
[2026-06-04 10:05:54.363] [info] QPOP: Connection aborted for 93bf79cb-ef72-4066-bddc-f69f8958c65f
[2026-06-04 10:05:54.368] [info] QPOP: Connection aborted for 13260fb8-3afd-451d-9b89-c89d322b0a38
[2026-06-04 10:05:54.383] [info] QPOP: Connection aborted for 1948ec91-b34c-4238-8b67-fcd5834be82e
[2026-06-04 10:05:54.391] [info] QPOP: Connection aborted for 741ef4bb-0e93-4d00-a76f-7d3df6414d4c
[2026-06-04 10:05:54.403] [info] QPOP: Connection aborted for 42a6e7ef-069d-4773-9edf-04814df0de64
[2026-06-04 10:05:54.406] [info] QPOP: Connection aborted for eb326ae3-a475-40f6-98bf-4ab0a5d0a840
[2026-06-04 10:05:54.750] [info] [Worker 4] [libqueen] push(q=5 f=0/24 p99rtt=24ms) pop(q=0 f=0/16 p99rtt=38ms) custom(q=0 f=0/1 p99rtt=1ms) slots=25/25 jobs/s=516 drains=206095 evl=0ms
[2026-06-04 10:05:54.773] [info] [Worker 0] [libqueen] push(q=5 f=0/24 p99rtt=23ms) pop(q=0 f=0/16 p99rtt=41ms) custom(q=0 f=0/1 p99rtt=1ms) slots=25/25 jobs/s=498 drains=206611 evl=0ms
[2026-06-04 10:05:54.784] [info] [Worker 3] [libqueen] push(q=5 f=0/24 p99rtt=22ms) pop(q=0 f=0/16 p99rtt=38ms) custom(q=0 f=0/1 p99rtt=1ms) slots=25/25 jobs/s=498 drains=205993 evl=0ms
[2026-06-04 10:05:54.814] [info] [Worker 5] [libqueen] push(q=0 f=0/24 p99rtt=24ms) pop(q=0 f=0/16 p99rtt=48ms) custom(q=0 f=0/1 p99rtt=1ms) slots=25/25 jobs/s=504 drains=207029 evl=0ms
[2026-06-04 10:05:54.840] [info] [Worker 2] [libqueen] push(q=0 f=1/24 p99rtt=24ms) pop(q=0 f=0/16 p99rtt=40ms) custom(q=0 f=0/1 p99rtt=1ms) slots=24/25 jobs/s=502 drains=206429 evl=0ms
[2026-06-04 10:05:54.842] [info] [Worker 7] [libqueen] push(q=0 f=0/24 p99rtt=23ms) pop(q=0 f=0/16 p99rtt=48ms) custom(q=0 f=1/1 p99rtt=1ms) slots=24/25 jobs/s=497 drains=206157 evl=0ms
[2026-06-04 10:05:54.844] [info] [Worker 8] [libqueen] push(q=5 f=0/24 p99rtt=23ms) pop(q=0 f=0/16 p99rtt=41ms) custom(q=0 f=0/1 p99rtt=2ms) slots=25/25 jobs/s=498 drains=205480 evl=0ms
[2026-06-04 10:05:54.847] [info] [Worker 9] [libqueen] push(q=0 f=1/24 p99rtt=24ms) pop(q=0 f=0/16 p99rtt=39ms) custom(q=0 f=0/1 p99rtt=1ms) slots=24/25 jobs/s=504 drains=206037 evl=0ms
[2026-06-04 10:05:54.850] [info] [Worker 1] [libqueen] push(q=5 f=0/24 p99rtt=24ms) pop(q=0 f=0/16 p99rtt=50ms) custom(q=0 f=0/1 p99rtt=1ms) slots=25/25 jobs/s=492 drains=205676 evl=0ms
[2026-06-04 10:05:54.861] [info] [Worker 6] [libqueen] push(q=0 f=1/24 p99rtt=22ms) pop(q=0 f=0/16 p99rtt=47ms) custom(q=0 f=0/1 p99rtt=1ms) slots=24/25 jobs/s=492 drains=206491 evl=0ms
[2026-06-04 10:05:55.750] [info] [Worker 4] [libqueen] push(q=5 f=0/24 p99rtt=24ms) pop(q=0 f=0/16 p99rtt=38ms) custom(q=0 f=0/1 p99rtt=1ms) slots=25/25 jobs/s=606 drains=206921 evl=0ms
[2026-06-04 10:05:55.773] [info] [Worker 0] [libqueen] push(q=5 f=0/24 p99rtt=23ms) pop(q=0 f=0/16 p99rtt=41ms) custom(q=0 f=0/1 p99rtt=1ms) slots=25/25 jobs/s=582 drains=207353 evl=0ms
[2026-06-04 10:05:55.785] [info] [Worker 3] [libqueen] push(q=5 f=0/24 p99rtt=21ms) pop(q=0 f=0/16 p99rtt=38ms) custom(q=0 f=0/1 p99rtt=1ms) slots=25/25 jobs/s=582 drains=206783 evl=0ms
[2026-06-04 10:05:55.813] [info] [Worker 5] [libqueen] push(q=5 f=0/24 p99rtt=24ms) pop(q=0 f=0/16 p99rtt=48ms) custom(q=0 f=0/1 p99rtt=2ms) slots=25/25 jobs/s=576 drains=207828 evl=0ms
[2026-06-04 10:05:55.840] [info] [Worker 2] [libqueen] push(q=5 f=0/24 p99rtt=23ms) pop(q=0 f=0/16 p99rtt=40ms) custom(q=0 f=0/1 p99rtt=1ms) slots=25/25 jobs/s=594 drains=207280 evl=0ms
[2026-06-04 10:05:55.842] [info] [Worker 7] [libqueen] push(q=0 f=1/24 p99rtt=23ms) pop(q=0 f=0/16 p99rtt=48ms) custom(q=0 f=0/1 p99rtt=1ms) slots=24/25 jobs/s=571 drains=206963 evl=0ms
[2026-06-04 10:05:55.845] [info] [Worker 8] [libqueen] push(q=0 f=1/24 p99rtt=23ms) pop(q=0 f=0/16 p99rtt=41ms) custom(q=0 f=0/1 p99rtt=2ms) slots=24/25 jobs/s=576 drains=206268 evl=0ms
[2026-06-04 10:05:55.848] [info] [Worker 9] [libqueen] push(q=5 f=0/24 p99rtt=24ms) pop(q=0 f=0/16 p99rtt=39ms) custom(q=0 f=0/1 p99rtt=1ms) slots=25/25 jobs/s=588 drains=206830 evl=0ms
[2026-06-04 10:05:55.849] [info] [Worker 1] [libqueen] push(q=5 f=0/24 p99rtt=23ms) pop(q=0 f=0/16 p99rtt=50ms) custom(q=0 f=0/1 p99rtt=2ms) slots=25/25 jobs/s=588 drains=206466 evl=0ms
[2026-06-04 10:05:55.860] [info] [Worker 6] [libqueen] push(q=0 f=1/24 p99rtt=22ms) pop(q=0 f=0/16 p99rtt=47ms) custom(q=0 f=0/1 p99rtt=1ms) slots=24/25 jobs/s=582 drains=207290 evl=0ms
[2026-06-04 10:05:56.750] [info] [Worker 4] [libqueen] push(q=5 f=0/24 p99rtt=24ms) pop(q=0 f=0/16 p99rtt=38ms) custom(q=0 f=0/1 p99rtt=1ms) slots=25/25 jobs/s=624 drains=207777 evl=0ms
[2026-06-04 10:05:56.773] [info] [Worker 0] [libqueen] push(q=0 f=1/24 p99rtt=23ms) pop(q=0 f=0/16 p99rtt=41ms) custom(q=0 f=0/1 p99rtt=1ms) slots=24/25 jobs/s=612 drains=208210 evl=0ms
[2026-06-04 10:05:56.785] [info] [Worker 3] [libqueen] push(q=5 f=0/24 p99rtt=21ms) pop(q=0 f=0/16 p99rtt=38ms) custom(q=0 f=0/1 p99rtt=1ms) slots=25/25 jobs/s=612 drains=207622 evl=0ms
[2026-06-04 10:05:56.814] [info] [Worker 5] [libqueen] push(q=0 f=1/24 p99rtt=24ms) pop(q=0 f=0/16 p99rtt=48ms) custom(q=0 f=0/1 p99rtt=1ms) slots=24/25 jobs/s=606 drains=208662 evl=0ms
[2026-06-04 10:05:56.839] [info] [Worker 2] [libqueen] push(q=0 f=0/24 p99rtt=25ms) pop(q=0 f=0/16 p99rtt=40ms) custom(q=0 f=0/1 p99rtt=1ms) slots=25/25 jobs/s=594 drains=208085 evl=0ms
[2026-06-04 10:05:56.841] [info] [Worker 7] [libqueen] push(q=5 f=0/24 p99rtt=23ms) pop(q=0 f=0/16 p99rtt=48ms) custom(q=0 f=0/1 p99rtt=1ms) slots=25/25 jobs/s=624 drains=207825 evl=0ms
[2026-06-04 10:05:56.845] [info] [Worker 8] [libqueen] push(q=5 f=0/24 p99rtt=24ms) pop(q=0 f=0/16 p99rtt=41ms) custom(q=0 f=0/1 p99rtt=1ms) slots=25/25 jobs/s=600 drains=207112 evl=0ms
[2026-06-04 10:05:56.848] [info] [Worker 9] [libqueen] push(q=0 f=1/24 p99rtt=24ms) pop(q=0 f=0/16 p99rtt=39ms) custom(q=0 f=0/1 p99rtt=1ms) slots=24/25 jobs/s=600 drains=207646 evl=0ms
[2026-06-04 10:05:56.849] [info] [Worker 1] [libqueen] push(q=0 f=1/24 p99rtt=24ms) pop(q=0 f=0/16 p99rtt=50ms) custom(q=0 f=0/1 p99rtt=1ms) slots=24/25 jobs/s=594 drains=207282 evl=0ms
[2026-06-04 10:05:56.861] [info] [Worker 6] [libqueen] push(q=5 f=0/24 p99rtt=23ms) pop(q=0 f=0/16 p99rtt=47ms) custom(q=0 f=0/1 p99rtt=1ms) slots=25/25 jobs/s=612 drains=208132 evl=0ms
[2026-06-04 10:05:57.750] [info] [Worker 4] [libqueen] push(q=0 f=1/24 p99rtt=24ms) pop(q=0 f=0/16 p99rtt=38ms) custom(q=0 f=0/1 p99rtt=1ms) slots=24/25 jobs/s=594 drains=208595 evl=0ms
[2026-06-04 10:05:57.774] [info] [Worker 0] [libqueen] push(q=5 f=0/24 p99rtt=24ms) pop(q=0 f=0/16 p99rtt=41ms) custom(q=0 f=0/1 p99rtt=1ms) slots=25/25 jobs/s=606 drains=209054 evl=0ms
[2026-06-04 10:05:57.784] [info] [Worker 3] [libqueen] push(q=1 f=0/24 p99rtt=22ms) pop(q=0 f=0/16 p99rtt=38ms) custom(q=0 f=0/1 p99rtt=1ms) slots=25/25 jobs/s=606 drains=208457 evl=0ms
[2026-06-04 10:05:57.814] [info] [Worker 5] [libqueen] push(q=5 f=0/24 p99rtt=25ms) pop(q=0 f=0/16 p99rtt=48ms) custom(q=0 f=0/1 p99rtt=1ms) slots=25/25 jobs/s=606 drains=209525 evl=0ms
[2026-06-04 10:05:57.839] [info] [Worker 2] [libqueen] push(q=0 f=1/24 p99rtt=25ms) pop(q=0 f=0/16 p99rtt=40ms) custom(q=0 f=0/1 p99rtt=1ms) slots=24/25 jobs/s=618 drains=208918 evl=0ms
[2026-06-04 10:05:57.842] [info] [Worker 7] [libqueen] push(q=0 f=1/24 p99rtt=23ms) pop(q=0 f=0/16 p99rtt=48ms) custom(q=0 f=0/1 p99rtt=1ms) slots=24/25 jobs/s=612 drains=208681 evl=0ms
[2026-06-04 10:05:57.844] [info] [Worker 8] [libqueen] push(q=0 f=1/24 p99rtt=23ms) pop(q=0 f=0/16 p99rtt=41ms) custom(q=0 f=0/1 p99rtt=1ms) slots=24/25 jobs/s=618 drains=207974 evl=0ms
[2026-06-04 10:05:57.848] [info] [Worker 9] [libqueen] push(q=0 f=1/24 p99rtt=24ms) pop(q=0 f=0/16 p99rtt=39ms) custom(q=0 f=0/1 p99rtt=1ms) slots=24/25 jobs/s=618 drains=208490 evl=0ms
[2026-06-04 10:05:57.850] [info] [Worker 1] [libqueen] push(q=5 f=0/24 p99rtt=23ms) pop(q=0 f=0/16 p99rtt=50ms) custom(q=0 f=0/1 p99rtt=1ms) slots=25/25 jobs/s=612 drains=208112 evl=0ms
[2026-06-04 10:05:57.861] [info] [Worker 6] [libqueen] push(q=0 f=1/24 p99rtt=23ms) pop(q=0 f=0/16 p99rtt=47ms) custom(q=0 f=0/1 p99rtt=1ms) slots=24/25 jobs/s=612 drains=208989 evl=0ms
[2026-06-04 10:05:58.288] [info] PartitionLookupReconcileService: fixed 4 partition_lookup rows (stats leader, hostname=c932ee286edc)
[2026-06-04 10:05:58.750] [info] [Worker 4] [libqueen] push(q=0 f=1/24 p99rtt=24ms) pop(q=0 f=0/16 p99rtt=38ms) custom(q=0 f=0/1 p99rtt=1ms) slots=24/25 jobs/s=576 drains=209403 evl=0ms
[2026-06-04 10:05:58.773] [info] [Worker 0] [libqueen] push(q=0 f=1/24 p99rtt=25ms) pop(q=0 f=0/16 p99rtt=41ms) custom(q=0 f=0/1 p99rtt=1ms) slots=24/25 jobs/s=576 drains=209834 evl=0ms
[2026-06-04 10:05:58.784] [info] [Worker 3] [libqueen] push(q=5 f=0/24 p99rtt=24ms) pop(q=0 f=0/16 p99rtt=38ms) custom(q=0 f=0/1 p99rtt=1ms) slots=25/25 jobs/s=582 drains=209272 evl=0ms
[2026-06-04 10:05:58.814] [info] [Worker 5] [libqueen] push(q=5 f=0/24 p99rtt=25ms) pop(q=0 f=0/16 p99rtt=48ms) custom(q=0 f=0/1 p99rtt=2ms) slots=25/25 jobs/s=576 drains=210327 evl=0ms
[2026-06-04 10:05:58.840] [info] [Worker 2] [libqueen] push(q=5 f=0/24 p99rtt=25ms) pop(q=0 f=0/16 p99rtt=40ms) custom(q=0 f=0/1 p99rtt=1ms) slots=25/25 jobs/s=582 drains=209719 evl=0ms
[2026-06-04 10:05:58.843] [info] [Worker 7] [libqueen] push(q=5 f=0/24 p99rtt=24ms) pop(q=0 f=0/16 p99rtt=48ms) custom(q=0 f=0/1 p99rtt=1ms) slots=25/25 jobs/s=576 drains=209486 evl=0ms
[2026-06-04 10:05:58.845] [info] [Worker 8] [libqueen] push(q=5 f=0/24 p99rtt=24ms) pop(q=0 f=0/16 p99rtt=41ms) custom(q=0 f=0/1 p99rtt=2ms) slots=25/25 jobs/s=576 drains=208753 evl=0ms
[2026-06-04 10:05:58.848] [info] [Worker 9] [libqueen] push(q=0 f=1/24 p99rtt=25ms) pop(q=0 f=0/16 p99rtt=39ms) custom(q=0 f=0/1 p99rtt=1ms) slots=24/25 jobs/s=570 drains=209266 evl=0ms
[2026-06-04 10:05:58.850] [info] [Worker 1] [libqueen] push(q=5 f=0/24 p99rtt=24ms) pop(q=0 f=0/16 p99rtt=50ms) custom(q=0 f=0/1 p99rtt=1ms) slots=25/25 jobs/s=576 drains=208909 evl=0ms
[2026-06-04 10:05:58.861] [info] [Worker 6] [libqueen] push(q=5 f=0/24 p99rtt=24ms) pop(q=0 f=0/16 p99rtt=47ms) custom(q=0 f=0/1 p99rtt=1ms) slots=25/25 jobs/s=606 drains=209802 evl=0ms
[2026-06-04 10:05:59.749] [info] [Worker 4] [libqueen] push(q=0 f=0/24 p99rtt=24ms) pop(q=0 f=0/16 p99rtt=38ms) custom(q=0 f=1/1 p99rtt=1ms) slots=24/25 jobs/s=551 drains=210158 evl=0ms
[2026-06-04 10:05:59.774] [info] [Worker 0] [libqueen] push(q=5 f=0/24 p99rtt=24ms) pop(q=0 f=0/16 p99rtt=41ms) custom(q=0 f=0/1 p99rtt=1ms) slots=25/25 jobs/s=540 drains=210575 evl=0ms
[2026-06-04 10:05:59.785] [info] [Worker 3] [libqueen] push(q=5 f=0/24 p99rtt=24ms) pop(q=0 f=0/16 p99rtt=38ms) custom(q=0 f=0/1 p99rtt=1ms) slots=25/25 jobs/s=540 drains=210013 evl=0ms
[2026-06-04 10:05:59.813] [info] [Worker 5] [libqueen] push(q=5 f=0/24 p99rtt=25ms) pop(q=0 f=0/16 p99rtt=48ms) custom(q=0 f=0/1 p99rtt=1ms) slots=25/25 jobs/s=540 drains=211084 evl=0ms
[2026-06-04 10:05:59.840] [info] [Worker 2] [libqueen] push(q=0 f=1/24 p99rtt=25ms) pop(q=0 f=0/16 p99rtt=40ms) custom(q=0 f=0/1 p99rtt=1ms) slots=24/25 jobs/s=546 drains=210461 evl=0ms
[2026-06-04 10:05:59.843] [info] [Worker 7] [libqueen] push(q=0 f=1/24 p99rtt=25ms) pop(q=0 f=0/16 p99rtt=48ms) custom(q=0 f=0/1 p99rtt=1ms) slots=24/25 jobs/s=534 drains=210228 evl=0ms
[2026-06-04 10:05:59.844] [info] [Worker 8] [libqueen] push(q=4 f=0/24 p99rtt=24ms) pop(q=0 f=0/16 p99rtt=41ms) custom(q=0 f=0/1 p99rtt=2ms) slots=25/25 jobs/s=534 drains=209485 evl=0ms
[2026-06-04 10:05:59.848] [info] [Worker 9] [libqueen] push(q=5 f=0/24 p99rtt=25ms) pop(q=0 f=0/16 p99rtt=39ms) custom(q=0 f=0/1 p99rtt=1ms) slots=25/25 jobs/s=540 drains=210006 evl=0ms
[2026-06-04 10:05:59.850] [info] [Worker 1] [libqueen] push(q=5 f=0/24 p99rtt=24ms) pop(q=0 f=0/16 p99rtt=50ms) custom(q=0 f=0/1 p99rtt=1ms) slots=25/25 jobs/s=510 drains=209623 evl=0ms
[2026-06-04 10:05:59.862] [info] [Worker 6] [libqueen] push(q=1 f=0/24 p99rtt=24ms) pop(q=0 f=0/16 p99rtt=47ms) custom(q=0 f=0/1 p99rtt=1ms) slots=25/25 jobs/s=546 drains=210553 evl=0ms
[2026-06-04 10:06:00.750] [info] [Worker 4] [libqueen] push(q=0 f=1/24 p99rtt=25ms) pop(q=0 f=0/16 p99rtt=38ms) custom(q=3 f=0/1 p99rtt=1ms) slots=24/25 jobs/s=595 drains=210986 evl=0ms
[2026-06-04 10:06:00.774] [info] [Worker 0] [libqueen] push(q=5 f=0/24 p99rtt=28ms) pop(q=0 f=0/16 p99rtt=41ms) custom(q=3 f=0/1 p99rtt=1ms) slots=25/25 jobs/s=588 drains=211377 evl=0ms
[2026-06-04 10:06:00.786] [info] [Worker 3] [libqueen] push(q=5 f=0/24 p99rtt=24ms) pop(q=0 f=0/16 p99rtt=38ms) custom(q=3 f=0/1 p99rtt=1ms) slots=25/25 jobs/s=612 drains=210848 evl=0ms
[2026-06-04 10:06:00.813] [info] [Worker 5] [libqueen] push(q=0 f=0/24 p99rtt=27ms) pop(q=0 f=0/16 p99rtt=48ms) custom(q=3 f=1/1 p99rtt=1ms) slots=24/25 jobs/s=599 drains=211892 evl=0ms
[2026-06-04 10:06:00.840] [info] [Worker 2] [libqueen] push(q=0 f=1/24 p99rtt=27ms) pop(q=0 f=0/16 p99rtt=40ms) custom(q=3 f=0/1 p99rtt=1ms) slots=24/25 jobs/s=594 drains=211289 evl=0ms
[2026-06-04 10:06:00.842] [info] [Worker 7] [libqueen] push(q=5 f=0/24 p99rtt=25ms) pop(q=0 f=0/16 p99rtt=48ms) custom(q=3 f=0/1 p99rtt=1ms) slots=25/25 jobs/s=594 drains=211045 evl=0ms
[2026-06-04 10:06:00.845] [info] [Worker 8] [libqueen] push(q=5 f=0/24 p99rtt=25ms) pop(q=0 f=0/16 p99rtt=41ms) custom(q=3 f=0/1 p99rtt=2ms) slots=25/25 jobs/s=594 drains=210318 evl=0ms
[2026-06-04 10:06:00.848] [info] [Worker 9] [libqueen] push(q=5 f=0/24 p99rtt=27ms) pop(q=0 f=0/16 p99rtt=39ms) custom(q=3 f=0/1 p99rtt=1ms) slots=25/25 jobs/s=588 drains=210823 evl=0ms
[2026-06-04 10:06:00.850] [info] [Worker 1] [libqueen] push(q=5 f=0/24 p99rtt=26ms) pop(q=0 f=0/16 p99rtt=50ms) custom(q=3 f=0/1 p99rtt=1ms) slots=25/25 jobs/s=594 drains=210440 evl=0ms
[2026-06-04 10:06:00.862] [info] [Worker 6] [libqueen] push(q=0 f=1/24 p99rtt=24ms) pop(q=0 f=0/16 p99rtt=47ms) custom(q=3 f=0/1 p99rtt=1ms) slots=24/25 jobs/s=600 drains=211371 evl=0ms
[2026-06-04 10:06:01.750] [info] [Worker 4] [libqueen] push(q=5 f=0/24 p99rtt=25ms) pop(q=0 f=0/16 p99rtt=38ms) custom(q=0 f=0/1 p99rtt=1ms) slots=25/25 jobs/s=615 drains=211845 evl=0ms
[2026-06-04 10:06:01.774] [info] [Worker 0] [libqueen] push(q=0 f=1/24 p99rtt=28ms) pop(q=0 f=0/16 p99rtt=41ms) custom(q=0 f=0/1 p99rtt=1ms) slots=24/25 jobs/s=603 drains=212196 evl=0ms
[2026-06-04 10:06:01.785] [info] [Worker 3] [libqueen] push(q=0 f=0/24 p99rtt=26ms) pop(q=0 f=0/16 p99rtt=38ms) custom(q=0 f=0/1 p99rtt=1ms) slots=25/25 jobs/s=615 drains=211679 evl=0ms
[2026-06-04 10:06:01.814] [info] [Worker 5] [libqueen] push(q=5 f=0/24 p99rtt=27ms) pop(q=0 f=0/16 p99rtt=48ms) custom(q=0 f=0/1 p99rtt=1ms) slots=25/25 jobs/s=592 drains=212701 evl=0ms
[2026-06-04 10:06:01.840] [info] [Worker 2] [libqueen] push(q=0 f=1/24 p99rtt=27ms) pop(q=0 f=0/16 p99rtt=40ms) custom(q=0 f=0/1 p99rtt=1ms) slots=24/25 jobs/s=597 drains=212119 evl=0ms
[2026-06-04 10:06:01.843] [info] [Worker 7] [libqueen] push(q=5 f=0/24 p99rtt=27ms) pop(q=0 f=0/16 p99rtt=48ms) custom(q=0 f=0/1 p99rtt=1ms) slots=25/25 jobs/s=591 drains=211861 evl=0ms
[2026-06-04 10:06:01.844] [info] [Worker 8] [libqueen] push(q=5 f=0/24 p99rtt=25ms) pop(q=0 f=0/16 p99rtt=41ms) custom(q=0 f=0/1 p99rtt=2ms) slots=25/25 jobs/s=615 drains=211182 evl=0ms
[2026-06-04 10:06:01.848] [info] [Worker 9] [libqueen] push(q=5 f=0/24 p99rtt=27ms) pop(q=0 f=0/16 p99rtt=39ms) custom(q=0 f=0/1 p99rtt=1ms) slots=25/25 jobs/s=609 drains=211656 evl=0ms
[2026-06-04 10:06:01.850] [info] [Worker 1] [libqueen] push(q=5 f=0/24 p99rtt=27ms) pop(q=0 f=0/16 p99rtt=50ms) custom(q=0 f=0/1 p99rtt=1ms) slots=25/25 jobs/s=609 drains=211265 evl=0ms
[2026-06-04 10:06:01.861] [info] [Worker 6] [libqueen] push(q=2 f=0/24 p99rtt=25ms) pop(q=0 f=0/16 p99rtt=47ms) custom(q=0 f=0/1 p99rtt=1ms) slots=25/25 jobs/s=597 drains=212187 evl=0ms
[2026-06-04 10:06:02.526] [info] StatsService: cycle completed in 376ms
[2026-06-04 10:06:02.750] [info] [Worker 4] [libqueen] push(q=0 f=1/24 p99rtt=25ms) pop(q=0 f=0/16 p99rtt=38ms) custom(q=0 f=0/1 p99rtt=1ms) slots=24/25 jobs/s=594 drains=212645 evl=0ms
[2026-06-04 10:06:02.773] [info] [Worker 0] [libqueen] push(q=0 f=1/24 p99rtt=28ms) pop(q=0 f=0/16 p99rtt=41ms) custom(q=0 f=0/1 p99rtt=1ms) slots=24/25 jobs/s=558 drains=212987 evl=0ms
[2026-06-04 10:06:02.786] [info] [Worker 3] [libqueen] push(q=5 f=0/24 p99rtt=26ms) pop(q=0 f=0/16 p99rtt=38ms) custom(q=0 f=0/1 p99rtt=1ms) slots=25/25 jobs/s=588 drains=212482 evl=0ms
[2026-06-04 10:06:02.814] [info] [Worker 5] [libqueen] push(q=5 f=0/24 p99rtt=27ms) pop(q=0 f=0/16 p99rtt=48ms) custom(q=0 f=0/1 p99rtt=2ms) slots=25/25 jobs/s=588 drains=213527 evl=0ms
[2026-06-04 10:06:02.840] [info] [Worker 2] [libqueen] push(q=5 f=0/24 p99rtt=27ms) pop(q=0 f=0/16 p99rtt=40ms) custom(q=0 f=0/1 p99rtt=1ms) slots=25/25 jobs/s=588 drains=212915 evl=0ms
[2026-06-04 10:06:02.843] [info] [Worker 7] [libqueen] push(q=5 f=0/24 p99rtt=25ms) pop(q=0 f=0/16 p99rtt=48ms) custom(q=0 f=0/1 p99rtt=1ms) slots=25/25 jobs/s=588 drains=212695 evl=0ms
[2026-06-04 10:06:02.845] [info] [Worker 8] [libqueen] push(q=5 f=0/24 p99rtt=25ms) pop(q=0 f=0/16 p99rtt=41ms) custom(q=0 f=0/1 p99rtt=2ms) slots=25/25 jobs/s=594 drains=211999 evl=0ms
[2026-06-04 10:06:02.847] [info] [Worker 9] [libqueen] push(q=0 f=0/24 p99rtt=27ms) pop(q=0 f=0/16 p99rtt=39ms) custom(q=0 f=1/1 p99rtt=1ms) slots=24/25 jobs/s=593 drains=212444 evl=0ms
[2026-06-04 10:06:02.849] [info] [Worker 1] [libqueen] push(q=2 f=0/24 p99rtt=27ms) pop(q=0 f=0/16 p99rtt=50ms) custom(q=0 f=0/1 p99rtt=1ms) slots=25/25 jobs/s=588 drains=212067 evl=0ms
[2026-06-04 10:06:02.862] [info] [Worker 6] [libqueen] push(q=5 f=0/24 p99rtt=27ms) pop(q=0 f=0/16 p99rtt=47ms) custom(q=0 f=0/1 p99rtt=1ms) slots=25/25 jobs/s=582 drains=212988 evl=0ms
[2026-06-04 10:06:03.750] [info] [Worker 4] [libqueen] push(q=0 f=1/24 p99rtt=25ms) pop(q=0 f=0/16 p99rtt=38ms) custom(q=0 f=0/1 p99rtt=2ms) slots=24/25 jobs/s=588 drains=213445 evl=0ms
[2026-06-04 10:06:03.774] [info] [Worker 0] [libqueen] push(q=0 f=1/24 p99rtt=28ms) pop(q=0 f=0/16 p99rtt=41ms) custom(q=0 f=0/1 p99rtt=1ms) slots=24/25 jobs/s=576 drains=213779 evl=0ms
[2026-06-04 10:06:03.786] [info] [Worker 3] [libqueen] push(q=5 f=0/24 p99rtt=26ms) pop(q=0 f=0/16 p99rtt=38ms) custom(q=0 f=0/1 p99rtt=1ms) slots=25/25 jobs/s=576 drains=213281 evl=0ms
[2026-06-04 10:06:03.814] [info] [Worker 5] [libqueen] push(q=0 f=1/24 p99rtt=25ms) pop(q=0 f=0/16 p99rtt=48ms) custom(q=0 f=0/1 p99rtt=2ms) slots=24/25 jobs/s=558 drains=214319 evl=0ms
[2026-06-04 10:06:03.839] [info] [Worker 2] [libqueen] push(q=0 f=0/24 p99rtt=27ms) pop(q=0 f=0/16 p99rtt=40ms) custom(q=0 f=1/1 p99rtt=1ms) slots=24/25 jobs/s=569 drains=213698 evl=0ms
[2026-06-04 10:06:03.843] [info] [Worker 7] [libqueen] push(q=5 f=0/24 p99rtt=24ms) pop(q=0 f=0/16 p99rtt=48ms) custom(q=0 f=0/1 p99rtt=1ms) slots=25/25 jobs/s=570 drains=213478 evl=0ms
[2026-06-04 10:06:03.845] [info] [Worker 8] [libqueen] push(q=5 f=0/24 p99rtt=25ms) pop(q=0 f=0/16 p99rtt=41ms) custom(q=0 f=0/1 p99rtt=2ms) slots=25/25 jobs/s=552 drains=212776 evl=0ms
[2026-06-04 10:06:03.848] [info] [Worker 9] [libqueen] push(q=0 f=1/24 p99rtt=26ms) pop(q=0 f=0/16 p99rtt=39ms) custom(q=0 f=0/1 p99rtt=1ms) slots=24/25 jobs/s=553 drains=213224 evl=0ms
[2026-06-04 10:06:03.850] [info] [Worker 1] [libqueen] push(q=0 f=0/24 p99rtt=26ms) pop(q=0 f=0/16 p99rtt=50ms) custom(q=0 f=0/1 p99rtt=1ms) slots=25/25 jobs/s=570 drains=212853 evl=0ms
[2026-06-04 10:06:03.862] [info] [Worker 6] [libqueen] push(q=0 f=1/24 p99rtt=26ms) pop(q=0 f=0/16 p99rtt=47ms) custom(q=0 f=0/1 p99rtt=1ms) slots=24/25 jobs/s=546 drains=213730 evl=0ms
[2026-06-04 10:06:04.087] [info] QPOP: Connection aborted for 0ddcadff-b72a-4e40-92db-6100517afc97
[2026-06-04 10:06:04.099] [info] QPOP: Connection aborted for 3166f67d-bfc6-4f82-bf1f-ecc2370fda74
[2026-06-04 10:06:04.101] [info] QPOP: Connection aborted for 77e27e6f-98c4-4e28-8dfc-484d1373d7dc
[2026-06-04 10:06:04.107] [info] QPOP: Connection aborted for 2a0e8cf7-6152-4568-adc8-41c0d0b1eb8d
[2026-06-04 10:06:04.107] [info] QPOP: Connection aborted for 81a2e06c-df90-4117-ac9f-1e8ab821ebe4
[2026-06-04 10:06:04.117] [info] QPOP: Connection aborted for 3e695a09-cdb6-4075-86ce-24a816872be5
[2026-06-04 10:06:04.119] [info] QPOP: Connection aborted for 9bb966fd-9e6b-4521-9863-a26b17fbb271
[2026-06-04 10:06:04.133] [info] QPOP: Connection aborted for 0893b0c2-ad0e-47ca-b4a9-7077ebdbdef2
[2026-06-04 10:06:04.136] [info] QPOP: Connection aborted for 924fc5a8-228d-4e3a-a0a3-a95e9f5a3d39
[2026-06-04 10:06:04.136] [info] QPOP: Connection aborted for b4803650-fdd5-4777-82da-c85e87a5cbef
[2026-06-04 10:06:04.137] [info] QPOP: Connection aborted for 17be9c93-0aa1-46b3-80fb-ca64f5879bc5
[2026-06-04 10:06:04.148] [info] QPOP: Connection aborted for a5be25dd-fb88-4ca4-aa73-aa772a423784
[2026-06-04 10:06:04.148] [info] QPOP: Connection aborted for 481ba6b1-dc5f-4cae-9ff9-1933bbbfe34f
[2026-06-04 10:06:04.162] [info] QPOP: Connection aborted for 33cf4949-3834-40b5-86fa-a3a711f8a462
[2026-06-04 10:06:04.168] [info] QPOP: Connection aborted for be593556-4038-4b27-bcf8-778105a914f2
[2026-06-04 10:06:04.181] [info] QPOP: Connection aborted for 4eae48d1-29d9-448f-83b4-a22891671ce8
[2026-06-04 10:06:04.183] [info] QPOP: Connection aborted for 76548afd-736c-4936-ba32-3109aaa976e1
[2026-06-04 10:06:04.183] [info] QPOP: Connection aborted for cba8e962-7a57-4799-b63e-69dac7a32e49
[2026-06-04 10:06:04.188] [info] QPOP: Connection aborted for 9375253b-3e30-41c4-ae87-ecc9e96640a6
[2026-06-04 10:06:04.194] [info] QPOP: Connection aborted for 487250d4-ca59-4e83-a4bb-3845fe720d72
[2026-06-04 10:06:04.198] [info] QPOP: Connection aborted for 8c31cce2-756f-406a-a230-3690089c75c8
[2026-06-04 10:06:04.199] [info] QPOP: Connection aborted for cee4e1cd-38a6-492e-90af-6e2c84d3f6b7
[2026-06-04 10:06:04.201] [info] QPOP: Connection aborted for c8cd18c0-15ae-4cd7-ba73-2e4bbef4bdef
[2026-06-04 10:06:04.201] [info] QPOP: Connection aborted for 362221cd-a3e2-41d9-b3f5-be29385c2539
[2026-06-04 10:06:04.201] [info] QPOP: Connection aborted for 8979f5a3-08de-4d00-abdc-c87fef2bb78f
[2026-06-04 10:06:04.203] [info] QPOP: Connection aborted for 056912d7-5aa4-4e56-86d5-549844f0316b
[2026-06-04 10:06:04.208] [info] QPOP: Connection aborted for fe8b0b50-042f-4129-81fa-1dcc6c80ed9c
[2026-06-04 10:06:04.210] [info] QPOP: Connection aborted for 60350880-c1f7-40d0-b983-44822d1865c6
[2026-06-04 10:06:04.221] [info] QPOP: Connection aborted for 2ef9aca0-6fea-4b78-b80f-886958286edf
[2026-06-04 10:06:04.223] [info] QPOP: Connection aborted for fe2419ce-e75d-4105-9d73-6419e6f3d917
[2026-06-04 10:06:04.226] [info] QPOP: Connection aborted for 2295e4d9-ea4a-4f23-8871-53f6a7915371
[2026-06-04 10:06:04.236] [info] QPOP: Connection aborted for b433bed4-bed7-4c62-a314-c765e7915c3a
[2026-06-04 10:06:04.237] [info] QPOP: Connection aborted for 8f162826-ac81-43c2-bc8b-5e82390e3b37
[2026-06-04 10:06:04.244] [info] QPOP: Connection aborted for 40b1d4ac-d93a-4d1f-a56c-965cd34e0951
[2026-06-04 10:06:04.252] [info] QPOP: Connection aborted for f15fc06b-acda-421d-b943-55af879e5db0
[2026-06-04 10:06:04.261] [info] QPOP: Connection aborted for a0e6fac9-4664-44c6-8c67-24968ebb99b8
[2026-06-04 10:06:04.271] [info] QPOP: Connection aborted for f33e7f44-5b3e-4062-a975-de4488ba8ec1
[2026-06-04 10:06:04.273] [info] QPOP: Connection aborted for 765f6ab4-8dd9-4818-a91c-5fa18f4d971d
[2026-06-04 10:06:04.274] [info] QPOP: Connection aborted for cea871ff-7420-44c0-a2a2-008756deba15
[2026-06-04 10:06:04.292] [info] QPOP: Connection aborted for 08bee84e-0bd5-4dc6-9724-a95c68edcd43
[2026-06-04 10:06:04.333] [info] QPOP: Connection aborted for ab0074ed-d285-4f16-9b66-941c8e7ba022
[2026-06-04 10:06:04.333] [info] QPOP: Connection aborted for 28442c0d-a009-4e8c-9047-d7f92fbb7cfb
[2026-06-04 10:06:04.360] [info] QPOP: Connection aborted for aaccf257-eb99-4cc6-b4af-040731bbcd5f
[2026-06-04 10:06:04.364] [info] QPOP: Connection aborted for a9767133-aee9-4ea0-97d1-752d16c68ae5
[2026-06-04 10:06:04.364] [info] QPOP: Connection aborted for 3042d1db-a86b-445e-8efa-9d4974ca9854
[2026-06-04 10:06:04.368] [info] QPOP: Connection aborted for 10910e03-630c-4553-ad86-1a7ddc7d2380
[2026-06-04 10:06:04.384] [info] QPOP: Connection aborted for 05aa2d71-b946-49f9-a8a7-c9c8aaea80b0
[2026-06-04 10:06:04.392] [info] QPOP: Connection aborted for 75a093de-f238-4f7d-b9ee-7d27392e4457
[2026-06-04 10:06:04.405] [info] QPOP: Connection aborted for 9167ff2a-28f4-4917-a4a6-b6261d71607c
[2026-06-04 10:06:04.408] [info] QPOP: Connection aborted for a4227520-5ee8-4c6a-be3c-2a32232083e4
[2026-06-04 10:06:04.750] [info] [Worker 4] [libqueen] push(q=0 f=1/24 p99rtt=25ms) pop(q=0 f=0/16 p99rtt=38ms) custom(q=0 f=0/1 p99rtt=2ms) slots=24/25 jobs/s=480 drains=214141 evl=0ms
[2026-06-04 10:06:04.774] [info] [Worker 0] [libqueen] push(q=5 f=0/24 p99rtt=28ms) pop(q=0 f=0/16 p99rtt=41ms) custom(q=0 f=0/1 p99rtt=2ms) slots=25/25 jobs/s=498 drains=214488 evl=0ms
[2026-06-04 10:06:04.786] [info] [Worker 3] [libqueen] push(q=5 f=0/24 p99rtt=26ms) pop(q=0 f=0/16 p99rtt=38ms) custom(q=0 f=0/1 p99rtt=1ms) slots=25/25 jobs/s=510 drains=214010 evl=0ms
[2026-06-04 10:06:04.814] [info] [Worker 5] [libqueen] push(q=5 f=0/24 p99rtt=24ms) pop(q=0 f=0/16 p99rtt=48ms) custom(q=0 f=0/1 p99rtt=2ms) slots=25/25 jobs/s=510 drains=215061 evl=0ms
[2026-06-04 10:06:04.839] [info] [Worker 2] [libqueen] push(q=5 f=0/24 p99rtt=25ms) pop(q=0 f=0/16 p99rtt=40ms) custom(q=0 f=0/1 p99rtt=1ms) slots=25/25 jobs/s=487 drains=214403 evl=0ms
[2026-06-04 10:06:04.843] [info] [Worker 7] [libqueen] push(q=5 f=0/24 p99rtt=24ms) pop(q=0 f=0/16 p99rtt=48ms) custom(q=0 f=0/1 p99rtt=1ms) slots=25/25 jobs/s=498 drains=214205 evl=0ms
[2026-06-04 10:06:04.844] [info] [Worker 8] [libqueen] push(q=5 f=0/24 p99rtt=25ms) pop(q=0 f=0/16 p99rtt=41ms) custom(q=0 f=0/1 p99rtt=2ms) slots=25/25 jobs/s=492 drains=213495 evl=0ms
[2026-06-04 10:06:04.848] [info] [Worker 9] [libqueen] push(q=5 f=0/24 p99rtt=25ms) pop(q=0 f=0/16 p99rtt=39ms) custom(q=0 f=0/1 p99rtt=2ms) slots=25/25 jobs/s=498 drains=213925 evl=0ms
[2026-06-04 10:06:04.850] [info] [Worker 1] [libqueen] push(q=5 f=0/24 p99rtt=25ms) pop(q=0 f=0/16 p99rtt=50ms) custom(q=0 f=0/1 p99rtt=2ms) slots=25/25 jobs/s=486 drains=213551 evl=0ms
[2026-06-04 10:06:04.862] [info] [Worker 6] [libqueen] push(q=5 f=0/24 p99rtt=25ms) pop(q=0 f=0/16 p99rtt=47ms) custom(q=0 f=0/1 p99rtt=2ms) slots=25/25 jobs/s=504 drains=214458 evl=0ms
[2026-06-04 10:06:05.751] [info] [Worker 4] [libqueen] push(q=5 f=0/24 p99rtt=26ms) pop(q=0 f=0/16 p99rtt=38ms) custom(q=0 f=0/1 p99rtt=2ms) slots=25/25 jobs/s=564 drains=214892 evl=0ms
[2026-06-04 10:06:05.774] [info] [Worker 0] [libqueen] push(q=0 f=1/24 p99rtt=28ms) pop(q=0 f=0/16 p99rtt=41ms) custom(q=0 f=0/1 p99rtt=2ms) slots=24/25 jobs/s=564 drains=215236 evl=0ms
[2026-06-04 10:06:05.786] [info] [Worker 3] [libqueen] push(q=0 f=1/24 p99rtt=26ms) pop(q=0 f=0/16 p99rtt=38ms) custom(q=0 f=0/1 p99rtt=1ms) slots=24/25 jobs/s=570 drains=214805 evl=0ms
[2026-06-04 10:06:05.814] [info] [Worker 5] [libqueen] push(q=0 f=1/24 p99rtt=27ms) pop(q=0 f=0/16 p99rtt=48ms) custom(q=0 f=0/1 p99rtt=2ms) slots=24/25 jobs/s=558 drains=215809 evl=0ms
[2026-06-04 10:06:05.839] [info] [Worker 2] [libqueen] push(q=5 f=0/24 p99rtt=27ms) pop(q=0 f=0/16 p99rtt=40ms) custom(q=0 f=0/1 p99rtt=1ms) slots=25/25 jobs/s=570 drains=215176 evl=0ms
[2026-06-04 10:06:05.842] [info] [Worker 7] [libqueen] push(q=0 f=1/24 p99rtt=25ms) pop(q=0 f=0/16 p99rtt=48ms) custom(q=0 f=0/1 p99rtt=1ms) slots=24/25 jobs/s=576 drains=214971 evl=0ms
[2026-06-04 10:06:05.845] [info] [Worker 8] [libqueen] push(q=5 f=0/24 p99rtt=25ms) pop(q=0 f=0/16 p99rtt=41ms) custom(q=0 f=0/1 p99rtt=2ms) slots=25/25 jobs/s=576 drains=214251 evl=0ms
[2026-06-04 10:06:05.847] [info] [Worker 9] [libqueen] push(q=5 f=0/24 p99rtt=27ms) pop(q=0 f=0/16 p99rtt=39ms) custom(q=0 f=0/1 p99rtt=1ms) slots=25/25 jobs/s=552 drains=214665 evl=0ms
[2026-06-04 10:06:05.850] [info] [Worker 1] [libqueen] push(q=0 f=1/24 p99rtt=26ms) pop(q=0 f=0/16 p99rtt=50ms) custom(q=0 f=0/1 p99rtt=2ms) slots=24/25 jobs/s=558 drains=214292 evl=0ms
[2026-06-04 10:06:05.862] [info] [Worker 6] [libqueen] push(q=0 f=1/24 p99rtt=26ms) pop(q=0 f=0/16 p99rtt=47ms) custom(q=0 f=0/1 p99rtt=2ms) slots=24/25 jobs/s=564 drains=215260 evl=0ms
[2026-06-04 10:06:06.751] [info] [Worker 4] [libqueen] push(q=0 f=0/24 p99rtt=26ms) pop(q=0 f=0/16 p99rtt=38ms) custom(q=0 f=1/1 p99rtt=2ms) slots=24/25 jobs/s=611 drains=215723 evl=0ms
[2026-06-04 10:06:06.773] [info] [Worker 0] [libqueen] push(q=0 f=1/24 p99rtt=28ms) pop(q=0 f=0/16 p99rtt=41ms) custom(q=0 f=0/1 p99rtt=2ms) slots=24/25 jobs/s=618 drains=216095 evl=0ms
[2026-06-04 10:06:06.787] [info] [Worker 3] [libqueen] push(q=0 f=1/24 p99rtt=26ms) pop(q=0 f=0/16 p99rtt=38ms) custom(q=0 f=0/1 p99rtt=1ms) slots=24/25 jobs/s=612 drains=215645 evl=0ms
[2026-06-04 10:06:06.814] [info] [Worker 5] [libqueen] push(q=5 f=0/24 p99rtt=27ms) pop(q=0 f=0/16 p99rtt=48ms) custom(q=0 f=0/1 p99rtt=2ms) slots=25/25 jobs/s=612 drains=216647 evl=0ms
[2026-06-04 10:06:06.840] [info] [Worker 2] [libqueen] push(q=0 f=1/24 p99rtt=27ms) pop(q=0 f=0/16 p99rtt=40ms) custom(q=0 f=0/1 p99rtt=1ms) slots=24/25 jobs/s=606 drains=216026 evl=0ms
[2026-06-04 10:06:06.842] [info] [Worker 7] [libqueen] push(q=0 f=0/24 p99rtt=25ms) pop(q=0 f=0/16 p99rtt=48ms) custom(q=0 f=0/1 p99rtt=1ms) slots=25/25 jobs/s=612 drains=215812 evl=0ms
[2026-06-04 10:06:06.845] [info] [Worker 8] [libqueen] push(q=5 f=0/24 p99rtt=25ms) pop(q=0 f=0/16 p99rtt=41ms) custom(q=0 f=0/1 p99rtt=2ms) slots=25/25 jobs/s=606 drains=215061 evl=0ms
[2026-06-04 10:06:06.848] [info] [Worker 9] [libqueen] push(q=5 f=0/24 p99rtt=27ms) pop(q=0 f=0/16 p99rtt=39ms) custom(q=0 f=0/1 p99rtt=1ms) slots=25/25 jobs/s=618 drains=215494 evl=0ms
[2026-06-04 10:06:06.850] [info] [Worker 1] [libqueen] push(q=0 f=1/24 p99rtt=26ms) pop(q=0 f=0/16 p99rtt=50ms) custom(q=0 f=0/1 p99rtt=1ms) slots=24/25 jobs/s=612 drains=215130 evl=0ms
[2026-06-04 10:06:06.861] [info] [Worker 6] [libqueen] push(q=0 f=1/24 p99rtt=26ms) pop(q=0 f=0/16 p99rtt=39ms) custom(q=0 f=0/1 p99rtt=2ms) slots=24/25 jobs/s=618 drains=216097 evl=0ms
[2026-06-04 10:06:07.751] [info] [Worker 4] [libqueen] push(q=0 f=0/24 p99rtt=24ms) pop(q=0 f=0/16 p99rtt=38ms) custom(q=0 f=0/1 p99rtt=2ms) slots=25/25 jobs/s=619 drains=216549 evl=0ms
[2026-06-04 10:06:07.774] [info] [Worker 0] [libqueen] push(q=3 f=0/24 p99rtt=26ms) pop(q=0 f=0/16 p99rtt=41ms) custom(q=0 f=1/1 p99rtt=2ms) slots=24/25 jobs/s=617 drains=216938 evl=0ms
[2026-06-04 10:06:07.787] [info] [Worker 3] [libqueen] push(q=5 f=0/24 p99rtt=25ms) pop(q=0 f=0/16 p99rtt=35ms) custom(q=0 f=0/1 p99rtt=1ms) slots=25/25 jobs/s=618 drains=216494 evl=0ms
[2026-06-04 10:06:07.814] [info] [Worker 5] [libqueen] push(q=0 f=0/24 p99rtt=24ms) pop(q=0 f=0/16 p99rtt=48ms) custom(q=0 f=1/1 p99rtt=2ms) slots=24/25 jobs/s=617 drains=217487 evl=0ms
[2026-06-04 10:06:07.840] [info] [Worker 2] [libqueen] push(q=5 f=0/24 p99rtt=26ms) pop(q=0 f=0/16 p99rtt=40ms) custom(q=0 f=0/1 p99rtt=1ms) slots=25/25 jobs/s=606 drains=216872 evl=0ms
[2026-06-04 10:06:07.843] [info] [Worker 7] [libqueen] push(q=0 f=0/24 p99rtt=24ms) pop(q=0 f=0/16 p99rtt=48ms) custom(q=0 f=1/1 p99rtt=1ms) slots=24/25 jobs/s=611 drains=216636 evl=0ms
[2026-06-04 10:06:07.845] [info] [Worker 8] [libqueen] push(q=5 f=0/24 p99rtt=24ms) pop(q=0 f=0/16 p99rtt=41ms) custom(q=0 f=0/1 p99rtt=2ms) slots=25/25 jobs/s=618 drains=215891 evl=0ms
[2026-06-04 10:06:07.849] [info] [Worker 9] [libqueen] push(q=5 f=0/24 p99rtt=25ms) pop(q=0 f=0/16 p99rtt=39ms) custom(q=0 f=0/1 p99rtt=1ms) slots=25/25 jobs/s=606 drains=216315 evl=0ms
[2026-06-04 10:06:07.850] [info] [Worker 1] [libqueen] push(q=0 f=1/24 p99rtt=25ms) pop(q=0 f=0/16 p99rtt=50ms) custom(q=0 f=0/1 p99rtt=1ms) slots=24/25 jobs/s=612 drains=215971 evl=0ms
[2026-06-04 10:06:07.862] [info] [Worker 6] [libqueen] push(q=0 f=1/24 p99rtt=25ms) pop(q=0 f=0/16 p99rtt=39ms) custom(q=0 f=0/1 p99rtt=2ms) slots=24/25 jobs/s=612 drains=216928 evl=0ms
[2026-06-04 10:06:08.751] [info] [Worker 4] [libqueen] push(q=0 f=0/24 p99rtt=24ms) pop(q=0 f=0/16 p99rtt=38ms) custom(q=0 f=1/1 p99rtt=3ms) slots=24/25 jobs/s=509 drains=217271 evl=0ms
[2026-06-04 10:06:08.774] [info] [Worker 0] [libqueen] push(q=5 f=0/24 p99rtt=26ms) pop(q=0 f=0/16 p99rtt=41ms) custom(q=0 f=0/1 p99rtt=3ms) slots=25/25 jobs/s=487 drains=217610 evl=0ms
[2026-06-04 10:06:08.787] [info] [Worker 3] [libqueen] push(q=5 f=0/24 p99rtt=25ms) pop(q=0 f=0/16 p99rtt=35ms) custom(q=0 f=0/1 p99rtt=2ms) slots=25/25 jobs/s=480 drains=217170 evl=0ms
[2026-06-04 10:06:08.814] [info] [Worker 5] [libqueen] push(q=5 f=0/24 p99rtt=24ms) pop(q=0 f=0/16 p99rtt=48ms) custom(q=0 f=0/1 p99rtt=2ms) slots=25/25 jobs/s=475 drains=218145 evl=0ms
[2026-06-04 10:06:08.840] [info] [Worker 2] [libqueen] push(q=0 f=1/24 p99rtt=25ms) pop(q=0 f=0/16 p99rtt=40ms) custom(q=0 f=0/1 p99rtt=2ms) slots=24/25 jobs/s=462 drains=217518 evl=0ms
[2026-06-04 10:06:08.843] [info] [Worker 7] [libqueen] push(q=0 f=1/24 p99rtt=24ms) pop(q=0 f=0/16 p99rtt=48ms) custom(q=0 f=0/1 p99rtt=2ms) slots=24/25 jobs/s=457 drains=217287 evl=0ms
[2026-06-04 10:06:08.845] [info] [Worker 8] [libqueen] push(q=0 f=0/24 p99rtt=25ms) pop(q=0 f=0/16 p99rtt=41ms) custom(q=0 f=0/1 p99rtt=2ms) slots=25/25 jobs/s=450 drains=216521 evl=0ms
[2026-06-04 10:06:08.849] [info] [Worker 9] [libqueen] push(q=5 f=0/24 p99rtt=25ms) pop(q=0 f=0/16 p99rtt=39ms) custom(q=0 f=0/1 p99rtt=2ms) slots=25/25 jobs/s=462 drains=216970 evl=0ms
[2026-06-04 10:06:08.850] [info] [Worker 1] [libqueen] push(q=5 f=0/24 p99rtt=26ms) pop(q=0 f=0/16 p99rtt=50ms) custom(q=0 f=0/1 p99rtt=2ms) slots=25/25 jobs/s=450 drains=216612 evl=0ms
[2026-06-04 10:06:08.862] [info] [Worker 6] [libqueen] push(q=0 f=1/24 p99rtt=26ms) pop(q=0 f=0/16 p99rtt=39ms) custom(q=0 f=0/1 p99rtt=2ms) slots=24/25 jobs/s=450 drains=217553 evl=0ms
[2026-06-04 10:06:09.751] [info] [Worker 4] [libqueen] push(q=5 f=0/24 p99rtt=25ms) pop(q=0 f=0/16 p99rtt=35ms) custom(q=0 f=0/1 p99rtt=6ms) slots=25/25 jobs/s=451 drains=217900 evl=0ms
[2026-06-04 10:06:09.775] [info] [Worker 0] [libqueen] push(q=0 f=1/24 p99rtt=27ms) pop(q=0 f=0/16 p99rtt=41ms) custom(q=0 f=0/1 p99rtt=3ms) slots=24/25 jobs/s=450 drains=218250 evl=0ms
[2026-06-04 10:06:09.787] [info] [Worker 3] [libqueen] push(q=0 f=1/24 p99rtt=26ms) pop(q=0 f=0/16 p99rtt=35ms) custom(q=0 f=0/1 p99rtt=3ms) slots=24/25 jobs/s=450 drains=217816 evl=0ms
[2026-06-04 10:06:09.813] [info] [Worker 5] [libqueen] push(q=5 f=0/24 p99rtt=27ms) pop(q=0 f=0/16 p99rtt=48ms) custom(q=0 f=0/1 p99rtt=2ms) slots=25/25 jobs/s=444 drains=218766 evl=0ms
[2026-06-04 10:06:09.839] [info] [Worker 2] [libqueen] push(q=2 f=0/24 p99rtt=27ms) pop(q=0 f=0/16 p99rtt=40ms) custom(q=0 f=0/1 p99rtt=2ms) slots=25/25 jobs/s=462 drains=218169 evl=0ms
[2026-06-04 10:06:09.843] [info] [Worker 7] [libqueen] push(q=5 f=0/24 p99rtt=25ms) pop(q=0 f=0/16 p99rtt=48ms) custom(q=0 f=0/1 p99rtt=2ms) slots=25/25 jobs/s=456 drains=217921 evl=0ms
[2026-06-04 10:06:09.845] [info] [Worker 8] [libqueen] push(q=5 f=0/24 p99rtt=25ms) pop(q=0 f=0/16 p99rtt=41ms) custom(q=0 f=0/1 p99rtt=2ms) slots=25/25 jobs/s=450 drains=217157 evl=0ms
[2026-06-04 10:06:09.849] [info] [Worker 9] [libqueen] push(q=0 f=0/24 p99rtt=25ms) pop(q=0 f=0/16 p99rtt=39ms) custom(q=0 f=1/1 p99rtt=2ms) slots=24/25 jobs/s=461 drains=217609 evl=0ms
[2026-06-04 10:06:09.849] [info] [Worker 1] [libqueen] push(q=3 f=0/24 p99rtt=26ms) pop(q=0 f=0/16 p99rtt=50ms) custom(q=0 f=1/1 p99rtt=3ms) slots=24/25 jobs/s=455 drains=217261 evl=0ms
[2026-06-04 10:06:09.861] [info] [Worker 6] [libqueen] push(q=1 f=0/24 p99rtt=26ms) pop(q=0 f=0/16 p99rtt=39ms) custom(q=0 f=0/1 p99rtt=2ms) slots=25/25 jobs/s=456 drains=218188 evl=0ms
[2026-06-04 10:06:10.750] [info] [Worker 4] [libqueen] push(q=0 f=1/24 p99rtt=24ms) pop(q=0 f=0/16 p99rtt=35ms) custom(q=0 f=0/1 p99rtt=5ms) slots=24/25 jobs/s=450 drains=218524 evl=0ms
[2026-06-04 10:06:10.775] [info] [Worker 0] [libqueen] push(q=5 f=0/24 p99rtt=27ms) pop(q=0 f=0/16 p99rtt=41ms) custom(q=0 f=0/1 p99rtt=4ms) slots=25/25 jobs/s=444 drains=218864 evl=0ms
[2026-06-04 10:06:10.787] [info] [Worker 3] [libqueen] push(q=5 f=0/24 p99rtt=25ms) pop(q=0 f=0/16 p99rtt=35ms) custom(q=0 f=0/1 p99rtt=4ms) slots=25/25 jobs/s=462 drains=218463 evl=0ms
[2026-06-04 10:06:10.814] [info] [Worker 5] [libqueen] push(q=0 f=1/24 p99rtt=27ms) pop(q=0 f=0/16 p99rtt=48ms) custom(q=0 f=0/1 p99rtt=2ms) slots=24/25 jobs/s=456 drains=219410 evl=0ms
[2026-06-04 10:06:10.840] [info] [Worker 2] [libqueen] push(q=5 f=0/24 p99rtt=27ms) pop(q=0 f=0/16 p99rtt=40ms) custom(q=0 f=0/1 p99rtt=3ms) slots=25/25 jobs/s=432 drains=218770 evl=0ms
[2026-06-04 10:06:10.842] [info] [Worker 7] [libqueen] push(q=5 f=0/24 p99rtt=25ms) pop(q=0 f=0/16 p99rtt=48ms) custom(q=0 f=0/1 p99rtt=2ms) slots=25/25 jobs/s=450 drains=218536 evl=0ms
[2026-06-04 10:06:10.846] [info] [Worker 8] [libqueen] push(q=0 f=1/24 p99rtt=25ms) pop(q=0 f=0/16 p99rtt=41ms) custom(q=0 f=0/1 p99rtt=3ms) slots=24/25 jobs/s=456 drains=217798 evl=0ms
[2026-06-04 10:06:10.848] [info] [Worker 9] [libqueen] push(q=0 f=1/24 p99rtt=25ms) pop(q=0 f=0/16 p99rtt=39ms) custom(q=0 f=0/1 p99rtt=4ms) slots=24/25 jobs/s=451 drains=218239 evl=0ms
[2026-06-04 10:06:10.849] [info] [Worker 1] [libqueen] push(q=0 f=0/24 p99rtt=26ms) pop(q=0 f=0/16 p99rtt=50ms) custom(q=0 f=1/1 p99rtt=3ms) slots=24/25 jobs/s=456 drains=217882 evl=0ms
[2026-06-04 10:06:10.861] [info] [Worker 6] [libqueen] push(q=5 f=0/24 p99rtt=27ms) pop(q=0 f=0/16 p99rtt=39ms) custom(q=0 f=0/1 p99rtt=3ms) slots=25/25 jobs/s=468 drains=218836 evl=0ms
[2026-06-04 10:06:11.750] [info] [Worker 4] [libqueen] push(q=4 f=0/24 p99rtt=24ms) pop(q=0 f=0/16 p99rtt=35ms) custom(q=0 f=0/1 p99rtt=6ms) slots=25/25 jobs/s=504 drains=219231 evl=0ms
[2026-06-04 10:06:11.775] [info] [Worker 0] [libqueen] push(q=5 f=0/24 p99rtt=26ms) pop(q=0 f=0/16 p99rtt=41ms) custom(q=0 f=0/1 p99rtt=4ms) slots=25/25 jobs/s=486 drains=219528 evl=0ms
[2026-06-04 10:06:11.787] [info] [Worker 3] [libqueen] push(q=5 f=0/24 p99rtt=26ms) pop(q=0 f=0/16 p99rtt=35ms) custom(q=0 f=0/1 p99rtt=4ms) slots=25/25 jobs/s=492 drains=219145 evl=0ms
[2026-06-04 10:06:11.814] [info] [Worker 5] [libqueen] push(q=5 f=0/24 p99rtt=25ms) pop(q=0 f=0/16 p99rtt=48ms) custom(q=0 f=0/1 p99rtt=3ms) slots=25/25 jobs/s=480 drains=220088 evl=0ms
[2026-06-04 10:06:11.840] [info] [Worker 2] [libqueen] push(q=0 f=1/24 p99rtt=26ms) pop(q=0 f=0/16 p99rtt=40ms) custom(q=0 f=0/1 p99rtt=3ms) slots=24/25 jobs/s=492 drains=219454 evl=0ms
[2026-06-04 10:06:11.842] [info] [Worker 7] [libqueen] push(q=0 f=0/24 p99rtt=24ms) pop(q=0 f=0/16 p99rtt=48ms) custom(q=0 f=1/1 p99rtt=3ms) slots=24/25 jobs/s=497 drains=219211 evl=0ms
[2026-06-04 10:06:11.846] [info] [Worker 8] [libqueen] push(q=5 f=0/24 p99rtt=25ms) pop(q=0 f=0/16 p99rtt=41ms) custom(q=0 f=0/1 p99rtt=4ms) slots=25/25 jobs/s=498 drains=218508 evl=0ms
[2026-06-04 10:06:11.848] [info] [Worker 9] [libqueen] push(q=5 f=0/24 p99rtt=25ms) pop(q=0 f=0/16 p99rtt=39ms) custom(q=0 f=0/1 p99rtt=4ms) slots=25/25 jobs/s=492 drains=218942 evl=0ms
[2026-06-04 10:06:11.849] [info] [Worker 1] [libqueen] push(q=5 f=0/24 p99rtt=25ms) pop(q=0 f=0/16 p99rtt=50ms) custom(q=0 f=0/1 p99rtt=3ms) slots=25/25 jobs/s=487 drains=218567 evl=0ms
[2026-06-04 10:06:11.861] [info] [Worker 6] [libqueen] push(q=5 f=0/24 p99rtt=26ms) pop(q=0 f=0/16 p99rtt=39ms) custom(q=0 f=0/1 p99rtt=3ms) slots=25/25 jobs/s=492 drains=219515 evl=0ms
[2026-06-04 10:06:12.751] [info] [Worker 4] [libqueen] push(q=5 f=0/24 p99rtt=25ms) pop(q=0 f=0/16 p99rtt=35ms) custom(q=0 f=0/1 p99rtt=6ms) slots=25/25 jobs/s=528 drains=219960 evl=0ms
[2026-06-04 10:06:12.775] [info] [Worker 0] [libqueen] push(q=0 f=0/24 p99rtt=26ms) pop(q=0 f=0/16 p99rtt=41ms) custom(q=0 f=0/1 p99rtt=4ms) slots=25/25 jobs/s=552 drains=220280 evl=0ms
[2026-06-04 10:06:12.786] [info] [Worker 3] [libqueen] push(q=0 f=1/24 p99rtt=26ms) pop(q=0 f=0/16 p99rtt=35ms) custom(q=0 f=0/1 p99rtt=5ms) slots=24/25 jobs/s=546 drains=219888 evl=0ms
[2026-06-04 10:06:12.814] [info] [Worker 5] [libqueen] push(q=5 f=0/24 p99rtt=27ms) pop(q=0 f=0/16 p99rtt=48ms) custom(q=0 f=0/1 p99rtt=4ms) slots=25/25 jobs/s=552 drains=220852 evl=0ms
[2026-06-04 10:06:12.840] [info] [Worker 2] [libqueen] push(q=4 f=0/24 p99rtt=25ms) pop(q=0 f=0/16 p99rtt=39ms) custom(q=0 f=1/1 p99rtt=3ms) slots=24/25 jobs/s=551 drains=220194 evl=0ms
[2026-06-04 10:06:12.843] [info] [Worker 7] [libqueen] push(q=5 f=0/24 p99rtt=24ms) pop(q=0 f=0/16 p99rtt=48ms) custom(q=0 f=0/1 p99rtt=4ms) slots=25/25 jobs/s=547 drains=219947 evl=0ms
[2026-06-04 10:06:12.845] [info] [Worker 8] [libqueen] push(q=5 f=0/24 p99rtt=25ms) pop(q=0 f=0/16 p99rtt=41ms) custom(q=0 f=0/1 p99rtt=5ms) slots=25/25 jobs/s=546 drains=219275 evl=0ms
[2026-06-04 10:06:12.848] [info] [Worker 9] [libqueen] push(q=5 f=0/24 p99rtt=25ms) pop(q=0 f=0/16 p99rtt=39ms) custom(q=0 f=0/1 p99rtt=4ms) slots=25/25 jobs/s=552 drains=219684 evl=0ms
[2026-06-04 10:06:12.850] [info] [Worker 1] [libqueen] push(q=0 f=1/24 p99rtt=25ms) pop(q=0 f=0/16 p99rtt=50ms) custom(q=0 f=0/1 p99rtt=3ms) slots=24/25 jobs/s=564 drains=219326 evl=0ms
[2026-06-04 10:06:12.861] [info] [Worker 6] [libqueen] push(q=0 f=1/24 p99rtt=26ms) pop(q=0 f=0/16 p99rtt=39ms) custom(q=0 f=0/1 p99rtt=4ms) slots=24/25 jobs/s=534 drains=220258 evl=0ms
[2026-06-04 10:06:13.460] [info] StatsService: cycle completed in 309ms
[2026-06-04 10:06:13.750] [info] [Worker 4] [libqueen] push(q=4 f=0/24 p99rtt=26ms) pop(q=0 f=0/16 p99rtt=35ms) custom(q=0 f=0/1 p99rtt=6ms) slots=25/25 jobs/s=582 drains=220777 evl=0ms
[2026-06-04 10:06:13.775] [info] [Worker 0] [libqueen] push(q=5 f=0/24 p99rtt=26ms) pop(q=0 f=0/16 p99rtt=41ms) custom(q=0 f=0/1 p99rtt=4ms) slots=25/25 jobs/s=576 drains=221057 evl=0ms
[2026-06-04 10:06:13.787] [info] [Worker 3] [libqueen] push(q=0 f=1/24 p99rtt=26ms) pop(q=0 f=0/16 p99rtt=35ms) custom(q=0 f=0/1 p99rtt=5ms) slots=24/25 jobs/s=600 drains=220719 evl=0ms
[2026-06-04 10:06:13.813] [info] [Worker 5] [libqueen] push(q=0 f=1/24 p99rtt=24ms) pop(q=0 f=0/16 p99rtt=48ms) custom(q=0 f=0/1 p99rtt=4ms) slots=24/25 jobs/s=588 drains=221650 evl=0ms
[2026-06-04 10:06:13.840] [info] [Worker 2] [libqueen] push(q=5 f=0/24 p99rtt=25ms) pop(q=0 f=0/16 p99rtt=36ms) custom(q=0 f=0/1 p99rtt=3ms) slots=25/25 jobs/s=595 drains=221011 evl=0ms
[2026-06-04 10:06:13.843] [info] [Worker 7] [libqueen] push(q=3 f=0/24 p99rtt=24ms) pop(q=0 f=0/16 p99rtt=48ms) custom(q=0 f=0/1 p99rtt=5ms) slots=25/25 jobs/s=576 drains=220733 evl=0ms
[2026-06-04 10:06:13.846] [info] [Worker 8] [libqueen] push(q=0 f=1/24 p99rtt=26ms) pop(q=0 f=0/16 p99rtt=41ms) custom(q=0 f=0/1 p99rtt=4ms) slots=24/25 jobs/s=576 drains=220067 evl=0ms
[2026-06-04 10:06:13.849] [info] [Worker 9] [libqueen] push(q=0 f=0/24 p99rtt=26ms) pop(q=0 f=0/16 p99rtt=39ms) custom(q=0 f=1/1 p99rtt=4ms) slots=24/25 jobs/s=587 drains=220504 evl=0ms
[2026-06-04 10:06:13.850] [info] [Worker 1] [libqueen] push(q=5 f=0/24 p99rtt=26ms) pop(q=0 f=0/16 p99rtt=50ms) custom(q=0 f=0/1 p99rtt=3ms) slots=25/25 jobs/s=585 drains=220136 evl=0ms
[2026-06-04 10:06:13.861] [info] [Worker 6] [libqueen] push(q=5 f=0/24 p99rtt=26ms) pop(q=0 f=0/16 p99rtt=39ms) custom(q=0 f=0/1 p99rtt=3ms) slots=25/25 jobs/s=576 drains=221057 evl=0ms
[2026-06-04 10:06:14.090] [info] QPOP: Connection aborted for 23817325-b05b-48e8-a405-83335f1a17d0
[2026-06-04 10:06:14.100] [info] QPOP: Connection aborted for fc7ef8fd-4f89-4362-80fa-9db798a26749
[2026-06-04 10:06:14.103] [info] QPOP: Connection aborted for 415f24cd-7ec3-48d3-8cae-ac20628460eb
[2026-06-04 10:06:14.108] [info] QPOP: Connection aborted for ae0ba087-921c-47f6-bfd2-930871d6c314
[2026-06-04 10:06:14.109] [info] QPOP: Connection aborted for 7da0abd8-ed74-4dca-bdbe-f6d3ebd1d5c4
[2026-06-04 10:06:14.118] [info] QPOP: Connection aborted for dd397b37-c913-436f-80a5-1002d2dd8c92
[2026-06-04 10:06:14.120] [info] QPOP: Connection aborted for 5d079065-8138-43c4-887d-b89d489544c1
[2026-06-04 10:06:14.135] [info] QPOP: Connection aborted for 60d12430-2687-49e5-8727-f14bf134542f
[2026-06-04 10:06:14.136] [info] QPOP: Connection aborted for f2c18e37-91a2-464b-8964-dfeaafeae334
[2026-06-04 10:06:14.138] [info] QPOP: Connection aborted for 7edc14d3-5fb2-4620-9a5d-bc9e1743c268
[2026-06-04 10:06:14.139] [info] QPOP: Connection aborted for c5e23ed4-60d6-4c78-8751-1c11359453bb
[2026-06-04 10:06:14.149] [info] QPOP: Connection aborted for 631a3a19-7888-497d-9ee0-e8955928a891
[2026-06-04 10:06:14.150] [info] QPOP: Connection aborted for 5224556c-603d-4eb6-b33b-85a15b88af40
[2026-06-04 10:06:14.163] [info] QPOP: Connection aborted for c027a19f-7bf9-4d0e-ac64-ded3ffbf20c4
[2026-06-04 10:06:14.169] [info] QPOP: Connection aborted for 6922ac95-9d49-4911-b42f-5d507ec0ce98
[2026-06-04 10:06:14.182] [info] QPOP: Connection aborted for 6a1d2590-7e0c-460f-9d30-b024d03b9a85
[2026-06-04 10:06:14.184] [info] QPOP: Connection aborted for 40fe1248-6cd4-42ac-b39b-2b5b52ed6c1a
[2026-06-04 10:06:14.185] [info] QPOP: Connection aborted for 42f1e672-c351-4829-8074-bdd3b5dd63e5
[2026-06-04 10:06:14.189] [info] QPOP: Connection aborted for 1afb1976-c1c5-4756-88ef-95e89b52b42d
[2026-06-04 10:06:14.197] [info] QPOP: Connection aborted for f1582ac3-f069-4bc2-9a06-0b2bb6f6b3b1
[2026-06-04 10:06:14.199] [info] QPOP: Connection aborted for 6e4a64d4-a395-4440-a206-87a49756aa99
[2026-06-04 10:06:14.200] [info] QPOP: Connection aborted for 29a769dc-70e8-449f-92e6-501cbc21148e
[2026-06-04 10:06:14.202] [info] QPOP: Connection aborted for 3456f9f2-2bfc-496f-8acd-e5c49fe9c649
[2026-06-04 10:06:14.202] [info] QPOP: Connection aborted for d47b93a3-e32c-428d-887b-2ba16774f01a
[2026-06-04 10:06:14.202] [info] QPOP: Connection aborted for 6a551218-8da8-4ec4-b315-42d4cfc53778
[2026-06-04 10:06:14.204] [info] QPOP: Connection aborted for ae0c6dd2-9a5e-4efb-80aa-532379aa3545
[2026-06-04 10:06:14.210] [info] QPOP: Connection aborted for d9f53ec2-8411-4056-970a-f09ef9082839
[2026-06-04 10:06:14.212] [info] QPOP: Connection aborted for 08a26aad-c1f8-47e5-8d40-ef5ba651a5ef
[2026-06-04 10:06:14.222] [info] QPOP: Connection aborted for db79de24-f22e-470c-886e-7d1372aa3f39
[2026-06-04 10:06:14.225] [info] QPOP: Connection aborted for 2c1162d1-9762-45d2-aa50-e7931a639f8c
[2026-06-04 10:06:14.227] [info] QPOP: Connection aborted for b28d92c6-46d9-4ec0-bd03-856a2c38160a
[2026-06-04 10:06:14.238] [info] QPOP: Connection aborted for fb020061-40e6-41ae-871d-9937e5b4b81f
[2026-06-04 10:06:14.238] [info] QPOP: Connection aborted for dd94978d-41ca-452f-b774-cfb1b2f25c11
[2026-06-04 10:06:14.245] [info] QPOP: Connection aborted for d80f611d-e78c-4311-a71e-bf487afd554a
[2026-06-04 10:06:14.253] [info] QPOP: Connection aborted for 44ab9c26-bed5-4df3-9ae3-ad647351df3b
[2026-06-04 10:06:14.262] [info] QPOP: Connection aborted for 7377c927-110a-4a99-8a1c-642892a772f1
[2026-06-04 10:06:14.272] [info] QPOP: Connection aborted for ecd5f44f-6901-48dc-a864-dea47c721fef
[2026-06-04 10:06:14.274] [info] QPOP: Connection aborted for 2a50564b-cb22-4e0f-a650-2554ca2d9190
[2026-06-04 10:06:14.275] [info] QPOP: Connection aborted for 8b8da2ec-aee7-4115-97fb-d4e1d5f784ac
[2026-06-04 10:06:14.293] [info] QPOP: Connection aborted for a1b08ddd-0d2e-4015-948c-eb4ec37c4d5e
[2026-06-04 10:06:14.334] [info] QPOP: Connection aborted for f79ee826-ff05-448f-83c8-36610a291043
[2026-06-04 10:06:14.334] [info] QPOP: Connection aborted for 995f9d47-13f0-4770-9853-fc4e41d9360d
[2026-06-04 10:06:14.361] [info] QPOP: Connection aborted for 7731f6ea-9d64-43bf-a422-c776fa8ace34
[2026-06-04 10:06:14.365] [info] QPOP: Connection aborted for 55feeffb-8b50-449a-a01d-e988109cb9d7
[2026-06-04 10:06:14.365] [info] QPOP: Connection aborted for 9115c246-8eb6-4ceb-8428-720aa99937f2
[2026-06-04 10:06:14.370] [info] QPOP: Connection aborted for 4e95d7e6-1ee0-4312-a181-90415e404eb5
[2026-06-04 10:06:14.385] [info] QPOP: Connection aborted for 0856c719-c587-4c0f-b57a-490dae66e804
[2026-06-04 10:06:14.393] [info] QPOP: Connection aborted for e8d0785a-d682-42fc-855b-c449081e90d2
[2026-06-04 10:06:14.407] [info] QPOP: Connection aborted for 58f65cb7-05fe-4d17-9225-a8576e7f10a1
[2026-06-04 10:06:14.409] [info] QPOP: Connection aborted for 55608fb5-822a-4f89-8c21-f14278a9255f
[2026-06-04 10:06:14.751] [info] [Worker 4] [libqueen] push(q=5 f=0/24 p99rtt=26ms) pop(q=0 f=0/16 p99rtt=35ms) custom(q=0 f=0/1 p99rtt=6ms) slots=25/25 jobs/s=612 drains=221643 evl=0ms
[2026-06-04 10:06:14.774] [info] [Worker 0] [libqueen] push(q=0 f=0/24 p99rtt=24ms) pop(q=0 f=0/16 p99rtt=36ms) custom(q=0 f=0/1 p99rtt=4ms) slots=25/25 jobs/s=606 drains=221901 evl=0ms
[2026-06-04 10:06:14.786] [info] [Worker 3] [libqueen] push(q=1 f=0/24 p99rtt=25ms) pop(q=0 f=0/16 p99rtt=35ms) custom(q=0 f=0/1 p99rtt=5ms) slots=25/25 jobs/s=612 drains=221574 evl=0ms
[2026-06-04 10:06:14.814] [info] [Worker 5] [libqueen] push(q=5 f=0/24 p99rtt=22ms) pop(q=0 f=0/16 p99rtt=48ms) custom(q=0 f=0/1 p99rtt=4ms) slots=25/25 jobs/s=606 drains=222488 evl=0ms
[2026-06-04 10:06:14.840] [info] [Worker 2] [libqueen] push(q=5 f=0/24 p99rtt=25ms) pop(q=0 f=0/16 p99rtt=36ms) custom(q=0 f=0/1 p99rtt=3ms) slots=25/25 jobs/s=600 drains=221844 evl=0ms
[2026-06-04 10:06:14.843] [info] [Worker 7] [libqueen] push(q=0 f=1/24 p99rtt=24ms) pop(q=0 f=0/16 p99rtt=48ms) custom(q=0 f=0/1 p99rtt=5ms) slots=24/25 jobs/s=612 drains=221572 evl=0ms
[2026-06-04 10:06:14.846] [info] [Worker 8] [libqueen] push(q=0 f=1/24 p99rtt=24ms) pop(q=0 f=0/16 p99rtt=39ms) custom(q=0 f=0/1 p99rtt=4ms) slots=24/25 jobs/s=588 drains=220887 evl=0ms
[2026-06-04 10:06:14.848] [info] [Worker 9] [libqueen] push(q=5 f=0/24 p99rtt=26ms) pop(q=0 f=0/16 p99rtt=39ms) custom(q=0 f=0/1 p99rtt=4ms) slots=25/25 jobs/s=595 drains=221329 evl=0ms
[2026-06-04 10:06:14.854] [info] [Worker 1] [libqueen] push(q=5 f=0/24 p99rtt=25ms) pop(q=0 f=0/16 p99rtt=50ms) custom(q=0 f=0/1 p99rtt=3ms) slots=25/25 jobs/s=600 drains=220969 evl=0ms
[2026-06-04 10:06:14.862] [info] [Worker 6] [libqueen] push(q=5 f=0/24 p99rtt=25ms) pop(q=0 f=0/16 p99rtt=39ms) custom(q=0 f=0/1 p99rtt=3ms) slots=25/25 jobs/s=612 drains=221895 evl=0ms
[2026-06-04 10:06:15.751] [info] [Worker 4] [libqueen] push(q=5 f=0/24 p99rtt=27ms) pop(q=0 f=0/16 p99rtt=35ms) custom(q=0 f=0/1 p99rtt=5ms) slots=25/25 jobs/s=528 drains=222371 evl=0ms
[2026-06-04 10:06:15.775] [info] [Worker 0] [libqueen] push(q=0 f=1/24 p99rtt=26ms) pop(q=0 f=0/16 p99rtt=36ms) custom(q=0 f=0/1 p99rtt=4ms) slots=24/25 jobs/s=558 drains=222653 evl=0ms
[2026-06-04 10:06:15.786] [info] [Worker 3] [libqueen] push(q=0 f=1/24 p99rtt=25ms) pop(q=0 f=0/16 p99rtt=35ms) custom(q=0 f=0/1 p99rtt=5ms) slots=24/25 jobs/s=540 drains=222332 evl=0ms
[2026-06-04 10:06:15.814] [info] [Worker 5] [libqueen] push(q=0 f=1/24 p99rtt=24ms) pop(q=0 f=0/16 p99rtt=48ms) custom(q=0 f=0/1 p99rtt=4ms) slots=24/25 jobs/s=552 drains=223256 evl=0ms
[2026-06-04 10:06:15.840] [info] [Worker 2] [libqueen] push(q=5 f=0/24 p99rtt=25ms) pop(q=0 f=0/16 p99rtt=36ms) custom(q=0 f=0/1 p99rtt=4ms) slots=25/25 jobs/s=540 drains=222597 evl=0ms
[2026-06-04 10:06:15.843] [info] [Worker 7] [libqueen] push(q=5 f=0/24 p99rtt=24ms) pop(q=0 f=0/16 p99rtt=48ms) custom(q=0 f=0/1 p99rtt=5ms) slots=25/25 jobs/s=570 drains=222351 evl=0ms
[2026-06-04 10:06:15.846] [info] [Worker 8] [libqueen] push(q=0 f=1/24 p99rtt=27ms) pop(q=0 f=0/16 p99rtt=39ms) custom(q=0 f=0/1 p99rtt=3ms) slots=24/25 jobs/s=540 drains=221609 evl=0ms
[2026-06-04 10:06:15.849] [info] [Worker 9] [libqueen] push(q=5 f=0/24 p99rtt=27ms) pop(q=0 f=0/16 p99rtt=39ms) custom(q=0 f=0/1 p99rtt=3ms) slots=25/25 jobs/s=558 drains=222052 evl=0ms
[2026-06-04 10:06:15.854] [info] [Worker 1] [libqueen] push(q=0 f=0/24 p99rtt=25ms) pop(q=0 f=0/16 p99rtt=50ms) custom(q=0 f=0/1 p99rtt=3ms) slots=25/25 jobs/s=564 drains=221748 evl=0ms
[2026-06-04 10:06:15.861] [info] [Worker 6] [libqueen] push(q=5 f=0/24 p99rtt=25ms) pop(q=0 f=0/16 p99rtt=39ms) custom(q=0 f=0/1 p99rtt=3ms) slots=25/25 jobs/s=546 drains=222571 evl=0ms
[2026-06-04 10:06:16.750] [info] [Worker 4] [libqueen] push(q=5 f=0/24 p99rtt=23ms) pop(q=0 f=0/16 p99rtt=35ms) custom(q=0 f=0/1 p99rtt=5ms) slots=25/25 jobs/s=624 drains=223240 evl=0ms
[2026-06-04 10:06:16.775] [info] [Worker 0] [libqueen] push(q=5 f=0/24 p99rtt=25ms) pop(q=0 f=0/16 p99rtt=36ms) custom(q=0 f=0/1 p99rtt=3ms) slots=25/25 jobs/s=612 drains=223491 evl=0ms
[2026-06-04 10:06:16.787] [info] [Worker 3] [libqueen] push(q=5 f=0/24 p99rtt=23ms) pop(q=0 f=0/16 p99rtt=35ms) custom(q=0 f=0/1 p99rtt=5ms) slots=25/25 jobs/s=618 drains=223180 evl=0ms
[2026-06-04 10:06:16.814] [info] [Worker 5] [libqueen] push(q=5 f=0/24 p99rtt=22ms) pop(q=0 f=0/16 p99rtt=48ms) custom(q=0 f=0/1 p99rtt=4ms) slots=25/25 jobs/s=624 drains=224102 evl=0ms
[2026-06-04 10:06:16.840] [info] [Worker 2] [libqueen] push(q=5 f=0/24 p99rtt=25ms) pop(q=0 f=0/16 p99rtt=36ms) custom(q=0 f=0/1 p99rtt=4ms) slots=25/25 jobs/s=600 drains=223427 evl=0ms
[2026-06-04 10:06:16.842] [info] [Worker 7] [libqueen] push(q=0 f=1/24 p99rtt=24ms) pop(q=0 f=0/16 p99rtt=48ms) custom(q=0 f=0/1 p99rtt=5ms) slots=24/25 jobs/s=600 drains=223159 evl=0ms
[2026-06-04 10:06:16.846] [info] [Worker 8] [libqueen] push(q=5 f=0/24 p99rtt=24ms) pop(q=0 f=0/16 p99rtt=39ms) custom(q=0 f=0/1 p99rtt=3ms) slots=25/25 jobs/s=606 drains=222411 evl=0ms
[2026-06-04 10:06:16.850] [info] [Worker 9] [libqueen] push(q=5 f=0/24 p99rtt=24ms) pop(q=0 f=0/16 p99rtt=39ms) custom(q=0 f=0/1 p99rtt=3ms) slots=25/25 jobs/s=594 drains=222855 evl=0ms
[2026-06-04 10:06:16.854] [info] [Worker 1] [libqueen] push(q=0 f=1/24 p99rtt=22ms) pop(q=0 f=0/16 p99rtt=50ms) custom(q=0 f=0/1 p99rtt=3ms) slots=24/25 jobs/s=594 drains=222567 evl=0ms
[2026-06-04 10:06:16.862] [info] [Worker 6] [libqueen] push(q=0 f=1/24 p99rtt=24ms) pop(q=0 f=0/16 p99rtt=39ms) custom(q=0 f=0/1 p99rtt=3ms) slots=24/25 jobs/s=612 drains=223384 evl=0ms
[2026-06-04 10:06:17.751] [info] [Worker 4] [libqueen] push(q=0 f=1/24 p99rtt=24ms) pop(q=0 f=0/16 p99rtt=35ms) custom(q=0 f=0/1 p99rtt=5ms) slots=24/25 jobs/s=576 drains=224062 evl=0ms
[2026-06-04 10:06:17.775] [info] [Worker 0] [libqueen] push(q=0 f=0/24 p99rtt=24ms) pop(q=0 f=0/16 p99rtt=36ms) custom(q=0 f=0/1 p99rtt=5ms) slots=25/25 jobs/s=588 drains=224278 evl=0ms
[2026-06-04 10:06:17.787] [info] [Worker 3] [libqueen] push(q=0 f=1/24 p99rtt=25ms) pop(q=0 f=0/16 p99rtt=35ms) custom(q=0 f=0/1 p99rtt=4ms) slots=24/25 jobs/s=564 drains=223958 evl=0ms
[2026-06-04 10:06:17.815] [info] [Worker 5] [libqueen] push(q=0 f=1/24 p99rtt=24ms) pop(q=0 f=0/16 p99rtt=48ms) custom(q=0 f=0/1 p99rtt=4ms) slots=24/25 jobs/s=558 drains=224884 evl=0ms
[2026-06-04 10:06:17.841] [info] [Worker 2] [libqueen] push(q=5 f=0/24 p99rtt=25ms) pop(q=0 f=0/16 p99rtt=36ms) custom(q=0 f=0/1 p99rtt=5ms) slots=25/25 jobs/s=558 drains=224193 evl=0ms
[2026-06-04 10:06:17.843] [info] [Worker 7] [libqueen] push(q=0 f=1/24 p99rtt=24ms) pop(q=0 f=0/16 p99rtt=48ms) custom(q=0 f=0/1 p99rtt=5ms) slots=24/25 jobs/s=564 drains=223933 evl=0ms
[2026-06-04 10:06:17.845] [info] [Worker 8] [libqueen] push(q=5 f=0/24 p99rtt=24ms) pop(q=0 f=0/16 p99rtt=39ms) custom(q=0 f=0/1 p99rtt=4ms) slots=25/25 jobs/s=576 drains=223193 evl=0ms
[2026-06-04 10:06:17.850] [info] [Worker 9] [libqueen] push(q=0 f=0/24 p99rtt=25ms) pop(q=0 f=0/16 p99rtt=39ms) custom(q=0 f=0/1 p99rtt=4ms) slots=25/25 jobs/s=570 drains=223665 evl=0ms
[2026-06-04 10:06:17.854] [info] [Worker 1] [libqueen] push(q=5 f=0/24 p99rtt=24ms) pop(q=0 f=0/16 p99rtt=50ms) custom(q=0 f=0/1 p99rtt=4ms) slots=25/25 jobs/s=564 drains=223347 evl=0ms
[2026-06-04 10:06:17.862] [info] [Worker 6] [libqueen] push(q=0 f=1/24 p99rtt=24ms) pop(q=0 f=0/16 p99rtt=39ms) custom(q=0 f=0/1 p99rtt=3ms) slots=24/25 jobs/s=552 drains=224151 evl=0ms
[2026-06-04 10:06:18.752] [info] [Worker 4] [libqueen] push(q=0 f=1/24 p99rtt=27ms) pop(q=0 f=0/16 p99rtt=35ms) custom(q=0 f=1/1 p99rtt=6ms) slots=23/25 jobs/s=449 drains=224683 evl=0ms
[2026-06-04 10:06:18.774] [info] [Worker 0] [libqueen] push(q=0 f=1/24 p99rtt=27ms) pop(q=0 f=0/16 p99rtt=36ms) custom(q=0 f=0/1 p99rtt=5ms) slots=24/25 jobs/s=450 drains=224925 evl=0ms
[2026-06-04 10:06:18.787] [info] [Worker 3] [libqueen] push(q=5 f=0/24 p99rtt=26ms) pop(q=0 f=0/16 p99rtt=35ms) custom(q=0 f=0/1 p99rtt=7ms) slots=25/25 jobs/s=474 drains=224611 evl=0ms
[2026-06-04 10:06:18.815] [info] [Worker 5] [libqueen] push(q=0 f=1/24 p99rtt=26ms) pop(q=0 f=0/16 p99rtt=48ms) custom(q=0 f=0/1 p99rtt=5ms) slots=24/25 jobs/s=450 drains=225527 evl=0ms
[2026-06-04 10:06:18.841] [info] [Worker 2] [libqueen] push(q=5 f=0/24 p99rtt=25ms) pop(q=0 f=0/16 p99rtt=35ms) custom(q=0 f=0/1 p99rtt=5ms) slots=25/25 jobs/s=456 drains=224823 evl=0ms
[2026-06-04 10:06:18.842] [info] [Worker 7] [libqueen] push(q=5 f=0/24 p99rtt=24ms) pop(q=0 f=0/16 p99rtt=48ms) custom(q=0 f=0/1 p99rtt=7ms) slots=25/25 jobs/s=450 drains=224564 evl=0ms
[2026-06-04 10:06:18.846] [info] [Worker 8] [libqueen] push(q=0 f=1/24 p99rtt=27ms) pop(q=0 f=0/16 p99rtt=39ms) custom(q=0 f=0/1 p99rtt=6ms) slots=24/25 jobs/s=456 drains=223832 evl=0ms
[2026-06-04 10:06:18.850] [info] [Worker 9] [libqueen] push(q=3 f=0/24 p99rtt=27ms) pop(q=0 f=0/16 p99rtt=39ms) custom(q=0 f=0/1 p99rtt=4ms) slots=25/25 jobs/s=444 drains=224294 evl=0ms
[2026-06-04 10:06:18.854] [info] [Worker 1] [libqueen] push(q=5 f=0/24 p99rtt=25ms) pop(q=0 f=0/16 p99rtt=50ms) custom(q=0 f=0/1 p99rtt=5ms) slots=25/25 jobs/s=438 drains=223969 evl=0ms
[2026-06-04 10:06:18.862] [info] [Worker 6] [libqueen] push(q=5 f=0/24 p99rtt=26ms) pop(q=0 f=0/16 p99rtt=39ms) custom(q=0 f=0/1 p99rtt=4ms) slots=25/25 jobs/s=444 drains=224774 evl=0ms
[2026-06-04 10:06:19.752] [info] [Worker 4] [libqueen] push(q=0 f=1/24 p99rtt=27ms) pop(q=0 f=0/16 p99rtt=35ms) custom(q=0 f=0/1 p99rtt=8ms) slots=24/25 jobs/s=493 drains=225353 evl=0ms
[2026-06-04 10:06:19.775] [info] [Worker 0] [libqueen] push(q=5 f=0/24 p99rtt=27ms) pop(q=0 f=0/16 p99rtt=36ms) custom(q=0 f=0/1 p99rtt=5ms) slots=25/25 jobs/s=492 drains=225600 evl=0ms
[2026-06-04 10:06:19.787] [info] [Worker 3] [libqueen] push(q=5 f=0/24 p99rtt=26ms) pop(q=0 f=0/16 p99rtt=35ms) custom(q=0 f=0/1 p99rtt=7ms) slots=25/25 jobs/s=480 drains=225276 evl=0ms
[2026-06-04 10:06:19.814] [info] [Worker 5] [libqueen] push(q=5 f=0/24 p99rtt=27ms) pop(q=0 f=0/16 p99rtt=48ms) custom(q=0 f=0/1 p99rtt=5ms) slots=25/25 jobs/s=474 drains=226183 evl=0ms
[2026-06-04 10:06:19.840] [info] [Worker 2] [libqueen] push(q=5 f=0/24 p99rtt=26ms) pop(q=0 f=0/16 p99rtt=35ms) custom(q=0 f=0/1 p99rtt=6ms) slots=25/25 jobs/s=468 drains=225478 evl=0ms
[2026-06-04 10:06:19.843] [info] [Worker 7] [libqueen] push(q=0 f=1/24 p99rtt=25ms) pop(q=0 f=0/16 p99rtt=48ms) custom(q=0 f=0/1 p99rtt=7ms) slots=24/25 jobs/s=474 drains=225225 evl=0ms
[2026-06-04 10:06:19.845] [info] [Worker 8] [libqueen] push(q=5 f=0/24 p99rtt=27ms) pop(q=0 f=0/16 p99rtt=39ms) custom(q=0 f=0/1 p99rtt=7ms) slots=25/25 jobs/s=474 drains=224487 evl=0ms
[2026-06-04 10:06:19.850] [info] [Worker 9] [libqueen] push(q=5 f=0/24 p99rtt=28ms) pop(q=0 f=0/16 p99rtt=37ms) custom(q=0 f=0/1 p99rtt=5ms) slots=25/25 jobs/s=468 drains=224962 evl=0ms
[2026-06-04 10:06:19.854] [info] [Worker 1] [libqueen] push(q=0 f=1/24 p99rtt=26ms) pop(q=0 f=0/16 p99rtt=50ms) custom(q=0 f=0/1 p99rtt=5ms) slots=24/25 jobs/s=462 drains=224619 evl=0ms
[2026-06-04 10:06:19.862] [info] [Worker 6] [libqueen] push(q=5 f=0/24 p99rtt=27ms) pop(q=0 f=0/16 p99rtt=39ms) custom(q=0 f=0/1 p99rtt=5ms) slots=25/25 jobs/s=468 drains=225449 evl=0ms
[2026-06-04 10:06:20.752] [info] [Worker 4] [libqueen] push(q=0 f=1/24 p99rtt=27ms) pop(q=0 f=0/16 p99rtt=35ms) custom(q=0 f=0/1 p99rtt=7ms) slots=24/25 jobs/s=426 drains=225951 evl=0ms
[2026-06-04 10:06:20.774] [info] [Worker 0] [libqueen] push(q=5 f=0/24 p99rtt=27ms) pop(q=0 f=0/16 p99rtt=36ms) custom(q=0 f=0/1 p99rtt=5ms) slots=25/25 jobs/s=408 drains=226173 evl=0ms
[2026-06-04 10:06:20.786] [info] [Worker 3] [libqueen] push(q=0 f=1/24 p99rtt=26ms) pop(q=0 f=0/16 p99rtt=35ms) custom(q=0 f=0/1 p99rtt=7ms) slots=24/25 jobs/s=414 drains=225850 evl=0ms
[2026-06-04 10:06:20.815] [info] [Worker 5] [libqueen] push(q=5 f=0/24 p99rtt=26ms) pop(q=0 f=0/16 p99rtt=48ms) custom(q=0 f=0/1 p99rtt=5ms) slots=25/25 jobs/s=426 drains=226776 evl=0ms
[2026-06-04 10:06:20.841] [info] [Worker 2] [libqueen] push(q=0 f=1/24 p99rtt=26ms) pop(q=0 f=0/16 p99rtt=35ms) custom(q=0 f=0/1 p99rtt=6ms) slots=24/25 jobs/s=414 drains=226038 evl=0ms
[2026-06-04 10:06:20.843] [info] [Worker 7] [libqueen] push(q=0 f=0/24 p99rtt=25ms) pop(q=0 f=0/16 p99rtt=48ms) custom(q=0 f=1/1 p99rtt=8ms) slots=24/25 jobs/s=413 drains=225793 evl=0ms
[2026-06-04 10:06:20.846] [info] [Worker 8] [libqueen] push(q=5 f=0/24 p99rtt=27ms) pop(q=0 f=0/16 p99rtt=39ms) custom(q=0 f=0/1 p99rtt=7ms) slots=25/25 jobs/s=408 drains=225067 evl=0ms
[2026-06-04 10:06:20.849] [info] [Worker 9] [libqueen] push(q=5 f=0/24 p99rtt=28ms) pop(q=0 f=0/16 p99rtt=37ms) custom(q=0 f=0/1 p99rtt=5ms) slots=25/25 jobs/s=408 drains=225536 evl=0ms
[2026-06-04 10:06:20.854] [info] [Worker 1] [libqueen] push(q=5 f=0/24 p99rtt=26ms) pop(q=0 f=0/16 p99rtt=47ms) custom(q=0 f=0/1 p99rtt=5ms) slots=25/25 jobs/s=420 drains=225194 evl=0ms
[2026-06-04 10:06:20.862] [info] [Worker 6] [libqueen] push(q=0 f=1/24 p99rtt=26ms) pop(q=0 f=0/16 p99rtt=39ms) custom(q=0 f=0/1 p99rtt=5ms) slots=24/25 jobs/s=414 drains=226017 evl=0ms
[2026-06-04 10:06:21.751] [info] [Worker 4] [libqueen] push(q=5 f=0/24 p99rtt=24ms) pop(q=0 f=0/16 p99rtt=35ms) custom(q=0 f=0/1 p99rtt=4ms) slots=25/25 jobs/s=612 drains=226793 evl=0ms
[2026-06-04 10:06:21.775] [info] [Worker 0] [libqueen] push(q=5 f=0/24 p99rtt=24ms) pop(q=0 f=0/16 p99rtt=36ms) custom(q=0 f=0/1 p99rtt=4ms) slots=25/25 jobs/s=624 drains=227004 evl=0ms
[2026-06-04 10:06:21.787] [info] [Worker 3] [libqueen] push(q=5 f=0/24 p99rtt=26ms) pop(q=0 f=0/16 p99rtt=35ms) custom(q=0 f=0/1 p99rtt=5ms) slots=25/25 jobs/s=624 drains=226702 evl=0ms
[2026-06-04 10:06:21.814] [info] [Worker 5] [libqueen] push(q=0 f=1/24 p99rtt=24ms) pop(q=0 f=0/16 p99rtt=48ms) custom(q=0 f=0/1 p99rtt=5ms) slots=24/25 jobs/s=624 drains=227620 evl=0ms
[2026-06-04 10:06:21.840] [info] [Worker 2] [libqueen] push(q=0 f=1/24 p99rtt=25ms) pop(q=0 f=0/16 p99rtt=35ms) custom(q=0 f=0/1 p99rtt=5ms) slots=24/25 jobs/s=606 drains=226874 evl=0ms
[2026-06-04 10:06:21.843] [info] [Worker 7] [libqueen] push(q=0 f=1/24 p99rtt=24ms) pop(q=0 f=0/16 p99rtt=48ms) custom(q=0 f=0/1 p99rtt=7ms) slots=24/25 jobs/s=607 drains=226650 evl=0ms
[2026-06-04 10:06:21.846] [info] [Worker 8] [libqueen] push(q=5 f=0/24 p99rtt=25ms) pop(q=0 f=0/16 p99rtt=39ms) custom(q=0 f=0/1 p99rtt=5ms) slots=25/25 jobs/s=606 drains=225905 evl=0ms
[2026-06-04 10:06:21.850] [info] [Worker 9] [libqueen] push(q=5 f=0/24 p99rtt=27ms) pop(q=0 f=0/16 p99rtt=37ms) custom(q=0 f=0/1 p99rtt=4ms) slots=25/25 jobs/s=618 drains=226375 evl=0ms
[2026-06-04 10:06:21.853] [info] [Worker 1] [libqueen] push(q=0 f=1/24 p99rtt=25ms) pop(q=0 f=0/16 p99rtt=45ms) custom(q=0 f=0/1 p99rtt=4ms) slots=24/25 jobs/s=606 drains=226032 evl=0ms
[2026-06-04 10:06:21.861] [info] [Worker 6] [libqueen] push(q=5 f=0/24 p99rtt=26ms) pop(q=0 f=0/16 p99rtt=39ms) custom(q=0 f=0/1 p99rtt=4ms) slots=25/25 jobs/s=618 drains=226857 evl=0ms
[2026-06-04 10:06:22.752] [info] [Worker 4] [libqueen] push(q=0 f=1/24 p99rtt=24ms) pop(q=0 f=0/16 p99rtt=34ms) custom(q=0 f=0/1 p99rtt=4ms) slots=24/25 jobs/s=606 drains=227623 evl=0ms
[2026-06-04 10:06:22.775] [info] [Worker 0] [libqueen] push(q=0 f=1/24 p99rtt=24ms) pop(q=0 f=0/16 p99rtt=36ms) custom(q=0 f=0/1 p99rtt=4ms) slots=24/25 jobs/s=606 drains=227844 evl=0ms
[2026-06-04 10:06:22.787] [info] [Worker 3] [libqueen] push(q=5 f=0/24 p99rtt=25ms) pop(q=0 f=0/16 p99rtt=35ms) custom(q=0 f=0/1 p99rtt=4ms) slots=25/25 jobs/s=606 drains=227510 evl=0ms
[2026-06-04 10:06:22.815] [info] [Worker 5] [libqueen] push(q=5 f=0/24 p99rtt=24ms) pop(q=0 f=0/16 p99rtt=48ms) custom(q=0 f=0/1 p99rtt=4ms) slots=25/25 jobs/s=618 drains=228482 evl=0ms
[2026-06-04 10:06:22.841] [info] [Worker 2] [libqueen] push(q=0 f=1/24 p99rtt=24ms) pop(q=0 f=0/16 p99rtt=35ms) custom(q=0 f=0/1 p99rtt=5ms) slots=24/25 jobs/s=600 drains=227686 evl=0ms
[2026-06-04 10:06:22.844] [info] [Worker 7] [libqueen] push(q=0 f=1/24 p99rtt=24ms) pop(q=0 f=0/16 p99rtt=48ms) custom(q=0 f=0/1 p99rtt=5ms) slots=24/25 jobs/s=618 drains=227478 evl=0ms
[2026-06-04 10:06:22.846] [info] [Worker 8] [libqueen] push(q=0 f=1/24 p99rtt=25ms) pop(q=0 f=0/16 p99rtt=39ms) custom(q=0 f=0/1 p99rtt=4ms) slots=24/25 jobs/s=594 drains=226715 evl=0ms
[2026-06-04 10:06:22.850] [info] [Worker 9] [libqueen] push(q=5 f=0/24 p99rtt=26ms) pop(q=0 f=0/16 p99rtt=37ms) custom(q=0 f=0/1 p99rtt=4ms) slots=25/25 jobs/s=618 drains=227218 evl=0ms
[2026-06-04 10:06:22.854] [info] [Worker 1] [libqueen] push(q=5 f=0/24 p99rtt=24ms) pop(q=0 f=0/16 p99rtt=45ms) custom(q=0 f=0/1 p99rtt=4ms) slots=25/25 jobs/s=606 drains=226873 evl=0ms
[2026-06-04 10:06:22.862] [info] [Worker 6] [libqueen] push(q=5 f=0/24 p99rtt=24ms) pop(q=0 f=0/16 p99rtt=39ms) custom(q=0 f=0/1 p99rtt=4ms) slots=25/25 jobs/s=618 drains=227721 evl=0ms
[2026-06-04 10:06:23.751] [info] [Worker 4] [libqueen] push(q=3 f=0/24 p99rtt=24ms) pop(q=0 f=0/16 p99rtt=34ms) custom(q=0 f=0/1 p99rtt=4ms) slots=25/25 jobs/s=618 drains=228451 evl=0ms
[2026-06-04 10:06:23.775] [info] [Worker 0] [libqueen] push(q=0 f=0/24 p99rtt=23ms) pop(q=0 f=0/16 p99rtt=36ms) custom(q=0 f=1/1 p99rtt=4ms) slots=24/25 jobs/s=623 drains=228695 evl=0ms
[2026-06-04 10:06:23.787] [info] [Worker 3] [libqueen] push(q=0 f=1/24 p99rtt=25ms) pop(q=0 f=0/16 p99rtt=35ms) custom(q=0 f=0/1 p99rtt=4ms) slots=24/25 jobs/s=618 drains=228362 evl=0ms
[2026-06-04 10:06:23.815] [info] [Worker 5] [libqueen] push(q=3 f=0/24 p99rtt=24ms) pop(q=0 f=0/16 p99rtt=48ms) custom(q=0 f=0/1 p99rtt=3ms) slots=25/25 jobs/s=618 drains=229337 evl=0ms
[2026-06-04 10:06:23.841] [info] [Worker 2] [libqueen] push(q=0 f=1/24 p99rtt=24ms) pop(q=0 f=0/16 p99rtt=35ms) custom(q=0 f=0/1 p99rtt=4ms) slots=24/25 jobs/s=618 drains=228540 evl=0ms
[2026-06-04 10:06:23.844] [info] [Worker 7] [libqueen] push(q=0 f=1/24 p99rtt=24ms) pop(q=0 f=0/16 p99rtt=41ms) custom(q=0 f=0/1 p99rtt=5ms) slots=24/25 jobs/s=618 drains=228334 evl=0ms
[2026-06-04 10:06:23.846] [info] [Worker 8] [libqueen] push(q=0 f=1/24 p99rtt=25ms) pop(q=0 f=0/16 p99rtt=39ms) custom(q=0 f=0/1 p99rtt=4ms) slots=24/25 jobs/s=624 drains=227564 evl=0ms
[2026-06-04 10:06:23.849] [info] [Worker 9] [libqueen] push(q=0 f=1/24 p99rtt=26ms) pop(q=0 f=0/16 p99rtt=37ms) custom(q=0 f=0/1 p99rtt=4ms) slots=24/25 jobs/s=612 drains=228050 evl=0ms
[2026-06-04 10:06:23.853] [info] [Worker 1] [libqueen] push(q=0 f=1/24 p99rtt=24ms) pop(q=0 f=0/16 p99rtt=45ms) custom(q=0 f=0/1 p99rtt=4ms) slots=24/25 jobs/s=606 drains=227710 evl=0ms
[2026-06-04 10:06:23.863] [info] [Worker 6] [libqueen] push(q=5 f=0/24 p99rtt=24ms) pop(q=0 f=0/16 p99rtt=39ms) custom(q=0 f=0/1 p99rtt=3ms) slots=25/25 jobs/s=612 drains=228555 evl=0ms
[2026-06-04 10:06:24.092] [info] QPOP: Connection aborted for 94349128-8069-4065-9bdb-3ba8b0222685
[2026-06-04 10:06:24.102] [info] QPOP: Connection aborted for fdec80af-cb8d-4a17-9700-8cac127813c9
[2026-06-04 10:06:24.104] [info] QPOP: Connection aborted for cae0e018-feac-45a4-b0dc-5454a7128214
[2026-06-04 10:06:24.109] [info] QPOP: Connection aborted for fe512f6a-6550-4b60-9431-61d4351387ba
[2026-06-04 10:06:24.110] [info] QPOP: Connection aborted for c8930bf0-e952-4df6-8010-e56612999a2b
[2026-06-04 10:06:24.119] [info] QPOP: Connection aborted for a35cc061-5da8-4173-bc80-596a423f5e9c
[2026-06-04 10:06:24.121] [info] QPOP: Connection aborted for 56c28332-ed9d-4837-9304-972e10de8851
[2026-06-04 10:06:24.136] [info] QPOP: Connection aborted for 81a39ab7-b6c5-4d28-9c00-1afb214d587b
[2026-06-04 10:06:24.138] [info] QPOP: Connection aborted for 914c7b85-8bde-41c4-919d-bf63a2899eea
[2026-06-04 10:06:24.138] [info] QPOP: Connection aborted for 0c7cc5bf-3ca5-4a98-98ba-94305d6777b9
[2026-06-04 10:06:24.141] [info] QPOP: Connection aborted for f6e7c73c-7e2d-4cd9-96ea-6d53e9d16187
[2026-06-04 10:06:24.151] [info] QPOP: Connection aborted for 6894540f-ae07-4292-b1f5-b20d748f06db
[2026-06-04 10:06:24.151] [info] QPOP: Connection aborted for dfa0432c-ff44-4006-9db9-ad8c0de9e123
[2026-06-04 10:06:24.164] [info] QPOP: Connection aborted for 28fbe44c-10b5-44f5-be8f-4451b14a88da
[2026-06-04 10:06:24.170] [info] QPOP: Connection aborted for 5f73f765-eba1-4111-ab4c-0dbb62c97af3
[2026-06-04 10:06:24.183] [info] QPOP: Connection aborted for dfb71cc0-2f41-489f-b055-e1b401868aa9
[2026-06-04 10:06:24.184] [info] QPOP: Connection aborted for bccdf04a-c545-41af-ad6d-ba2ac3ae9b72
[2026-06-04 10:06:24.185] [info] QPOP: Connection aborted for 7e38af38-5b94-4938-9b37-eed111ac8cf1
[2026-06-04 10:06:24.190] [info] QPOP: Connection aborted for 2bc2d4c7-2f36-4611-a9b2-5c05dd71de9d
[2026-06-04 10:06:24.198] [info] QPOP: Connection aborted for 66d4e3e1-8b70-4078-8f42-da0f291495e1
[2026-06-04 10:06:24.200] [info] QPOP: Connection aborted for 76ec29dd-89c3-49c4-8455-4d7985796f77
[2026-06-04 10:06:24.202] [info] QPOP: Connection aborted for 18b58b53-4d2b-43da-b765-25e5614011ae
[2026-06-04 10:06:24.202] [info] QPOP: Connection aborted for 0099ec00-e20f-4bba-9d98-dfda76b8e545
[2026-06-04 10:06:24.202] [info] QPOP: Connection aborted for 5379376c-5d70-440e-8b72-25c19d4fab6d
[2026-06-04 10:06:24.203] [info] QPOP: Connection aborted for 29e6a559-69d6-481d-91b9-5df965fc94f0
[2026-06-04 10:06:24.204] [info] QPOP: Connection aborted for c4d34b77-8724-47f6-99e7-ada65b42086e
[2026-06-04 10:06:24.212] [info] QPOP: Connection aborted for e8c771ca-aa86-4fb5-859c-3d4d600a3fd9
[2026-06-04 10:06:24.213] [info] QPOP: Connection aborted for a3b3d6cb-ca10-423c-8661-1bece989498a
[2026-06-04 10:06:24.223] [info] QPOP: Connection aborted for 473a5e7c-e698-4f08-9162-245ef438cfee
[2026-06-04 10:06:24.225] [info] QPOP: Connection aborted for 4241bf57-942e-48d9-b028-803b3c9edd28
[2026-06-04 10:06:24.229] [info] QPOP: Connection aborted for 10a992b7-b9f2-46ca-94cb-6bfe86a65355
[2026-06-04 10:06:24.239] [info] QPOP: Connection aborted for 024ec651-e7f6-4070-8a9c-c6c6c77eb077
[2026-06-04 10:06:24.240] [info] QPOP: Connection aborted for 872cc3a4-d03b-4ee6-a2d3-a24b66c7e264
[2026-06-04 10:06:24.246] [info] QPOP: Connection aborted for a5a2bd78-60b6-402d-b2fd-3e6c32f90c8b
[2026-06-04 10:06:24.256] [info] QPOP: Connection aborted for 665d8e82-df42-4bb4-bd2e-705160292595
[2026-06-04 10:06:24.263] [info] QPOP: Connection aborted for 744976c2-a0c6-400d-8306-e457f70ad860
[2026-06-04 10:06:24.273] [info] QPOP: Connection aborted for bdf5b900-c533-4e0b-8888-f38b371289f6
[2026-06-04 10:06:24.275] [info] QPOP: Connection aborted for efbb8a2c-7c1b-4dfc-bff8-556b6260ba57
[2026-06-04 10:06:24.275] [info] QPOP: Connection aborted for c64db205-444e-477d-aa08-5ece900c1c21
[2026-06-04 10:06:24.293] [info] QPOP: Connection aborted for 7b16d35c-a8bb-4517-92ef-8ba2d618c437
[2026-06-04 10:06:24.335] [info] QPOP: Connection aborted for 66b2e8d7-c79c-4aea-af4e-f582a25f1136
[2026-06-04 10:06:24.336] [info] QPOP: Connection aborted for 1b48cbae-54c3-4e88-818b-b38a7b697c16
[2026-06-04 10:06:24.364] [info] QPOP: Connection aborted for c906895c-f086-42fe-a876-35747660f80c
[2026-06-04 10:06:24.365] [info] QPOP: Connection aborted for 9e5b8bed-f075-4651-b098-b03e4ba177ab
[2026-06-04 10:06:24.366] [info] QPOP: Connection aborted for 5917aa10-4522-4189-82a4-ced96a1629e3
[2026-06-04 10:06:24.371] [info] QPOP: Connection aborted for e85993f0-8b0c-414e-adfc-c943b1b7572c
[2026-06-04 10:06:24.386] [info] QPOP: Connection aborted for e5d5d5fe-fe23-4a23-92eb-d0a84342b4e1
[2026-06-04 10:06:24.398] [info] QPOP: Connection aborted for 70800e56-575e-494a-80b7-8c20e939a95b
[2026-06-04 10:06:24.410] [info] QPOP: Connection aborted for df47f6e2-e5f1-4fa6-8aee-db2ff7e416ba
[2026-06-04 10:06:24.411] [info] QPOP: Connection aborted for 5567b0ce-adda-4f33-854e-0cfe205781b2
[2026-06-04 10:06:24.531] [info] StatsService: cycle completed in 380ms
[2026-06-04 10:06:24.751] [info] [Worker 4] [libqueen] push(q=0 f=1/24 p99rtt=24ms) pop(q=0 f=1/16 p99rtt=34ms) custom(q=0 f=0/1 p99rtt=4ms) slots=23/25 jobs/s=609 drains=229259 evl=0ms
[2026-06-04 10:06:24.775] [info] [Worker 0] [libqueen] push(q=5 f=0/24 p99rtt=24ms) pop(q=1 f=0/16 p99rtt=36ms) custom(q=0 f=0/1 p99rtt=4ms) slots=25/25 jobs/s=604 drains=229542 evl=0ms
[2026-06-04 10:06:24.787] [info] [Worker 3] [libqueen] push(q=0 f=0/24 p99rtt=25ms) pop(q=1 f=0/16 p99rtt=34ms) custom(q=0 f=0/1 p99rtt=4ms) slots=25/25 jobs/s=615 drains=229199 evl=0ms
[2026-06-04 10:06:24.816] [info] [Worker 5] [libqueen] push(q=0 f=0/24 p99rtt=25ms) pop(q=0 f=0/16 p99rtt=47ms) custom(q=0 f=0/1 p99rtt=3ms) slots=25/25 jobs/s=579 drains=230137 evl=0ms
[2026-06-04 10:06:24.841] [info] [Worker 2] [libqueen] push(q=5 f=0/24 p99rtt=25ms) pop(q=0 f=0/16 p99rtt=35ms) custom(q=0 f=0/1 p99rtt=4ms) slots=25/25 jobs/s=603 drains=229381 evl=0ms
[2026-06-04 10:06:24.844] [info] [Worker 7] [libqueen] push(q=5 f=0/24 p99rtt=25ms) pop(q=0 f=0/16 p99rtt=41ms) custom(q=0 f=0/1 p99rtt=4ms) slots=25/25 jobs/s=609 drains=229167 evl=0ms
[2026-06-04 10:06:24.846] [info] [Worker 8] [libqueen] push(q=5 f=0/24 p99rtt=25ms) pop(q=0 f=0/16 p99rtt=39ms) custom(q=0 f=0/1 p99rtt=4ms) slots=25/25 jobs/s=615 drains=228393 evl=0ms
[2026-06-04 10:06:24.850] [info] [Worker 9] [libqueen] push(q=5 f=0/24 p99rtt=27ms) pop(q=0 f=0/16 p99rtt=37ms) custom(q=0 f=0/1 p99rtt=4ms) slots=25/25 jobs/s=615 drains=228865 evl=0ms
[2026-06-04 10:06:24.854] [info] [Worker 1] [libqueen] push(q=0 f=1/24 p99rtt=24ms) pop(q=0 f=0/16 p99rtt=45ms) custom(q=0 f=0/1 p99rtt=4ms) slots=24/25 jobs/s=603 drains=228538 evl=0ms
[2026-06-04 10:06:24.863] [info] [Worker 6] [libqueen] push(q=5 f=0/24 p99rtt=24ms) pop(q=1 f=0/16 p99rtt=39ms) custom(q=0 f=0/1 p99rtt=3ms) slots=25/25 jobs/s=615 drains=229404 evl=0ms
[2026-06-04 10:06:25.752] [info] [Worker 4] [libqueen] push(q=0 f=1/24 p99rtt=24ms) pop(q=0 f=0/16 p99rtt=34ms) custom(q=0 f=0/1 p99rtt=4ms) slots=24/25 jobs/s=534 drains=229960 evl=0ms
[2026-06-04 10:06:25.776] [info] [Worker 0] [libqueen] push(q=0 f=1/24 p99rtt=24ms) pop(q=0 f=0/16 p99rtt=36ms) custom(q=0 f=0/1 p99rtt=4ms) slots=24/25 jobs/s=510 drains=230253 evl=0ms
[2026-06-04 10:06:25.787] [info] [Worker 3] [libqueen] push(q=0 f=1/24 p99rtt=25ms) pop(q=0 f=0/16 p99rtt=34ms) custom(q=0 f=0/1 p99rtt=4ms) slots=24/25 jobs/s=486 drains=229880 evl=0ms
[2026-06-04 10:06:25.816] [info] [Worker 5] [libqueen] push(q=0 f=1/24 p99rtt=26ms) pop(q=0 f=0/16 p99rtt=47ms) custom(q=0 f=1/1 p99rtt=4ms) slots=23/25 jobs/s=455 drains=230779 evl=0ms
[2026-06-04 10:06:25.840] [info] [Worker 2] [libqueen] push(q=0 f=1/24 p99rtt=26ms) pop(q=0 f=0/16 p99rtt=35ms) custom(q=0 f=1/1 p99rtt=4ms) slots=23/25 jobs/s=467 drains=229960 evl=0ms
[2026-06-04 10:06:25.844] [info] [Worker 7] [libqueen] push(q=0 f=1/24 p99rtt=25ms) pop(q=0 f=0/16 p99rtt=41ms) custom(q=0 f=1/1 p99rtt=4ms) slots=23/25 jobs/s=449 drains=229813 evl=0ms
[2026-06-04 10:06:25.846] [info] [Worker 8] [libqueen] push(q=0 f=1/24 p99rtt=25ms) pop(q=0 f=0/16 p99rtt=39ms) custom(q=0 f=1/1 p99rtt=4ms) slots=23/25 jobs/s=443 drains=229034 evl=0ms
[2026-06-04 10:06:25.850] [info] [Worker 9] [libqueen] push(q=0 f=1/24 p99rtt=29ms) pop(q=0 f=0/16 p99rtt=37ms) custom(q=0 f=1/1 p99rtt=4ms) slots=23/25 jobs/s=473 drains=229538 evl=0ms
[2026-06-04 10:06:25.863] [info] [Worker 6] [libqueen] push(q=0 f=1/24 p99rtt=24ms) pop(q=0 f=0/16 p99rtt=39ms) custom(q=0 f=1/1 p99rtt=3ms) slots=23/25 jobs/s=455 drains=230051 evl=0ms
[2026-06-04 10:06:25.869] [info] [Worker 1] [libqueen] push(q=0 f=1/24 p99rtt=25ms) pop(q=0 f=0/16 p99rtt=45ms) custom(q=0 f=1/1 p99rtt=4ms) slots=23/25 jobs/s=449 drains=229185 evl=0ms
[2026-06-04 10:06:26.752] [info] [Worker 4] [libqueen] push(q=5 f=0/24 p99rtt=25ms) pop(q=0 f=1/16 p99rtt=34ms) custom(q=0 f=0/1 p99rtt=4ms) slots=24/25 jobs/s=545 drains=230721 evl=0ms
[2026-06-04 10:06:26.775] [info] [Worker 0] [libqueen] push(q=0 f=0/24 p99rtt=24ms) pop(q=0 f=1/16 p99rtt=36ms) custom(q=0 f=1/1 p99rtt=5ms) slots=23/25 jobs/s=564 drains=231006 evl=0ms
[2026-06-04 10:06:26.787] [info] [Worker 3] [libqueen] push(q=5 f=0/24 p99rtt=26ms) pop(q=0 f=1/16 p99rtt=34ms) custom(q=0 f=0/1 p99rtt=4ms) slots=24/25 jobs/s=569 drains=230660 evl=0ms
[2026-06-04 10:06:26.815] [info] [Worker 5] [libqueen] push(q=4 f=0/24 p99rtt=26ms) pop(q=0 f=0/16 p99rtt=47ms) custom(q=0 f=0/1 p99rtt=4ms) slots=25/25 jobs/s=578 drains=231588 evl=0ms
[2026-06-04 10:06:26.841] [info] [Worker 2] [libqueen] push(q=5 f=0/24 p99rtt=25ms) pop(q=0 f=0/16 p99rtt=35ms) custom(q=0 f=0/1 p99rtt=4ms) slots=25/25 jobs/s=583 drains=230777 evl=0ms
[2026-06-04 10:06:26.845] [info] [Worker 7] [libqueen] push(q=5 f=0/24 p99rtt=25ms) pop(q=0 f=1/16 p99rtt=41ms) custom(q=0 f=0/1 p99rtt=4ms) slots=24/25 jobs/s=594 drains=230637 evl=0ms
[2026-06-04 10:06:26.846] [info] [Worker 8] [libqueen] push(q=0 f=1/24 p99rtt=25ms) pop(q=0 f=1/16 p99rtt=39ms) custom(q=0 f=0/1 p99rtt=4ms) slots=23/25 jobs/s=597 drains=229837 evl=0ms
[2026-06-04 10:06:26.849] [info] [Worker 9] [libqueen] push(q=0 f=1/24 p99rtt=29ms) pop(q=1 f=0/16 p99rtt=37ms) custom(q=0 f=0/1 p99rtt=4ms) slots=24/25 jobs/s=596 drains=230359 evl=0ms
[2026-06-04 10:06:26.863] [info] [Worker 6] [libqueen] push(q=5 f=0/24 p99rtt=26ms) pop(q=2 f=0/16 p99rtt=37ms) custom(q=0 f=0/1 p99rtt=4ms) slots=25/25 jobs/s=616 drains=230896 evl=0ms
[2026-06-04 10:06:26.870] [info] [Worker 1] [libqueen] push(q=5 f=0/24 p99rtt=26ms) pop(q=1 f=0/16 p99rtt=45ms) custom(q=0 f=0/1 p99rtt=4ms) slots=25/25 jobs/s=598 drains=230007 evl=0ms
[2026-06-04 10:06:27.751] [info] [Worker 4] [libqueen] push(q=0 f=0/24 p99rtt=25ms) pop(q=0 f=0/16 p99rtt=34ms) custom(q=0 f=0/1 p99rtt=4ms) slots=25/25 jobs/s=658 drains=231616 evl=0ms
[2026-06-04 10:06:27.776] [info] [Worker 0] [libqueen] push(q=0 f=0/24 p99rtt=24ms) pop(q=0 f=0/16 p99rtt=35ms) custom(q=0 f=1/1 p99rtt=5ms) slots=24/25 jobs/s=634 drains=231877 evl=0ms
[2026-06-04 10:06:27.787] [info] [Worker 3] [libqueen] push(q=0 f=0/24 p99rtt=26ms) pop(q=0 f=0/16 p99rtt=33ms) custom(q=0 f=1/1 p99rtt=4ms) slots=24/25 jobs/s=639 drains=231531 evl=0ms
[2026-06-04 10:06:27.816] [info] [Worker 5] [libqueen] push(q=0 f=0/24 p99rtt=26ms) pop(q=0 f=1/16 p99rtt=47ms) custom(q=0 f=1/1 p99rtt=4ms) slots=23/25 jobs/s=612 drains=232405 evl=0ms
[2026-06-04 10:06:27.841] [info] [Worker 2] [libqueen] push(q=5 f=0/24 p99rtt=25ms) pop(q=0 f=0/16 p99rtt=35ms) custom(q=0 f=0/1 p99rtt=4ms) slots=25/25 jobs/s=605 drains=231617 evl=0ms
[2026-06-04 10:06:27.845] [info] [Worker 7] [libqueen] push(q=0 f=1/24 p99rtt=25ms) pop(q=0 f=0/16 p99rtt=41ms) custom(q=0 f=0/1 p99rtt=4ms) slots=24/25 jobs/s=620 drains=231497 evl=0ms
[2026-06-04 10:06:27.846] [info] [Worker 8] [libqueen] push(q=0 f=1/24 p99rtt=25ms) pop(q=0 f=0/16 p99rtt=39ms) custom(q=0 f=0/1 p99rtt=4ms) slots=24/25 jobs/s=613 drains=230671 evl=0ms
[2026-06-04 10:06:27.850] [info] [Worker 9] [libqueen] push(q=5 f=0/24 p99rtt=29ms) pop(q=1 f=0/16 p99rtt=37ms) custom(q=0 f=0/1 p99rtt=4ms) slots=25/25 jobs/s=609 drains=231199 evl=0ms
[2026-06-04 10:06:27.864] [info] [Worker 6] [libqueen] push(q=0 f=1/24 p99rtt=26ms) pop(q=0 f=0/16 p99rtt=37ms) custom(q=0 f=0/1 p99rtt=4ms) slots=24/25 jobs/s=620 drains=231757 evl=0ms
[2026-06-04 10:06:27.870] [info] [Worker 1] [libqueen] push(q=5 f=0/24 p99rtt=26ms) pop(q=0 f=0/16 p99rtt=43ms) custom(q=0 f=0/1 p99rtt=4ms) slots=25/25 jobs/s=602 drains=230815 evl=0ms
[2026-06-04 10:06:28.752] [info] [Worker 4] [libqueen] push(q=5 f=0/24 p99rtt=25ms) pop(q=1 f=0/16 p99rtt=34ms) custom(q=0 f=0/1 p99rtt=4ms) slots=25/25 jobs/s=612 drains=232468 evl=0ms
[2026-06-04 10:06:28.776] [info] [Worker 0] [libqueen] push(q=5 f=0/24 p99rtt=24ms) pop(q=0 f=0/16 p99rtt=35ms) custom(q=0 f=0/1 p99rtt=5ms) slots=25/25 jobs/s=625 drains=232733 evl=0ms
[2026-06-04 10:06:28.786] [info] [Worker 3] [libqueen] push(q=0 f=1/24 p99rtt=26ms) pop(q=0 f=1/16 p99rtt=33ms) custom(q=0 f=0/1 p99rtt=4ms) slots=23/25 jobs/s=613 drains=232381 evl=0ms
[2026-06-04 10:06:28.815] [info] [Worker 5] [libqueen] push(q=5 f=0/24 p99rtt=26ms) pop(q=0 f=0/16 p99rtt=47ms) custom(q=0 f=0/1 p99rtt=4ms) slots=25/25 jobs/s=602 drains=233234 evl=0ms
[2026-06-04 10:06:28.841] [info] [Worker 2] [libqueen] push(q=0 f=1/24 p99rtt=25ms) pop(q=0 f=0/16 p99rtt=35ms) custom(q=0 f=0/1 p99rtt=4ms) slots=24/25 jobs/s=600 drains=232452 evl=0ms
[2026-06-04 10:06:28.845] [info] [Worker 7] [libqueen] push(q=4 f=0/24 p99rtt=25ms) pop(q=0 f=0/16 p99rtt=41ms) custom(q=0 f=1/1 p99rtt=4ms) slots=24/25 jobs/s=611 drains=232315 evl=0ms
[2026-06-04 10:06:28.846] [info] [Worker 8] [libqueen] push(q=5 f=0/24 p99rtt=26ms) pop(q=0 f=0/16 p99rtt=39ms) custom(q=0 f=0/1 p99rtt=4ms) slots=25/25 jobs/s=618 drains=231531 evl=0ms
[2026-06-04 10:06:28.850] [info] [Worker 9] [libqueen] push(q=5 f=0/24 p99rtt=28ms) pop(q=0 f=0/16 p99rtt=37ms) custom(q=0 f=0/1 p99rtt=4ms) slots=25/25 jobs/s=601 drains=232039 evl=0ms
[2026-06-04 10:06:28.863] [info] [Worker 6] [libqueen] push(q=0 f=1/24 p99rtt=27ms) pop(q=0 f=0/16 p99rtt=37ms) custom(q=0 f=0/1 p99rtt=4ms) slots=24/25 jobs/s=594 drains=232560 evl=0ms
[2026-06-04 10:06:28.869] [info] [Worker 1] [libqueen] push(q=0 f=1/24 p99rtt=26ms) pop(q=0 f=0/16 p99rtt=43ms) custom(q=0 f=0/1 p99rtt=4ms) slots=24/25 jobs/s=606 drains=231648 evl=0ms
[2026-06-04 10:06:29.752] [info] [Worker 4] [libqueen] push(q=0 f=0/24 p99rtt=25ms) pop(q=0 f=0/16 p99rtt=34ms) custom(q=0 f=1/1 p99rtt=3ms) slots=24/25 jobs/s=623 drains=233325 evl=0ms
[2026-06-04 10:06:29.776] [info] [Worker 0] [libqueen] push(q=0 f=1/24 p99rtt=24ms) pop(q=0 f=1/16 p99rtt=35ms) custom(q=0 f=0/1 p99rtt=3ms) slots=23/25 jobs/s=624 drains=233588 evl=0ms
[2026-06-04 10:06:29.786] [info] [Worker 3] [libqueen] push(q=0 f=0/24 p99rtt=26ms) pop(q=0 f=0/16 p99rtt=33ms) custom(q=0 f=0/1 p99rtt=2ms) slots=25/25 jobs/s=630 drains=233229 evl=0ms
[2026-06-04 10:06:29.816] [info] [Worker 5] [libqueen] push(q=1 f=0/24 p99rtt=26ms) pop(q=0 f=0/16 p99rtt=47ms) custom(q=0 f=1/1 p99rtt=2ms) slots=24/25 jobs/s=617 drains=234074 evl=0ms
[2026-06-04 10:06:29.840] [info] [Worker 2] [libqueen] push(q=0 f=0/24 p99rtt=24ms) pop(q=0 f=0/16 p99rtt=35ms) custom(q=0 f=1/1 p99rtt=3ms) slots=24/25 jobs/s=605 drains=233275 evl=0ms
[2026-06-04 10:06:29.845] [info] [Worker 7] [libqueen] push(q=5 f=0/24 p99rtt=25ms) pop(q=0 f=0/16 p99rtt=41ms) custom(q=0 f=0/1 p99rtt=2ms) slots=25/25 jobs/s=607 drains=233159 evl=0ms
[2026-06-04 10:06:29.846] [info] [Worker 8] [libqueen] push(q=5 f=0/24 p99rtt=25ms) pop(q=0 f=0/16 p99rtt=39ms) custom(q=0 f=0/1 p99rtt=3ms) slots=25/25 jobs/s=600 drains=232357 evl=0ms
[2026-06-04 10:06:29.850] [info] [Worker 9] [libqueen] push(q=0 f=1/24 p99rtt=26ms) pop(q=0 f=0/16 p99rtt=37ms) custom(q=0 f=0/1 p99rtt=2ms) slots=24/25 jobs/s=612 drains=232887 evl=0ms
[2026-06-04 10:06:29.864] [info] [Worker 6] [libqueen] push(q=5 f=0/24 p99rtt=26ms) pop(q=0 f=0/16 p99rtt=37ms) custom(q=0 f=0/1 p99rtt=2ms) slots=25/25 jobs/s=612 drains=233400 evl=0ms
[2026-06-04 10:06:29.870] [info] [Worker 1] [libqueen] push(q=5 f=0/24 p99rtt=25ms) pop(q=0 f=0/16 p99rtt=43ms) custom(q=0 f=0/1 p99rtt=2ms) slots=25/25 jobs/s=612 drains=232503 evl=0ms
[2026-06-04 10:06:30.751] [info] [Worker 4] [libqueen] push(q=3 f=0/24 p99rtt=25ms) pop(q=0 f=0/16 p99rtt=34ms) custom(q=0 f=0/1 p99rtt=2ms) slots=25/25 jobs/s=577 drains=234111 evl=0ms
[2026-06-04 10:06:30.775] [info] [Worker 0] [libqueen] push(q=5 f=0/24 p99rtt=23ms) pop(q=0 f=0/16 p99rtt=35ms) custom(q=0 f=0/1 p99rtt=2ms) slots=25/25 jobs/s=552 drains=234339 evl=0ms
[2026-06-04 10:06:30.787] [info] [Worker 3] [libqueen] push(q=5 f=0/24 p99rtt=26ms) pop(q=0 f=0/16 p99rtt=33ms) custom(q=0 f=0/1 p99rtt=2ms) slots=25/25 jobs/s=540 drains=233968 evl=0ms
[2026-06-04 10:06:30.816] [info] [Worker 5] [libqueen] push(q=5 f=0/24 p99rtt=26ms) pop(q=1 f=0/16 p99rtt=47ms) custom(q=0 f=0/1 p99rtt=2ms) slots=25/25 jobs/s=577 drains=234868 evl=0ms
[2026-06-04 10:06:30.841] [info] [Worker 2] [libqueen] push(q=5 f=0/24 p99rtt=24ms) pop(q=0 f=0/16 p99rtt=35ms) custom(q=0 f=0/1 p99rtt=2ms) slots=25/25 jobs/s=541 drains=234008 evl=0ms
[2026-06-04 10:06:30.844] [info] [Worker 7] [libqueen] push(q=1 f=0/24 p99rtt=25ms) pop(q=0 f=0/16 p99rtt=41ms) custom(q=0 f=0/1 p99rtt=1ms) slots=25/25 jobs/s=564 drains=233930 evl=0ms
[2026-06-04 10:06:30.846] [info] [Worker 8] [libqueen] push(q=0 f=1/24 p99rtt=25ms) pop(q=0 f=0/16 p99rtt=39ms) custom(q=0 f=0/1 p99rtt=2ms) slots=24/25 jobs/s=576 drains=233141 evl=0ms
[2026-06-04 10:06:30.850] [info] [Worker 9] [libqueen] push(q=0 f=0/24 p99rtt=26ms) pop(q=0 f=0/16 p99rtt=37ms) custom(q=0 f=1/1 p99rtt=1ms) slots=24/25 jobs/s=593 drains=233685 evl=0ms
[2026-06-04 10:06:30.863] [info] [Worker 6] [libqueen] push(q=0 f=1/24 p99rtt=26ms) pop(q=0 f=0/16 p99rtt=37ms) custom(q=0 f=0/1 p99rtt=2ms) slots=24/25 jobs/s=510 drains=234107 evl=0ms
[2026-06-04 10:06:30.870] [info] [Worker 1] [libqueen] push(q=0 f=1/24 p99rtt=25ms) pop(q=0 f=0/16 p99rtt=43ms) custom(q=0 f=0/1 p99rtt=2ms) slots=24/25 jobs/s=558 drains=233251 evl=0ms
[2026-06-04 10:06:31.751] [info] [Worker 4] [libqueen] push(q=0 f=1/24 p99rtt=25ms) pop(q=0 f=0/16 p99rtt=34ms) custom(q=0 f=0/1 p99rtt=2ms) slots=24/25 jobs/s=528 drains=234829 evl=0ms
[2026-06-04 10:06:31.776] [info] [Worker 0] [libqueen] push(q=5 f=0/24 p99rtt=24ms) pop(q=0 f=0/16 p99rtt=35ms) custom(q=0 f=0/1 p99rtt=1ms) slots=25/25 jobs/s=528 drains=235072 evl=0ms
[2026-06-04 10:06:31.787] [info] [Worker 3] [libqueen] push(q=0 f=1/24 p99rtt=26ms) pop(q=0 f=0/16 p99rtt=33ms) custom(q=0 f=0/1 p99rtt=1ms) slots=24/25 jobs/s=522 drains=234687 evl=0ms
[2026-06-04 10:06:31.816] [info] [Worker 5] [libqueen] push(q=5 f=0/24 p99rtt=26ms) pop(q=0 f=0/16 p99rtt=47ms) custom(q=0 f=0/1 p99rtt=1ms) slots=25/25 jobs/s=534 drains=235623 evl=0ms
[2026-06-04 10:06:31.840] [info] [Worker 2] [libqueen] push(q=0 f=0/24 p99rtt=24ms) pop(q=0 f=0/16 p99rtt=35ms) custom(q=0 f=0/1 p99rtt=1ms) slots=25/25 jobs/s=522 drains=234727 evl=0ms
[2026-06-04 10:06:31.844] [info] [Worker 7] [libqueen] push(q=5 f=0/24 p99rtt=25ms) pop(q=0 f=0/16 p99rtt=41ms) custom(q=0 f=0/1 p99rtt=1ms) slots=25/25 jobs/s=528 drains=234639 evl=0ms
[2026-06-04 10:06:31.846] [info] [Worker 8] [libqueen] push(q=0 f=0/24 p99rtt=25ms) pop(q=0 f=0/16 p99rtt=39ms) custom(q=0 f=1/1 p99rtt=2ms) slots=24/25 jobs/s=539 drains=233885 evl=0ms
[2026-06-04 10:06:31.849] [info] [Worker 9] [libqueen] push(q=2 f=0/24 p99rtt=26ms) pop(q=0 f=1/16 p99rtt=37ms) custom(q=0 f=0/1 p99rtt=1ms) slots=24/25 jobs/s=529 drains=234405 evl=0ms
[2026-06-04 10:06:31.864] [info] [Worker 6] [libqueen] push(q=0 f=1/24 p99rtt=27ms) pop(q=0 f=0/16 p99rtt=37ms) custom(q=0 f=0/1 p99rtt=1ms) slots=24/25 jobs/s=474 drains=234765 evl=0ms
[2026-06-04 10:06:31.870] [info] [Worker 1] [libqueen] push(q=0 f=1/24 p99rtt=25ms) pop(q=0 f=0/16 p99rtt=43ms) custom(q=0 f=0/1 p99rtt=1ms) slots=24/25 jobs/s=528 drains=233975 evl=0ms
[2026-06-04 10:06:32.129] [info] RetentionService: Running cleanup cycle
[2026-06-04 10:06:32.255] [info] RetentionService: cycle completed in 125ms
[2026-06-04 10:06:32.752] [info] [Worker 4] [libqueen] push(q=0 f=1/24 p99rtt=25ms) pop(q=0 f=0/16 p99rtt=34ms) custom(q=0 f=1/1 p99rtt=2ms) slots=23/25 jobs/s=605 drains=235662 evl=0ms
[2026-06-04 10:06:32.776] [info] [Worker 0] [libqueen] push(q=0 f=1/24 p99rtt=24ms) pop(q=0 f=0/16 p99rtt=35ms) custom(q=0 f=0/1 p99rtt=1ms) slots=24/25 jobs/s=606 drains=235882 evl=0ms
[2026-06-04 10:06:32.787] [info] [Worker 3] [libqueen] push(q=0 f=1/24 p99rtt=26ms) pop(q=0 f=0/16 p99rtt=33ms) custom(q=0 f=0/1 p99rtt=1ms) slots=24/25 jobs/s=588 drains=235479 evl=0ms
[2026-06-04 10:06:32.816] [info] [Worker 5] [libqueen] push(q=0 f=1/24 p99rtt=26ms) pop(q=0 f=0/16 p99rtt=47ms) custom(q=0 f=0/1 p99rtt=2ms) slots=24/25 jobs/s=588 drains=236407 evl=0ms
[2026-06-04 10:06:32.841] [info] [Worker 2] [libqueen] push(q=5 f=0/24 p99rtt=24ms) pop(q=0 f=1/16 p99rtt=35ms) custom(q=0 f=0/1 p99rtt=2ms) slots=24/25 jobs/s=594 drains=235542 evl=0ms
[2026-06-04 10:06:32.845] [info] [Worker 7] [libqueen] push(q=0 f=1/24 p99rtt=25ms) pop(q=0 f=0/16 p99rtt=41ms) custom(q=0 f=0/1 p99rtt=1ms) slots=24/25 jobs/s=588 drains=235417 evl=0ms
[2026-06-04 10:06:32.845] [info] [Worker 8] [libqueen] push(q=5 f=0/24 p99rtt=25ms) pop(q=0 f=0/16 p99rtt=39ms) custom(q=0 f=0/1 p99rtt=2ms) slots=25/25 jobs/s=595 drains=234683 evl=0ms
[2026-06-04 10:06:32.849] [info] [Worker 9] [libqueen] push(q=5 f=0/24 p99rtt=26ms) pop(q=0 f=0/16 p99rtt=37ms) custom(q=0 f=0/1 p99rtt=1ms) slots=25/25 jobs/s=582 drains=235182 evl=0ms
[2026-06-04 10:06:32.863] [info] [Worker 6] [libqueen] push(q=5 f=0/24 p99rtt=27ms) pop(q=0 f=0/16 p99rtt=37ms) custom(q=0 f=0/1 p99rtt=2ms) slots=25/25 jobs/s=528 drains=235511 evl=0ms
[2026-06-04 10:06:32.870] [info] [Worker 1] [libqueen] push(q=5 f=0/24 p99rtt=25ms) pop(q=0 f=0/16 p99rtt=43ms) custom(q=0 f=0/1 p99rtt=1ms) slots=25/25 jobs/s=588 drains=234786 evl=0ms
[2026-06-04 10:06:33.752] [info] [Worker 4] [libqueen] push(q=5 f=0/24 p99rtt=25ms) pop(q=0 f=0/16 p99rtt=34ms) custom(q=0 f=0/1 p99rtt=2ms) slots=25/25 jobs/s=595 drains=236444 evl=0ms
[2026-06-04 10:06:33.776] [info] [Worker 0] [libqueen] push(q=0 f=0/24 p99rtt=24ms) pop(q=0 f=0/16 p99rtt=35ms) custom(q=0 f=0/1 p99rtt=1ms) slots=25/25 jobs/s=612 drains=236708 evl=0ms
[2026-06-04 10:06:33.786] [info] [Worker 3] [libqueen] push(q=5 f=0/24 p99rtt=25ms) pop(q=0 f=0/16 p99rtt=33ms) custom(q=0 f=0/1 p99rtt=2ms) slots=25/25 jobs/s=564 drains=236244 evl=0ms
[2026-06-04 10:06:33.815] [info] [Worker 5] [libqueen] push(q=5 f=0/24 p99rtt=26ms) pop(q=0 f=0/16 p99rtt=47ms) custom(q=0 f=0/1 p99rtt=1ms) slots=25/25 jobs/s=606 drains=237226 evl=0ms
[2026-06-04 10:06:33.841] [info] [Worker 2] [libqueen] push(q=0 f=1/24 p99rtt=24ms) pop(q=0 f=0/16 p99rtt=35ms) custom(q=0 f=0/1 p99rtt=2ms) slots=24/25 jobs/s=606 drains=236382 evl=0ms
[2026-06-04 10:06:33.845] [info] [Worker 7] [libqueen] push(q=5 f=0/24 p99rtt=25ms) pop(q=0 f=0/16 p99rtt=41ms) custom(q=0 f=0/1 p99rtt=1ms) slots=25/25 jobs/s=594 drains=236232 evl=0ms
[2026-06-04 10:06:33.846] [info] [Worker 8] [libqueen] push(q=5 f=0/24 p99rtt=24ms) pop(q=0 f=0/16 p99rtt=39ms) custom(q=0 f=0/1 p99rtt=2ms) slots=25/25 jobs/s=606 drains=235503 evl=0ms
[2026-06-04 10:06:33.850] [info] [Worker 9] [libqueen] push(q=5 f=0/24 p99rtt=26ms) pop(q=0 f=0/16 p99rtt=37ms) custom(q=0 f=0/1 p99rtt=1ms) slots=25/25 jobs/s=606 drains=236008 evl=0ms
[2026-06-04 10:06:33.864] [info] [Worker 6] [libqueen] push(q=0 f=1/24 p99rtt=27ms) pop(q=0 f=0/16 p99rtt=37ms) custom(q=0 f=0/1 p99rtt=1ms) slots=24/25 jobs/s=558 drains=236273 evl=0ms
[2026-06-04 10:06:33.870] [info] [Worker 1] [libqueen] push(q=0 f=0/24 p99rtt=25ms) pop(q=0 f=0/16 p99rtt=43ms) custom(q=0 f=0/1 p99rtt=1ms) slots=25/25 jobs/s=606 drains=235616 evl=0ms
[2026-06-04 10:06:34.490] [info] StatsService: cycle completed in 330ms
[2026-06-04 10:06:34.752] [info] [Worker 4] [libqueen] push(q=2 f=0/24 p99rtt=25ms) pop(q=0 f=0/16 p99rtt=34ms) custom(q=0 f=0/1 p99rtt=2ms) slots=25/25 jobs/s=606 drains=237257 evl=0ms
[2026-06-04 10:06:34.776] [info] [Worker 0] [libqueen] push(q=0 f=1/24 p99rtt=24ms) pop(q=0 f=0/16 p99rtt=35ms) custom(q=0 f=0/1 p99rtt=1ms) slots=24/25 jobs/s=588 drains=237524 evl=0ms
[2026-06-04 10:06:34.787] [info] [Worker 3] [libqueen] push(q=5 f=0/24 p99rtt=26ms) pop(q=0 f=0/16 p99rtt=33ms) custom(q=0 f=0/1 p99rtt=2ms) slots=25/25 jobs/s=540 drains=236996 evl=0ms
[2026-06-04 10:06:34.816] [info] [Worker 5] [libqueen] push(q=0 f=0/24 p99rtt=26ms) pop(q=0 f=0/16 p99rtt=47ms) custom(q=0 f=0/1 p99rtt=2ms) slots=25/25 jobs/s=594 drains=237983 evl=0ms
[2026-06-04 10:06:34.841] [info] [Worker 2] [libqueen] push(q=2 f=0/24 p99rtt=25ms) pop(q=0 f=0/16 p99rtt=35ms) custom(q=0 f=0/1 p99rtt=2ms) slots=25/25 jobs/s=588 drains=237175 evl=0ms
[2026-06-04 10:06:34.845] [info] [Worker 7] [libqueen] push(q=0 f=1/24 p99rtt=25ms) pop(q=0 f=1/16 p99rtt=41ms) custom(q=0 f=0/1 p99rtt=2ms) slots=23/25 jobs/s=594 drains=237037 evl=0ms
[2026-06-04 10:06:34.846] [info] [Worker 8] [libqueen] push(q=0 f=1/24 p99rtt=24ms) pop(q=0 f=1/16 p99rtt=39ms) custom(q=0 f=0/1 p99rtt=3ms) slots=23/25 jobs/s=588 drains=236299 evl=0ms
[2026-06-04 10:06:34.850] [info] [Worker 9] [libqueen] push(q=5 f=0/24 p99rtt=26ms) pop(q=0 f=0/16 p99rtt=37ms) custom(q=0 f=0/1 p99rtt=1ms) slots=25/25 jobs/s=594 drains=236823 evl=0ms
[2026-06-04 10:06:34.863] [info] [Worker 6] [libqueen] push(q=0 f=1/24 p99rtt=28ms) pop(q=0 f=0/16 p99rtt=37ms) custom(q=0 f=0/1 p99rtt=2ms) slots=24/25 jobs/s=540 drains=236999 evl=1ms
[2026-06-04 10:06:34.870] [info] [Worker 1] [libqueen] push(q=3 f=0/24 p99rtt=26ms) pop(q=0 f=0/16 p99rtt=43ms) custom(q=0 f=1/1 p99rtt=1ms) slots=24/25 jobs/s=593 drains=236431 evl=0ms
[2026-06-04 10:06:35.752] [info] [Worker 4] [libqueen] push(q=5 f=0/24 p99rtt=25ms) pop(q=0 f=0/16 p99rtt=34ms) custom(q=0 f=0/1 p99rtt=2ms) slots=25/25 jobs/s=588 drains=238076 evl=0ms
[2026-06-04 10:06:35.776] [info] [Worker 0] [libqueen] push(q=5 f=0/24 p99rtt=24ms) pop(q=0 f=0/16 p99rtt=35ms) custom(q=0 f=0/1 p99rtt=1ms) slots=25/25 jobs/s=606 drains=238333 evl=0ms
[2026-06-04 10:06:35.787] [info] [Worker 3] [libqueen] push(q=5 f=0/24 p99rtt=26ms) pop(q=0 f=0/16 p99rtt=33ms) custom(q=0 f=0/1 p99rtt=2ms) slots=25/25 jobs/s=546 drains=237740 evl=0ms
[2026-06-04 10:06:35.815] [info] [Worker 5] [libqueen] push(q=0 f=0/24 p99rtt=26ms) pop(q=0 f=0/16 p99rtt=47ms) custom(q=0 f=0/1 p99rtt=1ms) slots=25/25 jobs/s=600 drains=238778 evl=0ms
[2026-06-04 10:06:35.842] [info] [Worker 2] [libqueen] push(q=0 f=1/24 p99rtt=25ms) pop(q=0 f=0/16 p99rtt=35ms) custom(q=0 f=1/1 p99rtt=2ms) slots=23/25 jobs/s=587 drains=237991 evl=0ms
[2026-06-04 10:06:35.845] [info] [Worker 7] [libqueen] push(q=0 f=1/24 p99rtt=25ms) pop(q=0 f=0/16 p99rtt=41ms) custom(q=0 f=0/1 p99rtt=2ms) slots=24/25 jobs/s=570 drains=237809 evl=0ms
[2026-06-04 10:06:35.845] [info] [Worker 8] [libqueen] push(q=0 f=0/24 p99rtt=24ms) pop(q=0 f=0/16 p99rtt=39ms) custom(q=0 f=1/1 p99rtt=2ms) slots=24/25 jobs/s=593 drains=237032 evl=0ms
[2026-06-04 10:06:35.850] [info] [Worker 9] [libqueen] push(q=5 f=0/24 p99rtt=26ms) pop(q=0 f=0/16 p99rtt=37ms) custom(q=0 f=0/1 p99rtt=1ms) slots=25/25 jobs/s=594 drains=237635 evl=0ms
[2026-06-04 10:06:35.864] [info] [Worker 6] [libqueen] push(q=5 f=0/24 p99rtt=28ms) pop(q=0 f=0/16 p99rtt=37ms) custom(q=0 f=0/1 p99rtt=1ms) slots=25/25 jobs/s=534 drains=237740 evl=0ms
[2026-06-04 10:06:35.871] [info] [Worker 1] [libqueen] push(q=5 f=0/24 p99rtt=25ms) pop(q=0 f=0/16 p99rtt=43ms) custom(q=0 f=0/1 p99rtt=2ms) slots=25/25 jobs/s=547 drains=237179 evl=0ms
[2026-06-04 10:06:36.752] [info] [Worker 4] [libqueen] push(q=0 f=1/24 p99rtt=23ms) pop(q=0 f=0/16 p99rtt=34ms) custom(q=0 f=0/1 p99rtt=1ms) slots=24/25 jobs/s=588 drains=238886 evl=0ms
[2026-06-04 10:06:36.776] [info] [Worker 0] [libqueen] push(q=0 f=1/24 p99rtt=24ms) pop(q=0 f=0/16 p99rtt=35ms) custom(q=0 f=0/1 p99rtt=1ms) slots=24/25 jobs/s=570 drains=239114 evl=0ms
[2026-06-04 10:06:36.787] [info] [Worker 3] [libqueen] push(q=0 f=1/24 p99rtt=25ms) pop(q=0 f=0/16 p99rtt=33ms) custom(q=0 f=0/1 p99rtt=1ms) slots=24/25 jobs/s=522 drains=238465 evl=0ms
[2026-06-04 10:06:36.815] [info] [Worker 5] [libqueen] push(q=5 f=0/24 p99rtt=24ms) pop(q=1 f=0/16 p99rtt=47ms) custom(q=0 f=0/1 p99rtt=2ms) slots=25/25 jobs/s=576 drains=239566 evl=0ms
[2026-06-04 10:06:36.842] [info] [Worker 2] [libqueen] push(q=0 f=1/24 p99rtt=24ms) pop(q=0 f=0/16 p99rtt=35ms) custom(q=0 f=0/1 p99rtt=2ms) slots=24/25 jobs/s=571 drains=238764 evl=0ms
[2026-06-04 10:06:36.845] [info] [Worker 7] [libqueen] push(q=0 f=1/24 p99rtt=24ms) pop(q=0 f=0/16 p99rtt=41ms) custom(q=0 f=0/1 p99rtt=2ms) slots=24/25 jobs/s=588 drains=238618 evl=0ms
[2026-06-04 10:06:36.846] [info] [Worker 8] [libqueen] push(q=5 f=0/24 p99rtt=23ms) pop(q=0 f=0/16 p99rtt=39ms) custom(q=0 f=0/1 p99rtt=1ms) slots=25/25 jobs/s=577 drains=237828 evl=0ms
[2026-06-04 10:06:36.849] [info] [Worker 9] [libqueen] push(q=0 f=1/24 p99rtt=25ms) pop(q=0 f=0/16 p99rtt=37ms) custom(q=0 f=0/1 p99rtt=1ms) slots=24/25 jobs/s=582 drains=238420 evl=0ms
[2026-06-04 10:06:36.864] [info] [Worker 6] [libqueen] push(q=5 f=0/24 p99rtt=28ms) pop(q=0 f=0/16 p99rtt=37ms) custom(q=0 f=0/1 p99rtt=1ms) slots=25/25 jobs/s=540 drains=238485 evl=0ms
[2026-06-04 10:06:36.870] [info] [Worker 1] [libqueen] push(q=0 f=0/24 p99rtt=23ms) pop(q=0 f=0/16 p99rtt=41ms) custom(q=0 f=1/1 p99rtt=2ms) slots=24/25 jobs/s=587 drains=237959 evl=0ms
[2026-06-04 10:06:37.130] [info] QPOP: Connection aborted for 740a8e2e-31d9-4949-9cb3-b10e0e09436e
[2026-06-04 10:06:37.142] [info] QPOP: Connection aborted for 674f2498-cad9-4c76-b9a6-2783958b7498
[2026-06-04 10:06:37.143] [info] QPOP: Connection aborted for fa3baf62-a674-4133-b21f-0568704d3e08
[2026-06-04 10:06:37.148] [info] QPOP: Connection aborted for 808fa20a-2f78-444d-9ccc-efeddf1d00da
[2026-06-04 10:06:37.148] [info] QPOP: Connection aborted for 04b2a78a-5ee2-4c4f-9832-aae25e337cca
[2026-06-04 10:06:37.157] [info] QPOP: Connection aborted for 8c26654b-07dc-45c3-8a51-9b0e004555c8
[2026-06-04 10:06:37.160] [info] QPOP: Connection aborted for 426940b9-a0c4-480b-a932-328dde94bdb1
[2026-06-04 10:06:37.199] [info] QPOP: Connection aborted for 2723241f-56f5-47d7-b5ea-4efab894adb4
[2026-06-04 10:06:37.199] [info] QPOP: Connection aborted for 87f98e51-5602-45cc-8844-be389d1c61e4
[2026-06-04 10:06:37.199] [info] QPOP: Connection aborted for 621a5073-a5d7-4b20-a3de-db6e92cf3b01
[2026-06-04 10:06:37.199] [info] QPOP: Connection aborted for 3e784eb0-ff2d-4be0-8216-9e8b4b6137c4
[2026-06-04 10:06:37.199] [info] QPOP: Connection aborted for 9a6b65b6-7ee6-4d16-bfd7-a07c7919bca1
[2026-06-04 10:06:37.199] [info] QPOP: Connection aborted for 767bdf54-4202-4e88-9e8d-b0a8f30a2df4
[2026-06-04 10:06:37.199] [info] QPOP: Connection aborted for 474a3807-d10d-4b3c-8607-9e11e75be77b
[2026-06-04 10:06:37.199] [info] QPOP: Connection aborted for 3be4eba4-02ec-4160-8b4d-006594366692
[2026-06-04 10:06:37.199] [info] QPOP: Connection aborted for d2be032a-8f82-43ff-9365-62b6fb5cd625
[2026-06-04 10:06:37.199] [info] QPOP: Connection aborted for 63a787eb-ba59-4432-b7ac-e3302077de78
[2026-06-04 10:06:37.199] [info] QPOP: Connection aborted for 9e227f88-be23-451b-ad46-60c35174651e
[2026-06-04 10:06:37.199] [info] QPOP: Connection aborted for 24345035-2fd5-4550-8c01-07fb12d8ff30
[2026-06-04 10:06:37.199] [info] QPOP: Connection aborted for ade51c28-be29-479b-9350-10bc74b71009
[2026-06-04 10:06:37.199] [info] QPOP: Connection aborted for c1e760e1-c9a7-4f37-b0a2-2d7cffbeefbe
[2026-06-04 10:06:37.199] [info] QPOP: Connection aborted for 4df88d5c-66bb-4300-a2c9-862b63895596
[2026-06-04 10:06:37.199] [info] QPOP: Connection aborted for c4781dac-6e2a-41a5-94a0-9a25c7b2ae45
[2026-06-04 10:06:37.199] [info] QPOP: Connection aborted for d9c22f41-ee34-48b8-812d-5b20ea1cb60f
[2026-06-04 10:06:37.199] [info] QPOP: Connection aborted for cd9bdfc1-291e-425a-80a3-07cc12ed54f7
[2026-06-04 10:06:37.199] [info] QPOP: Connection aborted for aba3e790-ab4e-4c90-956e-cb7964554971
[2026-06-04 10:06:37.199] [info] QPOP: Connection aborted for f49fb4f5-6dc8-4a23-b58e-c959e9c001a5
[2026-06-04 10:06:37.199] [info] QPOP: Connection aborted for f8670ee1-fc33-41f2-8f29-252f3d6501ba
[2026-06-04 10:06:37.199] [info] QPOP: Connection aborted for bd263639-2870-40d5-8eba-c02f2539e83b
[2026-06-04 10:06:37.199] [info] QPOP: Connection aborted for 020a462a-c156-4a00-9f26-7c981ef7b8ea
[2026-06-04 10:06:37.199] [info] QPOP: Connection aborted for de16cd20-ff86-4743-af6b-2111e68bb490
[2026-06-04 10:06:37.199] [info] QPOP: Connection aborted for 0c1f3770-9d1c-467f-986c-6ab36782edeb
[2026-06-04 10:06:37.199] [info] QPOP: Connection aborted for 8060f47a-e3e3-4e11-8a38-f6b323930556
[2026-06-04 10:06:37.199] [info] QPOP: Connection aborted for 534401eb-5f0a-486c-bc49-9a250ff6851c
[2026-06-04 10:06:37.199] [info] QPOP: Connection aborted for c5441054-bc86-4f3b-8020-e1c922ff7602
[2026-06-04 10:06:37.199] [info] QPOP: Connection aborted for 80cf3b16-0738-4846-94dc-6c8a6c0b32a2
[2026-06-04 10:06:37.199] [info] QPOP: Connection aborted for bade952a-7d3d-4087-ae5c-194d6031da5e
[2026-06-04 10:06:37.200] [info] QPOP: Connection aborted for c1a6930b-04cd-4844-a7e3-3978c73157fa
[2026-06-04 10:06:37.200] [info] QPOP: Connection aborted for 209cc129-a698-457b-851d-398545f84004
[2026-06-04 10:06:37.200] [info] QPOP: Connection aborted for 837dcce1-90bc-4056-adda-b2aa82c57944
[2026-06-04 10:06:37.200] [info] QPOP: Connection aborted for 647941aa-21d0-4511-9e96-2e10e59aa675
[2026-06-04 10:06:37.200] [info] QPOP: Connection aborted for 160243bc-8939-4cf6-a7fb-491a4b687f91
[2026-06-04 10:06:37.200] [info] QPOP: Connection aborted for b16932be-224f-40e1-a7d8-2b6daa2c8c83
[2026-06-04 10:06:37.200] [info] QPOP: Connection aborted for cd4a3665-15b7-48df-b214-d1c92dce7f68
[2026-06-04 10:06:37.200] [info] QPOP: Connection aborted for c29922d7-7769-455a-8783-4f41c4ec6752
[2026-06-04 10:06:37.200] [info] QPOP: Connection aborted for 764ee4fc-1f27-4645-ab58-130daa79b622
[2026-06-04 10:06:37.200] [info] QPOP: Connection aborted for a0946005-64d4-43c6-99be-2d5ec2c5ec01
[2026-06-04 10:06:37.200] [info] QPOP: Connection aborted for 72d61d95-0cac-4c7c-80b9-5b3a3d053807
[2026-06-04 10:06:37.200] [info] QPOP: Connection aborted for e70b2bb5-8177-4078-a19c-a06d8ac0b362
[2026-06-04 10:06:37.200] [info] QPOP: Connection aborted for 27503b03-cb58-4897-8960-d51b9e993c33
[2026-06-04 10:06:37.200] [info] QPOP: Connection aborted for 3c48789d-cc0e-4109-afa9-e2c6539e555d
[2026-06-04 10:06:37.200] [info] QPOP: Connection aborted for 99a8828f-6efb-4993-8ed1-7afda6238e5a
[2026-06-04 10:06:37.200] [info] QPOP: Connection aborted for 2f32a111-2856-4fb9-91d0-175fd10feaf1
[2026-06-04 10:06:37.200] [info] QPOP: Connection aborted for 892fd748-2963-46b1-b0cc-57114181907e
[2026-06-04 10:06:37.200] [info] QPOP: Connection aborted for d990da45-5d7b-4b6b-9843-c315634116a2
[2026-06-04 10:06:37.200] [info] QPOP: Connection aborted for 5f187caa-d300-4d6b-818e-516b4114de7e
[2026-06-04 10:06:37.200] [info] QPOP: Connection aborted for 439e8b04-fdba-41e8-b369-af5818816e92
[2026-06-04 10:06:37.752] [info] [Worker 4] [libqueen] push(q=3 f=0/24 p99rtt=25ms) pop(q=0 f=0/16 p99rtt=34ms) custom(q=0 f=1/1 p99rtt=1ms) slots=24/25 jobs/s=549 drains=239628 evl=0ms
[2026-06-04 10:06:37.775] [info] [Worker 0] [libqueen] push(q=2 f=0/24 p99rtt=24ms) pop(q=0 f=0/16 p99rtt=35ms) custom(q=0 f=0/1 p99rtt=1ms) slots=25/25 jobs/s=534 drains=239849 evl=0ms
[2026-06-04 10:06:37.787] [info] [Worker 3] [libqueen] push(q=5 f=0/24 p99rtt=25ms) pop(q=0 f=0/16 p99rtt=33ms) custom(q=0 f=0/1 p99rtt=1ms) slots=25/25 jobs/s=534 drains=239210 evl=0ms
[2026-06-04 10:06:37.815] [info] [Worker 5] [libqueen] push(q=0 f=0/24 p99rtt=24ms) pop(q=0 f=0/16 p99rtt=47ms) custom(q=0 f=1/1 p99rtt=2ms) slots=24/25 jobs/s=568 drains=240334 evl=0ms
[2026-06-04 10:06:37.842] [info] [Worker 2] [libqueen] push(q=5 f=0/24 p99rtt=25ms) pop(q=0 f=0/16 p99rtt=35ms) custom(q=0 f=0/1 p99rtt=2ms) slots=25/25 jobs/s=599 drains=239596 evl=0ms
[2026-06-04 10:06:37.845] [info] [Worker 7] [libqueen] push(q=0 f=1/24 p99rtt=24ms) pop(q=0 f=0/16 p99rtt=41ms) custom(q=0 f=0/1 p99rtt=2ms) slots=24/25 jobs/s=604 drains=239434 evl=0ms
[2026-06-04 10:06:37.845] [info] [Worker 8] [libqueen] push(q=0 f=1/24 p99rtt=23ms) pop(q=0 f=0/16 p99rtt=39ms) custom(q=0 f=0/1 p99rtt=2ms) slots=24/25 jobs/s=607 drains=238641 evl=0ms
[2026-06-04 10:06:37.849] [info] [Worker 9] [libqueen] push(q=5 f=0/24 p99rtt=24ms) pop(q=0 f=0/16 p99rtt=37ms) custom(q=0 f=0/1 p99rtt=1ms) slots=25/25 jobs/s=579 drains=239207 evl=0ms
[2026-06-04 10:06:37.864] [info] [Worker 6] [libqueen] push(q=5 f=0/24 p99rtt=28ms) pop(q=0 f=0/16 p99rtt=37ms) custom(q=0 f=0/1 p99rtt=2ms) slots=25/25 jobs/s=532 drains=239223 evl=0ms
[2026-06-04 10:06:37.871] [info] [Worker 1] [libqueen] push(q=5 f=0/24 p99rtt=23ms) pop(q=0 f=0/16 p99rtt=41ms) custom(q=0 f=0/1 p99rtt=2ms) slots=25/25 jobs/s=601 drains=238773 evl=0ms
[2026-06-04 10:06:38.751] [info] [Worker 4] [libqueen] push(q=5 f=0/24 p99rtt=26ms) pop(q=0 f=0/16 p99rtt=34ms) custom(q=0 f=0/1 p99rtt=1ms) slots=25/25 jobs/s=523 drains=240352 evl=0ms
[2026-06-04 10:06:38.775] [info] [Worker 0] [libqueen] push(q=0 f=1/24 p99rtt=24ms) pop(q=0 f=0/16 p99rtt=35ms) custom(q=0 f=0/1 p99rtt=2ms) slots=24/25 jobs/s=522 drains=240578 evl=0ms
[2026-06-04 10:06:38.786] [info] [Worker 3] [libqueen] push(q=0 f=1/24 p99rtt=25ms) pop(q=0 f=0/16 p99rtt=33ms) custom(q=0 f=0/1 p99rtt=2ms) slots=24/25 jobs/s=522 drains=239936 evl=0ms
[2026-06-04 10:06:38.816] [info] [Worker 5] [libqueen] push(q=5 f=0/24 p99rtt=24ms) pop(q=0 f=0/16 p99rtt=47ms) custom(q=0 f=0/1 p99rtt=2ms) slots=25/25 jobs/s=523 drains=241056 evl=0ms
[2026-06-04 10:06:38.842] [info] [Worker 2] [libqueen] push(q=0 f=1/24 p99rtt=25ms) pop(q=0 f=0/16 p99rtt=35ms) custom(q=0 f=0/1 p99rtt=2ms) slots=24/25 jobs/s=606 drains=240405 evl=0ms
[2026-06-04 10:06:38.845] [info] [Worker 7] [libqueen] push(q=0 f=0/24 p99rtt=24ms) pop(q=0 f=0/16 p99rtt=41ms) custom(q=0 f=0/1 p99rtt=2ms) slots=25/25 jobs/s=618 drains=240260 evl=0ms
[2026-06-04 10:06:38.846] [info] [Worker 8] [libqueen] push(q=5 f=0/24 p99rtt=24ms) pop(q=0 f=0/16 p99rtt=39ms) custom(q=0 f=0/1 p99rtt=2ms) slots=25/25 jobs/s=606 drains=239449 evl=0ms
[2026-06-04 10:06:38.850] [info] [Worker 9] [libqueen] push(q=0 f=1/24 p99rtt=25ms) pop(q=0 f=0/16 p99rtt=37ms) custom(q=0 f=0/1 p99rtt=2ms) slots=24/25 jobs/s=522 drains=239929 evl=0ms
[2026-06-04 10:06:38.864] [info] [Worker 6] [libqueen] push(q=0 f=1/24 p99rtt=28ms) pop(q=0 f=0/16 p99rtt=37ms) custom(q=0 f=0/1 p99rtt=2ms) slots=24/25 jobs/s=522 drains=239932 evl=0ms
[2026-06-04 10:06:38.870] [info] [Worker 1] [libqueen] push(q=0 f=1/24 p99rtt=24ms) pop(q=0 f=0/16 p99rtt=41ms) custom(q=0 f=0/1 p99rtt=2ms) slots=24/25 jobs/s=600 drains=239573 evl=0ms
[2026-06-04 10:06:39.306] [info] PartitionLookupReconcileService: fixed 4 partition_lookup rows (stats leader, hostname=c932ee286edc)
[2026-06-04 10:06:39.751] [info] [Worker 4] [libqueen] push(q=0 f=1/24 p99rtt=26ms) pop(q=0 f=0/16 p99rtt=34ms) custom(q=0 f=0/1 p99rtt=2ms) slots=24/25 jobs/s=528 drains=241092 evl=1ms
[2026-06-04 10:06:39.776] [info] [Worker 0] [libqueen] push(q=0 f=0/24 p99rtt=24ms) pop(q=0 f=0/16 p99rtt=35ms) custom(q=0 f=1/1 p99rtt=2ms) slots=24/25 jobs/s=533 drains=241305 evl=0ms
[2026-06-04 10:06:39.786] [info] [Worker 3] [libqueen] push(q=0 f=1/24 p99rtt=26ms) pop(q=0 f=0/16 p99rtt=33ms) custom(q=0 f=0/1 p99rtt=2ms) slots=24/25 jobs/s=528 drains=240664 evl=0ms
[2026-06-04 10:06:39.816] [info] [Worker 5] [libqueen] push(q=5 f=0/24 p99rtt=25ms) pop(q=0 f=0/16 p99rtt=47ms) custom(q=0 f=0/1 p99rtt=2ms) slots=25/25 jobs/s=528 drains=241783 evl=0ms
[2026-06-04 10:06:39.841] [info] [Worker 2] [libqueen] push(q=1 f=0/24 p99rtt=25ms) pop(q=0 f=0/16 p99rtt=35ms) custom(q=0 f=1/1 p99rtt=2ms) slots=24/25 jobs/s=611 drains=241229 evl=1ms
[2026-06-04 10:06:39.845] [info] [Worker 7] [libqueen] push(q=5 f=0/24 p99rtt=22ms) pop(q=0 f=0/16 p99rtt=41ms) custom(q=0 f=0/1 p99rtt=2ms) slots=25/25 jobs/s=612 drains=241106 evl=1ms
[2026-06-04 10:06:39.846] [info] [Worker 8] [libqueen] push(q=5 f=0/24 p99rtt=23ms) pop(q=0 f=0/16 p99rtt=39ms) custom(q=0 f=0/1 p99rtt=2ms) slots=25/25 jobs/s=606 drains=240276 evl=1ms
[2026-06-04 10:06:39.851] [info] [Worker 9] [libqueen] push(q=0 f=1/24 p99rtt=26ms) pop(q=0 f=0/16 p99rtt=37ms) custom(q=0 f=0/1 p99rtt=2ms) slots=24/25 jobs/s=528 drains=240657 evl=0ms
[2026-06-04 10:06:39.864] [info] [Worker 6] [libqueen] push(q=0 f=1/24 p99rtt=28ms) pop(q=0 f=0/16 p99rtt=37ms) custom(q=0 f=0/1 p99rtt=2ms) slots=24/25 jobs/s=528 drains=240647 evl=1ms
[2026-06-04 10:06:39.870] [info] [Worker 1] [libqueen] push(q=0 f=1/24 p99rtt=24ms) pop(q=0 f=0/16 p99rtt=41ms) custom(q=0 f=0/1 p99rtt=2ms) slots=24/25 jobs/s=606 drains=240397 evl=0ms
[2026-06-04 10:06:40.752] [info] [Worker 4] [libqueen] push(q=5 f=0/24 p99rtt=26ms) pop(q=0 f=0/16 p99rtt=34ms) custom(q=0 f=0/1 p99rtt=2ms) slots=25/25 jobs/s=528 drains=241823 evl=0ms
[2026-06-04 10:06:40.775] [info] [Worker 0] [libqueen] push(q=5 f=0/24 p99rtt=25ms) pop(q=0 f=0/16 p99rtt=35ms) custom(q=0 f=0/1 p99rtt=2ms) slots=25/25 jobs/s=523 drains=242029 evl=0ms
[2026-06-04 10:06:40.786] [info] [Worker 3] [libqueen] push(q=0 f=1/24 p99rtt=26ms) pop(q=0 f=0/16 p99rtt=33ms) custom(q=0 f=0/1 p99rtt=2ms) slots=24/25 jobs/s=528 drains=241384 evl=0ms
[2026-06-04 10:06:40.816] [info] [Worker 5] [libqueen] push(q=5 f=0/24 p99rtt=24ms) pop(q=0 f=0/16 p99rtt=47ms) custom(q=0 f=0/1 p99rtt=2ms) slots=25/25 jobs/s=528 drains=242502 evl=0ms
[2026-06-04 10:06:40.842] [info] [Worker 2] [libqueen] push(q=5 f=0/24 p99rtt=25ms) pop(q=0 f=0/16 p99rtt=35ms) custom(q=0 f=0/1 p99rtt=2ms) slots=25/25 jobs/s=601 drains=242058 evl=0ms
[2026-06-04 10:06:40.844] [info] [Worker 7] [libqueen] push(q=0 f=1/24 p99rtt=24ms) pop(q=0 f=0/16 p99rtt=41ms) custom(q=0 f=0/1 p99rtt=2ms) slots=24/25 jobs/s=576 drains=241887 evl=0ms
[2026-06-04 10:06:40.847] [info] [Worker 8] [libqueen] push(q=5 f=0/24 p99rtt=23ms) pop(q=0 f=0/16 p99rtt=39ms) custom(q=0 f=0/1 p99rtt=2ms) slots=25/25 jobs/s=600 drains=241085 evl=0ms
[2026-06-04 10:06:40.852] [info] [Worker 9] [libqueen] push(q=5 f=0/24 p99rtt=26ms) pop(q=0 f=0/16 p99rtt=37ms) custom(q=0 f=0/1 p99rtt=2ms) slots=25/25 jobs/s=528 drains=241376 evl=0ms
[2026-06-04 10:06:40.864] [info] [Worker 6] [libqueen] push(q=5 f=0/24 p99rtt=28ms) pop(q=0 f=0/16 p99rtt=37ms) custom(q=0 f=0/1 p99rtt=2ms) slots=25/25 jobs/s=528 drains=241351 evl=0ms
[2026-06-04 10:06:40.871] [info] [Worker 1] [libqueen] push(q=5 f=0/24 p99rtt=24ms) pop(q=0 f=0/16 p99rtt=41ms) custom(q=0 f=0/1 p99rtt=1ms) slots=25/25 jobs/s=606 drains=241215 evl=0ms
[2026-06-04 10:06:41.752] [info] [Worker 4] [libqueen] push(q=5 f=0/24 p99rtt=26ms) pop(q=0 f=0/16 p99rtt=34ms) custom(q=0 f=0/1 p99rtt=2ms) slots=25/25 jobs/s=510 drains=242524 evl=0ms
[2026-06-04 10:06:41.776] [info] [Worker 0] [libqueen] push(q=5 f=0/24 p99rtt=25ms) pop(q=0 f=0/16 p99rtt=35ms) custom(q=0 f=0/1 p99rtt=2ms) slots=25/25 jobs/s=510 drains=242741 evl=0ms
[2026-06-04 10:06:41.786] [info] [Worker 3] [libqueen] push(q=5 f=0/24 p99rtt=26ms) pop(q=0 f=0/16 p99rtt=33ms) custom(q=0 f=0/1 p99rtt=2ms) slots=25/25 jobs/s=510 drains=242091 evl=0ms
[2026-06-04 10:06:41.815] [info] [Worker 5] [libqueen] push(q=3 f=0/24 p99rtt=25ms) pop(q=0 f=0/16 p99rtt=47ms) custom(q=0 f=1/1 p99rtt=2ms) slots=24/25 jobs/s=509 drains=243198 evl=0ms
[2026-06-04 10:06:41.841] [info] [Worker 2] [libqueen] push(q=0 f=0/24 p99rtt=24ms) pop(q=0 f=0/16 p99rtt=35ms) custom(q=0 f=0/1 p99rtt=2ms) slots=25/25 jobs/s=594 drains=242853 evl=0ms
[2026-06-04 10:06:41.845] [info] [Worker 7] [libqueen] push(q=0 f=1/24 p99rtt=25ms) pop(q=0 f=0/16 p99rtt=41ms) custom(q=0 f=0/1 p99rtt=3ms) slots=24/25 jobs/s=510 drains=242598 evl=0ms
[2026-06-04 10:06:41.847] [info] [Worker 8] [libqueen] push(q=5 f=0/24 p99rtt=22ms) pop(q=0 f=0/16 p99rtt=39ms) custom(q=0 f=0/1 p99rtt=2ms) slots=25/25 jobs/s=600 drains=241905 evl=0ms
[2026-06-04 10:06:41.851] [info] [Worker 9] [libqueen] push(q=5 f=0/24 p99rtt=26ms) pop(q=0 f=0/16 p99rtt=37ms) custom(q=0 f=0/1 p99rtt=2ms) slots=25/25 jobs/s=510 drains=242082 evl=0ms
[2026-06-04 10:06:41.865] [info] [Worker 6] [libqueen] push(q=5 f=0/24 p99rtt=27ms) pop(q=0 f=0/16 p99rtt=37ms) custom(q=0 f=0/1 p99rtt=2ms) slots=25/25 jobs/s=510 drains=242052 evl=0ms
[2026-06-04 10:06:41.872] [info] [Worker 1] [libqueen] push(q=1 f=0/24 p99rtt=23ms) pop(q=0 f=0/16 p99rtt=41ms) custom(q=0 f=1/1 p99rtt=1ms) slots=24/25 jobs/s=599 drains=242028 evl=0ms
[2026-06-04 10:06:42.752] [info] [Worker 4] [libqueen] push(q=5 f=0/24 p99rtt=26ms) pop(q=0 f=0/16 p99rtt=34ms) custom(q=0 f=0/1 p99rtt=2ms) slots=25/25 jobs/s=510 drains=243213 evl=0ms
[2026-06-04 10:06:42.776] [info] [Worker 0] [libqueen] push(q=5 f=0/24 p99rtt=25ms) pop(q=0 f=0/16 p99rtt=35ms) custom(q=0 f=0/1 p99rtt=2ms) slots=25/25 jobs/s=510 drains=243448 evl=0ms
[2026-06-04 10:06:42.787] [info] [Worker 3] [libqueen] push(q=5 f=0/24 p99rtt=26ms) pop(q=0 f=0/16 p99rtt=33ms) custom(q=0 f=0/1 p99rtt=2ms) slots=25/25 jobs/s=510 drains=242800 evl=0ms
[2026-06-04 10:06:42.815] [info] [Worker 5] [libqueen] push(q=0 f=1/24 p99rtt=24ms) pop(q=0 f=0/16 p99rtt=47ms) custom(q=0 f=0/1 p99rtt=3ms) slots=24/25 jobs/s=505 drains=243890 evl=0ms
[2026-06-04 10:06:42.841] [info] [Worker 2] [libqueen] push(q=5 f=0/24 p99rtt=24ms) pop(q=0 f=0/16 p99rtt=35ms) custom(q=0 f=0/1 p99rtt=2ms) slots=25/25 jobs/s=594 drains=243675 evl=0ms
[2026-06-04 10:06:42.845] [info] [Worker 7] [libqueen] push(q=0 f=1/24 p99rtt=24ms) pop(q=0 f=0/16 p99rtt=41ms) custom(q=0 f=0/1 p99rtt=3ms) slots=24/25 jobs/s=510 drains=243324 evl=0ms
[2026-06-04 10:06:42.846] [info] [Worker 8] [libqueen] push(q=0 f=1/24 p99rtt=21ms) pop(q=0 f=0/16 p99rtt=39ms) custom(q=0 f=0/1 p99rtt=2ms) slots=24/25 jobs/s=582 drains=242695 evl=0ms
[2026-06-04 10:06:42.851] [info] [Worker 9] [libqueen] push(q=5 f=0/24 p99rtt=26ms) pop(q=0 f=0/16 p99rtt=37ms) custom(q=0 f=0/1 p99rtt=2ms) slots=25/25 jobs/s=510 drains=242790 evl=0ms
[2026-06-04 10:06:42.864] [info] [Worker 6] [libqueen] push(q=0 f=1/24 p99rtt=27ms) pop(q=0 f=0/16 p99rtt=37ms) custom(q=0 f=0/1 p99rtt=3ms) slots=24/25 jobs/s=510 drains=242762 evl=0ms
[2026-06-04 10:06:42.872] [info] [Worker 1] [libqueen] push(q=5 f=0/24 p99rtt=24ms) pop(q=0 f=0/16 p99rtt=41ms) custom(q=0 f=0/1 p99rtt=1ms) slots=25/25 jobs/s=583 drains=242816 evl=0ms
[2026-06-04 10:06:43.752] [info] [Worker 4] [libqueen] push(q=0 f=0/24 p99rtt=26ms) pop(q=0 f=0/16 p99rtt=34ms) custom(q=0 f=0/1 p99rtt=2ms) slots=25/25 jobs/s=348 drains=243701 evl=0ms
[2026-06-04 10:06:43.776] [info] [Worker 0] [libqueen] push(q=0 f=0/24 p99rtt=25ms) pop(q=0 f=0/16 p99rtt=35ms) custom(q=0 f=0/1 p99rtt=2ms) slots=25/25 jobs/s=336 drains=243902 evl=0ms
[2026-06-04 10:06:43.787] [info] [Worker 3] [libqueen] push(q=0 f=0/24 p99rtt=26ms) pop(q=0 f=0/16 p99rtt=33ms) custom(q=0 f=0/1 p99rtt=2ms) slots=25/25 jobs/s=330 drains=243254 evl=0ms
[2026-06-04 10:06:43.816] [info] [Worker 5] [libqueen] push(q=0 f=0/24 p99rtt=24ms) pop(q=0 f=0/16 p99rtt=47ms) custom(q=0 f=0/1 p99rtt=3ms) slots=25/25 jobs/s=318 drains=244317 evl=0ms
[2026-06-04 10:06:43.843] [info] [Worker 2] [libqueen] push(q=0 f=0/24 p99rtt=23ms) pop(q=0 f=0/16 p99rtt=35ms) custom(q=0 f=0/1 p99rtt=2ms) slots=25/25 jobs/s=330 drains=244120 evl=0ms
[2026-06-04 10:06:43.846] [info] [Worker 7] [libqueen] push(q=0 f=0/24 p99rtt=24ms) pop(q=0 f=0/16 p99rtt=41ms) custom(q=0 f=0/1 p99rtt=3ms) slots=25/25 jobs/s=300 drains=243727 evl=0ms
[2026-06-04 10:06:43.848] [info] [Worker 8] [libqueen] push(q=0 f=0/24 p99rtt=21ms) pop(q=0 f=0/16 p99rtt=39ms) custom(q=0 f=0/1 p99rtt=2ms) slots=25/25 jobs/s=342 drains=243156 evl=0ms
[2026-06-04 10:06:43.853] [info] [Worker 9] [libqueen] push(q=0 f=0/24 p99rtt=26ms) pop(q=0 f=0/16 p99rtt=37ms) custom(q=0 f=0/1 p99rtt=2ms) slots=25/25 jobs/s=294 drains=243191 evl=0ms
[2026-06-04 10:06:43.865] [info] [Worker 6] [libqueen] push(q=0 f=0/24 p99rtt=27ms) pop(q=0 f=0/16 p99rtt=37ms) custom(q=0 f=0/1 p99rtt=3ms) slots=25/25 jobs/s=288 drains=243140 evl=0ms
[2026-06-04 10:06:43.872] [info] [Worker 1] [libqueen] push(q=0 f=0/24 p99rtt=24ms) pop(q=0 f=0/16 p99rtt=41ms) custom(q=0 f=0/1 p99rtt=1ms) slots=25/25 jobs/s=318 drains=243221 evl=0ms
[2026-06-04 10:06:44.441] [info] StatsService: cycle completed in 279ms
[2026-06-04 10:06:55.224] [info] StatsService: cycle completed in 61ms
[2026-06-04 10:07:01.773] [info] [Worker 4] [libqueen] push(q=0 f=0/24 p99rtt=26ms) pop(q=0 f=0/16 p99rtt=34ms) custom(q=0 f=0/1 p99rtt=2ms) slots=25/25 jobs/s=3 drains=243705 evl=0ms
[2026-06-04 10:07:01.796] [info] [Worker 0] [libqueen] push(q=0 f=0/24 p99rtt=25ms) pop(q=0 f=0/16 p99rtt=35ms) custom(q=0 f=0/1 p99rtt=2ms) slots=25/25 jobs/s=3 drains=243906 evl=0ms
[2026-06-04 10:07:01.806] [info] [Worker 3] [libqueen] push(q=0 f=0/24 p99rtt=26ms) pop(q=0 f=0/16 p99rtt=33ms) custom(q=0 f=0/1 p99rtt=2ms) slots=25/25 jobs/s=3 drains=243258 evl=0ms
[2026-06-04 10:07:01.836] [info] [Worker 5] [libqueen] push(q=0 f=0/24 p99rtt=24ms) pop(q=0 f=0/16 p99rtt=47ms) custom(q=0 f=0/1 p99rtt=3ms) slots=25/25 jobs/s=3 drains=244321 evl=0ms
[2026-06-04 10:07:01.863] [info] [Worker 2] [libqueen] push(q=0 f=0/24 p99rtt=23ms) pop(q=0 f=0/16 p99rtt=35ms) custom(q=0 f=0/1 p99rtt=2ms) slots=25/25 jobs/s=3 drains=244124 evl=0ms
[2026-06-04 10:07:01.865] [info] [Worker 7] [libqueen] push(q=0 f=0/24 p99rtt=24ms) pop(q=0 f=0/16 p99rtt=41ms) custom(q=0 f=0/1 p99rtt=3ms) slots=25/25 jobs/s=3 drains=243731 evl=0ms
[2026-06-04 10:07:01.867] [info] [Worker 8] [libqueen] push(q=0 f=0/24 p99rtt=21ms) pop(q=0 f=0/16 p99rtt=39ms) custom(q=0 f=0/1 p99rtt=2ms) slots=25/25 jobs/s=3 drains=243160 evl=0ms
[2026-06-04 10:07:01.871] [info] [Worker 9] [libqueen] push(q=0 f=0/24 p99rtt=26ms) pop(q=0 f=0/16 p99rtt=37ms) custom(q=0 f=0/1 p99rtt=2ms) slots=25/25 jobs/s=3 drains=243195 evl=0ms
[2026-06-04 10:07:01.883] [info] [Worker 6] [libqueen] push(q=0 f=0/24 p99rtt=27ms) pop(q=0 f=0/16 p99rtt=37ms) custom(q=0 f=0/1 p99rtt=3ms) slots=25/25 jobs/s=3 drains=243144 evl=0ms
[2026-06-04 10:07:01.890] [info] [Worker 1] [libqueen] push(q=0 f=0/24 p99rtt=24ms) pop(q=0 f=0/16 p99rtt=41ms) custom(q=0 f=0/1 p99rtt=1ms) slots=25/25 jobs/s=3 drains=243225 evl=0ms
[2026-06-04 10:07:06.208] [info] StatsService: cycle completed in 43ms
[2026-06-04 10:07:17.225] [info] StatsService: cycle completed in 60ms
