ts,cell-pg_cores,cell-pg_rss_mb,cell-broker-a_cores,cell-broker-a_rss_mb,cell-broker-b_cores,cell-broker-b_rss_mb,cell-proxy_cores,cell-proxy_rss_mb,cell-lb_cores,cell-lb_rss_mb,disk_read_mbps,disk_write_mbps,net_rx_mbps,net_tx_mbps,load1
2026-08-23T20:15:12Z,5.215,12527.7,0.598,140.4,0.089,927.0,0.454,514.3,0.327,118.8,14.67,32.56,0.00,0.00,24.23
2026-08-23T20:15:13Z,5.609,12428.8,0.738,143.8,0.083,927.1,0.446,514.2,0.396,118.7,12.68,27.48,0.00,0.00,24.23
2026-08-23T20:15:14Z,5.435,12509.5,0.842,143.9,0.088,927.1,0.510,514.2,0.411,118.7,14.57,28.67,0.00,0.00,24.23
2026-08-23T20:15:15Z,5.125,12533.6,0.802,144.6,0.091,927.2,0.468,514.2,0.391,118.7,27.83,38.61,0.00,0.00,24.05
2026-08-23T20:15:16Z,5.105,12568.1,0.789,144.6,0.156,926.5,0.441,514.5,0.382,116.8,38.27,42.94,0.00,0.00,24.05
2026-08-23T20:15:18Z,5.240,12605.1,0.773,145.6,0.112,926.6,0.439,514.3,0.380,116.8,40.68,35.41,0.00,0.00,24.05
2026-08-23T20:15:19Z,5.577,12511.0,0.754,148.2,0.102,926.7,0.428,514.5,0.350,117.1,29.90,24.06,0.00,0.00,24.05
2026-08-23T20:15:20Z,5.145,12542.6,0.776,149.2,0.106,926.7,0.453,514.4,0.376,116.5,38.82,29.15,0.00,0.00,24.05
2026-08-23T20:15:21Z,4.849,12459.2,0.763,149.3,0.137,926.2,0.457,514.7,0.376,115.2,33.29,98.59,0.00,0.00,26.61
2026-08-23T20:15:22Z,5.450,12513.1,0.757,150.4,0.105,926.3,0.438,514.5,0.376,115.1,21.16,19.36,0.00,0.00,26.61
2026-08-23T20:15:23Z,5.000,12542.3,0.793,150.7,0.111,926.3,0.444,514.7,0.367,115.1,43.85,27.02,0.00,0.00,26.61
2026-08-23T20:15:24Z,4.942,12513.8,0.784,151.6,0.114,926.4,0.451,514.7,0.370,115.1,41.12,28.12,0.00,0.00,26.61
2026-08-23T20:15:25Z,5.250,12522.0,0.776,151.8,0.104,926.5,0.430,514.2,0.368,115.0,43.43,30.65,0.00,0.00,26.61
2026-08-23T20:15:26Z,4.804,12327.4,0.784,152.8,0.118,926.2,0.479,512.5,0.374,114.3,29.30,290.35,0.00,0.00,26.00
2026-08-23T20:15:27Z,5.295,12404.0,0.785,152.6,0.103,926.3,0.452,512.5,0.366,114.2,34.03,28.96,0.00,0.00,26.00
2026-08-23T20:15:28Z,5.610,12481.9,0.740,152.7,0.101,926.4,0.420,512.6,0.360,114.3,32.21,27.65,0.00,0.00,26.00
2026-08-23T20:15:30Z,5.722,12540.2,0.721,154.6,0.094,926.4,0.464,512.7,0.386,114.3,25.31,22.02,0.00,0.00,26.00
2026-08-23T20:15:31Z,5.219,12510.5,0.835,156.9,0.105,926.2,0.537,510.3,0.447,113.9,27.03,28.64,0.00,0.00,30.49
2026-08-23T20:15:32Z,5.063,12535.1,0.783,159.9,0.113,926.3,0.442,510.5,0.366,113.7,41.19,28.52,0.00,0.00,30.49
2026-08-23T20:15:33Z,5.119,12559.5,0.780,162.9,0.107,926.3,0.429,510.3,0.369,114.0,40.79,28.89,0.00,0.00,30.49
2026-08-23T20:15:34Z,5.233,12583.2,0.780,163.0,0.114,926.4,0.456,510.2,0.378,113.7,41.66,37.77,0.00,0.00,30.49
2026-08-23T20:15:35Z,5.232,12605.3,0.770,163.3,0.108,926.4,0.439,510.3,0.361,113.6,37.52,35.51,0.00,0.00,30.49
2026-08-23T20:15:36Z,4.916,12624.9,0.774,163.4,0.120,926.3,0.457,510.2,0.378,113.2,39.45,34.76,0.00,0.00,30.37
2026-08-23T20:15:37Z,4.840,12601.6,0.770,163.2,0.117,926.4,0.435,510.5,0.369,113.3,43.90,35.27,0.00,0.00,30.37
2026-08-23T20:15:38Z,5.386,12630.1,0.739,164.3,0.102,926.4,0.445,510.5,0.372,113.3,37.05,26.91,0.00,0.00,30.37
2026-08-23T20:15:39Z,4.903,12626.5,0.769,164.4,0.106,926.5,0.454,508.3,0.373,113.1,44.52,25.29,0.00,0.00,30.37
2026-08-23T20:15:40Z,4.175,12585.7,0.780,164.2,0.116,926.5,0.444,507.5,0.370,113.0,36.48,23.64,0.00,0.00,29.86
2026-08-23T20:15:42Z,4.727,12578.0,0.788,164.3,0.112,926.5,0.464,507.6,0.378,113.0,29.12,29.94,0.00,0.00,29.86
2026-08-23T20:15:43Z,5.371,12579.6,0.761,164.3,0.102,926.6,0.450,507.6,0.373,113.0,25.75,21.09,0.00,0.00,29.86
2026-08-23T20:15:44Z,5.081,12591.5,0.760,164.5,0.110,926.6,0.440,507.3,0.362,113.0,35.40,23.29,0.00,0.00,29.86
2026-08-23T20:15:45Z,5.061,12565.6,0.750,164.6,0.113,926.6,0.446,507.6,0.375,113.0,44.32,23.38,0.00,0.00,29.86
2026-08-23T20:15:46Z,5.231,12507.6,0.741,164.8,0.116,926.7,0.452,507.3,0.376,112.8,32.94,22.63,0.00,0.00,30.35
2026-08-23T20:15:47Z,4.974,12292.8,0.759,164.8,0.110,926.7,0.453,507.3,0.372,112.9,36.13,28.55,0.00,0.00,30.35
2026-08-23T20:15:48Z,5.337,12362.2,0.744,165.1,0.105,926.7,0.437,507.4,0.373,112.9,28.29,25.73,0.00,0.00,30.35
2026-08-23T20:15:49Z,5.211,12406.2,0.777,166.0,0.099,927.0,0.461,507.5,0.389,113.1,27.17,27.69,0.01,0.01,30.35
2026-08-23T20:15:50Z,5.132,12467.7,0.763,167.6,0.109,926.8,0.454,507.4,0.375,112.8,34.37,28.31,0.00,0.00,29.92
2026-08-23T20:15:51Z,5.393,12511.0,0.743,168.4,0.108,926.8,0.452,507.5,0.365,112.8,23.95,34.32,0.00,0.00,29.92
2026-08-23T20:15:53Z,5.219,12292.4,0.697,170.9,0.089,926.8,0.423,507.7,0.363,112.9,17.96,197.88,0.00,0.00,29.92
2026-08-23T20:15:54Z,5.370,12256.1,0.762,171.3,0.102,926.8,0.436,507.6,0.364,112.9,23.32,17.84,0.00,0.00,29.92
2026-08-23T20:15:55Z,4.828,12193.2,0.797,172.0,0.113,926.9,0.461,507.7,0.382,112.9,27.26,20.26,0.00,0.00,29.92
2026-08-23T20:15:56Z,4.759,12245.1,0.759,172.3,0.117,926.9,0.450,507.9,0.372,113.1,29.59,23.60,0.00,0.00,29.05
2026-08-23T20:15:57Z,4.940,12295.8,0.798,172.9,0.112,926.9,0.458,507.5,0.380,112.9,28.55,21.23,0.00,0.00,29.05
2026-08-23T20:15:58Z,5.064,12355.5,0.786,182.4,0.106,927.0,0.445,507.5,0.368,112.9,26.18,22.58,0.00,0.00,29.05
2026-08-23T20:15:59Z,5.336,12470.1,0.845,184.2,0.099,927.0,0.463,507.2,0.387,112.9,90.25,21.95,0.00,0.00,29.05
2026-08-23T20:16:00Z,5.014,12546.1,0.819,188.2,0.109,927.1,0.458,507.2,0.380,112.8,123.70,26.66,0.00,0.00,29.05
2026-08-23T20:16:01Z,5.034,12385.8,0.767,189.3,0.106,927.1,0.460,507.3,0.379,113.1,63.93,21.46,0.00,0.00,29.44
2026-08-23T20:16:02Z,4.865,12378.3,0.793,189.4,0.110,927.2,0.450,507.0,0.379,112.7,30.95,30.63,0.00,0.00,29.44
2026-08-23T20:16:03Z,4.675,12271.8,0.771,189.6,0.116,927.2,0.447,507.3,0.375,112.8,29.07,28.85,0.00,0.00,29.44
2026-08-23T20:16:05Z,4.967,12273.3,0.779,189.5,0.112,927.2,0.452,507.3,0.375,113.0,19.33,26.98,0.00,0.00,29.44
2026-08-23T20:16:06Z,3.928,12284.4,0.751,189.5,0.117,927.3,0.440,507.0,0.369,112.7,10.34,29.62,0.00,0.00,29.49
2026-08-23T20:16:07Z,3.687,12317.5,0.783,189.5,0.127,927.4,0.452,507.0,0.372,112.6,10.12,30.84,0.00,0.00,29.49
2026-08-23T20:16:08Z,3.728,12353.4,0.755,189.5,0.128,927.5,0.439,507.2,0.361,112.7,11.12,32.03,0.00,0.00,29.49
2026-08-23T20:16:09Z,5.069,12384.1,0.756,190.8,0.109,927.7,0.441,507.2,0.380,112.8,13.94,23.68,0.00,0.00,29.49
2026-08-23T20:16:10Z,3.649,12413.7,0.786,191.5,0.126,927.7,0.455,507.2,0.372,112.6,10.22,31.98,0.00,0.00,29.49
2026-08-23T20:16:11Z,3.681,12445.3,0.772,191.6,0.129,927.9,0.452,507.0,0.377,112.7,12.28,28.98,0.00,0.00,28.97
2026-08-23T20:16:12Z,3.934,12473.3,0.772,191.6,0.118,927.9,0.452,507.0,0.366,112.7,9.90,33.50,0.00,0.00,28.97
2026-08-23T20:16:13Z,3.839,12458.1,0.773,191.6,0.126,928.0,0.450,507.0,0.369,112.7,11.00,27.70,0.00,0.00,28.97
2026-08-23T20:16:14Z,3.603,12406.0,0.772,192.5,0.128,928.1,0.450,507.0,0.370,112.7,11.28,32.86,0.00,0.00,28.97
2026-08-23T20:16:15Z,3.618,12230.4,0.769,192.9,0.126,928.2,0.455,507.0,0.372,112.6,11.34,33.23,0.00,0.00,27.53
2026-08-23T20:16:16Z,3.605,12031.4,0.774,192.7,0.124,928.3,0.448,507.0,0.375,112.6,10.69,32.82,0.00,0.00,27.53
2026-08-23T20:16:18Z,3.529,11880.2,0.767,193.1,0.124,928.3,0.442,507.1,0.360,112.6,10.67,31.48,0.00,0.00,27.53
2026-08-23T20:16:19Z,4.830,11824.3,0.764,193.3,0.115,928.4,0.444,506.9,0.380,112.6,12.64,24.65,0.00,0.00,27.53
2026-08-23T20:16:20Z,3.913,11734.6,0.765,193.3,0.121,928.4,0.451,506.8,0.371,112.6,10.61,28.73,0.00,0.00,27.53
2026-08-23T20:16:21Z,3.540,11734.3,0.763,193.4,0.127,928.5,0.443,506.9,0.369,112.6,11.35,29.90,0.00,0.00,26.45
2026-08-23T20:16:22Z,3.539,11763.7,0.776,194.4,0.122,928.8,0.450,506.9,0.367,112.6,10.50,36.46,0.00,0.00,26.45
2026-08-23T20:16:23Z,3.518,11791.6,0.759,194.7,0.141,933.0,0.440,506.8,0.359,112.6,9.85,38.22,0.00,0.00,26.45
2026-08-23T20:16:24Z,3.521,11822.3,0.768,195.1,0.131,935.1,0.447,506.9,0.367,112.6,10.68,32.23,0.00,0.00,26.45
2026-08-23T20:16:25Z,3.754,11853.2,0.755,196.1,0.125,935.2,0.452,507.1,0.366,112.6,10.25,33.36,0.00,0.00,26.45
2026-08-23T20:16:26Z,4.088,11888.3,0.804,195.9,0.116,935.4,0.461,506.9,0.380,112.9,11.72,28.19,0.00,0.00,26.41
2026-08-23T20:16:27Z,4.493,11920.2,0.784,197.0,0.117,935.4,0.454,507.1,0.371,112.6,9.92,28.30,0.00,0.00,26.41
2026-08-23T20:16:28Z,5.003,11960.4,0.730,199.0,0.108,935.5,0.432,507.2,0.356,112.7,11.94,31.27,0.00,0.00,26.41
2026-08-23T20:16:29Z,3.914,11983.5,0.780,199.5,0.121,935.5,0.461,506.9,0.380,112.6,10.50,31.92,0.00,0.00,26.41
2026-08-23T20:16:31Z,4.230,12018.6,0.763,199.5,0.121,935.5,0.444,507.1,0.364,112.6,10.99,33.74,0.00,0.00,26.14
2026-08-23T20:16:32Z,4.359,12051.8,0.771,199.7,0.121,935.6,0.453,506.9,0.367,112.7,11.36,34.66,0.00,0.00,26.14
2026-08-23T20:16:33Z,4.552,12090.4,0.764,200.6,0.116,935.7,0.445,506.9,0.368,112.6,11.13,40.82,0.00,0.00,26.14
2026-08-23T20:16:34Z,3.637,12119.4,0.763,200.8,0.122,935.7,0.440,506.9,0.367,112.6,11.29,31.66,0.00,0.00,26.14
2026-08-23T20:16:35Z,3.558,12147.8,0.795,203.4,0.126,936.0,0.441,507.1,0.364,112.6,11.32,29.29,0.00,0.00,26.14
2026-08-23T20:16:36Z,3.514,12176.8,0.785,205.1,0.128,935.9,0.445,506.9,0.367,112.6,11.54,31.94,0.00,0.00,25.56
2026-08-23T20:16:37Z,3.491,12203.0,0.775,206.7,0.129,936.0,0.440,506.9,0.364,112.7,12.36,28.48,0.00,0.00,25.56
2026-08-23T20:16:38Z,4.357,12245.9,0.777,207.8,0.115,936.4,0.448,507.1,0.366,112.7,10.71,25.40,0.00,0.00,25.56
2026-08-23T20:16:39Z,4.121,12257.3,0.857,208.7,0.116,936.2,0.447,506.8,0.374,112.9,11.69,24.09,0.00,0.00,25.56
2026-08-23T20:16:40Z,3.513,12281.4,0.819,209.3,0.126,936.4,0.442,507.1,0.367,112.6,11.83,27.46,0.00,0.00,24.64
2026-08-23T20:16:41Z,3.628,12303.8,0.804,209.8,0.130,936.8,0.442,507.1,0.366,112.6,10.71,25.36,0.00,0.00,24.64
2026-08-23T20:16:42Z,3.841,12328.9,0.821,210.4,0.124,936.8,0.452,507.0,0.367,112.6,11.20,33.74,0.00,0.00,24.64
2026-08-23T20:16:44Z,3.552,12351.6,0.804,210.5,0.135,938.0,0.435,506.9,0.359,112.6,8.81,30.15,0.00,0.00,24.64
2026-08-23T20:16:45Z,3.506,12377.8,0.811,211.2,0.127,938.2,0.443,506.7,0.366,112.6,9.30,30.42,0.00,0.00,24.64
2026-08-23T20:16:46Z,3.526,12400.9,0.826,211.3,0.133,938.8,0.439,507.0,0.365,112.6,8.06,28.71,0.00,0.00,23.63
2026-08-23T20:16:47Z,3.492,12381.6,0.821,211.5,0.131,938.8,0.441,506.7,0.369,112.6,8.96,30.59,0.00,0.00,23.63
2026-08-23T20:16:48Z,3.897,12420.0,0.837,213.2,0.127,938.9,0.441,506.8,0.362,112.7,9.45,29.98,0.00,0.00,23.63
2026-08-23T20:16:49Z,4.557,12431.4,0.849,214.3,0.117,941.1,0.458,506.7,0.378,112.6,8.40,24.49,0.00,0.00,23.63
2026-08-23T20:16:50Z,3.597,12457.5,0.848,215.3,0.130,941.1,0.451,506.7,0.376,112.7,10.64,32.03,0.00,0.00,23.63
2026-08-23T20:16:51Z,3.562,12488.2,0.833,216.0,0.127,941.2,0.436,506.7,0.366,112.6,9.98,34.04,0.00,0.00,23.90
2026-08-23T20:16:52Z,3.498,12515.2,0.845,223.6,0.128,941.2,0.443,506.7,0.368,112.6,10.08,31.33,0.00,0.00,23.90
2026-08-23T20:16:53Z,3.531,12498.0,0.823,225.1,0.127,941.2,0.442,506.9,0.368,112.6,10.90,37.73,0.00,0.00,23.90
2026-08-23T20:16:54Z,3.604,12482.6,0.850,235.8,0.124,941.3,0.450,506.7,0.374,112.6,10.83,36.44,0.00,0.00,23.90
2026-08-23T20:16:55Z,3.880,12468.6,0.830,235.8,0.129,941.3,0.452,507.0,0.374,112.6,11.26,32.25,0.00,0.00,23.82
2026-08-23T20:16:57Z,3.808,12498.4,0.798,236.1,0.129,941.4,0.441,506.9,0.367,112.6,10.26,33.93,0.00,0.00,23.82
2026-08-23T20:16:58Z,3.964,12449.8,0.814,236.1,0.124,941.4,0.448,506.7,0.364,112.6,10.56,31.33,0.00,0.00,23.82
2026-08-23T20:16:59Z,5.054,12435.5,0.781,236.4,0.111,941.5,0.447,507.2,0.368,112.7,10.96,25.38,0.00,0.00,23.82
2026-08-23T20:17:00Z,3.779,12460.2,0.824,236.4,0.127,941.6,0.462,506.8,0.384,112.7,10.64,26.34,0.00,0.00,23.82
2026-08-23T20:17:01Z,3.518,12486.8,0.771,236.4,0.131,941.6,0.438,506.7,0.367,112.6,11.25,31.85,0.00,0.00,23.76
2026-08-23T20:17:02Z,3.531,12469.1,0.774,236.5,0.132,941.7,0.446,506.7,0.369,112.7,11.30,28.33,0.00,0.00,23.76
2026-08-23T20:17:03Z,3.580,12456.5,0.760,236.5,0.127,941.8,0.448,507.2,0.367,112.7,11.72,36.44,0.00,0.00,23.76
2026-08-23T20:17:04Z,3.501,12485.6,0.765,236.4,0.130,941.8,0.438,506.7,0.359,112.6,10.88,34.56,0.00,0.00,23.76
2026-08-23T20:17:05Z,4.593,12422.3,0.785,236.7,0.118,941.9,0.454,506.8,0.374,112.9,10.73,28.13,0.00,0.00,23.78
2026-08-23T20:17:06Z,5.211,12453.0,0.788,237.2,0.110,941.9,0.447,506.7,0.375,112.6,11.31,26.31,0.00,0.00,23.78
2026-08-23T20:17:07Z,4.478,12464.3,0.774,237.7,0.126,942.0,0.454,506.7,0.374,112.6,31.04,31.96,0.00,0.00,23.78
2026-08-23T20:17:08Z,5.058,12433.9,0.781,237.8,0.113,942.0,0.434,507.0,0.359,112.7,49.33,35.23,0.00,0.00,23.78
2026-08-23T20:17:10Z,4.867,12457.0,0.816,238.1,0.113,942.1,0.477,506.7,0.395,112.7,112.75,34.06,0.00,0.00,23.78
2026-08-23T20:17:11Z,4.921,12452.3,0.800,238.2,0.112,942.1,0.443,506.7,0.379,112.7,62.45,33.67,0.00,0.00,24.20
2026-08-23T20:17:12Z,4.572,12461.0,0.789,238.2,0.114,942.1,0.462,506.7,0.378,112.9,25.24,37.29,0.00,0.00,24.20
2026-08-23T20:17:13Z,4.473,12471.0,0.790,238.3,0.123,942.2,0.460,506.7,0.379,112.7,29.32,39.82,0.00,0.00,24.20
2026-08-23T20:17:14Z,4.308,12441.0,0.793,238.9,0.122,942.3,0.453,506.9,0.369,112.6,28.91,46.06,0.00,0.00,24.20
2026-08-23T20:17:15Z,4.317,12455.8,0.787,239.1,0.125,942.5,0.459,507.0,0.376,112.9,29.93,38.67,0.00,0.00,24.20
2026-08-23T20:17:16Z,4.301,12467.9,0.788,239.2,0.123,942.6,0.452,506.7,0.371,112.6,28.77,38.02,0.00,0.00,24.34
2026-08-23T20:17:17Z,4.286,12441.1,0.779,240.0,0.125,942.6,0.448,507.2,0.369,112.7,31.48,39.71,0.00,0.00,24.34
2026-08-23T20:17:18Z,4.910,12458.7,0.777,240.1,0.108,942.4,0.456,507.0,0.376,112.7,24.12,31.77,0.00,0.00,24.34
2026-08-23T20:17:19Z,4.734,12459.6,0.786,240.6,0.116,942.5,0.447,506.7,0.377,112.6,29.77,32.78,0.00,0.00,24.34
2026-08-23T20:17:20Z,4.310,12436.2,0.778,240.7,0.123,942.5,0.444,507.0,0.367,112.9,35.17,33.87,0.00,0.00,23.99
2026-08-23T20:17:22Z,4.278,12446.4,0.784,240.8,0.120,942.5,0.448,506.9,0.365,112.6,29.58,29.21,0.00,0.00,23.99
2026-08-23T20:17:23Z,4.284,12460.3,0.769,241.5,0.119,942.5,0.452,506.7,0.370,112.6,33.41,31.55,0.00,0.00,23.99
2026-08-23T20:17:24Z,4.307,12431.8,0.777,242.1,0.119,942.6,0.447,506.7,0.361,112.6,31.45,41.85,0.00,0.00,23.99
2026-08-23T20:17:25Z,4.340,12439.6,0.764,242.5,0.121,942.6,0.444,506.9,0.367,112.6,30.78,35.74,0.00,0.00,23.99
2026-08-23T20:17:26Z,4.559,12443.8,0.791,242.8,0.119,942.9,0.458,506.8,0.382,112.7,28.24,24.66,0.00,0.00,24.15
2026-08-23T20:17:27Z,4.782,12441.4,0.782,243.2,0.109,942.7,0.451,507.2,0.367,112.6,22.25,22.75,0.00,0.00,24.15
2026-08-23T20:17:28Z,5.293,12402.1,0.744,244.6,0.097,942.7,0.423,506.8,0.345,112.8,21.37,19.13,0.00,0.00,24.15
2026-08-23T20:17:29Z,5.271,12433.4,0.719,246.8,0.104,942.7,0.448,506.7,0.352,112.7,17.74,17.93,0.00,0.00,24.15
2026-08-23T20:17:30Z,4.971,12429.1,0.776,248.1,0.100,942.8,0.481,507.0,0.404,112.8,20.86,19.21,0.00,0.00,25.02
2026-08-23T20:17:31Z,4.880,12424.3,0.802,248.9,0.105,942.8,0.466,506.7,0.390,112.7,21.04,19.47,0.00,0.00,25.02
2026-08-23T20:17:32Z,4.683,12423.7,0.784,248.9,0.106,942.8,0.457,506.7,0.372,112.7,25.88,19.45,0.00,0.00,25.02
2026-08-23T20:17:34Z,4.357,12430.7,0.780,249.1,0.124,942.8,0.449,506.7,0.372,113.0,32.25,33.14,0.00,0.00,25.02
2026-08-23T20:17:35Z,4.287,12435.4,0.783,249.1,0.124,942.9,0.450,507.0,0.373,112.7,30.89,27.13,0.00,0.00,25.02
2026-08-23T20:17:36Z,4.335,12441.7,0.776,249.3,0.123,942.9,0.441,506.7,0.371,112.7,31.80,26.72,0.00,0.00,25.26
2026-08-23T20:17:37Z,4.385,12444.7,0.772,249.5,0.121,942.9,0.446,506.7,0.370,112.6,27.85,27.12,0.00,0.00,25.26
2026-08-23T20:17:38Z,4.286,12416.3,0.766,250.0,0.122,943.0,0.437,506.7,0.364,112.7,14.77,28.38,0.00,0.00,25.26
2026-08-23T20:17:39Z,4.900,12431.0,0.780,251.3,0.110,943.1,0.450,506.7,0.371,112.6,10.86,23.24,0.00,0.00,25.26
2026-08-23T20:17:40Z,3.474,12415.0,0.761,251.3,0.127,943.1,0.443,506.7,0.364,112.6,9.78,32.76,0.00,0.00,25.26
2026-08-23T20:17:41Z,3.549,12443.4,0.770,251.6,0.126,943.1,0.439,507.2,0.358,112.6,8.80,31.45,0.00,0.00,23.88
2026-08-23T20:17:42Z,3.832,12423.9,0.788,251.7,0.115,943.2,0.442,507.2,0.369,112.7,8.57,24.55,0.00,0.00,23.88
2026-08-23T20:17:43Z,3.705,12446.2,0.793,251.9,0.114,943.5,0.445,506.7,0.364,112.7,8.30,24.13,0.00,0.00,23.88
2026-08-23T20:17:44Z,3.492,12428.0,0.768,251.9,0.111,943.3,0.435,506.7,0.358,112.6,9.47,30.99,0.00,0.00,23.88
2026-08-23T20:17:45Z,3.499,12448.6,0.774,252.3,0.112,943.3,0.438,507.0,0.364,112.6,9.14,23.89,0.00,0.00,22.61
2026-08-23T20:17:47Z,3.558,12434.1,0.786,252.3,0.115,943.4,0.457,507.0,0.366,112.6,8.78,24.73,0.00,0.00,22.61
2026-08-23T20:17:48Z,3.508,12419.1,0.785,252.9,0.113,943.4,0.446,506.7,0.370,112.6,8.43,25.37,0.00,0.00,22.61
2026-08-23T20:17:49Z,4.864,12402.0,0.760,253.8,0.104,943.5,0.449,506.7,0.378,113.0,9.48,20.02,0.00,0.00,22.61
2026-08-23T20:17:50Z,3.603,12425.1,0.763,254.0,0.125,943.6,0.440,506.9,0.364,112.6,8.82,29.89,0.00,0.00,22.61
2026-08-23T20:17:51Z,3.571,12407.5,0.773,254.5,0.128,946.7,0.446,506.7,0.364,112.7,9.14,29.80,0.00,0.00,22.24
2026-08-23T20:17:52Z,3.472,12431.4,0.773,255.0,0.120,946.8,0.444,506.7,0.357,112.6,9.35,29.99,0.00,0.00,22.24
2026-08-23T20:17:53Z,3.386,12415.7,0.768,255.3,0.113,946.9,0.428,507.0,0.356,112.6,9.08,29.26,0.00,0.00,22.24
2026-08-23T20:17:54Z,3.452,12433.1,0.776,255.6,0.110,946.9,0.442,507.0,0.359,113.2,11.21,35.94,0.00,0.00,22.24
2026-08-23T20:17:55Z,3.609,12388.6,0.787,256.7,0.109,947.0,0.442,506.9,0.365,112.6,9.73,32.71,0.00,0.00,22.24
2026-08-23T20:17:56Z,3.861,12414.8,0.808,256.7,0.112,947.1,0.444,506.7,0.368,112.7,11.14,27.40,0.00,0.00,22.62
2026-08-23T20:17:57Z,3.821,12398.4,0.805,257.0,0.112,947.1,0.446,506.7,0.368,112.9,9.79,27.24,0.00,0.00,22.62
2026-08-23T20:17:58Z,4.762,12385.2,0.745,258.9,0.112,947.2,0.424,507.0,0.358,112.8,9.78,26.19,0.00,0.00,22.62
2026-08-23T20:17:59Z,3.919,12409.8,0.788,259.1,0.119,947.2,0.450,506.9,0.380,112.6,10.06,29.03,0.00,0.00,22.62
2026-08-23T20:18:01Z,3.559,12433.3,0.769,259.7,0.128,947.2,0.446,506.9,0.365,112.6,10.29,28.10,0.00,0.00,21.77
2026-08-23T20:18:02Z,3.606,12414.1,0.799,260.3,0.133,947.4,0.451,507.5,0.379,112.7,10.47,25.91,0.00,0.00,21.77
2026-08-23T20:18:03Z,3.546,12395.0,0.769,260.6,0.128,947.4,0.442,506.9,0.361,112.6,10.20,27.20,0.00,0.00,21.77
2026-08-23T20:18:04Z,3.493,12413.0,0.799,261.4,0.125,947.4,0.448,506.7,0.371,112.7,9.86,22.28,0.00,0.00,21.77
2026-08-23T20:18:05Z,3.517,12392.5,0.830,264.9,0.110,947.7,0.466,506.7,0.385,112.6,9.83,26.13,0.00,0.00,21.77
2026-08-23T20:18:06Z,4.153,12373.4,0.798,266.5,0.108,947.5,0.454,507.0,0.380,112.7,18.93,21.60,0.00,0.00,20.35
2026-08-23T20:18:07Z,4.350,12371.7,0.799,266.8,0.111,947.5,0.458,506.7,0.377,112.7,24.75,22.86,0.00,0.00,20.35
2026-08-23T20:18:08Z,4.934,12378.3,0.750,267.7,0.115,947.8,0.446,507.0,0.362,112.7,20.64,25.34,0.00,0.00,20.35
2026-08-23T20:18:09Z,5.417,12393.4,0.727,269.4,0.098,947.6,0.430,507.4,0.357,113.1,10.54,19.39,0.00,0.00,20.35
2026-08-23T20:18:10Z,4.386,12399.0,0.796,270.5,0.116,947.6,0.456,507.1,0.379,112.7,30.18,27.52,0.00,0.00,20.00
2026-08-23T20:18:11Z,4.367,12368.4,0.793,272.8,0.128,950.0,0.454,506.9,0.375,112.8,28.90,32.42,0.00,0.00,20.00
2026-08-23T20:18:12Z,4.509,12383.6,0.804,273.0,0.113,950.0,0.448,506.9,0.362,112.8,27.40,38.86,0.00,0.00,20.00
2026-08-23T20:18:14Z,4.179,12395.7,0.872,273.2,0.102,950.1,0.452,507.1,0.372,112.8,26.53,31.90,0.00,0.00,20.00
2026-08-23T20:18:15Z,4.030,12371.4,0.834,273.6,0.099,950.1,0.444,506.9,0.365,113.0,26.96,39.05,0.00,0.00,20.00
2026-08-23T20:18:16Z,4.140,12384.4,0.847,273.3,0.101,950.1,0.456,506.8,0.369,112.7,26.97,31.71,0.00,0.00,20.96
2026-08-23T20:18:17Z,4.175,12396.9,0.842,273.6,0.114,950.2,0.455,506.9,0.377,112.7,28.38,34.24,0.00,0.00,20.96
2026-08-23T20:18:18Z,4.682,12377.2,0.830,273.6,0.116,950.2,0.440,507.2,0.368,112.7,24.99,35.52,0.00,0.00,20.96
2026-08-23T20:18:19Z,4.885,12377.6,0.806,274.2,0.108,950.2,0.439,506.8,0.380,112.7,22.93,33.43,0.00,0.00,20.96
2026-08-23T20:18:20Z,4.386,12395.9,0.857,274.2,0.121,950.3,0.460,507.1,0.378,112.7,30.23,41.22,0.00,0.00,20.96
2026-08-23T20:18:21Z,4.258,12376.0,0.846,274.3,0.123,950.3,0.451,506.8,0.370,112.7,29.59,40.06,0.00,0.00,20.88
2026-08-23T20:18:22Z,4.258,12395.0,0.867,274.5,0.122,950.4,0.461,506.8,0.380,112.7,31.92,40.54,0.00,0.00,20.88
2026-08-23T20:18:23Z,4.262,12374.3,0.849,274.6,0.122,950.4,0.447,507.1,0.369,112.9,30.09,40.09,0.00,0.00,20.88
2026-08-23T20:18:24Z,4.313,12353.8,0.848,274.3,0.124,950.4,0.454,506.8,0.376,113.1,29.35,39.80,0.00,0.00,20.88
2026-08-23T20:18:26Z,4.384,12360.8,0.857,274.4,0.119,950.5,0.455,507.1,0.366,112.7,28.19,34.48,0.00,0.00,20.49
2026-08-23T20:18:27Z,4.716,12333.3,0.860,274.4,0.113,950.6,0.452,506.9,0.383,112.7,29.42,34.16,0.00,0.00,20.49
2026-08-23T20:18:28Z,5.243,12346.3,0.813,274.5,0.106,950.7,0.448,507.1,0.370,112.7,29.45,23.12,0.00,0.00,20.49
2026-08-23T20:18:29Z,5.571,12343.7,0.709,278.8,0.098,950.8,0.442,506.9,0.347,112.8,20.75,23.82,0.00,0.00,20.49
2026-08-23T20:18:30Z,5.068,12349.4,0.844,281.2,0.105,950.8,0.481,507.1,0.403,112.6,22.53,26.99,0.00,0.00,20.49
2026-08-23T20:18:31Z,4.892,12355.4,0.819,282.4,0.115,951.2,0.444,506.9,0.369,112.7,26.64,23.65,0.00,0.00,20.29
2026-08-23T20:18:32Z,4.534,12360.2,0.815,283.7,0.121,951.3,0.448,506.8,0.373,112.7,26.22,28.04,0.00,0.00,20.29
2026-08-23T20:18:33Z,4.352,12360.6,0.816,285.1,0.129,951.5,0.450,507.1,0.382,112.7,29.04,28.41,0.00,0.00,20.29
2026-08-23T20:18:34Z,4.287,12339.7,0.821,285.9,0.126,951.6,0.455,506.9,0.383,112.7,32.08,29.23,0.00,0.00,20.29
2026-08-23T20:18:35Z,4.241,12353.1,0.803,286.0,0.126,951.6,0.445,506.8,0.365,112.6,32.69,37.04,0.00,0.00,20.27
2026-08-23T20:18:36Z,4.259,12327.7,0.815,286.5,0.126,952.2,0.457,506.9,0.378,112.9,33.54,29.96,0.00,0.00,20.27
2026-08-23T20:18:38Z,4.453,12276.6,0.827,287.2,0.116,952.3,0.463,507.1,0.382,112.9,30.26,27.40,0.00,0.00,20.27
2026-08-23T20:18:39Z,5.370,12313.0,0.783,290.0,0.102,952.4,0.453,507.1,0.356,112.7,26.12,22.49,0.00,0.00,20.27
2026-08-23T20:18:40Z,5.174,12312.0,0.798,290.8,0.101,952.5,0.472,506.8,0.382,112.7,30.80,22.89,0.00,0.00,20.27
2026-08-23T20:18:41Z,4.822,12335.7,0.793,291.8,0.115,952.5,0.446,507.1,0.369,112.7,40.34,26.19,0.00,0.00,19.61
2026-08-23T20:18:42Z,5.069,12321.1,0.813,292.8,0.109,952.6,0.460,506.8,0.377,113.0,31.90,36.11,0.00,0.00,19.61
2026-08-23T20:18:43Z,5.109,12296.9,0.811,293.8,0.104,952.8,0.455,507.1,0.383,113.0,21.98,27.05,0.00,0.00,19.61
2026-08-23T20:18:44Z,4.977,12320.3,0.773,301.1,0.107,952.9,0.424,506.9,0.365,112.8,10.71,22.37,0.00,0.00,19.61
2026-08-23T20:18:45Z,4.290,12294.8,0.810,316.8,0.122,953.0,0.441,506.9,0.364,112.7,31.66,34.66,0.00,0.00,19.61
2026-08-23T20:18:46Z,4.288,12306.1,0.827,332.7,0.121,953.1,0.456,507.1,0.379,112.8,31.07,30.70,0.00,0.00,19.16
2026-08-23T20:18:47Z,4.261,12280.2,0.788,332.8,0.125,953.1,0.453,506.9,0.382,112.7,31.29,38.19,0.00,0.00,19.16
2026-08-23T20:18:48Z,4.969,12299.0,0.802,332.9,0.115,953.2,0.461,506.9,0.385,112.9,28.99,32.69,0.00,0.00,19.16
2026-08-23T20:18:50Z,4.990,12296.4,0.807,333.8,0.105,953.3,0.471,506.9,0.383,112.7,24.44,20.86,0.00,0.00,19.16
2026-08-23T20:18:51Z,4.356,12272.9,0.767,334.0,0.126,953.3,0.456,507.1,0.374,112.7,28.81,28.60,0.00,0.00,18.50
2026-08-23T20:18:52Z,4.311,12285.7,0.792,334.0,0.125,953.4,0.455,506.9,0.372,112.7,30.55,32.95,0.00,0.00,18.50
2026-08-23T20:18:53Z,4.204,12297.8,0.790,334.1,0.121,953.4,0.442,506.8,0.371,112.7,30.82,32.04,0.00,0.00,18.50
2026-08-23T20:18:54Z,4.242,12275.1,0.788,334.5,0.120,953.4,0.449,506.9,0.376,112.8,29.69,31.34,0.00,0.00,18.50
2026-08-23T20:18:55Z,4.307,12287.4,0.799,334.6,0.122,953.5,0.445,506.9,0.375,112.7,30.80,31.06,0.00,0.00,18.50
2026-08-23T20:18:56Z,4.287,12269.6,0.780,334.8,0.121,953.5,0.452,506.9,0.374,113.0,33.67,40.73,0.00,0.00,17.90
2026-08-23T20:18:57Z,4.574,12278.3,0.782,336.1,0.115,953.6,0.437,507.1,0.366,112.6,28.99,33.59,0.00,0.00,17.90
2026-08-23T20:18:58Z,5.121,12293.6,0.791,336.3,0.104,953.6,0.443,507.2,0.358,112.8,24.37,22.46,0.00,0.00,17.90
2026-08-23T20:18:59Z,4.753,12282.3,0.813,336.5,0.112,953.6,0.458,506.8,0.388,112.7,23.53,21.81,0.00,0.00,17.90
2026-08-23T20:19:00Z,4.318,12291.6,0.808,336.6,0.116,953.7,0.471,507.1,0.381,112.9,28.32,26.33,0.00,0.00,17.83
2026-08-23T20:19:01Z,4.339,12265.3,0.819,336.6,0.122,953.7,0.466,507.1,0.380,112.7,29.06,27.77,0.00,0.00,17.83
2026-08-23T20:19:03Z,4.271,12274.1,0.778,336.6,0.121,953.7,0.443,506.8,0.372,112.7,28.31,33.35,0.00,0.00,17.83
2026-08-23T20:19:04Z,4.268,12285.0,0.784,337.0,0.122,953.8,0.444,506.8,0.378,112.7,31.27,30.94,0.00,0.00,17.83
2026-08-23T20:19:05Z,4.265,12291.9,0.805,336.9,0.117,953.8,0.459,506.8,0.375,112.9,26.19,26.23,0.00,0.00,17.83
2026-08-23T20:19:06Z,4.275,12295.5,0.816,337.1,0.115,953.8,0.461,506.8,0.380,112.7,24.76,31.77,0.00,0.00,17.92
2026-08-23T20:19:07Z,4.287,12266.3,0.786,337.1,0.126,953.9,0.458,506.8,0.380,112.7,28.30,28.79,0.00,0.00,17.92
2026-08-23T20:19:08Z,4.738,12275.7,0.827,337.2,0.118,954.0,0.475,506.9,0.387,112.7,24.34,19.61,0.00,0.00,17.92
2026-08-23T20:19:09Z,5.120,12251.4,0.799,340.0,0.105,954.1,0.467,506.9,0.385,112.8,42.40,16.12,0.00,0.00,17.92
2026-08-23T20:19:10Z,4.310,12254.3,0.833,340.0,0.119,954.4,0.471,506.8,0.388,112.7,27.71,20.50,0.00,0.00,17.92
2026-08-23T20:19:11Z,4.307,12261.1,0.813,340.2,0.116,954.2,0.464,506.8,0.379,112.7,28.94,22.56,0.00,0.00,17.77
2026-08-23T20:19:12Z,4.476,12266.3,0.820,340.5,0.114,954.3,0.458,507.0,0.378,112.7,24.44,26.69,0.00,0.00,17.77
2026-08-23T20:19:13Z,4.453,12277.2,0.834,340.9,0.112,954.3,0.475,506.9,0.382,112.7,27.02,29.28,0.00,0.00,17.77
2026-08-23T20:19:15Z,4.421,12251.1,0.788,341.0,0.120,954.3,0.454,507.0,0.375,112.6,26.92,28.04,0.00,0.00,17.77
2026-08-23T20:19:16Z,4.356,12252.3,0.789,341.1,0.119,954.4,0.455,507.1,0.372,112.9,17.65,28.25,0.00,0.00,18.03
2026-08-23T20:19:17Z,3.559,12277.9,0.777,341.4,0.126,954.5,0.433,506.8,0.365,112.6,10.07,37.09,0.00,0.00,18.03
2026-08-23T20:19:18Z,3.652,12288.4,0.758,342.3,0.125,954.6,0.434,507.1,0.362,112.7,26.65,30.78,0.00,0.00,18.03
2026-08-23T20:19:19Z,4.925,12238.7,0.756,342.6,0.110,954.7,0.442,506.8,0.372,112.7,11.53,23.68,0.00,0.00,18.03
2026-08-23T20:19:20Z,3.720,12261.8,0.799,343.5,0.126,954.8,0.458,506.8,0.378,112.6,9.40,28.01,0.00,0.00,18.03
2026-08-23T20:19:21Z,3.491,12247.6,0.786,344.0,0.128,955.0,0.444,507.0,0.373,112.7,9.91,31.02,0.00,0.00,17.06
2026-08-23T20:19:22Z,3.490,12271.8,0.794,344.7,0.151,962.7,0.441,507.0,0.361,112.6,10.30,30.09,0.00,0.00,17.06
2026-08-23T20:19:23Z,3.530,12260.6,0.808,344.9,0.123,964.0,0.443,506.8,0.364,112.6,8.99,28.06,0.00,0.00,17.06
2026-08-23T20:19:24Z,3.491,12247.7,0.791,345.2,0.121,964.1,0.445,507.0,0.367,112.6,9.65,28.95,0.00,0.00,17.06
2026-08-23T20:19:25Z,3.618,12235.5,0.773,345.3,0.126,964.2,0.435,506.8,0.362,112.6,9.88,30.69,0.00,0.00,16.98
2026-08-23T20:19:26Z,4.396,12266.9,0.811,345.6,0.118,964.2,0.461,507.1,0.377,112.6,13.36,32.61,0.00,0.00,16.98
2026-08-23T20:19:28Z,4.935,12260.8,0.799,345.9,0.108,964.3,0.449,507.1,0.378,112.6,14.93,27.47,0.00,0.00,16.98
2026-08-23T20:19:29Z,5.220,12231.1,0.761,346.2,0.104,964.4,0.447,507.1,0.364,112.7,16.16,20.01,0.00,0.00,16.98
2026-08-23T20:19:30Z,5.178,12239.5,0.775,347.0,0.102,964.4,0.448,507.4,0.381,112.8,9.28,19.37,0.00,0.00,16.98
2026-08-23T20:19:31Z,4.064,12228.3,0.837,347.6,0.114,964.5,0.474,507.1,0.388,113.0,9.93,25.08,0.00,0.00,15.78
2026-08-23T20:19:32Z,3.509,12251.5,0.792,347.9,0.117,964.5,0.441,506.8,0.366,112.9,9.85,27.56,0.00,0.00,15.78
2026-08-23T20:19:33Z,3.455,12238.6,0.783,347.9,0.121,964.5,0.437,507.1,0.363,112.7,10.50,31.20,0.00,0.00,15.78
2026-08-23T20:19:34Z,3.466,12224.0,0.775,348.5,0.126,964.6,0.438,506.8,0.363,112.7,10.63,30.43,0.00,0.00,15.78
2026-08-23T20:19:35Z,3.505,12248.1,0.786,348.8,0.127,964.7,0.450,507.0,0.369,112.7,10.90,31.47,0.00,0.00,15.78
2026-08-23T20:19:36Z,3.506,12235.8,0.781,349.0,0.125,964.7,0.443,507.1,0.366,112.7,10.55,30.47,0.00,0.00,15.96
2026-08-23T20:19:37Z,3.469,12222.2,0.767,349.3,0.128,964.8,0.436,506.8,0.361,112.9,10.38,38.71,0.00,0.00,15.96
2026-08-23T20:19:38Z,4.557,12227.9,0.745,350.2,0.117,964.8,0.426,506.8,0.364,112.7,9.89,27.46,0.00,0.00,15.96
2026-08-23T20:19:39Z,4.031,12234.8,0.788,350.4,0.120,964.9,0.448,506.8,0.374,112.6,9.83,28.67,0.00,0.00,15.96
2026-08-23T20:19:41Z,3.456,12221.5,0.779,350.6,0.126,964.9,0.438,506.8,0.364,112.7,10.38,30.69,0.00,0.00,15.40
2026-08-23T20:19:42Z,3.695,12208.4,0.810,351.0,0.113,965.2,0.453,507.1,0.372,112.7,10.00,26.11,0.00,0.00,15.40
2026-08-23T20:19:43Z,3.928,12232.0,0.803,350.7,0.118,965.0,0.455,506.8,0.366,112.9,10.29,25.72,0.00,0.00,15.40
2026-08-23T20:19:44Z,3.543,12218.6,0.769,350.8,0.126,965.1,0.443,507.5,0.367,112.9,10.36,31.09,0.00,0.00,15.40
2026-08-23T20:19:45Z,3.540,12243.1,0.782,351.2,0.129,965.3,0.447,506.8,0.368,112.6,10.02,32.81,0.00,0.00,15.40
2026-08-23T20:19:46Z,3.549,12232.9,0.796,351.4,0.125,965.4,0.451,506.8,0.372,112.6,11.22,30.31,0.00,0.00,16.09
2026-08-23T20:19:47Z,3.499,12221.4,0.853,351.5,0.117,965.5,0.453,507.1,0.370,112.7,9.59,35.24,0.00,0.00,16.09
2026-08-23T20:19:48Z,4.186,12218.4,0.862,351.8,0.117,965.8,0.442,506.8,0.365,112.7,9.81,26.23,0.00,0.00,16.09
2026-08-23T20:19:49Z,4.487,12197.1,0.855,352.5,0.114,965.6,0.471,506.8,0.396,112.7,10.47,23.96,0.00,0.00,16.09
2026-08-23T20:19:50Z,3.558,12222.4,0.857,352.8,0.118,965.7,0.440,506.8,0.363,112.7,10.18,29.09,0.00,0.00,16.40
2026-08-23T20:19:51Z,3.530,12211.8,0.878,353.5,0.120,965.7,0.460,507.3,0.374,112.7,10.32,31.87,0.00,0.00,16.40
2026-08-23T20:19:53Z,3.507,12236.6,0.849,353.6,0.122,965.7,0.443,507.3,0.366,112.7,10.09,31.76,0.00,0.00,16.40
2026-08-23T20:19:54Z,3.448,12223.8,0.834,353.6,0.125,965.8,0.450,507.0,0.371,112.7,10.53,31.86,0.00,0.00,16.40
2026-08-23T20:19:55Z,3.574,12213.2,0.849,353.6,0.127,965.9,0.449,507.0,0.366,112.9,10.27,31.51,0.00,0.00,16.40
2026-08-23T20:19:56Z,3.580,12203.2,0.843,353.7,0.128,965.9,0.437,507.0,0.365,112.6,10.46,33.68,0.00,0.00,16.77
2026-08-23T20:19:57Z,3.829,12205.4,0.840,353.7,0.125,966.0,0.441,506.8,0.364,112.7,10.32,47.22,0.00,0.00,16.77
2026-08-23T20:19:58Z,4.243,12219.4,0.872,353.8,0.119,966.0,0.441,507.3,0.374,112.7,10.78,47.67,0.00,0.00,16.77
2026-08-23T20:19:59Z,4.786,12204.6,0.832,353.8,0.110,966.1,0.446,506.8,0.372,112.7,10.59,28.51,0.00,0.00,16.77
2026-08-23T20:20:00Z,3.731,12223.8,0.886,353.8,0.120,966.1,0.461,506.8,0.372,112.9,9.98,21.28,0.00,0.00,16.77
2026-08-23T20:20:01Z,3.611,12212.2,0.873,354.0,0.126,967.1,0.460,506.8,0.380,112.6,11.80,21.76,0.00,0.00,17.03
2026-08-23T20:20:02Z,3.690,12194.4,0.897,354.1,0.140,969.4,0.470,507.0,0.393,112.7,10.35,22.04,0.00,0.00,17.03
2026-08-23T20:20:03Z,3.407,12210.5,0.818,354.1,0.133,969.4,0.437,507.0,0.363,112.6,10.81,26.19,0.00,0.00,17.03
2026-08-23T20:20:04Z,3.501,12192.0,0.850,354.1,0.124,969.5,0.455,506.8,0.375,112.7,10.19,18.85,0.00,0.00,17.03
2026-08-23T20:20:06Z,3.508,12172.8,0.835,354.2,0.122,969.6,0.444,506.8,0.368,112.6,9.72,19.51,0.00,0.00,17.59
2026-08-23T20:20:07Z,3.513,12188.2,0.842,354.2,0.123,969.7,0.460,507.0,0.374,112.9,9.55,18.21,0.00,0.00,17.59
2026-08-23T20:20:08Z,3.579,12178.5,0.831,354.3,0.127,971.2,0.449,506.8,0.367,112.6,9.99,26.46,0.00,0.00,17.59
2026-08-23T20:20:09Z,4.818,12093.8,0.808,354.7,0.110,971.2,0.450,506.8,0.376,112.7,8.99,14.19,0.00,0.00,17.59
2026-08-23T20:20:10Z,3.635,12110.6,0.844,354.7,0.122,971.3,0.457,507.3,0.374,112.7,9.35,19.07,0.00,0.00,17.59
2026-08-23T20:20:11Z,3.566,12129.4,0.799,355.1,0.126,971.3,0.446,506.8,0.362,112.6,10.02,23.15,0.00,0.00,17.14
2026-08-23T20:20:12Z,3.808,12150.4,0.793,355.7,0.128,971.3,0.455,507.1,0.372,112.7,10.65,24.92,0.00,0.00,17.14
2026-08-23T20:20:13Z,3.702,12168.2,0.792,355.7,0.128,972.1,0.440,506.7,0.364,112.6,9.58,23.96,0.00,0.00,17.14
2026-08-23T20:20:14Z,3.453,12185.6,0.777,356.8,0.129,974.7,0.439,506.8,0.364,112.7,9.53,24.76,0.00,0.00,17.14
2026-08-23T20:20:15Z,3.680,12203.0,0.808,357.2,0.125,974.8,0.463,507.1,0.377,112.9,9.46,23.52,0.00,0.00,17.13
2026-08-23T20:20:16Z,4.392,12169.7,0.796,357.5,0.114,974.8,0.458,507.0,0.370,112.6,19.13,35.45,0.00,0.00,17.13
2026-08-23T20:20:17Z,4.456,12178.8,0.793,357.9,0.117,974.8,0.461,506.8,0.385,112.7,25.59,30.40,0.00,0.00,17.13
2026-08-23T20:20:19Z,5.167,12151.6,0.762,358.2,0.108,974.9,0.431,506.8,0.369,112.7,20.35,27.82,0.00,0.00,17.13
2026-08-23T20:20:20Z,4.482,12162.1,0.829,358.8,0.112,974.9,0.476,506.8,0.397,112.7,24.75,28.64,0.00,0.00,17.13
2026-08-23T20:20:21Z,4.272,12179.8,0.817,359.1,0.122,975.0,0.463,507.0,0.376,112.6,27.30,37.06,0.00,0.00,17.44
2026-08-23T20:20:22Z,4.236,12164.8,0.798,359.2,0.119,975.1,0.460,507.0,0.378,112.7,28.85,35.88,0.00,0.00,17.44
2026-08-23T20:20:23Z,4.223,12182.3,0.805,360.2,0.115,975.1,0.454,506.8,0.372,112.7,27.06,34.99,0.00,0.00,17.44
2026-08-23T20:20:24Z,4.355,12162.7,0.815,360.4,0.116,975.2,0.444,507.5,0.372,112.6,25.36,36.01,0.00,0.00,17.44
2026-08-23T20:20:25Z,5.406,12165.4,0.775,360.4,0.106,975.2,0.436,507.1,0.363,113.0,13.04,28.45,0.00,0.00,17.44
2026-08-23T20:20:26Z,5.174,12142.2,0.821,360.8,0.095,975.3,0.467,507.1,0.391,112.7,21.21,35.10,0.00,0.00,18.12
2026-08-23T20:20:27Z,5.488,12160.7,0.768,361.4,0.104,975.3,0.454,507.1,0.364,112.7,21.37,28.30,0.00,0.00,18.12
2026-08-23T20:20:28Z,5.533,12159.7,0.723,362.1,0.097,975.4,0.451,507.0,0.362,112.8,20.27,25.28,0.00,0.00,18.12
2026-08-23T20:20:29Z,5.263,12166.4,0.767,362.5,0.104,975.4,0.479,507.0,0.394,112.8,19.56,27.34,0.00,0.00,18.12
2026-08-23T20:20:31Z,4.996,12148.4,0.804,362.6,0.106,975.5,0.450,507.0,0.390,112.8,22.09,31.88,0.00,0.00,17.63
2026-08-23T20:20:32Z,4.365,12141.4,0.810,363.5,0.121,975.6,0.466,507.0,0.384,112.8,27.81,37.45,0.00,0.00,17.63
2026-08-23T20:20:33Z,4.359,12141.4,0.815,363.9,0.118,975.6,0.459,507.2,0.379,112.8,27.35,32.95,0.00,0.00,17.63
2026-08-23T20:20:34Z,4.196,12133.6,0.802,364.5,0.124,976.0,0.457,506.9,0.381,112.8,28.31,38.82,0.00,0.00,17.63
2026-08-23T20:20:35Z,4.247,12132.5,0.804,364.6,0.124,975.8,0.457,507.0,0.380,113.0,29.67,32.35,0.00,0.00,17.63
2026-08-23T20:20:36Z,4.188,12145.4,0.811,364.7,0.121,975.8,0.471,507.0,0.388,112.7,28.05,29.86,0.00,0.00,17.26
2026-08-23T20:20:37Z,4.201,12140.1,0.805,364.8,0.124,975.8,0.452,506.9,0.374,112.7,29.42,24.41,0.00,0.00,17.26
2026-08-23T20:20:38Z,4.713,12130.0,0.776,365.3,0.113,975.9,0.447,507.0,0.381,112.8,23.45,22.09,0.00,0.00,17.26
2026-08-23T20:20:39Z,4.850,12131.1,0.806,365.7,0.109,975.9,0.453,507.1,0.386,112.7,25.36,19.44,0.00,0.00,17.26
2026-08-23T20:20:40Z,4.202,12136.7,0.818,366.2,0.119,975.9,0.465,507.4,0.383,113.2,28.64,25.86,0.00,0.00,17.00
2026-08-23T20:20:41Z,4.277,12140.1,0.806,366.5,0.116,976.0,0.467,506.9,0.380,112.7,29.23,23.91,0.00,0.00,17.00
2026-08-23T20:20:43Z,5.158,12156.0,0.777,367.0,0.104,976.0,0.442,507.5,0.372,112.9,21.25,18.86,0.00,0.00,17.00
2026-08-23T20:20:44Z,4.883,12146.7,0.794,367.6,0.103,976.1,0.446,507.0,0.369,112.7,21.15,18.26,0.00,0.00,17.00
2026-08-23T20:20:45Z,4.817,12123.8,0.798,367.9,0.110,976.1,0.461,507.0,0.380,112.7,34.14,21.01,0.00,0.00,17.00
2026-08-23T20:20:46Z,4.854,12125.9,0.778,369.2,0.113,976.1,0.454,507.3,0.378,112.7,37.18,31.86,0.00,0.00,16.76
2026-08-23T20:20:47Z,4.827,12123.4,0.767,369.7,0.115,976.2,0.455,507.0,0.377,112.7,38.01,42.08,0.00,0.00,16.76
2026-08-23T20:20:48Z,5.022,12124.0,0.768,370.5,0.110,976.5,0.443,507.0,0.366,112.7,35.01,22.17,0.00,0.00,16.76
2026-08-23T20:20:49Z,5.189,12090.3,0.772,371.3,0.099,976.3,0.451,506.9,0.372,112.6,35.43,15.53,0.00,0.00,16.76
2026-08-23T20:20:50Z,4.823,12124.9,0.790,371.5,0.117,976.3,0.454,507.0,0.378,112.9,45.73,21.15,0.00,0.00,16.76
2026-08-23T20:20:51Z,4.813,12138.4,0.824,371.6,0.111,976.3,0.464,507.3,0.374,112.7,44.00,25.89,0.00,0.00,17.58
2026-08-23T20:20:52Z,4.818,12135.4,0.819,371.9,0.115,976.4,0.478,507.0,0.383,112.6,46.79,36.78,0.00,0.00,17.58
2026-08-23T20:20:53Z,4.881,12138.1,0.776,372.4,0.117,976.4,0.460,507.0,0.388,112.7,50.16,33.46,0.00,0.00,17.58
2026-08-23T20:20:55Z,5.204,12125.1,0.802,373.0,0.109,976.5,0.431,507.5,0.365,112.7,24.24,18.84,0.00,0.00,17.58
2026-08-23T20:20:56Z,5.339,12115.8,0.775,373.5,0.104,976.5,0.464,507.0,0.390,112.7,34.09,22.51,0.00,0.00,18.25
2026-08-23T20:20:57Z,5.161,12102.8,0.775,373.6,0.098,976.6,0.452,507.0,0.370,112.7,30.55,34.24,0.00,0.00,18.25
2026-08-23T20:20:58Z,5.353,12120.2,0.801,373.8,0.100,976.7,0.449,507.0,0.359,112.8,24.97,29.36,0.00,0.00,18.25
2026-08-23T20:20:59Z,5.364,12083.3,0.701,375.0,0.099,977.0,0.428,507.1,0.358,112.8,18.61,20.13,0.00,0.00,18.25
2026-08-23T20:21:00Z,4.835,12118.1,0.828,375.7,0.100,976.9,0.513,507.1,0.423,112.8,23.10,20.62,0.00,0.00,18.25
2026-08-23T20:21:01Z,4.569,12124.1,0.805,376.0,0.112,977.0,0.471,507.0,0.396,112.8,25.89,27.61,0.00,0.00,17.67
2026-08-23T20:21:02Z,4.360,12102.7,0.829,376.5,0.113,977.1,0.468,507.0,0.388,112.8,24.69,27.81,0.00,0.00,17.67
2026-08-23T20:21:03Z,4.270,12109.1,0.816,379.7,0.109,977.1,0.452,507.0,0.375,112.8,24.11,28.71,0.00,0.00,17.67
2026-08-23T20:21:04Z,4.435,12118.1,0.838,382.5,0.120,977.2,0.463,507.0,0.379,112.8,24.70,27.83,0.00,0.00,17.67
2026-08-23T20:21:06Z,4.396,12120.6,0.785,383.7,0.119,977.2,0.434,507.3,0.360,112.6,22.21,26.63,0.00,0.00,16.98
2026-08-23T20:21:07Z,4.508,12099.7,0.774,384.5,0.119,977.3,0.458,507.0,0.381,112.7,24.42,33.15,0.00,0.00,16.98
2026-08-23T20:21:08Z,4.685,12105.6,0.787,384.7,0.117,977.3,0.450,507.3,0.375,112.7,16.73,33.54,0.00,0.00,16.98
2026-08-23T20:21:09Z,5.264,12100.6,0.740,384.7,0.107,977.5,0.437,507.3,0.362,112.8,33.93,22.39,0.00,0.00,16.98
2026-08-23T20:21:10Z,4.929,12082.2,0.806,390.0,0.116,982.4,0.454,507.0,0.382,112.7,13.35,22.35,0.00,0.00,16.98
2026-08-23T20:21:11Z,4.581,12091.8,0.769,390.2,0.117,982.5,0.456,507.0,0.370,112.7,17.63,44.19,0.00,0.00,16.34
2026-08-23T20:21:12Z,5.183,12082.8,0.730,391.4,0.105,982.6,0.428,507.0,0.359,112.7,10.13,27.12,0.00,0.00,16.34
2026-08-23T20:21:13Z,5.419,12093.8,0.777,391.6,0.094,982.7,0.451,507.2,0.364,112.7,5.58,18.18,0.00,0.00,16.34
2026-08-23T20:21:14Z,4.190,12051.0,0.789,391.7,0.118,982.8,0.449,507.0,0.378,112.7,5.64,28.81,0.00,0.00,16.34
2026-08-23T20:21:15Z,3.539,12072.0,0.794,391.7,0.124,982.9,0.444,507.2,0.369,112.7,9.06,38.62,0.00,0.00,15.43
2026-08-23T20:21:16Z,3.422,12089.4,0.771,391.7,0.128,982.9,0.447,507.0,0.370,112.7,9.00,33.06,0.00,0.00,15.43
2026-08-23T20:21:18Z,3.430,12076.8,0.775,391.7,0.123,983.0,0.431,507.2,0.358,112.6,9.34,50.34,0.00,0.00,15.43
2026-08-23T20:21:19Z,4.706,12086.3,0.786,392.8,0.105,983.0,0.448,507.5,0.374,112.8,11.10,26.85,0.00,0.00,15.43
2026-08-23T20:21:20Z,3.853,12084.5,0.816,392.8,0.115,983.1,0.456,507.2,0.379,112.7,8.50,28.76,0.00,0.00,15.43
2026-08-23T20:21:21Z,3.477,12074.1,0.804,392.9,0.121,983.1,0.448,507.4,0.368,112.9,9.22,29.29,0.00,0.00,14.84
2026-08-23T20:21:22Z,3.528,12093.1,0.863,393.0,0.126,983.2,0.455,507.2,0.376,112.9,9.77,32.87,0.00,0.00,14.84
2026-08-23T20:21:23Z,3.481,12079.4,0.844,393.1,0.122,983.2,0.445,506.9,0.359,112.6,10.25,28.73,0.00,0.00,14.84
2026-08-23T20:21:24Z,3.429,12096.0,0.865,393.4,0.118,983.3,0.450,507.0,0.372,112.7,9.33,26.03,0.00,0.00,14.84
2026-08-23T20:21:25Z,4.025,12086.8,0.882,393.4,0.116,983.3,0.466,507.5,0.375,112.7,10.41,21.63,0.00,0.00,14.84
2026-08-23T20:21:26Z,4.610,12102.1,0.888,393.8,0.103,983.3,0.468,507.0,0.377,112.7,9.05,18.77,0.00,0.00,14.69
2026-08-23T20:21:27Z,4.916,12088.7,0.859,393.9,0.106,983.3,0.465,507.0,0.373,112.7,8.97,23.92,0.00,0.00,14.69
2026-08-23T20:21:28Z,5.072,12085.8,0.853,394.2,0.103,983.4,0.445,507.1,0.358,112.8,13.73,17.26,0.00,0.00,14.69
2026-08-23T20:21:29Z,4.610,12091.3,0.897,395.7,0.110,983.4,0.479,507.1,0.402,112.8,105.50,19.29,0.00,0.00,14.69
2026-08-23T20:21:31Z,4.170,12076.2,0.895,396.2,0.119,983.5,0.452,507.1,0.376,112.8,121.23,25.58,0.00,0.00,14.15
2026-08-23T20:21:32Z,4.166,12059.7,0.862,396.6,0.117,983.5,0.449,507.3,0.370,112.7,14.24,26.18,0.00,0.00,14.15
2026-08-23T20:21:33Z,3.426,12079.2,0.844,396.6,0.127,983.6,0.437,507.0,0.367,113.0,9.51,30.15,0.00,0.00,14.15
2026-08-23T20:21:34Z,3.422,12068.7,0.851,397.0,0.127,983.7,0.446,507.3,0.369,113.3,11.35,30.26,0.00,0.00,14.15
2026-08-23T20:21:35Z,3.424,12088.1,0.845,396.9,0.125,983.7,0.438,507.0,0.360,112.6,10.66,28.46,0.00,0.00,14.15
2026-08-23T20:21:36Z,3.388,12077.4,0.856,397.0,0.124,983.8,0.447,507.3,0.365,112.7,11.54,28.12,0.00,0.00,13.50
2026-08-23T20:21:37Z,3.406,12065.2,0.823,397.1,0.126,983.8,0.435,507.1,0.360,112.7,11.50,28.22,0.00,0.00,13.50
2026-08-23T20:21:38Z,4.060,12063.0,0.832,397.1,0.113,983.8,0.438,507.3,0.356,113.0,10.31,31.04,0.00,0.00,13.50
2026-08-23T20:21:39Z,4.465,12071.3,0.867,397.5,0.109,983.9,0.476,507.2,0.392,112.7,8.82,19.58,0.00,0.00,13.50
2026-08-23T20:21:40Z,3.494,12060.0,0.817,397.7,0.127,983.9,0.446,507.2,0.369,112.7,11.52,29.12,0.00,0.00,12.90
2026-08-23T20:21:41Z,3.455,12082.1,0.812,397.8,0.126,984.0,0.447,507.0,0.365,112.7,11.74,28.50,0.00,0.00,12.90
2026-08-23T20:21:42Z,3.842,12071.8,0.843,398.4,0.115,984.1,0.458,507.0,0.369,112.7,10.81,23.24,0.00,0.00,12.90
2026-08-23T20:21:44Z,3.617,12058.3,0.825,398.1,0.113,984.1,0.446,507.0,0.361,113.2,9.90,22.98,0.00,0.00,12.90
2026-08-23T20:21:45Z,3.503,12073.8,0.847,398.2,0.118,984.2,0.454,507.0,0.376,112.7,6.86,23.26,0.00,0.00,12.90
2026-08-23T20:21:46Z,3.435,12067.1,0.820,398.7,0.120,984.3,0.449,507.2,0.369,112.7,8.82,27.22,0.00,0.00,12.27
2026-08-23T20:21:47Z,3.482,12058.5,0.818,398.8,0.121,984.3,0.450,507.2,0.376,112.7,10.21,27.91,0.00,0.00,12.27
2026-08-23T20:21:48Z,3.870,12065.4,0.810,399.0,0.116,984.4,0.454,507.2,0.355,112.7,10.76,43.92,0.00,0.00,12.27
2026-08-23T20:21:49Z,4.683,12048.1,0.807,399.5,0.110,985.1,0.475,507.2,0.392,112.8,11.99,22.08,0.00,0.00,12.27
2026-08-23T20:21:50Z,3.474,12070.6,0.780,400.4,0.133,985.7,0.444,507.0,0.364,112.7,11.72,30.68,0.00,0.00,12.27
2026-08-23T20:21:51Z,3.446,12065.4,0.780,401.1,0.128,985.8,0.443,506.9,0.372,113.0,12.10,30.41,0.00,0.00,11.84
2026-08-23T20:21:52Z,3.480,12042.4,0.764,401.5,0.127,985.8,0.443,507.5,0.360,112.7,12.91,29.33,0.00,0.00,11.84
2026-08-23T20:21:53Z,4.050,12053.7,0.779,402.2,0.127,985.9,0.448,507.0,0.368,112.7,27.65,34.50,0.00,0.00,11.84
2026-08-23T20:21:54Z,4.505,12050.4,0.800,405.5,0.126,985.9,0.460,507.0,0.381,112.9,198.34,36.65,0.00,0.00,11.84
2026-08-23T20:21:56Z,4.483,12051.8,0.856,415.2,0.110,985.9,0.463,507.1,0.375,112.8,233.12,77.81,0.00,0.00,14.10
2026-08-23T20:21:57Z,4.359,12053.5,0.808,422.2,0.095,986.0,0.461,507.3,0.385,112.8,244.46,136.09,0.00,0.00,14.10
2026-08-23T20:21:58Z,4.423,12045.5,0.813,423.8,0.091,986.0,0.441,507.1,0.369,112.8,224.79,117.57,0.00,0.00,14.10
2026-08-23T20:21:59Z,4.374,12106.8,0.652,426.3,0.082,986.0,0.378,507.4,0.317,113.2,159.36,314.89,0.00,0.00,14.10
2026-08-23T20:22:00Z,5.096,12182.4,0.778,428.8,0.091,986.1,0.477,507.4,0.404,113.1,184.12,18.40,0.00,0.00,14.10
2026-08-23T20:22:01Z,5.086,12237.2,0.824,429.8,0.094,986.3,0.473,507.2,0.412,113.1,154.48,22.98,0.00,0.00,15.85
2026-08-23T20:22:02Z,4.832,12301.4,0.878,429.9,0.092,986.1,0.455,507.6,0.389,113.2,194.79,22.10,0.00,0.00,15.85
2026-08-23T20:22:03Z,4.362,12359.0,0.767,430.6,0.084,986.2,0.431,507.1,0.354,113.1,219.73,115.83,0.00,0.00,15.85
2026-08-23T20:22:04Z,3.582,12380.6,0.637,432.0,0.074,986.3,0.397,507.2,0.324,113.2,196.88,293.66,0.00,0.00,15.85
2026-08-23T20:22:05Z,4.927,12436.6,0.843,432.8,0.089,986.3,0.486,507.2,0.410,113.4,186.10,22.03,0.00,0.00,16.59
2026-08-23T20:22:06Z,4.908,12449.3,0.880,434.0,0.095,986.3,0.503,507.3,0.435,113.2,154.23,17.55,0.00,0.00,16.59
2026-08-23T20:22:08Z,4.471,12476.9,0.783,434.2,0.100,986.4,0.439,507.4,0.368,113.2,195.54,93.05,0.00,0.00,16.59
2026-08-23T20:22:09Z,5.321,12507.7,0.760,434.9,0.094,986.4,0.447,507.8,0.387,113.2,117.96,19.13,0.00,0.00,16.59
2026-08-23T20:22:10Z,4.117,12550.6,0.677,435.2,0.081,986.7,0.411,507.7,0.324,113.1,216.30,303.98,0.00,0.00,16.59
2026-08-23T20:22:11Z,4.987,12534.0,0.798,435.8,0.093,986.4,0.503,507.8,0.409,113.1,190.18,27.58,0.00,0.00,17.18
2026-08-23T20:22:12Z,4.980,12581.1,0.864,435.8,0.092,986.5,0.476,507.5,0.400,113.1,201.99,27.59,0.00,0.00,17.18
2026-08-23T20:22:13Z,4.915,12585.0,0.807,435.9,0.096,986.5,0.463,507.5,0.385,113.1,179.96,70.34,0.00,0.00,17.18
2026-08-23T20:22:14Z,4.177,12564.9,0.726,435.8,0.083,986.5,0.421,507.7,0.341,113.0,172.54,241.72,0.00,0.00,17.18
2026-08-23T20:22:15Z,4.486,12599.1,0.806,436.0,0.088,986.6,0.452,507.6,0.420,113.2,171.80,132.35,0.00,0.00,17.18
2026-08-23T20:22:16Z,4.839,12600.5,0.836,436.1,0.098,986.6,0.476,507.5,0.398,113.1,191.17,32.88,0.00,0.00,18.45
2026-08-23T20:22:17Z,5.014,12634.8,0.825,436.2,0.099,986.7,0.449,507.5,0.380,113.1,257.65,31.73,0.00,0.00,18.45
2026-08-23T20:22:18Z,5.365,12641.8,0.758,437.2,0.083,986.7,0.412,508.1,0.353,113.1,102.38,68.27,0.00,0.00,18.45
2026-08-23T20:22:20Z,4.995,12650.8,0.765,437.3,0.090,986.7,0.446,507.8,0.378,113.1,151.41,105.69,0.00,0.00,18.45
2026-08-23T20:22:21Z,4.037,12646.5,0.688,438.0,0.081,986.7,0.421,507.5,0.348,113.1,177.93,301.01,0.00,0.00,20.09
2026-08-23T20:22:22Z,5.032,12647.2,0.818,439.0,0.090,986.7,0.486,507.6,0.425,113.1,201.00,28.03,0.00,0.00,20.09
2026-08-23T20:22:23Z,4.824,12631.0,0.817,439.0,0.104,986.8,0.463,507.6,0.386,113.1,184.60,29.84,0.00,0.00,20.09
2026-08-23T20:22:24Z,4.706,12646.5,0.791,439.1,0.098,986.9,0.435,507.5,0.378,113.1,180.56,73.48,0.00,0.00,20.09
2026-08-23T20:22:25Z,4.551,12623.5,0.762,439.3,0.085,986.9,0.435,507.6,0.366,113.0,20.72,164.88,0.00,0.00,20.09
2026-08-23T20:22:26Z,4.007,12644.5,0.681,440.8,0.079,986.9,0.434,507.9,0.364,113.0,21.12,322.72,0.00,0.00,19.28
2026-08-23T20:22:27Z,5.252,12642.2,0.802,440.8,0.091,986.9,0.463,507.6,0.392,113.0,24.33,17.67,0.00,0.00,19.28
2026-08-23T20:22:28Z,5.507,12644.2,0.746,441.3,0.087,986.9,0.422,507.7,0.369,113.1,25.79,19.95,0.00,0.00,19.28
2026-08-23T20:22:29Z,5.220,12628.9,0.690,441.1,0.082,987.0,0.425,507.9,0.350,113.1,24.13,115.80,0.00,0.00,19.28
2026-08-23T20:22:30Z,4.995,12659.0,0.773,441.2,0.086,987.0,0.458,507.6,0.392,113.0,38.54,113.18,0.00,0.00,20.22
2026-08-23T20:22:32Z,5.277,12621.3,0.808,441.1,0.091,987.0,0.445,507.6,0.393,113.0,116.62,18.19,0.00,0.00,20.22
2026-08-23T20:22:33Z,5.019,12631.1,0.793,441.1,0.092,987.0,0.445,507.7,0.368,113.1,146.93,18.68,0.00,0.00,20.22
2026-08-23T20:22:34Z,5.285,12617.2,0.784,441.1,0.094,987.0,0.445,507.6,0.376,112.9,155.15,26.19,0.00,0.00,20.22
2026-08-23T20:22:35Z,5.068,12617.4,0.809,441.1,0.101,987.1,0.447,507.6,0.380,112.9,166.90,22.56,0.00,0.00,20.22
2026-08-23T20:22:36Z,4.022,12623.5,0.729,441.5,0.081,987.2,0.447,508.0,0.365,113.1,59.41,263.11,0.00,0.00,20.77
2026-08-23T20:22:37Z,4.789,12623.7,0.794,441.6,0.104,987.2,0.440,507.9,0.379,113.1,64.92,24.23,0.00,0.00,20.77
2026-08-23T20:22:38Z,5.261,12644.5,0.772,441.9,0.096,987.3,0.431,508.0,0.364,113.1,148.38,19.85,0.00,0.00,20.77
2026-08-23T20:22:39Z,5.282,12640.1,0.791,442.8,0.090,987.3,0.462,507.7,0.381,113.0,235.71,23.54,0.00,0.00,20.77
2026-08-23T20:22:40Z,5.105,12610.6,0.772,443.2,0.095,987.4,0.445,507.7,0.373,112.9,227.11,21.56,0.00,0.00,20.79
2026-08-23T20:22:41Z,5.298,12615.6,0.727,443.5,0.091,987.4,0.448,507.7,0.367,113.0,153.60,19.45,0.00,0.00,20.79
2026-08-23T20:22:42Z,5.018,12634.1,0.804,443.7,0.100,987.4,0.448,508.2,0.374,113.0,151.38,21.06,0.00,0.00,20.79
2026-08-23T20:22:44Z,4.838,12625.5,0.781,444.1,0.101,987.5,0.442,507.7,0.369,113.0,159.99,29.30,0.00,0.00,20.79
2026-08-23T20:22:45Z,4.887,12629.9,0.803,444.2,0.105,987.5,0.449,507.9,0.376,113.1,170.14,31.01,0.00,0.00,20.79
2026-08-23T20:22:46Z,4.831,12607.0,0.778,444.1,0.105,987.6,0.443,507.4,0.366,113.1,181.41,24.53,0.00,0.00,20.32
2026-08-23T20:22:47Z,4.822,12629.0,0.778,444.3,0.105,987.6,0.444,507.6,0.368,112.9,148.13,23.69,0.00,0.00,20.32
2026-08-23T20:22:48Z,5.068,12624.3,0.772,444.3,0.094,987.6,0.435,507.4,0.365,112.9,182.81,19.59,0.00,0.00,20.32
2026-08-23T20:22:49Z,5.052,12601.3,0.788,444.3,0.092,987.7,0.433,507.4,0.371,112.8,120.44,18.81,0.00,0.00,20.32
2026-08-23T20:22:50Z,4.290,12623.0,0.781,444.2,0.109,987.7,0.445,507.6,0.370,112.7,191.31,27.43,0.00,0.00,20.32
2026-08-23T20:22:51Z,4.370,12601.3,0.788,444.4,0.110,987.8,0.458,507.4,0.369,112.8,221.69,27.10,0.00,0.00,19.41
2026-08-23T20:22:52Z,4.419,12592.9,0.789,444.5,0.108,987.8,0.451,507.3,0.364,112.7,236.49,24.00,0.00,0.00,19.41
2026-08-23T20:22:53Z,3.791,11891.1,0.800,444.6,0.117,987.9,0.455,507.4,0.373,112.7,40.38,25.78,0.00,0.00,19.41
2026-08-23T20:22:54Z,3.418,11914.5,0.780,444.8,0.117,988.0,0.450,507.3,0.367,112.7,11.46,34.09,0.00,0.00,19.41
2026-08-23T20:22:56Z,3.517,11938.1,0.815,445.2,0.113,988.1,0.441,507.6,0.363,112.9,10.73,29.46,0.00,0.00,18.10
2026-08-23T20:22:57Z,3.675,11964.9,0.839,445.4,0.118,988.2,0.442,507.6,0.369,112.7,11.27,30.41,0.00,0.00,18.10
2026-08-23T20:22:58Z,3.869,11992.8,0.877,448.5,0.111,988.2,0.434,507.4,0.362,112.7,10.36,27.91,0.00,0.00,18.10
2026-08-23T20:22:59Z,4.608,12035.1,0.936,474.3,0.094,988.2,0.467,507.5,0.393,113.1,13.82,21.82,0.00,0.00,18.10
2026-08-23T20:23:00Z,3.824,12042.3,0.878,490.9,0.110,988.3,0.448,507.5,0.373,113.0,11.07,26.35,0.00,0.00,18.10
2026-08-23T20:23:01Z,3.565,12063.4,0.886,523.2,0.116,988.3,0.438,507.4,0.365,113.0,10.84,26.50,0.00,0.00,17.37
2026-08-23T20:23:02Z,3.507,12085.9,0.870,524.3,0.120,988.3,0.458,507.5,0.389,113.0,11.01,27.61,0.00,0.00,17.37
2026-08-23T20:23:03Z,3.422,12110.2,0.846,524.6,0.117,988.4,0.432,507.4,0.362,112.9,10.98,28.60,0.00,0.00,17.37
2026-08-23T20:23:04Z,3.371,12131.5,0.848,524.4,0.117,988.4,0.437,507.4,0.370,112.8,11.36,26.60,0.00,0.00,17.37
2026-08-23T20:23:05Z,3.558,12154.7,0.877,524.5,0.107,988.5,0.456,507.4,0.382,112.8,11.95,32.46,0.00,0.00,17.37
2026-08-23T20:23:06Z,3.478,12178.6,0.862,524.4,0.113,988.5,0.452,507.4,0.371,112.8,11.37,39.90,0.00,0.00,16.94
2026-08-23T20:23:07Z,3.422,12203.2,0.853,524.4,0.114,988.5,0.442,507.4,0.368,112.8,11.32,28.34,0.00,0.00,16.94
2026-08-23T20:23:09Z,4.569,12244.2,0.848,524.7,0.103,988.5,0.438,507.6,0.375,112.8,9.92,23.25,0.00,0.00,16.94
2026-08-23T20:23:10Z,3.790,12251.1,0.851,524.3,0.113,988.6,0.448,507.6,0.368,113.2,11.28,28.22,0.00,0.00,16.94
2026-08-23T20:23:11Z,3.466,12276.5,0.861,524.3,0.116,988.6,0.452,507.3,0.367,112.7,11.17,30.22,0.00,0.00,15.98
2026-08-23T20:23:12Z,3.472,12301.0,0.829,524.4,0.118,988.7,0.444,507.8,0.368,112.7,11.65,29.53,0.00,0.00,15.98
2026-08-23T20:23:13Z,3.724,12325.7,0.836,524.4,0.117,988.7,0.450,507.3,0.370,112.8,10.95,28.85,0.00,0.00,15.98
2026-08-23T20:23:14Z,3.601,12351.3,0.839,524.4,0.118,988.7,0.452,507.3,0.370,112.7,11.28,30.12,0.00,0.00,15.98
2026-08-23T20:23:15Z,4.495,12412.7,0.850,524.4,0.108,988.8,0.448,507.3,0.374,112.7,18.79,34.25,0.00,0.00,15.98
2026-08-23T20:23:16Z,4.416,12455.7,0.829,524.5,0.109,988.8,0.447,507.5,0.364,112.6,27.95,28.95,0.00,0.00,16.07
2026-08-23T20:23:17Z,4.302,12503.5,0.815,524.5,0.116,988.9,0.448,507.3,0.373,112.9,31.74,30.38,0.00,0.00,16.07
2026-08-23T20:23:18Z,4.714,12485.1,0.808,524.5,0.106,989.1,0.440,507.4,0.371,112.7,29.95,28.90,0.00,0.00,16.07
2026-08-23T20:23:19Z,4.802,12483.8,0.845,524.6,0.102,988.9,0.470,507.4,0.393,112.7,29.03,26.33,0.00,0.00,16.07
2026-08-23T20:23:20Z,4.306,12505.5,0.826,524.6,0.111,989.0,0.455,507.6,0.374,112.7,33.15,38.42,0.00,0.00,15.34
2026-08-23T20:23:22Z,4.215,12493.9,0.802,524.5,0.113,989.0,0.438,507.3,0.370,112.7,36.09,41.31,0.00,0.00,15.34
2026-08-23T20:23:23Z,4.301,12514.8,0.804,525.1,0.116,989.3,0.452,507.6,0.376,112.7,31.06,39.90,0.00,0.00,15.34
2026-08-23T20:23:24Z,4.332,12497.7,0.798,525.1,0.113,989.0,0.449,507.6,0.368,112.7,32.53,41.18,0.00,0.00,15.34
2026-08-23T20:23:25Z,4.417,12512.4,0.811,525.1,0.114,989.1,0.469,507.3,0.385,112.6,26.92,44.29,0.00,0.00,15.34
2026-08-23T20:23:26Z,5.003,12514.0,0.773,525.1,0.101,989.1,0.456,507.4,0.379,112.6,11.90,34.34,0.00,0.00,15.95
2026-08-23T20:23:27Z,4.784,12490.2,0.815,525.4,0.106,989.1,0.456,507.6,0.385,112.7,23.96,36.04,0.00,0.00,15.95
2026-08-23T20:23:28Z,4.979,12508.2,0.776,525.5,0.098,989.1,0.455,507.4,0.364,112.7,20.32,34.10,0.00,0.00,15.95
2026-08-23T20:23:29Z,5.163,12512.2,0.763,525.5,0.097,989.1,0.447,507.4,0.375,112.7,20.62,31.63,0.00,0.00,15.95
2026-08-23T20:23:30Z,4.924,12488.5,0.778,525.5,0.104,989.2,0.441,507.4,0.373,112.7,23.84,32.72,0.00,0.00,15.95
2026-08-23T20:23:31Z,5.018,12495.5,0.759,525.6,0.105,989.2,0.448,507.4,0.370,112.9,22.53,34.32,0.00,0.00,16.52
2026-08-23T20:23:32Z,4.831,12493.9,0.767,526.0,0.104,989.2,0.457,507.4,0.373,112.7,24.33,27.55,0.00,0.00,16.52
2026-08-23T20:23:34Z,4.562,12493.3,0.783,526.0,0.106,989.2,0.438,507.6,0.365,112.6,27.78,22.50,0.00,0.00,16.52
2026-08-23T20:23:35Z,4.369,12489.2,0.779,526.0,0.114,989.5,0.449,507.6,0.375,112.7,25.41,22.62,0.00,0.00,16.52
2026-08-23T20:23:36Z,4.325,12485.8,0.762,526.0,0.112,989.3,0.441,507.3,0.369,112.7,26.35,31.19,0.00,0.00,16.32
2026-08-23T20:23:37Z,4.315,12482.1,0.774,526.2,0.114,989.3,0.448,507.9,0.374,112.7,25.49,24.43,0.00,0.00,16.32
2026-08-23T20:23:38Z,4.522,12490.1,0.781,527.4,0.104,989.4,0.445,507.8,0.362,112.8,23.43,32.36,0.00,0.00,16.32
2026-08-23T20:23:39Z,5.030,12477.2,0.782,529.1,0.089,989.4,0.464,507.3,0.382,112.7,19.41,17.73,0.00,0.00,16.32
2026-08-23T20:23:40Z,4.487,12479.5,0.800,529.1,0.109,989.4,0.465,507.8,0.377,113.0,22.00,29.37,0.00,0.00,16.32
2026-08-23T20:23:41Z,4.432,12487.4,0.788,529.9,0.108,989.5,0.448,507.3,0.367,112.7,24.26,34.87,0.00,0.00,16.37
2026-08-23T20:23:42Z,4.663,12486.4,0.803,530.0,0.106,989.5,0.446,508.0,0.366,112.8,20.54,30.01,0.00,0.00,16.37
2026-08-23T20:23:43Z,4.220,12476.9,0.787,530.2,0.106,989.5,0.443,507.3,0.366,112.7,9.22,22.68,0.00,0.00,16.37
2026-08-23T20:23:44Z,3.510,12458.1,0.809,530.8,0.114,989.6,0.454,507.6,0.379,112.7,10.56,26.02,0.01,0.00,16.37
2026-08-23T20:23:46Z,3.455,12439.9,0.780,530.8,0.115,989.6,0.431,507.3,0.357,112.7,9.39,33.47,0.00,0.00,15.62
2026-08-23T20:23:47Z,3.385,12459.7,0.785,531.0,0.121,989.6,0.444,507.3,0.369,112.7,9.45,33.30,0.00,0.00,15.62
2026-08-23T20:23:48Z,3.859,12466.9,0.778,531.2,0.112,989.7,0.444,507.6,0.365,112.7,9.75,36.07,0.00,0.00,15.62
2026-08-23T20:23:49Z,5.558,12454.3,0.713,531.3,0.087,989.8,0.394,507.6,0.357,112.7,15.25,20.65,0.00,0.00,15.62
2026-08-23T20:23:50Z,4.928,12459.7,0.805,531.4,0.101,989.8,0.470,507.6,0.399,113.0,13.37,23.73,0.00,0.00,15.62
2026-08-23T20:23:51Z,4.331,12461.5,0.782,531.4,0.111,989.8,0.441,507.3,0.364,112.7,26.76,28.02,0.00,0.00,15.57
2026-08-23T20:23:52Z,4.298,12439.4,0.786,531.5,0.113,989.8,0.444,507.5,0.371,112.7,32.13,37.92,0.00,0.00,15.57
2026-08-23T20:23:53Z,4.255,12455.0,0.799,531.5,0.114,989.9,0.446,507.3,0.372,112.7,32.81,34.50,0.00,0.00,15.57
2026-08-23T20:23:54Z,4.216,12463.0,0.794,531.8,0.117,989.9,0.464,507.6,0.378,112.7,26.78,33.19,0.00,0.00,15.57
2026-08-23T20:23:55Z,4.383,12452.2,0.781,532.5,0.113,989.9,0.455,507.3,0.370,112.9,27.35,33.46,0.00,0.00,15.04
2026-08-23T20:23:56Z,4.359,12454.4,0.779,532.7,0.112,989.9,0.437,507.3,0.370,112.7,28.94,41.18,0.00,0.00,15.04
2026-08-23T20:23:57Z,4.459,12456.0,0.977,534.0,0.101,990.0,0.448,507.5,0.376,112.9,19.46,28.22,0.00,0.00,15.04
2026-08-23T20:23:59Z,5.509,12455.1,0.772,533.8,0.086,990.2,0.416,507.6,0.362,113.1,9.94,14.99,0.00,0.00,15.04
2026-08-23T20:24:00Z,4.634,12440.6,0.851,533.7,0.102,990.0,0.454,507.5,0.384,112.9,25.68,20.90,0.00,0.00,15.04
2026-08-23T20:24:01Z,4.497,12444.2,0.874,533.7,0.108,990.0,0.450,507.5,0.374,113.2,26.14,27.64,0.00,0.00,15.28
2026-08-23T20:24:02Z,4.502,12445.8,0.883,533.8,0.114,990.3,0.476,507.5,0.395,113.0,23.90,29.22,0.00,0.00,15.28
2026-08-23T20:24:03Z,4.365,12450.1,0.867,534.7,0.112,990.1,0.455,507.9,0.377,112.9,23.81,30.00,0.00,0.00,15.28
2026-08-23T20:24:04Z,4.392,12460.3,0.863,534.7,0.111,990.1,0.457,507.7,0.384,112.9,26.45,32.19,0.00,0.00,15.28
2026-08-23T20:24:05Z,4.413,12463.7,0.870,534.6,0.109,990.1,0.467,507.6,0.390,112.8,24.49,30.25,0.00,0.00,15.28
2026-08-23T20:24:06Z,4.435,12445.6,0.899,535.0,0.112,990.2,0.478,507.9,0.393,112.8,24.78,36.82,0.00,0.00,15.58
2026-08-23T20:24:07Z,4.439,12438.5,0.905,535.0,0.111,990.2,0.454,507.2,0.384,113.0,23.71,26.57,0.00,0.00,15.58
2026-08-23T20:24:08Z,5.021,12445.1,0.862,535.1,0.095,990.2,0.458,507.4,0.390,112.8,18.60,27.06,0.00,0.00,15.58
2026-08-23T20:24:10Z,4.749,12442.3,0.880,535.0,0.100,990.2,0.477,507.3,0.391,112.7,20.83,45.45,0.00,0.00,15.58
2026-08-23T20:24:11Z,4.385,12455.1,0.861,535.0,0.107,990.2,0.470,507.9,0.386,112.7,25.13,31.29,0.00,0.00,15.61
2026-08-23T20:24:12Z,4.327,12462.7,0.868,535.2,0.109,990.5,0.458,507.3,0.380,112.7,27.03,27.55,0.00,0.00,15.61
2026-08-23T20:24:13Z,4.502,12429.7,0.834,535.2,0.107,990.3,0.453,507.3,0.371,112.8,24.24,26.24,0.00,0.00,15.61
2026-08-23T20:24:14Z,4.544,12433.0,0.855,535.2,0.108,990.3,0.461,507.3,0.382,112.8,23.40,28.33,0.00,0.00,15.61
2026-08-23T20:24:15Z,4.411,12435.6,0.863,535.1,0.107,990.3,0.457,507.6,0.376,112.7,23.11,27.26,0.00,0.00,15.61
2026-08-23T20:24:16Z,4.114,12428.5,0.839,535.1,0.110,990.4,0.429,507.6,0.366,112.7,12.21,33.76,0.00,0.00,15.56
2026-08-23T20:24:17Z,3.492,12446.5,0.854,535.3,0.120,990.4,0.447,507.6,0.368,112.7,8.72,26.64,0.00,0.00,15.56
2026-08-23T20:24:18Z,4.018,12455.7,0.852,535.1,0.111,990.4,0.445,507.3,0.368,112.7,20.54,25.89,0.00,0.00,15.56
2026-08-23T20:24:19Z,4.461,12428.4,0.816,535.1,0.103,990.5,0.438,507.5,0.367,112.9,8.53,23.58,0.00,0.00,15.56
2026-08-23T20:24:20Z,3.504,12449.6,0.847,535.1,0.118,990.5,0.441,507.5,0.369,112.9,8.90,27.96,0.00,0.00,15.20
2026-08-23T20:24:21Z,3.409,12432.0,0.828,535.3,0.118,990.6,0.443,507.8,0.361,112.6,8.44,28.04,0.00,0.00,15.20
2026-08-23T20:24:23Z,3.396,12453.9,0.812,535.1,0.117,990.6,0.435,507.2,0.357,112.6,8.46,28.46,0.00,0.00,15.20
2026-08-23T20:24:24Z,3.405,12437.7,0.824,535.1,0.120,990.6,0.438,507.5,0.363,112.9,8.52,28.46,0.00,0.00,15.20
2026-08-23T20:24:25Z,3.538,12430.1,0.857,535.0,0.120,990.7,0.438,507.2,0.366,112.6,8.89,37.85,0.00,0.00,15.20
2026-08-23T20:24:26Z,3.726,12453.6,0.891,535.1,0.110,990.7,0.471,507.3,0.388,112.7,8.82,26.13,0.00,0.00,15.10
2026-08-23T20:24:27Z,4.269,12437.9,0.877,535.1,0.103,990.8,0.462,507.6,0.376,112.7,8.26,28.73,0.00,0.00,15.10
2026-08-23T20:24:28Z,4.851,12437.2,0.861,535.1,0.103,990.8,0.437,507.6,0.363,113.0,8.59,19.24,0.00,0.00,15.10
2026-08-23T20:24:29Z,5.105,12444.6,0.831,535.2,0.089,990.8,0.439,507.4,0.370,112.8,7.86,17.33,0.00,0.00,15.10
2026-08-23T20:24:30Z,4.478,12427.3,0.938,535.2,0.100,990.8,0.458,507.6,0.380,112.8,8.24,21.95,0.00,0.00,15.10
2026-08-23T20:24:31Z,4.090,12449.6,0.915,535.5,0.104,990.9,0.448,507.4,0.369,112.8,8.63,22.01,0.00,0.00,14.85
2026-08-23T20:24:32Z,3.421,12434.5,0.910,535.4,0.110,990.9,0.439,507.3,0.361,112.7,8.99,27.28,0.00,0.00,14.85
2026-08-23T20:24:33Z,3.428,12454.7,0.874,535.2,0.118,990.9,0.442,507.6,0.367,112.7,8.75,29.44,0.00,0.00,14.85
2026-08-23T20:24:35Z,3.455,12439.7,0.879,535.4,0.119,991.0,0.443,507.6,0.363,112.9,8.80,29.44,0.00,0.00,14.85
2026-08-23T20:24:36Z,3.432,12423.8,0.868,535.1,0.117,991.0,0.439,507.4,0.369,112.7,9.66,28.25,0.00,0.00,14.46
2026-08-23T20:24:37Z,3.427,12446.8,0.881,535.2,0.117,991.1,0.446,507.4,0.369,112.7,10.42,37.58,0.00,0.00,14.46
2026-08-23T20:24:38Z,3.500,12439.7,0.871,535.2,0.113,991.1,0.436,507.4,0.363,112.7,9.90,29.80,0.00,0.00,14.46
2026-08-23T20:24:39Z,4.733,12420.1,0.874,535.2,0.090,991.2,0.452,507.3,0.378,112.7,8.73,30.71,0.00,0.00,14.46
2026-08-23T20:24:40Z,3.502,12441.6,0.908,535.1,0.107,991.2,0.449,507.5,0.366,112.6,9.40,25.27,0.00,0.00,14.46
2026-08-23T20:24:41Z,3.401,12429.2,0.867,535.1,0.116,991.5,0.443,507.3,0.364,112.7,10.09,31.04,0.00,0.00,14.91
2026-08-23T20:24:42Z,3.602,12416.3,0.884,535.1,0.114,991.3,0.444,507.3,0.362,112.7,9.93,29.78,0.00,0.00,14.91
2026-08-23T20:24:43Z,3.690,12439.6,0.880,535.6,0.116,991.3,0.442,507.3,0.367,112.6,10.52,29.43,0.00,0.00,14.91
2026-08-23T20:24:44Z,3.528,12426.8,0.873,535.1,0.118,991.4,0.443,507.5,0.369,112.7,10.37,31.52,0.00,0.00,14.91
2026-08-23T20:24:45Z,3.418,12414.6,0.861,535.1,0.118,991.4,0.440,507.3,0.363,112.6,10.29,30.41,0.00,0.00,15.40
2026-08-23T20:24:46Z,3.415,12439.1,0.856,535.1,0.118,991.7,0.435,507.3,0.364,112.7,10.38,32.78,0.00,0.00,15.40
2026-08-23T20:24:47Z,3.409,12425.6,0.868,535.1,0.114,991.5,0.427,507.3,0.357,112.6,9.66,37.57,0.00,0.00,15.40
2026-08-23T20:24:49Z,4.662,12417.4,0.857,535.2,0.101,991.6,0.439,507.3,0.367,112.9,9.66,24.66,0.00,0.00,15.40
2026-08-23T20:24:50Z,3.692,12430.1,0.870,535.1,0.116,991.6,0.448,507.3,0.369,112.7,10.04,29.69,0.00,0.00,15.40
2026-08-23T20:24:51Z,3.464,12413.8,0.863,535.3,0.117,991.7,0.433,507.2,0.360,112.6,9.09,30.35,0.00,0.00,16.01
2026-08-23T20:24:52Z,3.429,12434.4,0.864,535.1,0.119,991.7,0.447,507.3,0.366,112.7,10.05,31.21,0.00,0.00,16.01
2026-08-23T20:24:53Z,3.406,12419.5,0.868,535.1,0.118,991.7,0.439,507.3,0.364,112.6,9.58,31.33,0.00,0.00,16.01
2026-08-23T20:24:54Z,3.387,12440.3,0.860,535.1,0.117,991.8,0.433,507.3,0.360,112.7,9.48,30.34,0.00,0.00,16.01
2026-08-23T20:24:55Z,3.459,12432.8,0.853,535.1,0.117,991.8,0.456,507.5,0.368,112.7,9.72,37.73,0.00,0.00,16.01
2026-08-23T20:24:56Z,3.576,12430.4,0.861,535.1,0.114,991.9,0.436,507.3,0.361,112.6,10.00,41.11,0.00,0.00,16.25
2026-08-23T20:24:57Z,3.635,12415.0,0.849,535.1,0.116,991.9,0.439,507.3,0.362,112.7,9.14,34.24,0.00,0.00,16.25
2026-08-23T20:24:58Z,4.363,12417.0,0.846,535.1,0.102,992.0,0.432,507.3,0.354,112.9,8.94,22.89,0.00,0.00,16.25
2026-08-23T20:24:59Z,4.116,12421.8,0.859,535.1,0.110,992.0,0.444,507.3,0.373,112.7,9.42,24.71,0.00,0.00,16.25
2026-08-23T20:25:00Z,3.515,12408.0,0.844,535.2,0.115,992.1,0.442,507.3,0.363,112.7,9.65,27.28,0.00,0.00,16.71
2026-08-23T20:25:02Z,3.645,12425.1,0.863,535.2,0.110,992.1,0.450,507.5,0.374,112.7,9.04,22.03,0.00,0.00,16.71
2026-08-23T20:25:03Z,3.654,12413.2,0.899,535.2,0.113,992.4,0.462,507.3,0.384,112.7,9.59,23.80,0.00,0.00,16.71
2026-08-23T20:25:04Z,3.396,12433.5,0.842,535.2,0.119,992.5,0.438,507.5,0.366,112.7,9.37,28.76,0.00,0.00,16.71
2026-08-23T20:25:05Z,3.390,12417.1,0.833,535.1,0.116,992.3,0.441,507.3,0.360,112.7,9.83,26.83,0.00,0.00,16.71
2026-08-23T20:25:06Z,3.419,12399.3,0.840,535.2,0.117,992.4,0.447,507.3,0.368,112.9,10.12,23.73,0.00,0.00,16.65
2026-08-23T20:25:07Z,3.455,12418.2,0.827,535.2,0.117,992.5,0.433,507.3,0.359,112.6,10.60,24.49,0.00,0.00,16.65
2026-08-23T20:25:08Z,4.033,12415.5,0.850,535.2,0.109,992.6,0.441,507.3,0.366,112.8,11.00,29.55,0.00,0.00,16.65
2026-08-23T20:25:09Z,4.489,12420.7,0.851,535.5,0.102,992.6,0.452,507.5,0.373,112.6,9.57,19.41,0.00,0.00,16.65
2026-08-23T20:25:10Z,3.401,12402.3,0.839,535.2,0.116,992.7,0.435,507.3,0.364,112.7,10.08,33.26,0.00,0.00,16.65
2026-08-23T20:25:11Z,3.474,12423.7,0.846,535.2,0.114,992.8,0.446,507.3,0.369,112.6,10.05,27.88,0.00,0.00,16.28
2026-08-23T20:25:12Z,3.661,12408.1,0.851,535.2,0.114,992.8,0.447,507.3,0.369,112.7,10.00,27.27,0.00,0.00,16.28
2026-08-23T20:25:13Z,3.644,12393.2,0.845,535.2,0.115,992.9,0.446,507.5,0.366,112.7,10.17,27.96,0.00,0.00,16.28
2026-08-23T20:25:15Z,3.475,12414.8,0.835,535.1,0.117,993.0,0.433,507.3,0.352,112.9,9.80,29.60,0.00,0.00,16.28
2026-08-23T20:25:16Z,3.486,12404.4,0.836,535.2,0.114,993.1,0.444,507.6,0.367,112.7,9.91,27.47,0.00,0.00,16.42
2026-08-23T20:25:17Z,4.710,12359.6,0.842,535.2,0.102,993.2,0.437,507.8,0.360,112.6,15.93,30.82,0.00,0.00,16.42
2026-08-23T20:25:18Z,4.459,12410.9,0.833,535.2,0.109,993.2,0.446,507.5,0.368,112.7,24.35,40.13,0.00,0.00,16.42
2026-08-23T20:25:19Z,5.130,12383.0,0.852,535.3,0.092,993.4,0.434,507.3,0.372,112.8,41.31,31.24,0.00,0.00,16.42
2026-08-23T20:25:20Z,4.557,12380.1,0.848,535.3,0.104,993.5,0.447,507.8,0.374,112.7,24.66,37.79,0.00,0.00,16.42
2026-08-23T20:25:21Z,4.257,12403.9,0.888,535.6,0.112,993.6,0.462,507.6,0.382,112.8,30.98,37.48,0.00,0.00,17.10
2026-08-23T20:25:22Z,4.267,12391.7,0.863,535.3,0.110,993.7,0.461,507.3,0.379,112.7,32.89,37.77,0.00,0.00,17.10
2026-08-23T20:25:23Z,4.165,12381.6,0.863,535.3,0.111,993.7,0.446,507.3,0.367,112.8,32.28,39.62,0.00,0.00,17.10
2026-08-23T20:25:24Z,4.228,12395.8,0.838,535.3,0.111,993.8,0.449,507.3,0.372,112.7,33.36,37.77,0.00,0.00,17.10
2026-08-23T20:25:25Z,4.527,12391.1,0.851,535.3,0.104,994.1,0.457,507.6,0.387,112.7,28.12,35.14,0.00,0.00,17.34
2026-08-23T20:25:27Z,4.995,12374.0,0.852,535.6,0.097,993.9,0.473,507.3,0.386,112.7,25.82,31.17,0.00,0.00,17.34
2026-08-23T20:25:28Z,5.164,12390.9,0.815,535.3,0.090,993.9,0.447,507.6,0.358,113.0,24.89,38.61,0.00,0.00,17.34
2026-08-23T20:25:29Z,5.465,12366.1,0.795,535.5,0.082,994.0,0.428,507.5,0.354,112.8,22.37,26.71,0.00,0.00,17.34
2026-08-23T20:25:30Z,4.877,12355.2,0.886,535.4,0.096,994.0,0.486,507.5,0.381,112.8,26.93,34.27,0.00,0.00,17.34
2026-08-23T20:25:31Z,4.576,12369.1,0.857,535.4,0.103,994.1,0.450,507.6,0.368,112.8,27.10,35.44,0.00,0.00,17.79
2026-08-23T20:25:32Z,4.276,12389.9,0.844,535.4,0.111,994.4,0.457,507.4,0.375,112.8,29.98,38.16,0.00,0.00,17.79
2026-08-23T20:25:33Z,4.504,12392.8,0.857,535.4,0.103,994.3,0.450,507.7,0.365,112.8,22.51,24.01,0.00,0.00,17.79
2026-08-23T20:25:34Z,4.707,12385.6,0.835,535.4,0.094,994.3,0.446,507.4,0.369,112.8,17.57,18.71,0.00,0.00,17.79
2026-08-23T20:25:35Z,4.243,12361.4,0.840,535.4,0.111,994.4,0.442,507.4,0.377,112.8,31.38,24.94,0.00,0.00,17.79
2026-08-23T20:25:36Z,4.244,12374.4,0.848,535.6,0.113,994.4,0.447,507.4,0.364,112.7,31.63,28.28,0.00,0.00,18.05
2026-08-23T20:25:37Z,4.201,12352.2,0.832,535.4,0.114,994.5,0.453,507.4,0.375,112.8,31.10,27.75,0.00,0.00,18.05
2026-08-23T20:25:38Z,4.923,12369.9,0.816,535.5,0.094,994.6,0.437,507.3,0.360,112.8,25.35,28.07,0.00,0.00,18.05
2026-08-23T20:25:40Z,4.745,12364.5,0.869,535.7,0.103,994.7,0.458,507.3,0.387,112.7,25.84,22.99,0.00,0.00,18.05
2026-08-23T20:25:41Z,4.214,12373.7,0.856,535.5,0.111,994.8,0.459,507.3,0.378,113.0,30.44,35.88,0.00,0.00,17.80
2026-08-23T20:25:42Z,4.335,12383.3,0.827,535.4,0.108,994.8,0.442,507.5,0.369,112.7,29.51,26.51,0.00,0.00,17.80
2026-08-23T20:25:43Z,4.495,12354.0,0.848,535.5,0.112,994.9,0.451,507.3,0.380,112.7,27.01,25.92,0.00,0.00,17.80
2026-08-23T20:25:44Z,4.809,12327.7,0.824,535.7,0.099,995.0,0.445,507.3,0.360,112.9,29.67,22.97,0.00,0.00,17.80
2026-08-23T20:25:45Z,4.866,12342.2,0.826,535.5,0.101,995.3,0.450,507.3,0.372,112.7,35.49,20.68,0.00,0.00,17.80
2026-08-23T20:25:46Z,4.763,12334.6,0.827,535.5,0.103,995.1,0.458,507.3,0.372,113.0,44.72,24.12,0.00,0.00,17.82
2026-08-23T20:25:47Z,4.745,12366.0,0.811,535.6,0.107,995.2,0.441,507.3,0.374,112.7,42.51,34.39,0.00,0.00,17.82
2026-08-23T20:25:48Z,5.210,12340.1,0.807,535.7,0.094,995.2,0.425,507.3,0.367,112.8,37.74,33.72,0.00,0.00,17.82
2026-08-23T20:25:49Z,4.892,12349.9,0.873,536.0,0.096,995.2,0.463,507.6,0.401,112.7,37.44,24.36,0.00,0.00,17.82
2026-08-23T20:25:50Z,4.761,12351.3,0.842,535.8,0.106,995.3,0.457,507.6,0.376,112.8,43.97,33.73,0.00,0.00,18.15
2026-08-23T20:25:52Z,4.726,12353.3,0.826,535.8,0.103,995.3,0.452,507.3,0.375,112.7,42.59,37.40,0.00,0.00,18.15
2026-08-23T20:25:53Z,4.664,12344.9,0.850,536.0,0.102,995.4,0.460,507.3,0.381,112.7,32.38,32.07,0.00,0.00,18.15
2026-08-23T20:25:54Z,4.232,12359.4,0.842,536.2,0.109,995.4,0.452,507.5,0.372,112.7,31.30,30.35,0.00,0.00,18.15
2026-08-23T20:25:55Z,4.220,12375.8,0.829,535.8,0.110,995.5,0.452,508.1,0.373,112.7,32.57,31.89,0.00,0.00,18.15
2026-08-23T20:25:56Z,4.441,12356.1,0.821,535.8,0.110,995.6,0.443,507.5,0.365,112.7,32.02,30.49,0.00,0.00,18.06
2026-08-23T20:25:57Z,4.698,12367.4,0.832,535.8,0.101,995.6,0.439,507.3,0.369,112.7,28.60,29.15,0.00,0.00,18.06
2026-08-23T20:25:58Z,4.985,12352.7,0.864,535.8,0.095,995.7,0.432,507.3,0.378,112.7,30.06,24.72,0.00,0.00,18.06
2026-08-23T20:25:59Z,5.195,12365.4,0.810,535.8,0.087,995.7,0.449,507.4,0.380,112.7,24.23,25.37,0.00,0.00,18.06
2026-08-23T20:26:00Z,4.627,12356.0,0.835,535.8,0.106,996.0,0.461,507.3,0.377,112.7,27.98,22.71,0.00,0.00,18.06
2026-08-23T20:26:01Z,4.592,12362.8,0.831,535.7,0.107,995.8,0.446,507.3,0.369,112.7,26.58,26.87,0.00,0.00,17.58
2026-08-23T20:26:02Z,4.384,12342.8,0.863,535.8,0.109,995.9,0.463,507.3,0.382,112.7,26.47,26.44,0.00,0.00,17.58
2026-08-23T20:26:04Z,4.929,12337.1,0.789,535.8,0.099,996.0,0.426,507.3,0.363,112.6,16.80,22.43,0.00,0.00,17.58
2026-08-23T20:26:05Z,4.204,12348.1,0.902,535.8,0.112,996.0,0.455,507.3,0.374,112.7,29.22,30.11,0.00,0.00,17.58
2026-08-23T20:26:06Z,4.244,12356.6,0.925,536.0,0.102,996.1,0.463,507.3,0.381,112.7,28.68,26.19,0.00,0.00,17.29
2026-08-23T20:26:07Z,4.201,12335.5,0.880,535.8,0.111,996.1,0.456,507.6,0.371,112.7,30.99,30.06,0.00,0.00,17.29
2026-08-23T20:26:08Z,4.433,12351.6,0.886,535.8,0.109,996.2,0.440,507.6,0.368,112.8,27.86,26.96,0.00,0.00,17.29
2026-08-23T20:26:09Z,4.947,12341.2,0.916,535.8,0.090,996.5,0.453,507.3,0.377,112.7,21.20,25.38,0.00,0.00,17.29
2026-08-23T20:26:10Z,4.329,12352.2,0.905,535.7,0.110,996.5,0.446,507.3,0.377,112.7,29.70,29.95,0.00,0.00,17.29
2026-08-23T20:26:11Z,4.356,12363.1,0.894,535.7,0.107,996.6,0.458,507.3,0.377,112.6,25.41,40.02,0.00,0.00,17.59
2026-08-23T20:26:12Z,4.586,12336.4,0.900,535.7,0.107,996.7,0.453,507.3,0.369,112.7,25.08,32.30,0.00,0.00,17.59
2026-08-23T20:26:13Z,5.074,12340.0,0.851,535.8,0.095,996.8,0.449,507.6,0.363,113.0,22.61,25.23,0.00,0.00,17.59
2026-08-23T20:26:14Z,4.506,12349.7,0.879,535.7,0.105,997.1,0.454,507.3,0.376,112.7,28.41,29.26,0.00,0.00,17.59
2026-08-23T20:26:16Z,4.262,12329.1,0.882,535.7,0.109,996.9,0.451,507.3,0.367,112.6,32.61,29.20,0.00,0.00,17.14
2026-08-23T20:26:17Z,4.172,12343.0,0.894,536.0,0.113,997.0,0.444,507.6,0.377,112.7,33.14,27.83,0.00,0.00,17.14
2026-08-23T20:26:18Z,4.227,12361.0,0.882,535.8,0.109,997.0,0.438,507.6,0.370,112.7,31.45,32.20,0.00,0.00,17.14
2026-08-23T20:26:19Z,5.081,12327.9,0.840,535.8,0.092,997.1,0.424,507.3,0.367,112.7,23.87,26.68,0.00,0.00,17.14
2026-08-23T20:26:20Z,4.199,12340.2,0.877,535.8,0.111,997.1,0.454,507.6,0.375,112.7,29.79,31.04,0.00,0.00,17.14
2026-08-23T20:26:21Z,4.301,12322.0,0.868,535.8,0.111,997.2,0.446,507.5,0.368,112.7,21.03,32.85,0.00,0.00,16.97
2026-08-23T20:26:22Z,3.774,12335.2,0.863,535.8,0.107,997.2,0.437,507.3,0.369,112.7,9.58,26.17,0.00,0.00,16.97
2026-08-23T20:26:23Z,3.452,12322.2,0.874,535.8,0.116,997.3,0.443,507.3,0.365,112.7,9.97,28.78,0.00,0.00,16.97
2026-08-23T20:26:24Z,3.482,12344.4,0.871,536.0,0.114,997.4,0.438,507.3,0.371,112.7,9.39,28.75,0.00,0.00,16.97
2026-08-23T20:26:25Z,4.317,12334.7,0.860,535.7,0.112,997.4,0.447,507.3,0.373,112.6,9.88,28.22,0.00,0.00,16.97
2026-08-23T20:26:26Z,4.557,12358.2,0.894,535.7,0.103,997.5,0.458,507.3,0.372,112.7,9.51,25.44,0.00,0.00,17.05
2026-08-23T20:26:27Z,4.918,12347.6,0.853,535.8,0.099,997.6,0.441,507.6,0.376,113.0,10.33,23.35,0.00,0.00,17.05
2026-08-23T20:26:29Z,5.034,12348.4,0.844,536.3,0.094,997.6,0.432,507.9,0.358,112.8,10.68,25.09,0.00,0.00,17.05
2026-08-23T20:26:30Z,4.271,12328.2,0.889,535.8,0.101,997.6,0.462,507.3,0.381,112.7,9.41,32.64,0.00,0.00,17.05
2026-08-23T20:26:31Z,3.591,12351.6,0.843,535.8,0.117,997.7,0.436,507.3,0.360,113.0,9.96,32.61,0.00,0.00,17.13
2026-08-23T20:26:32Z,3.603,12347.1,0.850,535.8,0.115,997.7,0.450,507.8,0.371,113.2,10.14,40.07,0.00,0.00,17.13
2026-08-23T20:26:33Z,3.482,12333.3,0.863,535.8,0.119,997.8,0.440,507.3,0.364,112.7,9.42,30.32,0.00,0.00,17.13
2026-08-23T20:26:34Z,3.408,12353.1,0.852,535.8,0.118,998.1,0.442,507.6,0.365,113.0,9.07,30.46,0.00,0.00,17.13
2026-08-23T20:26:35Z,3.630,12341.9,0.850,535.8,0.113,997.9,0.443,507.3,0.373,112.9,8.67,29.94,0.00,0.00,17.13
2026-08-23T20:26:36Z,3.443,12328.9,0.844,535.7,0.117,998.2,0.444,507.3,0.364,112.7,9.53,30.92,0.00,0.00,16.88
2026-08-23T20:26:37Z,3.515,12349.6,0.841,536.0,0.113,998.3,0.446,507.6,0.371,112.7,9.23,27.80,0.00,0.00,16.88
2026-08-23T20:26:38Z,4.367,12321.4,0.823,535.8,0.103,998.1,0.431,507.4,0.365,112.7,9.78,26.11,0.00,0.00,16.88
2026-08-23T20:26:39Z,4.037,12327.9,0.827,535.8,0.105,998.2,0.444,507.3,0.371,112.7,10.06,35.92,0.00,0.00,16.88
2026-08-23T20:26:41Z,3.467,12350.9,0.831,535.7,0.115,998.2,0.441,507.3,0.369,112.7,9.66,32.10,0.00,0.00,16.40
2026-08-23T20:26:42Z,3.446,12339.1,0.824,535.8,0.118,998.3,0.442,507.3,0.367,112.7,10.34,40.87,0.00,0.00,16.40
2026-08-23T20:26:43Z,3.763,12326.4,0.847,535.8,0.111,998.4,0.462,507.3,0.365,112.7,9.56,29.17,0.00,0.00,16.40
2026-08-23T20:26:44Z,3.617,12345.9,0.828,535.8,0.114,998.4,0.441,507.3,0.364,112.7,9.22,32.25,0.00,0.00,16.40
2026-08-23T20:26:45Z,3.515,12339.4,0.820,535.7,0.116,998.5,0.439,507.3,0.360,112.7,10.74,32.48,0.00,0.00,16.40
2026-08-23T20:26:46Z,3.430,12329.2,0.805,535.7,0.116,998.9,0.433,507.2,0.359,112.6,10.46,33.62,0.00,0.00,16.05
2026-08-23T20:26:47Z,3.422,12318.9,0.817,535.7,0.111,998.7,0.438,507.8,0.365,112.6,11.10,32.74,0.00,0.00,16.05
2026-08-23T20:26:48Z,3.916,12322.1,0.792,535.7,0.110,998.8,0.434,507.3,0.357,112.7,9.82,30.41,0.00,0.00,16.05
2026-08-23T20:26:49Z,4.389,12296.0,0.832,535.8,0.101,998.8,0.445,507.3,0.374,112.7,9.62,23.99,0.00,0.00,16.05
2026-08-23T20:26:50Z,3.425,12318.0,0.798,535.8,0.115,998.8,0.441,507.3,0.362,112.7,9.98,37.16,0.00,0.00,16.05
2026-08-23T20:26:51Z,3.456,12340.6,0.804,535.7,0.117,998.9,0.430,507.3,0.355,112.9,10.45,29.61,0.00,0.00,15.97
2026-08-23T20:26:52Z,3.719,12319.7,0.801,535.8,0.113,999.2,0.440,507.3,0.359,113.0,11.56,29.49,0.00,0.00,15.97
2026-08-23T20:26:53Z,4.630,12324.9,0.789,535.9,0.106,999.0,0.446,507.6,0.356,112.7,18.65,22.97,0.00,0.00,15.97
2026-08-23T20:26:55Z,4.343,12298.1,0.801,535.9,0.112,999.0,0.451,507.5,0.377,112.6,26.84,26.38,0.00,0.00,15.97
2026-08-23T20:26:56Z,4.589,12305.2,0.815,535.9,0.108,999.1,0.452,507.3,0.369,112.7,26.68,24.71,0.00,0.00,16.61
2026-08-23T20:26:57Z,4.641,12316.0,0.798,536.1,0.106,999.1,0.442,507.3,0.370,112.7,29.57,25.84,0.00,0.00,16.61
2026-08-23T20:26:58Z,5.176,12296.2,0.824,535.9,0.090,999.2,0.440,508.1,0.369,112.8,26.82,19.92,0.00,0.00,16.61
2026-08-23T20:26:59Z,5.338,12292.0,0.753,536.3,0.089,999.3,0.455,507.6,0.361,112.7,22.54,17.38,0.00,0.00,16.61
2026-08-23T20:27:00Z,4.384,12301.0,0.827,536.1,0.105,999.4,0.457,507.3,0.381,112.7,30.17,29.52,0.00,0.00,16.61
2026-08-23T20:27:01Z,4.602,12318.4,0.818,536.1,0.107,999.4,0.459,507.3,0.377,112.7,30.40,32.30,0.00,0.00,16.88
2026-08-23T20:27:02Z,4.247,12312.3,0.821,536.1,0.113,999.5,0.455,507.5,0.370,112.7,32.67,39.35,0.00,0.00,16.88
2026-08-23T20:27:03Z,4.220,12301.2,0.823,536.4,0.111,999.6,0.449,507.3,0.385,112.8,33.00,34.73,0.00,0.00,16.88
2026-08-23T20:27:04Z,4.179,12288.7,0.817,536.3,0.114,999.7,0.447,507.2,0.376,112.7,31.67,34.76,0.00,0.00,16.88
2026-08-23T20:27:05Z,4.234,12311.9,0.813,536.3,0.112,999.7,0.455,507.3,0.378,112.7,34.05,37.71,0.00,0.00,17.13
2026-08-23T20:27:07Z,4.267,12270.3,0.828,536.5,0.110,999.8,0.454,507.5,0.380,112.6,32.57,36.92,0.00,0.00,17.13
2026-08-23T20:27:08Z,4.178,12293.7,0.809,536.7,0.111,999.9,0.444,507.8,0.370,112.7,32.76,37.07,0.00,0.00,17.13
2026-08-23T20:27:09Z,4.886,12255.6,0.971,548.6,0.160,1023.5,0.456,507.3,0.384,113.0,59.77,29.59,0.00,0.00,17.13
2026-08-23T20:27:10Z,4.597,12253.9,0.838,548.7,0.099,1023.8,0.465,507.3,0.376,112.8,128.89,30.21,0.00,0.00,17.13
2026-08-23T20:27:11Z,4.689,12238.4,0.845,548.8,0.101,1023.6,0.454,507.6,0.372,112.8,102.50,40.05,0.00,0.00,17.12
2026-08-23T20:27:12Z,4.731,12246.5,0.784,548.7,0.101,1023.7,0.441,507.3,0.365,112.7,28.53,31.36,0.00,0.00,17.12
2026-08-23T20:27:13Z,4.910,12231.2,0.829,548.7,0.094,1023.8,0.463,508.0,0.372,112.8,25.52,42.72,0.00,0.00,17.12
2026-08-23T20:27:14Z,4.655,12247.6,0.808,549.4,0.101,1023.8,0.449,507.5,0.369,112.7,31.70,26.55,0.00,0.00,17.12
2026-08-23T20:27:15Z,4.315,12228.0,0.825,549.6,0.110,1024.1,0.463,507.5,0.378,112.7,31.54,21.01,0.00,0.00,17.12
2026-08-23T20:27:16Z,4.798,12255.0,0.764,549.6,0.105,1024.0,0.428,507.5,0.356,113.2,18.04,21.52,0.00,0.00,16.63
2026-08-23T20:27:17Z,4.184,12236.8,0.793,549.6,0.115,1024.1,0.449,507.5,0.369,112.7,34.38,23.89,0.00,0.00,16.63
2026-08-23T20:27:18Z,5.047,12234.1,0.799,550.1,0.093,1024.1,0.453,507.3,0.369,112.8,34.55,18.62,0.00,0.00,16.63
2026-08-23T20:27:20Z,4.480,12261.6,0.799,550.3,0.104,1024.3,0.443,507.3,0.374,112.7,27.08,21.72,0.00,0.00,16.63
2026-08-23T20:27:21Z,4.290,12237.1,0.832,550.2,0.112,1024.3,0.457,507.3,0.379,113.0,29.19,27.11,0.00,0.00,17.38
2026-08-23T20:27:22Z,4.223,12245.3,0.794,550.1,0.112,1024.4,0.445,507.3,0.368,112.7,30.57,21.58,0.00,0.00,17.38
2026-08-23T20:27:23Z,4.232,12255.4,0.826,550.4,0.113,1024.4,0.460,507.6,0.370,112.7,30.77,23.72,0.00,0.00,17.38
2026-08-23T20:27:24Z,4.159,12239.6,0.783,550.4,0.115,1024.5,0.444,507.5,0.368,112.6,33.16,28.69,0.00,0.00,17.38
2026-08-23T20:27:25Z,4.247,12225.5,0.811,550.4,0.113,1024.5,0.456,507.5,0.373,112.7,32.56,28.33,0.00,0.00,17.38
2026-08-23T20:27:26Z,4.447,12238.1,0.845,550.4,0.107,1024.5,0.471,507.4,0.387,112.7,26.37,28.21,0.00,0.00,17.91
2026-08-23T20:27:27Z,4.697,12219.1,0.788,550.7,0.106,1024.6,0.441,507.4,0.370,112.7,24.77,31.44,0.00,0.00,17.91
2026-08-23T20:27:28Z,5.156,12238.5,0.786,551.2,0.092,1024.6,0.431,507.4,0.359,112.8,21.93,22.88,0.00,0.00,17.91
2026-08-23T20:27:29Z,5.233,12231.1,0.810,551.9,0.096,1024.7,0.460,507.4,0.378,112.8,19.25,17.24,0.00,0.00,17.91
2026-08-23T20:27:30Z,4.871,12234.5,0.815,552.8,0.102,1024.7,0.462,507.3,0.376,112.8,19.85,24.36,0.00,0.00,18.56
2026-08-23T20:27:32Z,4.786,12225.4,0.783,555.5,0.100,1024.7,0.449,507.3,0.367,112.7,9.97,28.67,0.00,0.00,18.56
2026-08-23T20:27:33Z,4.438,12247.2,0.808,555.6,0.111,1024.8,0.446,507.3,0.372,112.7,9.40,26.91,0.00,0.00,18.56
2026-08-23T20:27:34Z,3.641,12239.7,0.792,555.9,0.116,1024.8,0.438,507.3,0.367,112.7,9.76,31.13,0.00,0.00,18.56
2026-08-23T20:27:35Z,3.432,12229.5,0.798,555.6,0.116,1024.9,0.437,507.3,0.366,112.7,9.52,29.48,0.00,0.00,18.56
2026-08-23T20:27:36Z,3.470,12251.7,0.809,555.8,0.120,1025.0,0.449,507.3,0.369,112.7,9.75,31.11,0.00,0.00,18.03
2026-08-23T20:27:37Z,3.415,12241.3,0.789,555.8,0.118,1025.1,0.440,507.3,0.357,112.7,9.93,31.12,0.00,0.00,18.03
2026-08-23T20:27:38Z,3.753,12244.7,0.796,555.9,0.114,1025.1,0.435,507.3,0.364,112.7,11.74,31.32,0.00,0.00,18.03
2026-08-23T20:27:39Z,4.858,12226.7,0.866,556.1,0.099,1025.2,0.453,507.3,0.378,112.6,9.23,22.66,0.00,0.00,18.03
2026-08-23T20:27:40Z,3.451,12247.6,0.858,556.2,0.116,1025.2,0.442,507.5,0.360,112.7,9.80,30.87,0.00,0.00,18.03
2026-08-23T20:27:41Z,3.422,12235.9,0.880,556.3,0.117,1025.3,0.449,507.3,0.373,113.0,9.06,36.28,0.00,0.00,17.55
2026-08-23T20:27:42Z,3.674,12224.7,0.874,556.4,0.110,1025.4,0.446,507.5,0.362,112.6,8.14,29.67,0.00,0.00,17.55
2026-08-23T20:27:43Z,3.730,12249.8,0.881,556.5,0.111,1025.4,0.453,507.8,0.368,112.9,7.78,45.58,0.00,0.00,17.55
2026-08-23T20:27:45Z,3.535,12236.6,0.861,556.5,0.117,1025.5,0.441,507.2,0.363,112.9,8.76,28.85,0.00,0.00,17.55
2026-08-23T20:27:46Z,3.374,12228.8,0.846,556.6,0.120,1025.5,0.442,507.3,0.364,112.7,9.24,31.26,0.00,0.00,17.51
2026-08-23T20:27:47Z,3.457,12243.8,0.876,556.7,0.114,1025.6,0.442,507.8,0.364,112.7,8.30,28.25,0.00,0.00,17.51
2026-08-23T20:27:48Z,3.473,12237.0,0.853,556.7,0.112,1025.6,0.432,507.3,0.356,112.7,7.61,28.06,0.00,0.00,17.51
2026-08-23T20:27:49Z,4.826,12217.9,0.860,556.9,0.101,1025.8,0.441,507.5,0.367,112.9,7.24,22.33,0.00,0.00,17.51
2026-08-23T20:27:50Z,3.497,12236.9,0.855,557.0,0.119,1026.1,0.436,507.5,0.357,112.6,9.12,28.26,0.00,0.00,17.51
2026-08-23T20:27:51Z,3.365,12222.6,0.871,557.3,0.116,1025.9,0.445,507.8,0.365,112.7,7.59,34.80,0.00,0.00,16.50
2026-08-23T20:27:52Z,3.437,12240.4,0.874,557.1,0.117,1026.0,0.451,507.5,0.365,112.6,7.46,29.15,0.00,0.00,16.50
2026-08-23T20:27:53Z,3.451,12229.6,0.874,557.1,0.119,1026.1,0.443,507.5,0.366,112.6,7.76,29.62,0.00,0.00,16.50
2026-08-23T20:27:54Z,3.445,12217.2,0.869,557.1,0.115,1026.2,0.440,507.5,0.369,112.7,7.78,30.37,0.00,0.00,16.50
2026-08-23T20:27:55Z,3.463,12235.9,0.866,557.1,0.115,1026.6,0.441,507.3,0.360,112.6,8.68,29.36,0.00,0.00,16.38
2026-08-23T20:27:56Z,3.560,12225.4,0.861,557.2,0.118,1026.6,0.451,507.3,0.365,112.7,8.71,30.08,0.00,0.00,16.38
2026-08-23T20:27:58Z,3.739,12211.9,0.891,557.2,0.113,1026.4,0.441,507.2,0.359,112.6,8.87,27.02,0.00,0.00,16.38
2026-08-23T20:27:59Z,4.699,12214.1,0.831,557.7,0.098,1026.5,0.422,507.3,0.362,112.8,8.40,23.27,0.00,0.00,16.38
2026-08-23T20:28:00Z,3.817,12218.8,0.890,557.5,0.112,1026.5,0.457,507.3,0.372,112.7,7.54,28.61,0.00,0.00,16.38
2026-08-23T20:28:01Z,3.555,12240.5,0.855,558.0,0.116,1026.6,0.438,507.5,0.374,112.7,9.27,31.75,0.00,0.00,16.51
2026-08-23T20:28:02Z,3.676,12228.7,0.859,558.1,0.112,1026.6,0.458,507.3,0.380,112.7,10.54,35.06,0.00,0.00,16.51
2026-08-23T20:28:03Z,3.495,12218.5,0.840,558.1,0.116,1026.7,0.449,507.3,0.373,112.7,10.26,30.31,0.00,0.00,16.51
2026-08-23T20:28:04Z,3.460,12215.2,0.839,558.2,0.118,1026.7,0.440,507.3,0.367,112.7,10.36,37.26,0.00,0.00,16.51
2026-08-23T20:28:05Z,3.622,12216.4,0.864,558.2,0.117,1026.8,0.454,507.5,0.378,112.6,10.78,27.50,0.00,0.00,16.51
2026-08-23T20:28:06Z,3.472,12227.2,0.839,558.6,0.115,1026.8,0.452,507.3,0.378,112.6,10.90,28.36,0.00,0.00,16.55
2026-08-23T20:28:07Z,3.494,12216.9,0.829,559.0,0.115,1026.9,0.445,507.3,0.370,112.6,10.22,27.24,0.00,0.00,16.55
2026-08-23T20:28:08Z,4.401,12225.4,0.814,559.6,0.106,1026.9,0.441,507.3,0.368,112.8,9.64,26.42,0.00,0.00,16.55
2026-08-23T20:28:09Z,4.042,12200.5,0.833,560.2,0.107,1027.0,0.453,507.4,0.382,112.7,10.21,27.03,0.00,0.00,16.55
2026-08-23T20:28:11Z,3.470,12222.2,0.808,560.7,0.116,1027.3,0.448,507.4,0.359,112.7,9.40,28.13,0.00,0.00,16.91
2026-08-23T20:28:12Z,3.643,12217.1,0.825,561.7,0.112,1027.1,0.444,507.4,0.364,112.7,15.94,33.62,0.00,0.00,16.91
2026-08-23T20:28:13Z,3.724,12204.8,0.819,561.6,0.115,1027.4,0.453,507.6,0.366,112.9,9.65,24.13,0.00,0.00,16.91
2026-08-23T20:28:14Z,3.595,12221.1,0.804,562.0,0.112,1027.2,0.448,507.4,0.371,112.7,10.16,31.37,0.00,0.00,16.91
2026-08-23T20:28:15Z,3.442,12208.7,0.798,562.6,0.119,1027.2,0.439,507.4,0.369,112.7,10.44,25.62,0.00,0.00,16.91
2026-08-23T20:28:16Z,3.367,12195.1,0.786,562.8,0.116,1027.3,0.432,507.4,0.353,112.9,9.77,25.50,0.00,0.00,16.60
2026-08-23T20:28:17Z,3.386,12217.5,0.778,563.8,0.119,1027.4,0.439,507.6,0.361,112.7,10.38,31.00,0.00,0.00,16.60
2026-08-23T20:28:18Z,3.988,12196.0,0.791,564.1,0.113,1027.4,0.441,507.4,0.362,112.7,10.84,31.72,0.00,0.00,16.60
2026-08-23T20:28:19Z,4.444,12215.4,0.838,564.5,0.106,1027.5,0.468,507.6,0.394,112.7,117.15,24.27,0.00,0.00,16.60
2026-08-23T20:28:20Z,4.404,12196.2,0.793,565.0,0.111,1027.6,0.450,507.3,0.370,112.7,53.97,28.09,0.00,0.00,16.60
2026-08-23T20:28:21Z,3.490,12194.5,0.787,565.3,0.114,1027.6,0.440,507.3,0.362,112.6,10.14,30.25,0.00,0.00,16.47
2026-08-23T20:28:22Z,4.399,12199.6,0.804,565.8,0.102,1027.7,0.451,507.3,0.363,112.7,15.05,40.47,0.00,0.00,16.47
2026-08-23T20:28:24Z,4.501,12192.0,0.804,566.0,0.108,1027.7,0.448,507.5,0.368,112.6,24.06,35.77,0.00,0.00,16.47
2026-08-23T20:28:25Z,4.323,12203.8,0.814,566.5,0.109,1027.7,0.455,507.3,0.375,112.7,25.49,34.56,0.00,0.00,16.47
2026-08-23T20:28:26Z,4.345,12175.8,0.803,567.1,0.117,1031.2,0.462,507.3,0.381,112.7,29.23,31.43,0.00,0.00,16.43
2026-08-23T20:28:27Z,4.678,12164.6,0.808,567.7,0.120,1039.0,0.451,507.3,0.375,112.6,29.07,27.96,0.00,0.00,16.43
2026-08-23T20:28:28Z,5.151,12164.7,0.780,569.1,0.102,1039.1,0.441,507.3,0.364,112.9,25.43,29.64,0.00,0.00,16.43
2026-08-23T20:28:29Z,5.393,12169.0,0.764,569.8,0.091,1039.1,0.433,507.4,0.365,112.8,23.01,30.05,0.00,0.00,16.43
2026-08-23T20:28:30Z,4.948,12174.9,0.837,570.9,0.103,1039.4,0.478,507.3,0.392,112.7,28.00,33.16,0.00,0.00,16.43
2026-08-23T20:28:31Z,5.090,12162.9,0.782,571.2,0.099,1039.2,0.444,508.1,0.368,112.7,25.84,32.86,0.00,0.00,16.96
2026-08-23T20:28:32Z,5.558,12149.1,0.756,572.7,0.100,1039.2,0.431,507.9,0.367,112.8,24.25,40.04,0.00,0.00,16.96
2026-08-23T20:28:33Z,5.283,12147.4,0.786,572.6,0.098,1039.2,0.431,507.3,0.382,112.7,26.18,33.48,0.00,0.00,16.96
2026-08-23T20:28:34Z,5.321,12160.9,0.774,573.5,0.097,1039.2,0.451,508.1,0.369,112.8,26.61,31.25,0.00,0.00,16.96
2026-08-23T20:28:36Z,5.328,12161.8,0.797,574.0,0.097,1039.2,0.440,507.6,0.370,112.7,28.59,31.88,0.00,0.00,18.56
2026-08-23T20:28:37Z,4.670,12155.0,0.814,574.2,0.108,1039.3,0.461,507.4,0.379,112.8,34.50,34.90,0.00,0.00,18.56
2026-08-23T20:28:38Z,4.700,12148.5,0.790,574.6,0.111,1041.0,0.449,507.3,0.363,112.7,31.43,35.96,0.00,0.00,18.56
2026-08-23T20:28:39Z,5.311,12132.9,0.785,575.4,0.098,1046.2,0.426,507.6,0.381,112.8,24.63,27.51,0.00,0.00,18.56
2026-08-23T20:28:40Z,4.646,12132.5,0.793,575.4,0.105,1046.2,0.457,507.3,0.375,112.7,30.08,36.26,0.00,0.00,18.56
2026-08-23T20:28:41Z,4.596,12128.5,0.808,575.5,0.111,1046.3,0.459,507.3,0.378,112.7,33.10,30.85,0.00,0.00,19.72
2026-08-23T20:28:42Z,4.627,12147.8,0.783,575.7,0.114,1046.3,0.447,507.6,0.376,112.7,33.36,26.22,0.00,0.00,19.72
2026-08-23T20:28:43Z,4.789,12137.8,0.809,575.8,0.105,1046.3,0.441,507.3,0.371,112.7,34.13,30.85,0.00,0.00,19.72
2026-08-23T20:28:44Z,4.609,12128.5,0.832,576.1,0.110,1046.3,0.457,507.3,0.382,112.7,32.06,37.40,0.00,0.00,19.72
2026-08-23T20:28:45Z,4.652,12125.3,0.807,576.6,0.107,1046.4,0.451,507.5,0.376,112.7,32.77,32.36,0.00,0.00,20.22
2026-08-23T20:28:46Z,4.653,12149.2,0.818,576.7,0.107,1046.4,0.454,507.3,0.381,112.7,32.08,31.02,0.00,0.00,20.22
2026-08-23T20:28:48Z,4.732,12143.2,0.795,577.1,0.107,1046.4,0.447,507.3,0.373,112.7,30.60,30.95,0.00,0.00,20.22
2026-08-23T20:28:49Z,5.600,12134.0,0.691,577.6,0.091,1046.5,0.409,507.6,0.337,112.8,14.18,24.58,0.00,0.00,20.22
2026-08-23T20:28:50Z,5.468,12119.3,0.716,578.8,0.091,1046.5,0.430,507.4,0.352,113.0,15.14,19.40,0.00,0.00,20.22
2026-08-23T20:28:51Z,4.923,12098.5,0.827,590.4,0.106,1057.6,0.492,507.6,0.418,112.8,24.09,17.65,0.00,0.00,22.29
2026-08-23T20:28:52Z,4.613,12080.5,0.834,604.0,0.105,1057.6,0.450,507.6,0.371,113.0,25.65,21.47,0.00,0.00,22.29
2026-08-23T20:28:53Z,4.606,12095.3,0.807,608.0,0.107,1057.6,0.446,507.6,0.370,112.7,29.38,31.38,0.00,0.00,22.29
2026-08-23T20:28:54Z,4.620,12084.3,0.819,610.3,0.106,1057.7,0.451,507.3,0.371,112.7,30.59,24.36,0.00,0.00,22.29
2026-08-23T20:28:55Z,4.592,12076.5,0.811,611.0,0.107,1057.7,0.454,507.6,0.374,113.0,31.90,29.07,0.00,0.00,22.29
2026-08-23T20:28:56Z,4.687,12069.3,0.833,612.6,0.106,1057.7,0.454,507.4,0.370,112.7,29.13,31.42,0.00,0.00,22.18
2026-08-23T20:28:57Z,4.774,12085.7,0.823,612.9,0.101,1057.8,0.439,507.6,0.372,112.7,28.62,26.21,0.00,0.00,22.18
2026-08-23T20:28:58Z,5.373,12074.7,0.748,613.2,0.094,1057.8,0.406,507.4,0.347,112.8,24.54,24.07,0.00,0.00,22.18
2026-08-23T20:29:00Z,5.040,12083.0,0.855,613.3,0.093,1057.8,0.480,507.6,0.412,112.7,21.85,21.89,0.00,0.00,22.18
2026-08-23T20:29:01Z,4.842,12064.0,0.820,613.3,0.101,1057.8,0.466,507.3,0.380,112.8,23.28,26.85,0.00,0.00,22.65
2026-08-23T20:29:02Z,4.552,12026.0,0.806,613.9,0.103,1057.9,0.446,507.5,0.365,112.7,9.66,22.00,0.00,0.00,22.65
2026-08-23T20:29:03Z,3.382,12044.1,0.791,614.1,0.114,1057.9,0.437,507.6,0.360,112.7,10.28,35.68,0.00,0.00,22.65
2026-08-23T20:29:04Z,3.471,12062.2,0.810,614.1,0.116,1058.0,0.443,507.5,0.365,112.7,10.77,27.94,0.00,0.00,22.65
2026-08-23T20:29:05Z,3.419,12079.2,0.793,614.4,0.120,1058.1,0.440,507.3,0.365,112.9,10.63,27.27,0.00,0.00,22.65
2026-08-23T20:29:06Z,3.584,12068.9,0.835,614.3,0.119,1058.1,0.455,507.6,0.379,112.7,11.20,27.58,0.00,0.00,22.20
2026-08-23T20:29:07Z,3.477,12058.2,0.811,614.5,0.120,1058.2,0.450,507.5,0.371,112.7,9.89,27.24,0.00,0.00,22.20
2026-08-23T20:29:08Z,4.218,12094.5,0.852,614.8,0.110,1058.3,0.459,507.4,0.377,112.8,12.85,24.66,0.00,0.00,22.20
2026-08-23T20:29:09Z,4.578,12072.4,0.800,614.6,0.100,1058.4,0.442,507.5,0.371,112.6,10.47,25.21,0.00,0.00,22.20
2026-08-23T20:29:10Z,3.432,12088.6,0.806,615.2,0.118,1058.5,0.451,507.4,0.371,112.7,10.38,26.15,0.00,0.00,22.42
2026-08-23T20:29:12Z,3.475,12078.6,0.801,615.0,0.117,1058.5,0.445,507.5,0.358,112.7,10.47,27.40,0.00,0.00,22.42
2026-08-23T20:29:13Z,3.783,12069.6,0.821,615.1,0.113,1058.6,0.442,507.3,0.361,112.7,12.32,26.99,0.01,0.00,22.42
2026-08-23T20:29:14Z,3.663,12060.4,0.906,615.6,0.106,1058.6,0.460,507.7,0.376,112.8,10.51,34.75,0.00,0.00,22.42
2026-08-23T20:29:15Z,3.576,12052.1,0.881,615.5,0.116,1058.7,0.437,507.9,0.370,112.7,10.73,30.86,0.00,0.00,22.42
2026-08-23T20:29:16Z,3.529,12070.5,0.880,615.6,0.115,1058.8,0.451,507.4,0.373,113.0,10.57,38.36,0.00,0.00,21.51
2026-08-23T20:29:17Z,3.439,12060.9,0.863,615.7,0.118,1059.1,0.431,507.7,0.363,113.0,10.66,30.27,0.00,0.00,21.51
2026-08-23T20:29:18Z,3.830,12065.4,0.861,615.8,0.117,1058.9,0.445,507.5,0.365,113.1,10.18,32.25,0.00,0.00,21.51
2026-08-23T20:29:19Z,4.432,12041.9,0.887,616.4,0.103,1058.9,0.448,507.6,0.376,112.7,10.07,23.22,0.00,0.00,21.51
2026-08-23T20:29:20Z,3.439,12061.3,0.865,616.7,0.118,1058.9,0.437,507.7,0.367,112.8,10.85,33.28,0.00,0.00,21.51
2026-08-23T20:29:21Z,3.453,12053.3,0.852,616.5,0.117,1059.0,0.445,507.4,0.372,113.0,11.04,33.87,0.00,0.00,20.74
2026-08-23T20:29:22Z,3.388,12074.3,0.861,616.5,0.119,1059.0,0.436,507.6,0.361,112.9,10.58,34.46,0.00,0.00,20.74
2026-08-23T20:29:23Z,3.362,12063.1,0.859,616.7,0.116,1059.0,0.436,507.4,0.364,112.8,11.03,34.18,0.00,0.00,20.74
2026-08-23T20:29:24Z,3.526,12052.4,0.905,616.7,0.116,1059.1,0.449,507.3,0.374,112.7,10.31,26.32,0.00,0.00,20.74
2026-08-23T20:29:26Z,3.478,12070.5,0.877,616.7,0.113,1059.1,0.451,507.9,0.368,112.7,11.02,28.06,0.00,0.00,20.44
2026-08-23T20:29:27Z,4.130,12066.0,0.885,617.0,0.110,1059.1,0.450,507.6,0.374,112.7,10.63,33.27,0.00,0.00,20.44
2026-08-23T20:29:28Z,4.792,12066.6,0.859,616.9,0.099,1059.1,0.457,507.6,0.362,112.7,10.41,35.10,0.00,0.00,20.44
2026-08-23T20:29:29Z,5.353,12055.8,0.802,617.1,0.092,1059.2,0.408,507.4,0.349,112.8,10.74,25.59,0.00,0.00,20.44
2026-08-23T20:29:30Z,4.411,12074.4,0.907,617.3,0.106,1059.2,0.473,507.3,0.386,112.7,10.79,29.52,0.00,0.00,20.44
2026-08-23T20:29:31Z,4.121,12066.3,0.866,617.1,0.112,1059.2,0.446,507.4,0.370,112.7,11.24,33.37,0.00,0.00,20.81
2026-08-23T20:29:32Z,3.521,12057.9,0.871,617.2,0.116,1059.3,0.445,507.3,0.367,112.7,10.39,36.34,0.00,0.00,20.81
2026-08-23T20:29:33Z,3.571,12052.4,0.903,617.2,0.111,1059.3,0.454,507.6,0.380,112.7,11.22,33.49,0.00,0.00,20.81
2026-08-23T20:29:34Z,3.539,12073.2,0.920,617.2,0.108,1059.4,0.460,507.9,0.383,112.7,11.34,38.11,0.00,0.00,20.81
2026-08-23T20:29:35Z,3.476,12067.5,0.843,617.1,0.114,1059.4,0.440,507.6,0.360,112.7,11.00,32.58,0.00,0.00,20.81
2026-08-23T20:29:36Z,3.496,12059.9,0.849,617.2,0.116,1059.5,0.454,507.4,0.375,112.7,11.27,35.03,0.00,0.00,20.91
2026-08-23T20:29:38Z,3.518,12054.8,0.862,617.2,0.115,1059.6,0.449,507.3,0.368,112.6,11.13,30.61,0.00,0.00,20.91
2026-08-23T20:29:39Z,4.741,12049.7,0.841,617.5,0.095,1059.6,0.443,507.6,0.358,112.7,10.74,27.13,0.00,0.00,20.91
2026-08-23T20:29:40Z,3.759,12044.2,0.872,617.3,0.101,1059.7,0.462,507.3,0.380,112.7,11.02,28.41,0.00,0.00,20.91
2026-08-23T20:29:41Z,3.406,12063.0,0.843,617.3,0.101,1059.8,0.448,507.3,0.362,112.9,10.67,27.79,0.00,0.00,20.51
2026-08-23T20:29:42Z,3.498,12056.8,0.857,617.4,0.101,1059.9,0.456,507.6,0.373,112.8,11.26,28.01,0.00,0.00,20.51
2026-08-23T20:29:43Z,3.737,12052.1,0.865,617.4,0.105,1060.2,0.450,507.3,0.363,112.7,10.66,30.32,0.00,0.00,20.51
2026-08-23T20:29:44Z,3.643,12047.5,0.837,617.4,0.107,1060.2,0.458,507.6,0.371,112.7,11.43,38.64,0.00,0.00,20.51
2026-08-23T20:29:45Z,3.544,12042.6,0.828,617.7,0.117,1060.1,0.453,507.3,0.375,112.6,11.06,35.03,0.00,0.00,20.51
2026-08-23T20:29:46Z,3.432,12063.1,0.805,617.8,0.113,1060.2,0.445,507.3,0.362,112.7,11.19,46.13,0.00,0.00,19.67
2026-08-23T20:29:47Z,3.450,12056.1,0.819,618.1,0.116,1060.2,0.443,507.6,0.371,112.7,11.05,37.46,0.00,0.00,19.67
2026-08-23T20:29:48Z,4.296,12043.7,0.778,618.9,0.105,1060.3,0.442,507.4,0.361,112.8,11.13,34.64,0.00,0.00,19.67
2026-08-23T20:29:49Z,4.062,12050.6,0.804,618.9,0.109,1060.4,0.446,507.6,0.376,112.7,11.83,34.27,0.00,0.00,19.67
2026-08-23T20:29:51Z,3.468,12045.8,0.802,619.0,0.116,1060.5,0.447,507.3,0.367,112.7,11.26,36.11,0.00,0.00,19.54
2026-08-23T20:29:52Z,3.364,12037.2,0.790,619.0,0.117,1060.6,0.435,507.5,0.364,112.9,11.24,30.60,0.00,0.00,19.54
2026-08-23T20:29:53Z,3.434,12028.3,0.812,619.3,0.112,1060.7,0.437,507.6,0.368,112.7,9.69,28.39,0.00,0.00,19.54
2026-08-23T20:29:54Z,3.341,12046.3,0.791,619.4,0.103,1060.8,0.423,507.5,0.355,112.7,9.85,24.36,0.00,0.00,19.54
2026-08-23T20:29:55Z,3.393,12038.0,0.814,619.5,0.104,1060.9,0.444,507.4,0.364,112.7,9.65,38.28,0.00,0.00,19.54
2026-08-23T20:29:56Z,3.497,12032.4,0.801,619.8,0.101,1061.0,0.443,507.5,0.358,112.6,9.86,32.15,0.00,0.00,18.13
2026-08-23T20:29:57Z,3.438,12049.8,0.798,620.7,0.102,1061.4,0.434,507.3,0.352,112.7,10.49,21.70,0.00,0.00,18.13
2026-08-23T20:29:58Z,3.965,12026.9,0.801,621.0,0.093,1061.2,0.430,507.3,0.348,112.8,10.46,20.13,0.00,0.00,18.13
2026-08-23T20:29:59Z,4.385,12031.5,0.797,620.9,0.087,1061.4,0.453,507.6,0.370,112.7,11.00,16.47,0.00,0.00,18.13
2026-08-23T20:30:00Z,3.468,12022.7,0.800,621.4,0.111,1061.4,0.440,507.8,0.368,112.8,11.77,25.43,0.00,0.00,18.13
2026-08-23T20:30:01Z,3.927,12026.9,0.815,622.4,0.116,1061.5,0.463,507.6,0.386,112.7,11.53,24.48,0.00,0.00,17.48
2026-08-23T20:30:02Z,4.785,12021.9,0.826,622.8,0.103,1061.6,0.455,507.6,0.379,112.8,18.47,32.75,0.00,0.00,17.48
2026-08-23T20:30:03Z,4.515,12010.9,0.824,623.2,0.106,1061.7,0.458,507.3,0.378,112.7,26.91,37.89,0.00,0.00,17.48
2026-08-23T20:30:05Z,4.377,12007.9,0.803,623.9,0.109,1061.8,0.449,507.6,0.375,112.7,29.08,44.72,0.00,0.00,17.48
2026-08-23T20:30:06Z,4.093,12009.8,0.839,624.5,0.100,1061.9,0.462,507.3,0.375,112.7,32.17,32.21,0.00,0.00,16.48
2026-08-23T20:30:07Z,3.984,12005.9,0.794,625.0,0.094,1061.9,0.457,508.1,0.376,113.0,30.41,29.79,0.00,0.00,16.48
2026-08-23T20:30:08Z,4.177,12012.2,0.815,625.1,0.095,1062.0,0.460,507.3,0.374,112.8,31.41,29.81,0.00,0.00,16.48
2026-08-23T20:30:09Z,4.836,12002.0,0.765,625.7,0.086,1062.1,0.430,507.5,0.356,112.9,26.29,23.70,0.00,0.00,16.48
2026-08-23T20:30:10Z,4.463,12003.1,0.863,626.3,0.099,1062.2,0.473,507.5,0.405,113.4,31.15,29.03,0.00,0.00,16.48
2026-08-23T20:30:11Z,4.254,12008.2,0.809,626.5,0.110,1062.3,0.453,507.7,0.379,113.1,37.10,43.48,0.00,0.00,16.84
2026-08-23T20:30:12Z,4.282,12008.1,0.820,627.1,0.110,1062.3,0.455,507.7,0.375,112.9,35.60,28.56,0.00,0.00,16.84
2026-08-23T20:30:13Z,4.466,12008.0,0.815,629.4,0.108,1062.4,0.455,507.4,0.371,112.9,37.26,25.01,0.00,0.00,16.84
2026-08-23T20:30:14Z,4.427,12004.7,0.842,630.0,0.110,1062.7,0.447,507.4,0.375,112.8,36.14,26.02,0.00,0.00,16.84
2026-08-23T20:30:15Z,4.373,12006.3,0.820,630.5,0.113,1062.6,0.458,507.4,0.385,112.8,34.70,32.30,0.00,0.00,17.02
2026-08-23T20:30:17Z,4.316,11985.7,0.826,630.9,0.112,1062.6,0.459,507.4,0.374,112.6,35.31,36.53,0.00,0.00,17.02
2026-08-23T20:30:18Z,4.212,12019.0,0.817,631.4,0.113,1062.7,0.456,507.4,0.376,112.6,34.91,36.29,0.00,0.00,17.02
2026-08-23T20:30:19Z,5.168,12010.3,0.810,631.3,0.091,1062.7,0.433,507.4,0.363,112.7,24.67,24.98,0.00,0.00,17.02
2026-08-23T20:30:20Z,4.359,12028.4,0.843,631.8,0.108,1062.8,0.469,507.3,0.388,112.6,34.62,21.99,0.00,0.00,17.02
2026-08-23T20:30:21Z,4.290,12049.5,0.834,631.9,0.112,1062.9,0.462,507.3,0.378,112.6,36.45,23.67,0.00,0.00,17.66
2026-08-23T20:30:22Z,4.201,12041.0,0.806,632.0,0.113,1063.0,0.446,507.3,0.373,112.6,35.47,30.66,0.00,0.00,17.66
2026-08-23T20:30:23Z,4.266,12059.4,0.812,632.5,0.111,1063.0,0.448,507.6,0.376,112.6,34.46,24.40,0.00,0.00,17.66
2026-08-23T20:30:24Z,4.238,12077.3,0.818,632.5,0.111,1063.1,0.444,507.3,0.371,112.6,33.56,24.59,0.00,0.00,17.66
2026-08-23T20:30:25Z,4.818,12065.1,0.815,633.2,0.105,1063.2,0.449,507.4,0.374,112.6,31.00,21.75,0.00,0.00,17.66
2026-08-23T20:30:26Z,4.955,12073.8,0.854,633.8,0.095,1063.2,0.463,507.3,0.390,112.6,23.27,19.61,0.00,0.00,17.36
2026-08-23T20:30:27Z,5.207,12084.4,0.792,633.9,0.096,1063.2,0.448,507.4,0.361,112.6,25.49,20.70,0.00,0.00,17.36
2026-08-23T20:30:29Z,5.709,12082.4,0.706,636.1,0.084,1063.3,0.412,507.4,0.325,112.7,11.93,15.50,0.00,0.00,17.36
2026-08-23T20:30:30Z,5.347,12077.3,0.772,637.2,0.090,1063.3,0.463,507.4,0.401,112.7,14.89,17.89,0.00,0.00,17.36
2026-08-23T20:30:31Z,4.532,12114.0,0.856,637.0,0.098,1063.4,0.458,507.6,0.382,112.6,28.86,19.57,0.00,0.00,17.33
2026-08-23T20:30:32Z,4.346,12147.0,0.814,637.4,0.108,1063.4,0.455,507.3,0.371,112.6,32.67,29.70,0.00,0.00,17.33
2026-08-23T20:30:33Z,4.357,12161.5,0.817,638.0,0.109,1063.5,0.446,507.3,0.368,112.6,32.33,23.06,0.00,0.00,17.33
2026-08-23T20:30:34Z,4.359,12148.8,0.817,638.0,0.110,1063.7,0.454,507.6,0.373,112.9,31.92,28.15,0.00,0.00,17.33
2026-08-23T20:30:35Z,4.394,12164.4,0.839,638.0,0.109,1063.8,0.459,507.6,0.377,112.6,26.99,29.52,0.00,0.00,17.33
2026-08-23T20:30:36Z,4.017,12154.5,0.833,638.3,0.110,1063.9,0.457,508.1,0.375,112.5,12.10,23.70,0.00,0.00,17.79
2026-08-23T20:30:37Z,3.392,12174.9,0.803,638.2,0.117,1064.0,0.437,507.4,0.365,112.6,10.38,27.82,0.00,0.00,17.79
2026-08-23T20:30:38Z,4.174,12178.4,0.796,638.3,0.107,1064.1,0.440,507.3,0.364,112.6,11.98,25.08,0.00,0.00,17.79
2026-08-23T20:30:39Z,4.395,12156.9,0.796,638.3,0.106,1064.3,0.444,507.4,0.382,112.5,10.03,23.45,0.00,0.00,17.79
2026-08-23T20:30:40Z,3.473,12175.5,0.808,638.3,0.116,1064.4,0.443,507.6,0.358,112.5,10.44,28.69,0.00,0.00,17.32
2026-08-23T20:30:42Z,3.325,12161.9,0.794,638.4,0.112,1064.5,0.439,507.6,0.360,112.6,10.08,46.43,0.00,0.00,17.32
2026-08-23T20:30:43Z,3.634,12182.1,0.797,638.5,0.116,1064.6,0.448,507.3,0.365,112.6,10.37,29.44,0.00,0.00,17.32
2026-08-23T20:30:44Z,3.698,12169.5,0.795,638.7,0.116,1064.7,0.437,507.6,0.359,112.5,10.15,28.51,0.00,0.00,17.32
2026-08-23T20:30:45Z,3.471,12186.0,0.799,638.8,0.119,1064.9,0.435,507.8,0.370,112.6,9.52,28.35,0.00,0.00,17.32
2026-08-23T20:30:46Z,3.513,12172.8,0.808,640.0,0.117,1065.0,0.447,507.6,0.370,112.5,10.07,26.67,0.00,0.00,17.22
2026-08-23T20:30:47Z,3.352,12190.4,0.801,639.5,0.116,1065.1,0.440,507.3,0.363,112.5,10.72,29.42,0.00,0.00,17.22
2026-08-23T20:30:48Z,3.899,12192.6,0.893,639.5,0.113,1065.3,0.442,507.3,0.364,112.6,10.06,28.02,0.00,0.00,17.22
2026-08-23T20:30:49Z,4.407,12166.2,0.850,639.8,0.101,1065.4,0.431,507.3,0.366,112.6,9.44,23.61,0.00,0.00,17.22
2026-08-23T20:30:50Z,3.417,12185.0,0.877,639.6,0.117,1065.5,0.436,507.6,0.367,112.5,10.51,29.69,0.00,0.00,17.22
2026-08-23T20:30:51Z,3.482,12174.5,0.854,639.6,0.116,1065.6,0.439,507.3,0.365,112.5,10.36,29.10,0.00,0.00,16.40
2026-08-23T20:30:52Z,3.346,12191.6,0.862,639.6,0.118,1065.7,0.441,507.6,0.362,112.6,10.49,37.51,0.00,0.00,16.40
2026-08-23T20:30:53Z,3.413,12181.1,0.866,639.7,0.118,1065.8,0.444,507.8,0.366,112.6,10.25,32.19,0.00,0.00,16.40
2026-08-23T20:30:55Z,3.396,12199.9,0.865,639.6,0.116,1065.9,0.432,507.3,0.366,112.5,10.28,32.79,0.00,0.00,16.40
2026-08-23T20:30:56Z,3.442,12189.5,0.869,639.8,0.116,1066.0,0.447,507.3,0.365,112.5,10.73,33.36,0.00,0.00,16.05
2026-08-23T20:30:57Z,3.596,12185.4,0.881,640.0,0.114,1066.2,0.441,507.3,0.365,112.4,10.03,40.58,0.00,0.00,16.05
2026-08-23T20:30:58Z,3.859,12198.4,0.900,639.9,0.112,1066.3,0.448,507.3,0.372,112.5,9.89,40.06,0.00,0.00,16.05
2026-08-23T20:30:59Z,4.933,12200.8,0.890,640.2,0.098,1066.4,0.449,507.4,0.377,112.6,10.10,22.39,0.00,0.00,16.05
2026-08-23T20:31:00Z,3.493,12191.0,0.870,640.2,0.113,1066.5,0.444,507.3,0.366,112.5,9.91,29.97,0.00,0.00,16.05
2026-08-23T20:31:01Z,3.635,12213.9,0.897,640.3,0.115,1066.6,0.448,507.4,0.373,112.6,9.94,28.68,0.00,0.00,15.64
2026-08-23T20:31:02Z,3.911,12148.0,0.874,640.2,0.108,1066.8,0.430,507.3,0.364,112.5,14.15,33.74,0.00,0.00,15.64
2026-08-23T20:31:03Z,4.590,12179.8,0.890,640.4,0.100,1067.1,0.442,507.4,0.368,112.5,19.96,23.39,0.00,0.00,15.64
2026-08-23T20:31:04Z,4.363,12190.4,0.875,640.6,0.111,1066.9,0.450,507.3,0.363,112.4,29.06,26.45,0.00,0.00,15.64
2026-08-23T20:31:05Z,4.240,12204.2,0.880,640.4,0.111,1067.0,0.451,507.3,0.372,112.5,31.54,28.30,0.00,0.00,15.67
2026-08-23T20:31:06Z,4.290,12219.4,0.923,640.4,0.111,1067.1,0.468,507.3,0.381,112.5,33.51,26.24,0.00,0.00,15.67
2026-08-23T20:31:08Z,4.208,12206.8,0.839,641.2,0.113,1067.2,0.440,507.3,0.372,112.5,35.09,27.79,0.00,0.00,15.67
2026-08-23T20:31:09Z,4.999,12159.7,0.805,640.6,0.098,1067.4,0.425,507.6,0.350,112.7,26.91,32.16,0.00,0.00,15.67
2026-08-23T20:31:10Z,4.562,12208.9,0.882,640.7,0.104,1067.5,0.493,507.6,0.408,112.6,27.34,35.13,0.00,0.00,15.67
2026-08-23T20:31:11Z,4.283,12233.9,0.859,640.8,0.110,1067.6,0.455,507.3,0.379,112.6,34.19,38.94,0.00,0.00,16.02
2026-08-23T20:31:12Z,4.312,12232.9,0.857,641.0,0.112,1067.6,0.464,507.3,0.376,112.8,36.02,40.01,0.00,0.00,16.02
2026-08-23T20:31:13Z,4.377,12226.9,0.853,641.0,0.106,1067.7,0.462,507.5,0.381,112.6,33.09,52.24,0.00,0.00,16.02
2026-08-23T20:31:14Z,4.362,12253.3,0.849,641.0,0.107,1067.8,0.456,507.3,0.373,112.6,32.41,36.16,0.00,0.00,16.02
2026-08-23T20:31:15Z,4.386,12244.5,0.879,641.8,0.108,1067.9,0.462,507.3,0.384,112.5,31.08,36.05,0.00,0.00,16.02
2026-08-23T20:31:16Z,4.392,12231.4,0.844,642.2,0.107,1067.9,0.464,507.3,0.385,112.6,27.25,36.28,0.00,0.00,15.46
2026-08-23T20:31:17Z,4.442,12252.8,0.803,642.5,0.108,1068.0,0.453,507.8,0.372,112.5,26.90,40.09,0.00,0.00,15.46
2026-08-23T20:31:18Z,4.954,12241.0,0.801,642.9,0.101,1068.1,0.447,507.3,0.367,112.6,43.60,33.79,0.00,0.00,15.46
2026-08-23T20:31:20Z,4.891,12241.8,0.831,642.6,0.094,1068.2,0.472,507.2,0.390,112.5,21.18,30.60,0.00,0.00,15.46
2026-08-23T20:31:21Z,4.382,12254.7,0.792,642.8,0.107,1068.3,0.451,507.3,0.371,112.5,25.34,34.03,0.00,0.00,15.82
2026-08-23T20:31:22Z,4.399,12261.0,0.780,643.0,0.113,1068.6,0.452,507.3,0.377,112.5,26.54,27.59,0.00,0.00,15.82
2026-08-23T20:31:23Z,4.374,12275.0,0.814,643.4,0.111,1068.4,0.440,507.3,0.370,112.5,28.15,34.83,0.00,0.00,15.82
2026-08-23T20:31:24Z,4.360,12254.1,0.781,643.5,0.108,1068.5,0.456,507.3,0.368,112.5,25.73,31.02,0.00,0.00,15.82
2026-08-23T20:31:25Z,4.774,12265.6,0.802,643.8,0.107,1068.6,0.448,507.5,0.372,112.5,27.65,26.01,0.00,0.00,15.82
2026-08-23T20:31:26Z,5.118,12266.9,0.786,644.3,0.096,1068.7,0.457,507.6,0.390,112.7,20.87,19.56,0.00,0.00,16.47
2026-08-23T20:31:27Z,5.579,12254.0,0.738,645.0,0.085,1068.8,0.414,507.3,0.351,112.5,11.20,13.83,0.00,0.00,16.47
2026-08-23T20:31:28Z,5.520,12265.9,0.718,645.7,0.088,1068.9,0.440,507.5,0.357,112.7,20.36,24.00,0.00,0.00,16.47
2026-08-23T20:31:29Z,5.297,12235.3,0.751,646.3,0.086,1068.9,0.440,507.5,0.368,112.6,19.97,24.41,0.00,0.00,16.47
2026-08-23T20:31:30Z,4.661,12275.1,0.829,646.8,0.099,1068.9,0.476,507.5,0.402,112.6,24.98,25.05,0.00,0.00,17.16
2026-08-23T20:31:31Z,4.672,12288.2,0.805,646.9,0.105,1069.0,0.458,508.0,0.379,112.6,29.63,28.25,0.00,0.00,17.16
2026-08-23T20:31:33Z,4.295,12275.0,0.789,647.2,0.113,1069.1,0.451,507.5,0.373,112.6,31.56,34.14,0.00,0.00,17.16
2026-08-23T20:31:34Z,4.308,12248.0,0.805,647.5,0.105,1069.1,0.450,507.5,0.373,112.6,18.34,38.22,0.00,0.00,17.16
2026-08-23T20:31:35Z,3.630,12267.0,0.816,647.9,0.109,1069.3,0.448,507.5,0.369,112.6,9.58,29.35,0.00,0.00,17.16
2026-08-23T20:31:36Z,3.781,12272.3,0.786,648.7,0.110,1069.4,0.441,507.5,0.368,112.6,9.84,29.86,0.00,0.00,17.79
2026-08-23T20:31:37Z,4.714,12257.6,0.773,648.9,0.104,1069.5,0.435,507.5,0.369,112.6,18.46,27.39,0.00,0.00,17.79
2026-08-23T20:31:38Z,4.496,12273.3,0.786,649.2,0.108,1069.6,0.438,508.2,0.370,112.6,27.11,30.78,0.00,0.00,17.79
2026-08-23T20:31:39Z,5.275,12251.9,0.737,650.2,0.094,1069.8,0.456,507.3,0.380,112.6,23.41,23.78,0.00,0.00,17.79
2026-08-23T20:31:40Z,4.445,12258.6,0.799,650.2,0.110,1069.9,0.458,507.6,0.376,112.5,29.87,30.79,0.00,0.00,17.79
2026-08-23T20:31:41Z,4.218,12277.2,0.815,650.4,0.107,1070.0,0.450,507.4,0.377,112.6,33.87,29.18,0.00,0.00,17.72
2026-08-23T20:31:42Z,4.399,12265.6,0.801,650.7,0.109,1070.1,0.459,508.1,0.372,112.5,32.99,33.36,0.00,0.00,17.72
2026-08-23T20:31:43Z,4.876,12274.6,0.801,651.3,0.093,1070.4,0.446,507.4,0.367,112.6,25.85,39.53,0.00,0.00,17.72
2026-08-23T20:31:45Z,4.642,12287.1,0.782,651.5,0.099,1070.3,0.446,507.3,0.363,112.8,29.57,26.20,0.00,0.00,17.72
2026-08-23T20:31:46Z,4.318,12272.9,0.783,651.8,0.113,1070.4,0.452,507.4,0.375,112.5,34.85,28.24,0.00,0.00,17.75
2026-08-23T20:31:47Z,4.225,12290.3,0.812,651.9,0.110,1070.5,0.459,507.3,0.381,112.5,34.94,29.07,0.00,0.00,17.75
2026-08-23T20:31:48Z,4.236,12284.1,0.784,652.6,0.114,1070.6,0.457,507.6,0.366,112.5,36.37,26.26,0.00,0.00,17.75
2026-08-23T20:31:49Z,5.121,12281.8,0.779,654.6,0.092,1070.8,0.441,507.6,0.371,112.6,25.64,17.61,0.00,0.00,17.75
2026-08-23T20:31:50Z,4.215,12300.0,0.786,654.9,0.114,1070.9,0.455,507.3,0.371,112.5,33.77,28.76,0.00,0.00,17.75
2026-08-23T20:31:51Z,4.355,12289.5,0.784,655.0,0.110,1071.0,0.443,507.9,0.378,113.1,33.75,29.83,0.00,0.00,18.49
2026-08-23T20:31:52Z,4.432,12276.3,0.793,655.2,0.111,1071.1,0.449,507.4,0.378,112.6,28.49,34.70,0.00,0.00,18.49
2026-08-23T20:31:53Z,4.523,12283.7,0.795,655.3,0.106,1071.1,0.440,507.3,0.370,112.6,29.05,38.09,0.00,0.00,18.49
2026-08-23T20:31:54Z,4.686,12303.5,0.795,655.7,0.109,1071.2,0.465,507.3,0.383,112.6,52.93,31.20,0.00,0.00,18.49
2026-08-23T20:31:55Z,4.908,12329.5,0.808,655.8,0.102,1071.2,0.439,507.3,0.374,112.6,168.52,24.53,0.00,0.00,18.49
2026-08-23T20:31:56Z,4.761,12326.4,0.782,656.0,0.092,1071.2,0.431,507.4,0.359,112.6,192.12,91.97,0.00,0.00,18.85
2026-08-23T20:31:58Z,4.752,12342.8,0.793,656.6,0.090,1071.3,0.442,507.7,0.373,112.7,210.09,104.51,0.00,0.00,18.85
2026-08-23T20:31:59Z,4.809,12338.6,0.661,657.8,0.080,1071.4,0.362,507.8,0.320,113.2,183.82,287.95,0.00,0.00,18.85
2026-08-23T20:32:00Z,5.003,12346.8,0.790,660.2,0.088,1071.4,0.500,507.5,0.428,112.8,162.12,24.25,0.00,0.00,18.85
2026-08-23T20:32:01Z,4.899,12372.9,0.827,660.3,0.097,1071.5,0.450,507.5,0.384,112.9,207.00,28.32,0.00,0.00,19.66
2026-08-23T20:32:02Z,4.787,12358.4,0.795,661.0,0.091,1071.5,0.438,507.4,0.361,112.8,240.56,82.02,0.00,0.00,19.66
2026-08-23T20:32:03Z,4.533,12353.7,0.764,661.2,0.092,1071.5,0.442,507.5,0.370,112.8,210.34,120.98,0.00,0.00,19.66
2026-08-23T20:32:04Z,4.120,12345.6,0.759,661.7,0.084,1071.5,0.453,507.7,0.380,112.8,185.21,249.92,0.00,0.00,19.66
2026-08-23T20:32:05Z,4.821,12368.5,0.803,662.3,0.099,1071.6,0.451,507.5,0.379,112.9,258.22,23.09,0.00,0.00,19.66
2026-08-23T20:32:06Z,4.626,12362.8,0.810,662.4,0.094,1071.6,0.465,500.3,0.390,112.9,257.88,95.56,0.00,0.00,20.73
2026-08-23T20:32:07Z,4.402,12353.3,0.782,662.8,0.093,1071.6,0.459,500.5,0.386,112.9,199.02,93.76,0.00,0.00,20.73
2026-08-23T20:32:09Z,4.977,12361.6,0.781,663.4,0.082,1071.6,0.440,500.8,0.367,112.9,189.10,101.30,0.00,0.00,20.73
2026-08-23T20:32:10Z,4.485,12337.0,0.721,664.1,0.078,1071.8,0.453,500.4,0.363,112.9,174.32,247.87,0.00,0.00,20.73
2026-08-23T20:32:11Z,4.866,12349.7,0.850,664.2,0.098,1071.8,0.485,500.5,0.397,112.8,221.56,20.49,0.00,0.00,21.87
2026-08-23T20:32:12Z,5.039,12347.3,0.796,664.3,0.099,1071.8,0.444,500.5,0.369,112.8,162.59,21.04,0.00,0.00,21.87
2026-08-23T20:32:13Z,4.538,12326.4,0.801,664.4,0.089,1071.8,0.451,500.4,0.368,112.9,190.39,100.26,0.00,0.00,21.87
2026-08-23T20:32:14Z,4.680,12346.2,0.791,664.3,0.097,1071.9,0.446,500.5,0.376,113.1,180.02,65.70,0.00,0.00,21.87
2026-08-23T20:32:15Z,4.029,12332.7,0.751,664.7,0.080,1071.9,0.464,500.3,0.385,113.0,181.94,250.30,0.00,0.00,21.87
2026-08-23T20:32:16Z,4.837,12331.2,0.832,664.7,0.103,1071.9,0.457,500.5,0.375,113.0,204.57,22.85,0.00,0.00,22.04
2026-08-23T20:32:17Z,4.692,12326.6,0.801,665.0,0.100,1071.9,0.452,500.4,0.369,113.2,253.73,62.14,0.00,0.00,22.04
2026-08-23T20:32:18Z,4.839,12347.5,0.801,665.0,0.087,1072.0,0.445,500.4,0.380,113.1,182.59,97.26,0.00,0.00,22.04
2026-08-23T20:32:19Z,4.954,12332.9,0.773,665.6,0.088,1072.1,0.456,500.6,0.382,113.0,183.66,98.59,0.00,0.00,22.04
2026-08-23T20:32:21Z,4.211,12339.0,0.742,665.6,0.084,1072.1,0.449,499.2,0.368,113.0,183.69,242.45,0.00,0.00,23.32
2026-08-23T20:32:22Z,4.627,12354.6,0.859,665.6,0.107,1072.1,0.438,499.1,0.368,113.0,297.14,21.66,0.00,0.00,23.32
2026-08-23T20:32:23Z,4.307,12349.2,0.854,665.7,0.098,1072.1,0.449,499.7,0.376,112.9,212.71,110.36,0.00,0.00,23.32
2026-08-23T20:32:24Z,4.091,12354.9,0.831,665.7,0.094,1072.2,0.415,499.1,0.352,112.9,11.04,190.95,0.00,0.00,23.32
2026-08-23T20:32:25Z,4.161,12332.3,0.818,666.0,0.092,1072.2,0.433,499.7,0.369,113.5,10.87,200.60,0.00,0.00,23.32
2026-08-23T20:32:26Z,4.769,12347.7,0.837,666.4,0.075,1072.2,0.452,499.3,0.389,113.1,11.36,220.31,0.00,0.00,23.22
2026-08-23T20:32:27Z,5.219,12344.7,0.826,666.4,0.089,1072.2,0.422,499.5,0.352,113.0,16.01,75.20,0.00,0.00,23.22
2026-08-23T20:32:28Z,5.071,12327.9,0.817,666.6,0.081,1072.3,0.446,499.6,0.365,113.0,42.59,181.05,0.00,0.00,23.22
2026-08-23T20:32:29Z,5.542,12357.3,0.810,667.9,0.084,1072.3,0.455,499.6,0.350,113.1,172.63,20.32,0.00,0.00,23.22
2026-08-23T20:32:30Z,5.038,12351.7,0.865,668.0,0.090,1072.3,0.457,499.5,0.369,112.9,136.23,20.77,0.00,0.00,23.22
2026-08-23T20:32:31Z,4.326,12338.0,0.868,668.3,0.108,1072.3,0.441,499.5,0.367,112.9,179.75,27.27,0.00,0.00,23.12
2026-08-23T20:32:32Z,4.256,12342.7,0.858,668.4,0.109,1072.6,0.442,499.5,0.363,112.9,196.29,28.91,0.00,0.00,23.12
2026-08-23T20:32:34Z,3.995,12330.6,0.835,668.2,0.096,1072.4,0.451,499.3,0.370,112.9,176.85,150.16,0.00,0.00,23.12
2026-08-23T20:32:35Z,4.327,12342.3,0.868,668.3,0.107,1072.4,0.453,499.3,0.372,112.9,197.13,34.83,0.00,0.00,23.12
2026-08-23T20:32:36Z,4.291,12323.6,0.875,668.4,0.111,1072.5,0.456,499.3,0.372,112.8,201.98,30.62,0.00,0.00,22.23
2026-08-23T20:32:37Z,4.236,12356.0,0.858,668.6,0.109,1072.5,0.438,499.3,0.367,112.9,194.22,27.99,0.00,0.00,22.23
2026-08-23T20:32:38Z,4.539,12340.0,0.857,668.6,0.108,1072.5,0.437,499.6,0.371,112.9,195.96,24.58,0.00,0.00,22.23
2026-08-23T20:32:39Z,5.236,12335.2,0.855,668.6,0.088,1072.6,0.437,499.3,0.373,113.2,166.02,16.10,0.00,0.00,22.23
2026-08-23T20:32:40Z,4.417,12322.9,0.878,668.5,0.104,1072.6,0.437,499.3,0.372,112.7,211.38,27.12,0.00,0.00,22.23
2026-08-23T20:32:41Z,4.310,12319.9,0.863,668.7,0.110,1072.7,0.451,499.3,0.371,112.7,159.48,25.90,0.00,0.00,22.29
2026-08-23T20:32:42Z,4.371,12324.5,0.855,668.6,0.108,1072.7,0.451,499.3,0.367,112.7,106.98,26.90,0.00,0.00,22.29
2026-08-23T20:32:43Z,4.354,12332.8,0.841,668.5,0.106,1072.8,0.438,499.0,0.359,112.7,74.64,24.77,0.00,0.00,22.29
2026-08-23T20:32:44Z,4.396,12333.2,0.870,668.4,0.106,1072.8,0.448,498.8,0.373,112.6,135.69,27.80,0.00,0.00,22.29
2026-08-23T20:32:46Z,4.385,12327.0,0.865,668.3,0.105,1072.9,0.457,499.2,0.371,112.6,102.66,26.53,0.00,0.00,21.87
2026-08-23T20:32:47Z,3.986,11722.1,0.852,668.4,0.110,1072.9,0.444,498.7,0.362,112.6,60.68,28.93,0.00,0.00,21.87
2026-08-23T20:32:48Z,3.485,11754.8,0.851,668.4,0.116,1073.0,0.440,498.7,0.367,112.6,11.51,33.51,0.00,0.00,21.87
2026-08-23T20:32:49Z,4.735,11836.4,0.851,668.4,0.100,1073.1,0.469,499.0,0.381,112.6,50.73,27.02,0.00,0.00,21.87
2026-08-23T20:32:50Z,3.998,11990.8,1.057,668.7,0.108,1073.1,0.474,499.2,0.390,112.9,122.67,36.66,0.00,0.00,21.87
2026-08-23T20:32:51Z,4.303,12104.9,0.906,668.6,0.107,1073.2,0.459,499.1,0.381,112.8,76.66,31.92,0.00,0.00,22.84
2026-08-23T20:32:52Z,3.825,12116.3,0.888,668.6,0.111,1073.2,0.444,499.1,0.377,112.8,11.79,28.28,0.00,0.00,22.84
2026-08-23T20:32:53Z,3.388,12141.9,0.880,668.5,0.114,1073.3,0.441,499.3,0.367,112.8,11.40,29.83,0.00,0.00,22.84
2026-08-23T20:32:54Z,3.467,12169.7,0.870,668.6,0.116,1073.3,0.448,499.6,0.375,113.0,11.78,29.85,0.00,0.00,22.84
2026-08-23T20:32:55Z,3.486,12196.6,0.882,668.6,0.117,1073.4,0.437,499.0,0.369,112.7,11.31,33.76,0.00,0.00,22.84
2026-08-23T20:32:56Z,3.893,12215.5,0.857,668.6,0.112,1073.5,0.441,499.1,0.374,112.8,11.27,26.04,0.00,0.00,23.01
2026-08-23T20:32:57Z,4.148,12240.7,0.892,668.9,0.107,1073.5,0.445,499.1,0.369,112.8,11.01,29.00,0.00,0.00,23.01
2026-08-23T20:32:59Z,4.984,12284.0,0.852,668.6,0.096,1073.6,0.424,499.3,0.361,112.8,11.01,26.25,0.00,0.00,23.01
2026-08-23T20:33:00Z,4.349,12290.7,0.905,668.6,0.106,1073.7,0.469,498.8,0.398,112.7,11.50,24.51,0.00,0.00,23.01
2026-08-23T20:33:01Z,3.873,12312.6,0.835,668.6,0.114,1073.7,0.443,498.7,0.366,112.6,11.66,24.74,0.00,0.00,22.77
2026-08-23T20:33:02Z,4.042,12300.3,0.903,668.6,0.114,1073.8,0.468,499.0,0.388,112.7,11.87,23.58,0.00,0.00,22.77
2026-08-23T20:33:03Z,3.460,12321.9,0.858,668.7,0.115,1073.8,0.439,498.7,0.360,112.6,11.66,25.80,0.00,0.00,22.77
2026-08-23T20:33:04Z,3.428,12310.9,0.839,668.7,0.118,1073.9,0.456,499.0,0.372,112.7,12.41,23.71,0.00,0.00,22.77
2026-08-23T20:33:05Z,3.603,12302.1,0.869,668.6,0.114,1073.9,0.457,499.0,0.378,112.6,11.49,43.01,0.00,0.00,22.77
2026-08-23T20:33:06Z,3.521,12326.4,0.854,668.6,0.120,1074.0,0.444,498.7,0.374,112.8,12.73,25.91,0.00,0.00,22.23
2026-08-23T20:33:07Z,3.480,12318.0,0.848,668.6,0.117,1074.1,0.452,498.7,0.372,112.6,12.24,25.29,0.00,0.00,22.23
2026-08-23T20:33:08Z,4.163,12298.4,0.846,668.6,0.111,1074.1,0.446,498.8,0.376,112.6,11.22,27.26,0.00,0.00,22.23
2026-08-23T20:33:09Z,4.436,12310.0,0.809,668.8,0.106,1074.3,0.444,498.7,0.373,112.6,11.54,24.20,0.00,0.00,22.23
2026-08-23T20:33:11Z,3.504,12305.1,0.822,668.8,0.118,1074.4,0.435,499.2,0.361,112.5,11.36,27.36,0.00,0.00,21.89
2026-08-23T20:33:12Z,3.405,12299.3,0.825,668.9,0.116,1074.4,0.434,498.9,0.367,112.5,11.47,27.76,0.00,0.00,21.89
2026-08-23T20:33:13Z,3.856,12297.5,0.821,668.9,0.114,1074.5,0.447,498.8,0.369,112.6,11.41,29.40,0.00,0.00,21.89
2026-08-23T20:33:14Z,4.354,12295.0,0.829,668.9,0.107,1074.5,0.453,498.7,0.364,112.5,11.27,26.16,0.00,0.00,21.89
2026-08-23T20:33:15Z,3.716,12321.1,0.837,668.8,0.114,1074.6,0.448,498.7,0.372,112.5,11.31,29.18,0.00,0.00,21.89
2026-08-23T20:33:16Z,3.537,12314.7,0.843,668.8,0.119,1074.6,0.441,498.7,0.361,112.5,11.11,35.79,0.00,0.00,21.34
2026-08-23T20:33:17Z,3.556,12311.5,0.869,668.8,0.118,1074.7,0.449,498.7,0.377,112.5,12.93,28.79,0.00,0.00,21.34
2026-08-23T20:33:18Z,3.907,12294.2,0.821,668.9,0.113,1074.8,0.437,498.8,0.362,112.6,12.25,28.79,0.00,0.00,21.34
2026-08-23T20:33:19Z,4.514,12283.1,0.840,668.9,0.101,1074.8,0.449,498.7,0.371,112.5,20.28,23.52,0.00,0.00,21.34
2026-08-23T20:33:20Z,3.497,12314.2,0.849,668.9,0.119,1074.8,0.445,498.7,0.366,112.6,11.57,35.59,0.00,0.00,21.34
2026-08-23T20:33:21Z,4.314,12297.5,0.832,668.8,0.109,1074.9,0.442,498.7,0.375,112.5,19.89,37.94,0.00,0.00,21.23
2026-08-23T20:33:22Z,4.380,12282.9,0.849,668.9,0.104,1074.9,0.445,498.7,0.372,112.8,29.08,37.26,0.00,0.00,21.23
2026-08-23T20:33:24Z,4.305,12301.9,0.851,668.9,0.109,1075.0,0.451,498.6,0.374,112.5,33.89,39.69,0.00,0.00,21.23
2026-08-23T20:33:25Z,4.229,12291.4,0.855,668.8,0.112,1075.0,0.450,498.7,0.372,112.6,33.60,38.74,0.00,0.00,21.23
2026-08-23T20:33:26Z,4.237,12307.4,0.855,668.9,0.113,1075.3,0.466,498.6,0.383,112.8,32.52,45.81,0.00,0.00,21.69
2026-08-23T20:33:27Z,4.599,12291.6,0.847,668.9,0.107,1075.1,0.456,498.6,0.369,112.5,32.28,33.55,0.00,0.00,21.69
2026-08-23T20:33:28Z,4.772,12287.8,0.849,668.9,0.097,1075.2,0.452,498.9,0.363,112.6,33.14,31.56,0.00,0.00,21.69
2026-08-23T20:33:29Z,5.315,12279.7,0.804,669.0,0.090,1075.3,0.415,498.7,0.359,112.6,31.39,30.92,0.00,0.00,21.69
2026-08-23T20:33:30Z,4.900,12279.6,0.876,669.0,0.098,1075.3,0.462,498.7,0.395,112.6,29.85,32.37,0.00,0.00,21.69
2026-08-23T20:33:31Z,4.731,12283.1,0.846,669.0,0.103,1075.3,0.446,498.6,0.373,112.8,34.65,36.84,0.00,0.00,22.04
2026-08-23T20:33:32Z,4.707,12284.6,0.838,669.0,0.103,1075.3,0.451,498.6,0.364,112.6,35.04,33.97,0.00,0.00,22.04
2026-08-23T20:33:33Z,4.788,12290.0,0.840,669.5,0.104,1075.4,0.449,498.6,0.365,112.6,35.13,34.92,0.00,0.00,22.04
2026-08-23T20:33:34Z,4.542,12232.5,0.859,668.9,0.103,1075.4,0.445,498.9,0.371,112.6,35.31,34.40,0.00,0.00,22.04
2026-08-23T20:33:36Z,5.395,12283.2,0.828,669.2,0.092,1075.4,0.436,498.6,0.359,112.5,27.37,41.68,0.00,0.00,22.83
2026-08-23T20:33:37Z,5.388,12266.5,0.809,669.3,0.092,1075.5,0.435,498.6,0.370,112.6,26.86,27.52,0.00,0.00,22.83
2026-08-23T20:33:38Z,5.278,12278.9,0.866,669.3,0.097,1075.5,0.450,499.1,0.374,112.5,25.74,31.07,0.00,0.00,22.83
2026-08-23T20:33:39Z,5.639,12252.6,0.743,669.4,0.085,1075.6,0.421,499.0,0.332,112.7,24.29,20.98,0.00,0.00,22.83
2026-08-23T20:33:40Z,5.220,12265.0,0.832,669.5,0.090,1075.8,0.453,498.7,0.370,112.7,28.81,23.71,0.00,0.00,22.83
2026-08-23T20:33:41Z,4.790,12274.9,0.866,669.5,0.096,1075.6,0.463,498.7,0.402,112.7,28.27,28.96,0.00,0.00,23.33
2026-08-23T20:33:42Z,4.746,12261.4,0.862,669.5,0.101,1075.7,0.453,499.2,0.373,112.7,29.99,31.53,0.00,0.00,23.33
2026-08-23T20:33:43Z,4.678,12274.0,0.842,669.6,0.100,1076.2,0.446,498.7,0.367,112.7,30.17,29.16,0.00,0.00,23.33
2026-08-23T20:33:44Z,4.775,12258.8,0.866,669.8,0.102,1075.7,0.451,498.9,0.378,112.6,30.41,31.64,0.00,0.00,23.33
2026-08-23T20:33:45Z,4.685,12274.7,0.856,669.5,0.107,1075.8,0.445,498.9,0.373,112.6,33.19,31.68,0.00,0.00,23.33
2026-08-23T20:33:46Z,4.703,12262.8,0.826,669.6,0.099,1076.0,0.443,498.7,0.370,112.8,32.22,34.64,0.00,0.00,23.54
2026-08-23T20:33:48Z,4.708,12253.8,0.836,669.5,0.105,1075.8,0.450,498.9,0.371,112.6,34.35,23.71,0.00,0.00,23.54
2026-08-23T20:33:49Z,5.267,12233.1,0.791,669.6,0.093,1075.9,0.411,498.9,0.346,112.7,24.72,18.27,0.00,0.00,23.54
2026-08-23T20:33:50Z,4.848,12244.4,0.919,669.6,0.093,1075.9,0.493,498.8,0.414,112.6,28.91,17.80,0.00,0.00,23.54
2026-08-23T20:33:51Z,4.655,12265.2,0.846,669.6,0.105,1075.9,0.446,498.9,0.372,112.6,39.33,27.59,0.00,0.00,23.34
2026-08-23T20:33:52Z,4.685,12260.3,0.854,669.6,0.100,1075.9,0.456,498.8,0.370,112.6,33.90,37.69,0.00,0.00,23.34
2026-08-23T20:33:53Z,4.644,12257.8,0.853,669.6,0.104,1076.0,0.460,499.4,0.379,112.6,38.20,36.87,0.00,0.00,23.34
2026-08-23T20:33:54Z,4.609,12256.9,0.842,669.7,0.104,1076.3,0.456,498.6,0.374,112.6,38.81,35.44,0.00,0.00,23.34
2026-08-23T20:33:55Z,4.672,12253.9,0.852,669.6,0.101,1076.1,0.437,498.6,0.377,112.6,38.68,35.00,0.00,0.00,23.34
2026-08-23T20:33:56Z,4.597,12248.2,0.922,669.6,0.102,1076.1,0.460,499.1,0.376,112.7,36.27,39.29,0.00,0.00,23.47
2026-08-23T20:33:57Z,4.659,12242.7,0.890,669.6,0.099,1076.1,0.443,498.6,0.367,112.6,38.77,24.11,0.00,0.00,23.47
2026-08-23T20:33:58Z,5.132,12208.5,0.855,669.6,0.094,1076.2,0.414,498.6,0.355,112.6,34.34,20.42,0.00,0.00,23.47
2026-08-23T20:34:00Z,5.081,12257.3,0.889,669.6,0.092,1076.3,0.473,498.9,0.396,112.6,108.02,21.91,0.00,0.00,23.47
2026-08-23T20:34:01Z,5.014,12236.4,0.924,669.6,0.090,1076.3,0.474,498.9,0.378,112.6,91.86,17.40,0.00,0.00,24.88
2026-08-23T20:34:02Z,5.516,12234.0,0.863,669.8,0.081,1076.3,0.400,498.6,0.351,112.7,14.46,12.36,0.00,0.00,24.88
2026-08-23T20:34:03Z,4.922,12253.8,0.907,669.8,0.093,1076.3,0.467,498.6,0.383,112.6,27.24,17.34,0.00,0.00,24.88
2026-08-23T20:34:04Z,4.547,12215.4,0.877,669.7,0.103,1076.4,0.429,498.8,0.369,112.6,16.74,20.44,0.00,0.00,24.88
2026-08-23T20:34:05Z,3.531,12234.6,0.884,669.7,0.116,1076.4,0.455,498.6,0.366,112.6,12.97,26.25,0.00,0.00,24.88
2026-08-23T20:34:06Z,3.514,12252.4,0.899,670.0,0.116,1076.5,0.451,498.6,0.368,112.6,11.92,34.66,0.00,0.00,24.25
2026-08-23T20:34:07Z,3.478,12270.1,0.883,669.7,0.116,1076.5,0.445,498.8,0.366,112.6,12.24,34.00,0.00,0.00,24.25
2026-08-23T20:34:08Z,4.008,12252.3,0.904,669.8,0.115,1076.6,0.455,498.7,0.379,112.7,19.49,26.45,0.00,0.00,24.25
2026-08-23T20:34:09Z,4.791,12258.6,0.868,669.7,0.098,1076.7,0.454,499.1,0.378,112.5,11.78,23.39,0.00,0.00,24.25
2026-08-23T20:34:10Z,3.600,12250.0,0.906,669.7,0.112,1076.8,0.462,498.6,0.379,112.6,13.41,30.99,0.00,0.00,24.22
2026-08-23T20:34:12Z,3.488,12241.1,0.870,669.7,0.116,1076.9,0.445,498.8,0.362,112.5,11.84,35.21,0.00,0.00,24.22
2026-08-23T20:34:13Z,3.559,12261.6,0.875,669.7,0.115,1076.9,0.445,498.6,0.365,112.6,12.31,34.97,0.00,0.00,24.22
2026-08-23T20:34:14Z,3.729,12255.4,0.890,669.7,0.115,1077.0,0.450,498.8,0.371,112.6,12.41,33.51,0.00,0.00,24.22
2026-08-23T20:34:15Z,3.549,12244.5,0.873,669.7,0.113,1077.0,0.450,498.8,0.369,112.5,12.31,30.39,0.00,0.00,24.22
2026-08-23T20:34:16Z,3.601,12235.8,0.906,669.7,0.115,1077.0,0.459,498.6,0.388,112.8,13.42,32.49,0.00,0.00,23.57
2026-08-23T20:34:17Z,3.447,12227.4,0.881,669.7,0.113,1077.3,0.441,498.5,0.366,112.5,12.28,40.71,0.00,0.00,23.57
2026-08-23T20:34:18Z,3.843,12239.3,0.886,669.6,0.113,1077.2,0.436,498.6,0.363,112.6,17.53,34.29,0.00,0.00,23.57
2026-08-23T20:34:19Z,4.613,12247.5,0.886,669.7,0.099,1077.2,0.453,498.5,0.381,112.6,12.41,28.48,0.00,0.00,23.57
2026-08-23T20:34:20Z,3.497,12240.0,0.896,669.8,0.118,1077.3,0.452,499.1,0.373,112.6,12.50,36.21,0.00,0.00,23.57
2026-08-23T20:34:21Z,3.404,12260.3,0.873,669.8,0.116,1077.3,0.443,498.6,0.366,112.6,12.69,32.58,0.00,0.00,22.88
2026-08-23T20:34:22Z,3.416,12250.7,0.883,669.7,0.114,1077.4,0.437,498.5,0.360,112.6,11.50,30.38,0.00,0.00,22.88
2026-08-23T20:34:23Z,3.415,12241.5,0.873,669.7,0.118,1077.4,0.435,498.6,0.366,112.6,12.09,30.73,0.00,0.00,22.88
2026-08-23T20:34:25Z,3.455,12260.7,0.867,669.7,0.117,1077.5,0.444,498.8,0.368,112.5,12.34,32.64,0.00,0.00,22.88
2026-08-23T20:34:26Z,3.419,12252.5,0.869,669.9,0.116,1077.5,0.444,499.1,0.370,112.5,12.35,33.61,0.00,0.00,22.01
2026-08-23T20:34:27Z,4.085,12242.8,0.875,669.7,0.110,1077.6,0.452,498.9,0.369,112.5,11.76,31.49,0.00,0.00,22.01
2026-08-23T20:34:28Z,4.047,12236.2,0.883,669.7,0.108,1077.6,0.451,498.8,0.362,112.5,11.39,37.48,0.00,0.00,22.01
2026-08-23T20:34:29Z,5.144,12244.9,0.837,670.0,0.094,1077.7,0.428,498.9,0.369,112.7,10.65,24.80,0.00,0.00,22.01
2026-08-23T20:34:30Z,4.610,12248.6,0.860,669.7,0.100,1077.7,0.446,498.5,0.369,112.8,10.94,27.23,0.00,0.00,22.01
2026-08-23T20:34:31Z,4.490,12242.7,0.862,669.8,0.109,1077.8,0.442,498.8,0.364,112.6,12.52,28.84,0.00,0.00,20.97
2026-08-23T20:34:32Z,4.107,12235.7,0.866,669.7,0.105,1077.8,0.446,498.8,0.372,112.7,11.25,30.03,0.00,0.00,20.97
2026-08-23T20:34:33Z,3.465,12231.3,0.869,669.8,0.119,1077.9,0.448,498.8,0.373,112.8,11.63,34.98,0.00,0.00,20.97
2026-08-23T20:34:34Z,3.502,12252.5,0.869,669.7,0.119,1078.2,0.448,498.8,0.365,112.5,11.80,35.23,0.00,0.00,20.97
2026-08-23T20:34:35Z,3.436,12251.2,0.870,669.9,0.246,1060.9,0.446,499.1,0.368,112.7,16.69,35.29,0.00,0.00,20.97
2026-08-23T20:34:36Z,3.426,12252.3,0.866,669.7,0.120,1060.9,0.446,498.6,0.366,112.8,17.09,38.46,0.00,0.00,21.05
2026-08-23T20:34:38Z,3.453,12254.4,0.887,669.7,0.123,1060.9,0.452,498.5,0.368,112.5,16.79,42.22,0.00,0.00,21.05
2026-08-23T20:34:39Z,4.725,12234.7,0.872,669.7,0.111,1060.9,0.443,498.9,0.371,112.6,13.97,28.85,0.00,0.00,21.05
2026-08-23T20:34:40Z,3.763,12230.3,0.904,669.7,0.122,1060.9,0.459,498.8,0.377,112.5,15.48,33.27,0.00,0.00,21.05
2026-08-23T20:34:41Z,3.581,12231.0,0.871,669.7,0.125,1060.9,0.457,498.8,0.373,112.5,17.01,33.56,0.00,0.00,20.48
2026-08-23T20:34:42Z,3.450,12232.8,0.849,669.7,0.125,1060.9,0.440,498.5,0.357,112.5,16.92,34.31,0.00,0.00,20.48
2026-08-23T20:34:43Z,3.672,12261.0,0.860,670.0,0.127,1060.9,0.444,498.5,0.371,112.5,16.13,30.63,0.00,0.00,20.48
2026-08-23T20:34:44Z,3.647,12259.3,0.847,669.7,0.127,1060.9,0.448,498.6,0.366,112.5,15.99,32.87,0.00,0.00,20.48
2026-08-23T20:34:45Z,3.460,12255.9,0.843,669.9,0.126,1060.9,0.439,498.5,0.362,112.5,17.36,33.40,0.00,0.00,20.48
2026-08-23T20:34:46Z,3.424,12257.2,0.842,669.7,0.128,1060.9,0.446,498.5,0.366,112.5,16.50,35.68,0.00,0.00,19.64
2026-08-23T20:34:47Z,3.460,12253.6,0.849,669.7,0.125,1060.9,0.445,498.5,0.370,112.5,15.27,41.08,0.00,0.00,19.64
2026-08-23T20:34:48Z,4.302,12237.2,0.819,669.7,0.120,1060.9,0.433,498.9,0.369,112.6,13.40,29.94,0.00,0.00,19.64
2026-08-23T20:34:49Z,4.127,12247.1,0.857,669.7,0.118,1060.9,0.465,498.6,0.384,112.8,13.89,31.35,0.00,0.00,19.64
2026-08-23T20:34:51Z,3.439,12249.7,0.833,669.7,0.127,1060.9,0.438,498.5,0.363,112.5,14.72,40.42,0.00,0.00,19.03
2026-08-23T20:34:52Z,3.454,12252.4,0.843,669.7,0.128,1060.9,0.444,498.8,0.367,112.5,16.00,43.79,0.00,0.00,19.03
2026-08-23T20:34:53Z,3.439,12252.4,0.832,669.7,0.126,1060.9,0.437,498.8,0.363,112.5,14.76,41.86,0.00,0.00,19.03
2026-08-23T20:34:54Z,3.342,12242.5,0.817,669.7,0.130,1060.9,0.439,498.5,0.364,112.8,14.53,26.03,0.00,0.00,19.03
2026-08-23T20:34:55Z,3.410,12234.6,0.840,669.7,0.129,1060.9,0.439,498.6,0.361,112.8,14.60,23.79,0.00,0.00,19.03
2026-08-23T20:34:56Z,3.365,12257.4,0.826,669.7,0.131,1060.9,0.433,498.8,0.359,112.5,14.89,27.14,0.00,0.00,19.67
2026-08-23T20:34:57Z,3.475,12249.0,0.824,669.7,0.130,1060.9,0.450,498.8,0.362,112.5,14.24,26.26,0.00,0.00,19.67
2026-08-23T20:34:58Z,4.083,12255.2,0.841,669.7,0.125,1060.9,0.429,499.1,0.363,112.5,14.77,24.62,0.00,0.00,19.67
2026-08-23T20:34:59Z,4.558,12232.8,0.863,669.7,0.111,1060.9,0.450,498.6,0.379,112.5,12.59,16.93,0.00,0.00,19.67
2026-08-23T20:35:00Z,3.574,12252.8,0.842,669.7,0.131,1060.9,0.438,498.5,0.361,112.7,14.16,25.84,0.00,0.00,19.67
2026-08-23T20:35:01Z,3.555,12242.3,0.866,669.7,0.133,1060.9,0.448,498.5,0.377,112.5,13.74,23.70,0.00,0.00,18.74
2026-08-23T20:35:02Z,3.598,12236.4,0.862,669.7,0.133,1060.9,0.445,498.5,0.368,112.5,14.50,25.33,0.00,0.00,18.74
2026-08-23T20:35:04Z,3.353,12227.2,0.810,669.7,0.132,1061.2,0.426,498.5,0.355,112.5,13.72,33.80,0.00,0.00,18.74
2026-08-23T20:35:05Z,4.560,12231.3,0.860,669.7,0.123,1061.2,0.444,498.6,0.379,112.5,23.03,28.58,0.00,0.00,18.74
2026-08-23T20:35:06Z,4.339,12244.9,0.846,669.7,0.125,1060.9,0.443,498.6,0.369,112.5,29.85,29.76,0.00,0.00,17.48
2026-08-23T20:35:07Z,4.289,12231.5,0.855,669.7,0.128,1060.9,0.456,498.5,0.378,112.5,31.12,31.16,0.00,0.00,17.48
2026-08-23T20:35:08Z,4.364,12201.7,0.842,669.9,0.127,1060.9,0.456,498.5,0.376,112.5,34.89,40.60,0.00,0.00,17.48
2026-08-23T20:35:09Z,5.082,12207.1,0.836,669.9,0.111,1060.9,0.443,498.9,0.364,112.7,27.82,27.16,0.00,0.00,17.48
2026-08-23T20:35:10Z,4.401,12221.0,0.880,669.8,0.125,1060.9,0.470,499.1,0.397,112.7,31.15,33.75,0.00,0.00,17.48
2026-08-23T20:35:11Z,4.246,12224.9,0.873,669.8,0.128,1060.9,0.464,499.0,0.387,112.7,39.22,31.52,0.00,0.00,17.44
2026-08-23T20:35:12Z,4.277,12215.6,0.873,669.9,0.128,1060.9,0.466,499.1,0.384,112.6,38.18,34.61,0.00,0.00,17.44
2026-08-23T20:35:13Z,4.363,12235.3,0.859,670.1,0.123,1060.9,0.450,498.8,0.379,112.6,33.23,39.07,0.00,0.00,17.44
2026-08-23T20:35:14Z,4.260,12166.1,0.864,669.8,0.119,1060.9,0.445,499.3,0.370,112.6,70.93,29.64,0.00,0.00,17.44
2026-08-23T20:35:16Z,4.292,12158.9,0.864,669.7,0.131,1060.9,0.459,498.8,0.381,112.5,35.29,33.06,0.00,0.00,16.68
2026-08-23T20:35:17Z,4.168,12156.6,0.856,669.8,0.132,1060.9,0.448,499.0,0.374,112.6,38.75,37.08,0.00,0.00,16.68
2026-08-23T20:35:18Z,4.233,12156.5,0.865,669.8,0.127,1060.9,0.456,498.8,0.369,112.6,38.50,37.30,0.00,0.00,16.68
2026-08-23T20:35:19Z,5.093,12109.3,0.831,669.8,0.106,1060.9,0.442,498.6,0.374,112.6,24.32,28.43,0.00,0.00,16.68
2026-08-23T20:35:20Z,4.458,12033.6,0.891,669.8,0.125,1060.9,0.456,498.6,0.380,112.5,37.07,36.70,0.00,0.00,16.68
2026-08-23T20:35:21Z,4.247,11934.7,0.859,669.8,0.124,1060.9,0.461,498.8,0.377,112.5,31.63,30.76,0.00,0.00,16.79
2026-08-23T20:35:22Z,4.235,11983.6,0.850,669.8,0.128,1060.9,0.454,498.6,0.377,112.6,35.49,25.01,0.00,0.00,16.79
2026-08-23T20:35:23Z,4.249,12031.7,0.848,669.8,0.129,1060.9,0.446,498.6,0.367,112.5,34.32,31.51,0.00,0.00,16.79
2026-08-23T20:35:24Z,4.324,12081.7,0.857,669.8,0.133,1060.9,0.457,499.1,0.378,112.5,36.87,24.82,0.00,0.00,16.79
2026-08-23T20:35:25Z,4.274,12128.6,0.849,670.0,0.124,1060.9,0.455,498.9,0.369,112.5,34.41,22.96,0.00,0.00,16.79
2026-08-23T20:35:26Z,4.827,12142.0,0.894,669.8,0.115,1060.9,0.465,498.9,0.380,112.6,27.79,18.14,0.00,0.00,16.16
2026-08-23T20:35:28Z,5.090,12154.3,0.846,669.8,0.112,1060.9,0.431,498.7,0.369,112.5,27.27,20.16,0.00,0.00,16.16
2026-08-23T20:35:29Z,5.471,12020.9,0.728,670.1,0.107,1060.9,0.411,498.9,0.347,112.9,23.95,23.09,0.00,0.00,16.16
2026-08-23T20:35:30Z,4.990,11876.5,0.853,670.1,0.107,1060.9,0.480,498.6,0.391,112.6,25.95,18.72,0.00,0.00,16.16
2026-08-23T20:35:31Z,4.761,11898.2,0.914,670.3,0.115,1060.9,0.437,498.8,0.364,112.6,30.36,23.69,0.00,0.00,15.99
2026-08-23T20:35:32Z,4.624,11947.2,0.888,670.1,0.118,1060.9,0.444,499.1,0.373,112.6,31.40,24.82,0.00,0.00,15.99
2026-08-23T20:35:33Z,4.227,11999.2,0.909,670.1,0.129,1061.2,0.456,498.6,0.381,112.9,35.20,28.49,0.00,0.00,15.99
2026-08-23T20:35:34Z,4.156,12054.8,0.903,670.1,0.124,1060.9,0.455,498.9,0.377,112.6,37.82,36.26,0.00,0.00,15.99
2026-08-23T20:35:35Z,4.180,12114.2,0.897,670.1,0.125,1060.9,0.451,498.8,0.375,112.8,41.07,30.70,0.00,0.00,15.99
2026-08-23T20:35:36Z,4.136,12142.6,0.914,670.1,0.129,1060.9,0.455,498.6,0.379,112.6,40.78,29.72,0.00,0.00,15.91
2026-08-23T20:35:37Z,4.233,12144.2,0.898,670.1,0.127,1060.9,0.459,498.7,0.379,112.6,38.42,32.88,0.00,0.00,15.91
2026-08-23T20:35:38Z,4.805,12115.5,0.857,670.2,0.116,1060.9,0.439,498.9,0.375,112.7,30.88,36.53,0.00,0.00,15.91
2026-08-23T20:35:39Z,4.728,11946.0,0.889,670.1,0.114,1060.9,0.450,498.6,0.379,112.6,27.54,27.56,0.00,0.00,15.91
2026-08-23T20:35:41Z,4.271,11999.3,0.880,670.1,0.126,1060.9,0.449,498.6,0.375,112.6,33.69,32.25,0.00,0.00,16.40
2026-08-23T20:35:42Z,4.628,12034.8,0.894,670.2,0.122,1060.9,0.446,498.6,0.370,112.9,21.44,28.90,0.00,0.00,16.40
2026-08-23T20:35:43Z,3.771,12030.1,0.895,670.1,0.127,1060.9,0.445,498.6,0.368,112.6,12.12,26.89,0.00,0.00,16.40
2026-08-23T20:35:44Z,3.646,12055.6,0.872,670.2,0.128,1060.9,0.433,498.9,0.368,112.7,12.95,35.11,0.00,0.00,16.40
2026-08-23T20:35:45Z,3.576,12081.6,0.876,670.0,0.132,1060.9,0.441,498.8,0.362,112.5,12.99,29.11,0.00,0.00,16.40
2026-08-23T20:35:46Z,3.361,12106.6,0.870,670.0,0.132,1060.9,0.444,499.1,0.364,112.5,13.17,30.20,0.00,0.00,16.29
2026-08-23T20:35:47Z,3.436,12132.0,0.882,670.1,0.135,1060.9,0.449,498.9,0.371,112.6,13.26,28.94,0.00,0.00,16.29
2026-08-23T20:35:48Z,3.715,12144.6,0.863,670.1,0.130,1060.9,0.437,498.6,0.362,112.6,14.26,28.83,0.00,0.00,16.29
2026-08-23T20:35:49Z,4.714,12157.1,0.869,670.1,0.116,1060.9,0.437,498.6,0.376,112.6,11.59,26.43,0.00,0.00,16.29
2026-08-23T20:35:50Z,3.404,12153.5,0.877,670.0,0.131,1060.9,0.436,498.6,0.358,112.8,12.90,29.27,0.00,0.00,16.29
2026-08-23T20:35:51Z,3.409,12152.1,0.878,670.3,0.134,1060.9,0.443,498.6,0.371,112.6,13.35,30.10,0.00,0.00,15.94
2026-08-23T20:35:52Z,3.454,12150.1,0.906,670.1,0.129,1060.9,0.444,498.9,0.367,112.6,12.43,28.21,0.00,0.00,15.94
2026-08-23T20:35:54Z,3.362,12147.7,0.866,670.3,0.129,1060.9,0.428,498.6,0.359,112.6,12.81,32.92,0.00,0.00,15.94
2026-08-23T20:35:55Z,3.393,12147.2,0.873,670.3,0.129,1060.9,0.447,498.9,0.367,112.6,13.21,31.98,0.00,0.00,15.94
2026-08-23T20:35:56Z,3.407,12145.1,0.872,670.0,0.132,1060.9,0.434,499.1,0.362,112.5,12.37,32.08,0.00,0.00,15.71
2026-08-23T20:35:57Z,3.488,12143.7,0.867,670.0,0.129,1061.2,0.434,498.6,0.364,112.5,12.35,32.74,0.00,0.00,15.71
2026-08-23T20:35:58Z,3.778,12149.2,0.895,670.0,0.129,1060.9,0.441,498.8,0.365,112.5,12.14,30.82,0.00,0.00,15.71
2026-08-23T20:35:59Z,4.844,12137.5,0.850,670.0,0.113,1060.9,0.433,498.6,0.371,112.6,11.06,31.74,0.00,0.00,15.71
2026-08-23T20:36:00Z,3.615,12136.9,0.882,670.0,0.131,1060.9,0.450,498.6,0.367,112.5,12.09,32.79,0.00,0.00,15.71
2026-08-23T20:36:01Z,3.528,12133.1,0.862,670.0,0.136,1060.9,0.434,498.8,0.362,112.5,12.35,31.55,0.00,0.00,15.09
2026-08-23T20:36:02Z,3.617,12131.8,0.895,670.2,0.133,1060.9,0.455,498.9,0.376,112.5,13.28,30.94,0.00,0.00,15.09
2026-08-23T20:36:03Z,3.426,12131.5,0.879,670.0,0.130,1060.9,0.439,498.8,0.360,112.8,12.62,32.74,0.00,0.00,15.09
2026-08-23T20:36:04Z,3.588,12061.8,0.872,670.0,0.134,1061.2,0.434,498.9,0.365,112.5,13.56,33.58,0.00,0.00,15.09
2026-08-23T20:36:05Z,4.528,12017.6,0.886,670.0,0.126,1060.9,0.440,498.6,0.371,112.5,26.19,30.03,0.00,0.00,15.64
2026-08-23T20:36:07Z,4.266,11959.8,0.887,670.0,0.126,1060.9,0.451,498.9,0.372,112.8,26.90,29.47,0.00,0.00,15.64
2026-08-23T20:36:08Z,4.287,11984.0,0.858,670.0,0.129,1060.9,0.446,499.1,0.368,112.8,30.70,31.89,0.00,0.00,15.64
2026-08-23T20:36:09Z,5.017,11993.2,0.847,670.1,0.117,1060.9,0.444,498.9,0.367,112.6,24.63,33.03,0.00,0.00,15.64
2026-08-23T20:36:10Z,4.549,11974.4,0.907,670.1,0.118,1060.9,0.468,498.6,0.390,112.6,30.46,34.04,0.00,0.00,15.64
2026-08-23T20:36:11Z,4.223,11954.0,0.874,670.0,0.129,1060.9,0.447,498.5,0.372,112.6,35.67,30.63,0.00,0.00,16.15
2026-08-23T20:36:12Z,4.176,11884.2,0.874,670.1,0.131,1060.9,0.457,498.6,0.373,112.6,35.78,29.41,0.00,0.00,16.15
2026-08-23T20:36:13Z,4.374,11841.9,0.905,670.1,0.130,1060.9,0.455,498.8,0.381,112.5,34.54,28.08,0.00,0.00,16.15
2026-08-23T20:36:14Z,4.340,11845.4,0.920,670.0,0.126,1060.9,0.454,498.6,0.379,112.5,33.32,30.79,0.00,0.00,16.15
2026-08-23T20:36:15Z,4.262,11827.3,0.917,670.3,0.129,1060.9,0.463,498.6,0.374,112.5,35.01,31.81,0.00,0.00,16.15
2026-08-23T20:36:16Z,4.147,11855.7,0.894,670.0,0.127,1060.9,0.446,499.1,0.368,112.5,36.90,29.33,0.00,0.00,16.06
2026-08-23T20:36:17Z,4.163,11907.9,0.909,670.0,0.131,1061.2,0.457,498.6,0.380,112.6,36.45,28.27,0.00,0.00,16.06
2026-08-23T20:36:19Z,4.894,11967.6,0.889,670.1,0.116,1060.9,0.442,498.9,0.364,112.6,29.29,25.97,0.00,0.00,16.06
2026-08-23T20:36:20Z,4.597,12012.7,0.932,670.1,0.121,1060.9,0.461,498.6,0.387,112.6,30.05,39.93,0.00,0.00,16.06
2026-08-23T20:36:21Z,4.364,12070.1,0.936,670.1,0.127,1060.9,0.457,498.6,0.375,112.5,32.95,36.71,0.00,0.00,15.89
2026-08-23T20:36:22Z,4.338,12102.7,0.896,670.1,0.127,1060.9,0.454,499.1,0.374,112.6,34.56,37.24,0.00,0.00,15.89
2026-08-23T20:36:23Z,4.310,12110.4,0.891,670.1,0.129,1060.9,0.451,498.8,0.377,112.5,33.40,39.60,0.00,0.00,15.89
2026-08-23T20:36:24Z,4.284,12064.9,0.857,670.1,0.127,1060.9,0.456,498.8,0.371,112.5,32.44,39.66,0.00,0.00,15.89
2026-08-23T20:36:25Z,4.324,12044.6,0.877,670.1,0.126,1060.9,0.460,498.6,0.382,112.5,31.53,40.32,0.00,0.00,15.89
2026-08-23T20:36:26Z,4.676,11949.3,0.861,670.1,0.117,1060.9,0.454,498.6,0.369,112.5,26.78,34.95,0.00,0.00,16.54
2026-08-23T20:36:27Z,5.070,11981.7,0.833,670.4,0.115,1060.9,0.450,498.7,0.377,112.6,24.93,36.20,0.00,0.00,16.54
2026-08-23T20:36:28Z,5.345,12025.7,0.808,670.1,0.109,1060.9,0.423,498.6,0.353,112.6,23.13,23.30,0.00,0.00,16.54
2026-08-23T20:36:29Z,5.243,12061.4,0.824,670.2,0.108,1060.9,0.431,498.9,0.382,112.7,23.18,23.07,0.00,0.00,16.54
2026-08-23T20:36:31Z,4.964,12102.7,0.853,670.2,0.115,1061.2,0.467,498.6,0.381,112.6,25.61,24.20,0.00,0.00,16.34
2026-08-23T20:36:32Z,4.782,12074.1,0.812,670.2,0.120,1060.9,0.451,498.6,0.370,112.6,29.63,30.91,0.00,0.00,16.34
2026-08-23T20:36:33Z,4.289,11924.7,0.861,670.2,0.127,1060.9,0.455,498.6,0.380,113.1,33.95,31.98,0.00,0.00,16.34
2026-08-23T20:36:34Z,4.143,11933.7,0.842,670.2,0.130,1060.9,0.444,498.6,0.368,112.6,37.57,32.57,0.00,0.00,16.34
2026-08-23T20:36:35Z,4.123,11843.8,0.859,670.1,0.131,1060.9,0.455,498.6,0.376,112.4,38.74,39.33,0.00,0.00,16.34
2026-08-23T20:36:36Z,4.103,11878.1,0.852,670.1,0.128,1060.9,0.447,498.5,0.376,112.2,39.34,33.22,0.00,0.00,16.95
2026-08-23T20:36:37Z,4.044,11913.9,0.842,670.2,0.130,1060.9,0.457,498.4,0.372,111.9,40.11,33.88,0.00,0.00,16.95
2026-08-23T20:36:38Z,4.487,11902.9,0.847,670.2,0.122,1060.9,0.458,498.4,0.369,111.3,34.51,30.72,0.00,0.00,16.95
2026-08-23T20:36:39Z,4.964,11868.0,0.857,670.4,0.112,1060.9,0.436,498.1,0.373,111.3,27.67,24.55,0.00,0.00,16.95
2026-08-23T20:36:40Z,4.284,11896.0,0.853,670.1,0.130,1060.9,0.452,498.6,0.375,111.2,32.37,39.55,0.00,0.00,16.95
2026-08-23T20:36:41Z,4.263,11921.1,0.868,670.1,0.129,1060.9,0.466,498.3,0.379,111.2,33.80,27.28,0.00,0.00,16.96
2026-08-23T20:36:42Z,4.777,11843.1,0.837,670.1,0.116,1060.9,0.445,498.3,0.371,111.2,36.23,23.38,0.00,0.00,16.96
2026-08-23T20:36:44Z,4.963,11871.6,0.857,670.1,0.119,1060.9,0.445,498.3,0.369,111.5,37.80,29.75,0.00,0.00,16.96
2026-08-23T20:36:45Z,4.890,11915.6,0.848,670.1,0.120,1060.9,0.457,498.4,0.371,111.3,38.58,33.25,0.00,0.00,16.96
2026-08-23T20:36:46Z,4.634,11928.8,0.846,670.1,0.117,1060.9,0.451,498.0,0.371,111.2,26.57,32.04,0.00,0.00,16.88
2026-08-23T20:36:47Z,4.259,11978.5,0.858,670.1,0.131,1060.9,0.459,498.3,0.383,111.3,31.98,31.34,0.00,0.00,16.88
2026-08-23T20:36:48Z,4.355,12037.3,0.855,670.1,0.130,1060.9,0.449,498.1,0.371,111.2,36.79,31.60,0.00,0.00,16.88
2026-08-23T20:36:49Z,5.099,12100.6,0.830,670.2,0.112,1060.9,0.437,498.6,0.363,111.3,31.31,21.66,0.00,0.00,16.88
2026-08-23T20:36:50Z,4.504,12131.6,0.876,670.1,0.126,1060.9,0.454,498.3,0.385,111.2,32.79,26.59,0.00,0.00,16.88
2026-08-23T20:36:51Z,4.270,12191.3,0.844,670.1,0.130,1060.9,0.453,498.6,0.376,111.2,38.99,31.91,0.00,0.00,16.89
2026-08-23T20:36:52Z,4.316,12232.9,0.851,670.4,0.130,1060.9,0.466,498.1,0.382,111.3,37.28,32.51,0.00,0.00,16.89
2026-08-23T20:36:53Z,4.291,12235.1,0.837,670.1,0.130,1060.9,0.449,498.6,0.370,111.2,37.32,34.22,0.00,0.00,16.89
2026-08-23T20:36:54Z,4.266,12234.0,0.857,670.1,0.130,1060.9,0.454,498.1,0.379,111.3,35.40,31.01,0.00,0.00,16.89
2026-08-23T20:36:56Z,4.268,12233.5,0.846,670.1,0.129,1060.9,0.458,498.0,0.376,111.4,37.12,39.34,0.00,0.00,17.06
2026-08-23T20:36:57Z,4.455,12230.4,0.848,670.1,0.128,1060.9,0.466,498.1,0.382,111.3,33.71,30.73,0.00,0.00,17.06
2026-08-23T20:36:58Z,4.802,12219.5,0.868,670.1,0.115,1060.9,0.439,498.4,0.369,111.2,29.79,26.33,0.00,0.00,17.06
2026-08-23T20:36:59Z,5.290,12223.4,0.802,670.5,0.106,1060.9,0.442,498.4,0.361,111.3,21.33,20.65,0.00,0.00,17.06
2026-08-23T20:37:00Z,4.697,12177.8,0.901,670.2,0.117,1060.9,0.485,498.3,0.407,111.2,25.81,26.79,0.00,0.00,17.06
2026-08-23T20:37:01Z,4.557,12222.3,0.826,670.2,0.123,1060.9,0.438,498.1,0.367,111.5,30.42,32.73,0.00,0.00,17.46
2026-08-23T20:37:02Z,4.714,12238.8,0.848,670.2,0.119,1060.9,0.445,498.1,0.375,111.2,28.14,33.56,0.00,0.00,17.46
2026-08-23T20:37:03Z,4.371,12258.6,0.847,670.4,0.126,1060.9,0.449,498.1,0.372,111.4,31.85,33.57,0.00,0.00,17.46
2026-08-23T20:37:04Z,4.350,12248.6,0.838,670.2,0.131,1060.9,0.442,498.1,0.376,111.5,32.80,34.86,0.00,0.00,17.46
2026-08-23T20:37:05Z,4.281,12244.4,0.897,670.1,0.127,1060.9,0.441,498.1,0.363,111.2,32.10,34.77,0.00,0.00,17.46
2026-08-23T20:37:06Z,4.352,12240.0,0.912,670.2,0.127,1060.9,0.479,498.1,0.388,111.3,32.59,41.18,0.00,0.00,17.42
2026-08-23T20:37:08Z,4.285,12262.7,0.890,670.2,0.125,1060.9,0.452,498.0,0.372,111.2,33.91,36.11,0.00,0.00,17.42
2026-08-23T20:37:09Z,4.988,12186.9,0.867,670.3,0.112,1060.9,0.445,498.6,0.368,111.4,22.42,23.14,0.00,0.00,17.42
2026-08-23T20:37:10Z,4.367,12236.9,0.909,670.2,0.128,1060.9,0.469,498.2,0.392,111.3,36.47,31.60,0.00,0.00,17.42
2026-08-23T20:37:11Z,4.193,12260.4,0.873,670.2,0.127,1060.9,0.448,498.2,0.376,111.3,36.69,41.95,0.00,0.00,17.95
2026-08-23T20:37:12Z,4.485,12272.1,0.866,670.5,0.125,1060.9,0.446,498.5,0.377,111.5,24.73,36.46,0.00,0.00,17.95
2026-08-23T20:37:13Z,4.671,12253.4,0.879,670.3,0.121,1060.9,0.447,498.2,0.375,111.2,25.25,29.88,0.00,0.00,17.95
2026-08-23T20:37:14Z,5.072,12257.5,0.877,670.3,0.109,1060.9,0.450,498.5,0.372,111.6,17.53,22.42,0.00,0.00,17.95
2026-08-23T20:37:15Z,4.668,12267.1,0.883,670.3,0.113,1060.9,0.450,498.5,0.368,111.5,21.65,29.27,0.00,0.00,17.95
2026-08-23T20:37:16Z,4.375,12257.3,0.888,670.3,0.121,1060.9,0.441,498.5,0.369,111.3,29.84,36.48,0.00,0.00,17.31
2026-08-23T20:37:17Z,4.297,12245.0,0.885,670.3,0.126,1060.9,0.436,498.2,0.362,111.3,29.82,31.11,0.00,0.00,17.31
2026-08-23T20:37:18Z,4.457,12257.1,0.857,670.3,0.123,1060.9,0.445,498.2,0.366,111.4,17.16,27.62,0.00,0.00,17.31
2026-08-23T20:37:20Z,4.164,12272.0,0.909,670.5,0.124,1060.9,0.448,498.1,0.369,111.5,10.37,25.89,0.00,0.00,17.31
2026-08-23T20:37:21Z,3.343,12268.9,0.866,670.3,0.135,1060.9,0.445,498.1,0.365,111.2,11.81,31.95,0.00,0.00,16.56
2026-08-23T20:37:22Z,3.516,12295.4,0.878,670.3,0.133,1060.9,0.442,498.1,0.366,111.2,12.71,31.81,0.00,0.00,16.56
2026-08-23T20:37:23Z,3.420,12291.7,0.870,670.3,0.134,1060.9,0.433,498.1,0.363,111.2,12.32,32.51,0.00,0.00,16.56
2026-08-23T20:37:24Z,3.389,12287.0,0.874,670.3,0.132,1060.9,0.444,498.2,0.360,111.3,11.17,30.10,0.00,0.00,16.56
2026-08-23T20:37:25Z,3.325,12282.4,0.864,670.3,0.135,1060.9,0.431,498.1,0.353,111.2,11.54,32.02,0.00,0.00,16.56
2026-08-23T20:37:26Z,3.801,12279.6,0.883,670.3,0.125,1060.9,0.448,498.4,0.371,111.5,11.73,37.93,0.00,0.00,15.64
2026-08-23T20:37:27Z,4.721,12273.2,0.872,670.2,0.122,1060.9,0.443,498.4,0.370,111.5,10.34,25.35,0.00,0.00,15.64
2026-08-23T20:37:28Z,4.808,12278.2,0.869,670.5,0.115,1060.9,0.425,498.2,0.357,111.2,10.47,24.31,0.00,0.00,15.64
2026-08-23T20:37:29Z,5.158,12284.3,0.873,670.3,0.108,1060.9,0.430,498.4,0.354,111.3,31.69,18.70,0.00,0.00,15.64
2026-08-23T20:37:30Z,3.882,12278.5,0.875,670.3,0.125,1060.9,0.454,498.4,0.376,111.3,12.05,26.31,0.00,0.00,15.64
2026-08-23T20:37:31Z,3.581,12274.2,0.868,670.3,0.134,1060.9,0.444,498.6,0.366,111.3,11.69,29.38,0.00,0.00,15.51
2026-08-23T20:37:33Z,3.487,12267.1,0.861,670.3,0.133,1060.9,0.430,498.4,0.353,111.2,11.37,29.39,0.00,0.00,15.51
2026-08-23T20:37:34Z,3.432,12291.0,0.898,670.3,0.134,1060.9,0.454,498.2,0.374,111.3,11.72,31.06,0.00,0.00,15.51
2026-08-23T20:37:35Z,3.481,12285.6,0.906,670.2,0.137,1060.9,0.445,498.6,0.373,111.2,10.97,31.25,0.00,0.00,15.51
2026-08-23T20:37:36Z,3.358,12280.5,0.862,670.3,0.132,1060.9,0.446,498.1,0.370,111.2,12.03,30.36,0.00,0.00,14.82
2026-08-23T20:37:37Z,3.402,12277.6,0.860,670.3,0.133,1060.9,0.432,498.1,0.364,111.2,11.92,39.06,0.00,0.00,14.82
2026-08-23T20:37:38Z,3.557,12279.3,0.875,670.3,0.136,1060.9,0.442,498.1,0.361,111.2,11.37,31.53,0.00,0.00,14.82
2026-08-23T20:37:39Z,4.802,12268.0,0.846,670.5,0.117,1060.9,0.447,498.1,0.377,111.6,10.10,23.56,0.00,0.00,14.82
2026-08-23T20:37:40Z,3.397,12293.8,0.880,670.5,0.130,1060.9,0.439,498.1,0.363,111.2,11.58,32.48,0.00,0.00,14.82
2026-08-23T20:37:41Z,3.363,12289.3,0.871,670.5,0.135,1060.9,0.443,498.4,0.363,111.2,11.23,37.71,0.00,0.00,14.04
2026-08-23T20:37:42Z,3.444,12282.7,0.892,670.7,0.134,1060.9,0.446,498.1,0.368,111.5,10.70,34.51,0.00,0.00,14.04
2026-08-23T20:37:43Z,3.683,12275.8,0.888,670.5,0.136,1060.9,0.444,498.1,0.368,111.2,11.13,29.64,0.00,0.00,14.04
2026-08-23T20:37:44Z,3.551,12299.0,0.870,670.5,0.135,1060.9,0.444,498.1,0.361,111.3,11.15,29.48,0.00,0.00,14.04
2026-08-23T20:37:46Z,3.398,12290.6,0.882,670.5,0.133,1061.2,0.435,498.4,0.360,111.5,11.32,27.76,0.00,0.00,13.71
2026-08-23T20:37:47Z,3.383,12284.2,0.872,670.5,0.136,1060.9,0.444,498.1,0.364,111.2,11.47,36.37,0.00,0.00,13.71
2026-08-23T20:37:48Z,3.365,12276.5,0.879,671.0,0.136,1060.9,0.438,498.3,0.362,111.2,11.15,31.13,0.00,0.00,13.71
2026-08-23T20:37:49Z,4.699,12219.0,0.873,670.5,0.121,1060.9,0.451,498.1,0.361,111.3,9.57,24.94,0.00,0.00,13.71
2026-08-23T20:37:50Z,3.720,12235.5,0.878,671.0,0.132,1060.9,0.457,498.1,0.371,111.5,10.80,30.21,0.00,0.00,13.71
2026-08-23T20:37:51Z,3.365,12256.5,0.862,670.4,0.139,1060.9,0.431,498.1,0.363,111.2,10.17,31.14,0.00,0.00,13.18
2026-08-23T20:37:52Z,3.345,12279.9,0.854,670.5,0.136,1060.9,0.440,498.1,0.365,111.2,11.41,34.33,0.00,0.00,13.18
2026-08-23T20:37:53Z,3.409,12299.1,0.868,670.4,0.136,1060.9,0.441,498.3,0.360,111.2,11.10,24.48,0.00,0.00,13.18
2026-08-23T20:37:54Z,3.322,12287.9,0.864,670.4,0.136,1061.2,0.437,498.1,0.367,111.2,11.63,25.48,0.00,0.00,13.18
2026-08-23T20:37:55Z,3.359,12279.5,0.849,670.4,0.136,1060.9,0.437,498.6,0.364,111.5,11.89,24.61,0.00,0.00,13.18
2026-08-23T20:37:56Z,3.388,12295.8,0.840,670.4,0.133,1060.9,0.424,498.3,0.356,111.2,10.57,23.65,0.00,0.00,12.44
2026-08-23T20:37:57Z,3.424,12284.9,0.856,670.4,0.136,1060.9,0.434,498.4,0.363,111.2,11.39,25.20,0.00,0.00,12.44
2026-08-23T20:37:59Z,4.464,12292.3,0.866,670.5,0.121,1060.9,0.431,498.2,0.356,111.3,10.84,19.97,0.00,0.00,12.44
2026-08-23T20:38:00Z,4.087,12296.0,0.875,670.7,0.123,1060.9,0.445,498.1,0.372,111.3,9.99,23.37,0.00,0.00,12.44
2026-08-23T20:38:01Z,3.544,12290.0,0.887,670.5,0.132,1060.9,0.432,498.1,0.362,111.2,10.76,29.85,0.00,0.00,11.52
2026-08-23T20:38:02Z,3.633,12280.9,0.907,670.4,0.131,1060.9,0.445,498.3,0.371,111.2,10.10,34.40,0.00,0.00,11.52
2026-08-23T20:38:03Z,3.436,12304.9,0.904,670.5,0.136,1060.9,0.451,498.6,0.382,111.3,11.41,29.31,0.00,0.00,11.52
2026-08-23T20:38:04Z,3.347,12297.3,0.872,670.5,0.137,1060.9,0.435,498.1,0.356,111.2,10.83,30.60,0.00,0.00,11.52
2026-08-23T20:38:05Z,3.431,12291.3,0.900,670.4,0.138,1060.9,0.445,498.1,0.370,111.5,11.09,29.81,0.00,0.00,11.52
2026-08-23T20:38:06Z,3.494,12286.9,0.913,670.7,0.138,1060.9,0.443,498.1,0.377,111.2,10.59,31.32,0.00,0.00,10.92
2026-08-23T20:38:07Z,3.344,12280.7,0.881,670.4,0.136,1060.9,0.435,498.4,0.364,111.2,10.95,28.13,0.00,0.00,10.92
2026-08-23T20:38:08Z,3.924,12281.0,0.877,670.7,0.127,1060.9,0.430,498.4,0.355,111.3,10.49,23.76,0.00,0.00,10.92
2026-08-23T20:38:09Z,4.216,12261.8,0.859,670.5,0.125,1060.9,0.436,498.6,0.364,111.2,10.58,21.30,0.00,0.00,10.92
2026-08-23T20:38:10Z,3.394,12282.7,0.880,670.5,0.138,1060.9,0.447,498.1,0.367,111.3,11.09,26.87,0.00,0.00,10.92
2026-08-23T20:38:12Z,3.408,12279.1,0.882,670.5,0.133,1060.9,0.443,498.0,0.367,111.3,10.76,38.64,0.00,0.00,10.77
2026-08-23T20:38:13Z,3.428,12304.2,0.884,670.5,0.135,1060.9,0.452,498.3,0.371,111.5,10.51,39.32,0.00,0.00,10.77
2026-08-23T20:38:14Z,3.695,12301.2,0.894,670.5,0.134,1060.9,0.448,498.1,0.374,111.2,10.88,31.87,0.00,0.00,10.77
2026-08-23T20:38:15Z,3.544,12300.7,0.873,670.4,0.136,1060.9,0.439,498.3,0.366,111.2,10.96,33.31,0.00,0.00,10.77
2026-08-23T20:38:16Z,3.467,12298.5,0.858,670.5,0.134,1060.9,0.438,498.3,0.373,111.5,11.08,34.85,0.00,0.00,10.55
2026-08-23T20:38:17Z,3.398,12297.4,0.847,670.5,0.134,1061.2,0.439,498.0,0.359,111.2,10.78,38.84,0.00,0.00,10.55
2026-08-23T20:38:18Z,4.077,12247.0,0.879,670.5,0.128,1060.9,0.456,498.3,0.372,111.2,11.94,37.67,0.00,0.00,10.55
2026-08-23T20:38:19Z,5.254,12296.6,0.826,670.6,0.107,1060.9,0.420,498.4,0.365,111.3,33.32,46.77,0.00,0.00,10.55
2026-08-23T20:38:20Z,4.921,12295.2,0.879,670.6,0.113,1060.9,0.472,498.1,0.394,111.3,50.36,63.70,0.00,0.00,10.55
2026-08-23T20:38:21Z,4.877,12301.5,0.839,670.6,0.112,1060.9,0.438,498.4,0.379,111.3,52.18,65.67,0.00,0.00,11.06
2026-08-23T20:38:22Z,5.015,12321.6,0.858,670.6,0.113,1060.9,0.438,498.1,0.367,111.3,62.49,79.69,0.00,0.00,11.06
2026-08-23T20:38:23Z,4.944,12323.8,0.880,670.6,0.112,1060.9,0.454,498.1,0.370,111.5,56.17,73.40,0.00,0.00,11.06
2026-08-23T20:38:25Z,4.074,12315.1,0.812,671.3,0.094,1060.9,0.466,498.6,0.398,112.1,38.73,210.25,0.00,0.00,11.06
2026-08-23T20:38:26Z,4.864,12317.2,0.887,671.0,0.112,1060.9,0.459,498.3,0.375,112.0,52.80,61.30,0.00,0.00,11.78
2026-08-23T20:38:27Z,5.120,12329.0,0.852,671.2,0.108,1060.9,0.448,498.3,0.368,112.0,58.08,67.22,0.00,0.00,11.78
2026-08-23T20:38:28Z,5.095,12319.2,0.857,671.4,0.109,1060.9,0.436,498.3,0.365,112.0,57.67,67.69,0.00,0.00,11.78
2026-08-23T20:38:29Z,5.335,12326.9,0.840,671.8,0.098,1060.9,0.454,498.4,0.382,112.1,89.56,47.44,0.00,0.00,11.78
2026-08-23T20:38:30Z,5.068,12347.6,0.873,671.7,0.112,1060.9,0.454,498.3,0.376,111.7,137.94,55.77,0.00,0.00,11.78
2026-08-23T20:38:31Z,5.024,12325.9,0.856,671.7,0.106,1060.9,0.430,498.4,0.359,111.7,121.84,88.11,0.00,0.00,13.88
2026-08-23T20:38:32Z,5.362,12344.6,0.864,671.7,0.099,1060.9,0.454,498.3,0.374,111.7,43.86,48.98,0.00,0.00,13.88
2026-08-23T20:38:33Z,4.499,12348.1,0.776,671.9,0.095,1060.9,0.444,499.4,0.370,111.8,40.55,247.34,0.00,0.00,13.88
2026-08-23T20:38:34Z,5.061,12357.2,0.882,671.9,0.110,1060.9,0.460,498.4,0.383,111.7,50.06,52.85,0.00,0.00,13.88
2026-08-23T20:38:36Z,5.080,12363.5,0.802,672.0,0.113,1060.9,0.445,498.3,0.364,111.6,59.95,55.94,0.00,0.00,13.89
2026-08-23T20:38:37Z,4.806,12349.3,0.860,672.1,0.115,1060.9,0.454,498.6,0.371,111.6,65.19,59.43,0.00,0.00,13.89
2026-08-23T20:38:38Z,4.802,12366.7,0.851,672.0,0.114,1060.9,0.432,498.6,0.363,111.6,62.97,59.33,0.00,0.00,13.89
2026-08-23T20:38:39Z,5.294,12331.3,0.812,672.1,0.105,1060.9,0.435,498.4,0.374,111.7,45.89,39.99,0.00,0.00,13.89
2026-08-23T20:38:40Z,4.717,12349.1,0.938,672.1,0.103,1060.9,0.445,498.6,0.375,111.5,58.00,92.99,0.00,0.00,13.89
2026-08-23T20:38:41Z,4.611,12346.3,0.863,672.1,0.111,1061.2,0.435,498.3,0.363,111.6,61.81,88.75,0.00,0.00,14.06
2026-08-23T20:38:42Z,4.662,12349.5,0.879,672.3,0.111,1060.9,0.457,498.6,0.373,111.6,64.80,114.46,0.00,0.00,14.06
2026-08-23T20:38:43Z,4.960,12340.8,0.899,672.1,0.107,1060.9,0.442,498.4,0.359,111.5,66.72,80.82,0.00,0.00,14.06
2026-08-23T20:38:44Z,4.542,12373.4,0.871,672.3,0.100,1060.9,0.466,498.4,0.385,111.7,73.71,184.05,0.00,0.00,14.06
2026-08-23T20:38:45Z,4.752,12357.1,0.893,672.1,0.116,1060.9,0.455,498.6,0.371,111.6,136.27,42.30,0.00,0.00,14.06
2026-08-23T20:38:46Z,4.950,12347.7,0.882,672.2,0.111,1061.2,0.435,498.4,0.369,111.6,127.56,37.37,0.00,0.00,13.89
2026-08-23T20:38:48Z,5.171,12344.8,0.905,672.1,0.110,1060.9,0.440,498.6,0.361,111.5,50.38,50.56,0.00,0.00,13.89
2026-08-23T20:38:49Z,5.347,12340.6,0.906,672.2,0.101,1060.9,0.445,498.6,0.355,111.6,29.87,44.76,0.00,0.00,13.89
2026-08-23T20:38:50Z,5.266,12346.5,0.911,672.1,0.105,1060.9,0.450,498.4,0.387,111.4,29.29,36.56,0.00,0.00,13.89
2026-08-23T20:38:51Z,5.097,12359.4,0.878,672.1,0.107,1060.9,0.447,498.4,0.372,111.5,36.66,57.08,0.00,0.00,15.66
2026-08-23T20:38:52Z,5.086,12355.1,0.895,672.1,0.109,1060.9,0.436,498.3,0.371,111.5,37.05,67.61,0.00,0.00,15.66
2026-08-23T20:38:53Z,4.928,12343.3,0.855,672.4,0.113,1060.9,0.448,498.4,0.372,111.4,43.00,63.45,0.00,0.00,15.66
2026-08-23T20:38:54Z,5.091,12341.4,0.885,672.2,0.110,1060.9,0.444,498.5,0.373,111.4,44.85,68.54,0.00,0.00,15.66
2026-08-23T20:38:55Z,5.021,12361.0,0.868,672.0,0.110,1060.9,0.446,498.2,0.377,111.4,41.65,67.64,0.00,0.00,15.66
2026-08-23T20:38:56Z,5.072,12347.0,0.861,672.1,0.113,1060.9,0.450,498.5,0.370,111.6,42.66,55.99,0.00,0.00,15.61
2026-08-23T20:38:57Z,4.999,12347.2,0.861,672.1,0.109,1060.9,0.446,498.3,0.371,111.7,41.38,47.54,0.00,0.00,15.61
2026-08-23T20:38:59Z,5.546,12245.2,0.800,672.1,0.102,1060.9,0.416,498.6,0.342,111.5,31.59,53.14,0.00,0.00,15.61
2026-08-23T20:39:00Z,5.337,12310.1,0.873,672.1,0.102,1060.9,0.474,498.6,0.400,111.4,33.23,44.01,0.00,0.00,15.61
2026-08-23T20:39:01Z,5.201,12342.5,0.871,672.4,0.103,1060.9,0.465,498.3,0.362,111.4,35.65,60.31,0.00,0.00,18.92
2026-08-23T20:39:02Z,5.071,12277.3,0.908,672.4,0.113,1060.9,0.451,498.4,0.382,111.4,38.85,47.56,0.00,0.00,18.92
2026-08-23T20:39:03Z,4.982,12174.2,0.904,672.4,0.109,1060.9,0.464,498.3,0.382,111.6,41.37,53.70,0.00,0.00,18.92
2026-08-23T20:39:04Z,4.949,12273.2,0.917,672.6,0.114,1060.9,0.454,498.6,0.381,111.6,44.42,65.59,0.00,0.00,18.92
2026-08-23T20:39:05Z,5.034,12344.7,0.902,672.4,0.119,1060.9,0.466,498.4,0.396,111.6,40.33,63.72,0.00,0.00,18.92
2026-08-23T20:39:06Z,5.096,12350.1,0.884,672.3,0.101,1060.9,0.453,498.6,0.375,111.3,34.21,74.86,0.00,0.00,18.77
2026-08-23T20:39:07Z,5.110,12349.6,0.909,672.4,0.108,1060.9,0.464,498.4,0.383,111.4,35.72,67.36,0.00,0.00,18.77
2026-08-23T20:39:08Z,5.140,12309.3,0.910,672.4,0.104,1060.9,0.445,498.4,0.370,111.4,36.02,49.64,0.00,0.00,18.77
2026-08-23T20:39:09Z,5.370,12243.6,0.894,672.4,0.104,1060.9,0.453,498.8,0.381,111.4,31.26,46.84,0.00,0.00,18.77
2026-08-23T20:39:11Z,5.212,12326.9,0.905,672.3,0.100,1060.9,0.437,498.2,0.365,111.3,38.77,55.23,0.00,0.00,19.27
2026-08-23T20:39:12Z,5.074,12354.2,0.874,672.4,0.105,1060.9,0.447,498.7,0.366,111.4,39.43,67.37,0.00,0.00,19.27
2026-08-23T20:39:13Z,5.039,12329.8,0.888,672.4,0.105,1060.9,0.452,498.2,0.367,111.3,29.21,47.50,0.00,0.00,19.27
2026-08-23T20:39:14Z,5.129,12356.6,0.857,672.4,0.108,1060.9,0.438,498.7,0.370,111.6,23.16,45.71,0.00,0.00,19.27
2026-08-23T20:39:15Z,4.821,12365.3,0.856,672.8,0.100,1060.9,0.450,498.3,0.369,111.5,23.29,122.72,0.00,0.00,19.27
2026-08-23T20:39:16Z,4.838,12359.7,0.918,672.6,0.115,1060.9,0.445,498.3,0.370,111.5,28.52,60.01,0.00,0.00,18.37
2026-08-23T20:39:17Z,4.844,12364.6,0.897,672.7,0.112,1060.9,0.451,498.8,0.379,111.5,28.18,69.05,0.00,0.00,18.37
2026-08-23T20:39:18Z,4.837,12349.6,0.881,672.5,0.112,1060.9,0.436,498.4,0.366,111.6,34.91,68.29,0.00,0.00,18.37
2026-08-23T20:39:19Z,5.292,12349.3,0.843,672.5,0.100,1060.9,0.428,498.4,0.359,111.5,25.76,50.70,0.00,0.00,18.37
2026-08-23T20:39:20Z,5.051,12350.0,0.911,672.5,0.107,1060.9,0.461,498.3,0.380,111.5,24.50,53.23,0.00,0.00,18.37
2026-08-23T20:39:22Z,4.779,12358.0,0.879,672.5,0.115,1060.9,0.442,498.3,0.366,111.4,31.58,70.85,0.00,0.00,18.10
2026-08-23T20:39:23Z,4.773,12365.4,0.878,672.5,0.113,1060.9,0.451,498.3,0.373,111.4,30.47,70.81,0.00,0.00,18.10
2026-08-23T20:39:24Z,4.807,12346.6,0.875,672.5,0.111,1060.9,0.440,498.3,0.370,111.5,30.63,75.40,0.00,0.00,18.10
2026-08-23T20:39:25Z,5.056,12348.7,0.878,672.4,0.109,1060.9,0.441,498.5,0.369,111.4,26.88,63.20,0.00,0.00,18.10
2026-08-23T20:39:26Z,5.203,12335.2,0.883,672.5,0.100,1060.9,0.450,498.3,0.377,111.5,25.99,50.83,0.00,0.00,19.45
2026-08-23T20:39:27Z,5.170,12349.3,0.905,672.4,0.104,1060.9,0.441,498.8,0.372,111.4,28.97,47.52,0.00,0.00,19.45
2026-08-23T20:39:28Z,5.439,12339.6,0.869,672.4,0.096,1060.9,0.413,498.2,0.360,111.5,27.76,52.01,0.00,0.00,19.45
2026-08-23T20:39:29Z,5.685,12344.6,0.787,672.5,0.094,1060.9,0.407,498.3,0.348,111.4,32.43,41.19,0.00,0.00,19.45
2026-08-23T20:39:30Z,5.039,12335.8,0.875,672.6,0.104,1060.9,0.494,498.3,0.415,111.4,24.44,37.66,0.00,0.00,19.45
2026-08-23T20:39:31Z,4.634,12343.2,0.879,672.5,0.122,1060.9,0.443,498.4,0.371,111.3,36.32,26.63,0.00,0.00,19.57
2026-08-23T20:39:32Z,4.203,12338.7,0.853,672.8,0.128,1060.9,0.452,498.5,0.374,111.4,41.93,32.30,0.00,0.00,19.57
2026-08-23T20:39:34Z,4.244,12328.3,0.875,672.5,0.127,1060.9,0.442,498.5,0.373,111.6,32.56,38.25,0.00,0.00,19.57
2026-08-23T20:39:35Z,4.435,12338.2,0.840,672.5,0.127,1060.9,0.452,498.2,0.374,111.3,24.83,42.22,0.00,0.00,19.57
2026-08-23T20:39:36Z,4.706,12341.4,0.862,672.5,0.121,1060.9,0.447,498.5,0.374,111.3,18.35,37.12,0.00,0.00,19.05
2026-08-23T20:39:37Z,4.099,12333.4,0.849,672.5,0.125,1060.9,0.451,498.2,0.367,111.3,12.92,30.05,0.00,0.00,19.05
2026-08-23T20:39:38Z,3.416,12360.5,0.870,672.5,0.128,1060.9,0.447,498.3,0.368,111.3,12.94,32.90,0.00,0.00,19.05
2026-08-23T20:39:39Z,4.851,12351.6,0.876,672.5,0.112,1061.2,0.436,498.2,0.364,111.3,10.29,24.63,0.00,0.00,19.05
2026-08-23T20:39:40Z,3.434,12344.0,0.876,672.7,0.132,1060.9,0.436,498.2,0.370,111.3,12.72,34.80,0.00,0.00,19.05
2026-08-23T20:39:41Z,3.368,12340.5,0.876,672.4,0.134,1060.9,0.443,498.4,0.365,111.2,13.59,32.89,0.00,0.00,17.84
2026-08-23T20:39:42Z,3.363,12335.3,0.873,672.5,0.135,1060.9,0.453,498.2,0.370,111.5,12.71,30.95,0.00,0.00,17.84
2026-08-23T20:39:43Z,3.572,12359.3,0.879,672.5,0.131,1060.9,0.448,498.2,0.368,111.5,11.53,29.50,0.00,0.00,17.84
2026-08-23T20:39:44Z,3.650,12355.5,0.880,672.4,0.132,1060.9,0.442,498.7,0.369,111.3,11.70,34.45,0.00,0.00,17.84
2026-08-23T20:39:45Z,3.382,12352.5,0.864,672.7,0.127,1060.9,0.437,498.2,0.364,111.2,11.84,41.27,0.00,0.00,17.84
2026-08-23T20:39:47Z,3.364,12347.5,0.845,672.4,0.133,1060.9,0.441,498.4,0.359,111.2,12.09,30.62,0.00,0.00,17.13
2026-08-23T20:39:48Z,3.322,12345.4,0.848,672.4,0.133,1060.9,0.435,498.2,0.367,111.3,12.37,32.54,0.00,0.00,17.13
2026-08-23T20:39:49Z,4.560,12332.1,0.899,672.5,0.120,1060.9,0.458,498.2,0.369,111.3,42.06,26.68,0.00,0.00,17.13
2026-08-23T20:39:50Z,4.058,12349.7,0.909,672.4,0.135,1060.9,0.455,498.1,0.387,111.3,117.94,31.55,0.00,0.00,17.13
2026-08-23T20:39:51Z,4.348,12326.4,0.871,672.4,0.125,1060.9,0.450,498.2,0.374,111.3,33.12,28.40,0.00,0.00,17.60
2026-08-23T20:39:52Z,3.366,12352.7,0.839,672.4,0.133,1060.9,0.431,498.1,0.359,111.3,11.57,31.82,0.00,0.00,17.60
2026-08-23T20:39:53Z,3.336,12347.8,0.842,672.4,0.136,1061.2,0.431,498.2,0.366,111.3,11.81,31.18,0.00,0.00,17.60
2026-08-23T20:39:54Z,3.375,12340.9,0.851,672.5,0.134,1060.9,0.441,498.1,0.364,111.5,10.92,28.14,0.00,0.00,17.60
2026-08-23T20:39:55Z,3.328,12333.8,0.845,672.4,0.137,1060.9,0.439,498.2,0.368,111.2,11.13,28.88,0.00,0.00,17.60
2026-08-23T20:39:56Z,3.455,12326.6,0.850,672.4,0.136,1060.9,0.446,498.4,0.371,111.2,11.24,30.11,0.00,0.00,16.75
2026-08-23T20:39:57Z,3.393,12351.4,0.813,672.4,0.133,1060.9,0.433,498.4,0.357,111.2,11.11,29.88,0.00,0.00,16.75
2026-08-23T20:39:58Z,4.522,12332.9,0.833,672.4,0.120,1060.9,0.434,498.2,0.367,111.3,10.56,25.88,0.00,0.00,16.75
2026-08-23T20:40:00Z,4.000,12343.6,0.848,672.7,0.125,1060.9,0.461,498.4,0.375,111.3,10.02,36.32,0.00,0.00,16.75
2026-08-23T20:40:01Z,3.564,12340.9,0.837,672.7,0.135,1060.9,0.453,498.4,0.375,111.3,11.18,33.94,0.00,0.00,15.57
2026-08-23T20:40:02Z,3.722,12337.4,0.890,672.5,0.134,1060.9,0.465,498.4,0.385,111.2,10.95,30.55,0.00,0.00,15.57
2026-08-23T20:40:03Z,3.435,12335.5,0.845,672.5,0.134,1060.9,0.444,498.4,0.366,111.3,11.07,33.54,0.00,0.00,15.57
2026-08-23T20:40:04Z,3.377,12332.5,0.825,672.4,0.137,1060.9,0.439,498.2,0.365,111.2,10.61,33.73,0.00,0.00,15.57
2026-08-23T20:40:05Z,3.342,12326.2,0.839,672.4,0.136,1060.9,0.440,498.1,0.369,111.3,11.14,33.87,0.00,0.00,15.57
2026-08-23T20:40:06Z,3.405,12318.9,0.845,672.4,0.137,1060.9,0.440,498.1,0.371,111.3,10.93,29.37,0.00,0.00,14.81
2026-08-23T20:40:07Z,3.347,12341.4,0.835,672.4,0.140,1060.9,0.436,498.1,0.360,111.2,10.88,30.47,0.00,0.00,14.81
2026-08-23T20:40:08Z,3.840,12318.7,0.820,672.4,0.125,1060.9,0.425,498.5,0.360,111.3,10.38,27.84,0.00,0.00,14.81
2026-08-23T20:40:09Z,4.400,12325.2,0.853,672.5,0.124,1060.9,0.440,498.1,0.374,111.5,9.94,22.21,0.00,0.00,14.81
2026-08-23T20:40:10Z,3.317,12344.7,0.840,672.5,0.136,1060.9,0.439,498.2,0.364,111.3,10.77,26.36,0.00,0.00,14.81
2026-08-23T20:40:11Z,3.386,12333.7,0.841,672.5,0.138,1060.9,0.440,498.4,0.367,111.3,10.57,27.46,0.00,0.00,14.18
2026-08-23T20:40:13Z,3.414,12325.3,0.837,672.7,0.135,1060.9,0.448,498.1,0.363,111.3,11.02,27.15,0.00,0.00,14.18
2026-08-23T20:40:14Z,4.260,12306.8,0.894,672.6,0.128,1060.9,0.440,498.4,0.374,111.4,32.90,22.92,0.00,0.00,14.18
2026-08-23T20:40:15Z,4.241,12302.8,0.884,672.5,0.130,1060.9,0.453,498.1,0.371,111.3,33.48,28.01,0.00,0.00,14.18
2026-08-23T20:40:16Z,4.129,12305.5,0.909,672.5,0.134,1060.9,0.467,498.4,0.387,111.3,40.44,44.87,0.00,0.00,14.09
2026-08-23T20:40:17Z,4.064,12341.0,0.876,672.5,0.132,1060.9,0.461,498.1,0.376,111.6,38.56,44.67,0.00,0.00,14.09
2026-08-23T20:40:18Z,4.140,12324.8,0.872,672.5,0.133,1060.9,0.448,498.1,0.374,111.3,39.61,36.63,0.00,0.00,14.09
2026-08-23T20:40:19Z,5.004,12186.6,0.832,672.6,0.112,1060.9,0.436,498.2,0.368,111.4,30.52,32.11,0.00,0.00,14.09
2026-08-23T20:40:20Z,4.224,12137.6,0.898,672.5,0.131,1060.9,0.457,498.6,0.381,111.3,36.06,41.62,0.00,0.00,14.09
2026-08-23T20:40:21Z,4.047,12183.0,0.889,672.5,0.135,1060.9,0.458,498.6,0.389,111.3,43.03,40.42,0.00,0.00,13.68
2026-08-23T20:40:22Z,4.030,12257.5,0.877,672.5,0.135,1060.9,0.447,498.1,0.369,111.3,44.90,40.78,0.00,0.00,13.68
2026-08-23T20:40:23Z,4.078,12322.3,0.885,672.5,0.133,1060.9,0.455,498.2,0.379,111.3,36.27,40.11,0.00,0.00,13.68
2026-08-23T20:40:25Z,4.153,12322.8,0.867,672.5,0.132,1060.9,0.454,498.1,0.371,111.2,34.79,36.57,0.00,0.00,13.68
2026-08-23T20:40:26Z,4.094,12223.5,0.888,672.5,0.130,1060.9,0.465,498.4,0.386,111.3,39.50,43.06,0.00,0.00,13.62
2026-08-23T20:40:27Z,4.500,12124.2,0.910,672.5,0.125,1060.9,0.479,498.2,0.381,111.3,34.50,34.71,0.00,0.00,13.62
2026-08-23T20:40:28Z,4.638,12158.6,0.867,672.5,0.124,1060.9,0.443,498.4,0.361,111.2,35.53,35.35,0.00,0.00,13.62
2026-08-23T20:40:29Z,5.151,12230.0,0.827,672.5,0.115,1060.9,0.442,498.4,0.372,111.3,29.68,37.36,0.00,0.00,13.62
2026-08-23T20:40:30Z,4.678,12270.6,0.868,672.5,0.122,1060.9,0.452,498.4,0.372,111.3,38.73,25.97,0.00,0.00,13.62
2026-08-23T20:40:31Z,4.728,12319.7,0.861,672.5,0.122,1060.9,0.443,498.2,0.367,111.6,38.72,27.39,0.00,0.00,13.25
2026-08-23T20:40:32Z,4.668,12285.6,0.861,672.5,0.120,1060.9,0.441,498.4,0.363,111.3,41.01,23.76,0.00,0.00,13.25
2026-08-23T20:40:33Z,4.631,12098.9,0.845,672.5,0.124,1061.2,0.449,498.2,0.365,111.3,42.72,24.77,0.00,0.00,13.25
2026-08-23T20:40:34Z,4.501,12029.4,0.873,672.7,0.130,1060.9,0.453,498.1,0.376,111.2,38.75,27.36,0.00,0.00,13.25
2026-08-23T20:40:35Z,3.976,12093.4,0.858,672.5,0.133,1060.9,0.454,498.2,0.370,111.2,45.56,34.49,0.00,0.00,13.25
2026-08-23T20:40:36Z,4.117,12154.5,0.878,672.5,0.131,1061.2,0.464,498.4,0.380,111.2,39.42,34.28,0.00,0.00,13.23
2026-08-23T20:40:38Z,4.166,12213.1,0.885,672.5,0.131,1060.9,0.459,498.1,0.380,111.2,40.49,30.35,0.00,0.00,13.23
2026-08-23T20:40:39Z,4.955,12272.3,0.873,672.5,0.117,1060.9,0.449,498.2,0.372,111.6,33.86,20.06,0.00,0.00,13.23
2026-08-23T20:40:40Z,4.154,12257.2,0.866,672.5,0.123,1060.9,0.438,498.4,0.369,111.5,16.66,22.65,0.00,0.00,13.23
2026-08-23T20:40:41Z,3.340,12275.4,0.860,672.5,0.134,1060.9,0.434,498.1,0.361,111.3,11.97,30.82,0.00,0.00,12.97
2026-08-23T20:40:42Z,3.355,12295.7,0.850,672.5,0.134,1060.9,0.439,498.3,0.358,111.2,12.68,27.84,0.00,0.00,12.97
2026-08-23T20:40:43Z,3.428,12314.9,0.863,672.5,0.133,1060.9,0.444,498.1,0.358,111.3,11.01,25.66,0.00,0.00,12.97
2026-08-23T20:40:44Z,3.570,12304.6,0.856,672.5,0.132,1060.9,0.437,498.6,0.356,111.3,12.16,25.80,0.00,0.00,12.97
2026-08-23T20:40:45Z,3.473,12322.7,0.857,672.5,0.135,1060.9,0.438,498.1,0.362,111.2,12.07,26.29,0.00,0.00,12.97
2026-08-23T20:40:46Z,3.343,12311.0,0.852,672.5,0.136,1060.9,0.438,498.4,0.365,111.3,11.67,25.78,0.00,0.00,12.65
2026-08-23T20:40:47Z,3.425,12329.6,0.871,672.5,0.134,1060.9,0.439,498.1,0.365,111.2,11.44,28.35,0.00,0.00,12.65
2026-08-23T20:40:48Z,4.034,12330.6,0.858,672.5,0.125,1060.9,0.439,498.2,0.361,111.5,11.32,25.92,0.00,0.00,12.65
2026-08-23T20:40:49Z,4.402,12311.2,0.885,672.5,0.123,1060.9,0.447,498.1,0.376,111.3,11.27,22.51,0.00,0.00,12.65
2026-08-23T20:40:51Z,3.348,12303.1,0.847,672.5,0.135,1060.9,0.432,498.1,0.361,111.3,12.61,28.31,0.00,0.00,12.84
2026-08-23T20:40:52Z,3.323,12323.0,0.866,672.5,0.132,1060.9,0.439,498.2,0.364,111.3,12.32,35.74,0.00,0.00,12.84
2026-08-23T20:40:53Z,3.298,12313.1,0.857,672.5,0.134,1060.9,0.436,498.9,0.357,111.3,11.30,30.13,0.00,0.00,12.84
2026-08-23T20:40:54Z,3.322,12305.6,0.856,672.5,0.134,1061.2,0.442,498.1,0.365,111.3,11.97,31.69,0.00,0.00,12.84
2026-08-23T20:40:55Z,3.392,12305.0,0.867,672.5,0.136,1060.9,0.439,498.1,0.365,111.2,12.12,34.56,0.00,0.00,12.84
2026-08-23T20:40:56Z,3.372,12307.1,0.855,672.4,0.136,1060.9,0.433,498.1,0.366,111.5,11.78,37.67,0.00,0.00,12.61
2026-08-23T20:40:57Z,3.547,12314.6,0.881,672.5,0.133,1061.2,0.453,498.4,0.370,111.5,11.38,39.48,0.00,0.00,12.61
2026-08-23T20:40:58Z,3.821,12304.2,0.878,672.5,0.129,1060.9,0.450,498.4,0.360,111.5,12.71,39.91,0.00,0.00,12.61
2026-08-23T20:40:59Z,4.819,12303.1,0.868,672.5,0.119,1061.2,0.466,498.4,0.393,111.5,10.91,31.20,0.00,0.00,12.61
2026-08-23T20:41:00Z,3.662,12313.5,0.877,672.5,0.135,1060.9,0.445,498.4,0.366,111.3,12.12,38.99,0.00,0.00,12.61
2026-08-23T20:41:01Z,3.522,12322.2,0.874,672.5,0.134,1060.9,0.445,498.1,0.368,111.3,11.32,47.08,0.00,0.00,12.97
2026-08-23T20:41:02Z,3.569,12301.0,0.866,672.6,0.134,1060.9,0.448,498.2,0.366,111.3,11.27,42.01,0.00,0.00,12.97
2026-08-23T20:41:04Z,3.343,12308.9,0.853,672.5,0.136,1060.9,0.435,498.1,0.358,111.2,11.40,41.14,0.00,0.00,12.97
2026-08-23T20:41:05Z,3.389,12315.0,0.877,672.5,0.133,1060.9,0.442,498.1,0.367,111.2,11.11,37.91,0.00,0.00,12.97
2026-08-23T20:41:06Z,3.385,12322.4,0.864,672.5,0.138,1060.9,0.447,498.4,0.371,111.2,11.30,40.30,0.00,0.00,12.81
2026-08-23T20:41:07Z,3.421,12301.2,0.869,672.5,0.138,1060.9,0.438,498.4,0.373,111.3,11.25,39.18,0.00,0.00,12.81
2026-08-23T20:41:08Z,3.473,12314.1,0.863,672.5,0.137,1061.2,0.449,498.1,0.368,111.3,11.63,40.53,0.00,0.00,12.81
2026-08-23T20:41:09Z,4.775,12289.9,0.855,672.5,0.119,1060.9,0.444,498.1,0.375,111.3,11.56,31.29,0.00,0.00,12.81
2026-08-23T20:41:10Z,3.497,12301.9,0.875,672.5,0.136,1060.9,0.451,498.1,0.370,111.3,11.44,38.20,0.00,0.00,12.81
2026-08-23T20:41:11Z,3.381,12284.3,0.850,672.5,0.138,1060.9,0.434,498.3,0.358,111.2,11.42,42.23,0.00,0.00,12.82
2026-08-23T20:41:12Z,3.331,12294.7,0.833,672.5,0.133,1060.9,0.437,498.1,0.361,111.2,11.07,49.53,0.00,0.00,12.82
2026-08-23T20:41:13Z,3.531,12303.5,0.846,672.5,0.135,1060.9,0.438,498.1,0.368,111.2,11.09,41.15,0.00,0.00,12.82
2026-08-23T20:41:14Z,3.590,12286.3,0.829,672.5,0.135,1060.9,0.431,498.4,0.361,111.5,11.69,41.17,0.00,0.00,12.82
2026-08-23T20:41:15Z,3.421,12296.7,0.844,672.5,0.127,1060.9,0.442,498.1,0.362,111.2,10.73,37.76,0.00,0.00,12.82
2026-08-23T20:41:17Z,3.300,12308.7,0.834,672.5,0.116,1060.9,0.434,498.1,0.353,111.2,10.41,38.68,0.00,0.00,12.84
2026-08-23T20:41:18Z,3.289,12293.4,0.852,672.5,0.119,1060.9,0.425,498.1,0.357,111.3,10.17,44.12,0.00,0.00,12.84
2026-08-23T20:41:19Z,4.316,12157.2,0.812,672.7,0.105,1060.9,0.421,498.2,0.350,111.4,10.23,32.47,0.00,0.00,12.84
2026-08-23T20:41:20Z,3.733,12192.5,0.874,673.0,0.131,1060.9,0.453,498.2,0.376,111.3,11.07,41.43,0.00,0.00,12.84
2026-08-23T20:41:21Z,3.480,12234.2,0.869,672.7,0.140,1060.9,0.447,498.7,0.372,111.8,11.79,42.79,0.00,0.00,12.69
2026-08-23T20:41:22Z,3.338,12275.1,0.845,672.7,0.135,1060.9,0.437,498.4,0.366,111.3,11.10,46.96,0.00,0.00,12.69
2026-08-23T20:41:23Z,3.407,12286.1,0.857,672.8,0.134,1060.9,0.446,498.2,0.371,111.3,11.06,42.21,0.00,0.00,12.69
2026-08-23T20:41:24Z,3.482,12304.4,0.839,672.7,0.135,1060.9,0.426,498.3,0.359,111.3,10.16,46.18,0.00,0.00,12.69
2026-08-23T20:41:25Z,4.010,12304.4,0.834,672.7,0.122,1060.9,0.448,498.5,0.369,111.5,10.55,54.16,0.00,0.00,12.69
2026-08-23T20:41:26Z,4.297,12302.9,0.879,672.7,0.119,1061.2,0.464,498.2,0.380,111.3,10.34,49.98,0.00,0.00,13.36
2026-08-23T20:41:27Z,4.522,12298.1,0.835,672.7,0.118,1060.9,0.448,498.2,0.366,111.3,10.52,52.89,0.00,0.00,13.36
2026-08-23T20:41:28Z,4.773,12284.2,0.831,673.1,0.116,1060.9,0.442,498.2,0.365,111.3,10.23,56.29,0.00,0.00,13.36
2026-08-23T20:41:30Z,5.260,12166.3,0.799,672.9,0.105,1060.9,0.432,498.2,0.364,111.6,11.00,41.15,0.00,0.00,13.36
2026-08-23T20:41:31Z,5.121,12178.5,0.852,672.9,0.108,1060.9,0.460,498.2,0.396,111.4,10.10,38.97,0.00,0.00,15.41
2026-08-23T20:41:32Z,4.683,12199.4,0.829,672.9,0.119,1060.9,0.446,498.4,0.368,111.3,10.12,47.79,0.00,0.00,15.41
2026-08-23T20:41:33Z,4.413,12247.5,0.823,673.0,0.117,1060.9,0.435,498.2,0.363,111.4,8.88,45.81,0.00,0.00,15.41
2026-08-23T20:41:34Z,3.767,12295.6,0.832,673.2,0.131,1060.9,0.436,498.7,0.368,111.3,10.27,48.05,0.00,0.00,15.41
2026-08-23T20:41:35Z,3.766,12284.8,0.834,672.9,0.129,1060.9,0.451,498.5,0.375,111.3,9.58,47.65,0.00,0.00,15.41
2026-08-23T20:41:36Z,3.808,12300.8,0.834,673.2,0.127,1060.9,0.450,498.2,0.371,111.3,9.21,45.89,0.00,0.00,15.30
2026-08-23T20:41:37Z,3.976,12230.7,0.825,672.9,0.127,1060.9,0.438,498.4,0.366,111.3,17.88,49.30,0.00,0.00,15.30
2026-08-23T20:41:38Z,4.743,11999.1,0.826,672.9,0.120,1060.9,0.449,497.8,0.371,111.3,30.42,41.09,0.00,0.00,15.30
2026-08-23T20:41:39Z,5.147,11902.0,0.826,673.5,0.111,1060.9,0.441,498.0,0.377,111.3,22.93,36.52,0.00,0.00,15.30
2026-08-23T20:41:40Z,5.079,11769.6,0.864,673.0,0.111,1060.9,0.452,497.7,0.389,111.2,21.23,36.25,0.00,0.00,15.30
2026-08-23T20:41:42Z,5.009,11815.3,0.812,673.0,0.117,1060.9,0.445,497.7,0.371,111.2,29.05,39.33,0.00,0.00,15.91
2026-08-23T20:41:43Z,4.550,11864.2,0.948,673.7,0.117,1060.9,0.447,498.3,0.373,111.6,30.76,45.37,0.00,0.00,15.91
2026-08-23T20:41:44Z,4.862,11928.0,0.865,673.6,0.113,1060.9,0.467,498.2,0.392,111.5,27.67,39.17,0.00,0.00,15.91
2026-08-23T20:41:45Z,4.803,11993.4,0.878,673.6,0.117,1060.9,0.443,498.2,0.383,111.5,28.89,37.99,0.00,0.00,15.91
2026-08-23T20:41:46Z,4.770,12058.9,0.874,673.7,0.119,1060.9,0.468,498.1,0.385,111.5,29.22,38.41,0.00,0.00,16.40
2026-08-23T20:41:47Z,4.937,12254.6,0.894,673.7,0.112,1060.9,0.459,497.9,0.374,111.4,83.25,37.68,0.00,0.00,16.40
2026-08-23T20:41:48Z,5.117,12349.4,0.896,673.9,0.104,1060.9,0.436,498.2,0.367,111.6,216.30,48.24,0.00,0.00,16.40
2026-08-23T20:41:49Z,5.340,12363.0,0.795,673.7,0.104,1060.9,0.414,498.3,0.354,111.5,143.61,35.20,0.00,0.00,16.40
2026-08-23T20:41:50Z,4.884,12390.4,0.816,673.7,0.107,1060.9,0.438,498.0,0.362,111.5,192.23,116.21,0.00,0.00,16.40
2026-08-23T20:41:51Z,4.725,12381.3,0.775,673.7,0.101,1060.9,0.412,498.3,0.343,111.5,203.96,124.27,0.00,0.00,17.57
2026-08-23T20:41:52Z,4.819,12396.5,0.875,673.6,0.107,1060.9,0.445,498.3,0.384,111.7,178.93,118.52,0.00,0.00,17.57
2026-08-23T20:41:54Z,4.914,12406.0,0.832,674.1,0.101,1060.9,0.436,498.3,0.368,112.0,201.87,136.70,0.00,0.00,17.57
2026-08-23T20:41:55Z,4.558,12402.0,0.838,674.2,0.102,1060.9,0.443,498.0,0.402,111.4,169.58,205.74,0.00,0.00,17.57
2026-08-23T20:41:56Z,4.956,12405.1,0.874,674.1,0.114,1060.9,0.427,498.0,0.356,111.4,166.94,35.78,0.00,0.00,18.49
2026-08-23T20:41:57Z,5.053,12416.3,0.930,674.2,0.112,1060.9,0.440,498.0,0.386,111.5,166.94,36.86,0.00,0.00,18.49
2026-08-23T20:41:58Z,4.851,12416.9,0.875,674.3,0.102,1060.9,0.443,498.3,0.372,111.5,173.37,119.15,0.00,0.00,18.49
2026-08-23T20:41:59Z,5.385,12413.1,0.854,674.4,0.097,1060.9,0.430,498.1,0.362,111.5,123.25,72.18,0.00,0.00,18.49
2026-08-23T20:42:00Z,4.653,12420.1,0.902,674.4,0.092,1060.9,0.457,498.1,0.376,111.5,139.11,238.27,0.00,0.00,18.49
2026-08-23T20:42:01Z,5.049,12424.3,0.910,674.4,0.107,1060.9,0.441,498.3,0.384,111.5,180.87,35.36,0.00,0.00,19.17
2026-08-23T20:42:02Z,5.043,12428.6,0.856,675.0,0.105,1060.9,0.420,498.3,0.346,111.4,204.47,87.39,0.00,0.00,19.17
2026-08-23T20:42:03Z,4.836,12422.2,0.894,675.1,0.106,1060.9,0.460,498.1,0.385,111.5,181.96,77.18,0.00,0.00,19.17
2026-08-23T20:42:05Z,4.762,12422.9,0.842,675.3,0.109,1060.9,0.451,498.0,0.364,111.4,172.61,122.27,0.00,0.00,19.17
2026-08-23T20:42:06Z,4.444,12407.0,0.831,675.5,0.107,1060.9,0.434,498.2,0.365,111.6,183.12,244.82,0.00,0.00,21.24
2026-08-23T20:42:07Z,4.996,12422.0,0.898,675.5,0.113,1061.2,0.464,498.0,0.388,111.5,148.30,36.24,0.00,0.00,21.24
2026-08-23T20:42:08Z,5.041,12423.3,0.840,675.5,0.111,1060.9,0.433,498.1,0.368,111.5,215.73,39.17,0.00,0.00,21.24
2026-08-23T20:42:09Z,5.338,12404.6,0.821,675.6,0.100,1060.9,0.426,498.2,0.344,111.5,136.39,74.65,0.00,0.00,21.24
2026-08-23T20:42:10Z,4.909,12420.4,0.889,675.7,0.098,1060.9,0.469,498.5,0.397,111.5,155.40,118.97,0.00,0.00,21.24
2026-08-23T20:42:11Z,4.570,12419.0,0.821,675.8,0.095,1060.9,0.407,498.2,0.348,111.6,158.60,239.18,0.00,0.00,21.38
2026-08-23T20:42:12Z,5.349,12419.3,0.920,675.9,0.103,1060.9,0.460,498.4,0.402,111.6,112.55,31.10,0.00,0.00,21.38
2026-08-23T20:42:13Z,5.217,12413.9,0.873,675.8,0.100,1061.2,0.434,498.1,0.354,111.5,114.81,36.96,0.00,0.00,21.38
2026-08-23T20:42:14Z,4.792,12425.6,0.891,676.1,0.116,1060.9,0.466,498.2,0.382,111.5,170.52,40.22,0.00,0.00,21.38
2026-08-23T20:42:16Z,4.441,12436.2,0.898,675.9,0.108,1060.9,0.461,498.1,0.376,111.4,191.31,119.56,0.00,0.00,20.87
2026-08-23T20:42:17Z,4.201,12432.4,0.886,675.9,0.100,1060.9,0.438,498.2,0.376,111.5,184.87,254.63,0.00,0.00,20.87
2026-08-23T20:42:18Z,4.727,12429.4,0.870,676.1,0.114,1060.9,0.454,498.4,0.376,111.5,270.06,39.12,0.00,0.00,20.87
2026-08-23T20:42:19Z,4.963,12418.1,0.844,676.0,0.099,1060.9,0.410,498.7,0.357,111.5,172.89,127.15,0.00,0.00,20.87
2026-08-23T20:42:20Z,4.994,12427.2,0.913,676.1,0.100,1060.9,0.454,498.2,0.388,111.5,138.03,75.90,0.00,0.00,20.87
2026-08-23T20:42:21Z,4.553,12407.7,0.880,676.0,0.108,1060.9,0.432,498.4,0.359,111.4,209.37,159.15,0.00,0.00,21.20
2026-08-23T20:42:22Z,4.036,12414.7,0.812,676.2,0.096,1060.9,0.443,498.4,0.380,111.5,143.20,228.35,0.00,0.00,21.20
2026-08-23T20:42:23Z,4.503,12420.3,0.917,676.2,0.110,1060.9,0.449,498.2,0.368,111.7,139.45,38.57,0.00,0.00,21.20
2026-08-23T20:42:24Z,4.212,12398.6,0.902,676.4,0.105,1060.9,0.461,495.9,0.379,111.6,128.62,135.02,0.00,0.00,21.20
2026-08-23T20:42:25Z,4.047,12415.4,0.871,676.1,0.099,1060.9,0.457,496.0,0.375,111.9,139.76,115.79,0.00,0.00,21.20
2026-08-23T20:42:26Z,4.620,12417.9,0.888,676.1,0.103,1060.9,0.446,495.8,0.375,111.6,126.50,151.68,0.00,0.00,22.54
2026-08-23T20:42:28Z,5.076,12389.5,0.879,676.2,0.101,1060.9,0.443,495.8,0.377,111.6,84.73,145.77,0.00,0.00,22.54
2026-08-23T20:42:29Z,5.722,12416.0,0.799,676.5,0.099,1060.9,0.404,496.2,0.314,111.7,58.44,17.31,0.00,0.00,22.54
2026-08-23T20:42:30Z,5.177,12417.1,0.949,676.8,0.105,1060.9,0.464,496.1,0.395,111.9,71.29,14.47,0.00,0.00,22.54
2026-08-23T20:42:31Z,5.200,12408.8,0.874,676.6,0.109,1060.9,0.440,496.0,0.365,111.6,116.35,16.68,0.00,0.00,21.86
2026-08-23T20:42:32Z,5.118,12411.7,0.910,676.9,0.111,1060.9,0.440,495.8,0.364,111.9,131.02,70.72,0.00,0.00,21.86
2026-08-23T20:42:33Z,4.943,12398.0,0.913,676.6,0.112,1060.9,0.439,495.8,0.366,111.6,139.31,17.62,0.00,0.00,21.86
2026-08-23T20:42:34Z,4.761,12412.4,0.893,676.6,0.117,1060.9,0.447,495.8,0.368,111.4,192.74,24.89,0.00,0.00,21.86
2026-08-23T20:42:35Z,4.400,12398.0,0.896,676.4,0.129,1060.9,0.446,496.1,0.374,111.4,160.41,22.69,0.00,0.00,21.86
2026-08-23T20:42:36Z,4.506,12399.7,0.859,676.4,0.123,1060.9,0.446,495.8,0.366,111.4,194.56,21.53,0.00,0.00,21.39
2026-08-23T20:42:37Z,4.081,12385.7,0.836,676.5,0.110,1061.2,0.429,495.8,0.364,111.4,147.86,209.51,0.00,0.00,21.39
2026-08-23T20:42:38Z,5.064,12402.6,0.851,676.6,0.112,1060.9,0.420,495.9,0.354,111.7,164.46,23.02,0.00,0.00,21.39
2026-08-23T20:42:40Z,5.163,12404.5,0.862,676.6,0.108,1060.9,0.447,495.8,0.375,111.4,163.88,16.09,0.00,0.00,21.39
2026-08-23T20:42:41Z,4.569,12393.8,0.864,676.7,0.124,1060.9,0.443,495.8,0.377,111.4,201.08,21.84,0.00,0.00,20.40
2026-08-23T20:42:42Z,4.557,12395.4,0.852,676.6,0.130,1060.9,0.441,495.8,0.365,111.4,213.31,23.62,0.00,0.00,20.40
2026-08-23T20:42:43Z,4.528,12366.2,0.850,676.6,0.127,1060.9,0.442,496.6,0.366,111.5,183.60,23.44,0.00,0.00,20.40
2026-08-23T20:42:44Z,5.154,12404.3,0.852,676.7,0.109,1060.9,0.415,495.9,0.353,111.6,162.61,23.88,0.00,0.00,20.40
2026-08-23T20:42:45Z,4.973,12385.7,0.849,676.5,0.111,1060.9,0.448,496.0,0.370,111.3,135.83,20.11,0.00,0.00,20.40
2026-08-23T20:42:46Z,4.659,12385.7,0.841,676.6,0.120,1060.9,0.454,495.8,0.367,111.3,180.27,24.34,0.00,0.00,19.72
2026-08-23T20:42:47Z,4.615,12387.4,0.857,676.6,0.123,1060.9,0.450,495.6,0.369,111.3,207.25,28.47,0.00,0.00,19.72
2026-08-23T20:42:48Z,4.881,12380.8,0.835,676.6,0.114,1060.9,0.445,495.6,0.358,111.4,173.24,39.58,0.00,0.00,19.72
2026-08-23T20:42:49Z,5.196,12381.8,0.815,676.7,0.101,1060.9,0.447,495.7,0.387,111.3,121.11,35.55,0.00,0.00,19.72
2026-08-23T20:42:50Z,4.531,12384.2,0.870,676.6,0.124,1060.9,0.455,495.7,0.384,111.6,108.70,42.87,0.00,0.00,19.72
2026-08-23T20:42:52Z,4.532,12370.2,0.855,676.6,0.121,1060.9,0.449,495.6,0.372,111.3,141.98,42.50,0.00,0.00,19.91
2026-08-23T20:42:53Z,4.092,11520.1,0.871,676.6,0.130,1060.9,0.452,495.7,0.380,111.3,36.02,45.75,0.00,0.00,19.91
2026-08-23T20:42:54Z,3.667,11562.1,0.834,676.6,0.131,1060.9,0.442,495.7,0.362,111.3,6.17,49.12,0.00,0.00,19.91
2026-08-23T20:42:55Z,3.627,11601.3,0.847,676.8,0.133,1060.9,0.448,495.7,0.369,111.3,6.76,43.64,0.00,0.00,19.91
2026-08-23T20:42:56Z,3.683,11645.5,0.852,676.5,0.132,1060.9,0.446,495.6,0.363,111.2,6.71,46.44,0.00,0.00,18.87
2026-08-23T20:42:57Z,3.793,11686.1,0.864,676.5,0.132,1060.9,0.452,496.1,0.382,111.2,6.49,42.91,0.00,0.00,18.87
2026-08-23T20:42:58Z,4.114,11735.9,0.881,676.5,0.119,1060.9,0.449,495.7,0.372,111.3,6.06,40.87,0.00,0.00,18.87
2026-08-23T20:42:59Z,4.985,11793.9,0.862,676.5,0.112,1060.9,0.443,496.1,0.371,111.2,5.71,48.44,0.00,0.00,18.87
2026-08-23T20:43:00Z,4.157,11813.8,0.853,676.5,0.121,1060.9,0.446,495.6,0.374,111.2,5.93,38.23,0.00,0.00,18.87
2026-08-23T20:43:01Z,3.872,11854.9,0.866,676.5,0.134,1061.2,0.456,495.5,0.373,111.2,6.07,43.45,0.00,0.00,18.48
2026-08-23T20:43:02Z,3.871,11893.7,0.870,676.5,0.130,1060.9,0.448,495.6,0.373,111.5,6.49,43.37,0.00,0.00,18.48
2026-08-23T20:43:04Z,3.628,11929.0,0.843,676.5,0.130,1060.9,0.447,495.5,0.371,111.1,6.51,53.35,0.00,0.00,18.48
2026-08-23T20:43:05Z,3.668,11952.6,0.864,676.5,0.138,1060.9,0.461,496.0,0.371,111.2,6.54,33.94,0.00,0.00,18.48
2026-08-23T20:43:06Z,3.573,11967.9,0.851,676.6,0.131,1060.9,0.447,495.6,0.376,111.6,6.77,23.07,0.00,0.00,17.56
2026-08-23T20:43:07Z,3.682,11984.4,0.866,676.5,0.137,1060.9,0.454,495.8,0.380,111.2,6.96,22.70,0.00,0.00,17.56
2026-08-23T20:43:08Z,3.651,12002.3,0.851,676.5,0.132,1060.9,0.456,495.5,0.375,111.2,6.70,23.01,0.00,0.00,17.56
2026-08-23T20:43:09Z,4.863,12015.5,0.824,676.7,0.114,1060.9,0.447,495.5,0.368,111.2,6.06,17.26,0.00,0.00,17.56
2026-08-23T20:43:10Z,3.555,12031.0,0.835,676.5,0.132,1060.9,0.439,495.6,0.360,111.2,6.63,23.11,0.00,0.00,17.56
2026-08-23T20:43:11Z,3.620,12045.2,0.829,676.4,0.130,1060.9,0.439,495.7,0.358,111.2,6.15,22.84,0.00,0.00,17.52
2026-08-23T20:43:12Z,3.513,12059.0,0.829,676.5,0.136,1060.9,0.440,495.6,0.363,111.2,6.56,24.17,0.00,0.00,17.52
2026-08-23T20:43:13Z,4.212,12101.7,0.829,676.5,0.121,1060.9,0.438,495.8,0.358,111.3,5.80,19.37,0.00,0.00,17.52
2026-08-23T20:43:14Z,5.080,12117.9,0.838,676.5,0.116,1060.9,0.432,495.5,0.362,111.2,6.00,21.73,0.00,0.00,17.52
2026-08-23T20:43:15Z,5.083,12133.6,0.824,676.6,0.113,1060.9,0.428,495.8,0.364,111.3,6.44,16.61,0.00,0.00,17.52
2026-08-23T20:43:17Z,4.824,12147.0,0.814,676.5,0.121,1060.9,0.430,495.5,0.360,111.2,5.76,18.98,0.00,0.00,17.56
2026-08-23T20:43:18Z,5.056,12159.6,0.823,676.5,0.118,1061.2,0.441,495.8,0.368,111.3,6.01,16.69,0.00,0.00,17.56
2026-08-23T20:43:19Z,5.356,12188.9,0.830,676.6,0.109,1060.9,0.440,495.7,0.356,111.3,6.11,14.94,0.00,0.00,17.56
2026-08-23T20:43:20Z,5.251,12156.4,0.813,676.5,0.109,1061.2,0.435,495.5,0.362,111.2,5.35,13.25,0.00,0.00,17.56
2026-08-23T20:43:21Z,3.662,12171.7,0.845,676.5,0.131,1060.9,0.437,495.5,0.364,111.4,6.37,22.08,0.00,0.00,16.87
2026-08-23T20:43:22Z,3.465,12187.5,0.873,676.5,0.132,1060.9,0.440,495.5,0.362,111.2,6.35,23.10,0.00,0.00,16.87
2026-08-23T20:43:23Z,3.579,12200.9,0.888,676.5,0.135,1060.9,0.443,495.5,0.369,111.2,6.28,21.57,0.00,0.00,16.87
2026-08-23T20:43:24Z,3.506,12214.1,0.858,676.5,0.135,1060.9,0.434,495.5,0.362,111.2,6.02,21.59,0.00,0.00,16.87
2026-08-23T20:43:25Z,3.531,12226.8,0.895,676.5,0.135,1060.9,0.442,495.5,0.372,111.2,6.83,27.92,0.00,0.00,16.87
2026-08-23T20:43:26Z,3.932,12239.7,0.875,676.5,0.124,1060.9,0.446,495.5,0.368,111.2,6.11,18.32,0.00,0.00,16.64
2026-08-23T20:43:27Z,4.042,12253.9,0.869,676.8,0.129,1060.9,0.434,495.5,0.362,111.2,5.99,18.67,0.00,0.00,16.64
2026-08-23T20:43:28Z,4.836,12276.7,0.866,676.5,0.116,1060.9,0.430,495.5,0.355,111.3,5.81,14.99,0.00,0.00,16.64
2026-08-23T20:43:30Z,4.951,12279.9,0.883,676.8,0.106,1060.9,0.448,495.5,0.373,111.5,5.42,10.39,0.00,0.00,16.64
2026-08-23T20:43:31Z,4.506,12292.1,0.893,676.6,0.116,1060.9,0.448,495.5,0.370,111.5,5.41,14.32,0.00,0.00,16.03
2026-08-23T20:43:32Z,4.336,12304.6,0.865,676.5,0.128,1060.9,0.443,495.5,0.361,111.2,5.67,18.46,0.00,0.00,16.03
2026-08-23T20:43:33Z,3.638,12317.3,0.881,676.5,0.131,1060.9,0.441,495.4,0.362,111.3,6.66,20.10,0.00,0.00,16.03
2026-08-23T20:43:34Z,3.465,12329.2,0.901,676.5,0.122,1060.9,0.438,495.4,0.360,111.2,5.68,26.70,0.00,0.00,16.03
2026-08-23T20:43:35Z,3.571,12342.4,0.898,676.7,0.125,1060.9,0.443,495.7,0.371,111.4,5.86,23.62,0.00,0.00,16.03
2026-08-23T20:43:36Z,3.642,12325.7,0.892,676.5,0.128,1060.9,0.438,495.5,0.360,111.2,6.53,20.55,0.00,0.00,15.95
2026-08-23T20:43:37Z,3.556,12338.5,0.907,676.7,0.127,1060.9,0.454,495.7,0.377,111.2,6.17,16.29,0.00,0.00,15.95
2026-08-23T20:43:38Z,3.958,12334.5,0.885,676.4,0.120,1060.9,0.440,495.5,0.362,111.3,6.20,15.91,0.00,0.00,15.95
2026-08-23T20:43:39Z,4.666,12327.7,0.878,676.5,0.111,1060.9,0.444,495.5,0.362,111.5,27.14,11.67,0.00,0.00,15.95
2026-08-23T20:43:40Z,3.563,12338.9,0.905,676.5,0.111,1060.9,0.449,495.7,0.361,111.2,4.67,13.83,0.00,0.00,15.95
2026-08-23T20:43:42Z,3.509,12351.1,0.884,676.5,0.119,1060.9,0.445,495.6,0.369,111.2,5.56,15.41,0.00,0.00,16.03
2026-08-23T20:43:43Z,3.478,12353.8,0.882,676.5,0.120,1060.9,0.447,495.4,0.370,111.2,5.65,15.86,0.00,0.00,16.03
2026-08-23T20:43:44Z,3.773,12344.9,0.908,676.8,0.129,1060.9,0.442,495.7,0.358,111.2,5.79,18.14,0.00,0.00,16.03
2026-08-23T20:43:45Z,3.716,12357.0,0.870,676.5,0.134,1060.9,0.438,495.9,0.363,111.2,5.99,21.30,0.00,0.00,16.03
2026-08-23T20:43:46Z,3.539,12340.1,0.875,676.5,0.130,1060.9,0.445,495.4,0.359,111.2,5.53,27.83,0.00,0.00,15.71
2026-08-23T20:43:47Z,3.491,12353.1,0.864,676.5,0.135,1061.2,0.431,495.4,0.358,111.2,5.44,22.72,0.00,0.00,15.71
2026-08-23T20:43:48Z,3.494,12343.5,0.853,676.6,0.129,1060.9,0.430,496.0,0.358,111.3,5.52,20.74,0.00,0.00,15.71
2026-08-23T20:43:49Z,4.848,12319.9,0.887,676.6,0.119,1060.9,0.446,495.5,0.370,111.3,5.10,13.61,0.00,0.00,15.71
2026-08-23T20:43:50Z,3.483,12331.4,0.873,676.6,0.135,1061.2,0.443,495.5,0.367,111.3,5.25,21.91,0.00,0.00,15.71
2026-08-23T20:43:51Z,3.478,12342.5,0.869,676.6,0.136,1060.9,0.443,496.0,0.366,111.3,5.19,21.42,0.00,0.00,15.41
2026-08-23T20:43:52Z,3.483,12355.5,0.861,676.5,0.135,1060.9,0.433,495.5,0.360,111.2,6.03,21.20,0.00,0.00,15.41
2026-08-23T20:43:53Z,3.438,12338.7,0.864,676.5,0.135,1060.9,0.440,495.8,0.358,111.2,5.65,21.45,0.00,0.00,15.41
2026-08-23T20:43:54Z,3.469,12350.1,0.865,676.5,0.134,1061.2,0.430,495.8,0.363,111.2,5.51,20.79,0.00,0.00,15.41
2026-08-23T20:43:56Z,3.370,12333.6,0.846,676.6,0.128,1060.9,0.421,496.0,0.349,111.2,5.32,26.88,0.00,0.00,15.22
2026-08-23T20:43:57Z,3.540,12345.1,0.883,676.8,0.135,1060.9,0.432,496.3,0.365,111.3,5.22,21.42,0.00,0.00,15.22
2026-08-23T20:43:58Z,3.715,12329.0,0.898,676.6,0.134,1060.9,0.438,495.4,0.368,111.2,5.77,20.73,0.00,0.00,15.22
2026-08-23T20:43:59Z,4.903,12313.5,0.817,676.6,0.121,1060.9,0.428,495.5,0.358,111.3,5.14,15.74,0.00,0.00,15.22
2026-08-23T20:44:00Z,3.810,12324.9,0.882,676.5,0.128,1060.9,0.450,495.4,0.371,111.2,5.21,19.11,0.00,0.00,15.22
2026-08-23T20:44:01Z,3.681,12336.4,0.854,676.5,0.127,1060.9,0.434,495.9,0.365,111.2,5.42,19.02,0.00,0.00,15.20
2026-08-23T20:44:02Z,3.605,12320.3,0.852,676.6,0.134,1060.9,0.431,495.4,0.360,111.2,5.83,20.59,0.00,0.00,15.20
2026-08-23T20:44:03Z,3.505,12332.8,0.856,676.5,0.135,1060.9,0.434,495.4,0.355,111.2,5.89,21.69,0.00,0.00,15.20
2026-08-23T20:44:04Z,3.482,12345.1,0.868,676.5,0.136,1060.9,0.441,495.5,0.361,111.2,5.20,24.96,0.00,0.00,15.20
2026-08-23T20:44:05Z,3.462,12329.0,0.859,676.5,0.127,1060.9,0.437,495.4,0.358,111.2,5.46,36.64,0.00,0.00,15.20
2026-08-23T20:44:06Z,3.543,12340.9,0.890,676.5,0.139,1060.9,0.442,495.4,0.368,111.2,6.13,20.98,0.00,0.00,15.02
2026-08-23T20:44:07Z,3.222,12324.1,0.858,676.9,0.121,1060.9,0.434,495.6,0.365,111.7,5.71,17.42,0.00,0.00,15.02
2026-08-23T20:44:09Z,3.593,12318.2,0.824,677.2,0.100,1060.9,0.449,496.1,0.369,112.3,4.56,10.62,0.00,0.00,15.02
2026-08-23T20:44:10Z,4.690,12318.1,0.945,677.3,0.113,1061.2,0.474,496.1,0.402,112.3,5.14,12.75,0.00,0.00,15.02
2026-08-23T20:44:11Z,3.864,12330.5,0.952,677.5,0.121,1061.2,0.475,495.9,0.395,112.2,5.12,15.85,0.00,0.00,14.86
2026-08-23T20:44:12Z,3.450,12312.2,0.882,677.3,0.135,1060.9,0.438,496.5,0.364,112.2,5.34,21.04,0.00,0.00,14.86
2026-08-23T20:44:13Z,3.501,12323.7,0.861,677.4,0.131,1060.9,0.436,496.2,0.365,112.2,4.78,20.49,0.00,0.00,14.86
2026-08-23T20:44:14Z,3.743,12288.0,0.865,677.4,0.132,1060.9,0.434,496.0,0.367,112.5,5.50,19.70,0.00,0.00,14.86
2026-08-23T20:44:15Z,5.106,12238.9,0.872,677.4,0.114,1061.2,0.423,496.1,0.356,111.8,4.08,13.15,0.00,0.00,14.86
2026-08-23T20:44:16Z,4.940,12248.9,0.860,677.3,0.119,1060.9,0.429,496.2,0.365,111.8,4.45,21.71,0.00,0.00,15.67
2026-08-23T20:44:17Z,4.975,12259.4,0.831,677.4,0.117,1060.9,0.421,496.4,0.362,111.8,4.67,14.69,0.00,0.00,15.67
2026-08-23T20:44:18Z,5.213,12283.8,0.795,677.7,0.112,1060.9,0.419,496.3,0.345,111.8,4.26,13.22,0.00,0.00,15.67
2026-08-23T20:44:19Z,5.407,12307.1,0.816,677.4,0.107,1060.9,0.434,496.1,0.367,111.5,96.28,10.65,0.00,0.00,15.67
2026-08-23T20:44:21Z,5.330,12253.6,0.813,677.5,0.104,1060.9,0.441,496.4,0.369,111.5,89.78,11.32,0.00,0.00,15.67
2026-08-23T20:44:22Z,5.364,12274.6,0.789,678.1,0.108,1060.9,0.437,496.1,0.359,111.5,32.44,13.34,0.00,0.00,16.82
2026-08-23T20:44:23Z,5.159,12294.0,0.833,677.9,0.106,1060.9,0.443,496.6,0.379,111.5,7.97,14.61,0.00,0.00,16.82
2026-08-23T20:44:24Z,5.026,12286.4,0.870,677.8,0.115,1060.9,0.426,496.1,0.371,111.5,4.43,13.35,0.00,0.00,16.82
2026-08-23T20:44:25Z,4.876,12288.5,0.834,677.8,0.111,1060.9,0.434,496.2,0.368,111.4,4.35,14.02,0.00,0.00,16.82
2026-08-23T20:44:26Z,5.118,12281.1,0.870,677.7,0.110,1060.9,0.443,496.2,0.372,111.4,4.20,21.32,0.00,0.00,17.88
2026-08-23T20:44:27Z,5.583,12291.9,0.835,678.1,0.107,1060.9,0.399,496.2,0.343,111.5,4.11,11.43,0.00,0.00,17.88
2026-08-23T20:44:28Z,5.400,12277.3,0.809,678.1,0.109,1060.9,0.396,496.2,0.354,111.4,3.99,11.74,0.00,0.00,17.88
2026-08-23T20:44:29Z,5.294,12283.2,0.819,678.1,0.109,1060.9,0.419,496.2,0.352,111.5,3.76,11.35,0.00,0.00,17.88
2026-08-23T20:44:30Z,4.375,12292.7,0.850,678.2,0.126,1060.9,0.453,496.1,0.371,111.3,4.26,18.09,0.00,0.00,17.88
2026-08-23T20:44:31Z,3.658,12303.5,0.850,678.0,0.130,1060.9,0.451,496.2,0.365,111.4,4.60,19.05,0.00,0.00,17.65
2026-08-23T20:44:33Z,3.569,12313.9,0.830,678.1,0.125,1060.9,0.438,496.7,0.360,111.4,4.46,18.69,0.00,0.00,17.65
2026-08-23T20:44:34Z,3.454,12324.4,0.839,678.1,0.136,1060.9,0.442,496.2,0.369,111.4,4.72,21.30,0.00,0.00,17.65
2026-08-23T20:44:35Z,3.515,12310.4,0.861,678.1,0.135,1061.2,0.450,496.2,0.368,111.3,4.69,21.14,0.00,0.00,17.65
2026-08-23T20:44:36Z,3.431,12320.6,0.830,678.1,0.133,1060.9,0.433,496.4,0.361,111.6,4.15,40.84,0.00,0.00,17.19
2026-08-23T20:44:37Z,3.560,12303.4,0.860,678.1,0.129,1060.9,0.445,496.5,0.364,111.4,4.79,27.35,0.00,0.00,17.19
2026-08-23T20:44:38Z,3.485,12316.3,0.830,678.1,0.133,1060.9,0.431,496.4,0.364,111.4,4.16,20.29,0.00,0.00,17.19
2026-08-23T20:44:39Z,4.744,12295.7,0.822,678.1,0.113,1060.9,0.439,496.3,0.370,111.4,3.52,15.49,0.00,0.00,17.19
2026-08-23T20:44:40Z,3.523,12306.4,0.839,678.1,0.131,1060.9,0.424,496.2,0.361,111.4,4.45,22.07,0.00,0.00,17.19
2026-08-23T20:44:41Z,3.445,12318.0,0.832,678.1,0.136,1060.9,0.445,496.2,0.369,111.3,4.25,21.77,0.00,0.00,16.86
2026-08-23T20:44:42Z,3.571,12300.6,0.889,678.1,0.127,1060.9,0.454,496.5,0.375,111.4,4.26,18.89,0.00,0.00,16.86
2026-08-23T20:44:43Z,3.566,12314.1,0.824,678.1,0.135,1060.9,0.431,496.2,0.356,111.4,3.92,25.80,0.00,0.00,16.86
2026-08-23T20:44:44Z,3.682,12299.9,0.852,678.0,0.135,1060.9,0.438,496.2,0.371,111.3,3.89,24.80,0.00,0.00,16.86
2026-08-23T20:44:46Z,3.580,12287.6,0.836,678.0,0.134,1060.9,0.442,496.4,0.363,111.3,4.03,25.16,0.00,0.00,16.86
2026-08-23T20:44:47Z,3.417,12303.1,0.821,678.1,0.134,1060.9,0.440,496.5,0.355,111.3,4.23,33.30,0.00,0.00,16.79
2026-08-23T20:44:48Z,3.461,12289.8,0.850,678.1,0.134,1060.9,0.436,496.2,0.367,111.3,4.38,25.08,0.00,0.00,16.79
2026-08-23T20:44:49Z,4.428,12295.7,0.806,678.1,0.120,1060.9,0.428,496.2,0.354,111.6,3.92,20.21,0.00,0.00,16.79
2026-08-23T20:44:50Z,3.815,12293.3,0.835,678.0,0.132,1060.9,0.437,496.1,0.371,111.3,4.19,24.36,0.00,0.00,16.79
2026-08-23T20:44:51Z,3.489,12309.3,0.836,678.0,0.136,1060.9,0.434,496.6,0.356,111.3,4.39,27.03,0.00,0.00,16.57
2026-08-23T20:44:52Z,3.354,12295.9,0.813,678.0,0.139,1060.9,0.434,496.1,0.356,111.3,5.05,26.34,0.00,0.00,16.57
2026-08-23T20:44:53Z,3.479,12282.0,0.841,678.0,0.134,1060.9,0.444,496.1,0.365,111.3,4.72,23.92,0.00,0.00,16.57
2026-08-23T20:44:54Z,3.396,12295.9,0.831,678.0,0.137,1060.9,0.425,496.1,0.358,111.2,4.35,25.07,0.00,0.00,16.57
2026-08-23T20:44:55Z,3.486,12283.7,0.836,678.0,0.139,1060.9,0.443,496.4,0.363,111.3,4.87,25.76,0.00,0.00,16.57
2026-08-23T20:44:56Z,3.416,12300.4,0.869,678.0,0.135,1060.9,0.422,496.1,0.351,111.2,5.11,26.33,0.00,0.00,16.44
2026-08-23T20:44:57Z,3.968,12287.5,0.878,678.0,0.132,1060.9,0.447,496.1,0.368,111.3,4.77,30.62,0.00,0.00,16.44
2026-08-23T20:44:58Z,4.617,12284.0,0.851,678.0,0.119,1060.9,0.412,496.2,0.350,111.3,4.50,20.13,0.00,0.00,16.44
2026-08-23T20:45:00Z,4.652,12288.9,0.889,678.0,0.116,1060.9,0.444,496.2,0.384,111.3,3.96,16.91,0.00,0.00,16.44
2026-08-23T20:45:01Z,3.943,12276.2,0.882,678.0,0.129,1060.9,0.437,496.2,0.363,111.3,4.35,22.87,0.00,0.00,16.40
2026-08-23T20:45:02Z,3.945,12289.9,0.905,678.0,0.138,1060.9,0.470,496.1,0.388,111.3,5.17,21.08,0.00,0.00,16.40
2026-08-23T20:45:03Z,4.003,12270.9,0.891,678.0,0.128,1060.9,0.430,496.2,0.365,111.5,4.27,17.12,0.00,0.00,16.40
2026-08-23T20:45:04Z,3.340,12284.5,0.857,678.0,0.134,1060.9,0.428,496.4,0.357,111.2,4.44,25.14,0.00,0.00,16.40
2026-08-23T20:45:05Z,3.406,12270.9,0.877,677.9,0.136,1060.9,0.442,496.7,0.365,111.2,4.66,24.98,0.00,0.00,16.40
2026-08-23T20:45:06Z,3.457,12284.1,0.884,677.9,0.133,1060.9,0.443,496.1,0.365,111.2,3.87,35.13,0.00,0.00,16.85
2026-08-23T20:45:07Z,3.384,12297.7,0.865,677.9,0.139,1061.2,0.434,496.4,0.357,111.2,4.62,34.97,0.00,0.00,16.85
2026-08-23T20:45:08Z,3.757,12294.3,0.850,677.9,0.129,1060.9,0.428,496.4,0.357,111.4,4.15,23.88,0.00,0.00,16.85
2026-08-23T20:45:09Z,4.505,12266.2,0.844,678.0,0.120,1060.9,0.445,496.1,0.375,111.2,3.73,18.99,0.00,0.00,16.85
2026-08-23T20:45:10Z,3.401,12278.2,0.859,678.2,0.136,1061.2,0.440,496.4,0.363,111.3,4.09,24.97,0.00,0.00,16.85
2026-08-23T20:45:12Z,3.406,12262.0,0.872,678.0,0.136,1060.9,0.432,496.3,0.353,111.5,3.72,28.15,0.00,0.00,16.54
2026-08-23T20:45:13Z,3.366,12273.5,0.860,678.0,0.137,1060.9,0.438,496.1,0.359,111.3,4.05,25.46,0.00,0.00,16.54
2026-08-23T20:45:14Z,3.911,12286.2,0.883,678.0,0.126,1060.9,0.449,496.1,0.368,111.3,3.75,21.72,0.00,0.00,16.54
2026-08-23T20:45:15Z,4.067,12268.1,0.873,678.0,0.125,1060.9,0.441,496.0,0.356,111.3,3.53,20.83,0.00,0.00,16.54
2026-08-23T20:45:16Z,3.586,12280.0,0.876,678.0,0.132,1060.9,0.439,496.1,0.366,111.3,4.45,24.57,0.00,0.00,16.74
2026-08-23T20:45:17Z,3.417,12262.7,0.864,678.0,0.134,1061.2,0.423,496.3,0.357,111.7,3.16,24.55,0.00,0.00,16.74
2026-08-23T20:45:18Z,3.458,12277.1,0.877,678.0,0.136,1060.9,0.440,496.3,0.366,111.2,3.97,32.27,0.00,0.00,16.74
2026-08-23T20:45:19Z,4.728,12258.9,0.889,678.0,0.116,1060.9,0.449,496.1,0.370,111.3,3.55,17.61,0.00,0.00,16.74
2026-08-23T20:45:20Z,3.475,12268.4,0.872,678.0,0.138,1060.9,0.438,496.1,0.364,111.2,3.95,23.08,0.00,0.00,16.74
2026-08-23T20:45:21Z,3.335,12278.1,0.856,678.0,0.135,1060.9,0.424,496.3,0.355,111.5,3.92,24.62,0.00,0.00,16.68
2026-08-23T20:45:22Z,3.365,12261.5,0.872,678.0,0.136,1060.9,0.423,496.0,0.357,111.2,3.99,24.64,0.00,0.00,16.68
2026-08-23T20:45:23Z,3.286,12272.2,0.859,678.0,0.137,1060.9,0.436,496.3,0.362,111.3,3.97,24.50,0.00,0.00,16.68
2026-08-23T20:45:24Z,3.563,12254.9,0.907,678.0,0.138,1061.2,0.446,496.1,0.372,111.5,3.66,23.65,0.00,0.00,16.68
2026-08-23T20:45:26Z,4.264,12264.2,0.883,677.9,0.128,1060.9,0.445,496.1,0.360,111.5,3.51,21.16,0.00,0.00,16.39
2026-08-23T20:45:27Z,4.748,12276.2,0.897,677.9,0.124,1060.9,0.456,496.1,0.381,111.3,3.46,20.43,0.00,0.00,16.39
2026-08-23T20:45:28Z,4.719,12260.9,0.842,677.9,0.122,1060.9,0.435,496.3,0.356,111.2,3.31,31.36,0.00,0.00,16.39
2026-08-23T20:45:29Z,5.280,12236.0,0.782,678.0,0.109,1060.9,0.408,496.1,0.335,111.9,3.05,26.18,0.00,0.00,16.39
2026-08-23T20:45:30Z,5.165,12229.3,0.869,678.1,0.108,1060.9,0.446,496.5,0.383,111.4,3.17,23.75,0.00,0.00,16.39
2026-08-23T20:45:31Z,5.089,12239.2,0.923,678.2,0.113,1060.9,0.460,496.2,0.378,111.4,2.77,32.99,0.00,0.00,17.72
2026-08-23T20:45:32Z,5.072,12249.1,0.854,678.1,0.116,1060.9,0.436,496.1,0.356,111.3,3.27,37.62,0.00,0.00,17.72
2026-08-23T20:45:33Z,4.962,12236.6,0.871,678.1,0.119,1060.9,0.441,496.2,0.364,111.4,3.19,40.46,0.00,0.00,17.72
2026-08-23T20:45:34Z,5.055,12264.8,0.869,678.1,0.116,1060.9,0.428,496.4,0.361,111.3,2.88,35.97,0.00,0.00,17.72
2026-08-23T20:45:35Z,4.335,12239.5,0.881,678.1,0.125,1060.9,0.443,496.2,0.369,111.6,3.43,40.07,0.00,0.00,17.72
2026-08-23T20:45:37Z,3.495,12248.5,0.869,678.1,0.133,1060.9,0.442,496.1,0.370,111.3,3.70,54.82,0.00,0.00,17.10
2026-08-23T20:45:38Z,3.662,12254.6,0.905,678.0,0.135,1060.9,0.450,496.2,0.372,111.3,3.87,48.92,0.00,0.00,17.10
2026-08-23T20:45:39Z,4.414,12266.0,0.873,678.1,0.122,1060.9,0.450,496.3,0.364,111.3,26.41,40.05,0.00,0.00,17.10
2026-08-23T20:45:40Z,4.243,12270.8,0.922,678.0,0.132,1060.9,0.472,495.9,0.385,111.3,109.32,39.64,0.00,0.00,17.10
2026-08-23T20:45:41Z,4.122,12247.1,0.921,678.0,0.130,1060.9,0.462,496.1,0.376,111.3,106.84,31.07,0.00,0.00,17.57
2026-08-23T20:45:42Z,4.104,12247.9,0.875,678.0,0.125,1060.9,0.434,495.8,0.362,111.3,3.92,24.79,0.00,0.00,17.57
2026-08-23T20:45:43Z,3.394,12260.9,0.880,678.0,0.137,1060.9,0.434,495.9,0.360,111.3,3.47,27.64,0.00,0.00,17.57
2026-08-23T20:45:44Z,3.626,12245.8,0.881,678.0,0.135,1060.9,0.437,495.9,0.363,111.2,3.42,23.85,0.00,0.00,17.57
2026-08-23T20:45:45Z,3.558,12259.4,0.908,678.0,0.132,1060.9,0.445,495.9,0.361,111.2,3.74,22.45,0.00,0.00,17.57
2026-08-23T20:45:46Z,3.454,12245.4,0.890,678.0,0.136,1060.9,0.443,495.9,0.366,111.3,4.22,24.78,0.00,0.00,17.37
2026-08-23T20:45:47Z,3.360,12258.2,0.872,678.0,0.138,1061.2,0.429,495.8,0.347,111.2,3.65,24.44,0.00,0.00,17.37
2026-08-23T20:45:48Z,3.980,12259.5,0.873,678.0,0.131,1060.9,0.433,495.9,0.366,111.5,3.89,23.76,0.00,0.00,17.37
2026-08-23T20:45:50Z,4.367,12231.7,0.868,678.0,0.124,1060.9,0.445,496.6,0.365,111.2,3.13,20.61,0.00,0.00,17.37
2026-08-23T20:45:51Z,3.367,12247.2,0.856,678.0,0.135,1060.9,0.441,495.9,0.360,111.5,4.04,24.89,0.00,0.00,17.98
2026-08-23T20:45:52Z,3.390,12234.5,0.866,678.0,0.135,1060.9,0.440,495.9,0.358,111.3,4.28,26.14,0.00,0.00,17.98
2026-08-23T20:45:53Z,3.312,12249.4,0.832,678.0,0.133,1060.9,0.431,496.1,0.355,111.2,4.17,25.79,0.00,0.00,17.98
2026-08-23T20:45:54Z,3.404,12238.7,0.859,678.0,0.134,1060.9,0.442,495.9,0.362,111.3,4.52,34.22,0.00,0.00,17.98
2026-08-23T20:45:55Z,3.372,12255.0,0.856,677.9,0.135,1060.9,0.422,496.1,0.355,111.2,4.37,26.69,0.00,0.00,17.98
2026-08-23T20:45:56Z,3.343,12242.9,0.837,678.0,0.136,1060.9,0.433,495.9,0.358,111.2,4.44,26.90,0.00,0.00,17.66
2026-08-23T20:45:57Z,3.429,12234.5,0.851,678.5,0.137,1060.9,0.448,495.9,0.361,111.5,4.92,29.08,0.00,0.00,17.66
2026-08-23T20:45:58Z,3.690,12229.3,0.850,678.0,0.132,1060.9,0.429,495.9,0.355,111.2,4.23,24.48,0.00,0.00,17.66
2026-08-23T20:45:59Z,4.687,12236.3,0.855,678.0,0.118,1060.9,0.447,495.9,0.369,111.3,4.15,18.47,0.00,0.00,17.66
2026-08-23T20:46:00Z,3.506,12251.2,0.836,678.0,0.133,1060.9,0.433,495.9,0.356,111.2,3.99,24.62,0.00,0.00,17.66
2026-08-23T20:46:01Z,3.610,12240.2,0.850,678.0,0.136,1060.9,0.437,496.4,0.364,111.2,4.41,25.29,0.00,0.00,17.12
2026-08-23T20:46:02Z,3.554,12255.4,0.838,678.0,0.134,1060.9,0.435,495.9,0.363,111.2,4.61,25.63,0.00,0.00,17.12
2026-08-23T20:46:04Z,3.384,12243.0,0.831,678.2,0.137,1060.9,0.437,495.9,0.358,111.2,4.36,32.59,0.00,0.00,17.12
2026-08-23T20:46:05Z,3.385,12228.5,0.837,678.0,0.135,1060.9,0.443,496.1,0.363,111.3,4.05,24.70,0.00,0.00,17.12
2026-08-23T20:46:06Z,3.399,12242.9,0.822,678.2,0.140,1060.9,0.437,495.9,0.363,111.2,4.33,25.93,0.00,0.00,17.36
2026-08-23T20:46:07Z,3.371,12231.7,0.834,678.0,0.135,1060.9,0.440,495.9,0.364,111.2,4.58,26.28,0.00,0.00,17.36
2026-08-23T20:46:08Z,3.397,12247.3,0.822,677.9,0.136,1060.9,0.435,496.1,0.356,111.2,4.44,36.37,0.00,0.00,17.36
2026-08-23T20:46:09Z,4.746,12208.2,0.822,678.1,0.115,1060.9,0.429,495.9,0.370,111.6,4.38,19.05,0.00,0.00,17.36
2026-08-23T20:46:10Z,3.545,12223.9,0.850,678.0,0.138,1060.9,0.447,495.9,0.366,111.3,4.57,25.81,0.00,0.00,17.36
2026-08-23T20:46:11Z,3.374,12239.8,0.812,678.2,0.138,1060.9,0.431,495.9,0.355,111.2,4.46,28.06,0.00,0.00,17.41
2026-08-23T20:46:12Z,3.342,12225.9,0.823,678.0,0.134,1060.9,0.435,496.2,0.361,111.3,4.13,25.62,0.00,0.00,17.41
2026-08-23T20:46:13Z,3.504,12238.2,0.837,678.0,0.137,1060.9,0.442,496.4,0.369,111.5,3.95,34.42,0.00,0.00,17.41
2026-08-23T20:46:14Z,3.561,12224.8,0.833,678.0,0.133,1060.9,0.432,495.9,0.358,111.2,4.10,24.80,0.00,0.00,17.41
2026-08-23T20:46:15Z,3.560,12238.2,0.827,678.0,0.136,1060.9,0.440,495.9,0.363,111.5,3.71,25.08,0.00,0.00,17.41
2026-08-23T20:46:17Z,3.334,12224.1,0.808,677.9,0.138,1060.9,0.424,495.9,0.352,111.2,4.10,26.11,0.00,0.00,16.89
2026-08-23T20:46:18Z,3.467,12237.9,0.861,678.0,0.135,1060.9,0.453,495.9,0.383,111.3,4.19,22.69,0.00,0.00,16.89
2026-08-23T20:46:19Z,4.512,12198.4,0.806,678.0,0.122,1060.9,0.432,496.2,0.354,111.3,4.14,20.77,0.00,0.00,16.89
2026-08-23T20:46:20Z,3.627,12211.5,0.841,678.0,0.134,1060.9,0.459,496.1,0.374,111.3,4.72,23.51,0.00,0.00,16.89
2026-08-23T20:46:21Z,3.398,12221.5,0.823,678.0,0.140,1060.9,0.440,495.9,0.364,111.2,4.09,24.75,0.00,0.00,16.50
2026-08-23T20:46:22Z,3.297,12204.9,0.819,678.0,0.134,1060.9,0.434,496.1,0.358,111.3,4.63,25.14,0.00,0.00,16.50
2026-08-23T20:46:23Z,4.919,12189.8,0.834,678.0,0.117,1060.9,0.426,495.9,0.364,111.3,4.21,17.37,0.00,0.00,16.50
2026-08-23T20:46:24Z,5.095,12198.6,0.826,678.0,0.121,1060.9,0.429,495.9,0.354,111.2,4.13,24.67,0.00,0.00,16.50
2026-08-23T20:46:25Z,5.093,12208.1,0.818,678.0,0.120,1060.9,0.431,495.9,0.357,111.2,4.30,16.97,0.00,0.00,16.50
2026-08-23T20:46:26Z,5.121,12191.9,0.843,678.0,0.115,1060.9,0.443,495.9,0.364,111.5,4.15,15.64,0.00,0.00,17.02
2026-08-23T20:46:27Z,5.265,12200.6,0.782,678.0,0.113,1060.9,0.430,495.9,0.355,111.3,3.91,14.81,0.00,0.00,17.02
2026-08-23T20:46:29Z,5.358,12197.3,0.788,678.0,0.107,1060.9,0.414,495.9,0.348,111.3,3.61,14.50,0.00,0.00,17.02
2026-08-23T20:46:30Z,5.071,12160.5,0.799,678.1,0.110,1060.9,0.458,495.9,0.377,111.3,3.45,12.81,0.00,0.00,17.02
2026-08-23T20:46:31Z,4.332,12169.2,0.867,678.1,0.129,1060.9,0.443,495.9,0.367,111.3,4.19,20.57,0.00,0.00,17.58
2026-08-23T20:46:32Z,4.364,12176.9,0.867,678.1,0.130,1060.9,0.434,496.1,0.360,111.2,3.39,19.82,0.00,0.00,17.58
2026-08-23T20:46:33Z,3.775,12186.3,0.878,678.0,0.132,1060.9,0.448,496.1,0.371,111.5,4.41,22.45,0.00,0.00,17.58
2026-08-23T20:46:34Z,3.407,12195.2,0.891,678.0,0.136,1060.9,0.444,496.1,0.364,111.3,4.04,29.33,0.00,0.00,17.58
2026-08-23T20:46:35Z,3.406,12181.0,0.884,678.0,0.135,1060.9,0.443,495.9,0.371,111.2,3.92,22.59,0.00,0.00,17.58
2026-08-23T20:46:36Z,4.842,12164.8,0.871,678.0,0.119,1060.9,0.446,495.8,0.356,111.2,3.34,16.85,0.00,0.00,18.66
2026-08-23T20:46:37Z,5.035,12174.2,0.837,678.2,0.118,1061.2,0.424,495.9,0.345,111.3,3.65,14.65,0.00,0.00,18.66
2026-08-23T20:46:38Z,5.037,12193.6,0.864,678.0,0.113,1060.9,0.421,496.1,0.357,111.3,3.84,26.34,0.00,0.00,18.66
2026-08-23T20:46:39Z,5.478,12163.6,0.843,678.1,0.105,1060.9,0.417,496.0,0.342,111.7,3.81,13.99,0.00,0.00,18.66
2026-08-23T20:46:40Z,5.169,12155.1,0.881,678.1,0.110,1060.9,0.447,496.0,0.398,111.4,3.34,12.90,0.00,0.00,18.66
2026-08-23T20:46:42Z,4.921,12162.5,0.861,678.3,0.119,1060.9,0.433,496.0,0.355,111.3,3.81,16.91,0.00,0.00,19.24
2026-08-23T20:46:43Z,3.483,12146.9,0.875,678.3,0.134,1060.9,0.440,495.9,0.361,111.6,4.45,23.23,0.00,0.00,19.24
2026-08-23T20:46:44Z,3.563,12157.5,0.878,678.1,0.131,1060.9,0.436,496.4,0.359,111.3,3.70,24.44,0.00,0.00,19.24
2026-08-23T20:46:45Z,3.576,12169.5,0.875,678.0,0.132,1060.9,0.434,496.0,0.365,111.3,4.28,29.32,0.00,0.00,19.24
2026-08-23T20:46:46Z,3.439,12180.8,0.863,678.0,0.139,1060.9,0.434,496.2,0.360,111.2,4.27,23.63,0.00,0.00,18.34
2026-08-23T20:46:47Z,3.274,12190.9,0.848,678.3,0.137,1060.9,0.431,495.9,0.360,111.3,4.13,23.12,0.00,0.00,18.34
2026-08-23T20:46:48Z,3.430,12180.6,0.860,678.0,0.135,1060.9,0.442,495.9,0.367,111.3,3.76,23.27,0.00,0.00,18.34
2026-08-23T20:46:49Z,4.611,12184.6,0.873,678.0,0.113,1060.9,0.440,495.8,0.361,111.2,3.21,16.75,0.00,0.00,18.34
2026-08-23T20:46:50Z,3.380,12196.6,0.886,678.0,0.135,1060.9,0.439,495.9,0.369,111.3,3.82,22.46,0.00,0.00,18.34
2026-08-23T20:46:51Z,3.389,12209.6,0.878,678.0,0.139,1060.9,0.433,495.8,0.359,111.2,4.46,25.31,0.00,0.00,17.52
2026-08-23T20:46:52Z,3.257,12195.1,0.843,678.2,0.132,1060.9,0.422,495.9,0.351,111.3,4.72,24.03,0.00,0.00,17.52
2026-08-23T20:46:53Z,3.286,12205.5,0.856,678.0,0.134,1060.9,0.437,495.9,0.356,111.3,4.48,23.62,0.00,0.00,17.52
2026-08-23T20:46:55Z,3.320,12189.8,0.859,677.9,0.134,1060.9,0.427,496.1,0.352,111.2,4.29,31.16,0.00,0.00,17.52
2026-08-23T20:46:56Z,3.392,12199.5,0.903,678.0,0.138,1060.9,0.450,495.9,0.365,111.2,3.73,22.38,0.00,0.00,17.23
2026-08-23T20:46:57Z,3.364,12185.1,0.873,677.9,0.138,1060.9,0.433,495.8,0.359,111.4,4.42,23.76,0.00,0.00,17.23
2026-08-23T20:46:58Z,3.401,12196.3,0.873,678.0,0.136,1060.9,0.432,495.9,0.355,111.2,3.80,23.53,0.00,0.00,17.23
2026-08-23T20:46:59Z,4.696,12187.1,0.856,678.1,0.116,1060.9,0.420,495.9,0.351,111.6,3.54,16.55,0.00,0.00,17.23
2026-08-23T20:47:00Z,3.727,12190.7,0.876,678.0,0.135,1060.9,0.442,496.1,0.366,111.2,4.20,22.81,0.00,0.00,17.23
2026-08-23T20:47:01Z,3.618,12175.8,0.882,678.3,0.135,1060.9,0.434,496.2,0.369,111.3,4.39,22.87,0.00,0.00,17.29
2026-08-23T20:47:02Z,3.486,12189.0,0.864,678.3,0.135,1060.9,0.432,495.8,0.359,111.2,5.00,24.00,0.00,0.00,17.29
2026-08-23T20:47:03Z,3.438,12174.3,0.878,678.0,0.139,1060.9,0.440,495.9,0.367,111.3,3.90,25.33,0.00,0.00,17.29
2026-08-23T20:47:04Z,3.332,12186.2,0.878,678.2,0.135,1060.9,0.436,496.2,0.363,111.2,3.77,25.88,0.00,0.00,17.29
2026-08-23T20:47:05Z,3.316,12173.8,0.849,678.0,0.137,1060.9,0.436,495.9,0.364,111.2,4.00,32.60,0.00,0.00,17.29
2026-08-23T20:47:06Z,3.464,12187.6,0.883,678.0,0.136,1060.9,0.440,495.9,0.372,111.2,4.12,25.81,0.00,0.00,17.43
2026-08-23T20:47:08Z,3.286,12175.3,0.842,678.0,0.131,1060.9,0.419,496.1,0.343,111.2,4.42,26.26,0.00,0.00,17.43
2026-08-23T20:47:09Z,4.216,12179.3,0.828,678.0,0.121,1060.9,0.427,496.6,0.356,111.4,4.21,32.23,0.00,0.00,17.43
2026-08-23T20:47:10Z,3.926,12177.7,0.892,678.0,0.129,1060.9,0.440,495.9,0.374,111.6,4.34,22.62,0.00,0.00,17.43
2026-08-23T20:47:11Z,3.344,12163.4,0.861,678.1,0.139,1060.9,0.438,495.8,0.360,111.3,4.50,24.96,0.00,0.00,16.76
2026-08-23T20:47:12Z,3.416,12174.9,0.892,678.3,0.136,1060.9,0.444,495.9,0.367,111.3,4.31,23.88,0.00,0.00,16.76
2026-08-23T20:47:13Z,3.369,12188.7,0.864,678.0,0.138,1061.2,0.436,495.9,0.358,111.3,4.57,25.54,0.00,0.00,16.76
2026-08-23T20:47:14Z,3.545,12173.7,0.853,678.1,0.132,1060.9,0.436,496.1,0.361,111.3,4.87,26.74,0.00,0.00,16.76
2026-08-23T20:47:15Z,3.672,12188.5,0.879,678.0,0.131,1060.9,0.443,495.9,0.364,111.2,4.72,29.77,0.00,0.00,16.76
2026-08-23T20:47:16Z,3.399,12174.6,0.873,678.0,0.136,1060.9,0.442,496.1,0.371,111.3,4.40,25.50,0.00,0.00,16.54
2026-08-23T20:47:17Z,3.320,12187.4,0.873,678.3,0.138,1060.9,0.433,496.4,0.361,111.3,4.17,25.02,0.00,0.00,16.54
2026-08-23T20:47:18Z,3.715,12183.8,0.848,678.0,0.133,1061.2,0.428,495.9,0.358,111.3,3.68,23.40,0.00,0.00,16.54
2026-08-23T20:47:19Z,4.323,12159.1,0.862,678.0,0.120,1060.9,0.436,495.9,0.365,111.3,4.10,21.10,0.00,0.00,16.54
2026-08-23T20:47:21Z,3.376,12171.4,0.852,677.9,0.137,1060.9,0.436,495.8,0.355,111.2,4.16,25.84,0.00,0.00,16.54
2026-08-23T20:47:22Z,3.294,12183.9,0.848,677.9,0.137,1060.9,0.437,496.4,0.360,111.3,5.00,24.84,0.00,0.00,15.85
2026-08-23T20:47:23Z,3.387,12169.2,0.863,678.0,0.135,1060.9,0.438,496.3,0.357,111.4,3.95,23.80,0.00,0.00,15.85
2026-08-23T20:47:24Z,3.300,12181.6,0.850,678.2,0.136,1060.9,0.434,495.9,0.360,111.2,4.41,25.95,0.00,0.00,15.85
2026-08-23T20:47:25Z,3.351,12168.1,0.869,677.9,0.138,1060.9,0.438,495.8,0.366,111.2,4.30,25.81,0.00,0.00,15.85
2026-08-23T20:47:26Z,3.617,12179.8,0.890,677.9,0.136,1060.9,0.453,496.1,0.375,111.2,3.72,30.64,0.00,0.00,15.86
2026-08-23T20:47:27Z,4.537,12163.7,0.865,677.9,0.123,1060.9,0.436,496.2,0.371,111.5,3.44,18.15,0.00,0.00,15.86
2026-08-23T20:47:28Z,4.434,12182.3,0.883,677.9,0.124,1060.9,0.437,495.9,0.360,111.2,3.83,19.87,0.00,0.00,15.86
2026-08-23T20:47:29Z,5.214,12161.6,0.850,678.0,0.110,1060.9,0.435,495.9,0.366,111.3,4.24,15.71,0.00,0.00,15.86
2026-08-23T20:47:30Z,4.035,12176.3,0.897,678.0,0.129,1060.9,0.443,495.9,0.373,111.2,4.21,22.47,0.00,0.00,15.86
2026-08-23T20:47:31Z,3.525,12160.7,0.877,678.0,0.134,1060.9,0.434,496.1,0.374,111.2,4.63,23.00,0.00,0.00,15.31
2026-08-23T20:47:32Z,3.520,12171.6,0.874,678.0,0.137,1060.9,0.441,496.1,0.361,111.2,4.40,24.62,0.00,0.00,15.31
2026-08-23T20:47:34Z,3.334,12158.9,0.858,678.0,0.136,1060.9,0.435,495.9,0.363,111.2,4.93,24.93,0.00,0.00,15.31
2026-08-23T20:47:35Z,3.451,12171.9,0.882,678.0,0.139,1061.2,0.463,495.9,0.373,111.3,4.78,25.40,0.00,0.00,15.31
2026-08-23T20:47:36Z,3.347,12158.2,0.841,678.0,0.136,1061.2,0.437,496.1,0.358,111.2,4.41,31.73,0.00,0.00,14.97
2026-08-23T20:47:37Z,3.365,12169.5,0.868,678.0,0.138,1060.9,0.444,495.9,0.368,111.2,4.20,23.54,0.00,0.00,14.97
2026-08-23T20:47:38Z,3.413,12155.6,0.854,678.0,0.138,1060.9,0.452,495.9,0.370,111.2,4.31,25.98,0.00,0.00,14.97
2026-08-23T20:47:39Z,4.576,12143.0,0.835,678.1,0.119,1060.9,0.447,495.8,0.363,111.3,3.78,19.40,0.00,0.00,14.97
2026-08-23T20:47:40Z,3.588,12155.1,0.882,678.0,0.135,1060.9,0.446,495.8,0.370,111.3,4.93,35.71,0.00,0.00,14.97
2026-08-23T20:47:41Z,3.373,12167.9,0.852,678.0,0.139,1060.9,0.430,496.1,0.361,111.2,4.39,28.00,0.00,0.00,14.09
2026-08-23T20:47:42Z,4.004,12106.4,0.842,678.0,0.128,1060.9,0.436,495.9,0.370,111.5,4.48,22.55,0.00,0.00,14.09
2026-08-23T20:47:43Z,4.991,11843.5,0.838,678.0,0.117,1060.9,0.432,495.8,0.365,111.3,4.04,19.20,0.00,0.00,14.09
2026-08-23T20:47:44Z,5.143,11858.9,0.787,678.1,0.118,1060.9,0.435,495.9,0.355,111.3,4.34,19.26,0.00,0.00,14.09
2026-08-23T20:47:45Z,5.023,11874.9,0.832,678.1,0.114,1060.9,0.441,495.8,0.355,111.3,4.12,29.20,0.00,0.00,14.09
2026-08-23T20:47:47Z,5.184,11891.7,0.818,678.1,0.111,1060.9,0.445,496.1,0.363,111.3,4.08,18.41,0.00,0.00,15.20
2026-08-23T20:47:48Z,5.085,11907.6,0.841,678.1,0.119,1060.9,0.422,495.9,0.358,111.3,4.44,20.05,0.00,0.00,15.20
2026-08-23T20:47:49Z,4.837,11910.4,0.856,678.1,0.123,1060.9,0.447,495.9,0.374,111.6,4.41,21.79,0.00,0.00,15.20
2026-08-23T20:47:50Z,3.689,11911.1,0.851,678.1,0.130,1060.9,0.446,495.9,0.373,111.3,4.59,25.29,0.00,0.00,15.20
2026-08-23T20:47:51Z,3.394,11928.6,0.833,678.0,0.135,1060.9,0.436,496.1,0.365,111.2,4.36,27.58,0.00,0.00,14.79
2026-08-23T20:47:52Z,3.303,11942.6,0.827,678.3,0.137,1060.9,0.432,495.9,0.361,111.2,4.74,28.49,0.00,0.00,14.79
2026-08-23T20:47:53Z,3.415,11955.8,0.828,678.1,0.136,1060.9,0.442,495.9,0.363,111.3,4.99,27.78,0.00,0.00,14.79
2026-08-23T20:47:54Z,3.382,11972.3,0.853,678.0,0.135,1060.9,0.437,495.8,0.361,111.2,5.53,27.72,0.00,0.00,14.79
2026-08-23T20:47:55Z,3.382,11988.4,0.840,678.0,0.138,1060.9,0.448,495.9,0.368,111.2,5.19,28.29,0.00,0.00,14.79
2026-08-23T20:47:56Z,3.369,12001.6,0.842,678.0,0.134,1060.9,0.435,495.9,0.362,111.2,5.20,34.35,0.00,0.00,14.00
2026-08-23T20:47:57Z,3.527,12015.9,0.813,678.0,0.133,1060.9,0.441,496.4,0.360,111.2,4.47,27.24,0.00,0.00,14.00
2026-08-23T20:47:58Z,4.339,12043.2,0.820,678.0,0.126,1060.9,0.443,495.9,0.355,111.3,4.75,23.01,0.00,0.00,14.00
2026-08-23T20:48:00Z,4.563,12043.3,0.817,678.0,0.124,1060.9,0.447,495.9,0.371,111.2,4.84,21.03,0.00,0.00,14.00
2026-08-23T20:48:01Z,3.735,12056.1,0.817,678.0,0.134,1060.9,0.440,496.1,0.361,111.3,4.50,25.88,0.00,0.00,13.12
2026-08-23T20:48:02Z,3.835,12067.9,0.861,678.0,0.134,1060.9,0.458,495.8,0.379,111.4,4.57,23.96,0.00,0.00,13.12
2026-08-23T20:48:03Z,3.892,12078.0,0.824,678.0,0.133,1060.9,0.445,495.9,0.368,111.3,4.86,22.18,0.00,0.00,13.12
2026-08-23T20:48:04Z,3.417,12089.8,0.818,678.0,0.135,1060.9,0.440,495.8,0.357,111.4,6.31,25.57,0.00,0.00,13.12
2026-08-23T20:48:05Z,3.466,12102.0,0.908,678.1,0.136,1060.9,0.464,496.1,0.390,111.2,4.75,24.26,2.17,0.02,13.12
2026-08-23T20:48:06Z,3.503,12088.3,0.897,678.1,0.128,1060.9,0.448,496.1,0.377,111.3,19.91,29.34,1.21,0.04,13.99
2026-08-23T20:48:07Z,3.403,12100.3,0.882,678.0,0.131,1061.2,0.443,495.9,0.369,111.3,5.21,23.77,0.09,0.02,13.99
2026-08-23T20:48:08Z,3.677,12000.2,0.889,678.0,0.129,1060.9,0.449,495.9,0.372,111.3,84.73,22.70,0.03,0.02,13.99
2026-08-23T20:48:09Z,4.354,11819.1,0.829,678.2,0.111,1060.9,0.448,496.2,0.365,111.4,118.14,37.91,3.01,0.01,13.99
2026-08-23T20:48:10Z,3.490,11811.6,0.889,678.1,0.136,1060.9,0.454,496.2,0.377,111.3,5.25,23.81,3.74,0.01,13.99
2026-08-23T20:48:12Z,3.375,11762.7,0.871,678.1,0.132,1060.9,0.431,495.9,0.359,111.2,4.40,24.32,6.61,0.02,13.91
2026-08-23T20:48:13Z,3.377,11736.6,0.869,678.1,0.133,1060.9,0.459,495.9,0.372,111.3,6.67,25.06,14.00,0.05,13.91
2026-08-23T20:48:14Z,3.263,11329.6,0.812,678.1,0.108,1060.9,0.410,495.6,0.346,111.1,110.29,67.21,0.00,0.00,13.91
2026-08-23T20:48:15Z,2.686,11202.5,0.703,678.1,0.104,1060.9,0.406,495.3,0.324,111.2,42.81,38.71,0.00,0.00,13.91
2026-08-23T20:48:16Z,2.431,11140.9,0.680,678.2,0.095,1060.9,0.391,495.7,0.319,111.2,7.33,10.24,0.00,0.00,16.40
2026-08-23T20:48:17Z,2.606,11130.1,0.677,678.2,0.098,1060.9,0.420,495.6,0.340,111.3,7.04,9.88,0.00,0.00,16.40
2026-08-23T20:48:18Z,2.827,11095.6,0.729,678.3,0.103,1060.9,0.397,495.4,0.326,111.3,4.27,10.56,0.00,0.00,16.40
2026-08-23T20:48:19Z,2.948,10987.3,0.618,678.3,0.098,1060.9,0.358,496.0,0.298,111.4,8.65,25.63,0.00,0.00,16.40
2026-08-23T20:48:20Z,2.820,10913.9,0.621,678.6,0.103,1060.9,0.379,496.0,0.310,111.5,4.21,52.25,0.00,0.00,16.40
2026-08-23T20:48:21Z,2.576,10853.3,0.686,678.9,0.099,1060.9,0.398,496.0,0.322,111.6,4.92,9.67,0.00,0.00,18.37
2026-08-23T20:48:23Z,2.751,10745.5,0.736,678.9,0.100,1060.9,0.389,495.8,0.349,111.6,28.65,13.15,0.00,0.00,18.37
2026-08-23T20:48:24Z,2.532,10730.3,0.724,679.0,0.102,1060.9,0.414,496.2,0.347,111.6,4.95,10.48,0.00,0.00,18.37
2026-08-23T20:48:25Z,2.395,10729.4,0.678,679.1,0.100,1060.9,0.400,495.9,0.331,111.6,3.77,104.34,0.00,0.00,18.37
2026-08-23T20:48:26Z,2.506,10738.0,0.719,679.1,0.104,1060.9,0.421,495.9,0.345,111.6,4.64,9.96,0.00,0.00,20.91
2026-08-23T20:48:27Z,2.664,10751.0,0.687,679.0,0.110,1060.9,0.403,495.9,0.314,111.6,7.07,10.27,0.00,0.00,20.91
2026-08-23T20:48:28Z,2.675,10735.0,0.729,679.1,0.099,1060.9,0.392,496.1,0.319,111.6,3.93,10.76,0.00,0.00,20.91
2026-08-23T20:48:29Z,3.142,10758.9,0.698,679.0,0.104,1060.9,0.384,495.9,0.316,111.4,3.66,26.75,0.00,0.00,20.91
2026-08-23T20:48:30Z,3.520,10786.4,0.621,679.1,0.091,1061.2,0.381,496.2,0.285,111.4,7.88,13.59,0.00,0.00,20.91
2026-08-23T20:48:31Z,3.400,10751.3,0.596,679.2,0.092,1060.9,0.346,496.4,0.261,111.5,4.67,11.35,0.00,0.00,21.23
2026-08-23T20:48:33Z,3.256,10719.1,0.629,679.4,0.097,1060.9,0.373,496.0,0.300,111.6,6.02,13.83,0.00,0.00,21.23
2026-08-23T20:48:34Z,3.350,10733.6,0.686,679.4,0.095,1060.9,0.388,495.9,0.315,111.4,3.97,11.58,0.00,0.00,21.23
2026-08-23T20:48:35Z,3.088,10730.2,0.666,679.2,0.095,1060.9,0.380,495.9,0.303,111.3,3.57,97.25,0.00,0.00,21.23
2026-08-23T20:48:36Z,3.150,10720.1,0.675,679.5,0.094,1060.9,0.377,496.0,0.320,111.4,5.79,11.94,0.00,0.00,21.38
2026-08-23T20:48:37Z,3.077,10660.1,0.674,679.4,0.090,1060.9,0.380,496.2,0.307,111.4,5.47,10.37,0.00,0.00,21.38
2026-08-23T20:48:38Z,3.054,10544.4,0.670,679.4,0.098,1060.9,0.381,496.2,0.292,111.4,5.31,10.59,0.00,0.00,21.38
2026-08-23T20:48:39Z,2.919,10552.5,0.604,679.5,0.088,1060.9,0.349,496.1,0.266,111.4,3.80,8.73,0.00,0.00,21.38
2026-08-23T20:48:40Z,3.372,10566.9,0.588,679.7,0.097,1060.9,0.352,496.0,0.281,111.4,6.55,27.05,0.00,0.00,21.38
2026-08-23T20:48:41Z,3.288,10561.8,0.624,679.8,0.106,1060.9,0.316,496.2,0.284,111.5,6.29,11.57,0.00,0.00,24.63
2026-08-23T20:48:42Z,3.363,10572.1,0.678,680.1,0.104,1060.9,0.353,496.4,0.275,111.5,5.41,10.01,0.00,0.00,24.63
2026-08-23T20:48:44Z,2.996,10579.5,0.664,679.9,0.094,1060.9,0.347,496.4,0.275,111.5,6.44,20.51,0.00,0.00,24.63
2026-08-23T20:48:45Z,2.892,10540.0,0.675,679.9,0.098,1060.9,0.376,496.4,0.298,111.5,6.61,18.63,0.00,0.00,24.63
2026-08-23T20:48:46Z,2.988,10506.5,0.695,679.9,0.096,1060.9,0.358,496.3,0.293,111.4,4.76,62.06,0.00,0.00,27.06
2026-08-23T20:48:47Z,2.861,10516.8,0.682,679.9,0.098,1060.9,0.346,496.3,0.275,111.5,5.07,9.08,0.00,0.00,27.06
2026-08-23T20:48:48Z,2.800,10517.3,0.681,679.9,0.096,1060.9,0.343,496.3,0.280,111.5,33.08,8.82,0.00,0.00,27.06
2026-08-23T20:48:49Z,3.106,10555.1,0.674,679.9,0.093,1060.9,0.345,496.3,0.285,111.3,7.89,10.27,0.00,0.00,27.06
2026-08-23T20:48:50Z,3.075,10580.7,0.544,680.0,0.086,1060.9,0.332,496.5,0.254,111.5,9.05,59.16,0.00,0.00,27.06
2026-08-23T20:48:51Z,3.392,10579.0,0.603,680.0,0.086,1060.9,0.323,496.4,0.257,111.5,4.43,8.45,0.00,0.00,30.34
2026-08-23T20:48:52Z,3.063,10591.3,0.589,680.5,0.091,1060.9,0.340,496.6,0.269,111.5,6.15,8.78,0.00,0.00,30.34
2026-08-23T20:48:54Z,3.064,10606.1,0.668,680.5,0.089,1061.2,0.327,497.4,0.251,111.5,19.75,8.88,0.00,0.00,30.34
2026-08-23T20:48:55Z,3.094,10617.7,0.672,680.6,0.094,1060.9,0.338,496.7,0.276,111.4,13.60,8.33,0.00,0.00,30.34
2026-08-23T20:48:56Z,2.970,10629.9,0.685,680.9,0.092,1060.9,0.315,497.9,0.286,111.5,4.26,12.48,0.00,0.00,32.71
2026-08-23T20:48:57Z,2.963,10641.8,0.695,680.9,0.098,1060.9,0.354,497.4,0.282,111.6,4.19,8.79,0.00,0.00,32.71
2026-08-23T20:48:58Z,3.085,10655.3,0.669,681.0,0.109,1060.9,0.335,497.7,0.280,111.5,4.24,8.29,0.00,0.00,32.71
2026-08-23T20:48:59Z,3.437,10671.2,0.624,680.7,0.107,1061.2,0.323,497.7,0.249,111.4,10.97,7.96,0.01,0.00,32.71
2026-08-23T20:49:00Z,3.344,10690.6,0.624,681.0,0.105,1060.9,0.297,497.2,0.251,111.4,6.46,57.10,0.00,0.00,32.71
2026-08-23T20:49:01Z,2.726,10689.4,0.626,680.9,0.091,1060.9,0.307,497.6,0.243,111.4,4.01,7.83,0.00,0.00,35.46
2026-08-23T20:49:02Z,2.959,10684.4,0.692,681.1,0.091,1060.9,0.319,497.4,0.259,111.3,4.38,8.51,0.00,0.00,35.46
2026-08-23T20:49:04Z,3.348,10664.5,0.669,681.1,0.103,1060.9,0.328,497.4,0.272,111.4,5.07,9.04,0.00,0.00,35.46
2026-08-23T20:49:05Z,3.039,10676.3,0.657,681.4,0.093,1060.9,0.336,497.4,0.269,111.4,4.35,9.01,0.00,0.00,35.46
2026-08-23T20:49:06Z,2.987,10688.5,0.728,681.1,0.088,1060.9,0.378,497.6,0.285,111.5,3.90,8.23,0.00,0.00,37.35
2026-08-23T20:49:07Z,2.993,10701.4,0.684,681.1,0.101,1060.9,0.353,497.7,0.297,111.3,4.21,8.97,0.00,0.00,37.35
2026-08-23T20:49:08Z,2.764,10701.7,0.660,681.2,0.104,1060.9,0.343,497.7,0.294,111.4,4.39,8.45,0.00,0.00,37.35
2026-08-23T20:49:09Z,2.649,10662.3,0.597,681.5,0.093,1060.9,0.358,497.9,0.273,111.5,3.91,8.32,0.00,0.00,37.35
2026-08-23T20:49:10Z,3.096,10665.1,0.635,681.4,0.092,1060.9,0.352,497.6,0.279,111.5,3.91,31.74,0.00,0.00,37.35
2026-08-23T20:49:11Z,2.810,10665.5,0.665,681.4,0.092,1060.9,0.339,497.8,0.264,111.5,4.16,35.45,0.00,0.00,38.76
2026-08-23T20:49:12Z,2.485,10690.2,0.658,681.4,0.094,1060.9,0.327,497.5,0.263,111.5,9.79,13.72,0.00,0.00,38.76
2026-08-23T20:49:14Z,2.466,10704.3,0.656,681.7,0.085,1060.9,0.326,497.5,0.270,111.5,3.54,10.65,0.00,0.00,38.76
2026-08-23T20:49:15Z,2.871,10717.7,0.672,681.4,0.095,1061.2,0.384,497.5,0.310,111.4,4.07,9.72,0.00,0.00,38.76
2026-08-23T20:49:16Z,2.710,10731.5,0.690,681.6,0.088,1060.9,0.418,498.1,0.322,111.4,8.54,15.43,0.00,0.00,41.50
2026-08-23T20:49:17Z,2.881,10745.4,0.724,681.8,0.094,1060.9,0.423,498.2,0.359,111.5,3.66,10.91,0.00,0.00,41.50
2026-08-23T20:49:18Z,3.460,10762.8,0.820,681.9,0.095,1060.9,0.463,498.0,0.395,111.8,4.73,11.49,0.00,0.00,41.50
2026-08-23T20:49:19Z,4.322,10785.8,0.879,681.7,0.099,1060.9,0.465,497.6,0.388,111.6,3.66,13.76,0.00,0.00,41.50
2026-08-23T20:49:20Z,4.237,10791.7,0.857,681.8,0.104,1060.9,0.461,497.9,0.392,111.4,6.16,23.52,0.00,0.00,41.50
2026-08-23T20:49:21Z,3.439,10808.6,0.850,681.6,0.127,1060.9,0.444,498.1,0.366,111.3,6.54,42.93,0.00,0.00,39.22
2026-08-23T20:49:22Z,3.453,10825.1,0.853,681.6,0.126,1060.9,0.439,497.6,0.373,111.3,4.32,21.73,0.00,0.00,39.22
2026-08-23T20:49:24Z,3.494,10842.3,0.848,681.6,0.128,1060.9,0.447,497.6,0.373,111.5,4.34,23.15,0.00,0.00,39.22
2026-08-23T20:49:25Z,3.567,10857.3,0.868,681.8,0.128,1060.9,0.467,497.6,0.378,111.3,4.03,20.51,0.00,0.00,39.22
2026-08-23T20:49:26Z,3.544,10874.2,0.895,681.6,0.130,1060.9,0.474,497.6,0.388,111.3,4.33,22.33,0.00,0.00,38.88
2026-08-23T20:49:27Z,3.790,10890.3,0.851,681.7,0.127,1060.9,0.473,497.6,0.383,111.3,4.10,19.32,0.00,0.00,38.88
2026-08-23T20:49:28Z,3.858,10906.6,0.847,681.6,0.117,1060.9,0.446,498.1,0.366,111.2,4.41,18.73,0.00,0.00,38.88
2026-08-23T20:49:29Z,4.369,10932.3,0.799,681.6,0.109,1060.9,0.394,497.9,0.341,111.3,4.30,22.54,0.00,0.00,38.88
2026-08-23T20:49:30Z,4.147,10842.7,0.835,681.6,0.102,1060.9,0.494,497.6,0.399,111.2,4.30,13.77,0.00,0.00,38.88
2026-08-23T20:49:31Z,4.125,10822.0,0.858,681.5,0.114,1060.9,0.430,497.6,0.367,111.2,7.61,24.27,0.00,0.00,39.13
2026-08-23T20:49:32Z,4.121,10817.4,0.836,681.6,0.112,1060.9,0.442,497.9,0.368,111.3,3.98,17.50,0.00,0.00,39.13
2026-08-23T20:49:33Z,4.140,10833.2,0.835,681.6,0.115,1060.9,0.436,497.8,0.367,111.2,4.28,17.50,0.00,0.00,39.13
2026-08-23T20:49:34Z,3.715,10847.9,0.830,681.5,0.126,1060.9,0.441,497.6,0.381,111.2,4.06,22.76,0.00,0.00,39.13
2026-08-23T20:49:36Z,3.522,10866.0,0.836,681.5,0.123,1060.9,0.458,497.6,0.378,111.1,4.42,22.08,0.00,0.00,39.13
2026-08-23T20:49:37Z,3.379,10882.8,0.815,681.5,0.130,1060.9,0.445,497.4,0.374,111.1,4.82,22.42,0.00,0.00,38.72
2026-08-23T20:49:38Z,3.425,10899.6,0.825,681.5,0.128,1060.9,0.462,497.3,0.375,111.1,4.97,22.41,0.00,0.00,38.72
2026-08-23T20:49:39Z,4.253,10932.8,0.771,681.5,0.109,1060.9,0.428,497.4,0.363,111.2,5.81,16.30,0.00,0.00,38.72
2026-08-23T20:49:40Z,3.790,10932.6,0.939,681.5,0.111,1060.9,0.468,497.3,0.386,111.1,4.31,16.99,0.00,0.00,38.72
2026-08-23T20:49:41Z,3.410,10948.7,0.881,681.5,0.125,1060.9,0.443,497.6,0.372,111.1,4.71,44.52,0.00,0.00,36.34
2026-08-23T20:49:42Z,3.441,10966.4,0.880,681.5,0.126,1060.9,0.451,497.4,0.375,111.1,4.80,22.42,0.00,0.00,36.34
2026-08-23T20:49:43Z,3.487,10982.4,0.867,681.5,0.127,1061.2,0.455,497.3,0.369,111.1,4.69,20.99,0.00,0.00,36.34
2026-08-23T20:49:44Z,3.498,11000.7,0.885,681.5,0.127,1060.9,0.452,497.6,0.372,111.1,4.51,23.37,0.00,0.00,36.34
2026-08-23T20:49:45Z,3.466,11018.2,0.878,681.4,0.127,1060.9,0.444,497.6,0.362,111.6,4.67,22.87,0.00,0.00,36.34
2026-08-23T20:49:46Z,3.388,11035.5,0.880,681.5,0.132,1060.9,0.452,497.3,0.377,111.1,4.99,28.30,0.00,0.00,35.03
2026-08-23T20:49:48Z,3.577,11055.9,0.904,681.7,0.125,1060.9,0.457,497.3,0.379,111.1,5.60,23.96,0.00,0.00,35.03
2026-08-23T20:49:49Z,3.973,11087.2,0.861,681.5,0.118,1060.9,0.445,497.6,0.370,111.2,5.02,20.06,0.00,0.00,35.03
2026-08-23T20:49:50Z,4.189,11087.9,0.869,681.5,0.106,1060.9,0.452,497.2,0.359,111.1,4.58,15.75,0.00,0.00,35.03
2026-08-23T20:49:51Z,3.442,11104.2,0.866,681.5,0.128,1060.9,0.450,497.4,0.368,111.1,36.05,23.68,0.00,0.00,34.31
2026-08-23T20:49:52Z,3.417,11121.8,0.876,681.5,0.128,1060.9,0.455,497.2,0.379,111.1,10.10,29.88,0.00,0.00,34.31
2026-08-23T20:49:53Z,3.449,11136.4,0.897,681.5,0.130,1060.9,0.446,497.1,0.374,111.1,6.61,23.76,0.00,0.00,34.31
2026-08-23T20:49:54Z,3.484,11152.9,0.884,681.5,0.124,1060.9,0.458,497.4,0.375,111.1,7.38,23.56,0.00,0.00,34.31
2026-08-23T20:49:55Z,3.491,11136.3,0.883,681.5,0.126,1060.9,0.443,497.5,0.374,111.1,5.75,36.35,0.00,0.00,34.31
2026-08-23T20:49:56Z,3.413,11091.7,0.879,681.5,0.132,1060.9,0.452,497.4,0.371,111.1,5.46,27.99,0.00,0.00,33.96
2026-08-23T20:49:57Z,3.439,11050.2,0.887,681.5,0.126,1060.9,0.457,497.2,0.374,111.1,7.53,22.79,0.00,0.00,33.96
2026-08-23T20:49:58Z,3.871,10979.8,0.879,681.5,0.119,1060.9,0.446,497.2,0.360,111.1,8.09,19.72,0.00,0.00,33.96
2026-08-23T20:49:59Z,4.292,10929.0,0.812,681.5,0.106,1060.9,0.426,497.4,0.358,111.2,26.43,18.16,0.00,0.00,33.96
2026-08-23T20:50:01Z,3.609,10902.3,0.904,681.5,0.121,1060.9,0.464,497.1,0.397,111.4,4.90,25.14,0.00,0.00,33.96
2026-08-23T20:50:02Z,3.522,10878.8,0.901,681.5,0.130,1060.9,0.456,497.6,0.376,111.1,4.67,25.44,0.00,0.00,32.36
2026-08-23T20:50:03Z,3.681,10828.8,0.900,681.5,0.124,1060.9,0.459,497.1,0.380,111.1,4.44,17.68,0.00,0.00,32.36
2026-08-23T20:50:04Z,3.564,10760.0,0.871,681.5,0.128,1060.9,0.449,497.1,0.375,111.1,12.39,22.05,0.00,0.00,32.36
2026-08-23T20:50:05Z,3.577,10665.5,0.859,681.4,0.123,1060.9,0.449,497.1,0.371,111.0,7.62,20.88,0.00,0.00,32.36
2026-08-23T20:50:06Z,3.426,10510.4,0.859,681.4,0.125,1060.9,0.449,497.1,0.374,111.1,4.73,22.12,0.00,0.00,31.21
2026-08-23T20:50:07Z,3.404,10526.2,0.866,681.4,0.127,1060.9,0.449,497.1,0.373,111.0,4.94,27.55,0.00,0.00,31.21
2026-08-23T20:50:08Z,3.501,10542.3,0.875,681.5,0.124,1060.9,0.443,497.1,0.366,111.1,6.03,20.87,0.00,0.00,31.21
2026-08-23T20:50:09Z,4.293,10604.1,0.815,681.6,0.110,1061.2,0.429,497.2,0.361,111.3,82.34,13.41,0.00,0.00,31.21
2026-08-23T20:50:10Z,4.543,10727.3,0.821,681.6,0.110,1060.9,0.436,497.4,0.367,111.1,82.65,13.59,0.00,0.00,31.21
2026-08-23T20:50:11Z,4.361,10802.9,0.879,681.5,0.105,1060.9,0.465,497.2,0.361,111.2,69.52,34.42,0.00,0.00,30.24
2026-08-23T20:50:13Z,4.746,10842.9,0.819,681.6,0.099,1060.9,0.419,497.4,0.337,111.1,13.29,19.34,0.00,0.00,30.24
2026-08-23T20:50:14Z,4.562,10842.0,0.767,681.6,0.104,1060.9,0.426,497.2,0.359,111.2,4.25,13.89,0.00,0.00,30.24
2026-08-23T20:50:15Z,4.441,10857.1,0.791,681.6,0.106,1060.9,0.448,497.7,0.380,111.1,4.63,13.87,0.00,0.00,30.24
2026-08-23T20:50:16Z,4.427,10872.9,0.844,681.5,0.108,1061.2,0.464,497.4,0.389,111.2,4.28,13.91,0.00,0.00,30.62
2026-08-23T20:50:17Z,4.485,10888.7,0.796,681.8,0.099,1060.9,0.446,497.2,0.363,111.4,4.19,22.66,0.00,0.00,30.62
2026-08-23T20:50:18Z,4.505,10904.7,0.845,681.6,0.103,1060.9,0.417,497.2,0.359,111.2,4.33,12.93,0.00,0.00,30.62
2026-08-23T20:50:19Z,4.725,10933.4,0.702,681.5,0.100,1061.2,0.401,497.1,0.329,111.1,4.26,12.91,0.00,0.00,30.62
2026-08-23T20:50:20Z,4.150,10901.6,0.841,681.6,0.105,1060.9,0.480,497.3,0.382,111.2,4.43,13.20,0.00,0.00,30.62
2026-08-23T20:50:21Z,3.803,10916.8,0.894,681.5,0.113,1060.9,0.481,497.3,0.411,111.1,4.27,16.72,0.00,0.00,30.89
2026-08-23T20:50:22Z,3.404,10932.3,0.857,681.5,0.129,1060.9,0.439,497.0,0.359,111.1,4.62,21.23,0.00,0.00,30.89
2026-08-23T20:50:23Z,3.472,10947.5,0.886,681.5,0.125,1061.2,0.450,497.1,0.378,111.1,4.77,20.55,0.00,0.00,30.89
2026-08-23T20:50:25Z,3.477,10963.7,0.866,681.5,0.129,1060.9,0.447,497.0,0.372,111.3,4.81,21.11,0.00,0.00,30.89
2026-08-23T20:50:26Z,3.508,10979.1,0.897,681.5,0.128,1060.9,0.463,497.3,0.383,111.1,4.61,21.32,0.00,0.00,29.62
2026-08-23T20:50:27Z,3.845,10995.9,0.873,681.5,0.116,1060.9,0.452,497.3,0.368,111.1,4.85,24.71,0.00,0.00,29.62
2026-08-23T20:50:28Z,3.882,11013.8,0.865,681.8,0.122,1060.9,0.449,497.6,0.362,111.6,4.78,18.94,0.00,0.00,29.62
2026-08-23T20:50:29Z,4.550,11046.5,0.816,681.6,0.104,1060.9,0.394,497.4,0.339,111.2,4.50,14.19,0.00,0.00,29.62
2026-08-23T20:50:30Z,4.390,11044.9,0.806,681.6,0.098,1060.9,0.451,497.2,0.374,111.2,4.34,12.33,0.00,0.00,29.62
2026-08-23T20:50:31Z,4.084,11059.2,0.858,681.5,0.109,1061.2,0.448,497.0,0.369,111.1,4.55,16.74,0.00,0.00,29.25
2026-08-23T20:50:32Z,4.003,11075.6,0.836,681.5,0.121,1060.9,0.444,497.1,0.357,111.1,4.59,18.44,0.00,0.00,29.25
2026-08-23T20:50:33Z,3.543,11090.4,0.856,681.5,0.124,1060.9,0.450,497.3,0.367,111.3,4.85,20.11,0.00,0.00,29.25
2026-08-23T20:50:34Z,3.661,11104.7,0.874,681.5,0.122,1060.9,0.455,497.3,0.370,111.1,4.81,18.66,0.00,0.00,29.25
2026-08-23T20:50:35Z,3.337,11121.4,0.967,681.9,0.125,1060.9,0.441,497.3,0.358,111.4,5.09,20.18,0.00,0.00,29.25
2026-08-23T20:50:37Z,3.455,11136.3,0.884,681.8,0.125,1060.9,0.456,497.2,0.377,111.4,4.92,21.27,0.00,0.00,28.99
2026-08-23T20:50:38Z,3.513,11152.1,0.908,681.8,0.127,1060.9,0.461,497.2,0.379,111.4,5.08,27.01,0.00,0.00,28.99
2026-08-23T20:50:39Z,4.083,11143.8,0.865,682.3,0.114,1061.2,0.428,497.5,0.349,111.4,4.51,17.16,0.00,0.00,28.99
2026-08-23T20:50:40Z,4.066,11142.3,0.906,681.8,0.110,1060.9,0.467,497.2,0.401,111.3,5.06,14.10,0.00,0.00,28.99
2026-08-23T20:50:41Z,3.466,11148.8,0.886,681.9,0.127,1060.9,0.445,497.1,0.374,111.3,5.54,22.06,0.00,0.00,28.67
2026-08-23T20:50:42Z,3.603,11134.9,0.853,681.8,0.125,1060.9,0.448,497.4,0.371,111.3,5.57,20.72,0.00,0.00,28.67
2026-08-23T20:50:43Z,3.497,11150.0,0.869,681.8,0.123,1060.9,0.449,497.1,0.372,111.3,5.52,41.66,0.00,0.00,28.67
2026-08-23T20:50:44Z,3.434,11155.4,0.866,681.6,0.128,1060.9,0.434,497.2,0.374,111.2,5.18,21.31,0.00,0.00,28.67
2026-08-23T20:50:45Z,3.537,11150.1,0.880,681.7,0.126,1060.9,0.448,497.4,0.370,111.2,5.29,19.47,0.00,0.00,28.67
2026-08-23T20:50:46Z,3.861,11134.5,0.840,681.7,0.121,1060.9,0.446,497.7,0.360,111.2,5.53,18.08,0.00,0.00,28.69
2026-08-23T20:50:47Z,3.606,11110.2,0.868,681.7,0.120,1060.9,0.446,497.5,0.367,111.2,4.96,31.53,0.00,0.00,28.69
2026-08-23T20:50:49Z,3.245,11132.7,0.778,681.7,0.113,1060.9,0.397,497.2,0.321,111.2,28.69,14.38,0.00,0.00,28.69
2026-08-23T20:50:50Z,2.702,11029.5,0.600,681.7,0.094,1060.9,0.349,497.6,0.275,111.4,7.32,11.23,0.00,0.00,28.69
2026-08-23T20:50:51Z,3.109,10992.3,0.618,681.9,0.092,1060.9,0.360,497.5,0.292,111.6,5.01,9.52,0.00,0.00,29.52
2026-08-23T20:50:52Z,3.231,10876.9,0.557,681.9,0.085,1060.9,0.325,498.0,0.252,111.4,5.05,10.38,0.00,0.00,29.52
2026-08-23T20:50:53Z,3.043,10891.2,0.716,682.0,0.088,1060.9,0.352,497.5,0.293,111.4,4.16,9.99,0.00,0.00,29.52
2026-08-23T20:50:54Z,2.893,10905.6,0.689,681.9,0.091,1060.9,0.367,497.5,0.296,111.3,4.48,12.28,0.00,0.00,29.52
2026-08-23T20:50:55Z,3.174,10919.3,0.716,682.1,0.087,1060.9,0.384,497.9,0.325,111.4,5.26,9.72,0.00,0.00,29.52
2026-08-23T20:50:56Z,2.945,10932.4,0.727,682.2,0.087,1060.9,0.440,497.6,0.351,111.4,4.81,8.66,0.00,0.00,31.80
2026-08-23T20:50:57Z,2.889,10945.5,0.689,682.2,0.086,1060.9,0.416,497.7,0.343,111.4,5.07,8.19,0.00,0.00,31.80
2026-08-23T20:50:58Z,3.181,10966.0,0.678,682.6,0.084,1060.9,0.400,498.0,0.340,111.4,4.60,14.52,0.00,0.00,31.80
2026-08-23T20:51:00Z,3.496,10983.1,0.639,682.3,0.090,1060.9,0.368,498.0,0.290,111.4,4.47,15.86,0.00,0.00,31.80
2026-08-23T20:51:01Z,4.336,10988.3,0.729,682.5,0.096,1060.9,0.422,498.1,0.358,111.5,4.88,10.47,0.00,0.00,33.50
2026-08-23T20:51:02Z,4.220,11003.2,0.890,682.4,0.101,1060.9,0.485,497.8,0.422,111.4,4.83,11.72,0.00,0.00,33.50
2026-08-23T20:51:03Z,4.440,11017.2,0.854,682.5,0.109,1060.9,0.430,497.8,0.374,111.5,4.70,12.70,0.00,0.00,33.50
2026-08-23T20:51:04Z,4.727,11033.0,0.829,682.6,0.097,1060.9,0.426,498.0,0.367,111.4,4.79,11.56,0.00,0.00,33.50
2026-08-23T20:51:05Z,4.440,11044.8,0.816,682.5,0.101,1060.9,0.444,497.8,0.361,111.4,4.57,10.80,0.00,0.00,33.50
2026-08-23T20:51:06Z,4.124,11033.6,0.852,682.5,0.110,1060.9,0.437,497.8,0.375,111.3,5.69,13.33,0.00,0.00,34.02
2026-08-23T20:51:07Z,3.701,11043.4,0.884,682.5,0.113,1060.9,0.456,497.8,0.383,111.4,4.75,14.80,0.00,0.00,34.02
2026-08-23T20:51:08Z,3.680,11068.1,0.898,682.5,0.118,1060.9,0.448,497.9,0.381,111.3,4.80,23.24,0.00,0.00,34.02
2026-08-23T20:51:09Z,4.376,11093.5,0.853,682.5,0.104,1060.9,0.464,497.9,0.397,111.4,4.47,11.40,0.00,0.00,34.02
2026-08-23T20:51:11Z,3.841,11091.3,0.887,682.5,0.114,1060.9,0.462,498.2,0.379,111.3,5.00,14.14,0.00,0.00,34.02
2026-08-23T20:51:12Z,3.503,11106.0,0.896,682.5,0.120,1060.9,0.457,498.0,0.379,111.3,5.23,17.11,0.00,0.00,33.70
2026-08-23T20:51:13Z,3.607,11123.2,0.859,682.4,0.125,1061.2,0.458,497.9,0.374,111.2,6.04,19.28,0.00,0.00,33.70
2026-08-23T20:51:14Z,3.428,11137.9,0.918,682.5,0.125,1060.9,0.448,497.7,0.374,111.5,5.20,29.74,0.00,0.00,33.70
2026-08-23T20:51:15Z,3.539,11154.8,0.916,682.4,0.129,1060.9,0.467,497.7,0.376,111.2,5.57,22.89,0.00,0.00,33.70
2026-08-23T20:51:16Z,3.527,11171.9,0.897,682.4,0.126,1060.9,0.434,497.7,0.375,111.4,5.44,20.79,0.00,0.00,32.84
2026-08-23T20:51:17Z,3.541,11186.5,0.899,682.4,0.124,1060.9,0.456,497.9,0.375,111.2,5.41,20.12,0.00,0.00,32.84
2026-08-23T20:51:18Z,3.717,11208.7,0.918,682.4,0.118,1060.9,0.446,497.7,0.373,111.2,5.61,30.72,0.00,0.00,32.84
2026-08-23T20:51:19Z,4.334,11216.4,0.845,682.5,0.101,1060.9,0.440,497.6,0.357,111.3,5.13,13.90,0.00,0.00,32.84
2026-08-23T20:51:20Z,4.379,11229.6,0.894,682.4,0.099,1060.9,0.452,497.5,0.381,111.2,5.26,12.93,0.00,0.00,32.84
2026-08-23T20:51:21Z,4.383,11244.7,0.902,682.4,0.106,1061.2,0.445,497.6,0.371,111.3,5.19,14.28,0.00,0.00,32.21
2026-08-23T20:51:23Z,4.413,11247.5,0.856,682.4,0.105,1060.9,0.411,497.8,0.338,111.3,4.85,12.86,0.00,0.00,32.21
2026-08-23T20:51:24Z,4.363,11227.5,0.872,682.4,0.103,1060.9,0.436,497.5,0.373,111.3,4.50,11.12,0.00,0.00,32.21
2026-08-23T20:51:25Z,4.537,11242.7,0.882,682.4,0.095,1060.9,0.449,497.8,0.368,111.2,4.68,10.81,0.00,0.00,32.21
2026-08-23T20:51:26Z,4.414,11222.8,0.884,682.3,0.097,1060.9,0.474,497.8,0.396,111.2,4.98,10.98,0.00,0.00,32.84
2026-08-23T20:51:27Z,4.487,11240.7,0.866,682.3,0.102,1060.9,0.447,497.6,0.382,111.2,4.75,11.97,0.00,0.00,32.84
2026-08-23T20:51:28Z,4.581,11225.3,0.875,682.3,0.095,1060.9,0.431,497.8,0.373,111.2,4.64,12.53,0.00,0.00,32.84
2026-08-23T20:51:29Z,4.688,11235.0,0.780,682.8,0.094,1060.9,0.418,498.0,0.370,111.3,18.41,21.27,0.00,0.00,32.84
2026-08-23T20:51:30Z,4.626,11218.7,0.866,682.5,0.095,1060.9,0.465,497.9,0.395,111.3,62.88,12.15,0.00,0.00,32.84
2026-08-23T20:51:31Z,4.510,11212.5,0.885,682.5,0.096,1060.9,0.454,497.8,0.378,111.3,67.99,10.61,0.00,0.00,35.17
2026-08-23T20:51:32Z,4.193,11264.8,0.820,682.5,0.092,1060.9,0.422,497.7,0.357,111.3,81.18,49.55,0.00,0.00,35.17
2026-08-23T20:51:34Z,4.661,11305.8,0.902,682.5,0.103,1060.9,0.442,497.6,0.373,111.2,35.14,21.26,0.00,0.00,35.17
2026-08-23T20:51:35Z,4.334,11300.9,0.929,682.7,0.106,1061.2,0.464,497.6,0.375,111.5,12.62,14.13,0.00,0.00,35.17
2026-08-23T20:51:36Z,3.782,11312.6,0.905,682.3,0.115,1060.9,0.452,497.5,0.372,111.1,5.07,16.98,0.00,0.00,33.23
2026-08-23T20:51:37Z,3.397,11324.7,0.901,682.4,0.128,1060.9,0.456,497.6,0.370,111.2,5.30,25.18,0.00,0.00,33.23
2026-08-23T20:51:38Z,3.336,11337.5,0.872,682.4,0.134,1060.9,0.428,497.7,0.359,111.1,6.17,34.92,0.00,0.00,33.23
2026-08-23T20:51:39Z,4.743,11350.4,0.860,682.4,0.116,1060.9,0.439,497.5,0.369,111.2,4.93,19.20,0.00,0.00,33.23
2026-08-23T20:51:40Z,3.448,11364.6,0.878,682.4,0.134,1060.9,0.441,497.5,0.367,111.4,6.23,27.13,0.00,0.00,33.23
2026-08-23T20:51:41Z,3.333,11376.8,0.878,682.6,0.137,1060.9,0.433,497.5,0.358,111.1,5.62,26.86,0.00,0.00,31.29
2026-08-23T20:51:42Z,3.341,11388.7,0.870,682.4,0.131,1060.9,0.437,497.5,0.363,111.1,5.92,36.50,0.00,0.00,31.29
2026-08-23T20:51:43Z,3.395,11402.8,0.873,682.4,0.136,1060.9,0.444,497.4,0.364,111.1,5.65,28.07,0.00,0.00,31.29
2026-08-23T20:51:44Z,3.332,11414.1,0.886,682.5,0.139,1060.9,0.444,497.3,0.365,111.1,5.64,26.76,0.00,0.00,31.29
2026-08-23T20:51:45Z,3.444,11429.3,0.884,682.3,0.135,1060.9,0.460,497.6,0.370,111.3,6.16,27.30,0.00,0.00,31.29
2026-08-23T20:51:47Z,3.405,11446.9,0.868,682.3,0.134,1060.9,0.435,497.4,0.360,111.1,6.04,26.61,0.00,0.00,29.59
2026-08-23T20:51:48Z,3.342,11462.9,0.877,682.3,0.136,1060.9,0.440,497.4,0.365,111.1,5.62,29.10,0.00,0.00,29.59
2026-08-23T20:51:49Z,4.396,11484.9,0.860,682.3,0.123,1060.9,0.435,497.3,0.361,111.1,4.74,22.10,0.00,0.00,29.59
2026-08-23T20:51:50Z,3.686,11492.8,0.873,682.2,0.130,1060.9,0.455,497.9,0.377,111.0,5.62,24.54,0.00,0.00,29.59
2026-08-23T20:51:51Z,3.329,11507.7,0.858,682.2,0.134,1060.9,0.442,497.6,0.365,111.0,5.74,27.63,0.00,0.00,28.10
2026-08-23T20:51:52Z,3.285,11525.6,0.860,682.2,0.135,1060.9,0.432,497.3,0.360,111.0,5.91,28.87,0.00,0.00,28.10
2026-08-23T20:51:53Z,4.313,11891.4,0.895,682.3,0.132,1060.9,0.458,497.4,0.370,111.1,198.78,36.82,0.00,0.00,28.10
2026-08-23T20:51:54Z,4.509,12132.9,0.902,682.3,0.115,1060.9,0.429,497.3,0.361,111.1,262.42,82.28,0.00,0.00,28.10
2026-08-23T20:51:55Z,4.308,12130.4,0.906,682.4,0.108,1060.9,0.446,497.4,0.372,111.4,270.01,132.71,0.00,0.00,28.10
2026-08-23T20:51:56Z,4.285,12141.1,0.892,682.3,0.110,1060.9,0.436,497.6,0.365,111.1,318.39,176.17,0.00,0.00,28.33
2026-08-23T20:51:57Z,4.206,12133.1,0.899,682.4,0.113,1061.2,0.429,497.9,0.364,111.1,289.24,142.81,0.00,0.00,28.33
2026-08-23T20:51:58Z,4.173,12147.5,0.866,682.6,0.101,1060.9,0.448,497.9,0.380,111.4,190.22,227.19,0.00,0.00,28.33
2026-08-23T20:52:00Z,5.111,12137.8,0.869,682.6,0.109,1060.9,0.442,497.8,0.380,111.3,228.20,19.43,0.00,0.00,28.33
2026-08-23T20:52:01Z,4.155,12137.3,0.883,682.5,0.115,1060.9,0.436,497.6,0.366,111.5,257.78,142.50,0.00,0.00,29.91
2026-08-23T20:52:02Z,4.100,12139.7,0.886,682.6,0.107,1060.9,0.444,497.6,0.376,111.4,249.35,156.39,0.00,0.00,29.91
2026-08-23T20:52:03Z,4.196,12129.6,0.905,682.5,0.110,1060.9,0.468,497.6,0.376,111.4,233.82,107.85,0.00,0.00,29.91
2026-08-23T20:52:04Z,3.698,12129.8,0.775,682.9,0.099,1060.9,0.421,497.7,0.354,111.5,212.92,233.06,0.00,0.00,29.91
2026-08-23T20:52:05Z,4.582,12133.8,0.885,682.6,0.116,1060.9,0.479,497.6,0.403,111.4,230.23,19.02,0.00,0.00,29.91
2026-08-23T20:52:06Z,4.313,12103.0,0.879,682.5,0.118,1060.9,0.446,497.6,0.378,111.7,275.92,116.11,0.00,0.00,30.48
2026-08-23T20:52:07Z,3.990,12119.6,0.834,682.5,0.110,1060.9,0.434,497.8,0.360,111.5,276.22,172.49,0.00,0.00,30.48
2026-08-23T20:52:08Z,4.459,12130.4,0.841,682.6,0.107,1060.9,0.432,497.7,0.361,111.5,245.96,124.69,0.00,0.00,30.48
2026-08-23T20:52:09Z,4.359,12113.3,0.809,682.7,0.100,1060.9,0.450,498.2,0.373,111.5,165.62,216.92,0.00,0.00,30.48
2026-08-23T20:52:11Z,4.549,12122.9,0.893,682.6,0.131,1060.9,0.457,497.6,0.384,111.4,271.27,21.06,0.00,0.00,30.48
2026-08-23T20:52:12Z,4.174,12121.1,0.866,682.7,0.118,1060.9,0.435,497.9,0.367,111.7,261.66,131.91,0.00,0.00,28.84
2026-08-23T20:52:13Z,4.166,12135.4,0.861,682.8,0.117,1060.9,0.439,497.9,0.365,111.6,241.70,131.90,0.00,0.00,28.84
2026-08-23T20:52:14Z,4.284,12133.1,0.849,682.6,0.116,1060.9,0.463,497.9,0.383,111.4,291.36,138.55,0.00,0.00,28.84
2026-08-23T20:52:15Z,4.061,12135.0,0.852,682.6,0.113,1060.9,0.446,497.9,0.380,111.7,226.34,221.82,0.00,0.00,28.84
2026-08-23T20:52:16Z,4.360,12128.9,0.830,682.6,0.119,1060.9,0.441,497.9,0.363,111.4,291.50,77.43,0.00,0.00,28.61
2026-08-23T20:52:17Z,4.363,12130.0,0.857,682.6,0.116,1060.9,0.438,497.9,0.372,111.4,290.68,134.67,0.00,0.00,28.61
2026-08-23T20:52:18Z,4.524,12126.8,0.851,682.9,0.114,1060.9,0.440,498.2,0.366,111.5,261.01,144.33,0.00,0.00,28.61
2026-08-23T20:52:19Z,4.690,12106.3,0.783,682.7,0.098,1060.9,0.427,498.0,0.344,111.5,174.47,223.97,0.00,0.00,28.61
2026-08-23T20:52:20Z,4.568,12135.4,0.871,682.9,0.128,1060.9,0.478,497.9,0.387,111.4,252.06,20.58,0.00,0.00,28.61
2026-08-23T20:52:22Z,4.120,12094.2,0.842,682.6,0.115,1060.9,0.436,497.8,0.360,111.3,94.71,140.74,0.00,0.00,27.76
2026-08-23T20:52:23Z,4.272,12130.0,0.821,682.9,0.130,1060.9,0.444,497.9,0.367,111.4,130.10,23.71,0.00,0.00,27.76
2026-08-23T20:52:24Z,4.271,12117.2,0.840,682.6,0.128,1061.2,0.443,497.8,0.369,111.4,193.10,22.71,0.00,0.00,27.76
2026-08-23T20:52:25Z,4.757,12117.7,0.859,682.7,0.124,1060.9,0.450,498.4,0.374,111.4,161.40,20.12,0.00,0.00,27.76
2026-08-23T20:52:26Z,5.023,12135.8,0.845,682.6,0.116,1060.9,0.451,497.9,0.373,111.3,166.05,18.03,0.00,0.00,28.02
2026-08-23T20:52:27Z,4.779,12115.6,0.814,682.7,0.104,1060.9,0.444,498.3,0.359,111.5,127.95,178.79,0.00,0.00,28.02
2026-08-23T20:52:28Z,5.175,12113.0,0.881,682.6,0.104,1060.9,0.435,498.2,0.368,111.4,135.55,15.46,0.00,0.00,28.02
2026-08-23T20:52:29Z,5.305,12117.0,0.861,682.6,0.108,1060.9,0.460,498.2,0.380,111.4,114.10,13.98,0.00,0.00,28.02
2026-08-23T20:52:30Z,4.341,12118.7,0.851,682.7,0.127,1060.9,0.433,497.9,0.366,111.4,209.45,22.20,0.00,0.00,28.02
2026-08-23T20:52:31Z,4.301,12125.4,0.853,682.6,0.129,1060.9,0.442,497.9,0.365,111.6,215.63,27.63,0.00,0.00,27.14
2026-08-23T20:52:33Z,5.029,12107.5,0.838,682.6,0.117,1060.9,0.423,497.9,0.352,111.3,144.17,18.69,0.00,0.00,27.14
2026-08-23T20:52:34Z,5.385,12108.9,0.862,682.7,0.108,1060.9,0.431,498.0,0.363,111.4,161.80,16.71,0.00,0.00,27.14
2026-08-23T20:52:35Z,5.327,12111.7,0.849,682.5,0.106,1060.9,0.441,497.9,0.366,111.3,120.91,15.33,0.00,0.00,27.14
2026-08-23T20:52:36Z,5.219,12113.1,0.832,682.5,0.110,1060.9,0.425,497.9,0.356,111.3,119.75,13.47,0.00,0.00,27.61
2026-08-23T20:52:37Z,5.189,12116.3,0.827,682.5,0.116,1060.9,0.441,497.8,0.357,111.3,167.12,18.63,0.00,0.00,27.61
2026-08-23T20:52:38Z,5.223,12101.3,0.824,682.6,0.112,1060.9,0.436,497.6,0.345,111.3,107.60,16.72,0.00,0.00,27.61
2026-08-23T20:52:39Z,5.661,12095.9,0.782,682.5,0.096,1060.9,0.427,497.9,0.350,111.5,129.55,12.29,0.00,0.00,27.61
2026-08-23T20:52:40Z,5.168,12109.4,0.859,682.5,0.109,1060.9,0.453,497.6,0.364,111.2,95.84,16.24,0.00,0.00,27.61
2026-08-23T20:52:41Z,4.234,12103.1,0.846,682.5,0.131,1060.9,0.437,497.6,0.356,111.2,193.96,30.80,0.00,0.00,26.04
2026-08-23T20:52:42Z,4.201,12106.2,0.846,682.6,0.127,1060.9,0.445,497.6,0.369,111.2,198.53,22.72,0.00,0.00,26.04
2026-08-23T20:52:44Z,4.132,11600.1,0.837,682.5,0.129,1060.9,0.433,497.6,0.357,111.2,147.34,23.96,0.00,0.00,26.04
2026-08-23T20:52:45Z,3.379,11612.5,0.850,682.5,0.138,1060.9,0.440,497.8,0.368,111.2,5.42,26.19,0.00,0.00,26.04
2026-08-23T20:52:46Z,3.375,11624.6,0.836,682.4,0.135,1060.9,0.432,497.6,0.357,111.2,5.54,28.14,0.00,0.00,25.23
2026-08-23T20:52:47Z,3.402,11636.0,0.837,682.5,0.134,1060.9,0.443,497.6,0.360,111.2,5.37,26.45,0.00,0.00,25.23
2026-08-23T20:52:48Z,3.409,11646.9,0.892,682.5,0.136,1060.9,0.435,498.1,0.369,111.2,4.48,26.25,0.00,0.00,25.23
2026-08-23T20:52:49Z,4.846,11670.7,0.858,682.5,0.117,1060.9,0.440,497.8,0.364,111.2,4.55,22.41,0.00,0.00,25.23
2026-08-23T20:52:50Z,3.533,11673.8,0.876,682.7,0.130,1060.9,0.441,497.5,0.372,111.4,4.69,24.56,0.00,0.00,25.23
2026-08-23T20:52:51Z,3.337,11684.7,0.859,682.4,0.138,1060.9,0.440,497.5,0.366,111.2,4.83,26.39,0.00,0.00,24.57
2026-08-23T20:52:52Z,3.334,11696.4,0.870,682.5,0.135,1060.9,0.442,497.5,0.364,111.2,5.00,34.60,0.00,0.00,24.57
2026-08-23T20:52:53Z,3.365,11707.4,0.871,682.4,0.130,1060.9,0.420,497.7,0.358,111.2,4.81,42.59,0.00,0.00,24.57
2026-08-23T20:52:54Z,3.542,11718.0,0.883,682.4,0.127,1060.9,0.441,497.5,0.370,111.2,8.07,20.29,0.00,0.00,24.57
2026-08-23T20:52:56Z,3.671,11731.9,0.905,682.4,0.131,1060.9,0.441,497.7,0.372,111.1,5.47,26.14,0.00,0.00,24.57
2026-08-23T20:52:57Z,3.286,11744.8,0.859,682.4,0.135,1060.9,0.436,497.5,0.364,111.1,4.42,26.62,0.00,0.00,23.89
2026-08-23T20:52:58Z,3.317,11759.1,0.887,682.4,0.133,1060.9,0.443,498.0,0.369,111.2,4.32,24.65,0.00,0.00,23.89
2026-08-23T20:52:59Z,4.415,11793.4,0.874,682.4,0.118,1060.9,0.431,497.5,0.350,111.1,8.76,24.39,0.00,0.00,23.89
2026-08-23T20:53:00Z,4.050,11800.7,0.887,682.4,0.130,1060.9,0.452,497.5,0.377,111.1,5.09,24.32,0.00,0.00,23.89
2026-08-23T20:53:01Z,3.346,11815.5,0.865,682.4,0.133,1060.9,0.436,497.5,0.361,111.2,5.13,24.83,0.00,0.00,22.93
2026-08-23T20:53:02Z,3.440,11830.7,0.910,682.4,0.141,1060.9,0.457,497.5,0.379,111.1,5.01,31.84,0.00,0.00,22.93
2026-08-23T20:53:03Z,3.444,11844.7,0.876,682.4,0.134,1060.9,0.437,497.5,0.359,111.1,4.52,25.85,0.00,0.00,22.93
2026-08-23T20:53:04Z,3.590,11858.8,0.887,682.3,0.134,1060.9,0.445,497.7,0.368,111.1,4.69,23.95,0.00,0.00,22.93
2026-08-23T20:53:05Z,3.494,11875.4,0.876,682.3,0.138,1060.9,0.438,497.7,0.362,111.1,4.96,25.94,0.00,0.00,22.93
2026-08-23T20:53:06Z,3.395,11890.6,0.892,682.4,0.137,1061.2,0.448,497.5,0.374,111.1,5.05,25.81,0.00,0.00,21.66
2026-08-23T20:53:08Z,4.264,11936.5,0.889,682.5,0.117,1060.9,0.441,497.7,0.366,111.2,4.81,18.30,0.01,0.01,21.66
2026-08-23T20:53:09Z,5.203,11964.9,0.874,682.4,0.114,1060.9,0.433,498.0,0.364,111.3,4.61,16.92,0.00,0.00,21.66
2026-08-23T20:53:10Z,5.121,11967.0,0.870,682.5,0.109,1060.9,0.465,497.5,0.378,111.2,4.66,16.18,0.00,0.00,21.66
2026-08-23T20:53:11Z,4.958,11980.7,0.865,682.5,0.119,1060.9,0.446,497.7,0.356,111.3,4.85,18.97,0.00,0.00,21.60
2026-08-23T20:53:12Z,5.051,11994.1,0.862,682.6,0.119,1060.9,0.432,497.5,0.365,111.2,4.48,18.36,0.00,0.00,21.60
2026-08-23T20:53:13Z,5.115,12008.1,0.877,682.8,0.111,1060.9,0.433,497.5,0.362,111.3,4.79,24.07,0.00,0.00,21.60
2026-08-23T20:53:14Z,4.756,11995.7,0.870,682.8,0.113,1060.9,0.433,497.4,0.367,111.3,5.09,19.10,0.00,0.00,21.60
2026-08-23T20:53:15Z,3.673,12006.0,0.904,682.4,0.135,1060.9,0.452,497.7,0.371,111.2,5.49,24.46,0.00,0.00,21.60
2026-08-23T20:53:16Z,3.381,12020.1,0.864,682.4,0.133,1060.9,0.438,497.9,0.361,111.2,5.09,24.91,0.00,0.00,21.40
2026-08-23T20:53:17Z,3.331,12035.5,0.867,682.4,0.138,1060.9,0.433,497.4,0.357,111.4,5.77,26.90,0.00,0.00,21.40
2026-08-23T20:53:18Z,3.911,12063.1,0.889,682.5,0.130,1060.9,0.449,497.5,0.365,111.3,5.06,23.63,0.00,0.00,21.40
2026-08-23T20:53:20Z,4.330,12039.5,0.871,682.4,0.122,1060.9,0.452,497.3,0.364,111.4,4.64,20.42,0.00,0.00,21.40
2026-08-23T20:53:21Z,3.345,12054.7,0.868,682.4,0.139,1060.9,0.443,497.6,0.366,111.2,5.47,27.10,0.00,0.00,21.40
2026-08-23T20:53:22Z,3.304,12069.0,0.862,682.4,0.134,1060.9,0.440,497.3,0.359,111.1,4.99,27.30,0.00,0.00,20.72
2026-08-23T20:53:23Z,3.555,12059.0,0.862,682.4,0.131,1060.9,0.431,497.6,0.357,111.4,5.32,31.61,0.00,0.00,20.72
2026-08-23T20:53:24Z,3.495,12051.1,0.883,682.4,0.133,1060.9,0.452,497.9,0.366,111.2,5.47,40.55,0.00,0.00,20.72
2026-08-23T20:53:25Z,3.443,12063.4,0.862,682.4,0.133,1060.9,0.436,497.4,0.357,111.2,4.84,25.40,0.00,0.00,20.72
2026-08-23T20:53:26Z,3.655,12055.7,0.888,682.4,0.131,1060.9,0.468,497.4,0.375,111.2,4.55,23.94,0.01,0.00,20.34
2026-08-23T20:53:27Z,3.941,12000.2,0.871,682.4,0.123,1060.9,0.450,497.6,0.370,111.1,56.36,22.00,0.00,0.00,20.34
2026-08-23T20:53:28Z,3.463,12001.0,0.868,682.4,0.135,1060.9,0.441,497.4,0.361,111.2,4.96,26.52,0.00,0.00,20.34
2026-08-23T20:53:29Z,4.830,11986.6,0.863,682.4,0.115,1060.9,0.438,497.4,0.362,111.2,4.95,20.88,0.00,0.00,20.34
2026-08-23T20:53:30Z,4.166,12001.4,0.857,682.5,0.129,1060.9,0.440,497.4,0.367,111.2,4.75,23.22,0.00,0.00,20.34
2026-08-23T20:53:32Z,4.325,11992.1,0.877,682.4,0.125,1060.9,0.432,497.3,0.350,111.1,4.71,21.86,0.00,0.00,19.92
2026-08-23T20:53:33Z,3.976,12007.2,0.878,682.5,0.126,1060.9,0.437,497.7,0.367,111.2,5.30,29.54,0.00,0.00,19.92
2026-08-23T20:53:34Z,3.662,12021.2,0.887,682.4,0.132,1060.9,0.439,497.6,0.362,111.4,5.06,24.40,0.00,0.00,19.92
2026-08-23T20:53:35Z,3.927,12036.9,0.886,682.4,0.130,1060.9,0.441,497.4,0.367,111.4,5.32,23.67,0.00,0.00,19.92
2026-08-23T20:53:36Z,3.630,12029.8,0.892,682.4,0.129,1060.9,0.434,497.4,0.362,111.1,5.25,25.37,0.00,0.00,18.88
2026-08-23T20:53:37Z,3.317,12021.0,0.855,682.6,0.133,1060.9,0.424,497.4,0.352,111.2,5.46,25.90,0.00,0.00,18.88
2026-08-23T20:53:38Z,3.307,12015.9,0.860,682.4,0.135,1060.9,0.440,497.4,0.360,111.2,5.25,27.65,0.00,0.00,18.88
2026-08-23T20:53:39Z,4.627,12004.8,0.873,682.6,0.115,1060.9,0.441,497.3,0.364,111.1,4.94,16.65,0.00,0.00,18.88
2026-08-23T20:53:40Z,3.400,12001.3,0.860,682.4,0.134,1060.9,0.449,497.6,0.372,111.2,5.66,26.57,0.00,0.00,18.88
2026-08-23T20:53:41Z,5.049,12020.1,0.832,682.4,0.117,1060.9,0.428,497.3,0.353,111.1,4.72,19.34,0.00,0.00,18.73
2026-08-23T20:53:42Z,4.757,12012.6,0.848,682.4,0.127,1060.9,0.427,497.4,0.359,111.1,5.03,21.42,0.00,0.00,18.73
2026-08-23T20:53:44Z,4.868,12005.0,0.813,682.4,0.117,1060.9,0.435,497.3,0.350,111.4,5.22,27.76,0.00,0.00,18.73
2026-08-23T20:53:45Z,4.878,12018.6,0.833,682.6,0.120,1060.9,0.432,497.4,0.364,111.2,4.02,19.72,0.00,0.00,18.73
2026-08-23T20:53:46Z,4.857,12008.6,0.818,682.4,0.121,1060.9,0.425,497.4,0.346,111.1,4.08,19.25,0.00,0.00,19.31
2026-08-23T20:53:47Z,4.807,11997.6,0.827,682.4,0.120,1060.9,0.424,497.6,0.361,111.2,4.07,20.29,0.00,0.00,19.31
2026-08-23T20:53:48Z,3.631,11982.7,0.839,682.4,0.131,1060.9,0.440,497.3,0.359,111.1,4.61,26.12,0.00,0.00,19.31
2026-08-23T20:53:49Z,4.649,11997.0,0.805,682.4,0.115,1060.9,0.440,497.6,0.369,111.1,4.50,20.41,0.00,0.00,19.31
2026-08-23T20:53:50Z,3.426,12012.5,0.851,682.3,0.134,1060.9,0.440,497.3,0.366,111.3,4.86,26.92,0.00,0.00,19.31
2026-08-23T20:53:51Z,3.210,12005.2,0.813,682.4,0.133,1060.9,0.419,497.3,0.353,111.1,5.09,29.01,0.00,0.00,18.25
2026-08-23T20:53:52Z,3.266,12021.4,0.814,682.4,0.133,1060.9,0.431,497.3,0.355,111.1,5.21,28.96,0.00,0.00,18.25
2026-08-23T20:53:53Z,3.572,12013.2,0.828,682.3,0.135,1060.9,0.433,497.3,0.361,111.1,4.75,33.54,0.00,0.00,18.25
2026-08-23T20:53:54Z,3.814,12004.9,0.835,682.4,0.127,1060.9,0.444,497.6,0.367,111.1,4.58,40.46,0.00,0.00,18.25
2026-08-23T20:53:56Z,4.129,11177.1,0.766,682.8,-256.059,0.0,0.407,498.1,0.334,111.7,8.34,22.26,0.00,0.00,18.25
2026-08-23T20:53:57Z,3.026,9714.1,0.399,724.4,0.000,0.0,0.340,502.8,0.245,116.3,14.19,10.06,0.00,0.00,28.88
2026-08-23T20:53:58Z,1.094,9727.9,0.483,777.9,0.000,0.0,0.390,507.2,0.299,119.3,6.44,13.78,0.00,0.00,28.88
2026-08-23T20:53:59Z,0.848,9786.8,0.384,854.7,0.000,0.0,0.314,513.9,0.248,119.9,4.92,9.08,0.00,0.00,28.88
2026-08-23T20:54:00Z,4.231,10101.9,0.725,856.3,0.000,0.0,0.409,510.0,0.349,118.3,7.16,19.69,0.00,0.00,28.88
2026-08-23T20:54:01Z,3.995,10171.8,0.942,867.2,0.000,0.0,0.406,510.2,0.330,118.3,3.69,14.99,0.00,0.00,31.29
2026-08-23T20:54:02Z,3.811,10204.6,0.979,914.2,0.000,0.0,0.472,510.2,0.400,118.5,4.60,14.64,0.00,0.00,31.29
2026-08-23T20:54:03Z,3.672,10224.4,0.939,977.5,0.000,0.0,0.445,510.2,0.377,118.4,3.72,13.06,0.00,0.00,31.29
2026-08-23T20:54:04Z,3.472,10239.8,0.895,1022.7,0.000,0.0,0.395,510.1,0.327,117.1,3.62,12.48,0.00,0.00,31.29
2026-08-23T20:54:06Z,3.664,10254.8,0.977,1085.7,0.000,0.0,0.460,510.2,0.379,116.9,3.43,16.14,0.00,0.00,31.29
2026-08-23T20:54:07Z,3.610,10270.1,1.354,1437.5,0.000,0.0,0.454,509.9,0.381,116.9,3.88,23.20,0.00,0.00,29.75
2026-08-23T20:54:08Z,3.543,10291.4,0.971,1439.7,0.000,0.0,0.468,509.9,0.386,116.9,4.43,31.24,0.00,0.00,29.75
2026-08-23T20:54:09Z,4.512,10329.5,0.897,1442.0,0.000,0.0,0.466,510.5,0.386,117.0,5.36,32.77,0.00,0.00,29.75
2026-08-23T20:54:10Z,3.952,10328.2,0.957,1441.6,0.000,0.0,0.446,509.9,0.387,114.8,4.70,27.15,0.01,0.00,29.75
2026-08-23T20:54:11Z,3.363,10342.7,0.904,1441.8,0.000,0.0,0.448,510.0,0.372,114.9,5.12,29.84,0.00,0.00,27.68
2026-08-23T20:54:12Z,3.332,10358.2,0.910,1441.9,0.000,0.0,0.449,509.9,0.362,114.8,5.28,33.43,0.00,0.00,27.68
2026-08-23T20:54:13Z,3.351,10377.8,0.893,1441.9,0.000,0.0,0.446,510.4,0.370,114.8,5.02,32.06,0.00,0.00,27.68
2026-08-23T20:54:14Z,3.417,10392.5,0.947,1441.9,0.000,0.0,0.444,509.9,0.382,113.7,5.29,31.53,0.00,0.00,27.68
2026-08-23T20:54:15Z,3.349,10411.4,0.906,1441.7,0.000,0.0,0.445,509.6,0.366,113.7,5.09,31.05,0.00,0.00,27.68
2026-08-23T20:54:16Z,3.410,10426.1,0.902,1441.8,0.000,0.0,0.447,509.6,0.365,113.7,5.31,30.83,0.00,0.00,26.11
2026-08-23T20:54:18Z,3.313,10446.3,0.881,1441.9,0.000,0.0,0.439,509.8,0.364,113.7,5.41,31.33,0.00,0.00,26.11
2026-08-23T20:54:19Z,4.274,10480.6,0.866,1442.0,0.000,0.0,0.446,509.9,0.358,113.8,5.05,31.77,0.00,0.00,26.11
2026-08-23T20:54:20Z,3.893,10483.7,0.922,1441.8,0.000,0.0,0.461,509.6,0.385,113.1,5.08,25.65,0.00,0.00,26.11
2026-08-23T20:54:21Z,3.355,10503.5,0.902,1441.9,0.000,0.0,0.452,509.6,0.369,113.2,5.48,31.54,0.00,0.00,24.26
2026-08-23T20:54:22Z,3.319,10524.5,0.897,1441.9,0.000,0.0,0.438,509.6,0.362,113.4,5.85,32.51,0.00,0.00,24.26
2026-08-23T20:54:23Z,3.310,10545.5,0.945,1441.9,0.000,0.0,0.442,509.6,0.369,113.1,5.90,30.70,0.00,0.00,24.26
2026-08-23T20:54:24Z,3.449,10565.1,0.926,1442.0,0.000,0.0,0.430,509.6,0.360,113.1,5.50,29.29,0.00,0.00,24.26
2026-08-23T20:54:25Z,3.435,10581.1,0.929,1441.9,0.000,0.0,0.450,509.6,0.367,112.9,5.52,30.18,0.00,0.00,24.26
2026-08-23T20:54:26Z,3.882,10595.5,0.944,1442.0,0.000,0.0,0.455,509.6,0.375,112.9,5.52,25.89,0.00,0.00,22.87
2026-08-23T20:54:27Z,4.513,10609.0,0.899,1442.5,0.000,0.0,0.440,510.1,0.360,112.9,5.44,23.06,0.00,0.00,22.87
2026-08-23T20:54:28Z,4.585,10630.9,0.858,1442.4,0.000,0.0,0.430,510.1,0.350,112.9,5.01,41.12,0.00,0.00,22.87
2026-08-23T20:54:30Z,4.865,10634.4,0.932,1442.4,0.000,0.0,0.483,509.7,0.396,112.8,4.46,26.08,0.00,0.00,22.87
2026-08-23T20:54:31Z,3.588,10648.0,0.923,1442.4,0.000,0.0,0.451,509.8,0.369,112.8,5.23,28.73,0.00,0.00,21.92
2026-08-23T20:54:32Z,3.311,10660.1,0.885,1442.4,0.000,0.0,0.432,510.0,0.363,112.8,4.74,29.08,0.00,0.00,21.92
2026-08-23T20:54:33Z,3.346,10673.7,0.918,1442.5,0.000,0.0,0.446,510.0,0.362,113.1,5.20,29.16,0.00,0.00,21.92
2026-08-23T20:54:34Z,3.413,10685.2,0.897,1442.4,0.000,0.0,0.437,509.7,0.355,112.8,4.91,29.42,0.00,0.00,21.92
2026-08-23T20:54:35Z,3.567,10699.3,0.909,1442.4,0.000,0.0,0.443,509.8,0.366,112.7,5.33,27.67,0.00,0.00,21.92
2026-08-23T20:54:36Z,3.345,10710.1,0.911,1442.4,0.000,0.0,0.433,509.8,0.360,112.9,4.30,29.48,0.00,0.00,20.49
2026-08-23T20:54:37Z,3.278,10723.0,0.889,1442.3,0.000,0.0,0.442,509.8,0.358,113.0,5.14,28.39,0.00,0.00,20.49
2026-08-23T20:54:38Z,3.547,10749.7,0.905,1442.3,0.000,0.0,0.435,509.8,0.360,112.7,4.77,30.28,0.00,0.00,20.49
2026-08-23T20:54:39Z,4.615,10748.7,0.886,1442.3,0.000,0.0,0.451,509.6,0.379,112.9,4.43,22.21,0.00,0.00,20.49
2026-08-23T20:54:40Z,3.373,10761.5,0.916,1442.4,0.000,0.0,0.449,509.6,0.367,112.7,5.46,36.93,0.00,0.00,20.49
2026-08-23T20:54:42Z,3.291,10774.8,0.910,1442.3,0.000,0.0,0.436,509.6,0.357,112.7,4.83,28.99,0.00,0.00,18.93
2026-08-23T20:54:43Z,3.338,10786.8,0.904,1442.4,0.000,0.0,0.456,509.6,0.364,112.6,5.08,28.78,0.00,0.00,18.93
2026-08-23T20:54:44Z,3.291,10798.6,0.910,1442.3,0.000,0.0,0.429,509.6,0.353,112.6,4.88,25.81,0.00,0.00,18.93
2026-08-23T20:54:45Z,3.292,10809.9,0.909,1442.3,0.000,0.0,0.440,509.6,0.367,112.6,4.62,29.39,0.00,0.00,18.93
2026-08-23T20:54:46Z,3.398,10823.1,0.919,1442.3,0.000,0.0,0.450,509.6,0.365,112.6,5.45,29.56,0.00,0.00,17.89
2026-08-23T20:54:47Z,3.372,10840.3,0.906,1442.9,0.000,0.0,0.449,509.6,0.360,112.6,5.31,28.59,0.00,0.00,17.89
2026-08-23T20:54:48Z,4.840,10881.5,0.873,1442.8,0.000,0.0,0.437,509.9,0.357,112.7,4.98,19.24,0.00,0.00,17.89
2026-08-23T20:54:49Z,5.448,10899.1,0.833,1443.2,0.000,0.0,0.434,509.9,0.345,112.7,4.87,14.92,0.00,0.00,17.89
2026-08-23T20:54:50Z,5.104,10904.2,0.902,1443.0,0.000,0.0,0.444,509.6,0.376,112.9,5.39,23.11,0.00,0.00,17.89
2026-08-23T20:54:51Z,5.110,10916.2,0.869,1443.0,0.000,0.0,0.439,509.6,0.352,112.6,4.79,18.16,0.00,0.00,17.66
2026-08-23T20:54:52Z,5.017,10927.7,0.883,1443.0,0.000,0.0,0.448,509.9,0.358,112.9,5.38,20.40,0.00,0.00,17.66
2026-08-23T20:54:54Z,4.969,10938.9,0.905,1443.0,0.000,0.0,0.438,509.6,0.357,112.6,5.06,18.21,0.00,0.00,17.66
2026-08-23T20:54:55Z,3.843,10918.4,0.894,1443.0,0.000,0.0,0.442,509.6,0.359,112.6,5.52,22.75,0.00,0.00,17.66
2026-08-23T20:54:56Z,3.427,10930.8,0.918,1443.0,0.000,0.0,0.439,509.6,0.363,112.6,5.03,26.08,0.00,0.00,17.61
2026-08-23T20:54:57Z,3.315,10942.0,0.917,1443.0,0.000,0.0,0.441,509.6,0.359,112.6,5.83,27.57,0.00,0.00,17.61
2026-08-23T20:54:58Z,3.468,10954.5,0.928,1443.2,0.000,0.0,0.445,509.6,0.371,112.7,4.89,26.41,0.00,0.00,17.61
2026-08-23T20:54:59Z,4.615,10965.8,0.895,1443.0,0.000,0.0,0.447,509.7,0.364,112.7,4.22,19.72,0.00,0.00,17.61
2026-08-23T20:55:00Z,3.504,10978.6,0.920,1443.0,0.000,0.0,0.464,509.3,0.378,112.6,5.33,38.52,0.00,0.00,17.61
2026-08-23T20:55:01Z,3.526,10990.2,0.952,1442.9,0.000,0.0,0.462,509.0,0.385,112.8,4.16,31.16,0.00,0.00,17.08
2026-08-23T20:55:02Z,3.371,11001.6,0.933,1443.0,0.000,0.0,0.457,509.1,0.372,112.7,4.97,23.67,0.00,0.00,17.08
2026-08-23T20:55:03Z,3.403,11011.3,0.934,1443.0,0.000,0.0,0.449,509.3,0.355,112.6,4.20,21.44,0.00,0.00,17.08
2026-08-23T20:55:04Z,3.429,11022.3,0.905,1443.0,0.000,0.0,0.438,509.2,0.362,112.9,4.06,25.75,0.00,0.00,17.08
2026-08-23T20:55:06Z,3.447,11034.8,0.900,1443.0,0.000,0.0,0.438,509.0,0.361,112.6,4.20,26.13,0.00,0.00,17.08
2026-08-23T20:55:07Z,3.391,11045.3,0.929,1443.0,0.000,0.0,0.467,509.2,0.379,112.6,4.50,23.91,0.00,0.00,16.27
2026-08-23T20:55:08Z,3.334,11056.0,0.931,1443.0,0.000,0.0,0.458,509.0,0.371,112.7,3.64,21.86,0.00,0.00,16.27
2026-08-23T20:55:09Z,4.311,11083.0,0.901,1443.0,0.000,0.0,0.441,509.0,0.365,112.7,3.43,18.65,0.00,0.00,16.27
2026-08-23T20:55:10Z,3.890,11077.2,0.962,1443.0,0.000,0.0,0.475,509.2,0.389,112.7,3.85,19.44,0.00,0.00,16.27
2026-08-23T20:55:11Z,3.382,11087.1,0.942,1443.0,0.000,0.0,0.451,509.2,0.358,112.7,2.71,28.28,0.00,0.00,15.21
2026-08-23T20:55:12Z,3.296,11097.2,0.925,1443.0,0.000,0.0,0.453,509.0,0.366,112.7,3.36,22.64,0.00,0.00,15.21
2026-08-23T20:55:13Z,3.351,11108.0,0.899,1442.9,0.000,0.0,0.442,509.2,0.355,112.6,3.96,25.10,0.00,0.00,15.21
2026-08-23T20:55:14Z,3.281,11118.6,0.890,1443.0,0.000,0.0,0.439,509.2,0.366,112.6,4.16,25.40,0.00,0.00,15.21
2026-08-23T20:55:15Z,4.321,11160.2,0.897,1442.9,0.000,0.0,0.441,509.2,0.364,112.6,3.94,21.69,0.00,0.00,15.21
2026-08-23T20:55:16Z,5.010,11169.8,0.855,1443.0,0.000,0.0,0.433,508.9,0.354,112.9,4.05,19.17,0.00,0.00,15.59
2026-08-23T20:55:17Z,4.749,11179.9,0.852,1443.5,0.000,0.0,0.443,509.0,0.360,112.6,4.42,21.28,0.00,0.00,15.59
2026-08-23T20:55:19Z,5.242,11202.8,0.836,1443.0,0.000,0.0,0.429,509.2,0.357,112.7,4.13,19.19,0.00,0.00,15.59
2026-08-23T20:55:20Z,5.189,11218.9,0.868,1443.1,0.000,0.0,0.462,508.9,0.369,112.7,4.13,15.26,0.00,0.00,15.59
2026-08-23T20:55:21Z,5.216,11211.1,0.842,1443.0,0.000,0.0,0.432,508.9,0.356,112.7,4.06,24.20,0.00,0.00,14.98
2026-08-23T20:55:22Z,4.621,11194.1,0.907,1443.1,0.000,0.0,0.444,509.2,0.362,112.7,4.23,21.08,0.00,0.00,14.98
2026-08-23T20:55:23Z,3.433,11200.1,0.907,1443.0,0.000,0.0,0.439,508.9,0.356,112.7,4.05,21.80,0.00,0.00,14.98
2026-08-23T20:55:24Z,3.445,11210.5,0.900,1443.0,0.000,0.0,0.449,508.9,0.357,112.6,4.10,22.17,0.00,0.00,14.98
2026-08-23T20:55:25Z,3.421,11218.8,0.875,1443.0,0.000,0.0,0.441,509.1,0.361,112.9,3.61,26.22,0.00,0.00,14.98
2026-08-23T20:55:26Z,3.748,11227.8,0.903,1443.0,0.000,0.0,0.467,509.2,0.380,112.7,3.27,24.30,0.00,0.00,15.06
2026-08-23T20:55:27Z,3.762,11236.1,0.890,1443.0,0.000,0.0,0.450,508.9,0.365,112.6,3.19,22.42,0.00,0.00,15.06
2026-08-23T20:55:28Z,3.688,11258.1,0.895,1443.0,0.000,0.0,0.441,509.0,0.362,112.7,3.10,20.99,0.00,0.00,15.06
2026-08-23T20:55:30Z,4.538,11261.3,0.912,1443.2,0.000,0.0,0.541,501.2,0.379,112.6,3.65,17.01,0.00,0.00,15.06
2026-08-23T20:55:31Z,4.104,11272.3,0.902,1443.1,0.000,0.0,0.456,500.6,0.368,112.7,3.71,31.47,0.00,0.00,15.06
2026-08-23T20:55:32Z,4.117,11283.9,0.902,1443.1,0.000,0.0,0.448,500.6,0.364,112.6,3.41,26.32,0.00,0.00,14.82
2026-08-23T20:55:33Z,4.173,11290.9,0.878,1443.1,0.000,0.0,0.439,500.8,0.368,112.7,4.09,22.96,0.00,0.00,14.82
2026-08-23T20:55:34Z,3.510,11301.0,0.879,1443.7,0.000,0.0,0.434,500.8,0.358,112.9,3.72,25.22,0.00,0.00,14.82
2026-08-23T20:55:35Z,3.503,11310.4,0.892,1443.6,0.000,0.0,0.440,500.6,0.362,112.6,3.56,25.08,0.00,0.00,14.82
2026-08-23T20:55:36Z,3.349,11320.2,0.884,1443.6,0.000,0.0,0.435,500.6,0.362,112.6,4.04,26.22,0.00,0.00,14.67
2026-08-23T20:55:37Z,3.293,11330.0,0.863,1443.6,0.000,0.0,0.435,500.5,0.358,112.6,4.24,26.06,0.00,0.00,14.67
2026-08-23T20:55:38Z,3.398,11347.5,0.875,1443.7,0.000,0.0,0.444,500.6,0.363,112.7,3.97,26.33,0.00,0.00,14.67
2026-08-23T20:55:39Z,4.564,11350.6,0.860,1443.6,0.000,0.0,0.433,501.0,0.365,112.6,3.10,19.20,0.00,0.00,14.67
2026-08-23T20:55:40Z,3.397,11359.5,0.907,1443.8,0.000,0.0,0.463,500.8,0.377,112.9,3.37,22.53,0.00,0.00,14.67
2026-08-23T20:55:41Z,3.431,11369.8,0.919,1443.8,0.000,0.0,0.462,500.5,0.375,112.6,3.65,29.41,0.00,0.00,14.46
2026-08-23T20:55:43Z,3.311,11378.1,0.860,1443.8,0.000,0.0,0.439,500.6,0.358,112.6,3.60,25.95,0.00,0.00,14.46
2026-08-23T20:55:44Z,3.264,11386.6,0.867,1443.8,0.000,0.0,0.436,501.1,0.358,112.6,3.13,24.94,0.00,0.00,14.46
2026-08-23T20:55:45Z,3.368,11395.9,0.901,1443.8,0.000,0.0,0.453,500.5,0.366,112.6,3.83,22.55,0.00,0.00,14.46
2026-08-23T20:55:46Z,3.430,11405.9,0.913,1443.8,0.000,0.0,0.463,500.8,0.377,112.6,3.77,22.13,0.00,0.00,14.10
2026-08-23T20:55:47Z,3.443,11414.9,0.897,1444.0,0.000,0.0,0.450,500.8,0.367,112.6,3.45,25.08,0.00,0.00,14.10
2026-08-23T20:55:48Z,3.367,11425.8,0.880,1443.8,0.000,0.0,0.443,500.6,0.367,112.7,3.17,24.80,0.00,0.00,14.10
2026-08-23T20:55:49Z,4.655,11434.2,0.863,1443.8,0.000,0.0,0.454,500.6,0.367,112.6,3.23,17.41,0.00,0.00,14.10
2026-08-23T20:55:50Z,3.465,11442.8,0.911,1443.8,0.000,0.0,0.458,500.8,0.377,112.6,3.46,25.85,0.00,0.00,14.10
2026-08-23T20:55:51Z,3.302,11452.3,0.868,1443.8,0.000,0.0,0.436,501.0,0.360,112.6,3.87,28.41,0.00,0.00,13.53
2026-08-23T20:55:52Z,3.209,11461.0,0.846,1443.8,0.000,0.0,0.427,500.6,0.355,112.6,2.86,35.73,0.00,0.00,13.53
2026-08-23T20:55:53Z,3.334,11469.3,0.844,1443.8,0.000,0.0,0.443,500.6,0.360,112.7,3.19,28.59,0.00,0.00,13.53
2026-08-23T20:55:55Z,4.417,11508.3,0.877,1443.8,0.000,0.0,0.449,500.5,0.356,112.6,2.65,21.47,0.00,0.00,13.53
2026-08-23T20:55:56Z,5.014,11516.2,0.860,1443.8,0.000,0.0,0.441,500.6,0.362,112.6,2.64,18.86,0.00,0.00,13.53
2026-08-23T20:55:57Z,4.943,11524.5,0.892,1443.8,0.000,0.0,0.431,500.6,0.363,112.6,3.09,21.93,0.00,0.00,13.49
2026-08-23T20:55:58Z,5.038,11533.4,0.890,1444.1,0.000,0.0,0.444,500.6,0.355,112.9,3.20,20.21,0.00,0.00,13.49
2026-08-23T20:55:59Z,5.433,11560.7,0.820,1444.0,0.000,0.0,0.432,500.7,0.353,113.1,3.86,16.63,0.00,0.00,13.49
2026-08-23T20:56:00Z,5.122,11551.6,0.889,1444.7,0.000,0.0,0.460,500.7,0.392,112.8,2.89,16.84,0.00,0.00,13.49
2026-08-23T20:56:01Z,4.895,11537.2,0.896,1444.9,0.000,0.0,0.441,500.9,0.380,112.8,2.97,30.85,0.00,0.00,13.53
2026-08-23T20:56:02Z,3.409,11537.5,0.929,1444.7,0.000,0.0,0.443,500.7,0.366,113.6,3.28,32.48,0.00,0.00,13.53
2026-08-23T20:56:03Z,3.406,11546.8,0.930,1444.7,0.000,0.0,0.451,500.6,0.364,112.7,2.77,23.18,0.00,0.00,13.53
2026-08-23T20:56:04Z,3.489,11555.2,0.920,1444.7,0.000,0.0,0.441,500.7,0.362,112.8,3.17,23.59,0.00,0.00,13.53
2026-08-23T20:56:06Z,3.506,11563.8,0.929,1444.7,0.000,0.0,0.449,500.7,0.370,113.2,2.38,22.40,0.00,0.00,13.53
2026-08-23T20:56:07Z,3.379,11571.0,0.924,1444.7,0.000,0.0,0.452,500.9,0.377,112.8,2.35,22.51,0.00,0.00,13.17
2026-08-23T20:56:08Z,3.431,11579.3,0.934,1444.7,0.000,0.0,0.457,500.7,0.369,112.7,1.93,23.23,0.00,0.00,13.17
2026-08-23T20:56:09Z,4.349,11618.2,0.909,1444.7,0.000,0.0,0.462,500.7,0.371,112.8,22.17,21.27,0.00,0.00,13.17
2026-08-23T20:56:10Z,4.128,11742.6,0.965,1444.7,0.000,0.0,0.486,500.6,0.383,112.7,107.58,23.87,0.00,0.00,13.17
2026-08-23T20:56:11Z,4.013,11837.2,0.934,1444.7,0.000,0.0,0.463,500.6,0.374,112.7,74.34,24.48,0.00,0.00,13.47
2026-08-23T20:56:12Z,4.378,11866.5,0.911,1444.8,0.000,0.0,0.457,500.7,0.372,112.8,30.70,30.72,0.00,0.00,13.47
2026-08-23T20:56:13Z,3.327,11874.7,0.909,1444.8,0.000,0.0,0.440,500.6,0.360,112.8,2.27,23.39,0.00,0.00,13.47
2026-08-23T20:56:14Z,3.323,11882.0,0.922,1444.7,0.000,0.0,0.446,500.7,0.367,112.8,2.29,24.55,0.00,0.00,13.47
2026-08-23T20:56:15Z,3.337,11889.6,0.914,1444.7,0.000,0.0,0.441,500.6,0.366,113.0,1.93,24.28,0.00,0.00,13.47
2026-08-23T20:56:16Z,3.348,11896.8,0.919,1444.7,0.000,0.0,0.438,500.9,0.356,112.8,1.94,23.30,0.00,0.00,12.56
2026-08-23T20:56:18Z,3.368,11903.6,0.926,1445.0,0.000,0.0,0.453,500.6,0.366,112.7,2.08,23.18,0.00,0.00,12.56
2026-08-23T20:56:19Z,4.025,11921.9,0.900,1444.7,0.000,0.0,0.439,500.7,0.367,112.8,2.11,22.16,0.00,0.00,12.56
2026-08-23T20:56:20Z,4.073,11919.3,0.913,1444.8,0.000,0.0,0.442,500.7,0.369,112.7,2.00,20.13,0.00,0.00,12.56
2026-08-23T20:56:21Z,3.309,11926.4,0.938,1444.8,0.000,0.0,0.452,500.7,0.366,112.8,1.97,23.04,0.00,0.00,12.59
2026-08-23T20:56:22Z,3.326,11932.5,0.916,1444.8,0.000,0.0,0.432,500.6,0.359,112.7,1.79,24.07,0.00,0.00,12.59
2026-08-23T20:56:23Z,3.353,11940.9,0.934,1444.8,0.000,0.0,0.452,500.6,0.363,113.0,2.26,31.37,0.00,0.00,12.59
2026-08-23T20:56:24Z,3.430,11947.7,0.910,1444.8,0.000,0.0,0.449,500.9,0.365,112.8,1.87,23.57,0.00,0.00,12.59
2026-08-23T20:56:25Z,3.455,11954.3,0.904,1444.7,0.000,0.0,0.431,501.3,0.366,112.7,2.00,26.17,0.00,0.00,12.59
2026-08-23T20:56:26Z,3.745,11961.3,0.915,1444.8,0.000,0.0,0.456,500.7,0.373,113.3,2.14,25.46,0.00,0.00,12.54
2026-08-23T20:56:27Z,3.993,11974.1,0.894,1444.8,0.000,0.0,0.437,501.2,0.359,112.7,2.11,26.44,0.00,0.00,12.54
2026-08-23T20:56:28Z,4.552,11994.9,0.860,1444.8,0.000,0.0,0.428,501.2,0.358,112.8,2.33,22.72,0.00,0.00,12.54
2026-08-23T20:56:30Z,5.080,11990.9,0.896,1445.0,0.000,0.0,0.441,500.7,0.374,112.8,2.08,17.89,0.00,0.00,12.54
2026-08-23T20:56:31Z,4.002,11998.9,0.925,1445.0,0.000,0.0,0.455,500.7,0.373,112.8,2.56,21.31,0.00,0.00,12.54
2026-08-23T20:56:32Z,3.400,12006.1,0.943,1444.9,0.000,0.0,0.446,500.9,0.373,112.8,2.12,44.18,0.00,0.00,12.18
2026-08-23T20:56:33Z,3.376,12014.3,0.924,1445.2,0.000,0.0,0.444,500.7,0.366,112.8,2.35,31.31,0.00,0.00,12.18
2026-08-23T20:56:34Z,3.590,12021.8,0.941,1445.0,0.000,0.0,0.460,500.7,0.376,112.9,2.50,24.05,0.00,0.00,12.18
2026-08-23T20:56:35Z,3.776,12030.0,0.935,1445.2,0.000,0.0,0.459,500.9,0.386,112.8,2.12,25.16,0.00,0.00,12.18
2026-08-23T20:56:36Z,3.457,12036.7,0.918,1445.0,0.000,0.0,0.449,500.7,0.367,112.8,2.35,26.86,0.00,0.00,11.36
2026-08-23T20:56:37Z,3.369,11992.4,0.899,1444.9,0.000,0.0,0.445,500.6,0.365,112.7,2.33,27.61,0.00,0.00,11.36
2026-08-23T20:56:38Z,3.624,12007.1,0.949,1445.0,0.000,0.0,0.465,500.6,0.384,112.8,2.24,23.88,0.00,0.00,11.36
2026-08-23T20:56:39Z,4.655,12007.8,0.891,1444.9,0.000,0.0,0.448,500.9,0.377,112.7,1.70,17.62,0.00,0.00,11.36
2026-08-23T20:56:40Z,3.395,11963.3,0.909,1445.0,0.000,0.0,0.455,500.7,0.375,112.7,3.28,24.85,0.00,0.00,11.36
2026-08-23T20:56:42Z,3.321,11971.8,0.886,1445.0,0.000,0.0,0.439,500.6,0.356,112.7,2.42,28.13,0.00,0.00,11.17
2026-08-23T20:56:43Z,3.454,11978.3,0.878,1445.1,0.000,0.0,0.441,500.9,0.362,112.7,1.89,32.86,0.00,0.00,11.17
2026-08-23T20:56:44Z,3.347,11985.1,0.902,1445.0,0.000,0.0,0.431,500.9,0.361,112.7,1.80,26.40,0.00,0.00,11.17
2026-08-23T20:56:45Z,3.273,11991.7,0.875,1445.1,0.000,0.0,0.430,501.1,0.353,112.7,2.03,24.72,0.00,0.00,11.17
2026-08-23T20:56:46Z,3.374,11999.4,0.867,1445.4,0.000,0.0,0.436,500.9,0.359,112.7,2.28,25.92,0.00,0.00,11.32
2026-08-23T20:56:47Z,3.713,12006.3,0.884,1445.2,0.000,0.0,0.444,500.9,0.364,112.7,1.99,26.18,0.00,0.00,11.32
2026-08-23T20:56:48Z,3.338,12014.0,0.887,1445.2,0.000,0.0,0.441,500.7,0.360,112.7,2.02,25.38,0.00,0.00,11.32
2026-08-23T20:56:49Z,4.746,12022.5,0.867,1445.3,0.000,0.0,0.437,500.6,0.360,112.7,2.21,20.24,0.00,0.00,11.32
2026-08-23T20:56:50Z,3.361,11879.8,0.885,1445.3,0.000,0.0,0.439,500.6,0.372,112.7,1.95,27.42,0.00,0.00,11.32
2026-08-23T20:56:51Z,3.309,11887.3,0.886,1445.3,0.000,0.0,0.439,500.6,0.358,112.7,2.10,25.48,0.00,0.00,11.30
2026-08-23T20:56:52Z,3.251,11894.9,0.860,1445.3,0.000,0.0,0.428,500.6,0.359,113.0,2.53,26.81,0.00,0.00,11.30
2026-08-23T20:56:53Z,3.424,11904.4,0.883,1445.3,0.000,0.0,0.445,500.6,0.365,112.8,2.72,33.36,0.00,0.00,11.30
2026-08-23T20:56:55Z,3.549,11912.8,0.914,1445.3,0.000,0.0,0.449,500.6,0.367,112.7,2.62,23.97,0.00,0.00,11.30
2026-08-23T20:56:56Z,3.558,11920.7,0.891,1445.3,0.000,0.0,0.454,500.6,0.366,112.8,2.87,22.29,0.00,0.00,11.30
2026-08-23T20:56:57Z,3.301,11930.3,0.899,1445.3,0.000,0.0,0.441,500.6,0.362,112.7,3.44,20.89,0.00,0.00,11.67
2026-08-23T20:56:58Z,3.346,11938.5,0.916,1445.3,0.000,0.0,0.445,500.9,0.373,112.7,2.92,22.09,0.00,0.00,11.67
2026-08-23T20:56:59Z,4.471,11969.6,0.857,1445.4,0.000,0.0,0.435,500.9,0.353,112.7,3.74,19.31,0.00,0.00,11.67
2026-08-23T20:57:00Z,3.758,11960.0,0.888,1445.6,0.000,0.0,0.453,500.6,0.374,112.7,3.24,24.65,0.00,0.00,11.67
2026-08-23T20:57:01Z,3.575,11960.7,0.927,1445.6,0.000,0.0,0.467,500.6,0.386,112.7,3.96,25.54,0.01,0.02,11.38
2026-08-23T20:57:02Z,4.809,11961.3,0.846,1445.6,0.000,0.0,0.433,500.6,0.353,112.7,4.00,29.77,0.00,0.00,11.38
2026-08-23T20:57:03Z,5.104,11970.1,0.896,1445.7,0.000,0.0,0.448,500.6,0.379,112.7,3.54,25.94,0.00,0.00,11.38
2026-08-23T20:57:04Z,5.195,11978.9,0.882,1445.8,0.000,0.0,0.454,500.6,0.379,112.7,2.81,17.22,0.00,0.00,11.38
2026-08-23T20:57:05Z,5.206,11987.6,0.881,1446.8,0.000,0.0,0.443,500.9,0.385,112.7,2.30,15.07,0.00,0.00,11.38
2026-08-23T20:57:07Z,5.087,11995.0,0.879,1447.0,0.000,0.0,0.485,500.9,0.389,113.0,2.36,18.37,0.00,0.00,12.63
2026-08-23T20:57:08Z,5.001,11952.2,0.859,1447.1,0.000,0.0,0.435,501.1,0.364,112.7,2.02,20.16,0.00,0.00,12.63
2026-08-23T20:57:09Z,5.154,11972.3,0.882,1447.1,0.000,0.0,0.437,501.0,0.371,112.8,2.23,17.22,0.00,0.00,12.63
2026-08-23T20:57:10Z,4.616,11939.3,0.880,1447.2,0.000,0.0,0.464,500.8,0.401,112.8,2.47,17.89,0.00,0.00,12.63
2026-08-23T20:57:11Z,3.301,11946.6,0.866,1447.2,0.000,0.0,0.448,501.0,0.361,112.8,2.19,25.74,0.00,0.00,12.26
2026-08-23T20:57:12Z,3.463,11954.0,0.893,1447.3,0.000,0.0,0.455,500.8,0.381,112.8,2.06,24.93,0.00,0.00,12.26
2026-08-23T20:57:13Z,4.063,9772.5,-1938.530,0.0,0.000,0.0,0.561,497.5,0.370,115.1,1.79,28.91,0.00,0.00,12.26
2026-08-23T20:57:14Z,6.770,9463.9,0.000,0.0,0.000,0.0,0.398,509.3,0.251,117.2,0.38,2.38,0.00,0.00,12.26
2026-08-23T20:57:15Z,6.089,8651.6,0.000,0.0,0.000,0.0,0.341,518.1,0.363,131.8,0.85,5.80,0.00,0.00,12.26
2026-08-23T20:57:17Z,5.759,8930.1,0.000,0.0,0.000,0.0,0.369,512.9,0.321,129.0,5.69,18.74,0.00,0.00,22.65
2026-08-23T20:57:18Z,5.704,9743.9,0.000,0.0,0.000,0.0,0.398,509.8,0.285,128.3,2.74,16.46,0.00,0.00,22.65
2026-08-23T20:57:19Z,6.020,10186.0,0.000,0.0,0.000,0.0,0.391,509.9,0.293,128.9,2.27,15.46,0.00,0.00,22.65
2026-08-23T20:57:20Z,6.243,10446.4,0.000,0.0,0.000,0.0,0.355,510.4,0.262,128.7,2.58,13.25,0.00,0.00,22.65
2026-08-23T20:57:21Z,6.147,10624.6,0.000,0.0,0.000,0.0,0.404,509.9,0.308,128.6,2.02,11.70,0.00,0.00,29.96
2026-08-23T20:57:22Z,5.511,10711.3,0.000,0.0,0.000,0.0,0.490,510.2,0.401,128.8,2.25,10.40,0.00,0.00,29.96
2026-08-23T20:57:23Z,5.413,10787.0,0.000,0.0,0.000,0.0,0.442,510.0,0.359,128.8,2.26,13.24,0.00,0.00,29.96
2026-08-23T20:57:24Z,5.419,10809.5,0.000,0.0,0.000,0.0,0.441,510.0,0.364,128.8,2.16,11.75,0.00,0.00,29.96
2026-08-23T20:57:26Z,5.344,10845.9,0.000,0.0,0.000,0.0,0.452,510.0,0.370,124.1,2.34,13.54,0.00,0.00,29.96
2026-08-23T20:57:27Z,5.394,10885.6,0.000,0.0,0.000,0.0,0.445,510.3,0.364,124.2,2.14,13.75,0.00,0.00,29.81
2026-08-23T20:57:28Z,5.126,10916.1,0.000,0.0,0.000,0.0,0.403,511.3,0.310,125.7,1.84,11.02,0.00,0.00,29.81
2026-08-23T20:57:29Z,4.934,10957.3,0.000,0.0,0.000,0.0,0.473,511.5,0.367,125.2,2.95,24.33,0.00,0.00,29.81
2026-08-23T20:57:30Z,5.233,11041.4,0.000,0.0,0.000,0.0,0.538,510.3,0.459,122.7,40.64,14.59,0.00,0.00,29.81
2026-08-23T20:57:31Z,5.351,11126.3,0.000,0.0,0.000,0.0,0.509,510.3,0.428,122.6,47.95,10.66,0.00,0.00,30.06
2026-08-23T20:57:32Z,5.328,11240.9,0.000,0.0,0.000,0.0,0.479,510.2,0.377,122.7,79.04,13.84,0.00,0.00,30.06
2026-08-23T20:57:33Z,5.425,11311.2,0.000,0.0,0.000,0.0,0.451,510.2,0.366,122.6,32.88,14.86,0.00,0.00,30.06
2026-08-23T20:57:34Z,5.118,11292.8,0.000,0.0,0.000,0.0,0.469,510.5,0.375,122.6,2.23,14.97,0.00,0.00,30.06
2026-08-23T20:57:36Z,3.847,11315.2,0.000,0.0,0.000,0.0,0.465,510.2,0.397,120.8,2.23,22.74,0.00,0.00,30.06
2026-08-23T20:57:37Z,3.646,11340.7,0.000,0.0,0.000,0.0,0.461,510.3,0.375,120.9,2.10,23.31,0.00,0.00,28.86
2026-08-23T20:57:38Z,3.556,11364.8,0.000,0.0,0.000,0.0,0.441,510.2,0.365,120.8,2.15,26.23,0.00,0.00,28.86
2026-08-23T20:57:39Z,4.611,11403.3,0.000,0.0,0.000,0.0,0.454,508.5,0.370,120.9,2.24,29.61,0.00,0.00,28.86
2026-08-23T20:57:40Z,4.610,11418.7,0.000,0.0,0.000,0.0,0.451,508.2,0.390,119.9,1.99,19.22,0.00,0.00,28.86
2026-08-23T20:57:41Z,3.738,11444.2,0.000,0.0,0.000,0.0,0.470,508.5,0.385,120.0,2.52,23.27,0.00,0.00,27.59
2026-08-23T20:57:42Z,3.630,11475.7,0.000,0.0,0.000,0.0,0.447,508.2,0.365,120.0,2.56,27.03,0.00,0.00,27.59
2026-08-23T20:57:43Z,3.619,11501.4,0.000,0.0,0.000,0.0,0.456,508.3,0.373,120.0,1.83,26.06,0.00,0.00,27.59
2026-08-23T20:57:44Z,3.608,11525.1,0.000,0.0,0.000,0.0,0.455,508.2,0.366,119.9,1.78,27.96,0.00,0.00,27.59
2026-08-23T20:57:45Z,3.803,11552.9,0.000,0.0,0.000,0.0,0.451,508.2,0.372,119.5,1.73,24.88,0.00,0.00,27.59
2026-08-23T20:57:47Z,4.096,11581.3,0.000,0.0,0.000,0.0,0.451,508.2,0.364,119.4,1.90,22.21,0.00,0.00,25.70
2026-08-23T20:57:48Z,3.612,11604.1,0.000,0.0,0.000,0.0,0.455,508.2,0.370,119.5,2.18,25.96,0.00,0.00,25.70
2026-08-23T20:57:49Z,4.654,11642.6,0.000,0.0,0.000,0.0,0.432,508.5,0.352,119.5,1.77,19.79,0.00,0.00,25.70
2026-08-23T20:57:50Z,5.044,11662.0,0.000,0.0,0.000,0.0,0.468,508.2,0.376,119.3,1.59,27.82,0.00,0.00,25.70
2026-08-23T20:57:51Z,4.056,11688.8,0.000,0.0,0.000,0.0,0.456,507.9,0.376,119.3,1.49,23.07,0.00,0.00,24.68
2026-08-23T20:57:52Z,3.669,11710.3,0.000,0.0,0.000,0.0,0.448,508.2,0.364,119.3,1.57,24.78,0.00,0.00,24.68
2026-08-23T20:57:53Z,3.588,11733.5,0.000,0.0,0.000,0.0,0.460,508.0,0.373,119.3,1.63,26.39,0.00,0.00,24.68
2026-08-23T20:57:54Z,3.548,11755.8,0.000,0.0,0.000,0.0,0.448,507.9,0.362,119.3,1.73,27.72,0.00,0.00,24.68
2026-08-23T20:57:55Z,3.548,11777.3,0.000,0.0,0.000,0.0,0.456,508.2,0.374,119.2,1.48,26.38,0.00,0.00,24.68
2026-08-23T20:57:56Z,3.515,11798.3,0.000,0.0,0.000,0.0,0.440,508.4,0.355,119.2,1.33,25.43,0.00,0.00,23.98
2026-08-23T20:57:57Z,3.506,11819.4,0.000,0.0,0.000,0.0,0.450,508.0,0.365,119.2,1.50,25.71,0.00,0.00,23.98
2026-08-23T20:57:59Z,4.129,11849.4,0.000,0.0,0.000,0.0,0.444,508.0,0.363,119.2,1.38,23.55,0.00,0.00,23.98
2026-08-23T20:58:00Z,4.532,11860.8,0.000,0.0,0.000,0.0,0.447,507.9,0.371,119.2,1.49,27.33,0.00,0.00,23.98
2026-08-23T20:58:01Z,3.623,11885.3,0.000,0.0,0.000,0.0,0.456,508.0,0.368,119.1,1.76,26.74,0.00,0.00,24.55
2026-08-23T20:58:02Z,3.722,11908.5,0.000,0.0,0.000,0.0,0.477,507.9,0.391,119.1,1.76,24.25,0.00,0.00,24.55
2026-08-23T20:58:03Z,3.641,11928.3,0.000,0.0,0.000,0.0,0.463,508.0,0.369,119.1,2.12,24.29,0.00,0.00,24.55
2026-08-23T20:58:04Z,3.590,11949.2,0.000,0.0,0.000,0.0,0.457,507.8,0.370,119.1,2.21,25.64,0.00,0.00,24.55
2026-08-23T20:58:05Z,3.735,11969.3,0.000,0.0,0.000,0.0,0.465,507.8,0.378,119.0,2.43,23.38,0.00,0.00,24.55
2026-08-23T20:58:06Z,3.659,11987.6,0.000,0.0,0.000,0.0,0.455,507.8,0.375,119.1,1.86,24.79,0.00,0.00,23.78
2026-08-23T20:58:07Z,3.523,12005.9,0.000,0.0,0.000,0.0,0.455,507.8,0.369,119.1,1.97,24.17,0.00,0.00,23.78
2026-08-23T20:58:08Z,3.947,12037.3,0.000,0.0,0.000,0.0,0.455,508.1,0.367,119.1,2.08,22.58,0.00,0.00,23.78
2026-08-23T20:58:09Z,5.119,12071.6,0.000,0.0,0.000,0.0,0.461,507.8,0.364,119.1,2.09,15.82,0.00,0.00,23.78
2026-08-23T20:58:11Z,5.172,12092.8,0.000,0.0,0.000,0.0,0.447,508.1,0.365,119.1,1.83,24.54,0.00,0.00,23.78
2026-08-23T20:58:12Z,5.086,12110.5,0.000,0.0,0.000,0.0,0.458,508.1,0.364,119.1,1.80,18.28,0.00,0.00,23.72
2026-08-23T20:58:13Z,5.221,12126.6,0.000,0.0,0.000,0.0,0.457,507.8,0.366,119.3,2.09,19.71,0.00,0.00,23.72
2026-08-23T20:58:14Z,4.885,12143.8,0.000,0.0,0.000,0.0,0.456,507.9,0.371,119.1,2.27,19.13,0.00,0.00,23.72
2026-08-23T20:58:15Z,5.133,12161.6,0.000,0.0,0.000,0.0,0.440,507.8,0.363,119.1,2.45,19.46,0.00,0.00,23.72
2026-08-23T20:58:16Z,5.347,12183.2,0.000,0.0,0.000,0.0,0.454,507.9,0.374,119.1,2.34,17.57,0.00,0.00,24.46
2026-08-23T20:58:17Z,4.195,12167.7,0.000,0.0,0.000,0.0,0.464,507.9,0.367,119.0,1.86,23.49,0.00,0.00,24.46
2026-08-23T20:58:18Z,3.855,12195.1,0.000,0.0,0.000,0.0,0.454,507.7,0.373,119.1,1.87,24.45,0.00,0.00,24.46
2026-08-23T20:58:19Z,5.237,12234.6,0.000,0.0,0.000,0.0,0.431,507.7,0.355,119.1,11.23,19.12,0.00,0.00,24.46
2026-08-23T20:58:20Z,4.603,12237.3,0.000,0.0,0.000,0.0,0.455,507.2,0.383,119.1,1.77,33.84,0.00,0.00,24.46
2026-08-23T20:58:22Z,3.728,12254.7,0.000,0.0,0.000,0.0,0.447,507.1,0.359,119.1,1.84,25.29,0.00,0.00,24.18
2026-08-23T20:58:23Z,3.587,12270.0,0.000,0.0,0.000,0.0,0.449,507.2,0.365,119.1,1.79,23.85,0.00,0.00,24.18
2026-08-23T20:58:24Z,3.523,12283.9,0.000,0.0,0.000,0.0,0.444,507.1,0.365,119.4,1.21,26.49,0.00,0.00,24.18
2026-08-23T20:58:25Z,3.500,12298.8,0.000,0.0,0.000,0.0,0.444,507.4,0.358,119.1,1.28,26.56,0.00,0.00,24.18
2026-08-23T20:58:26Z,3.718,12316.8,0.000,0.0,0.000,0.0,0.469,507.2,0.375,119.1,1.19,26.18,0.00,0.00,23.69
2026-08-23T20:58:27Z,4.413,12333.7,0.000,0.0,0.000,0.0,0.457,507.1,0.368,119.1,1.17,22.55,0.00,0.00,23.69
2026-08-23T20:58:28Z,4.647,12289.7,0.000,0.0,0.000,0.0,0.466,507.1,0.378,119.1,1.26,21.61,0.00,0.00,23.69
2026-08-23T20:58:29Z,5.259,12320.5,0.000,0.0,0.000,0.0,0.471,507.4,0.374,119.2,1.42,16.74,0.00,0.00,23.69
2026-08-23T20:58:30Z,4.839,12316.8,0.000,0.0,0.000,0.0,0.511,507.1,0.427,119.1,1.49,23.02,0.00,0.00,23.69
2026-08-23T20:58:31Z,4.466,12329.7,0.000,0.0,0.000,0.0,0.470,507.1,0.391,119.1,1.09,21.11,0.00,0.00,23.55
2026-08-23T20:58:32Z,3.794,12341.4,0.000,0.0,0.000,0.0,0.490,507.1,0.393,119.4,1.46,23.16,0.00,0.00,23.55
2026-08-23T20:58:34Z,3.803,12353.6,0.000,0.0,0.000,0.0,0.473,507.3,0.387,119.1,1.62,23.72,0.00,0.00,23.55
2026-08-23T20:58:35Z,3.768,12366.3,0.000,0.0,0.000,0.0,0.491,507.0,0.395,119.1,1.53,23.39,0.00,0.00,23.55
2026-08-23T20:58:36Z,3.714,12377.7,0.000,0.0,0.000,0.0,0.470,507.0,0.379,119.1,1.78,24.00,0.00,0.00,23.35
2026-08-23T20:58:37Z,3.772,12389.2,0.000,0.0,0.000,0.0,0.484,507.1,0.401,119.1,1.70,25.07,0.00,0.00,23.35
2026-08-23T20:58:38Z,3.787,12400.9,0.000,0.0,0.000,0.0,0.469,507.0,0.388,119.3,1.64,24.83,0.00,0.00,23.35
2026-08-23T20:58:39Z,4.875,12429.8,0.000,0.0,0.000,0.0,0.456,507.1,0.383,119.2,1.95,19.04,0.00,0.00,23.35
2026-08-23T20:58:40Z,4.441,12426.1,0.000,0.0,0.000,0.0,0.506,507.2,0.416,119.1,1.70,18.82,0.00,0.00,23.35
2026-08-23T20:58:41Z,3.595,12376.3,0.000,0.0,0.000,0.0,0.462,507.0,0.373,119.1,2.02,31.46,0.00,0.00,22.52
2026-08-23T20:58:42Z,3.710,12387.9,0.000,0.0,0.000,0.0,0.478,507.0,0.387,119.1,2.04,23.99,0.00,0.00,22.52
2026-08-23T20:58:43Z,3.519,12398.1,0.000,0.0,0.000,0.0,0.454,507.0,0.369,119.1,1.83,24.56,0.00,0.00,22.52
2026-08-23T20:58:44Z,3.673,12410.1,0.000,0.0,0.000,0.0,0.472,507.0,0.385,119.1,1.98,24.50,0.00,0.00,22.52
2026-08-23T20:58:46Z,3.731,12421.8,0.000,0.0,0.000,0.0,0.452,506.9,0.365,119.1,1.84,27.43,0.00,0.00,22.52
2026-08-23T20:58:47Z,3.905,12434.6,0.000,0.0,0.000,0.0,0.509,505.6,0.371,119.0,1.38,22.92,0.00,0.00,22.88
2026-08-23T20:58:48Z,3.560,12446.6,0.000,0.0,0.000,0.0,0.451,506.1,0.361,119.0,1.40,26.01,0.00,0.00,22.88
2026-08-23T20:58:49Z,4.569,12415.3,0.000,0.0,0.000,0.0,0.420,505.6,0.347,119.1,1.65,20.07,0.00,0.00,22.88
2026-08-23T20:58:50Z,4.956,12352.6,0.000,0.0,0.000,0.0,0.472,505.9,0.390,119.1,1.88,16.93,0.00,0.00,22.88
2026-08-23T20:58:51Z,4.053,12306.9,0.000,0.0,0.000,0.0,0.474,505.6,0.394,119.1,2.20,40.60,0.00,0.00,22.97
2026-08-23T20:58:52Z,3.717,12321.0,0.000,0.0,0.000,0.0,0.454,505.9,0.377,119.1,2.46,25.67,0.00,0.00,22.97
2026-08-23T20:58:53Z,3.548,12334.6,0.000,0.0,0.000,0.0,0.435,505.6,0.363,119.1,2.15,26.39,0.00,0.00,22.97
2026-08-23T20:58:54Z,3.558,12347.7,0.000,0.0,0.000,0.0,0.449,506.1,0.369,119.1,2.02,25.61,0.00,0.00,22.97
2026-08-23T20:58:55Z,3.608,12359.9,0.000,0.0,0.000,0.0,0.452,506.1,0.365,119.0,1.85,25.51,0.00,0.00,22.97
2026-08-23T20:58:56Z,3.634,12372.3,0.000,0.0,0.000,0.0,0.470,505.6,0.386,119.1,2.85,24.05,0.00,0.00,22.49
2026-08-23T20:58:58Z,3.625,12385.6,0.000,0.0,0.000,0.0,0.452,505.5,0.372,119.0,2.56,23.93,0.00,0.00,22.49
2026-08-23T20:58:59Z,4.131,12411.4,0.000,0.0,0.000,0.0,0.459,505.5,0.369,119.1,2.00,21.21,0.00,0.00,22.49
2026-08-23T20:59:00Z,4.780,12409.8,0.000,0.0,0.000,0.0,0.458,505.1,0.382,119.1,2.06,17.18,0.00,0.00,22.49
2026-08-23T20:59:01Z,3.632,12422.9,0.000,0.0,0.000,0.0,0.452,505.5,0.367,119.1,1.82,31.06,0.00,0.00,21.65
2026-08-23T20:59:02Z,3.601,12375.9,0.000,0.0,0.000,0.0,0.466,505.1,0.375,119.4,2.27,22.96,0.00,0.00,21.65
2026-08-23T20:59:03Z,3.484,12387.9,0.000,0.0,0.000,0.0,0.428,505.1,0.352,119.1,3.28,24.24,0.01,0.01,21.65
2026-08-23T20:59:04Z,3.557,12400.9,0.000,0.0,0.000,0.0,0.452,505.1,0.368,119.1,2.50,23.38,0.00,0.00,21.65
2026-08-23T20:59:05Z,3.598,12355.3,0.000,0.0,0.000,0.0,0.454,505.1,0.370,119.0,3.00,24.80,0.00,0.00,21.65
2026-08-23T20:59:06Z,3.616,12368.7,0.000,0.0,0.000,0.0,0.462,505.1,0.376,119.0,2.77,24.00,0.00,0.00,20.88
2026-08-23T20:59:07Z,3.610,12321.7,0.000,0.0,0.000,0.0,0.451,505.3,0.371,119.3,2.76,23.04,0.00,0.00,20.88
2026-08-23T20:59:08Z,3.711,12343.1,0.000,0.0,0.000,0.0,0.455,505.1,0.365,119.5,2.59,24.02,0.00,0.00,20.88
2026-08-23T20:59:09Z,5.015,12347.6,0.000,0.0,0.000,0.0,0.463,505.5,0.371,119.1,2.59,17.00,0.00,0.00,20.88
2026-08-23T20:59:11Z,3.614,12360.9,0.000,0.0,0.000,0.0,0.441,505.3,0.364,119.3,2.77,24.09,0.00,0.00,20.88
2026-08-23T20:59:12Z,3.541,12372.2,0.000,0.0,0.000,0.0,0.450,505.0,0.370,119.3,3.05,31.33,0.00,0.00,20.09
2026-08-23T20:59:13Z,3.591,12329.1,0.000,0.0,0.000,0.0,0.446,505.0,0.359,119.0,3.43,23.92,0.00,0.00,20.09
2026-08-23T20:59:14Z,3.701,12342.4,0.000,0.0,0.000,0.0,0.485,505.1,0.390,119.1,2.68,20.59,0.00,0.00,20.09
2026-08-23T20:59:15Z,3.689,12355.0,0.000,0.0,0.000,0.0,0.465,505.3,0.375,119.0,2.55,24.39,0.00,0.00,20.09
2026-08-23T20:59:16Z,3.996,12309.7,0.000,0.0,0.000,0.0,0.447,505.3,0.366,119.0,2.93,21.78,0.00,0.00,19.92
2026-08-23T20:59:17Z,4.423,12298.5,0.000,0.0,0.000,0.0,0.441,505.3,0.360,119.0,3.26,26.76,0.00,0.00,19.92
2026-08-23T20:59:18Z,5.201,12315.4,0.000,0.0,0.000,0.0,0.437,505.3,0.356,119.1,3.11,18.56,0.00,0.00,19.92
2026-08-23T20:59:19Z,5.731,12333.8,0.000,0.0,0.000,0.0,0.383,505.1,0.326,119.1,3.58,16.03,0.00,0.00,19.92
2026-08-23T20:59:20Z,5.460,12343.0,0.000,0.0,0.000,0.0,0.448,505.2,0.377,119.1,2.80,14.24,0.00,0.00,19.92
2026-08-23T20:59:21Z,5.288,12300.0,0.000,0.0,0.000,0.0,0.458,505.6,0.372,119.1,3.35,34.02,0.00,0.00,19.77
2026-08-23T20:59:23Z,5.207,12313.1,0.000,0.0,0.000,0.0,0.447,505.3,0.375,119.1,3.13,17.69,0.00,0.00,19.77
2026-08-23T20:59:24Z,5.199,12326.0,0.000,0.0,0.000,0.0,0.434,505.4,0.362,119.1,3.45,18.22,0.00,0.00,19.77
2026-08-23T20:59:25Z,3.934,12307.1,0.000,0.0,0.000,0.0,0.445,505.3,0.362,119.1,2.88,23.88,0.00,0.00,19.77
2026-08-23T20:59:26Z,4.058,12324.4,0.000,0.0,0.000,0.0,0.451,505.1,0.371,119.2,3.08,22.52,0.00,0.00,19.46
2026-08-23T20:59:27Z,4.730,12339.0,0.000,0.0,0.000,0.0,0.457,505.4,0.363,119.2,3.11,21.74,0.00,0.00,19.46
2026-08-23T20:59:28Z,4.525,12354.5,0.000,0.0,0.000,0.0,0.451,505.1,0.365,119.1,2.77,21.76,0.00,0.00,19.46
2026-08-23T20:59:29Z,5.259,12315.9,0.000,0.0,0.000,0.0,0.421,505.4,0.353,119.2,2.84,15.25,0.00,0.00,19.46
2026-08-23T20:59:30Z,3.905,12322.1,0.000,0.0,0.000,0.0,0.464,505.1,0.377,119.1,2.58,23.58,0.00,0.00,19.46
2026-08-23T20:59:31Z,3.503,12334.9,0.000,0.0,0.000,0.0,0.446,505.1,0.360,119.1,2.83,26.27,0.00,0.00,18.14
2026-08-23T20:59:32Z,3.566,12348.6,0.000,0.0,0.000,0.0,0.454,505.1,0.366,119.1,2.59,34.54,0.00,0.00,18.14
2026-08-23T20:59:34Z,3.476,12360.7,0.000,0.0,0.000,0.0,0.436,505.4,0.357,119.1,2.51,27.57,0.00,0.00,18.14
2026-08-23T20:59:35Z,3.469,12371.9,0.000,0.0,0.000,0.0,0.436,505.3,0.364,119.1,2.83,26.60,0.00,0.00,18.14
2026-08-23T20:59:36Z,4.917,12301.9,0.000,0.0,0.000,0.0,0.444,505.4,0.360,119.1,3.05,17.87,0.00,0.00,18.14
2026-08-23T20:59:37Z,5.035,12313.3,0.000,0.0,0.000,0.0,0.437,505.1,0.358,119.1,3.20,18.56,0.00,0.00,19.17
2026-08-23T20:59:38Z,5.104,12325.6,0.000,0.0,0.000,0.0,0.433,505.3,0.359,119.1,2.73,19.86,0.00,0.00,19.17
2026-08-23T20:59:39Z,5.432,12298.9,0.000,0.0,0.000,0.0,0.415,505.1,0.345,119.1,3.19,18.65,0.00,0.00,19.17
2026-08-23T20:59:40Z,5.339,12293.4,0.000,0.0,0.000,0.0,0.447,505.1,0.367,119.2,2.99,14.97,0.00,0.00,19.17
2026-08-23T20:59:41Z,5.103,12305.9,0.000,0.0,0.000,0.0,0.473,505.1,0.380,119.1,3.03,19.22,0.00,0.00,18.04
2026-08-23T20:59:42Z,4.858,12241.3,0.000,0.0,0.000,0.0,0.463,505.4,0.372,119.2,3.58,26.16,0.00,0.00,18.04
2026-08-23T20:59:43Z,3.721,12244.6,0.000,0.0,0.000,0.0,0.434,505.1,0.358,119.1,3.43,25.67,0.00,0.00,18.04
2026-08-23T20:59:44Z,3.559,12257.4,0.000,0.0,0.000,0.0,0.445,505.1,0.364,119.2,3.70,26.13,0.00,0.00,18.04
2026-08-23T20:59:46Z,3.651,12270.2,0.000,0.0,0.000,0.0,0.440,505.1,0.360,119.3,3.65,25.98,0.00,0.00,18.04
2026-08-23T20:59:47Z,3.810,12226.9,0.000,0.0,0.000,0.0,0.442,505.3,0.364,119.2,2.93,20.12,0.00,0.00,18.84
2026-08-23T20:59:48Z,3.461,12239.2,0.000,0.0,0.000,0.0,0.451,505.1,0.364,119.1,3.19,23.80,0.00,0.00,18.84
2026-08-23T20:59:49Z,4.471,12269.0,0.000,0.0,0.000,0.0,0.424,505.4,0.351,119.2,2.94,19.14,0.00,0.00,18.84
2026-08-23T20:59:50Z,4.559,12264.5,0.000,0.0,0.000,0.0,0.476,505.2,0.392,119.2,2.85,15.51,0.00,0.00,18.84
2026-08-23T20:59:51Z,4.110,12277.0,0.000,0.0,0.000,0.0,0.447,505.4,0.371,119.2,2.85,20.43,0.00,0.00,19.09
2026-08-23T20:59:52Z,3.541,12232.5,0.000,0.0,0.000,0.0,0.444,505.2,0.356,119.2,2.26,38.87,0.00,0.00,19.09
2026-08-23T20:59:53Z,3.494,12243.4,0.000,0.0,0.000,0.0,0.443,505.1,0.364,119.4,2.92,21.77,0.00,0.00,19.09
2026-08-23T20:59:54Z,3.468,12255.7,0.000,0.0,0.000,0.0,0.447,505.4,0.360,119.4,2.87,21.72,0.00,0.00,19.09
2026-08-23T20:59:55Z,3.427,12268.3,0.000,0.0,0.000,0.0,0.443,505.5,0.363,119.2,3.75,22.21,0.00,0.00,19.09
2026-08-23T20:59:56Z,3.504,12280.5,0.000,0.0,0.000,0.0,0.438,505.4,0.363,119.1,3.96,26.18,0.00,0.00,18.36
2026-08-23T20:59:58Z,3.438,12292.1,0.000,0.0,0.000,0.0,0.435,505.4,0.358,119.1,3.15,27.74,0.00,0.00,18.36
2026-08-23T20:59:59Z,4.253,12258.3,0.000,0.0,0.000,0.0,0.445,505.4,0.359,119.2,2.67,23.78,0.00,0.00,18.36
2026-08-23T21:00:00Z,4.369,12261.4,0.000,0.0,0.000,0.0,0.459,505.4,0.376,119.1,3.84,22.38,0.00,0.00,18.36
2026-08-23T21:00:01Z,3.463,12274.8,0.000,0.0,0.000,0.0,0.436,505.4,0.355,119.1,3.71,24.45,0.00,0.00,17.29
2026-08-23T21:00:02Z,3.622,12231.1,0.000,0.0,0.000,0.0,0.471,505.4,0.384,119.1,2.77,19.96,0.00,0.00,17.29
2026-08-23T21:00:03Z,3.428,12243.3,0.000,0.0,0.000,0.0,0.460,505.2,0.366,119.2,3.80,28.34,0.00,0.00,17.29
2026-08-23T21:00:04Z,3.444,12255.0,0.000,0.0,0.000,0.0,0.434,505.2,0.357,119.4,3.76,21.75,0.00,0.00,17.29
2026-08-23T21:00:05Z,3.533,12266.8,0.000,0.0,0.000,0.0,0.447,505.1,0.368,119.1,3.88,21.79,0.00,0.00,17.29
2026-08-23T21:00:06Z,3.599,12279.4,0.000,0.0,0.000,0.0,0.456,505.4,0.370,119.0,3.74,25.42,0.00,0.00,16.71
2026-08-23T21:00:07Z,3.449,12236.9,0.000,0.0,0.000,0.0,0.444,505.1,0.362,119.3,3.55,29.33,0.00,0.00,16.71
2026-08-23T21:00:08Z,4.003,12261.3,0.000,0.0,0.000,0.0,0.452,505.1,0.367,119.1,3.95,27.91,0.00,0.00,16.71
2026-08-23T21:00:10Z,4.705,12260.4,0.000,0.0,0.000,0.0,0.456,505.1,0.369,119.1,3.16,20.39,0.00,0.00,16.71
2026-08-23T21:00:11Z,3.629,12272.2,0.000,0.0,0.000,0.0,0.451,505.1,0.367,119.3,2.78,26.96,0.00,0.00,16.71
2026-08-23T21:00:12Z,3.480,12284.0,0.000,0.0,0.000,0.0,0.453,505.4,0.369,119.1,3.21,28.52,0.00,0.00,16.25
2026-08-23T21:00:13Z,3.533,12232.1,0.000,0.0,0.000,0.0,0.441,505.1,0.359,119.4,3.81,33.00,0.00,0.00,16.25
2026-08-23T21:00:14Z,3.541,12244.0,0.000,0.0,0.000,0.0,0.447,505.1,0.366,119.1,4.76,27.82,0.00,0.00,16.25
2026-08-23T21:00:15Z,3.568,12256.2,0.000,0.0,0.000,0.0,0.458,505.1,0.376,119.1,3.86,27.05,0.00,0.00,16.25
2026-08-23T21:00:16Z,4.042,12269.3,0.000,0.0,0.000,0.0,0.454,505.1,0.366,119.1,4.45,26.70,0.00,0.00,16.87
2026-08-23T21:00:17Z,3.577,12281.7,0.000,0.0,0.000,0.0,0.462,505.6,0.372,119.1,3.26,27.80,0.00,0.00,16.87
2026-08-23T21:00:18Z,3.959,12302.2,0.000,0.0,0.000,0.0,0.446,505.1,0.360,119.0,3.81,29.58,0.00,0.00,16.87
2026-08-23T21:00:19Z,5.100,12143.2,0.000,0.0,0.000,0.0,0.429,505.2,0.362,119.2,3.64,18.81,0.00,0.00,16.87
2026-08-23T21:00:21Z,4.044,12156.6,0.000,0.0,0.000,0.0,0.459,505.1,0.376,119.1,3.30,24.01,0.00,0.00,16.87
2026-08-23T21:00:22Z,3.994,12170.7,0.000,0.0,0.000,0.0,0.460,505.1,0.375,119.1,4.15,23.00,0.00,0.00,16.80
2026-08-23T21:00:23Z,3.618,12181.8,0.000,0.0,0.000,0.0,0.431,505.3,0.358,119.0,3.75,41.05,0.00,0.00,16.80
2026-08-23T21:00:24Z,3.429,12193.6,0.000,0.0,0.000,0.0,0.454,505.1,0.371,119.3,3.80,27.30,0.00,0.00,16.80
2026-08-23T21:00:25Z,4.626,12234.8,0.000,0.0,0.000,0.0,0.445,505.1,0.359,119.1,3.36,22.52,0.00,0.00,16.80
2026-08-23T21:00:26Z,5.148,12246.9,0.000,0.0,0.000,0.0,0.457,505.7,0.375,119.1,3.06,19.61,0.00,0.00,17.78
2026-08-23T21:00:27Z,5.167,12259.3,0.000,0.0,0.000,0.0,0.461,505.4,0.363,119.1,3.22,19.09,0.00,0.00,17.78
2026-08-23T21:00:28Z,5.212,12274.4,0.000,0.0,0.000,0.0,0.442,505.2,0.356,119.2,3.62,17.85,0.00,0.00,17.78
2026-08-23T21:00:29Z,5.782,12286.1,0.000,0.0,0.000,0.0,0.379,505.6,0.288,119.3,3.58,14.31,0.00,0.00,17.78
2026-08-23T21:00:30Z,5.472,12300.2,0.000,0.0,0.000,0.0,0.411,505.3,0.339,119.2,3.57,17.15,0.00,0.00,17.78
2026-08-23T21:00:31Z,5.351,12311.8,0.000,0.0,0.000,0.0,0.418,505.3,0.373,119.2,3.24,14.22,0.00,0.00,19.08
2026-08-23T21:00:33Z,4.802,12290.5,0.000,0.0,0.000,0.0,0.472,505.3,0.402,119.2,3.26,18.56,0.00,0.00,19.08
2026-08-23T21:00:34Z,4.273,12302.3,0.000,0.0,0.000,0.0,0.448,505.3,0.364,119.2,3.54,30.43,0.00,0.00,19.08
2026-08-23T21:00:35Z,3.510,12312.2,0.000,0.0,0.000,0.0,0.449,505.3,0.367,119.1,3.64,26.00,0.00,0.00,19.08
2026-08-23T21:00:36Z,3.501,12269.7,0.000,0.0,0.000,0.0,0.449,505.3,0.366,119.4,3.18,26.67,0.00,0.00,18.51
2026-08-23T21:00:37Z,3.457,12279.7,0.000,0.0,0.000,0.0,0.446,505.2,0.361,119.4,3.06,25.98,0.00,0.00,18.51
2026-08-23T21:00:38Z,3.445,12288.8,0.000,0.0,0.000,0.0,0.448,505.3,0.367,119.2,3.23,27.26,0.00,0.00,18.51
2026-08-23T21:00:39Z,4.857,12317.1,0.000,0.0,0.000,0.0,0.442,505.2,0.361,119.2,3.20,20.57,0.00,0.00,18.51
2026-08-23T21:00:40Z,3.939,12310.0,0.000,0.0,0.000,0.0,0.446,505.7,0.368,119.1,3.31,23.86,0.00,0.00,18.51
2026-08-23T21:00:41Z,3.466,12268.1,0.000,0.0,0.000,0.0,0.440,505.1,0.359,119.1,2.68,26.66,0.00,0.00,17.83
2026-08-23T21:00:42Z,3.424,12276.8,0.000,0.0,0.000,0.0,0.437,505.2,0.359,119.1,3.13,25.74,0.00,0.00,17.83
2026-08-23T21:00:43Z,3.530,12286.2,0.000,0.0,0.000,0.0,0.457,505.2,0.368,119.1,3.02,32.09,0.00,0.00,17.83
2026-08-23T21:00:45Z,3.482,12294.8,0.000,0.0,0.000,0.0,0.440,505.1,0.364,119.1,3.02,27.86,0.00,0.00,17.83
2026-08-23T21:00:46Z,3.568,12306.7,0.000,0.0,0.000,0.0,0.441,505.2,0.363,119.1,3.13,26.19,0.00,0.00,17.83
2026-08-23T21:00:47Z,3.792,12262.0,0.000,0.0,0.000,0.0,0.436,505.4,0.360,119.1,2.95,25.65,0.00,0.00,17.68
2026-08-23T21:00:48Z,3.466,12271.0,0.000,0.0,0.000,0.0,0.447,505.2,0.360,119.4,2.84,26.04,0.00,0.00,17.68
2026-08-23T21:00:49Z,4.836,12280.3,0.000,0.0,0.000,0.0,0.421,505.2,0.345,119.1,3.20,20.74,0.00,0.00,17.68
2026-08-23T21:00:50Z,4.140,12292.0,0.000,0.0,0.000,0.0,0.471,505.4,0.392,119.4,3.48,22.69,0.00,0.00,17.68
2026-08-23T21:00:51Z,3.923,12248.1,0.000,0.0,0.000,0.0,0.442,505.3,0.361,119.2,2.91,21.82,0.00,0.00,18.67
2026-08-23T21:00:52Z,3.568,12257.9,0.000,0.0,0.000,0.0,0.445,505.6,0.365,119.2,3.09,26.43,0.00,0.00,18.67
2026-08-23T21:00:53Z,3.555,12266.7,0.000,0.0,0.000,0.0,0.455,505.6,0.371,119.2,3.10,23.45,0.00,0.00,18.67
2026-08-23T21:00:54Z,3.443,12223.2,0.000,0.0,0.000,0.0,0.441,505.6,0.361,119.2,3.35,41.90,0.00,0.00,18.67
2026-08-23T21:00:55Z,3.437,12232.9,0.000,0.0,0.000,0.0,0.442,505.4,0.361,119.2,3.68,26.60,0.00,0.00,18.67
2026-08-23T21:00:57Z,3.426,12242.1,0.000,0.0,0.000,0.0,0.436,505.3,0.360,119.4,3.13,26.54,0.00,0.00,18.14
2026-08-23T21:00:58Z,3.436,12251.5,0.000,0.0,0.000,0.0,0.443,505.6,0.362,119.2,3.30,26.53,0.00,0.00,18.14
2026-08-23T21:00:59Z,4.144,12218.4,0.000,0.0,0.000,0.0,0.432,505.6,0.358,119.2,3.56,23.54,0.00,0.00,18.14
2026-08-23T21:01:00Z,4.451,12218.7,0.000,0.0,0.000,0.0,0.449,505.3,0.380,119.2,3.14,21.09,0.00,0.00,18.14
2026-08-23T21:01:01Z,3.566,12228.4,0.000,0.0,0.000,0.0,0.444,505.2,0.361,119.4,2.84,25.55,0.00,0.00,17.72
2026-08-23T21:01:02Z,3.588,12237.1,0.000,0.0,0.000,0.0,0.458,505.1,0.373,119.2,2.36,25.08,0.00,0.00,17.72
2026-08-23T21:01:03Z,3.522,12213.3,0.000,0.0,0.000,0.0,0.457,505.2,0.374,119.2,3.56,26.28,0.00,0.00,17.72
2026-08-23T21:01:04Z,3.474,12203.8,0.000,0.0,0.000,0.0,0.442,505.2,0.363,119.4,3.28,33.62,0.00,0.00,17.72
2026-08-23T21:01:05Z,3.649,12214.0,0.000,0.0,0.000,0.0,0.473,505.2,0.384,119.1,3.42,23.64,0.00,0.00,17.72
2026-08-23T21:01:06Z,3.586,12224.0,0.000,0.0,0.000,0.0,0.456,505.2,0.374,119.1,3.55,25.12,0.00,0.00,17.59
2026-08-23T21:01:07Z,3.502,12181.6,0.000,0.0,0.000,0.0,0.444,505.4,0.368,119.1,5.95,24.10,0.11,0.00,17.59
2026-08-23T21:01:09Z,4.026,12204.2,0.000,0.0,0.000,0.0,0.451,505.2,0.369,119.2,3.03,23.96,0.00,0.00,17.59
2026-08-23T21:01:10Z,4.681,12199.4,0.000,0.0,0.000,0.0,0.455,505.2,0.373,119.1,3.10,19.31,0.00,0.00,17.59
2026-08-23T21:01:11Z,3.538,12159.2,0.000,0.0,0.000,0.0,0.448,505.4,0.359,119.1,3.44,25.58,0.00,0.00,17.59
2026-08-23T21:01:12Z,3.431,12168.3,0.000,0.0,0.000,0.0,0.445,505.7,0.363,119.1,3.09,26.43,0.00,0.00,18.34
2026-08-23T21:01:13Z,3.498,12177.3,0.000,0.0,0.000,0.0,0.447,505.2,0.369,119.1,2.77,26.01,0.00,0.00,18.34
2026-08-23T21:01:14Z,3.477,12135.5,0.000,0.0,0.000,0.0,0.444,505.4,0.366,119.1,3.06,33.76,0.00,0.00,18.34
2026-08-23T21:01:15Z,3.496,12144.8,0.000,0.0,0.000,0.0,0.442,505.2,0.369,119.1,2.65,24.88,0.00,0.00,18.34
2026-08-23T21:01:16Z,3.799,12103.3,0.000,0.0,0.000,0.0,0.431,505.1,0.355,119.1,2.93,24.28,0.00,0.00,17.91
2026-08-23T21:01:17Z,3.478,12113.8,0.000,0.0,0.000,0.0,0.437,505.2,0.366,119.4,2.92,25.76,0.00,0.00,17.91
2026-08-23T21:01:18Z,3.769,12130.7,0.000,0.0,0.000,0.0,0.443,505.4,0.359,119.1,3.31,26.16,0.00,0.00,17.91
2026-08-23T21:01:19Z,5.175,12081.4,0.000,0.0,0.000,0.0,0.447,505.7,0.359,119.2,3.40,18.99,0.00,0.00,17.91
2026-08-23T21:01:21Z,3.929,12092.3,0.000,0.0,0.000,0.0,0.451,505.1,0.367,119.1,3.28,23.61,0.00,0.00,17.91
2026-08-23T21:01:22Z,3.875,12103.8,0.000,0.0,0.000,0.0,0.446,505.2,0.361,119.1,3.19,23.39,0.00,0.00,18.24
2026-08-23T21:01:23Z,3.526,12062.8,0.000,0.0,0.000,0.0,0.428,505.4,0.356,119.0,2.72,25.61,0.00,0.00,18.24
2026-08-23T21:01:24Z,3.495,12087.0,0.000,0.0,0.000,0.0,0.452,505.7,0.377,119.5,3.63,39.64,0.00,0.00,18.24
2026-08-23T21:01:25Z,3.498,12045.4,0.000,0.0,0.000,0.0,0.441,505.2,0.365,119.1,3.26,40.44,0.00,0.00,18.24
2026-08-23T21:01:26Z,3.765,12055.9,0.000,0.0,0.000,0.0,0.466,505.5,0.377,119.2,3.47,24.43,0.00,0.00,18.30
2026-08-23T21:01:27Z,4.100,12065.1,0.000,0.0,0.000,0.0,0.449,505.2,0.370,119.2,3.71,24.04,0.00,0.00,18.30
2026-08-23T21:01:28Z,4.020,12077.5,0.000,0.0,0.000,0.0,0.444,505.5,0.366,119.2,3.19,25.28,0.00,0.00,18.30
2026-08-23T21:01:29Z,5.085,12100.4,0.000,0.0,0.000,0.0,0.429,505.2,0.359,119.2,3.25,17.65,0.00,0.00,18.30
2026-08-23T21:01:30Z,4.805,12090.3,0.000,0.0,0.000,0.0,0.456,505.2,0.381,119.2,3.51,18.40,0.00,0.00,18.30
2026-08-23T21:01:31Z,4.304,12099.5,0.000,0.0,0.000,0.0,0.456,505.2,0.373,119.1,3.03,22.88,0.00,0.00,18.12
2026-08-23T21:01:33Z,4.344,12105.8,0.000,0.0,0.000,0.0,0.434,505.5,0.358,119.2,3.33,35.57,0.00,0.00,18.12
2026-08-23T21:01:34Z,5.129,12112.6,0.000,0.0,0.000,0.0,0.458,505.2,0.368,119.2,3.39,19.73,0.00,0.00,18.12
2026-08-23T21:01:35Z,4.925,12120.5,0.000,0.0,0.000,0.0,0.432,505.5,0.368,119.4,2.97,27.52,0.00,0.00,18.12
2026-08-23T21:01:36Z,5.133,12128.2,0.000,0.0,0.000,0.0,0.448,505.3,0.364,119.2,3.21,18.15,0.00,0.00,18.83
2026-08-23T21:01:37Z,5.027,12135.4,0.000,0.0,0.000,0.0,0.448,505.5,0.367,119.1,3.12,19.08,0.00,0.00,18.83
2026-08-23T21:01:38Z,5.177,12142.5,0.000,0.0,0.000,0.0,0.433,505.5,0.352,119.2,3.24,19.49,0.00,0.00,18.83
2026-08-23T21:01:39Z,5.596,12094.5,0.000,0.0,0.000,0.0,0.427,505.7,0.336,119.2,3.22,16.54,0.00,0.00,18.83
2026-08-23T21:01:40Z,4.080,12076.1,0.000,0.0,0.000,0.0,0.468,505.2,0.390,119.2,2.89,23.19,0.00,0.00,18.83
2026-08-23T21:01:41Z,3.479,12083.0,0.000,0.0,0.000,0.0,0.443,505.4,0.368,119.1,2.55,26.02,0.00,0.00,19.40
2026-08-23T21:01:42Z,3.408,12106.2,0.000,0.0,0.000,0.0,0.437,505.2,0.359,119.2,2.82,39.77,0.00,0.00,19.40
2026-08-23T21:01:44Z,4.558,12094.2,0.000,0.0,0.000,0.0,0.450,505.2,0.363,119.2,3.13,22.25,0.00,0.00,19.40
2026-08-23T21:01:45Z,5.099,12101.3,0.000,0.0,0.000,0.0,0.442,505.2,0.365,119.6,2.56,24.18,0.00,0.00,19.40
2026-08-23T21:01:46Z,5.173,12108.1,0.000,0.0,0.000,0.0,0.434,505.2,0.369,119.2,2.83,23.14,0.00,0.00,19.40
2026-08-23T21:01:47Z,5.195,12115.7,0.000,0.0,0.000,0.0,0.439,505.2,0.367,119.2,2.78,18.58,0.00,0.00,19.77
2026-08-23T21:01:48Z,5.120,12123.8,0.000,0.0,0.000,0.0,0.447,505.2,0.363,119.2,2.82,20.39,0.00,0.00,19.77
2026-08-23T21:01:49Z,5.428,12091.0,0.000,0.0,0.000,0.0,0.409,505.5,0.356,119.2,2.99,19.49,0.00,0.00,19.77
2026-08-23T21:01:50Z,5.568,12085.1,0.000,0.0,0.000,0.0,0.417,505.2,0.342,119.4,2.03,16.66,0.00,0.00,19.77
2026-08-23T21:01:51Z,4.807,12066.2,0.000,0.0,0.000,0.0,0.455,505.3,0.389,119.2,2.08,18.72,0.00,0.00,20.91
2026-08-23T21:01:52Z,3.694,12090.4,0.000,0.0,0.000,0.0,0.456,505.5,0.371,119.2,2.59,39.38,0.00,0.00,20.91
2026-08-23T21:01:53Z,3.389,12097.2,0.000,0.0,0.000,0.0,0.435,505.2,0.360,119.2,2.89,27.41,0.00,0.00,20.91
2026-08-23T21:01:54Z,3.491,12104.3,0.000,0.0,0.000,0.0,0.439,505.7,0.361,119.2,2.31,26.85,0.00,0.00,20.91
2026-08-23T21:01:56Z,3.384,12111.8,0.000,0.0,0.000,0.0,0.433,505.4,0.359,119.2,2.71,43.26,0.00,0.00,20.91
2026-08-23T21:01:57Z,3.416,12118.7,0.000,0.0,0.000,0.0,0.447,505.5,0.366,119.2,2.30,27.30,0.00,0.00,19.80
2026-08-23T21:01:58Z,3.470,12125.1,0.000,0.0,0.000,0.0,0.441,505.2,0.353,119.1,2.67,24.31,0.00,0.00,19.80
2026-08-23T21:01:59Z,4.295,12097.2,0.000,0.0,0.000,0.0,0.438,505.3,0.351,119.3,2.23,19.61,0.00,0.00,19.80
2026-08-23T21:02:00Z,4.780,12125.5,0.000,0.0,0.000,0.0,0.479,505.2,0.397,119.2,2.49,17.36,0.00,0.00,19.80
2026-08-23T21:02:01Z,4.336,12143.7,0.000,0.0,0.000,0.0,0.436,505.2,0.363,119.2,89.12,41.78,0.00,0.00,19.81
2026-08-23T21:02:02Z,4.544,12111.6,0.000,0.0,0.000,0.0,0.450,505.2,0.376,119.5,277.93,20.97,0.00,0.00,19.81
2026-08-23T21:02:03Z,4.393,12111.4,0.000,0.0,0.000,0.0,0.440,505.2,0.360,119.3,298.68,114.15,0.00,0.00,19.81
2026-08-23T21:02:04Z,4.327,12088.7,0.000,0.0,0.000,0.0,0.442,505.2,0.366,119.5,307.42,162.01,0.00,0.00,19.81
2026-08-23T21:02:05Z,3.219,12123.6,0.000,0.0,0.000,0.0,0.364,505.5,0.286,119.5,228.21,391.09,0.00,0.00,19.81
2026-08-23T21:02:06Z,4.209,12105.2,0.000,0.0,0.000,0.0,0.479,505.5,0.390,119.7,256.39,146.58,0.00,0.00,20.79
2026-08-23T21:02:08Z,4.731,12109.2,0.000,0.0,0.000,0.0,0.493,505.4,0.402,119.6,247.77,16.92,0.00,0.00,20.79
2026-08-23T21:02:09Z,4.815,12097.8,0.000,0.0,0.000,0.0,0.435,505.4,0.368,119.7,236.63,18.31,0.00,0.00,20.79
2026-08-23T21:02:10Z,4.747,12097.4,0.000,0.0,0.000,0.0,0.453,505.8,0.371,119.6,208.39,105.76,0.00,0.00,20.79
2026-08-23T21:02:11Z,4.659,12096.4,0.000,0.0,0.000,0.0,0.477,505.6,0.385,119.6,244.24,69.09,0.00,0.00,19.68
2026-08-23T21:02:12Z,3.422,12088.3,0.000,0.0,0.000,0.0,0.435,506.2,0.356,120.1,167.81,370.76,0.00,0.00,19.68
2026-08-23T21:02:13Z,5.151,12096.5,0.000,0.0,0.000,0.0,0.486,506.1,0.406,120.0,188.51,19.19,0.00,0.00,19.68
2026-08-23T21:02:14Z,4.831,12110.6,0.000,0.0,0.000,0.0,0.467,506.3,0.383,120.0,228.59,17.95,0.00,0.00,19.68
2026-08-23T21:02:15Z,4.600,12091.0,0.000,0.0,0.000,0.0,0.456,506.4,0.379,120.0,278.66,20.93,0.00,0.00,19.68
2026-08-23T21:02:16Z,3.684,12110.7,0.000,0.0,0.000,0.0,0.387,506.2,0.296,120.0,184.28,331.83,0.00,0.00,19.39
2026-08-23T21:02:17Z,4.231,12079.2,0.000,0.0,0.000,0.0,0.456,506.2,0.397,120.1,236.74,173.82,0.00,0.00,19.39
2026-08-23T21:02:18Z,4.966,12083.2,0.000,0.0,0.000,0.0,0.445,506.3,0.376,120.1,188.68,31.36,0.00,0.00,19.39
2026-08-23T21:02:20Z,5.250,12097.1,0.000,0.0,0.000,0.0,0.443,506.3,0.355,120.1,135.81,13.93,0.00,0.00,19.39
2026-08-23T21:02:21Z,4.993,12065.9,0.000,0.0,0.000,0.0,0.463,506.2,0.397,119.9,242.25,20.39,0.00,0.00,19.39
2026-08-23T21:02:22Z,4.702,12069.1,0.000,0.0,0.000,0.0,0.446,506.6,0.377,119.8,146.11,98.65,0.00,0.00,20.40
2026-08-23T21:02:23Z,4.334,12088.6,0.000,0.0,0.000,0.0,0.460,506.2,0.381,119.8,241.63,99.15,0.00,0.00,20.40
2026-08-23T21:02:24Z,4.030,12114.2,0.000,0.0,0.000,0.0,0.447,506.3,0.372,119.8,229.75,180.55,0.00,0.00,20.40
2026-08-23T21:02:25Z,4.430,12090.1,0.000,0.0,0.000,0.0,0.465,506.3,0.379,119.6,248.34,97.56,0.00,0.00,20.40
2026-08-23T21:02:26Z,4.638,12082.3,0.000,0.0,0.000,0.0,0.469,506.3,0.386,119.6,198.80,92.15,0.00,0.00,21.09
2026-08-23T21:02:27Z,4.264,12084.5,0.000,0.0,0.000,0.0,0.388,506.9,0.329,119.7,144.13,425.42,0.00,0.00,21.09
2026-08-23T21:02:28Z,4.867,12085.9,0.000,0.0,0.000,0.0,0.470,506.3,0.382,119.6,136.24,14.66,0.00,0.01,21.09
2026-08-23T21:02:29Z,5.390,12078.5,0.000,0.0,0.000,0.0,0.429,506.6,0.357,119.7,162.05,30.93,0.00,0.00,21.09
2026-08-23T21:02:31Z,5.285,12087.8,0.000,0.0,0.000,0.0,0.442,506.3,0.376,119.6,132.03,15.26,0.00,0.00,21.09
2026-08-23T21:02:32Z,4.993,12069.9,0.000,0.0,0.000,0.0,0.447,506.3,0.369,119.6,250.14,22.48,0.00,0.00,21.88
2026-08-23T21:02:33Z,4.367,12102.9,0.000,0.0,0.000,0.0,0.445,506.5,0.361,119.6,244.43,139.48,0.00,0.00,21.88
2026-08-23T21:02:34Z,4.181,12084.7,0.000,0.0,0.000,0.0,0.462,506.5,0.388,119.6,90.62,116.99,0.00,0.00,21.88
2026-08-23T21:02:35Z,4.180,12102.6,0.000,0.0,0.000,0.0,0.451,506.4,0.362,119.5,140.82,99.65,0.00,0.00,21.88
2026-08-23T21:02:36Z,4.398,12079.5,0.000,0.0,0.000,0.0,0.442,506.3,0.363,119.5,224.43,25.73,0.00,0.00,21.57
2026-08-23T21:02:37Z,4.319,12074.6,0.000,0.0,0.000,0.0,0.447,506.3,0.360,119.4,205.71,22.80,0.00,0.00,21.57
2026-08-23T21:02:38Z,4.518,12047.2,0.000,0.0,0.000,0.0,0.454,506.3,0.370,119.5,215.95,20.03,0.00,0.00,21.57
2026-08-23T21:02:39Z,5.279,12029.8,0.000,0.0,0.000,0.0,0.409,506.4,0.335,119.6,146.29,28.42,0.00,0.00,21.57
2026-08-23T21:02:40Z,4.879,12068.6,0.000,0.0,0.000,0.0,0.435,506.4,0.351,119.5,84.38,321.79,0.00,0.00,21.57
2026-08-23T21:02:41Z,5.402,12056.7,0.000,0.0,0.000,0.0,0.488,506.9,0.390,119.6,118.56,18.73,0.00,0.00,22.01
2026-08-23T21:02:43Z,5.255,12053.8,0.000,0.0,0.000,0.0,0.452,506.4,0.355,119.5,159.21,20.24,0.00,0.00,22.01
2026-08-23T21:02:44Z,5.103,12028.6,0.000,0.0,0.000,0.0,0.444,506.3,0.362,119.5,91.25,18.80,0.00,0.00,22.01
2026-08-23T21:02:45Z,5.188,12037.6,0.000,0.0,0.000,0.0,0.443,506.3,0.356,119.5,183.29,17.01,0.00,0.00,22.01
2026-08-23T21:02:46Z,5.360,12022.9,0.000,0.0,0.000,0.0,0.436,506.4,0.358,119.5,106.56,15.66,0.00,0.00,22.17
2026-08-23T21:02:47Z,5.515,12022.8,0.000,0.0,0.000,0.0,0.450,506.6,0.362,119.5,80.11,19.17,0.00,0.00,22.17
2026-08-23T21:02:48Z,5.474,12021.4,0.000,0.0,0.000,0.0,0.454,506.4,0.368,119.5,117.44,14.89,0.00,0.00,22.17
2026-08-23T21:02:49Z,5.523,12015.3,0.000,0.0,0.000,0.0,0.400,506.4,0.354,119.6,102.80,26.88,0.00,0.00,22.17
2026-08-23T21:02:50Z,5.426,12021.3,0.000,0.0,0.000,0.0,0.452,506.3,0.382,119.5,121.27,12.21,0.00,0.00,22.17
2026-08-23T21:02:51Z,5.474,12055.2,0.000,0.0,0.000,0.0,0.432,506.6,0.353,119.5,151.98,14.34,0.00,0.00,21.83
2026-08-23T21:02:53Z,4.937,12032.6,0.000,0.0,0.000,0.0,0.452,506.3,0.375,119.4,188.61,17.53,0.00,0.00,21.83
2026-08-23T21:02:54Z,4.296,12022.8,0.000,0.0,0.000,0.0,0.455,506.3,0.372,119.4,208.43,20.94,0.00,0.00,21.83
2026-08-23T21:02:55Z,4.408,12063.5,0.000,0.0,0.000,0.0,0.450,506.2,0.372,119.3,203.37,20.87,0.00,0.00,21.83
2026-08-23T21:02:56Z,4.259,12032.1,0.000,0.0,0.000,0.0,0.443,506.3,0.369,119.3,184.60,22.77,0.00,0.00,22.33
2026-08-23T21:02:57Z,4.231,12040.6,0.000,0.0,0.000,0.0,0.447,506.5,0.367,119.3,170.43,29.38,0.00,0.00,22.33
2026-08-23T21:02:58Z,3.807,10766.6,0.000,0.0,0.000,0.0,0.444,506.5,0.367,119.3,32.66,22.04,0.00,0.00,22.33
2026-08-23T21:02:59Z,3.614,10805.8,0.000,0.0,0.000,0.0,0.420,506.3,0.338,119.4,4.02,30.68,0.00,0.00,22.33
2026-08-23T21:03:00Z,4.893,10800.9,0.000,0.0,0.000,0.0,0.458,506.7,0.389,119.6,4.01,17.79,0.00,0.00,22.33
2026-08-23T21:03:01Z,3.627,10810.1,0.000,0.0,0.000,0.0,0.455,506.5,0.374,119.3,4.08,23.53,0.00,0.00,21.42
2026-08-23T21:03:02Z,3.511,10817.4,0.000,0.0,0.000,0.0,0.446,506.2,0.365,119.3,4.11,22.12,0.00,0.00,21.42
2026-08-23T21:03:03Z,3.478,10826.2,0.000,0.0,0.000,0.0,0.447,506.2,0.369,119.3,3.69,25.14,0.00,0.00,21.42
2026-08-23T21:03:05Z,3.542,10834.5,0.000,0.0,0.000,0.0,0.444,506.2,0.369,119.3,3.71,24.54,0.00,0.00,21.42
2026-08-23T21:03:06Z,3.500,10843.9,0.000,0.0,0.000,0.0,0.448,506.3,0.367,119.3,4.36,34.41,0.00,0.00,21.42
2026-08-23T21:03:07Z,3.536,10869.1,0.000,0.0,0.000,0.0,0.446,506.2,0.364,119.2,3.93,45.16,0.00,0.00,21.47
2026-08-23T21:03:08Z,3.500,10878.5,0.000,0.0,0.000,0.0,0.454,506.2,0.376,119.3,4.32,25.47,0.00,0.00,21.47
2026-08-23T21:03:09Z,4.608,10903.8,0.000,0.0,0.000,0.0,0.443,505.7,0.365,119.3,4.16,20.62,0.00,0.00,21.47
2026-08-23T21:03:10Z,4.121,10896.4,0.000,0.0,0.000,0.0,0.446,505.6,0.382,119.5,4.33,21.59,0.00,0.00,21.47
2026-08-23T21:03:11Z,3.492,10906.2,0.000,0.0,0.000,0.0,0.458,506.1,0.373,119.2,4.18,25.15,0.00,0.00,20.23
2026-08-23T21:03:12Z,3.520,10922.1,0.000,0.0,0.000,0.0,0.436,505.6,0.359,119.2,9.25,26.25,0.00,0.00,20.23
2026-08-23T21:03:13Z,3.464,10931.0,0.000,0.0,0.000,0.0,0.439,505.9,0.372,119.3,4.35,24.54,0.00,0.00,20.23
2026-08-23T21:03:14Z,3.540,10939.6,0.000,0.0,0.000,0.0,0.446,505.6,0.369,119.5,3.85,24.31,0.00,0.00,20.23
2026-08-23T21:03:15Z,3.507,10965.4,0.000,0.0,0.000,0.0,0.443,505.5,0.367,119.2,5.07,38.34,0.00,0.00,20.23
2026-08-23T21:03:16Z,4.764,10974.0,0.000,0.0,0.000,0.0,0.441,505.8,0.361,119.1,4.80,18.82,0.00,0.00,19.89
2026-08-23T21:03:18Z,3.609,10983.0,0.000,0.0,0.000,0.0,0.451,505.8,0.362,119.4,4.24,31.76,0.00,0.00,19.89
2026-08-23T21:03:19Z,4.430,11004.1,0.000,0.0,0.000,0.0,0.444,505.6,0.363,119.3,4.49,20.85,0.00,0.00,19.89
2026-08-23T21:03:20Z,5.091,10999.4,0.000,0.0,0.000,0.0,0.438,505.5,0.363,119.2,3.98,15.60,0.00,0.00,19.89
2026-08-23T21:03:21Z,4.492,11009.1,0.000,0.0,0.000,0.0,0.457,505.8,0.380,119.2,4.80,19.33,0.00,0.00,20.38
2026-08-23T21:03:22Z,4.911,11018.6,0.000,0.0,0.000,0.0,0.439,505.7,0.364,119.2,4.04,18.38,0.00,0.00,20.38
2026-08-23T21:03:23Z,3.940,11028.8,0.000,0.0,0.000,0.0,0.440,505.5,0.361,119.2,4.48,25.36,0.00,0.00,20.38
2026-08-23T21:03:24Z,3.408,11055.8,0.000,0.0,0.000,0.0,0.436,505.8,0.364,119.2,3.87,39.92,0.00,0.00,20.38
2026-08-23T21:03:25Z,3.461,11064.2,0.000,0.0,0.000,0.0,0.439,505.5,0.364,119.2,4.15,24.22,0.00,0.00,20.38
2026-08-23T21:03:26Z,4.278,11075.4,0.000,0.0,0.000,0.0,0.464,505.6,0.384,119.2,4.19,21.70,0.00,0.00,20.59
2026-08-23T21:03:27Z,4.623,11085.3,0.000,0.0,0.000,0.0,0.440,505.7,0.364,119.2,4.24,27.27,0.00,0.00,20.59
2026-08-23T21:03:28Z,4.538,11105.8,0.000,0.0,0.000,0.0,0.435,505.8,0.354,119.2,3.85,21.51,0.00,0.00,20.59
2026-08-23T21:03:30Z,5.196,11202.0,0.000,0.0,0.000,0.0,0.465,505.5,0.382,119.2,83.42,17.06,0.00,0.00,20.59
2026-08-23T21:03:31Z,4.052,11342.5,0.000,0.0,0.000,0.0,0.458,505.5,0.375,119.2,120.75,22.00,0.00,0.00,20.59
2026-08-23T21:03:32Z,4.390,11338.4,0.000,0.0,0.000,0.0,0.450,506.0,0.367,119.2,4.12,20.53,0.00,0.00,20.70
2026-08-23T21:03:33Z,3.405,11348.0,0.000,0.0,0.000,0.0,0.431,505.5,0.351,119.2,4.48,25.34,0.00,0.00,20.70
2026-08-23T21:03:34Z,3.416,11374.9,0.000,0.0,0.000,0.0,0.441,505.5,0.362,119.2,5.05,38.17,0.00,0.00,20.70
2026-08-23T21:03:35Z,3.449,11386.1,0.000,0.0,0.000,0.0,0.437,505.7,0.358,119.1,5.48,26.04,0.00,0.00,20.70
2026-08-23T21:03:36Z,3.402,11395.7,0.000,0.0,0.000,0.0,0.443,505.7,0.360,119.2,5.22,25.52,0.00,0.00,19.36
2026-08-23T21:03:37Z,3.416,11406.1,0.000,0.0,0.000,0.0,0.445,505.9,0.364,119.2,4.90,33.84,0.00,0.00,19.36
2026-08-23T21:03:38Z,3.422,11419.5,0.000,0.0,0.000,0.0,0.440,505.7,0.351,119.2,5.72,31.61,0.00,0.00,19.36
2026-08-23T21:03:39Z,4.850,11425.0,0.000,0.0,0.000,0.0,0.455,506.0,0.376,119.2,5.40,16.97,0.00,0.00,19.36
2026-08-23T21:03:40Z,3.745,11436.1,0.000,0.0,0.000,0.0,0.435,505.6,0.361,119.1,5.33,23.43,0.00,0.00,19.36
2026-08-23T21:03:41Z,3.451,11448.0,0.000,0.0,0.000,0.0,0.444,505.3,0.361,119.2,5.57,25.42,0.00,0.00,19.09
2026-08-23T21:03:42Z,3.512,11459.1,0.000,0.0,0.000,0.0,0.445,505.6,0.357,119.2,5.76,24.26,0.00,0.00,19.09
2026-08-23T21:03:44Z,3.383,11486.5,0.000,0.0,0.000,0.0,0.441,505.3,0.360,119.2,5.04,39.84,0.00,0.00,19.09
2026-08-23T21:03:45Z,3.462,11492.8,0.000,0.0,0.000,0.0,0.443,505.3,0.363,119.2,3.53,21.29,0.00,0.00,19.09
2026-08-23T21:03:46Z,3.566,11501.4,0.000,0.0,0.000,0.0,0.443,505.8,0.364,119.2,3.56,24.64,0.00,0.00,19.09
2026-08-23T21:03:47Z,3.657,11510.4,0.000,0.0,0.000,0.0,0.445,505.3,0.364,119.2,3.72,24.70,0.00,0.00,19.65
2026-08-23T21:03:48Z,3.513,11520.1,0.000,0.0,0.000,0.0,0.451,505.3,0.360,119.4,3.75,31.66,0.00,0.00,19.65
2026-08-23T21:03:49Z,4.673,11542.3,0.000,0.0,0.000,0.0,0.435,505.4,0.362,119.2,3.62,18.76,0.00,0.00,19.65
2026-08-23T21:03:50Z,4.935,11565.3,0.000,0.0,0.000,0.0,0.449,505.3,0.375,119.3,3.66,16.84,0.00,0.00,19.65
2026-08-23T21:03:51Z,5.135,11578.0,0.000,0.0,0.000,0.0,0.440,505.3,0.352,119.2,3.49,17.50,0.00,0.00,19.92
2026-08-23T21:03:52Z,5.648,11629.4,0.000,0.0,0.000,0.0,0.405,505.3,0.360,119.2,3.54,28.87,0.00,0.00,19.92
2026-08-23T21:03:53Z,5.518,11636.5,0.000,0.0,0.000,0.0,0.419,505.3,0.360,119.2,3.75,16.17,0.00,0.00,19.92
2026-08-23T21:03:54Z,5.582,11642.5,0.000,0.0,0.000,0.0,0.439,505.6,0.358,119.2,4.15,15.73,0.00,0.00,19.92
2026-08-23T21:03:55Z,5.686,11647.6,0.000,0.0,0.000,0.0,0.398,505.6,0.344,119.2,3.49,16.09,0.00,0.00,19.92
2026-08-23T21:03:57Z,5.530,11653.0,0.000,0.0,0.000,0.0,0.417,505.8,0.348,119.2,3.81,16.17,0.00,0.00,20.48
2026-08-23T21:03:58Z,5.543,11658.3,0.000,0.0,0.000,0.0,0.423,505.8,0.333,119.2,3.39,16.29,0.00,0.00,20.48
2026-08-23T21:03:59Z,5.554,11675.7,0.000,0.0,0.000,0.0,0.429,505.3,0.359,119.2,3.64,21.81,0.00,0.00,20.48
2026-08-23T21:04:00Z,5.798,11681.6,0.000,0.0,0.000,0.0,0.430,505.5,0.336,119.4,3.84,13.75,0.00,0.00,20.48
2026-08-23T21:04:01Z,5.166,11640.9,0.000,0.0,0.000,0.0,0.474,505.4,0.380,119.2,3.91,16.01,0.00,0.00,20.52
2026-08-23T21:04:02Z,4.000,11635.6,0.000,0.0,0.000,0.0,0.456,505.4,0.377,119.2,3.24,36.92,0.00,0.00,20.52
2026-08-23T21:04:03Z,3.454,11640.6,0.000,0.0,0.000,0.0,0.437,505.6,0.368,119.2,3.61,25.28,0.00,0.00,20.52
2026-08-23T21:04:04Z,3.408,11645.1,0.000,0.0,0.000,0.0,0.439,505.4,0.358,119.2,3.52,22.30,0.00,0.00,20.52
2026-08-23T21:04:05Z,3.439,11649.9,0.000,0.0,0.000,0.0,0.442,505.6,0.364,119.2,3.60,25.60,0.00,0.00,20.52
2026-08-23T21:04:06Z,3.446,11656.7,0.000,0.0,0.000,0.0,0.435,505.4,0.359,119.2,3.55,25.58,0.00,0.00,20.24
2026-08-23T21:04:07Z,3.466,11662.0,0.000,0.0,0.000,0.0,0.453,505.7,0.374,119.2,3.86,32.93,0.00,0.00,20.24
2026-08-23T21:04:08Z,3.818,11678.6,0.000,0.0,0.000,0.0,0.439,505.4,0.360,119.3,3.43,30.04,0.00,0.00,20.24
2026-08-23T21:04:10Z,4.772,11669.8,0.000,0.0,0.000,0.0,0.462,505.3,0.378,119.2,3.90,16.63,0.00,0.00,20.24
2026-08-23T21:04:11Z,3.516,11693.8,0.000,0.0,0.000,0.0,0.440,505.3,0.367,119.2,4.11,38.13,0.00,0.00,20.24
2026-08-23T21:04:12Z,3.430,11699.8,0.000,0.0,0.000,0.0,0.436,505.6,0.361,119.2,4.77,23.86,0.00,0.00,19.90
2026-08-23T21:04:13Z,3.343,11707.2,0.000,0.0,0.000,0.0,0.427,505.6,0.360,119.2,4.79,23.47,0.00,0.00,19.90
2026-08-23T21:04:14Z,3.400,11712.5,0.000,0.0,0.000,0.0,0.438,505.3,0.354,119.2,4.36,25.88,0.00,0.00,19.90
2026-08-23T21:04:15Z,3.474,11717.9,0.000,0.0,0.000,0.0,0.450,505.3,0.372,119.4,4.11,22.15,0.00,0.00,19.90
2026-08-23T21:04:16Z,3.637,11723.4,0.000,0.0,0.000,0.0,0.442,505.3,0.366,119.2,3.75,24.88,0.00,0.00,19.27
2026-08-23T21:04:17Z,3.473,11728.9,0.000,0.0,0.000,0.0,0.422,505.5,0.342,119.2,4.15,25.02,0.00,0.00,19.27
2026-08-23T21:04:18Z,3.433,11736.8,0.000,0.0,0.000,0.0,0.422,505.3,0.347,119.2,3.69,33.82,0.00,0.00,19.27
2026-08-23T21:04:19Z,4.867,11739.4,0.000,0.0,0.000,0.0,0.440,505.4,0.358,119.2,4.19,18.08,0.00,0.00,19.27
2026-08-23T21:04:20Z,3.926,11763.4,0.000,0.0,0.000,0.0,0.444,505.6,0.371,119.2,4.39,35.24,0.00,0.00,19.27
2026-08-23T21:04:21Z,3.748,11772.3,0.000,0.0,0.000,0.0,0.430,505.6,0.349,119.2,4.42,24.78,0.00,0.00,19.09
2026-08-23T21:04:23Z,3.576,11777.5,0.000,0.0,0.000,0.0,0.422,505.3,0.352,119.2,4.00,24.61,0.00,0.00,19.09
2026-08-23T21:04:24Z,3.555,11783.6,0.000,0.0,0.000,0.0,0.441,505.4,0.363,119.2,4.66,26.09,0.00,0.00,19.09
2026-08-23T21:04:25Z,3.404,11787.9,0.000,0.0,0.000,0.0,0.426,505.3,0.354,119.1,2.74,25.20,0.00,0.00,19.09
2026-08-23T21:04:26Z,3.472,11793.0,0.000,0.0,0.000,0.0,0.438,505.4,0.359,119.5,3.09,23.15,0.00,0.00,19.09
2026-08-23T21:04:27Z,3.908,11799.2,0.000,0.0,0.000,0.0,0.439,505.4,0.355,119.2,3.64,22.96,0.00,0.00,19.00
2026-08-23T21:04:28Z,3.484,11804.9,0.000,0.0,0.000,0.0,0.432,505.3,0.351,119.2,3.71,26.34,0.00,0.00,19.00
2026-08-23T21:04:29Z,4.317,11842.6,0.000,0.0,0.000,0.0,0.418,505.5,0.349,119.6,3.22,44.73,0.00,0.00,19.00
2026-08-23T21:04:30Z,4.887,11830.4,0.000,0.0,0.000,0.0,0.468,505.6,0.383,119.2,3.19,17.00,0.00,0.00,19.00
2026-08-23T21:04:31Z,4.278,11836.9,0.000,0.0,0.000,0.0,0.445,505.7,0.366,119.8,2.83,21.03,0.00,0.00,18.36
2026-08-23T21:04:32Z,4.332,11841.6,0.000,0.0,0.000,0.0,0.429,505.4,0.359,119.3,3.13,22.38,0.00,0.00,18.36
2026-08-23T21:04:33Z,3.418,11846.5,0.000,0.0,0.000,0.0,0.432,505.4,0.355,119.3,2.96,24.30,0.00,0.00,18.36
2026-08-23T21:04:34Z,3.400,11850.6,0.000,0.0,0.000,0.0,0.436,505.4,0.363,119.3,3.15,25.80,0.00,0.00,18.36
2026-08-23T21:04:36Z,3.338,11855.4,0.000,0.0,0.000,0.0,0.416,505.4,0.353,119.2,3.28,25.49,0.00,0.00,18.36
2026-08-23T21:04:37Z,3.406,11860.0,0.000,0.0,0.000,0.0,0.448,505.4,0.363,119.2,3.36,22.53,0.00,0.00,17.53
2026-08-23T21:04:38Z,3.377,11864.6,0.000,0.0,0.000,0.0,0.440,505.4,0.353,119.2,2.82,31.94,0.00,0.00,17.53
2026-08-23T21:04:39Z,4.031,11850.1,0.000,0.0,0.000,0.0,0.423,505.4,0.349,119.3,2.83,42.94,0.00,0.00,17.53
2026-08-23T21:04:40Z,4.559,11844.3,0.000,0.0,0.000,0.0,0.482,505.6,0.394,119.2,3.28,16.81,0.00,0.00,17.53
2026-08-23T21:04:41Z,3.495,11850.7,0.000,0.0,0.000,0.0,0.440,505.3,0.368,119.2,3.81,25.43,0.00,0.00,17.57
2026-08-23T21:04:42Z,3.403,11856.2,0.000,0.0,0.000,0.0,0.437,505.3,0.355,119.2,3.51,23.74,0.00,0.00,17.57
2026-08-23T21:04:43Z,3.391,11861.2,0.000,0.0,0.000,0.0,0.431,505.6,0.357,119.2,3.47,25.09,0.00,0.00,17.57
2026-08-23T21:04:44Z,3.407,11866.0,0.000,0.0,0.000,0.0,0.429,505.3,0.352,119.2,3.50,25.05,0.00,0.00,17.57
2026-08-23T21:04:45Z,3.382,11873.4,0.000,0.0,0.000,0.0,0.440,505.6,0.364,119.5,4.52,24.94,0.00,0.00,17.57
2026-08-23T21:04:46Z,3.641,11878.0,0.000,0.0,0.000,0.0,0.430,505.8,0.355,119.1,3.47,26.00,0.00,0.00,17.20
2026-08-23T21:04:47Z,3.486,11884.9,0.000,0.0,0.000,0.0,0.440,505.6,0.363,119.2,4.34,24.33,0.00,0.00,17.20
2026-08-23T21:04:48Z,3.657,11869.6,0.000,0.0,0.000,0.0,0.424,505.3,0.350,119.2,4.16,38.51,0.00,0.00,17.20
2026-08-23T21:04:50Z,4.951,11865.0,0.000,0.0,0.000,0.0,0.440,505.6,0.368,119.2,4.53,24.73,0.00,0.00,17.20
2026-08-23T21:04:51Z,3.643,11873.2,0.000,0.0,0.000,0.0,0.427,505.3,0.358,119.2,4.63,24.65,0.00,0.00,17.20
2026-08-23T21:04:52Z,3.768,11878.4,0.000,0.0,0.000,0.0,0.432,505.3,0.344,119.4,4.22,24.52,0.00,0.00,16.78
2026-08-23T21:04:53Z,3.418,11885.4,0.000,0.0,0.000,0.0,0.437,505.4,0.353,119.2,4.30,22.04,0.00,0.00,16.78
2026-08-23T21:04:54Z,3.391,11847.8,0.000,0.0,0.000,0.0,0.432,505.8,0.349,119.1,3.60,26.73,0.00,0.00,16.78
2026-08-23T21:04:55Z,3.366,11852.2,0.000,0.0,0.000,0.0,0.436,505.8,0.352,119.2,3.98,25.59,0.00,0.00,16.78
2026-08-23T21:04:56Z,3.349,11859.6,0.000,0.0,0.000,0.0,0.430,505.8,0.348,119.4,4.40,23.39,0.00,0.00,15.92
2026-08-23T21:04:57Z,3.349,11881.4,0.000,0.0,0.000,0.0,0.441,505.3,0.352,119.2,3.63,36.30,0.00,0.00,15.92
2026-08-23T21:04:58Z,3.312,11887.5,0.000,0.0,0.000,0.0,0.428,505.4,0.351,119.2,3.35,26.18,0.00,0.00,15.92
2026-08-23T21:04:59Z,4.797,11845.9,0.000,0.0,0.000,0.0,0.425,505.4,0.353,119.3,3.16,25.48,0.00,0.00,15.92
2026-08-23T21:05:00Z,3.989,11838.1,0.000,0.0,0.000,0.0,0.447,505.3,0.365,119.2,3.44,21.71,0.00,0.00,15.92
2026-08-23T21:05:01Z,5.115,11848.9,0.000,0.0,0.000,0.0,0.436,505.7,0.366,119.3,3.51,17.26,0.00,0.00,16.41
2026-08-23T21:05:03Z,5.166,11853.7,0.000,0.0,0.000,0.0,0.465,505.6,0.382,119.2,3.59,15.49,0.00,0.00,16.41
2026-08-23T21:05:04Z,5.006,11858.4,0.000,0.0,0.000,0.0,0.435,505.4,0.353,119.3,2.31,15.40,0.00,0.00,16.41
2026-08-23T21:05:05Z,5.148,11862.8,0.000,0.0,0.000,0.0,0.430,505.4,0.351,119.5,2.25,15.35,0.00,0.00,16.41
2026-08-23T21:05:06Z,5.067,11867.4,0.000,0.0,0.000,0.0,0.428,505.5,0.348,119.6,2.20,13.36,0.00,0.00,16.41
2026-08-23T21:05:07Z,4.198,11770.2,0.000,0.0,0.000,0.0,0.430,505.8,0.356,119.6,2.64,26.69,0.00,0.00,18.14
2026-08-23T21:05:08Z,3.422,11774.6,0.000,0.0,0.000,0.0,0.452,505.4,0.367,119.5,2.62,21.45,0.00,0.00,18.14
2026-08-23T21:05:09Z,4.480,11794.5,0.000,0.0,0.000,0.0,0.434,505.5,0.359,119.5,2.48,28.30,0.00,0.00,18.14
2026-08-23T21:05:10Z,3.921,11782.7,0.000,0.0,0.000,0.0,0.437,505.4,0.366,119.4,2.51,29.47,0.00,0.00,18.14
2026-08-23T21:05:11Z,3.378,11789.3,0.000,0.0,0.000,0.0,0.429,505.9,0.356,119.4,2.84,24.71,0.00,0.00,17.49
2026-08-23T21:05:12Z,3.378,11794.2,0.000,0.0,0.000,0.0,0.433,505.4,0.363,119.4,2.62,25.42,0.00,0.00,17.49
2026-08-23T21:05:13Z,3.323,11800.2,0.000,0.0,0.000,0.0,0.430,505.4,0.355,119.4,3.30,26.52,0.00,0.00,17.49
2026-08-23T21:05:14Z,3.368,11806.0,0.000,0.0,0.000,0.0,0.432,505.5,0.360,119.7,3.38,25.21,0.00,0.00,17.49
2026-08-23T21:05:16Z,3.400,11785.5,0.000,0.0,0.000,0.0,0.433,505.4,0.357,119.2,3.75,37.23,0.00,0.00,17.49
2026-08-23T21:05:17Z,3.558,11791.2,0.000,0.0,0.000,0.0,0.435,505.4,0.356,119.5,3.55,24.77,0.00,0.00,16.73
2026-08-23T21:05:18Z,3.420,11797.6,0.000,0.0,0.000,0.0,0.434,505.9,0.352,119.3,3.95,26.25,0.00,0.00,16.73
2026-08-23T21:05:19Z,3.987,11770.2,0.000,0.0,0.000,0.0,0.426,505.4,0.344,119.3,3.63,22.34,0.00,0.00,16.73
2026-08-23T21:05:20Z,4.587,11767.2,0.000,0.0,0.000,0.0,0.442,505.6,0.369,119.2,3.82,25.24,0.00,0.00,16.73
2026-08-23T21:05:21Z,3.563,11773.4,0.000,0.0,0.000,0.0,0.436,505.6,0.355,119.2,3.78,23.75,0.00,0.00,16.27
2026-08-23T21:05:22Z,3.735,11779.6,0.000,0.0,0.000,0.0,0.431,505.3,0.353,119.2,4.16,24.67,0.00,0.00,16.27
2026-08-23T21:05:23Z,3.356,11786.5,0.000,0.0,0.000,0.0,0.433,505.4,0.353,119.2,4.13,24.37,0.00,0.00,16.27
2026-08-23T21:05:24Z,3.476,11794.5,0.000,0.0,0.000,0.0,0.429,505.3,0.349,119.2,4.63,26.17,0.00,0.00,16.27
2026-08-23T21:05:25Z,3.383,11775.3,0.000,0.0,0.000,0.0,0.426,505.4,0.355,119.2,4.58,41.23,0.00,0.00,16.27
2026-08-23T21:05:26Z,3.845,11784.6,0.000,0.0,0.000,0.0,0.447,505.4,0.373,119.3,3.76,25.54,0.00,0.00,16.89
2026-08-23T21:05:27Z,4.500,11791.8,0.000,0.0,0.000,0.0,0.421,505.4,0.350,119.2,3.51,21.06,0.00,0.00,16.89
2026-08-23T21:05:28Z,4.251,11763.2,0.000,0.0,0.000,0.0,0.437,505.7,0.363,119.3,3.64,22.11,0.00,0.00,16.89
2026-08-23T21:05:30Z,5.288,11759.9,0.000,0.0,0.000,0.0,0.429,505.4,0.347,119.5,3.23,14.04,0.00,0.00,16.89
2026-08-23T21:05:31Z,3.768,11768.8,0.000,0.0,0.000,0.0,0.454,505.4,0.378,119.2,3.96,29.95,0.00,0.00,16.89
2026-08-23T21:05:32Z,3.346,11775.0,0.000,0.0,0.000,0.0,0.421,505.9,0.351,119.2,3.90,24.65,0.00,0.00,16.66
2026-08-23T21:05:33Z,3.283,11780.6,0.000,0.0,0.000,0.0,0.420,505.6,0.345,119.4,4.15,25.99,0.00,0.00,16.66
2026-08-23T21:05:34Z,3.293,11760.4,0.000,0.0,0.000,0.0,0.428,505.4,0.353,119.2,3.53,41.25,0.00,0.00,16.66
2026-08-23T21:05:35Z,3.378,11765.0,0.000,0.0,0.000,0.0,0.428,505.6,0.351,119.2,2.93,25.05,0.00,0.00,16.66
2026-08-23T21:05:36Z,3.323,11770.5,0.000,0.0,0.000,0.0,0.428,505.9,0.355,119.5,3.95,24.91,0.00,0.00,16.44
2026-08-23T21:05:37Z,3.415,11775.7,0.000,0.0,0.000,0.0,0.436,505.4,0.365,119.2,4.04,25.49,0.00,0.00,16.44
2026-08-23T21:05:38Z,3.407,11780.9,0.000,0.0,0.000,0.0,0.441,505.3,0.355,119.2,3.73,25.77,0.00,0.00,16.44
2026-08-23T21:05:39Z,4.666,11749.6,0.000,0.0,0.000,0.0,0.428,505.6,0.359,119.3,3.28,29.32,0.00,0.00,16.44
2026-08-23T21:05:40Z,3.826,11748.9,0.000,0.0,0.000,0.0,0.439,505.3,0.368,119.1,3.29,30.94,0.00,0.00,16.44
2026-08-23T21:05:41Z,3.348,11755.9,0.000,0.0,0.000,0.0,0.426,505.4,0.354,119.2,4.27,25.99,0.00,0.00,15.85
2026-08-23T21:05:42Z,3.345,11778.8,0.000,0.0,0.000,0.0,0.429,505.4,0.353,119.1,4.38,40.42,0.00,0.00,15.85
2026-08-23T21:05:44Z,3.316,11783.7,0.000,0.0,0.000,0.0,0.434,505.3,0.354,119.2,3.69,26.94,0.00,0.00,15.85
2026-08-23T21:05:45Z,3.435,11746.9,0.000,0.0,0.000,0.0,0.446,505.6,0.364,119.2,4.12,25.13,0.00,0.00,15.85
2026-08-23T21:05:46Z,3.402,11753.9,0.000,0.0,0.000,0.0,0.426,505.6,0.347,119.1,4.04,25.70,0.00,0.00,15.85
2026-08-23T21:05:47Z,3.516,11757.9,0.000,0.0,0.000,0.0,0.426,505.6,0.353,119.2,3.37,24.11,0.00,0.00,15.86
2026-08-23T21:05:48Z,3.410,11764.0,0.000,0.0,0.000,0.0,0.434,505.4,0.353,119.2,4.02,25.53,0.00,0.00,15.86
2026-08-23T21:05:49Z,4.467,11742.3,0.000,0.0,0.000,0.0,0.420,505.4,0.351,119.3,3.77,21.17,0.00,0.00,15.86
2026-08-23T21:05:50Z,4.075,11730.8,0.000,0.0,0.000,0.0,0.440,505.6,0.364,119.2,3.68,22.10,0.00,0.00,15.86
2026-08-23T21:05:51Z,3.576,11752.9,0.000,0.0,0.000,0.0,0.431,505.4,0.358,119.2,3.53,46.57,0.00,0.00,16.11
2026-08-23T21:05:52Z,3.705,11758.7,0.000,0.0,0.000,0.0,0.420,505.6,0.354,119.1,3.13,24.80,0.00,0.00,16.11
2026-08-23T21:05:53Z,3.392,11763.3,0.000,0.0,0.000,0.0,0.435,505.9,0.352,119.2,3.00,26.81,0.00,0.00,16.11
2026-08-23T21:05:54Z,3.349,11767.1,0.000,0.0,0.000,0.0,0.430,505.3,0.352,119.2,3.00,25.87,0.00,0.00,16.11
2026-08-23T21:05:55Z,3.295,11771.7,0.000,0.0,0.000,0.0,0.426,505.6,0.353,119.2,3.32,26.45,0.00,0.00,16.11
2026-08-23T21:05:57Z,3.299,11734.3,0.000,0.0,0.000,0.0,0.422,505.3,0.348,119.1,3.08,26.72,0.00,0.00,16.42
2026-08-23T21:05:58Z,3.283,11739.5,0.000,0.0,0.000,0.0,0.423,505.4,0.345,119.4,3.94,26.35,0.00,0.00,16.42
2026-08-23T21:05:59Z,3.894,11757.6,0.000,0.0,0.000,0.0,0.432,505.4,0.350,119.2,3.83,24.98,0.00,0.00,16.42
2026-08-23T21:06:00Z,4.450,11747.6,0.000,0.0,0.000,0.0,0.428,505.6,0.366,119.2,3.66,20.73,0.00,0.00,16.42
2026-08-23T21:06:01Z,3.436,11728.4,0.000,0.0,0.000,0.0,0.442,505.6,0.370,119.2,3.76,43.07,0.00,0.00,17.51
2026-08-23T21:06:02Z,3.570,11705.8,0.000,0.0,0.000,0.0,0.449,505.4,0.378,119.2,4.17,24.54,0.00,0.00,17.51
2026-08-23T21:06:03Z,5.187,11728.6,0.000,0.0,0.000,0.0,0.424,506.1,0.364,119.2,3.90,19.72,0.00,0.00,17.51
2026-08-23T21:06:04Z,5.219,11693.5,0.000,0.0,0.000,0.0,0.422,505.4,0.354,119.2,4.89,18.30,0.00,0.00,17.51
2026-08-23T21:06:05Z,4.811,11699.5,0.000,0.0,0.000,0.0,0.451,505.3,0.370,119.2,4.74,18.52,0.00,0.00,17.51
2026-08-23T21:06:06Z,5.020,11705.9,0.000,0.0,0.000,0.0,0.450,505.6,0.367,119.5,4.08,15.30,0.00,0.00,18.83
2026-08-23T21:06:07Z,5.329,11660.2,0.000,0.0,0.000,0.0,0.448,505.5,0.378,119.5,3.46,15.82,0.00,0.00,18.83
2026-08-23T21:06:08Z,5.569,11669.0,0.000,0.0,0.000,0.0,0.426,505.8,0.365,119.8,3.73,13.95,0.00,0.00,18.83
2026-08-23T21:06:10Z,5.787,11629.7,0.000,0.0,0.000,0.0,0.410,505.5,0.325,119.5,3.55,13.54,0.00,0.00,18.83
2026-08-23T21:06:11Z,5.257,11623.1,0.000,0.0,0.000,0.0,0.440,506.4,0.362,119.5,2.88,37.22,0.00,0.00,18.83
2026-08-23T21:06:12Z,4.922,11630.9,0.000,0.0,0.000,0.0,0.468,505.7,0.387,119.7,3.33,25.72,0.00,0.00,19.24
2026-08-23T21:06:13Z,5.136,11637.9,0.000,0.0,0.000,0.0,0.445,505.5,0.359,119.5,3.25,18.08,0.00,0.00,19.24
2026-08-23T21:06:14Z,4.980,11645.1,0.000,0.0,0.000,0.0,0.440,505.5,0.361,119.5,3.26,20.07,0.00,0.00,19.24
2026-08-23T21:06:15Z,5.255,11652.0,0.000,0.0,0.000,0.0,0.429,505.5,0.356,119.4,3.75,19.70,0.00,0.00,19.24
2026-08-23T21:06:16Z,4.137,11626.4,0.000,0.0,0.000,0.0,0.448,505.8,0.361,119.5,3.04,20.90,0.00,0.00,20.03
2026-08-23T21:06:17Z,3.610,11633.5,0.000,0.0,0.000,0.0,0.438,506.0,0.362,119.3,3.03,22.27,0.00,0.00,20.03
2026-08-23T21:06:18Z,3.449,11640.1,0.000,0.0,0.000,0.0,0.440,505.5,0.359,119.3,2.97,26.37,0.00,0.00,20.03
2026-08-23T21:06:19Z,4.720,11661.2,0.000,0.0,0.000,0.0,0.403,505.8,0.337,119.9,3.86,19.34,0.00,0.00,20.03
2026-08-23T21:06:20Z,3.909,11670.5,0.000,0.0,0.000,0.0,0.484,505.8,0.393,119.4,3.98,31.85,0.00,0.00,20.03
2026-08-23T21:06:21Z,3.704,11679.6,0.000,0.0,0.000,0.0,0.453,505.6,0.367,119.5,4.15,27.24,0.00,0.00,20.02
2026-08-23T21:06:23Z,3.561,11686.8,0.000,0.0,0.000,0.0,0.423,505.5,0.349,119.6,3.59,19.96,0.00,0.00,20.02
2026-08-23T21:06:24Z,3.363,11693.6,0.000,0.0,0.000,0.0,0.439,505.5,0.362,119.4,2.90,22.94,0.00,0.00,20.02
2026-08-23T21:06:25Z,3.470,11702.1,0.000,0.0,0.000,0.0,0.438,505.8,0.364,119.4,3.79,21.53,0.00,0.00,20.02
2026-08-23T21:06:26Z,3.601,11710.0,0.000,0.0,0.000,0.0,0.447,505.5,0.361,119.3,4.48,21.81,0.00,0.00,20.02
2026-08-23T21:06:27Z,3.911,11677.1,0.000,0.0,0.000,0.0,0.451,505.8,0.372,119.3,3.92,21.85,0.00,0.00,20.82
2026-08-23T21:06:28Z,3.603,11684.2,0.000,0.0,0.000,0.0,0.419,505.5,0.351,119.3,3.46,26.35,0.00,0.00,20.82
2026-08-23T21:06:29Z,4.348,11682.5,0.000,0.0,0.000,0.0,0.412,505.6,0.352,119.4,3.28,37.10,0.00,0.00,20.82
2026-08-23T21:06:30Z,4.267,11675.0,0.000,0.0,0.000,0.0,0.441,505.5,0.369,119.3,3.42,23.00,0.00,0.00,20.82
2026-08-23T21:06:31Z,4.389,11681.6,0.000,0.0,0.000,0.0,0.432,505.7,0.356,119.3,3.29,23.93,0.00,0.00,20.84
2026-08-23T21:06:32Z,4.338,11688.2,0.000,0.0,0.000,0.0,0.435,505.5,0.359,119.3,2.70,26.62,0.00,0.00,20.84
2026-08-23T21:06:33Z,3.787,11695.6,0.000,0.0,0.000,0.0,0.446,505.5,0.363,119.3,3.08,18.81,0.00,0.00,20.84
2026-08-23T21:06:34Z,3.394,11702.9,0.000,0.0,0.000,0.0,0.438,505.5,0.358,119.3,3.70,27.00,0.00,0.00,20.84
2026-08-23T21:06:35Z,3.374,11669.7,0.000,0.0,0.000,0.0,0.436,505.5,0.356,119.2,4.46,27.99,0.00,0.00,20.84
2026-08-23T21:06:37Z,3.362,11677.7,0.000,0.0,0.000,0.0,0.427,505.5,0.349,119.2,4.52,27.17,0.00,0.00,20.37
2026-08-23T21:06:38Z,3.380,11686.0,0.000,0.0,0.000,0.0,0.436,505.4,0.356,119.2,3.59,27.94,0.00,0.00,20.37
2026-08-23T21:06:39Z,3.927,11680.4,0.000,0.0,0.000,0.0,0.421,505.4,0.353,119.3,2.72,39.86,0.00,0.00,20.37
2026-08-23T21:06:40Z,4.497,11673.4,0.000,0.0,0.000,0.0,0.439,505.4,0.363,119.2,3.52,21.07,0.00,0.00,20.37
2026-08-23T21:06:41Z,3.433,11681.5,0.000,0.0,0.000,0.0,0.429,505.4,0.352,119.2,3.57,35.48,0.00,0.00,20.58
2026-08-23T21:06:42Z,3.372,11687.8,0.000,0.0,0.000,0.0,0.425,505.4,0.351,119.2,2.44,34.93,0.00,0.00,20.58
2026-08-23T21:06:43Z,3.410,11695.1,0.000,0.0,0.000,0.0,0.446,505.4,0.363,119.5,3.03,25.96,0.00,0.00,20.58
2026-08-23T21:06:44Z,3.395,11660.5,0.000,0.0,0.000,0.0,0.426,505.4,0.346,119.2,3.08,27.92,0.00,0.00,20.58
2026-08-23T21:06:45Z,3.383,11668.4,0.000,0.0,0.000,0.0,0.425,505.6,0.360,119.2,3.68,26.24,0.00,0.00,20.58
2026-08-23T21:06:46Z,3.678,11676.3,0.000,0.0,0.000,0.0,0.441,505.4,0.364,119.2,3.65,26.45,0.00,0.00,20.53
2026-08-23T21:06:47Z,3.543,11660.4,0.000,0.0,0.000,0.0,0.428,505.4,0.358,119.2,4.15,41.50,0.00,0.00,20.53
2026-08-23T21:06:48Z,3.569,11675.8,0.000,0.0,0.000,0.0,0.433,505.4,0.356,119.2,3.80,27.93,0.00,0.00,20.53
2026-08-23T21:06:50Z,4.917,11674.5,0.000,0.0,0.000,0.0,0.438,505.5,0.356,119.2,2.96,17.42,0.00,0.00,20.53
2026-08-23T21:06:51Z,3.713,11682.9,0.000,0.0,0.000,0.0,0.446,505.4,0.362,119.2,3.44,23.97,0.00,0.00,20.53
2026-08-23T21:06:52Z,3.750,11692.1,0.000,0.0,0.000,0.0,0.433,505.4,0.354,119.2,3.95,25.80,0.00,0.00,20.57
2026-08-23T21:06:53Z,3.545,11659.5,0.000,0.0,0.000,0.0,0.422,505.6,0.350,119.2,4.14,34.89,0.00,0.00,20.57
2026-08-23T21:06:54Z,3.344,11669.1,0.000,0.0,0.000,0.0,0.422,505.4,0.347,119.2,4.70,28.41,0.00,0.00,20.57
2026-08-23T21:06:55Z,3.408,11678.4,0.000,0.0,0.000,0.0,0.423,505.4,0.355,119.1,4.85,28.17,0.00,0.00,20.57
2026-08-23T21:06:56Z,3.375,11688.2,0.000,0.0,0.000,0.0,0.434,505.4,0.351,119.2,5.37,27.94,0.00,0.00,20.45
2026-08-23T21:06:57Z,3.359,11674.2,0.000,0.0,0.000,0.0,0.431,505.4,0.351,119.2,4.80,41.62,0.00,0.00,20.45
2026-08-23T21:06:58Z,3.355,11681.9,0.000,0.0,0.000,0.0,0.424,505.9,0.348,119.2,4.66,28.22,0.00,0.00,20.45
2026-08-23T21:06:59Z,4.755,11649.4,0.000,0.0,0.000,0.0,0.434,505.7,0.360,119.2,5.16,21.28,0.00,0.00,20.45
2026-08-23T21:07:00Z,3.561,11662.1,0.000,0.0,0.000,0.0,0.430,505.6,0.350,119.4,4.70,26.34,0.00,0.00,20.45
2026-08-23T21:07:01Z,3.446,11671.3,0.000,0.0,0.000,0.0,0.444,505.4,0.363,119.1,4.95,26.26,0.00,0.00,20.33
2026-08-23T21:07:02Z,3.453,11681.5,0.000,0.0,0.000,0.0,0.433,505.4,0.357,119.1,4.90,34.64,0.00,0.00,20.33
2026-08-23T21:07:04Z,3.311,11649.4,0.000,0.0,0.000,0.0,0.426,505.4,0.348,119.1,4.99,27.86,0.00,0.00,20.33
2026-08-23T21:07:05Z,3.404,11658.5,0.000,0.0,0.000,0.0,0.435,505.4,0.356,119.2,3.49,28.45,0.00,0.00,20.33
2026-08-23T21:07:06Z,3.386,11641.1,0.000,0.0,0.000,0.0,0.435,505.4,0.356,119.2,2.84,40.73,0.00,0.00,20.33
2026-08-23T21:07:07Z,3.460,11647.4,0.000,0.0,0.000,0.0,0.437,505.4,0.361,119.2,2.73,26.58,0.00,0.00,20.22
2026-08-23T21:07:08Z,3.375,11654.9,0.000,0.0,0.000,0.0,0.432,505.6,0.362,119.2,3.18,27.86,0.00,0.00,20.22
2026-08-23T21:07:09Z,4.289,11669.5,0.000,0.0,0.000,0.0,0.412,505.4,0.344,119.3,2.44,23.10,0.00,0.00,20.22
2026-08-23T21:07:10Z,4.067,11625.6,0.000,0.0,0.000,0.0,0.454,505.4,0.365,119.2,2.91,23.39,0.00,0.00,20.22
2026-08-23T21:07:11Z,3.512,11633.8,0.000,0.0,0.000,0.0,0.440,505.6,0.362,119.1,3.15,26.97,0.00,0.00,20.12
2026-08-23T21:07:12Z,3.321,11642.5,0.000,0.0,0.000,0.0,0.430,505.6,0.350,119.2,3.27,37.27,0.00,0.00,20.12
2026-08-23T21:07:13Z,3.377,11649.5,0.000,0.0,0.000,0.0,0.431,505.4,0.354,119.2,3.00,34.60,0.00,0.00,20.12
2026-08-23T21:07:14Z,3.330,11632.3,0.000,0.0,0.000,0.0,0.418,505.9,0.346,119.2,2.86,41.34,0.00,0.00,20.12
2026-08-23T21:07:15Z,3.494,11646.4,0.000,0.0,0.000,0.0,0.430,505.4,0.361,119.2,3.32,27.00,0.00,0.00,20.12
2026-08-23T21:07:17Z,5.274,11640.2,0.000,0.0,0.000,0.0,0.424,505.4,0.351,119.2,3.33,19.97,0.00,0.00,20.60
2026-08-23T21:07:18Z,4.502,11647.9,0.000,0.0,0.000,0.0,0.433,505.6,0.354,119.2,2.69,23.88,0.00,0.00,20.60
2026-08-23T21:07:19Z,5.222,11627.0,0.000,0.0,0.000,0.0,0.428,505.4,0.344,119.3,2.99,19.32,0.00,0.00,20.60
2026-08-23T21:07:20Z,5.609,11621.3,0.000,0.0,0.000,0.0,0.410,505.4,0.339,119.3,3.30,15.87,0.00,0.00,20.60
2026-08-23T21:07:21Z,5.326,11593.2,0.000,0.0,0.000,0.0,0.423,505.4,0.358,119.3,3.85,17.15,0.00,0.00,20.55
2026-08-23T21:07:22Z,5.295,11601.6,0.000,0.0,0.000,0.0,0.409,505.4,0.360,119.6,3.36,16.04,0.00,0.00,20.55
2026-08-23T21:07:23Z,5.152,11611.9,0.000,0.0,0.000,0.0,0.436,505.4,0.367,119.6,3.47,24.83,0.00,0.00,20.55
2026-08-23T21:07:24Z,4.017,11603.7,0.000,0.0,0.000,0.0,0.456,505.7,0.381,119.3,2.80,38.17,0.00,0.00,20.55
2026-08-23T21:07:25Z,3.412,11611.6,0.000,0.0,0.000,0.0,0.430,505.6,0.358,119.2,2.97,27.55,0.00,0.00,20.55
2026-08-23T21:07:26Z,3.934,11622.7,0.000,0.0,0.000,0.0,0.451,505.4,0.375,119.3,3.85,25.85,0.00,0.00,20.66
2026-08-23T21:07:27Z,4.373,11630.9,0.000,0.0,0.000,0.0,0.436,505.4,0.357,119.2,3.54,24.55,0.00,0.00,20.66
2026-08-23T21:07:28Z,4.345,11606.0,0.000,0.0,0.000,0.0,0.435,505.5,0.354,119.3,3.01,22.58,0.00,0.00,20.66
2026-08-23T21:07:30Z,5.181,11606.6,0.000,0.0,0.000,0.0,0.438,505.9,0.356,119.3,4.21,16.13,0.00,0.00,20.66
2026-08-23T21:07:31Z,4.433,11618.5,0.000,0.0,0.000,0.0,0.456,505.4,0.377,119.2,4.47,18.66,0.00,0.00,20.66
2026-08-23T21:07:32Z,3.406,11629.2,0.000,0.0,0.000,0.0,0.445,505.4,0.367,119.3,4.60,21.54,0.00,0.00,20.93
2026-08-23T21:07:33Z,3.375,11637.0,0.000,0.0,0.000,0.0,0.420,505.4,0.347,119.3,5.02,30.26,0.00,0.00,20.93
2026-08-23T21:07:34Z,3.360,11622.7,0.000,0.0,0.000,0.0,0.435,505.4,0.362,119.3,4.22,41.74,0.00,0.00,20.93
2026-08-23T21:07:35Z,3.428,11632.5,0.000,0.0,0.000,0.0,0.428,505.4,0.357,119.2,4.17,27.99,0.00,0.00,20.93
2026-08-23T21:07:36Z,3.403,11640.1,0.000,0.0,0.000,0.0,0.431,505.4,0.362,119.2,4.15,27.72,0.00,0.00,20.38
2026-08-23T21:07:37Z,3.430,11648.7,0.000,0.0,0.000,0.0,0.427,505.3,0.355,119.2,4.11,27.36,0.00,0.00,20.38
2026-08-23T21:07:38Z,3.319,11617.7,0.000,0.0,0.000,0.0,0.423,505.4,0.354,119.2,4.55,28.28,0.00,0.00,20.38
2026-08-23T21:07:39Z,4.783,11633.1,0.000,0.0,0.000,0.0,0.448,505.7,0.360,119.3,4.92,21.08,0.00,0.00,20.38
2026-08-23T21:07:40Z,3.697,11636.7,0.000,0.0,0.000,0.0,0.429,505.4,0.359,119.2,5.28,25.91,0.00,0.00,20.38
2026-08-23T21:07:41Z,3.430,11646.8,0.000,0.0,0.000,0.0,0.444,505.9,0.369,119.2,4.66,27.09,0.00,0.00,19.71
2026-08-23T21:07:43Z,3.458,11633.5,0.000,0.0,0.000,0.0,0.440,505.4,0.360,119.2,4.83,49.27,0.00,0.00,19.71
2026-08-23T21:07:44Z,3.380,11600.9,0.000,0.0,0.000,0.0,0.435,505.4,0.357,119.2,4.61,34.77,0.00,0.00,19.71
2026-08-23T21:07:45Z,3.446,11608.6,0.000,0.0,0.000,0.0,0.444,505.4,0.363,119.2,2.85,26.85,0.00,0.00,19.71
2026-08-23T21:07:46Z,3.383,11616.2,0.000,0.0,0.000,0.0,0.429,505.3,0.347,119.2,2.56,27.03,0.00,0.00,19.71
2026-08-23T21:07:47Z,3.713,11625.1,0.000,0.0,0.000,0.0,0.441,505.4,0.359,119.2,3.67,27.15,0.00,0.00,18.93
2026-08-23T21:07:48Z,3.451,11607.0,0.000,0.0,0.000,0.0,0.429,505.3,0.357,119.2,3.93,27.75,0.00,0.00,18.93
2026-08-23T21:07:49Z,4.610,11616.8,0.000,0.0,0.000,0.0,0.436,505.4,0.353,119.2,2.68,22.73,0.00,0.00,18.93
2026-08-23T21:07:50Z,4.143,11605.7,0.000,0.0,0.000,0.0,0.457,505.6,0.375,119.2,2.78,22.03,0.00,0.00,18.93
2026-08-23T21:07:51Z,3.613,11589.7,0.000,0.0,0.000,0.0,0.429,505.4,0.354,119.5,2.58,41.09,0.00,0.00,18.53
2026-08-23T21:07:52Z,3.890,11596.7,0.000,0.0,0.000,0.0,0.437,505.6,0.364,119.5,2.60,23.60,0.00,0.00,18.53
2026-08-23T21:07:53Z,3.475,11605.2,0.000,0.0,0.000,0.0,0.430,505.4,0.355,119.2,3.19,33.60,0.00,0.00,18.53
2026-08-23T21:07:54Z,3.512,11612.3,0.000,0.0,0.000,0.0,0.442,505.4,0.358,119.2,2.52,25.61,0.00,0.00,18.53
2026-08-23T21:07:55Z,3.364,11621.6,0.000,0.0,0.000,0.0,0.433,505.4,0.353,119.2,3.65,27.40,0.00,0.00,18.53
2026-08-23T21:07:57Z,3.357,11619.8,0.000,0.0,0.000,0.0,0.419,505.6,0.350,119.2,2.99,27.74,0.00,0.00,18.17
2026-08-23T21:07:58Z,3.323,11595.5,0.000,0.0,0.000,0.0,0.422,505.6,0.356,119.2,2.77,27.73,0.00,0.00,18.17
2026-08-23T21:07:59Z,3.895,11614.8,0.000,0.0,0.000,0.0,0.426,505.4,0.344,119.2,2.65,26.74,0.00,0.00,18.17
2026-08-23T21:08:00Z,4.392,11608.4,0.000,0.0,0.000,0.0,0.442,505.6,0.369,119.2,3.24,20.74,0.00,0.00,18.17
2026-08-23T21:08:01Z,3.414,11595.6,0.000,0.0,0.000,0.0,0.431,505.4,0.354,119.2,4.48,41.99,0.00,0.00,17.92
2026-08-23T21:08:02Z,3.474,11604.1,0.000,0.0,0.000,0.0,0.444,505.6,0.369,119.4,3.47,25.28,0.00,0.00,17.92
2026-08-23T21:08:03Z,3.411,11612.6,0.000,0.0,0.000,0.0,0.446,505.4,0.361,119.3,3.88,27.32,0.00,0.00,17.92
2026-08-23T21:08:04Z,3.389,11583.2,0.000,0.0,0.000,0.0,0.423,505.6,0.348,119.2,5.24,36.52,0.00,0.00,17.92
2026-08-23T21:08:05Z,3.404,11592.6,0.000,0.0,0.000,0.0,0.436,505.6,0.363,119.2,5.45,27.13,0.00,0.00,17.92
2026-08-23T21:08:06Z,3.490,11602.2,0.000,0.0,0.000,0.0,0.445,505.6,0.367,119.5,5.16,27.41,0.00,0.00,17.52
2026-08-23T21:08:07Z,3.337,11611.4,0.000,0.0,0.000,0.0,0.421,505.6,0.345,119.2,4.93,27.92,0.00,0.00,17.52
2026-08-23T21:08:08Z,3.468,11587.9,0.000,0.0,0.000,0.0,0.436,506.1,0.357,119.2,5.34,27.99,0.00,0.00,17.52
2026-08-23T21:08:10Z,4.777,11614.3,0.000,0.0,0.000,0.0,0.447,505.6,0.363,119.4,93.97,22.05,0.00,0.00,17.52
2026-08-23T21:08:11Z,4.256,11593.1,0.000,0.0,0.000,0.0,0.443,505.4,0.366,119.2,112.63,38.47,0.00,0.00,17.52
2026-08-23T21:08:12Z,5.217,11585.7,0.000,0.0,0.000,0.0,0.445,505.4,0.366,119.2,19.74,22.93,0.00,0.00,18.60
2026-08-23T21:08:13Z,4.920,11580.9,0.000,0.0,0.000,0.0,0.428,505.9,0.358,119.2,5.31,38.82,0.00,0.00,18.60
2026-08-23T21:08:14Z,4.993,11594.6,0.000,0.0,0.000,0.0,0.438,505.6,0.356,119.2,5.85,27.01,0.00,0.00,18.60
2026-08-23T21:08:15Z,4.918,11566.4,0.000,0.0,0.000,0.0,0.420,505.4,0.358,119.2,4.88,20.83,0.00,0.00,18.60
2026-08-23T21:08:16Z,5.197,11579.2,0.000,0.0,0.000,0.0,0.432,505.4,0.349,119.5,6.23,19.64,0.00,0.00,19.59
2026-08-23T21:08:17Z,5.296,11568.7,0.000,0.0,0.000,0.0,0.424,505.7,0.344,119.3,5.60,31.12,0.00,0.00,19.59
2026-08-23T21:08:18Z,5.225,11578.6,0.000,0.0,0.000,0.0,0.438,505.4,0.353,119.5,5.98,20.37,0.00,0.00,19.59
2026-08-23T21:08:19Z,5.110,11541.7,0.000,0.0,0.000,0.0,0.417,505.4,0.344,119.3,4.81,17.60,0.00,0.00,19.59
2026-08-23T21:08:20Z,4.645,11531.2,0.000,0.0,0.000,0.0,0.458,505.6,0.382,119.2,5.03,19.29,0.00,0.00,19.59
2026-08-23T21:08:21Z,4.159,11545.3,0.000,0.0,0.000,0.0,0.423,505.4,0.352,119.2,5.39,24.34,0.00,0.00,18.99
2026-08-23T21:08:23Z,4.194,11556.0,0.000,0.0,0.000,0.0,0.428,505.4,0.359,119.2,5.06,22.89,0.00,0.00,18.99
2026-08-23T21:08:24Z,4.127,11547.9,0.000,0.0,0.000,0.0,0.424,505.4,0.359,119.3,3.18,30.82,0.00,0.00,18.99
2026-08-23T21:08:25Z,4.970,11562.9,0.000,0.0,0.000,0.0,0.438,505.7,0.351,119.2,3.06,38.94,0.00,0.00,18.99
2026-08-23T21:08:26Z,5.358,11570.1,0.000,0.0,0.000,0.0,0.449,505.4,0.365,119.8,3.18,14.96,0.00,0.00,18.99
2026-08-23T21:08:27Z,5.429,11541.7,0.000,0.0,0.000,0.0,0.436,505.9,0.357,119.2,3.50,17.47,0.00,0.00,20.19
2026-08-23T21:08:28Z,5.567,11552.4,0.000,0.0,0.000,0.0,0.430,505.4,0.349,119.5,3.23,15.89,0.00,0.00,20.19
2026-08-23T21:08:29Z,5.593,11540.9,0.000,0.0,0.000,0.0,0.416,506.0,0.340,119.8,2.99,16.46,0.00,0.00,20.19
2026-08-23T21:08:30Z,5.414,11534.5,0.000,0.0,0.000,0.0,0.423,505.5,0.362,119.3,2.14,14.43,0.00,0.00,20.19
2026-08-23T21:08:31Z,4.973,11544.7,0.000,0.0,0.000,0.0,0.453,505.5,0.373,119.3,2.48,16.61,0.00,0.00,20.25
2026-08-23T21:08:32Z,4.778,11520.9,0.000,0.0,0.000,0.0,0.434,505.7,0.351,119.5,2.07,19.11,0.00,0.00,20.25
2026-08-23T21:08:33Z,3.452,11530.7,0.000,0.0,0.000,0.0,0.452,505.5,0.370,119.3,3.06,26.24,0.00,0.00,20.25
2026-08-23T21:08:35Z,3.423,11540.6,0.000,0.0,0.000,0.0,0.422,505.4,0.350,119.2,3.40,32.30,0.00,0.00,20.25
2026-08-23T21:08:36Z,3.342,11552.6,0.000,0.0,0.000,0.0,0.430,505.4,0.355,119.5,4.37,27.02,0.00,0.00,20.25
2026-08-23T21:08:37Z,3.452,11565.4,0.000,0.0,0.000,0.0,0.439,505.4,0.358,119.2,4.72,25.56,0.00,0.00,19.51
2026-08-23T21:08:38Z,3.328,11576.3,0.000,0.0,0.000,0.0,0.432,505.4,0.350,119.2,4.56,26.41,0.00,0.00,19.51
2026-08-23T21:08:39Z,4.125,11569.0,0.000,0.0,0.000,0.0,0.435,505.7,0.358,119.3,12.39,24.05,0.00,0.00,19.51
2026-08-23T21:08:40Z,4.622,11548.4,0.000,0.0,0.000,0.0,0.454,505.6,0.368,119.2,19.50,20.69,0.00,0.00,19.51
2026-08-23T21:08:41Z,3.416,11560.6,0.000,0.0,0.000,0.0,0.436,505.3,0.363,119.2,4.66,24.98,0.00,0.00,18.19
2026-08-23T21:08:42Z,3.375,11571.6,0.000,0.0,0.000,0.0,0.432,505.4,0.347,119.2,4.28,25.32,0.00,0.00,18.19
2026-08-23T21:08:43Z,3.320,11542.3,0.000,0.0,0.000,0.0,0.419,505.6,0.344,119.2,4.11,24.82,0.00,0.00,18.19
2026-08-23T21:08:44Z,3.372,11553.1,0.000,0.0,0.000,0.0,0.434,505.4,0.360,119.2,3.99,31.44,0.00,0.00,18.19
2026-08-23T21:08:45Z,3.404,11561.8,0.000,0.0,0.000,0.0,0.428,505.6,0.352,119.1,3.61,31.54,0.00,0.00,18.19
2026-08-23T21:08:46Z,3.524,11570.3,0.000,0.0,0.000,0.0,0.423,505.6,0.358,119.2,2.96,24.93,0.00,0.00,16.97
2026-08-23T21:08:47Z,3.593,11540.1,0.000,0.0,0.000,0.0,0.432,505.4,0.356,119.4,2.98,25.36,0.00,0.00,16.97
2026-08-23T21:08:49Z,3.676,11562.6,0.000,0.0,0.000,0.0,0.428,505.4,0.344,119.2,2.87,25.16,0.00,0.00,16.97
2026-08-23T21:08:50Z,4.828,11520.3,0.000,0.0,0.000,0.0,0.438,505.4,0.371,119.2,3.01,18.14,0.00,0.00,16.97
2026-08-23T21:08:51Z,3.647,11530.4,0.000,0.0,0.000,0.0,0.431,505.6,0.352,119.2,3.40,24.64,0.00,0.00,16.97
2026-08-23T21:08:52Z,3.812,11540.4,0.000,0.0,0.000,0.0,0.432,505.4,0.355,119.5,3.47,25.22,0.00,0.00,16.74
2026-08-23T21:08:53Z,3.562,11551.3,0.000,0.0,0.000,0.0,0.443,505.9,0.359,119.2,4.47,25.18,0.00,0.00,16.74
2026-08-23T21:08:54Z,3.409,11561.5,0.000,0.0,0.000,0.0,0.426,505.3,0.346,119.2,4.00,26.30,0.00,0.00,16.74
2026-08-23T21:08:55Z,3.371,11531.1,0.000,0.0,0.000,0.0,0.432,505.4,0.354,119.2,3.07,32.63,0.00,0.00,16.74
2026-08-23T21:08:56Z,3.340,11541.4,0.000,0.0,0.000,0.0,0.429,505.3,0.349,119.1,3.82,25.93,0.00,0.00,16.52
2026-08-23T21:08:57Z,3.327,11552.3,0.000,0.0,0.000,0.0,0.425,505.6,0.354,119.4,4.23,25.61,0.00,0.00,16.52
2026-08-23T21:08:58Z,3.365,11526.4,0.000,0.0,0.000,0.0,0.431,505.4,0.357,119.2,3.71,25.38,0.00,0.00,16.52
2026-08-23T21:08:59Z,4.836,11532.7,0.000,0.0,0.000,0.0,0.439,505.4,0.361,119.2,3.01,18.64,0.00,0.00,16.52
2026-08-23T21:09:00Z,3.543,11546.5,0.000,0.0,0.000,0.0,0.431,505.4,0.354,119.2,3.79,25.68,0.00,0.00,16.52
2026-08-23T21:09:02Z,3.539,11558.2,0.000,0.0,0.000,0.0,0.439,505.3,0.365,119.1,4.69,25.71,0.00,0.00,16.07
2026-08-23T21:09:03Z,3.376,11530.0,0.000,0.0,0.000,0.0,0.440,505.6,0.356,119.2,4.27,25.29,0.00,0.00,16.07
2026-08-23T21:09:04Z,3.432,11542.3,0.000,0.0,0.000,0.0,0.435,505.9,0.349,119.2,4.52,23.08,0.00,0.00,16.07
2026-08-23T21:09:05Z,3.359,11554.3,0.000,0.0,0.000,0.0,0.427,505.3,0.354,119.1,5.73,26.10,0.00,0.00,16.07
2026-08-23T21:09:06Z,3.400,11528.3,0.000,0.0,0.000,0.0,0.434,505.6,0.358,119.2,5.59,33.49,0.00,0.00,16.07
2026-08-23T21:09:07Z,3.450,11539.3,0.000,0.0,0.000,0.0,0.439,505.8,0.354,119.1,5.39,26.25,0.00,0.00,16.15
2026-08-23T21:09:08Z,3.446,11548.4,0.000,0.0,0.000,0.0,0.440,505.6,0.364,119.9,4.80,24.85,0.00,0.00,16.15
2026-08-23T21:09:09Z,4.601,11524.3,0.000,0.0,0.000,0.0,0.418,505.4,0.354,119.2,4.75,20.31,0.00,0.00,16.15
2026-08-23T21:09:10Z,3.920,11525.6,0.000,0.0,0.000,0.0,0.448,505.4,0.375,119.1,5.30,21.89,0.00,0.00,16.15
2026-08-23T21:09:11Z,3.399,11497.2,0.000,0.0,0.000,0.0,0.441,505.9,0.355,119.1,4.77,25.45,0.00,0.00,16.22
2026-08-23T21:09:12Z,3.432,11506.6,0.000,0.0,0.000,0.0,0.430,505.8,0.349,119.1,5.52,26.43,0.00,0.00,16.22
2026-08-23T21:09:13Z,3.365,11516.0,0.000,0.0,0.000,0.0,0.435,505.4,0.354,119.4,4.89,26.24,0.00,0.00,16.22
2026-08-23T21:09:14Z,3.512,11523.9,0.000,0.0,0.000,0.0,0.442,505.4,0.365,119.4,4.24,32.08,0.00,0.00,16.22
2026-08-23T21:09:16Z,3.407,11494.6,0.000,0.0,0.000,0.0,0.435,505.4,0.359,119.1,5.06,33.67,0.00,0.00,16.22
2026-08-23T21:09:17Z,4.187,11503.8,0.000,0.0,0.000,0.0,0.434,505.3,0.346,119.1,5.41,22.56,0.00,0.00,16.84
2026-08-23T21:09:18Z,3.603,11513.1,0.000,0.0,0.000,0.0,0.430,505.9,0.353,119.1,5.14,25.73,0.00,0.00,16.84
2026-08-23T21:09:19Z,4.167,11494.2,0.000,0.0,0.000,0.0,0.425,505.4,0.340,119.2,5.80,22.03,0.00,0.00,16.84
2026-08-23T21:09:20Z,4.884,11494.7,0.000,0.0,0.000,0.0,0.451,505.6,0.377,119.2,6.00,18.28,0.00,0.00,16.84
2026-08-23T21:09:21Z,4.102,11503.4,0.000,0.0,0.000,0.0,0.430,505.4,0.359,119.2,5.26,21.80,0.00,0.00,16.93
2026-08-23T21:09:22Z,4.629,11512.7,0.000,0.0,0.000,0.0,0.424,506.1,0.354,119.2,5.36,20.47,0.00,0.00,16.93
2026-08-23T21:09:23Z,3.794,11521.8,0.000,0.0,0.000,0.0,0.426,505.4,0.347,119.2,5.38,23.95,0.00,0.00,16.93
2026-08-23T21:09:24Z,3.691,11491.9,0.000,0.0,0.000,0.0,0.451,505.4,0.370,119.2,5.99,24.72,0.00,0.00,16.93
2026-08-23T21:09:25Z,3.441,11502.1,0.000,0.0,0.000,0.0,0.439,505.9,0.358,119.1,5.45,20.90,0.00,0.00,16.93
2026-08-23T21:09:26Z,3.845,11513.0,0.000,0.0,0.000,0.0,0.449,505.4,0.372,119.2,4.98,28.83,0.00,0.00,16.62
2026-08-23T21:09:27Z,3.757,11483.0,0.000,0.0,0.000,0.0,0.433,505.4,0.362,119.2,4.18,24.70,0.00,0.00,16.62
2026-08-23T21:09:29Z,3.513,11503.7,0.000,0.0,0.000,0.0,0.422,505.6,0.344,119.1,4.05,25.92,0.00,0.00,16.62
2026-08-23T21:09:30Z,4.809,11491.8,0.000,0.0,0.000,0.0,0.442,505.4,0.371,119.2,91.00,21.92,0.00,0.00,16.62
2026-08-23T21:09:31Z,4.572,11490.6,0.000,0.0,0.000,0.0,0.453,505.4,0.373,119.2,97.58,18.30,0.00,0.00,16.62
2026-08-23T21:09:32Z,4.783,11467.0,0.000,0.0,0.000,0.0,0.426,505.4,0.346,119.2,18.88,15.52,0.00,0.00,17.37
2026-08-23T21:09:33Z,4.882,11474.7,0.000,0.0,0.000,0.0,0.430,505.5,0.350,119.2,4.56,15.39,0.00,0.00,17.37
2026-08-23T21:09:34Z,5.172,11487.1,0.000,0.0,0.000,0.0,0.434,505.4,0.359,119.3,4.72,15.72,0.00,0.00,17.37
2026-08-23T21:09:35Z,5.073,11460.4,0.000,0.0,0.000,0.0,0.441,505.7,0.381,119.2,4.17,13.93,0.00,0.00,17.37
2026-08-23T21:09:36Z,5.010,11471.4,0.000,0.0,0.000,0.0,0.448,505.7,0.372,119.5,4.65,22.88,0.00,0.00,17.58
2026-08-23T21:09:37Z,5.185,11482.2,0.000,0.0,0.000,0.0,0.460,505.4,0.372,119.2,4.38,18.72,0.00,0.00,17.58
2026-08-23T21:09:38Z,5.082,11458.4,0.000,0.0,0.000,0.0,0.436,505.4,0.352,119.2,4.35,20.41,0.00,0.00,17.58
2026-08-23T21:09:39Z,5.662,11437.1,0.000,0.0,0.000,0.0,0.407,505.4,0.340,119.2,5.56,16.16,0.00,0.00,17.58
2026-08-23T21:09:40Z,4.935,11409.8,0.000,0.0,0.000,0.0,0.469,505.4,0.391,119.2,4.91,17.32,0.00,0.00,17.58
2026-08-23T21:09:42Z,3.351,11420.4,0.000,0.0,0.000,0.0,0.429,505.3,0.351,119.4,4.89,27.57,0.00,0.00,17.21
2026-08-23T21:09:43Z,3.410,11431.1,0.000,0.0,0.000,0.0,0.436,505.6,0.358,119.2,4.84,25.56,0.00,0.00,17.21
2026-08-23T21:09:44Z,3.453,11440.2,0.000,0.0,0.000,0.0,0.443,505.3,0.357,119.2,3.99,26.28,0.00,0.00,17.21
2026-08-23T21:09:45Z,3.398,11450.2,0.000,0.0,0.000,0.0,0.441,505.4,0.355,119.2,4.35,25.40,0.00,0.00,17.21
2026-08-23T21:09:46Z,3.435,11460.6,0.000,0.0,0.000,0.0,0.433,505.4,0.354,119.4,4.77,34.83,0.00,0.00,17.21
2026-08-23T21:09:47Z,3.668,11470.4,0.000,0.0,0.000,0.0,0.426,505.8,0.357,119.4,4.72,32.66,0.00,0.00,16.64
2026-08-23T21:09:48Z,3.391,11480.4,0.000,0.0,0.000,0.0,0.435,505.4,0.355,119.2,4.24,24.73,0.00,0.00,16.64
2026-08-23T21:09:49Z,4.574,11459.0,0.000,0.0,0.000,0.0,0.422,505.3,0.345,119.2,2.48,20.53,0.00,0.00,16.64
2026-08-23T21:09:50Z,4.044,11459.3,0.000,0.0,0.000,0.0,0.457,505.6,0.377,119.1,2.25,21.54,0.00,0.00,16.64
2026-08-23T21:09:51Z,3.570,11468.3,0.000,0.0,0.000,0.0,0.426,505.4,0.351,119.1,2.53,24.67,0.00,0.00,15.62
2026-08-23T21:09:52Z,3.752,11438.8,0.000,0.0,0.000,0.0,0.430,505.3,0.349,119.2,2.62,24.53,0.00,0.00,15.62
2026-08-23T21:09:53Z,3.427,11447.2,0.000,0.0,0.000,0.0,0.441,505.9,0.357,119.2,2.41,25.84,0.00,0.00,15.62
2026-08-23T21:09:55Z,3.444,11455.6,0.000,0.0,0.000,0.0,0.434,505.8,0.353,119.1,2.32,24.43,0.00,0.00,15.62
2026-08-23T21:09:56Z,3.349,11466.1,0.000,0.0,0.000,0.0,0.424,505.3,0.348,119.1,5.58,26.67,0.00,0.00,15.62
2026-08-23T21:09:57Z,3.345,11478.7,0.000,0.0,0.000,0.0,0.428,505.4,0.349,119.2,4.83,31.73,0.00,0.00,15.17
2026-08-23T21:09:58Z,3.328,11451.0,0.000,0.0,0.000,0.0,0.424,505.3,0.349,119.1,2.88,25.23,0.00,0.00,15.17
2026-08-23T21:09:59Z,4.087,11470.6,0.000,0.0,0.000,0.0,0.435,505.7,0.354,119.2,3.01,23.40,0.00,0.00,15.17
2026-08-23T21:10:00Z,4.357,11436.4,0.000,0.0,0.000,0.0,0.435,505.3,0.358,119.1,4.22,20.32,0.00,0.00,15.17
2026-08-23T21:10:01Z,3.377,11447.8,0.000,0.0,0.000,0.0,0.437,505.3,0.357,119.2,4.15,25.28,0.00,0.00,15.00
2026-08-23T21:10:02Z,3.595,11457.2,0.000,0.0,0.000,0.0,0.459,505.4,0.380,119.1,2.48,23.86,0.00,0.00,15.00
2026-08-23T21:10:03Z,3.393,11468.0,0.000,0.0,0.000,0.0,0.433,505.6,0.356,119.1,4.47,22.61,0.00,0.00,15.00
2026-08-23T21:10:04Z,3.347,11443.2,0.000,0.0,0.000,0.0,0.428,505.4,0.357,119.2,4.32,26.70,0.00,0.00,15.00
2026-08-23T21:10:05Z,3.402,11453.9,0.000,0.0,0.000,0.0,0.428,505.6,0.349,119.1,4.42,25.47,0.00,0.00,15.00
2026-08-23T21:10:06Z,3.405,11465.5,0.000,0.0,0.000,0.0,0.431,505.3,0.357,119.1,4.34,32.50,0.00,0.00,15.24
2026-08-23T21:10:07Z,3.379,11440.9,0.000,0.0,0.000,0.0,0.439,505.6,0.363,119.2,5.24,25.15,0.00,0.00,15.24
2026-08-23T21:10:09Z,3.623,11428.8,0.000,0.0,0.000,0.0,0.432,505.6,0.356,119.1,5.07,25.09,0.00,0.00,15.24
2026-08-23T21:10:10Z,4.749,11425.0,0.000,0.0,0.000,0.0,0.443,505.4,0.360,119.2,4.06,17.17,0.00,0.00,15.24
2026-08-23T21:10:11Z,3.472,11436.7,0.000,0.0,0.000,0.0,0.428,505.6,0.355,119.1,3.91,25.68,0.00,0.00,15.24
2026-08-23T21:10:12Z,3.329,11448.4,0.000,0.0,0.000,0.0,0.439,505.6,0.353,119.4,4.59,25.96,0.00,0.00,14.82
2026-08-23T21:10:13Z,3.485,11430.9,0.000,0.0,0.000,0.0,0.434,505.6,0.352,119.2,10.01,26.92,0.00,0.00,14.82
2026-08-23T21:10:14Z,3.393,11443.6,0.000,0.0,0.000,0.0,0.429,505.3,0.355,119.1,5.86,26.04,0.00,0.00,14.82
2026-08-23T21:10:15Z,3.411,11420.8,0.000,0.0,0.000,0.0,0.431,505.4,0.358,119.1,5.74,24.62,0.00,0.00,14.82
2026-08-23T21:10:16Z,3.555,11433.5,0.000,0.0,0.000,0.0,0.443,505.3,0.364,119.1,5.80,32.63,0.00,0.00,14.83
2026-08-23T21:10:17Z,3.590,11444.9,0.000,0.0,0.000,0.0,0.436,505.4,0.356,119.1,4.82,31.42,0.00,0.00,14.83
2026-08-23T21:10:18Z,3.416,11423.3,0.000,0.0,0.000,0.0,0.428,505.6,0.361,119.1,5.37,25.88,0.00,0.00,14.83
2026-08-23T21:10:19Z,4.933,11435.1,0.000,0.0,0.000,0.0,0.415,505.4,0.355,119.2,5.50,19.20,0.00,0.00,14.83
2026-08-23T21:10:20Z,5.073,11407.6,0.000,0.0,0.000,0.0,0.429,505.4,0.370,119.4,6.51,17.36,0.00,0.00,14.83
2026-08-23T21:10:22Z,5.153,11421.4,0.000,0.0,0.000,0.0,0.428,505.3,0.348,119.1,5.70,18.03,0.00,0.00,15.09
2026-08-23T21:10:23Z,5.132,11398.0,0.000,0.0,0.000,0.0,0.436,505.6,0.356,119.2,5.47,19.16,0.00,0.00,15.09
2026-08-23T21:10:24Z,5.277,11409.1,0.000,0.0,0.000,0.0,0.440,505.6,0.354,119.2,5.55,17.97,0.00,0.00,15.09
2026-08-23T21:10:25Z,5.212,11418.9,0.000,0.0,0.000,0.0,0.438,505.6,0.352,119.2,4.08,18.30,0.00,0.00,15.09
2026-08-23T21:10:26Z,5.283,11430.1,0.000,0.0,0.000,0.0,0.447,505.6,0.374,119.2,3.81,17.92,0.00,0.00,16.12
2026-08-23T21:10:27Z,4.937,11373.4,0.000,0.0,0.000,0.0,0.447,505.9,0.368,119.2,4.29,24.52,0.00,0.00,16.12
2026-08-23T21:10:28Z,4.262,11382.8,0.000,0.0,0.000,0.0,0.444,505.4,0.360,119.2,4.35,21.93,0.00,0.00,16.12
2026-08-23T21:10:29Z,5.050,11407.8,0.000,0.0,0.000,0.0,0.419,505.7,0.338,119.5,4.24,17.81,0.00,0.00,16.12
2026-08-23T21:10:30Z,4.718,11397.3,0.000,0.0,0.000,0.0,0.454,505.9,0.385,119.2,4.08,19.94,0.00,0.00,16.12
2026-08-23T21:10:31Z,4.422,11407.9,0.000,0.0,0.000,0.0,0.447,505.4,0.361,119.2,4.87,22.62,0.00,0.00,16.43
2026-08-23T21:10:32Z,3.370,11415.0,0.000,0.0,0.000,0.0,0.430,505.6,0.354,119.2,3.66,25.38,0.00,0.00,16.43
2026-08-23T21:10:33Z,3.447,11422.1,0.000,0.0,0.000,0.0,0.444,505.6,0.367,119.2,3.63,24.82,0.00,0.00,16.43
2026-08-23T21:10:35Z,3.433,11392.1,0.000,0.0,0.000,0.0,0.435,505.4,0.359,119.2,3.59,23.77,0.00,0.00,16.43
2026-08-23T21:10:36Z,3.322,11399.7,0.000,0.0,0.000,0.0,0.436,505.9,0.360,119.2,4.24,25.80,0.00,0.00,16.43
2026-08-23T21:10:37Z,3.440,11408.8,0.000,0.0,0.000,0.0,0.434,505.4,0.353,119.1,3.94,24.99,0.00,0.00,15.84
2026-08-23T21:10:38Z,3.301,11415.0,0.000,0.0,0.000,0.0,0.425,505.4,0.350,119.2,3.97,32.34,0.00,0.00,15.84
2026-08-23T21:10:39Z,4.222,11396.4,0.000,0.0,0.000,0.0,0.433,505.4,0.354,119.2,4.43,24.84,0.00,0.00,15.84
2026-08-23T21:10:40Z,4.413,11393.7,0.000,0.0,0.000,0.0,0.451,505.3,0.370,119.2,4.22,20.52,0.00,0.00,15.84
2026-08-23T21:10:41Z,4.819,11398.3,0.000,0.0,0.000,0.0,0.419,505.6,0.354,119.2,4.00,19.56,0.00,0.00,16.17
2026-08-23T21:10:42Z,5.146,11406.3,0.000,0.0,0.000,0.0,0.428,505.4,0.350,119.2,4.16,19.97,0.00,0.00,16.17
2026-08-23T21:10:43Z,5.120,11377.8,0.000,0.0,0.000,0.0,0.429,505.4,0.351,119.2,3.64,19.60,0.00,0.00,16.17
2026-08-23T21:10:44Z,5.260,11386.0,0.000,0.0,0.000,0.0,0.441,505.3,0.359,119.2,3.86,19.16,0.00,0.00,16.17
2026-08-23T21:10:45Z,5.145,11393.1,0.000,0.0,0.000,0.0,0.427,505.4,0.354,119.1,3.60,19.93,0.00,0.00,16.17
2026-08-23T21:10:46Z,5.263,11400.3,0.000,0.0,0.000,0.0,0.419,505.4,0.342,119.2,3.94,26.99,0.00,0.00,16.64
2026-08-23T21:10:48Z,4.097,11375.8,0.000,0.0,0.000,0.0,0.441,505.3,0.349,119.3,4.03,29.59,0.00,0.00,16.64
2026-08-23T21:10:49Z,3.799,11396.3,0.000,0.0,0.000,0.0,0.437,505.9,0.350,119.4,3.82,25.15,0.00,0.00,16.64
2026-08-23T21:10:50Z,4.802,11391.1,0.000,0.0,0.000,0.0,0.439,505.3,0.371,119.2,4.64,18.80,0.00,0.00,16.64
2026-08-23T21:10:51Z,3.635,11401.8,0.000,0.0,0.000,0.0,0.433,505.3,0.357,119.2,4.45,24.95,0.00,0.00,16.64
2026-08-23T21:10:52Z,3.699,11374.3,0.000,0.0,0.000,0.0,0.442,505.6,0.356,119.2,5.29,24.08,0.00,0.00,15.79
2026-08-23T21:10:53Z,3.568,11383.1,0.000,0.0,0.000,0.0,0.430,505.6,0.359,119.2,4.68,25.18,0.00,0.00,15.79
2026-08-23T21:10:54Z,3.524,11354.9,0.000,0.0,0.000,0.0,0.449,505.4,0.362,119.2,4.06,24.83,0.00,0.00,15.79
2026-08-23T21:10:55Z,3.419,11362.8,0.000,0.0,0.000,0.0,0.433,505.3,0.357,119.1,4.41,24.82,0.00,0.00,15.79
2026-08-23T21:10:56Z,3.319,11335.1,0.000,0.0,0.000,0.0,0.426,505.6,0.356,119.1,4.26,27.48,0.00,0.00,14.92
2026-08-23T21:10:57Z,3.369,11343.6,0.000,0.0,0.000,0.0,0.425,505.6,0.356,119.2,4.20,26.44,0.00,0.00,14.92
2026-08-23T21:10:58Z,3.365,11353.4,0.000,0.0,0.000,0.0,0.428,505.6,0.348,119.1,3.97,32.70,0.00,0.00,14.92
2026-08-23T21:10:59Z,4.893,11321.8,0.000,0.0,0.000,0.0,0.431,505.4,0.366,119.2,5.72,17.61,0.00,0.00,14.92
2026-08-23T21:11:00Z,3.576,11333.0,0.000,0.0,0.000,0.0,0.441,505.6,0.362,119.1,5.51,21.69,0.00,0.00,14.92
2026-08-23T21:11:02Z,3.536,11342.0,0.000,0.0,0.000,0.0,0.456,505.9,0.377,119.1,4.78,22.91,0.00,0.00,14.05
2026-08-23T21:11:03Z,3.455,11350.4,0.000,0.0,0.000,0.0,0.447,505.6,0.364,119.1,4.67,25.72,0.00,0.00,14.05
2026-08-23T21:11:04Z,3.451,11323.2,0.000,0.0,0.000,0.0,0.436,505.3,0.354,119.1,4.94,26.47,0.00,0.00,14.05
2026-08-23T21:11:05Z,3.474,11330.9,0.000,0.0,0.000,0.0,0.441,505.6,0.368,119.1,3.86,25.51,0.00,0.00,14.05
2026-08-23T21:11:06Z,3.546,11339.5,0.000,0.0,0.000,0.0,0.456,505.3,0.371,119.4,4.08,24.97,0.00,0.00,13.72
2026-08-23T21:11:07Z,3.437,11346.9,0.000,0.0,0.000,0.0,0.447,505.3,0.362,119.1,4.07,23.05,0.00,0.00,13.72
2026-08-23T21:11:08Z,3.414,11319.6,0.000,0.0,0.000,0.0,0.438,505.6,0.360,119.1,4.04,32.87,0.00,0.00,13.72
2026-08-23T21:11:09Z,4.707,11334.5,0.000,0.0,0.000,0.0,0.432,505.4,0.352,119.2,3.80,19.59,0.00,0.00,13.72
2026-08-23T21:11:10Z,3.765,11335.2,0.000,0.0,0.000,0.0,0.447,505.4,0.363,119.2,3.52,24.24,0.00,0.00,13.72
2026-08-23T21:11:11Z,3.415,11307.6,0.000,0.0,0.000,0.0,0.433,505.3,0.353,119.1,3.73,25.91,0.00,0.00,12.86
2026-08-23T21:11:12Z,3.372,11314.8,0.000,0.0,0.000,0.0,0.440,505.3,0.359,119.1,3.79,25.73,0.00,0.00,12.86
2026-08-23T21:11:13Z,3.483,11323.1,0.000,0.0,0.000,0.0,0.446,505.9,0.362,119.6,4.13,24.57,0.00,0.00,12.86
2026-08-23T21:11:15Z,3.346,11330.3,0.000,0.0,0.000,0.0,0.435,505.6,0.350,119.1,3.18,25.74,0.00,0.00,12.86
2026-08-23T21:11:16Z,3.337,11338.3,0.000,0.0,0.000,0.0,0.430,505.4,0.355,119.4,4.06,26.08,0.00,0.00,12.86
2026-08-23T21:11:17Z,3.551,11310.8,0.000,0.0,0.000,0.0,0.425,505.3,0.348,119.1,4.19,24.46,0.00,0.00,12.39
2026-08-23T21:11:18Z,3.420,11318.6,0.000,0.0,0.000,0.0,0.421,505.9,0.350,119.1,3.92,34.99,0.00,0.00,12.39
2026-08-23T21:11:19Z,4.254,11305.9,0.000,0.0,0.000,0.0,0.423,505.4,0.344,119.5,3.30,27.85,0.00,0.00,12.39
2026-08-23T21:11:20Z,4.276,11297.0,0.000,0.0,0.000,0.0,0.442,505.6,0.368,119.1,3.72,20.78,0.01,0.01,12.39
2026-08-23T21:11:21Z,3.571,11305.7,0.000,0.0,0.000,0.0,0.426,505.4,0.354,119.2,4.13,25.03,0.00,0.00,11.40
2026-08-23T21:11:22Z,3.747,11314.5,0.000,0.0,0.000,0.0,0.429,505.3,0.358,119.1,3.98,25.15,0.00,0.00,11.40
2026-08-23T21:11:23Z,3.491,11322.8,0.000,0.0,0.000,0.0,0.438,505.3,0.369,119.2,4.47,25.27,0.00,0.00,11.40
2026-08-23T21:11:24Z,3.494,11331.7,0.000,0.0,0.000,0.0,0.437,505.6,0.357,119.2,4.63,25.46,0.00,0.00,11.40
2026-08-23T21:11:25Z,4.108,11319.5,0.000,0.0,0.000,0.0,0.430,505.6,0.349,119.4,5.25,40.06,0.00,0.00,11.40
2026-08-23T21:11:26Z,4.928,11334.5,0.000,0.0,0.000,0.0,0.458,505.8,0.372,119.2,10.67,38.60,0.00,0.00,11.85
2026-08-23T21:11:28Z,4.964,11323.8,0.000,0.0,0.000,0.0,0.437,505.5,0.358,119.2,5.85,43.87,0.00,0.01,11.85
2026-08-23T21:11:29Z,4.960,11324.3,0.000,0.0,0.000,0.0,0.432,505.8,0.358,119.2,5.38,37.82,0.00,0.00,11.85
2026-08-23T21:11:30Z,5.221,11297.1,0.000,0.0,0.000,0.0,0.414,505.6,0.348,119.3,5.21,29.86,0.00,0.00,11.85
2026-08-23T21:11:31Z,4.331,11301.9,0.000,0.0,0.000,0.0,0.456,505.6,0.383,119.2,5.74,28.65,0.00,0.00,11.85
2026-08-23T21:11:32Z,3.971,11319.8,0.000,0.0,0.000,0.0,0.444,505.6,0.365,119.3,5.44,31.72,0.00,0.00,11.14
2026-08-23T21:11:33Z,3.884,11316.0,0.000,0.0,0.000,0.0,0.435,505.6,0.359,119.2,5.91,31.13,0.00,0.00,11.14
2026-08-23T21:11:34Z,3.818,11303.4,0.000,0.0,0.000,0.0,0.442,505.6,0.361,119.2,4.89,32.15,0.00,0.00,11.14
2026-08-23T21:11:35Z,3.837,11324.3,0.000,0.0,0.000,0.0,0.436,505.5,0.355,119.1,4.79,31.43,0.00,0.00,11.14
2026-08-23T21:11:36Z,3.714,11309.7,0.000,0.0,0.000,0.0,0.431,505.6,0.357,119.2,5.29,30.22,0.00,0.00,10.97
2026-08-23T21:11:37Z,3.758,11295.3,0.000,0.0,0.000,0.0,0.436,505.6,0.359,119.2,5.27,38.05,0.00,0.00,10.97
2026-08-23T21:11:38Z,3.813,11321.2,0.000,0.0,0.000,0.0,0.431,505.8,0.363,119.2,6.78,32.86,0.00,0.00,10.97
2026-08-23T21:11:39Z,5.001,11289.4,0.000,0.0,0.000,0.0,0.448,505.5,0.365,119.3,5.55,26.04,0.00,0.00,10.97
2026-08-23T21:11:41Z,4.260,11291.5,0.000,0.0,0.000,0.0,0.449,505.5,0.367,119.2,5.57,28.18,0.00,0.00,10.97
2026-08-23T21:11:42Z,3.759,11313.0,0.000,0.0,0.000,0.0,0.441,505.4,0.365,119.2,5.31,31.42,0.00,0.00,10.49
2026-08-23T21:11:43Z,3.804,11298.8,0.000,0.0,0.000,0.0,0.446,505.7,0.364,119.2,5.08,30.61,0.00,0.00,10.49
2026-08-23T21:11:44Z,3.694,11281.9,0.000,0.0,0.000,0.0,0.435,506.0,0.355,119.2,3.68,28.59,0.00,0.00,10.49
2026-08-23T21:11:45Z,3.731,11300.3,0.000,0.0,0.000,0.0,0.432,505.8,0.363,119.2,3.37,25.06,0.00,0.00,10.49
2026-08-23T21:11:46Z,3.737,11284.8,0.000,0.0,0.000,0.0,0.434,505.4,0.362,119.1,4.04,29.99,0.00,0.00,10.69
2026-08-23T21:11:47Z,4.008,11270.8,0.000,0.0,0.000,0.0,0.431,505.5,0.354,119.2,3.57,29.27,0.00,0.00,10.69
2026-08-23T21:11:48Z,5.198,11283.8,0.000,0.0,0.000,0.0,0.421,505.5,0.349,119.2,3.64,31.44,0.00,0.00,10.69
2026-08-23T21:11:49Z,5.628,11276.6,0.000,0.0,0.000,0.0,0.424,506.1,0.345,119.8,3.30,22.63,0.00,0.00,10.69
2026-08-23T21:11:50Z,5.483,11285.4,0.000,0.0,0.000,0.0,0.422,505.7,0.336,119.7,3.01,20.83,0.00,0.00,10.69
2026-08-23T21:11:51Z,5.372,11270.8,0.000,0.0,0.000,0.0,0.421,505.9,0.345,119.4,3.08,21.56,0.00,0.00,12.56
2026-08-23T21:11:52Z,5.316,11288.2,0.000,0.0,0.000,0.0,0.426,506.1,0.359,119.3,2.76,20.93,0.00,0.00,12.56
2026-08-23T21:11:54Z,5.305,11273.3,0.000,0.0,0.000,0.0,0.447,505.7,0.372,119.4,3.20,20.78,0.00,0.00,12.56
2026-08-23T21:11:55Z,5.157,11290.8,0.000,0.0,0.000,0.0,0.437,505.6,0.369,119.3,3.33,21.59,0.00,0.00,12.56
2026-08-23T21:11:56Z,4.106,11278.4,0.000,0.0,0.000,0.0,0.438,505.8,0.360,119.2,3.43,27.09,0.00,0.00,12.56
2026-08-23T21:11:57Z,3.660,11295.6,0.000,0.0,0.000,0.0,0.431,505.6,0.354,119.3,3.40,30.75,0.00,0.00,12.11
2026-08-23T21:11:58Z,3.975,11282.6,0.000,0.0,0.000,0.0,0.441,505.6,0.362,119.3,3.73,44.84,0.00,0.00,12.11
2026-08-23T21:11:59Z,4.994,11275.9,0.000,0.0,0.000,0.0,0.408,506.0,0.343,119.4,55.05,31.75,0.00,0.00,12.11
2026-08-23T21:12:00Z,5.070,11299.7,0.000,0.0,0.000,0.0,0.452,505.8,0.382,119.3,105.39,23.27,0.00,0.00,12.11
2026-08-23T21:12:01Z,4.684,11298.7,0.000,0.0,0.000,0.0,0.429,505.5,0.352,119.2,282.34,53.77,0.01,0.01,12.83
2026-08-23T21:12:02Z,4.458,11280.9,0.000,0.0,0.000,0.0,0.428,505.5,0.349,119.3,253.34,151.93,0.00,0.00,12.83
2026-08-23T21:12:03Z,2.891,11249.3,0.000,0.0,0.000,0.0,0.344,506.6,0.270,120.0,230.13,436.79,0.00,0.00,12.83
2026-08-23T21:12:04Z,4.569,11279.1,0.000,0.0,0.000,0.0,0.456,506.0,0.388,119.9,287.74,33.90,0.00,0.00,12.83
2026-08-23T21:12:05Z,4.627,11271.3,0.000,0.0,0.000,0.0,0.474,506.0,0.393,119.9,229.54,21.04,0.00,0.00,12.83
2026-08-23T21:12:07Z,4.402,11281.5,0.000,0.0,0.000,0.0,0.442,506.2,0.373,120.0,222.21,61.92,0.00,0.00,13.32
2026-08-23T21:12:08Z,4.100,11277.0,0.000,0.0,0.000,0.0,0.474,506.0,0.380,120.0,262.21,141.70,0.00,0.00,13.32
2026-08-23T21:12:09Z,3.241,11255.9,0.000,0.0,0.000,0.0,0.336,506.1,0.257,119.9,202.50,387.10,0.00,0.00,13.32
2026-08-23T21:12:10Z,5.209,11273.0,0.000,0.0,0.000,0.0,0.442,506.1,0.390,119.9,181.37,22.55,0.00,0.00,13.32
2026-08-23T21:12:11Z,4.832,11270.2,0.000,0.0,0.000,0.0,0.472,506.0,0.398,119.8,219.53,24.09,0.00,0.00,13.94
2026-08-23T21:12:12Z,4.699,11273.6,0.000,0.0,0.000,0.0,0.431,506.0,0.349,119.9,282.86,73.85,0.00,0.00,13.94
2026-08-23T21:12:13Z,4.504,11264.5,0.000,0.0,0.000,0.0,0.455,506.1,0.370,119.9,232.77,122.76,0.00,0.00,13.94
2026-08-23T21:12:14Z,3.473,11258.8,0.000,0.0,0.000,0.0,0.372,506.1,0.305,119.9,184.99,379.15,0.00,0.00,13.94
2026-08-23T21:12:15Z,4.745,11266.8,0.000,0.0,0.000,0.0,0.467,506.1,0.390,119.8,236.81,19.74,0.00,0.00,13.94
2026-08-23T21:12:16Z,4.776,11266.1,0.000,0.0,0.000,0.0,0.461,506.0,0.394,119.7,205.23,21.65,0.00,0.00,13.62
2026-08-23T21:12:17Z,4.623,11266.2,0.000,0.0,0.000,0.0,0.446,506.2,0.357,119.7,213.74,16.96,0.00,0.00,13.62
2026-08-23T21:12:19Z,4.244,11276.6,0.000,0.0,0.000,0.0,0.456,506.1,0.366,120.0,205.86,119.73,0.00,0.00,13.62
2026-08-23T21:12:20Z,4.571,11233.1,0.000,0.0,0.000,0.0,0.401,506.1,0.308,119.7,123.90,368.82,0.00,0.00,13.62
2026-08-23T21:12:21Z,4.981,11247.3,0.000,0.0,0.000,0.0,0.481,506.1,0.419,119.8,162.03,20.21,0.00,0.00,13.62
2026-08-23T21:12:22Z,4.768,11258.9,0.000,0.0,0.000,0.0,0.452,506.3,0.360,119.7,261.20,24.04,0.00,0.00,13.25
2026-08-23T21:12:23Z,4.875,11262.2,0.000,0.0,0.000,0.0,0.441,506.1,0.360,119.7,194.99,24.63,0.00,0.00,13.25
2026-08-23T21:12:24Z,4.468,11256.3,0.000,0.0,0.000,0.0,0.417,506.1,0.347,119.7,210.02,150.65,0.00,0.00,13.25
2026-08-23T21:12:25Z,3.805,11256.1,0.000,0.0,0.000,0.0,0.431,506.2,0.362,119.7,187.79,348.39,0.00,0.00,13.25
2026-08-23T21:12:26Z,4.821,11250.4,0.000,0.0,0.000,0.0,0.467,506.3,0.386,119.9,214.04,24.34,0.00,0.00,13.47
2026-08-23T21:12:27Z,4.975,11255.6,0.000,0.0,0.000,0.0,0.448,506.1,0.366,119.7,204.00,25.45,0.00,0.00,13.47
2026-08-23T21:12:28Z,5.291,11255.7,0.000,0.0,0.000,0.0,0.431,506.1,0.358,119.9,125.12,24.28,0.00,0.00,13.47
2026-08-23T21:12:29Z,5.719,11227.3,0.000,0.0,0.000,0.0,0.394,506.5,0.327,119.7,93.70,69.20,0.00,0.00,13.47
2026-08-23T21:12:31Z,5.474,11240.5,0.000,0.0,0.000,0.0,0.395,506.2,0.323,119.5,82.20,219.10,0.00,0.00,13.47
2026-08-23T21:12:32Z,5.371,11217.0,0.000,0.0,0.000,0.0,0.447,506.2,0.366,119.6,98.74,98.25,0.00,0.00,15.03
2026-08-23T21:12:33Z,5.431,11226.9,0.000,0.0,0.000,0.0,0.443,506.1,0.363,119.6,102.72,19.47,0.00,0.00,15.03
2026-08-23T21:12:34Z,5.522,11242.1,0.000,0.0,0.000,0.0,0.443,506.2,0.366,119.5,99.48,24.23,0.00,0.00,15.03
2026-08-23T21:12:35Z,5.514,11242.1,0.000,0.0,0.000,0.0,0.438,506.1,0.351,119.6,24.08,19.43,0.00,0.00,15.03
2026-08-23T21:12:36Z,5.517,11235.2,0.000,0.0,0.000,0.0,0.419,506.1,0.359,119.5,4.44,21.33,0.00,0.00,15.27
2026-08-23T21:12:37Z,5.465,11228.3,0.000,0.0,0.000,0.0,0.416,506.2,0.349,119.5,35.24,73.66,0.00,0.00,15.27
2026-08-23T21:12:38Z,5.342,11236.2,0.000,0.0,0.000,0.0,0.417,506.1,0.350,119.5,128.37,46.79,0.00,0.00,15.27
2026-08-23T21:12:39Z,5.463,11215.4,0.000,0.0,0.000,0.0,0.438,506.2,0.352,119.6,99.32,22.49,0.00,0.00,15.27
2026-08-23T21:12:40Z,5.157,11234.5,0.000,0.0,0.000,0.0,0.464,506.0,0.388,119.3,166.58,19.47,0.00,0.00,15.27
2026-08-23T21:12:41Z,4.596,11219.5,0.000,0.0,0.000,0.0,0.444,506.6,0.366,119.4,211.83,28.21,0.00,0.00,14.93
2026-08-23T21:12:43Z,4.619,11249.2,0.000,0.0,0.000,0.0,0.443,506.3,0.363,119.4,226.56,25.96,0.00,0.00,14.93
2026-08-23T21:12:44Z,3.678,11229.8,0.000,0.0,0.000,0.0,0.411,506.5,0.334,119.6,147.12,324.64,0.00,0.00,14.93
2026-08-23T21:12:45Z,4.739,11231.7,0.000,0.0,0.000,0.0,0.480,506.2,0.404,119.5,172.43,22.30,0.00,0.00,14.93
2026-08-23T21:12:46Z,4.419,11221.5,0.000,0.0,0.000,0.0,0.437,506.4,0.363,119.5,190.71,26.62,0.00,0.00,14.93
2026-08-23T21:12:47Z,4.664,11233.1,0.000,0.0,0.000,0.0,0.444,506.4,0.370,119.5,179.56,25.67,0.00,0.00,14.53
2026-08-23T21:12:48Z,4.653,11222.3,0.000,0.0,0.000,0.0,0.434,506.3,0.359,119.4,214.27,25.55,0.00,0.00,14.53
2026-08-23T21:12:49Z,5.230,11211.9,0.000,0.0,0.000,0.0,0.424,506.2,0.355,119.6,142.36,26.45,0.00,0.00,14.53
2026-08-23T21:12:50Z,4.965,11214.5,0.000,0.0,0.000,0.0,0.453,506.3,0.376,119.3,150.81,24.53,0.00,0.00,14.53
2026-08-23T21:12:51Z,4.472,11225.1,0.000,0.0,0.000,0.0,0.429,506.4,0.356,119.4,179.73,23.74,0.00,0.00,13.69
2026-08-23T21:12:52Z,4.975,11200.5,0.000,0.0,0.000,0.0,0.415,506.4,0.352,119.4,232.55,21.91,0.00,0.00,13.69
2026-08-23T21:12:53Z,4.725,11227.7,0.000,0.0,0.000,0.0,0.441,505.9,0.367,119.4,221.48,24.42,0.00,0.00,13.69
2026-08-23T21:12:54Z,4.566,11232.2,0.000,0.0,0.000,0.0,0.453,505.8,0.375,119.4,172.02,26.23,0.00,0.00,13.69
2026-08-23T21:12:56Z,4.961,11204.8,0.000,0.0,0.000,0.0,0.449,505.8,0.366,119.3,139.63,23.00,0.00,0.00,13.69
2026-08-23T21:12:57Z,5.427,11198.4,0.000,0.0,0.000,0.0,0.434,505.9,0.354,119.4,151.55,20.47,0.00,0.00,14.12
2026-08-23T21:12:58Z,5.429,10810.8,0.000,0.0,0.000,0.0,0.420,506.4,0.350,119.3,152.41,19.18,0.00,0.00,14.12
2026-08-23T21:12:59Z,4.879,10837.3,0.000,0.0,0.000,0.0,0.440,505.9,0.362,119.3,5.90,23.11,0.00,0.00,14.12
2026-08-23T21:13:00Z,5.556,10873.1,0.000,0.0,0.000,0.0,0.423,506.2,0.347,119.4,11.29,30.59,0.00,0.00,14.12
2026-08-23T21:13:01Z,5.407,10874.3,0.000,0.0,0.000,0.0,0.438,506.2,0.369,119.6,3.92,20.64,0.00,0.00,14.19
2026-08-23T21:13:02Z,5.298,10892.1,0.000,0.0,0.000,0.0,0.448,506.0,0.367,119.4,4.38,22.22,0.00,0.00,14.19
2026-08-23T21:13:03Z,5.192,10907.3,0.000,0.0,0.000,0.0,0.439,505.9,0.362,119.8,3.74,22.93,0.00,0.00,14.19
2026-08-23T21:13:04Z,4.754,10891.2,0.000,0.0,0.000,0.0,0.453,505.9,0.371,119.4,4.46,24.14,0.00,0.00,14.19
2026-08-23T21:13:05Z,3.568,10908.4,0.000,0.0,0.000,0.0,0.424,505.9,0.356,119.3,4.31,30.68,0.00,0.00,14.19
2026-08-23T21:13:06Z,3.624,10925.4,0.000,0.0,0.000,0.0,0.448,505.9,0.370,119.3,4.41,29.31,0.00,0.00,13.53
2026-08-23T21:13:07Z,3.602,10942.4,0.000,0.0,0.000,0.0,0.437,506.1,0.362,119.3,4.23,31.19,0.00,0.00,13.53
2026-08-23T21:13:09Z,3.739,10966.3,0.000,0.0,0.000,0.0,0.445,505.9,0.360,119.3,3.73,30.48,0.00,0.00,13.53
2026-08-23T21:13:10Z,5.014,10973.4,0.000,0.0,0.000,0.0,0.439,506.0,0.366,119.3,2.82,38.93,0.00,0.00,13.53
2026-08-23T21:13:11Z,3.724,10990.2,0.000,0.0,0.000,0.0,0.441,505.7,0.362,119.2,2.41,28.81,0.00,0.00,13.53
2026-08-23T21:13:12Z,3.559,11006.0,0.000,0.0,0.000,0.0,0.446,505.7,0.359,119.3,3.30,31.10,0.00,0.00,13.17
2026-08-23T21:13:13Z,3.593,11022.3,0.000,0.0,0.000,0.0,0.436,505.7,0.360,119.3,3.46,30.89,0.00,0.00,13.17
2026-08-23T21:13:14Z,3.611,11037.6,0.000,0.0,0.000,0.0,0.440,506.0,0.364,119.2,3.37,29.58,0.00,0.00,13.17
2026-08-23T21:13:15Z,3.593,11056.3,0.000,0.0,0.000,0.0,0.449,506.0,0.374,119.5,4.85,29.77,0.00,0.00,13.17
2026-08-23T21:13:16Z,3.583,11074.6,0.000,0.0,0.000,0.0,0.426,505.7,0.349,119.2,5.31,28.88,0.00,0.00,12.43
2026-08-23T21:13:17Z,3.774,11091.7,0.000,0.0,0.000,0.0,0.435,505.8,0.360,119.2,4.01,28.66,0.00,0.00,12.43
2026-08-23T21:13:18Z,3.587,11107.0,0.000,0.0,0.000,0.0,0.430,505.7,0.352,119.2,3.59,28.57,0.00,0.00,12.43
2026-08-23T21:13:19Z,4.992,11138.5,0.000,0.0,0.000,0.0,0.445,505.7,0.365,119.5,4.48,24.73,0.00,0.00,12.43
2026-08-23T21:13:20Z,4.140,11142.1,0.000,0.0,0.000,0.0,0.442,505.7,0.363,119.2,4.87,33.96,0.00,0.00,12.43
2026-08-23T21:13:22Z,3.670,11158.9,0.000,0.0,0.000,0.0,0.436,505.9,0.356,119.2,4.08,30.40,0.00,0.00,11.92
2026-08-23T21:13:23Z,4.109,11175.1,0.000,0.0,0.000,0.0,0.440,505.7,0.364,119.2,4.57,25.75,0.00,0.00,11.92
2026-08-23T21:13:24Z,3.683,11192.5,0.000,0.0,0.000,0.0,0.434,505.7,0.357,119.2,4.69,28.56,0.00,0.00,11.92
2026-08-23T21:13:25Z,4.148,11176.0,0.000,0.0,0.000,0.0,0.428,505.9,0.357,119.1,4.61,27.02,0.00,0.00,11.92
2026-08-23T21:13:26Z,4.503,11194.3,0.000,0.0,0.000,0.0,0.453,505.7,0.373,119.2,4.77,25.94,0.00,0.00,11.92
2026-08-23T21:13:27Z,4.957,11181.2,0.000,0.0,0.000,0.0,0.434,505.7,0.352,119.2,5.07,23.10,0.00,0.00,12.25
2026-08-23T21:13:28Z,4.008,11167.6,0.000,0.0,0.000,0.0,0.437,505.7,0.360,119.2,4.81,27.45,0.00,0.00,12.25
2026-08-23T21:13:29Z,4.620,11169.4,0.000,0.0,0.000,0.0,0.437,506.0,0.355,119.3,4.65,25.94,0.00,0.00,12.25
2026-08-23T21:13:30Z,4.236,11169.3,0.000,0.0,0.000,0.0,0.452,506.2,0.372,119.5,4.17,33.22,0.00,0.00,12.25
2026-08-23T21:13:31Z,3.573,11184.5,0.000,0.0,0.000,0.0,0.441,505.9,0.359,119.2,4.66,28.28,0.00,0.00,11.90
2026-08-23T21:13:32Z,3.535,11170.1,0.000,0.0,0.000,0.0,0.431,505.9,0.350,119.2,5.62,29.64,0.00,0.00,11.90
2026-08-23T21:13:33Z,3.488,11187.1,0.000,0.0,0.000,0.0,0.434,505.6,0.355,119.2,5.01,29.43,0.00,0.00,11.90
2026-08-23T21:13:34Z,3.605,11171.0,0.000,0.0,0.000,0.0,0.438,505.6,0.363,119.2,4.61,29.66,0.00,0.00,11.90
2026-08-23T21:13:36Z,3.529,11178.5,0.000,0.0,0.000,0.0,0.432,505.6,0.354,119.2,5.55,30.54,0.00,0.00,11.90
2026-08-23T21:13:37Z,3.763,11177.8,0.000,0.0,0.000,0.0,0.444,505.6,0.370,119.2,5.97,30.70,0.00,0.00,12.15
2026-08-23T21:13:38Z,3.527,11163.3,0.000,0.0,0.000,0.0,0.431,505.6,0.352,119.1,4.48,30.64,0.00,0.00,12.15
2026-08-23T21:13:39Z,4.078,11163.1,0.000,0.0,0.000,0.0,0.441,505.6,0.360,119.3,5.01,28.10,0.00,0.00,12.15
2026-08-23T21:13:40Z,4.596,11167.8,0.000,0.0,0.000,0.0,0.432,505.8,0.356,119.2,5.69,39.49,0.00,0.00,12.15
2026-08-23T21:13:41Z,3.571,11154.7,0.000,0.0,0.000,0.0,0.440,505.8,0.369,119.2,5.63,29.46,0.00,0.00,11.66
2026-08-23T21:13:42Z,3.566,11171.6,0.000,0.0,0.000,0.0,0.435,505.6,0.355,119.3,4.91,29.03,0.00,0.00,11.66
2026-08-23T21:13:43Z,3.585,11156.7,0.000,0.0,0.000,0.0,0.435,505.8,0.353,119.2,5.25,28.91,0.00,0.00,11.66
2026-08-23T21:13:44Z,3.490,11172.6,0.000,0.0,0.000,0.0,0.435,505.6,0.357,119.2,4.42,28.67,0.00,0.00,11.66
2026-08-23T21:13:45Z,3.539,11157.9,0.000,0.0,0.000,0.0,0.430,505.8,0.358,119.2,4.58,30.03,0.00,0.00,11.66
2026-08-23T21:13:46Z,3.749,11174.6,0.000,0.0,0.000,0.0,0.426,505.5,0.353,119.2,4.59,29.85,0.00,0.00,11.77
2026-08-23T21:13:47Z,4.081,11160.8,0.000,0.0,0.000,0.0,0.438,505.5,0.359,119.2,4.73,28.63,0.00,0.00,11.77
2026-08-23T21:13:49Z,3.846,11154.6,0.000,0.0,0.000,0.0,0.431,505.5,0.361,119.2,4.47,27.40,0.00,0.00,11.77
2026-08-23T21:13:50Z,4.972,11164.1,0.000,0.0,0.000,0.0,0.420,505.5,0.362,119.2,4.80,25.14,0.00,0.00,11.77
2026-08-23T21:13:51Z,3.900,11150.2,0.000,0.0,0.000,0.0,0.439,505.6,0.359,119.5,4.77,34.65,0.00,0.00,11.77
2026-08-23T21:13:52Z,3.682,11167.6,0.000,0.0,0.000,0.0,0.434,505.5,0.356,119.2,4.74,29.99,0.00,0.00,11.87
2026-08-23T21:13:53Z,4.876,11151.7,0.000,0.0,0.000,0.0,0.431,505.6,0.354,119.3,4.46,24.35,0.00,0.00,11.87
2026-08-23T21:13:54Z,3.928,11169.4,0.000,0.0,0.000,0.0,0.432,505.8,0.354,119.2,4.41,28.25,0.00,0.00,11.87
2026-08-23T21:13:55Z,3.624,11154.4,0.000,0.0,0.000,0.0,0.443,506.0,0.372,119.2,4.89,30.07,0.00,0.00,11.87
2026-08-23T21:13:56Z,3.522,11139.1,0.000,0.0,0.000,0.0,0.431,505.5,0.358,119.2,4.47,30.24,0.00,0.00,11.56
2026-08-23T21:13:57Z,3.502,11155.5,0.000,0.0,0.000,0.0,0.416,505.5,0.346,119.2,4.63,29.67,0.00,0.00,11.56
2026-08-23T21:13:58Z,3.534,11139.6,0.000,0.0,0.000,0.0,0.432,505.5,0.361,119.2,4.66,29.87,0.00,0.00,11.56
2026-08-23T21:13:59Z,4.911,11124.3,0.000,0.0,0.000,0.0,0.437,505.6,0.347,119.2,4.72,23.09,0.00,0.00,11.56
2026-08-23T21:14:00Z,3.779,11140.5,0.000,0.0,0.000,0.0,0.431,506.0,0.359,119.2,4.25,34.91,0.00,0.00,11.56
2026-08-23T21:14:01Z,3.504,11156.8,0.000,0.0,0.000,0.0,0.442,505.5,0.360,119.2,4.21,29.65,0.00,0.00,11.11
2026-08-23T21:14:03Z,3.499,11140.9,0.000,0.0,0.000,0.0,0.427,505.5,0.348,119.2,4.37,28.33,0.00,0.00,11.11
2026-08-23T21:14:04Z,3.481,11155.4,0.000,0.0,0.000,0.0,0.426,505.5,0.350,119.2,4.77,30.08,0.00,0.00,11.11
2026-08-23T21:14:05Z,4.496,11112.6,0.000,0.0,0.000,0.0,0.444,505.5,0.359,119.2,5.25,25.85,0.00,0.00,11.11
2026-08-23T21:14:06Z,5.154,11127.9,0.000,0.0,0.000,0.0,0.431,505.5,0.349,119.2,4.37,23.19,0.00,0.00,11.11
2026-08-23T21:14:07Z,5.174,11114.1,0.000,0.0,0.000,0.0,0.434,505.5,0.356,119.2,4.60,23.56,0.00,0.00,11.82
2026-08-23T21:14:08Z,5.112,11130.6,0.000,0.0,0.000,0.0,0.434,505.5,0.348,119.1,4.46,21.66,0.00,0.00,11.82
2026-08-23T21:14:09Z,5.454,11132.3,0.000,0.0,0.000,0.0,0.406,505.5,0.329,119.3,4.67,21.92,0.00,0.00,11.82
2026-08-23T21:14:10Z,5.413,11101.9,0.000,0.0,0.000,0.0,0.436,505.5,0.360,119.2,5.11,20.45,0.00,0.00,11.82
2026-08-23T21:14:11Z,5.202,11117.1,0.000,0.0,0.000,0.0,0.459,505.5,0.367,119.2,4.31,36.07,0.00,0.00,12.80
2026-08-23T21:14:12Z,4.961,11099.7,0.000,0.0,0.000,0.0,0.424,505.7,0.357,119.2,4.68,24.31,0.00,0.00,12.80
2026-08-23T21:14:13Z,3.481,11112.3,0.000,0.0,0.000,0.0,0.435,505.5,0.357,119.2,4.13,29.98,0.00,0.00,12.80
2026-08-23T21:14:14Z,3.568,11127.1,0.000,0.0,0.000,0.0,0.443,505.7,0.362,119.3,4.94,29.18,0.00,0.00,12.80
2026-08-23T21:14:16Z,3.582,11141.1,0.000,0.0,0.000,0.0,0.435,505.4,0.357,119.1,4.72,30.58,0.00,0.00,12.80
2026-08-23T21:14:17Z,3.701,11125.1,0.000,0.0,0.000,0.0,0.441,506.0,0.363,119.2,4.44,29.14,0.00,0.00,12.89
2026-08-23T21:14:18Z,3.682,11142.8,0.000,0.0,0.000,0.0,0.442,505.5,0.360,119.2,4.64,28.85,0.00,0.00,12.89
2026-08-23T21:14:19Z,4.026,11109.7,0.000,0.0,0.000,0.0,0.430,505.5,0.359,119.2,4.88,29.53,0.00,0.00,12.89
2026-08-23T21:14:20Z,4.835,11130.6,0.000,0.0,0.000,0.0,0.457,505.5,0.374,119.5,94.74,24.69,0.00,0.00,12.89
2026-08-23T21:14:21Z,4.348,11111.8,0.000,0.0,0.000,0.0,0.455,505.4,0.374,119.2,109.36,33.18,0.00,0.00,13.14
2026-08-23T21:14:22Z,4.507,11125.6,0.000,0.0,0.000,0.0,0.430,505.5,0.357,119.2,19.26,33.38,0.00,0.00,13.14
2026-08-23T21:14:23Z,4.842,11098.3,0.000,0.0,0.000,0.0,0.419,505.7,0.366,119.2,4.17,24.51,0.00,0.00,13.14
2026-08-23T21:14:24Z,3.610,11115.7,0.000,0.0,0.000,0.0,0.427,505.5,0.359,119.2,4.31,30.15,0.00,0.00,13.14
2026-08-23T21:14:25Z,3.560,11102.6,0.000,0.0,0.000,0.0,0.447,506.0,0.365,119.2,4.66,28.40,0.00,0.00,13.14
2026-08-23T21:14:26Z,3.966,11119.9,0.000,0.0,0.000,0.0,0.453,505.8,0.369,119.2,4.34,25.64,0.00,0.00,12.41
2026-08-23T21:14:27Z,3.979,11106.6,0.000,0.0,0.000,0.0,0.435,505.8,0.361,119.2,4.62,28.73,0.00,0.00,12.41
2026-08-23T21:14:29Z,4.525,11106.5,0.000,0.0,0.000,0.0,0.436,506.0,0.356,119.2,4.34,25.54,0.00,0.00,12.41
2026-08-23T21:14:30Z,5.438,11105.8,0.000,0.0,0.000,0.0,0.431,505.8,0.351,119.3,4.41,19.91,0.00,0.00,12.41
2026-08-23T21:14:31Z,4.579,11093.9,0.000,0.0,0.000,0.0,0.461,505.6,0.386,119.2,3.80,23.48,0.00,0.00,12.41
2026-08-23T21:14:32Z,3.723,11110.2,0.000,0.0,0.000,0.0,0.435,505.5,0.356,119.2,4.54,35.60,0.00,0.00,12.30
2026-08-23T21:14:33Z,3.553,11110.1,0.000,0.0,0.000,0.0,0.433,505.5,0.360,119.2,4.41,30.35,0.00,0.00,12.30
2026-08-23T21:14:34Z,3.522,11114.8,0.000,0.0,0.000,0.0,0.426,505.8,0.352,119.4,5.07,30.11,0.00,0.00,12.30
2026-08-23T21:14:35Z,3.637,11105.5,0.000,0.0,0.000,0.0,0.455,505.5,0.374,119.2,4.34,27.98,0.00,0.00,12.30
2026-08-23T21:14:36Z,3.582,11121.2,0.000,0.0,0.000,0.0,0.439,505.5,0.357,119.1,4.41,25.14,0.00,0.00,12.60
2026-08-23T21:14:37Z,3.654,11117.6,0.000,0.0,0.000,0.0,0.431,505.5,0.359,120.0,5.14,31.01,0.00,0.00,12.60
2026-08-23T21:14:38Z,3.506,11103.8,0.000,0.0,0.000,0.0,0.426,505.5,0.355,119.2,4.29,29.00,0.00,0.00,12.60
2026-08-23T21:14:39Z,4.821,11088.2,0.000,0.0,0.000,0.0,0.424,506.0,0.351,119.3,4.34,21.17,0.00,0.00,12.60
2026-08-23T21:14:40Z,5.058,11103.7,0.000,0.0,0.000,0.0,0.447,505.8,0.355,119.3,5.30,16.93,0.00,0.00,12.60
2026-08-23T21:14:42Z,4.846,11089.9,0.000,0.0,0.000,0.0,0.443,505.7,0.361,119.6,3.95,47.19,0.00,0.00,13.03
2026-08-23T21:14:43Z,5.163,11107.2,0.000,0.0,0.000,0.0,0.470,505.7,0.391,119.3,5.05,19.26,0.00,0.00,13.03
2026-08-23T21:14:44Z,5.188,11092.0,0.000,0.0,0.000,0.0,0.426,505.6,0.360,119.3,5.05,20.09,0.00,0.00,13.03
2026-08-23T21:14:45Z,5.252,11078.5,0.000,0.0,0.000,0.0,0.439,505.6,0.364,119.3,5.18,20.32,0.00,0.00,13.03
2026-08-23T21:14:46Z,5.339,11093.9,0.000,0.0,0.000,0.0,0.427,505.9,0.360,119.3,4.92,20.67,0.00,0.00,13.03
2026-08-23T21:14:47Z,5.241,11078.2,0.000,0.0,0.000,0.0,0.434,505.6,0.355,119.3,5.64,19.93,0.00,0.00,15.35
2026-08-23T21:14:48Z,4.100,11066.9,0.000,0.0,0.000,0.0,0.445,506.1,0.360,119.3,5.43,26.28,0.00,0.00,15.35
2026-08-23T21:14:49Z,4.572,11099.9,0.000,0.0,0.000,0.0,0.435,505.9,0.356,119.3,5.51,23.75,0.00,0.00,15.35
2026-08-23T21:14:50Z,4.339,11099.9,0.000,0.0,0.000,0.0,0.456,505.9,0.381,119.3,5.83,23.72,0.00,0.00,15.35
2026-08-23T21:14:51Z,3.610,11087.4,0.000,0.0,0.000,0.0,0.426,505.6,0.350,119.5,5.41,25.57,0.00,0.00,15.00
2026-08-23T21:14:52Z,3.907,11103.6,0.000,0.0,0.000,0.0,0.437,505.8,0.356,119.3,5.20,30.99,0.00,0.00,15.00
2026-08-23T21:14:54Z,3.830,11089.9,0.000,0.0,0.000,0.0,0.438,505.5,0.357,119.2,4.56,24.53,0.00,0.00,15.00
2026-08-23T21:14:55Z,3.517,11098.4,0.000,0.0,0.000,0.0,0.442,505.8,0.366,119.2,4.25,25.68,0.00,0.00,15.00
2026-08-23T21:14:56Z,3.478,11091.2,0.000,0.0,0.000,0.0,0.439,505.5,0.360,119.2,5.19,26.07,0.00,0.00,15.00
2026-08-23T21:14:57Z,3.503,11078.2,0.000,0.0,0.000,0.0,0.439,505.5,0.361,119.2,5.27,26.62,0.00,0.00,15.48
2026-08-23T21:14:58Z,3.442,11094.1,0.000,0.0,0.000,0.0,0.435,505.8,0.356,119.2,4.86,29.04,0.00,0.00,15.48
2026-08-23T21:14:59Z,4.028,11088.7,0.000,0.0,0.000,0.0,0.428,505.7,0.354,119.5,4.19,25.01,0.00,0.00,15.48
2026-08-23T21:15:00Z,4.694,11065.7,0.000,0.0,0.000,0.0,0.478,505.8,0.398,119.5,4.15,18.94,0.00,0.00,15.48
2026-08-23T21:15:01Z,3.793,11081.1,0.000,0.0,0.000,0.0,0.468,505.7,0.388,119.4,4.64,24.22,0.00,0.00,15.92
2026-08-23T21:15:02Z,3.713,11095.1,0.000,0.0,0.000,0.0,0.462,505.7,0.375,119.4,4.69,31.02,0.00,0.00,15.92
2026-08-23T21:15:03Z,3.515,11077.4,0.000,0.0,0.000,0.0,0.438,505.9,0.361,119.4,3.98,25.93,0.00,0.00,15.92
2026-08-23T21:15:04Z,3.491,11088.5,0.000,0.0,0.000,0.0,0.430,505.9,0.356,119.4,3.88,29.40,0.00,0.00,15.92
2026-08-23T21:15:05Z,3.483,11072.2,0.000,0.0,0.000,0.0,0.431,505.7,0.361,119.6,4.05,28.60,0.00,0.00,15.92
2026-08-23T21:15:07Z,3.688,11087.6,0.000,0.0,0.000,0.0,0.459,505.7,0.374,119.3,3.78,25.46,0.00,0.00,16.09
2026-08-23T21:15:08Z,3.495,11071.4,0.000,0.0,0.000,0.0,0.435,505.7,0.356,119.3,3.65,24.78,0.00,0.00,16.09
2026-08-23T21:15:09Z,3.881,11068.7,0.000,0.0,0.000,0.0,0.437,505.5,0.361,119.4,3.99,22.69,0.00,0.00,16.09
2026-08-23T21:15:10Z,4.876,11071.5,0.000,0.0,0.000,0.0,0.439,505.5,0.375,119.5,3.75,22.06,0.00,0.00,16.09
2026-08-23T21:15:11Z,3.584,11086.2,0.000,0.0,0.000,0.0,0.437,505.8,0.359,119.3,3.26,29.36,0.00,0.00,16.09
2026-08-23T21:15:12Z,3.470,11070.6,0.000,0.0,0.000,0.0,0.419,505.5,0.351,119.5,3.56,28.52,0.00,0.00,16.32
2026-08-23T21:15:13Z,4.574,11055.3,0.000,0.0,0.000,0.0,0.427,505.6,0.358,119.5,3.26,37.30,0.00,0.00,16.32
2026-08-23T21:15:14Z,5.092,11041.3,0.000,0.0,0.000,0.0,0.440,505.5,0.360,119.3,34.43,19.31,0.00,0.00,16.32
2026-08-23T21:15:15Z,4.821,11027.3,0.000,0.0,0.000,0.0,0.463,505.5,0.370,119.2,7.01,19.43,0.00,0.00,16.32
2026-08-23T21:15:16Z,5.098,11014.2,0.000,0.0,0.000,0.0,0.433,505.6,0.361,119.3,3.94,19.82,0.00,0.00,17.50
2026-08-23T21:15:17Z,5.485,11027.5,0.000,0.0,0.000,0.0,0.395,505.8,0.337,119.2,3.34,17.83,0.00,0.00,17.50
2026-08-23T21:15:18Z,5.318,11015.7,0.000,0.0,0.000,0.0,0.429,505.5,0.373,119.2,3.49,20.10,0.00,0.00,17.50
2026-08-23T21:15:20Z,5.687,11008.1,0.000,0.0,0.000,0.0,0.394,505.5,0.312,119.2,3.86,19.02,0.00,0.00,17.50
2026-08-23T21:15:21Z,5.512,10980.9,0.000,0.0,0.000,0.0,0.426,505.7,0.335,119.4,3.66,17.37,0.00,0.00,17.50
2026-08-23T21:15:22Z,4.692,10965.2,0.000,0.0,0.000,0.0,0.477,505.6,0.407,119.3,3.10,23.00,0.00,0.00,18.66
2026-08-23T21:15:23Z,4.783,10978.9,0.000,0.0,0.000,0.0,0.416,505.9,0.347,119.4,3.50,29.39,0.00,0.00,18.66
2026-08-23T21:15:24Z,4.272,10993.8,0.000,0.0,0.000,0.0,0.444,505.6,0.373,119.4,3.70,24.82,0.00,0.00,18.66
2026-08-23T21:15:25Z,3.593,11007.4,0.000,0.0,0.000,0.0,0.431,505.8,0.353,119.3,3.71,27.84,0.00,0.00,18.66
2026-08-23T21:15:26Z,4.387,11022.7,0.000,0.0,0.000,0.0,0.439,505.9,0.364,119.3,3.63,23.88,0.00,0.00,19.41
2026-08-23T21:15:27Z,4.772,11009.7,0.000,0.0,0.000,0.0,0.449,506.1,0.366,119.5,4.08,23.99,0.00,0.00,19.41
2026-08-23T21:15:28Z,4.308,11022.7,0.000,0.0,0.000,0.0,0.441,505.8,0.356,119.3,3.38,23.10,0.00,0.00,19.41
2026-08-23T21:15:29Z,5.111,11007.9,0.000,0.0,0.000,0.0,0.417,505.6,0.348,119.4,3.77,22.42,0.00,0.00,19.41
2026-08-23T21:15:30Z,3.829,11025.4,0.000,0.0,0.000,0.0,0.441,505.8,0.365,119.3,3.73,27.17,0.00,0.00,19.41
2026-08-23T21:15:31Z,3.532,11012.4,0.000,0.0,0.000,0.0,0.440,505.6,0.363,119.3,3.68,29.69,0.00,0.00,18.65
2026-08-23T21:15:33Z,3.438,11026.2,0.000,0.0,0.000,0.0,0.421,506.1,0.341,119.3,3.60,35.03,0.00,0.00,18.65
2026-08-23T21:15:34Z,3.478,11013.8,0.000,0.0,0.000,0.0,0.449,505.6,0.365,119.3,4.26,26.01,0.00,0.00,18.65
2026-08-23T21:15:35Z,3.615,11028.2,0.000,0.0,0.000,0.0,0.454,506.1,0.367,119.2,3.35,23.85,0.00,0.00,18.65
2026-08-23T21:15:36Z,3.437,11014.5,0.000,0.0,0.000,0.0,0.442,505.6,0.359,119.2,3.73,24.76,0.00,0.00,18.65
2026-08-23T21:15:37Z,3.632,11030.1,0.000,0.0,0.000,0.0,0.460,505.6,0.373,119.2,3.48,23.46,0.00,0.00,18.76
2026-08-23T21:15:38Z,3.570,11017.9,0.000,0.0,0.000,0.0,0.432,505.5,0.353,119.2,4.72,24.99,0.00,0.00,18.76
2026-08-23T21:15:39Z,4.423,11004.4,0.000,0.0,0.000,0.0,0.442,505.6,0.354,119.3,17.56,24.29,0.00,0.00,18.76
2026-08-23T21:15:40Z,4.389,11022.3,0.000,0.0,0.000,0.0,0.453,505.8,0.375,119.4,111.09,24.90,0.00,0.00,18.76
2026-08-23T21:15:41Z,4.194,11001.5,0.000,0.0,0.000,0.0,0.441,505.5,0.363,119.2,99.04,26.41,0.00,0.00,19.10
2026-08-23T21:15:42Z,4.224,11001.3,0.000,0.0,0.000,0.0,0.442,505.5,0.360,119.2,3.85,25.01,0.00,0.00,19.10
2026-08-23T21:15:43Z,3.385,11015.3,0.000,0.0,0.000,0.0,0.428,505.5,0.349,119.2,3.40,45.46,0.00,0.00,19.10
2026-08-23T21:15:44Z,3.508,11001.8,0.000,0.0,0.000,0.0,0.424,505.6,0.358,119.2,4.51,28.57,0.00,0.00,19.10
2026-08-23T21:15:46Z,3.493,11016.9,0.000,0.0,0.000,0.0,0.426,505.5,0.350,119.4,4.35,29.58,0.00,0.00,19.10
2026-08-23T21:15:47Z,3.533,11004.3,0.000,0.0,0.000,0.0,0.432,505.5,0.355,119.2,4.28,28.35,0.00,0.00,18.29
2026-08-23T21:15:48Z,3.688,11018.8,0.000,0.0,0.000,0.0,0.434,505.8,0.355,119.4,3.92,29.12,0.00,0.00,18.29
2026-08-23T21:15:49Z,3.926,11017.2,0.000,0.0,0.000,0.0,0.429,505.8,0.355,119.5,4.15,27.52,0.00,0.00,18.29
2026-08-23T21:15:50Z,4.744,10990.2,0.000,0.0,0.000,0.0,0.439,506.0,0.372,119.3,4.13,21.81,0.00,0.00,18.29
2026-08-23T21:15:51Z,3.597,11006.5,0.000,0.0,0.000,0.0,0.430,505.5,0.350,119.2,4.59,27.92,0.00,0.00,18.29
2026-08-23T21:15:52Z,3.602,10992.8,0.000,0.0,0.000,0.0,0.435,505.8,0.355,119.2,4.80,27.76,0.00,0.00,17.79
2026-08-23T21:15:53Z,3.970,11007.1,0.000,0.0,0.000,0.0,0.440,505.5,0.362,119.2,4.36,33.31,0.00,0.00,17.79
2026-08-23T21:15:54Z,3.588,10992.1,0.000,0.0,0.000,0.0,0.431,505.5,0.352,119.2,3.83,24.84,0.00,0.00,17.79
2026-08-23T21:15:55Z,3.490,11006.6,0.000,0.0,0.000,0.0,0.442,505.8,0.361,119.3,4.18,24.72,0.00,0.00,17.79
2026-08-23T21:15:56Z,3.431,10993.2,0.000,0.0,0.000,0.0,0.437,505.8,0.349,119.4,4.40,23.67,0.00,0.00,18.29
2026-08-23T21:15:57Z,3.517,11008.0,0.000,0.0,0.000,0.0,0.448,505.5,0.366,119.2,4.62,24.48,0.00,0.00,18.29
2026-08-23T21:15:58Z,3.565,11001.6,0.000,0.0,0.000,0.0,0.434,505.6,0.349,119.2,4.95,23.85,0.00,0.00,18.29
2026-08-23T21:16:00Z,4.654,10979.9,0.000,0.0,0.000,0.0,0.415,505.6,0.355,119.3,4.92,16.92,0.00,0.00,18.29
2026-08-23T21:16:01Z,3.805,10995.6,0.000,0.0,0.000,0.0,0.472,505.5,0.385,119.3,4.72,22.22,0.00,0.00,18.29
2026-08-23T21:16:02Z,3.669,11010.0,0.000,0.0,0.000,0.0,0.459,505.5,0.376,119.2,5.37,22.03,0.00,0.00,18.50
2026-08-23T21:16:03Z,3.545,10998.0,0.000,0.0,0.000,0.0,0.441,505.8,0.368,119.3,5.41,25.29,0.00,0.00,18.50
2026-08-23T21:16:04Z,3.484,10985.3,0.000,0.0,0.000,0.0,0.433,505.5,0.359,119.2,5.12,30.07,0.00,0.00,18.50
2026-08-23T21:16:05Z,3.653,11000.2,0.000,0.0,0.000,0.0,0.464,505.5,0.378,119.5,5.07,26.35,0.00,0.00,18.50
2026-08-23T21:16:06Z,3.591,10988.3,0.000,0.0,0.000,0.0,0.454,505.5,0.371,119.2,4.98,27.40,0.00,0.00,17.90
2026-08-23T21:16:07Z,3.562,11001.7,0.000,0.0,0.000,0.0,0.442,505.8,0.365,119.2,3.66,27.67,0.00,0.00,17.90
2026-08-23T21:16:08Z,3.507,10986.7,0.000,0.0,0.000,0.0,0.437,505.8,0.364,119.2,3.70,28.52,0.00,0.00,17.90
2026-08-23T21:16:09Z,4.734,10989.7,0.000,0.0,0.000,0.0,0.441,505.5,0.350,119.2,3.55,21.61,0.00,0.00,17.90
2026-08-23T21:16:10Z,3.970,10986.2,0.000,0.0,0.000,0.0,0.443,505.8,0.373,119.2,3.56,20.67,0.00,0.00,17.90
2026-08-23T21:16:11Z,3.492,10971.8,0.000,0.0,0.000,0.0,0.442,505.5,0.362,119.2,3.34,27.33,0.00,0.00,17.03
2026-08-23T21:16:13Z,3.440,10985.7,0.000,0.0,0.000,0.0,0.426,505.8,0.349,119.2,3.86,28.23,0.00,0.00,17.03
2026-08-23T21:16:14Z,3.454,10971.5,0.000,0.0,0.000,0.0,0.439,505.5,0.359,119.5,3.82,44.96,0.00,0.00,17.03
2026-08-23T21:16:15Z,3.473,10984.4,0.000,0.0,0.000,0.0,0.428,505.5,0.353,119.2,3.35,27.31,0.00,0.00,17.03
2026-08-23T21:16:16Z,3.453,10997.9,0.000,0.0,0.000,0.0,0.430,505.5,0.356,119.2,3.63,28.67,0.00,0.00,17.03
2026-08-23T21:16:17Z,3.602,10983.0,0.000,0.0,0.000,0.0,0.440,505.8,0.361,119.2,3.95,28.49,0.00,0.00,16.39
2026-08-23T21:16:18Z,3.629,10995.8,0.000,0.0,0.000,0.0,0.434,505.5,0.358,119.2,3.28,27.09,0.00,0.00,16.39
2026-08-23T21:16:19Z,4.418,10990.9,0.000,0.0,0.000,0.0,0.435,505.6,0.361,119.3,3.84,25.55,0.00,0.00,16.39
2026-08-23T21:16:20Z,4.484,10964.4,0.000,0.0,0.000,0.0,0.438,505.5,0.363,119.1,4.29,22.19,0.00,0.00,16.39
2026-08-23T21:16:21Z,4.037,10955.1,0.000,0.0,0.000,0.0,0.429,505.5,0.351,119.2,3.63,24.55,0.00,0.00,17.24
2026-08-23T21:16:22Z,5.123,10969.8,0.000,0.0,0.000,0.0,0.440,505.7,0.356,119.2,4.19,22.08,0.00,0.00,17.24
2026-08-23T21:16:23Z,5.214,10983.9,0.000,0.0,0.000,0.0,0.419,505.5,0.348,119.2,3.49,19.95,0.00,0.00,17.24
2026-08-23T21:16:24Z,5.050,10969.1,0.000,0.0,0.000,0.0,0.430,506.0,0.358,119.2,3.69,29.03,0.00,0.00,17.24
2026-08-23T21:16:26Z,4.929,10984.0,0.000,0.0,0.000,0.0,0.436,505.5,0.351,119.2,4.25,21.64,0.00,0.00,17.24
2026-08-23T21:16:27Z,5.244,10971.2,0.000,0.0,0.000,0.0,0.448,505.6,0.364,119.2,4.01,18.74,0.00,0.00,17.14
2026-08-23T21:16:28Z,5.265,10958.7,0.000,0.0,0.000,0.0,0.433,505.7,0.361,119.2,4.31,19.90,0.00,0.00,17.14
2026-08-23T21:16:29Z,5.363,10957.7,0.000,0.0,0.000,0.0,0.430,505.8,0.340,119.3,4.15,18.48,0.00,0.00,17.14
2026-08-23T21:16:30Z,5.384,10899.7,0.000,0.0,0.000,0.0,0.429,505.7,0.354,119.6,4.34,17.42,0.00,0.00,17.14
2026-08-23T21:16:31Z,4.560,10915.7,0.000,0.0,0.000,0.0,0.455,505.7,0.380,119.3,4.25,23.81,0.00,0.00,16.73
2026-08-23T21:16:32Z,4.409,10929.6,0.000,0.0,0.000,0.0,0.436,505.7,0.357,119.5,3.97,24.43,0.00,0.00,16.73
2026-08-23T21:16:33Z,3.818,10942.5,0.000,0.0,0.000,0.0,0.433,505.7,0.354,119.5,4.35,23.29,0.00,0.00,16.73
2026-08-23T21:16:34Z,3.477,10957.2,0.000,0.0,0.000,0.0,0.444,505.6,0.358,119.3,4.04,35.19,0.00,0.00,16.73
2026-08-23T21:16:35Z,3.436,10973.7,0.000,0.0,0.000,0.0,0.425,505.7,0.350,119.2,5.04,29.07,0.00,0.00,16.73
2026-08-23T21:16:36Z,3.490,10960.7,0.000,0.0,0.000,0.0,0.437,505.7,0.363,119.2,5.15,28.64,0.00,0.00,16.27
2026-08-23T21:16:37Z,3.552,10974.8,0.000,0.0,0.000,0.0,0.446,505.7,0.364,119.2,4.33,27.57,0.00,0.00,16.27
2026-08-23T21:16:39Z,3.698,10970.6,0.000,0.0,0.000,0.0,0.435,505.7,0.359,119.2,5.43,29.15,0.00,0.00,16.27
2026-08-23T21:16:40Z,5.075,10950.2,0.000,0.0,0.000,0.0,0.431,505.5,0.368,119.2,4.02,21.25,0.00,0.00,16.27
2026-08-23T21:16:41Z,3.587,10967.1,0.000,0.0,0.000,0.0,0.434,505.5,0.355,119.2,4.65,27.81,0.00,0.00,16.27
2026-08-23T21:16:42Z,3.502,10981.3,0.000,0.0,0.000,0.0,0.436,505.6,0.364,119.2,3.99,27.26,0.00,0.00,16.25
2026-08-23T21:16:43Z,3.512,10967.5,0.000,0.0,0.000,0.0,0.440,505.5,0.356,119.2,3.61,29.44,0.00,0.00,16.25
2026-08-23T21:16:44Z,3.474,10952.7,0.000,0.0,0.000,0.0,0.433,505.5,0.355,119.2,3.96,28.25,0.00,0.00,16.25
2026-08-23T21:16:45Z,3.442,10967.5,0.000,0.0,0.000,0.0,0.440,505.8,0.357,119.2,3.89,44.12,0.00,0.00,16.25
2026-08-23T21:16:46Z,3.402,10952.6,0.000,0.0,0.000,0.0,0.420,505.8,0.351,119.2,4.31,29.01,0.00,0.00,15.75
2026-08-23T21:16:47Z,3.615,10967.4,0.000,0.0,0.000,0.0,0.434,505.5,0.354,119.2,4.43,27.28,0.00,0.00,15.75
2026-08-23T21:16:48Z,4.225,10956.9,0.000,0.0,0.000,0.0,0.428,505.5,0.350,119.2,4.44,25.43,0.00,0.00,15.75
2026-08-23T21:16:49Z,5.520,10926.3,0.000,0.0,0.000,0.0,0.426,505.6,0.353,119.6,3.92,18.92,0.00,0.00,15.75
2026-08-23T21:16:51Z,5.552,10908.6,0.000,0.0,0.000,0.0,0.414,505.6,0.350,119.3,3.41,18.67,0.00,0.00,15.75
2026-08-23T21:16:52Z,5.113,10925.1,0.000,0.0,0.000,0.0,0.464,505.9,0.385,119.5,4.00,19.82,0.00,0.00,17.13
2026-08-23T21:16:53Z,5.380,10941.0,0.000,0.0,0.000,0.0,0.431,505.6,0.353,119.3,4.91,19.49,0.00,0.00,17.13
2026-08-23T21:16:54Z,5.234,10928.6,0.000,0.0,0.000,0.0,0.445,505.6,0.366,119.3,4.45,21.47,0.00,0.00,17.13
2026-08-23T21:16:55Z,5.206,10944.3,0.000,0.0,0.000,0.0,0.436,505.6,0.355,119.3,5.31,27.35,0.00,0.00,17.13
2026-08-23T21:16:56Z,5.159,10929.6,0.000,0.0,0.000,0.0,0.432,505.6,0.360,119.2,5.06,21.54,0.00,0.00,17.60
2026-08-23T21:16:57Z,3.961,10916.1,0.000,0.0,0.000,0.0,0.429,505.6,0.356,119.3,5.02,25.84,0.00,0.00,17.60
2026-08-23T21:16:58Z,3.451,10933.1,0.000,0.0,0.000,0.0,0.436,505.8,0.359,119.2,5.85,28.63,0.00,0.00,17.60
2026-08-23T21:16:59Z,4.661,10942.1,0.000,0.0,0.000,0.0,0.424,505.6,0.356,119.3,8.76,27.21,0.00,0.00,17.60
2026-08-23T21:17:00Z,4.037,10949.7,0.000,0.0,0.000,0.0,0.459,505.8,0.372,119.3,9.77,30.69,0.00,0.00,17.60
2026-08-23T21:17:01Z,3.549,10974.9,0.000,0.0,0.000,0.0,0.453,505.8,0.368,119.2,11.26,33.54,0.00,0.00,17.71
2026-08-23T21:17:02Z,3.524,10970.8,0.000,0.0,0.000,0.0,0.444,505.8,0.359,119.5,10.86,32.35,0.00,0.00,17.71
2026-08-23T21:17:04Z,3.469,10965.1,0.000,0.0,0.000,0.0,0.435,505.5,0.354,119.4,9.74,30.14,0.00,0.00,17.71
2026-08-23T21:17:05Z,3.448,10961.7,0.000,0.0,0.000,0.0,0.438,505.5,0.356,119.2,9.80,35.04,0.00,0.00,17.71
2026-08-23T21:17:06Z,3.454,10954.3,0.000,0.0,0.000,0.0,0.436,506.0,0.362,119.2,8.71,39.75,0.00,0.00,17.71
2026-08-23T21:17:07Z,3.500,10948.4,0.000,0.0,0.000,0.0,0.438,505.8,0.363,119.2,8.78,32.43,0.00,0.00,17.81
2026-08-23T21:17:08Z,3.455,10970.4,0.000,0.0,0.000,0.0,0.432,505.6,0.356,119.2,8.58,34.37,0.00,0.00,17.81
2026-08-23T21:17:09Z,4.185,10942.2,0.000,0.0,0.000,0.0,0.438,505.6,0.354,119.3,6.91,26.29,0.00,0.00,17.81
2026-08-23T21:17:10Z,4.349,10951.0,0.000,0.0,0.000,0.0,0.437,505.5,0.366,119.2,6.61,24.22,0.00,0.00,17.81
2026-08-23T21:17:11Z,3.502,10972.6,0.000,0.0,0.000,0.0,0.451,505.8,0.364,119.2,7.94,32.26,0.00,0.00,17.67
2026-08-23T21:17:12Z,3.466,10951.8,0.000,0.0,0.000,0.0,0.433,505.5,0.354,119.2,12.98,36.76,0.00,0.00,17.67
2026-08-23T21:17:13Z,3.453,10966.0,0.000,0.0,0.000,0.0,0.433,505.5,0.355,119.5,7.20,31.88,0.00,0.00,17.67
2026-08-23T21:17:14Z,3.528,10957.3,0.000,0.0,0.000,0.0,0.440,506.2,0.362,119.2,7.34,31.81,0.00,0.00,17.67
2026-08-23T21:17:15Z,3.429,10948.3,0.000,0.0,0.000,0.0,0.435,506.1,0.357,119.2,6.53,46.28,0.00,0.00,17.67
2026-08-23T21:17:16Z,3.518,10967.4,0.000,0.0,0.000,0.0,0.429,505.5,0.354,119.2,7.10,31.33,0.00,0.00,16.97
2026-08-23T21:17:18Z,3.682,10956.6,0.000,0.0,0.000,0.0,0.435,506.0,0.359,119.2,6.47,30.84,0.00,0.00,16.97
2026-08-23T21:17:19Z,3.760,10959.7,0.000,0.0,0.000,0.0,0.442,505.8,0.365,119.3,6.26,29.40,0.00,0.00,16.97
2026-08-23T21:17:20Z,4.977,10931.9,0.000,0.0,0.000,0.0,0.446,506.0,0.368,119.2,4.43,20.57,0.00,0.00,16.97
2026-08-23T21:17:21Z,3.676,10950.7,0.000,0.0,0.000,0.0,0.444,505.8,0.357,119.2,5.97,29.26,0.00,0.00,16.97
2026-08-23T21:17:22Z,3.647,10942.2,0.000,0.0,0.000,0.0,0.442,505.8,0.355,119.2,6.35,29.79,0.00,0.00,16.58
2026-08-23T21:17:23Z,3.814,10958.5,0.000,0.0,0.000,0.0,0.430,505.8,0.346,119.2,5.48,28.29,0.00,0.00,16.58
2026-08-23T21:17:24Z,3.595,10949.4,0.000,0.0,0.000,0.0,0.441,505.8,0.359,119.2,5.75,30.07,0.00,0.00,16.58
2026-08-23T21:17:25Z,3.485,10938.2,0.000,0.0,0.000,0.0,0.438,505.5,0.363,119.2,5.79,30.78,0.00,0.00,16.58
2026-08-23T21:17:26Z,3.733,10956.8,0.000,0.0,0.000,0.0,0.455,505.5,0.371,119.2,5.73,36.15,0.00,0.00,16.45
2026-08-23T21:17:27Z,4.431,10948.2,0.000,0.0,0.000,0.0,0.435,505.6,0.353,119.2,6.03,26.92,0.00,0.00,16.45
2026-08-23T21:17:28Z,4.220,10939.9,0.000,0.0,0.000,0.0,0.428,505.5,0.353,119.2,6.16,27.82,0.00,0.00,16.45
2026-08-23T21:17:29Z,5.348,10923.2,0.000,0.0,0.000,0.0,0.423,505.6,0.352,119.4,4.72,17.05,0.00,0.00,16.45
2026-08-23T21:17:31Z,5.256,10921.5,0.000,0.0,0.000,0.0,0.432,505.8,0.360,119.3,5.56,18.62,0.00,0.00,16.45
2026-08-23T21:17:32Z,5.121,10937.1,0.000,0.0,0.000,0.0,0.440,505.6,0.356,119.3,5.30,19.92,0.00,0.00,17.45
2026-08-23T21:17:33Z,5.248,10924.5,0.000,0.0,0.000,0.0,0.429,505.6,0.343,119.5,5.24,18.48,0.00,0.00,17.45
2026-08-23T21:17:34Z,5.188,10939.4,0.000,0.0,0.000,0.0,0.427,505.6,0.353,119.3,5.05,18.83,0.00,0.00,17.45
2026-08-23T21:17:35Z,5.143,10926.5,0.000,0.0,0.000,0.0,0.444,505.9,0.364,119.3,5.13,17.93,0.00,0.00,17.45
2026-08-23T21:17:36Z,4.946,10940.2,0.000,0.0,0.000,0.0,0.440,505.6,0.355,119.2,4.62,25.87,0.00,0.00,17.90
2026-08-23T21:17:37Z,5.113,10927.7,0.000,0.0,0.000,0.0,0.433,505.6,0.361,119.3,5.24,19.68,0.00,0.00,17.90
2026-08-23T21:17:38Z,3.707,10911.1,0.000,0.0,0.000,0.0,0.423,505.8,0.352,119.2,6.08,25.45,0.00,0.00,17.90
2026-08-23T21:17:39Z,4.694,10944.4,0.000,0.0,0.000,0.0,0.426,505.6,0.357,120.1,5.96,19.90,0.00,0.00,17.90
2026-08-23T21:17:40Z,3.986,10944.0,0.000,0.0,0.000,0.0,0.453,505.6,0.378,119.3,7.53,23.41,0.00,0.00,17.90
2026-08-23T21:17:41Z,3.494,10933.1,0.000,0.0,0.000,0.0,0.437,505.9,0.361,119.3,6.68,27.91,0.00,0.00,17.35
2026-08-23T21:17:42Z,3.469,10921.3,0.000,0.0,0.000,0.0,0.443,505.6,0.361,119.3,6.24,27.53,0.00,0.00,17.35
2026-08-23T21:17:44Z,3.382,10938.2,0.000,0.0,0.000,0.0,0.428,505.8,0.344,119.3,6.34,28.74,0.00,0.00,17.35
2026-08-23T21:17:45Z,3.463,10925.9,0.000,0.0,0.000,0.0,0.443,506.1,0.363,119.8,4.89,29.32,0.00,0.00,17.35
2026-08-23T21:17:46Z,3.383,10939.7,0.000,0.0,0.000,0.0,0.430,505.7,0.351,119.3,4.98,44.06,0.00,0.00,17.35
2026-08-23T21:17:47Z,3.491,10926.6,0.000,0.0,0.000,0.0,0.429,505.9,0.351,119.5,5.54,26.78,0.00,0.00,17.16
2026-08-23T21:17:48Z,3.580,10941.2,0.000,0.0,0.000,0.0,0.435,505.9,0.351,119.3,5.62,25.64,0.00,0.00,17.16
2026-08-23T21:17:49Z,4.145,10939.8,0.000,0.0,0.000,0.0,0.425,505.7,0.352,119.3,4.76,23.57,0.00,0.00,17.16
2026-08-23T21:17:50Z,4.687,10913.9,0.000,0.0,0.000,0.0,0.436,505.6,0.358,119.3,4.54,21.23,0.00,0.00,17.16
2026-08-23T21:17:51Z,3.542,10929.3,0.000,0.0,0.000,0.0,0.432,505.8,0.355,119.2,4.62,28.04,0.00,0.00,16.58
2026-08-23T21:17:52Z,3.511,10916.1,0.000,0.0,0.000,0.0,0.427,506.0,0.347,119.3,4.63,27.91,0.00,0.00,16.58
2026-08-23T21:17:53Z,3.826,10930.8,0.000,0.0,0.000,0.0,0.439,506.0,0.360,119.3,5.52,26.05,0.00,0.00,16.58
2026-08-23T21:17:54Z,3.597,10918.0,0.000,0.0,0.000,0.0,0.431,505.5,0.352,119.2,5.27,27.13,0.00,0.00,16.58
2026-08-23T21:17:55Z,3.377,10932.6,0.000,0.0,0.000,0.0,0.435,505.8,0.359,119.2,5.40,29.14,0.00,0.00,16.58
2026-08-23T21:17:57Z,3.423,10919.5,0.000,0.0,0.000,0.0,0.438,505.8,0.349,119.2,5.06,36.11,0.00,0.00,15.98
2026-08-23T21:17:58Z,3.380,10907.1,0.000,0.0,0.000,0.0,0.431,505.5,0.356,119.2,5.11,29.33,0.00,0.00,15.98
2026-08-23T21:17:59Z,3.712,10933.9,0.000,0.0,0.000,0.0,0.437,505.8,0.359,119.3,4.81,26.72,0.00,0.00,15.98
2026-08-23T21:18:00Z,4.872,10907.1,0.000,0.0,0.000,0.0,0.434,505.5,0.377,119.4,4.11,19.74,0.00,0.00,15.98
2026-08-23T21:18:01Z,3.496,10922.6,0.000,0.0,0.000,0.0,0.435,505.6,0.354,119.5,5.56,28.08,0.00,0.00,15.98
2026-08-23T21:18:02Z,3.485,10911.4,0.000,0.0,0.000,0.0,0.440,505.5,0.357,119.2,5.35,28.59,0.00,0.00,15.90
2026-08-23T21:18:03Z,3.346,10927.0,0.000,0.0,0.000,0.0,0.432,505.6,0.354,119.2,5.44,29.58,0.00,0.00,15.90
2026-08-23T21:18:04Z,3.356,10914.2,0.000,0.0,0.000,0.0,0.425,505.8,0.350,119.3,5.99,27.59,0.00,0.00,15.90
2026-08-23T21:18:05Z,3.371,10931.7,0.000,0.0,0.000,0.0,0.430,505.5,0.351,119.2,7.03,29.10,0.00,0.00,15.90
2026-08-23T21:18:06Z,3.418,10919.0,0.000,0.0,0.000,0.0,0.446,505.6,0.366,119.2,5.63,35.71,0.00,0.00,16.31
2026-08-23T21:18:07Z,3.368,10909.7,0.000,0.0,0.000,0.0,0.435,505.5,0.356,119.2,6.05,29.46,0.00,0.00,16.31
2026-08-23T21:18:08Z,3.405,10902.7,0.000,0.0,0.000,0.0,0.435,505.5,0.352,119.2,6.18,31.95,0.00,0.00,16.31
2026-08-23T21:18:09Z,4.842,10900.1,0.000,0.0,0.000,0.0,0.429,505.6,0.354,119.3,5.54,23.46,0.00,0.00,16.31
2026-08-23T21:18:11Z,3.697,10911.9,0.000,0.0,0.000,0.0,0.434,505.8,0.358,119.2,6.61,29.59,0.00,0.00,16.31
2026-08-23T21:18:12Z,3.360,10902.4,0.000,0.0,0.000,0.0,0.427,505.6,0.350,119.5,6.58,31.39,0.00,0.00,16.68
2026-08-23T21:18:13Z,3.404,10919.9,0.000,0.0,0.000,0.0,0.438,505.8,0.350,119.2,6.60,30.21,0.00,0.00,16.68
2026-08-23T21:18:14Z,3.342,10911.5,0.000,0.0,0.000,0.0,0.434,505.6,0.360,119.2,5.89,30.58,0.00,0.00,16.68
2026-08-23T21:18:15Z,3.387,10900.6,0.000,0.0,0.000,0.0,0.436,505.5,0.361,119.2,5.63,31.43,0.00,0.00,16.68
2026-08-23T21:18:16Z,3.360,10916.2,0.000,0.0,0.000,0.0,0.423,505.5,0.345,119.2,5.41,29.68,0.00,0.00,16.68
2026-08-23T21:18:17Z,3.530,10904.3,0.000,0.0,0.000,0.0,0.427,505.6,0.354,119.5,5.55,44.46,0.00,0.00,16.63
2026-08-23T21:18:18Z,3.578,10894.1,0.000,0.0,0.000,0.0,0.430,505.5,0.348,119.2,5.57,30.40,0.00,0.00,16.63
2026-08-23T21:18:19Z,4.538,10901.1,0.000,0.0,0.000,0.0,0.433,505.6,0.363,119.3,5.20,25.39,0.00,0.00,16.63
2026-08-23T21:18:20Z,4.200,10898.8,0.000,0.0,0.000,0.0,0.455,505.6,0.371,119.2,5.61,23.50,0.00,0.00,16.63
2026-08-23T21:18:21Z,3.449,10887.5,0.000,0.0,0.000,0.0,0.426,506.0,0.355,119.4,5.77,29.89,0.00,0.00,16.50
2026-08-23T21:18:22Z,3.592,10901.8,0.000,0.0,0.000,0.0,0.434,505.5,0.356,119.2,5.17,28.78,0.00,0.00,16.50
2026-08-23T21:18:24Z,3.725,10889.2,0.000,0.0,0.000,0.0,0.436,506.0,0.359,119.2,4.27,29.61,0.00,0.00,16.50
2026-08-23T21:18:25Z,3.470,10903.7,0.000,0.0,0.000,0.0,0.434,505.6,0.357,119.2,4.50,28.37,0.00,0.00,16.50
2026-08-23T21:18:26Z,4.362,10891.1,0.000,0.0,0.000,0.0,0.449,505.6,0.363,119.2,4.38,25.07,0.00,0.00,16.50
2026-08-23T21:18:27Z,4.748,10904.0,0.000,0.0,0.000,0.0,0.437,505.6,0.361,119.2,4.06,29.42,0.00,0.00,17.50
2026-08-23T21:18:28Z,4.164,10893.7,0.000,0.0,0.000,0.0,0.436,505.8,0.357,119.2,4.53,25.50,0.00,0.00,17.50
2026-08-23T21:18:29Z,4.123,10895.9,0.000,0.0,0.000,0.0,0.436,505.6,0.349,119.5,4.53,27.02,0.00,0.00,17.50
2026-08-23T21:18:30Z,4.344,10901.3,0.000,0.0,0.000,0.0,0.446,505.6,0.364,119.2,4.44,23.51,0.00,0.00,17.50
2026-08-23T21:18:31Z,3.404,10893.7,0.000,0.0,0.000,0.0,0.431,505.5,0.354,119.1,4.85,27.78,0.00,0.00,17.38
2026-08-23T21:18:32Z,3.335,10907.2,0.000,0.0,0.000,0.0,0.426,505.5,0.354,119.2,4.70,28.61,0.00,0.00,17.38
2026-08-23T21:18:33Z,3.438,10898.5,0.000,0.0,0.000,0.0,0.448,505.6,0.365,119.2,5.16,28.81,0.00,0.00,17.38
2026-08-23T21:18:34Z,3.376,10889.3,0.000,0.0,0.000,0.0,0.429,505.5,0.353,119.2,5.28,27.60,0.00,0.00,17.38
2026-08-23T21:18:35Z,3.358,10904.3,0.000,0.0,0.000,0.0,0.434,505.6,0.352,119.4,6.03,27.82,0.00,0.00,17.38
2026-08-23T21:18:37Z,3.377,10898.1,0.000,0.0,0.000,0.0,0.423,505.8,0.347,119.2,5.84,28.23,0.00,0.00,17.11
2026-08-23T21:18:38Z,3.686,10884.9,0.000,0.0,0.000,0.0,0.434,505.8,0.357,119.2,5.23,33.00,0.00,0.00,17.11
2026-08-23T21:18:39Z,5.178,10868.0,0.000,0.0,0.000,0.0,0.430,505.6,0.358,119.3,4.77,19.45,0.00,0.00,17.11
2026-08-23T21:18:40Z,5.625,10850.6,0.000,0.0,0.000,0.0,0.383,505.6,0.321,119.3,4.89,15.17,0.00,0.00,17.11
2026-08-23T21:18:41Z,5.116,10865.9,0.000,0.0,0.000,0.0,0.457,505.8,0.390,119.6,5.26,16.91,0.00,0.00,17.11
2026-08-23T21:18:42Z,5.060,10881.0,0.000,0.0,0.000,0.0,0.442,505.7,0.369,119.2,5.58,19.79,0.00,0.00,18.06
2026-08-23T21:18:43Z,5.133,10874.0,0.000,0.0,0.000,0.0,0.416,505.8,0.353,119.3,5.00,19.48,0.00,0.00,18.06
2026-08-23T21:18:44Z,5.092,10864.7,0.000,0.0,0.000,0.0,0.440,505.5,0.353,119.3,5.27,19.71,0.00,0.00,18.06
2026-08-23T21:18:45Z,5.047,10878.6,0.000,0.0,0.000,0.0,0.429,506.1,0.360,119.5,4.78,19.62,0.00,0.00,18.06
2026-08-23T21:18:46Z,3.774,10860.9,0.000,0.0,0.000,0.0,0.433,505.8,0.356,119.2,4.93,25.88,0.00,0.00,18.54
2026-08-23T21:18:47Z,3.558,10876.0,0.000,0.0,0.000,0.0,0.432,505.8,0.354,119.2,5.01,42.11,0.00,0.00,18.54
2026-08-23T21:18:48Z,3.490,10892.3,0.000,0.0,0.000,0.0,0.434,505.5,0.361,119.3,5.11,29.01,0.00,0.00,18.54
2026-08-23T21:18:50Z,4.891,10874.8,0.000,0.0,0.000,0.0,0.443,505.6,0.365,119.3,4.39,18.95,0.00,0.00,18.54
2026-08-23T21:18:51Z,3.507,10865.3,0.000,0.0,0.000,0.0,0.439,505.5,0.363,119.2,5.55,26.28,0.00,0.00,18.54
2026-08-23T21:18:52Z,3.543,10880.8,0.000,0.0,0.000,0.0,0.431,506.0,0.355,119.2,5.09,28.77,0.00,0.00,17.93
2026-08-23T21:18:53Z,3.656,10868.5,0.000,0.0,0.000,0.0,0.428,505.5,0.353,119.7,5.65,25.89,0.00,0.00,17.93
2026-08-23T21:18:54Z,3.679,10882.9,0.000,0.0,0.000,0.0,0.435,505.8,0.356,119.2,5.50,26.26,0.00,0.00,17.93
2026-08-23T21:18:55Z,3.452,10870.4,0.000,0.0,0.000,0.0,0.426,505.8,0.354,119.2,5.07,27.00,0.00,0.00,17.93
2026-08-23T21:18:56Z,3.321,10883.4,0.000,0.0,0.000,0.0,0.425,505.8,0.354,119.5,5.77,28.47,0.00,0.00,18.02
2026-08-23T21:18:57Z,3.809,10864.1,0.000,0.0,0.000,0.0,0.438,505.5,0.357,119.2,5.53,25.09,0.00,0.00,18.02
2026-08-23T21:18:58Z,5.042,10875.8,0.000,0.0,0.000,0.0,0.433,505.5,0.361,119.7,4.88,27.81,0.00,0.00,18.02
2026-08-23T21:18:59Z,5.482,10873.7,0.000,0.0,0.000,0.0,0.415,505.6,0.326,119.3,4.49,18.16,0.00,0.00,18.02
2026-08-23T21:19:00Z,5.278,10871.1,0.000,0.0,0.000,0.0,0.443,505.8,0.367,119.3,5.21,16.38,0.00,0.00,18.02
2026-08-23T21:19:01Z,5.084,10862.7,0.000,0.0,0.000,0.0,0.457,505.5,0.378,119.3,4.99,16.57,0.00,0.00,17.94
2026-08-23T21:19:03Z,5.149,10858.8,0.000,0.0,0.000,0.0,0.437,506.0,0.353,119.3,5.48,19.29,0.00,0.00,17.94
2026-08-23T21:19:04Z,5.127,10857.0,0.000,0.0,0.000,0.0,0.432,505.8,0.352,119.3,5.21,19.16,0.00,0.00,17.94
2026-08-23T21:19:05Z,4.796,10847.0,0.000,0.0,0.000,0.0,0.443,505.5,0.357,119.2,5.98,20.68,0.00,0.00,17.94
2026-08-23T21:19:06Z,3.780,10837.8,0.000,0.0,0.000,0.0,0.435,505.8,0.365,119.3,5.36,24.01,0.00,0.00,17.94
2026-08-23T21:19:07Z,3.418,10851.2,0.000,0.0,0.000,0.0,0.439,505.5,0.361,119.5,5.11,26.86,0.00,0.00,17.38
2026-08-23T21:19:08Z,3.325,10863.8,0.000,0.0,0.000,0.0,0.428,505.5,0.356,119.2,4.98,34.09,0.00,0.00,17.38
2026-08-23T21:19:09Z,4.439,10872.3,0.000,0.0,0.000,0.0,0.436,505.6,0.356,119.2,4.45,23.22,0.00,0.00,17.38
2026-08-23T21:19:10Z,4.032,10869.1,0.000,0.0,0.000,0.0,0.449,505.5,0.372,119.2,4.92,23.41,0.00,0.00,17.38
2026-08-23T21:19:11Z,3.401,10858.7,0.000,0.0,0.000,0.0,0.449,505.8,0.361,119.5,4.45,26.15,0.00,0.00,17.03
2026-08-23T21:19:12Z,3.422,10870.4,0.000,0.0,0.000,0.0,0.437,505.5,0.358,119.2,5.61,27.65,0.00,0.00,17.03
2026-08-23T21:19:13Z,3.331,10876.3,0.000,0.0,0.000,0.0,0.428,505.5,0.357,119.2,5.57,29.47,0.00,0.00,17.03
2026-08-23T21:19:14Z,3.353,10871.7,0.000,0.0,0.000,0.0,0.426,505.8,0.357,119.2,6.12,27.30,0.00,0.00,17.03
2026-08-23T21:19:16Z,3.360,10861.1,0.000,0.0,0.000,0.0,0.436,505.5,0.355,119.2,4.96,27.98,0.00,0.00,17.03
2026-08-23T21:19:17Z,3.496,10872.7,0.000,0.0,0.000,0.0,0.435,505.8,0.358,119.2,5.82,26.30,0.00,0.00,16.07
2026-08-23T21:19:18Z,3.901,10863.9,0.000,0.0,0.000,0.0,0.430,505.5,0.359,119.2,5.90,25.84,0.00,0.00,16.07
2026-08-23T21:19:19Z,3.954,10865.4,0.000,0.0,0.000,0.0,0.435,505.8,0.353,119.3,5.18,41.25,0.00,0.00,16.07
2026-08-23T21:19:20Z,4.676,10846.6,0.000,0.0,0.000,0.0,0.449,505.5,0.373,119.3,5.40,19.97,0.00,0.00,16.07
2026-08-23T21:19:21Z,3.585,10860.4,0.000,0.0,0.000,0.0,0.436,505.7,0.359,119.2,5.91,25.95,0.00,0.00,16.07
2026-08-23T21:19:22Z,3.752,10850.6,0.000,0.0,0.000,0.0,0.438,505.5,0.365,119.3,5.60,24.07,0.00,0.00,16.62
2026-08-23T21:19:23Z,4.652,10863.1,0.000,0.0,0.000,0.0,0.420,505.5,0.349,119.2,5.53,18.65,0.00,0.00,16.62
2026-08-23T21:19:24Z,4.057,10854.8,0.000,0.0,0.000,0.0,0.451,505.5,0.374,119.2,5.80,24.20,0.00,0.00,16.62
2026-08-23T21:19:25Z,3.416,10867.8,0.000,0.0,0.000,0.0,0.445,505.8,0.365,119.2,6.21,25.30,0.00,0.00,16.62
2026-08-23T21:19:26Z,3.794,10860.8,0.000,0.0,0.000,0.0,0.454,505.5,0.369,119.5,5.61,19.84,0.00,0.00,17.53
2026-08-23T21:19:27Z,3.772,10854.3,0.000,0.0,0.000,0.0,0.446,505.6,0.367,119.2,4.97,20.51,0.00,0.00,17.53
2026-08-23T21:19:29Z,4.034,10856.9,0.000,0.0,0.000,0.0,0.448,505.6,0.370,119.3,5.22,26.05,0.00,0.00,17.53
2026-08-23T21:19:30Z,4.951,10845.1,0.000,0.0,0.000,0.0,0.401,505.9,0.331,119.4,4.35,14.03,0.00,0.00,17.53
2026-08-23T21:19:31Z,4.549,10841.4,0.000,0.0,0.000,0.0,0.492,505.5,0.405,119.3,4.86,16.41,0.00,0.00,17.53
2026-08-23T21:19:32Z,4.099,10854.4,0.000,0.0,0.000,0.0,0.446,505.9,0.369,119.3,4.88,20.11,0.00,0.00,17.49
2026-08-23T21:19:33Z,3.379,10845.3,0.000,0.0,0.000,0.0,0.443,505.8,0.359,119.3,4.77,19.92,0.00,0.00,17.49
2026-08-23T21:19:34Z,3.350,10857.2,0.000,0.0,0.000,0.0,0.435,505.8,0.355,119.3,5.88,27.08,0.00,0.00,17.49
2026-08-23T21:19:35Z,3.354,10850.3,0.000,0.0,0.000,0.0,0.440,505.6,0.364,119.3,4.94,26.64,0.00,0.00,17.49
2026-08-23T21:19:36Z,3.320,10842.7,0.000,0.0,0.000,0.0,0.426,505.8,0.351,119.2,5.47,28.41,0.00,0.00,17.05
2026-08-23T21:19:37Z,3.302,10853.9,0.000,0.0,0.000,0.0,0.428,505.6,0.351,119.2,5.63,27.10,0.00,0.00,17.05
2026-08-23T21:19:38Z,3.344,10848.3,0.000,0.0,0.000,0.0,0.427,505.6,0.355,119.3,5.42,34.23,0.00,0.00,17.05
2026-08-23T21:19:39Z,4.684,10829.6,0.000,0.0,0.000,0.0,0.432,505.8,0.364,119.3,5.29,19.48,0.00,0.00,17.05
2026-08-23T21:19:40Z,3.853,10835.3,0.000,0.0,0.000,0.0,0.445,505.5,0.374,119.2,5.68,22.67,0.00,0.00,17.05
2026-08-23T21:19:42Z,3.375,10846.4,0.000,0.0,0.000,0.0,0.430,505.8,0.351,119.4,5.29,25.80,0.00,0.00,16.97
2026-08-23T21:19:43Z,3.394,10833.8,0.000,0.0,0.000,0.0,0.440,505.5,0.362,119.2,7.17,26.21,0.00,0.00,16.97
2026-08-23T21:19:44Z,3.535,10848.8,0.000,0.0,0.000,0.0,0.439,505.5,0.360,119.2,6.23,26.33,0.00,0.00,16.97
2026-08-23T21:19:45Z,3.396,10835.3,0.000,0.0,0.000,0.0,0.436,505.8,0.359,119.2,6.24,25.31,0.00,0.00,16.97
2026-08-23T21:19:46Z,3.895,10822.1,0.000,0.0,0.000,0.0,0.439,505.5,0.361,119.2,5.79,22.54,0.00,0.00,16.97
2026-08-23T21:19:47Z,5.138,10833.9,0.000,0.0,0.000,0.0,0.422,505.8,0.363,119.2,4.99,18.06,0.00,0.00,17.85
2026-08-23T21:19:48Z,4.971,10827.8,0.000,0.0,0.000,0.0,0.424,505.8,0.347,119.2,4.78,17.48,0.00,0.00,17.85
2026-08-23T21:19:49Z,5.262,10826.0,0.000,0.0,0.000,0.0,0.424,505.5,0.350,119.5,4.27,32.94,0.00,0.00,17.85
2026-08-23T21:19:50Z,5.539,10823.3,0.000,0.0,0.000,0.0,0.439,505.6,0.350,119.3,4.07,13.09,0.00,0.00,17.85
2026-08-23T21:19:51Z,5.129,10810.1,0.000,0.0,0.000,0.0,0.465,505.8,0.386,119.3,4.43,16.10,0.00,0.00,18.18
2026-08-23T21:19:52Z,5.086,10821.2,0.000,0.0,0.000,0.0,0.424,505.5,0.352,119.3,4.43,17.96,0.00,0.00,18.18
2026-08-23T21:19:53Z,5.225,10808.1,0.000,0.0,0.000,0.0,0.430,505.6,0.353,119.3,4.14,16.55,0.00,0.00,18.18
2026-08-23T21:19:55Z,4.434,10787.5,0.000,0.0,0.000,0.0,0.438,506.0,0.354,119.5,4.28,21.50,0.00,0.00,18.18
2026-08-23T21:19:56Z,3.317,10800.9,0.000,0.0,0.000,0.0,0.439,505.8,0.359,119.3,6.85,25.39,0.00,0.00,18.18
2026-08-23T21:19:57Z,3.386,10814.2,0.000,0.0,0.000,0.0,0.428,506.0,0.345,119.4,5.94,25.72,0.00,0.00,17.69
2026-08-23T21:19:58Z,3.289,10825.4,0.000,0.0,0.000,0.0,0.420,505.8,0.351,119.2,4.69,26.42,0.00,0.00,17.69
2026-08-23T21:19:59Z,3.779,10826.7,0.000,0.0,0.000,0.0,0.438,505.6,0.352,119.3,4.68,31.56,0.00,0.00,17.69
2026-08-23T21:20:00Z,4.516,10825.6,0.000,0.0,0.000,0.0,0.438,505.5,0.373,119.2,5.31,16.70,0.00,0.00,17.69
2026-08-23T21:20:01Z,3.442,10814.6,0.000,0.0,0.000,0.0,0.445,505.5,0.367,119.3,6.11,25.36,0.00,0.00,17.95
2026-08-23T21:20:02Z,3.627,10828.7,0.000,0.0,0.000,0.0,0.468,505.5,0.385,119.3,4.97,23.77,0.00,0.00,17.95
2026-08-23T21:20:03Z,3.333,10813.6,0.000,0.0,0.000,0.0,0.425,506.3,0.350,119.3,5.25,26.76,0.00,0.00,17.95
2026-08-23T21:20:04Z,3.352,10826.6,0.000,0.0,0.000,0.0,0.437,505.8,0.359,119.3,5.71,26.56,0.00,0.00,17.95
2026-08-23T21:20:05Z,3.318,10812.9,0.000,0.0,0.000,0.0,0.423,505.8,0.348,119.2,5.62,26.67,0.00,0.00,17.95
2026-08-23T21:20:06Z,3.385,10826.1,0.000,0.0,0.000,0.0,0.442,505.8,0.359,119.2,6.05,26.03,0.00,0.00,17.32
2026-08-23T21:20:08Z,3.362,10814.4,0.000,0.0,0.000,0.0,0.431,506.0,0.355,119.2,5.87,27.64,0.00,0.00,17.32
2026-08-23T21:20:09Z,3.407,10808.4,0.000,0.0,0.000,0.0,0.425,505.5,0.354,119.2,5.52,25.97,0.00,0.00,17.32
2026-08-23T21:20:10Z,4.874,10786.3,0.000,0.0,0.000,0.0,0.447,505.6,0.361,119.2,4.82,24.66,0.00,0.00,17.32
2026-08-23T21:20:11Z,3.547,10800.8,0.000,0.0,0.000,0.0,0.440,505.5,0.354,119.2,5.65,26.72,0.00,0.00,17.32
2026-08-23T21:20:12Z,3.350,10815.0,0.000,0.0,0.000,0.0,0.432,505.8,0.356,119.2,5.63,27.80,0.00,0.00,16.97
2026-08-23T21:20:13Z,3.381,10801.6,0.000,0.0,0.000,0.0,0.429,505.5,0.347,119.2,5.57,27.98,0.00,0.00,16.97
2026-08-23T21:20:14Z,3.287,10815.5,0.000,0.0,0.000,0.0,0.430,505.5,0.353,119.2,6.06,28.87,0.00,0.00,16.97
2026-08-23T21:20:15Z,3.391,10828.5,0.000,0.0,0.000,0.0,0.437,505.5,0.357,119.2,6.36,28.15,0.00,0.00,16.97
2026-08-23T21:20:16Z,3.415,10816.4,0.000,0.0,0.000,0.0,0.441,505.5,0.363,119.1,6.43,28.97,0.00,0.00,16.17
2026-08-23T21:20:17Z,3.465,10830.7,0.000,0.0,0.000,0.0,0.431,505.8,0.351,119.2,5.77,28.78,0.00,0.00,16.17
2026-08-23T21:20:18Z,3.514,10818.3,0.000,0.0,0.000,0.0,0.432,505.5,0.355,119.2,5.77,29.01,0.00,0.00,16.17
2026-08-23T21:20:19Z,4.687,10829.0,0.000,0.0,0.000,0.0,0.420,505.8,0.355,119.3,5.09,36.76,0.00,0.00,16.17
2026-08-23T21:20:20Z,3.692,10817.5,0.000,0.0,0.000,0.0,0.446,505.5,0.372,119.2,5.62,26.00,0.00,0.00,16.17
2026-08-23T21:20:22Z,3.494,10830.8,0.000,0.0,0.000,0.0,0.432,506.2,0.345,119.2,5.92,27.24,0.00,0.00,15.68
2026-08-23T21:20:23Z,3.484,10845.4,0.000,0.0,0.000,0.0,0.431,505.8,0.349,119.2,6.25,29.30,0.00,0.00,15.68
2026-08-23T21:20:24Z,3.728,10831.9,0.000,0.0,0.000,0.0,0.426,505.5,0.355,119.2,5.24,28.49,0.00,0.00,15.68
2026-08-23T21:20:25Z,3.427,10844.2,0.000,0.0,0.000,0.0,0.423,505.7,0.355,119.2,5.51,29.56,0.00,0.00,15.68
2026-08-23T21:20:26Z,3.600,10832.9,0.000,0.0,0.000,0.0,0.452,505.6,0.370,119.2,5.16,29.08,0.00,0.00,15.68
2026-08-23T21:20:27Z,4.737,10821.3,0.000,0.0,0.000,0.0,0.441,505.5,0.353,119.2,5.38,24.02,0.00,0.00,16.18
2026-08-23T21:20:28Z,4.366,10832.8,0.000,0.0,0.000,0.0,0.436,505.6,0.359,119.2,5.28,27.15,0.00,0.00,16.18
2026-08-23T21:20:29Z,4.864,10841.9,0.000,0.0,0.000,0.0,0.438,505.5,0.364,119.3,17.53,24.56,0.00,0.00,16.18
2026-08-23T21:20:30Z,4.358,10829.3,0.000,0.0,0.000,0.0,0.465,505.5,0.383,119.3,116.83,34.70,0.00,0.00,16.18
2026-08-23T21:20:31Z,4.137,10840.5,0.000,0.0,0.000,0.0,0.461,505.5,0.376,119.3,90.22,28.61,0.00,0.00,16.41
2026-08-23T21:20:32Z,4.407,10816.2,0.000,0.0,0.000,0.0,0.431,505.5,0.357,119.2,17.46,31.47,0.00,0.00,16.41
2026-08-23T21:20:33Z,3.719,10823.6,0.000,0.0,0.000,0.0,0.450,505.8,0.367,119.3,5.72,30.33,0.00,0.00,16.41
2026-08-23T21:20:35Z,3.394,10811.5,0.000,0.0,0.000,0.0,0.431,505.5,0.355,119.2,5.67,30.67,0.00,0.00,16.41
2026-08-23T21:20:36Z,3.331,10824.4,0.000,0.0,0.000,0.0,0.433,505.5,0.357,119.2,5.45,30.86,0.00,0.00,16.41
2026-08-23T21:20:37Z,3.478,10813.7,0.000,0.0,0.000,0.0,0.447,505.5,0.369,119.2,5.66,29.88,0.00,0.00,15.73
2026-08-23T21:20:38Z,3.346,10827.6,0.000,0.0,0.000,0.0,0.432,505.7,0.356,119.2,5.76,30.59,0.00,0.00,15.73
2026-08-23T21:20:39Z,3.853,10828.9,0.000,0.0,0.000,0.0,0.437,505.5,0.356,119.2,5.29,28.17,0.00,0.00,15.73
2026-08-23T21:20:40Z,4.616,10801.9,0.000,0.0,0.000,0.0,0.456,505.7,0.369,119.2,5.01,29.95,0.00,0.00,15.73
2026-08-23T21:20:41Z,3.467,10817.1,0.000,0.0,0.000,0.0,0.441,505.5,0.365,119.2,5.40,28.07,0.00,0.00,15.60
2026-08-23T21:20:42Z,3.348,10805.2,0.000,0.0,0.000,0.0,0.429,505.7,0.349,119.2,4.90,30.48,0.00,0.00,15.60
2026-08-23T21:20:43Z,3.339,10818.4,0.000,0.0,0.000,0.0,0.435,505.5,0.358,119.5,5.66,30.84,0.00,0.00,15.60
2026-08-23T21:20:44Z,3.602,10806.6,0.000,0.0,0.000,0.0,0.446,505.5,0.356,119.2,5.98,29.24,0.00,0.00,15.60
2026-08-23T21:20:45Z,3.300,10819.9,0.000,0.0,0.000,0.0,0.430,505.5,0.349,119.2,5.54,28.44,0.00,0.00,15.60
2026-08-23T21:20:46Z,3.383,10808.8,0.000,0.0,0.000,0.0,0.439,505.5,0.359,119.2,5.66,28.71,0.00,0.00,15.15
2026-08-23T21:20:48Z,3.549,10819.9,0.000,0.0,0.000,0.0,0.429,505.7,0.351,119.2,5.13,26.97,0.00,0.00,15.15
2026-08-23T21:20:49Z,3.554,10818.5,0.000,0.0,0.000,0.0,0.426,506.0,0.355,119.5,4.83,27.49,0.00,0.00,15.15
2026-08-23T21:20:50Z,4.708,10798.2,0.000,0.0,0.000,0.0,0.439,505.7,0.360,119.4,4.71,19.54,0.00,0.00,15.15
2026-08-23T21:20:51Z,3.387,10810.3,0.000,0.0,0.000,0.0,0.432,505.8,0.354,119.4,5.27,58.39,0.00,0.00,15.15
2026-08-23T21:20:52Z,3.527,10800.2,0.000,0.0,0.000,0.0,0.445,505.5,0.356,119.2,5.52,27.79,0.00,0.00,14.89
2026-08-23T21:20:53Z,3.759,10813.4,0.000,0.0,0.000,0.0,0.427,505.5,0.351,119.2,4.94,26.45,0.00,0.00,14.89
2026-08-23T21:20:54Z,3.614,10801.3,0.000,0.0,0.000,0.0,0.442,505.5,0.360,119.2,5.19,27.39,0.00,0.00,14.89
2026-08-23T21:20:55Z,4.891,10796.7,0.000,0.0,0.000,0.0,0.424,505.4,0.358,119.4,5.11,19.71,0.00,0.00,14.89
2026-08-23T21:20:56Z,5.126,10808.9,0.000,0.0,0.000,0.0,0.430,505.5,0.344,119.2,5.17,20.65,0.00,0.00,15.94
2026-08-23T21:20:57Z,4.512,10773.5,0.000,0.0,0.000,0.0,0.434,505.8,0.357,119.2,5.07,18.07,0.00,0.00,15.94
2026-08-23T21:20:58Z,5.050,10788.0,0.000,0.0,0.000,0.0,0.426,505.5,0.347,119.5,5.18,20.84,0.00,0.00,15.94
2026-08-23T21:20:59Z,5.493,10792.0,0.000,0.0,0.000,0.0,0.431,506.0,0.338,119.3,4.46,15.59,0.00,0.00,15.94
2026-08-23T21:21:01Z,5.252,10788.8,0.000,0.0,0.000,0.0,0.429,505.5,0.363,119.3,5.01,23.81,0.00,0.00,15.94
2026-08-23T21:21:02Z,5.120,10778.8,0.000,0.0,0.000,0.0,0.437,505.8,0.370,119.3,5.28,19.47,0.00,0.00,16.43
2026-08-23T21:21:03Z,4.896,10770.2,0.000,0.0,0.000,0.0,0.441,505.5,0.359,119.2,5.08,19.61,0.00,0.00,16.43
2026-08-23T21:21:04Z,3.347,10776.8,0.000,0.0,0.000,0.0,0.435,505.7,0.358,119.3,6.21,27.29,0.00,0.00,16.43
2026-08-23T21:21:05Z,3.524,10790.3,0.000,0.0,0.000,0.0,0.453,505.7,0.370,119.2,5.60,26.24,0.00,0.00,16.43
2026-08-23T21:21:06Z,4.448,10784.5,0.000,0.0,0.000,0.0,0.450,505.5,0.366,119.2,5.12,21.67,0.00,0.00,16.72
2026-08-23T21:21:07Z,4.857,10771.1,0.000,0.0,0.000,0.0,0.430,505.5,0.351,119.2,4.68,18.50,0.00,0.00,16.72
2026-08-23T21:21:08Z,5.090,10782.5,0.000,0.0,0.000,0.0,0.442,505.5,0.360,119.2,5.36,18.25,0.00,0.00,16.72
2026-08-23T21:21:09Z,5.536,10786.9,0.000,0.0,0.000,0.0,0.407,505.6,0.343,119.3,4.63,16.80,0.00,0.00,16.72
2026-08-23T21:21:10Z,5.247,10780.3,0.000,0.0,0.000,0.0,0.448,505.8,0.380,119.3,4.95,15.12,0.00,0.00,16.72
2026-08-23T21:21:11Z,5.189,10769.5,0.000,0.0,0.000,0.0,0.445,505.5,0.360,119.3,5.23,25.37,0.00,0.00,16.90
2026-08-23T21:21:13Z,4.964,10781.2,0.000,0.0,0.000,0.0,0.430,505.7,0.356,119.2,5.01,19.70,0.00,0.00,16.90
2026-08-23T21:21:14Z,4.884,10750.3,0.000,0.0,0.000,0.0,0.433,505.6,0.370,119.6,5.38,19.07,0.00,0.00,16.90
2026-08-23T21:21:15Z,3.657,10749.9,0.000,0.0,0.000,0.0,0.440,505.5,0.353,119.2,5.70,24.20,0.00,0.00,16.90
2026-08-23T21:21:16Z,3.329,10765.4,0.000,0.0,0.000,0.0,0.432,505.8,0.362,119.5,5.85,29.70,0.00,0.00,16.90
2026-08-23T21:21:17Z,3.658,10780.0,0.000,0.0,0.000,0.0,0.434,505.8,0.358,119.2,5.87,29.31,0.00,0.00,16.99
2026-08-23T21:21:18Z,4.206,10793.6,0.000,0.0,0.000,0.0,0.427,505.5,0.351,119.5,4.95,25.37,0.00,0.00,16.99
2026-08-23T21:21:19Z,4.293,10792.6,0.000,0.0,0.000,0.0,0.429,505.5,0.355,119.6,5.11,24.91,0.00,0.00,16.99
2026-08-23T21:21:20Z,4.487,10769.9,0.000,0.0,0.000,0.0,0.451,505.5,0.371,119.2,5.18,19.97,0.00,0.00,16.99
2026-08-23T21:21:21Z,3.605,10781.9,0.000,0.0,0.000,0.0,0.446,505.5,0.367,119.3,5.46,41.57,0.00,0.00,17.47
2026-08-23T21:21:22Z,3.963,10794.4,0.000,0.0,0.000,0.0,0.432,505.5,0.358,119.2,5.35,23.56,0.00,0.00,17.47
2026-08-23T21:21:23Z,4.849,10782.2,0.000,0.0,0.000,0.0,0.425,505.9,0.353,119.3,5.55,18.95,0.00,0.00,17.47
2026-08-23T21:21:24Z,4.036,10794.6,0.000,0.0,0.000,0.0,0.443,505.5,0.362,119.2,5.81,24.91,0.00,0.00,17.47
2026-08-23T21:21:26Z,3.419,10782.6,0.000,0.0,0.000,0.0,0.441,505.5,0.358,119.2,6.51,27.12,0.00,0.00,17.47
2026-08-23T21:21:27Z,3.956,10772.1,0.000,0.0,0.000,0.0,0.447,506.0,0.365,119.3,7.07,24.92,0.00,0.00,17.35
2026-08-23T21:21:28Z,3.623,10786.2,0.000,0.0,0.000,0.0,0.444,505.5,0.362,119.2,6.79,27.11,0.00,0.00,17.35
2026-08-23T21:21:29Z,3.826,10788.3,0.000,0.0,0.000,0.0,0.437,505.6,0.355,119.3,6.35,27.30,0.00,0.00,17.35
2026-08-23T21:21:30Z,4.902,10763.2,0.000,0.0,0.000,0.0,0.447,505.8,0.375,119.2,5.48,19.56,0.00,0.00,17.35
2026-08-23T21:21:31Z,4.331,10776.2,0.000,0.0,0.000,0.0,0.448,505.5,0.366,119.3,5.69,31.58,0.00,0.00,17.35
2026-08-23T21:21:32Z,4.351,10764.8,0.000,0.0,0.000,0.0,0.438,505.5,0.352,119.5,5.93,24.09,0.00,0.00,17.88
2026-08-23T21:21:33Z,3.707,10777.7,0.000,0.0,0.000,0.0,0.436,506.0,0.358,119.2,6.42,28.66,0.00,0.00,17.88
2026-08-23T21:21:34Z,3.355,10768.0,0.000,0.0,0.000,0.0,0.436,506.0,0.363,119.2,6.72,29.58,0.00,0.00,17.88
2026-08-23T21:21:35Z,3.421,10781.7,0.000,0.0,0.000,0.0,0.436,505.5,0.359,119.2,6.67,27.65,0.00,0.00,17.88
2026-08-23T21:21:36Z,3.373,10768.7,0.000,0.0,0.000,0.0,0.435,506.0,0.365,119.2,6.43,29.52,0.00,0.00,17.49
2026-08-23T21:21:37Z,3.366,10781.2,0.000,0.0,0.000,0.0,0.438,505.5,0.362,119.2,6.10,29.03,0.00,0.00,17.49
2026-08-23T21:21:39Z,3.435,10775.5,0.000,0.0,0.000,0.0,0.429,505.5,0.352,119.2,5.54,28.67,0.00,0.00,17.49
2026-08-23T21:21:40Z,4.786,10754.7,0.000,0.0,0.000,0.0,0.435,505.5,0.369,119.3,5.21,21.27,0.00,0.00,17.49
2026-08-23T21:21:41Z,3.522,10768.6,0.000,0.0,0.000,0.0,0.442,505.5,0.364,119.2,5.53,28.56,0.00,0.00,17.49
2026-08-23T21:21:42Z,3.331,10780.8,0.000,0.0,0.000,0.0,0.438,505.5,0.359,119.2,5.93,36.82,0.00,0.00,17.61
2026-08-23T21:21:43Z,3.352,10767.1,0.000,0.0,0.000,0.0,0.435,505.8,0.358,119.2,5.47,28.29,0.00,0.00,17.61
2026-08-23T21:21:44Z,3.303,10778.3,0.000,0.0,0.000,0.0,0.424,505.5,0.348,119.2,4.97,30.50,0.00,0.00,17.61
2026-08-23T21:21:45Z,3.546,10767.9,0.000,0.0,0.000,0.0,0.442,505.8,0.365,119.4,6.07,32.01,0.00,0.00,17.61
2026-08-23T21:21:46Z,3.358,10753.8,0.000,0.0,0.000,0.0,0.438,505.7,0.354,119.4,5.28,29.02,0.00,0.00,16.92
2026-08-23T21:21:47Z,3.413,10766.5,0.000,0.0,0.000,0.0,0.431,505.5,0.354,119.4,5.38,30.43,0.00,0.00,16.92
2026-08-23T21:21:48Z,3.503,10753.9,0.000,0.0,0.000,0.0,0.439,505.5,0.358,119.2,5.02,28.53,0.00,0.00,16.92
2026-08-23T21:21:49Z,4.608,10769.3,0.000,0.0,0.000,0.0,0.444,505.6,0.367,119.3,43.65,25.86,0.00,0.00,16.92
2026-08-23T21:21:50Z,4.103,10754.4,0.000,0.0,0.000,0.0,0.461,505.5,0.375,119.3,117.10,24.56,0.00,0.00,16.92
2026-08-23T21:21:52Z,4.350,10729.5,0.000,0.0,0.000,0.0,0.431,505.5,0.358,119.3,48.25,39.76,0.00,0.00,17.25
2026-08-23T21:21:53Z,3.710,10748.5,0.000,0.0,0.000,0.0,0.440,505.5,0.360,119.3,4.54,29.48,0.00,0.00,17.25
2026-08-23T21:21:54Z,3.788,10740.5,0.000,0.0,0.000,0.0,0.435,505.5,0.359,119.3,4.72,27.88,0.00,0.00,17.25
2026-08-23T21:21:55Z,3.430,10757.7,0.000,0.0,0.000,0.0,0.430,505.8,0.353,119.3,5.15,29.86,0.00,0.00,17.25
2026-08-23T21:21:56Z,3.294,10747.8,0.000,0.0,0.000,0.0,0.435,505.5,0.358,119.3,4.84,30.16,0.00,0.00,17.25
2026-08-23T21:21:57Z,3.265,10738.8,0.000,0.0,0.000,0.0,0.422,505.7,0.351,119.3,5.07,30.03,0.00,0.00,16.51
2026-08-23T21:21:58Z,3.413,10746.1,0.000,0.0,0.000,0.0,0.434,505.5,0.359,119.3,5.47,28.99,0.00,0.00,16.51
2026-08-23T21:21:59Z,4.369,10773.1,0.000,0.0,0.000,0.0,0.449,505.5,0.367,119.3,241.68,28.67,0.00,0.00,16.51
2026-08-23T21:22:00Z,4.267,11047.0,0.000,0.0,0.000,0.0,0.436,505.5,0.359,119.2,198.17,23.67,0.00,0.00,16.51
2026-08-23T21:22:01Z,4.174,11303.1,0.000,0.0,0.000,0.0,0.443,505.8,0.364,119.4,260.84,102.26,0.00,0.00,17.75
2026-08-23T21:22:02Z,3.451,11432.1,0.000,0.0,0.000,0.0,0.390,505.7,0.321,119.7,208.84,398.70,0.00,0.00,17.75
2026-08-23T21:22:03Z,5.297,11502.7,0.000,0.0,0.000,0.0,0.418,505.7,0.352,119.7,107.41,16.83,0.00,0.00,17.75
2026-08-23T21:22:05Z,5.286,11552.3,0.000,0.0,0.000,0.0,0.439,505.9,0.370,119.6,107.45,17.32,0.00,0.00,17.75
2026-08-23T21:22:06Z,5.365,11622.3,0.000,0.0,0.000,0.0,0.438,505.7,0.372,119.6,172.83,16.96,0.00,0.00,17.75
2026-08-23T21:22:07Z,5.239,11703.2,0.000,0.0,0.000,0.0,0.473,505.6,0.381,119.6,171.65,15.53,0.00,0.00,18.49
2026-08-23T21:22:08Z,5.128,11778.1,0.000,0.0,0.000,0.0,0.431,505.7,0.352,119.6,155.29,70.01,0.00,0.00,18.49
2026-08-23T21:22:09Z,5.100,11820.3,0.000,0.0,0.000,0.0,0.426,505.9,0.356,119.6,144.07,92.43,0.00,0.00,18.49
2026-08-23T21:22:10Z,5.142,11915.9,0.000,0.0,0.000,0.0,0.439,505.6,0.358,119.5,173.75,95.50,0.00,0.00,18.49
2026-08-23T21:22:11Z,5.170,11966.0,0.000,0.0,0.000,0.0,0.449,505.7,0.370,119.7,176.58,92.32,0.00,0.00,19.01
2026-08-23T21:22:12Z,5.116,12014.1,0.000,0.0,0.000,0.0,0.441,505.7,0.361,119.5,123.93,90.30,0.00,0.00,19.01
2026-08-23T21:22:13Z,4.522,12010.2,0.000,0.0,0.000,0.0,0.336,506.1,0.276,119.6,117.18,350.61,0.00,0.00,19.01
2026-08-23T21:22:14Z,4.773,12073.5,0.000,0.0,0.000,0.0,0.510,505.8,0.432,119.6,205.90,17.56,0.00,0.00,19.01
2026-08-23T21:22:15Z,4.584,12139.1,0.000,0.0,0.000,0.0,0.472,505.8,0.389,119.7,279.04,20.83,0.00,0.00,19.01
2026-08-23T21:22:17Z,4.384,12204.5,0.000,0.0,0.000,0.0,0.430,505.8,0.360,119.6,309.87,95.55,0.00,0.00,18.77
2026-08-23T21:22:18Z,4.420,12228.4,0.000,0.0,0.000,0.0,0.440,505.8,0.361,119.6,239.28,119.47,0.00,0.00,18.77
2026-08-23T21:22:19Z,3.211,12229.1,0.000,0.0,0.000,0.0,0.404,505.9,0.329,119.6,211.27,397.18,0.00,0.00,18.77
2026-08-23T21:22:20Z,4.653,12254.6,0.000,0.0,0.000,0.0,0.490,505.8,0.405,119.6,253.70,18.72,0.00,0.00,18.77
2026-08-23T21:22:21Z,4.451,12306.5,0.000,0.0,0.000,0.0,0.455,505.8,0.376,119.6,253.37,21.83,0.00,0.00,18.77
2026-08-23T21:22:22Z,4.305,12306.0,0.000,0.0,0.000,0.0,0.439,505.8,0.349,119.5,241.71,114.99,0.00,0.00,18.87
2026-08-23T21:22:23Z,4.893,12334.0,0.000,0.0,0.000,0.0,0.411,506.1,0.323,119.7,189.85,113.72,0.00,0.00,18.87
2026-08-23T21:22:24Z,3.811,12318.8,0.000,0.0,0.000,0.0,0.395,506.1,0.324,119.5,164.10,355.63,0.00,0.00,18.87
2026-08-23T21:22:25Z,4.575,12375.7,0.000,0.0,0.000,0.0,0.524,506.1,0.447,119.6,197.54,24.62,0.00,0.00,18.87
2026-08-23T21:22:26Z,4.609,12373.9,0.000,0.0,0.000,0.0,0.462,506.0,0.374,119.6,233.39,20.45,0.00,0.00,19.28
2026-08-23T21:22:27Z,4.989,12388.9,0.000,0.0,0.000,0.0,0.434,505.8,0.358,119.6,214.32,23.80,0.00,0.00,19.28
2026-08-23T21:22:29Z,4.784,12416.1,0.000,0.0,0.000,0.0,0.440,506.3,0.359,119.6,199.98,109.72,0.00,0.00,19.28
2026-08-23T21:22:30Z,3.952,12412.3,0.000,0.0,0.000,0.0,0.399,506.0,0.334,119.9,152.31,365.35,0.00,0.00,19.28
2026-08-23T21:22:31Z,5.008,12421.5,0.000,0.0,0.000,0.0,0.468,505.8,0.399,119.6,217.67,17.85,0.00,0.00,19.28
2026-08-23T21:22:32Z,4.579,12393.8,0.000,0.0,0.000,0.0,0.447,505.8,0.367,119.6,259.34,21.49,0.00,0.00,19.82
2026-08-23T21:22:33Z,5.062,12436.0,0.000,0.0,0.000,0.0,0.441,505.9,0.359,119.6,162.84,20.66,0.00,0.00,19.82
2026-08-23T21:22:34Z,4.398,12432.9,0.000,0.0,0.000,0.0,0.450,505.8,0.372,119.5,127.85,107.83,0.00,0.00,19.82
2026-08-23T21:22:35Z,3.714,12413.1,0.000,0.0,0.000,0.0,0.415,505.9,0.353,119.5,4.60,410.22,0.00,0.00,19.82
2026-08-23T21:22:36Z,4.339,12423.2,0.000,0.0,0.000,0.0,0.439,506.3,0.362,119.5,116.76,24.84,0.00,0.00,19.59
2026-08-23T21:22:37Z,4.130,12427.0,0.000,0.0,0.000,0.0,0.441,506.1,0.363,119.5,141.50,25.06,0.00,0.00,19.59
2026-08-23T21:22:38Z,4.235,12457.9,0.000,0.0,0.000,0.0,0.447,505.9,0.366,119.6,166.77,25.90,0.00,0.00,19.59
2026-08-23T21:22:39Z,4.193,12420.3,0.000,0.0,0.000,0.0,0.438,505.8,0.363,119.5,189.37,24.37,0.00,0.00,19.59
2026-08-23T21:22:40Z,4.205,12444.9,0.000,0.0,0.000,0.0,0.446,505.9,0.369,119.4,196.85,25.29,0.00,0.00,19.59
2026-08-23T21:22:42Z,4.345,12431.4,0.000,0.0,0.000,0.0,0.448,505.8,0.367,119.3,215.75,25.13,0.00,0.00,20.03
2026-08-23T21:22:43Z,4.787,12426.0,0.000,0.0,0.000,0.0,0.435,505.9,0.352,119.4,191.70,24.26,0.00,0.00,20.03
2026-08-23T21:22:44Z,5.109,12434.9,0.000,0.0,0.000,0.0,0.435,506.1,0.363,119.9,185.63,17.51,0.00,0.00,20.03
2026-08-23T21:22:45Z,4.231,12451.1,0.000,0.0,0.000,0.0,0.439,505.7,0.360,119.3,197.22,25.02,0.00,0.00,20.03
2026-08-23T21:22:46Z,4.313,12446.6,0.000,0.0,0.000,0.0,0.451,505.7,0.369,119.3,167.73,27.24,0.01,0.01,20.03
2026-08-23T21:22:47Z,4.381,12417.6,0.000,0.0,0.000,0.0,0.430,505.9,0.359,119.3,193.16,25.17,0.00,0.00,20.02
2026-08-23T21:22:48Z,4.605,12450.3,0.000,0.0,0.000,0.0,0.430,505.7,0.363,119.3,202.31,26.57,0.00,0.00,20.02
2026-08-23T21:22:49Z,4.283,12431.7,0.000,0.0,0.000,0.0,0.441,505.7,0.355,119.3,208.68,26.43,0.00,0.00,20.02
2026-08-23T21:22:50Z,4.155,12432.9,0.000,0.0,0.000,0.0,0.443,506.2,0.362,119.3,170.89,27.29,0.00,0.00,20.02
2026-08-23T21:22:51Z,4.305,12448.4,0.000,0.0,0.000,0.0,0.443,505.7,0.369,119.3,193.98,26.66,0.00,0.00,20.10
2026-08-23T21:22:52Z,4.585,12396.9,0.000,0.0,0.000,0.0,0.439,505.7,0.361,119.3,161.56,24.45,0.00,0.00,20.10
2026-08-23T21:22:53Z,5.189,12442.2,0.000,0.0,0.000,0.0,0.423,505.7,0.347,119.3,131.16,26.07,0.00,0.00,20.10
2026-08-23T21:22:55Z,4.822,12410.2,0.000,0.0,0.000,0.0,0.458,505.7,0.388,119.5,45.83,19.69,0.00,0.00,20.10
2026-08-23T21:22:56Z,3.695,10895.1,0.000,0.0,0.000,0.0,0.430,505.7,0.357,119.3,3.59,24.23,0.00,0.00,20.10
2026-08-23T21:22:57Z,3.218,10909.0,0.000,0.0,0.000,0.0,0.428,505.7,0.359,119.2,4.00,25.62,0.00,0.00,21.22
2026-08-23T21:22:58Z,3.325,10924.3,0.000,0.0,0.000,0.0,0.437,505.9,0.360,119.5,4.66,30.63,0.00,0.00,21.22
2026-08-23T21:22:59Z,3.288,10940.3,0.000,0.0,0.000,0.0,0.429,505.9,0.350,119.2,5.58,29.28,0.00,0.00,21.22
2026-08-23T21:23:00Z,3.289,10955.8,0.000,0.0,0.000,0.0,0.432,505.9,0.357,119.2,5.84,29.47,0.00,0.00,21.22
2026-08-23T21:23:01Z,3.315,10971.8,0.000,0.0,0.000,0.0,0.432,505.7,0.353,119.2,5.28,29.87,0.00,0.00,20.88
2026-08-23T21:23:02Z,3.553,10989.2,0.000,0.0,0.000,0.0,0.461,505.9,0.379,119.2,5.11,26.52,0.00,0.00,20.88
2026-08-23T21:23:03Z,4.797,11035.6,0.000,0.0,0.000,0.0,0.436,506.5,0.363,119.3,15.81,33.40,0.00,0.00,20.88
2026-08-23T21:23:04Z,3.827,11031.8,0.000,0.0,0.000,0.0,0.447,505.9,0.369,119.2,4.36,27.42,0.00,0.00,20.88
2026-08-23T21:23:05Z,3.322,11048.1,0.000,0.0,0.000,0.0,0.438,505.9,0.360,119.2,5.72,39.33,0.00,0.00,20.88
2026-08-23T21:23:06Z,3.396,11064.7,0.000,0.0,0.000,0.0,0.449,505.9,0.364,119.2,5.54,30.37,0.00,0.00,20.25
2026-08-23T21:23:08Z,3.328,11080.5,0.000,0.0,0.000,0.0,0.428,505.6,0.355,119.2,5.91,30.50,0.00,0.00,20.25
2026-08-23T21:23:09Z,3.314,11098.7,0.000,0.0,0.000,0.0,0.437,505.9,0.360,119.2,6.63,30.56,0.00,0.00,20.25
2026-08-23T21:23:10Z,3.308,11115.0,0.000,0.0,0.000,0.0,0.428,505.6,0.358,119.2,6.04,30.86,0.00,0.00,20.25
2026-08-23T21:23:11Z,3.316,11130.7,0.000,0.0,0.000,0.0,0.430,505.6,0.360,119.2,5.93,28.29,0.00,0.00,20.25
2026-08-23T21:23:12Z,3.407,11145.8,0.000,0.0,0.000,0.0,0.453,506.1,0.368,119.2,5.01,28.83,0.00,0.00,20.39
2026-08-23T21:23:13Z,4.558,11168.7,0.000,0.0,0.000,0.0,0.426,505.7,0.358,119.5,5.56,23.21,0.00,0.00,20.39
2026-08-23T21:23:14Z,5.011,11209.3,0.000,0.0,0.000,0.0,0.429,505.7,0.358,119.3,5.44,27.38,0.00,0.00,20.39
2026-08-23T21:23:15Z,5.407,11254.8,0.000,0.0,0.000,0.0,0.410,505.9,0.332,119.2,6.06,17.45,0.00,0.00,20.39
2026-08-23T21:23:16Z,5.600,11270.7,0.000,0.0,0.000,0.0,0.409,506.2,0.349,119.2,6.06,16.51,0.00,0.00,21.56
2026-08-23T21:23:17Z,5.608,11285.5,0.000,0.0,0.000,0.0,0.419,505.7,0.336,119.2,5.99,16.51,0.00,0.00,21.56
2026-08-23T21:23:18Z,5.486,11300.3,0.000,0.0,0.000,0.0,0.422,505.9,0.338,119.3,5.15,17.84,0.00,0.00,21.56
2026-08-23T21:23:19Z,5.386,11313.6,0.000,0.0,0.000,0.0,0.427,505.7,0.344,119.3,4.01,18.26,0.00,0.00,21.56
2026-08-23T21:23:21Z,5.254,11329.8,0.000,0.0,0.000,0.0,0.419,505.7,0.341,119.2,5.31,18.30,0.00,0.00,21.56
2026-08-23T21:23:22Z,5.441,11344.1,0.000,0.0,0.000,0.0,0.441,505.7,0.352,119.8,4.44,17.39,0.00,0.00,22.95
2026-08-23T21:23:23Z,5.691,11368.0,0.000,0.0,0.000,0.0,0.436,506.0,0.347,119.4,3.44,17.59,0.00,0.00,22.95
2026-08-23T21:23:24Z,5.704,11363.2,0.000,0.0,0.000,0.0,0.392,505.7,0.326,119.4,3.85,20.49,0.00,0.00,22.95
2026-08-23T21:23:25Z,5.620,11351.4,0.000,0.0,0.000,0.0,0.437,505.7,0.352,119.4,3.99,14.55,0.00,0.00,22.95
2026-08-23T21:23:26Z,5.197,11336.7,0.000,0.0,0.000,0.0,0.480,505.7,0.396,119.3,4.10,15.26,0.00,0.00,22.95
2026-08-23T21:23:27Z,4.735,11335.1,0.000,0.0,0.000,0.0,0.460,506.0,0.367,119.3,4.97,19.84,0.00,0.00,23.84
2026-08-23T21:23:28Z,4.464,11346.3,0.000,0.0,0.000,0.0,0.440,505.9,0.358,119.3,5.16,24.05,0.00,0.00,23.84
2026-08-23T21:23:29Z,4.021,11357.2,0.000,0.0,0.000,0.0,0.434,505.7,0.361,119.3,4.59,23.25,0.00,0.00,23.84
2026-08-23T21:23:30Z,3.286,11368.6,0.000,0.0,0.000,0.0,0.421,505.7,0.354,119.2,4.45,28.49,0.00,0.00,23.84
2026-08-23T21:23:31Z,3.317,11378.9,0.000,0.0,0.000,0.0,0.433,505.9,0.358,119.3,4.08,29.97,0.00,0.00,23.61
2026-08-23T21:23:32Z,3.648,11404.6,0.000,0.0,0.000,0.0,0.426,505.7,0.352,119.4,6.00,27.98,0.00,0.00,23.61
2026-08-23T21:23:34Z,4.557,11400.1,0.000,0.0,0.000,0.0,0.449,505.7,0.364,119.5,5.28,20.31,0.00,0.00,23.61
2026-08-23T21:23:35Z,3.405,11414.5,0.000,0.0,0.000,0.0,0.436,505.7,0.365,119.3,6.66,34.69,0.00,0.00,23.61
2026-08-23T21:23:36Z,3.298,11427.2,0.000,0.0,0.000,0.0,0.422,505.9,0.353,119.3,6.23,28.68,0.00,0.00,23.61
2026-08-23T21:23:37Z,3.258,11439.8,0.000,0.0,0.000,0.0,0.429,505.7,0.357,119.3,6.40,37.00,0.00,0.00,23.00
2026-08-23T21:23:38Z,3.356,11452.6,0.000,0.0,0.000,0.0,0.433,505.5,0.354,119.2,5.80,27.48,0.00,0.00,23.00
2026-08-23T21:23:39Z,3.216,11464.4,0.000,0.0,0.000,0.0,0.425,505.5,0.348,119.5,6.58,28.24,0.00,0.00,23.00
2026-08-23T21:23:40Z,3.271,11477.6,0.000,0.0,0.000,0.0,0.425,505.6,0.357,119.3,6.27,26.72,0.00,0.00,23.00
2026-08-23T21:23:41Z,3.304,11490.2,0.000,0.0,0.000,0.0,0.436,505.8,0.350,119.5,6.38,29.51,0.00,0.00,21.64
2026-08-23T21:23:42Z,3.307,11505.9,0.000,0.0,0.000,0.0,0.427,505.6,0.359,119.3,6.65,28.39,0.00,0.00,21.64
2026-08-23T21:23:43Z,4.786,11515.1,0.000,0.0,0.000,0.0,0.443,505.6,0.363,119.3,5.81,20.71,0.00,0.00,21.64
2026-08-23T21:23:44Z,3.502,11526.7,0.000,0.0,0.000,0.0,0.435,505.8,0.355,119.3,3.94,32.95,0.00,0.00,21.64
2026-08-23T21:23:45Z,3.312,11536.8,0.000,0.0,0.000,0.0,0.432,505.8,0.354,119.3,3.37,27.56,0.00,0.00,21.64
2026-08-23T21:23:47Z,3.388,11546.7,0.000,0.0,0.000,0.0,0.425,505.5,0.347,119.2,3.98,29.43,0.00,0.00,20.79
2026-08-23T21:23:48Z,3.548,11555.3,0.000,0.0,0.000,0.0,0.426,505.5,0.357,119.3,2.88,26.24,0.00,0.00,20.79
2026-08-23T21:23:49Z,3.464,11564.9,0.000,0.0,0.000,0.0,0.432,505.5,0.356,119.2,2.86,27.32,0.00,0.00,20.79
2026-08-23T21:23:50Z,3.316,11573.4,0.000,0.0,0.000,0.0,0.428,505.8,0.355,119.3,3.12,28.81,0.00,0.00,20.79
2026-08-23T21:23:51Z,3.354,11582.8,0.000,0.0,0.000,0.0,0.425,505.6,0.355,119.3,2.75,28.96,0.00,0.00,20.79
2026-08-23T21:23:52Z,3.354,11592.3,0.000,0.0,0.000,0.0,0.433,505.7,0.360,119.5,2.60,24.49,0.00,0.00,20.08
2026-08-23T21:23:53Z,4.592,11618.6,0.000,0.0,0.000,0.0,0.427,505.8,0.359,119.6,2.24,23.73,0.00,0.00,20.08
2026-08-23T21:23:54Z,4.109,11609.1,0.000,0.0,0.000,0.0,0.427,506.0,0.371,119.5,2.56,24.28,0.00,0.00,20.08
2026-08-23T21:23:55Z,3.605,11618.6,0.000,0.0,0.000,0.0,0.425,505.7,0.357,119.5,2.98,35.20,0.00,0.00,20.08
2026-08-23T21:23:56Z,3.379,11627.9,0.000,0.0,0.000,0.0,0.439,506.0,0.359,119.6,2.86,27.83,0.00,0.00,18.56
2026-08-23T21:23:57Z,3.255,11636.8,0.000,0.0,0.000,0.0,0.424,505.7,0.348,119.5,2.72,29.32,0.00,0.00,18.56
2026-08-23T21:23:58Z,3.268,11645.4,0.000,0.0,0.000,0.0,0.428,505.9,0.352,119.6,2.65,29.79,0.00,0.00,18.56
2026-08-23T21:23:59Z,3.324,11654.2,0.000,0.0,0.000,0.0,0.432,505.8,0.361,119.6,3.65,27.93,0.00,0.00,18.56
2026-08-23T21:24:01Z,3.287,11664.2,0.000,0.0,0.000,0.0,0.426,505.7,0.348,119.3,3.80,29.60,0.00,0.00,18.56
2026-08-23T21:24:02Z,3.455,11672.8,0.000,0.0,0.000,0.0,0.450,505.6,0.372,119.4,2.78,28.61,0.00,0.00,18.03
2026-08-23T21:24:03Z,4.045,11692.2,0.000,0.0,0.000,0.0,0.425,506.1,0.354,119.4,3.19,26.40,0.00,0.00,18.03
2026-08-23T21:24:04Z,4.337,11689.4,0.000,0.0,0.000,0.0,0.447,505.6,0.371,119.4,2.58,22.79,0.00,0.00,18.03
2026-08-23T21:24:05Z,3.432,11699.2,0.000,0.0,0.000,0.0,0.438,505.6,0.358,119.3,2.88,34.75,0.00,0.00,18.03
2026-08-23T21:24:06Z,3.415,11708.1,0.000,0.0,0.000,0.0,0.443,505.6,0.367,119.6,3.30,28.36,0.00,0.00,18.03
2026-08-23T21:24:07Z,3.401,11718.2,0.000,0.0,0.000,0.0,0.444,505.8,0.369,119.4,3.33,36.73,0.00,0.00,18.19
2026-08-23T21:24:08Z,3.417,11726.9,0.000,0.0,0.000,0.0,0.443,505.6,0.357,119.6,3.73,27.30,0.00,0.00,18.19
2026-08-23T21:24:09Z,3.311,11735.5,0.000,0.0,0.000,0.0,0.433,506.1,0.358,119.4,3.28,29.05,0.00,0.00,18.19
2026-08-23T21:24:10Z,3.365,11745.9,0.000,0.0,0.000,0.0,0.440,505.6,0.359,119.3,4.94,28.75,0.00,0.00,18.19
2026-08-23T21:24:11Z,3.299,11756.8,0.000,0.0,0.000,0.0,0.431,505.6,0.351,119.2,5.50,28.71,0.00,0.00,18.33
2026-08-23T21:24:12Z,3.664,11781.9,0.000,0.0,0.000,0.0,0.440,505.9,0.352,119.4,5.24,28.47,0.00,0.00,18.33
2026-08-23T21:24:14Z,4.676,11776.7,0.000,0.0,0.000,0.0,0.454,505.8,0.365,119.2,3.89,20.31,0.00,0.00,18.33
2026-08-23T21:24:15Z,3.378,11788.5,0.000,0.0,0.000,0.0,0.432,505.6,0.357,119.3,3.91,26.91,0.00,0.00,18.33
2026-08-23T21:24:16Z,3.481,11805.5,0.000,0.0,0.000,0.0,0.435,505.6,0.366,119.2,10.01,37.03,0.00,0.00,18.33
2026-08-23T21:24:17Z,3.300,11815.2,0.000,0.0,0.000,0.0,0.420,505.5,0.347,119.3,4.42,27.66,0.00,0.00,17.83
2026-08-23T21:24:18Z,3.560,11825.3,0.000,0.0,0.000,0.0,0.434,505.6,0.359,119.2,4.51,29.27,0.00,0.00,17.83
2026-08-23T21:24:19Z,3.334,11835.7,0.000,0.0,0.000,0.0,0.423,505.8,0.345,119.2,4.26,29.05,0.00,0.00,17.83
2026-08-23T21:24:20Z,3.439,11847.6,0.000,0.0,0.000,0.0,0.440,505.8,0.359,119.3,4.82,28.44,0.00,0.00,17.83
2026-08-23T21:24:21Z,3.435,11858.7,0.000,0.0,0.000,0.0,0.443,505.6,0.369,119.2,5.18,29.44,0.00,0.00,18.00
2026-08-23T21:24:22Z,3.440,11871.4,0.000,0.0,0.000,0.0,0.427,505.6,0.346,119.2,4.75,28.67,0.00,0.00,18.00
2026-08-23T21:24:23Z,4.933,11885.3,0.000,0.0,0.000,0.0,0.438,505.9,0.365,119.4,4.36,20.43,0.00,0.00,18.00
2026-08-23T21:24:24Z,4.175,11889.1,0.000,0.0,0.000,0.0,0.451,505.5,0.373,119.3,3.01,22.51,0.00,0.00,18.00
2026-08-23T21:24:25Z,4.878,11929.0,0.000,0.0,0.000,0.0,0.436,505.8,0.360,119.3,1.89,27.77,0.00,0.00,18.00
2026-08-23T21:24:26Z,5.306,11937.8,0.000,0.0,0.000,0.0,0.448,505.6,0.353,119.4,2.47,16.52,0.00,0.00,19.28
2026-08-23T21:24:28Z,5.307,11946.1,0.000,0.0,0.000,0.0,0.437,505.8,0.362,119.3,3.04,18.68,0.00,0.00,19.28
2026-08-23T21:24:29Z,5.332,11953.2,0.000,0.0,0.000,0.0,0.431,505.6,0.351,119.4,1.74,17.56,0.00,0.00,19.28
2026-08-23T21:24:30Z,5.380,11960.4,0.000,0.0,0.000,0.0,0.424,505.6,0.352,119.3,1.75,17.46,0.00,0.00,19.28
2026-08-23T21:24:31Z,5.244,11967.6,0.000,0.0,0.000,0.0,0.431,505.6,0.356,119.3,1.61,19.97,0.00,0.00,19.28
2026-08-23T21:24:32Z,4.899,11973.9,0.000,0.0,0.000,0.0,0.438,505.8,0.355,119.2,1.77,20.66,0.00,0.00,19.74
2026-08-23T21:24:33Z,5.418,11995.2,0.000,0.0,0.000,0.0,0.423,505.7,0.339,119.7,1.85,16.92,0.00,0.00,19.74
2026-08-23T21:24:34Z,4.383,11955.2,0.000,0.0,0.000,0.0,0.452,505.6,0.379,119.3,1.66,20.10,0.00,0.00,19.74
2026-08-23T21:24:35Z,3.353,11963.9,0.000,0.0,0.000,0.0,0.423,505.6,0.353,119.3,2.81,28.23,0.00,0.00,19.74
2026-08-23T21:24:36Z,3.330,11971.4,0.000,0.0,0.000,0.0,0.435,505.8,0.359,119.3,2.67,33.89,0.00,0.00,18.80
2026-08-23T21:24:37Z,3.266,11978.5,0.000,0.0,0.000,0.0,0.422,505.9,0.343,119.6,2.43,37.02,0.00,0.00,18.80
2026-08-23T21:24:38Z,3.295,11985.8,0.000,0.0,0.000,0.0,0.422,505.6,0.353,119.3,2.00,28.44,0.00,0.00,18.80
2026-08-23T21:24:39Z,3.335,11992.9,0.000,0.0,0.000,0.0,0.433,505.6,0.353,119.3,1.72,27.88,0.00,0.00,18.80
2026-08-23T21:24:41Z,3.289,12001.5,0.000,0.0,0.000,0.0,0.425,505.6,0.351,119.3,3.75,27.47,0.00,0.00,18.80
2026-08-23T21:24:42Z,3.395,12009.2,0.000,0.0,0.000,0.0,0.436,505.6,0.360,119.3,2.50,28.35,0.00,0.00,18.41
2026-08-23T21:24:43Z,4.143,12029.0,0.000,0.0,0.000,0.0,0.422,505.6,0.352,119.3,4.13,25.18,0.00,0.00,18.41
2026-08-23T21:24:44Z,4.275,12028.7,0.000,0.0,0.000,0.0,0.454,505.6,0.372,119.3,4.11,22.65,0.00,0.00,18.41
2026-08-23T21:24:45Z,3.392,12039.8,0.000,0.0,0.000,0.0,0.434,506.1,0.352,119.2,4.92,27.44,0.00,0.00,18.41
2026-08-23T21:24:46Z,3.319,12049.4,0.000,0.0,0.000,0.0,0.439,505.8,0.352,119.3,3.90,34.37,0.00,0.00,18.41
2026-08-23T21:24:47Z,3.532,12060.3,0.000,0.0,0.000,0.0,0.436,505.6,0.353,119.3,5.08,27.06,0.00,0.00,17.74
2026-08-23T21:24:48Z,4.104,12070.7,0.000,0.0,0.000,0.0,0.431,506.0,0.359,119.2,4.75,25.55,0.00,0.00,17.74
2026-08-23T21:24:49Z,3.485,12080.7,0.000,0.0,0.000,0.0,0.434,505.6,0.356,119.3,4.60,27.87,0.00,0.00,17.74
2026-08-23T21:24:50Z,3.474,12090.4,0.000,0.0,0.000,0.0,0.436,505.6,0.352,119.2,3.78,26.55,0.00,0.00,17.74
2026-08-23T21:24:51Z,3.379,12101.5,0.000,0.0,0.000,0.0,0.432,505.6,0.351,119.3,4.86,28.63,0.00,0.00,16.64
2026-08-23T21:24:52Z,3.963,12124.4,0.000,0.0,0.000,0.0,0.428,505.6,0.360,119.3,4.76,26.72,0.00,0.00,16.64
2026-08-23T21:24:54Z,5.117,12120.7,0.000,0.0,0.000,0.0,0.433,505.6,0.348,119.3,4.13,17.92,0.00,0.00,16.64
2026-08-23T21:24:55Z,4.351,12130.7,0.000,0.0,0.000,0.0,0.454,505.8,0.374,119.3,3.13,21.49,0.00,0.00,16.64
2026-08-23T21:24:56Z,3.937,12140.5,0.000,0.0,0.000,0.0,0.426,505.5,0.356,119.5,3.76,31.22,0.00,0.00,16.64
2026-08-23T21:24:57Z,3.268,12150.0,0.000,0.0,0.000,0.0,0.433,506.0,0.350,119.3,4.40,27.69,0.00,0.00,16.03
2026-08-23T21:24:58Z,3.345,12159.5,0.000,0.0,0.000,0.0,0.431,505.6,0.351,119.3,4.50,27.91,0.00,0.00,16.03
2026-08-23T21:24:59Z,3.268,12168.5,0.000,0.0,0.000,0.0,0.424,505.6,0.350,119.3,3.57,27.78,0.00,0.00,16.03
2026-08-23T21:25:00Z,3.351,12177.8,0.000,0.0,0.000,0.0,0.427,505.6,0.357,119.8,3.61,27.61,0.00,0.00,16.03
2026-08-23T21:25:01Z,3.352,12186.6,0.000,0.0,0.000,0.0,0.422,505.5,0.349,119.2,3.81,28.36,0.00,0.00,16.11
2026-08-23T21:25:02Z,3.619,12198.9,0.000,0.0,0.000,0.0,0.478,505.6,0.394,119.3,4.07,26.44,0.00,0.00,16.11
2026-08-23T21:25:03Z,4.895,12203.1,0.000,0.0,0.000,0.0,0.433,505.6,0.374,119.3,1.76,20.27,0.00,0.00,16.11
2026-08-23T21:25:04Z,3.527,12212.0,0.000,0.0,0.000,0.0,0.435,506.0,0.358,119.3,1.25,29.09,0.00,0.00,16.11
2026-08-23T21:25:05Z,3.363,12219.6,0.000,0.0,0.000,0.0,0.437,505.6,0.362,119.5,2.11,28.25,0.00,0.00,16.11
2026-08-23T21:25:07Z,3.387,12225.7,0.000,0.0,0.000,0.0,0.447,505.8,0.362,119.2,1.37,35.44,0.00,0.00,15.38
2026-08-23T21:25:08Z,3.294,12233.6,0.000,0.0,0.000,0.0,0.434,505.6,0.358,119.3,2.04,29.80,0.00,0.00,15.38
2026-08-23T21:25:09Z,3.330,12240.2,0.000,0.0,0.000,0.0,0.436,505.8,0.358,119.3,2.02,37.58,0.00,0.00,15.38
2026-08-23T21:25:10Z,3.271,12246.8,0.000,0.0,0.000,0.0,0.425,505.8,0.350,119.2,1.27,28.21,0.00,0.00,15.38
2026-08-23T21:25:11Z,3.329,12253.1,0.000,0.0,0.000,0.0,0.433,505.5,0.360,119.2,1.49,29.32,0.00,0.00,15.38
2026-08-23T21:25:12Z,3.309,12259.8,0.000,0.0,0.000,0.0,0.429,505.5,0.347,119.2,1.34,29.28,0.00,0.00,14.55
2026-08-23T21:25:13Z,4.639,12266.4,0.000,0.0,0.000,0.0,0.438,505.6,0.367,119.3,1.47,21.29,0.00,0.00,14.55
2026-08-23T21:25:14Z,3.625,12275.9,0.000,0.0,0.000,0.0,0.451,505.5,0.359,119.2,2.22,27.25,0.00,0.00,14.55
2026-08-23T21:25:15Z,3.393,12285.4,0.000,0.0,0.000,0.0,0.440,505.5,0.361,119.2,3.29,27.67,0.00,0.00,14.55
2026-08-23T21:25:16Z,3.346,12295.5,0.000,0.0,0.000,0.0,0.442,506.1,0.360,119.3,3.47,37.54,0.00,0.00,14.18
2026-08-23T21:25:17Z,3.476,12304.4,0.000,0.0,0.000,0.0,0.427,505.8,0.351,119.2,3.11,28.95,0.00,0.00,14.18
2026-08-23T21:25:18Z,3.483,12314.9,0.000,0.0,0.000,0.0,0.436,505.8,0.355,119.2,3.29,27.35,0.00,0.00,14.18
2026-08-23T21:25:20Z,3.412,12275.4,0.000,0.0,0.000,0.0,0.437,505.8,0.352,119.2,3.22,29.15,0.00,0.00,14.18
2026-08-23T21:25:21Z,3.399,12285.2,0.000,0.0,0.000,0.0,0.437,505.8,0.363,119.2,2.85,28.39,0.00,0.00,14.18
2026-08-23T21:25:22Z,3.454,12296.3,0.000,0.0,0.000,0.0,0.438,505.8,0.355,119.2,3.94,30.57,0.00,0.00,13.29
2026-08-23T21:25:23Z,4.300,12275.9,0.000,0.0,0.000,0.0,0.417,505.6,0.349,119.3,3.46,26.10,0.00,0.00,13.29
2026-08-23T21:25:24Z,4.385,12269.1,0.000,0.0,0.000,0.0,0.452,505.5,0.379,119.3,2.92,22.08,0.00,0.00,13.29
2026-08-23T21:25:25Z,3.693,12282.0,0.000,0.0,0.000,0.0,0.427,505.8,0.358,119.3,3.82,28.27,0.00,0.00,13.29
2026-08-23T21:25:26Z,3.696,12292.6,0.000,0.0,0.000,0.0,0.445,505.6,0.362,119.3,2.44,27.77,0.00,0.00,13.29
2026-08-23T21:25:27Z,4.302,12284.4,0.000,0.0,0.000,0.0,0.444,505.9,0.357,119.3,2.20,32.04,0.00,0.00,13.74
2026-08-23T21:25:28Z,5.056,12293.1,0.000,0.0,0.000,0.0,0.425,506.1,0.355,119.3,2.15,23.13,0.00,0.00,13.74
2026-08-23T21:25:29Z,5.033,12303.8,0.000,0.0,0.000,0.0,0.429,505.6,0.352,119.6,2.10,22.72,0.00,0.00,13.74
2026-08-23T21:25:30Z,5.312,12310.9,0.000,0.0,0.000,0.0,0.430,505.8,0.361,119.3,2.03,19.55,0.00,0.00,13.74
2026-08-23T21:25:31Z,5.344,12319.4,0.000,0.0,0.000,0.0,0.425,505.6,0.344,119.6,2.54,18.62,0.00,0.00,15.69
2026-08-23T21:25:33Z,5.245,12291.9,0.000,0.0,0.000,0.0,0.421,505.6,0.336,119.4,3.18,19.69,0.00,0.00,15.69
2026-08-23T21:25:34Z,5.572,12295.4,0.000,0.0,0.000,0.0,0.398,505.7,0.334,119.4,3.25,15.38,0.00,0.00,15.69
2026-08-23T21:25:35Z,5.603,12280.6,0.000,0.0,0.000,0.0,0.431,506.2,0.355,119.4,2.09,15.92,0.00,0.00,15.69
2026-08-23T21:25:36Z,5.636,12288.3,0.000,0.0,0.000,0.0,0.436,505.9,0.356,119.4,2.51,14.84,0.00,0.00,15.69
2026-08-23T21:25:37Z,5.326,12266.9,0.000,0.0,0.000,0.0,0.443,506.0,0.375,119.4,3.39,23.17,0.00,0.00,16.67
2026-08-23T21:25:38Z,5.036,12273.8,0.000,0.0,0.000,0.0,0.434,505.9,0.360,119.4,2.69,18.06,0.00,0.00,16.67
2026-08-23T21:25:39Z,5.054,12282.2,0.000,0.0,0.000,0.0,0.441,505.6,0.354,119.3,2.18,29.89,0.00,0.00,16.67
2026-08-23T21:25:40Z,5.255,12289.5,0.000,0.0,0.000,0.0,0.419,505.6,0.338,119.3,2.71,19.25,0.00,0.00,16.67
2026-08-23T21:25:41Z,5.099,12298.4,0.000,0.0,0.000,0.0,0.430,506.1,0.356,119.4,3.54,19.98,0.00,0.00,17.02
2026-08-23T21:25:42Z,5.170,12269.0,0.000,0.0,0.000,0.0,0.422,506.1,0.351,119.3,2.83,18.96,0.00,0.00,17.02
2026-08-23T21:25:43Z,5.033,12243.0,0.000,0.0,0.000,0.0,0.445,505.6,0.369,119.4,3.73,18.20,0.00,0.00,17.02
2026-08-23T21:25:45Z,3.607,12254.3,0.000,0.0,0.000,0.0,0.445,505.5,0.358,119.3,4.14,27.87,0.00,0.00,17.02
2026-08-23T21:25:46Z,3.351,12264.6,0.000,0.0,0.000,0.0,0.431,505.8,0.362,119.3,4.44,27.84,0.00,0.00,17.02
2026-08-23T21:25:47Z,3.404,12275.0,0.000,0.0,0.000,0.0,0.433,505.5,0.351,119.5,3.58,28.57,0.00,0.00,16.86
2026-08-23T21:25:48Z,3.551,12283.7,0.000,0.0,0.000,0.0,0.429,505.5,0.356,119.3,4.31,34.36,0.00,0.00,16.86
2026-08-23T21:25:49Z,3.624,12293.7,0.000,0.0,0.000,0.0,0.429,505.6,0.361,119.3,4.23,28.94,0.00,0.00,16.86
2026-08-23T21:25:50Z,3.487,12303.5,0.000,0.0,0.000,0.0,0.435,505.8,0.359,119.3,3.89,26.67,0.00,0.00,16.86
2026-08-23T21:25:51Z,3.356,12264.4,0.000,0.0,0.000,0.0,0.437,505.6,0.363,119.3,3.41,28.46,0.00,0.00,16.86
2026-08-23T21:25:52Z,3.467,12274.7,0.000,0.0,0.000,0.0,0.433,506.1,0.353,119.5,4.06,26.96,0.00,0.00,16.39
2026-08-23T21:25:53Z,4.831,12283.4,0.000,0.0,0.000,0.0,0.414,505.6,0.341,119.3,3.16,21.32,0.00,0.00,16.39
2026-08-23T21:25:54Z,3.936,12294.4,0.000,0.0,0.000,0.0,0.449,505.6,0.375,119.3,3.45,25.60,0.00,0.00,16.39
2026-08-23T21:25:55Z,3.621,12304.7,0.000,0.0,0.000,0.0,0.433,505.8,0.349,119.2,3.80,26.57,0.00,0.00,16.39
2026-08-23T21:25:56Z,3.373,12265.8,0.000,0.0,0.000,0.0,0.431,505.6,0.361,119.2,4.26,29.68,0.00,0.00,15.56
2026-08-23T21:25:58Z,3.356,12276.9,0.000,0.0,0.000,0.0,0.428,505.8,0.348,119.2,3.97,35.62,0.00,0.00,15.56
2026-08-23T21:25:59Z,3.281,12286.5,0.000,0.0,0.000,0.0,0.422,505.6,0.360,119.3,4.84,28.04,0.00,0.00,15.56
2026-08-23T21:26:00Z,3.336,12297.5,0.000,0.0,0.000,0.0,0.428,505.6,0.358,119.2,4.59,28.05,0.00,0.00,15.56
2026-08-23T21:26:01Z,3.346,12307.1,0.000,0.0,0.000,0.0,0.428,505.8,0.353,119.2,4.13,27.08,0.00,0.00,15.56
2026-08-23T21:26:02Z,3.429,12269.2,0.000,0.0,0.000,0.0,0.457,505.6,0.368,119.2,3.79,27.49,0.00,0.00,15.11
2026-08-23T21:26:03Z,4.414,12295.4,0.000,0.0,0.000,0.0,0.423,505.6,0.357,119.3,4.16,23.33,0.00,0.00,15.11
2026-08-23T21:26:04Z,4.142,12288.3,0.000,0.0,0.000,0.0,0.457,505.6,0.380,119.5,3.44,22.87,0.00,0.00,15.11
2026-08-23T21:26:05Z,3.541,12299.0,0.000,0.0,0.000,0.0,0.457,505.8,0.380,119.3,3.87,25.15,0.00,0.00,15.11
2026-08-23T21:26:06Z,3.503,12309.2,0.000,0.0,0.000,0.0,0.453,505.5,0.371,119.2,4.06,26.29,0.00,0.00,14.54
2026-08-23T21:26:07Z,3.357,12271.4,0.000,0.0,0.000,0.0,0.438,506.1,0.353,119.3,4.23,28.72,0.00,0.00,14.54
2026-08-23T21:26:08Z,3.420,12281.0,0.000,0.0,0.000,0.0,0.452,506.0,0.368,119.2,4.07,36.00,0.00,0.00,14.54
2026-08-23T21:26:09Z,3.360,12291.7,0.000,0.0,0.000,0.0,0.434,505.5,0.358,119.2,4.29,28.71,0.00,0.00,14.54
2026-08-23T21:26:10Z,3.388,12301.8,0.000,0.0,0.000,0.0,0.442,505.6,0.359,119.3,4.20,39.07,0.00,0.00,14.54
2026-08-23T21:26:12Z,3.338,12263.3,0.000,0.0,0.000,0.0,0.436,505.8,0.353,119.2,4.53,29.26,0.00,0.00,14.02
2026-08-23T21:26:13Z,3.941,12283.6,0.000,0.0,0.000,0.0,0.424,506.1,0.350,119.4,4.55,26.64,0.00,0.00,14.02
2026-08-23T21:26:14Z,4.473,12283.8,0.000,0.0,0.000,0.0,0.450,505.5,0.384,119.3,4.04,23.23,0.00,0.00,14.02
2026-08-23T21:26:15Z,3.347,12295.2,0.000,0.0,0.000,0.0,0.425,505.8,0.351,119.3,4.58,29.50,0.00,0.00,14.02
2026-08-23T21:26:16Z,3.401,12306.0,0.000,0.0,0.000,0.0,0.441,505.8,0.365,119.3,4.19,27.27,0.00,0.00,14.02
2026-08-23T21:26:17Z,3.328,12268.1,0.000,0.0,0.000,0.0,0.427,505.6,0.350,119.6,4.87,28.90,0.00,0.00,14.50
2026-08-23T21:26:18Z,3.533,12277.5,0.000,0.0,0.000,0.0,0.434,505.5,0.356,119.3,4.00,34.18,0.00,0.00,14.50
2026-08-23T21:26:19Z,3.429,12287.9,0.000,0.0,0.000,0.0,0.433,505.5,0.358,119.2,4.86,29.43,0.00,0.00,14.50
2026-08-23T21:26:20Z,3.378,12298.2,0.000,0.0,0.000,0.0,0.430,505.8,0.357,119.3,4.29,28.50,0.00,0.00,14.50
2026-08-23T21:26:21Z,3.404,12260.9,0.000,0.0,0.000,0.0,0.438,506.1,0.355,119.3,4.77,26.90,0.00,0.00,14.06
2026-08-23T21:26:22Z,3.608,12278.3,0.000,0.0,0.000,0.0,0.431,505.5,0.351,119.3,4.30,27.78,0.00,0.00,14.06
2026-08-23T21:26:23Z,5.019,12280.2,0.000,0.0,0.000,0.0,0.441,505.8,0.360,119.3,4.18,18.31,0.00,0.00,14.06
2026-08-23T21:26:25Z,3.847,12291.8,0.000,0.0,0.000,0.0,0.440,505.5,0.364,119.2,3.86,24.94,0.00,0.00,14.06
2026-08-23T21:26:26Z,3.587,12255.1,0.000,0.0,0.000,0.0,0.440,505.6,0.362,119.3,4.92,26.00,0.00,0.00,14.06
2026-08-23T21:26:27Z,3.903,12265.7,0.000,0.0,0.000,0.0,0.443,505.6,0.358,119.3,4.26,25.00,0.00,0.00,14.05
2026-08-23T21:26:28Z,3.474,12275.6,0.000,0.0,0.000,0.0,0.418,505.6,0.349,119.3,3.50,27.37,0.00,0.00,14.05
2026-08-23T21:26:29Z,3.368,12284.0,0.000,0.0,0.000,0.0,0.434,505.6,0.354,119.3,2.60,33.63,0.00,0.00,14.05
2026-08-23T21:26:30Z,4.173,12291.4,0.000,0.0,0.000,0.0,0.431,505.5,0.353,119.2,2.17,24.37,0.00,0.00,14.05
2026-08-23T21:26:31Z,4.266,12251.2,0.000,0.0,0.000,0.0,0.436,505.6,0.357,119.2,2.18,24.68,0.00,0.00,14.05
2026-08-23T21:26:32Z,3.980,12258.7,0.000,0.0,0.000,0.0,0.426,505.6,0.356,119.2,1.97,24.48,0.00,0.00,14.29
2026-08-23T21:26:33Z,4.854,12265.8,0.000,0.0,0.000,0.0,0.463,505.6,0.374,119.3,1.90,20.32,0.00,0.00,14.29
2026-08-23T21:26:34Z,3.536,12276.1,0.000,0.0,0.000,0.0,0.444,505.5,0.363,119.3,2.51,27.34,0.00,0.00,14.29
2026-08-23T21:26:35Z,3.351,12288.4,0.000,0.0,0.000,0.0,0.423,505.6,0.348,119.3,4.68,29.49,0.00,0.00,14.29
2026-08-23T21:26:36Z,3.362,12250.9,0.000,0.0,0.000,0.0,0.435,505.6,0.353,119.3,4.66,28.93,0.00,0.00,14.10
2026-08-23T21:26:37Z,3.359,12260.2,0.000,0.0,0.000,0.0,0.426,505.5,0.354,119.5,2.59,28.02,0.00,0.00,14.10
2026-08-23T21:26:39Z,3.254,12268.3,0.000,0.0,0.000,0.0,0.418,505.5,0.348,119.3,1.95,34.39,0.00,0.00,14.10
2026-08-23T21:26:40Z,3.314,12278.5,0.000,0.0,0.000,0.0,0.433,505.8,0.359,119.3,3.69,28.13,0.00,0.00,14.10
2026-08-23T21:26:41Z,3.354,12240.2,0.000,0.0,0.000,0.0,0.429,506.0,0.357,119.3,3.38,36.88,0.00,0.00,14.10
2026-08-23T21:26:42Z,3.316,12247.7,0.000,0.0,0.000,0.0,0.431,505.8,0.354,119.3,1.95,29.15,0.00,0.00,13.93
2026-08-23T21:26:43Z,4.414,12259.5,0.000,0.0,0.000,0.0,0.425,505.6,0.345,119.3,18.94,23.97,0.00,0.00,13.93
2026-08-23T21:26:44Z,5.267,12247.1,0.000,0.0,0.000,0.0,0.451,505.6,0.383,119.3,88.70,16.80,0.00,0.00,13.93
2026-08-23T21:26:45Z,5.260,12245.4,0.000,0.0,0.000,0.0,0.442,505.5,0.350,119.3,88.27,18.62,0.00,0.00,13.93
2026-08-23T21:26:46Z,5.397,12227.9,0.000,0.0,0.000,0.0,0.416,505.6,0.367,119.3,16.07,22.16,0.00,0.00,15.06
2026-08-23T21:26:47Z,5.242,12211.7,0.000,0.0,0.000,0.0,0.433,505.5,0.355,119.3,13.46,21.73,0.00,0.00,15.06
2026-08-23T21:26:48Z,5.288,12203.8,0.000,0.0,0.000,0.0,0.426,505.6,0.352,119.4,4.83,23.92,0.00,0.00,15.06
2026-08-23T21:26:49Z,5.207,12218.0,0.000,0.0,0.000,0.0,0.439,505.6,0.364,119.3,5.03,19.58,0.00,0.00,15.06
2026-08-23T21:26:51Z,5.100,12229.1,0.000,0.0,0.000,0.0,0.415,505.5,0.347,119.2,4.49,21.57,0.00,0.00,15.06
2026-08-23T21:26:52Z,5.035,12217.8,0.000,0.0,0.000,0.0,0.423,505.6,0.353,119.3,4.85,22.42,0.00,0.00,14.66
2026-08-23T21:26:53Z,4.400,12237.4,0.000,0.0,0.000,0.0,0.420,505.5,0.343,119.3,5.06,24.38,0.00,0.00,14.66
2026-08-23T21:26:54Z,4.466,12233.6,0.000,0.0,0.000,0.0,0.447,505.5,0.369,119.6,5.21,22.29,0.00,0.00,14.66
2026-08-23T21:26:55Z,3.572,12246.7,0.000,0.0,0.000,0.0,0.433,505.5,0.362,119.2,5.45,27.80,0.00,0.00,14.66
2026-08-23T21:26:56Z,3.528,12259.2,0.000,0.0,0.000,0.0,0.428,506.0,0.350,119.5,5.83,27.90,0.00,0.00,14.66
2026-08-23T21:26:57Z,3.357,12225.0,0.000,0.0,0.000,0.0,0.426,505.5,0.361,119.3,5.46,28.99,0.00,0.00,13.80
2026-08-23T21:26:58Z,3.300,12236.6,0.000,0.0,0.000,0.0,0.423,505.5,0.351,119.2,5.90,28.22,0.00,0.00,13.80
2026-08-23T21:26:59Z,3.323,12249.4,0.000,0.0,0.000,0.0,0.428,505.6,0.357,119.5,5.89,35.49,0.00,0.00,13.80
2026-08-23T21:27:00Z,3.372,12213.8,0.000,0.0,0.000,0.0,0.431,505.5,0.356,119.2,5.24,28.85,0.00,0.00,13.80
2026-08-23T21:27:01Z,3.316,12226.2,0.000,0.0,0.000,0.0,0.439,505.6,0.359,119.2,5.57,29.08,0.00,0.00,13.82
2026-08-23T21:27:02Z,3.638,12251.2,0.000,0.0,0.000,0.0,0.429,505.5,0.351,119.2,5.44,27.03,0.00,0.00,13.82
2026-08-23T21:27:04Z,4.683,12201.7,0.000,0.0,0.000,0.0,0.439,505.5,0.370,119.3,5.24,20.98,0.00,0.00,13.82
2026-08-23T21:27:05Z,3.432,12214.3,0.000,0.0,0.000,0.0,0.441,505.8,0.363,119.3,4.71,27.60,0.00,0.00,13.82
2026-08-23T21:27:06Z,3.346,12225.5,0.000,0.0,0.000,0.0,0.437,506.0,0.356,119.3,4.58,26.95,0.00,0.00,13.82
2026-08-23T21:27:07Z,3.328,12237.6,0.000,0.0,0.000,0.0,0.430,505.5,0.352,119.2,5.72,28.04,0.00,0.00,13.03
2026-08-23T21:27:08Z,3.294,12249.6,0.000,0.0,0.000,0.0,0.432,505.8,0.356,119.3,5.04,28.48,0.00,0.00,13.03
2026-08-23T21:27:09Z,3.312,12214.0,0.000,0.0,0.000,0.0,0.426,505.5,0.351,119.2,5.49,36.40,0.00,0.00,13.03
2026-08-23T21:27:10Z,3.322,12225.5,0.000,0.0,0.000,0.0,0.439,505.6,0.362,119.7,5.41,27.83,0.00,0.00,13.03
2026-08-23T21:27:11Z,3.358,12238.7,0.000,0.0,0.000,0.0,0.434,505.8,0.349,119.2,5.23,54.70,0.00,0.00,12.71
2026-08-23T21:27:12Z,3.256,12249.0,0.000,0.0,0.000,0.0,0.425,505.5,0.352,119.2,5.44,29.63,0.00,0.00,12.71
2026-08-23T21:27:13Z,3.305,12213.1,0.000,0.0,0.000,0.0,0.435,505.7,0.350,119.2,4.84,28.89,0.00,0.00,12.71
2026-08-23T21:27:14Z,3.325,12225.4,0.000,0.0,0.000,0.0,0.431,506.0,0.349,119.2,5.41,29.32,0.00,0.00,12.71
2026-08-23T21:27:15Z,4.029,12245.7,0.000,0.0,0.000,0.0,0.430,505.5,0.361,119.3,4.75,27.94,0.00,0.00,12.71
2026-08-23T21:27:16Z,4.335,12201.4,0.000,0.0,0.000,0.0,0.440,505.5,0.356,119.3,5.00,24.17,0.00,0.00,12.89
2026-08-23T21:27:18Z,3.871,12213.8,0.000,0.0,0.000,0.0,0.429,505.5,0.356,119.3,5.50,27.97,0.00,0.00,12.89
2026-08-23T21:27:19Z,3.972,12226.2,0.000,0.0,0.000,0.0,0.437,505.5,0.359,119.3,5.13,26.73,0.00,0.00,12.89
2026-08-23T21:27:20Z,3.571,12237.3,0.000,0.0,0.000,0.0,0.417,505.5,0.347,119.2,4.58,34.87,0.00,0.00,12.89
2026-08-23T21:27:21Z,3.373,12202.3,0.000,0.0,0.000,0.0,0.441,505.8,0.358,119.3,5.72,28.37,0.00,0.00,12.89
2026-08-23T21:27:22Z,3.657,12215.1,0.000,0.0,0.000,0.0,0.435,505.5,0.346,119.2,5.19,27.54,0.00,0.00,12.58
2026-08-23T21:27:23Z,3.846,12226.6,0.000,0.0,0.000,0.0,0.431,505.7,0.354,119.2,4.96,27.22,0.00,0.00,12.58
2026-08-23T21:27:24Z,4.207,12238.8,0.000,0.0,0.000,0.0,0.445,505.8,0.359,119.3,4.12,23.77,0.00,0.00,12.58
2026-08-23T21:27:25Z,4.206,12212.0,0.000,0.0,0.000,0.0,0.428,506.0,0.351,119.5,5.25,25.93,0.00,0.00,12.58
2026-08-23T21:27:26Z,5.245,12218.6,0.000,0.0,0.000,0.0,0.424,505.5,0.347,119.4,4.32,19.26,0.00,0.00,12.85
2026-08-23T21:27:27Z,4.856,12232.5,0.000,0.0,0.000,0.0,0.471,505.6,0.387,119.3,4.86,19.90,0.00,0.00,12.85
2026-08-23T21:27:28Z,4.307,12198.2,0.000,0.0,0.000,0.0,0.433,505.8,0.355,119.3,4.34,24.59,0.00,0.00,12.85
2026-08-23T21:27:30Z,4.173,12211.6,0.000,0.0,0.000,0.0,0.424,505.5,0.352,119.2,4.46,32.41,0.00,0.00,12.85
2026-08-23T21:27:31Z,3.297,12226.1,0.000,0.0,0.000,0.0,0.424,505.8,0.353,119.3,5.46,29.29,0.00,0.00,12.85
2026-08-23T21:27:32Z,3.322,12193.6,0.000,0.0,0.000,0.0,0.425,505.6,0.355,119.3,4.85,27.30,0.00,0.00,12.30
2026-08-23T21:27:33Z,3.263,12207.8,0.000,0.0,0.000,0.0,0.429,505.5,0.348,119.2,4.93,28.14,0.00,0.00,12.30
2026-08-23T21:27:34Z,3.309,12220.9,0.000,0.0,0.000,0.0,0.437,505.5,0.361,119.3,4.89,28.65,0.00,0.00,12.30
2026-08-23T21:27:35Z,3.383,12237.6,0.000,0.0,0.000,0.0,0.427,506.0,0.353,119.2,5.05,27.48,0.00,0.00,12.30
2026-08-23T21:27:36Z,4.812,12198.7,0.000,0.0,0.000,0.0,0.438,505.8,0.355,119.2,4.56,18.80,0.00,0.00,12.30
2026-08-23T21:27:37Z,3.602,12214.4,0.000,0.0,0.000,0.0,0.443,505.8,0.358,119.2,4.57,25.63,0.00,0.00,12.92
2026-08-23T21:27:38Z,4.295,12214.9,0.000,0.0,0.000,0.0,0.428,505.5,0.352,119.2,7.28,24.89,0.00,0.00,12.92
2026-08-23T21:27:39Z,4.611,12190.6,0.000,0.0,0.000,0.0,0.442,505.8,0.359,119.3,9.87,27.76,0.00,0.00,12.92
2026-08-23T21:27:40Z,4.516,12213.1,0.000,0.0,0.000,0.0,0.445,506.0,0.355,119.4,10.83,35.27,0.00,0.00,12.92
2026-08-23T21:27:41Z,4.567,12188.2,0.000,0.0,0.000,0.0,0.428,505.8,0.360,119.2,10.74,30.48,0.00,0.00,12.69
2026-08-23T21:27:42Z,4.527,12207.0,0.000,0.0,0.000,0.0,0.433,505.8,0.362,119.3,8.91,38.09,0.00,0.00,12.69
2026-08-23T21:27:44Z,4.585,12181.2,0.000,0.0,0.000,0.0,0.441,505.5,0.365,119.2,10.43,27.31,0.00,0.00,12.69
2026-08-23T21:27:45Z,4.516,12200.3,0.000,0.0,0.000,0.0,0.450,505.5,0.370,119.2,10.79,28.06,0.00,0.00,12.69
2026-08-23T21:27:46Z,5.150,12188.1,0.000,0.0,0.000,0.0,0.429,505.9,0.342,119.3,8.73,22.68,0.00,0.00,12.69
2026-08-23T21:27:47Z,5.018,12186.7,0.000,0.0,0.000,0.0,0.449,505.6,0.370,119.3,8.07,21.35,0.00,0.00,13.91
2026-08-23T21:27:48Z,4.670,12206.6,0.000,0.0,0.000,0.0,0.448,505.5,0.361,119.3,10.47,25.85,0.00,0.00,13.91
2026-08-23T21:27:49Z,4.525,12179.7,0.000,0.0,0.000,0.0,0.441,505.5,0.358,119.3,10.36,28.30,0.00,0.00,13.91
2026-08-23T21:27:50Z,4.606,12175.6,0.000,0.0,0.000,0.0,0.433,505.6,0.361,119.3,7.64,32.04,0.00,0.00,13.91
2026-08-23T21:27:51Z,3.853,12177.3,0.000,0.0,0.000,0.0,0.429,505.8,0.359,119.2,6.11,27.29,0.00,0.00,13.20
2026-08-23T21:27:52Z,4.248,12174.0,0.000,0.0,0.000,0.0,0.438,505.6,0.360,119.3,4.90,23.54,0.00,0.00,13.20
2026-08-23T21:27:53Z,5.026,12183.8,0.000,0.0,0.000,0.0,0.447,505.6,0.356,119.3,4.54,20.69,0.00,0.00,13.20
2026-08-23T21:27:54Z,5.184,12194.4,0.000,0.0,0.000,0.0,0.448,505.5,0.367,119.5,3.98,19.11,0.00,0.00,13.20
2026-08-23T21:27:56Z,5.208,12084.8,0.000,0.0,0.000,0.0,0.416,505.6,0.343,119.3,3.71,19.81,0.00,0.00,13.20
2026-08-23T21:27:57Z,5.365,12083.1,0.000,0.0,0.000,0.0,0.453,506.0,0.362,119.5,4.57,16.16,0.00,0.00,14.87
2026-08-23T21:27:58Z,5.116,12094.7,0.000,0.0,0.000,0.0,0.433,506.0,0.355,119.7,4.39,21.34,0.00,0.00,14.87
2026-08-23T21:27:59Z,5.044,12105.5,0.000,0.0,0.000,0.0,0.420,505.7,0.350,119.7,4.55,22.85,0.00,0.00,14.87
2026-08-23T21:28:00Z,5.215,12117.4,0.000,0.0,0.000,0.0,0.429,506.2,0.357,119.4,4.40,23.08,0.00,0.00,14.87
2026-08-23T21:28:01Z,4.521,12099.5,0.000,0.0,0.000,0.0,0.427,505.6,0.357,119.3,5.74,35.00,0.00,0.00,14.87
2026-08-23T21:28:02Z,3.362,12114.1,0.000,0.0,0.000,0.0,0.441,505.7,0.370,119.4,5.70,33.63,0.00,0.00,14.40
2026-08-23T21:28:03Z,3.388,12136.2,0.000,0.0,0.000,0.0,0.434,505.6,0.355,119.3,4.58,40.18,0.00,0.00,14.40
2026-08-23T21:28:04Z,3.407,12158.5,0.000,0.0,0.000,0.0,0.432,505.9,0.365,119.6,5.44,40.88,0.00,0.00,14.40
2026-08-23T21:28:05Z,3.925,12192.7,0.000,0.0,0.000,0.0,0.437,505.7,0.364,119.4,5.61,35.56,0.00,0.00,14.40
2026-08-23T21:28:06Z,4.556,12167.9,0.000,0.0,0.000,0.0,0.467,505.5,0.385,119.3,100.66,22.43,0.00,0.00,14.36
2026-08-23T21:28:07Z,4.101,12187.8,0.000,0.0,0.000,0.0,0.444,505.6,0.365,119.4,89.70,26.04,0.00,0.00,14.36
2026-08-23T21:28:09Z,3.943,12181.6,0.000,0.0,0.000,0.0,0.441,505.5,0.359,119.3,5.46,22.36,0.00,0.00,14.36
2026-08-23T21:28:10Z,3.277,12196.2,0.000,0.0,0.000,0.0,0.425,505.6,0.351,119.3,5.66,27.91,0.00,0.00,14.36
2026-08-23T21:28:11Z,3.387,12161.1,0.000,0.0,0.000,0.0,0.433,505.6,0.359,119.3,4.67,34.05,0.00,0.00,14.36
2026-08-23T21:28:12Z,3.283,12171.8,0.000,0.0,0.000,0.0,0.422,506.1,0.352,119.3,5.04,26.20,0.00,0.00,13.45
2026-08-23T21:28:13Z,3.325,12183.9,0.000,0.0,0.000,0.0,0.438,505.8,0.357,119.3,5.67,40.23,0.00,0.00,13.45
2026-08-23T21:28:14Z,3.372,12195.6,0.000,0.0,0.000,0.0,0.437,505.8,0.356,119.5,5.47,24.63,0.00,0.00,13.45
2026-08-23T21:28:15Z,3.405,12168.3,0.000,0.0,0.000,0.0,0.437,505.5,0.357,119.3,5.68,27.37,0.00,0.00,13.45
2026-08-23T21:28:16Z,4.697,12171.4,0.000,0.0,0.000,0.0,0.453,505.8,0.369,119.3,4.92,19.28,0.00,0.00,13.02
2026-08-23T21:28:17Z,3.419,12184.3,0.000,0.0,0.000,0.0,0.433,505.6,0.357,119.3,5.75,26.55,0.00,0.00,13.02
2026-08-23T21:28:18Z,3.540,12195.2,0.000,0.0,0.000,0.0,0.440,505.6,0.363,119.3,5.16,25.27,0.00,0.00,13.02
2026-08-23T21:28:19Z,3.309,12160.8,0.000,0.0,0.000,0.0,0.427,505.5,0.350,119.3,4.88,24.92,0.00,0.00,13.02
2026-08-23T21:28:20Z,3.391,12172.3,0.000,0.0,0.000,0.0,0.426,505.8,0.355,119.2,5.37,26.42,0.00,0.00,13.02
2026-08-23T21:28:21Z,3.401,12184.7,0.000,0.0,0.000,0.0,0.429,505.8,0.357,119.3,5.25,36.52,0.00,0.00,12.37
2026-08-23T21:28:23Z,3.480,12195.6,0.000,0.0,0.000,0.0,0.435,505.6,0.354,119.2,5.34,27.75,0.00,0.00,12.37
2026-08-23T21:28:24Z,3.554,12161.6,0.000,0.0,0.000,0.0,0.438,505.6,0.359,119.3,5.71,28.17,0.00,0.00,12.37
2026-08-23T21:28:25Z,3.665,12083.1,0.000,0.0,0.000,0.0,0.441,506.0,0.359,119.2,74.69,23.73,0.00,0.00,12.37
2026-08-23T21:28:26Z,4.787,12101.0,0.000,0.0,0.000,0.0,0.410,505.9,0.343,119.3,4.88,21.08,0.00,0.00,12.37
2026-08-23T21:28:27Z,4.343,12106.3,0.000,0.0,0.000,0.0,0.467,506.1,0.389,119.3,4.88,23.16,0.00,0.00,12.91
2026-08-23T21:28:28Z,3.530,12116.8,0.000,0.0,0.000,0.0,0.427,505.5,0.353,119.3,5.11,26.93,0.00,0.00,12.91
2026-08-23T21:28:29Z,3.308,12083.7,0.000,0.0,0.000,0.0,0.431,505.6,0.355,119.3,4.86,29.00,0.00,0.00,12.91
2026-08-23T21:28:30Z,3.852,12093.7,0.000,0.0,0.000,0.0,0.425,505.8,0.353,119.2,3.52,25.06,0.00,0.00,12.91
2026-08-23T21:28:31Z,4.104,12103.1,0.000,0.0,0.000,0.0,0.440,505.6,0.356,119.2,3.95,31.48,0.00,0.00,12.83
2026-08-23T21:28:32Z,4.249,12112.4,0.000,0.0,0.000,0.0,0.441,506.1,0.362,119.5,3.43,23.42,0.00,0.00,12.83
2026-08-23T21:28:33Z,3.649,12079.3,0.000,0.0,0.000,0.0,0.437,505.6,0.355,119.3,4.18,25.71,0.00,0.00,12.83
2026-08-23T21:28:34Z,3.333,12089.1,0.000,0.0,0.000,0.0,0.439,505.6,0.361,119.3,3.94,26.56,0.00,0.00,12.83
2026-08-23T21:28:36Z,4.256,12113.9,0.000,0.0,0.000,0.0,0.426,505.6,0.352,119.3,3.12,21.63,0.00,0.00,12.83
2026-08-23T21:28:37Z,4.009,12107.0,0.000,0.0,0.000,0.0,0.442,505.6,0.362,119.3,3.11,21.20,0.00,0.00,12.69
2026-08-23T21:28:38Z,3.300,12117.6,0.000,0.0,0.000,0.0,0.422,505.6,0.349,119.3,3.67,27.45,0.00,0.00,12.69
2026-08-23T21:28:39Z,3.256,12126.9,0.000,0.0,0.000,0.0,0.420,505.8,0.349,119.3,3.86,28.44,0.00,0.00,12.69
2026-08-23T21:28:40Z,3.257,12092.3,0.000,0.0,0.000,0.0,0.425,505.8,0.353,119.6,3.42,27.03,0.00,0.00,12.69
2026-08-23T21:28:41Z,3.314,12101.8,0.000,0.0,0.000,0.0,0.440,505.8,0.357,119.3,3.30,29.59,0.00,0.00,12.69
2026-08-23T21:28:42Z,3.276,12111.6,0.000,0.0,0.000,0.0,0.424,505.5,0.352,119.3,3.40,36.08,0.00,0.00,11.75
2026-08-23T21:28:43Z,3.298,12122.2,0.000,0.0,0.000,0.0,0.427,505.5,0.356,119.3,3.42,40.37,0.00,0.00,11.75
2026-08-23T21:28:44Z,3.292,12088.3,0.000,0.0,0.000,0.0,0.439,505.6,0.357,119.8,3.66,30.86,0.00,0.00,11.75
2026-08-23T21:28:45Z,3.745,12112.9,0.000,0.0,0.000,0.0,0.428,505.8,0.348,119.3,3.85,27.05,0.00,0.00,11.75
2026-08-23T21:28:46Z,4.564,12110.1,0.000,0.0,0.000,0.0,0.434,506.0,0.369,119.5,3.06,22.28,0.00,0.00,11.85
2026-08-23T21:28:47Z,3.407,12123.6,0.000,0.0,0.000,0.0,0.429,505.5,0.354,119.6,4.60,30.77,0.00,0.00,11.85
2026-08-23T21:28:48Z,3.537,12090.7,0.000,0.0,0.000,0.0,0.434,505.6,0.357,119.3,4.08,28.97,0.00,0.00,11.85
2026-08-23T21:28:50Z,3.321,12103.0,0.000,0.0,0.000,0.0,0.416,505.6,0.352,119.3,4.08,30.99,0.00,0.00,11.85
2026-08-23T21:28:51Z,3.331,12115.7,0.000,0.0,0.000,0.0,0.435,505.8,0.355,119.6,3.93,28.88,0.00,0.00,11.85
2026-08-23T21:28:52Z,3.503,12083.9,0.000,0.0,0.000,0.0,0.431,505.5,0.355,119.3,5.07,37.49,0.00,0.00,11.78
2026-08-23T21:28:53Z,3.553,12098.0,0.000,0.0,0.000,0.0,0.432,505.5,0.361,119.6,4.34,30.97,0.00,0.00,11.78
2026-08-23T21:28:54Z,3.579,12109.7,0.000,0.0,0.000,0.0,0.441,505.6,0.360,119.3,3.32,28.73,0.00,0.00,11.78
2026-08-23T21:28:55Z,3.529,12124.0,0.000,0.0,0.000,0.0,0.425,505.6,0.351,119.3,3.84,28.69,0.00,0.00,11.78
2026-08-23T21:28:56Z,4.902,12085.3,0.000,0.0,0.000,0.0,0.439,505.8,0.362,119.3,2.87,20.31,0.00,0.00,11.78
2026-08-23T21:28:57Z,3.551,12100.8,0.000,0.0,0.000,0.0,0.443,505.5,0.362,119.3,4.20,30.10,0.00,0.00,12.84
2026-08-23T21:28:58Z,3.290,12114.2,0.000,0.0,0.000,0.0,0.425,505.5,0.353,119.3,4.31,31.08,0.00,0.00,12.84
2026-08-23T21:28:59Z,3.299,12083.2,0.000,0.0,0.000,0.0,0.428,505.8,0.355,119.3,4.25,30.26,0.00,0.00,12.84
2026-08-23T21:29:00Z,3.291,12094.3,0.000,0.0,0.000,0.0,0.423,506.0,0.346,119.2,3.60,30.32,0.00,0.00,12.84
2026-08-23T21:29:01Z,4.377,12097.3,0.000,0.0,0.000,0.0,0.445,505.5,0.362,119.3,5.56,26.53,0.00,0.00,12.45
2026-08-23T21:29:03Z,4.678,12076.8,0.000,0.0,0.000,0.0,0.438,505.8,0.354,119.2,8.24,38.31,0.00,0.00,12.45
2026-08-23T21:29:04Z,4.639,12100.8,0.000,0.0,0.000,0.0,0.435,505.8,0.359,119.2,9.55,30.91,0.00,0.00,12.45
2026-08-23T21:29:05Z,4.477,12082.4,0.000,0.0,0.000,0.0,0.446,505.5,0.362,119.2,9.46,30.00,0.00,0.00,12.45
2026-08-23T21:29:06Z,5.166,12076.8,0.000,0.0,0.000,0.0,0.412,505.9,0.350,119.3,8.73,28.30,0.00,0.00,12.45
2026-08-23T21:29:07Z,5.056,12080.5,0.000,0.0,0.000,0.0,0.450,505.7,0.381,119.4,7.33,24.05,0.00,0.00,13.70
2026-08-23T21:29:08Z,4.745,12060.9,0.000,0.0,0.000,0.0,0.456,505.8,0.378,119.3,9.36,26.54,0.00,0.00,13.70
2026-08-23T21:29:09Z,4.597,12084.9,0.000,0.0,0.000,0.0,0.439,505.6,0.362,119.6,10.06,29.87,0.00,0.00,13.70
2026-08-23T21:29:10Z,4.560,12064.3,0.000,0.0,0.000,0.0,0.437,506.1,0.359,119.2,10.19,29.93,0.00,0.00,13.70
2026-08-23T21:29:11Z,4.566,12089.8,0.000,0.0,0.000,0.0,0.445,505.6,0.358,119.3,11.85,30.78,0.00,0.00,13.96
2026-08-23T21:29:12Z,4.732,12063.3,0.000,0.0,0.000,0.0,0.437,505.6,0.360,119.2,8.89,35.24,0.00,0.00,13.96
2026-08-23T21:29:13Z,4.039,12043.8,0.000,0.0,0.000,0.0,0.429,505.6,0.351,119.3,5.49,29.22,0.00,0.00,13.96
2026-08-23T21:29:14Z,3.380,12055.2,0.000,0.0,0.000,0.0,0.442,505.6,0.358,119.3,4.48,41.08,0.00,0.00,13.96
2026-08-23T21:29:16Z,4.245,12082.8,0.000,0.0,0.000,0.0,0.437,505.7,0.355,119.6,5.27,22.92,0.00,0.00,13.96
2026-08-23T21:29:17Z,4.228,12077.2,0.000,0.0,0.000,0.0,0.454,505.6,0.375,119.3,4.91,22.44,0.00,0.00,13.97
2026-08-23T21:29:18Z,3.532,12089.2,0.000,0.0,0.000,0.0,0.430,505.5,0.350,119.2,5.43,26.92,0.00,0.00,13.97
2026-08-23T21:29:19Z,3.492,12100.9,0.000,0.0,0.000,0.0,0.432,505.6,0.354,119.3,5.99,26.62,0.00,0.00,13.97
2026-08-23T21:29:20Z,3.487,12067.8,0.000,0.0,0.000,0.0,0.438,505.6,0.366,119.2,5.42,27.52,0.00,0.00,13.97
2026-08-23T21:29:21Z,3.394,12078.8,0.000,0.0,0.000,0.0,0.431,505.5,0.356,119.2,5.19,28.30,0.00,0.00,13.97
2026-08-23T21:29:22Z,3.442,12089.1,0.000,0.0,0.000,0.0,0.441,505.8,0.356,119.2,5.81,33.12,0.00,0.00,13.89
2026-08-23T21:29:23Z,3.491,12099.4,0.000,0.0,0.000,0.0,0.428,506.0,0.354,119.5,5.66,26.87,0.00,0.00,13.89
2026-08-23T21:29:24Z,3.501,12066.8,0.000,0.0,0.000,0.0,0.428,505.5,0.358,119.2,6.11,27.93,0.00,0.00,13.89
2026-08-23T21:29:25Z,4.108,12091.3,0.000,0.0,0.000,0.0,0.434,505.6,0.363,119.3,4.94,25.15,0.00,0.00,13.89
2026-08-23T21:29:26Z,4.761,12089.2,0.000,0.0,0.000,0.0,0.454,505.8,0.380,119.3,4.02,19.91,0.00,0.00,14.70
2026-08-23T21:29:27Z,4.369,12054.7,0.000,0.0,0.000,0.0,0.444,506.1,0.363,119.3,3.98,24.10,0.00,0.00,14.70
2026-08-23T21:29:29Z,4.194,12063.7,0.000,0.0,0.000,0.0,0.435,505.6,0.357,119.3,4.23,25.36,0.00,0.00,14.70
2026-08-23T21:29:30Z,4.320,12073.7,0.000,0.0,0.000,0.0,0.435,505.6,0.358,119.3,4.12,24.69,0.00,0.00,14.70
2026-08-23T21:29:31Z,3.597,12084.8,0.000,0.0,0.000,0.0,0.431,505.8,0.354,119.3,4.80,27.28,0.00,0.00,14.70
2026-08-23T21:29:32Z,3.299,12050.5,0.000,0.0,0.000,0.0,0.432,505.6,0.358,119.4,4.21,27.90,0.00,0.00,14.48
2026-08-23T21:29:33Z,3.323,12061.0,0.000,0.0,0.000,0.0,0.424,505.8,0.358,119.3,4.57,34.46,0.00,0.00,14.48
2026-08-23T21:29:34Z,3.285,12073.3,0.000,0.0,0.000,0.0,0.430,505.8,0.356,119.3,4.81,26.83,0.00,0.00,14.48
2026-08-23T21:29:35Z,3.570,12091.7,0.000,0.0,0.000,0.0,0.450,505.6,0.373,119.3,4.44,27.33,0.00,0.00,14.48
2026-08-23T21:29:36Z,4.773,12048.7,0.000,0.0,0.000,0.0,0.438,506.1,0.361,119.3,3.88,20.56,0.00,0.00,14.44
2026-08-23T21:29:37Z,3.406,12062.2,0.000,0.0,0.000,0.0,0.428,505.6,0.356,119.5,4.43,26.66,0.00,0.00,14.44
2026-08-23T21:29:38Z,3.317,12073.0,0.000,0.0,0.000,0.0,0.427,505.8,0.353,119.2,4.64,26.78,0.00,0.00,14.44
2026-08-23T21:29:39Z,3.281,12084.1,0.000,0.0,0.000,0.0,0.432,505.8,0.359,119.3,5.27,26.44,0.00,0.00,14.44
2026-08-23T21:29:40Z,3.313,12051.2,0.000,0.0,0.000,0.0,0.428,505.5,0.355,119.3,4.29,25.07,0.00,0.00,14.44
2026-08-23T21:29:42Z,3.297,12061.1,0.000,0.0,0.000,0.0,0.424,506.0,0.352,119.3,3.90,26.05,0.00,0.00,13.93
2026-08-23T21:29:43Z,3.294,12072.2,0.000,0.0,0.000,0.0,0.430,505.6,0.356,119.3,4.17,34.03,0.00,0.00,13.93
2026-08-23T21:29:44Z,3.306,12081.7,0.000,0.0,0.000,0.0,0.429,505.5,0.355,119.3,4.10,25.62,0.00,0.00,13.93
2026-08-23T21:29:45Z,3.418,12049.6,0.000,0.0,0.000,0.0,0.449,505.8,0.369,119.3,4.48,37.37,0.00,0.00,13.93
2026-08-23T21:29:46Z,4.750,12059.7,0.000,0.0,0.000,0.0,0.444,505.8,0.363,119.3,3.66,20.02,0.00,0.00,13.93
2026-08-23T21:29:47Z,3.501,12072.4,0.000,0.0,0.000,0.0,0.429,505.8,0.359,119.5,4.46,25.88,0.00,0.00,13.45
2026-08-23T21:29:48Z,3.538,12042.0,0.000,0.0,0.000,0.0,0.439,505.8,0.354,119.3,5.47,24.98,0.00,0.00,13.45
2026-08-23T21:29:49Z,3.463,12053.4,0.000,0.0,0.000,0.0,0.434,506.0,0.353,119.2,4.01,26.38,0.00,0.00,13.45
2026-08-23T21:29:50Z,3.345,12064.2,0.000,0.0,0.000,0.0,0.436,505.5,0.354,119.2,4.01,26.98,0.00,0.00,13.45
2026-08-23T21:29:51Z,4.084,12063.7,0.000,0.0,0.000,0.0,0.426,505.8,0.350,119.3,5.44,25.92,0.00,0.00,13.82
2026-08-23T21:29:52Z,4.771,12039.6,0.000,0.0,0.000,0.0,0.436,505.5,0.355,119.5,9.29,25.35,0.00,0.00,13.82
2026-08-23T21:29:53Z,4.778,12060.3,0.000,0.0,0.000,0.0,0.452,505.6,0.360,119.3,10.28,34.87,0.00,0.00,13.82
2026-08-23T21:29:55Z,4.825,12037.9,0.000,0.0,0.000,0.0,0.440,505.8,0.353,119.2,9.16,26.23,0.00,0.00,13.82
2026-08-23T21:29:56Z,5.088,12057.7,0.000,0.0,0.000,0.0,0.423,505.9,0.348,119.4,32.72,22.97,0.00,0.00,13.82
2026-08-23T21:29:57Z,5.180,12053.5,0.000,0.0,0.000,0.0,0.440,505.8,0.367,119.3,6.74,21.55,0.00,0.00,15.19
2026-08-23T21:29:58Z,4.603,12030.1,0.000,0.0,0.000,0.0,0.439,505.5,0.371,119.3,9.91,29.56,0.00,0.00,15.19
2026-08-23T21:29:59Z,4.537,12050.5,0.000,0.0,0.000,0.0,0.441,505.8,0.366,119.3,10.51,29.89,0.00,0.00,15.19
2026-08-23T21:30:00Z,4.586,12022.1,0.000,0.0,0.000,0.0,0.426,505.7,0.355,119.5,8.02,27.42,0.00,0.00,15.19
2026-08-23T21:30:01Z,4.775,12038.0,0.000,0.0,0.000,0.0,0.449,505.5,0.384,119.3,8.85,26.73,0.00,0.00,15.19
2026-08-23T21:30:02Z,4.582,12054.8,0.000,0.0,0.000,0.0,0.456,505.4,0.374,119.2,8.96,25.45,0.00,0.00,15.10
2026-08-23T21:30:03Z,4.480,12005.9,0.000,0.0,0.000,0.0,0.435,505.5,0.358,119.3,9.18,34.59,0.00,0.00,15.10
2026-08-23T21:30:04Z,3.619,12008.0,0.000,0.0,0.000,0.0,0.433,505.7,0.350,119.2,3.74,26.60,0.00,0.00,15.10
2026-08-23T21:30:05Z,3.940,12029.8,0.000,0.0,0.000,0.0,0.429,505.8,0.366,119.3,4.70,28.32,0.00,0.00,15.10
2026-08-23T21:30:06Z,4.461,12032.2,0.000,0.0,0.000,0.0,0.452,505.6,0.381,119.3,3.85,23.24,0.00,0.00,14.85
2026-08-23T21:30:08Z,3.327,12045.8,0.000,0.0,0.000,0.0,0.420,505.9,0.351,119.3,4.71,31.75,0.00,0.00,14.85
2026-08-23T21:30:09Z,3.320,12057.4,0.000,0.0,0.000,0.0,0.436,505.6,0.364,119.3,5.25,32.85,0.00,0.00,14.85
2026-08-23T21:30:10Z,3.386,12068.0,0.000,0.0,0.000,0.0,0.433,505.6,0.356,119.3,4.07,33.06,0.00,0.00,14.85
2026-08-23T21:30:11Z,3.353,12034.9,0.000,0.0,0.000,0.0,0.441,506.1,0.364,119.3,4.27,36.48,0.00,0.00,14.85
2026-08-23T21:30:12Z,3.332,12047.4,0.000,0.0,0.000,0.0,0.434,505.9,0.351,119.2,5.09,33.03,0.00,0.00,14.86
2026-08-23T21:30:13Z,3.412,12026.3,0.000,0.0,0.000,0.0,0.426,505.9,0.355,119.3,5.37,30.77,0.00,0.00,14.86
2026-08-23T21:30:14Z,5.031,12014.7,0.000,0.0,0.000,0.0,0.439,505.7,0.356,119.4,5.31,28.07,0.00,0.00,14.86
2026-08-23T21:30:15Z,4.900,11990.2,0.000,0.0,0.000,0.0,0.436,505.6,0.359,119.3,5.99,22.20,0.00,0.00,14.86
2026-08-23T21:30:16Z,5.628,11993.2,0.000,0.0,0.000,0.0,0.379,506.2,0.330,119.4,4.90,30.39,0.00,0.00,16.15
2026-08-23T21:30:17Z,5.352,12003.7,0.000,0.0,0.000,0.0,0.443,506.0,0.372,119.4,4.42,17.07,0.00,0.00,16.15
2026-08-23T21:30:18Z,5.413,12014.4,0.000,0.0,0.000,0.0,0.428,505.7,0.356,119.7,4.86,16.86,0.00,0.00,16.15
2026-08-23T21:30:19Z,5.377,12024.6,0.000,0.0,0.000,0.0,0.440,505.9,0.363,119.4,5.08,17.42,0.00,0.00,16.15
2026-08-23T21:30:21Z,4.963,12035.3,0.000,0.0,0.000,0.0,0.450,505.9,0.374,119.4,5.02,18.79,0.00,0.00,16.15
2026-08-23T21:30:22Z,4.613,12014.3,0.000,0.0,0.000,0.0,0.442,505.7,0.358,119.4,4.80,20.17,0.00,0.00,15.42
2026-08-23T21:30:23Z,3.664,12025.0,0.000,0.0,0.000,0.0,0.426,505.9,0.350,119.3,4.95,25.11,0.00,0.00,15.42
2026-08-23T21:30:24Z,3.899,12035.0,0.000,0.0,0.000,0.0,0.431,505.6,0.357,119.4,5.02,30.20,0.00,0.00,15.42
2026-08-23T21:30:25Z,4.258,12046.2,0.000,0.0,0.000,0.0,0.441,505.7,0.367,119.5,3.63,21.70,0.00,0.00,15.42
2026-08-23T21:30:26Z,5.112,12014.8,0.000,0.0,0.000,0.0,0.427,505.7,0.349,119.4,3.85,15.46,0.00,0.00,15.42
2026-08-23T21:30:27Z,4.459,12017.9,0.000,0.0,0.000,0.0,0.454,505.6,0.388,119.3,3.38,19.45,0.00,0.00,16.43
2026-08-23T21:30:28Z,3.452,12029.0,0.000,0.0,0.000,0.0,0.428,505.7,0.356,119.3,4.51,25.51,0.00,0.00,16.43
2026-08-23T21:30:29Z,3.298,12038.3,0.000,0.0,0.000,0.0,0.427,505.9,0.353,119.3,4.54,26.99,0.00,0.00,16.43
2026-08-23T21:30:30Z,3.650,12049.2,0.000,0.0,0.000,0.0,0.423,505.6,0.353,119.3,4.34,24.88,0.00,0.00,16.43
2026-08-23T21:30:31Z,4.203,11928.6,0.000,0.0,0.000,0.0,0.439,505.9,0.357,119.6,3.57,22.89,0.00,0.00,15.67
2026-08-23T21:30:32Z,4.064,11936.9,0.000,0.0,0.000,0.0,0.428,505.9,0.357,119.3,3.86,22.80,0.00,0.00,15.67
2026-08-23T21:30:34Z,3.778,11947.1,0.000,0.0,0.000,0.0,0.430,505.7,0.353,119.3,3.67,26.98,0.00,0.00,15.67
2026-08-23T21:30:35Z,3.367,11957.3,0.000,0.0,0.000,0.0,0.439,505.7,0.367,119.3,4.81,35.86,0.00,0.00,15.67
2026-08-23T21:30:36Z,4.523,11984.7,0.000,0.0,0.000,0.0,0.434,505.9,0.358,119.5,3.45,22.79,0.00,0.00,15.67
2026-08-23T21:30:37Z,3.716,11977.3,0.000,0.0,0.000,0.0,0.434,506.2,0.366,119.3,4.37,24.92,0.00,0.00,15.06
2026-08-23T21:30:38Z,3.323,11988.3,0.000,0.0,0.000,0.0,0.425,505.6,0.350,119.2,4.03,26.89,0.00,0.00,15.06
2026-08-23T21:30:39Z,3.209,11997.9,0.000,0.0,0.000,0.0,0.418,505.8,0.355,119.5,4.41,27.41,0.00,0.00,15.06
2026-08-23T21:30:40Z,3.300,12009.0,0.000,0.0,0.000,0.0,0.431,505.5,0.357,119.2,4.84,28.18,0.00,0.00,15.06
2026-08-23T21:30:41Z,3.266,12018.7,0.000,0.0,0.000,0.0,0.425,505.6,0.354,119.2,4.30,27.09,0.00,0.00,14.65
2026-08-23T21:30:42Z,3.258,12029.6,0.000,0.0,0.000,0.0,0.430,505.6,0.353,119.3,4.53,27.20,0.00,0.00,14.65
2026-08-23T21:30:43Z,3.275,12039.9,0.000,0.0,0.000,0.0,0.422,505.6,0.353,119.2,4.33,26.72,0.00,0.00,14.65
2026-08-23T21:30:44Z,3.283,12007.4,0.000,0.0,0.000,0.0,0.439,505.6,0.361,119.3,4.89,35.70,0.00,0.00,14.65
2026-08-23T21:30:45Z,4.091,12026.6,0.000,0.0,0.000,0.0,0.433,505.8,0.363,119.3,4.29,24.24,0.00,0.00,14.65
2026-08-23T21:30:47Z,4.271,12027.6,0.000,0.0,0.000,0.0,0.448,505.8,0.368,119.3,4.03,37.33,0.00,0.00,15.40
2026-08-23T21:30:48Z,3.428,11996.8,0.000,0.0,0.000,0.0,0.438,505.6,0.361,119.3,5.39,28.58,0.00,0.00,15.40
2026-08-23T21:30:49Z,3.579,12008.0,0.000,0.0,0.000,0.0,0.444,505.6,0.358,119.3,5.01,27.79,0.00,0.00,15.40
2026-08-23T21:30:50Z,3.386,12022.3,0.000,0.0,0.000,0.0,0.425,505.6,0.360,119.2,5.22,30.03,0.00,0.00,15.40
2026-08-23T21:30:51Z,3.315,12031.7,0.000,0.0,0.000,0.0,0.430,505.6,0.354,119.2,5.29,29.38,0.00,0.00,15.40
2026-08-23T21:30:52Z,3.405,12001.8,0.000,0.0,0.000,0.0,0.430,505.6,0.358,119.3,5.66,29.25,0.00,0.00,15.37
2026-08-23T21:30:53Z,3.503,12013.9,0.000,0.0,0.000,0.0,0.437,505.5,0.361,119.2,5.12,30.78,0.00,0.00,15.37
2026-08-23T21:30:54Z,3.680,12027.3,0.000,0.0,0.000,0.0,0.430,505.6,0.358,119.3,5.00,38.84,0.00,0.00,15.37
2026-08-23T21:30:55Z,4.035,12010.7,0.000,0.0,0.000,0.0,0.431,505.6,0.356,119.3,4.81,28.46,0.00,0.00,15.37
2026-08-23T21:30:56Z,4.648,12008.9,0.000,0.0,0.000,0.0,0.457,505.6,0.373,119.8,3.92,22.64,0.00,0.00,15.66
2026-08-23T21:30:58Z,3.365,12024.7,0.000,0.0,0.000,0.0,0.427,505.6,0.357,119.3,4.96,31.77,0.00,0.00,15.66
2026-08-23T21:30:59Z,3.299,11994.5,0.000,0.0,0.000,0.0,0.429,505.6,0.357,119.3,4.84,30.96,0.00,0.00,15.66
2026-08-23T21:31:00Z,3.285,12011.3,0.000,0.0,0.000,0.0,0.429,505.6,0.360,119.3,4.20,31.65,0.00,0.00,15.66
2026-08-23T21:31:01Z,3.342,12029.2,0.000,0.0,0.000,0.0,0.436,505.6,0.360,119.2,4.65,32.78,0.00,0.00,15.66
2026-08-23T21:31:02Z,3.426,12003.1,0.000,0.0,0.000,0.0,0.444,505.8,0.375,119.3,4.50,31.14,0.00,0.00,14.89
2026-08-23T21:31:03Z,3.359,12021.0,0.000,0.0,0.000,0.0,0.442,505.5,0.361,119.3,4.55,31.27,0.00,0.00,14.89
2026-08-23T21:31:04Z,3.298,11995.6,0.000,0.0,0.000,0.0,0.428,506.1,0.358,119.3,4.02,31.19,0.00,0.00,14.89
2026-08-23T21:31:05Z,3.611,12019.4,0.000,0.0,0.000,0.0,0.449,506.1,0.374,119.2,3.57,37.07,0.00,0.00,14.89
2026-08-23T21:31:06Z,4.834,11982.3,0.000,0.0,0.000,0.0,0.446,505.8,0.374,119.3,3.66,20.68,0.00,0.00,16.02
2026-08-23T21:31:07Z,3.579,12001.2,0.000,0.0,0.000,0.0,0.447,505.6,0.365,119.3,4.79,30.48,0.00,0.00,16.02
2026-08-23T21:31:08Z,3.357,12018.6,0.000,0.0,0.000,0.0,0.436,505.6,0.367,119.5,3.96,32.24,0.00,0.00,16.02
2026-08-23T21:31:09Z,3.310,11991.6,0.000,0.0,0.000,0.0,0.433,505.9,0.360,119.3,3.51,29.79,0.00,0.00,16.02
2026-08-23T21:31:11Z,3.270,12008.5,0.000,0.0,0.000,0.0,0.427,505.6,0.350,119.5,4.13,31.28,0.00,0.00,16.02
2026-08-23T21:31:12Z,3.305,11980.9,0.000,0.0,0.000,0.0,0.426,505.6,0.359,119.3,3.87,31.22,0.00,0.00,15.85
2026-08-23T21:31:13Z,3.340,11996.5,0.000,0.0,0.000,0.0,0.432,505.5,0.354,119.2,3.81,31.23,0.00,0.00,15.85
2026-08-23T21:31:14Z,3.291,12013.6,0.000,0.0,0.000,0.0,0.435,505.6,0.357,119.2,4.91,32.16,0.00,0.00,15.85
2026-08-23T21:31:15Z,3.369,11989.0,0.000,0.0,0.000,0.0,0.448,505.8,0.371,119.2,3.49,37.04,0.00,0.00,15.85
2026-08-23T21:31:16Z,4.690,12006.9,0.000,0.0,0.000,0.0,0.441,505.5,0.353,119.3,4.04,21.66,0.00,0.00,15.85
2026-08-23T21:31:17Z,3.673,12013.1,0.000,0.0,0.000,0.0,0.437,505.5,0.366,119.5,4.54,42.70,0.00,0.00,16.75
2026-08-23T21:31:18Z,3.515,11988.3,0.000,0.0,0.000,0.0,0.434,505.5,0.357,119.3,9.64,30.28,0.00,0.00,16.75
2026-08-23T21:31:19Z,3.398,12000.7,0.000,0.0,0.000,0.0,0.428,505.5,0.351,119.3,4.01,30.87,0.00,0.00,16.75
2026-08-23T21:31:20Z,3.396,12012.5,0.000,0.0,0.000,0.0,0.431,505.7,0.352,119.2,3.95,29.44,0.00,0.00,16.75
2026-08-23T21:31:21Z,3.279,11981.5,0.000,0.0,0.000,0.0,0.431,505.8,0.358,119.3,4.29,31.55,0.00,0.00,16.13
2026-08-23T21:31:23Z,4.674,11988.9,0.000,0.0,0.000,0.0,0.441,505.8,0.354,119.2,9.80,26.34,0.00,0.00,16.13
2026-08-23T21:31:24Z,4.463,11969.6,0.000,0.0,0.000,0.0,0.435,505.8,0.355,119.2,14.79,27.66,0.00,0.00,16.13
2026-08-23T21:31:25Z,4.608,11990.1,0.000,0.0,0.000,0.0,0.448,505.5,0.358,119.2,13.88,23.78,0.00,0.00,16.13
2026-08-23T21:31:26Z,5.060,11984.5,0.000,0.0,0.000,0.0,0.430,505.8,0.351,119.6,13.06,29.77,0.00,0.00,16.13
2026-08-23T21:31:27Z,5.142,11944.8,0.000,0.0,0.000,0.0,0.453,505.9,0.377,119.3,11.73,20.33,0.00,0.00,16.76
2026-08-23T21:31:28Z,5.042,11969.3,0.000,0.0,0.000,0.0,0.434,505.8,0.372,119.3,13.94,23.51,0.00,0.00,16.76
2026-08-23T21:31:29Z,4.829,11989.4,0.000,0.0,0.000,0.0,0.435,505.9,0.360,119.6,12.14,25.20,0.00,0.00,16.76
2026-08-23T21:31:30Z,5.070,11968.8,0.000,0.0,0.000,0.0,0.431,506.1,0.357,119.5,12.13,24.68,0.00,0.00,16.76
2026-08-23T21:31:31Z,4.708,11992.3,0.000,0.0,0.000,0.0,0.434,505.8,0.356,119.2,13.91,27.71,0.00,0.00,16.38
2026-08-23T21:31:32Z,4.325,11976.4,0.000,0.0,0.000,0.0,0.441,505.6,0.357,119.2,16.87,30.94,0.00,0.00,16.38
2026-08-23T21:31:33Z,4.329,11959.1,0.000,0.0,0.000,0.0,0.435,505.8,0.360,119.3,15.29,29.93,0.00,0.00,16.38
2026-08-23T21:31:35Z,4.410,11981.9,0.000,0.0,0.000,0.0,0.443,505.8,0.361,119.2,13.31,28.25,0.00,0.00,16.38
2026-08-23T21:31:36Z,4.991,11970.3,0.000,0.0,0.000,0.0,0.419,505.7,0.354,119.3,11.26,29.39,0.00,0.00,16.38
2026-08-23T21:31:37Z,4.654,11935.1,0.000,0.0,0.000,0.0,0.459,506.1,0.383,119.3,13.35,24.96,0.00,0.00,15.63
2026-08-23T21:31:38Z,4.344,11959.5,0.000,0.0,0.000,0.0,0.439,505.6,0.365,119.3,16.52,29.02,0.00,0.00,15.63
2026-08-23T21:31:39Z,4.285,11937.8,0.000,0.0,0.000,0.0,0.434,505.8,0.353,119.3,14.75,29.10,0.00,0.00,15.63
2026-08-23T21:31:40Z,3.485,11918.0,0.000,0.0,0.000,0.0,0.423,505.6,0.357,119.3,4.39,31.53,0.00,0.00,15.63
2026-08-23T21:31:41Z,3.355,11928.1,0.000,0.0,0.000,0.0,0.436,505.6,0.356,119.5,4.42,33.13,0.00,0.00,16.46
2026-08-23T21:31:42Z,3.348,11939.3,0.000,0.0,0.000,0.0,0.448,505.6,0.361,119.3,3.53,31.08,0.00,0.00,16.46
2026-08-23T21:31:43Z,3.306,11948.4,0.000,0.0,0.000,0.0,0.436,505.6,0.361,119.2,3.00,32.05,0.00,0.00,16.46
2026-08-23T21:31:44Z,3.319,11958.7,0.000,0.0,0.000,0.0,0.433,506.3,0.357,119.5,2.92,36.35,0.00,0.00,16.46
2026-08-23T21:31:45Z,3.974,11982.7,0.000,0.0,0.000,0.0,0.445,505.6,0.369,119.3,3.38,36.79,0.00,0.00,16.46
2026-08-23T21:31:47Z,4.599,11937.2,0.000,0.0,0.000,0.0,0.450,505.5,0.380,119.3,2.61,23.43,0.00,0.00,16.66
2026-08-23T21:31:48Z,3.403,11947.8,0.000,0.0,0.000,0.0,0.434,505.8,0.359,119.3,2.83,40.29,0.00,0.00,16.66
2026-08-23T21:31:49Z,3.484,11958.6,0.000,0.0,0.000,0.0,0.433,505.5,0.352,119.3,3.40,31.00,0.00,0.00,16.66
2026-08-23T21:31:50Z,3.302,11968.0,0.000,0.0,0.000,0.0,0.428,505.8,0.354,119.5,3.34,27.75,0.00,0.00,16.66
2026-08-23T21:31:51Z,3.323,11977.6,0.000,0.0,0.000,0.0,0.428,505.5,0.350,119.3,3.02,28.40,0.00,0.00,16.66
2026-08-23T21:31:52Z,3.342,11947.1,0.000,0.0,0.000,0.0,0.427,505.8,0.356,119.3,3.25,30.09,0.00,0.00,15.97
2026-08-23T21:31:53Z,3.518,11956.2,0.000,0.0,0.000,0.0,0.443,506.3,0.361,119.3,3.02,22.33,0.00,0.00,15.97
2026-08-23T21:31:54Z,3.452,11968.4,0.000,0.0,0.000,0.0,0.434,506.1,0.354,119.3,3.54,20.95,0.00,0.00,15.97
2026-08-23T21:31:55Z,4.055,11971.5,0.000,0.0,0.000,0.0,0.449,505.9,0.361,119.4,4.40,20.03,0.00,0.00,15.97
2026-08-23T21:31:56Z,5.150,11974.1,0.000,0.0,0.000,0.0,0.442,505.9,0.362,119.6,38.51,26.22,0.00,0.00,15.73
2026-08-23T21:31:57Z,4.483,11942.5,0.000,0.0,0.000,0.0,0.470,505.9,0.391,119.3,127.79,17.23,0.00,0.00,15.73
2026-08-23T21:31:59Z,4.270,11941.3,0.000,0.0,0.000,0.0,0.441,505.9,0.350,119.4,205.42,60.06,0.00,0.00,15.73
2026-08-23T21:32:00Z,4.117,11973.0,0.000,0.0,0.000,0.0,0.441,505.7,0.364,119.5,241.81,168.37,0.00,0.00,15.73
2026-08-23T21:32:01Z,3.930,11964.4,0.000,0.0,0.000,0.0,0.432,505.7,0.363,119.6,265.54,148.88,0.00,0.00,15.73
2026-08-23T21:32:02Z,4.282,11960.1,0.000,0.0,0.000,0.0,0.441,505.7,0.357,119.4,294.00,166.14,0.00,0.00,15.27
2026-08-23T21:32:03Z,3.593,11972.2,0.000,0.0,0.000,0.0,0.399,506.1,0.326,119.6,259.74,339.78,0.00,0.00,15.27
2026-08-23T21:32:04Z,4.390,11952.1,0.000,0.0,0.000,0.0,0.485,505.8,0.405,119.6,241.56,120.22,0.00,0.00,15.27
2026-08-23T21:32:05Z,5.037,11915.0,0.000,0.0,0.000,0.0,0.414,506.0,0.364,119.6,162.94,24.47,0.00,0.00,15.27
2026-08-23T21:32:06Z,5.341,11953.1,0.000,0.0,0.000,0.0,0.431,505.8,0.350,119.7,121.51,23.26,0.00,0.00,16.45
2026-08-23T21:32:07Z,4.944,11965.0,0.000,0.0,0.000,0.0,0.465,506.0,0.386,119.6,180.38,19.41,0.00,0.00,16.45
2026-08-23T21:32:08Z,4.505,11951.2,0.000,0.0,0.000,0.0,0.455,505.8,0.367,119.7,186.36,105.13,0.00,0.00,16.45
2026-08-23T21:32:10Z,3.405,11933.2,0.000,0.0,0.000,0.0,0.397,505.9,0.314,119.8,151.78,359.58,0.00,0.00,16.45
2026-08-23T21:32:11Z,4.931,11921.9,0.000,0.0,0.000,0.0,0.491,505.8,0.419,119.7,164.27,20.59,0.00,0.00,16.45
2026-08-23T21:32:12Z,4.942,11947.2,0.000,0.0,0.000,0.0,0.440,505.8,0.368,119.9,242.54,29.69,0.00,0.00,17.21
2026-08-23T21:32:13Z,4.982,11956.3,0.000,0.0,0.000,0.0,0.439,506.1,0.362,119.8,223.22,24.92,0.00,0.00,17.21
2026-08-23T21:32:14Z,4.686,11944.6,0.000,0.0,0.000,0.0,0.441,505.8,0.363,119.7,180.95,105.84,0.00,0.00,17.21
2026-08-23T21:32:15Z,3.885,11964.8,0.000,0.0,0.000,0.0,0.429,506.0,0.349,119.8,154.34,356.44,0.00,0.00,17.21
2026-08-23T21:32:16Z,5.430,11952.0,0.000,0.0,0.000,0.0,0.425,505.9,0.357,119.7,102.80,19.40,0.00,0.00,19.12
2026-08-23T21:32:17Z,5.122,11927.7,0.000,0.0,0.000,0.0,0.467,505.9,0.387,119.7,146.15,20.41,0.00,0.00,19.12
2026-08-23T21:32:18Z,4.941,11947.5,0.000,0.0,0.000,0.0,0.443,505.8,0.367,119.6,188.84,27.13,0.00,0.00,19.12
2026-08-23T21:32:19Z,4.894,11916.0,0.000,0.0,0.000,0.0,0.438,505.9,0.374,119.7,206.35,99.41,0.00,0.00,19.12
2026-08-23T21:32:21Z,4.757,11928.6,0.000,0.0,0.000,0.0,0.442,505.9,0.366,119.5,174.82,95.02,0.00,0.00,19.12
2026-08-23T21:32:22Z,4.708,11937.5,0.000,0.0,0.000,0.0,0.445,505.9,0.361,119.5,170.10,100.19,0.00,0.00,19.91
2026-08-23T21:32:23Z,4.786,11942.5,0.000,0.0,0.000,0.0,0.442,505.9,0.355,119.5,168.13,90.33,0.00,0.00,19.91
2026-08-23T21:32:24Z,4.815,11932.2,0.000,0.0,0.000,0.0,0.440,506.1,0.363,119.5,161.47,98.47,0.00,0.00,19.91
2026-08-23T21:32:25Z,3.871,11921.3,0.000,0.0,0.000,0.0,0.421,506.0,0.335,119.7,128.16,357.37,0.00,0.00,19.91
2026-08-23T21:32:26Z,5.524,11919.4,0.000,0.0,0.000,0.0,0.421,505.9,0.326,119.6,81.16,18.01,0.00,0.00,21.84
2026-08-23T21:32:27Z,5.397,11950.5,0.000,0.0,0.000,0.0,0.447,506.2,0.368,119.7,99.28,21.47,0.00,0.00,21.84
2026-08-23T21:32:28Z,5.127,11951.9,0.000,0.0,0.000,0.0,0.460,505.9,0.376,119.7,103.89,17.51,0.00,0.00,21.84
2026-08-23T21:32:29Z,5.019,11952.8,0.000,0.0,0.000,0.0,0.455,505.9,0.363,119.7,234.01,22.76,0.00,0.00,21.84
2026-08-23T21:32:31Z,4.712,11964.8,0.000,0.0,0.000,0.0,0.423,505.9,0.353,119.9,208.14,89.44,0.00,0.00,21.84
2026-08-23T21:32:32Z,4.134,11951.3,0.000,0.0,0.000,0.0,0.443,506.1,0.363,119.5,235.77,145.95,0.00,0.00,21.37
2026-08-23T21:32:33Z,4.153,11929.7,0.000,0.0,0.000,0.0,0.448,505.9,0.366,119.5,213.60,157.79,0.00,0.00,21.37
2026-08-23T21:32:34Z,4.053,11954.1,0.000,0.0,0.000,0.0,0.438,506.7,0.365,119.6,5.01,171.43,0.00,0.00,21.37
2026-08-23T21:32:35Z,4.162,11936.9,0.000,0.0,0.000,0.0,0.453,505.9,0.364,119.5,103.13,105.66,0.00,0.00,21.37
2026-08-23T21:32:36Z,5.338,11923.7,0.000,0.0,0.000,0.0,0.408,506.2,0.355,119.6,154.32,12.84,0.00,0.00,21.37
2026-08-23T21:32:37Z,4.502,11953.6,0.000,0.0,0.000,0.0,0.452,505.9,0.381,119.5,156.47,21.42,0.00,0.00,21.18
2026-08-23T21:32:38Z,4.212,11950.8,0.000,0.0,0.000,0.0,0.441,506.1,0.358,119.5,203.00,26.41,0.00,0.00,21.18
2026-08-23T21:32:39Z,4.290,11887.6,0.000,0.0,0.000,0.0,0.440,505.9,0.355,119.5,176.05,23.99,0.00,0.00,21.18
2026-08-23T21:32:40Z,4.539,11917.8,0.000,0.0,0.000,0.0,0.411,506.2,0.339,119.7,96.52,304.99,0.00,0.00,21.18
2026-08-23T21:32:42Z,5.276,11940.4,0.000,0.0,0.000,0.0,0.468,506.2,0.380,119.6,167.36,15.48,0.00,0.00,20.93
2026-08-23T21:32:43Z,5.201,11899.4,0.000,0.0,0.000,0.0,0.432,506.2,0.369,119.6,147.99,22.04,0.00,0.00,20.93
2026-08-23T21:32:44Z,5.190,11907.4,0.000,0.0,0.000,0.0,0.432,506.2,0.359,119.6,147.11,21.87,0.00,0.00,20.93
2026-08-23T21:32:45Z,5.156,11919.4,0.000,0.0,0.000,0.0,0.416,506.5,0.376,119.6,153.85,18.43,0.00,0.00,20.93
2026-08-23T21:32:46Z,5.577,11913.1,0.000,0.0,0.000,0.0,0.396,506.0,0.355,119.8,93.00,17.65,0.00,0.00,20.93
2026-08-23T21:32:47Z,5.402,11920.1,0.000,0.0,0.000,0.0,0.413,506.4,0.366,119.6,113.80,18.29,0.00,0.00,20.61
2026-08-23T21:32:48Z,5.329,11928.2,0.000,0.0,0.000,0.0,0.435,506.2,0.360,119.6,183.45,15.69,0.00,0.00,20.61
2026-08-23T21:32:49Z,5.059,11910.2,0.000,0.0,0.000,0.0,0.433,505.9,0.368,119.6,164.32,15.46,0.00,0.00,20.61
2026-08-23T21:32:50Z,5.386,11893.3,0.000,0.0,0.000,0.0,0.435,505.9,0.346,119.5,164.25,12.77,0.00,0.00,20.61
2026-08-23T21:32:51Z,5.211,11913.2,0.000,0.0,0.000,0.0,0.434,506.2,0.357,119.5,161.11,14.34,0.00,0.00,20.32
2026-08-23T21:32:53Z,4.382,11921.3,0.000,0.0,0.000,0.0,0.427,505.9,0.360,119.4,188.48,20.05,0.00,0.00,20.32
2026-08-23T21:32:54Z,4.427,11903.3,0.000,0.0,0.000,0.0,0.444,505.9,0.367,119.5,206.25,21.22,0.00,0.00,20.32
2026-08-23T21:32:55Z,4.575,11901.8,0.000,0.0,0.000,0.0,0.431,505.8,0.360,119.4,222.68,17.92,0.00,0.00,20.32
2026-08-23T21:32:56Z,5.305,11932.2,0.000,0.0,0.000,0.0,0.428,505.9,0.360,119.4,156.22,13.05,0.00,0.00,20.32
2026-08-23T21:32:57Z,4.834,11919.2,0.000,0.0,0.000,0.0,0.444,505.8,0.370,119.4,145.57,23.86,0.00,0.00,21.10
2026-08-23T21:32:58Z,4.234,11155.1,0.000,0.0,0.000,0.0,0.439,505.7,0.365,119.3,101.01,21.90,0.00,0.00,21.10
2026-08-23T21:32:59Z,3.336,11166.8,0.000,0.0,0.000,0.0,0.432,505.8,0.357,119.4,5.91,21.54,0.00,0.00,21.10
2026-08-23T21:33:00Z,3.379,11179.3,0.000,0.0,0.000,0.0,0.439,505.8,0.359,119.3,6.05,24.26,0.00,0.00,21.10
2026-08-23T21:33:01Z,3.352,11189.6,0.000,0.0,0.000,0.0,0.430,506.0,0.359,119.3,5.47,22.69,0.00,0.00,20.13
2026-08-23T21:33:02Z,3.351,11202.1,0.000,0.0,0.000,0.0,0.440,505.7,0.364,119.4,5.94,23.92,0.00,0.00,20.13
2026-08-23T21:33:04Z,3.305,11216.2,0.000,0.0,0.000,0.0,0.418,505.7,0.347,119.3,6.32,25.61,0.00,0.00,20.13
2026-08-23T21:33:05Z,3.302,11227.5,0.000,0.0,0.000,0.0,0.423,506.0,0.359,119.4,6.28,23.67,0.00,0.00,20.13
2026-08-23T21:33:06Z,3.792,11300.6,0.000,0.0,0.000,0.0,0.434,505.7,0.359,119.3,51.44,37.72,0.00,0.00,20.13
2026-08-23T21:33:07Z,4.716,11381.2,0.000,0.0,0.000,0.0,0.462,505.7,0.384,119.3,68.28,16.72,0.00,0.00,20.76
2026-08-23T21:33:08Z,4.059,11523.8,0.000,0.0,0.000,0.0,0.453,505.7,0.372,119.5,123.18,30.25,0.00,0.00,20.76
2026-08-23T21:33:09Z,4.202,11572.4,0.000,0.0,0.000,0.0,0.449,505.8,0.367,119.3,27.92,23.83,0.00,0.00,20.76
2026-08-23T21:33:10Z,4.046,11570.3,0.000,0.0,0.000,0.0,0.436,505.7,0.364,119.3,4.24,22.66,0.00,0.00,20.76
2026-08-23T21:33:11Z,3.337,11582.3,0.000,0.0,0.000,0.0,0.438,505.7,0.364,119.3,4.64,25.65,0.00,0.00,20.70
2026-08-23T21:33:12Z,3.378,11595.4,0.000,0.0,0.000,0.0,0.436,506.0,0.362,119.3,4.64,28.34,0.00,0.00,20.70
2026-08-23T21:33:13Z,3.316,11608.4,0.000,0.0,0.000,0.0,0.422,505.7,0.348,119.3,4.99,26.96,0.00,0.00,20.70
2026-08-23T21:33:14Z,3.389,11622.9,0.000,0.0,0.000,0.0,0.454,505.7,0.371,119.3,4.95,28.95,0.00,0.00,20.70
2026-08-23T21:33:16Z,4.081,11654.0,0.000,0.0,0.000,0.0,0.444,505.7,0.361,119.3,6.51,28.76,0.00,0.00,20.70
2026-08-23T21:33:17Z,4.582,11657.4,0.000,0.0,0.000,0.0,0.449,506.2,0.379,119.3,6.18,25.73,0.00,0.00,21.04
2026-08-23T21:33:18Z,3.448,11675.3,0.000,0.0,0.000,0.0,0.437,505.9,0.361,119.3,4.53,40.14,0.00,0.00,21.04
2026-08-23T21:33:19Z,4.503,11692.1,0.000,0.0,0.000,0.0,0.427,505.9,0.351,119.3,4.57,25.88,0.00,0.00,21.04
2026-08-23T21:33:20Z,3.591,11705.1,0.000,0.0,0.000,0.0,0.438,505.7,0.356,119.5,5.51,25.96,0.00,0.00,21.04
2026-08-23T21:33:21Z,3.412,11718.5,0.000,0.0,0.000,0.0,0.431,505.9,0.356,119.2,5.46,27.21,0.00,0.00,21.04
2026-08-23T21:33:22Z,3.574,11731.4,0.000,0.0,0.000,0.0,0.430,505.7,0.359,119.3,4.71,25.39,0.00,0.00,20.00
2026-08-23T21:33:23Z,3.789,11744.6,0.000,0.0,0.000,0.0,0.443,505.6,0.355,119.3,5.32,25.51,0.00,0.00,20.00
2026-08-23T21:33:24Z,4.106,11759.5,0.000,0.0,0.000,0.0,0.428,505.7,0.360,119.4,5.71,25.68,0.00,0.00,20.00
2026-08-23T21:33:25Z,4.852,11780.7,0.000,0.0,0.000,0.0,0.443,506.0,0.366,119.3,5.31,22.74,0.00,0.00,20.00
2026-08-23T21:33:26Z,5.415,11783.5,0.000,0.0,0.000,0.0,0.418,505.8,0.354,119.5,5.14,14.94,0.00,0.00,19.20
2026-08-23T21:33:28Z,5.147,11800.4,0.000,0.0,0.000,0.0,0.445,506.1,0.383,119.5,6.13,23.46,0.00,0.00,19.20
2026-08-23T21:33:29Z,4.521,11813.6,0.000,0.0,0.000,0.0,0.441,505.8,0.363,119.4,6.05,31.00,0.00,0.00,19.20
2026-08-23T21:33:30Z,3.357,11824.4,0.000,0.0,0.000,0.0,0.431,506.0,0.356,119.3,5.73,26.43,0.00,0.00,19.20
2026-08-23T21:33:31Z,3.294,11836.9,0.000,0.0,0.000,0.0,0.433,505.9,0.353,119.4,5.87,25.54,0.00,0.00,19.20
2026-08-23T21:33:32Z,3.382,11848.2,0.000,0.0,0.000,0.0,0.431,505.7,0.358,119.3,6.20,26.64,0.00,0.00,18.30
2026-08-23T21:33:33Z,3.274,11859.3,0.000,0.0,0.000,0.0,0.429,506.0,0.353,119.4,5.91,23.29,0.00,0.00,18.30
2026-08-23T21:33:34Z,3.328,11871.5,0.000,0.0,0.000,0.0,0.438,505.9,0.358,119.4,6.84,23.27,0.00,0.00,18.30
2026-08-23T21:33:35Z,3.534,11869.0,0.000,0.0,0.000,0.0,0.436,505.7,0.357,119.3,6.62,27.40,0.00,0.00,18.30
2026-08-23T21:33:36Z,4.849,11853.5,0.000,0.0,0.000,0.0,0.442,505.7,0.374,119.4,6.00,17.20,0.00,0.00,17.64
2026-08-23T21:33:37Z,3.366,11866.1,0.000,0.0,0.000,0.0,0.424,505.7,0.349,119.3,5.49,51.89,0.00,0.00,17.64
2026-08-23T21:33:38Z,3.299,11877.6,0.000,0.0,0.000,0.0,0.433,505.6,0.351,119.6,5.83,32.86,0.00,0.00,17.64
2026-08-23T21:33:39Z,3.336,11889.2,0.000,0.0,0.000,0.0,0.433,505.9,0.359,119.3,6.35,24.36,0.00,0.00,17.64
2026-08-23T21:33:41Z,3.299,11899.4,0.000,0.0,0.000,0.0,0.430,505.9,0.355,119.3,5.61,24.30,0.00,0.00,17.64
2026-08-23T21:33:42Z,3.287,11869.9,0.000,0.0,0.000,0.0,0.438,506.1,0.358,119.3,6.16,24.59,0.00,0.00,17.26
2026-08-23T21:33:43Z,3.325,11880.5,0.000,0.0,0.000,0.0,0.426,505.8,0.353,119.3,6.40,22.85,0.00,0.00,17.26
2026-08-23T21:33:44Z,3.298,11892.4,0.000,0.0,0.000,0.0,0.426,505.9,0.355,119.3,6.64,23.83,0.00,0.00,17.26
2026-08-23T21:33:45Z,3.329,11863.1,0.000,0.0,0.000,0.0,0.431,505.6,0.356,119.3,6.42,26.48,0.00,0.00,17.26
2026-08-23T21:33:46Z,4.791,11872.2,0.000,0.0,0.000,0.0,0.437,505.6,0.359,119.3,5.87,17.82,0.00,0.00,17.26
2026-08-23T21:33:47Z,3.603,11885.0,0.000,0.0,0.000,0.0,0.436,505.8,0.359,119.6,5.70,20.74,0.00,0.00,17.08
2026-08-23T21:33:48Z,3.430,11873.3,0.000,0.0,0.000,0.0,0.431,505.8,0.349,119.3,6.14,23.45,0.00,0.00,17.08
2026-08-23T21:33:49Z,3.466,11883.9,0.000,0.0,0.000,0.0,0.438,505.6,0.356,119.3,6.13,30.01,0.00,0.00,17.08
2026-08-23T21:33:50Z,3.395,11869.1,0.000,0.0,0.000,0.0,0.421,505.6,0.351,119.5,6.46,24.01,0.00,0.00,17.08
2026-08-23T21:33:51Z,3.298,11880.2,0.000,0.0,0.000,0.0,0.437,505.6,0.355,119.3,6.64,24.03,0.00,0.00,17.56
2026-08-23T21:33:52Z,4.429,11849.8,0.000,0.0,0.000,0.0,0.441,505.8,0.362,119.3,12.53,21.86,0.00,0.00,17.56
2026-08-23T21:33:54Z,4.396,11835.3,0.000,0.0,0.000,0.0,0.441,505.6,0.362,119.3,17.54,23.85,0.00,0.00,17.56
2026-08-23T21:33:55Z,4.459,11860.4,0.000,0.0,0.000,0.0,0.450,505.6,0.365,119.3,17.57,23.59,0.00,0.00,17.56
2026-08-23T21:33:56Z,5.096,11858.6,0.000,0.0,0.000,0.0,0.425,505.9,0.344,119.6,15.44,19.53,0.00,0.00,17.56
2026-08-23T21:33:57Z,4.695,11826.7,0.000,0.0,0.000,0.0,0.446,505.8,0.374,119.3,16.78,22.40,0.00,0.00,18.63
2026-08-23T21:33:58Z,4.440,11852.9,0.000,0.0,0.000,0.0,0.440,505.6,0.356,119.3,18.10,24.52,0.00,0.00,18.63
2026-08-23T21:33:59Z,4.261,11840.3,0.000,0.0,0.000,0.0,0.452,505.6,0.363,119.3,19.34,35.50,0.00,0.00,18.63
2026-08-23T21:34:00Z,4.270,11867.2,0.000,0.0,0.000,0.0,0.442,505.6,0.365,119.3,18.80,28.57,0.00,0.00,18.63
2026-08-23T21:34:01Z,4.414,11852.3,0.000,0.0,0.000,0.0,0.459,505.6,0.372,119.3,17.09,31.97,0.00,0.00,18.58
2026-08-23T21:34:02Z,4.247,11840.6,0.000,0.0,0.000,0.0,0.439,505.6,0.361,119.2,19.02,35.65,0.00,0.00,18.58
2026-08-23T21:34:03Z,4.231,11870.7,0.000,0.0,0.000,0.0,0.446,505.6,0.367,119.3,20.02,34.43,0.00,0.00,18.58
2026-08-23T21:34:05Z,4.256,11861.1,0.000,0.0,0.000,0.0,0.444,505.6,0.360,119.3,19.52,30.97,0.00,0.00,18.58
2026-08-23T21:34:06Z,4.887,11857.6,0.000,0.0,0.000,0.0,0.447,506.6,0.362,119.7,15.17,26.94,0.00,0.00,18.58
2026-08-23T21:34:07Z,4.655,11828.8,0.000,0.0,0.000,0.0,0.466,505.8,0.387,119.3,15.71,30.32,0.00,0.00,18.62
2026-08-23T21:34:08Z,4.338,11855.0,0.000,0.0,0.000,0.0,0.456,505.6,0.372,119.3,16.55,45.81,0.00,0.00,18.62
2026-08-23T21:34:09Z,4.253,11840.6,0.000,0.0,0.000,0.0,0.447,506.0,0.363,119.3,18.52,41.38,0.00,0.00,18.62
2026-08-23T21:34:10Z,4.178,11827.6,0.000,0.0,0.000,0.0,0.446,505.6,0.361,119.3,19.56,36.11,0.00,0.00,18.62
2026-08-23T21:34:11Z,4.272,11857.4,0.000,0.0,0.000,0.0,0.442,505.8,0.360,119.3,20.95,32.76,0.00,0.00,18.62
2026-08-23T21:34:12Z,4.277,11842.2,0.000,0.0,0.000,0.0,0.446,505.6,0.367,119.3,18.15,31.10,0.00,0.00,19.21
2026-08-23T21:34:13Z,4.233,11839.4,0.000,0.0,0.000,0.0,0.442,505.6,0.367,119.3,13.55,27.95,0.00,0.00,19.21
2026-08-23T21:34:14Z,3.423,11840.7,0.000,0.0,0.000,0.0,0.437,505.8,0.360,119.3,4.89,36.10,0.00,0.00,19.21
2026-08-23T21:34:15Z,3.980,11827.9,0.000,0.0,0.000,0.0,0.439,505.6,0.366,119.4,9.03,26.84,0.00,0.00,19.21
2026-08-23T21:34:17Z,4.602,11823.9,0.000,0.0,0.000,0.0,0.449,505.8,0.366,119.3,4.50,23.35,0.00,0.00,18.47
2026-08-23T21:34:18Z,3.392,11836.4,0.000,0.0,0.000,0.0,0.430,505.6,0.355,119.3,5.46,30.08,0.00,0.00,18.47
2026-08-23T21:34:19Z,3.634,11847.2,0.000,0.0,0.000,0.0,0.435,505.5,0.355,119.2,5.57,27.28,0.00,0.00,18.47
2026-08-23T21:34:20Z,3.322,11857.9,0.000,0.0,0.000,0.0,0.431,505.6,0.361,119.5,5.13,37.04,0.00,0.00,18.47
2026-08-23T21:34:21Z,3.453,11830.3,0.000,0.0,0.000,0.0,0.438,505.8,0.358,119.2,5.54,29.43,0.00,0.00,18.47
2026-08-23T21:34:22Z,3.354,11843.9,0.000,0.0,0.000,0.0,0.433,505.6,0.356,119.3,5.60,31.04,0.00,0.00,18.27
2026-08-23T21:34:23Z,3.534,11856.8,0.000,0.0,0.000,0.0,0.438,505.6,0.359,119.5,5.36,28.09,0.00,0.00,18.27
2026-08-23T21:34:24Z,3.528,11830.4,0.000,0.0,0.000,0.0,0.424,505.6,0.348,119.3,5.54,27.76,0.00,0.00,18.27
2026-08-23T21:34:25Z,4.247,11853.3,0.000,0.0,0.000,0.0,0.450,505.6,0.361,119.3,5.09,25.45,0.00,0.00,18.27
2026-08-23T21:34:26Z,5.257,11822.6,0.000,0.0,0.000,0.0,0.433,505.6,0.373,119.6,70.04,19.51,0.00,0.00,19.61
2026-08-23T21:34:27Z,5.036,11834.1,0.000,0.0,0.000,0.0,0.443,505.6,0.380,119.3,115.39,15.61,0.00,0.00,19.61
2026-08-23T21:34:29Z,5.388,11825.8,0.000,0.0,0.000,0.0,0.427,505.7,0.351,119.4,7.95,17.90,0.00,0.00,19.61
2026-08-23T21:34:30Z,4.729,11812.2,0.000,0.0,0.000,0.0,0.454,506.2,0.374,119.3,9.26,31.12,0.00,0.00,19.61
2026-08-23T21:34:31Z,4.802,11831.9,0.000,0.0,0.000,0.0,0.442,505.9,0.365,119.6,8.97,23.01,0.00,0.00,19.61
2026-08-23T21:34:32Z,4.724,11807.6,0.000,0.0,0.000,0.0,0.437,505.9,0.359,119.4,9.18,21.29,0.00,0.00,19.72
2026-08-23T21:34:33Z,4.786,11823.4,0.000,0.0,0.000,0.0,0.431,505.9,0.358,119.3,9.30,20.41,0.00,0.00,19.72
2026-08-23T21:34:34Z,4.788,11838.3,0.000,0.0,0.000,0.0,0.443,505.9,0.352,119.4,8.68,19.36,0.00,0.00,19.72
2026-08-23T21:34:35Z,4.896,11819.3,0.000,0.0,0.000,0.0,0.438,505.6,0.359,119.3,8.20,18.30,0.00,0.00,19.72
2026-08-23T21:34:36Z,5.435,11799.7,0.000,0.0,0.000,0.0,0.422,506.0,0.353,119.4,5.67,12.23,0.00,0.00,20.15
2026-08-23T21:34:37Z,5.304,11792.7,0.000,0.0,0.000,0.0,0.441,505.7,0.362,119.4,5.21,11.10,0.00,0.00,20.15
2026-08-23T21:34:38Z,5.193,11800.8,0.000,0.0,0.000,0.0,0.427,505.7,0.342,119.4,5.15,27.43,0.00,0.00,20.15
2026-08-23T21:34:40Z,3.854,11782.9,0.000,0.0,0.000,0.0,0.435,505.6,0.356,119.6,6.26,26.61,0.00,0.00,20.15
2026-08-23T21:34:41Z,3.300,11792.8,0.000,0.0,0.000,0.0,0.430,505.7,0.358,119.3,5.81,22.63,0.00,0.00,20.15
2026-08-23T21:34:42Z,3.317,11803.1,0.000,0.0,0.000,0.0,0.427,506.2,0.349,119.3,5.97,22.39,0.00,0.00,19.81
2026-08-23T21:34:43Z,3.302,11813.1,0.000,0.0,0.000,0.0,0.424,505.9,0.347,119.3,5.80,23.39,0.00,0.00,19.81
2026-08-23T21:34:44Z,3.329,11823.5,0.000,0.0,0.000,0.0,0.428,505.6,0.352,119.3,6.12,23.98,0.00,0.00,19.81
2026-08-23T21:34:45Z,3.351,11835.5,0.000,0.0,0.000,0.0,0.438,505.6,0.351,119.3,6.05,21.55,0.00,0.00,19.81
2026-08-23T21:34:46Z,4.923,11802.9,0.000,0.0,0.000,0.0,0.427,505.7,0.361,119.3,5.29,18.96,0.00,0.00,19.81
2026-08-23T21:34:47Z,3.578,11816.0,0.000,0.0,0.000,0.0,0.442,505.8,0.360,119.2,6.01,22.90,0.00,0.00,19.59
2026-08-23T21:34:48Z,3.490,11826.9,0.000,0.0,0.000,0.0,0.431,505.8,0.355,119.3,6.38,29.79,0.00,0.00,19.59
2026-08-23T21:34:49Z,3.551,11837.8,0.000,0.0,0.000,0.0,0.430,505.5,0.354,119.5,5.91,27.49,0.00,0.00,19.59
2026-08-23T21:34:50Z,3.434,11806.7,0.000,0.0,0.000,0.0,0.431,505.6,0.358,119.2,5.14,36.44,0.00,0.00,19.59
2026-08-23T21:34:51Z,3.376,11817.9,0.000,0.0,0.000,0.0,0.431,505.5,0.354,119.3,5.98,30.14,0.00,0.00,19.70
2026-08-23T21:34:53Z,3.505,11828.6,0.000,0.0,0.000,0.0,0.439,506.0,0.356,119.2,6.54,28.69,0.00,0.00,19.70
2026-08-23T21:34:54Z,3.447,11839.7,0.000,0.0,0.000,0.0,0.437,505.6,0.348,119.3,5.84,30.22,0.00,0.00,19.70
2026-08-23T21:34:55Z,3.570,11809.4,0.000,0.0,0.000,0.0,0.438,505.8,0.360,119.2,5.60,28.68,0.00,0.00,19.70
2026-08-23T21:34:56Z,4.641,11834.9,0.000,0.0,0.000,0.0,0.426,505.8,0.354,119.6,5.50,27.16,0.00,0.00,19.70
2026-08-23T21:34:57Z,4.115,11792.4,0.000,0.0,0.000,0.0,0.440,505.5,0.362,119.3,5.51,24.10,0.00,0.00,20.37
2026-08-23T21:34:58Z,3.589,11806.3,0.000,0.0,0.000,0.0,0.433,505.8,0.361,119.3,5.78,27.69,0.00,0.00,20.37
2026-08-23T21:34:59Z,3.422,11826.1,0.000,0.0,0.000,0.0,0.443,505.6,0.364,119.3,6.42,35.38,0.00,0.00,20.37
2026-08-23T21:35:00Z,3.372,11851.0,0.000,0.0,0.000,0.0,0.426,505.5,0.348,119.2,5.79,38.31,0.00,0.00,20.37
2026-08-23T21:35:01Z,3.234,11868.9,0.000,0.0,0.000,0.0,0.438,505.6,0.367,119.3,4.29,32.48,0.00,0.00,20.02
2026-08-23T21:35:02Z,3.969,11888.4,0.000,0.0,0.000,0.0,0.460,505.8,0.378,119.2,4.81,27.68,0.00,0.00,20.02
2026-08-23T21:35:03Z,4.078,11906.4,0.000,0.0,0.000,0.0,0.424,506.0,0.348,119.5,4.37,29.00,0.00,0.00,20.02
2026-08-23T21:35:05Z,3.913,11722.9,0.000,0.0,0.000,0.0,0.437,505.5,0.365,119.2,3.92,30.98,0.00,0.00,20.02
2026-08-23T21:35:06Z,4.246,11609.9,0.000,0.0,0.000,0.0,0.431,505.6,0.354,119.4,5.20,32.24,0.00,0.00,20.02
2026-08-23T21:35:07Z,4.358,11615.1,0.000,0.0,0.000,0.0,0.455,505.5,0.381,119.3,5.10,31.87,0.00,0.00,20.50
2026-08-23T21:35:08Z,3.452,11639.0,0.000,0.0,0.000,0.0,0.437,505.5,0.363,119.6,5.61,38.42,0.00,0.00,20.50
2026-08-23T21:35:09Z,3.396,11627.3,0.000,0.0,0.000,0.0,0.434,505.6,0.355,119.3,5.82,51.46,0.00,0.00,20.50
2026-08-23T21:35:10Z,3.347,11616.2,0.000,0.0,0.000,0.0,0.436,505.6,0.357,119.3,5.31,38.90,0.00,0.00,20.50
2026-08-23T21:35:11Z,3.379,11636.2,0.000,0.0,0.000,0.0,0.437,505.6,0.357,119.3,5.69,42.51,0.00,0.00,20.50
2026-08-23T21:35:12Z,3.364,11620.0,0.000,0.0,0.000,0.0,0.426,505.5,0.348,119.3,5.96,36.81,0.00,0.00,20.30
2026-08-23T21:35:13Z,3.402,11608.1,0.000,0.0,0.000,0.0,0.441,505.6,0.358,119.4,5.91,38.07,0.00,0.00,20.30
2026-08-23T21:35:14Z,4.702,11590.2,0.000,0.0,0.000,0.0,0.434,505.5,0.359,119.3,10.95,26.46,0.00,0.00,20.30
2026-08-23T21:35:15Z,4.569,11591.7,0.000,0.0,0.000,0.0,0.432,505.6,0.360,119.6,14.04,28.58,0.00,0.00,20.30
2026-08-23T21:35:17Z,5.141,11620.8,0.000,0.0,0.000,0.0,0.458,505.6,0.364,119.4,10.72,19.64,0.00,0.00,20.59
2026-08-23T21:35:18Z,4.595,11594.5,0.000,0.0,0.000,0.0,0.436,505.5,0.360,119.3,14.96,22.87,0.00,0.00,20.59
2026-08-23T21:35:19Z,4.470,11587.2,0.000,0.0,0.000,0.0,0.432,505.5,0.357,119.3,16.31,25.55,0.00,0.00,20.59
2026-08-23T21:35:20Z,4.315,11582.6,0.000,0.0,0.000,0.0,0.440,505.8,0.363,119.3,17.82,27.47,0.00,0.00,20.59
2026-08-23T21:35:21Z,4.351,11612.8,0.000,0.0,0.000,0.0,0.444,505.8,0.365,119.3,17.05,33.61,0.00,0.00,20.59
2026-08-23T21:35:22Z,4.353,11602.6,0.000,0.0,0.000,0.0,0.443,505.5,0.359,119.3,15.80,24.70,0.00,0.00,19.82
2026-08-23T21:35:23Z,4.362,11592.4,0.000,0.0,0.000,0.0,0.442,505.6,0.359,119.5,14.63,24.48,0.00,0.00,19.82
2026-08-23T21:35:24Z,4.394,11585.9,0.000,0.0,0.000,0.0,0.441,505.6,0.353,119.3,18.78,27.16,0.00,0.00,19.82
2026-08-23T21:35:25Z,4.784,11581.6,0.000,0.0,0.000,0.0,0.428,505.8,0.348,119.3,16.67,23.66,0.00,0.00,19.82
2026-08-23T21:35:26Z,5.040,11500.7,0.000,0.0,0.000,0.0,0.454,505.6,0.377,119.4,12.86,18.84,0.00,0.00,20.72
2026-08-23T21:35:27Z,4.698,11529.7,0.000,0.0,0.000,0.0,0.443,505.6,0.372,119.3,16.79,23.63,0.00,0.00,20.72
2026-08-23T21:35:29Z,4.581,11559.0,0.000,0.0,0.000,0.0,0.436,505.6,0.355,119.3,17.39,26.34,0.00,0.00,20.72
2026-08-23T21:35:30Z,4.688,11588.6,0.000,0.0,0.000,0.0,0.445,505.8,0.361,119.3,17.08,26.41,0.00,0.00,20.72
2026-08-23T21:35:31Z,4.696,11584.1,0.000,0.0,0.000,0.0,0.432,505.6,0.356,119.3,19.30,32.00,0.00,0.00,20.72
2026-08-23T21:35:32Z,4.821,11584.2,0.000,0.0,0.000,0.0,0.443,505.6,0.364,119.3,19.69,30.11,0.00,0.00,21.70
2026-08-23T21:35:33Z,4.536,11583.0,0.000,0.0,0.000,0.0,0.445,505.6,0.364,119.6,20.11,30.43,0.00,0.00,21.70
2026-08-23T21:35:34Z,4.354,11583.2,0.000,0.0,0.000,0.0,0.442,505.6,0.367,119.3,19.97,32.18,0.00,0.00,21.70
2026-08-23T21:35:35Z,4.408,11589.0,0.000,0.0,0.000,0.0,0.428,505.8,0.356,119.3,20.01,30.66,0.00,0.00,21.70
2026-08-23T21:35:36Z,5.138,11534.6,0.000,0.0,0.000,0.0,0.439,506.1,0.365,119.4,16.12,17.47,0.00,0.00,23.33
2026-08-23T21:35:37Z,4.118,11525.0,0.000,0.0,0.000,0.0,0.439,505.6,0.366,119.3,9.79,26.75,0.00,0.00,23.33
2026-08-23T21:35:38Z,3.356,11538.8,0.000,0.0,0.000,0.0,0.427,505.8,0.354,119.3,4.61,29.74,0.00,0.00,23.33
2026-08-23T21:35:40Z,3.350,11553.1,0.000,0.0,0.000,0.0,0.426,505.5,0.353,119.2,5.06,45.49,0.00,0.00,23.33
2026-08-23T21:35:41Z,3.374,11568.8,0.000,0.0,0.000,0.0,0.436,505.5,0.358,119.5,4.87,28.47,0.00,0.00,23.33
2026-08-23T21:35:42Z,3.407,11584.7,0.000,0.0,0.000,0.0,0.433,505.6,0.354,119.2,5.60,35.90,0.00,0.00,22.66
2026-08-23T21:35:43Z,3.404,11602.0,0.000,0.0,0.000,0.0,0.445,505.5,0.365,119.3,5.31,32.70,0.00,0.00,22.66
2026-08-23T21:35:44Z,3.424,11585.3,0.000,0.0,0.000,0.0,0.432,505.6,0.356,119.3,5.51,32.84,0.00,0.00,22.66
2026-08-23T21:35:45Z,3.440,11573.7,0.000,0.0,0.000,0.0,0.438,505.5,0.359,119.3,6.37,33.95,0.00,0.00,22.66
2026-08-23T21:35:46Z,4.816,11563.2,0.000,0.0,0.000,0.0,0.443,505.9,0.349,119.3,10.03,20.40,0.00,0.00,22.66
2026-08-23T21:35:47Z,3.797,11570.5,0.000,0.0,0.000,0.0,0.446,505.8,0.370,119.3,5.85,21.93,0.00,0.00,22.13
2026-08-23T21:35:48Z,3.744,11587.6,0.000,0.0,0.000,0.0,0.440,505.6,0.359,119.4,6.81,25.08,0.00,0.00,22.13
2026-08-23T21:35:49Z,3.837,11565.7,0.000,0.0,0.000,0.0,0.427,506.0,0.354,119.3,5.41,23.24,0.00,0.00,22.13
2026-08-23T21:35:50Z,3.591,11581.3,0.000,0.0,0.000,0.0,0.429,505.6,0.350,119.3,6.35,25.30,0.00,0.00,22.13
2026-08-23T21:35:52Z,3.403,11596.3,0.000,0.0,0.000,0.0,0.431,505.5,0.348,119.2,5.99,33.67,0.00,0.00,21.64
2026-08-23T21:35:53Z,3.540,11575.7,0.000,0.0,0.000,0.0,0.424,505.5,0.348,119.3,5.62,26.05,0.00,0.00,21.64
2026-08-23T21:35:54Z,3.800,11591.8,0.000,0.0,0.000,0.0,0.432,505.6,0.352,119.5,6.11,24.19,0.00,0.00,21.64
2026-08-23T21:35:55Z,4.078,11568.9,0.000,0.0,0.000,0.0,0.437,505.5,0.356,119.2,5.59,21.44,0.00,0.00,21.64
2026-08-23T21:35:56Z,4.768,11564.5,0.000,0.0,0.000,0.0,0.429,505.9,0.344,119.4,6.20,20.02,0.00,0.00,21.64
2026-08-23T21:35:57Z,4.057,11563.9,0.000,0.0,0.000,0.0,0.420,505.5,0.359,119.3,6.36,21.41,0.00,0.00,21.91
2026-08-23T21:35:58Z,3.939,11581.0,0.000,0.0,0.000,0.0,0.424,505.6,0.355,119.3,6.78,25.34,0.00,0.00,21.91
2026-08-23T21:35:59Z,3.534,11565.5,0.000,0.0,0.000,0.0,0.435,506.3,0.350,119.3,6.85,29.05,0.00,0.00,21.91
2026-08-23T21:36:00Z,3.473,11584.9,0.000,0.0,0.000,0.0,0.441,505.6,0.365,119.3,8.10,29.10,0.00,0.00,21.91
2026-08-23T21:36:01Z,3.581,11565.9,0.000,0.0,0.000,0.0,0.443,505.6,0.367,119.3,7.57,25.41,0.00,0.00,21.51
2026-08-23T21:36:02Z,3.405,11581.7,0.000,0.0,0.000,0.0,0.440,505.8,0.360,119.3,6.69,32.65,0.00,0.00,21.51
2026-08-23T21:36:03Z,3.413,11561.6,0.000,0.0,0.000,0.0,0.434,505.6,0.360,119.3,7.17,25.57,0.00,0.00,21.51
2026-08-23T21:36:05Z,3.484,11578.0,0.000,0.0,0.000,0.0,0.443,505.5,0.365,119.3,6.89,25.11,0.00,0.00,21.51
2026-08-23T21:36:06Z,4.231,11566.8,0.000,0.0,0.000,0.0,0.450,505.9,0.372,119.4,6.56,20.99,0.00,0.00,21.51
2026-08-23T21:36:07Z,4.501,11573.6,0.000,0.0,0.000,0.0,0.477,506.0,0.394,119.4,5.61,18.05,0.00,0.00,22.59
2026-08-23T21:36:08Z,3.432,11554.3,0.000,0.0,0.000,0.0,0.435,505.7,0.365,119.4,5.52,21.85,0.00,0.00,22.59
2026-08-23T21:36:09Z,3.404,11568.5,0.000,0.0,0.000,0.0,0.435,505.7,0.356,119.4,5.63,24.27,0.00,0.00,22.59
2026-08-23T21:36:10Z,3.288,11548.6,0.000,0.0,0.000,0.0,0.422,505.7,0.349,119.6,6.02,25.34,0.00,0.00,22.59
2026-08-23T21:36:11Z,3.321,11562.3,0.000,0.0,0.000,0.0,0.439,506.0,0.356,119.4,5.65,41.15,0.00,0.00,22.59
2026-08-23T21:36:12Z,3.353,11576.1,0.000,0.0,0.000,0.0,0.435,505.7,0.353,119.4,5.56,26.63,0.00,0.00,22.47
2026-08-23T21:36:13Z,3.417,11555.9,0.000,0.0,0.000,0.0,0.446,505.8,0.368,119.4,5.98,21.75,0.00,0.00,22.47
2026-08-23T21:36:14Z,3.436,11571.9,0.000,0.0,0.000,0.0,0.448,506.0,0.367,119.4,5.80,21.98,0.00,0.00,22.47
2026-08-23T21:36:15Z,3.777,11563.8,0.000,0.0,0.000,0.0,0.446,505.8,0.366,119.5,5.75,21.30,0.00,0.00,22.47
2026-08-23T21:36:16Z,4.673,11565.6,0.000,0.0,0.000,0.0,0.454,505.9,0.368,119.6,5.41,18.32,0.00,0.00,21.87
2026-08-23T21:36:18Z,3.466,11546.6,0.000,0.0,0.000,0.0,0.435,505.6,0.363,119.4,5.63,25.31,0.00,0.00,21.87
2026-08-23T21:36:19Z,3.660,11562.8,0.000,0.0,0.000,0.0,0.441,506.1,0.363,119.4,6.21,25.03,0.00,0.00,21.87
2026-08-23T21:36:20Z,3.424,11541.6,0.000,0.0,0.000,0.0,0.433,505.8,0.353,119.3,6.42,26.48,0.00,0.00,21.87
2026-08-23T21:36:21Z,3.498,11559.4,0.000,0.0,0.000,0.0,0.434,505.9,0.358,119.4,6.46,27.53,0.00,0.00,21.87
2026-08-23T21:36:22Z,3.379,11539.3,0.000,0.0,0.000,0.0,0.432,505.6,0.352,119.6,6.08,34.33,0.00,0.00,21.16
2026-08-23T21:36:23Z,3.469,11559.3,0.000,0.0,0.000,0.0,0.433,505.6,0.354,119.4,6.41,31.46,0.00,0.00,21.16
2026-08-23T21:36:24Z,3.512,11543.1,0.000,0.0,0.000,0.0,0.427,505.8,0.359,119.6,5.62,31.93,0.00,0.00,21.16
2026-08-23T21:36:25Z,3.782,11573.0,0.000,0.0,0.000,0.0,0.435,505.8,0.359,119.3,6.05,31.97,0.00,0.00,21.16
2026-08-23T21:36:26Z,5.038,11551.4,0.000,0.0,0.000,0.0,0.466,505.7,0.373,119.4,6.07,25.35,0.00,0.00,20.90
2026-08-23T21:36:27Z,4.308,11537.1,0.000,0.0,0.000,0.0,0.460,505.6,0.378,119.5,5.90,25.69,0.00,0.00,20.90
2026-08-23T21:36:28Z,4.468,11559.1,0.000,0.0,0.000,0.0,0.444,505.6,0.361,119.4,6.41,27.59,0.00,0.00,20.90
2026-08-23T21:36:30Z,4.191,11547.1,0.000,0.0,0.000,0.0,0.437,505.8,0.354,119.3,6.47,30.59,0.00,0.00,20.90
2026-08-23T21:36:31Z,4.191,11567.5,0.000,0.0,0.000,0.0,0.444,505.6,0.362,119.3,5.68,25.82,0.00,0.00,20.90
2026-08-23T21:36:32Z,3.664,11554.5,0.000,0.0,0.000,0.0,0.450,506.1,0.361,119.3,5.99,30.05,0.00,0.00,20.67
2026-08-23T21:36:33Z,3.365,11542.8,0.000,0.0,0.000,0.0,0.423,505.9,0.359,119.3,6.79,40.11,0.00,0.00,20.67
2026-08-23T21:36:34Z,3.386,11566.0,0.000,0.0,0.000,0.0,0.438,505.9,0.359,119.4,5.97,33.19,0.00,0.00,20.67
2026-08-23T21:36:35Z,3.475,11557.3,0.000,0.0,0.000,0.0,0.445,505.6,0.367,119.2,6.39,33.01,0.00,0.00,20.67
2026-08-23T21:36:36Z,4.601,11543.6,0.000,0.0,0.000,0.0,0.416,505.6,0.345,119.4,6.56,26.03,0.00,0.00,20.67
2026-08-23T21:36:37Z,3.920,11544.0,0.000,0.0,0.000,0.0,0.478,505.6,0.396,119.3,5.92,25.82,0.00,0.00,20.62
2026-08-23T21:36:38Z,4.904,11554.9,0.000,0.0,0.000,0.0,0.447,506.2,0.377,119.7,6.77,25.30,0.00,0.00,20.62
2026-08-23T21:36:39Z,4.314,11501.5,0.000,0.0,0.000,0.0,0.441,505.6,0.369,119.4,17.19,34.39,0.00,0.00,20.62
2026-08-23T21:36:40Z,5.272,11529.8,0.000,0.0,0.000,0.0,0.421,505.9,0.345,119.5,13.29,29.67,0.00,0.00,20.62
2026-08-23T21:36:42Z,4.925,11499.9,0.000,0.0,0.000,0.0,0.426,505.7,0.350,119.7,15.03,49.86,0.00,0.00,21.45
2026-08-23T21:36:43Z,4.379,11511.9,0.000,0.0,0.000,0.0,0.463,505.7,0.377,119.5,17.58,43.34,0.00,0.00,21.45
2026-08-23T21:36:44Z,4.538,11525.1,0.000,0.0,0.000,0.0,0.432,505.6,0.361,119.4,20.50,38.43,0.00,0.00,21.45
2026-08-23T21:36:45Z,4.470,11499.7,0.000,0.0,0.000,0.0,0.459,505.7,0.377,119.7,19.44,37.93,0.00,0.00,21.45
2026-08-23T21:36:46Z,5.281,11470.2,0.000,0.0,0.000,0.0,0.418,505.7,0.344,119.4,15.31,30.89,0.00,0.00,21.45
2026-08-23T21:36:47Z,4.634,11511.2,0.000,0.0,0.000,0.0,0.456,505.6,0.386,119.4,16.66,34.74,0.00,0.00,23.25
2026-08-23T21:36:48Z,4.544,11504.3,0.000,0.0,0.000,0.0,0.463,505.7,0.381,119.4,18.13,34.75,0.00,0.00,23.25
2026-08-23T21:36:49Z,4.579,11486.9,0.000,0.0,0.000,0.0,0.441,505.9,0.365,119.4,15.99,33.45,0.00,0.00,23.25
2026-08-23T21:36:50Z,4.476,11489.2,0.000,0.0,0.000,0.0,0.464,505.7,0.371,119.5,16.71,30.90,0.00,0.00,23.25
2026-08-23T21:36:51Z,4.530,11492.7,0.000,0.0,0.000,0.0,0.451,506.1,0.362,119.4,17.95,36.01,0.00,0.00,22.99
2026-08-23T21:36:52Z,4.625,11498.9,0.000,0.0,0.000,0.0,0.440,505.6,0.360,119.4,21.36,36.10,0.00,0.00,22.99
2026-08-23T21:36:54Z,4.560,11505.8,0.000,0.0,0.000,0.0,0.443,505.9,0.366,119.4,21.10,44.17,0.00,0.00,22.99
2026-08-23T21:36:55Z,4.719,11511.9,0.000,0.0,0.000,0.0,0.445,506.1,0.374,119.6,20.95,37.17,0.00,0.00,22.99
2026-08-23T21:36:56Z,5.032,11484.9,0.000,0.0,0.000,0.0,0.450,505.9,0.359,119.4,18.50,30.64,0.00,0.00,22.99
2026-08-23T21:36:57Z,4.952,11481.6,0.000,0.0,0.000,0.0,0.442,505.6,0.369,119.6,16.87,31.33,0.00,0.00,23.23
2026-08-23T21:36:58Z,4.669,11490.4,0.000,0.0,0.000,0.0,0.449,505.9,0.369,119.4,21.70,35.37,0.00,0.00,23.23
2026-08-23T21:36:59Z,4.455,11498.3,0.000,0.0,0.000,0.0,0.437,505.6,0.356,119.3,23.25,32.16,0.00,0.00,23.23
2026-08-23T21:37:00Z,4.514,11506.3,0.000,0.0,0.000,0.0,0.450,505.6,0.363,119.3,23.06,33.35,0.00,0.00,23.23
2026-08-23T21:37:01Z,4.536,11512.4,0.000,0.0,0.000,0.0,0.461,505.6,0.381,119.3,21.41,33.34,0.00,0.00,23.23
2026-08-23T21:37:02Z,4.540,11488.2,0.000,0.0,0.000,0.0,0.450,505.9,0.373,119.6,22.42,34.83,0.00,0.00,23.78
2026-08-23T21:37:03Z,4.323,11497.5,0.000,0.0,0.000,0.0,0.447,505.8,0.374,119.3,21.32,42.85,0.00,0.00,23.78
2026-08-23T21:37:04Z,4.451,11509.2,0.000,0.0,0.000,0.0,0.452,505.6,0.375,119.6,21.91,36.72,0.00,0.00,23.78
2026-08-23T21:37:06Z,4.839,11491.2,0.000,0.0,0.000,0.0,0.450,505.7,0.368,119.3,20.06,30.90,0.00,0.00,23.78
2026-08-23T21:37:07Z,5.117,11488.4,0.000,0.0,0.000,0.0,0.452,505.7,0.388,119.4,39.64,25.37,0.00,0.00,24.04
2026-08-23T21:37:08Z,4.534,11479.5,0.000,0.0,0.000,0.0,0.456,505.8,0.373,119.3,17.50,27.47,0.00,0.00,24.04
2026-08-23T21:37:09Z,4.371,11487.3,0.000,0.0,0.000,0.0,0.457,505.6,0.375,119.6,21.23,36.53,0.00,0.00,24.04
2026-08-23T21:37:10Z,4.464,11495.4,0.000,0.0,0.000,0.0,0.444,505.6,0.365,119.5,20.36,33.65,0.00,0.00,24.04
2026-08-23T21:37:11Z,4.385,11495.4,0.000,0.0,0.000,0.0,0.456,505.6,0.372,119.6,19.14,32.97,0.00,0.00,24.04
2026-08-23T21:37:12Z,4.333,11496.9,0.000,0.0,0.000,0.0,0.455,505.5,0.361,119.3,21.37,49.29,0.00,0.00,23.79
2026-08-23T21:37:13Z,4.357,11423.7,0.000,0.0,0.000,0.0,0.442,505.6,0.357,119.3,5.11,36.60,0.00,0.00,23.79
2026-08-23T21:37:14Z,3.453,11436.6,0.000,0.0,0.000,0.0,0.434,505.9,0.358,119.3,4.65,28.97,0.00,0.00,23.79
2026-08-23T21:37:15Z,3.678,11468.4,0.000,0.0,0.000,0.0,0.433,505.8,0.356,119.3,9.05,26.35,0.00,0.00,23.79
2026-08-23T21:37:16Z,4.846,11468.0,0.000,0.0,0.000,0.0,0.446,505.6,0.367,119.3,4.55,16.76,0.00,0.00,23.73
2026-08-23T21:37:18Z,3.476,11482.1,0.000,0.0,0.000,0.0,0.435,505.8,0.356,119.3,4.32,24.72,0.00,0.00,23.73
2026-08-23T21:37:19Z,3.598,11495.1,0.000,0.0,0.000,0.0,0.437,505.6,0.371,119.3,4.42,24.18,0.00,0.00,23.73
2026-08-23T21:37:20Z,3.442,11508.0,0.000,0.0,0.000,0.0,0.424,505.8,0.351,119.3,4.34,24.98,0.00,0.00,23.73
2026-08-23T21:37:21Z,3.489,11520.6,0.000,0.0,0.000,0.0,0.433,505.6,0.352,119.3,4.46,24.02,0.00,0.00,23.73
2026-08-23T21:37:22Z,3.346,11498.4,0.000,0.0,0.000,0.0,0.423,505.5,0.346,119.3,3.87,24.46,0.00,0.00,22.47
2026-08-23T21:37:23Z,3.487,11510.2,0.000,0.0,0.000,0.0,0.432,505.8,0.357,119.3,4.06,24.97,0.00,0.00,22.47
2026-08-23T21:37:24Z,3.438,11522.2,0.000,0.0,0.000,0.0,0.428,505.6,0.354,119.3,4.04,30.83,0.00,0.00,22.47
2026-08-23T21:37:25Z,3.732,11509.1,0.000,0.0,0.000,0.0,0.432,505.6,0.352,119.3,4.63,26.20,0.00,0.00,22.47
2026-08-23T21:37:26Z,5.335,11513.8,0.000,0.0,0.000,0.0,0.445,505.9,0.351,119.4,4.42,15.52,0.00,0.00,23.55
2026-08-23T21:37:27Z,4.781,11493.8,0.000,0.0,0.000,0.0,0.452,505.8,0.367,119.3,4.35,19.98,0.00,0.00,23.55
2026-08-23T21:37:28Z,4.372,11507.5,0.000,0.0,0.000,0.0,0.443,505.6,0.363,119.4,4.14,21.45,0.00,0.00,23.55
2026-08-23T21:37:30Z,3.827,11522.3,0.000,0.0,0.000,0.0,0.432,505.6,0.355,119.3,4.67,25.23,0.00,0.00,23.55
2026-08-23T21:37:31Z,3.332,11501.2,0.000,0.0,0.000,0.0,0.432,505.6,0.358,119.6,4.77,26.90,0.00,0.00,23.55
2026-08-23T21:37:32Z,3.304,11516.3,0.000,0.0,0.000,0.0,0.417,506.1,0.348,119.3,5.32,26.77,0.00,0.00,22.79
2026-08-23T21:37:33Z,3.307,11496.1,0.000,0.0,0.000,0.0,0.427,505.9,0.354,119.3,5.82,26.94,0.00,0.00,22.79
2026-08-23T21:37:34Z,3.351,11511.0,0.000,0.0,0.000,0.0,0.430,505.6,0.351,119.3,4.94,35.09,0.00,0.00,22.79
2026-08-23T21:37:35Z,3.372,11493.5,0.000,0.0,0.000,0.0,0.430,505.6,0.356,119.3,5.46,27.21,0.00,0.00,22.79
2026-08-23T21:37:36Z,4.881,11505.3,0.000,0.0,0.000,0.0,0.435,505.9,0.363,119.3,5.24,22.24,0.00,0.00,22.79
2026-08-23T21:37:37Z,3.527,11489.0,0.000,0.0,0.000,0.0,0.434,505.6,0.352,119.3,5.24,28.71,0.00,0.00,22.08
2026-08-23T21:37:38Z,3.356,11504.7,0.000,0.0,0.000,0.0,0.429,505.6,0.359,119.6,4.91,28.07,0.00,0.00,22.08
2026-08-23T21:37:39Z,3.360,11487.1,0.000,0.0,0.000,0.0,0.440,505.6,0.356,119.2,5.30,24.56,0.00,0.00,22.08
2026-08-23T21:37:40Z,3.345,11503.0,0.000,0.0,0.000,0.0,0.427,505.6,0.354,119.3,5.76,27.37,0.00,0.00,22.08
2026-08-23T21:37:42Z,3.337,11487.0,0.000,0.0,0.000,0.0,0.427,505.5,0.350,119.4,5.20,27.84,0.00,0.00,21.60
2026-08-23T21:37:43Z,3.340,11502.6,0.000,0.0,0.000,0.0,0.440,505.8,0.359,119.3,5.55,48.32,0.00,0.00,21.60
2026-08-23T21:37:44Z,3.391,11483.1,0.000,0.0,0.000,0.0,0.442,505.6,0.355,119.5,5.16,31.12,0.00,0.00,21.60
2026-08-23T21:37:45Z,3.341,11498.2,0.000,0.0,0.000,0.0,0.446,505.8,0.364,119.3,4.56,25.85,0.00,0.00,21.60
2026-08-23T21:37:46Z,4.722,11480.1,0.000,0.0,0.000,0.0,0.432,505.6,0.353,119.4,4.72,23.17,0.00,0.00,21.60
2026-08-23T21:37:47Z,3.751,11499.0,0.000,0.0,0.000,0.0,0.451,505.5,0.363,119.6,4.89,27.57,0.00,0.00,20.91
2026-08-23T21:37:48Z,3.501,11485.7,0.000,0.0,0.000,0.0,0.448,505.6,0.363,119.3,5.29,31.76,0.00,0.00,20.91
2026-08-23T21:37:49Z,3.540,11503.4,0.000,0.0,0.000,0.0,0.433,505.5,0.355,119.3,4.28,26.11,0.00,0.00,20.91
2026-08-23T21:37:50Z,3.449,11487.8,0.000,0.0,0.000,0.0,0.456,505.9,0.366,119.3,4.71,28.62,0.00,0.00,20.91
2026-08-23T21:37:51Z,3.389,11470.8,0.000,0.0,0.000,0.0,0.440,505.6,0.353,119.3,3.85,28.74,0.00,0.00,20.11
2026-08-23T21:37:52Z,3.437,11489.8,0.000,0.0,0.000,0.0,0.441,505.8,0.362,119.3,4.64,28.01,0.00,0.00,20.11
2026-08-23T21:37:54Z,3.557,11473.5,0.000,0.0,0.000,0.0,0.446,505.8,0.358,119.3,4.65,29.18,0.00,0.00,20.11
2026-08-23T21:37:55Z,3.552,11492.9,0.000,0.0,0.000,0.0,0.437,505.8,0.362,119.3,4.45,36.61,0.00,0.00,20.11
2026-08-23T21:37:56Z,4.467,11495.1,0.000,0.0,0.000,0.0,0.442,505.6,0.354,119.4,5.14,29.27,0.00,0.00,20.11
2026-08-23T21:37:57Z,4.107,11463.3,0.000,0.0,0.000,0.0,0.440,505.8,0.363,119.3,4.68,28.23,0.00,0.00,19.86
2026-08-23T21:37:58Z,3.654,11485.7,0.000,0.0,0.000,0.0,0.440,505.8,0.362,119.3,4.55,33.81,0.00,0.00,19.86
2026-08-23T21:37:59Z,3.458,11468.6,0.000,0.0,0.000,0.0,0.437,505.6,0.357,119.6,4.56,27.88,0.00,0.00,19.86
2026-08-23T21:38:00Z,3.346,11485.2,0.000,0.0,0.000,0.0,0.435,505.6,0.360,119.3,5.43,23.23,0.00,0.00,19.86
2026-08-23T21:38:01Z,3.397,11469.1,0.000,0.0,0.000,0.0,0.448,505.5,0.363,119.7,5.43,24.11,0.00,0.00,19.86
2026-08-23T21:38:02Z,3.593,11486.9,0.000,0.0,0.000,0.0,0.460,505.6,0.384,119.3,5.84,24.75,0.00,0.00,20.12
2026-08-23T21:38:03Z,3.501,11475.9,0.000,0.0,0.000,0.0,0.429,505.6,0.353,119.2,6.91,30.25,0.00,0.00,20.12
2026-08-23T21:38:04Z,3.362,11461.6,0.000,0.0,0.000,0.0,0.434,505.8,0.358,119.3,5.53,37.50,0.00,0.00,20.12
2026-08-23T21:38:05Z,4.073,11458.8,0.000,0.0,0.000,0.0,0.442,505.6,0.360,119.3,6.13,29.57,0.00,0.00,20.12
2026-08-23T21:38:07Z,4.359,11469.1,0.000,0.0,0.000,0.0,0.453,505.8,0.387,119.5,6.05,24.35,0.00,0.00,19.79
2026-08-23T21:38:08Z,3.420,11456.6,0.000,0.0,0.000,0.0,0.434,506.1,0.364,119.4,6.22,29.73,0.00,0.00,19.79
2026-08-23T21:38:09Z,3.433,11476.1,0.000,0.0,0.000,0.0,0.444,505.9,0.368,119.5,6.65,27.22,0.00,0.00,19.79
2026-08-23T21:38:10Z,3.298,11461.0,0.000,0.0,0.000,0.0,0.432,505.8,0.352,119.5,5.46,24.99,0.00,0.00,19.79
2026-08-23T21:38:11Z,3.416,11479.6,0.000,0.0,0.000,0.0,0.448,505.8,0.369,119.4,5.71,23.77,0.00,0.00,19.79
2026-08-23T21:38:12Z,3.353,11464.2,0.000,0.0,0.000,0.0,0.436,506.1,0.359,119.5,5.81,29.33,0.00,0.00,19.40
2026-08-23T21:38:13Z,3.813,11446.2,0.000,0.0,0.000,0.0,0.419,506.1,0.348,119.7,6.11,46.26,0.00,0.00,19.40
2026-08-23T21:38:14Z,4.888,11467.5,0.000,0.0,0.000,0.0,0.443,506.4,0.366,119.7,7.30,25.37,0.00,0.00,19.40
2026-08-23T21:38:15Z,4.827,11440.4,0.000,0.0,0.000,0.0,0.424,505.9,0.354,119.5,12.51,34.80,0.00,0.00,19.40
2026-08-23T21:38:16Z,4.975,11428.3,0.000,0.0,0.000,0.0,0.436,505.9,0.363,119.5,16.32,24.94,0.00,0.00,21.29
2026-08-23T21:38:18Z,4.039,11434.2,0.000,0.0,0.000,0.0,0.436,505.6,0.354,119.6,19.65,27.50,0.00,0.00,21.29
2026-08-23T21:38:19Z,4.212,11441.7,0.000,0.0,0.000,0.0,0.453,505.6,0.374,119.7,23.47,26.56,0.00,0.00,21.29
2026-08-23T21:38:20Z,4.091,11447.2,0.000,0.0,0.000,0.0,0.445,505.6,0.364,119.6,19.36,28.62,0.00,0.00,21.29
2026-08-23T21:38:21Z,4.143,11451.2,0.000,0.0,0.000,0.0,0.444,505.6,0.363,119.4,20.42,31.28,0.00,0.00,21.29
2026-08-23T21:38:22Z,4.103,11454.8,0.000,0.0,0.000,0.0,0.445,506.1,0.370,119.4,22.65,34.15,0.00,0.00,21.43
2026-08-23T21:38:23Z,4.261,11465.8,0.000,0.0,0.000,0.0,0.434,505.6,0.354,119.4,20.89,36.98,0.00,0.00,21.43
2026-08-23T21:38:24Z,4.227,11442.3,0.000,0.0,0.000,0.0,0.449,505.7,0.369,119.4,19.35,49.94,0.00,0.00,21.43
2026-08-23T21:38:25Z,4.507,11441.5,0.000,0.0,0.000,0.0,0.439,505.7,0.370,119.4,19.62,36.77,0.00,0.00,21.43
2026-08-23T21:38:26Z,5.134,11412.2,0.000,0.0,0.000,0.0,0.447,505.7,0.381,119.3,14.32,23.90,0.00,0.00,21.96
2026-08-23T21:38:27Z,4.795,11396.8,0.000,0.0,0.000,0.0,0.436,505.9,0.363,119.4,17.54,28.46,0.00,0.00,21.96
2026-08-23T21:38:28Z,4.492,11400.2,0.000,0.0,0.000,0.0,0.456,505.6,0.373,119.3,19.89,31.37,0.00,0.00,21.96
2026-08-23T21:38:30Z,4.624,11439.5,0.000,0.0,0.000,0.0,0.444,505.6,0.364,119.3,20.13,33.12,0.00,0.00,21.96
2026-08-23T21:38:31Z,4.800,11440.9,0.000,0.0,0.000,0.0,0.439,505.6,0.358,119.3,18.45,33.51,0.00,0.00,21.96
2026-08-23T21:38:32Z,4.738,11412.7,0.000,0.0,0.000,0.0,0.440,505.6,0.360,119.3,20.17,32.92,0.00,0.00,22.36
2026-08-23T21:38:33Z,4.584,11413.5,0.000,0.0,0.000,0.0,0.443,505.7,0.369,119.3,18.70,31.31,0.00,0.00,22.36
2026-08-23T21:38:34Z,4.162,11451.3,0.000,0.0,0.000,0.0,0.445,505.9,0.368,119.3,20.79,32.10,0.00,0.00,22.36
2026-08-23T21:38:35Z,4.152,11426.4,0.000,0.0,0.000,0.0,0.448,505.9,0.374,119.3,21.49,39.77,0.00,0.00,22.36
2026-08-23T21:38:36Z,5.137,11418.2,0.000,0.0,0.000,0.0,0.442,505.6,0.363,119.3,15.19,24.87,0.00,0.00,22.36
2026-08-23T21:38:37Z,4.236,11425.8,0.000,0.0,0.000,0.0,0.453,505.9,0.374,119.6,22.43,34.33,0.00,0.00,23.29
2026-08-23T21:38:38Z,4.053,11431.7,0.000,0.0,0.000,0.0,0.447,505.8,0.362,119.3,24.29,31.72,0.00,0.00,23.29
2026-08-23T21:38:39Z,4.098,11435.5,0.000,0.0,0.000,0.0,0.457,505.6,0.377,119.4,24.29,26.63,0.00,0.00,23.29
2026-08-23T21:38:41Z,4.125,11437.8,0.000,0.0,0.000,0.0,0.457,505.6,0.369,119.3,23.94,26.29,0.00,0.00,23.29
2026-08-23T21:38:42Z,4.048,11440.5,0.000,0.0,0.000,0.0,0.447,505.6,0.367,119.3,22.83,26.30,0.00,0.00,22.47
2026-08-23T21:38:43Z,4.090,11412.8,0.000,0.0,0.000,0.0,0.452,505.6,0.367,119.3,24.63,28.94,0.00,0.00,22.47
2026-08-23T21:38:44Z,3.819,11403.6,0.000,0.0,0.000,0.0,0.436,506.3,0.360,119.3,8.05,43.46,0.00,0.00,22.47
2026-08-23T21:38:45Z,3.413,11420.4,0.000,0.0,0.000,0.0,0.435,505.6,0.358,119.3,5.62,29.30,0.00,0.00,22.47
2026-08-23T21:38:46Z,4.653,11429.0,0.000,0.0,0.000,0.0,0.421,505.9,0.348,119.4,11.09,33.83,0.00,0.00,22.47
2026-08-23T21:38:47Z,4.139,11429.1,0.000,0.0,0.000,0.0,0.462,505.6,0.379,119.4,5.09,23.31,0.00,0.00,22.43
2026-08-23T21:38:48Z,3.478,11444.3,0.000,0.0,0.000,0.0,0.443,505.6,0.358,119.6,4.90,25.22,0.00,0.00,22.43
2026-08-23T21:38:49Z,3.611,11424.6,0.000,0.0,0.000,0.0,0.433,505.6,0.362,119.4,5.52,28.18,0.00,0.00,22.43
2026-08-23T21:38:50Z,3.454,11440.8,0.000,0.0,0.000,0.0,0.433,505.6,0.356,119.3,5.65,29.58,0.00,0.00,22.43
2026-08-23T21:38:51Z,3.384,11421.6,0.000,0.0,0.000,0.0,0.435,505.9,0.361,119.3,5.71,28.88,0.00,0.00,21.68
2026-08-23T21:38:53Z,3.406,11439.2,0.000,0.0,0.000,0.0,0.431,505.8,0.351,119.3,6.00,29.77,0.00,0.00,21.68
2026-08-23T21:38:54Z,3.558,11421.6,0.000,0.0,0.000,0.0,0.438,505.6,0.361,119.3,5.81,27.28,0.00,0.00,21.68
2026-08-23T21:38:55Z,3.760,11437.5,0.000,0.0,0.000,0.0,0.448,505.6,0.361,119.3,5.39,21.66,0.00,0.00,21.68
2026-08-23T21:38:56Z,4.353,11434.0,0.000,0.0,0.000,0.0,0.430,505.9,0.346,119.4,5.91,25.06,0.00,0.00,21.68
2026-08-23T21:38:57Z,4.120,11431.6,0.000,0.0,0.000,0.0,0.450,505.8,0.381,119.4,5.98,17.09,0.00,0.00,22.66
2026-08-23T21:38:58Z,3.548,11411.0,0.000,0.0,0.000,0.0,0.442,505.6,0.362,119.6,5.72,19.21,0.00,0.00,22.66
2026-08-23T21:38:59Z,3.434,11424.5,0.000,0.0,0.000,0.0,0.438,505.9,0.362,119.3,5.43,23.47,0.00,0.00,22.66
2026-08-23T21:39:00Z,3.366,11440.0,0.000,0.0,0.000,0.0,0.425,505.6,0.357,119.3,5.30,27.27,0.00,0.00,22.66
2026-08-23T21:39:01Z,3.407,11422.3,0.000,0.0,0.000,0.0,0.442,505.6,0.366,119.3,6.24,27.10,0.00,0.00,22.21
2026-08-23T21:39:02Z,3.375,11437.3,0.000,0.0,0.000,0.0,0.433,505.6,0.357,119.3,5.81,26.63,0.00,0.00,22.21
2026-08-23T21:39:03Z,3.468,11422.7,0.000,0.0,0.000,0.0,0.440,505.6,0.365,119.3,7.17,26.60,0.00,0.00,22.21
2026-08-23T21:39:04Z,3.466,11417.4,0.000,0.0,0.000,0.0,0.433,506.1,0.356,119.3,6.68,25.89,0.00,0.00,22.21
2026-08-23T21:39:06Z,3.926,11405.5,0.000,0.0,0.000,0.0,0.431,505.6,0.355,119.3,9.61,23.49,0.00,0.00,22.21
2026-08-23T21:39:07Z,4.639,11406.2,0.000,0.0,0.000,0.0,0.453,505.7,0.386,119.4,6.65,24.56,0.00,0.00,22.11
2026-08-23T21:39:08Z,3.569,11392.8,0.000,0.0,0.000,0.0,0.455,506.2,0.378,119.7,6.18,26.66,0.00,0.00,22.11
2026-08-23T21:39:09Z,3.454,11412.1,0.000,0.0,0.000,0.0,0.451,506.0,0.368,119.4,5.77,26.83,0.00,0.00,22.11
2026-08-23T21:39:10Z,3.418,11429.0,0.000,0.0,0.000,0.0,0.450,505.7,0.370,119.4,5.65,24.11,0.00,0.00,22.11
2026-08-23T21:39:11Z,3.390,11415.6,0.000,0.0,0.000,0.0,0.444,505.7,0.360,119.4,5.35,25.24,0.00,0.00,22.11
2026-08-23T21:39:12Z,3.357,11418.1,0.000,0.0,0.000,0.0,0.441,505.7,0.356,119.3,6.12,21.83,0.00,0.00,21.38
2026-08-23T21:39:13Z,3.394,11418.0,0.000,0.0,0.000,0.0,0.446,506.0,0.365,119.4,7.06,20.92,0.00,0.00,21.38
2026-08-23T21:39:14Z,4.461,11383.3,0.000,0.0,0.000,0.0,0.451,505.9,0.366,119.4,10.26,35.07,0.00,0.00,21.38
2026-08-23T21:39:15Z,4.805,11386.7,0.000,0.0,0.000,0.0,0.441,505.8,0.368,119.5,8.42,37.26,0.00,0.00,21.38
2026-08-23T21:39:17Z,5.433,11363.3,0.000,0.0,0.000,0.0,0.434,506.1,0.347,119.5,9.22,21.71,0.00,0.00,22.79
2026-08-23T21:39:18Z,4.270,11372.9,0.000,0.0,0.000,0.0,0.466,505.7,0.387,119.5,22.66,28.95,0.00,0.00,22.79
2026-08-23T21:39:19Z,4.496,11381.4,0.000,0.0,0.000,0.0,0.441,505.7,0.361,119.4,22.00,30.75,0.00,0.00,22.79
2026-08-23T21:39:20Z,4.526,11390.9,0.000,0.0,0.000,0.0,0.439,505.7,0.367,119.7,21.81,29.54,0.00,0.00,22.79
2026-08-23T21:39:21Z,4.317,11372.7,0.000,0.0,0.000,0.0,0.448,505.7,0.369,119.4,25.65,32.57,0.00,0.00,22.79
2026-08-23T21:39:22Z,4.130,11384.9,0.000,0.0,0.000,0.0,0.462,505.9,0.377,119.4,21.59,34.92,0.00,0.00,22.17
2026-08-23T21:39:23Z,4.475,11395.4,0.000,0.0,0.000,0.0,0.446,505.7,0.371,119.4,19.90,33.02,0.00,0.00,22.17
2026-08-23T21:39:24Z,4.521,11370.3,0.000,0.0,0.000,0.0,0.453,506.0,0.367,119.5,20.14,31.72,0.00,0.00,22.17
2026-08-23T21:39:25Z,4.961,11380.7,0.000,0.0,0.000,0.0,0.432,505.9,0.354,119.4,23.33,26.03,0.00,0.00,22.17
2026-08-23T21:39:26Z,5.079,11406.9,0.000,0.0,0.000,0.0,0.482,506.0,0.396,119.5,89.85,34.66,0.00,0.00,23.04
2026-08-23T21:39:28Z,5.166,11401.6,0.000,0.0,0.000,0.0,0.457,505.7,0.377,119.6,94.48,28.94,0.00,0.00,23.04
2026-08-23T21:39:29Z,5.459,11388.0,0.000,0.0,0.000,0.0,0.421,505.7,0.340,119.4,52.63,30.36,0.00,0.00,23.04
2026-08-23T21:39:30Z,5.229,11302.5,0.000,0.0,0.000,0.0,0.460,505.7,0.383,119.4,34.20,30.82,0.00,0.00,23.04
2026-08-23T21:39:31Z,4.909,11326.9,0.000,0.0,0.000,0.0,0.459,505.9,0.379,119.3,19.10,31.26,0.00,0.00,23.04
2026-08-23T21:39:32Z,4.593,11368.9,0.000,0.0,0.000,0.0,0.447,505.9,0.366,119.3,23.35,33.95,0.00,0.00,23.03
2026-08-23T21:39:33Z,4.612,11385.2,0.000,0.0,0.000,0.0,0.449,505.7,0.368,119.3,20.55,34.01,0.00,0.00,23.03
2026-08-23T21:39:34Z,4.103,11404.1,0.000,0.0,0.000,0.0,0.446,505.7,0.370,119.3,25.20,36.74,0.00,0.00,23.03
2026-08-23T21:39:35Z,4.290,11384.7,0.000,0.0,0.000,0.0,0.445,505.7,0.365,119.4,20.27,28.96,0.00,0.00,23.03
2026-08-23T21:39:36Z,5.016,11372.7,0.000,0.0,0.000,0.0,0.434,505.7,0.362,119.4,14.39,29.98,0.00,0.00,22.79
2026-08-23T21:39:37Z,4.268,11379.8,0.000,0.0,0.000,0.0,0.457,505.9,0.373,119.3,21.37,32.35,0.00,0.00,22.79
2026-08-23T21:39:39Z,4.043,11386.0,0.000,0.0,0.000,0.0,0.448,505.6,0.370,119.4,22.62,29.03,0.00,0.00,22.79
2026-08-23T21:39:40Z,4.144,11362.8,0.000,0.0,0.000,0.0,0.450,505.6,0.364,119.3,24.07,29.96,0.00,0.00,22.79
2026-08-23T21:39:41Z,4.025,11372.6,0.000,0.0,0.000,0.0,0.444,505.6,0.359,119.3,24.95,32.20,0.00,0.00,22.79
2026-08-23T21:39:42Z,4.111,11374.5,0.000,0.0,0.000,0.0,0.464,505.6,0.378,119.3,22.78,22.39,0.00,0.00,22.65
2026-08-23T21:39:43Z,4.013,11376.9,0.000,0.0,0.000,0.0,0.442,505.6,0.358,119.6,21.78,21.18,0.00,0.00,22.65
2026-08-23T21:39:44Z,4.768,11346.2,0.000,0.0,0.000,0.0,0.451,505.9,0.377,119.3,21.04,17.92,0.00,0.00,22.65
2026-08-23T21:39:45Z,4.927,11353.3,0.000,0.0,0.000,0.0,0.434,505.7,0.360,119.4,18.99,49.76,0.00,0.00,22.65
2026-08-23T21:39:46Z,5.369,11346.8,0.000,0.0,0.000,0.0,0.445,505.7,0.358,119.4,18.13,15.03,0.00,0.00,23.80
2026-08-23T21:39:47Z,5.205,11312.0,0.000,0.0,0.000,0.0,0.437,505.9,0.369,119.4,9.81,24.29,0.00,0.00,23.80
2026-08-23T21:39:48Z,4.977,11322.0,0.000,0.0,0.000,0.0,0.448,505.6,0.361,119.4,8.87,19.83,0.00,0.00,23.80
2026-08-23T21:39:50Z,4.567,11341.9,0.000,0.0,0.000,0.0,0.437,505.6,0.359,119.4,8.95,22.27,0.00,0.00,23.80
2026-08-23T21:39:51Z,4.845,11362.4,0.000,0.0,0.000,0.0,0.439,505.7,0.359,119.4,8.09,24.60,0.00,0.00,23.80
2026-08-23T21:39:52Z,4.918,11382.3,0.000,0.0,0.000,0.0,0.430,505.9,0.354,119.4,6.40,28.45,0.00,0.00,23.25
2026-08-23T21:39:53Z,5.228,11366.6,0.000,0.0,0.000,0.0,0.416,505.7,0.346,119.4,4.71,25.25,0.00,0.00,23.25
2026-08-23T21:39:54Z,5.342,11380.6,0.000,0.0,0.000,0.0,0.441,505.6,0.350,119.3,4.41,23.77,0.00,0.00,23.25
2026-08-23T21:39:55Z,4.951,11338.8,0.000,0.0,0.000,0.0,0.447,505.7,0.362,119.3,6.63,27.85,0.00,0.00,23.25
2026-08-23T21:39:56Z,4.886,11361.3,0.000,0.0,0.000,0.0,0.427,505.7,0.351,119.4,12.91,25.59,0.00,0.00,23.25
2026-08-23T21:39:57Z,3.747,11377.2,0.000,0.0,0.000,0.0,0.441,505.6,0.369,119.4,5.48,33.04,0.00,0.00,24.11
2026-08-23T21:39:58Z,3.566,11358.5,0.000,0.0,0.000,0.0,0.427,505.6,0.356,119.3,4.66,26.41,0.00,0.00,24.11
2026-08-23T21:39:59Z,3.393,11370.3,0.000,0.0,0.000,0.0,0.440,505.6,0.360,119.3,4.33,26.04,0.00,0.00,24.11
2026-08-23T21:40:00Z,3.294,11381.2,0.000,0.0,0.000,0.0,0.428,505.8,0.350,119.5,5.08,25.09,0.00,0.00,24.11
2026-08-23T21:40:02Z,3.428,11360.3,0.000,0.0,0.000,0.0,0.458,505.6,0.381,119.5,4.20,23.60,0.00,0.00,23.38
2026-08-23T21:40:03Z,3.429,11370.5,0.000,0.0,0.000,0.0,0.449,505.6,0.363,119.6,3.95,22.58,0.00,0.00,23.38
2026-08-23T21:40:04Z,3.300,11382.1,0.000,0.0,0.000,0.0,0.425,505.9,0.352,119.3,5.02,25.50,0.00,0.00,23.38
2026-08-23T21:40:05Z,3.549,11366.6,0.000,0.0,0.000,0.0,0.443,505.6,0.360,119.3,7.45,25.04,0.00,0.00,23.38
2026-08-23T21:40:06Z,4.745,11357.0,0.000,0.0,0.000,0.0,0.445,505.6,0.363,119.3,5.05,20.46,0.00,0.00,23.38
2026-08-23T21:40:07Z,3.849,11366.6,0.000,0.0,0.000,0.0,0.457,505.6,0.368,119.3,5.48,31.54,0.00,0.00,22.71
2026-08-23T21:40:08Z,3.345,11381.2,0.000,0.0,0.000,0.0,0.429,505.8,0.350,119.3,5.42,26.72,0.00,0.00,22.71
2026-08-23T21:40:09Z,3.400,11363.4,0.000,0.0,0.000,0.0,0.456,505.6,0.366,119.3,5.30,24.85,0.00,0.00,22.71
2026-08-23T21:40:10Z,3.364,11377.8,0.000,0.0,0.000,0.0,0.426,505.6,0.357,119.2,5.00,27.83,0.00,0.00,22.71
2026-08-23T21:40:11Z,3.295,11361.4,0.000,0.0,0.000,0.0,0.442,505.8,0.358,119.3,5.15,40.11,0.00,0.00,22.33
2026-08-23T21:40:12Z,3.422,11378.8,0.000,0.0,0.000,0.0,0.449,505.6,0.358,119.3,5.78,26.68,0.00,0.00,22.33
2026-08-23T21:40:14Z,3.329,11362.4,0.000,0.0,0.000,0.0,0.423,505.8,0.351,119.6,6.09,26.92,0.00,0.00,22.33
2026-08-23T21:40:15Z,3.430,11381.0,0.000,0.0,0.000,0.0,0.444,505.9,0.365,119.3,6.41,32.23,0.00,0.00,22.33
2026-08-23T21:40:16Z,4.330,11357.7,0.000,0.0,0.000,0.0,0.435,505.6,0.358,119.3,11.27,27.01,0.00,0.00,22.33
2026-08-23T21:40:17Z,4.221,11358.2,0.000,0.0,0.000,0.0,0.449,505.7,0.377,119.4,6.37,34.24,0.00,0.00,22.71
2026-08-23T21:40:18Z,3.428,11379.6,0.000,0.0,0.000,0.0,0.432,505.6,0.352,119.4,6.14,40.19,0.00,0.00,22.71
2026-08-23T21:40:19Z,3.581,11367.6,0.000,0.0,0.000,0.0,0.437,506.0,0.356,119.4,6.12,34.51,0.00,0.00,22.71
2026-08-23T21:40:20Z,3.476,11355.1,0.000,0.0,0.000,0.0,0.442,505.7,0.357,119.4,6.79,31.31,0.00,0.00,22.71
2026-08-23T21:40:21Z,3.368,11373.9,0.000,0.0,0.000,0.0,0.430,505.7,0.356,119.4,6.31,29.09,0.00,0.00,22.71
2026-08-23T21:40:22Z,3.413,11359.5,0.000,0.0,0.000,0.0,0.434,505.7,0.356,119.3,6.44,28.36,0.00,0.00,22.57
2026-08-23T21:40:23Z,3.421,11373.9,0.000,0.0,0.000,0.0,0.432,505.9,0.355,119.3,6.79,23.00,0.00,0.00,22.57
2026-08-23T21:40:24Z,3.489,11354.2,0.000,0.0,0.000,0.0,0.428,505.7,0.356,119.4,5.19,23.39,0.00,0.00,22.57
2026-08-23T21:40:26Z,4.151,11350.3,0.000,0.0,0.000,0.0,0.436,505.7,0.357,119.3,4.21,24.53,0.00,0.00,22.57
2026-08-23T21:40:27Z,4.749,11355.0,0.000,0.0,0.000,0.0,0.474,505.7,0.390,119.4,4.59,21.19,0.00,0.00,23.25
2026-08-23T21:40:28Z,4.446,11340.8,0.000,0.0,0.000,0.0,0.436,505.7,0.354,119.4,4.74,30.59,0.00,0.00,23.25
2026-08-23T21:40:29Z,4.416,11355.6,0.000,0.0,0.000,0.0,0.440,506.0,0.359,119.4,4.78,23.78,0.00,0.00,23.25
2026-08-23T21:40:30Z,4.284,11339.2,0.000,0.0,0.000,0.0,0.442,505.7,0.361,119.3,4.79,23.82,0.00,0.00,23.25
2026-08-23T21:40:31Z,3.533,11351.8,0.000,0.0,0.000,0.0,0.435,505.7,0.357,119.4,5.50,24.30,0.00,0.00,23.25
2026-08-23T21:40:32Z,3.278,11365.3,0.000,0.0,0.000,0.0,0.420,505.9,0.351,119.3,5.22,24.41,0.00,0.00,22.58
2026-08-23T21:40:33Z,3.308,11345.2,0.000,0.0,0.000,0.0,0.435,505.7,0.357,119.4,5.20,23.63,0.00,0.00,22.58
2026-08-23T21:40:34Z,3.338,11358.4,0.000,0.0,0.000,0.0,0.432,505.7,0.361,119.4,5.39,24.19,0.00,0.00,22.58
2026-08-23T21:40:35Z,3.697,11354.2,0.000,0.0,0.000,0.0,0.422,506.0,0.348,119.6,4.77,23.30,0.00,0.00,22.58
2026-08-23T21:40:36Z,4.608,11353.0,0.000,0.0,0.000,0.0,0.460,506.2,0.365,119.3,5.16,17.87,0.00,0.00,22.78
2026-08-23T21:40:38Z,3.308,11336.0,0.000,0.0,0.000,0.0,0.425,505.8,0.347,119.3,5.03,25.14,0.00,0.00,22.78
2026-08-23T21:40:39Z,3.325,11350.8,0.000,0.0,0.000,0.0,0.435,505.6,0.362,119.6,5.92,31.63,0.00,0.00,22.78
2026-08-23T21:40:40Z,3.277,11334.2,0.000,0.0,0.000,0.0,0.415,505.8,0.341,119.2,5.22,25.68,0.00,0.00,22.78
2026-08-23T21:40:41Z,3.255,11348.5,0.000,0.0,0.000,0.0,0.425,505.6,0.350,119.3,5.94,25.15,0.00,0.00,22.78
2026-08-23T21:40:42Z,3.301,11330.5,0.000,0.0,0.000,0.0,0.420,505.6,0.351,119.5,6.13,36.77,0.00,0.00,21.76
2026-08-23T21:40:43Z,3.257,11346.6,0.000,0.0,0.000,0.0,0.428,505.6,0.353,119.3,5.54,27.50,0.00,0.00,21.76
2026-08-23T21:40:44Z,3.276,11330.0,0.000,0.0,0.000,0.0,0.425,505.6,0.351,119.3,5.49,25.09,0.00,0.00,21.76
2026-08-23T21:40:45Z,3.411,11353.1,0.000,0.0,0.000,0.0,0.436,505.6,0.356,119.3,5.68,26.17,0.00,0.00,21.76
2026-08-23T21:40:46Z,4.724,11350.7,0.000,0.0,0.000,0.0,0.449,505.6,0.375,119.3,67.18,25.46,0.00,0.00,22.82
2026-08-23T21:40:47Z,4.018,11338.2,0.000,0.0,0.000,0.0,0.454,505.6,0.365,119.3,119.88,34.62,0.00,0.00,22.82
2026-08-23T21:40:48Z,4.267,11334.7,0.000,0.0,0.000,0.0,0.442,505.6,0.357,119.3,5.46,29.75,0.00,0.00,22.82
2026-08-23T21:40:50Z,3.686,11352.6,0.000,0.0,0.000,0.0,0.444,505.6,0.360,119.3,5.55,25.69,0.00,0.00,22.82
2026-08-23T21:40:51Z,3.367,11336.2,0.000,0.0,0.000,0.0,0.435,505.8,0.359,119.3,7.08,24.71,0.00,0.00,22.82
2026-08-23T21:40:52Z,3.373,11319.8,0.000,0.0,0.000,0.0,0.424,505.9,0.351,119.3,6.33,24.70,0.00,0.00,22.27
2026-08-23T21:40:53Z,3.392,11334.7,0.000,0.0,0.000,0.0,0.429,505.9,0.356,119.3,6.96,26.17,0.00,0.00,22.27
2026-08-23T21:40:54Z,3.482,11321.5,0.000,0.0,0.000,0.0,0.442,505.9,0.355,119.3,6.33,25.24,0.00,0.00,22.27
2026-08-23T21:40:55Z,3.597,11323.2,0.000,0.0,0.000,0.0,0.423,505.6,0.350,119.2,6.74,23.99,0.00,0.00,22.27
2026-08-23T21:40:56Z,5.273,11289.1,0.000,0.0,0.000,0.0,0.420,505.6,0.340,119.4,13.23,24.36,0.00,0.00,22.27
2026-08-23T21:40:57Z,4.631,11306.8,0.000,0.0,0.000,0.0,0.449,505.8,0.380,119.3,18.58,28.32,0.00,0.00,22.97
2026-08-23T21:40:58Z,4.275,11319.4,0.000,0.0,0.000,0.0,0.442,505.6,0.359,119.6,23.68,32.24,0.00,0.00,22.97
2026-08-23T21:40:59Z,4.233,11328.6,0.000,0.0,0.000,0.0,0.444,505.6,0.361,119.4,22.88,38.72,0.00,0.00,22.97
2026-08-23T21:41:00Z,4.752,11318.6,0.000,0.0,0.000,0.0,0.433,506.1,0.350,119.3,10.08,21.61,0.00,0.00,22.97
2026-08-23T21:41:01Z,4.852,11314.7,0.000,0.0,0.000,0.0,0.460,505.6,0.388,119.3,14.08,25.23,0.00,0.00,22.33
2026-08-23T21:41:03Z,4.087,11302.8,0.000,0.0,0.000,0.0,0.456,505.6,0.369,119.3,26.51,39.04,0.00,0.00,22.33
2026-08-23T21:41:04Z,4.162,11316.2,0.000,0.0,0.000,0.0,0.455,505.6,0.375,119.3,22.56,36.78,0.00,0.00,22.33
2026-08-23T21:41:05Z,4.207,11295.8,0.000,0.0,0.000,0.0,0.468,505.8,0.385,119.4,21.55,38.24,0.00,0.00,22.33
2026-08-23T21:41:06Z,4.840,11283.5,0.000,0.0,0.000,0.0,0.438,505.6,0.376,119.4,25.99,34.22,0.00,0.00,22.33
2026-08-23T21:41:07Z,4.911,11285.3,0.000,0.0,0.000,0.0,0.464,506.1,0.392,119.4,18.69,30.92,0.00,0.00,23.19
2026-08-23T21:41:08Z,4.233,11296.2,0.000,0.0,0.000,0.0,0.459,505.6,0.380,119.3,23.74,37.74,0.00,0.00,23.19
2026-08-23T21:41:09Z,3.997,11306.6,0.000,0.0,0.000,0.0,0.454,505.6,0.369,119.6,23.12,44.21,0.00,0.00,23.19
2026-08-23T21:41:10Z,4.155,11317.7,0.000,0.0,0.000,0.0,0.466,505.6,0.384,119.6,23.85,40.14,0.00,0.00,23.19
2026-08-23T21:41:11Z,4.051,11299.3,0.000,0.0,0.000,0.0,0.455,505.6,0.369,119.4,23.56,38.38,0.00,0.00,22.61
2026-08-23T21:41:12Z,4.041,11310.1,0.000,0.0,0.000,0.0,0.455,505.6,0.367,119.4,23.25,48.04,0.00,0.00,22.61
2026-08-23T21:41:14Z,4.076,11323.3,0.000,0.0,0.000,0.0,0.451,505.6,0.367,119.4,24.79,38.24,0.00,0.00,22.61
2026-08-23T21:41:15Z,4.036,11304.8,0.000,0.0,0.000,0.0,0.446,505.9,0.369,119.3,23.41,40.10,0.00,0.00,22.61
2026-08-23T21:41:16Z,4.922,11294.8,0.000,0.0,0.000,0.0,0.443,505.7,0.360,119.4,19.68,31.59,0.00,0.00,22.61
2026-08-23T21:41:17Z,4.632,11287.6,0.000,0.0,0.000,0.0,0.457,505.9,0.380,119.3,18.92,31.93,0.00,0.00,22.88
2026-08-23T21:41:18Z,4.017,11296.9,0.000,0.0,0.000,0.0,0.439,505.6,0.362,119.3,22.77,42.71,0.00,0.00,22.88
2026-08-23T21:41:19Z,4.560,11269.1,0.000,0.0,0.000,0.0,0.442,505.6,0.361,119.6,20.39,34.09,0.00,0.00,22.88
2026-08-23T21:41:20Z,4.164,11275.8,0.000,0.0,0.000,0.0,0.454,505.6,0.377,119.3,24.41,27.65,0.00,0.00,22.88
2026-08-23T21:41:21Z,4.122,11284.1,0.000,0.0,0.000,0.0,0.440,505.6,0.366,119.6,25.04,26.14,0.00,0.00,22.81
2026-08-23T21:41:22Z,4.086,11294.5,0.000,0.0,0.000,0.0,0.438,505.6,0.364,119.3,24.31,33.32,0.00,0.00,22.81
2026-08-23T21:41:23Z,4.301,11270.9,0.000,0.0,0.000,0.0,0.442,506.1,0.365,119.3,23.48,27.09,0.00,0.00,22.81
2026-08-23T21:41:24Z,4.626,11287.3,0.000,0.0,0.000,0.0,0.447,506.1,0.359,119.4,21.91,32.04,0.00,0.00,22.81
2026-08-23T21:41:26Z,5.411,11284.3,0.000,0.0,0.000,0.0,0.422,506.1,0.345,119.5,17.77,34.46,0.00,0.00,22.81
2026-08-23T21:41:27Z,5.362,11269.3,0.000,0.0,0.000,0.0,0.454,506.1,0.390,119.5,18.24,34.39,0.00,0.00,24.59
2026-08-23T21:41:28Z,5.429,11291.9,0.000,0.0,0.000,0.0,0.418,505.9,0.354,119.6,6.41,49.32,0.00,0.00,24.59
2026-08-23T21:41:29Z,5.286,11295.5,0.000,0.0,0.000,0.0,0.450,505.8,0.358,119.8,6.32,34.08,0.00,0.00,24.59
2026-08-23T21:41:30Z,4.568,11294.8,0.000,0.0,0.000,0.0,0.441,506.0,0.366,119.5,5.87,43.36,0.00,0.00,24.59
2026-08-23T21:41:31Z,4.354,11291.7,0.000,0.0,0.000,0.0,0.437,505.7,0.359,119.5,5.12,36.18,0.00,0.00,24.59
2026-08-23T21:41:32Z,3.712,11286.8,0.000,0.0,0.000,0.0,0.426,505.7,0.361,119.5,4.74,36.40,0.00,0.00,23.02
2026-08-23T21:41:33Z,3.723,11280.9,0.000,0.0,0.000,0.0,0.425,506.0,0.352,119.7,4.73,36.01,0.00,0.00,23.02
2026-08-23T21:41:34Z,3.710,11306.4,0.000,0.0,0.000,0.0,0.436,505.7,0.360,119.5,4.77,35.30,0.00,0.00,23.02
2026-08-23T21:41:35Z,4.073,11291.7,0.000,0.0,0.000,0.0,0.428,505.8,0.359,119.4,11.71,38.68,0.00,0.00,23.02
2026-08-23T21:41:37Z,5.108,11278.5,0.000,0.0,0.000,0.0,0.443,505.7,0.368,119.4,4.75,28.55,0.00,0.00,23.74
2026-08-23T21:41:38Z,3.714,11302.3,0.000,0.0,0.000,0.0,0.438,505.8,0.362,119.6,4.50,31.41,0.00,0.00,23.74
2026-08-23T21:41:39Z,3.707,11294.1,0.000,0.0,0.000,0.0,0.431,506.0,0.358,119.4,4.38,35.06,0.00,0.00,23.74
2026-08-23T21:41:40Z,3.770,11286.6,0.000,0.0,0.000,0.0,0.439,506.0,0.371,119.4,4.59,40.36,0.00,0.00,23.74
2026-08-23T21:41:41Z,3.692,11276.7,0.000,0.0,0.000,0.0,0.438,505.7,0.360,119.4,4.29,29.49,0.00,0.00,23.74
2026-08-23T21:41:42Z,3.662,11296.5,0.000,0.0,0.000,0.0,0.432,505.7,0.357,119.4,4.67,27.36,0.00,0.00,22.80
2026-08-23T21:41:43Z,3.661,11281.9,0.000,0.0,0.000,0.0,0.428,505.8,0.361,119.4,4.03,34.01,0.00,0.00,22.80
2026-08-23T21:41:44Z,3.624,11298.5,0.000,0.0,0.000,0.0,0.427,506.2,0.355,119.4,3.30,27.49,0.00,0.00,22.80
2026-08-23T21:41:45Z,3.830,11295.5,0.000,0.0,0.000,0.0,0.437,506.2,0.362,119.4,6.45,27.78,0.00,0.00,22.80
2026-08-23T21:41:46Z,4.996,11276.9,0.000,0.0,0.000,0.0,0.450,505.7,0.353,119.4,7.60,18.32,0.00,0.00,22.65
2026-08-23T21:41:47Z,3.767,11297.0,0.000,0.0,0.000,0.0,0.440,505.6,0.361,119.4,4.10,24.78,0.00,0.00,22.65
2026-08-23T21:41:49Z,3.981,11253.3,0.000,0.0,0.000,0.0,0.446,505.6,0.360,119.4,6.20,34.25,0.00,0.00,22.65
2026-08-23T21:41:50Z,4.598,11262.1,0.000,0.0,0.000,0.0,0.445,505.7,0.364,119.4,13.50,38.21,0.00,0.00,22.65
2026-08-23T21:41:51Z,4.488,11269.5,0.000,0.0,0.000,0.0,0.453,505.6,0.359,119.3,17.40,31.09,0.00,0.00,22.65
2026-08-23T21:41:52Z,4.345,11279.8,0.000,0.0,0.000,0.0,0.442,505.7,0.356,119.4,21.51,30.80,0.00,0.00,21.72
2026-08-23T21:41:53Z,4.421,11263.9,0.000,0.0,0.000,0.0,0.443,505.9,0.357,119.3,18.31,35.71,0.00,0.00,21.72
2026-08-23T21:41:54Z,4.516,11275.1,0.000,0.0,0.000,0.0,0.447,505.7,0.368,119.4,14.75,33.98,0.00,0.00,21.72
2026-08-23T21:41:55Z,4.995,11241.2,0.000,0.0,0.000,0.0,0.431,505.7,0.352,119.3,8.31,25.94,0.00,0.00,21.72
2026-08-23T21:41:56Z,5.484,11249.2,0.000,0.0,0.000,0.0,0.412,505.7,0.335,119.5,13.00,21.61,0.00,0.00,21.58
2026-08-23T21:41:57Z,4.974,11252.7,0.000,0.0,0.000,0.0,0.468,505.6,0.383,119.6,15.19,25.80,0.00,0.00,21.58
2026-08-23T21:41:58Z,4.607,11262.0,0.000,0.0,0.000,0.0,0.421,505.9,0.354,119.4,17.79,34.63,0.00,0.00,21.58
2026-08-23T21:42:00Z,4.762,11253.7,0.000,0.0,0.000,0.0,0.463,505.9,0.372,119.4,22.92,31.57,0.00,0.00,21.58
2026-08-23T21:42:01Z,4.791,11257.4,0.000,0.0,0.000,0.0,0.438,505.9,0.363,119.4,132.77,39.68,0.00,0.00,21.58
2026-08-23T21:42:02Z,4.882,11276.3,0.000,0.0,0.000,0.0,0.438,505.9,0.373,119.4,184.26,30.54,0.00,0.00,22.26
2026-08-23T21:42:03Z,4.582,11323.1,0.000,0.0,0.000,0.0,0.424,505.7,0.352,119.4,199.36,93.15,0.00,0.00,22.26
2026-08-23T21:42:04Z,3.739,11466.6,0.000,0.0,0.000,0.0,0.405,505.9,0.327,119.7,190.14,375.78,0.00,0.00,22.26
2026-08-23T21:42:05Z,4.818,11520.8,0.000,0.0,0.000,0.0,0.492,505.7,0.398,119.6,137.56,38.23,0.00,0.00,22.26
2026-08-23T21:42:06Z,5.321,11611.9,0.000,0.0,0.000,0.0,0.431,506.4,0.366,119.7,139.06,32.08,0.00,0.00,22.26
2026-08-23T21:42:07Z,5.078,11702.5,0.000,0.0,0.000,0.0,0.466,506.3,0.372,119.6,169.44,31.33,0.00,0.00,24.32
2026-08-23T21:42:08Z,4.823,11777.8,0.000,0.0,0.000,0.0,0.437,505.8,0.367,119.6,220.58,64.67,0.00,0.00,24.32
2026-08-23T21:42:09Z,3.999,11810.8,0.000,0.0,0.000,0.0,0.434,506.1,0.359,119.7,151.08,346.32,0.00,0.00,24.32
2026-08-23T21:42:11Z,4.812,11852.1,0.000,0.0,0.000,0.0,0.459,505.8,0.379,119.6,182.60,39.55,0.00,0.00,24.32
2026-08-23T21:42:12Z,4.850,11938.3,0.000,0.0,0.000,0.0,0.452,505.8,0.362,119.6,204.47,36.16,0.00,0.00,24.77
2026-08-23T21:42:13Z,4.793,11967.8,0.000,0.0,0.000,0.0,0.440,506.2,0.371,119.9,255.63,100.82,0.00,0.00,24.77
2026-08-23T21:42:14Z,4.612,12013.5,0.000,0.0,0.000,0.0,0.438,505.9,0.367,119.6,190.29,99.64,0.00,0.00,24.77
2026-08-23T21:42:15Z,3.844,12025.0,0.000,0.0,0.000,0.0,0.396,506.0,0.324,119.7,180.23,343.76,0.00,0.00,24.77
2026-08-23T21:42:16Z,5.357,12048.6,0.000,0.0,0.000,0.0,0.451,506.2,0.382,119.7,103.38,24.92,0.00,0.00,24.77
2026-08-23T21:42:17Z,5.120,12068.8,0.000,0.0,0.000,0.0,0.466,506.1,0.386,119.8,128.31,25.16,0.00,0.00,26.23
2026-08-23T21:42:18Z,4.884,12110.6,0.000,0.0,0.000,0.0,0.430,506.1,0.358,119.6,207.09,24.56,0.00,0.00,26.23
2026-08-23T21:42:19Z,5.005,12131.4,0.000,0.0,0.000,0.0,0.437,506.0,0.364,119.6,221.96,23.08,0.00,0.00,26.23
2026-08-23T21:42:20Z,4.632,12143.7,0.000,0.0,0.000,0.0,0.429,505.8,0.359,119.7,165.19,105.84,0.00,0.00,26.23
2026-08-23T21:42:22Z,4.669,12158.9,0.000,0.0,0.000,0.0,0.423,505.8,0.365,119.5,171.59,103.95,0.00,0.00,27.18
2026-08-23T21:42:23Z,4.650,12178.2,0.000,0.0,0.000,0.0,0.452,505.9,0.359,119.6,195.40,121.26,0.00,0.00,27.18
2026-08-23T21:42:24Z,4.633,12200.0,0.000,0.0,0.000,0.0,0.421,505.9,0.350,119.7,211.12,128.16,0.00,0.00,27.18
2026-08-23T21:42:25Z,4.431,12179.3,0.000,0.0,0.000,0.0,0.412,506.2,0.342,119.4,178.13,195.01,0.00,0.00,27.18
2026-08-23T21:42:26Z,4.832,12187.1,0.000,0.0,0.000,0.0,0.454,505.9,0.378,119.7,109.76,200.61,0.00,0.00,27.18
2026-08-23T21:42:27Z,5.543,12199.9,0.000,0.0,0.000,0.0,0.436,506.0,0.350,119.7,87.96,18.65,0.00,0.00,26.12
2026-08-23T21:42:28Z,5.408,12146.7,0.000,0.0,0.000,0.0,0.441,505.9,0.378,119.7,78.66,19.73,0.00,0.00,26.12
2026-08-23T21:42:29Z,5.433,12198.7,0.000,0.0,0.000,0.0,0.457,506.4,0.370,119.7,78.47,20.76,0.00,0.00,26.12
2026-08-23T21:42:30Z,5.327,12228.7,0.000,0.0,0.000,0.0,0.459,505.9,0.365,119.7,96.05,23.85,0.00,0.00,26.12
2026-08-23T21:42:31Z,5.261,12209.8,0.000,0.0,0.000,0.0,0.440,505.9,0.369,119.7,91.41,30.32,0.00,0.00,27.79
2026-08-23T21:42:33Z,5.301,12183.8,0.000,0.0,0.000,0.0,0.427,505.9,0.348,119.6,121.58,22.81,0.00,0.00,27.79
2026-08-23T21:42:34Z,5.008,12226.5,0.000,0.0,0.000,0.0,0.441,506.2,0.375,119.7,152.62,72.72,0.00,0.00,27.79
2026-08-23T21:42:35Z,4.760,12226.6,0.000,0.0,0.000,0.0,0.456,506.1,0.373,119.5,135.47,67.73,0.00,0.00,27.79
2026-08-23T21:42:36Z,4.260,12245.9,0.000,0.0,0.000,0.0,0.395,506.1,0.316,119.4,159.43,332.59,0.00,0.00,27.79
2026-08-23T21:42:37Z,5.197,12222.3,0.000,0.0,0.000,0.0,0.445,505.9,0.369,119.5,98.21,84.49,0.00,0.00,30.45
2026-08-23T21:42:38Z,5.342,12222.0,0.000,0.0,0.000,0.0,0.450,505.9,0.371,119.6,84.53,22.77,0.00,0.00,30.45
2026-08-23T21:42:39Z,5.174,12223.3,0.000,0.0,0.000,0.0,0.438,506.1,0.368,119.5,131.51,21.62,0.00,0.00,30.45
2026-08-23T21:42:40Z,5.089,12219.3,0.000,0.0,0.000,0.0,0.453,505.9,0.374,119.5,187.40,23.24,0.00,0.00,30.45
2026-08-23T21:42:41Z,4.880,12244.4,0.000,0.0,0.000,0.0,0.435,505.9,0.357,119.5,163.24,27.24,0.00,0.00,30.74
2026-08-23T21:42:42Z,4.685,12225.3,0.000,0.0,0.000,0.0,0.437,506.0,0.358,119.6,183.70,111.98,0.00,0.00,30.74
2026-08-23T21:42:44Z,4.773,12248.6,0.000,0.0,0.000,0.0,0.427,505.8,0.356,119.5,161.23,80.37,0.00,0.00,30.74
2026-08-23T21:42:45Z,4.809,12239.0,0.000,0.0,0.000,0.0,0.444,506.7,0.367,119.5,228.33,136.04,0.00,0.00,30.74
2026-08-23T21:42:46Z,5.069,12238.6,0.000,0.0,0.000,0.0,0.445,506.8,0.350,119.5,135.26,88.11,0.00,0.00,30.74
2026-08-23T21:42:47Z,4.628,12220.5,0.000,0.0,0.000,0.0,0.373,506.1,0.310,119.7,100.84,315.45,0.00,0.00,30.52
2026-08-23T21:42:48Z,5.153,12248.0,0.000,0.0,0.000,0.0,0.501,506.0,0.426,119.7,116.26,20.01,0.00,0.00,30.52
2026-08-23T21:42:49Z,5.030,12244.0,0.000,0.0,0.000,0.0,0.432,505.9,0.349,119.6,11.04,22.06,0.00,0.00,30.52
2026-08-23T21:42:50Z,5.147,12236.0,0.000,0.0,0.000,0.0,0.431,506.4,0.370,119.6,9.51,20.54,0.00,0.00,30.52
2026-08-23T21:42:51Z,4.856,12251.5,0.000,0.0,0.000,0.0,0.421,505.9,0.341,119.5,8.94,112.90,0.00,0.00,29.43
2026-08-23T21:42:52Z,4.881,12258.2,0.000,0.0,0.000,0.0,0.450,506.4,0.367,119.6,85.46,48.73,0.00,0.00,29.43
2026-08-23T21:42:53Z,5.284,12239.3,0.000,0.0,0.000,0.0,0.414,506.0,0.351,119.7,123.58,21.09,0.00,0.00,29.43
2026-08-23T21:42:55Z,4.928,12248.1,0.000,0.0,0.000,0.0,0.435,505.9,0.352,119.6,112.00,24.00,0.00,0.00,29.43
2026-08-23T21:42:56Z,5.182,12225.4,0.000,0.0,0.000,0.0,0.417,506.0,0.357,119.5,82.47,24.23,0.00,0.00,29.43
2026-08-23T21:42:57Z,4.551,12217.6,0.000,0.0,0.000,0.0,0.403,506.1,0.329,119.4,71.24,253.56,0.00,0.00,29.56
2026-08-23T21:42:58Z,4.482,12240.3,0.000,0.0,0.000,0.0,0.475,505.9,0.411,119.6,140.28,81.05,0.00,0.00,29.56
2026-08-23T21:42:59Z,4.746,12216.7,0.000,0.0,0.000,0.0,0.427,506.2,0.353,119.5,174.00,27.90,0.00,0.00,29.56
2026-08-23T21:43:00Z,4.513,12218.2,0.000,0.0,0.000,0.0,0.448,505.9,0.366,119.8,191.94,30.56,0.00,0.00,29.56
2026-08-23T21:43:01Z,4.556,12226.6,0.000,0.0,0.000,0.0,0.435,505.9,0.364,119.5,200.33,33.64,0.00,0.00,29.56
2026-08-23T21:43:02Z,4.500,12213.9,0.000,0.0,0.000,0.0,0.440,505.9,0.371,119.8,186.80,28.20,0.00,0.00,29.27
2026-08-23T21:43:03Z,4.411,12229.3,0.000,0.0,0.000,0.0,0.436,505.9,0.368,119.5,170.63,25.86,0.00,0.00,29.27
2026-08-23T21:43:04Z,4.500,12240.7,0.000,0.0,0.000,0.0,0.441,506.2,0.364,119.6,197.10,26.10,0.00,0.00,29.27
2026-08-23T21:43:06Z,4.985,12205.2,0.000,0.0,0.000,0.0,0.419,505.9,0.357,119.4,196.26,26.48,0.00,0.00,29.27
2026-08-23T21:43:07Z,5.158,12220.9,0.000,0.0,0.000,0.0,0.465,505.9,0.381,119.5,89.50,21.52,0.00,0.00,30.21
2026-08-23T21:43:08Z,4.548,12224.4,0.000,0.0,0.000,0.0,0.430,506.0,0.357,119.4,192.44,29.29,0.00,0.00,30.21
2026-08-23T21:43:09Z,4.439,12211.2,0.000,0.0,0.000,0.0,0.439,505.8,0.370,119.4,181.45,30.93,0.00,0.00,30.21
2026-08-23T21:43:10Z,4.653,12217.5,0.000,0.0,0.000,0.0,0.442,505.7,0.355,119.3,190.84,31.76,0.00,0.00,30.21
2026-08-23T21:43:11Z,4.399,12230.1,0.000,0.0,0.000,0.0,0.451,505.8,0.367,119.4,162.47,34.09,0.00,0.00,30.21
2026-08-23T21:43:12Z,4.507,12200.7,0.000,0.0,0.000,0.0,0.437,506.0,0.356,119.3,203.09,40.03,0.00,0.00,28.91
2026-08-23T21:43:13Z,4.532,12235.1,0.000,0.0,0.000,0.0,0.439,505.7,0.359,119.4,219.62,32.95,0.00,0.00,28.91
2026-08-23T21:43:14Z,4.558,12080.9,0.000,0.0,0.000,0.0,0.445,506.0,0.370,119.3,179.13,33.33,0.00,0.00,28.91
2026-08-23T21:43:15Z,4.001,11280.3,0.000,0.0,0.000,0.0,0.445,505.7,0.360,119.3,21.46,30.50,0.00,0.00,28.91
2026-08-23T21:43:16Z,5.001,11346.7,0.000,0.0,0.000,0.0,0.427,505.8,0.360,119.3,19.11,31.75,0.00,0.00,29.32
2026-08-23T21:43:18Z,4.177,11355.6,0.000,0.0,0.000,0.0,0.444,505.7,0.369,119.6,5.61,31.66,0.00,0.00,29.32
2026-08-23T21:43:19Z,3.693,11380.7,0.000,0.0,0.000,0.0,0.437,505.7,0.358,119.3,5.40,32.68,0.00,0.00,29.32
2026-08-23T21:43:20Z,3.773,11405.2,0.000,0.0,0.000,0.0,0.432,505.7,0.352,119.5,6.63,30.17,0.00,0.00,29.32
2026-08-23T21:43:21Z,3.827,11428.0,0.000,0.0,0.000,0.0,0.453,505.7,0.367,119.3,6.46,27.95,0.00,0.00,29.32
2026-08-23T21:43:22Z,3.579,11449.3,0.000,0.0,0.000,0.0,0.435,505.7,0.354,119.2,4.79,37.55,0.00,0.00,28.02
2026-08-23T21:43:23Z,3.675,11472.9,0.000,0.0,0.000,0.0,0.436,505.8,0.358,119.3,6.56,46.01,0.00,0.00,28.02
2026-08-23T21:43:24Z,3.732,11495.4,0.000,0.0,0.000,0.0,0.432,505.7,0.356,119.2,6.40,31.00,0.00,0.00,28.02
2026-08-23T21:43:25Z,3.855,11524.6,0.000,0.0,0.000,0.0,0.438,505.7,0.365,119.2,6.43,30.23,0.00,0.00,28.02
2026-08-23T21:43:26Z,5.141,11549.9,0.000,0.0,0.000,0.0,0.428,506.0,0.364,119.3,6.01,24.94,0.00,0.00,29.14
2026-08-23T21:43:27Z,4.987,11568.6,0.000,0.0,0.000,0.0,0.439,505.7,0.382,119.3,6.51,27.49,0.00,0.00,29.14
2026-08-23T21:43:28Z,4.753,11593.2,0.000,0.0,0.000,0.0,0.446,506.0,0.361,119.3,6.78,25.72,0.00,0.00,29.14
2026-08-23T21:43:30Z,4.377,11610.6,0.000,0.0,0.000,0.0,0.420,505.7,0.352,119.3,5.92,22.88,0.00,0.00,29.14
2026-08-23T21:43:31Z,4.019,11630.7,0.000,0.0,0.000,0.0,0.438,506.0,0.367,119.3,5.99,25.77,0.00,0.00,29.14
2026-08-23T21:43:32Z,3.517,11651.0,0.000,0.0,0.000,0.0,0.429,505.7,0.354,119.2,7.26,26.77,0.00,0.00,28.00
2026-08-23T21:43:33Z,3.541,11670.9,0.000,0.0,0.000,0.0,0.436,505.7,0.360,119.3,7.81,34.17,0.00,0.00,28.00
2026-08-23T21:43:34Z,3.563,11693.2,0.000,0.0,0.000,0.0,0.428,505.7,0.347,119.2,7.61,29.17,0.00,0.00,28.00
2026-08-23T21:43:35Z,3.570,11715.2,0.000,0.0,0.000,0.0,0.435,505.7,0.368,119.3,8.12,27.16,0.00,0.00,28.00
2026-08-23T21:43:36Z,5.010,11741.9,0.000,0.0,0.000,0.0,0.428,505.8,0.355,119.3,6.85,21.52,0.00,0.00,28.00
2026-08-23T21:43:37Z,3.892,11756.6,0.000,0.0,0.000,0.0,0.453,506.0,0.370,119.6,7.13,27.22,0.00,0.00,28.08
2026-08-23T21:43:38Z,3.648,11778.9,0.000,0.0,0.000,0.0,0.435,505.7,0.358,119.2,7.43,28.19,0.00,0.00,28.08
2026-08-23T21:43:39Z,3.541,11799.7,0.000,0.0,0.000,0.0,0.434,505.6,0.355,119.2,8.13,26.97,0.00,0.00,28.08
2026-08-23T21:43:40Z,3.598,11821.6,0.000,0.0,0.000,0.0,0.436,505.7,0.359,119.3,7.95,27.62,0.00,0.00,28.08
2026-08-23T21:43:42Z,3.547,11841.8,0.000,0.0,0.000,0.0,0.427,505.7,0.358,119.3,7.67,29.57,0.00,0.00,26.87
2026-08-23T21:43:43Z,3.622,11863.6,0.000,0.0,0.000,0.0,0.438,505.9,0.363,119.3,8.61,36.90,0.00,0.00,26.87
2026-08-23T21:43:44Z,3.591,11884.8,0.000,0.0,0.000,0.0,0.438,505.6,0.358,119.5,7.88,28.91,0.00,0.00,26.87
2026-08-23T21:43:45Z,3.534,11904.4,0.000,0.0,0.000,0.0,0.437,505.9,0.363,119.5,6.73,29.60,0.00,0.00,26.87
2026-08-23T21:43:46Z,4.770,11943.8,0.000,0.0,0.000,0.0,0.435,505.7,0.352,119.3,6.14,25.97,0.00,0.00,26.87
2026-08-23T21:43:47Z,4.169,11948.5,0.000,0.0,0.000,0.0,0.460,505.7,0.376,119.3,6.34,27.73,0.00,0.00,27.69
2026-08-23T21:43:48Z,3.606,11970.5,0.000,0.0,0.000,0.0,0.437,505.9,0.351,119.2,6.52,32.24,0.00,0.00,27.69
2026-08-23T21:43:49Z,3.718,11989.2,0.000,0.0,0.000,0.0,0.440,505.6,0.355,119.3,6.78,28.50,0.00,0.00,27.69
2026-08-23T21:43:50Z,3.645,12009.8,0.000,0.0,0.000,0.0,0.440,505.9,0.362,119.2,7.04,29.35,0.00,0.00,27.69
2026-08-23T21:43:51Z,3.625,12033.0,0.000,0.0,0.000,0.0,0.435,505.6,0.359,119.2,6.98,31.74,0.00,0.00,26.43
2026-08-23T21:43:52Z,3.637,12060.4,0.000,0.0,0.000,0.0,0.438,505.7,0.359,119.5,6.47,41.81,0.00,0.00,26.43
2026-08-23T21:43:54Z,3.666,12084.9,0.000,0.0,0.000,0.0,0.430,505.6,0.349,119.2,6.74,46.44,0.00,0.00,26.43
2026-08-23T21:43:55Z,4.041,12128.0,0.000,0.0,0.000,0.0,0.441,505.6,0.362,119.2,8.27,28.12,0.00,0.00,26.43
2026-08-23T21:43:56Z,4.957,12192.7,0.000,0.0,0.000,0.0,0.441,505.6,0.362,119.3,19.44,35.26,0.00,0.00,26.43
2026-08-23T21:43:57Z,5.168,12166.6,0.000,0.0,0.000,0.0,0.437,505.7,0.376,119.3,15.92,26.37,0.00,0.00,26.56
2026-08-23T21:43:58Z,4.410,12166.3,0.000,0.0,0.000,0.0,0.448,505.6,0.370,119.3,22.33,39.83,0.00,0.00,26.56
2026-08-23T21:43:59Z,4.489,12168.0,0.000,0.0,0.000,0.0,0.431,505.6,0.362,119.5,23.97,39.65,0.00,0.00,26.56
2026-08-23T21:44:00Z,4.310,12191.9,0.000,0.0,0.000,0.0,0.449,505.7,0.366,119.3,25.90,38.74,0.00,0.00,26.56
2026-08-23T21:44:01Z,4.293,12193.9,0.000,0.0,0.000,0.0,0.433,505.6,0.358,119.2,25.17,39.91,0.00,0.00,26.56
2026-08-23T21:44:02Z,4.335,12150.1,0.000,0.0,0.000,0.0,0.467,505.9,0.387,119.3,24.95,40.73,0.00,0.00,25.79
2026-08-23T21:44:03Z,4.174,12155.1,0.000,0.0,0.000,0.0,0.443,505.9,0.358,119.2,27.17,49.63,0.00,0.00,25.79
2026-08-23T21:44:04Z,4.272,12159.6,0.000,0.0,0.000,0.0,0.452,505.9,0.370,119.3,25.22,41.21,0.00,0.00,25.79
2026-08-23T21:44:06Z,5.099,12148.6,0.000,0.0,0.000,0.0,0.435,505.7,0.358,119.3,10.58,24.35,0.00,0.00,25.79
2026-08-23T21:44:07Z,5.328,12163.9,0.000,0.0,0.000,0.0,0.441,505.8,0.368,119.5,8.28,18.39,0.00,0.00,25.33
2026-08-23T21:44:08Z,4.506,12158.6,0.000,0.0,0.000,0.0,0.445,505.7,0.367,119.4,21.42,29.73,0.00,0.00,25.33
2026-08-23T21:44:09Z,4.226,12166.4,0.000,0.0,0.000,0.0,0.446,506.0,0.369,119.4,26.79,41.51,0.00,0.00,25.33
2026-08-23T21:44:10Z,4.191,12174.7,0.000,0.0,0.000,0.0,0.451,505.7,0.362,119.3,27.84,41.61,0.00,0.00,25.33
2026-08-23T21:44:11Z,4.440,12183.1,0.000,0.0,0.000,0.0,0.456,506.0,0.373,119.4,26.16,38.95,0.00,0.00,25.33
2026-08-23T21:44:12Z,4.285,12145.1,0.000,0.0,0.000,0.0,0.446,505.7,0.368,119.3,28.14,38.45,0.00,0.00,24.66
2026-08-23T21:44:13Z,4.186,12153.5,0.000,0.0,0.000,0.0,0.443,505.7,0.365,119.6,29.66,44.28,0.00,0.00,24.66
2026-08-23T21:44:14Z,4.275,12161.5,0.000,0.0,0.000,0.0,0.455,506.2,0.372,119.3,28.81,40.43,0.00,0.00,24.66
2026-08-23T21:44:15Z,4.610,12173.9,0.000,0.0,0.000,0.0,0.453,505.8,0.370,119.4,27.70,37.00,0.00,0.00,24.66
2026-08-23T21:44:17Z,5.109,12142.2,0.000,0.0,0.000,0.0,0.444,506.2,0.359,119.3,43.21,30.40,0.00,0.00,25.73
2026-08-23T21:44:18Z,4.292,12149.1,0.000,0.0,0.000,0.0,0.447,505.7,0.371,119.3,29.85,37.55,0.00,0.00,25.73
2026-08-23T21:44:19Z,4.315,12148.6,0.000,0.0,0.000,0.0,0.437,505.6,0.358,119.3,26.86,33.25,0.00,0.00,25.73
2026-08-23T21:44:20Z,4.362,12143.3,0.000,0.0,0.000,0.0,0.448,505.7,0.367,119.3,26.36,31.74,0.00,0.00,25.73
2026-08-23T21:44:21Z,4.301,12140.9,0.000,0.0,0.000,0.0,0.436,505.6,0.356,119.2,27.52,28.34,0.00,0.00,25.73
2026-08-23T21:44:22Z,4.140,12137.9,0.000,0.0,0.000,0.0,0.433,505.6,0.363,119.3,26.49,29.60,0.00,0.00,24.55
2026-08-23T21:44:23Z,4.217,12136.9,0.000,0.0,0.000,0.0,0.430,505.9,0.352,119.3,29.42,34.23,0.00,0.00,24.55
2026-08-23T21:44:24Z,4.304,12134.9,0.000,0.0,0.000,0.0,0.437,505.9,0.356,119.5,26.86,41.03,0.00,0.00,24.55
2026-08-23T21:44:25Z,5.056,12136.6,0.000,0.0,0.000,0.0,0.424,505.6,0.357,119.4,24.14,23.89,0.00,0.00,24.55
2026-08-23T21:44:26Z,5.492,12115.2,0.000,0.0,0.000,0.0,0.425,505.7,0.344,119.6,17.79,18.94,0.00,0.00,25.47
2026-08-23T21:44:28Z,5.137,12115.0,0.000,0.0,0.000,0.0,0.450,505.7,0.373,119.3,24.65,23.38,0.00,0.00,25.47
2026-08-23T21:44:29Z,5.200,12154.3,0.000,0.0,0.000,0.0,0.435,505.7,0.350,119.4,24.01,22.48,0.00,0.00,25.47
2026-08-23T21:44:30Z,4.809,12145.7,0.000,0.0,0.000,0.0,0.445,505.9,0.363,119.3,23.10,26.03,0.00,0.00,25.47
2026-08-23T21:44:31Z,3.818,12139.3,0.000,0.0,0.000,0.0,0.441,505.9,0.361,119.3,4.53,35.31,0.00,0.00,25.47
2026-08-23T21:44:32Z,3.654,12163.7,0.000,0.0,0.000,0.0,0.439,505.9,0.363,119.2,5.08,37.05,0.00,0.00,23.67
2026-08-23T21:44:33Z,3.529,12141.0,0.000,0.0,0.000,0.0,0.431,505.7,0.360,119.3,5.64,34.83,0.00,0.00,23.67
2026-08-23T21:44:34Z,3.553,12163.9,0.000,0.0,0.000,0.0,0.431,505.7,0.357,119.3,5.26,40.58,0.00,0.00,23.67
2026-08-23T21:44:35Z,4.307,12135.4,0.000,0.0,0.000,0.0,0.426,505.7,0.351,119.3,8.60,29.65,0.00,0.00,23.67
2026-08-23T21:44:36Z,5.365,12134.3,0.000,0.0,0.000,0.0,0.421,506.0,0.350,119.4,13.26,24.26,0.00,0.00,24.89
2026-08-23T21:44:37Z,4.882,12143.6,0.000,0.0,0.000,0.0,0.449,505.7,0.382,119.3,11.04,22.13,0.00,0.00,24.89
2026-08-23T21:44:38Z,4.589,12126.8,0.000,0.0,0.000,0.0,0.437,505.9,0.360,119.4,12.49,26.74,0.00,0.00,24.89
2026-08-23T21:44:40Z,4.450,12113.9,0.000,0.0,0.000,0.0,0.440,505.9,0.361,119.3,16.61,28.62,0.00,0.00,24.89
2026-08-23T21:44:41Z,4.339,12145.1,0.000,0.0,0.000,0.0,0.441,505.6,0.364,119.3,22.80,31.16,0.00,0.00,24.89
2026-08-23T21:44:42Z,4.472,12141.4,0.000,0.0,0.000,0.0,0.454,505.7,0.368,119.3,17.69,23.09,0.00,0.00,23.70
2026-08-23T21:44:43Z,5.118,12117.1,0.000,0.0,0.000,0.0,0.427,506.1,0.357,119.3,7.14,22.22,0.00,0.00,23.70
2026-08-23T21:44:44Z,4.532,12144.6,0.000,0.0,0.000,0.0,0.432,505.6,0.356,119.3,14.57,31.47,0.00,0.00,23.70
2026-08-23T21:44:45Z,4.667,12126.5,0.000,0.0,0.000,0.0,0.453,505.9,0.375,119.3,14.04,23.63,0.00,0.00,23.70
2026-08-23T21:44:46Z,5.308,12141.3,0.000,0.0,0.000,0.0,0.404,506.0,0.342,119.4,8.30,16.27,0.00,0.00,23.70
2026-08-23T21:44:47Z,4.873,12122.1,0.000,0.0,0.000,0.0,0.438,506.1,0.370,119.3,11.15,20.41,0.00,0.00,23.89
2026-08-23T21:44:48Z,4.875,12143.6,0.000,0.0,0.000,0.0,0.442,505.9,0.358,119.3,10.15,23.63,0.00,0.00,23.89
2026-08-23T21:44:49Z,5.063,12117.5,0.000,0.0,0.000,0.0,0.423,505.9,0.354,119.3,8.43,22.53,0.00,0.00,23.89
2026-08-23T21:44:50Z,4.673,12100.7,0.000,0.0,0.000,0.0,0.432,505.6,0.347,119.3,5.59,21.61,0.00,0.00,23.89
2026-08-23T21:44:52Z,3.659,12114.7,0.000,0.0,0.000,0.0,0.437,505.6,0.357,119.2,5.21,34.01,0.00,0.00,22.45
2026-08-23T21:44:53Z,3.650,12128.8,0.000,0.0,0.000,0.0,0.446,505.6,0.370,119.3,5.59,28.62,0.00,0.00,22.45
2026-08-23T21:44:54Z,3.593,12141.7,0.000,0.0,0.000,0.0,0.424,505.9,0.347,119.4,5.11,27.35,0.00,0.00,22.45
2026-08-23T21:44:55Z,3.700,12109.6,0.000,0.0,0.000,0.0,0.438,505.6,0.356,119.7,4.98,41.47,0.00,0.00,22.45
2026-08-23T21:44:56Z,4.709,12107.3,0.000,0.0,0.000,0.0,0.418,505.9,0.348,119.3,16.29,35.72,0.00,0.00,22.45
2026-08-23T21:44:57Z,4.193,12107.8,0.000,0.0,0.000,0.0,0.447,505.6,0.370,119.3,5.17,27.94,0.00,0.00,22.50
2026-08-23T21:44:58Z,3.539,12122.6,0.000,0.0,0.000,0.0,0.436,505.9,0.352,119.3,4.92,32.83,0.00,0.00,22.50
2026-08-23T21:44:59Z,3.872,12137.6,0.000,0.0,0.000,0.0,0.438,505.6,0.361,119.2,5.01,39.24,0.00,0.00,22.50
2026-08-23T21:45:00Z,3.474,12106.7,0.000,0.0,0.000,0.0,0.430,505.6,0.360,119.3,5.03,37.31,0.00,0.00,22.50
2026-08-23T21:45:01Z,3.498,12121.1,0.000,0.0,0.000,0.0,0.429,505.7,0.357,119.5,5.22,31.91,0.00,0.00,21.50
2026-08-23T21:45:02Z,3.783,12139.0,0.000,0.0,0.000,0.0,0.469,505.7,0.389,119.2,5.56,31.15,0.00,0.00,21.50
2026-08-23T21:45:03Z,3.582,12112.1,0.000,0.0,0.000,0.0,0.446,505.7,0.369,119.3,4.77,28.08,0.00,0.00,21.50
2026-08-23T21:45:05Z,3.504,12128.7,0.000,0.0,0.000,0.0,0.429,505.9,0.353,119.2,5.22,36.74,0.00,0.00,21.50
2026-08-23T21:45:06Z,4.076,12114.8,0.000,0.0,0.000,0.0,0.423,505.7,0.356,119.3,4.78,29.49,0.00,0.00,21.50
2026-08-23T21:45:07Z,4.716,12119.3,0.000,0.0,0.000,0.0,0.458,505.9,0.379,119.3,4.59,23.80,0.00,0.00,21.86
2026-08-23T21:45:08Z,3.466,12139.6,0.000,0.0,0.000,0.0,0.431,505.6,0.356,119.4,4.99,30.73,0.00,0.00,21.86
2026-08-23T21:45:09Z,3.501,12114.0,0.000,0.0,0.000,0.0,0.431,505.6,0.356,119.3,5.06,29.54,0.00,0.00,21.86
2026-08-23T21:45:10Z,3.462,12129.8,0.000,0.0,0.000,0.0,0.431,505.6,0.356,119.5,4.38,26.08,0.00,0.00,21.86
2026-08-23T21:45:11Z,3.471,12114.4,0.000,0.0,0.000,0.0,0.437,505.6,0.358,119.6,4.55,26.48,0.00,0.00,21.86
2026-08-23T21:45:12Z,3.677,12117.9,0.000,0.0,0.000,0.0,0.445,505.9,0.362,119.3,5.62,30.19,0.00,0.00,20.59
2026-08-23T21:45:13Z,3.481,12133.7,0.000,0.0,0.000,0.0,0.435,505.6,0.356,119.3,4.18,31.94,0.00,0.00,20.59
2026-08-23T21:45:14Z,3.542,12106.7,0.000,0.0,0.000,0.0,0.437,505.6,0.359,119.3,4.19,37.91,0.00,0.00,20.59
2026-08-23T21:45:15Z,3.753,12094.4,0.000,0.0,0.000,0.0,0.438,505.7,0.364,119.3,4.16,30.63,0.00,0.00,20.59
2026-08-23T21:45:16Z,4.949,12099.5,0.000,0.0,0.000,0.0,0.448,505.6,0.371,119.3,4.11,24.08,0.00,0.00,19.18
2026-08-23T21:45:18Z,3.557,12118.3,0.000,0.0,0.000,0.0,0.422,505.9,0.351,119.3,4.85,29.83,0.00,0.00,19.18
2026-08-23T21:45:19Z,3.800,12096.4,0.000,0.0,0.000,0.0,0.442,505.6,0.357,119.3,10.94,26.81,0.00,0.00,19.18
2026-08-23T21:45:20Z,4.378,12113.2,0.000,0.0,0.000,0.0,0.437,505.6,0.364,119.4,5.10,22.88,0.00,0.00,19.18
2026-08-23T21:45:21Z,3.800,12130.9,0.000,0.0,0.000,0.0,0.440,505.9,0.359,119.2,5.81,25.92,0.00,0.00,19.18
2026-08-23T21:45:22Z,3.529,12108.7,0.000,0.0,0.000,0.0,0.426,505.6,0.353,119.2,5.85,28.59,0.00,0.00,18.04
2026-08-23T21:45:23Z,3.838,12129.1,0.000,0.0,0.000,0.0,0.419,505.6,0.359,119.3,5.87,28.68,0.00,0.00,18.04
2026-08-23T21:45:24Z,3.963,12105.2,0.000,0.0,0.000,0.0,0.437,505.6,0.360,119.2,5.61,29.37,0.00,0.00,18.04
2026-08-23T21:45:25Z,4.141,12130.1,0.000,0.0,0.000,0.0,0.440,505.6,0.362,119.5,5.53,34.07,0.00,0.00,18.04
2026-08-23T21:45:26Z,5.147,12106.8,0.000,0.0,0.000,0.0,0.431,505.9,0.367,119.3,4.52,37.53,0.00,0.00,19.56
2026-08-23T21:45:27Z,4.577,12122.9,0.000,0.0,0.000,0.0,0.449,505.9,0.386,119.3,5.28,26.53,0.00,0.00,19.56
2026-08-23T21:45:28Z,4.476,12102.4,0.000,0.0,0.000,0.0,0.431,505.7,0.355,119.4,5.29,29.77,0.00,0.00,19.56
2026-08-23T21:45:30Z,4.053,12119.0,0.000,0.0,0.000,0.0,0.436,505.9,0.364,119.3,5.16,24.84,0.00,0.00,19.56
2026-08-23T21:45:31Z,4.989,12084.5,0.000,0.0,0.000,0.0,0.442,505.9,0.359,119.3,6.61,25.52,0.00,0.00,19.56
2026-08-23T21:45:32Z,4.968,12116.4,0.000,0.0,0.000,0.0,0.431,505.9,0.356,119.3,14.87,27.48,0.00,0.00,20.40
2026-08-23T21:45:33Z,4.854,12109.2,0.000,0.0,0.000,0.0,0.437,505.7,0.362,119.2,19.19,35.46,0.00,0.00,20.40
2026-08-23T21:45:34Z,4.576,12105.3,0.000,0.0,0.000,0.0,0.438,505.6,0.371,119.3,22.60,38.59,0.00,0.00,20.40
2026-08-23T21:45:35Z,4.260,12104.9,0.000,0.0,0.000,0.0,0.440,505.7,0.364,119.3,21.00,49.67,0.00,0.00,20.40
2026-08-23T21:45:36Z,5.186,12071.1,0.000,0.0,0.000,0.0,0.445,506.2,0.361,119.3,15.19,34.71,0.00,0.00,20.40
2026-08-23T21:45:37Z,4.596,12092.4,0.000,0.0,0.000,0.0,0.467,506.1,0.386,119.3,21.07,38.50,0.00,0.00,20.69
2026-08-23T21:45:38Z,4.203,12090.6,0.000,0.0,0.000,0.0,0.435,506.1,0.366,119.3,25.96,41.32,0.00,0.00,20.69
2026-08-23T21:45:39Z,4.203,12088.6,0.000,0.0,0.000,0.0,0.442,505.6,0.368,119.6,25.88,42.34,0.00,0.00,20.69
2026-08-23T21:45:41Z,4.273,12083.6,0.000,0.0,0.000,0.0,0.450,505.9,0.368,119.3,24.81,42.27,0.00,0.00,20.69
2026-08-23T21:45:42Z,4.206,12077.2,0.000,0.0,0.000,0.0,0.448,505.7,0.368,119.4,23.59,38.92,0.00,0.00,19.59
2026-08-23T21:45:43Z,4.627,12067.3,0.000,0.0,0.000,0.0,0.446,505.9,0.361,119.2,15.12,36.89,0.00,0.00,19.59
2026-08-23T21:45:44Z,4.881,12090.4,0.000,0.0,0.000,0.0,0.445,505.7,0.367,119.3,10.42,30.19,0.00,0.00,19.59
2026-08-23T21:45:45Z,4.229,12089.0,0.000,0.0,0.000,0.0,0.442,505.6,0.366,119.2,26.58,38.60,0.00,0.00,19.59
2026-08-23T21:45:46Z,5.094,12039.2,0.000,0.0,0.000,0.0,0.432,505.9,0.362,119.3,17.88,37.37,0.00,0.00,19.59
2026-08-23T21:45:47Z,4.379,12077.3,0.000,0.0,0.000,0.0,0.455,505.9,0.370,119.3,25.24,33.12,0.00,0.00,19.54
2026-08-23T21:45:48Z,4.068,12080.8,0.000,0.0,0.000,0.0,0.433,505.6,0.354,119.3,28.41,34.83,0.00,0.00,19.54
2026-08-23T21:45:49Z,4.252,12083.0,0.000,0.0,0.000,0.0,0.440,506.2,0.360,119.3,28.85,33.32,0.00,0.00,19.54
2026-08-23T21:45:50Z,4.246,12088.1,0.000,0.0,0.000,0.0,0.430,505.8,0.360,119.5,31.46,28.21,0.00,0.00,19.54
2026-08-23T21:45:51Z,4.167,12093.6,0.000,0.0,0.000,0.0,0.446,505.9,0.350,119.3,29.79,31.46,0.00,0.00,18.94
2026-08-23T21:45:53Z,4.097,12092.9,0.000,0.0,0.000,0.0,0.435,506.3,0.359,119.5,27.93,27.78,0.00,0.00,18.94
2026-08-23T21:45:54Z,4.200,12095.0,0.000,0.0,0.000,0.0,0.427,505.9,0.348,119.5,30.17,26.35,0.00,0.00,18.94
2026-08-23T21:45:55Z,4.161,12094.6,0.000,0.0,0.000,0.0,0.431,505.6,0.357,119.2,27.71,24.67,0.00,0.00,18.94
2026-08-23T21:45:56Z,4.816,12081.8,0.000,0.0,0.000,0.0,0.435,505.8,0.357,119.4,53.06,28.95,0.00,0.00,18.94
2026-08-23T21:45:57Z,4.563,12054.7,0.000,0.0,0.000,0.0,0.444,505.8,0.366,119.4,121.63,33.17,0.00,0.00,19.82
2026-08-23T21:45:58Z,4.516,12087.7,0.000,0.0,0.000,0.0,0.438,505.8,0.357,119.3,93.03,23.91,0.00,0.00,19.82
2026-08-23T21:45:59Z,4.662,12062.0,0.000,0.0,0.000,0.0,0.422,505.8,0.354,119.4,37.85,28.51,0.00,0.00,19.82
2026-08-23T21:46:00Z,4.519,12074.0,0.000,0.0,0.000,0.0,0.405,505.8,0.351,119.4,29.47,28.64,0.00,0.00,19.82
2026-08-23T21:46:01Z,4.433,12055.0,0.000,0.0,0.000,0.0,0.444,505.8,0.357,119.4,24.78,23.73,0.00,0.00,19.82
2026-08-23T21:46:02Z,4.248,12022.1,0.000,0.0,0.000,0.0,0.437,505.8,0.368,119.3,20.03,24.75,0.00,0.00,19.04
2026-08-23T21:46:03Z,3.529,12032.1,0.000,0.0,0.000,0.0,0.433,505.8,0.367,119.3,6.78,27.06,0.00,0.00,19.04
2026-08-23T21:46:05Z,3.487,12051.2,0.000,0.0,0.000,0.0,0.432,505.7,0.354,119.3,6.52,27.28,0.00,0.00,19.04
2026-08-23T21:46:06Z,3.942,12084.7,0.000,0.0,0.000,0.0,0.427,505.7,0.355,119.3,7.24,33.49,0.00,0.00,19.04
2026-08-23T21:46:07Z,4.865,12047.6,0.000,0.0,0.000,0.0,0.433,505.9,0.377,119.6,5.88,23.71,0.00,0.00,20.40
2026-08-23T21:46:08Z,3.608,12072.3,0.000,0.0,0.000,0.0,0.429,505.9,0.357,119.3,6.39,32.82,0.00,0.00,20.40
2026-08-23T21:46:09Z,3.503,12051.6,0.000,0.0,0.000,0.0,0.432,505.9,0.365,119.3,6.40,28.88,0.00,0.00,20.40
2026-08-23T21:46:10Z,3.372,12073.1,0.000,0.0,0.000,0.0,0.422,505.6,0.354,119.3,5.67,31.09,0.00,0.00,20.40
2026-08-23T21:46:11Z,3.419,12051.1,0.000,0.0,0.000,0.0,0.431,505.6,0.351,119.3,6.54,29.73,0.00,0.00,20.40
2026-08-23T21:46:12Z,3.388,12071.0,0.000,0.0,0.000,0.0,0.424,505.6,0.353,119.2,6.27,28.83,0.00,0.00,19.72
2026-08-23T21:46:13Z,3.626,12050.2,0.000,0.0,0.000,0.0,0.421,505.9,0.355,119.3,8.36,28.63,0.00,0.00,19.72
2026-08-23T21:46:14Z,3.467,12073.5,0.000,0.0,0.000,0.0,0.425,505.6,0.362,119.5,6.62,28.76,0.00,0.00,19.72
2026-08-23T21:46:15Z,3.735,12071.5,0.000,0.0,0.000,0.0,0.418,505.7,0.352,119.3,6.49,34.18,0.00,0.00,19.72
2026-08-23T21:46:17Z,4.781,12038.7,0.000,0.0,0.000,0.0,0.422,505.6,0.356,119.3,6.41,30.60,0.00,0.00,20.63
2026-08-23T21:46:18Z,3.508,12063.5,0.000,0.0,0.000,0.0,0.418,505.6,0.351,119.5,6.21,31.35,0.00,0.00,20.63
2026-08-23T21:46:19Z,3.400,12039.1,0.000,0.0,0.000,0.0,0.412,505.6,0.350,119.3,5.77,24.91,0.00,0.00,20.63
2026-08-23T21:46:20Z,3.521,12056.6,0.000,0.0,0.000,0.0,0.410,505.6,0.350,119.3,6.67,21.49,0.00,0.00,20.63
2026-08-23T21:46:21Z,3.508,12072.5,0.000,0.0,0.000,0.0,0.428,505.9,0.346,119.3,5.86,22.81,0.00,0.00,20.63
2026-08-23T21:46:22Z,3.362,12046.3,0.000,0.0,0.000,0.0,0.405,505.6,0.346,119.2,5.82,24.83,0.00,0.00,19.45
2026-08-23T21:46:23Z,3.553,12064.6,0.000,0.0,0.000,0.0,0.428,505.9,0.356,119.3,5.52,23.19,0.00,0.00,19.45
2026-08-23T21:46:24Z,3.467,12081.0,0.000,0.0,0.000,0.0,0.427,505.6,0.346,119.2,6.36,23.93,0.00,0.00,19.45
2026-08-23T21:46:25Z,3.641,12063.6,0.000,0.0,0.000,0.0,0.431,505.9,0.353,119.3,6.21,24.77,0.00,0.00,19.45
2026-08-23T21:46:26Z,4.805,12050.7,0.000,0.0,0.000,0.0,0.416,506.0,0.358,119.4,5.38,25.30,0.00,0.00,20.30
2026-08-23T21:46:27Z,4.321,12054.5,0.000,0.0,0.000,0.0,0.412,505.7,0.356,119.3,5.56,56.94,0.00,0.00,20.30
2026-08-23T21:46:29Z,4.387,12074.3,0.000,0.0,0.000,0.0,0.423,505.7,0.359,119.3,5.28,22.36,0.00,0.00,20.30
2026-08-23T21:46:30Z,4.295,12049.1,0.000,0.0,0.000,0.0,0.424,506.2,0.356,119.3,4.83,22.47,0.00,0.00,20.30
2026-08-23T21:46:31Z,4.172,12065.1,0.000,0.0,0.000,0.0,0.433,505.7,0.350,119.3,4.50,21.83,0.00,0.00,20.30
2026-08-23T21:46:32Z,3.706,12039.7,0.000,0.0,0.000,0.0,0.418,505.9,0.335,119.3,5.41,25.30,0.00,0.00,18.99
2026-08-23T21:46:33Z,3.398,12057.2,0.000,0.0,0.000,0.0,0.420,506.0,0.355,119.3,5.39,26.22,0.00,0.00,18.99
2026-08-23T21:46:34Z,3.420,12075.1,0.000,0.0,0.000,0.0,0.430,505.7,0.358,119.3,5.42,26.57,0.00,0.00,18.99
2026-08-23T21:46:35Z,3.392,12053.6,0.000,0.0,0.000,0.0,0.434,505.7,0.360,119.3,6.36,25.05,0.00,0.00,18.99
2026-08-23T21:46:36Z,4.710,12045.7,0.000,0.0,0.000,0.0,0.445,505.7,0.364,119.6,6.81,20.75,0.00,0.00,18.99
2026-08-23T21:46:37Z,3.813,12045.3,0.000,0.0,0.000,0.0,0.419,505.7,0.353,119.3,5.59,28.98,0.00,0.00,20.44
2026-08-23T21:46:38Z,3.408,12064.3,0.000,0.0,0.000,0.0,0.433,505.6,0.352,119.3,5.63,26.88,0.00,0.00,20.44
2026-08-23T21:46:39Z,3.376,12038.3,0.000,0.0,0.000,0.0,0.422,506.1,0.351,119.6,5.46,25.39,0.00,0.00,20.44
2026-08-23T21:46:41Z,3.438,12055.4,0.000,0.0,0.000,0.0,0.430,505.6,0.354,119.3,5.14,21.17,0.00,0.00,20.44
2026-08-23T21:46:42Z,3.358,12028.0,0.000,0.0,0.000,0.0,0.425,505.6,0.348,119.3,4.63,21.96,0.00,0.00,19.20
2026-08-23T21:46:43Z,3.383,12046.4,0.000,0.0,0.000,0.0,0.422,505.9,0.346,119.3,5.11,25.91,0.00,0.00,19.20
2026-08-23T21:46:44Z,3.389,12062.9,0.000,0.0,0.000,0.0,0.426,505.6,0.352,119.3,5.52,23.98,0.00,0.00,19.20
2026-08-23T21:46:45Z,3.333,12040.0,0.000,0.0,0.000,0.0,0.437,506.2,0.357,119.4,6.57,22.15,0.00,0.00,19.20
2026-08-23T21:46:46Z,4.383,12028.7,0.000,0.0,0.000,0.0,0.401,505.7,0.334,119.4,5.64,24.23,0.00,0.00,19.20
2026-08-23T21:46:47Z,3.868,12047.3,0.000,0.0,0.000,0.0,0.456,505.9,0.385,119.4,6.45,31.19,0.00,0.00,17.90
2026-08-23T21:46:48Z,3.455,12028.3,0.000,0.0,0.000,0.0,0.412,505.6,0.352,119.3,6.07,25.00,0.00,0.00,17.90
2026-08-23T21:46:49Z,3.772,12050.7,0.000,0.0,0.000,0.0,0.423,505.9,0.334,119.3,7.11,21.89,0.00,0.00,17.90
2026-08-23T21:46:50Z,3.579,12027.1,0.000,0.0,0.000,0.0,0.423,505.9,0.349,119.3,6.27,20.82,0.00,0.00,17.90
2026-08-23T21:46:51Z,4.040,12042.3,0.000,0.0,0.000,0.0,0.425,505.9,0.348,119.2,12.34,24.43,0.00,0.00,17.35
2026-08-23T21:46:52Z,4.355,12047.6,0.000,0.0,0.000,0.0,0.425,505.9,0.353,119.3,24.17,32.43,0.00,0.00,17.35
2026-08-23T21:46:54Z,4.394,12052.4,0.000,0.0,0.000,0.0,0.421,505.6,0.355,119.3,22.60,38.00,0.00,0.00,17.35
2026-08-23T21:46:55Z,4.464,12018.6,0.000,0.0,0.000,0.0,0.430,505.9,0.363,119.3,25.32,35.63,0.00,0.00,17.35
2026-08-23T21:46:56Z,4.804,12025.1,0.000,0.0,0.000,0.0,0.430,505.6,0.344,119.3,22.29,34.00,0.00,0.00,17.35
2026-08-23T21:46:57Z,4.903,12018.9,0.000,0.0,0.000,0.0,0.415,505.7,0.348,119.4,18.10,37.88,0.00,0.00,19.48
2026-08-23T21:46:58Z,4.147,12022.7,0.000,0.0,0.000,0.0,0.450,505.9,0.371,119.3,20.27,44.79,0.00,0.00,19.48
2026-08-23T21:46:59Z,4.706,12025.7,0.000,0.0,0.000,0.0,0.434,505.6,0.363,119.3,22.33,33.20,0.00,0.00,19.48
2026-08-23T21:47:00Z,4.310,12035.9,0.000,0.0,0.000,0.0,0.426,505.6,0.374,119.3,27.67,35.85,0.00,0.00,19.48
2026-08-23T21:47:01Z,4.142,12005.6,0.000,0.0,0.000,0.0,0.459,505.6,0.368,119.3,30.85,40.66,0.00,0.00,19.48
2026-08-23T21:47:02Z,4.177,12016.2,0.000,0.0,0.000,0.0,0.428,505.6,0.365,119.5,26.48,38.29,0.00,0.00,19.36
2026-08-23T21:47:03Z,5.256,12007.0,0.000,0.0,0.000,0.0,0.439,505.9,0.367,119.4,22.08,31.77,0.00,0.00,19.36
2026-08-23T21:47:05Z,5.268,12005.9,0.000,0.0,0.000,0.0,0.441,505.9,0.370,119.3,21.12,28.42,0.00,0.00,19.36
2026-08-23T21:47:06Z,5.590,11977.3,0.000,0.0,0.000,0.0,0.378,506.0,0.312,119.4,24.80,28.01,0.00,0.00,19.36
2026-08-23T21:47:07Z,5.307,12003.4,0.000,0.0,0.000,0.0,0.423,505.7,0.377,119.4,83.28,29.98,0.00,0.00,20.62
2026-08-23T21:47:08Z,4.971,12017.8,0.000,0.0,0.000,0.0,0.440,506.0,0.378,119.7,105.74,39.32,0.00,0.00,20.62
2026-08-23T21:47:09Z,4.984,11988.3,0.000,0.0,0.000,0.0,0.436,506.0,0.366,119.4,24.86,31.13,0.00,0.00,20.62
2026-08-23T21:47:10Z,5.314,12001.1,0.000,0.0,0.000,0.0,0.439,505.8,0.379,119.4,10.63,32.85,0.00,0.00,20.62
2026-08-23T21:47:11Z,5.586,11988.1,0.000,0.0,0.000,0.0,0.415,505.7,0.343,119.4,8.27,32.37,0.00,0.00,20.62
2026-08-23T21:47:12Z,4.616,11995.5,0.000,0.0,0.000,0.0,0.442,505.7,0.372,119.3,24.69,34.92,0.00,0.00,21.37
2026-08-23T21:47:13Z,4.316,12002.4,0.000,0.0,0.000,0.0,0.439,505.7,0.363,119.3,25.67,37.33,0.00,0.00,21.37
2026-08-23T21:47:14Z,4.395,12005.7,0.000,0.0,0.000,0.0,0.438,505.7,0.361,119.4,23.38,29.69,0.00,0.00,21.37
2026-08-23T21:47:16Z,4.737,12014.3,0.000,0.0,0.000,0.0,0.435,505.7,0.357,119.6,22.63,27.39,0.00,0.00,21.37
2026-08-23T21:47:17Z,5.097,11962.9,0.000,0.0,0.000,0.0,0.426,506.2,0.353,119.3,19.25,26.95,0.00,0.00,22.06
2026-08-23T21:47:18Z,4.474,12011.3,0.000,0.0,0.000,0.0,0.456,505.7,0.374,119.3,24.08,39.98,0.00,0.00,22.06
2026-08-23T21:47:19Z,4.600,11977.7,0.000,0.0,0.000,0.0,0.430,505.6,0.349,119.3,26.26,32.37,0.00,0.00,22.06
2026-08-23T21:47:20Z,4.639,11981.8,0.000,0.0,0.000,0.0,0.419,505.7,0.362,119.3,23.99,32.23,0.00,0.00,22.06
2026-08-23T21:47:21Z,4.555,11988.2,0.000,0.0,0.000,0.0,0.446,505.6,0.369,119.3,24.78,30.57,0.00,0.00,22.06
2026-08-23T21:47:22Z,4.418,11996.8,0.000,0.0,0.000,0.0,0.446,505.7,0.359,119.3,26.42,33.99,0.00,0.00,21.33
2026-08-23T21:47:23Z,4.529,12002.0,0.000,0.0,0.000,0.0,0.432,505.7,0.354,119.3,24.89,32.46,0.00,0.00,21.33
2026-08-23T21:47:24Z,4.444,12008.1,0.000,0.0,0.000,0.0,0.438,505.7,0.367,119.4,26.35,33.82,0.00,0.00,21.33
2026-08-23T21:47:25Z,4.759,11977.5,0.000,0.0,0.000,0.0,0.423,505.7,0.345,119.3,22.96,28.51,0.00,0.00,21.33
2026-08-23T21:47:27Z,5.441,11968.7,0.000,0.0,0.000,0.0,0.417,505.7,0.336,119.3,22.20,24.72,0.00,0.00,22.35
2026-08-23T21:47:28Z,5.078,11970.1,0.000,0.0,0.000,0.0,0.432,505.7,0.369,119.4,22.63,32.16,0.00,0.00,22.35
2026-08-23T21:47:29Z,5.120,11967.1,0.000,0.0,0.000,0.0,0.447,505.8,0.367,119.4,18.50,36.58,0.00,0.00,22.35
2026-08-23T21:47:30Z,4.998,11961.9,0.000,0.0,0.000,0.0,0.453,505.7,0.365,119.3,22.15,20.97,0.00,0.00,22.35
2026-08-23T21:47:31Z,4.782,11960.5,0.000,0.0,0.000,0.0,0.419,506.0,0.346,119.4,27.39,21.50,0.00,0.00,22.35
2026-08-23T21:47:32Z,4.485,11996.3,0.000,0.0,0.000,0.0,0.434,505.7,0.361,119.3,27.90,19.99,0.00,0.00,22.24
2026-08-23T21:47:33Z,3.996,11955.6,0.000,0.0,0.000,0.0,0.417,506.2,0.358,119.6,5.62,22.60,0.00,0.00,22.24
2026-08-23T21:47:34Z,3.408,11972.5,0.000,0.0,0.000,0.0,0.426,505.7,0.358,119.3,5.87,28.45,0.00,0.00,22.24
2026-08-23T21:47:35Z,3.564,11999.0,0.000,0.0,0.000,0.0,0.411,505.7,0.341,119.3,6.71,28.77,0.00,0.00,22.24
2026-08-23T21:47:36Z,4.830,11980.9,0.000,0.0,0.000,0.0,0.435,505.7,0.348,119.4,7.11,25.17,0.00,0.00,22.38
2026-08-23T21:47:38Z,3.706,11990.8,0.000,0.0,0.000,0.0,0.429,505.6,0.355,119.4,6.40,27.25,0.00,0.00,22.38
2026-08-23T21:47:39Z,3.375,12009.8,0.000,0.0,0.000,0.0,0.419,505.6,0.353,119.4,6.35,38.38,0.00,0.00,22.38
2026-08-23T21:47:40Z,3.364,11985.3,0.000,0.0,0.000,0.0,0.422,505.6,0.347,119.3,5.63,30.89,0.00,0.00,22.38
2026-08-23T21:47:41Z,3.400,12004.2,0.000,0.0,0.000,0.0,0.422,505.7,0.354,119.3,6.16,30.93,0.00,0.00,22.38
2026-08-23T21:47:42Z,3.363,12022.5,0.000,0.0,0.000,0.0,0.427,505.8,0.353,119.3,6.11,30.09,0.00,0.00,21.71
2026-08-23T21:47:43Z,3.389,12000.0,0.000,0.0,0.000,0.0,0.419,505.6,0.356,119.3,6.04,31.98,0.00,0.00,21.71
2026-08-23T21:47:44Z,3.368,12015.9,0.000,0.0,0.000,0.0,0.420,505.9,0.347,119.3,5.68,31.00,0.00,0.00,21.71
2026-08-23T21:47:45Z,3.491,11995.5,0.000,0.0,0.000,0.0,0.434,505.6,0.354,119.3,6.05,31.63,0.00,0.00,21.71
2026-08-23T21:47:46Z,4.868,12008.1,0.000,0.0,0.000,0.0,0.451,505.7,0.367,119.3,5.96,21.86,0.00,0.00,21.71
2026-08-23T21:47:47Z,3.672,11984.4,0.000,0.0,0.000,0.0,0.440,505.6,0.367,119.3,6.27,25.39,0.00,0.00,22.93
2026-08-23T21:47:48Z,3.457,12007.6,0.000,0.0,0.000,0.0,0.420,505.9,0.351,119.3,6.27,38.84,0.00,0.00,22.93
2026-08-23T21:47:50Z,3.580,12024.1,0.000,0.0,0.000,0.0,0.417,505.6,0.345,119.3,6.25,25.16,0.00,0.00,22.93
2026-08-23T21:47:51Z,3.437,11995.1,0.000,0.0,0.000,0.0,0.420,506.4,0.344,119.3,5.78,21.36,0.00,0.00,22.93
2026-08-23T21:47:52Z,3.400,12008.1,0.000,0.0,0.000,0.0,0.412,506.1,0.350,119.2,5.81,21.13,0.00,0.00,21.90
2026-08-23T21:47:53Z,3.363,12021.7,0.000,0.0,0.000,0.0,0.412,505.7,0.355,119.3,6.15,21.48,0.00,0.00,21.90
2026-08-23T21:47:54Z,3.545,11993.6,0.000,0.0,0.000,0.0,0.412,505.8,0.347,119.3,6.08,21.90,0.00,0.00,21.90
2026-08-23T21:47:55Z,3.474,12007.7,0.000,0.0,0.000,0.0,0.426,505.6,0.354,119.3,6.22,22.02,0.00,0.00,21.90
2026-08-23T21:47:56Z,4.744,11979.9,0.000,0.0,0.000,0.0,0.427,505.6,0.345,119.4,5.89,18.79,0.00,0.00,21.90
2026-08-23T21:47:57Z,3.726,11996.1,0.000,0.0,0.000,0.0,0.441,505.6,0.365,119.3,5.87,21.01,0.00,0.00,21.99
2026-08-23T21:47:58Z,3.392,12008.3,0.000,0.0,0.000,0.0,0.416,505.6,0.339,119.4,6.00,29.28,0.00,0.00,21.99
2026-08-23T21:47:59Z,3.573,11985.0,0.000,0.0,0.000,0.0,0.420,506.4,0.349,119.3,6.02,35.06,0.00,0.00,21.99
2026-08-23T21:48:00Z,3.357,12001.1,0.000,0.0,0.000,0.0,0.417,505.9,0.352,119.3,6.81,24.31,0.00,0.00,21.99
2026-08-23T21:48:02Z,3.376,11973.5,0.000,0.0,0.000,0.0,0.431,505.6,0.356,119.3,6.15,22.30,0.00,0.00,21.43
2026-08-23T21:48:03Z,3.346,11987.7,0.000,0.0,0.000,0.0,0.413,505.9,0.347,119.3,6.64,23.03,0.00,0.00,21.43
2026-08-23T21:48:04Z,3.368,12005.0,0.000,0.0,0.000,0.0,0.433,505.6,0.363,119.3,6.88,24.14,0.00,0.00,21.43
2026-08-23T21:48:05Z,3.318,11977.5,0.000,0.0,0.000,0.0,0.396,505.9,0.343,119.3,6.59,22.84,0.00,0.00,21.43
2026-08-23T21:48:06Z,4.424,11968.9,0.000,0.0,0.000,0.0,0.418,505.9,0.350,119.3,6.17,19.55,0.00,0.00,21.43
2026-08-23T21:48:07Z,3.795,11967.3,0.000,0.0,0.000,0.0,0.437,505.9,0.360,119.3,7.15,19.56,0.00,0.00,20.67
2026-08-23T21:48:08Z,3.297,11984.4,0.000,0.0,0.000,0.0,0.418,505.9,0.345,119.3,7.01,24.71,0.00,0.00,20.67
2026-08-23T21:48:09Z,3.318,11999.4,0.000,0.0,0.000,0.0,0.424,505.6,0.351,119.3,5.88,30.45,0.00,0.00,20.67
2026-08-23T21:48:10Z,3.297,11970.9,0.000,0.0,0.000,0.0,0.426,505.6,0.351,119.6,5.44,22.59,0.00,0.00,20.67
2026-08-23T21:48:11Z,3.312,11985.1,0.000,0.0,0.000,0.0,0.412,505.6,0.341,119.2,5.66,23.53,0.00,0.00,20.62
2026-08-23T21:48:12Z,3.273,11998.5,0.000,0.0,0.000,0.0,0.425,505.6,0.345,119.5,5.23,23.62,0.00,0.00,20.62
2026-08-23T21:48:14Z,3.347,11970.3,0.000,0.0,0.000,0.0,0.418,505.9,0.344,119.3,5.11,23.31,0.00,0.00,20.62
2026-08-23T21:48:15Z,3.340,11982.6,0.000,0.0,0.000,0.0,0.424,505.6,0.348,119.3,4.91,21.79,0.00,0.00,20.62
2026-08-23T21:48:16Z,4.083,11966.4,0.000,0.0,0.000,0.0,0.420,505.6,0.345,119.3,5.95,24.53,0.00,0.00,20.62
2026-08-23T21:48:17Z,4.316,11974.9,0.000,0.0,0.000,0.0,0.447,505.9,0.369,119.3,7.83,20.10,0.00,0.00,20.41
2026-08-23T21:48:18Z,3.381,11950.7,0.000,0.0,0.000,0.0,0.435,505.9,0.350,119.3,8.37,24.29,0.00,0.00,20.41
2026-08-23T21:48:19Z,3.372,11966.9,0.000,0.0,0.000,0.0,0.426,505.9,0.351,119.3,6.16,31.20,0.00,0.00,20.41
2026-08-23T21:48:20Z,3.477,11982.3,0.000,0.0,0.000,0.0,0.418,505.9,0.350,119.3,6.24,24.98,0.00,0.00,20.41
2026-08-23T21:48:21Z,3.400,11955.3,0.000,0.0,0.000,0.0,0.421,505.9,0.344,119.2,6.32,22.48,0.00,0.00,20.41
2026-08-23T21:48:22Z,3.280,11970.5,0.000,0.0,0.000,0.0,0.414,505.9,0.341,119.6,6.16,20.42,0.00,0.00,20.30
2026-08-23T21:48:23Z,3.394,11985.9,0.000,0.0,0.000,0.0,0.424,505.9,0.344,119.3,5.79,21.63,0.00,0.00,20.30
2026-08-23T21:48:24Z,3.497,11958.9,0.000,0.0,0.000,0.0,0.441,505.7,0.362,119.3,5.84,19.95,0.00,0.00,20.30
2026-08-23T21:48:26Z,4.050,11988.9,0.000,0.0,0.000,0.0,0.426,505.7,0.354,119.4,5.97,20.88,0.00,0.00,20.30
2026-08-23T21:48:27Z,5.174,11952.3,0.000,0.0,0.000,0.0,0.442,505.8,0.356,119.4,6.42,16.51,0.00,0.00,21.95
2026-08-23T21:48:28Z,4.504,11974.4,0.000,0.0,0.000,0.0,0.462,506.2,0.375,119.3,5.50,23.06,0.00,0.00,21.95
2026-08-23T21:48:29Z,4.454,11951.6,0.000,0.0,0.000,0.0,0.433,505.9,0.348,119.6,5.98,31.31,0.00,0.00,21.95
2026-08-23T21:48:30Z,3.894,11970.7,0.000,0.0,0.000,0.0,0.415,505.9,0.353,119.3,5.72,38.80,0.00,0.00,21.95
2026-08-23T21:48:31Z,3.262,11943.1,0.000,0.0,0.000,0.0,0.415,505.7,0.346,119.3,5.39,26.17,0.00,0.00,21.95
2026-08-23T21:48:32Z,3.325,11961.4,0.000,0.0,0.000,0.0,0.417,505.7,0.348,119.3,5.65,29.76,0.00,0.00,21.48
2026-08-23T21:48:33Z,4.178,11938.6,0.000,0.0,0.000,0.0,0.426,505.7,0.342,119.3,13.32,23.18,0.00,0.00,21.48
2026-08-23T21:48:34Z,4.161,11935.8,0.000,0.0,0.000,0.0,0.446,505.7,0.365,119.3,21.35,31.12,0.00,0.00,21.48
2026-08-23T21:48:35Z,4.289,11948.7,0.000,0.0,0.000,0.0,0.428,505.7,0.343,119.6,25.68,34.15,0.00,0.00,21.48
2026-08-23T21:48:36Z,5.124,11934.8,0.000,0.0,0.000,0.0,0.449,505.7,0.373,119.3,19.38,26.83,0.00,0.00,21.28
2026-08-23T21:48:38Z,4.139,11944.3,0.000,0.0,0.000,0.0,0.439,505.6,0.356,119.3,27.16,36.87,0.00,0.00,21.28
2026-08-23T21:48:39Z,4.042,11951.5,0.000,0.0,0.000,0.0,0.443,505.6,0.353,119.4,27.60,35.29,0.00,0.00,21.28
2026-08-23T21:48:40Z,3.908,11955.8,0.000,0.0,0.000,0.0,0.429,505.6,0.358,119.3,26.74,38.46,0.00,0.00,21.28
2026-08-23T21:48:41Z,3.853,11960.1,0.000,0.0,0.000,0.0,0.434,505.7,0.356,119.4,26.64,28.79,0.00,0.00,21.28
2026-08-23T21:48:42Z,3.787,11931.7,0.000,0.0,0.000,0.0,0.428,505.6,0.360,119.3,26.84,28.13,0.00,0.00,21.58
2026-08-23T21:48:43Z,3.922,11929.2,0.000,0.0,0.000,0.0,0.443,505.6,0.365,119.3,28.93,32.89,0.00,0.00,21.58
2026-08-23T21:48:44Z,3.978,11939.6,0.000,0.0,0.000,0.0,0.429,505.6,0.355,119.2,30.94,34.31,0.00,0.00,21.58
2026-08-23T21:48:45Z,4.069,11953.7,0.000,0.0,0.000,0.0,0.436,505.6,0.357,119.3,29.51,33.69,0.00,0.00,21.58
2026-08-23T21:48:46Z,5.024,11938.3,0.000,0.0,0.000,0.0,0.456,505.7,0.378,119.4,19.72,24.44,0.00,0.00,21.58
2026-08-23T21:48:47Z,4.134,11945.1,0.000,0.0,0.000,0.0,0.432,505.6,0.358,119.3,27.75,33.61,0.00,0.00,22.17
2026-08-23T21:48:48Z,4.113,11954.5,0.000,0.0,0.000,0.0,0.436,505.6,0.364,119.3,30.80,33.78,0.00,0.00,22.17
2026-08-23T21:48:50Z,4.164,11923.4,0.000,0.0,0.000,0.0,0.417,505.6,0.356,119.3,29.34,42.70,0.00,0.00,22.17
2026-08-23T21:48:51Z,4.164,11930.7,0.000,0.0,0.000,0.0,0.434,505.6,0.362,119.3,29.27,36.10,0.00,0.00,22.17
2026-08-23T21:48:52Z,4.688,11918.8,0.000,0.0,0.000,0.0,0.414,505.6,0.349,119.3,12.88,33.18,0.00,0.00,22.08
2026-08-23T21:48:53Z,4.436,11920.7,0.000,0.0,0.000,0.0,0.429,505.7,0.361,119.3,25.22,35.33,0.00,0.00,22.08
2026-08-23T21:48:54Z,4.107,11928.1,0.000,0.0,0.000,0.0,0.426,505.6,0.357,119.2,31.46,34.87,0.00,0.00,22.08
2026-08-23T21:48:55Z,4.149,11934.3,0.000,0.0,0.000,0.0,0.445,505.6,0.360,119.3,29.27,34.42,0.00,0.00,22.08
2026-08-23T21:48:56Z,5.055,11938.6,0.000,0.0,0.000,0.0,0.431,505.6,0.364,119.3,20.34,21.87,0.00,0.00,22.08
2026-08-23T21:48:57Z,4.361,11923.6,0.000,0.0,0.000,0.0,0.419,505.6,0.354,119.3,27.58,21.09,0.00,0.00,21.67
2026-08-23T21:48:58Z,4.139,11931.3,0.000,0.0,0.000,0.0,0.434,505.6,0.357,119.3,31.73,28.55,0.00,0.00,21.67
2026-08-23T21:48:59Z,4.320,11933.0,0.000,0.0,0.000,0.0,0.428,505.6,0.355,119.3,30.57,23.59,0.00,0.00,21.67
2026-08-23T21:49:00Z,3.998,11934.9,0.000,0.0,0.000,0.0,0.431,505.9,0.360,119.6,30.33,34.45,0.00,0.00,21.67
2026-08-23T21:49:02Z,4.011,11935.2,0.000,0.0,0.000,0.0,0.431,505.6,0.357,119.2,29.94,33.49,0.00,0.00,21.46
2026-08-23T21:49:03Z,4.008,11938.7,0.000,0.0,0.000,0.0,0.427,505.8,0.362,119.2,32.14,25.39,0.00,0.00,21.46
2026-08-23T21:49:04Z,4.054,11939.5,0.000,0.0,0.000,0.0,0.433,505.9,0.354,119.3,30.20,24.70,0.00,0.00,21.46
2026-08-23T21:49:05Z,4.079,11912.7,0.000,0.0,0.000,0.0,0.423,505.6,0.351,119.2,26.65,23.60,0.00,0.00,21.46
2026-08-23T21:49:06Z,4.387,11900.2,0.000,0.0,0.000,0.0,0.439,505.6,0.362,119.3,14.48,25.71,0.00,0.00,21.46
2026-08-23T21:49:07Z,4.373,11907.4,0.000,0.0,0.000,0.0,0.436,506.2,0.362,119.4,5.49,21.51,0.00,0.00,22.54
2026-08-23T21:49:08Z,3.456,11924.2,0.000,0.0,0.000,0.0,0.440,505.9,0.371,119.4,5.89,27.67,0.00,0.00,22.54
2026-08-23T21:49:09Z,3.344,11940.1,0.000,0.0,0.000,0.0,0.428,506.2,0.358,119.4,5.35,24.27,0.00,0.00,22.54
2026-08-23T21:49:10Z,3.365,11915.4,0.000,0.0,0.000,0.0,0.428,505.7,0.358,119.4,6.72,36.18,0.00,0.00,22.54
2026-08-23T21:49:11Z,3.330,11933.4,0.000,0.0,0.000,0.0,0.425,505.9,0.346,119.3,6.62,29.44,0.00,0.00,22.54
2026-08-23T21:49:12Z,3.229,11910.4,0.000,0.0,0.000,0.0,0.415,506.0,0.345,119.4,6.55,30.47,0.00,0.00,22.66
2026-08-23T21:49:13Z,3.389,11928.9,0.000,0.0,0.000,0.0,0.432,505.7,0.361,119.4,5.97,30.09,0.00,0.00,22.66
2026-08-23T21:49:15Z,3.303,11902.8,0.000,0.0,0.000,0.0,0.426,505.7,0.354,119.3,5.59,27.48,0.00,0.00,22.66
2026-08-23T21:49:16Z,4.086,11931.4,0.000,0.0,0.000,0.0,0.427,505.8,0.361,119.4,5.85,27.09,0.00,0.00,22.66
2026-08-23T21:49:17Z,4.192,11900.6,0.000,0.0,0.000,0.0,0.430,505.8,0.357,119.3,6.27,26.91,0.00,0.00,21.88
2026-08-23T21:49:18Z,3.500,11924.4,0.000,0.0,0.000,0.0,0.429,505.9,0.361,119.3,8.06,31.80,0.00,0.00,21.88
2026-08-23T21:49:19Z,3.441,11903.4,0.000,0.0,0.000,0.0,0.423,505.6,0.350,119.3,6.85,30.67,0.00,0.00,21.88
2026-08-23T21:49:20Z,3.539,11923.6,0.000,0.0,0.000,0.0,0.415,505.6,0.357,119.3,6.16,31.57,0.00,0.00,21.88
2026-08-23T21:49:21Z,3.457,11944.7,0.000,0.0,0.000,0.0,0.432,505.9,0.348,119.3,6.59,35.15,0.00,0.00,21.88
2026-08-23T21:49:22Z,3.338,11925.9,0.000,0.0,0.000,0.0,0.417,505.6,0.339,119.3,6.92,36.67,0.00,0.00,20.69
2026-08-23T21:49:23Z,3.414,11913.1,0.000,0.0,0.000,0.0,0.431,506.2,0.352,119.3,7.02,37.96,0.00,0.00,20.69
2026-08-23T21:49:24Z,3.520,11935.3,0.000,0.0,0.000,0.0,0.430,505.6,0.356,119.3,6.83,31.98,0.00,0.00,20.69
2026-08-23T21:49:25Z,3.671,11925.8,0.000,0.0,0.000,0.0,0.434,505.6,0.365,119.3,7.62,31.93,0.00,0.00,20.69
2026-08-23T21:49:26Z,4.990,11898.3,0.000,0.0,0.000,0.0,0.444,505.7,0.370,119.3,6.28,22.37,0.00,0.00,21.36
2026-08-23T21:49:28Z,4.103,11922.2,0.000,0.0,0.000,0.0,0.441,505.7,0.366,119.3,5.22,26.14,0.00,0.00,21.36
2026-08-23T21:49:29Z,3.548,11906.2,0.000,0.0,0.000,0.0,0.428,505.7,0.365,119.4,5.88,31.25,0.00,0.00,21.36
2026-08-23T21:49:30Z,3.642,11929.8,0.000,0.0,0.000,0.0,0.431,505.9,0.349,119.2,5.47,28.27,0.00,0.00,21.36
2026-08-23T21:49:31Z,4.182,11911.3,0.000,0.0,0.000,0.0,0.439,505.9,0.359,119.3,5.58,32.22,0.00,0.00,21.36
2026-08-23T21:49:32Z,4.062,11934.3,0.000,0.0,0.000,0.0,0.426,505.6,0.353,119.2,5.59,38.02,0.00,0.00,21.57
2026-08-23T21:49:33Z,4.223,11889.2,0.000,0.0,0.000,0.0,0.422,505.9,0.344,119.3,6.30,31.29,0.00,0.00,21.57
2026-08-23T21:49:34Z,4.360,11913.6,0.000,0.0,0.000,0.0,0.442,505.9,0.365,119.6,20.67,30.64,0.00,0.00,21.57
2026-08-23T21:49:35Z,4.211,11922.4,0.000,0.0,0.000,0.0,0.417,505.9,0.359,119.2,25.09,32.34,0.00,0.00,21.57
2026-08-23T21:49:36Z,4.991,11890.4,0.000,0.0,0.000,0.0,0.435,505.7,0.360,119.4,20.14,25.55,0.00,0.00,21.57
2026-08-23T21:49:37Z,4.465,11919.4,0.000,0.0,0.000,0.0,0.428,505.9,0.367,119.3,25.37,30.16,0.00,0.00,22.33
2026-08-23T21:49:38Z,4.091,11890.8,0.000,0.0,0.000,0.0,0.427,505.6,0.358,119.3,29.59,32.93,0.00,0.00,22.33
2026-08-23T21:49:40Z,4.029,11901.8,0.000,0.0,0.000,0.0,0.423,506.1,0.358,119.2,30.85,32.96,0.00,0.00,22.33
2026-08-23T21:49:41Z,3.983,11913.6,0.000,0.0,0.000,0.0,0.433,505.7,0.358,119.3,31.76,39.33,0.00,0.00,22.33
2026-08-23T21:49:42Z,3.991,11886.2,0.000,0.0,0.000,0.0,0.433,505.8,0.354,119.5,31.62,32.92,0.00,0.00,21.26
2026-08-23T21:49:43Z,3.992,11898.5,0.000,0.0,0.000,0.0,0.428,505.6,0.356,119.3,32.84,30.84,0.00,0.00,21.26
2026-08-23T21:49:44Z,4.018,11907.9,0.000,0.0,0.000,0.0,0.438,505.9,0.361,119.3,31.18,31.42,0.00,0.00,21.26
2026-08-23T21:49:45Z,4.068,11874.6,0.000,0.0,0.000,0.0,0.439,505.6,0.371,119.3,30.29,27.84,0.00,0.00,21.26
2026-08-23T21:49:46Z,4.969,11888.2,0.000,0.0,0.000,0.0,0.447,506.0,0.354,119.4,21.78,26.62,0.00,0.00,21.26
2026-08-23T21:49:47Z,4.336,11878.0,0.000,0.0,0.000,0.0,0.435,505.6,0.363,119.3,25.87,33.82,0.00,0.00,20.12
2026-08-23T21:49:48Z,4.073,11889.1,0.000,0.0,0.000,0.0,0.437,505.7,0.368,119.3,31.68,35.46,0.00,0.00,20.12
2026-08-23T21:49:49Z,4.145,11899.7,0.000,0.0,0.000,0.0,0.435,505.9,0.348,119.3,32.57,34.40,0.00,0.00,20.12
2026-08-23T21:49:50Z,4.060,11904.8,0.000,0.0,0.000,0.0,0.438,506.1,0.360,119.2,29.03,28.11,0.00,0.00,20.12
2026-08-23T21:49:52Z,3.862,11898.5,0.000,0.0,0.000,0.0,0.432,505.8,0.356,119.3,28.57,35.95,0.00,0.00,19.15
2026-08-23T21:49:53Z,3.743,11876.5,0.000,0.0,0.000,0.0,0.423,506.1,0.358,119.3,28.93,30.06,0.00,0.00,19.15
2026-08-23T21:49:54Z,4.053,11880.8,0.000,0.0,0.000,0.0,0.447,505.6,0.365,119.3,25.41,32.46,0.00,0.00,19.15
2026-08-23T21:49:55Z,4.146,11883.2,0.000,0.0,0.000,0.0,0.417,505.9,0.351,119.3,24.21,27.30,0.00,0.00,19.15
2026-08-23T21:49:56Z,5.100,11879.5,0.000,0.0,0.000,0.0,0.419,505.9,0.346,119.4,10.91,22.17,0.00,0.00,19.15
2026-08-23T21:49:57Z,4.835,11859.5,0.000,0.0,0.000,0.0,0.462,505.9,0.379,119.3,19.90,23.02,0.00,0.00,20.90
2026-08-23T21:49:58Z,4.083,11868.3,0.000,0.0,0.000,0.0,0.437,505.6,0.362,119.3,31.40,36.50,0.00,0.00,20.90
2026-08-23T21:49:59Z,4.240,11873.6,0.000,0.0,0.000,0.0,0.432,505.6,0.366,119.3,30.48,29.29,0.00,0.00,20.90
2026-08-23T21:50:00Z,4.026,11878.9,0.000,0.0,0.000,0.0,0.424,505.9,0.355,119.4,32.26,23.45,0.00,0.00,20.90
2026-08-23T21:50:01Z,4.147,11878.9,0.000,0.0,0.000,0.0,0.463,505.9,0.380,119.3,29.29,30.02,0.00,0.00,21.95
2026-08-23T21:50:02Z,3.910,11877.9,0.000,0.0,0.000,0.0,0.450,505.7,0.369,119.4,26.84,30.16,0.00,0.00,21.95
2026-08-23T21:50:04Z,3.928,11876.5,0.000,0.0,0.000,0.0,0.442,505.6,0.360,119.5,29.34,21.69,0.00,0.00,21.95
2026-08-23T21:50:05Z,3.982,11873.9,0.000,0.0,0.000,0.0,0.461,505.6,0.370,119.6,27.62,18.62,0.00,0.00,21.95
2026-08-23T21:50:06Z,5.022,11858.5,0.000,0.0,0.000,0.0,0.433,505.7,0.357,119.3,20.27,14.65,0.00,0.00,21.95
2026-08-23T21:50:07Z,5.263,11847.7,0.000,0.0,0.000,0.0,0.443,505.7,0.364,119.4,23.78,13.73,0.00,0.00,23.55
2026-08-23T21:50:08Z,4.880,11853.5,0.000,0.0,0.000,0.0,0.462,505.6,0.387,119.3,33.64,17.28,0.00,0.00,23.55
2026-08-23T21:50:09Z,4.754,11863.2,0.000,0.0,0.000,0.0,0.432,505.7,0.364,119.3,37.53,19.95,0.00,0.00,23.55
2026-08-23T21:50:10Z,4.717,11872.3,0.000,0.0,0.000,0.0,0.434,505.7,0.367,119.3,38.17,20.30,0.00,0.00,23.55
2026-08-23T21:50:11Z,4.732,11833.5,0.000,0.0,0.000,0.0,0.441,505.7,0.358,119.3,17.84,18.86,0.00,0.00,23.55
2026-08-23T21:50:12Z,4.262,11859.5,0.000,0.0,0.000,0.0,0.445,505.9,0.364,119.3,20.01,32.39,0.00,0.00,22.95
2026-08-23T21:50:13Z,4.300,11851.1,0.000,0.0,0.000,0.0,0.436,505.7,0.358,119.3,18.09,32.63,0.00,0.00,22.95
2026-08-23T21:50:14Z,4.569,11878.6,0.000,0.0,0.000,0.0,0.444,506.0,0.366,119.3,15.36,30.19,0.00,0.00,22.95
2026-08-23T21:50:16Z,4.708,11880.2,0.000,0.0,0.000,0.0,0.434,505.7,0.359,119.2,20.92,29.20,0.00,0.00,22.95
2026-08-23T21:50:17Z,5.144,11874.4,0.000,0.0,0.000,0.0,0.453,505.7,0.373,119.4,11.86,26.85,0.00,0.00,23.83
2026-08-23T21:50:18Z,4.559,11889.3,0.000,0.0,0.000,0.0,0.432,505.8,0.359,119.3,21.33,23.41,0.00,0.00,23.83
2026-08-23T21:50:19Z,4.687,11878.2,0.000,0.0,0.000,0.0,0.435,505.9,0.356,119.4,16.97,23.18,0.00,0.00,23.83
2026-08-23T21:50:20Z,4.960,11858.2,0.000,0.0,0.000,0.0,0.428,506.1,0.357,119.5,11.07,20.46,0.00,0.00,23.83
2026-08-23T21:50:21Z,4.674,11882.4,0.000,0.0,0.000,0.0,0.428,505.6,0.358,119.5,13.79,21.98,0.00,0.00,23.83
2026-08-23T21:50:22Z,4.826,11864.2,0.000,0.0,0.000,0.0,0.412,506.1,0.347,119.3,10.83,31.06,0.00,0.00,23.20
2026-08-23T21:50:23Z,4.526,11845.0,0.000,0.0,0.000,0.0,0.423,505.9,0.344,119.3,6.23,21.28,0.00,0.00,23.20
2026-08-23T21:50:24Z,3.499,11858.5,0.000,0.0,0.000,0.0,0.430,505.6,0.353,119.3,5.58,26.86,0.00,0.00,23.20
2026-08-23T21:50:25Z,3.685,11881.0,0.000,0.0,0.000,0.0,0.426,505.6,0.357,119.2,5.19,25.93,0.00,0.00,23.20
2026-08-23T21:50:26Z,5.138,11844.2,0.000,0.0,0.000,0.0,0.455,506.2,0.382,119.3,4.63,15.89,0.00,0.00,24.23
2026-08-23T21:50:28Z,4.398,11862.0,0.000,0.0,0.000,0.0,0.444,505.7,0.359,119.3,5.24,24.51,0.00,0.00,24.23
2026-08-23T21:50:29Z,4.401,11879.3,0.000,0.0,0.000,0.0,0.432,505.9,0.358,119.3,5.81,28.67,0.00,0.00,24.23
2026-08-23T21:50:30Z,4.267,11853.8,0.000,0.0,0.000,0.0,0.422,505.6,0.354,119.2,5.21,25.33,0.00,0.00,24.23
2026-08-23T21:50:31Z,3.796,11869.7,0.000,0.0,0.000,0.0,0.431,506.3,0.357,119.5,5.17,26.67,0.00,0.00,24.23
2026-08-23T21:50:32Z,3.320,11885.0,0.000,0.0,0.000,0.0,0.431,506.0,0.349,119.5,5.15,35.68,0.00,0.00,23.17
2026-08-23T21:50:33Z,3.403,11858.6,0.000,0.0,0.000,0.0,0.445,505.8,0.367,119.8,4.88,34.62,0.00,0.00,23.17
2026-08-23T21:50:34Z,3.393,11873.0,0.000,0.0,0.000,0.0,0.436,506.0,0.359,119.7,4.64,27.70,0.00,0.00,23.17
2026-08-23T21:50:35Z,3.417,11851.2,0.000,0.0,0.000,0.0,0.429,505.8,0.356,119.7,5.08,26.64,0.00,0.00,23.17
2026-08-23T21:50:36Z,4.902,11859.8,0.000,0.0,0.000,0.0,0.449,505.8,0.368,119.5,4.51,18.62,0.00,0.00,23.17
2026-08-23T21:50:37Z,3.520,11874.8,0.000,0.0,0.000,0.0,0.425,505.7,0.353,119.4,4.89,25.62,0.00,0.00,22.60
2026-08-23T21:50:38Z,3.353,11850.6,0.000,0.0,0.000,0.0,0.433,505.8,0.357,119.5,5.37,27.18,0.00,0.00,22.60
2026-08-23T21:50:40Z,3.369,11865.9,0.000,0.0,0.000,0.0,0.428,505.7,0.353,119.4,5.36,28.74,0.00,0.00,22.60
2026-08-23T21:50:41Z,3.340,11880.3,0.000,0.0,0.000,0.0,0.441,506.2,0.362,119.4,5.41,29.36,0.00,0.00,22.60
2026-08-23T21:50:42Z,3.345,11860.6,0.000,0.0,0.000,0.0,0.428,505.9,0.358,119.3,5.70,33.01,0.00,0.00,21.51
2026-08-23T21:50:43Z,3.343,11877.7,0.000,0.0,0.000,0.0,0.425,505.6,0.347,119.3,5.35,40.33,0.00,0.00,21.51
2026-08-23T21:50:44Z,3.328,11853.1,0.000,0.0,0.000,0.0,0.430,505.6,0.358,119.4,5.77,30.10,0.00,0.00,21.51
2026-08-23T21:50:45Z,3.373,11869.0,0.000,0.0,0.000,0.0,0.431,505.6,0.354,119.5,5.21,30.89,0.00,0.00,21.51
2026-08-23T21:50:46Z,4.691,11842.3,0.000,0.0,0.000,0.0,0.424,505.7,0.352,119.4,5.21,23.56,0.00,0.00,21.51
2026-08-23T21:50:47Z,3.723,11859.5,0.000,0.0,0.000,0.0,0.446,505.9,0.366,119.6,4.96,27.68,0.00,0.00,20.83
2026-08-23T21:50:48Z,3.354,11835.1,0.000,0.0,0.000,0.0,0.423,505.6,0.355,119.3,5.59,26.96,0.00,0.00,20.83
2026-08-23T21:50:49Z,3.486,11849.2,0.000,0.0,0.000,0.0,0.428,505.6,0.354,119.6,5.99,24.81,0.00,0.00,20.83
2026-08-23T21:50:50Z,3.555,11862.5,0.000,0.0,0.000,0.0,0.425,505.6,0.353,119.2,6.50,24.22,0.00,0.00,20.83
2026-08-23T21:50:51Z,3.414,11876.1,0.000,0.0,0.000,0.0,0.437,505.9,0.359,119.3,6.90,22.84,0.00,0.00,20.12
2026-08-23T21:50:53Z,3.356,11847.9,0.000,0.0,0.000,0.0,0.423,505.9,0.354,119.5,5.60,29.78,0.00,0.00,20.12
2026-08-23T21:50:54Z,3.454,11861.8,0.000,0.0,0.000,0.0,0.425,505.9,0.352,119.3,6.59,23.87,0.00,0.00,20.12
2026-08-23T21:50:55Z,3.641,11835.1,0.000,0.0,0.000,0.0,0.455,505.9,0.380,119.2,5.99,19.01,0.00,0.00,20.12
2026-08-23T21:50:56Z,4.436,11863.5,0.000,0.0,0.000,0.0,0.435,505.7,0.354,119.3,5.55,18.62,0.00,0.00,20.12
2026-08-23T21:50:57Z,4.284,11859.3,0.000,0.0,0.000,0.0,0.437,505.7,0.365,119.3,6.04,18.36,0.00,0.00,20.11
2026-08-23T21:50:58Z,3.429,11833.1,0.000,0.0,0.000,0.0,0.435,505.9,0.356,119.3,6.01,21.81,0.00,0.00,20.11
2026-08-23T21:50:59Z,3.663,11847.0,0.000,0.0,0.000,0.0,0.437,505.6,0.355,119.3,6.35,18.86,0.00,0.00,20.11
2026-08-23T21:51:00Z,3.517,11862.5,0.000,0.0,0.000,0.0,0.435,505.9,0.355,119.2,6.60,22.45,0.00,0.00,20.11
2026-08-23T21:51:01Z,3.498,11836.0,0.000,0.0,0.000,0.0,0.452,505.7,0.370,119.5,6.72,23.14,0.00,0.00,20.11
2026-08-23T21:51:02Z,3.437,11850.2,0.000,0.0,0.000,0.0,0.439,505.9,0.355,119.2,6.62,22.23,0.00,0.00,19.78
2026-08-23T21:51:03Z,3.363,11858.0,0.000,0.0,0.000,0.0,0.428,505.6,0.364,119.2,6.84,28.69,0.00,0.00,19.78
2026-08-23T21:51:04Z,3.438,11835.0,0.000,0.0,0.000,0.0,0.444,505.9,0.361,119.5,5.41,27.32,0.00,0.00,19.78
2026-08-23T21:51:06Z,3.999,11822.2,0.000,0.0,0.000,0.0,0.445,505.7,0.369,119.3,5.57,18.28,0.00,0.00,19.78
2026-08-23T21:51:07Z,4.667,11821.8,0.000,0.0,0.000,0.0,0.467,505.6,0.384,119.3,6.01,12.91,0.00,0.00,21.08
2026-08-23T21:51:08Z,3.424,11837.1,0.000,0.0,0.000,0.0,0.439,505.9,0.353,119.3,6.38,19.83,0.00,0.00,21.08
2026-08-23T21:51:09Z,3.494,11850.7,0.000,0.0,0.000,0.0,0.454,505.6,0.370,119.3,5.80,20.99,0.00,0.00,21.08
2026-08-23T21:51:10Z,3.353,11824.2,0.000,0.0,0.000,0.0,0.436,505.6,0.358,119.3,5.55,25.00,0.00,0.00,21.08
2026-08-23T21:51:11Z,3.412,11841.8,0.000,0.0,0.000,0.0,0.435,505.6,0.363,119.3,5.77,30.12,0.00,0.00,21.08
2026-08-23T21:51:12Z,3.369,11818.2,0.000,0.0,0.000,0.0,0.423,505.6,0.349,119.2,5.08,30.54,0.00,0.00,19.87
2026-08-23T21:51:13Z,3.390,11835.9,0.000,0.0,0.000,0.0,0.442,505.7,0.366,119.2,6.17,37.44,0.00,0.00,19.87
2026-08-23T21:51:14Z,3.409,11849.2,0.000,0.0,0.000,0.0,0.432,505.6,0.361,119.5,6.02,26.79,0.00,0.00,19.87
2026-08-23T21:51:15Z,3.726,11840.4,0.000,0.0,0.000,0.0,0.448,505.9,0.368,119.3,5.98,29.54,0.00,0.00,19.87
2026-08-23T21:51:16Z,4.787,11801.3,0.000,0.0,0.000,0.0,0.431,505.9,0.364,119.2,6.33,17.46,0.00,0.00,19.56
2026-08-23T21:51:18Z,3.377,11816.9,0.000,0.0,0.000,0.0,0.432,505.6,0.351,119.3,6.13,24.94,0.00,0.00,19.56
2026-08-23T21:51:19Z,3.410,11833.9,0.000,0.0,0.000,0.0,0.430,505.9,0.361,119.8,6.18,28.21,0.00,0.00,19.56
2026-08-23T21:51:20Z,4.205,11810.9,0.000,0.0,0.000,0.0,0.438,505.7,0.364,119.2,6.31,24.78,0.00,0.00,19.56
2026-08-23T21:51:21Z,3.960,11829.7,0.000,0.0,0.000,0.0,0.439,505.9,0.365,119.3,7.29,27.92,0.00,0.00,19.56
2026-08-23T21:51:22Z,3.545,11808.9,0.000,0.0,0.000,0.0,0.432,505.6,0.351,119.2,6.25,31.45,0.00,0.00,18.63
2026-08-23T21:51:23Z,3.510,11830.4,0.000,0.0,0.000,0.0,0.435,505.7,0.359,119.3,6.75,38.22,0.00,0.00,18.63
2026-08-23T21:51:24Z,4.762,11812.9,0.000,0.0,0.000,0.0,0.447,505.6,0.364,119.5,13.71,31.17,0.00,0.00,18.63
2026-08-23T21:51:25Z,4.997,11812.0,0.000,0.0,0.000,0.0,0.443,505.9,0.369,119.2,16.59,33.09,0.00,0.00,18.63
2026-08-23T21:51:26Z,5.504,11813.7,0.000,0.0,0.000,0.0,0.419,505.7,0.350,119.3,39.78,32.22,0.00,0.00,18.63
2026-08-23T21:51:27Z,5.445,11794.9,0.000,0.0,0.000,0.0,0.431,506.0,0.357,119.6,17.90,29.38,0.00,0.00,20.03
2026-08-23T21:51:29Z,4.966,11796.8,0.000,0.0,0.000,0.0,0.479,505.9,0.398,119.3,19.61,30.50,0.00,0.00,20.03
2026-08-23T21:51:30Z,5.195,11798.5,0.000,0.0,0.000,0.0,0.421,505.7,0.352,119.3,18.83,28.02,0.00,0.00,20.03
2026-08-23T21:51:31Z,4.356,11800.9,0.000,0.0,0.000,0.0,0.484,505.9,0.400,119.2,21.66,31.66,0.00,0.00,20.03
2026-08-23T21:51:32Z,4.055,11806.8,0.000,0.0,0.000,0.0,0.442,505.6,0.368,119.3,23.47,33.46,0.00,0.00,19.54
2026-08-23T21:51:33Z,4.060,11817.7,0.000,0.0,0.000,0.0,0.441,505.6,0.368,119.3,25.24,36.86,0.00,0.00,19.54
2026-08-23T21:51:34Z,4.090,11791.1,0.000,0.0,0.000,0.0,0.439,505.9,0.368,119.3,27.87,46.85,0.00,0.00,19.54
2026-08-23T21:51:35Z,4.104,11799.8,0.000,0.0,0.000,0.0,0.463,505.6,0.375,119.3,27.43,47.98,0.00,0.00,19.54
2026-08-23T21:51:36Z,5.150,11798.3,0.000,0.0,0.000,0.0,0.426,505.7,0.365,119.3,19.80,29.81,0.00,0.00,19.54
2026-08-23T21:51:37Z,4.277,11804.4,0.000,0.0,0.000,0.0,0.469,505.6,0.383,119.3,24.37,37.09,0.00,0.00,20.22
2026-08-23T21:51:38Z,4.093,11813.8,0.000,0.0,0.000,0.0,0.437,505.6,0.361,119.3,28.35,39.63,0.00,0.00,20.22
2026-08-23T21:51:39Z,4.115,11785.3,0.000,0.0,0.000,0.0,0.456,505.9,0.376,119.3,29.44,40.23,0.00,0.00,20.22
2026-08-23T21:51:41Z,4.092,11793.4,0.000,0.0,0.000,0.0,0.444,505.8,0.362,119.3,28.49,38.98,0.00,0.00,20.22
2026-08-23T21:51:42Z,4.142,11797.9,0.000,0.0,0.000,0.0,0.450,505.6,0.371,119.3,27.64,37.03,0.00,0.00,20.20
2026-08-23T21:51:43Z,4.062,11804.5,0.000,0.0,0.000,0.0,0.442,505.8,0.358,119.5,27.52,37.76,0.00,0.00,20.20
2026-08-23T21:51:44Z,4.106,11810.9,0.000,0.0,0.000,0.0,0.446,506.1,0.368,119.3,28.25,45.97,0.00,0.00,20.20
2026-08-23T21:51:45Z,4.104,11815.5,0.000,0.0,0.000,0.0,0.451,505.5,0.368,119.2,25.28,34.99,0.00,0.00,20.20
2026-08-23T21:51:46Z,4.942,11784.6,0.000,0.0,0.000,0.0,0.457,505.6,0.361,119.3,18.84,23.73,0.00,0.00,20.20
2026-08-23T21:51:47Z,4.492,11807.0,0.000,0.0,0.000,0.0,0.452,505.5,0.374,119.2,23.47,25.06,0.00,0.00,21.39
2026-08-23T21:51:48Z,4.025,11808.5,0.000,0.0,0.000,0.0,0.446,505.6,0.366,119.3,25.86,26.30,0.00,0.00,21.39
2026-08-23T21:51:49Z,4.082,11808.0,0.000,0.0,0.000,0.0,0.460,505.8,0.367,119.5,23.06,25.03,0.00,0.00,21.39
2026-08-23T21:51:50Z,4.063,11809.0,0.000,0.0,0.000,0.0,0.444,505.9,0.367,119.3,24.38,24.58,0.00,0.00,21.39
2026-08-23T21:51:52Z,4.013,11808.4,0.000,0.0,0.000,0.0,0.443,505.6,0.355,119.2,23.80,22.50,0.00,0.00,20.15
2026-08-23T21:51:53Z,4.032,11807.6,0.000,0.0,0.000,0.0,0.452,505.6,0.372,119.2,24.91,26.03,0.00,0.00,20.15
2026-08-23T21:51:54Z,4.703,11791.4,0.000,0.0,0.000,0.0,0.430,505.6,0.354,119.3,10.59,26.76,0.00,0.00,20.15
2026-08-23T21:51:55Z,4.620,11777.3,0.000,0.0,0.000,0.0,0.448,505.6,0.375,119.3,14.50,19.65,0.00,0.00,20.15
2026-08-23T21:51:56Z,4.947,11782.5,0.000,0.0,0.000,0.0,0.429,505.7,0.346,119.3,18.02,17.61,0.00,0.00,20.15
2026-08-23T21:51:57Z,4.478,11760.2,0.000,0.0,0.000,0.0,0.456,505.9,0.385,119.6,18.71,15.90,0.00,0.00,21.58
2026-08-23T21:51:58Z,3.976,11764.6,0.000,0.0,0.000,0.0,0.442,506.0,0.363,119.6,25.64,22.46,0.00,0.00,21.58
2026-08-23T21:51:59Z,4.145,11796.8,0.000,0.0,0.000,0.0,0.442,505.7,0.371,119.3,23.78,23.38,0.00,0.00,21.58
2026-08-23T21:52:00Z,4.203,11797.7,0.000,0.0,0.000,0.0,0.450,505.9,0.366,119.2,24.89,24.59,0.00,0.00,21.58
2026-08-23T21:52:01Z,4.066,11797.8,0.000,0.0,0.000,0.0,0.467,505.9,0.383,119.3,25.43,26.12,0.00,0.00,21.86
2026-08-23T21:52:02Z,4.122,11799.0,0.000,0.0,0.000,0.0,0.457,506.4,0.375,119.5,26.31,24.83,0.00,0.00,21.86
2026-08-23T21:52:04Z,3.963,11798.6,0.000,0.0,0.000,0.0,0.451,505.9,0.364,119.3,24.34,22.83,0.00,0.00,21.86
2026-08-23T21:52:05Z,3.955,11796.3,0.000,0.0,0.000,0.0,0.453,505.7,0.369,119.3,25.00,29.46,0.00,0.00,21.86
2026-08-23T21:52:06Z,4.852,11764.9,0.000,0.0,0.000,0.0,0.438,506.2,0.352,119.4,14.78,30.44,0.00,0.00,21.86
2026-08-23T21:52:07Z,4.223,11769.3,0.000,0.0,0.000,0.0,0.454,505.9,0.382,119.3,5.32,23.67,0.00,0.00,22.11
2026-08-23T21:52:08Z,3.381,11786.5,0.000,0.0,0.000,0.0,0.428,505.9,0.355,119.3,5.46,29.02,0.00,0.00,22.11
2026-08-23T21:52:09Z,3.391,11803.3,0.000,0.0,0.000,0.0,0.431,505.6,0.358,119.3,5.21,28.53,0.00,0.00,22.11
2026-08-23T21:52:10Z,3.421,11782.1,0.000,0.0,0.000,0.0,0.438,505.6,0.364,119.3,5.53,30.44,0.00,0.00,22.11
2026-08-23T21:52:11Z,3.358,11799.0,0.000,0.0,0.000,0.0,0.432,506.1,0.361,119.3,6.06,30.10,0.00,0.00,22.11
2026-08-23T21:52:12Z,4.351,11784.0,0.000,0.0,0.000,0.0,0.444,505.6,0.359,119.5,19.59,27.23,0.00,0.00,22.34
2026-08-23T21:52:13Z,4.201,11784.9,0.000,0.0,0.000,0.0,0.445,505.6,0.366,119.3,24.50,29.42,0.00,0.00,22.34
2026-08-23T21:52:15Z,4.121,11783.4,0.000,0.0,0.000,0.0,0.443,505.6,0.367,119.3,24.57,34.74,0.00,0.00,22.34
2026-08-23T21:52:16Z,4.726,11758.7,0.000,0.0,0.000,0.0,0.441,505.7,0.364,119.3,40.96,25.50,0.00,0.00,22.34
2026-08-23T21:52:17Z,5.321,11776.4,0.000,0.0,0.000,0.0,0.444,505.8,0.378,119.4,22.88,19.46,0.00,0.00,23.20
2026-08-23T21:52:18Z,4.724,11772.0,0.000,0.0,0.000,0.0,0.431,505.9,0.367,119.3,102.63,25.63,0.00,0.00,23.20
2026-08-23T21:52:19Z,4.828,11792.0,0.000,0.0,0.000,0.0,0.446,505.7,0.363,119.4,193.89,57.48,0.00,0.00,23.20
2026-08-23T21:52:20Z,4.964,11768.4,0.000,0.0,0.000,0.0,0.448,505.7,0.365,119.3,89.50,82.88,0.00,0.00,23.20
2026-08-23T21:52:21Z,3.861,11756.5,0.000,0.0,0.000,0.0,0.399,505.9,0.335,119.6,74.08,371.26,0.00,0.00,23.20
2026-08-23T21:52:22Z,4.923,11756.8,0.000,0.0,0.000,0.0,0.477,505.8,0.398,119.6,100.33,21.46,0.00,0.00,23.82
2026-08-23T21:52:23Z,4.837,11770.1,0.000,0.0,0.000,0.0,0.431,506.0,0.364,119.6,241.50,28.51,0.00,0.00,23.82
2026-08-23T21:52:24Z,4.979,11778.0,0.000,0.0,0.000,0.0,0.429,506.4,0.369,119.6,182.82,70.20,0.00,0.00,23.82
2026-08-23T21:52:26Z,4.848,11758.2,0.000,0.0,0.000,0.0,0.402,506.0,0.339,119.5,160.89,190.83,0.00,0.00,23.82
2026-08-23T21:52:27Z,4.855,11749.9,0.000,0.0,0.000,0.0,0.458,506.0,0.375,119.7,181.52,185.24,0.00,0.00,25.52
2026-08-23T21:52:28Z,5.203,11774.2,0.000,0.0,0.000,0.0,0.481,505.9,0.408,119.7,175.97,16.76,0.00,0.00,25.52
2026-08-23T21:52:29Z,5.172,11761.3,0.000,0.0,0.000,0.0,0.439,505.9,0.366,119.6,203.50,22.61,0.00,0.00,25.52
2026-08-23T21:52:30Z,5.440,11760.6,0.000,0.0,0.000,0.0,0.422,506.5,0.359,119.9,121.19,24.34,0.00,0.00,25.52
2026-08-23T21:52:31Z,5.203,11762.9,0.000,0.0,0.000,0.0,0.456,506.0,0.376,119.6,144.59,24.14,0.00,0.00,25.52
2026-08-23T21:52:32Z,4.926,11760.3,0.000,0.0,0.000,0.0,0.434,505.9,0.359,119.6,111.29,40.15,0.00,0.00,26.28
2026-08-23T21:52:33Z,4.710,11766.4,0.000,0.0,0.000,0.0,0.439,506.5,0.359,119.8,181.34,119.90,0.00,0.00,26.28
2026-08-23T21:52:34Z,4.691,11744.3,0.000,0.0,0.000,0.0,0.469,506.0,0.384,119.6,140.66,74.89,0.00,0.00,26.28
2026-08-23T21:52:35Z,4.822,11779.7,0.000,0.0,0.000,0.0,0.449,506.0,0.366,120.2,175.77,82.22,0.00,0.00,26.28
2026-08-23T21:52:37Z,5.339,11752.5,0.000,0.0,0.000,0.0,0.431,506.1,0.372,119.7,113.51,67.54,0.00,0.00,26.17
2026-08-23T21:52:38Z,4.045,11725.6,0.000,0.0,0.000,0.0,0.442,506.1,0.359,119.7,167.09,326.69,0.00,0.00,26.17
2026-08-23T21:52:39Z,4.720,11761.1,0.000,0.0,0.000,0.0,0.462,506.0,0.380,119.6,190.56,26.73,0.00,0.00,26.17
2026-08-23T21:52:40Z,4.726,11774.9,0.000,0.0,0.000,0.0,0.468,506.0,0.382,119.6,222.72,37.21,0.00,0.00,26.17
2026-08-23T21:52:41Z,4.668,11764.2,0.000,0.0,0.000,0.0,0.423,506.2,0.352,119.5,217.37,60.23,0.00,0.00,26.17
2026-08-23T21:52:42Z,4.525,11771.0,0.000,0.0,0.000,0.0,0.447,506.0,0.363,119.5,256.96,111.13,0.00,0.00,25.28
2026-08-23T21:52:43Z,3.879,11778.3,0.000,0.0,0.000,0.0,0.448,506.0,0.364,119.6,166.74,333.62,0.00,0.00,25.28
2026-08-23T21:52:44Z,4.742,11768.4,0.000,0.0,0.000,0.0,0.444,506.3,0.377,119.6,267.29,23.50,0.00,0.00,25.28
2026-08-23T21:52:45Z,4.818,11772.4,0.000,0.0,0.000,0.0,0.453,506.3,0.366,119.6,236.97,25.02,0.00,0.00,25.28
2026-08-23T21:52:46Z,5.110,11745.2,0.000,0.0,0.000,0.0,0.409,506.1,0.347,119.7,126.98,103.55,0.00,0.00,26.46
2026-08-23T21:52:48Z,4.400,11735.8,0.000,0.0,0.000,0.0,0.422,506.1,0.359,119.5,156.57,178.43,0.00,0.00,26.46
2026-08-23T21:52:49Z,4.283,11754.3,0.000,0.0,0.000,0.0,0.478,506.1,0.397,119.6,165.37,166.04,0.00,0.00,26.46
2026-08-23T21:52:50Z,4.960,11772.6,0.000,0.0,0.000,0.0,0.450,506.0,0.367,119.5,255.83,22.41,0.00,0.00,26.46
2026-08-23T21:52:51Z,4.679,11773.2,0.000,0.0,0.000,0.0,0.450,506.0,0.365,119.6,194.75,28.56,0.00,0.00,26.46
2026-08-23T21:52:52Z,4.531,11760.1,0.000,0.0,0.000,0.0,0.445,506.0,0.359,119.6,234.16,107.70,0.00,0.00,25.62
2026-08-23T21:52:53Z,3.941,11746.7,0.000,0.0,0.000,0.0,0.395,506.3,0.322,119.6,169.54,296.83,0.00,0.00,25.62
2026-08-23T21:52:54Z,4.412,11755.5,0.000,0.0,0.000,0.0,0.495,506.2,0.412,119.7,151.15,99.24,0.00,0.00,25.62
2026-08-23T21:52:55Z,4.711,11763.4,0.000,0.0,0.000,0.0,0.452,506.2,0.364,119.7,186.08,27.94,0.00,0.00,25.62
2026-08-23T21:52:56Z,5.329,11751.7,0.000,0.0,0.000,0.0,0.447,506.2,0.364,119.7,127.55,15.53,0.00,0.00,25.62
2026-08-23T21:52:57Z,5.119,11742.0,0.000,0.0,0.000,0.0,0.444,506.2,0.361,119.7,109.16,20.31,0.00,0.00,27.33
2026-08-23T21:52:59Z,4.730,11738.7,0.000,0.0,0.000,0.0,0.431,506.3,0.355,120.0,130.15,93.05,0.00,0.00,27.33
2026-08-23T21:53:00Z,4.709,11737.7,0.000,0.0,0.000,0.0,0.450,506.7,0.372,119.7,186.60,84.98,0.00,0.00,27.33
2026-08-23T21:53:01Z,4.404,11744.7,0.000,0.0,0.000,0.0,0.431,506.6,0.357,119.7,19.59,154.52,0.00,0.00,27.33
2026-08-23T21:53:02Z,4.551,11745.9,0.000,0.0,0.000,0.0,0.449,506.2,0.370,119.6,20.24,119.70,0.00,0.00,27.15
2026-08-23T21:53:03Z,4.438,11744.1,0.000,0.0,0.000,0.0,0.480,506.5,0.402,119.5,17.44,101.78,0.00,0.00,27.15
2026-08-23T21:53:04Z,4.528,11752.1,0.000,0.0,0.000,0.0,0.451,506.2,0.375,119.6,130.73,62.34,0.00,0.00,27.15
2026-08-23T21:53:05Z,4.627,11731.7,0.000,0.0,0.000,0.0,0.450,506.2,0.360,119.5,167.78,29.29,0.00,0.00,27.15
2026-08-23T21:53:06Z,5.382,11725.1,0.000,0.0,0.000,0.0,0.430,506.3,0.359,119.6,107.61,22.24,0.00,0.00,27.15
2026-08-23T21:53:07Z,5.099,11749.2,0.000,0.0,0.000,0.0,0.456,506.2,0.392,119.5,128.01,18.50,0.00,0.00,28.34
2026-08-23T21:53:08Z,5.000,11745.5,0.000,0.0,0.000,0.0,0.427,506.3,0.349,119.7,146.81,77.53,0.00,0.00,28.34
2026-08-23T21:53:10Z,4.102,11713.6,0.000,0.0,0.000,0.0,0.475,506.2,0.380,119.5,97.69,241.95,0.00,0.00,28.34
2026-08-23T21:53:11Z,4.886,11714.2,0.000,0.0,0.000,0.0,0.441,506.5,0.370,119.5,125.64,29.54,0.00,0.00,28.34
2026-08-23T21:53:12Z,4.930,11699.3,0.000,0.0,0.000,0.0,0.447,506.2,0.364,119.4,164.89,24.11,0.00,0.00,28.15
2026-08-23T21:53:13Z,4.690,11739.8,0.000,0.0,0.000,0.0,0.449,506.2,0.367,119.5,193.69,26.58,0.00,0.00,28.15
2026-08-23T21:53:14Z,4.774,11725.9,0.000,0.0,0.000,0.0,0.438,506.1,0.367,119.4,208.24,25.88,0.00,0.00,28.15
2026-08-23T21:53:15Z,4.840,11714.5,0.000,0.0,0.000,0.0,0.449,506.2,0.374,119.4,210.59,24.70,0.00,0.00,28.15
2026-08-23T21:53:16Z,5.349,11713.4,0.000,0.0,0.000,0.0,0.422,506.8,0.347,119.4,170.84,24.02,0.00,0.00,28.15
2026-08-23T21:53:17Z,5.057,11737.8,0.000,0.0,0.000,0.0,0.459,506.2,0.383,119.4,124.18,21.14,0.00,0.00,29.26
2026-08-23T21:53:18Z,4.718,11720.6,0.000,0.0,0.000,0.0,0.446,506.2,0.376,119.6,174.03,27.81,0.00,0.00,29.26
2026-08-23T21:53:19Z,4.731,11717.2,0.000,0.0,0.000,0.0,0.439,506.1,0.364,119.4,180.31,26.19,0.00,0.00,29.26
2026-08-23T21:53:21Z,4.853,11704.7,0.000,0.0,0.000,0.0,0.451,506.1,0.354,119.8,173.15,23.13,0.00,0.00,29.26
2026-08-23T21:53:22Z,4.690,11705.3,0.000,0.0,0.000,0.0,0.431,506.1,0.360,119.4,185.68,27.32,0.00,0.00,29.56
2026-08-23T21:53:23Z,4.676,11721.6,0.000,0.0,0.000,0.0,0.449,505.9,0.358,119.3,172.93,24.89,0.00,0.00,29.56
2026-08-23T21:53:24Z,4.802,11702.3,0.000,0.0,0.000,0.0,0.434,505.9,0.360,119.6,172.41,26.89,0.00,0.00,29.56
2026-08-23T21:53:25Z,4.785,11717.9,0.000,0.0,0.000,0.0,0.456,505.9,0.376,119.5,167.08,25.41,0.00,0.00,29.56
2026-08-23T21:53:26Z,5.407,11724.1,0.000,0.0,0.000,0.0,0.427,506.0,0.357,119.4,144.29,25.35,0.00,0.00,29.56
2026-08-23T21:53:27Z,5.552,11703.8,0.000,0.0,0.000,0.0,0.413,506.4,0.343,119.4,131.95,15.88,0.00,0.00,30.07
2026-08-23T21:53:28Z,5.367,11697.5,0.000,0.0,0.000,0.0,0.459,506.2,0.368,119.4,90.95,20.64,0.00,0.00,30.07
2026-08-23T21:53:29Z,5.390,11712.3,0.000,0.0,0.000,0.0,0.433,505.9,0.362,119.6,134.15,22.02,0.00,0.00,30.07
2026-08-23T21:53:30Z,5.223,11701.8,0.000,0.0,0.000,0.0,0.424,506.1,0.347,119.6,143.99,24.12,0.00,0.00,30.07
2026-08-23T21:53:32Z,4.850,11708.3,0.000,0.0,0.000,0.0,0.448,506.3,0.362,119.3,157.33,28.92,0.00,0.00,28.79
2026-08-23T21:53:33Z,4.251,11376.2,0.000,0.0,0.000,0.0,0.447,505.8,0.362,119.6,55.21,34.77,0.00,0.00,28.79
2026-08-23T21:53:34Z,4.060,11430.0,0.000,0.0,0.000,0.0,0.445,506.0,0.369,119.3,31.64,35.59,0.00,0.00,28.79
2026-08-23T21:53:35Z,4.013,11477.7,0.000,0.0,0.000,0.0,0.451,506.0,0.370,119.3,29.78,41.68,0.00,0.00,28.79
2026-08-23T21:53:36Z,4.649,11539.4,0.000,0.0,0.000,0.0,0.447,506.0,0.368,119.4,27.00,30.44,0.00,0.00,28.79
2026-08-23T21:53:37Z,4.945,11657.1,0.000,0.0,0.000,0.0,0.466,506.0,0.393,119.3,93.66,29.73,0.00,0.00,30.00
2026-08-23T21:53:38Z,4.538,11699.5,0.000,0.0,0.000,0.0,0.458,506.5,0.374,119.6,123.34,25.38,0.00,0.00,30.00
2026-08-23T21:53:39Z,4.760,11679.9,0.000,0.0,0.000,0.0,0.449,506.7,0.365,119.3,21.94,19.80,0.00,0.00,30.00
2026-08-23T21:53:40Z,4.073,11687.9,0.000,0.0,0.000,0.0,0.449,506.2,0.374,119.3,30.46,27.77,0.00,0.00,30.00
2026-08-23T21:53:41Z,4.005,11697.5,0.000,0.0,0.000,0.0,0.446,506.1,0.362,119.2,33.90,27.83,0.00,0.00,30.00
2026-08-23T21:53:42Z,4.034,11707.2,0.000,0.0,0.000,0.0,0.430,506.0,0.366,119.3,33.28,25.40,0.00,0.00,29.36
2026-08-23T21:53:44Z,4.020,11679.8,0.000,0.0,0.000,0.0,0.444,505.9,0.359,119.2,33.05,27.95,0.00,0.00,29.36
2026-08-23T21:53:45Z,4.043,11690.2,0.000,0.0,0.000,0.0,0.467,506.2,0.382,119.3,32.53,26.43,0.00,0.00,29.36
2026-08-23T21:53:46Z,4.619,11703.2,0.000,0.0,0.000,0.0,0.439,505.9,0.361,119.3,24.96,24.33,0.00,0.00,29.36
2026-08-23T21:53:47Z,5.040,11684.6,0.000,0.0,0.000,0.0,0.452,506.1,0.367,119.3,17.03,27.50,0.00,0.00,29.49
2026-08-23T21:53:48Z,4.684,11677.6,0.000,0.0,0.000,0.0,0.431,505.8,0.352,119.2,16.18,23.79,0.00,0.00,29.49
2026-08-23T21:53:49Z,3.948,11687.2,0.000,0.0,0.000,0.0,0.439,505.8,0.359,119.3,31.93,27.90,0.00,0.00,29.49
2026-08-23T21:53:50Z,4.245,11694.6,0.000,0.0,0.000,0.0,0.458,505.7,0.370,119.3,29.20,26.23,0.00,0.00,29.49
2026-08-23T21:53:51Z,4.007,11704.2,0.000,0.0,0.000,0.0,0.440,506.0,0.363,119.3,31.06,29.62,0.00,0.00,29.49
2026-08-23T21:53:52Z,4.106,11673.7,0.000,0.0,0.000,0.0,0.448,505.7,0.372,119.6,29.08,27.14,0.00,0.00,28.25
2026-08-23T21:53:53Z,4.058,11679.0,0.000,0.0,0.000,0.0,0.449,505.8,0.365,119.5,27.77,27.93,0.00,0.00,28.25
2026-08-23T21:53:54Z,4.096,11688.6,0.000,0.0,0.000,0.0,0.450,506.0,0.367,119.3,30.06,28.72,0.00,0.00,28.25
2026-08-23T21:53:56Z,4.285,11689.6,0.000,0.0,0.000,0.0,0.444,505.7,0.364,119.2,7.09,30.17,0.00,0.00,28.25
2026-08-23T21:53:57Z,4.840,11663.5,0.000,0.0,0.000,0.0,0.453,505.7,0.368,119.3,6.85,30.74,0.00,0.00,28.23
2026-08-23T21:53:58Z,3.500,11686.0,0.000,0.0,0.000,0.0,0.432,506.0,0.354,119.5,7.26,30.46,0.00,0.00,28.23
2026-08-23T21:53:59Z,3.423,11707.6,0.000,0.0,0.000,0.0,0.430,505.7,0.353,119.3,7.16,31.73,0.00,0.00,28.23
2026-08-23T21:54:00Z,3.645,11692.6,0.000,0.0,0.000,0.0,0.430,505.7,0.356,119.3,7.23,30.71,0.00,0.00,28.23
2026-08-23T21:54:01Z,3.340,11677.1,0.000,0.0,0.000,0.0,0.432,505.7,0.358,119.3,7.68,32.61,0.00,0.00,28.23
2026-08-23T21:54:02Z,3.383,11699.6,0.000,0.0,0.000,0.0,0.444,505.7,0.361,119.3,6.61,34.11,0.00,0.00,26.69
2026-08-23T21:54:03Z,3.363,11687.7,0.000,0.0,0.000,0.0,0.423,505.9,0.354,119.3,7.59,35.45,0.00,0.00,26.69
2026-08-23T21:54:04Z,3.368,11675.0,0.000,0.0,0.000,0.0,0.436,505.7,0.359,119.3,7.65,33.50,0.00,0.00,26.69
2026-08-23T21:54:05Z,3.555,11704.2,0.000,0.0,0.000,0.0,0.434,505.9,0.359,119.2,7.61,42.15,0.00,0.00,26.69
2026-08-23T21:54:06Z,4.922,11677.6,0.000,0.0,0.000,0.0,0.443,505.7,0.366,119.5,6.58,22.16,0.00,0.00,25.84
2026-08-23T21:54:08Z,3.617,11701.3,0.000,0.0,0.000,0.0,0.443,505.9,0.368,119.2,7.03,37.90,0.00,0.00,25.84
2026-08-23T21:54:09Z,3.395,11688.7,0.000,0.0,0.000,0.0,0.432,505.9,0.359,119.2,8.00,32.60,0.00,0.00,25.84
2026-08-23T21:54:10Z,3.396,11674.5,0.000,0.0,0.000,0.0,0.433,505.9,0.363,119.2,7.08,31.84,0.00,0.00,25.84
2026-08-23T21:54:11Z,3.385,11695.4,0.000,0.0,0.000,0.0,0.436,505.6,0.355,119.2,7.24,33.51,0.00,0.00,25.84
2026-08-23T21:54:12Z,3.391,11682.1,0.000,0.0,0.000,0.0,0.445,506.0,0.357,119.2,7.68,31.74,0.00,0.00,24.65
2026-08-23T21:54:13Z,3.447,11667.3,0.000,0.0,0.000,0.0,0.446,505.7,0.360,119.2,7.08,27.63,0.00,0.00,24.65
2026-08-23T21:54:14Z,3.380,11688.3,0.000,0.0,0.000,0.0,0.440,505.7,0.364,119.3,7.39,31.91,0.00,0.00,24.65
2026-08-23T21:54:15Z,3.437,11671.4,0.000,0.0,0.000,0.0,0.445,506.2,0.363,119.2,7.49,30.12,0.00,0.00,24.65
2026-08-23T21:54:16Z,4.767,11664.1,0.000,0.0,0.000,0.0,0.442,505.9,0.365,119.2,7.35,26.33,0.00,0.00,24.65
2026-08-23T21:54:17Z,3.718,11679.3,0.000,0.0,0.000,0.0,0.437,505.7,0.360,119.3,7.21,36.76,0.00,0.00,24.35
2026-08-23T21:54:18Z,3.357,11667.6,0.000,0.0,0.000,0.0,0.428,505.6,0.350,119.2,7.56,34.21,0.00,0.00,24.35
2026-08-23T21:54:19Z,3.436,11689.9,0.000,0.0,0.000,0.0,0.435,506.4,0.354,119.2,7.42,30.92,0.00,0.00,24.35
2026-08-23T21:54:21Z,3.665,11675.2,0.000,0.0,0.000,0.0,0.440,505.7,0.361,119.2,7.53,29.21,0.00,0.00,24.35
2026-08-23T21:54:22Z,3.398,11696.5,0.000,0.0,0.000,0.0,0.427,505.9,0.357,119.2,7.54,32.11,0.00,0.00,23.61
2026-08-23T21:54:23Z,3.424,11681.7,0.000,0.0,0.000,0.0,0.428,505.7,0.358,119.2,7.84,31.58,0.00,0.00,23.61
2026-08-23T21:54:24Z,3.474,11666.9,0.000,0.0,0.000,0.0,0.429,505.9,0.351,119.2,7.28,31.21,0.00,0.00,23.61
2026-08-23T21:54:25Z,3.728,11690.1,0.000,0.0,0.000,0.0,0.444,505.7,0.362,119.2,9.32,31.09,0.00,0.00,23.61
2026-08-23T21:54:26Z,4.895,11689.3,0.000,0.0,0.000,0.0,0.431,505.7,0.365,119.3,7.11,25.60,0.00,0.00,23.61
2026-08-23T21:54:27Z,5.052,11689.9,0.000,0.0,0.000,0.0,0.451,505.7,0.376,119.3,7.41,18.55,0.00,0.00,23.64
2026-08-23T21:54:28Z,4.561,11670.4,0.000,0.0,0.000,0.0,0.440,505.7,0.355,119.2,7.64,27.73,0.00,0.00,23.64
2026-08-23T21:54:29Z,4.356,11685.2,0.000,0.0,0.000,0.0,0.444,505.7,0.366,119.3,7.03,18.95,0.00,0.00,23.64
2026-08-23T21:54:30Z,3.530,11665.1,0.000,0.0,0.000,0.0,0.430,505.7,0.356,119.2,7.80,24.57,0.00,0.00,23.64
2026-08-23T21:54:31Z,3.385,11680.4,0.000,0.0,0.000,0.0,0.444,505.7,0.364,119.2,7.85,24.08,0.00,0.00,23.64
2026-08-23T21:54:32Z,3.292,11659.7,0.000,0.0,0.000,0.0,0.424,505.7,0.347,119.3,6.92,23.43,0.00,0.00,22.95
2026-08-23T21:54:34Z,3.355,11673.6,0.000,0.0,0.000,0.0,0.429,505.7,0.357,119.5,7.52,23.54,0.00,0.00,22.95
2026-08-23T21:54:35Z,3.377,11687.2,0.000,0.0,0.000,0.0,0.441,505.7,0.365,119.2,7.65,22.40,0.00,0.00,22.95
2026-08-23T21:54:36Z,4.089,11677.1,0.000,0.0,0.000,0.0,0.424,506.0,0.348,119.3,7.86,21.37,0.00,0.00,22.95
2026-08-23T21:54:37Z,4.357,11645.7,0.000,0.0,0.000,0.0,0.450,505.7,0.371,119.3,7.64,26.42,0.00,0.00,23.19
2026-08-23T21:54:38Z,3.415,11660.3,0.000,0.0,0.000,0.0,0.426,505.9,0.352,119.2,7.42,30.54,0.00,0.00,23.19
2026-08-23T21:54:39Z,3.300,11674.2,0.000,0.0,0.000,0.0,0.429,505.6,0.358,119.5,7.74,23.87,0.00,0.00,23.19
2026-08-23T21:54:40Z,3.339,11653.0,0.000,0.0,0.000,0.0,0.438,505.8,0.357,119.5,8.10,22.74,0.00,0.00,23.19
2026-08-23T21:54:41Z,3.386,11667.7,0.000,0.0,0.000,0.0,0.432,505.6,0.357,119.2,8.19,24.40,0.00,0.00,23.19
2026-08-23T21:54:42Z,3.326,11646.3,0.000,0.0,0.000,0.0,0.428,505.9,0.359,119.2,8.51,23.82,0.00,0.00,22.53
2026-08-23T21:54:43Z,3.401,11662.3,0.000,0.0,0.000,0.0,0.432,505.6,0.350,119.7,7.82,24.18,0.00,0.00,22.53
2026-08-23T21:54:44Z,3.369,11641.1,0.000,0.0,0.000,0.0,0.438,505.6,0.362,119.5,7.79,23.77,0.00,0.00,22.53
2026-08-23T21:54:45Z,3.657,11671.2,0.000,0.0,0.000,0.0,0.439,505.9,0.353,119.2,7.79,20.32,0.00,0.00,22.53
2026-08-23T21:54:47Z,4.846,11638.3,0.000,0.0,0.000,0.0,0.452,506.1,0.369,119.2,8.18,18.26,0.00,0.00,21.61
2026-08-23T21:54:48Z,3.441,11656.2,0.000,0.0,0.000,0.0,0.431,505.9,0.360,119.3,8.65,25.40,0.00,0.00,21.61
2026-08-23T21:54:49Z,3.358,11672.1,0.000,0.0,0.000,0.0,0.423,505.6,0.350,119.2,8.25,32.24,0.00,0.00,21.61
2026-08-23T21:54:50Z,3.535,11650.9,0.000,0.0,0.000,0.0,0.433,505.6,0.354,119.2,6.35,25.44,0.00,0.00,21.61
2026-08-23T21:54:51Z,3.453,11664.8,0.000,0.0,0.000,0.0,0.428,505.6,0.354,119.2,6.87,22.44,0.00,0.00,21.61
2026-08-23T21:54:52Z,3.359,11643.0,0.000,0.0,0.000,0.0,0.424,505.9,0.349,119.2,6.85,27.52,0.00,0.00,20.60
2026-08-23T21:54:53Z,3.421,11660.9,0.000,0.0,0.000,0.0,0.423,505.6,0.355,119.2,7.27,28.66,0.00,0.00,20.60
2026-08-23T21:54:54Z,3.468,11640.4,0.000,0.0,0.000,0.0,0.429,505.6,0.355,119.2,6.88,27.05,0.00,0.00,20.60
2026-08-23T21:54:55Z,3.890,11651.6,0.000,0.0,0.000,0.0,0.443,505.7,0.359,119.5,8.74,25.86,0.00,0.00,20.60
2026-08-23T21:54:56Z,5.257,11635.5,0.000,0.0,0.000,0.0,0.435,506.3,0.355,119.4,14.93,30.89,0.00,0.00,20.60
2026-08-23T21:54:57Z,4.577,11622.9,0.000,0.0,0.000,0.0,0.455,505.9,0.381,119.3,20.72,34.91,0.00,0.00,21.03
2026-08-23T21:54:59Z,4.184,11635.5,0.000,0.0,0.000,0.0,0.436,505.7,0.359,119.2,25.16,45.81,0.00,0.00,21.03
2026-08-23T21:55:00Z,4.279,11651.2,0.000,0.0,0.000,0.0,0.451,505.9,0.370,119.3,28.26,40.44,0.00,0.00,21.03
2026-08-23T21:55:01Z,4.156,11632.1,0.000,0.0,0.000,0.0,0.451,505.7,0.371,119.2,27.85,40.92,0.00,0.00,21.03
2026-08-23T21:55:02Z,4.210,11643.1,0.000,0.0,0.000,0.0,0.473,505.7,0.397,119.3,25.20,39.48,0.00,0.00,21.27
2026-08-23T21:55:03Z,4.206,11621.9,0.000,0.0,0.000,0.0,0.461,505.7,0.375,119.2,26.58,37.62,0.00,0.00,21.27
2026-08-23T21:55:04Z,4.050,11636.8,0.000,0.0,0.000,0.0,0.449,505.7,0.374,119.2,28.25,40.99,0.00,0.00,21.27
2026-08-23T21:55:05Z,4.097,11650.7,0.000,0.0,0.000,0.0,0.451,505.7,0.377,119.5,28.72,37.76,0.00,0.00,21.27
2026-08-23T21:55:06Z,5.005,11632.9,0.000,0.0,0.000,0.0,0.447,505.7,0.388,119.3,22.05,29.24,0.00,0.00,21.27
2026-08-23T21:55:07Z,4.339,11624.6,0.000,0.0,0.000,0.0,0.453,505.6,0.366,119.3,24.88,38.66,0.00,0.00,22.45
2026-08-23T21:55:08Z,3.988,11633.9,0.000,0.0,0.000,0.0,0.441,505.7,0.362,119.3,29.01,40.66,0.00,0.00,22.45
2026-08-23T21:55:09Z,4.086,11645.1,0.000,0.0,0.000,0.0,0.454,505.6,0.370,119.3,29.38,35.33,0.00,0.00,22.45
2026-08-23T21:55:11Z,4.058,11623.7,0.000,0.0,0.000,0.0,0.442,505.7,0.366,119.5,28.87,37.76,0.00,0.00,22.45
2026-08-23T21:55:12Z,4.006,11603.9,0.000,0.0,0.000,0.0,0.449,505.6,0.365,119.3,27.97,40.20,0.00,0.00,22.25
2026-08-23T21:55:13Z,5.177,11606.9,0.000,0.0,0.000,0.0,0.434,505.7,0.357,119.2,22.06,34.81,0.00,0.00,22.25
2026-08-23T21:55:14Z,5.195,11613.3,0.000,0.0,0.000,0.0,0.445,505.7,0.360,119.3,20.63,32.42,0.00,0.00,22.25
2026-08-23T21:55:15Z,5.264,11620.5,0.000,0.0,0.000,0.0,0.443,505.6,0.359,119.3,21.68,31.74,0.00,0.00,22.25
2026-08-23T21:55:16Z,5.486,11601.4,0.000,0.0,0.000,0.0,0.413,505.8,0.345,119.4,18.01,31.26,0.00,0.00,22.25
2026-08-23T21:55:17Z,5.285,11587.8,0.000,0.0,0.000,0.0,0.444,505.8,0.381,119.4,18.48,26.53,0.00,0.00,22.15
2026-08-23T21:55:18Z,4.453,11596.6,0.000,0.0,0.000,0.0,0.463,505.8,0.374,119.3,25.23,34.25,0.00,0.00,22.15
2026-08-23T21:55:19Z,4.471,11609.0,0.000,0.0,0.000,0.0,0.447,505.8,0.368,119.4,26.84,43.77,0.00,0.00,22.15
2026-08-23T21:55:20Z,4.573,11620.8,0.000,0.0,0.000,0.0,0.439,505.8,0.370,119.3,24.45,36.33,0.00,0.00,22.15
2026-08-23T21:55:22Z,4.505,11595.9,0.000,0.0,0.000,0.0,0.440,505.8,0.367,119.3,21.00,37.28,0.00,0.00,21.58
2026-08-23T21:55:23Z,4.541,11607.2,0.000,0.0,0.000,0.0,0.450,505.8,0.367,119.3,25.81,36.49,0.00,0.00,21.58
2026-08-23T21:55:24Z,4.393,11585.8,0.000,0.0,0.000,0.0,0.443,506.0,0.370,119.3,25.46,34.50,0.00,0.00,21.58
2026-08-23T21:55:25Z,4.810,11594.3,0.000,0.0,0.000,0.0,0.452,505.8,0.369,119.3,23.71,31.19,0.00,0.00,21.58
2026-08-23T21:55:26Z,5.227,11578.4,0.000,0.0,0.000,0.0,0.423,505.8,0.345,119.4,22.28,27.62,0.00,0.00,21.58
2026-08-23T21:55:27Z,5.388,11568.0,0.000,0.0,0.000,0.0,0.448,505.8,0.373,119.4,17.96,25.34,0.00,0.00,22.57
2026-08-23T21:55:28Z,5.218,11569.4,0.000,0.0,0.000,0.0,0.467,505.7,0.379,119.7,17.31,24.99,0.00,0.00,22.57
2026-08-23T21:55:29Z,5.089,11572.0,0.000,0.0,0.000,0.0,0.433,505.8,0.364,119.3,23.10,28.76,0.00,0.00,22.57
2026-08-23T21:55:30Z,4.718,11574.1,0.000,0.0,0.000,0.0,0.433,506.0,0.359,119.4,26.19,22.30,0.00,0.00,22.57
2026-08-23T21:55:31Z,4.488,11578.7,0.000,0.0,0.000,0.0,0.449,505.7,0.371,119.4,26.81,25.15,0.00,0.00,22.77
2026-08-23T21:55:33Z,4.446,11586.1,0.000,0.0,0.000,0.0,0.437,506.0,0.359,119.4,27.28,26.55,0.00,0.00,22.77
2026-08-23T21:55:34Z,4.423,11592.3,0.000,0.0,0.000,0.0,0.462,505.7,0.376,119.4,27.24,26.09,0.00,0.00,22.77
2026-08-23T21:55:35Z,4.302,11597.9,0.000,0.0,0.000,0.0,0.448,505.7,0.363,119.3,27.00,26.26,0.00,0.00,22.77
2026-08-23T21:55:36Z,5.052,11579.7,0.000,0.0,0.000,0.0,0.434,505.8,0.359,119.4,23.55,22.91,0.00,0.00,22.77
2026-08-23T21:55:37Z,5.063,11555.8,0.000,0.0,0.000,0.0,0.444,505.8,0.369,119.3,11.34,19.05,0.00,0.00,23.43
2026-08-23T21:55:38Z,4.928,11577.8,0.000,0.0,0.000,0.0,0.433,506.0,0.348,119.3,10.90,29.96,0.00,0.00,23.43
2026-08-23T21:55:39Z,4.607,11576.5,0.000,0.0,0.000,0.0,0.435,505.7,0.357,119.3,21.57,31.28,0.00,0.00,23.43
2026-08-23T21:55:40Z,4.379,11579.8,0.000,0.0,0.000,0.0,0.440,505.7,0.371,119.5,26.91,24.64,0.00,0.00,23.43
2026-08-23T21:55:41Z,4.526,11539.9,0.000,0.0,0.000,0.0,0.427,505.7,0.357,119.3,20.59,26.33,0.00,0.00,23.43
2026-08-23T21:55:42Z,3.709,11538.1,0.000,0.0,0.000,0.0,0.444,505.7,0.363,119.3,6.87,29.39,0.00,0.00,24.43
2026-08-23T21:55:44Z,3.405,11554.7,0.000,0.0,0.000,0.0,0.425,505.7,0.355,119.2,6.58,30.10,0.00,0.00,24.43
2026-08-23T21:55:45Z,3.362,11570.6,0.000,0.0,0.000,0.0,0.433,505.7,0.356,119.3,6.76,28.92,0.00,0.00,24.43
2026-08-23T21:55:46Z,3.829,11603.8,0.000,0.0,0.000,0.0,0.439,505.7,0.357,119.3,7.49,31.93,0.00,0.00,24.43
2026-08-23T21:55:47Z,4.791,11609.1,0.000,0.0,0.000,0.0,0.425,505.9,0.357,119.3,6.82,24.42,0.00,0.00,24.72
2026-08-23T21:55:48Z,3.437,11592.7,0.000,0.0,0.000,0.0,0.435,505.7,0.357,119.5,6.84,30.64,0.00,0.00,24.72
2026-08-23T21:55:49Z,3.344,11611.4,0.000,0.0,0.000,0.0,0.437,505.7,0.357,119.3,6.85,28.51,0.00,0.00,24.72
2026-08-23T21:55:50Z,3.572,11595.2,0.000,0.0,0.000,0.0,0.432,505.9,0.358,119.3,6.86,32.15,0.00,0.00,24.72
2026-08-23T21:55:51Z,3.377,11615.1,0.000,0.0,0.000,0.0,0.427,505.7,0.349,119.2,7.38,29.33,0.00,0.00,24.72
2026-08-23T21:55:52Z,3.423,11600.5,0.000,0.0,0.000,0.0,0.430,505.7,0.354,119.3,7.05,30.42,0.00,0.00,24.58
2026-08-23T21:55:53Z,3.446,11620.1,0.000,0.0,0.000,0.0,0.431,505.6,0.349,119.2,6.54,29.62,0.00,0.00,24.58
2026-08-23T21:55:54Z,3.543,11603.6,0.000,0.0,0.000,0.0,0.435,505.7,0.364,119.5,6.18,28.05,0.00,0.00,24.58
2026-08-23T21:55:56Z,3.734,11592.0,0.000,0.0,0.000,0.0,0.434,505.7,0.356,119.5,7.20,21.05,0.00,0.00,24.58
2026-08-23T21:55:57Z,4.782,11596.7,0.000,0.0,0.000,0.0,0.436,505.9,0.367,119.5,7.13,15.49,0.00,0.00,24.37
2026-08-23T21:55:58Z,3.522,11611.7,0.000,0.0,0.000,0.0,0.442,505.6,0.359,119.3,7.64,22.02,0.00,0.00,24.37
2026-08-23T21:55:59Z,3.479,11593.0,0.000,0.0,0.000,0.0,0.426,505.9,0.359,119.3,8.21,23.76,0.00,0.00,24.37
2026-08-23T21:56:00Z,3.619,11607.6,0.000,0.0,0.000,0.0,0.434,505.7,0.364,119.2,8.23,29.35,0.00,0.00,24.37
2026-08-23T21:56:01Z,3.353,11589.7,0.000,0.0,0.000,0.0,0.428,505.7,0.349,119.3,7.89,23.95,0.00,0.00,24.37
2026-08-23T21:56:02Z,3.531,11606.0,0.000,0.0,0.000,0.0,0.456,505.7,0.369,119.3,7.26,24.60,0.00,0.00,23.06
2026-08-23T21:56:03Z,3.326,11588.8,0.000,0.0,0.000,0.0,0.426,505.6,0.352,119.2,8.51,25.34,0.00,0.00,23.06
2026-08-23T21:56:04Z,3.345,11605.4,0.000,0.0,0.000,0.0,0.436,505.7,0.360,119.5,8.03,25.09,0.00,0.00,23.06
2026-08-23T21:56:05Z,3.575,11589.2,0.000,0.0,0.000,0.0,0.456,505.9,0.378,119.2,7.70,22.63,0.00,0.00,23.06
2026-08-23T21:56:06Z,4.876,11566.7,0.000,0.0,0.000,0.0,0.441,506.0,0.374,119.3,6.41,15.93,0.00,0.00,23.62
2026-08-23T21:56:08Z,3.637,11580.5,0.000,0.0,0.000,0.0,0.443,505.7,0.364,119.3,6.00,21.98,0.00,0.00,23.62
2026-08-23T21:56:09Z,3.410,11593.4,0.000,0.0,0.000,0.0,0.439,505.7,0.366,119.5,5.72,32.88,0.00,0.00,23.62
2026-08-23T21:56:10Z,3.323,11606.1,0.000,0.0,0.000,0.0,0.429,505.7,0.358,119.3,5.75,30.49,0.00,0.00,23.62
2026-08-23T21:56:11Z,3.328,11584.1,0.000,0.0,0.000,0.0,0.420,505.9,0.346,119.2,5.64,24.06,0.00,0.00,23.62
2026-08-23T21:56:12Z,3.309,11597.2,0.000,0.0,0.000,0.0,0.430,505.7,0.353,119.5,5.51,24.18,0.00,0.00,23.65
2026-08-23T21:56:13Z,3.345,11574.0,0.000,0.0,0.000,0.0,0.424,505.9,0.350,119.2,5.21,23.56,0.00,0.00,23.65
2026-08-23T21:56:14Z,3.344,11586.1,0.000,0.0,0.000,0.0,0.429,505.7,0.357,119.3,5.60,23.93,0.00,0.00,23.65
2026-08-23T21:56:15Z,3.431,11599.5,0.000,0.0,0.000,0.0,0.445,505.7,0.371,119.2,5.61,24.13,0.00,0.00,23.65
2026-08-23T21:56:16Z,4.570,11584.5,0.000,0.0,0.000,0.0,0.424,505.7,0.354,119.3,5.01,19.46,0.00,0.00,23.65
2026-08-23T21:56:17Z,3.850,11589.8,0.000,0.0,0.000,0.0,0.454,505.7,0.377,119.2,5.16,20.16,0.00,0.00,22.40
2026-08-23T21:56:18Z,3.311,11604.4,0.000,0.0,0.000,0.0,0.426,505.7,0.348,119.2,5.22,24.83,0.00,0.00,22.40
2026-08-23T21:56:19Z,3.456,11581.6,0.000,0.0,0.000,0.0,0.442,505.9,0.368,119.3,7.14,23.26,0.00,0.00,22.40
2026-08-23T21:56:21Z,3.597,11596.0,0.000,0.0,0.000,0.0,0.419,505.7,0.349,119.2,6.58,30.27,0.00,0.00,22.40
2026-08-23T21:56:22Z,3.357,11575.7,0.000,0.0,0.000,0.0,0.434,505.7,0.355,119.2,6.09,26.51,0.00,0.00,21.80
2026-08-23T21:56:23Z,3.444,11590.1,0.000,0.0,0.000,0.0,0.425,505.6,0.352,119.2,5.68,21.14,0.00,0.00,21.80
2026-08-23T21:56:24Z,3.416,11568.8,0.000,0.0,0.000,0.0,0.426,505.9,0.356,119.5,5.63,25.76,0.00,0.00,21.80
2026-08-23T21:56:25Z,3.954,11584.3,0.000,0.0,0.000,0.0,0.442,505.7,0.365,119.2,6.31,22.96,0.00,0.00,21.80
2026-08-23T21:56:26Z,4.894,11578.6,0.000,0.0,0.000,0.0,0.422,505.8,0.354,119.4,5.24,19.46,0.00,0.00,21.80
2026-08-23T21:56:27Z,5.185,11579.4,0.000,0.0,0.000,0.0,0.472,505.7,0.385,119.3,5.41,19.18,0.00,0.00,22.46
2026-08-23T21:56:28Z,4.624,11562.7,0.000,0.0,0.000,0.0,0.441,505.7,0.359,119.3,5.70,24.79,0.00,0.00,22.46
2026-08-23T21:56:29Z,3.949,11582.0,0.000,0.0,0.000,0.0,0.438,505.9,0.358,119.3,6.88,28.99,0.00,0.00,22.46
2026-08-23T21:56:30Z,3.454,11564.5,0.000,0.0,0.000,0.0,0.429,505.9,0.354,119.3,6.43,35.42,0.00,0.00,22.46
2026-08-23T21:56:31Z,3.386,11583.6,0.000,0.0,0.000,0.0,0.431,505.7,0.359,119.6,6.61,32.58,0.00,0.00,22.66
2026-08-23T21:56:33Z,3.517,11570.8,0.000,0.0,0.000,0.0,0.433,506.2,0.363,119.3,8.25,33.08,0.00,0.00,22.66
2026-08-23T21:56:34Z,3.511,11588.1,0.000,0.0,0.000,0.0,0.446,505.7,0.370,119.3,6.55,27.30,0.00,0.00,22.66
2026-08-23T21:56:35Z,3.571,11571.7,0.000,0.0,0.000,0.0,0.457,505.7,0.376,119.2,7.59,28.20,0.00,0.00,22.66
2026-08-23T21:56:36Z,4.164,11569.9,0.000,0.0,0.000,0.0,0.441,506.3,0.360,119.4,9.33,30.07,0.00,0.00,22.66
2026-08-23T21:56:37Z,4.592,11577.9,0.000,0.0,0.000,0.0,0.444,505.9,0.378,119.4,19.99,30.74,0.00,0.00,23.17
2026-08-23T21:56:38Z,4.370,11565.5,0.000,0.0,0.000,0.0,0.462,505.7,0.373,119.3,27.14,36.29,0.00,0.00,23.17
2026-08-23T21:56:39Z,4.303,11557.1,0.000,0.0,0.000,0.0,0.452,505.7,0.371,119.3,24.06,45.04,0.00,0.00,23.17
2026-08-23T21:56:40Z,4.219,11542.5,0.000,0.0,0.000,0.0,0.439,506.2,0.362,119.3,27.44,41.74,0.00,0.00,23.17
2026-08-23T21:56:41Z,4.240,11553.8,0.000,0.0,0.000,0.0,0.441,505.7,0.355,119.3,27.79,44.32,0.00,0.00,23.17
2026-08-23T21:56:42Z,5.023,11559.3,0.000,0.0,0.000,0.0,0.433,505.9,0.353,119.3,31.45,38.75,0.00,0.00,23.72
2026-08-23T21:56:44Z,4.843,11560.4,0.000,0.0,0.000,0.0,0.456,505.7,0.368,119.3,36.49,41.55,0.00,0.00,23.72
2026-08-23T21:56:45Z,4.878,11559.4,0.000,0.0,0.000,0.0,0.448,505.9,0.367,119.5,39.94,42.10,0.00,0.00,23.72
2026-08-23T21:56:46Z,4.950,11560.7,0.000,0.0,0.000,0.0,0.444,505.9,0.366,119.3,42.05,41.80,0.00,0.00,23.72
2026-08-23T21:56:47Z,5.371,11552.8,0.000,0.0,0.000,0.0,0.431,505.7,0.360,119.4,28.02,31.42,0.00,0.00,24.46
2026-08-23T21:56:48Z,4.751,11555.6,0.000,0.0,0.000,0.0,0.473,505.7,0.392,119.3,35.82,38.93,0.00,0.00,24.46
2026-08-23T21:56:49Z,4.715,11546.4,0.000,0.0,0.000,0.0,0.452,505.7,0.365,119.3,41.26,42.32,0.00,0.00,24.46
2026-08-23T21:56:50Z,4.768,11559.6,0.000,0.0,0.000,0.0,0.457,505.7,0.382,119.3,37.37,42.35,0.00,0.00,24.46
2026-08-23T21:56:51Z,4.747,11552.0,0.000,0.0,0.000,0.0,0.447,505.9,0.368,119.3,40.50,49.96,0.00,0.00,24.46
2026-08-23T21:56:52Z,4.829,11550.2,0.000,0.0,0.000,0.0,0.441,506.2,0.371,119.2,45.42,44.72,0.00,0.00,25.39
2026-08-23T21:56:53Z,4.769,11563.7,0.000,0.0,0.000,0.0,0.455,505.7,0.366,119.5,46.08,44.50,0.00,0.00,25.39
2026-08-23T21:56:54Z,4.642,11562.0,0.000,0.0,0.000,0.0,0.451,506.2,0.367,119.4,41.52,39.34,0.00,0.00,25.39
2026-08-23T21:56:56Z,4.967,11541.7,0.000,0.0,0.000,0.0,0.447,505.8,0.374,119.4,40.95,39.80,0.00,0.00,25.39
2026-08-23T21:56:57Z,5.359,11544.3,0.000,0.0,0.000,0.0,0.445,505.8,0.373,119.4,37.77,34.00,0.00,0.00,25.44
2026-08-23T21:56:58Z,4.765,11551.6,0.000,0.0,0.000,0.0,0.461,505.8,0.383,119.4,45.08,39.04,0.00,0.00,25.44
2026-08-23T21:56:59Z,4.568,11543.2,0.000,0.0,0.000,0.0,0.439,506.0,0.361,119.4,43.49,91.44,0.00,0.00,25.44
2026-08-23T21:57:00Z,4.736,11545.6,0.000,0.0,0.000,0.0,0.432,505.8,0.366,119.4,45.34,41.44,0.00,0.00,25.44
2026-08-23T21:57:01Z,4.728,11547.1,0.000,0.0,0.000,0.0,0.441,505.7,0.367,119.3,45.56,49.21,0.00,0.00,25.44
2026-08-23T21:57:02Z,4.678,11543.9,0.000,0.0,0.000,0.0,0.461,505.8,0.383,119.6,46.06,42.54,0.00,0.00,24.20
2026-08-23T21:57:03Z,4.123,11552.6,0.000,0.0,0.000,0.0,0.428,505.9,0.347,119.5,38.59,257.43,0.00,0.00,24.20
2026-08-23T21:57:04Z,4.868,11552.1,0.000,0.0,0.000,0.0,0.482,506.3,0.404,119.5,36.49,31.14,0.00,0.00,24.20
2026-08-23T21:57:06Z,4.874,11543.2,0.000,0.0,0.000,0.0,0.473,505.8,0.388,119.5,35.92,28.96,0.00,0.00,24.20
2026-08-23T21:57:07Z,5.273,11526.9,0.000,0.0,0.000,0.0,0.453,506.1,0.385,119.5,27.05,21.97,0.00,0.00,24.74
2026-08-23T21:57:08Z,4.741,11550.1,0.000,0.0,0.000,0.0,0.448,505.8,0.361,119.5,44.61,33.91,0.00,0.00,24.74
2026-08-23T21:57:09Z,4.791,11535.3,0.000,0.0,0.000,0.0,0.466,505.8,0.387,119.5,40.64,32.29,0.00,0.00,24.74
2026-08-23T21:57:10Z,4.691,11544.4,0.000,0.0,0.000,0.0,0.453,505.9,0.377,119.5,44.94,33.17,0.00,0.00,24.74
2026-08-23T21:57:11Z,4.730,11522.4,0.000,0.0,0.000,0.0,0.446,506.4,0.372,119.4,45.26,42.49,0.00,0.00,24.74
2026-08-23T21:57:12Z,4.742,11527.9,0.000,0.0,0.000,0.0,0.461,505.9,0.379,119.7,41.42,33.39,0.00,0.00,25.17
2026-08-23T21:57:13Z,4.756,11531.1,0.000,0.0,0.000,0.0,0.455,505.8,0.374,119.7,40.60,32.62,0.00,0.00,25.17
2026-08-23T21:57:14Z,4.684,11535.0,0.000,0.0,0.000,0.0,0.458,505.9,0.375,119.4,42.13,33.99,0.00,0.00,25.17
2026-08-23T21:57:16Z,4.785,11512.7,0.000,0.0,0.000,0.0,0.443,505.9,0.373,119.4,41.76,34.71,0.00,0.00,25.17
2026-08-23T21:57:17Z,5.404,11531.7,0.000,0.0,0.000,0.0,0.452,506.3,0.360,119.4,33.05,27.43,0.00,0.00,26.19
2026-08-23T21:57:18Z,4.825,11540.6,0.000,0.0,0.000,0.0,0.443,506.0,0.384,119.3,40.20,33.21,0.00,0.00,26.19
2026-08-23T21:57:19Z,4.634,11538.0,0.000,0.0,0.000,0.0,0.437,506.0,0.365,119.4,44.51,34.84,0.00,0.00,26.19
2026-08-23T21:57:20Z,4.959,11526.8,0.000,0.0,0.000,0.0,0.420,506.0,0.353,119.3,43.85,54.86,0.00,0.00,26.19
2026-08-23T21:57:21Z,4.968,11538.6,0.000,0.0,0.000,0.0,0.455,505.8,0.369,119.3,35.80,28.24,0.00,0.00,26.19
2026-08-23T21:57:22Z,4.715,11536.9,0.000,0.0,0.000,0.0,0.449,505.7,0.356,119.3,42.67,59.41,0.00,0.00,26.10
2026-08-23T21:57:23Z,4.612,11533.5,0.000,0.0,0.000,0.0,0.445,506.3,0.367,119.4,43.83,55.41,0.00,0.00,26.10
2026-08-23T21:57:24Z,4.942,11525.7,0.000,0.0,0.000,0.0,0.437,506.0,0.369,119.3,40.05,32.22,0.00,0.00,26.10
2026-08-23T21:57:25Z,3.921,11518.3,0.000,0.0,0.000,0.0,0.408,506.1,0.331,119.7,31.48,313.34,0.00,0.00,26.10
2026-08-23T21:57:27Z,5.452,11525.5,0.000,0.0,0.000,0.0,0.432,505.9,0.359,119.7,23.16,23.73,0.00,0.00,27.77
2026-08-23T21:57:28Z,4.955,11529.0,0.000,0.0,0.000,0.0,0.456,505.9,0.395,119.7,27.46,23.76,0.00,0.00,27.77
2026-08-23T21:57:29Z,5.167,11514.7,0.000,0.0,0.000,0.0,0.447,505.9,0.366,119.7,35.81,29.69,0.00,0.00,27.77
2026-08-23T21:57:30Z,5.432,11510.5,0.000,0.0,0.000,0.0,0.433,506.1,0.361,119.7,28.02,22.28,0.00,0.00,27.77
2026-08-23T21:57:31Z,5.173,11520.6,0.000,0.0,0.000,0.0,0.455,505.8,0.368,119.7,36.26,30.01,0.00,0.00,27.77
2026-08-23T21:57:32Z,5.076,11527.2,0.000,0.0,0.000,0.0,0.431,505.8,0.368,119.6,38.81,33.99,0.00,0.00,28.03
2026-08-23T21:57:33Z,4.914,11521.2,0.000,0.0,0.000,0.0,0.461,505.9,0.376,119.7,35.64,28.75,0.00,0.00,28.03
2026-08-23T21:57:34Z,4.826,11523.4,0.000,0.0,0.000,0.0,0.457,505.8,0.378,119.6,33.98,29.00,0.00,0.00,28.03
2026-08-23T21:57:35Z,5.105,11532.7,0.000,0.0,0.000,0.0,0.451,505.8,0.382,119.6,39.01,33.38,0.00,0.00,28.03
2026-08-23T21:57:37Z,5.502,11503.0,0.000,0.0,0.000,0.0,0.430,505.9,0.344,119.8,74.71,17.33,0.00,0.00,29.23
2026-08-23T21:57:38Z,5.019,11508.7,0.000,0.0,0.000,0.0,0.468,505.9,0.393,119.6,30.20,21.58,0.00,0.00,29.23
2026-08-23T21:57:39Z,4.641,11484.2,0.000,0.0,0.000,0.0,0.442,505.7,0.363,119.5,12.41,26.58,0.00,0.00,29.23
2026-08-23T21:57:40Z,3.413,11500.9,0.000,0.0,0.000,0.0,0.437,505.8,0.362,119.4,10.90,33.54,0.00,0.00,29.23
2026-08-23T21:57:41Z,3.344,11529.3,0.000,0.0,0.000,0.0,0.429,505.8,0.358,119.4,13.38,33.23,0.00,0.00,29.23
2026-08-23T21:57:42Z,3.469,11503.4,0.000,0.0,0.000,0.0,0.434,505.8,0.368,119.7,11.44,38.53,0.00,0.00,27.53
2026-08-23T21:57:43Z,4.325,11498.1,0.000,0.0,0.000,0.0,0.444,506.3,0.362,119.4,24.94,28.35,0.00,0.00,27.53
2026-08-23T21:57:44Z,4.157,11509.6,0.000,0.0,0.000,0.0,0.437,506.0,0.365,119.5,29.73,27.54,0.00,0.00,27.53
2026-08-23T21:57:45Z,4.079,11494.9,0.000,0.0,0.000,0.0,0.447,506.0,0.364,119.3,31.84,29.40,0.00,0.00,27.53
2026-08-23T21:57:46Z,5.084,11516.5,0.000,0.0,0.000,0.0,0.444,505.8,0.369,119.4,23.38,25.16,0.00,0.00,28.53
2026-08-23T21:57:48Z,4.463,11512.4,0.000,0.0,0.000,0.0,0.439,506.2,0.370,119.5,31.29,24.74,0.00,0.00,28.53
2026-08-23T21:57:49Z,4.052,11493.4,0.000,0.0,0.000,0.0,0.456,505.7,0.375,119.3,31.23,27.61,0.00,0.00,28.53
2026-08-23T21:57:50Z,4.156,11505.3,0.000,0.0,0.000,0.0,0.442,505.7,0.365,119.3,31.22,27.43,0.00,0.00,28.53
2026-08-23T21:57:51Z,4.595,11513.6,0.000,0.0,0.000,0.0,0.440,505.7,0.370,119.3,27.08,23.19,0.00,0.00,28.53
2026-08-23T21:57:52Z,4.096,11499.1,0.000,0.0,0.000,0.0,0.456,506.2,0.374,119.3,35.85,26.79,0.00,0.00,27.52
2026-08-23T21:57:53Z,4.087,11490.7,0.000,0.0,0.000,0.0,0.440,506.0,0.361,119.5,34.25,31.54,0.00,0.00,27.52
2026-08-23T21:57:54Z,4.143,11506.4,0.000,0.0,0.000,0.0,0.441,505.7,0.369,119.3,32.15,23.41,0.00,0.00,27.52
2026-08-23T21:57:55Z,4.381,11495.8,0.000,0.0,0.000,0.0,0.449,505.7,0.367,119.3,32.24,24.79,0.00,0.00,27.52
2026-08-23T21:57:56Z,4.490,11472.1,0.000,0.0,0.000,0.0,0.410,505.9,0.345,119.6,21.45,201.26,0.00,0.00,27.52
2026-08-23T21:57:57Z,4.802,11500.9,0.000,0.0,0.000,0.0,0.485,506.1,0.400,119.6,23.09,20.79,0.00,0.00,28.68
2026-08-23T21:57:58Z,4.165,11480.8,0.000,0.0,0.000,0.0,0.454,505.9,0.376,119.6,32.90,24.80,0.00,0.00,28.68
2026-08-23T21:58:00Z,4.449,11489.0,0.000,0.0,0.000,0.0,0.429,505.8,0.358,119.6,28.67,21.68,0.00,0.00,28.68
2026-08-23T21:58:01Z,4.447,11497.5,0.000,0.0,0.000,0.0,0.439,505.9,0.373,119.6,29.53,24.99,0.00,0.00,28.68
2026-08-23T21:58:02Z,3.980,11477.6,0.000,0.0,0.000,0.0,0.444,505.8,0.365,119.5,34.00,26.27,0.00,0.00,28.23
2026-08-23T21:58:03Z,3.967,11492.4,0.000,0.0,0.000,0.0,0.446,505.9,0.367,119.6,34.64,33.80,0.00,0.00,28.23
2026-08-23T21:58:04Z,3.997,11476.0,0.000,0.0,0.000,0.0,0.443,505.8,0.369,119.6,36.53,29.79,0.00,0.00,28.23
2026-08-23T21:58:05Z,3.973,11491.0,0.000,0.0,0.000,0.0,0.451,505.9,0.374,119.4,35.06,25.32,0.00,0.00,28.23
2026-08-23T21:58:06Z,4.869,11480.4,0.000,0.0,0.000,0.0,0.458,506.0,0.375,119.4,26.10,21.22,0.00,0.00,28.23
2026-08-23T21:58:07Z,4.564,11475.7,0.000,0.0,0.000,0.0,0.454,506.5,0.377,119.5,29.69,23.43,0.00,0.00,28.21
2026-08-23T21:58:08Z,4.117,11487.6,0.000,0.0,0.000,0.0,0.448,505.7,0.378,119.4,32.00,26.38,0.00,0.00,28.21
2026-08-23T21:58:09Z,4.011,11474.0,0.000,0.0,0.000,0.0,0.443,506.0,0.368,119.4,35.07,27.34,0.00,0.00,28.21
2026-08-23T21:58:11Z,3.974,11487.0,0.000,0.0,0.000,0.0,0.457,505.9,0.370,119.3,33.01,25.78,0.00,0.00,28.21
2026-08-23T21:58:12Z,3.980,11472.1,0.000,0.0,0.000,0.0,0.459,506.0,0.370,119.4,36.23,28.42,0.00,0.00,27.47
2026-08-23T21:58:13Z,3.958,11482.8,0.000,0.0,0.000,0.0,0.443,505.7,0.366,119.3,32.02,35.29,0.00,0.00,27.47
2026-08-23T21:58:14Z,3.983,11491.8,0.000,0.0,0.000,0.0,0.459,506.0,0.376,119.3,33.74,31.67,0.00,0.00,27.47
2026-08-23T21:58:15Z,4.011,11482.0,0.000,0.0,0.000,0.0,0.450,506.0,0.377,119.3,31.84,35.83,0.00,0.00,27.47
2026-08-23T21:58:16Z,4.878,11476.3,0.000,0.0,0.000,0.0,0.442,505.8,0.367,119.3,25.70,29.67,0.00,0.00,27.47
2026-08-23T21:58:17Z,4.721,11468.3,0.000,0.0,0.000,0.0,0.472,505.7,0.386,119.2,24.75,23.48,0.00,0.00,27.59
2026-08-23T21:58:18Z,4.159,11479.3,0.000,0.0,0.000,0.0,0.493,505.8,0.399,119.3,29.72,26.30,0.00,0.00,27.59
2026-08-23T21:58:19Z,4.168,11492.1,0.000,0.0,0.000,0.0,0.478,505.8,0.385,119.3,30.62,26.37,0.00,0.00,27.59
2026-08-23T21:58:20Z,4.373,11472.5,0.000,0.0,0.000,0.0,0.475,505.8,0.396,119.3,29.63,24.79,0.00,0.00,27.59
2026-08-23T21:58:22Z,4.182,11483.7,0.000,0.0,0.000,0.0,0.483,505.9,0.393,119.2,30.75,25.54,0.00,0.00,26.59
2026-08-23T21:58:23Z,4.187,11462.9,0.000,0.0,0.000,0.0,0.481,505.7,0.395,119.3,30.59,26.05,0.00,0.00,26.59
2026-08-23T21:58:24Z,4.121,11468.9,0.000,0.0,0.000,0.0,0.461,505.7,0.389,119.3,28.10,30.20,0.00,0.00,26.59
2026-08-23T21:58:25Z,4.264,11476.6,0.000,0.0,0.000,0.0,0.478,505.8,0.389,119.3,28.72,21.97,0.00,0.00,26.59
2026-08-23T21:58:26Z,5.047,11462.3,0.000,0.0,0.000,0.0,0.471,505.8,0.387,119.6,25.19,17.51,0.00,0.00,26.59
2026-08-23T21:58:27Z,5.329,11447.9,0.000,0.0,0.000,0.0,0.444,506.0,0.362,119.4,21.72,22.40,0.00,0.00,26.62
2026-08-23T21:58:28Z,5.008,11479.6,0.000,0.0,0.000,0.0,0.492,506.3,0.418,119.4,18.80,17.08,0.00,0.00,26.62
2026-08-23T21:58:29Z,5.130,11480.2,0.000,0.0,0.000,0.0,0.469,505.8,0.389,119.3,20.89,18.15,0.00,0.00,26.62
2026-08-23T21:58:30Z,4.939,11452.4,0.000,0.0,0.000,0.0,0.452,505.8,0.377,119.6,24.50,22.72,0.00,0.00,26.62
2026-08-23T21:58:31Z,4.629,11461.9,0.000,0.0,0.000,0.0,0.448,505.8,0.369,119.3,16.04,22.08,0.00,0.00,26.33
2026-08-23T21:58:33Z,3.659,11433.5,0.000,0.0,0.000,0.0,0.451,505.8,0.371,119.3,6.07,24.50,0.00,0.00,26.33
2026-08-23T21:58:34Z,3.411,11451.2,0.000,0.0,0.000,0.0,0.437,505.7,0.368,119.3,6.62,37.72,0.00,0.00,26.33
2026-08-23T21:58:35Z,3.361,11469.0,0.000,0.0,0.000,0.0,0.427,505.9,0.361,119.3,7.39,31.19,0.00,0.00,26.33
2026-08-23T21:58:36Z,3.891,11473.7,0.000,0.0,0.000,0.0,0.436,506.1,0.362,119.4,7.93,32.40,0.00,0.00,26.33
2026-08-23T21:58:37Z,4.693,11446.8,0.000,0.0,0.000,0.0,0.454,506.0,0.377,119.3,6.56,24.03,0.00,0.00,26.54
2026-08-23T21:58:38Z,3.461,11468.1,0.000,0.0,0.000,0.0,0.451,505.7,0.369,119.3,7.72,30.01,0.00,0.00,26.54
2026-08-23T21:58:39Z,3.909,11450.6,0.000,0.0,0.000,0.0,0.456,505.9,0.378,119.3,10.99,28.79,0.00,0.00,26.54
2026-08-23T21:58:40Z,4.414,11468.2,0.000,0.0,0.000,0.0,0.455,505.9,0.372,119.3,23.44,26.84,0.00,0.00,26.54
2026-08-23T21:58:41Z,4.201,11450.3,0.000,0.0,0.000,0.0,0.451,505.7,0.375,119.3,29.04,28.40,0.00,0.00,26.54
2026-08-23T21:58:42Z,4.068,11467.8,0.000,0.0,0.000,0.0,0.456,506.2,0.376,119.6,32.69,30.10,0.00,0.00,25.38
2026-08-23T21:58:43Z,4.072,11451.7,0.000,0.0,0.000,0.0,0.453,505.7,0.380,119.3,29.25,34.27,0.00,0.00,25.38
2026-08-23T21:58:45Z,4.067,11470.7,0.000,0.0,0.000,0.0,0.469,505.9,0.380,119.3,31.43,27.94,0.00,0.00,25.38
2026-08-23T21:58:46Z,4.387,11464.3,0.000,0.0,0.000,0.0,0.458,505.7,0.381,119.4,27.81,26.91,0.00,0.00,25.38
2026-08-23T21:58:47Z,5.115,11450.6,0.000,0.0,0.000,0.0,0.453,505.8,0.370,119.4,44.38,20.33,0.00,0.00,24.63
2026-08-23T21:58:48Z,4.188,11465.2,0.000,0.0,0.000,0.0,0.469,505.9,0.392,119.6,28.15,27.22,0.00,0.00,24.63
2026-08-23T21:58:49Z,3.981,11456.2,0.000,0.0,0.000,0.0,0.445,505.7,0.363,119.3,35.67,29.27,0.00,0.00,24.63
2026-08-23T21:58:50Z,4.164,11439.8,0.000,0.0,0.000,0.0,0.451,505.7,0.372,119.3,32.16,25.86,0.00,0.00,24.63
2026-08-23T21:58:51Z,4.071,11457.0,0.000,0.0,0.000,0.0,0.441,505.7,0.366,119.3,34.33,25.78,0.00,0.00,24.63
2026-08-23T21:58:52Z,4.089,11440.2,0.000,0.0,0.000,0.0,0.447,505.7,0.373,119.3,32.54,27.74,0.00,0.00,23.70
2026-08-23T21:58:53Z,4.067,11455.0,0.000,0.0,0.000,0.0,0.450,505.9,0.367,119.3,32.99,26.00,0.00,0.00,23.70
2026-08-23T21:58:54Z,4.107,11437.4,0.000,0.0,0.000,0.0,0.449,505.7,0.381,119.3,31.98,32.51,0.00,0.00,23.70
2026-08-23T21:58:55Z,4.300,11456.3,0.000,0.0,0.000,0.0,0.446,505.9,0.368,119.3,31.45,25.95,0.00,0.00,23.70
2026-08-23T21:58:57Z,4.965,11423.3,0.000,0.0,0.000,0.0,0.455,505.7,0.372,119.3,23.12,19.80,0.00,0.00,22.76
2026-08-23T21:58:58Z,4.143,11438.9,0.000,0.0,0.000,0.0,0.455,506.0,0.373,119.6,32.82,31.12,0.00,0.00,22.76
2026-08-23T21:58:59Z,4.118,11451.5,0.000,0.0,0.000,0.0,0.450,505.7,0.376,119.3,32.38,25.63,0.00,0.00,22.76
2026-08-23T21:59:00Z,4.259,11433.7,0.000,0.0,0.000,0.0,0.451,505.7,0.369,119.3,31.35,27.25,0.00,0.00,22.76
2026-08-23T21:59:01Z,4.172,11452.7,0.000,0.0,0.000,0.0,0.455,505.7,0.376,119.3,34.66,28.78,0.00,0.00,22.76
2026-08-23T21:59:02Z,4.097,11436.8,0.000,0.0,0.000,0.0,0.467,506.0,0.387,119.8,33.10,27.26,0.00,0.00,22.06
2026-08-23T21:59:03Z,4.060,11454.5,0.000,0.0,0.000,0.0,0.449,505.9,0.371,119.3,35.78,26.75,0.00,0.00,22.06
2026-08-23T21:59:04Z,4.067,11433.4,0.000,0.0,0.000,0.0,0.456,505.7,0.380,119.6,28.88,35.07,0.00,0.00,22.06
2026-08-23T21:59:05Z,4.034,11454.1,0.000,0.0,0.000,0.0,0.445,505.9,0.369,119.3,35.13,28.77,0.00,0.00,22.06
2026-08-23T21:59:06Z,5.047,11432.7,0.000,0.0,0.000,0.0,0.452,506.0,0.375,119.3,71.87,21.80,0.00,0.00,23.41
2026-08-23T21:59:08Z,4.576,11452.8,0.000,0.0,0.000,0.0,0.478,505.7,0.385,119.3,134.74,25.36,0.00,0.00,23.41
2026-08-23T21:59:09Z,4.556,11423.5,0.000,0.0,0.000,0.0,0.462,506.3,0.386,119.4,95.26,28.30,0.00,0.00,23.41
2026-08-23T21:59:10Z,4.409,11445.1,0.000,0.0,0.000,0.0,0.450,506.2,0.369,119.5,27.50,24.20,0.00,0.00,23.41
2026-08-23T21:59:11Z,3.965,11428.5,0.000,0.0,0.000,0.0,0.442,505.7,0.362,119.5,33.40,29.56,0.00,0.00,23.41
2026-08-23T21:59:12Z,3.955,11418.4,0.000,0.0,0.000,0.0,0.448,505.7,0.363,119.2,38.23,32.89,0.00,0.00,22.82
2026-08-23T21:59:13Z,3.965,11437.2,0.000,0.0,0.000,0.0,0.439,505.7,0.362,119.2,34.25,32.12,0.00,0.00,22.82
2026-08-23T21:59:14Z,3.974,11420.7,0.000,0.0,0.000,0.0,0.445,505.7,0.357,119.3,32.77,36.32,0.00,0.00,22.82
2026-08-23T21:59:15Z,4.027,11435.1,0.000,0.0,0.000,0.0,0.461,505.9,0.372,119.2,31.67,37.07,0.00,0.00,22.82
2026-08-23T21:59:16Z,4.990,11416.4,0.000,0.0,0.000,0.0,0.434,505.7,0.361,119.6,23.97,31.64,0.00,0.00,22.82
2026-08-23T21:59:17Z,4.351,11429.7,0.000,0.0,0.000,0.0,0.462,505.9,0.380,119.3,29.45,38.09,0.00,0.00,22.67
2026-08-23T21:59:18Z,4.034,11432.2,0.000,0.0,0.000,0.0,0.447,505.7,0.362,119.3,39.74,36.92,0.00,0.00,22.67
2026-08-23T21:59:20Z,4.079,11441.1,0.000,0.0,0.000,0.0,0.449,505.7,0.368,119.2,33.77,32.18,0.00,0.00,22.67
2026-08-23T21:59:21Z,4.226,11423.7,0.000,0.0,0.000,0.0,0.445,505.9,0.369,119.3,32.41,32.53,0.00,0.00,22.67
2026-08-23T21:59:22Z,4.020,11416.2,0.000,0.0,0.000,0.0,0.446,505.7,0.365,119.2,37.66,35.03,0.00,0.00,21.26
2026-08-23T21:59:23Z,4.029,11434.0,0.000,0.0,0.000,0.0,0.442,505.9,0.360,119.2,35.47,31.07,0.00,0.00,21.26
2026-08-23T21:59:24Z,3.958,11413.2,0.000,0.0,0.000,0.0,0.459,505.8,0.386,119.6,30.27,28.00,0.00,0.00,21.26
2026-08-23T21:59:25Z,4.166,11427.9,0.000,0.0,0.000,0.0,0.458,505.8,0.370,119.6,31.29,36.50,0.00,0.00,21.26
2026-08-23T21:59:26Z,5.067,11416.6,0.000,0.0,0.000,0.0,0.443,505.9,0.364,119.7,24.75,22.79,0.00,0.00,21.26
2026-08-23T21:59:27Z,5.249,11407.5,0.000,0.0,0.000,0.0,0.439,506.1,0.368,119.6,15.74,18.65,0.00,0.00,22.12
2026-08-23T21:59:28Z,4.857,11422.4,0.000,0.0,0.000,0.0,0.457,505.9,0.372,119.6,10.23,31.33,0.00,0.00,22.12
2026-08-23T21:59:29Z,4.396,11410.1,0.000,0.0,0.000,0.0,0.444,506.1,0.365,119.6,8.94,26.48,0.00,0.00,22.12
2026-08-23T21:59:30Z,3.988,11430.0,0.000,0.0,0.000,0.0,0.439,505.8,0.364,119.4,7.71,28.37,0.00,0.00,22.12
2026-08-23T21:59:32Z,3.409,11418.8,0.000,0.0,0.000,0.0,0.433,506.0,0.358,119.4,8.88,28.94,0.00,0.00,20.99
2026-08-23T21:59:33Z,3.335,11407.1,0.000,0.0,0.000,0.0,0.433,506.1,0.357,119.5,8.45,30.35,0.00,0.00,20.99
2026-08-23T21:59:34Z,3.353,11427.1,0.000,0.0,0.000,0.0,0.429,505.8,0.353,119.4,8.31,30.03,0.00,0.00,20.99
2026-08-23T21:59:35Z,3.423,11416.7,0.000,0.0,0.000,0.0,0.441,505.8,0.362,119.6,11.04,37.62,0.00,0.00,20.99
2026-08-23T21:59:36Z,3.962,11418.7,0.000,0.0,0.000,0.0,0.432,505.9,0.357,119.4,8.24,29.81,0.00,0.00,20.99
2026-08-23T21:59:37Z,4.660,11391.8,0.000,0.0,0.000,0.0,0.440,506.1,0.362,119.3,7.15,23.47,0.00,0.00,21.23
2026-08-23T21:59:38Z,3.494,11415.4,0.000,0.0,0.000,0.0,0.443,505.8,0.370,119.4,8.34,30.50,0.00,0.00,21.23
2026-08-23T21:59:39Z,3.353,11404.2,0.000,0.0,0.000,0.0,0.425,505.7,0.347,119.3,8.64,31.02,0.00,0.00,21.23
2026-08-23T21:59:40Z,3.451,11423.9,0.000,0.0,0.000,0.0,0.447,505.8,0.371,119.3,9.82,30.19,0.00,0.00,21.23
2026-08-23T21:59:41Z,3.529,11414.4,0.000,0.0,0.000,0.0,0.440,505.9,0.359,119.3,9.20,30.57,0.00,0.00,21.23
2026-08-23T21:59:42Z,3.362,11404.0,0.000,0.0,0.000,0.0,0.438,506.0,0.365,119.3,9.10,30.00,0.00,0.00,20.17
2026-08-23T21:59:43Z,3.377,11426.8,0.000,0.0,0.000,0.0,0.433,505.7,0.352,119.3,8.46,31.77,0.00,0.00,20.17
2026-08-23T21:59:45Z,3.379,11416.0,0.000,0.0,0.000,0.0,0.434,506.0,0.361,119.3,9.11,30.77,0.00,0.00,20.17
2026-08-23T21:59:46Z,3.760,11417.2,0.000,0.0,0.000,0.0,0.428,505.7,0.348,119.3,7.51,34.36,0.00,0.00,20.17
2026-08-23T21:59:47Z,4.492,11422.7,0.000,0.0,0.000,0.0,0.438,505.9,0.368,119.3,9.00,21.98,0.00,0.00,19.04
2026-08-23T21:59:48Z,3.430,11411.7,0.000,0.0,0.000,0.0,0.436,505.7,0.359,119.6,6.73,28.07,0.00,0.00,19.04
2026-08-23T21:59:49Z,3.363,11429.8,0.000,0.0,0.000,0.0,0.427,505.7,0.350,119.3,5.85,31.11,0.00,0.00,19.04
2026-08-23T21:59:50Z,3.432,11418.2,0.000,0.0,0.000,0.0,0.438,505.7,0.356,119.8,6.65,31.15,0.00,0.00,19.04
2026-08-23T21:59:51Z,3.553,11404.9,0.000,0.0,0.000,0.0,0.434,505.7,0.355,119.2,6.53,30.19,0.00,0.00,19.04
2026-08-23T21:59:52Z,3.361,11423.7,0.000,0.0,0.000,0.0,0.428,505.7,0.356,119.3,6.49,31.37,0.00,0.00,18.79
2026-08-23T21:59:53Z,3.409,11410.1,0.000,0.0,0.000,0.0,0.437,505.7,0.366,119.2,6.32,30.02,0.00,0.00,18.79
2026-08-23T21:59:54Z,3.442,11406.7,0.000,0.0,0.000,0.0,0.436,505.7,0.356,119.3,6.74,29.48,0.00,0.00,18.79
2026-08-23T21:59:55Z,3.608,11424.9,0.000,0.0,0.000,0.0,0.433,505.7,0.357,119.3,9.13,35.67,0.00,0.00,18.79
2026-08-23T21:59:57Z,4.849,11404.6,0.000,0.0,0.000,0.0,0.434,505.7,0.358,119.3,7.68,21.28,0.00,0.00,18.09
2026-08-23T21:59:58Z,3.513,11425.8,0.000,0.0,0.000,0.0,0.442,505.9,0.363,119.3,6.82,31.11,0.00,0.00,18.09
2026-08-23T21:59:59Z,3.524,11416.5,0.000,0.0,0.000,0.0,0.434,505.7,0.356,119.3,8.74,29.25,0.00,0.00,18.09
2026-08-23T22:00:00Z,3.630,11405.0,0.000,0.0,0.000,0.0,0.443,505.7,0.364,119.3,7.87,37.92,0.00,0.00,18.09
2026-08-23T22:00:01Z,3.589,11395.7,0.000,0.0,0.000,0.0,0.448,505.9,0.368,119.5,7.41,32.21,0.00,0.00,18.09
2026-08-23T22:00:02Z,3.563,11415.0,0.000,0.0,0.000,0.0,0.461,505.7,0.374,119.3,6.16,30.43,0.00,0.00,17.76
2026-08-23T22:00:03Z,3.305,11405.7,0.000,0.0,0.000,0.0,0.427,505.9,0.348,119.2,8.86,30.17,0.00,0.00,17.76
2026-08-23T22:00:04Z,3.286,11394.3,0.000,0.0,0.000,0.0,0.435,505.7,0.357,119.2,8.05,31.55,0.00,0.00,17.76
2026-08-23T22:00:05Z,3.351,11417.2,0.000,0.0,0.000,0.0,0.431,505.9,0.353,119.2,8.59,37.38,0.00,0.00,17.76
2026-08-23T22:00:06Z,4.716,11391.8,0.000,0.0,0.000,0.0,0.444,505.8,0.371,119.6,68.61,21.96,0.00,0.00,17.76
2026-08-23T22:00:07Z,4.058,11417.4,0.000,0.0,0.000,0.0,0.456,505.7,0.375,119.3,127.30,29.24,0.00,0.00,17.94
2026-08-23T22:00:09Z,4.404,11378.7,0.000,0.0,0.000,0.0,0.449,505.9,0.371,119.3,20.68,25.68,0.00,0.00,17.94
2026-08-23T22:00:10Z,3.402,11405.2,0.000,0.0,0.000,0.0,0.431,505.7,0.352,119.5,9.78,30.56,0.00,0.00,17.94
2026-08-23T22:00:11Z,3.321,11394.8,0.000,0.0,0.000,0.0,0.430,505.9,0.350,119.5,10.14,27.44,0.00,0.00,17.94
2026-08-23T22:00:12Z,3.315,11383.0,0.000,0.0,0.000,0.0,0.431,505.7,0.356,119.3,10.38,25.94,0.00,0.00,17.38
2026-08-23T22:00:13Z,3.410,11400.0,0.000,0.0,0.000,0.0,0.429,505.7,0.350,119.5,9.30,24.40,0.00,0.00,17.38
2026-08-23T22:00:14Z,3.322,11387.5,0.000,0.0,0.000,0.0,0.432,505.7,0.359,119.3,10.17,25.36,0.00,0.00,17.38
2026-08-23T22:00:15Z,3.450,11406.5,0.000,0.0,0.000,0.0,0.442,505.7,0.368,119.2,9.90,23.75,0.00,0.00,17.38
2026-08-23T22:00:16Z,4.665,11369.9,0.000,0.0,0.000,0.0,0.437,505.7,0.362,119.3,9.40,26.74,0.00,0.00,17.38
2026-08-23T22:00:17Z,3.785,11380.0,0.000,0.0,0.000,0.0,0.449,505.7,0.376,119.3,9.20,23.13,0.00,0.00,16.79
2026-08-23T22:00:18Z,3.374,11396.7,0.000,0.0,0.000,0.0,0.426,505.7,0.354,119.3,9.16,23.33,0.00,0.00,16.79
2026-08-23T22:00:19Z,3.339,11383.0,0.000,0.0,0.000,0.0,0.428,505.7,0.353,119.3,9.89,26.70,0.00,0.00,16.79
2026-08-23T22:00:21Z,3.640,11401.7,0.000,0.0,0.000,0.0,0.436,505.9,0.356,119.3,9.69,25.16,0.00,0.00,16.79
2026-08-23T22:00:22Z,3.388,11391.4,0.000,0.0,0.000,0.0,0.429,505.7,0.358,119.3,12.02,26.58,0.00,0.00,16.25
2026-08-23T22:00:23Z,3.428,11377.9,0.000,0.0,0.000,0.0,0.430,505.7,0.358,119.3,10.11,24.28,0.00,0.00,16.25
2026-08-23T22:00:24Z,3.336,11395.5,0.000,0.0,0.000,0.0,0.425,505.9,0.355,119.3,9.51,26.03,0.00,0.00,16.25
2026-08-23T22:00:25Z,3.496,11383.8,0.000,0.0,0.000,0.0,0.433,505.9,0.356,119.2,9.67,25.68,0.00,0.00,16.25
2026-08-23T22:00:26Z,4.364,11390.5,0.000,0.0,0.000,0.0,0.415,505.7,0.352,119.3,9.07,33.53,0.00,0.00,16.25
2026-08-23T22:00:27Z,4.852,11392.8,0.000,0.0,0.000,0.0,0.477,506.0,0.395,119.3,9.73,19.58,0.00,0.00,17.43
2026-08-23T22:00:28Z,4.675,11374.2,0.000,0.0,0.000,0.0,0.439,506.2,0.361,119.2,16.43,31.92,0.00,0.00,17.43
2026-08-23T22:00:29Z,4.301,11364.2,0.000,0.0,0.000,0.0,0.439,505.6,0.368,119.2,25.62,36.12,0.00,0.00,17.43
2026-08-23T22:00:30Z,4.809,11405.2,0.000,0.0,0.000,0.0,0.448,505.9,0.366,119.1,21.26,40.91,0.00,0.00,17.43
2026-08-23T22:00:31Z,4.691,11393.8,0.000,0.0,0.000,0.0,0.426,505.4,0.369,118.9,27.93,36.96,0.00,0.00,17.43
2026-08-23T22:00:33Z,4.884,11440.1,0.000,0.0,0.000,0.0,0.439,505.2,0.373,119.1,25.08,35.30,0.00,0.00,17.80
2026-08-23T22:00:34Z,5.468,11448.6,0.000,0.0,0.000,0.0,0.427,505.2,0.357,118.9,21.01,28.88,0.00,0.00,17.80
2026-08-23T22:00:35Z,5.095,11461.6,0.000,0.0,0.000,0.0,0.435,505.2,0.370,119.1,26.61,33.42,0.00,0.00,17.80
2026-08-23T22:00:36Z,4.852,11486.8,0.000,0.0,0.000,0.0,0.453,505.2,0.366,118.9,25.01,43.92,0.00,0.00,17.80
2026-08-23T22:00:37Z,5.157,11481.5,0.000,0.0,0.000,0.0,0.442,505.2,0.373,118.9,23.36,29.57,0.00,0.00,17.89
2026-08-23T22:00:38Z,4.395,11499.7,0.000,0.0,0.000,0.0,0.457,505.1,0.379,118.9,28.48,37.28,0.00,0.00,17.89
2026-08-23T22:00:39Z,4.427,11497.5,0.000,0.0,0.000,0.0,0.448,505.1,0.374,118.9,30.46,38.94,0.00,0.00,17.89
2026-08-23T22:00:40Z,4.346,11507.2,0.000,0.0,0.000,0.0,0.455,505.1,0.377,118.9,31.94,38.67,0.00,0.00,17.89
2026-08-23T22:00:41Z,4.473,11528.3,0.000,0.0,0.000,0.0,0.449,505.1,0.368,119.1,31.36,38.29,0.00,0.00,17.89
2026-08-23T22:00:42Z,4.454,11548.6,0.000,0.0,0.000,0.0,0.449,505.1,0.366,118.9,30.25,37.02,0.00,0.00,18.22
2026-08-23T22:00:44Z,4.441,11571.0,0.000,0.0,0.000,0.0,0.441,505.3,0.361,118.8,31.43,39.26,0.00,0.00,18.22
2026-08-23T22:00:45Z,4.340,11557.0,0.000,0.0,0.000,0.0,0.465,505.1,0.375,118.8,30.41,37.25,0.00,0.00,18.22
2026-08-23T22:00:46Z,4.664,11582.5,0.000,0.0,0.000,0.0,0.446,505.1,0.359,118.9,28.36,36.42,0.00,0.00,18.22
2026-08-23T22:00:47Z,5.130,11608.0,0.000,0.0,0.000,0.0,0.411,505.4,0.350,118.9,33.07,38.23,0.00,0.00,19.33
2026-08-23T22:00:48Z,4.501,11621.4,0.000,0.0,0.000,0.0,0.469,505.1,0.385,118.9,26.11,35.68,0.00,0.00,19.33
2026-08-23T22:00:49Z,4.465,11647.6,0.000,0.0,0.000,0.0,0.455,505.1,0.374,119.1,32.35,37.11,0.00,0.00,19.33
2026-08-23T22:00:50Z,4.485,11631.6,0.000,0.0,0.000,0.0,0.451,505.3,0.363,118.9,30.64,36.05,0.00,0.00,19.33
2026-08-23T22:00:51Z,4.495,11684.4,0.000,0.0,0.000,0.0,0.458,505.1,0.375,118.8,33.19,38.51,0.00,0.00,19.33
2026-08-23T22:00:52Z,4.470,11700.8,0.000,0.0,0.000,0.0,0.452,505.1,0.364,118.8,32.59,36.82,0.00,0.00,18.90
2026-08-23T22:00:53Z,4.425,11683.1,0.000,0.0,0.000,0.0,0.455,505.1,0.364,118.9,32.83,35.90,0.00,0.00,18.90
2026-08-23T22:00:55Z,4.522,11696.6,0.000,0.0,0.000,0.0,0.443,505.4,0.365,118.8,29.13,36.77,0.00,0.00,18.90
2026-08-23T22:00:56Z,4.817,11716.5,0.000,0.0,0.000,0.0,0.422,505.1,0.349,118.9,30.02,32.37,0.00,0.00,18.90
2026-08-23T22:00:57Z,5.134,11713.3,0.000,0.0,0.000,0.0,0.428,505.4,0.365,118.8,25.12,36.04,0.00,0.00,20.27
2026-08-23T22:00:58Z,4.569,11730.1,0.000,0.0,0.000,0.0,0.456,505.1,0.382,118.9,31.57,35.02,0.00,0.00,20.27
2026-08-23T22:00:59Z,4.466,11744.0,0.000,0.0,0.000,0.0,0.450,505.1,0.371,119.1,32.22,33.50,0.00,0.00,20.27
2026-08-23T22:01:00Z,4.597,11760.2,0.000,0.0,0.000,0.0,0.451,505.4,0.372,118.8,34.28,31.72,0.00,0.00,20.27
2026-08-23T22:01:01Z,4.502,11774.2,0.000,0.0,0.000,0.0,0.450,505.3,0.371,118.8,32.57,39.41,0.00,0.00,20.27
2026-08-23T22:01:02Z,4.334,11750.4,0.000,0.0,0.000,0.0,0.441,505.2,0.361,118.8,35.61,25.63,0.00,0.00,19.37
2026-08-23T22:01:03Z,4.376,11756.0,0.000,0.0,0.000,0.0,0.452,505.1,0.372,118.8,32.07,22.26,0.00,0.00,19.37
2026-08-23T22:01:04Z,4.418,11767.3,0.000,0.0,0.000,0.0,0.447,505.2,0.366,118.8,32.06,28.99,0.00,0.00,19.37
2026-08-23T22:01:06Z,4.649,11780.2,0.000,0.0,0.000,0.0,0.434,505.4,0.353,118.9,30.50,23.41,0.00,0.00,19.37
2026-08-23T22:01:07Z,5.138,11803.3,0.000,0.0,0.000,0.0,0.435,505.4,0.370,118.9,21.54,26.59,0.00,0.00,19.98
2026-08-23T22:01:08Z,4.536,11812.9,0.000,0.0,0.000,0.0,0.440,505.4,0.372,118.8,33.01,24.25,0.00,0.00,19.98
2026-08-23T22:01:09Z,4.461,11819.0,0.000,0.0,0.000,0.0,0.443,505.1,0.368,118.9,32.60,23.21,0.00,0.00,19.98
2026-08-23T22:01:10Z,4.420,11827.0,0.000,0.0,0.000,0.0,0.449,505.1,0.363,118.8,34.81,22.75,0.00,0.00,19.98
2026-08-23T22:01:11Z,4.463,11834.1,0.000,0.0,0.000,0.0,0.443,505.1,0.364,118.8,33.38,23.36,0.00,0.00,19.98
2026-08-23T22:01:12Z,4.361,11839.0,0.000,0.0,0.000,0.0,0.444,505.3,0.360,118.8,33.19,23.49,0.00,0.00,18.94
2026-08-23T22:01:13Z,4.382,11845.8,0.000,0.0,0.000,0.0,0.437,505.3,0.359,118.8,32.63,23.07,0.00,0.00,18.94
2026-08-23T22:01:14Z,4.409,11847.2,0.000,0.0,0.000,0.0,0.453,505.4,0.373,118.9,30.00,20.13,0.00,0.00,18.94
2026-08-23T22:01:15Z,4.456,11853.8,0.000,0.0,0.000,0.0,0.437,505.4,0.367,118.8,33.19,20.57,0.00,0.00,18.94
2026-08-23T22:01:16Z,5.286,11817.9,0.000,0.0,0.000,0.0,0.390,505.2,0.337,118.9,17.61,13.58,0.00,0.00,20.46
2026-08-23T22:01:18Z,4.349,11789.9,0.000,0.0,0.000,0.0,0.453,505.2,0.377,118.9,7.73,26.12,0.00,0.00,20.46
2026-08-23T22:01:19Z,3.376,11807.9,0.000,0.0,0.000,0.0,0.429,505.2,0.355,119.1,8.37,27.67,0.00,0.00,20.46
2026-08-23T22:01:20Z,3.496,11823.8,0.000,0.0,0.000,0.0,0.437,505.2,0.359,118.8,7.62,25.73,0.00,0.00,20.46
2026-08-23T22:01:21Z,3.673,11841.2,0.000,0.0,0.000,0.0,0.437,505.4,0.357,119.1,7.93,27.18,0.00,0.00,20.46
2026-08-23T22:01:22Z,3.387,11861.3,0.000,0.0,0.000,0.0,0.426,505.1,0.350,118.8,7.82,30.63,0.00,0.00,19.55
2026-08-23T22:01:23Z,3.354,11841.1,0.000,0.0,0.000,0.0,0.431,505.2,0.349,118.9,7.77,29.38,0.00,0.00,19.55
2026-08-23T22:01:24Z,3.381,11857.6,0.000,0.0,0.000,0.0,0.425,505.2,0.349,118.8,7.40,29.11,0.00,0.00,19.55
2026-08-23T22:01:25Z,3.454,11835.2,0.000,0.0,0.000,0.0,0.429,505.4,0.357,118.8,8.84,26.24,0.00,0.00,19.55
2026-08-23T22:01:26Z,4.822,11848.1,0.000,0.0,0.000,0.0,0.445,505.4,0.363,118.9,21.67,21.28,0.00,0.00,19.55
2026-08-23T22:01:27Z,4.682,11846.9,0.000,0.0,0.000,0.0,0.469,505.2,0.371,119.2,7.65,27.56,0.00,0.00,20.62
2026-08-23T22:01:28Z,3.678,11864.1,0.000,0.0,0.000,0.0,0.432,505.7,0.354,118.9,7.36,26.22,0.00,0.00,20.62
2026-08-23T22:01:30Z,4.140,11879.3,0.000,0.0,0.000,0.0,0.437,505.7,0.365,118.9,6.78,24.78,0.00,0.00,20.62
2026-08-23T22:01:31Z,4.410,11854.7,0.000,0.0,0.000,0.0,0.447,505.4,0.366,118.9,6.35,23.71,0.00,0.00,20.62
2026-08-23T22:01:32Z,4.207,11869.4,0.000,0.0,0.000,0.0,0.437,505.4,0.354,119.1,6.15,31.39,0.00,0.00,19.37
2026-08-23T22:01:33Z,4.390,11907.4,0.000,0.0,0.000,0.0,0.440,505.2,0.365,118.9,184.58,25.63,0.00,0.00,19.37
2026-08-23T22:01:34Z,4.541,11977.1,0.000,0.0,0.000,0.0,0.442,505.2,0.371,118.9,322.70,24.22,0.00,0.00,19.37
2026-08-23T22:01:35Z,4.153,12018.1,0.000,0.0,0.000,0.0,0.440,505.6,0.362,119.0,206.63,117.48,0.00,0.00,19.37
2026-08-23T22:01:36Z,4.678,12052.8,0.000,0.0,0.000,0.0,0.425,505.3,0.343,119.0,174.16,125.23,0.00,0.00,19.37
2026-08-23T22:01:37Z,4.335,12063.8,0.000,0.0,0.000,0.0,0.385,505.3,0.329,119.1,219.33,318.14,0.00,0.00,19.50
2026-08-23T22:01:38Z,4.635,12119.8,0.000,0.0,0.000,0.0,0.486,505.3,0.407,119.0,238.36,30.18,0.00,0.00,19.50
2026-08-23T22:01:39Z,4.478,12136.1,0.000,0.0,0.000,0.0,0.470,505.3,0.381,119.1,277.92,68.08,0.00,0.00,19.50
2026-08-23T22:01:41Z,4.217,12167.9,0.000,0.0,0.000,0.0,0.436,505.3,0.358,119.0,290.00,166.45,0.00,0.00,19.50
2026-08-23T22:01:42Z,3.578,12159.2,0.000,0.0,0.000,0.0,0.407,505.9,0.320,119.5,247.02,312.26,0.00,0.00,18.58
2026-08-23T22:01:43Z,4.649,12200.4,0.000,0.0,0.000,0.0,0.508,505.5,0.413,119.1,224.50,23.26,0.00,0.00,18.58
2026-08-23T22:01:44Z,4.439,12193.6,0.000,0.0,0.000,0.0,0.452,505.8,0.370,119.2,285.92,67.84,0.00,0.00,18.58
2026-08-23T22:01:45Z,4.161,12212.5,0.000,0.0,0.000,0.0,0.425,505.3,0.370,119.2,240.50,119.36,0.00,0.00,18.58
2026-08-23T22:01:46Z,4.470,12232.2,0.000,0.0,0.000,0.0,0.428,505.4,0.348,119.2,186.14,116.63,0.00,0.00,18.58
2026-08-23T22:01:47Z,4.262,12213.1,0.000,0.0,0.000,0.0,0.389,505.8,0.315,119.3,219.19,196.87,0.00,0.00,19.10
2026-08-23T22:01:48Z,3.953,12240.1,0.000,0.0,0.000,0.0,0.452,505.7,0.378,119.3,245.41,210.04,0.00,0.00,19.10
2026-08-23T22:01:49Z,4.587,12255.1,0.000,0.0,0.000,0.0,0.473,505.9,0.391,119.3,257.17,18.93,0.00,0.00,19.10
2026-08-23T22:01:50Z,4.448,12257.7,0.000,0.0,0.000,0.0,0.441,505.7,0.356,119.3,282.36,83.65,0.00,0.00,19.10
2026-08-23T22:01:51Z,4.282,12276.8,0.000,0.0,0.000,0.0,0.453,505.7,0.381,119.3,251.63,128.06,0.00,0.00,19.10
2026-08-23T22:01:53Z,4.062,12274.1,0.000,0.0,0.000,0.0,0.444,505.7,0.361,119.4,261.88,140.13,0.00,0.00,18.77
2026-08-23T22:01:54Z,2.881,12236.4,0.000,0.0,0.000,0.0,0.375,505.8,0.318,119.7,255.48,363.66,0.00,0.00,18.77
2026-08-23T22:01:55Z,4.629,12265.2,0.000,0.0,0.000,0.0,0.487,505.6,0.417,119.6,178.03,12.77,0.00,0.00,18.77
2026-08-23T22:01:56Z,4.776,12279.3,0.000,0.0,0.000,0.0,0.459,505.5,0.375,119.6,196.64,15.66,0.00,0.00,18.77
2026-08-23T22:01:57Z,4.993,12248.9,0.000,0.0,0.000,0.0,0.439,505.6,0.357,119.6,171.72,62.97,0.00,0.00,20.07
2026-08-23T22:01:58Z,3.808,12255.4,0.000,0.0,0.000,0.0,0.390,505.6,0.319,119.5,211.64,341.91,0.00,0.00,20.07
2026-08-23T22:01:59Z,4.578,12256.8,0.000,0.0,0.000,0.0,0.495,505.8,0.413,119.6,202.48,53.64,0.00,0.00,20.07
2026-08-23T22:02:00Z,4.616,12261.5,0.000,0.0,0.000,0.0,0.435,505.5,0.369,119.4,250.94,24.44,0.00,0.00,20.07
2026-08-23T22:02:01Z,4.329,12280.1,0.000,0.0,0.000,0.0,0.453,506.1,0.369,119.3,236.95,119.44,0.00,0.00,20.07
2026-08-23T22:02:02Z,4.213,12280.3,0.000,0.0,0.000,0.0,0.431,505.8,0.351,119.4,147.53,119.59,0.00,0.00,19.66
2026-08-23T22:02:03Z,3.840,12273.6,0.000,0.0,0.000,0.0,0.405,505.5,0.333,119.3,5.01,264.64,0.00,0.00,19.66
2026-08-23T22:02:05Z,4.108,12276.1,0.000,0.0,0.000,0.0,0.453,505.8,0.381,119.3,5.55,229.99,0.00,0.00,19.66
2026-08-23T22:02:06Z,4.505,12268.6,0.000,0.0,0.000,0.0,0.424,505.6,0.360,119.3,88.77,25.61,0.00,0.00,19.66
2026-08-23T22:02:07Z,5.067,12286.7,0.000,0.0,0.000,0.0,0.453,505.5,0.381,119.7,96.11,16.45,0.00,0.00,20.25
2026-08-23T22:02:08Z,4.291,12269.4,0.000,0.0,0.000,0.0,0.447,505.6,0.363,119.2,186.23,20.18,0.00,0.00,20.25
2026-08-23T22:02:09Z,4.187,12264.0,0.000,0.0,0.000,0.0,0.434,505.5,0.354,119.4,192.76,23.47,0.00,0.00,20.25
2026-08-23T22:02:10Z,4.159,12287.3,0.000,0.0,0.000,0.0,0.442,505.8,0.360,119.1,203.47,20.60,0.00,0.00,20.25
2026-08-23T22:02:11Z,4.179,12260.4,0.000,0.0,0.000,0.0,0.449,505.5,0.365,119.0,173.80,20.98,0.00,0.00,20.25
2026-08-23T22:02:12Z,4.200,12267.2,0.000,0.0,0.000,0.0,0.444,505.6,0.360,119.1,202.01,26.96,0.00,0.00,19.51
2026-08-23T22:02:13Z,4.380,12285.5,0.000,0.0,0.000,0.0,0.445,505.5,0.368,119.0,209.88,33.63,0.00,0.00,19.51
2026-08-23T22:02:14Z,4.344,12267.5,0.000,0.0,0.000,0.0,0.441,505.3,0.367,119.1,212.21,31.49,0.00,0.00,19.51
2026-08-23T22:02:16Z,4.430,12247.4,0.000,0.0,0.000,0.0,0.429,505.6,0.359,119.2,185.92,27.60,0.00,0.00,19.51
2026-08-23T22:02:17Z,5.225,12220.9,0.000,0.0,0.000,0.0,0.439,505.3,0.370,119.0,107.63,21.54,0.00,0.00,21.15
2026-08-23T22:02:18Z,4.920,12239.3,0.000,0.0,0.000,0.0,0.441,505.3,0.371,118.9,135.73,28.24,0.00,0.00,21.15
2026-08-23T22:02:19Z,4.798,12243.7,0.000,0.0,0.000,0.0,0.449,505.4,0.359,119.0,147.66,28.91,0.00,0.00,21.15
2026-08-23T22:02:20Z,4.842,12235.6,0.000,0.0,0.000,0.0,0.426,505.3,0.361,118.9,181.74,27.75,0.00,0.00,21.15
2026-08-23T22:02:21Z,5.008,12240.8,0.000,0.0,0.000,0.0,0.455,505.3,0.367,119.0,186.70,27.77,0.00,0.00,21.15
2026-08-23T22:02:22Z,4.726,12259.7,0.000,0.0,0.000,0.0,0.435,505.3,0.365,118.9,158.63,32.70,0.00,0.00,20.58
2026-08-23T22:02:23Z,4.721,12260.7,0.000,0.0,0.000,0.0,0.450,505.3,0.363,118.9,153.62,29.43,0.00,0.00,20.58
2026-08-23T22:02:24Z,4.844,12271.6,0.000,0.0,0.000,0.0,0.434,505.3,0.355,118.9,154.01,33.37,0.00,0.00,20.58
2026-08-23T22:02:25Z,5.230,12254.6,0.000,0.0,0.000,0.0,0.458,505.4,0.372,118.9,170.00,23.08,0.00,0.00,20.58
2026-08-23T22:02:27Z,5.640,12227.9,0.000,0.0,0.000,0.0,0.421,505.5,0.337,119.1,115.82,21.43,0.00,0.00,22.29
2026-08-23T22:02:28Z,5.386,12240.2,0.000,0.0,0.000,0.0,0.446,505.5,0.357,119.0,126.56,20.55,0.00,0.00,22.29
2026-08-23T22:02:29Z,5.287,12235.1,0.000,0.0,0.000,0.0,0.473,505.5,0.385,119.0,101.31,23.14,0.00,0.00,22.29
2026-08-23T22:02:30Z,5.407,12227.4,0.000,0.0,0.000,0.0,0.433,505.4,0.346,119.0,16.15,22.11,0.00,0.00,22.29
2026-08-23T22:02:31Z,4.746,11554.1,0.000,0.0,0.000,0.0,0.446,505.4,0.364,119.0,21.60,28.57,0.00,0.00,22.29
2026-08-23T22:02:32Z,4.078,11599.0,0.000,0.0,0.000,0.0,0.444,505.9,0.361,118.9,27.81,31.85,0.00,0.00,21.95
2026-08-23T22:02:33Z,3.995,11641.9,0.000,0.0,0.000,0.0,0.452,505.4,0.370,118.9,26.89,30.59,0.00,0.00,21.95
2026-08-23T22:02:34Z,4.012,11682.1,0.000,0.0,0.000,0.0,0.459,505.4,0.378,119.0,25.93,34.90,0.00,0.00,21.95
2026-08-23T22:02:35Z,4.035,11730.0,0.000,0.0,0.000,0.0,0.452,505.4,0.363,118.9,26.74,43.62,0.00,0.00,21.95
2026-08-23T22:02:36Z,4.981,11777.4,0.000,0.0,0.000,0.0,0.451,505.4,0.367,118.9,21.14,30.67,0.00,0.00,23.23
2026-08-23T22:02:38Z,4.732,11807.8,0.000,0.0,0.000,0.0,0.472,505.9,0.388,118.9,23.63,28.69,0.00,0.00,23.23
2026-08-23T22:02:39Z,4.080,11861.2,0.000,0.0,0.000,0.0,0.446,505.4,0.361,118.9,33.44,38.07,0.00,0.00,23.23
2026-08-23T22:02:40Z,4.086,11915.6,0.000,0.0,0.000,0.0,0.463,505.3,0.374,118.9,34.46,38.79,0.00,0.00,23.23
2026-08-23T22:02:41Z,4.056,11969.3,0.000,0.0,0.000,0.0,0.450,505.6,0.370,118.8,34.51,38.20,0.00,0.00,23.23
2026-08-23T22:02:42Z,4.095,12023.0,0.000,0.0,0.000,0.0,0.450,505.3,0.368,118.9,33.93,38.26,0.00,0.00,22.41
2026-08-23T22:02:43Z,4.069,12079.4,0.000,0.0,0.000,0.0,0.449,505.6,0.364,119.1,38.48,36.14,0.00,0.00,22.41
2026-08-23T22:02:44Z,4.073,12134.9,0.000,0.0,0.000,0.0,0.446,505.3,0.363,119.4,37.37,44.12,0.00,0.00,22.41
2026-08-23T22:02:45Z,4.086,12189.5,0.000,0.0,0.000,0.0,0.457,505.3,0.374,118.8,38.93,29.04,0.00,0.00,22.41
2026-08-23T22:02:46Z,5.090,12185.9,0.000,0.0,0.000,0.0,0.441,505.4,0.362,119.2,27.49,18.89,0.00,0.00,22.41
2026-08-23T22:02:47Z,4.311,12231.0,0.000,0.0,0.000,0.0,0.450,505.6,0.372,118.9,35.63,25.07,0.00,0.00,21.98
2026-08-23T22:02:49Z,4.010,12197.5,0.000,0.0,0.000,0.0,0.439,505.3,0.360,118.8,40.78,29.55,0.00,0.00,21.98
2026-08-23T22:02:50Z,4.018,12204.6,0.000,0.0,0.000,0.0,0.444,505.3,0.357,118.9,35.90,29.70,0.00,0.00,21.98
2026-08-23T22:02:51Z,4.248,12208.4,0.000,0.0,0.000,0.0,0.442,505.5,0.358,119.0,34.76,27.27,0.00,0.00,21.98
2026-08-23T22:02:52Z,3.944,12210.8,0.000,0.0,0.000,0.0,0.436,505.3,0.363,118.9,33.40,24.24,0.00,0.00,20.54
2026-08-23T22:02:53Z,3.940,12211.9,0.000,0.0,0.000,0.0,0.442,505.6,0.362,118.9,32.26,23.50,0.00,0.00,20.54
2026-08-23T22:02:54Z,3.943,12214.2,0.000,0.0,0.000,0.0,0.435,505.3,0.355,118.9,32.72,23.53,0.00,0.00,20.54
2026-08-23T22:02:55Z,4.103,12211.1,0.000,0.0,0.000,0.0,0.448,505.2,0.367,118.8,28.03,31.46,0.00,0.00,20.54
2026-08-23T22:02:56Z,5.045,12199.1,0.000,0.0,0.000,0.0,0.421,505.7,0.350,118.9,21.78,18.85,0.00,0.00,20.54
2026-08-23T22:02:57Z,4.349,12199.7,0.000,0.0,0.000,0.0,0.449,505.2,0.385,118.9,30.45,26.92,0.00,0.00,20.26
2026-08-23T22:02:58Z,4.084,12202.7,0.000,0.0,0.000,0.0,0.447,505.2,0.366,118.9,34.49,26.77,0.00,0.00,20.26
2026-08-23T22:02:59Z,4.360,12204.0,0.000,0.0,0.000,0.0,0.455,505.4,0.367,118.8,31.57,28.10,0.00,0.00,20.26
2026-08-23T22:03:01Z,4.323,12204.8,0.000,0.0,0.000,0.0,0.454,505.4,0.369,118.8,31.72,26.14,0.00,0.00,20.26
2026-08-23T22:03:02Z,4.193,12159.8,0.000,0.0,0.000,0.0,0.460,505.4,0.383,118.8,17.21,24.90,0.00,0.00,19.20
2026-08-23T22:03:03Z,3.423,12174.0,0.000,0.0,0.000,0.0,0.453,505.2,0.365,118.8,5.92,23.27,0.00,0.00,19.20
2026-08-23T22:03:04Z,3.339,12187.4,0.000,0.0,0.000,0.0,0.446,505.2,0.361,118.9,5.38,21.93,0.00,0.00,19.20
2026-08-23T22:03:05Z,3.386,12200.8,0.000,0.0,0.000,0.0,0.447,505.7,0.372,118.9,5.11,27.37,0.00,0.00,19.20
2026-08-23T22:03:06Z,4.411,12191.4,0.000,0.0,0.000,0.0,0.461,505.2,0.378,119.0,6.25,32.63,0.00,0.00,19.20
2026-08-23T22:03:07Z,4.417,12192.4,0.000,0.0,0.000,0.0,0.446,505.2,0.373,118.9,5.04,23.75,0.00,0.00,19.58
2026-08-23T22:03:08Z,3.457,12209.9,0.000,0.0,0.000,0.0,0.448,505.2,0.370,118.9,5.28,30.00,0.00,0.00,19.58
2026-08-23T22:03:09Z,3.386,12182.8,0.000,0.0,0.000,0.0,0.440,505.4,0.354,118.9,5.76,30.20,0.00,0.00,19.58
2026-08-23T22:03:10Z,3.433,12198.2,0.000,0.0,0.000,0.0,0.454,505.4,0.373,118.9,5.51,29.32,0.00,0.00,19.58
2026-08-23T22:03:12Z,3.327,12216.6,0.000,0.0,0.000,0.0,0.433,505.4,0.354,118.9,5.61,35.72,0.00,0.00,19.05
2026-08-23T22:03:13Z,3.342,12190.8,0.000,0.0,0.000,0.0,0.445,505.2,0.367,118.9,7.11,31.79,0.00,0.00,19.05
2026-08-23T22:03:14Z,3.389,12207.9,0.000,0.0,0.000,0.0,0.439,505.2,0.352,118.8,6.63,29.66,0.00,0.00,19.05
2026-08-23T22:03:15Z,3.336,12223.7,0.000,0.0,0.000,0.0,0.440,505.2,0.363,118.9,6.29,36.71,0.00,0.00,19.05
2026-08-23T22:03:16Z,4.099,12204.9,0.000,0.0,0.000,0.0,0.432,505.2,0.356,118.9,6.80,25.89,0.00,0.00,19.05
2026-08-23T22:03:17Z,4.363,12210.4,0.000,0.0,0.000,0.0,0.457,505.4,0.373,118.9,4.96,23.10,0.00,0.00,18.73
2026-08-23T22:03:18Z,4.084,12180.9,0.000,0.0,0.000,0.0,0.451,505.2,0.371,118.9,16.87,26.26,0.00,0.00,18.73
2026-08-23T22:03:19Z,4.289,12174.4,0.000,0.0,0.000,0.0,0.438,505.1,0.364,118.9,26.14,26.33,0.00,0.00,18.73
2026-08-23T22:03:20Z,4.790,12210.7,0.000,0.0,0.000,0.0,0.451,505.2,0.380,118.9,23.09,23.85,0.00,0.00,18.73
2026-08-23T22:03:21Z,4.724,12199.2,0.000,0.0,0.000,0.0,0.448,505.2,0.367,118.9,21.16,22.24,0.00,0.00,18.73
2026-08-23T22:03:22Z,4.340,12196.8,0.000,0.0,0.000,0.0,0.437,505.4,0.360,119.1,28.81,26.85,0.00,0.00,18.11
2026-08-23T22:03:24Z,4.120,12194.3,0.000,0.0,0.000,0.0,0.439,505.4,0.361,118.9,30.67,29.56,0.00,0.00,18.11
2026-08-23T22:03:25Z,4.636,12185.4,0.000,0.0,0.000,0.0,0.442,505.1,0.364,118.9,23.10,24.89,0.00,0.00,18.11
2026-08-23T22:03:26Z,5.240,12179.7,0.000,0.0,0.000,0.0,0.440,505.2,0.366,118.9,19.84,27.06,0.00,0.00,18.11
2026-08-23T22:03:27Z,5.572,12157.5,0.000,0.0,0.000,0.0,0.411,505.4,0.339,118.9,18.48,18.03,0.00,0.00,19.38
2026-08-23T22:03:28Z,5.156,12191.8,0.000,0.0,0.000,0.0,0.459,505.5,0.392,118.9,21.49,20.36,0.00,0.00,19.38
2026-08-23T22:03:29Z,5.208,12182.2,0.000,0.0,0.000,0.0,0.432,505.2,0.362,118.9,22.78,20.52,0.00,0.00,19.38
2026-08-23T22:03:30Z,5.241,12169.4,0.000,0.0,0.000,0.0,0.429,505.2,0.358,118.9,19.83,20.26,0.00,0.00,19.38
2026-08-23T22:03:31Z,4.854,12200.7,0.000,0.0,0.000,0.0,0.464,505.2,0.385,119.1,19.69,21.98,0.00,0.00,19.38
2026-08-23T22:03:32Z,4.054,12196.6,0.000,0.0,0.000,0.0,0.450,505.2,0.367,118.8,28.04,25.33,0.00,0.00,18.47
2026-08-23T22:03:33Z,4.040,12198.8,0.000,0.0,0.000,0.0,0.447,505.2,0.367,118.9,33.52,27.24,0.00,0.00,18.47
2026-08-23T22:03:35Z,4.122,12200.9,0.000,0.0,0.000,0.0,0.444,505.1,0.361,118.9,33.87,26.60,0.00,0.00,18.47
2026-08-23T22:03:36Z,4.374,12166.0,0.000,0.0,0.000,0.0,0.446,505.2,0.360,119.0,30.54,32.27,0.00,0.00,18.47
2026-08-23T22:03:37Z,4.900,12190.2,0.000,0.0,0.000,0.0,0.448,505.4,0.371,118.8,23.51,27.38,0.00,0.00,17.39
2026-08-23T22:03:38Z,4.071,12152.4,0.000,0.0,0.000,0.0,0.448,505.7,0.366,118.9,41.52,24.35,0.12,0.00,17.39
2026-08-23T22:03:39Z,3.994,12159.0,0.000,0.0,0.000,0.0,0.442,505.1,0.359,118.9,39.20,26.08,0.00,0.00,17.39
2026-08-23T22:03:40Z,4.043,12163.9,0.000,0.0,0.000,0.0,0.460,505.2,0.376,119.2,36.91,24.79,0.00,0.00,17.39
2026-08-23T22:03:41Z,4.097,12169.7,0.000,0.0,0.000,0.0,0.439,505.1,0.355,118.8,37.28,26.52,0.00,0.00,17.39
2026-08-23T22:03:42Z,4.037,12178.2,0.000,0.0,0.000,0.0,0.447,505.4,0.372,118.8,40.29,28.32,0.00,0.00,16.56
2026-08-23T22:03:43Z,4.072,12187.1,0.000,0.0,0.000,0.0,0.461,505.1,0.367,118.9,38.02,37.01,0.00,0.00,16.56
2026-08-23T22:03:44Z,4.105,12150.9,0.000,0.0,0.000,0.0,0.443,505.1,0.368,118.9,34.19,39.69,0.00,0.00,16.56
2026-08-23T22:03:45Z,4.369,12163.7,0.000,0.0,0.000,0.0,0.462,505.1,0.378,118.9,32.68,45.20,0.00,0.00,16.56
2026-08-23T22:03:47Z,5.110,12150.2,0.000,0.0,0.000,0.0,0.440,505.7,0.374,118.9,23.49,28.32,0.00,0.00,17.15
2026-08-23T22:03:48Z,4.175,12160.3,0.000,0.0,0.000,0.0,0.449,505.4,0.365,118.8,33.68,38.52,0.00,0.00,17.15
2026-08-23T22:03:49Z,4.066,12165.8,0.000,0.0,0.000,0.0,0.452,505.1,0.362,118.8,33.78,33.76,0.00,0.00,17.15
2026-08-23T22:03:50Z,4.144,12168.7,0.000,0.0,0.000,0.0,0.446,505.1,0.365,119.1,33.64,27.26,0.00,0.00,17.15
2026-08-23T22:03:51Z,4.196,12168.3,0.000,0.0,0.000,0.0,0.442,505.1,0.358,119.1,32.69,27.41,0.00,0.00,17.15
2026-08-23T22:03:52Z,4.096,12173.4,0.000,0.0,0.000,0.0,0.435,505.1,0.369,118.9,34.18,29.68,0.00,0.00,16.66
2026-08-23T22:03:53Z,4.097,12176.6,0.000,0.0,0.000,0.0,0.447,505.1,0.361,118.8,34.34,29.31,0.00,0.00,16.66
2026-08-23T22:03:54Z,4.142,12180.5,0.000,0.0,0.000,0.0,0.455,505.1,0.375,118.8,33.44,29.21,0.00,0.00,16.66
2026-08-23T22:03:55Z,4.211,12151.8,0.000,0.0,0.000,0.0,0.437,505.1,0.358,118.8,33.22,26.91,0.00,0.00,16.66
2026-08-23T22:03:56Z,5.150,12144.1,0.000,0.0,0.000,0.0,0.440,505.2,0.361,118.9,21.55,24.70,0.00,0.00,16.66
2026-08-23T22:03:58Z,4.387,12170.7,0.000,0.0,0.000,0.0,0.431,505.1,0.361,118.8,29.39,26.66,0.00,0.00,18.37
2026-08-23T22:03:59Z,4.119,12174.3,0.000,0.0,0.000,0.0,0.447,505.1,0.372,119.1,32.41,27.74,0.00,0.00,18.37
2026-08-23T22:04:00Z,4.351,12123.2,0.000,0.0,0.000,0.0,0.438,505.1,0.360,119.1,11.88,23.27,0.00,0.00,18.37
2026-08-23T22:04:01Z,3.645,12138.9,0.000,0.0,0.000,0.0,0.429,505.1,0.355,118.8,6.43,28.12,0.00,0.00,18.37
2026-08-23T22:04:02Z,3.866,12146.4,0.000,0.0,0.000,0.0,0.442,505.1,0.362,118.8,10.29,27.87,0.00,0.00,18.10
2026-08-23T22:04:03Z,4.308,12137.8,0.000,0.0,0.000,0.0,0.439,505.1,0.364,118.8,23.64,26.14,0.00,0.00,18.10
2026-08-23T22:04:04Z,4.204,12160.9,0.000,0.0,0.000,0.0,0.446,505.4,0.366,118.8,26.38,24.44,0.00,0.00,18.10
2026-08-23T22:04:05Z,4.056,12169.8,0.000,0.0,0.000,0.0,0.440,505.1,0.366,118.8,28.23,23.00,0.00,0.00,18.10
2026-08-23T22:04:06Z,4.981,12137.4,0.000,0.0,0.000,0.0,0.444,505.2,0.360,119.0,24.59,29.92,0.00,0.00,18.10
2026-08-23T22:04:07Z,4.685,12154.7,0.000,0.0,0.000,0.0,0.458,505.1,0.384,118.9,22.59,27.26,0.00,0.00,19.21
2026-08-23T22:04:08Z,4.244,12153.5,0.000,0.0,0.000,0.0,0.457,505.6,0.379,118.9,29.28,25.22,0.00,0.00,19.21
2026-08-23T22:04:10Z,4.041,12153.2,0.000,0.0,0.000,0.0,0.458,505.6,0.362,118.9,28.67,28.26,0.00,0.00,19.21
2026-08-23T22:04:11Z,4.041,12153.6,0.000,0.0,0.000,0.0,0.465,505.9,0.365,118.9,28.11,26.72,0.00,0.00,19.21
2026-08-23T22:04:12Z,4.042,12155.5,0.000,0.0,0.000,0.0,0.438,505.1,0.356,118.9,28.80,27.06,0.00,0.00,19.52
2026-08-23T22:04:13Z,4.050,12156.0,0.000,0.0,0.000,0.0,0.442,505.1,0.364,118.9,28.69,28.99,0.00,0.00,19.52
2026-08-23T22:04:14Z,4.006,12158.0,0.000,0.0,0.000,0.0,0.453,505.1,0.363,118.8,29.41,26.24,0.00,0.00,19.52
2026-08-23T22:04:15Z,4.088,12146.6,0.000,0.0,0.000,0.0,0.464,505.1,0.374,118.9,33.33,29.68,0.00,0.00,19.52
2026-08-23T22:04:16Z,4.870,12130.0,0.000,0.0,0.000,0.0,0.424,505.4,0.362,118.9,23.51,28.85,0.00,0.00,19.52
2026-08-23T22:04:17Z,4.444,12150.9,0.000,0.0,0.000,0.0,0.445,505.4,0.363,118.9,29.74,28.83,0.00,0.00,19.08
2026-08-23T22:04:18Z,4.074,12126.3,0.000,0.0,0.000,0.0,0.437,505.3,0.355,118.8,34.92,30.69,0.00,0.00,19.08
2026-08-23T22:04:19Z,4.054,12134.6,0.000,0.0,0.000,0.0,0.446,505.2,0.365,118.9,36.04,31.52,0.00,0.00,19.08
2026-08-23T22:04:21Z,4.284,12137.4,0.000,0.0,0.000,0.0,0.451,505.1,0.377,118.8,32.15,29.59,0.00,0.00,19.08
2026-08-23T22:04:22Z,4.086,12147.8,0.000,0.0,0.000,0.0,0.428,505.1,0.360,119.1,36.87,30.61,0.00,0.00,18.51
2026-08-23T22:04:23Z,4.130,12148.5,0.000,0.0,0.000,0.0,0.443,505.1,0.363,118.8,31.24,26.24,0.00,0.00,18.51
2026-08-23T22:04:24Z,3.941,12151.3,0.000,0.0,0.000,0.0,0.441,505.1,0.368,119.1,31.17,26.56,0.00,0.00,18.51
2026-08-23T22:04:25Z,4.129,12148.9,0.000,0.0,0.000,0.0,0.447,505.2,0.363,118.9,27.00,21.24,0.00,0.00,18.51
2026-08-23T22:04:26Z,4.958,12110.8,0.000,0.0,0.000,0.0,0.407,505.3,0.341,119.1,23.87,17.76,0.00,0.00,18.51
2026-08-23T22:04:27Z,5.262,12136.6,0.000,0.0,0.000,0.0,0.428,505.4,0.361,119.0,21.96,32.27,0.00,0.00,20.07
2026-08-23T22:04:28Z,5.033,12142.4,0.000,0.0,0.000,0.0,0.481,505.5,0.390,119.0,31.46,24.45,0.00,0.00,20.07
2026-08-23T22:04:29Z,4.915,12144.3,0.000,0.0,0.000,0.0,0.448,505.3,0.365,119.2,28.29,28.00,0.00,0.00,20.07
2026-08-23T22:04:30Z,4.457,12146.8,0.000,0.0,0.000,0.0,0.435,505.3,0.363,119.0,30.63,28.16,0.00,0.00,20.07
2026-08-23T22:04:31Z,4.178,12149.3,0.000,0.0,0.000,0.0,0.442,506.0,0.371,119.4,30.80,30.93,0.00,0.00,20.07
2026-08-23T22:04:33Z,3.907,12145.7,0.000,0.0,0.000,0.0,0.447,505.3,0.366,119.0,26.39,24.97,0.00,0.00,20.22
2026-08-23T22:04:34Z,3.917,12144.1,0.000,0.0,0.000,0.0,0.454,505.5,0.372,119.0,28.50,23.68,0.00,0.00,20.22
2026-08-23T22:04:35Z,3.949,12144.9,0.000,0.0,0.000,0.0,0.449,505.8,0.368,118.9,30.20,25.21,0.00,0.00,20.22
2026-08-23T22:04:36Z,4.474,12146.8,0.000,0.0,0.000,0.0,0.452,505.9,0.358,119.3,23.06,34.06,0.00,0.00,20.22
2026-08-23T22:04:37Z,4.804,12134.6,0.000,0.0,0.000,0.0,0.437,505.2,0.373,118.9,23.07,29.98,0.00,0.00,19.89
2026-08-23T22:04:38Z,4.018,12139.6,0.000,0.0,0.000,0.0,0.441,505.3,0.358,119.0,33.25,39.08,0.00,0.00,19.89
2026-08-23T22:04:39Z,4.082,12145.9,0.000,0.0,0.000,0.0,0.445,505.2,0.364,118.9,33.85,31.56,0.00,0.00,19.89
2026-08-23T22:04:40Z,4.029,12111.5,0.000,0.0,0.000,0.0,0.449,505.2,0.366,118.9,36.63,32.94,0.00,0.00,19.89
2026-08-23T22:04:41Z,4.115,12118.4,0.000,0.0,0.000,0.0,0.463,505.2,0.376,118.9,33.61,33.33,0.00,0.00,19.89
2026-08-23T22:04:42Z,4.076,12129.5,0.000,0.0,0.000,0.0,0.441,505.2,0.362,118.9,36.48,33.64,0.00,0.00,19.33
2026-08-23T22:04:43Z,4.052,12134.8,0.000,0.0,0.000,0.0,0.435,505.2,0.364,119.1,33.63,35.25,0.00,0.00,19.33
2026-08-23T22:04:45Z,3.629,12123.8,0.000,0.0,0.000,0.0,0.441,505.2,0.356,119.1,7.34,29.73,0.00,0.00,19.33
2026-08-23T22:04:46Z,3.593,12150.6,0.000,0.0,0.000,0.0,0.428,505.2,0.358,118.9,6.77,31.00,0.00,0.00,19.33
2026-08-23T22:04:47Z,4.962,12119.9,0.000,0.0,0.000,0.0,0.426,505.2,0.354,118.9,6.89,30.47,0.00,0.00,20.51
2026-08-23T22:04:48Z,3.541,12141.1,0.000,0.0,0.000,0.0,0.433,505.2,0.359,118.9,8.12,29.16,0.00,0.00,20.51
2026-08-23T22:04:49Z,3.330,12120.8,0.000,0.0,0.000,0.0,0.427,505.2,0.351,119.1,7.48,30.28,0.00,0.00,20.51
2026-08-23T22:04:50Z,3.390,12138.0,0.000,0.0,0.000,0.0,0.434,505.2,0.357,118.9,6.75,28.68,0.00,0.00,20.51
2026-08-23T22:04:51Z,3.548,12117.4,0.000,0.0,0.000,0.0,0.440,505.2,0.356,119.3,7.09,29.96,0.00,0.00,20.51
2026-08-23T22:04:52Z,3.326,12134.1,0.000,0.0,0.000,0.0,0.435,505.2,0.354,118.9,6.35,29.42,0.00,0.00,19.91
2026-08-23T22:04:53Z,3.369,12108.5,0.000,0.0,0.000,0.0,0.426,505.4,0.351,118.8,6.58,31.04,0.00,0.00,19.91
2026-08-23T22:04:54Z,3.346,12126.5,0.000,0.0,0.000,0.0,0.435,505.4,0.357,118.8,5.87,32.68,0.00,0.00,19.91
2026-08-23T22:04:55Z,3.553,12129.5,0.000,0.0,0.000,0.0,0.428,505.5,0.353,118.9,6.72,30.31,0.00,0.00,19.91
2026-08-23T22:04:57Z,4.921,12114.6,0.000,0.0,0.000,0.0,0.442,505.2,0.360,119.1,5.94,22.54,0.00,0.00,19.67
2026-08-23T22:04:58Z,3.642,12133.5,0.000,0.0,0.000,0.0,0.438,505.2,0.356,118.8,6.30,37.12,0.00,0.00,19.67
2026-08-23T22:04:59Z,3.387,12108.3,0.000,0.0,0.000,0.0,0.421,505.2,0.347,118.8,6.13,32.03,0.00,0.00,19.67
2026-08-23T22:05:00Z,3.524,12126.4,0.000,0.0,0.000,0.0,0.431,505.2,0.357,118.8,7.34,30.96,0.00,0.00,19.67
2026-08-23T22:05:01Z,3.497,12117.2,0.000,0.0,0.000,0.0,0.419,505.7,0.348,118.8,5.60,29.87,0.00,0.00,19.67
2026-08-23T22:05:02Z,3.484,12113.8,0.000,0.0,0.000,0.0,0.459,505.4,0.382,118.9,5.53,22.82,0.00,0.00,20.58
2026-08-23T22:05:03Z,3.403,12128.0,0.000,0.0,0.000,0.0,0.443,505.2,0.368,119.0,5.34,23.19,0.00,0.00,20.58
2026-08-23T22:05:04Z,3.296,12118.7,0.000,0.0,0.000,0.0,0.430,505.2,0.357,118.8,6.38,30.08,0.00,0.00,20.58
2026-08-23T22:05:05Z,3.327,12116.3,0.000,0.0,0.000,0.0,0.436,505.5,0.358,118.8,6.08,29.31,0.00,0.00,20.58
2026-08-23T22:05:06Z,4.816,12087.3,0.000,0.0,0.000,0.0,0.442,505.5,0.353,118.9,5.05,23.32,0.00,0.00,20.58
2026-08-23T22:05:07Z,3.610,12106.8,0.000,0.0,0.000,0.0,0.436,505.2,0.361,118.9,5.72,35.83,0.00,0.00,19.97
2026-08-23T22:05:09Z,3.373,12125.3,0.000,0.0,0.000,0.0,0.438,505.2,0.361,118.8,5.92,38.50,0.00,0.00,19.97
2026-08-23T22:05:10Z,3.323,12101.9,0.000,0.0,0.000,0.0,0.435,505.5,0.353,118.9,6.62,32.05,0.00,0.00,19.97
2026-08-23T22:05:11Z,3.335,12121.1,0.000,0.0,0.000,0.0,0.428,505.1,0.353,118.8,6.25,33.11,0.00,0.00,19.97
2026-08-23T22:05:12Z,3.355,12139.7,0.000,0.0,0.000,0.0,0.449,505.2,0.364,118.8,6.36,30.47,0.00,0.00,19.74
2026-08-23T22:05:13Z,3.323,12114.5,0.000,0.0,0.000,0.0,0.425,505.2,0.346,119.1,6.10,30.88,0.00,0.00,19.74
2026-08-23T22:05:14Z,3.271,12131.5,0.000,0.0,0.000,0.0,0.429,505.2,0.355,118.8,6.66,34.43,0.00,0.00,19.74
2026-08-23T22:05:15Z,3.404,12106.8,0.000,0.0,0.000,0.0,0.443,505.2,0.357,118.8,6.74,30.30,0.00,0.00,19.74
2026-08-23T22:05:16Z,4.548,12088.1,0.000,0.0,0.000,0.0,0.434,505.2,0.348,118.9,6.35,25.83,0.00,0.00,19.74
2026-08-23T22:05:17Z,3.812,12099.1,0.000,0.0,0.000,0.0,0.441,505.7,0.363,118.9,6.21,28.57,0.00,0.00,19.84
2026-08-23T22:05:18Z,3.315,12117.8,0.000,0.0,0.000,0.0,0.416,505.2,0.350,118.8,6.83,39.42,0.00,0.00,19.84
2026-08-23T22:05:19Z,3.358,12095.3,0.000,0.0,0.000,0.0,0.434,505.2,0.357,118.9,7.47,33.39,0.00,0.00,19.84
2026-08-23T22:05:21Z,3.532,12113.4,0.000,0.0,0.000,0.0,0.427,505.2,0.352,118.8,7.19,31.01,0.00,0.00,19.84
2026-08-23T22:05:22Z,3.488,12131.1,0.000,0.0,0.000,0.0,0.441,505.2,0.364,118.8,7.40,30.38,0.00,0.00,18.97
2026-08-23T22:05:23Z,3.420,12106.4,0.000,0.0,0.000,0.0,0.422,505.1,0.346,118.8,6.57,32.09,0.00,0.00,18.97
2026-08-23T22:05:24Z,3.300,12126.4,0.000,0.0,0.000,0.0,0.424,505.4,0.354,118.8,8.08,33.33,0.00,0.00,18.97
2026-08-23T22:05:25Z,3.477,12101.7,0.000,0.0,0.000,0.0,0.443,505.2,0.360,118.8,7.31,29.79,0.00,0.00,18.97
2026-08-23T22:05:26Z,4.220,12086.8,0.000,0.0,0.000,0.0,0.433,505.5,0.363,118.9,6.56,22.58,0.00,0.00,18.97
2026-08-23T22:05:27Z,5.113,12087.7,0.000,0.0,0.000,0.0,0.443,505.7,0.375,118.9,6.70,16.65,0.00,0.00,20.57
2026-08-23T22:05:28Z,4.453,12100.9,0.000,0.0,0.000,0.0,0.429,505.5,0.351,118.9,6.37,26.16,0.00,0.00,20.57
2026-08-23T22:05:29Z,4.253,12114.8,0.000,0.0,0.000,0.0,0.434,505.2,0.356,118.9,7.21,22.58,0.00,0.00,20.57
2026-08-23T22:05:30Z,4.043,12128.2,0.000,0.0,0.000,0.0,0.424,505.7,0.348,118.9,7.05,21.80,0.00,0.00,20.57
2026-08-23T22:05:31Z,3.365,12098.1,0.000,0.0,0.000,0.0,0.423,505.2,0.354,118.9,6.87,24.28,0.00,0.00,20.57
2026-08-23T22:05:33Z,3.265,12111.9,0.000,0.0,0.000,0.0,0.421,505.2,0.351,118.9,8.13,24.61,0.00,0.00,20.05
2026-08-23T22:05:34Z,3.275,12111.1,0.000,0.0,0.000,0.0,0.423,505.2,0.353,118.9,8.10,24.17,0.00,0.00,20.05
2026-08-23T22:05:35Z,3.370,12098.1,0.000,0.0,0.000,0.0,0.440,505.2,0.357,118.9,6.82,18.89,0.00,0.00,20.05
2026-08-23T22:05:36Z,3.798,12126.0,0.000,0.0,0.000,0.0,0.429,505.3,0.355,119.2,7.40,24.05,0.00,0.00,20.05
2026-08-23T22:05:37Z,4.607,12083.5,0.000,0.0,0.000,0.0,0.456,505.2,0.365,118.9,7.13,17.79,0.00,0.00,19.96
2026-08-23T22:05:38Z,3.392,12099.0,0.000,0.0,0.000,0.0,0.432,505.7,0.359,118.9,7.26,30.98,0.00,0.00,19.96
2026-08-23T22:05:39Z,3.343,12113.5,0.000,0.0,0.000,0.0,0.431,505.4,0.349,118.8,7.49,31.08,0.00,0.00,19.96
2026-08-23T22:05:40Z,3.269,12086.7,0.000,0.0,0.000,0.0,0.429,505.2,0.358,118.8,8.12,25.79,0.00,0.00,19.96
2026-08-23T22:05:41Z,3.359,12103.8,0.000,0.0,0.000,0.0,0.442,505.2,0.360,118.8,7.80,28.37,0.00,0.00,19.96
2026-08-23T22:05:42Z,3.329,12079.3,0.000,0.0,0.000,0.0,0.433,505.4,0.357,118.8,7.78,29.35,0.00,0.00,19.25
2026-08-23T22:05:43Z,3.386,12097.1,0.000,0.0,0.000,0.0,0.440,505.2,0.362,118.8,7.69,29.37,0.00,0.00,19.25
2026-08-23T22:05:45Z,4.233,12075.3,0.000,0.0,0.000,0.0,0.442,505.4,0.362,118.8,16.64,35.94,0.00,0.00,19.25
2026-08-23T22:05:46Z,4.435,12084.1,0.000,0.0,0.000,0.0,0.452,505.2,0.369,118.9,24.33,39.62,0.00,0.00,19.25
2026-08-23T22:05:47Z,5.031,12087.1,0.000,0.0,0.000,0.0,0.440,505.2,0.364,119.2,62.87,32.55,0.00,0.00,21.23
2026-08-23T22:05:48Z,4.656,12075.4,0.000,0.0,0.000,0.0,0.469,505.4,0.391,118.9,127.72,38.38,0.00,0.00,21.23
2026-08-23T22:05:49Z,4.728,12068.0,0.000,0.0,0.000,0.0,0.447,505.2,0.366,118.9,80.84,45.09,0.00,0.00,21.23
2026-08-23T22:05:50Z,4.581,12099.7,0.000,0.0,0.000,0.0,0.452,505.2,0.374,118.9,25.90,38.19,0.00,0.00,21.23
2026-08-23T22:05:51Z,4.318,12062.7,0.000,0.0,0.000,0.0,0.448,505.2,0.372,118.8,26.48,39.18,0.00,0.00,21.23
2026-08-23T22:05:52Z,4.131,12070.6,0.000,0.0,0.000,0.0,0.439,505.2,0.366,118.8,30.09,42.67,0.00,0.00,20.89
2026-08-23T22:05:53Z,4.146,12079.7,0.000,0.0,0.000,0.0,0.446,505.4,0.364,118.8,29.55,42.13,0.00,0.00,20.89
2026-08-23T22:05:54Z,4.131,12089.1,0.000,0.0,0.000,0.0,0.441,505.2,0.364,118.9,30.24,42.09,0.00,0.00,20.89
2026-08-23T22:05:55Z,4.374,12062.7,0.000,0.0,0.000,0.0,0.436,505.2,0.366,118.9,28.88,39.37,0.00,0.00,20.89
2026-08-23T22:05:57Z,5.125,12095.9,0.000,0.0,0.000,0.0,0.447,505.2,0.360,118.9,46.53,29.11,0.00,0.00,21.78
2026-08-23T22:05:58Z,4.363,12084.3,0.000,0.0,0.000,0.0,0.452,505.2,0.371,118.9,28.24,37.40,0.00,0.00,21.78
2026-08-23T22:05:59Z,4.108,12094.7,0.000,0.0,0.000,0.0,0.445,505.4,0.364,118.9,33.94,44.78,0.00,0.00,21.78
2026-08-23T22:06:00Z,4.232,12061.3,0.000,0.0,0.000,0.0,0.442,505.4,0.365,118.9,31.03,37.66,0.00,0.00,21.78
2026-08-23T22:06:01Z,5.283,12051.8,0.000,0.0,0.000,0.0,0.455,505.4,0.376,118.9,25.70,30.74,0.00,0.00,21.78
2026-08-23T22:06:02Z,5.346,12057.9,0.000,0.0,0.000,0.0,0.440,505.2,0.362,118.9,26.94,32.80,0.00,0.00,21.40
2026-08-23T22:06:03Z,5.304,12062.4,0.000,0.0,0.000,0.0,0.437,505.2,0.352,118.9,26.38,32.37,0.00,0.00,21.40
2026-08-23T22:06:04Z,5.383,12064.4,0.000,0.0,0.000,0.0,0.431,505.2,0.355,118.9,25.51,32.00,0.00,0.00,21.40
2026-08-23T22:06:05Z,4.806,12031.7,0.000,0.0,0.000,0.0,0.436,505.4,0.357,118.9,31.77,28.87,0.00,0.00,21.40
2026-08-23T22:06:06Z,5.146,12027.4,0.000,0.0,0.000,0.0,0.441,505.4,0.365,119.1,23.77,22.50,0.00,0.00,21.40
2026-08-23T22:06:08Z,4.535,12033.2,0.000,0.0,0.000,0.0,0.461,505.5,0.382,118.9,29.38,27.87,0.00,0.00,19.92
2026-08-23T22:06:09Z,4.456,12043.4,0.000,0.0,0.000,0.0,0.455,505.6,0.370,119.2,31.10,38.13,0.00,0.00,19.92
2026-08-23T22:06:10Z,4.375,12055.4,0.000,0.0,0.000,0.0,0.437,505.3,0.364,118.9,32.14,52.07,0.00,0.00,19.92
2026-08-23T22:06:11Z,4.342,12031.7,0.000,0.0,0.000,0.0,0.449,505.6,0.363,118.9,36.25,39.96,0.00,0.00,19.92
2026-08-23T22:06:12Z,4.333,12046.7,0.000,0.0,0.000,0.0,0.452,505.3,0.366,118.9,34.06,37.51,0.00,0.00,18.97
2026-08-23T22:06:13Z,4.363,12057.9,0.000,0.0,0.000,0.0,0.438,505.8,0.366,119.0,33.08,33.11,0.00,0.00,18.97
2026-08-23T22:06:14Z,4.391,12068.7,0.000,0.0,0.000,0.0,0.446,505.3,0.372,118.9,33.05,32.70,0.00,0.00,18.97
2026-08-23T22:06:15Z,4.359,12037.6,0.000,0.0,0.000,0.0,0.454,505.5,0.367,118.9,31.39,38.89,0.00,0.00,18.97
2026-08-23T22:06:16Z,4.941,12043.8,0.000,0.0,0.000,0.0,0.428,505.7,0.365,118.9,25.13,27.76,0.00,0.00,18.97
2026-08-23T22:06:17Z,4.902,12041.6,0.000,0.0,0.000,0.0,0.429,505.2,0.366,118.9,24.80,27.86,0.00,0.00,20.41
2026-08-23T22:06:18Z,4.389,12056.8,0.000,0.0,0.000,0.0,0.442,505.4,0.367,118.9,36.24,30.21,0.00,0.00,20.41
2026-08-23T22:06:20Z,4.446,12021.3,0.000,0.0,0.000,0.0,0.447,505.2,0.367,118.9,32.28,31.92,0.00,0.00,20.41
2026-08-23T22:06:21Z,4.454,12026.5,0.000,0.0,0.000,0.0,0.439,505.2,0.368,118.9,31.13,24.67,0.00,0.00,20.41
2026-08-23T22:06:22Z,4.402,12026.3,0.000,0.0,0.000,0.0,0.459,505.4,0.374,118.9,28.95,24.42,0.00,0.00,19.90
2026-08-23T22:06:23Z,4.358,12033.4,0.000,0.0,0.000,0.0,0.451,505.2,0.366,118.9,34.15,25.49,0.00,0.00,19.90
2026-08-23T22:06:24Z,4.298,12039.9,0.000,0.0,0.000,0.0,0.432,505.2,0.355,118.9,34.58,23.45,0.00,0.00,19.90
2026-08-23T22:06:25Z,4.418,12047.1,0.000,0.0,0.000,0.0,0.429,505.5,0.363,118.9,34.25,23.74,0.00,0.00,19.90
2026-08-23T22:06:26Z,5.003,12009.3,0.000,0.0,0.000,0.0,0.434,505.3,0.374,118.9,27.10,20.32,0.00,0.00,19.90
2026-08-23T22:06:27Z,5.028,12001.0,0.000,0.0,0.000,0.0,0.439,505.3,0.375,119.0,24.83,17.78,0.00,0.00,21.11
2026-08-23T22:06:28Z,4.657,12005.3,0.000,0.0,0.000,0.0,0.434,505.5,0.358,118.9,35.15,19.47,0.00,0.00,21.11
2026-08-23T22:06:29Z,4.444,12005.6,0.000,0.0,0.000,0.0,0.421,505.3,0.358,119.0,30.19,27.44,0.00,0.00,21.11
2026-08-23T22:06:31Z,4.645,12007.6,0.000,0.0,0.000,0.0,0.434,505.2,0.360,118.9,30.40,21.19,0.00,0.00,21.11
2026-08-23T22:06:32Z,4.857,11968.1,0.000,0.0,0.000,0.0,0.433,505.3,0.366,119.0,14.24,18.66,0.00,0.00,21.42
2026-08-23T22:06:33Z,4.229,11982.8,0.000,0.0,0.000,0.0,0.427,505.2,0.358,119.1,5.64,25.16,0.00,0.00,21.42
2026-08-23T22:06:34Z,4.116,11998.4,0.000,0.0,0.000,0.0,0.426,505.2,0.354,118.9,5.69,26.06,0.00,0.00,21.42
2026-08-23T22:06:35Z,3.578,12015.6,0.000,0.0,0.000,0.0,0.431,505.2,0.358,118.9,6.35,28.21,0.00,0.00,21.42
2026-08-23T22:06:36Z,3.931,12047.2,0.000,0.0,0.000,0.0,0.423,505.5,0.356,118.9,7.45,27.92,0.00,0.00,21.42
2026-08-23T22:06:37Z,4.436,12052.2,0.000,0.0,0.000,0.0,0.446,505.2,0.363,119.2,5.85,23.73,0.00,0.00,21.55
2026-08-23T22:06:38Z,3.365,12029.6,0.000,0.0,0.000,0.0,0.430,505.2,0.358,118.9,6.54,32.05,0.00,0.00,21.55
2026-08-23T22:06:39Z,3.284,12048.2,0.000,0.0,0.000,0.0,0.429,505.2,0.355,118.9,6.70,29.05,0.00,0.00,21.55
2026-08-23T22:06:40Z,3.301,12064.9,0.000,0.0,0.000,0.0,0.423,505.2,0.351,118.8,6.52,37.33,0.00,0.00,21.55
2026-08-23T22:06:41Z,3.285,12042.5,0.000,0.0,0.000,0.0,0.440,505.2,0.363,118.9,7.61,36.93,0.00,0.00,21.55
2026-08-23T22:06:43Z,3.338,12059.1,0.000,0.0,0.000,0.0,0.426,505.4,0.353,118.9,6.52,30.39,0.00,0.00,20.54
2026-08-23T22:06:44Z,3.253,12034.2,0.000,0.0,0.000,0.0,0.423,505.2,0.349,118.9,7.00,28.25,0.00,0.00,20.54
2026-08-23T22:06:45Z,3.337,12050.0,0.000,0.0,0.000,0.0,0.432,505.2,0.364,118.9,6.51,27.11,0.00,0.00,20.54
2026-08-23T22:06:46Z,3.662,12037.4,0.000,0.0,0.000,0.0,0.428,505.5,0.342,118.9,6.75,31.01,0.00,0.00,20.54
2026-08-23T22:06:47Z,4.464,12044.4,0.000,0.0,0.000,0.0,0.452,505.2,0.373,118.9,111.52,22.58,0.00,0.00,20.74
2026-08-23T22:06:48Z,4.125,12020.3,0.000,0.0,0.000,0.0,0.435,505.5,0.360,118.9,81.21,27.39,0.00,0.00,20.74
2026-08-23T22:06:49Z,3.839,12024.4,0.000,0.0,0.000,0.0,0.437,505.5,0.362,118.9,8.07,28.93,0.00,0.00,20.74
2026-08-23T22:06:50Z,3.476,12042.9,0.000,0.0,0.000,0.0,0.440,505.2,0.358,118.8,6.47,35.64,0.00,0.00,20.74
2026-08-23T22:06:51Z,3.453,12019.1,0.000,0.0,0.000,0.0,0.431,505.2,0.353,118.8,7.76,29.53,0.00,0.00,20.74
2026-08-23T22:06:52Z,3.383,12037.9,0.000,0.0,0.000,0.0,0.427,505.2,0.360,118.8,7.56,30.29,0.00,0.00,19.96
2026-08-23T22:06:53Z,3.273,12055.6,0.000,0.0,0.000,0.0,0.413,505.5,0.350,118.8,7.12,31.29,0.00,0.00,19.96
2026-08-23T22:06:54Z,3.360,12033.2,0.000,0.0,0.000,0.0,0.422,505.5,0.352,119.1,8.53,29.39,0.00,0.00,19.96
2026-08-23T22:06:56Z,3.516,12055.8,0.000,0.0,0.000,0.0,0.424,505.2,0.354,118.8,6.54,29.75,0.00,0.00,19.96
2026-08-23T22:06:57Z,4.723,12028.3,0.000,0.0,0.000,0.0,0.428,505.2,0.352,118.9,7.94,24.74,0.00,0.00,19.08
2026-08-23T22:06:58Z,3.400,12027.5,0.000,0.0,0.000,0.0,0.425,505.7,0.347,118.8,7.27,33.09,0.00,0.00,19.08
2026-08-23T22:06:59Z,3.371,12024.5,0.000,0.0,0.000,0.0,0.432,505.5,0.351,119.1,8.33,27.36,0.00,0.00,19.08
2026-08-23T22:07:00Z,3.495,12041.8,0.000,0.0,0.000,0.0,0.424,505.2,0.356,118.8,7.83,34.88,0.00,0.00,19.08
2026-08-23T22:07:01Z,3.549,11936.2,0.000,0.0,0.000,0.0,0.434,505.7,0.357,118.8,8.43,27.53,0.00,0.00,19.08
2026-08-23T22:07:02Z,3.359,11954.3,0.000,0.0,0.000,0.0,0.430,505.4,0.361,119.1,8.47,27.30,0.00,0.00,18.27
2026-08-23T22:07:03Z,3.242,11971.3,0.000,0.0,0.000,0.0,0.424,505.2,0.345,118.8,8.06,27.13,0.00,0.00,18.27
2026-08-23T22:07:04Z,3.247,11988.5,0.000,0.0,0.000,0.0,0.425,505.5,0.351,118.8,9.37,27.53,0.00,0.00,18.27
2026-08-23T22:07:05Z,3.274,12005.5,0.000,0.0,0.000,0.0,0.419,505.2,0.345,118.8,8.00,27.28,0.00,0.00,18.27
2026-08-23T22:07:06Z,4.626,11988.9,0.000,0.0,0.000,0.0,0.437,505.3,0.366,119.0,7.90,22.69,0.00,0.00,18.27
2026-08-23T22:07:08Z,3.601,12002.5,0.000,0.0,0.000,0.0,0.428,505.2,0.356,119.1,9.06,25.77,0.00,0.00,19.13
2026-08-23T22:07:09Z,3.243,12019.8,0.000,0.0,0.000,0.0,0.418,505.5,0.356,118.9,8.87,26.91,0.00,0.00,19.13
2026-08-23T22:07:10Z,3.254,12036.2,0.000,0.0,0.000,0.0,0.429,505.2,0.356,118.9,6.99,26.79,0.00,0.00,19.13
2026-08-23T22:07:11Z,3.277,12010.6,0.000,0.0,0.000,0.0,0.430,505.2,0.351,118.8,6.78,34.16,0.00,0.00,19.13
2026-08-23T22:07:12Z,3.299,12027.0,0.000,0.0,0.000,0.0,0.439,505.2,0.361,118.9,6.67,33.77,0.00,0.00,18.16
2026-08-23T22:07:13Z,3.331,12005.9,0.000,0.0,0.000,0.0,0.427,505.4,0.354,118.8,7.39,34.33,0.00,0.00,18.16
2026-08-23T22:07:14Z,3.255,12023.5,0.000,0.0,0.000,0.0,0.428,505.2,0.353,118.8,7.50,33.16,0.00,0.00,18.16
2026-08-23T22:07:15Z,3.353,12001.9,0.000,0.0,0.000,0.0,0.434,505.2,0.355,118.8,7.71,31.64,0.00,0.00,18.16
2026-08-23T22:07:16Z,4.400,12036.9,0.000,0.0,0.000,0.0,0.423,505.4,0.354,118.9,6.14,31.70,0.00,0.00,18.16
2026-08-23T22:07:17Z,3.859,12032.8,0.000,0.0,0.000,0.0,0.440,505.4,0.372,118.9,5.86,31.35,0.00,0.00,17.75
2026-08-23T22:07:18Z,3.240,12017.0,0.000,0.0,0.000,0.0,0.420,505.4,0.345,118.8,7.62,31.86,0.00,0.00,17.75
2026-08-23T22:07:19Z,3.318,12037.9,0.000,0.0,0.000,0.0,0.429,505.7,0.355,118.8,7.48,33.93,0.00,0.00,17.75
2026-08-23T22:07:21Z,3.523,12014.4,0.000,0.0,0.000,0.0,0.429,505.1,0.357,118.8,6.76,38.44,0.00,0.00,17.75
2026-08-23T22:07:22Z,3.408,12032.6,0.000,0.0,0.000,0.0,0.425,505.2,0.348,118.8,7.38,33.13,0.00,0.00,17.21
2026-08-23T22:07:23Z,3.376,12010.5,0.000,0.0,0.000,0.0,0.426,505.2,0.352,118.8,6.94,32.82,0.00,0.00,17.21
2026-08-23T22:07:24Z,3.252,12028.8,0.000,0.0,0.000,0.0,0.423,505.2,0.344,118.8,6.95,33.24,0.00,0.00,17.21
2026-08-23T22:07:25Z,3.493,12007.9,0.000,0.0,0.000,0.0,0.435,505.4,0.360,118.8,7.53,31.55,0.00,0.00,17.21
2026-08-23T22:07:26Z,4.152,11999.2,0.000,0.0,0.000,0.0,0.428,505.5,0.352,118.9,8.01,31.06,0.00,0.00,17.21
2026-08-23T22:07:27Z,4.735,12009.0,0.000,0.0,0.000,0.0,0.461,505.2,0.372,119.0,7.51,23.72,0.00,0.00,18.71
2026-08-23T22:07:28Z,3.746,11988.1,0.000,0.0,0.000,0.0,0.427,505.2,0.349,118.9,7.78,28.72,0.00,0.00,18.71
2026-08-23T22:07:29Z,4.060,12005.8,0.000,0.0,0.000,0.0,0.431,505.8,0.356,118.9,9.40,24.86,0.00,0.00,18.71
2026-08-23T22:07:30Z,4.387,12024.8,0.000,0.0,0.000,0.0,0.432,505.2,0.351,118.8,8.63,27.22,0.00,0.00,18.71
2026-08-23T22:07:31Z,4.338,12014.2,0.000,0.0,0.000,0.0,0.430,505.3,0.351,118.9,8.38,33.03,0.00,0.00,18.71
2026-08-23T22:07:33Z,4.477,11991.2,0.000,0.0,0.000,0.0,0.441,505.2,0.357,118.9,20.45,31.96,0.00,0.00,19.14
2026-08-23T22:07:34Z,4.242,11990.8,0.000,0.0,0.000,0.0,0.438,505.4,0.361,118.8,24.65,33.38,0.00,0.00,19.14
2026-08-23T22:07:35Z,4.175,11997.4,0.000,0.0,0.000,0.0,0.447,505.5,0.368,118.9,27.58,35.32,0.00,0.00,19.14
2026-08-23T22:07:36Z,4.331,11975.6,0.000,0.0,0.000,0.0,0.435,505.2,0.351,118.9,26.44,34.82,0.00,0.00,19.14
2026-08-23T22:07:37Z,5.089,11999.8,0.000,0.0,0.000,0.0,0.447,505.5,0.369,118.9,21.10,27.73,0.00,0.00,19.21
2026-08-23T22:07:38Z,4.168,12008.5,0.000,0.0,0.000,0.0,0.439,505.5,0.358,118.9,25.76,35.13,0.00,0.00,19.21
2026-08-23T22:07:39Z,4.134,11978.5,0.000,0.0,0.000,0.0,0.456,505.5,0.371,118.9,29.20,37.83,0.00,0.00,19.21
2026-08-23T22:07:40Z,4.128,11990.0,0.000,0.0,0.000,0.0,0.434,505.2,0.357,118.9,31.77,35.99,0.00,0.00,19.21
2026-08-23T22:07:41Z,4.165,12000.6,0.000,0.0,0.000,0.0,0.445,505.5,0.368,118.9,30.10,42.81,0.00,0.00,19.21
2026-08-23T22:07:42Z,4.175,11971.6,0.000,0.0,0.000,0.0,0.448,505.2,0.367,118.9,32.18,39.39,0.00,0.00,19.11
2026-08-23T22:07:43Z,4.037,11984.6,0.000,0.0,0.000,0.0,0.448,505.3,0.371,118.9,34.66,32.27,0.00,0.00,19.11
2026-08-23T22:07:45Z,4.022,11995.1,0.000,0.0,0.000,0.0,0.443,505.2,0.363,118.9,32.68,33.72,0.00,0.00,19.11
2026-08-23T22:07:46Z,4.326,11974.1,0.000,0.0,0.000,0.0,0.460,505.3,0.371,119.2,32.69,37.67,0.00,0.00,19.11
2026-08-23T22:07:47Z,4.940,11971.4,0.000,0.0,0.000,0.0,0.449,505.4,0.354,118.9,26.06,32.23,0.00,0.00,19.02
2026-08-23T22:07:48Z,4.070,11989.4,0.000,0.0,0.000,0.0,0.446,505.2,0.366,118.9,36.18,42.44,0.00,0.00,19.02
2026-08-23T22:07:49Z,4.012,11968.9,0.000,0.0,0.000,0.0,0.443,505.4,0.360,118.9,37.26,40.95,0.00,0.00,19.02
2026-08-23T22:07:50Z,4.110,11986.5,0.000,0.0,0.000,0.0,0.450,505.2,0.373,118.9,35.77,39.31,0.00,0.00,19.02
2026-08-23T22:07:51Z,4.296,12000.2,0.000,0.0,0.000,0.0,0.451,505.2,0.372,118.8,31.89,46.66,0.00,0.00,19.02
2026-08-23T22:07:52Z,4.102,11977.8,0.000,0.0,0.000,0.0,0.437,505.2,0.364,119.1,35.19,41.31,0.00,0.00,18.94
2026-08-23T22:07:53Z,4.071,11996.4,0.000,0.0,0.000,0.0,0.452,505.2,0.367,118.9,36.92,39.85,0.00,0.00,18.94
2026-08-23T22:07:54Z,4.026,11973.8,0.000,0.0,0.000,0.0,0.444,505.4,0.364,118.9,36.10,39.60,0.00,0.00,18.94
2026-08-23T22:07:55Z,4.208,11987.5,0.000,0.0,0.000,0.0,0.456,505.4,0.369,118.8,34.85,31.36,0.00,0.00,18.94
2026-08-23T22:07:57Z,5.207,11986.8,0.000,0.0,0.000,0.0,0.440,505.4,0.367,118.9,30.78,19.78,0.00,0.00,19.90
2026-08-23T22:07:58Z,4.150,11998.8,0.000,0.0,0.000,0.0,0.438,505.4,0.363,118.9,34.90,27.42,0.00,0.00,19.90
2026-08-23T22:07:59Z,3.959,11971.3,0.000,0.0,0.000,0.0,0.429,505.4,0.362,118.9,37.49,27.68,0.00,0.00,19.90
2026-08-23T22:08:00Z,4.178,11975.1,0.000,0.0,0.000,0.0,0.447,505.7,0.368,118.9,31.79,25.30,0.00,0.00,19.90
2026-08-23T22:08:01Z,4.309,11979.7,0.000,0.0,0.000,0.0,0.446,505.2,0.380,118.9,31.18,25.12,0.00,0.00,19.90
2026-08-23T22:08:02Z,4.062,11983.6,0.000,0.0,0.000,0.0,0.452,505.2,0.365,118.9,29.65,32.46,0.00,0.00,19.43
2026-08-23T22:08:03Z,3.950,11979.1,0.000,0.0,0.000,0.0,0.437,505.2,0.362,118.9,38.61,27.67,0.00,0.00,19.43
2026-08-23T22:08:04Z,3.983,11966.3,0.000,0.0,0.000,0.0,0.448,505.2,0.367,118.9,34.83,31.17,0.00,0.00,19.43
2026-08-23T22:08:05Z,4.010,11983.4,0.000,0.0,0.000,0.0,0.440,505.5,0.363,118.9,38.47,31.54,0.00,0.00,19.43
2026-08-23T22:08:06Z,5.064,11978.9,0.000,0.0,0.000,0.0,0.432,505.3,0.376,118.9,24.28,21.86,0.00,0.00,19.43
2026-08-23T22:08:08Z,4.134,11988.9,0.000,0.0,0.000,0.0,0.433,505.2,0.362,118.9,35.25,28.05,0.00,0.00,20.20
2026-08-23T22:08:09Z,3.958,11960.7,0.000,0.0,0.000,0.0,0.443,505.4,0.366,118.9,36.69,29.56,0.00,0.00,20.20
2026-08-23T22:08:10Z,3.965,11971.0,0.000,0.0,0.000,0.0,0.422,505.2,0.354,118.9,36.03,28.83,0.00,0.00,20.20
2026-08-23T22:08:11Z,3.977,11978.9,0.000,0.0,0.000,0.0,0.449,505.2,0.363,118.9,33.39,28.85,0.00,0.00,20.20
2026-08-23T22:08:12Z,3.953,11951.9,0.000,0.0,0.000,0.0,0.431,505.4,0.360,118.8,38.12,36.48,0.00,0.00,20.10
2026-08-23T22:08:13Z,3.697,11939.8,0.000,0.0,0.000,0.0,0.435,505.2,0.366,118.9,6.02,35.97,0.00,0.00,20.10
2026-08-23T22:08:14Z,3.294,11959.3,0.000,0.0,0.000,0.0,0.428,505.2,0.353,118.8,6.66,31.78,0.00,0.00,20.10
2026-08-23T22:08:15Z,3.326,11978.8,0.000,0.0,0.000,0.0,0.440,505.2,0.360,118.8,6.78,32.08,0.00,0.00,20.10
2026-08-23T22:08:16Z,4.123,11989.2,0.000,0.0,0.000,0.0,0.416,505.5,0.342,119.3,16.26,26.21,0.00,0.00,20.10
2026-08-23T22:08:17Z,4.219,11951.7,0.000,0.0,0.000,0.0,0.469,505.5,0.385,119.3,6.15,26.12,0.00,0.00,20.01
2026-08-23T22:08:18Z,3.352,11973.6,0.000,0.0,0.000,0.0,0.430,505.5,0.357,119.2,7.37,35.92,0.00,0.00,20.01
2026-08-23T22:08:20Z,3.333,11953.5,0.000,0.0,0.000,0.0,0.420,505.5,0.355,119.3,7.66,32.61,0.00,0.00,20.01
2026-08-23T22:08:21Z,3.530,11974.1,0.000,0.0,0.000,0.0,0.436,505.7,0.363,119.2,6.52,30.93,0.00,0.00,20.01
2026-08-23T22:08:22Z,3.440,11952.5,0.000,0.0,0.000,0.0,0.431,505.7,0.353,119.2,6.92,29.91,0.00,0.00,20.09
2026-08-23T22:08:23Z,3.417,11972.2,0.000,0.0,0.000,0.0,0.430,505.5,0.358,119.2,7.66,37.33,0.00,0.00,20.09
2026-08-23T22:08:24Z,3.402,11949.3,0.000,0.0,0.000,0.0,0.419,505.7,0.352,119.2,6.92,43.28,0.00,0.00,20.09
2026-08-23T22:08:25Z,4.194,11966.4,0.000,0.0,0.000,0.0,0.431,505.7,0.356,119.0,6.40,25.93,0.00,0.00,20.09
2026-08-23T22:08:26Z,4.986,11951.5,0.000,0.0,0.000,0.0,0.437,505.8,0.361,119.1,6.69,22.71,0.00,0.00,20.09
2026-08-23T22:08:27Z,5.282,11959.9,0.000,0.0,0.000,0.0,0.446,505.8,0.356,119.1,6.44,18.43,0.00,0.00,21.05
2026-08-23T22:08:28Z,4.183,11938.4,0.000,0.0,0.000,0.0,0.446,505.4,0.375,119.0,7.11,24.89,0.00,0.00,21.05
2026-08-23T22:08:29Z,3.565,11955.7,0.000,0.0,0.000,0.0,0.436,505.5,0.355,119.0,7.13,28.13,0.00,0.00,21.05
2026-08-23T22:08:30Z,3.602,11970.5,0.000,0.0,0.000,0.0,0.429,505.5,0.350,119.2,5.76,27.71,0.00,0.00,21.05
2026-08-23T22:08:32Z,3.420,11948.2,0.000,0.0,0.000,0.0,0.427,505.5,0.350,118.9,6.97,30.69,0.00,0.00,21.12
2026-08-23T22:08:33Z,4.055,11962.1,0.000,0.0,0.000,0.0,0.452,505.5,0.371,119.0,13.36,32.13,0.00,0.00,21.12
2026-08-23T22:08:34Z,4.241,11956.8,0.000,0.0,0.000,0.0,0.435,505.5,0.362,119.0,22.10,26.97,0.00,0.00,21.12
2026-08-23T22:08:35Z,4.191,11956.2,0.000,0.0,0.000,0.0,0.449,505.7,0.369,119.0,26.11,25.88,0.00,0.00,21.12
2026-08-23T22:08:36Z,4.570,11927.9,0.000,0.0,0.000,0.0,0.431,505.5,0.354,119.0,24.83,26.38,0.00,0.00,21.12
2026-08-23T22:08:37Z,5.003,11907.7,0.000,0.0,0.000,0.0,0.450,505.4,0.373,118.9,19.88,20.81,0.00,0.00,22.47
2026-08-23T22:08:38Z,4.255,11950.5,0.000,0.0,0.000,0.0,0.447,505.2,0.363,118.9,27.48,26.75,0.00,0.00,22.47
2026-08-23T22:08:39Z,4.112,11959.3,0.000,0.0,0.000,0.0,0.441,505.2,0.364,119.0,27.01,26.84,0.00,0.00,22.47
2026-08-23T22:08:40Z,4.056,11962.6,0.000,0.0,0.000,0.0,0.443,505.4,0.363,118.9,30.27,28.37,0.00,0.00,22.47
2026-08-23T22:08:41Z,4.037,11926.8,0.000,0.0,0.000,0.0,0.438,505.2,0.362,118.9,31.10,27.60,0.00,0.00,22.47
2026-08-23T22:08:43Z,4.117,11928.7,0.000,0.0,0.000,0.0,0.458,505.2,0.368,118.9,27.65,34.59,0.00,0.00,21.47
2026-08-23T22:08:44Z,4.059,11932.2,0.000,0.0,0.000,0.0,0.436,505.2,0.355,119.2,30.42,30.68,0.00,0.00,21.47
2026-08-23T22:08:45Z,4.135,11936.4,0.000,0.0,0.000,0.0,0.444,505.5,0.371,118.9,31.74,26.67,0.00,0.00,21.47
2026-08-23T22:08:46Z,4.383,11948.4,0.000,0.0,0.000,0.0,0.444,505.2,0.366,118.9,31.85,25.15,0.00,0.00,21.47
2026-08-23T22:08:47Z,4.911,11935.2,0.000,0.0,0.000,0.0,0.442,505.3,0.360,118.9,23.79,20.35,0.00,0.00,20.96
2026-08-23T22:08:48Z,3.993,11938.4,0.000,0.0,0.000,0.0,0.442,505.5,0.360,118.8,29.60,22.74,0.00,0.00,20.96
2026-08-23T22:08:49Z,3.939,11944.9,0.000,0.0,0.000,0.0,0.445,505.2,0.361,118.9,31.68,28.14,0.00,0.00,20.96
2026-08-23T22:08:50Z,4.035,11914.4,0.000,0.0,0.000,0.0,0.439,505.2,0.363,118.8,34.55,28.07,0.00,0.00,20.96
2026-08-23T22:08:51Z,4.499,11919.6,0.000,0.0,0.000,0.0,0.442,505.2,0.363,118.9,31.94,24.28,0.00,0.00,20.96
2026-08-23T22:08:52Z,4.067,11923.3,0.000,0.0,0.000,0.0,0.446,505.2,0.359,118.8,30.04,21.77,0.00,0.00,21.36
2026-08-23T22:08:53Z,4.034,11925.4,0.000,0.0,0.000,0.0,0.449,505.3,0.364,118.9,30.69,28.44,0.00,0.00,21.36
2026-08-23T22:08:55Z,4.044,11924.8,0.000,0.0,0.000,0.0,0.443,505.5,0.357,118.8,27.91,21.63,0.00,0.00,21.36
2026-08-23T22:08:56Z,4.505,11930.9,0.000,0.0,0.000,0.0,0.440,505.5,0.363,118.9,26.28,20.84,0.00,0.00,21.36
2026-08-23T22:08:57Z,5.113,11920.7,0.000,0.0,0.000,0.0,0.436,505.8,0.355,118.9,23.29,24.27,0.00,0.00,20.69
2026-08-23T22:08:58Z,4.298,11933.5,0.000,0.0,0.000,0.0,0.451,505.2,0.377,118.9,31.86,37.37,0.00,0.00,20.69
2026-08-23T22:08:59Z,4.209,11930.1,0.000,0.0,0.000,0.0,0.436,505.3,0.363,118.9,31.85,39.78,0.00,0.00,20.69
2026-08-23T22:09:00Z,4.540,11919.1,0.000,0.0,0.000,0.0,0.435,505.2,0.366,119.1,30.02,40.06,0.00,0.00,20.69
2026-08-23T22:09:01Z,4.688,11924.7,0.000,0.0,0.000,0.0,0.438,505.4,0.370,118.8,26.63,32.61,0.00,0.00,20.69
2026-08-23T22:09:02Z,4.104,11930.3,0.000,0.0,0.000,0.0,0.457,505.5,0.374,118.9,32.85,26.85,0.00,0.00,20.39
2026-08-23T22:09:03Z,4.075,11943.2,0.000,0.0,0.000,0.0,0.451,505.2,0.375,118.8,32.40,50.07,0.00,0.00,20.39
2026-08-23T22:09:04Z,4.072,11913.7,0.000,0.0,0.000,0.0,0.451,505.2,0.370,118.8,33.74,30.33,0.00,0.00,20.39
2026-08-23T22:09:06Z,4.207,11919.8,0.000,0.0,0.000,0.0,0.460,505.2,0.375,118.8,29.18,25.88,0.00,0.00,20.39
2026-08-23T22:09:07Z,5.032,11918.7,0.000,0.0,0.000,0.0,0.469,505.2,0.387,119.0,20.27,17.94,0.00,0.00,20.84
2026-08-23T22:09:08Z,4.473,11905.1,0.000,0.0,0.000,0.0,0.471,505.2,0.390,118.9,25.21,19.28,0.00,0.00,20.84
2026-08-23T22:09:09Z,4.058,11911.1,0.000,0.0,0.000,0.0,0.449,505.5,0.370,119.2,31.05,25.53,0.00,0.00,20.84
2026-08-23T22:09:10Z,4.059,11917.8,0.000,0.0,0.000,0.0,0.461,505.2,0.377,118.8,33.58,29.45,0.00,0.00,20.84
2026-08-23T22:09:11Z,3.942,11920.9,0.000,0.0,0.000,0.0,0.441,505.3,0.364,118.9,29.46,22.83,0.00,0.00,20.84
2026-08-23T22:09:12Z,3.934,11923.9,0.000,0.0,0.000,0.0,0.449,505.8,0.371,118.9,29.23,22.95,0.00,0.00,20.70
2026-08-23T22:09:13Z,4.469,11884.4,0.000,0.0,0.000,0.0,0.452,505.5,0.354,118.9,31.91,28.65,0.00,0.00,20.70
2026-08-23T22:09:14Z,4.478,11897.3,0.000,0.0,0.000,0.0,0.463,505.5,0.376,118.9,35.05,30.91,0.00,0.00,20.70
2026-08-23T22:09:15Z,4.395,11915.4,0.000,0.0,0.000,0.0,0.456,505.3,0.358,118.9,37.60,25.80,0.00,0.00,20.70
2026-08-23T22:09:16Z,5.125,11886.9,0.000,0.0,0.000,0.0,0.417,505.7,0.353,118.9,31.26,21.40,0.00,0.00,20.70
2026-08-23T22:09:18Z,4.805,11896.2,0.000,0.0,0.000,0.0,0.473,505.2,0.400,118.9,34.55,27.22,0.00,0.00,21.12
2026-08-23T22:09:19Z,4.560,11891.1,0.000,0.0,0.000,0.0,0.460,505.2,0.374,118.9,47.56,39.14,0.00,0.00,21.12
2026-08-23T22:09:20Z,4.661,11875.2,0.000,0.0,0.000,0.0,0.435,505.2,0.363,118.9,41.05,37.91,0.00,0.00,21.12
2026-08-23T22:09:21Z,4.898,11878.9,0.000,0.0,0.000,0.0,0.453,505.3,0.367,118.9,18.62,22.20,0.00,0.00,21.12
2026-08-23T22:09:22Z,4.476,11881.5,0.000,0.0,0.000,0.0,0.448,505.3,0.359,118.9,25.57,28.86,0.00,0.00,21.19
2026-08-23T22:09:23Z,4.386,11920.7,0.000,0.0,0.000,0.0,0.467,505.6,0.383,118.9,25.79,25.22,0.00,0.00,21.19
2026-08-23T22:09:24Z,4.021,11888.3,0.000,0.0,0.000,0.0,0.452,505.3,0.366,119.0,28.30,36.98,0.00,0.00,21.19
2026-08-23T22:09:25Z,4.426,11887.3,0.000,0.0,0.000,0.0,0.445,505.3,0.365,118.9,22.96,23.03,0.00,0.00,21.19
2026-08-23T22:09:26Z,5.059,11897.3,0.000,0.0,0.000,0.0,0.419,505.6,0.360,119.0,19.94,22.58,0.00,0.00,21.19
2026-08-23T22:09:27Z,5.400,11911.1,0.000,0.0,0.000,0.0,0.431,505.7,0.355,119.1,15.68,20.03,0.00,0.00,22.78
2026-08-23T22:09:29Z,5.054,11910.4,0.000,0.0,0.000,0.0,0.456,505.6,0.377,119.0,19.67,27.99,0.00,0.00,22.78
2026-08-23T22:09:30Z,4.904,11907.8,0.000,0.0,0.000,0.0,0.436,505.3,0.361,119.2,23.98,22.28,0.00,0.00,22.78
2026-08-23T22:09:31Z,5.314,11903.6,0.000,0.0,0.000,0.0,0.429,505.6,0.374,119.0,22.54,20.27,0.00,0.00,22.78
2026-08-23T22:09:32Z,4.814,11904.4,0.000,0.0,0.000,0.0,0.456,505.5,0.365,118.9,26.10,24.98,0.00,0.00,22.32
2026-08-23T22:09:33Z,3.963,11914.0,0.000,0.0,0.000,0.0,0.441,505.5,0.362,119.0,32.02,31.08,0.00,0.00,22.32
2026-08-23T22:09:34Z,4.011,11884.6,0.000,0.0,0.000,0.0,0.444,505.3,0.370,119.0,32.01,38.38,0.00,0.00,22.32
2026-08-23T22:09:35Z,3.970,11895.4,0.000,0.0,0.000,0.0,0.461,505.3,0.373,118.9,33.60,31.01,0.00,0.00,22.32
2026-08-23T22:09:36Z,5.048,11906.0,0.000,0.0,0.000,0.0,0.439,505.6,0.358,119.0,23.59,20.56,0.00,0.00,22.32
2026-08-23T22:09:37Z,4.350,11899.8,0.000,0.0,0.000,0.0,0.455,505.3,0.367,119.2,30.20,27.32,0.00,0.00,22.05
2026-08-23T22:09:38Z,4.050,11913.1,0.000,0.0,0.000,0.0,0.439,505.2,0.366,118.9,33.43,33.92,0.00,0.00,22.05
2026-08-23T22:09:40Z,4.060,11883.9,0.000,0.0,0.000,0.0,0.451,505.5,0.366,118.9,30.20,35.51,0.00,0.00,22.05
2026-08-23T22:09:41Z,4.056,11896.1,0.000,0.0,0.000,0.0,0.465,505.5,0.377,118.9,34.12,31.77,0.00,0.00,22.05
2026-08-23T22:09:42Z,3.986,11908.8,0.000,0.0,0.000,0.0,0.447,505.2,0.368,118.9,34.30,32.21,0.00,0.00,22.13
2026-08-23T22:09:43Z,4.032,11884.1,0.000,0.0,0.000,0.0,0.450,505.5,0.370,119.2,34.27,32.28,0.00,0.00,22.13
2026-08-23T22:09:44Z,4.138,11889.1,0.000,0.0,0.000,0.0,0.450,505.5,0.376,118.9,31.07,37.80,0.00,0.00,22.13
2026-08-23T22:09:45Z,4.056,11898.1,0.000,0.0,0.000,0.0,0.449,505.3,0.378,119.1,34.29,32.34,0.00,0.00,22.13
2026-08-23T22:09:46Z,4.946,11857.4,0.000,0.0,0.000,0.0,0.431,505.3,0.355,118.9,26.82,19.74,0.00,0.00,22.13
2026-08-23T22:09:47Z,4.320,11896.4,0.000,0.0,0.000,0.0,0.459,505.2,0.384,118.9,27.36,23.78,0.00,0.00,22.20
2026-08-23T22:09:48Z,4.003,11897.4,0.000,0.0,0.000,0.0,0.446,505.4,0.367,118.8,28.67,22.75,0.00,0.00,22.20
2026-08-23T22:09:49Z,4.075,11903.1,0.000,0.0,0.000,0.0,0.456,505.2,0.371,118.9,30.81,27.91,0.00,0.00,22.20
2026-08-23T22:09:51Z,4.063,11870.3,0.000,0.0,0.000,0.0,0.435,505.5,0.358,118.8,32.47,30.09,0.00,0.00,22.20
2026-08-23T22:09:52Z,4.138,11877.0,0.000,0.0,0.000,0.0,0.448,505.2,0.368,118.9,33.16,27.80,0.00,0.00,22.26
2026-08-23T22:09:53Z,4.163,11886.2,0.000,0.0,0.000,0.0,0.442,505.4,0.371,118.8,34.24,27.52,0.00,0.00,22.26
2026-08-23T22:09:54Z,4.136,11893.6,0.000,0.0,0.000,0.0,0.456,505.2,0.378,118.9,33.38,24.76,0.00,0.00,22.26
2026-08-23T22:09:55Z,4.108,11898.5,0.000,0.0,0.000,0.0,0.443,505.2,0.366,118.8,31.25,32.70,0.00,0.00,22.26
2026-08-23T22:09:56Z,4.652,11869.9,0.000,0.0,0.000,0.0,0.434,505.2,0.363,118.9,30.03,27.02,0.00,0.00,22.26
2026-08-23T22:09:57Z,4.864,11862.8,0.000,0.0,0.000,0.0,0.446,505.4,0.371,118.9,26.09,19.09,0.00,0.00,22.96
2026-08-23T22:09:58Z,4.051,11873.9,0.000,0.0,0.000,0.0,0.446,505.2,0.362,118.9,35.01,29.00,0.00,0.00,22.96
2026-08-23T22:09:59Z,4.118,11882.5,0.000,0.0,0.000,0.0,0.452,505.2,0.373,118.9,33.46,27.92,0.00,0.00,22.96
2026-08-23T22:10:00Z,4.189,11890.0,0.000,0.0,0.000,0.0,0.440,505.2,0.361,119.2,32.31,28.16,0.00,0.00,22.96
2026-08-23T22:10:01Z,4.300,11888.2,0.000,0.0,0.000,0.0,0.476,505.2,0.387,118.9,26.48,26.05,0.00,0.00,22.96
2026-08-23T22:10:03Z,3.650,11874.7,0.000,0.0,0.000,0.0,0.434,505.2,0.361,118.9,6.47,26.95,0.00,0.00,23.44
2026-08-23T22:10:04Z,3.403,11890.5,0.000,0.0,0.000,0.0,0.438,505.2,0.358,118.9,7.14,27.94,0.00,0.00,23.44
2026-08-23T22:10:05Z,3.326,11865.9,0.000,0.0,0.000,0.0,0.427,505.2,0.359,119.1,7.05,35.42,0.00,0.00,23.44
2026-08-23T22:10:06Z,3.814,11895.0,0.000,0.0,0.000,0.0,0.439,505.2,0.363,119.2,6.17,34.73,0.00,0.00,23.44
2026-08-23T22:10:07Z,4.729,11860.7,0.000,0.0,0.000,0.0,0.445,505.5,0.362,118.9,6.09,23.33,0.00,0.00,23.49
2026-08-23T22:10:08Z,3.415,11880.0,0.000,0.0,0.000,0.0,0.432,505.2,0.356,118.9,7.14,31.08,0.00,0.00,23.49
2026-08-23T22:10:09Z,3.379,11897.7,0.000,0.0,0.000,0.0,0.433,505.4,0.361,118.8,7.11,31.06,0.00,0.00,23.49
2026-08-23T22:10:10Z,3.359,11874.9,0.000,0.0,0.000,0.0,0.443,505.2,0.365,118.9,6.72,31.12,0.00,0.00,23.49
2026-08-23T22:10:11Z,3.354,11892.4,0.000,0.0,0.000,0.0,0.436,505.2,0.353,118.8,7.01,30.61,0.00,0.00,23.49
2026-08-23T22:10:12Z,3.301,11871.9,0.000,0.0,0.000,0.0,0.433,505.2,0.359,118.9,7.29,29.43,0.00,0.00,22.33
2026-08-23T22:10:13Z,3.422,11889.5,0.000,0.0,0.000,0.0,0.439,505.2,0.361,118.8,7.94,28.82,0.00,0.00,22.33
2026-08-23T22:10:15Z,3.277,11870.5,0.000,0.0,0.000,0.0,0.430,505.4,0.360,118.8,8.38,39.26,0.00,0.00,22.33
2026-08-23T22:10:16Z,3.601,11858.9,0.000,0.0,0.000,0.0,0.434,505.5,0.363,118.9,7.75,31.46,0.00,0.00,22.33
2026-08-23T22:10:17Z,4.747,11868.2,0.000,0.0,0.000,0.0,0.436,505.7,0.364,118.8,7.50,22.55,0.00,0.00,21.18
2026-08-23T22:10:18Z,3.393,11889.6,0.000,0.0,0.000,0.0,0.438,505.4,0.357,118.9,8.04,30.45,0.00,0.00,21.18
2026-08-23T22:10:19Z,3.326,11869.2,0.000,0.0,0.000,0.0,0.429,505.2,0.354,118.9,7.85,29.76,0.00,0.00,21.18
2026-08-23T22:10:20Z,3.409,11888.1,0.000,0.0,0.000,0.0,0.440,505.2,0.362,118.8,7.78,29.22,0.00,0.00,21.18
2026-08-23T22:10:21Z,3.571,11868.0,0.000,0.0,0.000,0.0,0.433,505.2,0.355,118.8,7.41,26.88,0.00,0.00,21.18
2026-08-23T22:10:22Z,3.400,11888.6,0.000,0.0,0.000,0.0,0.435,505.5,0.359,118.9,9.11,30.53,0.00,0.00,20.53
2026-08-23T22:10:23Z,3.417,11868.6,0.000,0.0,0.000,0.0,0.433,505.2,0.363,118.8,7.67,29.34,0.00,0.00,20.53
2026-08-23T22:10:24Z,3.398,11887.9,0.000,0.0,0.000,0.0,0.423,505.2,0.359,118.9,8.10,29.62,0.00,0.00,20.53
2026-08-23T22:10:26Z,3.566,11870.5,0.000,0.0,0.000,0.0,0.438,505.5,0.357,118.8,7.10,36.33,0.00,0.00,20.53
2026-08-23T22:10:27Z,5.222,11860.6,0.000,0.0,0.000,0.0,0.454,505.3,0.362,118.9,6.78,19.62,0.00,0.00,21.37
2026-08-23T22:10:28Z,5.010,11862.7,0.000,0.0,0.000,0.0,0.460,505.2,0.374,118.9,6.62,20.95,0.00,0.00,21.37
2026-08-23T22:10:29Z,4.431,11881.8,0.000,0.0,0.000,0.0,0.435,505.2,0.355,118.9,7.52,28.58,0.00,0.00,21.37
2026-08-23T22:10:30Z,3.965,11859.8,0.000,0.0,0.000,0.0,0.433,505.6,0.354,118.9,6.21,29.81,0.00,0.00,21.37
2026-08-23T22:10:31Z,3.534,11878.9,0.000,0.0,0.000,0.0,0.431,505.2,0.350,118.9,6.82,31.80,0.00,0.00,21.37
2026-08-23T22:10:32Z,3.385,11857.5,0.000,0.0,0.000,0.0,0.430,505.5,0.357,118.9,7.22,31.50,0.00,0.00,21.02
2026-08-23T22:10:33Z,3.297,11876.5,0.000,0.0,0.000,0.0,0.420,505.2,0.349,118.9,7.18,32.30,0.00,0.00,21.02
2026-08-23T22:10:34Z,3.302,11855.4,0.000,0.0,0.000,0.0,0.432,505.4,0.355,118.9,6.29,31.35,0.00,0.00,21.02
2026-08-23T22:10:35Z,3.309,11872.7,0.000,0.0,0.000,0.0,0.428,505.4,0.354,118.8,6.50,37.77,0.00,0.00,21.02
2026-08-23T22:10:36Z,4.799,11858.8,0.000,0.0,0.000,0.0,0.439,505.2,0.360,118.9,5.94,29.98,0.00,0.00,21.02
2026-08-23T22:10:38Z,3.691,11871.0,0.000,0.0,0.000,0.0,0.443,505.4,0.370,118.8,6.41,31.09,0.00,0.00,21.09
2026-08-23T22:10:39Z,3.377,11852.4,0.000,0.0,0.000,0.0,0.439,505.6,0.362,118.9,7.22,33.13,0.00,0.00,21.09
2026-08-23T22:10:40Z,3.375,11872.9,0.000,0.0,0.000,0.0,0.433,505.2,0.359,118.8,6.86,32.22,0.00,0.00,21.09
2026-08-23T22:10:41Z,3.314,11855.7,0.000,0.0,0.000,0.0,0.426,505.2,0.354,118.8,7.16,33.72,0.00,0.00,21.09
2026-08-23T22:10:42Z,3.377,11874.5,0.000,0.0,0.000,0.0,0.437,505.9,0.357,118.8,7.03,33.72,0.00,0.00,20.21
2026-08-23T22:10:43Z,3.343,11854.9,0.000,0.0,0.000,0.0,0.428,505.4,0.349,118.8,7.04,32.59,0.00,0.00,20.21
2026-08-23T22:10:44Z,3.327,11874.8,0.000,0.0,0.000,0.0,0.430,505.2,0.359,118.8,7.60,31.56,0.00,0.00,20.21
2026-08-23T22:10:45Z,3.360,11856.4,0.000,0.0,0.000,0.0,0.432,505.4,0.351,119.3,7.51,31.20,0.00,0.00,20.21
2026-08-23T22:10:46Z,4.463,11851.9,0.000,0.0,0.000,0.0,0.431,505.5,0.344,118.9,7.34,30.53,0.00,0.00,20.21
2026-08-23T22:10:47Z,3.936,11850.1,0.000,0.0,0.000,0.0,0.433,505.6,0.358,118.8,7.70,21.79,0.00,0.00,20.19
2026-08-23T22:10:48Z,3.329,11865.2,0.000,0.0,0.000,0.0,0.426,505.2,0.356,118.8,7.70,24.67,0.00,0.00,20.19
2026-08-23T22:10:49Z,3.383,11841.9,0.000,0.0,0.000,0.0,0.434,505.5,0.359,118.9,8.53,23.71,0.00,0.00,20.19
2026-08-23T22:10:51Z,3.398,11858.2,0.000,0.0,0.000,0.0,0.429,505.1,0.352,118.8,7.78,24.54,0.00,0.00,20.19
2026-08-23T22:10:52Z,3.475,11872.8,0.000,0.0,0.000,0.0,0.432,505.2,0.359,118.9,8.11,27.55,0.00,0.00,20.17
2026-08-23T22:10:53Z,3.369,11850.0,0.000,0.0,0.000,0.0,0.431,505.4,0.350,118.8,8.70,24.48,0.00,0.00,20.17
2026-08-23T22:10:54Z,3.489,11867.9,0.000,0.0,0.000,0.0,0.443,505.2,0.359,118.8,8.52,27.54,0.00,0.00,20.17
2026-08-23T22:10:55Z,3.483,11848.6,0.000,0.0,0.000,0.0,0.433,505.4,0.352,118.8,8.13,32.13,0.00,0.00,20.17
2026-08-23T22:10:56Z,4.163,11839.3,0.000,0.0,0.000,0.0,0.428,505.7,0.352,118.9,8.51,36.42,0.00,0.00,20.17
2026-08-23T22:10:57Z,4.365,11847.0,0.000,0.0,0.000,0.0,0.438,505.5,0.367,118.9,8.20,24.96,0.00,0.00,20.32
2026-08-23T22:10:58Z,3.364,11865.3,0.000,0.0,0.000,0.0,0.428,505.2,0.350,118.9,8.94,29.28,0.00,0.00,20.32
2026-08-23T22:10:59Z,3.439,11845.7,0.000,0.0,0.000,0.0,0.429,505.2,0.355,118.9,8.73,27.12,0.00,0.00,20.32
2026-08-23T22:11:00Z,3.509,11862.6,0.000,0.0,0.000,0.0,0.419,505.2,0.349,118.9,8.30,27.19,0.00,0.00,20.32
2026-08-23T22:11:01Z,3.569,11842.3,0.000,0.0,0.000,0.0,0.436,505.3,0.364,118.9,8.98,28.91,0.00,0.00,20.32
2026-08-23T22:11:03Z,4.206,11828.4,0.000,0.0,0.000,0.0,0.431,505.5,0.354,118.8,15.98,33.12,0.00,0.00,20.05
2026-08-23T22:11:04Z,4.257,11813.3,0.000,0.0,0.000,0.0,0.449,505.8,0.367,118.9,24.11,35.53,0.00,0.00,20.05
2026-08-23T22:11:05Z,4.286,11834.3,0.000,0.0,0.000,0.0,0.464,505.2,0.380,118.8,23.55,36.20,0.00,0.00,20.05
2026-08-23T22:11:06Z,4.388,11816.7,0.000,0.0,0.000,0.0,0.445,505.3,0.359,118.9,25.43,46.59,0.00,0.00,20.05
2026-08-23T22:11:07Z,4.933,11807.0,0.000,0.0,0.000,0.0,0.438,505.3,0.369,118.9,22.20,37.28,0.00,0.00,21.01
2026-08-23T22:11:08Z,4.317,11812.8,0.000,0.0,0.000,0.0,0.453,505.3,0.383,118.9,26.81,31.43,0.00,0.00,21.01
2026-08-23T22:11:09Z,4.211,11820.6,0.000,0.0,0.000,0.0,0.453,505.3,0.378,118.9,27.87,37.59,0.00,0.00,21.01
2026-08-23T22:11:10Z,4.133,11827.2,0.000,0.0,0.000,0.0,0.453,505.3,0.366,118.9,27.73,38.43,0.00,0.00,21.01
2026-08-23T22:11:11Z,4.083,11835.9,0.000,0.0,0.000,0.0,0.449,505.3,0.362,118.9,29.60,37.71,0.00,0.00,21.01
2026-08-23T22:11:12Z,4.087,11843.1,0.000,0.0,0.000,0.0,0.452,505.5,0.364,118.9,29.31,35.83,0.00,0.00,20.61
2026-08-23T22:11:13Z,4.177,11814.9,0.000,0.0,0.000,0.0,0.451,505.3,0.371,118.9,29.88,38.09,0.00,0.00,20.61
2026-08-23T22:11:15Z,4.155,11822.1,0.000,0.0,0.000,0.0,0.440,505.2,0.364,118.9,27.37,37.04,0.00,0.00,20.61
2026-08-23T22:11:16Z,4.412,11835.9,0.000,0.0,0.000,0.0,0.457,505.5,0.373,118.9,29.48,35.24,0.00,0.00,20.61
2026-08-23T22:11:17Z,4.997,11830.8,0.000,0.0,0.000,0.0,0.436,505.5,0.366,118.9,23.72,36.65,0.00,0.00,21.04
2026-08-23T22:11:18Z,4.149,11806.8,0.000,0.0,0.000,0.0,0.451,505.5,0.366,118.9,31.06,38.14,0.00,0.00,21.04
2026-08-23T22:11:19Z,4.069,11817.9,0.000,0.0,0.000,0.0,0.448,505.2,0.363,118.9,31.27,37.92,0.00,0.00,21.04
2026-08-23T22:11:20Z,4.043,11829.8,0.000,0.0,0.000,0.0,0.450,505.2,0.365,118.9,32.74,35.93,0.00,0.00,21.04
2026-08-23T22:11:21Z,4.407,11755.9,0.000,0.0,0.000,0.0,0.439,505.2,0.357,118.8,28.51,29.85,0.00,0.00,21.04
2026-08-23T22:11:22Z,5.111,11797.7,0.000,0.0,0.000,0.0,0.437,505.2,0.353,118.9,27.83,28.28,0.00,0.00,22.16
2026-08-23T22:11:23Z,5.147,11803.2,0.000,0.0,0.000,0.0,0.445,505.2,0.363,118.9,27.03,26.45,0.00,0.00,22.16
2026-08-23T22:11:24Z,5.303,11814.8,0.000,0.0,0.000,0.0,0.422,505.3,0.362,118.9,26.31,29.59,0.00,0.00,22.16
2026-08-23T22:11:26Z,5.244,11800.7,0.000,0.0,0.000,0.0,0.456,505.9,0.373,119.0,26.40,37.57,0.00,0.00,22.16
2026-08-23T22:11:27Z,5.795,11775.0,0.000,0.0,0.000,0.0,0.391,505.8,0.309,119.1,19.38,41.88,0.00,0.00,22.79
2026-08-23T22:11:28Z,5.572,11793.9,0.000,0.0,0.000,0.0,0.408,505.5,0.345,119.1,22.28,38.57,0.00,0.00,22.79
2026-08-23T22:11:29Z,5.607,11775.8,0.000,0.0,0.000,0.0,0.415,505.7,0.338,119.1,21.56,40.05,0.00,0.00,22.79
2026-08-23T22:11:30Z,5.324,11791.0,0.000,0.0,0.000,0.0,0.444,505.5,0.368,119.1,22.37,35.57,0.00,0.00,22.79
2026-08-23T22:11:31Z,5.090,11773.3,0.000,0.0,0.000,0.0,0.459,505.5,0.385,119.2,22.31,33.92,0.00,0.00,22.79
2026-08-23T22:11:32Z,5.211,11810.4,0.000,0.0,0.000,0.0,0.446,505.4,0.362,119.1,102.71,35.30,0.00,0.00,23.04
2026-08-23T22:11:33Z,5.272,11790.4,0.000,0.0,0.000,0.0,0.442,505.4,0.364,119.1,143.22,31.12,0.00,0.00,23.04
2026-08-23T22:11:34Z,5.182,11802.4,0.000,0.0,0.000,0.0,0.450,505.4,0.379,119.1,136.52,33.58,0.00,0.00,23.04
2026-08-23T22:11:35Z,5.143,11826.5,0.000,0.0,0.000,0.0,0.446,505.4,0.376,119.0,169.84,27.09,0.00,0.00,23.04
2026-08-23T22:11:37Z,5.137,11789.2,0.000,0.0,0.000,0.0,0.439,505.5,0.357,119.1,132.21,74.67,0.00,0.00,23.76
2026-08-23T22:11:38Z,4.530,11799.8,0.000,0.0,0.000,0.0,0.422,505.6,0.348,119.3,108.07,327.60,0.00,0.00,23.76
2026-08-23T22:11:39Z,4.968,11803.6,0.000,0.0,0.000,0.0,0.480,505.5,0.385,119.3,97.13,25.81,0.00,0.00,23.76
2026-08-23T22:11:40Z,5.079,11776.0,0.000,0.0,0.000,0.0,0.447,505.7,0.362,119.2,191.13,23.46,0.00,0.00,23.76
2026-08-23T22:11:41Z,5.010,11791.2,0.000,0.0,0.000,0.0,0.436,505.5,0.371,119.3,186.09,24.61,0.00,0.00,23.76
2026-08-23T22:11:42Z,4.842,11779.1,0.000,0.0,0.000,0.0,0.439,505.5,0.365,119.2,207.51,75.77,0.00,0.00,23.06
2026-08-23T22:11:43Z,4.247,11793.2,0.000,0.0,0.000,0.0,0.456,505.5,0.371,119.3,156.89,322.27,0.00,0.00,23.06
2026-08-23T22:11:44Z,4.867,11786.5,0.000,0.0,0.000,0.0,0.442,505.9,0.364,119.2,147.62,25.32,0.00,0.00,23.06
2026-08-23T22:11:45Z,5.036,11801.9,0.000,0.0,0.000,0.0,0.440,505.5,0.369,119.2,180.21,22.69,0.00,0.00,23.06
2026-08-23T22:11:47Z,5.416,11798.4,0.000,0.0,0.000,0.0,0.447,505.8,0.364,119.5,112.01,19.61,0.00,0.00,23.06
2026-08-23T22:11:48Z,4.857,11804.3,0.000,0.0,0.000,0.0,0.429,505.6,0.351,119.3,152.39,83.29,0.00,0.00,25.22
2026-08-23T22:11:49Z,4.868,11798.4,0.000,0.0,0.000,0.0,0.453,505.5,0.376,119.3,160.81,84.19,0.00,0.00,25.22
2026-08-23T22:11:50Z,4.973,11807.0,0.000,0.0,0.000,0.0,0.456,505.8,0.375,119.2,199.71,79.66,0.00,0.00,25.22
2026-08-23T22:11:51Z,4.755,11793.8,0.000,0.0,0.000,0.0,0.429,505.5,0.346,119.4,147.66,84.87,0.00,0.00,25.22
2026-08-23T22:11:52Z,4.853,11867.5,0.000,0.0,0.000,0.0,0.437,505.3,0.364,118.6,186.64,112.41,0.00,0.00,25.92
2026-08-23T22:11:53Z,4.855,11900.1,0.000,0.0,0.000,0.0,0.446,505.3,0.376,118.6,153.01,67.48,0.00,0.00,25.92
2026-08-23T22:11:54Z,4.485,11932.3,0.000,0.0,0.000,0.0,0.436,505.6,0.366,118.6,154.18,312.32,0.00,0.00,25.92
2026-08-23T22:11:55Z,5.045,11986.3,0.000,0.0,0.000,0.0,0.449,505.8,0.376,118.9,132.45,25.37,0.00,0.00,25.92
2026-08-23T22:11:57Z,5.433,12010.7,0.000,0.0,0.000,0.0,0.424,505.4,0.339,119.0,106.12,21.87,0.00,0.00,25.92
2026-08-23T22:11:58Z,5.107,12014.9,0.000,0.0,0.000,0.0,0.470,505.3,0.392,118.6,107.26,27.92,0.00,0.00,27.61
2026-08-23T22:11:59Z,5.044,12069.7,0.000,0.0,0.000,0.0,0.427,505.2,0.365,118.5,169.68,25.67,0.00,0.00,27.61
2026-08-23T22:12:00Z,4.999,12079.7,0.000,0.0,0.000,0.0,0.448,505.3,0.361,118.5,158.96,84.91,0.00,0.00,27.61
2026-08-23T22:12:01Z,4.961,12121.5,0.000,0.0,0.000,0.0,0.450,505.3,0.368,118.6,147.67,85.65,0.00,0.00,27.61
2026-08-23T22:12:02Z,4.950,12139.7,0.000,0.0,0.000,0.0,0.445,505.3,0.370,118.5,194.13,99.77,0.00,0.00,28.12
2026-08-23T22:12:03Z,4.766,12139.4,0.000,0.0,0.000,0.0,0.436,505.3,0.364,118.5,154.14,78.06,0.00,0.00,28.12
2026-08-23T22:12:04Z,4.313,12153.2,0.000,0.0,0.000,0.0,0.435,505.3,0.343,119.0,173.84,298.13,0.00,0.00,28.12
2026-08-23T22:12:05Z,5.155,12141.9,0.000,0.0,0.000,0.0,0.455,505.2,0.372,118.7,138.94,24.43,0.00,0.00,28.12
2026-08-23T22:12:07Z,5.125,12171.3,0.000,0.0,0.000,0.0,0.449,505.2,0.376,118.7,143.96,30.11,0.00,0.00,29.47
2026-08-23T22:12:08Z,5.337,12224.6,0.000,0.0,0.000,0.0,0.431,505.2,0.355,118.7,151.35,32.07,0.00,0.00,29.47
2026-08-23T22:12:09Z,4.905,12221.2,0.000,0.0,0.000,0.0,0.440,505.3,0.361,118.7,175.36,101.91,0.00,0.00,29.47
2026-08-23T22:12:10Z,4.081,12224.3,0.000,0.0,0.000,0.0,0.457,505.3,0.365,118.6,162.43,324.13,0.00,0.00,29.47
2026-08-23T22:12:11Z,4.789,12231.5,0.000,0.0,0.000,0.0,0.445,505.5,0.372,118.6,292.00,30.94,0.00,0.00,29.47
2026-08-23T22:12:12Z,4.655,12243.8,0.000,0.0,0.000,0.0,0.448,505.3,0.363,118.7,275.01,74.60,0.00,0.00,29.76
2026-08-23T22:12:13Z,4.510,12271.4,0.000,0.0,0.000,0.0,0.435,505.5,0.376,118.6,260.16,117.32,0.00,0.00,29.76
2026-08-23T22:12:14Z,4.442,12287.0,0.000,0.0,0.000,0.0,0.435,505.2,0.361,118.5,208.97,200.76,0.00,0.00,29.76
2026-08-23T22:12:15Z,4.112,12262.4,0.000,0.0,0.000,0.0,0.457,505.5,0.378,118.8,171.10,249.39,0.00,0.00,29.76
2026-08-23T22:12:16Z,5.363,12270.7,0.000,0.0,0.000,0.0,0.444,505.6,0.363,118.6,153.58,23.66,0.00,0.00,29.76
2026-08-23T22:12:18Z,4.808,12263.9,0.000,0.0,0.000,0.0,0.439,505.2,0.362,118.6,188.76,31.97,0.00,0.00,30.82
2026-08-23T22:12:19Z,4.400,12265.6,0.000,0.0,0.000,0.0,0.444,505.5,0.366,118.5,39.36,107.19,0.00,0.00,30.82
2026-08-23T22:12:20Z,3.864,12216.1,0.000,0.0,0.000,0.0,0.404,505.5,0.337,118.8,7.89,414.67,0.00,0.00,30.82
2026-08-23T22:12:21Z,4.708,12281.2,0.000,0.0,0.000,0.0,0.485,505.3,0.397,118.6,9.62,33.17,0.00,0.00,30.82
2026-08-23T22:12:22Z,4.553,12273.4,0.000,0.0,0.000,0.0,0.431,505.3,0.350,118.6,9.16,30.98,0.00,0.00,30.43
2026-08-23T22:12:23Z,4.644,12305.4,0.000,0.0,0.000,0.0,0.436,505.3,0.365,118.6,184.77,32.57,0.00,0.00,30.43
2026-08-23T22:12:24Z,4.438,12295.6,0.000,0.0,0.000,0.0,0.432,505.3,0.351,118.6,187.60,29.21,0.00,0.00,30.43
2026-08-23T22:12:25Z,4.635,12208.4,0.000,0.0,0.000,0.0,0.436,505.6,0.372,118.6,179.16,28.34,0.00,0.00,30.43
2026-08-23T22:12:26Z,5.365,12287.2,0.000,0.0,0.000,0.0,0.426,505.3,0.360,118.6,170.56,24.17,0.00,0.00,30.43
2026-08-23T22:12:27Z,5.160,12301.1,0.000,0.0,0.000,0.0,0.464,505.3,0.375,118.6,203.21,21.86,0.00,0.00,31.44
2026-08-23T22:12:29Z,5.177,12304.8,0.000,0.0,0.000,0.0,0.447,505.5,0.349,118.6,232.29,26.70,0.00,0.00,31.44
2026-08-23T22:12:30Z,5.273,12278.6,0.000,0.0,0.000,0.0,0.443,505.4,0.370,118.6,155.97,27.79,0.00,0.00,31.44
2026-08-23T22:12:31Z,5.363,12295.1,0.000,0.0,0.000,0.0,0.415,505.3,0.354,118.5,132.82,20.36,0.00,0.00,31.44
2026-08-23T22:12:32Z,5.018,12299.2,0.000,0.0,0.000,0.0,0.437,505.3,0.373,118.5,113.84,29.35,0.00,0.00,31.56
2026-08-23T22:12:33Z,5.012,12304.2,0.000,0.0,0.000,0.0,0.432,505.5,0.355,118.7,110.05,27.29,0.00,0.00,31.56
2026-08-23T22:12:34Z,5.032,12302.2,0.000,0.0,0.000,0.0,0.448,505.3,0.360,118.6,183.73,26.83,0.00,0.00,31.56
2026-08-23T22:12:35Z,4.551,12280.6,0.000,0.0,0.000,0.0,0.431,505.2,0.355,118.4,166.64,28.80,0.00,0.00,31.56
2026-08-23T22:12:36Z,4.922,12280.3,0.000,0.0,0.000,0.0,0.435,505.3,0.373,118.5,99.20,25.58,0.00,0.00,31.56
2026-08-23T22:12:37Z,5.128,12290.1,0.000,0.0,0.000,0.0,0.444,505.2,0.375,118.4,123.27,24.58,0.00,0.00,31.92
2026-08-23T22:12:38Z,4.440,12276.1,0.000,0.0,0.000,0.0,0.442,505.4,0.364,118.4,176.73,35.61,0.00,0.00,31.92
2026-08-23T22:12:40Z,4.557,12292.8,0.000,0.0,0.000,0.0,0.441,505.1,0.364,118.4,205.68,28.96,0.00,0.00,31.92
2026-08-23T22:12:41Z,4.336,12284.8,0.000,0.0,0.000,0.0,0.428,505.2,0.354,118.5,179.63,50.98,0.00,0.00,31.92
2026-08-23T22:12:42Z,4.360,12275.8,0.000,0.0,0.000,0.0,0.437,505.1,0.362,118.4,187.21,28.80,0.00,0.00,31.77
2026-08-23T22:12:43Z,4.421,12273.8,0.000,0.0,0.000,0.0,0.447,505.1,0.357,118.4,187.95,30.96,0.00,0.00,31.77
2026-08-23T22:12:44Z,4.500,12281.0,0.000,0.0,0.000,0.0,0.441,505.1,0.364,118.4,195.23,33.07,0.00,0.00,31.77
2026-08-23T22:12:45Z,4.524,12278.0,0.000,0.0,0.000,0.0,0.437,505.1,0.362,118.4,174.31,32.61,0.00,0.00,31.77
2026-08-23T22:12:46Z,4.524,12272.9,0.000,0.0,0.000,0.0,0.391,505.4,0.306,118.8,10.00,281.89,0.00,0.00,31.77
2026-08-23T22:12:47Z,4.912,11398.3,0.000,0.0,0.000,0.0,0.496,505.5,0.405,118.7,9.03,28.27,0.00,0.00,32.26
2026-08-23T22:12:48Z,3.721,11428.4,0.000,0.0,0.000,0.0,0.442,505.3,0.360,118.7,9.35,35.07,0.00,0.00,32.26
2026-08-23T22:12:49Z,3.584,11457.3,0.000,0.0,0.000,0.0,0.431,505.8,0.348,118.7,9.53,43.52,0.00,0.00,32.26
2026-08-23T22:12:50Z,3.806,11491.6,0.000,0.0,0.000,0.0,0.424,505.6,0.359,118.7,9.93,37.38,0.00,0.00,32.26
2026-08-23T22:12:52Z,3.857,11518.4,0.000,0.0,0.000,0.0,0.435,505.2,0.361,118.7,9.97,35.94,0.00,0.00,32.26
2026-08-23T22:12:53Z,3.694,11548.6,0.000,0.0,0.000,0.0,0.436,505.3,0.369,118.7,9.55,36.42,0.00,0.00,31.84
2026-08-23T22:12:54Z,3.684,11577.2,0.000,0.0,0.000,0.0,0.439,505.2,0.356,118.7,9.49,35.51,0.00,0.00,31.84
2026-08-23T22:12:55Z,3.652,11605.8,0.000,0.0,0.000,0.0,0.433,505.3,0.366,118.5,9.37,36.45,0.00,0.00,31.84
2026-08-23T22:12:56Z,4.125,11647.4,0.000,0.0,0.000,0.0,0.436,505.3,0.359,118.4,8.47,39.64,0.00,0.00,31.84
2026-08-23T22:12:57Z,5.005,11687.3,0.000,0.0,0.000,0.0,0.431,505.1,0.373,118.5,7.72,33.82,0.00,0.00,32.18
2026-08-23T22:12:58Z,4.262,11703.6,0.000,0.0,0.000,0.0,0.449,505.1,0.369,118.4,9.14,37.50,0.00,0.00,32.18
2026-08-23T22:12:59Z,3.759,11735.9,0.000,0.0,0.000,0.0,0.436,505.1,0.364,118.5,10.31,44.00,0.00,0.00,32.18
2026-08-23T22:13:00Z,3.883,11765.6,0.000,0.0,0.000,0.0,0.439,505.3,0.360,118.4,9.57,36.26,0.00,0.00,32.18
2026-08-23T22:13:01Z,4.064,11797.0,0.000,0.0,0.000,0.0,0.449,505.1,0.381,118.4,10.06,35.92,0.00,0.00,32.18
2026-08-23T22:13:03Z,3.764,11827.0,0.000,0.0,0.000,0.0,0.448,505.1,0.371,118.4,8.17,32.40,0.00,0.00,31.28
2026-08-23T22:13:04Z,3.648,11857.8,0.000,0.0,0.000,0.0,0.450,505.3,0.374,118.4,9.47,35.60,0.00,0.00,31.28
2026-08-23T22:13:05Z,3.748,11888.1,0.000,0.0,0.000,0.0,0.463,505.1,0.373,118.3,9.80,36.09,0.00,0.00,31.28
2026-08-23T22:13:06Z,4.371,11955.2,0.000,0.0,0.000,0.0,0.448,505.1,0.379,118.4,10.16,34.52,0.00,0.00,31.28
2026-08-23T22:13:07Z,5.422,12035.7,0.000,0.0,0.000,0.0,0.446,505.1,0.366,118.4,40.38,29.00,0.00,0.00,32.54
2026-08-23T22:13:08Z,4.895,12058.7,0.000,0.0,0.000,0.0,0.474,505.1,0.388,118.4,18.27,30.55,0.00,0.00,32.54
2026-08-23T22:13:09Z,4.417,12104.4,0.000,0.0,0.000,0.0,0.442,505.6,0.368,118.3,22.24,41.58,0.00,0.00,32.54
2026-08-23T22:13:10Z,4.313,12155.9,0.000,0.0,0.000,0.0,0.441,505.1,0.365,118.3,27.91,38.23,0.00,0.00,32.54
2026-08-23T22:13:11Z,4.355,12211.0,0.000,0.0,0.000,0.0,0.438,505.0,0.365,118.3,29.48,38.20,0.00,0.00,32.54
2026-08-23T22:13:12Z,4.305,12219.6,0.000,0.0,0.000,0.0,0.432,505.3,0.358,118.3,28.97,47.97,0.00,0.00,31.45
2026-08-23T22:13:13Z,4.305,12224.7,0.000,0.0,0.000,0.0,0.446,505.1,0.370,118.3,27.33,36.27,0.00,0.00,31.45
2026-08-23T22:13:15Z,4.304,12233.2,0.000,0.0,0.000,0.0,0.432,505.3,0.357,118.3,28.96,33.92,0.00,0.00,31.45
2026-08-23T22:13:16Z,4.641,12249.5,0.000,0.0,0.000,0.0,0.460,505.1,0.382,118.4,27.86,37.69,0.00,0.00,31.45
2026-08-23T22:13:17Z,5.129,12245.4,0.000,0.0,0.000,0.0,0.443,505.5,0.363,118.4,20.24,33.61,0.00,0.00,31.26
2026-08-23T22:13:18Z,4.439,12214.8,0.000,0.0,0.000,0.0,0.462,505.1,0.373,118.7,28.73,41.37,0.00,0.00,31.26
2026-08-23T22:13:19Z,4.359,12227.1,0.000,0.0,0.000,0.0,0.433,505.0,0.362,118.3,29.28,40.95,0.00,0.00,31.26
2026-08-23T22:13:20Z,4.284,12240.6,0.000,0.0,0.000,0.0,0.450,505.1,0.369,118.4,32.21,46.49,0.00,0.00,31.26
2026-08-23T22:13:21Z,4.466,12249.3,0.000,0.0,0.000,0.0,0.442,505.0,0.367,118.4,31.32,38.80,0.00,0.00,31.26
2026-08-23T22:13:22Z,4.348,12222.8,0.000,0.0,0.000,0.0,0.443,505.0,0.364,118.4,31.39,39.92,0.00,0.00,30.60
2026-08-23T22:13:23Z,4.297,12236.7,0.000,0.0,0.000,0.0,0.445,505.0,0.364,118.4,33.98,38.76,0.00,0.00,30.60
2026-08-23T22:13:24Z,4.316,12206.8,0.000,0.0,0.000,0.0,0.459,505.0,0.381,118.4,34.21,39.03,0.00,0.00,30.60
2026-08-23T22:13:26Z,4.501,12222.2,0.000,0.0,0.000,0.0,0.461,505.3,0.369,118.3,31.86,35.49,0.00,0.00,30.60
2026-08-23T22:13:27Z,5.245,12201.9,0.000,0.0,0.000,0.0,0.471,505.4,0.380,118.7,80.20,27.01,0.00,0.00,32.39
2026-08-23T22:13:28Z,4.965,12215.2,0.000,0.0,0.000,0.0,0.438,505.1,0.357,118.4,109.78,31.07,0.00,0.00,32.39
2026-08-23T22:13:29Z,5.311,12193.8,0.000,0.0,0.000,0.0,0.442,505.2,0.365,118.5,57.91,23.07,0.00,0.00,32.39
2026-08-23T22:13:30Z,4.986,12234.7,0.000,0.0,0.000,0.0,0.459,505.1,0.378,118.4,21.06,32.62,0.00,0.00,32.39
2026-08-23T22:13:31Z,4.941,12238.1,0.000,0.0,0.000,0.0,0.438,505.1,0.366,118.4,28.16,25.89,0.00,0.00,32.39
2026-08-23T22:13:32Z,4.882,12200.1,0.000,0.0,0.000,0.0,0.451,505.3,0.358,118.4,31.76,25.78,0.00,0.00,31.08
2026-08-23T22:13:33Z,4.652,12207.9,0.000,0.0,0.000,0.0,0.439,505.6,0.354,118.4,33.22,26.98,0.00,0.00,31.08
2026-08-23T22:13:34Z,4.490,12214.9,0.000,0.0,0.000,0.0,0.450,505.3,0.370,118.4,35.37,27.97,0.00,0.00,31.08
2026-08-23T22:13:35Z,4.349,12223.5,0.000,0.0,0.000,0.0,0.453,505.3,0.377,118.4,33.74,29.38,0.00,0.00,31.08
2026-08-23T22:13:37Z,5.289,12210.8,0.000,0.0,0.000,0.0,0.429,505.1,0.365,118.7,23.83,19.48,0.00,0.00,31.08
2026-08-23T22:13:38Z,4.408,12218.3,0.000,0.0,0.000,0.0,0.444,505.1,0.369,118.4,33.28,27.13,0.00,0.00,30.51
2026-08-23T22:13:39Z,4.232,12228.0,0.000,0.0,0.000,0.0,0.452,505.0,0.360,118.3,37.20,30.11,0.00,0.00,30.51
2026-08-23T22:13:40Z,4.219,12195.1,0.000,0.0,0.000,0.0,0.453,505.0,0.367,118.4,37.72,36.97,0.00,0.00,30.51
2026-08-23T22:13:41Z,4.234,12202.4,0.000,0.0,0.000,0.0,0.437,505.2,0.366,118.3,34.39,27.83,0.00,0.00,30.51
2026-08-23T22:13:42Z,4.223,12211.5,0.000,0.0,0.000,0.0,0.451,505.0,0.366,118.3,37.21,28.55,0.00,0.00,29.99
2026-08-23T22:13:43Z,4.149,12221.2,0.000,0.0,0.000,0.0,0.433,505.0,0.356,118.3,35.36,38.12,0.00,0.00,29.99
2026-08-23T22:13:44Z,4.202,12232.8,0.000,0.0,0.000,0.0,0.443,505.0,0.369,118.4,39.18,30.99,0.00,0.00,29.99
2026-08-23T22:13:45Z,4.294,12198.5,0.000,0.0,0.000,0.0,0.445,505.2,0.369,118.3,36.10,27.34,0.00,0.00,29.99
2026-08-23T22:13:46Z,5.176,12187.2,0.000,0.0,0.000,0.0,0.426,505.3,0.356,118.5,20.88,21.77,0.00,0.00,29.99
2026-08-23T22:13:48Z,4.463,12196.7,0.000,0.0,0.000,0.0,0.458,505.2,0.377,118.4,34.38,27.14,0.00,0.00,31.11
2026-08-23T22:13:49Z,4.265,12206.3,0.000,0.0,0.000,0.0,0.457,505.0,0.371,118.4,36.46,30.11,0.00,0.00,31.11
2026-08-23T22:13:50Z,4.270,12212.7,0.000,0.0,0.000,0.0,0.437,505.2,0.359,118.4,34.19,29.57,0.00,0.00,31.11
2026-08-23T22:13:51Z,4.259,12220.1,0.000,0.0,0.000,0.0,0.436,505.0,0.359,118.4,34.63,36.98,0.00,0.00,31.11
2026-08-23T22:13:52Z,4.450,12181.2,0.000,0.0,0.000,0.0,0.438,505.0,0.365,118.3,21.39,27.27,0.00,0.00,30.86
2026-08-23T22:13:53Z,3.616,12200.4,0.000,0.0,0.000,0.0,0.439,505.2,0.353,118.4,6.53,30.99,0.00,0.00,30.86
2026-08-23T22:13:54Z,3.609,12219.4,0.000,0.0,0.000,0.0,0.438,505.0,0.360,118.4,6.03,31.26,0.00,0.00,30.86
2026-08-23T22:13:55Z,3.636,12195.2,0.000,0.0,0.000,0.0,0.432,505.2,0.355,118.3,6.89,32.27,0.00,0.00,30.86
2026-08-23T22:13:56Z,4.493,12183.8,0.000,0.0,0.000,0.0,0.438,505.0,0.361,118.4,8.53,28.67,0.00,0.00,30.86
2026-08-23T22:13:57Z,4.720,12193.7,0.000,0.0,0.000,0.0,0.432,505.0,0.375,118.3,5.62,26.32,0.00,0.00,30.47
2026-08-23T22:13:58Z,3.721,12216.6,0.000,0.0,0.000,0.0,0.440,505.2,0.355,118.4,7.94,31.33,0.00,0.00,30.47
2026-08-23T22:14:00Z,3.968,12194.8,0.000,0.0,0.000,0.0,0.432,504.9,0.360,118.3,8.27,31.14,0.00,0.00,30.47
2026-08-23T22:14:01Z,3.749,12215.0,0.000,0.0,0.000,0.0,0.442,505.5,0.362,118.3,7.91,37.28,0.00,0.00,30.47
2026-08-23T22:14:02Z,3.792,12192.0,0.000,0.0,0.000,0.0,0.441,505.2,0.362,118.3,6.78,29.89,0.00,0.00,29.63
2026-08-23T22:14:03Z,3.505,12214.3,0.000,0.0,0.000,0.0,0.431,505.5,0.354,118.3,7.31,33.45,0.00,0.00,29.63
2026-08-23T22:14:04Z,3.558,12193.3,0.000,0.0,0.000,0.0,0.436,505.0,0.358,118.6,6.68,33.13,0.00,0.00,29.63
2026-08-23T22:14:05Z,3.532,12216.3,0.000,0.0,0.000,0.0,0.423,505.0,0.353,118.3,8.01,33.97,0.00,0.00,29.63
2026-08-23T22:14:06Z,4.271,12211.8,0.000,0.0,0.000,0.0,0.437,505.3,0.362,118.4,8.48,30.62,0.00,0.00,29.63
2026-08-23T22:14:07Z,5.033,12173.0,0.000,0.0,0.000,0.0,0.441,505.2,0.367,118.4,13.46,23.17,0.00,0.00,29.90
2026-08-23T22:14:08Z,4.497,12172.3,0.000,0.0,0.000,0.0,0.462,505.2,0.374,118.6,23.44,29.39,0.00,0.00,29.90
2026-08-23T22:14:09Z,4.402,12178.0,0.000,0.0,0.000,0.0,0.449,505.0,0.365,118.4,26.93,33.21,0.00,0.00,29.90
2026-08-23T22:14:10Z,4.375,12182.7,0.000,0.0,0.000,0.0,0.439,505.3,0.366,118.3,26.90,31.55,0.00,0.00,29.90
2026-08-23T22:14:12Z,4.607,12178.0,0.000,0.0,0.000,0.0,0.448,505.0,0.370,118.3,19.76,37.60,0.00,0.00,29.90
2026-08-23T22:14:13Z,4.358,12181.3,0.000,0.0,0.000,0.0,0.436,505.0,0.361,118.6,27.16,29.47,0.00,0.00,29.27
2026-08-23T22:14:14Z,4.244,12183.2,0.000,0.0,0.000,0.0,0.448,505.2,0.371,118.4,26.54,39.77,0.00,0.00,29.27
2026-08-23T22:14:15Z,4.289,12190.7,0.000,0.0,0.000,0.0,0.447,505.5,0.371,118.3,32.28,32.15,0.00,0.00,29.27
2026-08-23T22:14:16Z,4.558,12079.7,0.000,0.0,0.000,0.0,0.440,505.0,0.361,118.4,26.83,26.66,0.00,0.00,29.27
2026-08-23T22:14:17Z,5.095,12104.3,0.000,0.0,0.000,0.0,0.435,505.5,0.373,118.4,20.46,23.93,0.00,0.00,29.57
2026-08-23T22:14:18Z,4.316,12155.0,0.000,0.0,0.000,0.0,0.443,505.0,0.364,118.4,29.09,31.85,0.00,0.00,29.57
2026-08-23T22:14:19Z,4.221,12170.0,0.000,0.0,0.000,0.0,0.451,505.0,0.363,118.4,37.74,27.79,0.00,0.00,29.57
2026-08-23T22:14:20Z,4.298,12176.8,0.000,0.0,0.000,0.0,0.450,505.0,0.375,118.4,31.59,28.56,0.00,0.00,29.57
2026-08-23T22:14:21Z,4.569,12179.5,0.000,0.0,0.000,0.0,0.442,505.2,0.356,118.3,29.04,33.50,0.00,0.00,29.57
2026-08-23T22:14:22Z,4.413,12187.7,0.000,0.0,0.000,0.0,0.450,505.2,0.368,118.4,33.30,30.10,0.00,0.00,28.88
2026-08-23T22:14:24Z,4.368,12197.7,0.000,0.0,0.000,0.0,0.440,505.0,0.355,118.3,35.25,29.11,0.00,0.00,28.88
2026-08-23T22:14:25Z,4.260,12164.6,0.000,0.0,0.000,0.0,0.458,505.0,0.378,118.4,35.93,28.75,0.00,0.00,28.88
2026-08-23T22:14:26Z,4.719,12176.6,0.000,0.0,0.000,0.0,0.444,505.3,0.364,118.4,30.82,26.35,0.00,0.00,28.88
2026-08-23T22:14:27Z,5.285,12170.2,0.000,0.0,0.000,0.0,0.461,505.1,0.371,118.4,22.86,21.36,0.00,0.00,29.53
2026-08-23T22:14:28Z,4.895,12164.5,0.000,0.0,0.000,0.0,0.443,505.3,0.367,118.7,23.73,23.26,0.00,0.00,29.53
2026-08-23T22:14:29Z,5.237,12163.7,0.000,0.0,0.000,0.0,0.436,505.1,0.366,118.4,23.79,30.58,0.00,0.00,29.53
2026-08-23T22:14:30Z,5.058,12168.8,0.000,0.0,0.000,0.0,0.434,505.1,0.359,118.4,25.96,36.10,0.00,0.00,29.53
2026-08-23T22:14:31Z,5.271,12171.5,0.000,0.0,0.000,0.0,0.438,505.3,0.366,118.4,25.43,38.87,0.00,0.00,29.53
2026-08-23T22:14:32Z,4.720,12182.0,0.000,0.0,0.000,0.0,0.449,505.0,0.368,118.4,31.03,38.45,0.00,0.00,29.81
2026-08-23T22:14:34Z,4.703,12151.8,0.000,0.0,0.000,0.0,0.443,505.3,0.363,118.4,31.38,39.91,0.00,0.00,29.81
2026-08-23T22:14:35Z,4.336,12165.3,0.000,0.0,0.000,0.0,0.451,505.0,0.369,118.4,31.50,40.14,0.00,0.00,29.81
2026-08-23T22:14:36Z,4.398,12182.3,0.000,0.0,0.000,0.0,0.433,505.3,0.367,118.4,33.55,31.23,0.00,0.00,29.81
2026-08-23T22:14:37Z,5.132,12177.0,0.000,0.0,0.000,0.0,0.423,505.3,0.365,118.4,27.65,22.28,0.00,0.00,29.99
2026-08-23T22:14:38Z,4.255,12186.5,0.000,0.0,0.000,0.0,0.436,505.0,0.364,118.4,33.23,28.18,0.00,0.00,29.99
2026-08-23T22:14:39Z,4.173,12155.0,0.000,0.0,0.000,0.0,0.451,505.0,0.369,118.6,36.17,31.01,0.00,0.00,29.99
2026-08-23T22:14:40Z,4.202,12166.6,0.000,0.0,0.000,0.0,0.458,505.0,0.369,118.4,35.48,29.57,0.00,0.00,29.99
2026-08-23T22:14:41Z,4.141,12177.3,0.000,0.0,0.000,0.0,0.440,505.0,0.367,118.3,36.08,29.33,0.00,0.00,29.99
2026-08-23T22:14:42Z,4.205,12145.4,0.000,0.0,0.000,0.0,0.448,505.0,0.365,118.4,35.99,37.01,0.00,0.00,28.63
2026-08-23T22:14:43Z,4.133,12159.5,0.000,0.0,0.000,0.0,0.443,505.2,0.360,118.4,37.87,32.55,0.00,0.00,28.63
2026-08-23T22:14:44Z,4.222,12170.2,0.000,0.0,0.000,0.0,0.450,505.1,0.372,118.4,32.17,43.69,0.00,0.00,28.63
2026-08-23T22:14:46Z,4.323,12183.6,0.000,0.0,0.000,0.0,0.453,505.0,0.373,118.4,34.80,33.20,0.00,0.00,28.63
2026-08-23T22:14:47Z,5.131,12150.1,0.000,0.0,0.000,0.0,0.444,505.1,0.365,118.4,26.15,22.44,0.00,0.00,29.30
2026-08-23T22:14:48Z,4.545,12141.4,0.000,0.0,0.000,0.0,0.440,505.2,0.360,118.3,29.31,28.81,0.00,0.00,29.30
2026-08-23T22:14:49Z,4.268,12155.4,0.000,0.0,0.000,0.0,0.452,505.0,0.375,118.8,35.00,36.07,0.00,0.00,29.30
2026-08-23T22:14:50Z,4.214,12164.8,0.000,0.0,0.000,0.0,0.448,504.9,0.367,118.3,32.13,34.76,0.00,0.00,29.30
2026-08-23T22:14:51Z,4.408,12131.5,0.000,0.0,0.000,0.0,0.441,505.0,0.362,118.3,17.77,29.48,0.00,0.00,29.30
2026-08-23T22:14:52Z,4.133,12139.1,0.000,0.0,0.000,0.0,0.433,505.0,0.355,118.3,9.16,33.61,0.00,0.00,27.11
2026-08-23T22:14:53Z,4.508,12137.8,0.000,0.0,0.000,0.0,0.431,505.5,0.361,118.3,23.49,29.74,0.00,0.00,27.11
2026-08-23T22:14:54Z,4.424,12137.9,0.000,0.0,0.000,0.0,0.452,505.0,0.368,118.3,26.59,30.73,0.00,0.00,27.11
2026-08-23T22:14:55Z,4.370,12144.8,0.000,0.0,0.000,0.0,0.432,505.0,0.355,118.4,23.49,38.94,0.00,0.00,27.11
2026-08-23T22:14:56Z,5.042,12155.7,0.000,0.0,0.000,0.0,0.442,505.0,0.365,118.4,17.91,35.16,0.00,0.00,27.11
2026-08-23T22:14:58Z,5.029,12139.1,0.000,0.0,0.000,0.0,0.443,505.0,0.365,118.4,18.50,26.56,0.00,0.00,27.66
2026-08-23T22:14:59Z,4.481,12146.5,0.000,0.0,0.000,0.0,0.447,505.3,0.370,118.4,26.13,35.84,0.00,0.00,27.66
2026-08-23T22:15:00Z,4.401,12160.3,0.000,0.0,0.000,0.0,0.444,505.0,0.366,118.3,30.74,39.12,0.00,0.00,27.66
2026-08-23T22:15:01Z,4.535,12169.1,0.000,0.0,0.000,0.0,0.455,505.2,0.373,118.3,27.95,34.19,0.00,0.00,27.66
2026-08-23T22:15:02Z,4.530,12145.3,0.000,0.0,0.000,0.0,0.464,505.0,0.385,118.3,25.10,39.41,0.00,0.00,26.09
2026-08-23T22:15:03Z,4.251,12139.9,0.000,0.0,0.000,0.0,0.450,505.2,0.372,118.3,28.88,37.86,0.00,0.00,26.09
2026-08-23T22:15:04Z,4.165,12153.8,0.000,0.0,0.000,0.0,0.440,505.5,0.356,118.3,34.44,37.13,0.00,0.00,26.09
2026-08-23T22:15:05Z,4.150,12163.6,0.000,0.0,0.000,0.0,0.452,505.5,0.372,118.3,32.56,33.71,0.00,0.00,26.09
2026-08-23T22:15:06Z,4.997,12141.4,0.000,0.0,0.000,0.0,0.453,505.0,0.371,118.4,37.19,26.33,0.00,0.00,26.09
2026-08-23T22:15:07Z,4.692,12136.9,0.000,0.0,0.000,0.0,0.454,505.0,0.368,118.4,27.53,25.60,0.00,0.00,25.76
2026-08-23T22:15:08Z,4.207,12151.3,0.000,0.0,0.000,0.0,0.447,505.0,0.370,118.4,34.94,34.06,0.00,0.00,25.76
2026-08-23T22:15:10Z,4.102,12121.7,0.000,0.0,0.000,0.0,0.441,505.0,0.368,118.3,35.33,34.23,0.00,0.00,25.76
2026-08-23T22:15:11Z,4.161,12135.3,0.000,0.0,0.000,0.0,0.456,505.2,0.371,118.4,35.91,32.67,0.00,0.00,25.76
2026-08-23T22:15:12Z,4.118,12149.2,0.000,0.0,0.000,0.0,0.439,505.2,0.375,118.5,37.09,35.64,0.00,0.00,25.30
2026-08-23T22:15:13Z,4.152,12158.7,0.000,0.0,0.000,0.0,0.447,505.0,0.366,118.4,32.14,42.82,0.00,0.00,25.30
2026-08-23T22:15:14Z,4.250,12124.3,0.000,0.0,0.000,0.0,0.457,505.0,0.368,118.4,31.11,35.80,0.00,0.00,25.30
2026-08-23T22:15:15Z,4.078,12136.2,0.000,0.0,0.000,0.0,0.461,505.0,0.374,118.3,37.11,42.32,0.00,0.00,25.30
2026-08-23T22:15:16Z,4.774,12152.3,0.000,0.0,0.000,0.0,0.451,505.0,0.368,118.4,29.62,27.21,0.00,0.00,25.30
2026-08-23T22:15:17Z,4.763,12145.0,0.000,0.0,0.000,0.0,0.437,505.2,0.366,118.3,30.99,26.14,0.00,0.00,25.35
2026-08-23T22:15:18Z,4.213,12161.0,0.000,0.0,0.000,0.0,0.452,505.0,0.367,118.6,35.81,35.24,0.00,0.00,25.35
2026-08-23T22:15:19Z,4.063,12129.6,0.000,0.0,0.000,0.0,0.448,505.0,0.360,118.3,35.57,34.74,0.00,0.00,25.35
2026-08-23T22:15:20Z,4.272,12142.9,0.000,0.0,0.000,0.0,0.450,505.0,0.376,118.6,37.87,34.06,0.00,0.00,25.35
2026-08-23T22:15:22Z,4.775,12147.0,0.000,0.0,0.000,0.0,0.430,505.0,0.354,118.3,30.30,30.24,0.00,0.00,25.35
2026-08-23T22:15:23Z,4.252,12115.6,0.000,0.0,0.000,0.0,0.440,505.3,0.361,118.4,36.80,41.75,0.00,0.00,24.45
2026-08-23T22:15:24Z,4.300,12124.8,0.000,0.0,0.000,0.0,0.441,504.9,0.364,118.3,33.11,38.09,0.00,0.00,24.45
2026-08-23T22:15:25Z,4.137,12134.1,0.000,0.0,0.000,0.0,0.450,505.2,0.365,118.4,32.36,35.95,0.00,0.00,24.45
2026-08-23T22:15:26Z,4.819,12143.9,0.000,0.0,0.000,0.0,0.440,505.0,0.360,118.4,28.14,28.05,0.00,0.00,24.45
2026-08-23T22:15:27Z,5.247,12128.9,0.000,0.0,0.000,0.0,0.442,505.4,0.381,118.4,21.27,24.18,0.00,0.00,25.05
2026-08-23T22:15:28Z,4.934,12136.6,0.000,0.0,0.000,0.0,0.465,505.1,0.381,118.4,27.98,31.66,0.00,0.00,25.05
2026-08-23T22:15:29Z,4.780,12135.8,0.000,0.0,0.000,0.0,0.433,505.0,0.361,118.4,28.65,24.24,0.00,0.00,25.05
2026-08-23T22:15:30Z,5.192,12133.0,0.000,0.0,0.000,0.0,0.424,505.1,0.359,118.4,23.86,23.72,0.00,0.00,25.05
2026-08-23T22:15:31Z,5.239,12127.6,0.000,0.0,0.000,0.0,0.425,505.4,0.357,118.5,22.00,25.22,0.00,0.00,25.05
2026-08-23T22:15:33Z,4.748,12131.1,0.000,0.0,0.000,0.0,0.423,505.0,0.351,118.4,27.78,34.51,0.00,0.00,24.97
2026-08-23T22:15:34Z,4.301,12102.7,0.000,0.0,0.000,0.0,0.445,505.0,0.361,118.4,37.76,30.54,0.00,0.00,24.97
2026-08-23T22:15:35Z,4.167,12115.8,0.000,0.0,0.000,0.0,0.459,505.0,0.370,118.3,36.21,32.22,0.00,0.00,24.97
2026-08-23T22:15:36Z,4.427,12130.4,0.000,0.0,0.000,0.0,0.441,505.1,0.367,118.4,31.97,28.05,0.00,0.00,24.97
2026-08-23T22:15:37Z,5.003,12122.4,0.000,0.0,0.000,0.0,0.444,505.2,0.366,118.4,26.46,20.95,0.00,0.00,25.77
2026-08-23T22:15:38Z,4.234,12118.9,0.000,0.0,0.000,0.0,0.446,505.0,0.368,118.4,31.34,31.09,0.00,0.00,25.77
2026-08-23T22:15:39Z,3.583,12118.6,0.000,0.0,0.000,0.0,0.419,505.0,0.346,118.3,7.24,30.67,0.00,0.00,25.77
2026-08-23T22:15:40Z,3.342,12100.3,0.000,0.0,0.000,0.0,0.428,505.0,0.358,118.3,8.48,33.21,0.00,0.00,25.77
2026-08-23T22:15:41Z,3.454,12123.9,0.000,0.0,0.000,0.0,0.441,505.0,0.358,118.4,9.24,31.01,0.00,0.00,25.77
2026-08-23T22:15:42Z,3.416,12103.7,0.000,0.0,0.000,0.0,0.432,505.0,0.358,118.3,7.89,34.40,0.00,0.00,24.67
2026-08-23T22:15:43Z,3.443,12128.2,0.000,0.0,0.000,0.0,0.441,505.0,0.359,118.4,8.87,39.78,0.00,0.00,24.67
2026-08-23T22:15:45Z,3.439,12110.2,0.000,0.0,0.000,0.0,0.431,505.0,0.360,118.4,8.98,33.21,0.00,0.00,24.67
2026-08-23T22:15:46Z,3.559,12138.4,0.000,0.0,0.000,0.0,0.433,505.3,0.358,118.3,9.42,41.53,0.00,0.00,24.67
2026-08-23T22:15:47Z,4.979,12118.0,0.000,0.0,0.000,0.0,0.442,505.3,0.366,118.4,7.83,26.20,0.00,0.00,24.29
2026-08-23T22:15:48Z,3.713,12099.9,0.000,0.0,0.000,0.0,0.436,505.0,0.359,118.6,8.59,31.50,0.00,0.00,24.29
2026-08-23T22:15:49Z,3.484,12122.9,0.000,0.0,0.000,0.0,0.431,505.2,0.359,118.3,9.13,32.91,0.00,0.00,24.29
2026-08-23T22:15:50Z,3.455,12103.4,0.000,0.0,0.000,0.0,0.437,505.0,0.358,118.6,8.74,31.52,0.00,0.00,24.29
2026-08-23T22:15:51Z,3.594,12124.9,0.000,0.0,0.000,0.0,0.448,505.0,0.369,118.4,8.36,30.07,0.00,0.00,24.29
2026-08-23T22:15:52Z,3.588,12104.1,0.000,0.0,0.000,0.0,0.432,505.2,0.355,118.3,8.23,31.52,0.00,0.00,23.31
2026-08-23T22:15:53Z,3.503,12125.6,0.000,0.0,0.000,0.0,0.431,505.3,0.358,118.4,7.69,38.78,0.00,0.00,23.31
2026-08-23T22:15:54Z,3.535,12106.2,0.000,0.0,0.000,0.0,0.439,505.0,0.364,118.3,8.31,33.13,0.00,0.00,23.31
2026-08-23T22:15:55Z,3.530,12130.5,0.000,0.0,0.000,0.0,0.431,505.0,0.360,119.1,9.34,32.34,0.00,0.00,23.31
2026-08-23T22:15:57Z,4.882,12109.5,0.000,0.0,0.000,0.0,0.431,505.0,0.364,118.4,7.76,26.25,0.00,0.00,23.31
2026-08-23T22:15:58Z,3.813,12093.2,0.000,0.0,0.000,0.0,0.459,505.5,0.377,118.4,9.53,30.40,0.00,0.00,24.16
2026-08-23T22:15:59Z,3.615,12116.4,0.000,0.0,0.000,0.0,0.441,505.0,0.364,118.4,9.01,31.43,0.00,0.00,24.16
2026-08-23T22:16:00Z,3.555,12098.4,0.000,0.0,0.000,0.0,0.435,505.0,0.361,118.3,9.39,32.78,0.00,0.00,24.16
2026-08-23T22:16:01Z,3.798,12123.1,0.000,0.0,0.000,0.0,0.446,505.0,0.372,118.3,10.42,32.48,0.00,0.00,24.16
2026-08-23T22:16:02Z,3.784,12105.7,0.000,0.0,0.000,0.0,0.443,505.2,0.364,118.3,9.89,31.83,0.00,0.00,22.87
2026-08-23T22:16:03Z,3.460,12089.4,0.000,0.0,0.000,0.0,0.438,505.3,0.362,118.3,9.86,34.86,0.00,0.00,22.87
2026-08-23T22:16:04Z,3.466,12113.8,0.000,0.0,0.000,0.0,0.440,505.0,0.362,118.3,10.31,41.17,0.00,0.00,22.87
2026-08-23T22:16:05Z,3.481,12096.5,0.000,0.0,0.000,0.0,0.445,505.5,0.364,118.3,9.93,33.70,0.00,0.00,22.87
2026-08-23T22:16:06Z,4.553,12094.0,0.000,0.0,0.000,0.0,0.447,505.3,0.372,118.4,8.32,28.63,0.00,0.00,22.87
2026-08-23T22:16:07Z,4.076,12100.9,0.000,0.0,0.000,0.0,0.454,505.0,0.372,118.3,9.02,28.59,0.00,0.00,22.48
2026-08-23T22:16:08Z,3.471,12125.8,0.000,0.0,0.000,0.0,0.442,505.0,0.362,118.3,8.73,35.03,0.00,0.00,22.48
2026-08-23T22:16:10Z,3.395,12107.0,0.000,0.0,0.000,0.0,0.432,505.0,0.352,118.3,8.96,37.02,0.00,0.00,22.48
2026-08-23T22:16:11Z,3.493,12090.9,0.000,0.0,0.000,0.0,0.441,505.0,0.368,118.3,9.28,37.44,0.00,0.00,22.48
2026-08-23T22:16:12Z,3.431,12115.5,0.000,0.0,0.000,0.0,0.433,505.0,0.352,118.3,9.22,37.56,0.00,0.00,21.88
2026-08-23T22:16:13Z,3.396,12096.3,0.000,0.0,0.000,0.0,0.434,505.2,0.353,118.3,9.15,35.66,0.00,0.00,21.88
2026-08-23T22:16:14Z,3.473,12120.2,0.000,0.0,0.000,0.0,0.439,505.0,0.363,118.3,9.93,41.71,0.00,0.00,21.88
2026-08-23T22:16:15Z,3.411,12100.8,0.000,0.0,0.000,0.0,0.431,505.2,0.357,118.3,9.26,34.45,0.00,0.00,21.88
2026-08-23T22:16:16Z,4.110,12091.2,0.000,0.0,0.000,0.0,0.428,505.2,0.355,118.5,8.77,41.40,0.00,0.00,21.88
2026-08-23T22:16:17Z,4.372,12103.8,0.000,0.0,0.000,0.0,0.453,505.0,0.373,118.4,7.91,28.54,0.00,0.00,21.01
2026-08-23T22:16:18Z,3.480,12084.7,0.000,0.0,0.000,0.0,0.444,505.2,0.362,118.4,7.92,32.89,0.00,0.00,21.01
2026-08-23T22:16:19Z,3.416,12108.2,0.000,0.0,0.000,0.0,0.428,505.0,0.356,118.4,9.46,33.34,0.00,0.00,21.01
2026-08-23T22:16:20Z,3.482,12088.9,0.000,0.0,0.000,0.0,0.431,505.2,0.363,118.3,8.35,32.60,0.00,0.00,21.01
2026-08-23T22:16:21Z,3.655,12108.8,0.000,0.0,0.000,0.0,0.437,505.0,0.360,118.4,9.13,28.28,0.00,0.00,21.01
2026-08-23T22:16:23Z,3.470,12086.6,0.000,0.0,0.000,0.0,0.429,505.0,0.361,118.6,9.06,28.75,0.00,0.00,20.21
2026-08-23T22:16:24Z,3.469,12107.1,0.000,0.0,0.000,0.0,0.431,505.5,0.356,118.4,9.38,35.31,0.00,0.00,20.21
2026-08-23T22:16:25Z,3.466,12084.4,0.000,0.0,0.000,0.0,0.433,505.0,0.357,118.5,9.76,26.59,0.00,0.00,20.21
2026-08-23T22:16:26Z,3.903,12111.4,0.000,0.0,0.000,0.0,0.452,505.3,0.381,118.4,7.70,27.24,0.00,0.00,20.21
2026-08-23T22:16:27Z,5.106,12075.6,0.000,0.0,0.000,0.0,0.445,505.1,0.357,118.7,7.05,18.35,0.00,0.00,19.71
2026-08-23T22:16:28Z,4.634,12096.1,0.000,0.0,0.000,0.0,0.440,505.1,0.365,118.4,7.46,23.91,0.00,0.00,19.71
2026-08-23T22:16:29Z,4.432,12072.4,0.000,0.0,0.000,0.0,0.444,505.0,0.355,118.6,7.29,24.46,0.00,0.00,19.71
2026-08-23T22:16:30Z,4.347,12089.6,0.000,0.0,0.000,0.0,0.435,505.0,0.356,118.3,7.25,25.10,0.00,0.00,19.71
2026-08-23T22:16:31Z,3.818,12108.7,0.000,0.0,0.000,0.0,0.440,505.3,0.359,118.3,7.58,28.24,0.00,0.00,19.71
2026-08-23T22:16:32Z,3.501,12084.2,0.000,0.0,0.000,0.0,0.434,505.2,0.361,118.6,8.16,28.69,0.00,0.00,19.73
2026-08-23T22:16:33Z,3.397,12104.1,0.000,0.0,0.000,0.0,0.434,505.3,0.362,118.3,8.42,29.84,0.00,0.00,19.73
2026-08-23T22:16:35Z,3.420,12082.1,0.000,0.0,0.000,0.0,0.439,505.2,0.356,118.3,8.84,36.02,0.00,0.00,19.73
2026-08-23T22:16:36Z,3.553,12069.5,0.000,0.0,0.000,0.0,0.442,505.0,0.364,118.4,9.82,29.50,0.00,0.00,19.73
2026-08-23T22:16:37Z,4.841,12081.1,0.000,0.0,0.000,0.0,0.435,505.0,0.359,118.3,8.49,21.26,0.00,0.00,19.59
2026-08-23T22:16:38Z,3.478,12059.4,0.000,0.0,0.000,0.0,0.429,505.0,0.355,118.3,8.49,28.57,0.00,0.00,19.59
2026-08-23T22:16:39Z,4.239,12041.1,0.000,0.0,0.000,0.0,0.442,505.0,0.362,118.4,16.22,33.38,0.00,0.00,19.59
2026-08-23T22:16:40Z,4.339,12084.5,0.000,0.0,0.000,0.0,0.436,505.2,0.362,118.3,23.24,39.49,0.00,0.00,19.59
2026-08-23T22:16:41Z,4.326,12091.1,0.000,0.0,0.000,0.0,0.444,505.3,0.368,118.4,27.44,38.85,0.00,0.00,19.59
2026-08-23T22:16:42Z,4.212,12055.5,0.000,0.0,0.000,0.0,0.440,505.0,0.355,118.3,24.31,40.27,0.00,0.00,19.23
2026-08-23T22:16:43Z,4.312,12063.8,0.000,0.0,0.000,0.0,0.447,505.0,0.359,118.6,26.57,40.88,0.00,0.00,19.23
2026-08-23T22:16:44Z,4.230,12073.1,0.000,0.0,0.000,0.0,0.442,505.0,0.364,118.3,26.71,45.67,0.00,0.00,19.23
2026-08-23T22:16:45Z,4.201,12040.9,0.000,0.0,0.000,0.0,0.446,505.3,0.372,118.6,28.79,39.14,0.00,0.00,19.23
2026-08-23T22:16:47Z,5.016,12062.4,0.000,0.0,0.000,0.0,0.433,505.0,0.362,118.4,23.51,32.68,0.00,0.00,19.23
2026-08-23T22:16:48Z,4.720,12047.3,0.000,0.0,0.000,0.0,0.457,505.0,0.374,118.4,23.34,46.37,0.00,0.00,19.13
2026-08-23T22:16:49Z,4.363,12059.1,0.000,0.0,0.000,0.0,0.448,505.2,0.364,118.3,29.71,39.47,0.00,0.00,19.13
2026-08-23T22:16:50Z,4.132,12073.9,0.000,0.0,0.000,0.0,0.450,505.2,0.364,118.3,34.12,41.80,0.00,0.00,19.13
2026-08-23T22:16:51Z,4.154,12068.5,0.000,0.0,0.000,0.0,0.446,505.0,0.370,118.3,32.92,40.85,0.00,0.00,19.13
2026-08-23T22:16:52Z,4.769,12045.9,0.000,0.0,0.000,0.0,0.424,505.3,0.352,118.3,28.69,35.17,0.00,0.00,18.56
2026-08-23T22:16:53Z,5.069,12053.6,0.000,0.0,0.000,0.0,0.448,505.0,0.366,118.6,29.42,35.64,0.00,0.00,18.56
2026-08-23T22:16:54Z,5.231,12058.1,0.000,0.0,0.000,0.0,0.428,505.2,0.358,118.3,27.39,34.42,0.00,0.00,18.56
2026-08-23T22:16:55Z,5.250,12025.5,0.000,0.0,0.000,0.0,0.432,505.2,0.347,118.4,27.90,39.46,0.00,0.00,18.56
2026-08-23T22:16:56Z,5.505,12021.4,0.000,0.0,0.000,0.0,0.418,505.7,0.342,118.5,21.68,28.05,0.00,0.00,18.56
2026-08-23T22:16:58Z,5.194,12024.6,0.000,0.0,0.000,0.0,0.473,505.2,0.389,118.5,23.14,32.68,0.00,0.00,20.19
2026-08-23T22:16:59Z,5.154,12034.1,0.000,0.0,0.000,0.0,0.450,505.1,0.373,118.4,28.64,33.85,0.00,0.00,20.19
2026-08-23T22:17:00Z,4.596,12051.1,0.000,0.0,0.000,0.0,0.442,505.1,0.367,118.4,34.68,35.28,0.00,0.00,20.19
2026-08-23T22:17:01Z,4.615,12021.1,0.000,0.0,0.000,0.0,0.445,505.1,0.370,118.4,31.34,30.70,0.00,0.00,20.19
2026-08-23T22:17:02Z,4.709,12026.4,0.000,0.0,0.000,0.0,0.452,505.1,0.370,118.4,29.39,26.15,0.00,0.00,19.78
2026-08-23T22:17:03Z,4.489,12037.6,0.000,0.0,0.000,0.0,0.452,505.4,0.368,118.5,35.31,28.32,0.00,0.00,19.78
2026-08-23T22:17:04Z,4.445,12050.4,0.000,0.0,0.000,0.0,0.449,505.1,0.364,118.4,35.00,32.06,0.00,0.00,19.78
2026-08-23T22:17:05Z,4.367,12022.1,0.000,0.0,0.000,0.0,0.458,505.1,0.375,118.3,33.23,40.69,0.00,0.00,19.78
2026-08-23T22:17:06Z,5.054,12028.8,0.000,0.0,0.000,0.0,0.451,505.5,0.371,118.4,24.42,28.97,0.00,0.00,19.78
2026-08-23T22:17:07Z,4.989,12027.8,0.000,0.0,0.000,0.0,0.454,505.0,0.382,118.4,24.48,29.22,0.00,0.00,21.16
2026-08-23T22:17:08Z,4.520,12001.7,0.000,0.0,0.000,0.0,0.440,505.0,0.363,118.3,32.75,32.53,0.00,0.00,21.16
2026-08-23T22:17:10Z,4.308,12013.6,0.000,0.0,0.000,0.0,0.450,505.4,0.381,118.6,33.31,32.00,0.00,0.00,21.16
2026-08-23T22:17:11Z,4.455,12017.5,0.000,0.0,0.000,0.0,0.444,505.1,0.365,118.6,29.82,25.58,0.00,0.00,21.16
2026-08-23T22:17:12Z,4.398,12018.2,0.000,0.0,0.000,0.0,0.446,505.1,0.364,118.5,28.68,21.99,0.00,0.00,21.06
2026-08-23T22:17:13Z,4.418,12018.1,0.000,0.0,0.000,0.0,0.441,505.1,0.366,118.6,29.02,22.98,0.00,0.00,21.06
2026-08-23T22:17:14Z,4.391,12020.1,0.000,0.0,0.000,0.0,0.440,505.1,0.365,118.6,29.98,22.13,0.00,0.00,21.06
2026-08-23T22:17:15Z,4.487,12021.9,0.000,0.0,0.000,0.0,0.452,505.3,0.371,118.7,28.21,30.55,0.00,0.00,21.06
2026-08-23T22:17:16Z,4.953,12022.6,0.000,0.0,0.000,0.0,0.430,505.1,0.361,118.5,24.02,20.15,0.00,0.00,21.06
2026-08-23T22:17:17Z,4.829,12009.9,0.000,0.0,0.000,0.0,0.460,505.1,0.378,118.5,20.81,18.16,0.00,0.00,21.30
2026-08-23T22:17:18Z,4.461,12011.3,0.000,0.0,0.000,0.0,0.433,505.3,0.353,118.4,26.97,33.21,0.00,0.00,21.30
2026-08-23T22:17:19Z,4.478,12014.1,0.000,0.0,0.000,0.0,0.448,505.4,0.365,118.5,29.82,24.23,0.00,0.00,21.30
2026-08-23T22:17:21Z,4.471,12018.1,0.000,0.0,0.000,0.0,0.432,505.1,0.361,118.6,31.51,22.84,0.00,0.00,21.30
2026-08-23T22:17:22Z,4.645,12020.8,0.000,0.0,0.000,0.0,0.447,505.1,0.365,118.4,30.75,23.50,0.00,0.00,21.30
2026-08-23T22:17:23Z,4.510,12024.7,0.000,0.0,0.000,0.0,0.440,505.6,0.364,118.4,30.58,22.69,0.00,0.00,21.84
2026-08-23T22:17:24Z,4.524,12028.2,0.000,0.0,0.000,0.0,0.442,505.3,0.356,118.9,31.28,23.07,0.00,0.00,21.84
2026-08-23T22:17:25Z,4.659,11948.3,0.000,0.0,0.000,0.0,0.438,505.1,0.358,118.4,8.22,24.14,0.00,0.00,21.84
2026-08-23T22:17:26Z,4.765,11978.3,0.000,0.0,0.000,0.0,0.450,505.1,0.363,118.5,7.61,33.72,0.00,0.00,21.84
2026-08-23T22:17:27Z,5.276,11987.1,0.000,0.0,0.000,0.0,0.413,505.2,0.347,118.5,5.41,20.61,0.00,0.00,23.13
2026-08-23T22:17:28Z,4.830,12006.9,0.000,0.0,0.000,0.0,0.455,505.1,0.365,118.4,6.00,23.85,0.00,0.00,23.13
2026-08-23T22:17:29Z,4.157,12027.3,0.000,0.0,0.000,0.0,0.423,505.6,0.345,118.4,7.21,27.02,0.00,0.00,23.13
2026-08-23T22:17:30Z,3.398,12047.4,0.000,0.0,0.000,0.0,0.440,505.1,0.363,118.6,6.44,29.61,0.00,0.00,23.13
2026-08-23T22:17:32Z,3.512,12068.0,0.000,0.0,0.000,0.0,0.430,505.1,0.352,118.6,5.76,30.52,0.00,0.00,23.13
2026-08-23T22:17:33Z,3.333,12087.6,0.000,0.0,0.000,0.0,0.434,505.1,0.353,118.4,6.22,32.23,0.00,0.00,22.24
2026-08-23T22:17:34Z,4.118,12063.7,0.000,0.0,0.000,0.0,0.437,505.1,0.354,118.4,6.01,26.31,0.00,0.00,22.24
2026-08-23T22:17:35Z,4.146,11922.3,0.000,0.0,0.000,0.0,0.435,505.3,0.356,118.4,5.93,28.16,0.00,0.00,22.24
2026-08-23T22:17:36Z,4.044,11560.7,0.000,0.0,0.000,0.0,0.422,505.1,0.356,118.6,7.35,34.65,0.00,0.00,22.24
2026-08-23T22:17:37Z,4.837,11568.9,0.000,0.0,0.000,0.0,0.458,505.6,0.378,118.4,9.53,24.57,0.00,0.00,22.78
2026-08-23T22:17:38Z,3.620,11561.6,0.000,0.0,0.000,0.0,0.437,505.0,0.361,118.3,11.28,30.60,0.00,0.00,22.78
2026-08-23T22:17:39Z,3.433,11586.7,0.000,0.0,0.000,0.0,0.432,505.0,0.357,118.3,11.95,30.04,0.00,0.00,22.78
2026-08-23T22:17:40Z,3.489,11578.1,0.000,0.0,0.000,0.0,0.431,505.0,0.361,118.6,12.29,29.00,0.00,0.00,22.78
2026-08-23T22:17:41Z,3.518,11570.1,0.000,0.0,0.000,0.0,0.442,505.0,0.361,118.3,12.63,30.41,0.00,0.00,22.78
2026-08-23T22:17:42Z,3.448,11562.6,0.000,0.0,0.000,0.0,0.432,505.5,0.360,118.6,12.76,30.15,0.00,0.00,22.00
2026-08-23T22:17:44Z,3.533,11555.2,0.000,0.0,0.000,0.0,0.434,505.2,0.354,118.5,12.87,30.79,0.00,0.00,22.00
2026-08-23T22:17:45Z,3.486,11582.6,0.000,0.0,0.000,0.0,0.441,505.0,0.360,118.3,11.40,34.81,0.00,0.00,22.00
2026-08-23T22:17:46Z,3.642,11550.8,0.000,0.0,0.000,0.0,0.444,505.1,0.361,118.6,10.98,42.10,0.00,0.00,22.00
2026-08-23T22:17:47Z,4.947,11567.2,0.000,0.0,0.000,0.0,0.440,505.3,0.374,118.4,9.25,27.28,0.00,0.00,22.00
2026-08-23T22:17:48Z,3.615,11562.7,0.000,0.0,0.000,0.0,0.424,505.0,0.356,118.4,12.30,31.72,0.00,0.00,22.00
2026-08-23T22:17:49Z,3.442,11555.1,0.000,0.0,0.000,0.0,0.420,505.5,0.352,118.3,12.20,42.03,0.00,0.00,22.00
2026-08-23T22:17:50Z,3.501,11581.5,0.000,0.0,0.000,0.0,0.442,505.2,0.360,118.3,10.60,29.81,0.00,0.00,22.00
2026-08-23T22:17:51Z,3.593,11572.5,0.000,0.0,0.000,0.0,0.433,505.0,0.358,118.3,9.61,33.56,0.00,0.00,22.00
2026-08-23T22:17:52Z,3.648,11563.1,0.000,0.0,0.000,0.0,0.431,505.0,0.364,118.3,8.85,34.00,0.00,0.00,20.88
2026-08-23T22:17:53Z,3.579,11558.3,0.000,0.0,0.000,0.0,0.435,505.0,0.363,118.3,10.87,36.16,0.00,0.00,20.88
2026-08-23T22:17:54Z,3.507,11552.3,0.000,0.0,0.000,0.0,0.438,505.2,0.363,118.3,10.32,36.47,0.00,0.00,20.88
2026-08-23T22:17:55Z,3.603,11548.3,0.000,0.0,0.000,0.0,0.438,505.0,0.356,118.3,9.61,33.44,0.00,0.00,20.88
2026-08-23T22:17:57Z,4.867,11536.9,0.000,0.0,0.000,0.0,0.419,505.6,0.344,118.7,7.89,34.39,0.00,0.00,20.88
2026-08-23T22:17:58Z,3.807,11564.3,0.000,0.0,0.000,0.0,0.457,505.0,0.372,118.4,7.79,30.66,0.00,0.00,20.89
2026-08-23T22:17:59Z,3.556,11558.1,0.000,0.0,0.000,0.0,0.429,505.0,0.346,118.3,9.26,34.56,0.00,0.00,20.89
2026-08-23T22:18:00Z,3.581,11548.6,0.000,0.0,0.000,0.0,0.442,505.3,0.369,118.4,8.79,31.47,0.00,0.00,20.89
2026-08-23T22:18:01Z,3.830,11538.5,0.000,0.0,0.000,0.0,0.448,505.0,0.372,118.6,8.42,30.16,0.00,0.00,20.89
2026-08-23T22:18:02Z,3.727,11566.5,0.000,0.0,0.000,0.0,0.445,505.3,0.371,118.4,8.39,36.18,0.00,0.00,20.01
2026-08-23T22:18:03Z,3.656,11565.9,0.000,0.0,0.000,0.0,0.442,505.0,0.362,118.3,10.71,40.11,0.00,0.00,20.01
2026-08-23T22:18:04Z,3.606,11562.9,0.000,0.0,0.000,0.0,0.445,505.2,0.371,118.4,11.14,37.10,0.00,0.00,20.01
2026-08-23T22:18:05Z,3.628,11559.0,0.000,0.0,0.000,0.0,0.455,505.0,0.376,118.3,10.88,35.88,0.00,0.00,20.01
2026-08-23T22:18:06Z,4.695,11568.7,0.000,0.0,0.000,0.0,0.444,505.3,0.370,118.6,8.76,36.88,0.00,0.00,20.01
2026-08-23T22:18:07Z,4.123,11544.9,0.000,0.0,0.000,0.0,0.456,505.3,0.382,118.4,9.47,30.29,0.00,0.00,20.01
2026-08-23T22:18:09Z,3.544,11540.7,0.000,0.0,0.000,0.0,0.441,505.0,0.359,118.3,10.27,35.96,0.00,0.00,20.01
2026-08-23T22:18:10Z,3.495,11534.1,0.000,0.0,0.000,0.0,0.443,505.0,0.363,118.6,10.22,36.80,0.00,0.00,20.01
2026-08-23T22:18:11Z,3.479,11562.3,0.000,0.0,0.000,0.0,0.436,505.2,0.354,118.3,10.37,36.82,0.00,0.00,20.01
2026-08-23T22:18:12Z,3.439,11556.3,0.000,0.0,0.000,0.0,0.434,505.0,0.360,118.4,10.05,38.64,0.00,0.00,19.05
2026-08-23T22:18:13Z,3.502,11550.8,0.000,0.0,0.000,0.0,0.429,505.0,0.355,118.3,9.85,37.21,0.00,0.00,19.05
2026-08-23T22:18:14Z,3.479,11546.2,0.000,0.0,0.000,0.0,0.435,505.3,0.356,118.3,10.98,36.74,0.00,0.00,19.05
2026-08-23T22:18:15Z,3.530,11539.5,0.000,0.0,0.000,0.0,0.451,505.0,0.369,118.3,9.44,35.49,0.00,0.00,19.05
2026-08-23T22:18:16Z,4.360,11547.2,0.000,0.0,0.000,0.0,0.425,505.3,0.352,118.4,9.05,32.65,0.00,0.00,19.05
2026-08-23T22:18:17Z,4.212,11558.2,0.000,0.0,0.000,0.0,0.465,505.0,0.379,118.4,9.43,38.67,0.00,0.00,19.85
2026-08-23T22:18:18Z,3.491,11553.3,0.000,0.0,0.000,0.0,0.434,505.0,0.356,118.4,9.44,36.80,0.00,0.00,19.85
2026-08-23T22:18:19Z,3.425,11547.5,0.000,0.0,0.000,0.0,0.435,505.3,0.366,118.4,10.74,45.02,0.00,0.00,19.85
2026-08-23T22:18:21Z,3.549,11543.3,0.000,0.0,0.000,0.0,0.444,505.0,0.360,118.3,9.63,36.47,0.00,0.00,19.85
2026-08-23T22:18:22Z,3.602,11539.0,0.000,0.0,0.000,0.0,0.437,505.2,0.359,118.3,10.39,37.45,0.00,0.00,19.85
2026-08-23T22:18:23Z,3.560,11535.0,0.000,0.0,0.000,0.0,0.431,505.0,0.358,118.6,9.81,37.78,0.00,0.00,19.22
2026-08-23T22:18:24Z,3.481,11530.8,0.000,0.0,0.000,0.0,0.428,505.5,0.349,118.3,8.84,38.40,0.00,0.00,19.22
2026-08-23T22:18:25Z,4.308,11521.9,0.000,0.0,0.000,0.0,0.430,505.0,0.370,118.3,8.68,32.94,0.00,0.00,19.22
2026-08-23T22:18:26Z,4.959,11497.0,0.000,0.0,0.000,0.0,0.437,505.0,0.364,118.3,13.26,26.73,0.00,0.00,19.22
2026-08-23T22:18:27Z,5.301,11524.9,0.000,0.0,0.000,0.0,0.425,505.3,0.351,118.4,16.69,39.05,0.00,0.00,19.84
2026-08-23T22:18:28Z,4.823,11533.2,0.000,0.0,0.000,0.0,0.474,505.0,0.394,118.4,17.53,34.69,0.00,0.00,19.84
2026-08-23T22:18:29Z,4.513,11510.1,0.000,0.0,0.000,0.0,0.446,505.0,0.363,118.4,20.75,38.87,0.00,0.00,19.84
2026-08-23T22:18:30Z,4.832,11520.3,0.000,0.0,0.000,0.0,0.455,505.0,0.372,118.3,20.60,37.47,0.00,0.00,19.84
2026-08-23T22:18:31Z,5.013,11529.2,0.000,0.0,0.000,0.0,0.446,505.5,0.365,118.4,19.21,34.23,0.00,0.00,19.84
2026-08-23T22:18:33Z,4.960,11539.3,0.000,0.0,0.000,0.0,0.452,505.0,0.370,118.3,21.46,35.85,0.00,0.00,20.02
2026-08-23T22:18:34Z,4.511,11521.0,0.000,0.0,0.000,0.0,0.455,505.0,0.374,118.4,22.55,38.16,0.00,0.00,20.02
2026-08-23T22:18:35Z,4.265,11535.2,0.000,0.0,0.000,0.0,0.450,505.0,0.372,118.3,25.20,36.47,0.00,0.00,20.02
2026-08-23T22:18:36Z,4.473,11520.6,0.000,0.0,0.000,0.0,0.443,505.3,0.369,118.4,21.85,35.52,0.00,0.00,20.02
2026-08-23T22:18:37Z,5.011,11517.9,0.000,0.0,0.000,0.0,0.465,505.3,0.383,118.4,20.34,35.40,0.00,0.00,19.13
2026-08-23T22:18:38Z,4.164,11536.5,0.000,0.0,0.000,0.0,0.451,505.5,0.363,118.4,28.82,36.69,0.00,0.00,19.13
2026-08-23T22:18:39Z,4.149,11521.1,0.000,0.0,0.000,0.0,0.444,504.9,0.371,118.3,30.33,35.27,0.00,0.00,19.13
2026-08-23T22:18:40Z,4.119,11505.5,0.000,0.0,0.000,0.0,0.456,505.3,0.371,118.3,29.92,35.67,0.00,0.00,19.13
2026-08-23T22:18:41Z,4.127,11522.8,0.000,0.0,0.000,0.0,0.448,505.0,0.369,118.3,31.43,35.49,0.00,0.00,19.13
2026-08-23T22:18:42Z,4.108,11509.7,0.000,0.0,0.000,0.0,0.442,505.0,0.362,118.3,32.61,35.54,0.00,0.00,18.48
2026-08-23T22:18:44Z,4.051,11518.0,0.000,0.0,0.000,0.0,0.458,504.9,0.369,118.3,31.91,35.41,0.00,0.00,18.48
2026-08-23T22:18:45Z,4.007,11515.3,0.000,0.0,0.000,0.0,0.447,505.2,0.367,118.3,32.83,36.29,0.00,0.00,18.48
2026-08-23T22:18:46Z,4.270,11508.4,0.000,0.0,0.000,0.0,0.440,505.0,0.356,118.4,31.94,32.95,0.00,0.00,18.48
2026-08-23T22:18:47Z,4.992,11513.4,0.000,0.0,0.000,0.0,0.461,505.0,0.383,118.6,21.36,25.32,0.00,0.00,18.60
2026-08-23T22:18:48Z,4.302,11518.8,0.000,0.0,0.000,0.0,0.446,504.9,0.364,118.3,29.22,33.97,0.00,0.00,18.60
2026-08-23T22:18:49Z,4.028,11500.1,0.000,0.0,0.000,0.0,0.432,505.0,0.361,118.3,33.61,26.47,0.00,0.00,18.60
2026-08-23T22:18:50Z,4.062,11516.4,0.000,0.0,0.000,0.0,0.445,505.0,0.365,118.3,32.17,33.62,0.00,0.00,18.60
2026-08-23T22:18:51Z,4.047,11495.1,0.000,0.0,0.000,0.0,0.442,504.9,0.360,118.3,32.17,23.44,0.00,0.00,18.60
2026-08-23T22:18:52Z,4.225,11476.6,0.000,0.0,0.000,0.0,0.441,505.0,0.364,118.3,33.04,25.64,0.00,0.00,18.23
2026-08-23T22:18:53Z,4.159,11520.1,0.000,0.0,0.000,0.0,0.432,504.9,0.352,118.3,31.00,25.80,0.00,0.00,18.23
2026-08-23T22:18:54Z,4.143,11499.0,0.000,0.0,0.000,0.0,0.445,505.0,0.371,118.3,31.92,27.00,0.00,0.00,18.23
2026-08-23T22:18:56Z,4.069,11514.8,0.000,0.0,0.000,0.0,0.439,504.9,0.364,118.2,33.07,27.02,0.00,0.00,18.23
2026-08-23T22:18:57Z,5.179,11483.2,0.000,0.0,0.000,0.0,0.423,505.0,0.358,118.4,19.58,18.88,0.00,0.00,18.23
2026-08-23T22:18:58Z,4.106,11499.2,0.000,0.0,0.000,0.0,0.444,505.0,0.374,118.3,28.87,28.96,0.00,0.00,18.78
2026-08-23T22:18:59Z,4.048,11510.2,0.000,0.0,0.000,0.0,0.436,505.3,0.361,118.3,30.56,25.33,0.00,0.00,18.78
2026-08-23T22:19:00Z,4.175,11488.7,0.000,0.0,0.000,0.0,0.447,505.1,0.365,118.6,31.18,25.68,0.00,0.00,18.78
2026-08-23T22:19:01Z,4.193,11501.2,0.000,0.0,0.000,0.0,0.446,505.0,0.373,118.4,32.18,25.36,0.00,0.00,18.78
2026-08-23T22:19:02Z,4.223,11510.1,0.000,0.0,0.000,0.0,0.451,505.3,0.368,118.3,29.77,24.98,0.00,0.00,17.99
2026-08-23T22:19:03Z,4.000,11491.8,0.000,0.0,0.000,0.0,0.436,505.0,0.354,118.6,32.34,27.49,0.00,0.00,17.99
2026-08-23T22:19:04Z,4.089,11502.7,0.000,0.0,0.000,0.0,0.457,505.0,0.378,118.4,31.78,25.98,0.00,0.00,17.99
2026-08-23T22:19:05Z,4.209,11509.2,0.000,0.0,0.000,0.0,0.444,505.3,0.359,118.5,27.43,24.76,0.00,0.00,17.99
2026-08-23T22:19:06Z,5.087,11478.5,0.000,0.0,0.000,0.0,0.444,505.1,0.367,118.4,22.50,18.10,0.00,0.00,17.99
2026-08-23T22:19:08Z,4.247,11489.4,0.000,0.0,0.000,0.0,0.452,505.2,0.376,118.4,29.15,29.66,0.00,0.00,17.75
2026-08-23T22:19:09Z,4.168,11497.8,0.000,0.0,0.000,0.0,0.469,505.2,0.382,118.4,30.24,24.13,0.00,0.00,17.75
2026-08-23T22:19:10Z,4.069,11480.0,0.000,0.0,0.000,0.0,0.440,505.2,0.363,118.3,32.11,25.53,0.00,0.00,17.75
2026-08-23T22:19:11Z,4.058,11493.0,0.000,0.0,0.000,0.0,0.460,505.0,0.372,118.4,31.63,25.51,0.00,0.00,17.75
2026-08-23T22:19:12Z,4.171,11479.0,0.000,0.0,0.000,0.0,0.443,504.9,0.361,118.5,25.33,24.81,0.00,0.00,17.05
2026-08-23T22:19:13Z,3.489,11488.3,0.000,0.0,0.000,0.0,0.433,505.2,0.360,118.3,8.99,27.99,0.00,0.00,17.05
2026-08-23T22:19:14Z,3.461,11506.9,0.000,0.0,0.000,0.0,0.438,505.2,0.359,118.3,8.53,28.83,0.00,0.00,17.05
2026-08-23T22:19:15Z,3.534,11492.1,0.000,0.0,0.000,0.0,0.454,505.2,0.369,118.3,8.15,28.79,0.00,0.00,17.05
2026-08-23T22:19:16Z,4.484,11483.7,0.000,0.0,0.000,0.0,0.430,505.0,0.353,118.3,29.67,27.05,0.00,0.00,17.05
2026-08-23T22:19:17Z,4.257,11491.8,0.000,0.0,0.000,0.0,0.456,505.0,0.372,118.3,117.28,23.73,0.00,0.00,16.17
2026-08-23T22:19:18Z,4.132,11511.3,0.000,0.0,0.000,0.0,0.445,505.2,0.363,118.3,91.65,36.20,0.00,0.00,16.17
2026-08-23T22:19:20Z,4.282,11489.1,0.000,0.0,0.000,0.0,0.439,505.2,0.361,118.3,8.76,27.12,0.00,0.00,16.17
2026-08-23T22:19:21Z,3.567,11476.3,0.000,0.0,0.000,0.0,0.439,505.2,0.360,118.3,8.65,43.07,0.00,0.00,16.17
2026-08-23T22:19:22Z,3.583,11495.0,0.000,0.0,0.000,0.0,0.429,505.0,0.351,118.3,8.54,27.98,0.00,0.00,16.31
2026-08-23T22:19:23Z,3.484,11483.2,0.000,0.0,0.000,0.0,0.441,505.2,0.359,118.3,9.67,29.88,0.00,0.00,16.31
2026-08-23T22:19:24Z,3.525,11505.9,0.000,0.0,0.000,0.0,0.437,505.2,0.355,118.3,10.15,29.43,0.00,0.00,16.31
2026-08-23T22:19:25Z,3.626,11477.2,0.000,0.0,0.000,0.0,0.449,505.0,0.367,118.4,9.66,28.12,0.00,0.00,16.31
2026-08-23T22:19:26Z,5.218,11483.2,0.000,0.0,0.000,0.0,0.452,505.2,0.368,118.3,13.06,21.05,0.00,0.00,16.31
2026-08-23T22:19:27Z,5.447,11487.7,0.000,0.0,0.000,0.0,0.427,505.1,0.346,118.7,10.02,19.64,0.00,0.00,17.73
2026-08-23T22:19:28Z,5.215,11484.1,0.000,0.0,0.000,0.0,0.444,505.1,0.377,118.5,15.36,26.73,0.00,0.00,17.73
2026-08-23T22:19:29Z,4.955,11492.5,0.000,0.0,0.000,0.0,0.477,505.3,0.386,118.4,17.20,23.70,0.00,0.00,17.73
2026-08-23T22:19:31Z,4.806,11481.1,0.000,0.0,0.000,0.0,0.431,505.1,0.364,118.4,22.93,22.34,0.00,0.00,17.73
2026-08-23T22:19:32Z,4.702,11472.2,0.000,0.0,0.000,0.0,0.456,505.6,0.377,118.4,22.38,23.81,0.00,0.00,17.43
2026-08-23T22:19:33Z,4.630,11471.9,0.000,0.0,0.000,0.0,0.434,505.1,0.364,118.7,25.34,26.07,0.00,0.00,17.43
2026-08-23T22:19:34Z,4.183,11482.6,0.000,0.0,0.000,0.0,0.443,505.1,0.371,118.4,29.83,27.39,0.00,0.00,17.43
2026-08-23T22:19:35Z,4.169,11472.6,0.000,0.0,0.000,0.0,0.448,505.3,0.371,118.4,28.01,28.20,0.00,0.00,17.43
2026-08-23T22:19:36Z,4.671,11461.3,0.000,0.0,0.000,0.0,0.438,505.1,0.361,118.4,21.84,21.93,0.00,0.00,17.43
2026-08-23T22:19:37Z,4.658,11460.2,0.000,0.0,0.000,0.0,0.447,505.1,0.378,118.4,23.03,22.88,0.00,0.00,18.76
2026-08-23T22:19:38Z,4.107,11482.0,0.000,0.0,0.000,0.0,0.446,505.1,0.364,118.4,32.27,34.97,0.00,0.00,18.76
2026-08-23T22:19:39Z,4.071,11481.5,0.000,0.0,0.000,0.0,0.438,505.0,0.369,118.4,36.17,29.13,0.00,0.00,18.76
2026-08-23T22:19:40Z,4.075,11477.4,0.000,0.0,0.000,0.0,0.441,505.0,0.365,118.4,32.78,27.83,0.00,0.00,18.76
2026-08-23T22:19:42Z,4.096,11475.1,0.000,0.0,0.000,0.0,0.453,505.0,0.369,118.3,32.87,28.01,0.00,0.00,18.76
2026-08-23T22:19:43Z,4.118,11473.0,0.000,0.0,0.000,0.0,0.452,505.0,0.369,118.4,34.70,28.89,0.00,0.00,17.74
2026-08-23T22:19:44Z,4.031,11471.1,0.000,0.0,0.000,0.0,0.440,505.0,0.365,118.6,35.12,27.71,0.00,0.00,17.74
2026-08-23T22:19:45Z,4.056,11472.9,0.000,0.0,0.000,0.0,0.449,505.2,0.371,118.3,35.71,27.52,0.00,0.00,17.74
2026-08-23T22:19:46Z,4.494,11451.1,0.000,0.0,0.000,0.0,0.453,505.3,0.369,118.7,34.61,24.26,0.00,0.00,17.74
2026-08-23T22:19:47Z,4.909,11440.2,0.000,0.0,0.000,0.0,0.440,505.0,0.370,118.4,28.78,19.33,0.00,0.00,17.76
2026-08-23T22:19:48Z,4.183,11446.6,0.000,0.0,0.000,0.0,0.444,505.2,0.374,118.3,34.49,33.10,0.00,0.00,17.76
2026-08-23T22:19:49Z,4.193,11468.4,0.000,0.0,0.000,0.0,0.458,505.5,0.375,118.5,34.37,48.87,0.00,0.00,17.76
2026-08-23T22:19:50Z,4.121,11462.2,0.000,0.0,0.000,0.0,0.435,505.0,0.364,118.6,36.93,40.18,0.00,0.00,17.76
2026-08-23T22:19:51Z,4.295,11453.7,0.000,0.0,0.000,0.0,0.455,505.3,0.372,118.4,35.36,49.37,0.00,0.00,17.76
2026-08-23T22:19:53Z,4.499,11453.0,0.000,0.0,0.000,0.0,0.439,505.2,0.364,118.3,32.50,35.66,0.00,0.00,17.54
2026-08-23T22:19:54Z,4.289,11454.6,0.000,0.0,0.000,0.0,0.459,505.3,0.369,118.4,37.42,32.70,0.00,0.00,17.54
2026-08-23T22:19:55Z,4.272,11447.9,0.000,0.0,0.000,0.0,0.445,505.2,0.373,118.3,35.20,29.60,0.00,0.00,17.54
2026-08-23T22:19:56Z,4.506,11450.9,0.000,0.0,0.000,0.0,0.424,505.3,0.356,118.4,35.10,28.34,0.00,0.00,17.54
2026-08-23T22:19:57Z,5.207,11428.6,0.000,0.0,0.000,0.0,0.452,505.0,0.367,118.5,28.03,20.39,0.00,0.00,19.66
2026-08-23T22:19:58Z,4.299,11458.6,0.000,0.0,0.000,0.0,0.459,505.2,0.375,118.4,36.17,26.75,0.00,0.00,19.66
2026-08-23T22:19:59Z,4.495,11443.0,0.000,0.0,0.000,0.0,0.439,505.0,0.368,118.4,36.52,33.29,0.00,0.00,19.66
2026-08-23T22:20:00Z,4.651,11447.7,0.000,0.0,0.000,0.0,0.439,505.3,0.359,118.4,33.35,24.61,0.00,0.00,19.66
2026-08-23T22:20:01Z,4.733,11444.9,0.000,0.0,0.000,0.0,0.459,505.0,0.373,118.3,32.76,24.79,0.00,0.00,19.66
2026-08-23T22:20:02Z,4.505,11431.5,0.000,0.0,0.000,0.0,0.451,505.0,0.376,118.3,34.95,22.48,0.00,0.00,20.41
2026-08-23T22:20:03Z,4.116,11431.6,0.000,0.0,0.000,0.0,0.443,505.0,0.361,118.3,39.43,32.41,0.00,0.00,20.41
2026-08-23T22:20:05Z,4.126,11434.0,0.000,0.0,0.000,0.0,0.449,505.0,0.375,118.4,42.31,34.83,0.00,0.00,20.41
2026-08-23T22:20:06Z,4.408,11443.8,0.000,0.0,0.000,0.0,0.439,505.0,0.365,118.4,39.30,37.94,0.00,0.00,20.41
2026-08-23T22:20:07Z,5.026,11437.3,0.000,0.0,0.000,0.0,0.455,505.0,0.381,118.4,84.82,25.34,0.00,0.00,20.85
2026-08-23T22:20:08Z,4.613,11438.7,0.000,0.0,0.000,0.0,0.463,505.0,0.382,118.4,124.94,27.51,0.00,0.00,20.85
2026-08-23T22:20:09Z,4.850,11407.6,0.000,0.0,0.000,0.0,0.439,505.1,0.366,118.4,55.16,31.14,0.00,0.00,20.85
2026-08-23T22:20:10Z,4.278,11431.3,0.000,0.0,0.000,0.0,0.463,505.0,0.379,118.6,35.20,29.27,0.00,0.00,20.85
2026-08-23T22:20:11Z,4.199,11430.7,0.000,0.0,0.000,0.0,0.446,505.2,0.370,118.6,40.21,33.37,0.00,0.00,20.85
2026-08-23T22:20:12Z,4.376,11400.8,0.000,0.0,0.000,0.0,0.451,505.0,0.372,118.4,37.82,31.84,0.00,0.00,19.66
2026-08-23T22:20:13Z,4.826,11427.7,0.000,0.0,0.000,0.0,0.456,505.5,0.370,118.4,33.96,30.41,0.00,0.00,19.66
2026-08-23T22:20:14Z,5.081,11400.1,0.000,0.0,0.000,0.0,0.444,505.0,0.359,118.4,14.77,20.54,0.00,0.00,19.66
2026-08-23T22:20:16Z,4.813,11432.4,0.000,0.0,0.000,0.0,0.445,505.3,0.377,118.4,21.01,23.57,0.00,0.00,19.66
2026-08-23T22:20:17Z,5.104,11416.1,0.000,0.0,0.000,0.0,0.450,505.1,0.370,118.4,52.76,26.04,0.00,0.00,20.57
2026-08-23T22:20:18Z,4.959,11428.4,0.000,0.0,0.000,0.0,0.432,505.3,0.376,118.4,23.78,23.67,0.00,0.00,20.57
2026-08-23T22:20:19Z,4.207,11417.2,0.000,0.0,0.000,0.0,0.449,505.2,0.371,118.4,31.41,31.10,0.00,0.00,20.57
2026-08-23T22:20:20Z,4.199,11409.5,0.000,0.0,0.000,0.0,0.448,505.0,0.370,118.4,33.29,39.36,0.00,0.00,20.57
2026-08-23T22:20:21Z,4.279,11429.2,0.000,0.0,0.000,0.0,0.451,505.0,0.367,118.3,32.06,30.65,0.00,0.00,20.57
2026-08-23T22:20:22Z,4.282,11421.8,0.000,0.0,0.000,0.0,0.441,505.0,0.367,118.3,33.66,42.42,0.00,0.00,20.29
2026-08-23T22:20:23Z,4.170,11416.8,0.000,0.0,0.000,0.0,0.446,505.3,0.368,118.3,37.46,29.78,0.00,0.00,20.29
2026-08-23T22:20:24Z,4.130,11403.9,0.000,0.0,0.000,0.0,0.453,505.3,0.365,118.3,30.61,25.75,0.00,0.00,20.29
2026-08-23T22:20:25Z,4.161,11427.3,0.000,0.0,0.000,0.0,0.453,505.0,0.373,118.4,34.51,28.29,0.00,0.00,20.29
2026-08-23T22:20:27Z,5.245,11425.5,0.000,0.0,0.000,0.0,0.441,505.1,0.369,118.4,26.02,22.44,0.00,0.00,20.29
2026-08-23T22:20:28Z,5.097,11427.1,0.000,0.0,0.000,0.0,0.456,505.0,0.386,118.4,26.48,28.22,0.00,0.00,20.66
2026-08-23T22:20:29Z,4.938,11410.7,0.000,0.0,0.000,0.0,0.463,505.3,0.383,118.4,26.29,24.58,0.00,0.00,20.66
2026-08-23T22:20:30Z,4.700,11425.4,0.000,0.0,0.000,0.0,0.454,505.0,0.375,118.4,29.67,27.07,0.00,0.00,20.66
2026-08-23T22:20:31Z,4.816,11412.1,0.000,0.0,0.000,0.0,0.440,505.0,0.363,118.4,30.31,22.47,0.00,0.00,20.66
2026-08-23T22:20:32Z,4.851,11425.6,0.000,0.0,0.000,0.0,0.447,505.0,0.367,118.4,29.73,20.10,0.00,0.00,19.89
2026-08-23T22:20:33Z,4.163,11414.7,0.000,0.0,0.000,0.0,0.461,505.0,0.371,118.3,34.53,22.36,0.00,0.00,19.89
2026-08-23T22:20:34Z,4.194,11403.7,0.000,0.0,0.000,0.0,0.477,505.3,0.393,118.4,32.99,26.75,0.00,0.00,19.89
2026-08-23T22:20:35Z,4.150,11399.8,0.000,0.0,0.000,0.0,0.446,505.5,0.366,118.3,36.93,30.73,0.00,0.00,19.89
2026-08-23T22:20:36Z,5.096,11401.1,0.000,0.0,0.000,0.0,0.417,505.0,0.356,118.4,30.09,23.32,0.00,0.00,19.89
2026-08-23T22:20:38Z,4.426,11404.7,0.000,0.0,0.000,0.0,0.463,505.0,0.377,118.3,34.74,24.86,0.00,0.00,21.50
2026-08-23T22:20:39Z,4.151,11401.0,0.000,0.0,0.000,0.0,0.447,505.0,0.371,118.4,40.36,28.53,0.00,0.00,21.50
2026-08-23T22:20:40Z,4.140,11396.6,0.000,0.0,0.000,0.0,0.452,504.9,0.366,118.3,39.72,37.00,0.00,0.00,21.50
2026-08-23T22:20:41Z,4.144,11417.3,0.000,0.0,0.000,0.0,0.457,505.0,0.375,118.4,38.25,27.62,0.00,0.00,21.50
2026-08-23T22:20:42Z,4.094,11408.7,0.000,0.0,0.000,0.0,0.451,505.0,0.369,118.3,39.95,28.62,0.00,0.00,20.58
2026-08-23T22:20:43Z,4.072,11404.8,0.000,0.0,0.000,0.0,0.446,505.0,0.364,118.4,42.04,29.36,0.00,0.00,20.58
2026-08-23T22:20:44Z,4.057,11399.4,0.000,0.0,0.000,0.0,0.439,505.2,0.362,118.3,41.87,29.02,0.00,0.00,20.58
2026-08-23T22:20:45Z,4.115,11400.7,0.000,0.0,0.000,0.0,0.447,505.5,0.364,118.3,37.79,40.25,0.00,0.00,20.58
2026-08-23T22:20:46Z,4.862,11404.3,0.000,0.0,0.000,0.0,0.431,505.0,0.356,118.4,33.58,29.20,0.00,0.00,20.58
2026-08-23T22:20:47Z,4.818,11384.6,0.000,0.0,0.000,0.0,0.461,505.5,0.382,118.4,34.30,22.30,0.00,0.00,19.49
2026-08-23T22:20:49Z,4.144,11412.0,0.000,0.0,0.000,0.0,0.433,505.2,0.361,118.4,39.96,28.80,0.00,0.00,19.49
2026-08-23T22:20:50Z,4.141,11410.4,0.000,0.0,0.000,0.0,0.453,505.2,0.368,118.4,39.29,27.58,0.00,0.00,19.49
2026-08-23T22:20:51Z,4.108,11405.4,0.000,0.0,0.000,0.0,0.461,505.0,0.371,118.3,36.53,33.95,0.00,0.00,19.49
2026-08-23T22:20:52Z,4.329,11401.4,0.000,0.0,0.000,0.0,0.440,505.0,0.370,118.3,35.08,29.04,0.00,0.00,19.53
2026-08-23T22:20:53Z,4.153,11402.6,0.000,0.0,0.000,0.0,0.449,504.9,0.363,118.3,40.83,38.59,0.00,0.00,19.53
2026-08-23T22:20:54Z,4.139,11406.2,0.000,0.0,0.000,0.0,0.446,505.0,0.371,118.3,42.43,32.63,0.00,0.00,19.53
2026-08-23T22:20:55Z,4.192,11402.2,0.000,0.0,0.000,0.0,0.452,505.0,0.373,118.8,35.17,29.32,0.00,0.00,19.53
2026-08-23T22:20:56Z,4.669,11401.9,0.000,0.0,0.000,0.0,0.447,505.3,0.370,118.9,29.69,25.50,0.00,0.00,19.53
2026-08-23T22:20:57Z,4.910,11397.3,0.000,0.0,0.000,0.0,0.460,505.1,0.374,118.5,24.38,18.13,0.00,0.00,21.09
2026-08-23T22:20:58Z,4.243,11384.3,0.000,0.0,0.000,0.0,0.457,505.3,0.376,118.5,29.32,25.80,0.00,0.00,21.09
2026-08-23T22:20:59Z,3.890,11376.8,0.000,0.0,0.000,0.0,0.450,505.0,0.367,118.4,9.54,25.05,0.00,0.00,21.09
2026-08-23T22:21:01Z,3.619,11398.6,0.000,0.0,0.000,0.0,0.434,505.1,0.362,118.6,10.50,32.41,0.00,0.00,21.09
2026-08-23T22:21:02Z,3.669,11391.5,0.000,0.0,0.000,0.0,0.440,505.0,0.359,118.4,11.55,27.36,0.00,0.00,21.09
2026-08-23T22:21:03Z,3.460,11414.9,0.000,0.0,0.000,0.0,0.426,505.3,0.348,118.4,10.83,31.23,0.00,0.00,21.16
2026-08-23T22:21:04Z,3.427,11409.5,0.000,0.0,0.000,0.0,0.432,505.1,0.358,118.4,11.91,31.35,0.00,0.00,21.16
2026-08-23T22:21:05Z,3.387,11404.5,0.000,0.0,0.000,0.0,0.427,505.5,0.352,118.3,11.54,30.95,0.00,0.00,21.16
2026-08-23T22:21:06Z,4.015,11387.3,0.000,0.0,0.000,0.0,0.449,505.1,0.376,118.4,12.25,30.62,0.00,0.00,21.16
2026-08-23T22:21:07Z,4.923,11365.6,0.000,0.0,0.000,0.0,0.443,505.0,0.358,118.3,10.51,20.74,0.00,0.00,21.79
2026-08-23T22:21:08Z,3.714,11390.4,0.000,0.0,0.000,0.0,0.453,505.0,0.375,118.4,10.90,24.03,0.00,0.00,21.79
2026-08-23T22:21:09Z,3.511,11381.8,0.000,0.0,0.000,0.0,0.440,505.5,0.357,118.3,10.44,23.43,0.00,0.00,21.79
2026-08-23T22:21:10Z,3.374,11404.0,0.000,0.0,0.000,0.0,0.449,505.0,0.367,118.3,10.99,31.83,0.00,0.00,21.79
2026-08-23T22:21:12Z,3.515,11397.0,0.000,0.0,0.000,0.0,0.446,505.0,0.358,118.3,10.17,25.94,0.00,0.00,21.79
2026-08-23T22:21:13Z,3.397,11390.0,0.000,0.0,0.000,0.0,0.446,505.0,0.356,118.3,10.66,26.86,0.00,0.00,20.85
2026-08-23T22:21:14Z,3.432,11383.3,0.000,0.0,0.000,0.0,0.443,505.3,0.362,118.4,10.42,25.84,0.00,0.00,20.85
2026-08-23T22:21:15Z,3.459,11407.0,0.000,0.0,0.000,0.0,0.440,505.0,0.362,118.6,10.71,25.01,0.00,0.00,20.85
2026-08-23T22:21:16Z,3.736,11379.8,0.000,0.0,0.000,0.0,0.453,505.2,0.364,118.6,10.20,25.67,0.00,0.00,20.85
2026-08-23T22:21:17Z,4.730,11390.1,0.000,0.0,0.000,0.0,0.432,505.0,0.368,118.6,9.74,18.82,0.00,0.00,21.26
2026-08-23T22:21:18Z,3.493,11386.9,0.000,0.0,0.000,0.0,0.443,505.0,0.360,118.5,11.28,29.03,0.00,0.00,21.26
2026-08-23T22:21:19Z,3.422,11382.4,0.000,0.0,0.000,0.0,0.430,505.2,0.354,118.3,11.10,31.72,0.00,0.00,21.26
2026-08-23T22:21:20Z,3.476,11377.3,0.000,0.0,0.000,0.0,0.444,505.0,0.369,118.3,11.68,31.39,0.00,0.00,21.26
2026-08-23T22:21:21Z,3.815,11374.2,0.000,0.0,0.000,0.0,0.436,505.2,0.351,118.3,10.98,34.69,0.00,0.00,21.26
2026-08-23T22:21:22Z,4.034,11395.0,0.000,0.0,0.000,0.0,0.434,505.3,0.356,118.4,11.86,25.87,0.00,0.00,21.24
2026-08-23T22:21:24Z,3.756,11387.9,0.000,0.0,0.000,0.0,0.442,505.0,0.356,118.3,10.58,34.00,0.00,0.00,21.24
2026-08-23T22:21:25Z,3.499,11381.4,0.000,0.0,0.000,0.0,0.447,505.0,0.366,118.4,11.45,24.90,0.00,0.00,21.24
2026-08-23T22:21:26Z,3.846,11382.3,0.000,0.0,0.000,0.0,0.447,505.0,0.363,118.6,11.51,27.86,0.00,0.00,21.24
2026-08-23T22:21:27Z,5.152,11369.4,0.000,0.0,0.000,0.0,0.411,505.6,0.329,118.5,10.15,19.50,0.00,0.00,22.66
2026-08-23T22:21:28Z,5.035,11366.6,0.000,0.0,0.000,0.0,0.465,505.0,0.392,118.4,11.05,20.87,0.00,0.00,22.66
2026-08-23T22:21:29Z,4.658,11390.8,0.000,0.0,0.000,0.0,0.456,505.1,0.375,118.4,10.77,25.24,0.00,0.00,22.66
2026-08-23T22:21:30Z,4.645,11384.5,0.000,0.0,0.000,0.0,0.436,505.3,0.358,118.4,10.13,24.75,0.00,0.00,22.66
2026-08-23T22:21:31Z,4.700,11379.1,0.000,0.0,0.000,0.0,0.428,505.0,0.347,118.4,10.65,30.76,0.00,0.00,22.66
2026-08-23T22:21:32Z,4.031,11374.8,0.000,0.0,0.000,0.0,0.436,505.5,0.356,118.4,11.37,28.94,0.00,0.00,22.13
2026-08-23T22:21:33Z,3.492,11369.6,0.000,0.0,0.000,0.0,0.432,505.0,0.366,118.4,11.54,31.22,0.00,0.00,22.13
2026-08-23T22:21:35Z,3.520,11363.7,0.000,0.0,0.000,0.0,0.438,505.3,0.361,118.3,10.62,30.43,0.00,0.00,22.13
2026-08-23T22:21:36Z,3.485,11362.5,0.000,0.0,0.000,0.0,0.426,505.0,0.357,118.3,11.63,30.51,0.00,0.00,22.13
2026-08-23T22:21:37Z,4.797,11360.4,0.000,0.0,0.000,0.0,0.443,505.3,0.356,118.4,10.91,23.06,0.00,0.00,22.13
2026-08-23T22:21:38Z,3.791,11377.0,0.000,0.0,0.000,0.0,0.445,505.3,0.368,118.6,11.27,28.73,0.00,0.00,23.40
2026-08-23T22:21:39Z,3.510,11373.5,0.000,0.0,0.000,0.0,0.441,505.0,0.369,118.4,12.00,32.53,0.00,0.00,23.40
2026-08-23T22:21:40Z,3.416,11369.5,0.000,0.0,0.000,0.0,0.431,505.2,0.354,118.3,11.56,32.19,0.00,0.00,23.40
2026-08-23T22:21:41Z,3.413,11368.0,0.000,0.0,0.000,0.0,0.436,505.0,0.359,118.4,12.02,41.23,0.00,0.00,23.40
2026-08-23T22:21:42Z,3.377,11364.5,0.000,0.0,0.000,0.0,0.430,505.2,0.353,118.3,13.28,30.58,0.00,0.00,22.89
2026-08-23T22:21:43Z,3.365,11353.9,0.000,0.0,0.000,0.0,0.433,505.0,0.359,118.3,12.18,24.01,0.00,0.00,22.89
2026-08-23T22:21:44Z,3.444,11374.6,0.000,0.0,0.000,0.0,0.432,505.0,0.362,118.3,12.40,24.42,0.00,0.00,22.89
2026-08-23T22:21:45Z,3.385,11364.6,0.000,0.0,0.000,0.0,0.424,505.0,0.358,118.3,12.20,24.12,0.00,0.00,22.89
2026-08-23T22:21:47Z,4.818,11354.4,0.000,0.0,0.000,0.0,0.437,505.0,0.356,118.4,11.64,17.24,0.00,0.00,22.89
2026-08-23T22:21:48Z,3.917,11367.3,0.000,0.0,0.000,0.0,0.440,505.2,0.357,118.4,12.92,26.53,0.00,0.00,22.25
2026-08-23T22:21:49Z,4.324,11366.8,0.000,0.0,0.000,0.0,0.444,505.0,0.363,118.3,145.75,26.59,0.00,0.00,22.25
2026-08-23T22:21:50Z,4.463,11382.4,0.000,0.0,0.000,0.0,0.443,505.3,0.366,118.4,295.35,89.92,0.00,0.00,22.25
2026-08-23T22:21:51Z,4.346,11378.5,0.000,0.0,0.000,0.0,0.435,505.1,0.359,118.9,287.65,161.74,0.00,0.00,22.25
2026-08-23T22:21:52Z,4.367,11387.9,0.000,0.0,0.000,0.0,0.443,505.0,0.360,118.7,249.45,142.09,0.00,0.00,21.99
2026-08-23T22:21:53Z,4.271,11385.6,0.000,0.0,0.000,0.0,0.427,505.3,0.355,118.4,241.43,152.94,0.00,0.00,21.99
2026-08-23T22:21:54Z,3.335,11364.5,0.000,0.0,0.000,0.0,0.386,505.3,0.330,119.0,248.50,338.09,0.00,0.00,21.99
2026-08-23T22:21:55Z,4.667,11379.0,0.000,0.0,0.000,0.0,0.496,505.2,0.422,118.8,209.52,18.98,0.00,0.00,21.99
2026-08-23T22:21:56Z,5.176,11385.3,0.000,0.0,0.000,0.0,0.438,505.4,0.345,118.8,206.18,22.24,0.00,0.00,21.99
2026-08-23T22:21:57Z,4.724,11380.7,0.000,0.0,0.000,0.0,0.460,505.2,0.388,118.8,223.13,105.92,0.00,0.00,23.68
2026-08-23T22:21:59Z,4.219,11353.9,0.000,0.0,0.000,0.0,0.439,505.2,0.372,118.8,216.96,109.74,0.00,0.00,23.68
2026-08-23T22:22:00Z,4.196,11357.8,0.000,0.0,0.000,0.0,0.453,505.6,0.367,119.0,149.09,275.80,0.00,0.00,23.68
2026-08-23T22:22:01Z,4.972,11363.4,0.000,0.0,0.000,0.0,0.448,505.2,0.370,118.7,198.78,31.98,0.00,0.00,23.68
2026-08-23T22:22:02Z,4.857,11364.7,0.000,0.0,0.000,0.0,0.443,505.2,0.369,118.6,168.01,37.39,0.00,0.00,24.50
2026-08-23T22:22:03Z,4.725,11375.3,0.000,0.0,0.000,0.0,0.459,505.5,0.375,118.7,221.88,81.97,0.00,0.00,24.50
2026-08-23T22:22:04Z,4.544,11365.5,0.000,0.0,0.000,0.0,0.435,505.4,0.362,118.7,224.97,125.45,0.00,0.00,24.50
2026-08-23T22:22:05Z,4.054,11352.4,0.000,0.0,0.000,0.0,0.428,505.3,0.362,118.7,188.04,285.51,0.00,0.00,24.50
2026-08-23T22:22:06Z,5.065,11352.1,0.000,0.0,0.000,0.0,0.463,505.2,0.382,118.7,159.37,25.46,0.00,0.00,24.50
2026-08-23T22:22:07Z,5.078,11360.9,0.000,0.0,0.000,0.0,0.448,505.8,0.374,118.7,146.48,22.09,0.00,0.00,24.54
2026-08-23T22:22:09Z,4.977,11376.6,0.000,0.0,0.000,0.0,0.437,505.1,0.358,118.5,192.62,67.92,0.00,0.00,24.54
2026-08-23T22:22:10Z,4.910,11406.6,0.000,0.0,0.000,0.0,0.431,504.8,0.375,118.2,130.42,68.33,0.00,0.00,24.54
2026-08-23T22:22:11Z,4.364,11470.1,0.000,0.0,0.000,0.0,0.463,505.0,0.372,118.1,203.91,238.06,0.00,0.00,24.54
2026-08-23T22:22:12Z,4.787,11546.4,0.000,0.0,0.000,0.0,0.439,504.9,0.365,118.1,237.48,35.40,0.00,0.00,24.42
2026-08-23T22:22:13Z,4.548,11592.5,0.000,0.0,0.000,0.0,0.443,504.8,0.360,118.1,203.57,105.72,0.00,0.00,24.42
2026-08-23T22:22:14Z,4.371,11646.5,0.000,0.0,0.000,0.0,0.434,504.8,0.358,118.1,222.71,136.88,0.00,0.00,24.42
2026-08-23T22:22:15Z,4.489,11666.1,0.000,0.0,0.000,0.0,0.431,504.8,0.359,118.0,206.88,217.19,0.00,0.00,24.42
2026-08-23T22:22:16Z,5.191,11682.6,0.000,0.0,0.000,0.0,0.478,504.9,0.388,118.3,107.39,131.64,0.00,0.00,24.42
2026-08-23T22:22:17Z,5.380,11689.3,0.000,0.0,0.000,0.0,0.460,505.1,0.372,118.3,87.03,27.80,0.00,0.00,26.39
2026-08-23T22:22:18Z,5.328,11669.9,0.000,0.0,0.000,0.0,0.424,504.9,0.333,118.4,107.55,24.72,0.00,0.00,26.39
2026-08-23T22:22:20Z,5.362,11698.0,0.000,0.0,0.000,0.0,0.427,504.9,0.369,118.3,127.59,25.64,0.00,0.00,26.39
2026-08-23T22:22:21Z,5.289,11703.4,0.000,0.0,0.000,0.0,0.434,505.1,0.360,118.3,109.91,28.43,0.00,0.00,26.39
2026-08-23T22:22:22Z,5.366,11730.2,0.000,0.0,0.000,0.0,0.434,504.9,0.353,118.3,87.45,29.80,0.00,0.00,28.12
2026-08-23T22:22:23Z,4.828,11732.6,0.000,0.0,0.000,0.0,0.435,504.9,0.367,118.3,161.39,94.74,0.00,0.00,28.12
2026-08-23T22:22:24Z,4.646,11735.6,0.000,0.0,0.000,0.0,0.436,505.3,0.364,118.2,201.81,118.42,0.00,0.00,28.12
2026-08-23T22:22:25Z,4.701,11764.0,0.000,0.0,0.000,0.0,0.440,504.9,0.372,118.2,219.63,125.14,0.00,0.00,28.12
2026-08-23T22:22:26Z,5.158,11782.3,0.000,0.0,0.000,0.0,0.428,504.9,0.348,118.1,131.00,71.89,0.00,0.00,28.12
2026-08-23T22:22:27Z,5.268,11754.2,0.000,0.0,0.000,0.0,0.423,505.5,0.362,118.5,107.13,211.25,0.00,0.00,28.91
2026-08-23T22:22:28Z,5.294,11771.0,0.000,0.0,0.000,0.0,0.475,504.9,0.390,118.2,87.88,23.23,0.00,0.00,28.91
2026-08-23T22:22:29Z,5.224,11769.6,0.000,0.0,0.000,0.0,0.435,504.9,0.367,118.2,115.57,28.20,0.00,0.00,28.91
2026-08-23T22:22:31Z,5.114,11791.9,0.000,0.0,0.000,0.0,0.436,504.8,0.370,118.1,110.05,28.95,0.00,0.00,28.91
2026-08-23T22:22:32Z,4.868,11792.0,0.000,0.0,0.000,0.0,0.444,505.4,0.365,118.2,25.32,91.98,0.00,0.00,28.91
2026-08-23T22:22:33Z,4.196,11789.0,0.000,0.0,0.000,0.0,0.434,505.1,0.352,118.7,20.38,308.33,0.00,0.00,28.92
2026-08-23T22:22:34Z,4.977,11783.4,0.000,0.0,0.000,0.0,0.448,504.9,0.375,118.2,26.84,26.02,0.00,0.00,28.92
2026-08-23T22:22:35Z,4.593,11797.4,0.000,0.0,0.000,0.0,0.443,504.9,0.362,118.1,22.26,107.04,0.00,0.00,28.92
2026-08-23T22:22:36Z,4.983,11794.0,0.000,0.0,0.000,0.0,0.422,505.4,0.362,118.2,54.39,100.89,0.00,0.00,28.92
2026-08-23T22:22:37Z,5.182,11768.3,0.000,0.0,0.000,0.0,0.421,505.1,0.366,118.1,67.13,16.28,0.00,0.00,28.12
2026-08-23T22:22:38Z,4.835,11806.8,0.000,0.0,0.000,0.0,0.445,504.9,0.371,118.4,149.07,25.05,0.00,0.00,28.12
2026-08-23T22:22:39Z,4.660,11801.4,0.000,0.0,0.000,0.0,0.444,505.1,0.374,118.1,115.27,24.27,0.00,0.00,28.12
2026-08-23T22:22:40Z,4.750,11793.7,0.000,0.0,0.000,0.0,0.443,504.8,0.368,118.6,144.41,23.46,0.00,0.00,28.12
2026-08-23T22:22:42Z,4.071,11784.6,0.000,0.0,0.000,0.0,0.443,505.2,0.362,118.2,112.17,233.84,0.00,0.00,28.12
2026-08-23T22:22:43Z,4.770,11778.4,0.000,0.0,0.000,0.0,0.452,504.9,0.377,118.4,122.53,27.94,0.00,0.00,28.03
2026-08-23T22:22:44Z,4.900,11805.9,0.000,0.0,0.000,0.0,0.444,504.8,0.365,118.1,165.09,26.40,0.00,0.00,28.03
2026-08-23T22:22:45Z,4.647,11774.1,0.000,0.0,0.000,0.0,0.453,504.9,0.369,118.3,124.41,25.26,0.00,0.00,28.03
2026-08-23T22:22:46Z,4.975,11741.6,0.000,0.0,0.000,0.0,0.449,504.9,0.365,118.2,114.58,22.99,0.00,0.00,28.03
2026-08-23T22:22:47Z,5.406,11751.3,0.000,0.0,0.000,0.0,0.409,504.8,0.346,118.2,158.60,15.60,0.00,0.00,28.51
2026-08-23T22:22:48Z,4.984,11786.2,0.000,0.0,0.000,0.0,0.462,504.9,0.376,118.1,159.49,21.38,0.00,0.00,28.51
2026-08-23T22:22:49Z,4.936,11787.9,0.000,0.0,0.000,0.0,0.457,505.1,0.379,118.1,180.61,23.78,0.00,0.00,28.51
2026-08-23T22:22:50Z,4.839,11776.0,0.000,0.0,0.000,0.0,0.435,505.1,0.370,118.0,142.46,23.33,0.00,0.00,28.51
2026-08-23T22:22:51Z,4.973,11784.6,0.000,0.0,0.000,0.0,0.442,505.0,0.364,118.0,180.41,22.59,0.00,0.00,28.51
2026-08-23T22:22:53Z,4.772,11808.9,0.000,0.0,0.000,0.0,0.442,504.8,0.362,118.0,116.31,25.12,0.00,0.00,27.67
2026-08-23T22:22:54Z,4.526,11790.7,0.000,0.0,0.000,0.0,0.442,504.8,0.352,118.0,110.03,33.45,0.00,0.00,27.67
2026-08-23T22:22:55Z,4.617,11742.1,0.000,0.0,0.000,0.0,0.434,505.2,0.369,117.9,135.45,22.89,0.00,0.00,27.67
2026-08-23T22:22:56Z,5.001,11748.3,0.000,0.0,0.000,0.0,0.440,504.8,0.360,117.9,46.77,25.51,0.00,0.00,27.67
2026-08-23T22:22:57Z,5.391,11723.9,0.000,0.0,0.000,0.0,0.463,505.0,0.380,118.0,36.44,19.67,0.00,0.00,28.26
2026-08-23T22:22:58Z,4.919,11736.6,0.000,0.0,0.000,0.0,0.440,504.7,0.374,117.9,100.39,20.35,0.00,0.00,28.26
2026-08-23T22:22:59Z,4.688,11732.5,0.000,0.0,0.000,0.0,0.443,504.7,0.360,117.9,107.74,27.56,0.00,0.00,28.26
2026-08-23T22:23:00Z,4.942,11766.6,0.000,0.0,0.000,0.0,0.443,504.9,0.369,117.9,152.85,22.70,0.00,0.00,28.26
2026-08-23T22:23:01Z,5.038,11722.5,0.000,0.0,0.000,0.0,0.450,504.7,0.385,118.2,170.48,19.88,0.00,0.00,28.26
2026-08-23T22:23:03Z,5.016,11723.0,0.000,0.0,0.000,0.0,0.433,504.7,0.366,117.8,177.14,23.63,0.00,0.00,27.76
2026-08-23T22:23:04Z,4.771,11757.3,0.000,0.0,0.000,0.0,0.453,504.9,0.376,117.9,142.96,32.89,0.00,0.00,27.76
2026-08-23T22:23:05Z,4.794,11740.0,0.000,0.0,0.000,0.0,0.434,504.8,0.367,117.8,127.88,26.05,0.00,0.00,27.76
2026-08-23T22:23:06Z,4.920,11721.9,0.000,0.0,0.000,0.0,0.446,504.9,0.375,118.4,128.31,24.97,0.00,0.00,27.76
2026-08-23T22:23:07Z,5.490,11729.4,0.000,0.0,0.000,0.0,0.403,504.9,0.332,118.1,128.89,16.41,0.00,0.00,28.34
2026-08-23T22:23:08Z,4.929,11742.9,0.000,0.0,0.000,0.0,0.488,505.4,0.413,118.1,81.63,26.19,0.00,0.00,28.34
2026-08-23T22:23:09Z,4.584,11751.4,0.000,0.0,0.000,0.0,0.447,505.0,0.371,118.0,137.70,21.32,0.00,0.00,28.34
2026-08-23T22:23:10Z,4.389,11730.9,0.000,0.0,0.000,0.0,0.458,504.8,0.372,118.0,200.52,23.38,0.00,0.00,28.34
2026-08-23T22:23:11Z,4.378,11142.6,0.000,0.0,0.000,0.0,0.443,505.0,0.364,117.9,130.13,27.99,0.00,0.00,28.34
2026-08-23T22:23:12Z,3.440,11169.1,0.000,0.0,0.000,0.0,0.436,504.8,0.364,118.2,10.67,31.48,0.00,0.00,27.03
2026-08-23T22:23:14Z,3.529,11196.4,0.000,0.0,0.000,0.0,0.442,504.8,0.364,117.9,10.48,40.81,0.00,0.00,27.03
2026-08-23T22:23:15Z,3.420,11222.9,0.000,0.0,0.000,0.0,0.436,504.8,0.367,118.0,10.91,33.93,0.00,0.00,27.03
2026-08-23T22:23:16Z,3.578,11254.5,0.000,0.0,0.000,0.0,0.436,504.8,0.363,117.9,10.91,33.52,0.00,0.00,27.03
2026-08-23T22:23:17Z,4.947,11288.9,0.000,0.0,0.000,0.0,0.439,504.7,0.359,117.9,10.22,30.68,0.00,0.00,25.74
2026-08-23T22:23:18Z,3.779,11310.1,0.000,0.0,0.000,0.0,0.450,504.7,0.364,117.9,12.12,31.06,0.00,0.00,25.74
2026-08-23T22:23:19Z,3.388,11337.2,0.000,0.0,0.000,0.0,0.428,504.9,0.349,117.9,12.06,33.19,0.00,0.00,25.74
2026-08-23T22:23:20Z,3.516,11365.7,0.000,0.0,0.000,0.0,0.460,504.7,0.372,117.9,11.42,33.13,0.00,0.00,25.74
2026-08-23T22:23:21Z,3.544,11394.2,0.000,0.0,0.000,0.0,0.436,504.6,0.354,117.8,11.20,35.06,0.00,0.00,25.74
2026-08-23T22:23:22Z,3.583,11423.5,0.000,0.0,0.000,0.0,0.438,504.7,0.356,118.1,11.48,33.14,0.00,0.00,25.04
2026-08-23T22:23:23Z,3.457,11451.7,0.000,0.0,0.000,0.0,0.425,505.1,0.354,118.1,11.29,34.90,0.00,0.00,25.04
2026-08-23T22:23:24Z,3.450,11480.9,0.000,0.0,0.000,0.0,0.442,505.4,0.362,117.8,10.70,42.85,0.00,0.00,25.04
2026-08-23T22:23:26Z,3.815,11510.6,0.000,0.0,0.000,0.0,0.439,504.7,0.364,117.8,11.19,33.97,0.00,0.00,25.04
2026-08-23T22:23:27Z,5.206,11553.3,0.000,0.0,0.000,0.0,0.447,505.0,0.362,118.0,10.00,26.43,0.00,0.00,25.04
2026-08-23T22:23:28Z,5.251,11562.1,0.000,0.0,0.000,0.0,0.456,505.0,0.374,117.9,9.72,19.66,0.00,0.00,26.32
2026-08-23T22:23:29Z,4.522,11585.2,0.000,0.0,0.000,0.0,0.448,504.7,0.360,117.9,11.07,24.55,0.00,0.00,26.32
2026-08-23T22:23:30Z,3.885,11609.8,0.000,0.0,0.000,0.0,0.455,504.7,0.372,117.9,11.10,27.33,0.00,0.00,26.32
2026-08-23T22:23:31Z,3.636,11634.5,0.000,0.0,0.000,0.0,0.444,504.9,0.370,117.9,11.04,28.01,0.00,0.00,26.32
2026-08-23T22:23:32Z,3.695,11660.5,0.000,0.0,0.000,0.0,0.431,504.9,0.356,117.9,12.18,30.25,0.00,0.00,25.25
2026-08-23T22:23:33Z,3.435,11686.3,0.000,0.0,0.000,0.0,0.442,504.7,0.363,117.9,11.85,32.26,0.00,0.00,25.25
2026-08-23T22:23:34Z,3.471,11711.2,0.000,0.0,0.000,0.0,0.435,504.7,0.363,118.1,12.14,37.26,0.00,0.00,25.25
2026-08-23T22:23:35Z,3.402,11734.7,0.000,0.0,0.000,0.0,0.436,504.7,0.355,117.9,12.20,30.36,0.00,0.00,25.25
2026-08-23T22:23:36Z,4.708,11697.4,0.000,0.0,0.000,0.0,0.440,504.7,0.366,118.0,11.02,25.33,0.00,0.00,25.25
2026-08-23T22:23:38Z,3.827,11717.6,0.000,0.0,0.000,0.0,0.440,504.9,0.366,117.8,11.67,29.82,0.00,0.00,24.19
2026-08-23T22:23:39Z,3.429,11710.7,0.000,0.0,0.000,0.0,0.436,504.6,0.359,117.9,12.41,43.81,0.00,0.00,24.19
2026-08-23T22:23:40Z,3.417,11735.4,0.000,0.0,0.000,0.0,0.433,504.6,0.363,117.8,11.84,35.80,0.00,0.00,24.19
2026-08-23T22:23:41Z,3.537,11726.3,0.000,0.0,0.000,0.0,0.453,504.6,0.372,117.9,12.53,33.82,0.00,0.00,24.19
2026-08-23T22:23:42Z,3.399,11719.4,0.000,0.0,0.000,0.0,0.432,504.6,0.348,117.8,12.05,33.74,0.00,0.00,22.90
2026-08-23T22:23:43Z,3.442,11712.1,0.000,0.0,0.000,0.0,0.434,505.4,0.359,117.9,12.60,35.30,0.00,0.00,22.90
2026-08-23T22:23:44Z,3.427,11704.9,0.000,0.0,0.000,0.0,0.436,504.6,0.352,117.8,12.91,41.27,0.00,0.00,22.90
2026-08-23T22:23:45Z,3.499,11734.1,0.000,0.0,0.000,0.0,0.442,504.9,0.368,117.8,11.50,36.14,0.00,0.00,22.90
2026-08-23T22:23:46Z,4.433,11707.7,0.000,0.0,0.000,0.0,0.427,504.7,0.356,117.9,10.41,31.36,0.00,0.00,22.90
2026-08-23T22:23:47Z,4.285,11719.0,0.000,0.0,0.000,0.0,0.444,504.6,0.382,117.9,10.88,32.14,0.00,0.00,22.50
2026-08-23T22:23:49Z,3.484,11711.4,0.000,0.0,0.000,0.0,0.433,504.6,0.363,117.8,11.57,34.66,0.00,0.00,22.50
2026-08-23T22:23:50Z,3.368,11705.6,0.000,0.0,0.000,0.0,0.432,504.8,0.356,117.8,11.19,38.68,0.00,0.00,22.50
2026-08-23T22:23:51Z,3.537,11698.8,0.000,0.0,0.000,0.0,0.442,504.9,0.368,118.0,10.81,36.93,0.00,0.00,22.50
2026-08-23T22:23:52Z,3.537,11693.8,0.000,0.0,0.000,0.0,0.435,504.8,0.355,118.1,11.52,36.94,0.00,0.00,21.58
2026-08-23T22:23:53Z,3.535,11724.5,0.000,0.0,0.000,0.0,0.425,504.9,0.363,117.8,11.10,36.40,0.00,0.00,21.58
2026-08-23T22:23:54Z,3.499,11718.5,0.000,0.0,0.000,0.0,0.436,505.1,0.354,117.8,11.62,38.10,0.00,0.00,21.58
2026-08-23T22:23:55Z,3.438,11714.2,0.000,0.0,0.000,0.0,0.433,504.6,0.362,118.1,11.66,45.36,0.00,0.00,21.58
2026-08-23T22:23:56Z,4.152,11718.5,0.000,0.0,0.000,0.0,0.429,504.9,0.358,118.1,10.84,35.39,0.00,0.00,21.58
2026-08-23T22:23:57Z,4.502,11696.7,0.000,0.0,0.000,0.0,0.451,504.6,0.377,117.9,10.11,28.01,0.00,0.00,21.46
2026-08-23T22:23:58Z,3.518,11716.9,0.000,0.0,0.000,0.0,0.447,504.6,0.360,117.8,11.21,27.97,0.00,0.00,21.46
2026-08-23T22:23:59Z,3.483,11699.7,0.000,0.0,0.000,0.0,0.437,504.6,0.356,118.1,11.27,25.53,0.00,0.00,21.46
2026-08-23T22:24:01Z,3.580,11719.4,0.000,0.0,0.000,0.0,0.447,504.8,0.366,117.8,11.85,24.50,0.00,0.00,21.46
2026-08-23T22:24:02Z,3.827,11703.0,0.000,0.0,0.000,0.0,0.464,504.6,0.381,117.9,11.49,23.18,0.00,0.00,21.46
2026-08-23T22:24:03Z,3.558,11686.9,0.000,0.0,0.000,0.0,0.443,504.6,0.361,118.1,11.28,22.94,0.00,0.00,20.78
2026-08-23T22:24:04Z,3.362,11703.2,0.000,0.0,0.000,0.0,0.434,504.6,0.363,117.8,10.88,23.17,0.00,0.00,20.78
2026-08-23T22:24:05Z,3.544,11687.2,0.000,0.0,0.000,0.0,0.454,504.6,0.377,117.9,12.09,32.31,0.00,0.00,20.78
2026-08-23T22:24:06Z,3.875,11684.6,0.000,0.0,0.000,0.0,0.444,504.9,0.370,118.1,11.13,26.76,0.00,0.00,20.78
2026-08-23T22:24:07Z,4.798,11686.5,0.000,0.0,0.000,0.0,0.465,505.1,0.387,117.9,10.07,18.08,0.00,0.00,21.52
2026-08-23T22:24:08Z,3.738,11672.5,0.000,0.0,0.000,0.0,0.460,504.6,0.381,117.8,11.57,23.39,0.00,0.00,21.52
2026-08-23T22:24:09Z,4.334,11665.5,0.000,0.0,0.000,0.0,0.448,504.6,0.370,117.9,22.52,37.80,0.00,0.00,21.52
2026-08-23T22:24:10Z,4.340,11686.6,0.000,0.0,0.000,0.0,0.445,504.8,0.366,117.8,28.23,34.62,0.00,0.00,21.52
2026-08-23T22:24:11Z,4.244,11682.3,0.000,0.0,0.000,0.0,0.451,504.6,0.377,117.9,30.93,37.27,0.00,0.00,21.52
2026-08-23T22:24:13Z,4.393,11697.0,0.000,0.0,0.000,0.0,0.452,504.6,0.375,117.8,29.45,36.55,0.00,0.00,21.40
2026-08-23T22:24:14Z,4.255,11680.3,0.000,0.0,0.000,0.0,0.449,504.6,0.369,117.9,29.17,39.29,0.00,0.00,21.40
2026-08-23T22:24:15Z,4.183,11697.9,0.000,0.0,0.000,0.0,0.444,504.9,0.373,117.9,28.70,43.62,0.00,0.00,21.40
2026-08-23T22:24:16Z,4.360,11654.1,0.000,0.0,0.000,0.0,0.453,504.8,0.365,117.8,29.11,34.82,0.00,0.00,21.40
2026-08-23T22:24:17Z,5.203,11652.2,0.000,0.0,0.000,0.0,0.448,504.6,0.376,117.8,24.00,25.27,0.00,0.00,21.52
2026-08-23T22:24:18Z,4.462,11666.3,0.000,0.0,0.000,0.0,0.440,504.8,0.354,117.9,25.28,32.78,0.00,0.00,21.52
2026-08-23T22:24:19Z,4.665,11672.8,0.000,0.0,0.000,0.0,0.445,504.6,0.359,117.8,20.85,30.58,0.00,0.00,21.52
2026-08-23T22:24:20Z,4.047,11693.1,0.000,0.0,0.000,0.0,0.450,504.8,0.374,117.8,34.33,34.45,0.00,0.00,21.52
2026-08-23T22:24:21Z,4.186,11676.8,0.000,0.0,0.000,0.0,0.448,504.6,0.371,117.8,33.01,34.49,0.00,0.00,21.52
2026-08-23T22:24:22Z,4.242,11693.8,0.000,0.0,0.000,0.0,0.447,504.6,0.356,117.8,32.73,32.14,0.00,0.00,21.40
2026-08-23T22:24:23Z,4.077,11677.9,0.000,0.0,0.000,0.0,0.440,504.6,0.368,117.9,35.89,31.58,0.00,0.00,21.40
2026-08-23T22:24:25Z,4.111,11664.0,0.000,0.0,0.000,0.0,0.439,504.9,0.365,117.8,36.33,31.48,0.00,0.00,21.40
2026-08-23T22:24:26Z,4.090,11684.6,0.000,0.0,0.000,0.0,0.456,504.7,0.373,117.9,35.41,37.69,0.00,0.00,21.40
2026-08-23T22:24:27Z,5.257,11658.3,0.000,0.0,0.000,0.0,0.414,504.7,0.353,117.9,25.75,21.25,0.00,0.00,21.40
2026-08-23T22:24:28Z,4.689,11668.5,0.000,0.0,0.000,0.0,0.451,504.8,0.384,117.9,28.73,31.85,0.00,0.00,20.97
2026-08-23T22:24:29Z,4.088,11685.2,0.000,0.0,0.000,0.0,0.438,504.6,0.354,117.8,32.91,31.02,0.00,0.00,20.97
2026-08-23T22:24:30Z,4.573,11660.7,0.000,0.0,0.000,0.0,0.451,504.6,0.364,117.8,30.28,23.02,0.00,0.00,20.97
2026-08-23T22:24:31Z,4.802,11666.4,0.000,0.0,0.000,0.0,0.448,504.6,0.376,118.0,28.18,21.58,0.00,0.00,20.97
2026-08-23T22:24:32Z,4.603,11676.5,0.000,0.0,0.000,0.0,0.437,505.4,0.359,117.9,32.51,21.81,0.00,0.00,20.17
2026-08-23T22:24:33Z,4.558,11654.1,0.000,0.0,0.000,0.0,0.450,504.6,0.367,118.1,33.26,21.68,0.00,0.00,20.17
2026-08-23T22:24:34Z,4.679,11662.8,0.000,0.0,0.000,0.0,0.446,504.6,0.371,118.1,31.92,21.58,0.00,0.00,20.17
2026-08-23T22:24:36Z,4.020,11675.0,0.000,0.0,0.000,0.0,0.445,504.6,0.359,117.8,33.50,28.54,0.00,0.00,20.17
2026-08-23T22:24:37Z,5.089,11672.5,0.000,0.0,0.000,0.0,0.440,504.6,0.370,117.9,23.02,16.51,0.00,0.00,20.17
2026-08-23T22:24:38Z,4.186,11655.2,0.000,0.0,0.000,0.0,0.446,504.5,0.366,117.8,35.04,24.37,0.00,0.00,20.40
2026-08-23T22:24:39Z,3.950,11665.9,0.000,0.0,0.000,0.0,0.452,504.6,0.369,118.1,37.55,23.38,0.00,0.00,20.40
2026-08-23T22:24:40Z,3.994,11643.5,0.000,0.0,0.000,0.0,0.445,504.5,0.368,117.8,33.11,32.54,0.00,0.00,20.40
2026-08-23T22:24:41Z,4.026,11655.5,0.000,0.0,0.000,0.0,0.455,505.1,0.374,117.8,32.66,25.08,0.00,0.00,20.40
2026-08-23T22:24:42Z,4.091,11667.4,0.000,0.0,0.000,0.0,0.456,504.8,0.373,117.8,33.79,25.59,0.00,0.00,20.20
2026-08-23T22:24:43Z,4.059,11650.8,0.000,0.0,0.000,0.0,0.451,504.6,0.373,117.8,33.20,33.78,0.00,0.00,20.20
2026-08-23T22:24:44Z,4.130,11666.9,0.000,0.0,0.000,0.0,0.460,504.6,0.378,117.8,34.54,28.72,0.00,0.00,20.20
2026-08-23T22:24:45Z,4.057,11646.3,0.000,0.0,0.000,0.0,0.442,504.6,0.363,117.8,34.57,31.65,0.00,0.00,20.20
2026-08-23T22:24:46Z,5.097,11643.8,0.000,0.0,0.000,0.0,0.460,504.7,0.376,117.9,24.10,16.32,0.00,0.00,20.20
2026-08-23T22:24:48Z,4.306,11656.7,0.000,0.0,0.000,0.0,0.443,504.6,0.361,117.9,32.34,21.68,0.00,0.00,19.71
2026-08-23T22:24:49Z,4.183,11633.8,0.000,0.0,0.000,0.0,0.454,505.1,0.373,117.9,31.99,24.84,0.00,0.00,19.71
2026-08-23T22:24:50Z,4.100,11648.8,0.000,0.0,0.000,0.0,0.454,504.6,0.375,118.1,36.40,26.77,0.00,0.00,19.71
2026-08-23T22:24:51Z,4.094,11630.6,0.000,0.0,0.000,0.0,0.449,504.6,0.371,118.1,35.16,24.76,0.00,0.00,19.71
2026-08-23T22:24:52Z,4.211,11643.0,0.000,0.0,0.000,0.0,0.448,504.6,0.370,118.1,33.43,24.78,0.00,0.00,19.49
2026-08-23T22:24:53Z,4.121,11655.6,0.000,0.0,0.000,0.0,0.442,504.6,0.370,117.8,33.83,26.04,0.00,0.00,19.49
2026-08-23T22:24:54Z,4.084,11637.1,0.000,0.0,0.000,0.0,0.441,504.6,0.356,117.8,34.47,27.24,0.00,0.00,19.49
2026-08-23T22:24:55Z,4.053,11604.1,0.000,0.0,0.000,0.0,0.437,504.9,0.363,117.8,18.83,27.34,0.00,0.00,19.49
2026-08-23T22:24:56Z,4.409,11638.5,0.000,0.0,0.000,0.0,0.426,504.6,0.355,117.9,11.28,33.62,0.00,0.00,19.49
2026-08-23T22:24:57Z,4.458,11618.4,0.000,0.0,0.000,0.0,0.454,504.8,0.383,117.9,10.13,22.32,0.00,0.00,20.81
2026-08-23T22:24:59Z,3.490,11641.2,0.000,0.0,0.000,0.0,0.423,504.8,0.353,117.9,10.39,28.92,0.00,0.00,20.81
2026-08-23T22:25:00Z,3.513,11629.6,0.000,0.0,0.000,0.0,0.445,504.6,0.360,118.1,10.69,29.36,0.00,0.00,20.81
2026-08-23T22:25:01Z,3.685,11652.5,0.000,0.0,0.000,0.0,0.438,504.8,0.357,118.0,10.38,28.10,0.00,0.00,20.81
2026-08-23T22:25:02Z,3.859,11639.1,0.000,0.0,0.000,0.0,0.465,504.6,0.392,117.8,9.74,25.89,0.00,0.00,21.39
2026-08-23T22:25:03Z,3.488,11627.2,0.000,0.0,0.000,0.0,0.433,504.6,0.354,117.8,10.11,28.58,0.00,0.00,21.39
2026-08-23T22:25:04Z,3.361,11649.5,0.000,0.0,0.000,0.0,0.428,504.5,0.358,117.8,10.00,30.10,0.00,0.00,21.39
2026-08-23T22:25:05Z,3.425,11637.7,0.000,0.0,0.000,0.0,0.442,504.6,0.366,117.8,10.22,29.21,0.00,0.00,21.39
2026-08-23T22:25:06Z,4.193,11639.2,0.000,0.0,0.000,0.0,0.463,504.6,0.372,117.8,9.94,34.23,0.00,0.00,21.39
2026-08-23T22:25:07Z,4.509,11647.4,0.000,0.0,0.000,0.0,0.447,504.6,0.365,117.8,9.67,22.85,0.00,0.00,21.36
2026-08-23T22:25:08Z,3.387,11636.8,0.000,0.0,0.000,0.0,0.427,504.6,0.354,117.8,10.24,28.29,0.00,0.00,21.36
2026-08-23T22:25:09Z,3.921,11628.6,0.000,0.0,0.000,0.0,0.441,504.8,0.360,117.8,15.95,26.99,0.00,0.00,21.36
2026-08-23T22:25:11Z,4.270,11631.2,0.000,0.0,0.000,0.0,0.457,504.6,0.377,117.8,23.53,35.30,0.00,0.00,21.36
2026-08-23T22:25:12Z,4.201,11637.2,0.000,0.0,0.000,0.0,0.443,504.6,0.367,117.8,27.58,26.59,0.00,0.00,21.36
2026-08-23T22:25:13Z,4.154,11611.9,0.000,0.0,0.000,0.0,0.441,504.5,0.367,117.8,29.09,26.40,0.00,0.00,21.09
2026-08-23T22:25:14Z,4.281,11618.1,0.000,0.0,0.000,0.0,0.452,504.8,0.368,118.0,25.70,25.65,0.00,0.00,21.09
2026-08-23T22:25:15Z,4.240,11625.2,0.000,0.0,0.000,0.0,0.458,504.5,0.372,117.8,27.87,26.83,0.00,0.00,21.09
2026-08-23T22:25:16Z,4.293,11613.9,0.000,0.0,0.000,0.0,0.446,504.6,0.362,117.9,29.52,25.71,0.00,0.00,21.09
2026-08-23T22:25:17Z,5.152,11611.1,0.000,0.0,0.000,0.0,0.433,505.3,0.368,117.9,22.60,26.24,0.00,0.00,22.36
2026-08-23T22:25:18Z,4.306,11618.7,0.000,0.0,0.000,0.0,0.449,505.1,0.376,117.8,31.24,27.61,0.00,0.00,22.36
2026-08-23T22:25:19Z,4.217,11629.4,0.000,0.0,0.000,0.0,0.441,504.6,0.361,117.9,29.16,26.81,0.00,0.00,22.36
2026-08-23T22:25:20Z,4.780,11623.1,0.000,0.0,0.000,0.0,0.440,505.1,0.369,117.9,14.91,24.45,0.00,0.00,22.36
2026-08-23T22:25:21Z,4.464,11627.6,0.000,0.0,0.000,0.0,0.440,504.8,0.364,117.8,21.17,27.54,0.00,0.00,22.36
2026-08-23T22:25:23Z,4.417,11608.6,0.000,0.0,0.000,0.0,0.436,504.6,0.357,118.1,31.58,26.45,0.00,0.00,22.09
2026-08-23T22:25:24Z,4.230,11622.8,0.000,0.0,0.000,0.0,0.452,504.6,0.363,117.8,32.97,25.89,0.00,0.00,22.09
2026-08-23T22:25:25Z,4.142,11605.4,0.000,0.0,0.000,0.0,0.443,504.9,0.367,117.8,35.64,26.75,0.00,0.00,22.09
2026-08-23T22:25:26Z,4.413,11625.3,0.000,0.0,0.000,0.0,0.442,504.6,0.368,117.9,32.15,26.77,0.00,0.00,22.09
2026-08-23T22:25:27Z,5.218,11589.6,0.000,0.0,0.000,0.0,0.430,504.7,0.369,117.9,24.71,25.94,0.00,0.00,22.89
2026-08-23T22:25:28Z,4.674,11600.5,0.000,0.0,0.000,0.0,0.469,504.9,0.383,117.9,27.68,23.48,0.00,0.00,22.89
2026-08-23T22:25:29Z,4.797,11611.7,0.000,0.0,0.000,0.0,0.456,504.7,0.362,117.9,29.08,24.41,0.00,0.00,22.89
2026-08-23T22:25:30Z,4.907,11623.2,0.000,0.0,0.000,0.0,0.454,505.1,0.369,117.8,24.74,29.54,0.00,0.00,22.89
2026-08-23T22:25:31Z,5.218,11600.2,0.000,0.0,0.000,0.0,0.432,504.7,0.365,118.0,20.50,30.39,0.00,0.00,22.89
2026-08-23T22:25:33Z,4.896,11616.6,0.000,0.0,0.000,0.0,0.453,505.1,0.361,117.8,26.56,33.62,0.00,0.00,22.98
2026-08-23T22:25:34Z,4.650,11606.8,0.000,0.0,0.000,0.0,0.439,504.6,0.367,117.9,32.84,36.99,0.00,0.00,22.98
2026-08-23T22:25:35Z,4.212,11596.1,0.000,0.0,0.000,0.0,0.451,504.8,0.372,117.8,32.99,36.66,0.00,0.00,22.98
2026-08-23T22:25:36Z,4.346,11624.6,0.000,0.0,0.000,0.0,0.443,504.7,0.371,117.9,32.00,38.19,0.00,0.00,22.98
2026-08-23T22:25:37Z,5.003,11587.5,0.000,0.0,0.000,0.0,0.447,504.6,0.375,117.9,22.11,30.42,0.00,0.00,22.98
2026-08-23T22:25:38Z,4.148,11603.1,0.000,0.0,0.000,0.0,0.441,504.8,0.360,117.9,34.66,27.55,0.00,0.00,22.98
2026-08-23T22:25:39Z,4.047,11620.1,0.000,0.0,0.000,0.0,0.448,504.8,0.361,118.1,36.48,26.18,0.00,0.00,22.98
2026-08-23T22:25:40Z,4.069,11600.9,0.000,0.0,0.000,0.0,0.457,504.6,0.377,117.9,34.62,25.65,0.00,0.00,22.98
2026-08-23T22:25:41Z,3.987,11615.2,0.000,0.0,0.000,0.0,0.447,504.6,0.363,118.1,34.23,38.39,0.00,0.00,22.98
2026-08-23T22:25:42Z,4.056,11597.2,0.000,0.0,0.000,0.0,0.455,504.6,0.374,117.9,34.48,31.10,0.00,0.00,22.42
2026-08-23T22:25:44Z,4.054,11614.2,0.000,0.0,0.000,0.0,0.442,504.8,0.363,117.8,35.15,29.68,0.00,0.00,22.42
2026-08-23T22:25:45Z,4.035,11597.0,0.000,0.0,0.000,0.0,0.450,504.6,0.378,118.1,36.24,30.62,0.00,0.00,22.42
2026-08-23T22:25:46Z,4.095,11614.0,0.000,0.0,0.000,0.0,0.448,504.6,0.360,118.1,33.79,27.46,0.00,0.00,22.42
2026-08-23T22:25:47Z,5.135,11578.9,0.000,0.0,0.000,0.0,0.436,504.6,0.372,117.9,25.30,27.07,0.00,0.00,23.43
2026-08-23T22:25:48Z,4.196,11594.1,0.000,0.0,0.000,0.0,0.454,504.5,0.371,117.8,34.84,27.45,0.00,0.00,23.43
2026-08-23T22:25:49Z,4.051,11611.6,0.000,0.0,0.000,0.0,0.439,504.6,0.358,117.8,33.97,32.59,0.00,0.00,23.43
2026-08-23T22:25:50Z,4.111,11592.1,0.000,0.0,0.000,0.0,0.451,504.5,0.369,117.8,34.08,29.54,0.00,0.00,23.43
2026-08-23T22:25:51Z,4.090,11614.3,0.000,0.0,0.000,0.0,0.451,504.6,0.372,117.8,33.83,36.80,0.00,0.00,23.43
2026-08-23T22:25:52Z,4.150,11603.3,0.000,0.0,0.000,0.0,0.447,504.6,0.365,117.8,33.13,39.02,0.00,0.00,23.47
2026-08-23T22:25:53Z,4.051,11588.8,0.000,0.0,0.000,0.0,0.447,504.8,0.363,117.8,36.08,31.99,0.00,0.00,23.47
2026-08-23T22:25:54Z,4.076,11607.6,0.000,0.0,0.000,0.0,0.451,504.5,0.366,118.1,35.40,30.32,0.00,0.00,23.47
2026-08-23T22:25:56Z,4.506,11561.7,0.000,0.0,0.000,0.0,0.444,504.8,0.364,117.8,34.83,33.74,0.00,0.00,23.47
2026-08-23T22:25:57Z,5.216,11551.8,0.000,0.0,0.000,0.0,0.448,504.6,0.365,117.9,32.35,28.39,0.00,0.00,23.47
2026-08-23T22:25:58Z,5.009,11544.6,0.000,0.0,0.000,0.0,0.440,504.6,0.364,117.9,25.90,29.01,0.00,0.00,25.36
2026-08-23T22:25:59Z,4.548,11564.0,0.000,0.0,0.000,0.0,0.454,504.6,0.368,117.9,24.36,23.94,0.00,0.00,25.36
2026-08-23T22:26:00Z,4.304,11575.2,0.000,0.0,0.000,0.0,0.446,504.8,0.369,117.9,28.63,31.40,0.00,0.00,25.36
2026-08-23T22:26:01Z,4.496,11582.3,0.000,0.0,0.000,0.0,0.468,504.6,0.377,117.9,22.67,30.73,0.00,0.00,25.36
2026-08-23T22:26:02Z,4.310,11592.2,0.000,0.0,0.000,0.0,0.460,504.8,0.378,118.2,22.98,34.95,0.00,0.00,23.97
2026-08-23T22:26:03Z,4.262,11572.6,0.000,0.0,0.000,0.0,0.451,504.8,0.368,118.2,27.93,33.63,0.00,0.00,23.97
2026-08-23T22:26:04Z,4.229,11588.5,0.000,0.0,0.000,0.0,0.441,504.8,0.371,118.2,29.05,34.65,0.00,0.00,23.97
2026-08-23T22:26:05Z,4.132,11574.2,0.000,0.0,0.000,0.0,0.452,504.8,0.382,118.2,33.66,33.48,0.00,0.00,23.97
2026-08-23T22:26:07Z,4.832,11566.8,0.000,0.0,0.000,0.0,0.455,505.1,0.374,118.2,25.15,28.98,0.00,0.00,23.97
2026-08-23T22:26:08Z,4.877,11578.2,0.000,0.0,0.000,0.0,0.468,505.0,0.382,118.2,89.81,30.86,0.00,0.00,25.33
2026-08-23T22:26:09Z,4.589,11569.6,0.000,0.0,0.000,0.0,0.459,505.2,0.384,118.2,131.87,27.95,0.00,0.00,25.33
2026-08-23T22:26:10Z,4.728,11560.8,0.000,0.0,0.000,0.0,0.452,504.8,0.381,118.1,61.89,28.43,0.00,0.00,25.33
2026-08-23T22:26:11Z,4.706,11555.5,0.000,0.0,0.000,0.0,0.462,505.0,0.378,118.0,25.00,22.48,0.00,0.00,25.33
2026-08-23T22:26:12Z,4.104,11568.5,0.000,0.0,0.000,0.0,0.440,504.9,0.368,118.3,28.17,43.70,0.00,0.00,25.14
2026-08-23T22:26:13Z,4.686,11563.5,0.000,0.0,0.000,0.0,0.444,504.9,0.371,118.0,15.54,22.38,0.00,0.00,25.14
2026-08-23T22:26:14Z,4.281,11576.4,0.000,0.0,0.000,0.0,0.460,504.6,0.380,118.1,33.72,25.74,0.00,0.00,25.14
2026-08-23T22:26:15Z,4.128,11591.2,0.000,0.0,0.000,0.0,0.448,504.6,0.370,117.9,33.33,26.59,0.00,0.00,25.14
2026-08-23T22:26:16Z,4.912,11576.7,0.000,0.0,0.000,0.0,0.433,504.9,0.353,118.0,26.14,21.13,0.00,0.00,25.14
2026-08-23T22:26:18Z,4.533,11573.6,0.000,0.0,0.000,0.0,0.453,505.1,0.369,118.2,27.40,31.34,0.00,0.00,24.89
2026-08-23T22:26:19Z,4.116,11560.6,0.000,0.0,0.000,0.0,0.442,505.1,0.370,117.9,35.88,29.15,0.00,0.00,24.89
2026-08-23T22:26:20Z,4.189,11573.6,0.000,0.0,0.000,0.0,0.452,505.1,0.377,117.9,31.09,29.15,0.00,0.00,24.89
2026-08-23T22:26:21Z,4.119,11554.8,0.000,0.0,0.000,0.0,0.443,504.6,0.369,117.9,32.30,28.72,0.00,0.00,24.89
2026-08-23T22:26:22Z,4.196,11572.9,0.000,0.0,0.000,0.0,0.449,504.9,0.366,117.9,34.90,30.05,0.00,0.00,25.38
2026-08-23T22:26:23Z,4.096,11555.1,0.000,0.0,0.000,0.0,0.448,504.7,0.368,117.9,32.94,29.07,0.00,0.00,25.38
2026-08-23T22:26:24Z,4.109,11572.5,0.000,0.0,0.000,0.0,0.447,504.7,0.364,117.9,34.96,28.98,0.00,0.00,25.38
2026-08-23T22:26:25Z,4.090,11554.9,0.000,0.0,0.000,0.0,0.449,504.6,0.372,117.9,32.16,29.98,0.00,0.00,25.38
2026-08-23T22:26:26Z,4.763,11568.2,0.000,0.0,0.000,0.0,0.458,504.7,0.366,117.9,29.06,20.63,0.00,0.00,25.38
2026-08-23T22:26:27Z,5.139,11564.9,0.000,0.0,0.000,0.0,0.459,504.6,0.359,117.9,22.25,19.97,0.00,0.00,26.55
2026-08-23T22:26:28Z,4.717,11553.2,0.000,0.0,0.000,0.0,0.454,504.7,0.379,117.9,32.27,37.82,0.00,0.00,26.55
2026-08-23T22:26:30Z,4.848,11562.6,0.000,0.0,0.000,0.0,0.422,504.6,0.354,117.8,28.61,22.12,0.00,0.00,26.55
2026-08-23T22:26:31Z,4.847,11571.0,0.000,0.0,0.000,0.0,0.450,504.7,0.364,117.9,29.08,20.70,0.00,0.00,26.55
2026-08-23T22:26:32Z,4.847,11577.1,0.000,0.0,0.000,0.0,0.448,504.6,0.366,117.9,27.17,19.84,0.00,0.00,26.55
2026-08-23T22:26:33Z,4.735,11576.0,0.000,0.0,0.000,0.0,0.439,504.7,0.367,118.2,30.09,23.39,0.00,0.00,27.31
2026-08-23T22:26:34Z,4.223,11568.7,0.000,0.0,0.000,0.0,0.442,504.8,0.370,117.8,32.97,28.76,0.00,0.00,27.31
2026-08-23T22:26:35Z,4.105,11553.9,0.000,0.0,0.000,0.0,0.457,504.6,0.371,117.9,34.30,30.08,0.00,0.00,27.31
2026-08-23T22:26:36Z,4.630,11569.0,0.000,0.0,0.000,0.0,0.438,504.7,0.361,117.9,28.94,24.13,0.00,0.00,27.31
2026-08-23T22:26:37Z,4.891,11572.8,0.000,0.0,0.000,0.0,0.441,504.6,0.371,117.9,27.77,21.11,0.00,0.00,27.53
2026-08-23T22:26:38Z,4.081,11558.3,0.000,0.0,0.000,0.0,0.441,504.9,0.361,117.8,31.70,37.20,0.00,0.00,27.53
2026-08-23T22:26:39Z,4.177,11576.2,0.000,0.0,0.000,0.0,0.453,505.1,0.374,117.9,32.10,35.07,0.00,0.00,27.53
2026-08-23T22:26:41Z,4.049,11561.9,0.000,0.0,0.000,0.0,0.442,504.8,0.366,117.8,35.14,29.54,0.00,0.00,27.53
2026-08-23T22:26:42Z,4.039,11547.2,0.000,0.0,0.000,0.0,0.452,505.1,0.364,117.8,34.77,27.31,0.00,0.00,27.53
2026-08-23T22:26:43Z,4.036,11561.5,0.000,0.0,0.000,0.0,0.444,504.8,0.364,117.8,31.90,38.54,0.00,0.00,26.84
2026-08-23T22:26:44Z,4.034,11545.0,0.000,0.0,0.000,0.0,0.459,504.6,0.369,117.8,33.69,29.16,0.00,0.00,26.84
2026-08-23T22:26:45Z,4.132,11563.9,0.000,0.0,0.000,0.0,0.445,504.6,0.365,117.8,33.43,33.85,0.00,0.00,26.84
2026-08-23T22:26:46Z,4.313,11546.5,0.000,0.0,0.000,0.0,0.447,504.8,0.371,117.8,16.61,39.71,0.00,0.00,26.84
2026-08-23T22:26:47Z,4.993,11537.9,0.000,0.0,0.000,0.0,0.448,505.1,0.361,117.8,8.42,25.37,0.00,0.00,25.01
2026-08-23T22:26:48Z,3.771,11554.6,0.000,0.0,0.000,0.0,0.449,504.9,0.361,117.8,10.61,29.52,0.00,0.00,25.01
2026-08-23T22:26:49Z,3.470,11544.8,0.000,0.0,0.000,0.0,0.442,504.6,0.359,117.8,10.16,35.23,0.00,0.00,25.01
2026-08-23T22:26:50Z,3.422,11567.6,0.000,0.0,0.000,0.0,0.438,504.6,0.361,117.8,10.96,29.44,0.00,0.00,25.01
2026-08-23T22:26:51Z,3.570,11556.3,0.000,0.0,0.000,0.0,0.445,504.8,0.366,117.8,10.18,27.97,0.00,0.00,25.01
2026-08-23T22:26:53Z,3.592,11544.9,0.000,0.0,0.000,0.0,0.428,504.6,0.353,118.0,10.46,28.76,0.00,0.00,23.49
2026-08-23T22:26:54Z,3.491,11567.1,0.000,0.0,0.000,0.0,0.428,504.6,0.363,117.8,10.60,29.62,0.00,0.00,23.49
2026-08-23T22:26:55Z,3.505,11556.9,0.000,0.0,0.000,0.0,0.441,504.6,0.363,117.8,10.42,29.13,0.00,0.00,23.49
2026-08-23T22:26:56Z,3.592,11552.9,0.000,0.0,0.000,0.0,0.437,504.8,0.359,117.8,10.72,31.21,0.00,0.00,23.49
2026-08-23T22:26:57Z,4.837,11567.3,0.000,0.0,0.000,0.0,0.455,504.6,0.378,117.9,58.94,23.33,0.00,0.00,23.69
2026-08-23T22:26:58Z,4.149,11548.4,0.000,0.0,0.000,0.0,0.452,504.6,0.372,117.8,121.09,26.83,0.00,0.00,23.69
2026-08-23T22:26:59Z,4.494,11563.8,0.000,0.0,0.000,0.0,0.446,504.6,0.369,117.9,15.01,32.94,0.00,0.00,23.69
2026-08-23T22:27:00Z,3.591,11556.3,0.000,0.0,0.000,0.0,0.445,504.6,0.359,117.8,11.22,28.68,0.00,0.00,23.69
2026-08-23T22:27:01Z,3.736,11547.4,0.000,0.0,0.000,0.0,0.459,504.6,0.378,117.8,10.47,29.35,0.00,0.00,23.69
2026-08-23T22:27:02Z,3.702,11540.8,0.000,0.0,0.000,0.0,0.440,504.8,0.360,117.8,11.11,33.77,0.00,0.00,22.75
2026-08-23T22:27:03Z,3.462,11568.7,0.000,0.0,0.000,0.0,0.438,504.8,0.355,117.8,11.17,37.60,0.00,0.00,22.75
2026-08-23T22:27:05Z,3.442,11562.0,0.000,0.0,0.000,0.0,0.434,504.8,0.354,117.8,11.52,33.78,0.00,0.00,22.75
2026-08-23T22:27:06Z,3.467,11558.7,0.000,0.0,0.000,0.0,0.437,504.8,0.359,117.8,11.45,33.52,0.00,0.00,22.75
2026-08-23T22:27:07Z,4.869,11524.3,0.000,0.0,0.000,0.0,0.447,504.6,0.364,117.9,10.09,24.08,0.00,0.00,22.75
2026-08-23T22:27:08Z,3.785,11542.3,0.000,0.0,0.000,0.0,0.433,504.9,0.355,117.8,11.41,28.38,0.00,0.00,22.77
2026-08-23T22:27:09Z,3.467,11566.9,0.000,0.0,0.000,0.0,0.436,504.6,0.359,117.8,10.91,38.57,0.00,0.00,22.77
2026-08-23T22:27:10Z,3.443,11558.2,0.000,0.0,0.000,0.0,0.435,504.6,0.360,117.8,10.59,32.25,0.00,0.00,22.77
2026-08-23T22:27:11Z,3.518,11549.4,0.000,0.0,0.000,0.0,0.450,504.5,0.369,117.8,10.38,30.62,0.00,0.00,22.77
2026-08-23T22:27:12Z,3.357,11539.7,0.000,0.0,0.000,0.0,0.434,504.6,0.354,117.8,10.87,30.32,0.00,0.00,21.83
2026-08-23T22:27:13Z,3.429,11562.9,0.000,0.0,0.000,0.0,0.424,504.6,0.351,117.8,10.09,40.87,0.00,0.00,21.83
2026-08-23T22:27:14Z,3.412,11552.6,0.000,0.0,0.000,0.0,0.443,504.6,0.361,117.8,10.69,31.50,0.00,0.00,21.83
2026-08-23T22:27:15Z,3.617,11545.1,0.000,0.0,0.000,0.0,0.451,504.8,0.368,117.8,11.16,32.38,0.00,0.00,21.83
2026-08-23T22:27:17Z,4.632,11550.5,0.000,0.0,0.000,0.0,0.435,504.6,0.351,118.3,9.23,22.36,0.00,0.00,21.83
2026-08-23T22:27:18Z,4.048,11554.1,0.000,0.0,0.000,0.0,0.446,504.6,0.373,117.8,9.68,23.83,0.00,0.00,20.64
2026-08-23T22:27:19Z,3.453,11542.4,0.000,0.0,0.000,0.0,0.435,504.5,0.353,117.8,10.59,28.18,0.00,0.00,20.64
2026-08-23T22:27:20Z,3.411,11530.7,0.000,0.0,0.000,0.0,0.434,505.0,0.362,117.8,9.86,34.48,0.00,0.00,20.64
2026-08-23T22:27:21Z,3.597,11547.7,0.000,0.0,0.000,0.0,0.443,504.5,0.364,117.8,10.47,28.72,0.00,0.00,20.64
2026-08-23T22:27:22Z,3.990,11540.0,0.000,0.0,0.000,0.0,0.434,504.8,0.359,117.9,9.87,25.17,0.00,0.00,20.91
2026-08-23T22:27:23Z,3.989,11527.7,0.000,0.0,0.000,0.0,0.453,504.8,0.372,117.8,9.53,21.00,0.00,0.00,20.91
2026-08-23T22:27:24Z,3.733,11546.9,0.000,0.0,0.000,0.0,0.444,504.6,0.362,117.8,9.79,21.00,0.00,0.00,20.91
2026-08-23T22:27:25Z,3.523,11533.4,0.000,0.0,0.000,0.0,0.441,504.5,0.367,117.9,9.57,19.40,0.00,0.00,20.91
2026-08-23T22:27:26Z,4.551,11532.3,0.000,0.0,0.000,0.0,0.433,504.6,0.356,118.5,35.74,18.68,0.00,0.00,20.91
2026-08-23T22:27:27Z,5.039,11535.4,0.000,0.0,0.000,0.0,0.435,504.8,0.361,118.0,9.34,16.13,0.00,0.00,21.80
2026-08-23T22:27:29Z,4.716,11521.1,0.000,0.0,0.000,0.0,0.472,504.8,0.404,118.0,9.34,16.29,0.00,0.00,21.80
2026-08-23T22:27:30Z,4.703,11539.4,0.000,0.0,0.000,0.0,0.431,504.8,0.363,118.0,9.63,26.45,0.00,0.00,21.80
2026-08-23T22:27:31Z,4.631,11524.0,0.000,0.0,0.000,0.0,0.431,504.8,0.358,117.9,9.72,18.40,0.00,0.00,21.80
2026-08-23T22:27:32Z,4.716,11543.4,0.000,0.0,0.000,0.0,0.448,504.8,0.360,118.0,9.64,20.51,0.00,0.00,22.30
2026-08-23T22:27:33Z,3.887,11530.4,0.000,0.0,0.000,0.0,0.431,505.0,0.359,117.9,10.49,24.76,0.00,0.00,22.30
2026-08-23T22:27:34Z,3.437,11518.3,0.000,0.0,0.000,0.0,0.446,505.0,0.368,118.0,10.68,26.94,0.00,0.00,22.30
2026-08-23T22:27:35Z,3.508,11541.4,0.000,0.0,0.000,0.0,0.445,504.8,0.362,117.9,10.47,29.60,0.00,0.00,22.30
2026-08-23T22:27:36Z,4.161,11511.8,0.000,0.0,0.000,0.0,0.437,504.8,0.366,117.9,10.35,26.61,0.00,0.00,22.30
2026-08-23T22:27:37Z,4.517,11519.5,0.000,0.0,0.000,0.0,0.456,504.7,0.381,117.9,9.74,22.66,0.00,0.00,22.11
2026-08-23T22:27:38Z,3.493,11510.0,0.000,0.0,0.000,0.0,0.433,504.6,0.356,117.9,10.32,28.69,0.00,0.00,22.11
2026-08-23T22:27:39Z,3.470,11533.3,0.000,0.0,0.000,0.0,0.439,504.9,0.360,117.9,10.65,37.58,0.00,0.00,22.11
2026-08-23T22:27:41Z,3.472,11523.5,0.000,0.0,0.000,0.0,0.441,504.8,0.365,117.8,9.89,29.88,0.00,0.00,22.11
2026-08-23T22:27:42Z,3.461,11515.2,0.000,0.0,0.000,0.0,0.436,504.9,0.362,117.9,10.94,32.28,0.00,0.00,22.11
2026-08-23T22:27:43Z,3.504,11508.0,0.000,0.0,0.000,0.0,0.448,504.9,0.368,117.9,10.89,29.72,0.00,0.00,21.14
2026-08-23T22:27:44Z,3.442,11532.9,0.000,0.0,0.000,0.0,0.426,504.6,0.355,117.8,11.28,39.70,0.00,0.00,21.14
2026-08-23T22:27:45Z,3.517,11524.8,0.000,0.0,0.000,0.0,0.444,504.6,0.366,117.8,11.17,30.82,0.00,0.00,21.14
2026-08-23T22:27:46Z,3.986,11509.2,0.000,0.0,0.000,0.0,0.438,504.6,0.360,118.1,10.71,30.69,0.00,0.00,21.14
2026-08-23T22:27:47Z,5.185,11487.7,0.000,0.0,0.000,0.0,0.441,504.7,0.363,117.9,15.85,27.99,0.00,0.00,21.53
2026-08-23T22:27:48Z,4.498,11500.7,0.000,0.0,0.000,0.0,0.468,505.1,0.392,118.1,21.23,31.34,0.00,0.00,21.53
2026-08-23T22:27:49Z,4.303,11513.7,0.000,0.0,0.000,0.0,0.444,504.6,0.372,117.9,24.84,37.81,0.00,0.00,21.53
2026-08-23T22:27:50Z,4.253,11500.7,0.000,0.0,0.000,0.0,0.460,505.1,0.379,117.8,26.69,47.96,0.00,0.00,21.53
2026-08-23T22:27:51Z,4.369,11515.0,0.000,0.0,0.000,0.0,0.453,504.6,0.376,117.9,23.15,37.58,0.00,0.00,21.53
2026-08-23T22:27:52Z,4.509,11497.5,0.000,0.0,0.000,0.0,0.449,504.9,0.379,117.9,22.84,36.89,0.00,0.00,21.01
2026-08-23T22:27:54Z,4.268,11516.5,0.000,0.0,0.000,0.0,0.456,504.6,0.368,117.9,27.78,37.54,0.00,0.00,21.01
2026-08-23T22:27:55Z,4.233,11500.7,0.000,0.0,0.000,0.0,0.456,504.6,0.372,117.8,25.49,35.49,0.00,0.00,21.01
2026-08-23T22:27:56Z,4.307,11494.4,0.000,0.0,0.000,0.0,0.440,504.9,0.363,117.9,31.46,33.48,0.00,0.00,21.01
2026-08-23T22:27:57Z,5.171,11500.7,0.000,0.0,0.000,0.0,0.447,504.6,0.368,117.9,20.72,25.34,0.00,0.00,21.97
2026-08-23T22:27:58Z,4.412,11510.1,0.000,0.0,0.000,0.0,0.449,504.8,0.369,117.8,26.36,35.67,0.00,0.00,21.97
2026-08-23T22:27:59Z,4.571,11435.9,0.000,0.0,0.000,0.0,0.449,504.6,0.375,117.8,27.19,35.14,0.00,0.00,21.97
2026-08-23T22:28:00Z,5.307,11448.7,0.000,0.0,0.000,0.0,0.439,504.6,0.364,117.8,20.25,37.38,0.00,0.00,21.97
2026-08-23T22:28:01Z,5.173,11490.0,0.000,0.0,0.000,0.0,0.439,504.7,0.348,118.0,22.24,24.28,0.00,0.00,21.97
2026-08-23T22:28:02Z,5.223,11499.5,0.000,0.0,0.000,0.0,0.446,505.1,0.369,118.1,19.87,25.50,0.00,0.00,22.77
2026-08-23T22:28:03Z,5.189,11509.5,0.000,0.0,0.000,0.0,0.488,504.9,0.392,118.1,20.91,25.54,0.00,0.00,22.77
2026-08-23T22:28:05Z,4.432,11495.3,0.000,0.0,0.000,0.0,0.476,504.8,0.394,118.0,26.17,30.98,0.00,0.00,22.77
2026-08-23T22:28:06Z,4.427,11481.4,0.000,0.0,0.000,0.0,0.455,504.8,0.390,118.0,25.46,29.58,0.00,0.00,22.77
2026-08-23T22:28:07Z,5.043,11469.5,0.000,0.0,0.000,0.0,0.458,504.9,0.375,118.1,19.70,23.73,0.00,0.00,22.77
2026-08-23T22:28:08Z,4.853,11472.8,0.000,0.0,0.000,0.0,0.480,505.0,0.396,118.0,23.58,30.46,0.00,0.00,23.91
2026-08-23T22:28:09Z,5.025,11481.4,0.000,0.0,0.000,0.0,0.453,504.7,0.374,118.3,16.35,29.82,0.00,0.00,23.91
2026-08-23T22:28:10Z,5.475,11478.6,0.000,0.0,0.000,0.0,0.453,504.8,0.372,118.0,10.97,24.51,0.00,0.00,23.91
2026-08-23T22:28:11Z,4.771,11484.2,0.000,0.0,0.000,0.0,0.457,504.7,0.372,118.4,23.59,27.49,0.00,0.00,23.91
2026-08-23T22:28:12Z,4.411,11467.9,0.000,0.0,0.000,0.0,0.455,505.0,0.382,118.2,28.42,30.22,0.00,0.00,22.96
2026-08-23T22:28:13Z,4.399,11487.3,0.000,0.0,0.000,0.0,0.451,504.7,0.364,117.9,30.37,31.02,0.00,0.00,22.96
2026-08-23T22:28:14Z,4.331,11473.3,0.000,0.0,0.000,0.0,0.441,505.0,0.375,118.0,27.72,42.57,0.00,0.00,22.96
2026-08-23T22:28:16Z,4.407,11490.3,0.000,0.0,0.000,0.0,0.457,505.0,0.364,117.9,29.91,27.77,0.00,0.00,22.96
2026-08-23T22:28:17Z,5.213,11475.7,0.000,0.0,0.000,0.0,0.440,504.9,0.356,118.0,23.08,17.09,0.00,0.00,22.96
2026-08-23T22:28:18Z,4.906,11470.6,0.000,0.0,0.000,0.0,0.462,504.6,0.369,117.9,25.63,19.66,0.00,0.00,23.68
2026-08-23T22:28:19Z,4.490,11482.6,0.000,0.0,0.000,0.0,0.462,504.9,0.368,117.9,31.48,23.65,0.00,0.00,23.68
2026-08-23T22:28:20Z,4.374,11466.4,0.000,0.0,0.000,0.0,0.445,504.6,0.371,117.8,32.79,24.60,0.00,0.00,23.68
2026-08-23T22:28:21Z,4.429,11477.9,0.000,0.0,0.000,0.0,0.460,504.9,0.372,117.9,29.73,29.84,0.00,0.00,23.68
2026-08-23T22:28:22Z,4.511,11488.8,0.000,0.0,0.000,0.0,0.442,504.6,0.367,117.9,30.55,22.63,0.00,0.00,23.63
2026-08-23T22:28:23Z,4.485,11470.5,0.000,0.0,0.000,0.0,0.446,504.6,0.368,118.1,30.67,23.98,0.00,0.00,23.63
2026-08-23T22:28:24Z,4.517,11486.3,0.000,0.0,0.000,0.0,0.456,504.6,0.378,117.8,30.65,26.67,0.00,0.00,23.63
2026-08-23T22:28:25Z,4.435,11471.9,0.000,0.0,0.000,0.0,0.446,504.7,0.372,118.0,31.07,27.85,0.00,0.00,23.63
2026-08-23T22:28:27Z,5.310,11460.7,0.000,0.0,0.000,0.0,0.446,504.7,0.359,117.9,21.34,21.12,0.00,0.00,23.63
2026-08-23T22:28:28Z,5.294,11451.4,0.000,0.0,0.000,0.0,0.448,504.8,0.368,118.0,22.20,18.93,0.00,0.00,23.82
2026-08-23T22:28:29Z,5.113,11458.4,0.000,0.0,0.000,0.0,0.472,504.7,0.402,117.9,23.16,20.34,0.00,0.00,23.82
2026-08-23T22:28:30Z,4.956,11468.2,0.000,0.0,0.000,0.0,0.455,504.7,0.367,117.9,28.14,21.53,0.00,0.00,23.82
2026-08-23T22:28:31Z,4.808,11446.3,0.000,0.0,0.000,0.0,0.454,505.0,0.372,117.9,27.38,27.75,0.00,0.00,23.82
2026-08-23T22:28:32Z,4.957,11447.5,0.000,0.0,0.000,0.0,0.444,505.0,0.367,117.9,21.39,19.61,0.00,0.00,23.99
2026-08-23T22:28:33Z,4.593,11452.3,0.000,0.0,0.000,0.0,0.448,504.9,0.380,117.9,22.37,20.44,0.00,0.00,23.99
2026-08-23T22:28:34Z,4.254,11464.3,0.000,0.0,0.000,0.0,0.461,505.0,0.374,117.9,29.20,22.09,0.00,0.00,23.99
2026-08-23T22:28:35Z,4.405,11475.1,0.000,0.0,0.000,0.0,0.451,504.7,0.372,117.8,29.64,20.02,0.00,0.00,23.99
2026-08-23T22:28:36Z,5.081,11459.5,0.000,0.0,0.000,0.0,0.443,504.8,0.366,118.0,23.74,16.66,0.00,0.00,23.99
2026-08-23T22:28:38Z,4.902,11453.6,0.000,0.0,0.000,0.0,0.463,504.7,0.391,117.9,24.10,16.66,0.00,0.00,24.87
2026-08-23T22:28:39Z,4.437,11467.6,0.000,0.0,0.000,0.0,0.464,504.7,0.374,118.0,29.72,23.85,0.00,0.00,24.87
2026-08-23T22:28:40Z,4.351,11484.2,0.000,0.0,0.000,0.0,0.456,504.8,0.370,117.9,30.85,27.01,0.00,0.00,24.87
2026-08-23T22:28:41Z,4.367,11477.9,0.000,0.0,0.000,0.0,0.451,505.1,0.369,117.9,22.61,23.30,0.00,0.00,24.87
2026-08-23T22:28:42Z,4.124,11446.5,0.000,0.0,0.000,0.0,0.452,504.8,0.372,117.8,8.72,27.42,0.00,0.00,23.68
2026-08-23T22:28:43Z,3.470,11465.1,0.000,0.0,0.000,0.0,0.453,504.6,0.367,117.9,9.72,24.26,0.00,0.00,23.68
2026-08-23T22:28:44Z,3.515,11486.0,0.000,0.0,0.000,0.0,0.446,504.9,0.358,117.9,9.57,27.80,0.00,0.00,23.68
2026-08-23T22:28:45Z,3.492,11476.4,0.000,0.0,0.000,0.0,0.443,504.6,0.365,117.8,9.51,39.78,0.00,0.00,23.68
2026-08-23T22:28:46Z,4.200,11480.7,0.000,0.0,0.000,0.0,0.444,504.7,0.366,117.9,9.36,26.69,0.00,0.00,23.68
2026-08-23T22:28:47Z,4.686,11462.2,0.000,0.0,0.000,0.0,0.457,504.9,0.375,117.9,9.72,25.93,0.00,0.00,24.67
2026-08-23T22:28:48Z,3.611,11491.9,0.000,0.0,0.000,0.0,0.448,504.6,0.363,118.1,10.14,32.73,0.00,0.00,24.67
2026-08-23T22:28:50Z,3.485,11486.7,0.000,0.0,0.000,0.0,0.445,504.6,0.360,118.1,8.64,33.54,0.00,0.00,24.67
2026-08-23T22:28:51Z,3.505,11480.6,0.000,0.0,0.000,0.0,0.447,504.6,0.363,118.1,8.66,34.43,0.00,0.00,24.67
2026-08-23T22:28:52Z,3.605,11476.1,0.000,0.0,0.000,0.0,0.450,504.8,0.364,117.8,10.35,39.13,0.00,0.00,24.67
2026-08-23T22:28:53Z,3.634,11472.3,0.000,0.0,0.000,0.0,0.434,504.6,0.360,117.9,10.78,31.76,0.00,0.00,24.70
2026-08-23T22:28:54Z,3.569,11469.5,0.000,0.0,0.000,0.0,0.446,504.6,0.362,117.8,11.32,33.89,0.00,0.00,24.70
2026-08-23T22:28:55Z,3.567,11467.4,0.000,0.0,0.000,0.0,0.449,504.9,0.369,117.8,11.16,33.71,0.00,0.00,24.70
2026-08-23T22:28:56Z,4.030,11477.0,0.000,0.0,0.000,0.0,0.443,504.6,0.362,117.9,10.86,31.74,0.00,0.00,24.70
2026-08-23T22:28:57Z,4.528,11474.3,0.000,0.0,0.000,0.0,0.441,504.9,0.374,117.9,10.66,29.40,0.00,0.00,24.96
2026-08-23T22:28:58Z,3.618,11490.5,0.000,0.0,0.000,0.0,0.452,504.7,0.362,117.9,11.31,35.19,0.00,0.00,24.96
2026-08-23T22:28:59Z,3.595,11487.2,0.000,0.0,0.000,0.0,0.443,504.9,0.364,117.9,11.44,34.77,0.00,0.00,24.96
2026-08-23T22:29:00Z,3.558,11484.7,0.000,0.0,0.000,0.0,0.454,504.7,0.372,117.9,11.11,33.92,0.00,0.00,24.96
2026-08-23T22:29:02Z,3.765,11481.7,0.000,0.0,0.000,0.0,0.449,504.7,0.372,117.9,10.77,40.28,0.00,0.00,24.96
2026-08-23T22:29:03Z,3.656,11477.6,0.000,0.0,0.000,0.0,0.447,504.7,0.364,118.2,11.35,32.09,0.00,0.00,23.76
2026-08-23T22:29:04Z,3.508,11474.6,0.000,0.0,0.000,0.0,0.441,504.6,0.364,117.9,11.42,34.74,0.00,0.00,23.76
2026-08-23T22:29:05Z,3.519,11471.3,0.000,0.0,0.000,0.0,0.444,504.7,0.365,117.9,11.89,34.29,0.00,0.00,23.76
2026-08-23T22:29:06Z,3.710,11473.6,0.000,0.0,0.000,0.0,0.448,504.6,0.372,118.3,10.62,28.53,0.00,0.00,23.76
2026-08-23T22:29:07Z,4.921,11458.9,0.000,0.0,0.000,0.0,0.455,504.6,0.370,117.9,9.55,24.32,0.00,0.00,23.70
2026-08-23T22:29:08Z,3.717,11456.6,0.000,0.0,0.000,0.0,0.464,504.8,0.376,117.8,11.58,32.77,0.00,0.00,23.70
2026-08-23T22:29:09Z,3.434,11452.6,0.000,0.0,0.000,0.0,0.432,504.6,0.360,118.1,10.94,33.70,0.00,0.00,23.70
2026-08-23T22:29:10Z,3.475,11479.6,0.000,0.0,0.000,0.0,0.449,504.6,0.361,117.8,11.76,32.78,0.00,0.00,23.70
2026-08-23T22:29:11Z,3.443,11478.8,0.000,0.0,0.000,0.0,0.439,505.1,0.361,117.8,12.00,34.81,0.00,0.00,23.70
2026-08-23T22:29:12Z,3.438,11476.6,0.000,0.0,0.000,0.0,0.442,504.8,0.364,117.8,11.28,44.17,0.00,0.00,23.08
2026-08-23T22:29:14Z,3.449,11476.7,0.000,0.0,0.000,0.0,0.425,504.6,0.356,117.8,11.11,39.29,0.00,0.00,23.08
2026-08-23T22:29:15Z,3.491,11477.5,0.000,0.0,0.000,0.0,0.445,504.6,0.374,117.8,11.76,39.50,0.00,0.00,23.08
2026-08-23T22:29:16Z,3.499,11478.7,0.000,0.0,0.000,0.0,0.429,504.6,0.349,117.9,11.21,55.25,0.00,0.00,23.08
2026-08-23T22:29:17Z,4.793,11436.8,0.000,0.0,0.000,0.0,0.435,504.7,0.360,117.9,10.49,29.78,0.00,0.00,22.44
2026-08-23T22:29:18Z,3.706,11466.2,0.000,0.0,0.000,0.0,0.452,505.1,0.366,117.8,11.16,29.64,0.00,0.00,22.44
2026-08-23T22:29:19Z,3.631,11464.6,0.000,0.0,0.000,0.0,0.443,504.6,0.362,117.8,12.97,33.47,0.00,0.00,22.44
2026-08-23T22:29:20Z,3.435,11460.8,0.000,0.0,0.000,0.0,0.443,504.6,0.360,117.8,12.06,32.14,0.00,0.00,22.44
2026-08-23T22:29:21Z,3.555,11457.8,0.000,0.0,0.000,0.0,0.431,504.6,0.356,117.8,11.88,32.83,0.00,0.00,22.44
2026-08-23T22:29:22Z,3.692,11453.8,0.000,0.0,0.000,0.0,0.443,504.6,0.358,118.3,12.13,32.52,0.00,0.00,21.84
2026-08-23T22:29:23Z,3.516,11449.3,0.000,0.0,0.000,0.0,0.435,504.6,0.360,117.8,11.48,33.72,0.00,0.00,21.84
2026-08-23T22:29:24Z,3.537,11446.8,0.000,0.0,0.000,0.0,0.442,504.9,0.365,117.8,11.89,34.98,0.00,0.00,21.84
2026-08-23T22:29:26Z,3.569,11444.0,0.000,0.0,0.000,0.0,0.436,504.8,0.362,117.8,11.88,34.73,0.00,0.00,21.84
2026-08-23T22:29:27Z,4.968,11439.8,0.000,0.0,0.000,0.0,0.430,504.6,0.360,117.9,21.66,28.67,0.00,0.00,21.84
2026-08-23T22:29:28Z,5.150,11448.9,0.000,0.0,0.000,0.0,0.457,504.7,0.376,117.9,10.05,30.90,0.00,0.00,21.21
2026-08-23T22:29:29Z,4.515,11446.5,0.000,0.0,0.000,0.0,0.442,504.9,0.365,117.9,10.45,29.61,0.00,0.00,21.21
2026-08-23T22:29:30Z,4.403,11442.4,0.000,0.0,0.000,0.0,0.448,504.6,0.373,117.8,10.42,31.86,0.00,0.00,21.21
2026-08-23T22:29:31Z,3.854,11438.9,0.000,0.0,0.000,0.0,0.445,504.6,0.363,117.8,11.05,33.36,0.00,0.00,21.21
2026-08-23T22:29:32Z,3.791,11435.4,0.000,0.0,0.000,0.0,0.446,504.6,0.367,117.8,10.58,31.97,0.00,0.00,20.72
2026-08-23T22:29:33Z,3.468,11432.8,0.000,0.0,0.000,0.0,0.431,504.6,0.357,117.8,11.60,34.51,0.00,0.00,20.72
2026-08-23T22:29:34Z,3.562,11459.2,0.000,0.0,0.000,0.0,0.460,504.8,0.377,117.8,11.26,31.66,0.00,0.00,20.72
2026-08-23T22:29:35Z,3.473,11449.4,0.000,0.0,0.000,0.0,0.443,504.9,0.365,117.8,11.23,25.52,0.00,0.00,20.72
2026-08-23T22:29:36Z,4.583,11455.9,0.000,0.0,0.000,0.0,0.449,504.6,0.365,117.9,10.96,22.79,0.00,0.00,20.72
2026-08-23T22:29:38Z,4.093,11431.1,0.000,0.0,0.000,0.0,0.455,504.6,0.368,117.8,10.82,28.12,0.00,0.00,20.90
2026-08-23T22:29:39Z,3.446,11454.5,0.000,0.0,0.000,0.0,0.449,504.6,0.361,117.9,11.36,25.59,0.00,0.00,20.90
2026-08-23T22:29:40Z,3.403,11445.4,0.000,0.0,0.000,0.0,0.429,504.6,0.355,118.1,10.72,27.15,0.00,0.00,20.90
2026-08-23T22:29:41Z,3.423,11438.0,0.000,0.0,0.000,0.0,0.440,504.6,0.359,117.8,10.01,28.03,0.00,0.00,20.90
2026-08-23T22:29:42Z,4.449,11430.9,0.000,0.0,0.000,0.0,0.449,505.1,0.364,117.8,19.81,32.19,0.00,0.00,20.75
2026-08-23T22:29:43Z,4.326,11432.2,0.000,0.0,0.000,0.0,0.455,504.8,0.370,117.9,25.51,36.33,0.00,0.00,20.75
2026-08-23T22:29:44Z,4.252,11435.2,0.000,0.0,0.000,0.0,0.441,504.6,0.365,117.8,27.96,36.60,0.00,0.00,20.75
2026-08-23T22:29:45Z,4.215,11433.2,0.000,0.0,0.000,0.0,0.456,504.6,0.375,117.8,25.72,37.45,0.00,0.00,20.75
2026-08-23T22:29:46Z,4.811,11426.0,0.000,0.0,0.000,0.0,0.444,504.6,0.366,117.9,23.99,33.42,0.00,0.00,20.75
2026-08-23T22:29:47Z,4.905,11407.9,0.000,0.0,0.000,0.0,0.459,504.7,0.371,118.0,21.05,51.84,0.00,0.00,20.69
2026-08-23T22:29:49Z,4.230,11409.4,0.000,0.0,0.000,0.0,0.445,504.7,0.368,118.2,31.17,35.79,0.00,0.00,20.69
2026-08-23T22:29:50Z,4.179,11409.3,0.000,0.0,0.000,0.0,0.455,504.7,0.380,118.2,30.85,37.31,0.00,0.00,20.69
2026-08-23T22:29:51Z,4.141,11414.1,0.000,0.0,0.000,0.0,0.450,504.9,0.364,117.9,30.40,32.69,0.00,0.00,20.69
2026-08-23T22:29:52Z,4.233,11420.4,0.000,0.0,0.000,0.0,0.454,505.0,0.372,118.0,28.94,35.52,0.00,0.00,21.67
2026-08-23T22:29:53Z,4.352,11426.9,0.000,0.0,0.000,0.0,0.447,504.9,0.375,117.9,30.33,34.98,0.00,0.00,21.67
2026-08-23T22:29:54Z,4.329,11393.8,0.000,0.0,0.000,0.0,0.467,505.0,0.385,118.3,30.86,35.36,0.00,0.00,21.67
2026-08-23T22:29:55Z,4.276,11423.8,0.000,0.0,0.000,0.0,0.458,504.7,0.374,117.9,32.79,35.73,0.00,0.00,21.67
2026-08-23T22:29:56Z,4.836,11399.4,0.000,0.0,0.000,0.0,0.447,505.0,0.374,118.0,27.63,32.16,0.00,0.00,21.67
2026-08-23T22:29:57Z,4.801,11410.3,0.000,0.0,0.000,0.0,0.472,504.6,0.393,117.9,27.89,29.25,0.00,0.00,22.58
2026-08-23T22:29:58Z,4.250,11411.1,0.000,0.0,0.000,0.0,0.455,504.6,0.378,117.9,33.16,42.81,0.00,0.00,22.58
2026-08-23T22:30:00Z,4.197,11405.0,0.000,0.0,0.000,0.0,0.457,504.8,0.376,117.9,33.10,26.91,0.00,0.00,22.58
2026-08-23T22:30:01Z,4.175,11422.6,0.000,0.0,0.000,0.0,0.452,504.6,0.379,117.9,34.51,25.20,0.00,0.00,22.58
2026-08-23T22:30:02Z,4.404,11412.1,0.000,0.0,0.000,0.0,0.473,504.6,0.391,117.9,32.91,22.41,0.00,0.00,22.58
2026-08-23T22:30:03Z,4.264,11404.4,0.000,0.0,0.000,0.0,0.466,504.9,0.381,117.9,35.91,22.70,0.00,0.00,23.17
2026-08-23T22:30:04Z,4.110,11397.9,0.000,0.0,0.000,0.0,0.450,504.6,0.371,117.8,38.26,23.75,0.00,0.00,23.17
2026-08-23T22:30:05Z,4.082,11422.1,0.000,0.0,0.000,0.0,0.464,504.6,0.381,117.8,39.83,23.16,0.00,0.00,23.17
2026-08-23T22:30:06Z,4.562,11415.1,0.000,0.0,0.000,0.0,0.445,504.9,0.357,117.9,34.01,19.80,0.00,0.00,23.17
2026-08-23T22:30:07Z,4.904,11393.7,0.000,0.0,0.000,0.0,0.457,504.6,0.383,117.9,27.53,17.87,0.00,0.00,24.12
2026-08-23T22:30:08Z,4.557,11401.0,0.000,0.0,0.000,0.0,0.454,505.1,0.365,117.9,21.40,29.08,0.00,0.00,24.12
2026-08-23T22:30:09Z,4.551,11406.3,0.000,0.0,0.000,0.0,0.443,504.6,0.370,117.9,23.95,22.61,0.00,0.00,24.12
2026-08-23T22:30:11Z,4.122,11415.0,0.000,0.0,0.000,0.0,0.456,504.9,0.376,117.9,34.18,21.62,0.00,0.00,24.12
2026-08-23T22:30:12Z,4.036,11400.3,0.000,0.0,0.000,0.0,0.453,504.6,0.367,117.9,38.71,23.69,0.00,0.00,24.12
2026-08-23T22:30:13Z,4.090,11411.4,0.000,0.0,0.000,0.0,0.448,505.1,0.371,117.8,38.13,24.48,0.00,0.00,24.19
2026-08-23T22:30:14Z,4.067,11401.5,0.000,0.0,0.000,0.0,0.451,504.6,0.371,117.9,37.36,24.37,0.00,0.00,24.19
2026-08-23T22:30:15Z,4.162,11410.9,0.000,0.0,0.000,0.0,0.457,504.9,0.379,117.8,36.18,22.90,0.00,0.00,24.19
2026-08-23T22:30:16Z,4.427,11406.6,0.000,0.0,0.000,0.0,0.446,505.2,0.372,118.0,33.08,19.96,0.00,0.00,24.19
2026-08-23T22:30:17Z,5.058,11407.3,0.000,0.0,0.000,0.0,0.465,504.6,0.376,117.9,25.84,22.49,0.00,0.00,24.02
2026-08-23T22:30:18Z,4.089,11395.8,0.000,0.0,0.000,0.0,0.452,504.6,0.377,117.9,35.83,41.96,0.00,0.00,24.02
2026-08-23T22:30:19Z,4.269,11396.1,0.000,0.0,0.000,0.0,0.454,504.9,0.368,117.9,44.44,24.22,0.00,0.00,24.02
2026-08-23T22:30:20Z,4.227,11388.2,0.000,0.0,0.000,0.0,0.457,504.6,0.377,117.9,38.50,24.90,0.00,0.00,24.02
2026-08-23T22:30:21Z,4.273,11406.5,0.000,0.0,0.000,0.0,0.447,504.9,0.367,117.9,35.33,25.25,0.00,0.00,24.02
2026-08-23T22:30:23Z,4.303,11393.5,0.000,0.0,0.000,0.0,0.450,504.6,0.368,117.9,34.33,25.83,0.00,0.00,24.66
2026-08-23T22:30:24Z,4.090,11390.7,0.000,0.0,0.000,0.0,0.446,505.1,0.368,117.9,43.35,26.17,0.00,0.00,24.66
2026-08-23T22:30:25Z,4.419,11382.3,0.000,0.0,0.000,0.0,0.439,504.6,0.368,117.9,37.57,23.83,0.00,0.00,24.66
2026-08-23T22:30:26Z,4.818,11373.9,0.000,0.0,0.000,0.0,0.436,504.9,0.368,117.9,33.35,18.97,0.00,0.00,24.66
2026-08-23T22:30:27Z,5.309,11386.4,0.000,0.0,0.000,0.0,0.449,505.0,0.371,118.0,27.20,16.54,0.00,0.00,25.16
2026-08-23T22:30:28Z,5.181,11386.3,0.000,0.0,0.000,0.0,0.459,504.8,0.376,118.0,25.75,18.47,0.00,0.00,25.16
2026-08-23T22:30:29Z,4.828,11373.2,0.000,0.0,0.000,0.0,0.471,504.7,0.373,118.2,30.69,27.40,0.00,0.00,25.16
2026-08-23T22:30:30Z,4.711,11367.9,0.000,0.0,0.000,0.0,0.449,504.7,0.370,118.0,13.04,23.42,0.00,0.00,25.16
2026-08-23T22:30:31Z,3.929,11391.4,0.000,0.0,0.000,0.0,0.434,505.2,0.358,117.9,11.20,27.05,0.00,0.00,25.16
2026-08-23T22:30:32Z,3.767,11385.4,0.000,0.0,0.000,0.0,0.455,504.7,0.371,118.0,11.02,26.46,0.00,0.00,25.07
2026-08-23T22:30:34Z,3.564,11375.8,0.000,0.0,0.000,0.0,0.445,504.7,0.363,117.9,10.62,28.84,0.00,0.00,25.07
2026-08-23T22:30:35Z,3.475,11397.3,0.000,0.0,0.000,0.0,0.444,504.7,0.368,118.0,11.55,28.13,0.00,0.00,25.07
2026-08-23T22:30:36Z,3.516,11391.8,0.000,0.0,0.000,0.0,0.439,504.7,0.367,117.9,10.84,29.42,0.00,0.00,25.07
2026-08-23T22:30:37Z,4.763,11395.7,0.000,0.0,0.000,0.0,0.437,505.3,0.368,117.9,9.97,22.70,0.00,0.00,25.07
2026-08-23T22:30:38Z,4.215,11376.0,0.000,0.0,0.000,0.0,0.456,504.9,0.377,117.9,10.69,35.18,0.00,0.00,25.95
2026-08-23T22:30:39Z,3.447,11400.6,0.000,0.0,0.000,0.0,0.441,504.6,0.355,117.9,10.85,41.29,0.00,0.00,25.95
2026-08-23T22:30:40Z,3.450,11393.7,0.000,0.0,0.000,0.0,0.447,504.9,0.366,118.1,11.39,28.83,0.00,0.00,25.95
2026-08-23T22:30:41Z,3.514,11386.3,0.000,0.0,0.000,0.0,0.443,504.8,0.365,117.8,11.15,29.32,0.00,0.00,25.95
2026-08-23T22:30:42Z,3.943,11355.8,0.000,0.0,0.000,0.0,0.450,504.6,0.367,117.9,16.14,26.42,0.00,0.00,26.35
2026-08-23T22:30:43Z,4.334,11364.6,0.000,0.0,0.000,0.0,0.447,505.1,0.362,117.8,27.37,24.26,0.00,0.00,26.35
2026-08-23T22:30:44Z,4.289,11378.1,0.000,0.0,0.000,0.0,0.459,504.6,0.376,117.9,30.56,25.13,0.00,0.00,26.35
2026-08-23T22:30:46Z,4.263,11364.2,0.000,0.0,0.000,0.0,0.457,504.9,0.377,117.8,33.21,27.21,0.00,0.00,26.35
2026-08-23T22:30:47Z,5.037,11356.6,0.000,0.0,0.000,0.0,0.446,505.2,0.364,118.0,24.35,20.69,0.00,0.00,26.35
2026-08-23T22:30:48Z,4.674,11350.3,0.000,0.0,0.000,0.0,0.448,504.8,0.378,117.8,25.87,23.27,0.00,0.00,26.88
2026-08-23T22:30:49Z,4.200,11367.2,0.000,0.0,0.000,0.0,0.468,504.9,0.384,117.9,31.43,51.53,0.00,0.00,26.88
2026-08-23T22:30:50Z,4.258,11358.2,0.000,0.0,0.000,0.0,0.441,504.6,0.372,117.9,33.21,26.33,0.00,0.00,26.88
2026-08-23T22:30:51Z,4.213,11352.2,0.000,0.0,0.000,0.0,0.460,504.9,0.376,117.9,36.98,27.05,0.00,0.00,26.88
2026-08-23T22:30:52Z,4.459,11369.2,0.000,0.0,0.000,0.0,0.444,504.6,0.369,117.9,31.71,27.72,0.00,0.00,27.61
2026-08-23T22:30:53Z,4.596,11358.7,0.000,0.0,0.000,0.0,0.455,504.9,0.378,117.9,30.35,23.93,0.00,0.00,27.61
2026-08-23T22:30:54Z,4.375,11348.4,0.000,0.0,0.000,0.0,0.452,504.6,0.366,117.9,31.98,25.12,0.00,0.00,27.61
2026-08-23T22:30:55Z,4.212,11348.7,0.000,0.0,0.000,0.0,0.459,504.6,0.378,117.9,35.96,32.48,0.00,0.00,27.61
2026-08-23T22:30:57Z,5.134,11336.0,0.000,0.0,0.000,0.0,0.426,504.7,0.357,118.0,28.57,21.23,0.00,0.00,27.61
2026-08-23T22:30:58Z,4.457,11364.5,0.000,0.0,0.000,0.0,0.454,504.6,0.377,117.9,33.61,28.91,0.00,0.00,27.56
2026-08-23T22:30:59Z,4.331,11365.7,0.000,0.0,0.000,0.0,0.447,504.9,0.368,118.1,35.83,31.28,0.00,0.00,27.56
2026-08-23T22:31:00Z,4.481,11363.3,0.000,0.0,0.000,0.0,0.453,504.6,0.373,117.8,32.48,37.09,0.00,0.00,27.56
2026-08-23T22:31:01Z,4.603,11363.0,0.000,0.0,0.000,0.0,0.450,504.6,0.368,117.8,34.38,32.95,0.00,0.00,27.56
2026-08-23T22:31:02Z,4.677,11358.4,0.000,0.0,0.000,0.0,0.466,504.6,0.383,117.9,32.24,29.74,0.00,0.00,28.24
2026-08-23T22:31:03Z,4.515,11362.8,0.000,0.0,0.000,0.0,0.445,504.6,0.370,118.1,35.58,36.60,0.00,0.00,28.24
2026-08-23T22:31:04Z,4.200,11352.1,0.000,0.0,0.000,0.0,0.468,504.6,0.380,117.8,38.30,49.57,0.00,0.00,28.24
2026-08-23T22:31:05Z,4.166,11342.1,0.000,0.0,0.000,0.0,0.443,504.8,0.375,117.9,37.71,49.21,0.00,0.00,28.24
2026-08-23T22:31:07Z,5.035,11356.1,0.000,0.0,0.000,0.0,0.448,504.9,0.371,117.9,26.09,38.10,0.00,0.00,28.24
2026-08-23T22:31:08Z,4.635,11346.7,0.000,0.0,0.000,0.0,0.487,504.6,0.396,117.9,28.35,42.21,0.00,0.00,28.30
2026-08-23T22:31:09Z,4.302,11350.5,0.000,0.0,0.000,0.0,0.454,504.8,0.368,117.8,35.17,35.78,0.00,0.00,28.30
2026-08-23T22:31:10Z,4.363,11363.3,0.000,0.0,0.000,0.0,0.456,504.6,0.371,117.9,24.74,37.68,0.00,0.00,28.30
2026-08-23T22:31:11Z,4.642,11344.2,0.000,0.0,0.000,0.0,0.462,504.6,0.366,117.9,26.89,26.58,0.00,0.00,28.30
2026-08-23T22:31:12Z,4.051,11342.8,0.000,0.0,0.000,0.0,0.461,504.6,0.370,117.9,39.66,33.92,0.00,0.00,27.96
2026-08-23T22:31:13Z,4.154,11338.7,0.000,0.0,0.000,0.0,0.468,504.6,0.380,117.8,38.02,34.11,0.00,0.00,27.96
2026-08-23T22:31:14Z,4.123,11365.0,0.000,0.0,0.000,0.0,0.456,504.9,0.374,117.9,38.66,27.94,0.00,0.00,27.96
2026-08-23T22:31:15Z,4.105,11359.4,0.000,0.0,0.000,0.0,0.469,504.6,0.380,117.9,33.76,25.91,0.00,0.00,27.96
2026-08-23T22:31:16Z,4.933,11360.7,0.000,0.0,0.000,0.0,0.447,504.7,0.358,117.9,31.79,21.18,0.00,0.00,27.96
2026-08-23T22:31:17Z,4.703,11337.0,0.000,0.0,0.000,0.0,0.462,504.6,0.382,118.1,32.30,22.30,0.00,0.00,27.80
2026-08-23T22:31:19Z,4.073,11335.9,0.000,0.0,0.000,0.0,0.427,504.6,0.356,117.9,38.43,45.08,0.00,0.00,27.80
2026-08-23T22:31:20Z,4.048,11334.0,0.000,0.0,0.000,0.0,0.451,504.9,0.383,117.9,41.05,36.22,0.00,0.00,27.80
2026-08-23T22:31:21Z,4.243,11332.8,0.000,0.0,0.000,0.0,0.445,504.6,0.374,117.9,38.30,28.99,0.00,0.00,27.80
2026-08-23T22:31:22Z,4.327,11328.9,0.000,0.0,0.000,0.0,0.453,504.6,0.378,118.1,36.04,31.79,0.00,0.00,27.90
2026-08-23T22:31:23Z,4.278,11331.9,0.000,0.0,0.000,0.0,0.437,504.6,0.365,117.9,38.64,32.14,0.00,0.00,27.90
2026-08-23T22:31:24Z,4.116,11333.1,0.000,0.0,0.000,0.0,0.463,504.6,0.372,117.9,41.78,30.45,0.00,0.00,27.90
2026-08-23T22:31:25Z,4.499,11333.6,0.000,0.0,0.000,0.0,0.457,504.6,0.370,117.8,39.05,27.71,0.00,0.00,27.90
2026-08-23T22:31:26Z,4.993,11332.1,0.000,0.0,0.000,0.0,0.458,504.7,0.378,117.9,30.76,23.24,0.00,0.00,27.90
2026-08-23T22:31:27Z,5.411,11334.9,0.000,0.0,0.000,0.0,0.450,504.7,0.360,118.2,24.10,21.97,0.00,0.00,27.74
2026-08-23T22:31:28Z,5.019,11331.6,0.000,0.0,0.000,0.0,0.458,504.6,0.387,117.9,30.00,28.18,0.00,0.00,27.74
2026-08-23T22:31:30Z,4.830,11324.8,0.000,0.0,0.000,0.0,0.451,504.9,0.369,118.2,33.11,26.85,0.00,0.00,27.74
2026-08-23T22:31:31Z,4.983,11319.7,0.000,0.0,0.000,0.0,0.452,504.9,0.375,117.9,31.71,32.82,0.00,0.00,27.74
2026-08-23T22:31:32Z,5.099,11295.0,0.000,0.0,0.000,0.0,0.444,504.6,0.361,117.9,18.44,19.67,0.00,0.00,27.74
2026-08-23T22:31:33Z,4.592,11337.7,0.000,0.0,0.000,0.0,0.459,504.6,0.372,117.9,25.42,31.07,0.00,0.00,28.73
2026-08-23T22:31:34Z,4.253,11331.3,0.000,0.0,0.000,0.0,0.453,504.8,0.367,117.9,31.36,34.08,0.00,0.00,28.73
2026-08-23T22:31:35Z,4.342,11326.1,0.000,0.0,0.000,0.0,0.455,504.6,0.376,117.9,28.79,37.51,0.00,0.00,28.73
2026-08-23T22:31:36Z,4.486,11328.7,0.000,0.0,0.000,0.0,0.449,504.6,0.372,117.9,26.69,38.75,0.00,0.00,28.73
2026-08-23T22:31:37Z,5.134,11316.3,0.000,0.0,0.000,0.0,0.456,504.6,0.377,117.9,19.99,21.85,0.00,0.00,29.55
2026-08-23T22:31:38Z,4.550,11319.9,0.000,0.0,0.000,0.0,0.440,504.9,0.369,117.9,28.96,29.98,0.00,0.00,29.55
2026-08-23T22:31:40Z,4.191,11314.3,0.000,0.0,0.000,0.0,0.456,505.0,0.370,117.8,31.53,30.78,0.00,0.00,29.55
2026-08-23T22:31:41Z,4.146,11324.8,0.000,0.0,0.000,0.0,0.440,504.6,0.365,117.8,34.62,52.50,0.00,0.00,29.55
2026-08-23T22:31:42Z,4.226,11320.8,0.000,0.0,0.000,0.0,0.442,505.1,0.368,117.8,30.23,33.89,0.00,0.00,29.55
2026-08-23T22:31:43Z,4.159,11317.7,0.000,0.0,0.000,0.0,0.463,504.9,0.379,117.9,33.21,32.35,0.00,0.00,28.70
2026-08-23T22:31:44Z,4.255,11319.2,0.000,0.0,0.000,0.0,0.448,504.8,0.370,117.8,33.06,36.66,0.00,0.00,28.70
2026-08-23T22:31:45Z,4.163,11324.2,0.000,0.0,0.000,0.0,0.451,504.9,0.375,118.1,40.45,31.65,0.00,0.00,28.70
2026-08-23T22:31:46Z,4.528,11335.1,0.000,0.0,0.000,0.0,0.445,504.6,0.368,117.9,35.19,27.88,0.00,0.00,28.70
2026-08-23T22:31:47Z,4.982,11307.3,0.000,0.0,0.000,0.0,0.438,504.8,0.369,117.9,26.41,18.76,0.00,0.00,27.45
2026-08-23T22:31:48Z,4.230,11334.9,0.000,0.0,0.000,0.0,0.461,504.6,0.377,117.8,38.20,28.50,0.00,0.00,27.45
2026-08-23T22:31:49Z,4.043,11306.6,0.000,0.0,0.000,0.0,0.448,504.6,0.372,117.9,38.89,44.55,0.00,0.00,27.45
2026-08-23T22:31:50Z,4.124,11304.4,0.000,0.0,0.000,0.0,0.454,504.6,0.370,117.8,36.54,35.33,0.00,0.00,27.45
2026-08-23T22:31:52Z,4.085,11308.1,0.000,0.0,0.000,0.0,0.452,504.6,0.362,117.8,42.08,31.29,0.00,0.00,27.45
2026-08-23T22:31:53Z,4.252,11311.5,0.000,0.0,0.000,0.0,0.448,504.9,0.371,117.9,39.01,31.36,0.00,0.00,27.25
2026-08-23T22:31:54Z,4.120,11314.2,0.000,0.0,0.000,0.0,0.450,504.6,0.371,117.8,39.38,33.39,0.00,0.00,27.25
2026-08-23T22:31:55Z,4.156,11315.5,0.000,0.0,0.000,0.0,0.454,504.8,0.374,117.8,40.25,34.31,0.00,0.00,27.25
2026-08-23T22:31:56Z,4.440,11319.6,0.000,0.0,0.000,0.0,0.441,504.9,0.361,117.9,36.32,27.63,0.00,0.00,27.25
2026-08-23T22:31:57Z,5.118,11293.2,0.000,0.0,0.000,0.0,0.445,504.9,0.368,117.9,27.79,21.41,0.00,0.00,27.15
2026-08-23T22:31:58Z,4.332,11323.1,0.000,0.0,0.000,0.0,0.462,504.5,0.379,117.8,39.65,27.16,0.00,0.00,27.15
2026-08-23T22:31:59Z,4.178,11298.1,0.000,0.0,0.000,0.0,0.446,504.6,0.372,117.9,41.89,29.82,0.00,0.00,27.15
2026-08-23T22:32:00Z,4.168,11302.6,0.000,0.0,0.000,0.0,0.449,504.6,0.366,117.8,41.39,30.31,0.00,0.00,27.15
2026-08-23T22:32:01Z,4.473,11296.3,0.000,0.0,0.000,0.0,0.469,504.9,0.375,117.9,31.98,35.29,0.00,0.00,27.15
2026-08-23T22:32:03Z,4.653,11296.9,0.000,0.0,0.000,0.0,0.435,504.6,0.359,117.8,16.84,21.05,0.00,0.00,26.82
2026-08-23T22:32:04Z,4.193,11317.4,0.000,0.0,0.000,0.0,0.468,504.8,0.377,117.9,36.41,23.89,0.00,0.00,26.82
2026-08-23T22:32:05Z,4.126,11290.7,0.000,0.0,0.000,0.0,0.443,505.1,0.368,117.8,39.14,30.40,0.00,0.00,26.82
2026-08-23T22:32:06Z,4.238,11298.2,0.000,0.0,0.000,0.0,0.458,504.8,0.381,117.8,37.13,32.10,0.00,0.00,26.82
2026-08-23T22:32:07Z,5.104,11291.8,0.000,0.0,0.000,0.0,0.433,504.6,0.355,117.8,27.04,15.96,0.00,0.00,27.23
2026-08-23T22:32:08Z,4.411,11299.1,0.000,0.0,0.000,0.0,0.448,504.6,0.371,117.9,36.05,25.65,0.00,0.00,27.23
2026-08-23T22:32:09Z,4.125,11296.0,0.000,0.0,0.000,0.0,0.456,504.6,0.371,117.9,38.06,27.96,0.00,0.00,27.23
2026-08-23T22:32:10Z,4.089,11300.6,0.000,0.0,0.000,0.0,0.458,504.9,0.374,118.2,40.13,31.62,0.00,0.00,27.23
2026-08-23T22:32:11Z,4.205,11307.5,0.000,0.0,0.000,0.0,0.452,504.6,0.361,117.9,33.49,35.56,0.00,0.00,27.23
2026-08-23T22:32:12Z,4.718,11285.2,0.000,0.0,0.000,0.0,0.454,504.6,0.373,117.9,108.50,25.06,0.00,0.00,26.33
2026-08-23T22:32:14Z,4.684,11302.8,0.000,0.0,0.000,0.0,0.459,504.6,0.383,117.9,225.66,19.88,0.00,0.00,26.33
2026-08-23T22:32:15Z,4.503,11319.2,0.000,0.0,0.000,0.0,0.450,504.9,0.377,117.9,266.28,119.70,0.00,0.00,26.33
2026-08-23T22:32:16Z,4.051,11302.9,0.000,0.0,0.000,0.0,0.449,505.0,0.359,118.1,184.10,279.36,0.00,0.00,26.33
2026-08-23T22:32:17Z,5.257,11297.1,0.000,0.0,0.000,0.0,0.412,504.7,0.358,118.1,130.80,19.17,0.00,0.00,26.55
2026-08-23T22:32:18Z,4.874,11318.3,0.000,0.0,0.000,0.0,0.468,504.7,0.392,118.1,180.26,20.13,0.00,0.00,26.55
2026-08-23T22:32:19Z,4.624,11308.5,0.000,0.0,0.000,0.0,0.452,505.0,0.372,118.1,215.45,52.11,0.00,0.00,26.55
2026-08-23T22:32:20Z,4.183,11297.7,0.000,0.0,0.000,0.0,0.415,504.8,0.339,118.0,229.94,291.27,0.00,0.00,26.55
2026-08-23T22:32:21Z,4.566,11288.2,0.000,0.0,0.000,0.0,0.508,504.8,0.419,118.2,178.15,75.71,0.00,0.00,26.55
2026-08-23T22:32:22Z,4.871,11309.8,0.000,0.0,0.000,0.0,0.440,505.1,0.365,118.1,230.11,19.94,0.00,0.00,27.06
2026-08-23T22:32:23Z,4.824,11301.3,0.000,0.0,0.000,0.0,0.453,504.9,0.374,118.2,200.54,61.12,0.00,0.00,27.06
2026-08-23T22:32:25Z,4.597,11303.3,0.000,0.0,0.000,0.0,0.441,504.7,0.363,118.1,204.77,125.97,0.00,0.00,27.06
2026-08-23T22:32:26Z,3.806,11289.2,0.000,0.0,0.000,0.0,0.446,505.0,0.362,118.3,215.31,309.55,0.00,0.00,27.06
2026-08-23T22:32:27Z,5.163,11320.6,0.000,0.0,0.000,0.0,0.493,504.9,0.412,118.3,127.06,21.68,0.00,0.00,27.06
2026-08-23T22:32:28Z,5.454,11315.5,0.000,0.0,0.000,0.0,0.431,505.1,0.356,118.2,126.11,15.99,0.00,0.00,28.18
2026-08-23T22:32:29Z,5.043,11312.1,0.000,0.0,0.000,0.0,0.463,505.1,0.383,118.2,141.30,16.90,0.00,0.00,28.18
2026-08-23T22:32:30Z,4.883,11295.2,0.000,0.0,0.000,0.0,0.425,504.9,0.358,118.5,148.32,58.80,0.00,0.00,28.18
2026-08-23T22:32:31Z,4.511,11304.3,0.000,0.0,0.000,0.0,0.463,504.9,0.372,118.2,158.80,262.42,0.00,0.00,28.18
2026-08-23T22:32:32Z,4.890,11297.2,0.000,0.0,0.000,0.0,0.447,504.8,0.360,118.1,187.15,18.87,0.00,0.00,27.84
2026-08-23T22:32:33Z,4.571,11314.0,0.000,0.0,0.000,0.0,0.456,504.8,0.378,118.2,250.14,22.59,0.00,0.00,27.84
2026-08-23T22:32:35Z,4.175,11310.2,0.000,0.0,0.000,0.0,0.436,504.9,0.375,118.2,232.96,142.04,0.00,0.00,27.84
2026-08-23T22:32:36Z,4.173,11315.5,0.000,0.0,0.000,0.0,0.440,504.9,0.363,118.1,218.46,102.69,0.00,0.00,27.84
2026-08-23T22:32:37Z,3.745,11312.2,0.000,0.0,0.000,0.0,0.378,505.1,0.300,118.8,266.01,278.99,0.00,0.00,27.84
2026-08-23T22:32:38Z,4.724,11316.5,0.000,0.0,0.000,0.0,0.497,505.0,0.435,118.7,157.69,16.67,0.00,0.00,29.06
2026-08-23T22:32:39Z,4.544,11318.3,0.000,0.0,0.000,0.0,0.454,505.0,0.373,118.9,282.78,72.04,0.00,0.00,29.06
2026-08-23T22:32:40Z,4.111,11311.2,0.000,0.0,0.000,0.0,0.435,505.1,0.363,118.8,242.17,160.46,0.00,0.00,29.06
2026-08-23T22:32:41Z,4.005,11314.6,0.000,0.0,0.000,0.0,0.416,505.2,0.354,118.7,204.77,239.66,0.00,0.00,29.06
2026-08-23T22:32:42Z,4.238,11304.1,0.000,0.0,0.000,0.0,0.485,505.2,0.392,118.7,227.17,109.64,0.00,0.00,28.25
2026-08-23T22:32:43Z,4.337,11311.9,0.000,0.0,0.000,0.0,0.465,505.0,0.371,118.6,276.93,24.38,0.00,0.00,28.25
2026-08-23T22:32:44Z,3.892,11385.8,0.000,0.0,0.000,0.0,0.449,505.1,0.378,118.7,224.74,119.04,0.00,0.00,28.25
2026-08-23T22:32:46Z,4.109,11451.4,0.000,0.0,0.000,0.0,0.470,505.3,0.375,118.4,223.94,120.01,0.00,0.00,28.25
2026-08-23T22:32:47Z,4.820,11526.8,0.000,0.0,0.000,0.0,0.439,505.5,0.364,118.5,149.85,120.24,0.00,0.00,28.25
2026-08-23T22:32:48Z,4.423,11561.5,0.000,0.0,0.000,0.0,0.486,505.1,0.402,118.4,171.93,157.56,0.00,0.00,30.15
2026-08-23T22:32:49Z,4.416,11617.1,0.000,0.0,0.000,0.0,0.453,505.1,0.367,118.5,206.01,25.35,0.00,0.00,30.15
2026-08-23T22:32:50Z,3.878,11614.8,0.000,0.0,0.000,0.0,0.431,505.1,0.359,118.4,16.82,178.11,0.00,0.00,30.15
2026-08-23T22:32:51Z,4.139,11641.5,0.000,0.0,0.000,0.0,0.447,505.3,0.374,118.4,11.11,124.14,0.00,0.00,30.15
2026-08-23T22:32:52Z,3.938,11668.3,0.000,0.0,0.000,0.0,0.400,506.1,0.333,118.3,10.74,323.73,0.00,0.00,29.26
2026-08-23T22:32:53Z,4.340,11630.2,0.000,0.0,0.000,0.0,0.486,505.5,0.403,118.6,12.02,103.02,0.00,0.00,29.26
2026-08-23T22:32:54Z,4.442,11669.4,0.000,0.0,0.000,0.0,0.452,505.5,0.373,118.4,159.74,24.91,0.00,0.00,29.26
2026-08-23T22:32:55Z,4.324,11699.2,0.000,0.0,0.000,0.0,0.450,505.5,0.369,118.2,197.32,24.62,0.00,0.00,29.26
2026-08-23T22:32:56Z,4.966,11693.7,0.000,0.0,0.000,0.0,0.454,505.2,0.370,118.2,139.17,22.56,0.00,0.00,29.26
2026-08-23T22:32:58Z,4.791,11709.2,0.000,0.0,0.000,0.0,0.465,505.2,0.383,118.2,220.32,25.49,0.00,0.00,29.32
2026-08-23T22:32:59Z,4.725,11708.0,0.000,0.0,0.000,0.0,0.449,505.2,0.379,118.2,232.29,26.04,0.00,0.00,29.32
2026-08-23T22:33:00Z,5.007,11712.0,0.000,0.0,0.000,0.0,0.436,505.5,0.366,118.0,150.24,23.29,0.00,0.00,29.32
2026-08-23T22:33:01Z,4.441,11712.5,0.000,0.0,0.000,0.0,0.444,505.2,0.369,118.0,172.53,25.74,0.00,0.00,29.32
2026-08-23T22:33:02Z,4.656,11717.7,0.000,0.0,0.000,0.0,0.470,505.2,0.386,118.1,185.73,27.98,0.00,0.00,29.21
2026-08-23T22:33:03Z,4.520,11730.4,0.000,0.0,0.000,0.0,0.445,504.8,0.370,118.0,189.66,27.01,0.00,0.00,29.21
2026-08-23T22:33:04Z,4.496,11742.8,0.000,0.0,0.000,0.0,0.446,504.9,0.373,118.0,226.59,27.15,0.00,0.00,29.21
2026-08-23T22:33:05Z,4.511,11743.5,0.000,0.0,0.000,0.0,0.452,505.1,0.374,117.9,206.50,26.23,0.00,0.00,29.21
2026-08-23T22:33:06Z,4.852,11746.7,0.000,0.0,0.000,0.0,0.463,505.3,0.381,118.0,127.09,22.28,0.00,0.00,29.21
2026-08-23T22:33:08Z,4.883,11770.6,0.000,0.0,0.000,0.0,0.440,505.0,0.382,118.0,115.00,23.24,0.00,0.00,29.68
2026-08-23T22:33:09Z,4.424,11749.2,0.000,0.0,0.000,0.0,0.459,505.0,0.376,118.0,191.65,26.25,0.00,0.00,29.68
2026-08-23T22:33:10Z,4.423,11748.3,0.000,0.0,0.000,0.0,0.451,505.0,0.367,118.0,213.16,35.33,0.00,0.00,29.68
2026-08-23T22:33:11Z,4.358,11777.6,0.000,0.0,0.000,0.0,0.448,505.3,0.369,118.2,209.28,28.54,0.00,0.00,29.68
2026-08-23T22:33:12Z,4.376,11774.2,0.000,0.0,0.000,0.0,0.444,505.2,0.363,117.9,75.48,28.05,0.00,0.00,29.46
2026-08-23T22:33:13Z,4.318,11769.9,0.000,0.0,0.000,0.0,0.451,505.0,0.362,117.9,187.90,26.12,0.00,0.00,29.46
2026-08-23T22:33:14Z,4.396,11787.5,0.000,0.0,0.000,0.0,0.465,504.9,0.375,117.9,192.01,35.77,0.00,0.00,29.46
2026-08-23T22:33:15Z,4.318,11785.9,0.000,0.0,0.000,0.0,0.456,505.0,0.380,117.9,182.90,30.47,0.00,0.00,29.46
2026-08-23T22:33:16Z,4.912,11781.2,0.000,0.0,0.000,0.0,0.434,505.0,0.356,117.9,131.60,29.15,0.00,0.00,29.46
2026-08-23T22:33:17Z,5.027,11131.2,0.000,0.0,0.000,0.0,0.448,505.0,0.376,118.0,11.51,32.99,0.00,0.00,30.39
2026-08-23T22:33:18Z,3.595,11129.2,0.000,0.0,0.000,0.0,0.460,505.2,0.373,117.9,12.18,27.24,0.00,0.00,30.39
2026-08-23T22:33:20Z,3.394,11157.5,0.000,0.0,0.000,0.0,0.437,505.2,0.364,117.9,12.73,30.15,0.00,0.00,30.39
2026-08-23T22:33:21Z,3.531,11186.3,0.000,0.0,0.000,0.0,0.442,505.2,0.375,117.9,12.27,30.61,0.00,0.00,30.39
2026-08-23T22:33:22Z,3.695,11213.0,0.000,0.0,0.000,0.0,0.448,505.4,0.361,117.9,12.74,28.53,0.00,0.00,30.39
2026-08-23T22:33:23Z,4.226,11236.1,0.000,0.0,0.000,0.0,0.444,504.9,0.364,117.9,12.52,28.67,0.00,0.00,28.91
2026-08-23T22:33:24Z,4.071,11291.1,0.000,0.0,0.000,0.0,0.446,504.9,0.371,117.9,16.86,56.83,0.00,0.00,28.91
2026-08-23T22:33:25Z,4.612,11346.5,0.000,0.0,0.000,0.0,0.451,505.0,0.380,117.9,24.71,36.57,0.00,0.00,28.91
2026-08-23T22:33:26Z,4.706,11406.9,0.000,0.0,0.000,0.0,0.457,504.9,0.370,117.9,23.05,37.21,0.00,0.00,28.91
2026-08-23T22:33:27Z,5.488,11457.5,0.000,0.0,0.000,0.0,0.423,505.1,0.368,117.9,18.96,30.92,0.00,0.00,28.84
2026-08-23T22:33:28Z,5.254,11486.3,0.000,0.0,0.000,0.0,0.448,505.4,0.372,118.0,20.23,34.80,0.00,0.00,28.84
2026-08-23T22:33:29Z,4.995,11531.8,0.000,0.0,0.000,0.0,0.472,505.0,0.384,118.0,20.97,32.73,0.00,0.00,28.84
2026-08-23T22:33:31Z,5.003,11578.5,0.000,0.0,0.000,0.0,0.444,505.0,0.360,117.9,22.98,32.21,0.00,0.00,28.84
2026-08-23T22:33:32Z,5.184,11621.3,0.000,0.0,0.000,0.0,0.446,505.3,0.358,117.9,22.92,29.00,0.00,0.00,28.84
2026-08-23T22:33:33Z,5.424,11693.1,0.000,0.0,0.000,0.0,0.431,505.0,0.357,118.2,19.39,26.02,0.00,0.00,30.06
2026-08-23T22:33:34Z,5.265,11735.9,0.000,0.0,0.000,0.0,0.472,505.0,0.381,117.9,20.92,28.35,0.00,0.00,30.06
2026-08-23T22:33:35Z,5.322,11746.1,0.000,0.0,0.000,0.0,0.430,505.0,0.351,117.9,23.81,27.79,0.00,0.00,30.06
2026-08-23T22:33:36Z,5.289,11737.8,0.000,0.0,0.000,0.0,0.450,505.5,0.375,117.9,24.92,32.62,0.00,0.00,30.06
2026-08-23T22:33:37Z,5.339,11735.5,0.000,0.0,0.000,0.0,0.443,505.3,0.372,118.0,19.95,26.71,0.00,0.00,30.37
2026-08-23T22:33:38Z,4.727,11719.5,0.000,0.0,0.000,0.0,0.450,504.8,0.380,117.8,25.69,40.48,0.00,0.00,30.37
2026-08-23T22:33:39Z,4.632,11739.0,0.000,0.0,0.000,0.0,0.443,505.0,0.365,118.4,28.78,32.85,0.00,0.00,30.37
2026-08-23T22:33:41Z,4.655,11727.5,0.000,0.0,0.000,0.0,0.443,505.0,0.364,117.8,31.09,35.29,0.00,0.00,30.37
2026-08-23T22:33:42Z,4.521,11722.9,0.000,0.0,0.000,0.0,0.454,504.8,0.379,117.9,36.51,37.23,0.00,0.00,30.37
2026-08-23T22:33:43Z,4.518,11749.7,0.000,0.0,0.000,0.0,0.451,504.8,0.367,117.8,34.51,35.78,0.00,0.00,29.14
2026-08-23T22:33:44Z,4.522,11741.0,0.000,0.0,0.000,0.0,0.469,505.3,0.381,117.9,36.40,33.19,0.00,0.00,29.14
2026-08-23T22:33:45Z,4.442,11726.4,0.000,0.0,0.000,0.0,0.444,505.0,0.364,117.9,35.36,34.57,0.00,0.00,29.14
2026-08-23T22:33:46Z,4.674,11747.9,0.000,0.0,0.000,0.0,0.441,504.8,0.370,118.2,31.37,29.05,0.00,0.00,29.14
2026-08-23T22:33:47Z,5.016,11749.2,0.000,0.0,0.000,0.0,0.473,504.7,0.378,117.9,80.56,26.46,0.00,0.00,30.25
2026-08-23T22:33:48Z,4.769,11723.9,0.000,0.0,0.000,0.0,0.468,504.7,0.375,117.9,121.37,29.12,0.00,0.00,30.25
2026-08-23T22:33:49Z,4.851,11750.4,0.000,0.0,0.000,0.0,0.453,504.7,0.376,117.9,45.70,19.71,0.00,0.00,30.25
2026-08-23T22:33:50Z,4.678,11743.9,0.000,0.0,0.000,0.0,0.449,504.7,0.370,117.9,29.42,28.40,0.00,0.00,30.25
2026-08-23T22:33:52Z,4.354,11732.3,0.000,0.0,0.000,0.0,0.454,504.7,0.367,117.9,32.01,33.54,0.00,0.00,30.25
2026-08-23T22:33:53Z,4.595,11752.6,0.000,0.0,0.000,0.0,0.456,504.7,0.369,117.9,32.22,32.23,0.00,0.00,29.51
2026-08-23T22:33:54Z,4.448,11738.0,0.000,0.0,0.000,0.0,0.450,504.8,0.370,118.0,31.98,47.65,0.00,0.00,29.51
2026-08-23T22:33:55Z,4.444,11754.9,0.000,0.0,0.000,0.0,0.457,504.7,0.380,117.9,36.08,24.88,0.00,0.00,29.51
2026-08-23T22:33:56Z,4.497,11746.3,0.000,0.0,0.000,0.0,0.455,505.0,0.379,118.2,35.82,23.45,0.00,0.00,29.51
2026-08-23T22:33:57Z,5.160,11724.0,0.000,0.0,0.000,0.0,0.448,504.7,0.360,117.9,25.80,17.38,0.00,0.00,29.79
2026-08-23T22:33:58Z,4.708,11754.2,0.000,0.0,0.000,0.0,0.466,504.7,0.377,117.9,31.11,22.61,0.00,0.00,29.79
2026-08-23T22:33:59Z,4.588,11736.2,0.000,0.0,0.000,0.0,0.450,504.9,0.368,117.9,33.09,34.79,0.00,0.00,29.79
2026-08-23T22:34:00Z,4.469,11748.3,0.000,0.0,0.000,0.0,0.448,504.7,0.372,117.8,34.67,22.55,0.00,0.00,29.79
2026-08-23T22:34:01Z,4.580,11725.6,0.000,0.0,0.000,0.0,0.456,504.7,0.375,117.9,32.84,22.24,0.00,0.00,29.79
2026-08-23T22:34:03Z,4.579,11741.2,0.000,0.0,0.000,0.0,0.445,504.7,0.371,117.8,35.22,23.99,0.00,0.00,29.25
2026-08-23T22:34:04Z,4.516,11727.5,0.000,0.0,0.000,0.0,0.449,504.7,0.373,117.9,33.41,32.59,0.00,0.00,29.25
2026-08-23T22:34:05Z,4.934,11736.8,0.000,0.0,0.000,0.0,0.436,504.7,0.364,118.1,21.84,27.27,0.00,0.00,29.25
2026-08-23T22:34:06Z,4.855,11746.4,0.000,0.0,0.000,0.0,0.468,504.7,0.370,117.9,24.00,22.64,0.00,0.00,29.25
2026-08-23T22:34:07Z,5.159,11725.5,0.000,0.0,0.000,0.0,0.445,504.6,0.372,117.9,23.05,16.48,0.00,0.00,30.35
2026-08-23T22:34:08Z,4.674,11751.1,0.000,0.0,0.000,0.0,0.451,504.5,0.374,118.1,27.02,21.67,0.00,0.00,30.35
2026-08-23T22:34:09Z,4.367,11738.3,0.000,0.0,0.000,0.0,0.452,504.8,0.376,118.2,34.40,41.31,0.00,0.00,30.35
2026-08-23T22:34:10Z,4.439,11756.2,0.000,0.0,0.000,0.0,0.452,504.8,0.371,117.9,30.52,33.28,0.00,0.00,30.35
2026-08-23T22:34:11Z,4.547,11741.0,0.000,0.0,0.000,0.0,0.450,504.8,0.366,117.9,30.20,32.78,0.00,0.00,30.35
2026-08-23T22:34:13Z,4.331,11760.1,0.000,0.0,0.000,0.0,0.456,504.5,0.367,117.8,34.19,29.85,0.00,0.00,29.04
2026-08-23T22:34:14Z,4.421,11750.7,0.000,0.0,0.000,0.0,0.461,504.5,0.368,117.9,35.82,34.18,0.00,0.00,29.04
2026-08-23T22:34:15Z,4.409,11738.7,0.000,0.0,0.000,0.0,0.452,504.8,0.367,117.8,33.01,32.73,0.00,0.00,29.04
2026-08-23T22:34:16Z,4.495,11749.6,0.000,0.0,0.000,0.0,0.453,504.6,0.376,117.9,32.86,30.36,0.00,0.00,29.04
2026-08-23T22:34:17Z,5.105,11741.8,0.000,0.0,0.000,0.0,0.444,504.6,0.354,117.9,24.12,17.22,0.00,0.00,30.24
2026-08-23T22:34:18Z,4.750,11731.3,0.000,0.0,0.000,0.0,0.457,504.8,0.384,117.9,27.42,18.46,0.00,0.00,30.24
2026-08-23T22:34:19Z,4.606,11690.7,0.000,0.0,0.000,0.0,0.454,504.5,0.356,117.8,22.78,28.14,0.00,0.00,30.24
2026-08-23T22:34:20Z,3.731,11692.3,0.000,0.0,0.000,0.0,0.445,504.6,0.364,117.9,10.97,24.59,0.00,0.00,30.24
2026-08-23T22:34:21Z,3.530,11714.7,0.000,0.0,0.000,0.0,0.439,504.5,0.360,117.8,10.85,27.05,0.00,0.00,30.24
2026-08-23T22:34:22Z,3.571,11741.7,0.000,0.0,0.000,0.0,0.435,504.5,0.356,117.8,10.98,31.71,0.00,0.00,28.13
2026-08-23T22:34:23Z,3.583,11664.8,0.000,0.0,0.000,0.0,0.454,504.6,0.365,117.9,10.59,31.25,0.00,0.00,28.13
2026-08-23T22:34:25Z,3.947,11694.1,0.000,0.0,0.000,0.0,0.451,504.8,0.361,117.9,20.46,46.39,0.00,0.00,28.13
2026-08-23T22:34:26Z,4.512,11724.2,0.000,0.0,0.000,0.0,0.439,504.6,0.370,117.9,11.75,30.92,0.00,0.00,28.13
2026-08-23T22:34:27Z,5.269,11729.7,0.000,0.0,0.000,0.0,0.447,504.8,0.365,117.9,16.68,25.38,0.00,0.00,28.13
2026-08-23T22:34:28Z,5.090,11754.2,0.000,0.0,0.000,0.0,0.464,504.7,0.382,117.9,28.65,21.22,0.00,0.00,29.00
2026-08-23T22:34:29Z,4.462,11758.6,0.000,0.0,0.000,0.0,0.453,504.7,0.363,117.9,10.35,27.52,0.00,0.00,29.00
2026-08-23T22:34:30Z,3.515,11748.5,0.000,0.0,0.000,0.0,0.440,504.7,0.359,117.9,9.90,27.90,0.00,0.00,29.00
2026-08-23T22:34:31Z,3.525,11740.2,0.000,0.0,0.000,0.0,0.449,504.7,0.361,118.1,9.96,27.85,0.00,0.00,29.00
2026-08-23T22:34:32Z,3.569,11732.6,0.000,0.0,0.000,0.0,0.438,504.7,0.361,117.9,9.85,30.20,0.00,0.00,26.92
2026-08-23T22:34:33Z,3.581,11725.3,0.000,0.0,0.000,0.0,0.454,504.7,0.372,117.9,9.75,30.36,0.00,0.00,26.92
2026-08-23T22:34:34Z,3.474,11753.9,0.000,0.0,0.000,0.0,0.457,504.7,0.368,117.9,10.32,32.66,0.00,0.00,26.92
2026-08-23T22:34:36Z,3.382,11747.4,0.000,0.0,0.000,0.0,0.429,504.6,0.354,117.9,11.26,36.81,0.00,0.00,26.92
2026-08-23T22:34:37Z,4.714,11753.9,0.000,0.0,0.000,0.0,0.442,504.7,0.362,117.9,9.64,27.77,0.00,0.00,26.92
2026-08-23T22:34:38Z,3.825,11728.9,0.000,0.0,0.000,0.0,0.446,504.9,0.364,117.9,10.50,32.15,0.00,0.00,26.21
2026-08-23T22:34:39Z,3.385,11758.0,0.000,0.0,0.000,0.0,0.443,504.6,0.366,117.9,11.06,34.42,0.00,0.00,26.21
2026-08-23T22:34:40Z,3.422,11751.5,0.000,0.0,0.000,0.0,0.434,504.5,0.351,117.8,10.65,42.26,0.00,0.00,26.21
2026-08-23T22:34:41Z,3.353,11741.5,0.000,0.0,0.000,0.0,0.433,504.5,0.360,117.9,10.65,33.34,0.00,0.00,26.21
2026-08-23T22:34:42Z,3.420,11733.1,0.000,0.0,0.000,0.0,0.436,504.8,0.363,118.1,10.86,33.07,0.00,0.00,24.27
2026-08-23T22:34:43Z,3.350,11722.4,0.000,0.0,0.000,0.0,0.435,504.5,0.358,117.9,10.72,32.61,0.00,0.00,24.27
2026-08-23T22:34:44Z,3.399,11748.2,0.000,0.0,0.000,0.0,0.443,504.8,0.364,117.9,11.14,29.74,0.00,0.00,24.27
2026-08-23T22:34:45Z,3.356,11738.6,0.000,0.0,0.000,0.0,0.424,504.5,0.348,117.8,11.39,31.95,0.00,0.00,24.27
2026-08-23T22:34:46Z,4.509,11746.9,0.000,0.0,0.000,0.0,0.433,504.6,0.352,117.9,10.16,29.02,0.00,0.00,24.27
2026-08-23T22:34:48Z,3.950,11728.9,0.000,0.0,0.000,0.0,0.432,504.5,0.370,117.8,10.01,30.49,0.00,0.00,22.40
2026-08-23T22:34:49Z,3.438,11749.2,0.000,0.0,0.000,0.0,0.445,505.0,0.365,117.9,11.06,36.23,0.00,0.00,22.40
2026-08-23T22:34:50Z,3.428,11743.0,0.000,0.0,0.000,0.0,0.429,505.0,0.352,117.8,11.20,40.46,0.00,0.00,22.40
2026-08-23T22:34:51Z,3.432,11737.7,0.000,0.0,0.000,0.0,0.441,504.8,0.361,117.9,10.97,39.09,0.00,0.00,22.40
2026-08-23T22:34:52Z,3.524,11738.2,0.000,0.0,0.000,0.0,0.429,504.5,0.350,117.8,10.64,43.42,0.00,0.00,21.33
2026-08-23T22:34:53Z,3.523,11739.7,0.000,0.0,0.000,0.0,0.431,504.5,0.359,117.8,11.01,43.76,0.00,0.00,21.33
2026-08-23T22:34:54Z,3.474,11736.1,0.000,0.0,0.000,0.0,0.431,504.5,0.357,117.8,11.50,37.47,0.00,0.00,21.33
2026-08-23T22:34:55Z,3.392,11728.2,0.000,0.0,0.000,0.0,0.426,504.9,0.345,118.0,10.57,50.12,0.00,0.00,21.33
2026-08-23T22:34:56Z,4.180,11729.7,0.000,0.0,0.000,0.0,0.451,504.7,0.373,118.1,10.92,31.02,0.00,0.00,21.33
2026-08-23T22:34:57Z,4.364,11740.6,0.000,0.0,0.000,0.0,0.438,504.6,0.372,118.0,10.84,28.25,0.00,0.00,19.86
2026-08-23T22:34:58Z,3.518,11732.8,0.000,0.0,0.000,0.0,0.430,504.7,0.361,118.0,10.66,34.34,0.00,0.00,19.86
2026-08-23T22:35:00Z,3.505,11723.5,0.000,0.0,0.000,0.0,0.430,504.7,0.355,118.0,11.28,31.94,0.00,0.00,19.86
2026-08-23T22:35:01Z,3.515,11746.8,0.000,0.0,0.000,0.0,0.440,504.7,0.364,118.0,11.08,36.26,0.00,0.00,19.86
2026-08-23T22:35:02Z,3.749,11734.0,0.000,0.0,0.000,0.0,0.445,504.7,0.372,118.2,10.86,26.87,0.00,0.00,19.86
2026-08-23T22:35:03Z,3.857,11719.7,0.000,0.0,0.000,0.0,0.441,504.7,0.372,118.0,11.05,26.99,0.00,0.00,18.99
2026-08-23T22:35:04Z,3.502,11740.8,0.000,0.0,0.000,0.0,0.439,504.9,0.359,118.0,10.90,29.02,0.00,0.00,18.99
2026-08-23T22:35:05Z,3.454,11727.4,0.000,0.0,0.000,0.0,0.435,505.0,0.360,117.9,11.65,28.78,0.00,0.00,18.99
2026-08-23T22:35:06Z,3.898,11726.8,0.000,0.0,0.000,0.0,0.454,504.6,0.365,118.0,12.02,27.23,0.00,0.00,18.99
2026-08-23T22:35:07Z,4.655,11734.8,0.000,0.0,0.000,0.0,0.438,504.5,0.365,117.9,10.70,20.09,0.00,0.00,18.43
2026-08-23T22:35:08Z,3.501,11723.3,0.000,0.0,0.000,0.0,0.430,504.8,0.356,117.9,11.11,30.54,0.00,0.00,18.43
2026-08-23T22:35:09Z,3.376,11746.6,0.000,0.0,0.000,0.0,0.432,505.0,0.353,117.9,11.04,28.90,0.00,0.00,18.43
2026-08-23T22:35:10Z,3.382,11734.2,0.000,0.0,0.000,0.0,0.426,504.8,0.355,118.2,10.59,36.81,0.00,0.00,18.43
2026-08-23T22:35:12Z,3.399,11720.4,0.000,0.0,0.000,0.0,0.432,504.5,0.350,117.9,11.66,28.23,0.00,0.00,18.43
2026-08-23T22:35:13Z,3.367,11743.6,0.000,0.0,0.000,0.0,0.437,504.6,0.359,117.9,11.46,29.98,0.00,0.00,17.76
2026-08-23T22:35:14Z,3.437,11731.9,0.000,0.0,0.000,0.0,0.430,504.5,0.353,117.9,10.22,29.52,0.00,0.00,17.76
2026-08-23T22:35:15Z,3.955,11697.5,0.000,0.0,0.000,0.0,0.444,504.8,0.370,117.9,11.37,27.00,0.00,0.00,17.76
2026-08-23T22:35:16Z,3.903,11648.3,0.000,0.0,0.000,0.0,0.432,504.5,0.356,117.8,10.42,28.09,0.00,0.00,17.76
2026-08-23T22:35:17Z,4.799,11663.7,0.000,0.0,0.000,0.0,0.432,504.5,0.349,117.9,10.55,23.39,0.00,0.00,16.90
2026-08-23T22:35:18Z,3.497,11690.1,0.000,0.0,0.000,0.0,0.439,504.6,0.355,117.8,10.86,32.59,0.00,0.00,16.90
2026-08-23T22:35:19Z,3.476,11726.7,0.000,0.0,0.000,0.0,0.416,504.5,0.343,117.8,10.97,32.49,0.00,0.00,16.90
2026-08-23T22:35:20Z,4.408,11722.2,0.000,0.0,0.000,0.0,0.444,504.6,0.365,117.8,25.43,39.73,0.00,0.00,16.90
2026-08-23T22:35:21Z,4.355,11739.3,0.000,0.0,0.000,0.0,0.442,504.8,0.363,118.1,30.14,33.87,0.00,0.00,16.90
2026-08-23T22:35:22Z,4.229,11728.5,0.000,0.0,0.000,0.0,0.443,504.6,0.364,117.8,29.87,37.70,0.00,0.00,16.58
2026-08-23T22:35:24Z,4.393,11714.6,0.000,0.0,0.000,0.0,0.443,505.0,0.362,117.8,29.60,40.08,0.00,0.00,16.58
2026-08-23T22:35:25Z,4.368,11730.5,0.000,0.0,0.000,0.0,0.453,504.6,0.372,117.9,25.75,39.38,0.00,0.00,16.58
2026-08-23T22:35:26Z,4.369,11715.5,0.000,0.0,0.000,0.0,0.449,504.6,0.370,117.9,27.10,37.11,0.00,0.00,16.58
2026-08-23T22:35:27Z,5.106,11705.0,0.000,0.0,0.000,0.0,0.440,504.6,0.367,118.0,20.49,49.95,0.00,0.00,16.58
2026-08-23T22:35:28Z,5.291,11733.5,0.000,0.0,0.000,0.0,0.438,504.8,0.355,117.9,21.97,29.95,0.00,0.00,18.78
2026-08-23T22:35:29Z,4.908,11713.4,0.000,0.0,0.000,0.0,0.457,504.6,0.383,117.9,24.76,32.55,0.01,0.01,18.78
2026-08-23T22:35:30Z,4.775,11733.6,0.000,0.0,0.000,0.0,0.456,504.5,0.368,117.9,28.55,38.50,0.00,0.00,18.78
2026-08-23T22:35:31Z,4.911,11713.5,0.000,0.0,0.000,0.0,0.442,504.6,0.368,117.9,22.85,43.70,0.00,0.00,18.78
2026-08-23T22:35:32Z,4.449,11737.2,0.000,0.0,0.000,0.0,0.448,505.1,0.363,117.9,31.20,39.22,0.00,0.00,18.72
2026-08-23T22:35:33Z,4.341,11723.3,0.000,0.0,0.000,0.0,0.443,504.8,0.367,117.9,31.37,38.46,0.00,0.00,18.72
2026-08-23T22:35:34Z,4.176,11745.7,0.000,0.0,0.000,0.0,0.460,504.6,0.375,117.9,32.66,37.49,0.00,0.00,18.72
2026-08-23T22:35:36Z,4.086,11737.5,0.000,0.0,0.000,0.0,0.446,504.6,0.366,117.9,38.47,37.07,0.00,0.00,18.72
2026-08-23T22:35:37Z,5.054,11734.8,0.000,0.0,0.000,0.0,0.440,504.6,0.372,117.9,30.38,30.28,0.00,0.00,18.72
2026-08-23T22:35:38Z,4.488,11742.8,0.000,0.0,0.000,0.0,0.448,504.5,0.369,117.8,32.25,34.46,0.00,0.00,20.26
2026-08-23T22:35:39Z,4.099,11729.6,0.000,0.0,0.000,0.0,0.455,504.8,0.372,117.9,37.52,28.15,0.00,0.00,20.26
2026-08-23T22:35:40Z,4.080,11717.2,0.000,0.0,0.000,0.0,0.441,504.5,0.365,118.1,39.51,28.92,0.00,0.00,20.26
2026-08-23T22:35:41Z,4.089,11737.8,0.000,0.0,0.000,0.0,0.452,504.8,0.365,118.1,39.57,34.84,0.00,0.00,20.26
2026-08-23T22:35:42Z,4.043,11724.6,0.000,0.0,0.000,0.0,0.439,504.5,0.367,117.8,40.17,28.72,0.00,0.00,19.92
2026-08-23T22:35:43Z,4.074,11713.9,0.000,0.0,0.000,0.0,0.449,504.6,0.366,117.9,42.49,27.00,0.00,0.00,19.92
2026-08-23T22:35:44Z,4.116,11736.0,0.000,0.0,0.000,0.0,0.451,504.5,0.369,117.8,41.29,26.46,0.00,0.00,19.92
2026-08-23T22:35:45Z,4.090,11720.6,0.000,0.0,0.000,0.0,0.443,504.8,0.368,118.1,39.28,25.62,0.00,0.00,19.92
2026-08-23T22:35:46Z,4.926,11738.6,0.000,0.0,0.000,0.0,0.440,504.8,0.365,117.9,29.12,19.41,0.00,0.00,19.92
2026-08-23T22:35:48Z,4.557,11742.8,0.000,0.0,0.000,0.0,0.443,505.0,0.374,117.9,35.76,22.91,0.00,0.00,20.41
2026-08-23T22:35:49Z,3.939,11721.6,0.000,0.0,0.000,0.0,0.444,504.8,0.365,117.9,40.74,23.40,0.00,0.00,20.41
2026-08-23T22:35:50Z,4.069,11710.4,0.000,0.0,0.000,0.0,0.446,504.8,0.365,117.8,40.10,30.92,0.00,0.00,20.41
2026-08-23T22:35:51Z,4.118,11735.2,0.000,0.0,0.000,0.0,0.454,504.6,0.378,117.9,38.97,31.16,0.00,0.00,20.41
2026-08-23T22:35:52Z,4.222,11720.5,0.000,0.0,0.000,0.0,0.449,504.5,0.363,117.8,34.92,42.64,0.00,0.00,20.29
2026-08-23T22:35:53Z,4.226,11706.8,0.000,0.0,0.000,0.0,0.450,504.6,0.369,117.9,36.07,33.43,0.00,0.00,20.29
2026-08-23T22:35:54Z,4.120,11728.4,0.000,0.0,0.000,0.0,0.435,504.5,0.363,117.8,38.93,27.19,0.00,0.00,20.29
2026-08-23T22:35:55Z,4.120,11712.0,0.000,0.0,0.000,0.0,0.459,504.5,0.376,117.9,38.59,26.99,0.00,0.00,20.29
