epoch_ms,pg_cpu_pct,pg_mem_mb,queen_cpu_pct,queen_mem_mb,xact_commit_cum,wal_records_cum,wal_bytes_cum,wal_fsyncs_cum,wal_fsync_time_ms_cum,db_size_bytes,active_backends,top_wait
1786442736934,14.5,566.8,1.1,4.2,50,31904,8869614,29,3.735,9320127,0,
1786442737934,5.4,566.8,1.1,4.5,52,31904,8869614,29,3.735,9320127,0,
1786442738935,9.5,567.6,1.2,4.2,70,32424,9091837,36,4.745,9426623,0,
1786442739935,5.7,567.8,1.1,4.5,92,32433,9092443,37,5.058,9426623,0,
1786442740935,6.1,568.8,1.2,4.5,94,32433,9092443,37,5.058,9426623,0,
1786442741935,5.4,568.5,1.1,4.5,96,32433,9092443,37,5.058,9426623,0,
1786442742935,5.5,568.7,1.2,4.5,98,32433,9092443,37,5.058,9426623,0,
1786442743935,10.4,572.7,1.1,4.5,100,33152,9356535,50,6.582,9426623,0,
1786442744935,5.6,572.2,1.1,4.7,114,33176,9358477,52,7.133,9434815,0,
1786442745935,6.2,574.2,1.3,4.5,122,33176,9358477,52,7.133,9434815,0,
1786442746936,10.5,574.3,1.2,4.8,124,33176,9358477,52,7.133,9434815,0,
1786442747935,5.5,574.1,1.1,4.8,126,33176,9358477,52,7.133,9434815,0,
1786442748936,79.7,760.5,152.2,56.3,180,33227,9362854,53,7.406,9991871,0,
1786442749936,53.1,802.4,217.0,70.8,568,34526,9636523,173,29.031000000000002,11089599,0,
1786442750935,70.3,830.8,211.2,77.7,1400,38746,10462861,531,93.58300000000001,12285631,15,transactionid
1786442751936,74.8,841.3,201.9,85.0,2228,44932,11818544,1052,184.685,13588159,0,
1786442752936,103.6,845.4,193.9,88.1,3352,53555,13712740,1774,306.006,15169215,8,tuple
1786442753936,132.4,849.7,193.5,93.3,4648,63482,15891681,2620,450.291,17151679,0,
1786442754936,166.0,871.7,187.2,99.5,6269,75167,18453572,3665,617.501,19617471,41,WALWrite
1786442755935,340.0,1139.7,225.2,121.5,11429,96978,22257439,5210,889.74,23287487,2,
1786442756936,232.8,1157.6,189.5,128.3,13380,111018,25307337,6427,1088.0610000000004,26531519,11,transactionid
1786442757936,258.1,1165.6,192.0,139.0,15643,128314,29173680,7900,1338.8840000000002,30193343,17,transactionid
1786442758935,263.5,1200.5,188.2,146.4,17809,147326,32960446,9265,1572.054,33838783,0,
1786442759936,217.3,1209.6,186.5,148.2,20496,167510,37385100,10930,1851.458,37746367,24,WALWrite
1786442760936,361.9,1223.5,213.9,153.3,29061,201728,42933097,12855,2175.48,42538687,4,transactionid
1786442761937,259.4,1252.3,185.7,155.3,36143,235124,48991752,14998,2542.0130000000004,47945407,8,transactionid
1786442762936,271.5,1265.4,184.1,156.4,39818,262900,55056152,17245,2916.018,53802687,0,
1786442763936,291.9,1277.8,187.3,157.7,43793,292937,61663071,19632,3302.3520000000003,59512511,1,ClientRead
1786442764936,325.3,1322.8,202.1,160.8,48096,324713,68646510,22071,3719.012,65730239,32,transactionid
1786442765936,611.8,1359.0,273.9,171.1,61524,375385,76865204,24121,4080.31,72332991,13,transactionid
1786442766936,392.4,1400.4,216.3,174.8,75686,427692,85348279,26431,4520.063,79337151,10,transactionid
1786442767936,386.6,1422.6,216.9,175.7,80769,461786,93211239,28831,4946.383,86898367,15,transactionid
1786442768936,464.9,1460.8,226.9,185.0,86125,505155,102049693,31080,5364.837,93796031,9,ClientRead
1786442769936,412.7,1478.5,225.3,191.6,91829,541781,110775444,33332,5775.624000000001,101021375,34,WALWrite
1786442770936,645.1,1514.2,290.9,207.5,107733,598599,120484033,35501,6195.752,109139647,24,WALWrite
1786442771936,580.8,1551.1,286.7,217.1,128180,666264,131563828,37379,6556.027,118232767,1,
1786442772935,453.9,1572.1,244.0,229.3,138996,713401,141666604,39415,6944.526000000001,127317695,4,ClientRead
1786442773936,463.9,1608.0,248.9,238.6,145803,752933,151458032,41616,7354.934,136509119,5,WalSync
1786442774936,475.4,1644.1,260.4,249.6,153021,794596,162093943,43796,7763.059,146110143,11,ClientRead
1786442775936,721.1,1670.8,320.8,274.1,168042,852634,173921770,45772,8161.370000000001,156374719,6,WALWrite
1786442776937,722.9,1713.3,339.9,288.4,193959,926697,185545093,47612,8550.639000000001,166786751,28,WALWrite
1786442777938,618.2,1751.9,321.7,300.9,213232,996967,198699591,49382,8931.604,177608383,16,ClientRead
1786442778936,709.4,1795.2,292.9,338.5,222601,1058282,212015242,51049,9322.167,187635391,4,ClientRead
1786442779936,539.9,1818.7,302.4,346.3,230919,1103360,223698438,52856,9737.553999999998,198629055,16,WALWrite
1786442780937,743.8,1857.8,351.2,374.9,247158,1165067,236495766,54779,10148.443,208713407,21,WALWrite
1786442781936,716.4,1896.2,345.8,396.5,270229,1239512,249598805,56462,10568.651,218977983,21,WALWrite
1786442782936,723.3,1936.5,358.9,406.4,295077,1315010,262810446,58125,10960.649,229791423,30,ClientRead
1786442783936,575.8,1977.0,311.5,412.7,312337,1382585,276472677,59880,11336.140000000001,240907967,15,WALWrite
1786442784935,524.2,1999.9,304.8,423.8,320863,1429136,288771119,61853,11735.455,251999935,28,ClientRead
1786442785936,750.9,2048.1,350.2,456.2,336314,1488299,301120894,63677,12133.001,263067327,22,ClientRead
1786442786936,753.6,2087.9,355.9,469.2,358456,1561194,314363507,65315,12504.314,274142911,13,WALWrite
1786442787936,719.0,2127.6,366.1,486.8,382653,1636442,327252228,67072,12886.194,285300415,22,ClientRead
1786442788937,773.4,2166.1,349.9,504.4,404161,1725170,341783246,68684,13248.287999999999,295311039,3,ClientRead
1786442789937,544.7,2190.5,307.3,506.8,420203,1787475,354771745,70595,13660.958,306304703,36,WALWrite
1786442790936,751.5,2228.9,359.9,539.4,435866,1847604,367138879,72528,14064.485,316307135,12,WALWrite
1786442791936,770.9,2266.6,366.7,552.7,458356,1921623,380407605,74241,14439.676000000001,326375103,19,WALWrite
1786442792936,736.2,2305.9,365.3,567.2,482711,1999812,394221116,76040,14827.485,337180351,22,ClientRead
1786442793936,722.5,2344.4,363.6,579.0,505572,2072944,406969517,77716,15196.331,347403967,29,WALWrite
1786442794936,636.8,2368.6,345.5,581.6,527381,2145420,420247822,79482,15586.688,358725311,15,WALWrite
1786442795936,762.1,2421.4,358.0,614.6,542331,2204459,432900371,81200,15971.792,369899199,22,WALWrite
1786442796936,793.6,2461.3,364.1,626.7,564987,2277214,445788120,82878,16352.928,381023935,33,WALWrite
1786442797936,754.8,2502.1,368.8,638.6,586517,2347905,458615173,84535,16723.327,392140479,26,WALWrite
1786442798936,794.1,2541.7,369.1,661.3,610651,2441461,473151974,86346,17124.01,402568895,22,WALWrite
1786442799936,725.9,2562.8,373.3,673.3,633134,2514548,485838436,88077,17491.847999999998,412776127,33,WALWrite
1786442800936,720.7,2604.2,364.8,698.1,655290,2590148,499964342,89731,17859.302,423827135,10,WALWrite
1786442801937,766.6,2642.4,372.3,711.7,679930,2670966,514279909,91670,18274.079999999998,434157247,17,WALWrite
1786442802936,762.3,2681.7,371.5,728.6,700180,2739104,526966843,93212,18608.542999999998,444618431,20,ClientRead
1786442803937,732.8,2720.6,368.7,741.7,723386,2813766,540130688,94931,18979.690999999995,455030463,17,WALWrite
1786442804937,722.4,2758.3,372.6,749.6,747343,2889587,553192355,96716,19377.523999999998,465811135,17,ClientRead
1786442805936,765.7,2794.4,379.7,764.1,771652,2967780,566987694,98457,19763.793999999998,477124287,9,WALWrite
1786442806935,747.4,2839.2,377.9,796.0,796136,3047088,581103620,100375,20170.110999999997,488658623,27,ClientRead
1786442807936,772.4,2877.1,374.1,812.6,817072,3114199,592876994,102060,20540.239999999998,499513023,20,ClientRead
1786442808936,975.6,2920.9,332.5,840.3,838722,3191313,606693606,103657,20902.529,510572223,5,ClientRead
1786442809937,757.4,2959.3,374.1,847.5,860598,3265340,619993647,105384,21279.107,520910527,28,WALWrite
1786442810936,728.8,2981.4,383.6,855.9,883058,3339842,633307936,107024,21642.505999999998,530945727,18,WALWrite
1786442811936,720.8,3019.4,380.9,864.2,907258,3416791,646468263,108832,22041.566,541120191,51,WALWrite
1786442812937,682.1,3058.1,366.2,885.5,929432,3490547,659787497,110342,22479.058999999997,551745215,26,WALWrite
1786442813936,728.8,3096.4,374.6,910.5,952488,3566453,673467710,112159,22879.394,562271935,17,ClientRead
1786442814936,773.9,3135.8,380.1,928.5,974659,3639681,686737949,113892,23246.021,572626623,19,WALWrite
1786442815937,791.8,3171.1,372.6,940.4,997229,3713498,699889323,115627,23623.704999999998,583972543,33,WALWrite
1786442816936,764.8,3210.8,376.8,951.0,1019616,3787586,713415752,117330,24014.431999999997,594949823,12,ClientRead
1786442817936,738.3,3252.8,379.3,963.3,1042221,3862407,727025278,118997,24382.887,606246591,16,WALWrite
1786442818935,794.1,3291.2,372.9,985.9,1065160,3965479,741942827,120790,24784.586,616642239,26,WALWrite
1786442819937,733.4,3327.2,378.8,996.0,1086536,4039225,755748473,122525,25159.938000000002,626775743,15,WALWrite
1786442820937,711.6,3366.4,378.2,1005.5,1110824,4117627,769217480,124282,25546.27,636753599,13,WALWrite
1786442821936,738.6,3390.0,384.7,1041.1,1133342,4190614,781996696,126067,25967.172000000002,647329471,26,WALWrite
1786442822937,760.1,3427.8,377.5,1054.7,1155677,4265780,795663620,127756,26353.858000000004,657913535,22,ClientRead
1786442823936,762.9,3465.0,381.3,1067.5,1179000,4341009,808876094,129474,26734.794,668120767,28,WALWrite
1786442824937,768.1,3504.3,380.9,1081.6,1202047,4415857,822207862,131200,27110.471,678868671,20,ClientRead
1786442825937,807.9,3557.2,378.2,1097.3,1224223,4489826,835929868,132919,27500.511000000002,690337471,30,ClientRead
1786442826936,749.3,3580.2,399.5,1108.2,1246481,4562990,849212254,134633,27899.012000000002,701445823,51,WALWrite
1786442827937,744.7,3622.8,390.9,1121.3,1269888,4638787,862631902,136342,28295.658000000003,712750783,19,WALWrite
1786442828937,810.6,3662.2,392.5,1139.8,1292738,4718258,876481752,138076,28689.910999999996,723932863,32,WALWrite
1786442829936,733.0,3699.3,392.0,1149.3,1314550,4791802,889905457,139752,29056.385,734353087,25,ClientRead
1786442830937,719.7,3737.9,385.4,1187.4,1335947,4864998,903302637,141477,29444.897999999997,744683199,19,WALWrite
1786442831935,768.9,3762.4,382.9,1199.3,1356320,4936458,916675082,143103,29833.331,755095231,39,WALWrite
1786442832937,761.3,3798.7,377.6,1210.9,1378871,5010733,930097195,144791,30219.240999999998,765720255,22,WALWrite
1786442833937,764.8,3838.1,380.1,1223.5,1401887,5086050,943569586,146509,30608.719999999998,776230591,33,WALWrite
1786442834936,763.9,3877.6,381.9,1237.3,1425068,5160778,956742651,148212,30999.158,786355903,27,ClientRead
1786442835938,783.0,3928.8,379.9,1253.2,1447688,5236183,970561551,149954,31384.685999999998,797644479,31,WALWrite
1786442836937,722.8,3969.0,388.7,1265.2,1470794,5311117,983972255,151681,31762.576,808990399,24,WALWrite
1786442837936,760.3,3992.8,407.6,1274.8,1494570,5386637,997094205,153426,32156.042,820303551,16,WALWrite
1786442838936,1040.7,4057.3,353.3,1312.4,1516469,5477408,1011468854,155114,32546.816000000003,831403711,29,WALWrite
1786442839936,760.2,4071.0,396.6,1318.6,1537889,5551954,1025460631,156787,32921.129,841815743,27,WALWrite
1786442840936,701.5,4110.4,394.4,1343.7,1561173,5628261,1038872333,158569,33302.796,852104895,16,WALWrite
1786442841936,757.4,4149.0,391.4,1355.0,1582728,5700011,1051626412,160338,33720.48,862623423,36,WALWrite
1786442842936,678.5,4168.0,375.3,1380.1,1604569,5772226,1064651698,161999,34142.345,872978111,52,WALWrite
1786442843936,796.7,4208.8,401.4,1393.0,1625202,5845116,1078592500,163487,34586.599,883537599,30,WALWrite
1786442844936,774.8,4246.9,384.4,1400.7,1648899,5921270,1091999986,165288,34974.353,893998783,22,WALWrite
1786442845936,802.1,4300.3,377.5,1416.6,1671213,5994680,1105288336,167042,35350.18,905172671,21,WALWrite
1786442846936,763.1,4340.3,383.7,1433.4,1694068,6069472,1118710226,168855,35732.587,916281023,24,WALWrite
1786442847936,736.5,4365.0,398.3,1443.5,1717632,6144826,1131969909,170576,36116.551,927397567,35,ClientRead
1786442848936,809.3,4427.2,402.5,1460.6,1740103,6239963,1146818864,172288,36513.059,938129087,15,ClientRead
1786442849936,750.6,4440.6,387.7,1472.6,1762715,6314729,1160288134,173986,36879.474,948008639,35,ProcarrayGroupUpdate
1786442850936,721.8,4477.5,392.9,1484.7,1786921,6394034,1174001572,175746,37264.797000000006,957855423,18,ClientRead
1786442851937,723.8,4516.2,398.7,1497.5,1811086,6471633,1187590625,177508,37657.431,968185535,27,WALWrite
1786442852936,703.1,4555.5,390.7,1537.0,1832488,6542439,1200350946,179227,38051.911,979023551,13,ClientRead
1786442853937,770.8,4577.9,392.3,1551.8,1853006,6614312,1213872772,180887,38435.189,989304511,16,WALWrite
1786442854936,763.6,4615.6,384.1,1561.6,1876020,6688981,1227160185,182618,38816.282,999790271,24,WALWrite
1786442855937,801.2,4667.9,395.5,1578.8,1897664,6760517,1240127419,184366,39196.96800000001,1010685631,19,WALWrite
1786442856936,781.4,4712.3,421.9,1586.6,1919346,6832668,1253497559,186026,39566.65,1021998783,27,WALWrite
1786442857937,791.5,4748.1,419.1,1601.2,1941192,6906262,1267219055,187717,39951.941000000006,1033000639,23,WALWrite
1786442858937,830.6,4797.5,412.1,1616.9,1962359,6982002,1280676808,189458,40339.079999999994,1044453055,19,WALWrite
1786442859936,767.1,4809.1,413.4,1632.0,1983369,7052911,1293515871,191104,40713.145,1054324415,24,WALWrite
1786442860936,718.5,4849.1,438.1,1639.5,2007303,7130871,1307155687,192872,41117.166,1064810175,32,ClientRead
1786442861936,720.4,4885.7,440.7,1652.4,2030982,7207484,1320671819,194623,41520.587,1075091135,27,WALWrite
1786442862935,721.6,4926.2,436.3,1667.3,2054135,7281030,1333327588,196306,41930.449,1085748927,20,ClientRead
1786442863936,718.9,4945.6,428.5,1682.3,2077857,7358398,1347246014,198026,42306.476,1096267455,37,WALWrite
1786442864937,734.1,4984.6,438.0,1695.4,2101529,7434812,1360704655,199745,42696.263000000006,1106728639,22,ClientRead
1786442865936,789.9,5037.5,433.5,1708.2,2124073,7509520,1374070211,201443,43064.096,1117886143,28,WALWrite
1786442866935,692.1,5078.9,420.5,1750.2,2142066,7574605,1387131897,203187,43456.316999999995,1129084607,15,ClientRead
1786442867936,756.6,5118.1,422.5,1762.0,2163775,7646347,1400166462,204910,43840.295,1140291263,16,ClientRead
1786442868936,1123.8,5168.0,350.9,1795.2,2184368,7741299,1414922254,206488,44209.756,1151727295,4,ClientRead
1786442869937,795.7,5181.4,411.1,1806.1,2205568,7814681,1428338239,208178,44600.909,1162008255,12,WALWrite
1786442870936,754.8,5219.4,405.3,1820.6,2226977,7888520,1441939654,209760,44960.467,1172125375,28,WALWrite
1786442871936,762.7,5257.5,410.7,1829.3,2249550,7963541,1455320608,211521,45357.772000000004,1182275263,24,ClientRead
1786442872936,763.6,5297.1,404.5,1838.6,2272267,8038108,1468765676,213217,45738.247,1193055935,26,WALWrite
1786442873937,759.7,5336.6,397.8,1848.7,2293472,8107889,1481401300,214791,46105.499,1203214015,52,WALWrite
1786442874937,707.6,5358.3,401.9,1863.8,2316057,8182665,1494942619,216441,46591.633,1214076607,23,WALWrite
1786442875936,783.8,5409.8,425.4,1874.2,2338025,8255854,1508406973,218199,46986.586,1225225919,20,WALWrite
1786442876936,710.4,5447.8,417.4,1884.8,2360570,8329105,1521380204,219928,47369.098,1236227775,30,ClientRead
1786442877936,725.4,5488.0,426.0,1896.5,2384667,8406183,1535097849,221696,47748.01,1247508159,25,WALWrite
1786442878937,804.3,5551.6,419.3,1911.1,2406800,8484384,1548815580,223359,48132.485,1259157183,24,ClientRead
1786442879936,748.8,5550.1,430.5,1922.8,2429036,8557950,1561886480,225054,48510.486,1269216959,19,WALWrite
1786442880936,729.1,5587.9,420.7,1933.6,2452534,8633554,1574729595,226794,48910.421,1279325887,23,WALWrite
1786442881937,719.2,5625.9,428.5,1932.9,2476083,8711067,1588643501,228546,49306.006,1289852607,27,WALWrite
1786442882936,718.5,5666.9,420.6,2001.8,2494179,8776905,1601664317,230241,49694.702,1300338367,41,WALWrite
1786442883938,772.7,5703.8,412.6,2016.5,2517399,8851993,1614786843,231988,50089.001000000004,1310807743,5,WALWrite
1786442884936,779.9,5743.3,412.6,2027.6,2539726,8925919,1628278358,233664,50463.748,1321285311,23,WALWrite
1786442885936,842.8,5828.2,400.5,2044.6,2560318,8993652,1640664952,235307,50829.187,1332369087,20,ClientRead
1786442886937,783.9,5818.5,426.4,2074.8,2581502,9066169,1654412670,236993,51209.161,1343592127,24,WALWrite
1786442887936,777.3,5858.3,407.2,2088.9,2603035,9135814,1666891821,238671,51614.414000000004,1354897087,21,WALWrite
1786442888937,848.7,6023.7,394.8,2105.3,2625243,9210705,1680969542,240444,52003.16,1365440191,26,ClientRead
1786442889936,809.8,5934.3,398.2,2111.5,2644822,9304195,1695082813,242018,52352.005000000005,1375418047,15,WALWrite
1786442890936,766.1,5955.7,394.1,2121.3,2667346,9379176,1708253559,243716,52733.19,1385363135,48,WALWrite
1786442891936,742.2,5994.5,418.2,2133.2,2690131,9454639,1721769547,245471,53123.715000000004,1395742399,17,WALWrite
1786442892936,723.7,6034.1,434.2,2145.6,2713377,9530197,1735229771,247128,53524.25,1406047935,16,WALWrite
1786442893935,718.8,6072.1,422.5,2160.9,2736198,9605816,1749045006,248820,53909.520000000004,1416509119,13,ClientRead
1786442894939,722.6,6111.3,424.6,2174.0,2759792,9680675,1762077653,250568,54304.364,1427134143,17,ClientRead
1786442895936,783.9,6203.5,413.1,2185.9,2780999,9750895,1774912628,252275,54663.652,1438496447,22,WALWrite
1786442896936,742.5,6186.1,426.0,2202.8,2803286,9825161,1788711614,254009,55066.514,1449539263,22,ClientRead
1786442897937,741.7,6226.9,433.5,2214.1,2825208,9896871,1801719952,255625,55453.974,1460811455,28,WALWrite
1786442898938,1198.2,6280.9,324.9,2253.0,2846857,9967702,1815200017,257286,55849.31300000001,1472132799,44,WALWrite
1786442899936,819.8,6306.9,432.7,2263.8,2866911,10040705,1827531311,258812,56187.06900000001,1482225343,25,WALWrite
1786442900936,699.7,6328.4,421.9,2326.7,2883727,10102992,1839729952,260319,56547.125,1492399807,34,WALWrite
1786442901936,770.0,6366.4,408.7,2334.2,2904360,10175174,1853453048,262074,56930.61,1502869183,18,WALWrite
1786442902935,767.3,6406.1,400.8,2343.3,2926692,10247104,1865957040,263806,57326.208,1513428671,19,WALWrite
1786442903936,761.3,6443.5,403.0,2354.6,2949313,10321755,1879624647,265472,57699.214,1523898047,15,WALWrite
1786442904936,667.1,6482.5,391.5,2378.3,2972401,10397501,1893330737,267203,58204.998999999996,1534547647,16,WALWrite
1786442905936,875.0,6567.5,403.0,2388.3,2989977,10460871,1906014247,268558,58560.67800000001,1545983679,23,WALWrite
1786442906936,781.6,6558.3,400.5,2396.8,3012073,10532693,1918825620,270367,58953.75800000001,1557165759,26,ClientRead
1786442907937,777.6,6599.7,399.8,2406.5,3034042,10604955,1931990438,271971,59295.68200000001,1568413375,25,ClientRead
1786442908937,816.9,6654.1,379.9,2425.6,3055423,10676822,1945416724,273709,59690.200000000004,1579914943,39,WALWrite
1786442909937,811.8,6677.4,390.6,2436.6,3076112,10779069,1960321116,275383,60061.693999999996,1589974719,31,WALWrite
1786442910936,758.9,6714.4,390.2,2446.8,3098697,10855635,1974082307,277115,60437.7,1600181951,26,ClientRead
1786442911936,739.3,6737.5,423.9,2464.0,3122143,10931309,1987186772,278879,60851.01299999999,1610659519,17,ClientRead
1786442912936,730.5,6776.2,422.3,2477.5,3145856,11007972,2000812314,280602,61224.390999999996,1621440191,33,WALWrite
1786442913935,728.6,6814.8,421.3,2492.7,3169567,11082579,2013537053,282332,61624.251000000004,1631917759,21,WALWrite
1786442914936,723.1,6854.2,415.6,2504.2,3193591,11160392,2027504788,284050,62003.380000000005,1642485439,26,WALWrite
1786442915937,800.0,6952.0,406.0,2519.5,3216172,11234638,2040895242,285867,62384.48200000001,1653765823,22,WALWrite
1786442916936,733.4,6937.9,405.3,2534.3,3238319,11307768,2054235186,287538,62755.21000000001,1664685759,18,ClientRead
1786442917936,794.8,6963.1,408.7,2546.4,3260820,11380329,2066968270,289230,63130.65200000001,1675818687,17,WALWrite
1786442918936,798.1,7018.1,406.2,2560.3,3282905,11453095,2080237556,290983,63525.06800000001,1687066303,24,WALWrite
1786442919936,753.2,7040.7,402.3,2570.5,3304450,11531157,2094244315,292664,63918.223000000005,1697396415,18,ClientRead
1786442920936,744.7,7154.4,411.4,2558.6,3327568,11608386,2108062429,294379,64312.667,1707849407,20,WALWrite
1786442921937,706.9,7202.2,400.9,2626.3,3345460,11674062,2121090987,296110,64733.292,1718220479,25,WALWrite
1786442922936,786.0,7228.0,408.7,2643.4,3366398,11743195,2133383070,297769,65112.848,1728648895,13,WALWrite
1786442923936,777.0,7269.7,394.6,2658.8,3388769,11815926,2146403164,299475,65502.406,1739093695,29,WALWrite
1786442924936,768.8,7309.3,391.9,2670.3,3412708,11894216,2160527311,301228,65893.385,1750005439,6,WALWrite
1786442925936,828.5,7415.6,375.0,2683.3,3432444,11961689,2173309258,302784,66237.838,1761162943,24,WALWrite
1786442926936,791.3,7403.3,383.1,2698.0,3452974,12029781,2185860727,304477,66606.01599999999,1772320447,30,WALWrite
1786442927936,775.0,7427.9,384.0,2710.0,3475547,12102697,2198743289,306240,66995.423,1783428799,9,WALWrite
1786442928937,1380.7,7593.0,282.2,2739.2,3497377,12174804,2212452935,308005,67376.91399999999,1794397887,42,WALWrite
1786442929937,901.5,7509.7,394.4,2759.5,3516960,12247684,2225805152,309488,67719.791,1804867263,17,WALWrite
1786442930936,775.9,7548.8,386.9,2769.3,3539240,12322412,2238737570,311185,68114.889,1815123647,13,ClientRead
1786442931936,772.1,7587.2,390.8,2775.3,3562321,12398680,2252571086,312926,68494.15699999999,1825478335,24,WALWrite
1786442932936,782.3,7609.6,393.9,2785.5,3585148,12472062,2265414816,314595,68871.60999999999,1835792063,45,WALWrite
1786442933935,730.0,7649.8,424.2,2797.9,3605050,12541185,2278671184,316064,69217.46699999999,1846523583,13,WALWrite
1786442934936,746.9,7690.2,424.0,2810.8,3628598,12616852,2292041457,317836,69607.13399999999,1857353407,11,ClientRead
1786442935936,764.7,7792.4,397.6,2825.8,3650367,12688420,2304969239,319527,69993.82999999999,1868715711,39,WALWrite
1786442936936,737.3,7776.8,393.0,2843.8,3670098,12757051,2318089135,321085,70419.08699999998,1880078015,19,WALWrite
1786442937937,730.9,7800.8,413.8,2851.6,3693023,12831559,2331561377,322747,70793.99399999999,1891096255,16,ClientRead
1786442938937,793.7,7962.6,406.0,2867.1,3715627,12905801,2345091852,324457,71179.36399999999,1900869311,14,ClientRead
1786442939937,790.6,7876.9,408.1,2875.3,3736250,13006818,2359705073,326131,71565.503,1910920895,31,ClientRead
1786442940936,723.8,7913.4,409.2,2886.1,3759411,13081770,2372644148,327837,71954.17,1921038015,22,WALWrite
1786442941937,726.2,7953.1,407.5,2899.9,3782978,13158693,2386415682,329536,72351.11699999998,1931253439,30,WALWrite
1786442942937,730.2,7990.4,407.2,2911.7,3806742,13233154,2399633041,331173,72718.86799999999,1941173951,24,WALWrite
1786442943937,741.0,8012.5,405.7,2926.8,3830885,13312145,2413048687,333018,73129.07299999999,1951667903,42,WALWrite
1786442944936,679.6,8051.5,408.5,2936.6,3851012,13381435,2426228333,334641,73494.26199999999,1961989823,32,WALWrite
1786442945936,809.9,8161.9,404.4,3006.6,3864991,13438633,2438859855,336254,73863.911,1972819647,28,ClientRead
1786442946936,842.2,8233.1,414.6,3020.9,3883814,13505368,2451900431,337862,74241.939,1984157375,14,WALWrite
1786442947936,781.1,8200.4,405.4,3031.0,3903524,13573639,2464892089,339457,74615.02999999998,1995396799,10,ClientRead
1786442948937,836.7,8349.9,406.7,3050.3,3924846,13644645,2478162839,341115,74990.555,2006578879,29,WALWrite
1786442949939,819.5,8265.2,403.7,3061.6,3944295,13718309,2491442403,342796,75366.03600000001,2017138367,17,WALWrite
1786442950936,761.1,8302.1,391.2,3073.6,3966330,13792886,2504957964,344537,75748.649,2027378367,16,WALWrite
1786442951936,776.4,8340.3,391.9,3085.2,3987961,13865110,2517886005,346147,76105.14899999999,2037503679,10,ClientRead
1786442952936,772.9,8379.6,388.2,3099.6,4010753,13939001,2530957839,347852,76490.216,2047735487,22,WALWrite
1786442953936,769.5,8400.9,390.0,3115.4,4034476,14016657,2544848280,349603,76881.848,2058393279,37,WALWrite
1786442954935,762.0,8438.6,400.9,3129.1,4056597,14089387,2558029022,351345,77265.37499999999,2068969151,28,WALWrite
1786442955936,815.4,8545.0,454.0,3141.4,4077596,14158603,2570630950,352998,77637.82199999999,2080118463,37,WALWrite
1786442956936,841.4,8612.6,465.6,3154.2,4096301,14225581,2583888827,354635,78012.31599999999,2091415231,27,ClientRead
1786442957936,795.2,8581.7,459.1,3164.8,4115808,14293461,2597012048,356214,78403.548,2102507199,36,ClientRead
1786442958936,1482.3,8732.7,335.7,3198.3,4136969,14364319,2610553198,357858,78771.053,2113443519,28,WALWrite
1786442959937,1021.3,8646.4,446.3,3222.7,4155258,14467509,2625731231,359393,79157.516,2123740863,18,WALWrite
1786442960936,731.5,8683.6,469.3,3225.8,4177226,14541490,2638638988,361103,79552.50099999999,2134021823,29,WALWrite
1786442961937,728.0,8721.8,470.6,3228.4,4200624,14618169,2652305102,362865,79961.787,2144204479,38,WALWrite
1786442962936,724.3,8760.5,464.1,3237.3,4223872,14693266,2665529981,364569,80343.773,2154550975,24,WALWrite
1786442963937,730.1,8800.4,474.4,3247.3,4247084,14768468,2678864750,366251,80755.19099999999,2165503679,31,WALWrite
1786442964936,743.9,8824.0,485.7,3258.2,4270064,14842174,2691918193,367953,81122.174,2175932095,28,ClientRead
1786442965937,789.4,8943.5,466.2,3272.9,4293204,14918317,2705795259,369694,81526.678,2187605695,18,WALWrite
1786442966937,768.4,9009.9,447.9,3289.9,4313123,14985010,2718152345,371376,81915.763,2198959807,21,WALWrite
1786442967937,736.2,8972.1,462.1,3300.1,4331619,15052220,2731192173,372768,82274.981,2209789631,22,ClientRead
1786442968937,802.2,9138.2,460.1,3314.7,4354750,15126976,2744691890,374554,82697.259,2221340351,20,WALWrite
1786442969935,775.0,9035.0,458.5,3323.4,4374266,15199354,2757787248,376082,83039.691,2231629503,20,WALWrite
1786442970937,720.4,9074.2,456.5,3334.1,4397567,15275417,2771008894,377837,83435.437,2241861311,21,ClientRead
1786442971936,722.3,9112.7,463.0,3348.2,4419938,15350176,2784583127,379485,83818.80600000001,2252199615,28,ClientRead
1786442972936,722.7,9150.9,460.8,3364.9,4442611,15424598,2797926237,381175,84219.039,2262996671,20,WALWrite
1786442973936,665.3,9193.1,449.6,3440.1,4459724,15489817,2811617842,382851,84632.043,2273834687,38,ClientRead
1786442974936,776.8,9216.0,449.5,3455.0,4476623,15550802,2823569602,384422,85000.962,2284230335,21,WALWrite
1786442975935,815.5,9336.1,419.0,3467.6,4498102,15622348,2836672272,386070,85383.364,2294675135,13,WALWrite
1786442976937,834.4,9398.2,427.6,3479.2,4517936,15692168,2850412875,387770,85760.777,2306315967,35,WALWrite
1786442977937,813.1,9375.7,428.3,3490.9,4538461,15760919,2863024842,389445,86133.012,2317194943,13,ClientRead
1786442978939,884.9,9528.5,409.3,3509.2,4558922,15831005,2876318158,391062,86502.53699999998,2328426175,15,ClientRead
1786442979936,814.6,9424.6,418.9,3520.8,4577806,15903068,2889937893,392616,86855.95599999999,2339083967,20,ClientRead
1786442980937,788.5,9463.6,423.0,3532.1,4599800,15977626,2903260637,394317,87239.55099999999,2349201087,14,WALWrite
1786442981936,765.7,9500.9,410.0,3545.1,4622538,16052902,2916669206,396037,87621.84599999999,2359350975,15,WALWrite
1786442982936,766.2,9540.3,410.7,3557.8,4645039,16127168,2930002632,397725,88017.82299999999,2369697471,23,ClientRead
1786442983936,767.3,9579.8,399.4,3573.5,4667728,16202084,2943544243,399412,88395.41299999999,2380330687,25,WALWrite
1786442984936,732.2,9601.3,393.6,3612.2,4689911,16275513,2956889877,401090,88795.427,2390800063,22,ClientRead
1786442985937,854.4,9722.7,407.3,3623.4,4709970,16343741,2969680978,402648,89145.65999999999,2402006719,15,WALWrite
1786442986938,842.1,9788.6,391.1,3634.6,4730187,16412587,2982750294,404391,89508.59599999999,2413475519,17,WALWrite
1786442987937,804.7,9750.3,403.6,3649.6,4751066,16483029,2995912786,406087,89852.88299999999,2424592063,29,WALWrite
1786442988936,1488.5,9916.0,279.5,3674.5,4771638,16548697,3007953908,407658,90195.92799999999,2435618495,22,WALWrite
1786442989938,1210.7,9811.9,373.8,3698.8,4790919,16618064,3021184039,409332,90571.75099999997,2446038719,20,WALWrite
1786442990937,734.4,9850.5,453.9,3706.2,4812317,16694595,3034813529,410963,90947.48199999999,2456114879,13,ClientRead
1786442991936,738.9,9888.1,464.1,3711.8,4835711,16770975,3048460517,412682,91332.44899999998,2466428607,9,ClientRead
1786442992936,700.8,9926.9,445.9,3720.3,4858129,16845257,3061948339,414317,91700.37599999999,2476684991,27,WALWrite
1786442993936,731.8,9966.3,447.2,3728.4,4880681,16918926,3075068667,416022,92144.25899999999,2487162559,21,ClientRead
1786442994936,726.2,9989.6,450.3,3740.0,4903561,16994220,3088674513,417741,92529.04599999997,2498090687,21,ClientRead
1786442995937,773.6,10113.8,431.8,3750.4,4925538,17066738,3101805024,419420,92910.044,2509698751,14,WALWrite
1786442996937,792.1,10180.1,431.4,3760.8,4945877,17135804,3114745288,421090,93281.419,2521200319,18,WALWrite
1786442997936,727.8,10138.1,431.5,3774.6,4965889,17205338,3128147575,422700,93673.68099999998,2532538047,27,ClientRead
1786442998936,790.7,10305.4,425.1,3789.2,4987421,17277597,3141709116,424339,94071.91599999998,2543883967,18,ClientRead
1786442999937,779.1,10201.9,435.9,3796.4,5007254,17351105,3154964711,425935,94442.87899999999,2554246847,44,WALWrite
1786443000937,701.0,10238.8,440.2,3819.7,5030328,17427829,3168476376,427670,94833.14099999999,2564535999,28,ClientRead
1786443001937,743.0,10277.3,437.1,3840.1,5053414,17503012,3181675218,429365,95215.59499999999,2574767807,31,ClientRead
1786443002936,726.7,10315.2,429.0,3849.4,5076555,17579035,3195362015,431079,95610.629,2585081535,22,WALWrite
1786443003936,723.3,10354.7,427.7,3865.7,5099442,17654045,3208814838,432768,96020.939,2595739327,14,WALWrite
1786443004937,740.2,10376.7,424.6,3875.8,5122773,17729859,3222388596,434483,96412.492,2606184127,20,ClientRead
1786443005937,755.6,10501.9,423.2,3886.6,5144839,17801519,3235233505,436310,96810.742,2617013951,7,ClientRead
1786443006937,785.2,10566.2,429.0,3975.5,5156324,17853063,3247413828,437842,97167.19599999998,2628826815,21,WALWrite
1786443007936,835.9,10527.8,435.9,3988.7,5174489,17920549,3260894281,439303,97520.13999999998,2640099007,25,ClientRead
1786443008936,819.0,10693.2,423.4,4008.0,5194231,17987685,3273639143,440911,97916.472,2651076287,44,WALWrite
1786443009937,840.3,10595.8,419.7,4015.7,5213336,18062043,3287240548,442447,98304,2661701311,11,ClientRead
1786443010937,782.5,10628.8,415.1,4025.6,5235291,18136872,3300739520,444122,98677.746,2672064191,25,WALWrite
1786443011937,780.8,10665.9,413.5,4036.4,5257631,18211944,3314289757,445805,99074.631,2682205887,22,ClientRead
1786443012937,847.7,10732.2,394.4,4051.9,5280555,18286830,3327644944,447576,99474.533,2692708031,18,WALWrite
1786443013937,810.1,10743.2,387.0,4064.6,5299955,18354324,3340675158,449221,99810.31499999999,2702751423,34,WALWrite
1786443014936,777.0,10766.9,391.5,4076.9,5321786,18426775,3353906323,450878,100172.06999999999,2713286335,37,WALWrite
1786443015937,823.5,10894.3,376.8,4092.3,5343166,18499206,3367387499,452586,100556.663,2724263615,38,WALWrite
1786443016936,833.1,10959.3,380.8,4106.7,5363623,18569109,3380628962,454351,100925.16999999998,2735978175,29,ClientRead
1786443017938,821.9,10922.4,400.4,4123.9,5383715,18637269,3393354412,456008,101285.734,2747094719,28,ClientRead
1786443018936,1516.5,10987.2,295.3,4159.9,5403252,18700562,3405258936,457578,101653.046,2757293759,20,ClientRead
1786443019936,1360.6,11009.5,352.6,4192.1,5420624,18808858,3420900833,459081,102044.89899999999,2765911743,9,ClientRead
1786443020938,806.7,11018.5,406.7,4194.5,5441366,18885241,3434843279,460677,102429.86099999999,2776282815,17,WALWrite
1786443021936,765.2,11056.6,401.6,4200.6,5463550,18959515,3448329829,462394,102796.76699999999,2786309823,25,WALWrite
1786443022936,770.8,11093.6,398.0,4210.3,5486122,19033495,3461555043,464108,103190.48299999998,2796213951,14,WALWrite
1786443023937,771.5,11165.6,391.3,4217.9,5507745,19106824,3475207283,465688,103614.13099999998,2806781631,31,ClientRead
1786443024936,864.0,11222.1,393.6,4227.9,5528552,19176407,3488037986,467316,103987.74399999999,2817251007,32,WALWrite
1786443025936,842.7,11293.3,423.8,4242.8,5548960,19245631,3501008090,469020,104370.70899999999,2828842687,24,ClientRead
1786443026936,800.5,11356.0,444.3,4251.3,5568605,19314095,3514239928,470697,104735.029,2840319679,34,ClientRead
1786443027937,769.5,11308.8,428.6,4262.4,5589321,19384408,3527296140,472403,105101.09499999999,2851231423,26,WALWrite
1786443028936,768.0,11474.7,426.5,4280.3,5610281,19455186,3540685794,474095,105515.32299999997,2862159551,25,WALWrite
1786443029937,778.7,11399.3,443.2,4290.8,5630841,19578560,3557140951,475734,105897.90799999998,2872448703,24,WALWrite
1786443030936,752.6,11423.5,433.8,4300.1,5653289,19653294,3570288748,477433,106278.93199999999,2882574015,29,WALWrite
1786443031937,721.9,11445.8,433.4,4313.0,5676471,19729271,3583804996,479125,106669.04299999999,2893199039,23,WALWrite
1786443032936,735.7,11484.8,432.4,4325.8,5699613,19805181,3597414023,480862,107068.42199999998,2903455423,23,WALWrite
1786443033935,718.0,11523.1,432.4,4332.8,5723030,19881015,3610896377,482528,107447.78199999998,2913629887,23,WALWrite
1786443034936,735.6,11562.4,429.6,4341.7,5746212,19956409,3624351786,484228,107853.39899999998,2924771007,5,ClientRead
1786443035936,785.4,11693.5,416.5,4354.8,5768645,20030180,3637871234,485997,108244.68199999999,2935338687,46,WALWrite
1786443036936,811.0,11739.8,438.0,4366.2,5789386,20100325,3651027725,487710,108603.47799999999,2946373311,32,WALWrite
1786443037937,782.5,11695.1,425.8,4384.4,5809836,20171144,3664172513,489358,108959.20199999998,2958038719,11,WALWrite
1786443038936,897.0,11864.4,424.4,4402.2,5830329,20240186,3677019702,491070,109332.61699999998,2969564863,24,ClientRead
1786443039935,782.5,11781.6,424.6,4410.4,5850167,20315485,3691074773,492687,109726.34399999997,2979731135,28,WALWrite
1786443040935,742.9,11811.7,428.8,4422.9,5873242,20391782,3704535531,494433,110110.11299999998,2990028479,26,WALWrite
1786443041937,738.1,11835.2,418.0,4437.0,5896687,20467923,3717928595,496132,110484.29599999997,3000325823,19,WALWrite
1786443042937,733.6,11873.5,411.3,4453.7,5920776,20546001,3731792962,497911,110869.43399999998,3010639551,13,WALWrite
1786443043937,675.6,11912.9,423.4,4446.0,5941721,20616182,3744813987,499633,111269.73599999999,3021756095,2,
1786443044937,692.4,11952.1,410.5,4592.8,5954490,20671526,3757370624,501297,111675.93099999998,3032299199,39,WALWrite
1786443045936,843.1,12085.5,422.0,4604.3,5975142,20740469,3769859582,503069,112038.39399999997,3042662079,21,WALWrite
1786443046936,835.7,12133.4,400.8,4614.5,5994994,20810101,3783357055,504781,112398.32499999998,3054442175,9,WALWrite
1786443047935,840.8,12084.1,399.3,4628.8,6015004,20879482,3796666776,506512,112764.61399999999,3066050239,17,ClientRead
1786443048936,1440.2,12250.6,296.5,4658.0,6034340,20940570,3808063296,508146,113118.45099999997,3076822719,26,ClientRead
1786443049937,1414.3,12163.2,333.8,4685.3,6054172,21013552,3822093704,509821,113484.00099999997,3087234751,19,WALWrite
1786443050936,794.4,12201.2,420.3,4692.3,6075412,21089839,3835581474,511436,113862.05899999998,3097261759,12,WALWrite
1786443051938,780.0,12221.0,399.7,4695.4,6097444,21163200,3848763425,513067,114223.49999999999,3107485375,26,ClientRead
1786443052936,766.3,12260.5,389.9,4702.7,6119997,21238211,3862531698,514844,114614.76799999998,3118044863,24,WALWrite
1786443053936,756.0,12297.9,404.5,4716.3,6143328,21312678,3875414101,516624,115035.16999999998,3128194751,19,WALWrite
1786443054937,768.9,12338.0,448.6,4726.9,6165154,21386753,3889264747,518231,115416.476,3139204799,36,WALWrite
1786443055937,827.7,12463.6,453.3,4740.4,6185629,21456424,3902541642,519906,115797.99699999997,3150665407,38,WALWrite
1786443056936,829.3,12511.7,455.2,4755.1,6205348,21524494,3915359825,521550,116158.241,3162240703,47,WALWrite
1786443057936,840.2,12581.4,447.2,4766.1,6224867,21592710,3928599439,523195,116529.96399999999,3173799615,24,WALWrite
1786443058936,786.8,12630.6,429.8,4786.7,6244283,21658933,3941316754,524862,116912.53499999999,3184670399,3,ClientRead
1786443059936,831.5,12551.9,436.9,4797.2,6262328,21730585,3954998873,526327,117281.94600000001,3195500223,13,WALWrite
1786443060936,771.0,12582.0,436.3,4804.7,6284161,21805225,3968422732,527997,117663.29900000001,3205617343,20,ClientRead
1786443061936,783.7,12603.8,427.1,4818.4,6306468,21878498,3981410273,529676,118049.59999999999,3215988415,28,WALWrite
1786443062936,769.7,12640.8,415.4,4832.4,6328426,21950973,3994470126,531346,118441.372,3226236607,19,WALWrite
1786443063935,764.7,12680.3,421.7,4844.8,6350689,22024549,4007780231,533070,118841.462,3236746943,23,WALWrite
1786443064936,785.3,12720.9,426.7,4862.1,6373201,22098478,4021073129,534735,119211.939,3247314623,33,WALWrite
1786443065936,860.6,12858.5,425.5,4875.3,6394085,22169421,4034542409,536450,119609.00099999999,3257849535,12,ClientRead
1786443066935,795.8,12904.5,469.2,4896.6,6412330,22233404,4046800452,538139,119959.55500000001,3269408447,39,WALWrite
1786443067936,794.8,12976.5,480.3,4907.8,6432650,22303822,4060248166,539897,120379.15999999999,3281041087,8,WALWrite
1786443068937,798.6,13020.3,488.6,4921.8,6450940,22368685,4073131798,541424,120724.58899999998,3292141247,31,WALWrite
1786443069937,789.9,12940.3,497.9,4934.9,6470657,22444846,4087038716,543028,121120.70199999999,3302749887,27,WALWrite
1786443070936,724.3,12969.7,476.5,4947.4,6492264,22517206,4099909152,544649,121496.704,3312826047,16,ClientRead
1786443071937,735.1,12991.7,487.5,4956.2,6514813,22592005,4113360521,546332,121911.27699999999,3323090623,29,WALWrite
1786443072936,727.3,13029.3,478.2,4965.8,6537561,22666602,4126666411,548032,122304.56899999999,3333420735,31,WALWrite
1786443073937,727.6,13069.3,475.6,4978.4,6560305,22740983,4140021913,549742,122696.23599999999,3343709887,18,ClientRead
1786443074937,728.5,13107.7,489.2,4990.5,6582891,22815661,4153613394,551446,123102.04599999999,3354171071,25,WALWrite
1786443075936,800.8,13247.4,473.4,5001.3,6604069,22886341,4166696398,553119,123480.49399999999,3364951743,23,WALWrite
1786443076937,799.3,13293.9,469.7,5014.3,6623692,22954520,4179680990,554742,123879.40599999999,3376297663,42,ClientRead
1786443077938,833.1,13347.7,494.2,5029.4,6642984,23022294,4193003784,556344,124236.19599999998,3388135103,31,ClientRead
1786443078936,1425.5,13406.9,337.7,5052.6,6661339,23081737,4204101947,557829,124580.178,3398817471,42,ClientRead
1786443079936,1480.2,13319.4,359.6,5077.0,6680790,23153331,4218165047,559548,124965.18200000002,3409270463,23,WALWrite
1786443080937,783.7,13358.4,495.8,5090.9,6702055,23230495,4231971119,561110,125320.315,3419502271,26,WALWrite
1786443081935,733.0,13381.8,467.9,5093.6,6724336,23303149,4244820647,562798,125711.008,3430045375,41,ClientRead
1786443082937,722.6,13419.3,459.5,5099.4,6747081,23377788,4258237252,564491,126095.90800000001,3440801471,36,WALWrite
1786443083936,730.8,13457.5,465.8,5107.5,6770147,23453567,4271993231,566185,126493.259,3451246271,17,WALWrite
1786443084936,703.5,13497.9,457.8,5122.3,6792311,23526035,4284997388,567756,126920.114,3461854911,25,WALWrite
1786443085937,796.5,13640.1,452.2,5136.0,6813963,23599211,4298769802,569458,127296.43100000001,3473585855,19,WALWrite
1786443086936,805.6,13686.2,452.7,5150.5,6834869,23669757,4311911343,571137,127667.07100000001,3485169343,17,ClientRead
1786443087940,791.0,13746.4,457.1,5163.5,6854760,23736876,4324427174,572746,128019.424,3496457919,13,ClientRead
1786443088938,726.1,13800.3,460.7,5171.8,6867373,23791361,4336720017,574251,128433.957,3507910335,20,ClientRead
1786443089936,805.4,13721.6,469.2,5240.4,6880786,23859467,4350207190,575611,128810.893,3518666431,32,ClientRead
1786443090937,803.1,13751.9,436.5,5252.4,6900960,23944778,4364009877,577203,129189.348,3529094847,12,ClientRead
1786443091936,799.6,13791.5,428.7,5265.7,6922435,24035091,4378548241,578871,129583.871,3539670719,24,ClientRead
1786443092936,804.8,13814.2,433.0,5278.5,6943767,24123764,4392814690,580541,129955.974,3550238399,31,WALWrite
1786443093936,796.0,13852.5,419.1,5291.1,6965710,24213214,4407464962,582232,130340.27699999999,3560847039,13,WALWrite
1786443094936,792.8,13891.3,411.9,5308.2,6987588,24301500,4421668702,583958,130728.59899999999,3571439295,28,WALWrite
1786443095937,846.0,14027.6,407.4,5324.2,7007909,24384973,4435616897,585613,131086.92200000002,3582277311,4,WALWrite
1786443096937,861.4,14096.5,400.1,5336.3,7027668,24466664,4449882610,587329,131441.344,3593918143,19,WALWrite
1786443097937,859.9,14152.1,399.9,5350.1,7047761,24548153,4463756843,589055,131799.236,3605690047,16,ClientRead
1786443098937,874.1,14210.7,408.3,5367.2,7066924,24628526,4477876797,590744,132154.393,3617380031,11,WALWrite
1786443099937,976.7,14112.5,404.4,5379.9,7084909,24711105,4491453064,592225,132500.404,3627988671,19,WALWrite
1786443100936,785.3,14143.5,398.6,5390.2,7105288,24797486,4506073395,593874,132877.597,3638523583,7,ClientRead
1786443101936,788.0,14182.2,389.3,5404.2,7127122,24888225,4520934449,595548,133242.092,3649246911,30,ClientRead
1786443102938,790.9,14223.2,404.7,5416.2,7148539,24975472,4534854729,597205,133624.366,3660273343,12,ClientRead
1786443103936,799.9,14261.9,400.6,5432.0,7170108,25063821,4549082686,598852,134015.27200000003,3671094975,36,ClientRead
1786443104937,797.9,14301.1,408.2,5447.2,7191928,25152286,4563224304,600536,134392.613,3681769151,37,WALWrite
1786443105936,846.9,14440.1,383.9,5462.7,7212667,25237835,4577851946,602231,134772.804,3692926655,29,WALWrite
1786443106936,868.9,14490.5,395.8,5475.4,7232363,25318850,4591692379,603910,135148.55,3704723135,17,ClientRead
1786443107936,874.4,14547.6,400.2,5489.0,7252800,25402526,4606092267,605610,135523.733,3716552383,15,WALWrite
1786443108935,1463.1,14560.3,300.5,5516.1,7270999,25476211,4618453662,607261,135875.59100000001,3728029375,23,ClientRead
1786443109936,1567.1,14523.1,285.8,5546.7,7289026,25556403,4632791294,608832,136229.14500000002,3737990847,14,ClientRead
1786443110937,881.5,14554.0,421.5,5560.0,7309919,25649243,4647858526,610475,136613.44000000003,3748787903,35,WALWrite
1786443111937,793.9,14591.9,398.4,5563.4,7332140,25739456,4662262280,612155,137000.61700000003,3759363775,25,WALWrite
1786443112937,802.5,14631.5,407.9,5567.9,7354223,25829007,4676566919,613858,137371.16800000003,3769939647,9,ClientRead
1786443113936,798.4,14670.3,394.2,5577.0,7376320,25919325,4691135063,615587,137766.21000000002,3780343487,26,ClientRead
1786443114936,784.4,14692.4,409.4,5591.9,7398169,26007064,4705150657,617255,138141.27200000003,3791255231,21,WALWrite
1786443115938,784.2,14814.6,465.7,5601.4,7418454,26081670,4718425605,618885,138554.24000000002,3802642111,24,WALWrite
1786443116936,787.6,14878.4,444.5,5611.6,7438875,26151846,4731705592,620566,138917.714,3814397631,10,WALWrite
1786443117937,804.5,14939.5,450.1,5621.5,7458770,26220043,4744645364,622212,139267.00200000004,3825587903,32,XactGroupUpdate
1786443118939,829.6,14948.1,444.7,5641.3,7478724,26289583,4758021575,623913,139664.77500000002,3836737215,27,WALWrite
1786443119937,820.7,14900.3,456.9,5649.6,7497877,26481384,4778488457,625437,140047.335,3844871871,24,WALWrite
1786443120935,699.2,14926.6,445.3,5661.6,7518912,26553808,4791783346,627020,140418.87399999998,3849311935,32,WALWrite
1786443121937,722.5,14937.2,443.7,5671.3,7541875,26628848,4804905026,628737,140840.86,3853825727,16,ClientRead
1786443122937,733.6,14963.2,448.6,5685.7,7565459,26705540,4818568558,630516,141234.922,3858388671,8,ClientRead
1786443123936,718.4,14989.9,449.4,5698.6,7588533,26781029,4832068929,632235,141623.305,3863000767,18,WALWrite
1786443124937,733.3,15017.3,442.1,5712.7,7611217,26855171,4845375171,633864,141984.37600000002,3868038847,21,ClientRead
1786443125936,788.5,15150.1,440.9,5726.5,7633937,26928430,4858409586,635701,142387.25100000002,3872831167,17,WALWrite
1786443126937,806.5,15185.5,444.4,5740.3,7653458,26997320,4871748593,637324,142758.73799999998,3878344383,10,ClientRead
1786443127937,809.6,15228.1,450.4,5753.0,7673850,27066711,4884997258,638949,143135.84999999998,3884177087,28,WALWrite
1786443128936,846.2,15152.1,438.1,5765.1,7693668,27136386,4898269769,640562,143502.622,3889379007,26,WALWrite
1786443129937,788.3,15172.6,433.5,5773.7,7713531,27266449,4915115701,642189,143853.672,3892016831,15,ClientRead
1786443130936,728.3,15187.3,432.0,5785.3,7735569,27340249,4928296278,643870,144242.875,3896456895,10,ClientRead
1786443131936,721.9,15213.2,426.6,5800.6,7757819,27412431,4940974081,645547,144630.467,3900921535,28,WALWrite
1786443132936,721.9,15239.6,422.3,5816.0,7782445,27491840,4954851884,647367,145030.798,3905509055,10,ClientRead
1786443133936,723.3,15251.0,426.2,5828.7,7804525,27563460,4967566030,649009,145415.16700000002,3910391487,13,WALWrite
1786443134938,729.4,15277.2,432.2,5843.8,7827839,27636978,4980837713,650606,145772.55800000002,3915110079,18,ClientRead
1786443135937,780.7,15386.5,416.3,5857.6,7849946,27712135,4994209547,652441,146163.13700000002,3920017087,26,ClientRead
1786443136936,802.5,15439.6,426.2,5872.4,7871157,27782858,5007180900,654240,146570.49000000002,3925939903,19,ClientRead
1786443137935,795.0,15488.3,426.5,5886.9,7889047,27847247,5020127768,655695,146903.63700000002,3931567807,13,ClientRead
1786443138937,1474.8,15509.3,303.3,5913.8,7909155,27915615,5033595730,657395,147301.54200000002,3936761535,37,WALWrite
1786443139936,1598.8,15409.3,315.3,5921.4,7925708,27977072,5045629350,658846,147658.689,3941349055,20,ClientRead
1786443140938,711.0,15435.6,441.8,6095.3,7936010,28032257,5058590278,660301,148025.97699999998,3946018495,32,ClientRead
1786443141937,786.9,15463.3,427.1,6122.3,7951577,28107599,5072560275,661828,148385.958,3951007423,28,WALWrite
1786443142935,805.5,15491.0,422.2,6126.0,7973260,28208720,5088073005,663499,148754.053,3956037311,20,ClientRead
1786443143936,797.1,15518.5,415.7,6130.4,7994810,28306597,5103160933,665165,149155.231,3960936127,21,WALWrite
1786443144936,805.2,15540.5,416.3,6138.2,8016312,28404711,5117834328,666807,149515.373,3971511999,22,WALWrite
1786443145936,870.0,15696.2,403.2,6156.7,8037226,28500717,5133213262,668511,149903.904,3983021759,23,WALWrite
1786443146936,874.3,15766.8,403.9,6165.1,8056688,28588087,5147505120,670168,150269.69600000003,3994957503,24,ClientRead
1786443147936,848.8,15827.8,394.9,6174.6,8076203,28675013,5161819360,671846,150623.347,4006696639,1,
1786443148936,905.1,15812.1,402.0,6194.4,8095186,28761658,5176327495,673432,150968.85100000002,4018255551,42,WALWrite
1786443149937,877.3,15779.6,404.6,6201.5,8114795,28858810,5191682506,675020,151322.04200000002,4028872383,24,WALWrite
1786443150937,798.8,15808.1,393.8,6211.0,8135650,28954675,5206248366,676654,151708.901,4039153343,32,ClientRead
1786443151938,781.6,15848.4,397.0,6220.5,8156407,29050076,5220925414,678267,152103.56900000002,4049680063,15,ClientRead
1786443152937,815.9,15890.6,400.8,6231.9,8178347,29149695,5236167524,679956,152477.545,4060116671,35,WALWrite
1786443153936,797.5,15925.6,413.1,6246.4,8199767,29245576,5250581896,681641,152861.304,4070479551,36,WALWrite
1786443154937,815.3,15983.0,476.4,6260.0,8220492,29339936,5265615752,683238,153242.28000000003,4081538751,26,WALWrite
1786443155936,852.6,16117.1,461.2,6271.8,8240354,29431077,5280331190,684870,153617.045,4092171967,16,WALWrite
1786443156936,885.5,16211.0,471.5,6291.6,8258993,29515340,5293903351,686460,153961.717,4103476927,28,ClientRead
1786443157936,870.0,16276.1,449.2,6301.9,8278138,29601939,5308002738,688063,154310.31300000002,4115199679,19,ClientRead
1786443158936,926.5,16387.8,440.5,6321.0,8297452,29689627,5322822677,689783,154693.692,4127446719,31,WALWrite
1786443159936,927.0,16239.0,439.4,6335.7,8314942,29777689,5336415804,691310,155025.503,4138358463,26,WALWrite
1786443160936,925.3,16263.7,438.7,6342.9,8334202,29867611,5351182618,692925,155415.15000000002,4148950719,34,WALWrite
1786443161938,801.5,16304.9,429.3,6352.6,8354776,29961906,5365856473,694567,155801.70700000002,4159198911,20,ClientRead
1786443162936,801.4,16326.5,418.8,6367.0,8376041,30057564,5380069324,696192,156186.222,4169971391,26,WALWrite
1786443163936,806.6,16367.3,422.6,6381.6,8397271,30153809,5394991272,697853,156570.85499999998,4180735679,19,ClientRead
1786443164936,802.2,16410.0,421.8,6394.1,8419196,30252487,5410265662,699478,156937.30800000002,4191942335,25,WALWrite
1786443165937,856.9,16552.4,412.1,6410.2,8439780,30345097,5424787381,701194,157324.458,4202763967,25,WALWrite
1786443166936,858.8,16635.7,400.3,6421.2,8459050,30432464,5439054739,702818,157672.31699999998,4214298303,37,ClientRead
1786443167936,850.4,16700.8,412.8,6434.6,8478771,30521393,5453606229,704490,158042.53999999998,4226332351,10,ClientRead
1786443168938,1546.8,16773.8,303.4,6462.8,8497271,30603007,5467466844,706131,158387.27000000002,4237481663,26,WALWrite
1786443169936,1947.7,16652.1,265.8,6483.4,8515141,30827089,5490914780,707777,158747.25900000002,4247131839,23,WALWrite
1786443170936,968.8,16669.7,419.6,6500.6,8534563,30921898,5506381466,709337,159129.45200000005,4251956927,27,WALWrite
1786443171936,795.1,16697.3,455.3,6505.5,8555072,31015934,5520487650,710935,159511.66900000002,4256659135,20,WALWrite
1786443172939,726.0,16723.4,487.7,6507.2,8577492,31099072,5534532083,712697,159921.99000000005,4261213887,16,ClientRead
1786443173937,726.4,16750.0,489.1,6513.9,8600074,31172982,5547549416,714356,160297.61700000003,4265555647,38,WALWrite
1786443174937,724.0,16760.2,487.4,6518.4,8622643,31247982,5561202097,715990,160676.25000000003,4270446271,18,ClientRead
1786443175937,795.8,16898.0,489.9,6527.7,8643663,31319250,5574531584,717662,161058.28300000005,4275787455,30,WALWrite
1786443176935,765.1,16964.3,500.9,6540.5,8662358,31386492,5587850129,719207,161454.34200000006,4281579199,16,ClientRead
1786443177938,803.8,17014.6,486.1,6551.5,8681217,31452251,5600252715,720767,161828.89000000004,4287092415,13,WALWrite
1786443178936,847.0,16934.7,472.2,6563.0,8701142,31520059,5613117901,722419,162183.87600000005,4292499135,21,WALWrite
1786443179937,821.9,16911.5,502.8,6576.5,8720047,31593296,5626369947,723969,162546.067,4297201343,10,WALWrite
1786443180937,729.6,16937.8,497.9,6585.7,8741700,31666910,5639699143,725638,162951.25900000002,4301821631,15,WALWrite
1786443181937,705.4,16964.1,485.8,6600.4,8763757,31741550,5653425655,727256,163356.313,4306179775,18,WALWrite
1786443182936,731.5,16990.9,500.6,6613.5,8785871,31813696,5666134776,728909,163768.10799999998,4310521535,20,WALWrite
1786443183937,728.4,17018.8,479.9,6628.2,8808039,31885969,5678928482,730596,164177.25,4315313855,16,ClientRead
1786443184937,734.6,17029.2,487.7,6640.7,8830911,31961254,5692535551,732267,164554.044,4319999679,7,WALWrite
1786443185936,811.7,17148.9,486.2,6654.0,8851758,32031462,5705447397,733997,164955.099,4324808383,8,WALWrite
1786443186937,822.6,17233.2,492.2,6669.7,8871362,32099803,5718675539,735623,165317.89700000003,4330108607,30,ClientRead
1786443187937,822.0,17283.7,491.7,6684.2,8891112,32168125,5731722874,737177,165701.07400000002,4335679167,31,WALWrite
1786443188936,873.7,17422.3,485.8,6704.9,8910708,32234744,5744352469,738824,166085.728,4341118655,37,ClientRead
1786443189936,824.5,17187.5,480.5,6715.5,8929864,32310521,5758516321,740356,166438.242,4345591487,9,ClientRead
1786443190936,737.2,17204.8,483.6,6721.0,8951159,32382693,5771457641,741963,166826.647,4350072511,22,ClientRead
1786443191936,726.7,17229.3,464.4,6738.5,8974121,32458087,5784937193,743633,167214.53100000002,4354463423,16,ClientRead
1786443192936,733.4,17255.7,473.4,6750.6,8996701,32531501,5797827766,745320,167607.03200000004,4358870719,19,ClientRead
1786443193937,734.3,17282.3,468.7,6765.6,9020007,32607555,5811534796,746984,167991.727,4363335359,21,ClientRead
1786443194937,732.7,17293.7,471.1,6783.4,9042740,32682033,5824673559,748679,168388.395,4368307903,38,WALWrite
1786443195937,804.9,17430.6,455.8,6797.6,9063925,32752831,5837596830,750398,168760.307,4373001919,7,ClientRead
1786443196937,826.7,17500.4,473.1,6812.6,9083738,32820767,5850502231,751940,169122.171,4378646207,15,ClientRead
1786443197937,835.7,17551.0,470.2,6825.8,9103746,32889847,5863776882,753642,169505.52800000002,4384241343,18,WALWrite
1786443198937,1499.0,17721.6,310.8,6858.3,9122787,32952958,5876013678,755200,169873.488,4389033663,34,ClientRead
1786443199936,1881.9,17442.1,238.4,6874.0,9142765,33019452,5888629622,756981,170238.37900000002,4393440959,35,WALWrite
1786443200936,965.9,17468.9,476.2,6845.3,9163123,33090181,5901887826,758575,170602.49300000002,4397962943,14,ClientRead
1786443201937,696.4,17495.6,454.1,6872.8,9175426,33152129,5915465356,760027,170972.16900000002,4402542271,6,WALWrite
1786443202937,707.5,17524.4,449.9,7036.8,9185294,33204379,5927908056,761476,171344.29,4407318207,8,WALWrite
1786443203936,815.7,17552.7,442.2,7049.3,9204412,33292901,5942354230,762986,171705.51400000002,4412798655,21,WALWrite
1786443204936,812.6,17581.1,432.7,7061.9,9225845,33391948,5957522422,764659,172098.15800000002,4418336447,30,WALWrite
1786443205937,870.1,17706.9,417.7,7071.3,9246624,33489266,5972601373,766287,172468.377,4424300223,34,WALWrite
1786443206936,885.1,17775.9,421.8,7082.7,9265916,33576415,5986589189,767925,172826.24900000004,4430542527,35,ClientRead
1786443207936,870.3,17828.5,405.4,7098.7,9285707,33664796,6001152488,769585,173200.74200000003,4436891327,17,ClientRead
1786443208936,948.9,17894.3,406.2,7115.2,9304890,33751836,6015492053,771270,173553.05100000004,4442912447,36,ClientRead
1786443209935,890.6,17738.1,412.2,7126.1,9323518,33845295,6030506198,772794,173897.69300000003,4448032447,20,WALWrite
1786443210937,808.3,17764.9,409.8,7136.5,9343609,33940378,6045447613,774398,174269.32900000003,4453144255,20,WALWrite
1786443211935,812.8,17792.4,401.8,7147.5,9365292,34038979,6060314349,776054,174640.695,4457854655,32,WALWrite
1786443212939,781.8,17820.2,401.3,7161.6,9387054,34139488,6075768914,777750,175029.83000000002,4462950079,27,ClientRead
1786443213936,807.5,17845.9,404.0,7176.8,9407815,34233924,6090126422,779327,175436.698,4467775167,30,WALWrite
1786443214936,724.4,17857.1,378.5,7246.2,9428167,34326385,6104784038,780891,175808.78000000003,4472657599,52,WALWrite
1786443215935,871.2,17991.5,413.5,7254.1,9446054,34409078,6118705519,782271,176163.54000000004,4477548223,31,ClientRead
1786443216936,861.7,18076.3,395.7,7266.1,9465148,34497496,6133236439,783915,176531.939,4488607423,42,WALWrite
1786443217936,881.0,18140.0,403.9,7279.7,9484471,34584424,6147255725,785517,176881.56100000002,4500059839,33,WALWrite
1786443218938,919.6,18200.4,408.5,7298.5,9504065,34674804,6162595186,787155,177261.772,4511741631,40,WALWrite
1786443219936,936.0,18067.7,404.1,7310.9,9520767,34886399,6184065007,788566,177606.375,4519130815,10,WALWrite
1786443220936,901.7,18126.2,409.7,7324.4,9541018,34983270,6199506377,790193,177972.771,4524070591,37,WALWrite
1786443221937,910.4,18120.5,402.7,7332.6,9561303,35075669,6213609428,791789,178331.34,4528821951,15,WALWrite
1786443222936,803.5,18149.7,407.9,7346.9,9582936,35173459,6228889994,793470,178729.02000000002,4534335167,22,ClientRead
1786443223936,810.4,18177.8,411.6,7357.5,9604371,35270818,6243514436,795106,179107.47900000002,4539856575,19,WALWrite
1786443224937,815.3,18206.5,409.3,7370.4,9625559,35367126,6258484432,796749,179491.981,4545459903,2,
1786443225937,870.3,18323.0,402.4,7385.1,9646201,35460700,6272789477,798409,179871.48500000002,4551833279,21,WALWrite
1786443226936,875.0,18394.9,395.8,7396.0,9665276,35547708,6287225697,800043,180234.39200000002,4557960895,11,ClientRead
1786443227936,887.1,18431.9,400.1,7411.8,9685113,35638016,6301917159,801726,180608.555,4564252351,32,WALWrite
1786443228936,1598.6,18477.7,296.4,7434.6,9702883,35716654,6314535424,803208,180931.37199999997,4569421503,33,WALWrite
1786443229938,2073.6,18345.1,210.6,7477.2,9721193,35803331,6329524807,804881,181277.438,4574607039,18,ClientRead
1786443230937,1084.1,18372.2,384.1,7565.4,9740307,35893262,6343828118,806590,181663.347,4579317439,19,WALWrite
1786443231936,889.7,18399.1,418.1,7594.5,9760869,35995169,6359487999,808112,182024.00100000002,4584306367,22,WALWrite
1786443232938,813.0,18426.1,408.1,7596.1,9782542,36094342,6374433392,809790,182415.046,4589188799,23,ClientRead
1786443233937,817.8,18456.1,406.0,7599.5,9804376,36193665,6389563212,811459,182783.653,4594136767,19,WALWrite
1786443234938,843.5,18489.0,400.1,7600.0,9825115,36292051,6404426621,813148,183157.45500000002,4599633599,4,WALWrite
1786443235936,903.1,18609.1,389.4,7602.4,9844160,36384007,6419128383,814781,183540.84,4605064895,29,WALWrite
1786443236936,895.2,18658.6,388.9,7601.9,9862176,36470356,6433055501,816445,183890.266,4611200703,4,WALWrite
1786443237936,906.1,18709.8,391.4,7603.4,9880104,36556957,6447443089,817997,184228.668,4617254591,18,ClientRead
1786443238936,921.9,18768.7,418.7,7603.7,9898028,36642871,6461657751,819611,184583.267,4623087295,43,WALWrite
1786443239936,896.4,18619.2,463.5,7606.3,9914191,36827247,6482886317,821185,184954.48500000002,4627568319,19,ClientRead
1786443240936,753.1,18645.7,473.8,7605.4,9932054,36893058,6494733144,822652,185307.233,4631836351,29,ClientRead
1786443241936,751.8,18670.4,472.0,7608.0,9953409,36968601,6508395672,824335,185715.093,4636210879,19,ClientRead
1786443242937,766.0,18696.2,467.1,7607.0,9974268,37041575,6521635305,825964,186104.248,4640609983,29,WALWrite
1786443243936,733.7,18723.6,446.4,7607.5,9994402,37112868,6534753362,827447,186530.94700000001,4645066431,19,WALWrite
1786443244937,771.4,18734.0,467.4,7608.0,10015365,37186865,6548367089,829091,186930.94600000003,4649989823,20,WALWrite
1786443245938,831.4,18853.6,467.2,7609.9,10035224,37257510,6561446992,830704,187337.193,4654995135,49,WALWrite
1786443246937,845.4,18945.9,452.1,7610.3,10053435,37324402,6574227860,832268,187695.775,4660704959,20,ClientRead
1786443247937,842.8,18997.6,450.3,7609.4,10071377,37390315,6586825069,833875,188070.856,4666406591,11,WALWrite
1786443248936,903.2,19127.0,454.6,7610.7,10089658,37458441,6600181289,835471,188424.967,4671968959,24,WALWrite
1786443249936,926.9,19005.1,456.3,7610.3,10107331,37533715,6614094686,837039,188793.00400000002,4676540095,10,ClientRead
1786443250936,763.2,19030.6,451.7,7610.3,10126147,37603854,6627255121,838593,189165.34300000002,4680955583,33,WALWrite
1786443251937,761.8,19055.4,453.2,7611.6,10147755,37677719,6640250596,840283,189545.23200000002,4685264575,24,WALWrite
1786443252937,759.4,19081.4,451.2,7613.5,10169486,37752453,6653525883,841983,189927.50000000003,4689721023,13,WALWrite
1786443253936,755.6,19108.5,480.9,7610.4,10190860,37827004,6667084378,843608,190319.76,4694062783,11,ClientRead
1786443254938,762.6,19117.8,497.2,7611.7,10211689,37899000,6679922846,845249,190718.34900000005,4698928831,9,WALWrite
1786443255938,824.1,19240.7,485.7,7612.4,10231492,37969653,6693137818,846890,191133.48,4703516351,15,WALWrite
1786443256936,822.9,19307.1,479.7,7615.9,10249747,38037491,6706349453,848499,191494.85600000003,4709004991,50,ClientRead
1786443257938,864.6,19358.5,503.8,7611.8,10267586,38103959,6719164202,850058,191856.57300000003,4714518207,39,WALWrite
1786443258937,1557.1,19404.1,341.8,7614.3,10284156,38163515,6730986957,851544,192199.71200000003,4719523519,35,WALWrite
1786443259936,2036.4,19247.7,296.6,7620.5,10299528,38223809,6743323781,852998,192578.10900000003,4723758783,23,WALWrite
1786443260937,1262.5,19273.7,406.5,7625.4,10316356,38285346,6756015842,854564,192946.85,4728157887,23,ClientRead
1786443261937,851.2,19301.0,516.1,7626.7,10335635,38363192,6770126011,856056,193332.69100000002,4732671679,17,WALWrite
1786443262936,760.7,19325.7,484.1,7628.0,10356598,38438025,6783494374,857716,193747.22300000003,4737160895,40,WALWrite
1786443263936,763.1,19336.6,479.9,7627.5,10378193,38512460,6796940662,859338,194127.98300000004,4741469887,30,WALWrite
1786443264937,761.3,19363.2,478.8,7627.0,10399495,38586232,6810259413,860996,194534.11500000002,4746483391,19,WALWrite
1786443265936,821.0,19497.6,475.4,7625.9,10419715,38657186,6823160357,862631,194916.556,4751226559,34,WALWrite
1786443266936,810.6,19579.7,461.7,7626.7,10438362,38724961,6836140225,864288,195277.464,4757100223,37,ProcarrayGroupUpdate
1786443267935,841.0,19631.9,468.0,7626.6,10456757,38793218,6849414301,865800,195650.35500000004,4762769087,53,WALWrite
1786443268937,904.1,19731.8,469.7,7626.2,10475428,38862062,6862615218,867354,196000.11500000002,4768224959,22,ClientRead
1786443269937,927.7,19513.6,459.6,7628.9,10493244,38935058,6876184445,868951,196364.58900000004,4772878015,23,WALWrite
1786443270936,745.7,19540.0,470.0,7627.7,10512248,39004545,6889083164,870554,196727.41200000004,4777187007,21,ClientRead
1786443271936,754.8,19566.4,459.0,7627.5,10533485,39078748,6902488214,872214,197140.03400000004,4781618879,5,WALWrite
1786443272936,759.3,19590.7,466.1,7627.9,10554888,39152736,6915817141,873940,197539.157,4786034367,32,ClientRead
1786443273937,671.8,19600.0,450.3,7537.7,10575923,39225706,6928960025,875565,197929.62200000003,4790478527,33,WALWrite
1786443274937,714.3,19629.4,468.4,7580.7,10588397,39281951,6941351777,877064,198300.69400000005,4795619007,6,ClientRead
1786443275937,677.3,19776.6,395.6,7764.6,10594944,39324218,6952529143,878184,198601.58200000002,4800951999,23,WALWrite
1786443276938,924.4,19851.9,471.9,7767.1,10610357,39406252,6968116235,879530,198942.57100000003,4807014079,26,ClientRead
1786443277936,908.8,19905.4,457.4,7767.9,10628037,39490934,6982366862,881117,199319.05900000004,4813141695,29,WALWrite
1786443278936,968.8,19936.7,455.9,7767.5,10645276,39573947,6996572575,882662,199665.88700000002,4819171007,52,ClientRead
1786443279937,974.0,19789.6,445.7,7772.9,10661676,39660722,7011116799,884169,200011.10100000002,4826650303,25,WALWrite
1786443280936,828.0,19829.1,444.5,7772.6,10680396,39754576,7026075970,885778,200382.60300000003,4837234367,16,ClientRead
1786443281936,996.5,19902.4,445.0,7772.9,10699487,39850935,7040716834,887388,200761.151,4847466175,18,WALWrite
1786443282936,905.3,19905.7,437.2,7773.8,10717913,39943258,7055692941,888936,201122.68200000003,4858025663,23,WALWrite
1786443283937,828.1,19946.3,429.7,7774.4,10737427,40035886,7070010310,890567,201527.113,4868798143,18,WALWrite
1786443284936,846.4,19984.3,432.2,7774.2,10756919,40130132,7084898700,892128,201912.67400000003,4879349439,8,ClientRead
1786443285936,885.7,20119.2,419.5,7776.3,10775930,40223373,7099687962,893817,202303.96600000001,4890220223,38,WALWrite
1786443286936,906.7,20236.4,408.4,7772.5,10793442,40309056,7113922541,895351,202652.94900000002,4901615295,19,ClientRead
1786443287936,905.8,20285.6,408.0,7775.4,10811294,40396151,7128453076,896919,202990.95,4913338047,42,WALWrite
1786443288937,1567.7,20344.8,321.3,7778.6,10827636,40474560,7141876713,898487,203335.30400000003,4925028031,46,WALWrite
1786443289936,2074.4,20362.1,271.2,7784.9,10842658,40548174,7155319852,899942,203707.51700000002,4933400255,29,WALWrite
1786443290936,1485.7,20369.9,325.3,7793.5,10858845,40711612,7174181578,901400,204070.28500000003,4943550143,12,WALWrite
1786443291936,930.2,20408.8,430.9,7797.3,10876965,40807332,7189520724,902900,204454.882,4954527423,16,WALWrite
1786443292936,843.7,20446.7,420.9,7796.7,10897166,40907330,7204948905,904495,204827.04900000003,4965201599,29,ClientRead
1786443293936,839.0,20486.7,412.6,7797.2,10917644,41007039,7220210965,906144,205212.589,4975941311,24,WALWrite
1786443294935,831.9,20527.4,409.4,7797.1,10937361,41101270,7234532777,907765,205606.01600000003,4987172543,5,
1786443295938,878.8,20666.4,405.8,7798.4,10956544,41193655,7249118995,909405,205969.41700000002,4997846719,13,WALWrite
1786443296937,901.3,20779.6,405.2,7795.9,10974185,41280837,7263724580,910961,206324.86500000002,5009553087,28,WALWrite
1786443297937,912.7,20846.6,395.4,7796.8,10991914,41366718,7277878202,912540,206666.03800000003,5021259455,24,WALWrite
1786443298936,986.6,20890.7,402.9,7798.7,11009255,41451204,7291832010,914122,207024.49400000004,5032769215,31,WALWrite
1786443299935,1011.0,20931.2,387.2,7801.4,11025795,41715460,7317753413,915657,207407.097,5042550463,6,WALWrite
1786443300937,865.3,20782.1,408.3,7803.0,11043596,41803128,7331902021,917191,207747.246,5047465663,17,WALWrite
1786443301938,832.8,20809.7,417.3,7803.4,11063532,41899283,7346923158,918822,208148.483,5052610239,36,WALWrite
1786443302937,832.3,20837.8,414.1,7804.5,11083126,41993844,7361481780,920441,208531.96800000002,5057500863,42,WALWrite
1786443303937,854.5,20864.9,411.7,7804.2,11103449,42090744,7376526483,922068,208929.828,5062506175,15,WALWrite
1786443304938,835.2,20892.7,413.8,7804.7,11123691,42187100,7391828526,923669,209314.381,5067478719,42,WALWrite
1786443305936,925.3,20993.9,428.7,7804.2,11141850,42275900,7406161811,925214,209685.865,5072983743,17,WALWrite
1786443306936,907.4,21101.7,409.6,7803.0,11158787,42358630,7420449845,926736,210057.997,5078677183,11,ClientRead
1786443307936,919.6,21157.8,409.6,7804.4,11176109,42442279,7434630482,928347,210428.172,5085181631,30,WALWrite
1786443308937,978.1,21210.7,412.0,7805.8,11193597,42526372,7448615765,929917,210789.761,5091153599,42,WALWrite
1786443309937,1004.2,21251.4,409.7,7805.2,11209972,42611505,7462996493,931427,211131.399,5096675007,38,WALWrite
1786443310938,870.3,21075.3,414.7,7806.7,11227285,42698145,7477312004,932940,211510.442,5101426367,11,ClientRead
1786443311936,834.2,21102.3,413.3,7804.8,11247123,42795440,7492416772,934532,211903.36700000003,5106415295,20,WALWrite
1786443312936,839.3,21130.6,402.1,7806.2,11266941,42890621,7507203956,936140,212283.11700000003,5111420607,41,ClientRead
1786443313936,841.6,21139.6,411.8,7804.5,11287425,42990382,7522543876,937805,212668.266,5116384959,16,WALWrite
1786443314936,836.9,21169.1,411.3,7806.3,11307664,43087850,7537565362,939448,213059.63,5121562303,19,WALWrite
1786443315936,911.8,21295.3,405.5,7807.7,11326856,43179916,7552024128,941070,213449.836,5126723263,28,WALWrite
1786443316938,924.7,21392.0,408.7,7804.6,11344295,43264625,7565981481,942633,213807.76100000003,5132637887,19,ClientRead
1786443317936,901.3,21443.4,399.8,7806.2,11361222,43348277,7580459193,944177,214175.98700000002,5138552511,15,WALWrite
1786443318936,1541.1,21491.9,305.8,7808.8,11377580,43426403,7593611853,945692,214517.41900000002,5144368831,22,WALWrite
1786443319936,2004.6,21532.9,234.3,7809.9,11392148,43617258,7614255409,947095,214909.034,5149284031,36,WALWrite
1786443320938,1608.8,21354.6,296.9,7815.5,11407663,43694651,7628068407,948531,215278.13000000003,5153683135,34,WALWrite
1786443321937,872.2,21381.5,500.3,7829.5,11424972,43781171,7643023127,950106,215679.88400000002,5158344383,18,WALWrite
1786443322939,772.0,21406.6,461.9,7830.7,11445319,43857225,7656790293,951668,216047.499,5162809023,32,WALWrite
1786443323936,765.0,21415.8,465.1,7831.6,11466754,43931432,7670029507,953289,216425.456,5167232703,12,WALWrite
1786443324935,759.4,21442.0,466.2,7830.3,11487883,44003261,7682580792,954936,216809.376,5172090559,19,WALWrite
1786443325938,818.0,21569.9,462.7,7829.4,11510295,44080754,7696641509,956753,217218.26799999998,5176850111,19,WALWrite
1786443326936,831.4,21666.9,453.9,7830.1,11527085,44144049,7708933893,958259,217557.24500000002,5182494399,14,WALWrite
1786443327936,821.7,21718.6,440.4,7828.7,11545719,44213171,7722399431,959840,217912.622,5188171455,20,WALWrite
1786443328936,918.4,21750.6,455.2,7829.3,11564831,44282189,7735427214,961574,218301.704,5193717439,31,ClientRead
1786443329937,961.6,21790.1,466.7,7830.7,11581497,44352520,7748660331,963024,218657.738,5198501567,22,WALWrite
1786443330936,785.3,21616.9,452.9,7831.2,11600377,44422483,7761740743,964595,219013.63100000002,5202958015,17,ClientRead
1786443331936,759.0,21643.4,459.7,7829.6,11621368,44495804,7774886989,966223,219391.984,5207307967,17,WALWrite
1786443332937,750.3,21670.1,443.1,7830.0,11642348,44568171,7787827004,967843,219786.054,5211649727,27,WALWrite
1786443333937,761.9,21677.6,463.7,7830.3,11663412,44641391,7800890035,969496,220173.66700000002,5216138943,16,WALWrite
1786443334936,759.9,21705.1,463.2,7831.3,11684729,44716867,7814740657,971145,220573.70200000002,5220890303,19,WALWrite
1786443335936,815.6,21824.1,453.2,7830.5,11704283,44784839,7827222120,972767,220964.16,5225526975,22,ClientRead
1786443336936,831.5,21924.7,449.9,7831.1,11723169,44854612,7840720114,974384,221327.67200000002,5231351487,22,WALWrite
1786443337936,841.8,21977.9,450.2,7829.8,11741691,44921736,7853352601,976051,221679.90000000002,5236930239,24,ClientRead
1786443338937,907.0,22000.0,459.5,7830.3,11760187,44989371,7866410284,977620,222024.997,5242320575,38,WALWrite
1786443339936,888.3,22039.5,452.9,7831.3,11778489,45062362,7880084641,979298,222395.43900000004,5246662335,26,WALWrite
1786443340937,792.8,21874.5,452.9,7831.0,11798136,45133484,7893034101,980882,222756.26700000002,5251086015,29,WALWrite
1786443341937,753.1,21901.6,456.0,7829.9,11819036,45207049,7906520622,982476,223150.94000000003,5255534271,7,WALWrite
1786443342936,953.7,21963.6,446.0,7830.5,11839812,45282974,7919943005,984149,223552.39,5259916991,29,WALWrite
1786443343939,797.8,21935.4,458.1,7832.3,11860028,45355075,7933317941,985762,223925.788,5264389823,18,WALWrite
1786443344936,760.9,21963.1,441.1,7830.8,11880595,45427478,7946636562,987355,224291.446,5269264063,26,ClientRead
1786443345937,811.7,22093.0,428.3,7830.2,11901720,45500096,7959702139,989077,224706.71,5274113727,21,WALWrite
1786443346936,829.9,22174.2,435.8,7830.1,11920159,45568058,7972738288,990601,225059.56000000003,5279635135,18,ClientRead
1786443347935,824.6,22225.4,430.7,7830.0,11938593,45635501,7985802456,992261,225456.71300000002,5285344959,19,WALWrite
1786443348937,1518.1,22255.1,312.5,7831.7,11956542,45697689,7997988694,993847,225796.25500000003,5290260159,27,ClientRead
1786443349938,2019.3,22302.6,254.0,7832.9,11973379,45759673,8010581562,995447,226152.533,5294978751,39,WALWrite
1786443350936,1692.5,22119.5,264.0,7836.6,11991014,45819873,8022833856,997066,226525.892,5299361471,20,ClientRead
1786443351936,864.8,22145.6,433.0,7836.0,12009288,45892533,8035922516,998612,226889.463,5303711423,29,WALWrite
1786443352936,847.0,22171.7,464.0,7836.9,12031304,45974931,8050264094,1000216,227284.42200000002,5308266175,29,WALWrite
1786443353936,775.3,22225.8,487.4,7838.0,12051303,46047466,8063738491,1001742,227651.561,5312739007,22,WALWrite
1786443354936,769.3,22256.9,480.5,7836.4,12072736,46121798,8077136437,1003370,228029.08800000002,5317695167,32,WALWrite
1786443355936,824.9,22400.9,479.9,7836.9,12092954,46193867,8090569691,1005031,228435.377,5322389183,19,WALWrite
1786443356936,836.4,22501.4,473.8,7835.8,12112552,46263369,8103458770,1006716,228830.01100000003,5328402111,23,WALWrite
1786443357936,847.9,22540.9,466.0,7837.7,12130122,46329099,8116316926,1008251,229173.862,5333898943,27,WALWrite
1786443358936,892.1,22581.6,460.3,7835.7,12149027,46399032,8129953520,1009892,229543.28900000002,5339543231,39,ClientRead
1786443359936,913.5,22632.7,465.8,7837.7,12165554,46465757,8142443789,1011353,229896.90399999998,5343917759,41,WALWrite
1786443360936,783.7,22448.8,453.0,7836.3,12184236,46534854,8155324479,1012885,230259.649,5348316863,5,WALWrite
1786443361936,736.7,22476.1,519.1,7730.3,12204715,46607495,8168749685,1014636,230675.676,5352773311,5,ClientRead
1786443362935,677.9,22487.0,447.1,7780.0,12215615,46659232,8180678518,1016093,231059.656,5357229759,27,WALWrite
1786443363936,644.5,22514.8,465.0,7975.2,12222810,46706055,8192897259,1017636,231468.662,5361841855,25,ClientRead
1786443364936,825.0,22546.1,462.6,7993.9,12235607,46774337,8205975151,1018974,231793.43000000002,5367125695,30,WALWrite
1786443365936,888.8,22660.0,464.6,7993.2,12253282,46861585,8220122172,1020484,232165.597,5372786367,16,WALWrite
1786443366935,914.5,22755.2,460.7,7993.7,12270691,46946677,8234509260,1022065,232546.064,5378750143,28,WALWrite
1786443367936,916.2,22808.8,460.1,7996.6,12287182,47028311,8248453914,1023562,232912.454,5384869567,16,WALWrite
1786443368936,990.4,22867.7,454.4,7995.5,12303587,47109361,8262400326,1025059,233273.77300000002,5390915263,14,WALWrite
1786443369936,1057.0,22898.2,452.9,7998.5,12319808,47194862,8277378228,1026515,233628.553,5401351871,29,WALWrite
1786443370937,882.6,22729.5,424.4,7998.3,12335259,47274054,8290972460,1027917,233972.55400000003,5411468991,38,ClientRead
1786443371937,848.4,22769.2,434.5,7998.3,12356031,47376254,8306308239,1029688,234376.83000000002,5421913791,21,WALWrite
1786443372935,845.8,22809.1,435.2,7999.4,12375064,47470518,8320856404,1031222,234733.14200000002,5432145599,11,ClientRead
1786443373936,841.3,22849.0,427.3,7999.5,12395088,47569172,8336355134,1032884,235110.20800000004,5442565823,11,ClientRead
1786443374936,833.4,22888.4,424.7,7999.8,12414722,47664036,8351036361,1034458,235477.23400000003,5453731519,34,WALWrite
1786443375937,904.3,23030.2,422.6,8000.5,12433957,47757535,8365798718,1036179,235904.747,5464471231,32,WALWrite
1786443376937,907.4,23135.8,415.4,8002.1,12451332,47842086,8379664156,1037757,236255.825,5475718847,26,WALWrite
1786443377936,916.8,23203.4,416.3,8001.6,12466665,47918490,8392778952,1039109,236566.113,5487154879,18,ClientRead
1786443378937,1562.6,23265.1,336.8,8001.6,12483954,48002874,8406720881,1040707,236958.67400000003,5498263231,38,ClientRead
1786443379936,2020.9,23319.0,254.0,8005.3,12497776,48221978,8428103567,1042100,237333.969,5507700415,38,WALWrite
1786443380937,1779.6,23130.4,286.7,8006.4,12511935,48292361,8441938661,1043432,237643.59000000003,5512771263,29,WALWrite
1786443381938,954.2,23158.7,402.7,8009.4,12530175,48388803,8457529526,1044991,238015.11000000002,5518096063,32,ClientRead
1786443382937,865.8,23185.7,430.1,8011.7,12547056,48477157,8471752301,1046396,238409.55800000002,5523183295,38,WALWrite
1786443383936,833.2,23213.6,418.0,8011.4,12566880,48574713,8487101499,1047981,238787.52500000002,5528385215,16,WALWrite
1786443384936,831.0,23242.6,419.4,8012.6,12586651,48670056,8501735800,1049599,239171.96300000002,5533939391,8,ClientRead
1786443385937,889.9,23373.3,395.7,8009.8,12605675,48761246,8516077863,1051262,239561.90900000004,5539288767,34,WALWrite
1786443386937,891.2,23481.2,406.5,8012.3,12623381,48848533,8530638925,1052816,239915.573,5545932479,20,WALWrite
1786443387936,893.2,23536.1,398.4,8013.7,12640733,48933784,8544767847,1054380,240281.83700000003,5552199359,27,WALWrite
1786443388935,954.9,23569.3,408.4,8014.7,12658091,49018754,8558993015,1055925,240644.03900000002,5558621887,42,ClientRead
1786443389936,1050.6,23614.2,406.1,8014.7,12674984,49102338,8573052802,1057487,241001.87100000004,5564372671,45,WALWrite
1786443390936,926.7,23429.2,389.9,8015.3,12691946,49205232,8588913604,1058992,241354.13400000005,5569296063,21,ClientRead
1786443391936,833.8,23457.2,405.5,8015.2,12710966,49300401,8603984115,1060650,241723.73600000003,5574227647,24,WALWrite
1786443392936,833.1,23484.2,402.0,8016.7,12730753,49396727,8618791711,1062300,242102.19500000004,5579396799,28,ClientRead
1786443393936,842.1,23511.2,408.0,8015.5,12750792,49494892,8633755597,1063893,242474.89800000004,5584287423,20,ClientRead
1786443394937,838.7,23538.7,409.2,8015.9,12770806,49592796,8648811939,1065535,242867.83500000005,5589227199,14,WALWrite
1786443395936,882.7,23678.6,396.8,8016.1,12790152,49689273,8663894792,1067176,243224.83800000002,5594232511,36,ClientRead
1786443396936,886.8,23780.1,389.6,8016.3,12807768,49776555,8678274640,1068762,243581.48900000006,5599532735,19,WALWrite
1786443397936,902.9,23836.7,383.2,8016.5,12825365,49863387,8692872671,1070429,243948.36400000003,5605938879,14,ClientRead
1786443398937,940.3,23870.3,401.6,8015.8,12842638,49950560,8707485530,1071979,244296.17000000004,5612066495,12,ClientRead
1786443399937,1046.5,23914.1,393.0,8017.1,12858818,50159859,8729058067,1073440,244669.13600000003,5616834239,33,ClientRead
1786443400936,908.6,23735.1,393.2,8017.1,12875839,50244849,8743009325,1074937,245001.89100000003,5621470911,17,ClientRead
1786443401936,828.1,23763.1,396.1,8017.9,12894598,50337148,8757626469,1076484,245382.54000000004,5626525375,29,WALWrite
1786443402936,829.9,23773.9,393.5,8018.8,12914166,50433360,8772436040,1078139,245783.113,5631440575,22,WALWrite
1786443403937,1062.8,23840.3,411.4,8017.2,12933929,50535057,8787993726,1079753,246161.21700000003,5636421311,33,WALWrite
1786443404938,874.2,23828.2,450.1,8017.5,12952001,50624323,8802335229,1081302,246545.121,5641017023,31,WALWrite
1786443405937,894.3,23960.4,448.0,8018.9,12971080,50716206,8817227054,1082910,246920.181,5646546623,39,WALWrite
1786443406937,887.0,24057.6,440.5,8018.7,12988598,50801364,8831304576,1084418,247254.7,5652338367,48,WALWrite
1786443407937,886.6,24095.1,440.0,8017.5,13005522,50884895,8845629254,1085978,247616.315,5658334911,24,WALWrite
1786443408936,1573.8,24167.2,317.1,8020.4,13022769,50967914,8859197265,1087569,247970.882,5664077503,32,WALWrite
1786443409937,2099.5,24209.0,257.2,8020.5,13038391,51055336,8873492889,1089089,248341.45,5668984511,34,WALWrite
1786443410937,1971.7,24195.4,250.5,8026.3,13054052,51131182,8887092853,1090670,248713.394,5673752255,47,WALWrite
1786443411939,1050.3,24121.8,407.3,8031.2,13071677,51223603,8902496801,1092223,249075.92600000004,5678364351,34,WALWrite
1786443412937,917.5,24149.4,456.2,8033.2,13090344,51323500,8917594068,1093738,249492.09600000002,5683377855,12,ClientRead
1786443413937,840.0,24177.3,428.5,8033.6,13109866,51419781,8932352518,1095268,249859.86200000002,5688317631,34,WALWrite
1786443414936,829.9,24204.5,420.0,8035.2,13129996,51519959,8948247687,1096876,250241.884,5693707967,26,WALWrite
1786443415937,902.9,24265.5,426.0,8035.2,13148819,51609692,8961957698,1098494,250607.44600000003,5698778815,32,WALWrite
1786443416937,896.1,24310.8,416.8,8033.9,13166433,51696537,8976320043,1100034,250945.17,5704849087,22,WALWrite
1786443417936,844.1,24353.1,461.5,8047.6,13182930,51779223,8991062788,1101593,251313.439,5710853823,12,WALWrite
1786443418937,905.8,24389.0,463.9,8047.2,13199555,51844586,9003453536,1103157,251668.42600000004,5716448959,41,WALWrite
1786443419938,960.2,24446.7,455.6,8049.0,13216707,51909945,9016273921,1104638,252030.70900000003,5720798911,34,WALWrite
1786443420938,814.2,24424.0,468.0,8048.5,13234841,51979652,9029560111,1106203,252369.149,5725214399,10,ClientRead
1786443421937,782.3,24426.4,474.0,8048.8,13254516,52173400,9050083462,1107789,252720.20500000002,5729613503,18,WALWrite
1786443422936,764.8,24451.9,464.5,8049.5,13275988,52249212,9063779724,1109443,253093.61500000002,5733922495,7,WALWrite
1786443423936,751.9,24478.9,449.8,8048.6,13296442,52322903,9076946654,1111122,253498.64800000002,5738485439,18,WALWrite
1786443424937,777.5,24504.2,467.8,8049.4,13318635,52397014,9090354882,1112782,253889.04700000002,5743007423,21,WALWrite
1786443425936,849.8,24548.9,459.8,8047.3,13338504,52466331,9103001351,1114439,254282.95100000003,5748299455,24,WALWrite
1786443426938,836.8,24590.5,472.9,8047.8,13356227,52533123,9116077469,1115954,254658.56900000002,5753927359,12,WALWrite
1786443427936,842.0,24632.5,454.0,8048.6,13373610,52598598,9128853553,1117486,255016.67600000004,5759506111,7,ClientRead
1786443428936,879.9,24682.4,442.2,8048.9,13391278,52666271,9142445365,1119008,255397.956,5765158591,23,WALWrite
1786443429936,983.3,24714.5,443.1,8047.8,13408418,52736040,9155025484,1120520,255754.361,5770188479,17,ClientRead
1786443430936,835.1,24664.0,441.1,8050.9,13426348,52806075,9168475049,1122070,256113.46800000002,5774464703,8,ClientRead
1786443431937,754.1,24690.9,441.8,8049.1,13444885,52873770,9181153249,1123544,256469.111,5778806463,15,WALWrite
1786443432936,769.7,24717.0,447.3,8049.4,13466940,52949439,9194706603,1125276,256883.19600000003,5783287487,15,WALWrite
1786443433937,762.5,24743.5,451.0,8050.0,13488117,53023013,9208002881,1126917,257295.371,5787662015,32,WALWrite
1786443434936,768.3,24770.9,438.2,8048.7,13509598,53097186,9221326324,1128565,257668.372,5792511679,13,WALWrite
1786443435938,832.5,24814.4,432.8,8048.9,13529903,53168625,9234365412,1130300,258061.056,5797197503,28,ClientRead
1786443436936,824.1,24856.7,436.0,8048.9,13548151,53236515,9247487761,1131897,258404.38900000002,5802563263,25,ClientRead
1786443437936,828.8,24898.3,431.4,8047.6,13567811,53306395,9260446928,1133570,258770.549,5808338623,35,WALWrite
1786443438936,1469.8,24947.5,345.8,8049.1,13584860,53367581,9272401440,1135126,259150.61200000002,5813327551,31,ClientRead
1786443439936,1926.9,24962.6,274.6,8048.3,13599584,53425630,9284690171,1136462,259501.528,5817644735,20,ClientRead
1786443440936,1810.2,24947.5,285.0,8050.2,13617574,53490045,9297963648,1138047,259891.00200000004,5822084799,36,WALWrite
1786443441936,1099.6,24971.3,394.4,8052.8,13635366,53556352,9310900214,1139594,260240.18500000003,5826229951,32,WALWrite
1786443442936,808.7,24997.5,445.7,8051.8,13655560,53635428,9324587329,1141166,260613.95400000003,5830825663,44,WALWrite
1786443443936,795.1,25023.3,430.2,8050.7,13674563,53706771,9338053475,1142590,261038.51900000003,5835265727,38,WALWrite
1786443444936,770.6,25034.5,429.1,8052.7,13696539,53782815,9351897763,1144258,261430.95600000003,5840180927,22,ClientRead
1786443445937,837.4,25094.4,430.3,8051.9,13717479,53854465,9364538378,1145910,261808.98100000003,5844915903,16,WALWrite
1786443446938,843.7,25138.2,419.5,8050.5,13737100,53925432,9377986739,1147587,262173.56000000006,5850781375,20,ClientRead
1786443447936,837.8,25178.5,434.3,8052.0,13756097,53992882,9390554076,1149211,262530.92300000007,5856392895,1,
1786443448936,909.1,25229.6,422.3,8050.9,13775147,54062804,9404198033,1150753,262894.6610000001,5861938879,33,WALWrite
1786443449937,971.3,25245.6,402.6,8051.4,13793034,54132592,9417001928,1152311,263265.13100000005,5867058879,47,WALWrite
1786443450937,842.4,25230.3,403.3,8051.3,13811257,54201648,9430076625,1153889,263609.037,5871400639,17,WALWrite
1786443451938,768.6,25256.6,422.8,8052.7,13831156,54272266,9443104294,1155564,263978.694,5875750591,15,WALWrite
1786443452937,756.1,25281.6,450.8,8050.2,13852760,54346091,9456222323,1157214,264362.825,5880157887,35,WALWrite
1786443453937,762.5,25308.0,467.9,8052.2,13873674,54419707,9469743202,1158870,264755.57,5884475071,41,WALWrite
1786443454937,767.5,25318.2,463.6,8051.2,13894439,54491205,9482473160,1160486,265139.99799999996,5889332927,35,WALWrite
1786443455938,812.2,25378.3,452.3,8051.8,13914302,54562360,9495782885,1162099,265514.64999999997,5894051519,17,ClientRead
1786443456937,833.1,25419.9,438.1,8053.4,13932684,54630698,9509133105,1163727,265896.107,5899491007,28,WALWrite
1786443457936,822.4,25461.6,443.6,8054.1,13951473,54698905,9522045678,1165441,266258.20100000006,5905159871,20,WALWrite
1786443458937,886.6,25511.6,460.1,8050.9,13969902,54765805,9534712122,1167066,266621.55100000004,5910730431,36,WALWrite
1786443459938,935.5,25514.8,453.4,8051.6,13987374,54836965,9548294862,1168597,266986.18600000005,5915104959,35,WALWrite
1786443460937,841.2,25585.9,441.3,8052.6,14005963,54905857,9561798686,1170180,267350.69000000006,5919536831,19,WALWrite
1786443461936,786.2,25539.4,460.5,8051.9,14024746,54976138,9574949608,1171814,267703.94100000005,5923911359,26,WALWrite
1786443462936,765.6,25565.1,453.5,8051.4,14045934,55048364,9587716685,1173507,268095.364,5928433343,25,WALWrite
1786443463936,764.2,25590.4,453.0,8052.5,14068120,55124799,9601524942,1175193,268500.88200000004,5932897983,34,WALWrite
1786443464937,980.0,25643.4,458.7,8051.0,14088175,55195889,9614370715,1176835,268903.314,5937780415,19,ClientRead
1786443465937,901.1,25635.8,487.4,7969.2,14105867,55265231,9627556427,1178287,269255.51900000003,5942490815,20,ClientRead
1786443466937,774.0,25683.9,447.8,7962.4,14118269,55320003,9639837027,1179884,269644.058,5948495551,17,WALWrite
1786443467937,774.9,25753.9,418.8,7995.7,14124999,55364268,9651840975,1181188,269986.27300000004,5954238143,7,WALWrite
1786443468937,1354.1,25785.4,375.1,8234.7,14133065,55412165,9663423772,1182492,270324.57100000005,5959816895,40,ClientRead
1786443469939,1935.7,25808.5,325.0,8239.7,14146618,55484182,9676867704,1183873,270693.983,5964945087,23,ClientRead
1786443470937,1918.7,25760.9,398.8,8242.5,14161818,55560482,9690297470,1185170,271047.2480000001,5973006015,37,ClientRead
1786443471936,1228.7,25798.9,442.9,8244.2,14176716,55637284,9704534848,1186454,271415.3520000001,5982754495,29,WALWrite
1786443472939,846.3,25838.4,441.5,8242.5,14196494,55736615,9720145386,1188078,271797.13500000007,5993395903,18,ClientRead
1786443473936,834.6,25878.7,435.6,8243.6,14216012,55834654,9735163437,1189646,272199.025,6003726015,9,WALWrite
1786443474936,835.3,25917.0,447.6,8243.4,14235214,55930734,9750095664,1191211,272614.20000000007,6014260927,14,WALWrite
1786443475937,897.0,25974.1,448.4,8244.0,14254214,56024769,9764799697,1192861,273013.8230000001,6025377471,18,WALWrite
1786443476937,910.0,26016.5,440.2,8243.9,14270693,56107831,9779440182,1194337,273340.4550000001,6037149375,25,WALWrite
1786443477939,906.5,26080.1,440.2,8243.3,14289609,56198106,9793844871,1196049,273725.67000000004,6049035967,33,WALWrite
1786443478939,962.5,26140.0,447.0,8243.3,14306790,56282628,9808402821,1197587,274068.0730000001,6060840639,31,WALWrite
1786443479936,1004.8,26165.4,445.8,8243.8,14322583,56365009,9822333795,1199010,274407.17600000004,6071416511,38,WALWrite
1786443480937,907.9,26240.2,432.9,8244.1,14339251,56445689,9835957586,1200522,274755.31000000006,6082000575,46,WALWrite
1786443481940,868.6,26205.9,439.0,8244.0,14357114,56536669,9851102929,1202085,275114.703,6092658367,19,WALWrite
1786443482937,830.9,26245.6,430.3,8243.9,14376721,56634015,9866113924,1203748,275511.65599999996,6103430847,14,ClientRead
1786443483936,838.4,26284.6,427.2,8244.2,14396694,56730394,9880935302,1205388,275930.83700000006,6114178751,27,ClientRead
1786443484936,850.8,26325.0,435.6,8244.1,14414638,56820282,9895469483,1206793,276272.80000000005,6125115071,20,ClientRead
1786443485937,923.8,26376.6,437.0,8244.2,14434486,56916440,9910397705,1208521,276667.831,6136067775,50,WALWrite
1786443486937,919.6,26432.4,429.6,8244.7,14452184,57003510,9924846268,1210110,277046.8940000001,6147774143,27,WALWrite
1786443487936,918.6,26486.9,419.0,8245.2,14469864,57092047,9939465770,1211755,277432.3190000001,6159742655,26,WALWrite
1786443488937,974.2,26554.0,434.5,8245.0,14487660,57177973,9953406502,1213331,277778.32200000004,6171563711,25,WALWrite
1786443489936,1041.2,26719.6,423.6,8245.3,14503860,57258106,9967237086,1214743,278124.05100000004,6183147199,27,ClientRead
1786443490936,1011.8,26651.1,408.6,8245.6,14519158,57533045,9993201487,1216114,278473.28300000005,6191535807,12,WALWrite
1786443491936,900.4,26613.1,415.1,8244.8,14536923,57622029,10008201904,1217684,278833.93700000003,6196557503,14,WALWrite
1786443492936,847.0,26640.8,411.7,8249.1,14556442,57717122,10023157999,1219319,279192.33100000006,6201652927,35,ClientRead
1786443493937,837.9,26668.2,412.5,8249.6,14576532,57815868,10038258687,1221006,279577.24700000003,6206633663,33,WALWrite
1786443494936,837.1,26695.0,406.5,8248.7,14596160,57911174,10052781229,1222645,279954.031,6211638975,19,WALWrite
1786443495937,894.7,26755.5,404.3,8249.0,14615298,58005435,10067815149,1224254,280339.60000000003,6216578751,12,ClientRead
1786443496939,895.3,26795.9,396.1,8251.1,14633870,58095062,10082356347,1225966,280707.37400000007,6221518527,17,WALWrite
1786443497937,922.4,26836.1,415.5,8250.8,14651897,58183293,10097148048,1227598,281093.32800000004,6227383999,20,WALWrite
1786443498936,1709.1,26890.2,289.8,8251.0,14667403,58259011,10109667163,1229134,281428.25600000005,6233241279,39,ClientRead
1786443499936,2364.9,26893.4,243.4,8255.1,14681627,58334457,10122845852,1230559,281777.6450000001,6238189247,46,ClientRead
1786443500939,2321.8,26951.0,306.8,8257.1,14694340,58400025,10135813854,1231779,282144.38000000006,6242703039,49,WALWrite
1786443501936,1984.6,26909.5,322.6,8262.5,14708920,58478392,10150505617,1233090,282545.7260000001,6247282367,41,WALWrite
1786443502936,976.6,26936.4,426.7,8260.3,14725878,58569019,10165205306,1234528,282933.2040000001,6252361407,31,WALWrite
1786443503936,840.6,26964.6,411.9,8260.8,14745297,58665791,10180169339,1236097,283303.3710000001,6257424063,32,WALWrite
1786443504935,782.0,26992.3,405.1,8260.6,14763342,58756969,10195005125,1237576,283756.0600000001,6262314687,31,WALWrite
1786443505937,887.3,27052.1,392.7,8261.4,14781415,58846064,10209418485,1239120,284143.5480000001,6267778751,25,ClientRead
1786443506936,906.6,27084.5,398.0,8262.0,14799068,58934641,10224128695,1240697,284503.83600000007,6273840831,15,WALWrite
1786443507936,901.5,27132.7,396.3,8260.8,14816969,59022721,10238408605,1242326,284868.0350000001,6280271551,13,WALWrite
1786443508937,926.2,27181.7,394.1,8260.8,14834405,59109938,10252727678,1243858,285222.07000000007,6286341823,32,WALWrite
1786443509936,1037.2,27330.1,401.5,8262.2,14850909,59192383,10266810771,1245352,285565.5670000001,6289954495,24,WALWrite
1786443510937,1003.5,27268.9,393.2,8261.1,14868215,59519611,10295844115,1246904,285916.4140000001,6294337215,41,WALWrite
1786443511936,878.0,27225.6,405.1,8262.7,14886195,59608642,10310077456,1248488,286256.7590000001,6299195071,32,ClientRead
1786443512937,823.0,27252.5,386.6,8261.3,14906104,59705669,10325230033,1250124,286613.13600000006,6304151231,39,ClientRead
1786443513937,847.5,27279.6,401.2,8262.8,14925900,59801162,10339757011,1251693,287003.28800000006,6309033663,9,WALWrite
1786443514937,851.5,27292.0,400.3,8261.5,14946582,59902818,10355679555,1253365,287376.1820000001,6314596031,35,ClientRead
1786443515937,893.4,27318.0,398.3,8267.4,14965967,59997067,10370025906,1255002,287752.5180000001,6319724223,27,WALWrite
1786443516936,907.9,27362.8,394.1,8267.6,14983618,60083810,10384103938,1256632,288124.15100000007,6324909759,27,WALWrite
1786443517938,892.9,27434.0,383.8,8269.3,15001267,60171636,10398975186,1258222,288487.37500000006,6331340479,10,WALWrite
1786443518936,946.7,27481.9,383.7,8268.0,15019362,60259067,10413245470,1259821,288827.20300000004,6337222335,7,ClientRead
1786443519937,1046.5,27488.8,404.7,8268.9,15035508,60352915,10428003484,1261321,289186.53700000007,6341998271,21,ClientRead
1786443520938,908.6,27550.2,389.7,8267.4,15052585,60436767,10442426474,1262862,289528.13100000005,6346913471,37,WALWrite
1786443521937,862.8,27490.0,400.8,8268.5,15071000,60527519,10456652081,1264432,289880.13300000003,6351763135,31,WALWrite
1786443522937,846.2,27517.2,394.9,8267.6,15090808,60625789,10472184712,1266043,290263.2800000001,6356653759,23,WALWrite
1786443523936,844.2,27527.2,397.1,8268.6,15110495,60722136,10486709047,1267647,290648.00000000006,6361454271,17,ClientRead
1786443524936,833.8,27553.8,396.6,8267.8,15130703,60820757,10501657069,1269227,291023.0200000001,6366385855,49,WALWrite
1786443525936,1095.9,27630.3,396.4,8267.3,15150350,60922000,10517425971,1270890,291408.3780000001,6372030143,17,ClientRead
1786443526938,1052.7,27635.6,399.2,8268.1,15166864,61003507,10531129653,1272364,291768.776,6377567935,25,WALWrite
1786443527935,881.7,27683.8,388.5,8267.8,15184592,61090688,10545569941,1273936,292136.395,6383761087,17,WALWrite
1786443528936,1635.8,27755.5,303.2,8267.7,15201013,61171458,10559186480,1275424,292469.1860000001,6389536447,20,WALWrite
1786443529937,2210.3,27793.9,246.5,8268.7,15215623,61244396,10572565679,1276858,292848.1490000001,6394754751,45,WALWrite
1786443530937,2248.7,27815.9,299.5,8273.2,15228686,61441179,10593241363,1278058,293234.304,6399301311,39,ClientRead
1786443531936,1925.6,27773.2,345.2,8274.9,15243415,61519086,10607744429,1279362,293629.68100000004,6403757759,14,WALWrite
1786443532938,925.1,27799.9,431.7,8277.3,15260451,61610177,10622595481,1280734,294002.18600000005,6408672959,17,ClientRead
1786443533937,743.2,27825.1,473.9,8276.1,15281519,61696411,10636869439,1282578,294462.09300000005,6413137599,29,WALWrite
1786443534936,767.3,27835.5,468.5,8275.7,15302712,61770134,10649814355,1284250,294863.28900000005,6417847999,25,WALWrite
1786443535936,823.5,27895.7,466.6,8276.7,15321503,61838869,10662738797,1285801,295254.8130000001,6422542015,25,WALWrite
1786443536936,830.2,27940.1,457.0,8276.0,15340189,61907593,10675976470,1287429,295619.6390000001,6428538559,23,ClientRead
1786443537936,829.8,27983.0,460.9,8277.1,15358191,61973214,10688349561,1288972,295978.6210000001,6434092735,28,ClientRead
1786443538937,890.3,28015.6,440.2,8276.5,15376890,62044509,10702544033,1290651,296369.58200000005,6439900863,37,WALWrite
1786443539939,939.2,28036.0,461.5,8277.6,15393175,62112720,10714944331,1291999,296707.057,6444160703,42,WALWrite
1786443540937,832.5,28082.2,455.1,8276.0,15410953,62177877,10727380323,1293506,297056.268,6448649919,34,WALWrite
1786443541936,795.9,28039.4,451.3,8277.0,15430525,62250762,10740839036,1295177,297443.158,6453073599,16,WALWrite
1786443542938,750.2,28063.8,452.3,8275.4,15451615,62324263,10754060473,1296816,297823.297,6457431743,15,ClientRead
1786443543936,775.4,28073.3,460.4,8276.4,15473042,62399283,10767596252,1298471,298216.416,6461814463,26,WALWrite
1786443544938,771.4,28099.5,475.3,8276.8,15493628,62471082,10780684727,1300159,298615.26200000005,6466746047,18,WALWrite
1786443545936,836.5,28127.0,469.9,8277.2,15512211,62538434,10793265702,1301707,298989.83600000007,6471448255,17,ClientRead
1786443546935,839.5,28170.2,463.1,8276.7,15529792,62605633,10806701125,1303127,299318.74700000003,6477248191,7,WALWrite
1786443547937,861.4,28219.0,467.8,8276.6,15547966,62673124,10819546103,1304737,299699.22800000006,6482761407,15,WALWrite
1786443548936,914.9,28270.0,464.4,8278.9,15565938,62740583,10832692800,1306302,300039.28300000005,6488045247,54,WALWrite
1786443549938,973.6,28295.7,453.4,8275.7,15582003,62805691,10844940909,1307714,300365.819,6493222591,51,ClientRead
1786443550937,842.7,28321.7,448.7,8276.5,15599344,62871346,10857864517,1309245,300760.227,6497597119,2,ClientRead
1786443551937,804.5,28322.9,449.1,8276.9,15618868,62944113,10871505915,1310955,301159.369,6502143679,21,WALWrite
1786443552937,828.7,28464.3,468.9,8277.1,15638273,63015959,10885195231,1312540,301533.389,6506542783,8,WALWrite
1786443553936,776.2,28489.2,467.6,8278.4,15659019,63088856,10898400516,1314150,301939.021,6510851775,21,ClientRead
1786443554938,762.7,28526.3,463.9,8278.1,15679749,63162107,10911788542,1315742,302320.21,6515463871,34,WALWrite
1786443555937,836.7,28595.1,467.0,8278.0,15699412,63231974,10924731183,1317436,302731.35300000006,6520493759,23,ClientRead
1786443556937,855.9,28647.2,483.4,8276.2,15716607,63297520,10937832742,1318945,303112.33900000004,6525998783,9,WALWrite
1786443557939,865.1,28697.3,451.5,8276.5,15734182,63364490,10950966187,1320491,303473.71400000004,6531438271,3,
1786443558939,1534.6,28747.4,340.1,8275.3,15751368,63425539,10963214931,1322037,303839.602,6536402623,36,WALWrite
1786443559937,2080.4,28773.4,268.7,8276.4,15766503,63482505,10975074994,1323430,304215.15400000004,6540801727,27,ClientRead
1786443560936,1974.3,28816.6,252.4,8276.1,15782723,63538697,10987410757,1324982,304566.81200000003,6545028799,37,WALWrite
1786443561936,1890.5,28786.0,279.5,8276.8,15800014,63600121,11000014221,1326596,304929.7750000001,6549370559,15,WALWrite
1786443562936,852.4,28817.7,450.6,8279.2,15818137,63669863,11012776505,1328128,305289.07600000006,6553777855,36,WALWrite
1786443563937,860.7,28851.7,480.2,8278.2,15838951,63751606,11027224557,1329715,305676.9910000001,6558496447,13,WALWrite
1786443564937,781.1,28881.0,461.8,8278.8,15859526,63828862,11041367524,1331314,306059.7540000001,6562879167,9,WALWrite
1786443565937,823.1,28947.4,443.2,8278.4,15878133,63896715,11054363653,1332884,306462.52700000006,6568154815,19,WALWrite
1786443566936,841.9,28993.6,446.3,8277.5,15896083,63962485,11066863356,1334513,306813.12100000004,6573504191,29,WALWrite
1786443567936,862.3,29023.7,454.9,8278.4,15914134,64027147,11078966215,1336029,307141.3620000001,6579214015,22,ClientRead
1786443568938,881.7,29077.9,432.9,8277.1,15931766,64093002,11091912993,1337613,307517.04800000007,6584743615,27,ClientRead
1786443569937,991.7,29138.8,430.7,8278.7,15949097,64162299,11104931969,1339155,307864.67100000003,6590027455,20,ClientRead
1786443570938,868.9,29145.1,429.8,8278.9,15966886,64228123,11117561695,1340706,308217.3560000001,6594361023,26,ClientRead
1786443571935,833.4,29123.7,432.8,8278.2,15985421,64297140,11130483618,1342308,308549.02900000004,6598801087,21,WALWrite
1786443572936,778.8,29143.3,438.8,8277.9,16006112,64370038,11143754684,1343969,308931.065,6603101887,25,WALWrite
1786443573936,772.4,29172.6,438.2,8277.8,16027194,64443110,11156930511,1345582,309324.57,6607541951,28,WALWrite
1786443574938,784.5,29203.0,430.0,8278.0,16048804,64517845,11170426798,1347293,309722.61300000007,6612465343,20,WALWrite
1786443575937,834.2,29265.1,428.5,8277.5,16068698,64588303,11183435116,1348882,310095.06600000005,6617110207,34,ClientRead
1786443576939,828.5,29312.6,413.4,8279.0,16087206,64656314,11196429411,1350476,310454.14800000004,6623073983,41,ClientRead
1786443577941,857.9,29341.4,427.5,8278.4,16105511,64723338,11209270039,1352091,310822.55400000006,6628873919,28,WALWrite
1786443578935,883.7,29399.8,423.3,8277.1,16123644,64789329,11221762119,1353692,311170.59,6634477247,29,WALWrite
1786443579936,975.5,29417.9,426.8,8278.2,16140707,64861953,11235161360,1355205,311542.7740000001,6638819007,10,ClientRead
1786443580936,860.2,29457.8,420.0,8276.7,16159126,64929921,11248251377,1356769,311886.94700000004,6643390143,29,WALWrite
1786443581936,828.8,29424.9,402.6,8277.1,16177506,65000822,11261722940,1358353,312276.689,6647690943,34,WALWrite
1786443582936,774.5,29452.7,424.6,8278.4,16198120,65073659,11275021779,1360022,312636.8830000001,6652049087,20,WALWrite
1786443583936,778.2,29479.0,419.0,8277.4,16219741,65148066,11288214606,1361710,313022.079,6656358079,28,WALWrite
1786443584936,769.7,29507.8,428.0,8277.7,16241205,65222843,11301794080,1363348,313394.49400000006,6660757183,30,ClientRead
1786443585936,842.5,29534.5,408.3,8278.2,16261154,65294715,11315365986,1365030,313784.85400000005,6665205439,19,WALWrite
1786443586936,980.2,29608.5,410.9,8276.7,16279941,65362760,11328289780,1366625,314152.40700000006,6671275711,44,WALWrite
1786443587938,1055.8,29624.5,408.5,8279.0,16297304,65428456,11341083006,1368073,314498.618,6681827007,25,WALWrite
1786443588935,1464.0,29706.8,321.2,8277.9,16314680,65490072,11352940052,1369625,314847.13700000005,6692763327,33,WALWrite
1786443589937,2007.2,29744.9,271.7,8277.4,16329909,65549722,11365244838,1371009,315209.3810000001,6703150783,40,WALWrite
1786443590936,1876.6,29779.9,261.7,8277.5,16346108,65607287,11377669810,1372486,315584.7770000001,6713136831,19,WALWrite
1786443591939,1650.3,29733.2,351.4,8132.6,16358721,65661856,11390550166,1373780,315909.88600000006,6722930367,27,ClientRead
1786443592937,828.0,29771.6,427.3,8166.8,16365816,65708577,11402162189,1374877,316265.5630000001,6732494527,2,
1786443593936,802.5,29816.6,451.0,8190.9,16372857,65758523,11414290174,1375982,316577.6170000001,6743463615,0,
1786443594936,441.9,29832.2,342.0,8499.3,16379334,65800210,11424020734,1376837,316821.8840000001,6752032447,38,transactionid
1786443595936,994.7,29890.4,503.9,8532.9,16395665,65890119,11441203009,1378175,317198.3790000001,6765115071,17,WALWrite
1786443596938,923.6,29952.7,477.1,8534.5,16412519,65975028,11456256830,1379583,317539.8710000001,6777181887,21,WALWrite
1786443597937,914.9,30012.2,468.5,8535.7,16429418,66057164,11470218459,1381170,317907.28,6788798143,29,ClientRead
1786443598936,938.2,30097.8,459.0,8534.9,16445996,66137556,11483903104,1382667,318256.10900000005,6800496319,26,WALWrite
1786443599936,1036.6,30121.3,458.7,8535.3,16461512,66219483,11498364024,1384088,318619.41500000004,6811350719,34,WALWrite
1786443600936,928.7,30183.5,456.5,8534.8,16478024,66301762,11512841420,1385542,318969.995,6822106815,24,ClientRead
1786443601936,940.5,30229.9,453.9,8534.3,16494717,66382127,11526671664,1387001,319322.60500000004,6832625343,11,WALWrite
1786443602938,878.9,30188.7,469.7,8535.1,16511847,66469565,11541302875,1388474,319678.51700000005,6842988223,3,ClientRead
1786443603936,876.8,30225.7,469.2,8535.9,16530494,66564845,11556317479,1390026,320062.173,6853433023,26,ClientRead
1786443604936,874.5,30267.6,474.2,8536.5,16549519,66658631,11571639137,1391544,320429.83800000005,6864230079,33,ClientRead
1786443605936,921.1,30339.6,461.6,8534.8,16567350,66751281,11586136213,1393146,320816.21100000007,6875666111,43,WALWrite
1786443606937,950.2,30395.0,462.0,8535.9,16584010,66834859,11600231714,1394628,321176.079,6887331519,41,WALWrite
1786443607938,958.8,30450.2,469.7,8535.1,16600965,66920044,11614766583,1396041,321523.80400000006,6899218111,28,ClientRead
1786443608937,995.9,30518.2,464.4,8537.6,16618560,67007192,11629469388,1397586,321896.80500000005,6911178431,19,WALWrite
1786443609937,1069.2,30685.2,451.1,8536.5,16634482,67086227,11643209393,1398997,322257.0040000001,6922286783,34,WALWrite
1786443610937,1022.1,30623.5,441.8,8536.6,16650480,67370021,11669912977,1400403,322593.396,6932117183,23,WALWrite
1786443611939,930.7,30662.8,436.3,8539.1,16666711,67451442,11684272122,1401835,322964.473,6936975039,41,WALWrite
1786443612936,971.8,30616.9,456.2,8537.8,16683618,67539342,11698980768,1403279,323358.43700000003,6941710015,23,ClientRead
1786443613937,885.8,30643.9,468.9,8538.1,16702537,67634010,11713556310,1404831,323725.753,6946543295,23,ClientRead
1786443614936,873.0,30672.9,495.4,8536.6,16721405,67728911,11728692218,1406389,324117.75500000006,6951687871,42,WALWrite
1786443615936,914.3,30707.6,487.3,8536.8,16739219,67817549,11743102435,1407931,324493.7970000001,6957168319,35,WALWrite
1786443616937,967.1,30735.3,507.9,8537.8,16756157,67902964,11757787373,1409384,324834.1720000001,6962263743,50,WALWrite
1786443617936,946.8,30781.5,509.7,8538.9,16772563,67984949,11771936231,1410864,325207.8070000001,6967555775,17,ClientRead
1786443618942,1681.3,30856.8,338.7,8537.5,16787692,68059596,11785140939,1412208,325532.25500000006,6973322943,26,WALWrite
1786443619937,2204.3,30869.1,254.8,8541.2,16802250,68136008,11798423794,1413594,325876.92100000003,6978279103,35,WALWrite
1786443620938,2090.0,30896.4,239.0,8542.1,16818253,68212948,11811684370,1415162,326213.841,6983120575,36,WALWrite
1786443621937,2052.1,30943.9,249.2,8544.1,16834199,68290813,11825296799,1416724,326592.3140000001,6987912895,29,WALWrite
1786443622936,1397.7,30896.1,372.9,8549.6,16849512,68373442,11838760849,1418150,326959.77700000006,6992778943,30,WALWrite
1786443623936,935.8,30922.8,451.7,8552.6,16867703,68472394,11853679897,1419607,327321.212,6997825215,56,ClientRead
1786443624937,996.5,30952.0,491.7,8552.6,16886396,68571784,11869001187,1421139,327684.098,7002879679,24,WALWrite
1786443625936,950.6,30981.4,478.5,8553.7,16904814,68666541,11884284471,1422742,328079.45300000004,7008335551,28,WALWrite
1786443626937,955.3,31020.5,471.1,8555.5,16920376,68744903,11897467995,1424086,328409.106,7013275327,31,WALWrite
1786443627938,964.7,31069.5,485.0,8553.7,16938006,68831425,11911287881,1425479,328745.38300000003,7019640511,50,ClientRead
1786443628937,988.6,31141.9,472.5,8554.1,16955935,68921577,11927345195,1427152,329166.6270000001,7026316991,43,WALWrite
1786443629940,1104.4,31181.1,459.7,8552.5,16971235,68997802,11939859496,1428506,329491.45100000006,7032059583,24,WALWrite
1786443630937,1080.9,31202.2,463.7,8554.4,16988393,69237683,11964714465,1429984,329851.25100000005,7036884671,25,WALWrite
1786443631937,1020.3,31227.4,480.6,8554.0,17003516,69311208,11976848196,1431346,330204.8760000001,7041472191,20,ClientRead
1786443632936,990.4,31169.8,474.8,8554.9,17020629,69398057,11991325148,1432798,330575.0150000001,7046198975,31,ClientRead
1786443633936,909.5,31278.4,468.7,8554.0,17036155,69475214,12028622414,1434227,330947.242,7049893567,48,transactionid
1786443634938,947.2,31355.8,486.2,8554.2,17050122,69545236,12101332243,1435471,331287.308,7055046335,69,transactionid
1786443635937,938.4,31452.1,453.2,8555.5,17064990,69622990,12166430361,1436809,331689.606,7059822271,75,transactionid
1786443636936,966.7,31593.2,452.9,8556.3,17079566,69699244,12220260342,1438204,332059.275,7065286335,92,LockManager
1786443637937,914.4,31763.0,464.3,8557.5,17094763,69779194,12270578763,1439634,332432.677,7071258303,97,transactionid
1786443638937,987.8,31927.1,489.9,8562.8,17108453,69848338,12310716532,1440973,332747.15900000004,7076296383,126,transactionid
1786443639939,983.8,32098.6,461.4,8583.6,17122328,69918694,12348621610,1442387,333106.988,7080785599,133,transactionid
1786443640939,1140.9,33196.7,474.1,8679.2,17133356,69986307,12383485703,1443538,333410.811,7083873983,154,transactionid
1786443641936,905.4,33422.3,456.8,8750.2,17147863,70063410,12423108335,1445012,333784.793,7088027327,166,LockManager
1786443642936,863.4,33523.9,459.4,8816.6,17160899,70133546,12456497643,1446311,334176.80100000004,7092188863,187,transactionid
1786443643936,881.7,33664.6,467.4,8859.6,17175237,70210570,12494190721,1447732,334540.24100000004,7096800959,180,LockManager
1786443644936,917.1,33797.8,412.1,8885.4,17191599,70296146,12531174120,1449193,334896.153,7101781695,167,transactionid
1786443645936,877.0,33949.5,379.4,8913.9,17206994,70376512,12564855889,1450615,335270.473,7106156223,184,LockManager
1786443646936,904.9,34076.3,373.1,8934.0,17221940,70457138,12598504501,1451936,335585.819,7112898239,173,LockManager
1786443647936,1002.9,34212.5,381.9,8960.4,17237251,70544161,12630958230,1453482,335925.742,7119550143,180,transactionid
1786443648938,1948.7,34421.3,296.5,8997.8,17252291,70620829,12660197661,1454896,336270.268,7124866751,178,LockManager
1786443649937,2172.9,34465.4,226.9,9082.8,17265895,70691136,12687339353,1456353,336638.212,7129134783,185,LockManager
1786443650940,2037.5,34531.8,208.2,9192.2,17280515,70763995,12715757099,1457945,336984.517,7132706495,183,transactionid
1786443651938,2016.6,34607.0,214.7,9244.4,17295720,70843591,12746359808,1459565,337330.314,7137179327,189,transactionid
1786443652937,1427.7,34737.2,339.8,9299.4,17309458,70921622,12775524488,1460907,337647.808,7141594815,183,LockManager
1786443653936,1023.2,34724.3,466.2,9358.8,17323522,71003201,12801601192,1462177,337980.64499999996,7146641087,180,transactionid
1786443654938,998.5,34827.8,477.3,9375.8,17338396,71089172,12827573333,1463461,338335.893,7153931967,177,transactionid
1786443655939,970.9,34903.2,419.1,9394.5,17354477,71187613,12862644155,1464888,338696.651,7159944895,185,transactionid
1786443656936,905.1,35004.9,392.4,9413.8,17369817,71271025,12887509532,1466317,339043.208,7165761215,179,transactionid
1786443657936,936.0,35083.5,407.8,9418.8,17385496,71360970,12914900452,1467739,339376.952,7171954367,188,LockManager
1786443658936,960.0,35184.2,403.7,9423.8,17401063,71445396,12939596113,1469203,339714.468,7177565887,178,LockManager
1786443659936,1002.0,35261.4,361.3,9426.9,17415310,71518475,12962285478,1470644,340034.353,7182554815,183,transactionid
1786443660938,1141.7,35379.6,483.3,9437.0,17430555,71608010,12995807561,1472039,340374.42100000003,7191525055,147,transactionid
1786443661940,1200.4,35509.6,598.1,9436.2,17445919,71708935,13035120734,1473208,340774.75,7202584255,148,transactionid
1786443662936,1144.9,35529.7,594.4,9433.6,17460532,71801459,13062412436,1474375,341153.874,7210825407,154,LockManager
1786443663938,992.6,35613.9,547.5,9435.2,17476535,71891488,13084675872,1475784,341533.666,7218157247,114,LockManager
1786443664937,1027.0,35677.6,562.9,9433.7,17493422,71985097,13108332262,1477202,341923.88200000004,7225751231,102,transactionid
1786443665936,1106.6,35700.2,528.8,9434.2,17507687,72062877,13127112738,1478427,342294.777,7231461055,133,LockManager
1786443666936,1113.0,35768.4,545.4,9435.5,17521455,72303716,13232642804,1479594,342662.222,7237686975,140,transactionid
1786443667937,1030.0,35845.8,554.8,9436.0,17535963,72380195,13248997486,1480893,343037.179,7244224191,124,LockManager
1786443668936,1085.1,35944.6,559.7,9436.3,17551072,72458066,13265071991,1482245,343413.417,7250523839,160,transactionid
1786443669935,1112.8,36008.1,491.2,9436.0,17565865,72533299,13280402461,1483642,343767.686,7254726335,156,LockManager
1786443670937,1030.1,36023.7,477.6,9436.9,17580420,72633336,13298058915,1485040,344104.789,7259264703,172,transactionid
1786443671936,1030.7,36098.0,510.0,9434.6,17595775,72714298,13314601810,1486418,344431.608,7264114367,140,LockManager
1786443672936,1047.8,36180.6,521.9,9435.4,17609876,72789150,13330147057,1487690,344763.82,7269242559,134,LockManager
1786443673936,805.8,36138.1,396.7,9538.6,17624305,72871081,13346265110,1489021,345143.293,7273199295,13,ClientRead
1786443674939,936.0,36193.9,543.1,9537.7,17636695,72944302,13362700083,1490135,345440.424,7279122111,131,transactionid
1786443675937,1035.8,36276.2,555.4,9538.1,17652795,73028929,13378604642,1491521,345806.675,7283996351,104,transactionid
1786443676936,1051.2,36337.2,569.7,9538.0,17668550,73110339,13394532359,1492884,346163.932,7288895167,123,transactionid
1786443677936,1067.8,36396.3,570.3,9537.6,17685226,73194450,13410498659,1494406,346554.234,7293671103,106,LockManager
1786443678937,1822.0,36491.2,422.4,9537.2,17699965,73269089,13424648198,1495721,346925.885,7298487999,132,transactionid
1786443679936,2344.3,36655.8,279.2,9537.2,17712882,73332718,13437101497,1496958,347285.705,7302215359,150,LockManager
1786443680939,2280.6,36567.7,281.4,9537.8,17724855,73405341,13451089644,1498183,347620.43,7307228863,142,LockManager
1786443681936,2073.4,36612.4,349.5,9556.3,17734551,73458983,13464136487,1499177,347892.936,7311972031,157,LockManager
1786443682936,1780.1,36697.4,412.2,9557.7,17749092,73517307,13476854616,1500599,348279.578,7316182719,123,transactionid
1786443683936,1176.1,36683.3,548.4,9557.8,17765348,73594640,13492082566,1501913,348654.63,7321204415,113,transactionid
1786443684937,1077.1,36734.9,599.3,9560.1,17782359,73668787,13506592872,1503256,349034.09599999996,7326275263,113,LockManager
1786443685936,1011.1,36810.2,570.3,9559.7,17799590,73739232,13520714422,1504622,349418.52999999997,7330903743,83,tuple
1786443686937,1001.7,36869.0,571.5,9557.4,17816473,73805355,13534239615,1505992,349766.615,7335507647,91,LockManager
1786443687937,1017.3,36908.8,573.0,9558.5,17832540,73866829,13546840322,1507356,350110.841,7339611839,94,LockManager
1786443688936,1059.5,36981.2,548.8,9567.7,17848832,73930561,13559996910,1508698,350471.013,7343912639,121,LockManager
1786443689936,1162.9,37004.9,498.4,9573.2,17863302,73994431,13571954514,1510005,350841.917,7347762879,137,transactionid
1786443690936,1003.2,37057.4,538.6,9590.6,17879309,74059248,13585451391,1511378,351206.036,7352506047,110,LockManager
1786443691937,1036.9,37106.9,568.1,9640.7,17895270,74125366,13599369663,1512661,351541.331,7357191871,97,transactionid
1786443692937,1082.4,37187.6,572.5,9658.0,17911977,74190607,13612737449,1514061,351911.57999999996,7361599167,117,LockManager
1786443693937,1065.2,37110.3,592.6,9665.9,17928452,74260265,13626536772,1515378,352265.89400000003,7366063807,94,LockManager
1786443694936,944.1,37151.0,587.7,9666.2,17946750,74330896,13640796603,1516891,352642.28400000004,7371577023,75,LockManager
1786443695936,959.2,37222.9,567.5,9665.7,17964697,74399216,13654145148,1518367,353010.417,7377335999,96,LockManager
1786443696937,1001.0,37277.0,550.8,9667.7,17981153,74462581,13667009420,1519726,353360.22500000003,7381374655,95,LockManager
1786443697936,1025.9,37325.7,562.4,9667.4,17997702,74527470,13680377400,1521105,353726.82700000005,7385953983,118,LockManager
1786443698936,1061.3,37372.4,549.9,9666.2,18013955,74589258,13692726216,1522447,354073.46700000006,7389714111,140,LockManager
1786443699936,1126.3,37427.7,497.1,9665.8,18028963,74651690,13704709767,1523780,354405.106,7393785535,149,LockManager
1786443700936,1014.4,37442.3,514.9,9666.2,18044149,74711854,13717133276,1525136,354751.313,7398708927,148,LockManager
1786443701938,955.1,37488.8,538.6,9666.4,18060385,74776752,13730408638,1526524,355087.319,7403681471,122,transactionid
1786443702936,1050.4,37571.4,551.4,9668.3,18076943,74844879,13744687547,1527948,355457.14200000005,7408391871,112,transactionid
1786443703937,1005.8,37489.5,543.3,9666.2,18093171,74915992,13759149322,1529263,355799.177,7412987583,129,transactionid
1786443704936,1013.7,37526.3,583.8,9667.0,18110092,74983633,13772957604,1530671,356216.503,7417878207,66,LockManager
1786443705938,1006.9,37563.5,563.1,9668.3,18127364,75050090,13786370749,1532094,356582.08100000006,7422154431,107,LockManager
1786443706937,1064.2,37605.5,553.4,9666.6,18144149,75115715,13799840148,1533440,356914.1780000001,7427675839,89,LockManager
1786443707938,977.6,37659.2,561.9,9668.0,18160084,75179459,13812643736,1534784,357249.55600000004,7433336511,127,LockManager
1786443708940,1902.4,37749.6,402.3,9666.4,18176709,75242431,13825302763,1536203,357624.242,7437588159,145,transactionid
1786443709939,2661.5,37820.6,201.8,9666.1,18191959,75299880,13836394566,1537706,358001.08700000006,7440766655,150,transactionid
1786443710937,2609.5,37769.7,216.0,9666.4,18206129,75349283,13847244385,1539115,358338.598,7444780735,155,LockManager
1786443711937,2397.4,37826.9,254.5,9665.7,18221470,75403271,13859601057,1540603,358693.419,7449802431,136,transactionid
1786443712937,2390.6,37829.7,269.1,9666.4,18236860,75461594,13874134638,1541971,359041.754,7454570175,118,LockManager
1786443713936,1449.2,37866.1,468.8,9668.1,18250291,75519033,13886615198,1543151,359380.13399999996,7458756287,142,LockManager
1786443714936,1115.7,37910.0,521.6,9671.2,18265874,75584387,13899047930,1544458,359718.43600000005,7466301119,185,LockManager
1786443715937,1148.5,37902.2,514.3,9667.5,18282008,75654529,13912744406,1545781,360054.05700000003,7476360895,162,transactionid
1786443716937,1085.4,37968.4,530.4,9666.7,18298263,75726972,13927219767,1547129,360419.46900000004,7487157951,145,transactionid
1786443717937,1001.7,38032.6,560.1,9668.1,18315313,75798488,13942615537,1548517,360765.473,7498151615,135,transactionid
1786443718936,990.7,38119.3,547.4,9668.0,18331650,75862022,13955977795,1549924,361135.019,7509644991,156,LockManager
1786443719937,1023.6,38184.4,466.9,9667.5,18347379,75919062,13967322187,1551337,361451.267,7517877951,140,LockManager
1786443720937,1119.4,38213.6,566.1,9668.7,18362996,75991029,13982010352,1552739,361812.752,7530370751,138,LockManager
1786443721937,945.1,38270.8,536.9,9666.7,18379832,76059785,13996763927,1554195,362178.97799999994,7540864703,129,LockManager
1786443722938,1025.9,38314.5,560.5,9667.9,18396468,76125735,14010488503,1555566,362529.54899999994,7550957247,138,LockManager
1786443723938,1030.7,38371.3,551.4,9667.1,18413475,76193544,14024785674,1557016,362897.69999999995,7562012351,106,transactionid
1786443724938,1037.7,38426.5,542.6,9666.9,18429834,76257912,14038409401,1558397,363238.017,7571797695,118,transactionid
1786443725937,1064.1,38479.4,551.5,9669.3,18445793,76320333,14051082354,1559741,363575.50100000005,7585052351,119,LockManager
1786443726937,1057.7,38530.5,541.7,9667.2,18461177,76381236,14063918335,1561072,363938.619,7595873983,119,transactionid
1786443727937,1024.5,38549.5,546.1,9667.4,18477277,76445567,14077684746,1562403,364295.276,7607498431,130,LockManager
1786443728937,1007.6,38617.0,548.9,9665.6,18493423,76507221,14090251793,1563763,364642.734,7618049727,171,transactionid
1786443729936,1020.9,38680.6,461.5,9667.9,18509245,76566470,14102348161,1565178,364996.047,7626856127,124,transactionid
1786443730936,963.1,38742.2,497.9,9668.2,18525405,76630801,14116070558,1566553,365328.39300000004,7637030591,144,LockManager
1786443731937,968.4,38794.6,538.0,9668.0,18542064,76697737,14130387609,1567990,365686.95,7648024255,129,LockManager
1786443732937,1013.4,38853.0,538.2,9668.6,18559301,76766474,14144905515,1569447,366040.346,7658518207,119,transactionid
1786443733936,1050.1,38892.8,551.6,9666.8,18575326,76828314,14157699969,1570755,366373.099,7668176575,137,LockManager
1786443734937,1026.4,38913.8,517.0,9668.6,18590987,76899243,14171259843,1572087,366739.293,7677679295,148,transactionid
1786443735937,1046.1,38962.4,543.2,9666.9,18606608,76961436,14184497424,1573449,367124.383,7687534271,122,LockManager
1786443736937,1092.1,39006.3,547.3,9667.4,18622304,77024883,14198125760,1574820,367490.278,7697921727,138,LockManager
1786443737936,1103.9,39049.4,556.4,9668.1,18637918,77086258,14211014033,1576123,367856.62799999997,7707031231,142,transactionid
1786443738939,1844.9,39050.1,415.2,9667.6,18652952,77149781,14223572622,1577465,368220.595,7716165311,152,LockManager
1786443739937,2303.7,39103.1,275.4,9666.6,18666943,77202290,14234777317,1578806,368600.42,7725725375,151,transactionid
1786443740936,2156.9,39167.9,290.2,9667.4,18681549,77256655,14246105682,1580193,368945.56799999997,7737276095,147,transactionid
1786443741940,2156.7,39236.9,308.4,9666.5,18696172,77313121,14258710170,1581567,369303.318,7749359295,145,transactionid
1786443742937,2039.7,39296.5,370.6,9667.2,18711201,77371765,14272198502,1582913,369652.74100000004,7760991935,154,LockManager
1786443743936,1304.8,39344.1,517.2,9667.5,18726436,77435351,14285414166,1584158,370026.46900000004,7771305663,140,transactionid
1786443744940,1022.3,39376.9,525.6,9667.6,18743406,77518747,14301221546,1585546,370378.573,7782692543,152,transactionid
1786443745937,1041.6,39437.6,555.5,9666.3,18759495,77584684,14314829649,1586862,370745.062,7793866431,97,LockManager
1786443746936,1041.4,39487.2,547.7,9667.7,18775810,77648237,14328061272,1588229,371140.327,7804597951,101,transactionid
1786443747937,1080.6,39506.0,554.3,9665.8,18792436,77715010,14342303649,1589597,371504.66199999995,7815706303,114,transactionid
1786443748937,1109.4,39558.1,552.2,9670.1,18808175,77775356,14354956627,1590951,371878.48699999996,7825110719,148,LockManager
1786443749937,1172.9,39607.1,493.9,9666.6,18822460,77829791,14367450535,1592197,372209.38300000003,7835678399,152,LockManager
1786443750936,1048.0,39589.3,527.3,9668.2,18837739,77892261,14382114309,1593566,372568.73699999996,7846196927,141,LockManager
1786443751937,1002.1,39642.8,559.1,9666.2,18853603,77956281,14397265616,1594930,372924.23,7857903295,158,transactionid
1786443752938,1079.5,39714.8,574.4,9668.4,18870223,78023041,14412906086,1596347,373272.858,7870969535,120,transactionid
1786443753937,1141.4,39778.4,605.3,9668.3,18885813,78093868,14429353156,1597660,373630.133,7883708095,90,transactionid
1786443754937,1118.9,39828.9,590.7,9668.3,18901879,78157485,14444280327,1598944,373999.505,7895389887,93,LockManager
1786443755937,1107.1,39877.8,586.4,9669.1,18917259,78218850,14458998751,1600188,374355.27799999993,7906539199,28,WALWrite
1786443756937,1070.2,39947.9,570.1,9666.4,18933821,78281566,14473286459,1601547,374708.49999999994,7917655743,80,LockManager
1786443757936,1122.3,39977.6,590.9,9667.2,18949633,78342315,14486499322,1602768,375061.10199999996,7929099967,45,WALWrite
1786443758937,1169.1,40022.4,600.5,9667.7,18965818,78405120,14499932938,1604082,375422.17799999996,7940290239,31,ClientRead
1786443759939,1229.2,40064.2,561.9,9668.4,18980509,78472635,14513652049,1605322,375811.73199999996,7951914687,56,transactionid
1786443760937,1042.3,40094.4,587.3,9667.2,18995588,78530406,14526116261,1606535,376155.32099999994,7962293951,1,
1786443761937,940.2,40102.6,564.4,9669.1,19012296,78596219,14539324821,1607951,376520.45599999995,7972279999,42,ClientRead
1786443762937,919.5,40141.0,555.5,9666.6,19028842,78657895,14552542018,1609315,376876.28599999996,7982077631,28,ClientRead
1786443763938,920.2,40198.3,555.7,9668.7,19045330,78718293,14565138951,1610685,377243.63999999996,7992276671,50,WALWrite
1786443764936,919.1,40255.1,563.6,9669.3,19061769,78779869,14577868381,1612070,377606.251,8002787007,24,ClientRead
1786443765936,854.4,40313.8,622.1,9497.3,19076049,78836494,14590609582,1613349,377997.158,8012961471,25,ClientRead
1786443766936,850.4,40352.2,562.5,9539.7,19083030,78878615,14602625007,1614398,378354.26399999997,8023045823,33,WALWrite
1786443767937,847.7,40410.9,546.3,9564.0,19089506,78919781,14614837463,1615474,378689.182,8033007295,12,WALWrite
1786443768939,1642.1,40481.3,420.4,9632.3,19095374,78957296,14626174109,1616492,379073.25899999996,8043353791,29,ClientRead
1786443769940,2416.5,40551.6,342.2,9839.1,19100694,78992231,14642334506,1617263,379469.48699999996,8052790975,51,WALWrite
1786443770937,2443.9,40597.9,298.1,9840.4,19109846,79271555,14690692273,1618142,379842.882,8059049663,50,ClientRead
1786443771937,2575.5,40699.5,295.3,9841.0,19120387,79329124,14727838837,1619273,380241.738,8064390847,47,WALWrite
1786443772937,2589.4,40696.1,302.0,9840.7,19129448,79379808,14759420160,1620180,380588.642,8069273279,46,WALWrite
1786443773937,1887.7,40714.1,451.8,9841.7,19140849,79443271,14793482796,1621343,381014.882,8074376895,63,ClientRead
1786443774938,1056.7,40789.4,553.6,9841.1,19154778,79518601,14828718622,1622420,381381.967,8078857919,28,ClientRead
1786443775937,1002.3,40836.3,560.4,9845.5,19169206,79596608,14864923019,1623657,381788.064,8083830463,15,ClientRead
1786443776935,1027.8,40914.0,563.5,9842.8,19183164,79674540,14898817048,1624817,382170.82800000004,8088876735,12,WALWrite
1786443777936,915.6,40970.7,537.7,9844.0,19197713,79751217,14934425977,1626018,382555.957,8093529791,18,WALWrite
1786443778936,950.3,41043.2,556.0,9842.7,19212723,79827303,14970932092,1627366,382923.33999999997,8098911935,16,WALWrite
1786443779937,1127.8,41231.6,552.8,9842.2,19227174,79899485,15005521411,1628596,383294.555,8104466111,42,WALWrite
1786443780935,1015.8,41145.6,547.7,9842.0,19241146,79983150,15039943094,1629827,383657.182,8110429887,23,WALWrite
1786443781936,920.3,41210.7,546.6,9842.4,19256172,80059243,15073926933,1631138,384028.63300000003,8115451583,13,WALWrite
1786443782936,903.2,41248.9,530.9,9844.5,19270910,80133224,15107089025,1632452,384381.668,8120719039,35,WALWrite
1786443783936,882.9,41297.2,525.3,9845.4,19285651,80208283,15140408352,1633731,384750.52599999995,8125953727,22,ClientRead
1786443784939,914.9,41346.5,539.3,9844.5,19300094,80282448,15172266408,1635007,385124.591,8130918079,10,WALWrite
1786443785937,910.5,41361.7,546.4,9844.4,19314539,80356809,15203655108,1636315,385514.069,8135808703,19,WALWrite
1786443786936,931.5,41418.8,559.9,9845.4,19329256,80434400,15235335477,1637617,385890.148,8140658367,23,WALWrite
1786443787937,929.9,41477.5,551.6,9846.4,19343835,80510256,15266751237,1638917,386264.268,8145802943,28,ClientRead
1786443788936,941.0,41549.2,552.0,9847.7,19358590,80585657,15297732471,1640177,386620.45900000003,8150136511,25,ClientRead
1786443789939,1146.1,41604.1,550.6,9847.9,19372841,80657318,15326921783,1641400,386994.935,8155027135,30,ClientRead
1786443790935,988.5,41625.9,541.8,9849.9,19386967,80760780,15357308454,1642638,387339.299,8159508159,21,ClientRead
1786443791937,908.5,41687.3,532.6,9849.8,19402303,80836931,15387730043,1643964,387702.964,8164259519,29,ClientRead
1786443792937,913.0,41738.7,540.3,9850.6,19417929,80915149,15419108124,1645345,388085.85,8169207487,36,WALWrite
1786443793937,904.8,41788.7,542.6,9852.3,19433262,80991700,15448275569,1646681,388430.21900000004,8173868735,33,WALWrite
1786443794936,910.6,41819.8,530.2,9853.4,19448732,81070126,15477418207,1648068,388770.57499999995,8178620095,2,ClientRead
1786443795939,914.1,41867.7,543.8,9852.7,19464398,81148779,15507734857,1649431,389152.11699999997,8183854783,50,WALWrite
1786443796937,889.6,41854.5,536.7,9851.6,19479187,81224208,15535156641,1650758,389540.476,8188204735,17,ClientRead
1786443797936,921.9,41934.6,545.6,9850.4,19494531,81311752,15564189531,1652091,389921.00600000005,8192939711,43,ClientRead
1786443798939,1441.3,41991.4,507.4,9850.2,19508975,81388440,15590665553,1653316,390287.463,8197985983,39,ClientRead
1786443799939,2066.9,42059.4,429.2,9851.4,19521516,81453089,15613413917,1654339,390688.777,8202499775,41,ClientRead
1786443800936,2068.6,42088.9,417.0,9850.6,19533421,81527391,15636377955,1655324,391095.234,8210077375,30,ClientRead
1786443801936,2053.5,42138.6,439.6,9850.5,19546227,81593404,15658933799,1656332,391480.64300000004,8220198591,37,ClientRead
1786443802938,2049.4,42208.2,429.0,9852.7,19559208,81660798,15682165691,1657401,391887.72000000003,8230115007,54,ClientRead
1786443803936,1481.6,42261.5,534.2,9855.7,19572976,81731551,15705364545,1658476,392286.912,8240371391,41,WALWrite
1786443804936,1055.0,42319.4,533.9,9856.9,19587359,81804733,15728867544,1659686,392661.85699999996,8250119871,24,ClientRead
1786443805937,898.1,42376.1,516.7,9856.5,19603405,81885513,15755893394,1661074,393029.195,8261072575,20,ClientRead
1786443806935,902.4,42434.7,518.9,9854.7,19619138,81965567,15783065607,1662475,393420.12700000004,8271034047,22,WALWrite
1786443807936,908.8,42479.2,521.6,9855.9,19634281,82043417,15808667237,1663804,393775.489,8280839871,33,ClientRead
1786443808937,927.0,42520.3,529.9,9854.6,19650798,82133562,15836985045,1665247,394178.937,8291817151,30,WALWrite
1786443809936,1131.6,42692.1,532.8,9854.7,19665962,82211110,15861827979,1666507,394530.815,8301737663,7,ClientRead
1786443810935,1051.5,42666.3,518.6,9854.5,19680918,82285617,15885119514,1667838,394906.44499999995,8312870591,19,ClientRead
1786443811939,1002.7,42728.6,529.6,9855.1,19696446,82682176,15933873406,1669107,395247.467,8321431231,69,WALWrite
1786443812936,909.3,42749.5,521.5,9857.9,19711342,82755426,15957002742,1670407,395597.898,8326297279,18,WALWrite
1786443813937,902.9,42806.5,520.2,9856.7,19728112,82837673,15982695323,1671884,395969.10199999996,8331155135,7,WALWrite
1786443814937,906.0,42850.2,514.5,9857.5,19744462,82918624,16007553779,1673274,396321.974,8335988415,14,WALWrite
1786443815936,911.1,42901.5,525.9,9856.9,19760723,82998516,16032042277,1674686,396701.227,8340625087,8,ClientRead
1786443816938,898.9,42959.3,516.8,9860.1,19776282,83076526,16055235722,1676061,397074.99799999996,8345360063,18,WALWrite
1786443817937,905.1,42968.5,521.9,9858.3,19791738,83152997,16077914236,1677361,397394.154,8350119615,44,ClientRead
1786443818936,924.3,43034.1,496.5,9859.1,19808506,83235911,16101979378,1678809,397797.035,8354698943,33,ClientRead
1786443819937,1144.6,43084.1,528.8,9862.0,19823489,83319303,16124404484,1680074,398170.36699999997,8359712447,43,ClientRead
1786443820936,942.4,43020.5,518.9,9860.8,19837549,83391534,16144259692,1681257,398502.03599999996,8364463807,18,WALWrite
1786443821938,878.4,43083.5,505.1,9861.2,19853453,83470652,16166023526,1682653,398866.208,8368912063,17,WALWrite
1786443822937,901.1,43131.9,505.3,9862.3,19869361,83548924,16188113831,1683996,399211.159,8373925567,40,ClientRead
1786443823936,891.0,43189.7,500.9,9863.8,19885361,83627182,16209455050,1685378,399583.92,8378726079,47,WALWrite
1786443824935,908.9,43238.0,517.8,9864.2,19901718,83708444,16231250028,1686772,399943.615,8383502015,35,WALWrite
1786443825936,904.1,43289.6,496.6,9865.8,19918272,83790390,16253458724,1688230,400308.464,8388064959,23,ClientRead
1786443826936,890.5,43320.3,494.3,9867.7,19934470,83871582,16275182842,1689671,400684.05199999997,8393012927,12,WALWrite
1786443827936,914.2,43372.0,503.7,9866.5,19950238,83950085,16295587471,1691023,401051.484,8397477567,51,BufferContent
1786443828936,927.3,43411.9,501.7,9868.6,19966550,84032517,16317115994,1692438,401438.25800000003,8402286271,35,ClientRead
1786443829937,1666.9,43496.3,421.2,9867.6,19981094,84104847,16335988509,1693687,401787.957,8407037631,88,WALWrite
1786443830940,2096.7,43608.5,393.9,9867.5,19993350,84168508,16353202993,1694632,402235.533,8411551423,48,ClientRead
1786443831936,2074.5,43645.6,397.5,9869.5,20003810,84231126,16369003545,1695389,402615.454,8416630463,40,WALWrite
1786443832936,2077.3,43784.4,387.1,9867.5,20015146,84293544,16385372351,1696233,403050.54000000004,8421217983,52,WALInsert
1786443833940,2185.2,43998.6,364.2,9873.4,20025761,84350948,16400936605,1696999,403454.283,8426124991,42,WALWrite
1786443834937,1573.0,43980.0,490.7,9878.3,20037627,84591559,16861116046,1697854,403876.37,8427656895,16,WALWrite
1786443835936,910.6,44016.5,502.6,9877.8,20053753,84674670,16880951051,1699137,404269.934,8428345023,11,ClientRead
1786443836936,881.3,44043.0,496.5,9877.2,20069879,84757846,16901179928,1700619,404647.54300000006,8432932543,4,ClientRead
1786443837937,900.2,44092.1,491.9,9877.1,20086025,84840998,16921073659,1701980,405035.055,8438036159,17,WALWrite
1786443838936,930.1,44144.9,491.9,9879.5,20102102,84922356,16940666243,1703381,405397.511,8442943167,55,ClientRead
1786443839936,1104.3,44266.3,495.3,9878.2,20117251,84999113,16958781699,1704741,405754.389,8447194815,12,ProcarrayGroupUpdate
1786443840936,1037.4,44197.9,491.3,9878.5,20132820,85266783,16988734113,1706101,406112.335,8452290239,11,ClientRead
1786443841937,929.0,44199.9,498.9,9879.1,20148666,85344150,17006944755,1707528,406477.43600000005,8458385087,21,WALWrite
1786443842937,879.5,44167.7,487.5,9879.2,20165208,85432136,17026188377,1708887,406834.988,8461874879,5,ClientRead
1786443843936,891.7,44201.3,486.7,9880.1,20181346,85513647,17044167073,1710265,407180.518,8466618047,49,WALWrite
1786443844936,889.0,44269.9,489.9,9878.6,20198227,85597353,17062480859,1711735,407537.843,8471549631,22,ClientRead
1786443845937,907.4,44327.9,490.6,9880.6,20215106,85681245,17081001637,1713221,407938.51399999997,8476849855,11,ClientRead
1786443846936,930.3,44358.1,502.9,9878.8,20231205,85762159,17098703096,1714631,408304.73500000004,8481240767,3,ClientRead
1786443847936,916.2,44387.0,490.1,9880.5,20247641,85844978,17116719770,1716020,408633.653,8485770943,47,WALWrite
1786443848937,930.7,44448.4,493.6,9882.2,20263857,85926975,17134863427,1717423,409003.916,8490751679,21,ClientRead
1786443849937,1108.0,44502.9,501.2,9881.5,20279591,86014778,17152815117,1718790,409361.886,8495445695,35,WALWrite
1786443850938,947.0,44485.8,546.2,9882.9,20294786,86091105,17169240163,1720054,409696.879,8500147903,26,WALWrite
1786443851937,892.3,44515.8,536.5,9883.0,20311004,86169631,17185828120,1721450,410085.595,8504735423,17,WALWrite
1786443852936,893.8,44543.6,524.9,9885.6,20327482,86251781,17202766191,1722802,410433.513,8509437631,19,WALWrite
1786443853936,892.7,44538.7,514.8,9885.9,20343940,86339648,17219890604,1724247,410826.107,8514131647,18,ClientRead
1786443854939,892.4,44580.5,515.0,9887.9,20360574,86424917,17236921649,1725721,411189.388,8519104191,42,ClientRead
1786443855936,888.3,44622.9,503.2,9889.0,20377131,86506537,17253266840,1727175,411537.619,8523806399,20,WALWrite
1786443856936,909.9,44662.2,505.3,9891.6,20393598,86589416,17269885720,1728623,411907.687,8528336575,48,WALWrite
1786443857937,918.9,44697.2,518.4,9893.0,20409312,86670230,17285937697,1729991,412256.8,8533161663,17,WALWrite
1786443858936,940.3,44746.6,510.8,9896.1,20425963,86753807,17302289434,1731454,412602.338,8538142399,20,WALWrite
1786443859936,1592.2,44823.0,435.5,9901.2,20440783,86827587,17317096408,1732734,412958.617,8542795455,43,ClientRead
1786443860938,2198.3,44832.8,390.3,9904.3,20453432,87088859,17343005573,1733825,413355.29600000003,8547350207,38,WALWrite
1786443861937,2117.6,44851.7,388.9,9908.7,20467006,87157177,17357687724,1734936,413751.99,8551978687,39,WALWrite
1786443862938,2116.3,44881.1,402.1,9911.5,20480097,87223753,17371699010,1736027,414141.92199999996,8556377791,45,ClientRead
1786443863937,2119.4,44908.7,398.6,9914.1,20493121,87290314,17385912293,1737048,414534.447,8560785087,52,ClientRead
1786443864937,1534.1,44882.4,473.2,9918.5,20506596,87367612,17400753054,1738174,414953.163,8565356223,41,ClientRead
1786443865937,906.1,44921.2,493.3,9918.5,20523256,87453240,17416447691,1739574,415330.109,8570222271,15,ClientRead
1786443866937,897.4,44962.7,494.7,9920.7,20540117,87537477,17432027681,1741087,415678.595,8574957247,1,
1786443867936,894.6,45003.4,483.2,9920.0,20557143,87622821,17447767424,1742553,416052.054,8579700415,36,WALWrite
1786443868935,917.5,45048.6,477.8,9922.8,20574070,87708220,17463198702,1744055,416412.66,8584476351,19,WALWrite
1786443869936,1098.1,45216.6,488.2,9923.9,20589076,87783282,17477524161,1745345,416764.779,8589432511,48,ClientRead
1786443870938,997.6,45134.1,481.5,9929.2,20604771,87871110,17493068857,1746697,417143.49500000005,8595060415,31,ClientRead
1786443871935,894.3,45143.9,478.9,9930.7,20620965,87950692,17507393067,1748106,417502.337,8599484095,16,ClientRead
1786443872936,863.4,45180.9,471.7,9935.0,20637344,88031559,17522103470,1749574,417867.545,8604956351,26,ClientRead
1786443873936,900.4,45209.4,489.8,9936.1,20652965,88110088,17536705945,1750906,418221.22599999997,8608986815,30,WALWrite
1786443874935,883.6,45237.8,476.9,9939.6,20670400,88197791,17551901889,1752412,418613.719,8613836479,19,ClientRead
1786443875937,876.6,45212.5,474.5,9941.4,20686989,88286947,17566890216,1753868,418950.96900000004,8618514111,17,ClientRead
1786443876936,892.4,45247.5,462.9,9947.6,20702777,88367541,17581229515,1755237,419302.756,8623232703,17,WALWrite
1786443877937,885.9,45291.8,461.4,9952.4,20719729,88454055,17596220592,1756753,419685.314,8627967679,17,ClientRead
1786443878936,919.1,45343.6,464.9,9953.8,20736460,88539344,17611071572,1758187,420038.826,8632800959,24,ClientRead
1786443879937,1110.0,45402.4,467.0,9959.5,20752243,88617259,17625098387,1759578,420400.50700000004,8637421247,60,ClientRead
1786443880938,1022.9,45404.8,483.4,9961.3,20768029,88897039,17651244746,1760954,420758.37600000005,8642213567,7,WALWrite
1786443881936,885.8,45445.2,465.5,9966.1,20784637,88977145,17665404950,1762401,421142.49700000003,8646956735,15,WALWrite
1786443882937,878.8,45478.1,470.8,9968.7,20801227,89057525,17679226539,1763859,421488.60000000003,8651593407,18,ClientRead
1786443883935,877.0,45511.0,461.4,9972.9,20817630,89137462,17693151406,1765359,421850.992,8656320191,20,ClientRead
1786443884936,814.3,45538.7,557.7,9996.6,20833287,89215345,17708733310,1766832,422255.80500000005,8660801215,20,ClientRead
1786443885936,864.3,45568.0,541.2,9997.3,20849595,89279585,17734483593,1768305,422626.913,8665167551,11,ClientRead
1786443886936,856.6,45551.9,539.3,9998.8,20866075,89350810,17760643670,1769778,423005.358,8669574847,27,ClientRead
1786443887938,855.6,45612.6,545.8,9998.9,20882910,89416174,17786617029,1771195,423383.951,8673744575,17,WALWrite
1786443888937,885.6,45693.9,541.5,10003.9,20899894,89482493,17812001051,1772618,423751.03500000003,8677922495,3,ClientRead
1786443889937,1413.2,45750.3,508.4,10007.0,20914860,89570480,17836734720,1773914,424122.718,8682378943,36,WALWrite
1786443890937,2121.4,45763.7,424.3,10013.2,20928191,89624706,17857469897,1775056,424529.299,8686835391,49,WALWrite
1786443891938,2168.6,45799.4,469.2,10020.0,20940921,89677959,17876162724,1776037,424925.221,8690898623,51,WALWrite
1786443892939,2139.6,45839.6,461.5,10024.0,20953907,89732286,17895044540,1777086,425336.549,8695027391,40,ClientRead
1786443893936,2167.0,45869.6,456.3,10027.1,20966592,89785255,17913706809,1778049,425747.05,8699336383,44,ProcarrayGroupUpdate
1786443894936,1717.6,45927.4,527.1,10031.7,20978440,89836708,17930555264,1778970,426133.90400000004,8703260351,9,ClientRead
1786443895938,1182.6,46012.3,543.0,10032.3,20995258,89905133,17954070434,1780361,426528.624,8707733183,16,ClientRead
1786443896936,947.4,45986.7,550.9,10033.7,21010653,89965305,17975363921,1781649,426868.83900000004,8711968447,45,ClientRead
1786443897936,859.5,45934.7,539.5,10036.0,21027878,90031456,17998319700,1783175,427223.94,8716277439,49,ClientRead
1786443898938,874.4,46029.6,533.8,10038.2,21044611,90105233,18021541192,1784624,427591.796,8720561855,17,ClientRead
1786443899936,1037.8,46187.6,542.9,10041.0,21060236,90165680,18041960517,1785974,427930.211,8725067455,38,ClientRead
1786443900936,962.5,46089.9,550.5,10044.9,21076537,90247311,18064006814,1787365,428281.725,8729917119,27,ClientRead
1786443901936,837.5,46127.5,546.2,10046.8,21092894,90308298,18084661011,1788745,428629.63399999996,8734045887,16,ClientRead
1786443902937,834.3,46177.4,551.6,10049.9,21109699,90371350,18105082900,1790210,429001.17600000004,8738223807,51,WALWrite
1786443903937,828.9,46220.1,551.5,10056.4,21125878,90433330,18124756016,1791600,429363.236,8742540991,33,WALWrite
1786443904936,833.2,46250.2,536.6,10059.9,21141989,90497457,18145102998,1792977,429748.309,8746399423,50,ClientRead
1786443905938,849.5,46284.6,548.5,10064.0,21158416,90561142,18164786964,1794370,430113.544,8751101631,38,WALWrite
1786443906936,864.5,46312.8,562.9,10068.9,21174128,90624317,18183730937,1795746,430493.734,8755467967,9,WALWrite
1786443907937,869.0,46357.6,551.3,10075.1,21190757,90689105,18203340678,1797178,430872.82200000004,8759637695,2,ClientRead
1786443908936,909.4,46341.5,562.0,10079.9,21207572,90756786,18223005639,1798601,431237.81700000004,8763905727,11,ClientRead
1786443909938,1033.9,46383.9,548.8,10086.0,21222603,90822648,18241234287,1799889,431596.93,8767903423,14,ClientRead
1786443910936,843.2,46424.5,534.5,10088.4,21238864,90883298,18259290620,1801274,431946.735,8772597439,15,WALWrite
1786443911936,837.3,46465.5,539.3,10091.7,21256228,90946772,18277778289,1802779,432312.472,8776570559,25,WALWrite
1786443912936,828.6,46499.1,532.3,10097.3,21273031,91010137,18295695463,1804226,432647.96599999996,8780912319,4,ClientRead
1786443913936,842.6,46535.8,538.7,10103.1,21290252,91074886,18314087759,1805740,433018.07999999996,8785139391,30,WALWrite
1786443914935,851.2,46577.0,561.9,10106.5,21307434,91140127,18332626015,1807251,433387.876,8789243583,10,ClientRead
1786443915937,836.1,46609.0,530.8,10111.9,21324367,91203981,18350276719,1808660,433763.875,8793790143,48,WALWrite
1786443916941,860.3,46640.5,549.1,10117.4,21341118,91268534,18367664201,1810126,434124.74299999996,8798090943,15,WALWrite
1786443917936,880.0,46667.8,574.5,10122.5,21357173,91331899,18384542389,1811498,434507.567,8802244287,12,WALWrite
1786443918938,879.9,46717.8,551.3,10128.2,21373887,91396616,18401607489,1812914,434878.164,8806479551,18,ClientRead
1786443919937,1370.1,46802.0,512.3,10136.3,21388930,91458891,18417796818,1814186,435262.1610000001,8810600127,35,WALWrite
1786443920937,2233.2,46697.5,427.5,10143.8,21402231,91531687,18434069479,1815276,435641.904,8815425215,52,ClientRead
1786443921936,2188.9,46740.1,453.5,10149.0,21415229,91583977,18448524930,1816380,436055.328,8819627711,39,WALWrite
1786443922937,2191.3,46786.4,425.3,10153.1,21428234,91637173,18463083283,1817446,436458.566,8823985855,44,WALWrite
1786443923938,2205.1,46839.0,429.1,10160.5,21441723,91692897,18478605602,1818565,436886.248,8828171967,37,WALWrite
1786443924936,1840.8,46867.5,518.3,10168.9,21454825,91748377,18493176995,1819580,437280.0509999999,8832374463,43,WALWrite
1786443925937,894.0,46917.2,549.7,10167.9,21470837,91812497,18508962014,1820857,437665.1339999999,8836585151,33,ClientRead
1786443926937,832.8,46946.0,528.3,10169.3,21487697,91877292,18525458542,1822314,438044.50899999996,8840943295,29,ClientRead
1786443927937,836.3,46977.6,525.6,10171.4,21504381,91941683,18541301005,1823797,438400.07899999997,8845031103,29,ClientRead
1786443928936,595.1,47023.0,530.0,10217.6,21521343,91988659,18551153683,1825440,438712.90799999994,8846284479,14,WALWrite
1786443929935,621.2,47022.5,581.5,10343.0,21544866,92062920,18565094435,1827919,439132.64199999993,8848783039,14,WALWrite
1786443930936,398.3,46990.9,560.0,10488.7,21567299,92117705,18573835305,1830225,439479.04299999995,8848856767,11,WALWrite
1786443931937,420.5,47012.9,557.9,10709.0,21589670,92171057,18581723983,1832441,439847.2629999999,8848856767,16,WALWrite
1786443932937,421.5,47027.9,580.1,11013.6,21613062,92225803,18589447321,1834673,440192.12499999994,8848930495,16,WALWrite
1786443933936,407.0,47042.8,551.5,11344.6,21635888,92278848,18596300159,1836927,440546.013,8848930495,15,WALWrite
1786443934936,404.8,47066.8,569.2,11687.2,21658068,92330922,18602678357,1839142,440934.16599999997,8849110719,17,WALWrite
1786443935937,426.0,47076.2,548.7,12030.7,21681679,92385467,18608609089,1841434,441285.331,8849110719,13,WALWrite
1786443936935,408.6,47104.1,454.0,12383.8,21706681,92443290,18614933994,1843974,441635.635,8849110719,11,WALWrite
1786443937936,416.0,47110.2,478.6,12732.7,21730705,92499022,18620156726,1846422,441994.009,8849151679,17,WALWrite
1786443938937,335.4,47136.8,336.1,12988.0,21748609,92540436,18623974370,1848339,442265.65,8849151679,17,WALWrite
1786443939936,532.6,47142.0,510.4,13042.8,21772705,92619956,18635850092,1850555,442624.928,8849151679,15,WALWrite
1786443940935,453.1,47081.3,466.4,13058.8,21797227,92680294,18640905401,1853023,442980.023,8849151679,11,WALWrite
1786443941936,424.8,47106.3,538.5,13061.6,21821765,92738618,18645365294,1855332,443316.38899999997,8849151679,15,ClientRead
1786443942936,409.1,47124.5,521.9,13065.7,21847201,92797632,18649455997,1857823,443656.33999999997,8849151679,17,WALWrite
1786443943936,421.8,47133.9,529.3,13069.6,21872372,92855667,18653306875,1860331,444002.87899999996,8849151679,13,WALWrite
1786443944936,526.4,47172.0,387.0,13163.6,21895163,92908701,18656720471,1862431,444325.13,8852174527,12,WALWrite
1786443945937,408.0,47186.0,486.8,13164.4,21919242,92964466,18660144189,1864800,444661.421,8852174527,10,WALWrite
1786443946937,407.1,47211.2,518.2,13164.7,21944733,93023462,18663502496,1867560,445021.784,8852174527,8,ClientRead
1786443947936,415.5,47210.5,511.6,13167.7,21970932,93084737,18667168740,1870197,445369.76,8852174527,16,WALWrite
1786443948936,435.6,47227.0,510.7,13168.5,21995455,93141247,18670117719,1872701,445743.287,8852174527,17,WALWrite
1786443949936,455.7,47150.1,414.8,13169.2,22019778,93199926,18673197165,1875308,446082.726,8852174527,2,
1786443950935,357.4,47153.0,132.8,13168.4,22036476,93239980,18675202818,1877092,446280.06200000003,8852174527,17,WALWrite
1786443951936,462.2,47166.2,129.0,13168.3,22045319,93260905,18676251168,1878119,446391.258,8852174527,3,
1786443952936,419.6,47208.5,133.6,13169.3,22063051,93305629,18681073330,1879857,446597.635,8852174527,17,ClientRead
1786443953936,465.9,47235.1,377.7,13177.9,22084596,93356970,18684057722,1882086,446871.907,8852305599,12,WALWrite
1786443954936,313.6,47235.7,539.2,12970.5,22104497,93413754,18690172503,1884095,447156.618,8852305599,2,
1786443955935,207.2,47255.4,490.6,13014.5,22104512,93413754,18690172503,1884096,447156.855,8852305599,2,
1786443956937,408.5,47309.6,516.7,13073.6,22104539,93413799,18690312340,1884099,447157.637,8852305599,6,
1786443957936,339.1,47260.5,526.0,13433.4,22104613,93414217,18690397941,1884110,447159.742,8852321983,15,WALWrite
1786443958937,540.1,47339.2,522.3,13484.6,22120659,93477731,18734015379,1885757,447472.35,8853206719,17,WALWrite
1786443959936,598.2,47288.4,519.4,13545.6,22139637,93571093,18785547848,1887864,447861.31,8854132415,14,WALWrite
1786443960936,460.7,47348.9,485.9,13680.4,22159155,93667122,18830978004,1889993,448240.537,8855090879,14,WALWrite
1786443961937,571.9,47422.8,495.2,13837.1,22178870,93756823,18874187545,1892017,448603.82899999997,8855983807,12,ClientRead
1786443962936,539.2,47473.9,472.4,13952.4,22199296,93839460,18913985211,1893771,448894.718,8856966847,1,
1786443963936,464.0,47548.9,305.6,14021.8,22203787,93850392,18914556069,1894319,448987.97699999996,8861038271,1,
1786443964936,107.0,47559.7,100.2,14043.6,22210759,93866643,18915308895,1894986,449083.067,8861038271,1,
1786443965935,167.3,47576.6,179.9,14028.4,22226212,93939552,18948956128,1896962,449400.12899999996,8861251263,13,WALWrite
1786443966935,542.0,47634.7,190.9,14032.0,22247926,94032882,18988818182,1898910,449697.456,8862447295,15,WALWrite
1786443967935,537.2,47392.7,180.5,14030.1,22274095,94144801,19034335400,1901060,450000.801,8863635135,14,WALWrite
1786443968936,560.4,47445.5,179.0,14027.9,22300691,94259479,19078427272,1903496,450336.494,8864913087,12,WALWrite
1786443969935,619.2,47445.5,166.3,14028.0,22327668,94378008,19119680647,1905859,450662.02400000003,8866133695,16,WALWrite
1786443970936,513.7,47496.3,161.7,14028.6,22354977,94692806,19178041013,1908181,450981.833,8867395263,16,ClientRead
1786443971938,524.8,47544.1,166.1,14031.6,22382290,94819237,19215363637,1910536,451310.043,8868681407,17,WALWrite
1786443972935,506.9,47596.6,166.8,14033.0,22410907,94943945,19250548045,1913034,451614.539,8869926591,16,ClientRead
1786443973936,492.9,47644.1,166.6,14032.3,22440274,95083480,19292151011,1915555,451923.629,8871376575,16,WALWrite
1786443974936,494.8,47692.2,182.2,14031.1,22467394,95201892,19322795218,1917945,452240.086,8872580799,17,WALWrite
1786443975936,494.3,47463.1,171.9,14031.3,22495028,95322084,19351550452,1920372,452547.33,8873907903,13,WALWrite
1786443976936,488.0,47506.3,148.5,14031.4,22523489,95444112,19379462806,1922862,452860.368,8875030207,14,WALWrite
1786443977936,490.9,47525.4,138.8,14032.8,22550410,95560417,19404433306,1925346,453183.782,8876209855,16,WALWrite
1786443978936,515.5,47510.6,159.3,14032.0,22576814,95676426,19427796778,1927608,453482.085,8877217471,9,WALWrite
1786443979936,515.1,47539.3,168.4,14033.5,22604049,95801543,19450409918,1930165,453812.056,8878290623,15,WALWrite
1786443980936,452.8,47581.5,168.6,14036.4,22632426,96292877,19495940967,1932637,454113.34200000006,8879535807,16,ClientRead
1786443981936,506.6,47630.4,173.7,14037.1,22661261,96419535,19516831773,1935134,454411.41500000004,8880780991,13,WALWrite
1786443982936,486.7,47668.5,171.3,14038.3,22690558,96544886,19536896085,1937709,454709.19100000005,8882124479,14,WALWrite
1786443983936,459.6,47491.3,167.9,14038.6,22719737,96669288,19555895655,1940284,455010.81,8883156671,1,
1786443984936,106.8,47505.9,100.1,14038.0,22719739,96669288,19555895655,1940284,455010.81,8883156671,1,
1786443985936,403.0,47535.0,138.9,14038.9,22725178,96691039,19559118817,1940742,455062.642,8884008639,16,WALWrite
1786443986935,510.2,47612.5,158.0,14042.7,22753476,96812469,19575392609,1942936,455336.44800000003,8884836031,2,
1786443987935,374.9,47503.7,143.7,14042.8,22765846,96866081,19582193970,1944375,455506.551,8885761727,12,WALWrite
1786443988935,156.0,47530.6,112.3,14044.8,22765853,96866088,19582194486,1944377,455507.073,8885876415,1,
1786443989935,412.8,47541.3,177.6,14040.6,22788819,96996653,19596665048,1946405,455745.2569999999,8887039679,14,WALWrite
1786443990936,349.6,47567.5,185.0,14041.9,22816410,97119164,19610775295,1948819,456042.3,8887989951,0,
1786443991936,70.2,47605.8,163.0,14036.0,22837402,97214601,19621371672,1950614,456262.58999999997,8888260287,10,WALWrite
1786443992936,516.1,47641.7,206.2,14033.6,22861960,97323104,19632961823,1952726,456524.41799999995,8889472703,14,WALWrite
1786443993936,491.2,47685.6,187.3,14032.3,22890313,97445190,19644857796,1955319,456847.184,8890668735,17,ClientRead
1786443994936,511.5,47709.8,178.0,14032.2,22919538,97572241,19656613640,1957913,457145.767,8891922111,14,WALWrite
1786443995936,399.3,47749.2,154.4,14032.1,22949094,97699479,19667573899,1960548,457450.814,8892847807,1,
1786443996936,341.5,47771.0,144.7,14034.5,22960562,97748685,19671486653,1961553,457566.654,8893552319,1,
1786443997936,244.3,47532.1,122.2,14036.1,22971079,97793989,19675069346,1962461,457672.012,8894076607,16,WALWrite
1786443998936,337.2,47465.1,137.7,14036.1,22990790,97881449,19681729360,1964237,457882.153,8894969535,13,WALWrite
1786443999935,358.1,47502.3,131.1,14036.3,22990809,97881449,19681729360,1964239,457897.16199999995,8895600319,1,
1786444000936,330.3,47500.1,151.7,14037.3,23015517,98344308,19711006712,1966480,458168.243,8896607935,12,ClientRead
1786444001937,287.2,47560.6,160.8,14046.1,23044482,98463539,19719453370,1968794,458431.14400000003,8900458175,14,WALWrite
1786444002936,490.2,47587.3,166.3,14046.9,23063943,98558115,19725540269,1971106,458699.30100000004,8901695167,17,WALWrite
1786444003936,273.7,47615.4,129.6,14047.1,23095205,98690673,19733479768,1973812,459017.82399999996,8902104767,1,
1786444004936,254.4,47652.3,125.2,14048.0,23101245,98716607,19734965923,1974460,459090.999,8902719167,12,WALWrite
1786444005936,373.6,47715.1,185.4,14072.5,23101268,98716624,19734980184,1974463,459091.464,8902776511,14,WALWrite
1786444006936,417.0,47580.7,155.1,14073.4,23127174,98783132,19800485085,1976862,459420.064,8902776511,9,WALWrite
1786444007935,229.1,47539.9,121.6,14073.0,23148112,98836873,19848807131,1978845,459685.585,8902776511,17,WALWrite
1786444008936,181.7,47594.3,125.0,14073.0,23160987,98870359,19874852384,1979842,459822.972,8902776511,16,WALWrite
1786444009936,360.3,47653.5,143.8,14072.4,23182375,98928812,19920658060,1981998,460109.254,8902784703,1,
1786444010936,51.8,47649.6,101.2,14072.4,23182397,99245908,19939761828,1982005,460117.2650000001,8902784703,0,
1786444011935,40.1,47678.4,106.0,14071.7,23184207,99263279,19946411341,1982093,460129.29500000004,8902784703,1,
1786444012936,234.9,47725.4,124.3,14072.9,23186439,99269155,19950631775,1982294,460156.36600000004,8902784703,13,WALWrite
1786444013935,350.6,47571.5,147.2,14072.7,23219670,99363419,20004298306,1985285,460517.416,8902784703,1,
1786444014935,178.4,47606.0,112.7,14072.2,23233860,99417931,20015005998,1986720,460688.753,8902784703,1,
1786444015935,107.1,47625.0,100.4,14071.7,23233866,99417931,20015005998,1986720,460688.753,8902784703,1,
1786444016935,108.2,47634.2,102.2,14072.0,23240113,99434292,20026070282,1987318,460766.46200000006,8902784703,1,
1786444017936,339.9,47391.9,128.0,14072.0,23240631,99436384,20026292606,1987360,460772.57200000004,8902784703,19,WALWrite
1786444018936,489.7,47416.4,170.1,14079.1,23263700,99496100,20061931258,1989446,461056.83700000006,8905152191,16,WALWrite
1786444019935,189.5,47423.3,124.3,14078.7,23277452,99547564,20087236419,1990875,461251.62,8905160383,11,WALWrite
1786444020936,309.3,47451.7,152.4,14079.2,23306162,99621460,20127653321,1993602,461580.205,8905160383,17,WALWrite
1786444021936,221.6,47467.6,119.9,14079.3,23306203,99621467,20127653755,1993604,461580.67000000004,8905160383,1,
1786444022936,156.5,47494.8,149.8,14099.4,23318892,99655139,20144394095,1994879,461766.162,8905160383,12,ClientRead
1786444023936,624.0,47200.9,333.1,14305.3,23324304,99673904,20153557641,1995643,461908.184,8905160383,12,WALWrite
1786444024936,492.9,47261.6,209.6,14406.6,23345565,99734664,20182470528,1997594,462220.992,8905160383,11,ClientRead
1786444025935,409.4,47300.2,140.1,14409.2,23371312,99798134,20211930567,2000287,462594.53700000007,8905160383,1,
1786444026937,238.9,47332.2,136.5,14419.1,23392340,99856247,20236035146,2002565,462898.92000000004,8905160383,16,WALWrite
1786444027935,522.9,46969.2,431.8,14795.9,23412844,99909931,20256249466,2004692,463249.74700000003,8905160383,15,WALWrite
1786444028936,228.4,46821.0,129.1,14817.2,23428084,99952406,20272250718,2006077,463494.39,8905160383,18,WALWrite
1786444029936,415.4,46759.1,168.7,14852.9,23448145,100006560,20290395672,2008259,463786.033,8905160383,13,WALWrite
1786444030936,316.7,46785.7,171.0,14867.1,23474955,100079532,20313111361,2011079,464129.68200000003,8905160383,0,
1786444031936,206.0,46810.0,211.2,14979.5,23487881,100117462,20324425072,2012446,464329.51900000003,8905160383,15,WALWrite
1786444032936,365.4,46665.3,209.5,15049.5,23513049,100182406,20342647666,2014967,464654.93500000006,8905160383,16,WALWrite
1786444033935,318.1,46712.4,161.1,15073.4,23532220,100232225,20356415947,2016853,464883.351,8905340607,16,WALWrite
1786444034935,367.1,46553.8,159.7,15073.4,23558136,100299447,20373818395,2019610,465193.232,8905430719,13,WALWrite
1786444035935,337.2,46571.5,159.9,15086.3,23577988,100350597,20385983603,2021458,465414.31700000004,8905430719,16,WALWrite
1786444036935,319.6,46614.7,168.1,15126.0,23594521,100393107,20395213500,2023299,465660.634,8906438335,10,WALWrite
1786444037936,348.6,46670.2,154.3,15143.5,23594597,100393219,20395220857,2023307,465663.401,8906438335,1,
1786444038935,256.2,46329.9,124.8,15143.7,23615483,100450021,20406826643,2025520,465926.368,8906438335,12,WALWrite
1786444039936,353.7,46331.7,139.1,15144.4,23642632,100536256,20422612701,2028173,466262.862,8906438335,15,WALWrite
1786444040936,288.7,46357.2,164.3,15145.9,23669224,100602379,20433675051,2030857,466599.50800000003,8906438335,0,
1786444041935,160.5,46366.1,132.7,15145.4,23682814,100643110,20440126404,2032628,466788.08800000005,8906438335,7,WALWrite
1786444042935,370.5,46424.5,157.5,15145.7,23709396,100714348,20450900417,2035099,467051.37000000005,8906438335,17,WALWrite
1786444043936,388.3,46467.8,141.2,15147.4,23739970,100780880,20460163671,2039000,467455.995,8906438335,13,WALWrite
1786444044935,326.7,46491.1,146.1,15147.5,23768495,100863585,20471062920,2042087,467788.76800000004,8906438335,1,
1786444045936,263.6,46511.4,135.2,15148.7,23779478,100900732,20477284685,2043845,467981.265,8906462911,13,WALWrite
1786444046936,354.9,46185.9,146.8,15148.2,23807302,100975963,20486989576,2046790,468321.009,8906462911,14,WALWrite
1786444047936,373.8,46237.8,155.1,15148.0,23835253,101047614,20494254080,2050137,468695.434,8906462911,17,WALWrite
1786444048935,149.6,46158.4,117.9,15147.9,23853578,101099293,20498937158,2051518,468848.43200000003,8906462911,11,WALWrite
1786444049935,330.6,46320.3,132.9,15149.6,23880672,101452857,20521855971,2055259,469268.29000000004,8906462911,0,
1786444050935,154.0,46191.6,126.8,15148.2,23893098,101486523,20524596876,2056478,469406.661,8906462911,8,WALWrite
1786444051936,319.3,46199.8,233.5,15247.3,23919920,101559453,20530473388,2059578,469774.367,8906462911,13,WALWrite
1786444052936,465.8,46255.2,223.3,15308.9,23943026,101621240,20534658506,2061693,470075.34800000006,8906462911,1,
1786444053936,335.3,46282.0,212.2,15311.1,23968547,101687726,20539509970,2064629,470430.2970000001,8906462911,17,ClientRead
1786444054938,299.6,46307.9,169.2,15308.1,23987904,101740466,20542801872,2066597,470649.2970000001,8906462911,17,WALWrite
1786444055936,407.9,46324.5,223.1,15372.0,24015803,101808919,20546752304,2069874,471020.1660000001,8906462911,9,WALWrite
1786444056937,591.7,45940.9,342.9,15714.2,24039010,101868553,20549967608,2071952,471315.6720000001,8906462911,17,ClientRead
1786444057936,777.9,45970.7,237.4,15722.7,24064976,101935226,20553449288,2074807,471652.4690000001,8906462911,15,WALWrite
1786444058936,713.0,46036.8,160.7,15721.6,24082297,101979622,20555616889,2077006,471897.5800000001,8906462911,22,WALWrite
1786444059936,758.3,45707.0,173.8,15722.0,24108041,102047168,20559092220,2079559,472192.1500000001,8906462911,14,WALWrite
1786444060936,419.2,45734.2,179.9,15738.3,24108635,102048482,20559188894,2079650,472212.03500000003,8907290303,0,
1786444061935,46.2,45748.5,203.9,15538.0,24126458,102104420,20563907726,2081829,472490.72500000003,8907339455,1,ClientWrite
1786444062935,166.1,45786.5,145.4,15607.3,24126480,102104444,20563914817,2081836,472492.02800000005,8907339455,2,
1786444063936,205.4,45815.8,138.7,15680.1,24126495,102107703,20564187143,2081836,472492.02800000005,8907339455,1,
1786444064936,193.7,45569.1,151.6,15979.8,24126523,102107729,20564188545,2081839,472492.8840000001,8907650751,16,ClientRead
1786444065936,458.8,45593.4,153.5,15981.1,24144720,102168510,20567492799,2083578,472688.90700000006,8908256959,1,
1786444066935,273.1,45615.7,138.6,15981.5,24161311,102232552,20571109755,2085325,472881.40100000007,8908609215,15,WALWrite
1786444067936,359.9,45559.4,147.9,15982.7,24193460,102331120,20576411550,2087618,473142.5800000001,8909035199,1,
1786444068936,351.9,45602.1,161.1,15983.6,24211061,102392360,20579832675,2089687,473374.079,8909821631,16,WALWrite
1786444069936,336.9,45595.6,144.6,15987.6,24240451,102718086,20598959314,2092556,473703.62400000007,8910132927,0,
1786444070935,300.2,45624.4,158.6,15986.5,24252361,102764667,20604427143,2093648,473822.73400000005,8910698175,16,WALWrite
1786444071936,382.2,45633.9,165.6,15987.8,24282970,102869741,20610104595,2096413,474130.8440000001,8911394495,7,WALWrite
1786444072936,137.7,45687.3,125.3,15989.0,24302191,102936193,20613717790,2098016,474309.6180000001,8911599295,17,WALWrite
1786444073935,370.9,45709.5,143.0,15989.2,24302202,102936204,20613720344,2098017,474310.2800000001,8912033471,1,
1786444074935,107.5,45600.5,100.4,15989.2,24324715,103018056,20618144639,2099837,474508.7250000001,8912033471,1,
1786444075936,421.8,45464.2,152.7,15989.9,24337160,103056920,20620252238,2101249,474666.1870000001,8912639679,1,
1786444076936,216.5,45491.6,119.1,15989.7,24353849,103106484,20622895324,2102839,474836.4870000001,8912844479,1,
1786444077936,246.3,45507.8,126.6,15990.3,24364193,103145901,20625014489,2103778,474943.77200000006,8913147583,12,WALWrite
1786444078936,317.1,45511.0,121.2,15990.5,24364214,103145901,20625014489,2103779,474944.08300000004,8913254079,5,
1786444079936,528.9,45475.8,154.3,15994.4,24381963,103204544,20628235671,2105566,475146.94000000006,8913802943,16,WALWrite
1786444080935,361.6,45490.9,183.0,15993.7,24411189,103307212,20633838213,2108380,475462.226,8914515647,16,ClientRead
1786444081936,373.8,45495.8,186.9,15993.5,24440745,103410635,20639445707,2111145,475770.13700000005,8915236543,15,WALWrite
1786444082935,345.7,45547.4,162.7,15992.2,24470234,103513835,20645071903,2113531,476033.17100000003,8915973823,16,WALWrite
1786444083935,283.1,45561.4,133.1,15995.0,24497573,103615271,20650794643,2116623,476364.5120000001,8916309695,15,WALWrite
1786444084935,454.6,45583.2,198.1,15992.4,24512124,103657138,20653026611,2117994,476521.4040000001,8916940479,13,WALWrite
1786444085936,341.6,45595.0,163.6,15991.6,24541737,103757078,20658437606,2120692,476821.4470000001,8917391039,14,WALWrite
1786444086936,425.6,45624.2,214.4,15994.4,24558038,103812021,20661412021,2122198,477007.04300000006,8918546111,11,WALWrite
1786444087936,351.5,45635.4,150.9,15997.6,24580607,103892470,20665757619,2124425,477277.8030000001,8918931135,1,
1786444088935,322.9,45585.2,137.9,15995.9,24591481,103926639,20667632228,2125508,477397.7700000001,8919553727,17,ClientRead
1786444089936,466.3,45608.2,161.6,15994.9,24619586,104224703,20685342792,2128053,477697.0090000001,8920217279,16,WALWrite
1786444090938,242.6,45608.9,143.0,15999.6,24643157,104306361,20689798658,2130137,477933.7860000001,8920651455,16,WALWrite
1786444091936,235.3,45610.9,141.1,15999.7,24665302,104382519,20693939067,2132209,478158.3560000001,8921061055,9,WALWrite
1786444092936,82.4,45611.1,115.5,15999.3,24678191,104423827,20696174374,2133408,478294.16800000006,8921093823,0,
1786444093935,490.9,45647.0,158.4,15999.6,24698652,104489196,20699701682,2135391,478511.61900000006,8921765567,18,WALWrite
1786444094936,534.1,45685.6,142.5,16000.2,24726676,104589813,20705327818,2138861,478919.33100000006,8922461887,16,ClientRead
1786444095936,567.8,45698.0,168.3,16000.6,24755598,104684925,20710445226,2141497,479209.8760000001,8923084479,17,ClientRead
1786444096935,408.1,45709.6,141.4,16000.5,24779330,104771065,20718322227,2143373,479421.9420000001,8923453119,11,WALWrite
1786444097935,457.0,45723.2,147.3,16001.8,24807567,104859106,20723083855,2146300,479774.09700000007,8924116671,17,WALWrite
1786444098935,381.1,45757.4,138.8,16001.4,24827051,104930408,20726938565,2147687,479938.2970000001,8924616383,18,WALWrite
1786444099936,465.2,45694.4,147.2,16001.7,24851790,105033779,20732981469,2150738,480295.6710000001,8925320895,15,WALWrite
1786444100935,253.3,45695.2,154.7,16009.3,24869272,105102636,20736719298,2152810,480530.6330000001,8925804223,14,WALWrite
1786444101935,221.1,45696.0,145.9,16005.2,24891207,105163962,20740261975,2154706,480754.78700000007,8926295743,13,ClientRead
1786444102936,213.8,45714.0,143.0,16006.3,24908533,105225130,20743592829,2156301,480949.68500000006,8926803647,9,WALWrite
1786444103936,401.6,45750.4,162.0,16006.4,24908594,105225615,20743812381,2156301,480949.68500000006,8927491775,1,
1786444104935,400.3,45769.5,149.3,16008.9,24932898,105313526,20748593513,2158775,481230.7160000001,8928286399,1,
1786444105936,269.8,45578.8,129.5,16008.2,24959426,105397480,20753189985,2160754,481446.34700000007,8928638655,13,WALWrite
1786444106936,347.5,45591.4,147.7,16010.6,24983955,105478305,20757522135,2163496,481751.389,8929089215,13,ClientRead
1786444107936,320.8,45617.1,140.1,16010.1,24983991,105478305,20757522135,2163496,481751.389,8929441471,1,
1786444108935,449.3,45643.0,170.1,16010.9,25010200,105554705,20761814799,2165260,481949.476,8929957567,11,WALWrite
1786444109936,369.3,45578.1,152.2,16011.8,25039441,105875388,20780550583,2168726,482332.2360000001,8930195135,16,WALWrite
1786444110936,326.8,45579.3,179.3,16015.3,25056788,105930636,20783755982,2170148,482496.98800000007,8930825919,9,ClientRead
1786444111936,220.5,45580.0,140.8,16018.9,25081897,106021976,20789271997,2172600,482779.8650000001,8931219135,15,WALWrite
1786444112937,241.8,45583.2,152.1,16019.5,25116713,106134953,20795651050,2175766,483151.5090000001,8931956415,11,ClientRead
1786444113937,341.4,45604.1,221.4,16040.6,25116798,106136485,20796335763,2175773,483155.8510000001,8932267711,11,WALWrite
1786444114936,324.4,45664.3,170.3,16045.6,25116864,106136998,20796567945,2175774,483156.6740000001,8932267711,1,
1786444115936,110.4,45691.7,102.6,16045.7,25140541,106195855,20833656000,2177857,483421.7150000001,8932464319,14,WALWrite
1786444116936,390.7,45727.2,150.9,16047.0,25151788,106220958,20848497311,2178983,483563.01300000004,8932521663,8,ClientRead
1786444117937,387.2,45577.4,260.4,16100.2,25177052,106281550,20882431109,2181679,483923.12000000005,8932521663,15,WALWrite
1786444118936,429.7,45294.7,272.9,16296.0,25203921,106341053,20912590731,2184623,484291.99400000006,8932521663,1,
1786444119936,105.1,45296.1,110.0,16305.0,25222193,106402360,20933026370,2186626,484542.857,8932521663,15,WALWrite
1786444120935,290.8,45313.8,173.6,16324.5,25250871,106474784,20962683588,2189785,484909.8940000001,8932521663,16,WALWrite
1786444121936,327.2,45040.0,303.9,16724.6,25262748,106522673,20965495632,2191313,485088.66300000006,8932521663,0,
1786444122936,173.8,45058.0,144.6,16733.2,25280064,106567210,20982770564,2192965,485356.688,8932521663,16,WALWrite
1786444123936,387.6,44892.2,205.7,16848.1,25303882,106625625,21003493599,2195494,485667.199,8932521663,13,WALWrite
1786444124936,306.9,44715.9,147.9,16856.1,25330819,106689451,21024868344,2197890,485961.667,8932546239,16,WALWrite
1786444125935,453.2,44385.8,338.5,17176.0,25350860,106737919,21040556518,2200600,486280.359,8932595391,13,WALWrite
1786444126936,362.7,44418.8,161.3,17199.6,25373174,106786695,21055151975,2202481,486556.84500000003,8932791999,14,WALWrite
1786444127936,374.2,44457.7,161.0,17199.5,25399115,106849866,21073230840,2205248,486888.016,8932791999,15,ClientRead
1786444128935,342.4,44470.8,149.6,17201.7,25424945,106914539,21090222599,2207638,487178.488,8932832959,19,WALWrite
1786444129936,509.7,44017.3,201.6,17206.8,25448208,106964611,21101987337,2210468,487500.2920000001,8932832959,1,
1786444130935,235.5,44034.3,139.2,17212.1,25467738,107017258,21113755811,2212766,487775.14800000004,8932832959,1,
1786444131936,271.8,44034.5,140.3,17211.0,25486238,107055758,21121953487,2214591,487986.48600000003,8932882111,13,WALWrite
1786444132936,189.2,44052.2,150.6,17210.8,25506634,107103492,21131377532,2216665,488223.50500000006,8932906687,9,WALWrite
1786444133936,210.1,44085.3,128.4,17218.0,25517495,107135191,21137487177,2217976,488373.729,8932906687,1,
1786444134936,306.5,44121.6,205.6,17211.4,25531932,107170668,21144676372,2219473,488541.242,8933119679,14,WALWrite
1786444135936,380.6,44135.3,206.7,17209.4,25555728,107224401,21154556415,2222457,488886.88,8933136063,14,WALWrite
1786444136936,362.8,44161.4,161.6,17209.8,25582704,107288432,21165856915,2225495,489214.875,8933136063,14,WALWrite
1786444137936,215.1,44173.4,121.2,17209.7,25610136,107352586,21176160171,2228581,489541.55100000004,8933152447,17,WALWrite
1786444138936,201.4,44133.0,115.7,17211.9,25610149,107353476,21176539801,2228582,489541.95,8933152447,2,
1786444139935,351.7,44220.2,139.8,17209.7,25619952,107696261,21198507131,2229686,489667.14100000006,8933152447,16,WALWrite
1786444140936,558.7,44150.3,181.1,17208.1,25647771,107762609,21207627510,2232555,490001.0250000001,8933152447,12,WALWrite
1786444141936,304.2,44167.6,202.5,17219.7,25675872,107830518,21216731017,2235539,490337.75600000005,8933152447,13,WALWrite
1786444142936,244.0,44168.5,172.4,17233.7,25696132,107881391,21223206062,2237827,490620.4660000001,8933193407,14,WALWrite
1786444143936,328.0,44217.8,183.7,17234.3,25723324,107947274,21230857199,2240498,490911.93500000006,8933193407,1,
1786444144936,290.7,44237.4,167.2,17230.7,25738428,107984204,21235931157,2242483,491143.205,8933193407,17,WALWrite
1786444145936,396.7,44250.4,195.6,17246.4,25765637,108050066,21243056644,2245748,491495.851,8933193407,16,WALWrite
1786444146936,455.0,44275.9,260.4,17320.9,25787555,108108374,21248674674,2247647,491767.325,8933217983,11,WALWrite
1786444147937,380.9,44288.6,194.0,17333.2,25817171,108169761,21254277183,2251152,492203.435,8933217983,14,WALWrite
1786444148935,348.9,44337.6,157.4,17339.1,25844410,108232584,21259344575,2254251,492566.454,8933217983,2,
1786444149936,293.1,44236.3,171.8,17360.8,25855498,108262819,21261855272,2255547,492722.66900000005,8933217983,0,
1786444150936,230.3,44251.3,240.8,17499.2,25873038,108306204,21265207375,2257582,492985.00800000003,8933217983,11,WALWrite
1786444151935,119.0,44252.8,160.3,17505.7,25887062,108340297,21267696666,2258997,493169.41200000007,8933217983,16,WALWrite
1786444152936,177.1,44252.9,147.1,17508.7,25911447,108400101,21272160785,2261743,493477.37600000005,8933250751,0,
1786444153936,309.6,44203.3,181.3,17546.7,25925675,108434355,21274493490,2263308,493646.89700000006,8933250751,1,
1786444154935,319.5,44038.6,161.6,17558.2,25946289,108481973,21277445911,2265739,493912.19600000005,8933840575,16,WALWrite
1786444155936,142.9,44049.4,124.9,17563.4,25959191,108511797,21279288468,2267264,494078.031,8933840575,12,WALWrite
1786444156935,369.8,44064.8,176.5,17558.1,25984866,108575870,21283286822,2270239,494384.80500000005,8933840575,15,WALWrite
1786444157935,368.3,44075.8,164.5,17558.3,26015196,108642227,21286950209,2273683,494747.82600000006,8933840575,13,ClientRead
1786444158935,350.4,44032.3,150.4,17559.9,26015225,108642233,21286950648,2273685,494748.30900000007,8933840575,1,
1786444159936,185.4,43800.4,131.7,17561.4,26038915,108699075,21290030540,2276164,495020.53500000003,8933840575,12,WALWrite
1786444160936,274.6,43802.4,163.3,17560.2,26064995,108767250,21293505602,2279251,495353.634,8933840575,15,WALWrite
1786444161936,277.9,43802.1,161.5,17561.1,26096027,108838842,21297216864,2282988,495736.2200000001,8933840575,0,
1786444162936,100.8,43801.3,122.2,17561.6,26112477,108876505,21299009097,2284337,495871.8010000001,8933840575,14,WALWrite
1786444163936,240.8,43811.8,182.6,17364.7,26112506,108877356,21299354981,2284340,495872.3400000001,8933840575,2,
1786444164936,185.2,43848.8,126.3,17431.7,26113134,108889514,21304571321,2284355,495879.84,8933840575,2,
1786444165936,219.2,43867.3,126.5,17484.0,26113142,108890767,21304649361,2284355,495879.84,8933840575,2,
1786444166936,411.1,43692.3,180.5,17798.7,26113209,108890951,21304681246,2284395,495898.73000000004,8934258367,2,
1786444167935,209.1,43691.6,100.8,17798.3,26113211,108890951,21304681246,2284395,495898.73000000004,8934258367,2,
1786444168938,311.0,43620.3,130.5,17799.4,26129087,108942288,21307517723,2285746,496058.36400000006,8934594239,14,WALWrite
1786444169936,385.5,43626.4,166.3,17800.4,26156599,109050387,21313531848,2288009,496324.01700000005,8935323327,10,WALWrite
1786444170935,234.6,43627.4,149.6,17800.2,26183848,109142359,21318485290,2290685,496622.83900000004,8935741119,12,WALWrite
1786444171936,367.4,43629.7,185.1,17800.8,26221495,109261675,21324785955,2294772,497061.541,8936404671,13,WALWrite
1786444172935,187.9,43646.9,138.5,17800.4,26249822,109345006,21329089439,2297532,497355.5140000001,8936732351,13,WALWrite
1786444173935,432.7,43682.3,171.4,17802.3,26278698,109443302,21334413997,2300539,497691.5640000001,8937404095,11,WALWrite
1786444174935,474.1,43703.7,171.0,17802.5,26308663,109541009,21339650376,2303125,497980.1030000001,8938067647,16,WALWrite
1786444175936,468.6,43733.3,205.2,17801.1,26337721,109636235,21344959570,2305966,498298.25500000006,8938739391,17,WALWrite
1786444176935,369.8,43747.3,162.3,17802.2,26337727,109636235,21344959570,2305966,498298.25500000006,8939099839,1,
1786444177936,317.0,43762.4,153.9,17800.0,26362431,109717227,21349296962,2308031,498527.98600000003,8939484863,1,
1786444178935,230.7,43715.1,122.4,17800.7,26379880,109774782,21352389601,2309691,498701.69100000005,8939861695,14,WALWrite
1786444179935,315.1,43726.2,142.0,17806.0,26379886,109774786,21352389886,2309694,498702.57100000005,8940074687,1,
1786444180936,334.7,43717.1,207.3,17797.6,26430834,110186886,21376090531,2314228,499240.482,8940697279,15,WALWrite
1786444181935,347.3,43736.0,178.7,17796.8,26459400,110286018,21381420978,2317318,499577.01,8941336255,15,WALWrite
1786444182935,342.3,43735.9,173.9,17798.1,26464557,110297433,21382040000,2317663,499618.092,8941926079,15,WALWrite
1786444183935,366.0,43736.8,157.0,17800.8,26489567,110380266,21386486182,2320254,499903.992,8942360255,1,
1786444184936,376.9,43779.6,133.9,17798.7,26507746,110440780,21389757252,2321555,500048.548,8942925503,14,ClientRead
1786444185936,292.3,43807.5,129.1,17800.9,26537969,110539635,21395062785,2324536,500380.754,8943179455,1,
1786444186936,274.5,43829.7,137.5,17802.6,26548542,110573944,21396890215,2325932,500533.585,8943482559,1,
1786444187936,340.0,43830.0,147.4,17803.2,26568360,110637959,21400321610,2327846,500745.01300000004,8944031423,16,WALWrite
1786444188936,275.9,43781.4,153.3,17812.1,26587610,110701777,21403804219,2329693,500971.38800000004,8944973503,1,
1786444189936,291.1,43765.0,138.2,17815.1,26587764,110726993,21405630837,2329696,500971.85000000003,8945489599,0,
1786444190935,206.7,43765.2,141.3,17821.9,26608786,110795634,21409333274,2331410,501164.52900000004,8945882815,0,
1786444191936,294.3,43766.6,196.2,17840.9,26626430,110854075,21412761349,2333195,501367.60300000006,8946456255,14,WALWrite
1786444192936,236.4,43784.2,146.8,17846.5,26653293,110937016,21417272148,2335631,501668.30100000004,8946841279,0,
1786444193936,363.5,43786.3,152.6,17852.9,26665416,110984244,21419848930,2337114,501853.7050000001,8947381951,14,ClientRead
1786444194936,307.0,43815.3,138.6,17859.8,26690727,111062474,21424194451,2338949,502066.18000000005,8947668671,1,
1786444195935,261.5,43847.6,138.9,17857.7,26703286,111109703,21427190087,2340229,502224.14200000005,8948102847,9,ClientRead
1786444196936,494.0,43848.9,233.9,17891.4,26726148,111185125,21434054875,2342278,502463.60900000005,8948668095,17,WALWrite
1786444197936,337.2,43888.6,171.0,17907.3,26747099,111260290,21439238387,2344528,502737.58700000006,8949184191,15,WALWrite
1786444198937,263.9,43521.6,135.1,17912.5,26769069,111335144,21444290224,2346584,502993.6050000001,8949388991,20,ClientRead
1786444199935,518.8,43526.0,268.7,18037.7,26791191,111621185,21460807534,2348503,503274.34200000006,8949937855,13,WALWrite
1786444200935,296.1,43529.4,135.1,18039.9,26809326,111697904,21464986860,2350512,503508.6050000001,8950363839,18,WALWrite
1786444201935,687.9,43231.8,164.8,18051.5,26833806,111764938,21468862454,2352575,503768.8980000001,8950740671,18,WALWrite
1786444202936,264.0,43250.1,132.6,18052.7,26847351,111809570,21471281620,2353862,503927.40900000004,8951076543,15,WALWrite
1786444203936,536.3,43281.8,233.6,18099.8,26870005,111877739,21475220664,2356018,504238.335,8951658175,16,ClientRead
1786444204936,314.9,43301.9,149.1,18142.2,26880059,111915603,21477374349,2357098,504389.79600000003,8951903935,19,WALWrite
1786444205936,481.7,43319.9,171.0,18141.7,26880144,111915823,21477436988,2357106,504391.117,8952436415,1,
1786444206936,401.8,43329.8,161.8,18145.0,26905545,111998695,21481919357,2358896,504615.8180000001,8953018047,16,WALWrite
1786444207936,542.4,43024.0,290.7,18338.2,26931377,112088789,21487607566,2361817,504996.5320000001,8953525951,13,WALWrite
1786444208936,503.2,43043.3,192.2,18369.3,26956682,112167705,21493023831,2364181,505342.2230000001,8954295999,18,WALWrite
1786444209935,494.2,42997.9,156.8,18372.6,26983648,112315081,21501381507,2366642,505657.52400000003,8954803903,16,WALWrite
1786444210936,221.9,42970.1,135.9,18372.8,27006902,112391787,21505566178,2368775,505919.80000000005,8955213503,12,WALWrite
1786444211935,341.7,42971.0,213.0,18469.2,27024854,112451648,21509196076,2370495,506132.20600000006,8955623103,13,WALWrite
1786444212936,257.7,42971.2,155.5,18476.3,27042389,112509454,21512524823,2372031,506362.19800000003,8955934399,14,WALWrite
1786444213936,438.5,42998.2,171.2,18485.7,27059403,112567547,21516019332,2373718,506562.634,8956696255,1,
1786444214936,346.8,43027.9,153.3,18488.9,27079180,112642023,21520216794,2375378,506759.95100000006,8957171391,1,
1786444215935,478.4,42714.5,245.1,18543.2,27101557,112719415,21525927463,2377673,507043.40700000006,8957769407,15,ClientRead
1786444216936,365.5,42732.9,204.2,18562.5,27131323,112806872,21530799173,2380383,507409.08400000003,8958121663,13,ClientRead
1786444217936,424.0,42787.7,183.1,18563.7,27157841,112867823,21567035580,2382885,507729.49900000007,8958138047,17,WALWrite
1786444218935,330.0,42732.3,146.0,18562.3,27157847,112867823,21567035580,2382887,507730.09400000004,8958138047,1,
1786444219935,386.1,42781.0,191.5,18611.4,27179634,112919429,21594184980,2384623,507943.575,8958138047,14,WALWrite
1786444220935,321.7,41878.2,141.3,18612.4,27205013,113169008,21635569089,2387522,508323.45,7522956991,16,WALWrite
1786444221936,134.0,41894.7,129.5,18616.8,27228909,113223273,21659740790,2389830,508594.10500000004,7522956991,0,
1786444222936,73.3,41893.8,135.2,18618.1,27237076,113246502,21669367592,2390798,508703.51300000004,7522956991,0,
1786444223936,345.1,41962.1,190.1,18611.8,27245305,113267075,21677747830,2391556,508793.6830000001,7522956991,1,
1786444224936,199.6,41981.6,125.7,18618.2,27267275,113324966,21700775152,2393997,509086.051,7522965183,1,
1786444225936,218.5,42010.3,125.6,18620.2,27289180,113376107,21714450077,2396065,509336.501,7523006143,9,WALWrite
1786444226936,334.2,42040.2,157.6,18624.1,27304548,113417293,21727319317,2397718,509554.408,7523030719,1,
1786444227935,203.2,42053.5,134.7,18621.8,27316933,113445051,21737341040,2398919,509702.83800000005,7523038911,14,WALWrite
1786444228935,261.4,42035.8,134.7,18620.3,27338933,113498224,21755193685,2401697,510032.943,7523038911,16,WALWrite
1786444229937,386.2,42162.7,185.0,18618.8,27363766,113558497,21774098068,2404320,510354.124,7480694463,11,WALWrite
1786444230937,153.9,42042.3,135.9,18618.2,27377109,113858376,21799038730,2405713,510521.17500000005,7480727231,16,WALWrite
1786444231936,140.8,42041.8,137.0,18621.4,27390365,113890285,21807836933,2407084,510675.4280000001,7480735423,10,WALWrite
1786444232935,296.9,42058.6,168.8,18633.6,27414286,113952662,21824029314,2409567,510962.82500000007,7480759999,14,WALWrite
1786444233936,279.5,42109.9,169.1,18644.0,27417377,113960682,21826127646,2409848,511001.6770000001,7480776383,1,
1786444234936,289.0,42132.0,153.0,18641.0,27435186,113999743,21835643266,2411909,511257.216,7480776383,14,WALWrite
1786444235936,384.9,42159.0,172.1,18641.7,27462709,114063270,21850927051,2414878,511593.42500000005,7480776383,11,WALWrite
1786444236935,411.9,42186.6,236.3,18708.2,27490211,114127451,21865041285,2417721,511948.34200000006,7480776383,14,WALWrite
1786444237936,474.7,42213.8,210.1,18717.8,27514752,114184499,21877121671,2420252,512265.96200000006,7480776383,18,WALWrite
1786444238936,485.3,42241.6,163.1,18717.4,27541207,114245535,21888717135,2423136,512613.3950000001,7480776383,14,ClientRead
1786444239936,444.5,42186.3,135.1,18718.7,27568750,114313129,21900554880,2425974,512936.52400000003,7480776383,11,ClientRead
1786444240937,174.0,42185.5,156.9,18727.3,27586004,114354886,21907490919,2428155,513186.34700000007,7480776383,13,WALWrite
1786444241938,305.1,42202.8,220.1,18757.7,27612984,114420633,21917466830,2430971,513527.238,7481030335,16,WALWrite
1786444242936,280.2,42220.0,181.0,18775.9,27638466,114481910,21926181514,2433676,513846.802,7481030335,16,WALWrite
1786444243936,268.4,42254.3,146.4,18777.9,27666634,114549826,21935150446,2436861,514189.631,7481030335,1,
1786444244935,343.7,42272.7,227.8,18947.4,27679136,114580692,21939317272,2438305,514362.43100000004,7481030335,12,WALWrite
1786444245935,319.0,42302.0,225.6,19060.6,27701862,114633055,21945643713,2440524,514670.66400000005,7481030335,1,
1786444246936,326.6,42314.9,164.9,19070.8,27715778,114667343,21949570239,2441903,514831.18200000003,7481030335,14,ClientRead
1786444247935,364.2,42327.1,148.6,19071.1,27742347,114729988,21956249984,2445008,515171.8680000001,7481030335,1,
1786444248936,263.8,42311.2,139.4,19072.0,27761228,114770872,21960274038,2447003,515399.5790000001,7481030335,1,
1786444249935,192.4,42297.1,137.1,19074.6,27778260,114814997,21964531043,2449001,515622.606,7481030335,0,
1786444250936,181.9,42297.9,145.8,19073.8,27792965,114850610,21967841763,2450646,515807.11100000003,7481038527,13,WALWrite
1786444251936,178.4,42299.0,141.2,19074.8,27821728,114926325,21976839712,2453568,516124.51200000005,7481038527,0,
1786444252936,111.8,42314.5,129.9,19076.7,27828888,114943645,21978342130,2454732,516254.0640000001,7481054911,0,
1786444253936,100.4,42316.0,106.8,19078.5,27838970,114969923,21980478165,2455848,516382.59800000006,7481054911,10,WALWrite
1786444254936,250.2,42346.7,121.3,19078.0,27839159,114970625,21980585029,2455895,516391.57800000004,7481054911,1,
1786444255935,188.5,42376.5,112.7,19077.5,27855869,115007482,21983517611,2457696,516594.34400000004,7481054911,13,WALWrite
1786444256935,291.0,42376.9,134.0,19082.7,27869556,115038897,21985892771,2459207,516759.753,7481054911,17,WALWrite
1786444257936,258.3,42398.6,135.1,19082.3,27888488,115082625,21989033610,2461463,517002.34400000004,7481054911,16,WALWrite
1786444258938,203.3,42337.2,119.7,19082.6,27906193,115125367,21992092465,2463276,517194.639,7481054911,17,WALWrite
1786444259936,254.9,42339.2,144.5,19081.4,27916852,115151380,21994095168,2464689,517346.04099999997,7481054911,16,WALWrite
1786444260936,200.9,42340.0,144.4,19081.1,27936440,115198525,21997207394,2467038,517596.50800000003,7481054911,14,WALWrite
1786444261935,137.5,42356.4,127.1,19085.0,27957837,115253730,22000645259,2469385,517845.32000000007,7481054911,15,WALWrite
1786444262936,509.8,42339.6,162.7,19080.8,27969506,115282347,22002567657,2470851,518007.47300000006,7481063103,13,WALWrite
1786444263936,312.5,42372.3,161.7,19081.4,27990200,115330764,22005423555,2473044,518256.7580000001,7481079487,7,WALWrite
1786444264937,322.5,42410.8,167.5,19089.5,28016294,115391671,22008716056,2476158,518597.8780000001,7481669311,14,WALWrite
1786444265936,382.0,42422.9,179.7,19089.6,28037211,115440204,22011312921,2478482,518854.9110000001,7481669311,13,WALWrite
1786444266935,372.6,42433.8,169.6,19088.6,28064680,115499647,22014411327,2481085,519147.95000000007,7481669311,15,WALWrite
1786444267935,316.5,42446.2,153.3,19089.1,28092709,115568209,22017820568,2484721,519544.87100000004,7481669311,11,WALWrite
1786444268936,235.1,42416.2,130.6,19089.1,28113849,115616945,22020120420,2487123,519802.8340000001,7481669311,18,WALWrite
1786444269936,333.1,42084.6,203.4,18949.1,28125400,115807218,22031204337,2488424,519952.12500000006,7481669311,0,
1786444270935,96.3,42092.7,155.0,18931.2,28125408,115807227,22031205016,2488428,519953.0140000001,7481669311,1,
1786444271935,75.5,42092.1,128.7,18972.4,28125420,115807231,22031207010,2488429,519953.32000000007,7481669311,1,
1786444272935,70.3,42093.9,199.0,19330.3,28125468,115810056,22031568960,2488437,519954.98400000005,7481841343,14,WALWrite
1786444273935,515.0,42127.6,177.0,19333.1,28150312,115884910,22035768915,2490759,520241.0340000001,7482234559,17,WALWrite
1786444274936,547.9,42167.1,185.6,19333.7,28180887,115975195,22044396317,2493086,520512.0570000001,7482742463,14,WALWrite
1786444275935,547.2,42182.5,174.8,19334.1,28208251,116057368,22048650511,2496366,520871.35800000007,7483258559,17,WALWrite
1786444276936,273.1,42194.6,132.4,19337.2,28222695,116091058,22050380633,2497502,520998.9760000001,7483397823,13,WALWrite
1786444277936,488.9,42208.0,179.0,19340.2,28249087,116168477,22054393899,2499952,521282.8640000001,7483840191,10,WALWrite
1786444278936,498.2,42194.1,207.5,19384.9,28277692,116248116,22058532902,2502587,521624.8560000001,7484217023,16,WALWrite
1786444279936,435.7,42180.3,199.7,19410.8,28324422,116392168,22066186137,2507374,522202.06500000006,7484716735,10,WALWrite
1786444280936,145.2,42180.2,133.5,19417.5,28336114,116425645,22067906402,2508517,522328.26600000006,7484798655,11,WALWrite
1786444281935,332.0,42181.0,169.6,19417.9,28365871,116510904,22072302653,2511326,522621.6750000001,7485290175,11,WALWrite
1786444282936,287.3,42198.1,153.5,19422.9,28365888,116510928,22072309592,2511327,522621.8030000001,7485568703,0,
1786444283936,218.7,42227.6,127.2,19427.0,28385926,116572371,22075478715,2512943,522801.1670000001,7485839039,16,WALWrite
1786444284936,293.9,42248.9,129.1,19430.0,28418257,116660522,22080066187,2516271,523189.53700000007,7486043839,16,WALWrite
1786444285936,333.4,41989.0,178.8,19505.8,28432551,116700893,22082196804,2518181,523438.3180000001,7486281407,11,WALWrite
1786444286936,326.7,41998.8,154.1,19531.6,28447697,116743755,22084536399,2519748,523650.6860000001,7486527167,17,WALWrite
1786444287936,423.0,42029.0,215.9,19566.2,28447839,116744055,22084580182,2519768,523654.5630000001,7487379135,1,
1786444288935,250.3,42057.7,136.1,19563.7,28469191,116809158,22087954039,2521813,523921.2070000001,7487559359,11,WALWrite
1786444289936,486.9,42003.8,199.1,19609.2,28497524,117020406,22100071044,2523865,524181.8220000001,7487993535,15,WALWrite
1786444290936,169.6,41858.4,141.0,19630.9,28521465,117094997,22105769251,2526170,524443.8740000001,7488198335,13,WALWrite
1786444291936,340.4,41677.8,171.8,19638.5,28521505,117095132,22105787487,2526176,524444.653,7488665279,0,
1786444292935,172.6,41677.0,135.1,19655.1,28549304,117178845,22110144859,2529325,524802.939,7488861887,0,
1786444293935,426.5,41680.3,245.6,19776.4,28564177,117221346,22112378485,2530951,524974.8870000001,7489271487,12,WALWrite
1786444294936,434.3,41719.9,151.1,19779.4,28590723,117296388,22116342466,2533484,525300.381,7489664703,12,WALWrite
1786444295936,440.1,41762.2,175.4,19809.3,28619584,117378213,22120638863,2536526,525638.0750000001,7490115263,1,
1786444296935,227.5,41762.8,118.9,19812.6,28643106,117448234,22124253169,2538711,525876.479,7490303679,13,WALWrite
1786444297936,508.4,41493.1,256.0,20013.6,28669305,117529991,22132022402,2541389,526218.219,7490696895,1,
1786444298935,309.3,41485.2,144.0,20021.4,28688395,117579031,22134640412,2543078,526420.082,7490926271,2,
1786444299935,357.7,41430.4,149.1,20027.3,28705765,117724886,22143102305,2544754,526616.699,7491393215,15,WALWrite
1786444300936,210.9,41430.9,144.0,20029.2,28721626,117777662,22146026390,2546270,526791.509,7491638975,14,WALWrite
1786444301935,218.7,41430.6,155.7,20054.3,28721704,117777925,22146067333,2546277,526792.378,7491860159,0,
1786444302936,261.2,41362.2,191.9,20171.0,28750605,117853188,22150113271,2549068,527110.496,7492228799,13,ClientRead
1786444303937,403.7,41134.5,194.5,20248.2,28774494,117925975,22153995422,2551006,527361.638,7492613823,16,WALWrite
1786444304936,464.6,41160.5,181.8,20257.4,28804871,118006439,22158098965,2553762,527676.291,7493097151,16,WALWrite
1786444305936,469.1,41199.0,203.8,20305.2,28835357,118092255,22162686227,2556891,528028.765,7493555903,17,WALWrite
1786444306935,460.8,41215.9,200.1,20353.6,28862787,118168784,22166708930,2559541,528357.1680000001,7493998271,17,WALWrite
1786444307936,448.5,40926.0,168.5,20357.3,28890094,118244788,22170633759,2562149,528669.796,7494391487,16,ClientRead
1786444308937,339.8,40859.9,152.1,20370.8,28916729,118325314,22174893565,2564445,528947.644,7494735551,16,WALWrite
1786444309935,499.3,40881.2,177.4,20375.5,28935959,118481454,22183973779,2566318,529163.0660000001,7495071423,14,WALWrite
1786444310936,445.1,40866.1,188.4,20396.0,28960809,118548890,22187491089,2568741,529451.8690000002,7495521983,13,WALWrite
1786444311936,327.5,40866.1,192.3,20506.2,28988567,118626730,22191713814,2571779,529824.2840000001,7495784127,13,WALWrite
1786444312935,229.9,40866.8,144.1,20507.2,29003225,118667104,22193798366,2572959,529969.8790000002,7495997119,11,ClientRead
1786444313935,311.8,40915.4,156.9,20519.0,29019373,118713829,22196234795,2574502,530146.3970000001,7496603327,12,WALWrite
1786444314936,251.5,40934.9,132.2,20525.3,29035712,118759905,22198612191,2576217,530349.2920000001,7496750783,1,
1786444315936,390.9,40952.0,163.5,20532.6,29057415,118821078,22201784703,2578143,530569.442,7497193151,13,WALWrite
1786444316936,430.8,40964.8,187.4,20531.7,29084422,118901713,22205915523,2581348,530925.1810000001,7497635519,6,WALWrite
1786444317936,270.8,40975.3,131.1,20533.6,29109064,118970127,22209451613,2583462,531168.0140000001,7497848511,17,WALWrite
1786444318936,276.3,40946.6,151.4,20537.4,29126061,119015296,22211935377,2584342,531269.9390000002,7498086079,13,WALWrite
1786444319936,346.9,40948.6,169.3,20560.6,29126107,119120173,22218414010,2584345,531270.3710000003,7498585791,0,
1786444320935,255.1,40983.1,189.2,20543.4,29126165,119120233,22218440080,2584350,531274.9790000003,7498585791,16,ClientRead
1786444321935,282.6,41016.7,175.2,20544.4,29152905,119179431,22253969243,2586731,531580.3380000001,7499044543,22,WALWrite
1786444322935,204.1,40727.1,152.8,20557.1,29176330,119242501,22288151068,2589368,531903.4400000002,7499044543,5,
1786444323937,516.5,40771.4,157.5,20552.9,29188287,119282093,22305447488,2590498,532045.6170000001,7499044543,1,
1786444324936,297.5,40806.7,150.8,20556.1,29205538,119319663,22324966876,2592076,532264.4440000001,7499044543,13,WALWrite
1786444325936,312.0,40841.5,150.2,20557.2,29229348,119377350,22352276572,2594509,532551.4500000001,7499044543,20,ClientRead
1786444326938,481.8,40882.7,261.7,20649.3,29274689,119499184,22379056537,2600048,533271.6550000001,7499044543,17,WALWrite
1786444327935,410.7,40913.4,197.3,20655.9,29300827,119560190,22403754454,2602513,533600.0560000001,7499069119,1,
1786444328935,248.5,40894.8,135.6,20659.1,29316220,119593843,22416639715,2604160,533792.1160000002,7499069119,16,WALWrite
1786444329936,392.6,40599.0,181.9,20661.9,29340608,119664859,22438557196,2606805,534116.633,7499675327,11,WALWrite
1786444330936,341.4,40615.7,223.4,20706.6,29366485,119732531,22460248556,2609427,534474.921,7499675327,15,WALWrite
1786444331936,111.5,40632.1,130.1,20712.0,29377096,119759104,22468310698,2610408,534584.316,7499675327,14,WALWrite
1786444332936,218.4,40648.6,153.9,20713.9,29398002,119809628,22482783610,2612599,534844.73,7499675327,11,WALWrite
1786444333936,229.3,40665.1,142.5,20715.1,29415094,119850981,22493668684,2614437,535054.0000000001,7499675327,10,WALWrite
1786444334936,394.9,40684.0,212.3,20719.3,29441885,119913365,22510119298,2617059,535383.1280000001,7499675327,17,WALWrite
1786444335936,301.3,40741.5,174.9,20763.6,29461364,119960662,22522244677,2619285,535658.4130000001,7499675327,10,WALWrite
1786444336937,397.2,40455.3,245.5,20972.2,29487288,120020768,22536245441,2621849,535989.2530000001,7499675327,13,WALWrite
1786444337936,298.1,40490.8,171.2,21059.1,29487299,120020794,22536249023,2621849,535989.2530000001,7499675327,1,
1786444338936,231.4,40417.0,149.9,21069.6,29503375,120063102,22546027407,2623805,536242.4470000002,7499675327,17,WALWrite
1786444339936,258.5,40405.6,140.5,21076.8,29518482,120110233,22556548599,2625352,536437.3370000002,7499675327,13,WALWrite
1786444340935,135.8,40422.6,135.9,21090.3,29534600,120149390,22564219808,2626861,536614.4900000001,7499675327,15,WALWrite
1786444341936,181.8,40423.1,143.9,21090.8,29548256,120180575,22569724988,2628247,536775.3870000001,7499675327,14,WALWrite
1786444342935,180.2,40139.6,142.7,21090.6,29565175,120226309,22577612740,2630232,536982.0380000001,7499675327,12,WALWrite
1786444343936,310.6,40169.2,165.7,21091.3,29583457,120267916,22584775748,2632288,537211.724,7499675327,10,ClientRead
1786444344935,379.7,40203.4,165.7,21090.6,29609656,120330546,22594789007,2635208,537522.4110000001,7499675327,14,WALWrite
1786444345936,398.0,40222.9,145.6,21090.0,29637632,120395507,22604624590,2638079,537834.1730000001,7499675327,13,WALWrite
1786444346936,362.4,40251.3,148.7,21099.7,29656375,120439183,22611164743,2640474,538096.8620000001,7500322495,2,
1786444347935,321.6,40263.9,132.2,21110.8,29664495,120456961,22613750978,2641406,538207.0900000001,7500322495,2,
1786444348936,292.7,40215.2,140.1,21104.7,29676693,120487486,22617643800,2642897,538371.3920000001,7500322495,1,
1786444349936,254.9,40222.5,140.7,21104.7,29693587,120527582,22622991476,2644277,538533.0040000001,7500322495,0,
1786444350936,131.3,40222.1,135.8,21104.2,29712262,120570613,22628339017,2646075,538728.4860000001,7500322495,14,WALWrite
1786444351936,202.0,40220.4,149.7,21108.9,29733743,120629438,22635173962,2649283,539084.8810000002,7500322495,0,
1786444352935,265.0,40240.3,173.3,21110.0,29755729,120679300,22640510814,2651638,539351.6390000001,7500879551,15,WALWrite
1786444353936,191.7,40240.9,147.3,21111.4,29781127,120741157,22646652084,2654275,539653.0140000002,7500879551,17,ClientRead
1786444354936,246.5,40246.3,133.0,21112.8,29796153,120777130,22650063286,2656130,539846.7580000001,7500879551,14,WALWrite
1786444355936,296.8,40289.5,149.9,21111.2,29816085,120829899,22656051366,2658290,540084.2450000001,7500879551,12,ClientRead
1786444356935,364.8,40310.4,160.0,21109.6,29845540,120902308,22665268964,2661581,540424.4300000002,7500879551,14,WALWrite
1786444357938,244.9,40331.0,142.1,21109.2,29860964,120938028,22668210284,2663197,540589.8580000001,7500879551,15,WALWrite
1786444358936,352.7,40270.1,160.4,21110.7,29860981,120938028,22668210284,2663198,540590.0390000001,7500879551,2,
1786444359936,324.4,40399.1,137.5,21108.2,29888451,121003146,22673586530,2666063,540901.1950000002,7500879551,10,WALWrite
1786444360935,297.7,40278.8,161.7,21107.5,29915329,121252705,22689410162,2669471,541286.4630000002,7500879551,12,WALWrite
1786444361936,145.5,40279.1,135.5,21107.8,29941982,121321628,22694115660,2672563,541618.3470000002,7500879551,12,WALWrite
1786444362936,162.5,40280.5,139.8,21107.0,29958917,121368616,22701290944,2674515,541832.7480000001,7500879551,0,
1786444363936,142.1,40295.7,130.2,21108.1,29970291,121396287,22703067842,2675770,541966.3780000001,7500879551,5,WALWrite
1786444364936,377.0,40320.7,202.0,21104.1,29995817,121461940,22706909751,2678611,542287.4520000002,7500879551,17,WALWrite
1786444365936,304.7,40355.0,158.5,21103.5,30024767,121525336,22710624518,2681954,542661.9600000001,7500879551,15,WALWrite
1786444366936,264.1,40365.3,146.9,21103.5,30033689,121546185,22711774134,2682993,542778.533,7500879551,10,WALWrite
1786444367935,383.6,40383.0,176.2,21104.4,30060703,121605144,22714802768,2685960,543100.9470000002,7500879551,9,WALWrite
1786444368936,398.9,40403.9,205.8,21110.9,30086771,121669392,22718108836,2688904,543434.9950000001,7500879551,18,WALWrite
1786444369937,337.2,40341.7,163.3,21116.5,30110073,121725898,22721040087,2691412,543721.1370000001,7501715135,12,WALWrite
1786444370936,123.9,40358.6,143.1,21117.4,30124410,121758849,22722631651,2693153,543910.4750000001,7501715135,13,WALWrite
1786444371936,293.4,40358.9,180.3,21123.7,30145466,121812383,22725235105,2695360,544154.0760000001,7501715135,0,
1786444372935,97.5,40357.4,192.8,20967.6,30145523,121812497,22725257008,2695386,544159.9890000001,7501739711,1,ClientWrite
1786444373936,40.4,40362.3,110.2,20985.3,30145544,121812501,22725257293,2695387,544160.3170000002,7501788863,2,
1786444374936,177.0,40396.4,127.2,21014.0,30145557,121812513,22725258125,2695390,544160.9250000002,7501788863,2,
1786444375936,156.0,40121.5,169.3,21367.0,30145624,121814894,22725428476,2695423,544170.4100000001,7501788863,1,
1786444376936,302.3,40131.3,154.3,21374.6,30156747,121846168,22730355175,2696409,544301.3500000002,7501797055,1,
1786444377935,307.6,40151.1,152.9,21380.2,30186081,121912243,22733377431,2700112,544728.9430000002,7501870783,17,WALWrite
1786444378936,242.4,40209.4,146.2,21382.4,30200228,121939425,22735140112,2701626,544890.1680000001,7502558911,2,
1786444379936,131.8,40124.7,126.7,21389.0,30208391,121967965,22738856379,2702444,544984.907,7502575295,0,
1786444380936,261.3,40124.1,215.5,21442.6,30221764,121995877,22740201959,2703770,545159.03,7502616255,17,WALWrite
1786444381935,233.8,40123.6,141.0,21458.7,30235002,122029769,22744525686,2705250,545325.8600000001,7502616255,16,WALWrite
1786444382936,399.8,40125.9,185.4,21470.1,30261838,122084152,22746943587,2707844,545629.555,7502616255,6,ClientRead
1786444383935,575.9,39945.8,213.6,21543.2,30288043,122137978,22749572274,2710478,545957.4610000001,7502640831,3,
1786444384935,739.1,39712.5,139.3,21564.8,30294768,122153353,22750340371,2711514,546101.493,7502640831,4,
1786444385936,331.5,39590.2,122.0,21568.4,30301017,122166019,22750909413,2712201,546188.8290000001,7502649023,18,ClientRead
1786444386936,423.2,39609.6,153.1,21568.3,30323500,122210741,22752893974,2713779,546380.0790000001,7502649023,18,WALWrite
1786444387935,474.1,39634.1,245.5,21713.5,30346362,122255036,22755097573,2716466,546753.9990000001,7502657215,1,
1786444388935,223.5,39657.7,129.6,21723.4,30346912,122262688,22758325347,2716480,546757.5460000001,7502657215,2,
1786444389936,432.4,39663.7,180.7,21753.6,30357235,122294570,22760123144,2717832,546931.772,7502657215,15,WALWrite
1786444390936,336.5,39607.2,178.7,21785.2,30383996,122348934,22762616398,2720624,547259.305,7502665407,0,
1786444391936,250.0,39606.7,185.8,21814.9,30408139,122398759,22764929210,2722914,547518.349,7502665407,18,WALWrite
1786444392936,329.0,39606.3,233.4,21919.8,30434083,122448635,22767219064,2725376,547810.278,7502673599,0,
1786444393935,257.7,39607.2,174.7,21942.2,30453731,122491896,22769190098,2727595,548070.408,7502689983,8,ClientRead
1786444394936,348.8,39653.6,160.7,21945.4,30480408,122549844,22771809853,2730763,548407.01,7502698175,17,WALWrite
1786444395936,440.3,39381.7,217.7,22029.2,30510710,122608337,22774651567,2734174,548788.0140000001,7502698175,2,WALWrite
1786444396935,405.5,39402.6,198.8,22056.4,30534764,122657201,22776891148,2736493,549080.2040000001,7502714559,17,WALWrite
1786444397936,273.3,39422.8,158.6,22069.4,30555041,122698484,22778809249,2738682,549331.7110000001,7503066815,14,WALWrite
1786444398936,325.5,39458.6,143.9,22070.8,30567584,122726471,22780090063,2740020,549512.4200000002,7503083199,7,WALWrite
1786444399936,393.2,39327.9,202.0,22145.1,30589026,122772726,22783929125,2741962,549744.3570000001,7503083199,6,ClientRead
1786444400935,288.8,39159.3,183.7,22230.1,30605821,122806851,22785449442,2743986,550003.9400000001,7503091391,10,ClientRead
1786444401935,214.1,39167.4,151.1,22244.3,30626140,122851853,22787498823,2746409,550271.0490000001,7503099583,0,
1786444402936,160.1,39175.9,135.8,22249.4,30645105,122887953,22789132864,2748159,550463.8700000001,7503107775,16,WALWrite
1786444403937,205.4,39187.8,189.8,22281.9,30660628,122920602,22790916975,2750004,550702.9110000001,7503591103,10,WALWrite
1786444404936,175.4,39218.6,140.3,22282.3,30676761,122953737,22792400968,2751802,550906.435,7503607487,9,ClientRead
1786444405936,325.5,39236.5,157.4,22291.0,30693428,122987485,22793903222,2753470,551089.888,7503623871,16,WALWrite
1786444406936,360.1,39274.5,180.1,22297.2,30713752,123032329,22797525689,2755508,551326.7920000001,7504680639,1,
1786444407936,210.4,39291.3,132.4,22296.6,30723253,123054726,22799803941,2756821,551475.6730000002,7504680639,17,WALWrite
1786444408936,262.6,39075.0,136.9,22302.4,30742676,123096504,22801680027,2758987,551722.9980000001,7504688831,16,WALWrite
1786444409936,333.3,38998.0,150.6,22307.6,30742696,123102528,22802247457,2758989,551723.3200000002,7504713407,0,
1786444410935,161.8,39007.7,150.2,22309.9,30762136,123142160,22804040153,2761085,551965.8900000002,7504729791,16,WALWrite
1786444411936,298.4,39016.3,171.5,22310.5,30788795,123197656,22806511488,2763714,552264.4830000002,7504762559,16,WALWrite
1786444412936,300.6,39026.1,155.5,22312.0,30806817,123261114,22811805194,2767004,552616.2970000003,7504778943,12,WALWrite
1786444413936,143.2,39050.2,133.8,22320.1,30844354,123317083,22816036687,2769716,552903.9140000001,7504778943,0,
1786444414936,181.6,39088.4,138.7,22320.2,30856514,123343460,22817206280,2771384,553077.9060000001,7504803519,16,WALWrite
1786444415936,312.0,39108.7,144.0,22322.8,30881811,123393774,22819800377,2773600,553307.1410000002,7504811711,1,
1786444416935,354.8,39133.6,195.5,22364.5,30901236,123442060,22825907303,2776089,553605.2690000001,7504819903,1,
1786444417935,416.7,39152.9,165.8,22364.6,30917650,123475209,22827375290,2777942,553803.1900000002,7504819903,18,WALWrite
1786444418936,422.3,39202.0,168.0,22368.9,30935838,123512108,22829022076,2779494,553977.2120000002,7504869055,15,WALWrite
1786444419936,493.0,38947.6,162.6,22368.5,30957694,123571726,22831925957,2782073,554299.9,7504877247,18,WALWrite
1786444420939,506.8,38884.0,269.8,22454.6,30982064,123624766,22834462267,2784632,554610.876,7504877247,7,WALWrite
1786444421937,241.8,38894.0,178.1,22471.6,31004820,123673716,22838876723,2787126,554892.768,7504885439,14,ClientRead
1786444422935,260.4,38902.9,172.3,22498.8,31028603,123726058,22841569747,2789334,555140.6930000001,7504901823,0,
1786444423936,176.1,38910.2,136.5,22502.8,31047290,123758668,22843033671,2791499,555368.729,7504901823,0,
1786444424936,176.8,38943.1,148.9,22515.8,31060602,123787934,22844368673,2793133,555547.1740000001,7504910015,16,WALWrite
1786444425936,408.4,38969.0,196.6,22535.5,31086444,123843838,22846855778,2795925,555859.761,7504918207,9,WALWrite
1786444426936,314.6,38994.0,162.2,22534.6,31109777,123887112,22848770712,2798506,556128.915,7504918207,9,WALWrite
1786444427936,323.0,39027.1,174.8,22541.6,31125420,123918649,22850169427,2800324,556343.2850000001,7505147583,1,
1786444428935,441.5,38769.1,280.3,22625.2,31147332,123971890,22856395880,2802547,556649.8180000001,7505172159,18,ClientRead
1786444429935,396.7,38787.1,260.5,22689.6,31147526,123977375,22856999388,2802621,556672.653,7505155775,17,WALWrite
1786444430935,302.1,38747.7,176.2,22692.0,31167048,124023202,22884749002,2804604,556927.8150000001,7505155775,0,
1786444431935,256.6,38781.9,172.0,22696.7,31189876,124074497,22912533895,2806502,557150.457,7505155775,12,WALWrite
1786444432936,321.9,38815.0,177.4,22705.5,31217633,124146686,22949014394,2809483,557510.6930000001,7505155775,0,
1786444433936,248.2,38835.8,159.6,22710.5,31237108,124187686,22951483601,2811399,557747.6220000001,7505811135,0,
1786444434935,245.0,38897.4,154.7,22709.9,31257143,124235727,22973103643,2813760,558031.0170000001,7505827519,16,WALWrite
1786444435936,279.6,38668.5,136.4,22712.3,31284504,124301764,23001247715,2816478,558357.4810000001,7505827519,14,WALWrite
1786444436936,295.0,38713.4,139.6,22710.7,31299823,124338126,23016259341,2818222,558553.724,7505827519,17,WALWrite
1786444437936,387.7,38747.4,169.0,22712.3,31318737,124383868,23034182313,2820107,558786.8660000002,7505827519,1,
1786444438936,245.5,38797.1,129.9,22712.7,31340049,124433636,23052567664,2822496,559065.393,7505827519,18,WALWrite
1786444439935,441.0,38819.1,148.8,22714.2,31359054,124485350,23068002318,2824565,559300.3750000001,7505843903,1,
1786444440935,140.6,38769.2,123.6,22715.7,31375955,124525803,23080720414,2826170,559478.581,7505852095,16,WALWrite
1786444441936,262.2,38794.9,165.9,22715.7,31393835,124568774,23094121796,2827603,559643.0569999999,7505876671,12,WALWrite
1786444442936,250.0,38814.5,158.4,22716.5,31416211,124622871,23108961860,2830192,559932.294,7505876671,16,ClientRead
1786444443935,276.7,38748.3,178.2,22720.7,31438139,124686848,23128142190,2832912,560241.7509999999,7506622143,0,
1786444444936,161.2,38748.8,140.9,22722.5,31458857,124736952,23140552457,2835279,560512.6299999999,7506622143,15,WALWrite
1786444445936,697.3,38804.9,158.9,22722.5,31482546,124795715,23154040033,2837449,560777.9619999998,7506622143,1,
1786444446937,383.0,38787.4,178.2,22719.9,31507072,124852391,23166780682,2840432,561131.7089999999,7506622143,14,ClientRead
1786444447936,390.7,38824.5,172.0,22719.4,31534255,124914843,23179553024,2843580,561496.9659999999,7506622143,13,WALWrite
1786444448936,302.3,38858.8,148.6,22719.3,31554992,124962451,23188706431,2846131,561788.9409999999,7506622143,13,ClientRead
1786444449936,478.6,38893.0,157.0,22720.4,31580518,125021920,23199314044,2848779,562092.8859999999,7506622143,2,
1786444450936,239.6,38516.2,162.9,22718.4,31596458,125278709,23218330989,2850601,562307.85,7506622143,20,ClientRead
1786444451936,171.5,38521.3,155.9,22720.7,31611654,125313458,23223938462,2852153,562503.998,7506687679,9,WALWrite
1786444452935,158.5,38527.2,137.6,22719.9,31628416,125354484,23230469650,2854254,562735.416,7506687679,7,WALWrite
1786444453935,381.5,38536.5,166.9,22720.3,31656983,125430812,23243925583,2857289,563054.38,7506687679,17,WALWrite
1786444454936,300.0,38545.1,143.0,22720.5,31675956,125474944,23249995492,2859033,563243.554,7506687679,14,ClientRead
1786444455936,461.6,38563.9,155.8,22721.5,31675974,125474949,23249995895,2859034,563243.695,7506720447,2,
1786444456935,373.6,38591.8,141.9,22720.4,31702108,125535448,23258067251,2861914,563567.343,7506720447,12,WALWrite
1786444457936,357.7,38616.8,170.3,22722.9,31723297,125580146,23263327347,2864364,563834.03,7506720447,15,WALWrite
1786444458936,417.9,38622.7,211.5,22728.7,31741620,125631669,23269187009,2866387,564077.164,7506720447,2,
1786444459936,422.5,38644.4,184.3,22727.6,31767978,125693609,23275996719,2869362,564438.934,7506720447,1,
1786444460936,206.9,38592.9,133.5,22727.0,31789495,125745321,23281833558,2871820,564716.992,7506720447,16,WALWrite
1786444461936,359.4,38599.3,207.0,22739.7,31814391,125814844,23292125797,2874108,564989.647,7506720447,16,WALWrite
1786444462935,171.2,38603.7,164.2,22742.3,31839100,125874306,23297393850,2876733,565311.456,7506720447,16,WALWrite
1786444463936,271.2,38608.6,165.0,22742.7,31869326,125947411,23303494621,2880127,565669.755,7506720447,16,WALWrite
1786444464936,169.8,38637.8,139.5,22741.9,31887101,125990032,23306707928,2882329,565901.948,7506720447,17,WALWrite
1786444465935,311.8,38657.7,156.3,22743.1,31908315,126044318,23311081356,2884608,566144.752,7506761407,15,WALWrite
1786444466936,319.6,38685.5,178.3,22750.1,31929964,126092045,23315005563,2887053,566431.98,7507359423,17,WALWrite
1786444467936,262.3,38698.9,126.6,22747.9,31946405,126132221,23317717406,2888996,566646.766,7507359423,14,WALWrite
1786444468936,318.0,38722.4,146.4,22750.0,31969101,126181916,23320899514,2891330,566895.3359999999,7507359423,2,
1786444469935,306.0,38754.1,124.3,22753.2,31978925,126206145,23322521628,2892747,567052.7639999999,7507351231,17,WALWrite
1786444470935,233.7,38679.3,153.1,22752.3,31994980,126246186,23325093136,2894616,567266.8589999999,7507351231,14,WALWrite
1786444471936,271.3,38681.1,212.7,22815.9,32016386,126302095,23330033319,2896729,567548.7449999999,7507351231,15,WALWrite
1786444472936,300.3,38685.9,197.0,22851.4,32042071,126368835,23333929477,2899686,567894.531,7507351231,12,WALWrite
1786444473936,222.3,38689.9,280.0,22848.7,32065051,126421020,23337060079,2902053,568163.5859999999,7507351231,15,WALWrite
