goload -mode cloud [free-q2] -> http://10.114.0.2:6711
  active partitions: 500 of 500 per queue (100.000%)
  target=proxy tenants=17 sharedQueue=true queue="free-q2" group="workers" partitions=500 brokerTenantHeader=false
  offered=42.5 msg/s total (2.50/tenant) push-batch=1 -> 2.50 req/s per tenant across 1 producer(s) | max-inflight=256
  consumers=2/tenant popBatch=0 popWait=true autoAck=false | payload=256B | duration=2592000s drain=60s | idleConns=8/client verify=true
[23:44:50 load ] offered=      42/s push=      42/s pop=      43/s ack=      43/s shed=      0/s inflight=    0 | e2e p50=  21.63 p99=  329.73 ms | pushRTT p50=  9.79 p99=  76.29 ms | lag=-1 | err push=0 pop=0 ack=0 (429=0 403=0 5xx=0 to=0 conn=0) empty=121 cross=0 gor=156
[23:49:50 load ] offered=      42/s push=      42/s pop=      42/s ack=      42/s shed=      0/s inflight=    0 | e2e p50=  14.27 p99=  113.15 ms | pushRTT p50=  6.18 p99=  37.12 ms | lag=-1 | err push=0 pop=0 ack=0 (429=0 403=0 5xx=0 to=0 conn=0) empty=282 cross=0 gor=156
[23:54:50 load ] offered=      42/s push=      42/s pop=      42/s ack=      42/s shed=      0/s inflight=    0 | e2e p50=  16.19 p99=  296.96 ms | pushRTT p50=  7.07 p99=  62.21 ms | lag=-1 | err push=0 pop=0 ack=0 (429=0 403=0 5xx=0 to=0 conn=0) empty=426 cross=0 gor=156
[23:59:50 load ] offered=      42/s push=      42/s pop=      42/s ack=      42/s shed=      0/s inflight=    0 | e2e p50=  33.54 p99=  897.02 ms | pushRTT p50= 13.63 p99= 119.30 ms | lag=-1 | err push=0 pop=0 ack=0 (429=0 403=0 5xx=0 to=0 conn=0) empty=520 cross=0 gor=156
[00:04:50 load ] offered=      42/s push=      39/s pop=      40/s ack=      40/s shed=      3/s inflight=    0 | e2e p50=  17.28 p99=28704.77 ms | pushRTT p50=  6.82 p99=20054.02 ms | lag=-83 | err push=132 pop=134 ack=0 (429=0 403=0 5xx=120 to=146 conn=0) empty=680 cross=0 gor=292
[00:09:50 load ] offered=      42/s push=      42/s pop=      42/s ack=      42/s shed=      0/s inflight=    0 | e2e p50=  15.55 p99=  109.06 ms | pushRTT p50=  6.94 p99=  33.54 ms | lag=-83 | err push=132 pop=134 ack=0 (429=0 403=0 5xx=120 to=146 conn=0) empty=824 cross=0 gor=156
[00:14:50 load ] offered=      42/s push=      42/s pop=      42/s ack=      42/s shed=      0/s inflight=    0 | e2e p50=  21.12 p99=  173.06 ms | pushRTT p50=  9.66 p99=  59.65 ms | lag=-83 | err push=132 pop=134 ack=0 (429=0 403=0 5xx=120 to=146 conn=0) empty=941 cross=0 gor=156
[00:19:50 load ] offered=      42/s push=      42/s pop=      42/s ack=      42/s shed=      0/s inflight=    0 | e2e p50=  15.55 p99=   95.74 ms | pushRTT p50=  7.01 p99=  31.36 ms | lag=-83 | err push=132 pop=134 ack=0 (429=0 403=0 5xx=120 to=146 conn=0) empty=1080 cross=0 gor=156
[00:24:50 load ] offered=      42/s push=      42/s pop=      42/s ack=      42/s shed=      0/s inflight=    0 | e2e p50=  18.05 p99=  132.10 ms | pushRTT p50=  8.16 p99=  47.87 ms | lag=-83 | err push=132 pop=134 ack=0 (429=0 403=0 5xx=120 to=146 conn=0) empty=1203 cross=0 gor=156
[00:29:50 load ] offered=      42/s push=      42/s pop=      42/s ack=      42/s shed=      0/s inflight=    0 | e2e p50=  15.94 p99=   93.70 ms | pushRTT p50=  7.14 p99=  36.10 ms | lag=-83 | err push=132 pop=134 ack=0 (429=0 403=0 5xx=120 to=146 conn=0) empty=1348 cross=0 gor=156
[00:34:50 load ] offered=      42/s push=      42/s pop=      42/s ack=      42/s shed=      0/s inflight=    0 | e2e p50=  17.54 p99=  358.40 ms | pushRTT p50=  7.97 p99=  46.85 ms | lag=-83 | err push=132 pop=134 ack=0 (429=0 403=0 5xx=120 to=146 conn=0) empty=1468 cross=0 gor=156
[00:39:50 load ] offered=      42/s push=      42/s pop=      42/s ack=      42/s shed=      0/s inflight=    0 | e2e p50=  15.42 p99=  203.78 ms | pushRTT p50=  7.01 p99=  38.66 ms | lag=-83 | err push=132 pop=134 ack=0 (429=0 403=0 5xx=120 to=146 conn=0) empty=1593 cross=0 gor=156
[00:44:50 load ] offered=      42/s push=      42/s pop=      42/s ack=      42/s shed=      0/s inflight=    0 | e2e p50=  23.68 p99=  342.02 ms | pushRTT p50= 10.43 p99=  60.67 ms | lag=-83 | err push=132 pop=134 ack=0 (429=0 403=0 5xx=120 to=146 conn=0) empty=1700 cross=0 gor=156
[00:49:50 load ] offered=      42/s push=      42/s pop=      42/s ack=      42/s shed=      0/s inflight=    0 | e2e p50=  16.06 p99=  211.97 ms | pushRTT p50=  7.33 p99=  46.85 ms | lag=-83 | err push=132 pop=134 ack=0 (429=0 403=0 5xx=120 to=146 conn=0) empty=1832 cross=0 gor=156
[00:54:50 load ] offered=      42/s push=      42/s pop=      42/s ack=      42/s shed=      0/s inflight=    0 | e2e p50=  18.30 p99=  313.34 ms | pushRTT p50=  8.26 p99=  47.87 ms | lag=-83 | err push=132 pop=134 ack=0 (429=0 403=0 5xx=120 to=146 conn=0) empty=1956 cross=0 gor=156
[00:59:50 load ] offered=      42/s push=      42/s pop=      42/s ack=      42/s shed=      0/s inflight=    0 | e2e p50=  17.79 p99=  428.03 ms | pushRTT p50=  8.03 p99=  41.22 ms | lag=-83 | err push=132 pop=134 ack=0 (429=0 403=0 5xx=120 to=146 conn=0) empty=2069 cross=0 gor=156
[01:04:50 load ] offered=      42/s push=      42/s pop=      42/s ack=      42/s shed=      0/s inflight=    0 | e2e p50=  17.79 p99=  261.12 ms | pushRTT p50=  8.10 p99=  51.97 ms | lag=-83 | err push=132 pop=134 ack=0 (429=0 403=0 5xx=120 to=146 conn=0) empty=2197 cross=0 gor=156
[01:09:50 load ] offered=      42/s push=      42/s pop=      42/s ack=      42/s shed=      0/s inflight=    0 | e2e p50=  15.68 p99=  362.50 ms | pushRTT p50=  7.20 p99=  43.78 ms | lag=-83 | err push=132 pop=134 ack=0 (429=0 403=0 5xx=120 to=146 conn=0) empty=2328 cross=0 gor=156
[01:14:50 load ] offered=      42/s push=      42/s pop=      42/s ack=      42/s shed=      0/s inflight=    0 | e2e p50=  21.63 p99=  325.63 ms | pushRTT p50= 10.05 p99=  64.26 ms | lag=-83 | err push=132 pop=134 ack=0 (429=0 403=0 5xx=120 to=146 conn=0) empty=2448 cross=0 gor=156
[01:19:50 load ] offered=      42/s push=      42/s pop=      42/s ack=      42/s shed=      0/s inflight=    0 | e2e p50=  16.51 p99=  118.27 ms | pushRTT p50=  7.52 p99=  35.07 ms | lag=-83 | err push=132 pop=134 ack=0 (429=0 403=0 5xx=120 to=146 conn=0) empty=2577 cross=0 gor=156
[01:24:50 load ] offered=      42/s push=      42/s pop=      42/s ack=      42/s shed=      0/s inflight=    0 | e2e p50=  18.05 p99=  109.06 ms | pushRTT p50=  8.26 p99=  56.06 ms | lag=-83 | err push=132 pop=134 ack=0 (429=0 403=0 5xx=120 to=146 conn=0) empty=2706 cross=0 gor=156
[01:29:50 load ] offered=      42/s push=      42/s pop=      42/s ack=      42/s shed=      0/s inflight=    0 | e2e p50=  15.81 p99=   69.12 ms | pushRTT p50=  7.07 p99=  31.36 ms | lag=-83 | err push=132 pop=134 ack=0 (429=0 403=0 5xx=120 to=146 conn=0) empty=2854 cross=0 gor=156
[01:34:50 load ] offered=      42/s push=      42/s pop=      42/s ack=      42/s shed=      0/s inflight=    0 | e2e p50=  18.56 p99=  329.73 ms | pushRTT p50=  8.38 p99=  55.55 ms | lag=-67 | err push=132 pop=134 ack=0 (429=0 403=0 5xx=120 to=146 conn=0) empty=2977 cross=0 gor=156
[01:39:50 load ] offered=      42/s push=      21/s pop=      22/s ack=      22/s shed=      1/s inflight=    0 | e2e p50=  21.38 p99= 2867.20 ms | pushRTT p50=  9.41 p99= 370.69 ms | lag=-89 | err push=6236 pop=214654 ack=0 (429=184245 403=0 5xx=36497 to=148 conn=0) empty=3019 cross=0 gor=156
[01:44:50 load ] offered=      42/s push=      42/s pop=      42/s ack=      42/s shed=      0/s inflight=    0 | e2e p50=  17.02 p99=  329.73 ms | pushRTT p50=  7.39 p99=  51.46 ms | lag=-89 | err push=6236 pop=214654 ack=0 (429=184245 403=0 5xx=36497 to=148 conn=0) empty=3131 cross=0 gor=156
[01:49:50 load ] offered=      42/s push=      42/s pop=      42/s ack=      42/s shed=      0/s inflight=    0 | e2e p50=  14.53 p99=  134.14 ms | pushRTT p50=  6.24 p99=  34.56 ms | lag=-89 | err push=6236 pop=214654 ack=0 (429=184245 403=0 5xx=36497 to=148 conn=0) empty=3261 cross=0 gor=156
[01:54:50 load ] offered=      42/s push=      42/s pop=      42/s ack=      42/s shed=      0/s inflight=    0 | e2e p50=  16.06 p99=  317.44 ms | pushRTT p50=  7.01 p99=  58.11 ms | lag=-89 | err push=6236 pop=214654 ack=0 (429=184245 403=0 5xx=36497 to=148 conn=0) empty=3371 cross=0 gor=156
[01:59:50 load ] offered=      42/s push=      40/s pop=      40/s ack=      40/s shed=      1/s inflight=  146 | e2e p50=  23.68 p99=13041.66 ms | pushRTT p50= 10.69 p99=12124.16 ms | lag=-45 | err push=6304 pop=214712 ack=0 (429=184245 403=0 5xx=36599 to=172 conn=0) empty=3545 cross=0 gor=788
[02:04:50 load ] offered=      42/s push=      43/s pop=      43/s ack=      43/s shed=      0/s inflight=    0 | e2e p50=  23.42 p99=15925.25 ms | pushRTT p50= 10.56 p99=13697.02 ms | lag=-89 | err push=6304 pop=214714 ack=0 (429=184245 403=0 5xx=36599 to=174 conn=0) empty=3575 cross=0 gor=156
[02:09:50 load ] offered=      42/s push=      42/s pop=      42/s ack=      42/s shed=      0/s inflight=    2 | e2e p50=  20.61 p99=  399.36 ms | pushRTT p50=  9.41 p99=  54.53 ms | lag=-89 | err push=6304 pop=214714 ack=0 (429=184245 403=0 5xx=36599 to=174 conn=0) empty=3608 cross=0 gor=158
[02:14:50 load ] offered=      42/s push=      43/s pop=      43/s ack=      43/s shed=      0/s inflight=    0 | e2e p50=  24.96 p99=  382.98 ms | pushRTT p50= 11.33 p99=  73.22 ms | lag=-89 | err push=6304 pop=214714 ack=0 (429=184245 403=0 5xx=36599 to=174 conn=0) empty=3628 cross=0 gor=156
[02:19:50 load ] offered=      42/s push=      42/s pop=      42/s ack=      42/s shed=      0/s inflight=    0 | e2e p50=  18.56 p99=  391.17 ms | pushRTT p50=  8.38 p99=  45.31 ms | lag=-84 | err push=6304 pop=214714 ack=0 (429=184245 403=0 5xx=36599 to=174 conn=0) empty=3660 cross=0 gor=156
[02:24:50 load ] offered=      42/s push=      42/s pop=      43/s ack=      43/s shed=      0/s inflight=    0 | e2e p50=  22.40 p99=  423.94 ms | pushRTT p50=  9.79 p99=  61.70 ms | lag=-89 | err push=6304 pop=214714 ack=0 (429=184245 403=0 5xx=36599 to=174 conn=0) empty=3685 cross=0 gor=156
[02:29:50 load ] offered=      42/s push=      42/s pop=      42/s ack=      42/s shed=      0/s inflight=    0 | e2e p50=  18.30 p99=  366.59 ms | pushRTT p50=  8.38 p99=  45.82 ms | lag=-77 | err push=6304 pop=214714 ack=0 (429=184245 403=0 5xx=36599 to=174 conn=0) empty=3716 cross=0 gor=156
[02:34:50 load ] offered=      42/s push=      42/s pop=      43/s ack=      43/s shed=      0/s inflight=    0 | e2e p50=  25.73 p99=  354.30 ms | pushRTT p50= 11.20 p99=  63.74 ms | lag=-89 | err push=6304 pop=214714 ack=0 (429=184245 403=0 5xx=36599 to=174 conn=0) empty=3738 cross=0 gor=156
[02:39:50 load ] offered=      42/s push=      42/s pop=      42/s ack=      43/s shed=      0/s inflight=    0 | e2e p50=  22.91 p99=  329.73 ms | pushRTT p50= 10.30 p99=  57.60 ms | lag=-89 | err push=6304 pop=214714 ack=0 (429=184245 403=0 5xx=36599 to=174 conn=0) empty=3762 cross=0 gor=156
[02:44:50 load ] offered=      42/s push=      42/s pop=      42/s ack=      42/s shed=      0/s inflight=    0 | e2e p50=  28.80 p99=  201.73 ms | pushRTT p50= 12.99 p99=  69.12 ms | lag=-89 | err push=6304 pop=214714 ack=0 (429=184245 403=0 5xx=36599 to=174 conn=0) empty=3776 cross=0 gor=156
[02:49:50 load ] offered=      42/s push=      42/s pop=      42/s ack=      42/s shed=      0/s inflight=    0 | e2e p50=  18.56 p99=  366.59 ms | pushRTT p50=  8.64 p99=  44.29 ms | lag=-89 | err push=6304 pop=214714 ack=0 (429=184245 403=0 5xx=36599 to=174 conn=0) empty=3806 cross=0 gor=156
[02:54:50 load ] offered=      42/s push=      42/s pop=      42/s ack=      42/s shed=      0/s inflight=    0 | e2e p50=  23.68 p99=  191.49 ms | pushRTT p50= 10.56 p99=  59.14 ms | lag=-89 | err push=6304 pop=214714 ack=0 (429=184245 403=0 5xx=36599 to=174 conn=0) empty=3826 cross=0 gor=156
[02:59:50 load ] offered=      42/s push=      42/s pop=      42/s ack=      42/s shed=      0/s inflight=    0 | e2e p50=  19.58 p99=  305.15 ms | pushRTT p50=  9.28 p99=  48.90 ms | lag=-89 | err push=6304 pop=214714 ack=0 (429=184245 403=0 5xx=36599 to=174 conn=0) empty=3853 cross=0 gor=156
[03:04:50 load ] offered=      42/s push=      42/s pop=      42/s ack=      42/s shed=      0/s inflight=    0 | e2e p50=  24.19 p99=  362.50 ms | pushRTT p50= 10.94 p99=  55.55 ms | lag=-89 | err push=6304 pop=214714 ack=0 (429=184245 403=0 5xx=36599 to=174 conn=0) empty=3872 cross=0 gor=156
[03:09:50 load ] offered=      42/s push=      42/s pop=      42/s ack=      42/s shed=      0/s inflight=    0 | e2e p50=  21.63 p99=  325.63 ms | pushRTT p50= 10.43 p99=  68.10 ms | lag=-87 | err push=6304 pop=214714 ack=0 (429=184245 403=0 5xx=36599 to=174 conn=0) empty=3899 cross=0 gor=156
[03:14:50 load ] offered=      42/s push=      42/s pop=      43/s ack=      43/s shed=      0/s inflight=    0 | e2e p50=  31.87 p99=  403.46 ms | pushRTT p50= 14.02 p99=  65.28 ms | lag=-89 | err push=6304 pop=214714 ack=0 (429=184245 403=0 5xx=36599 to=174 conn=0) empty=3914 cross=0 gor=156
[03:19:50 load ] offered=      42/s push=      42/s pop=      42/s ack=      42/s shed=      0/s inflight=    0 | e2e p50=  19.84 p99=  411.65 ms | pushRTT p50=  9.28 p99=  51.46 ms | lag=-89 | err push=6304 pop=214714 ack=0 (429=184245 403=0 5xx=36599 to=174 conn=0) empty=3939 cross=0 gor=156
[03:24:50 load ] offered=      42/s push=      42/s pop=      42/s ack=      42/s shed=      0/s inflight=    0 | e2e p50=  25.47 p99=  374.78 ms | pushRTT p50= 11.20 p99=  59.65 ms | lag=-89 | err push=6304 pop=214714 ack=0 (429=184245 403=0 5xx=36599 to=174 conn=0) empty=3960 cross=0 gor=156
[03:29:50 load ] offered=      42/s push=      42/s pop=      42/s ack=      42/s shed=      0/s inflight=    0 | e2e p50=  19.33 p99=  419.84 ms | pushRTT p50=  8.90 p99=  53.50 ms | lag=-89 | err push=6304 pop=214714 ack=0 (429=184245 403=0 5xx=36599 to=174 conn=0) empty=3989 cross=0 gor=156
[03:34:50 load ] offered=      42/s push=      42/s pop=      42/s ack=      43/s shed=      0/s inflight=    0 | e2e p50=  42.24 p99=  436.22 ms | pushRTT p50= 17.02 p99= 103.94 ms | lag=-89 | err push=6304 pop=214714 ack=0 (429=184245 403=0 5xx=36599 to=174 conn=0) empty=4003 cross=0 gor=158
[03:39:50 load ] offered=      42/s push=      42/s pop=      42/s ack=      42/s shed=      0/s inflight=    4 | e2e p50=  75.26 p99=  782.34 ms | pushRTT p50= 21.38 p99= 264.19 ms | lag=-82 | err push=6304 pop=214714 ack=0 (429=184245 403=0 5xx=36599 to=174 conn=0) empty=4017 cross=0 gor=184
[03:44:50 load ] offered=      42/s push=      27/s pop=      27/s ack=      27/s shed=      1/s inflight=    0 | e2e p50=  28.03 p99= 3522.56 ms | pushRTT p50=  9.02 p99= 477.18 ms | lag=-92 | err push=10696 pop=363296 ack=4 (429=311956 403=0 5xx=61836 to=204 conn=0) empty=4057 cross=0 gor=156
[03:49:50 load ] offered=      42/s push=      42/s pop=      43/s ack=      43/s shed=      0/s inflight=    0 | e2e p50=  12.86 p99=   97.79 ms | pushRTT p50=  5.28 p99=  38.66 ms | lag=-94 | err push=10696 pop=363296 ack=4 (429=311956 403=0 5xx=61836 to=204 conn=0) empty=4115 cross=0 gor=156
[03:54:50 load ] offered=      42/s push=      42/s pop=      42/s ack=      42/s shed=      0/s inflight=    0 | e2e p50=  13.50 p99=  288.77 ms | pushRTT p50=  5.41 p99=  64.26 ms | lag=-94 | err push=10696 pop=363296 ack=4 (429=311956 403=0 5xx=61836 to=204 conn=0) empty=4163 cross=0 gor=156
[03:59:50 load ] offered=      42/s push=      42/s pop=      42/s ack=      42/s shed=      0/s inflight=    0 | e2e p50=  12.22 p99=  140.29 ms | pushRTT p50=  5.02 p99=  31.10 ms | lag=-94 | err push=10696 pop=363296 ack=4 (429=311956 403=0 5xx=61836 to=204 conn=0) empty=4221 cross=0 gor=156
[04:04:50 load ] offered=      42/s push=      42/s pop=      42/s ack=      42/s shed=      0/s inflight=    0 | e2e p50=  14.02 p99=  280.58 ms | pushRTT p50=  5.79 p99=  71.17 ms | lag=-94 | err push=10696 pop=363296 ack=4 (429=311956 403=0 5xx=61836 to=204 conn=0) empty=4277 cross=0 gor=156
[04:09:50 load ] offered=      42/s push=      42/s pop=      42/s ack=      42/s shed=      0/s inflight=    0 | e2e p50=  11.97 p99=   76.29 ms | pushRTT p50=  4.83 p99=  31.87 ms | lag=-94 | err push=10696 pop=363296 ack=4 (429=311956 403=0 5xx=61836 to=204 conn=0) empty=4328 cross=0 gor=156
[04:14:50 load ] offered=      42/s push=      42/s pop=      42/s ack=      42/s shed=      0/s inflight=    0 | e2e p50=  16.06 p99=  193.54 ms | pushRTT p50=  7.14 p99=  70.14 ms | lag=-94 | err push=10696 pop=363296 ack=4 (429=311956 403=0 5xx=61836 to=204 conn=0) empty=4363 cross=0 gor=156
[04:19:50 load ] offered=      42/s push=      42/s pop=      42/s ack=      42/s shed=      0/s inflight=    0 | e2e p50=  12.86 p99=  128.51 ms | pushRTT p50=  5.22 p99=  33.02 ms | lag=-94 | err push=10696 pop=363296 ack=4 (429=311956 403=0 5xx=61836 to=204 conn=0) empty=4427 cross=0 gor=156
[04:24:50 load ] offered=      42/s push=      42/s pop=      42/s ack=      42/s shed=      0/s inflight=    0 | e2e p50=  13.89 p99=  346.11 ms | pushRTT p50=  5.73 p99=  69.12 ms | lag=-94 | err push=10696 pop=363296 ack=4 (429=311956 403=0 5xx=61836 to=204 conn=0) empty=4475 cross=0 gor=156
[04:29:50 load ] offered=      42/s push=      42/s pop=      42/s ack=      42/s shed=      0/s inflight=    0 | e2e p50=  12.10 p99=   97.79 ms | pushRTT p50=  4.90 p99=  31.10 ms | lag=-94 | err push=10696 pop=363296 ack=4 (429=311956 403=0 5xx=61836 to=204 conn=0) empty=4531 cross=0 gor=156
[04:34:50 load ] offered=      42/s push=      42/s pop=      42/s ack=      42/s shed=      0/s inflight=    0 | e2e p50=  13.25 p99=  259.07 ms | pushRTT p50=  5.34 p99=  52.99 ms | lag=-94 | err push=10696 pop=363296 ack=4 (429=311956 403=0 5xx=61836 to=204 conn=0) empty=4583 cross=0 gor=156
[04:39:50 load ] offered=      42/s push=      42/s pop=      42/s ack=      42/s shed=      0/s inflight=    0 | e2e p50=  12.10 p99=  104.96 ms | pushRTT p50=  4.83 p99=  29.82 ms | lag=-94 | err push=10696 pop=363296 ack=4 (429=311956 403=0 5xx=61836 to=204 conn=0) empty=4644 cross=0 gor=156
[04:44:50 load ] offered=      42/s push=      42/s pop=      42/s ack=      42/s shed=      0/s inflight=    0 | e2e p50=  15.81 p99=  292.86 ms | pushRTT p50=  6.88 p99=  74.24 ms | lag=-94 | err push=10696 pop=363296 ack=4 (429=311956 403=0 5xx=61836 to=204 conn=0) empty=4691 cross=0 gor=156
[04:49:50 load ] offered=      42/s push=      42/s pop=      42/s ack=      42/s shed=      0/s inflight=    0 | e2e p50=  13.25 p99=  387.07 ms | pushRTT p50=  5.47 p99=  38.14 ms | lag=-94 | err push=10696 pop=363296 ack=4 (429=311956 403=0 5xx=61836 to=204 conn=0) empty=4751 cross=0 gor=156
[04:54:50 load ] offered=      42/s push=      42/s pop=      42/s ack=      42/s shed=      0/s inflight=    0 | e2e p50=  14.02 p99=  112.13 ms | pushRTT p50=  5.79 p99=  47.87 ms | lag=-94 | err push=10696 pop=363296 ack=4 (429=311956 403=0 5xx=61836 to=204 conn=0) empty=4806 cross=0 gor=156
[04:59:50 load ] offered=      42/s push=      42/s pop=      42/s ack=      42/s shed=      0/s inflight=    0 | e2e p50=  12.74 p99=  140.29 ms | pushRTT p50=  5.15 p99=  38.14 ms | lag=-94 | err push=10696 pop=363296 ack=4 (429=311956 403=0 5xx=61836 to=204 conn=0) empty=4862 cross=0 gor=156
[05:04:50 load ] offered=      42/s push=      42/s pop=      42/s ack=      42/s shed=      0/s inflight=    0 | e2e p50=  14.53 p99=  138.24 ms | pushRTT p50=  6.11 p99=  59.14 ms | lag=-94 | err push=10696 pop=363296 ack=4 (429=311956 403=0 5xx=61836 to=204 conn=0) empty=4908 cross=0 gor=156
[05:09:50 load ] offered=      42/s push=      42/s pop=      42/s ack=      42/s shed=      0/s inflight=    0 | e2e p50=  13.25 p99=  122.37 ms | pushRTT p50=  5.34 p99=  32.38 ms | lag=-94 | err push=10696 pop=363296 ack=4 (429=311956 403=0 5xx=61836 to=204 conn=0) empty=4965 cross=0 gor=156
[05:14:50 load ] offered=      42/s push=      42/s pop=      42/s ack=      42/s shed=      0/s inflight=    0 | e2e p50=  17.79 p99=  175.10 ms | pushRTT p50=  8.16 p99=  69.12 ms | lag=-94 | err push=10696 pop=363296 ack=4 (429=311956 403=0 5xx=61836 to=204 conn=0) empty=5002 cross=0 gor=156
[05:19:50 load ] offered=      42/s push=      42/s pop=      42/s ack=      42/s shed=      0/s inflight=    0 | e2e p50=  12.86 p99=  329.73 ms | pushRTT p50=  5.34 p99=  35.58 ms | lag=-94 | err push=10696 pop=363296 ack=4 (429=311956 403=0 5xx=61836 to=204 conn=0) empty=5056 cross=0 gor=156
[05:24:50 load ] offered=      42/s push=      42/s pop=      42/s ack=      42/s shed=      0/s inflight=    0 | e2e p50=  14.53 p99=  150.53 ms | pushRTT p50=  6.11 p99=  61.18 ms | lag=-94 | err push=10696 pop=363296 ack=4 (429=311956 403=0 5xx=61836 to=204 conn=0) empty=5104 cross=0 gor=156
[05:29:50 load ] offered=      42/s push=      42/s pop=      42/s ack=      42/s shed=      0/s inflight=    0 | e2e p50=  13.12 p99=  103.94 ms | pushRTT p50=  5.41 p99=  32.64 ms | lag=-94 | err push=10696 pop=363296 ack=4 (429=311956 403=0 5xx=61836 to=204 conn=0) empty=5170 cross=0 gor=156
[05:34:50 load ] offered=      42/s push=      42/s pop=      42/s ack=      42/s shed=      0/s inflight=    0 | e2e p50=  14.02 p99=  152.58 ms | pushRTT p50=  5.79 p99=  49.41 ms | lag=-94 | err push=10696 pop=363296 ack=4 (429=311956 403=0 5xx=61836 to=204 conn=0) empty=5222 cross=0 gor=156
[05:39:50 load ] offered=      42/s push=      42/s pop=      42/s ack=      42/s shed=      0/s inflight=    0 | e2e p50=  12.86 p99=  272.38 ms | pushRTT p50=  5.34 p99=  40.19 ms | lag=-94 | err push=10696 pop=363296 ack=4 (429=311956 403=0 5xx=61836 to=204 conn=0) empty=5288 cross=0 gor=156
[05:44:50 load ] offered=      42/s push=      42/s pop=      42/s ack=      42/s shed=      0/s inflight=    0 | e2e p50=  16.77 p99=  259.07 ms | pushRTT p50=  7.26 p99=  57.60 ms | lag=-94 | err push=10696 pop=363296 ack=4 (429=311956 403=0 5xx=61836 to=204 conn=0) empty=5326 cross=0 gor=156
[05:49:50 load ] offered=      42/s push=      42/s pop=      42/s ack=      42/s shed=      0/s inflight=    0 | e2e p50=  12.86 p99=  142.34 ms | pushRTT p50=  5.47 p99=  40.70 ms | lag=-94 | err push=10696 pop=363296 ack=4 (429=311956 403=0 5xx=61836 to=204 conn=0) empty=5379 cross=0 gor=156
[05:54:50 load ] offered=      42/s push=      42/s pop=      42/s ack=      42/s shed=      0/s inflight=    0 | e2e p50=  14.53 p99=  128.51 ms | pushRTT p50=  5.98 p99=  52.99 ms | lag=-94 | err push=10696 pop=363296 ack=4 (429=311956 403=0 5xx=61836 to=204 conn=0) empty=5424 cross=0 gor=156
[05:59:50 load ] offered=      42/s push=      42/s pop=      42/s ack=      42/s shed=      0/s inflight=    0 | e2e p50=  12.48 p99= 6979.58 ms | pushRTT p50=  5.02 p99=6389.76 ms | lag=-94 | err push=10696 pop=363297 ack=4 (429=311956 403=0 5xx=61836 to=205 conn=0) empty=5511 cross=0 gor=156
[06:04:50 load ] offered=      42/s push=      42/s pop=      42/s ack=      42/s shed=      0/s inflight=    0 | e2e p50=  12.74 p99=  481.28 ms | pushRTT p50=  5.15 p99=  86.53 ms | lag=-94 | err push=10696 pop=363297 ack=4 (429=311956 403=0 5xx=61836 to=205 conn=0) empty=5565 cross=0 gor=156
[06:09:50 load ] offered=      42/s push=      42/s pop=      42/s ack=      42/s shed=      0/s inflight=    0 | e2e p50=  11.58 p99=  117.25 ms | pushRTT p50=  4.58 p99=  31.10 ms | lag=-94 | err push=10696 pop=363297 ack=4 (429=311956 403=0 5xx=61836 to=205 conn=0) empty=5632 cross=0 gor=156
[06:14:50 load ] offered=      42/s push=      42/s pop=      42/s ack=      42/s shed=      0/s inflight=    0 | e2e p50=  14.78 p99=  440.32 ms | pushRTT p50=  6.18 p99= 105.98 ms | lag=-94 | err push=10696 pop=363297 ack=4 (429=311956 403=0 5xx=61836 to=205 conn=0) empty=5685 cross=0 gor=156
[06:19:50 load ] offered=      42/s push=      42/s pop=      42/s ack=      42/s shed=      0/s inflight=    0 | e2e p50=  11.46 p99=   99.84 ms | pushRTT p50=  4.45 p99=  34.56 ms | lag=-94 | err push=10696 pop=363297 ack=4 (429=311956 403=0 5xx=61836 to=205 conn=0) empty=5745 cross=0 gor=156
[06:24:50 load ] offered=      42/s push=      42/s pop=      42/s ack=      42/s shed=      0/s inflight=    0 | e2e p50=  12.99 p99=  432.13 ms | pushRTT p50=  5.15 p99=  87.55 ms | lag=-94 | err push=10696 pop=363297 ack=4 (429=311956 403=0 5xx=61836 to=205 conn=0) empty=5787 cross=0 gor=156
[06:29:50 load ] offered=      42/s push=      42/s pop=      42/s ack=      42/s shed=      0/s inflight=    0 | e2e p50=  11.46 p99=  121.34 ms | pushRTT p50=  4.51 p99=  34.56 ms | lag=-94 | err push=10696 pop=363297 ack=4 (429=311956 403=0 5xx=61836 to=205 conn=0) empty=5847 cross=0 gor=156
[06:34:50 load ] offered=      42/s push=      42/s pop=      42/s ack=      42/s shed=      0/s inflight=    0 | e2e p50=  13.12 p99=  391.17 ms | pushRTT p50=  5.22 p99=  90.62 ms | lag=-94 | err push=10696 pop=363297 ack=4 (429=311956 403=0 5xx=61836 to=205 conn=0) empty=5899 cross=0 gor=156
[06:39:50 load ] offered=      42/s push=      42/s pop=      42/s ack=      42/s shed=      0/s inflight=    0 | e2e p50=  11.07 p99=  109.06 ms | pushRTT p50=  4.19 p99=  30.34 ms | lag=-89 | err push=10696 pop=363297 ack=4 (429=311956 403=0 5xx=61836 to=205 conn=0) empty=5970 cross=0 gor=156
[06:44:50 load ] offered=      42/s push=      42/s pop=      43/s ack=      43/s shed=      0/s inflight=    2 | e2e p50=  18.05 p99=  473.09 ms | pushRTT p50=  7.52 p99= 126.46 ms | lag=-93 | err push=10696 pop=363297 ack=4 (429=311956 403=0 5xx=61836 to=205 conn=0) empty=6011 cross=0 gor=158
[06:49:50 load ] offered=      42/s push=      42/s pop=      42/s ack=      42/s shed=      0/s inflight=    2 | e2e p50=  12.99 p99=  552.96 ms | pushRTT p50=  5.22 p99= 183.30 ms | lag=-91 | err push=10696 pop=363297 ack=4 (429=311956 403=0 5xx=61836 to=205 conn=0) empty=6066 cross=0 gor=162
[06:54:50 load ] offered=      42/s push=      30/s pop=      33/s ack=      33/s shed=      7/s inflight=    0 | e2e p50=  22.66 p99=95944.70 ms | pushRTT p50=  8.16 p99=12517.38 ms | lag=-910 | err push=12129 pop=381803 ack=4 (429=324834 403=0 5xx=68657 to=445 conn=0) empty=6327 cross=0 gor=326
[06:59:50 load ] offered=      42/s push=      42/s pop=      42/s ack=      42/s shed=      0/s inflight=    0 | e2e p50=  11.33 p99=  103.94 ms | pushRTT p50=  4.38 p99=  32.13 ms | lag=-910 | err push=12129 pop=381803 ack=4 (429=324834 403=0 5xx=68657 to=445 conn=0) empty=6407 cross=0 gor=156
[07:04:50 load ] offered=      42/s push=      38/s pop=      39/s ack=      39/s shed=      3/s inflight=    0 | e2e p50=  12.74 p99=46399.49 ms | pushRTT p50=  5.28 p99=14090.24 ms | lag=-1119 | err push=12454 pop=381970 ack=4 (429=324834 403=0 5xx=68836 to=758 conn=0) empty=6493 cross=0 gor=158
[07:09:50 load ] offered=      42/s push=      42/s pop=      43/s ack=      43/s shed=      0/s inflight=    0 | e2e p50=  15.55 p99=  130.56 ms | pushRTT p50=  7.20 p99=  37.12 ms | lag=-1123 | err push=12454 pop=381970 ack=4 (429=324834 403=0 5xx=68836 to=758 conn=0) empty=6624 cross=0 gor=156
[07:14:50 load ] offered=      42/s push=      42/s pop=      43/s ack=      42/s shed=      0/s inflight=    0 | e2e p50=  20.35 p99=  257.02 ms | pushRTT p50= 10.05 p99=  79.36 ms | lag=-1124 | err push=12454 pop=381970 ack=4 (429=324834 403=0 5xx=68836 to=758 conn=0) empty=6719 cross=0 gor=156
[07:19:50 load ] offered=      42/s push=      42/s pop=      42/s ack=      43/s shed=      0/s inflight=    0 | e2e p50=  24.96 p99=  288.77 ms | pushRTT p50= 11.46 p99=  75.26 ms | lag=-1124 | err push=12454 pop=381970 ack=4 (429=324834 403=0 5xx=68836 to=758 conn=0) empty=6811 cross=0 gor=156
[07:24:50 load ] offered=      42/s push=      42/s pop=      42/s ack=      42/s shed=      0/s inflight=    0 | e2e p50=  17.54 p99=  350.21 ms | pushRTT p50=  8.26 p99=  48.90 ms | lag=-1124 | err push=12454 pop=381970 ack=4 (429=324834 403=0 5xx=68836 to=758 conn=0) empty=6916 cross=0 gor=156
[07:29:50 load ] offered=      42/s push=      42/s pop=      42/s ack=      42/s shed=      0/s inflight=    0 | e2e p50=  21.89 p99=  189.44 ms | pushRTT p50= 10.05 p99=  67.07 ms | lag=-1124 | err push=12454 pop=381970 ack=4 (429=324834 403=0 5xx=68836 to=758 conn=0) empty=7005 cross=0 gor=156
[07:34:50 load ] offered=      42/s push=      42/s pop=      42/s ack=      42/s shed=      0/s inflight=    0 | e2e p50=  17.28 p99=  407.55 ms | pushRTT p50=  7.97 p99=  53.50 ms | lag=-1124 | err push=12454 pop=381970 ack=4 (429=324834 403=0 5xx=68836 to=758 conn=0) empty=7111 cross=0 gor=156
[07:39:50 load ] offered=      42/s push=      42/s pop=      42/s ack=      42/s shed=      0/s inflight=    4 | e2e p50=  70.14 p99=  888.83 ms | pushRTT p50= 26.75 p99= 528.38 ms | lag=-1122 | err push=12454 pop=381970 ack=4 (429=324834 403=0 5xx=68836 to=758 conn=0) empty=7156 cross=0 gor=208
[07:44:50 load ] offered=      42/s push=      27/s pop=      27/s ack=      27/s shed=      0/s inflight=    0 | e2e p50=  55.04 p99=22151.17 ms | pushRTT p50= 18.56 p99=20054.02 ms | lag=-1139 | err push=16966 pop=526411 ack=19 (429=447480 403=0 5xx=95158 to=758 conn=0) empty=7183 cross=0 gor=156
[07:49:50 load ] offered=      42/s push=      42/s pop=      42/s ack=      42/s shed=      0/s inflight=    0 | e2e p50=  20.35 p99=  370.69 ms | pushRTT p50=  9.02 p99=  55.55 ms | lag=-1139 | err push=16966 pop=526411 ack=19 (429=447480 403=0 5xx=95158 to=758 conn=0) empty=7218 cross=0 gor=156
[07:54:50 load ] offered=      42/s push=      42/s pop=      42/s ack=      42/s shed=      0/s inflight=    0 | e2e p50=  17.79 p99=  403.46 ms | pushRTT p50=  8.16 p99=  51.46 ms | lag=-1139 | err push=16966 pop=526411 ack=19 (429=447480 403=0 5xx=95158 to=758 conn=0) empty=7255 cross=0 gor=156
[07:59:50 load ] offered=      42/s push=      42/s pop=      42/s ack=      42/s shed=      0/s inflight=    0 | e2e p50=  24.96 p99=  329.73 ms | pushRTT p50= 10.69 p99=  67.07 ms | lag=-1139 | err push=16966 pop=526411 ack=19 (429=447480 403=0 5xx=95158 to=758 conn=0) empty=7288 cross=0 gor=156
[08:04:50 load ] offered=      42/s push=      42/s pop=      42/s ack=      42/s shed=      0/s inflight=    0 | e2e p50=  23.42 p99=  242.69 ms | pushRTT p50= 10.18 p99=  64.77 ms | lag=-1139 | err push=16966 pop=526411 ack=19 (429=447480 403=0 5xx=95158 to=758 conn=0) empty=7317 cross=0 gor=156
[08:09:50 load ] offered=      42/s push=      42/s pop=      42/s ack=      42/s shed=      0/s inflight=    0 | e2e p50=  20.10 p99=  374.78 ms | pushRTT p50=  9.02 p99=  61.70 ms | lag=-1139 | err push=16966 pop=526411 ack=19 (429=447480 403=0 5xx=95158 to=758 conn=0) empty=7353 cross=0 gor=156
[08:14:50 load ] offered=      42/s push=      42/s pop=      42/s ack=      42/s shed=      0/s inflight=    0 | e2e p50=  25.22 p99=  346.11 ms | pushRTT p50= 11.58 p99=  62.72 ms | lag=-1139 | err push=16966 pop=526411 ack=19 (429=447480 403=0 5xx=95158 to=758 conn=0) empty=7383 cross=0 gor=156
[08:19:50 load ] offered=      42/s push=      42/s pop=      42/s ack=      42/s shed=      0/s inflight=    0 | e2e p50=  23.94 p99=  399.36 ms | pushRTT p50= 10.30 p99=  67.07 ms | lag=-1139 | err push=16966 pop=526411 ack=19 (429=447480 403=0 5xx=95158 to=758 conn=0) empty=7415 cross=0 gor=156
[08:24:50 load ] offered=      42/s push=      36/s pop=      37/s ack=      37/s shed=      1/s inflight=    0 | e2e p50=  17.02 p99=51642.37 ms | pushRTT p50=  7.14 p99=6520.83 ms | lag=-1366 | err push=18522 pop=569656 ack=19 (429=483544 403=0 5xx=103851 to=802 conn=0) empty=7450 cross=0 gor=360
[08:29:50 load ] offered=      42/s push=      42/s pop=      43/s ack=      43/s shed=      0/s inflight=    0 | e2e p50=  11.71 p99=  250.88 ms | pushRTT p50=  4.77 p99=  36.61 ms | lag=-1394 | err push=18522 pop=569656 ack=19 (429=483544 403=0 5xx=103851 to=802 conn=0) empty=7528 cross=0 gor=160
[08:34:50 load ] offered=      42/s push=      42/s pop=      42/s ack=      42/s shed=      0/s inflight=    0 | e2e p50=  12.99 p99=  296.96 ms | pushRTT p50=  5.22 p99=  63.74 ms | lag=-1394 | err push=18522 pop=569656 ack=19 (429=483544 403=0 5xx=103851 to=802 conn=0) empty=7593 cross=0 gor=156
[08:39:50 load ] offered=      42/s push=      42/s pop=      42/s ack=      42/s shed=      0/s inflight=    0 | e2e p50=  11.84 p99=  160.77 ms | pushRTT p50=  4.83 p99=  47.36 ms | lag=-1394 | err push=18522 pop=569656 ack=19 (429=483544 403=0 5xx=103851 to=802 conn=0) empty=7656 cross=0 gor=160
[08:44:50 load ] offered=      42/s push=      42/s pop=      42/s ack=      42/s shed=      0/s inflight=    0 | e2e p50=  13.76 p99=  411.65 ms | pushRTT p50=  5.92 p99=  68.10 ms | lag=-1394 | err push=18522 pop=569656 ack=19 (429=483544 403=0 5xx=103851 to=802 conn=0) empty=7707 cross=0 gor=156
[08:49:50 load ] offered=      42/s push=      42/s pop=      42/s ack=      42/s shed=      0/s inflight=    1 | e2e p50=  13.25 p99=  350.21 ms | pushRTT p50=  5.41 p99=  55.55 ms | lag=-1393 | err push=18522 pop=569656 ack=19 (429=483544 403=0 5xx=103851 to=802 conn=0) empty=7757 cross=0 gor=157
[08:54:50 load ] offered=      42/s push=      43/s pop=      43/s ack=      43/s shed=      0/s inflight=    0 | e2e p50=  13.63 p99=  276.48 ms | pushRTT p50=  5.60 p99=  61.70 ms | lag=-1394 | err push=18522 pop=569656 ack=19 (429=483544 403=0 5xx=103851 to=802 conn=0) empty=7814 cross=0 gor=156
[08:59:50 load ] offered=      42/s push=      42/s pop=      42/s ack=      42/s shed=      0/s inflight=    0 | e2e p50=  13.25 p99=  346.11 ms | pushRTT p50=  5.28 p99=  61.18 ms | lag=-1393 | err push=18522 pop=569656 ack=19 (429=483544 403=0 5xx=103851 to=802 conn=0) empty=7868 cross=0 gor=156
[09:04:50 load ] offered=      42/s push=      42/s pop=      43/s ack=      43/s shed=      0/s inflight=    0 | e2e p50=  12.61 p99=  218.11 ms | pushRTT p50=  5.02 p99=  52.48 ms | lag=-1394 | err push=18522 pop=569656 ack=19 (429=483544 403=0 5xx=103851 to=802 conn=0) empty=7930 cross=0 gor=156
[09:09:50 load ] offered=      42/s push=      42/s pop=      42/s ack=      42/s shed=      0/s inflight=    0 | e2e p50=  12.99 p99=  473.09 ms | pushRTT p50=  5.34 p99=  75.26 ms | lag=-1394 | err push=18522 pop=569656 ack=19 (429=483544 403=0 5xx=103851 to=802 conn=0) empty=7996 cross=0 gor=156
[09:14:50 load ] offered=      42/s push=      42/s pop=      42/s ack=      42/s shed=      0/s inflight=    0 | e2e p50=  13.50 p99=  129.54 ms | pushRTT p50=  5.79 p99=  47.87 ms | lag=-1394 | err push=18522 pop=569656 ack=19 (429=483544 403=0 5xx=103851 to=802 conn=0) empty=8061 cross=0 gor=156
[09:19:50 load ] offered=      42/s push=      42/s pop=      42/s ack=      42/s shed=      0/s inflight=    0 | e2e p50=  13.76 p99=  354.30 ms | pushRTT p50=  5.86 p99=  86.53 ms | lag=-1394 | err push=18522 pop=569656 ack=19 (429=483544 403=0 5xx=103851 to=802 conn=0) empty=8139 cross=0 gor=162
[09:24:50 load ] offered=      42/s push=      42/s pop=      42/s ack=      42/s shed=      0/s inflight=    0 | e2e p50=  13.50 p99=  191.49 ms | pushRTT p50=  5.60 p99=  48.38 ms | lag=-1394 | err push=18522 pop=569656 ack=19 (429=483544 403=0 5xx=103851 to=802 conn=0) empty=8215 cross=0 gor=156
[09:29:50 load ] offered=      42/s push=      42/s pop=      42/s ack=      42/s shed=      0/s inflight=    3 | e2e p50=  12.86 p99=  528.38 ms | pushRTT p50=  5.34 p99=  87.55 ms | lag=-1387 | err push=18522 pop=569656 ack=19 (429=483544 403=0 5xx=103851 to=802 conn=0) empty=8292 cross=0 gor=159
[09:34:50 load ] offered=      42/s push=      43/s pop=      43/s ack=      43/s shed=      0/s inflight=    0 | e2e p50=  12.61 p99=  216.06 ms | pushRTT p50=  5.28 p99=  49.41 ms | lag=-1394 | err push=18522 pop=569656 ack=19 (429=483544 403=0 5xx=103851 to=802 conn=0) empty=8367 cross=0 gor=156
[09:39:50 load ] offered=      42/s push=      42/s pop=      42/s ack=      42/s shed=      0/s inflight=    0 | e2e p50=  12.61 p99=  452.61 ms | pushRTT p50=  5.28 p99=  88.58 ms | lag=-1376 | err push=18522 pop=569656 ack=19 (429=483544 403=0 5xx=103851 to=802 conn=0) empty=8442 cross=0 gor=156
[09:44:50 load ] offered=      42/s push=      42/s pop=      43/s ack=      43/s shed=      0/s inflight=    0 | e2e p50=  15.81 p99=  362.50 ms | pushRTT p50=  6.88 p99=  70.14 ms | lag=-1394 | err push=18522 pop=569656 ack=19 (429=483544 403=0 5xx=103851 to=802 conn=0) empty=8498 cross=0 gor=160
[09:49:50 load ] offered=      42/s push=      42/s pop=      42/s ack=      42/s shed=      0/s inflight=    3 | e2e p50=  14.14 p99=  415.74 ms | pushRTT p50=  5.79 p99=  56.06 ms | lag=-1392 | err push=18522 pop=569656 ack=19 (429=483544 403=0 5xx=103851 to=802 conn=0) empty=8556 cross=0 gor=159
[09:54:50 load ] offered=      42/s push=      43/s pop=      43/s ack=      43/s shed=      0/s inflight=    0 | e2e p50=  13.76 p99=  342.02 ms | pushRTT p50=  5.66 p99=  80.38 ms | lag=-1394 | err push=18522 pop=569656 ack=19 (429=483544 403=0 5xx=103851 to=802 conn=0) empty=8625 cross=0 gor=156
[09:59:50 load ] offered=      42/s push=      42/s pop=      42/s ack=      42/s shed=      0/s inflight=    5 | e2e p50=  13.50 p99=  391.17 ms | pushRTT p50=  5.60 p99=  56.58 ms | lag=-1378 | err push=18522 pop=569656 ack=19 (429=483544 403=0 5xx=103851 to=802 conn=0) empty=8695 cross=0 gor=161
[10:04:50 load ] offered=      42/s push=      43/s pop=      43/s ack=      43/s shed=      0/s inflight=    0 | e2e p50=  12.48 p99=  370.69 ms | pushRTT p50=  5.22 p99=  65.28 ms | lag=-1393 | err push=18522 pop=569656 ack=19 (429=483544 403=0 5xx=103851 to=802 conn=0) empty=8777 cross=0 gor=156
[10:09:50 load ] offered=      42/s push=      42/s pop=      43/s ack=      43/s shed=      0/s inflight=    0 | e2e p50=  12.48 p99=  272.38 ms | pushRTT p50=  5.09 p99=  59.14 ms | lag=-1394 | err push=18522 pop=569656 ack=19 (429=483544 403=0 5xx=103851 to=802 conn=0) empty=8866 cross=0 gor=166
[10:14:50 load ] offered=      42/s push=      42/s pop=      42/s ack=      42/s shed=      0/s inflight=    0 | e2e p50=  14.78 p99=  280.58 ms | pushRTT p50=  6.50 p99=  73.22 ms | lag=-1394 | err push=18522 pop=569656 ack=19 (429=483544 403=0 5xx=103851 to=802 conn=0) empty=8920 cross=0 gor=156
[10:19:50 load ] offered=      42/s push=      42/s pop=      42/s ack=      43/s shed=      0/s inflight=    0 | e2e p50=  13.89 p99=  148.48 ms | pushRTT p50=  5.73 p99=  43.78 ms | lag=-1394 | err push=18522 pop=569656 ack=19 (429=483544 403=0 5xx=103851 to=802 conn=0) empty=8990 cross=0 gor=156
[10:24:50 load ] offered=      42/s push=      42/s pop=      42/s ack=      42/s shed=      0/s inflight=    0 | e2e p50=  14.02 p99=  284.67 ms | pushRTT p50=  5.79 p99=  67.07 ms | lag=-1394 | err push=18522 pop=569656 ack=19 (429=483544 403=0 5xx=103851 to=802 conn=0) empty=9038 cross=0 gor=156
[10:29:50 load ] offered=      42/s push=      42/s pop=      42/s ack=      42/s shed=      0/s inflight=    0 | e2e p50=  13.25 p99=  242.69 ms | pushRTT p50=  5.41 p99=  50.94 ms | lag=-1394 | err push=18522 pop=569656 ack=19 (429=483544 403=0 5xx=103851 to=802 conn=0) empty=9096 cross=0 gor=156
[10:34:50 load ] offered=      42/s push=      42/s pop=      42/s ack=      42/s shed=      0/s inflight=    0 | e2e p50=  13.63 p99=  296.96 ms | pushRTT p50=  5.60 p99=  71.17 ms | lag=-1394 | err push=18522 pop=569656 ack=19 (429=483544 403=0 5xx=103851 to=802 conn=0) empty=9150 cross=0 gor=156
[10:39:50 load ] offered=      42/s push=      42/s pop=      42/s ack=      42/s shed=      0/s inflight=    0 | e2e p50=  12.48 p99=   76.29 ms | pushRTT p50=  5.09 p99=  32.64 ms | lag=-1394 | err push=18522 pop=569656 ack=19 (429=483544 403=0 5xx=103851 to=802 conn=0) empty=9221 cross=0 gor=156
[10:44:50 load ] offered=      42/s push=      42/s pop=      42/s ack=      42/s shed=      0/s inflight=    0 | e2e p50=  37.63 p99= 1761.28 ms | pushRTT p50= 14.78 p99=1318.91 ms | lag=-1394 | err push=18522 pop=569656 ack=19 (429=483544 403=0 5xx=103851 to=802 conn=0) empty=9246 cross=0 gor=158
[10:49:50 load ] offered=      42/s push=      42/s pop=      42/s ack=      42/s shed=      0/s inflight=    0 | e2e p50=  17.02 p99= 1155.07 ms | pushRTT p50=  7.01 p99= 321.54 ms | lag=-1382 | err push=18525 pop=569690 ack=19 (429=483544 403=0 5xx=103888 to=802 conn=0) empty=9292 cross=0 gor=158
[10:54:50 load ] offered=      42/s push=      42/s pop=      43/s ack=      43/s shed=      0/s inflight=    0 | e2e p50=  17.02 p99=  561.15 ms | pushRTT p50=  6.82 p99=  84.48 ms | lag=-1394 | err push=18525 pop=569690 ack=19 (429=483544 403=0 5xx=103888 to=802 conn=0) empty=9330 cross=0 gor=156
[10:59:50 load ] offered=      42/s push=      42/s pop=      42/s ack=      42/s shed=      0/s inflight=    0 | e2e p50=  16.06 p99=  358.40 ms | pushRTT p50=  6.56 p99=  58.62 ms | lag=-1394 | err push=18525 pop=569690 ack=19 (429=483544 403=0 5xx=103888 to=802 conn=0) empty=9373 cross=0 gor=156
[11:04:50 load ] offered=      42/s push=      42/s pop=      42/s ack=      42/s shed=      0/s inflight=    0 | e2e p50=  14.91 p99=  366.59 ms | pushRTT p50=  5.98 p99=  79.36 ms | lag=-1394 | err push=18525 pop=569690 ack=19 (429=483544 403=0 5xx=103888 to=802 conn=0) empty=9417 cross=0 gor=156
[11:09:50 load ] offered=      42/s push=      42/s pop=      42/s ack=      42/s shed=      0/s inflight=    0 | e2e p50=  16.32 p99=  399.36 ms | pushRTT p50=  6.82 p99=  80.38 ms | lag=-1394 | err push=18525 pop=569690 ack=19 (429=483544 403=0 5xx=103888 to=802 conn=0) empty=9457 cross=0 gor=162
[11:14:50 load ] offered=      42/s push=      42/s pop=      42/s ack=      43/s shed=      0/s inflight=    0 | e2e p50=  27.52 p99=  610.30 ms | pushRTT p50= 11.33 p99= 126.46 ms | lag=-1394 | err push=18525 pop=569690 ack=19 (429=483544 403=0 5xx=103888 to=802 conn=0) empty=9485 cross=0 gor=156
[11:19:50 load ] offered=      42/s push=      42/s pop=      42/s ack=      42/s shed=      0/s inflight=    0 | e2e p50=  15.81 p99=  350.21 ms | pushRTT p50=  6.37 p99=  67.07 ms | lag=-1391 | err push=18525 pop=569690 ack=19 (429=483544 403=0 5xx=103888 to=802 conn=0) empty=9525 cross=0 gor=156
[11:24:50 load ] offered=      42/s push=      42/s pop=      43/s ack=      43/s shed=      0/s inflight=    0 | e2e p50=  15.42 p99=  362.50 ms | pushRTT p50=  6.18 p99=  68.10 ms | lag=-1394 | err push=18525 pop=569690 ack=19 (429=483544 403=0 5xx=103888 to=802 conn=0) empty=9568 cross=0 gor=156
[11:29:50 load ] offered=      42/s push=      42/s pop=      42/s ack=      42/s shed=      0/s inflight=    0 | e2e p50=  13.76 p99=  105.98 ms | pushRTT p50=  5.41 p99=  31.10 ms | lag=-1390 | err push=18525 pop=569690 ack=19 (429=483544 403=0 5xx=103888 to=802 conn=0) empty=9611 cross=0 gor=156
[11:34:50 load ] offered=      42/s push=      42/s pop=      43/s ack=      43/s shed=      0/s inflight=    0 | e2e p50=  14.66 p99=  276.48 ms | pushRTT p50=  5.86 p99=  56.06 ms | lag=-1394 | err push=18525 pop=569690 ack=19 (429=483544 403=0 5xx=103888 to=802 conn=0) empty=9657 cross=0 gor=156
[11:39:50 load ] offered=      42/s push=      42/s pop=      42/s ack=      42/s shed=      0/s inflight=    0 | e2e p50=  14.66 p99=  452.61 ms | pushRTT p50=  5.92 p99=  88.58 ms | lag=-1394 | err push=18525 pop=569690 ack=19 (429=483544 403=0 5xx=103888 to=802 conn=0) empty=9706 cross=0 gor=158
[11:44:50 load ] offered=      42/s push=      42/s pop=      42/s ack=      42/s shed=      0/s inflight=    0 | e2e p50=  17.28 p99=  522.24 ms | pushRTT p50=  7.20 p99=  70.14 ms | lag=-1394 | err push=18525 pop=569690 ack=19 (429=483544 403=0 5xx=103888 to=802 conn=0) empty=9742 cross=0 gor=156
[11:49:50 load ] offered=      42/s push=      42/s pop=      42/s ack=      42/s shed=      0/s inflight=    0 | e2e p50=  15.17 p99=  444.42 ms | pushRTT p50=  6.18 p99=  64.77 ms | lag=-1394 | err push=18525 pop=569690 ack=19 (429=483544 403=0 5xx=103888 to=802 conn=0) empty=9788 cross=0 gor=166
[11:54:50 load ] offered=      42/s push=      42/s pop=      42/s ack=      43/s shed=      0/s inflight=    0 | e2e p50=  15.68 p99=  419.84 ms | pushRTT p50=  6.37 p99=  73.22 ms | lag=-1394 | err push=18525 pop=569690 ack=19 (429=483544 403=0 5xx=103888 to=802 conn=0) empty=9826 cross=0 gor=156
[11:59:50 load ] offered=      42/s push=      42/s pop=      42/s ack=      42/s shed=      0/s inflight=    0 | e2e p50=  17.28 p99=  528.38 ms | pushRTT p50=  6.94 p99=  52.99 ms | lag=-1394 | err push=18525 pop=569690 ack=19 (429=483544 403=0 5xx=103888 to=802 conn=0) empty=9864 cross=0 gor=156
[12:04:50 load ] offered=      42/s push=      42/s pop=      42/s ack=      42/s shed=      0/s inflight=    0 | e2e p50=  15.55 p99=  509.95 ms | pushRTT p50=  6.30 p99=  70.14 ms | lag=-1394 | err push=18525 pop=569690 ack=19 (429=483544 403=0 5xx=103888 to=802 conn=0) empty=9899 cross=0 gor=156
[12:09:50 load ] offered=      42/s push=      42/s pop=      42/s ack=      42/s shed=      0/s inflight=    3 | e2e p50=  14.27 p99=  103.94 ms | pushRTT p50=  5.73 p99=  37.63 ms | lag=-1388 | err push=18525 pop=569690 ack=19 (429=483544 403=0 5xx=103888 to=802 conn=0) empty=9937 cross=0 gor=159
[12:14:50 load ] offered=      42/s push=      43/s pop=      43/s ack=      43/s shed=      0/s inflight=    0 | e2e p50=  20.10 p99=  452.61 ms | pushRTT p50=  8.38 p99=  85.50 ms | lag=-1394 | err push=18525 pop=569690 ack=19 (429=483544 403=0 5xx=103888 to=802 conn=0) empty=9970 cross=0 gor=156
[12:19:50 load ] offered=      42/s push=      42/s pop=      42/s ack=      42/s shed=      0/s inflight=    7 | e2e p50=  18.30 p99=  366.59 ms | pushRTT p50=  7.39 p99=  60.16 ms | lag=-1382 | err push=18525 pop=569690 ack=19 (429=483544 403=0 5xx=103888 to=802 conn=0) empty=10007 cross=0 gor=163
[12:24:50 load ] offered=      42/s push=      43/s pop=      43/s ack=      43/s shed=      0/s inflight=    0 | e2e p50=  20.10 p99=  407.55 ms | pushRTT p50=  7.97 p99=  81.41 ms | lag=-1394 | err push=18525 pop=569690 ack=19 (429=483544 403=0 5xx=103888 to=802 conn=0) empty=10042 cross=0 gor=156
[12:29:50 load ] offered=      42/s push=      42/s pop=      42/s ack=      42/s shed=      0/s inflight=    0 | e2e p50=  15.17 p99=  354.30 ms | pushRTT p50=  6.11 p99=  64.77 ms | lag=-1394 | err push=18525 pop=569690 ack=19 (429=483544 403=0 5xx=103888 to=802 conn=0) empty=10077 cross=0 gor=158
[12:34:50 load ] offered=      42/s push=      42/s pop=      42/s ack=      42/s shed=      0/s inflight=    0 | e2e p50=  15.55 p99=  477.18 ms | pushRTT p50=  6.37 p99=  65.28 ms | lag=-1394 | err push=18525 pop=569690 ack=19 (429=483544 403=0 5xx=103888 to=802 conn=0) empty=10114 cross=0 gor=156
[12:39:50 load ] offered=      42/s push=      42/s pop=      42/s ack=      42/s shed=      0/s inflight=    0 | e2e p50=  14.27 p99=  102.91 ms | pushRTT p50=  5.73 p99=  36.10 ms | lag=-1394 | err push=18525 pop=569690 ack=19 (429=483544 403=0 5xx=103888 to=802 conn=0) empty=10162 cross=0 gor=156
[12:44:50 load ] offered=      42/s push=      42/s pop=      42/s ack=      43/s shed=      0/s inflight=    0 | e2e p50=  20.35 p99=  428.03 ms | pushRTT p50=  8.26 p99=  83.46 ms | lag=-1394 | err push=18525 pop=569690 ack=19 (429=483544 403=0 5xx=103888 to=802 conn=0) empty=10201 cross=0 gor=156
[12:49:50 load ] offered=      42/s push=      42/s pop=      42/s ack=      42/s shed=      0/s inflight=   23 | e2e p50=  20.86 p99=  872.45 ms | pushRTT p50=  8.51 p99= 428.03 ms | lag=-1391 | err push=18525 pop=569690 ack=19 (429=483544 403=0 5xx=103888 to=802 conn=0) empty=10236 cross=0 gor=253
[12:54:50 load ] offered=      42/s push=      43/s pop=      43/s ack=      43/s shed=      0/s inflight=    0 | e2e p50=  30.08 p99=  577.54 ms | pushRTT p50= 12.48 p99= 325.63 ms | lag=-1394 | err push=18525 pop=569690 ack=19 (429=483544 403=0 5xx=103888 to=802 conn=0) empty=10263 cross=0 gor=156
[12:59:50 load ] offered=      42/s push=      35/s pop=      35/s ack=      35/s shed=      1/s inflight=    0 | e2e p50=  14.40 p99=   74.24 ms | pushRTT p50=  5.86 p99=  37.12 ms | lag=-1378 | err push=20323 pop=625413 ack=19 (429=530366 403=0 5xx=114561 to=828 conn=0) empty=10322 cross=0 gor=326
[13:04:50 load ] offered=      42/s push=      39/s pop=      40/s ack=      40/s shed=      1/s inflight=    0 | e2e p50=  24.70 p99=85458.94 ms | pushRTT p50=  8.90 p99=10289.15 ms | lag=-1647 | err push=21029 pop=650828 ack=20 (429=552128 403=0 5xx=118887 to=862 conn=0) empty=10353 cross=0 gor=250
[13:09:50 load ] offered=      42/s push=      42/s pop=      43/s ack=      43/s shed=      0/s inflight=    0 | e2e p50=  17.54 p99=  354.30 ms | pushRTT p50=  7.33 p99=  58.11 ms | lag=-1649 | err push=21029 pop=650828 ack=20 (429=552128 403=0 5xx=118887 to=862 conn=0) empty=10395 cross=0 gor=158
[13:14:50 load ] offered=      42/s push=      42/s pop=      42/s ack=      42/s shed=      0/s inflight=    0 | e2e p50=  21.38 p99=  403.46 ms | pushRTT p50=  9.28 p99=  75.26 ms | lag=-1649 | err push=21029 pop=650828 ack=20 (429=552128 403=0 5xx=118887 to=862 conn=0) empty=10439 cross=0 gor=156
[13:19:50 load ] offered=      42/s push=      42/s pop=      42/s ack=      43/s shed=      0/s inflight=    0 | e2e p50=  18.82 p99=  366.59 ms | pushRTT p50=  7.78 p99=  59.14 ms | lag=-1649 | err push=21029 pop=650828 ack=20 (429=552128 403=0 5xx=118887 to=862 conn=0) empty=10484 cross=0 gor=156
[13:24:50 load ] offered=      42/s push=      42/s pop=      42/s ack=      42/s shed=      0/s inflight=    0 | e2e p50=  19.33 p99=  333.82 ms | pushRTT p50=  8.03 p99=  71.17 ms | lag=-1649 | err push=21029 pop=650828 ack=20 (429=552128 403=0 5xx=118887 to=862 conn=0) empty=10523 cross=0 gor=156
[13:29:50 load ] offered=      42/s push=      42/s pop=      42/s ack=      42/s shed=      0/s inflight=    0 | e2e p50=  15.55 p99=  350.21 ms | pushRTT p50=  6.43 p99=  67.07 ms | lag=-1649 | err push=21029 pop=650828 ack=20 (429=552128 403=0 5xx=118887 to=862 conn=0) empty=10565 cross=0 gor=156
[13:34:50 load ] offered=      42/s push=      42/s pop=      42/s ack=      42/s shed=      0/s inflight=    0 | e2e p50=  17.79 p99=  509.95 ms | pushRTT p50=  6.82 p99=  96.77 ms | lag=-1651 | err push=21031 pop=650862 ack=20 (429=552128 403=0 5xx=118923 to=862 conn=0) empty=10620 cross=0 gor=156
[13:39:50 load ] offered=      42/s push=      42/s pop=      42/s ack=      42/s shed=      0/s inflight=    0 | e2e p50=  15.17 p99=  387.07 ms | pushRTT p50=  5.92 p99=  58.11 ms | lag=-1651 | err push=21031 pop=650862 ack=20 (429=552128 403=0 5xx=118923 to=862 conn=0) empty=10674 cross=0 gor=158
[13:44:50 load ] offered=      42/s push=      42/s pop=      42/s ack=      42/s shed=      0/s inflight=    0 | e2e p50=  18.82 p99=  288.77 ms | pushRTT p50=  7.65 p99=  69.12 ms | lag=-1651 | err push=21031 pop=650862 ack=20 (429=552128 403=0 5xx=118923 to=862 conn=0) empty=10729 cross=0 gor=156
[13:49:50 load ] offered=      42/s push=      42/s pop=      42/s ack=      42/s shed=      0/s inflight=    0 | e2e p50=  16.32 p99=  382.98 ms | pushRTT p50=  6.37 p99=  56.06 ms | lag=-1651 | err push=21031 pop=650862 ack=20 (429=552128 403=0 5xx=118923 to=862 conn=0) empty=10791 cross=0 gor=156
[13:54:50 load ] offered=      42/s push=      42/s pop=      42/s ack=      42/s shed=      0/s inflight=    0 | e2e p50=  25.22 p99=  452.61 ms | pushRTT p50=  9.66 p99=  93.70 ms | lag=-1651 | err push=21031 pop=650862 ack=20 (429=552128 403=0 5xx=118923 to=862 conn=0) empty=10833 cross=0 gor=156
[13:59:50 load ] offered=      42/s push=      42/s pop=      42/s ack=      42/s shed=      0/s inflight=   39 | e2e p50=  15.55 p99=  970.75 ms | pushRTT p50=  6.30 p99= 643.07 ms | lag=-1647 | err push=21031 pop=650862 ack=20 (429=552128 403=0 5xx=118923 to=862 conn=0) empty=10903 cross=0 gor=315
[14:04:50 load ] offered=      42/s push=      36/s pop=      39/s ack=      37/s shed=      1/s inflight=   63 | e2e p50= 164.86 p99=44826.62 ms | pushRTT p50= 47.36 p99=20054.02 ms | lag=-2365 | err push=22615 pop=656824 ack=139 (429=553480 403=0 5xx=125205 to=893 conn=0) empty=10928 cross=0 gor=389
[14:09:50 load ] offered=      42/s push=      40/s pop=      41/s ack=      41/s shed=      0/s inflight=    0 | e2e p50=  24.19 p99=33816.58 ms | pushRTT p50= 10.18 p99=6389.76 ms | lag=-2719 | err push=23426 pop=658792 ack=176 (429=553855 403=0 5xx=127646 to=893 conn=0) empty=10971 cross=0 gor=156
[14:14:50 load ] offered=      42/s push=      40/s pop=      40/s ack=      40/s shed=      0/s inflight=  254 | e2e p50= 346.11 p99=19005.44 ms | pushRTT p50=259.07 p99=13565.95 ms | lag=-2799 | err push=23836 pop=661074 ack=176 (429=554748 403=0 5xx=129384 to=954 conn=0) empty=10986 cross=0 gor=920
[14:19:50 load ] offered=      42/s push=      43/s pop=      44/s ack=      44/s shed=      1/s inflight=    1 | e2e p50=  21.38 p99=32899.07 ms | pushRTT p50=  8.26 p99=16318.46 ms | lag=-3035 | err push=23842 pop=661074 ack=176 (429=554748 403=0 5xx=129384 to=960 conn=0) empty=11038 cross=0 gor=157
[14:24:50 load ] offered=      42/s push=      43/s pop=      43/s ack=      43/s shed=      0/s inflight=    0 | e2e p50=  38.66 p99= 3555.33 ms | pushRTT p50= 15.04 p99=3358.72 ms | lag=-3042 | err push=23842 pop=661074 ack=176 (429=554748 403=0 5xx=129384 to=960 conn=0) empty=11074 cross=0 gor=156
[14:29:50 load ] offered=      42/s push=      42/s pop=      42/s ack=      42/s shed=      0/s inflight=    0 | e2e p50=  17.02 p99=  468.99 ms | pushRTT p50=  6.18 p99=  69.12 ms | lag=-3042 | err push=23842 pop=661074 ack=176 (429=554748 403=0 5xx=129384 to=960 conn=0) empty=11133 cross=0 gor=158
[14:34:50 load ] offered=      42/s push=      42/s pop=      42/s ack=      42/s shed=      0/s inflight=    0 | e2e p50=  21.12 p99=  518.14 ms | pushRTT p50=  7.84 p99= 112.13 ms | lag=-3042 | err push=23842 pop=661074 ack=176 (429=554748 403=0 5xx=129384 to=960 conn=0) empty=11180 cross=0 gor=156
[14:39:50 load ] offered=      42/s push=      42/s pop=      42/s ack=      42/s shed=      0/s inflight=    0 | e2e p50=  15.55 p99=  382.98 ms | pushRTT p50=  5.66 p99=  47.36 ms | lag=-3042 | err push=23842 pop=661074 ack=176 (429=554748 403=0 5xx=129384 to=960 conn=0) empty=11255 cross=0 gor=156
[14:44:50 load ] offered=      42/s push=      42/s pop=      42/s ack=      42/s shed=      0/s inflight=    0 | e2e p50=  18.30 p99=  489.47 ms | pushRTT p50=  7.07 p99= 112.13 ms | lag=-3042 | err push=23842 pop=661074 ack=176 (429=554748 403=0 5xx=129384 to=960 conn=0) empty=11308 cross=0 gor=156
[14:49:50 load ] offered=      42/s push=      42/s pop=      42/s ack=      42/s shed=      0/s inflight=    0 | e2e p50=  11.97 p99=   92.67 ms | pushRTT p50=  4.51 p99=  41.22 ms | lag=-3042 | err push=23842 pop=661074 ack=176 (429=554748 403=0 5xx=129384 to=960 conn=0) empty=11387 cross=0 gor=156
[14:54:50 load ] offered=      42/s push=      42/s pop=      42/s ack=      42/s shed=      0/s inflight=    0 | e2e p50=  15.30 p99=  518.14 ms | pushRTT p50=  5.60 p99=  97.79 ms | lag=-3042 | err push=23842 pop=661074 ack=176 (429=554748 403=0 5xx=129384 to=960 conn=0) empty=11448 cross=0 gor=156
[14:59:50 load ] offered=      42/s push=      42/s pop=      42/s ack=      42/s shed=      0/s inflight=    0 | e2e p50=  11.71 p99=  124.42 ms | pushRTT p50=  4.32 p99=  31.62 ms | lag=-3042 | err push=23842 pop=661074 ack=176 (429=554748 403=0 5xx=129384 to=960 conn=0) empty=11528 cross=0 gor=156
[15:04:50 load ] offered=      42/s push=      42/s pop=      42/s ack=      42/s shed=      0/s inflight=    0 | e2e p50=  14.14 p99=  456.70 ms | pushRTT p50=  5.22 p99=  82.43 ms | lag=-3042 | err push=23842 pop=661074 ack=176 (429=554748 403=0 5xx=129384 to=960 conn=0) empty=11584 cross=0 gor=156
[15:09:50 load ] offered=      42/s push=      42/s pop=      42/s ack=      42/s shed=      0/s inflight=  104 | e2e p50=  11.71 p99= 1581.06 ms | pushRTT p50=  4.38 p99=1482.75 ms | lag=-3042 | err push=23842 pop=661074 ack=176 (429=554748 403=0 5xx=129384 to=960 conn=0) empty=11657 cross=0 gor=470
[15:14:50 load ] offered=      42/s push=      39/s pop=      40/s ack=      39/s shed=      0/s inflight=  110 | e2e p50= 337.92 p99=61603.84 ms | pushRTT p50=166.91 p99=19791.87 ms | lag=-3365 | err push=24796 pop=661370 ack=274 (429=554748 403=0 5xx=130471 to=1221 conn=0) empty=11681 cross=0 gor=560
[15:19:50 load ] offered=      42/s push=      37/s pop=      39/s ack=      38/s shed=      0/s inflight=  120 | e2e p50= 585.73 p99=60030.98 ms | pushRTT p50=337.92 p99=20578.30 ms | lag=-4039 | err push=26409 pop=664071 ack=524 (429=555362 403=0 5xx=134310 to=1332 conn=0) empty=11708 cross=0 gor=516
[15:24:50 load ] offered=      42/s push=      43/s pop=      43/s ack=      43/s shed=      0/s inflight=    0 | e2e p50=  14.02 p99= 1761.28 ms | pushRTT p50=  5.22 p99= 536.58 ms | lag=-4070 | err push=26409 pop=664071 ack=524 (429=555362 403=0 5xx=134310 to=1332 conn=0) empty=11759 cross=0 gor=160
[15:29:50 load ] offered=      42/s push=      42/s pop=      42/s ack=      42/s shed=      0/s inflight=    0 | e2e p50=  10.69 p99=   68.10 ms | pushRTT p50=  3.76 p99=  24.19 ms | lag=-4070 | err push=26409 pop=664071 ack=524 (429=555362 403=0 5xx=134310 to=1332 conn=0) empty=11838 cross=0 gor=156
[15:34:50 load ] offered=      42/s push=      42/s pop=      42/s ack=      42/s shed=      0/s inflight=    0 | e2e p50=  13.12 p99=  468.99 ms | pushRTT p50=  4.83 p99=  83.46 ms | lag=-4070 | err push=26409 pop=664071 ack=524 (429=555362 403=0 5xx=134310 to=1332 conn=0) empty=11901 cross=0 gor=156
[15:39:50 load ] offered=      42/s push=      42/s pop=      42/s ack=      42/s shed=      0/s inflight=    0 | e2e p50=  10.94 p99=   81.41 ms | pushRTT p50=  3.86 p99=  27.26 ms | lag=-4070 | err push=26409 pop=664071 ack=524 (429=555362 403=0 5xx=134310 to=1332 conn=0) empty=11979 cross=0 gor=156
[15:44:50 load ] offered=      42/s push=      42/s pop=      42/s ack=      42/s shed=      0/s inflight=    0 | e2e p50=  15.42 p99=  544.77 ms | pushRTT p50=  6.05 p99= 115.20 ms | lag=-4070 | err push=26409 pop=664071 ack=524 (429=555362 403=0 5xx=134310 to=1332 conn=0) empty=12036 cross=0 gor=156
[15:49:50 load ] offered=      42/s push=      42/s pop=      42/s ack=      42/s shed=      0/s inflight=    0 | e2e p50=  12.10 p99=  128.51 ms | pushRTT p50=  4.38 p99=  33.02 ms | lag=-4070 | err push=26409 pop=664071 ack=524 (429=555362 403=0 5xx=134310 to=1332 conn=0) empty=12105 cross=0 gor=156
[15:54:50 load ] offered=      42/s push=      42/s pop=      42/s ack=      42/s shed=      0/s inflight=    0 | e2e p50=  13.63 p99=  585.73 ms | pushRTT p50=  5.15 p99= 124.42 ms | lag=-4070 | err push=26409 pop=664071 ack=524 (429=555362 403=0 5xx=134310 to=1332 conn=0) empty=12155 cross=0 gor=158
[15:59:50 load ] offered=      42/s push=      42/s pop=      42/s ack=      42/s shed=      0/s inflight=    0 | e2e p50=  14.66 p99= 1028.10 ms | pushRTT p50=  5.66 p99=  77.31 ms | lag=-4070 | err push=26409 pop=664071 ack=524 (429=555362 403=0 5xx=134310 to=1332 conn=0) empty=12212 cross=0 gor=156
[16:04:50 load ] offered=      42/s push=      40/s pop=      41/s ack=      40/s shed=      0/s inflight=    0 | e2e p50=  40.19 p99=24248.32 ms | pushRTT p50= 13.38 p99=12648.45 ms | lag=-4150 | err push=26997 pop=664279 ack=569 (429=555362 403=0 5xx=135141 to=1342 conn=0) empty=12235 cross=0 gor=356
[16:09:50 load ] offered=      42/s push=      42/s pop=      42/s ack=      42/s shed=      0/s inflight=    0 | e2e p50=  11.07 p99=   96.77 ms | pushRTT p50=  4.45 p99=  30.85 ms | lag=-4150 | err push=26997 pop=664279 ack=569 (429=555362 403=0 5xx=135141 to=1342 conn=0) empty=12310 cross=0 gor=156
[16:14:50 load ] offered=      42/s push=      42/s pop=      42/s ack=      42/s shed=      0/s inflight=    0 | e2e p50=  16.19 p99=  313.34 ms | pushRTT p50=  6.88 p99=  87.55 ms | lag=-4150 | err push=26997 pop=664279 ack=569 (429=555362 403=0 5xx=135141 to=1342 conn=0) empty=12354 cross=0 gor=156
[16:19:50 load ] offered=      42/s push=      42/s pop=      42/s ack=      42/s shed=      0/s inflight=    0 | e2e p50=  12.61 p99=  173.06 ms | pushRTT p50=  5.15 p99=  38.14 ms | lag=-4150 | err push=26997 pop=664279 ack=569 (429=555362 403=0 5xx=135141 to=1342 conn=0) empty=12418 cross=0 gor=156
[16:24:50 load ] offered=      42/s push=      42/s pop=      42/s ack=      42/s shed=      0/s inflight=    0 | e2e p50=  15.55 p99=  428.03 ms | pushRTT p50=  6.18 p99=  82.43 ms | lag=-4150 | err push=26997 pop=664279 ack=569 (429=555362 403=0 5xx=135141 to=1342 conn=0) empty=12468 cross=0 gor=156
[16:29:50 load ] offered=      42/s push=      42/s pop=      42/s ack=      42/s shed=      0/s inflight=    0 | e2e p50=  11.71 p99=   73.22 ms | pushRTT p50=  4.64 p99=  31.10 ms | lag=-4150 | err push=26997 pop=664279 ack=569 (429=555362 403=0 5xx=135141 to=1342 conn=0) empty=12535 cross=0 gor=156
[16:34:50 load ] offered=      42/s push=      42/s pop=      42/s ack=      42/s shed=      0/s inflight=    0 | e2e p50=  14.02 p99=  350.21 ms | pushRTT p50=  5.60 p99=  88.58 ms | lag=-4150 | err push=26997 pop=664279 ack=569 (429=555362 403=0 5xx=135141 to=1342 conn=0) empty=12594 cross=0 gor=156
[16:39:50 load ] offered=      42/s push=      42/s pop=      42/s ack=      42/s shed=      0/s inflight=    0 | e2e p50=  12.35 p99=  276.48 ms | pushRTT p50=  4.96 p99=  34.05 ms | lag=-4144 | err push=26997 pop=664279 ack=569 (429=555362 403=0 5xx=135141 to=1342 conn=0) empty=12667 cross=0 gor=156
[16:44:50 load ] offered=      42/s push=      42/s pop=      43/s ack=      43/s shed=      0/s inflight=    0 | e2e p50=  18.30 p99=  403.46 ms | pushRTT p50=  7.71 p99= 113.15 ms | lag=-4150 | err push=26997 pop=664279 ack=569 (429=555362 403=0 5xx=135141 to=1342 conn=0) empty=12701 cross=0 gor=156
[16:49:50 load ] offered=      42/s push=      42/s pop=      42/s ack=      42/s shed=      0/s inflight=    0 | e2e p50=  13.25 p99=   96.77 ms | pushRTT p50=  5.41 p99=  42.75 ms | lag=-4150 | err push=26997 pop=664279 ack=569 (429=555362 403=0 5xx=135141 to=1342 conn=0) empty=12759 cross=0 gor=156
[16:54:50 load ] offered=      42/s push=      42/s pop=      42/s ack=      42/s shed=      0/s inflight=    0 | e2e p50=  16.51 p99=  415.74 ms | pushRTT p50=  6.50 p99=  91.65 ms | lag=-4150 | err push=26997 pop=664279 ack=569 (429=555362 403=0 5xx=135141 to=1342 conn=0) empty=12795 cross=0 gor=156
[16:59:50 load ] offered=      42/s push=      42/s pop=      42/s ack=      43/s shed=      0/s inflight=    0 | e2e p50=  12.74 p99=  107.01 ms | pushRTT p50=  5.09 p99=  36.61 ms | lag=-4150 | err push=26997 pop=664279 ack=569 (429=555362 403=0 5xx=135141 to=1342 conn=0) empty=12864 cross=0 gor=156
[17:04:50 load ] offered=      42/s push=      42/s pop=      42/s ack=      42/s shed=      0/s inflight=    0 | e2e p50=  14.66 p99=  415.74 ms | pushRTT p50=  5.98 p99=  93.70 ms | lag=-4150 | err push=26997 pop=664279 ack=569 (429=555362 403=0 5xx=135141 to=1342 conn=0) empty=12919 cross=0 gor=156
[17:09:50 load ] offered=      42/s push=      42/s pop=      42/s ack=      42/s shed=      0/s inflight=    0 | e2e p50=  11.71 p99=   74.24 ms | pushRTT p50=  4.64 p99=  30.85 ms | lag=-4150 | err push=26997 pop=664279 ack=569 (429=555362 403=0 5xx=135141 to=1342 conn=0) empty=12988 cross=0 gor=156
[17:14:50 load ] offered=      42/s push=      42/s pop=      42/s ack=      42/s shed=      0/s inflight=    0 | e2e p50=  17.54 p99=  329.73 ms | pushRTT p50=  7.33 p99=  82.43 ms | lag=-4150 | err push=26997 pop=664279 ack=569 (429=555362 403=0 5xx=135141 to=1342 conn=0) empty=13035 cross=0 gor=156
[17:19:50 load ] offered=      42/s push=      42/s pop=      42/s ack=      42/s shed=      0/s inflight=    0 | e2e p50=  17.02 p99=  407.55 ms | pushRTT p50=  6.94 p99=  60.16 ms | lag=-4150 | err push=26997 pop=664279 ack=569 (429=555362 403=0 5xx=135141 to=1342 conn=0) empty=13075 cross=0 gor=156
[17:24:50 load ] offered=      42/s push=      42/s pop=      42/s ack=      42/s shed=      0/s inflight=    0 | e2e p50=  17.54 p99=  370.69 ms | pushRTT p50=  6.94 p99=  79.36 ms | lag=-4150 | err push=26997 pop=664279 ack=569 (429=555362 403=0 5xx=135141 to=1342 conn=0) empty=13118 cross=0 gor=156
[17:29:50 load ] offered=      42/s push=      42/s pop=      42/s ack=      42/s shed=      0/s inflight=    0 | e2e p50=  12.35 p99=  166.91 ms | pushRTT p50=  4.96 p99=  31.10 ms | lag=-4150 | err push=26997 pop=664279 ack=569 (429=555362 403=0 5xx=135141 to=1342 conn=0) empty=13183 cross=0 gor=156
[17:34:50 load ] offered=      42/s push=      42/s pop=      42/s ack=      42/s shed=      0/s inflight=    0 | e2e p50=  14.53 p99=  366.59 ms | pushRTT p50=  5.73 p99=  73.22 ms | lag=-4144 | err push=26997 pop=664279 ack=569 (429=555362 403=0 5xx=135141 to=1342 conn=0) empty=13237 cross=0 gor=156
[17:39:50 load ] offered=      42/s push=      42/s pop=      43/s ack=      43/s shed=      0/s inflight=    0 | e2e p50=  11.71 p99=   96.77 ms | pushRTT p50=  4.70 p99=  33.02 ms | lag=-4150 | err push=26997 pop=664279 ack=569 (429=555362 403=0 5xx=135141 to=1342 conn=0) empty=13316 cross=0 gor=156
[17:44:50 load ] offered=      42/s push=      42/s pop=      42/s ack=      42/s shed=      0/s inflight=    0 | e2e p50=  18.82 p99=  391.17 ms | pushRTT p50=  7.84 p99= 117.25 ms | lag=-4150 | err push=26997 pop=664279 ack=569 (429=555362 403=0 5xx=135141 to=1342 conn=0) empty=13356 cross=0 gor=156
[17:49:50 load ] offered=      42/s push=      42/s pop=      42/s ack=      42/s shed=      0/s inflight=    0 | e2e p50=  14.78 p99=  152.58 ms | pushRTT p50=  6.05 p99=  37.63 ms | lag=-4150 | err push=26997 pop=664279 ack=569 (429=555362 403=0 5xx=135141 to=1342 conn=0) empty=13404 cross=0 gor=156
[17:54:50 load ] offered=      42/s push=      42/s pop=      42/s ack=      42/s shed=      0/s inflight=    0 | e2e p50=  15.81 p99=  569.34 ms | pushRTT p50=  6.37 p99= 109.06 ms | lag=-4150 | err push=26997 pop=664279 ack=569 (429=555362 403=0 5xx=135141 to=1342 conn=0) empty=13460 cross=0 gor=156
[17:59:50 load ] offered=      42/s push=      42/s pop=      42/s ack=      42/s shed=      0/s inflight=    0 | e2e p50=  14.40 p99=  173.06 ms | pushRTT p50=  5.79 p99=  34.56 ms | lag=-4150 | err push=26997 pop=664279 ack=569 (429=555362 403=0 5xx=135141 to=1342 conn=0) empty=13518 cross=0 gor=156
[18:04:50 load ] offered=      42/s push=      42/s pop=      42/s ack=      42/s shed=      0/s inflight=    0 | e2e p50=  15.42 p99=  501.76 ms | pushRTT p50=  6.24 p99= 108.03 ms | lag=-4150 | err push=26997 pop=664279 ack=569 (429=555362 403=0 5xx=135141 to=1342 conn=0) empty=13563 cross=0 gor=156
[18:09:50 load ] offered=      42/s push=      42/s pop=      42/s ack=      42/s shed=      0/s inflight=    0 | e2e p50=  12.10 p99=   84.48 ms | pushRTT p50=  4.64 p99=  27.78 ms | lag=-4150 | err push=26997 pop=664279 ack=569 (429=555362 403=0 5xx=135141 to=1342 conn=0) empty=13634 cross=0 gor=156
[18:14:50 load ] offered=      42/s push=      42/s pop=      42/s ack=      42/s shed=      0/s inflight=    0 | e2e p50=  17.28 p99=  395.26 ms | pushRTT p50=  7.07 p99= 105.98 ms | lag=-4150 | err push=26997 pop=664279 ack=569 (429=555362 403=0 5xx=135141 to=1342 conn=0) empty=13683 cross=0 gor=156
[18:19:50 load ] offered=      42/s push=      42/s pop=      42/s ack=      42/s shed=      0/s inflight=    0 | e2e p50=  15.68 p99=  114.18 ms | pushRTT p50=  6.30 p99=  46.85 ms | lag=-4150 | err push=26997 pop=664279 ack=569 (429=555362 403=0 5xx=135141 to=1342 conn=0) empty=13725 cross=0 gor=156
[18:24:50 load ] offered=      42/s push=      42/s pop=      42/s ack=      42/s shed=      0/s inflight=    0 | e2e p50=  16.77 p99=  407.55 ms | pushRTT p50=  6.69 p99=  89.60 ms | lag=-4150 | err push=26997 pop=664279 ack=569 (429=555362 403=0 5xx=135141 to=1342 conn=0) empty=13767 cross=0 gor=156
[18:29:50 load ] offered=      42/s push=      42/s pop=      42/s ack=      42/s shed=      0/s inflight=    0 | e2e p50=  13.12 p99=  132.10 ms | pushRTT p50=  5.09 p99=  34.56 ms | lag=-4150 | err push=26997 pop=664279 ack=569 (429=555362 403=0 5xx=135141 to=1342 conn=0) empty=13830 cross=0 gor=156
[18:34:50 load ] offered=      42/s push=      42/s pop=      42/s ack=      42/s shed=      0/s inflight=    0 | e2e p50=  15.30 p99=  395.26 ms | pushRTT p50=  6.11 p99=  86.53 ms | lag=-4150 | err push=26997 pop=664279 ack=569 (429=555362 403=0 5xx=135141 to=1342 conn=0) empty=13886 cross=0 gor=156
[18:39:50 load ] offered=      42/s push=      42/s pop=      42/s ack=      42/s shed=      0/s inflight=    0 | e2e p50=  12.48 p99=  160.77 ms | pushRTT p50=  4.83 p99=  29.06 ms | lag=-4150 | err push=26997 pop=664279 ack=569 (429=555362 403=0 5xx=135141 to=1342 conn=0) empty=13948 cross=0 gor=156
[18:44:50 load ] offered=      42/s push=      42/s pop=      42/s ack=      42/s shed=      0/s inflight=    5 | e2e p50=  19.58 p99=  399.36 ms | pushRTT p50=  8.26 p99= 121.34 ms | lag=-4146 | err push=26997 pop=664279 ack=569 (429=555362 403=0 5xx=135141 to=1342 conn=0) empty=13989 cross=0 gor=161
[18:49:50 load ] offered=      42/s push=      43/s pop=      43/s ack=      43/s shed=      0/s inflight=    0 | e2e p50=  15.68 p99=   89.60 ms | pushRTT p50=  6.37 p99=  39.68 ms | lag=-4150 | err push=26997 pop=664279 ack=569 (429=555362 403=0 5xx=135141 to=1342 conn=0) empty=14024 cross=0 gor=156
[18:54:50 load ] offered=      42/s push=      42/s pop=      42/s ack=      42/s shed=      0/s inflight=    0 | e2e p50=  18.30 p99=  374.78 ms | pushRTT p50=  7.33 p99= 109.06 ms | lag=-4150 | err push=26997 pop=664279 ack=569 (429=555362 403=0 5xx=135141 to=1342 conn=0) empty=14059 cross=0 gor=156
[18:59:50 load ] offered=      42/s push=      42/s pop=      42/s ack=      42/s shed=      0/s inflight=    0 | e2e p50=  14.02 p99=  362.50 ms | pushRTT p50=  5.66 p99=  38.66 ms | lag=-4150 | err push=26997 pop=664279 ack=569 (429=555362 403=0 5xx=135141 to=1342 conn=0) empty=14120 cross=0 gor=156
[19:04:50 load ] offered=      42/s push=      42/s pop=      42/s ack=      42/s shed=      0/s inflight=    0 | e2e p50=  15.81 p99=  358.40 ms | pushRTT p50=  6.37 p99=  96.77 ms | lag=-4150 | err push=26997 pop=664279 ack=569 (429=555362 403=0 5xx=135141 to=1342 conn=0) empty=14176 cross=0 gor=156
[19:09:50 load ] offered=      42/s push=      42/s pop=      42/s ack=      42/s shed=      0/s inflight=    0 | e2e p50=  12.86 p99=  296.96 ms | pushRTT p50=  5.09 p99=  32.64 ms | lag=-4150 | err push=26997 pop=664279 ack=569 (429=555362 403=0 5xx=135141 to=1342 conn=0) empty=14242 cross=0 gor=156
[19:14:50 load ] offered=      42/s push=      42/s pop=      42/s ack=      42/s shed=      0/s inflight=    0 | e2e p50=  19.84 p99=  399.36 ms | pushRTT p50=  8.26 p99= 101.89 ms | lag=-4150 | err push=26997 pop=664279 ack=569 (429=555362 403=0 5xx=135141 to=1342 conn=0) empty=14275 cross=0 gor=156
[19:19:50 load ] offered=      42/s push=      42/s pop=      42/s ack=      42/s shed=      0/s inflight=    0 | e2e p50=  14.78 p99=  117.25 ms | pushRTT p50=  6.05 p99=  39.68 ms | lag=-4150 | err push=26997 pop=664279 ack=569 (429=555362 403=0 5xx=135141 to=1342 conn=0) empty=14322 cross=0 gor=156
[19:24:50 load ] offered=      42/s push=      42/s pop=      42/s ack=      42/s shed=      0/s inflight=    0 | e2e p50=  19.07 p99=  350.21 ms | pushRTT p50=  7.71 p99=  96.77 ms | lag=-4150 | err push=26997 pop=664279 ack=569 (429=555362 403=0 5xx=135141 to=1342 conn=0) empty=14363 cross=0 gor=156
[19:29:50 load ] offered=      42/s push=      42/s pop=      42/s ack=      42/s shed=      0/s inflight=    0 | e2e p50=  17.28 p99=  391.17 ms | pushRTT p50=  7.07 p99=  66.05 ms | lag=-4150 | err push=26997 pop=664279 ack=569 (429=555362 403=0 5xx=135141 to=1342 conn=0) empty=14405 cross=0 gor=156
[19:34:50 load ] offered=      42/s push=      42/s pop=      42/s ack=      42/s shed=      0/s inflight=    0 | e2e p50=  18.56 p99=  346.11 ms | pushRTT p50=  7.65 p99=  94.72 ms | lag=-4150 | err push=26997 pop=664279 ack=569 (429=555362 403=0 5xx=135141 to=1342 conn=0) empty=14446 cross=0 gor=156
[19:39:50 load ] offered=      42/s push=      42/s pop=      42/s ack=      42/s shed=      0/s inflight=    0 | e2e p50=  11.58 p99=   46.34 ms | pushRTT p50=  4.77 p99=  22.66 ms | lag=-4150 | err push=26997 pop=664279 ack=569 (429=555362 403=0 5xx=135141 to=1342 conn=0) empty=14525 cross=0 gor=156
[19:44:50 load ] offered=      42/s push=      42/s pop=      42/s ack=      42/s shed=      0/s inflight=    0 | e2e p50=  21.63 p99=  337.92 ms | pushRTT p50=  9.92 p99= 125.44 ms | lag=-4150 | err push=26997 pop=664279 ack=569 (429=555362 403=0 5xx=135141 to=1342 conn=0) empty=14551 cross=0 gor=158
[19:49:50 load ] offered=      42/s push=      42/s pop=      42/s ack=      42/s shed=      0/s inflight=    0 | e2e p50=  15.81 p99=  100.86 ms | pushRTT p50=  6.75 p99=  47.36 ms | lag=-4150 | err push=26997 pop=664279 ack=569 (429=555362 403=0 5xx=135141 to=1342 conn=0) empty=14601 cross=0 gor=156
[19:54:50 load ] offered=      42/s push=      42/s pop=      42/s ack=      42/s shed=      0/s inflight=    0 | e2e p50=  21.12 p99=  333.82 ms | pushRTT p50=  9.15 p99= 132.10 ms | lag=-4150 | err push=26997 pop=664279 ack=569 (429=555362 403=0 5xx=135141 to=1342 conn=0) empty=14636 cross=0 gor=156
[19:59:50 load ] offered=      42/s push=      42/s pop=      42/s ack=      42/s shed=      0/s inflight=    0 | e2e p50=  15.30 p99=   88.58 ms | pushRTT p50=  6.50 p99=  41.22 ms | lag=-4150 | err push=26997 pop=664279 ack=569 (429=555362 403=0 5xx=135141 to=1342 conn=0) empty=14684 cross=0 gor=156
[20:04:50 load ] offered=      42/s push=      42/s pop=      42/s ack=      42/s shed=      0/s inflight=    0 | e2e p50=  15.17 p99=  309.25 ms | pushRTT p50=  6.11 p99=  77.31 ms | lag=-4150 | err push=26997 pop=664279 ack=569 (429=555362 403=0 5xx=135141 to=1342 conn=0) empty=14737 cross=0 gor=156
[20:09:50 load ] offered=      42/s push=      42/s pop=      42/s ack=      42/s shed=      0/s inflight=    0 | e2e p50=  11.58 p99=   63.23 ms | pushRTT p50=  4.64 p99=  30.85 ms | lag=-4150 | err push=26997 pop=664279 ack=569 (429=555362 403=0 5xx=135141 to=1342 conn=0) empty=14811 cross=0 gor=156
[20:14:50 load ] offered=      42/s push=      42/s pop=      42/s ack=      42/s shed=      0/s inflight=    0 | e2e p50=  21.38 p99=  366.59 ms | pushRTT p50=  8.90 p99=  84.48 ms | lag=-4150 | err push=26997 pop=664279 ack=569 (429=555362 403=0 5xx=135141 to=1342 conn=0) empty=14843 cross=0 gor=156
[20:19:50 load ] offered=      42/s push=      42/s pop=      42/s ack=      42/s shed=      0/s inflight=    0 | e2e p50=  13.89 p99=  121.34 ms | pushRTT p50=  5.60 p99=  38.14 ms | lag=-4150 | err push=26997 pop=664279 ack=569 (429=555362 403=0 5xx=135141 to=1342 conn=0) empty=14894 cross=0 gor=156
[20:24:50 load ] offered=      42/s push=      42/s pop=      42/s ack=      42/s shed=      0/s inflight=    0 | e2e p50=  16.51 p99=  301.06 ms | pushRTT p50=  6.69 p99=  77.31 ms | lag=-4150 | err push=26997 pop=664279 ack=569 (429=555362 403=0 5xx=135141 to=1342 conn=0) empty=14940 cross=0 gor=156
[20:29:50 load ] offered=      42/s push=      42/s pop=      42/s ack=      42/s shed=      0/s inflight=    0 | e2e p50=  13.76 p99=  136.19 ms | pushRTT p50=  5.41 p99=  40.70 ms | lag=-4150 | err push=26997 pop=664279 ack=569 (429=555362 403=0 5xx=135141 to=1342 conn=0) empty=15001 cross=0 gor=156
[20:34:50 load ] offered=      42/s push=      42/s pop=      42/s ack=      42/s shed=      0/s inflight=    0 | e2e p50=  20.61 p99=  382.98 ms | pushRTT p50=  8.10 p99=  97.79 ms | lag=-4150 | err push=26997 pop=664279 ack=569 (429=555362 403=0 5xx=135141 to=1342 conn=0) empty=15033 cross=0 gor=156
[20:39:50 load ] offered=      42/s push=      42/s pop=      42/s ack=      42/s shed=      0/s inflight=    0 | e2e p50=  13.38 p99=  238.59 ms | pushRTT p50=  5.34 p99=  40.70 ms | lag=-4150 | err push=26997 pop=664279 ack=569 (429=555362 403=0 5xx=135141 to=1342 conn=0) empty=15100 cross=0 gor=156
[20:44:50 load ] offered=      42/s push=      42/s pop=      42/s ack=      42/s shed=      0/s inflight=    0 | e2e p50=  22.66 p99=  395.26 ms | pushRTT p50=  9.15 p99=  96.77 ms | lag=-4150 | err push=26997 pop=664279 ack=569 (429=555362 403=0 5xx=135141 to=1342 conn=0) empty=15142 cross=0 gor=156
[20:49:50 load ] offered=      42/s push=      42/s pop=      42/s ack=      42/s shed=      0/s inflight=    0 | e2e p50=  14.66 p99=  104.96 ms | pushRTT p50=  5.98 p99=  41.22 ms | lag=-4150 | err push=26997 pop=664279 ack=569 (429=555362 403=0 5xx=135141 to=1342 conn=0) empty=15193 cross=0 gor=156
[20:54:50 load ] offered=      42/s push=      42/s pop=      42/s ack=      42/s shed=      0/s inflight=    0 | e2e p50=  18.30 p99=  325.63 ms | pushRTT p50=  7.39 p99=  81.41 ms | lag=-4150 | err push=26997 pop=664279 ack=569 (429=555362 403=0 5xx=135141 to=1342 conn=0) empty=15228 cross=0 gor=156
[20:59:50 load ] offered=      42/s push=      42/s pop=      42/s ack=      42/s shed=      0/s inflight=    0 | e2e p50=  12.99 p99=  107.01 ms | pushRTT p50=  5.09 p99=  30.59 ms | lag=-4150 | err push=26997 pop=664279 ack=569 (429=555362 403=0 5xx=135141 to=1342 conn=0) empty=15298 cross=0 gor=156
[21:04:50 load ] offered=      42/s push=      42/s pop=      42/s ack=      42/s shed=      0/s inflight=    0 | e2e p50=  15.55 p99=  292.86 ms | pushRTT p50=  6.24 p99=  78.34 ms | lag=-4150 | err push=26997 pop=664279 ack=569 (429=555362 403=0 5xx=135141 to=1342 conn=0) empty=15348 cross=0 gor=156
[21:09:50 load ] offered=      42/s push=      42/s pop=      42/s ack=      42/s shed=      0/s inflight=    0 | e2e p50=  12.86 p99=  101.89 ms | pushRTT p50=  5.02 p99=  29.31 ms | lag=-4150 | err push=26997 pop=664279 ack=569 (429=555362 403=0 5xx=135141 to=1342 conn=0) empty=15413 cross=0 gor=156
[21:14:50 load ] offered=      42/s push=      42/s pop=      42/s ack=      42/s shed=      0/s inflight=    0 | e2e p50=  22.40 p99=  481.28 ms | pushRTT p50=  8.26 p99=  87.55 ms | lag=-4150 | err push=26997 pop=664279 ack=569 (429=555362 403=0 5xx=135141 to=1342 conn=0) empty=15444 cross=0 gor=156
[21:19:50 load ] offered=      42/s push=      42/s pop=      42/s ack=      42/s shed=      0/s inflight=    0 | e2e p50=  14.78 p99=  317.44 ms | pushRTT p50=  5.86 p99=  37.12 ms | lag=-4150 | err push=26997 pop=664279 ack=569 (429=555362 403=0 5xx=135141 to=1342 conn=0) empty=15486 cross=0 gor=156
[21:24:50 load ] offered=      42/s push=      42/s pop=      42/s ack=      42/s shed=      0/s inflight=    0 | e2e p50=  17.28 p99=  329.73 ms | pushRTT p50=  6.94 p99=  79.36 ms | lag=-4150 | err push=26997 pop=664279 ack=569 (429=555362 403=0 5xx=135141 to=1342 conn=0) empty=15533 cross=0 gor=156
[21:29:50 load ] offered=      42/s push=      42/s pop=      42/s ack=      42/s shed=      0/s inflight=    0 | e2e p50=  12.86 p99=   66.05 ms | pushRTT p50=  5.09 p99=  35.07 ms | lag=-4143 | err push=26997 pop=664279 ack=569 (429=555362 403=0 5xx=135141 to=1342 conn=0) empty=15587 cross=0 gor=156
[21:34:50 load ] offered=      42/s push=      42/s pop=      43/s ack=      43/s shed=      0/s inflight=    0 | e2e p50=  14.91 p99=  268.29 ms | pushRTT p50=  5.92 p99=  71.17 ms | lag=-4150 | err push=26997 pop=664279 ack=569 (429=555362 403=0 5xx=135141 to=1342 conn=0) empty=15637 cross=0 gor=156
[21:39:50 load ] offered=      42/s push=      42/s pop=      42/s ack=      42/s shed=      0/s inflight=    0 | e2e p50=  12.74 p99=  185.34 ms | pushRTT p50=  5.02 p99=  33.54 ms | lag=-4137 | err push=26997 pop=664279 ack=569 (429=555362 403=0 5xx=135141 to=1342 conn=0) empty=15701 cross=0 gor=156
[21:44:50 load ] offered=      42/s push=      42/s pop=      43/s ack=      43/s shed=      0/s inflight=    0 | e2e p50=  19.84 p99=  382.98 ms | pushRTT p50=  8.16 p99=  87.55 ms | lag=-4150 | err push=26997 pop=664279 ack=569 (429=555362 403=0 5xx=135141 to=1342 conn=0) empty=15730 cross=0 gor=156
[21:49:50 load ] offered=      42/s push=      42/s pop=      42/s ack=      42/s shed=      0/s inflight=    0 | e2e p50=  14.27 p99=   77.31 ms | pushRTT p50=  5.73 p99=  41.73 ms | lag=-4150 | err push=26997 pop=664279 ack=569 (429=555362 403=0 5xx=135141 to=1342 conn=0) empty=15777 cross=0 gor=156
[21:54:50 load ] offered=      42/s push=      42/s pop=      42/s ack=      42/s shed=      0/s inflight=    0 | e2e p50=  17.54 p99=  305.15 ms | pushRTT p50=  7.14 p99=  88.58 ms | lag=-4150 | err push=26997 pop=664279 ack=569 (429=555362 403=0 5xx=135141 to=1342 conn=0) empty=15817 cross=0 gor=156
[21:59:50 load ] offered=      42/s push=      42/s pop=      42/s ack=      42/s shed=      0/s inflight=    0 | e2e p50=  13.12 p99=   82.43 ms | pushRTT p50=  5.22 p99=  34.56 ms | lag=-4150 | err push=26997 pop=664279 ack=569 (429=555362 403=0 5xx=135141 to=1342 conn=0) empty=15881 cross=0 gor=156
[22:04:50 load ] offered=      42/s push=      42/s pop=      42/s ack=      42/s shed=      0/s inflight=    0 | e2e p50=  17.54 p99=  288.77 ms | pushRTT p50=  7.07 p99=  82.43 ms | lag=-4150 | err push=26997 pop=664279 ack=569 (429=555362 403=0 5xx=135141 to=1342 conn=0) empty=15923 cross=0 gor=158
[22:09:50 load ] offered=      42/s push=      42/s pop=      42/s ack=      42/s shed=      0/s inflight=    0 | e2e p50=  12.74 p99=   77.31 ms | pushRTT p50=  5.15 p99=  33.54 ms | lag=-4150 | err push=26997 pop=664279 ack=569 (429=555362 403=0 5xx=135141 to=1342 conn=0) empty=16000 cross=0 gor=156
[22:14:50 load ] offered=      42/s push=      42/s pop=      42/s ack=      42/s shed=      0/s inflight=    0 | e2e p50=  21.89 p99=  370.69 ms | pushRTT p50=  8.90 p99=  82.43 ms | lag=-4145 | err push=26997 pop=664279 ack=569 (429=555362 403=0 5xx=135141 to=1342 conn=0) empty=16031 cross=0 gor=156
[22:19:50 load ] offered=      42/s push=      42/s pop=      43/s ack=      43/s shed=      0/s inflight=    0 | e2e p50=  16.32 p99=  142.34 ms | pushRTT p50=  6.62 p99=  48.90 ms | lag=-4150 | err push=26997 pop=664279 ack=569 (429=555362 403=0 5xx=135141 to=1342 conn=0) empty=16079 cross=0 gor=156
[22:24:50 load ] offered=      42/s push=      42/s pop=      42/s ack=      42/s shed=      0/s inflight=    0 | e2e p50=  18.05 p99=  321.54 ms | pushRTT p50=  7.26 p99=  96.77 ms | lag=-4150 | err push=26997 pop=664279 ack=569 (429=555362 403=0 5xx=135141 to=1342 conn=0) empty=16122 cross=0 gor=156
[22:29:50 load ] offered=      42/s push=      42/s pop=      42/s ack=      42/s shed=      0/s inflight=    0 | e2e p50=  14.66 p99=  158.72 ms | pushRTT p50=  5.86 p99=  47.87 ms | lag=-4150 | err push=26997 pop=664279 ack=569 (429=555362 403=0 5xx=135141 to=1342 conn=0) empty=16178 cross=0 gor=156
[22:34:50 load ] offered=      42/s push=      42/s pop=      42/s ack=      42/s shed=      0/s inflight=    0 | e2e p50=  17.28 p99=  395.26 ms | pushRTT p50=  6.94 p99=  99.84 ms | lag=-4150 | err push=26997 pop=664279 ack=569 (429=555362 403=0 5xx=135141 to=1342 conn=0) empty=16211 cross=0 gor=156
[22:39:50 load ] offered=      42/s push=      42/s pop=      42/s ack=      42/s shed=      0/s inflight=    0 | e2e p50=  14.53 p99=   94.72 ms | pushRTT p50=  5.73 p99=  35.07 ms | lag=-4150 | err push=26997 pop=664279 ack=569 (429=555362 403=0 5xx=135141 to=1342 conn=0) empty=16267 cross=0 gor=156
[22:44:50 load ] offered=      42/s push=      42/s pop=      42/s ack=      42/s shed=      0/s inflight=    0 | e2e p50=  21.38 p99=  391.17 ms | pushRTT p50=  8.90 p99= 123.39 ms | lag=-4150 | err push=26997 pop=664279 ack=569 (429=555362 403=0 5xx=135141 to=1342 conn=0) empty=16296 cross=0 gor=156
[22:49:50 load ] offered=      42/s push=      42/s pop=      42/s ack=      42/s shed=      0/s inflight=    0 | e2e p50=  16.51 p99=  114.18 ms | pushRTT p50=  6.50 p99=  39.17 ms | lag=-4139 | err push=26997 pop=664279 ack=569 (429=555362 403=0 5xx=135141 to=1342 conn=0) empty=16334 cross=0 gor=156
[22:54:50 load ] offered=      42/s push=      42/s pop=      43/s ack=      43/s shed=      0/s inflight=    0 | e2e p50=  18.30 p99=  329.73 ms | pushRTT p50=  7.33 p99=  96.77 ms | lag=-4150 | err push=26997 pop=664279 ack=569 (429=555362 403=0 5xx=135141 to=1342 conn=0) empty=16369 cross=0 gor=156
[22:59:50 load ] offered=      42/s push=      42/s pop=      42/s ack=      42/s shed=      0/s inflight=    0 | e2e p50=  14.14 p99=  154.62 ms | pushRTT p50=  5.60 p99=  42.24 ms | lag=-4150 | err push=26997 pop=664279 ack=569 (429=555362 403=0 5xx=135141 to=1342 conn=0) empty=16427 cross=0 gor=156
[23:04:50 load ] offered=      42/s push=      42/s pop=      42/s ack=      42/s shed=      0/s inflight=    0 | e2e p50=  18.05 p99=  378.88 ms | pushRTT p50=  7.26 p99=  89.60 ms | lag=-4150 | err push=26997 pop=664279 ack=569 (429=555362 403=0 5xx=135141 to=1342 conn=0) empty=16471 cross=0 gor=156
[23:09:50 load ] offered=      42/s push=      42/s pop=      42/s ack=      42/s shed=      0/s inflight=    0 | e2e p50=  14.53 p99=  358.40 ms | pushRTT p50=  5.86 p99=  40.19 ms | lag=-4150 | err push=26997 pop=664279 ack=569 (429=555362 403=0 5xx=135141 to=1342 conn=0) empty=16524 cross=0 gor=156
[23:14:50 load ] offered=      42/s push=      42/s pop=      42/s ack=      42/s shed=      0/s inflight=    0 | e2e p50=  22.91 p99=  301.06 ms | pushRTT p50=  9.54 p99= 115.20 ms | lag=-4150 | err push=26997 pop=664279 ack=569 (429=555362 403=0 5xx=135141 to=1342 conn=0) empty=16564 cross=0 gor=156
[23:19:50 load ] offered=      42/s push=      42/s pop=      42/s ack=      42/s shed=      0/s inflight=    0 | e2e p50=  18.30 p99=  313.34 ms | pushRTT p50=  7.33 p99=  59.14 ms | lag=-4150 | err push=26997 pop=664279 ack=569 (429=555362 403=0 5xx=135141 to=1342 conn=0) empty=16599 cross=0 gor=156
[23:24:50 load ] offered=      42/s push=      42/s pop=      42/s ack=      42/s shed=      0/s inflight=    0 | e2e p50=  20.35 p99=  346.11 ms | pushRTT p50=  8.16 p99= 113.15 ms | lag=-4150 | err push=26997 pop=664279 ack=569 (429=555362 403=0 5xx=135141 to=1342 conn=0) empty=16632 cross=0 gor=156
[23:29:50 load ] offered=      42/s push=      42/s pop=      42/s ack=      42/s shed=      0/s inflight=    0 | e2e p50=  14.91 p99=  122.37 ms | pushRTT p50=  5.92 p99=  38.14 ms | lag=-4150 | err push=26997 pop=664279 ack=569 (429=555362 403=0 5xx=135141 to=1342 conn=0) empty=16687 cross=0 gor=156
[23:34:50 load ] offered=      42/s push=      42/s pop=      42/s ack=      42/s shed=      0/s inflight=    0 | e2e p50=  16.51 p99=  309.25 ms | pushRTT p50=  6.62 p99=  82.43 ms | lag=-4150 | err push=26997 pop=664279 ack=569 (429=555362 403=0 5xx=135141 to=1342 conn=0) empty=16739 cross=0 gor=156
[23:39:50 load ] offered=      42/s push=      42/s pop=      42/s ack=      42/s shed=      0/s inflight=    0 | e2e p50=  16.19 p99=  168.96 ms | pushRTT p50=  6.62 p99=  45.82 ms | lag=-4144 | err push=26997 pop=664279 ack=569 (429=555362 403=0 5xx=135141 to=1342 conn=0) empty=16795 cross=0 gor=156
[23:44:50 load ] offered=      42/s push=      42/s pop=      43/s ack=      43/s shed=      0/s inflight=    0 | e2e p50=  25.73 p99=  350.21 ms | pushRTT p50= 11.33 p99= 110.08 ms | lag=-4150 | err push=26997 pop=664279 ack=569 (429=555362 403=0 5xx=135141 to=1342 conn=0) empty=16821 cross=0 gor=156
[23:49:50 load ] offered=      42/s push=      42/s pop=      42/s ack=      42/s shed=      0/s inflight=    0 | e2e p50=  18.82 p99=  230.40 ms | pushRTT p50=  7.97 p99=  58.11 ms | lag=-4150 | err push=26997 pop=664279 ack=569 (429=555362 403=0 5xx=135141 to=1342 conn=0) empty=16862 cross=0 gor=156
[23:54:50 load ] offered=      42/s push=      42/s pop=      42/s ack=      42/s shed=      0/s inflight=    0 | e2e p50=  19.07 p99=  366.59 ms | pushRTT p50=  8.03 p99=  97.79 ms | lag=-4150 | err push=26997 pop=664279 ack=569 (429=555362 403=0 5xx=135141 to=1342 conn=0) empty=16908 cross=0 gor=156
[23:59:50 load ] offered=      42/s push=      42/s pop=      42/s ack=      42/s shed=      0/s inflight=    0 | e2e p50=  18.05 p99=  207.87 ms | pushRTT p50=  7.71 p99=  72.19 ms | lag=-4150 | err push=26997 pop=664279 ack=569 (429=555362 403=0 5xx=135141 to=1342 conn=0) empty=16951 cross=0 gor=156
[00:04:50 load ] offered=      42/s push=      42/s pop=      42/s ack=      42/s shed=      0/s inflight=    0 | e2e p50=  18.82 p99=  288.77 ms | pushRTT p50=  7.97 p99=  93.70 ms | lag=-4142 | err push=26997 pop=664279 ack=569 (429=555362 403=0 5xx=135141 to=1342 conn=0) empty=16996 cross=0 gor=156
[00:09:50 load ] offered=      42/s push=      42/s pop=      43/s ack=      43/s shed=      0/s inflight=    0 | e2e p50=  14.40 p99=   80.38 ms | pushRTT p50=  6.18 p99=  37.63 ms | lag=-4150 | err push=26997 pop=664279 ack=569 (429=555362 403=0 5xx=135141 to=1342 conn=0) empty=17059 cross=0 gor=156
[00:14:50 load ] offered=      42/s push=      42/s pop=      42/s ack=      42/s shed=      0/s inflight=    0 | e2e p50=  21.89 p99=  284.67 ms | pushRTT p50=  9.79 p99= 103.94 ms | lag=-4150 | err push=26997 pop=664279 ack=569 (429=555362 403=0 5xx=135141 to=1342 conn=0) empty=17095 cross=0 gor=156
[00:19:50 load ] offered=      42/s push=      42/s pop=      42/s ack=      42/s shed=      0/s inflight=    0 | e2e p50=  22.14 p99=  226.30 ms | pushRTT p50=  9.54 p99=  62.21 ms | lag=-4150 | err push=26997 pop=664279 ack=569 (429=555362 403=0 5xx=135141 to=1342 conn=0) empty=17133 cross=0 gor=156
[00:24:50 load ] offered=      42/s push=      42/s pop=      42/s ack=      42/s shed=      0/s inflight=    0 | e2e p50=  34.05 p99=  374.78 ms | pushRTT p50= 14.91 p99= 134.14 ms | lag=-4150 | err push=26997 pop=664279 ack=569 (429=555362 403=0 5xx=135141 to=1342 conn=0) empty=17149 cross=0 gor=156
[00:29:50 load ] offered=      42/s push=      42/s pop=      42/s ack=      42/s shed=      0/s inflight=    0 | e2e p50=  41.73 p99=  321.54 ms | pushRTT p50= 20.10 p99= 158.72 ms | lag=-4150 | err push=26997 pop=664279 ack=569 (429=555362 403=0 5xx=135141 to=1342 conn=0) empty=17160 cross=0 gor=158
[00:34:50 load ] offered=      42/s push=      42/s pop=      42/s ack=      42/s shed=      0/s inflight=    0 | e2e p50=  35.07 p99=  346.11 ms | pushRTT p50= 15.68 p99= 173.06 ms | lag=-4150 | err push=26997 pop=664279 ack=569 (429=555362 403=0 5xx=135141 to=1342 conn=0) empty=17170 cross=0 gor=156
[00:39:50 load ] offered=      42/s push=      42/s pop=      42/s ack=      42/s shed=      0/s inflight=    0 | e2e p50=  21.63 p99=  272.38 ms | pushRTT p50=  9.15 p99=  85.50 ms | lag=-4150 | err push=26997 pop=664279 ack=569 (429=555362 403=0 5xx=135141 to=1342 conn=0) empty=17191 cross=0 gor=156
[00:44:50 load ] offered=      42/s push=      42/s pop=      42/s ack=      42/s shed=      0/s inflight=    0 | e2e p50=  22.40 p99=  321.54 ms | pushRTT p50=  9.54 p99=  98.82 ms | lag=-4144 | err push=26997 pop=664279 ack=569 (429=555362 403=0 5xx=135141 to=1342 conn=0) empty=17229 cross=0 gor=156
[00:49:50 load ] offered=      42/s push=      42/s pop=      43/s ack=      43/s shed=      0/s inflight=    0 | e2e p50=  14.02 p99=  126.46 ms | pushRTT p50=  5.92 p99=  46.34 ms | lag=-4150 | err push=26997 pop=664279 ack=569 (429=555362 403=0 5xx=135141 to=1342 conn=0) empty=17295 cross=0 gor=156
[00:54:50 load ] offered=      42/s push=      42/s pop=      42/s ack=      42/s shed=      0/s inflight=    0 | e2e p50=  16.51 p99=  296.96 ms | pushRTT p50=  6.94 p99=  97.79 ms | lag=-4150 | err push=26997 pop=664279 ack=569 (429=555362 403=0 5xx=135141 to=1342 conn=0) empty=17351 cross=0 gor=156
[00:59:50 load ] offered=      42/s push=      42/s pop=      42/s ack=      42/s shed=      0/s inflight=    0 | e2e p50=  19.84 p99=  403.46 ms | pushRTT p50=  8.77 p99=  62.72 ms | lag=-4150 | err push=26997 pop=664279 ack=569 (429=555362 403=0 5xx=135141 to=1342 conn=0) empty=17398 cross=0 gor=156
[01:04:50 load ] offered=      42/s push=      42/s pop=      42/s ack=      42/s shed=      0/s inflight=    0 | e2e p50=  22.14 p99=  301.06 ms | pushRTT p50=  9.54 p99=  97.79 ms | lag=-4150 | err push=26997 pop=664279 ack=569 (429=555362 403=0 5xx=135141 to=1342 conn=0) empty=17422 cross=0 gor=156
[01:09:50 load ] offered=      42/s push=      42/s pop=      42/s ack=      43/s shed=      0/s inflight=    0 | e2e p50=  15.30 p99=   88.58 ms | pushRTT p50=  6.50 p99=  46.34 ms | lag=-4150 | err push=26997 pop=664279 ack=569 (429=555362 403=0 5xx=135141 to=1342 conn=0) empty=17480 cross=0 gor=156
[01:14:50 load ] offered=      42/s push=      42/s pop=      42/s ack=      42/s shed=      0/s inflight=    0 | e2e p50=  18.05 p99=  301.06 ms | pushRTT p50=  7.71 p99=  92.67 ms | lag=-4150 | err push=26997 pop=664279 ack=569 (429=555362 403=0 5xx=135141 to=1342 conn=0) empty=17523 cross=0 gor=156
[01:19:50 load ] offered=      42/s push=      42/s pop=      42/s ack=      42/s shed=      0/s inflight=    0 | e2e p50=  13.63 p99=   89.60 ms | pushRTT p50=  5.73 p99=  33.02 ms | lag=-4150 | err push=26997 pop=664279 ack=569 (429=555362 403=0 5xx=135141 to=1342 conn=0) empty=17586 cross=0 gor=156
[01:24:50 load ] offered=      42/s push=      42/s pop=      42/s ack=      42/s shed=      0/s inflight=    0 | e2e p50=  16.77 p99=  276.48 ms | pushRTT p50=  7.20 p99=  87.55 ms | lag=-4150 | err push=26997 pop=664279 ack=569 (429=555362 403=0 5xx=135141 to=1342 conn=0) empty=17642 cross=0 gor=156
[01:29:50 load ] offered=      42/s push=      42/s pop=      42/s ack=      42/s shed=      0/s inflight=    0 | e2e p50=  15.55 p99=  115.20 ms | pushRTT p50=  6.88 p99=  47.87 ms | lag=-4150 | err push=26997 pop=664279 ack=569 (429=555362 403=0 5xx=135141 to=1342 conn=0) empty=17701 cross=0 gor=156
[01:34:50 load ] offered=      42/s push=      42/s pop=      42/s ack=      42/s shed=      0/s inflight=    0 | e2e p50=  21.63 p99=  268.29 ms | pushRTT p50=  9.15 p99=  95.74 ms | lag=-4150 | err push=26997 pop=664279 ack=569 (429=555362 403=0 5xx=135141 to=1342 conn=0) empty=17743 cross=0 gor=156
[01:39:50 load ] offered=      42/s push=      42/s pop=      42/s ack=      42/s shed=      0/s inflight=    0 | e2e p50=  14.40 p99=   96.77 ms | pushRTT p50=  6.11 p99=  43.26 ms | lag=-4150 | err push=26997 pop=664279 ack=569 (429=555362 403=0 5xx=135141 to=1342 conn=0) empty=17807 cross=0 gor=156
[01:44:50 load ] offered=      42/s push=      42/s pop=      42/s ack=      42/s shed=      0/s inflight=    0 | e2e p50=  18.30 p99=  296.96 ms | pushRTT p50=  7.90 p99=  91.65 ms | lag=-4150 | err push=26997 pop=664279 ack=569 (429=555362 403=0 5xx=135141 to=1342 conn=0) empty=17850 cross=0 gor=156
[01:49:50 load ] offered=      42/s push=      42/s pop=      42/s ack=      42/s shed=      0/s inflight=    0 | e2e p50=  13.89 p99=  232.45 ms | pushRTT p50=  5.92 p99=  33.02 ms | lag=-4150 | err push=26997 pop=664279 ack=569 (429=555362 403=0 5xx=135141 to=1342 conn=0) empty=17922 cross=0 gor=156
[01:54:50 load ] offered=      42/s push=      42/s pop=      42/s ack=      42/s shed=      0/s inflight=    0 | e2e p50=  19.33 p99=  350.21 ms | pushRTT p50=  8.26 p99=  91.65 ms | lag=-4150 | err push=26997 pop=664279 ack=569 (429=555362 403=0 5xx=135141 to=1342 conn=0) empty=17967 cross=0 gor=156
[01:59:50 load ] offered=      42/s push=      42/s pop=      42/s ack=      42/s shed=      0/s inflight=    0 | e2e p50=  17.28 p99=  104.96 ms | pushRTT p50=  7.84 p99=  60.16 ms | lag=-4150 | err push=26997 pop=664279 ack=569 (429=555362 403=0 5xx=135141 to=1342 conn=0) empty=18011 cross=0 gor=156
[02:04:50 load ] offered=      42/s push=      42/s pop=      42/s ack=      42/s shed=      0/s inflight=    0 | e2e p50=  19.84 p99=  366.59 ms | pushRTT p50=  8.64 p99= 121.34 ms | lag=-4150 | err push=26997 pop=664279 ack=569 (429=555362 403=0 5xx=135141 to=1342 conn=0) empty=18050 cross=0 gor=156
[02:09:50 load ] offered=      42/s push=      42/s pop=      42/s ack=      42/s shed=      0/s inflight=    0 | e2e p50=  17.02 p99=  191.49 ms | pushRTT p50=  7.33 p99=  59.65 ms | lag=-4150 | err push=26997 pop=664279 ack=569 (429=555362 403=0 5xx=135141 to=1342 conn=0) empty=18095 cross=0 gor=156
[02:14:50 load ] offered=      42/s push=      42/s pop=      42/s ack=      42/s shed=      0/s inflight=    0 | e2e p50=  20.61 p99=  329.73 ms | pushRTT p50=  9.02 p99= 100.86 ms | lag=-4150 | err push=26997 pop=664279 ack=569 (429=555362 403=0 5xx=135141 to=1342 conn=0) empty=18130 cross=0 gor=156
[02:19:50 load ] offered=      42/s push=      42/s pop=      42/s ack=      42/s shed=      0/s inflight=    0 | e2e p50=  13.76 p99=  313.34 ms | pushRTT p50=  5.86 p99=  38.66 ms | lag=-4150 | err push=26997 pop=664279 ack=569 (429=555362 403=0 5xx=135141 to=1342 conn=0) empty=18193 cross=0 gor=156
[02:24:50 load ] offered=      42/s push=      42/s pop=      42/s ack=      42/s shed=      0/s inflight=    0 | e2e p50=  19.84 p99=  374.78 ms | pushRTT p50=  8.26 p99=  96.77 ms | lag=-4150 | err push=26997 pop=664279 ack=569 (429=555362 403=0 5xx=135141 to=1342 conn=0) empty=18244 cross=0 gor=156
[02:29:50 load ] offered=      42/s push=      42/s pop=      42/s ack=      42/s shed=      0/s inflight=    0 | e2e p50=  19.33 p99=  317.44 ms | pushRTT p50=  8.77 p99=  63.23 ms | lag=-4150 | err push=26997 pop=664279 ack=569 (429=555362 403=0 5xx=135141 to=1342 conn=0) empty=18287 cross=0 gor=156
[02:34:50 load ] offered=      42/s push=      42/s pop=      42/s ack=      42/s shed=      0/s inflight=    2 | e2e p50=  20.61 p99=  325.63 ms | pushRTT p50=  8.77 p99= 100.86 ms | lag=-4148 | err push=26997 pop=664279 ack=569 (429=555362 403=0 5xx=135141 to=1342 conn=0) empty=18327 cross=0 gor=158
[02:39:50 load ] offered=      42/s push=      43/s pop=      43/s ack=      42/s shed=      0/s inflight=    0 | e2e p50=  19.07 p99=  220.16 ms | pushRTT p50=  8.26 p99=  76.29 ms | lag=-4149 | err push=26997 pop=664279 ack=569 (429=555362 403=0 5xx=135141 to=1342 conn=0) empty=18360 cross=0 gor=156
[02:44:50 load ] offered=      42/s push=      42/s pop=      43/s ack=      43/s shed=      0/s inflight=    0 | e2e p50=  17.79 p99=  305.15 ms | pushRTT p50=  7.84 p99=  95.74 ms | lag=-4150 | err push=26997 pop=664279 ack=569 (429=555362 403=0 5xx=135141 to=1342 conn=0) empty=18395 cross=0 gor=156
[02:49:50 load ] offered=      42/s push=      42/s pop=      42/s ack=      42/s shed=      0/s inflight=    0 | e2e p50=  14.66 p99=  109.06 ms | pushRTT p50=  6.18 p99=  37.63 ms | lag=-4150 | err push=26997 pop=664279 ack=569 (429=555362 403=0 5xx=135141 to=1342 conn=0) empty=18454 cross=0 gor=156
[02:54:50 load ] offered=      42/s push=      42/s pop=      42/s ack=      42/s shed=      0/s inflight=    0 | e2e p50=  17.79 p99=  366.59 ms | pushRTT p50=  7.71 p99=  95.74 ms | lag=-4150 | err push=26997 pop=664279 ack=569 (429=555362 403=0 5xx=135141 to=1342 conn=0) empty=18501 cross=0 gor=156
[02:59:50 load ] offered=      42/s push=      42/s pop=      42/s ack=      42/s shed=      0/s inflight=    0 | e2e p50=  21.38 p99=  144.38 ms | pushRTT p50=  9.66 p99=  55.55 ms | lag=-4150 | err push=26997 pop=664279 ack=569 (429=555362 403=0 5xx=135141 to=1342 conn=0) empty=18539 cross=0 gor=156
[03:04:50 load ] offered=      42/s push=      42/s pop=      42/s ack=      42/s shed=      0/s inflight=    0 | e2e p50=  21.12 p99=  325.63 ms | pushRTT p50=  8.77 p99=  94.72 ms | lag=-4150 | err push=26997 pop=664279 ack=569 (429=555362 403=0 5xx=135141 to=1342 conn=0) empty=18584 cross=0 gor=156
[03:09:50 load ] offered=      42/s push=      42/s pop=      42/s ack=      42/s shed=      0/s inflight=    0 | e2e p50=  19.58 p99=  171.01 ms | pushRTT p50=  8.38 p99=  64.26 ms | lag=-4150 | err push=26997 pop=664279 ack=569 (429=555362 403=0 5xx=135141 to=1342 conn=0) empty=18626 cross=0 gor=156
[03:14:50 load ] offered=      42/s push=      42/s pop=      42/s ack=      42/s shed=      0/s inflight=    0 | e2e p50=  18.82 p99=  280.58 ms | pushRTT p50=  8.10 p99=  86.53 ms | lag=-4150 | err push=26997 pop=664279 ack=569 (429=555362 403=0 5xx=135141 to=1342 conn=0) empty=18666 cross=0 gor=156
[03:19:50 load ] offered=      42/s push=      42/s pop=      42/s ack=      42/s shed=      0/s inflight=    0 | e2e p50=  14.53 p99=  317.44 ms | pushRTT p50=  6.11 p99=  42.75 ms | lag=-4150 | err push=26997 pop=664279 ack=569 (429=555362 403=0 5xx=135141 to=1342 conn=0) empty=18722 cross=0 gor=156
[03:24:50 load ] offered=      42/s push=      42/s pop=      42/s ack=      42/s shed=      0/s inflight=    0 | e2e p50=  16.77 p99=  250.88 ms | pushRTT p50=  7.20 p99=  86.53 ms | lag=-4150 | err push=26997 pop=664279 ack=569 (429=555362 403=0 5xx=135141 to=1342 conn=0) empty=18775 cross=0 gor=156
[03:29:50 load ] offered=      42/s push=      42/s pop=      42/s ack=      42/s shed=      0/s inflight=    0 | e2e p50=  17.28 p99=  280.58 ms | pushRTT p50=  7.65 p99=  49.92 ms | lag=-4150 | err push=26997 pop=664279 ack=569 (429=555362 403=0 5xx=135141 to=1342 conn=0) empty=18835 cross=0 gor=156
[03:34:50 load ] offered=      42/s push=      42/s pop=      42/s ack=      42/s shed=      0/s inflight=    0 | e2e p50=  26.75 p99=  354.30 ms | pushRTT p50= 11.33 p99= 118.27 ms | lag=-4150 | err push=26997 pop=664279 ack=569 (429=555362 403=0 5xx=135141 to=1342 conn=0) empty=18859 cross=0 gor=156
[03:39:50 load ] offered=      42/s push=      42/s pop=      42/s ack=      43/s shed=      0/s inflight=    0 | e2e p50=  18.05 p99=  150.53 ms | pushRTT p50=  7.78 p99=  60.67 ms | lag=-4150 | err push=26997 pop=664279 ack=569 (429=555362 403=0 5xx=135141 to=1342 conn=0) empty=18903 cross=0 gor=156
[03:44:50 load ] offered=      42/s push=      42/s pop=      42/s ack=      42/s shed=      0/s inflight=    0 | e2e p50=  20.35 p99=  301.06 ms | pushRTT p50=  8.77 p99=  98.82 ms | lag=-4150 | err push=26997 pop=664279 ack=569 (429=555362 403=0 5xx=135141 to=1342 conn=0) empty=18937 cross=0 gor=156
[03:49:50 load ] offered=      42/s push=      42/s pop=      42/s ack=      42/s shed=      0/s inflight=    0 | e2e p50=  15.42 p99=  175.10 ms | pushRTT p50=  6.62 p99=  40.70 ms | lag=-4150 | err push=26997 pop=664279 ack=569 (429=555362 403=0 5xx=135141 to=1342 conn=0) empty=18990 cross=0 gor=156
[03:54:50 load ] offered=      42/s push=      42/s pop=      42/s ack=      42/s shed=      0/s inflight=    0 | e2e p50=  18.56 p99=  284.67 ms | pushRTT p50=  7.97 p99=  92.67 ms | lag=-4149 | err push=26997 pop=664279 ack=569 (429=555362 403=0 5xx=135141 to=1342 conn=0) empty=19029 cross=0 gor=156
[03:59:50 load ] offered=      42/s push=      42/s pop=      43/s ack=      43/s shed=      0/s inflight=    0 | e2e p50=  18.56 p99=  309.25 ms | pushRTT p50=  8.38 p99=  55.04 ms | lag=-4150 | err push=26997 pop=664279 ack=569 (429=555362 403=0 5xx=135141 to=1342 conn=0) empty=19075 cross=0 gor=156
[04:04:50 load ] offered=      42/s push=      42/s pop=      42/s ack=      42/s shed=      0/s inflight=    0 | e2e p50=  22.91 p99=  403.46 ms | pushRTT p50=  9.66 p99=  95.74 ms | lag=-4143 | err push=26997 pop=664279 ack=569 (429=555362 403=0 5xx=135141 to=1342 conn=0) empty=19100 cross=0 gor=156
[04:09:50 load ] offered=      42/s push=      42/s pop=      43/s ack=      43/s shed=      0/s inflight=    0 | e2e p50=  21.89 p99=  440.32 ms | pushRTT p50=  9.15 p99=  84.48 ms | lag=-4148 | err push=26997 pop=664279 ack=569 (429=555362 403=0 5xx=135141 to=1342 conn=0) empty=19129 cross=0 gor=156
[04:14:50 load ] offered=      42/s push=      42/s pop=      43/s ack=      43/s shed=      0/s inflight=    0 | e2e p50=  20.61 p99=  325.63 ms | pushRTT p50=  8.77 p99=  93.70 ms | lag=-4150 | err push=26997 pop=664279 ack=569 (429=555362 403=0 5xx=135141 to=1342 conn=0) empty=19164 cross=0 gor=156
[04:19:50 load ] offered=      42/s push=      42/s pop=      42/s ack=      42/s shed=      0/s inflight=    0 | e2e p50=  16.32 p99=  185.34 ms | pushRTT p50=  6.94 p99=  63.74 ms | lag=-4150 | err push=26997 pop=664279 ack=569 (429=555362 403=0 5xx=135141 to=1342 conn=0) empty=19218 cross=0 gor=156
[04:24:50 load ] offered=      42/s push=      42/s pop=      42/s ack=      42/s shed=      0/s inflight=    0 | e2e p50=  17.02 p99=  313.34 ms | pushRTT p50=  7.33 p99= 102.91 ms | lag=-4143 | err push=26997 pop=664279 ack=569 (429=555362 403=0 5xx=135141 to=1342 conn=0) empty=19264 cross=0 gor=156
[04:29:50 load ] offered=      42/s push=      42/s pop=      43/s ack=      43/s shed=      0/s inflight=    0 | e2e p50=  20.35 p99=  142.34 ms | pushRTT p50=  9.15 p99=  59.14 ms | lag=-4150 | err push=26997 pop=664279 ack=569 (429=555362 403=0 5xx=135141 to=1342 conn=0) empty=19309 cross=0 gor=156
[04:34:50 load ] offered=      42/s push=      42/s pop=      42/s ack=      42/s shed=      0/s inflight=    0 | e2e p50=  24.45 p99=  436.22 ms | pushRTT p50= 10.05 p99= 107.01 ms | lag=-4150 | err push=26997 pop=664279 ack=569 (429=555362 403=0 5xx=135141 to=1342 conn=0) empty=19341 cross=0 gor=156
[04:39:50 load ] offered=      42/s push=      42/s pop=      42/s ack=      42/s shed=      0/s inflight=    0 | e2e p50=  21.38 p99=  226.30 ms | pushRTT p50=  9.41 p99=  86.53 ms | lag=-4150 | err push=26997 pop=664279 ack=569 (429=555362 403=0 5xx=135141 to=1342 conn=0) empty=19373 cross=0 gor=156
[04:44:50 load ] offered=      42/s push=      42/s pop=      42/s ack=      42/s shed=      0/s inflight=    0 | e2e p50=  20.10 p99=  280.58 ms | pushRTT p50=  8.51 p99=  81.41 ms | lag=-4150 | err push=26997 pop=664279 ack=569 (429=555362 403=0 5xx=135141 to=1342 conn=0) empty=19411 cross=0 gor=156
[04:49:50 load ] offered=      42/s push=      42/s pop=      42/s ack=      42/s shed=      0/s inflight=    0 | e2e p50=  17.28 p99=  248.83 ms | pushRTT p50=  7.46 p99=  60.67 ms | lag=-4150 | err push=26997 pop=664279 ack=569 (429=555362 403=0 5xx=135141 to=1342 conn=0) empty=19453 cross=0 gor=156
[04:54:50 load ] offered=      42/s push=      42/s pop=      42/s ack=      42/s shed=      0/s inflight=    0 | e2e p50=  17.79 p99=  419.84 ms | pushRTT p50=  7.58 p99= 100.86 ms | lag=-4150 | err push=26997 pop=664279 ack=569 (429=555362 403=0 5xx=135141 to=1342 conn=0) empty=19503 cross=0 gor=156
[04:59:50 load ] offered=      42/s push=      42/s pop=      42/s ack=      42/s shed=      0/s inflight=    0 | e2e p50=  20.61 p99=  509.95 ms | pushRTT p50=  9.02 p99=  49.92 ms | lag=-4150 | err push=26997 pop=664279 ack=569 (429=555362 403=0 5xx=135141 to=1342 conn=0) empty=19547 cross=0 gor=156
[05:04:50 load ] offered=      42/s push=      42/s pop=      42/s ack=      42/s shed=      0/s inflight=    0 | e2e p50=  24.45 p99=  313.34 ms | pushRTT p50= 10.56 p99= 104.96 ms | lag=-4150 | err push=26997 pop=664279 ack=569 (429=555362 403=0 5xx=135141 to=1342 conn=0) empty=19575 cross=0 gor=156
[05:09:50 load ] offered=      42/s push=      42/s pop=      42/s ack=      42/s shed=      0/s inflight=    0 | e2e p50=  20.35 p99=  126.46 ms | pushRTT p50=  8.77 p99=  59.65 ms | lag=-4150 | err push=26997 pop=664279 ack=569 (429=555362 403=0 5xx=135141 to=1342 conn=0) empty=19616 cross=0 gor=156
[05:14:50 load ] offered=      42/s push=      42/s pop=      42/s ack=      42/s shed=      0/s inflight=    0 | e2e p50=  21.12 p99=  244.74 ms | pushRTT p50=  8.90 p99=  92.67 ms | lag=-4150 | err push=26997 pop=664279 ack=569 (429=555362 403=0 5xx=135141 to=1342 conn=0) empty=19653 cross=0 gor=156
[05:19:50 load ] offered=      42/s push=      42/s pop=      42/s ack=      42/s shed=      0/s inflight=    0 | e2e p50=  14.78 p99=  119.30 ms | pushRTT p50=  6.18 p99=  43.78 ms | lag=-4150 | err push=26997 pop=664279 ack=569 (429=555362 403=0 5xx=135141 to=1342 conn=0) empty=19716 cross=0 gor=156
[05:24:50 load ] offered=      42/s push=      42/s pop=      42/s ack=      42/s shed=      0/s inflight=    0 | e2e p50=  17.54 p99=  234.50 ms | pushRTT p50=  7.39 p99=  85.50 ms | lag=-4150 | err push=26997 pop=664279 ack=569 (429=555362 403=0 5xx=135141 to=1342 conn=0) empty=19765 cross=0 gor=156
[05:29:50 load ] offered=      42/s push=      42/s pop=      42/s ack=      42/s shed=      0/s inflight=    0 | e2e p50=  22.40 p99=  248.83 ms | pushRTT p50= 10.18 p99=  58.62 ms | lag=-4150 | err push=26997 pop=664279 ack=569 (429=555362 403=0 5xx=135141 to=1342 conn=0) empty=19800 cross=0 gor=156
[05:34:50 load ] offered=      42/s push=      42/s pop=      42/s ack=      42/s shed=      0/s inflight=    0 | e2e p50=  22.66 p99=  342.02 ms | pushRTT p50=  9.54 p99=  90.62 ms | lag=-4150 | err push=26997 pop=664279 ack=569 (429=555362 403=0 5xx=135141 to=1342 conn=0) empty=19833 cross=0 gor=156
[05:39:50 load ] offered=      42/s push=      42/s pop=      42/s ack=      42/s shed=      0/s inflight=    0 | e2e p50=  22.14 p99=  244.74 ms | pushRTT p50=  9.41 p99=  62.72 ms | lag=-4150 | err push=26997 pop=664279 ack=569 (429=555362 403=0 5xx=135141 to=1342 conn=0) empty=19869 cross=0 gor=156
[05:44:50 load ] offered=      42/s push=      42/s pop=      42/s ack=      42/s shed=      0/s inflight=    0 | e2e p50=  24.96 p99=  280.58 ms | pushRTT p50= 10.69 p99= 108.03 ms | lag=-4150 | err push=26997 pop=664279 ack=569 (429=555362 403=0 5xx=135141 to=1342 conn=0) empty=19899 cross=0 gor=156
[05:49:50 load ] offered=      42/s push=      42/s pop=      42/s ack=      42/s shed=      0/s inflight=    0 | e2e p50=  25.22 p99=  254.98 ms | pushRTT p50= 11.07 p99=  75.26 ms | lag=-4150 | err push=26997 pop=664279 ack=569 (429=555362 403=0 5xx=135141 to=1342 conn=0) empty=19937 cross=0 gor=156
[05:54:50 load ] offered=      42/s push=      42/s pop=      42/s ack=      42/s shed=      0/s inflight=    0 | e2e p50=  18.56 p99=  276.48 ms | pushRTT p50=  8.03 p99=  99.84 ms | lag=-4150 | err push=26997 pop=664279 ack=569 (429=555362 403=0 5xx=135141 to=1342 conn=0) empty=19983 cross=0 gor=156
[05:59:50 load ] offered=      42/s push=      42/s pop=      42/s ack=      42/s shed=      0/s inflight=    0 | e2e p50=  25.73 p99=  337.92 ms | pushRTT p50= 11.71 p99=  83.46 ms | lag=-4150 | err push=26997 pop=664279 ack=569 (429=555362 403=0 5xx=135141 to=1342 conn=0) empty=20017 cross=0 gor=156
[06:04:50 load ] offered=      42/s push=      42/s pop=      42/s ack=      42/s shed=      0/s inflight=    0 | e2e p50=  22.14 p99=  224.26 ms | pushRTT p50=  9.54 p99=  99.84 ms | lag=-4150 | err push=26997 pop=664279 ack=569 (429=555362 403=0 5xx=135141 to=1342 conn=0) empty=20042 cross=0 gor=156
[06:09:50 load ] offered=      42/s push=      42/s pop=      42/s ack=      42/s shed=      0/s inflight=    0 | e2e p50=  24.45 p99=  171.01 ms | pushRTT p50= 10.69 p99=  73.22 ms | lag=-4150 | err push=26997 pop=664279 ack=569 (429=555362 403=0 5xx=135141 to=1342 conn=0) empty=20066 cross=0 gor=156
[06:14:50 load ] offered=      42/s push=      42/s pop=      42/s ack=      42/s shed=      0/s inflight=    0 | e2e p50=  25.73 p99=  317.44 ms | pushRTT p50= 11.20 p99=  99.84 ms | lag=-4147 | err push=26997 pop=664279 ack=569 (429=555362 403=0 5xx=135141 to=1342 conn=0) empty=20099 cross=0 gor=156
[06:19:50 load ] offered=      42/s push=      42/s pop=      43/s ack=      43/s shed=      0/s inflight=    0 | e2e p50=  17.02 p99=  140.29 ms | pushRTT p50=  7.20 p99=  57.09 ms | lag=-4150 | err push=26997 pop=664279 ack=569 (429=555362 403=0 5xx=135141 to=1342 conn=0) empty=20154 cross=0 gor=156
[06:24:50 load ] offered=      42/s push=      42/s pop=      42/s ack=      42/s shed=      0/s inflight=    0 | e2e p50=  18.05 p99=  354.30 ms | pushRTT p50=  7.65 p99=  92.67 ms | lag=-4150 | err push=26997 pop=664279 ack=569 (429=555362 403=0 5xx=135141 to=1342 conn=0) empty=20196 cross=0 gor=156
[06:29:50 load ] offered=      42/s push=      42/s pop=      42/s ack=      42/s shed=      0/s inflight=    0 | e2e p50=  20.61 p99=  116.22 ms | pushRTT p50=  9.28 p99=  51.97 ms | lag=-4150 | err push=26997 pop=664279 ack=569 (429=555362 403=0 5xx=135141 to=1342 conn=0) empty=20236 cross=0 gor=156
[06:34:50 load ] offered=      42/s push=      42/s pop=      42/s ack=      42/s shed=      0/s inflight=    0 | e2e p50=  28.29 p99=  489.47 ms | pushRTT p50= 12.10 p99= 136.19 ms | lag=-4150 | err push=26997 pop=664279 ack=569 (429=555362 403=0 5xx=135141 to=1342 conn=0) empty=20256 cross=0 gor=156
[06:39:50 load ] offered=      42/s push=      42/s pop=      42/s ack=      43/s shed=      0/s inflight=    0 | e2e p50=  23.17 p99=  158.72 ms | pushRTT p50= 10.05 p99=  72.19 ms | lag=-4150 | err push=26997 pop=664279 ack=569 (429=555362 403=0 5xx=135141 to=1342 conn=0) empty=20293 cross=0 gor=156
[06:44:50 load ] offered=      42/s push=      42/s pop=      42/s ack=      42/s shed=      0/s inflight=    0 | e2e p50=  19.58 p99=  264.19 ms | pushRTT p50=  8.38 p99=  90.62 ms | lag=-4150 | err push=26997 pop=664279 ack=569 (429=555362 403=0 5xx=135141 to=1342 conn=0) empty=20326 cross=0 gor=156
[06:49:50 load ] offered=      42/s push=      42/s pop=      42/s ack=      42/s shed=      0/s inflight=    0 | e2e p50=  16.77 p99=  127.49 ms | pushRTT p50=  7.14 p99=  50.43 ms | lag=-4150 | err push=26997 pop=664279 ack=569 (429=555362 403=0 5xx=135141 to=1342 conn=0) empty=20385 cross=0 gor=156
[06:54:50 load ] offered=      42/s push=      42/s pop=      42/s ack=      42/s shed=      0/s inflight=    0 | e2e p50=  20.10 p99=  280.58 ms | pushRTT p50=  8.38 p99=  89.60 ms | lag=-4150 | err push=26997 pop=664279 ack=569 (429=555362 403=0 5xx=135141 to=1342 conn=0) empty=20421 cross=0 gor=156
[06:59:50 load ] offered=      42/s push=      42/s pop=      42/s ack=      42/s shed=      0/s inflight=    0 | e2e p50=  23.94 p99=  228.35 ms | pushRTT p50= 10.82 p99=  65.28 ms | lag=-4150 | err push=26997 pop=664279 ack=569 (429=555362 403=0 5xx=135141 to=1342 conn=0) empty=20456 cross=0 gor=156
[07:04:50 load ] offered=      42/s push=      42/s pop=      42/s ack=      42/s shed=      0/s inflight=    0 | e2e p50=  24.70 p99=  261.12 ms | pushRTT p50= 10.56 p99= 105.98 ms | lag=-4150 | err push=26997 pop=664279 ack=569 (429=555362 403=0 5xx=135141 to=1342 conn=0) empty=20482 cross=0 gor=156
[07:09:50 load ] offered=      42/s push=      42/s pop=      42/s ack=      42/s shed=      0/s inflight=    0 | e2e p50=  19.33 p99=  132.10 ms | pushRTT p50=  8.03 p99=  58.11 ms | lag=-4150 | err push=26997 pop=664279 ack=569 (429=555362 403=0 5xx=135141 to=1342 conn=0) empty=20509 cross=0 gor=156
[07:14:50 load ] offered=      42/s push=      42/s pop=      42/s ack=      42/s shed=      0/s inflight=    0 | e2e p50=  20.86 p99=  230.40 ms | pushRTT p50=  8.77 p99=  90.62 ms | lag=-4150 | err push=26997 pop=664279 ack=569 (429=555362 403=0 5xx=135141 to=1342 conn=0) empty=20551 cross=0 gor=156
[07:19:50 load ] offered=      42/s push=      42/s pop=      42/s ack=      42/s shed=      0/s inflight=    0 | e2e p50=  18.30 p99=  228.35 ms | pushRTT p50=  7.65 p99=  71.17 ms | lag=-4150 | err push=26997 pop=664279 ack=569 (429=555362 403=0 5xx=135141 to=1342 conn=0) empty=20600 cross=0 gor=156
[07:24:50 load ] offered=      42/s push=      42/s pop=      42/s ack=      42/s shed=      0/s inflight=    0 | e2e p50=  26.24 p99=  321.54 ms | pushRTT p50= 10.94 p99=  90.62 ms | lag=-4150 | err push=26997 pop=664279 ack=569 (429=555362 403=0 5xx=135141 to=1342 conn=0) empty=20619 cross=0 gor=156
[07:29:50 load ] offered=      42/s push=      42/s pop=      42/s ack=      42/s shed=      0/s inflight=    0 | e2e p50=  32.38 p99=  248.83 ms | pushRTT p50= 14.40 p99= 114.18 ms | lag=-4150 | err push=26997 pop=664279 ack=569 (429=555362 403=0 5xx=135141 to=1342 conn=0) empty=20638 cross=0 gor=156
[07:34:50 load ] offered=      42/s push=      42/s pop=      42/s ack=      42/s shed=      0/s inflight=    0 | e2e p50=  21.63 p99=  261.12 ms | pushRTT p50=  9.02 p99= 112.13 ms | lag=-4150 | err push=26997 pop=664279 ack=569 (429=555362 403=0 5xx=135141 to=1342 conn=0) empty=20657 cross=0 gor=156
[07:39:50 load ] offered=      42/s push=      42/s pop=      42/s ack=      42/s shed=      0/s inflight=    0 | e2e p50=  17.54 p99=  125.44 ms | pushRTT p50=  7.14 p99=  55.55 ms | lag=-4150 | err push=26997 pop=664279 ack=569 (429=555362 403=0 5xx=135141 to=1342 conn=0) empty=20700 cross=0 gor=156
[07:44:50 load ] offered=      42/s push=      42/s pop=      42/s ack=      42/s shed=      0/s inflight=    0 | e2e p50=  17.54 p99=  214.02 ms | pushRTT p50=  7.46 p99=  80.38 ms | lag=-4150 | err push=26997 pop=664279 ack=569 (429=555362 403=0 5xx=135141 to=1342 conn=0) empty=20736 cross=0 gor=156
[07:49:50 load ] offered=      42/s push=      42/s pop=      42/s ack=      43/s shed=      0/s inflight=    0 | e2e p50=  18.56 p99=  195.58 ms | pushRTT p50=  7.58 p99=  63.23 ms | lag=-4150 | err push=26997 pop=664279 ack=569 (429=555362 403=0 5xx=135141 to=1342 conn=0) empty=20787 cross=0 gor=156
[07:54:50 load ] offered=      42/s push=      42/s pop=      42/s ack=      42/s shed=      0/s inflight=    0 | e2e p50=  20.86 p99=  242.69 ms | pushRTT p50=  9.02 p99=  90.62 ms | lag=-4150 | err push=26997 pop=664279 ack=569 (429=555362 403=0 5xx=135141 to=1342 conn=0) empty=20831 cross=0 gor=156
[07:59:50 load ] offered=      42/s push=      42/s pop=      42/s ack=      42/s shed=      0/s inflight=    0 | e2e p50=  36.61 p99=  214.02 ms | pushRTT p50= 17.54 p99= 117.25 ms | lag=-4150 | err push=26997 pop=664279 ack=569 (429=555362 403=0 5xx=135141 to=1342 conn=0) empty=20842 cross=0 gor=156
[08:04:50 load ] offered=      42/s push=      42/s pop=      42/s ack=      42/s shed=      0/s inflight=    0 | e2e p50=  27.52 p99=  214.02 ms | pushRTT p50= 11.84 p99=  88.58 ms | lag=-4150 | err push=26997 pop=664279 ack=569 (429=555362 403=0 5xx=135141 to=1342 conn=0) empty=20859 cross=0 gor=156
[08:09:50 load ] offered=      42/s push=      42/s pop=      42/s ack=      42/s shed=      0/s inflight=    0 | e2e p50=  28.03 p99=  181.25 ms | pushRTT p50= 12.35 p99=  73.22 ms | lag=-4150 | err push=26997 pop=664279 ack=569 (429=555362 403=0 5xx=135141 to=1342 conn=0) empty=20878 cross=0 gor=156
[08:14:50 load ] offered=      42/s push=      42/s pop=      42/s ack=      42/s shed=      0/s inflight=    0 | e2e p50=  25.47 p99=  321.54 ms | pushRTT p50= 10.43 p99=  92.67 ms | lag=-4150 | err push=26997 pop=664279 ack=569 (429=555362 403=0 5xx=135141 to=1342 conn=0) empty=20904 cross=0 gor=156
[08:19:50 load ] offered=      42/s push=      42/s pop=      42/s ack=      42/s shed=      0/s inflight=    0 | e2e p50=  20.61 p99=  134.14 ms | pushRTT p50=  8.77 p99=  54.53 ms | lag=-4150 | err push=26997 pop=664279 ack=569 (429=555362 403=0 5xx=135141 to=1342 conn=0) empty=20954 cross=0 gor=156
[08:24:50 load ] offered=      42/s push=      42/s pop=      42/s ack=      42/s shed=      0/s inflight=    0 | e2e p50=  19.58 p99=  246.78 ms | pushRTT p50=  7.90 p99=  84.48 ms | lag=-4150 | err push=26997 pop=664279 ack=569 (429=555362 403=0 5xx=135141 to=1342 conn=0) empty=20988 cross=0 gor=156
[08:29:50 load ] offered=      42/s push=      42/s pop=      42/s ack=      42/s shed=      0/s inflight=    0 | e2e p50=  29.31 p99=  411.65 ms | pushRTT p50= 12.22 p99=  71.17 ms | lag=-4150 | err push=26997 pop=664279 ack=569 (429=555362 403=0 5xx=135141 to=1342 conn=0) empty=21009 cross=0 gor=156
[08:34:50 load ] offered=      42/s push=      42/s pop=      42/s ack=      42/s shed=      0/s inflight=    0 | e2e p50=  25.22 p99=  228.35 ms | pushRTT p50= 10.05 p99= 118.27 ms | lag=-4150 | err push=26997 pop=664279 ack=569 (429=555362 403=0 5xx=135141 to=1342 conn=0) empty=21031 cross=0 gor=156
[08:39:50 load ] offered=      42/s push=      42/s pop=      42/s ack=      43/s shed=      0/s inflight=    0 | e2e p50=  27.26 p99=  144.38 ms | pushRTT p50= 11.07 p99=  77.31 ms | lag=-4150 | err push=26997 pop=664279 ack=569 (429=555362 403=0 5xx=135141 to=1342 conn=0) empty=21046 cross=0 gor=156
[08:44:50 load ] offered=      42/s push=      42/s pop=      42/s ack=      42/s shed=      0/s inflight=    0 | e2e p50=  23.68 p99=  284.67 ms | pushRTT p50=  8.90 p99=  79.36 ms | lag=-4147 | err push=26997 pop=664279 ack=569 (429=555362 403=0 5xx=135141 to=1342 conn=0) empty=21078 cross=0 gor=156
[08:49:50 load ] offered=      42/s push=      42/s pop=      43/s ack=      43/s shed=      0/s inflight=    0 | e2e p50=  20.86 p99=  378.88 ms | pushRTT p50=  8.10 p99=  65.28 ms | lag=-4150 | err push=26997 pop=664279 ack=569 (429=555362 403=0 5xx=135141 to=1342 conn=0) empty=21120 cross=0 gor=156
[08:54:50 load ] offered=      42/s push=      42/s pop=      42/s ack=      42/s shed=      0/s inflight=    0 | e2e p50=  21.38 p99=  242.69 ms | pushRTT p50=  8.64 p99=  94.72 ms | lag=-4145 | err push=26997 pop=664279 ack=569 (429=555362 403=0 5xx=135141 to=1342 conn=0) empty=21151 cross=0 gor=156
[08:59:50 load ] offered=      42/s push=      42/s pop=      43/s ack=      43/s shed=      0/s inflight=    0 | e2e p50=  34.05 p99=  185.34 ms | pushRTT p50= 15.17 p99= 117.25 ms | lag=-4150 | err push=26997 pop=664279 ack=569 (429=555362 403=0 5xx=135141 to=1342 conn=0) empty=21169 cross=0 gor=156
[09:04:50 load ] offered=      42/s push=      42/s pop=      42/s ack=      42/s shed=      0/s inflight=    0 | e2e p50=  28.80 p99=  242.69 ms | pushRTT p50= 11.71 p99= 102.91 ms | lag=-4150 | err push=26997 pop=664279 ack=569 (429=555362 403=0 5xx=135141 to=1342 conn=0) empty=21181 cross=0 gor=158
[09:09:50 load ] offered=      42/s push=      42/s pop=      42/s ack=      42/s shed=      0/s inflight=    0 | e2e p50=  25.73 p99=  257.02 ms | pushRTT p50= 10.18 p99=  83.46 ms | lag=-4149 | err push=26997 pop=664279 ack=569 (429=555362 403=0 5xx=135141 to=1342 conn=0) empty=21209 cross=0 gor=156
[09:14:50 load ] offered=      42/s push=      42/s pop=      43/s ack=      43/s shed=      0/s inflight=    0 | e2e p50=  21.89 p99=  226.30 ms | pushRTT p50=  8.64 p99=  83.46 ms | lag=-4150 | err push=26997 pop=664279 ack=569 (429=555362 403=0 5xx=135141 to=1342 conn=0) empty=21252 cross=0 gor=156
[09:19:50 load ] offered=      42/s push=      42/s pop=      42/s ack=      42/s shed=      0/s inflight=    0 | e2e p50=  22.91 p99=  276.48 ms | pushRTT p50=  9.15 p99=  78.34 ms | lag=-4150 | err push=26997 pop=664279 ack=569 (429=555362 403=0 5xx=135141 to=1342 conn=0) empty=21291 cross=0 gor=156
[09:24:50 load ] offered=      42/s push=      42/s pop=      42/s ack=      42/s shed=      0/s inflight=    0 | e2e p50=  23.94 p99=  370.69 ms | pushRTT p50=  9.28 p99= 105.98 ms | lag=-4149 | err push=26997 pop=664279 ack=569 (429=555362 403=0 5xx=135141 to=1342 conn=0) empty=21322 cross=0 gor=262
[09:29:50 load ] offered=      42/s push=      42/s pop=      43/s ack=      43/s shed=      0/s inflight=    0 | e2e p50=  47.87 p99=  305.15 ms | pushRTT p50= 23.17 p99= 179.20 ms | lag=-4150 | err push=26997 pop=664279 ack=569 (429=555362 403=0 5xx=135141 to=1342 conn=0) empty=21335 cross=0 gor=156
[09:34:50 load ] offered=      42/s push=      42/s pop=      42/s ack=      42/s shed=      0/s inflight=    0 | e2e p50=  37.63 p99=  209.92 ms | pushRTT p50= 16.51 p99= 128.51 ms | lag=-4149 | err push=26997 pop=664279 ack=569 (429=555362 403=0 5xx=135141 to=1342 conn=0) empty=21344 cross=0 gor=156
[09:39:50 load ] offered=      42/s push=      42/s pop=      43/s ack=      43/s shed=      0/s inflight=    0 | e2e p50=  40.19 p99=  197.63 ms | pushRTT p50= 17.79 p99= 127.49 ms | lag=-4150 | err push=26997 pop=664279 ack=569 (429=555362 403=0 5xx=135141 to=1342 conn=0) empty=21359 cross=0 gor=156
[09:44:50 load ] offered=      42/s push=      42/s pop=      42/s ack=      42/s shed=      0/s inflight=    0 | e2e p50=  33.54 p99=  419.84 ms | pushRTT p50= 13.12 p99=  93.70 ms | lag=-4147 | err push=26997 pop=664279 ack=569 (429=555362 403=0 5xx=135141 to=1342 conn=0) empty=21383 cross=0 gor=156
[09:49:50 load ] offered=      42/s push=      42/s pop=      43/s ack=      43/s shed=      0/s inflight=    0 | e2e p50=  30.08 p99=  325.63 ms | pushRTT p50= 12.10 p99=  82.43 ms | lag=-4150 | err push=26997 pop=664279 ack=569 (429=555362 403=0 5xx=135141 to=1342 conn=0) empty=21409 cross=0 gor=156
[09:54:50 load ] offered=      42/s push=      42/s pop=      42/s ack=      42/s shed=      0/s inflight=    0 | e2e p50=  32.13 p99=  296.96 ms | pushRTT p50= 12.61 p99= 101.89 ms | lag=-4150 | err push=26997 pop=664279 ack=569 (429=555362 403=0 5xx=135141 to=1342 conn=0) empty=21425 cross=0 gor=156
[09:59:50 load ] offered=      42/s push=      42/s pop=      42/s ack=      42/s shed=      0/s inflight=    0 | e2e p50=  36.10 p99=  146.43 ms | pushRTT p50= 16.19 p99=  90.62 ms | lag=-4149 | err push=26997 pop=664279 ack=569 (429=555362 403=0 5xx=135141 to=1342 conn=0) empty=21445 cross=0 gor=156
[10:04:50 load ] offered=      42/s push=      42/s pop=      43/s ack=      43/s shed=      0/s inflight=    0 | e2e p50=  40.19 p99=  242.69 ms | pushRTT p50= 17.54 p99= 124.42 ms | lag=-4150 | err push=26997 pop=664279 ack=569 (429=555362 403=0 5xx=135141 to=1342 conn=0) empty=21458 cross=0 gor=156
[10:09:50 load ] offered=      42/s push=      42/s pop=      42/s ack=      42/s shed=      0/s inflight=    0 | e2e p50=  29.82 p99=  419.84 ms | pushRTT p50= 11.97 p99=  72.19 ms | lag=-4150 | err push=26997 pop=664279 ack=569 (429=555362 403=0 5xx=135141 to=1342 conn=0) empty=21472 cross=0 gor=156
[10:14:50 load ] offered=      42/s push=      42/s pop=      42/s ack=      42/s shed=      0/s inflight=    0 | e2e p50=  38.14 p99=  448.51 ms | pushRTT p50= 15.30 p99= 107.01 ms | lag=-4150 | err push=26997 pop=664279 ack=569 (429=555362 403=0 5xx=135141 to=1342 conn=0) empty=21485 cross=0 gor=156
[10:19:50 load ] offered=      42/s push=      42/s pop=      42/s ack=      42/s shed=      0/s inflight=    0 | e2e p50=  24.19 p99=  391.17 ms | pushRTT p50=  9.41 p99=  55.55 ms | lag=-4148 | err push=26997 pop=664279 ack=569 (429=555362 403=0 5xx=135141 to=1342 conn=0) empty=21521 cross=0 gor=156
[10:24:50 load ] offered=      42/s push=      42/s pop=      43/s ack=      43/s shed=      0/s inflight=    0 | e2e p50=  33.02 p99=  464.90 ms | pushRTT p50= 13.38 p99= 132.10 ms | lag=-4150 | err push=26997 pop=664279 ack=569 (429=555362 403=0 5xx=135141 to=1342 conn=0) empty=21533 cross=0 gor=156
[10:29:50 load ] offered=      42/s push=      42/s pop=      42/s ack=      42/s shed=      0/s inflight=    1 | e2e p50=  39.68 p99=  168.96 ms | pushRTT p50= 17.79 p99= 113.15 ms | lag=-4150 | err push=26997 pop=664279 ack=569 (429=555362 403=0 5xx=135141 to=1342 conn=0) empty=21548 cross=0 gor=157
[10:34:50 load ] offered=      42/s push=      43/s pop=      43/s ack=      43/s shed=      0/s inflight=    0 | e2e p50=  43.26 p99=  252.93 ms | pushRTT p50= 19.58 p99= 171.01 ms | lag=-4150 | err push=26997 pop=664279 ack=569 (429=555362 403=0 5xx=135141 to=1342 conn=0) empty=21556 cross=0 gor=158
[10:39:50 load ] offered=      42/s push=      42/s pop=      42/s ack=      42/s shed=      0/s inflight=    0 | e2e p50=  38.66 p99=  146.43 ms | pushRTT p50= 16.77 p99=  92.67 ms | lag=-4150 | err push=26997 pop=664279 ack=569 (429=555362 403=0 5xx=135141 to=1342 conn=0) empty=21568 cross=0 gor=156
[10:44:50 load ] offered=      42/s push=      42/s pop=      42/s ack=      42/s shed=      0/s inflight=    0 | e2e p50=  35.58 p99=  250.88 ms | pushRTT p50= 15.04 p99= 134.14 ms | lag=-4150 | err push=26997 pop=664279 ack=569 (429=555362 403=0 5xx=135141 to=1342 conn=0) empty=21576 cross=0 gor=156
[10:49:50 load ] offered=      42/s push=      42/s pop=      42/s ack=      42/s shed=      0/s inflight=    0 | e2e p50=  28.54 p99=  259.07 ms | pushRTT p50= 11.07 p99=  63.23 ms | lag=-4150 | err push=26997 pop=664279 ack=569 (429=555362 403=0 5xx=135141 to=1342 conn=0) empty=21602 cross=0 gor=156
[10:54:50 load ] offered=      42/s push=      42/s pop=      42/s ack=      42/s shed=      0/s inflight=    2 | e2e p50=  29.31 p99=  432.13 ms | pushRTT p50= 11.84 p99=  94.72 ms | lag=-4146 | err push=26997 pop=664279 ack=569 (429=555362 403=0 5xx=135141 to=1342 conn=0) empty=21624 cross=0 gor=158
[10:59:50 load ] offered=      42/s push=      43/s pop=      43/s ack=      43/s shed=      0/s inflight=    0 | e2e p50=  43.78 p99=  209.92 ms | pushRTT p50= 20.35 p99= 144.38 ms | lag=-4150 | err push=26997 pop=664279 ack=569 (429=555362 403=0 5xx=135141 to=1342 conn=0) empty=21636 cross=0 gor=156
[11:04:50 load ] offered=      42/s push=      42/s pop=      42/s ack=      42/s shed=      0/s inflight=    0 | e2e p50=  42.24 p99=  407.55 ms | pushRTT p50= 17.79 p99= 156.67 ms | lag=-4140 | err push=26997 pop=664279 ack=569 (429=555362 403=0 5xx=135141 to=1342 conn=0) empty=21646 cross=0 gor=156
[11:09:50 load ] offered=      42/s push=      42/s pop=      43/s ack=      43/s shed=      0/s inflight=    0 | e2e p50=  38.66 p99=  436.22 ms | pushRTT p50= 15.81 p99=  99.84 ms | lag=-4150 | err push=26997 pop=664279 ack=569 (429=555362 403=0 5xx=135141 to=1342 conn=0) empty=21655 cross=0 gor=156
[11:14:50 load ] offered=      42/s push=      42/s pop=      42/s ack=      42/s shed=      0/s inflight=    0 | e2e p50=  35.58 p99=  305.15 ms | pushRTT p50= 14.40 p99= 109.06 ms | lag=-4150 | err push=26997 pop=664279 ack=569 (429=555362 403=0 5xx=135141 to=1342 conn=0) empty=21670 cross=0 gor=156
[11:19:50 load ] offered=      42/s push=      42/s pop=      42/s ack=      42/s shed=      0/s inflight=    0 | e2e p50=  26.75 p99=  220.16 ms | pushRTT p50= 11.07 p99=  89.60 ms | lag=-4150 | err push=26997 pop=664279 ack=569 (429=555362 403=0 5xx=135141 to=1342 conn=0) empty=21697 cross=0 gor=156
[11:24:50 load ] offered=      42/s push=      42/s pop=      42/s ack=      42/s shed=      0/s inflight=    0 | e2e p50=  28.29 p99=  415.74 ms | pushRTT p50= 10.94 p99=  62.21 ms | lag=-4150 | err push=26997 pop=664279 ack=569 (429=555362 403=0 5xx=135141 to=1342 conn=0) empty=21723 cross=0 gor=156
[11:29:50 load ] offered=      42/s push=      42/s pop=      42/s ack=      42/s shed=      0/s inflight=    0 | e2e p50=  35.07 p99=  518.14 ms | pushRTT p50= 13.76 p99=  89.60 ms | lag=-4150 | err push=26997 pop=664279 ack=569 (429=555362 403=0 5xx=135141 to=1342 conn=0) empty=21740 cross=0 gor=156
[11:34:50 load ] offered=      42/s push=      42/s pop=      42/s ack=      42/s shed=      0/s inflight=    0 | e2e p50=  39.68 p99=  156.67 ms | pushRTT p50= 17.28 p99=  98.82 ms | lag=-4149 | err push=26997 pop=664279 ack=569 (429=555362 403=0 5xx=135141 to=1342 conn=0) empty=21750 cross=0 gor=156
[11:39:50 load ] offered=      42/s push=      42/s pop=      42/s ack=      42/s shed=      0/s inflight=    0 | e2e p50=  36.10 p99=  156.67 ms | pushRTT p50= 15.81 p99= 105.98 ms | lag=-4148 | err push=26997 pop=664279 ack=569 (429=555362 403=0 5xx=135141 to=1342 conn=0) empty=21765 cross=0 gor=156
[11:44:50 load ] offered=      42/s push=      42/s pop=      43/s ack=      43/s shed=      0/s inflight=    0 | e2e p50=  36.61 p99=  268.29 ms | pushRTT p50= 15.55 p99= 121.34 ms | lag=-4150 | err push=26997 pop=664279 ack=569 (429=555362 403=0 5xx=135141 to=1342 conn=0) empty=21783 cross=0 gor=156
[11:49:50 load ] offered=      42/s push=      42/s pop=      42/s ack=      42/s shed=      0/s inflight=    0 | e2e p50=  28.54 p99=  220.16 ms | pushRTT p50= 11.58 p99=  78.34 ms | lag=-4149 | err push=26997 pop=664279 ack=569 (429=555362 403=0 5xx=135141 to=1342 conn=0) empty=21805 cross=0 gor=156
[11:54:50 load ] offered=      42/s push=      42/s pop=      43/s ack=      43/s shed=      0/s inflight=    0 | e2e p50=  27.01 p99=  146.43 ms | pushRTT p50= 10.82 p99=  66.05 ms | lag=-4150 | err push=26997 pop=664279 ack=569 (429=555362 403=0 5xx=135141 to=1342 conn=0) empty=21831 cross=0 gor=156
[11:59:50 load ] offered=      42/s push=      42/s pop=      42/s ack=      42/s shed=      0/s inflight=    1 | e2e p50=  42.24 p99=  284.67 ms | pushRTT p50= 19.33 p99= 144.38 ms | lag=-4147 | err push=26997 pop=664279 ack=569 (429=555362 403=0 5xx=135141 to=1342 conn=0) empty=21843 cross=0 gor=157
[12:04:50 load ] offered=      42/s push=      43/s pop=      43/s ack=      43/s shed=      0/s inflight=    0 | e2e p50=  38.66 p99=  209.92 ms | pushRTT p50= 17.02 p99= 136.19 ms | lag=-4150 | err push=26997 pop=664279 ack=569 (429=555362 403=0 5xx=135141 to=1342 conn=0) empty=21862 cross=0 gor=156
[12:09:50 load ] offered=      42/s push=      42/s pop=      42/s ack=      42/s shed=      0/s inflight=    2 | e2e p50=  36.10 p99=  201.73 ms | pushRTT p50= 15.68 p99= 115.20 ms | lag=-4150 | err push=26997 pop=664279 ack=569 (429=555362 403=0 5xx=135141 to=1342 conn=0) empty=21874 cross=0 gor=158
[12:14:50 load ] offered=      42/s push=      43/s pop=      43/s ack=      43/s shed=      0/s inflight=    0 | e2e p50=  33.02 p99=  199.68 ms | pushRTT p50= 13.76 p99=  89.60 ms | lag=-4150 | err push=26997 pop=664279 ack=569 (429=555362 403=0 5xx=135141 to=1342 conn=0) empty=21895 cross=0 gor=156
[12:19:50 load ] offered=      42/s push=      42/s pop=      42/s ack=      42/s shed=      0/s inflight=    0 | e2e p50=  34.56 p99=  222.21 ms | pushRTT p50= 14.66 p99= 101.89 ms | lag=-4150 | err push=26997 pop=664279 ack=569 (429=555362 403=0 5xx=135141 to=1342 conn=0) empty=21909 cross=0 gor=156
[12:24:50 load ] offered=      42/s push=      42/s pop=      42/s ack=      42/s shed=      0/s inflight=    0 | e2e p50=  30.85 p99=  156.67 ms | pushRTT p50= 12.86 p99=  77.31 ms | lag=-4150 | err push=26997 pop=664279 ack=569 (429=555362 403=0 5xx=135141 to=1342 conn=0) empty=21927 cross=0 gor=156
[12:29:50 load ] offered=      42/s push=      42/s pop=      42/s ack=      42/s shed=      0/s inflight=    1 | e2e p50=  48.90 p99=  240.64 ms | pushRTT p50= 23.94 p99= 164.86 ms | lag=-4149 | err push=26997 pop=664279 ack=569 (429=555362 403=0 5xx=135141 to=1342 conn=0) empty=21936 cross=0 gor=165
[12:34:50 load ] offered=      42/s push=      43/s pop=      43/s ack=      43/s shed=      0/s inflight=    0 | e2e p50=  39.17 p99=  214.02 ms | pushRTT p50= 17.79 p99= 144.38 ms | lag=-4150 | err push=26997 pop=664279 ack=569 (429=555362 403=0 5xx=135141 to=1342 conn=0) empty=21945 cross=0 gor=156
[12:39:50 load ] offered=      42/s push=      42/s pop=      42/s ack=      42/s shed=      0/s inflight=    0 | e2e p50=  38.66 p99=  246.78 ms | pushRTT p50= 17.02 p99= 140.29 ms | lag=-4149 | err push=26997 pop=664279 ack=569 (429=555362 403=0 5xx=135141 to=1342 conn=0) empty=21956 cross=0 gor=156
[12:44:50 load ] offered=      42/s push=      42/s pop=      43/s ack=      42/s shed=      0/s inflight=    0 | e2e p50=  32.38 p99=  195.58 ms | pushRTT p50= 13.50 p99= 107.01 ms | lag=-4150 | err push=26997 pop=664279 ack=569 (429=555362 403=0 5xx=135141 to=1342 conn=0) empty=21976 cross=0 gor=156
[12:49:50 load ] offered=      42/s push=      42/s pop=      42/s ack=      42/s shed=      0/s inflight=    0 | e2e p50=  33.54 p99=  205.82 ms | pushRTT p50= 13.76 p99=  97.79 ms | lag=-4150 | err push=26997 pop=664279 ack=569 (429=555362 403=0 5xx=135141 to=1342 conn=0) empty=21990 cross=0 gor=156
[12:54:50 load ] offered=      42/s push=      42/s pop=      42/s ack=      43/s shed=      0/s inflight=    0 | e2e p50=  30.34 p99=  158.72 ms | pushRTT p50= 12.61 p99=  74.24 ms | lag=-4150 | err push=26997 pop=664279 ack=569 (429=555362 403=0 5xx=135141 to=1342 conn=0) empty=22013 cross=0 gor=156
[12:59:50 load ] offered=      42/s push=      42/s pop=      42/s ack=      42/s shed=      0/s inflight=    1 | e2e p50=  51.46 p99=  284.67 ms | pushRTT p50= 25.98 p99= 150.53 ms | lag=-4149 | err push=26997 pop=664279 ack=569 (429=555362 403=0 5xx=135141 to=1342 conn=0) empty=22023 cross=0 gor=157
[13:04:50 load ] offered=      42/s push=      42/s pop=      42/s ack=      42/s shed=      0/s inflight=    1 | e2e p50=  45.31 p99=  211.97 ms | pushRTT p50= 21.12 p99= 134.14 ms | lag=-4147 | err push=26997 pop=664279 ack=569 (429=555362 403=0 5xx=135141 to=1342 conn=0) empty=22031 cross=0 gor=157
[13:09:50 load ] offered=      42/s push=      42/s pop=      42/s ack=      42/s shed=      0/s inflight=    6 | e2e p50=  44.29 p99=  207.87 ms | pushRTT p50= 20.86 p99= 136.19 ms | lag=-4149 | err push=26997 pop=664279 ack=569 (429=555362 403=0 5xx=135141 to=1342 conn=0) empty=22040 cross=0 gor=162
[13:14:50 load ] offered=      42/s push=      43/s pop=      43/s ack=      43/s shed=      0/s inflight=    0 | e2e p50=  37.63 p99=  201.73 ms | pushRTT p50= 16.51 p99= 117.25 ms | lag=-4150 | err push=26997 pop=664279 ack=569 (429=555362 403=0 5xx=135141 to=1342 conn=0) empty=22051 cross=0 gor=156
[13:19:50 load ] offered=      42/s push=      42/s pop=      42/s ack=      42/s shed=      0/s inflight=    0 | e2e p50=  31.10 p99=  193.54 ms | pushRTT p50= 12.99 p99=  77.31 ms | lag=-4150 | err push=26997 pop=664279 ack=569 (429=555362 403=0 5xx=135141 to=1342 conn=0) empty=22065 cross=0 gor=156
[13:24:50 load ] offered=      42/s push=      42/s pop=      42/s ack=      43/s shed=      0/s inflight=    0 | e2e p50=  28.54 p99=  164.86 ms | pushRTT p50= 12.10 p99=  72.19 ms | lag=-4150 | err push=26997 pop=664279 ack=569 (429=555362 403=0 5xx=135141 to=1342 conn=0) empty=22089 cross=0 gor=156
[13:29:50 load ] offered=      42/s push=      42/s pop=      42/s ack=      42/s shed=      0/s inflight=    0 | e2e p50=  41.22 p99=  259.07 ms | pushRTT p50= 19.84 p99= 154.62 ms | lag=-4150 | err push=26997 pop=664279 ack=569 (429=555362 403=0 5xx=135141 to=1342 conn=0) empty=22097 cross=0 gor=156
[13:34:50 load ] offered=      42/s push=      42/s pop=      42/s ack=      42/s shed=      0/s inflight=    0 | e2e p50=  37.12 p99=  209.92 ms | pushRTT p50= 16.51 p99= 117.25 ms | lag=-4148 | err push=26997 pop=664279 ack=569 (429=555362 403=0 5xx=135141 to=1342 conn=0) empty=22106 cross=0 gor=156
[13:39:50 load ] offered=      42/s push=      42/s pop=      43/s ack=      43/s shed=      0/s inflight=    0 | e2e p50=  34.56 p99=  218.11 ms | pushRTT p50= 15.17 p99= 115.20 ms | lag=-4149 | err push=26997 pop=664279 ack=569 (429=555362 403=0 5xx=135141 to=1342 conn=0) empty=22125 cross=0 gor=156
[13:44:50 load ] offered=      42/s push=      42/s pop=      43/s ack=      43/s shed=      0/s inflight=    0 | e2e p50=  35.07 p99=  189.44 ms | pushRTT p50= 15.68 p99= 102.91 ms | lag=-4150 | err push=26997 pop=664279 ack=569 (429=555362 403=0 5xx=135141 to=1342 conn=0) empty=22151 cross=0 gor=156
[13:49:50 load ] offered=      42/s push=      42/s pop=      42/s ack=      42/s shed=      0/s inflight=    0 | e2e p50=  38.14 p99=  246.78 ms | pushRTT p50= 16.51 p99= 115.20 ms | lag=-4148 | err push=26997 pop=664279 ack=569 (429=555362 403=0 5xx=135141 to=1342 conn=0) empty=22172 cross=0 gor=156
[13:54:50 load ] offered=      42/s push=      42/s pop=      43/s ack=      43/s shed=      0/s inflight=    0 | e2e p50=  34.56 p99=  177.15 ms | pushRTT p50= 15.17 p99=  88.58 ms | lag=-4150 | err push=26997 pop=664279 ack=569 (429=555362 403=0 5xx=135141 to=1342 conn=0) empty=22185 cross=0 gor=156
[13:59:50 load ] offered=      42/s push=      42/s pop=      42/s ack=      42/s shed=      0/s inflight=    0 | e2e p50=  47.87 p99=  216.06 ms | pushRTT p50= 22.91 p99= 136.19 ms | lag=-4149 | err push=26997 pop=664279 ack=569 (429=555362 403=0 5xx=135141 to=1342 conn=0) empty=22192 cross=0 gor=156
[14:04:50 load ] offered=      42/s push=      42/s pop=      43/s ack=      43/s shed=      0/s inflight=    0 | e2e p50=  51.46 p99=  240.64 ms | pushRTT p50= 25.22 p99= 152.58 ms | lag=-4150 | err push=26997 pop=664279 ack=569 (429=555362 403=0 5xx=135141 to=1342 conn=0) empty=22202 cross=0 gor=156
[14:09:50 load ] offered=      42/s push=      42/s pop=      42/s ack=      42/s shed=      0/s inflight=    0 | e2e p50=  42.24 p99=  209.92 ms | pushRTT p50= 19.84 p99= 129.54 ms | lag=-4148 | err push=26997 pop=664279 ack=569 (429=555362 403=0 5xx=135141 to=1342 conn=0) empty=22213 cross=0 gor=156
[14:14:50 load ] offered=      42/s push=      42/s pop=      43/s ack=      43/s shed=      0/s inflight=    0 | e2e p50=  50.43 p99=  201.73 ms | pushRTT p50= 24.45 p99= 140.29 ms | lag=-4149 | err push=26997 pop=664279 ack=569 (429=555362 403=0 5xx=135141 to=1342 conn=0) empty=22222 cross=0 gor=156
[14:19:50 load ] offered=      42/s push=      42/s pop=      43/s ack=      42/s shed=      0/s inflight=    0 | e2e p50=  48.90 p99=  216.06 ms | pushRTT p50= 23.68 p99= 138.24 ms | lag=-4150 | err push=26997 pop=664279 ack=569 (429=555362 403=0 5xx=135141 to=1342 conn=0) empty=22233 cross=0 gor=156
[14:24:50 load ] offered=      42/s push=      42/s pop=      42/s ack=      42/s shed=      0/s inflight=    0 | e2e p50=  57.60 p99=  268.29 ms | pushRTT p50= 30.34 p99= 209.92 ms | lag=-4149 | err push=26997 pop=664279 ack=569 (429=555362 403=0 5xx=135141 to=1342 conn=0) empty=22237 cross=0 gor=156
[14:29:50 load ] offered=      42/s push=      42/s pop=      42/s ack=      42/s shed=      0/s inflight=    9 | e2e p50=  74.24 p99=  329.73 ms | pushRTT p50= 43.78 p99= 264.19 ms | lag=-4150 | err push=26997 pop=664279 ack=569 (429=555362 403=0 5xx=135141 to=1342 conn=0) empty=22242 cross=0 gor=173
[14:34:50 load ] offered=      42/s push=      43/s pop=      43/s ack=      43/s shed=      0/s inflight=    0 | e2e p50=  63.74 p99=  317.44 ms | pushRTT p50= 35.58 p99= 268.29 ms | lag=-4150 | err push=26997 pop=664279 ack=569 (429=555362 403=0 5xx=135141 to=1342 conn=0) empty=22248 cross=0 gor=160
[14:39:50 load ] offered=      42/s push=      42/s pop=      42/s ack=      42/s shed=      0/s inflight=    2 | e2e p50=  64.26 p99=  358.40 ms | pushRTT p50= 35.07 p99= 284.67 ms | lag=-4149 | err push=26997 pop=664279 ack=569 (429=555362 403=0 5xx=135141 to=1342 conn=0) empty=22253 cross=0 gor=176
[14:44:50 load ] offered=      42/s push=      42/s pop=      42/s ack=      43/s shed=      0/s inflight=    3 | e2e p50=  79.36 p99=  407.55 ms | pushRTT p50= 48.38 p99= 350.21 ms | lag=-4150 | err push=26997 pop=664279 ack=569 (429=555362 403=0 5xx=135141 to=1342 conn=0) empty=22260 cross=0 gor=189
[14:49:50 load ] offered=      42/s push=      43/s pop=      43/s ack=      43/s shed=      0/s inflight=    0 | e2e p50=  43.26 p99=  268.29 ms | pushRTT p50= 20.86 p99= 216.06 ms | lag=-4150 | err push=26997 pop=664279 ack=569 (429=555362 403=0 5xx=135141 to=1342 conn=0) empty=22273 cross=0 gor=156
[14:54:50 load ] offered=      42/s push=      42/s pop=      42/s ack=      42/s shed=      0/s inflight=    0 | e2e p50=  43.26 p99=  205.82 ms | pushRTT p50= 20.86 p99= 134.14 ms | lag=-4149 | err push=26997 pop=664279 ack=569 (429=555362 403=0 5xx=135141 to=1342 conn=0) empty=22285 cross=0 gor=156
[14:59:50 load ] offered=      42/s push=      42/s pop=      43/s ack=      43/s shed=      0/s inflight=    0 | e2e p50=  36.61 p99=  234.50 ms | pushRTT p50= 16.51 p99= 118.27 ms | lag=-4150 | err push=26997 pop=664279 ack=569 (429=555362 403=0 5xx=135141 to=1342 conn=0) empty=22304 cross=0 gor=156
[15:04:50 load ] offered=      42/s push=      42/s pop=      42/s ack=      42/s shed=      0/s inflight=    0 | e2e p50=  32.38 p99=  280.58 ms | pushRTT p50= 13.76 p99=  94.72 ms | lag=-4150 | err push=26997 pop=664279 ack=569 (429=555362 403=0 5xx=135141 to=1342 conn=0) empty=22326 cross=0 gor=156
[15:09:50 load ] offered=      42/s push=      42/s pop=      42/s ack=      42/s shed=      0/s inflight=    0 | e2e p50=  31.36 p99=  415.74 ms | pushRTT p50= 12.61 p99=  77.31 ms | lag=-4143 | err push=26997 pop=664279 ack=569 (429=555362 403=0 5xx=135141 to=1342 conn=0) empty=22341 cross=0 gor=156
[15:14:50 load ] offered=      42/s push=      42/s pop=      43/s ack=      43/s shed=      0/s inflight=    1 | e2e p50=  46.34 p99=  238.59 ms | pushRTT p50= 22.91 p99= 154.62 ms | lag=-4147 | err push=26997 pop=664279 ack=569 (429=555362 403=0 5xx=135141 to=1342 conn=0) empty=22357 cross=0 gor=157
[15:19:50 load ] offered=      42/s push=      43/s pop=      43/s ack=      43/s shed=      0/s inflight=    0 | e2e p50=  40.70 p99=  240.64 ms | pushRTT p50= 18.56 p99= 118.27 ms | lag=-4150 | err push=26997 pop=664279 ack=569 (429=555362 403=0 5xx=135141 to=1342 conn=0) empty=22368 cross=0 gor=156
[15:24:50 load ] offered=      42/s push=      42/s pop=      42/s ack=      42/s shed=      0/s inflight=    0 | e2e p50=  40.70 p99=  280.58 ms | pushRTT p50= 18.05 p99= 126.46 ms | lag=-4150 | err push=26997 pop=664279 ack=569 (429=555362 403=0 5xx=135141 to=1342 conn=0) empty=22382 cross=0 gor=156
[15:29:50 load ] offered=      42/s push=      42/s pop=      42/s ack=      43/s shed=      0/s inflight=    0 | e2e p50=  32.38 p99=  272.38 ms | pushRTT p50= 13.38 p99=  96.77 ms | lag=-4150 | err push=26997 pop=664279 ack=569 (429=555362 403=0 5xx=135141 to=1342 conn=0) empty=22407 cross=0 gor=156
[15:34:50 load ] offered=      42/s push=      42/s pop=      42/s ack=      42/s shed=      0/s inflight=    0 | e2e p50=  34.56 p99=  222.21 ms | pushRTT p50= 14.91 p99=  95.74 ms | lag=-4150 | err push=26997 pop=664279 ack=569 (429=555362 403=0 5xx=135141 to=1342 conn=0) empty=22422 cross=0 gor=156
[15:39:50 load ] offered=      42/s push=      42/s pop=      42/s ack=      42/s shed=      0/s inflight=    0 | e2e p50=  25.98 p99=  284.67 ms | pushRTT p50= 10.94 p99=  82.43 ms | lag=-4148 | err push=26997 pop=664279 ack=569 (429=555362 403=0 5xx=135141 to=1342 conn=0) empty=22450 cross=0 gor=156
[15:44:50 load ] offered=      42/s push=      42/s pop=      43/s ack=      42/s shed=      0/s inflight=    0 | e2e p50=  45.82 p99=  232.45 ms | pushRTT p50= 22.14 p99= 152.58 ms | lag=-4150 | err push=26997 pop=664279 ack=569 (429=555362 403=0 5xx=135141 to=1342 conn=0) empty=22460 cross=0 gor=156
[15:49:50 load ] offered=      42/s push=      42/s pop=      42/s ack=      43/s shed=      0/s inflight=    0 | e2e p50=  38.66 p99=  175.10 ms | pushRTT p50= 17.79 p99= 103.94 ms | lag=-4150 | err push=26997 pop=664279 ack=569 (429=555362 403=0 5xx=135141 to=1342 conn=0) empty=22476 cross=0 gor=156
[15:54:50 load ] offered=      42/s push=      42/s pop=      42/s ack=      43/s shed=      0/s inflight=    0 | e2e p50=  40.19 p99=  230.40 ms | pushRTT p50= 18.56 p99= 136.19 ms | lag=-4150 | err push=26997 pop=664279 ack=569 (429=555362 403=0 5xx=135141 to=1342 conn=0) empty=22492 cross=0 gor=156
[15:59:50 load ] offered=      42/s push=      42/s pop=      42/s ack=      43/s shed=      0/s inflight=    0 | e2e p50=  38.14 p99=  234.50 ms | pushRTT p50= 16.77 p99= 122.37 ms | lag=-4150 | err push=26997 pop=664279 ack=569 (429=555362 403=0 5xx=135141 to=1342 conn=0) empty=22511 cross=0 gor=156
[16:04:50 load ] offered=      42/s push=      42/s pop=      42/s ack=      42/s shed=      0/s inflight=    0 | e2e p50=  38.14 p99=  230.40 ms | pushRTT p50= 16.51 p99= 118.27 ms | lag=-4150 | err push=26997 pop=664279 ack=569 (429=555362 403=0 5xx=135141 to=1342 conn=0) empty=22528 cross=0 gor=156
[16:09:50 load ] offered=      42/s push=      42/s pop=      42/s ack=      42/s shed=      0/s inflight=    0 | e2e p50=  41.22 p99=  181.25 ms | pushRTT p50= 18.56 p99= 100.86 ms | lag=-4150 | err push=26997 pop=664279 ack=569 (429=555362 403=0 5xx=135141 to=1342 conn=0) empty=22538 cross=0 gor=156
[16:14:50 load ] offered=      42/s push=      42/s pop=      42/s ack=      42/s shed=      0/s inflight=    0 | e2e p50=  45.82 p99=  207.87 ms | pushRTT p50= 22.66 p99= 152.58 ms | lag=-4147 | err push=26997 pop=664279 ack=569 (429=555362 403=0 5xx=135141 to=1342 conn=0) empty=22548 cross=0 gor=156
[16:19:50 load ] offered=      42/s push=      42/s pop=      43/s ack=      43/s shed=      0/s inflight=    0 | e2e p50=  49.41 p99=  236.54 ms | pushRTT p50= 24.70 p99= 162.82 ms | lag=-4150 | err push=26997 pop=664279 ack=569 (429=555362 403=0 5xx=135141 to=1342 conn=0) empty=22561 cross=0 gor=160
[16:24:50 load ] offered=      42/s push=      42/s pop=      42/s ack=      42/s shed=      0/s inflight=    0 | e2e p50=  37.63 p99=  313.34 ms | pushRTT p50= 16.51 p99= 144.38 ms | lag=-4150 | err push=26997 pop=664279 ack=569 (429=555362 403=0 5xx=135141 to=1342 conn=0) empty=22576 cross=0 gor=156
[16:29:50 load ] offered=      42/s push=      42/s pop=      42/s ack=      42/s shed=      0/s inflight=    0 | e2e p50=  39.17 p99=  199.68 ms | pushRTT p50= 17.54 p99= 119.30 ms | lag=-4150 | err push=26997 pop=664279 ack=569 (429=555362 403=0 5xx=135141 to=1342 conn=0) empty=22598 cross=0 gor=156
[16:34:50 load ] offered=      42/s push=      42/s pop=      42/s ack=      43/s shed=      0/s inflight=    0 | e2e p50=  29.82 p99=  366.59 ms | pushRTT p50= 12.22 p99=  93.70 ms | lag=-4150 | err push=26997 pop=664279 ack=569 (429=555362 403=0 5xx=135141 to=1342 conn=0) empty=22613 cross=0 gor=156
[16:39:50 load ] offered=      42/s push=      42/s pop=      42/s ack=      42/s shed=      0/s inflight=    0 | e2e p50=  31.62 p99=  146.43 ms | pushRTT p50= 13.76 p99=  84.48 ms | lag=-4150 | err push=26997 pop=664279 ack=569 (429=555362 403=0 5xx=135141 to=1342 conn=0) empty=22640 cross=0 gor=156
[16:44:50 load ] offered=      42/s push=      42/s pop=      42/s ack=      42/s shed=      0/s inflight=    0 | e2e p50=  37.63 p99=  518.14 ms | pushRTT p50= 16.06 p99= 108.03 ms | lag=-4150 | err push=26997 pop=664279 ack=569 (429=555362 403=0 5xx=135141 to=1342 conn=0) empty=22654 cross=0 gor=156
[16:49:50 load ] offered=      42/s push=      42/s pop=      42/s ack=      42/s shed=      0/s inflight=    0 | e2e p50=  43.26 p99=  199.68 ms | pushRTT p50= 20.10 p99= 122.37 ms | lag=-4148 | err push=26997 pop=664279 ack=569 (429=555362 403=0 5xx=135141 to=1342 conn=0) empty=22668 cross=0 gor=156
[16:54:50 load ] offered=      42/s push=      42/s pop=      43/s ack=      43/s shed=      0/s inflight=    0 | e2e p50=  34.56 p99=  214.02 ms | pushRTT p50= 15.55 p99= 110.08 ms | lag=-4150 | err push=26997 pop=664279 ack=569 (429=555362 403=0 5xx=135141 to=1342 conn=0) empty=22680 cross=0 gor=156
[16:59:50 load ] offered=      42/s push=      42/s pop=      42/s ack=      42/s shed=      0/s inflight=    0 | e2e p50=  34.05 p99=  185.34 ms | pushRTT p50= 14.78 p99=  87.55 ms | lag=-4150 | err push=26997 pop=664279 ack=569 (429=555362 403=0 5xx=135141 to=1342 conn=0) empty=22699 cross=0 gor=156
[17:04:50 load ] offered=      42/s push=      42/s pop=      42/s ack=      42/s shed=      0/s inflight=    0 | e2e p50=  27.78 p99=  301.06 ms | pushRTT p50= 11.58 p99=  91.65 ms | lag=-4150 | err push=26997 pop=664279 ack=569 (429=555362 403=0 5xx=135141 to=1342 conn=0) empty=22735 cross=0 gor=156
[17:09:50 load ] offered=      42/s push=      42/s pop=      42/s ack=      43/s shed=      0/s inflight=    0 | e2e p50=  32.13 p99=  173.06 ms | pushRTT p50= 13.89 p99=  85.50 ms | lag=-4150 | err push=26997 pop=664279 ack=569 (429=555362 403=0 5xx=135141 to=1342 conn=0) empty=22761 cross=0 gor=156
[17:14:50 load ] offered=      42/s push=      42/s pop=      42/s ack=      42/s shed=      0/s inflight=    0 | e2e p50=  39.68 p99=  317.44 ms | pushRTT p50= 17.79 p99= 134.14 ms | lag=-4150 | err push=26997 pop=664279 ack=569 (429=555362 403=0 5xx=135141 to=1342 conn=0) empty=22772 cross=0 gor=156
[17:19:50 load ] offered=      42/s push=      42/s pop=      42/s ack=      42/s shed=      0/s inflight=    0 | e2e p50=  41.22 p99=  193.54 ms | pushRTT p50= 19.07 p99= 121.34 ms | lag=-4148 | err push=26997 pop=664279 ack=569 (429=555362 403=0 5xx=135141 to=1342 conn=0) empty=22786 cross=0 gor=156
[17:24:50 load ] offered=      42/s push=      42/s pop=      43/s ack=      42/s shed=      0/s inflight=    0 | e2e p50=  36.61 p99=  207.87 ms | pushRTT p50= 16.19 p99= 112.13 ms | lag=-4150 | err push=26997 pop=664279 ack=569 (429=555362 403=0 5xx=135141 to=1342 conn=0) empty=22801 cross=0 gor=156
[17:29:50 load ] offered=      42/s push=      42/s pop=      42/s ack=      42/s shed=      0/s inflight=    1 | e2e p50=  34.05 p99=  187.39 ms | pushRTT p50= 14.91 p99=  95.74 ms | lag=-4149 | err push=26997 pop=664279 ack=569 (429=555362 403=0 5xx=135141 to=1342 conn=0) empty=22816 cross=0 gor=157
[17:34:50 load ] offered=      42/s push=      43/s pop=      43/s ack=      43/s shed=      0/s inflight=    0 | e2e p50=  29.57 p99=  242.69 ms | pushRTT p50= 12.61 p99=  99.84 ms | lag=-4150 | err push=26997 pop=664279 ack=569 (429=555362 403=0 5xx=135141 to=1342 conn=0) empty=22840 cross=0 gor=156
[17:39:50 load ] offered=      42/s push=      42/s pop=      42/s ack=      42/s shed=      0/s inflight=    3 | e2e p50=  31.87 p99=  144.38 ms | pushRTT p50= 13.89 p99=  70.14 ms | lag=-4149 | err push=26997 pop=664279 ack=569 (429=555362 403=0 5xx=135141 to=1342 conn=0) empty=22860 cross=0 gor=159
[17:44:50 load ] offered=      42/s push=      43/s pop=      43/s ack=      43/s shed=      0/s inflight=    0 | e2e p50=  41.73 p99=  268.29 ms | pushRTT p50= 18.56 p99= 132.10 ms | lag=-4150 | err push=26997 pop=664279 ack=569 (429=555362 403=0 5xx=135141 to=1342 conn=0) empty=22874 cross=0 gor=156
[17:49:50 load ] offered=      42/s push=      42/s pop=      42/s ack=      42/s shed=      0/s inflight=    0 | e2e p50=  41.73 p99=  179.20 ms | pushRTT p50= 18.82 p99= 112.13 ms | lag=-4150 | err push=26997 pop=664279 ack=569 (429=555362 403=0 5xx=135141 to=1342 conn=0) empty=22895 cross=0 gor=156
[17:54:50 load ] offered=      42/s push=      42/s pop=      42/s ack=      43/s shed=      0/s inflight=    0 | e2e p50=  37.63 p99=  195.58 ms | pushRTT p50= 16.77 p99= 116.22 ms | lag=-4150 | err push=26997 pop=664279 ack=569 (429=555362 403=0 5xx=135141 to=1342 conn=0) empty=22913 cross=0 gor=156
[17:59:50 load ] offered=      42/s push=      42/s pop=      42/s ack=      42/s shed=      0/s inflight=    0 | e2e p50=  33.02 p99=  193.54 ms | pushRTT p50= 14.27 p99=  90.62 ms | lag=-4148 | err push=26997 pop=664279 ack=569 (429=555362 403=0 5xx=135141 to=1342 conn=0) empty=22934 cross=0 gor=156
[18:04:50 load ] offered=      42/s push=      42/s pop=      43/s ack=      43/s shed=      0/s inflight=    0 | e2e p50=  30.34 p99=  268.29 ms | pushRTT p50= 13.38 p99=  91.65 ms | lag=-4150 | err push=26997 pop=664279 ack=569 (429=555362 403=0 5xx=135141 to=1342 conn=0) empty=22952 cross=0 gor=156
[18:09:50 load ] offered=      42/s push=      42/s pop=      42/s ack=      42/s shed=      0/s inflight=    3 | e2e p50=  33.54 p99=  220.16 ms | pushRTT p50= 14.02 p99=  98.82 ms | lag=-4150 | err push=26997 pop=664279 ack=569 (429=555362 403=0 5xx=135141 to=1342 conn=0) empty=22974 cross=0 gor=159
[18:14:50 load ] offered=      42/s push=      43/s pop=      42/s ack=      42/s shed=      0/s inflight=    1 | e2e p50=  42.24 p99=  201.73 ms | pushRTT p50= 20.10 p99= 130.56 ms | lag=-4144 | err push=26997 pop=664279 ack=569 (429=555362 403=0 5xx=135141 to=1342 conn=0) empty=22992 cross=0 gor=157
[18:19:50 load ] offered=      42/s push=      43/s pop=      43/s ack=      43/s shed=      0/s inflight=    0 | e2e p50=  40.70 p99=  181.25 ms | pushRTT p50= 18.82 p99= 116.22 ms | lag=-4149 | err push=26997 pop=664279 ack=569 (429=555362 403=0 5xx=135141 to=1342 conn=0) empty=23011 cross=0 gor=156
[18:24:50 load ] offered=      42/s push=      42/s pop=      42/s ack=      42/s shed=      0/s inflight=    0 | e2e p50=  43.26 p99=  544.77 ms | pushRTT p50= 17.28 p99= 129.54 ms | lag=-4149 | err push=26997 pop=664279 ack=569 (429=555362 403=0 5xx=135141 to=1342 conn=0) empty=23026 cross=0 gor=156
[18:29:50 load ] offered=      42/s push=      42/s pop=      43/s ack=      43/s shed=      0/s inflight=    0 | e2e p50=  32.38 p99=  276.48 ms | pushRTT p50= 13.76 p99= 102.91 ms | lag=-4150 | err push=26997 pop=664279 ack=569 (429=555362 403=0 5xx=135141 to=1342 conn=0) empty=23047 cross=0 gor=156
[18:34:50 load ] offered=      42/s push=      42/s pop=      42/s ack=      42/s shed=      0/s inflight=    0 | e2e p50=  34.05 p99=  399.36 ms | pushRTT p50= 13.89 p99= 103.94 ms | lag=-4144 | err push=26997 pop=664279 ack=569 (429=555362 403=0 5xx=135141 to=1342 conn=0) empty=23074 cross=0 gor=156
[18:39:50 load ] offered=      42/s push=      42/s pop=      43/s ack=      43/s shed=      0/s inflight=    0 | e2e p50=  32.38 p99=  209.92 ms | pushRTT p50= 13.50 p99=  91.65 ms | lag=-4148 | err push=26997 pop=664279 ack=569 (429=555362 403=0 5xx=135141 to=1342 conn=0) empty=23092 cross=0 gor=156
[18:44:50 load ] offered=      42/s push=      42/s pop=      42/s ack=      42/s shed=      0/s inflight=    0 | e2e p50=  43.78 p99=  232.45 ms | pushRTT p50= 20.61 p99= 142.34 ms | lag=-4148 | err push=26997 pop=664279 ack=569 (429=555362 403=0 5xx=135141 to=1342 conn=0) empty=23107 cross=0 gor=156
[18:49:50 load ] offered=      42/s push=      42/s pop=      43/s ack=      43/s shed=      0/s inflight=    0 | e2e p50=  41.73 p99=  203.78 ms | pushRTT p50= 19.07 p99= 134.14 ms | lag=-4150 | err push=26997 pop=664279 ack=569 (429=555362 403=0 5xx=135141 to=1342 conn=0) empty=23116 cross=0 gor=156
[18:54:50 load ] offered=      42/s push=      42/s pop=      42/s ack=      42/s shed=      0/s inflight=    1 | e2e p50=  39.68 p99=  152.58 ms | pushRTT p50= 18.30 p99=  95.74 ms | lag=-4148 | err push=26997 pop=664279 ack=569 (429=555362 403=0 5xx=135141 to=1342 conn=0) empty=23135 cross=0 gor=157
[18:59:50 load ] offered=      42/s push=      43/s pop=      43/s ack=      43/s shed=      0/s inflight=    0 | e2e p50=  36.10 p99=  250.88 ms | pushRTT p50= 16.19 p99= 110.08 ms | lag=-4150 | err push=26997 pop=664279 ack=569 (429=555362 403=0 5xx=135141 to=1342 conn=0) empty=23145 cross=0 gor=156
[19:04:50 load ] offered=      42/s push=      42/s pop=      42/s ack=      42/s shed=      0/s inflight=    0 | e2e p50=  29.06 p99=  242.69 ms | pushRTT p50= 12.48 p99=  70.14 ms | lag=-4150 | err push=26997 pop=664279 ack=569 (429=555362 403=0 5xx=135141 to=1342 conn=0) empty=23166 cross=0 gor=156
[19:09:50 load ] offered=      42/s push=      42/s pop=      42/s ack=      42/s shed=      0/s inflight=    0 | e2e p50=  35.07 p99=  226.30 ms | pushRTT p50= 15.42 p99= 105.98 ms | lag=-4150 | err push=26997 pop=664279 ack=569 (429=555362 403=0 5xx=135141 to=1342 conn=0) empty=23183 cross=0 gor=156
[19:14:50 load ] offered=      42/s push=      42/s pop=      42/s ack=      42/s shed=      0/s inflight=    0 | e2e p50=  43.78 p99=  342.02 ms | pushRTT p50= 20.35 p99= 117.25 ms | lag=-4146 | err push=26997 pop=664279 ack=569 (429=555362 403=0 5xx=135141 to=1342 conn=0) empty=23193 cross=0 gor=156
[19:19:50 load ] offered=      42/s push=      42/s pop=      43/s ack=      43/s shed=      0/s inflight=    0 | e2e p50=  47.36 p99=  257.02 ms | pushRTT p50= 22.66 p99= 171.01 ms | lag=-4150 | err push=26997 pop=664279 ack=569 (429=555362 403=0 5xx=135141 to=1342 conn=0) empty=23203 cross=0 gor=158
[19:24:50 load ] offered=      42/s push=      42/s pop=      42/s ack=      42/s shed=      0/s inflight=    0 | e2e p50=  37.12 p99=  191.49 ms | pushRTT p50= 16.77 p99= 132.10 ms | lag=-4150 | err push=26997 pop=664279 ack=569 (429=555362 403=0 5xx=135141 to=1342 conn=0) empty=23220 cross=0 gor=156
[19:29:50 load ] offered=      42/s push=      42/s pop=      42/s ack=      42/s shed=      0/s inflight=    0 | e2e p50=  36.61 p99=  185.34 ms | pushRTT p50= 16.06 p99=  97.79 ms | lag=-4147 | err push=26997 pop=664279 ack=569 (429=555362 403=0 5xx=135141 to=1342 conn=0) empty=23234 cross=0 gor=156
[19:34:50 load ] offered=      42/s push=      42/s pop=      43/s ack=      43/s shed=      0/s inflight=    0 | e2e p50=  30.34 p99=  218.11 ms | pushRTT p50= 13.12 p99=  83.46 ms | lag=-4150 | err push=26997 pop=664279 ack=569 (429=555362 403=0 5xx=135141 to=1342 conn=0) empty=23259 cross=0 gor=156
[19:39:50 load ] offered=      42/s push=      42/s pop=      42/s ack=      42/s shed=      0/s inflight=    0 | e2e p50=  39.68 p99=  423.94 ms | pushRTT p50= 16.51 p99= 110.08 ms | lag=-4149 | err push=26997 pop=664279 ack=569 (429=555362 403=0 5xx=135141 to=1342 conn=0) empty=23268 cross=0 gor=156
[19:44:50 load ] offered=      42/s push=      42/s pop=      43/s ack=      43/s shed=      0/s inflight=    0 | e2e p50=  40.70 p99=  183.30 ms | pushRTT p50= 19.33 p99= 115.20 ms | lag=-4150 | err push=26997 pop=664279 ack=569 (429=555362 403=0 5xx=135141 to=1342 conn=0) empty=23285 cross=0 gor=156
[19:49:50 load ] offered=      42/s push=      42/s pop=      42/s ack=      42/s shed=      0/s inflight=    0 | e2e p50=  43.26 p99=  201.73 ms | pushRTT p50= 20.61 p99= 127.49 ms | lag=-4147 | err push=26997 pop=664279 ack=569 (429=555362 403=0 5xx=135141 to=1342 conn=0) empty=23299 cross=0 gor=156
[19:54:50 load ] offered=      42/s push=      42/s pop=      43/s ack=      43/s shed=      0/s inflight=    0 | e2e p50=  40.70 p99=  211.97 ms | pushRTT p50= 18.82 p99= 127.49 ms | lag=-4150 | err push=26997 pop=664279 ack=569 (429=555362 403=0 5xx=135141 to=1342 conn=0) empty=23309 cross=0 gor=156
[19:59:50 load ] offered=      42/s push=      42/s pop=      42/s ack=      42/s shed=      0/s inflight=    0 | e2e p50=  35.58 p99=  220.16 ms | pushRTT p50= 15.42 p99= 102.91 ms | lag=-4150 | err push=26997 pop=664279 ack=569 (429=555362 403=0 5xx=135141 to=1342 conn=0) empty=23319 cross=0 gor=156
[20:04:50 load ] offered=      42/s push=      42/s pop=      42/s ack=      43/s shed=      0/s inflight=    0 | e2e p50=  34.05 p99=  187.39 ms | pushRTT p50= 14.91 p99=  90.62 ms | lag=-4150 | err push=26997 pop=664279 ack=569 (429=555362 403=0 5xx=135141 to=1342 conn=0) empty=23339 cross=0 gor=156
[20:09:50 load ] offered=      42/s push=      42/s pop=      42/s ack=      42/s shed=      0/s inflight=    0 | e2e p50=  33.54 p99=  216.06 ms | pushRTT p50= 14.78 p99= 103.94 ms | lag=-4146 | err push=26997 pop=664279 ack=569 (429=555362 403=0 5xx=135141 to=1342 conn=0) empty=23358 cross=0 gor=156
[20:14:50 load ] offered=      42/s push=      42/s pop=      43/s ack=      43/s shed=      0/s inflight=    0 | e2e p50=  49.41 p99=  218.11 ms | pushRTT p50= 24.45 p99= 156.67 ms | lag=-4149 | err push=26997 pop=664279 ack=569 (429=555362 403=0 5xx=135141 to=1342 conn=0) empty=23372 cross=0 gor=156
[20:19:50 load ] offered=      42/s push=      42/s pop=      43/s ack=      43/s shed=      0/s inflight=    0 | e2e p50=  39.68 p99=  185.34 ms | pushRTT p50= 17.79 p99= 112.13 ms | lag=-4150 | err push=26997 pop=664279 ack=569 (429=555362 403=0 5xx=135141 to=1342 conn=0) empty=23380 cross=0 gor=156
[20:24:50 load ] offered=      42/s push=      42/s pop=      42/s ack=      42/s shed=      0/s inflight=    0 | e2e p50=  39.17 p99=  211.97 ms | pushRTT p50= 18.05 p99= 127.49 ms | lag=-4150 | err push=26997 pop=664279 ack=569 (429=555362 403=0 5xx=135141 to=1342 conn=0) empty=23390 cross=0 gor=156
[20:29:50 load ] offered=      42/s push=      42/s pop=      42/s ack=      43/s shed=      0/s inflight=    0 | e2e p50=  36.10 p99=  181.25 ms | pushRTT p50= 15.94 p99= 114.18 ms | lag=-4150 | err push=26997 pop=664279 ack=569 (429=555362 403=0 5xx=135141 to=1342 conn=0) empty=23416 cross=0 gor=156
[20:34:50 load ] offered=      42/s push=      42/s pop=      42/s ack=      42/s shed=      0/s inflight=    0 | e2e p50=  33.02 p99=  195.58 ms | pushRTT p50= 14.14 p99=  86.53 ms | lag=-4150 | err push=26997 pop=664279 ack=569 (429=555362 403=0 5xx=135141 to=1342 conn=0) empty=23433 cross=0 gor=156
[20:39:50 load ] offered=      42/s push=      42/s pop=      42/s ack=      42/s shed=      0/s inflight=    0 | e2e p50=  33.54 p99=  197.63 ms | pushRTT p50= 14.66 p99= 118.27 ms | lag=-4146 | err push=26997 pop=664279 ack=569 (429=555362 403=0 5xx=135141 to=1342 conn=0) empty=23452 cross=0 gor=160
[20:44:50 load ] offered=      42/s push=      42/s pop=      43/s ack=      42/s shed=      0/s inflight=    0 | e2e p50=  46.85 p99=  216.06 ms | pushRTT p50= 22.91 p99= 154.62 ms | lag=-4147 | err push=26997 pop=664279 ack=569 (429=555362 403=0 5xx=135141 to=1342 conn=0) empty=23461 cross=0 gor=156
[20:49:50 load ] offered=      42/s push=      42/s pop=      43/s ack=      43/s shed=      0/s inflight=    0 | e2e p50=  39.17 p99=  181.25 ms | pushRTT p50= 17.79 p99= 114.18 ms | lag=-4150 | err push=26997 pop=664279 ack=569 (429=555362 403=0 5xx=135141 to=1342 conn=0) empty=23476 cross=0 gor=156
[20:54:50 load ] offered=      42/s push=      42/s pop=      42/s ack=      42/s shed=      0/s inflight=    0 | e2e p50=  46.34 p99=  214.02 ms | pushRTT p50= 22.66 p99= 136.19 ms | lag=-4149 | err push=26997 pop=664279 ack=569 (429=555362 403=0 5xx=135141 to=1342 conn=0) empty=23485 cross=0 gor=156
[20:59:50 load ] offered=      42/s push=      42/s pop=      43/s ack=      43/s shed=      0/s inflight=    0 | e2e p50=  34.56 p99=  177.15 ms | pushRTT p50= 15.04 p99=  94.72 ms | lag=-4150 | err push=26997 pop=664279 ack=569 (429=555362 403=0 5xx=135141 to=1342 conn=0) empty=23504 cross=0 gor=156
[21:04:50 load ] offered=      42/s push=      42/s pop=      42/s ack=      42/s shed=      0/s inflight=    0 | e2e p50=  37.63 p99=  252.93 ms | pushRTT p50= 16.77 p99= 110.08 ms | lag=-4142 | err push=26997 pop=664279 ack=569 (429=555362 403=0 5xx=135141 to=1342 conn=0) empty=23521 cross=0 gor=156
[21:09:50 load ] offered=      42/s push=      42/s pop=      43/s ack=      43/s shed=      0/s inflight=    0 | e2e p50=  31.10 p99=  138.24 ms | pushRTT p50= 13.63 p99=  67.07 ms | lag=-4150 | err push=26997 pop=664279 ack=569 (429=555362 403=0 5xx=135141 to=1342 conn=0) empty=23543 cross=0 gor=156
[21:14:50 load ] offered=      42/s push=      42/s pop=      42/s ack=      42/s shed=      0/s inflight=    0 | e2e p50=  45.31 p99=  261.12 ms | pushRTT p50= 22.14 p99= 150.53 ms | lag=-4148 | err push=26997 pop=664279 ack=569 (429=555362 403=0 5xx=135141 to=1342 conn=0) empty=23556 cross=0 gor=156
[21:19:50 load ] offered=      42/s push=      42/s pop=      43/s ack=      42/s shed=      0/s inflight=    0 | e2e p50=  45.82 p99=  209.92 ms | pushRTT p50= 21.38 p99= 140.29 ms | lag=-4149 | err push=26997 pop=664279 ack=569 (429=555362 403=0 5xx=135141 to=1342 conn=0) empty=23571 cross=0 gor=156
[21:24:50 load ] offered=      42/s push=      42/s pop=      43/s ack=      43/s shed=      0/s inflight=    0 | e2e p50=  45.31 p99=  216.06 ms | pushRTT p50= 21.63 p99= 150.53 ms | lag=-4150 | err push=26997 pop=664279 ack=569 (429=555362 403=0 5xx=135141 to=1342 conn=0) empty=23581 cross=0 gor=156
[21:29:50 load ] offered=      42/s push=      42/s pop=      42/s ack=      42/s shed=      0/s inflight=    0 | e2e p50=  35.07 p99=  179.20 ms | pushRTT p50= 15.30 p99=  96.77 ms | lag=-4150 | err push=26997 pop=664279 ack=569 (429=555362 403=0 5xx=135141 to=1342 conn=0) empty=23599 cross=0 gor=156
[21:34:50 load ] offered=      42/s push=      42/s pop=      42/s ack=      42/s shed=      0/s inflight=    0 | e2e p50=  38.66 p99=  238.59 ms | pushRTT p50= 17.02 p99= 116.22 ms | lag=-4149 | err push=26997 pop=664279 ack=569 (429=555362 403=0 5xx=135141 to=1342 conn=0) empty=23615 cross=0 gor=156
[21:39:50 load ] offered=      42/s push=      42/s pop=      43/s ack=      43/s shed=      0/s inflight=    0 | e2e p50=  32.38 p99=  177.15 ms | pushRTT p50= 13.89 p99=  79.36 ms | lag=-4150 | err push=26997 pop=664279 ack=569 (429=555362 403=0 5xx=135141 to=1342 conn=0) empty=23633 cross=0 gor=156
[21:44:50 load ] offered=      42/s push=      42/s pop=      42/s ack=      42/s shed=      0/s inflight=    0 | e2e p50=  52.48 p99=  207.87 ms | pushRTT p50= 27.01 p99= 154.62 ms | lag=-4149 | err push=26997 pop=664279 ack=569 (429=555362 403=0 5xx=135141 to=1342 conn=0) empty=23639 cross=0 gor=156
[21:49:50 load ] offered=      42/s push=      42/s pop=      42/s ack=      43/s shed=      0/s inflight=    1 | e2e p50=  43.78 p99=  207.87 ms | pushRTT p50= 20.10 p99= 140.29 ms | lag=-4149 | err push=26997 pop=664279 ack=569 (429=555362 403=0 5xx=135141 to=1342 conn=0) empty=23648 cross=0 gor=157
[21:54:50 load ] offered=      42/s push=      43/s pop=      43/s ack=      43/s shed=      0/s inflight=    0 | e2e p50=  37.63 p99=  175.10 ms | pushRTT p50= 17.28 p99= 107.01 ms | lag=-4149 | err push=26997 pop=664279 ack=569 (429=555362 403=0 5xx=135141 to=1342 conn=0) empty=23660 cross=0 gor=156
[21:59:50 load ] offered=      42/s push=      42/s pop=      43/s ack=      43/s shed=      0/s inflight=    0 | e2e p50=  40.19 p99=  228.35 ms | pushRTT p50= 18.05 p99= 112.13 ms | lag=-4150 | err push=26997 pop=664279 ack=569 (429=555362 403=0 5xx=135141 to=1342 conn=0) empty=23678 cross=0 gor=156
[22:04:50 load ] offered=      42/s push=      42/s pop=      42/s ack=      42/s shed=      0/s inflight=    0 | e2e p50=  31.62 p99=  205.82 ms | pushRTT p50= 13.63 p99=  94.72 ms | lag=-4150 | err push=26997 pop=664279 ack=569 (429=555362 403=0 5xx=135141 to=1342 conn=0) empty=23693 cross=0 gor=156
[22:09:50 load ] offered=      42/s push=      42/s pop=      42/s ack=      42/s shed=      0/s inflight=    2 | e2e p50=  35.07 p99=  193.54 ms | pushRTT p50= 15.04 p99=  94.72 ms | lag=-4146 | err push=26997 pop=664279 ack=569 (429=555362 403=0 5xx=135141 to=1342 conn=0) empty=23712 cross=0 gor=158
[22:14:50 load ] offered=      42/s push=      43/s pop=      43/s ack=      43/s shed=      0/s inflight=    0 | e2e p50=  44.29 p99=  173.06 ms | pushRTT p50= 21.38 p99= 124.42 ms | lag=-4146 | err push=26997 pop=664279 ack=569 (429=555362 403=0 5xx=135141 to=1342 conn=0) empty=23726 cross=0 gor=156
[22:19:50 load ] offered=      42/s push=      42/s pop=      43/s ack=      43/s shed=      0/s inflight=    0 | e2e p50=  43.78 p99=  222.21 ms | pushRTT p50= 19.84 p99= 134.14 ms | lag=-4150 | err push=26997 pop=664279 ack=569 (429=555362 403=0 5xx=135141 to=1342 conn=0) empty=23731 cross=0 gor=156
[22:24:50 load ] offered=      42/s push=      42/s pop=      42/s ack=      42/s shed=      0/s inflight=    0 | e2e p50=  42.24 p99=  226.30 ms | pushRTT p50= 19.33 p99= 150.53 ms | lag=-4144 | err push=26997 pop=664279 ack=569 (429=555362 403=0 5xx=135141 to=1342 conn=0) empty=23748 cross=0 gor=156
[22:29:50 load ] offered=      42/s push=      42/s pop=      43/s ack=      43/s shed=      0/s inflight=    0 | e2e p50=  36.61 p99=  201.73 ms | pushRTT p50= 15.81 p99= 115.20 ms | lag=-4150 | err push=26997 pop=664279 ack=569 (429=555362 403=0 5xx=135141 to=1342 conn=0) empty=23762 cross=0 gor=156
[22:34:50 load ] offered=      42/s push=      42/s pop=      42/s ack=      42/s shed=      0/s inflight=    0 | e2e p50=  29.06 p99=  132.10 ms | pushRTT p50= 12.48 p99=  63.23 ms | lag=-4150 | err push=26997 pop=664279 ack=569 (429=555362 403=0 5xx=135141 to=1342 conn=0) empty=23794 cross=0 gor=156
[22:39:50 load ] offered=      42/s push=      42/s pop=      42/s ack=      42/s shed=      0/s inflight=    0 | e2e p50=  36.61 p99=  199.68 ms | pushRTT p50= 16.06 p99=  90.62 ms | lag=-4150 | err push=26997 pop=664279 ack=569 (429=555362 403=0 5xx=135141 to=1342 conn=0) empty=23808 cross=0 gor=156
[22:44:50 load ] offered=      42/s push=      42/s pop=      42/s ack=      42/s shed=      0/s inflight=    0 | e2e p50=  40.19 p99=  173.06 ms | pushRTT p50= 18.56 p99= 100.86 ms | lag=-4149 | err push=26997 pop=664279 ack=569 (429=555362 403=0 5xx=135141 to=1342 conn=0) empty=23825 cross=0 gor=156
[22:49:50 load ] offered=      42/s push=      42/s pop=      42/s ack=      42/s shed=      0/s inflight=    2 | e2e p50=  40.19 p99=  171.01 ms | pushRTT p50= 18.56 p99= 111.10 ms | lag=-4148 | err push=26997 pop=664279 ack=569 (429=555362 403=0 5xx=135141 to=1342 conn=0) empty=23841 cross=0 gor=158
[22:54:50 load ] offered=      42/s push=      43/s pop=      43/s ack=      43/s shed=      0/s inflight=    0 | e2e p50=  44.80 p99=  181.25 ms | pushRTT p50= 21.38 p99= 114.18 ms | lag=-4150 | err push=26997 pop=664279 ack=569 (429=555362 403=0 5xx=135141 to=1342 conn=0) empty=23855 cross=0 gor=156
[22:59:50 load ] offered=      42/s push=      42/s pop=      42/s ack=      42/s shed=      0/s inflight=    0 | e2e p50=  37.12 p99=  183.30 ms | pushRTT p50= 15.94 p99= 100.86 ms | lag=-4150 | err push=26997 pop=664279 ack=569 (429=555362 403=0 5xx=135141 to=1342 conn=0) empty=23869 cross=0 gor=156
[23:04:50 load ] offered=      42/s push=      42/s pop=      42/s ack=      42/s shed=      0/s inflight=    0 | e2e p50=  33.54 p99=  177.15 ms | pushRTT p50= 14.40 p99=  84.48 ms | lag=-4150 | err push=26997 pop=664279 ack=569 (429=555362 403=0 5xx=135141 to=1342 conn=0) empty=23893 cross=0 gor=156
[23:09:50 load ] offered=      42/s push=      42/s pop=      42/s ack=      43/s shed=      0/s inflight=    0 | e2e p50=  39.17 p99=  246.78 ms | pushRTT p50= 17.54 p99= 119.30 ms | lag=-4150 | err push=26997 pop=664279 ack=569 (429=555362 403=0 5xx=135141 to=1342 conn=0) empty=23907 cross=0 gor=156
[23:14:50 load ] offered=      42/s push=      42/s pop=      42/s ack=      42/s shed=      0/s inflight=    0 | e2e p50=  40.70 p99=  189.44 ms | pushRTT p50= 19.33 p99= 129.54 ms | lag=-4150 | err push=26997 pop=664279 ack=569 (429=555362 403=0 5xx=135141 to=1342 conn=0) empty=23922 cross=0 gor=156
[23:19:50 load ] offered=      42/s push=      42/s pop=      42/s ack=      42/s shed=      0/s inflight=    0 | e2e p50=  41.22 p99=  195.58 ms | pushRTT p50= 19.07 p99= 115.20 ms | lag=-4149 | err push=26997 pop=664279 ack=569 (429=555362 403=0 5xx=135141 to=1342 conn=0) empty=23937 cross=0 gor=156
[23:24:50 load ] offered=      42/s push=      42/s pop=      43/s ack=      43/s shed=      0/s inflight=    0 | e2e p50=  37.12 p99=  203.78 ms | pushRTT p50= 16.77 p99= 101.89 ms | lag=-4150 | err push=26997 pop=664279 ack=569 (429=555362 403=0 5xx=135141 to=1342 conn=0) empty=23947 cross=0 gor=156
[23:29:50 load ] offered=      42/s push=      42/s pop=      42/s ack=      42/s shed=      0/s inflight=    0 | e2e p50=  34.56 p99=  284.67 ms | pushRTT p50= 14.91 p99= 100.86 ms | lag=-4149 | err push=26997 pop=664279 ack=569 (429=555362 403=0 5xx=135141 to=1342 conn=0) empty=23969 cross=0 gor=156
[23:34:50 load ] offered=      42/s push=      42/s pop=      43/s ack=      43/s shed=      0/s inflight=    0 | e2e p50=  34.05 p99=  171.01 ms | pushRTT p50= 14.91 p99=  87.55 ms | lag=-4150 | err push=26997 pop=664279 ack=569 (429=555362 403=0 5xx=135141 to=1342 conn=0) empty=23992 cross=0 gor=156
[23:39:50 load ] offered=      42/s push=      42/s pop=      42/s ack=      42/s shed=      0/s inflight=    1 | e2e p50=  32.38 p99=  193.54 ms | pushRTT p50= 14.14 p99=  91.65 ms | lag=-4148 | err push=26997 pop=664279 ack=569 (429=555362 403=0 5xx=135141 to=1342 conn=0) empty=24009 cross=0 gor=157
[23:44:50 load ] offered=      42/s push=      43/s pop=      43/s ack=      42/s shed=      0/s inflight=    0 | e2e p50=  47.36 p99=  226.30 ms | pushRTT p50= 23.17 p99= 144.38 ms | lag=-4150 | err push=26997 pop=664279 ack=569 (429=555362 403=0 5xx=135141 to=1342 conn=0) empty=24019 cross=0 gor=156
[23:49:50 load ] offered=      42/s push=      42/s pop=      42/s ack=      43/s shed=      0/s inflight=    0 | e2e p50=  37.63 p99=  177.15 ms | pushRTT p50= 17.02 p99= 116.22 ms | lag=-4148 | err push=26997 pop=664279 ack=569 (429=555362 403=0 5xx=135141 to=1342 conn=0) empty=24035 cross=0 gor=156
[23:54:50 load ] offered=      42/s push=      42/s pop=      43/s ack=      43/s shed=      0/s inflight=    0 | e2e p50=  40.19 p99=  214.02 ms | pushRTT p50= 17.54 p99= 117.25 ms | lag=-4149 | err push=26997 pop=664279 ack=569 (429=555362 403=0 5xx=135141 to=1342 conn=0) empty=24048 cross=0 gor=156
[23:59:50 load ] offered=      42/s push=      42/s pop=      42/s ack=      42/s shed=      0/s inflight=    0 | e2e p50=  40.19 p99=  160.77 ms | pushRTT p50= 18.05 p99=  86.53 ms | lag=-4149 | err push=26997 pop=664279 ack=569 (429=555362 403=0 5xx=135141 to=1342 conn=0) empty=24060 cross=0 gor=156
[00:04:50 load ] offered=      42/s push=      42/s pop=      43/s ack=      43/s shed=      0/s inflight=    0 | e2e p50=  41.22 p99=  242.69 ms | pushRTT p50= 18.56 p99= 164.86 ms | lag=-4150 | err push=26997 pop=664279 ack=569 (429=555362 403=0 5xx=135141 to=1342 conn=0) empty=24073 cross=0 gor=156
[00:09:50 load ] offered=      42/s push=      42/s pop=      42/s ack=      42/s shed=      0/s inflight=    2 | e2e p50=  51.46 p99=  226.30 ms | pushRTT p50= 25.22 p99= 144.38 ms | lag=-4145 | err push=26997 pop=664279 ack=569 (429=555362 403=0 5xx=135141 to=1342 conn=0) empty=24083 cross=0 gor=158
[00:14:50 load ] offered=      42/s push=      43/s pop=      43/s ack=      43/s shed=      0/s inflight=    0 | e2e p50=  58.62 p99=  313.34 ms | pushRTT p50= 30.85 p99= 246.78 ms | lag=-4150 | err push=26997 pop=664279 ack=569 (429=555362 403=0 5xx=135141 to=1342 conn=0) empty=24089 cross=0 gor=156
[00:19:50 load ] offered=      42/s push=      42/s pop=      42/s ack=      42/s shed=      0/s inflight=    0 | e2e p50=  52.99 p99=  272.38 ms | pushRTT p50= 26.75 p99= 211.97 ms | lag=-4149 | err push=26997 pop=664279 ack=569 (429=555362 403=0 5xx=135141 to=1342 conn=0) empty=24102 cross=0 gor=156
[00:24:50 load ] offered=      42/s push=      43/s pop=      43/s ack=      43/s shed=      0/s inflight=    0 | e2e p50=  48.90 p99=  234.50 ms | pushRTT p50= 23.94 p99= 160.77 ms | lag=-4149 | err push=26997 pop=664279 ack=569 (429=555362 403=0 5xx=135141 to=1342 conn=0) empty=24110 cross=0 gor=156
[00:29:50 load ] offered=      42/s push=      42/s pop=      42/s ack=      42/s shed=      0/s inflight=    0 | e2e p50=  50.43 p99=  226.30 ms | pushRTT p50= 25.73 p99= 168.96 ms | lag=-4148 | err push=26997 pop=664279 ack=569 (429=555362 403=0 5xx=135141 to=1342 conn=0) empty=24120 cross=0 gor=156
[00:34:50 load ] offered=      42/s push=      42/s pop=      43/s ack=      43/s shed=      0/s inflight=    0 | e2e p50=  49.92 p99=  232.45 ms | pushRTT p50= 24.70 p99= 162.82 ms | lag=-4150 | err push=26997 pop=664279 ack=569 (429=555362 403=0 5xx=135141 to=1342 conn=0) empty=24128 cross=0 gor=156
[00:39:50 load ] offered=      42/s push=      42/s pop=      42/s ack=      43/s shed=      0/s inflight=    0 | e2e p50=  51.46 p99=  218.11 ms | pushRTT p50= 26.24 p99= 162.82 ms | lag=-4150 | err push=26997 pop=664279 ack=569 (429=555362 403=0 5xx=135141 to=1342 conn=0) empty=24135 cross=0 gor=156
[00:44:50 load ] offered=      42/s push=      42/s pop=      42/s ack=      42/s shed=      0/s inflight=    0 | e2e p50=  51.46 p99=  257.02 ms | pushRTT p50= 25.73 p99= 175.10 ms | lag=-4150 | err push=26997 pop=664279 ack=569 (429=555362 403=0 5xx=135141 to=1342 conn=0) empty=24146 cross=0 gor=156
[00:49:50 load ] offered=      42/s push=      42/s pop=      42/s ack=      42/s shed=      0/s inflight=    6 | e2e p50=  48.38 p99=  211.97 ms | pushRTT p50= 23.68 p99= 144.38 ms | lag=-4149 | err push=26997 pop=664279 ack=569 (429=555362 403=0 5xx=135141 to=1342 conn=0) empty=24155 cross=0 gor=162
[00:54:50 load ] offered=      42/s push=      43/s pop=      43/s ack=      43/s shed=      0/s inflight=    1 | e2e p50=  44.29 p99=  224.26 ms | pushRTT p50= 21.12 p99= 146.43 ms | lag=-4150 | err push=26997 pop=664279 ack=569 (429=555362 403=0 5xx=135141 to=1342 conn=0) empty=24164 cross=0 gor=157
[00:59:50 load ] offered=      42/s push=      43/s pop=      42/s ack=      42/s shed=      0/s inflight=    0 | e2e p50=  48.90 p99=  259.07 ms | pushRTT p50= 24.70 p99= 177.15 ms | lag=-4148 | err push=26997 pop=664279 ack=569 (429=555362 403=0 5xx=135141 to=1342 conn=0) empty=24176 cross=0 gor=156
[01:04:50 load ] offered=      42/s push=      42/s pop=      43/s ack=      43/s shed=      0/s inflight=    0 | e2e p50=  50.43 p99=  264.19 ms | pushRTT p50= 25.22 p99= 183.30 ms | lag=-4150 | err push=26997 pop=664279 ack=569 (429=555362 403=0 5xx=135141 to=1342 conn=0) empty=24184 cross=0 gor=164
[01:09:50 load ] offered=      42/s push=      42/s pop=      42/s ack=      42/s shed=      0/s inflight=    0 | e2e p50=  45.31 p99=  236.54 ms | pushRTT p50= 21.12 p99= 144.38 ms | lag=-4150 | err push=26997 pop=664279 ack=569 (429=555362 403=0 5xx=135141 to=1342 conn=0) empty=24191 cross=0 gor=156
[01:14:50 load ] offered=      42/s push=      42/s pop=      42/s ack=      43/s shed=      0/s inflight=    0 | e2e p50=  33.54 p99=  187.39 ms | pushRTT p50= 14.53 p99=  94.72 ms | lag=-4150 | err push=26997 pop=664279 ack=569 (429=555362 403=0 5xx=135141 to=1342 conn=0) empty=24208 cross=0 gor=156
[01:19:50 load ] offered=      42/s push=      42/s pop=      42/s ack=      42/s shed=      0/s inflight=    0 | e2e p50=  30.59 p99=  189.44 ms | pushRTT p50= 13.12 p99=  81.41 ms | lag=-4150 | err push=26997 pop=664279 ack=569 (429=555362 403=0 5xx=135141 to=1342 conn=0) empty=24229 cross=0 gor=156
[01:24:50 load ] offered=      42/s push=      42/s pop=      42/s ack=      42/s shed=      0/s inflight=    0 | e2e p50=  28.29 p99=  236.54 ms | pushRTT p50= 11.97 p99=  86.53 ms | lag=-4150 | err push=26997 pop=664279 ack=569 (429=555362 403=0 5xx=135141 to=1342 conn=0) empty=24256 cross=0 gor=156
[01:29:50 load ] offered=      42/s push=      42/s pop=      42/s ack=      42/s shed=      0/s inflight=    0 | e2e p50=  45.31 p99=  209.92 ms | pushRTT p50= 21.63 p99= 148.48 ms | lag=-4150 | err push=26997 pop=664279 ack=569 (429=555362 403=0 5xx=135141 to=1342 conn=0) empty=24270 cross=0 gor=156
[01:34:50 load ] offered=      42/s push=      42/s pop=      42/s ack=      42/s shed=      0/s inflight=    0 | e2e p50=  40.19 p99=  187.39 ms | pushRTT p50= 18.30 p99= 120.32 ms | lag=-4150 | err push=26997 pop=664279 ack=569 (429=555362 403=0 5xx=135141 to=1342 conn=0) empty=24284 cross=0 gor=156
[01:39:50 load ] offered=      42/s push=      42/s pop=      42/s ack=      42/s shed=      0/s inflight=    0 | e2e p50=  44.29 p99=  216.06 ms | pushRTT p50= 21.12 p99= 144.38 ms | lag=-4150 | err push=26997 pop=664279 ack=569 (429=555362 403=0 5xx=135141 to=1342 conn=0) empty=24297 cross=0 gor=156
[01:44:50 load ] offered=      42/s push=      42/s pop=      42/s ack=      42/s shed=      0/s inflight=    0 | e2e p50=  36.10 p99=  444.42 ms | pushRTT p50= 14.91 p99=  89.60 ms | lag=-4150 | err push=26997 pop=664279 ack=569 (429=555362 403=0 5xx=135141 to=1342 conn=0) empty=24320 cross=0 gor=156
[01:49:50 load ] offered=      42/s push=      42/s pop=      42/s ack=      42/s shed=      0/s inflight=    0 | e2e p50=  34.05 p99=  179.20 ms | pushRTT p50= 14.66 p99=  91.65 ms | lag=-4150 | err push=26997 pop=664279 ack=569 (429=555362 403=0 5xx=135141 to=1342 conn=0) empty=24338 cross=0 gor=156
[01:54:50 load ] offered=      42/s push=      42/s pop=      42/s ack=      42/s shed=      0/s inflight=    0 | e2e p50=  30.59 p99=  156.67 ms | pushRTT p50= 13.25 p99=  66.05 ms | lag=-4150 | err push=26997 pop=664279 ack=569 (429=555362 403=0 5xx=135141 to=1342 conn=0) empty=24354 cross=0 gor=156
[01:59:50 load ] offered=      42/s push=      42/s pop=      42/s ack=      43/s shed=      0/s inflight=    0 | e2e p50=  41.22 p99=  220.16 ms | pushRTT p50= 19.07 p99= 124.42 ms | lag=-4150 | err push=26997 pop=664279 ack=569 (429=555362 403=0 5xx=135141 to=1342 conn=0) empty=24370 cross=0 gor=156
[02:04:50 load ] offered=      42/s push=      42/s pop=      42/s ack=      43/s shed=      0/s inflight=    0 | e2e p50=  37.12 p99=  152.58 ms | pushRTT p50= 16.77 p99=  93.70 ms | lag=-4150 | err push=26997 pop=664279 ack=569 (429=555362 403=0 5xx=135141 to=1342 conn=0) empty=24391 cross=0 gor=156
[02:09:50 load ] offered=      42/s push=      42/s pop=      42/s ack=      42/s shed=      0/s inflight=    0 | e2e p50=  38.66 p99=  224.26 ms | pushRTT p50= 17.02 p99= 116.22 ms | lag=-4150 | err push=26997 pop=664279 ack=569 (429=555362 403=0 5xx=135141 to=1342 conn=0) empty=24406 cross=0 gor=158
[02:14:50 load ] offered=      42/s push=      42/s pop=      42/s ack=      42/s shed=      0/s inflight=    0 | e2e p50=  37.63 p99=  207.87 ms | pushRTT p50= 16.77 p99= 116.22 ms | lag=-4150 | err push=26997 pop=664279 ack=569 (429=555362 403=0 5xx=135141 to=1342 conn=0) empty=24422 cross=0 gor=156
[02:19:50 load ] offered=      42/s push=      42/s pop=      42/s ack=      43/s shed=      0/s inflight=    0 | e2e p50=  31.87 p99=  187.39 ms | pushRTT p50= 13.63 p99=  81.41 ms | lag=-4150 | err push=26997 pop=664279 ack=569 (429=555362 403=0 5xx=135141 to=1342 conn=0) empty=24443 cross=0 gor=156
[02:24:50 load ] offered=      42/s push=      42/s pop=      42/s ack=      42/s shed=      0/s inflight=    0 | e2e p50=  26.75 p99=  152.58 ms | pushRTT p50= 11.33 p99=  66.05 ms | lag=-4150 | err push=26997 pop=664279 ack=569 (429=555362 403=0 5xx=135141 to=1342 conn=0) empty=24481 cross=0 gor=156
[02:29:50 load ] offered=      42/s push=      42/s pop=      42/s ack=      42/s shed=      0/s inflight=    0 | e2e p50=  43.26 p99=  220.16 ms | pushRTT p50= 20.35 p99= 132.10 ms | lag=-4150 | err push=26997 pop=664279 ack=569 (429=555362 403=0 5xx=135141 to=1342 conn=0) empty=24495 cross=0 gor=156
[02:34:50 load ] offered=      42/s push=      42/s pop=      42/s ack=      42/s shed=      0/s inflight=    0 | e2e p50=  36.10 p99=  261.12 ms | pushRTT p50= 15.68 p99= 104.96 ms | lag=-4150 | err push=26997 pop=664279 ack=569 (429=555362 403=0 5xx=135141 to=1342 conn=0) empty=24515 cross=0 gor=156
[02:39:50 load ] offered=      42/s push=      42/s pop=      42/s ack=      42/s shed=      0/s inflight=    0 | e2e p50=  37.63 p99=  220.16 ms | pushRTT p50= 17.02 p99= 112.13 ms | lag=-4150 | err push=26997 pop=664279 ack=569 (429=555362 403=0 5xx=135141 to=1342 conn=0) empty=24528 cross=0 gor=156
[02:44:50 load ] offered=      42/s push=      42/s pop=      42/s ack=      42/s shed=      0/s inflight=    0 | e2e p50=  33.54 p99=  150.53 ms | pushRTT p50= 14.53 p99=  91.65 ms | lag=-4150 | err push=26997 pop=664279 ack=569 (429=555362 403=0 5xx=135141 to=1342 conn=0) empty=24548 cross=0 gor=156
[02:49:50 load ] offered=      42/s push=      42/s pop=      42/s ack=      42/s shed=      0/s inflight=    0 | e2e p50=  34.05 p99=  248.83 ms | pushRTT p50= 14.27 p99= 105.98 ms | lag=-4150 | err push=26997 pop=664279 ack=569 (429=555362 403=0 5xx=135141 to=1342 conn=0) empty=24574 cross=0 gor=156
[02:54:50 load ] offered=      42/s push=      42/s pop=      42/s ack=      42/s shed=      0/s inflight=    0 | e2e p50=  29.31 p99=  144.38 ms | pushRTT p50= 12.22 p99=  60.67 ms | lag=-4150 | err push=26997 pop=664279 ack=569 (429=555362 403=0 5xx=135141 to=1342 conn=0) empty=24607 cross=0 gor=156
[02:59:50 load ] offered=      42/s push=      42/s pop=      42/s ack=      42/s shed=      0/s inflight=    1 | e2e p50=  40.70 p99=  222.21 ms | pushRTT p50= 19.07 p99= 120.32 ms | lag=-4149 | err push=26997 pop=664279 ack=569 (429=555362 403=0 5xx=135141 to=1342 conn=0) empty=24632 cross=0 gor=157
[03:04:50 load ] offered=      42/s push=      43/s pop=      42/s ack=      43/s shed=      0/s inflight=    0 | e2e p50=  42.75 p99=  211.97 ms | pushRTT p50= 19.84 p99= 114.18 ms | lag=-4148 | err push=26997 pop=664279 ack=569 (429=555362 403=0 5xx=135141 to=1342 conn=0) empty=24649 cross=0 gor=156
[03:09:50 load ] offered=      42/s push=      42/s pop=      43/s ack=      43/s shed=      0/s inflight=    0 | e2e p50=  38.66 p99=  193.54 ms | pushRTT p50= 17.54 p99= 100.86 ms | lag=-4150 | err push=26997 pop=664279 ack=569 (429=555362 403=0 5xx=135141 to=1342 conn=0) empty=24663 cross=0 gor=156
[03:14:50 load ] offered=      42/s push=      42/s pop=      42/s ack=      42/s shed=      0/s inflight=    0 | e2e p50=  35.58 p99=  226.30 ms | pushRTT p50= 15.42 p99=  98.82 ms | lag=-4150 | err push=26997 pop=664279 ack=569 (429=555362 403=0 5xx=135141 to=1342 conn=0) empty=24679 cross=0 gor=156
[03:19:50 load ] offered=      42/s push=      42/s pop=      42/s ack=      42/s shed=      0/s inflight=    0 | e2e p50=  33.54 p99=  185.34 ms | pushRTT p50= 14.53 p99=  82.43 ms | lag=-4150 | err push=26997 pop=664279 ack=569 (429=555362 403=0 5xx=135141 to=1342 conn=0) empty=24696 cross=0 gor=156
[03:24:50 load ] offered=      42/s push=      42/s pop=      42/s ack=      43/s shed=      0/s inflight=    0 | e2e p50=  28.03 p99=  187.39 ms | pushRTT p50= 11.84 p99=  77.31 ms | lag=-4150 | err push=26997 pop=664279 ack=569 (429=555362 403=0 5xx=135141 to=1342 conn=0) empty=24727 cross=0 gor=156
[03:29:50 load ] offered=      42/s push=      42/s pop=      42/s ack=      42/s shed=      0/s inflight=    0 | e2e p50=  38.14 p99=  195.58 ms | pushRTT p50= 17.28 p99= 105.98 ms | lag=-4149 | err push=26997 pop=664279 ack=569 (429=555362 403=0 5xx=135141 to=1342 conn=0) empty=24748 cross=0 gor=156
[03:34:50 load ] offered=      42/s push=      42/s pop=      43/s ack=      43/s shed=      0/s inflight=    0 | e2e p50=  42.24 p99=  195.58 ms | pushRTT p50= 19.58 p99= 111.10 ms | lag=-4150 | err push=26997 pop=664279 ack=569 (429=555362 403=0 5xx=135141 to=1342 conn=0) empty=24761 cross=0 gor=156
[03:39:50 load ] offered=      42/s push=      42/s pop=      42/s ack=      42/s shed=      0/s inflight=    0 | e2e p50=  34.05 p99=  187.39 ms | pushRTT p50= 14.78 p99=  92.67 ms | lag=-4150 | err push=26997 pop=664279 ack=569 (429=555362 403=0 5xx=135141 to=1342 conn=0) empty=24777 cross=0 gor=156
[03:44:50 load ] offered=      42/s push=      42/s pop=      42/s ack=      43/s shed=      0/s inflight=    0 | e2e p50=  39.17 p99=  268.29 ms | pushRTT p50= 17.54 p99= 100.86 ms | lag=-4149 | err push=26997 pop=664279 ack=569 (429=555362 403=0 5xx=135141 to=1342 conn=0) empty=24793 cross=0 gor=156
[03:49:50 load ] offered=      42/s push=      42/s pop=      43/s ack=      43/s shed=      0/s inflight=    0 | e2e p50=  30.85 p99=  259.07 ms | pushRTT p50= 12.86 p99=  89.60 ms | lag=-4150 | err push=26997 pop=664279 ack=569 (429=555362 403=0 5xx=135141 to=1342 conn=0) empty=24816 cross=0 gor=156
[03:54:50 load ] offered=      42/s push=      42/s pop=      42/s ack=      42/s shed=      0/s inflight=    0 | e2e p50=  32.64 p99=  220.16 ms | pushRTT p50= 14.27 p99=  85.50 ms | lag=-4148 | err push=26997 pop=664279 ack=569 (429=555362 403=0 5xx=135141 to=1342 conn=0) empty=24843 cross=0 gor=156
[03:59:50 load ] offered=      42/s push=      42/s pop=      42/s ack=      42/s shed=      0/s inflight=    4 | e2e p50=  36.61 p99=  175.10 ms | pushRTT p50= 16.77 p99=  98.82 ms | lag=-4148 | err push=26997 pop=664279 ack=569 (429=555362 403=0 5xx=135141 to=1342 conn=0) empty=24867 cross=0 gor=160
[04:04:50 load ] offered=      42/s push=      43/s pop=      43/s ack=      43/s shed=      0/s inflight=    0 | e2e p50=  38.66 p99=  203.78 ms | pushRTT p50= 17.79 p99= 115.20 ms | lag=-4150 | err push=26997 pop=664279 ack=569 (429=555362 403=0 5xx=135141 to=1342 conn=0) empty=24880 cross=0 gor=156
[04:09:50 load ] offered=      42/s push=      42/s pop=      42/s ack=      42/s shed=      0/s inflight=    0 | e2e p50=  39.17 p99=  197.63 ms | pushRTT p50= 17.54 p99= 112.13 ms | lag=-4146 | err push=26997 pop=664279 ack=569 (429=555362 403=0 5xx=135141 to=1342 conn=0) empty=24899 cross=0 gor=156
[04:14:50 load ] offered=      42/s push=      42/s pop=      43/s ack=      43/s shed=      0/s inflight=    0 | e2e p50=  37.63 p99=  214.02 ms | pushRTT p50= 17.02 p99= 113.15 ms | lag=-4150 | err push=26997 pop=664279 ack=569 (429=555362 403=0 5xx=135141 to=1342 conn=0) empty=24916 cross=0 gor=156
[04:19:50 load ] offered=      42/s push=      42/s pop=      42/s ack=      42/s shed=      0/s inflight=    0 | e2e p50=  31.36 p99=  313.34 ms | pushRTT p50= 12.86 p99=  88.58 ms | lag=-4150 | err push=26997 pop=664279 ack=569 (429=555362 403=0 5xx=135141 to=1342 conn=0) empty=24943 cross=0 gor=156
[04:24:50 load ] offered=      42/s push=      42/s pop=      42/s ack=      42/s shed=      0/s inflight=    1 | e2e p50=  35.58 p99=  226.30 ms | pushRTT p50= 15.42 p99=  92.67 ms | lag=-4145 | err push=26997 pop=664279 ack=569 (429=555362 403=0 5xx=135141 to=1342 conn=0) empty=24965 cross=0 gor=157
[04:29:50 load ] offered=      42/s push=      43/s pop=      43/s ack=      43/s shed=      0/s inflight=    0 | e2e p50=  37.12 p99=  191.49 ms | pushRTT p50= 16.77 p99=  97.79 ms | lag=-4150 | err push=26997 pop=664279 ack=569 (429=555362 403=0 5xx=135141 to=1342 conn=0) empty=24987 cross=0 gor=156
[04:34:50 load ] offered=      42/s push=      42/s pop=      42/s ack=      42/s shed=      0/s inflight=    0 | e2e p50=  41.22 p99=  177.15 ms | pushRTT p50= 18.82 p99= 100.86 ms | lag=-4150 | err push=26997 pop=664279 ack=569 (429=555362 403=0 5xx=135141 to=1342 conn=0) empty=24997 cross=0 gor=156
[04:39:50 load ] offered=      42/s push=      42/s pop=      42/s ack=      42/s shed=      0/s inflight=    0 | e2e p50=  40.70 p99=  234.50 ms | pushRTT p50= 18.82 p99= 110.08 ms | lag=-4150 | err push=26997 pop=664279 ack=569 (429=555362 403=0 5xx=135141 to=1342 conn=0) empty=25015 cross=0 gor=156
[04:44:50 load ] offered=      42/s push=      42/s pop=      42/s ack=      42/s shed=      0/s inflight=    0 | e2e p50=  37.63 p99=  236.54 ms | pushRTT p50= 16.32 p99= 117.25 ms | lag=-4146 | err push=26997 pop=664279 ack=569 (429=555362 403=0 5xx=135141 to=1342 conn=0) empty=25030 cross=0 gor=156
[04:49:50 load ] offered=      42/s push=      42/s pop=      43/s ack=      43/s shed=      0/s inflight=    0 | e2e p50=  33.54 p99=  171.01 ms | pushRTT p50= 14.78 p99=  77.31 ms | lag=-4150 | err push=26997 pop=664279 ack=569 (429=555362 403=0 5xx=135141 to=1342 conn=0) empty=25054 cross=0 gor=156
[04:54:50 load ] offered=      42/s push=      42/s pop=      42/s ack=      43/s shed=      0/s inflight=    0 | e2e p50=  33.54 p99=  246.78 ms | pushRTT p50= 14.27 p99=  95.74 ms | lag=-4150 | err push=26997 pop=664279 ack=569 (429=555362 403=0 5xx=135141 to=1342 conn=0) empty=25075 cross=0 gor=156
[04:59:50 load ] offered=      42/s push=      42/s pop=      42/s ack=      42/s shed=      0/s inflight=    0 | e2e p50=  39.68 p99=  193.54 ms | pushRTT p50= 18.30 p99= 120.32 ms | lag=-4148 | err push=26997 pop=664279 ack=569 (429=555362 403=0 5xx=135141 to=1342 conn=0) empty=25086 cross=0 gor=156
[05:04:50 load ] offered=      42/s push=      42/s pop=      42/s ack=      42/s shed=      0/s inflight=    0 | e2e p50=  56.06 p99=  218.11 ms | pushRTT p50= 29.82 p99= 164.86 ms | lag=-4147 | err push=26997 pop=664279 ack=569 (429=555362 403=0 5xx=135141 to=1342 conn=0) empty=25095 cross=0 gor=156
[05:09:50 load ] offered=      42/s push=      42/s pop=      43/s ack=      43/s shed=      0/s inflight=    0 | e2e p50=  63.23 p99=  305.15 ms | pushRTT p50= 34.56 p99= 234.50 ms | lag=-4150 | err push=26997 pop=664279 ack=569 (429=555362 403=0 5xx=135141 to=1342 conn=0) empty=25101 cross=0 gor=182
[05:14:50 load ] offered=      42/s push=      42/s pop=      42/s ack=      42/s shed=      0/s inflight=    0 | e2e p50=  54.02 p99=  272.38 ms | pushRTT p50= 28.54 p99= 185.34 ms | lag=-4150 | err push=26997 pop=664279 ack=569 (429=555362 403=0 5xx=135141 to=1342 conn=0) empty=25111 cross=0 gor=156
[05:19:50 load ] offered=      42/s push=      42/s pop=      42/s ack=      42/s shed=      0/s inflight=    0 | e2e p50=  67.07 p99=  284.67 ms | pushRTT p50= 38.14 p99= 228.35 ms | lag=-4147 | err push=26997 pop=664279 ack=569 (429=555362 403=0 5xx=135141 to=1342 conn=0) empty=25118 cross=0 gor=156
[05:24:50 load ] offered=      42/s push=      42/s pop=      42/s ack=      42/s shed=      0/s inflight=    3 | e2e p50=  63.23 p99=  436.22 ms | pushRTT p50= 35.07 p99= 321.54 ms | lag=-4148 | err push=26997 pop=664279 ack=569 (429=555362 403=0 5xx=135141 to=1342 conn=0) empty=25123 cross=0 gor=195
[05:29:50 load ] offered=      42/s push=      43/s pop=      43/s ack=      43/s shed=      0/s inflight=    1 | e2e p50=  57.60 p99=  280.58 ms | pushRTT p50= 30.34 p99= 211.97 ms | lag=-4150 | err push=26997 pop=664279 ack=569 (429=555362 403=0 5xx=135141 to=1342 conn=0) empty=25131 cross=0 gor=157
[05:34:50 load ] offered=      42/s push=      43/s pop=      43/s ack=      43/s shed=      0/s inflight=    0 | e2e p50=  58.62 p99=  268.29 ms | pushRTT p50= 32.64 p99= 214.02 ms | lag=-4150 | err push=26997 pop=664279 ack=569 (429=555362 403=0 5xx=135141 to=1342 conn=0) empty=25138 cross=0 gor=160
[05:39:50 load ] offered=      42/s push=      42/s pop=      42/s ack=      42/s shed=      0/s inflight=    0 | e2e p50=  46.85 p99=  201.73 ms | pushRTT p50= 23.17 p99= 140.29 ms | lag=-4150 | err push=26997 pop=664279 ack=569 (429=555362 403=0 5xx=135141 to=1342 conn=0) empty=25149 cross=0 gor=156
[05:44:50 load ] offered=      42/s push=      42/s pop=      42/s ack=      42/s shed=      0/s inflight=    0 | e2e p50=  44.80 p99=  191.49 ms | pushRTT p50= 21.12 p99= 124.42 ms | lag=-4150 | err push=26997 pop=664279 ack=569 (429=555362 403=0 5xx=135141 to=1342 conn=0) empty=25163 cross=0 gor=156
[05:49:50 load ] offered=      42/s push=      42/s pop=      42/s ack=      42/s shed=      0/s inflight=    1 | e2e p50=  41.73 p99=  261.12 ms | pushRTT p50= 19.58 p99= 123.39 ms | lag=-4147 | err push=26997 pop=664279 ack=569 (429=555362 403=0 5xx=135141 to=1342 conn=0) empty=25179 cross=0 gor=157
[05:54:50 load ] offered=      42/s push=      43/s pop=      43/s ack=      43/s shed=      0/s inflight=    0 | e2e p50=  34.05 p99=  183.30 ms | pushRTT p50= 14.40 p99=  78.34 ms | lag=-4150 | err push=26997 pop=664279 ack=569 (429=555362 403=0 5xx=135141 to=1342 conn=0) empty=25195 cross=0 gor=156
[05:59:50 load ] offered=      42/s push=      42/s pop=      42/s ack=      42/s shed=      0/s inflight=    0 | e2e p50=  37.63 p99=  209.92 ms | pushRTT p50= 16.77 p99=  95.74 ms | lag=-4150 | err push=26997 pop=664279 ack=569 (429=555362 403=0 5xx=135141 to=1342 conn=0) empty=25215 cross=0 gor=156
[06:04:50 load ] offered=      42/s push=      42/s pop=      42/s ack=      42/s shed=      0/s inflight=    3 | e2e p50=  36.61 p99=  160.77 ms | pushRTT p50= 17.02 p99=  93.70 ms | lag=-4150 | err push=26997 pop=664279 ack=569 (429=555362 403=0 5xx=135141 to=1342 conn=0) empty=25237 cross=0 gor=159
[06:09:50 load ] offered=      42/s push=      43/s pop=      43/s ack=      43/s shed=      0/s inflight=    0 | e2e p50=  40.19 p99=  199.68 ms | pushRTT p50= 18.05 p99= 107.01 ms | lag=-4149 | err push=26997 pop=664279 ack=569 (429=555362 403=0 5xx=135141 to=1342 conn=0) empty=25248 cross=0 gor=156
[06:14:50 load ] offered=      42/s push=      42/s pop=      43/s ack=      43/s shed=      0/s inflight=    0 | e2e p50=  39.17 p99=  259.07 ms | pushRTT p50= 18.05 p99= 111.10 ms | lag=-4150 | err push=26997 pop=664279 ack=569 (429=555362 403=0 5xx=135141 to=1342 conn=0) empty=25270 cross=0 gor=156
[06:19:50 load ] offered=      42/s push=      42/s pop=      42/s ack=      42/s shed=      0/s inflight=    0 | e2e p50=  39.17 p99=  189.44 ms | pushRTT p50= 16.77 p99= 108.03 ms | lag=-4150 | err push=26997 pop=664279 ack=569 (429=555362 403=0 5xx=135141 to=1342 conn=0) empty=25280 cross=0 gor=156
[06:24:50 load ] offered=      42/s push=      42/s pop=      42/s ack=      42/s shed=      0/s inflight=    0 | e2e p50=  30.08 p99=  130.56 ms | pushRTT p50= 12.86 p99=  64.77 ms | lag=-4150 | err push=26997 pop=664279 ack=569 (429=555362 403=0 5xx=135141 to=1342 conn=0) empty=25312 cross=0 gor=156
[06:29:50 load ] offered=      42/s push=      42/s pop=      42/s ack=      43/s shed=      0/s inflight=    0 | e2e p50=  37.12 p99=  228.35 ms | pushRTT p50= 15.81 p99= 107.01 ms | lag=-4150 | err push=26997 pop=664279 ack=569 (429=555362 403=0 5xx=135141 to=1342 conn=0) empty=25325 cross=0 gor=156
[06:34:50 load ] offered=      42/s push=      42/s pop=      42/s ack=      42/s shed=      0/s inflight=    0 | e2e p50=  38.14 p99=  193.54 ms | pushRTT p50= 17.28 p99=  88.58 ms | lag=-4149 | err push=26997 pop=664279 ack=569 (429=555362 403=0 5xx=135141 to=1342 conn=0) empty=25346 cross=0 gor=156
[06:39:50 load ] offered=      42/s push=      42/s pop=      43/s ack=      42/s shed=      0/s inflight=    0 | e2e p50=  46.34 p99=  236.54 ms | pushRTT p50= 21.89 p99= 132.10 ms | lag=-4150 | err push=26997 pop=664279 ack=569 (429=555362 403=0 5xx=135141 to=1342 conn=0) empty=25354 cross=0 gor=156
[06:44:50 load ] offered=      42/s push=      42/s pop=      42/s ack=      42/s shed=      0/s inflight=    0 | e2e p50=  73.22 p99=  362.50 ms | pushRTT p50= 40.70 p99= 292.86 ms | lag=-4149 | err push=26997 pop=664279 ack=569 (429=555362 403=0 5xx=135141 to=1342 conn=0) empty=25362 cross=0 gor=176
[06:49:50 load ] offered=      42/s push=      42/s pop=      42/s ack=      42/s shed=      0/s inflight=    3 | e2e p50= 134.14 p99= 1351.68 ms | pushRTT p50= 88.58 p99=1286.14 ms | lag=-4147 | err push=26997 pop=664279 ack=569 (429=555362 403=0 5xx=135141 to=1342 conn=0) empty=25367 cross=0 gor=201
[06:54:50 load ] offered=      42/s push=      42/s pop=      42/s ack=      42/s shed=      0/s inflight=   73 | e2e p50= 173.06 p99= 2572.29 ms | pushRTT p50=120.32 p99=2473.98 ms | lag=-4147 | err push=26997 pop=664279 ack=569 (429=555362 403=0 5xx=135141 to=1342 conn=0) empty=25369 cross=0 gor=421
[06:59:50 load ] offered=      42/s push=      39/s pop=      40/s ack=      40/s shed=      0/s inflight=  246 | e2e p50= 634.88 p99=110624.77 ms | pushRTT p50=518.14 p99=21364.74 ms | lag=-4554 | err push=27895 pop=664279 ack=569 (429=555362 403=0 5xx=135141 to=2240 conn=0) empty=25369 cross=0 gor=910
[07:04:50 load ] offered=      42/s push=      38/s pop=      40/s ack=      40/s shed=      1/s inflight=  180 | e2e p50= 675.84 p99=133693.44 ms | pushRTT p50=528.38 p99=24772.61 ms | lag=-5346 | err push=29057 pop=664279 ack=569 (429=555362 403=0 5xx=135141 to=3402 conn=0) empty=25376 cross=0 gor=732
[07:09:50 load ] offered=      42/s push=      29/s pop=      30/s ack=      30/s shed=      5/s inflight=    0 | e2e p50= 692.22 p99=71827.46 ms | pushRTT p50=569.34 p99=23986.18 ms | lag=-5550 | err push=31764 pop=701126 ack=569 (429=585670 403=0 5xx=142996 to=4793 conn=0) empty=25406 cross=0 gor=326
[07:14:50 load ] offered=      42/s push=      31/s pop=      31/s ack=      31/s shed=      0/s inflight=    0 | e2e p50=  71.17 p99=28180.48 ms | pushRTT p50= 31.10 p99=1220.61 ms | lag=-5585 | err push=35346 pop=834350 ack=569 (429=700943 403=0 5xx=164529 to=4793 conn=0) empty=25413 cross=0 gor=182
[07:19:50 load ] offered=      42/s push=      42/s pop=      42/s ack=      42/s shed=      0/s inflight=    0 | e2e p50=  58.11 p99=  362.50 ms | pushRTT p50= 34.05 p99= 272.38 ms | lag=-5585 | err push=35346 pop=834350 ack=569 (429=700943 403=0 5xx=164529 to=4793 conn=0) empty=25424 cross=0 gor=210
[07:24:50 load ] offered=      42/s push=      42/s pop=      43/s ack=      42/s shed=      0/s inflight=    0 | e2e p50=  50.43 p99=  280.58 ms | pushRTT p50= 27.52 p99= 201.73 ms | lag=-5586 | err push=35346 pop=834350 ack=569 (429=700943 403=0 5xx=164529 to=4793 conn=0) empty=25440 cross=0 gor=170
[07:29:50 load ] offered=      42/s push=      42/s pop=      42/s ack=      42/s shed=      0/s inflight=    1 | e2e p50=  56.58 p99=  436.22 ms | pushRTT p50= 33.02 p99= 337.92 ms | lag=-5583 | err push=35346 pop=834350 ack=569 (429=700943 403=0 5xx=164529 to=4793 conn=0) empty=25449 cross=0 gor=199
[07:34:50 load ] offered=      42/s push=      43/s pop=      43/s ack=      43/s shed=      0/s inflight=    0 | e2e p50=  57.09 p99=  391.17 ms | pushRTT p50= 32.64 p99= 309.25 ms | lag=-5586 | err push=35346 pop=834350 ack=569 (429=700943 403=0 5xx=164529 to=4793 conn=0) empty=25455 cross=0 gor=166
[07:39:50 load ] offered=      42/s push=      42/s pop=      42/s ack=      42/s shed=      0/s inflight=  195 | e2e p50=  77.31 p99= 2179.07 ms | pushRTT p50= 48.90 p99=2088.96 ms | lag=-5585 | err push=35346 pop=834350 ack=569 (429=700943 403=0 5xx=164529 to=4793 conn=0) empty=25462 cross=0 gor=759
[07:44:50 load ] offered=      42/s push=      35/s pop=      39/s ack=      39/s shed=      3/s inflight=   39 | e2e p50= 978.94 p99=133693.44 ms | pushRTT p50=798.72 p99=23986.18 ms | lag=-6602 | err push=36721 pop=834350 ack=569 (429=700943 403=0 5xx=164529 to=6168 conn=0) empty=25485 cross=0 gor=411
[07:49:50 load ] offered=      42/s push=      43/s pop=      44/s ack=      44/s shed=      0/s inflight=    0 | e2e p50=  66.05 p99=133693.44 ms | pushRTT p50= 38.14 p99= 684.03 ms | lag=-6960 | err push=36722 pop=834350 ack=569 (429=700943 403=0 5xx=164529 to=6169 conn=0) empty=25492 cross=0 gor=192
[07:54:50 load ] offered=      42/s push=      42/s pop=      43/s ack=      42/s shed=      0/s inflight=    0 | e2e p50=  52.99 p99=  399.36 ms | pushRTT p50= 29.82 p99= 296.96 ms | lag=-6962 | err push=36722 pop=834350 ack=569 (429=700943 403=0 5xx=164529 to=6169 conn=0) empty=25500 cross=0 gor=176
[07:59:50 load ] offered=      42/s push=      42/s pop=      42/s ack=      42/s shed=      0/s inflight=    4 | e2e p50=  70.14 p99=  501.76 ms | pushRTT p50= 42.24 p99= 423.94 ms | lag=-6962 | err push=36722 pop=834350 ack=569 (429=700943 403=0 5xx=164529 to=6169 conn=0) empty=25505 cross=0 gor=186
[08:04:50 load ] offered=      42/s push=      43/s pop=      42/s ack=      42/s shed=      0/s inflight=    1 | e2e p50=  89.60 p99= 1171.46 ms | pushRTT p50= 57.60 p99=1073.15 ms | lag=-6959 | err push=36722 pop=834350 ack=569 (429=700943 403=0 5xx=164529 to=6169 conn=0) empty=25516 cross=0 gor=237
[08:09:50 load ] offered=      42/s push=      42/s pop=      42/s ack=      43/s shed=      0/s inflight=    4 | e2e p50=  72.19 p99=  765.95 ms | pushRTT p50= 44.80 p99= 618.50 ms | lag=-6962 | err push=36722 pop=834350 ack=569 (429=700943 403=0 5xx=164529 to=6169 conn=0) empty=25526 cross=0 gor=218
[08:14:50 load ] offered=      42/s push=      43/s pop=      43/s ack=      43/s shed=      0/s inflight=    0 | e2e p50=  58.11 p99=  444.42 ms | pushRTT p50= 33.02 p99= 342.02 ms | lag=-6962 | err push=36722 pop=834350 ack=569 (429=700943 403=0 5xx=164529 to=6169 conn=0) empty=25535 cross=0 gor=164
[08:19:50 load ] offered=      42/s push=      42/s pop=      42/s ack=      42/s shed=      0/s inflight=    0 | e2e p50=  69.12 p99= 1056.77 ms | pushRTT p50= 41.73 p99= 937.98 ms | lag=-6961 | err push=36722 pop=834350 ack=569 (429=700943 403=0 5xx=164529 to=6169 conn=0) empty=25540 cross=0 gor=156
[08:24:50 load ] offered=      42/s push=      42/s pop=      42/s ack=      42/s shed=      0/s inflight=    1 | e2e p50=  64.26 p99=  856.06 ms | pushRTT p50= 36.61 p99= 733.18 ms | lag=-6958 | err push=36722 pop=834350 ack=569 (429=700943 403=0 5xx=164529 to=6169 conn=0) empty=25552 cross=0 gor=265
[08:29:50 load ] offered=      42/s push=      42/s pop=      43/s ack=      43/s shed=      0/s inflight=    3 | e2e p50=  58.11 p99=  342.02 ms | pushRTT p50= 32.64 p99= 268.29 ms | lag=-6961 | err push=36722 pop=834350 ack=569 (429=700943 403=0 5xx=164529 to=6169 conn=0) empty=25568 cross=0 gor=175
[08:34:50 load ] offered=      42/s push=      43/s pop=      43/s ack=      42/s shed=      0/s inflight=    0 | e2e p50=  78.34 p99=  724.99 ms | pushRTT p50= 49.41 p99= 626.69 ms | lag=-6959 | err push=36722 pop=834350 ack=569 (429=700943 403=0 5xx=164529 to=6169 conn=0) empty=25571 cross=0 gor=224
