epoch_ms,pg_cpu_pct,pg_mem_mb,queen_cpu_pct,queen_mem_mb,xact_commit_cum,wal_records_cum,wal_bytes_cum,wal_fsyncs_cum,wal_fsync_time_ms_cum,db_size_bytes,active_backends,top_wait
1785007622019,31.3,583.6,1.3,4.4,816,37532,10131996,84,22.585,10229439,0,
1785007623019,37.5,583.7,1.3,4.2,855,37532,10131996,84,22.585,10229439,0,
1785007624019,37.8,605.1,4.3,14.2,961,37562,10137786,84,22.585,10794687,0,
1785007625019,70.9,755.2,44.3,24.3,989,37576,10139978,84,22.585,10794687,0,
1785007626019,67.0,762.0,10.3,34.7,1289,38746,10496889,125,50.013999999999996,11859647,0,
1785007627019,72.9,770.5,14.7,40.0,1811,42069,11570668,174,69.777,13186751,0,
1785007628019,263.9,1097.3,147.2,93.7,2444,45951,13131707,272,98.945,15472319,2,
1785007629020,185.8,1130.2,237.9,121.9,4488,55663,15435938,1007,282.339,17495743,39,WALWrite
1785007630019,180.2,1161.4,339.3,140.0,6448,66218,18164792,2107,529.805,19887807,0,
1785007631020,186.1,1169.5,393.4,153.3,8249,77744,21292558,3011,754.8009999999999,22697663,34,WALWrite
1785007632020,211.0,1178.4,398.8,162.2,10305,90961,24903248,4040,1006.4929999999999,25917119,2,ClientRead
1785007633020,262.0,1192.3,412.2,165.2,12593,107539,29121746,5087,1284.78,29603519,1,ClientRead
1785007634023,249.4,1225.8,416.4,169.2,15121,123598,33721388,6235,1600.87,33748671,2,ClientRead
1785007635019,225.4,1230.3,414.9,171.9,18279,141840,38703023,7792,1978.641,37869247,2,WALWrite
1785007636019,277.2,1241.4,469.0,175.0,21204,160751,44178364,9038,2317.9429999999998,42645183,10,ClientRead
1785007637023,302.5,1270.9,562.5,178.9,24317,181064,50186552,10210,2691.9719999999998,48068287,1,ClientRead
1785007638020,321.2,1285.3,599.1,177.4,27597,202951,56607545,11355,3066.066,54392511,20,ClientRead
1785007639019,352.6,1302.5,564.2,179.2,31178,226406,63512028,12595,3478.8989999999994,60610239,0,
1785007640019,358.4,1334.2,584.5,182.7,35277,251609,70754025,14127,3943.17,66877119,4,WALWrite
1785007641020,374.7,1350.8,605.2,185.3,39284,277968,78548050,15515,4384.7649999999985,73709247,2,ClientRead
1785007642019,388.8,1383.5,606.5,188.4,43499,305699,86838324,16945,4837.723,80877247,6,ClientRead
1785007643019,424.0,1413.3,642.9,189.6,47737,340571,95937466,18308,5289.736,89044671,14,WALWrite
1785007644020,430.1,1439.2,639.2,194.4,52373,370888,105143301,19703,5772.202,97973951,1,WalSync
1785007645020,477.4,1461.0,624.9,196.1,57555,402823,114622923,21342,6285.157,106354367,11,WALWrite
1785007646020,455.5,1498.1,639.1,200.6,62440,435882,124660578,22850,6771.152999999999,114988735,1,ClientRead
1785007647020,459.1,1535.9,668.0,205.2,67384,470265,135323627,24364,7301.941,124229311,8,WALWrite
1785007648020,481.9,1558.8,699.9,208.4,72536,505990,146252885,25812,7815.027999999999,134207167,4,ClientRead
1785007649020,502.3,1602.2,670.0,214.5,77733,542691,157850329,27197,8315.499000000002,145348287,12,ClientRead
1785007650020,513.7,1641.4,680.1,221.7,83542,581626,169674714,28811,8847.695000000002,155850431,1,
1785007651020,508.7,1680.8,701.1,225.6,89129,621643,182096871,30222,9356.470000000001,166672063,7,ClientRead
1785007652021,493.5,1705.3,750.9,229.2,94701,661959,194576451,31529,9857.518000000002,178099903,39,ClientRead
1785007653020,617.7,1749.2,700.0,235.1,100163,714281,208145640,32632,10300.362000000001,190363327,22,ClientRead
1785007654022,568.5,1794.3,723.3,243.0,106283,758369,222511004,33866,10772.240000000002,203314879,7,WALWrite
1785007655020,583.0,1838.7,772.5,246.5,112287,800804,236043125,34968,11268.608,216716991,11,ClientRead
1785007656020,593.1,1884.3,754.0,258.4,118047,844767,250411166,36000,11728.259,229627583,15,WALWrite
1785007657020,607.8,1929.7,758.5,264.9,124301,889664,265064787,37098,12206.956000000002,242915007,12,WALInsert
1785007658020,781.8,1986.3,769.3,278.5,131485,938750,281817692,38135,12663.131,259061439,10,WALWrite
1785007659020,533.6,2025.4,790.7,279.0,137261,983023,297305537,39307,13148.141,273323711,14,ClientRead
1785007660020,530.4,2067.9,767.5,284.8,142627,1023278,311240480,40367,13605.072,287454911,14,WALWrite
1785007661021,560.2,2118.2,816.5,289.5,146594,1055615,322737048,41109,13951.899,303298239,29,WALWrite
1785007662021,588.2,2170.2,785.5,295.1,151941,1100116,338764170,42154,14387.982,319043263,21,WALWrite
1785007663020,693.1,2221.3,832.6,305.3,157334,1163936,356606739,43103,14836.047,334812863,16,WALWrite
1785007664020,695.4,2373.2,850.5,310.9,162462,1210101,373151939,43958,15277.593,352507583,25,ClientRead
1785007665020,723.4,2461.5,826.5,322.5,168652,1263341,392657558,44863,15734.625000000002,370906815,13,WALWrite
1785007666021,677.6,2517.0,875.3,328.4,174532,1314828,411595987,45711,16190.287,387774143,19,ClientRead
1785007667020,653.9,2580.1,852.5,332.0,180448,1368388,430861372,46621,16691.634000000002,405943999,20,WALWrite
1785007668020,713.6,2635.2,888.2,344.9,185523,1415487,448075355,47305,17066.294,423958207,19,WALWrite
1785007669021,720.5,2694.2,875.9,349.7,191302,1468700,467644996,48065,17487.948,442603199,26,WALWrite
1785007670020,737.4,2754.9,906.7,359.4,197212,1522171,487043960,48874,17922.128,461706943,21,ClientRead
1785007671020,714.2,2835.2,909.3,370.8,202789,1577568,507838032,49603,18369.267000000003,482784959,3,WalSync
1785007672021,731.7,2894.5,916.8,384.0,208374,1633114,528886439,50309,18774.593,502290111,17,ClientRead
1785007673021,806.7,2953.9,930.4,392.5,213973,1712017,551228538,51032,19184.162,522868415,21,WALWrite
1785007674021,693.9,3043.3,928.2,402.1,219314,1771551,573401106,51746,19593.857,544978623,11,WALWrite
1785007675020,779.2,3105.9,972.0,410.5,225081,1832592,596727186,52503,20028.771,566605503,14,ClientRead
1785007676021,835.9,3174.1,974.9,422.8,230432,1890589,618314284,53150,20441.838,589444799,12,ClientRead
1785007677020,821.0,3261.8,974.1,432.7,235628,1953049,642311313,53827,20855.84,613406399,21,WALWrite
1785007678020,841.9,3327.6,1008.0,454.5,240764,2013808,665313518,54515,21250.073000000004,636540607,39,WALWrite
1785007679020,852.6,3415.2,971.2,467.7,245616,2076340,689521932,55168,21658.056000000004,661042879,19,WALWrite
1785007680020,894.8,3490.6,1060.3,482.4,250740,2139176,713866260,55848,22042.434000000005,685831871,15,WALInsert
1785007681020,865.4,3582.6,1006.7,491.3,255199,2201123,737800343,56398,22370.140000000003,710104767,18,WALInsert
1785007682024,766.7,3648.6,1083.4,506.0,260104,2265523,763193167,57052,22807.066000000003,735893183,40,WALWrite
1785007683022,813.1,3749.1,1035.1,514.0,265229,2356716,790378652,57719,23168.363000000005,759150271,8,WALWrite
1785007684020,744.1,3805.6,1086.9,532.6,270000,2419548,815710124,58393,23560.028000000002,784889535,37,WALWrite
1785007685021,720.1,3891.1,1106.0,544.4,275551,2487926,843131421,59132,23975.784000000003,809768639,10,WALWrite
1785007686021,628.7,3963.3,1042.0,607.2,280637,2549842,867996253,59796,24385.478000000003,834451135,26,WALWrite
1785007687022,691.5,4058.7,1122.4,619.8,284829,2610684,894327595,60365,24920.096000000005,861107903,18,ClientRead
1785007688020,720.4,4150.2,1081.3,633.9,290165,2676676,921180814,61110,25377.29,886224575,15,ClientRead
1785007689024,729.9,4221.0,1083.9,656.8,295036,2738031,946306980,61777,25769.691000000003,911169215,32,WALWrite
1785007690020,680.6,4307.3,1103.6,667.0,300095,2801714,972427387,62574,26217.443000000003,936171199,19,WALWrite
1785007691020,723.7,4380.3,1062.1,677.5,305008,2866819,999266702,63264,26625.896,959739583,17,ClientRead
1785007692020,657.0,4468.9,1101.2,699.4,309646,2929835,1025285513,64028,27105.691000000003,987133631,12,WALWrite
1785007693021,792.4,4674.7,1102.3,703.6,314323,3013665,1053333973,64738,27546.798000000003,1011545791,28,WALWrite
1785007694021,692.3,4631.7,1084.9,708.2,318837,3077595,1079723470,65417,27963.352000000006,1037883071,3,ClientRead
1785007695020,644.8,4723.0,1154.4,720.4,323640,3141527,1106055344,66162,28401.305000000004,1062786751,25,ClientRead
1785007696020,704.2,4788.0,1093.1,723.7,328519,3205049,1132030912,66917,28841.962000000003,1087633087,17,WALWrite
1785007697022,677.3,4878.7,1155.1,741.2,333075,3268595,1158864297,67645,29309.825000000004,1113552575,24,WALWrite
1785007698020,692.8,4947.9,1143.9,753.0,337668,3332683,1185516909,68362,29744.769,1137686207,8,WALWrite
1785007699021,684.7,5037.7,1127.6,761.5,342319,3396674,1211999471,69116,30202.52,1163712191,4,DataFileExtend
1785007700020,691.3,5114.4,1195.9,773.6,347187,3459040,1237397507,69880,30663.871000000003,1188394687,15,WALWrite
1785007701020,672.1,5196.9,1118.8,782.7,351998,3524364,1264295398,70636,31105.578,1213314751,12,WALWrite
1785007702020,623.2,5292.4,1163.7,784.9,356345,3587902,1291419131,71390,31547.143,1239234239,17,WALWrite
1785007703020,755.1,5478.5,1205.3,797.0,360630,3672192,1318896915,72077,31972.686,1263810239,15,WALWrite
1785007704021,694.5,5444.2,1169.2,807.7,364925,3733954,1344689600,72785,32424.488000000005,1289393855,20,ClientRead
1785007705022,688.6,5517.6,1233.1,809.3,369680,3798065,1371158319,73559,32867.96799999999,1314805439,9,WALWrite
1785007706024,688.7,5604.4,1186.6,822.0,374586,3862355,1397550187,74315,33305.573,1339619007,14,ClientRead
1785007707020,656.3,5692.3,1200.2,826.5,379164,3926217,1424446452,74996,33748.96399999999,1365173951,12,WALWrite
1785007708021,673.4,5763.0,1248.5,832.1,383884,3990174,1450845318,75730,34173.598999999995,1390425791,23,WALWrite
1785007709020,666.8,5859.3,1211.0,837.8,388681,4054128,1477182583,76446,34603.455,1415149247,20,WALWrite
1785007710021,699.6,5925.2,1265.7,839.1,393561,4117128,1502905604,77167,35035.626,1440478911,15,WALWrite
1785007711020,684.2,6014.9,1250.3,841.8,398708,4184149,1529965995,77890,35453.753,1465841343,29,WALWrite
1785007712021,670.5,6088.2,1237.4,850.8,403455,4246927,1555707679,78563,35892.41,1491089087,9,ClientRead
1785007713021,731.8,6292.3,1282.0,858.3,407890,4309840,1582289671,79295,36408.361,1516467903,30,ClientRead
1785007714021,722.5,6259.5,1224.4,866.9,412606,4412855,1611017933,80020,36826.04099999999,1540839103,17,WALWrite
1785007715021,691.4,6334.0,1303.9,873.2,417624,4476485,1637018795,80687,37264.454999999994,1566381759,14,WALWrite
1785007716021,635.8,6430.0,1291.2,879.7,422568,4542363,1663946458,81410,37704.547999999995,1591654079,3,ClientRead
1785007717024,676.1,6490.7,1261.5,885.5,427248,4603188,1689028007,82061,38146.638999999996,1615541951,17,WALWrite
1785007718022,592.5,6582.2,1330.1,922.3,431339,4664267,1716148497,82695,38714.210999999996,1642591935,22,WALWrite
1785007719021,730.0,6653.0,1319.4,925.1,436213,4729078,1742228393,83403,39179.388999999996,1667495615,18,WALWrite
1785007720020,672.4,6741.5,1320.8,934.3,440932,4792167,1767928011,84117,39646.104,1692686015,33,ClientRead
1785007721020,656.3,6832.8,1289.8,946.1,445466,4852733,1792525384,84835,40048.36,1717139135,18,WALWrite
1785007722020,673.7,6901.7,1322.8,953.8,450012,4918066,1819722659,85600,40532.710999999996,1742599871,14,ClientRead
1785007723020,691.9,7112.7,1370.3,967.2,454208,4979345,1846477355,86295,40998.991,1767806655,19,ClientRead
1785007724023,725.6,7062.6,1339.0,974.6,458210,5055781,1870300851,86891,41394.712,1792407231,25,ClientRead
1785007725021,679.0,7148.1,1357.4,986.7,462733,5115539,1894937637,87579,41823.084,1817786047,19,ClientRead
1785007726021,671.5,7220.9,1380.6,989.3,467308,5177361,1920352077,88281,42256.254,1842599615,31,WALWrite
1785007727022,655.7,7308.7,1335.6,999.3,471662,5239790,1946497165,88966,42686.998,1867560639,27,WALWrite
1785007728022,642.4,7397.8,1372.3,1010.5,476072,5301532,1972316650,89692,43147.727,1893193407,10,WALWrite
1785007729024,681.3,7469.1,1388.7,1022.0,480605,5363214,1998096828,90362,43555.696,1918514879,4,WALWrite
1785007730022,626.6,7558.3,1411.6,1030.4,485434,5426960,2024177592,91131,44038.822,1943746239,25,ClientRead
1785007731020,689.8,7631.1,1451.9,1039.8,489399,5481040,2046700978,91705,44401.378000000004,1968756415,39,WALWrite
1785007732020,682.3,7716.7,1387.1,1046.6,493964,5546322,2073478727,92392,44872.854,1993807551,17,ClientRead
1785007733020,753.4,7912.3,1456.7,1052.3,498301,5604623,2097532548,93021,45269.259000000005,2018891455,2,WalSync
1785007734021,680.5,7879.9,1389.8,1065.6,502512,5703198,2127079307,93673,45727.365,2044589759,9,ClientRead
1785007735020,690.9,7973.0,1401.5,1073.4,506807,5763397,2153134382,94429,46212.579000000005,2069943999,25,ClientRead
1785007736022,704.0,8054.5,1504.5,1083.9,511459,5827307,2180152802,95163,46668.191000000006,2096232127,13,WALWrite
1785007737020,713.1,8133.3,1407.5,1091.9,515113,5881379,2203669416,95784,47105.569,2119243455,28,BufferContent
1785007738020,734.7,8204.7,1464.8,1107.8,519167,5938806,2228042515,96478,47565.96600000001,2144212671,16,WALWrite
1785007739022,752.7,8292.4,1431.5,1115.0,523320,6001442,2255460295,97195,48052.075000000004,2168788671,15,WALWrite
1785007740021,757.6,8361.8,1503.5,1123.6,527131,6056622,2279663934,97803,48466.655,2193864383,36,WALWrite
1785007741021,736.1,8453.5,1489.4,1149.1,531390,6116912,2306684271,98515,48967.083,2219357887,3,ClientRead
1785007742021,736.2,8526.6,1478.1,1153.4,535181,6173477,2332089510,99202,49408.757,2244400831,12,WALWrite
1785007743023,776.4,8740.3,1492.9,1163.5,538876,6230971,2357750951,99884,49899.920999999995,2269591231,24,ClientRead
1785007744021,767.1,8686.0,1497.1,1178.6,542265,6292948,2383520153,100498,50386.72899999999,2294888127,37,ClientRead
1785007745023,765.1,8777.1,1499.9,1192.4,545888,6347128,2407687823,101155,50876.519,2320905919,20,WALWrite
1785007746021,756.6,8844.3,1537.0,1211.3,549590,6403368,2432832365,101839,51327.763999999996,2345801407,14,WALWrite
1785007747021,762.5,8932.9,1460.7,1238.1,553434,6460536,2458730822,102527,51810.24300000001,2370729663,24,WALWrite
1785007748020,1080.3,9005.9,1362.9,1318.3,556888,6513573,2483846737,103164,52276.611000000004,2393700031,16,WALWrite
1785007749022,686.2,9109.9,1609.8,1404.9,559838,6561265,2508985284,103621,52763.177,2420750015,7,WalSync
1785007750022,759.9,9176.1,1552.5,1403.4,563073,6616039,2535486427,104254,53231.849,2447808191,33,WALWrite
1785007751021,783.6,9263.4,1575.2,1414.8,566424,6668593,2559913460,104872,53713.988999999994,2472203967,13,WALWrite
1785007752021,813.7,9334.2,1520.4,1415.0,569824,6726490,2587365922,105520,54178.203,2497083071,14,ClientRead
1785007753021,829.2,9542.7,1539.3,1428.2,572831,6782362,2612015641,106075,54647.81999999999,2521880255,23,WALInsert
1785007754025,559.8,9512.9,1608.2,1427.2,576066,6855702,2640374258,106744,55148.446,2547054271,25,WALWrite
1785007755021,610.6,9586.6,1584.8,1428.3,579965,6911110,2665483867,107547,55632.741,2573170367,12,ClientRead
1785007756022,562.5,9671.7,1619.6,1427.1,583964,6967256,2691010557,108293,56123.118,2597664447,6,DataFileExtend
1785007757021,594.3,9743.1,1626.3,1434.3,587684,7021963,2715766109,109020,56635.21600000001,2622600895,25,WALWrite
1785007758020,584.0,9832.0,1625.8,1439.4,591488,7079750,2742433235,109755,57141.16500000001,2647496383,22,ClientRead
1785007759021,601.8,9902.1,1635.5,1444.8,595436,7137795,2768526786,110517,57626.15,2672400063,15,ClientRead
1785007760020,592.9,9991.4,1603.9,1443.2,599490,7196511,2794971322,111278,58162.515,2696443583,7,BufferContent
1785007761021,569.1,10061.4,1678.0,1448.7,603491,7250202,2819239046,112058,58638.531,2721003199,24,WALWrite
1785007762025,552.3,10149.0,1641.5,1452.4,607240,7307271,2845469681,112854,59129.155,2745382591,17,WALWrite
1785007763021,644.6,10339.9,1615.9,1463.1,610738,7360804,2870808931,113580,59619.637,2769163967,17,WALWrite
1785007764023,643.0,10301.5,1676.6,1473.5,614061,7485374,2899636867,114288,60105.449,2793232063,22,WALWrite
1785007765020,553.7,10387.0,1592.6,1474.4,617465,7538064,2924689044,114892,60693.035,2818201279,23,ClientRead
1785007766021,595.4,10458.9,1658.8,1474.3,621466,7594989,2950975418,115669,61181.114,2843350719,20,ClientRead
1785007767023,520.1,10552.1,1694.8,1485.2,625190,7650943,2977243610,116436,61682.445999999996,2867639999,24,WALWrite
1785007768021,567.1,10617.5,1658.6,1485.7,628574,7700019,3000187085,117200,62189.433,2892256959,18,ClientRead
1785007769021,537.4,10707.6,1698.5,1492.6,632160,7753880,3025399759,117958,62647.094000000005,2917234367,25,WALWrite
1785007770021,587.3,10774.6,1622.1,1496.1,635912,7806919,3049758982,118716,63156.091,2941744831,4,WALWrite
1785007771021,574.0,10862.3,1682.5,1503.6,639749,7863956,3076743553,119458,63665.670000000006,2966361791,7,WALWrite
1785007772020,548.3,10929.1,1708.6,1510.2,643382,7916268,3101161463,120288,64188.82800000001,2990872255,3,WALWrite
1785007773020,651.7,11139.5,1661.7,1508.6,646946,7969419,3127012345,121046,64679.96,3015014079,26,WALWrite
1785007774023,575.5,11088.8,1708.8,1529.5,650051,8036311,3153034107,121762,65162.234,3040138943,10,ClientRead
1785007775021,495.0,11167.5,1590.7,1527.9,653186,8079594,3173305984,122434,65601.654,3062183615,7,WALWrite
1785007776021,509.7,11250.3,1804.4,1568.3,656212,8126764,3197506400,123142,66178.90999999999,3089192639,32,WALWrite
1785007777023,525.9,11332.4,1707.7,1569.4,659778,8177155,3221826666,123999,66721.203,3113408191,8,WALWrite
1785007778020,574.7,11402.1,1688.8,1573.4,663175,8228259,3247285767,124784,67210.306,3137418943,38,WALWrite
1785007779022,517.8,11488.3,1713.2,1575.9,666521,8279713,3272187976,125569,67745.394,3161831103,8,WALWrite
1785007780022,532.7,11558.7,1720.1,1581.4,670055,8331984,3297356721,126389,68287.201,3186153151,22,WALWrite
1785007781022,509.7,11645.5,1728.3,1583.9,673533,8383523,3322822388,127212,68798.27399999999,3211712191,2,
1785007782023,536.1,11716.4,1759.3,1587.9,676711,8433031,3347077060,127985,69320.29400000001,3235854015,11,ClientRead
1785007783022,605.7,11926.0,1721.6,1590.2,680218,8484152,3371567353,128812,69841.303,3259733695,14,ClientRead
1785007784021,552.7,11873.9,1755.2,1604.1,683345,8532334,3396253553,129562,70343.22300000001,3285300927,23,WALWrite
1785007785021,540.1,11959.0,1751.0,1605.3,686757,8582978,3421367728,130332,70871.413,3309532863,13,WALWrite
1785007786022,529.6,12029.7,1748.6,1598.1,690318,8635224,3446783817,131134,71393.199,3333736127,20,ClientRead
1785007787023,492.3,12121.5,1759.6,1600.5,693599,8685773,3471639976,131973,71917.59300000001,3359143615,5,WALInsert
1785007788024,543.7,12188.2,1757.8,1599.4,696821,8735039,3495614376,132684,72423.41,3382638271,11,ClientRead
1785007789021,527.3,12276.8,1741.6,1603.2,700285,8787252,3520853054,133477,72953.833,3407992511,15,ClientRead
1785007790021,507.4,12345.3,1792.3,1609.8,703942,8840270,3546197472,134300,73503.21399999999,3432191679,18,WALWrite
1785007791022,530.8,12431.0,1719.0,1614.1,707358,8891223,3571860329,135145,74043.65699999999,3455874751,4,WalSync
1785007792022,527.2,12503.2,1824.4,1616.7,710700,8944157,3598296349,135972,74629.664,3481589439,25,WALWrite
1785007793022,584.1,12711.4,1678.2,1618.9,714135,8994954,3622807772,136706,75155.595,3504436927,3,ClientRead
1785007794022,565.6,12665.4,1797.0,1620.1,717215,9062027,3648235447,137458,75692.98600000002,3530356415,44,WALWrite
1785007795021,586.4,12745.2,1761.1,1622.8,720740,9115268,3675098890,138272,76238.56500000002,3555088063,8,ClientRead
1785007796023,602.7,12818.2,1714.8,1626.5,724053,9162947,3698847693,139026,76801.89100000003,3578148543,10,ClientRead
1785007797021,578.8,12905.4,1791.9,1638.0,727065,9213060,3725441344,139744,77341.95800000001,3603429055,8,ClientRead
1785007798023,613.4,12970.7,1728.5,1640.5,730072,9260237,3749343250,140489,77862.789,3626702527,6,WALWrite
1785007799020,630.4,13061.0,1713.2,1654.5,733061,9308627,3774720167,141242,78410.46700000002,3649836735,8,extend
1785007800023,605.9,13131.3,1790.6,1665.2,736253,9355558,3799064698,142030,78974.019,3675363007,9,WALWrite
1785007801021,617.0,13223.7,1763.9,1666.6,739311,9403263,3824071345,142776,79496.04800000001,3698849471,17,ClientRead
1785007802023,613.1,13288.0,1768.7,1684.3,742171,9447176,3847661136,143542,80100.60100000001,3723015871,19,ClientRead
1785007803022,684.9,13478.6,1743.7,1689.2,744976,9492498,3871976541,144252,80627.56300000001,3746412223,10,WALWrite
1785007804021,671.0,13444.5,1755.7,1713.4,747564,9536519,3896690593,144952,81141.51600000002,3772257983,22,WALWrite
1785007805020,657.8,13513.3,1783.3,1714.9,750443,9583892,3922162406,145673,81664.512,3795916479,6,extend
1785007806023,656.5,13603.6,1727.0,1716.2,753403,9628942,3945512761,146378,82159.09800000001,3820304063,27,ClientRead
1785007807021,594.2,13669.2,1707.3,1719.2,756339,9673613,3969688166,147101,82803.94600000001,3844626111,13,WALWrite
1785007808021,887.8,13750.7,1580.2,1738.7,759096,9716154,3993429350,147697,83292.478,3865261759,18,ClientRead
1785007809020,611.8,13831.7,1854.2,1777.6,761829,9762283,4020199444,148361,83845.478,3892442815,7,ClientRead
1785007810023,632.0,13914.4,1728.7,1786.4,764521,9804665,4043548872,149102,84404.32100000001,3915847359,18,WALWrite
1785007811023,603.2,13989.8,1596.7,1777.3,766852,9847597,4066978216,149795,84848.96600000001,3942405823,3,ClientRead
1785007812020,506.3,14079.1,1119.0,1777.4,768278,9896903,4092783344,150503,85321.66800000002,3968325311,12,WALWrite
1785007813020,551.8,14272.5,1144.9,1776.7,769567,9945280,4117187625,151245,85835.93900000001,3992508095,5,WalSync
1785007814021,561.1,14240.3,1108.3,1776.8,770697,10047197,4144271799,151957,86367.99799999999,4018173631,9,WALWrite
1785007815020,530.7,14326.6,1173.2,1776.6,772121,10095399,4168341100,152741,86891.41500000001,4042954431,16,extend
1785007816019,563.3,14397.3,1172.4,1777.7,773876,10146090,4193136231,153608,87446.064,4067530431,11,WALWrite
1785007817021,536.7,14481.3,1124.6,1777.4,775408,10196726,4218073582,154335,88014.066,4092663487,4,WALWrite
1785007818021,506.8,14552.9,1152.0,1777.3,776710,10249351,4244243521,155099,88556.37999999999,4118263487,13,ClientRead
1785007819022,530.4,14638.1,1075.7,1778.3,777942,10300749,4270283779,155807,89092.04,4143191743,7,WALWrite
1785007820020,453.1,14700.4,1166.9,1776.8,779424,10358271,4296424880,156671,89632.151,4163098303,7,WALWrite
1785007821019,372.5,14788.2,1149.0,1777.3,781344,10411440,4322542385,157731,90240.04599999999,4189206207,6,WALWrite
1785007822019,376.7,14864.2,1135.8,1776.6,783140,10462775,4347785179,158673,90814.43400000001,4213757631,4,ClientRead
1785007823020,425.8,15079.2,1152.4,1776.7,784844,10514834,4373598488,159588,91372.38100000001,4239881919,3,
1785007824020,410.9,15020.6,1133.9,1778.1,786373,10587369,4399616364,160380,91953.444,4264752831,18,WALWrite
1785007825020,370.7,15108.1,1150.2,1776.7,788342,10640026,4425518552,161473,92547.80600000001,4290066111,4,ClientRead
1785007826020,375.3,15181.0,1170.0,1778.0,790054,10690262,4450238740,162324,93094.261,4315133631,18,WALWrite
1785007827019,379.2,15266.6,1093.0,1776.3,791887,10744344,4476648648,163282,93705.39099999999,4340471487,5,WALWrite
1785007828022,358.9,15340.2,1148.5,1775.7,793524,10794162,4501263526,164117,94306.12299999999,4365645503,17,WALWrite
1785007829023,383.8,15429.8,1130.9,1777.6,795312,10845565,4526471269,165048,94883.46500000001,4390942399,6,WalSync
1785007830023,377.7,15500.0,1135.3,1776.5,797210,10896454,4551383803,166053,95458.455,4415927999,16,WALWrite
1785007831019,360.0,15588.8,1162.6,1776.6,799145,10949613,4577378341,167091,96083.22800000002,4441527999,11,ClientRead
1785007832019,391.1,15658.9,1101.9,1778.5,800884,10998407,4601151761,168004,96645.41300000002,4466267839,6,ClientRead
1785007833019,437.1,15870.7,1133.6,1776.8,802555,11048560,4625845948,168887,97241.45700000001,4490745535,5,WALWrite
1785007834020,399.7,15814.5,1133.0,1776.1,804107,11128314,4651917082,169656,97760.161,4515731135,4,ClientRead
1785007835020,390.6,15903.7,1129.2,1777.7,805993,11175571,4674900381,170641,98321.049,4540733119,10,WALWrite
1785007836022,373.3,15974.9,1164.4,1778.0,807737,11226448,4699806813,171560,98863.57400000001,4566070975,12,WALWrite
1785007837020,371.4,16065.3,1109.1,1775.6,809409,11274399,4723247629,172380,99388.96200000001,4591302335,4,ClientRead
1785007838020,322.5,16131.5,1113.5,1776.8,811103,11322782,4747238285,173224,99940.397,4616828607,6,ClientRead
1785007839020,362.5,16222.2,1157.7,1777.9,812610,11374485,4773363919,174011,100510.151,4641937087,7,WALWrite
1785007840020,382.6,16294.0,1103.8,1776.7,814656,11424656,4797665533,175128,101135.164,4666668735,3,BufferContent
1785007841020,356.5,16383.5,1159.4,1778.4,816353,11475435,4822786330,175991,101693.999,4692096703,6,ClientRead
1785007842021,359.6,16455.3,1105.7,1777.2,818014,11526431,4848169170,176812,102307.876,4716828351,8,WALWrite
1785007843020,401.4,16664.9,1081.7,1778.7,819472,11573811,4872031117,177563,102821.212,4742043327,14,WALWrite
1785007844020,378.5,16612.3,1186.5,1776.9,820734,11623920,4897741271,178198,103502.399,4767397567,3,WalSync
1785007845021,380.9,16701.8,1115.7,1776.2,822691,11675921,4923143008,179248,104081.24100000001,4793095871,9,WALWrite
1785007846019,362.0,16773.8,1173.4,1777.9,824592,11728753,4949223331,180300,104708.04100000001,4818163391,3,
1785007847020,371.0,16861.3,1141.5,1777.6,826432,11782038,4975224772,181221,105282.279,4843214527,3,WALWrite
1785007848021,372.5,16933.8,1130.9,1777.6,828134,11833803,5000639363,182105,105851.569,4868904639,3,WALWrite
1785007849021,364.8,17022.2,1157.7,1778.1,829832,11884501,5025606015,182971,106435.45199999999,4893996735,5,WalSync
1785007850021,398.7,17093.1,1120.8,1777.7,832029,11937801,5051341212,184156,107036.29699999999,4919064255,10,WALWrite
1785007851020,367.6,17182.3,1157.6,1777.1,833762,11990118,5077189548,185056,107604.3,4945188543,13,WALWrite
1785007852020,380.2,17253.5,1140.6,1778.2,835717,12043925,5103204229,186008,108191.963,4969412287,7,ClientRead
1785007853020,424.6,17466.7,1120.4,1779.7,837327,12095275,5128796826,186836,108801.50200000001,4996118207,10,ClientRead
1785007854021,379.7,17413.3,1181.0,1778.4,839064,12146761,5154169074,187751,109429.19200000001,5020612287,8,WALWrite
1785007855020,457.7,17502.5,1115.7,1778.9,841025,12195927,5178222773,188822,109977.874,5045835455,5,extend
1785007856019,456.7,17576.9,1180.1,1777.7,842518,12244479,5202368533,189588,110516.976,5071017663,11,WALWrite
1785007857022,498.7,17662.9,1193.6,1779.5,844370,12298698,5228829692,190394,111114.91600000001,5097002687,9,WALWrite
1785007858020,544.5,17734.7,1167.2,1779.4,846181,12348203,5252621018,191155,111658.94900000001,5122004671,12,ClientRead
1785007859025,497.4,17825.3,1216.9,1779.8,847927,12401176,5278462251,191944,112306.66,5147170495,4,WalSync
1785007860020,504.9,17892.2,1114.3,1781.6,849726,12449358,5302105597,192811,112818.41,5171467967,7,ClientRead
1785007861020,481.6,17981.8,1162.6,1779.8,851273,12498857,5326752524,193676,113402.705,5198116543,6,ClientRead
1785007862019,457.4,18051.6,1154.8,1778.1,852546,12544373,5349749578,194364,113882.579,5221021375,4,
1785007863020,553.8,18268.7,1118.6,1781.6,853845,12594965,5375193757,195129,114404.66500000001,5247710911,9,WalSync
1785007864020,558.5,18228.6,1157.0,1779.6,855096,12744843,5405649919,195809,114938.355,5273343679,3,WALWrite
1785007865020,509.1,18299.7,1122.9,1780.0,856514,12793931,5430194818,196608,115437.305,5298181823,4,ClientRead
1785007866022,481.0,18387.9,1116.9,1780.4,857922,12844642,5455985592,197425,115986.015,5324142271,8,WALWrite
1785007867020,500.3,18462.9,1141.9,1781.5,859258,12893391,5480568030,198142,116519.963,5348259519,16,WALWrite
1785007868021,508.0,18544.6,1080.5,1783.8,860647,12943755,5506064407,198853,117053.94200000001,5373294271,5,
1785007869019,500.7,18618.1,1140.0,1781.8,861830,12991975,5530661897,199510,117574.401,5398492863,15,WALWrite
1785007870020,487.3,18701.9,1123.8,1781.7,863380,13040609,5555075298,200511,118176.02399999999,5422266047,4,WalWrite
1785007871020,526.7,18777.7,1108.2,1782.4,864538,13092383,5581156239,201139,118646.387,5449135807,14,WALWrite
1785007872019,525.6,18864.4,1128.0,1782.7,865651,13144010,5606948281,201804,119122.522,5475055295,5,ClientRead
1785007873019,608.4,19059.8,1083.4,1782.9,866779,13192002,5631068225,202513,119625.90400000002,5500171967,19,WALWrite
1785007874021,570.4,19024.6,1129.2,1781.6,867843,13246110,5657095625,203171,120071.686,5525599935,15,WALWrite
1785007875019,479.8,19093.7,1089.2,1790.4,868804,13295982,5683658006,203723,120720.198,5549291199,8,BufferContent
1785007876021,555.4,19182.6,1077.4,1789.3,870032,13343430,5707859429,204505,121230.54599999999,5574497983,2,
1785007877019,557.0,19263.0,1152.8,1789.4,871021,13390401,5731794298,205119,121685.37999999999,5600548543,11,BufferContent
1785007878020,545.8,19345.8,1085.9,1789.5,872024,13439523,5756933534,205737,122128.46399999999,5626001087,8,BufferContent
1785007879021,584.0,19415.1,1096.3,1792.2,872993,13488043,5781906786,206359,122590.16399999999,5650675391,16,extend
1785007880019,588.6,19500.5,1112.2,1791.0,874299,13538190,5807195410,207232,123133.10200000001,5675390655,6,WalSync
1785007881020,602.8,19574.1,1094.0,1792.6,875257,13584796,5830775202,207850,123535.98300000001,5701531327,8,extend
1785007882020,571.1,19663.7,1121.3,1790.5,876216,13632453,5855470418,208473,123987.399,5726197439,4,
1785007883020,658.8,19858.7,1089.8,1792.5,877121,13677284,5878578113,209061,124422.05900000001,5752460991,6,ClientRead
1785007884021,631.2,19825.0,1080.3,1790.8,877974,13723770,5903386689,209616,124844.91400000002,5777962687,8,
1785007885021,582.1,19894.3,1094.7,1792.0,879042,13772953,5928843870,210345,125306.2,5803013823,8,WALWrite
1785007886020,592.2,19977.8,1016.5,1792.2,880052,13817945,5951955078,211073,125765.714,5828179647,7,extend
1785007887020,592.8,20047.3,1061.4,1792.0,880819,13865605,5976585676,211592,126201.79200000002,5852141247,10,extend
1785007888022,600.7,20118.2,1033.7,1795.2,881601,13913603,6001654971,212177,126594.89000000003,5876446911,7,WalSync
1785007889022,609.0,20205.5,1035.5,1798.1,882364,13958398,6025272413,212688,126987.16000000002,5900170943,6,ClientRead
1785007890020,626.6,20278.1,1081.3,1801.5,883318,14004488,6049114053,213393,127423.00800000002,5925656255,13,WALWrite
1785007891022,614.2,20365.6,1005.1,1807.6,884227,14049589,6072443304,214061,127879.22100000002,5949879999,9,ClientRead
1785007892020,614.3,20434.9,1063.4,1812.1,884968,14094058,6095877267,214612,128260.842,5974644415,10,ClientRead
1785007893020,687.3,20643.0,1023.5,1821.8,885736,14142898,6121560086,215188,128682.36099999999,5999163071,8,ClientRead
1785007894020,659.5,20587.8,1024.9,1841.8,886329,14185285,6144464467,215634,128982.315,6023198399,8,extend
1785007895020,513.5,20677.1,1153.1,1863.7,887433,14239320,6170786266,216541,129454.567,6049167039,6,WALWrite
1785007896023,339.2,20747.0,1200.5,1871.1,888777,14285269,6194032144,217290,129959.622,6073464511,8,ClientRead
1785007897022,358.2,20856.4,1216.4,1922.2,890215,14339545,6225545781,218066,130489.07600000002,6105593535,5,WALWrite
1785007898021,328.8,20925.5,1291.6,1911.0,891772,14385982,6248842126,218826,131075.304,6131889855,10,ClientRead
1785007899021,340.7,21026.1,1227.1,1920.3,893144,14436501,6276260621,219553,131554.721,6157932223,3,ClientRead
1785007900020,373.1,21111.2,1195.1,1921.4,895128,14485821,6300417105,220618,132133.258,6182885055,8,extend
1785007901021,361.6,21181.3,1137.4,1921.9,896863,14538989,6327117182,221532,132748.473,6208288447,2,ClientRead
1785007902019,379.1,21265.2,1159.7,1922.1,898506,14586254,6350445005,222384,133287.823,6233265855,2,WalSync
1785007903021,423.5,21357.1,1191.3,1922.0,900237,14639323,6376783126,223319,133890.95,6258759359,6,WALInsert
1785007904020,445.6,21423.9,1143.9,1923.6,901751,14778676,6406633164,224115,134447.79399999997,6281819839,7,ClientRead
1785007905020,389.6,21495.6,1184.3,1922.9,903722,14827845,6430592500,225237,135033.87399999998,6306272959,7,WALWrite
1785007906020,298.5,21583.9,1093.7,1922.8,905194,14879589,6457111845,226010,135650.834,6332307135,6,WALWrite
1785007907020,374.6,21659.9,1159.8,1921.4,906694,14928622,6481689486,226835,136258.68,6357063359,7,
1785007908024,352.8,21742.4,1197.3,1924.6,908458,14980048,6506792868,227753,136830.94999999998,6382819007,7,WALWrite
1785007909019,393.3,21815.0,1137.1,1924.0,910158,15031599,6532213252,228678,137375.81699999998,6407755455,3,WalSync
1785007910020,393.3,21903.1,1172.0,1925.4,912359,15084365,6557649866,229877,138035.62999999998,6433756863,8,WALWrite
1785007911020,389.1,21974.3,1165.5,1923.9,914234,15135661,6582589061,230868,138573.896,6458660543,3,WALWrite
1785007912023,361.8,22061.6,1134.6,1923.7,915973,15186329,6607350234,231780,139180.559,6484162239,10,WALWrite
1785007913020,433.8,22258.9,1173.9,1924.0,917558,15234263,6631142492,232618,139734.31199999998,6508820159,3,extend
1785007914022,418.9,22223.1,1147.2,1924.2,919273,15287739,6657607508,233520,140280.39499999996,6535255743,4,ClientRead
1785007915021,452.7,22307.7,1186.9,1923.5,921271,15338742,6682725121,234614,140921.18999999997,6559356607,7,ClientRead
1785007916019,440.6,22386.0,1155.0,1924.3,922834,15387581,6706947189,235402,141447.097,6585579199,8,ClientRead
1785007917020,479.9,22457.7,1140.8,1924.8,924369,15437197,6731418478,236185,142033.875,6610073279,5,WALWrite
1785007918020,462.8,22544.9,1171.2,1924.6,925902,15488938,6757018392,236992,142620.60999999996,6635296447,15,WALWrite
1785007919020,491.1,22617.0,1120.4,1924.9,927416,15539185,6782062785,237778,143179.81099999996,6660789951,8,WALWrite
1785007920020,485.3,22705.8,1157.0,1924.6,929143,15589010,6806673413,238751,143712.02099999998,6685316799,4,
1785007921020,471.9,22776.3,1171.9,1925.3,930688,15639337,6831523572,239624,144287.67399999997,6711113407,8,WALWrite
1785007922020,414.5,22864.4,1078.3,1923.3,931805,15688921,6857442776,240249,144927.81799999997,6736639679,9,WALWrite
1785007923022,531.7,23069.6,1166.2,1924.8,933000,15736426,6881841101,240952,145441.995,6761461439,8,
1785007924020,532.8,23023.4,1118.2,1925.5,934302,15785620,6906496367,241703,146007.41999999998,6786881215,3,ClientRead
1785007925021,506.5,23096.1,1139.1,1925.1,935751,15835216,6931405012,242465,146524.082,6811817663,7,BufferContent
1785007926020,482.7,23183.2,1148.5,1926.0,937297,15886268,6957049060,243345,147116.08599999998,6837835455,14,WALWrite
1785007927019,514.4,23259.4,1114.0,1925.1,938596,15932113,6980221177,244029,147617.64599999998,6862624447,18,WALWrite
1785007928021,502.2,23342.9,1145.9,1925.4,940000,15982779,7005910999,244805,148164.032,6887823039,4,WalSync
1785007929021,522.0,23417.2,1135.4,1925.6,941333,16033464,7031377500,245574,148695.093,6912276159,8,WalWrite
1785007930019,527.0,23501.0,1119.8,1925.1,942883,16088262,7057529446,246494,149299.559,6937736895,9,ClientRead
1785007931020,489.3,23576.3,1161.6,1926.4,944098,16135403,7081560140,247176,149764.852,6963164863,19,WALWrite
1785007932020,521.3,23659.5,1050.3,1925.9,945281,16184933,7106620567,247858,150273.20200000002,6988043967,11,WALWrite
1785007933023,588.8,23858.2,1159.4,1926.6,946287,16229488,7129653408,248451,150726.42999999996,7014028991,15,WALWrite
1785007934019,634.5,23820.3,1134.7,1926.1,947435,16380368,7159766235,249170,151246.65,7038965439,7,ClientRead
1785007935019,538.5,23906.6,1095.4,1925.5,948526,16430309,7185585755,249831,151682.247,7063877311,4,WalWrite
1785007936021,528.6,23978.9,1148.3,1926.8,949993,16485554,7209604924,250754,152265.997,7089002175,9,extend
1785007937021,530.7,24066.2,1086.1,1927.1,951126,16534690,7234598617,251423,152716.54,7113938623,16,WALWrite
1785007938021,525.9,24136.7,1119.1,1927.7,952154,16584650,7260810181,252058,153272.056,7139759807,6,WalSync
1785007939020,545.3,24226.7,1110.0,1927.8,953373,16634004,7286031052,252794,153787.882,7165138623,6,transactionid
1785007940020,582.3,24297.3,1106.0,1931.8,954791,16700117,7312129657,253700,154321.955,7189616319,4,ClientRead
1785007941020,543.9,24384.8,1121.4,1931.0,955974,16749043,7337448912,254397,154861.191,7215027903,14,WALWrite
1785007942022,565.6,24457.8,1085.2,1931.0,957126,16799483,7363499647,255105,155382.421,7239694015,7,WalSync
1785007943020,626.7,24665.9,1080.7,1931.5,958046,16843914,7386368598,255713,155808.948,7264843455,5,
1785007944020,609.8,24617.4,1134.9,1930.7,958881,16890701,7411569812,256273,156247.641,7290836671,10,ClientRead
1785007945020,581.8,24702.8,1042.7,1930.7,959945,16955720,7437471121,256961,156703.095,7315166911,9,ClientRead
1785007946020,536.9,24773.9,1092.5,1929.9,961045,17008100,7462156903,257741,157171.303,7339636415,12,WALWrite
1785007947020,562.3,24857.9,1049.2,1931.4,961830,17052357,7485751312,258288,157554.131,7364662975,7,
1785007948021,571.2,24928.5,1080.8,1932.0,962660,17096986,7509295057,258853,157981.07400000002,7389918911,9,ClientRead
1785007949020,562.1,25019.6,1074.5,1931.5,963532,17146681,7535877480,259442,158376.493,7415060159,15,WALWrite
1785007950020,600.8,25087.3,1055.4,1931.5,964395,17209423,7558861549,260016,158815.45,7439201983,11,BufferContent
1785007951020,578.3,25176.3,1081.6,1931.7,965436,17264875,7584864845,260751,159229.92599999998,7464646335,6,WalSync
1785007952020,584.0,25247.9,1058.8,1931.6,966230,17309586,7608464379,261316,159636.66599999997,7488763583,3,ClientRead
1785007953020,551.9,25442.0,1024.2,1934.9,966966,17356916,7634191190,261823,160108.69999999998,7514453695,8,WALWrite
1785007954020,632.8,25405.0,1093.1,1935.8,967670,17401958,7658958385,262334,160597.55799999996,7540766399,8,BufferContent
1785007955020,626.1,25491.1,1031.2,1937.0,968738,17484685,7685641385,263065,161070.92099999997,7564793535,8,extend
1785007956019,605.4,25566.6,1085.5,1938.5,969781,17533059,7710957015,263782,161530.24399999998,7590942399,5,WalSync
1785007957021,585.1,25649.6,1054.5,1940.0,970629,17576925,7733812627,264346,161898.03399999999,7614625471,5,ClientRead
1785007958021,593.7,25724.4,1045.2,1939.5,971541,17626349,7760449807,264892,162296.629,7640159935,11,WALWrite
1785007959020,593.4,25798.6,1087.7,1940.6,972264,17672192,7784480845,265385,162704.156,7665743551,9,WALWrite
1785007960025,628.2,25884.5,1031.5,1940.7,973195,17758871,7810306666,266110,163166.16499999998,7691409087,4,WalSync
1785007961021,716.7,25960.2,1175.5,1960.0,974314,17805699,7835137492,266782,163571.548,7715018431,3,ClientRead
1785007962022,732.9,26029.7,1463.0,1999.5,976378,17851324,7859269795,267392,164037.781,7738488511,13,WALWrite
1785007963021,815.8,26121.6,1551.2,2024.9,978409,17893501,7883008221,267955,164511.598,7762081471,60,WALWrite
1785007964024,861.3,26219.3,1554.8,2060.3,980540,17936000,7905308813,268485,165008.924,7782807231,13,WALWrite
1785007965021,952.2,26422.7,1561.5,2101.7,982910,17993630,7930639751,269029,165487.57099999997,7804729023,50,WALWrite
1785007966021,960.0,26520.6,1610.3,2238.1,984917,18054856,7955569785,269429,165851.18999999997,7828797119,17,ClientRead
1785007967021,813.6,26618.2,1677.7,2276.4,986766,18096811,7980077612,269893,166254.66,7850874559,15,WALWrite
1785007968021,822.4,26723.6,1671.3,2286.8,988875,18135506,8004137450,270482,166745.209,7876409023,14,WALWrite
1785007969024,719.1,26788.5,1629.9,2297.4,990413,18172895,8027907465,270849,167251.301,7899518655,29,WALWrite
1785007970020,852.0,26886.8,1672.7,2307.4,992434,18234947,8055225098,271319,167727.12000000002,7923447487,19,WALWrite
1785007971022,851.4,26949.1,1636.1,2315.6,994277,18288947,8077025471,271755,168124.27500000002,7944967871,14,WALWrite
1785007972026,868.5,27014.6,1688.3,2341.7,996193,18338817,8099829693,272219,168539.72,7966799551,39,WALWrite
1785007973019,889.6,27103.1,1698.7,2399.5,998224,18378758,8126014958,272708,168985.70500000002,7989147327,16,WALWrite
1785007974021,809.0,27164.4,1723.0,2440.1,1000126,18415132,8149914367,273201,169438.817,8012314303,13,WALWrite
1785007975022,753.8,27265.1,1848.5,2460.4,1002087,18455161,8172494937,273680,169868.938,8034694847,14,ClientRead
1785007976020,608.5,27396.1,1929.0,2481.2,1004188,18527293,8200897479,274323,170348.199,8061392575,30,WALWrite
1785007977023,652.5,27469.9,1920.8,2482.6,1006362,18595063,8228599045,274950,170779.475,8089753279,26,WALWrite
1785007978020,614.3,27560.0,1758.9,2485.9,1008915,18641119,8254500857,275699,171302.878,8114673343,9,ClientRead
1785007979021,646.1,27628.0,1752.1,2482.7,1011325,18689845,8279744381,276418,171794.00100000002,8139142847,58,WALWrite
1785007980021,650.9,27707.1,1717.2,2488.9,1013936,18790940,8309183369,277145,172272.013,8162350783,11,WALWrite
1785007981022,689.6,27780.5,1771.9,2488.8,1016418,18852197,8333099619,277766,172741.242,8186517183,9,BufferMapping
1785007982022,637.4,27869.2,1769.9,2486.0,1018856,18901189,8359120425,278430,173219.624,8211388095,12,WALWrite
1785007983022,712.1,27955.8,1766.4,2486.8,1021261,18949457,8384156817,279049,173683.425,8236054207,8,WALWrite
1785007984020,770.9,28053.6,1726.4,2485.9,1023656,19230069,8422712323,279650,174183.15399999998,8255002303,25,WALWrite
1785007985024,696.7,28072.3,1785.3,2490.7,1025832,19294768,8448682848,280171,174669.699,8265119423,3,ClientRead
1785007986021,697.0,28128.6,1772.5,2484.6,1028129,19381832,8476334600,280758,175142.474,8275121855,21,WALWrite
1785007987020,699.3,28169.3,1826.5,2490.9,1030635,19433747,8499391067,281389,175591.16999999998,8285091519,20,WALWrite
1785007988021,679.7,28227.3,1792.9,2487.0,1033150,19481163,8524879904,281992,176056.414,8295061183,9,ClientRead
1785007989021,687.3,28268.6,1777.4,2486.2,1035520,19528898,8550555814,282599,176518.434,8305186495,15,WALWrite
1785007990021,679.5,28319.5,1713.6,2485.2,1037868,19583151,8573869541,283236,176982.221,8314451647,23,WALWrite
1785007991020,680.8,28374.0,1760.4,2482.8,1040132,19672719,8601968513,283842,177407.845,8324388543,14,WALWrite
1785007992021,708.3,28414.8,1782.7,2490.0,1042570,19728522,8627277334,284501,177913.72199999998,8334890687,13,ClientRead
1785007993024,790.6,28548.0,1692.8,2483.7,1044703,19768305,8649309747,285077,178382.53100000002,8343729855,8,WALWrite
1785007994026,738.8,28512.2,1768.8,2488.6,1046768,19810230,8674000792,285582,178844.33299999998,8354207423,9,WalSync
1785007995024,817.5,28549.9,1748.3,2485.3,1049027,19886574,8700790695,286178,179377.17599999998,8363431615,23,WALWrite
1785007996021,902.7,28602.9,1669.7,2489.4,1051214,19956744,8729018528,286601,179794.826,8373278399,17,WALWrite
1785007997023,692.6,28645.4,1763.6,2494.3,1053442,20003662,8752099632,287181,180324.53199999998,8383436479,16,WALWrite
1785007998021,717.9,28698.4,1814.1,2489.1,1055522,20044789,8776622742,287782,180783.69999999998,8393414335,13,WALWrite
1785007999023,733.9,28744.0,1768.7,2488.8,1057670,20084833,8799166584,288349,181313.56999999998,8403293887,5,WalSync
1785008000022,582.1,28789.0,1643.1,2488.0,1059565,20148811,8824321771,288783,181808.452,8413812415,25,WALWrite
1785008001024,717.5,28860.3,1779.7,2490.6,1061284,20222968,8850071199,289275,182479.35899999997,8439084735,13,ClientRead
1785008002023,747.5,28947.7,1734.1,2493.8,1063390,20270822,8873317979,289819,182957.73799999998,8461956799,18,ClientRead
1785008003020,734.6,29036.6,1732.9,2494.1,1065534,20312413,8898200886,290430,183435.736,8485148351,16,WALWrite
1785008004020,729.3,29102.4,1769.9,2495.2,1067550,20352776,8922720490,290969,183928.53100000002,8511157951,17,WALWrite
1785008005022,693.9,29175.7,1759.6,2495.8,1069709,20410816,8948546643,291518,184436.435,8534046399,3,
1785008006022,693.5,29261.1,1753.0,2494.4,1071878,20485893,8974226708,292091,184971.286,8559457983,15,WALWrite
1785008007022,682.8,29326.1,1717.7,2494.9,1074101,20546759,8998804132,292665,185460.99,8584320703,18,WALWrite
1785008008023,705.0,29409.0,1701.3,2499.8,1076324,20592716,9026480358,293280,186024.029,8607086271,9,ClientRead
1785008009025,698.2,29484.3,1743.5,2501.1,1078420,20630317,9047718789,293830,186474.554,8630048447,16,WALWrite
1785008010021,725.2,29568.4,1745.5,2552.5,1080577,20696644,9075590078,294438,186977.67599999998,8654599871,14,ClientRead
1785008011024,709.5,29634.9,1778.4,2579.5,1082710,20771503,9101810756,294977,187447.63400000002,8678725311,7,DataFileExtend
1785008012021,693.8,29717.0,1731.1,2606.4,1084858,20825355,9126017649,295564,187981.549,8703547071,16,ClientRead
1785008013024,785.8,29812.2,1717.8,2636.4,1086925,20865719,9149798784,296137,188478.805,8724371135,19,WALWrite
1785008014022,787.5,29862.4,1771.9,2697.8,1088863,20904066,9173119675,296660,189006.408,8748709567,12,ClientRead
1785008015021,749.3,29929.0,1827.3,2753.8,1090830,20963432,9198771889,297146,189472.62099999998,8772875967,39,WALWrite
1785008016023,722.7,30007.0,1858.1,2782.3,1092875,21037630,9223763735,297656,189958.90000000002,8796010175,22,ClientRead
1785008017020,701.7,30072.1,1797.9,2784.2,1094881,21085981,9247540951,298186,190405.68899999998,8820881087,7,WalWrite
1785008018021,733.4,30151.1,1710.9,2795.2,1097195,21123888,9270351721,298761,190948.092,8843450047,16,ClientRead
1785008019021,756.4,30220.5,1777.4,2806.6,1099253,21160542,9293131808,299343,191434.857,8864896703,16,WALWrite
1785008020020,727.7,30314.8,1812.4,2841.6,1101215,21227524,9321053548,299911,191960.834,8889898687,18,WALWrite
1785008021022,752.8,30384.4,1785.4,2851.9,1103231,21303246,9347915129,300406,192427.73500000002,8913155775,16,ClientRead
1785008022022,697.4,30479.7,1797.0,2855.8,1105291,21345729,9372371863,300961,192927.26299999998,8939099839,15,WALWrite
1785008023021,789.2,30582.3,1724.4,2840.9,1107288,21384747,9396485016,301521,193421.288,8963102399,20,WALWrite
1785008024021,834.7,30662.3,1729.5,2841.3,1109173,21422643,9420306784,301973,193881.72999999998,8986039999,12,BufferContent
1785008025021,957.2,30700.9,1632.0,2836.2,1111266,21484763,9448503367,302456,194413.569,9007265471,57,WALWrite
1785008026021,1299.2,30757.4,1410.7,2878.0,1112828,21528391,9467008257,302695,194725.981,9025967807,27,WALWrite
1785008027020,693.8,30861.6,1935.1,2924.4,1114747,21591410,9492054212,303166,195202.542,9054156479,21,WALWrite
1785008028021,749.1,30919.1,1761.1,2924.5,1116800,21636255,9520771457,303766,195715.07799999998,9080673983,36,WALWrite
1785008029022,739.4,31011.4,1798.8,2917.1,1118669,21677637,9545131435,304245,196232.26799999998,9103267519,14,WALWrite
1785008030022,793.4,31077.6,1728.0,2942.2,1120518,21716222,9569517429,304710,196679.49899999998,9126745791,31,ClientRead
1785008031022,715.4,31161.1,1688.7,2965.5,1122340,21781929,9593363792,305120,197159.50199999998,9150248639,19,WALWrite
1785008032021,722.3,31243.4,1752.7,2979.7,1124065,21846135,9620466167,305504,197784.819,9175193279,10,ClientRead
1785008033022,848.6,31332.7,1684.9,2998.3,1126027,21890410,9644252852,306026,198246.993,9197926079,20,ClientRead
1785008034020,864.0,31404.8,1753.8,2988.4,1127717,21926457,9667905378,306438,198687.682,9220601535,9,WalWrite
1785008035022,880.9,31468.0,1719.0,2991.3,1129554,21975585,9692721834,306866,199164.01799999998,9243489983,29,WALWrite
1785008036021,829.9,31541.3,1732.3,3027.1,1131286,22037647,9715667088,307260,199600.201,9265428159,33,ClientRead
1785008037021,838.3,31628.3,1735.8,3040.0,1133283,22101037,9740823939,307773,200109.627,9290954431,23,ClientRead
1785008038021,837.2,31696.2,1746.2,3043.3,1135003,22139879,9766384619,308239,200599.148,9314719423,8,
1785008039021,866.9,31789.2,1715.3,3044.2,1136855,22176584,9789640426,308684,201045.59399999998,9337362111,18,WALWrite
1785008040022,851.3,31856.9,1728.6,3037.2,1138634,22229734,9813675264,309141,201523.00699999998,9361118911,21,WALWrite
1785008041021,843.5,31941.5,1735.7,3043.8,1140487,22296177,9839531621,309619,202006.967,9383769791,14,WALWrite
1785008042023,864.2,32018.7,1703.2,3022.5,1142432,22348190,9863405665,310073,202496.50900000002,9408018111,12,extend
1785008043020,925.5,32123.9,1714.7,3022.9,1144120,22384861,9887803459,310515,202924.299,9430947519,11,ClientRead
1785008044022,948.8,32183.4,1684.2,3029.3,1145828,22422847,9913321572,310970,203378.848,9452992191,11,WALWrite
1785008045020,910.4,32237.4,1711.0,3080.9,1147499,22480156,9937721860,311397,203814.035,9475511999,13,WALWrite
1785008046020,883.9,32311.6,1707.3,3103.8,1149435,22541056,9963894088,311850,204268.50100000002,9499727551,18,WALWrite
1785008047024,875.3,32383.2,1714.5,3118.1,1151143,22584247,9985742087,312273,204694.125,9522656959,12,ClientRead
1785008048022,826.2,32462.3,1694.0,3130.5,1153179,22614650,10005029811,312776,205188.802,9543112383,12,ClientRead
1785008049021,857.2,32540.8,1764.4,3150.5,1154887,22655280,10034331181,313260,205670.71799999996,9567327935,9,ClientRead
1785008050023,839.5,32622.0,1763.2,3168.3,1156447,22704454,10057320942,313682,206141.785,9591371455,15,extend
1785008051021,853.7,32683.6,1769.3,3174.8,1157991,22754750,10082537387,314098,206561.69400000002,9613506239,8,WalSync
1785008052026,852.6,32781.8,1786.8,3207.3,1159473,22805476,10107137801,314493,207015.861,9638901439,29,WALWrite
1785008053023,932.5,32870.8,1717.7,3238.7,1161050,22843954,10131186990,314922,207445.36200000002,9661494975,7,ClientRead
1785008054024,953.1,32942.6,1687.9,3260.0,1162545,22879371,10156117374,315302,207874.938,9684154047,6,WalSync
1785008055021,941.8,32999.2,1674.4,3304.2,1163797,22909693,10177695660,315631,208249.989,9703003839,80,WALWrite
1785008056024,1752.4,33053.0,1075.5,3504.0,1165141,22935567,10194463069,315897,208587.35,9718658751,17,ClientRead
1785008057023,819.8,33132.0,1848.7,3621.3,1166593,22980512,10222217832,316251,209026.764,9745602239,7,BufferContent
1785008058022,842.3,33204.9,1829.9,3697.9,1167897,23028043,10245475421,316647,209471.307,9768195775,13,transactionid
1785008059022,823.0,33276.4,1817.8,3775.8,1169284,23080975,10273657775,317058,209933.56,9792263871,37,WALWrite
1785008060021,866.7,33381.2,1811.2,3829.0,1170517,23129386,10298633035,317456,210389.963,9818441407,21,WALWrite
1785008061021,858.5,33455.2,1808.4,3867.1,1171910,23159241,10319302197,317869,210813.425,9841399487,6,
1785008062021,853.5,33549.7,1820.5,3900.3,1173085,23195907,10347448799,318194,211221.33000000002,9866450623,47,WALWrite
1785008063022,882.0,33658.9,1785.7,3947.5,1174404,23228834,10370875954,318530,211721.986,9889920703,21,ClientRead
1785008064022,971.5,33726.8,1727.9,3960.8,1175662,23281593,10396373113,318871,212115.55,9911744191,13,ClientRead
1785008065025,944.1,33797.3,1757.3,3966.1,1176919,23331170,10418912297,319227,212512.69999999998,9934771903,17,WALWrite
1785008066022,961.5,33848.5,1705.6,4009.0,1178314,23393248,10447118254,319602,212940.547,9957619391,16,WALWrite
1785008067020,877.0,33915.8,1786.4,4016.6,1179682,23440311,10468477525,319971,213302.463,9981195967,20,WALWrite
1785008068024,879.4,34004.7,1777.8,4050.7,1181050,23473617,10492285314,320355,213744.58599999998,10004936383,7,extend
1785008069021,849.9,34069.2,1754.0,4079.1,1182448,23507459,10516634623,320778,214166.68099999998,10026809023,10,ClientRead
1785008070022,897.1,34162.6,1762.4,4091.4,1183883,23556714,10540884130,321172,214547.13199999995,10051483327,19,ClientRead
1785008071021,886.9,34220.0,1773.7,4108.3,1185164,23611051,10568602917,321560,214947.16999999998,10076821183,20,WALWrite
1785008072020,872.4,34302.1,1767.1,4136.8,1186485,23663916,10591274650,321929,215358.50699999995,10097989311,23,WALWrite
1785008073022,875.9,34368.4,1750.5,4138.6,1187790,23710051,10616179696,322320,215760.32399999996,10120427199,30,WALWrite
1785008074023,849.8,34457.8,1736.0,4147.8,1189149,23745733,10642264625,322728,216203.30699999997,10145191615,10,WALWrite
1785008075022,699.6,34530.0,1909.8,4183.7,1190485,23791587,10668841051,323166,216638.62,10171061951,3,VacuumTruncate
1785008076021,639.9,34614.2,1929.8,4162.4,1192305,23851742,10694683025,323690,217149.203,10196072127,10,ClientRead
1785008077021,623.1,34707.9,1938.7,4175.7,1194372,23922722,10720303766,324271,217653.689,10221188799,11,ClientRead
1785008078020,636.9,34770.7,1972.1,4198.3,1196614,23973006,10745702163,324886,218127.51599999997,10246207167,10,BufferContent
1785008079025,657.1,34858.3,1899.1,4205.8,1198792,24019962,10772204823,325494,218589.77199999997,10271176383,20,WALWrite
1785008080022,663.9,34923.3,1835.7,4218.4,1200847,24067006,10796799567,326084,219049.835,10294154943,14,WALWrite
1785008081021,663.9,35008.1,1823.9,4220.8,1202891,24118054,10819883431,326619,219483.292,10318608063,16,ClientRead
1785008082022,651.3,35072.4,1874.1,4229.6,1205152,24193248,10846297179,327223,219954.186,10343118527,11,WALWrite
1785008083024,697.6,35198.2,1848.6,4242.6,1207320,24251028,10873622719,327796,220433.933,10366580415,16,WALWrite
1785008084020,707.7,35268.6,1870.4,4260.8,1209263,24289473,10894983416,328304,220879.279,10390312639,34,ClientRead
1785008085023,750.3,35339.8,1840.3,4263.2,1211710,24764755,10951381844,328962,221445.99899999998,10410096319,37,ClientRead
1785008086025,957.5,35374.5,1670.5,4271.2,1213464,24799520,10971877286,329339,221823.767,10418681535,13,ClientRead
1785008087022,667.6,35411.1,1928.2,4284.0,1215458,24861112,10998537997,329875,222248.775,10428700351,6,ClientRead
1785008088021,667.1,35468.5,1828.9,4283.9,1217501,24929256,11021918220,330407,222690.618,10437883583,34,WALWrite
1785008089022,595.4,35515.3,1831.8,4284.2,1219616,24974502,11047618470,330922,223243.202,10447386303,28,WALWrite
1785008090022,640.1,35568.2,1850.6,4286.0,1221724,25019290,11072516219,331494,223725.584,10457446079,6,VacuumTruncate
1785008091023,708.4,35604.8,1835.8,4284.3,1223915,25087473,11097986399,332052,224226.934,10467186367,7,ClientRead
1785008092021,690.6,35664.8,1851.1,4283.3,1226045,25155803,11123492648,332570,224709.86399999997,10476803775,23,ClientRead
1785008093024,736.1,35748.7,1780.2,4288.8,1228164,25201647,11148024563,333161,225162.489,10485913279,11,ClientRead
1785008094021,719.4,35787.8,1812.3,4283.6,1230192,25244469,11172938253,333702,225656.28399999999,10494695103,27,WALWrite
1785008095021,713.5,35769.0,1807.0,4280.9,1232154,25292738,11198070831,334226,226174.28399999999,10503919295,15,WALWrite
1785008096024,522.0,35831.4,1984.0,4285.1,1234496,25345457,11223770336,334893,226643.737,10514519743,19,WALWrite
1785008097020,537.0,35872.3,1918.3,4283.7,1237031,25430586,11250214431,335641,227167.07999999996,10524194495,6,VacuumTruncate
1785008098021,513.2,35930.5,1943.4,4285.6,1239779,25482538,11276895620,336471,227693.57799999998,10535139007,8,ClientRead
1785008099019,532.2,35987.3,1888.9,4280.5,1242278,25530277,11300468100,337162,228156.53099999996,10545075903,11,ClientRead
1785008100022,539.3,36029.5,1913.8,4285.6,1244863,25580242,11325434349,337898,228653.60799999998,10554947263,8,VacuumTruncate
1785008101022,555.6,36086.6,1845.2,4289.6,1247418,25639931,11349595875,338574,229136.62900000002,10564499135,6,VacuumTruncate
1785008102026,556.7,36128.9,1918.3,4285.9,1250052,25726128,11376935244,339325,229686.44899999996,10574911167,20,WALWrite
1785008103022,575.5,36203.4,1899.0,4284.3,1252815,25777115,11402456146,340118,230204.938,10585093823,11,WALWrite
1785008104022,644.2,36259.5,1860.1,4282.3,1254833,25817344,11423351585,340666,230602.75199999998,10592442047,59,WALWrite
1785008105021,530.1,36330.9,1822.1,4288.4,1256988,26479237,11489271384,341287,231296.19199999998,10601690815,6,VacuumTruncate
1785008106022,579.4,36359.8,1907.8,4285.9,1259381,26547273,11514498800,341960,231747.898,10610284223,8,ClientRead
1785008107021,601.5,36397.8,1912.7,4284.9,1261971,26617123,11540744327,342685,232275.60699999996,10620556991,6,ClientRead
1785008108024,590.8,36452.5,1851.0,4295.3,1264734,26666832,11566231206,343460,232816.83099999998,10630289087,8,WALWrite
1785008109020,573.8,36494.9,1879.0,4283.0,1267166,26716041,11591655000,344200,233335.52099999998,10640668351,6,WALWrite
1785008110021,601.7,36550.6,1895.9,4283.8,1269570,26764701,11615819084,344925,233884.15599999996,10650621631,5,ClientRead
1785008111022,618.5,36590.6,1901.0,4285.8,1272062,26840144,11639394785,345611,234362.70299999998,10659960511,14,ClientRead
1785008112021,595.1,36646.5,1867.3,4282.1,1274683,26902079,11666239481,346327,234886.97599999997,10669938367,13,WALWrite
1785008113021,623.6,36685.4,1914.9,4285.7,1277237,26950667,11691733760,347080,235434.95799999998,10680080063,16,ClientRead
1785008114022,604.9,36742.3,1844.7,4291.4,1279617,26998594,11717216092,347786,235959.55099999998,10689803967,12,WALWrite
1785008115021,619.2,36784.3,1894.0,4283.9,1282021,27048203,11743402629,348458,236523.87199999997,10700027583,48,WALWrite
1785008116022,898.3,36836.6,1777.1,4288.5,1284099,27100998,11767792428,348928,236980.81699999998,10709448383,12,WALWrite
1785008117021,656.1,36877.5,1939.1,4289.8,1286288,27174542,11793514914,349540,237484.91799999998,10719475391,10,WALInsert
1785008118021,684.9,36958.3,1906.0,4283.8,1288605,27253878,11821525162,350122,238009.169,10729453247,18,ClientRead
1785008119025,740.1,36996.7,1916.4,4285.8,1290847,27299712,11844976954,350697,238490.607,10739594943,13,ClientRead
1785008120027,636.2,37031.5,1870.3,4289.9,1293151,27348786,11870489043,351338,239002.417,10749449919,15,ClientRead
1785008121021,623.2,37070.1,1885.4,4280.1,1295458,27421607,11893910233,351978,239514.05299999996,10758756031,18,WALWrite
1785008122023,640.2,37127.0,1853.5,4283.5,1297846,27505553,11922169841,352622,240036.058,10769135295,13,ClientRead
1785008123022,659.3,37180.7,1804.7,4288.6,1300057,27548148,11945386400,353235,240504.925,10777556671,25,WALWrite
1785008124022,637.0,37221.9,1823.0,4280.8,1302302,27591077,11970625677,353914,241078.26699999996,10786625215,4,VacuumTruncate
1785008125021,587.4,37260.0,1915.3,4282.8,1304375,27631042,11994283666,354563,241547.98899999997,10796234431,12,WALWrite
1785008126024,605.3,37311.2,1857.2,4286.3,1306652,27709832,12020991741,355237,242088.51199999996,10805204671,30,WALWrite
1785008127023,637.7,37352.5,1974.9,4292.4,1308718,27782151,12045223929,355840,242633.89599999998,10815174335,16,WALWrite
1785008128021,639.9,37409.2,1955.3,4283.9,1311092,27828581,12071570209,356454,243145.14,10825070271,12,WALWrite
1785008129023,641.8,37450.2,1876.5,4288.9,1313190,27870377,12094144386,357046,243605.72599999997,10834654911,21,WALWrite
1785008130021,633.5,37510.8,1879.5,4286.0,1315239,27914878,12119033413,357648,244118.405,10844411583,18,ClientRead
1785008131022,653.0,37549.9,1939.4,4285.1,1317477,27995456,12144770124,358251,244639.86599999998,10854479551,15,WALWrite
1785008132024,670.4,37604.0,1884.8,4285.0,1319657,28077068,12173608777,358798,245132.115,10863802047,7,ClientRead
1785008133024,715.8,37662.9,1940.3,4284.0,1321710,28116646,12195247699,359353,245580.739,10873312959,12,ClientRead
1785008134025,722.2,37699.6,1853.7,4287.9,1323825,28160087,12219978065,359924,246122.869,10882528959,16,WALWrite
1785008135021,649.9,37739.5,1932.1,4282.2,1325864,28203655,12245214431,360475,246655.50499999998,10892342975,15,ClientRead
1785008136024,658.4,37793.9,1858.0,4284.1,1327848,28250296,12269272744,360992,247203.917,10901534399,14,ClientRead
1785008137022,673.4,37838.1,1932.6,4284.1,1330034,28329909,12296954109,361542,247670.744,10911086271,13,ClientRead
1785008138021,646.6,37888.2,1864.2,4288.4,1332216,28398347,12320313746,362121,248158.73899999997,10919802559,6,DataFileExtend
1785008139022,626.5,37925.1,1842.2,4285.1,1334505,28440424,12345855613,362791,248697.25,10928584383,29,WALWrite
1785008140023,631.5,37981.4,1874.2,4284.2,1336520,28483499,12369578048,363392,249197.17799999996,10938046143,9,WALWrite
1785008141022,643.9,38019.8,1890.8,4284.0,1338537,28561533,12395624210,363965,249686.58899999998,10947122879,33,WALWrite
1785008142023,681.3,38073.7,1878.2,4283.9,1340578,28601371,12419660477,364487,250125.979,10956478143,13,ClientRead
1785008143022,674.8,38139.9,1854.9,4286.6,1342991,28671378,12447144092,365142,250675.989,10965653183,16,WALWrite
1785008144024,568.6,38201.9,1884.1,4288.2,1345033,28711524,12468993754,365733,251163.37,10975532735,13,ClientRead
1785008145025,509.0,38216.8,1889.9,4284.6,1347268,29110136,12517478318,366430,251686.60700000002,10967389887,9,ClientRead
1785008146023,480.9,38264.2,1905.0,4288.8,1349790,29176477,12545050829,367189,252169.248,10977752767,15,ClientRead
1785008147022,463.5,38305.4,1893.5,4285.2,1352614,29289482,12574523534,368036,252727.88999999998,10987706047,12,WALWrite
1785008148022,457.0,38361.7,1865.4,4282.9,1355496,29342504,12600048934,368926,253320.433,10997700287,13,ClientRead
1785008149020,443.2,38404.8,1937.4,4283.3,1358003,29388955,12622661252,369737,253797.47599999997,11007817407,16,WALWrite
1785008150021,468.1,38460.1,1869.0,4281.5,1360749,29443655,12648097687,370584,254311.998,11017778879,9,WALWrite
1785008151021,488.8,38501.3,1942.4,4283.6,1363662,29553496,12675878356,371393,254853.57999999996,11028248255,10,ClientRead
1785008152021,475.6,38558.6,1893.9,4279.9,1366625,29629250,12703098198,372242,255376.67099999997,11038774975,9,WALWrite
1785008153023,512.0,38641.9,1814.0,4285.6,1369469,29698569,12730897146,373028,255899.768,11048507071,9,ClientRead
1785008154020,485.2,38655.1,1905.2,4284.3,1371888,29744793,12753453661,373761,256388.805,11058788031,14,WALWrite
1785008155020,551.0,38710.7,1794.1,4279.2,1374546,29795529,12778008032,374528,256934.664,11068217023,18,ClientRead
1785008156022,575.1,38753.6,1909.3,4280.7,1377181,29851805,12804072050,375281,257480.618,11078784703,17,WALWrite
1785008157024,560.5,38805.3,1895.1,4278.1,1380013,29955780,12832529932,376023,257990.769,11088950975,4,ClientRead
1785008158027,566.8,38846.9,1848.9,4279.1,1382879,30019806,12858045876,376910,258558.03900000005,11099215551,14,WALWrite
1785008159023,542.7,38901.8,1816.6,4285.5,1385487,30066653,12880749621,377625,259052.564,11108521663,17,ClientRead
1785008160021,577.1,38941.4,1852.8,4288.1,1388251,30118991,12907507899,378484,259634.26900000003,11118802623,16,ClientRead
1785008161022,595.0,38997.6,1814.7,4283.7,1390800,30181802,12933337515,379226,260138.94100000002,11129165503,20,WALWrite
1785008162021,573.0,39039.6,1847.2,4279.1,1393458,30282330,12961596360,379949,260663.73,11139053247,15,WALWrite
1785008163020,609.6,39118.0,1801.0,4281.4,1396202,30336660,12985052583,380731,261192.04200000002,11148736191,24,ClientRead
1785008164020,661.6,39180.2,1851.8,4287.3,1398631,30386263,13010623478,381362,261719.74699999997,11158845119,20,WALWrite
1785008165021,626.5,39189.3,1871.4,4285.2,1401070,30507007,13040912758,382064,262281.626,11168863935,4,ClientRead
1785008166021,594.9,39244.8,1809.0,4277.3,1403644,30592124,13067229452,382740,262791.31,11179046591,8,WALWrite
1785008167023,599.3,39283.3,1808.0,4279.2,1406080,30669235,13092797694,383383,263392.97099999996,11188745919,10,ClientRead
1785008168021,620.3,39339.6,1806.2,4283.5,1408792,30719670,13118373581,384099,263959.19999999995,11198740159,9,ClientRead
1785008169022,588.2,39382.9,1829.8,4280.6,1411385,30770493,13144947653,384770,264439.371,11209176767,9,WALWrite
1785008170021,606.2,39440.2,1834.1,4283.7,1413978,30820353,13168839545,385495,264954.95499999996,11219154623,8,WALWrite
1785008171022,644.5,39491.8,1754.0,4281.6,1416595,30913297,13196891075,386161,265500.73699999996,11229288127,11,WALWrite
1785008172020,621.6,39536.0,1845.3,4280.5,1419032,30980541,13220746962,386743,265989.073,11239175871,14,WALWrite
1785008173020,649.3,39601.9,1710.1,4284.9,1421644,31029752,13245562522,387419,266500.14900000003,11248301759,9,ClientRead
1785008174021,642.8,39624.5,1760.0,4281.9,1423990,31076516,13270938352,388119,266993.50299999997,11258468031,14,WALWrite
1785008175022,600.7,39663.3,1787.5,4279.0,1426767,31128372,13298351272,388859,267551.794,11267962559,33,WALWrite
1785008176021,871.2,39715.0,1676.0,4279.7,1428862,31189886,13319878227,389332,267947.485,11277203135,7,ClientRead
1785008177022,591.2,39772.9,1844.3,4278.9,1431247,31270733,13346912055,389941,268443.98000000004,11286697663,25,WALWrite
1785008178021,652.7,39809.5,1855.7,4279.5,1433796,31317408,13371711161,390591,268977.565,11296847551,5,ClientRead
1785008179021,625.4,39865.9,1791.8,4281.6,1436127,31366042,13397562258,391234,269457.957,11306997439,13,ClientRead
1785008180020,631.8,39906.2,1825.1,4276.0,1438571,31415915,13423809241,391910,269982.488,11316934335,8,ProcarrayGroupUpdate
1785008181022,678.7,39959.2,1782.2,4278.7,1440899,31490799,13449085389,392511,270462.448,11326723775,14,WALWrite
1785008182021,662.9,39999.5,1780.9,4276.5,1443301,31569976,13474614651,393147,270979.78699999995,11336636095,6,ClientRead
1785008183021,664.2,40082.4,1752.0,4280.4,1445800,31616704,13498656140,393810,271502.246,11345868479,16,WALWrite
1785008184022,729.5,40122.1,1767.7,4280.7,1448028,31662950,13523865654,394374,271967.37299999996,11355625151,22,ClientRead
1785008185023,685.1,40146.8,1835.6,4282.0,1450268,31708924,13549116145,394952,272450.69899999996,11365758655,19,WALWrite
1785008186021,655.3,40188.1,1780.1,4278.7,1452377,31766838,13572375819,395483,272912.35599999997,11375826623,6,WALWrite
1785008187021,700.4,40243.0,1778.1,4279.7,1454662,31852375,13599568197,396082,273452.168,11385427647,14,WALWrite
1785008188020,670.4,40280.5,1741.8,4277.1,1457049,31907649,13624906469,396679,273906.04199999996,11395331775,15,WALWrite
1785008189023,656.6,40339.9,1761.3,4277.0,1459404,31953863,13649022303,397325,274372.55999999994,11405317823,14,WALWrite
1785008190022,690.5,40376.9,1755.0,4283.2,1461693,32002902,13675057877,397925,274839.395,11415566015,7,VacuumTruncate
1785008191022,702.4,40431.4,1744.1,4275.5,1463923,32065297,13698677784,398498,275321.46599999996,11424855743,14,ClientRead
1785008192024,678.7,40467.2,1759.7,4282.7,1466244,32146750,13725771002,399043,275774.79099999997,11434890943,14,WALWrite
1785008193020,733.5,40547.4,1730.6,4274.8,1468689,32199023,13751274647,399690,276279.47299999994,11444934335,14,WALWrite
1785008194020,777.6,40568.6,1744.4,4278.1,1470995,32247305,13776663627,400261,276761.894,11454518975,11,WALWrite
1785008195021,656.9,40620.1,1769.2,4278.2,1473168,32292435,13801040593,400814,277225.25200000004,11464095423,13,ClientRead
1785008196021,685.6,40657.1,1733.7,4278.9,1475450,32348047,13826729458,401393,277696.942,11473934015,14,WALWrite
1785008197019,568.3,40709.9,1593.0,4275.8,1477592,32425187,13851912785,401935,278195.80399999995,11481945791,21,WALWrite
1785008198024,672.5,40744.6,1811.6,4278.8,1479646,32472472,13875141484,402453,278762.752,11491342015,24,WALWrite
1785008199021,652.4,40801.6,1818.1,4281.4,1481929,32512657,13899182994,403060,279308.07,11501139647,8,ClientRead
1785008200021,655.1,40841.4,1761.1,4284.5,1483920,32554613,13923742162,403609,279776.22599999997,11510732479,10,VacuumTruncate
1785008201025,572.6,40889.3,1758.6,4276.0,1486065,32631193,13950746557,404223,280264.148,11509298879,14,WALWrite
1785008202023,484.0,40922.5,1732.0,4281.9,1488562,32735358,13978843035,404984,280796.036,11519293119,8,ClientRead
1785008203023,487.4,40987.2,1805.5,4279.8,1491188,32782589,14003211385,405823,281339.891,11529238207,18,WALWrite
1785008204021,572.1,41046.5,1683.5,4277.5,1493630,32829595,14028541660,406575,281864.793,11539044031,5,WalSync
1785008205024,560.4,41119.9,1755.3,4284.3,1496016,32875068,14052429610,407286,282417.039,11548595903,8,WALWrite
1785008206020,561.2,41140.9,1757.2,4285.4,1498483,33405582,14109195862,408012,282958.66,11558074047,3,WalSync
1785008207022,478.4,41180.6,1782.6,4281.9,1501051,33504209,14137118592,408789,283490.812,11568391871,21,WALWrite
1785008208021,459.2,41235.7,1802.9,4280.1,1503787,33571821,14163391379,409716,284082.993,11578730175,14,WALWrite
1785008209021,470.4,41280.6,1784.0,4277.3,1506414,33622386,14188979854,410585,284664.704,11588687551,4,ClientRead
1785008210021,477.3,41332.0,1785.0,4281.0,1509013,33670127,14212890956,411409,285229.27,11598780095,8,ClientRead
1785008211022,526.7,41369.7,1784.3,4284.8,1511746,33733746,14239198522,412193,285795.386,11608168127,11,WALWrite
1785008212020,493.4,41425.4,1760.6,4281.6,1514452,33848479,14267663534,412999,286310.74,11618326207,6,ClientRead
1785008213021,508.3,41483.8,1843.1,4277.1,1517384,33900823,14292433085,413913,286917.063,11628156607,7,WALWrite
1785008214022,502.0,41522.4,1802.3,4277.5,1520000,33951420,14317862679,414692,287477.851,11638462143,5,WALWrite
1785008215022,575.0,41563.4,1758.2,4282.3,1522628,34001602,14342548310,415478,288037.6400000001,11648366271,6,ClientRead
1785008216020,573.0,41621.2,1792.5,4280.7,1525165,34073593,14368280526,416219,288560.342,11657803455,6,
1785008217021,579.3,41671.8,1733.3,4278.5,1527846,34165133,14395090818,417036,289087.81899999996,11667732159,5,WALWrite
1785008218020,562.7,41709.9,1771.1,4278.8,1530405,34209198,14418068539,417819,289652.526,11677578943,20,ClientRead
1785008219022,562.4,41769.1,1765.9,4285.5,1532928,34256523,14443014698,418610,290264.546,11687179967,6,ClientRead
1785008220025,581.4,41805.2,1827.2,4278.0,1535466,34305791,14468978514,419424,290828.988,11697526463,17,WALWrite
1785008221023,622.9,41860.1,1796.9,4283.1,1538070,34376345,14495188684,420139,291411.331,11707520703,7,ClientRead
1785008222021,634.7,41902.5,1799.8,4275.7,1540488,34465203,14521432345,420763,291909.319,11717113535,25,WALWrite
1785008223021,621.9,41980.7,1787.0,4279.3,1543075,34520645,14547549616,421559,292477.167,11727435455,13,WALWrite
1785008224021,702.8,42023.1,1737.5,4281.0,1545369,34565740,14571262570,422252,293074.312,11736184511,14,WALWrite
1785008225023,638.4,42049.3,1768.5,4279.5,1547778,34685667,14601834870,422954,293623.56799999997,11746211519,16,WALWrite
1785008226020,614.0,42100.0,1796.9,4284.0,1550255,34769454,14627973934,423661,294184.218,11755656895,14,WALWrite
1785008227022,616.9,42138.6,1762.0,4278.2,1552564,34840725,14653765816,424296,294733.4000000001,11765110463,19,WALWrite
1785008228025,625.2,42190.2,1781.9,4282.2,1555129,34882760,14676412785,425013,295266.9870000001,11774932671,5,WALWrite
1785008229020,600.3,42230.9,1785.9,4277.7,1557499,34929369,14702885424,425718,295845.17400000006,11784050367,16,ClientRead
1785008230022,646.7,42282.5,1793.8,4282.9,1559834,34971166,14726133051,426450,296392.81200000003,11793938111,8,WALWrite
1785008231020,648.0,42323.1,1770.0,4281.8,1562171,35022873,14751329837,427086,296928.956,11803571903,17,ClientRead
1785008232021,632.2,42376.1,1714.8,4280.9,1564641,35110787,14777771557,427737,297462.935,11813148351,10,ClientRead
1785008233020,670.8,42437.1,1763.0,4279.1,1566823,35168270,14801216219,428375,297956.672,11822331583,23,WALWrite
1785008234022,590.8,42461.9,1597.2,4278.4,1568796,35208811,14825329787,428952,298708.95800000004,11830843071,15,ClientRead
1785008235021,619.7,42503.1,1834.9,4281.1,1571164,35253005,14851253090,429654,299275.63100000005,11840747199,45,WALWrite
1785008236021,960.1,42533.0,1637.9,4278.2,1573355,35296449,14873724580,430120,299731.27700000006,11848578751,6,ClientRead
1785008237022,637.5,42591.4,1840.9,4276.9,1575621,35377538,14902160096,430735,300232.23,11857942207,10,ClientRead
1785008238022,652.5,42628.3,1836.2,4279.5,1577958,35439331,14928207796,431398,300839.195,11867174591,13,WALWrite
1785008239021,622.7,42679.3,1802.3,4281.3,1580097,35479203,14952040295,432054,301362.06799999997,11876005567,7,ClientRead
1785008240021,648.3,42717.1,1815.7,4282.8,1582297,35520005,14976016940,432666,301926.948,11885516479,21,WALWrite
1785008241023,658.0,42768.1,1752.1,4283.4,1584524,35583669,15002453941,433273,302423.826,11895109311,17,ClientRead
1785008242020,703.9,42821.0,1732.6,4277.8,1586706,35656761,15027616357,433858,302987.018,11903891135,9,ClientRead
1785008243022,707.9,42882.9,1823.4,4284.4,1588874,35709143,15052581288,434423,303504.746,11912787647,19,WALWrite
1785008244020,708.1,42908.5,1802.2,4281.8,1591097,35748153,15075304587,434995,304007.665,11922044607,13,WALWrite
1785008245023,671.5,42952.2,1786.1,4277.6,1593245,35791050,15100026303,435602,304547.96699999995,11931596479,6,WalSync
1785008246023,671.7,43006.3,1809.4,4278.0,1595571,35865901,15126481343,436241,305098.86499999993,11940951743,24,WALWrite
1785008247022,691.2,43039.1,1792.3,4280.1,1597852,35938735,15152842442,436867,305621.88300000003,11949676223,11,WALWrite
1785008248020,690.4,43092.7,1806.2,4278.0,1600254,35982241,15178331061,437518,306115.995,11959473855,6,WalSync
1785008249026,667.7,43132.7,1789.5,4281.3,1602489,36022644,15201265685,438192,306649.56899999996,11968370367,13,WALWrite
1785008250022,674.3,43169.1,1778.8,4280.7,1604526,36064342,15226220334,438787,307159.671,11977668287,7,ClientRead
1785008251020,678.1,43223.4,1790.7,4285.1,1606808,36136958,15251738066,439450,307698.77,11987244735,9,ClientRead
1785008252020,550.8,43276.3,1805.7,4282.9,1609048,36213507,15278300746,440084,308224.02599999995,11991250623,8,WALWrite
1785008253020,500.7,43338.7,1853.5,4280.4,1611670,36269752,15305352605,440895,308720.735,11997779647,13,WALWrite
1785008254023,577.1,43383.9,1759.6,4282.4,1614178,36314479,15328139172,441594,309202.305,12007306943,14,ClientRead
1785008255021,561.1,43407.0,1769.7,4280.6,1616767,36650323,15372087306,442366,309791.8119999999,12017366719,13,WALWrite
1785008256020,539.5,43462.8,1862.5,4280.7,1619402,36729658,15399428828,443124,310300.24799999996,12028008127,13,WALWrite
1785008257022,500.5,43520.6,1787.8,4276.8,1622342,36820001,15426288303,443892,310838.18899999995,12037699263,8,WALInsert
1785008258020,505.1,43556.1,1741.7,4279.0,1625315,36868200,15449899712,444818,311421.702,12047726271,7,ClientRead
1785008259020,453.4,43612.9,1814.3,4278.3,1628042,36917492,15475333737,445620,311942.45999999996,12057392831,8,ClientRead
1785008260020,507.1,43650.2,1808.7,4279.7,1630824,36969532,15502065016,446530,312547.508,12067624639,8,WALWrite
1785008261023,536.8,43705.5,1790.6,4280.0,1633674,37043860,15528010458,447338,313070.85599999997,12077815487,8,WALWrite
1785008262023,513.5,43745.4,1858.7,4278.8,1636669,37137096,15554484553,448158,313629.849,12087842495,2,ClientRead
1785008263021,578.2,43815.4,1795.5,4278.5,1639778,37189994,15579905087,449003,314229.92,12097738431,12,WALWrite
1785008264021,547.7,43887.0,1855.7,4285.5,1642581,37240038,15604636033,449677,314704.571,12107536063,43,ProcArray
1785008265021,554.4,44237.2,1746.0,4281.3,1645626,37292600,15632428440,450342,315441.1,12117407423,6,WALWrite
1785008266021,605.8,44355.8,1825.3,4278.6,1648053,37343181,15655880808,450961,315940.07899999997,12127475391,15,ClientRead
1785008267022,555.9,44448.1,1828.8,4278.8,1650763,37426456,15683233496,451638,316415.46499999997,12137911999,17,WALWrite
1785008268021,568.2,44514.9,1793.7,4282.1,1653519,37477740,15704938647,452276,316883.921,12147332799,6,ClientRead
1785008269020,542.2,44593.7,1832.0,4284.8,1656462,37529141,15730110820,453043,317419.584,12157966015,10,WALWrite
1785008270020,499.2,44656.8,1735.8,4278.3,1659277,37577968,15753927839,453840,317966.056,12167272127,8,WALWrite
1785008271022,519.9,44720.5,1791.3,4280.8,1662023,37649720,15781143380,454589,318432.32399999996,12177290943,13,WALWrite
1785008272022,535.3,44793.7,1839.6,4284.7,1665093,37721436,15807722498,455385,319007.812,12187702975,22,WALWrite
1785008273024,586.2,44862.6,1831.7,4283.0,1668285,37774729,15833553207,456159,319568.1699999999,12197795519,11,ClientRead
1785008274020,636.6,44943.8,1710.5,4280.4,1671170,37823281,15857934538,456897,320097.448,12207290047,14,WALWrite
1785008275020,605.0,44967.1,1810.0,4281.3,1673931,38007573,15890854522,457578,320659.53,12216370879,15,ClientRead
1785008276022,616.5,45035.3,1796.0,4285.1,1676781,38071713,15917276104,458308,321218.85399999993,12226639551,14,ClientRead
1785008277021,616.5,45106.2,1816.5,4282.2,1679720,38142124,15943644947,459072,321775.924,12236617407,27,WALWrite
1785008278021,641.2,45159.3,1814.1,4278.9,1682652,38190654,15967303292,459806,322317.088,12246415039,12,WALWrite
1785008279021,630.8,45227.0,1823.0,4279.1,1685425,38240658,15992744372,460473,322840.822,12256728767,16,ClientRead
1785008280021,673.1,45274.4,1863.0,4279.6,1688233,38290574,16017376240,461143,323361.29099999997,12267165375,33,WALWrite
1785008281024,696.6,45341.0,1756.5,4280.7,1691281,38360924,16043921743,461860,323866.446,12276741823,21,WALWrite
1785008282021,670.8,45394.9,1852.9,4278.7,1694151,38441431,16070342585,462523,324364.118,12286277311,10,WALWrite
1785008283022,708.1,45475.4,1780.5,4279.5,1697087,38491879,16095507725,463178,324865.66500000004,12296099519,16,ClientRead
1785008284021,666.3,45524.6,1816.0,4281.8,1699792,38539562,16119592685,463794,325356.629,12305815231,26,WALWrite
1785008285026,644.6,45588.7,1812.9,4279.0,1702574,38590580,16146316057,464399,325851.063,12315776703,16,WALWrite
1785008286024,694.4,45634.5,1758.5,4280.3,1705158,38644162,16171244359,464972,326340.066,12324648639,10,ClientRead
1785008287023,666.7,45695.0,1765.9,4279.8,1707868,38720084,16196187007,465601,326834.20700000005,12333823679,18,WALWrite
1785008288024,692.7,45750.5,1757.5,4280.6,1710579,38769765,16219510161,466260,327347.269,12342580927,15,WALWrite
1785008289021,679.2,45783.5,1770.2,4281.6,1713065,38818052,16245574399,466879,327860.251,12351706815,9,ClientRead
1785008290021,636.7,45829.8,1830.8,4279.6,1715294,38859252,16269892198,467448,328364.012,12361242303,13,WALWrite
1785008291022,685.1,45891.9,1769.5,4279.0,1717796,38903938,16293823737,468096,328917.488,12370704063,11,ClientRead
1785008292021,667.4,45934.3,1799.8,4284.7,1720384,38978892,16319516077,468675,329425.607,12380067519,14,WALWrite
1785008293020,733.6,46014.2,1748.9,4279.2,1722780,39032350,16343745255,469281,329942.645,12389013183,18,ClientRead
1785008294023,762.2,46057.3,1750.5,4281.8,1725193,39075103,16368466135,469898,330453.421,12398433983,15,ClientRead
1785008295021,635.5,46098.7,1753.7,4281.8,1727532,39117883,16393893626,470514,331022.689,12407551679,63,WALWrite
1785008296021,945.7,46135.2,1622.2,4279.7,1729636,39161234,16415383745,470900,331542.43899999995,12415907519,20,WALWrite
1785008297020,642.4,46199.5,1855.0,4281.0,1731684,39225561,16443103615,471379,332064.97799999994,12425574079,18,WALWrite
1785008298023,685.4,46243.2,1850.4,4281.8,1733923,39275940,16467369990,472017,332651.87499999994,12434429631,13,WALWrite
1785008299022,697.6,46301.0,1743.9,4278.8,1736382,39320111,16493150863,472659,333198.44999999995,12443547327,25,WALWrite
1785008300022,674.7,46346.1,1799.8,4279.9,1738607,39362039,16517851808,473276,333710.236,12453017279,10,ClientRead
1785008301021,719.7,46392.2,1752.9,4282.2,1741008,39411400,16539771390,473846,334275.29799999995,12461635263,5,ClientRead
1785008302022,672.6,46454.1,1849.0,4281.2,1743328,39480860,16566188884,474442,334798.477,12471072447,23,WALWrite
1785008303021,734.1,46521.9,1824.8,4280.2,1745757,39525795,16591537076,475011,335307.89599999995,12480231103,18,WALWrite
1785008304023,766.5,46555.2,1768.9,4277.8,1748059,39566637,16614539832,475588,335780.458,12489389759,10,ClientRead
1785008305022,525.0,46628.8,1924.2,4286.4,1750543,39613159,16640957755,476292,336300.07899999997,12500186815,23,ClientRead
1785008306021,486.4,46678.2,1908.9,4279.6,1753707,39679328,16666987332,477003,336784.93999999994,12510484159,41,ClientRead
1785008307022,490.2,46736.4,1822.6,4281.9,1757314,39769441,16694860612,477709,337275.073,12518708927,15,ClientRead
1785008308021,516.8,46788.7,1923.2,4280.9,1760946,39825530,16720500080,478501,337761.456,12528752319,10,ClientRead
1785008309024,517.3,46846.3,1823.3,4281.3,1764289,39877401,16744853412,479240,338281.595,12538967743,29,ClientRead
1785008310024,540.4,46896.2,1892.5,4279.3,1767656,39933055,16770501956,479944,338766.99899999995,12548945599,13,WALWrite
1785008311023,523.8,46955.0,1893.8,4277.5,1771068,39993395,16796445153,480655,339256.64699999994,12557981375,15,ClientRead
1785008312023,604.4,46997.8,1807.5,4278.3,1774136,40078623,16821577898,481322,339719.26800000004,12567705279,10,WALWrite
1785008313024,582.9,47073.2,1812.7,4279.0,1777602,40135163,16848745785,482146,340286.25,12570228415,10,WALWrite
1785008314022,653.3,47122.9,1834.1,4280.4,1780529,40184145,16873089603,482821,340805.84900000005,12579886783,15,WALWrite
1785008315023,581.1,47163.2,1866.9,4280.8,1783535,40525806,16916505669,483478,341347.303,12590208703,17,ClientRead
1785008316024,557.1,47218.0,1830.1,4280.2,1786857,40607894,16943221537,484226,341913.16400000005,12599924415,9,ClientRead
1785008317020,585.1,47262.0,1821.5,4281.8,1790111,40670032,16967906980,484964,342417.55100000004,12609435327,37,WALWrite
1785008318022,509.0,47319.6,1812.7,4280.0,1793375,40721621,16994173499,485784,342974.446,12619101887,1,ClientRead
1785008319019,531.5,47360.4,1812.0,4279.0,1796352,40766350,17017786329,486576,343481.68200000003,12628088511,13,ClientRead
1785008320023,513.1,47422.7,1817.3,4281.6,1799376,40817105,17045051526,487423,344021.411,12638443199,12,ClientRead
1785008321025,536.1,47462.2,1819.1,4277.6,1802090,40871499,17066928530,488106,344565.667,12647896767,6,WALWrite
1785008322023,539.2,47521.8,1800.8,4279.8,1805175,40947575,17092316449,488834,345086.13800000004,12657407679,22,ClientRead
1785008323022,555.5,47588.9,1819.5,4281.2,1808310,40996111,17117532888,489599,345600.17,12667107007,27,WALWrite
1785008324020,602.4,47626.2,1792.5,4276.9,1811071,41041914,17141693030,490246,346158.60000000003,12676314815,12,WALWrite
1785008325021,538.8,47664.4,1842.9,4279.7,1814018,41086710,17165119729,490993,346685.68500000006,12686595775,53,WALWrite
1785008326021,579.9,47722.3,1788.8,4283.3,1817267,41142040,17193330170,491768,347238.904,12696532671,19,WALWrite
1785008327023,508.3,47764.2,1771.6,4278.4,1820255,41223301,17218031669,492436,347841.137,12705740479,13,ClientRead
1785008328022,535.8,47826.9,1886.1,4279.0,1823200,41277635,17244454950,493146,348429.43400000007,12716283583,18,WALWrite
1785008329022,600.8,47868.7,1880.4,4281.4,1826377,41329903,17269869389,493807,348917.749,12725909183,11,ClientRead
1785008330021,588.2,47929.1,1801.2,4278.8,1829748,41381951,17294366131,494474,349416.33600000007,12736288447,25,WALWrite
1785008331024,587.5,47979.2,1838.1,4277.8,1833127,41440809,17320127222,495162,349909.18000000005,12746299071,16,WALWrite
1785008332021,609.1,48032.8,1829.2,4277.4,1836623,41527724,17347250914,495920,350438.47000000003,12756145855,12,WALWrite
1785008333024,623.2,48117.5,1826.5,4278.1,1840047,41580798,17372183016,496659,350970.509,12765877951,12,ClientRead
1785008334025,620.0,48135.4,1764.6,4277.9,1843028,41758668,17403536509,497305,351464.12,12774684351,9,ClientRead
1785008335020,592.5,48200.0,1812.7,4278.5,1845984,41806496,17428742190,498001,351955.158,12785014463,24,WALWrite
1785008336022,620.0,48242.0,1781.1,4280.9,1848862,41861547,17452734961,498661,352508.655,12794066623,14,ClientRead
1785008337023,616.1,48296.8,1786.1,4282.0,1851837,41939257,17480204053,499374,353060.814,12803913407,25,ClientRead
1785008338023,641.8,48354.3,1814.9,4276.6,1854776,41983859,17504100550,500064,353626.51999999996,12813727423,12,ClientRead
1785008339021,643.1,48395.2,1795.2,4279.1,1857757,42034150,17530733366,500741,354218.238,12823115455,11,WALWrite
1785008340021,639.7,48436.4,1775.9,4279.2,1860734,42082633,17556626198,501465,354731.25299999997,12832650943,16,ClientRead
1785008341021,607.4,48494.2,1770.2,4279.0,1863347,42127756,17578964237,502188,355264.63499999995,12842047167,17,WALWrite
1785008342023,637.3,48534.0,1805.7,4278.8,1866223,42202919,17604352554,502880,355777.14999999997,12851267263,16,WALWrite
1785008343020,664.6,48614.8,1759.5,4280.3,1868991,42253917,17629568167,503596,356327.33699999994,12860847807,19,WALWrite
1785008344021,718.4,48669.4,1753.8,4279.7,1871663,42299763,17655260978,504252,356880.066,12870014655,14,WALWrite
1785008345021,729.7,48687.7,1773.6,4279.7,1874129,42485494,17688222859,504885,357429.194,12879582911,7,ClientRead
1785008346021,666.4,48747.2,1804.3,4279.9,1876843,42547461,17713964501,505524,357937.57499999995,12889224895,9,ClientRead
1785008347023,660.1,48786.0,1774.7,4281.8,1879561,42606982,17735965712,506209,358443.99199999997,12898129599,10,ClientRead
1785008348021,650.9,48844.8,1798.9,4280.0,1882289,42650791,17760189892,506859,358970.681,12907640511,17,ClientRead
1785008349020,643.0,48886.1,1814.5,4280.9,1885028,42694537,17784788024,507520,359477.06899999996,12917175999,5,ClientRead
1785008350021,667.6,48946.7,1770.9,4276.4,1887532,42739918,17810776731,508154,359952.15799999994,12926645951,24,WALWrite
1785008351021,699.8,48985.5,1781.5,4280.8,1890189,42787785,17835277694,508790,360527.603,12936337087,19,ClientRead
1785008352020,677.0,49044.1,1764.8,4280.4,1893113,42860452,17860930436,509419,361075.861,12945487551,11,ClientRead
1785008353021,743.5,49104.6,1760.3,4280.8,1895893,42910288,17885392867,510048,361606.67500000005,12954572479,10,WALWrite
1785008354021,663.1,49143.7,1811.6,4279.3,1898494,42955188,17911035589,510651,362151.653,12964124351,5,BufferContent
1785008355021,690.0,49183.8,1780.3,4277.8,1901126,42999427,17935332127,511256,362689.93,12973430463,52,extend
1785008356022,1131.6,49238.7,1431.5,4283.7,1903763,43038811,17956600905,511693,363115.01700000005,12981868223,11,WALWrite
1785008357020,636.7,49275.8,1882.5,4280.9,1906074,43101485,17985794184,512288,363632.486,12991788735,7,ClientRead
1785008358020,659.6,49333.8,1751.3,4277.6,1908545,43158292,18010224618,512857,364203.001,13001193151,16,WALWrite
1785008359021,687.6,49376.0,1771.1,4276.9,1911079,43201605,18034686400,513495,364726.94800000003,13010646719,31,WALWrite
1785008360020,676.8,49435.6,1774.3,4278.1,1913647,43245804,18059412641,514110,365276.37600000005,13019838143,15,WALWrite
1785008361021,691.6,49475.5,1773.2,4279.8,1916025,43289482,18082203619,514680,365739.69,13029365439,65,WALWrite
1785008362021,687.0,49529.6,1783.3,4280.7,1918855,43359470,18109081905,515337,366277.806,13038876351,17,ClientRead
1785008363022,771.5,49593.6,1731.5,4277.5,1921538,43411268,18133043931,515984,366793.36299999995,13047936703,4,ClientRead
1785008364020,722.4,49624.2,1739.9,4283.6,1923824,43453108,18157722007,516526,367269.376,13057070783,12,WALWrite
1785008365023,656.5,49667.7,1751.9,4279.8,1926111,43496039,18182952734,517124,367827.094,13066516159,15,WALWrite
1785008366024,660.5,49727.5,1719.1,4279.4,1928264,43554853,18208987528,517756,368377.645,13076862655,8,WALWrite
1785008367021,539.5,49766.2,1875.2,4279.1,1930671,43626453,18233952854,518449,368845.624,13086275263,18,WALWrite
1785008368020,529.5,49825.7,1783.2,4280.7,1933746,43673976,18258655447,519250,369383.499,13096146623,8,extend
1785008369021,476.2,49866.9,1738.7,4278.1,1936448,43716805,18281429932,519908,370040.988,13105772223,5,ClientRead
1785008370020,504.3,49925.4,1817.9,4279.4,1939431,43766688,18307790541,520712,370551.51300000004,13115422399,10,WALWrite
1785008371024,568.9,49970.1,1814.4,4280.0,1942581,43821757,18333251631,521487,371051.72199999995,13125555903,17,WALWrite
1785008372020,539.4,50026.1,1786.4,4278.3,1945924,43902767,18359052790,522247,371568.941,13135165119,5,WALWrite
1785008373022,582.2,50103.8,1771.6,4279.9,1949332,43954612,18384269364,523072,372094.75200000004,13144520383,15,WALWrite
1785008374020,610.2,50163.6,1748.8,4279.7,1952340,44003262,18409748514,523811,372630.24299999996,13154588351,15,WALWrite
1785008375021,587.3,50189.4,1807.4,4279.8,1955370,44333912,18453211451,524505,373162.578,13164771007,17,WALWrite
1785008376021,526.7,50250.5,1781.9,4280.1,1958837,44418480,18479503849,525270,373676.25599999994,13174666943,15,ClientRead
1785008377022,497.5,50311.7,1812.3,4278.4,1962513,44477295,18505352003,526104,374189.12299999996,13185087167,8,ClientRead
1785008378020,499.8,50352.7,1787.2,4279.5,1965957,44527994,18529555588,526804,374643.527,13194385087,12,WALWrite
1785008379020,499.4,50411.4,1795.6,4277.8,1969535,44578561,18554052163,527630,375188.186,13204764351,11,WALWrite
1785008380023,525.5,50449.3,1800.6,4280.8,1972923,44630740,18579621217,528397,375733.38099999994,13214406335,6,WALWrite
1785008381020,563.7,50507.8,1765.3,4279.5,1976207,44696509,18606571734,529136,376231.839,13224236735,6,ClientRead
1785008382021,558.6,50547.8,1787.3,4278.9,1979460,44779735,18631983449,529881,376754.7789999999,13234009791,37,WALWrite
1785008383020,577.8,50629.2,1763.7,4279.5,1982832,44831187,18657376226,530640,377277.71499999997,13243430591,12,WALWrite
1785008384020,576.3,50652.1,1742.5,4283.8,1985703,44875904,18680108028,531306,377799.59500000003,13253080767,28,ClientRead
1785008385024,614.1,51001.6,1806.7,4283.0,1989296,44929510,18708962696,532031,378386.206,13262878399,12,ClientRead
1785008386022,637.6,51105.7,1771.0,4281.4,1992035,45001471,18731699009,532667,378897.46,13272430271,19,WALWrite
1785008387021,538.7,51192.2,1754.5,4279.8,1994798,45064438,18756590733,533340,379410.603,13282784959,5,ClientRead
1785008388022,545.5,51248.9,1826.0,4280.5,1997403,45112633,18781820857,533939,379831.95199999993,13292312255,19,ClientRead
1785008389020,556.2,51328.0,1773.1,4282.2,2000429,45156961,18803964104,534679,380382.858,13302609599,9,WALWrite
1785008390023,485.9,51384.0,1824.1,4281.0,2003432,45205629,18828484042,535439,380896.419,13312759487,12,WALWrite
1785008391020,520.6,51452.3,1784.3,4280.8,2006756,45296430,18857136074,536174,381407.644,13322188479,3,VacuumTruncate
1785008392022,500.0,51506.0,1808.9,4278.7,2010092,45359023,18882971055,537001,381933.60699999996,13332256447,15,WALWrite
1785008393021,571.0,51591.4,1735.8,4281.0,2013103,45409818,18908452133,537671,382392.31299999997,13341955775,13,ClientRead
1785008394023,616.5,51741.6,1727.4,4279.4,2015979,45502932,18935382823,538405,383003.448,13350827711,13,ClientRead
1785008395021,609.0,51689.4,1772.3,4280.1,2018690,45548364,18959890259,539170,383552.547,13359625919,18,ClientRead
1785008396021,637.0,51753.4,1755.4,4279.4,2021454,45606756,18986537529,539869,384098.358,13367981759,6,WALWrite
1785008397023,652.5,51801.3,1722.4,4277.6,2024338,45683769,19013240099,540579,384672.76399999997,13377386175,13,ClientRead
1785008398021,609.2,51862.7,1739.4,4278.8,2027196,45735687,19037869015,541270,385167.277,13385569983,17,ClientRead
1785008399020,640.2,51909.6,1727.8,4279.0,2029965,45782803,19062858286,542001,385705.129,13394450111,19,ClientRead
1785008400023,529.4,51952.6,1650.2,4278.0,2032246,45827020,19088101189,542557,386372.11,13403379391,22,WALWrite
1785008401020,646.5,52012.9,1779.6,4278.6,2034525,45869513,19111952162,543144,386929.62399999995,13413127871,16,ClientRead
1785008402023,674.5,52078.3,1718.9,4277.6,2037212,45950404,19137834731,543722,387430.95399999997,13422991039,13,WALWrite
1785008403021,680.6,52146.9,1728.4,4278.4,2039829,46011131,19162326589,544364,387932.671,13432612543,16,WALWrite
1785008404022,732.6,52054.8,1612.8,4283.1,2042256,46054874,19186445852,544957,388443.26399999997,13285865151,11,ClientRead
1785008405021,528.7,51699.7,1633.0,4281.9,2044079,46091636,19209309351,545463,388902.69,12892788415,13,WALWrite
1785008406022,593.7,51559.3,1741.3,4280.5,2045660,46125467,19228523851,545906,389280.831,12709156543,49,relation
1785008407021,581.4,51348.3,1698.9,4277.5,2047533,46188620,19256725852,546460,389757.61799999996,12420642495,9,ClientRead
1785008408021,606.9,51247.7,1753.1,4278.8,2049573,46396635,19292532467,547033,390250.018,12344022719,14,WALWrite
1785008409022,670.2,51279.2,1766.7,4278.9,2052122,46440828,19316217019,547709,390808.79099999997,12353566399,11,ClientRead
1785008410023,640.1,51338.9,1701.7,4281.1,2054526,46485961,19342856289,548400,391369.632,12375946943,7,WALWrite
1785008411023,648.3,51386.3,1736.9,4279.8,2056893,46551933,19368594558,549078,391997.22599999997,12398851775,8,ClientRead
1785008412027,674.3,51450.5,1763.6,4278.4,2059356,46620195,19393835092,549692,392507.43799999997,12422878911,7,ClientRead
1785008413023,678.9,51517.9,1750.5,4279.7,2061838,46665830,19420286250,550337,393046.687,12445931199,7,ProcArray
1785008414021,674.8,51583.1,1748.0,4277.9,2064154,46709913,19445484601,550888,393577.873,12470884031,9,ClientRead
1785008415020,683.1,51633.9,1751.4,4279.4,2066817,46755342,19471085223,551554,394135.012,12495828671,77,ClientRead
1785008416025,930.6,51692.8,1568.7,4279.7,2068715,46799340,19489695368,551907,394473.264,12513851071,10,ClientRead
1785008417025,673.3,51744.4,1815.7,4284.8,2071091,46865513,19515640361,552460,394977.263,12538869439,11,WALWrite
1785008418021,679.8,51821.1,1774.8,4279.2,2073599,46917342,19541786355,553061,395486.41799999995,12563502783,10,WALWrite
1785008419022,709.1,51848.8,1768.6,4281.0,2075704,46957702,19564574317,553599,395976.295,12585146047,5,WALWrite
1785008420021,680.8,51912.4,1762.8,4281.2,2077862,46996504,19587602099,554182,396511.94,12609361599,4,
1785008421021,663.1,51966.8,1764.5,4283.8,2080366,47067112,19615750974,554851,397062.84099999996,12631930559,10,ClientRead
1785008422023,679.5,52031.7,1756.6,4279.2,2082693,47128152,19638900005,555469,397591.31399999995,12654630591,19,WALWrite
1785008423021,683.6,52084.9,1808.4,4282.0,2085220,47173025,19665757370,556150,398156.60599999997,12680550079,31,WALWrite
1785008424020,688.5,52150.1,1726.4,4282.5,2087514,47214493,19689840453,556674,398617.31999999995,12701562559,6,ClientRead
1785008425022,685.8,52202.9,1820.5,4280.9,2089712,47255696,19714410531,557199,399066.82099999994,12725892799,18,ClientRead
1785008426022,713.9,52266.7,1796.2,4280.4,2092094,47323052,19740502915,557801,399585.59500000003,12749518527,18,ClientRead
1785008427021,713.2,52317.0,1722.2,4279.9,2094557,47383429,19764905331,558341,400071.662,12771210943,21,WALWrite
1785008428025,676.6,52396.5,1751.8,4280.0,2096704,47419471,19786640746,558912,400512.575,12793910975,32,WALWrite
1785008429021,741.4,52456.3,1780.6,4280.3,2098890,47468434,19813767868,559509,401071.596,12816144063,38,WALWrite
1785008430021,570.4,52499.6,1853.9,4283.5,2101276,47756720,19851961344,560166,401620.202,12834895551,14,ClientRead
1785008431022,475.1,52533.5,1814.7,4279.2,2103631,47813465,19878079220,560810,402178.704,12844816063,21,ClientRead
1785008432020,558.9,52582.8,1821.2,4280.9,2106218,47890289,19904382353,561400,402714.79600000003,12854671039,7,ClientRead
1785008433021,572.6,52632.9,1776.9,4284.5,2109265,47942725,19929783526,562195,403307.57500000007,12864468671,8,ClientRead
1785008434021,513.9,52683.8,1813.4,4279.2,2112086,47991200,19955362000,562864,403791.866,12874127039,13,WALWrite
1785008435020,523.5,52724.4,1762.9,4280.6,2114830,48037066,19978955373,563586,404330.38,12884399807,14,WALWrite
1785008436020,561.2,52772.2,1860.3,4280.9,2117770,48095590,20004624904,564248,404804.08700000006,12894189247,11,ClientRead
1785008437022,438.8,52807.8,1723.9,4281.0,2120513,48172999,20032377196,564850,405414.608,12903163583,20,ClientRead
1785008438022,559.0,52867.1,1871.7,4277.7,2123399,48225750,20055866289,565614,405959.255,12913456831,6,WALWrite
1785008439021,623.8,52876.3,1870.2,4281.6,2126588,48283651,20081783063,566276,406434.846,12923532991,22,WALWrite
1785008440020,574.3,52934.2,1815.3,4279.5,2129792,48336425,20107739382,566963,406974.587,12933535423,16,ClientRead
1785008441022,602.4,52966.6,1818.3,4283.9,2133275,48412298,20135175202,567730,407534.59900000005,12943611583,18,ClientRead
1785008442022,575.1,53018.7,1831.4,4278.7,2136660,48486749,20161333785,568363,407992.95800000004,12952999615,7,ClientRead
1785008443020,610.8,53094.5,1817.5,4279.2,2139924,48536081,20185480167,569014,408508.134,12962297535,13,WALWrite
1785008444022,540.0,53104.5,1823.1,4278.7,2142999,48582907,20209335249,569732,409064.53,12972725951,25,WALWrite
1785008445021,596.4,53150.9,1860.4,4278.1,2145916,48632213,20234933191,570425,409536.641,12982023871,43,WALWrite
1785008446023,591.7,53189.1,1816.7,4279.1,2149283,48703665,20262080673,571100,410080.69399999996,12992501439,18,ClientRead
1785008447020,590.4,53240.5,1852.4,4282.0,2152575,48780450,20286850292,571723,410569.96499999997,13002167999,28,ClientRead
1785008448023,610.4,53280.8,1869.2,4279.3,2156103,48833764,20312567719,572404,411024.08499999996,13012195007,12,WALWrite
1785008449022,573.9,53329.1,1819.1,4279.2,2159426,48887135,20338500165,573093,411540.635,13022320319,12,ClientRead
1785008450022,552.2,53367.8,1770.8,4281.7,2162633,48935172,20361621330,573800,412021.561,13031634623,11,WALWrite
1785008451022,556.1,53412.4,1775.0,4279.5,2165936,49016153,20389327512,574623,412594.7629999999,13041866431,14,ClientRead
1785008452024,604.8,53446.0,1852.2,4280.5,2169142,49092854,20413449775,575299,413066.349,13051459263,13,ClientRead
1785008453027,607.0,53518.9,1824.2,4278.6,2172639,49145368,20439022898,575989,413566.362,13061453503,21,WALWrite
1785008454020,661.1,53567.3,1849.7,4278.8,2175712,49192759,20462478608,576643,414112.20499999996,13071201983,22,WALWrite
1785008455027,672.0,53591.5,1821.4,4277.9,2178766,49424233,20500155430,577315,414639.566,13080876735,31,ClientRead
1785008456023,666.1,53640.1,1839.8,4282.4,2181946,49489063,20526520135,578054,415166.62000000005,13091567295,14,ClientRead
1785008457023,674.5,53690.2,1869.8,4280.2,2185032,49570673,20551380994,578622,415667.776,13101332159,10,WALWrite
1785008458020,691.6,53725.4,1792.5,4279.0,2188312,49632206,20578345779,579241,416166.59800000006,13111572159,25,WALWrite
1785008459022,681.5,53774.5,1846.8,4279.4,2191633,49684507,20603677365,579896,416741.276,13121689279,9,ClientRead
1785008460021,692.0,53808.3,1778.0,4285.1,2194913,49735060,20627986446,580548,417252.54600000003,13131683519,64,WALWrite
1785008461021,680.2,53860.0,1782.3,4278.7,2197874,49796957,20654160646,581247,417775.173,13141055167,11,ClientRead
1785008462021,679.1,53888.5,1807.6,4281.0,2200849,49872628,20680860979,581845,418283.57000000007,13150811839,17,WALWrite
1785008463023,583.0,53954.1,1691.4,4276.5,2203154,49929395,20704725387,582368,418886.335,13159634623,14,WALWrite
1785008464023,700.9,53986.8,1815.8,4280.2,2205796,49976806,20730553202,582934,419462.8030000001,13169907391,24,ClientRead
1785008465024,696.2,54036.4,1757.9,4279.2,2208811,50025318,20755179422,583520,419960.50899999996,13179459263,8,ClientRead
1785008466022,753.8,54066.8,1802.5,4279.4,2211646,50088432,20780788725,584040,420384.197,13189215935,3,VacuumTruncate
1785008467021,665.2,54116.4,1771.0,4280.1,2214571,50168110,20807176371,584632,420864.004,13198538431,9,ClientRead
1785008468023,704.5,54153.0,1766.9,4280.0,2217316,50213559,20829581311,585249,421340.217,13207664319,29,ClientRead
1785008469021,688.5,54175.5,1800.3,4277.6,2219888,50258486,20853313407,585847,421804.776,13217011391,25,WALWrite
1785008470022,715.0,54207.0,1841.3,4282.1,2222598,50305068,20878886613,586437,422317.102,13227185855,13,ClientRead
1785008471021,740.8,54256.2,1797.9,4282.1,2225414,50362914,20905237263,587001,422825.431,13236803263,32,WALWrite
1785008472021,738.1,54286.4,1803.5,4281.1,2228284,50435832,20930463819,587591,423322.92,13246346943,18,ClientRead
1785008473021,742.8,54359.4,1794.7,4281.3,2231091,50494065,20955301119,588166,423844.595,13255497407,20,ClientRead
1785008474022,774.4,54364.7,1793.2,4281.6,2233589,50539509,20980207567,588696,424317.05000000005,13265237695,21,WALWrite
1785008475023,692.8,54415.8,1842.3,4281.0,2236270,50587247,21006605291,589300,424848.82700000005,13275322047,65,WALWrite
1785008476022,1103.2,54448.4,1567.2,4281.5,2238606,50638365,21027562117,589748,425289.711,13283235519,11,WALWrite
1785008477023,681.2,54492.2,1830.0,4279.4,2241068,50709193,21056909842,590359,425799.456,13293196991,15,ClientRead
1785008478021,723.7,54528.0,1840.3,4278.2,2243601,50763161,21082059344,590901,426320.612,13302642367,9,WALWrite
1785008479022,742.0,54572.8,1833.2,4279.3,2246192,50805102,21104716817,591438,426835.53400000004,13312194239,44,ClientRead
1785008480021,695.2,54608.4,1811.5,4281.3,2248723,50851611,21130329124,591979,427328.93000000005,13321787071,44,WALWrite
1785008481021,752.4,54652.2,1834.0,4278.9,2251398,50905672,21157763840,592572,427802.017,13331781311,11,ClientRead
1785008482023,780.8,54686.4,1827.9,4277.2,2253793,50972037,21179904531,593062,428253.716,13340956351,16,ClientRead
1785008483020,761.0,54737.5,1740.6,4280.8,2256300,51036152,21205096557,593558,428678.662,13350049471,10,ClientRead
1785008484021,724.0,54775.2,1801.1,4279.3,2258635,51080398,21229956926,594139,429168.92000000004,13359830719,9,WALWrite
1785008485024,748.6,54824.6,1790.2,4279.3,2261017,51123360,21253183463,594607,429617.45200000005,13369636543,14,ClientRead
1785008486021,775.6,54853.9,1783.0,4280.9,2263242,51178634,21278520733,595060,430067.145,13379696319,23,WALWrite
1785008487022,682.7,54905.5,1798.7,4279.2,2265522,51251035,21305269748,595534,430511.63100000005,13389469375,11,WALWrite
1785008488022,567.9,54947.3,1881.4,4279.0,2268217,51318062,21331808257,596195,431029.1280000001,13399717567,23,WALWrite
1785008489021,683.2,55012.9,1816.2,4278.0,2271366,51369033,21357865183,596836,431551.68,13409334975,6,ClientRead
1785008490020,613.6,55033.6,1839.7,4278.4,2274166,51666099,21397552116,597467,432072.466,13418903231,23,ClientRead
1785008491020,569.9,55080.7,1835.4,4279.1,2277026,51716427,21423178092,598139,432573.91500000004,13429249727,1,
1785008492021,568.9,55128.5,1845.4,4279.0,2280349,51802520,21450227081,598809,433091.3950000001,13439514303,5,ClientRead
1785008493022,586.2,55184.3,1804.5,4279.4,2283534,51871332,21476872605,599549,433661.16900000005,13449123519,21,ClientRead
1785008494022,476.4,55241.6,1746.7,4279.3,2286242,51916750,21501019593,600193,434241.93700000003,13458659007,18,WALWrite
1785008495022,542.1,55283.1,1843.8,4279.9,2288970,51964972,21526734893,600858,434782.92699999997,13468702399,26,ClientRead
1785008496021,547.9,55340.1,1752.6,4277.1,2291872,52031947,21550992868,601503,435233.568,13477516991,3,DataFileExtend
1785008497021,550.3,55382.1,1858.5,4278.5,2294757,52105648,21574528423,602169,435711.085,13487929023,29,WALWrite
1785008498022,587.2,55490.6,1865.3,4280.5,2298044,52158074,21602748100,602874,436221.53900000005,13497898687,26,ClientRead
1785008499020,458.6,55726.4,1328.9,4274.9,2299653,52183986,21617432270,603147,436490.476,13503575743,43,WALWrite
1785008500026,311.8,55738.5,1548.9,4280.3,2300522,52204671,21631536020,603241,436694.48400000005,13511694015,83,WALWrite
1785008501020,333.4,55864.3,1364.5,4278.4,2301182,52243753,21664655920,603409,437734.90800000005,13519820479,28,WALWrite
1785008502020,368.6,56024.8,1775.5,4282.4,2301583,52453054,22957246448,603481,438060.42300000007,13527815871,4,ClientRead
1785008503022,463.7,56121.8,2162.9,4292.5,2302296,52499147,23007839141,603736,438460.96,13539522239,11,ClientRead
1785008504024,625.5,56011.0,1977.9,4288.5,2303998,52550362,23055940490,604317,439032.13100000005,13548697279,11,WALWrite
1785008505021,660.9,56083.1,1952.8,4285.0,2306255,52611292,23104670279,604936,439617.216,13558806207,39,ClientRead
1785008506023,708.2,56142.4,1865.3,4287.0,2308719,52653587,23128198808,605607,440182.106,13567792831,42,ClientRead
1785008507021,684.9,56014.5,1790.5,4284.0,2310985,52716305,23185072336,606171,440784.76800000004,13577107135,6,ClientRead
1785008508021,696.1,56115.4,1866.8,4284.0,2313321,52787523,23247690470,606730,441313.05500000005,13586093759,18,ClientRead
1785008509021,719.3,56165.3,1815.8,4281.8,2315928,52842941,23279246862,607419,441856.12400000007,13595580095,6,ClientRead
1785008510021,709.4,56208.1,1817.5,4283.5,2318502,52885682,23302220246,608032,442379.36100000003,13604763327,27,ClientRead
1785008511025,722.7,56064.9,1827.2,4284.2,2321079,52934959,23337446777,608643,442943.36300000007,13614077631,22,WALWrite
1785008512021,748.4,56168.8,1779.0,4283.9,2323461,52998026,23393479428,609185,443496.73099999997,13622892223,14,ClientRead
1785008513021,786.8,56072.1,1846.3,4280.3,2326054,53064056,23442532441,609705,443975.614,13632329407,10,ClientRead
1785008514020,748.3,56074.2,1670.7,4284.9,2328347,53184296,23591524478,610179,444592.40900000004,13640693439,13,WALWrite
1785008515023,752.2,56115.9,1824.5,4283.7,2330480,53217847,23610313356,610668,445027.451,13649540799,13,WALWrite
1785008516020,740.9,56179.0,1809.9,4284.2,2332902,53263476,23639055417,611263,445541.912,13658724031,23,WALWrite
1785008517021,749.7,56076.3,1810.7,4286.3,2335190,53323517,23695863193,611750,446005.13500000007,13667473087,5,WalSync
1785008518020,762.2,56153.0,1823.8,4283.4,2337415,53384471,23744604624,612243,446485.619,13676607167,12,WALWrite
1785008519020,763.3,56216.4,1810.8,4283.7,2339947,53437484,23775354737,612903,447060.7530000001,13685479103,5,ClientRead
1785008520020,786.7,56067.6,1810.3,4286.3,2342641,53478537,23797259229,613526,447595.91000000003,13694621375,22,ClientRead
1785008521022,765.6,56133.5,1828.3,4285.2,2345276,53523686,23822089204,614045,448085.04099999997,13703861951,14,ClientRead
1785008522023,787.9,56020.5,1803.8,4285.1,2347762,53581845,23873027589,614522,448583.726,13712709311,20,WALWrite
1785008523022,774.2,55804.2,1807.3,4285.0,2350123,53641173,23923838705,615019,449126.33700000006,13721958079,16,WALWrite
1785008524020,768.0,55777.1,1752.1,4284.9,2352355,53699811,23964426726,615506,449577.034,13730813631,14,ClientRead
1785008525020,817.5,55840.7,1740.8,4286.1,2354676,53738976,23986568570,616053,450145.79600000003,13738923711,10,WALWrite
1785008526024,797.6,55890.0,1791.9,4298.8,2356980,53788063,24023519753,616584,450692.39,13748680383,37,WALWrite
1785008527022,839.1,55990.9,1773.5,4314.0,2359101,53844290,24075576244,617047,451152.458,13757257407,21,ClientRead
1785008528021,826.9,55591.1,1807.3,4327.3,2361488,53907727,24126179794,617566,451700.91300000006,13766489791,30,WALWrite
1785008529022,898.7,55746.8,1729.3,4360.2,2363869,53947004,24148529622,618069,452146.025,13774304959,26,WALWrite
1785008530021,914.5,55680.6,1720.2,4391.3,2366082,53987045,24173943333,618598,452731.02900000004,13783430847,11,WALWrite
1785008531026,817.8,55726.6,1766.7,4404.8,2368115,54025379,24198089061,619099,453220.153,13792097983,10,ClientRead
1785008532021,846.9,55833.8,1808.0,4406.3,2370230,54078422,24246708768,619566,453715.61399999994,13800748735,12,WALWrite
1785008533022,850.2,55904.5,1767.1,4415.4,2372427,54132717,24295094447,620093,454279.061,13809882815,7,VacuumTruncate
1785008534020,741.2,55497.2,1823.6,4434.4,2374288,54186917,24337329332,620534,454770.031,13818279615,9,ClientRead
1785008535022,787.4,55553.1,1849.1,4443.2,2376475,54229138,24364662722,621081,455333.859,13827528383,47,BufferContent
1785008536020,1052.5,55592.9,1690.8,4545.8,2378446,54265643,24386661786,621484,455781.932,13835433663,21,WALWrite
1785008537024,718.2,55703.6,1952.7,4575.7,2380144,54309929,24419451849,621936,456290.441,13854111423,20,WALWrite
1785008538022,642.0,55334.0,2052.9,4593.5,2381991,54362194,24470491439,622446,456779.225,13878556351,15,WALWrite
1785008539021,763.4,55481.1,1937.9,4599.9,2384101,54600502,24537733517,622996,457278.68799999997,13895857855,5,VacuumTruncate
1785008540021,669.5,55532.3,2016.0,4599.9,2386341,54649920,24574954369,623582,457794.082,13905196735,12,ClientRead
1785008541021,659.4,55577.2,1982.8,4606.7,2388748,54692277,24599755077,624257,458343.203,13914347199,27,WALWrite
1785008542021,682.0,55322.7,1929.8,4716.3,2391021,54738742,24628096237,624869,458887.98799999995,13922555583,36,WALWrite
1785008543022,755.7,55367.9,1897.8,4760.6,2393159,54779495,24651652282,625392,459330.29199999996,13939619519,10,VacuumTruncate
1785008544023,685.4,55412.8,1885.1,4763.6,2395314,54861897,24731182686,625957,459851.45,13952530111,11,ClientRead
1785008545021,617.1,54989.3,1952.7,4838.8,2397255,54918215,24779578601,626538,460408.492,13961541311,12,VacuumTruncate
1785008546023,586.9,55051.1,2014.4,4952.8,2398692,54963161,24815529397,627038,460826.735,13970101951,13,ClientRead
1785008547023,561.1,55108.7,2034.3,5056.4,2399967,55006292,24849408090,627538,461249.641,13978531519,7,ClientWrite
1785008548023,593.8,55161.5,1897.3,5100.8,2401206,55042679,24876677022,628086,461711.498,13987255999,9,ClientRead
1785008549023,632.1,54685.0,2021.4,5140.0,2402322,55083316,24902950904,628556,462158.718,13996529343,14,WALWrite
1785008550024,610.5,54744.4,1981.8,5168.3,2403590,55121213,24927257047,629082,462608.614,14004688575,8,ClientRead
1785008551022,588.2,54778.0,1966.4,5129.1,2404842,55158940,24956413998,629607,463087.862,14013765311,7,ClientWrite
1785008552024,619.2,54865.4,1998.9,5257.6,2405978,55206958,25005359731,630093,463585.808,14022563519,17,WALWrite
1785008553021,656.3,54965.1,1987.4,5239.0,2407191,55242043,25027716207,630554,464060.132,14031156927,30,WALWrite
1785008554024,660.8,54544.3,1986.8,5319.3,2408500,55306570,25101405135,631008,464533.20900000003,14039758527,5,VacuumTruncate
1785008555022,614.1,54657.0,1985.9,5325.3,2409620,55369989,25162763731,631402,465000.756,14053815999,3,VacuumTruncate
1785008556022,486.2,54741.3,2088.6,5388.0,2410768,55406532,25185352122,631881,465442.42600000004,14062278335,45,WALWrite
1785008557021,539.0,54808.6,2071.9,5445.6,2412088,55458664,25230741795,632361,466019.91,14071289535,19,WALWrite
1785008558028,540.4,54625.5,2110.9,5436.3,2413413,55499247,25271354608,632820,466436.707,14079702719,4,transactionid
1785008559024,525.9,54443.6,2029.7,5485.5,2414804,55543536,25309766063,633362,466909.22099999996,14091679423,7,ClientRead
1785008560021,520.4,54497.6,2101.7,5477.1,2416170,55582561,25336025234,633878,467419.59099999996,14099977919,13,ClientRead
1785008561025,536.1,54588.3,2063.6,5519.6,2417616,55627545,25366167881,634417,467895.98500000004,14110119615,7,ClientWrite
1785008562021,512.9,54695.6,2027.6,5428.9,2418979,55673059,25409870627,634911,468356.179,14118696639,27,WALWrite
1785008563021,529.0,54312.2,1937.6,5536.6,2420280,55731239,25472398397,635413,468872.2370000001,14128748223,8,ClientWrite
1785008564020,603.2,54533.9,2028.1,5460.9,2421509,55779644,25518655122,635856,469307.20099999994,14152029887,7,VacuumTruncate
1785008565021,565.8,54595.3,1971.8,5562.5,2423223,56113856,25595211983,636366,469755.473,14171813567,3,VacuumTruncate
1785008566024,567.6,54665.5,1999.2,5527.7,2425144,56173722,25643352514,636931,470208.2460000001,14181947071,22,WALWrite
1785008567021,502.6,54277.7,2011.3,5514.9,2427020,56229469,25701422953,637555,470673.13000000006,14191883967,53,WALWrite
1785008568020,530.3,54336.9,1930.1,5514.4,2429153,56285572,25742447025,638268,471159.25600000005,14201509567,12,ClientRead
1785008569022,548.5,54411.0,1932.7,5546.7,2431301,56341489,25769053122,638923,471627.8900000001,14211626687,12,ClientRead
1785008570021,542.1,54522.2,1953.3,5561.8,2433506,56409214,25833965312,639500,472093.9490000001,14221522623,8,ClientRead
1785008571022,551.7,54604.2,1928.3,5570.0,2435580,56475917,25890737498,640086,472594.504,14231516863,9,VacuumTruncate
1785008572022,544.1,54220.5,1942.4,5523.6,2437826,56551921,25946857663,640723,473110.57100000005,14241527487,19,ClientRead
1785008573022,527.5,54305.0,1862.0,5562.7,2440025,56608270,26006041199,641360,473564.442,14250620607,5,VacuumTruncate
1785008574022,566.0,54404.8,1891.0,5502.1,2442184,56662344,26038827515,642101,474054.38300000003,14260360895,14,WALWrite
1785008575021,542.7,54467.3,1936.6,5592.5,2444337,56725608,26090352897,642717,474494.34300000005,14270043839,11,ClientRead
1785008576022,542.6,54561.4,1887.8,5568.6,2446430,56793967,26147125107,643292,474948.7160000001,14279685823,11,ClientRead
1785008577022,561.6,54651.3,2008.5,5575.4,2448706,56864190,26195864173,643869,475401.704,14289589951,14,WALWrite
1785008578021,568.0,54248.9,1965.0,5628.4,2451056,56920981,26252117467,644448,475828.27200000006,14299428543,22,WALWrite
1785008579021,670.7,54425.4,1888.4,5704.5,2453179,56976353,26283946639,645002,476274.83999999997,14308701887,7,ClientRead
1785008580025,603.1,54398.0,1961.3,5574.8,2455210,57019765,26308619362,645566,476726.078,14318458559,7,VacuumTruncate
1785008581024,560.1,54469.7,1962.5,5608.4,2457290,57076189,26347756584,646167,477219.187,14328321727,18,ClientRead
1785008582021,536.8,54568.0,1892.1,5663.7,2459365,57142269,26407157106,646752,477725.84500000003,14338184895,17,ClientRead
1785008583021,577.4,54196.8,1909.6,5605.7,2461341,57202959,26457296266,647294,478131.11199999996,14347622079,8,VacuumTruncate
1785008584022,664.2,54269.0,1858.6,5608.8,2463704,57264960,26519644710,647923,478579.594,14357231295,8,ClientRead
1785008585020,601.1,54363.6,1943.8,5615.4,2466218,57326074,26554949337,648594,479034.78099999996,14367159999,14,WALWrite
1785008586025,608.6,54479.3,1859.1,5642.0,2468600,57389840,26616798745,649137,479485.45499999996,14376482495,26,WALWrite
1785008587022,572.3,54595.4,1849.4,5645.1,2471123,57465080,26683056430,649781,479990.385,14386288319,11,WALWrite
1785008588023,561.7,54187.0,1828.7,5646.0,2473693,57526067,26736831229,650382,480499.246,14396020415,9,ClientRead
1785008589021,615.9,54274.5,1973.1,5619.9,2476386,57582071,26765395692,651042,480975.06299999997,14406178495,15,ClientRead
1785008590020,663.5,54365.0,1939.3,5620.7,2478994,57626571,26788649418,651647,481431.208,14415738559,23,ClientRead
1785008591021,642.0,54560.1,1856.6,5620.3,2481600,57683424,26832211254,652162,481875.106,14425544383,29,ClientRead
1785008592023,630.3,54257.3,1827.6,5632.5,2484168,57754470,26894295777,652747,482334.861,14435931839,14,WALWrite
1785008593020,626.3,54451.7,1890.9,5628.0,2486705,57824659,26963649250,653317,482806.69700000004,14445450943,11,ClientRead
1785008594020,531.0,54568.9,1798.9,5630.0,2489437,57892638,27001531595,653995,483237.869,14429394623,4,VacuumTruncate
1785008595024,576.9,54199.5,1934.9,5624.7,2491972,57941479,27025861991,654581,483639.54199999996,14439298751,22,ClientRead
1785008596021,593.6,54326.7,1902.0,5622.0,2494685,58010019,27088209959,655133,484119.523,14449301183,22,ClientRead
1785008597022,613.7,54431.4,1834.1,5619.7,2497297,58079963,27150144608,655720,484592.84599999996,14459336383,8,VacuumTruncate
1785008598021,573.0,54516.9,1819.3,5622.4,2499946,58147071,27209478430,656336,485079.90099999995,14469559999,8,WALWrite
1785008599023,645.9,54578.8,1869.7,5621.9,2502827,58208046,27237807345,656980,485551.064,14479144639,9,ClientRead
1785008600019,681.4,54185.5,1775.9,5629.8,2505575,58264116,27276288022,657639,486078.221,14489351871,22,WALWrite
1785008601021,664.4,54261.0,1809.2,5630.9,2508080,58563255,27354548553,658243,486539.32700000005,14499378879,10,ClientRead
1785008602023,609.4,54350.2,1797.5,5627.2,2510683,58634296,27425119573,658853,487016.852,14509110975,14,ClientRead
1785008603022,633.3,54429.6,1772.5,5630.8,2513229,58681401,27449989155,659439,487451.337,14518982335,43,WALWrite
1785008604022,614.0,54522.5,1825.9,5629.7,2516100,58752277,27492919070,660175,487972.871,14528976575,25,ClientRead
1785008605022,643.8,54563.3,1829.2,5647.8,2518993,58801164,27517283497,660874,488456.05299999996,14539126463,18,WALWrite
1785008606021,621.3,54172.8,1783.6,5630.7,2521849,58878300,27587738030,661493,488918.11100000003,14548907711,10,ClientRead
1785008607024,638.4,54268.1,1762.0,5631.6,2524455,58948692,27660856722,662052,489351.454,14558525119,13,WALWrite
1785008608021,636.6,54347.2,1811.6,5632.1,2527324,59022244,27708141043,662676,489827.643,14568879807,13,WALWrite
1785008609022,721.6,54461.4,1751.9,5630.2,2530058,59071075,27731999272,663239,490290.549,14578431679,15,WALWrite
1785008610023,704.8,54576.4,1745.0,5634.5,2532323,59275724,27859228891,663725,490781.971,14588008127,13,ClientRead
1785008611024,667.9,54634.9,1824.7,5630.0,2534692,59347362,27922858795,664276,491217.71300000005,14596323007,30,WALWrite
1785008612021,646.2,54226.4,1710.1,5632.1,2537420,59422853,27982503911,664882,491747.715,14604900031,13,ClientRead
1785008613022,674.8,54327.6,1747.3,5634.4,2539910,59484438,28031374668,665431,492233.064,14613280447,35,WALWrite
1785008614021,714.3,54377.8,1802.5,5629.0,2542513,59539969,28059176243,665972,492759.62799999997,14622586559,13,WALWrite
1785008615021,630.6,54459.1,1816.1,5631.5,2545046,59593035,28100221086,666619,493241.77499999997,14631343807,32,WALWrite
1785008616019,611.2,54583.7,1814.6,5631.8,2547590,59664945,28161441987,667212,493752.043,14640223935,14,ClientRead
1785008617020,657.0,54655.1,1771.0,5631.1,2549992,59733365,28220097263,667775,494199.83100000006,14649128639,9,WALWrite
1785008618021,644.9,54287.1,1794.9,5630.1,2552498,59798809,28270329179,668382,494724.4959999999,14658164415,18,WALWrite
1785008619022,679.0,54380.6,1773.3,5629.0,2554986,59844805,28293845680,668967,495192.31799999997,14666634943,7,ClientRead
1785008620024,681.0,54458.1,1800.9,5631.9,2557638,59899641,28320336032,669550,495635.311,14675883711,12,WALWrite
1785008621022,627.3,54574.2,1773.4,5577.0,2560188,59965252,28375410015,670139,496156.17499999993,14685247167,31,WALWrite
1785008622023,531.6,54672.7,1835.9,5576.1,2562675,60042490,28436065180,670772,496652.01300000004,14692103871,26,WALWrite
1785008623020,528.9,54290.7,1815.6,5577.5,2565367,60120036,28502791358,671473,497221.956,14699976383,13,WALWrite
1785008624021,516.0,54353.6,1828.9,5577.8,2568190,60181523,28534261892,672171,497679.27300000004,14708340415,37,WALWrite
1785008625020,593.8,54425.2,1891.8,5579.1,2571326,60234782,28560563710,672896,498182.444,14715999935,15,WALWrite
1785008626020,613.5,54531.2,1916.7,5521.8,2574260,60293720,28605279500,673472,498644.509,14724830911,13,WALWrite
1785008627021,600.9,54635.1,1922.0,5519.1,2577070,60370430,28670937267,674088,499103.27100000007,14733317823,11,ClientRead
1785008628024,641.6,54721.0,1910.0,5429.2,2579970,60438011,28730362079,674684,499576.134,14741632703,22,WALWrite
1785008629020,726.3,54864.1,1879.8,5371.0,2582788,60504434,28772742043,675294,500083.58800000005,14750258879,7,ClientRead
1785008630022,700.3,54883.4,1926.6,5332.8,2585207,60552905,28804693924,675902,500642.06600000005,14759491263,19,WALWrite
1785008631021,673.0,54945.4,1932.9,5321.1,2587389,60834421,28875130526,676435,501226.95300000004,14768772799,10,WALWrite
1785008632022,653.6,54533.3,1848.5,5325.7,2589770,60899424,28926810167,677023,501774.989,14777480895,9,ClientRead
1785008633024,676.0,54631.5,1964.0,5322.9,2592168,60955393,28974939835,677537,502267.889,14787155647,18,WALWrite
1785008634021,716.0,54707.4,1909.4,5324.3,2594682,61016183,29022100691,678090,502823.45200000005,14796199615,5,ClientRead
1785008635023,663.4,54780.1,1881.4,5323.5,2597080,61074244,29053381322,678684,503333.043,14805219007,14,WALWrite
1785008636022,690.3,54869.4,1938.4,5324.2,2599573,61135720,29110104762,679290,503889.6500000001,14814557887,16,WALWrite
1785008637020,683.7,54964.9,1902.7,5320.8,2601970,61201840,29165024066,679825,504374.61400000006,14823405247,21,WALWrite
1785008638020,672.1,54560.5,1831.2,5322.0,2604278,61262583,29215663785,680367,504938.07600000006,14832760511,13,WALWrite
1785008639020,669.9,54665.9,1889.1,5324.3,2606498,61305672,29239392823,680887,505437.59700000007,14841681599,10,ClientRead
1785008640022,703.4,54742.2,1890.3,5325.1,2608910,61365291,29292812190,681425,505928.112,14850709183,13,WALWrite
1785008641024,703.2,54830.2,1855.3,5323.8,2611448,61431186,29343208015,681968,506445.00600000005,14859851455,40,WALWrite
1785008642023,693.9,54918.1,1889.0,5324.2,2613898,61493644,29393890685,682501,506969.172,14869100223,21,WALWrite
1785008643021,730.3,54534.7,1856.5,5324.0,2616239,61555355,29442943950,682986,507472.016,14878250687,7,ClientRead
1785008644022,760.1,54724.5,1806.6,5324.0,2618413,61609936,29493822816,683480,508011.887,14887425727,48,WALWrite
1785008645020,688.6,54683.0,1846.6,5325.6,2620272,61657334,29529391419,683954,508550.172,14895552191,13,WALWrite
1785008646021,649.0,54754.2,1909.2,5320.7,2622377,61712631,29564021983,684575,509159.324,14905628351,6,WALWrite
1785008647021,687.0,54845.8,1888.3,5320.5,2624513,61771948,29615607461,685115,509704.135,14914246335,25,WALWrite
1785008648023,689.8,54932.6,1867.8,5320.9,2626564,61812676,29639080360,685571,510195.22500000003,14923495103,48,WALWrite
1785008649022,679.6,54537.4,1848.5,5323.4,2629005,61894142,29720617827,686122,510745.65700000006,14932719295,19,WALWrite
1785008650021,672.9,54627.7,1872.5,5321.8,2630927,61928590,29740249986,686561,511147.129,14941058751,7,WALWrite
1785008651021,686.0,54722.7,1845.4,5321.1,2633295,61988931,29798742729,687108,511669.96700000006,14950225599,15,ClientRead
1785008652020,699.9,54788.2,1880.9,5320.9,2635735,62045695,29839238296,687667,512243.94000000006,14959564479,19,ClientRead
1785008653021,715.8,54885.4,1826.8,5317.9,2638108,62107194,29884893556,688228,512793.16500000004,14968592063,11,ClientRead
1785008654021,575.3,54985.5,1903.6,5318.9,2640351,62174163,29939771032,688727,513264.417,14960629439,13,WALWrite
1785008655021,687.9,54690.9,1873.8,5318.1,2642817,62235641,29989506135,689254,513817.40300000005,14969271999,10,WALWrite
1785008656023,748.5,54701.9,1840.5,5318.8,2645453,62674951,30072242145,689752,514333.603,14978643647,9,WALWrite
1785008657020,629.3,54762.7,1919.2,5317.1,2648040,62737802,30116876338,690303,514821.325,14986860223,38,WALWrite
1785008658024,628.6,54862.0,1851.2,5315.2,2650763,62808106,30177748809,690942,515408.293,14995666623,12,ClientRead
1785008659021,657.8,54948.9,1859.8,5315.8,2653081,62873053,30234887654,691471,515859.36899999995,15003858623,66,WALWrite
1785008660020,642.6,54550.6,1817.2,5315.8,2655773,62938076,30291298609,692072,516374.399,15012337343,19,WALWrite
1785008661021,641.6,54620.4,1838.9,5261.1,2658425,63002369,30333936557,692719,516931.133,15020848831,14,ClientRead
1785008662020,598.2,54691.2,1819.1,5261.9,2661095,63049180,30360172131,693425,517423.25700000004,15029556927,25,WALWrite
1785008663022,638.8,54799.1,1804.2,5264.4,2663611,63116358,30424715147,694012,517970.271,15038052031,14,WALWrite
1785008664022,699.1,54987.0,1777.8,5261.2,2666005,63181815,30478177442,694580,518529.591,15047186111,6,WALWrite
1785008665024,675.5,54481.8,1806.0,5266.3,2668057,63239346,30535916151,695084,519024.1890000001,15055902399,12,WALWrite
1785008666023,628.7,54549.4,1785.5,5264.0,2670429,63294024,30569795461,695752,519621.614,15065216703,19,ClientRead
1785008667020,642.0,54618.9,1826.0,5266.9,2672786,63337714,30595335201,696403,520173.551,15073547967,9,WALWrite
1785008668022,636.6,54724.0,1823.4,5262.9,2675241,63398995,30651300409,696983,520678.58100000006,15082608319,16,WALWrite
1785008669020,651.0,54824.2,1832.1,5262.5,2677630,63462889,30710033223,697531,521181.5200000001,15092102847,11,ClientRead
1785008670021,650.6,54906.8,1819.5,5264.5,2680096,63524306,30766395963,698109,521741.79400000005,15100761791,32,WALWrite
1785008671021,661.6,54962.3,1815.2,5267.7,2682497,63586058,30807722907,698694,522278.671,15109797567,6,ClientRead
1785008672023,654.1,55031.5,1777.6,5263.1,2684893,63632695,30842020263,699325,522844.374,15118833343,2,WalWrite
1785008673026,636.8,54663.1,1741.6,5265.2,2686987,63695887,30904640126,699856,523322.51100000006,15127082687,8,WALWrite
1785008674021,728.2,54863.1,1797.5,5263.6,2689252,63762601,30966493828,700383,523849.734,15136683711,10,WALWrite
1785008675022,653.3,54840.7,1779.4,5262.9,2691398,63818289,31011149961,700924,524387.555,15145457343,10,ClientRead
1785008676024,579.0,54887.3,1708.1,5264.2,2693474,63866770,31040859270,701481,525008.9169999999,15154108095,13,WALWrite
1785008677022,641.6,54958.5,1867.5,5264.2,2695496,63907546,31065973940,702073,525500.19,15163553471,16,WALWrite
1785008678023,691.6,54582.1,1848.7,5263.6,2697891,63969437,31125088007,702611,526065.2789999999,15172810431,30,WALWrite
1785008679020,714.2,54666.9,1805.1,5264.4,2700381,64035677,31179331051,703128,526605.4369999999,15181371071,15,WALWrite
1785008680020,697.2,54755.4,1820.4,5265.4,2703006,64098142,31230899825,703616,527108.3189999999,15190537919,43,WALWrite
1785008681023,714.0,54840.1,1837.8,5264.0,2705774,64166033,31278094776,704139,527589.063,15199491775,8,WALWrite
1785008682022,687.7,54892.3,1836.7,5265.6,2708503,64214407,31304201809,704727,528096.921,15208699583,8,ClientRead
1785008683024,735.1,55005.5,1818.1,5266.9,2710959,64275788,31359852752,705251,528567.77,15217407679,31,WALWrite
1785008684024,838.9,54710.0,1736.8,5265.7,2713451,64341247,31411081600,705691,529060.25,15225992895,22,WALWrite
1785008685022,739.8,54696.4,1857.8,5265.1,2715859,64409579,31461764349,706155,529550.967,15235004095,18,ClientRead
1785008686022,672.6,54782.3,1821.7,5265.4,2718854,64475333,31508621775,706730,530052.264,15243990719,24,ClientRead
1785008687021,642.0,54849.1,1920.7,5265.8,2721877,64533395,31539755014,707385,530597.2449999999,15252420287,8,ClientRead
1785008688020,625.0,54949.8,1897.3,5265.2,2724860,64601740,31594622768,708001,531125.208,15261087423,19,WALWrite
1785008689021,637.1,54557.5,1817.2,5264.5,2727721,64676190,31657171583,708551,531587.436,15269279423,12,WALWrite
1785008690023,667.9,54636.8,1849.1,5269.2,2730597,64745220,31712813968,709131,532093.635,15278134975,10,WALWrite
1785008691024,664.9,54707.1,1864.4,5265.7,2733455,64810689,31753867195,709722,532575.874,15285868223,20,WALWrite
1785008692021,646.5,54782.2,1868.3,5267.8,2736178,64857150,31777199506,710324,533076.8679999999,15294682815,59,WALWrite
1785008693020,651.1,54885.0,1800.1,5267.7,2738875,64929431,31842147338,710961,533649.3339999999,15303210687,25,WALWrite
1785008694022,769.0,54624.2,1814.7,5264.1,2741157,64994285,31893524187,711428,534132.852,15312074431,14,WALWrite
1785008695021,762.9,54615.1,1786.7,5265.9,2743554,65279028,31959032907,711926,534676.9149999999,15321437887,12,WALWrite
1785008696021,724.1,54657.5,1822.2,5268.3,2746017,65335766,31999216905,712418,535186.504,15329670847,33,WALWrite
1785008697020,685.8,54727.3,1831.0,5265.7,2748672,65394256,32033008404,713022,535699.0279999999,15338428095,15,ClientRead
1785008698023,643.9,54831.6,1818.6,5267.2,2751361,65463469,32094129180,713604,536220.2019999999,15347881663,7,WALWrite
1785008699022,697.3,54918.2,1839.0,5268.3,2753783,65529729,32147204344,714125,536716.69,15356696255,3,ClientRead
1785008700021,699.2,55001.5,1773.8,5271.4,2756272,65593772,32199388136,714674,537239.3669999999,15365600959,16,ClientRead
1785008701022,727.0,55072.5,1847.0,5206.6,2758766,65650756,32238884832,715226,537745.839,15374431935,9,WALWrite
1785008702022,676.6,54667.8,1755.1,5208.1,2761249,65705117,32270171661,715796,538263.4110000001,15383574207,9,ClientRead
1785008703021,659.7,54780.2,1768.2,5210.0,2763553,65755576,32312053164,716325,538768.451,15392331455,12,ClientRead
1785008704026,737.1,54871.6,1733.6,5209.0,2765946,65822519,32371643048,716896,539343.2529999999,15401440959,23,WALWrite
1785008705020,710.6,54983.5,1777.2,5205.6,2768035,66240575,32446788797,717434,539844.3389999999,15410624191,9,ClientRead
1785008706022,695.0,55029.7,1805.0,5206.8,2770342,66296945,32493210446,717998,540406.6079999999,15410730687,17,ClientRead
1785008707021,621.7,55081.7,1737.3,5207.5,2772621,66350629,32529469079,718526,540969.445,15410837183,32,WALWrite
1785008708021,624.4,54676.6,1847.7,5206.5,2774762,66411309,32585933229,719031,541581.512,15410943679,14,WALWrite
1785008709020,672.6,54765.2,1782.4,5205.4,2777110,66479793,32648340518,719595,542122.2889999999,15411041983,10,ClientRead
1785008710021,643.5,54827.2,1878.6,5207.7,2779732,66542318,32698638095,720147,542597.8109999999,15411156671,17,WALWrite
1785008711020,678.7,54878.7,1825.1,5207.9,2782446,66592223,32728016593,720718,543102.9879999999,15411263167,12,ClientRead
1785008712023,706.2,54930.7,1837.1,5208.4,2785189,66649652,32763092957,721275,543610.0959999999,15411427007,23,WALWrite
1785008713026,602.0,55003.1,1824.0,5207.1,2788260,66721929,32822297129,721841,544138.4119999999,15411525311,26,ClientRead
1785008714020,642.5,54717.0,1823.9,5204.6,2791252,66793860,32880093693,722434,544672.264,15411623615,11,relation
1785008715024,597.1,54721.6,1816.3,5145.2,2794013,67081741,32947993837,722971,545185.2420000001,15411713727,6,ClientRead
1785008716021,633.9,54740.3,1870.8,5145.0,2796836,67128241,32972521892,723486,545668.9609999999,15411812031,9,ClientRead
1785008717021,556.3,54792.9,1889.8,5149.6,2800037,67195438,33010828231,724239,546222.4319999999,15411902143,11,ClientRead
1785008718022,568.3,54874.3,1792.9,5144.5,2802850,67255953,33057099247,724829,546759.0220000001,15411992255,3,ClientRead
1785008719021,565.9,54957.4,1871.5,5143.5,2805766,67333524,33122320953,725451,547287.2220000001,15412082367,4,WALWrite
1785008720022,562.0,55027.3,1812.9,5147.1,2808793,67406998,33190412629,726076,547804.509,15412172479,8,ClientRead
1785008721023,565.0,55059.8,1917.5,5151.5,2811933,67472045,33223400753,726773,548323.755,15412254399,9,WALWrite
1785008722022,547.3,55109.4,1909.8,5147.4,2815013,67521630,33247318158,727528,548873.402,15412344511,3,ClientRead
1785008723021,570.8,54887.5,1850.5,5148.3,2818042,67585644,33295489226,728140,549361.411,15412451007,7,WALWrite
1785008724020,658.9,54916.8,1865.8,5146.6,2820839,67657648,33356971476,728706,549875.548,15412549311,8,WALWrite
1785008725023,597.9,54877.6,1848.5,5146.5,2823623,67724004,33418893598,729305,550411.3259999999,15412647615,9,WALWrite
1785008726022,563.3,54931.8,1881.6,5148.1,2826564,67792014,33461980539,729975,550954.6809999999,15412737727,10,ClientRead
1785008727020,554.3,54966.2,1911.1,5147.7,2829410,67839669,33484852540,730642,551505.5439999999,15412836031,21,ClientRead
1785008728022,530.0,55053.1,1836.5,5147.3,2832289,67907725,33540951339,731278,552058.8009999999,15412926143,12,WALWrite
1785008729021,562.0,55135.8,1958.1,5148.0,2835209,67981271,33601302107,731863,552564.678,15413024447,20,WALWrite
1785008730021,583.4,55202.2,1846.0,5148.0,2838177,68048677,33666032520,732454,553040.7269999998,15413114559,5,ClientRead
1785008731022,583.2,55252.9,1881.9,5148.4,2841274,68115617,33699310041,733169,553580.875,15413204671,7,ClientRead
1785008732021,529.4,55305.1,1854.3,5146.7,2844372,68165796,33723544941,733872,554154.983,15413286591,20,WALWrite
1785008733022,535.9,55401.4,1820.0,5146.4,2847224,68248484,33802608994,734536,554704.075,15413384895,21,WALWrite
1785008734022,585.4,55300.0,1783.7,5147.6,2849902,68313500,33869055257,735142,555223.487,15413499583,15,WALWrite
1785008735022,579.1,55305.6,1817.9,5148.2,2852241,68460523,33902341183,735711,555667.22,15413597887,9,WALWrite
1785008736021,509.7,55357.5,1887.8,5147.7,2855078,68526514,33944607068,736397,556217.493,15413696191,33,ClientRead
1785008737021,521.3,55407.9,1897.4,5150.3,2858536,68583524,33972477658,737145,556758.5419999999,15413786303,15,ClientRead
1785008738023,528.3,55278.1,1813.9,5148.3,2861778,68650377,34023239695,737748,557220.6399999999,15413827263,2,ClientRead
1785008739022,522.9,55360.6,1780.0,5151.2,2864682,68727370,34085524920,738360,557737.8329999999,15413933759,19,WALWrite
1785008740023,552.5,55416.6,1833.8,5112.1,2867453,68793047,34149548234,738926,558222.0849999998,15414023871,17,WALWrite
1785008741023,513.8,55266.5,1836.5,5111.2,2870293,68853721,34181247863,739657,558782.3599999999,15414130367,14,ClientRead
1785008742024,527.9,55316.9,1812.0,5116.0,2873274,68903386,34206601902,740452,559366.6039999999,15414228671,43,WALWrite
1785008743021,575.7,55409.6,1788.2,5115.2,2875852,68968703,34262236744,741062,559898.6219999999,15414326975,21,WALWrite
1785008744022,653.2,55369.1,1797.2,5111.8,2878583,69044499,34322613005,741666,560414.9369999999,15414425279,9,WALWrite
1785008745021,705.9,55161.1,1817.8,5114.6,2881431,69321218,34397587755,742154,560903.9479999999,15414523583,14,WALWrite
1785008746021,663.2,55225.1,1872.0,5116.1,2884314,69378953,34433057324,742665,561387.859,15414630079,12,ClientRead
1785008747023,575.5,55299.2,1844.2,5118.7,2887287,69436089,34461248313,743337,561916.156,15414736575,8,ClientRead
1785008748021,575.2,55200.7,1837.4,5114.7,2890017,69502697,34514318742,743941,562432.411,15414826687,10,WALWrite
1785008749022,584.4,55275.3,1841.1,5115.7,2892856,69576951,34572670023,744534,562950.413,15414924991,16,WALWrite
1785008750020,570.6,55368.7,1755.1,5119.1,2895551,69646136,34635301775,745154,563486.195,15415023295,3,WALWrite
1785008751021,548.4,55212.5,1791.8,5114.4,2898275,69711079,34673914336,745840,563998.774,15415121599,27,WALWrite
1785008752024,563.1,55270.9,1864.5,5114.6,2901170,69762273,34700142448,746515,564527.176,15415228095,17,ClientRead
1785008753022,598.3,55366.6,1801.2,5114.9,2903991,69824583,34745434048,747091,565072.398,15415318207,16,ClientRead
1785008754021,581.2,55273.3,1821.9,5115.9,2906588,69897604,34806247461,747653,565566.5160000001,15415416511,38,WALWrite
1785008755023,606.3,55346.3,1863.0,5115.0,2909436,69971602,34869801921,748250,566037.2160000001,15415514815,14,ClientRead
1785008756023,629.5,55403.9,1861.3,5114.2,2912288,70036602,34910635786,748844,566481.539,15415596735,6,ClientRead
1785008757021,577.2,55261.6,1870.1,5113.7,2915394,70091555,34936314037,749499,566975.9260000001,15416145599,13,ClientRead
1785008758026,598.7,55366.6,1808.4,5118.0,2918169,70159693,34993301669,750050,567466.545,15424181951,9,WALWrite
1785008759021,654.7,55336.2,1814.1,5117.0,2920886,70234441,35050957482,750564,567939.8269999999,15433094847,28,ClientRead
1785008760021,608.7,55328.1,1837.6,5115.5,2923533,70308989,35113206241,751068,568449.4959999999,15441737407,25,WALWrite
1785008761022,588.8,55403.0,1854.9,5117.5,2926396,70376950,35151543304,751693,568968.792,15449437887,6,ClientRead
1785008762020,588.9,55270.3,1823.6,5113.6,2929285,70427457,35176189916,752330,569515.636,15457195711,14,WALWrite
1785008763021,615.2,55386.2,1778.5,5115.0,2932295,70497989,35231291564,752920,570059.613,15465445055,8,ClientRead
1785008764022,615.3,55267.2,1800.7,5114.0,2935041,70571754,35288827284,753469,570582.127,15473686207,21,ClientRead
1785008765021,555.0,55370.2,1815.8,5119.2,2937797,70642402,35353860891,754111,571093.7760000001,15482410687,14,WALWrite
1785008766021,598.0,55225.2,1849.1,5114.7,2940814,70710183,35389352326,754767,571611.2609999999,15490365119,12,ClientRead
1785008767024,591.9,55307.4,1889.1,5114.4,2943920,70763916,35418164277,755442,572143.3559999999,15498663615,4,WALWrite
1785008768024,596.3,55404.1,1799.1,5114.4,2946836,70841126,35484266393,756035,572668.677,15506511551,16,ClientRead
1785008769022,597.8,55307.5,1809.9,5116.0,2949732,70916643,35553381950,756626,573128.3759999999,15514343103,9,WALWrite
1785008770022,572.6,55400.2,1892.7,5116.1,2952909,70986364,35600306178,757281,573643.95,15522870975,13,WALWrite
1785008771020,605.7,55269.9,1832.1,5116.4,2956123,71043219,35627273076,757922,574150.809,15530006207,21,WALWrite
1785008772024,611.0,55327.9,1847.2,5115.8,2959465,71100682,35664727773,758582,574671.9149999999,15538476735,23,WALInsert
1785008773021,603.0,55243.2,1833.0,5113.9,2962275,71149451,35689544278,759095,575108.733,15546807999,5,ClientRead
1785008774021,687.4,55236.6,1768.4,5115.7,2965185,71224123,35753777565,759665,575593.9079999999,15555237567,13,ClientRead
1785008775021,637.6,55270.5,1760.9,5117.0,2968007,71504233,35831317575,760263,576081.5100000001,15564433087,11,WALWrite
1785008776024,611.8,55318.3,1821.0,5116.7,2970977,71568662,35877263922,760876,576644.567,15572825791,0,
1785008777023,538.6,55382.4,1852.3,5116.8,2973724,71621485,35904551038,761642,577164.668,15581148863,17,ClientRead
1785008778021,567.4,55275.5,1830.0,5114.9,2976592,71678821,35943761308,762256,577669.788,15589209791,7,ClientRead
1785008779021,592.6,55379.3,1799.7,5117.7,2979581,71756074,36008340519,762905,578178.21,15598024383,20,WALWrite
1785008780022,588.4,55264.8,1815.7,5115.5,2982424,71823318,36068367449,763527,578658.015,15606224575,12,ClientRead
1785008781022,578.4,55340.2,1851.0,5116.2,2985529,71894644,36115988134,764236,579193.045,15614400191,7,ClientRead
1785008782020,600.3,55404.8,1872.2,5120.5,2988734,71953049,36145801631,764908,579715.677,15621813951,9,ClientRead
1785008783020,563.5,55301.8,1813.4,5115.1,2991822,72030000,36210834963,765573,580249.657,15630218943,17,WALWrite
1785008784025,679.3,55408.8,1742.8,5116.1,2994476,72104675,36274068613,766076,580701.4569999999,15638517439,6,ClientRead
1785008785021,650.7,55241.7,1826.7,5117.0,2997145,72325401,36339876710,766671,581237.744,15647086271,12,ClientRead
1785008786020,569.7,55293.8,1820.7,5114.9,2999860,72382761,36368789488,767322,581747.661,15655376575,7,WALWrite
1785008787023,598.4,55349.9,1829.0,5116.4,3002951,72434710,36393929838,768026,582300.5769999999,15661627071,2,WalSync
1785008788020,573.8,55228.9,1831.7,5117.6,3005944,72502859,36447941028,768645,582830.041,15669982911,20,WALWrite
1785008789023,571.0,55309.3,1786.6,5117.1,3008738,72576587,36509699239,769208,583352.103,15677494975,9,WALWrite
1785008790023,562.7,55387.2,1790.2,5116.3,3011514,72643743,36569364226,769769,583818.493,15685596863,15,ClientRead
1785008791022,569.4,55225.7,1853.7,5115.5,3014492,72710403,36605739666,770469,584388.695,15693919935,14,WALWrite
1785008792020,612.1,55273.6,1810.4,5116.1,3017789,72764391,36631835023,771186,584929.915,15701759679,10,WALWrite
1785008793022,604.0,55346.0,1799.4,5120.6,3020947,72840583,36672610146,771817,585461.6449999999,15709263551,14,ClientRead
1785008794021,605.8,55344.7,1756.5,5117.5,3023789,72917436,36711173494,772374,585908.7779999999,15717258943,13,WALWrite
1785008795022,550.1,55299.5,1818.9,5116.8,3026673,72986139,36768983771,772923,586441.789,15725450943,22,ClientRead
1785008796022,597.1,55334.8,1878.2,5118.1,3029672,73049580,36802312635,773483,586916.4519999999,15733413567,8,ClientRead
1785008797022,577.6,55385.2,1809.0,5118.2,3032809,73101970,36827792637,774162,587413.959,15740647103,3,ClientRead
1785008798021,619.8,55220.3,1842.2,5117.3,3036074,73188704,36855994933,774809,587885.3039999999,15748699839,6,ClientRead
1785008799023,683.1,55353.5,1753.3,5117.6,3039180,73259962,36895782089,775394,588368.265,15756506815,8,ClientRead
1785008800030,595.6,55360.7,1778.9,5118.6,3042096,73331233,36945811980,776034,588888.9959999999,15765542591,17,ClientRead
1785008801022,574.9,55427.3,1833.2,5116.1,3045024,73389508,36976252774,776677,589393.6779999998,15773357759,17,WALWrite
1785008802022,598.3,55275.4,1809.0,5116.4,3048294,73443453,37002203660,777332,589913.6929999999,15780984511,9,WALWrite
1785008803022,618.6,55353.1,1798.9,5117.5,3051403,73504289,37027469778,777920,590421.8509999999,15788332735,16,WALWrite
1785008804021,629.1,55253.3,1723.8,5116.1,3054368,73789187,37069412395,778514,590912.669,15796557503,9,ClientRead
1785008805021,583.4,55313.0,1784.4,5117.3,3057083,73850127,37129564574,779112,591470.9670000001,15805798079,5,ClientRead
1785008806021,570.7,55383.9,1786.0,5115.7,3060217,73913811,37162794427,779838,592028.494,15814473407,6,WALWrite
1785008807021,541.1,55235.3,1816.3,5120.9,3063092,73964120,37188212905,780574,592599.979,15822460607,35,WALWrite
1785008808024,581.7,55304.5,1852.5,5121.8,3066137,74024766,37214101819,781274,593130.382,15830644415,15,WALWrite
1785008809020,582.3,55388.5,1800.0,5115.3,3069124,74111703,37241213260,781865,593627.6349999999,15838721727,22,WALWrite
1785008810021,612.2,55260.3,1839.0,5118.0,3072057,74179113,37301042812,782466,594127.191,15846651583,12,WALWrite
1785008811023,606.8,55328.0,1850.7,5122.7,3075281,74244629,37332609292,783129,594670.774,15854384831,4,ClientRead
1785008812022,604.1,55375.5,1774.1,5118.9,3078283,74297953,37358042703,783875,595208.541,15861495487,5,ClientRead
1785008813024,578.5,55260.8,1814.3,5117.5,3081392,74377497,37384106325,784583,595758.4670000001,15869187775,15,WALWrite
1785008814021,643.5,55211.9,1808.3,5118.3,3084232,74450376,37434467566,785226,596283.9739999999,15877985983,16,WALWrite
1785008815021,682.9,55220.7,1802.6,5120.5,3087089,74515460,37477806741,785822,596808.411,15886096063,12,ClientRead
1785008816022,677.2,55268.5,1793.1,5118.3,3089913,74569832,37503243337,786451,597307.711,15894091455,10,WALWrite
1785008817025,675.7,55338.8,1797.8,5118.8,3092918,74625782,37529100069,787126,597819.299,15902365375,2,ClientRead
1785008818022,677.7,55389.1,1782.6,5118.6,3095774,74703534,37553725704,787742,598364.823,15910737599,8,ClientRead
1785008819024,646.4,55295.3,1762.0,5118.6,3098530,74769116,37612807824,788350,598899.3420000001,15919191743,20,WALWrite
1785008820020,650.5,55364.3,1781.2,5116.7,3101006,74814458,37637272813,788863,599378.515,15927662271,11,ClientRead
1785008821021,653.4,55414.2,1782.3,5118.7,3103747,74879261,37672517125,789523,599955.692,15936632511,22,ClientRead
1785008822021,682.4,55284.8,1770.7,5118.7,3106445,74924708,37695545075,790138,600482.305,15945103039,8,ClientRead
1785008823021,727.8,55346.6,1793.8,5117.0,3109288,74993347,37722437620,790749,600999.292,15953852095,15,WALWrite
1785008824022,794.7,55302.8,1780.4,5123.6,3111854,75060735,37750937976,791288,601492.054,15962404543,14,WALWrite
1785008825021,731.3,55310.3,1810.7,5116.6,3114390,75120844,37807528477,791763,602042.362,15971579583,13,ClientRead
1785008826024,694.4,55367.0,1836.9,5119.9,3116960,75180533,37840148316,792311,602569.064,15980115647,19,WALWrite
1785008827021,704.8,55238.1,1857.3,5119.8,3119659,75229218,37865969766,792920,603114.602,15989634751,12,WALWrite
1785008828022,718.0,55292.9,1793.1,5117.9,3122169,75283391,37889324850,793468,603583.636,15997802175,18,WALWrite
1785008829021,679.2,55378.8,1812.0,5121.1,3124978,75360788,37916691657,794090,604115.632,16006960831,5,DataFileExtend
1785008830022,737.5,55268.6,1735.7,5119.2,3127486,75419005,37975204712,794584,604638.926,16015324863,10,WALWrite
1785008831020,723.6,55339.2,1842.4,5119.2,3130106,75479814,38009600999,795121,605120.364,16024352447,15,WALWrite
1785008832025,688.5,55398.8,1802.4,5119.2,3132768,75524610,38033662803,795676,605588.727,16033142463,29,WALWrite
1785008833022,745.1,55254.4,1810.2,5117.8,3135232,75572022,38057937715,796209,606116.706,16042325695,11,ClientRead
1785008834021,762.3,55340.8,1804.3,5118.8,3137710,75634496,38083203818,796686,606602.113,16051590847,49,WALWrite
1785008835021,744.9,55233.7,1781.5,5118.0,3140327,75702212,38118205762,797150,606999.3979999999,16060389055,21,WALWrite
1785008836021,1095.6,55304.6,1534.7,5123.6,3142910,75755677,38167762503,797587,607445.114,16068826815,15,WALWrite
1785008837020,702.8,55382.6,1885.9,5123.2,3145377,75809909,38200549065,798112,607950.519,16078124735,21,ClientRead
1785008838022,723.4,55312.3,1803.8,5122.0,3148127,75879056,38227805440,798658,608413.79,16087611071,25,ClientRead
1785008839021,798.4,55310.8,1808.7,5120.6,3150720,75939986,38252678955,799185,608886.833,16096163519,40,WALWrite
1785008840023,790.4,55233.8,1741.6,5119.2,3153235,75995515,38305048681,799631,609422.281,16105043647,22,ClientRead
1785008841020,794.8,55269.3,1805.9,5120.5,3155555,76219014,38354680432,800116,609911.465,16114497215,12,WALWrite
1785008842022,776.4,55341.7,1801.8,5117.8,3157908,76265381,38380402413,800592,610314.3549999999,16124008127,18,ClientRead
1785008843022,770.4,55217.5,1790.6,5119.3,3160471,76335141,38408025353,801170,610851.352,16133428927,4,
1785008844020,837.0,55281.5,1768.7,5121.1,3162862,76398357,38433637591,801664,611346.041,16143537855,10,ClientRead
1785008845023,772.5,55373.0,1795.4,5120.4,3165015,76451815,38477795236,802062,611783.318,16152614591,19,ClientRead
1785008846024,787.0,55249.8,1758.5,5119.5,3167220,76507043,38518559494,802525,612268.2,16162453183,4,ClientRead
1785008847022,749.8,55324.7,1793.0,5117.6,3169516,76562229,38549190026,803063,612764.5929999999,16171972287,22,WALWrite
1785008848021,787.4,55388.4,1763.2,5121.2,3171679,76609244,38573075145,803567,613203.6229999999,16181483199,8,WALWrite
1785008849020,582.9,55257.1,1908.2,5119.8,3174339,76685216,38601006836,804188,613769.1959999999,16190576319,19,WALWrite
1785008850023,577.4,55361.2,1834.8,5117.1,3177351,76765869,38638183538,804827,614273.7999999999,16199153343,9,ClientRead
1785008851023,585.3,55431.7,1830.3,5118.7,3180488,76834460,38692303911,805471,614817.639,16207378111,9,WALWrite
1785008852020,600.2,55286.7,1871.1,5120.7,3183805,76899116,38722465996,806188,615323.7799999998,16215807679,3,WALWrite
1785008853023,598.8,55365.1,1814.0,5119.9,3186823,76974488,38746840983,806808,615821.8979999999,16223778495,10,WALWrite
1785008854024,681.3,55284.2,1813.5,5119.4,3189765,77041328,38796154543,807413,616351.8709999999,16233043647,14,WALWrite
1785008855021,654.9,55376.4,1872.3,5121.3,3192679,77388769,38856079169,807959,616823.5619999998,16245159615,19,WALWrite
1785008856025,544.7,55211.7,1750.6,5119.6,3195324,77434002,38879415797,808477,617364.4389999999,16252892863,14,ClientRead
1785008857024,559.1,55281.4,1922.5,5118.4,3198200,77491442,38909190966,809131,617851.563,16261551807,10,ClientRead
1785008858023,617.5,55333.1,1857.1,5118.8,3201377,77549940,38933248535,809809,618371.2819999999,16269235903,40,WALWrite
1785008859021,579.6,55421.6,1817.8,5117.3,3204587,77633842,38960500935,810483,618882.8049999999,16277780159,21,WALWrite
1785008860022,620.5,55304.5,1867.8,5120.4,3207801,77705606,39019799179,811097,619392.058,16286070463,22,WALWrite
1785008861022,597.7,55361.8,1858.6,5117.1,3211111,77771231,39054709904,811744,619924.6769999998,16293877439,17,ClientRead
1785008862021,577.2,55426.6,1859.9,5118.6,3214125,77817942,39077691012,812413,620384.1259999998,16301881023,12,ClientRead
1785008863021,610.8,55286.5,1856.6,5119.7,3217456,77906843,39106139526,813079,620943.2339999998,16310408895,9,ClientRead
1785008864021,699.6,55418.8,1784.6,5123.0,3220498,77974061,39154802602,813631,621440.0469999999,16318551743,18,WALWrite
1785008865022,685.0,55307.4,1855.5,5121.3,3223224,78020297,39178760847,814136,621918.9509999999,16327431871,16,ClientRead
1785008866020,709.6,55396.7,1811.2,5117.1,3226286,78677774,39263812278,814670,622432.0079999999,16336099007,69,WALWrite
1785008867021,621.5,55214.6,1877.8,5123.4,3229241,78733194,39292388783,815293,622956.1939999999,16336099007,20,WALWrite
1785008868020,581.8,55244.9,1881.5,5116.6,3232481,78795708,39318311226,815998,623480.016,16336099007,11,ClientRead
1785008869022,608.7,55313.1,1835.5,5117.4,3235637,78877947,39344956447,816602,623936.628,16336099007,31,WALWrite
1785008870025,576.2,55383.1,1862.1,5120.1,3238846,78948003,39395126230,817241,624462.674,16336099007,23,ClientRead
1785008871021,606.2,55219.5,1836.2,5116.9,3242031,79011501,39435236002,817953,625017.501,16336099007,7,ClientRead
1785008872024,599.8,55275.0,1882.4,5120.0,3245379,79065205,39462085498,818649,625537.461,16336099007,11,WALWrite
1785008873023,596.5,55309.1,1901.0,5118.3,3248770,79154413,39490423016,819341,626075.433,16336099007,23,WALWrite
1785008874020,681.0,55233.5,1769.5,5120.7,3251618,79220626,39524983196,819862,626533.9349999999,16336099007,15,WALWrite
1785008875024,696.7,55274.3,1852.1,5117.9,3254374,79440583,39583303053,820436,627122.9049999999,16336099007,12,WALWrite
1785008876021,655.0,55295.7,1898.5,5120.4,3256899,79490948,39613073048,820977,627595.3139999999,16336099007,10,WALWrite
1785008877023,691.6,55346.1,1812.9,5121.3,3259844,79543655,39639139933,821614,628084.3459999999,16336099007,24,ClientRead
1785008878022,684.2,55381.7,1881.0,5121.5,3262900,79607089,39664602789,822262,628663.2259999999,16336099007,13,WALWrite
1785008879022,681.8,55231.5,1826.3,5119.3,3265926,79680716,39689674665,822854,629177.6199999999,16336099007,10,WALWrite
1785008880021,666.4,55299.2,1872.1,5120.6,3268835,79748210,39736424699,823418,629679.254,16336099007,9,WALWrite
1785008881024,691.5,55353.1,1824.6,5123.4,3271757,79811762,39782580112,823942,630188.4979999999,16336099007,15,WALWrite
1785008882021,706.4,55402.2,1819.6,5120.3,3274477,79861703,39809926054,824473,630674.332,16336099007,14,WALWrite
1785008883021,676.1,55236.3,1756.2,5119.2,3277208,79920430,39836377355,825081,631176.325,16336099007,5,WalSync
1785008884023,726.8,55300.0,1743.6,5117.8,3279765,79991098,39861220631,825684,631691.206,16336099007,4,ClientRead
1785008885021,641.1,55368.7,1802.1,5120.3,3282335,80054349,39912265499,826305,632190.4720000001,16336099007,29,WALWrite
1785008886023,642.5,55404.4,1785.6,5119.3,3284891,80115702,39954407064,826873,632775.8809999999,16336099007,5,WalSync
1785008887021,645.7,55256.1,1787.8,5120.8,3287315,80158962,39979308351,827511,633292.6140000001,16336099007,17,ClientRead
1785008888024,651.0,55295.0,1795.1,5117.7,3289843,80226432,40004702082,828170,633883.8700000001,16336099007,20,ClientRead
1785008889021,691.3,55354.0,1748.8,5121.1,3292514,80293326,40039210696,828741,634438.4260000001,16336099007,14,WALWrite
1785008890021,673.3,55421.5,1801.2,5121.6,3294950,80352542,40088709960,829286,634960.589,16336099007,15,WALWrite
1785008891022,681.1,55273.4,1865.2,5118.4,3297421,80402736,40119316976,829830,635470.659,16336099007,12,ClientRead
1785008892026,713.2,55307.6,1816.3,5117.7,3300136,80450568,40145556881,830414,635986.022,16336099007,28,WALWrite
1785008893021,712.1,55363.2,1819.2,5122.2,3303059,80525196,40173055877,830991,636474.77,16336099007,23,WALWrite
1785008894022,781.6,55230.9,1757.4,5120.7,3305612,80594597,40206710197,831540,636956.08,16336099007,13,WALWrite
1785008895021,726.9,55258.8,1751.1,5121.9,3307995,80650767,40253765033,832097,637466.877,16336099007,15,ClientRead
1785008896021,922.8,55308.5,1598.6,5118.9,3310396,80702817,40288395725,832584,637969.6529999999,16336099007,23,ClientRead
1785008897024,599.6,55365.4,1829.0,5118.2,3312573,80744437,40313896564,833151,638504.253,16336099007,5,WALWrite
1785008898020,623.2,55410.9,1806.6,5117.7,3314944,80816339,40338515302,833775,638987.544,16336099007,9,WALWrite
1785008899020,642.1,55260.2,1812.0,5119.5,3317232,80882471,40376463694,834376,639536.292,16336099007,33,WALWrite
1785008900021,684.1,55328.3,1755.7,5116.2,3319449,80938575,40422911083,834889,640115.3420000001,16336099007,18,WALWrite
1785008901021,707.6,55380.3,1849.7,5116.7,3321900,80990163,40454703441,835429,640585.605,16336099007,21,ClientRead
1785008902022,745.9,55413.3,1799.7,5119.2,3324556,81039990,40481924349,836042,641130.814,16336099007,3,ClientRead
1785008903023,700.9,55269.6,1773.6,5118.2,3327137,81112341,40507914147,836600,641667.14,16336099007,9,ClientRead
1785008904022,789.5,55310.9,1698.2,5119.4,3329400,81178293,40536744408,837141,642161.2980000001,16336099007,6,WALWrite
1785008905023,630.4,55370.4,1779.9,5117.4,3331660,81232035,40585154394,837698,642650.914,16336099007,12,ClientRead
1785008906020,642.4,55435.3,1825.7,5118.9,3333776,81282040,40621334613,838313,643206.064,16336099007,14,ClientRead
1785008907023,510.9,55277.9,1890.7,5122.5,3336363,81336112,40648852991,839014,643780.96,16336099007,8,ClientRead
1785008908021,507.7,55330.5,1885.6,5117.1,3339727,81431840,40677041182,839749,644261.812,16336099007,6,VacuumTruncate
1785008909021,488.5,55396.7,1886.3,5119.2,3343454,81517136,40731472564,840423,644753.939,16334436031,5,ClientRead
1785008910021,538.9,55253.7,1827.5,5117.2,3346664,81581853,40770176134,841058,645198.575,16334436031,18,WALWrite
1785008911022,486.5,55296.9,1849.7,5119.5,3349888,81634573,40795220929,841801,645721.3260000001,16334436031,13,ClientRead
1785008912021,553.4,55336.0,1850.6,5115.7,3353247,81688558,40820559069,842562,646233.019,16334436031,8,ClientRead
1785008913021,559.0,55388.9,1832.9,5120.1,3356525,81751493,40845888526,843262,646720.067,16334436031,21,WALWrite
1785008914021,620.5,55325.3,1831.6,5119.3,3359998,81842850,40873891676,843887,647253.229,16334436031,22,WALWrite
1785008915022,629.9,55172.1,1794.8,5120.1,3363308,82213665,40946121851,844447,647714.5700000001,16335738559,15,WALWrite
1785008916020,521.1,55178.7,1935.7,5120.5,3366212,82271496,40983106598,845040,648191.3030000001,16335738559,8,ClientRead
1785008917022,527.2,55229.8,1908.7,5119.8,3369866,82327434,41009115751,845749,648680.7270000001,16335738559,13,ClientRead
1785008918025,583.3,55280.3,1862.4,5117.6,3373373,82399626,41036116271,846465,649186.0690000001,16335738559,5,ClientRead
1785008919021,552.3,55328.8,1893.6,5118.3,3376937,82493086,41067290831,847129,649669.149,16335738559,20,ClientRead
1785008920021,510.8,55397.5,1816.5,5118.2,3380311,82564807,41123684991,847747,650166.525,16335746751,25,relation
1785008921020,558.2,55441.6,1819.2,5118.6,3383496,82621800,41155423755,848498,650713.79,16335271615,5,ClientRead
1785008922021,522.7,55278.2,1806.0,5120.4,3386572,82670313,41179497367,849181,651231.1669999999,16335271615,13,ClientRead
1785008923021,541.0,55326.2,1821.5,5119.1,3389512,82743178,41206236324,849873,651808.436,16335271615,10,ClientRead
1785008924021,617.2,55242.7,1762.4,5117.0,3392241,82819364,41241219645,850544,652364.724,16335271615,10,WALWrite
1785008925023,550.1,55242.5,1801.4,5116.5,3394861,82884698,41294508543,851147,652902.192,16335271615,15,ClientRead
1785008926024,582.0,55293.6,1785.9,5119.9,3397662,82932980,41321959658,851832,653440.265,16335271615,14,ClientRead
1785008927023,551.3,55327.1,1830.1,5116.7,3400605,82984150,41348893232,852603,654030.81,16335271615,3,ClientRead
1785008928021,556.8,55384.6,1768.6,5119.1,3403598,83070086,41374416665,853310,654516.325,16335271615,16,ClientRead
1785008929022,514.2,55434.2,1824.2,5118.8,3406460,83148360,41422892030,854028,655092.951,16335271615,18,ClientRead
1785008930023,554.0,55295.5,1773.9,5118.6,3408797,83189596,41444274274,854598,655508.0639999999,16335271615,25,WALWrite
1785008931020,513.4,55347.0,1779.2,5118.0,3411673,83254544,41490238999,855363,656098.653,16335271615,7,ClientRead
1785008932020,523.2,55380.8,1796.8,5120.1,3414387,83300298,41513805934,856119,656651.523,16335271615,29,WALWrite
1785008933021,560.7,55230.9,1764.3,5116.9,3417297,83373294,41540755211,856894,657197.9400000001,16335271615,20,WALWrite
1785008934021,601.3,55298.5,1791.2,5119.0,3420107,83453306,41579671564,857606,657779.964,16335271615,14,ClientRead
1785008935020,574.5,55355.4,1781.7,5117.4,3422921,83522706,41635031780,858241,658287.444,16335271615,8,ClientRead
1785008936024,600.6,55402.6,1797.0,5120.5,3425535,83569520,41661257800,858931,658811.288,16335271615,18,ClientRead
1785008937021,594.2,55239.5,1818.5,5119.7,3428215,83614454,41684489715,859631,659355.2,16335271615,9,WalSync
1785008938022,632.4,55287.4,1748.1,5121.6,3430784,83682958,41710471023,860335,659937.7760000001,16335271615,7,ClientRead
1785008939021,613.0,55338.9,1804.3,5123.8,3433492,83758959,41748577702,861025,660516.695,16335271615,14,ClientRead
1785008940021,644.1,55406.0,1776.1,5118.6,3436102,83820039,41799257748,861644,661008.508,16335271615,8,ClientRead
1785008941022,610.8,55261.4,1789.7,5120.6,3438724,83870329,41828060536,862312,661539.6020000001,16335271615,7,ClientRead
1785008942023,602.7,55289.9,1790.3,5120.0,3441131,83912828,41851134162,862951,662030.9280000001,16335271615,10,ClientRead
1785008943022,656.3,55342.6,1755.7,5119.6,3443816,83963529,41877181025,863680,662612.884,16335271615,6,WALWrite
1785008944023,733.9,55256.5,1775.1,5115.9,3446232,84035945,41900769396,864247,663122.378,16335271615,15,ClientRead
1785008945020,727.7,55306.1,1774.7,5119.4,3448579,84240595,41955897171,864777,663595.1830000001,16335271615,24,WALWrite
1785008946021,647.1,55310.4,1802.6,5120.0,3450950,84298603,42002142872,865392,664193.7130000001,16335271615,11,WALWrite
1785008947022,666.9,55363.5,1811.5,5117.4,3453613,84343150,42026644758,865996,664725.316,16335271615,12,ClientRead
1785008948021,695.9,55380.3,1798.7,5118.9,3456308,84403358,42054033987,866603,665251.804,16335271615,5,ClientRead
1785008949024,667.4,55435.9,1749.1,5118.4,3458772,84471487,42077882153,867216,665769.033,16335271615,10,ClientRead
1785008950021,655.5,55488.4,1787.9,5117.2,3461211,84527323,42124434135,867819,666274.6440000001,16335271615,6,ClientRead
1785008951023,636.8,55284.9,1799.9,5119.9,3463760,84581647,42166833757,868455,666812.6830000001,16335271615,14,WALWrite
1785008952020,670.5,55333.1,1782.7,5118.2,3466174,84626613,42193175700,869044,667362.8400000001,16336000703,16,ClientRead
1785008953025,671.5,55386.5,1747.7,5117.8,3468693,84681416,42216664428,869686,667903.988,16344782527,6,ClientRead
1785008954021,755.2,55292.2,1782.3,5119.2,3471111,84752626,42244658645,870239,668417.7459999999,16353793727,14,WALWrite
1785008955022,757.2,55190.3,1793.2,5118.4,3473328,85113799,42314688512,870701,668873.1309999999,16360470207,3,
1785008956021,955.6,54776.2,1572.5,5121.3,3475598,85161354,42354841444,871137,669375.0369999999,16360470207,9,ClientRead
1785008957021,604.9,54812.2,1919.5,5121.0,3477810,85201799,42381132815,871701,669896.6460000001,16360470207,19,ClientRead
1785008958025,703.8,54864.0,1814.8,5118.4,3480184,85253396,42407341354,872277,670457.832,16360470207,12,WALWrite
1785008959021,666.6,54921.7,1808.5,5119.6,3482633,85320978,42432099962,872833,671005.86,16360470207,13,WALWrite
1785008960020,701.4,54968.7,1794.4,5120.2,3485033,85381582,42471984149,873348,671457.967,16360470207,14,WALWrite
1785008961022,694.2,55023.0,1804.3,5119.6,3487384,85436375,42518491754,873933,672056.0279999999,16360470207,3,WALWrite
1785008962021,678.3,55073.3,1776.0,5122.8,3489685,85476697,42542706828,874453,672520.8709999999,16360470207,21,WALWrite
1785008963022,691.7,55107.3,1774.9,5117.5,3491981,85521884,42566383092,875066,673064.313,16360470207,7,transactionid
1785008964021,765.1,54841.4,1785.9,5121.6,3494262,85588409,42592379419,875602,673563.576,16360470207,7,ClientRead
1785008965022,712.2,54783.4,1856.8,5120.8,3496464,85646913,42627372922,876085,674114.644,16360470207,18,WALWrite
1785008966021,654.6,54852.3,1838.6,5119.2,3498818,85702231,42677215835,876685,674702.591,16360470207,11,WALWrite
1785008967020,673.2,54886.2,1792.7,5118.3,3501053,85749210,42712255268,877269,675223.402,16360494783,19,ClientRead
1785008968023,601.3,54946.4,1856.3,5121.9,3503690,85821887,42739250019,877933,675800.923,16360732351,20,ClientRead
1785008969021,495.1,54997.2,1845.3,5118.0,3506459,85898583,42776454266,878628,676318.46,16360732351,5,ClientRead
1785008970022,507.3,55067.8,1859.9,5123.3,3509440,85966486,42831802256,879299,676812.79,16360732351,2,VacuumTruncate
1785008971020,495.6,55124.6,1891.1,5117.5,3512832,86020182,42857097887,880009,677283.8799999999,16360732351,17,ClientRead
1785008972023,517.5,55155.9,1905.8,5116.9,3516279,86076701,42883972284,880752,677773.7939999999,16360732351,13,WALWrite
1785008973021,484.7,54764.9,1860.2,5118.7,3519804,86161089,42908341242,881501,678276.0329999999,16360732351,13,WALWrite
1785008974020,634.4,54864.2,1789.0,5118.3,3522980,86234173,42955857304,882163,678768.0140000001,16360732351,34,ClientRead
1785008975022,613.7,54916.5,1856.0,5117.7,3526018,86627679,43026213858,882739,679250.7239999998,16360732351,5,ClientRead
1785008976023,534.4,54951.3,1888.3,5120.3,3529400,86682498,43051984782,883443,679741.6649999999,16360732351,17,WALWrite
1785008977021,526.1,55002.6,1847.7,5117.7,3533079,86736464,43076409987,884230,680257.2289999998,16360732351,20,ClientRead
1785008978025,520.1,55052.8,1899.8,5119.5,3536588,86797894,43101730994,884949,680761.1939999999,16360732351,29,WALWrite
1785008979021,596.1,55117.2,1834.8,5116.4,3540280,86888193,43129329366,885598,681229.63,16360732351,17,ClientRead
1785008980022,553.0,55171.4,1879.8,5119.2,3543701,86961247,43185843601,886247,681733.9409999999,16360732351,17,WALWrite
1785008981022,515.5,54778.4,1817.9,5118.4,3547419,87023336,43223468628,887024,682210.9789999999,16360732351,9,ClientRead
1785008982020,553.2,54813.3,1892.3,5117.6,3551139,87079383,43249972506,887744,682756.612,16360732351,27,ClientRead
1785008983022,526.5,54864.9,1914.5,5117.7,3554671,87150240,43276425951,888396,683233.5379999998,16360732351,21,ClientRead
1785008984021,649.4,54996.6,1827.4,5119.9,3558165,87237018,43308790669,889045,683743.8669999999,16360732351,9,ClientRead
1785008985022,547.1,54997.2,1857.9,5120.5,3561519,87318089,43366315165,889667,684229.342,16360732351,27,ClientRead
1785008986020,527.6,55032.5,1939.6,5121.5,3564845,87377983,43398076411,890321,684689.986,16360732351,21,ClientRead
1785008987021,535.0,55081.8,1845.5,5119.2,3568368,87433227,43423490714,891043,685205.533,16360732351,10,WALWrite
1785008988020,534.9,55133.0,1925.4,5119.0,3572030,87500970,43448005952,891762,685705.753,16360732351,9,ClientRead
1785008989021,539.4,55193.4,1896.0,5119.3,3575707,87596949,43487329292,892450,686199.1519999999,16360732351,12,ClientRead
1785008990021,544.7,54807.7,1826.4,5120.2,3579196,87674505,43541073336,893131,686670.4619999999,16360732351,17,WALWrite
1785008991019,464.7,54865.8,1838.9,5118.3,3582533,87731792,43569935147,893876,687217.528,16360732351,5,WALWrite
1785008992022,474.7,54892.6,1831.4,5119.9,3585711,87780801,43594066933,894670,687701.571,16360732351,4,ClientRead
1785008993021,496.5,54943.9,1863.8,5118.5,3589107,87854734,43620698750,895434,688192.267,16360732351,23,WALWrite
1785008994020,584.1,55080.2,1843.6,5122.0,3592553,87945208,43659357411,896115,688746.3909999998,16360732351,14,ClientRead
1785008995019,615.7,55065.1,1826.4,5118.0,3595579,88017132,43712434850,896706,689224.6499999999,16360732351,12,WALWrite
1785008996024,581.7,55116.4,1804.8,5119.9,3598733,88072106,43741646612,897451,689739.7189999999,16360732351,15,ClientRead
1785008997021,609.6,55153.7,1871.8,5120.5,3601861,88121229,43765634534,898165,690245.2339999999,16360732351,20,ClientRead
1785008998020,609.0,55199.8,1876.5,5119.8,3605340,88180878,43793004890,898857,690745.9669999998,16360732351,7,ClientRead
1785008999021,622.2,54823.4,1835.0,5118.7,3608468,88263229,43818628512,899504,691215.696,16360732351,16,ClientRead
1785009000020,666.0,54872.7,1819.4,5119.2,3611664,88335892,43867413679,900140,691713.516,16360732351,11,WALWrite
1785009001023,626.3,54923.4,1896.2,5123.5,3614674,88401495,43911118880,900747,692208.3809999998,16360732351,13,ClientRead
1785009002021,649.2,54973.9,1872.6,5122.2,3617999,88455257,43937021246,901390,692731.2419999999,16360732351,19,ClientRead
1785009003022,663.2,55008.8,1839.7,5117.0,3621348,88530373,43961720188,902001,693220.4559999999,16360732351,11,ClientRead
1785009004021,701.6,55145.9,1875.3,5120.7,3624556,88607996,44000611844,902589,693714.4929999999,16360732351,29,WALWrite
1785009005021,738.0,55141.2,1841.4,5119.8,3627585,88821986,44060144079,903127,694226.2989999999,16360732351,14,ClientRead
1785009006025,682.6,55192.0,1846.4,5118.7,3630457,88882905,44093587831,903693,694733.269,16360732351,12,WALWrite
1785009007022,680.3,54781.9,1817.3,5120.8,3633487,88930965,44116896867,904310,695245.634,16360732351,22,ClientRead
1785009008024,651.0,54835.5,1834.6,5119.2,3636685,88996585,44144200304,904933,695745.0679999999,16360822463,15,ClientRead
1785009009021,696.8,54882.9,1863.6,5119.5,3639966,89075848,44172619350,905545,696241.4689999999,16360912575,18,WALWrite
1785009010022,658.0,54955.0,1847.1,5121.5,3643217,89147387,44225445399,906106,696707.7719999999,16361002687,21,ClientRead
1785009011023,677.4,55007.2,1831.0,5120.4,3646292,89206067,44258853512,906687,697172.7019999999,16361109183,22,ClientRead
1785009012021,693.8,55053.4,1844.6,5119.4,3649378,89257342,44285222138,907304,697645.3589999999,16361207487,30,ClientRead
1785009013021,712.5,55088.7,1817.1,5118.1,3652527,89332375,44311213410,907894,698098.306,16361305791,29,ClientRead
1785009014022,790.5,55205.3,1814.1,5120.1,3655649,89404847,44344818159,908433,698507.355,16361395903,25,ClientRead
1785009015024,728.3,54765.2,1789.3,5119.5,3658499,89471277,44394633344,908966,698976.323,16361494207,13,ClientRead
1785009016021,1058.7,54810.2,1561.6,5121.3,3661195,89526735,44427115478,909442,699454.4079999999,16361592511,16,WALWrite
1785009017025,666.3,54862.8,1892.7,5123.0,3663503,89570664,44452616917,909914,699913.417,16361699007,23,ClientRead
1785009018021,695.0,54899.1,1791.0,5118.1,3666189,89618863,44477257411,910474,700413.35,16361854655,3,ClientRead
1785009019021,701.2,54945.7,1733.4,5119.1,3668801,89695692,44503046797,911040,700936.618,16362133183,4,WalSync
1785009020022,718.2,55015.4,1722.1,5120.0,3671153,89762768,44546472793,911613,701472.127,16362378943,5,WalSync
1785009021021,699.5,55069.1,1768.7,5120.5,3673527,89823814,44591691347,912174,701975.2049999998,16362632895,9,WALWrite
1785009022022,654.2,55122.1,1747.4,5118.4,3675954,89877350,44621712731,912813,702546.906,16363394751,11,WALWrite
1785009023020,705.3,55154.6,1747.2,5119.1,3678090,89921827,44644886589,913348,703027.1460000001,16364033727,14,WALWrite
1785009024022,792.4,54826.2,1708.1,5122.2,3680354,89994659,44672699622,913856,703503.3620000001,16364738239,14,WALWrite
1785009025021,774.3,54868.1,1730.3,5119.5,3682318,90057248,44705207574,914361,704058.945,16365049535,19,WALWrite
1785009026024,714.1,54934.6,1728.4,5119.5,3684162,90374239,44775038218,914880,704595.1399999999,16365500095,8,WALWrite
1785009027022,672.8,54953.9,1805.1,5119.2,3685782,90433310,44808598270,915373,705113.9259999999,16365901503,13,ClientRead
1785009028023,558.7,55003.3,1820.7,5119.4,3688246,90504431,44834058967,916096,705680.104,16365901503,15,ClientRead
1785009029020,543.0,55054.6,1780.0,5121.7,3690972,90582692,44866394478,916777,706163.0920000001,16365901503,10,ClientRead
1785009030022,531.2,55122.2,1753.0,5120.6,3693772,90652288,44920506400,917464,706707.9400000001,16365901503,8,ClientRead
1785009031021,546.6,55173.6,1760.9,5119.4,3696675,90708728,44952828964,918178,707263.1900000001,16365901503,20,ClientRead
1785009032021,539.8,54769.0,1766.6,5118.4,3699697,90759104,44978522373,918907,707795.1359999999,16365901503,18,WALWrite
1785009033022,585.8,54817.4,1812.2,5118.7,3702869,90837168,45006139051,919603,708328.4929999999,16365901503,11,WALWrite
1785009034021,643.7,54904.4,1803.4,5120.9,3705663,90913613,45038999050,920205,708856.57,16365901503,15,WALWrite
1785009035022,618.3,54952.2,1829.5,5119.2,3708341,91272192,45108138390,920755,709368.07,16365901503,9,ClientRead
1785009036024,563.6,55004.8,1825.8,5116.9,3711198,91330440,45141924668,921381,709861.865,16365901503,14,ClientRead
1785009037022,547.2,55054.2,1820.7,5121.7,3713949,91378406,45167416823,922059,710425.482,16365901503,17,ClientRead
1785009038024,586.9,55088.5,1811.9,5118.3,3716879,91430784,45190749234,922712,710945.8019999999,16365901503,29,ClientRead
1785009039022,533.1,55156.7,1798.8,5119.2,3719908,91519643,45219284441,923421,711521.624,16365901503,18,WALWrite
1785009040022,533.8,55106.0,1816.3,5119.0,3722786,91590544,45268125903,924095,712030.586,16365901503,5,ClientRead
1785009041021,510.0,54814.2,1806.2,5119.5,3725663,91653555,45310920585,924811,712610.308,16365901503,10,WALWrite
1785009042022,530.7,54864.9,1821.1,5119.7,3728542,91700650,45335825843,925526,713169.498,16365901503,9,ClientRead
1785009043021,563.2,54897.6,1822.5,5118.7,3731237,91757191,45358899027,926153,713668.372,16365901503,43,WALWrite
1785009044021,650.7,55016.4,1808.9,5118.0,3734102,91840263,45386281688,926813,714205.5930000001,16365901503,24,ClientRead
1785009045021,567.9,55020.8,1804.7,5119.4,3737216,91904476,45436910671,927477,714755.4480000001,16365901503,6,WALWrite
1785009046023,587.8,55066.5,1835.8,5120.5,3740033,91959746,45475483971,928075,715251.202,16365901503,63,WALWrite
1785009047021,516.4,55121.2,1848.7,5119.7,3742996,92010711,45502580577,928799,715845.5750000001,16365901503,11,ClientRead
1785009048023,543.7,55152.0,1847.2,5121.3,3745855,92085531,45527529331,929549,716402.157,16365901503,7,ClientRead
1785009049023,536.9,54982.7,1786.9,5117.2,3748603,92164027,45568825214,930245,716916.233,16365901503,19,WALWrite
1785009050021,570.5,54844.2,1850.0,5118.3,3751450,92233302,45620563000,930901,717462.529,16365901503,3,ClientRead
1785009051023,534.9,54881.6,1827.9,5117.8,3754259,92285955,45648957693,931606,718007.8579999999,16365901503,5,ClientRead
1785009052020,502.3,54931.7,1812.7,5120.2,3756973,92332543,45674126107,932340,718564.1319999999,16365901503,8,WALWrite
1785009053024,545.1,54981.1,1838.6,5121.3,3759643,92386029,45696727587,932982,719100.751,16365901503,7,WALWrite
1785009054025,601.5,55032.0,1800.3,5122.2,3762460,92469342,45724226967,933643,719607.733,16365901503,17,WALWrite
1785009055022,600.8,55104.3,1821.3,5119.9,3765254,92540102,45782926376,934299,720141.688,16365901503,26,WALWrite
1785009056020,641.6,55153.0,1772.2,5121.7,3767838,92599745,45818115763,934976,720708.481,16365901503,4,WALWrite
1785009057021,615.0,54746.0,1823.3,5117.9,3770548,92645847,45842790593,935718,721287.0199999999,16365901503,12,ClientRead
1785009058021,616.2,54796.7,1808.6,5122.4,3773302,92722072,45870279046,936425,721849.121,16365901503,19,WALWrite
1785009059024,639.8,54848.9,1808.1,5118.6,3776020,92795038,45913230251,937110,722400.7359999999,16365901503,16,ClientRead
1785009060021,635.8,54918.7,1851.5,5118.8,3778459,92854801,45956257061,937653,722897.238,16365901503,9,ClientRead
1785009061021,664.1,54968.3,1835.4,5119.6,3781148,92913490,45986983430,938221,723424.4890000001,16365901503,14,WALWrite
1785009062021,680.3,55001.4,1824.0,5120.9,3783781,92960673,46011645346,938841,723948.0839999999,16365901503,23,WALWrite
1785009063021,723.3,55052.4,1876.6,5120.1,3786628,93021175,46036969743,939476,724468.8369999999,16365901503,28,ClientRead
1785009064022,783.1,55148.1,1793.8,5122.3,3789256,93088640,46062086570,939995,724984.7949999999,16365901503,15,WALWrite
1785009065021,757.6,54759.0,1786.8,5122.4,3791793,93307733,46111211837,940514,725476.252,16365901503,14,WALWrite
1785009066023,695.1,54781.0,1846.4,5119.0,3793964,93361647,46153880086,940996,726005.0769999999,16365901503,14,WALWrite
1785009067022,675.9,54834.8,1861.4,5118.6,3796552,93423980,46192213397,941580,726541.2089999999,16365901503,18,WALWrite
1785009068023,744.8,54881.3,1879.4,5117.1,3799210,93494047,46217455666,942141,727044.8579999999,16365901503,9,WalSync
1785009069022,719.3,54918.5,1775.9,5118.2,3801703,93538741,46241787855,942698,727565.3779999999,16365901503,5,ClientRead
1785009070023,681.2,54983.2,1856.0,5122.7,3804128,93602724,46266560041,943216,728058.821,16365901503,18,ClientRead
1785009071021,716.0,55033.7,1877.1,5118.2,3806545,93658786,46313630085,943660,728529.264,16365901503,14,WALWrite
1785009072022,707.5,55086.5,1842.0,5121.0,3808976,93719083,46355151220,944179,729038.628,16365901503,17,WALWrite
1785009073021,731.3,55121.4,1872.5,5118.8,3811304,93778367,46380896788,944699,729568.444,16365901503,9,ClientRead
1785009074023,803.3,54788.3,1739.8,5124.8,3813668,93842447,46406911358,945212,730084.864,16365901503,10,ClientRead
1785009075024,769.3,54837.9,1860.8,5119.5,3815963,93905774,46443858690,945665,730610.6429999999,16365901503,9,ClientRead
1785009076022,963.6,54909.2,1684.9,5124.2,3818016,94253662,46508529151,946022,731087.473,16365901503,38,ClientRead
1785009077021,685.5,54923.5,1916.7,5119.6,3820141,94308159,46547365679,946516,731635.173,16365901503,18,ClientRead
1785009078028,725.9,54964.2,1935.7,5123.7,3822457,94360636,46576093328,947016,732143.7,16365901503,19,ClientRead
1785009079027,747.8,55015.5,1863.0,5122.5,3824625,94421310,46599454706,947460,732559.002,16365901503,17,WALWrite
1785009080021,738.9,55069.7,1873.0,5120.5,3827042,94487271,46624787201,947968,733026.107,16365901503,13,ClientRead
1785009081023,722.6,55134.5,1817.1,5117.7,3829596,94547964,46674099479,948454,733525.9849999999,16365901503,14,ClientRead
1785009082023,719.4,55188.1,1803.2,5122.2,3831912,94604246,46714758592,948981,734062.3899999999,16365901503,5,WalSync
1785009083022,717.8,54781.0,1947.8,5119.0,3834151,94666229,46741963225,949428,734500.948,16365901503,28,WALWrite
1785009084021,838.8,54843.0,1814.0,5122.0,3836373,94729444,46767250804,949861,735009.0439999999,16365901503,5,ClientRead
1785009085020,730.7,54864.2,1852.4,5120.8,3838492,94786289,46803011905,950342,735543.545,16365901503,14,WALWrite
1785009086024,707.6,54936.0,1904.3,5117.9,3840635,94840949,46847901642,950816,736036.346,16365901503,20,WALWrite
1785009087021,758.8,54998.6,1808.5,5122.3,3842894,94884954,46873078771,951300,736511.0249999999,16365901503,8,ClientRead
1785009088022,746.2,55038.9,1826.6,5119.2,3845249,94956054,46909862309,951814,737040.914,16365901503,21,WALWrite
1785009089021,732.0,55087.1,1838.9,5118.8,3847480,95019878,46935090512,952305,737530.172,16365901503,4,ClientRead
1785009090020,496.4,55157.7,1951.4,5120.4,3850135,95098353,46981089196,952899,738021.298,16364508863,12,WALWrite
1785009091021,514.3,54774.6,1914.1,5120.0,3853250,95175116,47029708105,953576,738501.406,16364508863,18,ClientRead
1785009092022,523.5,54822.3,1944.8,5119.2,3856403,95227121,47054409262,954237,738981.663,16364508863,14,ClientRead
1785009093021,528.7,54874.3,1927.8,5118.4,3859754,95286039,47078757427,954891,739477.6499999999,16364508863,42,WALWrite
1785009094022,615.5,54983.5,1893.3,5120.7,3863197,95378139,47106160151,955536,739994.2799999998,16364508863,18,WALWrite
1785009095021,660.6,55036.2,1850.8,5117.7,3866320,95453962,47156795339,956094,740500.4879999998,16364508863,14,ClientRead
1785009096022,547.3,55061.9,1900.2,5116.8,3869423,95819155,47219511774,956677,741038.3789999998,16364508863,13,ClientRead
1785009097023,550.1,55095.9,1923.8,5118.9,3872712,95873188,47245232560,957367,741506.5269999999,16364508863,9,ClientRead
1785009098021,525.0,55150.3,1910.5,5121.3,3876263,95933125,47271896957,958129,742011.034,16364508863,19,ClientRead
1785009099022,534.8,55197.5,1894.4,5120.4,3879653,96019324,47297863725,958819,742499.2559999999,16364508863,13,WALWrite
1785009100021,545.3,54823.3,1863.6,5119.5,3882858,96097908,47342491648,959445,743018.2359999999,16364508863,14,WALWrite
1785009101020,538.9,54873.8,1914.3,5121.3,3886261,96171053,47390269783,960055,743483.7499999999,16364508863,35,WALWrite
1785009102022,522.3,54924.6,1889.0,5121.8,3889845,96225887,47416321009,960812,744032.8649999999,16364508863,22,WALWrite
1785009103021,569.9,54958.1,1944.4,5117.1,3893117,96282575,47441041058,961441,744482.8389999998,16363312831,19,ClientRead
1785009104021,654.1,55067.2,1843.8,5122.1,3896594,96372171,47468356300,962129,745008.4959999999,16363304639,16,WALWrite
1785009105022,632.1,55069.3,1860.5,5117.6,3899508,96446180,47510955233,962655,745500.663,16363304639,4,WALWrite
1785009106020,603.6,55135.7,1842.7,5119.5,3902633,96515369,47559892234,963237,746017.1669999999,16363304639,11,WALWrite
1785009107023,556.8,55170.3,1880.8,5117.2,3905378,96568894,47587997763,963942,746600.2250000001,16363304639,13,WALWrite
1785009108024,557.5,54778.9,1838.3,5122.4,3908232,96650801,47616432601,964661,747185.2559999999,16363304639,8,ClientRead
1785009109021,557.9,54830.7,1911.9,5119.2,3911026,96726150,47653085457,965291,747670.847,16363304639,4,ClientRead
1785009110022,561.8,54898.5,1841.6,5118.9,3913879,96795937,47702015962,965925,748182.708,16363304639,23,ClientRead
1785009111024,551.3,54949.5,1886.9,5117.8,3916588,96848133,47728936111,966580,748733.936,16363304639,8,ClientRead
1785009112020,552.9,54982.3,1931.9,5120.4,3919308,96904243,47758640390,967286,749328.532,16363304639,9,WALWrite
1785009113023,520.3,55033.1,1822.1,5121.0,3922011,96972347,47783823711,967945,749891.482,16363304639,8,WALWrite
1785009114021,619.7,55146.8,1846.9,5124.3,3924475,97050401,47815161715,968552,750449.998,16363304639,6,ClientRead
1785009115021,605.9,55153.4,1807.2,5117.9,3926887,97119917,47872611908,969161,750983.2529999998,16363304639,32,WALWrite
1785009116021,582.3,55204.7,1834.4,5119.0,3929368,97171370,47902334432,969874,751565.6269999999,16363304639,14,ClientRead
1785009117022,599.5,54795.2,1807.9,5118.5,3931637,97212773,47925149885,970534,752068.3,16363304639,10,WALWrite
1785009118020,604.1,54846.7,1827.6,5119.2,3934203,97286078,47952842396,971214,752665.124,16363304639,10,ClientRead
1785009119020,666.6,54899.2,1873.7,5120.3,3936789,97361264,47990114011,971822,753235.4619999999,16363304639,28,WALWrite
1785009120020,665.2,54965.8,1841.1,5117.6,3939477,97429245,48041842095,972391,753744,16363304639,22,ClientRead
1785009121020,650.3,55019.2,1820.7,5117.7,3942205,97486501,48072292529,973014,754285.201,16363304639,23,ClientRead
1785009122020,672.6,55068.2,1871.3,5119.2,3944854,97535291,48097219006,973630,754812.568,16363304639,9,ClientRead
1785009123020,689.3,55102.2,1779.6,5118.9,3947388,97581346,48120886916,974207,755297.2359999999,16363304639,16,ClientRead
1785009124021,748.6,54989.8,1827.4,5123.0,3950054,97654355,48147907129,974839,755901.1599999999,16363304639,19,WALWrite
1785009125022,771.4,54820.4,1821.9,5118.3,3952467,97871329,48188487088,975372,756413.1239999998,16363304639,21,ClientRead
1785009126020,706.0,54847.5,1824.1,5119.9,3954699,97930129,48237497629,975916,756920.6449999998,16363304639,10,ClientRead
1785009127021,683.7,54886.0,1852.0,5117.8,3957262,97989901,48273792358,976505,757463.3909999998,16363304639,16,WALWrite
1785009128020,674.3,54935.4,1735.5,5118.8,3959775,98048347,48299395608,977120,758002.536,16363304639,10,ClientRead
1785009129020,646.4,54982.9,1788.5,5120.6,3962113,98123485,48325706439,977785,758561.0669999999,16363304639,16,WALWrite
1785009130022,636.0,55055.2,1774.7,5119.6,3964381,98182058,48377200922,978397,759088.2079999999,16363304639,14,WALWrite
1785009131022,621.7,55100.4,1798.1,5119.3,3966532,98233774,48412548547,979003,759654.9289999999,16363304639,6,WALWrite
1785009132025,628.2,55134.9,1820.3,5118.6,3968851,98278385,48438605724,979616,760169.485,16363304639,6,WALWrite
1785009133024,670.4,55185.9,1756.3,5118.9,3971177,98338288,48465094756,980236,760689.7559999998,16363304639,13,ClientRead
1785009134021,717.5,54856.1,1736.8,5120.4,3973334,98409235,48491815213,980794,761242.144,16363312831,35,WALWrite
1785009135022,747.1,54901.8,1785.8,5118.4,3975333,98463894,48540403017,981307,761796.219,16363312831,14,WALWrite
1785009136021,1056.2,54933.1,1578.4,5121.4,3977476,98810784,48603213255,981756,762260.365,16363312831,14,ClientRead
1785009137020,604.4,54981.5,1914.7,5118.1,3979620,98852725,48629853729,982270,762768.0429999998,16363312831,19,WALWrite
1785009138026,666.2,55014.8,1823.3,5123.0,3981834,98902641,48653566317,982904,763310.4079999998,16363312831,9,ClientRead
1785009139022,684.4,55064.6,1806.3,5121.4,3984172,98970525,48678963551,983479,763819.2099999998,16363312831,5,
1785009140025,671.2,55136.6,1816.7,5120.3,3986498,99030760,48724148165,984062,764348.0269999999,16363312831,5,ClientRead
1785009141024,693.6,55183.2,1808.3,5118.7,3988805,99089581,48770755141,984598,764875.7489999998,16363312831,7,BufferContent
1785009142021,633.3,54779.0,1817.1,5121.2,3991036,99132389,48796266738,985189,765418.11,16363312831,20,WALWrite
1785009143024,688.8,54827.7,1840.8,5119.6,3993245,99171683,48818890220,985718,765992.548,16363312831,12,WALWrite
1785009144022,787.4,54878.6,1812.1,5118.6,3995452,99236858,48845417558,986232,766463.705,16363312831,13,WALWrite
1785009145023,668.5,54928.0,1811.3,5120.6,3997530,99296796,48872816877,986708,766945.623,16363312831,26,ClientRead
1785009146020,655.4,54996.5,1844.0,5120.1,3999619,99350201,48919738734,987244,767473.174,16363312831,8,ClientRead
1785009147024,635.2,55033.6,1886.6,5118.1,4001911,99407215,48962500371,987866,768037.1619999999,16363312831,10,ClientRead
1785009148022,471.9,55078.1,1928.9,5117.7,4004341,99471689,48987125055,988526,768531.624,16360519359,23,WALWrite
1785009149027,550.4,55143.2,1828.0,5122.4,4006992,99551128,49022177788,989260,769051.3049999999,16360519359,4,ClientRead
1785009150027,536.1,54955.0,1943.8,5116.5,4009527,99615835,49074408477,989881,769594.6689999999,16360519359,9,ClientRead
1785009151026,488.5,54810.0,1860.9,5117.9,4012088,99672134,49107681727,990471,770241.4889999998,16360519359,10,ClientRead
1785009152021,526.0,54862.5,1952.1,5122.7,4014284,99713196,49130402199,991013,770780.2609999999,16360519359,10,WALWrite
1785009153020,570.1,54897.3,1912.0,5121.1,4016917,99766921,49155810242,991645,771334.0839999999,16360519359,11,WALWrite
1785009154027,649.4,55005.7,1904.2,5119.9,4019388,99841346,49181973443,992203,771846.4099999999,16360519359,11,ClientRead
1785009155023,622.6,55056.6,1910.1,5122.2,4021823,99907408,49218181776,992763,772335.4969999999,16360519359,18,WALWrite
1785009156023,612.6,55084.6,1876.9,5117.3,4024379,100265431,49283867975,993341,772867.4849999999,16360519359,21,WALWrite
1785009157022,555.4,55139.3,1822.7,5121.5,4027151,100324493,49318350814,994005,773365.1569999999,16360519359,9,ClientRead
1785009158021,589.5,55170.9,1884.8,5118.6,4029987,100392543,49343877287,994714,773918.5339999999,16360519359,9,WALWrite
1785009159021,544.7,54798.4,1793.2,5119.3,4032852,100473905,49372696561,995342,774451.2949999999,16360519359,16,ClientRead
1785009160021,534.9,54869.1,1866.7,5118.6,4035486,100541817,49428573982,995972,774971.6399999999,16360519359,13,WALWrite
1785009161023,553.5,54921.4,1857.3,5124.0,4038366,100604157,49463367835,996621,775540.2,16360527551,6,WALWrite
1785009162021,576.5,54953.1,1871.3,5119.5,4041315,100654758,49488818820,997330,776108.3489999999,16360527551,17,WALWrite
1785009163021,549.5,55009.8,1846.0,5118.8,4044126,100704465,49513618301,998002,776605.0819999999,16360527551,6,ClientRead
1785009164021,585.9,55118.2,1692.2,5113.5,4046476,100788369,49539791020,998640,777079.071,16360511167,6,WALWrite
1785009165020,414.0,55138.6,1165.5,5113.1,4048187,100873608,49596256763,999396,777613.0939999999,16360511167,6,ClientRead
1785009166023,356.0,54733.5,1221.2,5112.9,4049688,100939105,49634358061,1000158,778149.879,16360511167,10,WALWrite
1785009167022,382.7,54783.9,1131.0,5112.6,4051337,100991352,49660203547,1000974,778701.4869999998,16360511167,11,WALWrite
1785009168021,401.2,54818.9,1181.9,5112.8,4053271,101092965,49689106805,1001985,779349.276,16360511167,13,WALWrite
1785009169019,395.0,54900.3,1150.0,5112.6,4054918,101183567,49758177591,1002813,779908.96,16360511167,6,WALWrite
1785009170020,386.2,54950.7,1143.1,5113.5,4056402,101232436,49782407090,1003572,780445.792,16360511167,12,ClientRead
1785009171020,366.4,54988.5,1192.2,5113.2,4057974,101281129,49806246110,1004408,780964.565,16360511167,3,WalSync
1785009172020,375.6,55033.4,1150.3,5113.5,4059682,101334072,49832393073,1005303,781578.5279999998,16360511167,7,ClientRead
1785009173021,407.3,55083.7,1174.0,5111.9,4061261,101382039,49856110809,1006112,782085.0639999999,16360511167,3,
1785009174032,464.1,54766.8,1178.9,5112.1,4063168,101506620,49910888885,1007065,782727.5079999999,16360511167,5,ClientRead
1785009175020,448.4,54764.7,1140.4,5113.0,4064730,101580457,49956950726,1007875,783290.575,16360511167,5,ClientRead
1785009176022,450.5,54816.1,1214.5,5112.1,4066174,101629978,49981318656,1008635,783870.7719999999,16360511167,10,WALWrite
1785009177020,477.2,54849.4,1141.1,5112.0,4067725,101683306,50007734300,1009411,784490.787,16360511167,7,WALWrite
1785009178022,497.2,54899.2,1172.5,5113.0,4069221,101778059,50038133331,1010199,785004.215,16360511167,7,ClientRead
1785009179019,482.4,54986.8,1197.4,5112.4,4070438,101825516,50061998384,1010808,785470.3009999999,16360511167,11,ClientRead
1785009180020,479.0,55019.8,1155.2,5112.7,4071926,101904801,50122769035,1011639,786038.0179999999,16360511167,7,BufferContent
1785009181020,476.8,55067.3,1180.6,5112.5,4073223,101952923,50146856405,1012315,786583.21,16360511167,5,ClientRead
1785009182020,491.9,55101.5,1156.7,5112.8,4074654,102005909,50173272846,1013075,787147.1259999999,16360511167,6,ClientRead
1785009183023,479.5,55150.9,1154.3,5112.8,4076005,102076137,50201084140,1013870,787706.7789999999,16360511167,7,WalSync
1785009184020,565.2,54868.9,1166.7,5113.2,4077296,102179442,50263921977,1014643,788262.686,16360511167,6,
1785009185021,556.8,54901.5,1076.4,5112.8,4078251,102240229,50299764510,1015264,788787.21,16360519359,11,WALWrite
1785009186019,526.5,54913.8,1202.7,5112.9,4079082,102679556,50347986996,1015743,789152.381,16360519359,4,WalSync
1785009187024,505.8,54950.6,1146.6,5113.7,4079984,102719782,50368503061,1016262,789565.531,16360609471,9,BufferContent
1785009188022,522.3,54996.7,1145.2,5112.5,4081154,102792905,50395068877,1016948,790075.002,16361051839,8,WALWrite
1785009189024,496.0,55085.2,1144.1,5113.3,4082376,102900767,50462574071,1017770,790657.6229999999,16361428671,8,
1785009190020,538.1,55134.4,1105.5,5113.4,4083310,102957403,50492396907,1018345,791088.8219999999,16361879231,6,ClientRead
1785009191020,566.7,55171.1,1153.7,5113.8,4084577,103018706,50521766412,1019075,791627.8019999999,16362469055,6,ClientRead
1785009192019,509.7,54780.9,1108.7,5113.1,4085675,103075122,50550704022,1019775,792135.807,16362878655,5,ClientRead
1785009193020,577.5,54815.8,1127.5,5113.0,4086477,103133954,50573077654,1020274,792488.7069999999,16363124415,5,transactionid
1785009194020,643.3,54925.7,1104.6,5113.8,4087386,103226818,50623481356,1020933,792940.1909999999,16363534015,5,BufferContent
1785009195022,568.3,54952.1,1112.3,5112.8,4087959,103272802,50656644124,1021357,793235.5549999998,16363853503,6,
1785009196020,610.0,54989.5,1136.7,5112.2,4088789,103323515,50682266985,1021917,793656.092,16364590783,7,ClientRead
1785009197021,611.0,55039.5,1105.3,5112.9,4089717,103380452,50710329306,1022534,794114.6719999999,16367171263,8,BufferContent
1785009198025,652.9,55077.8,1120.2,5112.8,4090684,103449141,50741946701,1023181,794579.1239999998,16367687359,5,WalSync
1785009199021,635.8,55161.9,1137.2,5112.5,4091456,103529960,50775146417,1023720,794937.1769999999,16368121535,17,WALWrite
1785009200020,646.4,54775.4,1084.4,5112.6,4092082,103586796,50823279516,1024166,795254.0089999998,16368383679,8,ClientRead
1785009201021,621.2,54809.9,1091.3,5113.0,4092944,103643497,50852051631,1024778,795709.6339999998,16368785087,2,ClientRead
1785009202021,548.0,54861.7,1082.9,5112.5,4093662,103699278,50881689678,1025316,796075.1199999999,16369039039,5,WalSync
1785009203020,474.1,54914.5,1135.9,5113.3,4094537,103769871,50907365858,1025875,796440.5779999999,16369391295,8,WalSync
1785009204022,454.4,55037.2,1203.4,5112.9,4096188,103876163,50970284964,1026752,797037.7949999999,16371201727,8,ClientRead
1785009205020,437.8,55055.7,1177.4,5112.1,4097789,104151249,51019759786,1027560,797639.3729999999,16372266687,6,ClientRead
1785009206020,390.0,55088.1,1183.8,5112.8,4099597,104203578,51045455910,1028384,798248.502,16372389567,4,ClientRead
1785009207020,360.6,55138.8,1183.8,5113.0,4101292,104258149,51072424256,1029243,798851.3559999999,16372455103,5,WALWrite
1785009208020,384.1,54750.6,1118.1,5112.6,4102503,104294694,51090273288,1029843,799263.1119999998,16372463295,9,ClientRead
1785009209020,366.6,54838.5,1201.6,5112.0,4103752,104380853,51119116900,1030480,799635.767,16372782783,10,ClientRead
1785009210020,359.8,54871.7,1193.9,5112.4,4105448,104462457,51179050921,1031366,800240.374,16373528255,2,ClientRead
1785009211020,365.4,54923.1,1145.4,5112.2,4107200,104514231,51204635401,1032252,800773.4019999999,16374314687,7,ClientRead
1785009212024,371.4,54957.9,1205.3,5112.9,4109237,104572098,51233017224,1033301,801463.643,16374724287,7,ClientRead
1785009213020,400.8,55010.2,1137.1,5112.1,4111170,104637234,51259835227,1034257,802054.632,16374896319,7,ClientRead
1785009214020,480.3,55172.4,1153.1,5113.1,4113149,104762001,51322131149,1035221,802686.83,16376108735,8,WALWrite
1785009215020,433.8,54716.2,1160.8,5113.1,4114800,104926949,51369956781,1036055,803324.8389999999,16377558719,4,ClientRead
1785009216021,367.5,54768.2,1123.3,5113.4,4116778,104982643,51397045747,1037100,803958.0219999999,16377624255,4,WALWrite
1785009217022,351.3,54811.8,1190.1,5111.9,4118559,105035313,51422811055,1037982,804527.6569999999,16377722559,6,ClientRead
1785009218023,390.9,54855.3,1151.1,5112.9,4119932,105109299,51443443516,1038642,804917.6179999998,16377738943,7,WALWrite
1785009219020,366.3,54938.9,1159.0,5112.3,4121523,105210816,51508510383,1039465,805452.7159999999,16377968319,6,WalSync
1785009220021,360.8,54976.0,1172.2,5112.3,4123144,105257070,51531260756,1040244,805979.0199999998,16378844863,5,ClientRead
1785009221020,369.4,55029.6,1149.1,5112.5,4125142,105311235,51557744029,1041172,806572.2559999999,16379721407,9,WALWrite
1785009222020,364.9,55065.6,1173.4,5112.5,4127206,105367966,51585399334,1042155,807223.6639999999,16379999935,4,ClientRead
1785009223022,399.8,55114.9,1144.4,5114.3,4129390,105442250,51613398028,1043212,807835.5619999998,16380147391,7,WALWrite
1785009224023,453.3,54842.2,1118.2,5113.8,4131154,105570304,51678334050,1044119,808490.7019999999,16380163775,5,ClientRead
1785009225020,362.1,54825.1,1173.1,5112.1,4132765,105629630,51712259258,1044976,809061.1499999999,16380163775,10,WALWrite
1785009226020,368.3,54856.2,1141.2,5111.5,4134352,105673125,51733339732,1045777,809529.0319999999,16380163775,4,ClientRead
1785009227023,366.2,54903.0,1160.9,5113.0,4136349,105725351,51758620998,1046762,810100.0179999998,16380163775,3,ClientRead
1785009228020,373.8,54962.4,1140.0,5112.4,4138258,105783076,51784326248,1047711,810685.176,16380163775,9,ClientRead
1785009229019,382.7,55025.2,1148.2,5112.3,4140352,105905620,51844712370,1048732,811332.0329999999,16380163775,8,WALWrite
1785009230020,362.3,55078.3,1172.6,5112.2,4142299,105971102,51882590285,1049736,811916.2989999999,16380163775,13,ClientRead
1785009231023,375.0,55113.0,1126.8,5113.3,4144183,106022458,51907557143,1050667,812508.543,16380163775,3,WalSync
1785009232021,369.8,55165.7,1158.6,5113.1,4145929,106070593,51930818002,1051547,813042.0589999999,16380163775,1,ClientRead
1785009233019,361.7,54784.4,1142.3,5112.7,4147879,106170969,51958711809,1052480,813556.9629999999,16380163775,8,WALWrite
1785009234019,459.9,54904.9,1141.3,5111.4,4149604,106256254,52023686789,1053307,814150.489,16380163775,4,WalSync
1785009235021,457.9,54952.5,1150.5,5112.6,4150836,106301361,52046428226,1053875,814594.5149999999,16295016127,6,ClientRead
1785009236021,447.0,55005.1,1132.4,5112.1,4152309,106351706,52071582145,1054642,815122.2349999999,16295016127,8,WALWrite
1785009237020,464.1,55041.1,1185.7,5112.3,4154083,106405012,52097985285,1055494,815719.5989999999,16210581183,7,ClientRead
1785009238020,477.9,55054.0,1117.0,5112.8,4155666,106682885,52140477283,1056285,816274.749,16162002623,8,WALWrite
1785009239020,486.6,55106.1,1124.2,5111.5,4157534,106795626,52177611913,1057193,816921.7919999999,16162002623,11,WALWrite
1785009240020,465.1,55143.8,1164.8,5111.8,4159279,106860729,52205732284,1058045,817548.269,16162002623,14,WALWrite
1785009241020,436.7,55199.6,1123.3,5111.8,4160713,106908055,52229347946,1058791,818089.0249999999,16162002623,10,ClientRead
1785009242022,460.0,55230.2,1156.1,5111.7,4161991,106947453,52248587419,1059449,818526.9519999999,16162002623,5,ClientRead
1785009243020,464.6,55283.2,1172.5,5112.0,4163438,106997126,52273521816,1060196,819064.9099999999,16162002623,8,ClientRead
1785009244022,587.2,55416.4,1144.1,5111.3,4165182,107109653,52307278124,1061108,819709.264,16162002623,7,ClientRead
1785009245019,537.5,55089.8,1155.4,5111.2,4166636,107393123,52352885965,1061941,820303.0489999999,16162002623,6,ClientRead
1785009246020,491.9,55142.7,1142.5,5112.2,4167912,107438422,52375339735,1062586,820811.1699999999,16162002623,4,ClientRead
1785009247020,475.7,55178.2,1138.0,5111.2,4169292,107490719,52401781012,1063375,821404.101,16162002623,9,WALWrite
1785009248019,512.1,55231.0,1169.0,5111.6,4170610,107564864,52424222939,1064092,821845.939,16162002623,9,WALWrite
1785009249020,490.2,55266.7,1116.1,5110.2,4171961,107649406,52448601462,1064844,822348.5569999999,16162002623,4,BufferContent
1785009250021,467.1,55318.4,1131.4,5112.0,4173300,107702829,52476052601,1065615,822918.9959999999,16162002623,10,WALWrite
1785009251022,489.9,55355.4,1142.9,5111.6,4174755,107754201,52501946428,1066347,823506.532,16162002623,12,WALWrite
1785009252020,515.6,55407.0,1114.0,5110.9,4176368,107812878,52531692167,1067163,824116.537,16162002623,4,WalSync
1785009253020,517.2,55258.2,1161.3,5111.1,4177975,107906349,52562657688,1068071,824745.7059999999,16162002623,5,
1785009254020,613.5,55172.8,1095.4,5111.9,4178498,107929033,52574397386,1068365,824961.4969999999,16162002623,12,ClientRead
1785009255020,525.9,55145.3,1109.2,5112.3,4179676,108016582,52603919509,1069067,825511.0939999999,16162002623,6,ClientRead
1785009256021,509.8,55185.0,1155.5,5110.0,4180976,108066711,52628931438,1069807,826023.3599999999,16163739327,15,WALWrite
1785009257020,471.7,55237.1,1121.1,5110.5,4182456,108121319,52656489419,1070629,826617.2689999999,16164640447,7,ClientRead
1785009258022,512.4,55276.4,1179.1,5110.8,4183985,108203070,52686709348,1071502,827170.967,16164640447,9,WALWrite
1785009259021,506.7,55327.2,1100.9,5111.1,4185495,108301137,52716851826,1072361,827757.287,16164640447,11,ClientRead
1785009260023,535.6,55379.8,1102.3,5111.3,4186677,108355080,52743168926,1073060,828292.2739999999,16165123775,7,BufferContent
1785009261019,538.9,55407.9,1150.4,5111.3,4187764,108404584,52767998523,1073716,828781.7109999999,16165787327,7,WalSync
1785009262020,556.3,55250.1,1085.8,5112.8,4188844,108453287,52791895215,1074359,829259.237,16166958783,5,ClientRead
1785009263020,557.8,55276.1,1162.7,5111.5,4189977,108535249,52814673698,1075062,829725.9179999998,16168138431,11,ClientRead
1785009264022,662.6,55112.9,1079.6,5110.6,4190831,108580630,52837762916,1075557,830115.0529999998,16173684415,9,WALWrite
1785009265020,614.3,55072.8,1108.7,5110.5,4191874,108663089,52866279107,1076210,830615.2,16189494975,9,extend
1785009266020,551.7,55124.9,1065.7,5110.3,4193054,108722190,52896214135,1076954,831165.9469999999,16203462335,6,ClientRead
1785009267024,582.0,55163.3,1035.7,5111.5,4194091,108770110,52920548291,1077653,831640.5549999999,16217315007,4,
1785009268022,597.6,55222.1,1048.2,5111.4,4194883,108815800,52941905825,1078142,832039.53,16230741695,10,ClientRead
1785009269020,633.1,55263.4,1043.2,5111.9,4195740,108900438,52965220807,1078724,832416.379,16244303551,11,ClientRead
1785009270019,588.0,55320.3,1038.1,5114.2,4196688,108966196,52989643668,1079366,832863.963,16258127551,7,
1785009271020,587.9,55055.1,1075.1,5112.8,4197544,109013007,53013906691,1079937,833284.1649999999,16273102527,14,WALWrite
1785009272021,554.3,55108.6,1028.2,5111.7,4198449,109064948,53041291226,1080560,833730.6989999999,16287815359,5,
1785009273019,630.4,55142.3,1063.0,5113.3,4199371,109128680,53069872954,1081174,834195.853,16302012095,5,ClientRead
1785009274021,700.4,55278.8,1048.8,5113.6,4200310,109226875,53100081307,1081808,834631.1669999998,16316593855,11,WALWrite
1785009275023,711.9,55248.6,1016.0,5120.3,4201051,109283562,53120499926,1082324,834945.0289999999,16331462335,9,ClientRead
1785009276020,617.4,55285.1,1044.7,5119.9,4201678,109326810,53142861457,1082789,835302.8189999998,16345306815,8,WALWrite
1785009277023,625.6,55318.2,984.8,5120.6,4202538,109383734,53172231865,1083418,835778.9219999999,16358938303,3,ClientRead
1785009278020,632.6,55035.8,1048.8,5121.9,4203295,109456076,53199258494,1083992,836137.3999999999,16372938431,10,WalSync
1785009279020,662.0,55098.0,1052.8,5122.4,4204084,109549150,53231147109,1084580,836567.1799999999,16385832639,9,WALWrite
1785009280020,653.9,55147.6,1004.6,5122.8,4204680,109594712,53255154180,1085021,836911.6259999999,16399972031,5,
1785009281022,441.4,55218.3,1210.5,5123.1,4205785,109656281,53277741410,1085670,837338.6159999999,16414856895,4,WALWrite
1785009282020,354.9,55270.2,1211.4,5124.0,4207215,109698349,53298573222,1086424,837820.276,16428242623,7,WALWrite
1785009283021,370.5,54980.8,1214.1,5123.8,4208918,109809302,53329054700,1087334,838419.3899999999,16442431167,5,WalSync
1785009284020,439.3,55161.0,1288.0,5123.2,4210567,109907908,53375697633,1088264,839029.276,16463664831,6,ClientRead
1785009285021,447.9,55198.3,1278.3,5123.7,4211528,110315960,53421505788,1088806,839411.421,16477124287,3,ClientRead
1785009286020,374.6,55203.6,1273.5,5124.4,4212858,110367621,53448232372,1089594,839978.266,16477124287,11,WALWrite
1785009287020,348.2,55249.0,1188.6,5124.8,4214575,110418190,53473070744,1090465,840571.6049999999,16477124287,5,ClientRead
1785009288020,370.9,55273.4,1162.3,5124.2,4216476,110508462,53501309473,1091426,841210.6159999999,16477124287,4,WalSync
1785009289019,382.8,55310.2,1220.9,5124.3,4218589,110624147,53537125037,1092468,841858.3999999999,16477124287,13,WALWrite
1785009290019,355.9,55331.2,1178.0,5124.5,4220182,110669211,53559252109,1093265,842368.496,16477124287,9,WALWrite
1785009291020,348.6,55033.3,1174.7,5125.6,4221878,110720286,53584510433,1094159,842915.871,16477124287,8,ClientRead
1785009292022,361.4,55053.4,1198.1,5124.2,4223685,110773829,53610594010,1095103,843530.825,16477124287,6,WALWrite
1785009293020,388.8,55091.3,1165.2,5123.5,4225610,110875201,53638245934,1096093,844119.1129999999,16477124287,6,WALWrite
1785009294021,458.0,55216.5,1193.4,5124.1,4226933,110921276,53661675701,1096742,844565.9649999999,16477124287,2,WALWrite
1785009295020,430.2,55181.9,1166.1,5124.1,4228500,111012658,53690980552,1097611,845164.639,16477124287,7,WALWrite
1785009296023,435.3,55217.7,1200.5,5124.3,4229884,111060660,53715001581,1098329,845689.1179999999,16477124287,9,WALWrite
1785009297023,341.9,55263.3,1108.7,5125.2,4231180,111111396,53741555931,1099000,846237.759,16477124287,4,
1785009298020,485.7,55318.9,1167.9,5125.3,4232317,111202086,53767717745,1099611,846884.384,16477124287,3,WalWrite
1785009299019,482.8,55350.8,1194.5,5124.0,4233964,111288565,53794857280,1100481,847460.9299999998,16477124287,5,ClientRead
1785009300021,458.5,55093.3,1123.8,5124.6,4235355,111336728,53819188773,1101207,847962.7849999999,16477124287,4,ClientRead
1785009301020,469.6,55130.1,1181.0,5125.7,4236720,111387432,53844863959,1101957,848530.5399999998,16477124287,3,ClientRead
1785009302019,455.7,55183.2,1194.6,5124.3,4238036,111433963,53867989656,1102639,849099.0229999999,16477124287,10,ClientRead
1785009303019,494.3,55219.5,1147.8,5123.4,4239484,111492458,53894835057,1103413,849687.093,16477124287,7,WALWrite
1785009304022,565.8,55359.0,1151.5,5124.7,4241000,111605463,53926053541,1104304,850280.2479999999,16477132479,14,ClientRead
1785009305020,575.3,55338.6,1158.4,5124.6,4242331,111890935,53969630488,1105079,850837.0569999999,16477132479,5,WalSync
1785009306020,500.1,55370.0,1159.2,5124.1,4243441,111935967,53992575212,1105714,851296.563,16477132479,11,WALWrite
1785009307021,507.8,55125.7,1166.8,5124.3,4244824,111989685,54019594519,1106502,851909.1699999999,16477132479,5,
1785009308020,556.3,55053.9,1145.8,5125.8,4245864,112033019,54041563972,1107084,852307.1599999999,16477132479,3,WalSync
1785009309023,564.7,54528.7,1168.5,5124.2,4247264,112135614,54067752866,1107866,852821.7439999998,16477132479,7,ClientRead
1785009310020,510.9,54556.0,1139.8,5125.0,4248546,112204852,54092602302,1108609,853356.5269999999,16477132479,8,WalSync
1785009311022,515.1,54589.5,1139.3,5124.7,4249647,112249591,54115665091,1109255,853811.6589999999,16477132479,6,WalSync
1785009312020,524.1,54613.0,1171.1,5124.2,4251190,112307668,54145026991,1110096,854445.9389999999,16477132479,7,ClientRead
1785009313022,558.3,54644.9,1120.2,5124.0,4252641,112391389,54173840848,1110931,854984.4899999999,16477132479,10,WALWrite
1785009314023,693.5,54762.7,1179.7,5128.5,4254130,112488756,54202989333,1111737,855537.565,16477140671,11,ClientRead
1785009315022,811.3,54704.6,1494.3,5127.7,4256231,112613745,54232074030,1112333,856020.2309999998,16477140671,19,ClientRead
1785009316021,693.3,54732.5,1664.0,5129.5,4258367,112654711,54254679151,1112955,856510.423,16477140671,22,WALWrite
1785009317022,703.5,54757.9,1692.3,5130.5,4260511,112697978,54279556856,1113547,856974.815,16477140671,6,ClientRead
1785009318024,690.3,54787.0,1666.2,5126.7,4262595,112737553,54301492368,1114142,857414.953,16477140671,8,ClientRead
1785009319021,723.3,54801.4,1671.2,5130.8,4264478,112805022,54323435335,1114637,857863.529,16477140671,8,WALWrite
1785009320023,715.0,54827.1,1647.2,5133.3,4266831,112880748,54351345420,1115304,858372.0889999999,16477140671,12,WALWrite
1785009321024,705.3,54854.7,1672.3,5131.1,4269080,112937289,54375369036,1115976,858927.6049999999,16477140671,7,ClientRead
1785009322025,705.2,54865.9,1653.2,5129.5,4271281,112979721,54399499224,1116626,859426.1709999999,16477140671,3,ClientRead
1785009323022,747.4,54894.6,1715.0,5132.9,4273597,113022850,54423675617,1117214,859913.9039999999,16477140671,11,ProcArray
1785009324023,811.9,54932.8,1713.5,5134.6,4275939,113092850,54449978937,1117784,860406.1149999999,16477140671,18,WALWrite
1785009325022,864.9,54944.7,1719.3,5133.6,4278295,113156923,54476468215,1118330,860902.0859999999,16477140671,15,WALWrite
1785009326021,737.8,54954.8,1771.4,5130.5,4280725,113216434,54503676173,1118882,861387.0309999998,16477140671,17,ClientRead
1785009327019,701.9,54981.1,1840.9,5133.5,4282931,113261444,54528825924,1119499,861945.2129999999,16477140671,11,WALWrite
1785009328022,753.4,55008.6,1755.4,5130.0,4285218,113321333,54554255752,1120111,862429.4929999999,16477140671,13,WALWrite
1785009329026,729.5,55042.8,1735.4,5133.1,4287605,113388975,54577555971,1120692,862960.44,16477140671,14,WALWrite
1785009330022,709.2,55065.4,1795.4,5130.3,4289813,113453861,54605818922,1121242,863429.1719999999,16477140671,24,WALWrite
1785009331021,750.2,55090.1,1736.4,5130.1,4291812,113497351,54627787773,1121758,863860.4069999999,16477140671,20,WALWrite
1785009332023,747.9,55113.9,1701.6,5132.5,4294028,113541127,54653379054,1122344,864355.825,16477140671,16,WALWrite
1785009333021,747.7,55141.4,1739.3,5130.6,4295979,113576670,54674260882,1122850,864795.8899999999,16477894335,31,ClientRead
1785009334021,786.1,55197.9,1734.9,5129.8,4298232,113643537,54699947464,1123437,865275.8779999999,16478009023,17,WALWrite
1785009335020,807.9,55149.7,1777.6,5131.2,4300336,113707014,54724972160,1123929,865719.6909999999,16478009023,14,ClientRead
1785009336021,805.9,54998.6,1731.3,5135.2,4302580,113874861,54759132222,1124456,866214.5089999998,16478009023,18,WALWrite
1785009337023,733.5,54994.7,1811.7,5132.2,4304839,113926612,54786084934,1125038,866745.4899999999,16478009023,6,
1785009338022,757.5,55021.3,1746.7,5129.7,4307017,113976949,54811946654,1125601,867202.7599999998,16478009023,7,ClientRead
1785009339021,737.3,55055.0,1787.3,5137.7,4309319,114045233,54836036973,1126168,867746.8149999998,16478009023,8,WALWrite
1785009340021,722.6,55078.0,1721.6,5133.1,4311548,114110996,54862440190,1126787,868230.0879999998,16478009023,7,BufferContent
1785009341020,693.9,55107.0,1767.1,5132.7,4313730,114160812,54883872890,1127368,868735.4679999998,16478009023,16,WALWrite
1785009342020,723.7,55129.7,1823.9,5128.7,4315859,114201628,54909313493,1127925,869251.0629999998,16478009023,13,WALWrite
1785009343024,778.7,55154.1,1759.7,5133.3,4318148,114247031,54934988887,1128507,869781.5189999999,16478074559,11,ClientRead
1785009344022,873.9,55199.2,1685.7,5134.0,4320296,114317985,54960034532,1129000,870186.1879999998,16478394047,39,WALWrite
1785009345025,793.0,55211.6,1754.1,5133.9,4322395,114377717,54985829460,1129470,870678.1139999998,16478926527,20,ClientRead
1785009346022,704.8,55238.9,1828.3,5129.0,4324589,114435510,55008569889,1130003,871151.3469999998,16480007871,18,ClientRead
1785009347022,739.0,55292.4,1765.0,5130.1,4326780,114480477,55035723540,1130579,871623.3019999999,16495785663,15,WALWrite
1785009348022,802.6,55090.5,1690.1,5134.0,4328841,114520882,55060092679,1131059,872071.4329999998,16508974783,10,WALWrite
1785009349021,782.4,55154.0,1736.4,5138.8,4331000,114583631,55084648984,1131581,872566.0859999999,16523515583,9,ClientRead
1785009350022,782.7,55222.9,1754.2,5138.4,4333035,114643291,55109225828,1132059,873031.9759999999,16537319103,11,WALWrite
1785009351020,769.9,55278.8,1755.1,5136.3,4335211,114701580,55135601278,1132622,873540.5809999999,16551974591,23,ClientRead
1785009352021,739.8,55322.8,1770.2,5135.3,4337438,114755398,55161095788,1133175,874020.5319999999,16567776959,11,WALWrite
1785009353022,800.6,55147.2,1766.8,5133.6,4339380,114808728,55185716689,1133669,874528.6699999998,16581539519,12,WALWrite
1785009354021,868.7,54922.5,1739.0,5133.3,4341300,114861951,55207978909,1134125,874948.7889999998,16594638527,18,ClientRead
1785009355021,998.3,54964.8,1698.4,5129.7,4343412,114916247,55234296617,1134586,875549.9179999998,16608032447,58,WALWrite
1785009356021,1260.3,55008.2,1486.9,5136.3,4345102,114953306,55253252868,1134855,875868.5089999998,16618837695,15,WALWrite
1785009357023,832.3,55067.5,1832.5,5132.3,4346939,115001043,55276182881,1135295,876349.3999999998,16634074815,17,WALWrite
1785009358022,826.7,55099.7,1843.6,5131.2,4348703,115039682,55304010257,1135764,876821.9759999998,16649828031,24,ClientRead
1785009359021,843.1,54782.6,1780.7,5134.6,4350553,115092954,55327758188,1136263,877314.4319999998,16664753855,9,transactionid
1785009360021,850.9,54853.8,1832.6,5133.7,4352330,115146348,55354784618,1136728,877776.0049999999,16679483071,17,ClientRead
1785009361024,830.3,54903.3,1843.6,5131.0,4354287,115201021,55379667589,1137209,878261.6879999998,16695080639,9,WALWrite
1785009362021,836.2,54964.8,1814.6,5133.4,4356159,115251440,55404522434,1137709,878786.5119999999,16710325951,31,WALWrite
1785009363021,915.7,55017.3,1674.7,5132.8,4358203,115318510,55431590981,1138229,879261.2029999997,16723801791,12,WALWrite
1785009364023,991.1,55095.2,1718.7,5140.2,4360080,115369761,55454478656,1138673,879739.5719999998,16736810687,18,ClientRead
1785009365021,978.3,55167.2,1780.6,5137.6,4361800,115420760,55477346202,1139066,880155.6279999999,16751187647,20,ClientRead
1785009366022,840.6,55199.8,1788.9,5132.5,4363899,115481108,55506048389,1139559,880609.539,16767235775,23,ClientRead
1785009367021,857.1,55259.2,1787.5,5133.7,4365548,115519523,55525191436,1139976,881021.3949999999,16781833919,5,ClientRead
1785009368023,885.6,55016.3,1813.4,5135.0,4367394,115560751,55553225244,1140428,881509.4859999999,16795252415,19,WALWrite
1785009369021,851.9,55080.7,1753.0,5137.2,4369204,115620967,55580016743,1140881,881969.3539999999,16809965247,6,ClientRead
1785009370023,857.1,55149.6,1767.7,5134.4,4370902,115672840,55603216321,1141337,882423.8779999999,16824506047,23,WALWrite
1785009371024,853.7,55203.4,1758.3,5134.5,4372722,115716391,55622698035,1141748,882881.3109999999,16838071999,48,ClientRead
1785009372021,913.7,54926.7,1649.9,5131.4,4374785,115770239,55648549210,1142187,883319.1569999999,16851179199,10,WALWrite
1785009373021,892.4,54986.3,1735.5,5135.4,4376795,115825326,55675291837,1142667,883852.75,16865108495,12,ClientRead
1785009374025,870.5,55122.0,1721.2,5133.6,4378517,115866171,55699694025,1143102,884291.1849999999,16879515327,18,WALWrite
1785009375025,725.0,55164.1,1927.2,5134.6,4380532,115927756,55728726760,1143668,884794.544,16896366271,7,ClientRead
1785009376023,674.6,54892.1,1905.1,5136.5,4382480,115982464,55749797237,1144203,885237.125,16905361087,24,WALWrite
1785009377022,688.3,54907.7,1903.8,5128.9,4384569,116698449,55820448480,1144830,885725.113,16905655999,20,WALWrite
1785009378022,618.4,54888.9,1872.1,5131.4,4386753,116752408,55848542841,1145452,886261.634,16906032831,15,WALWrite
1785009379020,657.4,54923.3,1849.3,5133.4,4389185,116836053,55875549497,1146055,886747.842,16906450623,20,WALWrite
1785009380025,709.3,54949.3,1848.0,5134.3,4391495,116904204,55902128365,1146583,887243.402,16906950335,11,ClientRead
1785009381021,656.4,54976.2,1847.2,5155.4,4394032,116961048,55926338533,1147236,887755.5499999999,16907237055,13,ClientRead
1785009382022,649.4,54986.5,1854.7,5166.0,4396352,117009148,55951670993,1147824,888256.4419999999,16907515583,15,ClientRead
1785009383021,686.2,54983.4,1905.6,5192.4,4398678,117062062,55978765167,1148432,888771.5169999999,16907649551,20,ClientRead
1785009384021,759.1,54992.4,1837.5,5191.4,4400930,117131229,56003515686,1148971,889197.9409999999,16907818687,13,ClientRead
1785009385021,795.6,54977.4,1816.3,5192.6,4403201,117206100,56030218115,1149499,889664.467,16907818687,21,ClientRead
1785009386023,792.2,54992.9,1865.9,5195.0,4405419,117260690,56053706130,1149947,890067.3389999999,16907818687,19,WALWrite
1785009387021,650.0,54989.8,1886.0,5197.1,4407598,117316215,56079825782,1150482,890537.674,16907818687,23,ClientRead
1785009388020,665.9,55003.8,1931.8,5199.7,4409780,117375440,56105821123,1151094,891034.0239999999,16907818687,18,ClientRead
1785009389022,710.1,55008.5,1915.9,5196.3,4411949,117445021,56131467402,1151621,891466.521,16907818687,9,WALWrite
1785009390021,704.0,55035.6,1865.2,5211.2,4414212,117512064,56157443731,1152194,891947.728,16907818687,19,ClientRead
1785009391023,715.3,55045.2,1903.3,5216.7,4416477,117567129,56181736777,1152744,892411.3979999999,16907818687,17,ClientRead
1785009392022,678.2,55064.7,1923.4,5216.7,4418493,117608539,56204548802,1153217,892869.4289999999,16907818687,21,ClientRead
1785009393021,685.4,54943.4,1927.0,5220.6,4420898,117678594,56231834567,1153800,893347.69,16907818687,17,WALWrite
1785009394021,788.9,54778.3,1886.3,5218.7,4422962,117721146,56254737288,1154263,893769.951,16907818687,20,ClientRead
1785009395022,806.2,54773.5,1863.6,5217.4,4425213,117799196,56282994179,1154799,894236.2579999999,16907818687,11,ClientRead
1785009396021,730.1,54790.0,1835.6,5216.6,4427485,117865098,56309323742,1155333,894673.048,16907818687,11,WALWrite
1785009397022,708.5,54818.4,1820.5,5220.1,4429687,117922746,56334221276,1155837,895140.708,16907818687,8,WALWrite
1785009398025,717.8,54875.7,1785.9,5218.3,4432031,117984291,56378502112,1156389,895600.3259999999,16907818687,18,WALWrite
1785009399022,726.5,54969.4,1840.3,5216.4,4434346,118059892,56448017323,1156907,896078.004,16907818687,36,WALWrite
1785009400021,733.5,54688.2,1755.8,5220.3,4436792,118129460,56510137457,1157397,896554.637,16907818687,12,ClientRead
1785009401021,718.2,54760.4,1727.3,5217.3,4439094,118189397,56553686603,1157903,897007.134,16907818687,15,WALWrite
1785009402021,664.5,54799.6,1724.4,5219.8,4441307,118230234,56577483086,1158416,897425.269,16907818687,6,ClientRead
1785009403022,686.9,54848.7,1756.6,5217.3,4443553,118285278,56625155761,1158996,897900.635,16907818687,21,ClientRead
1785009404021,769.8,54940.2,1747.2,5217.6,4445751,118357027,56688010331,1159505,898348.745,16907818687,14,WALWrite
1785009405023,781.7,54983.9,1747.4,5218.5,4447965,118417968,56738995099,1159970,898768.4369999999,16907818687,19,ClientRead
1785009406021,714.7,55046.1,1735.2,5215.1,4450321,118477610,56789058100,1160499,899196.744,16907818687,7,WALWrite
1785009407021,692.7,55091.1,1692.8,5220.5,4452424,118519458,56813016099,1161058,899689.2209999999,16907818687,11,ClientRead
1785009408020,727.2,55165.0,1735.5,5219.5,4454449,118561681,56841246972,1161547,900103.392,16907818687,14,WALWrite
1785009409020,723.7,55251.7,1772.6,5214.7,4456675,118634438,56912683213,1162056,900572.112,16907818687,14,ClientRead
1785009410021,747.0,55105.0,1760.6,5217.3,4458979,118702958,56972375708,1162576,901030.831,16907818687,8,ClientRead
1785009411021,725.3,55169.8,1751.1,5221.9,4461259,118769399,57028070059,1163085,901474.4329999998,16907908799,23,WALWrite
1785009412023,694.2,55214.2,1747.9,5216.0,4463505,118816478,57056237749,1163626,901943.9419999999,16908039871,15,ClientRead
1785009413023,734.1,55273.5,1778.3,5223.1,4465498,118857948,57080760967,1164094,902384.4029999999,16908146367,4,VacuumTruncate
1785009414020,808.0,55206.1,1748.9,5221.4,4467828,118944355,57171343851,1164600,902870.9939999998,16908383935,23,ClientRead
1785009415022,950.5,55244.6,1729.4,5213.0,4469623,118979965,57192478082,1164980,903210.1499999999,16908777151,72,WALWrite
1785009416022,1492.8,55060.7,1347.3,5217.6,4471372,119031117,57236467030,1165231,903561.0619999998,16909940415,22,WALWrite
1785009417020,810.0,55077.8,1820.2,5219.1,4473221,119076769,57274081635,1165596,903968.4059999998,16910014143,25,WALWrite
1785009418023,782.8,55148.2,1742.2,5217.7,4475208,119137333,57332813258,1166120,904456.6189999998,16910317247,15,WALWrite
1785009419022,838.7,55209.0,1727.6,5223.7,4477217,119196524,57390153253,1166567,904842.4489999998,16910644927,15,ClientRead
1785009420021,828.5,55264.1,1705.9,5221.0,4479305,119253570,57439567633,1167082,905335.4399999998,16911242943,43,WALWrite
1785009421021,825.5,55098.1,1733.2,5220.2,4481173,119309578,57487103292,1167528,905743.0749999998,16911726271,18,WALWrite
1785009422021,800.2,55147.4,1746.2,5217.4,4482897,119347834,57512921387,1167949,906155.2799999998,16912176831,8,WalSync
1785009423023,860.7,55197.7,1747.8,5222.8,4484767,119384933,57535446644,1168415,906613.9329999998,16912651967,18,ClientRead
1785009424024,909.6,55157.4,1698.7,5221.7,4486569,119440045,57589599503,1168786,907045.3479999998,16913168063,18,WALWrite
1785009425022,936.9,55007.9,1739.1,5224.3,4488177,119493981,57639151686,1169151,907501.6599999999,16913815231,12,ClientRead
1785009426021,911.4,55061.5,1722.1,5216.0,4490155,119587763,57807984523,1169593,907940.2869999999,16914085567,26,WALWrite
1785009427023,843.9,55093.1,1820.3,5220.2,4491989,119643530,57856887507,1170014,908396.4679999999,16914364095,23,WALWrite
1785009428020,842.9,54884.9,1713.7,5223.4,4493924,119696434,57901119550,1170503,908859.874,16914847423,15,WALWrite
1785009429023,848.9,54968.9,1773.8,5226.9,4495871,119756955,57961757412,1170941,909302.4559999999,16915420863,26,ClientRead
1785009430022,845.8,55039.8,1728.7,5217.7,4497862,119815319,58012453440,1171370,909756.558,16915895999,9,VacuumTruncate
1785009431021,816.8,55105.9,1805.0,5218.7,4499710,119864070,58055716483,1171757,910160.046,16916256447,9,VacuumTruncate
1785009432021,810.6,55163.8,1761.6,5224.4,4501655,119911467,58089824939,1172200,910625.2259999998,16916584127,22,ClientRead
1785009433021,833.2,55222.3,1764.7,5221.9,4503613,119950205,58114570175,1172637,911049.2329999999,16917026495,5,ClientRead
1785009434024,837.6,55125.8,1729.5,5225.4,4505470,120015908,58174139203,1173121,911542.0619999999,16917518015,15,ClientRead
1785009435021,689.9,55267.5,1861.9,5219.7,4507108,120068570,58221327044,1173503,911954.141,16917493439,39,WALWrite
1785009436021,643.4,55209.8,1810.7,5220.7,4508721,120116071,58260971702,1173793,912356.5059999999,16917493439,66,WALWrite
1785009437022,584.3,55232.2,1714.2,5220.7,4510252,120161447,58298095934,1174105,912913.2039999999,16917493439,14,WALWrite
1785009438021,678.4,55163.1,1944.0,5228.2,4512018,120898713,59333901126,1174490,913360.7939999999,16917493439,19,ClientRead
1785009439022,648.7,55222.9,1924.2,5228.0,4514242,120972216,59412572964,1175042,913841.971,16917493439,12,WALWrite
1785009440020,626.3,55309.7,1938.4,5249.5,4516620,121054057,59491553633,1175682,914369.583,16917493439,10,ClientRead
1785009441025,551.7,55167.6,1965.0,5250.8,4518732,121107019,59531142292,1176320,914910.5729999999,16917493439,4,VacuumTruncate
1785009442024,538.3,55202.4,1999.0,5248.1,4520571,121157451,59566604238,1177014,915437.7079999999,16917493439,9,WALWrite
1785009443021,551.0,55232.7,2002.9,5246.0,4522660,121197886,59589777938,1177689,915939.884,16917493439,11,ClientRead
1785009444021,692.0,55130.9,1974.3,5252.6,4524733,121258556,59648242054,1178281,916446.796,16917493439,13,WALWrite
1785009445021,679.0,55185.9,2004.6,5252.6,4526965,121331738,59711914908,1178857,916985.748,16917493439,8,WALWrite
1785009446022,702.6,55267.2,1960.5,5247.5,4528872,121389375,59766605475,1179363,917457.7919999999,16917493439,10,ClientRead
1785009447021,596.3,55128.5,2035.9,5240.2,4530879,121444371,59810781046,1179963,917954.2279999999,16917493439,9,WALWrite
1785009448021,576.4,55178.1,2008.3,5245.0,4532808,121490823,59840462213,1180539,918417.8719999999,16917493439,7,WALWrite
1785009449021,619.8,55257.9,1979.1,5240.6,4534854,121543075,59885600149,1181103,918924.7949999999,16917493439,10,WALWrite
1785009450021,617.7,55140.6,1918.5,5244.3,4537011,121611452,59952453710,1181638,919414.6149999999,16917493439,12,WALWrite
1785009451022,616.5,55219.3,1907.2,5244.1,4539254,121675501,60008719806,1182231,919913.6419999999,16917493439,10,ClientRead
1785009452022,614.1,55021.7,1872.2,5239.4,4541626,121740285,60059568399,1182953,920503.5929999999,16917493439,9,ClientRead
1785009453021,604.3,55057.4,1845.6,5241.9,4543834,121785431,60084574959,1183593,921007.146,16917493439,13,WALWrite
1785009454020,704.5,54785.6,1830.4,5239.4,4546045,121845459,60139159571,1184186,921500.6059999999,16917493439,25,WALWrite
1785009455020,761.3,54833.8,1842.4,5244.2,4548235,121911638,60198263196,1184727,922008.0959999999,16917493439,11,ClientRead
1785009456022,634.5,54871.5,1917.7,5243.2,4550294,121968048,60248952842,1185223,922468.064,16917493439,13,ClientRead
1785009457022,626.9,54922.8,1910.7,5242.7,4552374,122024619,60292846873,1185788,922937.821,16917493439,7,ClientRead
1785009458022,625.9,54958.5,1892.8,5241.9,4554660,122068679,60317001602,1186451,923445.5569999999,16917493439,16,ClientRead
1785009459021,667.8,55031.7,1882.2,5245.2,4556972,122138779,60381154890,1187047,923918.5549999999,16917493439,23,WALWrite
1785009460025,701.5,54672.0,1911.1,5241.5,4559064,122202777,60433008565,1187578,924382.5469999999,16917493439,18,ClientRead
1785009461021,677.6,54742.3,1861.7,5241.3,4561332,122263491,60485642472,1188177,924929.36,16917501631,12,ClientRead
1785009462021,662.3,54798.3,1881.7,5246.8,4563590,122323680,60530719206,1188725,925380.369,16917501631,9,WALWrite
1785009463023,648.2,54834.1,1941.3,5243.1,4565924,122374271,60563973969,1189353,925913.659,16917501631,15,ClientRead
1785009464021,769.5,54917.4,1858.6,5240.6,4568204,122447002,60628446873,1189899,926431.6529999998,16917501631,18,WALWrite
1785009465024,769.8,54998.9,1834.9,5242.9,4570350,122512911,60684732311,1190371,926869.3569999998,16917501631,17,ClientRead
1785009466021,668.9,55030.8,1849.2,5244.6,4572690,122571470,60737716707,1190924,927372.0049999998,16917501631,8,WALWrite
1785009467021,652.6,54665.4,1917.3,5240.0,4574794,122612604,60761992185,1191407,927790.2679999998,16917501631,11,WALWrite
1785009468023,670.2,54701.1,1934.1,5240.4,4577041,122667395,60796929151,1192004,928306.3139999998,16917501631,12,ClientRead
1785009469021,691.3,54779.4,1851.7,5245.1,4579164,122730636,60856190995,1192556,928806.9959999998,16917501631,18,ClientRead
1785009470020,728.9,54842.5,1876.7,5243.6,4581201,122803321,60911563120,1193027,929233.5429999998,16917501631,22,WALWrite
1785009471021,699.4,54908.6,1901.2,5243.0,4583457,122873141,60959764568,1193596,929745.7229999999,16917501631,9,WALWrite
1785009472022,682.8,54977.2,1884.1,5242.4,4585633,122933041,61007599437,1194110,930236.3809999999,16917501631,16,ClientRead
1785009473023,684.4,55006.6,1928.5,5243.9,4587792,122985226,61039798970,1194648,930698.7109999999,16917501631,12,ClientRead
1785009474022,801.1,54723.6,1835.4,5249.9,4589972,123045473,61091845839,1195159,931172.9619999998,16917501631,12,WALWrite
1785009475022,839.5,54768.1,1844.0,5246.9,4591823,123109631,61143674891,1195532,931638.5099999998,16917501631,62,ClientRead
1785009476023,1515.6,54801.1,1322.8,5242.2,4593319,123161321,61175161497,1195816,932004.2559999998,16917501631,6,VacuumTruncate
1785009477021,699.0,54825.8,1985.3,5246.1,4594797,123211981,61210678618,1196198,932428.6669999999,16917501631,8,WALWrite
1785009478021,731.0,54886.5,1986.1,5250.4,4596428,123265257,61257242679,1196722,932965.7779999998,16917501631,14,WALWrite
1785009479021,720.8,54945.6,1865.3,5245.6,4598124,123322900,61305196947,1197235,933485.1469999999,16917501631,9,WALWrite
1785009480022,776.4,55021.5,1935.7,5252.1,4599818,123397543,61378377195,1197668,933941.2409999998,16917501631,10,ClientRead
1785009481021,750.6,54658.9,1899.2,5249.5,4601402,123461266,61421536561,1198133,934416.0619999998,16917501631,14,ClientRead
1785009482021,770.5,54689.0,1925.0,5252.6,4602947,123525058,61463597784,1198593,934869.6719999999,16917501631,11,ClientRead
1785009483020,732.2,54735.9,1934.9,5251.4,4604450,123579438,61510339142,1199049,935353.8249999998,16917501631,15,WALWrite
1785009484021,821.9,54813.7,1866.9,5256.1,4605982,123633927,61548800316,1199516,935827.7619999999,16917501631,13,WALWrite
1785009485021,835.4,54884.8,1863.0,5257.1,4607364,123684698,61598869985,1199869,936235.2569999999,16917501631,9,ClientRead
1785009486021,827.9,54936.2,1895.3,5256.3,4608749,123767750,61665819171,1200269,936690.2489999998,16917501631,7,ClientRead
1785009487021,755.0,54957.2,1968.7,5259.9,4610245,123834262,61709518624,1200718,937161.3159999998,16917501631,17,WALWrite
1785009488023,748.5,55015.8,1929.0,5257.5,4611886,123889781,61752307724,1201188,937676.2349999998,16917501631,5,ClientRead
1785009489022,735.7,54634.9,1899.6,5271.6,4613419,123944426,61797445297,1201644,938124.7409999999,16917501631,14,ClientRead
1785009490021,781.8,54657.4,1914.0,5249.7,4614849,123993416,61833096626,1202102,938594.1379999999,16917501631,9,WALWrite
1785009491026,777.7,54735.7,1853.1,5256.3,4616401,124052974,61898102034,1202579,939119.6569999999,16917501631,19,WALWrite
1785009492023,799.1,54812.9,1955.2,5256.9,4617973,124113199,61947400624,1202959,939539.6759999999,16917501631,27,WALWrite
1785009493022,736.4,54890.7,1964.3,5263.7,4619465,124178191,61991621389,1203386,940011.0699999998,16917501631,16,ClientRead
1785009494022,832.5,54989.8,1922.6,5267.6,4621007,124232879,62040957537,1203826,940476.2619999999,16917501631,8,ClientRead
1785009495021,833.3,54655.5,1886.7,5266.0,4622508,124282653,62080122870,1204272,940957.8279999999,16917518015,10,ClientRead
1785009496022,853.8,54746.2,1879.2,5263.1,4623790,124318948,62103529674,1204636,941373.0449999998,16917599935,31,ClientRead
1785009497022,834.5,54832.9,1853.9,5264.6,4625280,124372987,62151738607,1205057,941863.6049999997,16931534527,7,ClientRead
1785009498021,752.0,54976.7,1844.4,5260.9,4626854,124435434,62212222163,1205491,942307.1279999998,16944748223,27,WALWrite
1785009499021,789.5,54692.8,1864.0,5260.7,4628478,124498855,62260170314,1205918,942770.3409999999,16959239871,9,ClientRead
1785009500020,759.7,54796.4,1875.7,5267.8,4630004,124559712,62316018152,1206367,943233.8229999997,16974304959,7,VacuumTruncate
1785009501022,777.0,54901.6,1835.4,5260.2,4631562,124615710,62367033061,1206794,943716.1859999999,16987944639,12,WALWrite
1785009502021,813.0,55025.3,1776.4,5264.7,4633183,124686914,62435279192,1207307,944235.7299999999,17000584895,13,WALWrite
1785009503022,752.2,54717.5,1847.0,5263.5,4634662,124748373,62480269915,1207730,944672.3239999998,17015363263,8,ClientRead
1785009504022,841.9,54849.1,1835.7,5262.0,4636120,124799268,62528881577,1208184,945147.021,17031009983,36,WALWrite
1785009505020,889.2,54960.2,1808.1,5261.7,4637606,124850466,62568599792,1208569,945569.8129999998,17044526783,74,WALWrite
1785009506022,1696.5,55030.4,1176.1,5262.5,4638897,124878631,62587765227,1208830,945927.0279999999,17052325567,14,WALWrite
1785009507021,869.3,54707.7,1840.6,5265.5,4640449,124927476,62637398046,1209132,946296.1079999999,17069151935,9,VacuumTruncate
1785009508021,763.8,54830.2,1895.5,5263.5,4641965,124983529,62691409407,1209564,946775.4089999999,17084962495,14,ClientRead
1785009509023,760.3,54931.5,1904.8,5265.7,4643376,125034332,62729993531,1209976,947210.3779999999,17100125887,13,ClientRead
1785009510027,758.1,54803.7,1836.8,5270.7,4644853,125087354,62769838724,1210418,947669.3439999998,17115707071,30,WALWrite
1785009511022,853.7,54719.2,1794.6,5263.0,4646413,125135368,62813495130,1210855,948117.8419999998,17129699007,20,WALWrite
1785009512021,814.3,54794.2,1853.4,5268.3,4648109,125184083,62851635794,1211306,948615.2739999999,17144395455,20,WALWrite
1785009513021,858.2,54889.2,1810.7,5267.3,4649635,125231209,62899360542,1211704,949034.8409999999,17158731455,20,WALWrite
1785009514023,888.5,55032.7,1798.5,5271.6,4651007,125287789,62958418443,1212060,949468.1669999999,17172870847,10,ProcArray
1785009515022,951.5,54660.6,1702.9,5265.0,4652240,125337777,62997693281,1212388,949833.431,17184634559,21,extend
1785009516021,980.7,54720.5,1666.5,5267.7,4653620,125387372,63032792058,1212725,950216.5449999999,17198864063,12,WALWrite
1785009517020,821.0,54799.0,1945.6,5272.8,4654951,125440184,63066791856,1213054,950591.5789999999,17214559935,17,WALWrite
1785009518020,840.8,54821.3,1940.2,5263.8,4656247,125487380,63113062183,1213420,951014.948,17230468799,14,ClientRead
1785009519022,828.0,54889.8,1874.6,5266.6,4657660,125537054,63154707131,1213825,951420.456,17245558463,10,WALWrite
1785009520023,857.8,54950.4,1840.6,5248.3,4659119,125586006,63192358734,1214197,951818.504,17259501247,10,WALWrite
1785009521022,832.5,55034.9,1777.8,5268.4,4660597,125638134,63260188593,1214569,952219.909,17273599679,16,WALWrite
1785009522023,851.2,54706.7,1825.0,5265.6,4662017,125701395,63317809083,1214921,952607.1829999998,17287206591,9,ClientRead
1785009523021,822.7,54759.9,1865.2,5270.4,4663518,125762581,63358377926,1215308,953046.6759999999,17301984959,18,ClientRead
1785009524021,913.2,54846.7,1826.5,5267.7,4664904,125823130,63396434778,1215656,953455.588,17316828863,17,ClientRead
1785009525026,912.7,54919.5,1786.0,5267.7,4666623,125870240,63444861474,1216022,953857.6369999999,17330878143,9,ClientRead
1785009526021,909.8,54988.1,1763.8,5278.0,4668114,125917229,63486733184,1216380,954267.298,17343190719,22,WALWrite
1785009527021,875.7,54635.8,1864.9,5285.3,4669382,125963044,63524075606,1216738,954715.5329999999,17358411455,16,ClientRead
1785009528023,850.1,54720.6,1878.7,5284.9,4670643,126005196,63559847633,1217054,955142.6949999998,17374201535,12,WALWrite
1785009529024,875.7,54822.6,1873.7,5282.2,4671915,126062064,63628020696,1217353,955578.1259999999,17389065919,5,VacuumTruncate
1785009530021,827.0,54885.5,1891.5,5250.3,4673153,126126115,63686958095,1217708,955945.6669999999,17403270847,12,WALWrite
1785009531021,736.4,54950.8,1839.0,5251.9,4674605,126194700,63731019237,1218117,956372.9909999999,17417737919,16,WALWrite
1785009532022,789.2,55031.6,1864.2,5253.0,4675866,126250177,63769736044,1218499,956759.8339999999,17432958655,31,WALWrite
1785009533024,830.0,54754.7,1800.7,5251.3,4677332,126301396,63818554081,1218887,957162.6989999999,17446655679,9,ClientRead
1785009534022,852.8,54866.8,1781.6,5253.2,4678841,126358748,63865002284,1219297,957588.3809999999,17461499583,18,ClientRead
1785009535020,937.9,55079.1,1778.1,5251.5,4680159,126415726,63933632530,1219636,957988.2269999998,17474016959,73,extend
1785009536021,1784.9,54698.1,1114.7,5244.7,4681403,126455928,63970662467,1219900,958349.0839999998,17485231807,54,ClientRead
1785009537021,1436.4,54771.8,1346.1,5261.9,4682275,126489057,63999552443,1220069,958601.1519999999,17495348927,20,ClientRead
1785009538022,890.0,54866.4,1914.3,5258.2,4683363,126542997,64041039767,1220369,959005.5299999999,17511863999,16,WALWrite
1785009539024,842.3,54938.7,1898.1,5259.3,4684521,126596789,64074245246,1220742,959389.7869999999,17528346303,11,ClientRead
1785009540021,867.5,54992.3,1857.6,5257.4,4685576,126638902,64110008467,1221090,959754.2329999999,17544631999,6,BufferContent
1785009541022,827.5,54686.0,1898.1,5255.1,4686680,126687245,64155716753,1221427,960172.7199999999,17560360639,29,ClientRead
1785009542024,840.3,54742.5,1842.8,5255.9,4687869,126734250,64196405409,1221784,960548.3589999999,17575220927,20,WALWrite
1785009543022,860.9,54819.3,1784.1,5255.6,4688962,126766851,64220161909,1222093,960867.8589999998,17588532927,20,WALWrite
1785009544021,954.6,54943.2,1788.6,5254.3,4690278,126825005,64285013461,1222486,961294.3919999998,17603679935,23,ClientRead
1785009545022,958.7,55047.9,1769.1,5256.9,4691410,126880014,64346679878,1222780,961639.7029999997,17617647295,11,ClientRead
1785009546022,918.7,54728.8,1786.3,5254.8,4692523,126938499,64398269796,1223119,961991.5769999998,17631532735,9,VacuumTruncate
1785009547021,913.7,54807.2,1788.7,5251.5,4693798,127003060,64443219295,1223494,962411.1089999998,17645557439,27,WALWrite
1785009548021,908.8,54861.7,1809.5,5255.5,4695022,127064590,64482143355,1223867,962828.0859999999,17659811519,13,WALWrite
1785009549023,855.8,54929.6,1896.6,5259.5,4696223,127115126,64536169040,1224219,963200.3269999998,17677424319,15,ClientRead
1785009550021,887.9,55021.3,1862.3,5257.9,4697346,127163957,64580704555,1224571,963590.4859999998,17689917119,22,WALWrite
1785009551022,923.9,54699.9,1769.6,5253.7,4698609,127211059,64619162625,1224929,963990.0289999997,17703786175,9,ClientRead
1785009552020,910.8,54793.8,1736.3,5258.0,4699953,127262402,64681741942,1225277,964400.9899999999,17717737151,9,ClientRead
1785009553021,871.5,54898.5,1805.9,5255.9,4701184,127318909,64739157233,1225595,964770.8199999998,17730885311,9,ClientRead
1785009554023,862.6,55018.7,1850.9,5264.8,4702432,127379284,64788720420,1225950,965137.8759999998,17748506303,8,ClientRead
1785009555022,930.4,54708.5,1799.8,5256.0,4703569,127435166,64824964223,1226281,965486.6749999999,17762293439,9,ClientRead
1785009556020,937.7,54799.7,1809.2,5253.0,4704766,127490219,64868766342,1226616,965891.3229999999,17775859391,18,WALWrite
1785009557023,927.4,54892.2,1753.4,5257.1,4705841,127531181,64910637584,1226949,966274.0949999999,17790195391,16,VacuumTruncate
1785009558023,926.0,54942.0,1748.5,5260.8,4706922,127577428,64952919739,1227284,966597.7619999999,17804719807,12,ClientRead
1785009559021,858.1,55032.9,1756.4,5253.5,4708039,127623361,64991559942,1227627,966983.5849999998,17819399871,25,WALWrite
1785009560022,896.2,54692.9,1734.9,5255.1,4709112,127675990,65058975226,1227938,967447.1059999998,17832523455,8,ClientRead
1785009561022,903.6,54799.6,1799.5,5254.6,4710321,127735176,65117587727,1228292,967862.5749999998,17846834879,24,WALWrite
1785009562021,895.3,54894.3,1774.2,5256.6,4711381,127788638,65160655225,1228591,968190.5649999998,17860753087,24,WALWrite
1785009563020,841.9,54961.3,1815.4,5257.7,4712517,127847591,65197735622,1228954,968585.6479999998,17875809983,11,VacuumTruncate
1785009564022,905.7,55071.1,1821.3,5256.5,4713624,127898739,65247191810,1229307,968946.4789999998,17890260671,13,VacuumTruncate
1785009565023,917.3,54831.9,1837.0,5259.5,4714697,127931372,65272385644,1229643,969239.3249999998,17905424063,9,BufferContent
1785009566026,1720.8,54873.0,1223.4,5249.4,4715574,127971862,65314738849,1229895,969614.0749999998,17914377919,78,extend
1785009567021,1850.2,54923.3,1142.5,5253.1,4716360,127992234,65330563524,1230033,969918.1589999999,17922365119,36,extend
1785009568026,1021.3,55012.8,1825.1,5311.5,4717105,128030863,65366906537,1230250,970249.1349999998,17942664895,9,VacuumTruncate
1785009569020,859.8,54701.9,1934.6,5346.5,4717875,128077056,65407733582,1230571,970617.5099999998,17959483071,15,ClientRead
1785009570021,869.6,54739.4,1926.1,5366.2,4718755,128132745,65477084200,1230881,970960.0359999998,17978447551,12,ClientRead
1785009571024,866.9,54861.3,1864.6,5369.7,4719593,128182466,65531670345,1231193,971259.7049999998,18002065087,23,ClientRead
1785009572021,886.5,54945.2,1831.1,5375.0,4720573,128237827,65582234871,1231519,971634.9269999998,18028009151,20,WALWrite
1785009573020,913.2,54646.1,1814.0,5378.5,4721594,128294606,65627992928,1231843,971936.5809999999,18050954943,14,ClientRead
1785009574022,941.2,54759.8,1814.0,5376.5,4722640,128353296,65666737024,1232185,972335.6889999998,18073974463,11,DataFileRead
1785009575021,958.5,54892.6,1798.3,5378.1,4723708,128404173,65713062547,1232523,972669.7459999998,18097510079,19,ClientRead
1785009576022,953.0,54595.3,1800.3,5377.5,4724595,128455934,65766376986,1232789,972973.8479999998,18120726207,18,BufferMapping
1785009577021,952.8,54695.6,1769.0,5381.4,4725623,128503106,65808317609,1233131,973311.3449999999,18144007871,15,ClientRead
1785009578025,959.4,54787.5,1786.4,5377.1,4726658,128556668,65852014271,1233438,973665.2619999999,18165741247,28,extend
1785009579021,974.9,54863.8,1776.8,5378.5,4727701,128605627,65916649311,1233769,974005.0189999999,18188302015,13,ClientRead
1785009580023,925.6,54571.0,1780.9,5386.2,4728691,128661224,65972071271,1234063,974339.9949999999,18211268287,10,VacuumTruncate
1785009581022,922.8,54668.6,1759.0,5384.3,4729704,128719108,66023894542,1234389,974729.1719999998,18233505471,15,WALWrite
1785009582021,964.9,54750.3,1685.9,5382.7,4730750,128778514,66067216750,1234732,975092.0019999999,18253518527,5,VacuumTruncate
1785009583022,936.6,54844.5,1718.4,5384.1,4731985,128827461,66116934865,1235084,975426.8349999998,18275038911,14,WALWrite
1785009584023,927.7,54565.7,1811.7,5390.9,4733075,128877283,66168117608,1235407,975768.4419999998,18299270847,24,WALWrite
1785009585025,895.0,54668.7,1830.6,5383.1,4734170,128926258,66213980599,1235730,976113.4929999998,18320832191,10,VacuumTruncate
1785009586021,902.3,54779.8,1802.0,5386.2,4735268,128962025,66245840837,1236049,976472.4369999998,18344539839,11,VacuumTruncate
1785009587024,905.8,54891.6,1813.7,5383.1,4736303,129019593,66313833038,1236359,976797.7009999998,18368976575,15,ClientRead
1785009588023,931.8,54556.0,1735.7,5384.0,4737259,129072644,66367569520,1236690,977165.5009999998,18389489343,16,WALWrite
1785009589021,912.7,54609.7,1826.3,5384.4,4738270,129133493,66417983389,1237008,977502.4999999998,18413205183,11,ClientRead
1785009590022,873.4,54708.0,1786.4,5378.8,4739312,129190823,66460954958,1237340,977858.2949999998,18436642495,16,ClientRead
1785009591022,853.1,54782.9,1815.6,5377.6,4740266,129234020,66506439320,1237634,978170.6709999999,18460473023,24,WALWrite
1785009592024,852.7,54865.3,1831.8,5381.1,4741219,129281472,66551509456,1237968,978520.7379999999,18482919103,6,VacuumTruncate
1785009593022,844.5,54944.3,1771.4,5381.4,4742284,129332756,66594885195,1238342,978897.1659999999,18507626175,15,ClientRead
1785009594020,957.6,54664.5,1722.1,5379.6,4743182,129373497,66640587675,1238648,979207.6369999999,18527827647,13,WALWrite
1785009595021,1001.0,54810.6,1733.3,5377.2,4744104,129423010,66694641044,1238972,979561.09,18549978815,15,WALWrite
1785009596021,1761.5,54902.8,1072.5,5374.2,4745054,129469622,66736714566,1239255,980021.8979999999,18562791103,68,BufferContent
1785009597023,2021.6,54498.8,939.3,5419.7,4745567,129480414,66744104377,1239357,980161.3659999999,18571253439,82,extend
1785009598021,1383.3,54547.4,1404.1,5526.6,4746422,129505389,66763962809,1239571,980492.8169999999,18584303295,12,extend
1785009599022,925.4,54257.4,1878.4,5713.6,4747271,129561397,66808898623,1239872,980832.23,18616350399,15,WALWrite
1785009600023,910.3,54370.0,1873.8,5815.1,4748071,129614910,66843888191,1240165,981230.6989999999,18643875519,9,
1785009601022,892.8,54086.9,1844.3,5857.5,4748697,129653963,66880707890,1240413,981553.4399999998,18671236799,26,WALWrite
1785009602022,901.4,54157.9,1859.8,5886.5,4749484,129695476,66925282031,1240661,981961.3919999999,18696935103,26,ClientRead
1785009603022,849.4,54273.5,1886.4,5892.4,4750282,129741703,66969159322,1240965,982385.1719999999,18722772671,18,ClientRead
1785009604023,922.1,54382.9,1778.6,5907.8,4751113,129783649,67006370027,1241264,982730.995,18746758847,10,
1785009605023,970.0,54096.3,1765.2,5914.1,4751814,129811732,67029314735,1241501,982971.1199999999,18770753215,25,WALWrite
1785009606023,988.9,54245.2,1734.7,5911.6,4752593,129870996,67100498166,1241771,983315.873,18792224447,5,WALWrite
1785009607025,961.6,54369.5,1787.4,5912.4,4753401,129924574,67164307156,1242057,983712.8169999999,18815932095,5,
1785009608021,986.6,54085.1,1744.9,5913.1,4754196,129979446,67220653640,1242314,984024.1359999999,18837591743,29,WALWrite
1785009609024,947.8,54159.1,1789.8,5912.3,4755069,130034425,67268833540,1242590,984422.681,18861471423,17,
1785009610022,954.2,54246.7,1798.1,5920.6,4755953,130093702,67313699748,1242858,984733.9899999999,18885686975,13,extend
1785009611022,929.3,54339.2,1775.5,5914.3,4756751,130148615,67343746406,1243123,985046.1449999999,18906101439,17,WALWrite
1785009612023,958.7,54054.1,1723.6,5919.1,4757690,130193646,67391451986,1243403,985409.32,18929481407,13,BufferContent
1785009613022,871.8,54130.3,1828.0,5917.3,4758575,130237033,67436454650,1243665,985798.764,18950256319,12,ClientRead
1785009614020,965.3,54252.1,1792.1,5919.5,4759549,130289972,67489022380,1243933,986129.3309999999,18973939391,20,WALWrite
1785009615021,1011.3,54339.2,1701.3,5937.1,4760559,130338897,67532418420,1244232,986556.345,18996999871,7,
1785009616023,973.3,54069.0,1742.2,5941.9,4761242,130375257,67561600130,1244469,986878.811,19018102463,17,BufferMapping
1785009617021,986.4,54181.7,1789.8,5941.6,4761981,130423210,67621103762,1244715,987194.923,19043374783,10,ClientRead
1785009618021,977.9,54281.1,1782.8,5949.3,4762804,130470491,67674237817,1244976,987549.553,19066074815,25,BufferContent
1785009619023,982.3,54000.0,1747.6,5959.5,4763628,130514658,67718747872,1245230,987844.593,19087513279,14,ClientRead
1785009620022,993.1,54056.3,1743.5,5951.4,4764444,130566518,67765970230,1245509,988185.752,19109566143,22,ClientRead
1785009621021,970.5,54144.8,1742.3,5956.4,4765191,130612947,67804766933,1245759,988486.723,19131963071,8,WalSync
1785009622027,910.3,54221.3,1844.2,5956.5,4765988,130662711,67841493455,1246031,988793.392,19155068607,8,extend
1785009623026,916.3,54311.9,1785.1,5962.5,4766798,130718600,67880392424,1246302,989142.928,19178624703,12,ClientRead
1785009624022,971.4,54054.8,1769.5,5968.1,4767515,130755015,67917795966,1246556,989501.6859999999,19202848447,10,WALWrite
1785009625024,952.6,54218.0,1797.8,5974.2,4768230,130794853,67956769863,1246822,989785.6079999999,19224499903,24,WALWrite
1785009626020,1632.8,54299.6,1238.7,5965.3,4768947,130827507,67988573709,1247070,990176.961,19241514687,68,WALWrite
1785009627021,2036.0,53903.9,874.6,5991.0,4769376,130844779,68003919458,1247166,990384.307,19251705535,74,ClientRead
1785009628021,1503.7,53981.4,1319.4,6052.8,4770087,130873944,68029658862,1247348,990678.243,19272406719,9,ClientRead
1785009629022,879.0,54085.2,1865.7,6125.7,4771023,130915966,68070757971,1247641,991004.653,19296638655,14,extend
1785009630023,885.9,54169.6,1909.4,6146.8,4771760,130959355,68110046073,1247920,991423.451,19321722559,18,ClientRead
1785009631022,897.9,53893.9,1821.3,6182.0,4772511,131003648,68153463479,1248175,991794.501,19350656703,10,ClientRead
1785009632022,840.2,54002.6,1913.8,6197.0,4773267,131056846,68218987782,1248475,992155.711,19376559807,6,BufferContent
1785009633021,853.8,54097.2,1853.0,6192.3,4773988,131107536,68281507414,1248729,992496.046,19402036927,25,WALWrite
1785009634022,816.8,53834.3,1805.2,6206.6,4774716,131148155,68326587627,1248942,992891.068,19424810687,9,ClientRead
1785009635025,913.6,53948.6,1820.4,6212.7,4775490,131201727,68385587323,1249212,993356.5479999997,19448682175,20,SpinDelay
1785009636020,930.2,54043.7,1773.1,6215.6,4776225,131251557,68440020377,1249484,993672.1829999998,19473467071,29,ClientRead
1785009637022,919.5,53773.5,1825.0,6217.4,4776911,131304308,68494580161,1249720,994029.502,19497678527,20,ClientRead
1785009638024,884.9,53905.4,1798.5,6227.0,4777606,131347620,68541505500,1249979,994311.0209999998,19521558207,11,ClientRead
1785009639022,900.4,53998.2,1832.3,6224.5,4778346,131390745,68589105042,1250255,994633.0539999999,19545896639,11,DataFileRead
1785009640024,937.2,54071.9,1796.5,6225.0,4779174,131432648,68629047211,1250554,994928.2409999999,19569137343,12,ClientRead
1785009641020,944.4,53783.8,1771.1,6218.6,4779973,131465079,68653766752,1250820,995235.6419999999,19591558847,20,ClientRead
1785009642021,868.2,53887.8,1851.4,6227.2,4780816,131508218,68694111065,1251119,995556.5199999998,19617076927,6,
1785009643022,884.4,53992.4,1773.6,6221.7,4781608,131555354,68734965664,1251387,995849.7639999999,19639531199,20,ClientRead
1785009644021,970.8,53759.9,1697.2,6222.3,4782436,131602370,68774470098,1251618,996160.9329999998,19660183231,27,extend
1785009645021,1016.6,53913.8,1704.0,6218.7,4783517,131664783,68824761103,1251898,996500.7409999999,19682547391,12,WALWrite
1785009646022,979.5,54008.5,1709.2,6226.7,4784403,131716968,68885300672,1252171,996796.5309999998,19704772287,15,ClientRead
1785009647020,966.5,54152.9,1808.8,6219.5,4785117,131759334,68934229278,1252413,997100.4359999999,19729528511,10,ClientRead
1785009648021,939.4,53913.1,1803.1,6222.5,4785824,131809268,68989167199,1252652,997397.9509999999,19752031935,15,BufferMapping
1785009649021,937.9,54048.4,1770.3,6223.9,4786536,131853245,69037036806,1252887,997620.1459999998,19777640127,14,extend
1785009650021,939.1,54161.5,1709.1,6226.8,4787306,131903301,69090279271,1253144,997966.6499999998,19799488191,22,WALWrite
1785009651021,1007.8,54245.2,1688.6,6223.7,4788106,131950300,69138055567,1253426,998328.89,19822778047,24,ClientRead
1785009652022,976.9,54094.1,1677.7,6220.4,4788889,131992907,69181128222,1253660,998600.152,19845510847,15,extend
1785009653021,900.4,54178.3,1792.5,6222.8,4789677,132035525,69223348044,1253941,998872.5629999998,19869136575,16,ClientRead
1785009654020,987.1,54323.3,1735.0,6225.3,4790499,132075424,69261786371,1254231,999210.614,19893130943,6,DataFileExtend
1785009655021,993.6,54205.2,1681.1,6222.7,4791220,132113788,69296638662,1254479,999550.2169999998,19914340031,15,DataFileRead
1785009656021,1687.8,54271.6,1246.6,6217.8,4791808,132139887,69320078648,1254658,999772.6719999999,19928364735,76,WALWrite
1785009657023,1957.0,54343.7,964.0,6220.3,4792355,132160336,69337454789,1254798,1000039.213,19938801343,75,BufferMapping
1785009658021,2114.0,54208.5,792.9,6235.2,4792921,132183149,69357853305,1254928,1000324.12,19956274879,47,WALWrite
1785009659022,1239.9,54113.4,1634.7,6242.4,4793617,132223222,69396519014,1255115,1000568.651,19981989567,13,BufferMapping
1785009660023,932.2,53902.0,1858.0,6263.3,4794232,132249231,69419413729,1255319,1000868.495,20007188159,13,DataFileWrite
1785009661024,920.7,53917.5,1833.0,6287.1,4794812,132300365,69468660723,1255516,1001153.2459999999,20038579903,14,WALWrite
1785009662022,979.6,53747.6,1871.0,6296.5,4795457,132340043,69504672174,1255750,1001455.183,20065564351,11,BufferMapping
1785009663026,906.1,53857.9,1899.5,6295.9,4796119,132389765,69545564940,1255981,1001790.9469999998,20092835519,10,WALWrite
1785009664021,1006.3,54019.7,1742.8,6297.5,4796811,132436787,69585608941,1256220,1002054.1449999999,20116027071,20,WALWrite
1785009665024,1021.1,53771.0,1712.9,6298.4,4797435,132488505,69633390763,1256434,1002361.3849999998,20138538687,15,ClientRead
1785009666021,1010.8,53862.2,1708.0,6297.7,4798160,132542250,69680608584,1256660,1002708.5029999998,20160050879,12,ClientRead
1785009667027,1088.2,53969.2,1641.2,6299.3,4798977,132590261,69722299520,1256925,1003068.2339999998,20181857983,7,ClientRead
1785009668025,1006.2,54089.3,1708.4,6307.9,4799728,132649268,69774610234,1257177,1003417.98,20201715391,9,WalSync
1785009669021,964.6,54006.2,1776.0,6305.3,4800471,132703721,69819784476,1257414,1003713.6039999999,20226029247,12,DataFileRead
1785009670023,1003.5,54129.3,1714.8,6303.9,4801258,132742694,69862175577,1257659,1004028.7919999999,20248803007,23,extend
1785009671022,1013.0,54233.6,1738.7,6303.2,4802033,132780944,69905225125,1257915,1004357.3219999999,20271363775,15,BufferMapping
1785009672021,1000.6,54078.1,1676.8,6307.9,4802869,132815533,69942947714,1258147,1004619.1769999998,20292548287,14,WalSync
1785009673023,976.9,54207.4,1743.6,6309.4,4803694,132849079,69975831253,1258385,1004920.141,20313659071,10,WalSync
1785009674021,995.3,53971.6,1706.8,6313.9,4804500,132886068,70013399338,1258610,1005197.2289999999,20336178879,22,ClientRead
1785009675025,1000.3,54137.1,1749.0,6310.3,4805375,132923969,70049947984,1258857,1005484.7949999998,20357920447,15,WALWrite
1785009676022,985.3,54078.1,1755.7,6317.6,4806055,132972973,70097222947,1259087,1005873.0179999999,20382987967,66,WALWrite
1785009677022,905.7,54172.4,1726.5,6314.7,4806783,133017726,70139544488,1259284,1006350.32,20405892799,15,ClientRead
1785009678025,962.8,54090.2,1813.0,6319.9,4807512,133069671,70186483836,1259531,1006675.8049999999,20431312575,23,WALWrite
1785009679023,989.1,53945.2,1747.3,6322.1,4808107,133098629,70210399698,1259729,1006952.7279999999,20452529855,18,WALWrite
1785009680021,1041.6,54025.1,1711.3,6317.7,4808886,133162820,70243219860,1260019,1007300.3329999998,20475950783,10,
1785009681022,1017.8,53949.8,1749.7,6323.4,4809659,133216951,70269341911,1260300,1007672.7019999998,20496840383,20,WALWrite
1785009682022,1001.6,54047.8,1726.5,6331.2,4810361,133262587,70293560659,1260516,1007950.7339999998,20520834751,21,extend
1785009683020,995.7,54082.6,1744.8,6330.9,4811112,133314444,70318172410,1260772,1008242.9609999999,20542396095,20,ClientRead
1785009684022,1038.3,54188.6,1691.0,6327.2,4811905,133370376,70343394823,1261055,1008576.7379999998,20564235967,9,BufferContent
1785009685023,1042.4,54034.3,1694.8,6324.8,4812683,133415869,70375865147,1261289,1008816.6099999999,20585068223,15,WALWrite
1785009686023,1478.0,53882.8,1424.5,6319.9,4813059,133448056,70418937190,1261413,1009052.1839999999,20601829055,85,extend
1785009687020,2041.6,53894.7,902.2,6321.1,4813645,133475055,70447991163,1261568,1009410.8829999999,20612781759,68,WALWrite
1785009688021,2138.2,53593.7,771.3,6424.9,4814248,133495375,70468390550,1261721,1009749.3259999999,20627740351,70,WALWrite
1785009689021,1505.0,53644.4,1345.0,6575.4,4814857,133523772,70497765632,1261881,1010023.7399999999,20643378879,43,WALWrite
1785009690023,948.7,53586.8,1818.4,6774.9,4815550,133574995,70551145612,1262097,1010357.0299999999,20670437055,11,BufferContent
1785009691020,969.2,53689.9,1795.9,6881.5,4816173,133623091,70597723610,1262322,1010698.6379999999,20694128319,11,BufferMapping
1785009692021,917.6,53386.4,1836.1,6987.0,4816862,133677262,70644937157,1262563,1011064.2229999999,20724061887,10,ClientRead
1785009693022,852.9,53464.7,1876.1,7018.4,4817437,133704753,70668777803,1262771,1011327.8059999999,20747171519,8,
1785009694020,885.5,53460.8,1828.1,7056.6,4818017,133757559,70700877839,1263016,1011596.639,20776048319,17,BufferMapping
1785009695021,858.3,53422.3,1838.7,7073.2,4818584,133802514,70729399619,1263271,1011882.953,20801763007,20,WALWrite
1785009696022,906.2,53329.7,1827.3,7081.5,4819157,133845461,70757119422,1263516,1012131.573,20830721727,15,WALWrite
1785009697021,924.2,53438.7,1754.7,7094.5,4819758,133888871,70781553490,1263749,1012395.502,20851963583,8,BufferMapping
1785009698021,902.8,53355.8,1804.1,7088.5,4820332,133931947,70804534484,1263996,1012702.5349999999,20876957375,27,extend
1785009699021,922.6,53288.0,1795.1,7094.6,4820972,133982583,70833095570,1264250,1012972.4130000001,20900361919,8,
1785009700024,978.9,53392.6,1763.0,7096.8,4821601,134029860,70857514169,1264519,1013289.245,20924405439,29,WALWrite
1785009701021,995.0,53325.3,1765.8,7100.1,4822227,134074211,70884438186,1264737,1013578.235,20949300927,12,WALWrite
1785009702027,896.8,53411.9,1729.1,7101.1,4822861,134114487,70937112842,1264983,1013885.303,20971148991,19,BufferMapping
1785009703022,883.7,53338.3,1774.9,7104.6,4823495,134154857,70985089359,1265230,1014223.191,20993472191,42,WALWrite
1785009704023,954.2,53247.3,1689.2,7104.5,4824228,134202018,71031650865,1265487,1014520.1089999998,21015557823,22,ClientRead
1785009705022,975.4,53366.8,1716.2,7108.2,4825092,134247497,71072637221,1265729,1014867.3169999999,21039003327,26,WALWrite
1785009706022,988.7,53266.6,1728.1,7109.0,4825917,134280235,71100205492,1265973,1015156.5109999998,21059995327,12,ClientRead
1785009707021,962.4,53390.1,1776.5,7110.6,4826616,134345632,71139745358,1266245,1015497.6279999999,21085468351,12,DataFileExtend
1785009708021,935.7,53285.2,1740.4,7116.6,4827162,134392769,71165309149,1266420,1015745.0759999999,21107439295,15,ClientRead
1785009709021,971.4,53369.1,1761.7,7112.2,4827829,134436995,71190066614,1266674,1016133.1299999999,21129836223,21,WALWrite
1785009710023,997.2,53274.7,1701.8,7118.8,4828490,134486734,71216509146,1266899,1016404.2429999999,21151135423,19,WALWrite
1785009711023,1056.6,53173.9,1680.1,7117.3,4829176,134526773,71234896137,1267115,1016627.8609999999,21172336319,12,
1785009712020,872.2,53239.2,1835.7,7124.9,4829783,134580137,71261918745,1267358,1016944.8329999999,21198370495,44,WALWrite
1785009713021,858.7,53340.8,1820.9,7121.2,4830437,134629235,71298643198,1267602,1017208.8829999998,21224306367,11,BufferMapping
1785009714022,950.3,53272.9,1814.7,7119.0,4831051,134670990,71350427577,1267829,1017498.4179999998,21247768255,18,extend
1785009715024,1035.1,53229.6,1697.3,7123.7,4831608,134711576,71393992594,1268036,1017805.4729999999,21268027071,31,WALWrite
1785009716023,1272.8,53327.7,1567.5,7118.8,4832142,134751782,71432795692,1268221,1018052.3839999998,21288449727,86,extend
1785009717020,2158.7,53386.8,824.5,7120.0,4832728,134768464,71445686742,1268412,1018350.6719999998,21300913855,82,ClientRead
1785009718023,2099.0,53229.2,902.2,7120.7,4833169,134784639,71460120233,1268524,1018566.4809999999,21309535935,80,BufferContent
1785009719020,2104.4,53258.7,827.9,7182.8,4833645,134801858,71475677424,1268634,1018837.8549999999,21323503295,42,extend
1785009720021,1185.8,52915.7,1588.9,7281.1,4834225,134830301,71502199307,1268801,1019155.306,21341337279,14,WALWrite
1785009721021,1005.2,52669.8,1834.6,7427.5,4834813,134877595,71546920070,1269037,1019450.0909999999,21372122815,27,BufferContent
1785009722022,905.1,52765.8,1922.0,7496.5,4835285,134927546,71591266496,1269233,1019749.493,21401515711,17,WALWrite
1785009723021,947.5,52513.7,1855.9,7542.6,4835783,134972787,71625756413,1269432,1020006.056,21434160831,11,ClientRead
1785009724021,951.0,52632.1,1885.7,7546.6,4836258,135016840,71651321045,1269622,1020281.161,21459515071,27,WALWrite
1785009725022,993.8,52741.7,1825.9,7556.8,4836805,135065123,71682260245,1269836,1020530.152,21486778047,12,WalSync
1785009726025,1095.4,52436.0,1735.8,7566.9,4837318,135107846,71704346408,1270045,1020782.054,21510854335,16,BufferMapping
1785009727021,943.4,52576.1,1846.6,7558.8,4837829,135153504,71731101632,1270270,1021077.2529999999,21535897279,30,WALWrite
1785009728023,1086.4,52626.3,1728.5,7566.0,4838406,135202109,71757754081,1270509,1021315.2629999999,21560563391,14,WalSync
1785009729023,986.8,52719.4,1817.4,7560.7,4838895,135247821,71779304680,1270706,1021665.0059999999,21584443071,20,WALWrite
1785009730024,1004.5,52462.7,1706.5,7573.2,4839495,135300004,71806938705,1270902,1022057.8119999999,21606799039,11,
1785009731022,1063.6,52588.6,1700.6,7569.6,4840079,135342765,71856801781,1271117,1022347.4359999999,21630334655,17,WalSync
1785009732022,976.1,52646.7,1768.2,7573.2,4840627,135388368,71913068347,1271331,1022650.422,21652027071,20,BufferContent
1785009733024,1000.9,52414.4,1721.2,7575.0,4841213,135412127,71932234607,1271522,1022933.948,21674555071,10,
1785009734023,979.6,52527.6,1753.3,7578.5,4841823,135463534,71986869616,1271733,1023230.8629999999,21697959615,27,WALWrite
1785009735021,996.2,52675.9,1657.9,7587.7,4842478,135509312,72030359768,1271961,1023531.853,21719176895,19,WALWrite
1785009736024,1062.0,52423.2,1675.6,7588.5,4843193,135567002,72079884595,1272213,1023846.2509999999,21743212223,15,WALWrite
1785009737024,1007.8,52451.7,1785.5,7584.3,4843790,135618809,72111507654,1272454,1024146.833,21766928063,13,extend
1785009738022,1005.7,52556.1,1763.4,7590.7,4844350,135662640,72137623912,1272689,1024396.739,21790201535,9,BufferMapping
1785009739023,1023.5,52627.6,1738.4,7587.5,4844909,135709956,72163375105,1272922,1024689.9339999998,21813966527,34,WALWrite
1785009740021,1040.8,52705.4,1705.4,7587.4,4845533,135753493,72185819408,1273121,1025106.44,21836256959,16,WALWrite
1785009741022,1137.0,52406.0,1590.5,7589.6,4846026,135794423,72207441960,1273284,1025437.4479999999,21856270015,13,WalSync
1785009742020,1044.1,52498.6,1718.5,7598.0,4846604,135828292,72235537086,1273498,1025737.4729999999,21881165503,15,WALWrite
1785009743024,1002.3,52557.8,1772.1,7589.5,4847192,135870879,72258635948,1273708,1026041.3299999998,21904717503,29,ClientRead
1785009744026,1043.9,52668.6,1741.2,7590.6,4847760,135916866,72281438442,1273936,1026307.4649999999,21930473151,14,WALWrite
1785009745023,993.9,52422.2,1742.3,7589.9,4848336,135956699,72328617123,1274159,1026612.086,21950002879,15,ClientRead
1785009746021,1240.8,52502.9,1615.0,7587.2,4848773,135995133,72375199921,1274341,1026878.0619999999,21968983743,84,extend
1785009747020,2223.8,52538.4,734.2,7589.6,4849361,136025635,72404964673,1274530,1027235.2149999999,21978846911,70,BufferMapping
1785009748021,2107.3,52607.5,912.4,7601.9,4849728,136037623,72416558905,1274628,1027443.8319999999,21989160639,82,extend
1785009749020,2275.8,52650.9,718.6,7635.5,4850083,136055159,72432739198,1274742,1027744.9639999999,22003259071,75,extend
1785009750021,1576.1,52349.8,1313.0,7691.8,4850486,136078581,72455626604,1274888,1028058.2779999999,22017709759,11,ClientRead
1785009751026,873.0,52449.0,1947.6,7758.2,4850987,136132708,72511946223,1275092,1028406.0159999998,22050895551,8,DataFileExtend
1785009752026,853.5,52228.1,1922.3,7786.2,4851456,136182242,72559989361,1275307,1028809.727,22082574015,5,BufferMapping
1785009753021,749.6,52313.0,1993.3,7798.4,4851830,136215844,72591661477,1275494,1029063.4629999999,22112712383,10,ClientRead
1785009754021,802.5,52433.4,1947.8,7802.7,4852306,136255890,72625831122,1275740,1029343.0119999999,22140114623,11,ClientRead
1785009755022,862.6,52253.3,1855.4,7811.9,4852729,136311684,72653713539,1275961,1029635.129,22167598783,7,DataFileExtend
1785009756021,816.8,52288.7,1892.5,7810.3,4853128,136363595,72682545946,1276171,1029877.3069999999,22194714303,8,
1785009757020,839.4,52378.8,1860.7,7819.5,4853619,136410413,72709590308,1276399,1030235.765,22221559487,8,
1785009758022,894.7,52475.1,1836.1,7808.1,4854078,136464104,72736245177,1276608,1030480.462,22243481279,27,BufferMapping
1785009759021,923.6,52211.8,1767.6,7810.3,4854569,136523416,72762551869,1276843,1030741.0989999999,22268647103,7,DataFileRead
1785009760021,963.7,52335.8,1755.4,7813.6,4855067,136578902,72786246011,1277074,1030987.026,22291203775,9,
1785009761022,970.2,52455.6,1748.1,7814.6,4855553,136625019,72832168493,1277300,1031237.785,22315349695,14,BufferMapping
1785009762021,876.0,52197.8,1783.9,7814.5,4856045,136666019,72878712845,1277515,1031529.6769999999,22338942655,34,ClientRead
1785009763021,916.3,52287.7,1787.1,7814.4,4856581,136705270,72920080335,1277734,1031797.812,22362748607,13,ClientRead
1785009764021,941.1,52415.7,1710.6,7819.8,4857186,136755108,72971162599,1277958,1032073.733,22382048959,28,WALWrite
1785009765021,959.8,52183.7,1745.6,7819.0,4857963,136792733,73007037982,1278159,1032336.4959999999,22405297855,10,BufferMapping
1785009766021,911.0,52304.5,1794.8,7821.9,4858768,136851846,73062046777,1278380,1032651.5179999999,22428300991,12,
1785009767027,967.6,52373.0,1766.3,7818.2,4859321,136892173,73092699486,1278591,1032895.093,22451746495,22,transactionid
1785009768022,946.1,52120.6,1742.1,7828.0,4859855,136949060,73120562197,1278819,1033204.5769999999,22474372799,9,ClientRead
1785009769021,888.3,52225.7,1801.0,7821.6,4860394,137000290,73145917536,1279044,1033486.073,22497556159,10,DataFileWrite
1785009770023,993.4,52323.3,1736.8,7827.7,4860945,137053055,73169770515,1279284,1033778.9619999999,22520428223,20,extend
1785009771021,1004.2,52374.4,1740.2,7830.3,4861545,137111601,73196858551,1279522,1034073.1109999999,22542161599,19,ClientRead
1785009772022,943.7,52430.7,1714.6,7830.2,4862083,137162854,73231413463,1279767,1034328.5799999998,22563911359,14,extend
1785009773021,892.8,52256.3,1788.1,7830.6,4862595,137200967,73278588914,1279984,1034623.0329999999,22585865919,19,WALWrite
1785009774021,952.8,52362.2,1744.8,7836.0,4863139,137244016,73324405272,1280169,1034853.3219999999,22609090239,14,ClientRead
1785009775022,940.5,52224.3,1774.0,7838.2,4863697,137285601,73365166408,1280409,1035167.9119999999,22631577279,13,transactionid
1785009776026,1116.9,52309.1,1626.8,7828.4,4864071,137309278,73384749111,1280569,1035373.9429999997,22651524799,81,BufferMapping
1785009777021,2211.5,52353.2,775.0,7828.3,4864641,137343413,73416929393,1280773,1035741.4269999998,22663165631,80,extend
1785009778021,2052.9,52371.7,945.2,7831.8,4865151,137358868,73429948836,1280920,1036007.6719999998,22671431359,77,BufferMapping
1785009779021,1901.2,52420.8,940.1,7855.3,4865549,137374776,73444126574,1281024,1036213.695,22688241343,48,extend
1785009780021,1076.3,52182.3,1742.0,7888.0,4866186,137416902,73482140806,1281228,1036520.0169999998,22705968831,37,WALWrite
1785009781021,1064.1,52222.9,1762.5,7918.1,4866727,137462960,73520721129,1281431,1036810.4819999998,22739023551,25,ClientRead
1785009782023,962.0,52300.1,1798.5,7956.0,4867209,137501615,73551055410,1281639,1037045.0659999999,22767990463,19,ClientRead
1785009783020,977.0,52055.2,1833.4,7987.3,4867703,137542200,73578155232,1281826,1037273.57,22792861375,15,WALWrite
1785009784021,1034.7,52143.5,1755.3,7999.0,4868200,137584789,73602903191,1282045,1037657.8449999999,22822213311,29,extend
1785009785023,1057.2,52216.7,1725.6,7995.8,4868610,137633344,73632838134,1282237,1037862.6669999999,22846691007,15,WalSync
1785009786021,1093.5,52320.0,1700.6,7989.1,4869132,137672663,73656372466,1282457,1038147.5229999999,22868195007,22,ClientRead
1785009787026,1061.4,52024.5,1775.9,7994.8,4869653,137717325,73683648708,1282666,1038425.3869999999,22891853503,21,BufferContent
1785009788022,1037.2,52058.8,1809.3,7991.4,4870150,137763648,73709596351,1282865,1038677.9179999998,22916896447,24,WALWrite
1785009789022,1088.3,52113.9,1712.5,8003.0,4870674,137807171,73733062347,1283055,1039032.867,22940071615,14,BufferMapping
1785009790028,967.5,52188.9,1814.3,8005.1,4871137,137853855,73761099295,1283243,1039293.877,22964147903,32,WALWrite
1785009791023,1170.1,51976.6,1657.9,8005.0,4871610,137885059,73799150670,1283413,1039457.722,22983472831,27,SpinDelay
1785009792021,1028.6,52065.1,1700.0,8000.3,4872169,137921250,73838269037,1283628,1039753.0680000001,23009220287,24,extend
1785009793020,1065.6,52173.2,1736.8,8001.4,4872695,137944713,73857825891,1283803,1039986.3759999999,23032223423,18,ClientRead
1785009794022,1061.9,52292.0,1668.4,8001.1,4873327,137978383,73892651523,1284027,1040295.8739999998,23054186175,21,WALWrite
1785009795025,1081.8,52089.9,1657.9,8003.6,4873940,138007813,73921761747,1284215,1040519.978,23075722943,16,ClientRead
1785009796022,1053.7,52186.1,1754.1,7999.8,4874535,138044298,73957189996,1284431,1040774.3749999999,23099610815,33,BufferMapping
1785009797023,1064.8,52230.6,1755.7,8000.9,4875081,138093283,74002678847,1284651,1041068.1059999999,23124055743,7,
1785009798021,1067.2,52017.7,1734.0,8001.5,4875655,138135266,74041858146,1284851,1041296.755,23146149567,10,
1785009799022,1078.7,52064.3,1646.5,8000.0,4876155,138172292,74075448119,1285044,1041528.3819999999,23166613183,15,BufferMapping
1785009800022,1080.9,52133.5,1692.5,8004.9,4876736,138214748,74109078344,1285258,1041829.602,23188354751,11,DataFileExtend
1785009801021,1030.9,52170.6,1653.9,8003.1,4877263,138270184,74133397443,1285468,1042060.34,23210464959,26,ClientRead
1785009802021,981.6,52230.2,1805.9,8002.4,4877885,138335225,74162211392,1285712,1042363.302,23233320639,16,WALWrite
1785009803023,994.2,51983.4,1749.5,8005.6,4878436,138386301,74186184958,1285934,1042600.4189999999,23256069823,19,WALWrite
1785009804020,933.5,52096.1,1757.8,8005.2,4878946,138445183,74209415380,1286150,1042883.3629999999,23276623551,13,WalSync
1785009805024,939.7,52169.5,1792.2,8004.0,4879513,138498180,74235440260,1286396,1043126.3449999999,23302067903,14,BufferMapping
1785009806021,957.2,52070.1,1738.5,8005.7,4879982,138531323,74264280284,1286612,1043390.6579999999,23319287487,82,BufferMapping
1785009807022,2348.8,52144.4,690.6,8003.4,4880557,138557133,74290272674,1286784,1043680.9579999999,23334631103,71,BufferMapping
1785009808022,2001.6,52141.9,971.0,8001.6,4880805,138563446,74295350084,1286864,1043817.7739999999,23344101055,83,BufferContent
1785009809024,2329.8,52187.0,675.8,8019.4,4881256,138586915,74318790089,1287002,1044005.6939999999,23358330559,57,BufferMapping
1785009810021,1342.7,52232.7,1509.5,8057.8,4881674,138599666,74330758142,1287151,1044221.7969999999,23370364607,31,BufferMapping
1785009811021,1017.8,52065.7,1771.0,8145.4,4882158,138642725,74377104063,1287352,1044524.1939999999,23399405247,20,WALWrite
1785009812026,972.6,51776.8,1794.4,8205.3,4882702,138677526,74414526959,1287567,1044785.0489999999,23424751295,9,
1785009813021,977.9,51871.0,1845.1,8295.2,4883192,138714367,74451427813,1287780,1045061.0339999999,23451031231,6,
1785009814021,955.7,51654.9,1810.4,8365.1,4883758,138750660,74490717743,1288024,1045345.0129999999,23476942527,20,BufferMapping
1785009815026,953.5,51763.9,1788.1,8396.4,4884265,138786568,74528165353,1288236,1045599.0029999999,23501805247,19,BufferMapping
1785009816020,1014.3,51596.2,1747.7,8446.1,4884665,138827582,74571698901,1288412,1045847.818,23526487743,7,
1785009817022,946.9,51679.6,1869.1,8460.3,4885211,138870146,74615593958,1288615,1046111.9359999999,23553210047,32,WALWrite
1785009818022,997.9,51503.2,1765.5,8491.0,4885638,138912275,74659689158,1288792,1046350.4199999999,23580677823,24,ClientRead
1785009819022,952.0,51596.9,1823.1,8499.0,4886135,138948948,74695703677,1288996,1046582.9319999998,23602796223,11,DataFileRead
1785009820022,958.5,51649.9,1833.5,8519.6,4886616,138991532,74732397729,1289198,1046779.2149999999,23629813439,21,WALWrite
1785009821021,964.7,51697.1,1736.2,8531.7,4887149,139035851,74762413793,1289426,1047089.2779999998,23657027263,13,ClientRead
1785009822021,868.7,51734.8,1842.0,8522.2,4887652,139081073,74785353708,1289664,1047371.3639999998,23677458111,15,WALWrite
1785009823022,921.5,51468.6,1772.7,8514.1,4888188,139131074,74808853876,1289919,1047677.0699999998,23703328447,4,
1785009824020,993.3,51549.7,1752.6,8515.5,4888791,139179951,74830532015,1290124,1047924.0729999999,23726184127,13,BufferMapping
1785009825021,1013.1,51606.8,1761.2,8523.7,4889541,139235694,74856709347,1290348,1048204.769,23748114111,23,ClientRead
1785009826021,985.9,51636.2,1694.6,8517.5,4890175,139285536,74875513863,1290553,1048435.4419999999,23767561919,12,ClientRead
1785009827021,988.6,51718.9,1780.8,8522.1,4890738,139327547,74901900897,1290782,1048701.2719999999,23792129727,22,WALWrite
1785009828025,959.6,51495.4,1800.1,8516.8,4891243,139367533,74952121619,1290985,1048952.639,23819597503,20,ClientRead
1785009829022,951.1,51557.3,1789.6,8518.9,4891721,139403129,74991009683,1291195,1049172.69,23841109695,33,ClientRead
1785009830024,984.7,51643.1,1763.6,8508.4,4892255,139439847,75030176091,1291401,1049430.187,23866554047,13,DataFileRead
1785009831023,1055.1,51731.0,1744.0,8514.1,4892746,139474434,75067072357,1291598,1049648.588,23890179775,12,BufferMapping
1785009832021,1002.8,51547.0,1693.0,8516.1,4893196,139510924,75103590491,1291768,1049988.754,23912650431,15,extend
1785009833021,1012.3,51710.3,1705.8,8516.9,4893707,139550145,75145599855,1291993,1050315.7929999998,23935940287,38,ClientRead
1785009834024,1031.7,51542.9,1721.2,8514.8,4894114,139573984,75165775661,1292158,1050523.3109999998,23956092607,28,BufferMapping
1785009835022,1088.2,51666.8,1655.7,8527.7,4894615,139618502,75210464560,1292354,1050777.875,23979497151,13,BufferMapping
1785009836021,1071.2,51509.2,1702.6,8519.9,4895112,139666364,75260073177,1292550,1051045.3599999999,24002279103,80,SpinDelay
1785009837024,2253.9,51581.9,756.9,8514.1,4895575,139679851,75270708984,1292716,1051381.6840000001,24013903551,77,extend
1785009838020,1948.4,51595.5,1054.1,8515.8,4895724,139693310,75283362854,1292753,1051456.214,24021956287,73,extend
1785009839028,2248.8,51622.3,741.4,8519.5,4896164,139706454,75295133532,1292897,1051759.9449999998,24037955263,86,extend
1785009840022,2071.7,51669.6,870.9,8579.5,4896560,139731401,75318612071,1293018,1051983.8369999998,24053282495,47,BufferMapping
1785009841024,1295.0,51423.8,1592.8,8620.7,4897042,139763376,75349394516,1293221,1052324.042,24064726719,28,ClientRead
1785009842021,1062.4,51258.3,1806.4,8810.3,4897479,139810422,75393073658,1293367,1052535.8969999999,24097289919,15,BufferMapping
1785009843020,902.8,51333.4,1983.5,8852.4,4897937,139860410,75434062396,1293570,1052841.6549999998,24129009343,13,BufferContent
1785009844022,998.5,51305.9,1831.9,8863.8,4898310,139889515,75461214177,1293770,1053092.807,24157378239,10,BufferMapping
1785009845023,1022.3,51076.6,1762.2,8896.2,4898779,139935982,75490889795,1293977,1053342.686,24183969471,19,ClientRead
1785009846021,996.8,51155.3,1791.5,8915.9,4899179,139987600,75522952637,1294170,1053582.2459999998,24214550207,10,BufferMapping
1785009847021,930.8,51221.9,1805.5,8943.1,4899621,140038172,75552318749,1294396,1053815.488,24241002175,19,ClientRead
1785009848023,972.3,51284.3,1757.8,8943.8,4899944,140077641,75573439899,1294575,1054063.415,24267060927,21,extend
1785009849024,1052.1,51056.9,1712.7,8930.3,4900369,140125937,75602687216,1294771,1054372.065,24290563775,15,extend
1785009850024,1025.0,51103.3,1767.7,8935.4,4900813,140169745,75628040496,1294967,1054600.102,24316720831,19,ClientRead
1785009851020,1109.7,51158.5,1699.2,8935.8,4901283,140217869,75654894951,1295193,1054862.2459999998,24342124223,15,BufferContent
1785009852021,1044.2,51162.7,1726.4,8939.4,4901793,140259586,75677480464,1295419,1055099.3699999999,24363366079,14,extend
1785009853021,1062.9,51256.1,1693.1,8939.8,4902280,140313024,75703296420,1295626,1055353.5210000002,24385304255,32,WALWrite
1785009854021,1092.9,51117.1,1677.5,8945.7,4902757,140343075,75731397097,1295801,1055582.7319999998,24407725759,10,DataFileRead
1785009855024,1062.7,51192.4,1739.3,8943.1,4903377,140376041,75765719553,1295999,1055816.217,24432170687,15,ClientRead
1785009856021,1070.2,51292.5,1700.2,8945.2,4903897,140406124,75800931559,1296179,1056021.069,24451511999,37,WALWrite
1785009857021,1059.1,51134.7,1707.1,8950.1,4904393,140435013,75831586158,1296358,1056218.91,24474752703,16,ClientRead
1785009858024,1036.0,51232.1,1682.3,8956.4,4904943,140473810,75873061196,1296588,1056484.294,24496469695,62,WALWrite
1785009859021,1032.5,51313.5,1709.6,8955.2,4905442,140517089,75916214252,1296795,1056775.0739999998,24518014655,35,WALWrite
1785009860024,984.0,51138.7,1726.4,8948.6,4905883,140550319,75951174236,1296992,1056987.014,24540239551,27,WALWrite
1785009861022,1081.1,51230.8,1681.5,8952.3,4906380,140587090,75987521881,1297184,1057259.717,24566609599,27,BufferMapping
1785009862025,1015.0,51087.3,1762.0,8958.2,4906816,140628062,76028508321,1297363,1057428.578,24589039295,13,DataFileWrite
1785009863020,963.4,51168.0,1781.1,8959.6,4907313,140670295,76070744789,1297572,1057671.735,24614196927,33,extend
1785009864023,1051.3,51316.2,1706.9,8951.8,4907825,140706338,76105788115,1297761,1057925.7269999997,24636004031,16,extend
1785009865021,1085.3,51147.7,1638.3,8960.8,4908309,140748951,76148212809,1297939,1058183.8769999999,24657360575,14,DataFileWrite
1785009866020,1015.9,51008.6,1732.6,8959.4,4908751,140776152,76171919037,1298115,1058397.129,24681174719,21,ClientRead
1785009867023,1667.0,51072.5,1199.0,8973.8,4909381,140864022,76215044463,1298287,1058635.102,24698549951,10,ClientRead
1785009868022,595.9,51300.1,2124.4,8968.5,4910574,140906212,76249684582,1298654,1059091.226,24731342527,8,ClientRead
1785009869021,529.1,51091.1,2077.0,8974.0,4911503,140959985,76290137689,1299076,1059458.8309999998,24756483775,4,ClientRead
1785009870025,549.0,51198.5,2039.2,8981.4,4912388,141018633,76315157919,1299463,1059874.902,24781575871,5,ClientRead
1785009871022,520.3,51232.7,2102.4,8985.8,4913613,141083994,76340520649,1300005,1060390.71,24806291135,6,ClientRead
1785009872020,440.7,51011.7,2133.7,8982.6,4914907,141160042,76367416051,1300581,1060885.5799999998,24830924479,5,ClientRead
1785009873021,467.3,51067.9,2151.8,8986.5,4916306,141240182,76395581622,1301165,1061400.3679999998,24856278719,6,ParallelFinish
1785009874023,573.3,51170.2,2054.1,8993.7,4917884,141322368,76422007817,1301777,1061994.2999999998,24877995711,7,BufferMapping
1785009875022,616.0,51296.8,2011.4,8991.6,4919379,141375534,76461985931,1302267,1062418.2389999998,24901449407,18,WALWrite
1785009876023,498.5,51050.3,1954.6,8992.0,4920672,141419200,76500281409,1302666,1063016.899,24866346687,16,ClientRead
1785009877021,502.5,51156.3,2110.7,8996.3,4922200,141471452,76548265574,1303171,1063564.015,24847054527,15,WALWrite
1785009878020,523.4,51027.9,2065.2,8996.4,4923664,141522417,76592234873,1303648,1064059.997,24861816511,9,WALWrite
1785009879021,504.2,51187.8,2087.6,8996.1,4925131,141571740,76636470475,1304103,1064546.8369999998,24867780287,28,ClientRead
1785009880022,535.7,51043.0,2041.0,8988.8,4926589,141627153,76684205948,1304614,1065004.14,24874972863,61,WALWrite
1785009881027,523.3,51207.2,2063.5,8998.6,4928176,141689225,76738791089,1305131,1065585.1959999998,24873957055,27,extend
1785009882025,528.2,51029.2,2008.6,8994.1,4929731,141752540,76793311645,1306019,1066385.5799999998,24842679999,9,ClientRead
1785009883021,519.0,51041.5,2010.9,8999.9,4931225,141812528,76841950660,1306492,1066901.1849999998,24806348479,51,WALWrite
1785009884020,542.3,51136.4,2096.6,8991.2,4932744,141845227,76861369045,1306952,1067332.25,24778348223,5,relation
1785009885022,498.6,51058.2,1986.1,8994.2,4934418,141924608,76899751059,1307540,1067869.116,24696649407,16,WALWrite
1785009886024,549.8,50984.1,2042.2,8996.0,4936107,141992192,76925071378,1308159,1068375.524,24565774015,10,WALWrite
1785009887028,457.9,51040.5,2099.1,9003.4,4937671,142058910,76951787143,1308593,1069047.411,24568821439,4,ClientRead
1785009888021,477.4,51072.7,2025.8,9007.2,4939094,142115687,76978299411,1308920,1069740.4119999998,24530269887,8,ClientRead
1785009889022,504.6,51197.1,2154.4,9011.1,4940542,142165957,77014318326,1309405,1070241.7699999998,24539723455,11,ClientRead
1785009890024,500.9,51008.8,2111.8,9007.1,4942054,142212601,77056510203,1309935,1070699.4139999999,24539920063,15,ClientRead
1785009891022,501.8,51120.0,2059.7,9009.0,4943451,142257312,77095513278,1310445,1071132.966,24540001983,13,WALWrite
1785009892022,531.3,51211.2,2104.5,9006.9,4944966,142308910,77136666469,1310912,1071539.946,24548759231,18,WALWrite
1785009893021,519.5,51005.5,2077.1,9010.0,4946555,142358597,77175566905,1311440,1072019.328,24539985599,8,ClientRead
1785009894022,575.3,51095.8,2079.9,9006.0,4948221,142409072,77213536132,1312025,1072526.7449999999,24526010047,13,WALWrite
1785009895022,658.6,51175.3,1944.5,9008.3,4949909,147435002,77622983134,1312839,1073232.5519999997,24512222911,11,WALWrite
1785009896021,617.9,51128.6,2069.5,9008.8,4951512,147483074,77655974016,1313377,1073694.962,24477873855,3,VacuumTruncate
1785009897022,563.1,51079.6,2104.2,9013.9,4953160,147774660,77732699979,1313988,1074243.0829999999,24453002943,4,ClientRead
1785009898022,514.9,51114.4,2172.8,9011.3,4954840,147834782,77758869800,1314596,1074787.15,24453002943,8,ClientRead
1785009899024,525.3,51149.4,2112.6,9008.0,4956584,147897256,77782840237,1315265,1075373.088,24453002943,10,ClientRead
1785009900022,555.6,51170.0,2122.4,9008.9,4958460,147971527,77810714268,1316000,1075968.474,24453002943,3,ClientRead
1785009901024,509.6,50936.4,2071.9,9015.2,4960106,148016927,77854192744,1316603,1076433.587,24453002943,6,ClientRead
1785009902022,502.2,51018.1,2159.2,9012.9,4961673,148058164,77893635145,1317190,1076974.2219999998,24453002943,21,ClientRead
1785009903021,528.8,51072.3,2106.0,9009.4,4963220,148105025,77932749922,1317782,1077489.501,24453002943,9,WALWrite
1785009904025,618.0,51157.6,2038.9,9009.6,4965007,148153585,77973080843,1318416,1078001.3229999999,24453002943,5,ClientRead
1785009905025,621.6,51018.0,2015.7,9013.0,4966637,148207162,78016212212,1318964,1078546.537,24453002943,8,ClientRead
1785009906021,595.5,50999.2,2030.1,9010.5,4968174,148257273,78055478305,1319500,1079059.1120000002,24453002943,15,ClientRead
1785009907022,524.3,51052.4,2024.1,9014.0,4969949,148323332,78086605625,1320121,1079679.019,24453002943,14,ClientRead
1785009908021,467.7,51082.4,2109.2,9013.4,4971442,148377709,78110768502,1320701,1080144.6670000001,24453002943,46,WALWrite
1785009909024,543.4,51123.1,2141.2,9010.9,4973109,148441501,78136365882,1321359,1080708.778,24453002943,11,ClientRead
1785009910023,570.1,51170.6,2087.0,9005.1,4974843,148492690,78176889742,1321967,1081294.981,24453002943,11,ClientRead
1785009911020,432.7,51244.1,2118.5,9005.6,4976595,148542712,78219966609,1322612,1081765.723,24426469055,9,ClientRead
1785009912023,355.0,51014.8,2193.0,9013.6,4978404,148595857,78261889365,1323282,1082253.4919999999,24374548159,10,ClientRead
1785009913021,399.1,51069.9,2217.9,9012.2,4980232,148655440,78304690234,1323931,1082718.883,24359720639,3,VacuumTruncate
1785009914024,440.6,51140.7,2134.2,9010.1,4982118,148715927,78345032472,1324531,1083224.722,24359720639,7,WALWrite
1785009915021,532.7,50973.5,2098.3,9013.3,4984021,148770854,78370293464,1325176,1083759.7519999999,24359220927,4,ClientRead
1785009916022,465.0,50893.8,2140.8,9012.3,4985856,148833025,78397617253,1325831,1084253.9039999999,24359220927,3,WalSync
1785009917022,424.7,50931.3,2016.9,9014.6,4987803,148890746,78421533887,1326625,1084888.2699999998,24359220927,6,WALWrite
1785009918021,449.1,50970.6,2086.9,9012.1,4989555,148947817,78453324092,1327294,1085397.295,24359220927,11,ClientRead
1785009919022,433.5,51040.5,2089.2,9011.8,4991213,148996598,78492941507,1327852,1085975.1079999998,24359220927,14,ClientRead
1785009920022,443.7,51146.4,2094.8,9008.2,4993032,149047783,78530098215,1328516,1086592.7469999997,24359220927,12,WALWrite
1785009921023,473.5,51230.7,1983.9,9011.0,4994789,149101912,78569329674,1329183,1087113.541,24359220927,13,WALWrite
1785009922022,463.1,51008.8,1994.9,9013.6,4996603,149160289,78610721147,1329871,1087670.9949999999,24359220927,4,ClientRead
1785009923020,437.9,51065.2,2030.2,9016.3,4998541,149217361,78640795791,1330631,1088225.095,24359220927,12,ClientRead
1785009924021,525.8,51133.7,2079.1,9014.0,5000202,149278039,78663175534,1331313,1088779.378,24359220927,29,WALWrite
1785009925021,531.2,51142.4,2043.9,9009.9,5002070,149339775,78687767531,1331824,1089389.1770000001,24359229119,6,ClientRead
1785009926023,541.2,51020.5,2047.8,9012.3,5003653,149389507,78717441908,1332364,1089897.7659999998,24359229119,76,WALWrite
1785009927021,599.5,51077.7,1994.0,9015.7,5005514,149748373,78779504133,1332975,1090501.989,24359229119,10,ClientRead
1785009928022,463.5,51188.9,2026.8,9012.5,5007392,149803408,78819030630,1333666,1091038.1940000001,24359229119,17,ClientRead
1785009929022,490.2,50968.8,2050.7,9008.1,5009386,149865121,78867002018,1334362,1091597.225,24359229119,6,ClientRead
1785009930023,467.9,51018.8,2032.7,9010.8,5011609,149956009,78903424740,1335199,1092170.367,24359229119,6,ClientRead
1785009931023,457.1,51096.5,2080.4,9015.0,5013518,150012737,78935622127,1335927,1092753.7100000002,24359229119,15,ClientRead
1785009932022,445.2,51187.0,2025.6,9011.8,5015261,150063046,78971582218,1336581,1093270.8260000001,24359229119,1,ClientRead
1785009933020,325.1,51252.5,1696.1,9023.1,5016683,150108223,79003363462,1337241,1093720.779,24359229119,9,ClientRead
1785009934021,449.5,51075.4,1892.8,9002.5,5018098,150155156,79039371879,1337847,1094207.979,24359229119,3,WalSync
1785009935020,544.4,51228.1,1937.2,9005.5,5019603,150205895,79078166745,1338410,1094751.774,24359229119,3,WalSync
1785009936022,487.6,51186.8,2043.2,9010.3,5021306,150249886,79106106966,1338974,1095298.339,24359229119,2,ClientRead
1785009937021,466.7,51148.7,2018.1,9002.1,5023278,150314749,79131352263,1339609,1095856.919,24359229119,6,WALWrite
1785009938021,468.5,51045.7,2014.5,9003.6,5025318,150389027,79161876605,1340294,1096442.5329999998,24359229119,9,ClientRead
1785009939023,536.8,51137.4,1989.4,9002.4,5027332,150440766,79199712103,1340977,1096940.8749999998,24359229119,9,WALWrite
1785009940021,521.1,51248.3,2019.5,9001.4,5029486,150498780,79239725296,1341607,1097460.7729999998,24359229119,14,ClientRead
1785009941020,507.7,51018.4,1993.2,9004.4,5031646,150568019,79287460761,1342320,1098013.619,24359229119,8,WALWrite
1785009942021,519.1,51073.0,1931.0,9003.7,5033959,150641845,79314746918,1343068,1098630.001,24359229119,7,ClientRead
1785009943024,475.2,51166.6,2014.5,9004.6,5036068,150705383,79347435270,1343721,1099177.8239999998,24359229119,3,WALWrite
1785009944027,519.9,50972.3,1957.2,9006.7,5038091,150758313,79385255427,1344404,1099732.7920000001,24359229119,28,WALWrite
1785009945021,610.6,51132.9,1985.6,9004.4,5040249,150813390,79424414315,1345071,1100279.1039999998,24359229119,8,ClientRead
1785009946021,516.4,51066.6,2051.1,9004.4,5042330,150868578,79457014657,1345741,1100852.785,24359229119,9,ClientRead
1785009947022,496.5,51121.6,2039.7,9004.0,5044621,150936430,79482130918,1346514,1101424.58,24359229119,4,ClientRead
1785009948021,493.5,51207.6,2025.9,9003.5,5046711,150996773,79516779035,1347232,1101950.7040000001,24359229119,11,ClientRead
1785009949021,474.7,50983.5,1987.7,9010.5,5048636,151046727,79552927137,1347883,1102420.7889999999,24359229119,5,ClientRead
1785009950026,459.8,51069.8,2058.0,9004.1,5050630,151104662,79594388216,1348573,1102998.02,24359229119,12,WALWrite
1785009951023,507.1,51100.9,2045.8,9005.1,5052770,151155642,79624240634,1349257,1103543.6030000001,24359229119,8,ClientRead
1785009952022,498.1,51157.8,1954.1,9005.0,5055100,151228510,79650734266,1349995,1104103.189,24359229119,6,ClientRead
1785009953022,490.0,51241.8,2030.9,9004.8,5057362,151294732,79684894300,1350768,1104646.33,24359229119,6,ClientRead
1785009954025,551.2,51048.1,1961.0,9006.1,5059458,151348255,79721373744,1351436,1105231.4309999999,24359229119,12,ClientRead
1785009955024,666.2,51085.6,1926.1,9010.4,5061420,151403365,79761113040,1352026,1105696.094,24359237311,11,ClientRead
1785009956022,609.0,50910.5,2042.9,9001.4,5063324,151450201,79791485379,1352656,1106278.943,24359237311,6,WALWrite
1785009957021,698.7,50967.1,1919.1,9004.9,5065294,151874678,79844696842,1353263,1106826.9579999999,24359245503,3,WalSync
1785009958020,565.0,50975.0,1943.9,9003.7,5067230,151934540,79871635761,1353941,1107388.2909999997,24359245503,20,WALWrite
1785009959021,582.8,51061.1,2053.8,9005.5,5069264,151988731,79903295101,1354642,1107930.701,24359245503,9,WALWrite
1785009960025,594.5,51160.0,1953.8,9005.3,5071234,152043697,79943426277,1355355,1108464.5459999999,24359245503,7,ClientRead
1785009961021,564.6,50982.5,2022.0,9011.8,5073126,152094416,79979580668,1355994,1108985.777,24359245503,7,ClientRead
1785009962023,563.1,50956.4,2064.8,9009.0,5075006,152155644,80010825736,1356643,1109524.507,24359245503,18,WALWrite
1785009963022,605.8,51007.9,1918.9,9003.4,5077009,152219140,80035304063,1357282,1110051.5899999999,24359245503,44,WALWrite
1785009964021,641.0,51103.2,1913.5,9011.0,5078976,152266555,80072341870,1357888,1110580.234,24359261887,34,WALWrite
1785009965022,706.3,51216.8,1953.0,9003.1,5080805,152509836,80119319610,1358436,1111174.6309999998,24359261887,4,DataFileRead
1785009966025,595.4,50980.7,1985.1,9012.1,5082567,152554667,80155142062,1359004,1111729.883,24359261887,35,WALWrite
1785009967021,553.3,51055.7,2101.1,9009.4,5084268,152609320,80190837442,1359491,1112257.308,24359261887,6,ClientRead
1785009968022,589.5,51111.9,1998.9,9008.5,5086089,152670371,80216119233,1360104,1112895.092,24359261887,4,ClientRead
1785009969021,623.1,51167.2,2019.3,9007.7,5088004,152724009,80247223558,1360689,1113390.815,24359261887,6,ClientRead
1785009970020,592.5,51208.5,1951.3,9012.5,5089905,152771931,80285398053,1361329,1113972.234,24359261887,12,ClientRead
1785009971021,614.2,51138.4,1949.3,9012.1,5091799,152824399,80326092316,1361950,1114556.874,24359622335,6,ClientRead
1785009972022,589.1,51229.9,1975.9,9005.3,5093566,152859503,80347499630,1362510,1115008.937,24360105663,17,WALWrite
1785009973024,598.8,51288.4,2029.9,9005.0,5095465,152927560,80386852049,1363146,1115574.922,24360670911,8,WalSync
1785009974021,686.4,51131.3,1943.3,9004.6,5097453,152986073,80411355485,1363787,1116137.037,24361014975,6,ClientRead
1785009975022,723.2,50381.7,1944.3,9012.0,5099167,153026803,80444181627,1364297,1116677.062,24361195199,7,ClientRead
1785009976023,702.3,50412.1,1975.3,9006.2,5101050,153069388,80478999802,1364848,1117197.0999999999,24361645759,15,ClientRead
1785009977022,594.3,50525.6,2055.8,9012.5,5102918,153116111,80515991079,1365394,1117795.8250000002,24362104511,4,ClientRead
1785009978021,413.7,50600.1,2212.6,9016.1,5104825,153169453,80550968212,1365978,1118335.1169999999,24351241919,8,ClientRead
1785009979023,421.7,50621.5,2193.2,9010.9,5106637,153229886,80580260227,1366645,1118852.268,24337045183,23,WALWrite
1785009980022,485.6,50676.0,2028.8,9013.4,5108655,153291250,80607052160,1367332,1119446.579,24337045183,13,ClientRead
1785009981021,493.5,50781.7,2063.4,9020.4,5110659,153334557,80640740106,1368016,1119990.6439999999,24337045183,4,WALWrite
1785009982022,464.0,50868.6,2123.7,9006.9,5112465,153381238,80677160019,1368641,1120509.918,24337045183,4,WALWrite
1785009983022,449.7,50973.9,2079.5,9019.8,5114425,153434432,80719990993,1369331,1121031.526,24337045183,7,WALWrite
1785009984022,528.7,51051.3,2126.0,9018.8,5116196,153477055,80746311438,1369963,1121594.781,24337045183,3,WalSync
1785009985022,504.1,51077.6,2109.2,9014.9,5118042,153532029,80773911352,1370604,1122157.454,24337045183,4,ClientRead
1785009986022,472.4,51123.7,2137.9,9015.5,5119845,153587034,80797312861,1371224,1122698.44,24337045183,4,ClientRead
1785009987023,495.4,51211.1,2134.0,9015.0,5121731,153632376,80823471165,1371858,1123237.623,24337045183,11,ClientRead
1785009988022,435.9,51040.6,2149.6,9013.8,5123545,153677964,80859795389,1372497,1123759.4130000002,24337045183,2,ClientRead
1785009989023,429.6,51144.1,2189.7,9012.6,5125239,153721298,80892682442,1373118,1124350.7049999998,24337045183,3,WalSync
1785009990022,477.7,51214.7,2151.1,9007.8,5126901,153769232,80930562943,1373725,1124861.3639999998,24337045183,3,WalSync
1785009991021,467.0,51275.3,2060.8,9016.5,5128722,153820871,80968628882,1374355,1125421.4759999998,24337045183,4,ClientRead
1785009992021,483.3,50333.9,2121.6,9016.5,5130579,153870022,80992039043,1375038,1125976.1859999998,24337045183,6,ClientRead
1785009993024,440.5,50399.4,2138.4,9021.8,5132532,153925430,81018768529,1375715,1126609.677,24337045183,3,ClientRead
1785009994022,470.2,50491.2,2145.8,9016.8,5134272,153976751,81046674563,1376362,1127135.2210000001,24337045183,12,WALWrite
1785009995023,555.5,50688.3,2023.0,9016.4,5136077,154019601,81080690205,1377002,1127697.0389999999,24337045183,12,WALWrite
1785009996022,546.8,50732.1,2102.2,9014.9,5137727,154061943,81114986160,1377613,1128146.763,24337045183,6,ClientRead
1785009997024,540.2,50799.4,2107.0,9012.6,5139459,154381529,81171263278,1378248,1128722.5569999998,24337053375,8,ClientRead
1785009998023,459.0,50885.6,2122.6,9007.5,5141253,154433974,81212031243,1378881,1129315.4689999998,24337053375,8,WALWrite
1785009999023,447.1,50930.9,2214.5,9015.9,5143138,154491662,81239616161,1379503,1129824.51,24337053375,4,ClientRead
1785010000021,432.7,50985.9,2175.2,9016.1,5145040,154557037,81264686700,1380122,1130375.5829999999,24337053375,3,DataFileRead
1785010001024,474.7,51075.8,2099.4,9013.2,5146913,154616979,81298588388,1380710,1130874.423,24337053375,12,ClientRead
1785010002026,498.8,51184.6,2101.1,9016.6,5148904,154669390,81342789880,1381378,1131453.181,24337053375,5,ClientRead
1785010003022,491.4,50742.9,2080.2,9012.0,5150905,154720925,81381416806,1382076,1131974.855,24337053375,12,WALWrite
1785010004023,537.4,50828.1,2076.0,9015.8,5153102,154783648,81427776648,1382764,1132555.368,24337053375,12,ClientRead
1785010005028,548.4,50974.4,2166.3,9014.0,5155276,154843762,81454641688,1383346,1133107.355,24337053375,46,WALWrite
1785010006023,535.2,50962.3,2102.0,9011.5,5157194,154936463,81480917258,1384011,1133668.7669999998,24337020607,4,ClientRead
1785010007022,483.2,51039.0,2088.8,9015.5,5159204,154988687,81516401668,1384657,1134226.785,24337020607,12,WALWrite
1785010008024,485.5,51117.4,2092.4,9012.4,5161148,155034469,81551497648,1385338,1134753.64,24337020607,10,WALWrite
1785010009022,477.6,51197.9,2083.2,9013.1,5162998,155085238,81590015405,1386005,1135257.6629999997,24337020607,7,ClientRead
1785010010022,440.8,50584.8,2058.1,9018.4,5164977,155141271,81628477988,1386750,1135815.4899999998,24337020607,8,ClientRead
1785010011022,427.6,50641.5,2118.3,9016.9,5166905,155210493,81656556149,1387459,1136358.332,24337020607,7,ClientRead
1785010012026,451.3,50707.4,2080.4,9011.5,5168980,155272196,81691597160,1388187,1136910.9759999998,24337020607,28,WALWrite
1785010013021,507.1,50790.0,2080.0,9008.5,5171046,155321067,81729385609,1388880,1137418.5119999999,24337020607,11,ClientRead
1785010014022,535.1,50935.8,2028.6,9012.8,5173149,155371974,81765266410,1389560,1138024.0029999998,24337020607,6,ClientRead
1785010015022,613.3,51108.9,1937.6,9023.3,5175149,155423900,81803123232,1390174,1138534.9759999998,24337020607,3,ClientRead
1785010016022,504.9,51097.9,2079.5,9017.9,5177002,155468355,81828188868,1390798,1139077.7030000002,24337020607,4,ClientRead
1785010017023,475.2,51148.7,2076.8,9011.7,5179084,155533517,81857574039,1391484,1139648.043,24337020607,14,WALWrite
1785010018022,465.3,51224.7,2130.9,9011.5,5181155,155595437,81889641768,1392169,1140167.0019999999,24337020607,4,ClientRead
1785010019023,493.4,51071.1,2026.4,9013.0,5183161,155642496,81926423253,1392854,1140714.8429999996,24337020607,12,ClientRead
1785010020021,475.5,51177.2,2019.8,9011.9,5185129,155691702,81962675039,1393550,1141322.2719999999,24337020607,3,ClientRead
1785010021021,466.3,50971.1,2067.0,9013.4,5187205,155749579,82004291947,1394270,1141862.954,24337020607,13,WALWrite
1785010022025,477.0,51052.8,2100.9,9022.3,5189384,155805235,82032802456,1394946,1142425.536,24337020607,5,ClientRead
1785010023024,448.2,51105.4,2101.4,9011.4,5191433,155866678,82057089190,1395621,1142960.89,24337020607,13,WALWrite
1785010024022,592.6,51230.7,2041.0,9011.6,5193605,155920470,82089763623,1396371,1143539.2689999999,24337020607,7,ClientRead
1785010025021,616.3,51126.1,2027.4,9009.9,5195608,155970935,82125426713,1397003,1144076.3309999998,24337020607,12,WALWrite
1785010026022,607.1,51162.3,1980.3,9009.1,5197625,156024470,82162907313,1397631,1144605.8839999998,24337020607,1,
1785010027021,572.5,51212.7,2000.8,9011.1,5199655,156390958,82227058342,1398269,1145179.239,24337020607,9,WALWrite
1785010028021,446.1,51244.5,2084.7,9014.6,5201892,156474313,82255093323,1399009,1145756.2719999999,24337020607,20,WALWrite
1785010029024,481.2,51197.1,2068.8,9011.2,5204047,156527462,82287994177,1399682,1146283.943,24337020607,24,WALWrite
1785010030022,481.4,51276.1,1986.3,9010.7,5206173,156577486,82324226142,1400289,1146898.0969999998,24337020607,11,WALWrite
1785010031021,502.0,51157.3,2018.0,9007.6,5208434,156632444,82363587312,1401025,1147501.826,24337020607,4,ClientRead
1785010032022,498.2,51245.0,2040.6,9014.4,5210465,156674554,82387620772,1401658,1148023.1479999998,24337020607,16,ClientRead
1785010033023,471.7,51032.2,2028.8,9014.6,5212872,156756369,82423783338,1402449,1148607.0539999998,24337020607,9,WALWrite
1785010034027,505.1,51123.3,2040.8,9014.4,5215113,156812648,82457983124,1403178,1149156.4149999998,24337020607,15,WALWrite
1785010035022,576.7,51182.0,2007.9,9015.0,5217148,156856951,82491962678,1403774,1149707.97,24337020607,11,ClientRead
1785010036028,606.4,51014.5,1968.6,9011.6,5219217,156913171,82534809037,1404334,1150251.093,24337020607,22,ClientRead
1785010037021,556.0,51046.9,2007.2,9013.2,5221469,157257179,82581115775,1404973,1150799.741,24337020607,3,ClientRead
1785010038021,501.3,51081.3,2042.6,9016.0,5223842,157327837,82607780558,1405736,1151374.8109999998,24337020607,7,ClientRead
1785010039022,488.7,51157.2,2012.1,9019.4,5226138,157383004,82643029694,1406493,1151921.0829999999,24337020607,4,ClientRead
1785010040022,487.0,51263.7,2057.3,9010.1,5228270,157429802,82669078470,1407169,1152466.998,24337020607,4,ClientRead
1785010041022,502.5,51042.4,1961.5,9010.1,5230571,157487756,82711165864,1407852,1152998.78,24337020607,13,WALWrite
1785010042023,488.1,51090.9,1926.9,9013.3,5232917,157547830,82749236569,1408598,1153563.322,24337020607,14,ClientRead
1785010043024,515.7,51126.3,2007.3,9014.0,5235084,157593120,82773673987,1409326,1154092.051,24337020607,11,ClientRead
1785010044022,542.2,51212.7,1927.9,9013.5,5237419,157662426,82799085180,1410072,1154684.0769999998,24337020607,0,
1785010045022,515.3,51022.2,1974.7,9007.8,5239446,157719132,82830566640,1410727,1155199.613,24337020607,12,ClientRead
1785010046023,494.9,51132.1,1962.7,9009.6,5241663,157774448,82869585973,1411394,1155703.993,24337020607,10,WALWrite
1785010047020,545.9,51185.3,1971.3,9008.3,5243998,157835620,82915286006,1412019,1156277.319,24337020607,7,WALWrite
1785010048022,534.0,51215.3,2009.9,9010.7,5246348,157897244,82943192780,1412693,1156879.5909999998,24337020607,10,WALWrite
1785010049022,537.5,50962.9,1940.8,9013.3,5248811,157967444,82970946873,1413411,1157459.1389999997,24337020607,8,ClientRead
1785010050021,534.2,51078.8,1961.4,9017.3,5251114,158023073,83009928651,1414085,1157994.5509999997,24337020607,14,ClientRead
1785010051023,517.5,51153.1,1951.6,9015.9,5253481,158084629,83055549466,1414771,1158526.2089999998,24337020607,12,WALWrite
1785010052022,496.5,51212.5,2017.1,9010.9,5255697,158135075,83084996067,1415442,1159081.521,24337020607,5,ClientRead
1785010053020,522.0,51255.5,1998.1,9007.3,5258211,158193574,83111079824,1416175,1159622.9159999997,24337020607,4,ClientRead
1785010054021,566.9,50998.5,1956.1,9011.2,5260610,158261042,83137272406,1416903,1160152.1979999999,24337020607,7,ClientRead
1785010055023,659.0,51113.5,1908.7,9007.2,5262857,158311301,83173222601,1417525,1160657.34,24337028799,15,ClientRead
1785010056022,553.5,51171.5,1992.2,9015.8,5265095,158369274,83212695818,1418138,1161216.746,24337028799,2,ClientRead
1785010057021,511.7,50955.4,1916.2,9014.5,5267519,158433387,83255765439,1418795,1161771.254,24337028799,5,ClientRead
1785010058021,514.3,51015.6,1926.7,9008.5,5270045,158511071,83282144187,1419483,1162344.232,24337028799,18,WALWrite
1785010059021,516.4,51086.8,1967.7,9014.5,5272531,158579709,83315705025,1420192,1162898.4320000003,24337028799,10,WALWrite
1785010060021,559.9,51174.1,1885.0,9013.9,5274844,158637741,83354746136,1420867,1163391.3340000003,24337028799,14,ClientRead
1785010061021,531.9,50983.4,1854.5,9014.6,5277238,158703672,83399879570,1421525,1163946.7,24337036991,6,ClientRead
1785010062020,514.5,51023.2,1908.5,9008.7,5279454,158754169,83426040072,1422175,1164537.113,24337036991,20,WALWrite
1785010063021,541.8,51085.8,1918.7,9012.4,5281869,158827269,83450714384,1422871,1165064.226,24337036991,16,WALWrite
1785010064020,549.3,51168.2,1932.0,9012.6,5284390,158892305,83487130968,1423566,1165599.748,24337045183,16,ClientRead
1785010065023,647.2,50960.2,1905.7,9009.0,5286666,158948033,83525327418,1424159,1166142.9239999996,24337061567,5,ClientRead
1785010066022,565.2,50967.9,1880.1,9008.0,5288868,159007108,83565562739,1424750,1166655.7059999998,24337061567,10,ClientRead
1785010067025,525.9,51004.2,1864.7,9016.0,5291173,159061423,83594699441,1425368,1167237.0939999998,24337061567,16,ClientRead
1785010068024,513.8,51052.2,1913.3,9011.0,5293642,159126862,83620314900,1426105,1167821.106,24337061567,22,ClientRead
1785010069021,551.9,51110.7,1942.2,9013.8,5296143,159196436,83655425740,1426823,1168356.671,24337061567,15,WALWrite
1785010070021,519.1,51191.7,1889.9,9010.9,5298611,159258559,83702173930,1427482,1168865.4449999998,24337061567,27,WALWrite
1785010071024,535.7,51243.3,1913.6,9014.9,5300952,159322173,83739278762,1428142,1169408.9509999997,24337061567,21,ClientRead
1785010072021,546.9,51292.5,1855.6,9023.3,5303272,159369631,83763246401,1428834,1169965.2219999996,24337061567,15,ClientRead
1785010073021,560.4,51005.2,1889.0,9009.7,5305723,159437711,83789411840,1429547,1170520.906,24337061567,27,WALWrite
1785010074021,555.2,51099.0,1840.9,9009.2,5308003,159504892,83829518188,1430190,1171028.1349999998,24337061567,25,WALWrite
1785010075021,647.6,51249.0,1830.0,9016.6,5310470,159563606,83876402052,1430867,1171599.7589999998,24337061567,2,AioIoCompletion
1785010076020,570.2,51257.5,1869.7,9012.2,5312726,159620773,83908446588,1431605,1172207.374,24337061567,19,WALWrite
1785010077023,626.2,50941.7,1872.0,9010.8,5314944,159993099,83954585073,1432180,1172689.2999999998,24337061567,3,ClientRead
1785010078021,551.2,50996.7,1833.3,9008.9,5317351,160049228,83980339195,1432855,1173246.754,24337061567,8,ClientRead
1785010079021,535.0,51070.8,1898.7,9010.7,5319921,160121010,84017320183,1433575,1173827.2809999997,24337061567,5,WALWrite
1785010080021,544.8,51132.8,1885.2,9009.2,5322350,160182961,84067825893,1434191,1174310.7109999997,24337061567,16,ClientRead
1785010081021,520.6,51195.2,1900.2,9009.3,5324948,160242602,84099508219,1435012,1174929.9179999998,24337061567,7,ClientRead
1785010082026,506.3,51223.3,1968.2,9015.0,5327364,160292219,84124553155,1435704,1175441.716,24337061567,15,WALWrite
1785010083021,543.3,50954.7,1897.4,9009.3,5329718,160345067,84150073792,1436413,1175987.256,24337061567,10,WALWrite
1785010084021,576.5,51049.4,1883.4,9012.1,5332289,160419997,84176423540,1437157,1176556.8219999997,24337061567,4,ClientRead
1785010085021,629.5,51183.6,1871.3,9008.6,5334555,160475108,84225964705,1437740,1177067.2499999998,24337061567,29,WALWrite
1785010086021,529.3,51125.6,1863.6,9008.3,5336964,160538036,84266619382,1438464,1177627.5829999996,24337061567,10,ClientRead
1785010087021,495.4,51166.5,1944.7,9009.0,5339315,160588192,84292638144,1439245,1178193.0599999998,24337061567,11,WALWrite
1785010088023,521.5,51207.2,1925.3,9006.4,5341797,160666016,84318806232,1440029,1178735.4459999998,24337061567,13,WALWrite
1785010089022,523.2,50953.8,1900.8,9011.9,5344216,160731227,84362490750,1440755,1179307.1999999997,24337061567,15,WALWrite
1785010090022,563.2,51012.1,1906.4,9007.6,5346632,160791389,84404168810,1441432,1179833.0309999997,24337061567,11,WALWrite
1785010091021,548.6,51065.4,1916.3,9011.3,5349014,160850622,84435675538,1442113,1180389.7539999997,24337061567,2,ClientRead
1785010092021,532.6,51111.8,1895.2,9007.0,5351494,160899509,84460328172,1442854,1180971.8009999997,24337061567,7,ClientRead
1785010093024,529.3,51152.2,1919.2,9014.0,5354070,160976597,84486418465,1443552,1181550.1659999997,24337061567,24,ClientRead
1785010094022,572.0,51253.3,1876.2,9013.3,5356438,161040647,84530207182,1444213,1182041.661,24337061567,19,ClientRead
1785010095021,647.2,51025.8,1891.5,9009.5,5358770,161095895,84569637129,1444817,1182580.427,24337061567,7,WALWrite
1785010096021,574.3,51081.6,1862.2,9012.3,5360880,161140342,84593693246,1445402,1183080.68,24337061567,2,ClientRead
1785010097021,514.4,51147.4,1943.3,9008.3,5363373,161202592,84628730491,1446188,1183702.298,24337061567,7,ClientRead
1785010098022,569.0,51190.0,1901.0,9011.5,5365770,161259570,84653487974,1446902,1184243.693,24337061567,7,ClientRead
1785010099022,525.4,50977.5,1885.0,9011.2,5368289,161336311,84680205603,1447594,1184758.6789999998,24337061567,9,ProcarrayGroupUpdate
1785010100022,521.8,51057.1,1920.6,9009.3,5370603,161394188,84727430557,1448228,1185296.622,24337061567,31,ClientRead
1785010101023,551.2,51127.3,1879.2,9008.7,5372959,161454329,84767121894,1448868,1185816.731,24337061567,11,ClientRead
1785010102021,560.4,51188.5,1896.1,9007.8,5375469,161515622,84798442572,1449609,1186383.931,24337061567,6,ClientRead
1785010103022,553.9,51245.0,1916.8,9013.4,5378014,161592104,84823682254,1450335,1186960.812,24337061567,14,ClientRead
1785010104022,565.0,51034.8,1879.3,9012.5,5380465,161654425,84867978479,1451003,1187477.5410000002,24337061567,6,ClientRead
1785010105021,646.6,51117.8,1930.7,9011.7,5382653,161708430,84905183958,1451622,1188007.141,24337061567,51,WALWrite
1785010106023,534.1,51173.9,1975.4,9011.7,5385069,161770485,84941653806,1452279,1188585.713,24337061567,2,ClientRead
1785010107021,574.5,51218.9,1962.1,9008.4,5387593,161820249,84967709930,1452955,1189097.572,24337061567,11,WALWrite
1785010108021,556.1,51258.6,1901.9,9007.9,5390215,161888433,84992512626,1453673,1189657.649,24337061567,9,ClientRead
1785010109022,525.1,51035.2,1869.3,9007.4,5392745,161956588,85032776012,1454378,1190207.573,24337061567,13,WALWrite
1785010110023,523.1,51128.6,1873.1,9009.9,5394999,162013246,85078687492,1455071,1190750.092,24337061567,12,WALWrite
1785010111022,513.9,51190.1,1848.7,9008.8,5397391,162073018,85110823409,1455774,1191250.9949999999,24337061567,17,ClientRead
1785010112022,491.5,50970.5,1865.1,9008.2,5399861,162121131,85136155065,1456610,1191839.5820000002,24337061567,16,WALWrite
1785010113020,506.3,51033.8,1875.9,9021.6,5402338,162184445,85160958028,1457362,1192399.343,24337061567,12,WALWrite
1785010114023,588.9,51174.2,1874.1,9008.2,5404792,162247986,85210939795,1458060,1192909.459,24337061567,8,ClientRead
1785010115020,606.1,51026.8,1869.0,9014.3,5407130,162308968,85252442264,1458733,1193498.3,24337061567,14,ClientRead
1785010116022,623.6,51048.8,1887.4,9017.2,5409309,162363955,85280764222,1459333,1194009.7140000002,24337061567,11,WALWrite
1785010117024,628.5,51129.0,1856.1,9010.5,5411560,162405311,85302235980,1460013,1194607.748,24337061567,4,WALWrite
1785010118024,602.1,51204.4,1883.2,9008.8,5413809,163164195,85377668378,1460645,1195160.37,24337061567,8,ClientRead
1785010119022,565.5,51241.1,1887.8,9008.4,5416080,163236773,85406042121,1461299,1195747.196,24337061567,6,ClientRead
1785010120022,565.8,51008.8,1880.4,9013.2,5418288,163289977,85457015479,1461909,1196225.016,24337061567,11,ClientRead
1785010121023,531.3,51075.6,1863.4,9009.2,5420739,163356278,85495977102,1462527,1196773.1199999999,24337069759,4,ClientRead
1785010122021,517.0,51125.5,1819.3,9009.1,5423152,163404381,85521214949,1463276,1197364.204,24337069759,10,ClientRead
1785010123021,549.1,51187.8,1882.2,9009.2,5425613,163473398,85546593263,1464006,1197855.444,24337069759,10,ClientRead
1785010124032,573.5,51011.5,1851.7,9011.5,5428174,163544777,85592226153,1464757,1198473.3879999998,24337069759,5,WALWrite
1785010125021,636.5,51104.3,1900.6,9012.7,5430459,163598736,85635329224,1465363,1198983.9079999998,24337069759,22,ClientRead
1785010126021,536.5,51150.3,1846.4,9014.2,5432859,163656283,85666058969,1466032,1199502.3949999998,24337069759,3,ClientRead
1785010127025,503.3,51197.2,1882.2,9006.9,5435335,163702068,85691058823,1466834,1200106.9289999998,24337069759,19,WALWrite
1785010128020,517.5,51260.2,1858.9,9012.2,5437903,163771062,85716519103,1467590,1200695.069,24337069759,5,ClientRead
1785010129021,553.1,51035.6,1828.2,9011.3,5440118,163829158,85759821296,1468150,1201236.6979999999,24337069759,21,WALWrite
1785010130020,505.9,51105.4,1803.1,9005.3,5442393,163890692,85805084854,1468841,1201784.3319999997,24337069759,12,WALWrite
1785010131021,483.7,51144.9,1887.9,9008.4,5444724,163945274,85833549370,1469585,1202326.4149999998,24337069759,14,WALWrite
1785010132021,544.1,51190.5,1871.4,9005.2,5447181,163992750,85857591972,1470343,1202910.7449999999,24337069759,10,ClientRead
1785010133031,543.0,51234.5,1912.8,9007.3,5449736,164056315,85884085538,1471092,1203455.909,24337069759,24,WALWrite
1785010134021,582.0,51008.8,1837.2,9009.7,5452291,164134096,85924489110,1471741,1204013.614,24337069759,27,WALWrite
1785010135021,686.2,51128.7,1894.4,9005.3,5454671,164191301,85970898205,1472327,1204578.447,24337069759,7,ClientRead
1785010136020,555.6,51097.6,1884.8,9010.7,5457105,164253074,86003237315,1472960,1205098.166,24337069759,8,WALWrite
1785010137021,507.5,51146.0,1809.5,9007.3,5459534,164299117,86027426815,1473727,1205661.964,24337069759,5,WalSync
1785010138021,503.5,51181.6,1829.2,9014.5,5462085,164364334,86054227853,1474506,1206197.845,24337069759,9,ClientRead
1785010139022,499.8,51256.7,1877.7,9010.8,5464535,164428852,86097056364,1475248,1206822.8859999997,24337069759,7,ClientRead
1785010140021,522.5,51008.4,1928.2,9005.4,5466930,164488834,86140999945,1475908,1207309.6829999997,24337069759,9,WALWrite
1785010141021,536.4,51038.1,1935.7,9005.9,5469341,164546974,86170196152,1476593,1207795.9529999997,24337069759,3,ClientRead
1785010142026,519.4,51087.7,1845.8,9011.1,5472007,164601327,86197499433,1477372,1208417.7179999996,24337069759,17,ClientRead
1785010143024,519.3,51129.7,1931.4,9007.7,5474499,164658744,86221385136,1478031,1208936.8979999998,24337069759,17,ClientRead
1785010144021,569.4,51224.8,1857.3,9011.3,5477143,164726770,86260671012,1478740,1209482.701,24337069759,10,ClientRead
1785010145021,624.8,51025.5,1898.1,9007.2,5479421,164782468,86305572426,1479295,1209980.7650000001,24337069759,8,ClientRead
1785010146022,574.4,51015.8,1923.7,9009.6,5481898,164952964,86349089689,1479984,1210519.772,24337069759,4,ClientRead
1785010147022,549.5,51046.8,1877.5,9009.2,5484525,165003190,86374473277,1480767,1211117.047,24337069759,13,ClientRead
1785010148022,529.8,51098.2,1859.0,9013.3,5487179,165091340,86401676731,1481526,1211655.26,24337069759,6,WALWrite
1785010149023,501.6,51170.9,1887.2,9005.8,5489641,165155446,86455016456,1482197,1212220.083,24337069759,9,ClientRead
1785010150023,550.5,51241.9,1870.9,9010.6,5492060,165218521,86494181045,1482858,1212745.537,24337069759,29,WALWrite
1785010151025,534.2,51278.3,1923.1,9012.2,5494498,165267940,86518586888,1483500,1213272.402,24337069759,16,WALWrite
1785010152027,514.0,51021.0,1857.0,9018.5,5497034,165317977,86543685037,1484301,1213867.4510000001,24337069759,1,ClientRead
1785010153021,546.8,51058.5,1869.8,9009.1,5499285,165374399,86568651289,1484967,1214398.584,24337069759,24,WALWrite
1785010154022,578.7,51153.6,1843.1,9010.4,5501781,165451685,86594499894,1485626,1214933.084,24337069759,7,ClientRead
1785010155022,613.4,51235.0,1864.9,9012.8,5504001,165508688,86648588842,1486178,1215455.277,24337069759,20,WALWrite
1785010156025,615.3,50982.6,1904.9,9010.6,5506188,165851558,86703548998,1486796,1215984.101,24337077951,14,ClientRead
1785010157022,562.0,50989.5,1871.1,9011.1,5508585,165900339,86727906637,1487484,1216572.6030000001,24337077951,8,ClientRead
1785010158024,535.0,51024.1,1858.0,9008.4,5511062,165961983,86754659604,1488177,1217123.3989999997,24337077951,9,ClientRead
1785010159021,567.2,51099.5,1906.9,9008.4,5513707,166038819,86789362261,1488893,1217690.501,24337077951,12,WALWrite
1785010160021,551.3,51183.2,1854.4,9009.2,5516006,166101176,86839950768,1489513,1218215.209,24337077951,11,WALWrite
1785010161021,540.5,51237.8,1882.3,9010.7,5518452,166161262,86873321834,1490178,1218734.295,24337077951,11,WALWrite
1785010162021,531.9,51279.4,1901.8,9007.9,5521023,166213784,86900053025,1490919,1219309.537,24337077951,3,ClientRead
1785010163023,548.5,51012.0,1835.5,9010.0,5523493,166283458,86926276869,1491675,1219907.287,24337077951,12,WALWrite
1785010164022,577.7,51095.2,1884.1,9005.0,5525909,166351031,86962812014,1492329,1220393.507,24337077951,17,WALWrite
1785010165023,685.1,51223.4,1865.1,9013.4,5528307,166412374,87009269489,1492911,1220877.76,24337077951,16,ClientRead
1785010166021,581.3,51202.1,1871.8,9011.7,5530551,166474112,87043214564,1493515,1221455.9300000002,24337077951,19,ClientRead
1785010167021,561.0,51249.6,1870.9,9007.0,5533038,166523050,87068358002,1494166,1221987.039,24337077951,18,ClientRead
1785010168022,524.8,51292.7,1854.8,9010.7,5535421,166594285,87093864728,1494796,1222504.741,24337077951,8,WALWrite
1785010169023,524.1,50716.3,1889.6,9006.6,5537803,166657245,87133967674,1495506,1223085.84,24337077951,24,ClientRead
1785010170021,558.1,50794.5,1844.8,9013.3,5540207,166719140,87179664963,1496191,1223655.068,24337077951,11,ClientRead
1785010171021,560.9,50853.8,1866.8,9009.6,5542765,166779317,87212549673,1496893,1224188.911,24337077951,14,WALWrite
1785010172023,523.2,50892.3,1894.7,9007.7,5545062,166828155,87237512883,1497541,1224652.191,24337077951,13,ClientRead
1785010173021,542.5,50953.5,1832.9,9008.6,5547615,166899261,87263289219,1498252,1225216.249,24337077951,8,ClientRead
1785010174021,573.7,51035.4,1895.2,9009.4,5550253,166974200,87298741893,1498973,1225760.354,24337077951,9,ClientRead
1785010175021,625.3,51162.1,1791.8,9010.1,5552610,167030258,87341904017,1499613,1226265.305,24337077951,5,ClientRead
1785010176022,579.9,51150.3,1847.0,9007.0,5554866,167177296,87384993903,1500326,1226780.8480000002,24337077951,10,WALWrite
1785010177023,531.5,51196.5,1904.3,9009.3,5557286,167225691,87410444442,1501010,1227346.8159999999,24337077951,7,ClientRead
1785010178022,554.6,51231.9,1849.7,9010.9,5559743,167296659,87437299659,1501725,1227936.0039999997,24337077951,6,ClientRead
1785010179021,548.1,50993.1,1895.9,9010.6,5562252,167370717,87470808801,1502378,1228437.46,24337077951,4,ClientRead
1785010180021,521.4,51043.0,1915.0,9010.4,5564613,167430747,87515622507,1503019,1228986.677,24337077951,18,ClientRead
1785010181021,543.0,51100.6,1867.3,9007.9,5567101,167496617,87554473218,1503706,1229532.466,24337077951,11,WALWrite
1785010182020,555.1,51140.5,1877.9,9009.8,5569644,167547554,87580384566,1504404,1230068.6439999999,24337077951,12,ClientRead
1785010183023,564.9,51173.8,1847.9,9009.9,5572275,167627731,87608304194,1505171,1230674.7480000001,24337077951,12,WALWrite
1785010184022,569.3,51267.2,1857.0,9011.2,5574726,167695340,87646035898,1505843,1231187.975,24337077951,12,ClientRead
1785010185022,625.2,50997.7,1880.4,9012.1,5577100,167752154,87687980423,1506401,1231774.028,24337077951,11,ClientRead
1785010186024,526.0,51045.1,1872.7,9005.3,5579492,167816776,87724485040,1507023,1232271.1180000002,24337077951,10,WALWrite
1785010187020,517.8,51071.7,1925.9,9013.9,5581928,167864721,87748791485,1507733,1232837.8209999998,24337077951,6,ClientRead
1785010188021,556.3,51107.1,1810.0,9012.4,5584493,167922115,87773040064,1508458,1233416.38,24337077951,9,WALWrite
1785010189023,547.4,51152.3,1842.7,9012.5,5586896,168003397,87803867393,1509141,1233930.347,24337077951,15,WALWrite
1785010190021,521.0,51217.9,1861.6,9009.8,5589423,168066988,87861453297,1509822,1234498.088,24337077951,9,WALWrite
1785010191026,530.0,50995.6,1881.3,9010.0,5591822,168128243,87897529040,1510497,1235024.198,24337077951,9,WALWrite
1785010192025,517.0,51031.1,1899.5,9005.5,5594279,168178025,87922790942,1511256,1235572.872,24337077951,18,ClientRead
1785010193022,536.2,51057.2,1774.2,9009.3,5596742,168236245,87947377203,1511984,1236132.967,24337077951,4,ClientRead
1785010194021,570.5,51134.7,1790.6,9007.7,5599209,168316478,87979381762,1512697,1236663.1530000002,24337077951,16,ClientRead
1785010195021,661.0,51212.5,1796.8,9006.9,5601538,168372572,88034397591,1513324,1237203.887,24337077951,13,WALWrite
1785010196021,558.1,51253.1,1816.5,9004.5,5603760,168428215,88065810418,1513959,1237763.652,24147343039,16,ClientRead
1785010197023,502.6,50738.4,1756.6,9010.0,5605811,168469595,88091631520,1514557,1238279.8280000002,23849989823,17,WALWrite
1785010198024,468.4,50588.6,1849.9,9009.5,5607827,168537536,88116341647,1515227,1238799.2580000001,23714952895,13,WALWrite
1785010199023,466.8,50633.9,1744.4,9009.9,5609820,168593353,88151805649,1515860,1239278.3050000002,23504656063,26,WALWrite
1785010200021,472.7,50675.9,1717.4,9008.0,5611419,168628991,88173800361,1516370,1239682.117,23223031487,75,WALWrite
1785010201023,482.2,50710.1,1769.3,9009.9,5613235,168677659,88207467167,1516988,1240134.002,23024268991,55,LockManager
1785010202021,440.3,50714.4,1700.5,9009.0,5615045,168728841,88237360541,1517625,1240578.004,22876640959,7,ClientRead
1785010203025,453.9,50745.9,1819.6,9010.4,5617063,168795774,88264256440,1518289,1241117.2280000001,22816331455,8,ClientRead
1785010204021,466.8,50745.6,1643.1,9006.7,5619067,168850504,88288667414,1518940,1241624.283,22485153471,13,relation
1785010205024,582.8,50813.6,1785.3,9010.6,5620821,168982950,88328624095,1519534,1242089.0140000002,22200915647,12,ClientRead
1785010206025,502.6,50742.0,1738.3,9017.0,5622505,169034623,88358216564,1520064,1242484.0910000002,22013163199,76,relation
1785010207022,449.3,50428.9,1672.2,9009.3,5624062,169068957,88379562618,1520602,1242898.4039999999,21590210239,76,relation
1785010208021,461.6,50305.2,1743.7,9010.7,5625835,169111696,88404389563,1521178,1243297.267,21366281919,2,ClientRead
1785010209022,460.3,50343.3,1804.9,9012.0,5627795,169172593,88428692923,1521823,1243740.8150000002,21122938559,55,relation
1785010210020,458.0,50378.2,1764.3,9012.2,5629836,169233124,88457075934,1522518,1244244.774,20785206975,18,relation
1785010211023,447.6,50417.0,1719.0,9007.6,5631603,169283122,88487205024,1523106,1244657.9810000001,20406040255,73,relation
1785010212025,460.8,50446.3,1745.8,9009.7,5633512,169333434,88516257634,1523815,1245176.973,20044445375,78,relation
1785010213020,486.4,50474.0,1764.4,9008.0,5635476,169375470,88541790923,1524457,1245626.502,19786159807,7,ClientRead
1785010214022,478.6,50532.2,1789.4,9012.1,5637626,169444710,88569057495,1525144,1246162.2570000002,19626997439,12,ClientRead
1785010215021,465.0,50575.9,1772.8,9010.8,5639791,169507459,88596846861,1525845,1246608.3690000002,19595531967,15,ClientRead
1785010216021,493.2,50604.2,1902.1,9009.4,5641934,169562654,88628591706,1526464,1247067.733,19585300159,14,ClientRead
1785010217026,464.8,50637.0,1789.7,9009.8,5644187,169615110,88656084490,1527188,1247549.0410000002,19549902527,11,ClientRead
1785010218020,489.4,50673.7,1730.0,9004.4,5646234,169654763,88678795048,1527812,1248016.6840000001,19485193919,21,relation
1785010219023,489.9,50696.2,1800.1,9010.0,5648268,169718731,88704317082,1528403,1248443.3980000003,19466319551,8,ClientRead
1785010220021,510.7,50791.2,1714.5,9013.8,5650281,169781993,88732962487,1529077,1248923.9030000004,19428103871,7,ClientRead
1785010221024,535.2,50798.4,1846.1,9008.6,5652027,169837161,88769611505,1529638,1249337.9440000004,19400046271,11,ClientRead
1785010222025,495.8,50830.0,1873.1,9010.7,5653924,169888684,88806719844,1530267,1249781.1390000004,19376182975,78,LockManager
1785010223022,493.5,50872.4,1895.1,9013.7,5656269,169962151,88837546183,1530995,1250291.1870000004,19371464383,14,ClientRead
1785010224021,519.3,50906.3,1778.0,9006.6,5658399,170030117,88864625744,1531622,1250762.976,19343136447,33,relation
1785010225022,491.8,50977.6,1718.3,9008.9,5660405,170080451,88903270508,1532263,1251229.4590000003,19300660927,16,ClientRead
1785010226020,459.2,51032.2,1812.7,9014.1,5662349,170138469,88949694522,1532907,1251693.3760000002,19283883711,4,ClientRead
1785010227023,505.2,51063.0,1805.0,9012.3,5664388,170183158,88976813503,1533478,1252144.4740000002,19272341183,35,relation
1785010228021,523.6,51094.4,1928.8,9009.0,5666719,170254002,89002859343,1534141,1252663.4320000003,19260806847,12,WALWrite
1785010229024,545.3,51137.7,1828.9,9014.6,5668811,170315918,89033680201,1534713,1253077.9490000003,19238778559,77,WALWrite
1785010230022,493.6,50186.4,1773.3,9012.3,5671056,170368669,89075449850,1535421,1253584.489,19222525631,61,relation
1785010231022,505.7,50255.1,1731.7,9004.1,5673186,170410989,89100222502,1536063,1254050.8620000002,19194730175,9,ClientRead
1785010232020,492.4,50303.0,1817.5,9010.0,5675571,170467958,89142787146,1536799,1254591.9250000003,19182671551,14,WALWrite
1785010233022,534.4,50349.6,1825.1,9007.1,5678065,170549486,89170257916,1537581,1255106.0310000002,19177420479,11,WALWrite
1785010234020,565.8,50428.1,1829.8,9010.3,5680577,170618088,89205707669,1538307,1255583.9910000002,19177420479,10,ClientRead
1785010235020,621.4,50482.3,1672.6,9015.1,5682826,170671142,89245555700,1538948,1256056.7330000002,19147273919,5,WALWrite
1785010236021,521.8,50539.8,1791.2,9012.4,5685018,170725034,89284044127,1539596,1256533.1250000002,19111614143,39,relation
1785010237022,514.8,50584.7,1763.6,9015.5,5687226,170765507,89308016558,1540257,1256972.3440000003,19080664767,11,ClientRead
1785010238021,512.4,50634.3,1800.8,9006.8,5689670,170839822,89334775668,1541026,1257511.762,19069916863,14,ClientRead
1785010239021,537.3,50676.8,1767.7,9013.3,5691834,170895736,89361231816,1541674,1257988.7270000002,19042121407,69,relation
1785010240022,504.2,50771.5,1685.9,9005.5,5694095,170949023,89400786437,1542298,1258461.5810000002,19003053759,8,WALWrite
1785010241022,529.5,50844.4,1815.0,9010.3,5696209,170989163,89424430962,1542882,1258905.634,18983655103,15,WALWrite
1785010242026,494.8,50883.8,1717.5,9010.0,5698571,171051011,89474467234,1543618,1259446.9630000002,18938025663,16,relation
1785010243020,525.3,50905.6,1791.2,9012.0,5700648,171090708,89497145577,1544242,1259889.1210000003,18918889151,25,ClientRead
1785010244024,546.6,50979.6,1815.0,9016.5,5703093,171171035,89526026060,1544950,1260388.2140000002,18898171583,64,relation
1785010245021,619.9,51087.3,1730.2,9010.4,5705332,171283927,89560446365,1545564,1260825.8930000004,18869851839,21,WALWrite
1785010246021,560.1,51129.0,1759.7,9008.0,5707627,171337940,89602448339,1546176,1261296.0800000003,18850977471,13,WALWrite
1785010247021,507.7,51172.6,1785.6,9008.3,5709973,171390369,89642800742,1546869,1261801.9700000002,18823435967,11,WALWrite
1785010248022,560.2,51220.4,1871.8,9014.0,5712542,171463849,89670496103,1547625,1262308.3840000003,18823435967,5,WALWrite
1785010249021,559.3,50986.0,1785.0,9007.6,5715020,171535964,89702590414,1548322,1262773.482,18797213375,6,ClientRead
1785010250022,527.9,51085.5,1832.3,9007.2,5717420,171593345,89745039137,1549017,1263260.127,18773612223,11,WALWrite
1785010251020,562.4,51133.4,1879.1,9011.1,5720035,171658825,89791493922,1549742,1263798.354,18773612223,19,ClientRead
1785010252021,557.4,51175.8,1815.4,9010.7,5722696,171710089,89816738379,1550431,1264301.188,18766796479,8,ClientRead
1785010253022,589.2,51223.3,1852.6,9008.9,5725426,171789206,89843045560,1551122,1264816.6000000003,18766796479,22,ClientRead
1785010254021,585.4,51155.1,1686.8,9008.5,5727863,171861978,89874287125,1551793,1265290.9490000003,18737166015,63,relation
1785010255022,688.0,51078.9,1715.0,9014.7,5730066,172197866,89930853148,1552611,1265842.8220000002,18729555647,11,WALWrite
1785010256021,640.3,51122.4,1922.3,9008.7,5732193,172255763,89976120010,1553157,1266339.2360000003,18744891071,7,ClientRead
1785010257021,668.5,51189.1,1860.2,9006.7,5734645,172302526,90000335978,1553814,1266881.047,18759505599,8,WALInsert
1785010258021,659.6,51196.8,1819.9,9013.5,5737239,172755056,90055325815,1554477,1267382.6770000001,18773718719,2,ClientRead
1785010259023,565.6,51273.2,1862.5,9010.4,5739956,172841467,90082768360,1555236,1267954.6020000002,18787604159,9,WALWrite
1785010260021,583.6,51344.0,1785.4,9010.7,5742514,172901810,90117157281,1555954,1268445.6130000001,18801448639,10,WALWrite
1785010261020,538.5,51387.8,1848.9,9009.8,5745006,172960049,90148684444,1556607,1268955.5050000001,18815538879,11,WALWrite
1785010262020,532.4,51117.2,1814.4,9011.5,5747560,173011894,90174832873,1557322,1269525.952,18829547199,10,ClientRead
1785010263022,584.2,51164.0,1813.8,9009.5,5750180,173064867,90198004014,1558078,1270085.8820000002,18843424447,15,WALWrite
1785010264022,615.3,51250.0,1815.8,9010.3,5753007,173156828,90227250682,1558883,1270644.144,18857449151,21,ClientRead
1785010265023,628.1,51302.3,1820.0,9012.2,5755663,173219841,90253737389,1559576,1271185.1030000001,18871580351,8,WALWrite
1785010266021,536.6,51337.1,1752.8,9012.1,5758274,173284136,90279298018,1560323,1271705.762,18885375679,14,WALWrite
1785010267022,534.3,51370.9,1811.5,9009.4,5760799,173332422,90304290680,1561067,1272249.1080000002,18899793599,14,ClientRead
1785010268021,545.2,51417.6,1783.8,9008.0,5763460,173406352,90330918700,1561845,1272808.351,18913621695,9,WALWrite
1785010269022,536.9,51498.1,1809.1,9011.7,5766130,173479731,90358291351,1562635,1273374.002,18928424639,17,WALWrite
1785010270022,588.8,51348.6,1800.2,9011.5,5768733,173544930,90382114029,1563384,1273895.725,18941687487,7,WALWrite
1785010271020,587.1,51394.2,1825.7,9011.9,5771420,173598043,90407902850,1564105,1274431.7000000002,18955966143,5,ClientRead
1785010272020,556.2,51437.7,1850.8,9014.0,5774093,173648999,90432051639,1564787,1274956.654,18969835199,39,WALWrite
1785010273022,579.2,51482.2,1818.3,9010.9,5776909,173731214,90458926502,1565509,1275496.34,18983712447,8,ClientRead
1785010274024,590.3,51379.3,1848.1,9012.7,5779480,173799902,90484382820,1566203,1276032.8480000002,18998097599,15,WALWrite
1785010275021,651.3,51215.9,1815.7,9010.6,5782014,173862659,90508842932,1566879,1276577.518,19011819199,4,ClientRead
1785010276021,588.2,51256.5,1823.0,9012.1,5784421,173912876,90533752594,1567493,1277077.883,19025385151,13,ClientRead
1785010277020,546.2,51300.5,1806.0,9011.5,5787119,173963285,90558565731,1568220,1277619.259,19039532735,8,WALWrite
1785010278021,575.3,51348.4,1809.8,9012.0,5789834,174028502,90583265500,1568892,1278197.555,19053098687,6,ClientRead
1785010279022,591.7,51426.0,1870.7,9011.0,5792681,174107490,90610980325,1569662,1278743.542,19067532991,16,WALWrite
1785010280020,568.6,51283.9,1820.2,9008.0,5795570,174180132,90638625536,1570421,1279261.8900000001,19082131135,16,WALWrite
1785010281021,550.7,51317.6,1793.6,9009.6,5798346,174238663,90664562038,1571178,1279822.821,19095959231,7,ClientRead
1785010282023,584.4,51359.8,1860.2,9009.5,5801020,174287775,90688583763,1571921,1280353.004,19109697215,5,WALWrite
1785010283021,579.8,51403.2,1731.7,9012.7,5803842,174368641,90715060008,1572668,1280894.33,19123107519,5,WALWrite
1785010284024,572.0,51283.6,1790.9,9007.4,5806593,174440331,90741559944,1573365,1281380.7690000003,19137017535,3,WalSync
1785010285021,625.5,51359.2,1786.8,9017.3,5809052,174512106,90766597281,1574096,1281910.1980000003,19150395071,3,ClientRead
1785010286021,535.9,51382.1,1818.5,9008.6,5811775,174569627,90792300221,1574883,1282457.4480000003,19165550271,10,WALWrite
1785010287023,572.2,51424.0,1764.1,9008.0,5814300,174614789,90815556380,1575605,1282944.8900000001,19179108031,12,ClientRead
1785010288023,544.9,51466.8,1780.8,9010.1,5816941,174666494,90841995157,1576355,1283469.033,19192952511,18,ClientRead
1785010289020,563.8,51328.0,1781.5,9012.2,5819619,174747378,90867317230,1577140,1284054.55,19207100095,18,WALWrite
1785010290020,561.9,51404.8,1884.6,9009.4,5822306,174810460,90893471140,1577901,1284571.753,19221681855,21,WALWrite
1785010291021,582.0,51443.6,1877.1,9011.2,5825034,174881212,90919736894,1578613,1285063.593,19235198655,19,WALWrite
1785010292022,544.1,51290.1,1874.6,9009.3,5827702,174933171,90943356209,1579335,1285582.494,19249583807,9,ClientRead
1785010293020,580.6,51332.6,1862.6,9008.6,5830572,175008099,90969391740,1580048,1286146.303,19262650047,4,ClientRead
1785010294025,609.4,51410.2,1870.7,9011.8,5833323,175081721,90996540335,1580777,1286691.992,19277125311,19,ClientRead
1785010295022,653.8,51302.5,1793.5,9013.9,5835972,175141371,91020501201,1581497,1287241.74,19290420927,3,ClientRead
1785010296022,597.0,51359.0,1810.3,9011.2,5838572,175203430,91048077628,1582183,1287815.59,19304715967,12,ClientRead
1785010297021,565.0,51417.8,1864.8,9010.6,5840929,175247869,91072407095,1582888,1288380.395,19319084735,20,WALWrite
1785010298020,645.1,51274.6,1826.7,9007.3,5843624,176034842,91174456758,1583541,1288901.376,19321886399,7,WALWrite
1785010299021,536.1,51355.9,1859.8,9006.2,5846197,176098388,91231466075,1584163,1289440.711,19321886399,12,WALWrite
1785010300021,550.7,51445.2,1867.5,9009.9,5848617,176142072,91254675533,1584808,1289900.334,19321886399,20,WALWrite
1785010301020,548.2,51318.1,1785.3,9009.7,5851280,176207069,91301026626,1585556,1290465.651,19321919167,8,ClientRead
1785010302025,535.6,51352.2,1842.3,9008.3,5854002,176270892,91341079266,1586336,1290994.5610000002,19321919167,4,ClientRead
1785010303022,491.6,51434.3,1822.3,9010.4,5856659,176333779,91392526300,1587005,1291536.7640000002,19321919167,7,WALWrite
1785010304023,571.9,51343.9,1819.9,9007.1,5859005,176407113,91463894692,1587626,1292039.337,19321919167,18,ClientRead
1785010305022,635.5,51404.7,1773.2,9007.2,5861651,176463365,91504617561,1588274,1292535.04,19321919167,5,ClientRead
1785010306020,516.1,51474.2,1848.2,9009.4,5864390,176530580,91553065076,1588995,1293094.0300000003,19321919167,13,ClientRead
1785010307022,549.5,51306.3,1850.3,9010.0,5866973,176577072,91577361090,1589757,1293642.549,19321919167,7,ClientRead
1785010308020,547.1,51389.9,1817.2,9008.6,5869844,176645124,91635886619,1590531,1294191.3090000001,19321919167,8,ClientRead
1785010309021,525.4,51294.5,1817.7,9011.5,5872575,176719855,91702111532,1591240,1294737.1060000001,19323221695,10,ClientRead
1785010310020,546.3,51385.3,1914.6,9014.2,5875441,176785229,91748010241,1592015,1295300.1060000001,19324008127,10,ClientRead
1785010311022,584.2,51435.9,1905.7,9011.4,5878006,176851109,91791842758,1592634,1295778.2240000002,19324278463,5,ClientRead
1785010312022,536.6,51264.2,1874.8,9013.0,5880886,176901547,91816016977,1593382,1296370.7920000001,19324376767,8,ClientRead
1785010313024,591.5,51342.2,1909.3,9010.4,5883789,176979637,91886457873,1594078,1296950.174,19324425919,7,WALWrite
1785010314027,621.9,51442.7,1858.7,9006.9,5886562,177050454,91944737501,1594727,1297439.5920000002,19324475071,15,ClientRead
1785010315021,705.1,51332.2,1892.4,9008.7,5889234,177117899,91993811418,1595358,1297981.8450000002,19324475071,20,WALWrite
1785010316021,563.6,51359.4,1918.1,9008.1,5891750,177183628,92040810767,1595985,1298482.0950000002,19324475071,4,WALWrite
1785010317027,604.0,51395.3,1890.8,9007.9,5894396,177231432,92065213728,1596656,1299007.593,19324475071,17,WALWrite
1785010318021,556.5,51481.0,1822.5,9006.7,5897392,177308417,92137157133,1597370,1299546.064,19324475071,13,WALWrite
1785010319022,602.1,51349.9,1844.0,9012.1,5899996,177382194,92198798833,1597992,1300049.2440000002,19324475071,7,WALWrite
1785010320021,610.0,51429.6,1874.2,9012.8,5902795,177452604,92250536414,1598640,1300544.2110000001,19324475071,4,ClientRead
1785010321022,557.3,51404.7,1886.3,9010.9,5905496,177500993,92273837364,1599316,1301056.081,19324475071,18,ClientRead
1785010322021,552.8,51326.8,1855.9,9009.6,5908030,177551885,92300459950,1599981,1301573.405,19324475071,14,ClientRead
1785010323025,582.1,51410.3,1859.5,9011.7,5910796,177604521,92328935227,1600637,1302114.581,19324475071,11,ClientRead
1785010324022,588.4,51314.7,1754.5,9008.6,5913450,177682981,92401560204,1601208,1302632.3730000001,19324475071,5,ClientRead
1785010325023,663.1,51435.1,1774.2,9013.7,5915947,177748708,92456723882,1601819,1303138.422,19324475071,26,WALWrite
1785010326021,590.7,51369.0,1703.7,9010.2,5918104,177808346,92504703251,1602271,1303662.493,19324475071,6,ClientRead
1785010327020,576.8,51448.8,1843.3,9008.6,5920411,178190371,92874532193,1602891,1304188.2550000004,19324475071,13,WALWrite
1785010328021,535.7,51305.0,1821.4,9008.1,5922974,178251449,92923254985,1603594,1304744.6210000003,19324475071,15,ClientRead
1785010329022,570.4,51385.6,1787.7,9007.1,5925551,178330839,92993256990,1604300,1305305.2780000002,19324475071,7,ClientRead
1785010330021,591.1,51481.9,1840.8,9009.2,5928252,178392561,93038399594,1605035,1305845.2520000003,19324475071,17,ClientRead
1785010331023,545.1,51339.2,1834.4,9008.5,5930968,178455958,93084822256,1605772,1306388.3480000002,19324475071,8,WALWrite
1785010332021,570.4,51394.2,1821.0,9010.0,5933554,178504590,93109561624,1606536,1306906.6700000004,19324475071,10,ClientRead
1785010333023,555.1,51470.6,1876.7,9008.1,5936344,178585423,93186927119,1607238,1307476.642,19324475071,11,WALWrite
1785010334020,626.8,51362.8,1871.6,9015.0,5939069,178651419,93237099778,1607877,1307957.3260000001,19324475071,12,ClientRead
1785010335022,701.2,51483.2,1858.0,9007.1,5941601,178701527,93262972131,1608455,1308429.073,19324475071,14,ClientRead
1785010336021,668.4,51388.1,1785.3,9011.9,5944373,179052300,93372876832,1609087,1308959.546,19324475071,5,WALWrite
1785010337021,574.3,51403.0,1863.8,9007.4,5947038,179105920,93404477655,1609757,1309500.8050000002,19324475071,12,ClientRead
1785010338022,595.0,51293.6,1840.5,9008.8,5949705,179156174,93429472589,1610348,1310022.9010000003,19324475071,15,WALWrite
1785010339023,591.2,51381.6,1891.6,9009.6,5952537,179238588,93507656320,1610987,1310549.8000000003,19324475071,17,ClientRead
1785010340022,602.7,51454.4,1840.4,9009.2,5955365,179308732,93559537990,1611669,1311057.6010000003,19324475071,6,ClientRead
1785010341022,590.8,51316.3,1886.6,9010.0,5958246,179375787,93606872726,1612326,1311596.6070000003,19324475071,20,ClientRead
1785010342021,597.2,51361.4,1849.5,9009.3,5961172,179435577,93642453435,1613027,1312151.2180000003,19324475071,11,WALWrite
1785010343021,605.0,51446.9,1911.4,9012.0,5963973,179508742,93702790859,1613711,1312686.2580000001,19324475071,17,ClientRead
1785010344020,609.8,51356.1,1863.5,9010.7,5966683,179588709,93766690221,1614317,1313203.4780000001,19324475071,10,WALWrite
1785010345021,664.5,51448.3,1856.9,9008.9,5969359,179646257,93807163629,1614928,1313671.303,19324475071,12,WALWrite
1785010346025,593.4,51309.3,1908.6,9007.3,5972183,179714642,93858185704,1615600,1314225.4980000001,19324475071,7,WALWrite
1785010347022,635.1,51351.4,1817.8,9011.9,5974952,179766294,93885676322,1616213,1314737.518,19324475071,5,ClientRead
1785010348019,573.5,51438.3,1781.4,9009.8,5977711,179817117,93914641093,1616939,1315241.5929999999,19324475071,7,WALWrite
1785010349021,552.6,51326.0,1851.6,9010.6,5980451,179898192,93990599716,1617590,1315776.067,19325712063,11,WALWrite
1785010350022,589.6,51429.6,1831.8,9011.1,5983292,179970086,94043354518,1618304,1316311.433,19326580415,6,WALWrite
1785010351022,558.1,51489.8,1861.1,9012.2,5986042,180036027,94090583488,1618979,1316800.855,19326842559,13,WALWrite
1785010352020,561.1,51344.3,1844.3,9007.8,5988964,180096148,94125163737,1619712,1317388.513,19326924479,11,ClientRead
1785010353021,621.1,51419.3,1857.3,9010.4,5991896,180156801,94163627353,1620335,1317895.017,19326940863,14,WALWrite
1785010354024,635.3,51315.0,1799.6,9009.0,5994819,180238476,94233412694,1620916,1318410.979,19326957247,14,ClientRead
1785010355023,714.4,51382.4,1873.4,9006.1,5997620,180307910,94280972212,1621537,1318962.5019999999,19327530687,7,ClientRead
1785010356022,564.1,51471.8,1840.7,9007.2,6000266,180368552,94325264675,1622189,1319467.944,19328063167,24,ClientRead
1785010357022,533.9,51310.5,1831.1,9011.1,6003087,180429058,94363667819,1622921,1320013.678,19328423615,6,ClientRead
1785010358020,563.6,51399.9,1786.8,9008.6,6005833,180479887,94391492573,1623663,1320560.253,19328685759,10,ClientRead
1785010359023,590.2,51479.5,1821.6,9007.7,6008535,180561040,94465746596,1624292,1321069.129,19328947903,29,WALWrite
1785010360023,592.4,51370.0,1841.7,9009.8,6011371,180633245,94519532755,1624972,1321577.046,19329316543,19,WALWrite
1785010361024,560.0,51449.5,1875.5,9008.8,6014174,180697807,94564708534,1625739,1322134.41,19329603263,9,ClientRead
1785010362021,539.0,51299.2,1853.5,9005.5,6017129,180764652,94605956321,1626511,1322679.716,19329857215,33,WALWrite
1785010363020,592.6,51378.4,1809.8,9010.4,6019824,180833096,94664363074,1627156,1323213.7799999998,19330062015,8,WALWrite
1785010364021,645.2,51471.7,1868.3,9006.1,6022777,180919500,94725682311,1627692,1323722.4659999998,19330193087,9,WALWrite
1785010365021,696.3,51364.9,1842.8,9008.6,6025591,180983480,94766702740,1628265,1324199.169,19330193087,13,WALWrite
1785010366023,633.1,51417.4,1885.9,9009.2,6028420,181048370,94812025952,1628930,1324690.2559999998,19330193087,19,WALWrite
1785010367023,568.9,51469.3,1875.0,9011.5,6031423,181109022,94844870636,1629629,1325209.5999999999,19330193087,7,WALWrite
1785010368020,633.0,51354.5,1853.4,9010.2,6034361,181167331,94882818160,1630232,1325719.8159999999,19330193087,12,ClientRead
1785010369023,573.1,51439.3,1821.7,9007.7,6037315,181247065,94951195198,1630870,1326250.4400000002,19330193087,10,WALWrite
1785010370026,565.2,51337.3,1793.4,9015.1,6040210,181318568,95001893595,1631607,1326787.957,19330193087,14,WALWrite
1785010371021,596.9,51400.2,1845.2,9009.9,6042972,181381120,95047610157,1632290,1327327.841,19330193087,5,ClientRead
1785010372021,552.0,51445.9,1827.5,9006.1,6045861,181440933,95082375329,1633008,1327894.1779999998,19330193087,14,ClientRead
1785010373021,568.9,51322.5,1802.9,9007.4,6048868,181514734,95146253221,1633689,1328372.5289999999,19330193087,17,WALWrite
1785010374022,611.3,51417.8,1780.5,9010.5,6051678,181594478,95207483493,1634365,1328884.008,19330193087,27,WALWrite
1785010375022,692.6,51319.2,1823.4,9008.3,6054509,181652103,95249874973,1635016,1329419.466,19330193087,14,ClientRead
1785010376023,654.6,51406.1,1829.3,9007.4,6057144,182017904,95318198435,1635618,1329934.198,19330193087,9,ClientRead
1785010377020,623.8,51415.0,1832.1,9009.0,6059837,182061964,95341447380,1636263,1330428.678,19330193087,13,WALWrite
1785010378023,567.9,51455.5,1808.5,9007.7,6062671,182114491,95372596334,1636971,1331027.1400000001,19330193087,12,ClientRead
1785010379020,563.8,51385.6,1815.4,9010.1,6065273,182194002,95445632004,1637616,1331512.719,19330193087,17,WALInsert
1785010380021,560.7,51475.6,1825.1,9007.3,6068052,182262001,95496053464,1638324,1332040.414,19330193087,13,ClientRead
1785010381022,559.0,51335.1,1836.5,9010.7,6070779,182320726,95539047338,1639014,1332550.621,19330193087,9,WALWrite
1785010382022,550.6,51378.5,1861.9,9008.2,6073605,182382226,95578367825,1639732,1333086.088,19330193087,14,ClientRead
1785010383026,568.1,51463.1,1780.4,9008.8,6076286,182431589,95603664589,1640428,1333593.899,19330193087,1,ClientRead
1785010384026,586.2,51364.7,1816.6,9007.9,6079063,182513804,95680188987,1641032,1334134.693,19330193087,10,ClientRead
1785010385022,664.1,51456.9,1807.9,9011.4,6081740,182582569,95730831932,1641676,1334685.398,19330193087,16,ClientRead
1785010386022,568.6,51312.2,1856.6,9007.5,6084428,182638798,95770521846,1642351,1335184.9570000002,19330193087,28,WALWrite
1785010387021,544.8,51363.9,1860.6,9010.3,6087229,182701520,95814088721,1643104,1335736.967,19330193087,5,ClientRead
1785010388022,551.4,51424.6,1806.8,9011.4,6089970,182765391,95866376646,1643813,1336247.244,19330193087,16,ClientRead
1785010389021,574.8,51309.1,1864.9,9009.3,6092838,182845505,95932332233,1644551,1336807.2130000002,19330193087,12,ClientRead
1785010390024,548.0,51405.2,1845.5,9011.0,6095544,182902331,95972290212,1645206,1337328.8740000003,19330193087,14,WALWrite
1785010391022,581.0,51478.8,1835.6,9010.1,6098364,182970442,96024414114,1645927,1337894.022,19330193087,4,ClientRead
1785010392021,572.2,51326.6,1895.3,9008.2,6101213,183022733,96052230648,1646651,1338388.9790000003,19330193087,6,WALWrite
1785010393022,581.2,51415.2,1827.6,9010.7,6104076,183076796,96088053518,1647265,1338891.1160000002,19330193087,17,ClientRead
1785010394022,589.3,51314.4,1893.7,9010.2,6106993,183160988,96161481439,1647893,1339452.3300000003,19330193087,16,ClientRead
1785010395021,704.8,51420.9,1884.3,9006.2,6109831,183228218,96205414306,1648484,1339929.7010000001,19330193087,20,WALWrite
1785010396020,691.3,51485.7,1883.1,9010.1,6112513,183285062,96244937409,1649064,1340418.9780000001,19330193087,4,ClientRead
1785010397023,623.7,51331.5,1836.4,9010.5,6115332,183661980,96312600408,1649698,1340946.9170000001,19330193087,8,ClientRead
1785010398021,603.5,51413.7,1859.1,9008.9,6118235,183740239,96381394558,1650376,1341544.453,19330193087,16,ClientRead
1785010399024,632.4,51299.9,1881.2,9005.6,6121356,183820617,96437498743,1650979,1342046.992,19330193087,9,WALWrite
1785010400023,613.3,51382.0,1930.9,9006.9,6124228,183879904,96478302365,1651605,1342516.5040000002,19330193087,9,ClientRead
1785010401022,645.0,51464.2,1883.0,9006.8,6127368,183949069,96526761659,1652274,1343014.304,19330193087,4,WalSync
1785010402023,577.3,51313.2,1814.7,9007.7,6130272,183999103,96551954205,1652949,1343561.2670000002,19330193087,6,WALWrite
1785010403021,567.6,51398.4,1835.9,9007.8,6133171,184066395,96608084506,1653597,1344094.164,19330193087,12,WALWrite
1785010404021,618.4,51492.4,1821.4,9009.8,6136008,184148509,96671504629,1654273,1344683.6360000002,19330193087,22,WALWrite
1785010405024,658.4,51404.3,1832.2,9008.6,6138952,184211694,96722558580,1654962,1345223.445,19330193087,12,ClientRead
1785010406022,632.4,51436.0,1833.8,9009.3,6141520,184487152,96781460917,1655577,1345701.776,19330193087,13,WALWrite
1785010407022,619.2,51479.1,1830.2,9009.7,6144308,184529606,96803177425,1656250,1346241.4980000001,19330193087,4,ClientRead
1785010408020,541.8,51358.5,1806.2,9007.8,6147186,184601865,96868025015,1656976,1346830.2130000002,19330193087,15,WALWrite
1785010409021,569.2,51446.4,1831.5,9010.0,6149941,184679924,96930684262,1657661,1347333.4160000004,19330193087,17,WALWrite
1785010410023,563.6,51319.8,1818.8,9011.5,6152707,184745369,96984234010,1658363,1347858.4010000003,19330193087,15,WALWrite
1785010411021,547.1,51379.6,1814.0,9010.5,6155500,184795454,97011605190,1659052,1348397.2460000003,19330193087,0,
1785010412022,539.5,51399.7,1822.7,9008.3,6158287,184843064,97036138830,1659829,1348962.1120000002,19330193087,8,ClientRead
1785010413020,563.7,51482.8,1864.5,9008.8,6161104,184899215,97076620958,1660508,1349513.5030000003,19330193087,6,WALWrite
1785010414024,613.4,51374.2,1798.1,9008.7,6164011,184984149,97147382609,1661146,1350046.0630000003,19330193087,15,ClientRead
1785010415021,671.0,51440.8,1783.0,9008.9,6166785,185054595,97196379027,1661787,1350560.1660000002,19330193087,12,WALWrite
1785010416024,572.9,51465.2,1855.7,9009.2,6169634,185121459,97248588980,1662466,1351080.2920000001,19330193087,18,WALWrite
1785010417023,556.8,51314.4,1855.7,9006.2,6172571,185169611,97272571243,1663200,1351615.2530000003,19330193087,2,WalWrite
1785010418022,597.4,51392.1,1895.2,9008.3,6175640,185223289,97299433549,1663848,1352127.9910000002,19330193087,13,WALWrite
1785010419021,624.7,51470.9,1853.7,9008.1,6178726,185306095,97371746171,1664446,1352626.8760000002,19330193087,28,WALWrite
1785010420022,602.1,51344.2,1877.9,9010.9,6181652,185379926,97425822502,1665046,1353185.119,19330193087,4,WALWrite
1785010421025,611.2,51407.3,1920.3,9007.8,6184752,185445434,97475927052,1665714,1353673.897,19330193087,9,ClientRead
1785010422023,609.9,51453.4,1845.8,9010.8,6187892,185505061,97512488761,1666401,1354203.315,19330193087,16,WALWrite
1785010423021,596.9,51339.2,1910.6,9006.7,6191012,185565199,97550061886,1667033,1354707.7630000003,19330193087,20,WALWrite
1785010424023,640.7,51429.9,1892.0,9011.7,6194188,185645975,97619297548,1667634,1355231.2730000003,19330193087,9,WALWrite
1785010425021,690.0,51351.7,1823.9,9007.7,6196989,185720929,97670024981,1668201,1355752.5960000001,19330193087,10,WALWrite
1785010426025,612.0,51345.2,1907.2,9007.3,6199959,185786643,97722715434,1668809,1356275.5870000003,19330193087,6,ClientRead
1785010427021,617.7,51399.7,1860.5,9010.5,6203132,185839575,97751155983,1669464,1356793.4560000002,19330193087,17,ClientRead
1785010428021,619.2,51482.1,1891.3,9009.8,6206116,185901585,97798429740,1670075,1357302.2030000002,19330193087,9,ClientRead
1785010429021,604.7,51358.2,1884.2,9007.6,6209176,185983359,97864989759,1670643,1357779.1660000002,19330193087,8,ClientRead
1785010430020,635.0,51426.5,1888.6,9007.7,6212348,186055320,97917796297,1671262,1358303.6000000003,19330193087,14,ClientRead
1785010431020,635.2,51483.7,1874.4,9010.4,6215562,186119624,97963315423,1671877,1358796.0160000003,19330193087,13,ClientRead
1785010432021,653.5,51329.4,1902.0,9006.8,6218941,186173585,97989327739,1672504,1359337.8940000003,19330193087,20,WALWrite
1785010433023,626.2,51415.1,1872.0,9009.0,6222118,186250112,98055702560,1673088,1359812.9200000002,19330193087,21,WALWrite
1785010434020,598.6,51314.3,1779.0,9008.1,6225098,186325058,98114930250,1673722,1360392.1940000004,19330193087,12,WALWrite
1785010435023,683.6,51400.1,1849.6,9011.4,6227949,186385056,98165931352,1674318,1360912.7980000002,19330193087,3,ClientRead
1785010436020,658.2,51262.0,1828.1,9009.7,6230515,186653013,98215932797,1674925,1361404.1000000003,19330193087,14,ClientRead
1785010437021,618.5,51274.4,1826.3,9008.4,6233463,186697796,98240346518,1675609,1361927.1410000003,19330193087,18,ClientRead
1785010438023,581.6,51341.8,1849.8,9008.9,6236264,186747913,98270873628,1676327,1362501.5250000001,19330193087,12,ClientRead
1785010439025,587.6,51407.7,1824.8,9010.4,6239209,186827560,98342321962,1676953,1363017.016,19330193087,11,WALWrite
1785010440021,588.4,51279.3,1844.6,9007.1,6242061,186899073,98398080117,1677604,1363549.7550000001,19330193087,7,WALWrite
1785010441021,551.1,51330.3,1885.9,9010.5,6245009,186962974,98447354084,1678285,1364092.151,19330193087,25,ClientRead
1785010442023,596.1,51373.7,1857.0,9008.8,6247998,187012654,98472478284,1679030,1364658.843,19330193087,13,ClientRead
1785010443024,621.1,51452.3,1800.3,9009.1,6251045,187083021,98527190690,1679731,1365194.8420000002,19330193087,15,ClientRead
1785010444021,643.3,51346.1,1851.0,9008.1,6254100,187159069,98586165853,1680324,1365688.969,19330193087,14,WALWrite
1785010445023,691.2,51409.7,1841.9,9009.2,6257090,187242700,98642226740,1680920,1366218.176,19330193087,2,WalSync
1785010446021,617.3,51461.4,1918.1,9008.3,6260202,187309331,98694448535,1681509,1366737.625,19330193087,20,ClientRead
1785010447021,608.6,51308.8,1873.8,9007.3,6263408,187359637,98718463648,1682128,1367242.482,19330193087,10,WALWrite
1785010448022,666.9,51385.2,1849.7,9008.6,6266661,187422553,98763587086,1682736,1367754.009,19330193087,9,WALWrite
1785010449021,630.5,51462.2,1812.8,9010.4,6269886,187506929,98829785546,1683366,1368289.0990000002,19330193087,6,ClientRead
1785010450020,625.0,51336.9,1851.5,9005.6,6272958,187583627,98884645632,1683977,1368763.0790000001,19330193087,19,WALWrite
1785010451022,619.2,51398.6,1876.7,9008.5,6276113,187646561,98931738146,1684593,1369296.833,19330193087,24,WALWrite
1785010452021,606.4,51446.8,1891.9,9008.0,6279366,187701542,98958706332,1685293,1369791.0720000002,19330193087,11,WALWrite
1785010453021,652.2,51323.3,1815.8,9008.2,6282392,187768232,99013503865,1685874,1370278.7790000003,19330193087,24,WALWrite
1785010454026,698.9,51418.5,1878.3,9006.6,6285657,187849938,99073135457,1686459,1370785.5480000002,19330193087,15,ClientRead
1785010455023,722.7,51303.0,1800.0,9009.1,6289006,187918703,99124948754,1687047,1371286.5170000002,19330193087,6,ClientRead
1785010456021,625.6,51338.3,1806.5,9006.1,6292138,187981798,99171033850,1687659,1371806.9530000002,19330193087,5,ClientRead
1785010457023,610.5,51384.3,1866.5,9007.5,6295289,188034140,99196447429,1688285,1372298.1770000001,19330193087,10,WALWrite
1785010458024,662.5,51465.5,1820.3,9010.7,6298704,188109066,99256396206,1688908,1372838.3920000002,19330193087,12,WALWrite
1785010459021,653.3,51347.4,1879.4,9008.8,6302085,188191562,99317864845,1689465,1373311.8700000003,19330193087,22,WALWrite
1785010460021,671.9,51418.3,1827.4,9008.4,6305284,188258368,99370046827,1690059,1373771.1360000004,19330193087,19,ClientRead
1785010461020,653.1,51481.7,1860.5,9009.2,6308674,188321500,99412689349,1690695,1374281.1380000003,19330193087,13,ClientRead
1785010462020,640.5,51328.4,1868.8,9007.5,6312057,188374441,99437712238,1691321,1374788.6050000002,19330193087,26,WALWrite
1785010463024,643.7,51407.5,1827.3,9006.7,6315470,188429629,99464458044,1691913,1375282.7060000002,19330193087,10,ClientRead
1785010464024,660.6,51370.4,1860.9,9006.4,6318714,188508355,99532037671,1692530,1375781.773,19330193087,12,ClientRead
1785010465022,724.8,51438.1,1835.0,9008.0,6321727,188582935,99586352313,1693087,1376253.2650000001,19330193087,12,WALWrite
1785010466020,695.0,51476.2,1776.7,9008.4,6324822,188646075,99636580132,1693746,1376756.661,19330193087,7,WALWrite
1785010467021,703.0,51338.3,1844.8,9005.7,6327902,188702818,99674109594,1694338,1377301.1320000002,19330193087,22,ClientRead
1785010468023,679.1,51433.2,1804.9,9009.3,6330768,189298059,99751885163,1694927,1377845.3450000002,19330193087,2,ClientRead
1785010469020,656.2,51457.6,1823.3,9009.4,6333636,189373824,99815594652,1695567,1378371.8690000002,19330193087,18,WALWrite
1785010470022,626.0,51353.7,1867.6,9008.9,6336721,189450833,99868516078,1696203,1378866.323,19330193087,19,WALWrite
1785010471024,640.9,51425.0,1838.3,9009.3,6339932,189513664,99913138979,1696835,1379362.4060000002,19330193087,7,ClientRead
1785010472023,605.7,51464.3,1846.5,9010.1,6343093,189572442,99947826564,1697541,1379876.79,19330193087,11,ClientRead
1785010473020,615.7,51343.1,1790.0,9009.0,6346088,189627334,99981012716,1698216,1380410.7290000003,19330193087,16,ClientRead
1785010474021,654.5,51441.5,1847.4,9009.3,6349082,189710176,100050585983,1698774,1380902.605,19330193087,10,WALWrite
1785010475021,708.0,51339.3,1856.1,9008.8,6352098,189780688,100100768118,1699307,1381418.597,19330193087,17,WALWrite
1785010476021,636.2,51375.7,1861.1,9008.6,6355106,189850258,100157618158,1699896,1381926.0690000001,19330193087,15,ClientRead
1785010477022,608.8,51397.1,1850.1,9009.7,6358297,189910865,100196144871,1700569,1382450.3720000002,19330193087,14,ClientRead
1785010478025,654.1,51451.6,1813.5,9007.9,6361532,189985824,100254603595,1701231,1382961.7280000001,19330193087,5,ClientRead
1785010479021,627.9,51316.2,1824.3,9007.1,6364709,190071658,100316520696,1701871,1383528.1410000003,19330193087,23,WALWrite
1785010480022,610.3,51383.5,1831.1,9006.4,6367837,190143120,100375140911,1702488,1384010.0660000003,19330193087,14,WALWrite
1785010481023,641.1,51418.4,1817.5,9008.8,6370732,190199504,100409435995,1703109,1384489.2330000002,19330193087,7,ClientRead
1785010482022,616.8,51448.4,1856.1,9007.2,6373899,190253737,100435489106,1703813,1385040.7680000004,19330193087,18,WALWrite
1785010483020,650.7,51313.6,1853.6,9006.9,6377054,190315024,100478761969,1704435,1385474.8040000002,19330193087,20,WALWrite
1785010484020,624.5,51386.7,1767.0,9010.3,6380191,190394620,100540747307,1705035,1385985.6460000002,19330193087,6,ClientRead
1785010485023,673.0,51444.4,1821.2,9007.8,6383329,190470785,100595991881,1705735,1386504.3320000002,19330184895,12,WALWrite
1785010486022,615.0,51468.4,1827.9,9008.6,6386439,190534938,100646736994,1706374,1387036.7980000002,19330184895,2,ClientRead
1785010487023,605.4,51474.2,1799.2,9007.4,6389644,190586479,100672684916,1707134,1387600.8410000002,19330184895,20,ClientRead
1785010488022,639.9,51337.4,1808.5,9007.2,6392853,190659398,100730427495,1707778,1388103.1560000002,19330184895,12,WALWrite
1785010489021,647.7,51403.6,1805.1,9007.3,6396032,190741422,100789553264,1708315,1388601.5690000001,19330184895,16,WALWrite
1785010490023,631.2,51465.3,1844.1,9006.4,6399352,190811994,100844006045,1708963,1389090.828,19330184895,15,ClientRead
1785010491022,625.0,51310.2,1825.7,9010.4,6402484,190876825,100888573981,1709533,1389566.3900000001,19330184895,6,ClientRead
1785010492024,625.0,51341.8,1818.5,9009.1,6405790,190929754,100913290617,1710218,1390085.7640000002,19330184895,18,ClientRead
1785010493023,606.6,51402.4,1758.9,9009.0,6408879,190988654,100951559059,1710861,1390600.307,19330184895,10,ClientRead
1785010494020,629.1,51477.8,1782.1,9009.1,6411914,191073047,101022725320,1711501,1391116.3540000003,19330184895,17,ClientRead
1785010495021,698.4,51401.5,1770.7,9007.5,6414738,191141331,101077197825,1712123,1391672.4540000001,19330184895,8,ClientRead
1785010496020,648.6,51215.9,1770.3,9009.4,6417455,191427718,101147403844,1712741,1392189.1330000001,19330184895,10,WALWrite
1785010497019,653.3,51209.8,1801.7,9005.8,6420227,191471948,101170330478,1713364,1392724.1720000003,19330184895,18,WALWrite
1785010498022,601.8,51276.6,1806.5,9009.7,6423402,191525958,101201661961,1714043,1393275.3410000002,19330184895,9,WALWrite
1785010499022,590.2,51347.2,1736.9,9008.3,6426241,191609029,101276010673,1714652,1393774.627,19330184895,13,ClientRead
1785010500022,597.9,51409.8,1777.8,9009.1,6429216,191678013,101331061939,1715294,1394263.6650000003,19330184895,31,WALWrite
1785010501022,596.5,51447.8,1767.1,9007.2,6432277,191737556,101373021869,1715995,1394806.2290000003,19330184895,7,ClientRead
1785010502024,557.6,51479.9,1830.2,9009.3,6434959,191781758,101395845278,1716691,1395345.9870000002,19330184895,13,WALWrite
1785010503022,596.4,51347.8,1830.6,9009.6,6437755,191830527,101422581559,1717341,1395879.0730000003,19330184895,14,WALWrite
1785010504024,613.6,51431.5,1790.6,9007.6,6440689,191909760,101496427969,1717938,1396361.5720000002,19330184895,12,WALWrite
1785010505021,575.9,51489.1,1766.6,9007.2,6443451,191975847,101556925338,1718602,1396899.0110000002,19330184895,14,WALWrite
1785010506023,547.1,51328.5,1848.8,9005.9,6446192,192041604,101614888296,1719376,1397442.3790000002,19330184895,6,WALWrite
1785010507024,574.4,51369.2,1832.1,9009.6,6449104,192088345,101639352257,1720144,1398017.1970000002,19330184895,7,WALWrite
1785010508024,550.1,51438.6,1824.0,9010.9,6451954,192151895,101690391965,1720892,1398571.0860000001,19330184895,17,ClientRead
1785010509023,610.5,51315.0,1844.7,9010.5,6454872,192230914,101760494696,1721548,1399104.833,19330184895,12,WALWrite
1785010510021,615.2,51379.7,1884.2,9007.6,6457821,192295101,101812673820,1722114,1399580.4710000001,19330184895,24,ClientRead
1785010511020,590.3,51425.2,1857.6,9005.2,6460665,192356787,101854892349,1722726,1400102.8320000002,19330184895,34,ClientRead
1785010512023,623.3,51465.3,1849.2,9009.9,6463769,192407792,101879189376,1723426,1400661.469,19330184895,5,ClientRead
1785010513021,619.2,51335.4,1892.0,9006.1,6466914,192472271,101925957291,1724032,1401172.1060000001,19330184895,10,WALWrite
1785010514026,647.9,51431.3,1851.0,9007.4,6469880,192550903,101995546595,1724600,1401688.8730000001,19330184895,12,WALWrite
1785010515021,708.6,51352.4,1812.4,9008.1,6472859,192634053,102052345865,1725179,1402206.664,19330184895,11,WALWrite
1785010516020,598.2,51338.3,1884.8,9011.1,6475675,192692533,102094576453,1725811,1402702.8820000002,19330184895,5,ClientRead
1785010517021,531.7,51386.6,1749.5,9001.6,6478174,192735343,102115777717,1726436,1403205.2240000002,19330176703,8,WALWrite
1785010518023,415.2,51473.0,1174.7,9002.2,6480155,192812858,102181194156,1727161,1403746.3650000002,19330176703,8,WALWrite
1785010519020,413.0,51389.7,1184.7,9002.2,6482137,192910789,102277365240,1728097,1404324.3100000003,19330176703,7,WALWrite
1785010520021,404.8,51439.5,1135.7,9002.3,6483663,192961027,102307274183,1728862,1404896.0760000001,19330176703,5,WalSync
1785010521020,399.2,51479.1,1177.3,9002.0,6485341,193016135,102334718206,1729738,1405486.789,19330176703,4,WALWrite
1785010522020,400.2,51326.1,1154.3,9002.4,6487056,193069937,102361000305,1730581,1406058.4810000001,19330176703,6,ClientRead
1785010523023,413.9,51433.5,1169.9,9002.7,6488616,193149597,102436152517,1731328,1406605.8260000001,19330176703,7,WALWrite
1785010524021,422.8,51348.4,1177.0,9001.9,6490410,193238171,102524872674,1732186,1407167.3670000003,19330176703,12,ClientRead
1785010525020,479.1,51418.9,1164.3,9002.1,6491882,193287827,102549562405,1732922,1407745.1210000003,19330176703,7,WALWrite
1785010526021,444.7,51439.1,1182.0,9001.9,6493273,193550007,102590004022,1733633,1408262.9960000003,19330176703,3,
1785010527024,406.8,51483.9,1168.0,9002.8,6494681,193595198,102612363171,1734377,1408770.2960000003,19330176703,14,WALWrite
1785010528021,424.3,51385.8,1146.0,9002.2,6496359,193650835,102639886328,1735221,1409351.1720000003,19330176703,10,WALWrite
1785010529021,425.2,51472.7,1191.6,9002.1,6498194,193752472,102744659809,1736111,1409907.3760000002,19330176703,9,WALWrite
1785010530021,391.8,51318.6,1137.7,9001.7,6499796,193814703,102794515628,1736953,1410506.5380000004,19330176703,7,ClientRead
1785010531020,401.5,51368.2,1169.9,9001.0,6501483,193865256,102819138190,1737842,1411074.1270000003,19332478655,11,WALWrite
1785010532023,387.1,51405.3,1155.3,9001.1,6503294,193921678,102846975660,1738729,1411689.3850000002,19332724415,6,WALWrite
1785010533020,411.4,51304.2,1131.2,9001.9,6505118,193997165,102909074475,1739607,1412315.6720000003,19332781759,8,ClientRead
1785010534023,438.2,51418.7,1191.3,9002.0,6506851,194092518,103004187943,1740448,1412918.0950000004,19332781759,8,WALWrite
1785010535021,472.0,51247.6,1150.6,9002.5,6508441,194152236,103045453771,1741228,1413465.674,19335182015,6,ClientRead
1785010536020,406.0,51281.1,1179.1,9002.1,6510051,194202465,103070198390,1742068,1414062.4660000002,19335419583,1,ClientRead
1785010537021,392.6,51326.0,1172.5,9001.4,6511595,194247005,103091708355,1742861,1414515.7040000001,19335419583,3,
1785010538019,419.6,51433.8,1142.8,9001.2,6513025,194289945,103112805424,1743606,1414975.772,19335452351,4,ClientRead
1785010539019,393.2,51328.7,1182.0,9001.7,6514954,194398794,103221390038,1744566,1415617.3300000003,19335575231,14,WALWrite
1785010540021,395.4,51378.6,1155.4,9002.2,6516737,194468303,103281122406,1745459,1416203.033,19336148671,6,ClientRead
1785010541022,410.7,51424.4,1177.9,9001.4,6518417,194521384,103307437435,1746353,1416787.9320000003,19337139903,12,ClientRead
1785010542020,389.5,51471.2,1187.2,9001.3,6520147,194572417,103332352226,1747223,1417352.7010000001,19337713343,3,WALInsert
1785010543020,416.6,51371.1,1133.6,9003.6,6522010,194653438,103399446048,1748123,1418015.2540000002,19337909951,5,ClientRead
1785010544021,423.0,51494.6,1189.1,9002.6,6523682,194746138,103493308066,1748941,1418623.9420000003,19337983679,6,ClientRead
1785010545020,481.1,51356.1,1167.4,9002.7,6524921,194792860,103523252932,1749553,1419103.5600000003,19339835071,12,ClientRead
1785010546020,454.7,51406.0,1163.8,9002.9,6526206,195158436,103571310586,1750203,1419595.3660000002,19340760767,9,WALWrite
1785010547024,398.6,51419.6,1194.9,9002.0,6527757,195210351,103597994234,1750984,1420177.4560000002,19340777151,4,WALWrite
1785010548020,429.2,51322.2,1131.7,9001.9,6529435,195263343,103627575243,1751793,1420739.283,19340777151,6,WALWrite
1785010549022,414.2,51416.6,1219.3,9001.7,6531248,195368068,103737515126,1752704,1421281.6720000003,19340809919,2,WalSync
1785010550019,398.4,51460.5,1148.7,9001.9,6533112,195439356,103792898454,1753658,1421935.3090000001,19341080255,1,WalSync
1785010551026,398.4,51308.3,1159.8,9001.7,6534912,195494897,103820114512,1754547,1422519.2410000004,19341825727,4,ClientRead
1785010552020,378.6,51354.5,1189.2,9002.1,6536432,195544585,103844586963,1755361,1423088.0530000003,19342726847,13,ClientRead
1785010553022,409.9,51464.0,1123.9,9001.2,6538076,195629959,103924306219,1756131,1423624.7610000002,19343185599,9,ClientRead
1785010554019,438.3,51378.6,1172.2,9002.7,6539763,195720116,104009389458,1756944,1424159.7220000003,19343259327,9,ClientRead
1785010555021,522.5,51451.6,1188.1,9002.9,6541038,195763913,104031349156,1757545,1424633.1300000001,19343259327,10,ClientRead
1785010556019,481.0,51275.1,1163.5,9002.6,6542494,196040055,104075118827,1758276,1425181.8270000003,19343259327,7,ClientRead
1785010557020,388.2,51312.3,1170.0,9001.7,6544296,196097818,104103561953,1759214,1425846.3110000002,19343259327,6,ClientRead
1785010558020,419.8,51400.7,1163.3,9002.6,6546187,196183851,104173925905,1760124,1426432.6280000003,19343259327,7,ClientRead
1785010559020,413.0,51295.6,1159.8,9001.5,6548003,196281486,104259642544,1761054,1427042.987,19343259327,9,WALWrite
1785010560022,381.3,51340.3,1174.8,9002.6,6549765,196336895,104288766310,1761947,1427624.5420000001,19343259327,11,WALWrite
1785010561024,386.5,51386.0,1144.4,9002.2,6551451,196387797,104313505239,1762779,1428177.1630000002,19343259327,6,WALWrite
1785010562019,386.7,51430.2,1183.8,9002.5,6552988,196435465,104337069180,1763549,1428741.2610000002,19343259327,2,WalSync
1785010563023,405.4,51336.4,1163.6,9001.7,6554352,196480792,104359405037,1764175,1429216.2750000001,19343259327,2,WalSync
1785010564021,434.1,51446.6,1160.5,9002.4,6555837,196585424,104461535996,1764915,1429728.0420000001,19343259327,8,WALWrite
1785010565020,459.2,51267.9,1164.9,9002.0,6557611,196656053,104523206254,1765797,1430322.007,19343259327,7,WALWrite
1785010566020,378.9,51293.8,1136.1,9001.9,6559131,196707676,104548918142,1766586,1430872.702,19343259327,5,ClientRead
1785010567020,376.2,51318.8,1180.1,9002.4,6560834,196762692,104576192426,1767491,1431491.3159999999,19343259327,3,WALWrite
1785010568021,398.1,51404.6,1170.9,9001.8,6562647,196822499,104614495377,1768336,1432066.482,19343259327,8,WALWrite
1785010569024,421.7,51305.2,1162.1,9002.7,6564528,196932235,104708355850,1769294,1432672.403,19343259327,4,WALWrite
1785010570019,383.7,51335.1,1221.1,9001.5,6566423,197009872,104772590990,1770312,1433321.409,19343259327,11,WALWrite
1785010571022,388.5,51360.0,1141.6,9001.9,6568173,197061992,104798034512,1771194,1433885.4610000001,19343259327,7,ClientRead
1785010572020,392.8,51386.0,1200.5,9002.4,6569971,197117108,104824849944,1772120,1434504.703,19343259327,2,ClientRead
1785010573020,401.7,51467.3,1169.5,9002.0,6571374,197196195,104899138659,1772795,1434928.935,19343259327,7,ClientRead
1785010574021,446.8,51386.6,1162.0,9001.6,6573109,197280642,104969025716,1773632,1435453.569,19343259327,11,WALWrite
1785010575020,457.6,51212.8,1208.6,9001.5,6574754,197335921,105004949341,1774429,1436013.5050000001,19343259327,5,
1785010576022,382.5,51234.2,1146.4,9001.9,6576137,197381269,105027333990,1775146,1436492.0710000002,19343259327,7,WalSync
1785010577020,393.2,51259.3,1181.7,9001.7,6578108,197434555,105053119033,1776157,1437107.549,19343259327,5,ClientRead
1785010578022,403.2,51337.8,1183.7,9001.9,6580090,197490880,105082395512,1777076,1437700.9080000003,19343259327,9,ClientRead
1785010579021,407.0,51446.9,1156.4,9001.8,6582137,197605238,105180602166,1778039,1438310.77,19343259327,5,ClientRead
1785010580022,364.0,51281.7,1197.5,9002.1,6584173,197682216,105247819121,1779036,1438957.5980000002,19343259327,11,WALWrite
1785010581020,401.2,51303.4,1159.0,9001.7,6586090,197736303,105274149400,1779990,1439584.107,19343259327,6,ClientRead
1785010582020,374.6,51329.1,1160.8,9000.5,6587886,197788263,105299402220,1780889,1440175.8120000002,19343996607,7,WALWrite
1785010583020,385.8,51414.0,1176.1,9001.7,6589745,197881436,105381720732,1781780,1440766.2420000003,19346093759,9,WALWrite
1785010584020,428.1,51323.9,1148.5,9001.6,6591562,197967447,105453766626,1782638,1441289.8350000002,19346134719,9,WALWrite
1785010585020,472.0,51190.7,1191.4,9001.3,6593144,198023385,105488587007,1783417,1441827.3950000003,19348444863,11,ClientRead
1785010586020,443.6,51187.2,1159.1,9002.2,6594732,198285870,105531135071,1784243,1442407.4110000003,19348674239,13,WALWrite
1785010587022,369.3,51230.1,1172.9,9002.0,6596291,198335238,105555414678,1785038,1442973.0570000003,19348674239,8,WALWrite
1785010588020,412.6,51325.3,1179.9,9002.2,6597897,198416223,105625356527,1785838,1443504.1330000001,19348903615,12,ClientRead
1785010589020,436.2,51438.7,1128.2,9002.7,6599899,198505969,105697679919,1786746,1444055.833,19348985535,5,ClientRead
1785010590019,369.7,51279.9,1161.2,9001.2,6601293,198556216,105730352448,1787463,1444546.4440000001,19349337791,6,WALWrite
1785010591021,367.9,51309.9,1174.8,9002.5,6602999,198607199,105755274621,1788324,1445134.536,19350468287,4,ClientRead
1785010592019,387.6,51355.2,1162.4,9002.4,6604751,198659224,105780783424,1789229,1445734.0640000002,19351033535,5,WALWrite
1785010593020,422.0,51441.5,1164.0,9002.5,6606746,198729567,105829832537,1790226,1446342.5190000003,19351197375,9,ClientRead
1785010594021,441.2,51384.7,1125.6,9002.2,6608607,198835827,105920555816,1791109,1446944.7340000002,19351320255,3,ClientRead
1785010595021,486.6,51485.6,1179.4,9001.0,6610305,198905233,105975263709,1792036,1447538.4560000002,19351320255,9,WALWrite
1785010596021,445.3,51266.8,1185.5,9001.7,6611909,199061440,106009302953,1792840,1448110.594,19351320255,3,WalSync
1785010597019,387.6,51302.5,1165.3,9001.8,6613271,199102166,106029116324,1793543,1448538.5050000004,19351320255,9,WALWrite
1785010598020,391.0,51367.9,1202.0,9000.6,6615148,199180495,106073196571,1794502,1449126.695,19351320255,5,transactionid
1785010599020,411.3,51309.5,1187.9,9001.8,6616876,199268173,106142833664,1795358,1449594.6300000004,19351320255,6,WALWrite
1785010600020,395.4,51349.6,1162.9,9001.6,6618742,199332344,106183864729,1796262,1450188.3720000002,19351320255,4,WALWrite
1785010601022,392.0,51392.1,1199.6,9002.0,6620655,199387561,106210602103,1797225,1450829.7460000003,19351320255,10,ClientRead
1785010602022,389.7,51434.6,1170.6,9000.6,6622477,199442021,106237138717,1798158,1451412.115,19351344831,9,WALWrite
1785010603022,414.8,51481.5,1184.4,9001.4,6624480,199550162,106267173436,1799145,1452035.7030000002,19351344831,4,ClientRead
1785010604023,402.5,51425.3,1174.9,9001.8,6626241,199601594,106292453396,1799909,1452531.7200000002,19351344831,13,ClientRead
1785010605021,429.8,51250.6,1178.5,9000.8,6628008,199679768,106365017579,1800835,1453214.4170000001,19351344831,4,WalSync
1785010606021,362.2,51293.8,1224.4,9001.0,6629587,199730132,106389848091,1801606,1453741.7610000002,19351344831,13,ClientRead
1785010607020,398.6,51334.0,1142.5,9000.2,6631268,199778676,106413483119,1802483,1454305.0310000002,19351344831,16,ClientRead
1785010608020,402.8,51379.2,1185.0,9000.7,6632851,199825908,106436704583,1803231,1454806.732,19351344831,7,WALWrite
1785010609020,399.1,51506.8,1194.0,8958.5,6634384,199921698,106467770288,1803924,1455270.638,19351344831,3,WALWrite
1785010610021,394.3,51348.9,1164.6,8960.5,6636386,199996900,106528977910,1804935,1455898.1770000001,19351344831,12,ClientRead
1785010611023,374.2,51386.2,1196.9,8959.1,6638225,200050293,106554916229,1805870,1456493.622,19351344831,2,ClientRead
1785010612020,367.2,51427.5,1160.5,8958.2,6639874,200098029,106578105101,1806725,1457046.098,19351344831,5,WalSync
1785010613020,387.5,51465.6,1177.9,8957.8,6641677,200153326,106605248724,1807618,1457658.7730000003,19351344831,15,WALWrite
1785010614020,427.4,51392.0,1160.3,8958.5,6643712,200271297,106644656215,1808622,1458304.2440000002,19351344831,4,ClientRead
1785010615021,514.4,51254.3,1122.8,8959.6,6645395,200347749,106710581601,1809525,1458943.081,19351344831,2,ClientRead
1785010616021,411.0,51303.7,1193.1,8959.0,6646683,200393811,106733741077,1810177,1459453.361,19196909247,4,ClientRead
1785010617020,377.9,51343.9,1180.8,8959.1,6648082,200440084,106756816630,1810874,1459934.259,19196909247,7,WALWrite
1785010618021,417.8,51387.5,1174.3,8958.1,6649708,200488005,106780254947,1811676,1460444.6940000001,19196909247,18,relation
1785010619020,362.0,51497.2,1179.8,8958.9,6651452,200600496,106813181171,1812514,1460981.138,19015980735,6,BgworkerShutdown
1785010620019,359.8,51544.6,1155.8,8958.1,6653231,200671891,106874487388,1813410,1461527.391,18978485951,4,VacuumTruncate
1785010621021,326.7,51259.2,1128.4,8958.4,6654520,200720233,106899384324,1814133,1461993.125,18852353727,7,ClientRead
1785010622020,384.5,51202.8,1103.3,8959.5,6655741,200767053,106923232497,1814813,1462387.914,18773423807,10,WALWrite
1785010623020,395.1,51231.5,1199.1,8959.9,6657342,200839686,106951162694,1815622,1462901.4370000002,18773423807,5,VacuumTruncate
1785010624020,360.6,51218.1,1128.8,8959.3,6658803,200931224,106998332533,1816391,1463354.1590000002,18599499455,6,ClientRead
1785010625023,479.1,51225.4,1188.7,8959.3,6660112,200986686,107038286003,1817075,1463796.4390000002,18601014975,7,ClientRead
1785010626021,423.0,51149.3,1158.0,8959.9,6661470,201313065,107085909521,1817765,1464284.4640000002,18487998143,8,WALWrite
1785010627020,346.4,51030.0,1136.3,8959.0,6662677,201358789,107111096099,1818369,1464722.9600000002,18304939711,6,ClientRead
1785010628022,391.6,50995.5,1162.4,8958.6,6664108,201457447,107141478066,1819127,1465178.1430000002,18305128127,11,ClientRead
1785010629019,350.7,50932.6,1146.9,8960.8,6665936,201539644,107217253409,1820061,1465726.7060000002,18136807103,5,WALWrite
1785010630021,414.0,50958.9,1155.1,8959.2,6667144,201582575,107240630139,1820708,1466132.897,18136929983,10,ClientRead
1785010631020,380.2,50883.7,1155.6,8959.7,6668831,201847705,107281238195,1821594,1466715.3180000002,18076694207,11,ClientRead
1785010632020,395.0,50924.0,1173.0,8959.1,6670244,201892963,107303396678,1822307,1467187.9620000003,18089309887,7,WALWrite
1785010633024,407.9,50954.9,1133.1,8959.6,6672053,201989180,107330881301,1823262,1467763.4470000002,18103998143,5,WALWrite
1785010634021,413.2,51089.1,1202.9,8959.0,6673969,202075313,107400145170,1824208,1468384.0250000004,18117727935,6,ClientRead
1785010635020,467.2,51114.0,1160.8,8959.0,6675695,202134574,107432243489,1825054,1468987.2520000003,18134079167,10,WALWrite
1785010636020,414.8,51148.1,1158.5,8958.7,6677268,202186381,107457894286,1825885,1469573.2720000003,18147989183,5,WALWrite
1785010637021,396.3,51187.3,1169.9,8959.5,6679020,202237426,107482713822,1826762,1470093.0660000003,18161702591,6,WALWrite
1785010638020,428.0,51229.1,1128.0,8958.3,6680934,202296409,107509232478,1827665,1470688.6270000003,18175383231,5,ClientRead
1785010639023,400.4,51351.5,1165.0,8958.2,6682828,202406099,107552080987,1828628,1471270.6990000003,18189563583,5,WALWrite
1785010640020,387.5,51389.0,1145.0,8958.7,6684451,202470532,107605475028,1829501,1471807.5810000002,18203653823,11,WALWrite
1785010641021,392.5,51439.7,1152.6,8959.9,6686029,202516756,107628114726,1830330,1472305.3840000003,18217653951,5,ClientRead
1785010642022,372.7,51470.5,1186.2,8959.8,6687307,202557706,107648315654,1831004,1472732.1950000003,18232317631,6,DataFileExtend
1785010643020,432.8,51513.4,1124.9,8959.3,6689252,202667680,107681776887,1832124,1473356.7360000003,18246858431,6,ClientRead
1785010644024,422.1,51452.9,1151.6,8960.2,6691228,202743659,107747450100,1833137,1473931.5560000003,18268632767,8,WALWrite
1785010645020,487.4,51339.9,1170.3,8958.4,6692766,202808410,107775043037,1833929,1474492.243,18290816703,9,ClientRead
1785010646020,398.2,51371.9,1159.1,8958.8,6694395,202860257,107800536992,1834787,1475056.5590000004,18313934527,4,WALWrite
1785010647024,383.4,51435.5,1185.4,8958.5,6696329,202915874,107827522439,1835792,1475663.9500000002,18336093887,11,WALWrite
1785010648021,418.7,51502.3,1134.0,8958.6,6698180,202977694,107854442718,1836723,1476240.323,18357835455,3,DataFileRead
1785010649023,410.5,51446.9,1186.7,8958.0,6700261,203089119,107899715427,1837800,1476862.786,18379929279,8,WALWrite
1785010650021,387.2,51499.0,1161.3,8958.8,6702007,203151547,107945603410,1838696,1477407.2570000002,18401801919,5,WalSync
1785010651020,416.8,51363.1,1153.4,8959.3,6703796,203204973,107971537255,1839681,1478019.273,18424362687,5,ClientRead
1785010652020,342.4,51427.3,1154.2,8959.8,6705199,203251723,107995266471,1840422,1478604.8360000001,18445227711,4,ClientRead
1785010653020,436.1,51489.6,1142.8,8960.2,6706920,203348043,108020555950,1841294,1479128.547,18466395839,7,WALWrite
1785010654020,433.5,51434.3,1147.3,8959.9,6708733,203427354,108086468734,1842230,1479691.7080000003,18488112831,3,WalSync
1785010655020,487.3,51322.8,1162.3,8959.7,6709968,203469057,108107239395,1842871,1480143.4560000002,18509977279,7,ClientRead
1785010656020,479.8,51361.2,1147.7,8959.5,6711252,203797506,108146637939,1843531,1480601.0350000001,18527229631,11,ClientRead
1785010657020,382.8,51410.1,1170.9,8958.2,6713001,203852988,108173950659,1844446,1481226.588,18535732927,4,ClientRead
1785010658019,438.8,51461.9,1127.9,8959.5,6714929,203931355,108202210960,1845409,1481845.1180000002,18543941311,4,ClientRead
1785010659019,408.6,51366.9,1164.8,8958.7,6717009,204044560,108279049189,1846435,1482482.2610000004,18551936703,3,ClientRead
1785010660021,390.5,51405.4,1166.9,8958.5,6718815,204101005,108311194451,1847343,1483064.5890000004,18560202431,3,WalSync
1785010661019,404.5,51450.3,1133.1,8958.8,6720627,204153731,108336867060,1848243,1483692.6030000004,18568828607,7,WALWrite
1785010662021,409.5,51491.4,1172.1,8959.2,6722464,204208358,108363548314,1849179,1484299.793,18577127103,6,ClientRead
1785010663021,406.3,51362.1,1151.2,8958.4,6724321,204307913,108390434690,1850083,1484873.9660000002,18585319103,5,WalSync
1785010664019,404.3,51432.6,1120.3,8959.4,6726093,204391940,108463432609,1851049,1485479.9190000002,18592872127,18,ClientRead
1785010665020,484.7,51254.8,1185.3,8960.2,6727470,204440122,108487537251,1851749,1486023.7700000003,18601137855,8,ClientRead
1785010666020,413.7,51294.8,1142.5,8960.2,6729003,204486106,108509874655,1852492,1486493.458,18609837759,3,ClientRead
1785010667020,431.7,51332.3,1212.5,8961.9,6730708,204535212,108533948863,1853329,1487059.2810000002,18617095871,9,ClientRead
1785010668021,625.8,51369.1,1574.2,8963.4,6733323,204621088,108561176202,1854057,1487597.7220000003,18621404863,16,WALWrite
1785010669023,615.7,51428.7,1609.2,8965.1,6735736,204699146,108597829688,1854651,1488075.924,18623903423,11,WALWrite
1785010670020,591.9,51503.9,1695.2,8965.6,6738283,204762380,108650808082,1855266,1488528.0080000004,18625492671,11,ClientRead
1785010671023,560.3,51530.9,1666.9,8965.4,6740608,204812795,108677347110,1855915,1489005.502,18627598015,19,WALWrite
1785010672020,574.3,51366.4,1708.3,8961.8,6743058,204861224,108702097433,1856590,1489523.35,18629998271,11,WALWrite
1785010673021,595.1,51383.5,1669.7,8967.3,6745637,204922124,108728741936,1857320,1490096.0710000002,18632349375,18,WALWrite
1785010674020,617.3,51455.5,1677.1,8965.6,6748342,205016376,108757020944,1858001,1490644.3210000002,18634700479,28,WALWrite
1785010675022,683.6,51510.6,1676.9,8965.9,6750933,205077477,108808010258,1858686,1491172.9450000003,18635568831,7,WALWrite
1785010676022,664.8,51355.4,1723.2,8965.1,6753471,205135665,108852397498,1859372,1491696.7810000004,18637223615,3,WalSync
1785010677023,655.5,51381.0,1770.5,8965.6,6756080,205183386,108877295218,1860069,1492223.7210000004,18638599871,25,WALWrite
1785010678024,699.0,51411.0,1739.3,8963.3,6758519,205248207,108904310863,1860696,1492759.8550000002,18639820479,8,ClientRead
1785010679021,709.3,51450.9,1765.5,8965.4,6761130,205328259,108933432955,1861309,1493274.0510000002,18641942207,7,WALWrite
1785010680026,702.0,51504.5,1762.2,8970.8,6763702,205388830,108982816548,1861912,1493781.1620000002,18643457727,34,WALWrite
1785010681021,718.1,51341.2,1778.9,8967.9,6766248,205443698,109018274950,1862517,1494320.3810000003,18645472959,18,WALWrite
1785010682021,728.9,51376.4,1823.7,8963.9,6768622,205493187,109044120325,1863093,1494823.0510000002,18646857407,20,WALWrite
1785010683021,737.9,51401.2,1798.2,8967.3,6770784,205547620,109066849274,1863580,1495260.0680000002,18648430271,19,WALWrite
1785010684021,774.8,51452.3,1823.3,8963.7,6773226,205621371,109092339940,1864134,1495761.0160000003,18649593535,26,WALWrite
1785010685022,827.8,51382.9,1771.8,8970.3,6775477,205684446,109137258227,1864612,1496189.9770000002,18650011327,16,WALWrite
1785010686025,811.9,51395.9,1832.2,8970.2,6777748,205878366,109188314958,1865139,1496689.7170000002,18651100863,15,WALWrite
1785010687022,825.3,51390.1,1781.8,8965.3,6779938,205921326,109212538235,1865640,1497131.4450000003,18652698303,20,WALWrite
1785010688021,764.0,51431.6,1785.0,8966.3,6782419,205973323,109239557121,1866166,1497598.7010000004,18653583039,17,ClientRead
1785010689021,801.0,51470.7,1746.5,8970.5,6784874,206053020,109265290542,1866759,1498082.6400000001,18655450815,5,ClientRead
1785010690022,775.9,51533.5,1767.2,8964.1,6787297,206122913,109310504674,1867264,1498553.6720000003,18656605887,26,WALWrite
1785010691022,786.6,51384.1,1758.2,8967.1,6789724,206188528,109363706155,1867808,1499092.8390000002,18657736383,14,ClientRead
1785010692021,769.6,51418.0,1759.4,8964.4,6792038,206238201,109389805439,1868390,1499594.4860000003,18659137215,10,ClientRead
1785010693020,771.8,51445.6,1749.5,8966.4,6794418,206309195,109417009880,1868949,1500101.3650000005,18660161215,11,WALWrite
1785010694023,783.5,51489.4,1780.9,8969.8,6796864,206384857,109445494303,1869511,1500556.2020000003,18661086911,15,ClientRead
1785010695022,865.7,51545.5,1750.6,8968.9,6798994,206446646,109491320922,1869968,1501040.337,18661725887,6,WalSync
1785010696022,813.9,51400.4,1819.3,8968.5,6801003,206499258,109535040281,1870376,1501484.4310000003,18662463167,21,WALWrite
1785010697021,812.0,51436.0,1834.6,8967.0,6803095,206542809,109561354787,1870813,1501888.1220000004,18663143103,15,WALWrite
1785010698021,799.3,51469.9,1834.7,8973.5,6805126,206596201,109585192696,1871271,1502339.3020000004,18663790271,10,ClientRead
1785010699021,821.0,51507.2,1770.3,8967.5,6807355,206666543,109611949923,1871768,1502824.0640000002,18664658623,20,ClientRead
1785010700021,851.6,51359.9,1767.3,8971.6,6809491,206727339,109648036875,1872243,1503288.1230000004,18665404095,13,WALWrite
1785010701021,851.6,51419.6,1786.3,8967.4,6811637,206780287,109691825060,1872684,1503742.6730000004,18666149567,21,ClientRead
1785010702022,864.5,51461.6,1677.4,8965.5,6813684,206832337,109728156536,1873097,1504163.4970000002,18666878655,22,WALWrite
1785010703022,845.9,51490.5,1725.2,8976.4,6815606,206876428,109752534112,1873527,1504566.6400000004,18667443903,10,WALWrite
1785010704021,840.3,51551.7,1700.1,8966.9,6817762,206940550,109777222073,1874037,1505063.2430000002,18668033727,10,WalSync
1785010705023,936.0,51402.4,1696.9,8967.2,6819818,207003884,109803605806,1874459,1505466.0960000004,18668598975,18,ClientRead
1785010706021,849.7,51480.6,1758.4,8969.0,6821528,207229355,109863127967,1874877,1505888.5420000004,18669033151,10,ClientRead
1785010707023,807.9,51504.2,1775.7,8968.9,6823221,207278054,109907420640,1875306,1506371.8520000002,18669688511,24,WALWrite
1785010708022,867.2,51531.7,1720.1,8967.0,6824940,207325803,109932287379,1875776,1506823.5770000003,18670220991,27,WALWrite
1785010709022,826.1,51370.0,1684.4,8972.2,6826687,207387443,109958243308,1876223,1507253.9360000002,18670630591,9,ClientRead
1785010710025,808.2,51411.7,1739.2,8969.9,6828460,207446183,109985911560,1876706,1507729.2710000004,18671204031,19,ClientRead
1785010711021,833.6,51462.2,1764.2,8969.9,6830105,207497196,110032754228,1877147,1508153.3450000004,18671728319,16,WalSync
1785010712020,828.4,51490.7,1740.0,8972.8,6831829,207543242,110070148571,1877607,1508598.1830000002,18672211647,6,ClientRead
1785010713025,859.8,51518.0,1745.4,8966.7,6833402,207590047,110093564872,1878042,1509063.1970000004,18672809663,20,ClientRead
1785010714021,841.7,51363.3,1711.3,8969.9,6835035,207649130,110118320209,1878478,1509503.3780000003,18673153727,10,WALWrite
1785010715020,906.2,51475.5,1698.5,8971.7,6836691,207704121,110149743104,1878874,1509897.6670000004,18673604287,29,WALWrite
1785010716022,889.4,51459.1,1714.0,8968.6,6838369,207749989,110191249750,1879319,1510335.794,18674103999,18,ClientRead
1785010717022,982.9,51479.7,1678.5,8963.8,6839903,207791718,110225330613,1879731,1510777.662,18678585023,72,WALWrite
1785010718021,1556.3,51516.1,1221.7,8975.1,6841219,207817992,110243526048,1879972,1511148.512,18688800447,20,WALWrite
1785010719021,735.1,51375.5,1765.2,8973.4,6842580,207860652,110265752554,1880336,1511562.908,18705258175,7,ParallelFinish
1785010720028,803.6,51408.2,1831.3,8973.7,6843951,207917100,110295305427,1880761,1511942.456,18721158847,23,ClientRead
1785010721021,830.9,51483.9,1792.6,8975.4,6845448,207969006,110323780718,1881204,1512406.362,18736076479,12,ClientRead
1785010722022,795.8,51533.2,1797.0,8973.2,6846781,208013712,110367865075,1881620,1512829.6420000002,18750371519,29,WALWrite
1785010723024,840.1,51403.1,1746.8,8976.4,6848157,208052965,110405796065,1882009,1513199.3590000002,18763462335,9,ClientRead
1785010724021,809.1,51460.7,1772.3,8974.1,6849615,208116793,110443357881,1882462,1513614.5080000001,18778977983,26,WALWrite
1785010725024,940.7,51513.5,1728.5,8970.7,6851140,208168395,110466242222,1882871,1514054.8720000002,18792724159,17,ClientRead
1785010726023,833.2,51496.4,1754.8,8974.8,6852698,208220905,110497233303,1883314,1514478.9480000003,18807264959,19,WALWrite
1785010727022,825.3,51428.2,1764.8,8975.5,6854163,208265094,110542039709,1883749,1514893.7210000001,18822354623,17,WALWrite
1785010728021,833.6,51502.1,1752.8,8976.4,6855649,208309018,110585065911,1884182,1515348.5780000002,18836756159,12,WALWrite
1785010729022,844.4,51487.7,1730.5,8974.4,6857108,208353433,110614812389,1884569,1515739.1320000002,18849806015,21,ClientRead
1785010730024,863.3,51402.6,1735.5,8974.3,6858492,208409123,110639446280,1884976,1516137.2670000002,18865141439,16,ClientRead
1785010731021,885.7,51452.2,1736.7,8974.4,6859805,208462314,110664971578,1885379,1516554.0820000002,18878092991,13,ClientRead
1785010732022,855.4,51529.9,1788.5,8971.9,6861211,208510947,110706713511,1885770,1516969.5560000003,18894149311,23,ClientRead
1785010733021,853.3,51403.5,1749.5,8969.8,6862575,208553056,110748608890,1886182,1517429.8660000002,18907543231,7,WALWrite
1785010734025,845.5,51456.3,1728.2,8971.9,6863937,208603873,110786150116,1886608,1517878.3850000002,18922174143,13,ClientRead
1785010735020,1021.0,51317.8,1592.7,8976.8,6865335,208652971,110808263447,1887016,1518304.7100000002,18933610175,20,ClientRead
1785010736020,979.6,51022.0,1610.1,8971.3,6866712,208701854,110832047380,1887375,1518727.0910000002,18946168511,14,WALWrite
1785010737024,963.6,51072.6,1712.9,8976.0,6868130,208744534,110865129740,1887785,1519089.675,18960152255,17,WALWrite
1785010738022,937.7,51152.1,1801.2,8976.6,6869635,208788934,110907364995,1888161,1519516.4660000002,18976806591,19,WALWrite
1785010739022,916.7,51207.5,1781.1,8979.8,6870675,208816525,110934557713,1888457,1519857.3930000002,18989512383,18,WALWrite
1785010740022,952.8,51278.9,1759.9,8972.5,6872018,208860210,110972106108,1888831,1520250.3260000001,19004552895,21,ClientRead
1785010741021,997.8,51316.5,1733.5,8974.5,6873506,208910165,110996795368,1889249,1520666.5630000003,19018684095,13,WALWrite
1785010742021,870.3,51378.6,1765.5,8975.5,6874761,208960690,111024933234,1889591,1520987.7950000004,19034044095,11,WALWrite
1785010743023,907.9,51428.0,1766.1,8977.8,6875877,209006969,111049168262,1889951,1521370.1800000004,19047544511,21,WALWrite
1785010744021,982.7,51490.7,1823.9,8973.9,6877109,209051016,111076566962,1890299,1521796.5530000003,19062347455,14,ClientRead
1785010745023,1028.0,51374.1,1670.3,8980.2,6878352,209089671,111113424255,1890614,1522187.854,19076626111,8,ParallelFinish
1785010746022,961.8,51433.2,1725.5,8971.7,6879598,209127219,111147876469,1890990,1522580.884,19089331903,11,ClientRead
1785010747025,1003.6,51461.8,1666.9,8969.9,6880771,209160106,111177438999,1891349,1522986.8070000003,19102045887,79,WALWrite
1785010748026,1898.9,51502.6,1012.6,8971.8,6881987,209193636,111198425315,1891597,1523336.4790000003,19111540415,14,extend
1785010749027,1007.5,51497.5,1749.6,8983.8,6883319,209236017,111217963480,1891888,1523773.0180000002,19125049023,18,ClientRead
1785010750021,900.6,51382.9,1794.3,8977.4,6884467,209282165,111244071852,1892212,1524194.8080000002,19138442943,13,WalWrite
1785010751020,972.9,51443.2,1769.0,8979.0,6885740,209334125,111271832649,1892577,1524543.0130000003,19154106047,20,WALWrite
1785010752021,867.7,51497.7,1825.9,8985.8,6886916,209361878,111292899143,1892920,1524943.0820000002,19169023679,21,WALWrite
1785010753024,884.7,51367.4,1846.5,8978.9,6888201,209413092,111323766758,1893338,1525369.34,19184735935,41,ClientRead
1785010754023,936.3,51453.2,1787.2,8974.3,6889401,209452445,111367187373,1893683,1525727.1640000003,19199059647,23,WALWrite
1785010755021,926.9,51355.5,1758.7,8986.0,6890511,209492221,111407788777,1894024,1526139.4900000002,19213989567,20,WALWrite
1785010756021,928.6,51460.6,1776.9,8979.9,6891596,209532372,111447137701,1894404,1526618.3860000002,19230414527,8,ParallelFinish
1785010757022,947.0,51503.2,1831.9,8978.3,6892751,209569601,111481657145,1894734,1526968.784,19242981055,12,WALWrite
1785010758023,937.3,51349.0,1782.5,8979.1,6894188,209627836,111512877613,1895118,1527396.1360000002,19259537087,13,ClientRead
1785010759021,952.5,51401.9,1760.7,8979.1,6895566,209675865,111537027180,1895457,1527810.137,19272537791,15,WALWrite
1785010760021,926.3,51464.4,1771.8,8979.7,6896849,209729821,111563199190,1895828,1528206.8530000001,19286046399,18,ClientRead
1785010761021,934.0,51330.6,1795.9,8979.5,6898138,209784587,111589598197,1896172,1528599.372,19301398207,25,WALWrite
1785010762023,868.2,51399.3,1889.3,8976.1,6899282,209831674,111627909897,1896507,1529021.135,19317438143,39,WALWrite
1785010763022,949.9,51503.4,1735.8,8986.0,6900565,209875117,111676093554,1896872,1529471.756,19331077823,6,ClientRead
1785010764022,929.7,51387.5,1745.6,8978.9,6901954,209924790,111730534858,1897220,1529870.729,19343447743,8,
1785010765021,1004.2,51509.2,1689.3,8984.3,6903356,209972505,111773226071,1897575,1530248.2900000003,19358037695,27,WALWrite
1785010766020,959.1,51400.3,1802.7,8984.4,6904378,210020475,111795260164,1897884,1530571.8270000003,19371677375,18,WALWrite
1785010767024,993.6,51466.0,1700.8,8978.6,6905528,210075739,111823159412,1898264,1530969.9710000001,19385603775,16,ClientRead
1785010768023,960.8,51292.9,1749.7,8982.7,6906762,210123285,111842461598,1898621,1531352.2160000002,19399866047,14,WALWrite
1785010769020,887.5,51385.1,1788.8,8977.4,6907826,210160984,111872655830,1898990,1531709.1490000004,19415570111,10,ClientRead
1785010770020,931.5,51470.7,1763.0,8981.8,6908971,210217162,111926610457,1899344,1532120.7200000004,19430110911,29,WALWrite
1785010771023,965.7,51360.7,1739.9,8983.0,6909976,210242855,111945392229,1899649,1532462.5120000003,19445429951,17,ClientRead
1785010772024,952.4,51449.0,1796.5,8977.5,6911227,210298721,112010542409,1900003,1532918.05,19459618495,5,
1785010773023,1010.2,51532.3,1694.5,8984.0,6912381,210330876,112034470628,1900328,1533262.6020000002,19473266367,14,ClientRead
1785010774023,989.8,51411.9,1684.8,8983.3,6913543,210379836,112058724247,1900666,1533620.1120000002,19486914239,17,WALWrite
1785010775021,1002.1,51490.7,1715.1,8977.6,6914681,210436240,112086044675,1901041,1534009.2700000003,19501577919,25,ClientRead
1785010776024,1027.9,51359.7,1687.4,8975.9,6915710,210486136,112111300752,1901358,1534351.8290000001,19515053759,28,WALWrite
1785010777021,1081.6,51414.7,1624.5,8987.2,6916657,210531825,112132535029,1901648,1534682.7820000001,19527325375,69,WALWrite
1785010778021,1949.7,51472.7,948.3,8971.8,6917752,210563222,112162593432,1901868,1535060.9640000002,19537352383,71,WALWrite
1785010779022,1280.2,51504.2,1497.9,8977.4,6918619,210596558,112199454691,1902084,1535429.4880000001,19549689535,36,WALWrite
1785010780024,916.3,51385.6,1792.4,8984.5,6919736,210639496,112245664196,1902394,1535758.4000000004,19565770431,9,DataFileWrite
1785010781022,981.2,51463.8,1747.3,8979.5,6920829,210684460,112292526934,1902742,1536151.8310000002,19579492031,15,WALWrite
1785010782021,895.0,51357.4,1810.4,8980.8,6921856,210711564,112313919971,1903073,1536515.2160000002,19595474623,15,WALWrite
1785010783020,898.8,51442.2,1822.1,8981.7,6922925,210767279,112349985639,1903444,1536920.1210000003,19611211455,12,
1785010784020,914.6,51496.7,1765.1,8983.2,6923962,210822791,112374509650,1903781,1537287.5910000002,19626596031,21,extend
1785010785021,1026.2,51420.8,1725.5,8977.8,6925026,210872514,112400610428,1904122,1537614.5540000002,19639072447,16,WALWrite
1785010786022,984.3,51282.8,1681.6,8980.5,6926288,210924767,112426781769,1904467,1537996.6860000002,19654317759,11,WalSync
1785010787022,1000.5,51379.8,1720.3,8978.4,6927342,210968524,112456463416,1904790,1538367.4200000004,19666753215,19,ClientRead
1785010788021,1000.9,51473.1,1736.1,8986.7,6928414,211005170,112497676669,1905105,1538751.4550000003,19680892607,36,WALWrite
1785010789021,1023.6,51543.0,1712.9,8979.2,6929603,211051048,112543182827,1905450,1539121.9060000002,19694409407,25,ClientRead
1785010790020,970.4,51406.3,1752.0,8976.3,6930797,211096929,112586974851,1905782,1539522.9900000002,19711129279,6,WalSync
1785010791021,993.5,51505.1,1749.9,8977.5,6931835,211131114,112611509911,1906067,1539831.3160000003,19723728575,7,
1785010792023,854.0,51401.5,1805.3,8984.6,6932946,211203134,112649137722,1906405,1540376.7320000003,19740473023,5,WalSync
1785010793022,684.6,51484.0,1985.5,8982.6,6934174,211268656,112677490251,1906805,1540787.8770000003,19755202239,11,ClientRead
1785010794023,623.3,51382.3,2097.6,8980.9,6935613,211329852,112708434428,1907307,1541288.009,19773658815,9,extend
1785010795023,811.7,51499.8,1876.5,8983.6,6937017,211382433,112740394562,1907730,1541800.1900000002,19788215999,20,ClientRead
1785010796020,815.0,51398.1,1856.3,8988.2,6938410,211431990,112788014913,1908138,1542326.9730000002,19802101439,13,WALWrite
1785010797020,820.5,51499.1,1882.4,8981.2,6939770,211478998,112830423204,1908524,1542781.3700000003,19816748735,16,WALWrite
1785010798021,844.0,51357.0,1838.7,8980.2,6941351,211527263,112872015878,1908935,1543277.6850000003,19818378943,36,ClientRead
1785010799022,880.5,51413.0,1822.4,8981.7,6942987,212250806,112951749602,1909410,1543835.3330000003,19818452671,33,WALWrite
1785010800022,841.4,51420.3,1848.8,8982.3,6944550,212313291,112976196591,1909853,1544275.016,19818559167,17,WALWrite
1785010801024,832.8,51461.7,1861.0,8981.5,6946308,212379293,113003222789,1910313,1544743.5040000002,19818632895,9,WALWrite
1785010802023,785.5,51505.0,1837.6,8982.1,6948010,212442410,113030149805,1910803,1545284.1830000002,19818780351,25,ClientRead
1785010803021,834.8,51379.3,1883.0,8978.7,6949772,212497607,113084703523,1911246,1545742.4800000002,19818870463,16,ClientRead
1785010804022,851.2,51442.9,1815.7,8983.0,6951407,212550332,113129151862,1911649,1546199.8630000004,19818927807,19,WALWrite
1785010805024,886.9,51519.2,1798.5,8981.7,6953027,212603890,113171222696,1912045,1546629.6730000002,19818968767,27,XidGen
1785010806020,889.0,51370.9,1866.4,8983.4,6954660,212656811,113195476613,1912424,1547094.5670000003,19819009727,16,WALWrite
1785010807023,888.8,51372.8,1803.8,8978.2,6956453,212714996,113221072070,1912824,1547583.3710000003,19819165375,32,WALWrite
1785010808022,1158.4,51420.2,1612.0,8983.3,6958029,212765223,113243787990,1913106,1547973.5610000002,19819165375,11,ClientRead
1785010809021,805.4,51484.8,1932.3,8978.3,6959655,212816310,113279323339,1913515,1548437.583,19819198143,17,WALWrite
1785010810023,822.9,51350.3,1853.3,8978.3,6961326,212867340,113321827383,1913937,1548965.4300000004,19819263679,36,WALWrite
1785010811021,843.7,51416.0,1864.9,8982.2,6963013,212916041,113358964921,1914319,1549400.7790000003,19819337407,12,WALWrite
1785010812022,822.7,51461.2,1790.0,8979.7,6964703,212963844,113389581833,1914751,1549862.9820000003,19819402943,16,WALWrite
1785010813023,851.3,51503.4,1830.2,8977.1,6966275,213021388,113413589384,1915148,1550333.0240000002,19819476671,5,BufferContent
1785010814021,836.3,51353.2,1787.0,8978.8,6968107,213085707,113438523536,1915623,1550840.4770000002,19819525823,11,WALWrite
1785010815023,904.8,51493.1,1854.3,8979.7,6969737,213140185,113471112288,1915994,1551242.1960000002,19819558591,19,WALWrite
1785010816021,878.7,51325.5,1815.0,8983.4,6971307,213190442,113514010863,1916393,1551721.7030000002,19819591359,19,WALWrite
1785010817025,931.8,51388.9,1812.0,8980.8,6972933,213237527,113553003795,1916767,1552109.3360000004,19819607743,7,ClientRead
1785010818021,859.5,51444.6,1825.2,8983.7,6974581,213283922,113585441029,1917156,1552584.6320000002,19819607743,23,ClientRead
1785010819021,864.9,51444.7,1904.9,8979.4,6976249,213344215,113612774535,1917575,1553027.242,19819640511,28,WALWrite
1785010820021,874.5,51489.7,1853.4,8975.9,6977987,213401928,113637429063,1918005,1553481.256,19819697855,19,WALWrite
1785010821026,860.7,51537.3,1812.3,8981.5,6979760,213457099,113662491560,1918451,1554019.0560000003,19819714239,12,WALWrite
1785010822021,846.5,51411.4,1863.4,8980.6,6981469,213510494,113708447871,1918840,1554476.3210000002,19819738815,22,WALWrite
1785010823022,815.2,51475.5,1902.3,8983.7,6983194,213559187,113746222150,1919245,1555001.7480000001,19819845311,11,WALWrite
1785010824022,881.9,51529.6,1880.5,8980.5,6984712,213605983,113780213720,1919582,1555409.6780000003,19819853503,32,WALWrite
1785010825021,951.3,51391.1,1758.8,8979.4,6986189,213657402,113804721905,1919924,1555814.1710000003,19819878079,31,ClientRead
1785010826021,817.3,51444.3,1888.9,8983.9,6987734,213724303,113831200960,1920411,1556317.5940000003,19819902655,7,ClientRead
1785010827025,736.3,51366.2,1942.0,8984.9,6989665,213797904,113858221425,1920953,1556819.431,19820172991,9,ClientRead
1785010828022,718.0,51355.8,1988.4,8981.9,6991496,214096505,113908786108,1921521,1557386.0350000001,19820476095,18,ClientRead
1785010829021,696.8,51395.1,1933.3,8983.8,6993417,214155227,113955654592,1922011,1557856.655,19820689087,9,WALWrite
1785010830021,720.2,51454.3,1862.4,8979.8,6995494,214215775,113998929815,1922550,1558403.046,19820861119,16,ClientRead
1785010831024,739.6,51504.2,1925.9,8976.8,6997480,214278313,114025380903,1923119,1558920.0010000002,19821090495,10,WALWrite
1785010832022,708.7,51365.5,1905.1,8977.4,6999515,214356513,114051770953,1923653,1559405.7210000001,19821385407,7,ClientRead
1785010833020,673.6,51419.4,1959.9,8977.8,7001549,214428165,114081001345,1924174,1559905.5030000003,19821868735,23,ClientRead
1785010834021,715.9,51484.1,1876.6,8973.7,7003427,214481836,114123860150,1924653,1560385.3750000002,19821909695,29,WALWrite
1785010835021,788.9,51411.5,1756.5,8979.5,7005392,214540540,114164982847,1925164,1560901.9400000002,19821934271,7,WalSync
1785010836021,778.8,51440.9,1872.7,8975.1,7007243,214577903,114189044896,1925657,1561402.2330000002,19821942463,5,ClientRead
1785010837023,730.1,51517.6,1917.2,8981.4,7009204,214642456,114214724053,1926205,1561952.6080000002,19821950655,49,WALWrite
1785010838022,1136.1,51373.1,1570.0,8978.5,7010854,215132485,114265351916,1926522,1562353.3260000004,19821950655,11,ClientRead
1785010839022,724.9,51399.8,1939.8,8977.9,7012604,215183323,114291723590,1926993,1562884.7670000002,19821950655,14,WALWrite
1785010840021,659.6,51465.3,1951.0,8981.9,7014424,215233918,114335331029,1927552,1563444.813,19821950655,20,WALWrite
1785010841021,734.7,51536.4,1967.7,8979.3,7016224,215284377,114372101465,1928135,1563980.8730000001,19821950655,15,WALWrite
1785010842021,691.3,51405.2,1960.0,8985.0,7018127,215360269,114405813353,1928639,1564500.2980000002,19821967039,15,WALWrite
1785010843023,693.7,51452.2,1942.3,8979.6,7019996,215427492,114429642717,1929160,1565069.11,19821975231,14,WALWrite
1785010844022,707.9,51513.5,1922.9,8980.0,7021764,215487451,114465338072,1929631,1565545.3620000002,19821983423,18,WALWrite
1785010845022,849.1,51410.1,1848.4,8977.2,7023571,215538404,114507460211,1930130,1566127.4630000002,19821983423,21,ClientRead
1785010846021,802.5,51453.4,1840.6,8988.7,7025264,215582548,114541507267,1930570,1566597.9470000004,19821983423,10,ClientRead
1785010847020,658.3,51502.9,1911.2,8981.2,7026924,215619564,114565966079,1931031,1567121.7620000003,19822016191,13,ClientRead
1785010848022,698.9,51538.8,1890.5,8978.9,7028845,215688881,114592215858,1931541,1567608.3830000001,19822024383,14,WALWrite
1785010849021,707.8,51411.6,1831.8,8980.5,7030696,215747861,114616131753,1932071,1568127.6850000003,19822024383,5,WALWrite
1785010850021,733.1,51467.0,1881.1,8980.5,7032475,215806752,114647898066,1932590,1568667.0820000002,19822024383,17,ClientRead
1785010851023,698.9,51338.9,1974.8,8980.8,7034211,215853352,114687541736,1933023,1569148.2370000002,19822024383,29,ClientRead
1785010852025,675.5,51418.3,1975.0,8980.2,7035900,215902992,114728660320,1933505,1569656.3190000001,19822024383,7,ClientRead
1785010853021,717.0,51471.7,2011.1,8981.0,7037475,215946860,114759837930,1933971,1570208.8210000002,19822024383,10,WALWrite
1785010854021,715.4,51528.2,1897.2,8985.8,7039128,215995482,114783193000,1934440,1570710.3130000003,19822040767,21,WALWrite
1785010855022,858.9,51441.9,1783.7,8986.1,7040859,216058038,114809535812,1934942,1571277.2580000004,19822040767,10,ClientRead
1785010856022,879.5,51475.1,1861.2,8986.1,7042430,216113014,114834673405,1935367,1571820.6930000002,19822040767,10,ClientRead
1785010857021,684.9,51351.5,1995.8,8981.9,7043909,216166782,114860030247,1935798,1572221.7720000003,19822048959,20,ClientRead
1785010858024,465.1,51398.0,2183.5,8975.7,7045830,216221941,114906692602,1936454,1572763.3190000001,19822106303,17,ClientRead
1785010859021,484.1,51464.0,2122.1,8979.4,7047995,216283652,114952707846,1937209,1573264.3710000003,19822597823,13,ClientRead
1785010860020,511.8,51528.7,2085.2,8974.4,7050405,216368253,114980023713,1937993,1573812.614,19823777471,17,WALWrite
1785010861024,532.5,51416.4,2054.1,8979.0,7052936,216464271,115015364915,1938703,1574330.104,19825776319,8,ClientRead
1785010862021,537.6,51488.9,2070.5,8980.6,7055470,216545886,115070468855,1939433,1574830.6140000003,19827234495,19,WALWrite
1785010863022,541.0,51341.2,2031.2,8979.9,7057862,216601919,115102197932,1940163,1575358.4540000001,19828790975,14,WALWrite
1785010864022,512.6,51404.1,2103.5,8981.4,7060240,216678043,115129064794,1940902,1575852.6580000003,19830355647,10,ClientRead
1785010865021,617.2,51480.8,2019.7,8979.0,7062495,216757040,115155079131,1941584,1576391.5110000002,19830986431,9,ClientRead
1785010866021,612.1,51371.4,2055.1,8981.0,7064770,216823165,115197514971,1942281,1576932.8930000002,19831781055,29,ClientRead
1785010867021,623.7,51463.8,2036.1,8981.0,7067115,216882283,115237164774,1942887,1577460.3690000004,19832182463,9,WALWrite
1785010868021,716.5,51343.0,1978.0,8981.5,7069118,216924885,115262205017,1943421,1577988.4590000003,19740358335,5,VacuumTruncate
1785010869022,501.7,51378.3,1941.2,8977.0,7071161,216977807,115287035179,1944034,1578447.9100000004,19334182591,42,ClientRead
1785010870023,509.9,51386.3,1955.3,8973.9,7073332,217040872,115309625927,1944732,1578896.9630000002,19156170431,7,VacuumTruncate
1785010871022,496.8,51380.2,2012.6,8972.7,7075383,217107737,115336604908,1945395,1579386.7330000002,18984777407,16,WALWrite
1785010872021,482.1,51397.2,2016.1,8975.9,7077323,217153432,115374239625,1946031,1579868.6140000003,18792060607,17,WALWrite
1785010873024,526.8,51375.5,1961.8,8977.4,7079325,217198049,115410442064,1946650,1580376.975,18692691647,21,ClientRead
1785010874021,511.1,51326.9,1959.8,8977.4,7081461,217248151,115450758029,1947276,1580895.5860000001,18603022015,7,VacuumTruncate
1785010875025,605.9,51380.5,1935.7,8975.4,7083613,217316535,115477247258,1947887,1581390.1800000002,18507585215,12,ClientRead
1785010876023,623.9,51077.6,1956.7,8974.5,7085567,217384374,115502663245,1948439,1581848.5110000002,18433398463,18,ClientRead
1785010877023,524.7,51031.9,1999.1,8980.9,7087797,217450140,115544445134,1949118,1582339.8020000001,18383648447,8,ClientRead
1785010878021,540.3,51074.6,1970.2,8978.3,7090226,217506153,115594331845,1949802,1582841.2880000002,18361022143,11,ClientRead
1785010879021,538.2,51129.1,1920.5,8974.7,7092208,217547221,115622052220,1950441,1583302.6910000003,18333046463,20,relation
1785010880022,502.2,51169.5,1930.2,8978.4,7094368,217617778,115649282622,1951111,1583778.398,18302662335,8,VacuumTruncate
1785010881021,541.1,51211.3,1877.2,8975.2,7096502,217688928,115674347954,1951764,1584230.7780000002,18255812287,14,ClientRead
1785010882021,514.4,51274.2,1963.3,8973.0,7098829,217744563,115717862838,1952421,1584685.3460000004,18230957759,23,WALWrite
1785010883023,523.6,51328.4,1949.8,8976.1,7100998,217795730,115760338477,1953038,1585136.9070000004,18202416831,15,WALWrite
1785010884023,553.5,51374.9,1879.8,8975.6,7103284,217841078,115792357854,1953711,1585640.1640000003,18186458815,12,WALWrite
1785010885023,642.8,51438.4,1886.7,8972.8,7105304,217889465,115815717947,1954264,1586025.7630000003,18154239679,9,VacuumTruncate
1785010886024,557.9,51462.5,1943.7,8973.0,7107258,217962739,115841829192,1954875,1586522.2740000002,18128041663,24,WALInsert
1785010887022,501.9,51499.1,1990.1,8970.4,7109211,218030596,115877811163,1955503,1587002.1230000004,18120103615,17,WALWrite
1785010888020,526.6,51333.2,1984.3,8974.6,7111230,218089302,115929800573,1956095,1587455.7920000004,18109232831,10,VacuumTruncate
1785010889023,556.5,51368.2,1827.9,8969.4,7113276,218135407,115959487586,1956708,1587867.8870000003,18066986687,9,ClientRead
1785010890021,564.9,51408.0,1858.6,8972.3,7115289,218204631,115984160411,1957391,1588404.3310000002,18027386559,6,VacuumTruncate
1785010891022,516.5,51440.4,1822.5,8972.3,7117188,218270574,116006819458,1958044,1588861.5920000002,17984640703,21,ClientRead
1785010892023,519.4,51493.7,1908.5,8969.9,7119150,218325490,116052536293,1958686,1589355.2440000002,17947162303,12,ClientRead
1785010893022,503.0,51518.8,1905.6,8973.2,7121150,218377301,116097610111,1959302,1589845.4440000004,17912059583,17,WALWrite
1785010894022,533.1,51306.8,1908.1,8970.6,7123070,218415981,116121196853,1959847,1590252.6250000002,17841297087,13,WALWrite
1785010895021,653.2,51237.4,1771.8,8970.3,7125068,218462547,116148615697,1960473,1590726.4560000002,17724643007,17,relation
1785010896020,625.0,51220.8,1833.0,8971.8,7126982,218533304,116173696650,1961094,1591269.6730000004,17612953279,26,relation
1785010897024,488.2,51171.1,1923.1,8975.4,7129023,218606167,116201922401,1961750,1591782.2100000002,17518696127,17,WALWrite
1785010898021,564.4,51204.0,1887.6,8973.4,7131350,219084872,116275631767,1962290,1592224.8270000003,17474729663,22,relation
1785010899021,442.4,51110.9,1782.9,8970.4,7133562,219140422,116321961860,1962977,1592671.6870000002,17338054335,7,ClientRead
1785010900022,494.4,51021.8,1783.6,8971.7,7135807,219214112,116346524992,1963722,1593187.0070000002,17240512191,9,ClientRead
1785010901021,525.4,50981.2,1835.4,8969.7,7138197,219298091,116373849467,1964464,1593673.7110000004,17118836415,8,ClientRead
1785010902022,510.4,50960.8,1846.9,8969.4,7140567,219351159,116409384598,1965228,1594217.8540000003,17054332607,15,relation
1785010903022,474.2,51009.3,1899.2,8973.9,7142855,219412315,116459569338,1965905,1594703.9190000002,17038341823,21,relation
1785010904023,479.1,51010.6,1882.7,8971.1,7145199,219463514,116489377545,1966661,1595244.8730000004,16997439167,13,WALWrite
1785010905021,598.1,51108.6,1853.4,8971.0,7147615,219543652,116516308553,1967381,1595841.763,16975673023,16,relation
1785010906021,583.4,51056.6,1898.1,8971.6,7149770,219638468,116546140908,1968037,1596375.1210000003,16930305727,8,ClientRead
1785010907021,538.8,51037.3,1811.0,8968.1,7152064,219699689,116587816415,1968719,1596922.387,16871831231,13,WALWrite
1785010908023,505.7,51046.8,1871.9,8971.7,7154346,219741552,116611442602,1969342,1597405.11,16810735295,4,ClientRead
1785010909022,501.5,51074.1,1983.0,8971.6,7156546,219792817,116647119129,1970003,1597924.2640000002,16792901311,8,ClientRead
1785010910021,506.1,51106.7,1834.0,8971.4,7159006,219864437,116686484145,1970704,1598444.3720000002,16758027967,24,ClientRead
1785010911021,495.8,51147.3,1819.8,8975.7,7161318,219947144,116713196621,1971389,1598941.9090000002,16731682495,12,WALWrite
1785010912022,516.6,51198.8,1794.5,8970.8,7163719,220013206,116745447210,1972113,1599460.7460000003,16699954879,10,WALWrite
1785010913022,526.4,51254.9,1890.6,8973.6,7166130,220071380,116793052482,1972848,1599991.151,16689190591,11,WALWrite
1785010914020,507.3,51292.4,1750.1,8969.5,7168447,220123466,116827794126,1973555,1600468.252,16661395135,20,relation
1785010915020,590.4,51329.1,1718.4,8968.8,7170776,220182713,116852738811,1974272,1601050.1870000002,16631772863,7,ClientRead
1785010916020,499.1,51370.2,1832.5,8968.6,7173055,220261226,116879308362,1974973,1601563.0490000003,16599520959,21,relation
1785010917023,502.8,51440.4,1872.4,8978.2,7175278,220333104,116916732933,1975626,1602092.7130000002,16578541247,8,ClientRead
1785010918021,498.7,51501.4,1789.3,8970.8,7177788,220396453,116966876970,1976369,1602677.6170000003,16551794367,9,ClientRead
1785010919022,523.2,51316.3,1832.0,8972.4,7180004,220446786,116998505950,1977062,1603185.0560000003,16525047487,5,ClientRead
1785010920021,558.7,51359.6,1856.1,8971.8,7182359,220514436,117024168000,1977749,1603725.3900000004,16510105279,16,ClientRead
1785010921022,536.9,51420.4,1897.9,8970.7,7184706,220600246,117050941023,1978378,1604219.6120000002,16495425215,19,ClientRead
1785010922023,546.7,51476.2,1817.1,8972.3,7187193,220668751,117091112537,1979072,1604752.0460000003,16480736959,5,ClientRead
1785010923020,512.2,51356.4,1891.9,8974.1,7189473,220730236,117138920566,1979744,1605293.4250000003,16462911167,15,relation
1785010924022,481.8,51394.0,1833.1,8972.6,7191682,220778201,117168206978,1980381,1605791.263,16428291775,18,WALWrite
1785010925022,644.0,51523.0,1915.7,8968.0,7193838,220824741,117192682454,1981024,1606326.581,16425146047,10,WALWrite
1785010926022,625.7,51346.4,1842.0,8973.0,7195993,220904938,117216809354,1981616,1606815.7280000001,16403117759,13,relation
1785010927022,566.1,51368.2,1866.5,8973.7,7198279,221186973,117258315792,1982252,1607370.6830000002,16378992319,9,ClientRead
1785010928021,577.2,51442.4,1942.4,8971.9,7200658,221245250,117302343289,1982898,1607894.1120000002,16378992319,2,ClientRead
1785010929022,495.4,51501.2,1886.3,8973.2,7202941,221311576,117348126073,1983564,1608374.385,16357750463,14,WALWrite
1785010930023,506.8,51348.8,1909.9,8970.4,7205223,221363128,117372963845,1984236,1608884.752,16343332543,12,WALWrite
1785010931021,563.9,51396.7,1784.2,8976.4,7207724,221449785,117400206311,1984940,1609413.1320000002,16328652479,17,WALWrite
1785010932021,513.3,51472.4,1961.5,8969.6,7210146,221530143,117433465788,1985653,1609938.3050000002,16309769919,4,ClientRead
1785010933024,528.1,51536.5,1911.1,8969.3,7212516,221592104,117479812135,1986319,1610426.644,16303216319,17,WALWrite
1785010934021,530.4,51384.7,1843.0,8971.6,7214997,221653810,117519275466,1987119,1610987.7980000002,16286430911,10,WALWrite
1785010935020,590.9,51437.5,1874.9,8967.4,7217429,221737667,117544973712,1987805,1611520.9490000003,16271234751,7,ClientRead
1785010936022,574.4,51483.7,1919.6,8973.6,7219763,222563038,117628669544,1988588,1612087.1660000002,16278607551,17,WALWrite
1785010937021,538.4,51530.7,1933.2,8970.5,7222320,222633321,117682535278,1989294,1612652.6260000002,16287291071,3,ClientRead
1785010938022,548.2,51391.4,1894.6,8970.2,7224778,222682459,117706795563,1989963,1613176.1110000003,16294540991,4,ClientRead
1785010939025,520.4,51436.8,1887.8,8974.9,7227407,222741065,117739051685,1990752,1613780.277,16301971135,16,ClientRead
1785010940021,562.1,51489.4,1866.2,8971.2,7230027,222840769,117766191295,1991459,1614334.7770000002,16309687999,2,ClientRead
1785010941022,510.1,51354.7,1910.9,8972.8,7232579,222931216,117808603729,1992140,1614867.2900000003,16318142143,11,WALWrite
1785010942023,554.2,51427.1,1907.5,8970.1,7235152,223003791,117860674112,1992834,1615399.6640000003,16325990079,6,ClientRead
1785010943021,553.9,51477.5,1900.5,8978.1,7237654,223051898,117884945587,1993537,1615952.422,16333682367,9,WALWrite
1785010944022,525.7,51405.6,1849.3,8969.5,7240099,223105265,117910680542,1994289,1616502.1840000001,16342718143,17,ClientRead
1785010945021,631.5,51449.4,1839.3,8969.1,7242512,223194974,117937852351,1994998,1617089.2610000002,16351278783,8,ClientRead
1785010946022,600.1,51433.5,1863.6,8973.8,7244822,223280025,117971911685,1995709,1617648.1220000002,16360593087,6,ClientRead
1785010947022,490.7,51517.8,1960.6,8970.9,7247221,223349290,118025987207,1996340,1618192.904,16370341567,12,WALWrite
1785010948020,525.2,51369.3,1863.5,8969.6,7249485,223392928,118050250015,1997029,1618741.5320000004,16379516607,1,ClientRead
1785010949021,526.4,51421.3,1876.8,8968.7,7251994,223444757,118078820681,1997771,1619308.5290000003,16389207743,8,WALWrite
1785010950022,536.2,51470.9,1867.1,8969.2,7254483,223547652,118107674890,1998528,1619912.5450000002,16398440127,18,WALWrite
1785010951021,521.9,51540.5,1858.7,8971.5,7256944,223632385,118150858351,1999289,1620462.0260000003,16407901887,13,ClientRead
1785010952021,517.5,51414.1,1884.8,8972.4,7259315,223675138,118173327925,1999958,1620988.8130000003,16417093311,11,ClientRead
1785010953020,507.9,51469.2,1916.7,8966.1,7261785,223744060,118219906690,2000635,1621541.1880000003,16426858175,2,ClientRead
1785010954020,528.7,51514.7,1857.6,8968.2,7264147,223791363,118244511225,2001366,1622114.5320000001,16436295359,7,ClientRead
1785010955023,661.8,51394.7,1822.6,8970.8,7266709,223881511,118271681929,2002090,1622717.4570000004,16445134527,9,ClientRead
1785010956028,600.1,51438.6,1878.0,8969.8,7268983,224176215,118323116885,2002681,1623223.9030000004,16454338239,12,WALWrite
1785010957026,510.9,51519.9,1916.0,8969.0,7271422,224244061,118373166555,2003345,1623799.289,16463460031,12,ClientRead
1785010958024,528.1,51370.1,1896.7,8968.1,7273775,224285870,118396367106,2003982,1624355.2400000002,16472323775,14,WALWrite
1785010959022,514.2,51422.2,1969.8,8969.7,7276082,224334158,118423294223,2004676,1624924.1180000002,16482277055,14,WALWrite
1785010960022,544.2,51465.4,1842.3,8972.4,7278595,224420626,118451350252,2005439,1625515.4180000003,16491493055,14,WALWrite
1785010961022,554.8,51529.5,1834.3,8972.5,7280918,224508994,118485868840,2006096,1626044.0600000003,16500790975,7,ClientRead
1785010962020,516.4,51403.6,1873.5,8968.1,7283355,224580271,118537944894,2006737,1626611.367,16510023359,9,WALWrite
1785010963021,499.7,51452.4,1852.2,8968.9,7285583,224625956,118562753367,2007361,1627155.8240000003,16519214783,16,WALWrite
1785010964022,498.5,51502.4,1906.9,8967.4,7287836,224670815,118587339621,2008051,1627728.5000000005,16529127103,7,ClientRead
1785010965022,623.5,51430.5,1804.6,8967.0,7290369,224754846,118614989581,2008814,1628316.6060000004,16538384063,19,ClientRead
1785010966021,626.5,51415.2,1769.2,8971.8,7292825,224848681,118649826637,2009491,1628855.6430000002,16547247807,15,ClientRead
1785010967024,545.4,51489.5,1899.6,8979.2,7295292,224921067,118703518026,2010165,1629409.1930000002,16556529343,7,ClientRead
1785010968021,475.8,51346.8,1858.4,8967.9,7297804,224969264,118729069887,2010915,1629933.3730000001,16565687999,13,WALWrite
1785010969023,494.5,51390.4,1869.7,8968.1,7300259,225014396,118754178345,2011695,1630523.3970000003,16575919807,12,ClientRead
1785010970023,531.6,51442.8,1860.9,8967.3,7302709,225072895,118779533181,2012419,1631022.5970000003,16585143999,12,WALWrite
1785010971021,534.2,51513.6,1797.6,8973.0,7305314,225175459,118806837202,2013114,1631584.4470000002,16595171007,13,WALWrite
1785010972021,547.7,51366.1,1821.7,8969.6,7307813,225251304,118862549614,2013817,1632137.0180000004,16604608191,2,WalSync
1785010973020,513.3,51419.8,1832.2,8972.1,7310347,225306707,118893385570,2014546,1632659.8900000001,16613676735,7,ClientRead
1785010974021,489.5,51466.4,1827.1,8967.2,7312721,225355506,118919153023,2015299,1633238.6860000002,16623630015,7,ClientRead
1785010975023,663.2,51438.3,1826.9,8969.0,7315101,225420861,118943094351,2015998,1633770.4640000004,16632673983,13,ClientRead
1785010976020,584.7,51390.3,1862.1,8967.5,7317550,225660179,118983543376,2016670,1634387.7880000002,16641906367,15,ClientRead
1785010977021,538.7,51463.0,1841.2,8967.9,7320043,225731746,119037830432,2017348,1634946.2870000002,16651998911,6,ClientRead
1785010978024,546.9,51513.5,1869.4,8974.0,7322509,225788090,119068096476,2018058,1635505.9170000001,16661722815,4,ClientRead
1785010979022,546.7,51367.8,1855.8,8971.0,7325051,225838423,119092830792,2018797,1636092.8520000002,16671225535,9,ClientRead
1785010980021,559.9,51424.4,1928.7,8972.8,7327644,225909343,119120054982,2019508,1636658.5740000003,16681031359,18,ClientRead
1785010981022,572.3,51493.2,1875.6,8966.1,7330206,225994350,119151055160,2020167,1637168.6890000005,16690542271,5,WALWrite
1785010982022,569.7,51366.1,1875.2,8967.9,7332753,226067901,119206766559,2020796,1637717.8050000004,16700700351,9,ClientRead
1785010983020,533.3,51410.8,1804.7,8970.6,7335238,226120927,119235873053,2021497,1638288.5620000004,16709916351,24,ClientRead
1785010984021,570.9,51465.4,1866.2,8968.3,7337825,226176190,119263925182,2022243,1638904.1560000004,16719738559,18,WALWrite
1785010985021,650.4,51400.6,1821.0,8965.7,7340291,226237569,119287375132,2022841,1639417.8640000003,16728766143,15,ClientRead
1785010986021,590.8,51383.4,1834.0,8972.1,7342754,226321697,119321429167,2023532,1639991.269,16737851071,22,WALWrite
1785010987021,556.5,51458.4,1851.8,8968.4,7345266,226390688,119375881243,2024190,1640521.4250000003,16747902655,4,extend
1785010988020,551.5,51508.5,1791.3,8967.4,7347755,226445309,119407042463,2024889,1641071.5860000001,16756610751,11,ClientRead
1785010989022,540.7,51359.3,1751.0,8970.4,7350094,226488953,119430809880,2025633,1641646.4940000002,16766138047,15,ClientRead
1785010990021,541.7,51414.7,1847.7,8971.3,7352501,226553437,119454854773,2026333,1642165.74,16775583423,13,ClientRead
1785010991021,536.9,51490.9,1841.0,8968.3,7355129,226636726,119496128678,2027036,1642737.4540000001,16784922303,4,ClientRead
1785010992021,523.1,51355.8,1837.4,8969.5,7357606,226707623,119549285375,2027705,1643267.3660000002,16794859199,11,WALWrite
1785010993020,496.8,51404.6,1802.4,8972.0,7359923,226756233,119574405519,2028397,1643838.645,16804181695,13,ClientRead
1785010994021,531.7,51455.5,1806.1,8969.1,7362326,226805360,119600216705,2029081,1644448.165,16813618879,10,WALWrite
1785010995020,640.2,51541.6,1795.6,8968.1,7364813,226857664,119623898967,2029815,1645053.932,16822638271,23,WALWrite
1785010996021,643.5,51427.8,1845.5,8972.4,7367270,226937133,119651339079,2030427,1645578.475,16830813887,19,ClientRead
1785010997021,606.0,51322.8,1859.1,8970.0,7369692,227004215,119703648268,2031051,1646110.1180000002,16839939775,18,ClientRead
1785010998021,584.5,51385.1,1887.9,8969.1,7372182,227067091,119743292307,2031737,1646688.6670000004,16848606911,7,WalSync
1785010999024,599.9,51376.8,1822.3,8972.9,7374505,227805302,119822377070,2032379,1647234.4920000003,16849630911,11,ClientRead
1785011000022,530.4,51404.0,1840.8,8970.9,7377030,227872494,119848972080,2033082,1647791.8370000003,16849630911,14,ClientRead
1785011001024,547.1,51462.6,1817.7,8970.0,7379790,227958444,119892432611,2033795,1648352.2030000002,16849630911,5,BufferContent
1785011002022,540.1,51503.5,1829.0,8969.3,7382470,228036175,119946791216,2034514,1648928.6250000002,16849630911,10,ClientRead
1785011003023,531.3,51333.9,1809.0,8971.2,7385023,228086277,119972392257,2035220,1649470.7190000003,16849630911,7,ClientRead
1785011004021,505.1,51349.6,1857.6,8971.0,7387592,228135419,119997269348,2036001,1650045.82,16849630911,21,WALWrite
1785011005022,675.1,51384.8,1838.5,8969.6,7390098,228198522,120022046899,2036720,1650560.378,16849630911,9,ClientRead
1785011006026,598.0,51425.1,1844.8,8968.0,7392649,228491073,120069326928,2037334,1651060.6,16849630911,11,ClientRead
1785011007021,559.1,51467.2,1786.1,8970.4,7395264,228570758,120128058925,2038074,1651635.982,16849630911,9,WALWrite
1785011008021,524.4,51493.7,1811.7,8971.5,7397669,228617758,120151514938,2038773,1652114.3620000002,16849630911,16,ClientRead
1785011009023,524.5,51321.3,1816.0,8965.7,7400261,228667014,120176336311,2039557,1652669.3030000003,16849630911,15,WALWrite
1785011010020,511.1,51343.8,1791.4,8970.6,7402870,228736202,120202672211,2040350,1653195.4560000002,16849630911,10,WALWrite
1785011011021,546.6,51401.6,1831.3,8968.8,7405576,228819309,120251309972,2041098,1653746.7620000003,16849630911,8,ClientRead
1785011012020,556.1,51436.8,1854.8,8966.7,7408299,228896034,120300177895,2041829,1654315.1510000003,16849630911,10,WALWrite
1785011013019,533.2,51461.1,1777.7,8967.3,7410829,228945055,120324387326,2042544,1654870.7010000004,16849630911,8,ClientRead
1785011014022,506.7,51484.8,1820.7,8970.2,7413449,228992679,120348009819,2043356,1655457.7860000003,16849469967,13,ClientRead
1785011015022,569.6,51333.0,1807.0,8967.7,7416111,229078000,120374982114,2044063,1655954.9070000004,16849630911,12,ClientRead
1785011016021,539.5,51388.7,1850.6,8971.2,7418677,229154826,120435006814,2044717,1656458.9170000001,16849630911,5,ClientRead
1785011017021,544.1,51423.6,1785.1,8967.3,7421357,229214968,120469570211,2045409,1656984.3930000004,16849630911,54,relation
1785011018021,617.1,51486.8,1803.1,8967.1,7423712,229259632,120493732280,2045999,1657477.3870000003,16813430463,7,WALWrite
1785011019021,602.3,51258.1,1802.7,8968.1,7426089,229309105,120518287023,2046664,1658026.6930000002,16813430463,8,ClientRead
1785011020023,563.8,51278.5,1828.3,8966.9,7428592,229363620,120542601535,2047401,1658555.2100000002,16813430463,9,WALWrite
1785011021021,534.3,51336.1,1822.0,8965.7,7431297,229443259,120576474434,2048093,1659051.9850000003,16813430463,16,ClientRead
1785011022022,524.6,51371.0,1835.2,8965.4,7433987,229519994,120633711004,2048825,1659624.5680000004,16813438655,7,WALWrite
1785011023021,525.7,51393.8,1790.1,8967.2,7436559,229570317,120659747071,2049528,1660247.3330000003,16813438655,5,ClientRead
1785011024023,504.7,51418.2,1863.7,8969.3,7439044,229619269,120685248860,2050257,1660857.6280000003,16813438655,10,WALWrite
1785011025022,625.5,51448.2,1831.2,8969.8,7441568,229694388,120711460532,2050930,1661443.0550000002,16813438655,21,WALWrite
1785011026020,573.3,51470.9,1846.7,8965.5,7444302,229770291,120757701176,2051622,1661957.5050000001,16813438655,10,ClientRead
1785011027025,551.5,51359.5,1864.1,8968.2,7447039,229841766,120805661842,2052329,1662510.593,16813438655,18,ClientRead
1785011028023,538.6,51347.9,1855.0,8966.4,7449670,229890965,120830059007,2053015,1663031.587,16813438655,7,WALWrite
1785011029021,565.7,51371.5,1873.4,8971.7,7452495,229944138,120856290535,2053797,1663600.942,16813438655,13,WALWrite
1785011030022,568.9,51396.7,1794.6,8966.5,7455465,230025947,120883602992,2054509,1664135.0800000003,16813438655,17,WALWrite
1785011031021,581.5,51448.7,1912.4,8967.0,7458245,230101966,120934918027,2055144,1664678.9070000001,16813438655,4,WalSync
1785011032021,601.2,51490.3,1875.1,8970.2,7461115,230169881,120977413635,2055818,1665226.0640000002,16813438655,14,WALWrite
1785011033022,541.5,51319.7,1806.3,8972.8,7463749,230218602,121000831242,2056503,1665747.3090000001,16813438655,5,WALWrite
1785011034021,533.9,51340.7,1893.8,8971.8,7466378,230269513,121026327757,2057208,1666275.6580000003,16813438655,25,ClientRead
1785011035023,672.6,51449.9,1842.4,8964.6,7469231,230343883,121052566442,2057905,1666828.6790000002,16813438655,15,ClientRead
1785011036021,650.5,51460.1,1832.0,8968.4,7471946,230416310,121097524687,2058572,1667352.1600000001,16813438655,13,ClientRead
1785011037021,601.7,51473.6,1845.4,8970.2,7474802,230722168,121162192836,2059272,1667916.1470000003,16813438655,16,WALWrite
1785011038021,573.6,51496.8,1846.2,8972.7,7477469,230771022,121186203734,2059962,1668469.083,16813438655,14,WALWrite
1785011039021,533.1,51397.6,1890.0,8966.0,7480169,230824278,121211967934,2060749,1669013.2080000003,16813438655,13,WALWrite
1785011040021,567.0,51332.6,1824.3,8966.4,7483061,230896438,121237776353,2061485,1669523.5450000004,16813438655,14,ClientRead
1785011041023,574.0,51388.2,1844.7,8968.1,7485894,230974200,121285926434,2062169,1670051.3370000003,16813438655,5,ClientRead
1785011042020,534.6,51426.3,1818.0,8966.6,7488574,231041389,121330666984,2062849,1670564.6730000002,16813438655,6,WALWrite
1785011043021,523.6,51453.9,1848.2,8971.6,7491319,231093831,121357812745,2063595,1671176.1350000002,16813438655,11,WALWrite
1785011044021,543.4,51474.9,1835.6,8967.7,7494019,231143191,121382544738,2064326,1671725.7210000001,16813438655,16,ClientRead
1785011045023,609.7,51398.1,1805.5,8966.3,7496902,231216155,121408739299,2065095,1672311.6980000003,16813438655,12,WALWrite
1785011046021,609.7,51350.9,1824.7,8968.6,7499408,231286862,121455199282,2065745,1672822.0000000002,16813438655,10,ClientRead
1785011047021,535.0,51394.3,1830.9,8968.2,7502251,231358650,121500254092,2066462,1673365.9580000003,16813438655,8,ClientRead
1785011048024,576.6,51414.5,1832.9,8968.2,7505084,231406744,121524626013,2067214,1673932.1770000004,16813438655,16,ClientRead
1785011049020,522.5,51442.4,1877.7,8966.9,7507728,231454362,121549261308,2067994,1674496.3020000004,16813438655,15,WALWrite
1785011050021,572.9,51465.8,1871.8,8967.3,7510453,231505464,121573718899,2068732,1675031.8700000003,16813438655,21,ClientRead
1785011051023,577.3,51319.9,1867.7,8971.3,7513465,231586856,121600642373,2069373,1675550.333,16813438655,14,ClientRead
1785011052021,575.1,51361.4,1904.3,8970.6,7516253,231659580,121658620593,2070007,1676055.1160000002,16813438655,10,ClientRead
1785011053020,534.4,51384.1,1764.8,8966.1,7519169,231722962,121694198339,2070855,1676618.0560000003,16813438655,4,ClientRead
1785011054021,525.0,51409.9,1850.2,8970.7,7521821,231773590,121720671902,2071620,1677196.5740000003,16814102207,25,WALWrite
1785011055022,640.9,51519.3,1823.9,8965.6,7524451,231825828,121743050874,2072298,1677730.1240000003,16815150783,6,ClientRead
1785011056020,618.3,51288.0,1812.4,8970.2,7527120,231909578,121776387844,2072934,1678241.941,16815863487,10,WALWrite
1785011057023,526.8,51332.4,1838.9,8968.7,7529849,231983758,121834746823,2073640,1678808.5810000002,16817428159,19,WALWrite
1785011058024,519.2,51356.9,1777.4,8966.5,7532510,232039142,121863971665,2074355,1679431.5840000003,16818771647,9,WALWrite
1785011059021,530.7,51388.2,1819.4,8973.9,7535158,232086107,121888254564,2075086,1679959.2200000002,16820147903,3,ClientRead
1785011060022,551.3,51410.5,1822.9,8967.5,7537985,232142207,121911986910,2075884,1680505.9540000001,16821212863,10,WALWrite
1785011061021,555.9,51469.7,1780.3,8968.0,7540898,232226545,121951846531,2076661,1681040.9020000002,16822564543,16,ClientRead
1785011062020,556.3,51307.7,1793.3,8968.8,7543816,232306008,122010293488,2077391,1681642.5280000002,16823498431,1,WALWrite
1785011063020,536.8,51332.9,1819.0,8966.9,7546582,232357086,122036160491,2078157,1682208.217,16824776383,18,WALWrite
1785011064022,525.2,51360.7,1810.2,8964.8,7549370,232406381,122060819652,2078919,1682750.0520000001,16826562239,20,ClientRead
1785011065023,645.7,51483.2,1796.7,8965.5,7552168,232467988,122086596072,2079651,1683264.4180000003,16827143871,10,ClientRead
1785011066020,687.7,51482.2,1806.4,8967.3,7554753,232538650,122119109329,2080286,1683797.8890000002,16827561663,16,ClientRead
1785011067021,675.8,51344.4,1805.4,8967.5,7557611,232613422,122174288585,2080918,1684328.7000000002,16828421823,7,ClientRead
1785011068021,651.4,51345.7,1810.9,8968.2,7560320,233167982,122235622707,2081540,1684850.4330000002,16829576895,8,ClientRead
1785011069022,569.7,51372.3,1854.4,8971.7,7563178,233221351,122262792255,2082289,1685442.6960000002,16831837887,17,WALWrite
1785011070024,632.2,51395.4,1878.6,8968.9,7566319,233293697,122288644966,2082996,1685981.8880000003,16833541823,13,WALWrite
1785011071021,629.6,51444.1,1794.8,8968.0,7569452,233368504,122329932349,2083623,1686435.7700000003,16834672319,10,ClientRead
1785011072022,634.1,51490.6,1865.7,8968.4,7572634,233441949,122380017901,2084293,1686998.6180000002,16836146879,16,ClientRead
1785011073023,630.9,51514.0,1867.3,8967.4,7575938,233503908,122410028176,2084954,1687521.914,16837719743,16,WALWrite
1785011074022,619.0,51343.2,1872.0,8966.8,7579098,233554867,122434109213,2085601,1688059.7160000002,16839947967,16,WALWrite
1785011075023,700.5,51456.3,1858.5,8967.5,7582132,233626993,122459504364,2086262,1688581.939,16841070271,5,WALWrite
1785011076022,651.9,51417.1,1767.4,8968.6,7585045,233703208,122510325523,2086888,1689091.967,16841774783,12,ClientRead
1785011077023,583.7,51462.6,1853.6,8966.2,7588041,233773106,122555189103,2087575,1689628.868,16842528447,24,ClientRead
1785011078022,597.2,51492.1,1812.8,8967.4,7590794,233815578,122576921446,2088193,1690125.537,16843224767,5,ClientRead
1785011079021,539.7,51516.0,1814.9,8965.9,7593427,233862711,122601627961,2088902,1690656.8590000002,16843953855,9,ClientRead
1785011080021,602.0,51541.5,1833.6,8966.4,7596398,233934071,122627399992,2089622,1691199.4740000002,16845289151,29,WALWrite
1785011081022,599.2,51391.2,1819.1,8967.3,7599421,234006425,122675789892,2090284,1691704.719,16846182079,13,WALWrite
1785011082021,588.7,51435.8,1789.5,8967.5,7602285,234077138,122721826584,2090939,1692263.5860000001,16847312575,5,ClientRead
1785011083022,569.8,51459.7,1810.4,8967.8,7605193,234124505,122745855326,2091641,1692790.1510000003,16847935167,15,ClientRead
1785011084021,566.6,51485.9,1817.2,8966.0,7608018,234172259,122770281481,2092333,1693380.233,16849090239,13,ClientRead
1785011085021,659.8,51392.7,1792.0,8966.8,7610936,234249441,122796972627,2093025,1693968.1520000002,16849524415,20,WALWrite
1785011086021,668.5,51401.4,1815.4,8967.4,7613816,234391776,122854176580,2093605,1694473.989,16849524415,10,ClientRead
1785011087021,588.2,51418.5,1851.9,8967.7,7616397,234437364,122878957894,2094202,1694983.132,16849524415,13,ClientRead
1785011088021,589.5,51437.3,1799.8,8968.7,7619309,234503787,122921683072,2094915,1695566.5150000001,16849524415,12,WALWrite
1785011089022,581.7,51462.8,1834.0,8965.3,7622246,234553099,122946876742,2095538,1696091.1840000004,16849524415,16,WALWrite
1785011090020,580.4,51489.6,1808.5,8968.0,7625532,234633331,122974259444,2096268,1696654.8830000001,16849524415,13,ClientRead
1785011091022,581.3,51537.9,1798.7,8968.2,7628568,234704873,123027724574,2096913,1697206.6760000002,16849524415,15,ClientRead
1785011092021,595.9,51387.1,1805.0,8968.2,7631290,234753752,123053048558,2097479,1697663.5320000001,16849524415,3,WALWrite
1785011093022,555.1,51410.8,1833.5,8965.4,7634372,234818375,123091560451,2098226,1698237.6960000002,16849524415,20,ClientRead
1785011094021,615.9,51418.9,1814.1,8968.6,7637513,234869665,123116884153,2098888,1698783.8080000002,16849524415,3,WALWrite
1785011095021,673.8,51494.1,1788.8,8970.5,7640673,234942243,123143510215,2099543,1699337.297,16849524415,4,ClientRead
1785011096023,644.3,51353.7,1796.6,8965.8,7643340,235220118,123199505953,2100144,1699905.0720000002,16849524415,20,WALWrite
1785011097022,604.7,51363.8,1826.1,8965.6,7645970,235285355,123246697359,2100708,1700446.4810000001,16849524415,14,ClientRead
1785011098021,564.6,51401.0,1802.4,8970.1,7648724,235336836,123273761143,2101339,1700973.607,16849524415,4,ClientRead
1785011099021,562.8,51427.6,1781.9,8966.6,7651445,235384333,123298221507,2102026,1701517.2010000001,16849524415,24,WALWrite
1785011100022,591.8,51479.6,1803.8,8964.5,7654271,235460616,123324329180,2102677,1702010.1670000001,16849524415,14,ClientRead
1785011101022,566.8,51531.4,1821.1,8966.4,7657237,235533807,123367816971,2103370,1702518.716,16849524415,15,WALWrite
1785011102021,576.8,51394.2,1735.5,8966.1,7659976,235583830,123394007147,2103966,1703018.3830000001,16849524415,10,ClientRead
1785011103023,593.8,51433.0,1865.4,8966.2,7662939,235652960,123443696972,2104662,1703599.2120000003,16849524415,4,ClientRead
1785011104022,598.1,51481.9,1907.9,8965.4,7666003,235706643,123470259754,2105316,1704120.823,16849524415,10,WALWrite
1785011105023,710.0,51505.4,1806.1,8967.6,7669110,235762680,123494228988,2105880,1704609.0650000002,16849524415,16,WALWrite
1785011106022,622.7,51403.5,1856.2,8968.9,7672242,235839245,123520998906,2106496,1705168.0720000002,16849524415,53,WALWrite
1785011107021,621.2,51414.7,1806.3,8967.0,7675273,235910840,123561699344,2107053,1705689.1870000002,16849524415,12,WALWrite
1785011108021,662.6,51448.4,1812.1,8966.8,7678215,235976177,123608603603,2107649,1706210.7010000001,16849524415,8,ClientRead
1785011109021,605.6,51471.3,1858.8,8968.2,7681268,236031137,123637045744,2108322,1706721.017,16849524415,21,ClientRead
1785011110020,629.5,51494.3,1814.8,8967.9,7684234,236102912,123664736257,2108928,1707186.031,16849524415,15,ClientRead
1785011111022,630.3,51529.7,1825.4,8968.1,7687512,236180513,123695215577,2109601,1707717.3429999999,16849524415,15,WALWrite
1785011112029,621.0,51379.8,1840.7,8966.5,7690660,236252464,123748697560,2110208,1708242.869,16849524415,24,ClientRead
1785011113020,641.0,51396.6,1855.9,8968.6,7693816,236315007,123783970405,2110843,1708753.603,16849524415,9,WALWrite
1785011114021,621.6,51424.8,1824.1,8968.1,7697061,236367758,123808875058,2111506,1709268.4309999999,16849524415,5,ClientRead
1785011115021,711.4,51339.5,1806.5,8967.5,7700211,236437220,123833637699,2112161,1709760.979,16849524415,22,WALWrite
1785011116021,681.2,51283.8,1870.5,8966.9,7703322,236512651,123865930197,2112769,1710287.194,16849524415,10,WALWrite
1785011117020,647.1,51335.9,1842.8,8966.9,7706703,236586199,123919838496,2113397,1710781.42,16849524415,2,
1785011118021,647.7,51373.2,1824.7,8965.5,7710076,236648441,123954347861,2113998,1711287.25,16849524415,21,ClientRead
1785011119022,636.3,51391.5,1830.5,8972.0,7713331,236701069,123979264463,2114650,1711769.0180000002,16849524415,18,WALWrite
1785011120022,641.9,51416.8,1801.6,8968.9,7716572,236776149,124003953629,2115306,1712269.898,16849524415,15,ClientRead
1785011121021,629.4,51453.1,1872.6,8967.3,7719795,236852426,124041720755,2115909,1712799.8420000002,16849524415,7,WALWrite
1785011122023,630.2,51488.0,1791.5,8964.9,7723139,236927873,124095156516,2116535,1713351.7729999998,16849524415,9,ClientRead
1785011123020,626.7,51518.8,1790.6,8968.6,7726214,236983011,124123663614,2117184,1713853.7969999998,16849524415,14,WALWrite
1785011124021,604.6,51544.3,1820.6,8966.8,7729584,237036739,124149339528,2117890,1714392.1749999998,16849524415,24,ClientRead
1785011125023,667.7,51389.8,1758.1,8965.0,7732825,237108992,124176647868,2118525,1714893.772,16841651903,11,ClientRead
1785011126021,693.9,51444.3,1779.0,8969.4,7735744,237181297,124208603736,2119120,1715384.73,16841635519,19,ClientRead
1785011127024,602.6,51508.9,1740.2,8966.1,7738410,237250230,124264276520,2119643,1715825.254,16723695295,13,WALWrite
1785011128021,478.5,51535.2,1689.3,8966.2,7740742,237299314,124293819044,2120209,1716275.253,16502650559,15,WALWrite
1785011129021,517.1,51356.3,1790.7,8965.0,7742989,237340775,124318151492,2120876,1716789.5219999999,16355014335,9,WALWrite
1785011130022,557.3,51383.2,1769.0,8967.7,7745544,237386803,124342342882,2121493,1717273.997,16240170687,11,ClientRead
1785011131022,537.3,51422.4,1731.9,8966.4,7748076,237457755,124366415430,2122144,1717776.756,16048223935,46,relation
1785011132022,511.7,51459.5,1745.4,8967.6,7750368,237523621,124405283547,2122728,1718209.6840000001,15821665983,53,relation
1785011133022,490.2,51491.6,1664.3,8969.3,7752691,237811450,124467853817,2123440,1718725.3830000001,15586375359,8,ClientRead
1785011134023,542.6,51489.5,1936.6,8968.1,7755159,237860878,124498258519,2124162,1719272.9070000001,15586375359,32,WALWrite
1785011135023,702.5,51387.9,1816.4,8968.7,7758110,237936785,124526324595,2124863,1719833.652,15586375359,15,WALWrite
1785011136020,697.6,51388.5,1850.7,8968.1,7761201,238007530,124558230160,2125470,1720333.1639999999,15586375359,10,ClientRead
1785011137021,711.2,51447.6,1855.6,8968.6,7764512,238372380,124632752986,2126105,1720882.602,15586375359,15,WALWrite
1785011138020,668.7,51454.1,1799.9,8967.7,7767334,238418355,124655877738,2126617,1721318.5189999999,15586375359,12,ClientRead
1785011139022,608.6,51482.8,1869.1,8966.2,7770342,238478834,124691200230,2127257,1721855.231,15586375359,33,ClientRead
1785011140022,623.9,51506.7,1866.9,8969.1,7773783,238565165,124720333642,2127912,1722388.97,15586375359,9,ClientRead
1785011141021,651.0,51553.3,1830.3,8968.2,7776774,238614006,124743513067,2128428,1722802.323,15586375359,29,ClientRead
1785011142022,601.2,51405.1,1834.7,8966.7,7780116,238690941,124791870917,2129089,1723351.781,15586375359,7,ClientRead
1785011143023,653.3,51424.6,1855.0,8967.5,7783230,238758854,124837624120,2129723,1723864.364,15586375359,16,ClientRead
1785011144020,619.3,51452.3,1854.2,8970.4,7786523,238813562,124863516899,2130377,1724348.903,15586375359,13,ClientRead
1785011145021,679.0,51474.7,1879.9,8966.6,7789693,238865513,124887360153,2130980,1724810.654,15586375359,17,WALWrite
1785011146022,646.4,51511.7,1882.7,8968.4,7793149,238943645,124913201814,2131631,1725359.933,15586375359,18,WALWrite
1785011147020,636.4,51368.3,1857.4,8966.6,7796320,239017598,124956177505,2132210,1725860.523,15586375359,24,WALWrite
1785011148021,628.4,51392.3,1852.1,8968.2,7799745,239092988,125006329159,2132866,1726394.0370000002,15586375359,11,ClientRead
1785011149021,621.4,51415.4,1790.6,8969.4,7802840,239143371,125030897095,2133491,1726857.813,15586375359,4,ClientRead
1785011150023,575.1,51441.6,1855.5,8969.8,7805966,239198018,125054934206,2134218,1727411.7280000001,15586375359,16,ClientRead
1785011151023,608.3,51487.6,1807.7,8966.6,7809165,239280797,125083302612,2134886,1727962.511,15586375359,6,ClientRead
1785011152023,574.7,51533.3,1841.2,8970.7,7812170,239351386,125141144173,2135542,1728486.4710000001,15586375359,13,WALWrite
1785011153021,585.7,51366.0,1808.6,8967.5,7815206,239411959,125175902604,2136258,1729019.2210000001,15593715391,4,WALWrite
1785011154020,600.2,51407.6,1833.8,8967.5,7818332,239460720,125200008834,2136974,1729555.5080000001,15608690367,23,WALWrite
1785011155021,680.8,51514.3,1790.6,8965.2,7821227,239522670,125224576455,2137675,1730085.5999999999,15621912255,8,ClientRead
1785011156021,623.8,51298.0,1784.0,8965.6,7824278,239599236,125262329982,2138403,1730637.5999999999,15636231871,23,WALWrite
1785011157021,589.6,51361.9,1847.9,8966.6,7827120,239670215,125314193355,2139060,1731124.7170000002,15650813631,12,WALWrite
1785011158022,584.7,51392.5,1786.9,8967.8,7830147,239720508,125339292202,2139783,1731647.3360000001,15664453311,8,ClientRead
1785011159020,593.4,51435.0,1802.9,8966.6,7833083,239772752,125366447410,2140498,1732249.148,15678592703,3,ClientRead
1785011160022,601.5,51475.9,1828.7,8965.1,7836069,239819329,125389606277,2141168,1732768.209,15692781247,26,WALWrite
1785011161021,603.1,51502.0,1765.5,8966.2,7839288,239908224,125417541601,2141889,1733256.9610000001,15706519231,12,WALWrite
1785011162022,551.8,51531.2,1829.1,8970.1,7842268,239984097,125451585025,2142603,1733819.702,15720928959,9,ClientRead
1785011163021,554.8,51367.7,1809.9,8969.1,7845080,240043079,125478142998,2143294,1734367.341,15734470335,42,ClientRead
1785011164023,588.2,51404.3,1803.1,8967.2,7848025,240088697,125501592959,2144043,1734935.799,15748699839,7,ClientRead
1785011165021,636.0,51464.4,1759.8,8967.7,7851050,240157065,125528510328,2144740,1735489.53,15762175679,18,WALWrite
1785011166021,655.2,51484.5,1831.7,8967.5,7853880,240504588,125569873625,2145406,1736017.7850000001,15769827007,10,ClientRead
1785011167020,604.8,51514.3,1855.0,8966.5,7857133,240581833,125604911343,2146096,1736591.5450000002,15769827007,6,ClientRead
1785011168020,612.5,51341.2,1786.2,8965.4,7860286,240638687,125630611234,2146756,1737109.066,15769827007,16,ClientRead
1785011169023,521.3,51365.2,1808.9,8965.8,7863182,240686456,125655327379,2147645,1737702.5080000001,15769827007,8,ClientRead
1785011170021,574.8,51390.4,1857.8,8966.2,7865942,240735817,125680741500,2148377,1738234.4400000002,15769827007,20,ClientRead
1785011171021,565.5,51421.1,1817.7,8966.1,7869130,240824685,125708439689,2149098,1738743.404,15769827007,6,WALWrite
1785011172021,586.2,51447.2,1849.8,8965.9,7872256,240905361,125740043333,2149830,1739292.546,15769827007,11,WALWrite
1785011173022,563.9,51470.9,1811.9,8969.0,7875325,240968069,125766377324,2150643,1739848.118,15769827007,7,ClientRead
1785011174021,542.7,51503.3,1800.2,8967.3,7878279,241017447,125790763316,2151406,1740384.0210000002,15769827007,27,ClientRead
1785011175022,636.1,51400.9,1802.2,8966.0,7880988,241077878,125817192395,2152049,1740870.2349999999,15769827007,24,ClientRead
1785011176022,602.5,51361.7,1849.3,8969.5,7883932,241155472,125847050590,2152766,1741450.961,15769827007,13,ClientRead
1785011177021,589.4,51385.0,1839.7,8967.4,7886736,241224676,125877515400,2153393,1741928.678,15769827007,19,WALWrite
1785011178020,552.0,51408.9,1814.7,8967.1,7889761,241281322,125903591824,2154139,1742481.544,15769827007,20,ClientRead
1785011179021,554.9,51432.9,1782.1,8966.9,7892790,241330961,125928895201,2154909,1743072.971,15769827007,5,ClientRead
1785011180023,554.0,51471.0,1860.4,8970.0,7895765,241383970,125953329617,2155635,1743604.087,15769827007,19,WALWrite
1785011181025,555.1,51493.2,1817.8,8969.6,7898912,241468743,125979927185,2156366,1744121.337,15769827007,13,ClientRead
1785011182021,556.5,51322.8,1830.1,8968.5,7902001,241544361,126014441317,2157102,1744663.436,15769900735,10,WALWrite
1785011183023,541.0,51347.0,1818.1,8967.4,7904932,241605390,126042318590,2157873,1745218.986,15771129535,20,ClientRead
1785011184020,561.2,51371.6,1779.7,8966.6,7907880,241653402,126066100415,2158616,1745797.4989999998,15771981503,3,
1785011185022,657.3,51464.1,1760.5,8965.6,7910781,241702395,126091500856,2159318,1746357.453,15771989695,15,WALWrite
1785011186021,588.0,51429.3,1795.1,8965.6,7913650,241788591,126119344379,2160044,1746871.4849999999,15771989695,13,ClientRead
1785011187021,569.2,51454.7,1831.4,8966.2,7916569,241862744,126150026506,2160764,1747449.579,15771989695,18,WALWrite
1785011188021,558.4,51480.6,1875.5,8967.3,7919729,241928637,126175857595,2161531,1748043.3399999999,15771989695,18,WALWrite
1785011189021,605.3,51512.2,1847.4,8967.9,7922886,241982394,126201578815,2162232,1748602.2519999999,15771989695,30,WALWrite
1785011190020,570.2,51331.2,1746.5,8967.2,7925809,242038997,126225220511,2162987,1749106.386,15771989695,19,WALWrite
1785011191024,591.3,51357.0,1807.4,8966.8,7928947,242125559,126252427661,2163742,1749614.984,15771989695,22,WALWrite
1785011192021,569.4,51386.0,1850.2,8965.3,7932295,242206132,126280349512,2164458,1750156.53,15771989695,8,ClientRead
1785011193023,544.4,51407.9,1811.5,8967.8,7935411,242262008,126305228755,2165187,1750686.4489999998,15771989695,11,ClientRead
1785011194020,548.6,51432.4,1819.9,8967.3,7938325,242310067,126329245114,2165901,1751215.643,15771989695,31,WALWrite
1785011195021,649.0,51490.0,1829.8,8967.6,7941373,242367032,126354959237,2166636,1751776.1539999999,15771989695,9,ClientRead
1785011196021,659.0,51335.8,1793.9,8966.2,7944245,242443140,126380220104,2167289,1752287.753,15771948735,18,WALWrite
1785011197025,640.7,51363.9,1765.2,8966.7,7947283,242826184,126430953470,2167984,1752846.8760000002,15771948735,4,ClientRead
1785011198023,562.6,51364.1,1831.4,8970.0,7949968,242879594,126453926764,2168676,1753341.708,15771948735,4,WalSync
1785011199026,569.9,51421.4,1869.7,8968.2,7952674,242926527,126481214615,2169417,1753872.161,15771948735,3,ClientRead
1785011200021,591.7,51505.1,1858.4,8967.0,7955740,242998777,126541588324,2170063,1754369.094,15771948735,10,WALWrite
1785011201023,596.1,51390.7,1905.3,8971.9,7958858,243077543,126610542210,2170648,1754884.6060000001,15771948735,18,WALWrite
1785011202021,626.1,51450.4,1816.3,8967.2,7962213,243155116,126669467465,2171289,1755380.273,15771948735,11,ClientRead
1785011203022,607.6,51486.8,1880.6,8968.7,7965455,243219720,126705249975,2171980,1755929.1930000002,15771948735,4,WALWrite
1785011204022,570.2,51328.9,1910.3,8969.2,7968663,243272825,126730533621,2172669,1756424.537,15771948735,6,WALWrite
1785011205022,668.4,51481.8,1827.8,8966.7,7971739,243339916,126786643261,2173297,1756987.929,15771948735,34,WALWrite
1785011206022,620.6,51515.1,1818.6,8967.0,7974216,243399606,126840060535,2173687,1757443.394,15771948735,19,WALWrite
1785011207021,560.4,51492.6,1775.6,8969.7,7976151,243459490,126889754579,2173983,1757909.408,15771948735,12,WALWrite
1785011208020,661.7,51325.4,1858.7,8967.7,7978945,243823492,127424227607,2174575,1758457.147,15771948735,2,ClientRead
1785011209022,583.0,51367.4,1863.2,8966.4,7982026,243885596,127455775092,2175260,1759019.877,15771948735,2,WALWrite
1785011210022,600.0,51439.6,1852.9,8969.1,7985203,243946691,127496682529,2175899,1759551.812,15771948735,15,ClientRead
1785011211021,587.9,51503.2,1863.3,8968.9,7988203,244025895,127562095076,2176485,1760073.913,15771948735,8,ClientRead
1785011212023,577.3,51371.3,1806.9,8968.8,7991096,244096594,127622548512,2177177,1760594.3080000002,15771948735,13,WALWrite
1785011213020,575.3,51395.7,1837.3,8965.9,7993890,244164447,127668645882,2177843,1761091.617,15771948735,6,ClientRead
1785011214021,600.3,51421.9,1886.4,8968.5,7996825,244217022,127694649447,2178527,1761618.901,15771948735,1,ClientRead
1785011215022,712.4,51348.6,1840.2,8968.8,7999630,244265381,127718692539,2179118,1762140.344,15771948735,30,WALWrite
1785011216027,613.7,51359.8,1896.7,8968.6,8002193,244331364,127779017345,2179655,1762635.575,15771948735,20,WALWrite
1785011217021,621.5,51431.2,1892.8,8965.2,8005073,244410109,127842886567,2180259,1763153.321,15771948735,13,WALWrite
1785011218022,601.6,51481.8,1865.6,8967.9,8008068,244482742,127897857109,2180919,1763699.523,15771948735,12,WALWrite
1785011219022,609.0,51511.3,1833.5,8967.5,8011145,244543024,127929817007,2181634,1764248.345,15771948735,28,WALWrite
1785011220024,655.2,51386.6,1861.9,8967.0,8014471,244605214,127971429996,2182300,1764762.497,15772038847,13,ClientRead
1785011221022,624.9,51476.5,1895.4,8967.3,8017959,244690406,128044850093,2182927,1765282.511,15773718207,15,WALWrite
1785011222022,627.8,51532.5,1913.4,8966.7,8021319,244768832,128106041697,2183496,1765741.643,15774193343,14,ClientRead
1785011223022,636.9,51374.0,1828.6,8966.9,8024568,244837667,128149274877,2184147,1766281.8630000001,15774365375,3,ClientRead
1785011224020,585.3,51404.1,1805.2,8966.6,8027820,244890423,128174789409,2184848,1766827.452,15774406335,16,ClientRead
1785011225022,709.6,51332.0,1758.8,8965.6,8030936,244939313,128199503053,2185495,1767365.226,15774537407,11,WALWrite
1785011226020,665.8,51402.2,1843.5,8968.2,8033829,245012482,128268346669,2186073,1767921.351,15774971583,17,ClientRead
1785011227021,665.5,51445.9,1897.5,8966.2,8037012,245299536,128371134817,2186678,1768459.874,15775389375,11,ClientRead
1785011228023,672.5,51494.2,1891.9,8966.7,8040177,245368568,128420537964,2187281,1768941.2270000002,15775995583,17,WALWrite
1785011229023,629.9,51526.7,1851.2,8968.2,8043339,245430630,128453293335,2187944,1769466.3460000001,15776503487,25,ClientRead
1785011230024,629.7,51394.5,1788.2,8966.8,8046363,245482651,128478388734,2188612,1770017.324,15776847551,19,WALWrite
1785011231021,656.4,51478.4,1859.1,8969.6,8049403,245558968,128544151128,2189160,1770487.5350000001,15777035967,8,WALWrite
1785011232022,545.6,51532.8,1820.8,8967.2,8052324,245634347,128606546621,2189768,1770954.735,15777150655,6,ClientRead
1785011233027,575.2,51376.2,1891.7,8969.0,8055204,245703526,128658428732,2190437,1771487.86,15777347263,3,ClientRead
1785011234024,613.7,51406.3,1882.0,8968.8,8058216,245761581,128687541182,2191094,1771966.672,15777674943,28,ClientRead
1785011235022,709.6,51429.7,1842.7,8966.7,8061397,245837073,128757197393,2191719,1772560.062,15777707711,11,ClientRead
1785011236028,715.2,51370.1,1817.9,8967.4,8064257,245919211,128825470658,2192272,1773064.402,15777715903,14,ClientRead
1785011237021,603.7,51454.0,1896.7,8966.5,8067170,245991095,128881855262,2192840,1773565.633,15777715903,14,WALWrite
1785011238021,618.4,51506.2,1853.5,8967.1,8070205,246042635,128907206341,2193428,1774045.9189999998,15777715903,17,ClientRead
1785011239021,586.7,51539.9,1907.0,8966.1,8073379,246107383,128944268865,2194143,1774572.4,15777715903,23,WALWrite
1785011240020,613.7,51415.0,1886.8,8967.8,8076551,246162345,128976234227,2194811,1775084.3530000001,15777715903,13,ClientRead
1785011241023,623.0,51488.6,1857.9,8967.1,8079779,246246453,129046942896,2195480,1775583.977,15777715903,23,ClientRead
1785011242021,610.2,51361.5,1857.1,8967.0,8082924,246328602,129109042020,2196115,1776109.465,15777715903,18,ClientRead
1785011243022,579.8,51419.6,1831.2,8965.4,8086244,246407401,129160941490,2196808,1776707.074,15777715903,6,WALWrite
1785011244021,545.8,51457.4,1853.1,8965.2,8089099,246455041,129184198252,2197510,1777234.706,15777715903,16,WALWrite
1785011245021,674.3,51408.8,1873.9,8965.7,8091999,246521908,129238336408,2198125,1777763.157,15777724095,3,WalSync
1785011246022,677.8,51405.4,1841.7,8966.9,8094941,246595833,129297503707,2198712,1778226.771,15777732287,11,WALWrite
1785011247021,611.8,51478.1,1886.5,8965.8,8098084,246671310,129354324339,2199341,1778760.439,15777732287,15,ClientRead
1785011248023,620.7,51518.4,1848.9,8966.4,8101282,246739033,129394884603,2199940,1779284.956,15777732287,16,ClientRead
1785011249022,608.6,51365.9,1863.2,8967.3,8104589,246791207,129420059706,2200651,1779797.738,15777732287,12,ClientRead
1785011250021,605.2,51434.8,1879.5,8967.2,8107853,246854001,129461920424,2201290,1780329.406,15777732287,12,WALWrite
1785011251021,639.6,51517.9,1866.0,8967.1,8111182,246934710,129529362622,2201839,1780832.9719999998,15777732287,17,ClientRead
1785011252025,618.5,51394.8,1858.9,8967.6,8114343,247008812,129587776502,2202423,1781338.544,15777732287,2,WalSync
1785011253025,633.5,51433.2,1860.9,8967.3,8117802,247083067,129633972261,2203072,1781825.2719999999,15777732287,16,WALWrite
1785011254024,621.6,51460.5,1860.4,8966.3,8121198,247138431,129660520581,2203807,1782426.416,15777732287,7,ClientRead
1785011255024,667.7,51399.8,1846.1,8967.5,8124422,247196634,129697581007,2204437,1782908.8460000001,15777732287,24,WALWrite
1785011256020,694.6,51456.7,1852.6,8965.9,8127565,247269434,129759687095,2204984,1783410.865,15777748671,18,WALWrite
1785011257023,672.8,51498.3,1861.7,8966.9,8130727,247572625,129839550287,2205527,1783902.6759999997,15777748671,58,WALWrite
1785011258021,641.5,51339.8,1791.4,8967.6,8133911,247640674,129887308790,2206142,1784423.048,15777748671,6,WALWrite
1785011259022,607.4,51382.6,1894.2,8965.1,8136783,247696985,129915902253,2206840,1784945.559,15777748671,12,WALWrite
1785011260021,594.8,51446.6,1834.8,8966.2,8139933,247766235,129962731521,2207534,1785485.1549999998,15777748671,7,ClientRead
1785011261022,571.2,51336.5,1848.0,8967.6,8142918,247848251,130025092712,2208148,1785952.113,15777748671,14,WALWrite
1785011262023,549.9,51407.3,1888.0,8966.0,8145907,247921364,130080690087,2208810,1786479.25,15777748671,14,WALWrite
1785011263021,609.6,51441.7,1924.9,8965.2,8149022,247982060,130112094194,2209465,1786995.363,15777748671,13,ClientRead
1785011264022,593.6,51484.7,1865.4,8967.0,8152134,248034383,130136870712,2210143,1787484.782,15777748671,10,ClientRead
1785011265023,668.9,51417.3,1840.0,8968.3,8155359,248104834,130193169106,2210862,1788036.9619999998,15777748671,17,ClientRead
1785011266021,673.9,51434.8,1837.0,8968.6,8158366,248186012,130259557600,2211446,1788516.5820000002,15777748671,14,WALWrite
1785011267022,583.1,51386.7,1936.9,8966.0,8161446,248259135,130317761313,2212096,1789053.2300000002,15777748671,12,WALWrite
1785011268023,512.3,51360.7,1826.6,8970.1,8164467,248319112,130350745140,2212831,1789586.9770000002,15777748671,6,WALWrite
1785011269022,542.8,51413.0,1782.0,8967.5,8167344,248367501,130376077748,2213663,1790125.047,15777748671,11,ClientRead
1785011270022,535.2,51482.2,1811.0,8965.6,8170364,248431561,130429585895,2214498,1790683.7000000002,15777748671,13,ClientRead
1785011271020,551.0,51371.7,1674.3,8963.9,8173232,248519047,130506752644,2215211,1791210.732,15779698367,10,ClientRead
1785011272022,580.1,51434.4,1694.3,8964.6,8176274,248599886,130567085772,2215962,1791750.0080000001,15783179967,8,WALWrite
1785011273020,520.6,51484.9,1758.5,8963.6,8179264,248653784,130592687045,2216712,1792288.914,15785989823,6,ClientRead
1785011274023,550.1,51523.8,1725.9,8966.5,8182489,248709586,130619279519,2217479,1792830.017,15789692607,20,ClientRead
1785011275022,691.2,51473.5,1724.8,8964.9,8185483,248761084,130646102302,2218117,1793360.224,15792199359,22,WALWrite
1785011276020,646.0,51334.9,1683.8,8964.5,8188392,248838621,130718050342,2218756,1793882.637,15794181823,14,ClientRead
1785011277020,639.5,51417.5,1670.8,8963.4,8191306,249212539,130806399983,2219402,1794400.128,15796500159,14,ClientRead
1785011278020,559.8,51433.0,1760.6,8965.9,8194265,249284398,130853912224,2220166,1794929.0070000002,15799670463,22,ClientRead
1785011279021,552.8,51493.9,1787.3,8966.3,8197555,249339706,130879238920,2220942,1795452.5880000002,15803520703,15,WALWrite
1785011280022,575.5,51563.0,1724.8,8965.6,8200609,249396383,130913504240,2221589,1795957.048,15807108799,21,ClientRead
1785011281020,573.5,51448.8,1754.0,8964.1,8203837,249486341,130987834955,2222237,1796471.387,15810000575,12,ClientRead
1785011282024,604.8,51527.8,1721.4,8963.3,8207163,249570970,131051767316,2222910,1796977.501,15813834431,13,ClientRead
1785011283021,578.6,51370.7,1742.9,8965.1,8210524,249643568,131094708615,2223689,1797541.637,15817258687,7,ClientRead
1785011284021,582.8,51414.8,1680.2,8963.9,8213785,249698925,131120198538,2224455,1798096.926,15820732095,14,ClientRead
1785011285022,615.7,51381.8,1661.7,8964.4,8216905,249769985,131179608216,2225147,1798618.858,15823255231,6,ClientRead
1785011286021,622.1,51421.4,1718.5,8964.4,8219691,249857133,131251494810,2225811,1799147.038,15825344191,14,WALWrite
1785011287021,589.9,51457.2,1660.1,8965.6,8222676,250159172,131324069598,2226528,1799690.5210000002,15827719871,4,ClientRead
1785011288023,563.3,51499.2,1689.7,8967.3,8225591,250209220,131348919142,2227288,1800235.253,15830120127,9,WALWrite
1785011289020,535.1,51344.1,1633.0,8965.7,8228375,250261329,131373802403,2228104,1800749.1380000003,15832594111,5,ClientRead
1785011290020,587.2,51429.3,1710.4,8965.6,8231280,250333108,131430656736,2228847,1801292.637,15836296895,11,ClientRead
1785011291021,537.3,51324.3,1725.8,8965.9,8234322,250420777,131506492940,2229523,1801843.634,15839254207,22,ClientRead
1785011292021,544.8,51398.0,1672.5,8967.4,8237424,250502602,131566700994,2230253,1802379.224,15843260095,18,ClientRead
1785011293021,549.1,51445.0,1730.9,8965.0,8240420,250561658,131595698247,2231018,1802893.439,15847667391,10,WALWrite
1785011294020,547.9,51488.6,1703.4,8965.4,8243276,250611762,131618636661,2231755,1803413.6040000003,15851214527,9,WALWrite
1785011295020,671.2,51400.2,1666.3,8962.6,8246210,250680866,131670226423,2232463,1803942.8140000002,15853762239,7,ClientRead
1785011296021,678.2,51298.7,1719.2,8967.1,8249249,250854800,131758696672,2233097,1804485.877,15854212799,9,WALWrite
1785011297021,560.4,51341.1,1696.9,8964.9,8252039,250931467,131819648376,2233728,1804975.6199999999,15854212799,4,ClientRead
1785011298020,549.3,51357.1,1725.1,8965.7,8254887,250987267,131848501638,2234427,1805487.0389999999,15854212799,17,ClientRead
1785011299022,539.0,51387.5,1734.3,8962.4,8258091,251045147,131875828152,2235267,1806045.2179999999,15854212799,5,ClientRead
1785011300020,587.5,51462.7,1668.5,8966.3,8261089,251101349,131906248281,2235961,1806542.795,15854212799,6,ClientRead
1785011301020,575.5,51352.7,1662.2,8964.7,8264240,251193357,131989032071,2236688,1807089.0679999997,15855859391,16,WALWrite
1785011302021,546.9,51416.7,1645.4,8964.9,8267236,251276032,132054992577,2237426,1807599.548,15856506559,9,WALWrite
1785011303022,489.5,51470.2,1697.3,8965.2,8270031,251338735,132088944437,2238235,1808121.669,15856670399,3,ClientRead
1785011304022,526.8,51501.8,1719.8,8963.3,8273150,251394858,132115680844,2239111,1808720.342,15856703167,18,WALWrite
1785011305022,662.1,51468.0,1656.6,8964.9,8275854,251458552,132164351069,2239751,1809229.4520000003,15857161919,8,WALWrite
1785011306022,598.1,51266.1,1731.3,8963.8,8278567,251544461,132233208105,2240332,1809748.616,15857899199,24,ClientRead
1785011307025,586.0,51336.8,1690.7,8966.1,8281644,251626678,132294086909,2240962,1810242.537,15858489023,3,ClientRead
1785011308021,555.5,51380.6,1701.3,8965.3,8284741,251690941,132327665233,2241696,1810809.226,15858980543,7,ClientRead
1785011309020,506.4,51429.9,1697.3,8963.4,8287756,251747289,132354321966,2242494,1811356.03,15859300031,15,ClientRead
1785011310023,571.5,51500.7,1695.2,8965.3,8290913,251825644,132409193981,2243241,1811855.1779999998,15859676863,13,WALWrite
1785011311021,574.0,51383.1,1732.7,8963.9,8293897,251913348,132472922832,2243917,1812373.9079999998,15859881663,21,ClientRead
1785011312021,560.1,51454.5,1740.1,8964.1,8296996,251998746,132534386166,2244604,1812867.192,15860037311,13,ClientRead
1785011313021,562.8,51495.0,1652.8,8969.1,8299910,252053755,132561091629,2245332,1813361.7029999997,15860266687,6,ClientRead
1785011314021,551.0,51321.1,1750.8,8964.8,8303002,252108681,132587174349,2246199,1813956.832,15860487871,7,WALWrite
1785011315021,643.1,51462.9,1645.3,8966.1,8305946,252172355,132633068273,2246895,1814442.5459999999,15860553407,14,ClientRead
1785011316022,656.0,51514.6,1704.8,8969.0,8308683,252255697,132702145960,2247488,1814950.742,15860553407,22,WALWrite
1785011317020,643.5,51348.5,1735.6,8964.7,8311628,252559281,132775821546,2248085,1815456.807,15860553407,15,ClientRead
1785011318020,571.0,51383.8,1642.1,8964.5,8314580,252628091,132816271103,2248750,1815980.098,15860553407,10,WALWrite
1785011319021,582.7,51426.4,1697.0,8966.7,8317790,252685447,132843394523,2249568,1816523.33,15860553407,23,WALWrite
1785011320024,597.8,51506.3,1650.3,8965.9,8320806,252743426,132876741357,2250281,1817010.6840000001,15860553407,15,WALWrite
1785011321022,579.6,51396.8,1681.3,8963.5,8323867,252835239,132955667342,2250973,1817536.6050000002,15860553407,28,ClientRead
1785011322020,550.2,51469.0,1676.1,8964.3,8327079,252923268,133022033860,2251666,1818043.503,15860553407,12,WALWrite
1785011323020,591.4,51507.4,1692.8,8964.5,8330286,252989699,133058558482,2252403,1818564.449,15860553407,22,ClientRead
1785011324020,546.2,51351.5,1639.6,8966.7,8333364,253042458,133082788433,2253175,1819094.3420000002,15860553407,17,ClientRead
1785011325022,661.3,51500.4,1632.7,8967.4,8336466,253108299,133129818527,2253926,1819627.5340000002,15860553407,13,WALWrite
1785011326022,679.7,51303.6,1697.3,8964.2,8339495,253195130,133200060524,2254520,1820158.521,15860553407,12,WALWrite
1785011327023,594.1,51381.2,1735.0,8964.6,8342664,253280240,133263347746,2255130,1820644.107,15860553407,20,WALWrite
1785011328022,586.7,51432.0,1690.8,8966.1,8345888,253344790,133297690391,2255861,1821178.442,15860553407,21,ClientRead
1785011329020,595.0,51453.3,1694.4,8964.3,8349065,253400979,133323999517,2256579,1821671.795,15860553407,7,WALWrite
1785011330022,576.6,51519.6,1635.5,8964.1,8352319,253489167,133397825577,2257318,1822218.477,15860553407,11,WALWrite
1785011331024,622.5,51399.3,1716.5,8965.5,8355394,253573079,133462250929,2257976,1822708.1749999998,15860553407,12,ClientRead
1785011332021,613.8,51471.5,1793.9,8965.9,8358534,253647204,133511400986,2258607,1823197.529,15860553407,7,ClientRead
1785011333023,576.0,51499.7,1763.4,8968.7,8361726,253703340,133538568559,2259291,1823723.006,15860553407,10,WALWrite
1785011334020,605.0,51346.5,1857.4,8965.2,8364952,253756185,133563618688,2259982,1824235.9540000001,15860553407,7,WALWrite
1785011335022,721.5,51492.7,1769.6,8964.3,8368178,253834728,133631550443,2260615,1824752.7149999999,15860553407,16,ClientRead
1785011336021,701.4,51336.2,1820.6,8964.8,8371070,253881416,133654744955,2261165,1825238.192,15860553407,10,ClientRead
1785011337022,702.4,51375.4,1792.6,8964.8,8374124,254204746,133729024182,2261720,1825705.376,15860553407,11,ClientRead
1785011338021,629.4,51442.8,1805.0,8966.6,8377495,254281749,133785379747,2262437,1826285.125,15860553407,18,ClientRead
1785011339022,607.3,51479.5,1830.3,8966.5,8380775,254351031,133824234492,2263093,1826766.768,15860553407,26,WALWrite
1785011340020,574.8,51360.6,1803.0,8968.7,8383892,254401351,133848357526,2263722,1827294.1449999998,15860553407,3,
1785011341021,596.2,51434.8,1779.0,8966.6,8386919,254486288,133922847112,2264314,1827780.09,15860553407,15,WALWrite
1785011342021,594.4,51507.5,1833.4,8967.2,8389908,254568204,133984824715,2264935,1828313.447,15860553407,14,ClientRead
1785011343022,624.5,51352.5,1775.5,8966.7,8393149,254641615,134035176481,2265593,1828807.726,15860553407,10,WALWrite
1785011344021,581.2,51395.3,1826.2,8964.8,8396266,254691939,134059875718,2266321,1829383.105,15860553407,6,BufferContent
1785011345025,669.3,51465.6,1762.6,8965.7,8399360,254755787,134109279826,2266982,1829923.903,15860553407,29,ClientRead
1785011346025,633.5,51319.1,1789.6,8967.5,8402175,255030687,134185395186,2267551,1830415.504,15860553407,8,ClientRead
1785011347021,586.2,51384.6,1830.5,8966.2,8405197,255104302,134243109930,2268226,1830924.919,15860553407,16,WALWrite
1785011348024,621.5,51438.0,1811.2,8967.0,8408345,255172499,134287775544,2268911,1831464.303,15860553407,6,ClientRead
1785011349021,613.4,51480.9,1797.2,8965.7,8411329,255222584,134312973319,2269626,1831982.173,15860553407,13,ClientRead
1785011350024,588.5,51356.1,1801.2,8966.4,8414361,255288982,134365104192,2270309,1832525.007,15861569215,22,WALWrite
1785011351021,584.4,51439.2,1805.7,8964.6,8417276,255373198,134433212083,2270931,1833020.347,15863150271,29,WALWrite
1785011352020,562.5,51515.8,1828.4,8966.0,8420183,255443305,134491092775,2271586,1833529.109,15864272575,28,WALWrite
1785011353023,618.8,51362.9,1888.6,8967.8,8423196,255506229,134526298826,2272233,1834044.915,15865837247,6,ClientRead
1785011354020,652.2,51408.5,1838.4,8965.6,8426386,255559753,134551850257,2272872,1834569.854,15868155583,13,WALWrite
1785011355024,717.8,51338.5,1805.0,8965.0,8429631,255624039,134598148008,2273476,1835071.067,15869187775,20,WALWrite
1785011356021,704.1,51360.9,1843.5,8967.7,8432609,255711997,134664605650,2274071,1835591.207,15870326463,11,ClientRead
1785011357023,618.4,51437.1,1896.2,8966.5,8435715,255788555,134722640949,2274639,1836059.3769999999,15872259775,18,ClientRead
1785011358022,623.3,51491.0,1883.7,8966.8,8439041,255857722,134764713133,2275255,1836557.0299999998,15873644223,19,ClientRead
1785011359023,620.4,51543.4,1841.3,8967.5,8442274,255913529,134792111068,2275953,1837128.0489999999,15875315391,18,WALWrite
1785011360022,640.4,51406.9,1839.7,8967.0,8445598,255965936,134818593977,2276629,1837667.4629999998,15876691647,13,ClientRead
1785011361021,653.4,51462.7,1848.4,8965.9,8448847,256045603,134886172571,2277230,1838191.0659999999,15878354623,9,WALWrite
1785011362021,635.6,51430.5,1885.7,8964.4,8452160,256125147,134946447304,2277790,1838684.727,15880468159,0,
1785011363022,591.2,51392.8,1841.2,8967.2,8455478,256199333,134998846768,2278425,1839193.3539999998,15881705151,7,ClientRead
1785011364022,586.0,51428.4,1781.4,8963.7,8458517,256256011,135030076119,2279099,1839720.082,15882925759,12,ClientRead
1785011365021,663.7,51363.1,1860.8,8967.8,8461473,256322963,135088333622,2279748,1840272.7739999997,15883966143,25,ClientRead
1785011366022,687.5,51408.8,1745.2,8968.0,8464491,256561117,135161200341,2280318,1840798.3469999998,15884580543,0,
1785011367023,615.3,51447.8,1787.4,8966.2,8467373,256629336,135216465801,2280938,1841367.471,15885629119,15,ClientRead
1785011368023,556.8,51505.7,1881.0,8966.4,8470439,256691409,135253030835,2281631,1841895.625,15886948031,6,WALWrite
1785011369021,581.2,51549.6,1817.0,8965.0,8473339,256740041,135277613096,2282297,1842397.643,15888570047,27,ClientRead
1785011370022,608.9,51422.5,1784.3,8964.9,8476427,256797903,135318933490,2283008,1842940.431,15889831615,3,ClientRead
1785011371022,588.8,51506.9,1820.0,8967.3,8479408,256881450,135390736709,2283634,1843434.4139999999,15890568895,17,WALWrite
1785011372021,610.2,51361.2,1763.0,8968.3,8482380,256953703,135448603902,2284314,1843938.6739999999,15891535551,14,WALWrite
1785011373021,549.7,51417.6,1867.4,8966.8,8485359,257019910,135490296075,2284972,1844463.889,15892461247,16,WALWrite
1785011374025,560.2,51452.3,1833.6,8965.6,8488258,257068944,135516295084,2285667,1844996.796,15893558975,12,WALWrite
1785011375020,636.9,51519.1,1826.9,8967.3,8491329,257116122,135539813792,2286390,1845534.255,15894443711,18,ClientRead
1785011376022,600.9,51381.9,1799.1,8966.7,8494288,257197619,135615167473,2286985,1846027.7389999998,15895336639,20,ClientRead
1785011377022,610.7,51440.8,1839.1,8965.8,8497499,257279336,135680079528,2287596,1846520.2269999997,15896499903,11,BufferContent
1785011378020,597.8,51470.7,1806.5,8966.9,8500574,257351657,135728388015,2288344,1847032.7429999998,15897294527,6,ClientRead
1785011379023,561.7,51500.9,1862.5,8966.9,8503599,257401783,135753347447,2289063,1847587.0269999998,15898515135,9,WALWrite
1785011380023,589.2,51557.3,1830.0,8966.2,8506412,257450144,135777999226,2289719,1848127.7809999997,15899719359,8,WALWrite
1785011381023,587.8,51423.9,1834.6,8965.3,8509476,257533009,135851837370,2290375,1848673.927,15900718783,12,WALWrite
1785011382021,627.0,51480.9,1768.6,8966.2,8512645,257612314,135916745321,2291023,1849174.9289999998,15901931199,6,ClientRead
1785011383020,576.4,51512.6,1809.5,8966.7,8515623,257685593,135965690411,2291694,1849669.829,15902963391,12,ClientRead
1785011384022,575.5,51342.3,1790.0,8966.1,8518552,257734880,135990894701,2292429,1850254.855,15903921855,5,ClientRead
1785011385023,629.7,51477.6,1836.0,8968.7,8521456,257784797,136019091901,2293110,1850753.542,15905093311,14,ClientRead
1785011386021,623.6,51448.0,1746.3,8967.9,8524337,257854753,136085310664,2293755,1851283.207,15905707711,4,ProcArray
1785011387025,588.0,51505.4,1837.4,8966.2,8527027,257931493,136151557634,2294392,1851800.1549999998,15906444991,24,ClientRead
1785011388025,562.4,51338.1,1773.9,8967.0,8530046,258005716,136202686923,2295151,1852377.765,15907296959,4,ClientRead
1785011389021,560.0,51364.6,1806.4,8967.7,8532748,258049336,136224710731,2295863,1852910.1249999998,15908099775,20,ClientRead
1785011390021,577.0,51425.7,1836.0,8968.4,8535745,258101820,136252597494,2296556,1853447.788,15909222079,14,ClientRead
1785011391022,590.0,51500.5,1887.1,8967.6,8538702,258179521,136324681482,2297157,1853932.1649999998,15909975743,9,WALWrite
1785011392021,597.8,51335.9,1820.4,8969.5,8541663,258257924,136393449600,2297801,1854431.68,15910647487,8,WALWrite
1785011393020,558.4,51364.5,1810.3,8966.3,8544691,258328105,136441261493,2298571,1855002.024,15911859903,8,ClientRead
1785011394022,585.7,51394.5,1809.0,8966.1,8547777,258381009,136467841252,2299282,1855529.042,15912744639,14,ClientRead
1785011395022,702.0,51273.7,1712.2,8965.0,8550783,258437025,136508355689,2299964,1856065.882,15913563839,21,WALWrite
1785011396022,655.3,51434.6,1817.8,8967.1,8553574,258512218,136576205292,2300535,1856609.3,15913596607,22,ClientRead
1785011397023,672.0,51441.2,1775.3,8966.8,8556421,258583525,136634006349,2301100,1857073.892,15913596607,10,WALWrite
1785011398026,636.9,51500.7,1800.7,8966.0,8559277,259232672,136726795264,2301722,1857632.929,15913596607,12,ClientRead
1785011399022,629.8,51485.9,1817.9,8969.9,8562099,259279016,136750729683,2302381,1858155.6099999999,15913596607,31,WALWrite
1785011400022,651.0,51353.3,1847.6,8967.4,8565389,259345617,136798464074,2303069,1858701.46,15913596607,12,WALWrite
1785011401022,592.3,51422.1,1800.6,8966.2,8568472,259424660,136865053567,2303646,1859193.975,15913596607,21,WALWrite
1785011402021,628.7,51470.0,1865.7,8965.8,8571636,259497539,136920653892,2304203,1859684.46,15913596607,24,WALWrite
1785011403023,628.2,51504.2,1814.2,8966.8,8575021,259569393,136964967411,2304842,1860182.419,15913596607,9,ClientRead
1785011404020,569.3,51536.3,1824.0,8967.3,8578321,259622596,136990549763,2305609,1860704.8429999999,15913596607,5,ClientRead
1785011405021,703.3,51390.7,1782.8,8967.6,8581419,259675240,137023932491,2306298,1861211.069,15913596607,6,WALWrite
1785011406022,618.9,51460.0,1847.8,8968.6,8584619,259754476,137089480032,2306907,1861692.45,15913596607,29,ClientRead
1785011407022,619.7,51523.1,1881.6,8964.4,8588051,259835691,137148711529,2307514,1862200.93,15913596607,69,WALWrite
1785011408025,694.8,51377.5,1817.1,8968.6,8591301,259902721,137197220968,2308048,1862616.916,15913596607,10,ClientRead
1785011409023,597.1,51405.7,1892.1,8965.6,8594532,259962655,137228584173,2308744,1863184.259,15913596607,9,WALWrite
1785011410022,620.8,51475.1,1827.5,8965.0,8597661,260021719,137265376567,2309416,1863716.968,15913596607,7,ClientRead
1785011411020,631.5,51517.8,1814.7,8969.3,8600618,260105583,137335494311,2310039,1864237.316,15913596607,13,ClientRead
1785011412021,578.2,51410.9,1776.9,8966.2,8603532,260180172,137394282293,2310631,1864724.79,15913596607,13,ClientRead
1785011413023,592.9,51458.0,1838.4,8967.5,8606534,260252500,137443288909,2311321,1865278.616,15913596607,11,ClientRead
1785011414020,587.0,51505.7,1863.2,8966.1,8609603,260302801,137468132207,2312025,1865812.173,15913596607,9,ClientRead
1785011415021,668.0,51418.3,1809.8,8966.4,8612529,260370607,137523426748,2312643,1866296.077,15913596607,16,WALWrite
1785011416020,666.9,51436.3,1841.3,8964.4,8615596,260451416,137585083407,2313243,1866808.717,15913604799,10,ClientRead
1785011417020,624.7,51514.0,1883.2,8969.4,8618748,260526761,137642513100,2313851,1867330.48,15913604799,7,ClientRead
1785011418021,635.4,51364.5,1811.1,8964.8,8621953,260596842,137681946713,2314424,1867819.329,15913604799,8,ClientRead
1785011419020,590.9,51408.2,1843.9,8966.9,8625021,260647421,137705797862,2315117,1868377.902,15913604799,19,WALWrite
1785011420025,627.2,51484.6,1829.9,8970.9,8628222,260702606,137732118017,2315767,1868919.3599999999,15913604799,7,WALWrite
1785011421022,604.8,51367.0,1870.5,8965.6,8631570,260781947,137798732898,2316399,1869429.7550000001,15913604799,8,ClientRead
1785011422022,622.9,51435.2,1874.4,8967.5,8634653,260865884,137863500247,2316960,1869917.393,15913604799,17,ClientRead
1785011423022,629.6,51487.6,1842.9,8966.1,8638068,260941787,137919439565,2317632,1870457.469,15913604799,23,ClientRead
1785011424020,607.2,51530.8,1837.5,8967.0,8641221,260998726,137947365280,2318311,1870945.183,15913604799,7,ClientRead
1785011425022,694.9,51470.5,1807.7,8967.6,8644367,261051588,137974953632,2318919,1871471.7210000001,15913604799,17,WALWrite
1785011426021,692.9,51519.7,1873.9,8967.4,8647327,261125371,138039807981,2319488,1871965.206,15913604799,21,ClientRead
1785011427021,657.2,51365.5,1873.7,8965.0,8650416,261405569,138108360794,2320063,1872499.9970000002,15913604799,15,ClientRead
1785011428021,651.6,51420.1,1868.7,8965.7,8653501,261472235,138169987452,2320625,1872960.0680000002,15913604799,3,ClientRead
1785011429023,596.3,51462.6,1812.7,8964.5,8656726,261534568,138200643067,2321322,1873527.299,15913604799,9,WALWrite
1785011430021,608.1,51536.1,1851.5,8966.9,8659700,261583842,138224827902,2321998,1873984.837,15913604799,12,ClientRead
1785011431022,642.5,51407.6,1840.4,8965.4,8662952,261662268,138291517224,2322621,1874516.9230000002,15913604799,18,ClientRead
1785011432022,589.6,51482.2,1848.0,8967.1,8666143,261740306,138356942230,2323246,1875018.368,15913604799,7,ClientRead
1785011433020,599.3,51523.2,1870.9,8968.3,8669283,261808445,138409166566,2323832,1875542.557,15913604799,18,WALWrite
1785011434022,619.1,51367.2,1884.8,8965.1,8672694,261870546,138438762848,2324463,1876080.8650000002,15913604799,6,ClientRead
1785011435021,695.5,51478.7,1856.5,8968.6,8676062,261938167,138490631559,2325083,1876612.4090000002,15913604799,8,ClientRead
1785011436024,702.6,51343.1,1808.3,8965.6,8678963,262019507,138553721509,2325574,1877071.868,15913604799,12,ClientRead
1785011437022,632.7,51396.9,1889.4,8966.6,8682245,262091100,138619542431,2326186,1877610.246,15913604799,52,WALWrite
1785011438021,660.3,51449.8,1846.4,8969.1,8685315,262140410,138643408601,2326708,1878058.115,15913604799,11,ClientRead
1785011439020,618.2,51483.1,1889.3,8969.7,8688370,262209357,138679600896,2327399,1878611.232,15913604799,21,ClientRead
1785011440022,624.5,51360.0,1900.2,8968.0,8691416,262263130,138707962864,2327995,1879109.067,15913604799,14,WALWrite
1785011441021,649.1,51436.7,1807.7,8969.4,8694439,262350273,138782288968,2328610,1879601.218,15913604799,4,ClientRead
1785011442023,592.4,51516.8,1844.9,8965.5,8697419,262427978,138853610676,2329218,1880127.493,15913604799,9,ClientRead
1785011443026,574.4,51366.1,1857.1,8970.8,8700395,262495293,138892108253,2329965,1880680.219,15913604799,23,WALWrite
1785011444021,564.8,51405.2,1862.8,8967.0,8703272,262545400,138917799845,2330699,1881258.476,15913604799,26,ClientRead
1785011445023,695.1,51536.2,1900.3,8969.1,8706101,262594971,138942582746,2331303,1881765.099,15913604799,10,WALWrite
1785011446022,695.4,51343.5,1898.6,8967.4,8709346,262668152,139005035683,2331847,1882263.317,15913604799,17,ClientRead
1785011447022,625.9,51424.0,1888.2,8969.4,8712386,262749193,139067303086,2332404,1882784.088,15913604799,6,ClientRead
1785011448024,594.8,51463.1,1842.9,8966.2,8715218,262810148,139121686713,2333015,1883238.95,15913604799,10,WALWrite
1785011449021,564.9,51507.7,1854.9,8964.7,8718262,262875367,139154487308,2333737,1883796.672,15913604799,8,ClientRead
1785011450021,573.9,51379.9,1845.8,8967.7,8721094,262927694,139187716397,2334420,1884340.966,15913604799,28,ClientRead
1785011451020,625.9,51454.9,1867.3,8967.3,8724017,263012298,139259018779,2335014,1884846.7140000002,15913604799,17,WALWrite
1785011452021,616.4,51540.1,1852.0,8971.3,8727012,263088184,139329702341,2335611,1885400.2,15913604799,30,ClientRead
1785011453021,615.7,51401.2,1883.4,8966.2,8729929,263158123,139383556762,2336219,1885894.745,15913604799,17,WALWrite
1785011454021,616.9,51445.7,1881.4,8965.2,8732995,263211344,139410220035,2336913,1886458.6030000001,15913604799,3,ClientRead
1785011455026,717.0,51525.1,1886.0,8967.7,8735837,263259842,139436327169,2337476,1886949.401,15913604799,13,ClientRead
1785011456022,689.3,51475.3,1877.8,8967.9,8738519,263332286,139500560560,2338018,1887473.1120000002,15913604799,11,ClientRead
1785011457021,702.9,51520.6,1842.5,8965.1,8741411,263765392,139595158037,2338586,1887983.6560000002,15913604799,19,ClientRead
1785011458021,630.9,51539.5,1896.9,8965.3,8744372,263828974,139646908470,2339234,1888557.8930000002,15913604799,17,ClientRead
1785011459023,602.9,51385.7,1912.9,8969.2,8747462,263888198,139675529248,2339935,1889096.4560000002,15913604799,3,WALWrite
1785011460022,615.3,51461.9,1893.6,8965.1,8750519,263950373,139721776217,2340588,1889587.897,15913604799,22,WALWrite
1785011461024,619.8,51527.4,1887.9,8966.7,8753758,264033678,139787172157,2341179,1890108.598,15913604799,16,WALWrite
1785011462022,644.5,51405.6,1899.4,8965.0,8757029,264106994,139852988712,2341782,1890647.9500000002,15913604799,10,WALWrite
1785011463021,632.8,51458.0,1900.6,8968.0,8760353,264173865,139888749203,2342388,1891164.891,15913604799,23,ClientRead
1785011464024,639.7,51488.4,1824.0,8968.7,8763587,264225301,139913233524,2343021,1891639.735,15913604799,19,WALWrite
1785011465021,693.9,51400.5,1848.7,8965.7,8766683,264290914,139965760246,2343656,1892202.6260000002,15913604799,25,ClientRead
1785011466021,664.2,51400.2,1890.3,8966.3,8769886,264372878,140029360597,2344222,1892661.776,15913604799,19,ClientRead
1785011467020,643.5,51464.2,1844.2,8967.1,8773120,264441888,140092954188,2344840,1893186.862,15913604799,15,ClientRead
1785011468021,637.5,51301.1,1839.3,8965.1,8776177,264492616,140118484052,2345410,1893654.571,15913604799,20,ClientRead
1785011469021,621.0,51336.3,1864.4,8967.9,8779425,264559766,140151383219,2346075,1894205.764,15913604799,11,WALWrite
1785011470021,619.6,51408.2,1860.2,8967.1,8782634,264624282,140196881067,2346748,1894749.716,15913604799,23,WALWrite
1785011471026,640.4,51479.9,1844.4,8967.9,8785926,264707355,140260153557,2347344,1895242.4130000002,15913604799,12,ClientRead
1785011472021,604.7,51361.9,1875.2,8966.9,8789070,264780823,140326346353,2347966,1895745.23,15913604799,20,ClientRead
1785011473021,605.6,51412.2,1846.7,8965.9,8792218,264848988,140362469643,2348613,1896231.8909999998,15913604799,31,WALWrite
1785011474022,571.6,51457.4,1803.4,8970.5,8795231,264896838,140385738824,2349325,1896758.953,15913604799,12,ClientRead
1785011475021,667.5,51451.1,1755.4,8967.7,8798117,264945550,140410601075,2349971,1897241.8020000001,15913735871,4,ClientRead
1785011476022,649.5,51401.2,1793.7,8968.4,8800980,265031439,140481691764,2350575,1897801.299,15913735871,13,ClientRead
1785011477023,617.4,51486.7,1862.9,8968.3,8803840,265106252,140545504975,2351131,1898286.2800000003,15913735871,20,ClientRead
1785011478022,576.1,51534.9,1848.9,8964.7,8807025,265175508,140598551097,2351781,1898800.686,15913735871,9,ClientRead
1785011479022,561.9,51367.9,1756.8,8966.5,8809912,265225909,140622400002,2352498,1899320.172,15913735871,11,ClientRead
1785011480021,590.9,51443.7,1815.8,8968.5,8813097,265303325,140689536920,2353234,1899844.404,15913735871,6,ClientRead
1785011481022,609.0,51524.2,1804.1,8966.3,8816251,265385910,140762840508,2353872,1900384.185,15913735871,23,ClientRead
1785011482023,587.3,51401.8,1805.7,8967.2,8819138,265433798,140786945420,2354472,1900848.2580000001,15913735871,8,ClientRead
1785011483020,553.2,51448.4,1841.9,8967.7,8822261,265504174,140837259680,2355269,1901413.402,15913735871,20,ClientRead
1785011484021,564.3,51492.2,1866.2,8968.6,8825342,265557828,140863365878,2355977,1901958.9130000002,15913735871,7,ClientRead
1785011485021,723.4,51422.5,1822.7,8968.5,8828373,265613958,140900003284,2356628,1902494.0809999998,15913735871,5,ClientRead
1785011486020,702.2,51480.4,1868.6,8968.8,8831205,265689876,140965625582,2357138,1902987.363,15913735871,32,WALWrite
1785011487021,584.0,51110.4,1660.6,8966.7,8833777,265961351,141036009775,2357688,1903466.9109999998,15618561727,20,WALWrite
1785011488024,615.7,51090.9,1886.5,8970.4,8836309,266024332,141086109509,2358328,1903971.135,15618561727,14,ClientRead
1785011489021,555.8,51120.0,1820.4,8967.8,8839264,266080099,141112699962,2359002,1904491.814,15618561727,10,ClientRead
1785011490021,582.4,51187.7,1809.5,8967.2,8842269,266130183,141138474744,2359679,1905015.544,15618561727,32,ClientRead
1785011491021,609.3,51265.7,1828.8,8965.7,8845432,266208392,141204435413,2360309,1905511.99,15618561727,6,ClientRead
1785011492021,612.0,51341.8,1790.9,8968.4,8848631,266289745,141275700667,2360951,1906034.456,15618561727,13,WALWrite
1785011493021,608.6,51386.5,1820.2,8967.2,8851747,266358882,141326407455,2361630,1906580.6160000002,15618561727,16,ClientRead
1785011494021,628.1,51423.9,1888.8,8966.3,8854992,266412202,141350862314,2362314,1907100.421,15618561727,16,WALWrite
1785011495021,707.3,51343.3,1841.9,8965.5,8858348,266475200,141397169613,2362910,1907586.151,15618561727,21,ClientRead
1785011496023,693.2,51355.2,1827.0,8967.9,8861524,266555416,141461179513,2363444,1908066.8560000001,15618561727,24,WALWrite
1785011497021,652.9,51439.8,1840.5,8967.4,8864921,266630630,141526649629,2364043,1908597.127,15618561727,7,ClientRead
1785011498024,673.1,51486.1,1810.3,8968.5,8868221,266698927,141564182414,2364655,1909056.0570000003,15618561727,10,ClientRead
1785011499022,606.0,51534.1,1814.5,8966.6,8871472,266754038,141590791618,2365328,1909567.2540000002,15618561727,13,WALWrite
1785011500022,588.8,51390.4,1823.1,8965.7,8874586,266808086,141616287610,2365982,1910104.502,15618561727,17,ClientRead
1785011501020,637.0,51445.5,1870.3,8965.5,8877843,266901250,141658802984,2366616,1910603.007,15618561727,15,WALWrite
1785011502023,656.7,51515.2,1853.8,8968.0,8881151,266974199,141719203709,2367192,1911109.3050000002,15618569919,20,ClientRead
1785011503021,621.5,51359.7,1850.6,8965.7,8884490,267045534,141764203491,2367850,1911631.2380000001,15618569919,9,ClientRead
1785011504021,632.5,51399.8,1809.1,8967.9,8887728,267099806,141790069541,2368503,1912136.9940000002,15628900031,5,WALWrite
1785011505024,712.5,51465.5,1837.6,8966.6,8890938,267153977,141813812743,2369142,1912620.6870000002,15642482367,24,ClientRead
1785011506021,693.1,51385.0,1859.4,8966.5,8894150,267239326,141841042035,2369695,1913158.4870000002,15656826559,12,WALWrite
1785011507022,674.1,51390.1,1838.7,8966.2,8897290,267483109,141906249175,2370265,1913667.6160000002,15670965951,20,ClientRead
1785011508021,651.6,51451.0,1871.5,8966.1,8900560,267550695,141949968828,2370856,1914179.049,15685359295,8,ClientRead
1785011509022,637.9,51487.3,1879.1,8965.9,8903756,267605585,141976274135,2371465,1914711.071,15699580607,8,ClientRead
1785011510020,666.4,51533.7,1800.9,8969.1,8907090,267656940,142000360127,2372159,1915228.883,15712663231,13,ClientRead
1785011511023,632.2,51390.5,1856.0,8966.4,8910392,267740832,142028135583,2372796,1915733.21,15727031999,23,WALWrite
1785011512021,606.7,51475.0,1861.3,8967.7,8913684,267818446,142077294192,2373398,1916227.354,15741130431,23,WALWrite
1785011513022,627.1,51520.1,1838.2,8965.8,8916891,267887875,142122388349,2374064,1916760.911,15755130559,2,ClientRead
1785011514021,600.9,51363.9,1840.2,8966.6,8920134,267941849,142147764122,2374757,1917278.584,15769679551,7,ClientRead
1785011515022,745.5,51425.8,1749.7,8965.3,8923318,267996703,142172905289,2375347,1917719.6800000002,15782254271,10,ClientRead
1785011516022,678.7,51299.8,1772.8,8970.4,8926243,268074897,142199893479,2375896,1918293.622,15796278975,7,WALWrite
1785011517021,692.8,51369.8,1845.3,8968.2,8929264,268379604,142262504770,2376521,1918839.669,15805273791,4,
1785011518020,625.6,51386.4,1852.5,8966.3,8932465,268445357,142307523369,2377108,1919305.8229999999,15805273791,13,ClientRead
1785011519021,617.0,51410.3,1848.4,8966.0,8935808,268504091,142335486681,2377835,1919804.226,15805273791,7,ClientRead
1785011520023,613.2,51439.1,1838.9,8968.3,8939319,268555894,142359242864,2378545,1920335.872,15805273791,12,ClientRead
1785011521021,645.5,51483.5,1801.6,8967.4,8942758,268647498,142386854095,2379225,1920853.925,15805273791,12,WALWrite
1785011522023,550.5,51340.1,1794.1,8968.9,8946042,268726623,142447241135,2379960,1921376.3260000001,15805273791,15,ClientRead
1785011523024,555.7,51364.9,1783.7,8967.5,8949030,268791554,142482098645,2380707,1921907.9560000002,15805273791,4,WALWrite
1785011524021,518.6,51391.9,1798.2,8966.2,8951953,268838513,142505297359,2381392,1922432.449,15805273791,14,ClientRead
1785011525020,630.6,51480.3,1766.5,8966.4,8954817,268886125,142529751159,2382091,1922943.01,15805273791,20,ClientRead
1785011526022,618.5,51247.2,1737.7,8965.9,8957849,268967788,142555715459,2382815,1923476.516,15805273791,28,ClientRead
1785011527024,589.5,51305.8,1847.4,8965.0,8961036,269047522,142611552969,2383535,1924043.581,15805273791,33,WALWrite
1785011528025,624.7,51334.8,1790.7,8965.7,8964003,269113516,142650587902,2384184,1924525.865,15805273791,8,ClientRead
1785011529021,545.2,51357.6,1793.2,8966.4,8966823,269161414,142675160617,2384957,1925075.531,15805273791,0,
1785011530021,525.9,51385.7,1882.1,8968.5,8969691,269210671,142700563446,2385729,1925625.747,15805273791,19,ClientRead
1785011531022,608.9,51436.2,1812.4,8967.4,8972820,269299445,142726604069,2386439,1926185.121,15805273791,10,ClientRead
1785011532022,621.9,51485.0,1835.4,8967.6,8975926,269378306,142784551709,2387048,1926647.603,15805273791,13,WALWrite
1785011533021,610.1,51516.3,1834.3,8966.8,8979175,269451581,142837431188,2387725,1927205.461,15805273791,4,ClientRead
1785011534024,577.7,51342.0,1803.5,8965.9,8982329,269505541,142863636265,2388492,1927750.587,15805273791,6,ClientRead
1785011535022,623.6,51431.1,1754.1,8966.1,8985110,269551406,142885753335,2389149,1928275.0399999998,15805273791,21,WALWrite
1785011536021,639.9,51405.9,1799.5,8966.9,8987964,269637131,142912895698,2389808,1928824.501,15805273791,13,ClientRead
1785011537022,592.8,51463.1,1857.7,8965.4,8990868,269712543,142971997354,2390417,1929345.066,15805273791,11,WALWrite
1785011538021,625.4,51485.5,1860.6,8968.5,8994078,269782400,143008178691,2391082,1929866.119,15805273791,17,WALWrite
1785011539021,600.3,51516.4,1781.2,8966.6,8997268,269837336,143033379045,2391744,1930390.5729999999,15805273791,9,ClientRead
1785011540021,607.1,51336.6,1833.7,8967.4,9000519,269908520,143058488254,2392470,1930939.3069999998,15805273791,12,WALWrite
1785011541021,599.2,51371.6,1764.0,8966.4,9003706,269999287,143090330547,2393124,1931440.5559999999,15805273791,16,ClientRead
1785011542022,557.1,51430.2,1795.4,8965.2,9006832,270068881,143151191459,2393787,1931993.728,15805273791,13,WALWrite
1785011543022,566.2,51460.6,1812.2,8966.5,9009911,270125338,143177958345,2394490,1932524.991,15805273791,9,WALWrite
1785011544021,586.4,51489.9,1761.2,8965.4,9012835,270175389,143203004834,2395234,1933059.1819999998,15805273791,8,WALWrite
1785011545020,612.4,51398.0,1787.8,8965.1,9015739,270224223,143227706510,2395954,1933591.6379999998,15805273791,14,WALWrite
1785011546023,675.6,51437.0,1741.7,8967.4,9018729,270312144,143256504111,2396629,1934135.922,15805273791,14,ClientRead
1785011547020,657.8,51501.0,1778.4,8966.1,9021451,270384097,143313406341,2397232,1934635.812,15805273791,22,WALWrite
1785011548020,616.8,51356.5,1771.1,8967.5,9024302,270448899,143349094769,2397905,1935181.4030000002,15805273791,17,WALWrite
1785011549023,616.9,51366.9,1782.9,8966.4,9027075,271061061,143411481949,2398552,1935675.897,15805273791,7,WALWrite
1785011550021,542.9,51409.7,1810.8,8965.8,9029855,271113061,143442139262,2399291,1936237.6580000003,15805273791,20,WALWrite
1785011551022,623.9,51469.1,1836.4,8965.9,9032883,271205969,143468475992,2399944,1936755.0420000001,15805273791,14,WALWrite
1785011552024,626.2,51344.0,1797.3,8967.5,9035996,271280291,143526077363,2400569,1937269.864,15805273791,12,ClientRead
1785011553027,581.6,51378.8,1813.8,8966.8,9039056,271348405,143562967392,2401251,1937797.744,15805273791,12,ClientRead
1785011554021,547.3,51422.0,1775.5,8964.9,9041953,271398624,143588104906,2401980,1938346.516,15805273791,2,ClientRead
1785011555022,610.9,51486.0,1820.5,8965.1,9044767,271472566,143612521081,2402676,1938926.371,15805273791,18,WALWrite
1785011556024,654.1,51407.9,1771.4,8966.1,9047325,271550327,143661055779,2403330,1939485.2739999997,15805273791,15,ClientRead
1785011557021,606.5,51402.6,1784.6,8965.4,9049947,271769396,143700719941,2403909,1939970.7959999999,15805273791,29,ClientRead
1785011558022,616.9,51446.2,1789.0,8968.2,9053111,271838839,143746716899,2404610,1940549.109,15805273791,7,ClientRead
1785011559021,560.0,51484.7,1748.9,8965.5,9055828,271885349,143770277782,2405359,1941084.3649999998,15805273791,17,ClientRead
1785011560021,536.2,51529.8,1803.6,8968.8,9058703,271947150,143796688616,2406101,1941682.201,15805273791,17,WALWrite
1785011561022,557.7,51388.3,1782.5,8968.2,9061514,272039523,143824222092,2406768,1942208.366,15805273791,12,WALWrite
1785011562021,579.4,51464.1,1809.2,8967.5,9064404,272108543,143889866089,2407415,1942798.728,15805273791,8,WALWrite
1785011563021,540.1,51495.4,1816.8,8966.5,9067274,272167914,143919720319,2408140,1943373.8869999999,15805273791,7,WALWrite
1785011564022,567.2,51339.1,1822.0,8967.6,9070010,272214310,143942226142,2408832,1943901.8539999998,15805273791,11,WALWrite
1785011565021,674.0,51440.6,1836.0,8967.9,9072822,272266857,143968836567,2409491,1944443.9479999999,15805273791,2,WalSync
1785011566021,641.0,51420.1,1887.8,8965.7,9075870,272343283,143995209887,2410113,1944967.579,15805265599,20,WALWrite
1785011567021,637.6,51490.7,1841.3,8969.1,9078788,272425530,144031934657,2410696,1945468.4189999998,15805265599,23,ClientRead
1785011568022,597.8,51528.5,1888.3,8968.1,9081674,272493363,144085263120,2411300,1945949.076,15805265599,19,WALInsert
1785011569022,557.2,51359.8,1776.1,8969.3,9084674,272550865,144111629640,2412014,1946499.234,15805265599,29,ClientRead
1785011570020,586.6,51389.4,1805.1,8967.0,9087629,272627194,144139501399,2412750,1947074.5629999998,15805265599,8,ClientRead
1785011571022,575.1,51434.7,1812.7,8967.8,9090601,272705987,144179848112,2413462,1947623.3919999998,15805265599,4,ClientRead
1785011572023,551.6,51489.7,1801.2,8968.1,9093481,272779960,144232708528,2414132,1948131.848,15805265599,6,ClientRead
1785011573021,548.1,51315.5,1815.7,8973.5,9096239,272829849,144258743824,2414841,1948655.128,15805265599,8,ClientRead
1785011574021,527.1,51347.1,1786.2,8969.0,9099106,272877495,144282809285,2415595,1949176.613,15805265599,2,ClientRead
1785011575022,654.5,51448.9,1799.5,8966.1,9101884,272926605,144308751091,2416335,1949745.686,15805265599,9,ClientRead
1785011576021,671.1,51477.3,1788.4,8969.4,9104797,273010728,144335607086,2416984,1950274.882,15805265599,20,WALWrite
1785011577022,647.1,51510.9,1815.9,8966.7,9107629,273314110,144396599237,2417609,1950802.956,15805265599,8,WALWrite
1785011578021,514.7,51353.1,1856.2,8966.4,9110602,273387879,144444905099,2418323,1951362.57,15805265599,9,ClientRead
1785011579021,550.4,51383.4,1819.1,8965.9,9113518,273435820,144468165126,2419067,1951883.8930000002,15805265599,9,WALWrite
1785011580023,580.2,51419.6,1868.2,8965.4,9116633,273489724,144494620380,2419804,1952394.5910000002,15805265599,12,WALWrite
1785011581021,609.3,51464.5,1893.5,8965.0,9120077,273583057,144521674780,2420487,1952932.8490000002,15805265599,26,WALWrite
1785011582020,641.0,51323.6,1814.4,8966.2,9123407,273667443,144570518104,2421090,1953390.2410000002,15805265599,26,WALWrite
1785011583025,634.7,51364.0,1892.3,8966.6,9127045,273743279,144616373149,2421790,1953931.6570000001,15805265599,12,WALWrite
1785011584025,589.6,51399.4,1913.7,8965.8,9130416,273796375,144640909115,2422455,1954396.2410000002,15805265599,8,WALWrite
1785011585024,668.7,51454.4,1791.1,8967.5,9133685,273848824,144666159879,2423130,1954926.1460000002,15805265599,15,WALWrite
1785011586022,629.0,51249.2,1791.6,8967.6,9136473,273937424,144693299117,2423786,1955424.7220000003,15805265599,13,WALWrite
1785011587021,562.5,51309.0,1808.9,8965.3,9139416,274017425,144736571810,2424454,1955958.4960000003,15805265599,37,WALWrite
1785011588020,641.1,51341.0,1805.9,8966.3,9142560,274085840,144781495184,2425149,1956515.1920000003,15805265599,20,ClientRead
1785011589022,582.9,51367.8,1926.6,8967.2,9145699,274139639,144808683480,2425902,1957031.9490000003,15805265599,15,WALWrite
1785011590021,591.1,51399.5,1850.5,8965.4,9148904,274192936,144833742825,2426598,1957541.58,15805265599,18,ClientRead
1785011591021,587.7,51435.4,1925.4,8967.0,9152165,274283725,144860456822,2427286,1958039.229,15805265599,18,ClientRead
1785011592024,609.3,51491.1,1876.9,8965.6,9155513,274366979,144904673569,2427907,1958569.544,15805265599,13,ClientRead
1785011593021,623.2,51529.4,1896.9,8966.8,9158667,274441033,144955666357,2428572,1959109.1940000001,15805265599,8,ClientRead
1785011594024,571.2,51355.8,1794.6,8969.2,9161857,274493537,144981293583,2429272,1959637.905,15805265599,12,ClientRead
1785011595023,674.3,51447.1,1842.2,8965.9,9164903,274545532,145007553629,2429957,1960171.69,15805265599,7,ClientRead
1785011596021,632.2,51436.3,1843.6,8969.1,9167961,274629176,145034081932,2430647,1960708.4710000001,15805265599,12,ClientRead
1785011597021,593.7,51500.7,1878.4,8967.3,9170941,274712219,145073129737,2431266,1961208.493,15805265599,7,ClientRead
1785011598020,596.6,51348.9,1861.9,8967.4,9174140,274787474,145125683450,2431942,1961737.367,15805265599,8,WALWrite
1785011599021,591.5,51377.5,1863.1,8967.1,9177350,274842219,145152798563,2432652,1962288.253,15805265599,12,ClientRead
1785011600021,632.7,51414.1,1811.3,8965.1,9180434,274893856,145177259102,2433357,1962798.6140000003,15805265599,13,ClientRead
1785011601020,570.2,51460.5,1815.1,8965.4,9183718,274985130,145204365215,2434077,1963312.3340000003,15805265599,18,WALWrite
1785011602022,538.6,51526.8,1764.6,8965.2,9186802,275068071,145248820114,2434808,1963861.1490000002,15805265599,12,WALWrite
1785011603020,544.1,51368.6,1844.6,8967.9,9189664,275133039,145295952336,2435508,1964370.8040000002,15805265599,10,ClientRead
1785011604021,570.4,51404.3,1893.5,8966.4,9192709,275184278,145321803925,2436288,1964939.424,15805265599,8,ClientRead
1785011605021,701.6,51500.4,1815.3,8966.9,9195871,275235863,145347330948,2436932,1965450.7870000002,15805265599,18,WALWrite
1785011606024,733.7,51322.2,1816.0,8965.9,9199002,275319940,145374778581,2437531,1965948.5510000002,15805265599,16,ClientRead
1785011607022,654.1,51356.2,1867.5,8965.6,9202188,275622447,145423378311,2438128,1966465.5790000001,15805265599,13,WALWrite
1785011608023,626.1,51394.8,1865.5,8966.5,9205177,275693280,145475445976,2438694,1966945.367,15805265599,14,ClientRead
1785011609022,600.3,51423.7,1834.8,8969.0,9208353,275750826,145505928990,2439352,1967464.24,15805265599,24,ClientRead
1785011610021,638.4,51456.2,1851.2,8966.6,9211720,275806129,145532538232,2440046,1968025.436,15805265599,9,ClientRead
1785011611022,669.4,51485.2,1815.0,8968.4,9215054,275901906,145559759323,2440631,1968496.7780000002,15805265599,18,ClientRead
1785011612022,643.1,51533.3,1834.3,8966.3,9218436,275987289,145604854520,2441257,1969005.9700000002,15805265599,11,ClientRead
1785011613021,590.0,51385.5,1815.9,8967.2,9221635,276057054,145659747485,2441932,1969533.424,15805265599,13,ClientRead
1785011614021,601.9,51408.7,1823.3,8965.0,9224773,276108706,145684901498,2442613,1970032.0510000002,15805265599,32,ClientRead
1785011615021,697.0,51463.2,1847.7,8966.9,9228113,276191081,145711306924,2443296,1970593.607,15805257407,23,ClientRead
1785011616025,655.4,51474.2,1831.5,8965.9,9231255,276282268,145739175360,2443944,1971097.709,15805257407,12,WALWrite
1785011617021,605.3,51536.8,1797.7,8966.2,9234432,276353786,145797252466,2444625,1971615.9810000001,15805257407,46,WALWrite
1785011618024,647.2,51393.0,1832.2,8967.0,9237559,276412302,145831284862,2445209,1972096.368,15805257407,9,WALWrite
1785011619022,604.4,51428.9,1894.3,8968.4,9240704,276464044,145856047049,2445899,1972655.959,15805257407,23,ClientRead
1785011620022,639.3,51473.0,1865.6,8967.9,9243896,276518968,145881938655,2446532,1973166.922,15805257407,31,ClientRead
1785011621021,645.7,51518.8,1834.5,8966.1,9247109,276603874,145907688260,2447135,1973643.986,15805257407,16,WALWrite
1785011622021,645.4,51388.4,1891.6,8970.1,9250305,276692018,145943876003,2447761,1974129.244,15805257407,16,WALWrite
1785011623022,619.7,51434.5,1773.9,8965.1,9253456,276763511,145998266858,2448390,1974658.822,15805257407,18,ClientRead
1785011624021,546.4,51477.6,1844.5,8966.1,9256543,276815244,146024064707,2449206,1975233.275,15805257407,15,WALWrite
1785011625021,667.7,51378.0,1814.8,8968.4,9259677,276868261,146051192490,2449891,1975793.413,15811319487,21,ClientRead
1785011626022,717.9,51422.0,1847.6,8967.3,9262866,276947835,146078528835,2450495,1976300.2359999998,15819454143,10,WALWrite
1785011627021,682.0,51310.0,1856.8,8966.0,9265902,277308046,146131013586,2451102,1976795.3269999998,15826532031,6,WALWrite
1785011628021,659.5,51331.2,1806.6,8969.7,9268793,277374172,146185556968,2451660,1977255.298,15826532031,10,ClientRead
1785011629021,614.8,51362.2,1849.1,8966.1,9271904,277431659,146220232410,2452366,1977807.542,15826532031,6,ClientRead
1785011630022,603.2,51397.1,1863.4,8970.3,9275165,277510860,146247619314,2453070,1978318.301,15826532031,25,ClientRead
1785011631020,621.4,51443.6,1875.8,8968.1,9278478,277607328,146278418998,2453764,1978845.399,15826532031,7,ClientRead
1785011632021,587.4,51513.2,1837.1,8967.9,9281593,277672876,146331689990,2454399,1979320.6689999998,15826532031,23,WALWrite
1785011633025,590.4,51361.1,1825.7,8969.2,9284644,277728947,146364363698,2455101,1979824.032,15826532031,14,WALWrite
1785011634021,631.1,51402.7,1843.8,8967.2,9287531,277779573,146389387747,2455726,1980308.42,15826532031,11,ClientRead
1785011635024,684.8,51467.2,1799.3,8969.3,9290606,277845226,146415175352,2456400,1980848.3449999997,15826532031,23,WALWrite
1785011636021,677.1,51500.6,1836.6,8968.7,9293551,278133583,146454558819,2456984,1981386.6549999998,15826532031,11,WALWrite
1785011637022,594.4,51367.2,1847.9,8969.4,9296547,278206445,146508099390,2457589,1981901.3749999998,15826532031,11,WALWrite
1785011638020,622.5,51420.8,1850.1,8966.3,9299823,278266635,146546800962,2458212,1982392.383,15826532031,16,ClientRead
1785011639020,609.2,51461.9,1806.3,8968.2,9303109,278320553,146572749292,2458922,1982903.7599999998,15826532031,4,ClientRead
1785011640022,622.4,51502.1,1832.9,8969.8,9306424,278374185,146597792687,2459635,1983452.0039999997,15826532031,10,WALWrite
1785011641022,613.3,51349.4,1802.9,8965.5,9309745,278464691,146625219698,2460323,1983996.0869999998,15826532031,16,ClientRead
1785011642021,607.6,51417.4,1851.6,8966.9,9312990,278540893,146668010397,2460970,1984482.1439999999,15826532031,5,WALWrite
1785011643022,593.2,51467.8,1876.8,8966.7,9316346,278607808,146717318276,2461640,1985002.9109999998,15826532031,12,ClientRead
1785011644021,615.1,51506.8,1828.4,8965.7,9319423,278657080,146741071108,2462296,1985535.861,15826532031,20,ClientRead
1785011645021,682.9,51371.3,1807.1,8964.5,9322825,278729129,146768424231,2462980,1986103.888,15826532031,4,ClientRead
1785011646021,719.9,51390.7,1838.0,8966.5,9326017,278815720,146795853525,2463562,1986558.5420000001,15826532031,9,WALWrite
1785011647022,602.2,51460.9,1897.5,8965.6,9329248,278885262,146847220698,2464241,1987105.019,15826532031,48,WALWrite
1785011648020,619.5,51499.4,1786.8,8966.9,9332325,278943826,146888606503,2464883,1987612.835,15826532031,19,WALWrite
1785011649021,565.6,51541.7,1804.6,8970.0,9335210,278992254,146913380765,2465650,1988159.35,15826532031,13,WALWrite
1785011650023,573.4,51391.3,1855.5,8970.0,9338103,279070458,146940449604,2466362,1988704.7380000001,15826532031,14,WALWrite
1785011651022,596.7,51430.5,1773.8,8967.1,9340713,279114885,146962644851,2467013,1989159.4230000002,15826532031,10,WALWrite
1785011652021,569.1,51507.1,1799.7,8965.1,9343630,279193366,147003364334,2467778,1989738.7780000002,15826532031,21,ClientRead
1785011653022,590.6,51345.9,1921.2,8967.9,9346579,279255990,147051192062,2468453,1990262.262,15826532031,4,ClientRead
1785011654022,591.1,51391.7,1843.2,8968.6,9349342,279307603,147076613337,2469080,1990759.35,15826532031,13,WALWrite
1785011655023,678.6,51445.6,1791.7,8965.0,9352367,279357277,147100724911,2469776,1991301.215,15826532031,19,WALWrite
1785011656023,722.1,51518.6,1830.6,8966.7,9355307,279431925,147125953704,2470382,1991816.455,15826532031,17,ClientRead
1785011657023,671.2,51354.0,1842.1,8967.2,9358142,279765681,147174614922,2470970,1992329.7200000002,15826532031,12,ClientRead
1785011658022,612.6,51423.3,1926.0,8966.8,9361347,279832939,147229176998,2471589,1992836.8360000001,15826532031,19,WALWrite
1785011659021,587.1,51467.1,1798.4,8966.7,9364597,279894126,147268339508,2472336,1993394.1730000002,15826532031,9,WALWrite
1785011660023,576.7,51505.6,1861.5,8966.2,9367431,279949959,147293151377,2473036,1993943.0050000001,15826532031,21,WALWrite
1785011661023,600.3,51346.3,1797.9,8967.0,9370390,280037422,147319238412,2473721,1994473.539,15826532031,9,ClientRead
1785011662021,569.6,51423.8,1813.2,8966.6,9373318,280107360,147374057597,2474398,1995011.827,15826532031,21,WALWrite
1785011663025,549.7,51472.8,1811.8,8969.1,9376185,280157964,147400691800,2475070,1995553.4340000001,15826532031,15,ClientRead
1785011664022,593.7,51514.3,1810.2,8965.7,9378914,280211234,147436575131,2475729,1996027.026,15826532031,4,ClientRead
1785011665023,633.3,51411.3,1793.9,8967.1,9381751,280273708,147462759514,2476479,1996590.659,15826532031,22,ClientRead
1785011666024,608.5,51399.1,1804.3,8966.0,9384572,280354171,147487053181,2477120,1997084.1860000002,15826532031,9,ClientRead
1785011667021,583.6,51485.2,1799.9,8965.6,9387264,280422946,147549835338,2477782,1997611.7170000002,15826532031,6,ClientRead
1785011668024,541.8,51519.4,1771.9,8966.2,9390073,280472269,147578625482,2478479,1998165.3960000002,15826532031,22,ClientRead
1785011669021,549.8,51361.1,1789.7,8966.4,9392906,280522658,147604791375,2479245,1998710.5580000002,15826532031,7,ClientRead
1785011670024,562.0,51405.1,1759.3,8967.7,9395698,280571963,147628804584,2480000,1999269.3900000001,15826532031,11,ClientRead
1785011671021,556.2,51456.7,1752.3,8966.4,9398627,280657419,147655951404,2480694,1999804.6560000002,15826532031,7,WALWrite
1785011672021,582.5,51524.8,1778.9,8965.9,9401586,280731960,147707429356,2481408,2000356.394,15826532031,17,WALWrite
1785011673021,567.6,51381.9,1802.1,8966.7,9404500,280791266,147751108737,2482082,2000923.105,15826532031,5,WALWrite
1785011674023,593.9,51410.8,1808.4,8966.0,9407445,280841569,147776435603,2482707,2001462.2580000001,15826532031,7,ClientRead
1785011675023,665.1,51452.6,1808.8,8965.0,9410378,280889927,147800043700,2483373,2002001.503,15826515647,16,WALWrite
1785011676020,622.6,51496.7,1856.1,8968.0,9413401,280964879,147825043843,2484005,2002551.168,15826515647,12,WALWrite
1785011677023,642.0,51371.1,1866.5,8967.7,9416872,281048956,147863226827,2484641,2003056.127,15826515647,31,WALWrite
1785011678020,642.6,51406.0,1819.8,8964.5,9419997,281115426,147914993989,2485212,2003522.3360000001,15826515647,6,ClientRead
1785011679021,597.8,51445.6,1863.8,8967.0,9422955,281167944,147943071156,2485933,2004076.509,15826515647,10,ClientRead
1785011680022,600.0,51490.0,1843.9,8967.4,9426232,281229737,147970442818,2486655,2004625.076,15826515647,14,ClientRead
1785011681021,619.5,51539.1,1878.2,8968.5,9429479,281320685,147997862798,2487311,2005124.839,15826515647,17,ClientRead
1785011682021,622.2,51398.9,1832.6,8968.3,9432558,281389283,148042250339,2487936,2005641.5529999998,15826515647,12,WALWrite
1785011683021,601.9,51463.2,1893.7,8970.3,9435760,281452317,148085468769,2488561,2006207.1179999998,15826515647,12,ClientRead
1785011684021,595.1,51493.1,1870.4,8970.1,9438755,281502913,148109804182,2489192,2006666.677,15826515647,23,ClientRead
1785011685020,670.3,51357.9,1799.7,8965.8,9441863,281562261,148136347712,2489850,2007238.853,15826515647,12,WALWrite
1785011686023,700.1,51427.3,1882.2,8965.6,9444869,281640982,148161450641,2490465,2007756.891,15826515647,19,WALInsert
1785011687021,675.4,51502.1,1845.5,8969.5,9447739,281942764,148220136712,2491023,2008241.32,15831414463,19,WALWrite
1785011688021,618.8,51498.2,1856.3,8966.4,9450865,282007515,148272692352,2491625,2008722.297,15839114943,2,WALWrite
1785011689022,582.6,51348.5,1815.0,8967.5,9453958,282059319,148297664814,2492323,2009297.2929999998,15847536319,11,ClientRead
1785011690021,608.6,51399.0,1843.1,8966.7,9456816,282107952,148321488904,2492970,2009787.8569999998,15855367871,41,ClientRead
1785011691025,614.4,51441.1,1852.3,8965.7,9459935,282188897,148348164876,2493593,2010286.545,15863748287,20,WALWrite
1785011692023,631.7,51514.0,1826.0,8965.8,9463070,282267796,148388229488,2494244,2010791.258,15871555263,23,ClientRead
1785011693021,596.2,51374.2,1842.4,8967.5,9466049,282335468,148442091301,2494937,2011350.0729999999,15879960255,21,ClientRead
1785011694021,613.7,51423.4,1852.0,8965.6,9469000,282387692,148467808480,2495613,2011907.034,15888201407,5,WALWrite
1785011695021,690.3,51493.4,1756.2,8968.7,9471862,282437305,148492054591,2496238,2012434.0219999999,15895779007,14,ClientRead
1785011696022,679.2,51365.5,1837.0,8967.7,9474550,282514717,148518254829,2496859,2012976.2389999998,15903758015,30,ClientRead
1785011697020,639.8,51417.6,1868.9,8966.7,9477415,282885601,148578062952,2497447,2013496.4340000001,15906584255,37,ClientRead
1785011698022,647.8,51483.3,1895.8,8967.2,9480464,282951362,148632201509,2498057,2014023.7389999998,15906584255,19,ClientRead
1785011699021,609.9,51519.8,1816.5,8968.7,9483472,283002700,148660356361,2498659,2014482.4749999999,15906584255,5,ClientRead
1785011700023,658.6,51373.4,1873.6,8971.3,9486948,283080829,148689888738,2499337,2015057.263,15906584255,7,WALWrite
1785011701024,641.8,51409.1,1857.7,8966.6,9490275,283166891,148720472204,2499983,2015558.162,15906584255,9,WALWrite
1785011702022,637.4,51481.5,1856.2,8965.2,9493428,283236713,148778004734,2500561,2016032.385,15906584255,13,ClientRead
1785011703023,666.1,51542.3,1856.4,8967.4,9496560,283296157,148815678171,2501108,2016524.8069999998,15906584255,22,WALWrite
1785011704021,577.7,51383.8,1788.4,8967.6,9499652,283346245,148840069699,2501759,2017041.3630000001,15906584255,13,WALWrite
1785011705021,676.4,51477.0,1775.3,8967.0,9502825,283407239,148867749219,2502504,2017617.287,15906584255,22,ClientRead
1785011706023,657.8,51466.6,1792.5,8970.3,9505722,283486362,148893703389,2503054,2018085.459,15906584255,13,ClientRead
1785011707023,597.2,51331.5,1810.2,8966.8,9508828,283560311,148940088920,2503667,2018616.924,15906584255,32,ClientRead
1785011708022,645.4,51394.1,1749.4,8965.4,9511954,283625874,148986919929,2504277,2019145.466,15906584255,8,WALWrite
1785011709020,561.5,51430.3,1797.9,8966.2,9514782,283677286,149013971962,2504967,2019678.2820000001,15906584255,20,ClientRead
1785011710020,582.4,51475.4,1787.1,8965.1,9517781,283729766,149038010670,2505670,2020232.138,15906584255,3,ClientRead
1785011711023,597.8,51525.4,1788.8,8965.3,9520698,283821065,149065637635,2506369,2020738.979,15906584255,4,ClientRead
1785011712021,575.0,51402.0,1838.9,8966.7,9523676,283895667,149115797764,2506950,2021240.004,15906584255,17,WALWrite
1785011713022,600.6,51443.1,1764.2,8965.8,9526680,283960117,149159120698,2507654,2021810.9470000002,15906584255,9,ClientRead
1785011714022,539.8,51497.2,1796.5,8966.3,9529427,284009435,149184478251,2508348,2022367.094,15906584255,8,WALWrite
1785011715021,617.4,51540.4,1788.5,8967.6,9532288,284070238,149209667161,2509029,2022933.7820000001,15906584255,9,WALWrite
1785011716021,671.2,51384.0,1811.9,8967.2,9535026,284359469,149248730515,2509653,2023441.009,15906584255,7,ClientRead
1785011717021,561.4,51462.2,1809.6,8968.0,9537908,284429327,149307685492,2510289,2023947.895,15906584255,29,ClientRead
1785011718022,571.5,51507.1,1786.7,8968.3,9540893,284485399,149340791239,2510937,2024424.3339999998,15906584255,13,WALWrite
1785011719022,591.3,51348.3,1815.1,8965.5,9543829,284534819,149366239016,2511663,2024989.651,15906584255,16,ClientRead
1785011720024,568.9,51398.0,1808.6,8966.4,9546694,284594194,149390733242,2512337,2025532.6160000002,15906584255,16,ClientRead
1785011721023,613.7,51437.0,1870.4,8968.4,9549799,284679542,149417164195,2512991,2026061.2889999999,15906584255,12,WALWrite
1785011722022,645.6,51503.5,1853.4,8966.8,9553011,284760118,149467217495,2513618,2026590.77,15906584255,10,ClientRead
1785011723023,608.9,51362.3,1833.2,8967.8,9556151,284826987,149512486407,2514196,2027057.04,15906584255,25,WALWrite
1785011724021,612.9,51406.4,1844.4,8966.2,9559465,284881206,149538396207,2514859,2027573.5999999999,15906584255,10,ClientRead
1785011725022,676.3,51473.9,1781.4,8966.0,9562686,284953319,149565281086,2515519,2028122.793,15906584255,23,ClientRead
1785011726023,689.3,51325.0,1785.4,8967.3,9565715,285041503,149592153644,2516124,2028673.169,15906592447,11,ClientRead
1785011727023,613.7,51357.4,1852.9,8965.3,9568788,285118731,149650417561,2516792,2029227.29,15906592447,22,ClientRead
1785011728022,625.8,51420.0,1828.0,8966.0,9572107,285179699,149688423462,2517452,2029767.5189999999,15906592447,23,ClientRead
1785011729022,642.2,51459.9,1829.9,8965.6,9575356,285234634,149714794745,2518146,2030282.781,15906592447,21,ClientRead
1785011730021,638.5,51501.3,1869.8,8967.9,9578620,285291896,149738691926,2518767,2030759.044,15906592447,13,WALWrite
1785011731023,662.9,51346.3,1842.0,8965.1,9582000,285383943,149765631829,2519419,2031274.6009999998,15906592447,16,ClientRead
1785011732021,607.1,51423.3,1847.4,8967.2,9585286,285460664,149820006261,2520045,2031754.8699999999,15906592447,23,ClientRead
1785011733022,604.3,51481.3,1844.2,8966.9,9588516,285531172,149871189136,2520676,2032293.2189999998,15906592447,18,WALWrite
1785011734022,617.1,51525.4,1818.0,8965.3,9591748,285582338,149895809851,2521327,2032809.291,15906592447,21,WALWrite
1785011735021,664.1,51383.9,1778.4,8967.1,9594974,285633562,149920391711,2521949,2033315.476,15906608831,10,ClientRead
1785011736020,680.1,51417.3,1786.0,8965.1,9597915,285861277,149956740386,2522557,2033832.556,15906608831,23,ClientRead
1785011737021,598.5,51492.3,1774.3,8966.4,9601056,285941372,149996691222,2523214,2034362.522,15906608831,11,ClientRead
1785011738020,601.3,51552.3,1803.4,8963.8,9604196,286013644,150049608166,2523838,2034883.5760000001,15906608831,8,WALWrite
1785011739022,584.4,51376.8,1790.7,8967.2,9607232,286065668,150075718602,2524556,2035423.462,15906608831,9,ClientRead
1785011740022,608.4,51419.2,1854.0,8966.3,9610454,286121654,150100586073,2525251,2035941.533,15906608831,14,WALWrite
1785011741022,617.9,51467.3,1854.5,8967.6,9613658,286213925,150128334807,2525921,2036478.411,15906608831,16,ClientRead
1785011742024,646.3,51539.0,1832.6,8967.1,9616799,286293192,150177383608,2526524,2036966.2440000002,15906617023,15,ClientRead
1785011743023,591.6,51395.4,1852.5,8968.8,9620255,286362025,150221585593,2527211,2037470.7040000001,15906617023,3,ClientRead
1785011744025,598.5,51429.0,1815.7,8966.7,9623439,286414841,150246209271,2527889,2038010.445,15906617023,14,WALWrite
1785011745022,695.1,51527.1,1816.3,8967.0,9626723,286481248,150272535710,2528537,2038508.0690000001,15906617023,23,ClientRead
1785011746021,667.6,51312.4,1828.2,8967.2,9629883,286564182,150299412227,2529157,2039019.557,15906617023,14,ClientRead
1785011747021,613.3,51381.4,1823.9,8967.6,9632993,286638741,150353144005,2529797,2039523.586,15906617023,14,WALWrite
1785011748021,606.4,51440.6,1797.9,8967.0,9636125,286702182,150395802679,2530402,2040036.656,15906617023,14,ClientRead
1785011749023,585.5,51486.2,1752.0,8968.8,9639241,286755797,150421682854,2531134,2040612.491,15906617023,9,WALWrite
1785011750021,587.1,51526.6,1865.5,8967.4,9642278,286820328,150445423561,2531796,2041061.914,15906617023,16,WALWrite
1785011751022,607.4,51369.2,1828.2,8965.6,9645784,286912981,150473806251,2532458,2041559.014,15906617023,10,ClientRead
1785011752020,588.2,51453.2,1841.5,8967.7,9649135,286987382,150533197267,2533138,2042077.146,15906617023,14,ClientRead
1785011753021,602.4,51494.6,1844.7,8965.0,9652365,287044236,150564675880,2533754,2042574.806,15906617023,2,ClientRead
1785011754021,614.4,51334.6,1783.4,8967.3,9655668,287101732,150591924021,2534464,2043108.131,15906617023,7,ClientRead
1785011755021,716.9,51413.1,1802.4,8966.1,9659028,287156471,150618020249,2535178,2043639.203,15906617023,22,WALWrite
1785011756022,682.0,51445.7,1828.9,8965.2,9661941,287225110,150642578248,2535722,2044084.351,15906617023,19,WALWrite
1785011757024,686.1,51534.7,1743.0,8969.3,9665045,287739309,150704711444,2536317,2044603.807,15906617023,12,ClientRead
1785011758020,619.6,51354.8,1807.8,8965.7,9668212,287806405,150761383330,2537019,2045160.003,15906617023,13,ClientRead
1785011759023,626.4,51387.5,1820.3,8966.7,9671404,287863223,150795240985,2537700,2045696.2710000002,15906617023,4,ClientRead
1785011760022,655.5,51430.8,1840.5,8965.7,9674879,287917021,150820996024,2538415,2046230.671,15906617023,10,ClientRead
1785011761021,590.9,51486.8,1863.6,8968.9,9678243,288000748,150848941133,2539031,2046731.953,15906617023,24,WALWrite
1785011762021,628.6,51438.9,1873.7,8966.2,9681558,288079006,150883615174,2539652,2047235.659,15906617023,30,ClientRead
1785011763022,634.2,51406.4,1856.6,8966.0,9684905,288153724,150941020694,2540261,2047719.651,15906617023,9,ClientRead
1785011764022,612.2,51449.8,1825.7,8965.1,9688291,288213206,150973159008,2540890,2048203.803,15906617023,13,ClientRead
1785011765022,645.2,51540.5,1751.1,8964.8,9691297,288273262,150998122417,2541533,2048730.433,15906617023,33,WALWrite
1785011766023,634.2,51325.7,1795.6,8964.6,9694357,288361139,151026249863,2542213,2049277.207,15906617023,11,WALWrite
1785011767020,592.6,51397.7,1814.0,8967.0,9697434,288432499,151084386109,2542850,2049808.371,15906617023,29,ClientRead
1785011768023,591.7,51447.2,1840.4,8964.2,9700518,288492316,151117902954,2543474,2050265.3229999999,15906617023,34,ClientRead
1785011769021,584.6,51480.4,1841.9,8966.1,9703452,288540496,151142203411,2544183,2050833.0729999999,15906617023,12,ClientRead
1785011770022,587.5,51523.6,1786.1,8966.1,9706504,288592681,151168315234,2544922,2051379.521,15906617023,12,ClientRead
1785011771023,610.1,51352.8,1788.8,8966.5,9709516,288672530,151194203105,2545572,2051871.075,15906617023,16,WALWrite
1785011772021,616.4,51428.6,1831.8,8967.4,9712601,288753372,151233228901,2546226,2052418.2699999998,15906617023,16,ClientRead
1785011773020,555.3,51482.6,1810.9,8964.9,9715817,288828381,151288195479,2546952,2052968.488,15906617023,18,WALWrite
1785011774021,585.0,51522.7,1819.5,8969.7,9718699,288877637,151313017883,2547600,2053486.6169999999,15906617023,10,ClientRead
1785011775021,679.8,51373.3,1781.5,8966.1,9721712,288945700,151339296901,2548313,2054073.5699999998,15906617023,15,ClientRead
1785011776020,644.2,51410.0,1807.5,8968.5,9724527,289170158,151375941608,2548940,2054596.596,15906617023,14,WALWrite
1785011777021,617.1,51474.2,1847.4,8967.3,9727347,289236712,151428952806,2549526,2055079.216,15906617023,4,WALWrite
1785011778021,546.5,51319.7,1811.3,8965.5,9730337,289293534,151461612562,2550226,2055640.399,15906617023,17,ClientRead
1785011779021,560.1,51342.0,1836.8,8966.8,9733057,289339023,151484289523,2550837,2056128.879,15906617023,23,ClientRead
1785011780022,595.9,51368.8,1794.8,8967.7,9736093,289391274,151511078092,2551534,2056685.33,15906617023,7,ClientRead
1785011781025,585.0,51397.4,1773.7,8966.2,9739182,289477676,151536414017,2552234,2057239.66,15906617023,18,ClientRead
1785011782024,564.1,51453.9,1819.0,8966.5,9742298,289555850,151585560575,2552885,2057732.974,15906617023,18,ClientRead
1785011783020,597.7,51483.5,1825.4,8965.3,9745410,289622430,151629601001,2553675,2058308.0380000002,15906617023,1,WalSync
1785011784021,523.1,51513.9,1802.1,8967.8,9748441,289673429,151655363117,2554426,2058844.838,15906617023,12,WALWrite
1785011785020,642.7,51383.3,1779.6,8968.0,9751315,289730554,151677942466,2555093,2059399.418,15906617023,4,ClientRead
1785011786021,658.2,51365.2,1824.2,8970.4,9754338,289815761,151708186518,2555739,2059898.889,15906617023,11,WALWrite
1785011787022,600.2,51414.7,1794.6,8966.9,9757390,289885165,151760766655,2556355,2060408.043,15906617023,16,ClientRead
1785011788021,582.3,51449.8,1860.7,8966.0,9760338,289942019,151794684408,2557010,2060891.658,15906617023,12,WALWrite
1785011789021,573.0,51482.1,1796.9,8966.7,9763300,289991046,151819129980,2557724,2061445.7280000001,15906617023,2,ClientRead
1785011790025,549.1,51523.4,1788.1,8965.5,9766369,290056331,151845456274,2558439,2061992.203,15906617023,13,WALWrite
1785011791021,606.6,51364.2,1841.0,8965.2,9769500,290144514,151872579491,2559182,2062528.283,15906617023,22,ClientRead
1785011792022,584.9,51433.4,1848.7,8967.1,9772615,290215933,151926776051,2559867,2063037.934,15906617023,14,WALWrite
1785011793021,597.1,51479.3,1808.2,8966.5,9775704,290274884,151960764264,2560526,2063561.378,15906617023,15,ClientRead
1785011794021,630.6,51522.9,1870.0,8969.3,9779004,290328553,151986190631,2561205,2064110.398,15906617023,24,WALInsert
1785011795021,644.9,51396.9,1773.3,8969.6,9782173,290383525,152012328071,2561846,2064610.673,15906617023,24,ClientRead
1785011796020,688.6,51439.0,1780.9,8966.1,9785081,290624672,152047706599,2562483,2065108.004,15906617023,25,ClientRead
1785011797021,600.9,51480.6,1826.5,8965.1,9788206,290700121,152092594514,2563118,2065629.9949999999,15906617023,10,ClientRead
1785011798022,645.0,51523.8,1776.4,8966.1,9791319,290767761,152139831732,2563691,2066116.882,15906617023,8,ClientRead
1785011799023,575.8,51368.9,1846.8,8968.5,9794265,290816721,152163760643,2564427,2066674.549,15906617023,8,ClientRead
1785011800020,567.6,51405.8,1775.2,8966.9,9797167,290869619,152187907894,2565108,2067179.226,15906617023,11,WALWrite
1785011801022,555.4,51455.9,1861.3,8966.1,9800088,290962268,152214418416,2565838,2067709.566,15906617023,15,WALWrite
1785011802022,587.3,51525.0,1827.3,8965.0,9803155,291040967,152267199494,2566503,2068238.5879999998,15906617023,21,WALWrite
1785011803021,587.8,51373.4,1854.7,8965.7,9806132,291100696,152303848429,2567171,2068766.1809999999,15906617023,4,WALWrite
1785011804021,602.6,51408.5,1815.0,8965.1,9809169,291150594,152327811579,2567882,2069296.7909999997,15906617023,3,ClientRead
1785011805021,629.9,51504.2,1842.8,8966.1,9812370,291220472,152355524085,2568626,2069859.794,15906617023,22,ClientRead
1785011806021,697.9,51300.2,1844.5,8967.6,9815367,291297213,152378954898,2569179,2070345.2229999998,15906617023,8,ClientRead
1785011807021,574.2,51350.0,1873.6,8970.7,9818365,291369510,152424500773,2569814,2070896.4679999999,15906617023,12,BufferContent
1785011808021,600.6,51404.5,1837.4,8965.7,9821409,291438279,152467876274,2570445,2071421.397,15906617023,18,ClientRead
1785011809023,588.3,51439.8,1839.6,8967.0,9824342,291490369,152493394506,2571106,2071923.2589999998,15906617023,9,ClientRead
1785011810021,624.8,51478.4,1834.2,8966.4,9827501,291558477,152519375760,2571812,2072508.167,15906617023,11,ClientRead
1785011811021,638.6,51523.8,1843.2,8967.6,9830836,291645840,152546533705,2572529,2073039.396,15906617023,2,ClientRead
1785011812022,607.8,51398.1,1905.8,8967.6,9834041,291721650,152596701010,2573171,2073557.346,15906617023,19,ClientRead
1785011813023,598.3,51453.6,1830.7,8967.0,9837121,291784625,152634201287,2573816,2074065.457,15906617023,31,ClientRead
1785011814021,590.5,51486.4,1831.0,8966.0,9840177,291836670,152660122155,2574554,2074626.1909999999,15906617023,19,ClientRead
1785011815022,691.0,51539.5,1819.6,8966.6,9843189,291897139,152685010274,2575214,2075120.106,15906617023,14,WALWrite
1785011816025,722.8,51414.3,1822.5,8967.3,9846066,291979181,152712475732,2575798,2075650.609,15906617023,15,ClientRead
1785011817021,646.0,51442.1,1889.0,8965.4,9849163,292322378,152772063317,2576416,2076200.6279999998,15906617023,4,ClientRead
1785011818022,612.5,51508.7,1847.6,8965.9,9852281,292376023,152798353809,2577020,2076672.4279999998,15906617023,13,ClientRead
1785011819021,604.4,51349.3,1877.7,8967.2,9855673,292446102,152843036516,2577728,2077200.4459999998,15906617023,16,WALWrite
1785011820021,621.1,51396.3,1870.1,8965.6,9858894,292519146,152869482768,2578385,2077675.3499999999,15906617023,7,ClientRead
1785011821023,620.5,51434.4,1773.5,8966.7,9862123,292608089,152900427044,2579090,2078226.393,15906617023,14,ClientRead
1785011822021,607.2,51502.5,1809.8,8968.1,9865283,292678488,152953668953,2579743,2078761.096,15906617023,16,ClientRead
1785011823020,551.7,51343.9,1782.3,8965.5,9868091,292727577,152978425831,2580351,2079256.183,15906617023,16,WALWrite
1785011824021,549.8,51360.1,1797.8,8967.6,9871001,292784540,153010993374,2581078,2079781.3099999998,15906617023,16,ClientRead
1785011825021,625.4,51446.5,1785.8,8969.3,9873828,292829661,153033365151,2581726,2080294.5769999998,15906617023,3,ClientRead
1785011826021,661.1,51473.5,1799.2,8966.7,9876699,292898546,153059648052,2582423,2080859.2480000001,15911978687,14,WALWrite
1785011827022,654.0,51497.5,1793.6,8969.8,9879394,293207256,153107598583,2583067,2081390.5629999998,15917676223,4,ClientRead
1785011828020,641.1,51337.5,1798.2,8966.1,9882315,293273737,153158256399,2583687,2081960.172,15917676223,8,WALWrite
1785011829022,570.4,51366.2,1895.2,8967.7,9885313,293333995,153193213898,2584400,2082505.9039999999,15917676223,15,ClientRead
1785011830022,624.1,51392.6,1897.8,8968.7,9888217,293390345,153217763598,2585035,2083009.0289999999,15917676223,10,ClientRead
1785011831021,637.4,51418.3,1852.3,8966.4,9891192,293474038,153242772513,2585624,2083483.724,15917676223,26,WALWrite
1785011832022,611.3,51473.3,1862.5,8964.8,9894297,293552883,153289535316,2586296,2084022.937,15917676223,3,ClientRead
1785011833023,639.2,51515.4,1850.2,8966.1,9897477,293627139,153338868046,2586891,2084520.317,15917676223,11,ClientRead
1785011834021,599.4,51344.0,1838.4,8968.9,9900459,293676451,153361975625,2587533,2085078.767,15917676223,10,WALWrite
1785011835021,643.1,51398.5,1821.1,8969.4,9903410,293728997,153387557266,2588209,2085608.846,15917676223,6,ClientRead
1785011836023,684.9,51403.8,1774.7,8966.0,9906154,293874524,153420573883,2588841,2086109.049,15917676223,32,ClientRead
1785011837023,585.4,51452.4,1777.8,8967.7,9908977,293960662,153453255300,2589468,2086593.341,15917676223,20,ClientRead
1785011838021,604.2,51490.2,1857.7,8963.8,9911949,294034221,153507069873,2590163,2087135.987,15917676223,12,WALWrite
1785011839020,619.2,51519.3,1840.6,8966.2,9915086,294095405,153538736775,2590830,2087659.662,15917676223,19,WALWrite
1785011840022,629.9,51340.3,1893.4,8966.3,9918188,294146548,153563064213,2591482,2088172.901,15917676223,10,ClientRead
1785011841021,638.2,51368.9,1845.4,8966.1,9921426,294224669,153589913458,2592111,2088734.812,15917676223,21,WALWrite
1785011842025,632.1,51432.2,1865.8,8965.5,9924590,294313577,153624374862,2592726,2089247.39,15917676223,3,WALWrite
1785011843022,634.2,51465.3,1875.4,8968.4,9927697,294388811,153680772424,2593313,2089755.402,15917676223,20,ClientRead
1785011844024,600.4,51489.7,1759.7,8965.2,9930759,294447420,153712842236,2593994,2090252.596,15917676223,13,ClientRead
1785011845021,630.9,51537.7,1809.8,8968.2,9933743,294511429,153738497956,2594701,2090791.9470000002,15917676223,19,WALWrite
1785011846023,652.9,51344.0,1835.0,8966.4,9936602,294600256,153769077446,2595392,2091331.384,15917676223,23,WALWrite
1785011847021,617.2,51395.6,1831.5,8965.3,9939553,294672252,153823638279,2596052,2091885.6560000002,15917676223,13,WALWrite
1785011848021,619.1,51434.8,1872.8,8967.9,9942533,294732127,153855603621,2596665,2092409.3180000002,15917676223,16,ClientRead
1785011849022,630.3,51460.3,1810.9,8970.4,9945747,294785492,153881373754,2597304,2092946.895,15917676223,10,ClientRead
1785011850022,639.1,51492.0,1843.3,8964.5,9948747,294839408,153905737586,2597956,2093465.6930000002,15917676223,9,ClientRead
1785011851022,615.4,51512.3,1828.6,8966.9,9952063,294927838,153934090864,2598617,2093973.0680000002,15917676223,14,ClientRead
1785011852021,611.7,51368.3,1779.2,8966.3,9955182,295004757,153979967188,2599311,2094485.405,15917676223,21,ClientRead
1785011853022,599.1,51399.3,1813.4,8966.9,9958063,295072186,154026915858,2599975,2095023.2570000002,15917676223,14,WALWrite
1785011854025,596.4,51425.2,1832.1,8966.3,9960929,295118587,154049876235,2600572,2095530.7280000001,15917676223,27,ClientRead
1785011855022,630.3,51466.3,1801.4,8969.3,9963702,295165886,154074906805,2601219,2096060.0420000001,15917676223,22,ClientRead
1785011856022,672.4,51528.2,1831.8,8965.6,9966454,295434861,154113881877,2601836,2096581.4660000002,15917676223,12,WALWrite
1785011857022,594.3,51370.4,1886.9,8969.5,9969208,295516174,154141940051,2602463,2097120.813,15917676223,9,ClientRead
1785011858023,633.0,51424.7,1825.3,8969.0,9972161,295582417,154195066358,2603090,2097611.266,15917676223,11,WALWrite
1785011859025,574.4,51465.1,1841.5,8966.6,9975070,295644350,154233212458,2603827,2098203.18,15917676223,20,BufferContent
1785011860020,581.0,51494.3,1830.2,8965.7,9977861,295690306,154257072961,2604514,2098784.122,15917676223,7,ClientRead
1785011861020,584.9,51518.7,1846.0,8967.9,9980723,295769843,154283093559,2605150,2099297.328,15917676223,18,WALWrite
1785011862021,601.8,51377.3,1828.1,8967.1,9983581,295847391,154324549449,2605776,2099819.453,15917676223,17,ClientRead
1785011863021,571.2,51414.2,1851.7,8968.4,9986442,295919407,154377418029,2606400,2100364.723,15917676223,5,ClientRead
1785011864021,551.7,51443.8,1844.9,8966.8,9989259,295965154,154400964960,2607109,2100935.5820000004,15917676223,10,WALWrite
1785011865026,631.5,51516.6,1826.6,8966.9,9992054,296016792,154427435870,2607847,2101513.3970000003,15917676223,25,ClientRead
1785011866021,636.6,51325.8,1827.3,8970.7,9994753,296096952,154453170079,2608474,2102050.8690000004,15917676223,10,WALWrite
1785011867021,597.0,51395.2,1911.0,8966.9,9997328,296171157,154497522908,2609070,2102573.2080000006,15917676223,4,ClientRead
1785011868022,582.5,51440.4,1841.6,8967.3,10000192,296238951,154545607692,2609713,2103144.5130000003,15917676223,9,WALWrite
1785011869020,563.6,51477.7,1852.1,8965.9,10002919,296285840,154569819921,2610436,2103659.3340000003,15917676223,10,WALWrite
1785011870021,550.4,51521.1,1779.7,8961.0,10005525,296332424,154593553715,2611089,2104147.9880000004,15917676223,3,ClientRead
1785011871020,420.4,51388.9,1221.5,8960.9,10007589,296429065,154623021395,2611872,2104662.757,15917676223,8,ClientRead
1785011872025,410.6,51447.4,1165.7,8961.0,10009540,296531677,154694257361,2612817,2105289.4420000003,15917676223,8,ClientRead
1785011873021,399.5,51481.8,1175.5,8960.2,10011024,296579443,154717633156,2613588,2105834.015,15917676223,3,ClientRead
1785011874022,392.9,51523.2,1189.2,8961.6,10012738,296633903,154744253665,2614454,2106420.4170000004,15917676223,12,ClientRead
1785011875021,485.7,51430.8,1132.8,8960.6,10014390,296711886,154770984378,2615256,2107040.4699999997,15917676223,10,ClientRead
1785011876022,531.7,51489.3,1191.5,8960.0,10015912,296813493,154837996363,2616091,2107587.5890000006,15917676223,16,WALWrite
1785011877020,487.4,51360.2,1161.9,8961.2,10017338,297307980,154894279827,2616753,2108088.301,15917676223,2,ClientRead
1785011878021,440.4,51360.6,1173.6,8960.2,10018757,297358880,154919846180,2617495,2108635.111,15917676223,5,ClientRead
1785011879020,385.5,51397.5,1196.7,8961.1,10020502,297415414,154947452117,2618380,2109260.5110000004,15917676223,6,ClientRead
1785011880020,418.3,51437.4,1164.3,8960.6,10022190,297468382,154973241460,2619233,2109816.9800000004,15917676223,11,WALWrite
1785011881020,414.7,51514.0,1170.9,8960.6,10023897,297574089,155005314899,2620055,2110435.1980000003,15917676223,4,WALWrite
1785011882020,404.4,51366.4,1204.0,8960.0,10025486,297656527,155069152912,2620886,2110986.9720000005,15917676223,5,WalSync
1785011883021,412.4,51405.0,1134.8,8961.3,10027183,297708773,155094584386,2621757,2111570.8690000004,15917676223,9,ClientRead
1785011884020,385.7,51449.0,1173.3,8960.7,10028707,297756044,155117496208,2622551,2112132.0470000003,15917676223,10,WALWrite
1785011885021,447.0,51344.3,1160.3,8960.9,10030273,297834338,155142382714,2623358,2112670.0140000004,15917676223,4,ClientRead
1785011886020,472.0,51342.4,1162.3,8960.5,10031889,297928156,155202922198,2624118,2113253.776,15917676223,13,ClientRead
1785011887020,391.2,51396.0,1194.2,8960.3,10033404,297982017,155229996611,2624857,2113804.058,15917676223,6,WALWrite
1785011888021,389.7,51434.4,1129.0,8959.7,10035137,298044507,155262897289,2625724,2114393.7029999997,15917676223,8,ClientRead
1785011889021,393.0,51474.3,1191.2,8959.9,10036958,298101514,155290819552,2626614,2115035.684,15917676223,3,WalSync
1785011890022,408.0,51509.7,1162.7,8961.9,10038655,298172009,155315768199,2627453,2115610.476,15917676223,10,ClientRead
1785011891020,429.1,51389.3,1163.9,8961.4,10040452,298278632,155376475459,2628369,2116170.003,15917676223,4,WalSync
1785011892020,397.4,51432.1,1198.0,8961.0,10042266,298342031,155411567531,2629253,2116734.7399999998,15917676223,3,ClientRead
1785011893020,399.1,51471.6,1138.7,8960.9,10044059,298396042,155437739120,2630180,2117322.6319999998,15917676223,4,ClientRead
1785011894022,381.8,51505.8,1185.0,8960.2,10045622,298444487,155461329200,2630994,2117862.83,15917676223,4,ClientRead
1785011895021,437.6,51406.8,1179.0,8960.8,10047147,298496213,155484178399,2631766,2118354.5379999997,15918298815,7,ClientRead
1785011896023,477.2,51423.4,1171.9,8961.0,10048807,298605549,155533306404,2632616,2118918.452,15920166591,14,ClientRead
1785011897020,401.7,51472.2,1177.2,8960.9,10050701,298681813,155581048592,2633474,2119504.348,15920191167,7,WALWrite
1785011898020,390.5,51513.5,1155.4,8960.3,10052480,298736063,155607409998,2634340,2120104.02,15920207551,6,WALWrite
1785011899024,401.2,51352.4,1157.7,8961.1,10054276,298792286,155635014928,2635242,2120754.9790000003,15920248511,9,ClientRead
1785011900019,393.1,51398.5,1180.0,8959.5,10056082,298867305,155660343930,2636095,2121317.182,15920494271,6,ClientRead
1785011901023,419.7,51468.3,1144.7,8961.3,10057895,298975015,155717514769,2636970,2121873.841,15921346239,13,WALWrite
1785011902020,378.0,51507.7,1186.4,8960.5,10059606,299032606,155747431047,2637812,2122422.41,15922255551,5,ClientRead
1785011903020,389.5,51502.1,1160.9,8959.9,10061272,299083258,155772411769,2638642,2122992.2,15922640575,7,ClientRead
1785011904020,406.5,51379.9,1135.6,8960.8,10063033,299135763,155798014276,2639512,2123562.8910000003,15922681535,5,ClientRead
1785011905022,434.6,51450.8,1182.7,8961.1,10064786,299189842,155824405710,2640338,2124149.06,15922722495,6,WALWrite
1785011906020,523.7,51332.5,1122.4,8960.4,10066302,299286491,155851114115,2641078,2124688.1650000005,15922722495,7,WALWrite
1785011907019,441.0,51343.2,1177.9,8960.1,10068036,299606623,155927548306,2641961,2125351.773,15922722495,8,ClientRead
1785011908021,373.2,51384.9,1160.5,8960.6,10069609,299653425,155950262014,2642753,2125853.996,15922722495,5,ClientRead
1785011909020,373.8,51423.1,1160.2,8960.8,10071274,299705037,155975497954,2643608,2126394.8699999996,15922722495,9,ClientRead
1785011910020,386.8,51467.6,1196.4,8960.3,10073098,299757696,156001307906,2644450,2126985.371,15922722495,8,ClientRead
1785011911019,446.3,51533.5,1123.3,8961.2,10075051,299873685,156042863032,2645384,2127575.002,15922722495,2,ClientRead
1785011912020,395.9,51381.9,1191.0,8960.5,10076969,299950858,156088744961,2646311,2128149.13,15922722495,1,WalSync
1785011913022,389.4,51422.1,1158.0,8961.4,10078801,300004514,156114843576,2647218,2128747.3009999995,15922722495,3,ClientRead
1785011914020,396.9,51462.1,1160.9,8960.0,10080627,300058721,156141058526,2648124,2129337.619,15922722495,7,WALWrite
1785011915020,426.6,51377.7,1179.0,8960.6,10082345,300126668,156168128268,2648964,2129916.3430000003,15922722495,11,WALWrite
1785011916021,486.5,51368.2,1159.9,8961.0,10084045,300235918,156217056571,2649810,2130533.0130000003,15922722495,6,ClientRead
1785011917022,400.8,51420.5,1182.9,8960.3,10085903,300303973,156253748461,2650749,2131106.256,15922722495,12,WALWrite
1785011918020,402.1,51454.5,1166.8,8961.5,10087319,300345349,156273698104,2651497,2131592.772,15922722495,7,WALWrite
1785011919022,391.9,51494.2,1159.8,8960.9,10088856,300392678,156296738960,2652262,2132103.606,15922722495,8,ClientRead
1785011920021,391.6,51335.9,1176.8,8962.0,10090468,300441219,156320201731,2653076,2132668.7490000003,15922722495,9,WALWrite
1785011921022,436.4,51408.5,1151.3,8960.4,10092493,300565591,156365317638,2654047,2133285.185,15922722495,7,ClientRead
1785011922020,396.5,51453.1,1163.8,8960.8,10094384,300642753,156412161229,2654979,2133895.255,15922722495,8,WALWrite
1785011923020,379.2,51497.9,1196.3,8959.8,10096193,300695046,156437405664,2655925,2134491.347,15922722495,3,ClientRead
1785011924020,393.2,51470.6,1134.9,8960.9,10097955,300749311,156463791054,2656871,2135070.833,15922722495,3,ClientRead
1785011925020,468.4,51437.4,1157.5,8960.1,10099793,300805635,156491618426,2657837,2135657.1350000002,15922722495,6,WALWrite
1785011926020,483.4,51462.3,1172.8,8960.6,10101530,300911976,156522449063,2658661,2136272.6110000005,15924164287,4,WALWrite
1785011927021,411.8,51504.3,1153.2,8961.0,10103380,300997907,156587845162,2659576,2136884.3520000004,15925262015,0,
1785011928020,358.3,51345.4,1169.0,8961.4,10104847,301044550,156610549342,2660321,2137379.0490000006,15925278399,4,ClientRead
1785011929020,373.2,51389.6,1137.5,8960.6,10106284,301088608,156632110533,2661069,2137879.8020000006,15925286591,5,WALWrite
1785011930020,405.6,51436.1,1190.8,8959.9,10107787,301135052,156654663844,2661776,2138363.917,15925327551,6,ClientRead
1785011931021,416.4,51509.9,1167.1,8959.9,10109760,301236859,156681580689,2662741,2138926.2,15925704383,9,ClientRead
1785011932021,418.9,51355.9,1138.6,8961.4,10111853,301331731,156750531723,2663722,2139584.829,15926793919,4,ClientRead
1785011933019,388.8,51397.0,1199.6,8959.9,10113862,301388562,156778029718,2664708,2140185.393,15927539391,6,ClientRead
1785011934020,408.5,51435.9,1135.3,8960.3,10115943,301446260,156805699654,2665729,2140839.416,15927735999,6,WALWrite
1785011935021,480.2,51531.6,1162.3,8961.9,10117763,301499723,156831832192,2666598,2141388.5470000003,15927973567,3,ClientRead
1785011936019,513.9,51397.2,1183.2,8961.8,10119404,301585761,156860041260,2667437,2141960.288,15930078911,6,ClientRead
1785011937021,513.4,51259.4,1163.8,8960.4,10121344,302121032,156956267706,2668360,2142590.411,15930422975,10,ClientRead
1785011938020,463.1,51257.0,1233.3,8959.5,10122977,302166478,156978018162,2669025,2143052.319,15930472127,7,ClientRead
1785011939019,471.9,51294.2,1175.0,8962.0,10125212,302217883,157002369223,2669894,2143612.911,15930488511,7,WALWrite
1785011940019,477.6,51335.3,1216.0,8960.6,10127475,302271006,157027408012,2670791,2144188.181,15930635967,2,ClientRead
1785011941020,442.8,51412.0,1166.2,8960.3,10129611,302371728,157053929768,2671643,2144724.571,15931365055,5,WALWrite
1785011942020,420.8,51460.5,1128.3,8960.5,10131663,302465268,157122568872,2672651,2145384.4779999997,15932331711,5,WALWrite
1785011943024,385.5,51502.4,1177.6,8961.6,10133484,302521751,157150013343,2673528,2145991.765,15932896959,6,WALWrite
1785011944020,385.6,51340.8,1135.2,8961.3,10134988,302566111,157171308834,2674290,2146491.8,15932970687,4,ClientRead
1785011945019,435.3,51413.1,1143.6,8961.1,10136598,302617111,157196497340,2675124,2147024.5480000004,15932987071,5,ClientRead
1785011946022,505.0,51357.5,1161.7,8960.6,10138483,302742540,157250200139,2676124,2147695.6480000005,15933044415,5,ClientRead
1785011947022,445.3,51314.8,1140.1,8960.0,10140122,302972521,157311241775,2676969,2148271.0029999996,15933044415,5,WALWrite
1785011948020,405.5,51353.8,1155.8,8959.8,10141884,303026037,157337404768,2677945,2148908.69,15933044415,6,WALWrite
1785011949022,402.0,51391.0,1146.9,8960.5,10143492,303072797,157359892115,2678751,2149419.036,15933044415,2,ClientRead
1785011950020,398.2,51430.1,1145.8,8960.9,10145018,303121399,157383442564,2679459,2149911.5149999997,15933044415,7,WALWrite
1785011951023,414.9,51508.2,1174.9,8960.6,10146577,303210845,157408457796,2680187,2150450.665,15933044415,7,WALWrite
1785011952019,382.2,51367.8,1114.9,8959.7,10148231,303301517,157476573511,2681021,2150989.816,15933044415,5,ClientRead
1785011953024,369.5,51396.0,1130.0,8961.9,10149921,303354200,157502823818,2681883,2151577.9529999997,15933044415,9,WALWrite
1785011954021,404.4,51424.5,1177.9,8960.6,10151758,303408635,157529237973,2682786,2152152.63,15933044415,4,ClientRead
1785011955021,502.1,51530.3,1156.1,8959.7,10153848,303463236,157555275438,2683640,2152803.2240000004,15933044415,16,WALWrite
1785011956020,546.7,51330.3,1209.1,8961.7,10156001,303554525,157585052803,2684480,2153424.116,15933044415,13,ClientRead
1785011957020,399.7,51387.4,1128.0,8959.6,10158182,303655711,157648568712,2685440,2154072.0560000003,15933044415,3,WalSync
1785011958020,395.6,51423.6,1154.9,8959.6,10159973,303711517,157676464923,2686341,2154651.325,15933044415,6,WALWrite
1785011959022,387.6,51473.0,1151.0,8959.0,10161749,303761970,157700735368,2687182,2155189.22,15933044415,4,WALWrite
1785011960021,413.8,51505.2,1102.3,8959.1,10163493,303811781,157724925703,2688038,2155761.539,15933044415,7,ClientRead
1785011961020,426.4,51366.5,1175.3,8959.7,10165295,303914072,157750983631,2688908,2156275.3430000003,15933044415,2,WalSync
1785011962021,397.0,51412.9,1125.2,8959.0,10167375,304006295,157821096194,2689835,2156901.759,15933044415,11,ClientRead
1785011963020,412.5,51454.7,1140.6,8959.3,10169242,304060930,157847702630,2690796,2157511.28,15933044415,7,WALWrite
1785011964019,382.4,51497.8,1169.0,8959.3,10171257,304116751,157874604355,2691792,2158160.023,15933044415,6,WALWrite
1785011965024,460.6,51405.3,1106.5,8958.7,10172933,304174192,157898246809,2692612,2158711.6780000003,15933044415,5,
1785011966020,525.1,51446.2,1148.0,8959.9,10174442,304273457,157949552749,2693321,2159199.8970000003,15933044415,7,ClientRead
1785011967020,438.8,51458.9,1137.0,8959.1,10176333,304564352,158003706605,2694214,2159793.754,15933044415,4,WALWrite
1785011968019,394.8,51499.9,1124.1,8958.8,10178176,304619368,158030516980,2695170,2160363.339,15933044415,8,WALWrite
1785011969021,387.9,51541.3,1172.0,8958.9,10179962,304671302,158055720934,2696116,2160964.5560000003,15933044415,6,ClientRead
1785011970019,428.6,51385.2,1128.4,8959.3,10181852,304737723,158082283037,2697061,2161553.0110000004,15933044415,3,ClientRead
1785011971020,425.2,51471.1,1165.4,8958.5,10183853,304852322,158143683098,2698030,2162124.666,15933290175,9,ClientRead
1785011972019,373.1,51514.8,1148.7,8959.8,10185592,304915496,158178918672,2698971,2162698.8380000005,15934830271,7,WALWrite
1785011973020,397.0,51357.2,1135.0,8958.5,10187362,304969029,158205041149,2699941,2163281.1580000003,15935723199,3,ClientRead
1785011974020,382.6,51400.5,1188.3,8960.1,10189023,305018274,158228721885,2700814,2163807.117,15935796927,10,WALWrite
1785011975023,436.9,51505.8,1111.7,8960.2,10190542,305064495,158251298530,2701578,2164356.752,15935944383,6,ParallelFinish
1785011976020,469.3,51313.8,1155.4,8959.2,10192114,305142605,158279545706,2702298,2164938.297,15937410751,1,
1785011977020,380.9,51374.3,1156.2,8959.3,10193716,305238039,158339132740,2703121,2165521.798,15938033343,4,ClientRead
1785011978022,378.5,51426.8,1119.1,8959.1,10195246,305296682,158370193444,2703938,2166076.0539999995,15938729663,5,ClientRead
1785011979020,361.3,51460.0,1192.0,8960.6,10197011,305349664,158396042731,2704878,2166658.016,15938737855,6,ClientRead
1785011980020,405.8,51508.1,1125.3,8960.1,10198686,305399076,158420145019,2705692,2167189.505,15938836159,5,WALWrite
1785011981021,413.7,51380.2,1151.9,8959.2,10200450,305488857,158448930067,2706557,2167778.779,15946348223,9,WALWrite
1785011982020,364.2,51440.5,1200.0,8959.0,10202214,305591924,158516091224,2707455,2168375.1360000004,15955187391,9,ClientRead
1785011983022,389.9,51501.7,1128.5,8959.1,10204039,305646993,158543021651,2708363,2168949.286,15964927679,5,WALWrite
1785011984020,368.6,51340.9,1149.5,8960.3,10205722,305701887,158570177823,2709270,2169527.659,15972857535,2,ClientRead
1785011985020,438.4,51461.7,1154.5,8959.3,10207426,305772741,158598333054,2710171,2170167.633,15980828351,6,ClientRead
1785011986022,442.6,51292.0,1148.9,8960.0,10208825,305873437,158650757668,2710886,2170658.8950000005,15990691519,8,ClientRead
1785011987021,377.4,51348.3,1167.8,8960.1,10210414,305942081,158692457281,2711775,2171263.773,15998817983,14,WALWrite
1785011988019,397.9,51390.1,1129.6,8959.3,10212210,305996458,158718899585,2712667,2171885.458,16007132863,11,ClientRead
1785011989021,367.5,51450.3,1153.9,8960.9,10213768,306042430,158741001528,2713457,2172409.4660000005,16015431359,5,WALWrite
1785011990021,364.7,51492.5,1169.0,8959.4,10214990,306103239,158760598561,2714085,2172804.6790000005,16023754431,7,ClientRead
1785011991021,403.8,51381.5,1114.4,8959.4,10216845,306207839,158816696160,2715042,2173411.7230000007,16032208575,11,ClientRead
1785011992023,384.6,51439.7,1183.7,8958.4,10218493,306272866,158855979319,2715811,2173948.386,16041301695,1,ClientRead
1785011993022,380.1,51487.3,1144.0,8958.9,10220253,306323900,158880444369,2716711,2174512.5149999997,16050312895,4,ClientRead
1785011994020,374.7,51540.7,1140.3,8959.5,10222031,306378857,158907335314,2717695,2175117.719,16058562239,4,ClientRead
1785011995022,472.9,51423.0,1140.0,8960.6,10223787,306433203,158934472150,2718587,2175695.426,16065861311,9,ClientRead
1785011996024,488.4,51511.4,1123.9,8959.2,10225346,306528908,158963347338,2719363,2176250.371,16074069695,7,extend
1785011997022,457.8,51401.7,1210.4,8959.8,10226897,307055065,159061686098,2720186,2176869.379,16082269887,5,WALWrite
1785011998021,409.3,51401.3,1140.9,8959.7,10228516,307109298,159088637857,2720945,2177403.157,16090707647,3,ClientRead
1785011999020,387.3,51426.4,1164.2,8959.9,10230224,307162340,159114472857,2721845,2177984.582,16098694847,7,WALWrite
1785012000020,361.9,51470.0,1174.4,8958.5,10232056,307247394,159143081483,2722794,2178590.059,16107353791,12,ClientRead
1785012001020,394.2,51530.8,1113.0,8960.9,10233579,307344084,159207794940,2723591,2179108.475,16114964159,7,ClientRead
1785012002022,371.6,51367.7,1181.5,8958.7,10234932,307392928,159232110498,2724246,2179581.012,16123418303,8,WALWrite
1785012003020,367.2,51425.1,1146.2,8959.6,10236481,307441306,159255695144,2725026,2180111.638,16132495039,2,ClientRead
1785012004020,361.1,51473.3,1151.0,8959.2,10238021,307490399,159279730582,2725811,2180650.324,16140719807,7,WALWrite
1785012005019,399.6,51372.5,1160.0,8959.7,10239843,307566977,159308216946,2726675,2181284.9379999996,16148780735,5,ClientRead
1785012006021,476.0,51382.6,1127.3,8960.0,10241668,307672022,159370082667,2727604,2181867.3179999995,16157324991,8,WALWrite
1785012007020,375.1,51436.6,1185.0,8959.0,10243109,307723134,159395269047,2728309,2182344.203,16165779135,6,ClientRead
1785012008021,374.4,51463.5,1185.2,8959.6,10245123,307790275,159431673994,2729352,2182996.925,16174536383,5,ClientRead
1785012009022,394.6,51495.1,1170.2,8959.0,10246946,307844263,159457873220,2730279,2183561.956,16183408319,2,WalWrite
1785012010020,394.3,51330.9,1190.4,8959.3,10248734,307898370,159484067124,2731200,2184115.347,16192485055,5,WALWrite
1785012011020,404.5,51406.2,1144.3,8958.6,10250634,307999018,159509866574,2732114,2184697.9129999997,16201340607,6,WalSync
1785012012019,389.8,51439.0,1163.7,8959.4,10252537,308085614,159577972584,2733062,2185268.102,16210286271,2,WALWrite
1785012013020,387.9,51472.4,1169.6,8959.8,10254474,308139865,159604185762,2734053,2185854.962,16218945215,4,WALWrite
1785012014023,395.2,51506.8,1130.9,8959.7,10255996,308182975,159624942865,2734787,2186324.934,16227866303,6,ClientRead
1785012015020,411.5,51383.3,1195.8,8959.1,10257721,308230333,159647822124,2735627,2186843.577,16236852927,8,ClientRead
1785012016022,475.3,51413.0,1145.8,8959.2,10259397,308316386,159674968417,2736459,2187389.505,16246126271,5,WALInsert
1785012017022,394.4,51453.2,1184.9,8959.5,10261227,308414741,159743733320,2737352,2187946.8279999997,16254875327,4,WalSync
1785012018020,351.2,51481.4,1185.3,8957.9,10263290,308471919,159771427685,2738390,2188625.792,16263829183,6,ClientRead
1785012019022,395.7,51304.0,1128.2,8959.8,10265329,308527099,159798222053,2739429,2189223.2569999998,16273192639,3,ClientRead
1785012020020,415.0,51338.7,1174.6,8962.1,10267424,308592574,159825883702,2740429,2189846.025,16281482943,25,ClientRead
1785012021023,627.8,51369.7,1560.6,8964.8,10270242,308692493,159860987461,2741125,2190400.1969999997,16285537983,4,ClientRead
1785012022023,573.0,51427.4,1706.1,8964.8,10273138,308774916,159920441412,2741805,2190951.387,16288970431,13,WALWrite
1785012023022,573.4,51435.3,1760.8,8964.3,10275853,308833160,159949449017,2742514,2191482.1560000004,16292353727,16,ClientRead
1785012024020,546.8,51476.2,1716.0,8965.3,10278496,308885243,159974161968,2743250,2192005.139,16296826559,27,ClientRead
1785012025020,648.2,51514.0,1729.3,8963.4,10280769,308946853,159996503826,2743860,2192477.824,16299873983,7,WALWrite
1785012026023,713.1,51350.8,1686.1,8964.4,10283107,309029954,160026811620,2744460,2192968.7120000003,16302618303,6,ClientRead
1785012027020,693.7,51381.4,1663.1,8965.0,10285520,309313736,160096606566,2745048,2193434.074,16305174207,9,ClientRead
1785012028020,562.0,51424.4,1746.1,8964.6,10287649,309357984,160118694938,2745595,2193834.739,16308287167,16,WALWrite
1785012029020,559.8,51446.2,1633.6,8965.0,10290282,309417909,160150208417,2746364,2194430.5439999998,16311596735,9,WALWrite
1785012030020,571.6,51483.8,1764.1,8967.5,10292812,309466403,160173970229,2747077,2194969.632,16313669311,7,WALWrite
1785012031021,619.4,51507.5,1743.5,8967.6,10295591,309545343,160200903740,2747784,2195462.026,16315299519,9,WALWrite
1785012032021,606.7,51366.9,1697.6,8970.1,10298359,309633468,160244122949,2748459,2196007.0039999997,16317159103,9,WALWrite
1785012033021,575.7,51396.5,1741.1,8966.1,10301167,309707167,160296451098,2749253,2196575.9779999997,16319878847,11,ClientRead
1785012034021,570.3,51427.1,1761.9,8967.1,10303760,309758524,160323230705,2749954,2197080.556,16322721471,8,WALWrite
1785012035021,621.5,51473.1,1773.9,8967.4,10306437,309820005,160349152400,2750702,2197655.11,16324040383,10,WALWrite
1785012036020,615.2,51479.7,1798.8,8967.7,10308918,309867941,160374337935,2751311,2198164.5489999996,16325719743,11,ClientRead
1785012037023,599.1,51542.0,1791.1,8969.0,10311596,309961788,160407961912,2751995,2198677.851,16328423103,10,WALWrite
1785012038021,588.9,51375.4,1732.1,8967.9,10314261,310036810,160468369632,2752720,2199220.173,16330585791,10,ClientRead
1785012039022,576.3,51402.3,1746.7,8964.9,10316891,310089308,160495217460,2753510,2199757.7309999997,16332748479,4,WALWrite
1785012040021,575.6,51435.2,1753.5,8969.4,10319302,310137193,160519392733,2754158,2200257.0799999996,16334894783,14,ClientRead
1785012041021,597.8,51460.7,1760.6,8966.1,10321928,310227062,160543135269,2754878,2200786.889,16336844479,19,WALWrite
1785012042024,591.6,51499.9,1750.6,8970.9,10324671,310313249,160582398247,2755595,2201330.297,16339203775,5,WALWrite
1785012043022,532.8,51526.8,1731.1,8966.4,10327225,310368451,160607905663,2756318,2201817.7079999996,16340874943,18,ClientRead
1785012044021,592.5,51351.9,1737.6,8966.0,10329751,310417664,160633631907,2757026,2202372.4179999996,16342808255,5,WALWrite
1785012045022,643.5,51409.0,1747.3,8965.8,10332319,310478720,160659124776,2757692,2202871.593,16344954559,5,ClientRead
1785012046022,668.3,51517.2,1728.6,8969.0,10334934,310579341,160686363644,2758315,2203332.5149999997,16346420927,13,ClientRead
1785012047024,626.2,51451.6,1754.9,8970.7,10337399,310653792,160717699894,2758922,2203846.406,16348190399,5,ClientRead
1785012048021,556.2,51470.4,1762.7,8967.1,10340060,310707736,160743229995,2759662,2204394.698,16350049983,9,WALWrite
1785012049020,548.2,51501.3,1719.9,8972.2,10342653,310759678,160769896681,2760428,2204924.7339999997,16352155327,19,ClientRead
1785012050021,587.1,51523.8,1745.2,8966.7,10345166,310811251,160794471207,2761151,2205477.705,16354072255,15,ClientRead
1785012051022,607.0,51549.2,1731.0,8969.1,10347896,310907119,160821379790,2761890,2206013.707,16355514047,6,ClientRead
1785012052023,574.4,51387.7,1729.7,8967.5,10350778,310995360,160853992263,2762623,2206510.4250000003,16357611199,17,ClientRead
1785012053024,557.3,51416.9,1757.1,8970.2,10353353,311047184,160878752630,2763353,2207052.4039999996,16359208639,4,ClientRead
1785012054022,587.4,51435.0,1733.6,8969.2,10355806,311096203,160903532049,2764045,2207553.2049999996,16361592511,11,ClientRead
1785012055020,672.4,51481.3,1717.6,8964.7,10358394,311164730,160929551844,2764701,2208081.728,16363140799,18,WALWrite
1785012056020,725.7,51513.0,1723.5,8967.5,10360677,311210298,160954078493,2765276,2208576.833,16363878079,17,WALWrite
1785012057021,691.9,51364.7,1725.7,8972.0,10363085,311706565,161010062938,2765850,2209053.482,16364656319,5,WalSync
1785012058021,578.6,51338.7,1756.8,8969.0,10365623,311779968,161039254004,2766532,2209573.357,16366057151,22,WALWrite
1785012059021,574.2,51366.3,1771.1,8966.3,10368091,311834442,161065016848,2767240,2210094.5130000003,16368039615,14,ClientRead
1785012060020,598.3,51391.8,1709.4,8967.3,10370609,311884428,161090285955,2767895,2210613.853,16370235071,17,WALWrite
1785012061021,591.8,51425.6,1736.0,8966.3,10373236,311968925,161116083147,2768550,2211138.7750000004,16371750591,17,ClientRead
1785012062028,614.5,51452.2,1714.1,8968.9,10375939,312056779,161147415456,2769244,2211682.998,16373487295,9,WALWrite
1785012063020,570.2,51481.7,1763.1,8964.8,10378556,312120298,161173425611,2769960,2212216.72,16374634175,5,ClientRead
1785012064021,524.3,51507.5,1739.6,8965.8,10380977,312168030,161198016326,2770687,2212736.858,16376469183,10,WALWrite
1785012065020,606.2,51377.3,1729.3,8967.7,10383489,312217554,161223282008,2771389,2213254.237,16378574527,10,ClientRead
1785012066020,690.5,51402.7,1727.6,8972.4,10385998,312287286,161249410137,2772042,2213769.7679999997,16379221695,9,ClientRead
1785012067021,679.9,51423.0,1795.6,8969.4,10388559,312521336,161291417055,2772639,2214255.2399999998,16379229887,8,ClientRead
1785012068023,578.2,51411.9,1759.3,8965.1,10391177,312596289,161319677578,2773360,2214816.958,16379229887,7,ClientRead
1785012069020,559.7,51443.5,1766.2,8967.1,10393771,312649838,161346061413,2774088,2215341.355,16379229887,10,WALWrite
1785012070021,546.0,51462.2,1739.5,8968.2,10396269,312695394,161369106276,2774837,2215876.544,16379229887,18,ClientRead
1785012071022,577.6,51489.7,1769.8,8965.8,10398706,312769093,161393997924,2775513,2216387.887,16379229887,21,ClientRead
1785012072020,609.9,51517.0,1745.6,8966.6,10401253,312854774,161423820329,2776198,2216891.48,16379229887,9,ClientRead
1785012073021,556.2,51508.7,1734.8,8964.2,10403900,312923778,161450555687,2776911,2217463.593,16379229887,9,WALWrite
1785012074021,534.9,51366.3,1768.1,8973.9,10406333,312971864,161475564483,2777689,2218020.62,16379229887,19,WALWrite
1785012075024,603.5,51417.0,1725.0,8968.6,10408780,313017994,161499957732,2778389,2218518.2450000006,16379246271,25,WALWrite
1785012076024,650.8,51429.0,1765.1,8971.6,10411224,313236868,161535384850,2778977,2219020.6700000004,16379246271,5,ClientRead
1785012077021,601.9,51459.2,1740.0,8973.9,10413710,313318591,161565402425,2779639,2219519.1400000006,16379246271,8,ClientRead
1785012078021,582.5,51485.4,1770.3,8967.0,10416363,313396349,161595305775,2780318,2220049.0470000007,16379246271,5,ClientRead
1785012079022,556.6,51509.5,1738.7,8968.5,10418981,313446426,161620314614,2781121,2220666.0590000004,16379246271,0,
1785012080021,559.8,51534.1,1743.0,8967.4,10421392,313493828,161644682254,2781807,2221171.0010000006,16379246271,11,ClientRead
1785012081022,600.3,51366.7,1793.3,8971.8,10424132,313582994,161670470622,2782511,2221722.9910000004,16379246271,19,ClientRead
1785012082023,582.9,51391.3,1820.9,8964.1,10426936,313665229,161701317106,2783169,2222241.8860000004,16379246271,3,
1785012083021,608.7,51416.6,1735.5,8966.4,10429555,313729595,161726993159,2783844,2222724.657,16379246271,11,WALWrite
1785012084020,598.1,51441.1,1802.8,8967.1,10432207,313781437,161752155721,2784573,2223273.007,16379246271,10,ClientRead
1785012085022,619.9,51491.2,1731.7,8965.8,10434982,313833188,161777133514,2785281,2223812.015,16379246271,4,
1785012086023,644.4,51291.1,1750.4,8964.7,10437475,313908179,161802885736,2785917,2224318.3529999997,16379246271,20,WALWrite
1785012087022,582.0,51330.1,1818.8,8965.9,10440081,313992187,161835139946,2786577,2224844.542,16379246271,12,ClientRead
1785012088020,555.4,51354.0,1740.2,8964.0,10442732,314061823,161861663188,2787249,2225385.295,16379246271,8,ClientRead
1785012089021,585.6,51374.1,1828.3,8967.4,10445267,314111258,161885972036,2787921,2225935.7509999997,16379246271,10,WALWrite
1785012090021,606.5,51398.7,1787.6,8967.8,10447976,314165130,161911882140,2788626,2226464.1999999997,16379246271,10,ClientRead
1785012091020,588.7,51432.3,1725.9,8966.5,10450603,314242733,161938225590,2789345,2226960.946,16379246271,8,WALWrite
1785012092024,554.5,51458.9,1759.1,8968.0,10453184,314328854,161969628060,2790037,2227472.648,16379246271,9,ClientRead
1785012093022,561.8,51493.9,1753.4,8965.3,10455927,314401202,161996746274,2790825,2228035.206,16379246271,9,WALWrite
1785012094022,544.2,51512.5,1740.5,8966.4,10458529,314450253,162021204163,2791563,2228597.937,16379246271,7,ClientRead
1785012095020,608.1,51561.8,1754.2,8964.7,10461025,314499351,162047225782,2792281,2229124.539,16379246271,7,ClientRead
1785012096025,628.7,51358.0,1757.1,8965.7,10463619,314580006,162074168257,2792945,2229631.591,16379246271,5,WALWrite
1785012097021,569.8,51392.2,1780.6,8966.0,10466299,314667581,162102672331,2793622,2230135.345,16379246271,10,WALWrite
1785012098021,599.5,51430.0,1750.2,8970.3,10468987,314743206,162132662726,2794375,2230705.6520000007,16379246271,9,ClientRead
1785012099022,547.3,51473.3,1742.4,8970.4,10471541,314792677,162159991464,2795105,2231221.636000001,16379246271,8,WALWrite
1785012100023,537.7,51524.7,1773.7,8965.2,10474058,314836747,162182120525,2795841,2231775.698000001,16379246271,6,ClientRead
1785012101022,574.6,51411.8,1727.9,8967.0,10476621,314915200,162251569920,2796521,2232274.8210000005,16379246271,14,ClientRead
1785012102024,609.8,51486.1,1781.3,8968.4,10479174,314995680,162320646393,2797132,2232779.4330000007,16379246271,13,WALWrite
1785012103023,559.1,51534.9,1715.5,8966.7,10481832,315074095,162381935461,2797853,2233334.2310000006,16379246271,14,ClientRead
1785012104021,543.0,51356.1,1732.9,8972.9,10484378,315124545,162407950597,2798567,2233890.6010000003,16379246271,20,WALWrite
1785012105021,633.4,51415.5,1793.8,8970.3,10487005,315179593,162442298137,2799267,2234426.2060000002,16379246271,24,WALWrite
1785012106023,682.9,51519.4,1766.8,8966.9,10489595,315263768,162516646901,2799856,2234925.5970000005,16379246271,15,WALWrite
1785012107021,638.0,51488.0,1771.0,8968.7,10491727,315324933,162561196193,2800249,2235407.994000001,16379246271,25,WALWrite
1785012108024,655.4,51434.4,1767.8,8969.3,10493712,315385945,162607719025,2800562,2235894.2220000005,16379246271,12,WALWrite
1785012109023,656.0,51456.4,1800.6,8968.5,10496237,315902712,163272853566,2801118,2236386.8810000005,16379246271,7,WALWrite
1785012110021,585.2,51504.0,1781.3,8969.9,10498745,315951705,163296575874,2801768,2236883.9430000004,16379246271,13,WALWrite
1785012111027,608.4,51371.4,1749.3,8967.2,10501397,316029772,163362885658,2802422,2237379.6190000004,16379246271,5,ClientRead
1785012112021,575.5,51450.4,1832.0,8971.1,10503907,316111144,163425762443,2802954,2237854.0980000007,16379246271,9,ClientRead
1785012113021,599.8,51488.7,1750.5,8969.4,10506490,316185037,163481459367,2803529,2238352.0950000007,16379246271,6,
1785012114021,588.4,51522.2,1736.1,8970.5,10509080,316241409,163509900212,2804216,2238885.500000001,16379246271,12,ClientRead
1785012115023,641.0,51377.2,1768.7,8976.5,10511548,316289473,163534001457,2804873,2239423.585000001,16379246271,19,WALWrite
1785012116021,662.1,51447.1,1779.3,8967.1,10514050,316361918,163598824406,2805404,2239932.6680000005,16379246271,26,WALWrite
1785012117023,588.0,51523.4,1794.8,8968.1,10516715,316447109,163668769424,2805989,2240459.0370000005,16379246271,29,WALWrite
1785012118020,549.8,51369.0,1759.1,8966.9,10519438,316521604,163727256444,2806648,2240997.5250000004,16379246271,7,WALWrite
1785012119021,558.3,51388.4,1702.7,8969.3,10521968,316578726,163757884385,2807413,2241577.1480000005,16379246271,6,WALWrite
1785012120022,541.5,51434.3,1761.5,8975.6,10524520,316627510,163782435599,2808129,2242104.7250000006,16379246271,12,WALWrite
1785012121023,596.6,51504.7,1750.0,8967.3,10527204,316712626,163859080610,2808803,2242653.1800000006,16379246271,8,ClientRead
1785012122020,570.1,51371.4,1761.1,8972.9,10529773,316793080,163923845360,2809477,2243167.5590000004,16379246271,22,WALWrite
1785012123022,561.4,51417.9,1753.1,8968.1,10532472,316868172,163975310874,2810163,2243701.3490000004,16379246271,4,ClientRead
1785012124021,523.2,51450.8,1755.6,8965.7,10534982,316914681,163998565015,2810864,2244247.2060000007,16379246271,16,WALWrite
1785012125023,603.8,51512.0,1753.6,8965.9,10537286,316960099,164022587994,2811534,2244731.3880000007,16379246271,15,ClientRead
1785012126021,671.1,51378.2,1720.6,8967.6,10539798,317032108,164087246806,2812140,2245298.0930000003,16379262655,20,WALWrite
1785012127022,566.3,51445.6,1755.9,8967.6,10542230,317110996,164154679331,2812704,2245794.6410000008,16379262655,8,WALWrite
1785012128020,557.8,51487.0,1776.4,8971.2,10544916,317189880,164212567331,2813408,2246355.4160000007,16379262655,19,ClientRead
1785012129021,547.7,51317.6,1737.2,8966.1,10547335,317234299,164234617141,2814129,2246894.598,16379262655,9,ClientRead
1785012130024,531.4,51371.9,1776.4,8967.4,10549894,317285312,164260514777,2814854,2247444.4290000005,16379262655,14,WALWrite
1785012131022,588.2,51459.3,1750.4,8968.4,10552462,317364421,164334744108,2815501,2247959.5050000004,16379262655,12,ClientRead
1785012132022,582.4,51542.2,1769.6,8964.4,10555162,317445773,164405785231,2816152,2248463.4420000007,16379262655,28,ClientRead
1785012133020,567.1,51381.0,1804.7,8968.5,10557977,317518786,164455063172,2816887,2248987.8580000005,16379262655,17,WALWrite
1785012134022,550.5,51411.0,1741.2,8968.6,10560591,317569376,164481108399,2817632,2249501.1540000006,16379262655,11,WALWrite
1785012135023,590.2,51478.9,1707.1,8972.0,10563079,317616018,164505496668,2818414,2250074.4300000006,16379279039,13,ClientRead
1785012136022,635.1,51392.9,1751.1,8969.5,10565538,317683840,164564837217,2819009,2250600.1070000003,16379279039,15,ClientRead
1785012137021,612.7,51464.6,1770.0,8965.8,10567815,317763646,164633659013,2819577,2251093.023,16379279039,8,relation
1785012138022,562.4,51279.5,1732.4,8968.8,10570523,318044874,164706266223,2820251,2251600.4590000007,16332945087,16,ClientRead
1785012139023,550.2,51299.7,1737.7,8968.9,10573105,318101723,164736976410,2820990,2252153.8640000005,16332945087,2,ClientRead
1785012140021,554.5,51346.1,1745.8,8966.8,10575666,318149370,164761199702,2821707,2252681.1170000006,16332945087,12,WALWrite
1785012141021,586.4,51420.0,1772.4,8966.1,10578286,318233426,164836771738,2822335,2253164.6100000003,16332945087,8,WALWrite
1785012142021,574.5,51495.3,1735.5,8971.2,10580902,318314421,164903202508,2822970,2253675.6430000006,16332945087,15,WALWrite
1785012143020,561.0,51537.7,1767.7,8969.5,10583449,318382217,164946367498,2823624,2254221.1450000005,16332945087,10,ClientRead
1785012144022,558.5,51376.8,1732.4,8966.8,10585934,318433946,164972727039,2824308,2254780.380000001,16332945087,6,WALWrite
1785012145023,595.1,51446.6,1711.8,8969.5,10588361,318479928,164995797678,2825002,2255309.5950000007,16332945087,9,WALWrite
1785012146021,653.2,51336.7,1720.6,8966.3,10590855,318571160,165080348967,2825617,2255845.744000001,16332945087,5,WALWrite
1785012147023,608.0,51381.4,1771.8,8968.9,10593475,318654725,165147866035,2826243,2256397.165000001,16332945087,7,ClientRead
1785012148021,545.3,51434.3,1753.1,8965.2,10595922,318724171,165193807959,2826878,2256887.4210000006,16332945087,6,WALWrite
1785012149022,560.5,51458.1,1706.6,8977.5,10598413,318772250,165218222177,2827553,2257419.252000001,16332945087,4,ClientRead
1785012150022,569.8,51518.3,1743.5,8966.6,10600938,318823391,165245460190,2828259,2257936.781000001,16332945087,6,WALWrite
1785012151021,568.2,51402.8,1761.1,8965.1,10603535,318905169,165320022146,2828974,2258487.5870000008,16332945087,5,WALWrite
1785012152021,604.8,51475.3,1739.7,8969.8,10605969,318984688,165387433018,2829596,2258969.4960000007,16333878975,0,
1785012153021,593.9,51532.4,1811.6,8967.3,10608623,319061220,165438453845,2830254,2259494.1890000007,16337204927,6,WALWrite
1785012154024,570.1,51373.8,1777.7,8962.7,10611194,319113470,165463399008,2830921,2260026.0360000003,16340268735,16,WALWrite
1785012155020,634.0,51446.1,1740.2,8969.7,10613868,319165606,165489207861,2831591,2260561.9620000008,16342603455,20,ClientRead
1785012156022,611.2,51514.7,1741.8,8969.1,10616385,319250898,165568016348,2832219,2261054.3370000003,16343971519,5,ClientRead
1785012157020,591.9,51394.3,1738.2,8966.0,10619071,319330972,165632503795,2832903,2261622.5580000007,16345618111,8,ClientRead
1785012158023,593.7,51435.9,1777.8,8967.3,10621592,319399843,165676722647,2833509,2262099.9440000006,16347387583,6,ClientRead
1785012159021,556.7,51476.1,1760.8,8964.7,10624270,319454113,165703395880,2834238,2262677.3930000006,16349705919,10,WALInsert
1785012160022,590.5,51529.8,1723.7,8971.4,10626787,319512391,165740619658,2834893,2263182.6640000003,16352163519,13,ClientRead
1785012161021,600.7,51389.6,1772.4,8966.7,10629287,319593132,165804486344,2835519,2263723.324000001,16354514623,18,WALWrite
1785012162025,615.8,51466.2,1741.4,8968.1,10631905,319672878,165866108587,2836107,2264245.003000001,16356775615,11,ClientRead
1785012163020,593.3,51525.8,1760.4,8975.0,10634488,319724548,165891334977,2836699,2264770.5670000007,16359872191,9,WALWrite
1785012164020,577.0,51366.8,1780.3,8970.9,10637127,319789998,165929561113,2837364,2265274.2140000006,16362665663,22,ClientRead
1785012165021,631.7,51434.1,1725.1,8968.9,10639732,319842186,165955124470,2838037,2265817.5800000005,16365180607,18,WALWrite
1785012166023,680.3,51338.9,1795.3,8971.9,10642454,319918075,166021168131,2838666,2266358.2020000005,16367122111,12,WALWrite
1785012167021,734.6,51419.1,1775.2,8969.1,10644930,319996153,166084450377,2839244,2266901.5510000004,16368998079,12,ClientRead
1785012168020,587.5,51481.5,1746.8,8968.6,10647574,320069620,166134493683,2839830,2267418.7140000006,16289846975,8,WALWrite
1785012169021,610.9,51526.3,1810.2,8968.2,10650042,320125949,166162916185,2840435,2267954.517,16202020543,10,ClientRead
1785012170020,658.7,51353.5,1769.7,8966.3,10652517,320669626,166222547139,2841054,2268503.055,16204797631,6,WALWrite
1785012171021,618.1,51436.6,1803.9,8971.0,10655112,320734689,166272035143,2841675,2269009.5440000007,16207402687,14,WALWrite
1785012172021,609.0,51517.7,1780.9,8966.9,10657911,320824055,166344536589,2842278,2269522.7130000005,16209835711,4,WALWrite
1785012173020,607.3,51369.5,1726.1,8968.3,10660578,320900157,166404988502,2842890,2270046.164000001,16213153471,17,ClientRead
1785012174021,581.3,51412.2,1790.1,8972.4,10663387,320963760,166438385771,2843604,2270565.6010000007,16216192703,4,ClientRead
1785012175023,667.0,51486.5,1716.2,8968.0,10665818,321009474,166460141203,2844251,2271076.3770000003,16219117247,16,WALWrite
1785012176021,691.9,51443.0,1797.0,8971.0,10668314,321169471,166568952886,2844785,2271644.3050000006,16220362431,9,WALWrite
1785012177023,628.1,51471.0,1768.0,8968.9,10670858,321265341,166635388131,2845324,2272110.4110000003,16220362431,12,ClientRead
1785012178021,608.3,51543.8,1730.4,8969.7,10673584,321355047,166694227537,2845967,2272621.5160000003,16220362431,11,ClientRead
1785012179024,576.8,51373.2,1801.3,8967.9,10676244,321425621,166736401146,2846701,2273170.5730000003,16220362431,3,WalWrite
1785012180022,547.7,51429.3,1765.3,8966.0,10678852,321478862,166762534980,2847388,2273704.9690000005,16220362431,18,WALWrite
1785012181022,580.0,51509.9,1743.6,8965.3,10681281,321563109,166835409391,2847996,2274172.8010000004,16220362431,11,WALWrite
1785012182021,554.9,51385.4,1785.4,8964.7,10684045,321660742,166891288388,2848693,2274738.5450000004,16220362431,14,ClientRead
1785012183021,602.2,51435.8,1767.0,8964.9,10686745,321738413,166949956752,2849361,2275266.3920000005,16220362431,4,ClientRead
1785012184021,575.5,51477.1,1832.2,8966.2,10689374,321793231,166976800681,2850071,2275829.3030000003,16220362431,16,WALWrite
1785012185022,613.7,51544.3,1798.1,8967.1,10692002,321844630,167002333085,2850744,2276349.2160000005,16220362431,15,WALWrite
1785012186023,649.4,51436.9,1741.6,8971.7,10694457,321917132,167069649223,2851312,2276873.427,16220362431,14,ClientRead
1785012187021,597.0,51470.9,1794.1,8966.3,10697040,322012950,167123542009,2851955,2277391.256,16220362431,2,ClientRead
1785012188021,588.1,51531.1,1769.4,8970.4,10699603,322088419,167183912022,2852592,2277886.5450000004,16220362431,2,ClientRead
1785012189021,535.1,51369.5,1824.1,8968.1,10702245,322147499,167215607260,2853348,2278453.2180000003,16220362431,18,ClientRead
1785012190021,567.0,51430.2,1803.4,8964.8,10704665,322194387,167238937490,2854024,2278987.9820000003,16230807231,18,WALWrite
1785012191022,596.7,51529.9,1806.6,8970.5,10707235,322262177,167293249013,2854643,2279517.896,16245610175,11,ClientRead
1785012192022,588.6,51412.6,1852.2,8969.2,10709872,322359220,167357788551,2855300,2280062.771,16259798719,10,ClientRead
1785012193023,631.2,51483.0,1791.6,8965.2,10712585,322443902,167415375801,2855988,2280602.395,16273659583,11,extend
1785012194024,583.8,51541.4,1830.0,8968.2,10715190,322512329,167456851864,2856680,2281109.52,16287749823,19,WALWrite
1785012195027,586.2,51423.3,1822.8,8967.8,10717931,322579396,167508534897,2857395,2281675.845,16301594303,14,ClientRead
1785012196022,713.8,51398.3,1781.9,8967.3,10720457,322673603,167574909635,2857940,2282207.1610000003,16316126911,8,ClientRead
1785012197022,732.0,51410.2,1780.8,8968.6,10723032,322979130,167644183318,2858545,2282728.0870000003,16326170303,7,ClientRead
1785012198020,612.5,51443.5,1844.9,8967.8,10725277,323023036,167666454219,2859068,2283197.236,16326170303,15,WALWrite
1785012199021,598.2,51479.9,1809.7,8964.1,10727927,323100572,167716757484,2859762,2283749.8550000004,16326170303,22,ClientRead
1785012200024,557.6,51540.9,1765.0,8964.6,10730546,323147594,167739245257,2860474,2284332.5020000003,16326170303,20,ClientRead
1785012201021,545.9,51419.5,1740.2,8965.2,10733057,323228950,167812419158,2861068,2284856.6930000004,16326170303,9,WALWrite
1785012202024,580.2,51486.1,1795.5,8966.7,10735699,323325823,167869705870,2861722,2285373.2860000003,16326170303,20,ClientRead
1785012203025,584.1,51540.8,1806.4,8968.8,10738446,323403136,167926806963,2862397,2285898.327,16326170303,13,ClientRead
1785012204024,556.1,51379.0,1737.8,8967.9,10740962,323458540,167954895007,2863056,2286392.4350000005,16326170303,7,ClientRead
1785012205023,599.2,51447.6,1796.9,8966.6,10743535,323507084,167979058940,2863776,2286932.8570000003,16326170303,13,ClientRead
1785012206021,699.8,51348.0,1802.2,8970.3,10746158,323611215,168070400376,2864367,2287491.2790000006,16326170303,2,WalSync
1785012207020,602.8,51376.2,1835.6,8967.1,10748564,323660175,168094952570,2864889,2287937.659000001,16326170303,8,WALWrite
1785012208021,585.5,51439.9,1807.8,8967.0,10751347,323751325,168152077521,2865564,2288454.872000001,16326170303,18,ClientRead
1785012209020,592.6,51478.9,1803.4,8966.2,10754062,323824447,168196077195,2866254,2288985.0490000006,16326170303,15,WALWrite
1785012210023,560.8,51537.0,1792.1,8969.8,10756822,323890482,168244108374,2866971,2289544.2110000006,16326170303,10,WALWrite
1785012211022,600.0,51415.6,1717.3,8968.6,10759475,323987440,168312154535,2867644,2290080.6740000006,16326170303,10,WALWrite
1785012212021,568.4,51489.0,1773.9,8969.0,10762029,324070716,168372506144,2868303,2290568.644000001,16326170303,12,ClientRead
1785012213021,516.6,51542.6,1793.1,8969.7,10764662,324138434,168412549119,2869032,2291095.9220000003,16326170303,5,ClientRead
1785012214021,563.8,51381.4,1822.2,8967.7,10767095,324184604,168436466922,2869731,2291615.679000001,16326170303,15,ClientRead
1785012215021,605.1,51454.9,1828.2,8971.7,10769708,324241186,168474937879,2870400,2292127.3290000004,16326170303,21,WALWrite
1785012216020,691.9,51367.6,1775.9,8966.8,10772317,324329028,168552450011,2870996,2292656.3580000005,16326170303,8,WALWrite
1785012217021,698.7,51420.2,1743.4,8973.8,10774703,324564838,168622646069,2871556,2293171.7510000006,16326170303,17,ClientRead
1785012218022,571.2,51451.3,1804.5,8967.4,10777411,324643846,168676823019,2872251,2293717.5880000005,16326170303,13,ClientRead
1785012219022,555.9,51491.1,1810.3,8970.7,10779851,324692485,168700262315,2872937,2294216.9950000006,16326170303,31,ClientRead
1785012220021,554.5,51547.7,1849.5,8966.2,10782422,324745534,168726897871,2873650,2294749.259,16326170303,11,ClientRead
1785012221023,591.4,51426.8,1776.3,8970.9,10785119,324833944,168802527222,2874281,2295330.5650000004,16326170303,12,ClientRead
1785012222022,583.0,51499.0,1819.6,8966.4,10787777,324932911,168856047102,2874919,2295887.9400000004,16326178495,14,WALWrite
1785012223025,562.7,51355.4,1766.9,8967.3,10790472,325006876,168914081019,2875558,2296408.9840000006,16326178495,14,WALWrite
1785012224022,539.7,51393.0,1734.8,8965.5,10793126,325064608,168944034261,2876317,2296975.7650000006,16326178495,9,WALWrite
1785012225024,537.6,51480.5,1752.2,8964.6,10795698,325119269,168980490188,2877068,2297534.2350000003,16326178495,29,WALWrite
1785012226022,654.3,51441.6,1773.1,8968.1,10798323,325223353,169060366322,2877712,2298074.4300000006,16326178495,9,ClientRead
1785012227020,626.9,51404.1,1767.8,8965.9,10800717,325307656,169117220994,2878314,2298603.7700000005,16326178495,1,
1785012228021,543.4,51466.6,1814.5,8969.1,10803401,325379682,169161609034,2879017,2299140.8130000005,16326178495,8,ClientRead
1785012229021,547.5,51493.8,1727.1,8967.9,10806053,325428025,169185547440,2879744,2299701.6510000005,16326178495,11,ClientRead
1785012230020,530.9,51549.7,1782.9,8968.2,10808583,325481803,169222089107,2880478,2300242.3960000006,16326178495,16,ClientRead
1785012231021,542.3,51435.7,1784.8,8969.9,10811292,325579549,169298820902,2881152,2300772.4460000005,16326178495,33,ClientRead
1785012232023,564.1,51503.5,1770.6,8963.8,10813898,325667310,169358318343,2881806,2301299.4040000006,16326178495,16,WALWrite
1785012233022,569.5,51559.1,1814.7,8968.6,10816661,325739203,169401962621,2882475,2301833.9640000006,16326178495,12,ClientRead
1785012234023,574.7,51393.2,1782.9,8966.0,10819287,325790998,169426972822,2883156,2302346.6890000002,16326178495,8,ClientRead
1785012235022,638.7,51460.4,1746.6,8965.8,10821927,325841784,169452220199,2883934,2302923.2010000004,16326178495,17,WALWrite
1785012236021,661.5,51372.6,1761.4,8970.0,10824306,325918183,169524625775,2884535,2303470.9610000006,16326178495,9,WALWrite
1785012237021,633.3,51249.6,1757.3,8967.1,10826755,326010306,169572838379,2885112,2304002.607000001,16326178495,14,WALWrite
1785012238022,616.1,51280.7,1798.3,8964.8,10829243,326462801,169659656689,2885762,2304570.3860000004,16326178495,6,ClientRead
1785012239023,554.5,51313.5,1772.7,8969.6,10831678,326519485,169692492648,2886422,2305072.9950000006,16326178495,8,ClientRead
1785012240023,545.4,51364.8,1808.8,8965.8,10834261,326570440,169718844106,2887215,2305667.340000001,16326178495,14,ClientRead
1785012241020,570.8,51438.4,1789.1,8968.2,10836911,326656154,169782332554,2887934,2306243.909000001,16326178495,8,ClientRead
1785012242023,556.7,51508.5,1757.0,8965.2,10839514,326754881,169834886973,2888594,2306729.6800000006,16326178495,7,ClientRead
1785012243020,535.5,51368.0,1779.4,8968.1,10842140,326830468,169892244820,2889284,2307265.9480000003,16326178495,11,WALWrite
1785012244022,524.4,51406.5,1778.2,8966.4,10844600,326880692,169917081594,2890010,2307812.4930000002,16326178495,20,ClientRead
1785012245024,581.2,51469.6,1744.8,8964.0,10847069,326939053,169961786472,2890725,2308323.464,16326170303,13,WALWrite
1785012246020,575.2,51535.8,1784.7,8967.5,10849309,326985357,169986249352,2891276,2308863.1190000004,16326170303,13,ClientRead
1785012247021,568.3,51402.6,1764.7,8967.8,10851830,327082897,170057530523,2891901,2309396.2360000005,16326170303,7,WALWrite
1785012248021,549.5,51464.8,1787.6,8964.1,10854519,327171503,170115881340,2892626,2309948.9270000006,16326170303,13,ClientRead
1785012249021,522.8,51506.4,1738.0,8967.3,10857141,327236623,170156905442,2893407,2310539.0480000004,16326170303,9,WALWrite
1785012250020,530.6,51558.5,1797.0,8966.8,10859725,327287182,170182744070,2894100,2311066.2210000004,16326170303,2,ClientRead
1785012251021,570.5,51440.9,1823.3,8967.5,10862375,327378359,170262721520,2894761,2311624.6400000006,16326170303,11,ClientRead
1785012252021,587.4,51508.2,1779.3,8966.0,10865121,327475440,170317356050,2895466,2312144.9700000007,16326170303,14,ClientRead
1785012253022,575.9,51357.2,1821.4,8970.0,10867769,327550892,170371033995,2896096,2312664.8350000004,16326170303,4,ClientRead
1785012254025,527.5,51385.5,1752.4,8969.8,10870499,327607953,170399684479,2896843,2313254.8320000004,16326170303,17,WALWrite
1785012255022,571.3,51474.7,1699.2,8966.3,10872860,327652266,170421850659,2897549,2313795.464,16326170303,21,WALWrite
1785012256021,625.8,51358.9,1771.9,8965.7,10875215,327736906,170506492492,2898115,2314314.929000001,16326170303,6,ClientRead
1785012257022,706.2,51374.6,1748.2,8972.7,10877565,327994828,170575492136,2898675,2314826.1370000006,16326170303,6,ClientRead
1785012258021,538.7,51442.4,1825.8,8965.8,10880216,328070037,170633798782,2899359,2315347.6690000007,16326170303,2,WALWrite
1785012259021,552.4,51478.3,1735.7,8971.8,10882784,328124380,170661557684,2900106,2315883.4600000004,16326170303,14,WALWrite
1785012260022,546.6,51510.7,1771.2,8966.5,10885298,328173890,170686654878,2900835,2316420.9350000005,16326170303,19,WALWrite
1785012261024,550.6,51406.4,1778.2,8965.3,10887986,328251591,170757163580,2901528,2316984.4870000007,16326170303,14,WALWrite
1785012262020,540.0,51470.3,1745.5,8969.0,10890590,328352210,170808994395,2902179,2317504.7310000006,16326170303,1,WalSync
1785012263021,558.4,51526.1,1767.7,8969.3,10893267,328427104,170871006064,2902888,2318044.3210000005,16326530751,13,ClientRead
1785012264023,519.9,51366.8,1776.2,8967.9,10895985,328488860,170903858313,2903662,2318614.4290000005,16328758975,8,ClientRead
1785012265021,564.2,51438.0,1740.3,8966.8,10898435,328532984,170926135437,2904338,2319153.9920000006,16330675903,3,WALWrite
1785012266026,667.0,51314.5,1727.3,8968.0,10901077,328758957,171030439725,2905004,2319709.7110000006,16330995391,13,ClientRead
1785012267021,552.5,51388.0,1800.4,8970.6,10903408,328802048,171053393467,2905633,2320185.011000001,16330995391,8,ClientRead
1785012268021,542.6,51447.4,1809.2,8974.6,10906052,328888665,171111571842,2906325,2320705.238000001,16330995391,3,ClientRead
1785012269022,531.4,51480.2,1778.7,8967.1,10908663,328952648,171151847194,2907139,2321250.5960000004,16330995391,9,ClientRead
1785012270021,536.0,51529.6,1730.7,8968.8,10911270,329001931,171176395448,2907956,2321831.0540000005,16330995391,6,WALWrite
1785012271024,561.6,51405.8,1775.1,8966.5,10913889,329101601,171251816775,2908613,2322400.8540000003,16330995391,10,ClientRead
1785012272021,552.9,51475.2,1793.4,8965.9,10916384,329189800,171306354394,2909260,2322864.356,16330995391,5,ClientRead
1785012273021,548.1,51536.1,1803.9,8966.2,10919147,329262376,171354939930,2909995,2323463.2430000007,16330995391,16,ClientRead
1785012274023,512.8,51368.4,1808.1,8968.5,10921653,329307885,171377606874,2910720,2323991.051000001,16330995391,7,WALWrite
1785012275020,587.8,51445.3,1746.6,8965.9,10924204,329356707,171402898539,2911447,2324548.8990000007,16330995391,15,WALWrite
1785012276020,651.5,51403.0,1814.6,8966.8,10926629,329424381,171464992943,2912012,2325092.3900000006,16330995391,10,ClientRead
1785012277021,637.0,51412.2,1784.5,8968.3,10929135,329673176,171536412757,2912599,2325621.2160000005,16330995391,8,WALWrite
1785012278021,576.6,51441.6,1792.5,8968.2,10931668,329750794,171591001560,2913259,2326150.6300000004,16330995391,14,ClientRead
1785012279026,515.1,51491.1,1793.7,8966.9,10934325,329813125,171629343536,2913975,2326711.816,16330995391,7,WALWrite
1785012280022,542.3,51528.4,1791.2,8967.1,10936900,329876184,171680030156,2914703,2327257.8090000004,16330995391,14,ClientRead
1785012281022,577.3,51414.0,1810.7,8969.8,10939370,329925399,171706010415,2915308,2327769.161,16330995391,9,ClientRead
1785012282021,543.5,51482.4,1801.2,8971.6,10941998,330021486,171772068209,2915980,2328283.234,16330995391,13,ClientRead
1785012283021,558.4,51546.5,1811.5,8969.3,10944653,330103591,171825834431,2916628,2328782.424,16330995391,15,WALWrite
1785012284022,538.0,51379.8,1758.6,8965.7,10947274,330171548,171870134176,2917290,2329316.659,16330995391,1,WalSync
1785012285021,569.0,51455.4,1765.2,8969.1,10950010,330227274,171905667391,2918025,2329894.791,16330995391,12,ClientRead
1785012286021,673.3,51407.8,1741.0,8968.3,10952701,330525647,171995595681,2918671,2330444.1080000005,16330995391,10,WALWrite
1785012287021,618.0,51393.2,1811.7,8965.7,10955348,330612729,172048222949,2919315,2330968.7830000003,16330995391,26,WALWrite
1785012288021,544.0,51460.5,1798.8,8967.4,10957978,330661265,172073773419,2919974,2331487.8640000005,16330995391,9,ClientRead
1785012289024,550.7,51501.3,1866.2,8969.9,10960821,330737755,172127965211,2920734,2332087.0800000005,16330995391,5,WALWrite
1785012290023,571.4,51528.0,1797.3,8965.2,10963698,330788002,172152845822,2921499,2332617.8580000005,16330995391,8,WALWrite
1785012291021,582.4,51422.2,1776.4,8963.9,10966419,330878060,172235602739,2922180,2333148.416,16330995391,14,WALWrite
1785012292022,543.8,51496.6,1809.2,8973.5,10969150,330969747,172294621731,2922807,2333669.7680000006,16330995391,11,WALWrite
1785012293025,559.6,51545.2,1798.6,8971.7,10972066,331042489,172346818106,2923572,2334240.9340000004,16330995391,9,ClientRead
1785012294020,531.0,51384.1,1829.4,8967.9,10974712,331090740,172371683992,2924249,2334769.7140000006,16330995391,7,ClientRead
1785012295021,614.9,51463.4,1787.5,8969.7,10977409,331138641,172396000831,2924954,2335321.0030000005,16330995391,9,ClientRead
1785012296022,679.8,51417.7,1777.9,8965.6,10980052,331216560,172472066913,2925538,2335928.7090000007,16330995391,5,ClientRead
1785012297023,661.6,51419.0,1775.8,8967.1,10982748,331460948,172533470610,2926134,2336413.8840000005,16330995391,10,ClientRead
1785012298024,552.5,51461.3,1874.2,8967.5,10985470,331532663,172592204835,2926799,2336945.356,16330995391,16,WALWrite
1785012299023,557.6,51499.0,1832.0,8966.3,10988303,331587593,172623253280,2927549,2337499.6050000004,16330995391,19,ClientRead
1785012300020,563.1,51544.8,1866.6,8966.8,10991223,331637687,172648354070,2928234,2338049.078,16330995391,8,ClientRead
1785012301024,599.9,51428.1,1787.5,8969.0,10994207,331721190,172716698265,2928893,2338559.7730000005,16330995391,11,ClientRead
1785012302021,600.3,51492.9,1787.5,8964.1,10997193,331819663,172772647922,2929595,2339059.021,16330995391,6,ClientRead
1785012303022,571.0,51546.9,1789.5,8969.8,11000221,331895336,172829754023,2930284,2339616.7560000005,16330995391,8,ClientRead
1785012304021,540.4,51383.4,1821.4,8967.5,11003059,331949620,172858949430,2930992,2340187.0660000006,16330995391,4,ClientRead
1785012305023,589.8,51447.6,1816.8,8966.4,11006074,332001666,172888319948,2931690,2340750.8920000005,16330995391,11,WALWrite
1785012306022,623.8,51510.8,1790.0,8968.3,11008971,332092466,172965393404,2932319,2341283.8410000005,16330995391,13,ClientRead
1785012307021,584.9,51373.1,1824.1,8966.8,11011804,332177120,173014046678,2932929,2341795.7950000004,16330995391,14,ClientRead
1785012308022,611.6,51437.6,1771.2,8965.3,11014854,332253184,173069096009,2933622,2342320.4160000007,16330995391,8,ClientRead
1785012309020,551.5,51481.3,1817.8,8969.9,11017889,332309533,173098865038,2934350,2342876.4300000006,16330995391,12,ClientRead
1785012310023,554.7,51522.0,1887.5,8968.9,11020808,332354151,173120808791,2935067,2343394.3770000003,16330995391,4,WALWrite
1785012311021,640.4,51410.9,1838.0,8970.2,11023957,332440390,173192588835,2935651,2343907.3500000006,16330995391,14,ClientRead
1785012312022,645.9,51470.7,1908.9,8964.6,11027267,332536515,173243577510,2936203,2344387.999000001,16330995391,15,WALWrite
1785012313021,647.2,51517.3,1838.1,8965.3,11030580,332613530,173295488667,2936785,2344885.3950000005,16330995391,27,WALWrite
1785012314021,634.8,51362.0,1812.4,8968.3,11033979,332685621,173337082004,2937478,2345427.9130000006,16330995391,9,WALWrite
1785012315021,617.1,51439.1,1864.6,8966.2,11037211,332740125,173366637430,2938145,2345933.6630000006,16330995391,21,ClientRead
1785012316021,735.9,51393.4,1867.0,8965.8,11040435,332829531,173441803750,2938719,2346406.394000001,16330995391,20,WALWrite
1785012317021,727.2,51394.2,1784.5,8971.8,11043754,333080487,173500043057,2939329,2346940.6700000004,16330995391,19,WALWrite
1785012318025,640.2,51428.7,1863.7,8965.1,11047102,333151941,173553692953,2939918,2347437.4390000002,16330995391,9,ClientRead
1785012319021,631.0,51476.6,1802.6,8966.1,11050413,333219817,173592062116,2940596,2347954.328,16330995391,13,WALWrite
1785012320023,573.1,51522.6,1781.4,8964.3,11053532,333267800,173615410957,2941275,2348502.5530000003,16330995391,21,WALWrite
1785012321025,573.1,51412.8,1821.8,8967.5,11056400,333340501,173680234808,2941850,2348993.3770000003,16330995391,25,ClientRead
1785012322023,576.1,51482.5,1828.6,8965.5,11059536,333441831,173735652114,2942533,2349593.1980000003,16330995391,18,ClientRead
1785012323026,632.3,51524.9,1883.4,8967.1,11062844,333518618,173795037758,2943168,2350082.463,16330995391,15,WALWrite
1785012324022,607.3,51361.4,1869.6,8968.4,11066103,333581650,173830087756,2943833,2350563.632,16330995391,15,ClientRead
1785012325022,662.8,51426.0,1827.1,8966.5,11069344,333635410,173856031841,2944533,2351123.3320000004,16330995391,16,WALWrite
1785012326020,678.6,51491.4,1841.1,8968.6,11072526,333716585,173923811556,2945064,2351641.7260000007,16330995391,6,WALWrite
1785012327022,646.0,51555.1,1875.2,8966.4,11075845,333800915,173977708355,2945615,2352104.8160000006,16330995391,23,WALWrite
1785012328020,609.0,51420.8,1870.4,8966.0,11079332,333878535,174035656967,2946244,2352604.7540000007,16330995391,14,WALWrite
1785012329021,591.7,51461.1,1792.0,8967.9,11082538,333938887,174067846155,2946900,2353108.4780000006,16330995391,14,WALWrite
1785012330022,604.7,51506.3,1781.5,8965.1,11085757,333989514,174092429866,2947590,2353636.6900000004,16330995391,25,WALWrite
1785012331022,619.1,51375.7,1770.1,8967.0,11089131,334076061,174166152814,2948228,2354173.2980000004,16330995391,10,WALWrite
1785012332022,560.3,51450.3,1801.6,8964.6,11092204,334156430,174228099976,2948871,2354665.607000001,16330995391,9,ClientRead
1785012333023,570.6,51483.1,1843.6,8967.0,11095398,334230996,174280120154,2949580,2355201.6170000006,16330995391,10,ClientRead
1785012334021,551.2,51507.8,1799.3,8967.4,11098610,334281720,174305121510,2950325,2355743.7090000007,16330995391,8,ClientRead
1785012335022,618.5,51382.4,1790.8,8967.1,11101826,334334771,174335915671,2951027,2356224.2260000007,16330995391,3,ClientRead
1785012336021,669.3,51449.1,1791.5,8968.3,11104826,334409572,174404490149,2951612,2356731.269000001,16330995391,10,WALWrite
1785012337023,696.2,51326.2,1813.8,8966.4,11107716,334482566,174463550709,2952183,2357246.5090000005,16330995391,11,WALWrite
1785012338021,628.7,51356.8,1820.1,8965.3,11110972,334927770,174545062800,2952809,2357777.7420000006,16330995391,4,ClientRead
1785012339021,555.7,51371.9,1844.8,8964.8,11114014,334977204,174569996683,2953500,2358273.5140000004,16330995391,5,ClientRead
1785012340023,591.9,51402.5,1798.1,8967.1,11117385,335029812,174595978422,2954254,2358830.502000001,16330995391,7,ClientRead
1785012341025,592.2,51475.5,1805.0,8966.7,11120556,335096946,174650522056,2954839,2359325.3410000005,16330995391,16,ClientRead
1785012342021,630.0,51537.7,1769.0,8965.7,11123782,335186870,174720084236,2955425,2359824.9000000004,16330995391,10,WALWrite
1785012343021,603.3,51384.8,1771.0,8966.9,11126993,335261032,174778312704,2956097,2360330.2400000007,16330995391,18,ClientRead
1785012344021,549.0,51414.1,1818.0,8967.4,11130441,335322951,174811088783,2956852,2360905.9940000004,16330995391,7,ClientRead
1785012345020,598.7,51469.2,1796.4,8966.8,11133529,335378270,174847707176,2957542,2361418.6500000004,16330987199,24,WALInsert
1785012346021,619.9,51505.6,1776.4,8967.1,11136435,335457080,174917008244,2958102,2361893.234,16330987199,19,ClientRead
1785012347021,637.9,51362.0,1775.7,8966.0,11139608,335531146,174973612760,2958754,2362423.3750000005,16330987199,13,ClientRead
1785012348020,586.9,51408.9,1845.7,8966.6,11142865,335604093,175022980171,2959389,2362924.5310000004,16330987199,15,ClientRead
1785012349021,582.3,51434.0,1790.4,8965.6,11145819,335651073,175046695144,2960057,2363430.5610000007,16330987199,6,ClientRead
1785012350022,568.3,51469.1,1874.1,8967.3,11149253,335706154,175075373179,2960849,2364020.8810000005,16330987199,12,ClientRead
1785012351021,584.9,51538.0,1856.3,8967.5,11152551,335784040,175142946783,2961459,2364491.2640000004,16330987199,22,WALWrite
1785012352022,619.3,51394.5,1823.3,8966.2,11155846,335866350,175203499052,2962078,2365022.4430000004,16330987199,6,WALWrite
1785012353021,622.3,51443.7,1825.0,8967.5,11159296,335941068,175254471308,2962728,2365520.3670000006,16330987199,6,ClientRead
1785012354022,589.9,51472.2,1827.6,8966.4,11162766,336000184,175283854265,2963426,2366060.5920000006,16330987199,14,ClientRead
1785012355026,640.1,51519.5,1793.7,8967.4,11165990,336052249,175310400859,2964160,2366596.9770000004,16330987199,6,ClientRead
1785012356022,650.4,51404.4,1810.3,8967.6,11168783,336106229,175348226988,2964725,2367072.2500000005,16330987199,12,WALWrite
1785012357020,608.9,51433.6,1803.5,8966.5,11171804,336187539,175418946807,2965299,2367565.7290000007,16330987199,10,ClientRead
1785012358023,601.5,51465.5,1797.8,8969.1,11174893,336264975,175479297600,2965926,2368089.8310000007,16330987199,19,ClientRead
1785012359023,546.6,51489.1,1780.9,8967.0,11178105,336333522,175521587299,2966689,2368676.0840000003,16330987199,8,ClientRead
1785012360021,575.9,51519.6,1758.1,8967.5,11181254,336392391,175560459924,2967475,2369245.788,16330987199,39,WALWrite
1785012361023,575.4,51405.6,1774.3,8968.8,11184281,336473961,175629632104,2968126,2369762.0500000003,16345527999,9,WALWrite
1785012362023,550.8,51469.2,1820.0,8967.4,11187322,336551218,175690817548,2968764,2370246.802,16359077567,12,WALWrite
1785012363021,588.2,51533.3,1805.8,8965.5,11190250,336598466,175715649359,2969384,2370740.1810000003,16374093503,8,ClientRead
1785012364021,579.4,51374.4,1811.2,8967.7,11193591,336668296,175760387596,2970181,2371320.703,16387905215,22,ClientRead
1785012365022,595.6,51447.3,1756.8,8963.9,11196688,336726314,175799899435,2970990,2371847.042000001,16401282751,12,ClientRead
1785012366021,655.9,51558.2,1739.6,8968.1,11199654,337007906,175884802921,2971692,2372353.287000001,16412980927,9,ClientRead
1785012367021,565.1,51393.4,1794.0,8965.9,11202524,337083578,175945808859,2972299,2372871.6410000008,16412980927,13,WALWrite
1785012368021,546.3,51449.9,1818.5,8967.5,11205628,337150444,175987474093,2972995,2373381.778000001,16412980927,22,WALWrite
1785012369021,587.3,51473.8,1833.9,8972.3,11208922,337200719,176011853426,2973713,2373892.995000001,16412980927,29,ClientRead
1785012370022,650.0,51509.9,1848.6,8965.7,11212389,337260575,176045228518,2974422,2374396.724000001,16412980927,17,ClientRead
1785012371020,648.9,51384.0,1837.6,8967.8,11215992,337348662,176115057292,2975049,2374898.5090000005,16412980927,11,ClientRead
1785012372021,668.9,51449.0,1811.3,8965.7,11219519,337427572,176176057655,2975646,2375377.2040000004,16412980927,20,WALWrite
1785012373021,638.8,51511.5,1832.7,8966.4,11223005,337506647,176228216184,2976256,2375851.7100000004,16412980927,8,WALWrite
1785012374022,605.4,51544.0,1834.8,8965.5,11226225,337560203,176253073527,2976900,2376340.6550000003,16412980927,13,WALWrite
1785012375022,621.4,51402.0,1732.2,8966.6,11229486,337611863,176278629141,2977599,2376855.5440000007,16412980927,17,ClientRead
1785012376021,683.5,51544.7,1732.1,8966.3,11232478,337681472,176340383726,2978172,2377346.2350000003,16412980927,5,ClientRead
1785012377021,694.1,51315.9,1768.9,8966.5,11235470,337854700,176417620916,2978760,2377852.1690000007,16412980927,6,WALWrite
1785012378020,576.4,51366.2,1785.5,8968.1,11238588,337926279,176471919630,2979461,2378367.0470000007,16412980927,11,ClientRead
1785012379021,544.2,51398.6,1833.1,8967.4,11241636,337983560,176501138804,2980168,2378907.6410000003,16412980927,19,ClientRead
1785012380024,551.1,51434.1,1819.6,8966.2,11244784,338037750,176525150966,2980827,2379418.2530000005,16412980927,1,WALWrite
1785012381024,606.4,51467.9,1760.8,8967.6,11247999,338127679,176553443967,2981590,2379947.4020000002,16412980927,23,WALWrite
1785012382021,618.4,51511.6,1821.7,8967.1,11251367,338208893,176606411587,2982287,2380446.4680000003,16412980927,19,WALWrite
1785012383021,623.8,51366.2,1784.2,8965.5,11254750,338280471,176649632005,2982951,2380963.719,16412980927,15,ClientRead
1785012384024,619.8,51403.3,1825.8,8966.8,11258158,338335098,176674770130,2983589,2381477.072,16412980927,8,ClientRead
1785012385022,645.8,51464.7,1851.4,8967.7,11261706,338391631,176701478695,2984265,2381992.8110000007,16412980927,21,WALWrite
1785012386022,704.5,51527.1,1802.4,8968.0,11264726,338456404,176725967597,2984859,2382497.6170000006,16412989119,23,ClientRead
1785012387021,728.0,51394.6,1832.9,8968.2,11268052,338903603,176781301513,2985496,2382998.9150000005,16412989119,16,ClientRead
1785012388021,625.6,51428.8,1798.4,8967.0,11271228,338978112,176833351708,2986064,2383470.4990000003,16412989119,15,ClientRead
1785012389021,581.6,51464.8,1795.5,8965.3,11274127,339038494,176870381354,2986723,2383939.2980000004,16412989119,7,ClientRead
1785012390020,597.4,51500.9,1865.0,8969.8,11277396,339091686,176896492690,2987539,2384486.4850000003,16412989119,19,WALWrite
1785012391020,595.6,51538.7,1878.5,8965.7,11280917,339190640,176924241460,2988240,2385031.0490000006,16412989119,24,ClientRead
1785012392024,601.0,51400.8,1850.0,8965.6,11284196,339268932,176971191843,2988871,2385533.4360000007,16412989119,21,WALWrite
1785012393023,627.6,51458.8,1864.5,8965.8,11287608,339345170,177020565693,2989468,2386004.6150000007,16412989119,13,WALWrite
1785012394023,574.5,51498.7,1839.7,8966.2,11291021,339398408,177045635904,2990123,2386554.6510000005,16412989119,21,ClientRead
1785012395021,623.7,51552.3,1840.6,8967.0,11294299,339451430,177070833902,2990803,2387076.6280000005,16412989119,19,WALWrite
1785012396023,714.1,51406.7,1819.9,8966.9,11297536,339529339,177095879813,2991419,2387543.0980000007,16412989119,3,ClientRead
1785012397023,566.4,51441.3,1862.6,8965.8,11300740,339613617,177137402266,2992029,2388083.6200000006,16412989119,15,WALWrite
1785012398020,577.9,51490.6,1772.9,8966.1,11304014,339689056,177190710549,2992754,2388623.3630000004,16412989119,9,ClientRead
1785012399021,559.1,51329.6,1800.9,8966.0,11307185,339739796,177216155097,2993480,2389164.6880000005,16412989119,3,ClientRead
1785012400021,541.1,51370.4,1832.4,8965.5,11310203,339790456,177241286685,2994263,2389722.5550000006,16412989119,9,WALWrite
1785012401020,607.4,51405.2,1724.4,8967.8,11313467,339882694,177268433861,2994997,2390264.2160000005,16412989119,5,ClientRead
1785012402021,542.6,51488.1,1858.4,8966.7,11316454,339962692,177322875694,2995623,2390776.840000001,16412989119,28,ClientRead
1785012403024,588.1,51527.6,1852.5,8966.7,11319724,340030979,177362942917,2996241,2391273.8560000006,16412989119,15,WALWrite
1785012404021,577.6,51355.4,1761.5,8964.6,11322812,340080046,177386434939,2996926,2391794.5800000005,16412989119,2,WalSync
1785012405022,602.2,51410.4,1794.8,8967.6,11325921,340130213,177411278427,2997696,2392329.9510000004,16412997311,19,ClientRead
1785012406020,679.2,51434.0,1764.2,8965.7,11328754,340356205,177447658788,2998269,2392820.0870000003,16412997311,15,WALWrite
1785012407021,640.6,51492.0,1787.0,8967.1,11331841,340439255,177494537099,2998939,2393405.467,16412997311,10,WALWrite
1785012408022,533.0,51355.4,1874.4,8967.5,11335199,340513641,177541756905,2999610,2393932.4640000006,16412997311,25,ClientRead
1785012409022,537.7,51390.5,1831.1,8969.0,11338035,340563448,177567045516,3000306,2394420.0660000006,16412997311,23,WALWrite
1785012410021,596.0,51424.8,1856.4,8969.0,11341160,340613103,177590655694,3001051,2394904.845,16412997311,10,ClientRead
1785012411022,637.8,51462.4,1827.7,8966.2,11344510,340694453,177617314692,3001732,2395425.0820000004,16412997311,10,ClientRead
1785012412023,606.4,51516.0,1865.7,8966.7,11347877,340783146,177658678958,3002434,2395984.9540000004,16412997311,11,WALWrite
1785012413021,612.0,51377.0,1831.7,8970.0,11351077,340858202,177718474232,3003027,2396485.7110000006,16412997311,17,ClientRead
1785012414024,569.0,51420.2,1866.7,8968.2,11354376,340919551,177750738063,3003707,2397028.6400000006,16412997311,17,ClientRead
1785012415022,649.4,51468.3,1857.4,8967.1,11357325,340973332,177775437860,3004387,2397518.9020000007,16412997311,14,ClientRead
1785012416021,610.0,51508.8,1867.7,8970.6,11360505,341062995,177802325519,3005017,2398025.4150000005,16412997311,36,WALWrite
1785012417022,681.6,51442.0,1851.6,8968.4,11363604,341139122,177848455774,3005611,2398537.795000001,16410449599,17,WALWrite
1785012418021,674.7,51407.5,1842.3,8967.0,11366716,341225479,177900819316,3006238,2399079.0360000003,16410449599,17,ClientRead
1785012419025,619.6,51447.0,1823.4,8967.8,11369675,341277283,177925522716,3006839,2399557.223,16410449599,9,WALWrite
1785012420023,556.3,51487.8,1920.2,8964.4,11372880,341329521,177950737565,3007607,2400096.18,16410449599,10,ClientRead
1785012421021,613.2,51525.4,1851.2,8968.6,11376134,341413648,177977580198,3008296,2400651.4800000004,16410449599,24,ClientRead
1785012422023,633.7,51384.8,1838.5,8966.3,11379277,341495693,178019050716,3008950,2401152.0400000005,16410449599,14,WALWrite
1785012423022,523.3,51447.6,1819.5,8966.1,11382297,341569103,178070090006,3009554,2401652.7260000003,16410449599,16,WALWrite
1785012424021,594.4,51480.2,1847.8,8967.5,11385220,341622073,178096030776,3010227,2402154.882,16410449599,6,WALWrite
1785012425021,612.5,51540.5,1861.7,8968.0,11388458,341673646,178120783660,3010928,2402701.2880000006,16410449599,5,ClientRead
1785012426021,669.8,51403.5,1900.4,8967.0,11391480,341880156,178154077017,3011494,2403202.0330000003,16410449599,4,ClientRead
1785012427022,602.6,51398.9,1859.8,8968.8,11394217,341954905,178180224127,3012139,2403712.6040000003,16410449599,10,ClientRead
1785012428023,565.5,51463.5,1881.2,8965.7,11397285,342031499,178228744615,3012799,2404249.7990000006,16410449599,8,WALWrite
1785012429021,564.5,51505.3,1846.5,8964.9,11400554,342102221,178275242316,3013517,2404796.2280000006,16410449599,11,ClientRead
1785012430022,567.2,51341.4,1811.3,8965.7,11403532,342149659,178299776952,3014285,2405346.3130000005,16410449599,4,ClientRead
1785012431021,544.3,51387.5,1797.3,8966.4,11406483,342210522,178324612818,3015020,2405887.87,16410449599,13,ClientRead
1785012432022,536.8,51446.0,1801.9,8966.5,11409505,342297890,178351652382,3015751,2406406.804,16410449599,15,WALWrite
1785012433023,599.5,51497.6,1891.4,8964.4,11412548,342371056,178410470962,3016402,2406953.855,16410449599,26,ClientRead
1785012434023,618.9,51538.1,1806.6,8965.8,11415687,342431000,178444342791,3017119,2407498.126,16410449599,3,ClientRead
1785012435024,593.5,51393.2,1812.5,8965.2,11418592,342486387,178470132682,3017812,2408012.1270000003,16410449599,5,ClientRead
1785012436022,642.7,51452.7,1776.7,8967.7,11421668,342569707,178496372120,3018515,2408551.072,16410449599,12,ClientRead
1785012437022,678.3,51522.9,1789.1,8964.7,11424537,342848862,178563862548,3019172,2409104.5730000003,16410449599,6,ClientRead
1785012438022,559.4,51348.1,1877.9,8966.0,11427350,342910995,178604396861,3019730,2409583.9390000002,16410449599,15,WALWrite
1785012439021,578.1,51382.1,1823.1,8965.9,11430256,342960295,178630027836,3020470,2410124.0700000003,16410449599,16,ClientRead
1785012440022,572.7,51419.2,1799.1,8968.7,11433151,343007275,178653458283,3021197,2410618.3300000005,16410449599,16,WALWrite
1785012441021,546.0,51460.4,1808.1,8967.8,11436462,343085227,178681714555,3022000,2411203.6790000005,16410449599,10,ClientRead
1785012442021,584.0,51524.4,1807.3,8968.8,11439399,343167204,178721082466,3022580,2411648.3010000004,16410449599,21,ClientRead
1785012443021,510.3,51376.6,1848.1,8966.7,11442460,343239097,178773490111,3023283,2412195.8820000007,16410449599,14,WALWrite
1785012444020,516.6,51414.2,1819.3,8967.8,11445295,343291348,178800595675,3024007,2412762.9640000006,16410449599,11,WALWrite
1785012445020,601.8,51470.4,1783.6,8969.5,11448243,343340093,178825379319,3024715,2413270.062000001,16410449599,25,ClientRead
1785012446022,671.8,51495.4,1827.9,8969.5,11451120,343555739,178860665788,3025386,2413820.818000001,16410449599,4,ClientRead
1785012447020,556.5,51347.2,1846.0,8964.8,11454021,343646043,178897219486,3026022,2414308.1040000003,16410449599,9,ClientRead
1785012448021,577.6,51379.8,1874.8,8965.6,11457188,343723764,178953095754,3026742,2414835.106,16410449599,10,WALWrite
1785012449023,557.1,51408.2,1914.7,8967.1,11460399,343780148,178979877488,3027436,2415353.0750000007,16410449599,5,WALWrite
1785012450022,602.1,51427.0,1834.7,8966.8,11463536,343831601,179004539919,3028155,2415883.6950000008,16410449599,13,ClientRead
1785012451021,621.3,51463.4,1861.5,8967.8,11466944,343900678,179031682306,3028867,2416397.7270000004,16410449599,21,WALWrite
1785012452020,599.4,51522.4,1806.4,8966.9,11470152,343991165,179056969808,3029515,2416897.2420000006,16410449599,4,ClientRead
1785012453025,582.6,51383.4,1871.7,8965.7,11473304,344067393,179136991063,3030130,2417374.596000001,16410449599,25,WALWrite
1785012454020,584.6,51422.5,1905.9,8966.3,11476736,344131880,179184787248,3030828,2417883.306000001,16410449599,14,ClientRead
1785012455024,637.6,51479.1,1899.8,8966.6,11480054,344184073,179209655387,3031537,2418407.7850000006,16410449599,12,WALWrite
1785012456021,705.0,51396.1,1829.8,8966.4,11483116,344258829,179234054053,3032163,2418933.3930000006,16410449599,20,ClientRead
1785012457021,653.0,51333.0,1852.7,8968.1,11486355,344349156,179263465783,3032775,2419454.1280000005,16410449599,11,WALWrite
1785012458022,629.9,51372.0,1866.8,8967.9,11489712,344423292,179319045704,3033405,2419963.1490000007,16410449599,15,ClientRead
1785012459021,597.3,51396.7,1879.6,8965.8,11493083,344489432,179355862230,3034029,2420472.6920000003,16410449599,15,WALWrite
1785012460020,564.0,51422.3,1855.7,8965.5,11496281,344538466,179379615388,3034713,2420961.8270000005,16410449599,12,ClientRead
1785012461023,617.5,51449.0,1862.8,8967.3,11499805,344611594,179406037024,3035471,2421515.0480000004,16410449599,14,WALWrite
1785012462022,629.8,51492.6,1873.9,8965.8,11503245,344703056,179433990948,3036083,2422020.2860000003,16410449599,16,WALWrite
1785012463021,651.1,51542.8,1821.8,8968.6,11506767,344781296,179493210118,3036696,2422541.7520000003,16410449599,10,ClientRead
1785012464024,596.5,51365.0,1833.6,8965.6,11510042,344844092,179528279700,3037327,2422989.1080000005,16410449599,31,SpinDelay
1785012465021,616.0,51409.6,1863.1,8967.0,11513402,344897786,179553938829,3038014,2423568.97,16410449599,12,WALWrite
1785012466022,692.9,51457.0,1832.9,8966.6,11516652,345131655,179589109890,3038619,2424045.199,16410449599,17,WALWrite
1785012467022,658.0,51459.5,1894.0,8968.4,11519905,345216897,179629527233,3039233,2424548.3690000004,16410449599,31,ClientRead
1785012468022,646.9,51501.9,1830.8,8965.7,11523296,345289099,179679124623,3039800,2425019.5380000006,16410449599,7,WALWrite
1785012469025,571.9,51528.7,1864.2,8965.1,11526599,345349741,179708849862,3040491,2425541.1500000004,16410449599,12,ClientRead
1785012470021,602.9,51351.6,1856.9,8968.2,11529904,345409046,179734504708,3041195,2426074.7200000007,16410449599,27,ClientRead
1785012471023,604.7,51379.5,1851.0,8969.3,11533154,345501762,179761343559,3041879,2426588.7380000004,16410449599,24,ClientRead
1785012472023,602.2,51432.2,1860.1,8970.8,11536460,345584378,179816287769,3042565,2427102.5820000004,16410449599,14,WALWrite
1785012473022,611.5,51482.7,1850.2,8969.5,11539536,345636768,179842063959,3043194,2427608.6170000006,16410449599,25,ClientRead
1785012474023,598.9,51519.7,1861.7,8965.4,11542798,345703132,179879666392,3043896,2428121.1570000006,16410449599,4,ClientRead
1785012475023,619.4,51378.0,1835.6,8964.7,11545904,345756036,179905063495,3044595,2428665.0790000004,16410449599,3,WALWrite
1785012476021,707.6,51439.1,1839.5,8968.8,11548826,345832322,179930545542,3045214,2429165.808,16410449599,8,ClientRead
1785012477022,615.4,51440.1,1874.8,8966.5,11551901,345920949,179973186206,3045836,2429663.37,16410449599,8,ClientRead
1785012478022,609.3,51507.9,1892.7,8966.6,11555205,346000904,180027045718,3046480,2430182.7720000003,16410449599,25,ClientRead
1785012479023,614.4,51539.0,1878.1,8965.8,11558528,346057074,180053487577,3047144,2430674.143,16410449599,5,ClientRead
1785012480025,593.4,51375.8,1807.7,8967.8,11561671,346109286,180077908894,3047839,2431198.68,16410449599,17,ClientRead
1785012481021,606.4,51416.6,1820.3,8966.2,11564988,346202963,180105480347,3048540,2431740.884,16410449599,19,ClientRead
1785012482023,591.0,51481.5,1862.2,8968.8,11568090,346287424,180155357883,3049210,2432259.1780000003,16410449599,21,ClientRead
1785012483021,601.5,51333.7,1795.9,8967.2,11571292,346358544,180200419716,3049825,2432723.805,16410449599,16,WALWrite
1785012484022,570.3,51375.1,1881.7,8972.6,11574494,346412425,180226503869,3050550,2433268.541,16410449599,20,WALWrite
1785012485021,603.8,51427.2,1790.5,8966.4,11577458,346461719,180250176681,3051209,2433744.646,16410449599,15,WALWrite
1785012486021,718.2,51491.5,1859.3,8966.4,11580418,346517750,180275030640,3051876,2434290.771,16410449599,15,WALWrite
1785012487021,682.0,51360.0,1885.4,8966.8,11583505,346604932,180302457429,3052438,2434799.502,16410449599,31,ClientRead
1785012488021,687.4,51430.9,1814.1,8965.8,11586571,347167072,180388108943,3053017,2435288.5100000002,16410449599,3,ClientRead
1785012489021,598.5,51437.1,1862.1,8967.6,11589466,347237150,180436274904,3053662,2435807.474,16410449599,24,WALWrite
1785012490024,556.3,51474.1,1923.8,8966.3,11592777,347293357,180465730230,3054365,2436361.418,16410449599,24,WALWrite
1785012491022,625.6,51504.2,1868.0,8966.5,11595950,347376632,180490743648,3055001,2436865.294,16410449599,15,WALWrite
1785012492021,597.4,51558.1,1883.9,8966.4,11599328,347460339,180538984465,3055655,2437378.1070000003,16410449599,16,ClientRead
1785012493021,605.3,51409.7,1845.9,8967.0,11602725,347535262,180587296143,3056276,2437889.1790000005,16410449599,19,ClientRead
1785012494021,585.7,51438.6,1799.2,8965.5,11606005,347586900,180612133669,3056956,2438403.9170000004,16410449599,1,
1785012495023,611.3,51488.7,1805.1,8965.5,11609074,347636845,180637437953,3057632,2438984.4010000005,16410449599,12,WALWrite
1785012496020,641.0,51345.7,1853.0,8965.7,11611992,347702314,180662140784,3058294,2439519.46,16410449599,9,ClientRead
1785012497023,672.5,51352.2,1817.2,8964.0,11614781,347785563,180697542957,3058942,2440027.612,16410449599,13,ClientRead
1785012498024,543.7,51402.6,1828.2,8966.3,11617847,347859517,180752320208,3059605,2440569.9790000003,16410449599,10,ClientRead
1785012499023,553.9,51436.1,1844.8,8968.7,11620830,347912257,180779969803,3060352,2441141.566,16410449599,2,ClientRead
1785012500021,561.3,51452.2,1804.2,8966.4,11623706,347960893,180804442916,3061080,2441726.713,16410449599,14,ClientRead
1785012501020,613.3,51481.1,1803.0,8967.1,11626625,348045178,180830938063,3061709,2442195.4480000003,16410449599,18,WALWrite
1785012502022,572.5,51533.6,1901.5,8968.0,11629673,348129583,180875271207,3062401,2442737.8310000002,16410449599,9,ClientRead
1785012503022,619.2,51380.5,1890.8,8966.8,11632783,348202131,180925257108,3063087,2443306.239,16410449599,12,WALWrite
1785012504021,609.8,51409.7,1875.9,8965.5,11635963,348258675,180952723706,3063791,2443857.795,16410449599,20,ClientRead
1785012505021,624.5,51458.5,1879.0,8967.1,11638968,348308937,180976621172,3064402,2444331.436,16410449599,18,ClientRead
1785012506021,672.8,51466.5,1792.4,8968.5,11641966,348377213,181003896670,3065046,2444855.503,16410449599,8,ClientRead
1785012507022,582.7,51516.2,1857.0,8965.2,11644979,348463813,181029892651,3065701,2445361.5700000003,16410449599,9,ClientRead
1785012508021,605.2,51366.8,1905.5,8964.4,11647944,348542761,181088036847,3066331,2445854.2380000004,16410449599,18,WALWrite
1785012509022,617.3,51398.0,1828.9,8965.4,11651186,348608644,181125346165,3067038,2446397.2060000002,16410449599,9,ClientRead
1785012510024,600.4,51424.5,1908.8,8965.9,11654023,348656832,181148398790,3067738,2446905.4600000004,16410449599,23,WALWrite
1785012511022,618.0,51452.3,1825.0,8965.4,11657291,348738335,181175422788,3068461,2447461.356,16410449599,14,WALWrite
1785012512022,624.1,51499.7,1817.7,8965.9,11660242,348825543,181210737816,3069084,2447946.058,16410449599,10,WALWrite
1785012513021,578.4,51397.7,1854.1,8969.5,11663362,348900296,181264312459,3069730,2448457.29,16410449599,25,ClientRead
1785012514020,605.6,51376.4,1864.3,8965.9,11666516,348960878,181295825306,3070448,2448997.143,16410449599,20,WALWrite
1785012515028,623.1,51421.0,1934.0,8965.8,11669553,349010471,181320042503,3071073,2449500.322,16410449599,25,WALWrite
1785012516022,658.4,51449.0,1896.7,8966.3,11672614,349096697,181346596141,3071679,2450023.546,16410449599,32,ClientRead
1785012517020,656.3,51487.2,1837.1,8964.8,11675913,349178568,181389307468,3072296,2450504.975,16423917247,15,ClientRead
1785012518020,590.1,51465.8,1833.9,8968.2,11679064,349253793,181439246861,3072894,2450989.279,16438048447,16,ClientRead
1785012519022,610.4,51394.0,1839.3,8967.6,11681963,349307033,181465524036,3073499,2451469.7539999997,16452122303,11,ClientRead
1785012520024,625.6,51428.9,1808.7,8966.4,11685055,349361572,181492781690,3074168,2451977.348,16466441919,16,ClientRead
1785012521021,642.4,51547.0,1710.4,8965.0,11687691,349417158,181515444218,3074782,2452474.1390000004,16479155903,11,WALWrite
1785012522022,629.7,51364.6,1750.1,8964.7,11690338,349501599,181541213689,3075474,2453005.95,16493385407,13,ClientRead
1785012523024,602.9,51371.6,1810.7,8965.2,11692933,349841031,181619645027,3076151,2453570.2950000004,16493934271,21,ClientRead
1785012524021,542.6,51390.7,1786.4,8966.8,11695617,349900013,181656985988,3076802,2454056.6960000005,16493934271,18,WALWrite
1785012525022,638.1,51435.4,1795.9,8964.5,11698432,349947345,181680043391,3077518,2454641.7920000004,16493934271,14,WALWrite
1785012526021,694.0,51441.1,1764.8,8966.9,11701203,350030821,181708638078,3078164,2455165.2810000004,16493934271,9,WALWrite
1785012527021,726.2,51488.4,1762.2,8965.6,11703996,350099910,181756795131,3078825,2455735.2500000005,16493934271,21,WALWrite
1785012528026,664.1,51535.6,1804.2,8966.2,11707018,350167529,181802543085,3079439,2456228.4320000005,16493934271,6,ClientRead
1785012529023,639.7,51361.2,1740.7,8969.2,11709661,350213069,181826860273,3080101,2456793.734,16493934271,33,WALWrite
1785012530021,647.1,51384.1,1819.2,8968.0,11712341,350256975,181850116092,3080765,2457300.1300000004,16493934271,21,ClientRead
1785012531022,650.4,51410.2,1756.3,8966.5,11715059,350329083,181874824417,3081380,2457815.2790000006,16493934271,33,ClientRead
1785012532020,700.8,51457.9,1766.9,8968.6,11717626,350403826,181919741196,3081965,2458361.5270000002,16493934271,13,WALWrite
1785012533022,685.4,51509.5,1820.4,8967.6,11720439,350471708,181973586628,3082576,2458873.7560000005,16493934271,12,WALWrite
1785012534022,664.3,51534.0,1767.4,8965.0,11723111,350520988,182001491244,3083225,2459426.2960000006,16493934271,14,WALWrite
1785012535021,690.8,51376.6,1770.5,8968.1,11725459,350562620,182024700204,3083812,2459966.0720000006,16493934271,13,WALWrite
1785012536022,753.7,51413.7,1733.8,8972.5,11728016,350628374,182049548441,3084443,2460507.2020000005,16493934271,13,ClientRead
1785012537022,672.5,51419.6,1790.2,8966.9,11730362,350702249,182081652353,3085083,2461069.9290000005,16493934271,13,WALWrite
1785012538021,671.2,51472.3,1865.0,8967.0,11732829,350766882,182135396045,3085680,2461650.491,16493934271,13,ClientRead
1785012539020,682.7,51501.0,1785.5,8966.6,11735354,350823424,182170011531,3086307,2462192.8680000002,16493934271,13,ClientRead
1785012540021,686.9,51529.1,1785.2,8968.1,11737657,350865359,182193476810,3086876,2462686.784,16493934271,10,ClientRead
1785012541020,710.4,51551.7,1802.8,8967.4,11740417,350940061,182220521610,3087510,2463272.384,16493934271,11,ClientRead
1785012542025,725.7,51400.7,1780.3,8969.5,11742739,351007455,182258453419,3088049,2463764.345,16493934271,14,ClientRead
1785012543023,711.2,51444.0,1768.0,8966.4,11745151,351069344,182306032500,3088596,2464262.5540000005,16493934271,15,ClientRead
1785012544023,663.3,51470.7,1803.3,8968.2,11747553,351119252,182335993391,3089167,2464773.3370000003,16493934271,2,
1785012545020,708.9,51505.3,1761.3,8969.1,11749833,351160895,182359933698,3089787,2465288.6300000004,16493934271,9,ClientRead
1785012546023,694.9,51535.7,1795.5,8969.7,11752184,351220449,182384246713,3090352,2465816.633,16493934271,22,ClientRead
1785012547020,704.3,51569.3,1771.9,8966.6,11754454,351290580,182411838736,3090872,2466289.875,16493934271,18,WALWrite
1785012548022,678.9,51414.8,1840.8,8968.7,11756780,351351323,182463428353,3091412,2466792.2720000003,16493934271,15,ClientRead
1785012549023,698.3,51452.7,1796.7,8967.2,11759158,351408805,182503066558,3091949,2467342.523,16493934271,17,WALWrite
1785012550020,716.1,51455.0,1773.6,8969.4,11761560,351450833,182527666292,3092517,2467840.177,16493934271,16,WALWrite
1785012551024,789.1,51487.5,1763.7,8966.7,11763876,351498523,182552097667,3093059,2468337.065,16493934271,17,ClientRead
1785012552023,751.1,51532.6,1832.3,8968.5,11765976,351565126,182577309869,3093581,2468858.177,16493934271,14,ClientRead
1785012553023,776.0,51354.3,1754.1,8967.3,11768232,351800716,182628478950,3094085,2469315.002,16493934271,10,ClientRead
1785012554022,695.4,51395.4,1821.8,8966.2,11770641,351862959,182677465782,3094629,2469861.0850000004,16493934271,21,WALWrite
1785012555023,717.5,51421.1,1815.3,8967.7,11772998,351910694,182706603865,3095187,2470435.41,16493934271,13,ClientRead
1785012556022,715.7,51450.1,1805.1,8967.9,11775336,351962264,182732839279,3095755,2470930.0300000003,16493934271,17,WALWrite
1785012557021,777.8,51472.6,1783.6,8963.6,11777814,352033469,182758404561,3096279,2471490.065,16493934271,61,WALWrite
1785012558022,1132.7,51512.7,1563.7,8973.1,11779609,352080979,182787133958,3096553,2471826.566,16493934271,21,WALWrite
1785012559021,672.2,51568.0,1918.5,8972.4,11781677,352130796,182829453084,3097046,2472330.671,16507639487,6,WALWrite
1785012560021,725.8,51423.8,1830.7,8971.0,11783889,352189492,182871087843,3097599,2472858.041,16522458815,22,WALWrite
1785012561021,824.8,51532.0,1772.3,8969.9,11786137,352242834,182893805000,3098119,2473385.4770000004,16536336063,11,WALWrite
1785012562023,831.0,51505.8,1751.2,8968.5,11788388,352307503,182920127813,3098648,2473922.034,16549263039,12,ClientRead
1785012563024,816.3,51523.5,1778.7,8972.6,11790568,352363291,182962044814,3099155,2474447.48,16564663999,15,WALWrite
1785012564020,705.3,51382.5,1835.4,8971.2,11792669,352425772,183007609283,3099682,2474962.7060000002,16578967231,10,WALWrite
1785012565024,655.8,51440.1,1926.9,8968.1,11795147,352475113,183038732305,3100333,2475528.704000001,16594171583,17,ClientRead
1785012566023,647.6,51492.6,1823.9,8968.5,11797750,352535018,183066775897,3100980,2476085.0140000004,16609236671,6,ClientRead
1785012567021,683.1,51541.6,1811.1,8966.8,11800434,352612602,183092128339,3101566,2476578.843000001,16622950079,16,WALWrite
1785012568022,680.8,51392.6,1796.8,8968.8,11803019,352674429,183143220862,3102126,2477045.0670000007,16636860095,11,ClientRead
1785012569022,661.2,51435.4,1855.5,8971.9,11805688,352732690,183182359730,3102749,2477569.8220000006,16651359935,21,ClientRead
1785012570023,667.4,51469.6,1820.8,8969.7,11808219,352776422,183205956368,3103349,2478065.0560000003,16664704703,22,ClientRead
1785012571021,793.8,51525.1,1804.6,8972.0,11810937,352841773,183231139120,3103948,2478629.035,16678581951,11,ClientRead
1785012572021,764.2,51341.6,1824.6,8969.5,11813480,353205754,183276591299,3104450,2479126.279,16684791487,20,WALWrite
1785012573021,719.3,51394.4,1842.5,8969.9,11816020,353268655,183333054275,3105002,2479653.165,16684791487,6,ClientRead
1785012574024,679.5,51429.7,1828.7,8974.1,11818621,353325994,183370745601,3105626,2480182.5590000004,16684791487,12,WALWrite
1785012575020,747.3,51473.7,1823.0,8970.3,11821218,353372592,183395697812,3106219,2480702.273,16684791487,19,WALWrite
1785012576020,860.8,51320.5,1825.5,8967.3,11823774,353430861,183421003789,3106699,2481192.1460000006,16684791487,13,ClientRead
1785012577021,725.6,51309.8,1884.4,8971.4,11826412,353499575,183446690818,3107212,2481689.0500000003,16684791487,21,ClientRead
1785012578022,801.5,51354.4,1793.2,8969.5,11829273,353568054,183490876009,3107768,2482177.9280000003,16684791487,13,ClientRead
1785012579020,743.3,51397.7,1807.5,8969.4,11832110,353631825,183536887047,3108340,2482682.4480000003,16684791487,11,WALWrite
1785012580023,753.1,51423.6,1842.8,8969.3,11835004,353683335,183565010773,3108895,2483168.896,16684791487,11,WALWrite
1785012581023,773.2,51445.9,1847.6,8967.2,11837734,353752422,183591439292,3109456,2483658.1310000005,16684791487,32,ClientRead
1785012582022,743.5,51469.8,1818.5,8970.0,11840607,353825731,183619780264,3110031,2484207.75,16684791487,18,WALWrite
1785012583020,790.7,51518.5,1880.5,8971.4,11842980,353881515,183667466380,3110473,2484655.166,16684791487,23,ClientRead
1785012584022,784.9,51567.2,1803.4,8970.2,11845732,353940699,183707246865,3111001,2485177.6570000006,16684791487,16,WALWrite
1785012585023,768.6,51409.1,1809.3,8970.7,11848289,353985757,183731617369,3111520,2485658.3090000004,16684791487,16,WALWrite
1785012586021,847.5,51435.4,1798.8,8967.8,11850672,354030605,183754626297,3112006,2486103.6900000004,16684807871,17,ClientRead
1785012587021,833.3,51474.9,1710.3,8965.0,11853387,354099204,183781108721,3112572,2486656.0870000003,16684807871,62,WALWrite
1785012588022,1154.7,51517.3,1540.8,8969.8,11855202,354305928,183819031252,3112898,2487037.815,16684807871,14,WALWrite
1785012589022,636.3,51535.2,1925.8,8968.6,11857098,354353631,183860271582,3113428,2487540.636,16684807871,15,WALWrite
1785012590021,634.9,51562.2,1870.2,8972.0,11859390,354412485,183904852904,3114086,2488103.449,16684807871,18,ClientRead
1785012591021,696.0,51387.6,1792.0,8970.1,11861859,354480434,183932412928,3114726,2488632.0670000003,16684807871,11,ClientRead
1785012592021,712.5,51425.2,1783.2,8971.1,11864483,354549989,183967637294,3115364,2489206.362,16684807871,27,ClientRead
1785012593024,818.9,51477.8,1732.7,8968.2,11867083,354609091,184017779374,3115962,2489745.6610000003,16684807871,32,WALWrite
1785012594021,748.9,51511.4,1782.0,8970.4,11869344,354660530,184052912857,3116473,2490278.5420000004,16684807871,26,WALWrite
1785012595022,762.5,51549.1,1793.6,8969.5,11871701,354702080,184078035663,3117044,2490843.188,16684807871,22,WALWrite
1785012596021,825.5,51369.9,1784.4,8969.1,11873830,354759271,184103443677,3117530,2491280.205,16684807871,20,WALWrite
1785012597021,788.6,51400.4,1802.9,8969.2,11876222,354825099,184127397314,3118122,2491805.518,16684807871,16,WALWrite
1785012598021,791.5,51446.1,1773.3,8967.7,11878520,354883162,184177856248,3118604,2492257.2810000004,16684807871,3,VacuumTruncate
1785012599022,625.9,51496.4,1886.1,8973.1,11881016,354952351,184222628615,3119232,2492778.049,16684807871,15,WALWrite
1785012600022,648.5,51515.5,1907.3,8971.6,11883797,354998067,184247465842,3119845,2493284.453,16684807871,27,WALWrite
1785012601022,793.3,51393.3,1818.1,8970.9,11886709,355051622,184271811610,3120377,2493740.6500000004,16684807871,19,WALWrite
1785012602024,840.7,51413.9,1820.4,8970.7,11889769,355132475,184300058849,3120950,2494260.808,16684807871,9,ClientRead
1785012603023,816.0,51453.7,1797.2,8969.1,11892629,355495081,184361851334,3121415,2494717.1020000004,16684807871,13,WALWrite
1785012604021,695.3,51481.0,1842.8,8970.8,11895729,355567097,184414247038,3122058,2495302.5280000004,16684807871,13,WALWrite
1785012605020,698.5,51526.3,1900.6,8971.1,11898739,355613810,184437492920,3122698,2495823.8140000002,16684807871,37,WALWrite
1785012606021,736.7,51371.9,1884.6,8969.6,11901818,355689287,184464554815,3123262,2496267.9210000006,16684807871,23,ClientRead
1785012607022,752.4,51416.8,1807.4,8969.8,11905034,355764927,184496617786,3123805,2496750.4690000005,16684807871,14,ClientRead
1785012608021,768.7,51476.8,1859.8,8969.1,11908414,355834442,184548025349,3124406,2497238.3190000006,16684807871,14,WALWrite
1785012609023,725.2,51323.7,1840.5,8966.8,11911329,355890916,184582716411,3124899,2497730.7960000006,16684807871,11,WALWrite
1785012610023,672.8,51367.5,1919.7,8968.9,11914064,355935084,184606065083,3125466,2498245.6900000004,16684807871,18,ClientRead
1785012611021,774.6,51382.1,1856.9,8969.0,11916879,356009585,184633557994,3126043,2498741.02,16684807871,9,ClientRead
1785012612021,730.3,51422.3,1870.4,8968.6,11919615,356083006,184660804580,3126633,2499223.8789999997,16684807871,16,WALWrite
1785012613024,736.6,51482.4,1841.6,8967.7,11922582,356144764,184711029963,3127190,2499705.6489999997,16684807871,23,WALWrite
1785012614022,724.1,51334.7,1840.6,8970.6,11925436,356209452,184753895592,3127789,2500238.052,16684807871,42,ClientRead
1785012615021,759.5,51396.3,1862.2,8969.0,11928238,356251768,184775898747,3128353,2500724.6580000003,16684807871,33,WALWrite
1785012616021,883.6,51507.8,1832.8,8969.5,11930715,356303804,184800828391,3128801,2501199.421,16684807871,31,WALWrite
1785012617022,903.3,51290.9,1804.4,8968.6,11933263,356371774,184826445165,3129290,2501671.853,16684807871,67,BufferContent
1785012618022,1156.9,51344.4,1587.5,8971.0,11935878,356564716,184862619729,3129667,2502178.1270000003,16684807871,15,ClientRead
1785012619022,781.4,51367.6,1851.3,8968.5,11938281,356620876,184911729550,3130214,2502742.39,16684807871,10,WALWrite
1785012620021,757.9,51413.9,1892.3,8968.9,11940843,356681193,184954868986,3130787,2503241.223,16684807871,36,ClientRead
1785012621023,771.7,51449.8,1892.8,8971.1,11943465,356725485,184978100760,3131334,2503713.4620000003,16684807871,37,WALWrite
1785012622021,810.5,51488.7,1827.9,8970.4,11946214,356798705,185005139352,3131934,2504236.6199999996,16684807871,16,ClientRead
1785012623020,818.8,51547.4,1793.9,8968.1,11948830,356865759,185038114463,3132483,2504764.04,16684807871,21,WALWrite
1785012624020,778.0,51411.3,1728.7,8966.8,11951355,356927924,185087482000,3133042,2505273.1659999997,16684807871,14,ClientRead
1785012625021,825.4,51460.1,1758.2,8967.9,11953904,356983813,185122651625,3133642,2505789.175,16684807871,22,WALWrite
1785012626024,769.2,51506.7,1764.7,8968.3,11956529,357062677,185149663281,3134175,2506244.3789999997,16685086399,22,WALWrite
1785012627021,840.6,51347.2,1678.8,8964.3,11959070,357134033,185188809823,3134713,2506711.038,16685258431,20,ClientRead
1785012628022,840.7,51408.5,1714.4,8967.0,11961499,357197480,185236734220,3135180,2507155.765,16685455039,22,WALWrite
1785012629024,757.3,51463.0,1751.4,8965.6,11963809,357248115,185261726942,3135668,2507662.763,16685708991,13,ClientRead
1785012630021,688.2,51488.6,1799.3,8967.4,11966465,357308582,185295756845,3136271,2508167.085,16685708991,7,ClientRead
1785012631021,779.4,51336.5,1721.2,8966.8,11969173,357379767,185320009717,3136877,2508673.9880000004,16685708991,13,ClientRead
1785012632024,733.9,51365.5,1747.3,8964.4,11971816,357606831,185367671566,3137445,2509122.6570000006,16685708991,25,WALWrite
1785012633021,725.9,51426.9,1712.1,8967.3,11974742,357677519,185418745095,3138031,2509625.754,16685708991,15,ClientRead
1785012634020,708.3,51464.0,1717.2,8965.9,11977716,357736711,185448562397,3138705,2510200.967,16685708991,13,ClientRead
1785012635024,717.2,51514.1,1720.3,8965.2,11980469,357784236,185472283475,3139312,2510683.865,16685708991,18,WALWrite
1785012636022,720.2,51365.2,1729.1,8967.5,11983235,357836993,185498014387,3139897,2511195.6510000005,16685708991,12,ClientRead
1785012637024,706.0,51410.6,1675.4,8967.1,11986105,357918487,185524772894,3140450,2511652.561,16685708991,18,WALWrite
1785012638020,703.9,51472.5,1699.2,8969.8,11988645,357987357,185570396771,3141024,2512123.2150000003,16685708991,9,WALWrite
1785012639021,672.6,51510.0,1711.9,8967.2,11991291,358052752,185615713545,3141662,2512630.6890000002,16685708991,10,WALWrite
1785012640021,677.7,51348.0,1698.6,8966.8,11993801,358101608,185642805574,3142313,2513187.6610000003,16685725375,17,WALWrite
1785012641023,763.1,51467.3,1636.4,8966.3,11996280,358167972,185666745885,3142916,2513653.344,16685856447,14,WALWrite
1785012642023,721.5,51428.2,1690.6,8966.2,11998542,358242277,185707118724,3143495,2514183.2720000003,16685954751,12,WALWrite
1785012643023,711.9,51486.5,1722.9,8966.2,12001054,358306638,185757649819,3144110,2514718.8690000004,16686118591,14,WALWrite
1785012644022,662.7,51322.3,1700.8,8967.0,12003505,358353203,185784474906,3144776,2515257.095,16686192319,6,ClientRead
1785012645021,748.5,51354.0,1681.2,8966.1,12005855,358394634,185807596258,3145466,2515779.603,16686290623,13,WALWrite
1785012646022,764.1,51397.8,1683.7,8967.4,12008260,358454359,185834490608,3146105,2516285.577,16686405311,5,ClientRead
1785012647021,749.4,51450.9,1627.4,8965.6,12010743,358526569,185859678866,3146683,2516791.3880000003,16686536383,53,BufferContent
1785012648022,1156.1,51497.4,1446.2,8969.8,12012625,358576169,185904459277,3147033,2517160.1380000003,16686577343,9,ClientRead
1785012649022,582.9,51555.2,1880.0,8965.4,12014912,358638747,185950461673,3147644,2517676.836,16686601919,18,ClientRead
1785012650020,505.9,51404.1,1822.2,8967.6,12017420,358685387,185977070028,3148388,2518157.002,16686765759,9,ClientRead
1785012651023,648.1,51465.4,1736.8,8965.2,12020397,358762195,186002638015,3149112,2518647.2780000004,16686995135,7,ClientRead
1785012652022,656.8,51358.4,1750.4,8964.4,12023688,358847066,186054324269,3149817,2519104.665,16687150783,20,WALWrite
1785012653022,546.2,51396.8,1635.2,8965.9,12026645,358912742,186097951961,3150511,2519539.196,16413144767,8,VacuumTruncate
1785012654021,530.5,51425.8,1660.5,8964.8,12029427,358965632,186124671317,3151352,2520065.157,16271169215,19,ClientRead
1785012655020,542.4,51475.1,1605.3,8965.9,12031910,359004511,186146027491,3152079,2520487.0930000003,15999637183,18,relation
1785012656020,496.3,51279.6,1653.1,8968.0,12034439,359513456,186202670980,3152892,2520948.1550000003,15726294719,27,ClientRead
1785012657021,556.0,51306.0,1827.3,8971.8,12036991,359591975,186253323430,3153573,2521387.7430000002,15726401215,19,ClientRead
1785012658024,555.6,51368.2,1753.0,8965.0,12039835,359660930,186297924105,3154162,2521808.4910000004,15726581439,13,ClientRead
1785012659020,554.5,51401.2,1770.5,8966.3,12042782,359709020,186321705087,3154889,2522267.1580000003,15726794431,26,WALWrite
1785012660024,594.1,51444.1,1729.6,8971.3,12045583,359759768,186347643734,3155601,2522720.9390000002,15726958271,15,ClientRead
1785012661020,674.4,51357.8,1675.3,8968.6,12048547,359834167,186373042306,3156254,2523134.6550000003,15727040191,19,WALWrite
1785012662023,606.8,51334.1,1740.9,8968.5,12051644,359923048,186422021876,3156995,2523605.345,15727285951,7,VacuumTruncate
1785012663022,561.1,51387.5,1723.9,8969.6,12054663,359996880,186480316519,3157653,2524109.043,15727498943,15,WALWrite
1785012664023,561.8,51424.8,1722.7,8965.8,12057621,360046967,186504809850,3158406,2524573.295,15727711935,14,WALWrite
1785012665020,632.7,51478.1,1685.2,8967.1,12060494,360096858,186529132321,3159085,2525053.44,15727851199,11,ClientRead
1785012666022,646.7,51502.4,1675.1,8966.3,12063441,360168070,186556230823,3159842,2525570.5730000003,15728055999,5,ClientRead
1785012667020,598.8,51367.6,1728.3,8968.5,12066424,360254373,186602226782,3160461,2526015.8400000003,15728146111,15,ClientRead
1785012668020,601.6,51420.9,1695.6,8968.5,12069598,360329336,186652218025,3161180,2526496.0210000006,15728359103,10,ClientRead
1785012669021,595.5,51459.1,1707.8,8965.6,12072600,360379566,186676827452,3161888,2526982.7260000003,15728563903,25,WALWrite
1785012670022,683.2,51496.4,1731.2,8965.7,12075664,360430698,186701060438,3162507,2527412.4230000004,15728694975,13,ClientRead
1785012671024,708.8,51534.9,1723.3,8968.6,12078682,360515416,186727402272,3163174,2527877.8310000002,15728907967,15,ClientRead
1785012672023,695.5,51386.4,1756.5,8967.0,12081566,360592647,186776845287,3163760,2528344.4600000004,15729112767,16,ClientRead
1785012673023,706.3,51445.1,1723.2,8966.6,12084032,360639206,186800902899,3164257,2528774.0000000005,15729342143,26,ProcarrayGroupUpdate
1785012674023,730.5,51473.0,1671.4,8964.7,12086880,360710991,186847846324,3164866,2529294.0080000004,15729792703,10,ClientRead
1785012675021,767.1,51521.4,1756.4,8966.5,12089467,360761115,186872292521,3165393,2529714.3830000004,15730210495,25,WALWrite
1785012676021,769.1,51553.3,1702.2,8965.2,12092170,360813614,186895678347,3165962,2530182.7340000006,15730611903,14,WALWrite
1785012677021,756.0,51401.5,1744.1,8965.9,12095103,360904969,186924641292,3166526,2530646.3270000005,15730996927,11,ClientRead
1785012678022,668.4,51458.1,1704.3,8968.6,12097675,360978324,186971374240,3167030,2531078.0820000004,15699441343,11,WALWrite
1785012679021,543.2,51476.1,1818.1,8965.7,12100907,361052197,187019169934,3167801,2531593.8380000005,15699646143,9,ClientRead
1785012680024,553.0,51501.9,1739.1,8968.3,12104192,361111655,187044983180,3168517,2532076.359,15698958015,14,ClientRead
1785012681022,597.5,51536.6,1749.2,8965.9,12107415,361171626,187070020596,3169210,2532556.8720000004,15699236543,15,ClientRead
1785012682023,587.5,51377.7,1790.2,8966.7,12110748,361271132,187098932867,3169903,2533042.623,15699457727,17,ClientRead
1785012683021,636.0,51487.4,1749.8,8966.7,12113935,361350642,187159418430,3170533,2533543.356,15699646143,14,ClientRead
1785012684021,721.0,51485.5,1801.9,8968.2,12117175,361411358,187192084421,3171213,2534111.5600000005,15699834559,12,WALWrite
1785012685021,666.3,51494.0,1803.8,8970.2,12120331,361746457,187234476622,3171834,2534616.671,15699973823,19,WALWrite
1785012686022,598.9,51548.3,1741.3,8965.9,12123316,361821399,187259568850,3172537,2535152.275,15700096703,10,WALWrite
1785012687023,541.3,51411.5,1800.3,8970.0,12126355,361912930,187306893151,3173281,2535686.762,15700227775,13,ClientRead
1785012688021,554.6,51437.5,1787.1,8968.6,12129330,361982541,187354683524,3173938,2536189.435,15700367039,16,WALWrite
1785012689021,536.0,51468.1,1844.6,8969.6,12132146,362029842,187379247854,3174616,2536663.465,15700481727,14,WALWrite
1785012690023,591.6,51497.9,1800.3,8968.7,12134917,362085490,187403712112,3175272,2537175.5,15700219583,33,ClientRead
1785012691022,599.0,51511.4,1771.8,8966.8,12137903,362170292,187428987432,3175975,2537697.6130000004,15700375231,13,ClientRead
1785012692022,562.2,51358.5,1872.9,8967.7,12140951,362248172,187473394394,3176635,2538235.0110000004,15700530879,26,WALWrite
1785012693021,543.6,51419.4,1865.3,8969.3,12143816,362297334,187499694073,3177260,2538726.6960000005,15700629183,7,WALWrite
1785012694021,547.0,51451.0,1897.8,8968.0,12146709,362367822,187548417335,3177954,2539267.2500000005,15700825791,3,ClientRead
1785012695020,564.0,51494.5,1864.9,8966.8,12149677,362413851,187571712932,3178653,2539798.723,15700948671,8,ClientRead
1785012696022,722.4,51545.1,1793.3,8967.5,12152568,362552270,187607380649,3179299,2540309.896,15701006015,12,WALWrite
1785012697021,585.3,51553.7,1838.6,8967.9,12155555,362638755,187635358517,3179958,2540840.8240000005,15701006015,8,ClientRead
1785012698022,565.6,51406.9,1811.4,8969.9,12158611,362712313,187687163951,3180639,2541376.6900000004,15701006015,9,ClientRead
1785012699021,542.6,51436.2,1848.4,8971.0,12161705,362779180,187729089131,3181365,2541956.8870000006,15701006015,9,ClientRead
1785012700023,556.1,51462.1,1874.5,8967.0,12164789,362827605,187753931466,3182101,2542512.1110000005,15701006015,9,ClientRead
1785012701027,606.6,51488.9,1817.4,8968.5,12167948,362910197,187779260143,3182815,2543017.848,15701006015,15,WALWrite
1785012702021,608.9,51533.2,1759.8,8967.6,12171102,362988289,187824569221,3183531,2543555.404,15701006015,13,ClientRead
1785012703023,565.1,51382.2,1864.4,8968.9,12174152,363059273,187874006911,3184189,2544067.296,15701006015,7,ClientRead
1785012704021,560.8,51408.6,1857.5,8966.6,12177027,363106443,187898547516,3184881,2544595.9320000005,15701006015,18,ClientRead
1785012705023,543.3,51454.4,1866.5,8968.6,12180027,363153438,187923220619,3185639,2545170.9820000003,15701006015,12,WALWrite
1785012706022,654.9,51362.7,1803.2,8967.2,12182922,363214622,187947629777,3186271,2545678.6070000003,15701006015,6,ClientRead
1785012707024,674.3,51362.0,1801.5,8967.6,12185792,363295149,187977973829,3186983,2546217.4260000004,15701006015,5,ClientRead
1785012708021,695.2,51430.0,1791.2,8970.5,12188720,363784987,188061507634,3187602,2546765.3570000003,15701006015,29,WALWrite
1785012709022,560.7,51423.2,1814.9,8967.3,12191353,363842898,188099127136,3188263,2547299.2060000007,15701006015,19,WALWrite
1785012710021,527.4,51461.9,1916.3,8969.9,12194073,363887464,188123229070,3188966,2547841.7970000003,15701006015,12,ClientRead
1785012711020,576.0,51491.8,1851.9,8971.2,12197326,363960050,188148368559,3189724,2548415.8300000005,15701006015,5,ClientRead
1785012712020,569.2,51550.3,1827.3,8968.0,12200382,364042822,188188693689,3190447,2548962.749000001,15701006015,11,ClientRead
1785012713021,577.1,51401.0,1866.5,8968.3,12203278,364111236,188240790892,3191075,2549515.0030000005,15701006015,15,WALWrite
1785012714023,580.4,51434.5,1827.6,8969.6,12206211,364166293,188269742920,3191779,2550020.7430000007,15701006015,7,WALWrite
1785012715020,583.6,51475.1,1797.5,8970.9,12209186,364214077,188294025827,3192539,2550575.8070000005,15701006015,8,ClientRead
1785012716022,628.8,51508.0,1783.2,8969.5,12211957,364294834,188320232910,3193216,2551121.6850000005,15701006015,8,ClientRead
1785012717022,527.8,51557.5,1842.3,8967.4,12214798,364376726,188362526643,3193999,2551690.0900000003,15701006015,12,WALWrite
1785012718021,566.5,51414.1,1883.9,8968.7,12217842,364449669,188414127022,3194693,2552252.6440000003,15701006015,15,ClientRead
1785012719025,591.3,51446.4,1808.3,8967.2,12220658,364499706,188439280236,3195351,2552743.8840000005,15701006015,5,ClientRead
1785012720023,541.7,51477.9,1820.4,8968.3,12223627,364546138,188463055626,3196127,2553318.7560000005,15701006015,9,ClientRead
1785012721024,563.5,51513.9,1839.4,8967.9,12226540,364613713,188489394388,3196798,2553803.3760000006,15701006015,3,WalSync
1785012722022,557.5,51372.4,1852.0,8968.7,12229346,364697002,188519384096,3197504,2554328.771,15701006015,11,ClientRead
1785012723020,548.4,51425.2,1857.5,8968.3,12232268,364769135,188577389313,3198178,2554892.836,15701006015,14,ClientRead
1785012724023,559.1,51464.3,1852.2,8968.2,12235431,364826743,188608896337,3198939,2555412.484,15701006015,5,WALWrite
1785012725022,586.3,51503.1,1801.8,8967.5,12238540,364877571,188635761267,3199693,2555967.9150000005,15701006015,7,WALWrite
1785012726021,676.6,51417.5,1841.2,8968.4,12241497,364945699,188661205065,3200359,2556509.782,15701022399,8,WALWrite
1785012727023,617.6,51365.1,1810.5,8966.6,12244428,365025001,188694525781,3200985,2557000.744,15701022399,13,ClientRead
1785012728021,545.7,51423.0,1864.4,8969.1,12247422,365098583,188747182867,3201702,2557532.406,15701022399,9,ClientRead
1785012729024,546.5,51445.3,1863.7,8968.3,12250354,365150476,188774615566,3202414,2558074.887,15701022399,12,ClientRead
1785012730024,554.3,51469.9,1833.6,8968.9,12253478,365199509,188799502099,3203144,2558607.748,15701022399,21,ClientRead
1785012731020,576.2,51492.3,1836.6,8968.7,12256516,365250870,188824200557,3203877,2559137.566,15701022399,13,ClientRead
1785012732022,573.7,51546.1,1822.9,8967.4,12259752,365339134,188851434420,3204556,2559667.469,15701022399,15,ClientRead
1785012733021,570.0,51389.6,1833.3,8968.2,12262858,365416738,188903465926,3205201,2560207.7120000003,15701022399,6,WalSync
1785012734021,534.3,51429.5,1853.3,8965.8,12265976,365480064,188941574212,3205953,2560766.348,15701022399,11,ClientRead
1785012735022,537.6,51459.5,1845.2,8969.3,12268849,365524448,188964294415,3206648,2561315.759,15701022399,8,ClientRead
1785012736021,693.3,51304.6,1869.3,8966.4,12271943,365599731,188992146829,3207335,2561851.768,15701022399,8,ClientRead
1785012737021,678.9,51330.6,1843.6,8967.7,12275296,365880948,189036828298,3207996,2562398.757,15701022399,20,ClientRead
1785012738021,652.8,51394.2,1886.4,8967.9,12278532,365954213,189088803000,3208540,2562870.5670000003,15701022399,14,ClientRead
1785012739021,587.6,51428.0,1902.1,8966.5,12281697,366016282,189121072316,3209206,2563418.759,15701022399,11,WALWrite
1785012740024,577.1,51469.0,1879.9,8967.3,12284763,366063718,189143322892,3209858,2563892.342,15701022399,16,WALWrite
1785012741023,602.5,51508.1,1899.1,8969.4,12288157,366150759,189172083180,3210652,2564473.272,15701022399,19,WALWrite
1785012742021,611.0,51358.9,1838.1,8968.1,12291366,366228583,189210553668,3211315,2564933.4620000003,15701022399,8,ClientRead
1785012743021,624.3,51418.7,1869.3,8967.5,12294651,366302238,189258399221,3211990,2565493.953,15701022399,1,ClientRead
1785012744026,585.8,51458.0,1911.5,8966.8,12297822,366354515,189283592228,3212595,2565970.7120000003,15701022399,17,ClientRead
1785012745024,599.9,51498.3,1807.8,8968.9,12301047,366412489,189311918319,3213347,2566546.3290000004,15701022399,11,WALWrite
1785012746023,586.9,51490.0,1929.3,8966.8,12304179,366483707,189336715129,3214023,2567057.64,15701022399,19,ClientRead
1785012747021,598.6,51394.2,1865.3,8965.4,12307358,366569298,189368652458,3214657,2567532.2190000005,15701022399,23,ClientRead
1785012748021,653.9,51450.1,1872.2,8965.3,12310705,366646969,189422898274,3215257,2568004.2800000003,15701022399,3,ClientRead
1785012749022,613.5,51489.2,1885.1,8966.6,12313896,366706119,189452736228,3215866,2568456.2970000003,15701022399,5,ClientRead
1785012750024,610.3,51525.9,1863.3,8967.5,12317091,366759694,189478192973,3216510,2568898.9030000004,15701022399,24,WALWrite
1785012751024,679.7,51437.1,1817.9,8965.3,12320254,366830028,189504474924,3217180,2569387.257,15701022399,12,WALWrite
1785012752021,641.4,51395.7,1853.2,8968.3,12323264,366921692,189531744373,3217813,2569871.3790000007,15701022399,22,WALWrite
1785012753022,576.8,51466.1,1816.7,8966.1,12326204,366993666,189590226573,3218430,2570396.0140000004,15701022399,11,WALWrite
1785012754021,590.7,51503.8,1856.7,8968.1,12329256,367054420,189625626458,3219141,2570951.1350000007,15701022399,9,WALWrite
1785012755022,615.3,51554.5,1849.6,8965.5,12332557,367108905,189651699412,3219869,2571508.4370000004,15701022399,19,ClientRead
1785012756022,678.5,51376.8,1814.9,8967.4,12335769,367189857,189678719614,3220513,2572053.5010000006,15701022399,5,WALWrite
1785012757021,600.0,51434.2,1879.0,8966.8,12339002,367274363,189716683760,3221134,2572580.9860000005,15701022399,10,WALWrite
1785012758022,625.3,51486.6,1790.5,8965.7,12342127,367346689,189763522684,3221683,2573021.8300000005,15701022399,17,WALWrite
1785012759021,590.8,51526.4,1901.8,8966.0,12345338,367402748,189791159474,3222378,2573566.0010000006,15701022399,20,WALWrite
1785012760022,617.0,51562.5,1832.4,8966.0,12348585,367453842,189815714366,3223103,2574090.6050000004,15701022399,14,WALWrite
1785012761021,630.1,51405.2,1846.2,8965.0,12351834,367524215,189841915567,3223787,2574612.116000001,15701022399,10,ClientRead
1785012762022,621.4,51450.3,1889.3,8967.8,12355233,367618632,189870633376,3224439,2575142.0350000006,15701022399,6,WALWrite
1785012763022,616.1,51510.8,1910.3,8966.4,12358278,367682737,189917969639,3225021,2575615.3140000002,15701022399,25,WALWrite
1785012764020,545.4,51555.7,1858.1,8965.8,12361362,367750346,189960281542,3225717,2576194.2060000002,15701022399,11,ClientRead
1785012765020,575.3,51400.9,1823.7,8964.7,12364185,367797644,189985263718,3226472,2576715.089,15701022399,16,WALWrite
1785012766023,684.6,51524.4,1809.9,8966.3,12366969,367870824,190010847107,3227122,2577264.5880000005,15701022399,10,ClientRead
1785012767023,660.0,51530.5,1790.0,8965.3,12370000,367948739,190047589521,3227822,2577847.095,15701022399,21,WALWrite
1785012768021,698.4,51401.4,1818.4,8969.2,12372511,368007831,190094597265,3228355,2578321.2460000003,15701022399,15,WALWrite
1785012769021,579.4,51412.2,1828.5,8968.5,12375164,368564408,190162613859,3229012,2578867.6580000003,15701022399,19,WALWrite
1785012770022,534.0,51451.6,1844.7,8968.3,12377896,368609605,190185888407,3229705,2579403.676,15701022399,8,ClientRead
1785012771021,631.9,51490.6,1847.7,8965.6,12380963,368673953,190212081873,3230441,2579943.42,15701022399,19,ClientRead
1785012772022,636.6,51537.9,1830.6,8965.0,12384122,368763612,190238402037,3231096,2580436.523,15701022399,18,ClientRead
1785012773027,600.6,51403.7,1914.3,8966.1,12387142,368835759,190292623960,3231719,2580959.79,15701022399,5,ClientRead
1785012774023,557.3,51453.6,1970.0,8966.2,12389849,368895891,190331739982,3232322,2581493.568,15701022399,3,ClientRead
1785012775020,587.6,51483.6,2009.6,8970.0,12392610,368945933,190358668113,3232976,2582062.604,15701022399,21,ClientRead
1785012776023,620.5,51539.9,1914.2,8968.2,12395390,369009902,190384772647,3233613,2582585.627,15701022399,11,WALWrite
1785012777022,610.9,51379.8,1890.2,8966.6,12398280,369090089,190410122866,3234236,2583081.1750000003,15701022399,11,ClientRead
1785012778023,609.6,51436.2,1880.4,8968.8,12401184,369161543,190468322048,3234866,2583578.735,15701022399,9,ClientRead
1785012779027,584.4,51481.2,1900.3,8965.6,12404361,369231043,190504635284,3235482,2584069.825,15701022399,8,WALWrite
1785012780022,576.9,51518.1,1867.0,8969.2,12407331,369283801,190529975013,3236131,2584519.2010000004,15701022399,13,WALWrite
1785012781021,664.1,51538.7,1786.8,8969.2,12410351,369364050,190555298125,3236778,2584995.213,15701022399,20,WALWrite
1785012782021,598.1,51399.7,1859.2,8967.2,12413357,369450111,190592636530,3237403,2585523.253,15701022399,17,ClientRead
1785012783022,628.2,51454.9,1812.5,8969.0,12416458,369521444,190647686264,3238057,2586012.472,15701022399,16,ClientRead
1785012784021,615.8,51495.6,1872.5,8970.2,12419492,369578240,190673806506,3238770,2586571.481,15701022399,7,ClientRead
1785012785021,595.1,51530.8,1885.8,8968.0,12422591,369630287,190698749537,3239388,2587091.2120000003,15701022399,17,WALWrite
1785012786021,682.1,51457.2,1849.8,8965.1,12425507,369680789,190723899553,3239979,2587606.143,15701022399,19,WALWrite
1785012787021,637.0,51424.1,1923.3,8968.9,12428490,369764430,190751672658,3240602,2588126.961,15701022399,20,ClientRead
1785012788026,634.1,51480.0,1853.7,8965.3,12431416,369839841,190800285151,3241232,2588669.207,15701022399,13,BufferContent
1785012789021,652.1,51521.1,1837.7,8966.6,12434536,369911331,190844509839,3241895,2589182.4480000003,15701022399,10,ClientRead
1785012790022,612.0,51362.8,1871.0,8966.4,12437973,369965772,190869712286,3242543,2589688.6840000004,15701022399,9,ClientRead
1785012791021,618.4,51397.7,1824.7,8966.6,12441321,370022520,190895127340,3243239,2590182.094,15701022399,2,WALWrite
1785012792022,614.7,51455.6,1835.2,8971.9,12444730,370109682,190922137037,3243909,2590721.6810000003,15701022399,17,ClientRead
1785012793021,594.8,51515.3,1801.1,8967.4,12447779,370182828,190975477652,3244498,2591177.4110000003,15701022399,29,ClientRead
1785012794023,611.9,51552.0,1807.3,8970.0,12451098,370251783,191014778469,3245246,2591756.913,15701022399,14,ClientRead
1785012795022,614.8,51388.6,1883.9,8969.2,12454290,370303146,191040000160,3245895,2592281.7210000004,15701022399,17,ClientRead
1785012796023,688.9,51449.9,1827.6,8968.1,12457386,370369874,191064366511,3246537,2592809.037,15701022399,12,WALWrite
1785012797021,710.8,51381.4,1854.6,8966.4,12460673,370451237,191092069624,3247195,2593331.615,15701022399,36,WALWrite
1785012798023,733.7,51402.7,1902.7,8968.8,12463618,370875466,191174449540,3247679,2593817.974,15700989631,12,WALWrite
1785012799021,643.5,51412.4,1851.4,8965.4,12466578,370942731,191211496123,3248296,2594325.294,15700989631,14,WALWrite
1785012800021,599.8,51447.5,1838.2,8965.2,12469513,370992231,191236234639,3249030,2594900.488,15700989631,11,WALWrite
1785012801021,624.2,51486.7,1858.4,8967.7,12472720,371064162,191261288660,3249690,2595404.952,15700989631,15,ClientRead
1785012802023,609.9,51551.3,1858.2,8966.6,12475689,371147953,191300141371,3250318,2595905.658,15700989631,6,ClientRead
1785012803021,597.2,51408.8,1884.7,8968.2,12478957,371215821,191351761221,3250933,2596415.579,15700989631,10,WALWrite
1785012804021,626.7,51443.5,1867.2,8966.4,12482189,371274986,191379236680,3251547,2596912.797,15700989631,20,WALWrite
1785012805021,593.1,51481.0,1859.9,8969.2,12485338,371329139,191405639061,3252268,2597466.574,15700989631,10,ClientRead
1785012806021,659.7,51539.5,1814.8,8968.8,12488477,371383305,191432375050,3252908,2597973.292,15700989631,9,ClientRead
1785012807021,611.3,51395.6,1832.8,8968.5,12491525,371469748,191458333968,3253555,2598408.5790000004,15700989631,14,WALWrite
1785012808021,583.5,51457.4,1931.7,8966.6,12494391,371542938,191508871032,3254126,2598886.457,15700989631,28,WALWrite
1785012809022,565.3,51505.3,1866.3,8969.0,12497484,371613756,191551334757,3254716,2599509.936,15700989631,14,ClientRead
1785012810021,569.7,51532.6,1870.7,8965.9,12500240,371664596,191576696175,3255301,2600018.4050000003,15689742015,14,WALWrite
1785012811022,660.2,51445.7,1852.6,8965.1,12502882,371722831,191600144518,3255962,2600531.6410000008,15689742015,23,WALWrite
1785012812021,631.4,51397.0,1847.2,8969.0,12505601,371814357,191628060197,3256654,2601056.4200000004,15689742015,9,WALWrite
1785012813021,562.7,51453.0,1872.3,8968.7,12508522,371880737,191688020965,3257349,2601620.3400000003,15689742015,18,WALWrite
1785012814023,589.9,51492.9,1848.8,8967.7,12511573,371945783,191721054612,3257983,2602165.7750000004,15689742015,11,ClientRead
1785012815021,582.3,51531.0,1828.4,8966.4,12514533,371997491,191746790348,3258624,2602677.7890000003,15689742015,19,ClientRead
1785012816022,667.3,51368.2,1846.7,8965.4,12517743,372071028,191772418051,3259234,2603197.1400000006,15689742015,26,ClientRead
1785012817022,647.9,51416.8,1824.8,8965.9,12520776,372154367,191804926990,3259859,2603733.3690000004,15689742015,18,WALWrite
1785012818022,621.4,51481.9,1842.2,8966.4,12523917,372221852,191863030179,3260516,2604251.0880000005,15689742015,9,ClientRead
1785012819022,588.1,51529.1,1865.9,8966.6,12526933,372282430,191892153016,3261134,2604723.828,15689742015,11,ClientRead
1785012820020,596.9,51362.8,1863.2,8966.1,12529936,372330171,191915739395,3261863,2605278.4880000004,15689742015,5,ClientRead
1785012821021,609.3,51400.5,1834.7,8967.5,12533161,372413427,191941718629,3262509,2605797.0920000006,15689742015,20,ClientRead
1785012822021,627.1,51453.5,1847.1,8966.9,12536273,372466427,191967590128,3263132,2606370.3660000004,15689742015,23,WALWrite
1785012823021,636.3,51519.1,1862.0,8967.0,12539554,372549723,192018474687,3263723,2606856.3660000004,15689742015,10,WALWrite
1785012824023,620.2,51362.0,1850.4,8965.0,12543065,372625297,192064042597,3264402,2607409.380000001,15689742015,8,WALWrite
1785012825021,603.0,51399.1,1877.7,8966.4,12546277,372676584,192088490386,3265098,2607940.5660000006,15689742015,6,WALWrite
1785012826021,691.2,51520.1,1857.9,8966.7,12549434,372753358,192113868051,3265725,2608446.1000000006,15689742015,16,WALWrite
1785012827021,685.8,51536.9,1854.7,8966.9,12552526,372830614,192155928702,3266369,2609011.6650000005,15689742015,25,WALWrite
1785012828024,739.9,51345.2,1831.8,8966.1,12555475,373108392,192218710293,3266894,2609517.940000001,15689742015,3,WALWrite
1785012829022,640.2,51386.8,1869.0,8966.7,12558427,373168295,192246398017,3267514,2610053.5350000006,15689742015,7,ClientRead
1785012830022,578.5,51425.4,1861.2,8966.4,12561419,373218743,192270988717,3268131,2610580.2710000006,15689742015,7,ClientRead
1785012831021,572.7,51465.4,1857.6,8967.1,12564377,373267422,192295395172,3268814,2611149.3560000006,15689742015,17,ClientRead
1785012832023,581.0,51525.1,1749.0,8968.8,12567266,373351906,192322119009,3269497,2611693.8550000004,15689742015,5,ClientRead
1785012833024,524.3,51383.2,1804.3,8969.5,12570033,373423995,192380542215,3270214,2612236.4680000003,15689742015,15,WALWrite
1785012834021,562.3,51418.3,1840.7,8970.3,12572800,373487130,192416362375,3270938,2612793.7930000005,15689742015,9,WALInsert
1785012835025,643.7,51454.9,1776.2,8969.4,12575659,373533248,192440151914,3271637,2613345.5750000007,15689742015,10,WALWrite
1785012836022,717.0,51379.4,1773.6,8968.7,12578390,373581372,192465948550,3272280,2613866.913,15689742015,11,ClientRead
1785012837023,716.6,51356.0,1774.8,8965.8,12580930,373664337,192491106469,3272922,2614399.336,15689742015,15,WALWrite
1785012838021,653.5,51409.9,1857.2,8967.4,12583591,373730906,192550759523,3273573,2614916.0560000003,15689742015,15,ClientRead
1785012839024,629.1,51444.6,1751.1,8965.6,12586339,373790205,192583807555,3274275,2615479.4110000003,15689742015,11,ClientRead
1785012840021,661.0,51479.1,1771.9,8967.4,12588918,373838114,192610603889,3274963,2616054.349,15689742015,4,ClientRead
1785012841020,666.9,51520.3,1812.7,8968.2,12591610,373902552,192634584747,3275599,2616587.9650000003,15689742015,7,WALWrite
1785012842020,667.2,51376.1,1794.4,8971.0,12594448,373976069,192680766279,3276253,2617104.555,15689742015,13,WALWrite
1785012843022,658.4,51432.6,1776.5,8967.7,12597024,374040605,192726922170,3276880,2617670.328,15689742015,8,ClientRead
1785012844024,643.8,51467.6,1814.5,8966.8,12599606,374088843,192752576836,3277518,2618194.876,15689742015,11,ClientRead
1785012845021,671.7,51503.7,1764.6,8964.4,12602163,374133626,192776989794,3278194,2618742.1990000005,15689742015,13,WALWrite
1785012846025,796.8,51366.5,1728.0,8970.8,12604789,374196078,192802997392,3278786,2619243.026,15697483455,4,ClientRead
1785012847023,728.8,51498.0,1777.2,8968.0,12607221,374261813,192829865464,3279370,2619766.345,15705634495,4,ClientRead
1785012848025,710.7,51487.4,1798.3,8966.4,12609577,374455312,192902397722,3279978,2620327.844,15715481279,9,WALWrite
1785012849020,646.7,51536.4,1821.8,8968.5,12611844,374494692,192925721482,3280548,2620821.7,15724017343,9,WALWrite
1785012850021,656.4,51383.7,1807.9,8965.8,12614428,374549994,192956147531,3281286,2621417.194,15733053119,3,ClientRead
1785012851021,702.7,51428.8,1755.0,8968.3,12617024,374608273,192979121941,3281896,2621951.1730000004,15741343423,14,ClientRead
1785012852025,692.9,51486.4,1754.7,8968.1,12619643,374680085,193013626447,3282508,2622475.156,15750198975,38,WALWrite
1785012853021,710.9,51547.8,1756.4,8968.1,12622248,374740435,193057647765,3283092,2622964.8070000005,15759005375,16,ClientRead
1785012854021,687.2,51402.6,1782.9,8969.0,12624808,374790803,193084251924,3283710,2623524.3410000005,15767885503,4,ClientRead
1785012855024,671.3,51442.4,1784.2,8970.2,12627306,374834965,193109451092,3284305,2624084.1680000005,15776995007,30,WALWrite
1785012856020,793.0,51567.0,1719.3,8967.7,12629665,374885057,193132865758,3284861,2624572.808,15785416383,8,WALWrite
1785012857021,796.8,51378.1,1733.8,8967.9,12632531,375008392,193165663488,3285507,2625168.9420000007,15794648767,77,WALWrite
1785012858022,1101.6,51401.8,1522.2,8971.9,12634508,375053383,193204700526,3285858,2625552.7410000004,15802455743,7,WALWrite
1785012859021,684.8,51460.0,1882.0,8970.4,12636797,375111414,193247663195,3286431,2626061.9890000005,15811974847,8,ClientRead
1785012860023,675.6,51517.0,1809.9,8969.3,12639253,375157768,193272720599,3287048,2626586.2260000007,15820363455,8,ClientRead
1785012861022,709.4,51552.5,1799.9,8972.6,12641751,375198917,193295960027,3287647,2627073.6990000005,15829522111,17,ClientRead
1785012862021,712.1,51416.2,1750.0,8967.2,12644409,375271063,193322249001,3288311,2627611.9190000007,15837746879,13,ClientRead
1785012863021,719.5,51483.4,1784.5,8967.4,12646972,375334380,193375585367,3288920,2628133.9000000004,15846418111,11,WALWrite
1785012864021,692.4,51527.2,1779.3,8966.9,12649543,375392042,193410238608,3289556,2628715.1310000005,15855777471,7,WALWrite
1785012865022,646.0,51377.6,1765.5,8970.8,12651782,375433348,193434616472,3290128,2629165.4530000007,15863879359,16,ClientRead
1785012866022,821.4,51495.1,1757.2,8966.5,12654079,375487193,193459645650,3290648,2629661.9820000003,15873177279,15,WALWrite
1785012867022,777.1,51311.2,1762.7,8968.3,12656612,375556322,193484649713,3291244,2630205.6790000005,15881590463,33,ClientRead
1785012868022,543.5,51361.9,1878.6,8969.5,12659155,375626117,193551132723,3291844,2630703.8200000003,15890757311,17,ClientRead
1785012869022,465.5,51412.6,1957.1,8969.4,12662304,375682451,193578543105,3292584,2631210.1870000004,15898236607,15,ClientRead
1785012870023,514.4,51452.5,1936.4,8967.7,12665973,375738953,193604453678,3293329,2631685.87,15904536255,13,WALWrite
1785012871022,523.5,51499.7,1798.9,8966.5,12669372,375812865,193630324686,3294069,2632158.1270000003,15911696063,24,ClientRead
1785012872021,547.2,51370.9,1796.8,8968.7,12672559,375898788,193680208873,3294714,2632655.1350000002,15917586111,5,ClientRead
1785012873022,609.0,51423.5,1798.8,8966.4,12675544,375964336,193722869302,3295374,2633154.2110000006,15925941951,13,ClientRead
1785012874022,575.0,51470.9,1836.6,8967.4,12678548,376015685,193748284192,3296060,2633695.879,15933978303,11,ClientRead
1785012875022,568.3,51500.6,1824.0,8967.3,12681709,376068277,193774499496,3296729,2634244.3490000004,15942383295,27,WALWrite
1785012876021,657.8,51419.8,1767.9,8968.3,12684720,376133952,193800299321,3297407,2634786.1300000004,15950812863,13,ClientRead
1785012877022,671.6,51461.0,1856.9,8967.1,12687658,376209083,193837857010,3298026,2635316.5650000004,15959774911,24,ClientRead
1785012878021,679.9,51531.3,1797.7,8967.2,12690642,376585810,193906896718,3298586,2635803.4470000006,15968286399,19,ClientRead
1785012879021,615.8,51545.3,1808.2,8967.2,12693776,376644697,193935414704,3299282,2636327.7280000006,15976634047,15,WALWrite
1785012880022,561.1,51391.7,1785.0,8967.6,12696874,376695281,193961485342,3299957,2636905.6270000003,15984858815,6,ClientRead
1785012881022,591.4,51439.6,1811.1,8966.7,12699760,376752357,193985158845,3300577,2637434.8290000004,15993231039,39,WALWrite
1785012882021,618.1,51505.0,1815.8,8969.5,12702920,376837233,194011707036,3301255,2637996.3420000006,16001775295,21,ClientRead
1785012883021,571.8,51367.7,1802.4,8967.0,12706290,376907184,194069970969,3301881,2638489.348,16009860799,12,ClientRead
1785012884021,560.2,51413.7,1799.3,8969.1,12709299,376966243,194099029768,3302651,2639037.8340000003,16018675391,10,WALWrite
1785012885021,571.6,51458.1,1803.6,8969.6,12712268,377010990,194121964586,3303363,2639563.1860000007,16028161727,14,ClientRead
1785012886022,670.1,51532.8,1757.2,8969.4,12715503,377087084,194147824287,3304049,2640104.6220000004,16036837055,23,WALWrite
1785012887022,688.1,51472.7,1826.2,8968.8,12718758,377342241,194214688028,3304690,2640634.24,16046159551,24,WALWrite
1785012888020,678.9,51439.6,1763.5,8969.9,12721740,377409894,194258310342,3305336,2641133.7530000005,16054728383,4,ClientRead
1785012889021,581.5,51479.8,1864.1,8966.3,12724527,377454586,194281392628,3306024,2641645.146,16062895807,8,ClientRead
1785012890021,564.6,51508.2,1848.8,8973.1,12727557,377503198,194305446776,3306762,2642193.83,16071136959,27,ClientRead
1785012891023,618.1,51340.6,1822.6,8968.0,12730753,377581889,194331421511,3307477,2642703.381,16079107775,14,ClientRead
1785012892020,577.1,51404.4,1792.5,8967.4,12734015,377659720,194389729422,3308223,2643231.4760000003,16087987903,18,ClientRead
1785012893021,563.0,51446.6,1816.7,8969.4,12737051,377724699,194426424652,3308939,2643780.834,16096483007,10,WALWrite
1785012894021,606.0,51476.3,1796.2,8967.8,12739964,377770379,194449287180,3309596,2644286.817,16104822463,8,ClientRead
1785012895022,576.0,51319.3,1810.4,8970.8,12743004,377820585,194474964192,3310336,2644856.048,16113186495,16,WALWrite
1785012896024,675.9,51436.9,1771.3,8970.2,12745777,377871052,194498051344,3310961,2645374.986,16121501375,13,ClientRead
1785012897021,613.9,51409.6,1813.9,8967.6,12748613,377947071,194524851078,3311668,2645939.7229999998,16130033343,11,WALWrite
1785012898023,562.9,51476.1,1772.5,8968.8,12751474,378014461,194584737920,3312274,2646480.2739999997,16139024063,13,WALWrite
1785012899021,572.6,51322.9,1773.8,8971.2,12754319,378075059,194616532164,3312982,2647017.4460000005,16147388095,27,ClientRead
1785012900022,546.4,51352.6,1811.9,8967.5,12757344,378123926,194642176100,3313779,2647579.4460000005,16156243647,14,ClientRead
1785012901024,582.7,51388.4,1827.6,8966.6,12760246,378170774,194665622798,3314487,2648097.1750000003,16164730559,2,WalSync
1785012902022,558.9,51454.1,1787.8,8967.9,12763276,378252139,194692433333,3315234,2648626.87,16173176511,29,WALWrite
1785012903021,536.7,51322.3,1763.4,8972.5,12766145,378324092,194749164312,3315906,2649117.6520000002,16181515967,4,ClientRead
1785012904022,534.7,51363.7,1810.5,8966.8,12768959,378386828,194783339468,3316620,2649713.3449999997,16190052031,9,ClientRead
1785012905021,522.3,51410.7,1782.2,8967.3,12771617,378433760,194808859812,3317370,2650267.545,16198583999,20,ClientRead
1785012906020,612.5,51321.6,1717.8,8967.9,12774394,378503963,194832962519,3318040,2650843.913,16206632639,12,WALWrite
1785012907021,613.3,51361.3,1817.2,8967.4,12776923,378574667,194876352512,3318678,2651427.9360000007,16215529151,16,WALWrite
1785012908020,569.0,51412.9,1747.5,8965.7,12779257,378615297,194899539662,3319176,2651858.4280000003,16026416831,11,ClientRead
1785012909021,514.8,51438.5,1765.1,8969.1,12781627,378888392,194959182509,3319883,2652383.7460000003,15972513471,4,ClientRead
1785012910023,532.3,51439.8,1787.8,8968.2,12784181,378940681,194987568704,3320616,2652942.3860000004,15981172415,19,ClientRead
1785012911022,555.0,51474.0,1842.6,8970.1,12787030,379014292,195013159458,3321425,2653507.423,15990290111,14,WALWrite
1785012912020,581.4,51330.4,1744.2,8968.3,12789940,379090090,195060940202,3322145,2654030.203,15998719679,11,ClientRead
1785012913023,528.3,51384.0,1806.5,8969.2,12792858,379158446,195105910305,3322862,2654558.009,16007272127,13,ClientRead
1785012914021,549.2,51414.6,1838.8,8970.8,12795842,379207596,195131094522,3323614,2655114.361,16016332479,9,ClientRead
1785012915021,540.7,51452.5,1817.5,8968.9,12798805,379255735,195156225855,3324412,2655650.512,16024663743,7,ClientRead
1785012916022,635.9,51357.2,1796.1,8968.0,12801724,379328701,195181760996,3325134,2656187.629,16032847551,18,WALWrite
1785012917022,690.9,51365.4,1826.0,8967.5,12804760,379403514,195232747419,3325737,2656714.571000001,16041645759,32,ClientRead
1785012918020,755.1,51433.9,1747.4,8968.5,12807782,379759175,195293795533,3326312,2657247.9440000006,16048748223,1,
1785012919021,532.7,51426.1,1849.5,8967.9,12810260,379806442,195317905799,3326934,2657740.9730000007,16048748223,6,WALWrite
1785012920021,533.8,51443.6,1843.2,8970.3,12813050,379855316,195344221429,3327723,2658304.3500000006,16048748223,13,WALWrite
1785012921021,512.8,51473.3,1828.0,8966.5,12815820,379900627,195366942964,3328442,2658856.5500000007,16048748223,13,WALWrite
1785012922021,554.9,51330.7,1796.7,8967.4,12818792,379985468,195393201000,3329121,2659374.383000001,16048748223,17,WALWrite
1785012923022,572.8,51360.8,1816.8,8967.2,12821841,380057941,195452834644,3329825,2659967.978000001,16048748223,12,ClientRead
1785012924022,536.2,51383.4,1755.2,8970.3,12824797,380123106,195486455842,3330574,2660535.3650000007,16048748223,13,ClientRead
1785012925020,528.9,51416.0,1837.7,8967.7,12827461,380168242,195509791741,3331238,2661029.894000001,16048748223,8,ClientRead
1785012926021,611.4,51306.7,1770.2,8968.6,12830292,380226932,195534992457,3331975,2661606.9090000005,16048748223,35,WALWrite
1785012927023,609.2,51282.0,1802.0,8969.2,12833030,380308310,195561694936,3332622,2662161.8110000007,16048748223,10,ClientRead
1785012928022,563.0,51334.7,1880.6,8967.0,12835918,380378445,195621163318,3333258,2662696.4060000004,16048748223,9,ClientRead
1785012929021,538.5,51346.1,1810.8,8968.7,12838924,380440086,195654352735,3334049,2663273.0260000005,16048748223,10,WALWrite
1785012930021,556.2,51370.9,1784.2,8970.0,12841780,380488188,195678384673,3334819,2663820.3170000007,16048748223,7,ClientRead
1785012931020,558.5,51404.2,1862.0,8969.7,12844803,380539395,195704126019,3335513,2664347.264000001,16048748223,7,WALWrite
1785012932022,583.2,51433.1,1848.9,8966.1,12847890,380619460,195729873808,3336171,2664899.887000001,16048748223,7,ClientRead
1785012933022,586.0,51287.9,1895.5,8967.5,12851131,380702441,195777037115,3336841,2665428.6950000008,16048748223,6,ClientRead
1785012934022,554.9,51320.1,1875.0,8967.0,12854454,380775530,195824636891,3337501,2665923.7110000006,16049567423,31,WALWrite
1785012935023,617.7,51342.1,1842.9,8967.9,12857756,380829804,195850083363,3338161,2666463.585000001,16050788031,9,WALWrite
1785012936021,709.2,51393.8,1845.3,8969.1,12860995,380884326,195876451131,3338773,2666935.1400000006,16050869951,8,ClientRead
1785012937024,659.4,51293.0,1876.2,8966.9,12864184,380968470,195901872298,3339378,2667467.3450000007,16050869951,16,WALWrite
1785012938021,680.1,51284.6,1823.1,8966.7,12867346,381426556,195971828549,3340014,2668006.9880000004,16050869951,22,ClientRead
1785012939022,607.3,51285.7,1870.9,8968.0,12870397,381498383,196021305638,3340616,2668497.0680000004,16050869951,14,ClientRead
1785012940022,591.5,51312.9,1855.8,8968.2,12873755,381555331,196049576161,3341362,2669034.4800000004,16050869951,20,ClientRead
1785012941021,617.7,51336.8,1853.4,8969.7,12876696,381621594,196074975024,3342050,2669555.2870000005,16050869951,9,ClientRead
1785012942022,593.5,51358.8,1797.4,8966.7,12880130,381710621,196107610167,3342772,2670071.6040000007,16050869951,11,ClientRead
1785012943021,550.2,51421.5,1819.8,8969.4,12883232,381787627,196165606474,3343496,2670596.437000001,16050869951,15,ClientRead
1785012944021,528.9,51437.7,1845.6,8967.9,12886109,381842493,196194466209,3344214,2671091.3600000003,16050869951,16,ClientRead
1785012945021,520.9,51461.8,1791.3,8966.2,12888988,381890722,196218529381,3344970,2671663.6190000004,16050869951,3,ClientRead
1785012946021,620.7,51360.4,1779.2,8967.6,12891722,381936146,196242451570,3345606,2672194.0730000003,16050869951,7,ClientRead
1785012947020,629.2,51320.1,1769.8,8967.2,12894695,382016987,196270702322,3346311,2672737.633000001,16050878143,17,WALWrite
1785012948021,625.2,51370.2,1788.4,8968.1,12897711,382094381,196319804549,3346991,2673301.969000001,16050878143,7,ClientRead
1785012949020,529.9,51407.2,1820.6,8968.6,12900707,382162167,196363084082,3347709,2673890.281000001,16050878143,7,ClientRead
1785012950020,568.7,51421.3,1821.4,8967.1,12903519,382209344,196387150115,3348411,2674404.762000001,16050878143,11,ClientRead
1785012951023,593.7,51449.0,1824.5,8966.9,12906687,382287816,196414250879,3349196,2674976.1830000007,16050878143,20,ClientRead
1785012952021,617.2,51491.8,1851.5,8968.6,12909878,382369989,196455076078,3349860,2675443.338000001,16050878143,18,WALWrite
1785012953022,650.8,51341.0,1815.9,8969.4,12913091,382447457,196507609114,3350490,2675948.682000001,16050878143,13,WALWrite
1785012954022,606.3,51366.9,1826.1,8967.3,12916252,382501355,196533400936,3351161,2676441.057000001,16050878143,18,WALWrite
1785012955021,563.4,51391.8,1797.5,8967.2,12919392,382553951,196559422430,3351897,2676984.6520000007,16050878143,16,ClientRead
1785012956020,665.0,51433.2,1793.7,8966.0,12922392,382614848,196585464878,3352591,2677529.431000001,16050878143,25,WALWrite
1785012957022,618.7,51255.0,1796.8,8968.2,12925311,382696094,196610878566,3353245,2677999.7330000005,16050878143,22,WALWrite
1785012958020,575.7,51309.6,1860.4,8965.0,12928375,382773323,196671863687,3353894,2678526.1630000006,16050878143,5,WALWrite
1785012959022,560.1,51331.5,1795.5,8968.6,12931361,382832474,196704676260,3354617,2679054.91,16050878143,12,WALWrite
1785012960021,595.9,51355.4,1841.6,8968.1,12934488,382885363,196729929524,3355345,2679568.3770000003,16050878143,7,WALWrite
1785012961022,569.4,51385.2,1803.4,8967.3,12937605,382936261,196753900303,3356096,2680098.9240000006,16050878143,12,WALWrite
1785012962020,576.6,51425.0,1858.9,8966.1,12940824,383030270,196781771052,3356823,2680611.454000001,16055441087,10,WALWrite
1785012963021,616.1,51454.7,1824.1,8968.5,12943946,383109796,196813902199,3357478,2681044.1460000006,16062887615,13,ClientRead
1785012964021,558.0,51490.2,1825.7,8969.2,12947291,383181211,196842580823,3358253,2681616.2300000004,16070678207,2,ClientRead
1785012965022,583.0,51318.4,1831.3,8966.3,12950522,383234005,196868067826,3359030,2682157.5860000006,16078468799,6,ClientRead
1785012966021,691.1,51420.1,1776.7,8967.7,12953764,383298876,196894403893,3359750,2682659.0110000004,16085677759,20,ClientRead
1785012967020,659.2,51441.3,1767.2,8967.3,12956668,383387628,196920983133,3360394,2683163.6170000006,16094009023,22,ClientRead
1785012968022,634.4,51439.9,1848.6,8970.3,12959643,383672099,196964452285,3361054,2683697.6990000005,16102110911,22,ClientRead
1785012969021,599.6,51470.2,1824.3,8965.5,12962639,383731397,196987891697,3361718,2684222.7890000003,16109647551,16,ClientRead
1785012970024,582.6,51303.6,1825.0,8966.9,12965810,383786713,197014511558,3362399,2684750.4830000005,16117446335,8,WALWrite
1785012971021,642.3,51335.9,1806.5,8966.7,12969028,383858387,197041169735,3363175,2685342.6830000007,16124925631,8,WALWrite
1785012972023,620.0,51376.6,1855.9,8970.4,12972465,383956568,197069682373,3363876,2685859.7760000005,16132773567,16,WALWrite
1785012973021,614.7,51407.4,1876.6,8970.8,12975755,384034238,197095585177,3364547,2686335.8750000005,16140261055,32,WALWrite
1785012974021,622.5,51438.2,1828.7,8967.0,12979141,384094009,197120739183,3365215,2686852.572000001,16147674815,3,ClientRead
1785012975022,642.7,51468.3,1839.8,8966.7,12982581,384147000,197145062798,3365868,2687321.304000001,16156104383,22,WALWrite
1785012976020,694.4,51331.6,1800.1,8967.0,12985947,384211250,197170534100,3366560,2687883.398000001,16164042431,20,WALWrite
1785012977022,748.4,51337.4,1826.9,8966.7,12989387,384310473,197199064571,3367183,2688395.815000001,16172447423,31,ClientRead
1785012978021,621.8,51374.2,1859.6,8968.8,12992719,384385647,197224981813,3367847,2688921.5890000006,16180311743,3,ClientRead
1785012979021,608.8,51405.0,1838.5,8966.3,12996031,384450406,197250718181,3368493,2689432.9700000007,16188380863,30,WALWrite
1785012980021,588.7,51438.8,1825.2,8965.0,12999342,384499954,197274577373,3369209,2689960.9930000007,16196507327,30,ClientRead
1785012981024,657.1,51476.9,1848.6,8967.0,13002808,384581943,197301438425,3369874,2690477.9250000007,16204281535,16,ClientRead
1785012982021,661.2,51306.0,1799.8,8969.4,13006243,384671652,197329004946,3370512,2690942.6430000006,16212530879,6,ClientRead
1785012983026,607.4,51338.5,1756.6,8968.1,13009763,384750797,197355634265,3371251,2691482.184000001,16220608191,9,ClientRead
1785012984021,564.7,51379.5,1818.9,8965.1,13012820,384798867,197380207036,3371958,2691999.8010000004,16228816575,7,ClientRead
1785012985021,589.1,51405.6,1828.8,8967.2,13015997,384848972,197405567361,3372692,2692474.931000001,16237188799,25,ClientRead
1785012986020,726.7,51311.6,1799.0,8967.9,13019299,384918711,197431520441,3373326,2693021.0050000004,16245233343,9,extend
1785012987021,720.5,51323.5,1795.2,8964.9,13022480,384999167,197457760487,3373927,2693544.5160000003,16253597375,21,ClientRead
1785012988021,731.2,51353.0,1810.4,8967.3,13025713,385335342,197502795557,3374562,2694022.4470000006,16257488575,10,ClientRead
1785012989021,635.4,51349.7,1815.4,8969.5,13028986,385403067,197528770389,3375237,2694517.1660000007,16257488575,6,WALWrite
1785012990021,613.5,51379.8,1839.1,8966.4,13032486,385458376,197555521397,3375963,2695038.3560000006,16257488575,9,ClientRead
1785012991024,619.5,51399.4,1846.8,8965.7,13035979,385528993,197582321931,3376652,2695570.6260000006,16257488575,6,ClientRead
1785012992022,667.9,51425.2,1802.8,8970.2,13039496,385617661,197608822212,3377323,2696054.0490000006,16257488575,5,WALWrite
1785012993021,623.6,51454.0,1823.4,8966.9,13042982,385694411,197634793136,3377932,2696534.8000000007,16257488575,26,ClientRead
1785012994023,647.2,51475.2,1800.8,8966.9,13046331,385755950,197659627820,3378586,2697067.915000001,16257488575,4,ClientRead
1785012995021,614.3,51298.4,1815.1,8965.5,13049754,385811138,197685667546,3379273,2697593.983000001,16257488575,8,WALWrite
1785012996021,705.2,51382.4,1854.9,8966.7,13053027,385865741,197710686547,3379938,2698085.4980000006,16257488575,8,ClientRead
1785012997021,693.2,51385.5,1801.2,8967.1,13056320,386158438,197749960567,3380602,2698604.9960000003,16257488575,8,ClientRead
1785012998022,634.5,51381.5,1805.1,8967.4,13059442,386233559,197776438299,3381262,2699109.2960000006,16257488575,6,BufferContent
1785012999026,627.9,51256.4,1829.2,8965.1,13062565,386301880,197821846682,3381938,2699653.6570000006,16257488575,22,ClientRead
1785013000024,601.3,51296.8,1839.5,8967.5,13065662,386350170,197846957138,3382633,2700193.598,16257488575,14,WALWrite
1785013001022,621.2,51372.8,1806.1,8966.0,13069199,386421990,197900709872,3383292,2700673.363000001,16257488575,24,ClientRead
1785013002020,582.6,51453.4,1799.5,8967.4,13072367,386505583,197970384485,3383876,2701167.8910000003,16257488575,19,WALWrite
1785013003021,612.9,51508.9,1861.7,8967.2,13075573,386576350,198027516553,3384448,2701682.8830000004,16257488575,23,WALWrite
1785013004022,670.5,51351.7,1823.2,8967.0,13079132,386643581,198065400606,3385098,2702162.4540000004,16257488575,15,WALWrite
1785013005020,630.8,51394.3,1819.0,8966.7,13082691,386698871,198092479052,3385794,2702714.3220000006,16257488575,24,WALWrite
1785013006020,731.7,51331.6,1797.3,8968.4,13086182,386751150,198120250447,3386383,2703199.058,16257488575,6,WALWrite
1785013007021,702.1,51347.4,1849.7,8967.3,13089537,386829088,198186609692,3386946,2703744.0240000007,16257496767,32,ClientRead
1785013008024,626.1,51420.9,1814.4,8966.6,13092409,386900179,198245149962,3387517,2704251.6320000007,16257496767,24,WALWrite
1785013009023,632.0,51476.5,1821.8,8965.3,13095451,386973924,198305551934,3388100,2704739.6210000007,16257496767,17,ClientRead
1785013010021,627.7,51319.3,1780.1,8966.1,13098810,387044464,198344320024,3388830,2705253.548000001,16257496767,19,WALWrite
1785013011022,646.9,51383.4,1826.6,8969.7,13102131,387100611,198377625730,3389485,2705743.5640000007,16257496767,15,ClientRead
1785013012022,645.7,51465.5,1821.1,8965.1,13105486,387184806,198448095719,3390094,2706249.551000001,16257496767,8,ClientRead
1785013013021,629.2,51338.0,1842.3,8966.9,13108894,387261656,198509979706,3390697,2706747.9420000007,16257496767,21,ClientRead
1785013014021,596.2,51387.0,1788.9,8966.4,13112113,387334582,198558058501,3391327,2707280.7250000006,16257496767,9,ClientRead
1785013015021,652.6,51421.7,1765.6,8965.6,13115378,387386558,198584294628,3392031,2707835.6830000007,16257496767,14,ClientRead
1785013016021,720.5,51342.9,1798.9,8966.6,13118549,387436869,198608939727,3392608,2708293.912000001,16257496767,16,ClientRead
1785013017023,683.5,51339.3,1821.1,8964.9,13121923,387515646,198675720179,3393213,2708800.701000001,16257496767,11,ClientRead
1785013018022,612.1,51405.4,1862.2,8968.0,13125121,387592709,198735881448,3393810,2709324.3000000007,16257496767,31,ClientRead
1785013019021,617.4,51452.1,1893.1,8966.6,13128276,387661390,198787042604,3394398,2709793.7170000006,16257496767,23,WALWrite
1785013020025,648.4,51494.3,1862.8,8967.4,13131772,387728556,198822501707,3395077,2710339.610000001,16257496767,15,WALWrite
1785013021021,646.1,51359.6,1810.5,8965.9,13134858,387778206,198846642505,3395724,2710812.8630000004,16257496767,29,WALWrite
1785013640174,131.3,945.3,0.9,23.8,8380,223927,131879312,5257,1117.761,126154431,1,
1785013641175,132.5,942.7,3.0,23.8,8505,224839,132391991,5341,1132.349,126850751,1,
1785013642175,108.9,943.6,2.5,23.8,8542,226127,133339001,5350,1136.7749999999999,127530687,1,
1785013643175,135.0,962.2,2.2,23.8,8553,226753,133810263,5357,1164.018,127874751,2,transactionid
1785013644175,135.7,962.0,2.0,23.8,8598,227505,134291118,5370,1167.4889999999998,128251583,2,transactionid
1785013645175,135.0,960.7,2.6,23.8,8707,228016,134537209,5451,1180.4389999999999,128669375,2,transactionid
1785013646175,138.1,965.3,2.9,23.8,8819,228884,135023072,5532,1194.5739999999998,129128127,2,transactionid
1785013647176,137.4,966.2,2.4,23.8,8852,229210,135259252,5537,1196.5359999999998,129529535,1,
1785013648176,134.3,970.2,2.5,23.8,8941,229977,135745738,5588,1206.137,130070207,2,transactionid
1785013649175,137.8,969.7,2.8,23.8,8997,231043,136473062,5613,1211.828,130487999,2,transactionid
1785013650175,142.3,970.4,2.8,23.8,9113,231537,136719108,5697,1227.6409999999998,130987711,2,transactionid
1785013651175,150.0,973.9,2.6,23.8,9248,232840,137480158,5793,1246.047,131413695,1,
1785013652177,114.5,970.5,1.1,23.9,9283,233529,137963158,5799,1247.88,131724991,0,
1785013653175,141.9,966.1,2.7,24.2,9321,234275,138441372,5827,1254.252,132052671,2,transactionid
1785013654175,140.4,970.9,2.8,24.2,9388,234991,138917059,5857,1260.679,132617919,2,transactionid
1785013655175,137.3,966.1,2.1,24.0,9508,235836,139404690,5949,1277.0819999999999,132896447,2,transactionid
1785013656175,138.7,971.0,3.3,24.0,9612,236302,139648177,6023,1291.067,133330623,0,
1785013657175,136.7,974.5,2.7,24.0,9650,236982,140127592,6029,1293.153,133625535,1,
1785013658175,134.4,976.7,3.7,24.0,9715,237750,140606981,6057,1300.182,134149823,2,transactionid
1785013659175,143.9,976.0,1.1,24.0,9823,238236,140851216,6140,1316.4360000000001,134477503,2,transactionid
1785013660176,146.9,976.7,3.0,24.0,9958,239152,141336712,6242,1335.1940000000002,134870719,1,
1785013661175,138.1,994.6,1.9,24.0,10010,240665,141902319,6251,1337.958,135116479,1,
1785013662175,117.7,974.8,2.1,24.0,10074,241497,142394186,6284,1345.01,135460543,1,
1785013663175,141.3,987.8,1.9,24.0,10091,241861,142640857,6290,1347.4100000000003,135755455,2,transactionid
1785013664176,139.8,986.3,2.5,24.0,10164,242690,143123988,6330,1354.8660000000002,136017599,2,transactionid
1785013665175,139.1,987.2,3.1,24.0,10307,243291,143374924,6444,1372.3370000000002,136345279,1,
1785013666175,139.8,987.4,1.1,24.0,10342,243688,143616080,6450,1374.317,136484543,1,
1785013667176,131.3,993.2,2.0,24.0,10378,244107,143859985,6456,1376.69,136828607,1,
1785013668176,146.3,989.5,1.3,24.0,10473,244996,144343434,6521,1387.8480000000002,137123519,2,transactionid
1785013669175,139.8,988.1,2.8,24.0,10600,245212,144356826,6613,1403.351,137541311,2,transactionid
1785013670176,138.4,991.9,2.7,24.1,10726,246417,145078732,6709,1420.8670000000002,137811647,2,transactionid
1785013671176,121.1,997.5,1.8,24.0,10772,247242,145608338,6717,1423.7790000000002,138254015,1,
1785013672175,138.2,993.6,2.2,24.1,10783,247973,146092509,6724,1426.083,138532543,1,
1785013673175,140.0,995.4,1.1,24.1,10848,248392,146336077,6753,1432.2780000000002,138958527,2,transactionid
1785013674175,139.1,994.5,2.1,24.0,10899,248810,146580356,6772,1436.406,139204287,2,transactionid
1785013675175,138.3,996.8,2.5,24.0,11044,249771,147069306,6888,1456.6580000000001,139605695,2,transactionid
1785013676176,138.4,996.7,1.0,24.0,11136,250569,147557820,6952,1470.3560000000002,139925183,1,
1785013677175,136.1,998.0,2.5,24.0,11174,250934,147799623,6958,1472.8480000000004,140383935,1,
1785013678175,140.5,1000.1,2.0,24.3,11234,251712,148281493,6987,1479.6950000000002,140654271,2,transactionid
1785013679176,139.8,1001.0,2.6,24.1,11304,251813,148289454,7023,1486.594,141063871,2,transactionid
1785013680175,145.9,999.0,3.2,24.1,11417,252983,149008579,7103,1506.8470000000002,141522623,2,transactionid
1785013681175,120.5,999.7,2.6,24.1,11540,256596,149912813,7187,1525.174,141842111,1,
1785013682175,137.7,1019.6,2.6,24.6,11550,256925,150150007,7193,1538.0370000000003,142423743,1,
1785013683176,141.6,1020.3,2.5,24.6,11616,257631,150626769,7220,1543.5550000000003,142849727,2,transactionid
1785013684177,139.3,1020.2,2.8,24.6,11689,258342,151106978,7258,1551.246,143201983,2,transactionid
1785013685176,140.5,1024.5,2.7,24.6,11831,259534,151825653,7367,1571.0640000000003,143808191,2,transactionid
1785013686175,136.6,1022.6,2.6,24.6,11868,260172,152297121,7374,1573.4460000000001,144275135,1,
1785013687176,137.4,1018.6,2.3,24.7,11968,260627,152538776,7446,1586.7130000000002,144701119,1,
1785013688176,139.3,1019.7,2.4,25.0,12006,261582,153242807,7454,1589.339,145143487,2,transactionid
1785013689175,138.4,1011.7,2.7,24.8,12075,262293,153723809,7490,1596.318,145462975,2,transactionid
1785013690175,138.1,1017.3,1.2,24.6,12111,262633,153962263,7496,1598.1540000000002,145913535,2,transactionid
1785013691174,119.7,1018.2,2.8,24.6,12237,265430,154818186,7583,1614.353,146339519,2,transactionid
1785013692175,138.5,1027.5,2.4,24.6,12247,265741,155053577,7588,1616.1710000000003,146831039,1,
1785013693176,135.9,1022.5,2.3,24.9,12382,266914,155768561,7688,1634.0470000000003,147273407,2,transactionid
1785013694175,140.6,1020.8,2.9,24.6,12427,267266,156008431,7702,1637.505,147740351,2,transactionid
1785013695175,142.5,1014.2,2.5,24.6,12466,268436,156939562,7708,1639.9410000000003,148297407,1,
1785013696175,129.9,1016.0,3.5,24.8,12701,269443,157428073,7907,1675.17,148674239,1,
1785013697175,140.1,1020.1,2.2,24.8,12729,270036,157895880,7913,1677.203,149141183,1,
1785013698175,139.5,1023.7,2.4,24.9,12765,270644,158363159,7919,1679.44,149771967,2,transactionid
1785013699175,138.2,1024.6,3.0,24.6,12892,271461,158842571,8011,1696.688,150222527,2,transactionid
1785013700178,143.8,1034.5,2.7,24.6,12990,272234,159321844,8073,1707.2040000000002,150681279,1,
1785013701176,119.2,1023.5,2.2,24.8,13022,272714,159578132,8080,1709.621,151140031,1,
1785013702176,139.2,1033.0,2.3,24.6,13111,273438,160051766,8144,1721.7179999999998,151590591,1,
1785013703175,140.1,1039.8,1.3,24.6,13152,274038,160519945,8151,1724.119,151754431,2,transactionid
1785013704175,141.9,1041.1,2.6,24.8,13252,274917,161004591,8219,1737.138,152057535,2,transactionid
1785013705176,139.2,1043.4,2.4,24.6,13290,275289,161245230,8224,1738.9900000000002,152336063,2,transactionid
1785013706176,138.3,1042.6,1.2,24.6,13446,275896,161494723,8348,1761.361,152696511,1,
1785013707176,139.4,1043.3,2.3,24.8,13474,276548,161984321,8355,1764.141,153040575,1,
1785013708175,143.1,1044.0,2.0,24.9,13538,276942,162225972,8379,1769.079,153458367,2,transactionid
1785013709175,138.9,1043.5,1.2,24.6,13598,277341,162470088,8405,1774.115,153695935,2,transactionid
1785013710176,113.8,1040.5,2.2,24.7,13762,278334,162962294,8537,1796.117,154072767,2,transactionid
1785013711176,142.4,1045.8,2.9,24.7,13780,279052,163489833,8545,1798.9850000000001,154293951,1,
1785013712176,141.3,1041.5,1.2,24.7,13818,279405,163727929,8551,1801.6980000000003,154670783,1,
1785013713176,141.0,1041.9,2.4,24.7,13921,280225,164210254,8616,1826.67,155006655,2,transactionid
1785013714175,140.6,1043.0,2.2,24.7,13978,280601,164449889,8639,1831.7970000000003,155383487,2,transactionid
1785013715175,136.3,1043.2,2.7,24.7,14092,281396,164938429,8721,1846.813,155834047,2,transactionid
1785013716176,141.2,1041.4,1.4,24.7,14211,282238,165418422,8814,1863.2370000000003,156063423,1,
1785013717175,138.2,1042.9,2.7,24.8,14245,282594,165665341,8820,1865.4350000000002,156325567,1,
1785013718175,142.5,1043.7,1.5,24.8,14312,283048,165910241,8846,1871.3080000000002,156554943,2,transactionid
1785013719175,138.2,1044.4,1.3,24.7,14347,283061,165911891,8850,1872.6000000000001,156759743,2,transactionid
1785013720175,119.6,1041.0,1.2,24.7,14442,283611,166161299,8917,1884.375,156989119,2,transactionid
1785013721175,147.5,1042.2,2.2,24.7,14485,284521,166658798,8946,1890.572,157128383,1,
1785013722175,142.3,1058.4,2.5,24.7,14524,285162,167130632,8954,1904.1499999999999,157456063,1,
1785013723175,143.7,1060.8,2.7,24.7,14687,285720,167378270,9079,1923.412,157906623,2,transactionid
1785013724175,138.0,1062.2,3.0,24.7,14769,286455,167853049,9125,1933.078,158357183,2,transactionid
1785013725175,134.3,1065.7,3.1,24.7,14891,286952,168098720,9216,1948.689,158791359,1,
1785013726176,138.3,1068.5,2.4,24.7,15002,287991,168813499,9299,1966.2839999999999,159405759,1,
1785013727175,139.5,1069.4,2.5,24.7,15040,288909,169518893,9307,1969.11,159717055,1,
1785013728175,137.6,1071.1,2.6,24.7,15077,289232,169758017,9312,1971.311,160159423,2,transactionid
1785013729175,115.5,1077.3,1.0,24.7,15176,290048,170238108,9378,1983.7150000000001,160396991,1,
1785013730176,135.8,1073.9,2.8,24.8,15186,290391,170483902,9383,1985.416,160732863,2,transactionid
1785013731175,145.8,1077.2,2.0,24.7,15337,291355,171006612,9496,2005.094,161101503,1,
1785013732175,138.1,1078.3,2.4,24.7,15374,292033,171481918,9503,2007.217,161404607,1,
1785013733175,139.5,1078.8,1.3,24.7,15457,292466,171723975,9546,2015.76,161797823,2,transactionid
1785013734175,137.2,1078.8,2.8,24.7,15627,293418,172212177,9684,2038.087,162240191,2,transactionid
1785013735176,139.0,1080.0,2.7,24.8,15658,293715,172446649,9690,2040.3690000000001,162617023,1,
1785013736175,142.7,1078.2,2.3,24.7,15769,294177,172690137,9763,2052.636,162985663,1,
1785013737175,141.9,1075.8,1.8,24.7,15810,295380,173634963,9772,2056.19,163428031,1,
1785013738174,136.9,1078.9,2.4,24.7,15849,295984,174111227,9779,2059.199,163894975,1,
1785013739175,113.5,1078.1,2.7,24.7,15931,296410,174353990,9824,2068.065,164337343,2,transactionid
1785013740176,147.2,1078.9,1.3,24.7,16034,297230,174832867,9921,2084.996,164566719,2,transactionid
1785013741175,141.2,1076.7,3.3,24.7,16076,297700,175085236,9928,2087.205,164828863,1,
1785013742176,136.6,1076.9,2.5,24.8,16110,298310,175552621,9935,2089.746,165303999,1,
1785013743175,135.6,1077.9,3.0,24.7,16241,299113,176030995,10028,2107.294,165754559,2,transactionid
1785013744176,132.9,1082.6,3.0,24.7,16276,299142,176034705,10032,2108.888,166278847,2,transactionid
1785013745175,143.5,1084.6,2.2,24.7,16443,300593,176982467,10173,2133.649,166713023,1,
1785013746176,138.5,1087.2,2.4,24.7,16539,301330,177460568,10231,2144.529,167057087,1,
1785013747176,137.5,1088.4,2.3,23.4,16578,301923,177930633,10236,2146.5860000000002,167532223,1,
1785013748175,134.4,1101.0,1.7,24.7,16614,302097,178018454,10242,2148.619,167696063,2,transactionid
1785013749176,119.9,1090.8,1.2,24.7,16662,302523,178258788,10265,2153.742,168023743,2,transactionid
1785013750175,139.2,1091.3,2.9,24.7,16820,303463,178743737,10411,2178.503,168343231,1,
1785013751175,141.4,1092.2,2.4,24.8,16867,304511,179491643,10420,2181.9030000000002,168761023,1,
1785013752176,140.5,1092.9,1.7,24.7,16955,304936,179734510,10469,2191.976,169137855,1,
1785013753176,143.1,1096.5,1.2,24.7,16995,305591,180205565,10474,2193.9739999999997,169449151,2,transactionid
1785013754175,138.1,1094.4,2.9,24.7,17033,305916,180442052,10480,2196.279,169907903,2,transactionid
1785013755176,139.7,1095.1,2.7,24.8,17158,306732,180922535,10580,2216.42,170161855,2,transactionid
1785013756175,141.4,1096.1,2.6,24.8,17262,307490,181399423,10652,2229.71,170596031,1,
1785013757175,138.7,1096.8,1.8,24.7,17300,307824,181638619,10658,2231.766,171030207,1,
1785013758175,117.8,1103.7,2.4,24.7,17384,308559,182113245,10704,2241.7169999999996,171333311,2,transactionid
1785013759176,139.2,1099.6,0.9,24.8,17394,308905,182349034,10709,2243.464,171685567,2,transactionid
1785013760176,147.0,1099.7,1.9,24.7,17459,309610,182820825,10736,2248.785,171964095,2,transactionid
1785013761176,142.8,1100.6,3.2,24.9,17603,310299,183083297,10843,2266.609,172226239,2,transactionid
1785013762175,138.1,1099.3,1.2,24.8,17701,310809,183330995,10911,2279.276,172504767,1,
1785013763175,133.5,1114.0,1.9,24.8,17737,311141,183574911,10918,2300.657,172807871,2,transactionid
1785013764175,139.1,1114.6,1.2,24.9,17814,311602,183817985,10963,2308.511,173004479,2,transactionid
1785013765176,138.8,1116.8,1.9,24.9,17911,312151,184065709,11031,2319.2200000000003,173258431,2,transactionid
1785013766176,142.6,1119.1,0.6,24.8,17991,312639,184311114,11079,2327.486,173479615,2,transactionid
1785013767175,140.1,1116.9,2.6,24.8,18024,312974,184548129,11084,2329.3650000000002,173725375,1,
1785013768176,114.8,1117.6,1.9,24.9,18140,313778,185026832,11163,2342.9080000000004,174069439,2,transactionid
1785013769176,138.0,1111.3,2.5,25.1,18151,314124,185264759,11169,2345.813,174331583,2,transactionid
1785013770175,133.6,1085.3,,12.1,18373,314866,185525215,11351,2373.353,174855871,2,transactionid
1785013771175,139.8,1091.4,3.1,18.3,18617,315659,185813316,11548,2396.4230000000002,175003327,1,
1785013772175,141.8,1098.4,1.2,18.1,18695,318146,186609876,11590,2403.967,175281855,1,
1785013773175,131.9,1107.5,2.5,18.8,18739,318469,186844881,11604,2408.164,175699647,1,
1785013774175,137.6,1097.4,2.1,18.8,18774,318789,187082582,11609,2410.51,176010943,1,
1785013775175,138.9,1115.3,3.2,18.6,18853,319890,187799882,11653,2421.487,176387775,2,transactionid
1785013776175,139.6,1105.7,3.2,18.6,18967,320702,188280348,11737,2438.081,176887487,2,transactionid
1785013777175,138.7,1110.1,3.1,19.6,19004,321094,188522673,11743,2439.8880000000004,177149631,1,
1785013778176,113.1,1111.0,0.9,19.6,19037,321673,188989512,11750,2442.0150000000003,177485503,1,
1785013779176,139.9,1116.7,2.7,22.9,19147,322492,189469310,11843,2460.094,177927871,1,
1785013780175,145.7,1116.2,3.0,22.6,19188,323112,189939794,11848,2461.7450000000003,178435775,2,transactionid
1785013781175,143.8,1117.4,3.2,22.7,19284,324505,190514937,11896,2470.776,178837183,2,transactionid
1785013782175,131.3,1118.5,2.9,22.7,19320,324538,190519323,11900,2472.111,179443391,1,
1785013783176,139.6,1120.5,2.6,22.8,19522,325693,191231990,12072,2499.456,179885759,1,
1785013784175,135.1,1119.4,4.0,22.8,19562,326842,192164365,12081,2502.647,180352703,1,
1785013785175,138.4,1118.3,2.8,22.8,19600,327422,192632684,12088,2505.781,180999871,2,transactionid
1785013786175,139.8,1123.6,1.4,22.8,19636,327725,192868818,12094,2507.777,181180095,2,transactionid
1785013787175,140.2,1132.3,2.5,22.9,19743,328341,193121715,12167,2520.709,181409471,2,transactionid
1785013788175,120.2,1121.6,1.4,22.9,19842,328927,193374312,12233,2531.7470000000003,181638847,2,transactionid
1785013789176,143.5,1125.3,2.3,22.9,19852,329281,193620831,12239,2534.259,181876415,1,
1785013790176,139.7,1126.8,1.3,23.0,19969,329801,193865717,12318,2547.3340000000003,182138559,2,transactionid
1785013791175,149.4,1137.4,2.2,23.0,20012,330578,194381686,12326,2549.8720000000003,182408895,2,transactionid
1785013792176,138.9,1134.2,3.3,23.4,20125,331424,194865929,12403,2564.1160000000004,182679231,2,transactionid
1785013793175,142.0,1131.9,1.1,23.1,20274,331975,195111151,12529,2583.625,182998719,1,
1785013794175,137.1,1129.8,2.5,23.1,20311,332621,195584624,12535,2585.834,183359167,1,
1785013795175,147.0,1127.9,0.6,23.1,20367,333063,195827440,12549,2589.0160000000005,183580351,2,transactionid
1785013796176,139.2,1126.2,3.0,23.1,20484,333624,196079131,12636,2604.1040000000003,183842495,2,transactionid
1785013797175,116.8,1132.4,2.4,23.1,20522,333951,196313351,12642,2606.039,184129215,2,transactionid
1785013798176,142.7,1124.7,1.1,23.1,20650,334860,196794924,12766,2625.1610000000005,184514239,1,
1785013799176,141.3,1125.2,2.5,23.2,20686,335238,197034362,12772,2627.2680000000005,184800959,1,
1785013800175,145.5,1131.1,2.4,23.1,20735,335603,197269113,12781,2630.3110000000006,184997567,2,transactionid
1785013801175,140.0,1131.2,1.1,23.1,20857,339405,197716371,12864,2644.235,185218751,2,transactionid
1785013802175,138.9,1132.6,2.5,23.3,20885,339757,197953116,12869,2646.365,185480895,2,transactionid
1785013803176,138.2,1134.4,1.3,23.3,20997,340305,198200801,12953,2661.1769999999997,185734847,2,transactionid
1785013804176,138.1,1135.5,2.3,23.1,21032,340711,198442217,12958,2663.4030000000002,185996991,1,
1785013805176,139.9,1137.1,1.3,23.2,21080,341132,198691008,12972,2666.797,186201791,2,transactionid
1785013806175,141.1,1140.3,2.2,23.2,21167,341589,198934079,13022,2676.1910000000003,186521279,2,transactionid
1785013807176,113.8,1140.5,1.2,23.2,21303,342134,199179315,13126,2692.601,186693311,2,BuffileRead
1785013808175,140.2,1142.0,2.1,23.2,21313,342485,199415993,13132,2694.331,186939071,1,
1785013809176,139.3,1140.8,1.1,23.2,21351,342893,199657578,13137,2695.9390000000003,187233983,1,
1785013810175,136.2,1143.6,2.3,23.2,21388,343360,199903866,13143,2697.7380000000003,187414207,2,transactionid
1785013811176,146.7,1158.6,1.3,23.6,21540,344405,200436211,13251,2730.948,187643583,2,transactionid
1785013812176,139.8,1159.2,0.7,23.2,21599,344936,200684682,13285,2736.6949999999997,187774655,2,transactionid
1785013813175,139.6,1151.7,2.4,23.2,21635,344963,200688736,13290,2738.368,188004031,2,transactionid
1785013814176,140.9,1154.7,1.5,23.2,21730,345850,201180918,13354,2749.7880000000005,188233407,1,
1785013815177,140.3,1147.5,3.1,23.2,21766,346206,201418118,13359,2751.533,188470975,2,transactionid
1785013816175,118.9,1155.8,2.7,23.2,21952,346881,201680546,13505,2774.512,188741311,2,transactionid
1785013817175,141.0,1155.5,0.5,23.2,22054,347457,201930327,13602,2789.44,188962495,2,transactionid
1785013818176,139.6,1164.8,1.2,23.2,22091,347846,202171193,13607,2791.2099999999996,189191871,1,
1785013819174,137.5,1154.7,2.8,23.2,22125,348176,202406498,13612,2792.916,189437631,1,
1785013820174,134.6,1155.8,2.3,23.5,22274,348823,202661405,13718,2811.3369999999995,189650623,2,transactionid
1785013821177,150.1,1161.4,0.5,23.3,22309,348971,202677764,13725,2813.665,189789887,2,transactionid
1785013822176,138.8,1161.3,1.4,23.3,22408,349538,202929077,13792,2824.6820000000002,190019263,2,transactionid
1785013823175,139.5,1161.8,2.2,23.3,22482,350035,203184369,13836,2835.464,190265023,2,transactionid
1785013824176,145.4,1161.2,1.3,23.4,22601,350606,203441670,13916,2848.8109999999997,190396095,1,
1785013825174,82.8,1110.6,,,22636,351017,203684028,13920,2850.574,190584511,0,
1785013826175,11.6,1110.5,,,22667,351017,203684028,13920,2850.574,190584511,0,
1785013827175,31.9,1110.6,,,22676,351017,203684028,13920,2850.574,190584511,0,
1785013828174,32.1,1110.6,,,22710,351017,203684028,13920,2850.574,190584511,0,
