goload -> http://165.232.78.92:6632 queue=benchq partitions=300 producers=650 consumers=200 pushBatch=10 popBatch=300 payload=256B idleConns=1600 retries=2
[configure] queue=benchq completedRetentionSeconds=120
[13:04:19] push=  100651/s pop=   97606/s | tot push=1006510 pop=976060 | errs p=0 c=0 empty=0
[13:04:29] push=  111400/s pop=  110661/s | tot push=2120510 pop=2082670 | errs p=0 c=0 empty=0
[13:04:39] push=  115279/s pop=  116958/s | tot push=3273300 pop=3252250 | errs p=0 c=0 empty=0
[13:04:49] push=  111836/s pop=  111300/s | tot push=4391660 pop=4365250 | errs p=0 c=0 empty=0
[13:04:59] push=  108508/s pop=  108355/s | tot push=5476740 pop=5448800 | errs p=0 c=0 empty=0
[13:05:09] push=  115686/s pop=  116432/s | tot push=6633600 pop=6613120 | errs p=0 c=0 empty=12
[13:05:19] push=  117796/s pop=  118086/s | tot push=7811560 pop=7793980 | errs p=0 c=0 empty=12
[13:05:29] push=  115152/s pop=  114798/s | tot push=8963080 pop=8941960 | errs p=0 c=0 empty=12
[13:05:39] push=  113011/s pop=  110865/s | tot push=10093190 pop=10050610 | errs p=0 c=0 empty=12
[13:05:49] push=  113940/s pop=  114234/s | tot push=11232590 pop=11192950 | errs p=0 c=0 empty=12
[13:05:59] push=  128445/s pop=   71904/s | tot push=12517040 pop=11911990 | errs p=0 c=35 empty=12
[13:06:09] push=   90227/s pop=  124316/s | tot push=13419310 pop=13155150 | errs p=0 c=172 empty=12
[13:06:19] push=  100334/s pop=  118121/s | tot push=14422650 pop=14336360 | errs p=0 c=172 empty=12
[13:06:29] push=   96501/s pop=   97787/s | tot push=15387660 pop=15314230 | errs p=0 c=172 empty=12
[13:06:39] push=  106195/s pop=  105227/s | tot push=16449610 pop=16366500 | errs p=0 c=172 empty=12
[13:06:49] push=  108577/s pop=  108526/s | tot push=17535380 pop=17451760 | errs p=0 c=172 empty=13
[13:06:59] push=  114461/s pop=  114665/s | tot push=18679990 pop=18598410 | errs p=0 c=172 empty=13
[13:07:09] push=  105434/s pop=  105208/s | tot push=19734330 pop=19650490 | errs p=0 c=172 empty=13
[13:07:19] push=  111505/s pop=  109625/s | tot push=20849380 pop=20746740 | errs p=0 c=172 empty=13
[13:07:29] push=  107831/s pop=  109170/s | tot push=21927690 pop=21838440 | errs p=0 c=172 empty=13
[13:07:39] push=  112552/s pop=  112287/s | tot push=23053210 pop=22961310 | errs p=0 c=172 empty=13
[13:07:49] push=  108685/s pop=  109101/s | tot push=24140060 pop=24052320 | errs p=0 c=172 empty=13
[13:07:59] push=  108302/s pop=  106772/s | tot push=25223080 pop=25120040 | errs p=0 c=172 empty=13
[13:08:09] push=  110963/s pop=  112223/s | tot push=26332710 pop=26242270 | errs p=0 c=172 empty=13
[13:08:19] push=  109401/s pop=  110237/s | tot push=27426720 pop=27344640 | errs p=0 c=172 empty=13
[13:08:29] push=  109324/s pop=  108458/s | tot push=28519960 pop=28429220 | errs p=0 c=172 empty=13
[13:08:39] push=  111419/s pop=  111319/s | tot push=29634150 pop=29542410 | errs p=0 c=172 empty=13
[13:08:49] push=  111849/s pop=  112826/s | tot push=30752640 pop=30670670 | errs p=0 c=172 empty=13
[13:08:59] push=  115449/s pop=  117010/s | tot push=31907130 pop=31840770 | errs p=0 c=172 empty=13
[13:09:09] push=  113872/s pop=  110644/s | tot push=33045850 pop=32947210 | errs p=0 c=172 empty=13
[13:09:19] push=  113173/s pop=  114968/s | tot push=34177580 pop=34096890 | errs p=0 c=172 empty=13
[13:09:29] push=  114114/s pop=  114263/s | tot push=35318720 pop=35239520 | errs p=0 c=172 empty=13
[13:09:39] push=  115902/s pop=  114316/s | tot push=36477740 pop=36382680 | errs p=0 c=172 empty=13
[13:09:49] push=  115032/s pop=  116472/s | tot push=37628060 pop=37547400 | errs p=0 c=172 empty=13
[13:09:59] push=  113825/s pop=  112180/s | tot push=38766310 pop=38669200 | errs p=0 c=172 empty=13
[13:10:09] push=  109380/s pop=  111049/s | tot push=39860110 pop=39779690 | errs p=0 c=172 empty=13
[13:10:19] push=  108264/s pop=  105182/s | tot push=40942750 pop=40831510 | errs p=0 c=172 empty=13
[13:10:29] push=  107973/s pop=  110445/s | tot push=42022480 pop=41935960 | errs p=0 c=172 empty=13
[13:10:39] push=  108900/s pop=  110012/s | tot push=43111480 pop=43036080 | errs p=0 c=172 empty=13
[13:10:49] push=  111807/s pop=  110852/s | tot push=44229550 pop=44144600 | errs p=0 c=172 empty=13
[13:10:59] push=  112048/s pop=  111939/s | tot push=45350030 pop=45263990 | errs p=0 c=172 empty=13
[13:11:09] push=  113840/s pop=  114607/s | tot push=46488430 pop=46410060 | errs p=0 c=172 empty=13
[13:11:19] push=  111558/s pop=  110366/s | tot push=47604010 pop=47513720 | errs p=0 c=172 empty=13
[13:11:29] push=  116086/s pop=  116502/s | tot push=48764870 pop=48678740 | errs p=0 c=172 empty=13
[13:11:39] push=  112099/s pop=  111792/s | tot push=49885860 pop=49796660 | errs p=0 c=172 empty=13
[13:11:49] push=  109427/s pop=  111071/s | tot push=50980130 pop=50907370 | errs p=0 c=172 empty=13
[13:11:59] push=  110694/s pop=  109997/s | tot push=52087070 pop=52007340 | errs p=0 c=172 empty=13
[13:12:09] push=  105681/s pop=  104860/s | tot push=53143880 pop=53055940 | errs p=0 c=172 empty=13
[13:12:19] push=   98642/s pop=   99510/s | tot push=54130300 pop=54051040 | errs p=0 c=172 empty=14
[13:12:29] push=  107763/s pop=  107565/s | tot push=55207930 pop=55126690 | errs p=0 c=172 empty=14
[13:12:39] push=  109366/s pop=  109455/s | tot push=56301590 pop=56221240 | errs p=0 c=172 empty=14
[13:12:49] push=  108431/s pop=  108163/s | tot push=57385900 pop=57302870 | errs p=0 c=172 empty=14
[13:12:59] push=  107301/s pop=  107388/s | tot push=58458910 pop=58376750 | errs p=0 c=172 empty=14
[13:13:09] push=  104478/s pop=  104999/s | tot push=59503690 pop=59426740 | errs p=0 c=172 empty=14
[13:13:19] push=  105933/s pop=  105941/s | tot push=60563020 pop=60486150 | errs p=0 c=172 empty=14
[13:13:29] push=  108109/s pop=  108103/s | tot push=61644110 pop=61567180 | errs p=0 c=172 empty=14
[13:13:39] push=  107318/s pop=  106710/s | tot push=62717290 pop=62634280 | errs p=0 c=172 empty=14
[13:13:49] push=  107618/s pop=  107036/s | tot push=63793470 pop=63704640 | errs p=0 c=172 empty=14
[13:13:59] push=  108884/s pop=  107764/s | tot push=64882310 pop=64782280 | errs p=0 c=172 empty=14
[13:14:09] push=  110661/s pop=  113160/s | tot push=65988920 pop=65913880 | errs p=0 c=172 empty=14
[13:14:19] push=  104748/s pop=  102676/s | tot push=67036400 pop=66940640 | errs p=0 c=172 empty=14
[13:14:29] push=  113723/s pop=  114867/s | tot push=68173630 pop=68089310 | errs p=0 c=172 empty=14
[13:14:39] push=  111556/s pop=  112631/s | tot push=69289190 pop=69215620 | errs p=0 c=172 empty=14
[13:14:49] push=  109275/s pop=  106010/s | tot push=70381940 pop=70275720 | errs p=0 c=172 empty=14
[13:14:59] push=  112131/s pop=  114111/s | tot push=71503250 pop=71416830 | errs p=0 c=172 empty=14
[13:15:09] push=  115406/s pop=  114268/s | tot push=72657310 pop=72559510 | errs p=0 c=172 empty=14
[13:15:19] push=  108568/s pop=  107864/s | tot push=73742990 pop=73638150 | errs p=0 c=172 empty=14
[13:15:29] push=  111895/s pop=  113078/s | tot push=74861940 pop=74768930 | errs p=0 c=172 empty=14
[13:15:39] push=  111354/s pop=  112764/s | tot push=75975480 pop=75896570 | errs p=0 c=172 empty=14
[13:15:49] push=  112389/s pop=  112021/s | tot push=77099370 pop=77016780 | errs p=0 c=172 empty=14
[13:15:59] push=  112354/s pop=  111273/s | tot push=78222910 pop=78129510 | errs p=0 c=172 empty=14
[13:16:09] push=  116061/s pop=  117290/s | tot push=79383520 pop=79302410 | errs p=0 c=172 empty=14
[13:16:19] push=  110310/s pop=  110437/s | tot push=80486620 pop=80406780 | errs p=0 c=172 empty=14
[13:16:29] push=  111832/s pop=  111282/s | tot push=81604940 pop=81519600 | errs p=0 c=172 empty=14
[13:16:39] push=  111016/s pop=  111786/s | tot push=82715100 pop=82637460 | errs p=0 c=172 empty=14
[13:16:49] push=  112622/s pop=  111136/s | tot push=83841320 pop=83748820 | errs p=0 c=172 empty=14
[13:16:59] push=  110346/s pop=  111546/s | tot push=84944780 pop=84864280 | errs p=0 c=172 empty=14
[13:17:09] push=  115265/s pop=  114949/s | tot push=86097430 pop=86013770 | errs p=0 c=172 empty=14
[13:17:19] push=  111229/s pop=  111140/s | tot push=87209720 pop=87125170 | errs p=0 c=172 empty=14
[13:17:29] push=  108191/s pop=  107638/s | tot push=88291630 pop=88201550 | errs p=0 c=172 empty=15
[13:17:39] push=  113957/s pop=  115354/s | tot push=89431200 pop=89355090 | errs p=0 c=172 empty=15
[13:17:49] push=  114121/s pop=  114265/s | tot push=90572410 pop=90497740 | errs p=0 c=172 empty=16
[13:17:59] push=  111293/s pop=  109479/s | tot push=91685340 pop=91592530 | errs p=0 c=172 empty=16
[13:18:09] push=  113196/s pop=  113877/s | tot push=92817300 pop=92731300 | errs p=0 c=172 empty=16
[13:18:19] push=  111272/s pop=  111456/s | tot push=93930020 pop=93845860 | errs p=0 c=172 empty=16
[13:18:29] push=  109974/s pop=  109996/s | tot push=95029760 pop=94945820 | errs p=0 c=172 empty=16
[13:18:39] push=  109638/s pop=  110027/s | tot push=96126140 pop=96046090 | errs p=0 c=172 empty=16
[13:18:49] push=  110618/s pop=  110829/s | tot push=97232320 pop=97154380 | errs p=0 c=172 empty=16
[13:18:59] push=  113150/s pop=  111697/s | tot push=98363820 pop=98271350 | errs p=0 c=172 empty=16
[13:19:09] push=  118108/s pop=  118604/s | tot push=99544900 pop=99457390 | errs p=0 c=172 empty=16
[13:19:19] push=  119042/s pop=  119784/s | tot push=100735320 pop=100655230 | errs p=0 c=172 empty=16
[13:19:29] push=  119243/s pop=  113981/s | tot push=101927750 pop=101795040 | errs p=0 c=172 empty=16
[13:19:39] push=  118866/s pop=  123195/s | tot push=103116410 pop=103026990 | errs p=0 c=172 empty=16
[13:19:49] push=  126115/s pop=  126098/s | tot push=104377560 pop=104287970 | errs p=0 c=172 empty=16
[13:19:59] push=  112679/s pop=  113029/s | tot push=105504350 pop=105418260 | errs p=0 c=172 empty=16
[13:20:09] push=  118493/s pop=  117534/s | tot push=106689280 pop=106593600 | errs p=0 c=172 empty=16
[13:20:19] push=  111137/s pop=  112713/s | tot push=107800650 pop=107720730 | errs p=0 c=172 empty=16
[13:20:29] push=  117758/s pop=  114742/s | tot push=108978230 pop=108868150 | errs p=0 c=172 empty=16
[13:20:39] push=  113651/s pop=  114818/s | tot push=110114740 pop=110016330 | errs p=0 c=172 empty=16
[13:20:49] push=  120000/s pop=  119638/s | tot push=111314740 pop=111212710 | errs p=0 c=172 empty=16
[13:20:59] push=  120027/s pop=  120417/s | tot push=112515010 pop=112416880 | errs p=0 c=172 empty=16
[13:21:09] push=  116407/s pop=  115694/s | tot push=113679080 pop=113573820 | errs p=0 c=172 empty=16
[13:21:19] push=  117087/s pop=  117532/s | tot push=114849950 pop=114749140 | errs p=0 c=172 empty=16
[13:21:29] push=  117216/s pop=  115213/s | tot push=116022110 pop=115901270 | errs p=0 c=172 empty=16
[13:21:39] push=  115695/s pop=  116066/s | tot push=117179060 pop=117061930 | errs p=0 c=172 empty=16
[13:21:49] push=  115023/s pop=  115799/s | tot push=118329290 pop=118219920 | errs p=0 c=172 empty=16
[13:21:59] push=  119181/s pop=  120882/s | tot push=119521100 pop=119428740 | errs p=0 c=172 empty=16
[13:22:09] push=  121600/s pop=  120794/s | tot push=120737100 pop=120636680 | errs p=0 c=172 empty=16
[13:22:19] push=  115972/s pop=  115189/s | tot push=121896820 pop=121788570 | errs p=0 c=172 empty=16
[13:22:29] push=  120879/s pop=  122638/s | tot push=123105610 pop=123014950 | errs p=0 c=172 empty=16
[13:22:39] push=  121137/s pop=  120897/s | tot push=124316980 pop=124223920 | errs p=0 c=172 empty=16
[13:22:49] push=  119709/s pop=  111660/s | tot push=125514070 pop=125340520 | errs p=0 c=172 empty=16
[13:22:59] push=  118231/s pop=  124985/s | tot push=126696380 pop=126590370 | errs p=0 c=172 empty=16
[13:23:09] push=  118743/s pop=  121515/s | tot push=127883810 pop=127805520 | errs p=0 c=172 empty=16
[13:23:19] push=  122026/s pop=  121361/s | tot push=129104070 pop=129019130 | errs p=0 c=172 empty=16
[13:23:29] push=  124356/s pop=  122544/s | tot push=130347630 pop=130244570 | errs p=0 c=172 empty=16
[13:23:39] push=  125073/s pop=  126996/s | tot push=131598360 pop=131514530 | errs p=0 c=172 empty=16
[13:23:49] push=  120657/s pop=  119651/s | tot push=132804930 pop=132711040 | errs p=0 c=172 empty=16
[13:23:59] push=  121201/s pop=  122231/s | tot push=134016940 pop=133933350 | errs p=0 c=172 empty=16
[13:24:09] push=  125672/s pop=  123800/s | tot push=135273660 pop=135171350 | errs p=0 c=172 empty=16
[13:24:19] push=  123487/s pop=  125901/s | tot push=136508530 pop=136430360 | errs p=0 c=172 empty=16
[13:24:29] push=  120792/s pop=  119499/s | tot push=137716450 pop=137625350 | errs p=0 c=172 empty=16
[13:24:39] push=  122957/s pop=  122712/s | tot push=138946020 pop=138852470 | errs p=0 c=172 empty=16
[13:24:49] push=  125196/s pop=  125722/s | tot push=140197980 pop=140109690 | errs p=0 c=172 empty=16
[13:24:59] push=  120735/s pop=  117517/s | tot push=141405330 pop=141284860 | errs p=0 c=172 empty=16
[13:25:09] push=  118785/s pop=  112976/s | tot push=142593180 pop=142414620 | errs p=0 c=172 empty=16
[13:25:19] push=  117518/s pop=  113579/s | tot push=143768360 pop=143550410 | errs p=0 c=172 empty=16
[13:25:29] push=  116448/s pop=  123027/s | tot push=144932840 pop=144780680 | errs p=0 c=172 empty=16
[13:25:39] push=  108870/s pop=  115718/s | tot push=146021540 pop=145937860 | errs p=0 c=172 empty=16
[13:25:49] push=  118256/s pop=  119055/s | tot push=147204100 pop=147128410 | errs p=0 c=172 empty=16
[13:25:59] push=  121164/s pop=  119068/s | tot push=148415740 pop=148319090 | errs p=0 c=172 empty=16
[13:26:09] push=  126083/s pop=  126407/s | tot push=149676570 pop=149583160 | errs p=0 c=172 empty=16
[13:26:19] push=  122776/s pop=  122479/s | tot push=150904330 pop=150807950 | errs p=0 c=172 empty=16
[13:26:29] push=  118691/s pop=  119115/s | tot push=152091240 pop=151999100 | errs p=0 c=172 empty=16
[13:26:39] push=  114131/s pop=  112611/s | tot push=153232550 pop=153125210 | errs p=0 c=172 empty=16
[13:26:49] push=  118596/s pop=  120506/s | tot push=154418510 pop=154330270 | errs p=0 c=172 empty=16
[13:26:59] push=  123240/s pop=  123462/s | tot push=155650910 pop=155564890 | errs p=0 c=172 empty=16
[13:27:09] push=  118058/s pop=  117864/s | tot push=156831490 pop=156743530 | errs p=0 c=172 empty=16
[13:27:19] push=  119603/s pop=  115824/s | tot push=158027520 pop=157901770 | errs p=0 c=172 empty=16
[13:27:29] push=  116518/s pop=  117687/s | tot push=159192700 pop=159078640 | errs p=0 c=172 empty=16
[13:27:39] push=  119156/s pop=  120436/s | tot push=160384260 pop=160283000 | errs p=0 c=172 empty=16
[13:27:49] push=  117911/s pop=  117672/s | tot push=161563370 pop=161459720 | errs p=0 c=172 empty=16
[13:27:59] push=  116872/s pop=  117870/s | tot push=162732090 pop=162638420 | errs p=0 c=172 empty=16
[13:28:09] push=  121224/s pop=  122179/s | tot push=163944330 pop=163860210 | errs p=0 c=172 empty=16
[13:28:19] push=  111661/s pop=  113532/s | tot push=165060940 pop=164995530 | errs p=0 c=172 empty=16
[13:28:29] push=  116566/s pop=  113154/s | tot push=166226600 pop=166127070 | errs p=0 c=172 empty=18
[13:28:39] push=  117261/s pop=  118385/s | tot push=167399210 pop=167310920 | errs p=0 c=172 empty=18
[13:28:49] push=  124012/s pop=  123345/s | tot push=168639330 pop=168544370 | errs p=0 c=172 empty=18
[13:28:59] push=  123421/s pop=  124799/s | tot push=169873540 pop=169792360 | errs p=0 c=172 empty=18
[13:29:09] push=  125636/s pop=  124986/s | tot push=171129900 pop=171042220 | errs p=0 c=172 empty=18
[13:29:19] push=  122107/s pop=  121525/s | tot push=172350970 pop=172257470 | errs p=0 c=172 empty=18
[13:29:29] push=  119319/s pop=  119215/s | tot push=173544160 pop=173449620 | errs p=0 c=172 empty=18
[13:29:39] push=  126311/s pop=  125822/s | tot push=174807270 pop=174707840 | errs p=0 c=172 empty=18
[13:29:49] push=  126132/s pop=  125035/s | tot push=176068590 pop=175958190 | errs p=0 c=172 empty=18
[13:29:59] push=  123664/s pop=  124325/s | tot push=177305230 pop=177201440 | errs p=0 c=172 empty=18
[13:30:09] push=  121274/s pop=  122200/s | tot push=178517970 pop=178423440 | errs p=0 c=172 empty=18
[13:30:19] push=  119294/s pop=  117669/s | tot push=179710910 pop=179600130 | errs p=0 c=172 empty=19
[13:30:29] push=  121330/s pop=  122975/s | tot push=180924210 pop=180829880 | errs p=0 c=172 empty=19
[13:30:39] push=  121817/s pop=  122255/s | tot push=182142380 pop=182052430 | errs p=0 c=172 empty=19
[13:30:49] push=  124343/s pop=  124402/s | tot push=183385810 pop=183296450 | errs p=0 c=172 empty=19
[13:30:59] push=  121442/s pop=  120563/s | tot push=184600230 pop=184502080 | errs p=0 c=172 empty=19
[13:31:09] push=  118754/s pop=  119303/s | tot push=185787770 pop=185695110 | errs p=0 c=172 empty=19
[13:31:19] push=  119386/s pop=  116879/s | tot push=186981630 pop=186863900 | errs p=0 c=172 empty=19
[13:31:29] push=  118939/s pop=  121346/s | tot push=188171020 pop=188077360 | errs p=0 c=172 empty=19
[13:31:39] push=  118801/s pop=  119287/s | tot push=189359030 pop=189270230 | errs p=0 c=172 empty=19
[13:31:49] push=  121251/s pop=  121253/s | tot push=190571540 pop=190482760 | errs p=0 c=172 empty=19
[13:31:59] push=  118165/s pop=  117147/s | tot push=191753190 pop=191654230 | errs p=0 c=172 empty=19
[13:32:09] push=  118903/s pop=  120883/s | tot push=192942220 pop=192863060 | errs p=0 c=172 empty=19
[13:32:19] push=  111956/s pop=  109656/s | tot push=194061780 pop=193959620 | errs p=0 c=172 empty=19
[13:32:29] push=  121387/s pop=  122714/s | tot push=195275650 pop=195186760 | errs p=0 c=172 empty=19
[13:32:39] push=  118022/s pop=  117133/s | tot push=196455870 pop=196358090 | errs p=0 c=172 empty=19
[13:32:49] push=  116067/s pop=  114790/s | tot push=197616540 pop=197505990 | errs p=0 c=172 empty=19
[13:32:59] push=  118257/s pop=  119239/s | tot push=198799110 pop=198698380 | errs p=0 c=172 empty=19
[13:33:09] push=  121286/s pop=  121068/s | tot push=200011970 pop=199909060 | errs p=0 c=172 empty=19
[13:33:19] push=  115870/s pop=  116310/s | tot push=201170670 pop=201072160 | errs p=0 c=172 empty=19
[13:33:29] push=  117815/s pop=  116771/s | tot push=202348820 pop=202239870 | errs p=0 c=172 empty=19
[13:33:39] push=  110468/s pop=  102991/s | tot push=203453500 pop=203269780 | errs p=0 c=172 empty=19
[13:33:49] push=  100408/s pop=  110495/s | tot push=204457580 pop=204374730 | errs p=0 c=172 empty=19
[13:33:59] push=  117068/s pop=  115797/s | tot push=205628260 pop=205532700 | errs p=0 c=172 empty=19
[13:34:09] push=  117040/s pop=  111461/s | tot push=206798660 pop=206647310 | errs p=0 c=172 empty=19
[13:34:19] push=  119619/s pop=  125002/s | tot push=207994850 pop=207897330 | errs p=0 c=172 empty=19
[13:34:29] push=  119273/s pop=  120309/s | tot push=209187580 pop=209100420 | errs p=0 c=172 empty=19
[13:34:39] push=  121899/s pop=  120307/s | tot push=210406570 pop=210303490 | errs p=0 c=172 empty=19
[13:34:49] push=  116249/s pop=  115903/s | tot push=211569060 pop=211462520 | errs p=0 c=172 empty=19
[13:34:59] push=  117094/s pop=  117941/s | tot push=212740000 pop=212641930 | errs p=0 c=172 empty=19
[13:35:09] push=  117302/s pop=  119478/s | tot push=213913020 pop=213836710 | errs p=0 c=172 empty=19
[13:35:19] push=  116719/s pop=  114865/s | tot push=215080210 pop=214985360 | errs p=0 c=172 empty=19
[13:35:29] push=  114173/s pop=  115302/s | tot push=216221940 pop=216138380 | errs p=0 c=172 empty=19
[13:35:39] push=  120276/s pop=  119656/s | tot push=217424700 pop=217334940 | errs p=0 c=172 empty=19
[13:35:49] push=  118091/s pop=  117260/s | tot push=218605610 pop=218507540 | errs p=0 c=172 empty=19
[13:35:59] push=  117342/s pop=  118256/s | tot push=219779030 pop=219690100 | errs p=0 c=172 empty=19
[13:36:09] push=  120656/s pop=  120083/s | tot push=220985590 pop=220890930 | errs p=0 c=172 empty=19
[13:36:19] push=  123160/s pop=  123629/s | tot push=222217190 pop=222127220 | errs p=0 c=172 empty=19
[13:36:29] push=  118018/s pop=  117875/s | tot push=223397370 pop=223305970 | errs p=0 c=172 empty=19
[13:36:39] push=  122998/s pop=  119288/s | tot push=224627350 pop=224498850 | errs p=0 c=172 empty=19
[13:36:49] push=  120265/s pop=  122971/s | tot push=225830000 pop=225728560 | errs p=0 c=172 empty=19
[13:36:59] push=  126628/s pop=  126391/s | tot push=227096280 pop=226992470 | errs p=0 c=172 empty=19
[13:37:09] push=  123350/s pop=  125335/s | tot push=228329780 pop=228245820 | errs p=0 c=172 empty=19
[13:37:19] push=  120933/s pop=  120619/s | tot push=229539110 pop=229452010 | errs p=0 c=172 empty=20
[13:37:29] push=  114181/s pop=  105385/s | tot push=230680920 pop=230505860 | errs p=0 c=172 empty=20
[13:37:39] push=  121195/s pop=  129109/s | tot push=231892870 pop=231796950 | errs p=0 c=172 empty=20
[13:37:49] push=  119837/s pop=  120470/s | tot push=233091240 pop=233001650 | errs p=0 c=172 empty=20
[13:37:59] push=  119859/s pop=  120083/s | tot push=234289830 pop=234202480 | errs p=0 c=172 empty=20
[13:38:09] push=  118301/s pop=  117732/s | tot push=235472840 pop=235379800 | errs p=0 c=172 empty=20
[13:38:19] push=  128177/s pop=  128710/s | tot push=236754610 pop=236666900 | errs p=0 c=172 empty=20
[13:38:29] push=  120878/s pop=  121477/s | tot push=237963390 pop=237881670 | errs p=0 c=172 empty=20
[13:38:39] push=  120836/s pop=  118593/s | tot push=239171750 pop=239067600 | errs p=0 c=172 empty=20
[13:38:49] push=  118805/s pop=  120224/s | tot push=240359800 pop=240269840 | errs p=0 c=172 empty=20
[13:38:59] push=  123187/s pop=  124432/s | tot push=241591670 pop=241514160 | errs p=0 c=172 empty=20
[13:39:09] push=  117386/s pop=  113893/s | tot push=242765530 pop=242653090 | errs p=0 c=172 empty=20
[13:39:19] push=  123112/s pop=  125611/s | tot push=243996650 pop=243909200 | errs p=0 c=172 empty=20
[13:39:29] push=  121016/s pop=  117509/s | tot push=245206810 pop=245084290 | errs p=0 c=172 empty=20
[13:39:39] push=  116337/s pop=  117261/s | tot push=246370180 pop=246256900 | errs p=0 c=172 empty=21
[13:39:49] push=  113895/s pop=  114977/s | tot push=247509130 pop=247406670 | errs p=0 c=172 empty=21
[13:39:59] push=  126120/s pop=  127546/s | tot push=248770330 pop=248682130 | errs p=0 c=172 empty=21
[13:40:09] push=  124101/s pop=  123239/s | tot push=250011340 pop=249914520 | errs p=0 c=172 empty=21
[13:40:19] push=  124617/s pop=  125925/s | tot push=251257510 pop=251173770 | errs p=0 c=172 empty=21
[13:40:29] push=  120642/s pop=  119993/s | tot push=252463930 pop=252373700 | errs p=0 c=172 empty=21
[13:40:39] push=  109526/s pop=  108705/s | tot push=253559190 pop=253460750 | errs p=0 c=172 empty=21
[13:40:49] push=  110605/s pop=  111098/s | tot push=254665240 pop=254571730 | errs p=0 c=172 empty=21
[13:40:59] push=  118103/s pop=  118432/s | tot push=255846270 pop=255756050 | errs p=0 c=172 empty=21
[13:41:09] push=  113216/s pop=  113672/s | tot push=256978430 pop=256892770 | errs p=0 c=172 empty=21
[13:41:19] push=  112158/s pop=  110623/s | tot push=258100010 pop=257999000 | errs p=0 c=172 empty=21
[13:41:29] push=  118195/s pop=  118701/s | tot push=259281960 pop=259186010 | errs p=0 c=172 empty=21
[13:41:39] push=  113527/s pop=  113607/s | tot push=260417230 pop=260322080 | errs p=0 c=172 empty=21
[13:41:49] push=  115330/s pop=  115220/s | tot push=261570530 pop=261474280 | errs p=0 c=172 empty=21
[13:41:59] push=  119421/s pop=  119618/s | tot push=262764740 pop=262670460 | errs p=0 c=172 empty=21
[13:42:09] push=  115312/s pop=  115827/s | tot push=263917860 pop=263828730 | errs p=0 c=172 empty=21
[13:42:19] push=  116526/s pop=  115708/s | tot push=265083120 pop=264985810 | errs p=0 c=172 empty=21
[13:42:29] push=  113945/s pop=  112923/s | tot push=266222570 pop=266115040 | errs p=0 c=172 empty=21
[13:42:39] push=  119805/s pop=  121199/s | tot push=267420620 pop=267327030 | errs p=0 c=172 empty=21
[13:42:49] push=  120237/s pop=  120987/s | tot push=268622990 pop=268536900 | errs p=0 c=172 empty=21
[13:42:59] push=  120178/s pop=  119844/s | tot push=269824770 pop=269735340 | errs p=0 c=172 empty=21
[13:43:09] push=  126936/s pop=  126541/s | tot push=271094130 pop=271000750 | errs p=0 c=172 empty=21
[13:43:19] push=  122751/s pop=  123604/s | tot push=272321640 pop=272236790 | errs p=0 c=172 empty=21
[13:43:29] push=  125262/s pop=  124917/s | tot push=273574260 pop=273485960 | errs p=0 c=172 empty=21
[13:43:39] push=  124745/s pop=  122511/s | tot push=274821710 pop=274711070 | errs p=0 c=172 empty=21
[13:43:49] push=  123344/s pop=  122143/s | tot push=276055150 pop=275932500 | errs p=0 c=172 empty=21
[13:43:59] push=  119894/s pop=  121063/s | tot push=277254090 pop=277143130 | errs p=0 c=172 empty=21
[13:44:09] push=  125299/s pop=  126478/s | tot push=278507080 pop=278407910 | errs p=0 c=172 empty=21
[13:44:19] push=  125902/s pop=  128114/s | tot push=279766100 pop=279689050 | errs p=0 c=172 empty=21
[13:44:29] push=  124284/s pop=  123442/s | tot push=281008940 pop=280923470 | errs p=0 c=172 empty=21
[13:44:39] push=  122665/s pop=  121959/s | tot push=282235590 pop=282143060 | errs p=0 c=172 empty=21
[13:44:49] push=  122572/s pop=  119239/s | tot push=283461310 pop=283335450 | errs p=0 c=172 empty=21
[13:44:59] push=  121280/s pop=  124712/s | tot push=284674110 pop=284582570 | errs p=0 c=172 empty=21
[13:45:09] push=  122827/s pop=  123645/s | tot push=285902380 pop=285819020 | errs p=0 c=172 empty=21
[13:45:19] push=  118133/s pop=  116698/s | tot push=287083710 pop=286986000 | errs p=0 c=172 empty=21
[13:45:29] push=  125044/s pop=  126655/s | tot push=288334150 pop=288252550 | errs p=0 c=172 empty=21
[13:45:39] push=  123482/s pop=  122348/s | tot push=289568970 pop=289476030 | errs p=0 c=172 empty=21
[13:45:49] push=  122830/s pop=  122709/s | tot push=290797270 pop=290703120 | errs p=0 c=172 empty=21
[13:45:59] push=  114723/s pop=  100243/s | tot push=291944500 pop=291705550 | errs p=0 c=172 empty=21
[13:46:09] push=  113679/s pop=  120156/s | tot push=293081290 pop=292907110 | errs p=0 c=172 empty=21
[13:46:19] push=  115636/s pop=  123418/s | tot push=294237650 pop=294141290 | errs p=0 c=172 empty=21
[13:46:29] push=  124721/s pop=  126576/s | tot push=295484860 pop=295407050 | errs p=0 c=172 empty=21
[13:46:39] push=  117344/s pop=  115191/s | tot push=296658300 pop=296558960 | errs p=0 c=172 empty=21
[13:46:49] push=  122000/s pop=  120745/s | tot push=297878300 pop=297766410 | errs p=0 c=172 empty=21
[13:46:59] push=  122073/s pop=  125066/s | tot push=299099030 pop=299017070 | errs p=0 c=172 empty=21
[13:47:09] push=  121864/s pop=  121914/s | tot push=300317670 pop=300236210 | errs p=0 c=172 empty=21
[13:47:19] push=  116930/s pop=  116568/s | tot push=301486970 pop=301401890 | errs p=0 c=172 empty=21
[13:47:29] push=  116471/s pop=  116943/s | tot push=302651680 pop=302571320 | errs p=0 c=172 empty=21
[13:47:39] push=  119510/s pop=  117914/s | tot push=303846780 pop=303750460 | errs p=0 c=172 empty=21
[13:47:49] push=  120701/s pop=  122005/s | tot push=305053790 pop=304970510 | errs p=0 c=172 empty=21
[13:47:59] push=  113620/s pop=  111094/s | tot push=306189990 pop=306081450 | errs p=0 c=172 empty=21
[13:48:09] push=  119141/s pop=  113251/s | tot push=307381400 pop=307213960 | errs p=0 c=172 empty=21
[13:48:19] push=  119233/s pop=  125195/s | tot push=308573730 pop=308465910 | errs p=0 c=172 empty=21
[13:48:29] push=  121662/s pop=  124619/s | tot push=309790350 pop=309712100 | errs p=0 c=172 empty=21
[13:48:39] push=  122292/s pop=  120061/s | tot push=311013270 pop=310912710 | errs p=0 c=172 empty=21
[13:48:49] push=  122123/s pop=  122834/s | tot push=312234500 pop=312141050 | errs p=0 c=172 empty=21
[13:48:59] push=  120594/s pop=  121224/s | tot push=313440440 pop=313353290 | errs p=0 c=172 empty=21
[13:49:09] push=  124484/s pop=  123938/s | tot push=314685280 pop=314592670 | errs p=0 c=172 empty=21
[13:49:19] push=  119223/s pop=  118940/s | tot push=315877510 pop=315782070 | errs p=0 c=172 empty=21
[13:49:29] push=  124428/s pop=  124723/s | tot push=317121790 pop=317029300 | errs p=0 c=172 empty=21
[13:49:39] push=  123394/s pop=  123959/s | tot push=318355730 pop=318268890 | errs p=0 c=172 empty=21
[13:49:49] push=  125979/s pop=  123627/s | tot push=319615520 pop=319505160 | errs p=0 c=172 empty=21
[13:49:59] push=  121431/s pop=  123760/s | tot push=320829830 pop=320742760 | errs p=0 c=172 empty=21
[13:50:09] push=  125556/s pop=  122324/s | tot push=322085390 pop=321966000 | errs p=0 c=172 empty=21
[13:50:19] push=  120927/s pop=  109140/s | tot push=323294660 pop=323057400 | errs p=0 c=172 empty=21
[13:50:29] push=  119734/s pop=  130629/s | tot push=324492000 pop=324363690 | errs p=0 c=172 empty=21
[13:50:39] push=  118152/s pop=  122358/s | tot push=325673520 pop=325587270 | errs p=0 c=172 empty=21
[13:50:49] push=  124298/s pop=  122901/s | tot push=326916500 pop=326816280 | errs p=0 c=172 empty=21
[13:50:59] push=  118938/s pop=  120519/s | tot push=328105880 pop=328021470 | errs p=0 c=172 empty=21
[13:51:09] push=  120248/s pop=  120872/s | tot push=329308360 pop=329230190 | errs p=0 c=172 empty=21
[13:51:19] push=  124508/s pop=  122664/s | tot push=330553440 pop=330456830 | errs p=0 c=172 empty=21
[13:51:29] push=  122553/s pop=  123869/s | tot push=331778970 pop=331695520 | errs p=0 c=172 empty=21
[13:51:39] push=  118409/s pop=  115118/s | tot push=332963060 pop=332846700 | errs p=0 c=172 empty=21
[13:51:49] push=  124134/s pop=  126482/s | tot push=334204400 pop=334111520 | errs p=0 c=172 empty=21
[13:51:59] push=  121476/s pop=  122704/s | tot push=335419160 pop=335338560 | errs p=0 c=172 empty=21
[13:52:09] push=  122916/s pop=  121841/s | tot push=336648320 pop=336556970 | errs p=0 c=172 empty=21
[13:52:19] push=  124104/s pop=  118985/s | tot push=337889360 pop=337746820 | errs p=0 c=172 empty=21
[13:52:29] push=  119937/s pop=  125188/s | tot push=339088730 pop=338998700 | errs p=0 c=172 empty=21
[13:52:39] push=  125806/s pop=  126873/s | tot push=340346790 pop=340267430 | errs p=0 c=172 empty=21
[13:52:49] push=  121849/s pop=  120032/s | tot push=341565280 pop=341467750 | errs p=0 c=172 empty=21
[13:52:59] push=  125148/s pop=  125103/s | tot push=342816760 pop=342718780 | errs p=0 c=172 empty=21
[13:53:09] push=  124303/s pop=  125016/s | tot push=344059790 pop=343968940 | errs p=0 c=172 empty=21
[13:53:19] push=  121142/s pop=  122111/s | tot push=345271210 pop=345190050 | errs p=0 c=172 empty=21
[13:53:29] push=  122982/s pop=  121245/s | tot push=346501030 pop=346402500 | errs p=0 c=172 empty=21
[13:53:39] push=  124409/s pop=  125511/s | tot push=347745120 pop=347657610 | errs p=0 c=172 empty=21
[13:53:49] push=  120960/s pop=  119183/s | tot push=348954720 pop=348849440 | errs p=0 c=172 empty=21
[13:53:59] push=  118785/s pop=  118029/s | tot push=350142570 pop=350029730 | errs p=0 c=172 empty=22
[13:54:09] push=  122998/s pop=  125071/s | tot push=351372550 pop=351280440 | errs p=0 c=172 empty=22
[13:54:19] push=  111376/s pop=  107195/s | tot push=352486310 pop=352352390 | errs p=0 c=172 empty=22
[13:54:29] push=  103050/s pop=  106986/s | tot push=353516810 pop=353422250 | errs p=0 c=172 empty=22
[13:54:39] push=  113130/s pop=  114041/s | tot push=354648110 pop=354562660 | errs p=0 c=172 empty=22
[13:54:49] push=  118382/s pop=  102753/s | tot push=355831930 pop=355590190 | errs p=0 c=172 empty=22
[13:54:59] push=  104517/s pop=  117694/s | tot push=356877100 pop=356767130 | errs p=0 c=172 empty=22
[13:55:09] push=  121763/s pop=  124041/s | tot push=358094730 pop=358007540 | errs p=0 c=172 empty=22
[13:55:19] push=  119411/s pop=  118354/s | tot push=359288840 pop=359191080 | errs p=0 c=172 empty=22
[13:55:29] push=  119060/s pop=  118480/s | tot push=360479440 pop=360375880 | errs p=0 c=172 empty=22
[13:55:39] push=  119682/s pop=  119022/s | tot push=361676260 pop=361566100 | errs p=0 c=172 empty=22
[13:55:49] push=  123246/s pop=  126319/s | tot push=362908720 pop=362829290 | errs p=0 c=172 empty=22
[13:55:59] push=  115982/s pop=  115092/s | tot push=364068540 pop=363980210 | errs p=0 c=172 empty=22
[13:56:09] push=  122046/s pop=  121264/s | tot push=365289000 pop=365192850 | errs p=0 c=172 empty=22
[13:56:19] push=  124607/s pop=  125344/s | tot push=366535070 pop=366446290 | errs p=0 c=172 empty=22
[13:56:29] push=  124632/s pop=  122687/s | tot push=367781390 pop=367673160 | errs p=0 c=172 empty=22
[13:56:39] push=  119807/s pop=  113764/s | tot push=368979460 pop=368810800 | errs p=0 c=172 empty=22
[13:56:49] push=  126579/s pop=  131937/s | tot push=370245250 pop=370130170 | errs p=0 c=172 empty=22
[13:56:59] push=  121774/s pop=  120445/s | tot push=371462990 pop=371334620 | errs p=0 c=172 empty=22
[13:57:09] push=  120237/s pop=  122802/s | tot push=372665360 pop=372562640 | errs p=0 c=172 empty=22
[13:57:19] push=  123865/s pop=  125165/s | tot push=373904010 pop=373814290 | errs p=0 c=172 empty=22
[13:57:29] push=  124830/s pop=  125202/s | tot push=375152310 pop=375066310 | errs p=0 c=172 empty=22
[13:57:39] push=  120667/s pop=  120630/s | tot push=376358980 pop=376272610 | errs p=0 c=172 empty=22
[13:57:49] push=  120764/s pop=  120192/s | tot push=377566620 pop=377474530 | errs p=0 c=172 empty=22
[13:57:59] push=  125570/s pop=  125832/s | tot push=378822320 pop=378732850 | errs p=0 c=172 empty=22
[13:58:09] push=  120227/s pop=  120366/s | tot push=380024590 pop=379936510 | errs p=0 c=172 empty=22
[13:58:19] push=  121844/s pop=  121985/s | tot push=381243030 pop=381156360 | errs p=0 c=172 empty=22
[13:58:29] push=  125969/s pop=  126630/s | tot push=382502720 pop=382422660 | errs p=0 c=172 empty=22
[13:58:39] push=  124594/s pop=  121553/s | tot push=383748660 pop=383638190 | errs p=0 c=172 empty=22
[13:58:49] push=  116918/s pop=  113472/s | tot push=384917840 pop=384772910 | errs p=0 c=172 empty=22
[13:58:59] push=  126577/s pop=  131852/s | tot push=386183610 pop=386091430 | errs p=0 c=172 empty=22
[13:59:09] push=  121316/s pop=  121873/s | tot push=387396770 pop=387310160 | errs p=0 c=172 empty=22
[13:59:19] push=  121422/s pop=  119805/s | tot push=388610990 pop=388508210 | errs p=0 c=172 empty=22
[13:59:29] push=  123022/s pop=  124520/s | tot push=389841210 pop=389753410 | errs p=0 c=172 empty=22
[13:59:39] push=  126864/s pop=  125677/s | tot push=391109850 pop=391010180 | errs p=0 c=172 empty=22
[13:59:49] push=  122008/s pop=  123495/s | tot push=392329930 pop=392245130 | errs p=0 c=172 empty=22
[13:59:59] push=  123993/s pop=  122843/s | tot push=393569860 pop=393473560 | errs p=0 c=172 empty=22
[14:00:09] push=  126130/s pop=  126455/s | tot push=394831160 pop=394738110 | errs p=0 c=172 empty=22
[14:00:19] push=  125183/s pop=  125943/s | tot push=396082990 pop=395997540 | errs p=0 c=172 empty=22
[14:00:29] push=  121418/s pop=  118854/s | tot push=397297170 pop=397186080 | errs p=0 c=172 empty=22
[14:00:39] push=  125357/s pop=  127001/s | tot push=398550740 pop=398456090 | errs p=0 c=172 empty=22
[14:00:49] push=  121927/s pop=  115499/s | tot push=399770010 pop=399611080 | errs p=0 c=172 empty=22
[14:00:59] push=  116651/s pop=  116864/s | tot push=400936520 pop=400779720 | errs p=0 c=172 empty=22
[14:01:09] push=  117344/s pop=  120251/s | tot push=402109960 pop=401982230 | errs p=0 c=172 empty=22
[14:01:19] push=  117514/s pop=  121799/s | tot push=403285100 pop=403200220 | errs p=0 c=172 empty=22
[14:01:29] push=  116654/s pop=  115524/s | tot push=404451640 pop=404355460 | errs p=0 c=172 empty=22
[14:01:39] push=  116834/s pop=  112811/s | tot push=405619980 pop=405483570 | errs p=0 c=172 empty=22
[14:01:49] push=  114030/s pop=  119260/s | tot push=406760280 pop=406676170 | errs p=0 c=172 empty=22
[14:01:59] push=  116638/s pop=  116365/s | tot push=407926660 pop=407839820 | errs p=0 c=172 empty=22
[14:02:09] push=  111185/s pop=  109544/s | tot push=409038510 pop=408935260 | errs p=0 c=172 empty=22
[14:02:19] push=  117496/s pop=  118466/s | tot push=410213470 pop=410119920 | errs p=0 c=172 empty=22
[14:02:29] push=  116160/s pop=  115275/s | tot push=411375070 pop=411272670 | errs p=0 c=172 empty=22
[14:02:39] push=  115635/s pop=  117804/s | tot push=412531420 pop=412450710 | errs p=0 c=172 empty=22
[14:02:49] push=  115695/s pop=  114697/s | tot push=413688370 pop=413597680 | errs p=0 c=172 empty=22
[14:02:59] push=  118074/s pop=  112281/s | tot push=414869110 pop=414720490 | errs p=0 c=172 empty=22
[14:03:09] push=  119827/s pop=  124641/s | tot push=416067380 pop=415966900 | errs p=0 c=172 empty=22
[14:03:19] push=  121891/s pop=  122290/s | tot push=417286290 pop=417189800 | errs p=0 c=172 empty=22
[14:03:29] push=  119308/s pop=  119951/s | tot push=418479370 pop=418389310 | errs p=0 c=172 empty=22
[14:03:39] push=  123043/s pop=  122923/s | tot push=419709800 pop=419618540 | errs p=0 c=172 empty=22
[14:03:49] push=  124512/s pop=  125593/s | tot push=420954920 pop=420874470 | errs p=0 c=172 empty=22
[14:03:59] push=  127710/s pop=  124862/s | tot push=422232020 pop=422123090 | errs p=0 c=172 empty=22
[14:04:09] push=  122020/s pop=  125460/s | tot push=423452220 pop=423377690 | errs p=0 c=172 empty=22
[14:04:19] push=  122280/s pop=  121246/s | tot push=424675020 pop=424590150 | errs p=0 c=172 empty=22
[14:04:29] push=  124992/s pop=  123698/s | tot push=425924940 pop=425827130 | errs p=0 c=172 empty=22
[14:04:39] push=  129861/s pop=  130764/s | tot push=427223550 pop=427134770 | errs p=0 c=172 empty=22
[14:04:49] push=  122555/s pop=  121227/s | tot push=428449100 pop=428347040 | errs p=0 c=172 empty=22
[14:04:59] push=  118146/s pop=  120180/s | tot push=429630560 pop=429548840 | errs p=0 c=172 empty=22
[14:05:09] push=  119510/s pop=  114789/s | tot push=430825660 pop=430696730 | errs p=0 c=172 empty=22
[14:05:19] push=  122457/s pop=  126820/s | tot push=432050230 pop=431964930 | errs p=0 c=172 empty=22
[14:05:29] push=  120213/s pop=  119610/s | tot push=433252360 pop=433161030 | errs p=0 c=172 empty=22
[14:05:39] push=  124974/s pop=  125269/s | tot push=434502100 pop=434413720 | errs p=0 c=172 empty=22
[14:05:49] push=  119810/s pop=  119756/s | tot push=435700200 pop=435611280 | errs p=0 c=172 empty=22
[14:05:59] push=  123176/s pop=  121198/s | tot push=436931960 pop=436823260 | errs p=0 c=172 empty=22
[14:06:09] push=  124302/s pop=  125838/s | tot push=438174980 pop=438081640 | errs p=0 c=172 empty=22
[14:06:19] push=  124341/s pop=  123947/s | tot push=439418390 pop=439321110 | errs p=0 c=172 empty=22
[14:06:29] push=  118620/s pop=  119256/s | tot push=440604590 pop=440513670 | errs p=0 c=172 empty=22
[14:06:39] push=  123135/s pop=  121983/s | tot push=441835940 pop=441733500 | errs p=0 c=172 empty=22
[14:06:49] push=  124758/s pop=  126903/s | tot push=443083520 pop=443002530 | errs p=0 c=172 empty=22
[14:06:59] push=  121436/s pop=  118681/s | tot push=444297880 pop=444189340 | errs p=0 c=172 empty=22
[14:07:09] push=  118227/s pop=  118596/s | tot push=445480150 pop=445375300 | errs p=0 c=172 empty=22
[14:07:19] push=  123250/s pop=  119930/s | tot push=446712650 pop=446574600 | errs p=0 c=172 empty=22
[14:07:29] push=  121680/s pop=  125740/s | tot push=447929450 pop=447832000 | errs p=0 c=172 empty=22
[14:07:39] push=  122606/s pop=  123417/s | tot push=449155510 pop=449066170 | errs p=0 c=172 empty=22
[14:07:49] push=  121829/s pop=  120271/s | tot push=450373800 pop=450268880 | errs p=0 c=172 empty=22
[14:07:59] push=  114098/s pop=  114536/s | tot push=451514780 pop=451414240 | errs p=0 c=172 empty=22
[14:08:09] push=  113477/s pop=  113953/s | tot push=452649550 pop=452553770 | errs p=0 c=172 empty=22
[14:08:19] push=  120613/s pop=  121559/s | tot push=453855680 pop=453769360 | errs p=0 c=172 empty=22
[14:08:29] push=  109866/s pop=  109807/s | tot push=454954340 pop=454867430 | errs p=0 c=172 empty=22
[14:08:39] push=  120138/s pop=  117388/s | tot push=456155720 pop=456041310 | errs p=0 c=172 empty=22
[14:08:49] push=  117698/s pop=  120518/s | tot push=457332700 pop=457246490 | errs p=0 c=172 empty=22
[14:08:59] push=  106823/s pop=  106648/s | tot push=458400930 pop=458312970 | errs p=0 c=172 empty=22
[14:09:09] push=  120329/s pop=  118852/s | tot push=459604220 pop=459501490 | errs p=0 c=172 empty=22
[14:09:19] push=  114045/s pop=  109498/s | tot push=460744670 pop=460596470 | errs p=0 c=172 empty=22
[14:09:29] push=  119299/s pop=  123735/s | tot push=461937660 pop=461833820 | errs p=0 c=172 empty=22
[14:09:39] push=  123155/s pop=  125026/s | tot push=463169210 pop=463084080 | errs p=0 c=172 empty=22
[14:09:49] push=  121744/s pop=  121671/s | tot push=464386650 pop=464300790 | errs p=0 c=172 empty=22
[14:09:59] push=  120958/s pop=  120056/s | tot push=465596230 pop=465501350 | errs p=0 c=172 empty=22
[14:10:09] push=  125760/s pop=  125844/s | tot push=466853830 pop=466759790 | errs p=0 c=172 empty=22
[14:10:19] push=  122538/s pop=  121951/s | tot push=468079210 pop=467979300 | errs p=0 c=172 empty=22
[14:10:29] push=  121138/s pop=  121255/s | tot push=469290590 pop=469191850 | errs p=0 c=172 empty=22
[14:10:39] push=  125764/s pop=  125833/s | tot push=470548230 pop=470450180 | errs p=0 c=172 empty=22
[14:10:49] push=  127116/s pop=  128994/s | tot push=471819390 pop=471740120 | errs p=0 c=172 empty=22
[14:10:59] push=  123796/s pop=  121814/s | tot push=473057350 pop=472958260 | errs p=0 c=172 empty=22
[14:11:09] push=  124811/s pop=  124415/s | tot push=474305460 pop=474202410 | errs p=0 c=172 empty=22
[14:11:19] push=  127795/s pop=  129511/s | tot push=475583410 pop=475497520 | errs p=0 c=172 empty=22
[14:11:29] push=  120352/s pop=  114726/s | tot push=476786930 pop=476644780 | errs p=0 c=172 empty=22
[14:11:39] push=  120123/s pop=  124117/s | tot push=477988160 pop=477885950 | errs p=0 c=172 empty=22
[14:11:49] push=  124832/s pop=  125640/s | tot push=479236480 pop=479142350 | errs p=0 c=172 empty=22
[14:11:59] push=  125770/s pop=  126266/s | tot push=480494180 pop=480405010 | errs p=0 c=172 empty=22
[14:12:09] push=  123513/s pop=  123741/s | tot push=481729310 pop=481642420 | errs p=0 c=172 empty=22
[14:12:19] push=  126279/s pop=  126007/s | tot push=482992100 pop=482902490 | errs p=0 c=172 empty=22
[14:12:29] push=  126151/s pop=  125709/s | tot push=484253610 pop=484159580 | errs p=0 c=172 empty=22
[14:12:39] push=  122600/s pop=  122416/s | tot push=485479610 pop=485383740 | errs p=0 c=172 empty=22
[14:12:49] push=  123877/s pop=  124766/s | tot push=486718380 pop=486631400 | errs p=0 c=172 empty=22
[14:12:59] push=  125961/s pop=  126071/s | tot push=487977990 pop=487892110 | errs p=0 c=172 empty=22
[14:13:09] push=  124273/s pop=  122274/s | tot push=489220720 pop=489114850 | errs p=0 c=172 empty=22
[14:13:19] push=  122726/s pop=  124964/s | tot push=490447980 pop=490364490 | errs p=0 c=172 empty=22
[14:13:29] push=  125538/s pop=  125427/s | tot push=491703360 pop=491618760 | errs p=0 c=172 empty=22
[14:13:39] push=  119004/s pop=  112090/s | tot push=492893400 pop=492739660 | errs p=0 c=172 empty=22
[14:13:49] push=  118457/s pop=  123252/s | tot push=494077970 pop=493972180 | errs p=0 c=172 empty=22
[14:13:59] push=  121203/s pop=  122381/s | tot push=495290000 pop=495195990 | errs p=0 c=172 empty=22
[14:14:09] push=  121952/s pop=  122828/s | tot push=496509520 pop=496424270 | errs p=0 c=172 empty=22
[14:14:19] push=  118401/s pop=  118343/s | tot push=497693530 pop=497607700 | errs p=0 c=172 empty=22
[14:14:29] push=  121817/s pop=  120426/s | tot push=498911700 pop=498811960 | errs p=0 c=172 empty=22
[14:14:39] push=  116030/s pop=  115066/s | tot push=500072000 pop=499962620 | errs p=0 c=172 empty=22
[14:14:49] push=  106369/s pop=  105797/s | tot push=501135690 pop=501020590 | errs p=0 c=172 empty=22
[14:14:59] push=  115669/s pop=  117935/s | tot push=502292380 pop=502199940 | errs p=0 c=172 empty=22
[14:15:09] push=  117076/s pop=  117332/s | tot push=503463140 pop=503373260 | errs p=0 c=172 empty=22
[14:15:19] push=  112626/s pop=  110857/s | tot push=504589400 pop=504481830 | errs p=0 c=172 empty=22
[14:15:29] push=  116581/s pop=  118506/s | tot push=505755210 pop=505666890 | errs p=0 c=172 empty=22
[14:15:39] push=  113407/s pop=  109813/s | tot push=506889280 pop=506765020 | errs p=0 c=172 empty=22
[14:15:49] push=  116219/s pop=  116815/s | tot push=508051470 pop=507933170 | errs p=0 c=172 empty=22
[14:15:59] push=  116043/s pop=  119516/s | tot push=509211900 pop=509128330 | errs p=0 c=172 empty=22
[14:16:09] push=  117910/s pop=  116659/s | tot push=510391000 pop=510294920 | errs p=0 c=172 empty=22
[14:16:19] push=  118028/s pop=  118653/s | tot push=511571280 pop=511481450 | errs p=0 c=172 empty=22
[14:16:29] push=  120400/s pop=  121133/s | tot push=512775280 pop=512692780 | errs p=0 c=172 empty=22
[14:16:39] push=  118850/s pop=  115279/s | tot push=513963780 pop=513845570 | errs p=0 c=172 empty=22
[14:16:49] push=  124670/s pop=  127646/s | tot push=515210480 pop=515122030 | errs p=0 c=172 empty=22
[14:16:59] push=  121785/s pop=  121287/s | tot push=516428330 pop=516334900 | errs p=0 c=172 empty=22
[14:17:09] push=  120471/s pop=  120433/s | tot push=517633040 pop=517539230 | errs p=0 c=172 empty=22
[14:17:19] push=  122747/s pop=  122604/s | tot push=518860510 pop=518765270 | errs p=0 c=172 empty=22
[14:17:29] push=  123862/s pop=  125438/s | tot push=520099130 pop=520019650 | errs p=0 c=172 empty=22
[14:17:39] push=  119998/s pop=  118666/s | tot push=521299110 pop=521206310 | errs p=0 c=172 empty=22
[14:17:49] push=  118700/s pop=  114206/s | tot push=522486110 pop=522348370 | errs p=0 c=172 empty=22
[14:17:59] push=  121721/s pop=  125731/s | tot push=523703320 pop=523605680 | errs p=0 c=172 empty=22
[14:18:09] push=  118800/s pop=  120193/s | tot push=524891320 pop=524807610 | errs p=0 c=172 empty=22
[14:18:19] push=  120247/s pop=  119587/s | tot push=526093790 pop=526003480 | errs p=0 c=172 empty=22
[14:18:29] push=  124883/s pop=  124927/s | tot push=527342620 pop=527252750 | errs p=0 c=172 empty=22
[14:18:39] push=  122341/s pop=  122466/s | tot push=528566030 pop=528477410 | errs p=0 c=172 empty=22
[14:18:49] push=  119471/s pop=  118701/s | tot push=529760740 pop=529664420 | errs p=0 c=172 empty=22
[14:18:59] push=  122533/s pop=  123149/s | tot push=530986070 pop=530895910 | errs p=0 c=172 empty=22
[14:19:09] push=  124137/s pop=  124639/s | tot push=532227440 pop=532142300 | errs p=0 c=172 empty=22
[14:19:19] push=  119328/s pop=  118296/s | tot push=533420720 pop=533325260 | errs p=0 c=172 empty=22
[14:19:29] push=  121709/s pop=  122461/s | tot push=534637810 pop=534549870 | errs p=0 c=172 empty=22
[14:19:39] push=  124447/s pop=  123197/s | tot push=535882280 pop=535781840 | errs p=0 c=172 empty=22
[14:19:49] push=  120579/s pop=  122528/s | tot push=537088070 pop=537007120 | errs p=0 c=172 empty=22
[14:19:59] push=  118514/s pop=  117096/s | tot push=538273210 pop=538178080 | errs p=0 c=172 empty=22
[14:20:09] push=  122075/s pop=  123035/s | tot push=539493960 pop=539408430 | errs p=0 c=172 empty=22
[14:20:19] push=  120481/s pop=  120110/s | tot push=540698770 pop=540609530 | errs p=0 c=172 empty=22
[14:20:29] push=  119312/s pop=  118468/s | tot push=541891890 pop=541794210 | errs p=0 c=172 empty=22
[14:20:39] push=  123651/s pop=  124285/s | tot push=543128400 pop=543037060 | errs p=0 c=172 empty=22
[14:20:49] push=  121514/s pop=  120663/s | tot push=544343540 pop=544243690 | errs p=0 c=172 empty=22
[14:20:59] push=  120415/s pop=  120589/s | tot push=545547690 pop=545449580 | errs p=0 c=172 empty=22
[14:21:09] push=  120240/s pop=  119522/s | tot push=546750090 pop=546644800 | errs p=0 c=172 empty=22
[14:21:19] push=  122771/s pop=  123394/s | tot push=547977800 pop=547878740 | errs p=0 c=172 empty=22
[14:21:29] push=  112555/s pop=  112327/s | tot push=549103350 pop=549002010 | errs p=0 c=172 empty=22
[14:21:39] push=  111626/s pop=  112266/s | tot push=550219610 pop=550124670 | errs p=0 c=172 empty=22
[14:21:49] push=  118459/s pop=  118534/s | tot push=551404200 pop=551310010 | errs p=0 c=172 empty=22
[14:21:59] push=  113520/s pop=  109414/s | tot push=552539400 pop=552404150 | errs p=0 c=172 empty=22
[14:22:09] push=  109439/s pop=  101297/s | tot push=553633790 pop=553417120 | errs p=0 c=172 empty=22
[14:22:19] push=  117825/s pop=  128177/s | tot push=554812040 pop=554698890 | errs p=0 c=172 empty=22
[14:22:29] push=  115074/s pop=  116910/s | tot push=555962780 pop=555867990 | errs p=0 c=172 empty=22
[14:22:39] push=  116004/s pop=  112821/s | tot push=557122820 pop=556996200 | errs p=0 c=172 empty=22
[14:22:49] push=  115931/s pop=  118300/s | tot push=558282130 pop=558179200 | errs p=0 c=172 empty=22
[14:22:59] push=  119794/s pop=  121399/s | tot push=559480070 pop=559393190 | errs p=0 c=172 empty=22
[14:23:09] push=  115544/s pop=  115078/s | tot push=560635510 pop=560543970 | errs p=0 c=172 empty=22
[14:23:19] push=  122653/s pop=  123050/s | tot push=561862040 pop=561774470 | errs p=0 c=172 empty=22
[14:23:29] push=  121565/s pop=  121018/s | tot push=563077690 pop=562984650 | errs p=0 c=172 empty=22
[14:23:39] push=  124373/s pop=  124223/s | tot push=564321420 pop=564226880 | errs p=0 c=172 empty=23
[14:23:49] push=  120998/s pop=  121533/s | tot push=565531400 pop=565442210 | errs p=0 c=172 empty=23
[14:23:59] push=  124436/s pop=  122565/s | tot push=566775760 pop=566667860 | errs p=0 c=172 empty=23
[14:24:09] push=  122087/s pop=  123587/s | tot push=567996630 pop=567903730 | errs p=0 c=172 empty=23
[14:24:19] push=  120177/s pop=  117616/s | tot push=569198400 pop=569079890 | errs p=0 c=172 empty=23
[14:24:29] push=  125286/s pop=  127730/s | tot push=570451260 pop=570357190 | errs p=0 c=172 empty=23
[14:24:39] push=  127217/s pop=  126319/s | tot push=571723430 pop=571620380 | errs p=0 c=172 empty=23
[14:24:49] push=  124784/s pop=  125197/s | tot push=572971270 pop=572872350 | errs p=0 c=172 empty=23
[14:24:59] push=  125282/s pop=  124901/s | tot push=574224090 pop=574121360 | errs p=0 c=172 empty=23
[14:25:09] push=  126970/s pop=  128444/s | tot push=575493790 pop=575405800 | errs p=0 c=172 empty=23
[14:25:19] push=  125761/s pop=  125551/s | tot push=576751400 pop=576661310 | errs p=0 c=172 empty=23
[14:25:29] push=  123924/s pop=  122291/s | tot push=577990640 pop=577884220 | errs p=0 c=172 empty=23
[14:25:39] push=  127634/s pop=  128251/s | tot push=579266980 pop=579166730 | errs p=0 c=172 empty=23
[14:25:49] push=  125273/s pop=  126667/s | tot push=580519710 pop=580433400 | errs p=0 c=172 empty=23
[14:25:59] push=  124532/s pop=  123034/s | tot push=581765030 pop=581663740 | errs p=0 c=172 empty=23
[14:26:09] push=  128632/s pop=  129051/s | tot push=583051350 pop=582954250 | errs p=0 c=172 empty=23
[14:26:19] push=  124375/s pop=  119105/s | tot push=584295100 pop=584145300 | errs p=0 c=172 empty=23
[14:26:29] push=  122077/s pop=  128858/s | tot push=585515870 pop=585433880 | errs p=0 c=172 empty=23
[14:26:39] push=  124843/s pop=  124601/s | tot push=586764300 pop=586679890 | errs p=0 c=172 empty=23
[14:26:49] push=  129260/s pop=  128902/s | tot push=588056900 pop=587968910 | errs p=0 c=172 empty=23
[14:26:59] push=  123601/s pop=  124534/s | tot push=589292910 pop=589214250 | errs p=0 c=172 empty=23
[14:27:09] push=  122283/s pop=  121330/s | tot push=590515740 pop=590427550 | errs p=0 c=172 empty=23
[14:27:19] push=  126509/s pop=  125953/s | tot push=591780830 pop=591687080 | errs p=0 c=172 empty=23
[14:27:29] push=  123716/s pop=  124255/s | tot push=593017990 pop=592929630 | errs p=0 c=172 empty=23
[14:27:39] push=  122416/s pop=  121996/s | tot push=594242150 pop=594149590 | errs p=0 c=172 empty=23
[14:27:49] push=  124930/s pop=  125813/s | tot push=595491450 pop=595407720 | errs p=0 c=172 empty=23
[14:27:59] push=  129140/s pop=  129752/s | tot push=596782850 pop=596705240 | errs p=0 c=172 empty=23
[14:28:09] push=  122637/s pop=  120786/s | tot push=598009220 pop=597913100 | errs p=0 c=172 empty=23
[14:28:19] push=  122055/s pop=  122485/s | tot push=599229770 pop=599137950 | errs p=0 c=172 empty=23
[14:28:29] push=  112248/s pop=   98876/s | tot push=600352250 pop=600126710 | errs p=0 c=172 empty=23
[14:28:39] push=  112194/s pop=  118837/s | tot push=601474190 pop=601315080 | errs p=0 c=172 empty=23
[14:28:49] push=  117981/s pop=  124123/s | tot push=602654000 pop=602556310 | errs p=0 c=172 empty=23
[14:28:59] push=  114814/s pop=  115859/s | tot push=603802140 pop=603714900 | errs p=0 c=172 empty=23
[14:29:09] push=  118385/s pop=  118851/s | tot push=604985990 pop=604903410 | errs p=0 c=172 empty=24
[14:29:19] push=  117407/s pop=  115795/s | tot push=606160060 pop=606061360 | errs p=0 c=172 empty=24
[14:29:29] push=  115758/s pop=  115700/s | tot push=607317640 pop=607218360 | errs p=0 c=172 empty=24
[14:29:39] push=  117754/s pop=  120067/s | tot push=608495180 pop=608419030 | errs p=0 c=172 empty=24
[14:29:49] push=  119875/s pop=  115478/s | tot push=609693930 pop=609573810 | errs p=0 c=172 empty=24
[14:29:59] push=  116781/s pop=  119653/s | tot push=610861740 pop=610770340 | errs p=0 c=172 empty=24
[14:30:09] push=  121811/s pop=  123276/s | tot push=612079850 pop=612003100 | errs p=0 c=172 empty=24
[14:30:19] push=  122929/s pop=  122379/s | tot push=613309140 pop=613226890 | errs p=0 c=172 empty=24
[14:30:29] push=  121751/s pop=  121586/s | tot push=614526650 pop=614442750 | errs p=0 c=172 empty=24
[14:30:39] push=  121771/s pop=  118214/s | tot push=615744360 pop=615624890 | errs p=0 c=172 empty=24
[14:30:49] push=  122633/s pop=  125660/s | tot push=616970690 pop=616881490 | errs p=0 c=172 empty=24
[14:30:59] push=  124399/s pop=  124549/s | tot push=618214680 pop=618126980 | errs p=0 c=172 empty=24
[14:31:09] push=  120432/s pop=  120833/s | tot push=619419000 pop=619335310 | errs p=0 c=172 empty=24
[14:31:19] push=  123823/s pop=  122734/s | tot push=620657230 pop=620562650 | errs p=0 c=172 empty=24
[14:31:29] push=  126401/s pop=  126158/s | tot push=621921240 pop=621824230 | errs p=0 c=172 empty=24
[14:31:39] push=  123655/s pop=  124383/s | tot push=623157790 pop=623068060 | errs p=0 c=172 empty=24
[14:31:49] push=  123995/s pop=  123984/s | tot push=624397740 pop=624307900 | errs p=0 c=172 empty=24
[14:31:59] push=  124200/s pop=  124292/s | tot push=625639740 pop=625550820 | errs p=0 c=172 empty=24
[14:32:09] push=  124194/s pop=  122718/s | tot push=626881680 pop=626778000 | errs p=0 c=172 empty=24
[14:32:19] push=  122276/s pop=  121993/s | tot push=628104440 pop=627997930 | errs p=0 c=172 empty=24
[14:32:29] push=  124310/s pop=  125546/s | tot push=629347540 pop=629253390 | errs p=0 c=172 empty=24
[14:32:39] push=  125335/s pop=  126053/s | tot push=630600890 pop=630513920 | errs p=0 c=172 empty=24
[14:32:49] push=  118762/s pop=  106282/s | tot push=631788510 pop=631576740 | errs p=0 c=172 empty=24
[14:32:59] push=  121416/s pop=  132848/s | tot push=633002670 pop=632905220 | errs p=0 c=172 empty=24
[14:33:09] push=  123028/s pop=  123504/s | tot push=634232950 pop=634140260 | errs p=0 c=172 empty=24
[14:33:19] push=  123020/s pop=  124099/s | tot push=635463150 pop=635381250 | errs p=0 c=172 empty=24
[14:33:29] push=  124742/s pop=  122453/s | tot push=636710570 pop=636605780 | errs p=0 c=172 empty=24
[14:33:39] push=  122974/s pop=  125145/s | tot push=637940310 pop=637857230 | errs p=0 c=172 empty=24
[14:33:49] push=  123150/s pop=  122775/s | tot push=639171810 pop=639084980 | errs p=0 c=172 empty=24
[14:33:59] push=  127694/s pop=  127685/s | tot push=640448750 pop=640361830 | errs p=0 c=172 empty=24
[14:34:09] push=  122559/s pop=  120827/s | tot push=641674340 pop=641570100 | errs p=0 c=172 empty=24
[14:34:19] push=  123925/s pop=  125305/s | tot push=642913590 pop=642823150 | errs p=0 c=172 empty=24
[14:34:29] push=  123081/s pop=  124139/s | tot push=644144400 pop=644064540 | errs p=0 c=172 empty=24
[14:34:39] push=  125560/s pop=  123348/s | tot push=645400000 pop=645298020 | errs p=0 c=172 empty=24
[14:34:49] push=  125638/s pop=  113754/s | tot push=646656380 pop=646435560 | errs p=0 c=172 empty=24
[14:34:59] push=  118350/s pop=  130189/s | tot push=647839880 pop=647737450 | errs p=0 c=172 empty=24
[14:35:09] push=  121896/s pop=  117185/s | tot push=649058840 pop=648909300 | errs p=0 c=172 empty=24
[14:35:19] push=  113462/s pop=  118116/s | tot push=650193460 pop=650090460 | errs p=0 c=172 empty=24
[14:35:29] push=  117416/s pop=  116959/s | tot push=651367620 pop=651260050 | errs p=0 c=172 empty=24
[14:35:39] push=  119902/s pop=  120477/s | tot push=652566640 pop=652464820 | errs p=0 c=172 empty=24
[14:35:49] push=  115646/s pop=  116682/s | tot push=653723100 pop=653631640 | errs p=0 c=172 empty=24
[14:35:59] push=  121622/s pop=  120615/s | tot push=654939320 pop=654837790 | errs p=0 c=172 empty=24
[14:36:09] push=  121428/s pop=  122427/s | tot push=656153600 pop=656062060 | errs p=0 c=172 empty=24
[14:36:19] push=  120214/s pop=  121023/s | tot push=657355740 pop=657272290 | errs p=0 c=172 empty=24
[14:36:29] push=  114884/s pop=  114250/s | tot push=658504580 pop=658414790 | errs p=0 c=172 empty=24
[14:36:39] push=  118049/s pop=  117675/s | tot push=659685070 pop=659591540 | errs p=0 c=172 empty=24
[14:36:49] push=  113164/s pop=  110410/s | tot push=660816710 pop=660695640 | errs p=0 c=172 empty=24
[14:36:59] push=  120161/s pop=  123925/s | tot push=662018320 pop=661934890 | errs p=0 c=172 empty=24
[14:37:09] push=  122191/s pop=  122559/s | tot push=663240230 pop=663160480 | errs p=0 c=172 empty=24
[14:37:19] push=  119136/s pop=  118807/s | tot push=664431590 pop=664348550 | errs p=0 c=172 empty=24
[14:37:29] push=  117525/s pop=  117235/s | tot push=665606840 pop=665520900 | errs p=0 c=172 empty=24
[14:37:39] push=  119103/s pop=  119041/s | tot push=666797870 pop=666711310 | errs p=0 c=172 empty=24
[14:37:49] push=  121519/s pop=  120825/s | tot push=668013060 pop=667919560 | errs p=0 c=172 empty=24
[14:37:59] push=  122752/s pop=  122375/s | tot push=669240580 pop=669143310 | errs p=0 c=172 empty=24
[14:38:09] push=  122491/s pop=  123754/s | tot push=670465490 pop=670380850 | errs p=0 c=172 empty=24
[14:38:19] push=  122355/s pop=  121825/s | tot push=671689040 pop=671599100 | errs p=0 c=172 empty=24
[14:38:29] push=  123886/s pop=  121911/s | tot push=672927900 pop=672818210 | errs p=0 c=172 empty=24
[14:38:39] push=  123421/s pop=  125674/s | tot push=674162110 pop=674074950 | errs p=0 c=172 empty=24
[14:38:49] push=  122045/s pop=  118602/s | tot push=675382560 pop=675260970 | errs p=0 c=172 empty=24
[14:38:59] push=  117745/s pop=  120357/s | tot push=676560010 pop=676464540 | errs p=0 c=172 empty=24
[14:39:09] push=  118797/s pop=  118890/s | tot push=677747980 pop=677653440 | errs p=0 c=172 empty=24
[14:39:19] push=  117631/s pop=  118884/s | tot push=678924290 pop=678842280 | errs p=0 c=172 empty=24
[14:39:29] push=  117431/s pop=  116353/s | tot push=680098600 pop=680005810 | errs p=0 c=172 empty=24
[14:39:39] push=  115686/s pop=  115020/s | tot push=681255460 pop=681156010 | errs p=0 c=172 empty=24
[14:39:49] push=  118402/s pop=  117901/s | tot push=682439480 pop=682335020 | errs p=0 c=172 empty=24
[14:39:59] push=  120073/s pop=  119889/s | tot push=683640210 pop=683533910 | errs p=0 c=172 empty=24
[14:40:09] push=  121047/s pop=  121532/s | tot push=684850680 pop=684749230 | errs p=0 c=172 empty=24
[14:40:19] push=  117667/s pop=  118287/s | tot push=686027350 pop=685932100 | errs p=0 c=172 empty=24
[14:40:29] push=  119939/s pop=  121090/s | tot push=687226740 pop=687143000 | errs p=0 c=172 empty=24
[14:40:39] push=  120074/s pop=  119069/s | tot push=688427480 pop=688333690 | errs p=0 c=172 empty=24
[14:40:49] push=  119248/s pop=  117827/s | tot push=689619960 pop=689511960 | errs p=0 c=172 empty=24
[14:40:59] push=  115624/s pop=  118103/s | tot push=690776200 pop=690692990 | errs p=0 c=172 empty=24
[14:41:09] push=  116981/s pop=  116557/s | tot push=691946010 pop=691858560 | errs p=0 c=172 empty=24
[14:41:19] push=  118417/s pop=  117592/s | tot push=693130180 pop=693034480 | errs p=0 c=172 empty=24
[14:41:29] push=  117089/s pop=  116231/s | tot push=694301070 pop=694196790 | errs p=0 c=172 empty=24
[14:41:39] push=  117406/s pop=  118282/s | tot push=695475130 pop=695379610 | errs p=0 c=172 empty=24
[14:41:49] push=  117462/s pop=  117357/s | tot push=696649750 pop=696553180 | errs p=0 c=172 empty=24
[14:41:59] push=  111171/s pop=  113120/s | tot push=697761460 pop=697684380 | errs p=0 c=172 empty=24
[14:42:09] push=  104721/s pop=  103301/s | tot push=698808670 pop=698717390 | errs p=0 c=172 empty=24
[14:42:19] push=  110663/s pop=  107745/s | tot push=699915300 pop=699794840 | errs p=0 c=172 empty=24
[14:42:29] push=  108870/s pop=  109547/s | tot push=701004000 pop=700890310 | errs p=0 c=172 empty=24
[14:42:39] push=  112642/s pop=  115415/s | tot push=702130420 pop=702044460 | errs p=0 c=172 empty=24
[14:42:49] push=  112320/s pop=  107686/s | tot push=703253620 pop=703121320 | errs p=0 c=172 empty=24
[14:42:59] push=  112325/s pop=  103703/s | tot push=704376870 pop=704158350 | errs p=0 c=172 empty=24
[14:43:09] push=  114544/s pop=  119488/s | tot push=705522310 pop=705353230 | errs p=0 c=172 empty=24
[14:43:19] push=  111378/s pop=  117671/s | tot push=706636090 pop=706529940 | errs p=0 c=172 empty=24
[14:43:29] push=  112942/s pop=  114729/s | tot push=707765510 pop=707677230 | errs p=0 c=172 empty=24
[14:43:39] push=  120620/s pop=  120351/s | tot push=708971710 pop=708880740 | errs p=0 c=172 empty=24
[14:43:49] push=  119425/s pop=  118493/s | tot push=710165960 pop=710065670 | errs p=0 c=172 empty=24
[14:43:59] push=  121461/s pop=  122484/s | tot push=711380570 pop=711290510 | errs p=0 c=172 empty=24
[14:44:09] push=  120988/s pop=  121498/s | tot push=712590450 pop=712505490 | errs p=0 c=172 empty=24
[14:44:19] push=  121666/s pop=  119453/s | tot push=713807110 pop=713700020 | errs p=0 c=172 empty=24
[14:44:29] push=  125576/s pop=  127503/s | tot push=715062870 pop=714975050 | errs p=0 c=172 empty=24
[14:44:39] push=  126588/s pop=  127625/s | tot push=716328750 pop=716251300 | errs p=0 c=172 empty=24
[14:44:49] push=  126094/s pop=  125425/s | tot push=717589690 pop=717505550 | errs p=0 c=172 empty=24
[14:44:59] push=  116490/s pop=  115227/s | tot push=718754590 pop=718657820 | errs p=0 c=172 empty=24
[14:45:09] push=  117691/s pop=  118341/s | tot push=719931500 pop=719841230 | errs p=0 c=172 empty=24
[14:45:19] push=  120647/s pop=  118865/s | tot push=721137970 pop=721029880 | errs p=0 c=172 empty=24
[14:45:29] push=  119673/s pop=  121047/s | tot push=722334700 pop=722240350 | errs p=0 c=172 empty=24
[14:45:39] push=  122896/s pop=  124498/s | tot push=723563660 pop=723485330 | errs p=0 c=172 empty=24
[14:45:49] push=  121011/s pop=  120199/s | tot push=724773770 pop=724687320 | errs p=0 c=172 empty=24
[14:45:59] push=  113958/s pop=  113496/s | tot push=725913350 pop=725822280 | errs p=0 c=172 empty=24
[14:46:09] push=  112633/s pop=  112558/s | tot push=727039680 pop=726947860 | errs p=0 c=172 empty=24
[14:46:19] push=  114372/s pop=  113931/s | tot push=728183400 pop=728087170 | errs p=0 c=172 empty=24
[14:46:29] push=  114829/s pop=  114895/s | tot push=729331690 pop=729236120 | errs p=0 c=172 empty=24
[14:46:39] push=  114200/s pop=  113945/s | tot push=730473690 pop=730375570 | errs p=0 c=172 empty=24
[14:46:49] push=  114153/s pop=  115607/s | tot push=731615220 pop=731531640 | errs p=0 c=172 empty=24
[14:46:59] push=  113154/s pop=  107841/s | tot push=732746760 pop=732610050 | errs p=0 c=172 empty=24
[14:47:09] push=  113154/s pop=  115262/s | tot push=733878300 pop=733762670 | errs p=0 c=172 empty=24
[14:47:19] push=  113415/s pop=  114343/s | tot push=735012450 pop=734906100 | errs p=0 c=172 empty=24
[14:47:29] push=  116361/s pop=  118231/s | tot push=736176060 pop=736088410 | errs p=0 c=172 empty=24
[14:47:39] push=  115810/s pop=  114942/s | tot push=737334160 pop=737237830 | errs p=0 c=172 empty=24
[14:47:49] push=  116855/s pop=  117781/s | tot push=738502710 pop=738415640 | errs p=0 c=172 empty=24
[14:47:59] push=  117275/s pop=  115914/s | tot push=739675460 pop=739574780 | errs p=0 c=172 empty=24
[14:48:09] push=  114263/s pop=  113637/s | tot push=740818090 pop=740711150 | errs p=0 c=172 empty=24
[14:48:19] push=  119267/s pop=  121735/s | tot push=742010760 pop=741928500 | errs p=0 c=172 empty=24
[14:48:29] push=  120805/s pop=  121345/s | tot push=743218810 pop=743141950 | errs p=0 c=172 empty=24
[14:48:39] push=  122424/s pop=  121110/s | tot push=744443050 pop=744353050 | errs p=0 c=172 empty=24
[14:48:49] push=  122201/s pop=  121921/s | tot push=745665060 pop=745572260 | errs p=0 c=172 empty=24
[14:48:59] push=  112171/s pop=  103225/s | tot push=746786770 pop=746604510 | errs p=0 c=172 empty=24
[14:49:09] push=  110354/s pop=  112025/s | tot push=747890310 pop=747724760 | errs p=0 c=172 empty=24
[14:49:19] push=  115429/s pop=  122907/s | tot push=749044600 pop=748953830 | errs p=0 c=172 empty=24
[14:49:29] push=  115943/s pop=  113726/s | tot push=750204030 pop=750091090 | errs p=0 c=172 empty=24
[14:49:39] push=  109169/s pop=  112143/s | tot push=751295720 pop=751212520 | errs p=0 c=172 empty=24
[14:49:49] push=  111255/s pop=  110124/s | tot push=752408270 pop=752313760 | errs p=0 c=172 empty=24
[14:49:59] push=  110455/s pop=  110458/s | tot push=753512820 pop=753418340 | errs p=0 c=172 empty=24
[14:50:09] push=  116027/s pop=  114730/s | tot push=754673090 pop=754565640 | errs p=0 c=172 empty=24
[14:50:19] push=  116296/s pop=  117017/s | tot push=755836050 pop=755735810 | errs p=0 c=172 empty=24
[14:50:29] push=  118887/s pop=  118646/s | tot push=757024920 pop=756922270 | errs p=0 c=172 empty=24
[14:50:39] push=  112333/s pop=  113254/s | tot push=758148250 pop=758054810 | errs p=0 c=172 empty=24
[14:50:49] push=  111419/s pop=  112150/s | tot push=759262440 pop=759176310 | errs p=0 c=172 empty=24
[14:50:59] push=  108668/s pop=  102182/s | tot push=760349120 pop=760198130 | errs p=0 c=172 empty=24
[14:51:09] push=  115877/s pop=  120008/s | tot push=761507890 pop=761398210 | errs p=0 c=172 empty=24
[14:51:19] push=  116864/s pop=  117840/s | tot push=762676530 pop=762576610 | errs p=0 c=172 empty=24
[14:51:29] push=  112730/s pop=  115063/s | tot push=763803830 pop=763727240 | errs p=0 c=172 empty=24
[14:51:39] push=  117777/s pop=  116508/s | tot push=764981600 pop=764892320 | errs p=0 c=172 empty=24
[14:51:49] push=  121685/s pop=  122284/s | tot push=766198450 pop=766115160 | errs p=0 c=172 empty=24
[14:51:59] push=  116789/s pop=  116101/s | tot push=767366340 pop=767276170 | errs p=0 c=172 empty=24
[14:52:09] push=  115394/s pop=  114431/s | tot push=768520280 pop=768420480 | errs p=0 c=172 empty=24
[14:52:19] push=  112717/s pop=  112652/s | tot push=769647450 pop=769547000 | errs p=0 c=172 empty=24
[14:52:29] push=  112437/s pop=  113529/s | tot push=770771820 pop=770682290 | errs p=0 c=172 empty=24
[14:52:39] push=  117139/s pop=  114955/s | tot push=771943210 pop=771831840 | errs p=0 c=172 empty=24
[14:52:49] push=  117541/s pop=  119744/s | tot push=773118620 pop=773029280 | errs p=0 c=172 empty=24
[14:52:59] push=  114716/s pop=  114257/s | tot push=774265780 pop=774171850 | errs p=0 c=172 empty=24
[14:53:09] push=  115067/s pop=  114236/s | tot push=775416450 pop=775314210 | errs p=0 c=172 empty=24
[14:53:19] push=  119228/s pop=  119636/s | tot push=776608730 pop=776510570 | errs p=0 c=172 empty=24
[14:53:29] push=  116225/s pop=  116868/s | tot push=777770980 pop=777679250 | errs p=0 c=172 empty=24
[14:53:39] push=  118000/s pop=  118331/s | tot push=778950980 pop=778862560 | errs p=0 c=172 empty=24
[14:53:49] push=  117937/s pop=  117312/s | tot push=780130350 pop=780035680 | errs p=0 c=172 empty=24
[14:53:59] push=  118801/s pop=  118582/s | tot push=781318360 pop=781221500 | errs p=0 c=172 empty=24
[14:54:09] push=  117240/s pop=  117585/s | tot push=782490760 pop=782397350 | errs p=0 c=172 empty=24
[14:54:19] push=  119650/s pop=  121052/s | tot push=783687260 pop=783607870 | errs p=0 c=172 empty=24
[14:54:29] push=  119948/s pop=  118173/s | tot push=784886740 pop=784789600 | errs p=0 c=172 empty=24
[14:54:39] push=  119295/s pop=  119162/s | tot push=786079690 pop=785981220 | errs p=0 c=172 empty=24
[14:54:49] push=  119963/s pop=  119881/s | tot push=787279320 pop=787180030 | errs p=0 c=172 empty=24
[14:54:59] push=  117492/s pop=  117494/s | tot push=788454240 pop=788354970 | errs p=0 c=172 empty=24
[14:55:09] push=  118441/s pop=  119560/s | tot push=789638650 pop=789550570 | errs p=0 c=172 empty=24
[14:55:19] push=  115453/s pop=  115254/s | tot push=790793180 pop=790703110 | errs p=0 c=172 empty=24
[14:55:29] push=  118539/s pop=  116741/s | tot push=791978570 pop=791870520 | errs p=0 c=172 empty=24
[14:55:39] push=  115142/s pop=  116518/s | tot push=793129990 pop=793035700 | errs p=0 c=172 empty=24
[14:55:49] push=  119144/s pop=  118622/s | tot push=794321430 pop=794221920 | errs p=0 c=172 empty=24
[14:55:59] push=  113608/s pop=  114023/s | tot push=795457510 pop=795362150 | errs p=0 c=172 empty=24
[14:56:09] push=  110726/s pop=  110299/s | tot push=796564770 pop=796465140 | errs p=0 c=172 empty=24
[14:56:19] push=  111623/s pop=  111168/s | tot push=797681000 pop=797576820 | errs p=0 c=172 empty=24
[14:56:29] push=  113116/s pop=  114870/s | tot push=798812160 pop=798725520 | errs p=0 c=172 empty=25
[14:56:39] push=  110280/s pop=  107397/s | tot push=799914960 pop=799799490 | errs p=0 c=172 empty=25
[14:56:49] push=  114312/s pop=  116192/s | tot push=801058080 pop=800961410 | errs p=0 c=172 empty=25
[14:56:59] push=  110538/s pop=  112473/s | tot push=802163460 pop=802086140 | errs p=0 c=172 empty=26
[14:57:09] push=  111369/s pop=  108988/s | tot push=803277150 pop=803176020 | errs p=0 c=172 empty=26
[14:57:19] push=  112330/s pop=  111557/s | tot push=804400450 pop=804291590 | errs p=0 c=172 empty=26
[14:57:29] push=  109758/s pop=  112239/s | tot push=805498030 pop=805413980 | errs p=0 c=172 empty=26
[14:57:39] push=  110198/s pop=  108645/s | tot push=806600010 pop=806500430 | errs p=0 c=172 empty=26
[14:57:49] push=  114589/s pop=  114982/s | tot push=807745900 pop=807650250 | errs p=0 c=172 empty=26
[14:57:59] push=  116956/s pop=  118257/s | tot push=808915460 pop=808832820 | errs p=0 c=172 empty=26
[14:58:09] push=  119209/s pop=  118153/s | tot push=810107550 pop=810014350 | errs p=0 c=172 empty=26
[14:58:19] push=  117651/s pop=  118096/s | tot push=811284060 pop=811195310 | errs p=0 c=172 empty=26
[14:58:29] push=  121025/s pop=  122076/s | tot push=812494310 pop=812416070 | errs p=0 c=172 empty=26
[14:58:39] push=  120970/s pop=  120220/s | tot push=813704010 pop=813618270 | errs p=0 c=172 empty=26
[14:58:49] push=  119919/s pop=  118990/s | tot push=814903200 pop=814808170 | errs p=0 c=172 empty=26
[14:58:59] push=  121947/s pop=  121151/s | tot push=816122670 pop=816019680 | errs p=0 c=172 empty=26
[14:59:09] push=  120350/s pop=  121420/s | tot push=817326170 pop=817233880 | errs p=0 c=172 empty=26
[14:59:19] push=  115249/s pop=  115466/s | tot push=818478660 pop=818388540 | errs p=0 c=172 empty=26
[14:59:29] push=  112521/s pop=  109124/s | tot push=819603870 pop=819479780 | errs p=0 c=172 empty=26
[14:59:39] push=  118298/s pop=  122304/s | tot push=820786850 pop=820702820 | errs p=0 c=172 empty=26
[14:59:49] push=  120549/s pop=  117635/s | tot push=821992340 pop=821879170 | errs p=0 c=172 empty=26
[14:59:59] push=  120656/s pop=  122125/s | tot push=823198900 pop=823100420 | errs p=0 c=172 empty=26
[15:00:09] push=  124449/s pop=  124180/s | tot push=824443390 pop=824342220 | errs p=0 c=172 empty=26
[15:00:19] push=  122690/s pop=  124199/s | tot push=825670290 pop=825584210 | errs p=0 c=172 empty=26
[15:00:29] push=  121440/s pop=  121796/s | tot push=826884690 pop=826802170 | errs p=0 c=172 empty=26
[15:00:39] push=  121839/s pop=  120768/s | tot push=828103080 pop=828009850 | errs p=0 c=172 empty=26
[15:00:49] push=  125558/s pop=  123909/s | tot push=829358660 pop=829248940 | errs p=0 c=172 empty=26
[15:00:59] push=  124430/s pop=  126135/s | tot push=830602960 pop=830510290 | errs p=0 c=172 empty=26
[15:01:09] push=  126088/s pop=  127059/s | tot push=831863840 pop=831780880 | errs p=0 c=172 empty=26
[15:01:19] push=  122460/s pop=  122314/s | tot push=833088440 pop=833004020 | errs p=0 c=172 empty=26
[15:01:29] push=  123268/s pop=  121970/s | tot push=834321120 pop=834223720 | errs p=0 c=172 empty=26
[15:01:39] push=  117238/s pop=  112788/s | tot push=835493500 pop=835351600 | errs p=0 c=172 empty=26
[15:01:49] push=  118577/s pop=  123269/s | tot push=836679270 pop=836584290 | errs p=0 c=172 empty=26
[15:01:59] push=  122513/s pop=  120726/s | tot push=837904400 pop=837791550 | errs p=0 c=172 empty=26
[15:02:09] push=  117228/s pop=  120677/s | tot push=839076680 pop=838998320 | errs p=0 c=172 empty=26
[15:02:19] push=  113069/s pop=  110205/s | tot push=840207370 pop=840100370 | errs p=0 c=172 empty=26
[15:02:29] push=  116168/s pop=  114883/s | tot push=841369050 pop=841249200 | errs p=0 c=172 empty=26
[15:02:39] push=  119911/s pop=  122177/s | tot push=842568160 pop=842470970 | errs p=0 c=172 empty=26
[15:02:49] push=  118688/s pop=  119868/s | tot push=843755040 pop=843669650 | errs p=0 c=172 empty=26
[15:02:59] push=  115271/s pop=  115277/s | tot push=844907750 pop=844822420 | errs p=0 c=172 empty=26
[15:03:09] push=  115696/s pop=  113922/s | tot push=846064710 pop=845961640 | errs p=0 c=172 empty=26
[15:03:19] push=  112525/s pop=  112751/s | tot push=847189960 pop=847089150 | errs p=0 c=172 empty=26
[15:03:29] push=  114209/s pop=  115872/s | tot push=848332050 pop=848247870 | errs p=0 c=172 empty=26
[15:03:39] push=  113867/s pop=  110987/s | tot push=849470720 pop=849357740 | errs p=0 c=172 empty=26
[15:03:49] push=  111676/s pop=   98086/s | tot push=850587480 pop=850338600 | errs p=0 c=172 empty=26
[15:03:59] push=  113623/s pop=  118828/s | tot push=851723710 pop=851526880 | errs p=0 c=172 empty=26
[15:04:09] push=  111460/s pop=  114678/s | tot push=852838310 pop=852673660 | errs p=0 c=172 empty=26
[15:04:19] push=  113314/s pop=  119208/s | tot push=853971450 pop=853865740 | errs p=0 c=172 empty=26
[15:04:29] push=  111388/s pop=  112713/s | tot push=855085330 pop=854992870 | errs p=0 c=172 empty=26
[15:04:39] push=  111165/s pop=  110143/s | tot push=856196980 pop=856094300 | errs p=0 c=172 empty=26
[15:04:49] push=  107799/s pop=  107650/s | tot push=857274970 pop=857170800 | errs p=0 c=172 empty=26
[15:04:59] push=  117238/s pop=  118924/s | tot push=858447350 pop=858360040 | errs p=0 c=172 empty=26
[15:05:09] push=  112595/s pop=  112454/s | tot push=859573300 pop=859484580 | errs p=0 c=172 empty=26
[15:05:19] push=  114537/s pop=  115605/s | tot push=860718670 pop=860640630 | errs p=0 c=172 empty=27
[15:05:29] push=  118601/s pop=  115053/s | tot push=861904680 pop=861791160 | errs p=0 c=172 empty=27
[15:05:39] push=  119332/s pop=  120422/s | tot push=863098000 pop=862995380 | errs p=0 c=172 empty=27
[15:05:49] push=  115385/s pop=  115633/s | tot push=864251850 pop=864151710 | errs p=0 c=172 empty=27
[15:05:59] push=  116662/s pop=  112283/s | tot push=865418470 pop=865274540 | errs p=0 c=172 empty=27
[15:06:09] push=  118900/s pop=  122698/s | tot push=866607470 pop=866501520 | errs p=0 c=172 empty=27
[15:06:19] push=  117337/s pop=  119607/s | tot push=867780840 pop=867697590 | errs p=0 c=172 empty=27
[15:06:29] push=  121188/s pop=  120707/s | tot push=868992720 pop=868904660 | errs p=0 c=172 empty=27
[15:06:39] push=  119144/s pop=  118734/s | tot push=870184160 pop=870092000 | errs p=0 c=172 empty=27
[15:06:49] push=  116032/s pop=  116606/s | tot push=871344480 pop=871258060 | errs p=0 c=172 empty=27
[15:06:59] push=  114119/s pop=  112740/s | tot push=872485670 pop=872385460 | errs p=0 c=172 empty=27
[15:07:09] push=  120049/s pop=  120719/s | tot push=873686160 pop=873592650 | errs p=0 c=172 empty=27
[15:07:19] push=  115521/s pop=  115650/s | tot push=874841370 pop=874749150 | errs p=0 c=172 empty=27
[15:07:29] push=  115052/s pop=  114560/s | tot push=875991890 pop=875894750 | errs p=0 c=172 empty=27
[15:07:39] push=  119802/s pop=  120908/s | tot push=877189910 pop=877103830 | errs p=0 c=172 empty=27
[15:07:49] push=  119328/s pop=  119055/s | tot push=878383190 pop=878294380 | errs p=0 c=172 empty=27
[15:07:59] push=  114786/s pop=  112346/s | tot push=879531050 pop=879417840 | errs p=0 c=172 empty=27
[15:08:09] push=  116504/s pop=  117940/s | tot push=880696090 pop=880597240 | errs p=0 c=172 empty=27
[15:08:19] push=  121111/s pop=  122245/s | tot push=881907200 pop=881819690 | errs p=0 c=172 empty=27
[15:08:29] push=  116575/s pop=  116706/s | tot push=883072950 pop=882986750 | errs p=0 c=172 empty=27
[15:08:39] push=  116434/s pop=  115806/s | tot push=884237290 pop=884144810 | errs p=0 c=172 empty=27
[15:08:49] push=  121790/s pop=  122624/s | tot push=885455190 pop=885371050 | errs p=0 c=172 empty=27
[15:08:59] push=  116680/s pop=  116060/s | tot push=886621990 pop=886531650 | errs p=0 c=172 empty=27
[15:09:09] push=  117560/s pop=  117374/s | tot push=887797590 pop=887705390 | errs p=0 c=172 empty=27
[15:09:19] push=  115309/s pop=  115566/s | tot push=888950680 pop=888861050 | errs p=0 c=172 empty=27
[15:09:29] push=  110784/s pop=  111470/s | tot push=890058520 pop=889975750 | errs p=0 c=172 empty=27
[15:09:39] push=  109918/s pop=  108363/s | tot push=891157700 pop=891059380 | errs p=0 c=172 empty=27
[15:09:49] push=  115200/s pop=  116353/s | tot push=892309700 pop=892222910 | errs p=0 c=172 empty=27
[15:09:59] push=  114072/s pop=  117574/s | tot push=893450420 pop=893398650 | errs p=0 c=172 empty=27
[15:10:09] push=  109403/s pop=   99099/s | tot push=894544450 pop=894389640 | errs p=0 c=172 empty=27
[15:10:19] push=  109268/s pop=  110145/s | tot push=895637130 pop=895491090 | errs p=0 c=172 empty=27
[15:10:29] push=  111818/s pop=  115493/s | tot push=896755310 pop=896646020 | errs p=0 c=172 empty=27
[15:10:39] push=  108094/s pop=  109837/s | tot push=897836250 pop=897744390 | errs p=0 c=172 empty=27
[15:10:49] push=  110408/s pop=  110649/s | tot push=898940330 pop=898850880 | errs p=0 c=172 empty=27
[15:10:59] push=  109809/s pop=  107483/s | tot push=900038420 pop=899925710 | errs p=0 c=172 empty=27
[15:11:09] push=  107116/s pop=  107117/s | tot push=901109580 pop=900996880 | errs p=0 c=172 empty=27
[15:11:19] push=  108859/s pop=  102921/s | tot push=902198170 pop=902026090 | errs p=0 c=172 empty=27
[15:11:29] push=  111145/s pop=  118109/s | tot push=903309620 pop=903207180 | errs p=0 c=172 empty=27
[15:11:39] push=  111936/s pop=  112485/s | tot push=904428980 pop=904332030 | errs p=0 c=172 empty=27
[15:11:49] push=  115429/s pop=  116453/s | tot push=905583270 pop=905496560 | errs p=0 c=172 empty=27
[15:11:59] push=  111342/s pop=  110343/s | tot push=906696690 pop=906599990 | errs p=0 c=172 empty=27
[15:12:09] push=  116627/s pop=  118015/s | tot push=907862960 pop=907780140 | errs p=0 c=172 empty=27
[15:12:19] push=  113489/s pop=  109929/s | tot push=908997850 pop=908879430 | errs p=0 c=172 empty=27
[15:12:29] push=  111062/s pop=  113490/s | tot push=910108470 pop=910014330 | errs p=0 c=172 empty=27
[15:12:39] push=  114044/s pop=  113018/s | tot push=911248910 pop=911144510 | errs p=0 c=172 empty=27
[15:12:49] push=  118275/s pop=  119770/s | tot push=912431660 pop=912342210 | errs p=0 c=172 empty=27
[15:12:59] push=  115065/s pop=  114195/s | tot push=913582310 pop=913484160 | errs p=0 c=172 empty=27
[15:13:09] push=  117737/s pop=  118001/s | tot push=914759680 pop=914664170 | errs p=0 c=172 empty=27
[15:13:19] push=  119046/s pop=  120476/s | tot push=915950140 pop=915868930 | errs p=0 c=172 empty=27
[15:13:29] push=  120002/s pop=  119339/s | tot push=917150160 pop=917062320 | errs p=0 c=172 empty=27
[15:13:39] push=  116505/s pop=  117954/s | tot push=918315210 pop=918241860 | errs p=0 c=172 empty=27
[15:13:49] push=  123012/s pop=  121215/s | tot push=919545330 pop=919454010 | errs p=0 c=172 empty=27
[15:13:59] push=  118325/s pop=  117621/s | tot push=920728580 pop=920630220 | errs p=0 c=172 empty=27
[15:14:09] push=  117892/s pop=  119275/s | tot push=921907500 pop=921822970 | errs p=0 c=172 empty=27
[15:14:19] push=  116155/s pop=  113855/s | tot push=923069050 pop=922961520 | errs p=0 c=172 empty=27
[15:14:29] push=  116547/s pop=  118035/s | tot push=924234520 pop=924141870 | errs p=0 c=172 empty=27
[15:14:39] push=  115730/s pop=  116041/s | tot push=925391820 pop=925302280 | errs p=0 c=172 empty=27
[15:14:49] push=  115127/s pop=  113336/s | tot push=926543090 pop=926435640 | errs p=0 c=172 empty=27
[15:14:59] push=  120006/s pop=  120978/s | tot push=927743150 pop=927645420 | errs p=0 c=172 empty=27
[15:15:09] push=  124011/s pop=  123702/s | tot push=928983260 pop=928882440 | errs p=0 c=172 empty=27
[15:15:19] push=  120338/s pop=  121077/s | tot push=930186640 pop=930093210 | errs p=0 c=172 empty=27
[15:15:29] push=  122963/s pop=  123001/s | tot push=931416270 pop=931323220 | errs p=0 c=172 empty=27
[15:15:39] push=  123379/s pop=  123863/s | tot push=932650060 pop=932561850 | errs p=0 c=172 empty=27
[15:15:49] push=  120395/s pop=  119261/s | tot push=933854010 pop=933754460 | errs p=0 c=172 empty=27
[15:15:59] push=  121538/s pop=  122873/s | tot push=935069390 pop=934983190 | errs p=0 c=172 empty=27
[15:16:09] push=  120062/s pop=  119442/s | tot push=936270010 pop=936177610 | errs p=0 c=172 empty=27
[15:16:19] push=  115833/s pop=  116299/s | tot push=937428340 pop=937340600 | errs p=0 c=172 empty=27
[15:16:29] push=  118154/s pop=  112418/s | tot push=938609880 pop=938464780 | errs p=0 c=172 empty=27
[15:16:39] push=  120230/s pop=  125252/s | tot push=939812180 pop=939717300 | errs p=0 c=172 empty=27
[15:16:49] push=  119520/s pop=  119524/s | tot push=941007380 pop=940912540 | errs p=0 c=172 empty=27
[15:16:59] push=  118373/s pop=  118078/s | tot push=942191110 pop=942093320 | errs p=0 c=172 empty=27
[15:17:09] push=  114564/s pop=  115653/s | tot push=943336750 pop=943249850 | errs p=0 c=172 empty=27
[15:17:19] push=  109096/s pop=  107608/s | tot push=944427710 pop=944325930 | errs p=0 c=172 empty=27
[15:17:29] push=  108897/s pop=  108008/s | tot push=945516680 pop=945406010 | errs p=0 c=172 empty=27
[15:17:39] push=  112934/s pop=  114945/s | tot push=946646020 pop=946555460 | errs p=0 c=172 empty=27
[15:17:49] push=  111169/s pop=  111625/s | tot push=947757710 pop=947671710 | errs p=0 c=172 empty=27
[15:17:59] push=  111753/s pop=  105357/s | tot push=948875240 pop=948725280 | errs p=0 c=172 empty=27
[15:18:09] push=  113043/s pop=  117197/s | tot push=950005670 pop=949897250 | errs p=0 c=172 empty=27
[15:18:19] push=  112113/s pop=  113698/s | tot push=951126800 pop=951034230 | errs p=0 c=172 empty=27
[15:18:29] push=  107207/s pop=  104345/s | tot push=952198870 pop=952077680 | errs p=0 c=172 empty=27
[15:18:39] push=  110585/s pop=  106149/s | tot push=953304720 pop=953139170 | errs p=0 c=172 empty=27
[15:18:49] push=  109877/s pop=  118589/s | tot push=954403490 pop=954325060 | errs p=0 c=172 empty=27
[15:18:59] push=  111177/s pop=  110055/s | tot push=955515260 pop=955425610 | errs p=0 c=172 empty=27
[15:19:09] push=  113293/s pop=  113148/s | tot push=956648190 pop=956557090 | errs p=0 c=172 empty=27
[15:19:19] push=  112450/s pop=  113480/s | tot push=957772690 pop=957691890 | errs p=0 c=172 empty=27
[15:19:29] push=  111902/s pop=  111021/s | tot push=958891710 pop=958802100 | errs p=0 c=172 empty=27
[15:19:39] push=  115502/s pop=  115636/s | tot push=960046730 pop=959958460 | errs p=0 c=172 empty=27
[15:19:49] push=  117264/s pop=  118198/s | tot push=961219370 pop=961140440 | errs p=0 c=172 empty=27
[15:19:59] push=  120897/s pop=  119701/s | tot push=962428340 pop=962337450 | errs p=0 c=172 empty=27
[15:20:09] push=  125665/s pop=  125805/s | tot push=963684990 pop=963595500 | errs p=0 c=172 empty=27
[15:20:19] push=  119519/s pop=  120528/s | tot push=964880180 pop=964800780 | errs p=0 c=172 empty=27
[15:20:29] push=  121591/s pop=  118980/s | tot push=966096090 pop=965990580 | errs p=0 c=172 empty=27
[15:20:39] push=  123841/s pop=  125051/s | tot push=967334500 pop=967241090 | errs p=0 c=172 empty=27
[15:20:49] push=  115061/s pop=  110680/s | tot push=968485110 pop=968347890 | errs p=0 c=172 empty=27
[15:20:59] push=  119019/s pop=  124460/s | tot push=969675300 pop=969592490 | errs p=0 c=172 empty=27
[15:21:09] push=  117358/s pop=  117509/s | tot push=970848880 pop=970767580 | errs p=0 c=172 empty=27
[15:21:19] push=  118699/s pop=  117372/s | tot push=972035870 pop=971941300 | errs p=0 c=172 empty=27
[15:21:29] push=  118972/s pop=  119220/s | tot push=973225590 pop=973133500 | errs p=0 c=172 empty=27
[15:21:39] push=  117437/s pop=  118533/s | tot push=974399960 pop=974318830 | errs p=0 c=172 empty=27
[15:21:49] push=  113755/s pop=  112592/s | tot push=975537510 pop=975444750 | errs p=0 c=172 empty=27
[15:21:59] push=  122241/s pop=  122735/s | tot push=976759920 pop=976672100 | errs p=0 c=172 empty=27
[15:22:09] push=  123328/s pop=  123853/s | tot push=977993200 pop=977910630 | errs p=0 c=172 empty=27
[15:22:19] push=  122031/s pop=  122241/s | tot push=979213510 pop=979133040 | errs p=0 c=172 empty=27
[15:22:29] push=  119280/s pop=  118659/s | tot push=980406310 pop=980319630 | errs p=0 c=172 empty=27
[15:22:39] push=  121703/s pop=  121980/s | tot push=981623340 pop=981539430 | errs p=0 c=172 empty=27
[15:22:49] push=  116782/s pop=  114025/s | tot push=982791160 pop=982679680 | errs p=0 c=172 empty=27
[15:22:59] push=  112070/s pop=  110000/s | tot push=983911860 pop=983779680 | errs p=0 c=172 empty=27
[15:23:09] push=  119017/s pop=  122924/s | tot push=985102030 pop=985008920 | errs p=0 c=172 empty=27
[15:23:19] push=  123564/s pop=  122793/s | tot push=986337670 pop=986236850 | errs p=0 c=172 empty=27
[15:23:29] push=  115328/s pop=  114975/s | tot push=987490950 pop=987386600 | errs p=0 c=172 empty=27
[15:23:39] push=  120930/s pop=  121122/s | tot push=988700250 pop=988597820 | errs p=0 c=172 empty=27
[15:23:49] push=  122350/s pop=  124421/s | tot push=989923750 pop=989842030 | errs p=0 c=172 empty=27
[15:23:59] push=  119576/s pop=  117990/s | tot push=991119510 pop=991021930 | errs p=0 c=172 empty=27
[15:24:09] push=  116530/s pop=  117899/s | tot push=992284810 pop=992200920 | errs p=0 c=172 empty=27
[15:24:19] push=  115001/s pop=  114693/s | tot push=993434820 pop=993347850 | errs p=0 c=172 empty=27
[15:24:29] push=  109512/s pop=  108359/s | tot push=994529940 pop=994431440 | errs p=0 c=172 empty=27
[15:24:39] push=  111258/s pop=  109943/s | tot push=995642520 pop=995530870 | errs p=0 c=172 empty=27
[15:24:49] push=  111389/s pop=  113795/s | tot push=996756410 pop=996668820 | errs p=0 c=172 empty=27
[15:24:59] push=  106611/s pop=  101484/s | tot push=997822520 pop=997683660 | errs p=0 c=172 empty=27
[15:25:09] push=  110761/s pop=  112385/s | tot push=998930130 pop=998807510 | errs p=0 c=172 empty=27
[15:25:19] push=  112305/s pop=  115716/s | tot push=1000053180 pop=999964670 | errs p=0 c=172 empty=27
[15:25:29] push=  112931/s pop=  112135/s | tot push=1001182490 pop=1001086020 | errs p=0 c=172 empty=27
[15:25:39] push=  116854/s pop=  116746/s | tot push=1002351030 pop=1002253480 | errs p=0 c=172 empty=27
[15:25:49] push=  113847/s pop=  114464/s | tot push=1003489500 pop=1003398120 | errs p=0 c=172 empty=27
[15:25:59] push=  115036/s pop=  114073/s | tot push=1004639860 pop=1004538850 | errs p=0 c=172 empty=27
[15:26:09] push=  108496/s pop=  109553/s | tot push=1005724820 pop=1005634380 | errs p=0 c=172 empty=27
[15:26:19] push=  119126/s pop=  118624/s | tot push=1006916080 pop=1006820620 | errs p=0 c=172 empty=27
[15:26:29] push=  116121/s pop=  117778/s | tot push=1008077290 pop=1007998400 | errs p=0 c=172 empty=27
[15:26:39] push=  118921/s pop=  117591/s | tot push=1009266500 pop=1009174310 | errs p=0 c=172 empty=27
[15:26:49] push=  118829/s pop=  119587/s | tot push=1010454790 pop=1010370180 | errs p=0 c=172 empty=27
[15:26:59] push=  120463/s pop=  119586/s | tot push=1011659420 pop=1011566040 | errs p=0 c=172 empty=27
[15:27:09] push=  117196/s pop=  113953/s | tot push=1012831380 pop=1012705570 | errs p=0 c=172 empty=27
[15:27:19] push=  115474/s pop=  118008/s | tot push=1013986120 pop=1013885650 | errs p=0 c=172 empty=27
[15:27:29] push=  115263/s pop=  116005/s | tot push=1015138750 pop=1015045700 | errs p=0 c=172 empty=27
[15:27:39] push=  124011/s pop=  124232/s | tot push=1016378860 pop=1016288020 | errs p=0 c=172 empty=27
[15:27:49] push=  119224/s pop=  120143/s | tot push=1017571100 pop=1017489450 | errs p=0 c=172 empty=27
[15:27:59] push=  123431/s pop=  122976/s | tot push=1018805410 pop=1018719210 | errs p=0 c=172 empty=27
[15:28:09] push=  117839/s pop=  116812/s | tot push=1019983800 pop=1019887330 | errs p=0 c=172 empty=27
[15:28:19] push=  120272/s pop=  121030/s | tot push=1021186520 pop=1021097630 | errs p=0 c=172 empty=27
[15:28:29] push=  118426/s pop=  118846/s | tot push=1022370780 pop=1022286090 | errs p=0 c=172 empty=27
[15:28:39] push=  119953/s pop=  119503/s | tot push=1023570310 pop=1023481120 | errs p=0 c=172 empty=27
[15:28:49] push=  118207/s pop=  117994/s | tot push=1024752380 pop=1024661060 | errs p=0 c=172 empty=27
[15:28:59] push=  124435/s pop=  123521/s | tot push=1025996730 pop=1025896270 | errs p=0 c=172 empty=27
[15:29:09] push=  122718/s pop=  122823/s | tot push=1027223910 pop=1027124500 | errs p=0 c=172 empty=27
[15:29:19] push=  117196/s pop=  112423/s | tot push=1028395870 pop=1028248730 | errs p=0 c=172 empty=27
[15:29:29] push=  118980/s pop=  123344/s | tot push=1029585670 pop=1029482170 | errs p=0 c=172 empty=27
[15:29:39] push=  124270/s pop=  125639/s | tot push=1030828370 pop=1030738560 | errs p=0 c=172 empty=27
[15:29:49] push=  121160/s pop=  121106/s | tot push=1032039970 pop=1031949620 | errs p=0 c=172 empty=27
[15:29:59] push=  122535/s pop=  121048/s | tot push=1033265320 pop=1033160100 | errs p=0 c=172 empty=27
[15:30:09] push=  120299/s pop=  122361/s | tot push=1034468310 pop=1034383710 | errs p=0 c=172 empty=28
[15:30:19] push=  116631/s pop=  115778/s | tot push=1035634620 pop=1035541490 | errs p=0 c=172 empty=28
[15:30:29] push=  116059/s pop=  116494/s | tot push=1036795210 pop=1036706430 | errs p=0 c=172 empty=28
[15:30:39] push=  123714/s pop=  123206/s | tot push=1038032350 pop=1037938490 | errs p=0 c=172 empty=28
[15:30:49] push=  122258/s pop=  122601/s | tot push=1039254930 pop=1039164500 | errs p=0 c=172 empty=28
[15:30:59] push=  119950/s pop=  117720/s | tot push=1040454430 pop=1040341700 | errs p=0 c=172 empty=28
[15:31:09] push=  112454/s pop=  114908/s | tot push=1041578970 pop=1041490780 | errs p=0 c=172 empty=28
[15:31:19] push=  110203/s pop=  104726/s | tot push=1042681000 pop=1042538040 | errs p=0 c=172 empty=28
[15:31:29] push=  110021/s pop=  112107/s | tot push=1043781210 pop=1043659110 | errs p=0 c=172 empty=28
[15:31:39] push=  113075/s pop=  115267/s | tot push=1044911960 pop=1044811780 | errs p=0 c=172 empty=28
[15:31:49] push=  114778/s pop=  114516/s | tot push=1046059740 pop=1045956940 | errs p=0 c=172 empty=28
[15:31:59] push=  114529/s pop=  116199/s | tot push=1047205030 pop=1047118930 | errs p=0 c=172 empty=28
[15:32:09] push=  117753/s pop=  118566/s | tot push=1048382560 pop=1048304590 | errs p=0 c=172 empty=28
[15:32:19] push=  112005/s pop=  110674/s | tot push=1049502610 pop=1049411330 | errs p=0 c=172 empty=28
[15:32:29] push=  118620/s pop=  118668/s | tot push=1050688810 pop=1050598010 | errs p=0 c=172 empty=28
[15:32:39] push=  118056/s pop=  117527/s | tot push=1051869370 pop=1051773280 | errs p=0 c=172 empty=28
[15:32:49] push=  110077/s pop=  110775/s | tot push=1052970140 pop=1052881030 | errs p=0 c=172 empty=28
[15:32:59] push=  114070/s pop=  113062/s | tot push=1054110840 pop=1054011650 | errs p=0 c=172 empty=28
[15:33:09] push=  116333/s pop=  116021/s | tot push=1055274170 pop=1055171860 | errs p=0 c=172 empty=28
[15:33:19] push=  109122/s pop=  110459/s | tot push=1056365390 pop=1056276450 | errs p=0 c=172 empty=28
[15:33:29] push=  108083/s pop=  106367/s | tot push=1057446220 pop=1057340120 | errs p=0 c=172 empty=28
[15:33:39] push=  114312/s pop=  113984/s | tot push=1058589340 pop=1058479960 | errs p=0 c=172 empty=28
[15:33:49] push=  114314/s pop=  115526/s | tot push=1059732480 pop=1059635220 | errs p=0 c=172 empty=28
[15:33:59] push=  104122/s pop=  103295/s | tot push=1060773700 pop=1060668170 | errs p=0 c=172 empty=29
[15:34:09] push=  111633/s pop=  112104/s | tot push=1061890030 pop=1061789210 | errs p=0 c=172 empty=29
[15:34:19] push=  115709/s pop=  117213/s | tot push=1063047120 pop=1062961340 | errs p=0 c=172 empty=29
[15:34:29] push=  119741/s pop=  119795/s | tot push=1064244530 pop=1064159290 | errs p=0 c=172 empty=30
[15:34:39] push=  118123/s pop=  117984/s | tot push=1065425760 pop=1065339130 | errs p=0 c=172 empty=30
[15:34:49] push=  117901/s pop=  117423/s | tot push=1066604770 pop=1066513360 | errs p=0 c=172 empty=30
[15:34:59] push=  122560/s pop=  121607/s | tot push=1067830370 pop=1067729430 | errs p=0 c=172 empty=30
[15:35:09] push=  121628/s pop=  123368/s | tot push=1069046650 pop=1068963110 | errs p=0 c=172 empty=30
[15:35:19] push=  120278/s pop=  120165/s | tot push=1070249430 pop=1070164760 | errs p=0 c=172 empty=30
[15:35:29] push=  118280/s pop=  118705/s | tot push=1071432230 pop=1071351810 | errs p=0 c=172 empty=30
[15:35:39] push=  116840/s pop=  104434/s | tot push=1072600630 pop=1072396150 | errs p=0 c=172 empty=30
[15:35:49] push=  117608/s pop=  123313/s | tot push=1073776710 pop=1073629280 | errs p=0 c=172 empty=30
[15:35:59] push=  116726/s pop=  122913/s | tot push=1074943970 pop=1074858410 | errs p=0 c=172 empty=30
[15:36:09] push=  118186/s pop=  118111/s | tot push=1076125830 pop=1076039520 | errs p=0 c=172 empty=30
[15:36:19] push=  121418/s pop=  120013/s | tot push=1077340010 pop=1077239650 | errs p=0 c=172 empty=30
[15:36:29] push=  121913/s pop=  123457/s | tot push=1078559140 pop=1078474220 | errs p=0 c=172 empty=30
[15:36:39] push=  121205/s pop=  119899/s | tot push=1079771190 pop=1079673210 | errs p=0 c=172 empty=30
[15:36:49] push=  117112/s pop=  118373/s | tot push=1080942310 pop=1080856940 | errs p=0 c=172 empty=30
[15:36:59] push=  115914/s pop=  111121/s | tot push=1082101450 pop=1081968150 | errs p=0 c=172 empty=30
[15:37:09] push=  112583/s pop=  116456/s | tot push=1083227280 pop=1083132710 | errs p=0 c=172 empty=30
[15:37:19] push=  121563/s pop=  121861/s | tot push=1084442910 pop=1084351320 | errs p=0 c=172 empty=30
[15:37:29] push=  112427/s pop=  112996/s | tot push=1085567180 pop=1085481280 | errs p=0 c=172 empty=30
[15:37:39] push=  113948/s pop=  112684/s | tot push=1086706660 pop=1086608120 | errs p=0 c=172 empty=30
[15:37:49] push=  113734/s pop=  110378/s | tot push=1087844000 pop=1087711900 | errs p=0 c=172 empty=30
[15:37:59] push=  111659/s pop=  114781/s | tot push=1088960590 pop=1088859710 | errs p=0 c=172 empty=30
[15:38:09] push=  118530/s pop=  118463/s | tot push=1090145890 pop=1090044340 | errs p=0 c=172 empty=30
[15:38:19] push=  106866/s pop=  108233/s | tot push=1091214550 pop=1091126670 | errs p=0 c=172 empty=30
[15:38:29] push=  111558/s pop=  110782/s | tot push=1092330130 pop=1092234490 | errs p=0 c=172 empty=30
[15:38:39] push=  113154/s pop=  111784/s | tot push=1093461670 pop=1093352330 | errs p=0 c=172 empty=30
[15:38:49] push=  110324/s pop=  110806/s | tot push=1094564910 pop=1094460390 | errs p=0 c=172 empty=30
[15:38:59] push=  119589/s pop=  121441/s | tot push=1095760800 pop=1095674800 | errs p=0 c=172 empty=30
[15:39:09] push=  117072/s pop=  116551/s | tot push=1096931520 pop=1096840310 | errs p=0 c=172 empty=30
[15:39:19] push=  120532/s pop=  120093/s | tot push=1098136840 pop=1098041240 | errs p=0 c=172 empty=30
[15:39:29] push=  114927/s pop=  115460/s | tot push=1099286110 pop=1099195840 | errs p=0 c=172 empty=30
[15:39:39] push=  113104/s pop=  112440/s | tot push=1100417150 pop=1100320240 | errs p=0 c=172 empty=30
[15:39:49] push=  111739/s pop=  104923/s | tot push=1101534540 pop=1101369470 | errs p=0 c=172 empty=30
[15:39:59] push=  115835/s pop=  118288/s | tot push=1102692890 pop=1102552350 | errs p=0 c=172 empty=30
[15:40:09] push=  113842/s pop=  119630/s | tot push=1103831310 pop=1103748650 | errs p=0 c=172 empty=30
[15:40:19] push=  117368/s pop=  115133/s | tot push=1105004990 pop=1104899980 | errs p=0 c=172 empty=30
[15:40:29] push=  113561/s pop=  115440/s | tot push=1106140600 pop=1106054380 | errs p=0 c=172 empty=31
[15:40:39] push=  117295/s pop=  115197/s | tot push=1107313550 pop=1107206350 | errs p=0 c=172 empty=31
[15:40:49] push=  116931/s pop=  118412/s | tot push=1108482860 pop=1108390470 | errs p=0 c=172 empty=31
[15:40:59] push=  117286/s pop=  117730/s | tot push=1109655720 pop=1109567770 | errs p=0 c=172 empty=31
[15:41:09] push=  116298/s pop=  115666/s | tot push=1110818700 pop=1110724430 | errs p=0 c=172 empty=31
[15:41:19] push=  115715/s pop=  116328/s | tot push=1111975850 pop=1111887710 | errs p=0 c=172 empty=31
[15:41:29] push=  114483/s pop=  114131/s | tot push=1113120680 pop=1113029020 | errs p=0 c=172 empty=31
[15:41:39] push=  120253/s pop=  120626/s | tot push=1114323210 pop=1114235280 | errs p=0 c=172 empty=31
[15:41:49] push=  122493/s pop=  122197/s | tot push=1115548140 pop=1115457250 | errs p=0 c=172 empty=31
[15:41:59] push=  119357/s pop=  115777/s | tot push=1116741710 pop=1116615020 | errs p=0 c=172 empty=31
[15:42:09] push=  117305/s pop=  120939/s | tot push=1117914760 pop=1117824410 | errs p=0 c=172 empty=31
[15:42:19] push=  119936/s pop=  118843/s | tot push=1119114120 pop=1119012840 | errs p=0 c=172 empty=31
[15:42:29] push=  122136/s pop=  123573/s | tot push=1120335480 pop=1120248570 | errs p=0 c=172 empty=31
[15:42:39] push=  118224/s pop=  117782/s | tot push=1121517720 pop=1121426390 | errs p=0 c=172 empty=31
[15:42:49] push=  117791/s pop=  117691/s | tot push=1122695630 pop=1122603300 | errs p=0 c=172 empty=31
[15:42:59] push=  116262/s pop=  115551/s | tot push=1123858250 pop=1123758810 | errs p=0 c=172 empty=31
[15:43:09] push=  113978/s pop=  113171/s | tot push=1124998030 pop=1124890520 | errs p=0 c=172 empty=31
[15:43:19] push=  118500/s pop=  121037/s | tot push=1126183030 pop=1126100890 | errs p=0 c=172 empty=31
[15:43:29] push=  119115/s pop=  117490/s | tot push=1127374180 pop=1127275790 | errs p=0 c=172 empty=31
[15:43:39] push=  115410/s pop=  117011/s | tot push=1128528280 pop=1128445900 | errs p=0 c=172 empty=31
[15:43:49] push=  116918/s pop=  117041/s | tot push=1129697460 pop=1129616310 | errs p=0 c=172 empty=31
[15:43:59] push=  117305/s pop=  106874/s | tot push=1130870510 pop=1130685050 | errs p=0 c=172 empty=31
[15:44:09] push=  116732/s pop=  111503/s | tot push=1132037830 pop=1131800080 | errs p=0 c=172 empty=31
[15:44:19] push=  114812/s pop=  123424/s | tot push=1133185950 pop=1133034320 | errs p=0 c=172 empty=31
[15:44:29] push=  115383/s pop=  121078/s | tot push=1134339780 pop=1134245100 | errs p=0 c=172 empty=31
[15:44:39] push=  114659/s pop=  115956/s | tot push=1135486370 pop=1135404660 | errs p=0 c=172 empty=31
[15:44:49] push=  119353/s pop=  117610/s | tot push=1136679900 pop=1136580760 | errs p=0 c=172 empty=31
[15:44:59] push=  121449/s pop=  122274/s | tot push=1137894390 pop=1137803500 | errs p=0 c=172 empty=31
[15:45:09] push=  120096/s pop=  121009/s | tot push=1139095350 pop=1139013590 | errs p=0 c=172 empty=31
[15:45:19] push=  118834/s pop=  117381/s | tot push=1140283690 pop=1140187400 | errs p=0 c=172 empty=31
[15:45:29] push=  111789/s pop=  112054/s | tot push=1141401580 pop=1141307940 | errs p=0 c=172 empty=31
[15:45:39] push=  115974/s pop=  114601/s | tot push=1142561320 pop=1142453950 | errs p=0 c=172 empty=31
[15:45:49] push=  114597/s pop=  115098/s | tot push=1143707290 pop=1143604930 | errs p=0 c=172 empty=31
[15:45:59] push=  117224/s pop=  109635/s | tot push=1144879530 pop=1144701280 | errs p=0 c=172 empty=31
[15:46:09] push=  113226/s pop=  101061/s | tot push=1146011790 pop=1145711890 | errs p=0 c=172 empty=31
[15:46:19] push=  117373/s pop=  135486/s | tot push=1147185520 pop=1147066750 | errs p=0 c=172 empty=31
[15:46:29] push=  115593/s pop=  119118/s | tot push=1148341450 pop=1148257930 | errs p=0 c=172 empty=31
[15:46:39] push=  117378/s pop=  114585/s | tot push=1149515230 pop=1149403780 | errs p=0 c=172 empty=31
[15:46:49] push=  112278/s pop=  115173/s | tot push=1150638010 pop=1150555510 | errs p=0 c=172 empty=31
[15:46:59] push=  116933/s pop=  114801/s | tot push=1151807340 pop=1151703520 | errs p=0 c=172 empty=31
[15:47:09] push=  113118/s pop=  114979/s | tot push=1152938520 pop=1152853310 | errs p=0 c=172 empty=31
[15:47:19] push=  116779/s pop=  116903/s | tot push=1154106310 pop=1154022340 | errs p=0 c=172 empty=31
[15:47:29] push=  117211/s pop=  117096/s | tot push=1155278420 pop=1155193300 | errs p=0 c=172 empty=31
[15:47:39] push=  119026/s pop=  115913/s | tot push=1156468680 pop=1156352430 | errs p=0 c=172 empty=31
[15:47:49] push=  118246/s pop=  121354/s | tot push=1157651140 pop=1157565970 | errs p=0 c=172 empty=31
[15:47:59] push=  116305/s pop=  108288/s | tot push=1158814190 pop=1158648850 | errs p=0 c=172 empty=31
[15:48:09] push=  113783/s pop=  118538/s | tot push=1159952020 pop=1159834230 | errs p=0 c=172 empty=31
[15:48:19] push=  117828/s pop=  121708/s | tot push=1161130300 pop=1161051310 | errs p=0 c=172 empty=31
[15:48:29] push=  117461/s pop=  114914/s | tot push=1162304910 pop=1162200450 | errs p=0 c=172 empty=31
[15:48:39] push=  118746/s pop=  119413/s | tot push=1163492370 pop=1163394580 | errs p=0 c=172 empty=31
[15:48:49] push=  121261/s pop=  120375/s | tot push=1164704980 pop=1164598330 | errs p=0 c=172 empty=31
[15:48:59] push=  122197/s pop=  124969/s | tot push=1165926950 pop=1165848020 | errs p=0 c=172 empty=31
[15:49:09] push=  117793/s pop=  115985/s | tot push=1167104880 pop=1167007870 | errs p=0 c=172 empty=31
[15:49:19] push=  120511/s pop=  122197/s | tot push=1168309990 pop=1168229840 | errs p=0 c=172 empty=31
[15:49:29] push=  120113/s pop=  118963/s | tot push=1169511120 pop=1169419470 | errs p=0 c=172 empty=31
[15:49:39] push=  122213/s pop=  122499/s | tot push=1170733250 pop=1170644460 | errs p=0 c=172 empty=31
[15:49:49] push=  123308/s pop=  123111/s | tot push=1171966330 pop=1171875570 | errs p=0 c=172 empty=31
[15:49:59] push=  121823/s pop=  117207/s | tot push=1173184560 pop=1173047640 | errs p=0 c=172 empty=31
[15:50:09] push=  115988/s pop=  114106/s | tot push=1174344440 pop=1174188700 | errs p=0 c=172 empty=31
[15:50:19] push=  120543/s pop=  126276/s | tot push=1175549870 pop=1175451460 | errs p=0 c=172 empty=31
[15:50:29] push=  119870/s pop=  120725/s | tot push=1176748570 pop=1176658710 | errs p=0 c=172 empty=31
[15:50:39] push=  123031/s pop=  123097/s | tot push=1177978880 pop=1177889680 | errs p=0 c=172 empty=31
[15:50:49] push=  121900/s pop=  122106/s | tot push=1179197880 pop=1179110740 | errs p=0 c=172 empty=31
[15:50:59] push=  120395/s pop=  119066/s | tot push=1180401830 pop=1180301400 | errs p=0 c=172 empty=31
[15:51:09] push=  119376/s pop=  121007/s | tot push=1181595590 pop=1181511470 | errs p=0 c=172 empty=31
[15:51:19] push=  120079/s pop=  117072/s | tot push=1182796380 pop=1182682190 | errs p=0 c=172 empty=31
[15:51:29] push=  119199/s pop=  120187/s | tot push=1183988370 pop=1183884060 | errs p=0 c=172 empty=31
[15:51:39] push=  123418/s pop=  125973/s | tot push=1185222550 pop=1185143790 | errs p=0 c=172 empty=31
[15:51:49] push=  120095/s pop=  117946/s | tot push=1186423500 pop=1186323250 | errs p=0 c=172 empty=31
[15:51:59] push=  117678/s pop=  113942/s | tot push=1187600280 pop=1187462670 | errs p=0 c=172 empty=32
[15:52:09] push=  104226/s pop=   93678/s | tot push=1188642540 pop=1188399450 | errs p=0 c=172 empty=32
[15:52:19] push=  113920/s pop=  121384/s | tot push=1189781740 pop=1189613290 | errs p=0 c=172 empty=32
[15:52:29] push=  112661/s pop=  120504/s | tot push=1190908350 pop=1190818330 | errs p=0 c=172 empty=32
[15:52:39] push=  117484/s pop=  117866/s | tot push=1192083190 pop=1191996990 | errs p=0 c=172 empty=32
[15:52:49] push=  112438/s pop=  110731/s | tot push=1193207570 pop=1193104300 | errs p=0 c=172 empty=32
[15:52:59] push=  119350/s pop=  118999/s | tot push=1194401070 pop=1194294290 | errs p=0 c=172 empty=32
[15:53:09] push=  116900/s pop=  119728/s | tot push=1195570070 pop=1195491570 | errs p=0 c=172 empty=32
[15:53:19] push=  118105/s pop=  117279/s | tot push=1196751120 pop=1196664360 | errs p=0 c=172 empty=32
[15:53:29] push=  115115/s pop=  113833/s | tot push=1197902270 pop=1197802690 | errs p=0 c=172 empty=32
[15:53:39] push=  121248/s pop=  121865/s | tot push=1199114750 pop=1199021340 | errs p=0 c=172 empty=32
[15:53:49] push=  116678/s pop=  117520/s | tot push=1200281530 pop=1200196540 | errs p=0 c=172 empty=32
[15:53:59] push=  115371/s pop=  112953/s | tot push=1201435240 pop=1201326070 | errs p=0 c=172 empty=32
[15:54:09] push=  115538/s pop=  113503/s | tot push=1202590620 pop=1202461100 | errs p=0 c=172 empty=32
[15:54:19] push=  121278/s pop=  122605/s | tot push=1203803400 pop=1203687150 | errs p=0 c=172 empty=32
[15:54:29] push=  115366/s pop=  117881/s | tot push=1204957060 pop=1204865960 | errs p=0 c=172 empty=32
[15:54:39] push=  117661/s pop=  116118/s | tot push=1206133670 pop=1206027140 | errs p=0 c=172 empty=32
[15:54:49] push=  117914/s pop=  119515/s | tot push=1207312810 pop=1207222290 | errs p=0 c=172 empty=32
[15:54:59] push=  117033/s pop=  117676/s | tot push=1208483140 pop=1208399050 | errs p=0 c=172 empty=32
[15:55:09] push=  121567/s pop=  120100/s | tot push=1209698810 pop=1209600050 | errs p=0 c=172 empty=32
[15:55:19] push=  124618/s pop=  125996/s | tot push=1210944990 pop=1210860010 | errs p=0 c=172 empty=32
[15:55:29] push=  120038/s pop=  119906/s | tot push=1212145370 pop=1212059070 | errs p=0 c=172 empty=32
[15:55:39] push=  117879/s pop=  117323/s | tot push=1213324160 pop=1213232300 | errs p=0 c=172 empty=32
[15:55:49] push=  120775/s pop=  120244/s | tot push=1214531910 pop=1214434740 | errs p=0 c=172 empty=32
[15:55:59] push=  120650/s pop=  121699/s | tot push=1215738410 pop=1215651730 | errs p=0 c=172 empty=32
[15:56:09] push=  117750/s pop=  117494/s | tot push=1216915910 pop=1216826670 | errs p=0 c=172 empty=32
[15:56:19] push=  120395/s pop=  112454/s | tot push=1218119860 pop=1217951210 | errs p=0 c=172 empty=32
[15:56:29] push=  118092/s pop=  107848/s | tot push=1219300780 pop=1219029690 | errs p=0 c=172 empty=32
[15:56:39] push=  117790/s pop=  132751/s | tot push=1220478680 pop=1220357200 | errs p=0 c=172 empty=32
[15:56:49] push=  121239/s pop=  123635/s | tot push=1221691070 pop=1221593550 | errs p=0 c=172 empty=32
[15:56:59] push=  123462/s pop=  125325/s | tot push=1222925690 pop=1222846800 | errs p=0 c=172 empty=32
[15:57:09] push=  115413/s pop=  112497/s | tot push=1224079820 pop=1223971770 | errs p=0 c=172 empty=32
[15:57:19] push=  119853/s pop=  121289/s | tot push=1225278350 pop=1225184660 | errs p=0 c=172 empty=32
[15:57:29] push=  121991/s pop=  123341/s | tot push=1226498260 pop=1226418070 | errs p=0 c=172 empty=32
[15:57:39] push=  120544/s pop=  118045/s | tot push=1227703700 pop=1227598520 | errs p=0 c=172 empty=32
[15:57:49] push=  121652/s pop=  122725/s | tot push=1228920220 pop=1228825770 | errs p=0 c=172 empty=32
[15:57:59] push=  124323/s pop=  124100/s | tot push=1230163450 pop=1230066770 | errs p=0 c=172 empty=32
[15:58:09] push=  120347/s pop=  121543/s | tot push=1231366920 pop=1231282200 | errs p=0 c=172 empty=32
[15:58:19] push=  119560/s pop=  117485/s | tot push=1232562520 pop=1232457050 | errs p=0 c=172 empty=32
[15:58:29] push=  121756/s pop=  123723/s | tot push=1233780080 pop=1233694280 | errs p=0 c=172 empty=32
[15:58:39] push=  123170/s pop=  120649/s | tot push=1235011780 pop=1234900770 | errs p=0 c=172 empty=32
[15:58:49] push=  120197/s pop=  121251/s | tot push=1236213750 pop=1236113280 | errs p=0 c=172 empty=32
[15:58:59] push=  118375/s pop=  119839/s | tot push=1237397500 pop=1237311670 | errs p=0 c=172 empty=32
[15:59:09] push=  109641/s pop=  106252/s | tot push=1238493910 pop=1238374190 | errs p=0 c=172 empty=32
[15:59:19] push=  110134/s pop=  111779/s | tot push=1239595250 pop=1239491980 | errs p=0 c=172 empty=32
[15:59:29] push=  115811/s pop=  115995/s | tot push=1240753360 pop=1240651930 | errs p=0 c=172 empty=32
[15:59:39] push=  110238/s pop=  111590/s | tot push=1241855740 pop=1241767830 | errs p=0 c=172 empty=32
[15:59:49] push=  113298/s pop=  111607/s | tot push=1242988720 pop=1242883900 | errs p=0 c=172 empty=32
[15:59:59] push=  115515/s pop=  116725/s | tot push=1244143870 pop=1244051150 | errs p=0 c=172 empty=32
[16:00:09] push=  116150/s pop=  116902/s | tot push=1245305370 pop=1245220170 | errs p=0 c=172 empty=32
[16:00:19] push=  117902/s pop=  115555/s | tot push=1246484390 pop=1246375720 | errs p=0 c=172 empty=32
[16:00:29] push=  118743/s pop=  120359/s | tot push=1247671820 pop=1247579310 | errs p=0 c=172 empty=32
[16:00:39] push=  113562/s pop=  101774/s | tot push=1248807440 pop=1248597050 | errs p=0 c=172 empty=32
[16:00:49] push=  115406/s pop=  122650/s | tot push=1249961500 pop=1249823550 | errs p=0 c=172 empty=32
[16:00:59] push=  117183/s pop=  120575/s | tot push=1251133330 pop=1251029300 | errs p=0 c=172 empty=32
[16:01:09] push=  114574/s pop=  116316/s | tot push=1252279070 pop=1252192460 | errs p=0 c=172 empty=32
[16:01:19] push=  114506/s pop=  114672/s | tot push=1253424130 pop=1253339180 | errs p=0 c=172 empty=32
[16:01:29] push=  112083/s pop=  110090/s | tot push=1254544960 pop=1254440080 | errs p=0 c=172 empty=32
[16:01:39] push=  115475/s pop=  117050/s | tot push=1255699710 pop=1255610580 | errs p=0 c=172 empty=32
[16:01:49] push=  120048/s pop=  120995/s | tot push=1256900190 pop=1256820530 | errs p=0 c=172 empty=32
[16:01:59] push=  117597/s pop=  117631/s | tot push=1258076160 pop=1257996840 | errs p=0 c=172 empty=32
[16:02:09] push=  116098/s pop=  114091/s | tot push=1259237140 pop=1259137750 | errs p=0 c=172 empty=32
[16:02:19] push=  120780/s pop=  122237/s | tot push=1260444940 pop=1260360120 | errs p=0 c=172 empty=32
[16:02:29] push=  114749/s pop=  111651/s | tot push=1261592430 pop=1261476630 | errs p=0 c=172 empty=32
[16:02:39] push=  110074/s pop=  110241/s | tot push=1262693170 pop=1262579040 | errs p=0 c=172 empty=32
[16:02:49] push=  115051/s pop=  115812/s | tot push=1263843680 pop=1263737160 | errs p=0 c=172 empty=32
[16:02:59] push=  112188/s pop=  113811/s | tot push=1264965560 pop=1264875270 | errs p=0 c=172 empty=32
[16:03:09] push=  114576/s pop=  113201/s | tot push=1266111320 pop=1266007280 | errs p=0 c=172 empty=32
[16:03:19] push=  119006/s pop=  119706/s | tot push=1267301380 pop=1267204340 | errs p=0 c=172 empty=32
[16:03:29] push=  116129/s pop=  117572/s | tot push=1268462670 pop=1268380060 | errs p=0 c=172 empty=32
[16:03:39] push=  113495/s pop=  112230/s | tot push=1269597620 pop=1269502360 | errs p=0 c=172 empty=32
[16:03:49] push=  119753/s pop=  119993/s | tot push=1270795150 pop=1270702290 | errs p=0 c=172 empty=32
[16:03:59] push=  121358/s pop=  122271/s | tot push=1272008730 pop=1271925000 | errs p=0 c=172 empty=32
[16:04:09] push=  116533/s pop=  113571/s | tot push=1273174060 pop=1273060710 | errs p=0 c=172 empty=32
[16:04:19] push=  118064/s pop=  119557/s | tot push=1274354700 pop=1274256280 | errs p=0 c=172 empty=32
[16:04:29] push=  120359/s pop=  121000/s | tot push=1275558290 pop=1275466280 | errs p=0 c=172 empty=32
[16:04:39] push=  122166/s pop=  121435/s | tot push=1276779950 pop=1276680630 | errs p=0 c=172 empty=32
[16:04:49] push=  121803/s pop=  118815/s | tot push=1277997980 pop=1277868780 | errs p=0 c=172 empty=32
[16:04:59] push=  123443/s pop=  127250/s | tot push=1279232410 pop=1279141280 | errs p=0 c=172 empty=32
[16:05:09] push=  122423/s pop=  121213/s | tot push=1280456640 pop=1280353410 | errs p=0 c=172 empty=32
[16:05:19] push=  118489/s pop=  119173/s | tot push=1281641530 pop=1281545140 | errs p=0 c=172 empty=32
[16:05:29] push=  122069/s pop=  121068/s | tot push=1282862220 pop=1282755820 | errs p=0 c=172 empty=32
[16:05:39] push=  118389/s pop=  121087/s | tot push=1284046110 pop=1283966690 | errs p=0 c=172 empty=32
[16:05:49] push=  122498/s pop=  119676/s | tot push=1285271090 pop=1285163450 | errs p=0 c=172 empty=32
[16:05:59] push=  114129/s pop=  115172/s | tot push=1286412380 pop=1286315170 | errs p=0 c=172 empty=32
[16:06:09] push=  117824/s pop=  119265/s | tot push=1287590620 pop=1287507820 | errs p=0 c=172 empty=32
[16:06:19] push=  115210/s pop=  115169/s | tot push=1288742720 pop=1288659510 | errs p=0 c=172 empty=32
[16:06:29] push=  117140/s pop=  116941/s | tot push=1289914120 pop=1289828920 | errs p=0 c=172 empty=32
[16:06:39] push=  109247/s pop=  105871/s | tot push=1291006590 pop=1290887630 | errs p=0 c=172 empty=32
[16:06:49] push=  109606/s pop=  108303/s | tot push=1292102650 pop=1291970660 | errs p=0 c=172 empty=32
[16:06:59] push=  108558/s pop=  102231/s | tot push=1293188230 pop=1292992970 | errs p=0 c=172 empty=32
[16:07:09] push=  112758/s pop=  116529/s | tot push=1294315810 pop=1294158260 | errs p=0 c=172 empty=32
[16:07:19] push=  107241/s pop=  101438/s | tot push=1295388220 pop=1295172640 | errs p=0 c=172 empty=32
[16:07:29] push=  114466/s pop=  120613/s | tot push=1296532880 pop=1296378770 | errs p=0 c=172 empty=32
[16:07:39] push=  119418/s pop=  122530/s | tot push=1297727060 pop=1297604070 | errs p=0 c=172 empty=32
[16:07:49] push=  112732/s pop=  116279/s | tot push=1298854380 pop=1298766860 | errs p=0 c=172 empty=32
[16:07:59] push=  116729/s pop=  116142/s | tot push=1300021670 pop=1299928280 | errs p=0 c=172 empty=32
[16:08:09] push=  122581/s pop=  121731/s | tot push=1301247480 pop=1301145590 | errs p=0 c=172 empty=32
[16:08:19] push=  118949/s pop=  120288/s | tot push=1302436970 pop=1302348470 | errs p=0 c=172 empty=32
[16:08:29] push=  118164/s pop=  117522/s | tot push=1303618610 pop=1303523690 | errs p=0 c=172 empty=32
[16:08:39] push=  118922/s pop=  117536/s | tot push=1304807830 pop=1304699050 | errs p=0 c=172 empty=32
[16:08:49] push=  121993/s pop=  122520/s | tot push=1306027760 pop=1305924250 | errs p=0 c=172 empty=32
[16:08:59] push=  120157/s pop=  119315/s | tot push=1307229330 pop=1307117400 | errs p=0 c=172 empty=32
[16:09:09] push=  116497/s pop=  110567/s | tot push=1308394300 pop=1308223070 | errs p=0 c=172 empty=32
[16:09:19] push=  120339/s pop=  127703/s | tot push=1309597690 pop=1309500100 | errs p=0 c=172 empty=32
[16:09:29] push=  120153/s pop=  119724/s | tot push=1310799220 pop=1310697340 | errs p=0 c=172 empty=32
[16:09:39] push=  119235/s pop=  120608/s | tot push=1311991570 pop=1311903420 | errs p=0 c=172 empty=32
[16:09:49] push=  123264/s pop=  122772/s | tot push=1313224210 pop=1313131140 | errs p=0 c=172 empty=32
[16:09:59] push=  121161/s pop=  121102/s | tot push=1314435820 pop=1314342160 | errs p=0 c=172 empty=32
[16:10:09] push=  119867/s pop=  121088/s | tot push=1315634490 pop=1315553040 | errs p=0 c=172 empty=32
[16:10:19] push=  123703/s pop=  122662/s | tot push=1316871520 pop=1316779660 | errs p=0 c=172 empty=32
[16:10:29] push=  128778/s pop=  128804/s | tot push=1318159300 pop=1318067700 | errs p=0 c=172 empty=32
[16:10:39] push=  116261/s pop=  117390/s | tot push=1319321910 pop=1319241600 | errs p=0 c=172 empty=32
[16:10:49] push=  117894/s pop=  115289/s | tot push=1320500850 pop=1320394490 | errs p=0 c=172 empty=32
[16:10:59] push=  120570/s pop=  123392/s | tot push=1321706550 pop=1321628410 | errs p=0 c=172 empty=32
[16:11:09] push=  118487/s pop=  114385/s | tot push=1322891420 pop=1322772260 | errs p=0 c=172 empty=32
[16:11:19] push=  113555/s pop=   97873/s | tot push=1324026970 pop=1323750990 | errs p=0 c=172 empty=32
[16:11:29] push=  117139/s pop=  128944/s | tot push=1325198360 pop=1325040430 | errs p=0 c=172 empty=32
[16:11:39] push=  116136/s pop=  118722/s | tot push=1326359720 pop=1326227650 | errs p=0 c=172 empty=32
[16:11:49] push=  116982/s pop=  120967/s | tot push=1327529540 pop=1327437320 | errs p=0 c=172 empty=32
[16:11:59] push=  114603/s pop=  113910/s | tot push=1328675570 pop=1328576420 | errs p=0 c=172 empty=32
[16:12:09] push=  111241/s pop=  111500/s | tot push=1329787980 pop=1329691420 | errs p=0 c=172 empty=32
[16:12:19] push=  117618/s pop=  118414/s | tot push=1330964160 pop=1330875560 | errs p=0 c=172 empty=32
[16:12:29] push=  119311/s pop=  119359/s | tot push=1332157270 pop=1332069150 | errs p=0 c=172 empty=32
[16:12:39] push=  114433/s pop=  111165/s | tot push=1333301600 pop=1333180800 | errs p=0 c=172 empty=32
[16:12:49] push=  117337/s pop=  119681/s | tot push=1334474970 pop=1334377610 | errs p=0 c=172 empty=32
[16:12:59] push=  104816/s pop=  105075/s | tot push=1335523130 pop=1335428360 | errs p=0 c=172 empty=32
[16:13:09] push=  107164/s pop=  104898/s | tot push=1336594770 pop=1336477340 | errs p=0 c=172 empty=32
[16:13:19] push=  109939/s pop=  111078/s | tot push=1337694160 pop=1337588120 | errs p=0 c=172 empty=32
[16:13:29] push=  106120/s pop=   98940/s | tot push=1338755360 pop=1338577520 | errs p=0 c=172 empty=32
[16:13:39] push=  109372/s pop=  112337/s | tot push=1339849080 pop=1339700890 | errs p=0 c=172 empty=32
[16:13:49] push=  107094/s pop=  114867/s | tot push=1340920020 pop=1340849560 | errs p=0 c=172 empty=32
[16:13:59] push=  106546/s pop=  104841/s | tot push=1341985480 pop=1341897970 | errs p=0 c=172 empty=32
[16:14:09] push=  111178/s pop=  110829/s | tot push=1343097260 pop=1343006260 | errs p=0 c=172 empty=32
[16:14:19] push=  113125/s pop=  113729/s | tot push=1344228510 pop=1344143550 | errs p=0 c=172 empty=32
[16:14:29] push=  110049/s pop=  109827/s | tot push=1345329000 pop=1345241820 | errs p=0 c=172 empty=32
[16:14:39] push=  115549/s pop=  115504/s | tot push=1346484490 pop=1346396860 | errs p=0 c=172 empty=32
[16:14:49] push=  114049/s pop=  114490/s | tot push=1347624980 pop=1347541760 | errs p=0 c=172 empty=32
[16:14:59] push=  116982/s pop=  116618/s | tot push=1348794800 pop=1348707940 | errs p=0 c=172 empty=32
[16:15:09] push=  116701/s pop=  115768/s | tot push=1349961810 pop=1349865620 | errs p=0 c=172 empty=32
[16:15:19] push=  121166/s pop=  121413/s | tot push=1351173470 pop=1351079750 | errs p=0 c=172 empty=32
[16:15:29] push=  112999/s pop=  112119/s | tot push=1352303460 pop=1352200940 | errs p=0 c=172 empty=32
[16:15:39] push=  115661/s pop=  117425/s | tot push=1353460070 pop=1353375190 | errs p=0 c=172 empty=32
[16:15:49] push=  113476/s pop=  113547/s | tot push=1354594830 pop=1354510660 | errs p=0 c=172 empty=32
[16:15:59] push=  117459/s pop=  116542/s | tot push=1355769420 pop=1355676080 | errs p=0 c=172 empty=32
[16:16:09] push=  117267/s pop=  117877/s | tot push=1356942090 pop=1356854850 | errs p=0 c=172 empty=32
[16:16:19] push=  122363/s pop=  121885/s | tot push=1358165720 pop=1358073700 | errs p=0 c=172 empty=32
[16:16:29] push=  117211/s pop=  117661/s | tot push=1359337830 pop=1359250310 | errs p=0 c=172 empty=32
[16:16:39] push=  116456/s pop=  117014/s | tot push=1360502390 pop=1360420450 | errs p=0 c=172 empty=32
[16:16:49] push=  115161/s pop=  114029/s | tot push=1361654000 pop=1361560740 | errs p=0 c=172 empty=32
[16:16:59] push=  118304/s pop=  118478/s | tot push=1362837040 pop=1362745520 | errs p=0 c=172 empty=32
[16:17:09] push=  113354/s pop=  113670/s | tot push=1363970580 pop=1363882220 | errs p=0 c=172 empty=32
[16:17:19] push=  116025/s pop=  117087/s | tot push=1365130830 pop=1365053090 | errs p=0 c=172 empty=32
[16:17:29] push=  111425/s pop=  110252/s | tot push=1366245080 pop=1366155610 | errs p=0 c=172 empty=32
[16:17:39] push=  118334/s pop=  113726/s | tot push=1367428420 pop=1367292870 | errs p=0 c=172 empty=32
[16:17:49] push=  117404/s pop=  122077/s | tot push=1368602460 pop=1368513640 | errs p=0 c=172 empty=32
[16:17:59] push=  122135/s pop=  121591/s | tot push=1369823810 pop=1369729550 | errs p=0 c=172 empty=32
[16:18:09] push=  118811/s pop=  119423/s | tot push=1371011920 pop=1370923780 | errs p=0 c=172 empty=32
[16:18:19] push=  120756/s pop=  120938/s | tot push=1372219480 pop=1372133160 | errs p=0 c=172 empty=32
[16:18:29] push=  116216/s pop=  115979/s | tot push=1373381640 pop=1373292950 | errs p=0 c=172 empty=32
[16:18:39] push=  117905/s pop=  116446/s | tot push=1374560690 pop=1374457410 | errs p=0 c=172 empty=32
[16:18:49] push=  118962/s pop=  120167/s | tot push=1375750310 pop=1375659080 | errs p=0 c=172 empty=32
[16:18:59] push=  118067/s pop=  117650/s | tot push=1376930980 pop=1376835580 | errs p=0 c=172 empty=32
[16:19:09] push=  114471/s pop=  115155/s | tot push=1378075690 pop=1377987130 | errs p=0 c=172 empty=32
[16:19:19] push=  116366/s pop=  114912/s | tot push=1379239350 pop=1379136250 | errs p=0 c=172 empty=32
[16:19:29] push=  117332/s pop=  116024/s | tot push=1380412670 pop=1380296490 | errs p=0 c=172 empty=32
[16:19:39] push=  112922/s pop=  115456/s | tot push=1381541890 pop=1381451050 | errs p=0 c=172 empty=32
[16:19:49] push=  115151/s pop=  115206/s | tot push=1382693400 pop=1382603110 | errs p=0 c=172 empty=32
[16:19:59] push=  113793/s pop=  111381/s | tot push=1383831330 pop=1383716920 | errs p=0 c=172 empty=32
[16:20:09] push=  105945/s pop=  106612/s | tot push=1384890780 pop=1384783040 | errs p=0 c=172 empty=32
[16:20:19] push=  109852/s pop=  109144/s | tot push=1385989300 pop=1385874480 | errs p=0 c=172 empty=32
[16:20:29] push=  112583/s pop=  113382/s | tot push=1387115130 pop=1387008300 | errs p=0 c=172 empty=32
[16:20:39] push=  108311/s pop=  110544/s | tot push=1388198240 pop=1388113740 | errs p=0 c=172 empty=32
[16:20:49] push=  111001/s pop=  108816/s | tot push=1389308250 pop=1389201900 | errs p=0 c=172 empty=32
[16:20:59] push=  107265/s pop=  108645/s | tot push=1390380900 pop=1390288350 | errs p=0 c=172 empty=32
[16:21:09] push=  110179/s pop=  109018/s | tot push=1391482690 pop=1391378530 | errs p=0 c=172 empty=32
[16:21:19] push=  111413/s pop=  110783/s | tot push=1392596820 pop=1392486360 | errs p=0 c=172 empty=32
[16:21:29] push=  115810/s pop=  115858/s | tot push=1393754920 pop=1393644940 | errs p=0 c=172 empty=32
[16:21:39] push=  112993/s pop=  111718/s | tot push=1394884850 pop=1394762120 | errs p=0 c=172 empty=32
[16:21:49] push=  118163/s pop=  121891/s | tot push=1396066480 pop=1395981030 | errs p=0 c=172 empty=32
[16:21:59] push=  113811/s pop=  113906/s | tot push=1397204590 pop=1397120090 | errs p=0 c=172 empty=32
[16:22:09] push=  117256/s pop=  116690/s | tot push=1398377150 pop=1398286990 | errs p=0 c=172 empty=32
[16:22:19] push=  113903/s pop=  113097/s | tot push=1399516180 pop=1399417960 | errs p=0 c=172 empty=32
[16:22:29] push=  123960/s pop=  124126/s | tot push=1400755780 pop=1400659220 | errs p=0 c=172 empty=32
[16:22:39] push=  118061/s pop=  117704/s | tot push=1401936390 pop=1401836260 | errs p=0 c=172 empty=33
[16:22:49] push=  115573/s pop=  112703/s | tot push=1403092120 pop=1402963290 | errs p=0 c=172 empty=33
[16:22:59] push=  109061/s pop=  112357/s | tot push=1404182730 pop=1404086860 | errs p=0 c=172 empty=33
[16:23:09] push=  114312/s pop=  111600/s | tot push=1405325850 pop=1405202860 | errs p=0 c=172 empty=33
[16:23:19] push=  116505/s pop=  119626/s | tot push=1406490900 pop=1406399120 | errs p=0 c=172 empty=33
[16:23:29] push=  123124/s pop=  123265/s | tot push=1407722140 pop=1407631770 | errs p=0 c=172 empty=33
[16:23:39] push=  115420/s pop=  114961/s | tot push=1408876340 pop=1408781380 | errs p=0 c=172 empty=33
[16:23:49] push=  117298/s pop=  118260/s | tot push=1410049320 pop=1409963980 | errs p=0 c=172 empty=33
[16:23:59] push=  115401/s pop=  114255/s | tot push=1411203330 pop=1411106530 | errs p=0 c=172 empty=33
[16:24:09] push=  122054/s pop=  123567/s | tot push=1412423870 pop=1412342200 | errs p=0 c=172 empty=33
[16:24:19] push=  117798/s pop=  116402/s | tot push=1413601850 pop=1413506220 | errs p=0 c=172 empty=33
[16:24:29] push=  117609/s pop=  118031/s | tot push=1414777940 pop=1414686530 | errs p=0 c=172 empty=33
[16:24:39] push=  119850/s pop=  118686/s | tot push=1415976440 pop=1415873390 | errs p=0 c=172 empty=33
[16:24:49] push=  118427/s pop=  118699/s | tot push=1417160710 pop=1417060380 | errs p=0 c=172 empty=33
[16:24:59] push=  115190/s pop=  115576/s | tot push=1418312610 pop=1418216140 | errs p=0 c=172 empty=33
[16:25:09] push=  120827/s pop=  121782/s | tot push=1419520880 pop=1419433960 | errs p=0 c=172 empty=33
[16:25:19] push=  117398/s pop=  115924/s | tot push=1420694860 pop=1420593200 | errs p=0 c=172 empty=33
[16:25:29] push=  116034/s pop=  114607/s | tot push=1421855200 pop=1421739270 | errs p=0 c=172 empty=33
[16:25:39] push=  117843/s pop=  118109/s | tot push=1423033630 pop=1422920360 | errs p=0 c=172 empty=33
[16:25:49] push=  115659/s pop=  112004/s | tot push=1424190220 pop=1424040400 | errs p=0 c=172 empty=33
[16:25:59] push=  109917/s pop=  115832/s | tot push=1425289390 pop=1425198720 | errs p=0 c=172 empty=33
[16:26:09] push=  115442/s pop=  115722/s | tot push=1426443810 pop=1426355940 | errs p=0 c=172 empty=33
[16:26:19] push=  116568/s pop=  116598/s | tot push=1427609490 pop=1427521920 | errs p=0 c=172 empty=33
[16:26:29] push=  115482/s pop=  113203/s | tot push=1428764310 pop=1428653950 | errs p=0 c=172 empty=33
[16:26:39] push=  114628/s pop=  116632/s | tot push=1429910590 pop=1429820270 | errs p=0 c=172 empty=33
[16:26:49] push=  119340/s pop=  119131/s | tot push=1431103990 pop=1431011580 | errs p=0 c=172 empty=33
[16:26:59] push=  111791/s pop=  111280/s | tot push=1432221900 pop=1432124380 | errs p=0 c=172 empty=33
[16:27:09] push=  112547/s pop=  111448/s | tot push=1433347370 pop=1433238860 | errs p=0 c=172 empty=33
[16:27:19] push=  111688/s pop=  114086/s | tot push=1434464250 pop=1434379720 | errs p=0 c=172 empty=33
[16:27:29] push=  113579/s pop=  111751/s | tot push=1435600040 pop=1435497230 | errs p=0 c=172 empty=33
[16:27:39] push=  108633/s pop=  109946/s | tot push=1436686370 pop=1436596690 | errs p=0 c=172 empty=33
[16:27:49] push=  112945/s pop=  113199/s | tot push=1437815820 pop=1437728680 | errs p=0 c=172 empty=33
[16:27:59] push=  109119/s pop=   94895/s | tot push=1438907010 pop=1438677630 | errs p=0 c=172 empty=33
[16:28:09] push=  111838/s pop=  118115/s | tot push=1440025390 pop=1439858780 | errs p=0 c=172 empty=33
[16:28:19] push=  116224/s pop=  122841/s | tot push=1441187630 pop=1441087190 | errs p=0 c=172 empty=33
[16:28:29] push=  117466/s pop=  118311/s | tot push=1442362290 pop=1442270300 | errs p=0 c=172 empty=33
[16:28:39] push=  114223/s pop=  114871/s | tot push=1443504520 pop=1443419010 | errs p=0 c=172 empty=33
[16:28:49] push=  113430/s pop=  111006/s | tot push=1444638820 pop=1444529070 | errs p=0 c=172 empty=33
[16:28:59] push=  114358/s pop=  114635/s | tot push=1445782400 pop=1445675420 | errs p=0 c=172 empty=33
[16:29:09] push=  119259/s pop=  121377/s | tot push=1446974990 pop=1446889190 | errs p=0 c=172 empty=33
[16:29:19] push=  118442/s pop=  117803/s | tot push=1448159410 pop=1448067220 | errs p=0 c=172 empty=33
[16:29:29] push=  120724/s pop=  120528/s | tot push=1449366650 pop=1449272500 | errs p=0 c=172 empty=33
[16:29:39] push=  121424/s pop=  121207/s | tot push=1450580890 pop=1450484570 | errs p=0 c=172 empty=33
[16:29:49] push=  122400/s pop=  123776/s | tot push=1451804890 pop=1451722330 | errs p=0 c=172 empty=33
[16:29:59] push=  121168/s pop=  119535/s | tot push=1453016570 pop=1452917680 | errs p=0 c=172 empty=34
[16:30:09] push=  119451/s pop=  119503/s | tot push=1454211080 pop=1454112710 | errs p=0 c=172 empty=34
[16:30:19] push=  115735/s pop=  115945/s | tot push=1455368430 pop=1455272160 | errs p=0 c=172 empty=34
[16:30:29] push=  118541/s pop=  119981/s | tot push=1456553840 pop=1456471970 | errs p=0 c=172 empty=34
[16:30:39] push=  119256/s pop=  118760/s | tot push=1457746400 pop=1457659570 | errs p=0 c=172 empty=34
[16:30:49] push=  121523/s pop=  121108/s | tot push=1458961630 pop=1458870650 | errs p=0 c=172 empty=34
[16:30:59] push=  118223/s pop=  118020/s | tot push=1460143860 pop=1460050850 | errs p=0 c=172 empty=34
[16:31:09] push=  121089/s pop=  121664/s | tot push=1461354750 pop=1461267490 | errs p=0 c=172 empty=34
[16:31:19] push=  117415/s pop=  118070/s | tot push=1462528900 pop=1462448190 | errs p=0 c=172 empty=34
[16:31:29] push=  116216/s pop=  113662/s | tot push=1463691060 pop=1463584810 | errs p=0 c=172 empty=34
[16:31:39] push=  117181/s pop=  118245/s | tot push=1464862870 pop=1464767260 | errs p=0 c=172 empty=34
[16:31:49] push=  118413/s pop=  118078/s | tot push=1466047000 pop=1465948040 | errs p=0 c=172 empty=34
[16:31:59] push=  115802/s pop=  114922/s | tot push=1467205020 pop=1467097260 | errs p=0 c=172 empty=34
[16:32:09] push=  120284/s pop=  121844/s | tot push=1468407860 pop=1468315700 | errs p=0 c=172 empty=34
[16:32:19] push=  111662/s pop=  111958/s | tot push=1469524480 pop=1469435280 | errs p=0 c=172 empty=34
[16:32:29] push=  116037/s pop=  115156/s | tot push=1470684850 pop=1470586840 | errs p=0 c=172 empty=34
[16:32:39] push=  115410/s pop=  115795/s | tot push=1471838950 pop=1471744790 | errs p=0 c=172 empty=34
[16:32:49] push=  115242/s pop=  114964/s | tot push=1472991370 pop=1472894430 | errs p=0 c=172 empty=34
[16:32:59] push=  111879/s pop=  112346/s | tot push=1474110160 pop=1474017890 | errs p=0 c=172 empty=34
[16:33:09] push=  116463/s pop=  116462/s | tot push=1475274790 pop=1475182510 | errs p=0 c=172 empty=34
[16:33:19] push=  119335/s pop=  118691/s | tot push=1476468140 pop=1476369420 | errs p=0 c=172 empty=34
[16:33:29] push=  115830/s pop=  114780/s | tot push=1477626440 pop=1477517220 | errs p=0 c=172 empty=34
[16:33:39] push=  113283/s pop=  115085/s | tot push=1478759270 pop=1478668070 | errs p=0 c=172 empty=34
[16:33:49] push=  114127/s pop=  114189/s | tot push=1479900540 pop=1479809960 | errs p=0 c=172 empty=34
[16:33:59] push=  111586/s pop=  112999/s | tot push=1481016400 pop=1480939950 | errs p=0 c=172 empty=34
[16:34:09] push=  111291/s pop=  108472/s | tot push=1482129310 pop=1482024670 | errs p=0 c=172 empty=34
[16:34:19] push=  108299/s pop=  101701/s | tot push=1483212300 pop=1483041680 | errs p=0 c=172 empty=34
[16:34:29] push=  109827/s pop=  110183/s | tot push=1484310570 pop=1484143510 | errs p=0 c=172 empty=34
[16:34:39] push=  107726/s pop=  112792/s | tot push=1485387830 pop=1485271430 | errs p=0 c=172 empty=34
[16:34:49] push=  115260/s pop=  117317/s | tot push=1486540430 pop=1486444600 | errs p=0 c=172 empty=34
[16:34:59] push=  109789/s pop=  109360/s | tot push=1487638320 pop=1487538200 | errs p=0 c=172 empty=34
[16:35:09] push=  112306/s pop=  112829/s | tot push=1488761380 pop=1488666490 | errs p=0 c=172 empty=34
[16:35:19] push=  116222/s pop=  116116/s | tot push=1489923600 pop=1489827650 | errs p=0 c=172 empty=34
[16:35:29] push=  119912/s pop=  120948/s | tot push=1491122720 pop=1491037130 | errs p=0 c=172 empty=34
[16:35:39] push=  110368/s pop=  109345/s | tot push=1492226400 pop=1492130580 | errs p=0 c=172 empty=34
[16:35:49] push=  117584/s pop=  117251/s | tot push=1493402240 pop=1493303090 | errs p=0 c=172 empty=34
[16:35:59] push=  116409/s pop=  118228/s | tot push=1494566330 pop=1494485370 | errs p=0 c=172 empty=34
[16:36:09] push=  119301/s pop=  118385/s | tot push=1495759340 pop=1495669220 | errs p=0 c=172 empty=34
[16:36:19] push=  116440/s pop=  115892/s | tot push=1496923740 pop=1496828140 | errs p=0 c=172 empty=34
[16:36:29] push=  116005/s pop=  113677/s | tot push=1498083790 pop=1497964910 | errs p=0 c=172 empty=34
[16:36:39] push=  118652/s pop=  121743/s | tot push=1499270310 pop=1499182340 | errs p=0 c=172 empty=34
[16:36:49] push=  121591/s pop=  121088/s | tot push=1500486220 pop=1500393220 | errs p=0 c=172 empty=34
[16:36:59] push=  119620/s pop=  119754/s | tot push=1501682420 pop=1501590760 | errs p=0 c=172 empty=34
[16:37:09] push=  123920/s pop=  123573/s | tot push=1502921620 pop=1502826490 | errs p=0 c=172 empty=34
[16:37:19] push=  117094/s pop=  117461/s | tot push=1504092560 pop=1504001100 | errs p=0 c=172 empty=34
[16:37:29] push=  118051/s pop=  112319/s | tot push=1505273070 pop=1505124290 | errs p=0 c=172 empty=34
[16:37:39] push=  115979/s pop=  122011/s | tot push=1506432860 pop=1506344400 | errs p=0 c=172 empty=34
[16:37:49] push=  119797/s pop=  119058/s | tot push=1507630830 pop=1507534980 | errs p=0 c=172 empty=34
[16:37:59] push=  121131/s pop=  121677/s | tot push=1508842140 pop=1508751750 | errs p=0 c=172 empty=34
[16:38:09] push=  120466/s pop=  116791/s | tot push=1510046800 pop=1509919660 | errs p=0 c=172 empty=34
[16:38:19] push=  116064/s pop=  119128/s | tot push=1511207440 pop=1511110940 | errs p=0 c=172 empty=34
[16:38:29] push=  115524/s pop=  116001/s | tot push=1512362680 pop=1512270950 | errs p=0 c=172 empty=34
[16:38:39] push=  110322/s pop=   93847/s | tot push=1513465900 pop=1513209420 | errs p=0 c=172 empty=34
[16:38:49] push=  113580/s pop=  124681/s | tot push=1514601700 pop=1514456230 | errs p=0 c=172 empty=34
[16:38:59] push=  115880/s pop=  120222/s | tot push=1515760500 pop=1515658450 | errs p=0 c=172 empty=34
[16:39:09] push=  117668/s pop=  116979/s | tot push=1516937180 pop=1516828240 | errs p=0 c=172 empty=34
[16:39:19] push=  114805/s pop=  115642/s | tot push=1518085230 pop=1517984660 | errs p=0 c=172 empty=34
[16:39:29] push=  116130/s pop=  116222/s | tot push=1519246530 pop=1519146880 | errs p=0 c=172 empty=34
[16:39:39] push=  109318/s pop=  110233/s | tot push=1520339710 pop=1520249210 | errs p=0 c=172 empty=34
[16:39:49] push=  117530/s pop=  114985/s | tot push=1521515010 pop=1521399060 | errs p=0 c=172 empty=34
[16:39:59] push=  115179/s pop=  117410/s | tot push=1522666800 pop=1522573160 | errs p=0 c=172 empty=34
[16:40:09] push=  114233/s pop=  113152/s | tot push=1523809130 pop=1523704680 | errs p=0 c=172 empty=34
[16:40:19] push=  115134/s pop=  116321/s | tot push=1524960470 pop=1524867890 | errs p=0 c=172 empty=34
[16:40:29] push=  119178/s pop=  119253/s | tot push=1526152250 pop=1526060420 | errs p=0 c=172 empty=34
[16:40:39] push=  121876/s pop=  121812/s | tot push=1527371010 pop=1527278540 | errs p=0 c=172 empty=34
[16:40:49] push=  118371/s pop=  118188/s | tot push=1528554720 pop=1528460420 | errs p=0 c=172 empty=34
[16:40:59] push=  117043/s pop=  118027/s | tot push=1529725150 pop=1529640690 | errs p=0 c=172 empty=34
[16:41:09] push=  110255/s pop=  105172/s | tot push=1530827700 pop=1530692410 | errs p=0 c=172 empty=35
[16:41:19] push=  106355/s pop=  109831/s | tot push=1531891250 pop=1531790720 | errs p=0 c=172 empty=35
[16:41:29] push=  116111/s pop=  116462/s | tot push=1533052360 pop=1532955340 | errs p=0 c=172 empty=35
[16:41:39] push=  116699/s pop=  117036/s | tot push=1534219350 pop=1534125700 | errs p=0 c=172 empty=35
[16:41:49] push=  113589/s pop=  115084/s | tot push=1535355240 pop=1535276540 | errs p=0 c=172 empty=35
[16:41:59] push=  114752/s pop=  114779/s | tot push=1536502760 pop=1536424330 | errs p=0 c=172 empty=35
[16:42:09] push=  109524/s pop=  106659/s | tot push=1537598000 pop=1537490920 | errs p=0 c=172 empty=35
[16:42:19] push=  116959/s pop=  117417/s | tot push=1538767590 pop=1538665090 | errs p=0 c=172 empty=35
[16:42:29] push=  113627/s pop=  116298/s | tot push=1539903860 pop=1539828070 | errs p=0 c=172 empty=35
[16:42:39] push=  114024/s pop=  112884/s | tot push=1541044100 pop=1540956910 | errs p=0 c=172 empty=35
[16:42:49] push=  112135/s pop=  111175/s | tot push=1542165450 pop=1542068660 | errs p=0 c=172 empty=35
[16:42:59] push=  115358/s pop=  115864/s | tot push=1543319030 pop=1543227300 | errs p=0 c=172 empty=35
[16:43:09] push=  118648/s pop=  117911/s | tot push=1544505510 pop=1544406410 | errs p=0 c=172 empty=35
[16:43:19] push=  120182/s pop=  120846/s | tot push=1545707330 pop=1545614870 | errs p=0 c=172 empty=35
[16:43:29] push=  120801/s pop=  120095/s | tot push=1546915340 pop=1546815820 | errs p=0 c=172 empty=35
[16:43:39] push=  122987/s pop=  124299/s | tot push=1548145210 pop=1548058810 | errs p=0 c=172 empty=35
[16:43:49] push=  120328/s pop=  119204/s | tot push=1549348490 pop=1549250850 | errs p=0 c=172 empty=35
[16:43:59] push=  120484/s pop=  122374/s | tot push=1550553330 pop=1550474590 | errs p=0 c=172 empty=35
[16:44:09] push=  121135/s pop=  118207/s | tot push=1551764680 pop=1551656660 | errs p=0 c=172 empty=35
[16:44:19] push=  123534/s pop=  124415/s | tot push=1553000020 pop=1552900810 | errs p=0 c=172 empty=35
[16:44:29] push=  121457/s pop=  121679/s | tot push=1554214590 pop=1554117600 | errs p=0 c=172 empty=35
[16:44:39] push=  122219/s pop=  123948/s | tot push=1555436780 pop=1555357080 | errs p=0 c=172 empty=35
[16:44:49] push=  114084/s pop=  102448/s | tot push=1556577620 pop=1556381560 | errs p=0 c=172 empty=35
[16:44:59] push=  114435/s pop=  122010/s | tot push=1557721970 pop=1557601660 | errs p=0 c=172 empty=35
[16:45:09] push=  115644/s pop=  117303/s | tot push=1558878410 pop=1558774690 | errs p=0 c=172 empty=35
[16:45:19] push=  121819/s pop=  121523/s | tot push=1560096600 pop=1559989920 | errs p=0 c=172 empty=35
[16:45:29] push=  116717/s pop=  118621/s | tot push=1561263770 pop=1561176130 | errs p=0 c=172 empty=35
[16:45:39] push=  113359/s pop=  113812/s | tot push=1562397360 pop=1562314250 | errs p=0 c=172 empty=35
[16:45:49] push=  113702/s pop=  113224/s | tot push=1563534380 pop=1563446490 | errs p=0 c=172 empty=35
[16:45:59] push=  118321/s pop=  116395/s | tot push=1564717590 pop=1564610440 | errs p=0 c=172 empty=35
[16:46:09] push=  117609/s pop=  119622/s | tot push=1565893680 pop=1565806660 | errs p=0 c=172 empty=35
[16:46:19] push=  117884/s pop=  117290/s | tot push=1567072520 pop=1566979560 | errs p=0 c=172 empty=35
[16:46:29] push=  117159/s pop=  117572/s | tot push=1568244110 pop=1568155280 | errs p=0 c=172 empty=35
[16:46:39] push=  117772/s pop=  117977/s | tot push=1569421830 pop=1569335050 | errs p=0 c=172 empty=35
[16:46:49] push=  111046/s pop=  105044/s | tot push=1570532290 pop=1570385490 | errs p=0 c=172 empty=35
[16:46:59] push=  117917/s pop=  121220/s | tot push=1571711460 pop=1571597690 | errs p=0 c=172 empty=35
[16:47:09] push=  115601/s pop=  117491/s | tot push=1572867470 pop=1572772600 | errs p=0 c=172 empty=35
[16:47:19] push=  112994/s pop=  109513/s | tot push=1573997410 pop=1573867730 | errs p=0 c=172 empty=35
[16:47:29] push=  114242/s pop=  117548/s | tot push=1575139830 pop=1575043210 | errs p=0 c=172 empty=35
[16:47:39] push=  117442/s pop=  117954/s | tot push=1576314250 pop=1576222750 | errs p=0 c=172 empty=35
[16:47:49] push=  117245/s pop=  115930/s | tot push=1577486700 pop=1577382050 | errs p=0 c=172 empty=35
[16:47:59] push=  116589/s pop=  116405/s | tot push=1578652590 pop=1578546100 | errs p=0 c=172 empty=35
[16:48:09] push=  111881/s pop=  113820/s | tot push=1579771400 pop=1579684300 | errs p=0 c=172 empty=35
[16:48:19] push=  110283/s pop=  109872/s | tot push=1580874230 pop=1580783020 | errs p=0 c=172 empty=35
[16:48:29] push=  113021/s pop=  113509/s | tot push=1582004440 pop=1581918110 | errs p=0 c=172 empty=35
[16:48:39] push=  107845/s pop=  106181/s | tot push=1583082890 pop=1582979920 | errs p=0 c=172 empty=35
[16:48:49] push=  110921/s pop=  111497/s | tot push=1584192100 pop=1584094890 | errs p=0 c=172 empty=35
[16:48:59] push=  114057/s pop=  113687/s | tot push=1585332670 pop=1585231760 | errs p=0 c=172 empty=35
[16:49:09] push=  108241/s pop=  109152/s | tot push=1586415080 pop=1586323280 | errs p=0 c=172 empty=35
[16:49:19] push=  107144/s pop=  104866/s | tot push=1587486520 pop=1587371940 | errs p=0 c=172 empty=35
[16:49:29] push=  108750/s pop=  110308/s | tot push=1588574020 pop=1588475020 | errs p=0 c=172 empty=35
[16:49:39] push=  111882/s pop=  111996/s | tot push=1589692840 pop=1589594980 | errs p=0 c=172 empty=35
[16:49:49] push=  113462/s pop=  113701/s | tot push=1590827460 pop=1590731990 | errs p=0 c=172 empty=35
[16:49:59] push=  115416/s pop=  115382/s | tot push=1591981620 pop=1591885810 | errs p=0 c=172 empty=35
[16:50:09] push=  115397/s pop=  116323/s | tot push=1593135590 pop=1593049040 | errs p=0 c=172 empty=35
[16:50:19] push=  110165/s pop=  110355/s | tot push=1594237240 pop=1594152590 | errs p=0 c=172 empty=35
[16:50:29] push=  112368/s pop=  113081/s | tot push=1595360920 pop=1595283400 | errs p=0 c=172 empty=35
[16:50:39] push=  116636/s pop=  114348/s | tot push=1596527280 pop=1596426880 | errs p=0 c=172 empty=35
[16:50:49] push=  115377/s pop=  111508/s | tot push=1597681050 pop=1597541960 | errs p=0 c=172 empty=35
[16:50:59] push=  117212/s pop=  119339/s | tot push=1598853170 pop=1598735350 | errs p=0 c=172 empty=35
[16:51:09] push=  117384/s pop=  119819/s | tot push=1600027010 pop=1599933540 | errs p=0 c=172 empty=35
[16:51:19] push=  118574/s pop=  120039/s | tot push=1601212750 pop=1601133930 | errs p=0 c=172 empty=35
[16:51:29] push=  118304/s pop=  117092/s | tot push=1602395790 pop=1602304850 | errs p=0 c=172 empty=35
[16:51:39] push=  117349/s pop=  117439/s | tot push=1603569280 pop=1603479240 | errs p=0 c=172 empty=35
[16:51:49] push=  119833/s pop=  119248/s | tot push=1604767610 pop=1604671720 | errs p=0 c=172 empty=35
[16:51:59] push=  124294/s pop=  125680/s | tot push=1606010550 pop=1605928520 | errs p=0 c=172 empty=35
[16:52:09] push=  119574/s pop=  118724/s | tot push=1607206290 pop=1607115760 | errs p=0 c=172 empty=35
[16:52:19] push=  120230/s pop=  119882/s | tot push=1608408590 pop=1608314580 | errs p=0 c=172 empty=35
[16:52:29] push=  121068/s pop=  119869/s | tot push=1609619270 pop=1609513270 | errs p=0 c=172 empty=35
[16:52:39] push=  121530/s pop=  123129/s | tot push=1610834570 pop=1610744560 | errs p=0 c=172 empty=35
[16:52:49] push=  118644/s pop=  118063/s | tot push=1612021010 pop=1611925190 | errs p=0 c=172 empty=35
[16:52:59] push=  121804/s pop=  123694/s | tot push=1613239050 pop=1613162130 | errs p=0 c=172 empty=35
[16:53:09] push=  116530/s pop=  115204/s | tot push=1614404350 pop=1614314170 | errs p=0 c=172 empty=35
[16:53:19] push=  118945/s pop=  119006/s | tot push=1615593800 pop=1615504230 | errs p=0 c=172 empty=35
[16:53:29] push=  119113/s pop=  117987/s | tot push=1616784930 pop=1616684100 | errs p=0 c=172 empty=35
[16:53:39] push=  120890/s pop=  122178/s | tot push=1617993830 pop=1617905880 | errs p=0 c=172 empty=35
[16:53:49] push=  121980/s pop=  118374/s | tot push=1619213630 pop=1619089620 | errs p=0 c=172 empty=36
[16:53:59] push=  124280/s pop=  127647/s | tot push=1620456430 pop=1620366090 | errs p=0 c=172 empty=36
[16:54:09] push=  121321/s pop=  120509/s | tot push=1621669640 pop=1621571180 | errs p=0 c=172 empty=36
[16:54:19] push=  121068/s pop=  120772/s | tot push=1622880320 pop=1622778900 | errs p=0 c=172 empty=36
[16:54:29] push=  122805/s pop=  124453/s | tot push=1624108370 pop=1624023430 | errs p=0 c=172 empty=36
[16:54:39] push=  126380/s pop=  123452/s | tot push=1625372170 pop=1625257950 | errs p=0 c=172 empty=36
[16:54:49] push=  122343/s pop=  123732/s | tot push=1626595600 pop=1626495270 | errs p=0 c=172 empty=36
[16:54:59] push=  111206/s pop=  106776/s | tot push=1627707660 pop=1627563030 | errs p=0 c=172 empty=36
[16:55:09] push=  103786/s pop=  101892/s | tot push=1628745520 pop=1628581950 | errs p=0 c=172 empty=36
[16:55:19] push=  106549/s pop=  110645/s | tot push=1629811010 pop=1629688400 | errs p=0 c=172 empty=36
[16:55:29] push=  107132/s pop=  107496/s | tot push=1630882330 pop=1630763360 | errs p=0 c=172 empty=36
[16:55:39] push=  107340/s pop=  110071/s | tot push=1631955730 pop=1631864070 | errs p=0 c=172 empty=36
[16:55:49] push=  108892/s pop=  107348/s | tot push=1633044650 pop=1632937550 | errs p=0 c=172 empty=36
[16:55:59] push=  108239/s pop=  109516/s | tot push=1634127040 pop=1634032710 | errs p=0 c=172 empty=36
[16:56:09] push=  103835/s pop=  103307/s | tot push=1635165390 pop=1635065780 | errs p=0 c=172 empty=36
[16:56:19] push=  106624/s pop=  106548/s | tot push=1636231630 pop=1636131260 | errs p=0 c=172 empty=36
[16:56:29] push=  114855/s pop=  114075/s | tot push=1637380180 pop=1637272010 | errs p=0 c=172 empty=36
[16:56:39] push=  106584/s pop=  108372/s | tot push=1638446020 pop=1638355730 | errs p=0 c=172 empty=36
[16:56:49] push=  113396/s pop=  112335/s | tot push=1639579980 pop=1639479080 | errs p=0 c=172 empty=36
[16:56:59] push=  112796/s pop=  110748/s | tot push=1640707940 pop=1640586560 | errs p=0 c=172 empty=36
[16:57:09] push=  111665/s pop=  114316/s | tot push=1641824590 pop=1641729720 | errs p=0 c=172 empty=36
[16:57:19] push=  114361/s pop=  113123/s | tot push=1642968200 pop=1642860950 | errs p=0 c=172 empty=36
[16:57:29] push=  116982/s pop=  119110/s | tot push=1644138020 pop=1644052050 | errs p=0 c=172 empty=36
[16:57:39] push=  113187/s pop=  111603/s | tot push=1645269890 pop=1645168080 | errs p=0 c=172 empty=36
[16:57:49] push=  117293/s pop=  117676/s | tot push=1646442820 pop=1646344840 | errs p=0 c=172 empty=36
[16:57:59] push=  113556/s pop=  115053/s | tot push=1647578380 pop=1647495370 | errs p=0 c=172 empty=36
[16:58:09] push=  114856/s pop=  112760/s | tot push=1648726940 pop=1648622970 | errs p=0 c=172 empty=36
[16:58:19] push=  114915/s pop=  115748/s | tot push=1649876090 pop=1649780450 | errs p=0 c=172 empty=36
[16:58:29] push=  119651/s pop=  120331/s | tot push=1651072600 pop=1650983760 | errs p=0 c=172 empty=36
[16:58:39] push=  117906/s pop=  117809/s | tot push=1652251660 pop=1652161850 | errs p=0 c=172 empty=36
[16:58:49] push=  120576/s pop=  119841/s | tot push=1653457420 pop=1653360260 | errs p=0 c=172 empty=36
[16:58:59] push=  114035/s pop=  114981/s | tot push=1654597770 pop=1654510070 | errs p=0 c=172 empty=36
[16:59:09] push=  117990/s pop=  115742/s | tot push=1655777670 pop=1655667490 | errs p=0 c=172 empty=36
[16:59:19] push=  113928/s pop=  114847/s | tot push=1656916950 pop=1656815960 | errs p=0 c=172 empty=36
[16:59:29] push=  115862/s pop=  116380/s | tot push=1658075570 pop=1657979760 | errs p=0 c=172 empty=36
[16:59:39] push=  113079/s pop=  113894/s | tot push=1659206360 pop=1659118700 | errs p=0 c=172 empty=36
[16:59:49] push=  113711/s pop=  111491/s | tot push=1660343470 pop=1660233610 | errs p=0 c=172 empty=36
[16:59:59] push=  113944/s pop=  116485/s | tot push=1661482910 pop=1661398460 | errs p=0 c=172 empty=36
[17:00:09] push=  119575/s pop=  118824/s | tot push=1662678660 pop=1662586700 | errs p=0 c=172 empty=36
[17:00:19] push=  119343/s pop=  118549/s | tot push=1663872090 pop=1663772190 | errs p=0 c=172 empty=36
[17:00:29] push=  119089/s pop=  119611/s | tot push=1665062980 pop=1664968300 | errs p=0 c=172 empty=36
[17:00:39] push=  116413/s pop=  116192/s | tot push=1666227110 pop=1666130220 | errs p=0 c=172 empty=36
[17:00:49] push=  117227/s pop=  118848/s | tot push=1667399380 pop=1667318700 | errs p=0 c=172 empty=36
[17:00:59] push=  110651/s pop=  108380/s | tot push=1668505890 pop=1668402500 | errs p=0 c=172 empty=36
[17:01:09] push=  121042/s pop=  122205/s | tot push=1669716310 pop=1669624550 | errs p=0 c=172 empty=36
[17:01:19] push=  120531/s pop=  120959/s | tot push=1670921620 pop=1670834140 | errs p=0 c=172 empty=36
[17:01:29] push=  123848/s pop=  122159/s | tot push=1672160100 pop=1672055730 | errs p=0 c=172 empty=36
[17:01:39] push=  116639/s pop=  118319/s | tot push=1673326490 pop=1673238920 | errs p=0 c=172 empty=36
[17:01:49] push=  121559/s pop=  121523/s | tot push=1674542080 pop=1674454150 | errs p=0 c=172 empty=36
[17:01:59] push=  123319/s pop=  119241/s | tot push=1675775270 pop=1675646560 | errs p=0 c=172 empty=36
[17:02:09] push=  117470/s pop=  119418/s | tot push=1676949970 pop=1676840740 | errs p=0 c=172 empty=36
[17:02:19] push=  109098/s pop=  111625/s | tot push=1678040950 pop=1677956990 | errs p=0 c=172 empty=36
[17:02:29] push=  115235/s pop=  116271/s | tot push=1679193300 pop=1679119700 | errs p=0 c=172 empty=36
[17:02:39] push=  109763/s pop=  106243/s | tot push=1680290930 pop=1680182130 | errs p=0 c=172 empty=36
[17:02:49] push=  115661/s pop=  117240/s | tot push=1681447540 pop=1681354530 | errs p=0 c=172 empty=36
[17:02:59] push=  107011/s pop=  102840/s | tot push=1682517650 pop=1682382930 | errs p=0 c=172 empty=36
[17:03:09] push=  110239/s pop=  114021/s | tot push=1683620040 pop=1683523140 | errs p=0 c=172 empty=36
[17:03:19] push=  108449/s pop=  108835/s | tot push=1684704530 pop=1684611490 | errs p=0 c=172 empty=36
[17:03:29] push=  113844/s pop=  113181/s | tot push=1685842970 pop=1685743300 | errs p=0 c=172 empty=36
[17:03:39] push=  110007/s pop=  110653/s | tot push=1686943040 pop=1686849830 | errs p=0 c=172 empty=36
[17:03:49] push=  113729/s pop=  114584/s | tot push=1688080330 pop=1687995670 | errs p=0 c=172 empty=36
[17:03:59] push=  110021/s pop=  107574/s | tot push=1689180540 pop=1689071410 | errs p=0 c=172 empty=36
[17:04:09] push=  117643/s pop=  119275/s | tot push=1690356970 pop=1690264160 | errs p=0 c=172 empty=36
[17:04:19] push=  115395/s pop=  115207/s | tot push=1691510920 pop=1691416230 | errs p=0 c=172 empty=36
[17:04:29] push=  112867/s pop=  112187/s | tot push=1692639590 pop=1692538100 | errs p=0 c=172 empty=36
[17:04:39] push=  110685/s pop=  108926/s | tot push=1693746440 pop=1693627360 | errs p=0 c=172 empty=37
[17:04:49] push=  117790/s pop=  119075/s | tot push=1694924340 pop=1694818110 | errs p=0 c=172 empty=37
[17:04:59] push=  118824/s pop=  118896/s | tot push=1696112580 pop=1696007070 | errs p=0 c=172 empty=37
[17:05:09] push=  112613/s pop=  113046/s | tot push=1697238710 pop=1697137530 | errs p=0 c=172 empty=37
[17:05:19] push=  118447/s pop=  120165/s | tot push=1698423180 pop=1698339180 | errs p=0 c=172 empty=37
[17:05:29] push=  121549/s pop=  121172/s | tot push=1699638670 pop=1699550900 | errs p=0 c=172 empty=37
[17:05:39] push=  114047/s pop=  113546/s | tot push=1700779140 pop=1700686360 | errs p=0 c=172 empty=37
[17:05:49] push=  120258/s pop=  120058/s | tot push=1701981720 pop=1701886940 | errs p=0 c=172 empty=37
[17:05:59] push=  123794/s pop=  124497/s | tot push=1703219660 pop=1703131910 | errs p=0 c=172 empty=37
[17:06:09] push=  122459/s pop=  121720/s | tot push=1704444250 pop=1704349110 | errs p=0 c=172 empty=37
[17:06:19] push=  120003/s pop=  120802/s | tot push=1705644280 pop=1705557130 | errs p=0 c=172 empty=37
[17:06:29] push=  126696/s pop=  125620/s | tot push=1706911240 pop=1706813330 | errs p=0 c=172 empty=37
[17:06:39] push=  118251/s pop=  119753/s | tot push=1708093750 pop=1708010860 | errs p=0 c=172 empty=37
[17:06:49] push=  118215/s pop=  115151/s | tot push=1709275900 pop=1709162370 | errs p=0 c=172 empty=37
[17:06:59] push=  117332/s pop=  120568/s | tot push=1710449220 pop=1710368050 | errs p=0 c=172 empty=37
[17:07:09] push=  119640/s pop=  115651/s | tot push=1711645620 pop=1711524560 | errs p=0 c=172 empty=37
[17:07:19] push=  112584/s pop=  107331/s | tot push=1712771460 pop=1712597870 | errs p=0 c=172 empty=37
[17:07:29] push=  114097/s pop=  121810/s | tot push=1713912430 pop=1713815970 | errs p=0 c=172 empty=37
[17:07:39] push=  113054/s pop=  111465/s | tot push=1715042970 pop=1714930620 | errs p=0 c=172 empty=37
[17:07:49] push=  112876/s pop=  115310/s | tot push=1716171730 pop=1716083720 | errs p=0 c=172 empty=37
[17:07:59] push=  110602/s pop=  109193/s | tot push=1717277750 pop=1717175650 | errs p=0 c=172 empty=37
[17:08:09] push=  119442/s pop=  120295/s | tot push=1718472170 pop=1718378600 | errs p=0 c=172 empty=37
[17:08:19] push=  114186/s pop=  115002/s | tot push=1719614030 pop=1719528620 | errs p=0 c=172 empty=37
[17:08:29] push=  120314/s pop=  112621/s | tot push=1720817170 pop=1720654830 | errs p=0 c=172 empty=37
[17:08:39] push=  116336/s pop=  123899/s | tot push=1721980530 pop=1721893820 | errs p=0 c=172 empty=37
[17:08:49] push=  120350/s pop=  115970/s | tot push=1723184030 pop=1723053520 | errs p=0 c=172 empty=37
[17:08:59] push=  117523/s pop=  120983/s | tot push=1724359260 pop=1724263350 | errs p=0 c=172 empty=37
[17:09:09] push=  122010/s pop=  122599/s | tot push=1725579360 pop=1725489340 | errs p=0 c=172 empty=37
[17:09:19] push=  111509/s pop=  108238/s | tot push=1726694450 pop=1726571720 | errs p=0 c=172 empty=37
[17:09:29] push=  115879/s pop=  112852/s | tot push=1727853240 pop=1727700240 | errs p=0 c=172 empty=37
[17:09:39] push=  114615/s pop=  119599/s | tot push=1728999390 pop=1728896230 | errs p=0 c=172 empty=37
[17:09:49] push=  117124/s pop=  118681/s | tot push=1730170630 pop=1730083040 | errs p=0 c=172 empty=37
[17:09:59] push=  108044/s pop=  106127/s | tot push=1731251070 pop=1731144310 | errs p=0 c=172 empty=37
[17:10:09] push=  114566/s pop=  115534/s | tot push=1732396730 pop=1732299650 | errs p=0 c=172 empty=37
[17:10:19] push=  112241/s pop=  112467/s | tot push=1733519140 pop=1733424320 | errs p=0 c=172 empty=37
[17:10:29] push=  117836/s pop=  118349/s | tot push=1734697500 pop=1734607810 | errs p=0 c=172 empty=37
[17:10:39] push=  116748/s pop=  117155/s | tot push=1735864980 pop=1735779360 | errs p=0 c=172 empty=37
[17:10:49] push=  112866/s pop=  113333/s | tot push=1736993640 pop=1736912690 | errs p=0 c=172 empty=37
[17:10:59] push=  107110/s pop=  106564/s | tot push=1738064740 pop=1737978330 | errs p=0 c=172 empty=37
[17:11:09] push=  114075/s pop=  114693/s | tot push=1739205490 pop=1739125260 | errs p=0 c=172 empty=37
[17:11:19] push=  111598/s pop=  111046/s | tot push=1740321470 pop=1740235720 | errs p=0 c=172 empty=37
[17:11:29] push=  119878/s pop=  118430/s | tot push=1741520250 pop=1741420020 | errs p=0 c=172 empty=37
[17:11:39] push=  119084/s pop=  118934/s | tot push=1742711090 pop=1742609360 | errs p=0 c=172 empty=37
[17:11:49] push=  119629/s pop=  121814/s | tot push=1743907380 pop=1743827500 | errs p=0 c=172 empty=37
[17:11:59] push=  117587/s pop=  116358/s | tot push=1745083250 pop=1744991080 | errs p=0 c=172 empty=37
[17:12:09] push=  118962/s pop=  118786/s | tot push=1746272870 pop=1746178940 | errs p=0 c=172 empty=37
[17:12:19] push=  115333/s pop=  116024/s | tot push=1747426200 pop=1747339180 | errs p=0 c=172 empty=37
[17:12:29] push=  115473/s pop=  116655/s | tot push=1748580930 pop=1748505730 | errs p=0 c=172 empty=37
[17:12:39] push=  113704/s pop=  111897/s | tot push=1749717970 pop=1749624700 | errs p=0 c=172 empty=37
[17:12:49] push=  114571/s pop=  113874/s | tot push=1750863680 pop=1750763440 | errs p=0 c=172 empty=37
[17:12:59] push=  115653/s pop=  116497/s | tot push=1752020210 pop=1751928410 | errs p=0 c=172 empty=37
[17:13:09] push=  119563/s pop=  116866/s | tot push=1753215840 pop=1753097070 | errs p=0 c=172 empty=37
[17:13:19] push=  117330/s pop=  115193/s | tot push=1754389140 pop=1754249000 | errs p=0 c=172 empty=37
[17:13:29] push=  120449/s pop=  125091/s | tot push=1755593630 pop=1755499910 | errs p=0 c=172 empty=37
[17:13:39] push=  119443/s pop=  118545/s | tot push=1756788060 pop=1756685360 | errs p=0 c=172 empty=37
[17:13:49] push=  120329/s pop=  120579/s | tot push=1757991350 pop=1757891150 | errs p=0 c=172 empty=37
[17:13:59] push=  118399/s pop=  118417/s | tot push=1759175340 pop=1759075320 | errs p=0 c=172 empty=37
[17:14:09] push=  125183/s pop=  123587/s | tot push=1760427170 pop=1760311190 | errs p=0 c=172 empty=37
[17:14:19] push=  122127/s pop=  125125/s | tot push=1761648440 pop=1761562440 | errs p=0 c=172 empty=37
[17:14:29] push=  125868/s pop=  126394/s | tot push=1762907120 pop=1762826380 | errs p=0 c=172 empty=37
[17:14:39] push=  120991/s pop=  119976/s | tot push=1764117030 pop=1764026140 | errs p=0 c=172 empty=37
[17:14:49] push=  121260/s pop=  122188/s | tot push=1765329630 pop=1765248020 | errs p=0 c=172 empty=37
[17:14:59] push=  116899/s pop=  114719/s | tot push=1766498620 pop=1766395210 | errs p=0 c=172 empty=37
[17:15:09] push=  120866/s pop=  121241/s | tot push=1767707280 pop=1767607620 | errs p=0 c=172 empty=37
[17:15:19] push=  116425/s pop=  115627/s | tot push=1768871530 pop=1768763890 | errs p=0 c=172 empty=37
[17:15:29] push=  116399/s pop=  111825/s | tot push=1770035520 pop=1769882140 | errs p=0 c=172 empty=37
[17:15:39] push=  114743/s pop=  121334/s | tot push=1771182950 pop=1771095480 | errs p=0 c=172 empty=37
[17:15:49] push=  119354/s pop=  118791/s | tot push=1772376490 pop=1772283390 | errs p=0 c=172 empty=37
[17:15:59] push=  114795/s pop=  115153/s | tot push=1773524440 pop=1773434920 | errs p=0 c=172 empty=37
[17:16:09] push=  113695/s pop=  113873/s | tot push=1774661390 pop=1774573650 | errs p=0 c=172 empty=37
[17:16:19] push=  112091/s pop=  112071/s | tot push=1775782300 pop=1775694360 | errs p=0 c=172 empty=37
[17:16:29] push=  115365/s pop=  115428/s | tot push=1776935950 pop=1776848640 | errs p=0 c=172 empty=37
[17:16:39] push=  109391/s pop=  107997/s | tot push=1778029860 pop=1777928610 | errs p=0 c=172 empty=37
[17:16:49] push=  112934/s pop=  114017/s | tot push=1779159200 pop=1779068780 | errs p=0 c=172 empty=37
[17:16:59] push=  109891/s pop=  108165/s | tot push=1780258110 pop=1780150430 | errs p=0 c=172 empty=37
[17:17:09] push=  110042/s pop=  113042/s | tot push=1781358530 pop=1781280850 | errs p=0 c=172 empty=37
[17:17:19] push=  110963/s pop=  106756/s | tot push=1782468160 pop=1782348410 | errs p=0 c=172 empty=37
[17:17:29] push=  111354/s pop=  108274/s | tot push=1783581700 pop=1783431150 | errs p=0 c=172 empty=37
[17:17:39] push=  109998/s pop=  116286/s | tot push=1784681680 pop=1784594010 | errs p=0 c=172 empty=37
[17:17:49] push=  112748/s pop=  110403/s | tot push=1785809160 pop=1785698040 | errs p=0 c=172 empty=37
[17:17:59] push=  110449/s pop=  112994/s | tot push=1786913650 pop=1786827980 | errs p=0 c=172 empty=37
[17:18:09] push=  115336/s pop=  114971/s | tot push=1788067010 pop=1787977690 | errs p=0 c=172 empty=37
[17:18:19] push=  112163/s pop=  113760/s | tot push=1789188640 pop=1789115290 | errs p=0 c=172 empty=37
[17:18:29] push=  118193/s pop=  115255/s | tot push=1790370570 pop=1790267840 | errs p=0 c=172 empty=37
[17:18:39] push=  110442/s pop=  111265/s | tot push=1791474990 pop=1791380490 | errs p=0 c=172 empty=37
[17:18:49] push=  116137/s pop=  116787/s | tot push=1792636360 pop=1792548360 | errs p=0 c=172 empty=37
[17:18:59] push=  118059/s pop=  118225/s | tot push=1793816950 pop=1793730610 | errs p=0 c=172 empty=37
[17:19:09] push=  118001/s pop=  117696/s | tot push=1794996960 pop=1794907570 | errs p=0 c=172 empty=37
[17:19:19] push=  118549/s pop=  116130/s | tot push=1796182450 pop=1796068870 | errs p=0 c=172 empty=37
[17:19:29] push=  114960/s pop=  116390/s | tot push=1797332050 pop=1797232770 | errs p=0 c=172 empty=37
[17:19:39] push=  116353/s pop=  115661/s | tot push=1798495580 pop=1798389380 | errs p=0 c=172 empty=37
[17:19:49] push=  121741/s pop=  122626/s | tot push=1799712990 pop=1799615640 | errs p=0 c=172 empty=37
[17:19:59] push=  114665/s pop=  115468/s | tot push=1800859640 pop=1800770320 | errs p=0 c=172 empty=37
[17:20:09] push=  116687/s pop=  117918/s | tot push=1802026510 pop=1801949500 | errs p=0 c=172 empty=37
[17:20:19] push=  114496/s pop=  111416/s | tot push=1803171470 pop=1803063660 | errs p=0 c=172 empty=37
[17:20:29] push=  118879/s pop=  120135/s | tot push=1804360260 pop=1804265010 | errs p=0 c=172 empty=37
[17:20:39] push=  116396/s pop=  116485/s | tot push=1805524220 pop=1805429860 | errs p=0 c=172 empty=37
[17:20:49] push=  120875/s pop=  122107/s | tot push=1806732970 pop=1806650930 | errs p=0 c=172 empty=37
[17:20:59] push=  115692/s pop=  112906/s | tot push=1807889890 pop=1807779990 | errs p=0 c=172 empty=37
[17:21:09] push=  117705/s pop=  117937/s | tot push=1809066940 pop=1808959360 | errs p=0 c=172 empty=37
[17:21:19] push=  121204/s pop=  122894/s | tot push=1810278980 pop=1810188300 | errs p=0 c=172 empty=37
[17:21:29] push=  118980/s pop=  117770/s | tot push=1811468780 pop=1811366000 | errs p=0 c=172 empty=37
[17:21:39] push=  118105/s pop=  118745/s | tot push=1812649830 pop=1812553450 | errs p=0 c=172 empty=37
[17:21:49] push=  124176/s pop=  123660/s | tot push=1813891590 pop=1813790050 | errs p=0 c=172 empty=37
[17:21:59] push=  118895/s pop=  118720/s | tot push=1815080540 pop=1814977250 | errs p=0 c=172 empty=37
[17:22:09] push=  118915/s pop=  118455/s | tot push=1816269690 pop=1816161800 | errs p=0 c=172 empty=37
[17:22:19] push=  118248/s pop=  120043/s | tot push=1817452170 pop=1817362230 | errs p=0 c=172 empty=37
[17:22:29] push=  124577/s pop=  123861/s | tot push=1818697940 pop=1818600840 | errs p=0 c=172 empty=37
[17:22:39] push=  119747/s pop=  119408/s | tot push=1819895410 pop=1819794920 | errs p=0 c=172 empty=37
[17:22:49] push=  121581/s pop=  121967/s | tot push=1821111220 pop=1821014590 | errs p=0 c=172 empty=37
[17:22:59] push=  115393/s pop=  117323/s | tot push=1822265150 pop=1822187820 | errs p=0 c=172 empty=37
[17:23:09] push=  113198/s pop=  108841/s | tot push=1823397130 pop=1823276230 | errs p=0 c=172 empty=37
[17:23:19] push=  113210/s pop=  116297/s | tot push=1824529230 pop=1824439200 | errs p=0 c=172 empty=37
[17:23:29] push=  109577/s pop=  109676/s | tot push=1825625000 pop=1825535960 | errs p=0 c=172 empty=37
[17:23:39] push=  106599/s pop=  104356/s | tot push=1826690990 pop=1826579520 | errs p=0 c=172 empty=37
[17:23:49] push=  117239/s pop=  117874/s | tot push=1827863380 pop=1827758260 | errs p=0 c=172 empty=37
[17:23:59] push=  111936/s pop=  114131/s | tot push=1828982740 pop=1828899570 | errs p=0 c=172 empty=37
[17:24:09] push=  106987/s pop=  104938/s | tot push=1830052610 pop=1829948950 | errs p=0 c=172 empty=37
[17:24:19] push=  110015/s pop=  109246/s | tot push=1831152760 pop=1831041410 | errs p=0 c=172 empty=37
[17:24:29] push=  113405/s pop=  114145/s | tot push=1832286810 pop=1832182860 | errs p=0 c=172 empty=37
[17:24:39] push=  109273/s pop=  110222/s | tot push=1833379540 pop=1833285080 | errs p=0 c=172 empty=37
[17:24:49] push=  116275/s pop=  117424/s | tot push=1834542290 pop=1834459320 | errs p=0 c=172 empty=37
[17:24:59] push=  109650/s pop=  108609/s | tot push=1835638790 pop=1835545410 | errs p=0 c=172 empty=37
[17:25:09] push=  116369/s pop=  116906/s | tot push=1836802480 pop=1836714470 | errs p=0 c=172 empty=37
[17:25:19] push=  118122/s pop=  118250/s | tot push=1837983700 pop=1837896970 | errs p=0 c=172 empty=37
[17:25:29] push=  115669/s pop=  114488/s | tot push=1839140390 pop=1839041850 | errs p=0 c=172 empty=37
[17:25:39] push=  114475/s pop=  114199/s | tot push=1840285140 pop=1840183840 | errs p=0 c=172 empty=37
[17:25:49] push=  117574/s pop=  117097/s | tot push=1841460880 pop=1841354810 | errs p=0 c=172 empty=37
[17:25:59] push=  117282/s pop=  118801/s | tot push=1842633700 pop=1842542820 | errs p=0 c=172 empty=37
[17:26:09] push=  124543/s pop=  125191/s | tot push=1843879130 pop=1843794730 | errs p=0 c=172 empty=37
[17:26:19] push=  120804/s pop=  119713/s | tot push=1845087170 pop=1844991860 | errs p=0 c=172 empty=37
[17:26:29] push=  122164/s pop=  121567/s | tot push=1846308810 pop=1846207530 | errs p=0 c=172 empty=37
[17:26:39] push=  124091/s pop=  125274/s | tot push=1847549720 pop=1847460270 | errs p=0 c=172 empty=37
[17:26:49] push=  124992/s pop=  125237/s | tot push=1848799640 pop=1848712640 | errs p=0 c=172 empty=37
[17:26:59] push=  119160/s pop=  119856/s | tot push=1849991240 pop=1849911200 | errs p=0 c=172 empty=37
[17:27:09] push=  121615/s pop=  121611/s | tot push=1851207390 pop=1851127310 | errs p=0 c=172 empty=37
[17:27:19] push=  115531/s pop=  114477/s | tot push=1852362700 pop=1852272080 | errs p=0 c=172 empty=37
[17:27:29] push=  118542/s pop=  119083/s | tot push=1853548120 pop=1853462910 | errs p=0 c=172 empty=37
[17:27:39] push=  116232/s pop=  115041/s | tot push=1854710440 pop=1854613320 | errs p=0 c=172 empty=37
[17:27:49] push=  115788/s pop=  113992/s | tot push=1855868320 pop=1855753240 | errs p=0 c=172 empty=37
[17:27:59] push=  112750/s pop=  111841/s | tot push=1856995820 pop=1856871650 | errs p=0 c=172 empty=37
[17:28:09] push=  116952/s pop=  120395/s | tot push=1858165340 pop=1858075600 | errs p=0 c=172 empty=37
[17:28:19] push=  111321/s pop=  109597/s | tot push=1859278550 pop=1859171570 | errs p=0 c=172 empty=37
[17:28:29] push=  119724/s pop=  120486/s | tot push=1860475790 pop=1860376430 | errs p=0 c=172 empty=37
[17:28:39] push=  114801/s pop=  115995/s | tot push=1861623800 pop=1861536380 | errs p=0 c=172 empty=37
[17:28:49] push=  119705/s pop=  119084/s | tot push=1862820850 pop=1862727220 | errs p=0 c=172 empty=37
[17:28:59] push=  117831/s pop=  117561/s | tot push=1863999160 pop=1863902830 | errs p=0 c=172 empty=37
[17:29:09] push=  119368/s pop=  119769/s | tot push=1865192840 pop=1865100520 | errs p=0 c=172 empty=37
[17:29:19] push=  122124/s pop=  121007/s | tot push=1866414080 pop=1866310590 | errs p=0 c=172 empty=37
[17:29:29] push=  126807/s pop=  127489/s | tot push=1867682150 pop=1867585480 | errs p=0 c=172 empty=37
[17:29:39] push=  120792/s pop=  121825/s | tot push=1868890070 pop=1868803730 | errs p=0 c=172 empty=37
[17:29:49] push=  122872/s pop=  122512/s | tot push=1870118790 pop=1870028850 | errs p=0 c=172 empty=37
[17:29:59] push=  113829/s pop=  112495/s | tot push=1871257080 pop=1871153800 | errs p=0 c=172 empty=37
[17:30:09] push=  109050/s pop=  107146/s | tot push=1872347580 pop=1872225260 | errs p=0 c=172 empty=37
[17:30:19] push=  112647/s pop=  116576/s | tot push=1873474050 pop=1873391020 | errs p=0 c=172 empty=37
[17:30:29] push=  109080/s pop=  106893/s | tot push=1874564850 pop=1874459950 | errs p=0 c=172 empty=37
[17:30:39] push=  112570/s pop=  113834/s | tot push=1875690550 pop=1875598290 | errs p=0 c=172 empty=37
[17:30:49] push=  113654/s pop=  113713/s | tot push=1876827090 pop=1876735420 | errs p=0 c=172 empty=37
[17:30:59] push=  114512/s pop=  110757/s | tot push=1877972210 pop=1877842990 | errs p=0 c=172 empty=37
[17:31:09] push=  108555/s pop=  110889/s | tot push=1879057760 pop=1878951880 | errs p=0 c=172 empty=37
[17:31:19] push=  111023/s pop=  112135/s | tot push=1880167990 pop=1880073230 | errs p=0 c=172 empty=37
[17:31:29] push=  112320/s pop=  112821/s | tot push=1881291190 pop=1881201440 | errs p=0 c=172 empty=37
[17:31:39] push=  115310/s pop=  114609/s | tot push=1882444290 pop=1882347530 | errs p=0 c=172 empty=37
[17:31:49] push=  114786/s pop=  115822/s | tot push=1883592150 pop=1883505750 | errs p=0 c=172 empty=37
[17:31:59] push=  112109/s pop=  110016/s | tot push=1884713240 pop=1884605910 | errs p=0 c=172 empty=37
[17:32:09] push=  111604/s pop=  111929/s | tot push=1885829280 pop=1885725200 | errs p=0 c=172 empty=37
[17:32:19] push=  114693/s pop=  114701/s | tot push=1886976210 pop=1886872210 | errs p=0 c=172 empty=37
[17:32:29] push=  112370/s pop=  113738/s | tot push=1888099910 pop=1888009590 | errs p=0 c=172 empty=37
[17:32:39] push=  112817/s pop=  113075/s | tot push=1889228080 pop=1889140340 | errs p=0 c=172 empty=37
[17:32:49] push=  111926/s pop=  112266/s | tot push=1890347340 pop=1890263000 | errs p=0 c=172 empty=37
[17:32:59] push=  115965/s pop=  116737/s | tot push=1891506990 pop=1891430370 | errs p=0 c=172 empty=37
[17:33:09] push=  113530/s pop=  112224/s | tot push=1892642290 pop=1892552610 | errs p=0 c=172 empty=37
[17:33:19] push=  119330/s pop=  120178/s | tot push=1893835590 pop=1893754390 | errs p=0 c=172 empty=37
[17:33:29] push=  118750/s pop=  116430/s | tot push=1895023090 pop=1894918690 | errs p=0 c=172 empty=37
[17:33:39] push=  121201/s pop=  122190/s | tot push=1896235100 pop=1896140590 | errs p=0 c=172 empty=37
[17:33:49] push=  116980/s pop=  116093/s | tot push=1897404900 pop=1897301520 | errs p=0 c=172 empty=37
[17:33:59] push=  119111/s pop=  119742/s | tot push=1898596010 pop=1898498940 | errs p=0 c=172 empty=37
[17:34:09] push=  118754/s pop=  116549/s | tot push=1899783550 pop=1899664430 | errs p=0 c=172 empty=37
[17:34:19] push=  119376/s pop=  120304/s | tot push=1900977310 pop=1900867470 | errs p=0 c=172 empty=37
[17:34:29] push=  114385/s pop=  117325/s | tot push=1902121160 pop=1902040720 | errs p=0 c=172 empty=37
[17:34:39] push=  121175/s pop=  119885/s | tot push=1903332910 pop=1903239570 | errs p=0 c=172 empty=37
[17:34:49] push=  116104/s pop=  114640/s | tot push=1904493950 pop=1904385970 | errs p=0 c=172 empty=37
[17:34:59] push=  119620/s pop=  121253/s | tot push=1905690150 pop=1905598500 | errs p=0 c=172 empty=37
[17:35:09] push=  115477/s pop=  116647/s | tot push=1906844920 pop=1906764970 | errs p=0 c=172 empty=37
[17:35:19] push=  119147/s pop=  118160/s | tot push=1908036390 pop=1907946570 | errs p=0 c=172 empty=37
[17:35:29] push=  118458/s pop=  117420/s | tot push=1909220970 pop=1909120770 | errs p=0 c=172 empty=37
[17:35:39] push=  123204/s pop=  122010/s | tot push=1910453010 pop=1910340870 | errs p=0 c=172 empty=37
[17:35:49] push=  121474/s pop=  123287/s | tot push=1911667750 pop=1911573740 | errs p=0 c=172 empty=37
[17:35:59] push=  120202/s pop=  120839/s | tot push=1912869770 pop=1912782130 | errs p=0 c=172 empty=37
[17:36:09] push=  116835/s pop=  112080/s | tot push=1914038120 pop=1913902930 | errs p=0 c=172 empty=37
[17:36:19] push=  120504/s pop=  123724/s | tot push=1915243160 pop=1915140170 | errs p=0 c=172 empty=37
[17:36:29] push=  111776/s pop=  111058/s | tot push=1916360920 pop=1916250750 | errs p=0 c=172 empty=37
[17:36:39] push=  115218/s pop=  116378/s | tot push=1917513100 pop=1917414530 | errs p=0 c=172 empty=37
[17:36:49] push=  115457/s pop=  116000/s | tot push=1918667670 pop=1918574530 | errs p=0 c=172 empty=37
[17:36:59] push=  114772/s pop=  113462/s | tot push=1919815390 pop=1919709150 | errs p=0 c=172 empty=37
[17:37:09] push=  108325/s pop=  111806/s | tot push=1920898640 pop=1920827210 | errs p=0 c=172 empty=37
[17:37:19] push=  107407/s pop=  106075/s | tot push=1921972710 pop=1921887960 | errs p=0 c=172 empty=37
[17:37:29] push=  110537/s pop=  107093/s | tot push=1923078080 pop=1922958890 | errs p=0 c=172 empty=37
[17:37:39] push=  108737/s pop=  110785/s | tot push=1924165450 pop=1924066740 | errs p=0 c=172 empty=37
[17:37:49] push=  109448/s pop=  108694/s | tot push=1925259930 pop=1925153680 | errs p=0 c=172 empty=37
[17:37:59] push=  110716/s pop=  107813/s | tot push=1926367090 pop=1926231810 | errs p=0 c=172 empty=37
[17:38:09] push=  109808/s pop=  113526/s | tot push=1927465170 pop=1927367070 | errs p=0 c=172 empty=37
[17:38:19] push=  114358/s pop=  114513/s | tot push=1928608750 pop=1928512200 | errs p=0 c=172 empty=37
[17:38:29] push=  115973/s pop=  116920/s | tot push=1929768480 pop=1929681400 | errs p=0 c=172 empty=37
[17:38:39] push=  111611/s pop=  107149/s | tot push=1930884590 pop=1930752890 | errs p=0 c=172 empty=37
[17:38:49] push=  116029/s pop=  120285/s | tot push=1932044880 pop=1931955740 | errs p=0 c=172 empty=37
[17:38:59] push=  118733/s pop=  117950/s | tot push=1933232210 pop=1933135240 | errs p=0 c=172 empty=37
[17:39:09] push=  116101/s pop=  116613/s | tot push=1934393220 pop=1934301370 | errs p=0 c=172 empty=37
[17:39:19] push=  119021/s pop=  119196/s | tot push=1935583430 pop=1935493330 | errs p=0 c=172 empty=37
[17:39:29] push=  117662/s pop=  117400/s | tot push=1936760050 pop=1936667330 | errs p=0 c=172 empty=37
[17:39:39] push=  121382/s pop=  120406/s | tot push=1937973870 pop=1937871390 | errs p=0 c=172 empty=37
[17:39:49] push=  117469/s pop=  118448/s | tot push=1939148560 pop=1939055870 | errs p=0 c=172 empty=37
[17:39:59] push=  121079/s pop=  121480/s | tot push=1940359350 pop=1940270670 | errs p=0 c=172 empty=37
[17:40:09] push=  119695/s pop=  119577/s | tot push=1941556300 pop=1941466440 | errs p=0 c=172 empty=37
[17:40:19] push=  122894/s pop=  122864/s | tot push=1942785240 pop=1942695080 | errs p=0 c=172 empty=37
[17:40:29] push=  122082/s pop=  122030/s | tot push=1944006060 pop=1943915380 | errs p=0 c=172 empty=37
[17:40:39] push=  121349/s pop=  116740/s | tot push=1945219550 pop=1945082780 | errs p=0 c=172 empty=37
[17:40:49] push=  118528/s pop=  121837/s | tot push=1946404830 pop=1946301150 | errs p=0 c=172 empty=37
[17:40:59] push=  119308/s pop=  121656/s | tot push=1947597910 pop=1947517710 | errs p=0 c=172 empty=37
[17:41:09] push=  119974/s pop=  118067/s | tot push=1948797650 pop=1948698380 | errs p=0 c=172 empty=37
[17:41:19] push=  119847/s pop=  120007/s | tot push=1949996120 pop=1949898450 | errs p=0 c=172 empty=37
[17:41:29] push=  119069/s pop=  118953/s | tot push=1951186810 pop=1951087980 | errs p=0 c=172 empty=37
[17:41:39] push=  121201/s pop=  122436/s | tot push=1952398820 pop=1952312340 | errs p=0 c=172 empty=37
[17:41:49] push=  117280/s pop=  117257/s | tot push=1953571620 pop=1953484910 | errs p=0 c=172 empty=37
[17:41:59] push=  117708/s pop=  115943/s | tot push=1954748700 pop=1954644340 | errs p=0 c=172 empty=37
[17:42:09] push=  116697/s pop=  119308/s | tot push=1955915670 pop=1955837420 | errs p=0 c=172 empty=37
[17:42:19] push=  118804/s pop=  116984/s | tot push=1957103710 pop=1957007260 | errs p=0 c=172 empty=37
[17:42:29] push=  115495/s pop=  116777/s | tot push=1958258660 pop=1958175030 | errs p=0 c=172 empty=38
[17:42:39] push=  112160/s pop=  111214/s | tot push=1959380260 pop=1959287170 | errs p=0 c=172 empty=38
[17:42:49] push=  111116/s pop=  111049/s | tot push=1960491420 pop=1960397660 | errs p=0 c=172 empty=38
[17:42:59] push=  116925/s pop=  116113/s | tot push=1961660670 pop=1961558790 | errs p=0 c=172 empty=38
[17:43:09] push=  114891/s pop=  116974/s | tot push=1962809580 pop=1962728530 | errs p=0 c=172 empty=38
[17:43:19] push=  119597/s pop=  118172/s | tot push=1964005550 pop=1963910250 | errs p=0 c=172 empty=38
[17:43:29] push=  119767/s pop=  119020/s | tot push=1965203220 pop=1965100450 | errs p=0 c=172 empty=38
[17:43:39] push=  120530/s pop=  121548/s | tot push=1966408520 pop=1966315930 | errs p=0 c=172 empty=38
[17:43:49] push=  115567/s pop=  115461/s | tot push=1967564190 pop=1967470540 | errs p=0 c=172 empty=38
[17:43:59] push=  115336/s pop=  115165/s | tot push=1968717550 pop=1968622190 | errs p=0 c=172 empty=38
[17:44:09] push=  113427/s pop=  113410/s | tot push=1969851820 pop=1969756290 | errs p=0 c=172 empty=38
[17:44:19] push=  116070/s pop=  116619/s | tot push=1971012520 pop=1970922480 | errs p=0 c=172 empty=38
[17:44:29] push=  112637/s pop=  113528/s | tot push=1972138890 pop=1972057760 | errs p=0 c=172 empty=38
[17:44:39] push=  112325/s pop=  108475/s | tot push=1973262140 pop=1973142510 | errs p=0 c=172 empty=38
[17:44:49] push=  111579/s pop=  113693/s | tot push=1974377930 pop=1974279440 | errs p=0 c=172 empty=38
[17:44:59] push=  115908/s pop=  115680/s | tot push=1975537010 pop=1975436240 | errs p=0 c=172 empty=38
[17:45:09] push=  115599/s pop=  117157/s | tot push=1976693000 pop=1976607810 | errs p=0 c=172 empty=38
[17:45:19] push=  118620/s pop=  117944/s | tot push=1977879200 pop=1977787250 | errs p=0 c=172 empty=38
[17:45:29] push=  114579/s pop=  114580/s | tot push=1979024990 pop=1978933050 | errs p=0 c=172 empty=38
[17:45:39] push=  113527/s pop=  114121/s | tot push=1980160260 pop=1980074260 | errs p=0 c=172 empty=38
[17:45:49] push=  114452/s pop=  113573/s | tot push=1981304780 pop=1981209990 | errs p=0 c=172 empty=38
[17:45:59] push=  120126/s pop=  120292/s | tot push=1982506040 pop=1982412910 | errs p=0 c=172 empty=38
[17:46:09] push=  117919/s pop=  117766/s | tot push=1983685230 pop=1983590570 | errs p=0 c=172 empty=38
[17:46:19] push=  116974/s pop=  116580/s | tot push=1984854970 pop=1984756370 | errs p=0 c=172 empty=38
[17:46:29] push=  118160/s pop=  116444/s | tot push=1986036570 pop=1985920810 | errs p=0 c=172 empty=38
[17:46:39] push=  120836/s pop=  120718/s | tot push=1987244930 pop=1987127990 | errs p=0 c=172 empty=38
[17:46:49] push=  112807/s pop=  115389/s | tot push=1988373000 pop=1988281880 | errs p=0 c=172 empty=38
[17:46:59] push=  115549/s pop=  114782/s | tot push=1989528490 pop=1989429700 | errs p=0 c=172 empty=38
[17:47:09] push=  115289/s pop=  115418/s | tot push=1990681380 pop=1990583880 | errs p=0 c=172 empty=38
[17:47:19] push=  118746/s pop=  118835/s | tot push=1991868840 pop=1991772230 | errs p=0 c=172 empty=38
[17:47:29] push=  117433/s pop=  118137/s | tot push=1993043170 pop=1992953600 | errs p=0 c=172 empty=38
[17:47:39] push=  119571/s pop=  119042/s | tot push=1994238880 pop=1994144020 | errs p=0 c=172 empty=38
[17:47:49] push=  117196/s pop=  117635/s | tot push=1995410840 pop=1995320370 | errs p=0 c=172 empty=38
[17:47:59] push=  125798/s pop=  126309/s | tot push=1996668820 pop=1996583460 | errs p=0 c=172 empty=38
[17:48:09] push=  120368/s pop=  119125/s | tot push=1997872500 pop=1997774710 | errs p=0 c=172 empty=38
[17:48:19] push=  122779/s pop=  123504/s | tot push=1999100290 pop=1999009750 | errs p=0 c=172 empty=38
[17:48:29] push=  123003/s pop=  122760/s | tot push=2000330320 pop=2000237350 | errs p=0 c=172 empty=38
[17:48:39] push=  122442/s pop=  122583/s | tot push=2001554740 pop=2001463180 | errs p=0 c=172 empty=38
[17:48:49] push=  117393/s pop=  116979/s | tot push=2002728670 pop=2002632970 | errs p=0 c=172 empty=38
[17:48:59] push=  119936/s pop=  120409/s | tot push=2003928030 pop=2003837060 | errs p=0 c=172 empty=38
[17:49:09] push=  119544/s pop=  119258/s | tot push=2005123470 pop=2005029640 | errs p=0 c=172 empty=38
[17:49:19] push=  124311/s pop=  124974/s | tot push=2006366580 pop=2006279380 | errs p=0 c=172 empty=38
[17:49:29] push=  121898/s pop=  122745/s | tot push=2007585560 pop=2007506830 | errs p=0 c=172 empty=39
[17:49:39] push=  118868/s pop=  117442/s | tot push=2008774240 pop=2008681250 | errs p=0 c=172 empty=39
[17:49:49] push=  112497/s pop=  111461/s | tot push=2009899210 pop=2009795860 | errs p=0 c=172 empty=39
[17:49:59] push=  115902/s pop=  117207/s | tot push=2011058230 pop=2010967930 | errs p=0 c=172 empty=39
[17:50:09] push=  118296/s pop=  118163/s | tot push=2012241190 pop=2012149560 | errs p=0 c=172 empty=39
[17:50:19] push=  119135/s pop=  120156/s | tot push=2013432540 pop=2013351120 | errs p=0 c=172 empty=39
[17:50:29] push=  116839/s pop=  115614/s | tot push=2014600930 pop=2014507260 | errs p=0 c=172 empty=39
[17:50:39] push=  119399/s pop=  119242/s | tot push=2015794920 pop=2015699680 | errs p=0 c=172 empty=39
[17:50:49] push=  110033/s pop=  108606/s | tot push=2016895250 pop=2016785740 | errs p=0 c=172 empty=39
[17:50:59] push=  107193/s pop=  100721/s | tot push=2017967180 pop=2017792950 | errs p=0 c=172 empty=39
[17:51:09] push=  108862/s pop=  110479/s | tot push=2019055800 pop=2018897740 | errs p=0 c=172 empty=39
[17:51:19] push=  107045/s pop=  110053/s | tot push=2020126250 pop=2019998270 | errs p=0 c=172 empty=39
[17:51:29] push=  107874/s pop=  111120/s | tot push=2021204990 pop=2021109470 | errs p=0 c=172 empty=39
[17:51:39] push=  105617/s pop=  105715/s | tot push=2022261160 pop=2022166620 | errs p=0 c=172 empty=39
[17:51:49] push=  107819/s pop=  106997/s | tot push=2023339350 pop=2023236590 | errs p=0 c=172 empty=39
[17:51:59] push=  108041/s pop=  108237/s | tot push=2024419760 pop=2024318960 | errs p=0 c=172 empty=39
[17:52:09] push=  111401/s pop=  111767/s | tot push=2025533770 pop=2025436630 | errs p=0 c=172 empty=39
[17:52:19] push=  106913/s pop=  105464/s | tot push=2026602900 pop=2026491270 | errs p=0 c=172 empty=41
[17:52:29] push=  109050/s pop=  112012/s | tot push=2027693400 pop=2027611390 | errs p=0 c=172 empty=41
[17:52:39] push=  113505/s pop=  112017/s | tot push=2028828450 pop=2028731560 | errs p=0 c=172 empty=41
[17:52:49] push=  120995/s pop=  121056/s | tot push=2030038400 pop=2029942120 | errs p=0 c=172 empty=41
[17:52:59] push=  117196/s pop=  116760/s | tot push=2031210360 pop=2031109720 | errs p=0 c=172 empty=41
[17:53:09] push=  111679/s pop=  111018/s | tot push=2032327150 pop=2032219900 | errs p=0 c=172 empty=41
[17:53:19] push=  118552/s pop=  120767/s | tot push=2033512670 pop=2033427570 | errs p=0 c=172 empty=41
[17:53:29] push=  117963/s pop=  117778/s | tot push=2034692300 pop=2034605350 | errs p=0 c=172 empty=41
[17:53:39] push=  115083/s pop=  114000/s | tot push=2035843130 pop=2035745350 | errs p=0 c=172 empty=41
[17:53:49] push=  118186/s pop=  119479/s | tot push=2037024990 pop=2036940140 | errs p=0 c=172 empty=41
[17:53:59] push=  110892/s pop=  110883/s | tot push=2038133910 pop=2038048970 | errs p=0 c=172 empty=41
[17:54:09] push=  115627/s pop=  112897/s | tot push=2039290180 pop=2039177940 | errs p=0 c=172 empty=41
[17:54:19] push=  114288/s pop=  115761/s | tot push=2040433060 pop=2040335550 | errs p=0 c=172 empty=41
[17:54:29] push=  118583/s pop=  120228/s | tot push=2041618890 pop=2041537830 | errs p=0 c=172 empty=41
[17:54:39] push=  119047/s pop=  118353/s | tot push=2042809360 pop=2042721360 | errs p=0 c=172 empty=41
[17:54:49] push=  122212/s pop=  122142/s | tot push=2044031480 pop=2043942780 | errs p=0 c=172 empty=41
[17:54:59] push=  117921/s pop=  117400/s | tot push=2045210690 pop=2045116780 | errs p=0 c=172 empty=41
[17:55:09] push=  120042/s pop=  119846/s | tot push=2046411110 pop=2046315240 | errs p=0 c=172 empty=41
[17:55:19] push=  111845/s pop=  112012/s | tot push=2047529560 pop=2047435360 | errs p=0 c=172 empty=41
[17:55:29] push=  120392/s pop=  118087/s | tot push=2048733480 pop=2048616230 | errs p=0 c=172 empty=41
[17:55:39] push=  116911/s pop=  119439/s | tot push=2049902590 pop=2049810620 | errs p=0 c=172 empty=41
[17:55:49] push=  120538/s pop=  120799/s | tot push=2051107970 pop=2051018610 | errs p=0 c=172 empty=41
[17:55:59] push=  118221/s pop=  118943/s | tot push=2052290180 pop=2052208040 | errs p=0 c=172 empty=41
[17:56:09] push=  120432/s pop=  119236/s | tot push=2053494500 pop=2053400400 | errs p=0 c=172 empty=41
[17:56:19] push=  121407/s pop=  122172/s | tot push=2054708570 pop=2054622120 | errs p=0 c=172 empty=41
[17:56:29] push=  122172/s pop=  122192/s | tot push=2055930290 pop=2055844040 | errs p=0 c=172 empty=41
[17:56:39] push=  115817/s pop=  115951/s | tot push=2057088460 pop=2057003550 | errs p=0 c=172 empty=42
[17:56:49] push=  122511/s pop=  121951/s | tot push=2058313570 pop=2058223060 | errs p=0 c=172 empty=42
[17:56:59] push=  115149/s pop=  116206/s | tot push=2059465060 pop=2059385120 | errs p=0 c=172 empty=42
[17:57:09] push=  118411/s pop=  117375/s | tot push=2060649170 pop=2060558870 | errs p=0 c=172 empty=42
[17:57:19] push=  113101/s pop=  109695/s | tot push=2061780180 pop=2061655820 | errs p=0 c=172 empty=42
[17:57:29] push=  121317/s pop=  125279/s | tot push=2062993350 pop=2062908610 | errs p=0 c=172 empty=42
[17:57:39] push=  117457/s pop=  117056/s | tot push=2064167920 pop=2064079170 | errs p=0 c=172 empty=42
[17:57:49] push=  111875/s pop=  111462/s | tot push=2065286670 pop=2065193790 | errs p=0 c=172 empty=42
[17:57:59] push=  107491/s pop=  107438/s | tot push=2066361580 pop=2066268170 | errs p=0 c=172 empty=42
[17:58:09] push=  107527/s pop=  108182/s | tot push=2067436850 pop=2067349990 | errs p=0 c=172 empty=42
[17:58:19] push=  108062/s pop=  106149/s | tot push=2068517470 pop=2068411480 | errs p=0 c=172 empty=42
[17:58:29] push=  105945/s pop=  106285/s | tot push=2069576920 pop=2069474330 | errs p=0 c=172 empty=43
[17:58:39] push=  107720/s pop=  108482/s | tot push=2070654120 pop=2070559150 | errs p=0 c=172 empty=43
[17:58:49] push=  108037/s pop=  107165/s | tot push=2071734490 pop=2071630800 | errs p=0 c=172 empty=43
[17:58:59] push=  109426/s pop=  110487/s | tot push=2072828750 pop=2072735670 | errs p=0 c=172 empty=43
[17:59:09] push=  113322/s pop=  112122/s | tot push=2073961970 pop=2073856890 | errs p=0 c=172 empty=43
[17:59:19] push=  112744/s pop=  115465/s | tot push=2075089410 pop=2075011540 | errs p=0 c=172 empty=43
[17:59:29] push=  106492/s pop=   99171/s | tot push=2076154330 pop=2076003250 | errs p=0 c=172 empty=43
[17:59:39] push=  115273/s pop=  120907/s | tot push=2077307060 pop=2077212320 | errs p=0 c=172 empty=43
[17:59:49] push=  120011/s pop=  120799/s | tot push=2078507170 pop=2078420310 | errs p=0 c=172 empty=43
[17:59:59] push=  119239/s pop=  119788/s | tot push=2079699560 pop=2079618190 | errs p=0 c=172 empty=44
[18:00:09] push=  121265/s pop=  119979/s | tot push=2080912210 pop=2080817980 | errs p=0 c=172 empty=44
[18:00:19] push=  122761/s pop=  123429/s | tot push=2082139820 pop=2082052270 | errs p=0 c=172 empty=44
[18:00:29] push=  120668/s pop=  120576/s | tot push=2083346500 pop=2083258030 | errs p=0 c=172 empty=44
[18:00:39] push=  116238/s pop=  114326/s | tot push=2084508880 pop=2084401290 | errs p=0 c=172 empty=44
[18:00:49] push=  121863/s pop=  122984/s | tot push=2085727510 pop=2085631130 | errs p=0 c=172 empty=44
[18:00:59] push=  114403/s pop=  114907/s | tot push=2086871540 pop=2086780200 | errs p=0 c=172 empty=44
[18:01:09] push=  112959/s pop=  110458/s | tot push=2088001130 pop=2087884780 | errs p=0 c=172 empty=44
[18:01:19] push=  112642/s pop=  115839/s | tot push=2089127550 pop=2089043170 | errs p=0 c=172 empty=44
[18:01:29] push=  121091/s pop=  120461/s | tot push=2090338460 pop=2090247780 | errs p=0 c=172 empty=44
[18:01:39] push=  111457/s pop=  108260/s | tot push=2091453030 pop=2091330380 | errs p=0 c=172 empty=44
[18:01:49] push=  118031/s pop=  121103/s | tot push=2092633340 pop=2092541410 | errs p=0 c=172 empty=44
[18:01:59] push=  119659/s pop=  119687/s | tot push=2093829930 pop=2093738280 | errs p=0 c=172 empty=44
[18:02:09] push=  118797/s pop=  118408/s | tot push=2095017900 pop=2094922360 | errs p=0 c=172 empty=44
[18:02:19] push=  117078/s pop=  117151/s | tot push=2096188680 pop=2096093870 | errs p=0 c=172 empty=44
[18:02:29] push=  119372/s pop=  118912/s | tot push=2097382400 pop=2097282990 | errs p=0 c=172 empty=44
[18:02:39] push=  117319/s pop=  117937/s | tot push=2098555590 pop=2098462360 | errs p=0 c=172 empty=44
[18:02:49] push=  119050/s pop=  118623/s | tot push=2099746090 pop=2099648590 | errs p=0 c=172 empty=44
[18:02:59] push=  122594/s pop=  122885/s | tot push=2100972030 pop=2100877440 | errs p=0 c=172 empty=44
[18:03:09] push=  121627/s pop=  121376/s | tot push=2102188300 pop=2102091200 | errs p=0 c=172 empty=44
[18:03:19] push=  116612/s pop=  116492/s | tot push=2103354420 pop=2103256120 | errs p=0 c=172 empty=44
[18:03:29] push=  124189/s pop=  123849/s | tot push=2104596310 pop=2104494610 | errs p=0 c=172 empty=44
[18:03:39] push=  119255/s pop=  119857/s | tot push=2105788860 pop=2105693180 | errs p=0 c=172 empty=44
[18:03:49] push=  114125/s pop=  114836/s | tot push=2106930110 pop=2106841540 | errs p=0 c=172 empty=44
[18:03:59] push=  118618/s pop=  115002/s | tot push=2108116290 pop=2107991560 | errs p=0 c=172 empty=44
[18:04:09] push=  119015/s pop=  121788/s | tot push=2109306440 pop=2109209440 | errs p=0 c=172 empty=44
[18:04:19] push=  117951/s pop=  118088/s | tot push=2110485950 pop=2110390320 | errs p=0 c=172 empty=44
[18:04:29] push=  118267/s pop=  119488/s | tot push=2111668620 pop=2111585200 | errs p=0 c=172 empty=44
[18:04:39] push=  112817/s pop=  112079/s | tot push=2112796790 pop=2112705990 | errs p=0 c=172 empty=44
[18:04:49] push=  113377/s pop=  113600/s | tot push=2113930560 pop=2113841990 | errs p=0 c=172 empty=44
[18:04:59] push=  109492/s pop=  106379/s | tot push=2115025480 pop=2114905780 | errs p=0 c=172 empty=44
[18:05:09] push=  108901/s pop=  111436/s | tot push=2116114490 pop=2116020140 | errs p=0 c=172 empty=44
[18:05:19] push=  107061/s pop=  105704/s | tot push=2117185100 pop=2117077180 | errs p=0 c=172 empty=44
[18:05:29] push=  112119/s pop=  114939/s | tot push=2118306290 pop=2118226570 | errs p=0 c=172 empty=44
[18:05:39] push=  108448/s pop=  105938/s | tot push=2119390770 pop=2119285950 | errs p=0 c=172 empty=44
[18:05:49] push=  110037/s pop=  106339/s | tot push=2120491140 pop=2120349340 | errs p=0 c=172 empty=44
[18:05:59] push=  107564/s pop=  107176/s | tot push=2121566780 pop=2121421100 | errs p=0 c=172 empty=44
[18:06:09] push=  107730/s pop=  112350/s | tot push=2122644080 pop=2122544600 | errs p=0 c=172 empty=44
[18:06:19] push=  112585/s pop=  113004/s | tot push=2123769930 pop=2123674640 | errs p=0 c=172 empty=44
[18:06:29] push=  118711/s pop=  119718/s | tot push=2124957040 pop=2124871820 | errs p=0 c=172 empty=44
[18:06:39] push=  117037/s pop=  116018/s | tot push=2126127410 pop=2126032000 | errs p=0 c=172 empty=44
[18:06:49] push=  115516/s pop=  113887/s | tot push=2127282570 pop=2127170870 | errs p=0 c=172 empty=44
[18:06:59] push=  118498/s pop=  120858/s | tot push=2128467550 pop=2128379450 | errs p=0 c=172 empty=44
[18:07:09] push=  122550/s pop=  123017/s | tot push=2129693050 pop=2129609620 | errs p=0 c=172 empty=44
[18:07:19] push=  119324/s pop=  118888/s | tot push=2130886290 pop=2130798500 | errs p=0 c=172 empty=44
[18:07:29] push=  123328/s pop=  121793/s | tot push=2132119570 pop=2132016430 | errs p=0 c=172 empty=44
[18:07:39] push=  120043/s pop=  121566/s | tot push=2133320000 pop=2133232090 | errs p=0 c=172 empty=44
[18:07:49] push=  122426/s pop=  121051/s | tot push=2134544260 pop=2134442600 | errs p=0 c=172 empty=44
[18:07:59] push=  117620/s pop=  113263/s | tot push=2135720460 pop=2135575230 | errs p=0 c=172 empty=44
[18:08:09] push=  122653/s pop=  129576/s | tot push=2136946990 pop=2136870990 | errs p=0 c=172 empty=44
[18:08:19] push=  120098/s pop=  118935/s | tot push=2138147970 pop=2138060340 | errs p=0 c=172 empty=44
[18:08:29] push=  121114/s pop=  120414/s | tot push=2139359110 pop=2139264480 | errs p=0 c=172 empty=44
[18:08:39] push=  113256/s pop=  113871/s | tot push=2140491670 pop=2140403190 | errs p=0 c=172 empty=44
[18:08:49] push=  113793/s pop=  112438/s | tot push=2141629600 pop=2141527570 | errs p=0 c=172 empty=44
[18:08:59] push=  111128/s pop=  111430/s | tot push=2142740880 pop=2142641870 | errs p=0 c=172 empty=44
[18:09:09] push=  119159/s pop=  119280/s | tot push=2143932470 pop=2143834670 | errs p=0 c=172 empty=44
[18:09:19] push=  114804/s pop=  116227/s | tot push=2145080510 pop=2144996940 | errs p=0 c=172 empty=44
[18:09:29] push=  117295/s pop=  116146/s | tot push=2146253460 pop=2146158400 | errs p=0 c=172 empty=44
[18:09:39] push=  116616/s pop=  118028/s | tot push=2147419620 pop=2147338680 | errs p=0 c=172 empty=44
[18:09:49] push=  117967/s pop=  116834/s | tot push=2148599290 pop=2148507020 | errs p=0 c=172 empty=44
[18:09:59] push=  116659/s pop=  116842/s | tot push=2149765880 pop=2149675440 | errs p=0 c=172 empty=44
[18:10:09] push=  117877/s pop=  117607/s | tot push=2150944650 pop=2150851510 | errs p=0 c=172 empty=44
[18:10:19] push=  120946/s pop=  122057/s | tot push=2152154110 pop=2152072080 | errs p=0 c=172 empty=44
[18:10:29] push=  121290/s pop=  117796/s | tot push=2153367010 pop=2153250040 | errs p=0 c=172 empty=44
[18:10:39] push=  115516/s pop=  117910/s | tot push=2154522170 pop=2154429140 | errs p=0 c=172 empty=44
[18:10:49] push=  123374/s pop=  122838/s | tot push=2155755910 pop=2155657520 | errs p=0 c=172 empty=44
[18:10:59] push=  117637/s pop=  118822/s | tot push=2156932280 pop=2156845740 | errs p=0 c=172 empty=44
[18:11:09] push=  117190/s pop=  117025/s | tot push=2158104180 pop=2158015990 | errs p=0 c=172 empty=44
[18:11:19] push=  113807/s pop=  113171/s | tot push=2159242250 pop=2159147700 | errs p=0 c=172 empty=44
[18:11:29] push=  119292/s pop=  120009/s | tot push=2160435170 pop=2160347790 | errs p=0 c=172 empty=44
[18:11:39] push=  115394/s pop=  114628/s | tot push=2161589110 pop=2161494070 | errs p=0 c=172 empty=44
[18:11:49] push=  107917/s pop=  107592/s | tot push=2162668280 pop=2162569990 | errs p=0 c=172 empty=44
[18:11:59] push=  114612/s pop=  113764/s | tot push=2163814400 pop=2163707630 | errs p=0 c=172 empty=44
[18:12:09] push=  113235/s pop=  114706/s | tot push=2164946750 pop=2164854690 | errs p=0 c=172 empty=44
[18:12:19] push=  107658/s pop=  102083/s | tot push=2166023330 pop=2165875520 | errs p=0 c=172 empty=44
[18:12:29] push=  115415/s pop=  119818/s | tot push=2167177480 pop=2167073700 | errs p=0 c=172 empty=44
[18:12:39] push=  114665/s pop=  115588/s | tot push=2168324130 pop=2168229580 | errs p=0 c=172 empty=44
[18:12:49] push=  111861/s pop=  111781/s | tot push=2169442740 pop=2169347390 | errs p=0 c=172 empty=44
[18:12:59] push=  116392/s pop=  114747/s | tot push=2170606660 pop=2170494860 | errs p=0 c=172 empty=44
[18:13:09] push=  117092/s pop=  119121/s | tot push=2171777580 pop=2171686070 | errs p=0 c=172 empty=44
[18:13:19] push=  117067/s pop=  117210/s | tot push=2172948250 pop=2172858170 | errs p=0 c=172 empty=44
[18:13:29] push=  113868/s pop=  114556/s | tot push=2174086930 pop=2174003730 | errs p=0 c=172 empty=44
[18:13:39] push=  116469/s pop=  115446/s | tot push=2175251620 pop=2175158190 | errs p=0 c=172 empty=44
[18:13:49] push=  119544/s pop=  120520/s | tot push=2176447060 pop=2176363390 | errs p=0 c=172 empty=44
[18:13:59] push=  119781/s pop=  118614/s | tot push=2177644870 pop=2177549530 | errs p=0 c=172 empty=44
[18:14:09] push=  120489/s pop=  120554/s | tot push=2178849760 pop=2178755070 | errs p=0 c=172 empty=44
[18:14:19] push=  120307/s pop=  120050/s | tot push=2180052830 pop=2179955570 | errs p=0 c=172 empty=44
[18:14:29] push=  117117/s pop=  117673/s | tot push=2181224000 pop=2181132300 | errs p=0 c=172 empty=44
[18:14:39] push=  117963/s pop=  118216/s | tot push=2182403630 pop=2182314460 | errs p=0 c=172 empty=44
[18:14:49] push=  122754/s pop=  122376/s | tot push=2183631170 pop=2183538220 | errs p=0 c=172 empty=44
[18:14:59] push=  120657/s pop=  118880/s | tot push=2184837740 pop=2184727020 | errs p=0 c=172 empty=44
[18:15:09] push=  119699/s pop=  121523/s | tot push=2186034730 pop=2185942250 | errs p=0 c=172 empty=44
[18:15:19] push=  121091/s pop=  121109/s | tot push=2187245640 pop=2187153340 | errs p=0 c=172 empty=44
[18:15:29] push=  123816/s pop=  123436/s | tot push=2188483800 pop=2188387700 | errs p=0 c=172 empty=44
[18:15:39] push=  117094/s pop=  116235/s | tot push=2189654740 pop=2189550050 | errs p=0 c=172 empty=44
[18:15:49] push=  118968/s pop=  119703/s | tot push=2190844420 pop=2190747080 | errs p=0 c=172 empty=44
[18:15:59] push=  123050/s pop=  122789/s | tot push=2192074920 pop=2191974970 | errs p=0 c=172 empty=44
[18:16:09] push=  117135/s pop=  118767/s | tot push=2193246270 pop=2193162640 | errs p=0 c=172 empty=44
[18:16:19] push=  115781/s pop=  115387/s | tot push=2194404080 pop=2194316510 | errs p=0 c=172 empty=44
[18:16:29] push=  119532/s pop=  117356/s | tot push=2195599400 pop=2195490070 | errs p=0 c=172 empty=44
[18:16:39] push=  113870/s pop=  114214/s | tot push=2196738100 pop=2196632210 | errs p=0 c=172 empty=44
[18:16:49] push=  118195/s pop=  118557/s | tot push=2197920050 pop=2197817780 | errs p=0 c=172 empty=44
[18:16:59] push=  118339/s pop=  119459/s | tot push=2199103440 pop=2199012370 | errs p=0 c=172 empty=44
[18:17:09] push=  122012/s pop=  123405/s | tot push=2200323560 pop=2200246420 | errs p=0 c=172 empty=44
[18:17:19] push=  118521/s pop=  117631/s | tot push=2201508770 pop=2201422730 | errs p=0 c=172 empty=44
[18:17:29] push=  121902/s pop=  120746/s | tot push=2202727790 pop=2202630190 | errs p=0 c=172 empty=44
[18:17:39] push=  118402/s pop=  120390/s | tot push=2203911810 pop=2203834090 | errs p=0 c=172 empty=44
[18:17:49] push=  116439/s pop=  115309/s | tot push=2205076200 pop=2204987180 | errs p=0 c=172 empty=44
[18:17:59] push=  118789/s pop=  118397/s | tot push=2206264090 pop=2206171150 | errs p=0 c=172 empty=44
[18:18:09] push=  122081/s pop=  122398/s | tot push=2207484900 pop=2207395130 | errs p=0 c=172 empty=44
[18:18:19] push=  119275/s pop=  118821/s | tot push=2208677650 pop=2208583340 | errs p=0 c=172 empty=44
[18:18:29] push=  112314/s pop=  112224/s | tot push=2209800790 pop=2209705580 | errs p=0 c=172 empty=44
[18:18:39] push=  109643/s pop=  103827/s | tot push=2210897220 pop=2210743850 | errs p=0 c=172 empty=44
[18:18:49] push=  108987/s pop=  114938/s | tot push=2211987090 pop=2211893230 | errs p=0 c=172 empty=44
[18:18:59] push=  108274/s pop=  109895/s | tot push=2213069830 pop=2212992180 | errs p=0 c=172 empty=44
[18:19:09] push=  109314/s pop=  107582/s | tot push=2214162970 pop=2214068000 | errs p=0 c=172 empty=44
[18:19:19] push=  112567/s pop=  112234/s | tot push=2215288640 pop=2215190340 | errs p=0 c=172 empty=44
[18:19:29] push=  110312/s pop=  110908/s | tot push=2216391760 pop=2216299420 | errs p=0 c=172 empty=44
[18:19:39] push=  107294/s pop=  107275/s | tot push=2217464700 pop=2217372170 | errs p=0 c=172 empty=44
[18:19:49] push=  116294/s pop=  116823/s | tot push=2218627640 pop=2218540400 | errs p=0 c=172 empty=44
[18:19:59] push=  111065/s pop=  111280/s | tot push=2219738290 pop=2219653200 | errs p=0 c=172 empty=44
[18:20:09] push=  112790/s pop=  112538/s | tot push=2220866190 pop=2220778580 | errs p=0 c=172 empty=44
[18:20:19] push=  117928/s pop=  116974/s | tot push=2222045470 pop=2221948320 | errs p=0 c=172 empty=44
[18:20:29] push=  119118/s pop=  120767/s | tot push=2223236650 pop=2223155990 | errs p=0 c=172 empty=44
[18:20:39] push=  116507/s pop=  114812/s | tot push=2224401720 pop=2224304110 | errs p=0 c=172 empty=44
[18:20:49] push=  118711/s pop=  119186/s | tot push=2225588830 pop=2225495970 | errs p=0 c=172 empty=44
[18:20:59] push=  121170/s pop=  120637/s | tot push=2226800530 pop=2226702340 | errs p=0 c=172 empty=44
[18:21:09] push=  119931/s pop=  120647/s | tot push=2227999840 pop=2227908810 | errs p=0 c=172 empty=44
[18:21:19] push=  118637/s pop=  118923/s | tot push=2229186210 pop=2229098040 | errs p=0 c=172 empty=44
[18:21:29] push=  120835/s pop=  120366/s | tot push=2230394560 pop=2230301700 | errs p=0 c=172 empty=44
[18:21:39] push=  115241/s pop=  115357/s | tot push=2231546970 pop=2231455270 | errs p=0 c=172 empty=44
[18:21:49] push=  121239/s pop=  119657/s | tot push=2232759360 pop=2232651840 | errs p=0 c=172 empty=44
[18:21:59] push=  120388/s pop=  120938/s | tot push=2233963240 pop=2233861220 | errs p=0 c=172 empty=44
[18:22:09] push=  120300/s pop=  122704/s | tot push=2235166240 pop=2235088260 | errs p=0 c=172 empty=44
[18:22:19] push=  117581/s pop=  116055/s | tot push=2236342050 pop=2236248810 | errs p=0 c=172 empty=44
[18:22:29] push=  120393/s pop=  118874/s | tot push=2237545980 pop=2237437550 | errs p=0 c=172 empty=44
[18:22:39] push=  120286/s pop=  123008/s | tot push=2238748840 pop=2238667630 | errs p=0 c=172 empty=44
[18:22:49] push=  121609/s pop=  118845/s | tot push=2239964930 pop=2239856080 | errs p=0 c=172 empty=44
[18:22:59] push=  114401/s pop=  115928/s | tot push=2241108940 pop=2241015360 | errs p=0 c=172 empty=44
[18:23:09] push=  120341/s pop=  119941/s | tot push=2242312350 pop=2242214770 | errs p=0 c=172 empty=44
[18:23:19] push=  117507/s pop=  117921/s | tot push=2243487420 pop=2243393980 | errs p=0 c=172 empty=44
[18:23:29] push=  121017/s pop=  120884/s | tot push=2244697590 pop=2244602820 | errs p=0 c=172 empty=44
[18:23:39] push=  119947/s pop=  120485/s | tot push=2245897060 pop=2245807670 | errs p=0 c=172 empty=44
[18:23:49] push=  119611/s pop=  120019/s | tot push=2247093170 pop=2247007860 | errs p=0 c=172 empty=44
[18:23:59] push=  115051/s pop=  113967/s | tot push=2248243680 pop=2248147530 | errs p=0 c=172 empty=44
[18:24:09] push=  114657/s pop=  114914/s | tot push=2249390250 pop=2249296670 | errs p=0 c=172 empty=44
[18:24:19] push=  119643/s pop=  120878/s | tot push=2250586680 pop=2250505450 | errs p=0 c=172 empty=44
[18:24:29] push=  121104/s pop=  119879/s | tot push=2251797720 pop=2251704240 | errs p=0 c=172 empty=44
[18:24:39] push=  115825/s pop=  116317/s | tot push=2252955970 pop=2252867410 | errs p=0 c=172 empty=44
[18:24:49] push=  119618/s pop=  119633/s | tot push=2254152150 pop=2254063740 | errs p=0 c=172 empty=44
[18:24:59] push=  115578/s pop=  110260/s | tot push=2255307930 pop=2255166340 | errs p=0 c=172 empty=44
[18:25:09] push=  120451/s pop=  124815/s | tot push=2256512440 pop=2256414490 | errs p=0 c=172 empty=44
[18:25:19] push=  118537/s pop=  118408/s | tot push=2257697810 pop=2257598570 | errs p=0 c=172 empty=44
[18:25:29] push=  108999/s pop=  108015/s | tot push=2258787800 pop=2258678720 | errs p=0 c=172 empty=44
[18:25:39] push=  109579/s pop=  111053/s | tot push=2259883590 pop=2259789250 | errs p=0 c=172 empty=44
[18:25:49] push=  113096/s pop=  113619/s | tot push=2261014550 pop=2260925440 | errs p=0 c=172 empty=44
[18:25:59] push=  111914/s pop=  112922/s | tot push=2262133690 pop=2262054660 | errs p=0 c=172 empty=44
[18:26:09] push=  115253/s pop=  114085/s | tot push=2263286220 pop=2263195510 | errs p=0 c=172 empty=44
[18:26:19] push=  115474/s pop=  117538/s | tot push=2264440960 pop=2264370890 | errs p=0 c=172 empty=44
[18:26:29] push=  113079/s pop=  112031/s | tot push=2265571750 pop=2265491200 | errs p=0 c=172 empty=44
[18:26:39] push=  114696/s pop=  113438/s | tot push=2266718710 pop=2266625580 | errs p=0 c=172 empty=44
[18:26:49] push=  118297/s pop=  117083/s | tot push=2267901680 pop=2267796410 | errs p=0 c=172 empty=44
[18:26:59] push=  114189/s pop=  109862/s | tot push=2269043570 pop=2268895030 | errs p=0 c=172 empty=44
[18:27:09] push=  118385/s pop=  123989/s | tot push=2270227420 pop=2270134920 | errs p=0 c=172 empty=44
[18:27:19] push=  120219/s pop=  120731/s | tot push=2271429610 pop=2271342230 | errs p=0 c=172 empty=44
[18:27:29] push=  116378/s pop=  115523/s | tot push=2272593390 pop=2272497460 | errs p=0 c=172 empty=44
[18:27:39] push=  116471/s pop=  117550/s | tot push=2273758100 pop=2273672960 | errs p=0 c=172 empty=44
[18:27:49] push=  120639/s pop=  120840/s | tot push=2274964490 pop=2274881360 | errs p=0 c=172 empty=44
[18:27:59] push=  117340/s pop=  117424/s | tot push=2276137890 pop=2276055600 | errs p=0 c=172 empty=44
[18:28:09] push=  120027/s pop=  118893/s | tot push=2277338160 pop=2277244530 | errs p=0 c=172 empty=44
[18:28:19] push=  117226/s pop=  118338/s | tot push=2278510420 pop=2278427910 | errs p=0 c=172 empty=44
[18:28:29] push=  116867/s pop=  116483/s | tot push=2279679090 pop=2279592740 | errs p=0 c=172 empty=44
[18:28:39] push=  117046/s pop=  115708/s | tot push=2280849550 pop=2280749820 | errs p=0 c=172 empty=44
[18:28:49] push=  118819/s pop=  118738/s | tot push=2282037740 pop=2281937200 | errs p=0 c=172 empty=44
[18:28:59] push=  111634/s pop=  106577/s | tot push=2283154080 pop=2283002970 | errs p=0 c=172 empty=44
[18:29:09] push=  116335/s pop=  122696/s | tot push=2284317430 pop=2284229930 | errs p=0 c=172 empty=44
[18:29:19] push=  116955/s pop=  118003/s | tot push=2285486980 pop=2285409960 | errs p=0 c=172 empty=44
[18:29:29] push=  118458/s pop=  116933/s | tot push=2286671560 pop=2286579290 | errs p=0 c=172 empty=44
[18:29:39] push=  117706/s pop=  118653/s | tot push=2287848620 pop=2287765820 | errs p=0 c=172 empty=44
[18:29:49] push=  123371/s pop=  121132/s | tot push=2289082330 pop=2288977140 | errs p=0 c=172 empty=44
[18:29:59] push=  117685/s pop=  118460/s | tot push=2290259180 pop=2290161740 | errs p=0 c=172 empty=44
[18:30:09] push=  121852/s pop=  123244/s | tot push=2291477700 pop=2291394180 | errs p=0 c=172 empty=44
[18:30:19] push=  119401/s pop=  118657/s | tot push=2292671710 pop=2292580750 | errs p=0 c=172 empty=44
[18:30:29] push=  125102/s pop=  124122/s | tot push=2293922730 pop=2293821970 | errs p=0 c=172 empty=44
[18:30:39] push=  120964/s pop=  121345/s | tot push=2295132370 pop=2295035420 | errs p=0 c=172 empty=44
[18:30:49] push=  124793/s pop=  125519/s | tot push=2296380300 pop=2296290610 | errs p=0 c=172 empty=44
[18:30:59] push=  116392/s pop=  110746/s | tot push=2297544220 pop=2297398070 | errs p=0 c=172 empty=44
[18:31:09] push=  120507/s pop=  126219/s | tot push=2298749290 pop=2298660260 | errs p=0 c=172 empty=44
[18:31:19] push=  120254/s pop=  119939/s | tot push=2299951830 pop=2299859650 | errs p=0 c=172 empty=44
[18:31:29] push=  122058/s pop=  121292/s | tot push=2301172410 pop=2301072570 | errs p=0 c=172 empty=44
[18:31:39] push=  123211/s pop=  123540/s | tot push=2302404520 pop=2302307970 | errs p=0 c=172 empty=44
[18:31:49] push=  122277/s pop=  121382/s | tot push=2303627290 pop=2303521790 | errs p=0 c=172 empty=44
[18:31:59] push=  120182/s pop=  122861/s | tot push=2304829110 pop=2304750400 | errs p=0 c=172 empty=44
[18:32:09] push=  119245/s pop=  114384/s | tot push=2306021560 pop=2305894240 | errs p=0 c=172 empty=44
[18:32:19] push=  110712/s pop=  113340/s | tot push=2307128680 pop=2307027640 | errs p=0 c=172 empty=44
[18:32:29] push=  113008/s pop=  113853/s | tot push=2308258760 pop=2308166170 | errs p=0 c=172 empty=44
[18:32:39] push=  110999/s pop=  108937/s | tot push=2309368750 pop=2309255540 | errs p=0 c=172 empty=44
[18:32:49] push=  111422/s pop=  112800/s | tot push=2310482970 pop=2310383540 | errs p=0 c=172 empty=44
[18:32:59] push=  111523/s pop=  112633/s | tot push=2311598200 pop=2311509870 | errs p=0 c=172 empty=44
[18:33:09] push=  109859/s pop=  103294/s | tot push=2312696790 pop=2312542810 | errs p=0 c=172 empty=44
[18:33:19] push=  108188/s pop=  107456/s | tot push=2313778670 pop=2313617370 | errs p=0 c=172 empty=44
[18:33:29] push=  115417/s pop=  122913/s | tot push=2314932840 pop=2314846500 | errs p=0 c=172 empty=44
[18:33:39] push=  117859/s pop=  118029/s | tot push=2316111430 pop=2316026790 | errs p=0 c=172 empty=44
[18:33:49] push=  112169/s pop=  112426/s | tot push=2317233120 pop=2317151050 | errs p=0 c=172 empty=44
[18:33:59] push=  111630/s pop=  110704/s | tot push=2318349420 pop=2318258090 | errs p=0 c=172 empty=44
[18:34:09] push=  114375/s pop=  112843/s | tot push=2319493170 pop=2319386520 | errs p=0 c=172 empty=44
[18:34:19] push=  115099/s pop=  115989/s | tot push=2320644160 pop=2320546410 | errs p=0 c=172 empty=44
[18:34:29] push=  118996/s pop=  120437/s | tot push=2321834120 pop=2321750780 | errs p=0 c=172 empty=44
[18:34:39] push=  117956/s pop=  117216/s | tot push=2323013680 pop=2322922940 | errs p=0 c=172 empty=44
[18:34:49] push=  115932/s pop=  114812/s | tot push=2324173000 pop=2324071060 | errs p=0 c=172 empty=44
[18:34:59] push=  120828/s pop=  121882/s | tot push=2325381280 pop=2325289880 | errs p=0 c=172 empty=44
[18:35:09] push=  117922/s pop=  117919/s | tot push=2326560500 pop=2326469070 | errs p=0 c=172 empty=44
[18:35:19] push=  116749/s pop=  112220/s | tot push=2327727990 pop=2327591270 | errs p=0 c=172 empty=44
[18:35:29] push=  114557/s pop=  118570/s | tot push=2328873560 pop=2328776970 | errs p=0 c=172 empty=44
[18:35:39] push=  115975/s pop=  116549/s | tot push=2330033310 pop=2329942460 | errs p=0 c=172 empty=44
[18:35:49] push=  115131/s pop=  115130/s | tot push=2331184620 pop=2331093760 | errs p=0 c=172 empty=44
[18:35:59] push=  115526/s pop=  115158/s | tot push=2332339880 pop=2332245340 | errs p=0 c=172 empty=44
[18:36:09] push=  112690/s pop=  111711/s | tot push=2333466780 pop=2333362450 | errs p=0 c=172 empty=44
[18:36:19] push=  118034/s pop=  119976/s | tot push=2334647120 pop=2334562210 | errs p=0 c=172 empty=44
[18:36:29] push=  118376/s pop=  117897/s | tot push=2335830880 pop=2335741180 | errs p=0 c=172 empty=44
[18:36:39] push=  115991/s pop=  116330/s | tot push=2336990790 pop=2336904480 | errs p=0 c=172 empty=44
[18:36:49] push=  118175/s pop=  118050/s | tot push=2338172540 pop=2338084980 | errs p=0 c=172 empty=44
[18:36:59] push=  119079/s pop=  117373/s | tot push=2339363330 pop=2339258710 | errs p=0 c=172 empty=44
[18:37:09] push=  116095/s pop=  115529/s | tot push=2340524280 pop=2340414000 | errs p=0 c=172 empty=44
[18:37:19] push=  119528/s pop=  121061/s | tot push=2341719560 pop=2341624610 | errs p=0 c=172 empty=44
[18:37:29] push=  113821/s pop=  101249/s | tot push=2342857770 pop=2342637100 | errs p=0 c=172 empty=44
[18:37:39] push=  116676/s pop=  127973/s | tot push=2344024530 pop=2343916830 | errs p=0 c=172 empty=44
[18:37:49] push=  121285/s pop=  123705/s | tot push=2345237380 pop=2345153880 | errs p=0 c=172 empty=44
[18:37:59] push=  120095/s pop=  119702/s | tot push=2346438330 pop=2346350900 | errs p=0 c=172 empty=44
[18:38:09] push=  121179/s pop=  120909/s | tot push=2347650120 pop=2347559990 | errs p=0 c=172 empty=45
[18:38:19] push=  122289/s pop=  120416/s | tot push=2348873010 pop=2348764150 | errs p=0 c=172 empty=45
[18:38:29] push=  118848/s pop=  120712/s | tot push=2350061490 pop=2349971270 | errs p=0 c=172 empty=45
[18:38:39] push=  120320/s pop=  119898/s | tot push=2351264690 pop=2351170250 | errs p=0 c=172 empty=45
[18:38:49] push=  121031/s pop=  121704/s | tot push=2352475000 pop=2352387290 | errs p=0 c=172 empty=45
[18:38:59] push=  122962/s pop=  118534/s | tot push=2353704620 pop=2353572630 | errs p=0 c=172 empty=45
[18:39:09] push=  115429/s pop=  119735/s | tot push=2354858910 pop=2354769980 | errs p=0 c=172 empty=45
[18:39:19] push=  108674/s pop=  108824/s | tot push=2355945650 pop=2355858220 | errs p=0 c=172 empty=45
[18:39:29] push=  111742/s pop=  110575/s | tot push=2357063070 pop=2356963970 | errs p=0 c=172 empty=45
[18:39:39] push=  112424/s pop=  111803/s | tot push=2358187310 pop=2358082000 | errs p=0 c=172 empty=45
[18:39:49] push=  112367/s pop=  112520/s | tot push=2359310980 pop=2359207200 | errs p=0 c=172 empty=45
[18:39:59] push=  112795/s pop=  113279/s | tot push=2360438930 pop=2360339990 | errs p=0 c=172 empty=45
[18:40:09] push=  116558/s pop=  117194/s | tot push=2361604510 pop=2361511930 | errs p=0 c=172 empty=45
[18:40:19] push=  113468/s pop=  112974/s | tot push=2362739190 pop=2362641670 | errs p=0 c=172 empty=45
[18:40:29] push=  117019/s pop=  116576/s | tot push=2363909380 pop=2363807430 | errs p=0 c=172 empty=45
[18:40:39] push=  119451/s pop=  121324/s | tot push=2365103890 pop=2365020670 | errs p=0 c=172 empty=45
[18:40:49] push=  115917/s pop=  113110/s | tot push=2366263060 pop=2366151770 | errs p=0 c=172 empty=45
[18:40:59] push=  116888/s pop=  118013/s | tot push=2367431940 pop=2367331900 | errs p=0 c=172 empty=45
[18:41:09] push=  114765/s pop=  113754/s | tot push=2368579590 pop=2368469440 | errs p=0 c=172 empty=45
[18:41:19] push=  120167/s pop=  120227/s | tot push=2369781260 pop=2369671710 | errs p=0 c=172 empty=45
[18:41:29] push=  121690/s pop=  122882/s | tot push=2370998160 pop=2370900530 | errs p=0 c=172 empty=45
[18:41:39] push=  114099/s pop=  111803/s | tot push=2372139150 pop=2372018560 | errs p=0 c=172 empty=45
[18:41:49] push=  114962/s pop=  115986/s | tot push=2373288770 pop=2373178420 | errs p=0 c=172 empty=45
[18:41:59] push=  119659/s pop=  121238/s | tot push=2374485360 pop=2374390800 | errs p=0 c=172 empty=45
[18:42:09] push=  119321/s pop=  118383/s | tot push=2375678570 pop=2375574630 | errs p=0 c=172 empty=45
[18:42:19] push=  118488/s pop=  119686/s | tot push=2376863450 pop=2376771490 | errs p=0 c=172 empty=45
[18:42:29] push=  123510/s pop=  122288/s | tot push=2378098550 pop=2377994370 | errs p=0 c=172 empty=45
[18:42:39] push=  120713/s pop=  118063/s | tot push=2379305680 pop=2379175000 | errs p=0 c=172 empty=45
[18:42:49] push=  120425/s pop=  124636/s | tot push=2380509930 pop=2380421360 | errs p=0 c=172 empty=45
[18:42:59] push=  119228/s pop=  120152/s | tot push=2381702210 pop=2381622880 | errs p=0 c=172 empty=45
[18:43:09] push=  120816/s pop=  119558/s | tot push=2382910370 pop=2382818460 | errs p=0 c=172 empty=45
[18:43:19] push=  120181/s pop=  119797/s | tot push=2384112180 pop=2384016430 | errs p=0 c=172 empty=45
[18:43:29] push=  123221/s pop=  122741/s | tot push=2385344390 pop=2385243840 | errs p=0 c=172 empty=45
[18:43:39] push=  117237/s pop=  119267/s | tot push=2386516760 pop=2386436510 | errs p=0 c=172 empty=45
[18:43:49] push=  117094/s pop=  111971/s | tot push=2387687700 pop=2387556220 | errs p=0 c=172 empty=45
[18:43:59] push=  118242/s pop=  112395/s | tot push=2388870120 pop=2388680170 | errs p=0 c=172 empty=45
[18:44:09] push=  120988/s pop=  129944/s | tot push=2390080000 pop=2389979610 | errs p=0 c=172 empty=45
[18:44:19] push=  117976/s pop=  118447/s | tot push=2391259760 pop=2391164080 | errs p=0 c=172 empty=45
[18:44:29] push=  123313/s pop=  122709/s | tot push=2392492890 pop=2392391170 | errs p=0 c=172 empty=45
[18:44:39] push=  120300/s pop=  120593/s | tot push=2393695890 pop=2393597100 | errs p=0 c=172 empty=45
[18:44:49] push=  120415/s pop=  118630/s | tot push=2394900040 pop=2394783400 | errs p=0 c=172 empty=45
[18:44:59] push=  116151/s pop=  118894/s | tot push=2396061550 pop=2395972340 | errs p=0 c=172 empty=45
[18:45:09] push=  122065/s pop=  121395/s | tot push=2397282200 pop=2397186290 | errs p=0 c=172 empty=45
[18:45:19] push=  115863/s pop=  115027/s | tot push=2398440830 pop=2398336560 | errs p=0 c=172 empty=45
[18:45:29] push=  119170/s pop=  118934/s | tot push=2399632530 pop=2399525900 | errs p=0 c=172 empty=45
[18:45:39] push=  115459/s pop=  116611/s | tot push=2400787120 pop=2400692010 | errs p=0 c=172 empty=45
[18:45:49] push=  115777/s pop=  116647/s | tot push=2401944890 pop=2401858480 | errs p=0 c=172 empty=45
[18:45:59] push=  113143/s pop=  107586/s | tot push=2403076320 pop=2402934340 | errs p=0 c=172 empty=45
[18:46:09] push=  109158/s pop=  110266/s | tot push=2404167900 pop=2404037000 | errs p=0 c=172 empty=45
[18:46:19] push=  112664/s pop=  116064/s | tot push=2405294540 pop=2405197640 | errs p=0 c=172 empty=45
[18:46:29] push=  114462/s pop=  113844/s | tot push=2406439160 pop=2406336080 | errs p=0 c=172 empty=45
[18:46:39] push=  112549/s pop=  114724/s | tot push=2407564650 pop=2407483320 | errs p=0 c=172 empty=45
[18:46:49] push=  115761/s pop=  115085/s | tot push=2408722260 pop=2408634170 | errs p=0 c=172 empty=45
[18:46:59] push=  112392/s pop=  111686/s | tot push=2409846180 pop=2409751030 | errs p=0 c=172 empty=45
[18:47:09] push=  114365/s pop=  112992/s | tot push=2410989830 pop=2410880950 | errs p=0 c=172 empty=45
[18:47:19] push=  116678/s pop=  118013/s | tot push=2412156610 pop=2412061080 | errs p=0 c=172 empty=45
[18:47:29] push=  119042/s pop=  119312/s | tot push=2413347030 pop=2413254200 | errs p=0 c=172 empty=45
[18:47:39] push=  112124/s pop=  112327/s | tot push=2414468270 pop=2414377470 | errs p=0 c=172 empty=45
[18:47:49] push=  117901/s pop=  117328/s | tot push=2415647280 pop=2415550750 | errs p=0 c=172 empty=45
[18:47:59] push=  116785/s pop=  116879/s | tot push=2416815130 pop=2416719540 | errs p=0 c=172 empty=45
[18:48:09] push=  118335/s pop=  116652/s | tot push=2417998480 pop=2417886060 | errs p=0 c=172 empty=45
[18:48:19] push=  121748/s pop=  124588/s | tot push=2419215960 pop=2419131940 | errs p=0 c=172 empty=45
[18:48:29] push=  119622/s pop=  119644/s | tot push=2420412180 pop=2420328380 | errs p=0 c=172 empty=45
[18:48:39] push=  120457/s pop=  119644/s | tot push=2421616750 pop=2421524820 | errs p=0 c=172 empty=45
[18:48:49] push=  119383/s pop=  119313/s | tot push=2422810580 pop=2422717950 | errs p=0 c=172 empty=45
[18:48:59] push=  122231/s pop=  121835/s | tot push=2424032890 pop=2423936300 | errs p=0 c=172 empty=45
[18:49:09] push=  125417/s pop=  123847/s | tot push=2425287060 pop=2425174770 | errs p=0 c=172 empty=45
[18:49:19] push=  122410/s pop=  123878/s | tot push=2426511160 pop=2426413550 | errs p=0 c=172 empty=45
[18:49:29] push=  119711/s pop=  118967/s | tot push=2427708270 pop=2427603220 | errs p=0 c=172 empty=45
[18:49:39] push=  120720/s pop=  122035/s | tot push=2428915470 pop=2428823570 | errs p=0 c=172 empty=45
[18:49:49] push=  121687/s pop=  121156/s | tot push=2430132340 pop=2430035130 | errs p=0 c=172 empty=45
[18:49:59] push=  124208/s pop=  122960/s | tot push=2431374420 pop=2431264730 | errs p=0 c=172 empty=45
[18:50:09] push=  116380/s pop=  105061/s | tot push=2432538220 pop=2432315340 | errs p=0 c=172 empty=45
[18:50:19] push=  115815/s pop=  125681/s | tot push=2433696370 pop=2433572150 | errs p=0 c=172 empty=45
[18:50:29] push=  114788/s pop=  119629/s | tot push=2434844250 pop=2434768440 | errs p=0 c=172 empty=45
[18:50:39] push=  114837/s pop=  113777/s | tot push=2435992620 pop=2435906210 | errs p=0 c=172 empty=45
[18:50:49] push=  113481/s pop=  113263/s | tot push=2437127430 pop=2437038840 | errs p=0 c=172 empty=45
[18:50:59] push=  118957/s pop=  119378/s | tot push=2438317000 pop=2438232620 | errs p=0 c=172 empty=45
[18:51:09] push=  117009/s pop=  116454/s | tot push=2439487090 pop=2439397160 | errs p=0 c=172 empty=45
[18:51:19] push=  117957/s pop=  118950/s | tot push=2440666660 pop=2440586660 | errs p=0 c=172 empty=45
[18:51:29] push=  117900/s pop=  117169/s | tot push=2441845660 pop=2441758350 | errs p=0 c=172 empty=45
[18:51:39] push=  119722/s pop=  118273/s | tot push=2443042880 pop=2442941080 | errs p=0 c=172 empty=45
[18:51:49] push=  121335/s pop=  122895/s | tot push=2444256230 pop=2444170030 | errs p=0 c=172 empty=45
[18:51:59] push=  120994/s pop=  121453/s | tot push=2445466170 pop=2445384560 | errs p=0 c=172 empty=45
[18:52:09] push=  115644/s pop=  113350/s | tot push=2446622610 pop=2446518060 | errs p=0 c=172 empty=45
[18:52:19] push=  117188/s pop=  117992/s | tot push=2447794490 pop=2447697980 | errs p=0 c=172 empty=45
[18:52:29] push=  116569/s pop=  116734/s | tot push=2448960180 pop=2448865320 | errs p=0 c=172 empty=45
[18:52:39] push=  117694/s pop=  117853/s | tot push=2450137120 pop=2450043850 | errs p=0 c=172 empty=45
[18:52:49] push=  113357/s pop=  113938/s | tot push=2451270690 pop=2451183230 | errs p=0 c=172 empty=45
[18:52:59] push=  110243/s pop=  108525/s | tot push=2452373120 pop=2452268480 | errs p=0 c=172 empty=45
[18:53:09] push=  113255/s pop=  112234/s | tot push=2453505670 pop=2453390820 | errs p=0 c=172 empty=45
[18:53:19] push=  115822/s pop=  117246/s | tot push=2454663890 pop=2454563280 | errs p=0 c=172 empty=45
[18:53:29] push=  113777/s pop=  114259/s | tot push=2455801660 pop=2455705870 | errs p=0 c=172 empty=45
[18:53:39] push=  118699/s pop=  119531/s | tot push=2456988650 pop=2456901180 | errs p=0 c=172 empty=45
[18:53:49] push=  117900/s pop=  117706/s | tot push=2458167650 pop=2458078240 | errs p=0 c=172 empty=45
[18:53:59] push=  113060/s pop=  114121/s | tot push=2459298250 pop=2459219450 | errs p=0 c=172 empty=45
[18:54:09] push=  109822/s pop=  104261/s | tot push=2460396470 pop=2460262060 | errs p=0 c=172 empty=45
[18:54:19] push=  111867/s pop=  116018/s | tot push=2461515140 pop=2461422240 | errs p=0 c=172 empty=45
[18:54:29] push=  115745/s pop=  115499/s | tot push=2462672590 pop=2462577230 | errs p=0 c=172 empty=46
[18:54:39] push=  113674/s pop=  113900/s | tot push=2463809330 pop=2463716230 | errs p=0 c=172 empty=46
[18:54:49] push=  111855/s pop=  112528/s | tot push=2464927880 pop=2464841510 | errs p=0 c=172 empty=46
[18:54:59] push=  114864/s pop=  115215/s | tot push=2466076520 pop=2465993660 | errs p=0 c=172 empty=46
[18:55:09] push=  116707/s pop=  115963/s | tot push=2467243590 pop=2467153290 | errs p=0 c=172 empty=46
[18:55:19] push=  119371/s pop=  117637/s | tot push=2468437300 pop=2468329660 | errs p=0 c=172 empty=46
[18:55:29] push=  117341/s pop=  119099/s | tot push=2469610710 pop=2469520650 | errs p=0 c=172 empty=46
[18:55:39] push=  110218/s pop=  109860/s | tot push=2470712890 pop=2470619250 | errs p=0 c=172 empty=46
[18:55:49] push=  109478/s pop=  111173/s | tot push=2471807670 pop=2471730980 | errs p=0 c=172 empty=46
[18:55:59] push=  114670/s pop=  112986/s | tot push=2472954370 pop=2472860840 | errs p=0 c=172 empty=46
[18:56:09] push=  114265/s pop=  107269/s | tot push=2474097020 pop=2473933530 | errs p=0 c=172 empty=46
[18:56:19] push=  114328/s pop=  112505/s | tot push=2475240300 pop=2475058580 | errs p=0 c=172 empty=46
[18:56:29] push=  119474/s pop=  128048/s | tot push=2476435040 pop=2476339060 | errs p=0 c=172 empty=46
[18:56:39] push=  117803/s pop=  118481/s | tot push=2477613070 pop=2477523870 | errs p=0 c=172 empty=46
[18:56:49] push=  118168/s pop=  117949/s | tot push=2478794750 pop=2478703360 | errs p=0 c=172 empty=46
[18:56:59] push=  118035/s pop=  117779/s | tot push=2479975100 pop=2479881150 | errs p=0 c=172 empty=46
[18:57:09] push=  117684/s pop=  117705/s | tot push=2481151940 pop=2481058200 | errs p=0 c=172 empty=46
[18:57:19] push=  120736/s pop=  120884/s | tot push=2482359300 pop=2482267040 | errs p=0 c=172 empty=46
[18:57:29] push=  119142/s pop=  119895/s | tot push=2483550720 pop=2483465990 | errs p=0 c=172 empty=46
[18:57:39] push=  114837/s pop=  113258/s | tot push=2484699090 pop=2484598570 | errs p=0 c=172 empty=46
[18:57:49] push=  117139/s pop=  118584/s | tot push=2485870480 pop=2485784410 | errs p=0 c=172 empty=46
[18:57:59] push=  116453/s pop=  115806/s | tot push=2487035010 pop=2486942470 | errs p=0 c=172 empty=46
[18:58:09] push=  116128/s pop=  115825/s | tot push=2488196290 pop=2488100720 | errs p=0 c=172 empty=46
[18:58:19] push=  111375/s pop=  110437/s | tot push=2489310040 pop=2489205090 | errs p=0 c=172 empty=46
[18:58:29] push=  113939/s pop=  114720/s | tot push=2490449430 pop=2490352290 | errs p=0 c=172 empty=46
[18:58:39] push=  113317/s pop=  113699/s | tot push=2491582600 pop=2491489280 | errs p=0 c=172 empty=46
[18:58:49] push=  115924/s pop=  115786/s | tot push=2492741840 pop=2492647140 | errs p=0 c=172 empty=46
[18:58:59] push=  114575/s pop=  115687/s | tot push=2493887590 pop=2493804010 | errs p=0 c=172 empty=46
[18:59:09] push=  115558/s pop=  115655/s | tot push=2495043170 pop=2494960560 | errs p=0 c=172 empty=46
[18:59:19] push=  116240/s pop=  114769/s | tot push=2496205570 pop=2496108250 | errs p=0 c=172 empty=46
[18:59:29] push=  116941/s pop=  118516/s | tot push=2497374980 pop=2497293410 | errs p=0 c=172 empty=46
[18:59:39] push=  115916/s pop=  114661/s | tot push=2498534140 pop=2498440020 | errs p=0 c=172 empty=46
[18:59:49] push=  108404/s pop=  106764/s | tot push=2499618180 pop=2499507660 | errs p=0 c=172 empty=46
[18:59:59] push=  114328/s pop=  115321/s | tot push=2500761460 pop=2500660870 | errs p=0 c=172 empty=46
[19:00:09] push=  113617/s pop=  114651/s | tot push=2501897630 pop=2501807380 | errs p=0 c=172 empty=46
[19:00:19] push=  108869/s pop=  102102/s | tot push=2502986320 pop=2502828400 | errs p=0 c=172 empty=46
[19:00:29] push=  113636/s pop=  120318/s | tot push=2504122680 pop=2504031580 | errs p=0 c=172 empty=46
[19:00:39] push=  110480/s pop=  111006/s | tot push=2505227480 pop=2505141640 | errs p=0 c=172 empty=46
[19:00:49] push=  112184/s pop=  109756/s | tot push=2506349320 pop=2506239200 | errs p=0 c=172 empty=46
[19:00:59] push=  110567/s pop=  109826/s | tot push=2507454990 pop=2507337460 | errs p=0 c=172 empty=46
[19:01:09] push=  112937/s pop=  114043/s | tot push=2508584360 pop=2508477890 | errs p=0 c=172 empty=47
[19:01:19] push=  112082/s pop=  112927/s | tot push=2509705180 pop=2509607160 | errs p=0 c=172 empty=47
[19:01:29] push=  114887/s pop=  113912/s | tot push=2510854050 pop=2510746280 | errs p=0 c=172 empty=47
[19:01:39] push=  112802/s pop=  113471/s | tot push=2511982070 pop=2511880990 | errs p=0 c=172 empty=47
[19:01:49] push=  120337/s pop=  121791/s | tot push=2513185440 pop=2513098900 | errs p=0 c=172 empty=47
[19:01:59] push=  117908/s pop=  117426/s | tot push=2514364520 pop=2514273160 | errs p=0 c=172 empty=47
[19:02:09] push=  116835/s pop=  115936/s | tot push=2515532870 pop=2515432520 | errs p=0 c=172 empty=47
[19:02:19] push=  117358/s pop=  118907/s | tot push=2516706450 pop=2516621590 | errs p=0 c=172 empty=47
[19:02:29] push=  114320/s pop=  114267/s | tot push=2517849650 pop=2517764260 | errs p=0 c=172 empty=47
[19:02:39] push=  114870/s pop=  113370/s | tot push=2518998350 pop=2518897960 | errs p=0 c=172 empty=47
[19:02:49] push=  117796/s pop=  118111/s | tot push=2520176310 pop=2520079070 | errs p=0 c=172 empty=47
[19:02:59] push=  120171/s pop=  121242/s | tot push=2521378020 pop=2521291490 | errs p=0 c=172 empty=47
[19:03:09] push=  115835/s pop=  116311/s | tot push=2522536370 pop=2522454600 | errs p=0 c=172 empty=47
[19:03:19] push=  122670/s pop=  121681/s | tot push=2523763070 pop=2523671410 | errs p=0 c=172 empty=47
[19:03:29] push=  121839/s pop=  121953/s | tot push=2524981460 pop=2524890940 | errs p=0 c=172 empty=47
[19:03:39] push=  120783/s pop=  120511/s | tot push=2526189290 pop=2526096050 | errs p=0 c=172 empty=47
[19:03:49] push=  115241/s pop=  115905/s | tot push=2527341700 pop=2527255100 | errs p=0 c=172 empty=47
[19:03:59] push=  119279/s pop=  118763/s | tot push=2528534490 pop=2528442730 | errs p=0 c=172 empty=47
[19:04:09] push=  113543/s pop=  113433/s | tot push=2529669920 pop=2529577060 | errs p=0 c=172 empty=47
[19:04:19] push=  120948/s pop=  120983/s | tot push=2530879400 pop=2530786890 | errs p=0 c=172 empty=47
[19:04:29] push=  122323/s pop=  121613/s | tot push=2532102630 pop=2532003020 | errs p=0 c=172 empty=47
[19:04:39] push=  121900/s pop=  123803/s | tot push=2533321630 pop=2533241050 | errs p=0 c=172 empty=47
[19:04:49] push=  121272/s pop=  117467/s | tot push=2534534350 pop=2534415720 | errs p=0 c=172 empty=47
[19:04:59] push=  123400/s pop=  126179/s | tot push=2535768350 pop=2535677510 | errs p=0 c=172 empty=47
[19:05:09] push=  120375/s pop=  119870/s | tot push=2536972100 pop=2536876210 | errs p=0 c=172 empty=48
[19:05:19] push=  116502/s pop=  117115/s | tot push=2538137120 pop=2538047360 | errs p=0 c=172 empty=48
[19:05:29] push=  118628/s pop=  119493/s | tot push=2539323400 pop=2539242290 | errs p=0 c=172 empty=48
[19:05:39] push=  118951/s pop=  118424/s | tot push=2540512910 pop=2540426530 | errs p=0 c=172 empty=48
[19:05:49] push=  112916/s pop=  112747/s | tot push=2541642070 pop=2541554000 | errs p=0 c=172 empty=48
[19:05:59] push=  115504/s pop=  114801/s | tot push=2542797110 pop=2542702010 | errs p=0 c=172 empty=48
[19:06:09] push=  120391/s pop=  119525/s | tot push=2544001020 pop=2543897260 | errs p=0 c=172 empty=48
[19:06:19] push=  119042/s pop=  120189/s | tot push=2545191440 pop=2545099150 | errs p=0 c=172 empty=48
[19:06:29] push=  116886/s pop=  117457/s | tot push=2546360300 pop=2546273720 | errs p=0 c=172 empty=48
[19:06:39] push=  112406/s pop=  112153/s | tot push=2547484360 pop=2547395250 | errs p=0 c=172 empty=48
[19:06:49] push=  112374/s pop=  112680/s | tot push=2548608100 pop=2548522050 | errs p=0 c=172 empty=48
[19:06:59] push=  111016/s pop=  110551/s | tot push=2549718260 pop=2549627560 | errs p=0 c=172 empty=48
[19:07:09] push=  116787/s pop=  115822/s | tot push=2550886130 pop=2550785780 | errs p=0 c=172 empty=48
[19:07:19] push=  113498/s pop=  114266/s | tot push=2552021110 pop=2551928440 | errs p=0 c=172 empty=48
[19:07:29] push=  113605/s pop=  112048/s | tot push=2553157160 pop=2553048920 | errs p=0 c=172 empty=48
[19:07:39] push=  108407/s pop=  109348/s | tot push=2554241230 pop=2554142400 | errs p=0 c=172 empty=48
[19:07:49] push=  111678/s pop=  112895/s | tot push=2555358010 pop=2555271350 | errs p=0 c=172 empty=48
[19:07:59] push=  112552/s pop=  111380/s | tot push=2556483530 pop=2556385150 | errs p=0 c=172 empty=48
[19:08:09] push=  118342/s pop=  119844/s | tot push=2557666950 pop=2557583590 | errs p=0 c=172 empty=48
[19:08:19] push=  113284/s pop=  113721/s | tot push=2558799790 pop=2558720800 | errs p=0 c=172 empty=48
[19:08:29] push=  113272/s pop=  110255/s | tot push=2559932510 pop=2559823350 | errs p=0 c=172 empty=48
[19:08:39] push=  116572/s pop=  118568/s | tot push=2561098230 pop=2561009030 | errs p=0 c=172 empty=48
[19:08:49] push=  120737/s pop=  120721/s | tot push=2562305600 pop=2562216240 | errs p=0 c=172 empty=48
[19:08:59] push=  115732/s pop=  115315/s | tot push=2563462920 pop=2563369390 | errs p=0 c=172 empty=48
[19:09:09] push=  116309/s pop=  116935/s | tot push=2564626010 pop=2564538740 | errs p=0 c=172 empty=48
[19:09:19] push=  119973/s pop=  119478/s | tot push=2565825740 pop=2565733520 | errs p=0 c=172 empty=48
[19:09:29] push=  115795/s pop=  116824/s | tot push=2566983690 pop=2566901760 | errs p=0 c=172 empty=48
[19:09:39] push=  119406/s pop=  117859/s | tot push=2568177750 pop=2568080350 | errs p=0 c=172 empty=48
[19:09:49] push=  119983/s pop=  121090/s | tot push=2569377580 pop=2569291250 | errs p=0 c=172 empty=48
[19:09:59] push=  121763/s pop=  121129/s | tot push=2570595210 pop=2570502540 | errs p=0 c=172 empty=48
[19:10:09] push=  115514/s pop=  114145/s | tot push=2571750350 pop=2571643990 | errs p=0 c=172 empty=48
[19:10:19] push=  117387/s pop=  117260/s | tot push=2572924220 pop=2572816590 | errs p=0 c=172 empty=48
[19:10:29] push=  120988/s pop=  121756/s | tot push=2574134100 pop=2574034150 | errs p=0 c=172 empty=48
[19:10:39] push=  120068/s pop=  119727/s | tot push=2575334780 pop=2575231420 | errs p=0 c=172 empty=48
[19:10:49] push=  119208/s pop=  119987/s | tot push=2576526860 pop=2576431290 | errs p=0 c=172 empty=48
[19:10:59] push=  115468/s pop=  108933/s | tot push=2577681540 pop=2577520620 | errs p=0 c=172 empty=48
[19:11:09] push=  115790/s pop=  123718/s | tot push=2578839440 pop=2578757800 | errs p=0 c=172 empty=48
[19:11:19] push=  117995/s pop=  115306/s | tot push=2580019390 pop=2579910860 | errs p=0 c=172 empty=48
[19:11:29] push=  120821/s pop=  123212/s | tot push=2581227600 pop=2581142980 | errs p=0 c=172 empty=48
[19:11:39] push=  120103/s pop=  119553/s | tot push=2582428630 pop=2582338510 | errs p=0 c=172 empty=48
[19:11:49] push=  117813/s pop=  117120/s | tot push=2583606760 pop=2583509710 | errs p=0 c=172 empty=48
[19:11:59] push=  122146/s pop=  122165/s | tot push=2584828220 pop=2584731360 | errs p=0 c=172 empty=48
[19:12:09] push=  115755/s pop=  117516/s | tot push=2585985770 pop=2585906520 | errs p=0 c=172 empty=48
[19:12:19] push=  116756/s pop=  114056/s | tot push=2587153330 pop=2587047080 | errs p=0 c=172 empty=48
[19:12:29] push=  118434/s pop=  117877/s | tot push=2588337670 pop=2588225850 | errs p=0 c=172 empty=48
[19:12:39] push=  114940/s pop=  117929/s | tot push=2589487070 pop=2589405140 | errs p=0 c=172 empty=48
[19:12:49] push=  118309/s pop=  117192/s | tot push=2590670160 pop=2590577060 | errs p=0 c=172 empty=48
[19:12:59] push=  116711/s pop=  117792/s | tot push=2591837270 pop=2591754980 | errs p=0 c=172 empty=48
[19:13:09] push=  115467/s pop=  112183/s | tot push=2592991940 pop=2592876810 | errs p=0 c=172 empty=48
[19:13:19] push=  113209/s pop=  116178/s | tot push=2594124030 pop=2594038590 | errs p=0 c=172 empty=48
[19:13:29] push=  111014/s pop=  109031/s | tot push=2595234170 pop=2595128900 | errs p=0 c=172 empty=48
[19:13:39] push=  106347/s pop=  107778/s | tot push=2596297640 pop=2596206680 | errs p=0 c=172 empty=48
[19:13:49] push=  107803/s pop=  107087/s | tot push=2597375670 pop=2597277550 | errs p=0 c=172 empty=48
[19:13:59] push=  111502/s pop=  111507/s | tot push=2598490690 pop=2598392620 | errs p=0 c=172 empty=48
[19:14:09] push=  111666/s pop=  112718/s | tot push=2599607350 pop=2599519800 | errs p=0 c=172 empty=48
[19:14:19] push=  110920/s pop=  107655/s | tot push=2600716550 pop=2600596350 | errs p=0 c=172 empty=48
[19:14:29] push=  110394/s pop=  112871/s | tot push=2601820490 pop=2601725060 | errs p=0 c=172 empty=48
[19:14:39] push=  109254/s pop=  110928/s | tot push=2602913030 pop=2602834340 | errs p=0 c=172 empty=48
[19:14:49] push=  113665/s pop=  111714/s | tot push=2604049680 pop=2603951480 | errs p=0 c=172 empty=48
[19:14:59] push=  112366/s pop=  112200/s | tot push=2605173340 pop=2605073480 | errs p=0 c=172 empty=48
[19:15:09] push=  116402/s pop=  113038/s | tot push=2606337360 pop=2606203860 | errs p=0 c=172 empty=48
[19:15:19] push=  117532/s pop=  120759/s | tot push=2607512680 pop=2607411450 | errs p=0 c=172 empty=48
[19:15:29] push=  116470/s pop=  115926/s | tot push=2608677380 pop=2608570710 | errs p=0 c=172 empty=48
[19:15:39] push=  117794/s pop=  119121/s | tot push=2609855320 pop=2609761920 | errs p=0 c=172 empty=48
[19:15:49] push=  123212/s pop=  124035/s | tot push=2611087440 pop=2611002270 | errs p=0 c=172 empty=48
[19:15:59] push=  119885/s pop=  119984/s | tot push=2612286290 pop=2612202110 | errs p=0 c=172 empty=48
[19:16:09] push=  120423/s pop=  118481/s | tot push=2613490520 pop=2613386920 | errs p=0 c=172 empty=48
[19:16:19] push=  120599/s pop=  121171/s | tot push=2614696510 pop=2614598630 | errs p=0 c=172 empty=48
[19:16:29] push=  119585/s pop=  120079/s | tot push=2615892360 pop=2615799420 | errs p=0 c=172 empty=48
[19:16:39] push=  117182/s pop=  118106/s | tot push=2617064180 pop=2616980480 | errs p=0 c=172 empty=48
[19:16:49] push=  124353/s pop=  121844/s | tot push=2618307710 pop=2618198920 | errs p=0 c=172 empty=48
[19:16:59] push=  120295/s pop=  122871/s | tot push=2619510660 pop=2619427630 | errs p=0 c=172 empty=50
[19:17:09] push=  121459/s pop=  118718/s | tot push=2620725250 pop=2620614810 | errs p=0 c=172 empty=50
[19:17:19] push=  115956/s pop=  117934/s | tot push=2621884810 pop=2621794150 | errs p=0 c=172 empty=50
[19:17:29] push=  116055/s pop=  116754/s | tot push=2623045360 pop=2622961690 | errs p=0 c=172 empty=50
[19:17:39] push=  111592/s pop=  110987/s | tot push=2624161280 pop=2624071560 | errs p=0 c=172 empty=50
[19:17:49] push=  113873/s pop=  113512/s | tot push=2625300010 pop=2625206680 | errs p=0 c=172 empty=50
[19:17:59] push=  115854/s pop=  116768/s | tot push=2626458550 pop=2626374360 | errs p=0 c=172 empty=50
[19:18:09] push=  117215/s pop=  116961/s | tot push=2627630700 pop=2627543970 | errs p=0 c=172 empty=50
[19:18:19] push=  113112/s pop=  113525/s | tot push=2628761820 pop=2628679220 | errs p=0 c=172 empty=50
[19:18:29] push=  120534/s pop=  119348/s | tot push=2629967160 pop=2629872700 | errs p=0 c=172 empty=50
[19:18:39] push=  113395/s pop=  113508/s | tot push=2631101110 pop=2631007780 | errs p=0 c=172 empty=50
[19:18:49] push=  117504/s pop=  115764/s | tot push=2632276150 pop=2632165420 | errs p=0 c=172 empty=50
[19:18:59] push=  118151/s pop=  121139/s | tot push=2633457660 pop=2633376810 | errs p=0 c=172 empty=50
[19:19:09] push=  123579/s pop=  120838/s | tot push=2634693450 pop=2634585190 | errs p=0 c=172 empty=50
[19:19:19] push=  117975/s pop=  120492/s | tot push=2635873200 pop=2635790110 | errs p=0 c=172 empty=50
[19:19:29] push=  115990/s pop=  113910/s | tot push=2637033100 pop=2636929210 | errs p=0 c=172 empty=50
[19:19:39] push=  116731/s pop=  117760/s | tot push=2638200410 pop=2638106810 | errs p=0 c=172 empty=50
[19:19:49] push=  120127/s pop=  119859/s | tot push=2639401680 pop=2639305400 | errs p=0 c=172 empty=50
[19:19:59] push=  118703/s pop=  117844/s | tot push=2640588710 pop=2640483840 | errs p=0 c=172 empty=50
[19:20:09] push=  128881/s pop=  130631/s | tot push=2641877520 pop=2641790150 | errs p=0 c=172 empty=50
[19:20:19] push=  114681/s pop=  111912/s | tot push=2643024330 pop=2642909270 | errs p=0 c=172 empty=50
[19:20:29] push=  115987/s pop=  118458/s | tot push=2644184200 pop=2644093850 | errs p=0 c=172 empty=50
[19:20:39] push=  118558/s pop=  119288/s | tot push=2645369780 pop=2645286730 | errs p=0 c=172 empty=50
[19:20:49] push=  114322/s pop=  112997/s | tot push=2646513000 pop=2646416700 | errs p=0 c=172 empty=50
[19:20:59] push=  113066/s pop=  113731/s | tot push=2647643660 pop=2647554010 | errs p=0 c=172 empty=52
[19:21:09] push=  114786/s pop=  114340/s | tot push=2648791520 pop=2648697410 | errs p=0 c=172 empty=52
[19:21:19] push=  110761/s pop=  112257/s | tot push=2649899130 pop=2649819980 | errs p=0 c=172 empty=52
[19:21:29] push=  108236/s pop=  106621/s | tot push=2650981490 pop=2650886190 | errs p=0 c=172 empty=52
[19:21:39] push=  112694/s pop=  112700/s | tot push=2652108430 pop=2652013190 | errs p=0 c=172 empty=52
[19:21:49] push=  106943/s pop=  105678/s | tot push=2653177860 pop=2653069970 | errs p=0 c=172 empty=52
[19:21:59] push=  104281/s pop=  104257/s | tot push=2654220670 pop=2654112540 | errs p=0 c=172 empty=52
[19:22:09] push=  115802/s pop=  117302/s | tot push=2655378690 pop=2655285560 | errs p=0 c=172 empty=52
[19:22:19] push=  114818/s pop=  115899/s | tot push=2656526870 pop=2656444550 | errs p=0 c=172 empty=52
[19:22:29] push=  115352/s pop=  114559/s | tot push=2657680390 pop=2657590140 | errs p=0 c=172 empty=52
[19:22:39] push=  121805/s pop=  121426/s | tot push=2658898440 pop=2658804400 | errs p=0 c=172 empty=52
[19:22:49] push=  122205/s pop=  123970/s | tot push=2660120490 pop=2660044100 | errs p=0 c=172 empty=52
[19:22:59] push=  118345/s pop=  117554/s | tot push=2661303940 pop=2661219640 | errs p=0 c=172 empty=52
[19:23:09] push=  118792/s pop=  116166/s | tot push=2662491860 pop=2662381300 | errs p=0 c=172 empty=52
[19:23:19] push=  120861/s pop=  122832/s | tot push=2663700470 pop=2663609620 | errs p=0 c=172 empty=52
[19:23:29] push=  118137/s pop=  117946/s | tot push=2664881840 pop=2664789080 | errs p=0 c=172 empty=52
[19:23:39] push=  121570/s pop=  117506/s | tot push=2666097540 pop=2665964140 | errs p=0 c=172 empty=52
[19:23:49] push=  119526/s pop=  123420/s | tot push=2667292800 pop=2667198340 | errs p=0 c=172 empty=52
[19:23:59] push=  123362/s pop=  123576/s | tot push=2668526420 pop=2668434100 | errs p=0 c=172 empty=52
[19:24:09] push=  120019/s pop=  119974/s | tot push=2669726610 pop=2669633840 | errs p=0 c=172 empty=52
[19:24:19] push=  121227/s pop=  121163/s | tot push=2670938880 pop=2670845470 | errs p=0 c=172 empty=52
[19:24:29] push=  122221/s pop=  122652/s | tot push=2672161090 pop=2672071990 | errs p=0 c=172 empty=52
[19:24:39] push=  117982/s pop=  118152/s | tot push=2673340910 pop=2673253510 | errs p=0 c=172 empty=52
[19:24:49] push=  114378/s pop=  114378/s | tot push=2674484690 pop=2674397290 | errs p=0 c=172 empty=52
[19:24:59] push=  117440/s pop=  116929/s | tot push=2675659090 pop=2675566580 | errs p=0 c=172 empty=52
[19:25:09] push=  113607/s pop=  115424/s | tot push=2676795160 pop=2676720820 | errs p=0 c=172 empty=52
[19:25:19] push=  121214/s pop=  118762/s | tot push=2678007300 pop=2677908440 | errs p=0 c=172 empty=52
[19:25:29] push=  119524/s pop=  119578/s | tot push=2679202540 pop=2679104220 | errs p=0 c=172 empty=52
[19:25:39] push=  120079/s pop=  121472/s | tot push=2680403330 pop=2680318940 | errs p=0 c=172 empty=52
[19:25:49] push=  109465/s pop=  105026/s | tot push=2681497980 pop=2681369200 | errs p=0 c=172 empty=52
[19:25:59] push=  118775/s pop=  121112/s | tot push=2682685730 pop=2682580320 | errs p=0 c=172 empty=52
[19:26:09] push=  112579/s pop=  114559/s | tot push=2683811520 pop=2683725910 | errs p=0 c=172 empty=52
[19:26:19] push=  109522/s pop=  109046/s | tot push=2684906740 pop=2684816370 | errs p=0 c=172 empty=52
[19:26:29] push=  109259/s pop=  108291/s | tot push=2685999330 pop=2685899280 | errs p=0 c=172 empty=52
[19:26:39] push=  122128/s pop=  123713/s | tot push=2687220610 pop=2687136410 | errs p=0 c=172 empty=52
[19:26:49] push=  113171/s pop=  112804/s | tot push=2688352320 pop=2688264450 | errs p=0 c=172 empty=52
[19:26:59] push=  114724/s pop=  113817/s | tot push=2689499560 pop=2689402620 | errs p=0 c=172 empty=52
[19:27:09] push=  114675/s pop=  116639/s | tot push=2690646310 pop=2690569010 | errs p=0 c=172 empty=52
[19:27:19] push=  112998/s pop=  111697/s | tot push=2691776290 pop=2691685980 | errs p=0 c=172 empty=52
[19:27:29] push=  108940/s pop=  107628/s | tot push=2692865690 pop=2692762260 | errs p=0 c=172 empty=52
[19:27:39] push=  113427/s pop=  112613/s | tot push=2693999960 pop=2693888390 | errs p=0 c=172 empty=52
[19:27:49] push=  115226/s pop=  116153/s | tot push=2695152220 pop=2695049920 | errs p=0 c=172 empty=52
[19:27:59] push=  109277/s pop=  101278/s | tot push=2696244990 pop=2696062700 | errs p=0 c=172 empty=52
[19:28:09] push=  112700/s pop=  119973/s | tot push=2697371990 pop=2697262430 | errs p=0 c=172 empty=52
[19:28:19] push=  110914/s pop=  112259/s | tot push=2698481130 pop=2698385020 | errs p=0 c=172 empty=52
[19:28:29] push=  108991/s pop=  110313/s | tot push=2699571040 pop=2699488150 | errs p=0 c=172 empty=54
[19:28:39] push=  112691/s pop=  110992/s | tot push=2700697950 pop=2700598070 | errs p=0 c=172 empty=54
[19:28:49] push=  111995/s pop=  112996/s | tot push=2701817900 pop=2701728030 | errs p=0 c=172 empty=54
[19:28:59] push=  110363/s pop=  111383/s | tot push=2702921530 pop=2702841860 | errs p=0 c=172 empty=54
[19:29:09] push=  114954/s pop=  114909/s | tot push=2704071070 pop=2703990950 | errs p=0 c=172 empty=54
[19:29:19] push=  119163/s pop=  118243/s | tot push=2705262700 pop=2705173380 | errs p=0 c=172 empty=54
[19:29:29] push=  113857/s pop=  113798/s | tot push=2706401270 pop=2706311360 | errs p=0 c=172 empty=54
[19:29:39] push=  120560/s pop=  120762/s | tot push=2707606870 pop=2707518980 | errs p=0 c=172 empty=54
[19:29:49] push=  118016/s pop=  118302/s | tot push=2708787030 pop=2708702000 | errs p=0 c=172 empty=54
[19:29:59] push=  118873/s pop=  117450/s | tot push=2709975760 pop=2709876500 | errs p=0 c=172 empty=54
[19:30:09] push=  112213/s pop=  111698/s | tot push=2711097890 pop=2710993480 | errs p=0 c=172 empty=54
[19:30:19] push=  116007/s pop=  117787/s | tot push=2712257960 pop=2712171350 | errs p=0 c=172 empty=54
[19:30:29] push=  118536/s pop=  118022/s | tot push=2713443320 pop=2713351570 | errs p=0 c=172 empty=54
[19:30:39] push=  116308/s pop=  116848/s | tot push=2714606400 pop=2714520050 | errs p=0 c=172 empty=54
[19:30:49] push=  115559/s pop=  115374/s | tot push=2715761990 pop=2715673790 | errs p=0 c=172 empty=54
[19:30:59] push=  119218/s pop=  118542/s | tot push=2716954170 pop=2716859210 | errs p=0 c=172 empty=54
[19:31:09] push=  119610/s pop=  120673/s | tot push=2718150270 pop=2718065940 | errs p=0 c=172 empty=54
[19:31:19] push=  118908/s pop=  117139/s | tot push=2719339350 pop=2719237330 | errs p=0 c=172 empty=55
[19:31:29] push=  115833/s pop=  116678/s | tot push=2720497680 pop=2720404110 | errs p=0 c=172 empty=55
[19:31:39] push=  119947/s pop=  119451/s | tot push=2721697150 pop=2721598620 | errs p=0 c=172 empty=55
[19:31:49] push=  120201/s pop=  121725/s | tot push=2722899160 pop=2722815870 | errs p=0 c=172 empty=55
[19:31:59] push=  117181/s pop=  116230/s | tot push=2724070970 pop=2723978170 | errs p=0 c=172 empty=55
[19:32:09] push=  118163/s pop=  117728/s | tot push=2725252600 pop=2725155450 | errs p=0 c=172 empty=55
[19:32:19] push=  120914/s pop=  122078/s | tot push=2726461740 pop=2726376230 | errs p=0 c=172 empty=55
[19:32:29] push=  117618/s pop=  117716/s | tot push=2727637920 pop=2727553390 | errs p=0 c=172 empty=55
[19:32:39] push=  119963/s pop=  118403/s | tot push=2728837550 pop=2728737420 | errs p=0 c=172 empty=55
[19:32:49] push=  121820/s pop=  122957/s | tot push=2730055750 pop=2729966990 | errs p=0 c=172 empty=55
[19:32:59] push=  117290/s pop=  116823/s | tot push=2731228650 pop=2731135220 | errs p=0 c=172 empty=55
[19:33:09] push=  113646/s pop=  113455/s | tot push=2732365110 pop=2732269770 | errs p=0 c=172 empty=55
[19:33:19] push=  119652/s pop=  120829/s | tot push=2733561630 pop=2733478060 | errs p=0 c=172 empty=55
[19:33:29] push=  118821/s pop=  118463/s | tot push=2734749840 pop=2734662690 | errs p=0 c=172 empty=55
[19:33:39] push=  116574/s pop=  114575/s | tot push=2735915580 pop=2735808440 | errs p=0 c=172 empty=55
[19:33:49] push=  116010/s pop=  117991/s | tot push=2737075680 pop=2736988350 | errs p=0 c=172 empty=55
[19:33:59] push=  121972/s pop=  121168/s | tot push=2738295400 pop=2738200030 | errs p=0 c=172 empty=55
[19:34:09] push=  109599/s pop=  108008/s | tot push=2739391390 pop=2739280110 | errs p=0 c=172 empty=55
[19:34:19] push=  109572/s pop=  107333/s | tot push=2740487110 pop=2740353440 | errs p=0 c=172 empty=55
[19:34:29] push=  108280/s pop=  112814/s | tot push=2741569910 pop=2741481580 | errs p=0 c=172 empty=55
[19:34:39] push=  114359/s pop=  114937/s | tot push=2742713500 pop=2742630950 | errs p=0 c=172 empty=55
[19:34:49] push=  115621/s pop=  114832/s | tot push=2743869710 pop=2743779270 | errs p=0 c=172 empty=55
[19:34:59] push=  118052/s pop=  119481/s | tot push=2745050230 pop=2744974080 | errs p=0 c=172 empty=55
[19:35:09] push=  117954/s pop=  116109/s | tot push=2746229770 pop=2746135170 | errs p=0 c=172 empty=55
[19:35:19] push=  116908/s pop=  117709/s | tot push=2747398850 pop=2747312260 | errs p=0 c=172 empty=55
[19:35:29] push=  116946/s pop=  116436/s | tot push=2748568310 pop=2748476620 | errs p=0 c=172 empty=55
[19:35:39] push=  116984/s pop=  117213/s | tot push=2749738150 pop=2749648750 | errs p=0 c=172 empty=55
[19:35:49] push=  117793/s pop=  118599/s | tot push=2750916080 pop=2750834740 | errs p=0 c=172 empty=55
[19:35:59] push=  114375/s pop=  114054/s | tot push=2752059830 pop=2751975280 | errs p=0 c=172 empty=55
[19:36:09] push=  117204/s pop=  115802/s | tot push=2753231870 pop=2753133300 | errs p=0 c=172 empty=55
[19:36:19] push=  113034/s pop=  114526/s | tot push=2754362210 pop=2754278560 | errs p=0 c=172 empty=55
[19:36:29] push=  112188/s pop=  106477/s | tot push=2755484090 pop=2755343330 | errs p=0 c=172 empty=55
[19:36:39] push=  117113/s pop=  120975/s | tot push=2756655220 pop=2756553080 | errs p=0 c=172 empty=55
[19:36:49] push=  119472/s pop=  120322/s | tot push=2757849940 pop=2757756300 | errs p=0 c=172 empty=55
[19:36:59] push=  115756/s pop=  115619/s | tot push=2759007500 pop=2758912490 | errs p=0 c=172 empty=55
[19:37:09] push=  124208/s pop=  124452/s | tot push=2760249580 pop=2760157010 | errs p=0 c=172 empty=55
[19:37:19] push=  121349/s pop=  122338/s | tot push=2761463070 pop=2761380390 | errs p=0 c=172 empty=55
[19:37:29] push=  118738/s pop=  117895/s | tot push=2762650450 pop=2762559340 | errs p=0 c=172 empty=55
[19:37:39] push=  116939/s pop=  116245/s | tot push=2763819840 pop=2763721790 | errs p=0 c=172 empty=55
[19:37:49] push=  123539/s pop=  124734/s | tot push=2765055230 pop=2764969130 | errs p=0 c=172 empty=55
[19:37:59] push=  120594/s pop=  120841/s | tot push=2766261170 pop=2766177540 | errs p=0 c=172 empty=55
[19:38:09] push=  124146/s pop=  123930/s | tot push=2767502630 pop=2767416840 | errs p=0 c=172 empty=55
[19:38:19] push=  124005/s pop=  123794/s | tot push=2768742680 pop=2768654780 | errs p=0 c=172 empty=55
[19:38:29] push=  121626/s pop=  120485/s | tot push=2769958940 pop=2769859630 | errs p=0 c=172 empty=55
[19:38:39] push=  112960/s pop=  100463/s | tot push=2771088540 pop=2770864260 | errs p=0 c=172 empty=55
[19:38:49] push=  115216/s pop=  126768/s | tot push=2772240700 pop=2772131940 | errs p=0 c=172 empty=55
[19:38:59] push=  111728/s pop=  113769/s | tot push=2773357980 pop=2773269630 | errs p=0 c=172 empty=55
[19:39:09] push=  115360/s pop=  114773/s | tot push=2774511580 pop=2774417360 | errs p=0 c=172 empty=55
[19:39:19] push=  117604/s pop=  117768/s | tot push=2775687620 pop=2775595040 | errs p=0 c=172 empty=55
[19:39:29] push=  121303/s pop=  120395/s | tot push=2776900650 pop=2776798990 | errs p=0 c=172 empty=55
[19:39:39] push=  112005/s pop=  113451/s | tot push=2778020700 pop=2777933500 | errs p=0 c=172 empty=55
[19:39:49] push=  115960/s pop=  114206/s | tot push=2779180300 pop=2779075560 | errs p=0 c=172 empty=55
[19:39:59] push=  115599/s pop=  117487/s | tot push=2780336290 pop=2780250430 | errs p=0 c=172 empty=55
[19:40:09] push=  117587/s pop=  116527/s | tot push=2781512160 pop=2781415700 | errs p=0 c=172 empty=55
[19:40:19] push=  114056/s pop=  114731/s | tot push=2782652720 pop=2782563010 | errs p=0 c=172 empty=55
[19:40:29] push=  121858/s pop=  120798/s | tot push=2783871300 pop=2783770990 | errs p=0 c=172 empty=55
[19:40:39] push=  118707/s pop=  119196/s | tot push=2785058370 pop=2784962950 | errs p=0 c=172 empty=55
[19:40:49] push=  116010/s pop=  114049/s | tot push=2786218470 pop=2786103440 | errs p=0 c=172 empty=55
[19:40:59] push=  110743/s pop=  111964/s | tot push=2787325900 pop=2787223080 | errs p=0 c=172 empty=55
[19:41:09] push=  109297/s pop=  111340/s | tot push=2788418870 pop=2788336480 | errs p=0 c=172 empty=55
[19:41:19] push=  109770/s pop=  105237/s | tot push=2789516570 pop=2789388850 | errs p=0 c=172 empty=55
[19:41:29] push=  112451/s pop=  116439/s | tot push=2790641080 pop=2790553240 | errs p=0 c=172 empty=55
[19:41:39] push=  110307/s pop=  110891/s | tot push=2791744150 pop=2791662150 | errs p=0 c=172 empty=55
[19:41:49] push=  107278/s pop=  103947/s | tot push=2792816930 pop=2792701620 | errs p=0 c=172 empty=55
[19:41:59] push=  113939/s pop=  114703/s | tot push=2793956320 pop=2793848650 | errs p=0 c=172 empty=55
[19:42:09] push=  118483/s pop=  120619/s | tot push=2795141150 pop=2795054840 | errs p=0 c=172 empty=55
[19:42:19] push=  113936/s pop=  113246/s | tot push=2796280510 pop=2796187300 | errs p=0 c=172 empty=55
[19:42:29] push=  108080/s pop=  105842/s | tot push=2797361310 pop=2797245720 | errs p=0 c=172 empty=55
[19:42:39] push=  112857/s pop=  115392/s | tot push=2798489880 pop=2798399640 | errs p=0 c=172 empty=55
[19:42:49] push=  112236/s pop=  110329/s | tot push=2799612240 pop=2799502930 | errs p=0 c=172 empty=55
[19:42:59] push=  111871/s pop=  114173/s | tot push=2800730950 pop=2800644660 | errs p=0 c=172 empty=55
[19:43:09] push=  111813/s pop=  109422/s | tot push=2801849080 pop=2801738880 | errs p=0 c=172 empty=55
[19:43:19] push=  111614/s pop=  113473/s | tot push=2802965220 pop=2802873610 | errs p=0 c=172 empty=55
[19:43:29] push=  107393/s pop=  106311/s | tot push=2804039150 pop=2803936720 | errs p=0 c=172 empty=55
[19:43:39] push=  110711/s pop=  111132/s | tot push=2805146260 pop=2805048040 | errs p=0 c=172 empty=55
[19:43:49] push=  109645/s pop=  110367/s | tot push=2806242710 pop=2806151710 | errs p=0 c=172 empty=55
[19:43:59] push=  110442/s pop=  111632/s | tot push=2807347130 pop=2807268030 | errs p=0 c=172 empty=55
[19:44:09] push=  113299/s pop=  112674/s | tot push=2808480120 pop=2808394770 | errs p=0 c=172 empty=55
[19:44:19] push=  122830/s pop=  121999/s | tot push=2809708420 pop=2809614760 | errs p=0 c=172 empty=55
[19:44:29] push=  122219/s pop=  122365/s | tot push=2810930610 pop=2810838410 | errs p=0 c=172 empty=55
[19:44:39] push=  119358/s pop=  120292/s | tot push=2812124190 pop=2812041330 | errs p=0 c=172 empty=55
[19:44:49] push=  112774/s pop=  111800/s | tot push=2813251930 pop=2813159330 | errs p=0 c=172 empty=55
[19:44:59] push=  115095/s pop=  113438/s | tot push=2814402880 pop=2814293710 | errs p=0 c=172 empty=55
[19:45:09] push=  116613/s pop=  114333/s | tot push=2815569010 pop=2815437040 | errs p=0 c=172 empty=55
[19:45:19] push=  120538/s pop=  125213/s | tot push=2816774390 pop=2816689170 | errs p=0 c=172 empty=55
[19:45:29] push=  121116/s pop=  120728/s | tot push=2817985550 pop=2817896450 | errs p=0 c=172 empty=55
[19:45:39] push=  118765/s pop=  118989/s | tot push=2819173200 pop=2819086340 | errs p=0 c=172 empty=55
[19:45:49] push=  115427/s pop=  114565/s | tot push=2820327470 pop=2820231990 | errs p=0 c=172 empty=55
[19:45:59] push=  119402/s pop=  118785/s | tot push=2821521490 pop=2821419840 | errs p=0 c=172 empty=55
[19:46:09] push=  121783/s pop=  122900/s | tot push=2822739320 pop=2822648840 | errs p=0 c=172 empty=55
[19:46:19] push=  118476/s pop=  117908/s | tot push=2823924080 pop=2823827920 | errs p=0 c=172 empty=55
[19:46:29] push=  116345/s pop=  116092/s | tot push=2825087530 pop=2824988840 | errs p=0 c=172 empty=55
[19:46:39] push=  124949/s pop=  123825/s | tot push=2826337020 pop=2826227090 | errs p=0 c=172 empty=55
[19:46:49] push=  121884/s pop=  124836/s | tot push=2827555860 pop=2827475450 | errs p=0 c=172 empty=55
[19:46:59] push=  123201/s pop=  121504/s | tot push=2828787870 pop=2828690490 | errs p=0 c=172 empty=55
[19:47:09] push=  117539/s pop=  117831/s | tot push=2829963260 pop=2829868800 | errs p=0 c=172 empty=55
[19:47:19] push=  124088/s pop=  124242/s | tot push=2831204140 pop=2831111220 | errs p=0 c=172 empty=55
[19:47:29] push=  121390/s pop=  120601/s | tot push=2832418040 pop=2832317230 | errs p=0 c=172 empty=55
[19:47:39] push=  123389/s pop=  124134/s | tot push=2833651930 pop=2833558570 | errs p=0 c=172 empty=55
[19:47:49] push=  119767/s pop=  121216/s | tot push=2834849600 pop=2834770730 | errs p=0 c=172 empty=55
[19:47:59] push=  114057/s pop=  110453/s | tot push=2835990170 pop=2835875260 | errs p=0 c=172 empty=55
[19:48:09] push=  116771/s pop=  117397/s | tot push=2837157880 pop=2837049230 | errs p=0 c=172 empty=55
[19:48:19] push=  114018/s pop=  115938/s | tot push=2838298060 pop=2838208610 | errs p=0 c=172 empty=55
[19:48:29] push=  114433/s pop=  113331/s | tot push=2839442390 pop=2839341920 | errs p=0 c=172 empty=55
[19:48:39] push=  111324/s pop=  111120/s | tot push=2840555630 pop=2840453120 | errs p=0 c=172 empty=55
[19:48:49] push=  116703/s pop=  117803/s | tot push=2841722660 pop=2841631150 | errs p=0 c=172 empty=55
[19:48:59] push=  110893/s pop=  109628/s | tot push=2842831590 pop=2842727430 | errs p=0 c=172 empty=55
[19:49:09] push=  111166/s pop=  112484/s | tot push=2843943250 pop=2843852270 | errs p=0 c=172 empty=55
[19:49:19] push=  112555/s pop=  112421/s | tot push=2845068800 pop=2844976480 | errs p=0 c=172 empty=55
[19:49:29] push=  113491/s pop=  114409/s | tot push=2846203710 pop=2846120570 | errs p=0 c=172 empty=55
[19:49:39] push=  107729/s pop=  105945/s | tot push=2847281000 pop=2847180020 | errs p=0 c=172 empty=55
[19:49:49] push=  108154/s pop=  110175/s | tot push=2848362540 pop=2848281770 | errs p=0 c=172 empty=55
[19:49:59] push=  108375/s pop=  107736/s | tot push=2849446290 pop=2849359130 | errs p=0 c=172 empty=55
[19:50:09] push=  113898/s pop=  113391/s | tot push=2850585270 pop=2850493040 | errs p=0 c=172 empty=55
[19:50:19] push=  113820/s pop=  112666/s | tot push=2851723470 pop=2851619700 | errs p=0 c=172 empty=55
[19:50:29] push=  117409/s pop=  118441/s | tot push=2852897560 pop=2852804110 | errs p=0 c=172 empty=55
[19:50:39] push=  118425/s pop=  118657/s | tot push=2854081810 pop=2853990680 | errs p=0 c=172 empty=55
[19:50:49] push=  114005/s pop=  113402/s | tot push=2855221860 pop=2855124700 | errs p=0 c=172 empty=55
[19:50:59] push=  116357/s pop=  117457/s | tot push=2856385430 pop=2856299270 | errs p=0 c=172 empty=55
[19:51:09] push=  113963/s pop=  114288/s | tot push=2857525060 pop=2857442150 | errs p=0 c=172 empty=55
[19:51:19] push=  115025/s pop=  112773/s | tot push=2858675310 pop=2858569880 | errs p=0 c=172 empty=55
[19:51:29] push=  107338/s pop=  110515/s | tot push=2859748690 pop=2859675030 | errs p=0 c=172 empty=55
[19:51:39] push=  107672/s pop=  106624/s | tot push=2860825410 pop=2860741270 | errs p=0 c=172 empty=55
[19:51:49] push=  105217/s pop=  102501/s | tot push=2861877580 pop=2861766280 | errs p=0 c=172 empty=55
[19:51:59] push=  110717/s pop=  112027/s | tot push=2862984750 pop=2862886550 | errs p=0 c=172 empty=55
[19:52:09] push=  109300/s pop=  111114/s | tot push=2864077750 pop=2863997690 | errs p=0 c=172 empty=55
[19:52:19] push=  110790/s pop=  110012/s | tot push=2865185650 pop=2865097810 | errs p=0 c=172 empty=55
[19:52:29] push=  110994/s pop=  110557/s | tot push=2866295590 pop=2866203380 | errs p=0 c=172 empty=55
[19:52:39] push=  117557/s pop=  118076/s | tot push=2867471160 pop=2867384140 | errs p=0 c=172 empty=55
[19:52:49] push=  112898/s pop=  110519/s | tot push=2868600140 pop=2868489330 | errs p=0 c=172 empty=55
[19:52:59] push=  114140/s pop=  115545/s | tot push=2869741540 pop=2869644780 | errs p=0 c=172 empty=55
[19:53:09] push=  111398/s pop=  111554/s | tot push=2870855520 pop=2870760320 | errs p=0 c=172 empty=55
[19:53:19] push=  109902/s pop=  111297/s | tot push=2871954540 pop=2871873290 | errs p=0 c=172 empty=55
[19:53:29] push=  106463/s pop=   92059/s | tot push=2873019170 pop=2872793880 | errs p=0 c=172 empty=55
[19:53:39] push=  114789/s pop=  125649/s | tot push=2874167060 pop=2874050370 | errs p=0 c=172 empty=55
[19:53:49] push=  114644/s pop=  117668/s | tot push=2875313500 pop=2875227050 | errs p=0 c=172 empty=55
[19:53:59] push=  120925/s pop=  119631/s | tot push=2876522750 pop=2876423360 | errs p=0 c=172 empty=55
[19:54:09] push=  113433/s pop=  112929/s | tot push=2877657080 pop=2877552650 | errs p=0 c=172 empty=55
[19:54:19] push=  119445/s pop=  120238/s | tot push=2878851530 pop=2878755030 | errs p=0 c=172 empty=55
[19:54:29] push=  122210/s pop=  122214/s | tot push=2880073630 pop=2879977170 | errs p=0 c=172 empty=55
[19:54:39] push=  110178/s pop=  109993/s | tot push=2881175410 pop=2881077100 | errs p=0 c=172 empty=55
[19:54:49] push=  109695/s pop=  109588/s | tot push=2882272360 pop=2882172980 | errs p=0 c=172 empty=55
[19:54:59] push=  114140/s pop=  116123/s | tot push=2883413760 pop=2883334210 | errs p=0 c=172 empty=55
[19:55:09] push=  112728/s pop=  108933/s | tot push=2884541040 pop=2884423540 | errs p=0 c=172 empty=55
[19:55:19] push=  112626/s pop=  114978/s | tot push=2885667300 pop=2885573320 | errs p=0 c=172 empty=55
[19:55:29] push=  115821/s pop=  116076/s | tot push=2886825510 pop=2886734080 | errs p=0 c=172 empty=55
[19:55:39] push=  113917/s pop=  114787/s | tot push=2887964680 pop=2887881950 | errs p=0 c=172 empty=55
[19:55:49] push=  112104/s pop=  112482/s | tot push=2889085720 pop=2889006770 | errs p=0 c=172 empty=55
[19:55:59] push=  106255/s pop=  103779/s | tot push=2890148270 pop=2890044560 | errs p=0 c=172 empty=56
[19:56:09] push=  108984/s pop=  109913/s | tot push=2891238110 pop=2891143690 | errs p=0 c=172 empty=56
[19:56:19] push=  112538/s pop=  113420/s | tot push=2892363490 pop=2892277890 | errs p=0 c=172 empty=56
[19:56:29] push=  113049/s pop=  110622/s | tot push=2893493980 pop=2893384110 | errs p=0 c=172 empty=56
[19:56:39] push=  113571/s pop=  114742/s | tot push=2894629690 pop=2894531530 | errs p=0 c=172 empty=56
[19:56:49] push=  116225/s pop=  117549/s | tot push=2895791940 pop=2895707020 | errs p=0 c=172 empty=56
[19:56:59] push=  114868/s pop=  113357/s | tot push=2896940620 pop=2896840590 | errs p=0 c=172 empty=56
[19:57:09] push=  117977/s pop=  119628/s | tot push=2898120390 pop=2898036870 | errs p=0 c=172 empty=56
[19:57:19] push=  117903/s pop=  117040/s | tot push=2899299420 pop=2899207270 | errs p=0 c=172 empty=56
[19:57:29] push=  115485/s pop=  115482/s | tot push=2900454270 pop=2900362090 | errs p=0 c=172 empty=56
[19:57:39] push=  119129/s pop=  117780/s | tot push=2901645560 pop=2901539890 | errs p=0 c=172 empty=56
[19:57:49] push=  118286/s pop=  118407/s | tot push=2902828420 pop=2902723960 | errs p=0 c=172 empty=56
[19:57:59] push=  115561/s pop=  117185/s | tot push=2903984030 pop=2903895810 | errs p=0 c=172 empty=56
[19:58:09] push=  113621/s pop=  112003/s | tot push=2905120240 pop=2905015840 | errs p=0 c=172 empty=56
[19:58:19] push=  120822/s pop=  122201/s | tot push=2906328460 pop=2906237850 | errs p=0 c=172 empty=56
[19:58:29] push=  108013/s pop=  104517/s | tot push=2907408590 pop=2907283020 | errs p=0 c=172 empty=56
[19:58:39] push=  111470/s pop=  114075/s | tot push=2908523290 pop=2908423770 | errs p=0 c=172 empty=56
[19:58:49] push=  117504/s pop=  119007/s | tot push=2909698330 pop=2909613840 | errs p=0 c=172 empty=56
[19:58:59] push=  118346/s pop=  117040/s | tot push=2910881790 pop=2910784240 | errs p=0 c=172 empty=56
[19:59:09] push=  116169/s pop=  117061/s | tot push=2912043480 pop=2911954850 | errs p=0 c=172 empty=56
[19:59:19] push=  117667/s pop=  117607/s | tot push=2913220150 pop=2913130920 | errs p=0 c=172 empty=56
[19:59:29] push=  117446/s pop=  117709/s | tot push=2914394610 pop=2914308010 | errs p=0 c=172 empty=56
[19:59:39] push=  112230/s pop=  111813/s | tot push=2915516910 pop=2915426140 | errs p=0 c=172 empty=56
[19:59:49] push=  108481/s pop=  101439/s | tot push=2916601720 pop=2916440530 | errs p=0 c=172 empty=56
[19:59:59] push=  115255/s pop=  121600/s | tot push=2917754270 pop=2917656530 | errs p=0 c=172 empty=56
[20:00:09] push=  117069/s pop=  118188/s | tot push=2918924960 pop=2918838410 | errs p=0 c=172 empty=56
[20:00:19] push=  116589/s pop=  115644/s | tot push=2920090850 pop=2919994850 | errs p=0 c=172 empty=56
[20:00:29] push=  115025/s pop=  114570/s | tot push=2921241100 pop=2921140550 | errs p=0 c=172 empty=56
[20:00:39] push=  116513/s pop=  118553/s | tot push=2922406230 pop=2922326080 | errs p=0 c=172 empty=56
[20:00:49] push=  115687/s pop=  113361/s | tot push=2923563100 pop=2923459690 | errs p=0 c=172 empty=56
[20:00:59] push=  121634/s pop=  121593/s | tot push=2924779440 pop=2924675620 | errs p=0 c=172 empty=56
[20:01:09] push=  114049/s pop=  115549/s | tot push=2925919930 pop=2925831110 | errs p=0 c=172 empty=56
[20:01:19] push=  117916/s pop=  116965/s | tot push=2927099090 pop=2927000760 | errs p=0 c=172 empty=56
[20:01:29] push=  119311/s pop=  118682/s | tot push=2928292200 pop=2928187580 | errs p=0 c=172 empty=56
[20:01:39] push=  122447/s pop=  124294/s | tot push=2929516670 pop=2929430520 | errs p=0 c=172 empty=56
[20:01:49] push=  111157/s pop=  110821/s | tot push=2930628240 pop=2930538730 | errs p=0 c=172 empty=56
[20:01:59] push=  111583/s pop=  100622/s | tot push=2931744070 pop=2931544950 | errs p=0 c=172 empty=56
[20:02:09] push=  115526/s pop=  121841/s | tot push=2932899330 pop=2932763360 | errs p=0 c=172 empty=56
[20:02:19] push=  113312/s pop=  117483/s | tot push=2934032450 pop=2933938190 | errs p=0 c=172 empty=56
[20:02:29] push=  112127/s pop=  111545/s | tot push=2935153720 pop=2935053640 | errs p=0 c=172 empty=56
[20:02:39] push=  117874/s pop=  117359/s | tot push=2936332460 pop=2936227230 | errs p=0 c=172 empty=56
[20:02:49] push=  115958/s pop=  117283/s | tot push=2937492040 pop=2937400060 | errs p=0 c=172 empty=56
[20:02:59] push=  113995/s pop=  114736/s | tot push=2938631990 pop=2938547420 | errs p=0 c=172 empty=56
[20:03:09] push=  108537/s pop=  108273/s | tot push=2939717360 pop=2939630150 | errs p=0 c=172 empty=56
[20:03:19] push=  111614/s pop=  110588/s | tot push=2940833500 pop=2940736030 | errs p=0 c=172 empty=56
[20:03:29] push=  107046/s pop=  106659/s | tot push=2941903960 pop=2941802620 | errs p=0 c=172 empty=56
[20:03:39] push=  113166/s pop=  113194/s | tot push=2943035620 pop=2942934560 | errs p=0 c=172 empty=56
[20:03:49] push=  113499/s pop=  115311/s | tot push=2944170610 pop=2944087670 | errs p=0 c=172 empty=56
[20:03:59] push=  113727/s pop=  113333/s | tot push=2945307880 pop=2945221000 | errs p=0 c=172 empty=56
[20:04:09] push=  112364/s pop=  112009/s | tot push=2946431520 pop=2946341090 | errs p=0 c=172 empty=56
[20:04:19] push=  121769/s pop=  122344/s | tot push=2947649210 pop=2947564530 | errs p=0 c=172 empty=56
[20:04:29] push=  117213/s pop=  117808/s | tot push=2948821340 pop=2948742610 | errs p=0 c=172 empty=56
[20:04:39] push=  117255/s pop=  113691/s | tot push=2949993890 pop=2949879520 | errs p=0 c=172 empty=56
[20:04:49] push=  119778/s pop=  122428/s | tot push=2951191670 pop=2951103800 | errs p=0 c=172 empty=56
[20:04:59] push=  118718/s pop=  119628/s | tot push=2952378850 pop=2952300080 | errs p=0 c=172 empty=56
[20:05:09] push=  120524/s pop=  119022/s | tot push=2953584090 pop=2953490300 | errs p=0 c=172 empty=56
[20:05:19] push=  122251/s pop=  120819/s | tot push=2954806600 pop=2954698490 | errs p=0 c=172 empty=56
[20:05:29] push=  121603/s pop=  125154/s | tot push=2956022630 pop=2955950030 | errs p=0 c=172 empty=56
[20:05:39] push=  118727/s pop=  116686/s | tot push=2957209900 pop=2957116890 | errs p=0 c=172 empty=56
[20:05:49] push=  119450/s pop=  119002/s | tot push=2958404400 pop=2958306910 | errs p=0 c=172 empty=56
[20:05:59] push=  122197/s pop=  121685/s | tot push=2959626370 pop=2959523760 | errs p=0 c=172 empty=56
[20:06:09] push=  118080/s pop=  119271/s | tot push=2960807170 pop=2960716470 | errs p=0 c=172 empty=56
[20:06:19] push=  113014/s pop=  111828/s | tot push=2961937310 pop=2961834750 | errs p=0 c=172 empty=56
[20:06:29] push=  118911/s pop=  120500/s | tot push=2963126420 pop=2963039750 | errs p=0 c=172 empty=56
[20:06:39] push=  118104/s pop=  117411/s | tot push=2964307460 pop=2964213860 | errs p=0 c=172 empty=56
[20:06:49] push=  116188/s pop=  115543/s | tot push=2965469340 pop=2965369290 | errs p=0 c=172 empty=56
[20:06:59] push=  119857/s pop=  120274/s | tot push=2966667910 pop=2966572030 | errs p=0 c=172 empty=56
[20:07:09] push=  118079/s pop=  119419/s | tot push=2967848700 pop=2967766220 | errs p=0 c=172 empty=56
[20:07:19] push=  111850/s pop=  108443/s | tot push=2968967200 pop=2968850650 | errs p=0 c=172 empty=56
[20:07:29] push=  113733/s pop=  115694/s | tot push=2970104530 pop=2970007590 | errs p=0 c=172 empty=56
[20:07:39] push=  116721/s pop=  116477/s | tot push=2971271740 pop=2971172360 | errs p=0 c=172 empty=56
[20:07:49] push=  117872/s pop=  118390/s | tot push=2972450460 pop=2972356260 | errs p=0 c=172 empty=56
[20:07:59] push=  112213/s pop=  112031/s | tot push=2973572590 pop=2973476570 | errs p=0 c=172 empty=56
[20:08:09] push=  116334/s pop=  115693/s | tot push=2974735930 pop=2974633500 | errs p=0 c=172 empty=56
[20:08:19] push=  115089/s pop=  115079/s | tot push=2975886820 pop=2975784290 | errs p=0 c=172 empty=56
[20:08:29] push=  119689/s pop=  119904/s | tot push=2977083710 pop=2976983330 | errs p=0 c=172 empty=56
[20:08:39] push=  119781/s pop=  119658/s | tot push=2978281520 pop=2978179910 | errs p=0 c=172 empty=56
[20:08:49] push=  111459/s pop=  111803/s | tot push=2979396110 pop=2979297940 | errs p=0 c=172 empty=56
[20:08:59] push=  112579/s pop=  111769/s | tot push=2980521900 pop=2980415630 | errs p=0 c=172 empty=56
[20:09:09] push=  115439/s pop=  115513/s | tot push=2981676290 pop=2981570760 | errs p=0 c=172 empty=56
[20:09:19] push=  119057/s pop=  119753/s | tot push=2982866860 pop=2982768290 | errs p=0 c=172 empty=56
[20:09:29] push=  117934/s pop=  119804/s | tot push=2984046200 pop=2983966330 | errs p=0 c=172 empty=56
[20:09:39] push=  115509/s pop=  114087/s | tot push=2985201290 pop=2985107200 | errs p=0 c=172 empty=56
[20:09:49] push=  118698/s pop=  119605/s | tot push=2986388270 pop=2986303250 | errs p=0 c=172 empty=56
[20:09:59] push=  114970/s pop=  114502/s | tot push=2987537970 pop=2987448270 | errs p=0 c=172 empty=56
[20:10:09] push=  115650/s pop=  114708/s | tot push=2988694470 pop=2988595350 | errs p=0 c=172 empty=56
[20:10:19] push=  115166/s pop=  116034/s | tot push=2989846130 pop=2989755690 | errs p=0 c=172 empty=56
[20:10:29] push=  114601/s pop=  114580/s | tot push=2990992140 pop=2990901490 | errs p=0 c=172 empty=56
[20:10:39] push=  111986/s pop=  111218/s | tot push=2992112000 pop=2992013670 | errs p=0 c=172 empty=56
[20:10:49] push=  118145/s pop=  118436/s | tot push=2993293450 pop=2993198030 | errs p=0 c=172 empty=56
[20:10:59] push=  117983/s pop=  117250/s | tot push=2994473280 pop=2994370530 | errs p=0 c=172 empty=56
[20:11:09] push=  117553/s pop=  118731/s | tot push=2995648810 pop=2995557840 | errs p=0 c=172 empty=56
[20:11:19] push=  117144/s pop=  116112/s | tot push=2996820250 pop=2996718960 | errs p=0 c=172 empty=56
[20:11:29] push=  117191/s pop=  117986/s | tot push=2997992160 pop=2997898820 | errs p=0 c=172 empty=56
[20:11:39] push=  116764/s pop=  116245/s | tot push=2999159800 pop=2999061270 | errs p=0 c=172 empty=56
[20:11:49] push=  114888/s pop=  116184/s | tot push=3000308680 pop=3000223110 | errs p=0 c=172 empty=56
[20:11:59] push=  117002/s pop=  115587/s | tot push=3001478700 pop=3001378980 | errs p=0 c=172 empty=56
[20:12:09] push=  116755/s pop=  116957/s | tot push=3002646250 pop=3002548550 | errs p=0 c=172 empty=56
[20:12:19] push=  110653/s pop=  111844/s | tot push=3003752780 pop=3003666990 | errs p=0 c=172 empty=56
[20:12:29] push=  114967/s pop=  113732/s | tot push=3004902450 pop=3004804310 | errs p=0 c=172 empty=56
[20:12:39] push=  115629/s pop=  116575/s | tot push=3006058740 pop=3005970060 | errs p=0 c=172 empty=56
[20:12:49] push=  117408/s pop=  116879/s | tot push=3007232820 pop=3007138850 | errs p=0 c=172 empty=56
[20:12:59] push=  119319/s pop=  119518/s | tot push=3008426010 pop=3008334030 | errs p=0 c=172 empty=56
[20:13:09] push=  117286/s pop=  117154/s | tot push=3009598870 pop=3009505570 | errs p=0 c=172 empty=56
[20:13:19] push=  116727/s pop=  117147/s | tot push=3010766140 pop=3010677040 | errs p=0 c=172 empty=56
[20:13:29] push=  118895/s pop=  119139/s | tot push=3011955090 pop=3011868430 | errs p=0 c=172 empty=56
[20:13:39] push=  121321/s pop=  120901/s | tot push=3013168300 pop=3013077440 | errs p=0 c=172 empty=56
[20:13:49] push=  117033/s pop=  116827/s | tot push=3014338630 pop=3014245710 | errs p=0 c=172 empty=56
[20:13:59] push=  113910/s pop=  114164/s | tot push=3015477730 pop=3015387350 | errs p=0 c=172 empty=56
[20:14:09] push=  119745/s pop=  119311/s | tot push=3016675180 pop=3016580460 | errs p=0 c=172 empty=56
[20:14:19] push=  119090/s pop=  119532/s | tot push=3017866080 pop=3017775780 | errs p=0 c=172 empty=56
[20:14:29] push=  119720/s pop=  119303/s | tot push=3019063280 pop=3018968810 | errs p=0 c=172 empty=56
[20:14:39] push=  116447/s pop=  116871/s | tot push=3020227750 pop=3020137520 | errs p=0 c=172 empty=56
[20:14:49] push=  115823/s pop=  114796/s | tot push=3021385980 pop=3021285480 | errs p=0 c=172 empty=56
[20:14:59] push=  117971/s pop=  118351/s | tot push=3022565690 pop=3022468990 | errs p=0 c=172 empty=56
[20:15:09] push=  114467/s pop=  114155/s | tot push=3023710360 pop=3023610540 | errs p=0 c=172 empty=56
[20:15:19] push=  120361/s pop=  120966/s | tot push=3024913970 pop=3024820200 | errs p=0 c=172 empty=56
[20:15:29] push=  114947/s pop=  115313/s | tot push=3026063440 pop=3025973330 | errs p=0 c=172 empty=56
[20:15:39] push=  108445/s pop=  108211/s | tot push=3027147890 pop=3027055440 | errs p=0 c=172 empty=56
[20:15:49] push=  117299/s pop=  118537/s | tot push=3028320880 pop=3028240810 | errs p=0 c=172 empty=56
[20:15:59] push=  112311/s pop=  108956/s | tot push=3029443990 pop=3029330370 | errs p=0 c=172 empty=56
[20:16:09] push=  107573/s pop=  110170/s | tot push=3030519720 pop=3030432070 | errs p=0 c=172 empty=56
[20:16:19] push=  113909/s pop=  114239/s | tot push=3031658810 pop=3031574460 | errs p=0 c=172 empty=56
[20:16:29] push=  112562/s pop=  111498/s | tot push=3032784430 pop=3032689440 | errs p=0 c=172 empty=56
[20:16:39] push=  109329/s pop=  109445/s | tot push=3033877720 pop=3033783890 | errs p=0 c=172 empty=56
[20:16:49] push=  108155/s pop=  104974/s | tot push=3034959270 pop=3034833630 | errs p=0 c=172 empty=56
[20:16:59] push=  111576/s pop=  113740/s | tot push=3036075030 pop=3035971030 | errs p=0 c=172 empty=56
[20:17:09] push=  111668/s pop=  112635/s | tot push=3037191710 pop=3037097380 | errs p=0 c=172 empty=56
[20:17:19] push=  110464/s pop=  107647/s | tot push=3038296350 pop=3038173850 | errs p=0 c=172 empty=56
[20:17:29] push=  113890/s pop=  118655/s | tot push=3039435250 pop=3039360400 | errs p=0 c=172 empty=56
[20:17:39] push=  112206/s pop=  110954/s | tot push=3040557310 pop=3040469940 | errs p=0 c=172 empty=56
[20:17:49] push=  115023/s pop=  114588/s | tot push=3041707540 pop=3041615820 | errs p=0 c=172 empty=56
[20:17:59] push=  114670/s pop=  113042/s | tot push=3042854240 pop=3042746240 | errs p=0 c=172 empty=56
[20:18:09] push=  114536/s pop=  116475/s | tot push=3043999600 pop=3043910990 | errs p=0 c=172 empty=56
[20:18:19] push=  117015/s pop=  115607/s | tot push=3045169750 pop=3045067060 | errs p=0 c=172 empty=56
[20:18:29] push=  116155/s pop=  116962/s | tot push=3046331300 pop=3046236680 | errs p=0 c=172 empty=56
[20:18:39] push=  118025/s pop=  117131/s | tot push=3047511550 pop=3047407990 | errs p=0 c=172 empty=56
[20:18:49] push=  115017/s pop=  115239/s | tot push=3048661720 pop=3048560380 | errs p=0 c=172 empty=56
[20:18:59] push=  111345/s pop=  112321/s | tot push=3049775170 pop=3049683590 | errs p=0 c=172 empty=56
[20:19:09] push=  120853/s pop=  121152/s | tot push=3050983700 pop=3050895110 | errs p=0 c=172 empty=56
[20:19:19] push=  121402/s pop=  122087/s | tot push=3052197720 pop=3052115980 | errs p=0 c=172 empty=56
[20:19:29] push=  117071/s pop=  116397/s | tot push=3053368430 pop=3053279950 | errs p=0 c=172 empty=56
[20:19:39] push=  116125/s pop=  115030/s | tot push=3054529680 pop=3054430250 | errs p=0 c=172 empty=56
[20:19:49] push=  120561/s pop=  120906/s | tot push=3055735290 pop=3055639310 | errs p=0 c=172 empty=56
[20:19:59] push=  121739/s pop=  122375/s | tot push=3056952680 pop=3056863060 | errs p=0 c=172 empty=56
[20:20:09] push=  116964/s pop=  117439/s | tot push=3058122320 pop=3058037450 | errs p=0 c=172 empty=56
[20:20:19] push=  118273/s pop=  117532/s | tot push=3059305050 pop=3059212770 | errs p=0 c=172 empty=56
[20:20:29] push=  121203/s pop=  122103/s | tot push=3060517080 pop=3060433800 | errs p=0 c=172 empty=56
[20:20:39] push=  119005/s pop=  119074/s | tot push=3061707130 pop=3061624540 | errs p=0 c=172 empty=56
[20:20:49] push=  120763/s pop=  120159/s | tot push=3062914760 pop=3062826130 | errs p=0 c=172 empty=56
[20:20:59] push=  120513/s pop=  118459/s | tot push=3064119890 pop=3064010720 | errs p=0 c=172 empty=56
[20:21:09] push=  118219/s pop=  120451/s | tot push=3065302080 pop=3065215230 | errs p=0 c=172 empty=56
[20:21:19] push=  116323/s pop=  114495/s | tot push=3066465310 pop=3066360180 | errs p=0 c=172 empty=56
[20:21:29] push=  122721/s pop=  123177/s | tot push=3067692520 pop=3067591950 | errs p=0 c=172 empty=56
[20:21:39] push=  121282/s pop=  122216/s | tot push=3068905340 pop=3068814110 | errs p=0 c=172 empty=56
[20:21:49] push=  116389/s pop=  116266/s | tot push=3070069230 pop=3069976770 | errs p=0 c=172 empty=56
[20:21:59] push=  117897/s pop=  118542/s | tot push=3071248200 pop=3071162190 | errs p=0 c=172 empty=56
[20:22:09] push=  120996/s pop=  119075/s | tot push=3072458160 pop=3072352940 | errs p=0 c=172 empty=56
[20:22:19] push=  117554/s pop=  117342/s | tot push=3073633700 pop=3073526360 | errs p=0 c=172 empty=56
[20:22:29] push=  114653/s pop=  115490/s | tot push=3074780230 pop=3074681260 | errs p=0 c=172 empty=56
[20:22:39] push=  116930/s pop=  117709/s | tot push=3075949530 pop=3075858350 | errs p=0 c=172 empty=56
[20:22:49] push=  107827/s pop=  108936/s | tot push=3077027800 pop=3076947710 | errs p=0 c=172 empty=56
[20:22:59] push=  110104/s pop=  107442/s | tot push=3078128840 pop=3078022130 | errs p=0 c=172 empty=56
[20:23:09] push=  108958/s pop=  109093/s | tot push=3079218420 pop=3079113060 | errs p=0 c=172 empty=56
[20:23:19] push=  110829/s pop=  111364/s | tot push=3080326710 pop=3080226700 | errs p=0 c=172 empty=56
[20:23:29] push=  111340/s pop=  110707/s | tot push=3081440110 pop=3081333770 | errs p=0 c=172 empty=56
[20:23:39] push=  113547/s pop=  114484/s | tot push=3082575580 pop=3082478610 | errs p=0 c=172 empty=56
[20:23:49] push=  113467/s pop=  114089/s | tot push=3083710250 pop=3083619500 | errs p=0 c=172 empty=56
[20:23:59] push=  111999/s pop=  112483/s | tot push=3084830240 pop=3084744330 | errs p=0 c=172 empty=56
[20:24:09] push=  114172/s pop=  112412/s | tot push=3085971960 pop=3085868450 | errs p=0 c=172 empty=56
[20:24:19] push=  119828/s pop=  121676/s | tot push=3087170240 pop=3087085210 | errs p=0 c=172 empty=56
[20:24:29] push=  116599/s pop=  116940/s | tot push=3088336230 pop=3088254610 | errs p=0 c=172 empty=56
[20:24:39] push=  116380/s pop=  115315/s | tot push=3089500030 pop=3089407760 | errs p=0 c=172 empty=56
[20:24:49] push=  117651/s pop=  117717/s | tot push=3090676540 pop=3090584930 | errs p=0 c=172 empty=56
[20:24:59] push=  116141/s pop=  114925/s | tot push=3091837950 pop=3091734180 | errs p=0 c=172 empty=56
[20:25:09] push=  116459/s pop=  117316/s | tot push=3093002540 pop=3092907340 | errs p=0 c=172 empty=56
[20:25:19] push=  115771/s pop=  114570/s | tot push=3094160250 pop=3094053040 | errs p=0 c=172 empty=56
[20:25:29] push=  120547/s pop=  121869/s | tot push=3095365720 pop=3095271730 | errs p=0 c=172 empty=56
[20:25:39] push=  115183/s pop=  113700/s | tot push=3096517550 pop=3096408730 | errs p=0 c=172 empty=56
[20:25:49] push=  117448/s pop=  119301/s | tot push=3097692030 pop=3097601740 | errs p=0 c=172 empty=56
[20:25:59] push=  118038/s pop=  117577/s | tot push=3098872410 pop=3098777510 | errs p=0 c=172 empty=56
[20:26:09] push=  118500/s pop=  118347/s | tot push=3100057410 pop=3099960980 | errs p=0 c=172 empty=56
[20:26:19] push=  114302/s pop=  113463/s | tot push=3101200430 pop=3101095610 | errs p=0 c=172 empty=56
[20:26:29] push=  120726/s pop=  123169/s | tot push=3102407690 pop=3102327300 | errs p=0 c=172 empty=56
[20:26:39] push=  115804/s pop=  114835/s | tot push=3103565730 pop=3103475650 | errs p=0 c=172 empty=56
[20:26:49] push=  114396/s pop=  113809/s | tot push=3104709690 pop=3104613740 | errs p=0 c=172 empty=56
[20:26:59] push=  114479/s pop=  115206/s | tot push=3105854480 pop=3105765800 | errs p=0 c=172 empty=56
[20:27:09] push=  118165/s pop=  116992/s | tot push=3107036130 pop=3106935720 | errs p=0 c=172 empty=56
[20:27:19] push=  113253/s pop=  114745/s | tot push=3108168660 pop=3108083170 | errs p=0 c=172 empty=56
[20:27:29] push=  111371/s pop=  105922/s | tot push=3109282370 pop=3109142390 | errs p=0 c=172 empty=56
[20:27:39] push=  117462/s pop=  120892/s | tot push=3110456990 pop=3110351310 | errs p=0 c=172 empty=56
[20:27:49] push=  116557/s pop=  117768/s | tot push=3111622560 pop=3111528990 | errs p=0 c=172 empty=57
[20:27:59] push=  116178/s pop=  116808/s | tot push=3112784340 pop=3112697070 | errs p=0 c=172 empty=57
[20:28:09] push=  120768/s pop=  121255/s | tot push=3113992020 pop=3113909620 | errs p=0 c=172 empty=57
[20:28:19] push=  117111/s pop=  116911/s | tot push=3115163130 pop=3115078730 | errs p=0 c=172 empty=57
[20:28:29] push=  118558/s pop=  117465/s | tot push=3116348710 pop=3116253380 | errs p=0 c=172 empty=57
[20:28:39] push=  118787/s pop=  119440/s | tot push=3117536580 pop=3117447780 | errs p=0 c=172 empty=57
[20:28:49] push=  124925/s pop=  121309/s | tot push=3118785830 pop=3118660870 | errs p=0 c=172 empty=57
[20:28:59] push=  118353/s pop=  122445/s | tot push=3119969360 pop=3119885320 | errs p=0 c=172 empty=57
[20:29:09] push=  119215/s pop=  118159/s | tot push=3121161510 pop=3121066910 | errs p=0 c=172 empty=57
[20:29:19] push=  119105/s pop=  120317/s | tot push=3122352560 pop=3122270080 | errs p=0 c=172 empty=57
[20:29:29] push=  112634/s pop=  111034/s | tot push=3123478900 pop=3123380420 | errs p=0 c=172 empty=57
[20:29:39] push=  115188/s pop=  112601/s | tot push=3124630780 pop=3124506430 | errs p=0 c=172 empty=57
[20:29:49] push=  115548/s pop=  119479/s | tot push=3125786260 pop=3125701220 | errs p=0 c=172 empty=57
[20:29:59] push=  112247/s pop=  110312/s | tot push=3126908730 pop=3126804340 | errs p=0 c=172 empty=57
[20:30:09] push=  116254/s pop=  115220/s | tot push=3128071270 pop=3127956540 | errs p=0 c=172 empty=57
[20:30:19] push=  112700/s pop=  113727/s | tot push=3129198270 pop=3129093810 | errs p=0 c=172 empty=57
[20:30:29] push=  116659/s pop=  118954/s | tot push=3130364860 pop=3130283350 | errs p=0 c=172 empty=57
[20:30:39] push=  116518/s pop=  116095/s | tot push=3131530040 pop=3131444300 | errs p=0 c=172 empty=57
[20:30:49] push=  116995/s pop=  117279/s | tot push=3132699990 pop=3132617090 | errs p=0 c=172 empty=57
[20:30:59] push=  110925/s pop=  111479/s | tot push=3133809240 pop=3133731880 | errs p=0 c=172 empty=57
[20:31:09] push=  112122/s pop=  111210/s | tot push=3134930460 pop=3134843980 | errs p=0 c=172 empty=57
[20:31:19] push=  111773/s pop=  109162/s | tot push=3136048190 pop=3135935600 | errs p=0 c=172 empty=57
[20:31:29] push=  116040/s pop=  116470/s | tot push=3137208590 pop=3137100300 | errs p=0 c=172 empty=57
[20:31:39] push=  110089/s pop=  111104/s | tot push=3138309480 pop=3138211340 | errs p=0 c=172 empty=57
[20:31:49] push=  113080/s pop=  113061/s | tot push=3139440280 pop=3139341950 | errs p=0 c=172 empty=57
[20:31:59] push=  119539/s pop=  121237/s | tot push=3140635670 pop=3140554320 | errs p=0 c=172 empty=57
[20:32:09] push=  117565/s pop=  116592/s | tot push=3141811320 pop=3141720240 | errs p=0 c=172 empty=57
[20:32:19] push=  116015/s pop=  116104/s | tot push=3142971470 pop=3142881280 | errs p=0 c=172 empty=57
[20:32:29] push=  115343/s pop=  113318/s | tot push=3144124900 pop=3144014460 | errs p=0 c=172 empty=57
[20:32:39] push=  115727/s pop=  118054/s | tot push=3145282170 pop=3145195000 | errs p=0 c=172 empty=57
[20:32:49] push=  114489/s pop=  115272/s | tot push=3146427060 pop=3146347720 | errs p=0 c=172 empty=57
[20:32:59] push=  115680/s pop=  114567/s | tot push=3147583860 pop=3147493390 | errs p=0 c=172 empty=57
[20:33:09] push=  116489/s pop=  116890/s | tot push=3148748750 pop=3148662290 | errs p=0 c=172 empty=57
[20:33:19] push=  121644/s pop=  121565/s | tot push=3149965190 pop=3149877940 | errs p=0 c=172 empty=57
[20:33:29] push=  116035/s pop=  114972/s | tot push=3151125540 pop=3151027660 | errs p=0 c=172 empty=57
[20:33:39] push=  117079/s pop=  118064/s | tot push=3152296330 pop=3152208300 | errs p=0 c=172 empty=57
[20:33:49] push=  115033/s pop=   98370/s | tot push=3153446660 pop=3153192000 | errs p=0 c=172 empty=57
[20:33:59] push=  112753/s pop=  128495/s | tot push=3154574190 pop=3154476950 | errs p=0 c=172 empty=57
[20:34:09] push=  113953/s pop=  113992/s | tot push=3155713720 pop=3155616870 | errs p=0 c=172 empty=57
[20:34:19] push=  119545/s pop=  120097/s | tot push=3156909170 pop=3156817840 | errs p=0 c=172 empty=57
[20:34:29] push=  118547/s pop=  117976/s | tot push=3158094640 pop=3157997600 | errs p=0 c=172 empty=57
[20:34:39] push=  115576/s pop=  116592/s | tot push=3159250400 pop=3159163520 | errs p=0 c=172 empty=57
[20:34:49] push=  115400/s pop=  115383/s | tot push=3160404400 pop=3160317350 | errs p=0 c=172 empty=57
[20:34:59] push=  118523/s pop=  117896/s | tot push=3161589630 pop=3161496310 | errs p=0 c=172 empty=57
[20:35:09] push=  115023/s pop=  114780/s | tot push=3162739860 pop=3162644110 | errs p=0 c=172 empty=57
[20:35:19] push=  118608/s pop=  119565/s | tot push=3163925940 pop=3163839760 | errs p=0 c=172 empty=57
[20:35:29] push=  119424/s pop=  118351/s | tot push=3165120180 pop=3165023270 | errs p=0 c=172 empty=57
[20:35:39] push=  116917/s pop=  116589/s | tot push=3166289350 pop=3166189160 | errs p=0 c=172 empty=57
[20:35:49] push=  118878/s pop=  119734/s | tot push=3167478130 pop=3167386500 | errs p=0 c=172 empty=57
[20:35:59] push=  122112/s pop=  122732/s | tot push=3168699250 pop=3168613820 | errs p=0 c=172 empty=57
[20:36:09] push=  118463/s pop=  114675/s | tot push=3169883880 pop=3169760570 | errs p=0 c=172 empty=57
[20:36:19] push=  109271/s pop=  111786/s | tot push=3170976590 pop=3170878430 | errs p=0 c=172 empty=57
[20:36:29] push=  115981/s pop=  116457/s | tot push=3172136400 pop=3172043000 | errs p=0 c=172 empty=57
[20:36:39] push=  107140/s pop=  104291/s | tot push=3173207800 pop=3173085910 | errs p=0 c=172 empty=57
[20:36:49] push=  104662/s pop=  107760/s | tot push=3174254420 pop=3174163510 | errs p=0 c=172 empty=57
[20:36:59] push=  113004/s pop=  113345/s | tot push=3175384460 pop=3175296960 | errs p=0 c=172 empty=57
[20:37:09] push=  110651/s pop=  110803/s | tot push=3176490970 pop=3176404990 | errs p=0 c=172 empty=57
[20:37:19] push=  111609/s pop=  109901/s | tot push=3177607060 pop=3177504000 | errs p=0 c=172 empty=57
[20:37:29] push=  112468/s pop=  113419/s | tot push=3178731740 pop=3178638190 | errs p=0 c=172 empty=57
[20:37:39] push=  115043/s pop=  115541/s | tot push=3179882170 pop=3179793600 | errs p=0 c=172 empty=57
[20:37:49] push=  111982/s pop=  111281/s | tot push=3181001990 pop=3180906410 | errs p=0 c=172 empty=57
[20:37:59] push=  116875/s pop=  111191/s | tot push=3182170740 pop=3182018320 | errs p=0 c=172 empty=57
[20:38:09] push=  115460/s pop=  120860/s | tot push=3183325340 pop=3183226920 | errs p=0 c=172 empty=57
[20:38:19] push=  120085/s pop=  121657/s | tot push=3184526190 pop=3184443490 | errs p=0 c=172 empty=57
[20:38:29] push=  117913/s pop=  117277/s | tot push=3185705320 pop=3185616260 | errs p=0 c=172 empty=57
[20:38:39] push=  119134/s pop=  119242/s | tot push=3186896660 pop=3186808680 | errs p=0 c=172 empty=57
[20:38:49] push=  124434/s pop=  125132/s | tot push=3188141000 pop=3188060000 | errs p=0 c=172 empty=57
[20:38:59] push=  120902/s pop=  121476/s | tot push=3189350020 pop=3189274760 | errs p=0 c=172 empty=57
[20:39:09] push=  121427/s pop=  118505/s | tot push=3190564290 pop=3190459810 | errs p=0 c=172 empty=57
[20:39:19] push=  121724/s pop=  124252/s | tot push=3191781530 pop=3191702330 | errs p=0 c=172 empty=57
[20:39:29] push=  120393/s pop=  119256/s | tot push=3192985460 pop=3192894890 | errs p=0 c=172 empty=57
[20:39:39] push=  113625/s pop=  112684/s | tot push=3194121710 pop=3194021730 | errs p=0 c=172 empty=57
[20:39:49] push=  114693/s pop=  114996/s | tot push=3195268640 pop=3195171690 | errs p=0 c=172 empty=57
[20:39:59] push=  115347/s pop=  116148/s | tot push=3196422110 pop=3196333170 | errs p=0 c=172 empty=57
[20:40:09] push=  110230/s pop=  103602/s | tot push=3197524410 pop=3197369190 | errs p=0 c=172 empty=57
[20:40:19] push=  116333/s pop=  119309/s | tot push=3198687740 pop=3198562280 | errs p=0 c=172 empty=57
[20:40:29] push=  116012/s pop=  116755/s | tot push=3199847860 pop=3199729830 | errs p=0 c=172 empty=57
[20:40:39] push=  113348/s pop=  116182/s | tot push=3200981340 pop=3200891650 | errs p=0 c=172 empty=57
[20:40:49] push=  117279/s pop=  118021/s | tot push=3202154130 pop=3202071860 | errs p=0 c=172 empty=57
[20:40:59] push=  118944/s pop=  118074/s | tot push=3203343570 pop=3203252600 | errs p=0 c=172 empty=57
[20:41:09] push=  117303/s pop=  117704/s | tot push=3204516600 pop=3204429640 | errs p=0 c=172 empty=57
[20:41:19] push=  114650/s pop=  111291/s | tot push=3205663100 pop=3205542550 | errs p=0 c=172 empty=57
[20:41:29] push=  119983/s pop=  123143/s | tot push=3206862930 pop=3206773980 | errs p=0 c=172 empty=57
[20:41:39] push=  118270/s pop=  118671/s | tot push=3208045630 pop=3207960690 | errs p=0 c=172 empty=57
[20:41:49] push=  118304/s pop=  115028/s | tot push=3209228670 pop=3209110970 | errs p=0 c=172 empty=57
[20:41:59] push=  118984/s pop=  122510/s | tot push=3210418510 pop=3210336070 | errs p=0 c=172 empty=57
[20:42:09] push=  123260/s pop=  122859/s | tot push=3211651110 pop=3211564660 | errs p=0 c=172 empty=57
[20:42:19] push=  115205/s pop=  104136/s | tot push=3212803160 pop=3212606020 | errs p=0 c=172 empty=57
[20:42:29] push=  119559/s pop=  129008/s | tot push=3213998750 pop=3213896100 | errs p=0 c=172 empty=57
[20:42:39] push=  121129/s pop=  122008/s | tot push=3215210040 pop=3215116180 | errs p=0 c=172 empty=57
[20:42:49] push=  117341/s pop=  117852/s | tot push=3216383450 pop=3216294700 | errs p=0 c=172 empty=57
[20:42:59] push=  116698/s pop=  116012/s | tot push=3217550430 pop=3217454820 | errs p=0 c=172 empty=57
[20:43:09] push=  113203/s pop=  114492/s | tot push=3218682460 pop=3218599740 | errs p=0 c=172 empty=57
[20:43:19] push=  115607/s pop=  114060/s | tot push=3219838530 pop=3219740340 | errs p=0 c=172 empty=57
[20:43:29] push=  113922/s pop=  112790/s | tot push=3220977750 pop=3220868240 | errs p=0 c=172 empty=57
[20:43:39] push=  114437/s pop=  116251/s | tot push=3222122120 pop=3222030750 | errs p=0 c=172 empty=57
[20:43:49] push=  111799/s pop=  112562/s | tot push=3223240110 pop=3223156370 | errs p=0 c=172 empty=57
[20:43:59] push=  109262/s pop=  109838/s | tot push=3224332730 pop=3224254750 | errs p=0 c=172 empty=57
[20:44:09] push=  116920/s pop=  115659/s | tot push=3225501930 pop=3225411340 | errs p=0 c=172 empty=57
[20:44:19] push=  108403/s pop=  103946/s | tot push=3226585960 pop=3226450800 | errs p=0 c=172 empty=57
[20:44:29] push=  104348/s pop=  104988/s | tot push=3227629440 pop=3227500680 | errs p=0 c=172 empty=57
[20:44:39] push=  105952/s pop=  108895/s | tot push=3228688960 pop=3228589630 | errs p=0 c=172 empty=57
[20:44:49] push=  112290/s pop=  113937/s | tot push=3229811860 pop=3229729000 | errs p=0 c=172 empty=57
[20:44:59] push=  114625/s pop=  114098/s | tot push=3230958110 pop=3230869980 | errs p=0 c=172 empty=57
[20:45:09] push=  114099/s pop=  113228/s | tot push=3232099100 pop=3232002260 | errs p=0 c=172 empty=57
[20:45:19] push=  118330/s pop=  115675/s | tot push=3233282400 pop=3233159010 | errs p=0 c=172 empty=57
[20:45:29] push=  118207/s pop=  121123/s | tot push=3234464470 pop=3234370240 | errs p=0 c=172 empty=57
[20:45:39] push=  115612/s pop=  116681/s | tot push=3235620590 pop=3235537050 | errs p=0 c=172 empty=57
[20:45:49] push=  115229/s pop=  114617/s | tot push=3236772880 pop=3236683220 | errs p=0 c=172 empty=57
[20:45:59] push=  121373/s pop=  120685/s | tot push=3237986610 pop=3237890070 | errs p=0 c=172 empty=57
[20:46:09] push=  117754/s pop=  113374/s | tot push=3239164150 pop=3239023810 | errs p=0 c=172 empty=57
[20:46:19] push=  112931/s pop=  117379/s | tot push=3240293460 pop=3240197600 | errs p=0 c=172 empty=57
[20:46:29] push=  118918/s pop=  113800/s | tot push=3241482640 pop=3241335600 | errs p=0 c=172 empty=57
[20:46:39] push=  118405/s pop=  122975/s | tot push=3242666690 pop=3242565350 | errs p=0 c=172 empty=57
[20:46:49] push=  120202/s pop=  120810/s | tot push=3243868710 pop=3243773450 | errs p=0 c=172 empty=57
[20:46:59] push=  122725/s pop=  124112/s | tot push=3245095960 pop=3245014570 | errs p=0 c=172 empty=57
[20:47:09] push=  118432/s pop=  116996/s | tot push=3246280280 pop=3246184530 | errs p=0 c=172 empty=57
[20:47:19] push=  116702/s pop=  116006/s | tot push=3247447300 pop=3247344590 | errs p=0 c=172 empty=57
[20:47:29] push=  117148/s pop=  119117/s | tot push=3248618780 pop=3248535760 | errs p=0 c=172 empty=57
[20:47:39] push=  116174/s pop=  115057/s | tot push=3249780520 pop=3249686330 | errs p=0 c=172 empty=57
[20:47:49] push=  115426/s pop=  115299/s | tot push=3250934780 pop=3250839320 | errs p=0 c=172 empty=57
[20:47:59] push=  118165/s pop=  116503/s | tot push=3252116430 pop=3252004350 | errs p=0 c=172 empty=57
[20:48:09] push=  114401/s pop=  116705/s | tot push=3253260440 pop=3253171400 | errs p=0 c=172 empty=57
[20:48:19] push=  114844/s pop=  114740/s | tot push=3254408880 pop=3254318800 | errs p=0 c=172 empty=57
[20:48:29] push=  118263/s pop=  117409/s | tot push=3255591510 pop=3255492890 | errs p=0 c=172 empty=57
[20:48:39] push=  111348/s pop=  110206/s | tot push=3256704990 pop=3256594950 | errs p=0 c=172 empty=57
[20:48:49] push=  109361/s pop=  110811/s | tot push=3257798600 pop=3257703060 | errs p=0 c=172 empty=57
[20:48:59] push=  115371/s pop=  116472/s | tot push=3258952310 pop=3258867780 | errs p=0 c=172 empty=57
[20:49:09] push=  117674/s pop=  117648/s | tot push=3260129050 pop=3260044260 | errs p=0 c=172 empty=57
[20:49:19] push=  110454/s pop=  110210/s | tot push=3261233590 pop=3261146360 | errs p=0 c=172 empty=58
[20:49:29] push=  115220/s pop=  113835/s | tot push=3262385790 pop=3262284710 | errs p=0 c=172 empty=59
[20:49:39] push=  117831/s pop=  118318/s | tot push=3263564100 pop=3263467890 | errs p=0 c=172 empty=59
[20:49:49] push=  115366/s pop=  115950/s | tot push=3264717760 pop=3264627390 | errs p=0 c=172 empty=59
[20:49:59] push=  109007/s pop=  107872/s | tot push=3265807830 pop=3265706110 | errs p=0 c=172 empty=59
[20:50:09] push=  115857/s pop=  112717/s | tot push=3266966400 pop=3266833280 | errs p=0 c=172 empty=59
[20:50:19] push=  105636/s pop=  106494/s | tot push=3268022760 pop=3267898220 | errs p=0 c=172 empty=59
[20:50:29] push=  111278/s pop=  112264/s | tot push=3269135540 pop=3269020860 | errs p=0 c=172 empty=59
[20:50:39] push=  108462/s pop=  109699/s | tot push=3270220160 pop=3270117850 | errs p=0 c=172 empty=59
[20:50:49] push=  113591/s pop=  107904/s | tot push=3271356070 pop=3271196890 | errs p=0 c=172 empty=59
[20:50:59] push=  106879/s pop=  111825/s | tot push=3272424860 pop=3272315140 | errs p=0 c=172 empty=59
[20:51:09] push=  112276/s pop=  113142/s | tot push=3273547620 pop=3273446560 | errs p=0 c=172 empty=59
[20:51:19] push=  113442/s pop=  114599/s | tot push=3274682040 pop=3274592550 | errs p=0 c=172 empty=59
[20:51:29] push=  112250/s pop=  110530/s | tot push=3275804540 pop=3275697850 | errs p=0 c=172 empty=59
[20:51:39] push=  114782/s pop=  116033/s | tot push=3276952360 pop=3276858180 | errs p=0 c=172 empty=59
[20:51:49] push=  117172/s pop=  116343/s | tot push=3278124080 pop=3278021610 | errs p=0 c=172 empty=59
[20:51:59] push=  112989/s pop=  114088/s | tot push=3279253970 pop=3279162490 | errs p=0 c=172 empty=59
[20:52:09] push=  120160/s pop=  119578/s | tot push=3280455570 pop=3280358270 | errs p=0 c=172 empty=59
[20:52:19] push=  122907/s pop=  124300/s | tot push=3281684640 pop=3281601270 | errs p=0 c=172 empty=59
[20:52:29] push=  122883/s pop=  121682/s | tot push=3282913470 pop=3282818090 | errs p=0 c=172 empty=59
[20:52:39] push=  121091/s pop=  122282/s | tot push=3284124380 pop=3284040910 | errs p=0 c=172 empty=59
[20:52:49] push=  120609/s pop=  120048/s | tot push=3285330470 pop=3285241390 | errs p=0 c=172 empty=59
[20:52:59] push=  117949/s pop=  117807/s | tot push=3286509960 pop=3286419460 | errs p=0 c=172 empty=59
[20:53:09] push=  119474/s pop=  120254/s | tot push=3287704700 pop=3287622000 | errs p=0 c=172 empty=59
[20:53:19] push=  120585/s pop=  119380/s | tot push=3288910550 pop=3288815800 | errs p=0 c=172 empty=59
[20:53:29] push=  121643/s pop=  122108/s | tot push=3290126980 pop=3290036880 | errs p=0 c=172 empty=59
[20:53:39] push=  123693/s pop=  123644/s | tot push=3291363910 pop=3291273320 | errs p=0 c=172 empty=59
[20:53:49] push=  117507/s pop=  118159/s | tot push=3292538980 pop=3292454910 | errs p=0 c=172 empty=59
[20:53:59] push=  120018/s pop=  118988/s | tot push=3293739160 pop=3293644790 | errs p=0 c=172 empty=59
[20:54:09] push=  117271/s pop=  116731/s | tot push=3294911870 pop=3294812100 | errs p=0 c=172 empty=59
[20:54:19] push=  118172/s pop=  118527/s | tot push=3296093590 pop=3295997370 | errs p=0 c=172 empty=59
[20:54:29] push=  119919/s pop=  119892/s | tot push=3297292780 pop=3297196290 | errs p=0 c=172 empty=59
[20:54:39] push=  117471/s pop=  117549/s | tot push=3298467490 pop=3298371780 | errs p=0 c=172 empty=59
[20:54:49] push=  115866/s pop=  116140/s | tot push=3299626150 pop=3299533180 | errs p=0 c=172 empty=59
[20:54:59] push=  118292/s pop=  117567/s | tot push=3300809070 pop=3300708850 | errs p=0 c=172 empty=59
[20:55:09] push=  113892/s pop=  115919/s | tot push=3301947990 pop=3301868040 | errs p=0 c=172 empty=59
[20:55:19] push=  116533/s pop=  114999/s | tot push=3303113320 pop=3303018030 | errs p=0 c=172 empty=59
[20:55:29] push=  114846/s pop=  114631/s | tot push=3304261780 pop=3304164340 | errs p=0 c=172 empty=59
[20:55:39] push=  118179/s pop=  119852/s | tot push=3305443570 pop=3305362860 | errs p=0 c=172 empty=59
[20:55:49] push=  118970/s pop=  117367/s | tot push=3306633270 pop=3306536530 | errs p=0 c=172 empty=59
[20:55:59] push=  117801/s pop=  117523/s | tot push=3307811280 pop=3307711760 | errs p=0 c=172 empty=59
[20:56:09] push=  115972/s pop=  114185/s | tot push=3308971000 pop=3308853610 | errs p=0 c=172 empty=59
[20:56:19] push=  119626/s pop=  122707/s | tot push=3310167260 pop=3310080680 | errs p=0 c=172 empty=59
[20:56:29] push=  121617/s pop=  121002/s | tot push=3311383430 pop=3311290700 | errs p=0 c=172 empty=59
[20:56:39] push=  117077/s pop=  117079/s | tot push=3312554200 pop=3312461490 | errs p=0 c=172 empty=59
[20:56:49] push=  116727/s pop=  116367/s | tot push=3313721470 pop=3313625160 | errs p=0 c=172 empty=59
[20:56:59] push=  111716/s pop=  112258/s | tot push=3314838630 pop=3314747740 | errs p=0 c=172 empty=59
[20:57:09] push=  112974/s pop=  112999/s | tot push=3315968370 pop=3315877730 | errs p=0 c=172 empty=59
[20:57:19] push=  117389/s pop=  118087/s | tot push=3317142260 pop=3317058600 | errs p=0 c=172 empty=59
[20:57:29] push=  117801/s pop=  117142/s | tot push=3318320270 pop=3318230020 | errs p=0 c=172 empty=59
[20:57:39] push=  115997/s pop=  116449/s | tot push=3319480240 pop=3319394510 | errs p=0 c=172 empty=59
[20:57:49] push=  110576/s pop=  107606/s | tot push=3320586000 pop=3320470570 | errs p=0 c=172 empty=59
[20:57:59] push=  115374/s pop=  116718/s | tot push=3321739740 pop=3321637750 | errs p=0 c=172 empty=59
[20:58:09] push=  111879/s pop=  112024/s | tot push=3322858530 pop=3322757990 | errs p=0 c=172 empty=59
[20:58:19] push=  118600/s pop=  119192/s | tot push=3324044530 pop=3323949910 | errs p=0 c=172 empty=59
[20:58:29] push=  115660/s pop=  116265/s | tot push=3325201130 pop=3325112560 | errs p=0 c=172 empty=59
[20:58:39] push=  117855/s pop=  117554/s | tot push=3326379680 pop=3326288100 | errs p=0 c=172 empty=59
[20:58:49] push=  115821/s pop=  115450/s | tot push=3327537890 pop=3327442600 | errs p=0 c=172 empty=59
[20:58:59] push=  118537/s pop=  119168/s | tot push=3328723260 pop=3328634280 | errs p=0 c=172 empty=59
[20:59:09] push=  117550/s pop=  117682/s | tot push=3329898760 pop=3329811100 | errs p=0 c=172 empty=59
[20:59:19] push=  117403/s pop=  112473/s | tot push=3331072790 pop=3330935830 | errs p=0 c=172 empty=59
[20:59:29] push=  119181/s pop=  122195/s | tot push=3332264600 pop=3332157780 | errs p=0 c=172 empty=59
[20:59:39] push=  116391/s pop=  117896/s | tot push=3333428510 pop=3333336740 | errs p=0 c=172 empty=59
[20:59:49] push=  119005/s pop=  118860/s | tot push=3334618560 pop=3334525340 | errs p=0 c=172 empty=59
[20:59:59] push=  118865/s pop=  118030/s | tot push=3335807210 pop=3335705640 | errs p=0 c=172 empty=59
[21:00:09] push=  118524/s pop=  119307/s | tot push=3336992450 pop=3336898710 | errs p=0 c=172 empty=59
[21:00:19] push=  114398/s pop=  115463/s | tot push=3338136430 pop=3338053340 | errs p=0 c=172 empty=59
[21:00:29] push=  116580/s pop=  115624/s | tot push=3339302230 pop=3339209580 | errs p=0 c=172 empty=59
[21:00:39] push=  116269/s pop=  115418/s | tot push=3340464920 pop=3340363760 | errs p=0 c=172 empty=60
[21:00:49] push=  115160/s pop=  114232/s | tot push=3341616520 pop=3341506080 | errs p=0 c=172 empty=60
[21:00:59] push=  118246/s pop=  120567/s | tot push=3342798980 pop=3342711750 | errs p=0 c=172 empty=60
[21:01:09] push=  120119/s pop=  119838/s | tot push=3344000170 pop=3343910130 | errs p=0 c=172 empty=60
[21:01:19] push=  114381/s pop=  108978/s | tot push=3345143980 pop=3344999910 | errs p=0 c=172 empty=60
[21:01:29] push=  115531/s pop=  121242/s | tot push=3346299290 pop=3346212330 | errs p=0 c=172 empty=60
[21:01:39] push=  119570/s pop=  119547/s | tot push=3347494990 pop=3347407800 | errs p=0 c=172 empty=60
[21:01:49] push=  117742/s pop=  117046/s | tot push=3348672410 pop=3348578260 | errs p=0 c=172 empty=60
[21:01:59] push=  121168/s pop=  118944/s | tot push=3349884090 pop=3349767700 | errs p=0 c=172 empty=60
[21:02:09] push=  119159/s pop=  120121/s | tot push=3351075680 pop=3350968910 | errs p=0 c=172 empty=60
[21:02:19] push=  115445/s pop=  115376/s | tot push=3352230130 pop=3352122670 | errs p=0 c=172 empty=60
[21:02:29] push=  116981/s pop=  118603/s | tot push=3353399940 pop=3353308700 | errs p=0 c=172 empty=60
[21:02:39] push=  116418/s pop=  116747/s | tot push=3354564120 pop=3354476170 | errs p=0 c=172 empty=60
[21:02:49] push=  115078/s pop=  113331/s | tot push=3355714900 pop=3355609480 | errs p=0 c=172 empty=60
[21:02:59] push=  116701/s pop=  117909/s | tot push=3356881910 pop=3356788570 | errs p=0 c=172 empty=60
[21:03:09] push=  121193/s pop=  121428/s | tot push=3358093840 pop=3358002850 | errs p=0 c=172 empty=60
[21:03:19] push=  117450/s pop=  117158/s | tot push=3359268340 pop=3359174430 | errs p=0 c=172 empty=60
[21:03:29] push=  111635/s pop=  105132/s | tot push=3360384690 pop=3360225750 | errs p=0 c=172 empty=60
[21:03:39] push=  114031/s pop=  112980/s | tot push=3361525000 pop=3361355550 | errs p=0 c=172 empty=60
[21:03:49] push=  110767/s pop=  117521/s | tot push=3362632670 pop=3362530760 | errs p=0 c=172 empty=60
[21:03:59] push=  112257/s pop=  112181/s | tot push=3363755240 pop=3363652570 | errs p=0 c=172 empty=60
[21:04:09] push=  113215/s pop=  113682/s | tot push=3364887390 pop=3364789390 | errs p=0 c=172 empty=60
[21:04:19] push=  110771/s pop=  110815/s | tot push=3365995100 pop=3365897540 | errs p=0 c=172 empty=60
[21:04:29] push=  112780/s pop=  112625/s | tot push=3367122900 pop=3367023790 | errs p=0 c=172 empty=60
[21:04:39] push=  106990/s pop=  107760/s | tot push=3368192800 pop=3368101390 | errs p=0 c=172 empty=60
[21:04:49] push=  107786/s pop=  107489/s | tot push=3369270660 pop=3369176280 | errs p=0 c=172 empty=60
[21:04:59] push=  103267/s pop=  103875/s | tot push=3370303330 pop=3370215030 | errs p=0 c=172 empty=60
[21:05:09] push=  110066/s pop=  110191/s | tot push=3371403990 pop=3371316940 | errs p=0 c=172 empty=60
[21:05:19] push=  110234/s pop=  108854/s | tot push=3372506330 pop=3372405480 | errs p=0 c=172 empty=60
[21:05:29] push=  116952/s pop=  118264/s | tot push=3373675850 pop=3373588120 | errs p=0 c=172 empty=60
[21:05:39] push=  111282/s pop=  110467/s | tot push=3374788670 pop=3374692790 | errs p=0 c=172 empty=60
[21:05:49] push=  119624/s pop=  118950/s | tot push=3375984910 pop=3375882290 | errs p=0 c=172 empty=60
[21:05:59] push=  122093/s pop=  123013/s | tot push=3377205840 pop=3377112420 | errs p=0 c=172 empty=60
[21:06:09] push=  118961/s pop=  118589/s | tot push=3378395450 pop=3378298310 | errs p=0 c=172 empty=60
[21:06:19] push=  115594/s pop=  115619/s | tot push=3379551390 pop=3379454500 | errs p=0 c=172 empty=60
[21:06:29] push=  118940/s pop=  118440/s | tot push=3380740790 pop=3380638900 | errs p=0 c=172 empty=60
[21:06:39] push=  120386/s pop=  122380/s | tot push=3381944650 pop=3381862700 | errs p=0 c=172 empty=60
[21:06:49] push=  119835/s pop=  119120/s | tot push=3383143000 pop=3383053900 | errs p=0 c=172 empty=60
[21:06:59] push=  119726/s pop=  120494/s | tot push=3384340260 pop=3384258840 | errs p=0 c=172 empty=61
[21:07:09] push=  121874/s pop=  120354/s | tot push=3385559000 pop=3385462380 | errs p=0 c=172 empty=61
[21:07:19] push=  118225/s pop=  119556/s | tot push=3386741250 pop=3386657940 | errs p=0 c=172 empty=61
[21:07:29] push=  121480/s pop=  120293/s | tot push=3387956050 pop=3387860870 | errs p=0 c=172 empty=61
[21:07:39] push=  120318/s pop=  119476/s | tot push=3389159230 pop=3389055630 | errs p=0 c=172 empty=61
[21:07:49] push=  115510/s pop=  104846/s | tot push=3390314330 pop=3390104090 | errs p=0 c=172 empty=61
[21:07:59] push=  117282/s pop=  128643/s | tot push=3391487150 pop=3391390520 | errs p=0 c=172 empty=61
[21:08:09] push=  120221/s pop=  119484/s | tot push=3392689360 pop=3392585360 | errs p=0 c=172 empty=61
[21:08:19] push=  119653/s pop=  121331/s | tot push=3393885890 pop=3393798670 | errs p=0 c=172 empty=61
[21:08:29] push=  120225/s pop=  120163/s | tot push=3395088140 pop=3395000300 | errs p=0 c=172 empty=61
[21:08:39] push=  119745/s pop=  119145/s | tot push=3396285590 pop=3396191750 | errs p=0 c=172 empty=61
[21:08:49] push=  119724/s pop=  120762/s | tot push=3397482830 pop=3397399370 | errs p=0 c=172 empty=61
[21:08:59] push=  119708/s pop=  118900/s | tot push=3398679910 pop=3398588370 | errs p=0 c=172 empty=61
[21:09:09] push=  114187/s pop=  112970/s | tot push=3399821780 pop=3399718070 | errs p=0 c=172 empty=61
[21:09:19] push=  115227/s pop=  116183/s | tot push=3400974050 pop=3400879900 | errs p=0 c=172 empty=61
[21:09:29] push=  116060/s pop=  116359/s | tot push=3402134650 pop=3402043490 | errs p=0 c=172 empty=61
[21:09:39] push=  116470/s pop=  116224/s | tot push=3403299350 pop=3403205730 | errs p=0 c=172 empty=61
[21:09:49] push=  117440/s pop=  117701/s | tot push=3404473750 pop=3404382740 | errs p=0 c=172 empty=61
[21:09:59] push=  118336/s pop=  118428/s | tot push=3405657110 pop=3405567020 | errs p=0 c=172 empty=61
[21:10:09] push=  119686/s pop=  119530/s | tot push=3406853970 pop=3406762320 | errs p=0 c=172 empty=61
[21:10:19] push=  113230/s pop=  113057/s | tot push=3407986270 pop=3407892890 | errs p=0 c=172 empty=61
[21:10:29] push=  112290/s pop=  106624/s | tot push=3409109170 pop=3408959130 | errs p=0 c=172 empty=61
[21:10:39] push=  107015/s pop=  110943/s | tot push=3410179320 pop=3410068560 | errs p=0 c=172 empty=61
[21:10:49] push=  109126/s pop=  108488/s | tot push=3411270580 pop=3411153440 | errs p=0 c=172 empty=61
[21:10:59] push=  111692/s pop=  115060/s | tot push=3412387500 pop=3412304040 | errs p=0 c=172 empty=61
[21:11:09] push=  109376/s pop=  109247/s | tot push=3413481260 pop=3413396510 | errs p=0 c=172 empty=62
[21:11:19] push=  109017/s pop=  107274/s | tot push=3414571430 pop=3414469250 | errs p=0 c=172 empty=62
[21:11:29] push=  110335/s pop=  111643/s | tot push=3415674780 pop=3415585680 | errs p=0 c=172 empty=62
[21:11:39] push=  107333/s pop=  108350/s | tot push=3416748110 pop=3416669180 | errs p=0 c=172 empty=62
[21:11:49] push=  109334/s pop=  108306/s | tot push=3417841450 pop=3417752240 | errs p=0 c=172 empty=62
[21:11:59] push=  111380/s pop=  109471/s | tot push=3418955250 pop=3418846950 | errs p=0 c=172 empty=62
[21:12:09] push=  109290/s pop=  106632/s | tot push=3420048150 pop=3419913270 | errs p=0 c=172 empty=62
[21:12:19] push=  100758/s pop=  103767/s | tot push=3421055730 pop=3420950940 | errs p=0 c=172 empty=62
[21:12:29] push=  110116/s pop=  111990/s | tot push=3422156890 pop=3422070840 | errs p=0 c=172 empty=62
[21:12:39] push=  114612/s pop=  113843/s | tot push=3423303010 pop=3423209270 | errs p=0 c=172 empty=62
[21:12:49] push=  116987/s pop=  117802/s | tot push=3424472880 pop=3424387290 | errs p=0 c=172 empty=62
[21:12:59] push=  116789/s pop=  115302/s | tot push=3425640770 pop=3425540310 | errs p=0 c=172 empty=62
[21:13:09] push=  122585/s pop=  122925/s | tot push=3426866620 pop=3426769560 | errs p=0 c=172 empty=62
[21:13:19] push=  122195/s pop=  122048/s | tot push=3428088570 pop=3427990040 | errs p=0 c=172 empty=62
[21:13:29] push=  120126/s pop=  120420/s | tot push=3429289830 pop=3429194240 | errs p=0 c=172 empty=62
[21:13:39] push=  120624/s pop=  121816/s | tot push=3430496070 pop=3430412400 | errs p=0 c=172 empty=62
[21:13:49] push=  122794/s pop=  122939/s | tot push=3431724010 pop=3431641790 | errs p=0 c=172 empty=62
[21:13:59] push=  120407/s pop=  120087/s | tot push=3432928080 pop=3432842660 | errs p=0 c=172 empty=62
[21:14:09] push=  115272/s pop=  107122/s | tot push=3434080800 pop=3433913880 | errs p=0 c=172 empty=62
[21:14:19] push=  121452/s pop=  130043/s | tot push=3435295320 pop=3435214310 | errs p=0 c=172 empty=62
[21:14:29] push=  122345/s pop=  121159/s | tot push=3436518770 pop=3436425900 | errs p=0 c=172 empty=62
[21:14:39] push=  119277/s pop=  118307/s | tot push=3437711540 pop=3437608970 | errs p=0 c=172 empty=62
[21:14:49] push=  121607/s pop=  122918/s | tot push=3438927610 pop=3438838150 | errs p=0 c=172 empty=62
[21:14:59] push=  122782/s pop=  121694/s | tot push=3440155430 pop=3440055090 | errs p=0 c=172 empty=62
[21:15:09] push=  118754/s pop=  119502/s | tot push=3441342970 pop=3441250110 | errs p=0 c=172 empty=62
[21:15:19] push=  117706/s pop=  117491/s | tot push=3442520030 pop=3442425020 | errs p=0 c=172 empty=62
[21:15:29] push=  120176/s pop=  121587/s | tot push=3443721790 pop=3443640890 | errs p=0 c=172 empty=62
[21:15:39] push=  112099/s pop=  112045/s | tot push=3444842780 pop=3444761340 | errs p=0 c=172 empty=62
[21:15:49] push=  112277/s pop=  110420/s | tot push=3445965550 pop=3445865540 | errs p=0 c=172 empty=62
[21:15:59] push=  113776/s pop=  114562/s | tot push=3447103310 pop=3447011160 | errs p=0 c=172 empty=62
[21:16:09] push=  117331/s pop=  117285/s | tot push=3448276620 pop=3448184010 | errs p=0 c=172 empty=62
[21:16:19] push=  113926/s pop=  106255/s | tot push=3449415880 pop=3449246560 | errs p=0 c=172 empty=62
[21:16:29] push=  114459/s pop=  122122/s | tot push=3450560470 pop=3450467780 | errs p=0 c=172 empty=62
[21:16:39] push=  119166/s pop=  121263/s | tot push=3451752130 pop=3451680410 | errs p=0 c=172 empty=62
[21:16:49] push=  111751/s pop=  109205/s | tot push=3452869640 pop=3452772460 | errs p=0 c=172 empty=62
[21:16:59] push=  116141/s pop=  114862/s | tot push=3454031050 pop=3453921080 | errs p=0 c=172 empty=62
[21:17:09] push=  118561/s pop=  120294/s | tot push=3455216660 pop=3455124020 | errs p=0 c=172 empty=62
[21:17:19] push=  108295/s pop=  105902/s | tot push=3456299610 pop=3456183040 | errs p=0 c=172 empty=62
[21:17:29] push=  102828/s pop=  105078/s | tot push=3457327890 pop=3457233820 | errs p=0 c=172 empty=70
[21:17:39] push=  112731/s pop=  112865/s | tot push=3458455200 pop=3458362470 | errs p=0 c=172 empty=70
[21:17:49] push=  113195/s pop=  113134/s | tot push=3459587150 pop=3459493810 | errs p=0 c=172 empty=70
[21:17:59] push=  111985/s pop=  111603/s | tot push=3460707000 pop=3460609840 | errs p=0 c=172 empty=70
[21:18:09] push=  117345/s pop=  117277/s | tot push=3461880450 pop=3461782610 | errs p=0 c=172 empty=70
[21:18:19] push=  111515/s pop=  110396/s | tot push=3462995600 pop=3462886570 | errs p=0 c=172 empty=70
[21:18:29] push=  110937/s pop=  107818/s | tot push=3464104970 pop=3463964750 | errs p=0 c=172 empty=70
[21:18:39] push=  111969/s pop=  113245/s | tot push=3465224660 pop=3465097200 | errs p=0 c=172 empty=70
[21:18:49] push=  116943/s pop=  122019/s | tot push=3466394090 pop=3466317390 | errs p=0 c=172 empty=70
[21:18:59] push=  108758/s pop=  106044/s | tot push=3467481670 pop=3467377830 | errs p=0 c=172 empty=70
[21:19:09] push=  113954/s pop=  115454/s | tot push=3468621210 pop=3468532370 | errs p=0 c=172 empty=70
[21:19:19] push=  109939/s pop=  108651/s | tot push=3469720600 pop=3469618880 | errs p=0 c=172 empty=70
[21:19:29] push=  116205/s pop=  118463/s | tot push=3470882650 pop=3470803510 | errs p=0 c=172 empty=70
[21:19:39] push=  113483/s pop=  113009/s | tot push=3472017480 pop=3471933600 | errs p=0 c=172 empty=70
[21:19:49] push=  117895/s pop=  115634/s | tot push=3473196430 pop=3473089940 | errs p=0 c=172 empty=70
[21:19:59] push=  116480/s pop=  118108/s | tot push=3474361230 pop=3474271020 | errs p=0 c=172 empty=70
[21:20:09] push=  113392/s pop=  111734/s | tot push=3475495150 pop=3475388360 | errs p=0 c=172 empty=70
[21:20:19] push=  118182/s pop=  120197/s | tot push=3476676970 pop=3476590330 | errs p=0 c=172 empty=70
[21:20:29] push=  111818/s pop=  111472/s | tot push=3477795150 pop=3477705050 | errs p=0 c=172 empty=70
[21:20:39] push=  114631/s pop=  114363/s | tot push=3478941460 pop=3478848680 | errs p=0 c=172 empty=70
[21:20:49] push=  116898/s pop=  116574/s | tot push=3480110440 pop=3480014420 | errs p=0 c=172 empty=70
[21:20:59] push=  123434/s pop=  123965/s | tot push=3481344780 pop=3481254070 | errs p=0 c=172 empty=70
[21:21:09] push=  122668/s pop=  122441/s | tot push=3482571460 pop=3482478480 | errs p=0 c=172 empty=70
[21:21:19] push=  122598/s pop=  120568/s | tot push=3483797440 pop=3483684160 | errs p=0 c=172 empty=70
[21:21:29] push=  123298/s pop=  125568/s | tot push=3485030420 pop=3484939840 | errs p=0 c=172 empty=70
[21:21:39] push=  121185/s pop=  121748/s | tot push=3486242270 pop=3486157320 | errs p=0 c=172 empty=70
[21:21:49] push=  121429/s pop=  120985/s | tot push=3487456560 pop=3487367170 | errs p=0 c=172 empty=70
[21:21:59] push=  124404/s pop=  124628/s | tot push=3488700600 pop=3488613450 | errs p=0 c=172 empty=70
[21:22:09] push=  117716/s pop=  118345/s | tot push=3489877760 pop=3489796900 | errs p=0 c=172 empty=70
[21:22:19] push=  116106/s pop=  116071/s | tot push=3491038820 pop=3490957610 | errs p=0 c=172 empty=70
[21:22:29] push=  118845/s pop=  116763/s | tot push=3492227270 pop=3492125240 | errs p=0 c=172 empty=70
[21:22:39] push=  115312/s pop=  108987/s | tot push=3493380390 pop=3493215110 | errs p=0 c=172 empty=70
[21:22:49] push=  110032/s pop=  118890/s | tot push=3494480710 pop=3494404010 | errs p=0 c=172 empty=70
[21:22:59] push=  116789/s pop=  114421/s | tot push=3495648600 pop=3495548220 | errs p=0 c=172 empty=70
[21:23:09] push=  120067/s pop=  120587/s | tot push=3496849270 pop=3496754090 | errs p=0 c=172 empty=70
[21:23:19] push=  118814/s pop=  117947/s | tot push=3498037410 pop=3497933560 | errs p=0 c=172 empty=70
[21:23:29] push=  115971/s pop=  117055/s | tot push=3499197120 pop=3499104110 | errs p=0 c=172 empty=70
[21:23:39] push=  120485/s pop=  121189/s | tot push=3500401970 pop=3500316000 | errs p=0 c=172 empty=70
[21:23:49] push=  122691/s pop=  121688/s | tot push=3501628880 pop=3501532880 | errs p=0 c=172 empty=70
[21:23:59] push=  116929/s pop=  118335/s | tot push=3502798170 pop=3502716230 | errs p=0 c=172 empty=70
[21:24:09] push=  116216/s pop=  115122/s | tot push=3503960330 pop=3503867450 | errs p=0 c=172 empty=70
[21:24:19] push=  105146/s pop=  105434/s | tot push=3505011790 pop=3504921790 | errs p=0 c=172 empty=70
[21:24:29] push=  113587/s pop=  110639/s | tot push=3506147660 pop=3506028180 | errs p=0 c=172 empty=70
[21:24:39] push=  114973/s pop=  116899/s | tot push=3507297390 pop=3507197170 | errs p=0 c=172 empty=70
[21:24:49] push=  108693/s pop=  102366/s | tot push=3508384320 pop=3508220830 | errs p=0 c=172 empty=70
[21:24:59] push=  114859/s pop=  121136/s | tot push=3509532910 pop=3509432190 | errs p=0 c=172 empty=70
[21:25:09] push=  112616/s pop=  111679/s | tot push=3510659070 pop=3510548980 | errs p=0 c=172 empty=70
[21:25:19] push=  117111/s pop=  119502/s | tot push=3511830180 pop=3511744000 | errs p=0 c=172 empty=70
[21:25:29] push=  112451/s pop=  111824/s | tot push=3512954690 pop=3512862240 | errs p=0 c=172 empty=70
[21:25:39] push=  114660/s pop=  112804/s | tot push=3514101290 pop=3513990280 | errs p=0 c=172 empty=70
[21:25:49] push=  114510/s pop=  117602/s | tot push=3515246390 pop=3515166300 | errs p=0 c=172 empty=70
[21:25:59] push=  121471/s pop=  121187/s | tot push=3516461100 pop=3516378170 | errs p=0 c=172 empty=70
[21:26:09] push=  113726/s pop=  112381/s | tot push=3517598360 pop=3517501980 | errs p=0 c=172 empty=70
[21:26:19] push=  116645/s pop=  115731/s | tot push=3518764810 pop=3518659290 | errs p=0 c=172 empty=70
[21:26:29] push=  116463/s pop=  117502/s | tot push=3519929440 pop=3519834310 | errs p=0 c=172 empty=70
[21:26:39] push=  117366/s pop=  116582/s | tot push=3521103100 pop=3521000130 | errs p=0 c=172 empty=70
[21:26:49] push=  118302/s pop=  117434/s | tot push=3522286120 pop=3522174470 | errs p=0 c=172 empty=70
[21:26:59] push=  119714/s pop=  121513/s | tot push=3523483260 pop=3523389600 | errs p=0 c=172 empty=70
[21:27:09] push=  115053/s pop=  115484/s | tot push=3524633790 pop=3524544440 | errs p=0 c=172 empty=70
[21:27:19] push=  111122/s pop=  108062/s | tot push=3525745010 pop=3525625060 | errs p=0 c=172 empty=70
[21:27:29] push=  122703/s pop=  124542/s | tot push=3526972040 pop=3526870480 | errs p=0 c=172 empty=71
[21:27:39] push=  119855/s pop=  121497/s | tot push=3528170590 pop=3528085450 | errs p=0 c=172 empty=71
[21:27:49] push=  116848/s pop=  114208/s | tot push=3529339070 pop=3529227530 | errs p=0 c=172 empty=71
[21:27:59] push=  118141/s pop=  119616/s | tot push=3530520480 pop=3530423690 | errs p=0 c=172 empty=71
[21:28:09] push=  117219/s pop=  118170/s | tot push=3531692670 pop=3531605390 | errs p=0 c=172 empty=71
[21:28:19] push=  114123/s pop=  114880/s | tot push=3532833900 pop=3532754190 | errs p=0 c=172 empty=71
[21:28:29] push=  114128/s pop=  112788/s | tot push=3533975180 pop=3533882070 | errs p=0 c=172 empty=71
[21:28:39] push=  116962/s pop=  115905/s | tot push=3535144800 pop=3535041120 | errs p=0 c=172 empty=71
[21:28:49] push=  120547/s pop=  121372/s | tot push=3536350270 pop=3536254840 | errs p=0 c=172 empty=71
[21:28:59] push=  117261/s pop=  109063/s | tot push=3537522880 pop=3537345470 | errs p=0 c=172 empty=71
[21:29:09] push=  113983/s pop=  123123/s | tot push=3538662710 pop=3538576700 | errs p=0 c=172 empty=71
[21:29:19] push=  119652/s pop=  118937/s | tot push=3539859230 pop=3539766070 | errs p=0 c=172 empty=71
[21:29:29] push=  119914/s pop=  120142/s | tot push=3541058370 pop=3540967490 | errs p=0 c=172 empty=71
[21:29:39] push=  114669/s pop=  113535/s | tot push=3542205060 pop=3542102840 | errs p=0 c=172 empty=71
[21:29:49] push=  116768/s pop=  118857/s | tot push=3543372740 pop=3543291410 | errs p=0 c=172 empty=71
[21:29:59] push=  122269/s pop=  122531/s | tot push=3544595430 pop=3544516720 | errs p=0 c=172 empty=71
[21:30:09] push=  115308/s pop=  113992/s | tot push=3545748510 pop=3545656640 | errs p=0 c=172 empty=71
[21:30:19] push=  112421/s pop=  109862/s | tot push=3546872720 pop=3546755260 | errs p=0 c=172 empty=71
[21:30:29] push=  117655/s pop=  120031/s | tot push=3548049270 pop=3547955570 | errs p=0 c=172 empty=71
[21:30:39] push=  116814/s pop=  112858/s | tot push=3549217410 pop=3549084150 | errs p=0 c=172 empty=71
[21:30:49] push=  110624/s pop=  114201/s | tot push=3550323650 pop=3550226160 | errs p=0 c=172 empty=71
[21:30:59] push=  110653/s pop=  111440/s | tot push=3551430180 pop=3551340560 | errs p=0 c=172 empty=71
[21:31:09] push=  105758/s pop=  107422/s | tot push=3552487760 pop=3552414780 | errs p=0 c=172 empty=71
[21:31:19] push=  110125/s pop=  107705/s | tot push=3553589010 pop=3553491830 | errs p=0 c=172 empty=71
[21:31:29] push=  112478/s pop=  111990/s | tot push=3554713790 pop=3554611730 | errs p=0 c=172 empty=71
[21:31:39] push=  110429/s pop=  112163/s | tot push=3555818080 pop=3555733360 | errs p=0 c=172 empty=71
[21:31:49] push=  110206/s pop=  107938/s | tot push=3556920140 pop=3556812740 | errs p=0 c=172 empty=71
[21:31:59] push=  111529/s pop=  111612/s | tot push=3558035430 pop=3557928860 | errs p=0 c=172 empty=71
[21:32:09] push=  108735/s pop=  110763/s | tot push=3559122780 pop=3559036490 | errs p=0 c=172 empty=71
[21:32:19] push=  111762/s pop=  112053/s | tot push=3560240400 pop=3560157020 | errs p=0 c=172 empty=71
[21:32:29] push=  110094/s pop=  106827/s | tot push=3561341340 pop=3561225290 | errs p=0 c=172 empty=71
[21:32:39] push=  118788/s pop=  120576/s | tot push=3562529220 pop=3562431050 | errs p=0 c=172 empty=71
[21:32:49] push=  118353/s pop=  120202/s | tot push=3563712750 pop=3563633070 | errs p=0 c=172 empty=71
[21:32:59] push=  115974/s pop=  116685/s | tot push=3564872490 pop=3564799920 | errs p=0 c=172 empty=71
[21:33:09] push=  119037/s pop=  117872/s | tot push=3566062860 pop=3565978640 | errs p=0 c=172 empty=71
[21:33:19] push=  116612/s pop=  111499/s | tot push=3567228980 pop=3567093630 | errs p=0 c=172 empty=71
[21:33:29] push=  114248/s pop=  119384/s | tot push=3568371460 pop=3568287470 | errs p=0 c=172 empty=71
[21:33:39] push=  113860/s pop=  105298/s | tot push=3569510060 pop=3569340450 | errs p=0 c=172 empty=71
[21:33:49] push=  111339/s pop=  118317/s | tot push=3570623450 pop=3570523620 | errs p=0 c=172 empty=71
[21:33:59] push=  117467/s pop=  117230/s | tot push=3571798120 pop=3571695920 | errs p=0 c=172 empty=71
[21:34:09] push=  116174/s pop=  117675/s | tot push=3572959860 pop=3572872670 | errs p=0 c=172 empty=71
[21:34:19] push=  119621/s pop=  118263/s | tot push=3574156070 pop=3574055300 | errs p=0 c=172 empty=71
[21:34:29] push=  116484/s pop=  115330/s | tot push=3575320910 pop=3575208600 | errs p=0 c=172 empty=71
[21:34:39] push=  115434/s pop=  117330/s | tot push=3576475250 pop=3576381900 | errs p=0 c=172 empty=71
[21:34:49] push=  112935/s pop=  112939/s | tot push=3577604600 pop=3577511290 | errs p=0 c=172 empty=71
[21:34:59] push=  113887/s pop=  115195/s | tot push=3578743470 pop=3578663240 | errs p=0 c=172 empty=71
[21:35:09] push=  114834/s pop=  113403/s | tot push=3579891810 pop=3579797270 | errs p=0 c=172 empty=71
[21:35:19] push=  111468/s pop=  107757/s | tot push=3581006490 pop=3580874840 | errs p=0 c=172 empty=71
[21:35:29] push=  112161/s pop=  113576/s | tot push=3582128100 pop=3582010600 | errs p=0 c=172 empty=71
[21:35:39] push=  117308/s pop=  119008/s | tot push=3583301180 pop=3583200680 | errs p=0 c=172 empty=71
[21:35:49] push=  115085/s pop=  115302/s | tot push=3584452030 pop=3584353700 | errs p=0 c=172 empty=71
[21:35:59] push=  122203/s pop=  122440/s | tot push=3585674060 pop=3585578100 | errs p=0 c=172 empty=71
[21:36:09] push=  117568/s pop=  118705/s | tot push=3586849740 pop=3586765150 | errs p=0 c=172 empty=71
[21:36:19] push=  116728/s pop=  117273/s | tot push=3588017020 pop=3587937880 | errs p=0 c=172 empty=72
[21:36:29] push=  117591/s pop=  115970/s | tot push=3589192930 pop=3589097580 | errs p=0 c=172 empty=72
[21:36:39] push=  121664/s pop=  121584/s | tot push=3590409570 pop=3590313420 | errs p=0 c=172 empty=72
[21:36:49] push=  116075/s pop=  117299/s | tot push=3591570320 pop=3591486410 | errs p=0 c=172 empty=74
[21:36:59] push=  118260/s pop=  116576/s | tot push=3592752920 pop=3592652170 | errs p=0 c=172 empty=74
[21:37:09] push=  120079/s pop=  119564/s | tot push=3593953710 pop=3593847810 | errs p=0 c=172 empty=74
[21:37:19] push=  118229/s pop=  120469/s | tot push=3595136000 pop=3595052500 | errs p=0 c=172 empty=74
[21:37:29] push=  117532/s pop=  108373/s | tot push=3596311320 pop=3596136230 | errs p=0 c=172 empty=74
[21:37:39] push=  119234/s pop=  126721/s | tot push=3597503660 pop=3597403440 | errs p=0 c=172 empty=74
[21:37:49] push=  122817/s pop=  123214/s | tot push=3598731830 pop=3598635580 | errs p=0 c=172 empty=74
[21:37:59] push=  115587/s pop=  115252/s | tot push=3599887700 pop=3599788100 | errs p=0 c=172 empty=74
[21:38:09] push=  114536/s pop=  115170/s | tot push=3601033060 pop=3600939800 | errs p=0 c=172 empty=74
[21:38:19] push=  116455/s pop=  116507/s | tot push=3602197610 pop=3602104870 | errs p=0 c=172 empty=74
[21:38:29] push=  111418/s pop=  112779/s | tot push=3603311790 pop=3603232660 | errs p=0 c=172 empty=74
[21:38:39] push=  115484/s pop=  114317/s | tot push=3604466630 pop=3604375830 | errs p=0 c=172 empty=74
[21:38:49] push=  117972/s pop=  118878/s | tot push=3605646350 pop=3605564610 | errs p=0 c=172 empty=74
[21:38:59] push=  117721/s pop=  117283/s | tot push=3606823560 pop=3606737440 | errs p=0 c=172 empty=74
[21:39:09] push=  111938/s pop=  109772/s | tot push=3607942940 pop=3607835160 | errs p=0 c=172 empty=74
[21:39:19] push=  115914/s pop=  116406/s | tot push=3609102080 pop=3608999220 | errs p=0 c=172 empty=74
[21:39:29] push=  114846/s pop=  115383/s | tot push=3610250540 pop=3610153050 | errs p=0 c=172 empty=74
[21:39:39] push=  112649/s pop=  113232/s | tot push=3611377030 pop=3611285370 | errs p=0 c=172 empty=74
[21:39:49] push=  113298/s pop=  113154/s | tot push=3612510010 pop=3612416910 | errs p=0 c=172 empty=74
[21:39:59] push=  119891/s pop=  118699/s | tot push=3613708920 pop=3613603900 | errs p=0 c=172 empty=74
[21:40:09] push=  114803/s pop=  116803/s | tot push=3614856950 pop=3614771930 | errs p=0 c=172 empty=74
[21:40:19] push=  116049/s pop=  115201/s | tot push=3616017440 pop=3615923940 | errs p=0 c=172 empty=74
[21:40:29] push=  119372/s pop=  118628/s | tot push=3617211160 pop=3617110220 | errs p=0 c=172 empty=74
[21:40:39] push=  116835/s pop=  118861/s | tot push=3618379510 pop=3618298830 | errs p=0 c=172 empty=74
[21:40:49] push=  113925/s pop=  111193/s | tot push=3619518760 pop=3619410760 | errs p=0 c=172 empty=74
[21:40:59] push=  118553/s pop=  119864/s | tot push=3620704290 pop=3620609400 | errs p=0 c=172 empty=74
[21:41:09] push=  121971/s pop=  122605/s | tot push=3621924000 pop=3621835450 | errs p=0 c=172 empty=74
[21:41:19] push=  118006/s pop=  118009/s | tot push=3623104060 pop=3623015540 | errs p=0 c=172 empty=74
[21:41:29] push=  116905/s pop=  116756/s | tot push=3624273110 pop=3624183100 | errs p=0 c=172 empty=74
[21:41:39] push=  118344/s pop=  112647/s | tot push=3625456550 pop=3625309570 | errs p=0 c=172 empty=74
[21:41:49] push=  113245/s pop=  114135/s | tot push=3626589000 pop=3626450920 | errs p=0 c=172 empty=74
[21:41:59] push=  120275/s pop=  124242/s | tot push=3627791750 pop=3627693340 | errs p=0 c=172 empty=74
[21:42:09] push=  119741/s pop=  120459/s | tot push=3628989160 pop=3628897930 | errs p=0 c=172 empty=74
[21:42:19] push=  117963/s pop=  118248/s | tot push=3630168790 pop=3630080410 | errs p=0 c=172 empty=74
[21:42:29] push=  115330/s pop=  114408/s | tot push=3631322090 pop=3631224490 | errs p=0 c=172 empty=74
[21:42:39] push=  118487/s pop=  120007/s | tot push=3632506960 pop=3632424560 | errs p=0 c=172 empty=74
[21:42:49] push=  119099/s pop=  119399/s | tot push=3633697950 pop=3633618550 | errs p=0 c=172 empty=74
[21:42:59] push=  118807/s pop=  118008/s | tot push=3634886020 pop=3634798630 | errs p=0 c=172 empty=74
[21:43:09] push=  115979/s pop=  114993/s | tot push=3636045810 pop=3635948560 | errs p=0 c=172 empty=74
[21:43:19] push=  122988/s pop=  123014/s | tot push=3637275690 pop=3637178700 | errs p=0 c=172 empty=74
[21:43:29] push=  118928/s pop=  120087/s | tot push=3638464970 pop=3638379570 | errs p=0 c=172 empty=74
[21:43:39] push=  118540/s pop=  117149/s | tot push=3639650370 pop=3639551060 | errs p=0 c=172 empty=74
[21:43:49] push=  117295/s pop=  117491/s | tot push=3640823320 pop=3640725970 | errs p=0 c=172 empty=74
[21:43:59] push=  121464/s pop=  122066/s | tot push=3642037960 pop=3641946630 | errs p=0 c=172 empty=74
[21:44:09] push=  119350/s pop=  119329/s | tot push=3643231460 pop=3643139920 | errs p=0 c=172 empty=74
[21:44:19] push=  125713/s pop=  126107/s | tot push=3644488590 pop=3644400990 | errs p=0 c=172 empty=74
[21:44:29] push=  122580/s pop=  122498/s | tot push=3645714390 pop=3645625970 | errs p=0 c=172 empty=74
[21:44:39] push=  116076/s pop=  111800/s | tot push=3646875150 pop=3646743970 | errs p=0 c=172 empty=74
[21:44:49] push=  112803/s pop=  116498/s | tot push=3648003180 pop=3647908950 | errs p=0 c=172 empty=74
[21:44:59] push=  116382/s pop=  112955/s | tot push=3649167000 pop=3649038500 | errs p=0 c=172 empty=74
[21:45:09] push=  112743/s pop=  114009/s | tot push=3650294430 pop=3650178590 | errs p=0 c=172 empty=74
[21:45:19] push=  112987/s pop=  115536/s | tot push=3651424300 pop=3651333950 | errs p=0 c=172 empty=74
[21:45:29] push=  111598/s pop=  110924/s | tot push=3652540280 pop=3652443190 | errs p=0 c=172 empty=74
[21:45:39] push=  114059/s pop=  114797/s | tot push=3653680870 pop=3653591160 | errs p=0 c=172 empty=74
[21:45:49] push=  116975/s pop=  115382/s | tot push=3654850620 pop=3654744980 | errs p=0 c=172 empty=74
[21:45:59] push=  113521/s pop=  107298/s | tot push=3655985830 pop=3655817960 | errs p=0 c=172 empty=74
[21:46:09] push=  114849/s pop=  121282/s | tot push=3657134320 pop=3657030780 | errs p=0 c=172 empty=74
[21:46:19] push=  112816/s pop=  113344/s | tot push=3658262480 pop=3658164220 | errs p=0 c=172 empty=74
[21:46:29] push=  117611/s pop=  116816/s | tot push=3659438590 pop=3659332380 | errs p=0 c=172 empty=74
[21:46:39] push=  118484/s pop=  120594/s | tot push=3660623430 pop=3660538320 | errs p=0 c=172 empty=74
[21:46:49] push=  114767/s pop=  114476/s | tot push=3661771100 pop=3661683080 | errs p=0 c=172 empty=74
[21:46:59] push=  113819/s pop=  113693/s | tot push=3662909290 pop=3662820010 | errs p=0 c=172 empty=74
[21:47:09] push=  117229/s pop=  114353/s | tot push=3664081580 pop=3663963540 | errs p=0 c=172 empty=75
[21:47:19] push=  111678/s pop=  114745/s | tot push=3665198360 pop=3665110990 | errs p=0 c=172 empty=75
[21:47:29] push=  113880/s pop=  112381/s | tot push=3666337160 pop=3666234800 | errs p=0 c=172 empty=75
[21:47:39] push=  116012/s pop=  116966/s | tot push=3667497280 pop=3667404460 | errs p=0 c=172 empty=75
[21:47:49] push=  115900/s pop=  115713/s | tot push=3668656280 pop=3668561590 | errs p=0 c=172 empty=75
[21:47:59] push=  114633/s pop=  114861/s | tot push=3669802610 pop=3669710200 | errs p=0 c=172 empty=75
[21:48:09] push=  117015/s pop=  115223/s | tot push=3670972760 pop=3670862430 | errs p=0 c=172 empty=75
[21:48:19] push=  121332/s pop=  122395/s | tot push=3672186080 pop=3672086380 | errs p=0 c=172 empty=75
[21:48:29] push=  118414/s pop=  120156/s | tot push=3673370220 pop=3673287940 | errs p=0 c=172 empty=75
[21:48:39] push=  119178/s pop=  117812/s | tot push=3674562000 pop=3674466060 | errs p=0 c=172 empty=75
[21:48:49] push=  123515/s pop=  124389/s | tot push=3675797150 pop=3675709950 | errs p=0 c=172 empty=75
[21:48:59] push=  118102/s pop=  118169/s | tot push=3676978170 pop=3676891640 | errs p=0 c=172 empty=75
[21:49:09] push=  122351/s pop=  121354/s | tot push=3678201680 pop=3678105180 | errs p=0 c=172 empty=75
[21:49:19] push=  117577/s pop=  118286/s | tot push=3679377450 pop=3679288040 | errs p=0 c=172 empty=75
[21:49:29] push=  118150/s pop=  118110/s | tot push=3680558950 pop=3680469140 | errs p=0 c=172 empty=75
[21:49:39] push=  113780/s pop=  112784/s | tot push=3681696750 pop=3681596980 | errs p=0 c=172 empty=75
[21:49:49] push=  117901/s pop=  119269/s | tot push=3682875760 pop=3682789670 | errs p=0 c=172 empty=75
[21:49:59] push=  116140/s pop=  115861/s | tot push=3684037160 pop=3683948280 | errs p=0 c=172 empty=75
[21:50:09] push=  114803/s pop=  109303/s | tot push=3685185190 pop=3685041310 | errs p=0 c=172 empty=75
[21:50:19] push=  116131/s pop=  118449/s | tot push=3686346500 pop=3686225800 | errs p=0 c=172 empty=75
[21:50:29] push=  124538/s pop=  128016/s | tot push=3687591880 pop=3687505960 | errs p=0 c=172 empty=75
[21:50:39] push=  116395/s pop=  115847/s | tot push=3688755830 pop=3688664430 | errs p=0 c=172 empty=75
[21:50:49] push=  117377/s pop=  114770/s | tot push=3689929600 pop=3689812130 | errs p=0 c=172 empty=75
[21:50:59] push=  118778/s pop=  120856/s | tot push=3691117380 pop=3691020690 | errs p=0 c=172 empty=75
[21:51:09] push=  121109/s pop=  121216/s | tot push=3692328470 pop=3692232850 | errs p=0 c=172 empty=75
[21:51:19] push=  117515/s pop=  116684/s | tot push=3693503620 pop=3693399690 | errs p=0 c=172 empty=75
[21:51:29] push=  116198/s pop=  116664/s | tot push=3694665600 pop=3694566330 | errs p=0 c=172 empty=75
[21:51:39] push=  111716/s pop=  108413/s | tot push=3695782760 pop=3695650460 | errs p=0 c=172 empty=75
[21:51:49] push=  112717/s pop=  116239/s | tot push=3696909930 pop=3696812850 | errs p=0 c=172 empty=75
[21:51:59] push=  115862/s pop=  113908/s | tot push=3698068550 pop=3697951930 | errs p=0 c=172 empty=75
[21:52:09] push=  110342/s pop=  111952/s | tot push=3699171970 pop=3699071450 | errs p=0 c=172 empty=75
[21:52:19] push=  109549/s pop=  106727/s | tot push=3700267460 pop=3700138720 | errs p=0 c=172 empty=75
[21:52:29] push=  110936/s pop=  113355/s | tot push=3701376820 pop=3701272270 | errs p=0 c=172 empty=75
[21:52:39] push=  117779/s pop=  119602/s | tot push=3702554610 pop=3702468290 | errs p=0 c=172 empty=75
[21:52:49] push=  114486/s pop=  114288/s | tot push=3703699470 pop=3703611170 | errs p=0 c=172 empty=75
[21:52:59] push=  113463/s pop=  112409/s | tot push=3704834100 pop=3704735260 | errs p=0 c=172 empty=75
[21:53:09] push=  114580/s pop=  115624/s | tot push=3705979900 pop=3705891500 | errs p=0 c=172 empty=75
[21:53:19] push=  116772/s pop=  116391/s | tot push=3707147620 pop=3707055410 | errs p=0 c=172 empty=75
[21:53:29] push=  113892/s pop=  115158/s | tot push=3708286540 pop=3708206990 | errs p=0 c=172 empty=75
[21:53:39] push=  117779/s pop=  116798/s | tot push=3709464330 pop=3709374970 | errs p=0 c=172 empty=75
[21:53:49] push=  119570/s pop=  117695/s | tot push=3710660030 pop=3710551920 | errs p=0 c=172 empty=75
[21:53:59] push=  119439/s pop=  118020/s | tot push=3711854420 pop=3711732120 | errs p=0 c=172 empty=75
[21:54:09] push=  118666/s pop=  121433/s | tot push=3713041080 pop=3712946450 | errs p=0 c=172 empty=75
[21:54:19] push=  124388/s pop=  125251/s | tot push=3714284960 pop=3714198960 | errs p=0 c=172 empty=75
[21:54:29] push=  114316/s pop=  114756/s | tot push=3715428120 pop=3715346520 | errs p=0 c=172 empty=75
[21:54:39] push=  119538/s pop=  118482/s | tot push=3716623500 pop=3716531340 | errs p=0 c=172 empty=75
[21:54:49] push=  119345/s pop=  119032/s | tot push=3717816950 pop=3717721660 | errs p=0 c=172 empty=75
[21:54:59] push=  117233/s pop=  118896/s | tot push=3718989280 pop=3718910620 | errs p=0 c=172 empty=75
[21:55:09] push=  113192/s pop=  109966/s | tot push=3720121200 pop=3720010280 | errs p=0 c=172 empty=75
[21:55:19] push=  120917/s pop=  120887/s | tot push=3721330370 pop=3721219150 | errs p=0 c=172 empty=75
[21:55:29] push=  118385/s pop=  120883/s | tot push=3722514220 pop=3722427980 | errs p=0 c=172 empty=75
[21:55:39] push=  110973/s pop=  110922/s | tot push=3723623950 pop=3723537200 | errs p=0 c=172 empty=75
[21:55:49] push=  116578/s pop=  116181/s | tot push=3724789730 pop=3724699010 | errs p=0 c=172 empty=75
[21:55:59] push=  121096/s pop=  121321/s | tot push=3726000690 pop=3725912220 | errs p=0 c=172 empty=75
[21:56:09] push=  116724/s pop=  116287/s | tot push=3727167930 pop=3727075090 | errs p=0 c=172 empty=75
[21:56:19] push=  115628/s pop=  113992/s | tot push=3728324210 pop=3728215010 | errs p=0 c=172 empty=75
[21:56:29] push=  119433/s pop=  119344/s | tot push=3729518540 pop=3729408450 | errs p=0 c=172 empty=75
[21:56:39] push=  118850/s pop=  115316/s | tot push=3730707040 pop=3730561610 | errs p=0 c=172 empty=75
[21:56:49] push=  117859/s pop=  123482/s | tot push=3731885630 pop=3731796430 | errs p=0 c=172 empty=75
[21:56:59] push=  123792/s pop=  121981/s | tot push=3733123550 pop=3733016240 | errs p=0 c=172 empty=75
[21:57:09] push=  124585/s pop=  126673/s | tot push=3734369400 pop=3734282970 | errs p=0 c=172 empty=75
[21:57:19] push=  118595/s pop=  114292/s | tot push=3735555350 pop=3735425890 | errs p=0 c=172 empty=75
[21:57:29] push=  111903/s pop=  116658/s | tot push=3736674380 pop=3736592470 | errs p=0 c=172 empty=75
[21:57:39] push=  120482/s pop=  119809/s | tot push=3737879200 pop=3737790560 | errs p=0 c=172 empty=75
[21:57:49] push=  118204/s pop=  119306/s | tot push=3739061240 pop=3738983620 | errs p=0 c=172 empty=75
[21:57:59] push=  120846/s pop=  119318/s | tot push=3740269700 pop=3740176800 | errs p=0 c=172 empty=75
[21:58:09] push=  118963/s pop=  118578/s | tot push=3741459330 pop=3741362580 | errs p=0 c=172 empty=75
[21:58:19] push=  114239/s pop=  115787/s | tot push=3742601720 pop=3742520450 | errs p=0 c=172 empty=75
[21:58:29] push=  110521/s pop=  109932/s | tot push=3743706930 pop=3743619770 | errs p=0 c=172 empty=75
[21:58:39] push=  111940/s pop=  107540/s | tot push=3744826330 pop=3744695170 | errs p=0 c=172 empty=77
[21:58:49] push=  115954/s pop=  112744/s | tot push=3745985870 pop=3745822610 | errs p=0 c=172 empty=77
[21:58:59] push=  109989/s pop=  111813/s | tot push=3747085760 pop=3746940740 | errs p=0 c=172 empty=77
[21:59:09] push=  114961/s pop=  111739/s | tot push=3748235370 pop=3748058130 | errs p=0 c=172 empty=77
[21:59:19] push=  111964/s pop=  121963/s | tot push=3749355010 pop=3749277760 | errs p=0 c=172 empty=77
[21:59:29] push=  115012/s pop=  114404/s | tot push=3750505130 pop=3750421800 | errs p=0 c=172 empty=78
[21:59:39] push=  111516/s pop=  109945/s | tot push=3751620290 pop=3751521250 | errs p=0 c=172 empty=78
[21:59:49] push=  114354/s pop=  114729/s | tot push=3752763830 pop=3752668540 | errs p=0 c=172 empty=78
[21:59:59] push=  117554/s pop=  118517/s | tot push=3753939370 pop=3753853710 | errs p=0 c=172 empty=78
[22:00:09] push=  117173/s pop=  116859/s | tot push=3755111100 pop=3755022300 | errs p=0 c=172 empty=78
[22:00:19] push=  114906/s pop=  114303/s | tot push=3756260160 pop=3756165330 | errs p=0 c=172 empty=78
[22:00:29] push=  122046/s pop=  122293/s | tot push=3757480620 pop=3757388260 | errs p=0 c=172 empty=78
[22:00:39] push=  115306/s pop=  116275/s | tot push=3758633680 pop=3758551010 | errs p=0 c=172 empty=78
[22:00:49] push=  114552/s pop=  112329/s | tot push=3759779200 pop=3759674300 | errs p=0 c=172 empty=78
[22:00:59] push=  121794/s pop=  122814/s | tot push=3760997140 pop=3760902440 | errs p=0 c=172 empty=78
[22:01:09] push=  118356/s pop=  119067/s | tot push=3762180700 pop=3762093110 | errs p=0 c=172 empty=78
[22:01:19] push=  112756/s pop=  112874/s | tot push=3763308260 pop=3763221850 | errs p=0 c=172 empty=78
[22:01:29] push=  120836/s pop=  120527/s | tot push=3764516620 pop=3764427120 | errs p=0 c=172 empty=78
[22:01:39] push=  117580/s pop=  116650/s | tot push=3765692420 pop=3765593620 | errs p=0 c=172 empty=78
[22:01:49] push=  118730/s pop=  117658/s | tot push=3766879720 pop=3766770200 | errs p=0 c=172 empty=78
[22:01:59] push=  122900/s pop=  122971/s | tot push=3768108720 pop=3767999910 | errs p=0 c=172 empty=78
[22:02:09] push=  123489/s pop=  124880/s | tot push=3769343610 pop=3769248710 | errs p=0 c=172 empty=78
[22:02:19] push=  117191/s pop=  117036/s | tot push=3770515520 pop=3770419070 | errs p=0 c=172 empty=78
[22:02:29] push=  116980/s pop=  115262/s | tot push=3771685320 pop=3771571690 | errs p=0 c=172 empty=78
[22:02:39] push=  118217/s pop=  120101/s | tot push=3772867490 pop=3772772700 | errs p=0 c=172 empty=78
[22:02:49] push=  119231/s pop=  118494/s | tot push=3774059800 pop=3773957640 | errs p=0 c=172 empty=78
[22:02:59] push=  114413/s pop=  115706/s | tot push=3775203930 pop=3775114700 | errs p=0 c=172 empty=78
[22:03:09] push=  114519/s pop=  111794/s | tot push=3776349120 pop=3776232640 | errs p=0 c=172 empty=78
[22:03:19] push=  119524/s pop=  121420/s | tot push=3777544360 pop=3777446840 | errs p=0 c=172 empty=78
[22:03:29] push=  121149/s pop=  121872/s | tot push=3778755850 pop=3778665560 | errs p=0 c=172 empty=78
[22:03:39] push=  122115/s pop=  122660/s | tot push=3779977000 pop=3779892160 | errs p=0 c=172 empty=78
[22:03:49] push=  122531/s pop=  120615/s | tot push=3781202310 pop=3781098310 | errs p=0 c=172 empty=78
[22:03:59] push=  120256/s pop=  122394/s | tot push=3782404870 pop=3782322250 | errs p=0 c=172 empty=78
[22:04:09] push=  116738/s pop=  116776/s | tot push=3783572250 pop=3783490010 | errs p=0 c=172 empty=78
[22:04:19] push=  118346/s pop=  117435/s | tot push=3784755710 pop=3784664360 | errs p=0 c=172 empty=78
[22:04:29] push=  123630/s pop=  122992/s | tot push=3785992010 pop=3785894280 | errs p=0 c=172 empty=78
[22:04:39] push=  118268/s pop=  118264/s | tot push=3787174690 pop=3787076920 | errs p=0 c=172 empty=78
[22:04:49] push=  121414/s pop=  119418/s | tot push=3788388830 pop=3788271100 | errs p=0 c=172 empty=78
[22:04:59] push=  108906/s pop=  110519/s | tot push=3789477890 pop=3789376290 | errs p=0 c=172 empty=78
[22:05:09] push=  106232/s pop=  107472/s | tot push=3790540210 pop=3790451010 | errs p=0 c=172 empty=78
[22:05:19] push=  110173/s pop=  109611/s | tot push=3791641940 pop=3791547120 | errs p=0 c=172 empty=78
[22:05:29] push=  111833/s pop=  107502/s | tot push=3792760270 pop=3792622140 | errs p=0 c=172 empty=78
[22:05:39] push=  109374/s pop=  113482/s | tot push=3793854010 pop=3793756960 | errs p=0 c=172 empty=78
[22:05:49] push=  109000/s pop=  109466/s | tot push=3794944010 pop=3794851620 | errs p=0 c=172 empty=78
[22:05:59] push=  113102/s pop=  112503/s | tot push=3796075030 pop=3795976650 | errs p=0 c=172 empty=78
[22:06:09] push=  110518/s pop=  108897/s | tot push=3797180210 pop=3797065620 | errs p=0 c=172 empty=78
[22:06:19] push=  114078/s pop=  113285/s | tot push=3798320990 pop=3798198470 | errs p=0 c=172 empty=80
[22:06:29] push=  115044/s pop=  117181/s | tot push=3799471430 pop=3799370280 | errs p=0 c=172 empty=80
[22:06:39] push=  114086/s pop=  113920/s | tot push=3800612290 pop=3800509480 | errs p=0 c=172 empty=80
[22:06:49] push=  114292/s pop=  116139/s | tot push=3801755210 pop=3801670870 | errs p=0 c=172 empty=80
[22:06:59] push=  115449/s pop=  112593/s | tot push=3802909700 pop=3802796800 | errs p=0 c=172 empty=80
[22:07:09] push=  110238/s pop=  112085/s | tot push=3804012080 pop=3803917650 | errs p=0 c=172 empty=80
[22:07:19] push=  113945/s pop=  114852/s | tot push=3805151530 pop=3805066170 | errs p=0 c=172 empty=80
[22:07:29] push=  119775/s pop=  118627/s | tot push=3806349280 pop=3806252440 | errs p=0 c=172 empty=80
[22:07:39] push=  116812/s pop=  116697/s | tot push=3807517400 pop=3807419410 | errs p=0 c=172 empty=80
[22:07:49] push=  120882/s pop=  121871/s | tot push=3808726220 pop=3808638120 | errs p=0 c=172 empty=80
[22:07:59] push=  117323/s pop=  117308/s | tot push=3809899450 pop=3809811200 | errs p=0 c=172 empty=80
[22:08:09] push=  118889/s pop=  119302/s | tot push=3811088340 pop=3811004220 | errs p=0 c=172 empty=80
[22:08:19] push=  118159/s pop=  115813/s | tot push=3812269930 pop=3812162350 | errs p=0 c=172 empty=80
[22:08:29] push=  117231/s pop=  117868/s | tot push=3813442240 pop=3813341030 | errs p=0 c=172 empty=80
[22:08:39] push=  115961/s pop=  117489/s | tot push=3814601850 pop=3814515920 | errs p=0 c=172 empty=80
[22:08:49] push=  118030/s pop=  117421/s | tot push=3815782150 pop=3815690130 | errs p=0 c=172 empty=80
[22:08:59] push=  118812/s pop=  117837/s | tot push=3816970270 pop=3816868500 | errs p=0 c=172 empty=80
[22:09:09] push=  115626/s pop=  113996/s | tot push=3818126530 pop=3818008460 | errs p=0 c=172 empty=80
[22:09:19] push=  112964/s pop=  113284/s | tot push=3819256170 pop=3819141300 | errs p=0 c=172 empty=80
[22:09:29] push=  119201/s pop=  120318/s | tot push=3820448180 pop=3820344480 | errs p=0 c=172 empty=80
[22:09:39] push=  116965/s pop=  117317/s | tot push=3821617830 pop=3821517650 | errs p=0 c=172 empty=80
[22:09:49] push=  121353/s pop=  122216/s | tot push=3822831360 pop=3822739810 | errs p=0 c=172 empty=80
[22:09:59] push=  112215/s pop=  111373/s | tot push=3823953510 pop=3823853540 | errs p=0 c=172 empty=80
[22:10:09] push=  113099/s pop=  113069/s | tot push=3825084500 pop=3824984230 | errs p=0 c=172 empty=80
[22:10:19] push=  111455/s pop=  112814/s | tot push=3826199050 pop=3826112370 | errs p=0 c=172 empty=80
[22:10:29] push=  112003/s pop=  111127/s | tot push=3827319080 pop=3827223640 | errs p=0 c=172 empty=80
[22:10:39] push=  115370/s pop=  115010/s | tot push=3828472780 pop=3828373740 | errs p=0 c=172 empty=80
[22:10:49] push=  119474/s pop=  119997/s | tot push=3829667520 pop=3829573710 | errs p=0 c=172 empty=80
[22:10:59] push=  111676/s pop=  111999/s | tot push=3830784280 pop=3830693700 | errs p=0 c=172 empty=80
[22:11:09] push=  117321/s pop=  115769/s | tot push=3831957490 pop=3831851390 | errs p=0 c=172 empty=80
[22:11:19] push=  119306/s pop=  108809/s | tot push=3833150550 pop=3832939480 | errs p=0 c=172 empty=80
[22:11:29] push=  119056/s pop=  127588/s | tot push=3834341110 pop=3834215360 | errs p=0 c=172 empty=80
[22:11:39] push=  118909/s pop=  121079/s | tot push=3835530200 pop=3835426150 | errs p=0 c=172 empty=80
[22:11:49] push=  120770/s pop=  121374/s | tot push=3836737900 pop=3836639890 | errs p=0 c=172 empty=80
[22:11:59] push=  111070/s pop=  113382/s | tot push=3837848600 pop=3837773710 | errs p=0 c=172 empty=80
[22:12:09] push=  112242/s pop=  110293/s | tot push=3838971020 pop=3838876640 | errs p=0 c=172 empty=80
[22:12:19] push=  111443/s pop=  111607/s | tot push=3840085450 pop=3839992710 | errs p=0 c=172 empty=80
[22:12:29] push=  110396/s pop=  111216/s | tot push=3841189410 pop=3841104870 | errs p=0 c=172 empty=80
[22:12:39] push=  112516/s pop=  111279/s | tot push=3842314570 pop=3842217660 | errs p=0 c=172 empty=80
[22:12:49] push=  114812/s pop=  114340/s | tot push=3843462690 pop=3843361060 | errs p=0 c=172 empty=80
[22:12:59] push=  114732/s pop=  114338/s | tot push=3844610010 pop=3844504440 | errs p=0 c=172 empty=80
[22:13:09] push=  107368/s pop=  107419/s | tot push=3845683690 pop=3845578630 | errs p=0 c=172 empty=80
[22:13:19] push=  112226/s pop=  113801/s | tot push=3846805950 pop=3846716640 | errs p=0 c=172 empty=80
[22:13:29] push=  112093/s pop=  110025/s | tot push=3847926880 pop=3847816890 | errs p=0 c=172 empty=80
[22:13:39] push=  114776/s pop=  108563/s | tot push=3849074640 pop=3848902520 | errs p=0 c=172 empty=80
[22:13:49] push=  113365/s pop=  120420/s | tot push=3850208290 pop=3850106720 | errs p=0 c=172 empty=80
[22:13:59] push=  119010/s pop=  120438/s | tot push=3851398390 pop=3851311100 | errs p=0 c=172 empty=80
[22:14:09] push=  118704/s pop=  118904/s | tot push=3852585430 pop=3852500140 | errs p=0 c=172 empty=80
[22:14:19] push=  118399/s pop=  117171/s | tot push=3853769420 pop=3853671850 | errs p=0 c=172 empty=80
[22:14:29] push=  115632/s pop=  117156/s | tot push=3854925740 pop=3854843410 | errs p=0 c=172 empty=80
[22:14:39] push=  115727/s pop=  115537/s | tot push=3856083010 pop=3855998780 | errs p=0 c=172 empty=81
[22:14:49] push=  111528/s pop=  111534/s | tot push=3857198290 pop=3857114120 | errs p=0 c=172 empty=81
[22:14:59] push=  114684/s pop=  114052/s | tot push=3858345130 pop=3858254640 | errs p=0 c=172 empty=81
[22:15:09] push=  116835/s pop=  116476/s | tot push=3859513480 pop=3859419400 | errs p=0 c=172 empty=81
[22:15:19] push=  112867/s pop=  113062/s | tot push=3860642150 pop=3860550020 | errs p=0 c=172 empty=81
[22:15:29] push=  118213/s pop=  116816/s | tot push=3861824280 pop=3861718180 | errs p=0 c=172 empty=81
[22:15:39] push=  115789/s pop=  111330/s | tot push=3862982170 pop=3862831480 | errs p=0 c=172 empty=81
[22:15:49] push=  119099/s pop=  125827/s | tot push=3864173160 pop=3864089750 | errs p=0 c=172 empty=81
[22:15:59] push=  122384/s pop=  122357/s | tot push=3865397000 pop=3865313320 | errs p=0 c=172 empty=81
[22:16:09] push=  120140/s pop=  119375/s | tot push=3866598400 pop=3866507070 | errs p=0 c=172 empty=81
[22:16:19] push=  121045/s pop=  120905/s | tot push=3867808850 pop=3867716120 | errs p=0 c=172 empty=81
[22:16:29] push=  118731/s pop=  119169/s | tot push=3868996160 pop=3868907810 | errs p=0 c=172 empty=81
[22:16:39] push=  119249/s pop=  118471/s | tot push=3870188650 pop=3870092520 | errs p=0 c=172 empty=81
[22:16:49] push=  119350/s pop=  119241/s | tot push=3871382150 pop=3871284930 | errs p=0 c=172 empty=81
[22:16:59] push=  124384/s pop=  125410/s | tot push=3872625990 pop=3872539030 | errs p=0 c=172 empty=81
[22:17:09] push=  120428/s pop=  121087/s | tot push=3873830270 pop=3873749900 | errs p=0 c=172 empty=81
[22:17:19] push=  123085/s pop=  122062/s | tot push=3875061120 pop=3874970520 | errs p=0 c=172 empty=81
[22:17:29] push=  118743/s pop=  119104/s | tot push=3876248550 pop=3876161560 | errs p=0 c=172 empty=81
[22:17:39] push=  120775/s pop=  120391/s | tot push=3877456300 pop=3877365470 | errs p=0 c=172 empty=81
[22:17:49] push=  118192/s pop=  117191/s | tot push=3878638220 pop=3878537380 | errs p=0 c=172 empty=81
[22:17:59] push=  124268/s pop=  125757/s | tot push=3879880900 pop=3879794950 | errs p=0 c=172 empty=81
[22:18:09] push=  118776/s pop=  118973/s | tot push=3881068660 pop=3880984680 | errs p=0 c=172 empty=81
[22:18:19] push=  117787/s pop=  117235/s | tot push=3882246530 pop=3882157030 | errs p=0 c=172 empty=81
[22:18:29] push=  117483/s pop=  114759/s | tot push=3883421360 pop=3883304620 | errs p=0 c=172 empty=82
[22:18:39] push=  113975/s pop=  115303/s | tot push=3884561110 pop=3884457650 | errs p=0 c=172 empty=82
[22:18:49] push=  113771/s pop=  114486/s | tot push=3885698820 pop=3885602510 | errs p=0 c=172 empty=82
[22:18:59] push=  113860/s pop=  113284/s | tot push=3886837420 pop=3886735350 | errs p=0 c=172 empty=82
[22:19:09] push=  114133/s pop=  111880/s | tot push=3887978750 pop=3887854150 | errs p=0 c=172 empty=82
[22:19:19] push=  109678/s pop=  111375/s | tot push=3889075530 pop=3888967900 | errs p=0 c=172 empty=82
[22:19:29] push=  111503/s pop=  111992/s | tot push=3890190560 pop=3890087820 | errs p=0 c=172 empty=82
[22:19:39] push=  114977/s pop=  115323/s | tot push=3891340330 pop=3891241050 | errs p=0 c=172 empty=82
[22:19:49] push=  110117/s pop=  107723/s | tot push=3892441500 pop=3892318280 | errs p=0 c=172 empty=82
[22:19:59] push=  115201/s pop=  117789/s | tot push=3893593510 pop=3893496170 | errs p=0 c=172 empty=82
[22:20:09] push=  111823/s pop=  112865/s | tot push=3894711740 pop=3894624820 | errs p=0 c=172 empty=82
[22:20:19] push=  116641/s pop=  116183/s | tot push=3895878150 pop=3895786650 | errs p=0 c=172 empty=82
[22:20:29] push=  118379/s pop=  117516/s | tot push=3897061940 pop=3896961810 | errs p=0 c=172 empty=82
[22:20:39] push=  116618/s pop=  116861/s | tot push=3898228120 pop=3898130420 | errs p=0 c=172 empty=82
[22:20:49] push=  119409/s pop=  120117/s | tot push=3899422210 pop=3899331590 | errs p=0 c=172 empty=82
[22:20:59] push=  121612/s pop=  121556/s | tot push=3900638330 pop=3900547150 | errs p=0 c=172 empty=82
[22:21:09] push=  117034/s pop=  118725/s | tot push=3901808670 pop=3901734400 | errs p=0 c=172 empty=82
[22:21:19] push=  118390/s pop=  117226/s | tot push=3902992570 pop=3902906660 | errs p=0 c=172 empty=82
[22:21:29] push=  112518/s pop=  111354/s | tot push=3904117750 pop=3904020200 | errs p=0 c=172 empty=82
[22:21:39] push=  114790/s pop=  115587/s | tot push=3905265650 pop=3905176070 | errs p=0 c=172 empty=82
[22:21:49] push=  112244/s pop=  113413/s | tot push=3906388090 pop=3906310200 | errs p=0 c=172 empty=82
[22:21:59] push=  109727/s pop=  104606/s | tot push=3907485360 pop=3907356260 | errs p=0 c=172 empty=82
[22:22:09] push=  111385/s pop=  114634/s | tot push=3908599210 pop=3908502600 | errs p=0 c=172 empty=82
[22:22:19] push=  118202/s pop=  118997/s | tot push=3909781230 pop=3909692570 | errs p=0 c=172 empty=82
[22:22:29] push=  117145/s pop=  116950/s | tot push=3910952680 pop=3910862070 | errs p=0 c=172 empty=82
[22:22:39] push=  117160/s pop=  117182/s | tot push=3912124280 pop=3912033890 | errs p=0 c=172 empty=82
[22:22:49] push=  113503/s pop=  113348/s | tot push=3913259310 pop=3913167370 | errs p=0 c=172 empty=82
[22:22:59] push=  113056/s pop=  113028/s | tot push=3914389870 pop=3914297650 | errs p=0 c=172 empty=82
[22:23:09] push=  112599/s pop=  111400/s | tot push=3915515860 pop=3915411650 | errs p=0 c=172 empty=82
[22:23:19] push=  114499/s pop=  116054/s | tot push=3916660850 pop=3916572190 | errs p=0 c=172 empty=82
[22:23:29] push=  115165/s pop=  115779/s | tot push=3917812500 pop=3917729980 | errs p=0 c=172 empty=82
[22:23:39] push=  115263/s pop=  115791/s | tot push=3918965130 pop=3918887890 | errs p=0 c=172 empty=82
[22:23:49] push=  113802/s pop=  112621/s | tot push=3920103150 pop=3920014100 | errs p=0 c=172 empty=82
[22:23:59] push=  117509/s pop=  116063/s | tot push=3921278240 pop=3921174730 | errs p=0 c=172 empty=82
[22:24:09] push=  118111/s pop=  119035/s | tot push=3922459350 pop=3922365080 | errs p=0 c=172 empty=82
[22:24:19] push=  119346/s pop=  118763/s | tot push=3923652810 pop=3923552710 | errs p=0 c=172 empty=82
[22:24:29] push=  119779/s pop=  121470/s | tot push=3924850600 pop=3924767410 | errs p=0 c=172 empty=82
[22:24:39] push=  120354/s pop=  117911/s | tot push=3926054140 pop=3925946520 | errs p=0 c=172 empty=82
[22:24:49] push=  119077/s pop=  121118/s | tot push=3927244910 pop=3927157700 | errs p=0 c=172 empty=82
[22:24:59] push=  120030/s pop=  120567/s | tot push=3928445210 pop=3928363370 | errs p=0 c=172 empty=82
[22:25:09] push=  121344/s pop=  120771/s | tot push=3929658650 pop=3929571080 | errs p=0 c=172 empty=82
[22:25:19] push=  121159/s pop=  120222/s | tot push=3930870240 pop=3930773300 | errs p=0 c=172 empty=82
[22:25:29] push=  114645/s pop=  115015/s | tot push=3932016690 pop=3931923450 | errs p=0 c=172 empty=82
[22:25:39] push=  111290/s pop=  109554/s | tot push=3933129590 pop=3933018990 | errs p=0 c=172 empty=82
[22:25:49] push=  116776/s pop=  117775/s | tot push=3934297350 pop=3934196740 | errs p=0 c=172 empty=82
[22:25:59] push=  112529/s pop=  107628/s | tot push=3935422640 pop=3935273020 | errs p=0 c=172 empty=82
[22:26:09] push=  114843/s pop=  119665/s | tot push=3936571070 pop=3936469670 | errs p=0 c=172 empty=82
[22:26:19] push=  112125/s pop=  113064/s | tot push=3937692320 pop=3937600310 | errs p=0 c=172 empty=82
[22:26:29] push=  110635/s pop=  110805/s | tot push=3938798670 pop=3938708360 | errs p=0 c=172 empty=82
[22:26:39] push=  108041/s pop=  106009/s | tot push=3939879080 pop=3939768450 | errs p=0 c=172 empty=82
[22:26:49] push=  112940/s pop=  114840/s | tot push=3941008480 pop=3940916850 | errs p=0 c=172 empty=82
[22:26:59] push=  112243/s pop=  111983/s | tot push=3942130910 pop=3942036680 | errs p=0 c=172 empty=82
[22:27:09] push=  118355/s pop=  120196/s | tot push=3943314460 pop=3943238640 | errs p=0 c=172 empty=82
[22:27:19] push=  116540/s pop=  114512/s | tot push=3944479860 pop=3944383760 | errs p=0 c=172 empty=82
[22:27:29] push=  118784/s pop=  119512/s | tot push=3945667700 pop=3945578880 | errs p=0 c=172 empty=82
[22:27:39] push=  117187/s pop=  115956/s | tot push=3946839570 pop=3946738440 | errs p=0 c=172 empty=82
[22:27:49] push=  119813/s pop=  120918/s | tot push=3948037700 pop=3947947620 | errs p=0 c=172 empty=82
[22:27:59] push=  115107/s pop=  114487/s | tot push=3949188770 pop=3949092490 | errs p=0 c=172 empty=82
[22:28:09] push=  121068/s pop=  121651/s | tot push=3950399450 pop=3950309000 | errs p=0 c=172 empty=82
[22:28:19] push=  118351/s pop=  118757/s | tot push=3951582960 pop=3951496570 | errs p=0 c=172 empty=82
[22:28:29] push=  119730/s pop=  117436/s | tot push=3952780260 pop=3952670930 | errs p=0 c=172 empty=82
[22:28:39] push=  111572/s pop=  111202/s | tot push=3953895980 pop=3953782950 | errs p=0 c=172 empty=82
[22:28:49] push=  117923/s pop=  118662/s | tot push=3955075210 pop=3954969570 | errs p=0 c=172 empty=82
[22:28:59] push=  117563/s pop=  119457/s | tot push=3956250840 pop=3956164140 | errs p=0 c=172 empty=82
[22:29:09] push=  117098/s pop=  116301/s | tot push=3957421820 pop=3957327150 | errs p=0 c=172 empty=82
[22:29:19] push=  114092/s pop=  114489/s | tot push=3958562740 pop=3958472040 | errs p=0 c=172 empty=82
[22:29:29] push=  118163/s pop=  115293/s | tot push=3959744370 pop=3959624970 | errs p=0 c=172 empty=82
[22:29:39] push=  115943/s pop=  117916/s | tot push=3960903800 pop=3960804130 | errs p=0 c=172 empty=82
[22:29:49] push=  112492/s pop=  110015/s | tot push=3962028720 pop=3961904280 | errs p=0 c=172 empty=82
[22:29:59] push=  109137/s pop=  112647/s | tot push=3963120090 pop=3963030750 | errs p=0 c=172 empty=82
[22:30:09] push=  117799/s pop=  118141/s | tot push=3964298080 pop=3964212160 | errs p=0 c=172 empty=82
[22:30:19] push=  116246/s pop=  115482/s | tot push=3965460540 pop=3965366980 | errs p=0 c=172 empty=82
[22:30:29] push=  117217/s pop=  116974/s | tot push=3966632710 pop=3966536720 | errs p=0 c=172 empty=82
[22:30:39] push=  116844/s pop=  117602/s | tot push=3967801150 pop=3967712740 | errs p=0 c=172 empty=82
[22:30:49] push=  119288/s pop=  119985/s | tot push=3968994030 pop=3968912590 | errs p=0 c=172 empty=82
[22:30:59] push=  116163/s pop=  115694/s | tot push=3970155660 pop=3970069530 | errs p=0 c=172 empty=82
[22:31:09] push=  118336/s pop=  116322/s | tot push=3971339020 pop=3971232750 | errs p=0 c=172 empty=82
[22:31:19] push=  121406/s pop=  123364/s | tot push=3972553080 pop=3972466390 | errs p=0 c=172 empty=82
[22:31:29] push=  123551/s pop=  124552/s | tot push=3973788590 pop=3973711910 | errs p=0 c=172 empty=82
[22:31:39] push=  119432/s pop=  118205/s | tot push=3974982910 pop=3974893960 | errs p=0 c=172 empty=82
[22:31:49] push=  116731/s pop=  117292/s | tot push=3976150220 pop=3976066880 | errs p=0 c=172 empty=82
[22:31:59] push=  115988/s pop=  115770/s | tot push=3977310100 pop=3977224580 | errs p=0 c=172 empty=82
[22:32:09] push=  113616/s pop=  108916/s | tot push=3978446260 pop=3978313740 | errs p=0 c=172 empty=82
[22:32:19] push=  106962/s pop=  111101/s | tot push=3979515880 pop=3979424750 | errs p=0 c=172 empty=82
[22:32:29] push=  111391/s pop=  108932/s | tot push=3980629790 pop=3980514070 | errs p=0 c=172 empty=82
[22:32:39] push=  111645/s pop=  109652/s | tot push=3981746240 pop=3981610590 | errs p=0 c=172 empty=82
[22:32:49] push=  109070/s pop=  111430/s | tot push=3982836940 pop=3982724890 | errs p=0 c=172 empty=82
[22:32:59] push=  112940/s pop=  114188/s | tot push=3983966340 pop=3983866770 | errs p=0 c=172 empty=82
[22:33:09] push=  116022/s pop=  115873/s | tot push=3985126560 pop=3985025500 | errs p=0 c=172 empty=82
[22:33:19] push=  118659/s pop=  119462/s | tot push=3986313150 pop=3986220120 | errs p=0 c=172 empty=82
[22:33:29] push=  113951/s pop=  113339/s | tot push=3987452660 pop=3987353510 | errs p=0 c=172 empty=82
[22:33:39] push=  115853/s pop=  115918/s | tot push=3988611190 pop=3988512690 | errs p=0 c=172 empty=82
[22:33:49] push=  111088/s pop=  108720/s | tot push=3989722070 pop=3989599890 | errs p=0 c=172 empty=82
[22:33:59] push=  115209/s pop=  117847/s | tot push=3990874160 pop=3990778360 | errs p=0 c=172 empty=82
[22:34:09] push=  115108/s pop=  115638/s | tot push=3992025240 pop=3991934740 | errs p=0 c=172 empty=82
[22:34:19] push=  118428/s pop=  119075/s | tot push=3993209520 pop=3993125490 | errs p=0 c=172 empty=82
[22:34:29] push=  118145/s pop=  116847/s | tot push=3994390970 pop=3994293960 | errs p=0 c=172 empty=82
[22:34:39] push=  118051/s pop=  118839/s | tot push=3995571480 pop=3995482350 | errs p=0 c=172 empty=82
[22:34:49] push=  112338/s pop=  110839/s | tot push=3996694860 pop=3996590740 | errs p=0 c=172 empty=82
[22:34:59] push=  114105/s pop=  114879/s | tot push=3997835910 pop=3997739530 | errs p=0 c=172 empty=82
[22:35:09] push=  118953/s pop=  119604/s | tot push=3999025440 pop=3998935570 | errs p=0 c=172 empty=82
[22:35:19] push=  115739/s pop=  113375/s | tot push=4000182830 pop=4000069320 | errs p=0 c=172 empty=82
[22:35:29] push=  113540/s pop=  114707/s | tot push=4001318230 pop=4001216390 | errs p=0 c=172 empty=82
[22:35:39] push=  116969/s pop=  118939/s | tot push=4002487920 pop=4002405780 | errs p=0 c=172 empty=82
[22:35:49] push=  114996/s pop=  113044/s | tot push=4003637880 pop=4003536220 | errs p=0 c=172 empty=82
[22:35:59] push=  118575/s pop=  120146/s | tot push=4004823630 pop=4004737680 | errs p=0 c=172 empty=82
[22:36:09] push=  112691/s pop=  112714/s | tot push=4005950540 pop=4005864820 | errs p=0 c=172 empty=82
[22:36:19] push=  117834/s pop=  118561/s | tot push=4007128880 pop=4007050430 | errs p=0 c=172 empty=82
[22:36:29] push=  117820/s pop=  116125/s | tot push=4008307080 pop=4008211680 | errs p=0 c=172 empty=82
[22:36:39] push=  120238/s pop=  121041/s | tot push=4009509460 pop=4009422090 | errs p=0 c=172 empty=82
[22:36:49] push=  117814/s pop=  118118/s | tot push=4010687600 pop=4010603270 | errs p=0 c=172 empty=82
[22:36:59] push=  121809/s pop=  120249/s | tot push=4011905690 pop=4011805760 | errs p=0 c=172 empty=82
[22:37:09] push=  118979/s pop=  120718/s | tot push=4013095480 pop=4013012940 | errs p=0 c=172 empty=82
[22:37:19] push=  117948/s pop=  117089/s | tot push=4014274960 pop=4014183830 | errs p=0 c=172 empty=82
[22:37:29] push=  117939/s pop=  117915/s | tot push=4015454350 pop=4015362980 | errs p=0 c=172 empty=82
[22:37:39] push=  124906/s pop=  123454/s | tot push=4016703410 pop=4016597520 | errs p=0 c=172 empty=82
[22:37:49] push=  121353/s pop=  123766/s | tot push=4017916940 pop=4017835180 | errs p=0 c=172 empty=82
[22:37:59] push=  122120/s pop=  119579/s | tot push=4019138140 pop=4019030970 | errs p=0 c=172 empty=82
[22:38:09] push=  124038/s pop=  124847/s | tot push=4020378520 pop=4020279440 | errs p=0 c=172 empty=82
[22:38:19] push=  122505/s pop=  123929/s | tot push=4021603570 pop=4021518730 | errs p=0 c=172 empty=82
[22:38:29] push=  118128/s pop=  109915/s | tot push=4022784850 pop=4022617880 | errs p=0 c=172 empty=82
[22:38:39] push=  123394/s pop=  128833/s | tot push=4024018790 pop=4023906210 | errs p=0 c=172 empty=82
[22:38:49] push=  122974/s pop=  123630/s | tot push=4025248530 pop=4025142510 | errs p=0 c=172 empty=82
[22:38:59] push=  114808/s pop=  114486/s | tot push=4026396610 pop=4026287370 | errs p=0 c=172 empty=82
[22:39:09] push=  117594/s pop=  119646/s | tot push=4027572550 pop=4027483830 | errs p=0 c=172 empty=82
[22:39:19] push=  115677/s pop=  114661/s | tot push=4028729320 pop=4028630440 | errs p=0 c=172 empty=82
[22:39:29] push=  119444/s pop=  120394/s | tot push=4029923760 pop=4029834380 | errs p=0 c=172 empty=82
[22:39:39] push=  116459/s pop=  115960/s | tot push=4031088350 pop=4030993980 | errs p=0 c=172 empty=82
[22:39:49] push=  117436/s pop=  118529/s | tot push=4032262710 pop=4032179270 | errs p=0 c=172 empty=82
[22:39:59] push=  118094/s pop=  117782/s | tot push=4033443650 pop=4033357090 | errs p=0 c=172 empty=82
[22:40:09] push=  113133/s pop=  111650/s | tot push=4034574980 pop=4034473590 | errs p=0 c=172 empty=82
[22:40:19] push=  115863/s pop=  116876/s | tot push=4035733610 pop=4035642350 | errs p=0 c=172 empty=82
[22:40:29] push=  112973/s pop=  108244/s | tot push=4036863340 pop=4036724790 | errs p=0 c=172 empty=82
[22:40:39] push=  114801/s pop=  112407/s | tot push=4038011350 pop=4037848860 | errs p=0 c=172 empty=82
[22:40:49] push=  115396/s pop=  121660/s | tot push=4039165310 pop=4039065460 | errs p=0 c=172 empty=82
[22:40:59] push=  121036/s pop=  122186/s | tot push=4040375670 pop=4040287320 | errs p=0 c=172 empty=82
[22:41:09] push=  116427/s pop=  116980/s | tot push=4041539940 pop=4041457120 | errs p=0 c=172 empty=82
[22:41:19] push=  121554/s pop=  119737/s | tot push=4042755480 pop=4042654490 | errs p=0 c=172 empty=82
[22:41:29] push=  123771/s pop=  125308/s | tot push=4043993190 pop=4043907570 | errs p=0 c=172 empty=82
[22:41:39] push=  120889/s pop=  120752/s | tot push=4045202080 pop=4045115090 | errs p=0 c=172 empty=82
[22:41:49] push=  122222/s pop=  121342/s | tot push=4046424300 pop=4046328510 | errs p=0 c=172 empty=82
[22:41:59] push=  122371/s pop=  122167/s | tot push=4047648010 pop=4047550180 | errs p=0 c=172 empty=82
[22:42:09] push=  118964/s pop=  119799/s | tot push=4048837650 pop=4048748170 | errs p=0 c=172 empty=82
[22:42:19] push=  118588/s pop=  117842/s | tot push=4050023530 pop=4049926590 | errs p=0 c=172 empty=82
[22:42:29] push=  122126/s pop=  122848/s | tot push=4051244790 pop=4051155070 | errs p=0 c=172 empty=82
[22:42:39] push=  121192/s pop=  120530/s | tot push=4052456710 pop=4052360370 | errs p=0 c=172 empty=82
[22:42:49] push=  115455/s pop=  116264/s | tot push=4053611260 pop=4053523010 | errs p=0 c=172 empty=82
[22:42:59] push=  122579/s pop=  122919/s | tot push=4054837050 pop=4054752200 | errs p=0 c=172 empty=82
[22:43:09] push=  117190/s pop=  117245/s | tot push=4056008950 pop=4055924650 | errs p=0 c=172 empty=82
[22:43:19] push=  118668/s pop=  118753/s | tot push=4057195630 pop=4057112180 | errs p=0 c=172 empty=82
[22:43:29] push=  119637/s pop=  118294/s | tot push=4058392000 pop=4058295120 | errs p=0 c=172 empty=82
[22:43:39] push=  120158/s pop=  120135/s | tot push=4059593580 pop=4059496470 | errs p=0 c=172 empty=82
[22:43:49] push=  122710/s pop=  123314/s | tot push=4060820680 pop=4060729610 | errs p=0 c=172 empty=82
[22:43:59] push=  122233/s pop=  122406/s | tot push=4062043010 pop=4061953670 | errs p=0 c=172 empty=82
[22:44:09] push=  116961/s pop=  116367/s | tot push=4063212620 pop=4063117340 | errs p=0 c=172 empty=82
[22:44:19] push=  118695/s pop=  118480/s | tot push=4064399570 pop=4064302140 | errs p=0 c=172 empty=82
[22:44:29] push=  120743/s pop=  121677/s | tot push=4065607000 pop=4065518910 | errs p=0 c=172 empty=82
[22:44:39] push=  123705/s pop=  121882/s | tot push=4066844050 pop=4066737730 | errs p=0 c=172 empty=82
[22:44:49] push=  117285/s pop=  116399/s | tot push=4068016900 pop=4067901720 | errs p=0 c=172 empty=82
[22:44:59] push=  122925/s pop=  124466/s | tot push=4069246150 pop=4069146380 | errs p=0 c=172 empty=82
[22:45:09] push=  122587/s pop=  123279/s | tot push=4070472020 pop=4070379170 | errs p=0 c=172 empty=82
[22:45:19] push=  126469/s pop=  126348/s | tot push=4071736710 pop=4071642650 | errs p=0 c=172 empty=82
[22:45:29] push=  122057/s pop=  121969/s | tot push=4072957280 pop=4072862340 | errs p=0 c=172 empty=82
[22:45:39] push=  118129/s pop=  119264/s | tot push=4074138570 pop=4074054980 | errs p=0 c=172 empty=82
[22:45:49] push=  113289/s pop=  112909/s | tot push=4075271460 pop=4075184070 | errs p=0 c=172 empty=82
[22:45:59] push=  115481/s pop=  115388/s | tot push=4076426270 pop=4076337950 | errs p=0 c=172 empty=82
[22:46:09] push=  119255/s pop=  116661/s | tot push=4077618820 pop=4077504560 | errs p=0 c=172 empty=82
[22:46:19] push=  114148/s pop=  116118/s | tot push=4078760300 pop=4078665740 | errs p=0 c=172 empty=82
[22:46:29] push=  116844/s pop=  116718/s | tot push=4079928740 pop=4079832920 | errs p=0 c=172 empty=82
[22:46:39] push=  113163/s pop=  112140/s | tot push=4081060370 pop=4080954320 | errs p=0 c=172 empty=82
[22:46:49] push=  117484/s pop=  115765/s | tot push=4082235210 pop=4082111970 | errs p=0 c=172 empty=82
[22:46:59] push=  111442/s pop=  115240/s | tot push=4083349630 pop=4083264370 | errs p=0 c=172 empty=82
[22:47:09] push=  119487/s pop=  118891/s | tot push=4084544500 pop=4084453280 | errs p=0 c=172 empty=82
[22:47:19] push=  117332/s pop=  117586/s | tot push=4085717820 pop=4085629140 | errs p=0 c=172 empty=82
[22:47:29] push=  122388/s pop=  121581/s | tot push=4086941700 pop=4086844950 | errs p=0 c=172 empty=82
[22:47:39] push=  117057/s pop=  118605/s | tot push=4088112270 pop=4088031000 | errs p=0 c=172 empty=82
[22:47:49] push=  118635/s pop=  118003/s | tot push=4089298620 pop=4089211030 | errs p=0 c=172 empty=82
[22:47:59] push=  118418/s pop=  117547/s | tot push=4090482800 pop=4090386500 | errs p=0 c=172 empty=82
[22:48:09] push=  118692/s pop=  119340/s | tot push=4091669720 pop=4091579900 | errs p=0 c=172 empty=82
[22:48:19] push=  119131/s pop=  120252/s | tot push=4092861030 pop=4092782420 | errs p=0 c=172 empty=82
[22:48:29] push=  117950/s pop=  116001/s | tot push=4094040530 pop=4093942430 | errs p=0 c=172 empty=82
[22:48:39] push=  114672/s pop=  115781/s | tot push=4095187250 pop=4095100240 | errs p=0 c=172 empty=82
[22:48:49] push=  117109/s pop=  115812/s | tot push=4096358340 pop=4096258360 | errs p=0 c=172 empty=82
[22:48:59] push=  113947/s pop=  114808/s | tot push=4097497810 pop=4097406440 | errs p=0 c=172 empty=82
[22:49:09] push=  120966/s pop=  120392/s | tot push=4098707470 pop=4098610360 | errs p=0 c=172 empty=82
[22:49:19] push=  120095/s pop=  120909/s | tot push=4099908420 pop=4099819450 | errs p=0 c=172 empty=82
[22:49:29] push=  119307/s pop=  116888/s | tot push=4101101490 pop=4100988330 | errs p=0 c=172 empty=82
[22:49:39] push=  117145/s pop=  119267/s | tot push=4102272940 pop=4102181000 | errs p=0 c=172 empty=82
[22:49:49] push=  118174/s pop=  118142/s | tot push=4103454680 pop=4103362420 | errs p=0 c=172 empty=82
[22:49:59] push=  118307/s pop=  118898/s | tot push=4104637750 pop=4104551400 | errs p=0 c=172 empty=82
[22:50:09] push=  121913/s pop=  120394/s | tot push=4105856880 pop=4105755340 | errs p=0 c=172 empty=82
[22:50:19] push=  119559/s pop=  118635/s | tot push=4107052470 pop=4106941690 | errs p=0 c=172 empty=82
[22:50:29] push=  116253/s pop=  115587/s | tot push=4108215000 pop=4108097560 | errs p=0 c=172 empty=82
[22:50:39] push=  118428/s pop=  120526/s | tot push=4109399280 pop=4109302820 | errs p=0 c=172 empty=82
[22:50:49] push=  121531/s pop=  120193/s | tot push=4110614590 pop=4110504750 | errs p=0 c=172 empty=82
[22:50:59] push=  118112/s pop=  120806/s | tot push=4111795710 pop=4111712810 | errs p=0 c=172 empty=82
[22:51:09] push=  121604/s pop=  119979/s | tot push=4113011750 pop=4112912600 | errs p=0 c=172 empty=82
[22:51:19] push=  115641/s pop=  114852/s | tot push=4114168160 pop=4114061120 | errs p=0 c=172 empty=82
[22:51:29] push=  115538/s pop=  117334/s | tot push=4115323540 pop=4115234460 | errs p=0 c=172 empty=82
[22:51:39] push=  116205/s pop=  112799/s | tot push=4116485590 pop=4116362450 | errs p=0 c=172 empty=82
[22:51:49] push=  122953/s pop=  125531/s | tot push=4117715120 pop=4117617760 | errs p=0 c=172 empty=82
[22:51:59] push=  120128/s pop=  121511/s | tot push=4118916400 pop=4118832870 | errs p=0 c=172 empty=82
[22:52:09] push=  121865/s pop=  121992/s | tot push=4120135050 pop=4120052790 | errs p=0 c=172 empty=82
[22:52:19] push=  115545/s pop=  115573/s | tot push=4121290500 pop=4121208520 | errs p=0 c=172 empty=82
[22:52:29] push=  115578/s pop=  112904/s | tot push=4122446280 pop=4122337560 | errs p=0 c=172 empty=82
[22:52:39] push=  119367/s pop=  120954/s | tot push=4123639950 pop=4123547100 | errs p=0 c=172 empty=82
[22:52:49] push=  112808/s pop=  111751/s | tot push=4124768030 pop=4124664610 | errs p=0 c=172 empty=82
[22:52:59] push=  110301/s pop=  109684/s | tot push=4125871040 pop=4125761450 | errs p=0 c=172 empty=82
[22:53:09] push=  109945/s pop=  112481/s | tot push=4126970490 pop=4126886260 | errs p=0 c=172 empty=82
[22:53:19] push=  119311/s pop=  117682/s | tot push=4128163600 pop=4128063080 | errs p=0 c=172 empty=82
[22:53:29] push=  118496/s pop=  118407/s | tot push=4129348560 pop=4129247150 | errs p=0 c=172 empty=82
[22:53:39] push=  123444/s pop=  125119/s | tot push=4130583000 pop=4130498340 | errs p=0 c=172 empty=82
[22:53:49] push=  119925/s pop=  120058/s | tot push=4131782250 pop=4131698920 | errs p=0 c=172 empty=82
[22:53:59] push=  122359/s pop=  121638/s | tot push=4133005840 pop=4132915300 | errs p=0 c=172 empty=82
[22:54:09] push=  118141/s pop=  119278/s | tot push=4134187250 pop=4134108080 | errs p=0 c=172 empty=82
[22:54:19] push=  125443/s pop=  124618/s | tot push=4135441680 pop=4135354260 | errs p=0 c=172 empty=82
[22:54:29] push=  124707/s pop=  123571/s | tot push=4136688750 pop=4136589970 | errs p=0 c=172 empty=82
[22:54:39] push=  126101/s pop=  127380/s | tot push=4137949760 pop=4137863770 | errs p=0 c=172 empty=82
[22:54:49] push=  120332/s pop=  120759/s | tot push=4139153080 pop=4139071360 | errs p=0 c=172 empty=82
[22:54:59] push=  122373/s pop=  121105/s | tot push=4140376810 pop=4140282410 | errs p=0 c=172 empty=82
[22:55:09] push=  124419/s pop=  124131/s | tot push=4141621000 pop=4141523720 | errs p=0 c=172 empty=82
[22:55:19] push=  125628/s pop=  127156/s | tot push=4142877280 pop=4142795280 | errs p=0 c=172 empty=82
[22:55:29] push=  121506/s pop=  120620/s | tot push=4144092340 pop=4144001480 | errs p=0 c=172 empty=82
[22:55:39] push=  127058/s pop=  123382/s | tot push=4145362920 pop=4145235300 | errs p=0 c=172 empty=82
[22:55:49] push=  121960/s pop=  126594/s | tot push=4146582520 pop=4146501240 | errs p=0 c=172 empty=82
[22:55:59] push=  124482/s pop=  123406/s | tot push=4147827340 pop=4147735300 | errs p=0 c=172 empty=82
[22:56:09] push=  123011/s pop=  122871/s | tot push=4149057450 pop=4148964010 | errs p=0 c=172 empty=82
[22:56:19] push=  127071/s pop=  126368/s | tot push=4150328160 pop=4150227690 | errs p=0 c=172 empty=82
[22:56:29] push=  119057/s pop=  118918/s | tot push=4151518730 pop=4151416870 | errs p=0 c=172 empty=82
[22:56:39] push=  125459/s pop=  125296/s | tot push=4152773320 pop=4152669830 | errs p=0 c=172 empty=82
[22:56:49] push=  124425/s pop=  125972/s | tot push=4154017570 pop=4153929550 | errs p=0 c=172 empty=82
[22:56:59] push=  123382/s pop=  121371/s | tot push=4155251390 pop=4155143260 | errs p=0 c=172 empty=82
[22:57:09] push=  120796/s pop=  120257/s | tot push=4156459350 pop=4156345830 | errs p=0 c=172 empty=82
[22:57:19] push=  125915/s pop=  127781/s | tot push=4157718500 pop=4157623640 | errs p=0 c=172 empty=82
[22:57:29] push=  122183/s pop=  123252/s | tot push=4158940330 pop=4158856160 | errs p=0 c=172 empty=82
[22:57:39] push=  125567/s pop=  123045/s | tot push=4160196000 pop=4160086610 | errs p=0 c=172 empty=82
[22:57:49] push=  126073/s pop=  128024/s | tot push=4161456730 pop=4161366850 | errs p=0 c=172 empty=82
[22:57:59] push=  121424/s pop=  118873/s | tot push=4162670970 pop=4162555580 | errs p=0 c=172 empty=82
[22:58:09] push=  121167/s pop=  122185/s | tot push=4163882640 pop=4163777430 | errs p=0 c=172 empty=82
[22:58:19] push=  130171/s pop=  131851/s | tot push=4165184350 pop=4165095940 | errs p=0 c=172 empty=82
[22:58:29] push=  122105/s pop=  121668/s | tot push=4166405400 pop=4166312620 | errs p=0 c=172 empty=82
[22:58:39] push=  122088/s pop=  120015/s | tot push=4167626280 pop=4167512770 | errs p=0 c=172 empty=82
[22:58:49] push=  118850/s pop=  120437/s | tot push=4168814780 pop=4168717140 | errs p=0 c=172 empty=82
[22:58:59] push=  116474/s pop=  115668/s | tot push=4169979520 pop=4169873820 | errs p=0 c=172 empty=82
[22:59:09] push=  120233/s pop=  120887/s | tot push=4171181850 pop=4171082690 | errs p=0 c=172 empty=82
[22:59:19] push=  115774/s pop=  114046/s | tot push=4172339590 pop=4172223150 | errs p=0 c=172 empty=82
[22:59:29] push=  115173/s pop=  103060/s | tot push=4173491320 pop=4173253750 | errs p=0 c=172 empty=82
[22:59:39] push=  114731/s pop=  127279/s | tot push=4174638630 pop=4174526540 | errs p=0 c=172 empty=82
[22:59:49] push=  116397/s pop=  117436/s | tot push=4175802600 pop=4175700900 | errs p=0 c=172 empty=82
[22:59:59] push=  118883/s pop=  120159/s | tot push=4176991430 pop=4176902490 | errs p=0 c=172 empty=82
[23:00:09] push=  117313/s pop=  115233/s | tot push=4178164560 pop=4178054820 | errs p=0 c=172 empty=82
[23:00:19] push=  121767/s pop=  123252/s | tot push=4179382230 pop=4179287340 | errs p=0 c=172 empty=82
[23:00:29] push=  122246/s pop=  123860/s | tot push=4180604690 pop=4180525940 | errs p=0 c=172 empty=82
[23:00:39] push=  120902/s pop=  118995/s | tot push=4181813710 pop=4181715890 | errs p=0 c=172 empty=82
[23:00:49] push=  122125/s pop=  121932/s | tot push=4183034960 pop=4182935210 | errs p=0 c=172 empty=82
[23:00:59] push=  128552/s pop=  130221/s | tot push=4184320480 pop=4184237420 | errs p=0 c=172 empty=82
[23:01:09] push=  120997/s pop=  121128/s | tot push=4185530450 pop=4185448700 | errs p=0 c=172 empty=82
[23:01:19] push=  125063/s pop=  124815/s | tot push=4186781080 pop=4186696850 | errs p=0 c=172 empty=82
[23:01:29] push=  118698/s pop=  112660/s | tot push=4187968060 pop=4187823450 | errs p=0 c=172 empty=82
[23:01:39] push=  123768/s pop=  128661/s | tot push=4189205740 pop=4189110060 | errs p=0 c=172 empty=82
[23:01:49] push=  127226/s pop=  126250/s | tot push=4190478000 pop=4190372560 | errs p=0 c=172 empty=82
[23:01:59] push=  127907/s pop=  129929/s | tot push=4191757070 pop=4191671850 | errs p=0 c=172 empty=82
[23:02:09] push=  120414/s pop=  119229/s | tot push=4192961210 pop=4192864140 | errs p=0 c=172 empty=82
[23:02:19] push=  126278/s pop=  125782/s | tot push=4194223990 pop=4194121960 | errs p=0 c=172 empty=82
[23:02:29] push=  122812/s pop=  124175/s | tot push=4195452110 pop=4195363710 | errs p=0 c=172 empty=82
[23:02:39] push=  125644/s pop=  124162/s | tot push=4196708550 pop=4196605330 | errs p=0 c=172 empty=82
[23:02:49] push=  119795/s pop=  121683/s | tot push=4197906500 pop=4197822160 | errs p=0 c=172 empty=82
[23:02:59] push=  122681/s pop=  121608/s | tot push=4199133310 pop=4199038240 | errs p=0 c=172 empty=82
[23:03:09] push=  124557/s pop=  124856/s | tot push=4200378880 pop=4200286800 | errs p=0 c=172 empty=82
[23:03:19] push=  129249/s pop=  130377/s | tot push=4201671370 pop=4201590570 | errs p=0 c=172 empty=82
[23:03:29] push=  123038/s pop=  122432/s | tot push=4202901750 pop=4202814890 | errs p=0 c=172 empty=82
[23:03:39] push=  121414/s pop=  120469/s | tot push=4204115890 pop=4204019580 | errs p=0 c=172 empty=82
[23:03:49] push=  126316/s pop=  127708/s | tot push=4205379050 pop=4205296660 | errs p=0 c=172 empty=82
[23:03:59] push=  124997/s pop=  125046/s | tot push=4206629020 pop=4206547120 | errs p=0 c=172 empty=82
[23:04:09] push=  124789/s pop=  122676/s | tot push=4207876910 pop=4207773880 | errs p=0 c=172 empty=82
[23:04:19] push=  125712/s pop=  126667/s | tot push=4209134030 pop=4209040550 | errs p=0 c=172 empty=82
[23:04:29] push=  124024/s pop=  123328/s | tot push=4210374270 pop=4210273830 | errs p=0 c=172 empty=82
[23:04:39] push=  128257/s pop=  130541/s | tot push=4211656840 pop=4211579240 | errs p=0 c=172 empty=82
[23:04:49] push=  123305/s pop=  121398/s | tot push=4212889890 pop=4212793220 | errs p=0 c=172 empty=82
[23:04:59] push=  127712/s pop=  127892/s | tot push=4214167010 pop=4214072140 | errs p=0 c=172 empty=82
[23:05:09] push=  119487/s pop=  120266/s | tot push=4215361880 pop=4215274800 | errs p=0 c=172 empty=82
[23:05:19] push=  114195/s pop=  112990/s | tot push=4216503830 pop=4216404700 | errs p=0 c=172 empty=82
[23:05:29] push=  116413/s pop=  117528/s | tot push=4217667960 pop=4217579980 | errs p=0 c=172 empty=82
[23:05:39] push=  117944/s pop=  117410/s | tot push=4218847400 pop=4218754080 | errs p=0 c=172 empty=82
[23:05:49] push=  113256/s pop=  114562/s | tot push=4219979960 pop=4219899700 | errs p=0 c=172 empty=82
[23:05:59] push=  119388/s pop=  119750/s | tot push=4221173840 pop=4221097200 | errs p=0 c=172 empty=82
[23:06:09] push=  117284/s pop=  116180/s | tot push=4222346680 pop=4222259000 | errs p=0 c=172 empty=82
[23:06:19] push=  119120/s pop=  118303/s | tot push=4223537880 pop=4223442030 | errs p=0 c=172 empty=82
[23:06:29] push=  120038/s pop=  120622/s | tot push=4224738260 pop=4224648250 | errs p=0 c=172 empty=82
[23:06:39] push=  116912/s pop=  114968/s | tot push=4225907380 pop=4225797930 | errs p=0 c=172 empty=82
[23:06:49] push=  120612/s pop=  120624/s | tot push=4227113500 pop=4227004170 | errs p=0 c=172 empty=82
[23:06:59] push=  122314/s pop=  123405/s | tot push=4228336640 pop=4228238220 | errs p=0 c=172 empty=82
[23:07:09] push=  120608/s pop=  120338/s | tot push=4229542720 pop=4229441600 | errs p=0 c=172 empty=82
[23:07:19] push=  116094/s pop=  116669/s | tot push=4230703660 pop=4230608290 | errs p=0 c=172 empty=82
[23:07:29] push=  120376/s pop=  120133/s | tot push=4231907420 pop=4231809620 | errs p=0 c=172 empty=82
[23:07:39] push=  121743/s pop=  122512/s | tot push=4233124850 pop=4233034740 | errs p=0 c=172 empty=82
[23:07:49] push=  121369/s pop=  119723/s | tot push=4234338540 pop=4234231970 | errs p=0 c=172 empty=84
[23:07:59] push=  117493/s pop=  119215/s | tot push=4235513470 pop=4235424120 | errs p=0 c=172 empty=84
[23:08:09] push=  129552/s pop=  129917/s | tot push=4236808990 pop=4236723290 | errs p=0 c=172 empty=84
[23:08:19] push=  123646/s pop=  121724/s | tot push=4238045450 pop=4237940530 | errs p=0 c=172 empty=84
[23:08:29] push=  125264/s pop=  126252/s | tot push=4239298090 pop=4239203050 | errs p=0 c=172 empty=84
[23:08:39] push=  127012/s pop=  127823/s | tot push=4240568210 pop=4240481280 | errs p=0 c=172 empty=84
[23:08:49] push=  126983/s pop=  126691/s | tot push=4241838040 pop=4241748190 | errs p=0 c=172 empty=84
[23:08:59] push=  124073/s pop=  123237/s | tot push=4243078770 pop=4242980560 | errs p=0 c=172 empty=84
[23:09:09] push=  128511/s pop=  130380/s | tot push=4244363880 pop=4244284360 | errs p=0 c=172 empty=84
[23:09:19] push=  121621/s pop=  119341/s | tot push=4245580090 pop=4245477770 | errs p=0 c=172 empty=84
[23:09:29] push=  122320/s pop=  121100/s | tot push=4246803290 pop=4246688770 | errs p=0 c=172 empty=84
[23:09:39] push=  121591/s pop=  123801/s | tot push=4248019200 pop=4247926780 | errs p=0 c=172 empty=84
[23:09:49] push=  129131/s pop=  129860/s | tot push=4249310510 pop=4249225380 | errs p=0 c=172 empty=84
[23:09:59] push=  117305/s pop=  108568/s | tot push=4250483560 pop=4250311060 | errs p=0 c=172 empty=84
[23:10:09] push=  123095/s pop=  131734/s | tot push=4251714510 pop=4251628400 | errs p=0 c=172 empty=84
[23:10:19] push=  127419/s pop=  127516/s | tot push=4252988700 pop=4252903560 | errs p=0 c=172 empty=84
[23:10:29] push=  125945/s pop=  126501/s | tot push=4254248150 pop=4254168570 | errs p=0 c=172 empty=84
[23:10:39] push=  120453/s pop=  119684/s | tot push=4255452680 pop=4255365410 | errs p=0 c=172 empty=84
[23:10:49] push=  126617/s pop=  125415/s | tot push=4256718850 pop=4256619560 | errs p=0 c=172 empty=84
[23:10:59] push=  123649/s pop=  126119/s | tot push=4257955340 pop=4257880750 | errs p=0 c=172 empty=84
[23:11:09] push=  121603/s pop=  115337/s | tot push=4259171370 pop=4259034120 | errs p=0 c=172 empty=84
[23:11:19] push=  121048/s pop=  123630/s | tot push=4260381850 pop=4260270420 | errs p=0 c=172 empty=84
[23:11:29] push=  127356/s pop=  130440/s | tot push=4261655410 pop=4261574820 | errs p=0 c=172 empty=84
[23:11:39] push=  116730/s pop=  116676/s | tot push=4262822710 pop=4262741580 | errs p=0 c=172 empty=84
[23:11:49] push=  117202/s pop=  116255/s | tot push=4263994730 pop=4263904130 | errs p=0 c=172 empty=84
[23:11:59] push=  121513/s pop=  122067/s | tot push=4265209860 pop=4265124800 | errs p=0 c=172 empty=84
[23:12:09] push=  109276/s pop=   96219/s | tot push=4266302620 pop=4266086990 | errs p=0 c=172 empty=84
[23:12:19] push=  115328/s pop=  124458/s | tot push=4267455900 pop=4267331570 | errs p=0 c=172 empty=84
[23:12:29] push=  116199/s pop=  115816/s | tot push=4268617890 pop=4268489730 | errs p=0 c=172 empty=84
[23:12:39] push=  121463/s pop=  126059/s | tot push=4269832520 pop=4269750320 | errs p=0 c=172 empty=84
[23:12:49] push=  117421/s pop=  115934/s | tot push=4271006730 pop=4270909660 | errs p=0 c=172 empty=84
[23:12:59] push=  121001/s pop=  119760/s | tot push=4272216740 pop=4272107260 | errs p=0 c=172 empty=84
[23:13:09] push=  120560/s pop=  122785/s | tot push=4273422340 pop=4273335110 | errs p=0 c=172 empty=84
[23:13:19] push=  121767/s pop=  122661/s | tot push=4274640010 pop=4274561720 | errs p=0 c=172 empty=84
[23:13:29] push=  120094/s pop=  117131/s | tot push=4275840950 pop=4275733030 | errs p=0 c=172 empty=84
[23:13:39] push=  125071/s pop=  125898/s | tot push=4277091660 pop=4276992010 | errs p=0 c=172 empty=84
[23:13:49] push=  121365/s pop=  122674/s | tot push=4278305310 pop=4278218750 | errs p=0 c=172 empty=84
[23:13:59] push=  120654/s pop=  118351/s | tot push=4279511850 pop=4279402260 | errs p=0 c=172 empty=84
[23:14:09] push=  121610/s pop=  124140/s | tot push=4280727950 pop=4280643660 | errs p=0 c=172 empty=84
[23:14:19] push=  123593/s pop=  122780/s | tot push=4281963880 pop=4281871460 | errs p=0 c=172 empty=84
[23:14:29] push=  119885/s pop=  116563/s | tot push=4283162730 pop=4283037090 | errs p=0 c=172 empty=84
[23:14:39] push=  121308/s pop=  124477/s | tot push=4284375810 pop=4284281860 | errs p=0 c=172 empty=84
[23:14:49] push=  121853/s pop=  123348/s | tot push=4285594340 pop=4285515340 | errs p=0 c=172 empty=84
[23:14:59] push=  124019/s pop=  122535/s | tot push=4286834530 pop=4286740690 | errs p=0 c=172 empty=84
[23:15:09] push=  120359/s pop=  121114/s | tot push=4288038120 pop=4287951830 | errs p=0 c=172 empty=84
[23:15:19] push=  125859/s pop=  125783/s | tot push=4289296710 pop=4289209660 | errs p=0 c=172 empty=84
[23:15:29] push=  119589/s pop=  118199/s | tot push=4290492600 pop=4290391650 | errs p=0 c=172 empty=84
[23:15:39] push=  123815/s pop=  124774/s | tot push=4291730750 pop=4291639390 | errs p=0 c=172 empty=84
[23:15:49] push=  125859/s pop=  125793/s | tot push=4292989340 pop=4292897320 | errs p=0 c=172 empty=84
[23:15:59] push=  124502/s pop=  125583/s | tot push=4294234360 pop=4294153150 | errs p=0 c=172 empty=84
[23:16:09] push=  120962/s pop=  119771/s | tot push=4295443980 pop=4295350860 | errs p=0 c=172 empty=84
[23:16:19] push=  124855/s pop=  123016/s | tot push=4296692530 pop=4296581020 | errs p=0 c=172 empty=84
[23:16:29] push=  118383/s pop=  119897/s | tot push=4297876360 pop=4297779990 | errs p=0 c=172 empty=84
[23:16:39] push=  126775/s pop=  127522/s | tot push=4299144110 pop=4299055210 | errs p=0 c=172 empty=84
[23:16:49] push=  123356/s pop=  123236/s | tot push=4300377670 pop=4300287570 | errs p=0 c=172 empty=84
[23:16:59] push=  128456/s pop=  128592/s | tot push=4301662230 pop=4301573490 | errs p=0 c=172 empty=84
[23:17:09] push=  122048/s pop=  122688/s | tot push=4302882710 pop=4302800370 | errs p=0 c=172 empty=84
[23:17:19] push=  125257/s pop=  124137/s | tot push=4304135280 pop=4304041740 | errs p=0 c=172 empty=84
[23:17:29] push=  125253/s pop=  124615/s | tot push=4305387810 pop=4305287890 | errs p=0 c=172 empty=84
[23:17:39] push=  129065/s pop=  129399/s | tot push=4306678460 pop=4306581880 | errs p=0 c=172 empty=84
[23:17:49] push=  122112/s pop=  122167/s | tot push=4307899580 pop=4307803550 | errs p=0 c=172 empty=84
[23:17:59] push=  124730/s pop=  122421/s | tot push=4309146880 pop=4309027760 | errs p=0 c=172 empty=84
[23:18:09] push=  116252/s pop=  114045/s | tot push=4310309400 pop=4310168210 | errs p=0 c=172 empty=84
[23:18:19] push=  114005/s pop=  119005/s | tot push=4311449450 pop=4311358260 | errs p=0 c=172 empty=84
[23:18:29] push=  117020/s pop=  108543/s | tot push=4312619650 pop=4312443690 | errs p=0 c=172 empty=84
[23:18:39] push=  118277/s pop=  107599/s | tot push=4313802420 pop=4313519680 | errs p=0 c=172 empty=84
[23:18:49] push=  113843/s pop=  126127/s | tot push=4314940850 pop=4314780950 | errs p=0 c=172 empty=84
[23:18:59] push=  116483/s pop=  120823/s | tot push=4316105680 pop=4315989180 | errs p=0 c=172 empty=84
[23:19:09] push=  120663/s pop=  123986/s | tot push=4317312310 pop=4317229040 | errs p=0 c=172 empty=84
[23:19:19] push=  114711/s pop=  113635/s | tot push=4318459420 pop=4318365390 | errs p=0 c=172 empty=84
[23:19:29] push=  119418/s pop=  119591/s | tot push=4319653600 pop=4319561300 | errs p=0 c=172 empty=84
[23:19:39] push=  119523/s pop=  120588/s | tot push=4320848830 pop=4320767180 | errs p=0 c=172 empty=84
[23:19:49] push=  121685/s pop=  120440/s | tot push=4322065680 pop=4321971580 | errs p=0 c=172 empty=84
[23:19:59] push=  117007/s pop=  115990/s | tot push=4323235750 pop=4323131480 | errs p=0 c=172 empty=84
[23:20:09] push=  122259/s pop=  122932/s | tot push=4324458340 pop=4324360800 | errs p=0 c=172 empty=84
[23:20:19] push=  123533/s pop=  125134/s | tot push=4325693670 pop=4325612140 | errs p=0 c=172 empty=84
[23:20:29] push=  119567/s pop=  118484/s | tot push=4326889340 pop=4326796980 | errs p=0 c=172 empty=84
[23:20:39] push=  111914/s pop=  103720/s | tot push=4328008480 pop=4327834180 | errs p=0 c=172 empty=84
[23:20:49] push=  124652/s pop=  132003/s | tot push=4329255000 pop=4329154210 | errs p=0 c=172 empty=84
[23:20:59] push=  121522/s pop=  123196/s | tot push=4330470220 pop=4330386170 | errs p=0 c=172 empty=84
[23:21:09] push=  123240/s pop=  120174/s | tot push=4331702620 pop=4331587910 | errs p=0 c=172 empty=84
[23:21:19] push=  123269/s pop=  125931/s | tot push=4332935310 pop=4332847220 | errs p=0 c=172 empty=84
[23:21:29] push=  124673/s pop=  124669/s | tot push=4334182040 pop=4334093910 | errs p=0 c=172 empty=84
[23:21:39] push=  120059/s pop=  118057/s | tot push=4335382630 pop=4335274480 | errs p=0 c=172 empty=84
[23:21:49] push=  125846/s pop=  127340/s | tot push=4336641090 pop=4336547880 | errs p=0 c=172 empty=84
[23:21:59] push=  121737/s pop=  122685/s | tot push=4337858460 pop=4337774730 | errs p=0 c=172 empty=84
[23:22:09] push=  122559/s pop=  122828/s | tot push=4339084050 pop=4339003010 | errs p=0 c=172 empty=84
[23:22:19] push=  119469/s pop=  118400/s | tot push=4340278740 pop=4340187010 | errs p=0 c=172 empty=84
[23:22:29] push=  127267/s pop=  126527/s | tot push=4341551410 pop=4341452280 | errs p=0 c=172 empty=84
[23:22:39] push=  120916/s pop=  121543/s | tot push=4342760570 pop=4342667710 | errs p=0 c=172 empty=84
[23:22:49] push=  119943/s pop=  118098/s | tot push=4343960000 pop=4343848690 | errs p=0 c=172 empty=84
[23:22:59] push=  122597/s pop=  124634/s | tot push=4345185970 pop=4345095030 | errs p=0 c=172 empty=84
[23:23:09] push=  120126/s pop=  117933/s | tot push=4346387230 pop=4346274360 | errs p=0 c=172 empty=84
[23:23:19] push=  120622/s pop=  122806/s | tot push=4347593450 pop=4347502420 | errs p=0 c=172 empty=84
[23:23:29] push=  126727/s pop=  125970/s | tot push=4348860720 pop=4348762120 | errs p=0 c=172 empty=84
[23:23:39] push=  122995/s pop=  125136/s | tot push=4350090670 pop=4350013480 | errs p=0 c=172 empty=84
[23:23:49] push=  124730/s pop=  121748/s | tot push=4351337970 pop=4351230960 | errs p=0 c=172 empty=84
[23:23:59] push=  125650/s pop=  127834/s | tot push=4352594470 pop=4352509300 | errs p=0 c=172 empty=84
[23:24:09] push=  125983/s pop=  126057/s | tot push=4353854300 pop=4353769870 | errs p=0 c=172 empty=84
[23:24:19] push=  121245/s pop=  119442/s | tot push=4355066750 pop=4354964290 | errs p=0 c=172 empty=84
[23:24:29] push=  125041/s pop=  124425/s | tot push=4356317160 pop=4356208540 | errs p=0 c=172 empty=84
[23:24:39] push=  115119/s pop=  116984/s | tot push=4357468350 pop=4357378380 | errs p=0 c=172 empty=84
[23:24:49] push=  112837/s pop=  111082/s | tot push=4358596720 pop=4358489200 | errs p=0 c=172 empty=84
[23:24:59] push=  114558/s pop=  113768/s | tot push=4359742300 pop=4359626880 | errs p=0 c=172 empty=84
[23:25:09] push=  115824/s pop=  117368/s | tot push=4360900540 pop=4360800560 | errs p=0 c=172 empty=84
[23:25:19] push=  114014/s pop=  114960/s | tot push=4362040680 pop=4361950160 | errs p=0 c=172 empty=84
[23:25:29] push=  114176/s pop=  113339/s | tot push=4363182440 pop=4363083550 | errs p=0 c=172 empty=84
[23:25:39] push=  122536/s pop=  123726/s | tot push=4364407800 pop=4364320810 | errs p=0 c=172 empty=84
[23:25:49] push=  116071/s pop=  114597/s | tot push=4365568510 pop=4365466780 | errs p=0 c=172 empty=84
[23:25:59] push=  117198/s pop=  118825/s | tot push=4366740490 pop=4366655030 | errs p=0 c=172 empty=84
[23:26:09] push=  117935/s pop=  116325/s | tot push=4367919840 pop=4367818280 | errs p=0 c=172 empty=84
[23:26:19] push=  117850/s pop=  118760/s | tot push=4369098340 pop=4369005880 | errs p=0 c=172 empty=84
[23:26:29] push=  120178/s pop=  119559/s | tot push=4370300120 pop=4370201470 | errs p=0 c=172 empty=84
[23:26:39] push=  124946/s pop=  124956/s | tot push=4371549580 pop=4371451030 | errs p=0 c=172 empty=84
[23:26:49] push=  123077/s pop=  123943/s | tot push=4372780350 pop=4372690460 | errs p=0 c=172 empty=84
[23:26:59] push=  120502/s pop=  119041/s | tot push=4373985370 pop=4373880870 | errs p=0 c=172 empty=84
[23:27:09] push=  120676/s pop=  121210/s | tot push=4375192130 pop=4375092970 | errs p=0 c=172 empty=84
[23:27:19] push=  125454/s pop=  126298/s | tot push=4376446670 pop=4376355950 | errs p=0 c=172 empty=84
[23:27:29] push=  123405/s pop=  123912/s | tot push=4377680720 pop=4377595070 | errs p=0 c=172 empty=84
[23:27:39] push=  125212/s pop=  124433/s | tot push=4378932840 pop=4378839400 | errs p=0 c=172 empty=84
[23:27:49] push=  124848/s pop=  126195/s | tot push=4380181320 pop=4380101350 | errs p=0 c=172 empty=84
[23:27:59] push=  125613/s pop=  124003/s | tot push=4381437450 pop=4381341380 | errs p=0 c=172 empty=84
[23:28:09] push=  123355/s pop=  124772/s | tot push=4382671000 pop=4382589100 | errs p=0 c=172 empty=84
[23:28:19] push=  130202/s pop=  130174/s | tot push=4383973020 pop=4383890840 | errs p=0 c=172 empty=84
[23:28:29] push=  122963/s pop=  122497/s | tot push=4385202650 pop=4385115810 | errs p=0 c=172 empty=84
[23:28:39] push=  124701/s pop=  122294/s | tot push=4386449660 pop=4386338750 | errs p=0 c=172 empty=84
[23:28:49] push=  125299/s pop=  126328/s | tot push=4387702650 pop=4387602030 | errs p=0 c=172 empty=84
[23:28:59] push=  126377/s pop=  127279/s | tot push=4388966420 pop=4388874820 | errs p=0 c=172 empty=84
[23:29:09] push=  118335/s pop=  118335/s | tot push=4390149770 pop=4390058170 | errs p=0 c=172 empty=84
[23:29:19] push=  127732/s pop=  127648/s | tot push=4391427090 pop=4391334650 | errs p=0 c=172 empty=84
[23:29:29] push=  127862/s pop=  126193/s | tot push=4392705710 pop=4392596580 | errs p=0 c=172 empty=84
[23:29:39] push=  124375/s pop=  126880/s | tot push=4393949460 pop=4393865380 | errs p=0 c=172 empty=84
[23:29:49] push=  122300/s pop=  121272/s | tot push=4395172460 pop=4395078100 | errs p=0 c=172 empty=84
[23:29:59] push=  125222/s pop=  125564/s | tot push=4396424680 pop=4396333740 | errs p=0 c=172 empty=84
[23:30:09] push=  121066/s pop=  121297/s | tot push=4397635340 pop=4397546710 | errs p=0 c=172 empty=84
[23:30:19] push=  125772/s pop=  124296/s | tot push=4398893060 pop=4398789670 | errs p=0 c=172 empty=84
[23:30:29] push=  126033/s pop=  128187/s | tot push=4400153390 pop=4400071540 | errs p=0 c=172 empty=84
[23:30:39] push=  124449/s pop=  124070/s | tot push=4401397880 pop=4401312240 | errs p=0 c=172 empty=84
[23:30:49] push=  119859/s pop=  119081/s | tot push=4402596470 pop=4402503050 | errs p=0 c=172 empty=84
[23:30:59] push=  119537/s pop=  120747/s | tot push=4403791840 pop=4403710520 | errs p=0 c=172 empty=84
[23:31:09] push=  117130/s pop=  116589/s | tot push=4404963140 pop=4404876410 | errs p=0 c=172 empty=84
[23:31:19] push=  111415/s pop=  111487/s | tot push=4406077290 pop=4405991280 | errs p=0 c=172 empty=84
[23:31:29] push=  121339/s pop=  119846/s | tot push=4407290680 pop=4407189740 | errs p=0 c=172 empty=84
[23:31:39] push=  113920/s pop=  114957/s | tot push=4408429880 pop=4408339310 | errs p=0 c=172 empty=84
[23:31:49] push=  114845/s pop=  115188/s | tot push=4409578330 pop=4409491190 | errs p=0 c=172 empty=84
[23:31:59] push=  117462/s pop=  116397/s | tot push=4410752950 pop=4410655160 | errs p=0 c=172 empty=84
[23:32:09] push=  119760/s pop=  121022/s | tot push=4411950550 pop=4411865380 | errs p=0 c=172 empty=84
[23:32:19] push=  117053/s pop=  113744/s | tot push=4413121080 pop=4413002820 | errs p=0 c=172 empty=84
[23:32:29] push=  119568/s pop=  122738/s | tot push=4414316760 pop=4414230200 | errs p=0 c=172 empty=84
[23:32:39] push=  118498/s pop=  117554/s | tot push=4415501740 pop=4415405740 | errs p=0 c=172 empty=84
[23:32:49] push=  116077/s pop=  116894/s | tot push=4416662510 pop=4416574680 | errs p=0 c=172 empty=84
[23:32:59] push=  118840/s pop=  118105/s | tot push=4417850910 pop=4417755730 | errs p=0 c=172 empty=84
[23:33:09] push=  124018/s pop=  124884/s | tot push=4419091090 pop=4419004570 | errs p=0 c=172 empty=84
[23:33:19] push=  120890/s pop=  119299/s | tot push=4420299990 pop=4420197560 | errs p=0 c=172 empty=84
[23:33:29] push=  121231/s pop=  123121/s | tot push=4421512300 pop=4421428770 | errs p=0 c=172 empty=84
[23:33:39] push=  124643/s pop=  122524/s | tot push=4422758730 pop=4422654010 | errs p=0 c=172 empty=84
[23:33:49] push=  128270/s pop=  130421/s | tot push=4424041430 pop=4423958220 | errs p=0 c=172 empty=84
[23:33:59] push=  121024/s pop=  120092/s | tot push=4425251670 pop=4425159140 | errs p=0 c=172 empty=84
[23:34:09] push=  127002/s pop=  127122/s | tot push=4426521690 pop=4426430360 | errs p=0 c=172 empty=84
[23:34:19] push=  120777/s pop=  121856/s | tot push=4427729460 pop=4427648920 | errs p=0 c=172 empty=84
[23:34:29] push=  124136/s pop=  123614/s | tot push=4428970820 pop=4428885060 | errs p=0 c=172 empty=84
[23:34:39] push=  121660/s pop=  120633/s | tot push=4430187420 pop=4430091390 | errs p=0 c=172 empty=84
[23:34:49] push=  129411/s pop=  129395/s | tot push=4431481530 pop=4431385340 | errs p=0 c=172 empty=84
[23:34:59] push=  121688/s pop=  121697/s | tot push=4432698410 pop=4432602310 | errs p=0 c=172 empty=84
[23:35:09] push=  120165/s pop=  117758/s | tot push=4433900060 pop=4433779890 | errs p=0 c=172 empty=84
[23:35:19] push=  122470/s pop=  125519/s | tot push=4435124760 pop=4435035080 | errs p=0 c=172 empty=84
[23:35:29] push=  121961/s pop=  120594/s | tot push=4436344370 pop=4436241020 | errs p=0 c=172 empty=84
[23:35:39] push=  120609/s pop=  121780/s | tot push=4437550460 pop=4437458820 | errs p=0 c=172 empty=84
[23:35:49] push=  127079/s pop=  126511/s | tot push=4438821250 pop=4438723930 | errs p=0 c=172 empty=84
[23:35:59] push=  126675/s pop=  126067/s | tot push=4440088000 pop=4439984600 | errs p=0 c=172 empty=84
[23:36:09] push=  126086/s pop=  127638/s | tot push=4441348860 pop=4441260980 | errs p=0 c=172 empty=84
[23:36:19] push=  123905/s pop=  123245/s | tot push=4442587910 pop=4442493430 | errs p=0 c=172 empty=84
[23:36:29] push=  127206/s pop=  127446/s | tot push=4443859970 pop=4443767890 | errs p=0 c=172 empty=84
[23:36:39] push=  124343/s pop=  123623/s | tot push=4445103400 pop=4445004120 | errs p=0 c=172 empty=84
[23:36:49] push=  122220/s pop=  121179/s | tot push=4446325600 pop=4446215910 | errs p=0 c=172 empty=84
[23:36:59] push=  125633/s pop=  126242/s | tot push=4447581930 pop=4447478330 | errs p=0 c=172 empty=84
[23:37:09] push=  128519/s pop=  130332/s | tot push=4448867120 pop=4448781650 | errs p=0 c=172 empty=84
[23:37:19] push=  123730/s pop=  122425/s | tot push=4450104420 pop=4450005900 | errs p=0 c=172 empty=84
[23:37:29] push=  123259/s pop=  122361/s | tot push=4451337010 pop=4451229510 | errs p=0 c=172 empty=84
[23:37:39] push=  115117/s pop=  115622/s | tot push=4452488180 pop=4452385730 | errs p=0 c=172 empty=84
[23:37:49] push=  116086/s pop=  116659/s | tot push=4453649040 pop=4453552320 | errs p=0 c=172 empty=84
[23:37:59] push=  120801/s pop=  120501/s | tot push=4454857050 pop=4454757330 | errs p=0 c=172 empty=84
[23:38:09] push=  120900/s pop=  121906/s | tot push=4456066050 pop=4455976390 | errs p=0 c=172 empty=84
[23:38:19] push=  116020/s pop=  115561/s | tot push=4457226250 pop=4457132000 | errs p=0 c=172 empty=84
[23:38:29] push=  121074/s pop=  120341/s | tot push=4458436990 pop=4458335410 | errs p=0 c=172 empty=84
[23:38:39] push=  118227/s pop=  120054/s | tot push=4459619260 pop=4459535950 | errs p=0 c=172 empty=84
[23:38:49] push=  113285/s pop=  110625/s | tot push=4460752110 pop=4460642200 | errs p=0 c=172 empty=84
[23:38:59] push=  120080/s pop=  120161/s | tot push=4461952910 pop=4461843810 | errs p=0 c=172 empty=84
[23:39:09] push=  118254/s pop=  120651/s | tot push=4463135450 pop=4463050320 | errs p=0 c=172 empty=84
[23:39:19] push=  119698/s pop=  119293/s | tot push=4464332430 pop=4464243250 | errs p=0 c=172 empty=84
[23:39:29] push=  120585/s pop=  121308/s | tot push=4465538280 pop=4465456330 | errs p=0 c=172 empty=84
[23:39:39] push=  120550/s pop=  120623/s | tot push=4466743780 pop=4466662560 | errs p=0 c=172 empty=84
[23:39:49] push=  113944/s pop=  111563/s | tot push=4467883220 pop=4467778190 | errs p=0 c=172 empty=84
[23:39:59] push=  123805/s pop=  124964/s | tot push=4469121270 pop=4469027830 | errs p=0 c=172 empty=84
[23:40:09] push=  123737/s pop=  124852/s | tot push=4470358640 pop=4470276350 | errs p=0 c=172 empty=84
[23:40:19] push=  127644/s pop=  126950/s | tot push=4471635080 pop=4471545850 | errs p=0 c=172 empty=84
[23:40:29] push=  126250/s pop=  125913/s | tot push=4472897580 pop=4472804980 | errs p=0 c=172 empty=84
[23:40:39] push=  126628/s pop=  124300/s | tot push=4474163860 pop=4474047980 | errs p=0 c=172 empty=84
[23:40:49] push=  126186/s pop=  128068/s | tot push=4475425720 pop=4475328660 | errs p=0 c=172 empty=84
[23:40:59] push=  128580/s pop=  126001/s | tot push=4476711520 pop=4476588670 | errs p=0 c=172 empty=84
[23:41:09] push=  123150/s pop=  124907/s | tot push=4477943020 pop=4477837740 | errs p=0 c=172 empty=84
[23:41:19] push=  124933/s pop=  125102/s | tot push=4479192350 pop=4479088760 | errs p=0 c=172 empty=84
[23:41:29] push=  127420/s pop=  129448/s | tot push=4480466550 pop=4480383240 | errs p=0 c=172 empty=84
[23:41:39] push=  124391/s pop=  123735/s | tot push=4481710460 pop=4481620590 | errs p=0 c=172 empty=84
[23:41:49] push=  124133/s pop=  123801/s | tot push=4482951790 pop=4482858600 | errs p=0 c=172 empty=84
[23:41:59] push=  124781/s pop=  124395/s | tot push=4484199600 pop=4484102550 | errs p=0 c=172 empty=84
[23:42:09] push=  124544/s pop=  125266/s | tot push=4485445040 pop=4485355210 | errs p=0 c=172 empty=84
[23:42:19] push=  125582/s pop=  122002/s | tot push=4486700860 pop=4486575230 | errs p=0 c=172 empty=84
[23:42:29] push=  124853/s pop=  126490/s | tot push=4487949390 pop=4487840130 | errs p=0 c=172 empty=84
[23:42:39] push=  125762/s pop=  127721/s | tot push=4489207010 pop=4489117340 | errs p=0 c=172 empty=84
[23:42:49] push=  122140/s pop=  121712/s | tot push=4490428410 pop=4490334460 | errs p=0 c=172 empty=84
[23:42:59] push=  125709/s pop=  125958/s | tot push=4491685500 pop=4491594040 | errs p=0 c=172 empty=84
[23:43:09] push=  127088/s pop=  128333/s | tot push=4492956380 pop=4492877370 | errs p=0 c=172 empty=84
[23:43:19] push=  125068/s pop=  123600/s | tot push=4494207060 pop=4494113370 | errs p=0 c=172 empty=84
[23:43:29] push=  124803/s pop=  124175/s | tot push=4495455090 pop=4495355120 | errs p=0 c=172 empty=84
[23:43:39] push=  129782/s pop=  130338/s | tot push=4496752910 pop=4496658500 | errs p=0 c=172 empty=84
[23:43:49] push=  117216/s pop=  117759/s | tot push=4497925070 pop=4497836090 | errs p=0 c=172 empty=84
[23:43:59] push=  113765/s pop=  112259/s | tot push=4499062720 pop=4498958680 | errs p=0 c=172 empty=84
[23:44:09] push=  116908/s pop=  118214/s | tot push=4500231800 pop=4500140820 | errs p=0 c=172 empty=84
[23:44:19] push=  116284/s pop=  115055/s | tot push=4501394640 pop=4501291370 | errs p=0 c=172 empty=84
[23:44:29] push=  115048/s pop=  115452/s | tot push=4502545120 pop=4502445890 | errs p=0 c=172 empty=84
[23:44:39] push=  121419/s pop=  121914/s | tot push=4503759310 pop=4503665030 | errs p=0 c=172 empty=84
[23:44:49] push=  120499/s pop=  121330/s | tot push=4504964300 pop=4504878330 | errs p=0 c=172 empty=84
[23:44:59] push=  116951/s pop=  117296/s | tot push=4506133810 pop=4506051290 | errs p=0 c=172 empty=84
[23:45:09] push=  119735/s pop=  118837/s | tot push=4507331160 pop=4507239660 | errs p=0 c=172 empty=84
[23:45:19] push=  122902/s pop=  122614/s | tot push=4508560180 pop=4508465800 | errs p=0 c=172 empty=84
[23:45:29] push=  118080/s pop=  118259/s | tot push=4509740980 pop=4509648390 | errs p=0 c=172 empty=84
[23:45:39] push=  120562/s pop=  120279/s | tot push=4510946600 pop=4510851180 | errs p=0 c=172 empty=84
[23:45:49] push=  122324/s pop=  123582/s | tot push=4512169840 pop=4512087000 | errs p=0 c=172 empty=84
[23:45:59] push=  119717/s pop=  118823/s | tot push=4513367010 pop=4513275230 | errs p=0 c=172 empty=84
[23:46:09] push=  118501/s pop=  115317/s | tot push=4514552020 pop=4514428400 | errs p=0 c=172 empty=84
[23:46:19] push=  124952/s pop=  126825/s | tot push=4515801540 pop=4515696650 | errs p=0 c=172 empty=84
[23:46:29] push=  124718/s pop=  126536/s | tot push=4517048720 pop=4516962010 | errs p=0 c=172 empty=84
[23:46:39] push=  124293/s pop=  121030/s | tot push=4518291650 pop=4518172310 | errs p=0 c=172 empty=84
[23:46:49] push=  121320/s pop=  123754/s | tot push=4519504850 pop=4519409850 | errs p=0 c=172 empty=84
[23:46:59] push=  128635/s pop=  129000/s | tot push=4520791200 pop=4520699850 | errs p=0 c=172 empty=84
[23:47:09] push=  120629/s pop=  121068/s | tot push=4521997490 pop=4521910530 | errs p=0 c=172 empty=84
[23:47:19] push=  123961/s pop=  122782/s | tot push=4523237100 pop=4523138350 | errs p=0 c=172 empty=84
[23:47:29] push=  122802/s pop=  123471/s | tot push=4524465120 pop=4524373060 | errs p=0 c=172 empty=84
[23:47:39] push=  125140/s pop=  126482/s | tot push=4525716520 pop=4525637880 | errs p=0 c=172 empty=84
[23:47:49] push=  121114/s pop=  119589/s | tot push=4526927660 pop=4526833770 | errs p=0 c=172 empty=84
[23:47:59] push=  126080/s pop=  125006/s | tot push=4528188460 pop=4528083830 | errs p=0 c=172 empty=84
[23:48:09] push=  124028/s pop=  124809/s | tot push=4529428740 pop=4529331920 | errs p=0 c=172 empty=84
[23:48:19] push=  121870/s pop=  122568/s | tot push=4530647440 pop=4530557600 | errs p=0 c=172 empty=84
[23:48:29] push=  122967/s pop=  121441/s | tot push=4531877110 pop=4531772010 | errs p=0 c=172 empty=84
[23:48:39] push=  125651/s pop=  126428/s | tot push=4533133620 pop=4533036290 | errs p=0 c=172 empty=84
[23:48:49] push=  120569/s pop=  120333/s | tot push=4534339310 pop=4534239620 | errs p=0 c=172 empty=84
[23:48:59] push=  125870/s pop=  124728/s | tot push=4535598010 pop=4535486900 | errs p=0 c=172 empty=84
[23:49:09] push=  126216/s pop=  128108/s | tot push=4536860170 pop=4536767980 | errs p=0 c=172 empty=84
[23:49:19] push=  125523/s pop=  126357/s | tot push=4538115400 pop=4538031550 | errs p=0 c=172 empty=84
[23:49:29] push=  118902/s pop=  116648/s | tot push=4539304420 pop=4539198030 | errs p=0 c=172 empty=84
[23:49:39] push=  128312/s pop=  129025/s | tot push=4540587540 pop=4540488280 | errs p=0 c=172 empty=84
[23:49:49] push=  123444/s pop=  125555/s | tot push=4541821980 pop=4541743830 | errs p=0 c=172 empty=84
[23:49:59] push=  125622/s pop=  121797/s | tot push=4543078200 pop=4542961800 | errs p=0 c=172 empty=84
[23:50:09] push=  116120/s pop=  115998/s | tot push=4544239400 pop=4544121780 | errs p=0 c=172 empty=84
[23:50:19] push=  117264/s pop=  120385/s | tot push=4545412040 pop=4545325630 | errs p=0 c=172 empty=84
[23:50:29] push=  114941/s pop=  115361/s | tot push=4546561450 pop=4546479240 | errs p=0 c=172 empty=84
[23:50:39] push=  115805/s pop=  113037/s | tot push=4547719500 pop=4547609610 | errs p=0 c=172 empty=84
[23:50:49] push=  115039/s pop=  117518/s | tot push=4548869890 pop=4548784790 | errs p=0 c=172 empty=84
[23:50:59] push=  124685/s pop=  124693/s | tot push=4550116740 pop=4550031720 | errs p=0 c=172 empty=84
[23:51:09] push=  116750/s pop=  116096/s | tot push=4551284240 pop=4551192680 | errs p=0 c=172 empty=84
[23:51:19] push=  122833/s pop=  122020/s | tot push=4552512570 pop=4552412880 | errs p=0 c=172 empty=84
[23:51:29] push=  119175/s pop=  118170/s | tot push=4553704320 pop=4553594580 | errs p=0 c=172 empty=84
[23:51:39] push=  115124/s pop=  116125/s | tot push=4554855560 pop=4554755830 | errs p=0 c=172 empty=84
[23:51:49] push=  116102/s pop=  116443/s | tot push=4556016580 pop=4555920260 | errs p=0 c=172 empty=84
[23:51:59] push=  124608/s pop=  125025/s | tot push=4557262660 pop=4557170510 | errs p=0 c=172 empty=84
[23:52:09] push=  119256/s pop=  119302/s | tot push=4558455220 pop=4558363530 | errs p=0 c=172 empty=84
[23:52:19] push=  118738/s pop=  117722/s | tot push=4559642600 pop=4559540750 | errs p=0 c=172 empty=84
[23:52:29] push=  119741/s pop=  120167/s | tot push=4560840010 pop=4560742420 | errs p=0 c=172 empty=84
[23:52:39] push=  125648/s pop=  126752/s | tot push=4562096490 pop=4562009940 | errs p=0 c=172 empty=84
[23:52:49] push=  121245/s pop=  119579/s | tot push=4563308940 pop=4563205730 | errs p=0 c=172 empty=84
[23:52:59] push=  125270/s pop=  125449/s | tot push=4564561640 pop=4564460220 | errs p=0 c=172 empty=84
[23:53:09] push=  125672/s pop=  127467/s | tot push=4565818360 pop=4565734890 | errs p=0 c=172 empty=84
[23:53:19] push=  125812/s pop=  124736/s | tot push=4567076480 pop=4566982250 | errs p=0 c=172 empty=84
[23:53:29] push=  122285/s pop=  121239/s | tot push=4568299330 pop=4568194640 | errs p=0 c=172 empty=84
[23:53:39] push=  128475/s pop=  128764/s | tot push=4569584080 pop=4569482280 | errs p=0 c=172 empty=84
[23:53:49] push=  123577/s pop=  124637/s | tot push=4570819850 pop=4570728650 | errs p=0 c=172 empty=84
[23:53:59] push=  122777/s pop=  121878/s | tot push=4572047620 pop=4571947430 | errs p=0 c=172 empty=84
[23:54:09] push=  126283/s pop=  127134/s | tot push=4573310450 pop=4573218770 | errs p=0 c=172 empty=84
[23:54:19] push=  128411/s pop=  129056/s | tot push=4574594560 pop=4574509330 | errs p=0 c=172 empty=84
[23:54:29] push=  123235/s pop=  122902/s | tot push=4575826910 pop=4575738350 | errs p=0 c=172 empty=84
[23:54:39] push=  122595/s pop=  122328/s | tot push=4577052860 pop=4576961630 | errs p=0 c=172 empty=84
[23:54:49] push=  125370/s pop=  125816/s | tot push=4578306560 pop=4578219790 | errs p=0 c=172 empty=84
[23:54:59] push=  125896/s pop=  121123/s | tot push=4579565520 pop=4579431020 | errs p=0 c=172 empty=84
[23:55:09] push=  118933/s pop=  123353/s | tot push=4580754850 pop=4580664550 | errs p=0 c=172 empty=84
[23:55:19] push=  126171/s pop=  127150/s | tot push=4582016560 pop=4581936050 | errs p=0 c=172 empty=84
[23:55:29] push=  122579/s pop=  122849/s | tot push=4583242350 pop=4583164540 | errs p=0 c=172 empty=84
[23:55:39] push=  125470/s pop=  124182/s | tot push=4584497050 pop=4584406360 | errs p=0 c=172 empty=84
[23:55:49] push=  125767/s pop=  124623/s | tot push=4585754720 pop=4585652590 | errs p=0 c=172 empty=84
[23:55:59] push=  126416/s pop=  127773/s | tot push=4587018880 pop=4586930320 | errs p=0 c=172 empty=84
[23:56:09] push=  121803/s pop=  122032/s | tot push=4588236910 pop=4588150640 | errs p=0 c=172 empty=84
[23:56:19] push=  125188/s pop=  123681/s | tot push=4589488790 pop=4589387450 | errs p=0 c=172 empty=84
[23:56:29] push=  123100/s pop=  124672/s | tot push=4590719790 pop=4590634170 | errs p=0 c=172 empty=84
[23:56:39] push=  120197/s pop=  119693/s | tot push=4591921760 pop=4591831100 | errs p=0 c=172 empty=84
[23:56:49] push=  114387/s pop=  112689/s | tot push=4593065630 pop=4592957990 | errs p=0 c=172 empty=84
[23:56:59] push=  118581/s pop=  119186/s | tot push=4594251440 pop=4594149850 | errs p=0 c=172 empty=84
[23:57:09] push=  115724/s pop=  117838/s | tot push=4595408680 pop=4595328230 | errs p=0 c=172 empty=84
[23:57:19] push=  120124/s pop=  119635/s | tot push=4596609920 pop=4596524580 | errs p=0 c=172 empty=84
[23:57:29] push=  120424/s pop=  119685/s | tot push=4597814160 pop=4597721430 | errs p=0 c=172 empty=84
[23:57:39] push=  122056/s pop=  120761/s | tot push=4599034720 pop=4598929040 | errs p=0 c=172 empty=84
[23:57:49] push=  116355/s pop=  117613/s | tot push=4600198270 pop=4600105170 | errs p=0 c=172 empty=84
[23:57:59] push=  121380/s pop=  121829/s | tot push=4601412070 pop=4601323460 | errs p=0 c=172 empty=84
[23:58:09] push=  119863/s pop=  119604/s | tot push=4602610700 pop=4602519500 | errs p=0 c=172 empty=84
[23:58:19] push=  116135/s pop=  116055/s | tot push=4603772050 pop=4603680050 | errs p=0 c=172 empty=84
[23:58:29] push=  118995/s pop=  119204/s | tot push=4604962000 pop=4604872090 | errs p=0 c=172 empty=84
[23:58:39] push=  125662/s pop=  126189/s | tot push=4606218620 pop=4606133980 | errs p=0 c=172 empty=84
[23:58:49] push=  120086/s pop=  116760/s | tot push=4607419480 pop=4607301580 | errs p=0 c=172 empty=84
[23:58:59] push=  119427/s pop=  120768/s | tot push=4608613750 pop=4608509260 | errs p=0 c=172 empty=84
[23:59:09] push=  123977/s pop=  123223/s | tot push=4609853520 pop=4609741490 | errs p=0 c=172 empty=84
[23:59:19] push=  130963/s pop=  134444/s | tot push=4611163150 pop=4611085930 | errs p=0 c=172 empty=84
[23:59:29] push=  122164/s pop=  121741/s | tot push=4612384790 pop=4612303340 | errs p=0 c=172 empty=84
[23:59:39] push=  125357/s pop=  124727/s | tot push=4613638360 pop=4613550610 | errs p=0 c=172 empty=84
[23:59:49] push=  125770/s pop=  125657/s | tot push=4614896060 pop=4614807180 | errs p=0 c=172 empty=84
[23:59:59] push=  122847/s pop=  123669/s | tot push=4616124530 pop=4616043870 | errs p=0 c=172 empty=84
[00:00:09] push=  122228/s pop=  120260/s | tot push=4617346810 pop=4617246470 | errs p=0 c=172 empty=84
[00:00:19] push=  127036/s pop=  126510/s | tot push=4618617170 pop=4618511570 | errs p=0 c=172 empty=84
[00:00:29] push=  123018/s pop=  125954/s | tot push=4619847350 pop=4619771110 | errs p=0 c=172 empty=84
[00:00:39] push=  125024/s pop=  121917/s | tot push=4621097590 pop=4620990280 | errs p=0 c=172 empty=84
[00:00:49] push=  125158/s pop=  127596/s | tot push=4622349170 pop=4622266240 | errs p=0 c=172 empty=84
[00:00:59] push=  124115/s pop=  121979/s | tot push=4623590320 pop=4623486030 | errs p=0 c=172 empty=84
[00:01:09] push=  117533/s pop=  120055/s | tot push=4624765650 pop=4624686580 | errs p=0 c=172 empty=84
[00:01:19] push=  122820/s pop=  121127/s | tot push=4625993850 pop=4625897850 | errs p=0 c=172 empty=84
[00:01:29] push=  122757/s pop=  123868/s | tot push=4627221420 pop=4627136530 | errs p=0 c=172 empty=84
[00:01:39] push=  121339/s pop=  122028/s | tot push=4628434810 pop=4628356810 | errs p=0 c=172 empty=84
[00:01:49] push=  120296/s pop=  118832/s | tot push=4629637770 pop=4629545130 | errs p=0 c=172 empty=84
[00:01:59] push=  125783/s pop=  124085/s | tot push=4630895600 pop=4630785980 | errs p=0 c=172 empty=84
[00:02:09] push=  122810/s pop=  124545/s | tot push=4632123700 pop=4632031430 | errs p=0 c=172 empty=84
[00:02:19] push=  122316/s pop=  121249/s | tot push=4633346860 pop=4633243920 | errs p=0 c=172 empty=84
[00:02:29] push=  123252/s pop=  125478/s | tot push=4634579380 pop=4634498700 | errs p=0 c=172 empty=84
[00:02:39] push=  124464/s pop=  123777/s | tot push=4635824020 pop=4635736470 | errs p=0 c=172 empty=84
[00:02:49] push=  119465/s pop=  119082/s | tot push=4637018670 pop=4636927290 | errs p=0 c=172 empty=84
[00:02:59] push=  121968/s pop=  120334/s | tot push=4638238350 pop=4638130630 | errs p=0 c=172 empty=84
[00:03:09] push=  115836/s pop=  108056/s | tot push=4639396710 pop=4639211190 | errs p=0 c=172 empty=84
[00:03:19] push=  112910/s pop=  116759/s | tot push=4640525810 pop=4640378780 | errs p=0 c=172 empty=84
[00:03:29] push=  118339/s pop=  121457/s | tot push=4641709200 pop=4641593350 | errs p=0 c=172 empty=84
[00:03:39] push=  115936/s pop=  119381/s | tot push=4642868560 pop=4642787160 | errs p=0 c=172 empty=84
[00:03:49] push=  112740/s pop=  110998/s | tot push=4643995960 pop=4643897140 | errs p=0 c=172 empty=84
[00:03:59] push=  118731/s pop=  118075/s | tot push=4645183270 pop=4645077890 | errs p=0 c=172 empty=84
[00:04:09] push=  118958/s pop=  121339/s | tot push=4646372850 pop=4646291280 | errs p=0 c=172 empty=84
[00:04:19] push=  114222/s pop=  111901/s | tot push=4647515070 pop=4647410290 | errs p=0 c=172 empty=84
[00:04:29] push=  118608/s pop=  121021/s | tot push=4648701150 pop=4648620500 | errs p=0 c=172 empty=84
[00:04:39] push=  122370/s pop=  121060/s | tot push=4649924850 pop=4649831100 | errs p=0 c=172 empty=84
[00:04:49] push=  117821/s pop=  119148/s | tot push=4651103060 pop=4651022580 | errs p=0 c=172 empty=84
[00:04:59] push=  123087/s pop=  119417/s | tot push=4652333930 pop=4652216750 | errs p=0 c=172 empty=84
[00:05:09] push=  121936/s pop=  123741/s | tot push=4653553290 pop=4653454160 | errs p=0 c=172 empty=84
[00:05:19] push=  118084/s pop=  118519/s | tot push=4654734130 pop=4654639350 | errs p=0 c=172 empty=84
[00:05:29] push=  123397/s pop=  123618/s | tot push=4655968100 pop=4655875530 | errs p=0 c=172 empty=84
[00:05:39] push=  120393/s pop=  120393/s | tot push=4657172030 pop=4657079460 | errs p=0 c=172 empty=84
[00:05:49] push=  126711/s pop=  126640/s | tot push=4658439140 pop=4658345860 | errs p=0 c=172 empty=84
[00:05:59] push=  121891/s pop=  123373/s | tot push=4659658050 pop=4659579590 | errs p=0 c=172 empty=84
[00:06:09] push=  124537/s pop=  122301/s | tot push=4660903420 pop=4660802600 | errs p=0 c=172 empty=85
[00:06:19] push=  124080/s pop=  123970/s | tot push=4662144220 pop=4662042300 | errs p=0 c=172 empty=85
[00:06:29] push=  125477/s pop=  124018/s | tot push=4663398990 pop=4663282480 | errs p=0 c=172 empty=85
[00:06:39] push=  119777/s pop=  122360/s | tot push=4664596760 pop=4664506080 | errs p=0 c=172 empty=85
[00:06:49] push=  124409/s pop=  123217/s | tot push=4665840850 pop=4665738250 | errs p=0 c=172 empty=85
[00:06:59] push=  124047/s pop=  125469/s | tot push=4667081320 pop=4666992940 | errs p=0 c=172 empty=85
[00:07:09] push=  123728/s pop=  123410/s | tot push=4668318600 pop=4668227040 | errs p=0 c=172 empty=85
[00:07:19] push=  121077/s pop=  121550/s | tot push=4669529370 pop=4669442540 | errs p=0 c=172 empty=85
[00:07:29] push=  125845/s pop=  125795/s | tot push=4670787820 pop=4670700490 | errs p=0 c=172 empty=85
[00:07:39] push=  119909/s pop=  119806/s | tot push=4671986910 pop=4671898550 | errs p=0 c=172 empty=85
[00:07:49] push=  122818/s pop=  123294/s | tot push=4673215090 pop=4673131490 | errs p=0 c=172 empty=85
[00:07:59] push=  123159/s pop=  121524/s | tot push=4674446680 pop=4674346730 | errs p=0 c=172 empty=85
[00:08:09] push=  124542/s pop=  124535/s | tot push=4675692100 pop=4675592080 | errs p=0 c=172 empty=85
[00:08:19] push=  122094/s pop=  123294/s | tot push=4676913040 pop=4676825020 | errs p=0 c=172 empty=85
[00:08:29] push=  130301/s pop=  131178/s | tot push=4678216050 pop=4678136800 | errs p=0 c=172 empty=85
[00:08:39] push=  122739/s pop=  121618/s | tot push=4679443440 pop=4679352980 | errs p=0 c=172 empty=85
[00:08:49] push=  124749/s pop=  124348/s | tot push=4680690930 pop=4680596460 | errs p=0 c=172 empty=85
[00:08:59] push=  122293/s pop=  120757/s | tot push=4681913860 pop=4681804030 | errs p=0 c=172 empty=85
[00:09:09] push=  128864/s pop=  130767/s | tot push=4683202500 pop=4683111700 | errs p=0 c=172 empty=85
[00:09:19] push=  120111/s pop=  118929/s | tot push=4684403610 pop=4684300990 | errs p=0 c=172 empty=85
[00:09:29] push=  119898/s pop=  119450/s | tot push=4685602590 pop=4685495490 | errs p=0 c=172 empty=85
[00:09:39] push=  116809/s pop=  115290/s | tot push=4686770680 pop=4686648390 | errs p=0 c=172 empty=85
[00:09:49] push=  115404/s pop=  118285/s | tot push=4687924720 pop=4687831240 | errs p=0 c=172 empty=85
[00:09:59] push=  120255/s pop=  120174/s | tot push=4689127270 pop=4689032980 | errs p=0 c=172 empty=85
[00:10:09] push=  122205/s pop=  120378/s | tot push=4690349320 pop=4690236760 | errs p=0 c=172 empty=85
[00:10:19] push=  114471/s pop=  115309/s | tot push=4691494030 pop=4691389850 | errs p=0 c=172 empty=85
[00:10:29] push=  116942/s pop=  119305/s | tot push=4692663450 pop=4692582900 | errs p=0 c=172 empty=85
[00:10:39] push=  122162/s pop=  121790/s | tot push=4693885070 pop=4693800800 | errs p=0 c=172 empty=85
[00:10:49] push=  118705/s pop=  116963/s | tot push=4695072120 pop=4694970430 | errs p=0 c=172 empty=85
[00:10:59] push=  115966/s pop=  116139/s | tot push=4696231780 pop=4696131820 | errs p=0 c=172 empty=85
[00:11:09] push=  118214/s pop=  118180/s | tot push=4697413920 pop=4697313620 | errs p=0 c=172 empty=85
[00:11:19] push=  119146/s pop=  119554/s | tot push=4698605380 pop=4698509160 | errs p=0 c=172 empty=85
[00:11:29] push=  122570/s pop=  120422/s | tot push=4699831080 pop=4699713380 | errs p=0 c=172 empty=85
[00:11:39] push=  116088/s pop=  111273/s | tot push=4700991960 pop=4700826110 | errs p=0 c=172 empty=85
[00:11:49] push=  120663/s pop=  127612/s | tot push=4702198590 pop=4702102230 | errs p=0 c=172 empty=85
[00:11:59] push=  126460/s pop=  127810/s | tot push=4703463190 pop=4703380330 | errs p=0 c=172 empty=85
[00:12:09] push=  120306/s pop=  119878/s | tot push=4704666250 pop=4704579110 | errs p=0 c=172 empty=85
[00:12:19] push=  126687/s pop=  125316/s | tot push=4705933120 pop=4705832270 | errs p=0 c=172 empty=85
[00:12:29] push=  124882/s pop=  125830/s | tot push=4707181940 pop=4707090570 | errs p=0 c=172 empty=85
[00:12:39] push=  127280/s pop=  127595/s | tot push=4708454740 pop=4708366520 | errs p=0 c=172 empty=85
[00:12:49] push=  121904/s pop=  122142/s | tot push=4709673780 pop=4709587940 | errs p=0 c=172 empty=85
[00:12:59] push=  125246/s pop=  125681/s | tot push=4710926240 pop=4710844750 | errs p=0 c=172 empty=85
[00:13:09] push=  124547/s pop=  124545/s | tot push=4712171710 pop=4712090200 | errs p=0 c=172 empty=85
[00:13:19] push=  125683/s pop=  124304/s | tot push=4713428540 pop=4713333240 | errs p=0 c=172 empty=85
[00:13:29] push=  125889/s pop=  126119/s | tot push=4714687430 pop=4714594430 | errs p=0 c=172 empty=85
[00:13:39] push=  125149/s pop=  124887/s | tot push=4715938920 pop=4715843300 | errs p=0 c=172 empty=85
[00:13:49] push=  118904/s pop=  110825/s | tot push=4717127960 pop=4716951550 | errs p=0 c=172 empty=85
[00:13:59] push=  124173/s pop=  131833/s | tot push=4718369690 pop=4718269880 | errs p=0 c=172 empty=85
[00:14:09] push=  124177/s pop=  124455/s | tot push=4719611460 pop=4719514430 | errs p=0 c=172 empty=85
[00:14:19] push=  122177/s pop=  120647/s | tot push=4720833230 pop=4720720900 | errs p=0 c=172 empty=85
[00:14:29] push=  123920/s pop=  124588/s | tot push=4722072430 pop=4721966780 | errs p=0 c=172 empty=85
[00:14:39] push=  126357/s pop=  127145/s | tot push=4723336000 pop=4723238230 | errs p=0 c=172 empty=85
[00:14:49] push=  121944/s pop=  122083/s | tot push=4724555440 pop=4724459060 | errs p=0 c=172 empty=85
[00:14:59] push=  128548/s pop=  128703/s | tot push=4725840920 pop=4725746090 | errs p=0 c=172 empty=85
[00:15:09] push=  123126/s pop=  123745/s | tot push=4727072180 pop=4726983540 | errs p=0 c=172 empty=85
[00:15:19] push=  122251/s pop=  121401/s | tot push=4728294690 pop=4728197550 | errs p=0 c=172 empty=85
[00:15:29] push=  123008/s pop=  124747/s | tot push=4729524770 pop=4729445020 | errs p=0 c=172 empty=85
[00:15:39] push=  127117/s pop=  126798/s | tot push=4730795940 pop=4730713000 | errs p=0 c=172 empty=85
[00:15:49] push=  121870/s pop=  121806/s | tot push=4732014640 pop=4731931060 | errs p=0 c=172 empty=85
[00:15:59] push=  119219/s pop=  119253/s | tot push=4733206830 pop=4733123590 | errs p=0 c=172 empty=85
[00:16:09] push=  120257/s pop=  120833/s | tot push=4734409400 pop=4734331920 | errs p=0 c=172 empty=85
[00:16:19] push=  116560/s pop=  116650/s | tot push=4735575000 pop=4735498420 | errs p=0 c=172 empty=85
[00:16:29] push=  119399/s pop=  117428/s | tot push=4736768990 pop=4736672700 | errs p=0 c=172 empty=85
[00:16:39] push=  119117/s pop=  119644/s | tot push=4737960160 pop=4737869140 | errs p=0 c=172 empty=85
[00:16:49] push=  115186/s pop=  114966/s | tot push=4739112020 pop=4739018800 | errs p=0 c=172 empty=85
[00:16:59] push=  118232/s pop=  116874/s | tot push=4740294340 pop=4740187540 | errs p=0 c=172 empty=85
[00:17:09] push=  122276/s pop=  123693/s | tot push=4741517100 pop=4741424470 | errs p=0 c=172 empty=85
[00:17:19] push=  118859/s pop=  119531/s | tot push=4742705690 pop=4742619780 | errs p=0 c=172 empty=85
[00:17:29] push=  118061/s pop=  117467/s | tot push=4743886300 pop=4743794450 | errs p=0 c=172 empty=85
[00:17:39] push=  120272/s pop=  119735/s | tot push=4745089020 pop=4744991800 | errs p=0 c=172 empty=85
[00:17:49] push=  121876/s pop=  122796/s | tot push=4746307780 pop=4746219760 | errs p=0 c=172 empty=85
[00:17:59] push=  117791/s pop=  114246/s | tot push=4747485690 pop=4747362220 | errs p=0 c=172 empty=85
[00:18:09] push=  119514/s pop=  123861/s | tot push=4748680830 pop=4748600830 | errs p=0 c=172 empty=85
[00:18:19] push=  127862/s pop=  125152/s | tot push=4749959450 pop=4749852350 | errs p=0 c=172 empty=85
[00:18:29] push=  120417/s pop=  122402/s | tot push=4751163620 pop=4751076370 | errs p=0 c=172 empty=85
[00:18:39] push=  124307/s pop=  123914/s | tot push=4752406690 pop=4752315510 | errs p=0 c=172 empty=85
[00:18:49] push=  125621/s pop=  125960/s | tot push=4753662900 pop=4753575110 | errs p=0 c=172 empty=85
[00:18:59] push=  123009/s pop=  121294/s | tot push=4754892990 pop=4754788050 | errs p=0 c=172 empty=85
[00:19:09] push=  122992/s pop=  124296/s | tot push=4756122910 pop=4756031010 | errs p=0 c=172 empty=85
[00:19:19] push=  129161/s pop=  127759/s | tot push=4757414520 pop=4757308600 | errs p=0 c=172 empty=85
[00:19:29] push=  124842/s pop=  125589/s | tot push=4758662940 pop=4758564490 | errs p=0 c=172 empty=85
[00:19:39] push=  126124/s pop=  126658/s | tot push=4759924180 pop=4759831070 | errs p=0 c=172 empty=85
[00:19:49] push=  119652/s pop=  119827/s | tot push=4761120700 pop=4761029340 | errs p=0 c=172 empty=85
[00:19:59] push=  125553/s pop=  125647/s | tot push=4762376230 pop=4762285810 | errs p=0 c=172 empty=85
[00:20:09] push=  119539/s pop=  119358/s | tot push=4763571620 pop=4763479390 | errs p=0 c=172 empty=85
[00:20:19] push=  123160/s pop=  121987/s | tot push=4764803220 pop=4764699260 | errs p=0 c=172 empty=85
[00:20:29] push=  122660/s pop=  123393/s | tot push=4766029820 pop=4765933190 | errs p=0 c=172 empty=85
[00:20:39] push=  127182/s pop=  125193/s | tot push=4767301640 pop=4767185120 | errs p=0 c=172 empty=85
[00:20:49] push=  124006/s pop=  126847/s | tot push=4768541700 pop=4768453590 | errs p=0 c=172 empty=85
[00:20:59] push=  127953/s pop=  127644/s | tot push=4769821230 pop=4769730030 | errs p=0 c=172 empty=85
[00:21:09] push=  121015/s pop=  122613/s | tot push=4771031380 pop=4770956160 | errs p=0 c=172 empty=85
[00:21:19] push=  127090/s pop=  126314/s | tot push=4772302280 pop=4772219300 | errs p=0 c=172 empty=85
[00:21:29] push=  125511/s pop=  125911/s | tot push=4773557390 pop=4773478410 | errs p=0 c=172 empty=85
[00:21:39] push=  124296/s pop=  122298/s | tot push=4774800350 pop=4774701390 | errs p=0 c=172 empty=85
[00:21:49] push=  125821/s pop=  125963/s | tot push=4776058560 pop=4775961020 | errs p=0 c=172 empty=85
[00:21:59] push=  127708/s pop=  126819/s | tot push=4777335640 pop=4777229210 | errs p=0 c=172 empty=85
[00:22:09] push=  125116/s pop=  125631/s | tot push=4778586800 pop=4778485520 | errs p=0 c=172 empty=85
[00:22:19] push=  119086/s pop=  118276/s | tot push=4779777660 pop=4779668280 | errs p=0 c=172 empty=85
[00:22:29] push=  114886/s pop=  115865/s | tot push=4780926520 pop=4780826930 | errs p=0 c=172 empty=85
[00:22:39] push=  117761/s pop=  118714/s | tot push=4782104130 pop=4782014070 | errs p=0 c=172 empty=85
[00:22:49] push=  115906/s pop=  117215/s | tot push=4783263190 pop=4783186220 | errs p=0 c=172 empty=85
[00:22:59] push=  115965/s pop=  113249/s | tot push=4784422840 pop=4784318710 | errs p=0 c=172 empty=85
[00:23:09] push=  119105/s pop=  117700/s | tot push=4785613890 pop=4785495710 | errs p=0 c=172 empty=85
[00:23:19] push=  118073/s pop=  120103/s | tot push=4786794620 pop=4786696740 | errs p=0 c=172 empty=85
[00:23:29] push=  117478/s pop=  117513/s | tot push=4787969400 pop=4787871870 | errs p=0 c=172 empty=85
[00:23:39] push=  120783/s pop=  121148/s | tot push=4789177230 pop=4789083350 | errs p=0 c=172 empty=85
[00:23:49] push=  118174/s pop=  119042/s | tot push=4790358970 pop=4790273770 | errs p=0 c=172 empty=85
[00:23:59] push=  117620/s pop=  116280/s | tot push=4791535170 pop=4791436570 | errs p=0 c=172 empty=85
[00:24:09] push=  120350/s pop=  120872/s | tot push=4792738670 pop=4792645290 | errs p=0 c=172 empty=85
[00:24:19] push=  123553/s pop=  122230/s | tot push=4793974200 pop=4793867590 | errs p=0 c=172 empty=85
[00:24:29] push=  120012/s pop=  121592/s | tot push=4795174320 pop=4795083510 | errs p=0 c=172 empty=85
[00:24:39] push=  121651/s pop=  120866/s | tot push=4796390830 pop=4796292170 | errs p=0 c=172 empty=85
[00:24:49] push=  123434/s pop=  124844/s | tot push=4797625170 pop=4797540610 | errs p=0 c=172 empty=85
[00:24:59] push=  125316/s pop=  124694/s | tot push=4798878330 pop=4798787550 | errs p=0 c=172 empty=85
[00:25:09] push=  123262/s pop=  124064/s | tot push=4800110950 pop=4800028190 | errs p=0 c=172 empty=85
[00:25:19] push=  126812/s pop=  126379/s | tot push=4801379070 pop=4801291980 | errs p=0 c=172 empty=85
[00:25:29] push=  125205/s pop=  125820/s | tot push=4802631120 pop=4802550180 | errs p=0 c=172 empty=85
[00:25:39] push=  126021/s pop=  125473/s | tot push=4803891330 pop=4803804910 | errs p=0 c=172 empty=85
[00:25:49] push=  125210/s pop=  124294/s | tot push=4805143430 pop=4805047850 | errs p=0 c=172 empty=85
[00:25:59] push=  123472/s pop=  120276/s | tot push=4806378150 pop=4806250610 | errs p=0 c=172 empty=85
[00:26:09] push=  121845/s pop=  126024/s | tot push=4807596600 pop=4807510850 | errs p=0 c=172 empty=85
[00:26:19] push=  123910/s pop=  123311/s | tot push=4808835700 pop=4808743960 | errs p=0 c=172 empty=85
[00:26:29] push=  120441/s pop=  120390/s | tot push=4810040110 pop=4809947860 | errs p=0 c=172 empty=85
[00:26:39] push=  122115/s pop=  121803/s | tot push=4811261260 pop=4811165890 | errs p=0 c=172 empty=85
[00:26:49] push=  122716/s pop=  123351/s | tot push=4812488420 pop=4812399400 | errs p=0 c=172 empty=85
[00:26:59] push=  125813/s pop=  125242/s | tot push=4813746550 pop=4813651820 | errs p=0 c=172 empty=85
[00:27:09] push=  125056/s pop=  124310/s | tot push=4814997110 pop=4814894920 | errs p=0 c=172 empty=85
[00:27:19] push=  126227/s pop=  127838/s | tot push=4816259380 pop=4816173300 | errs p=0 c=172 empty=85
[00:27:29] push=  123174/s pop=  122918/s | tot push=4817491120 pop=4817402480 | errs p=0 c=172 empty=85
[00:27:39] push=  129313/s pop=  130223/s | tot push=4818784250 pop=4818704710 | errs p=0 c=172 empty=85
[00:27:49] push=  122639/s pop=  122700/s | tot push=4820010640 pop=4819931710 | errs p=0 c=172 empty=85
[00:27:59] push=  123514/s pop=  121410/s | tot push=4821245780 pop=4821145810 | errs p=0 c=172 empty=85
[00:28:09] push=  125937/s pop=  126139/s | tot push=4822505150 pop=4822407200 | errs p=0 c=172 empty=85
[00:28:19] push=  123795/s pop=  123859/s | tot push=4823743100 pop=4823645790 | errs p=0 c=172 empty=85
[00:28:29] push=  122000/s pop=  121460/s | tot push=4824963100 pop=4824860390 | errs p=0 c=172 empty=85
[00:28:39] push=  124754/s pop=  123848/s | tot push=4826210640 pop=4826098870 | errs p=0 c=172 empty=85
[00:28:49] push=  116922/s pop=  107698/s | tot push=4827379860 pop=4827175850 | errs p=0 c=172 empty=85
[00:28:59] push=  115319/s pop=  124857/s | tot push=4828533050 pop=4828424420 | errs p=0 c=172 empty=85
[00:29:09] push=  118228/s pop=  119019/s | tot push=4829715330 pop=4829614610 | errs p=0 c=172 empty=85
[00:29:19] push=  117585/s pop=  116662/s | tot push=4830891180 pop=4830781230 | errs p=0 c=172 empty=85
[00:29:29] push=  115629/s pop=  115055/s | tot push=4832047470 pop=4831931780 | errs p=0 c=172 empty=85
[00:29:39] push=  118220/s pop=  118975/s | tot push=4833229670 pop=4833121530 | errs p=0 c=172 empty=85
[00:29:49] push=  117666/s pop=  118417/s | tot push=4834406330 pop=4834305700 | errs p=0 c=172 empty=85
[00:29:59] push=  119798/s pop=  120486/s | tot push=4835604310 pop=4835510560 | errs p=0 c=172 empty=85
[00:30:09] push=  122109/s pop=  121755/s | tot push=4836825400 pop=4836728110 | errs p=0 c=172 empty=85
[00:30:19] push=  119522/s pop=  120069/s | tot push=4838020620 pop=4837928800 | errs p=0 c=172 empty=85
[00:30:29] push=  117370/s pop=  117912/s | tot push=4839194320 pop=4839107920 | errs p=0 c=172 empty=85
[00:30:39] push=  122903/s pop=  122273/s | tot push=4840423350 pop=4840330650 | errs p=0 c=172 empty=85
[00:30:49] push=  121893/s pop=  121452/s | tot push=4841642280 pop=4841545170 | errs p=0 c=172 empty=85
[00:30:59] push=  124129/s pop=  124362/s | tot push=4842883570 pop=4842788790 | errs p=0 c=172 empty=85
[00:31:09] push=  124563/s pop=  127163/s | tot push=4844129200 pop=4844060420 | errs p=0 c=172 empty=85
[00:31:19] push=  126227/s pop=  123716/s | tot push=4845391470 pop=4845297580 | errs p=0 c=172 empty=85
[00:31:29] push=  127157/s pop=  127647/s | tot push=4846663040 pop=4846574050 | errs p=0 c=172 empty=85
[00:31:39] push=  123278/s pop=  123932/s | tot push=4847895820 pop=4847813370 | errs p=0 c=172 empty=85
[00:31:49] push=  126696/s pop=  124385/s | tot push=4849162780 pop=4849057220 | errs p=0 c=172 empty=85
[00:31:59] push=  121172/s pop=  123999/s | tot push=4850374500 pop=4850297210 | errs p=0 c=172 empty=85
[00:32:09] push=  123674/s pop=  121044/s | tot push=4851611240 pop=4851507650 | errs p=0 c=172 empty=85
[00:32:19] push=  123161/s pop=  125082/s | tot push=4852842850 pop=4852758470 | errs p=0 c=172 empty=85
[00:32:29] push=  124853/s pop=  123027/s | tot push=4854091380 pop=4853988740 | errs p=0 c=172 empty=85
[00:32:39] push=  123455/s pop=  124273/s | tot push=4855325930 pop=4855231470 | errs p=0 c=172 empty=85
[00:32:49] push=  122854/s pop=  121581/s | tot push=4856554470 pop=4856447280 | errs p=0 c=172 empty=85
[00:32:59] push=  122915/s pop=  123400/s | tot push=4857783620 pop=4857681280 | errs p=0 c=172 empty=85
[00:33:09] push=  122732/s pop=  124654/s | tot push=4859010940 pop=4858927820 | errs p=0 c=172 empty=85
[00:33:19] push=  122275/s pop=  121554/s | tot push=4860233690 pop=4860143360 | errs p=0 c=172 empty=85
[00:33:29] push=  126715/s pop=  125364/s | tot push=4861500840 pop=4861397000 | errs p=0 c=172 empty=85
[00:33:39] push=  123359/s pop=  124245/s | tot push=4862734430 pop=4862639450 | errs p=0 c=172 empty=85
[00:33:49] push=  124781/s pop=  126260/s | tot push=4863982240 pop=4863902050 | errs p=0 c=172 empty=85
[00:33:59] push=  122479/s pop=  122873/s | tot push=4865207030 pop=4865130780 | errs p=0 c=172 empty=85
[00:34:09] push=  127021/s pop=  125326/s | tot push=4866477240 pop=4866384040 | errs p=0 c=172 empty=85
[00:34:19] push=  123713/s pop=  121501/s | tot push=4867714370 pop=4867599050 | errs p=0 c=172 empty=85
[00:34:29] push=  127166/s pop=  129085/s | tot push=4868986030 pop=4868889900 | errs p=0 c=172 empty=85
[00:34:39] push=  124959/s pop=  126557/s | tot push=4870235620 pop=4870155470 | errs p=0 c=172 empty=85
[00:34:49] push=  121118/s pop=  116530/s | tot push=4871446800 pop=4871320770 | errs p=0 c=172 empty=85
[00:34:59] push=  120597/s pop=  124446/s | tot push=4872652770 pop=4872565230 | errs p=0 c=172 empty=85
[00:35:09] push=  121181/s pop=  120545/s | tot push=4873864580 pop=4873770680 | errs p=0 c=172 empty=85
[00:35:19] push=  117896/s pop=  118578/s | tot push=4875043540 pop=4874956460 | errs p=0 c=172 empty=85
[00:35:29] push=  119168/s pop=  118487/s | tot push=4876235220 pop=4876141330 | errs p=0 c=172 empty=85
[00:35:39] push=  116264/s pop=  116587/s | tot push=4877397860 pop=4877307200 | errs p=0 c=172 empty=85
[00:35:49] push=  116656/s pop=  116359/s | tot push=4878564420 pop=4878470790 | errs p=0 c=172 empty=85
[00:35:59] push=  119815/s pop=  119470/s | tot push=4879762570 pop=4879665490 | errs p=0 c=172 empty=85
[00:36:09] push=  120412/s pop=  120733/s | tot push=4880966690 pop=4880872820 | errs p=0 c=172 empty=85
[00:36:19] push=  118006/s pop=  117013/s | tot push=4882146750 pop=4882042950 | errs p=0 c=172 empty=85
[00:36:29] push=  119397/s pop=  120565/s | tot push=4883340720 pop=4883248600 | errs p=0 c=172 empty=85
[00:36:39] push=  120932/s pop=  118912/s | tot push=4884550040 pop=4884437720 | errs p=0 c=172 empty=85
[00:36:49] push=  115900/s pop=  116287/s | tot push=4885709040 pop=4885600590 | errs p=0 c=172 empty=85
[00:36:59] push=  119488/s pop=  120750/s | tot push=4886903920 pop=4886808090 | errs p=0 c=172 empty=85
[00:37:09] push=  121737/s pop=  121505/s | tot push=4888121290 pop=4888023140 | errs p=0 c=172 empty=85
[00:37:19] push=  119329/s pop=  120014/s | tot push=4889314580 pop=4889223280 | errs p=0 c=172 empty=85
[00:37:29] push=  123568/s pop=  123918/s | tot push=4890550260 pop=4890462460 | errs p=0 c=172 empty=85
[00:37:39] push=  120586/s pop=  121289/s | tot push=4891756120 pop=4891675350 | errs p=0 c=172 empty=85
[00:37:49] push=  125065/s pop=  124489/s | tot push=4893006770 pop=4892920240 | errs p=0 c=172 empty=85
[00:37:59] push=  122906/s pop=  122369/s | tot push=4894235830 pop=4894143930 | errs p=0 c=172 empty=85
[00:38:09] push=  126618/s pop=  127225/s | tot push=4895502010 pop=4895416180 | errs p=0 c=172 empty=85
[00:38:19] push=  127049/s pop=  127167/s | tot push=4896772500 pop=4896687850 | errs p=0 c=172 empty=85
[00:38:29] push=  126992/s pop=  126619/s | tot push=4898042420 pop=4897954040 | errs p=0 c=172 empty=85
[00:38:39] push=  122835/s pop=  120450/s | tot push=4899270770 pop=4899158540 | errs p=0 c=172 empty=85
[00:38:49] push=  122810/s pop=  121350/s | tot push=4900498870 pop=4900372040 | errs p=0 c=172 empty=85
[00:38:59] push=  121239/s pop=  120889/s | tot push=4901711260 pop=4901580930 | errs p=0 c=172 empty=85
[00:39:09] push=  124394/s pop=  129975/s | tot push=4902955200 pop=4902880680 | errs p=0 c=172 empty=85
[00:39:19] push=  123893/s pop=  122358/s | tot push=4904194130 pop=4904104260 | errs p=0 c=172 empty=85
[00:39:29] push=  125341/s pop=  121660/s | tot push=4905447540 pop=4905320860 | errs p=0 c=172 empty=85
[00:39:39] push=  117650/s pop=  119675/s | tot push=4906624040 pop=4906517610 | errs p=0 c=172 empty=85
[00:39:49] push=  127269/s pop=  128934/s | tot push=4907896730 pop=4907806950 | errs p=0 c=172 empty=85
[00:39:59] push=  123695/s pop=  123750/s | tot push=4909133680 pop=4909044450 | errs p=0 c=172 empty=85
[00:40:09] push=  123021/s pop=  123960/s | tot push=4910363890 pop=4910284050 | errs p=0 c=172 empty=85
[00:40:19] push=  121454/s pop=  118985/s | tot push=4911578430 pop=4911473900 | errs p=0 c=172 empty=85
[00:40:29] push=  128360/s pop=  130824/s | tot push=4912862030 pop=4912782140 | errs p=0 c=172 empty=85
[00:40:39] push=  121512/s pop=  121392/s | tot push=4914077150 pop=4913996060 | errs p=0 c=172 empty=85
[00:40:49] push=  122337/s pop=  118793/s | tot push=4915300520 pop=4915183990 | errs p=0 c=172 empty=85
[00:40:59] push=  121924/s pop=  123767/s | tot push=4916519760 pop=4916421660 | errs p=0 c=172 empty=85
[00:41:09] push=  130454/s pop=  129790/s | tot push=4917824300 pop=4917719560 | errs p=0 c=172 empty=85
[00:41:19] push=  120129/s pop=  119196/s | tot push=4919025590 pop=4918911520 | errs p=0 c=172 empty=85
[00:41:29] push=  123742/s pop=  126214/s | tot push=4920263010 pop=4920173660 | errs p=0 c=172 empty=85
[00:41:39] push=  119857/s pop=  118170/s | tot push=4921461580 pop=4921355360 | errs p=0 c=172 empty=85
[00:41:49] push=  115827/s pop=  116161/s | tot push=4922619850 pop=4922516970 | errs p=0 c=172 empty=85
[00:41:59] push=  121981/s pop=  121833/s | tot push=4923839660 pop=4923735300 | errs p=0 c=172 empty=85
[00:42:09] push=  116396/s pop=  118123/s | tot push=4925003620 pop=4924916530 | errs p=0 c=172 empty=85
[00:42:19] push=  113804/s pop=  111234/s | tot push=4926141660 pop=4926028870 | errs p=0 c=172 empty=85
[00:42:29] push=  118543/s pop=  120950/s | tot push=4927327090 pop=4927238370 | errs p=0 c=172 empty=85
[00:42:39] push=  122987/s pop=  124060/s | tot push=4928556960 pop=4928478970 | errs p=0 c=172 empty=85
[00:42:49] push=  118871/s pop=  118491/s | tot push=4929745670 pop=4929663880 | errs p=0 c=172 empty=85
[00:42:59] push=  115494/s pop=  112304/s | tot push=4930900610 pop=4930786920 | errs p=0 c=172 empty=85
[00:43:09] push=  119988/s pop=  121679/s | tot push=4932100490 pop=4932003710 | errs p=0 c=172 empty=85
[00:43:19] push=  121060/s pop=  121217/s | tot push=4933311090 pop=4933215880 | errs p=0 c=172 empty=85
[00:43:29] push=  121326/s pop=  121719/s | tot push=4934524350 pop=4934433070 | errs p=0 c=172 empty=85
[00:43:39] push=  120904/s pop=  119940/s | tot push=4935733390 pop=4935632470 | errs p=0 c=172 empty=85
[00:43:49] push=  123885/s pop=  126001/s | tot push=4936972240 pop=4936892480 | errs p=0 c=172 empty=85
[00:43:59] push=  125216/s pop=  123150/s | tot push=4938224400 pop=4938123980 | errs p=0 c=172 empty=85
[00:44:09] push=  122353/s pop=  123903/s | tot push=4939447930 pop=4939363010 | errs p=0 c=172 empty=85
[00:44:19] push=  126548/s pop=  126292/s | tot push=4940713410 pop=4940625930 | errs p=0 c=172 empty=85
[00:44:29] push=  119616/s pop=  118957/s | tot push=4941909570 pop=4941815500 | errs p=0 c=172 empty=85
[00:44:39] push=  126505/s pop=  127517/s | tot push=4943174620 pop=4943090670 | errs p=0 c=172 empty=85
[00:44:49] push=  128435/s pop=  127506/s | tot push=4944458970 pop=4944365730 | errs p=0 c=172 empty=85
[00:44:59] push=  124888/s pop=  125050/s | tot push=4945707850 pop=4945616230 | errs p=0 c=172 empty=85
[00:45:09] push=  119129/s pop=  107547/s | tot push=4946899140 pop=4946691700 | errs p=0 c=172 empty=85
[00:45:19] push=  124790/s pop=  134526/s | tot push=4948147040 pop=4948036960 | errs p=0 c=172 empty=85
[00:45:29] push=  121936/s pop=  123896/s | tot push=4949366400 pop=4949275920 | errs p=0 c=172 empty=85
[00:45:39] push=  121570/s pop=  120895/s | tot push=4950582100 pop=4950484870 | errs p=0 c=172 empty=85
[00:45:49] push=  122833/s pop=  122392/s | tot push=4951810430 pop=4951708790 | errs p=0 c=172 empty=85
[00:45:59] push=  124722/s pop=  124085/s | tot push=4953057650 pop=4952949640 | errs p=0 c=172 empty=85
[00:46:09] push=  120142/s pop=  120935/s | tot push=4954259070 pop=4954158990 | errs p=0 c=172 empty=85
[00:46:19] push=  126398/s pop=  127409/s | tot push=4955523050 pop=4955433080 | errs p=0 c=172 empty=85
[00:46:29] push=  125102/s pop=  125491/s | tot push=4956774070 pop=4956687990 | errs p=0 c=172 empty=85
[00:46:39] push=  124481/s pop=  121612/s | tot push=4958018880 pop=4957904110 | errs p=0 c=172 empty=85
[00:46:49] push=  123458/s pop=  124776/s | tot push=4959253460 pop=4959151870 | errs p=0 c=172 empty=85
[00:46:59] push=  126963/s pop=  128668/s | tot push=4960523090 pop=4960438550 | errs p=0 c=172 empty=85
[00:47:09] push=  120493/s pop=  120059/s | tot push=4961728020 pop=4961639140 | errs p=0 c=172 empty=85
[00:47:19] push=  121594/s pop=  117937/s | tot push=4962943960 pop=4962818510 | errs p=0 c=172 empty=85
[00:47:29] push=  123603/s pop=  126242/s | tot push=4964179990 pop=4964080930 | errs p=0 c=172 empty=85
[00:47:39] push=  127489/s pop=  129603/s | tot push=4965454880 pop=4965376960 | errs p=0 c=172 empty=85
[00:47:49] push=  121598/s pop=  119811/s | tot push=4966670860 pop=4966575070 | errs p=0 c=172 empty=85
[00:47:59] push=  121732/s pop=  122848/s | tot push=4967888180 pop=4967803550 | errs p=0 c=172 empty=85
[00:48:09] push=  117041/s pop=  117230/s | tot push=4969058590 pop=4968975850 | errs p=0 c=172 empty=85
[00:48:19] push=  115343/s pop=  115073/s | tot push=4970212020 pop=4970126580 | errs p=0 c=172 empty=85
[00:48:29] push=  118153/s pop=  117539/s | tot push=4971393550 pop=4971301970 | errs p=0 c=172 empty=85
[00:48:39] push=  120170/s pop=  119885/s | tot push=4972595250 pop=4972500820 | errs p=0 c=172 empty=85
[00:48:49] push=  114028/s pop=  113031/s | tot push=4973735530 pop=4973631130 | errs p=0 c=172 empty=85
[00:48:59] push=  117012/s pop=  118745/s | tot push=4974905650 pop=4974818580 | errs p=0 c=172 empty=85
[00:49:09] push=  120486/s pop=  121376/s | tot push=4976110510 pop=4976032340 | errs p=0 c=172 empty=85
[00:49:19] push=  121193/s pop=  120640/s | tot push=4977322440 pop=4977238740 | errs p=0 c=172 empty=85
[00:49:29] push=  112587/s pop=  109143/s | tot push=4978448310 pop=4978330170 | errs p=0 c=172 empty=85
[00:49:39] push=  121743/s pop=  123383/s | tot push=4979665740 pop=4979564000 | errs p=0 c=172 empty=85
[00:49:49] push=  118260/s pop=  119495/s | tot push=4980848340 pop=4980758950 | errs p=0 c=172 empty=85
[00:49:59] push=  120823/s pop=  122005/s | tot push=4982056570 pop=4981979000 | errs p=0 c=172 empty=85
[00:50:09] push=  124562/s pop=  122509/s | tot push=4983302190 pop=4983204090 | errs p=0 c=172 empty=85
[00:50:19] push=  126568/s pop=  127132/s | tot push=4984567870 pop=4984475410 | errs p=0 c=172 empty=85
[00:50:29] push=  123105/s pop=  123693/s | tot push=4985798920 pop=4985712340 | errs p=0 c=172 empty=85
[00:50:39] push=  124468/s pop=  121621/s | tot push=4987043600 pop=4986928550 | errs p=0 c=172 empty=85
[00:50:49] push=  124696/s pop=  127974/s | tot push=4988290560 pop=4988208290 | errs p=0 c=172 empty=85
[00:50:59] push=  125498/s pop=  125511/s | tot push=4989545540 pop=4989463400 | errs p=0 c=172 empty=85
[00:51:09] push=  120366/s pop=  117494/s | tot push=4990749200 pop=4990638340 | errs p=0 c=172 empty=85
[00:51:19] push=  124043/s pop=  125464/s | tot push=4991989630 pop=4991892980 | errs p=0 c=172 empty=85
[00:51:29] push=  124450/s pop=  120794/s | tot push=4993234130 pop=4993100920 | errs p=0 c=172 empty=85
[00:51:39] push=  120072/s pop=  125223/s | tot push=4994434850 pop=4994353150 | errs p=0 c=172 empty=85
[00:51:49] push=  122557/s pop=  121179/s | tot push=4995660420 pop=4995564940 | errs p=0 c=172 empty=85
[00:51:59] push=  126442/s pop=  125311/s | tot push=4996924840 pop=4996818050 | errs p=0 c=172 empty=85
[00:52:09] push=  120088/s pop=  121281/s | tot push=4998125720 pop=4998030860 | errs p=0 c=172 empty=85
[00:52:19] push=  123710/s pop=  123104/s | tot push=4999362820 pop=4999261900 | errs p=0 c=172 empty=85
[00:52:29] push=  124472/s pop=  125487/s | tot push=5000607540 pop=5000516770 | errs p=0 c=172 empty=85
[00:52:39] push=  122303/s pop=  122808/s | tot push=5001830570 pop=5001744850 | errs p=0 c=172 empty=85
[00:52:49] push=  119962/s pop=  118929/s | tot push=5003030190 pop=5002934140 | errs p=0 c=172 empty=85
[00:52:59] push=  124937/s pop=  125951/s | tot push=5004279560 pop=5004193650 | errs p=0 c=172 empty=85
[00:53:09] push=  120523/s pop=  120232/s | tot push=5005484790 pop=5005395970 | errs p=0 c=172 empty=85
[00:53:19] push=  122974/s pop=  122770/s | tot push=5006714530 pop=5006623670 | errs p=0 c=172 empty=85
[00:53:29] push=  123395/s pop=  122243/s | tot push=5007948480 pop=5007846100 | errs p=0 c=172 empty=85
[00:53:39] push=  122747/s pop=  124036/s | tot push=5009175950 pop=5009086460 | errs p=0 c=172 empty=85
[00:53:49] push=  118843/s pop=  118555/s | tot push=5010364380 pop=5010272010 | errs p=0 c=172 empty=85
[00:53:59] push=  126777/s pop=  125540/s | tot push=5011632150 pop=5011527410 | errs p=0 c=172 empty=85
[00:54:09] push=  125320/s pop=  127011/s | tot push=5012885350 pop=5012797520 | errs p=0 c=172 empty=85
[00:54:19] push=  123136/s pop=  121705/s | tot push=5014116710 pop=5014014570 | errs p=0 c=172 empty=85
[00:54:29] push=  121149/s pop=  121877/s | tot push=5015328200 pop=5015233340 | errs p=0 c=172 empty=85
[00:54:39] push=  119222/s pop=  119411/s | tot push=5016520420 pop=5016427450 | errs p=0 c=172 empty=85
[00:54:49] push=  115590/s pop=  113033/s | tot push=5017676320 pop=5017557780 | errs p=0 c=172 empty=85
[00:54:59] push=  118301/s pop=  121141/s | tot push=5018859330 pop=5018769190 | errs p=0 c=172 empty=85
[00:55:09] push=  117334/s pop=  117297/s | tot push=5020032670 pop=5019942160 | errs p=0 c=172 empty=85
[00:55:19] push=  121714/s pop=  120461/s | tot push=5021249810 pop=5021146770 | errs p=0 c=172 empty=85
[00:55:29] push=  119418/s pop=  119283/s | tot push=5022443990 pop=5022339600 | errs p=0 c=172 empty=86
[00:55:39] push=  121061/s pop=  122263/s | tot push=5023654600 pop=5023562230 | errs p=0 c=172 empty=86
[00:55:49] push=  115227/s pop=  106350/s | tot push=5024806870 pop=5024625730 | errs p=0 c=172 empty=86
[00:55:59] push=  115173/s pop=  122992/s | tot push=5025958600 pop=5025855650 | errs p=0 c=172 empty=86
[00:56:09] push=  120818/s pop=  120927/s | tot push=5027166780 pop=5027064920 | errs p=0 c=172 empty=86
[00:56:19] push=  124824/s pop=  125930/s | tot push=5028415020 pop=5028324220 | errs p=0 c=172 empty=86
[00:56:29] push=  119417/s pop=  120326/s | tot push=5029609190 pop=5029527480 | errs p=0 c=172 empty=86
[00:56:39] push=  121774/s pop=  119644/s | tot push=5030826930 pop=5030723920 | errs p=0 c=172 empty=86
[00:56:49] push=  123829/s pop=  125879/s | tot push=5032065220 pop=5031982710 | errs p=0 c=172 empty=86
[00:56:59] push=  123930/s pop=  123884/s | tot push=5033304520 pop=5033221550 | errs p=0 c=172 empty=86
[00:57:09] push=  123663/s pop=  122881/s | tot push=5034541150 pop=5034450360 | errs p=0 c=172 empty=86
[00:57:19] push=  125634/s pop=  124170/s | tot push=5035797490 pop=5035692060 | errs p=0 c=172 empty=86
[00:57:29] push=  125942/s pop=  127403/s | tot push=5037056910 pop=5036966090 | errs p=0 c=172 empty=86
[00:57:39] push=  122903/s pop=  122925/s | tot push=5038285940 pop=5038195340 | errs p=0 c=172 empty=86
[00:57:49] push=  125583/s pop=  125756/s | tot push=5039541770 pop=5039452900 | errs p=0 c=172 empty=86
[00:57:59] push=  124095/s pop=  121998/s | tot push=5040782720 pop=5040672880 | errs p=0 c=172 empty=86
[00:58:09] push=  122434/s pop=  124243/s | tot push=5042007060 pop=5041915310 | errs p=0 c=172 empty=86
[00:58:19] push=  121356/s pop=  121341/s | tot push=5043220620 pop=5043128720 | errs p=0 c=172 empty=86
[00:58:29] push=  125657/s pop=  126348/s | tot push=5044477190 pop=5044392200 | errs p=0 c=172 empty=86
[00:58:39] push=  117631/s pop=  118088/s | tot push=5045653500 pop=5045573080 | errs p=0 c=172 empty=86
[00:58:49] push=  121565/s pop=  119078/s | tot push=5046869150 pop=5046763860 | errs p=0 c=172 empty=86
[00:58:59] push=  120193/s pop=  121007/s | tot push=5048071080 pop=5047973930 | errs p=0 c=172 empty=86
[00:59:09] push=  125095/s pop=  122864/s | tot push=5049322030 pop=5049202570 | errs p=0 c=172 empty=86
[00:59:19] push=  120973/s pop=  123886/s | tot push=5050531760 pop=5050441430 | errs p=0 c=172 empty=86
[00:59:29] push=  125657/s pop=  125545/s | tot push=5051788330 pop=5051696880 | errs p=0 c=172 empty=86
[00:59:39] push=  124126/s pop=  124152/s | tot push=5053029590 pop=5052938400 | errs p=0 c=172 empty=86
[00:59:49] push=  123725/s pop=  122728/s | tot push=5054266840 pop=5054165680 | errs p=0 c=172 empty=86
[00:59:59] push=  120468/s pop=  121977/s | tot push=5055471520 pop=5055385450 | errs p=0 c=172 empty=86
[01:00:09] push=  126281/s pop=  124110/s | tot push=5056734330 pop=5056626550 | errs p=0 c=172 empty=86
[01:00:19] push=  124634/s pop=  124085/s | tot push=5057980670 pop=5057867400 | errs p=0 c=172 empty=86
[01:00:29] push=  122828/s pop=  124353/s | tot push=5059208950 pop=5059110930 | errs p=0 c=172 empty=86
[01:00:39] push=  126663/s pop=  127172/s | tot push=5060475580 pop=5060382650 | errs p=0 c=172 empty=86
[01:00:49] push=  117883/s pop=  119710/s | tot push=5061654410 pop=5061579750 | errs p=0 c=172 empty=86
[01:00:59] push=  118694/s pop=  116582/s | tot push=5062841350 pop=5062745570 | errs p=0 c=172 empty=86
[01:01:09] push=  120953/s pop=  122383/s | tot push=5064050880 pop=5063969400 | errs p=0 c=172 empty=86
[01:01:19] push=  113079/s pop=  111763/s | tot push=5065181670 pop=5065087030 | errs p=0 c=172 empty=86
[01:01:29] push=  119487/s pop=  120395/s | tot push=5066376540 pop=5066290980 | errs p=0 c=172 empty=86
[01:01:39] push=  118124/s pop=  116433/s | tot push=5067557780 pop=5067455310 | errs p=0 c=172 empty=86
[01:01:49] push=  118456/s pop=  119592/s | tot push=5068742340 pop=5068651230 | errs p=0 c=172 empty=86
[01:01:59] push=  117042/s pop=  116244/s | tot push=5069912760 pop=5069813670 | errs p=0 c=172 empty=86
[01:02:09] push=  113062/s pop=  109893/s | tot push=5071043380 pop=5070912600 | errs p=0 c=172 empty=86
[01:02:19] push=  118616/s pop=  122385/s | tot push=5072229540 pop=5072136450 | errs p=0 c=172 empty=86
[01:02:29] push=  120650/s pop=  121253/s | tot push=5073436040 pop=5073348980 | errs p=0 c=172 empty=86
[01:02:39] push=  119436/s pop=  118575/s | tot push=5074630400 pop=5074534730 | errs p=0 c=172 empty=86
[01:02:49] push=  121652/s pop=  122060/s | tot push=5075846920 pop=5075755330 | errs p=0 c=172 empty=86
[01:02:59] push=  125486/s pop=  125365/s | tot push=5077101780 pop=5077008980 | errs p=0 c=172 empty=86
[01:03:09] push=  121377/s pop=  121989/s | tot push=5078315550 pop=5078228870 | errs p=0 c=172 empty=86
[01:03:19] push=  121533/s pop=  119899/s | tot push=5079530880 pop=5079427860 | errs p=0 c=172 empty=86
[01:03:29] push=  126412/s pop=  127863/s | tot push=5080795000 pop=5080706490 | errs p=0 c=172 empty=86
[01:03:39] push=  120582/s pop=  119718/s | tot push=5082000820 pop=5081903670 | errs p=0 c=172 empty=86
[01:03:49] push=  126410/s pop=  125520/s | tot push=5083264920 pop=5083158870 | errs p=0 c=172 empty=86
[01:03:59] push=  125977/s pop=  126184/s | tot push=5084524690 pop=5084420710 | errs p=0 c=172 empty=86
[01:04:09] push=  123630/s pop=  124246/s | tot push=5085760990 pop=5085663170 | errs p=0 c=172 empty=86
[01:04:19] push=  120027/s pop=  101668/s | tot push=5086961260 pop=5086679850 | errs p=0 c=172 empty=86
[01:04:29] push=  122030/s pop=  139148/s | tot push=5088181560 pop=5088071330 | errs p=0 c=172 empty=86
[01:04:39] push=  123894/s pop=  127251/s | tot push=5089420500 pop=5089343840 | errs p=0 c=172 empty=86
[01:04:49] push=  124287/s pop=  122969/s | tot push=5090663370 pop=5090573530 | errs p=0 c=172 empty=86
[01:04:59] push=  123055/s pop=  122470/s | tot push=5091893920 pop=5091798230 | errs p=0 c=172 empty=86
[01:05:09] push=  126848/s pop=  127109/s | tot push=5093162400 pop=5093069320 | errs p=0 c=172 empty=86
[01:05:19] push=  124558/s pop=  124576/s | tot push=5094407980 pop=5094315080 | errs p=0 c=172 empty=86
[01:05:29] push=  123868/s pop=  123476/s | tot push=5095646660 pop=5095549840 | errs p=0 c=172 empty=86
[01:05:39] push=  122884/s pop=  123274/s | tot push=5096875500 pop=5096782580 | errs p=0 c=172 empty=86
[01:05:49] push=  124688/s pop=  125677/s | tot push=5098122380 pop=5098039350 | errs p=0 c=172 empty=86
[01:05:59] push=  119182/s pop=  116607/s | tot push=5099314200 pop=5099205420 | errs p=0 c=172 empty=86
[01:06:09] push=  125486/s pop=  128866/s | tot push=5100569060 pop=5100494080 | errs p=0 c=172 empty=86
[01:06:19] push=  123832/s pop=  122458/s | tot push=5101807380 pop=5101718660 | errs p=0 c=172 empty=86
[01:06:29] push=  119128/s pop=  118485/s | tot push=5102998660 pop=5102903510 | errs p=0 c=172 empty=86
[01:06:39] push=  124885/s pop=  125251/s | tot push=5104247510 pop=5104156020 | errs p=0 c=172 empty=86
[01:06:49] push=  126038/s pop=  126860/s | tot push=5105507890 pop=5105424620 | errs p=0 c=172 empty=86
[01:06:59] push=  124394/s pop=  123719/s | tot push=5106751830 pop=5106661810 | errs p=0 c=172 empty=86
[01:07:09] push=  118728/s pop=  118433/s | tot push=5107939110 pop=5107846140 | errs p=0 c=172 empty=86
[01:07:19] push=  118690/s pop=  119479/s | tot push=5109126010 pop=5109040930 | errs p=0 c=172 empty=86
[01:07:29] push=  112986/s pop=  111079/s | tot push=5110255870 pop=5110151720 | errs p=0 c=172 empty=86
[01:07:39] push=  115914/s pop=  116490/s | tot push=5111415010 pop=5111316620 | errs p=0 c=172 empty=86
[01:07:49] push=  122884/s pop=  124069/s | tot push=5112643850 pop=5112557310 | errs p=0 c=172 empty=86
[01:07:59] push=  116494/s pop=  116281/s | tot push=5113808790 pop=5113720120 | errs p=0 c=172 empty=86
[01:08:09] push=  117482/s pop=  116782/s | tot push=5114983610 pop=5114887940 | errs p=0 c=172 empty=86
[01:08:19] push=  120448/s pop=  121799/s | tot push=5116188090 pop=5116105930 | errs p=0 c=172 empty=86
[01:08:29] push=  117895/s pop=  113750/s | tot push=5117367040 pop=5117243430 | errs p=0 c=172 empty=86
[01:08:39] push=  116309/s pop=  112116/s | tot push=5118530130 pop=5118364590 | errs p=0 c=172 empty=86
[01:08:49] push=  118529/s pop=  125018/s | tot push=5119715420 pop=5119614770 | errs p=0 c=172 empty=86
[01:08:59] push=  120376/s pop=  122744/s | tot push=5120919180 pop=5120842210 | errs p=0 c=172 empty=86
[01:09:09] push=  121829/s pop=  119460/s | tot push=5122137470 pop=5122036810 | errs p=0 c=172 empty=86
[01:09:19] push=  125267/s pop=  125301/s | tot push=5123390140 pop=5123289820 | errs p=0 c=172 empty=86
[01:09:29] push=  124302/s pop=  124120/s | tot push=5124633160 pop=5124531020 | errs p=0 c=172 empty=86
[01:09:39] push=  124570/s pop=  124673/s | tot push=5125878860 pop=5125777750 | errs p=0 c=172 empty=86
[01:09:49] push=  124593/s pop=  126083/s | tot push=5127124790 pop=5127038580 | errs p=0 c=172 empty=86
[01:09:59] push=  125511/s pop=  124476/s | tot push=5128379900 pop=5128283340 | errs p=0 c=172 empty=86
[01:10:09] push=  124131/s pop=  124945/s | tot push=5129621210 pop=5129532790 | errs p=0 c=172 empty=86
[01:10:19] push=  120869/s pop=  120014/s | tot push=5130829900 pop=5130732930 | errs p=0 c=172 empty=86
[01:10:29] push=  124587/s pop=  126520/s | tot push=5132075770 pop=5131998130 | errs p=0 c=172 empty=86
[01:10:39] push=  122975/s pop=  116349/s | tot push=5133305520 pop=5133161620 | errs p=0 c=172 empty=86
[01:10:49] push=  129173/s pop=  134718/s | tot push=5134597250 pop=5134508800 | errs p=0 c=172 empty=86
[01:10:59] push=  115043/s pop=  114201/s | tot push=5135747680 pop=5135650810 | errs p=0 c=172 empty=86
[01:11:09] push=  125032/s pop=  125140/s | tot push=5136998000 pop=5136902210 | errs p=0 c=172 empty=86
[01:11:19] push=  125397/s pop=  125776/s | tot push=5138251970 pop=5138159970 | errs p=0 c=172 empty=86
[01:11:29] push=  126480/s pop=  127499/s | tot push=5139516770 pop=5139434960 | errs p=0 c=172 empty=86
[01:11:39] push=  124168/s pop=  123752/s | tot push=5140758450 pop=5140672480 | errs p=0 c=172 empty=86
[01:11:49] push=  125287/s pop=  124893/s | tot push=5142011320 pop=5141921410 | errs p=0 c=172 empty=86
[01:11:59] push=  122532/s pop=  122268/s | tot push=5143236640 pop=5143144090 | errs p=0 c=172 empty=86
[01:12:09] push=  126174/s pop=  125785/s | tot push=5144498380 pop=5144401940 | errs p=0 c=172 empty=86
[01:12:19] push=  125301/s pop=  125813/s | tot push=5145751390 pop=5145660070 | errs p=0 c=172 empty=86
[01:12:29] push=  125988/s pop=  126381/s | tot push=5147011270 pop=5146923880 | errs p=0 c=172 empty=86
[01:12:39] push=  119717/s pop=  111414/s | tot push=5148208440 pop=5148038020 | errs p=0 c=172 empty=86
[01:12:49] push=  121091/s pop=  126347/s | tot push=5149419350 pop=5149301490 | errs p=0 c=172 empty=86
[01:12:59] push=  124779/s pop=  127610/s | tot push=5150667140 pop=5150577590 | errs p=0 c=172 empty=86
[01:13:09] push=  129124/s pop=  129334/s | tot push=5151958380 pop=5151870930 | errs p=0 c=172 empty=86
[01:13:19] push=  123153/s pop=  123956/s | tot push=5153189910 pop=5153110490 | errs p=0 c=172 empty=86
[01:13:29] push=  122775/s pop=  121438/s | tot push=5154417660 pop=5154324870 | errs p=0 c=172 empty=86
[01:13:39] push=  118324/s pop=  118311/s | tot push=5155600900 pop=5155507980 | errs p=0 c=172 empty=86
[01:13:49] push=  114528/s pop=  114414/s | tot push=5156746180 pop=5156652120 | errs p=0 c=172 empty=86
[01:13:59] push=  119091/s pop=  119353/s | tot push=5157937090 pop=5157845650 | errs p=0 c=172 empty=86
[01:14:09] push=  119172/s pop=  120064/s | tot push=5159128810 pop=5159046290 | errs p=0 c=172 empty=86
[01:14:19] push=  118334/s pop=  116092/s | tot push=5160312150 pop=5160207210 | errs p=0 c=172 empty=86
[01:14:29] push=  116710/s pop=  118067/s | tot push=5161479250 pop=5161387880 | errs p=0 c=172 empty=86
[01:14:39] push=  116741/s pop=  117135/s | tot push=5162646660 pop=5162559230 | errs p=0 c=172 empty=86
[01:14:49] push=  118192/s pop=  116113/s | tot push=5163828580 pop=5163720360 | errs p=0 c=172 empty=86
[01:14:59] push=  120453/s pop=  122846/s | tot push=5165033110 pop=5164948820 | errs p=0 c=172 empty=86
[01:15:09] push=  118882/s pop=  118893/s | tot push=5166221930 pop=5166137750 | errs p=0 c=172 empty=86
[01:15:19] push=  116901/s pop=  115050/s | tot push=5167390940 pop=5167288250 | errs p=0 c=172 empty=86
[01:15:29] push=  125855/s pop=  126774/s | tot push=5168649490 pop=5168555990 | errs p=0 c=172 empty=86
[01:15:39] push=  119781/s pop=  120288/s | tot push=5169847300 pop=5169758870 | errs p=0 c=172 empty=86
[01:15:49] push=  123012/s pop=  123251/s | tot push=5171077420 pop=5170991380 | errs p=0 c=172 empty=86
[01:15:59] push=  123417/s pop=  122255/s | tot push=5172311590 pop=5172213930 | errs p=0 c=172 empty=86
[01:16:09] push=  125573/s pop=  126671/s | tot push=5173567320 pop=5173480640 | errs p=0 c=172 empty=86
[01:16:19] push=  123460/s pop=  123226/s | tot push=5174801920 pop=5174712900 | errs p=0 c=172 empty=86
[01:16:29] push=  123109/s pop=  123800/s | tot push=5176033010 pop=5175950900 | errs p=0 c=172 empty=86
[01:16:39] push=  127484/s pop=  125836/s | tot push=5177307850 pop=5177209260 | errs p=0 c=172 empty=86
[01:16:49] push=  122918/s pop=  123079/s | tot push=5178537030 pop=5178440050 | errs p=0 c=172 empty=86
[01:16:59] push=  118546/s pop=  117044/s | tot push=5179722490 pop=5179610490 | errs p=0 c=172 empty=86
[01:17:09] push=  124341/s pop=  126684/s | tot push=5180965900 pop=5180877330 | errs p=0 c=172 empty=86
[01:17:19] push=  122509/s pop=  122280/s | tot push=5182190990 pop=5182100130 | errs p=0 c=172 empty=86
[01:17:29] push=  122126/s pop=  121791/s | tot push=5183412250 pop=5183318040 | errs p=0 c=172 empty=86
[01:17:39] push=  125670/s pop=  125941/s | tot push=5184668950 pop=5184577450 | errs p=0 c=172 empty=86
[01:17:49] push=  124596/s pop=  124425/s | tot push=5185914910 pop=5185821700 | errs p=0 c=172 empty=86
[01:17:59] push=  123257/s pop=  123641/s | tot push=5187147480 pop=5187058110 | errs p=0 c=172 empty=86
[01:18:09] push=  122053/s pop=  121197/s | tot push=5188368010 pop=5188270080 | errs p=0 c=172 empty=86
[01:18:19] push=  126263/s pop=  126861/s | tot push=5189630640 pop=5189538690 | errs p=0 c=172 empty=86
[01:18:29] push=  121237/s pop=  122756/s | tot push=5190843010 pop=5190766250 | errs p=0 c=172 empty=86
[01:18:39] push=  123145/s pop=  121919/s | tot push=5192074460 pop=5191985440 | errs p=0 c=172 empty=86
[01:18:49] push=  124959/s pop=  125284/s | tot push=5193324050 pop=5193238280 | errs p=0 c=172 empty=86
[01:18:59] push=  125094/s pop=  125165/s | tot push=5194574990 pop=5194489930 | errs p=0 c=172 empty=86
[01:19:09] push=  119969/s pop=  117024/s | tot push=5195774680 pop=5195660170 | errs p=0 c=172 empty=86
[01:19:19] push=  125347/s pop=  127007/s | tot push=5197028150 pop=5196930240 | errs p=0 c=172 empty=86
[01:19:29] push=  126876/s pop=  127606/s | tot push=5198296910 pop=5198206300 | errs p=0 c=172 empty=86
[01:19:39] push=  124588/s pop=  124439/s | tot push=5199542790 pop=5199450690 | errs p=0 c=172 empty=86
[01:19:49] push=  123085/s pop=  121337/s | tot push=5200773640 pop=5200664060 | errs p=0 c=172 empty=86
[01:19:59] push=  119021/s pop=  120864/s | tot push=5201963850 pop=5201872700 | errs p=0 c=172 empty=86
[01:20:09] push=  118853/s pop=  116570/s | tot push=5203152380 pop=5203038400 | errs p=0 c=172 empty=86
[01:20:19] push=  118651/s pop=  120724/s | tot push=5204338890 pop=5204245640 | errs p=0 c=172 empty=86
[01:20:29] push=  120634/s pop=  121370/s | tot push=5205545230 pop=5205459340 | errs p=0 c=172 empty=86
[01:20:39] push=  117339/s pop=  117352/s | tot push=5206718620 pop=5206632860 | errs p=0 c=172 empty=86
[01:20:49] push=  115893/s pop=  114460/s | tot push=5207877550 pop=5207777460 | errs p=0 c=172 empty=86
[01:20:59] push=  113212/s pop=  112750/s | tot push=5209009670 pop=5208904960 | errs p=0 c=172 empty=86
[01:21:09] push=  117517/s pop=  115486/s | tot push=5210184840 pop=5210059820 | errs p=0 c=172 empty=86
[01:21:19] push=  113079/s pop=  115750/s | tot push=5211315630 pop=5211217320 | errs p=0 c=172 empty=86
[01:21:29] push=  117585/s pop=  117047/s | tot push=5212491480 pop=5212387790 | errs p=0 c=172 empty=86
[01:21:39] push=  119530/s pop=  120015/s | tot push=5213686780 pop=5213587940 | errs p=0 c=172 empty=86
[01:21:49] push=  119298/s pop=  119941/s | tot push=5214879760 pop=5214787350 | errs p=0 c=172 empty=86
[01:21:59] push=  120043/s pop=  118644/s | tot push=5216080190 pop=5215973790 | errs p=0 c=172 empty=86
[01:22:09] push=  125452/s pop=  127782/s | tot push=5217334710 pop=5217251610 | errs p=0 c=172 empty=86
[01:22:19] push=  122266/s pop=  122074/s | tot push=5218557370 pop=5218472350 | errs p=0 c=172 empty=86
[01:22:29] push=  122746/s pop=  120876/s | tot push=5219784830 pop=5219681110 | errs p=0 c=172 empty=86
[01:22:39] push=  124811/s pop=  124438/s | tot push=5221032940 pop=5220925490 | errs p=0 c=172 empty=86
[01:22:49] push=  126691/s pop=  127202/s | tot push=5222299850 pop=5222197510 | errs p=0 c=172 empty=86
[01:22:59] push=  125207/s pop=  124889/s | tot push=5223551920 pop=5223446400 | errs p=0 c=172 empty=86
[01:23:09] push=  123904/s pop=  125588/s | tot push=5224790960 pop=5224702280 | errs p=0 c=172 empty=86
[01:23:19] push=  127111/s pop=  127476/s | tot push=5226062070 pop=5225977040 | errs p=0 c=172 empty=86
[01:23:29] push=  122739/s pop=  122820/s | tot push=5227289460 pop=5227205240 | errs p=0 c=172 empty=86
[01:23:39] push=  125138/s pop=  124708/s | tot push=5228540840 pop=5228452320 | errs p=0 c=172 empty=86
[01:23:49] push=  126101/s pop=  126358/s | tot push=5229801850 pop=5229715900 | errs p=0 c=172 empty=86
[01:23:59] push=  122031/s pop=  120301/s | tot push=5231022160 pop=5230918910 | errs p=0 c=172 empty=86
[01:24:09] push=  121721/s pop=  122716/s | tot push=5232239370 pop=5232146070 | errs p=0 c=172 empty=86
[01:24:19] push=  126425/s pop=  127475/s | tot push=5233503620 pop=5233420820 | errs p=0 c=172 empty=86
[01:24:29] push=  122395/s pop=  119181/s | tot push=5234727570 pop=5234612630 | errs p=0 c=172 empty=86
[01:24:39] push=  122196/s pop=  124496/s | tot push=5235949530 pop=5235857590 | errs p=0 c=172 empty=86
[01:24:49] push=  123922/s pop=  123018/s | tot push=5237188750 pop=5237087770 | errs p=0 c=172 empty=86
[01:24:59] push=  125645/s pop=  126840/s | tot push=5238445200 pop=5238356170 | errs p=0 c=172 empty=86
[01:25:09] push=  126203/s pop=  126444/s | tot push=5239707230 pop=5239620610 | errs p=0 c=172 empty=86
[01:25:19] push=  125692/s pop=  124299/s | tot push=5240964150 pop=5240863600 | errs p=0 c=172 empty=86
[01:25:29] push=  117231/s pop=  115898/s | tot push=5242136460 pop=5242022580 | errs p=0 c=172 empty=86
[01:25:39] push=  125037/s pop=  127723/s | tot push=5243386830 pop=5243299810 | errs p=0 c=172 empty=86
[01:25:49] push=  126879/s pop=  126389/s | tot push=5244655620 pop=5244563700 | errs p=0 c=172 empty=86
[01:25:59] push=  124471/s pop=  125303/s | tot push=5245900330 pop=5245816730 | errs p=0 c=172 empty=86
[01:26:09] push=  125876/s pop=  124328/s | tot push=5247159090 pop=5247060010 | errs p=0 c=172 empty=86
[01:26:19] push=  120542/s pop=  120869/s | tot push=5248364510 pop=5248268700 | errs p=0 c=172 empty=86
[01:26:29] push=  115972/s pop=  115227/s | tot push=5249524230 pop=5249420970 | errs p=0 c=172 empty=86
[01:26:39] push=  119486/s pop=  120293/s | tot push=5250719090 pop=5250623900 | errs p=0 c=172 empty=86
[01:26:49] push=  121592/s pop=  123174/s | tot push=5251935010 pop=5251855640 | errs p=0 c=172 empty=86
[01:26:59] push=  116381/s pop=  115330/s | tot push=5253098820 pop=5253008940 | errs p=0 c=172 empty=86
[01:27:09] push=  115980/s pop=  116200/s | tot push=5254258620 pop=5254170940 | errs p=0 c=172 empty=86
[01:27:19] push=  119586/s pop=  119467/s | tot push=5255454480 pop=5255365610 | errs p=0 c=172 empty=86
[01:27:29] push=  119392/s pop=  118333/s | tot push=5256648400 pop=5256548940 | errs p=0 c=172 empty=86
[01:27:39] push=  114094/s pop=  113717/s | tot push=5257789340 pop=5257686110 | errs p=0 c=172 empty=86
[01:27:49] push=  122155/s pop=  123773/s | tot push=5259010890 pop=5258923840 | errs p=0 c=172 empty=86
[01:27:59] push=  116301/s pop=  116827/s | tot push=5260173900 pop=5260092110 | errs p=0 c=172 empty=86
[01:28:09] push=  118877/s pop=  114250/s | tot push=5261362670 pop=5261234610 | errs p=0 c=172 empty=87
[01:28:19] push=  120527/s pop=  124247/s | tot push=5262567940 pop=5262477080 | errs p=0 c=172 empty=87
[01:28:29] push=  124691/s pop=  125439/s | tot push=5263814850 pop=5263731470 | errs p=0 c=172 empty=87
[01:28:39] push=  124615/s pop=  122649/s | tot push=5265061000 pop=5264957960 | errs p=0 c=172 empty=87
[01:28:49] push=  124073/s pop=  124748/s | tot push=5266301730 pop=5266205440 | errs p=0 c=172 empty=87
[01:28:59] push=  127467/s pop=  127748/s | tot push=5267576400 pop=5267482920 | errs p=0 c=172 empty=87
[01:29:09] push=  125385/s pop=  125754/s | tot push=5268830250 pop=5268740460 | errs p=0 c=172 empty=87
[01:29:19] push=  123881/s pop=  123940/s | tot push=5270069060 pop=5269979860 | errs p=0 c=172 empty=87
[01:29:29] push=  121184/s pop=  118715/s | tot push=5271280900 pop=5271167010 | errs p=0 c=172 empty=87
[01:29:39] push=  121331/s pop=  123118/s | tot push=5272494210 pop=5272398190 | errs p=0 c=172 empty=87
[01:29:49] push=  123367/s pop=  114855/s | tot push=5273727880 pop=5273546740 | errs p=0 c=172 empty=87
[01:29:59] push=  120753/s pop=  130065/s | tot push=5274935410 pop=5274847390 | errs p=0 c=172 empty=87
[01:30:09] push=  125962/s pop=  125939/s | tot push=5276195030 pop=5276106780 | errs p=0 c=172 empty=87
[01:30:19] push=  124650/s pop=  124590/s | tot push=5277441530 pop=5277352680 | errs p=0 c=172 empty=87
[01:30:29] push=  122991/s pop=  122807/s | tot push=5278671440 pop=5278580750 | errs p=0 c=172 empty=87
[01:30:39] push=  123105/s pop=  123163/s | tot push=5279902490 pop=5279812380 | errs p=0 c=172 empty=87
[01:30:49] push=  124164/s pop=  122300/s | tot push=5281144130 pop=5281035380 | errs p=0 c=172 empty=87
[01:30:59] push=  123872/s pop=  125325/s | tot push=5282382850 pop=5282288630 | errs p=0 c=172 empty=87
[01:31:09] push=  125771/s pop=  124879/s | tot push=5283640560 pop=5283537420 | errs p=0 c=172 empty=87
[01:31:19] push=  122447/s pop=  124508/s | tot push=5284865030 pop=5284782500 | errs p=0 c=172 empty=87
[01:31:29] push=  121841/s pop=  119917/s | tot push=5286083440 pop=5285981670 | errs p=0 c=172 empty=87
[01:31:39] push=  126506/s pop=  127504/s | tot push=5287348500 pop=5287256710 | errs p=0 c=172 empty=87
[01:31:49] push=  121575/s pop=  120182/s | tot push=5288564250 pop=5288458530 | errs p=0 c=172 empty=87
[01:31:59] push=  122812/s pop=  124576/s | tot push=5289792370 pop=5289704290 | errs p=0 c=172 empty=87
[01:32:09] push=  125109/s pop=  123937/s | tot push=5291043460 pop=5290943660 | errs p=0 c=172 empty=87
[01:32:19] push=  125672/s pop=  125354/s | tot push=5292300180 pop=5292197200 | errs p=0 c=172 empty=87
[01:32:29] push=  127876/s pop=  129089/s | tot push=5293578940 pop=5293488090 | errs p=0 c=172 empty=87
[01:32:39] push=  121785/s pop=  122546/s | tot push=5294796790 pop=5294713550 | errs p=0 c=172 empty=87
[01:32:49] push=  119040/s pop=  117455/s | tot push=5295987190 pop=5295888100 | errs p=0 c=172 empty=87
[01:32:59] push=  116086/s pop=  116349/s | tot push=5297148050 pop=5297051590 | errs p=0 c=172 empty=87
[01:33:09] push=  118761/s pop=  117246/s | tot push=5298335660 pop=5298224050 | errs p=0 c=172 empty=87
[01:33:19] push=  115798/s pop=  117296/s | tot push=5299493640 pop=5299397010 | errs p=0 c=172 empty=87
[01:33:29] push=  121454/s pop=  122060/s | tot push=5300708180 pop=5300617610 | errs p=0 c=172 empty=87
[01:33:39] push=  115490/s pop=  115540/s | tot push=5301863080 pop=5301773010 | errs p=0 c=172 empty=87
[01:33:49] push=  116417/s pop=  115842/s | tot push=5303027250 pop=5302931430 | errs p=0 c=172 empty=87
[01:33:59] push=  118178/s pop=  116112/s | tot push=5304209030 pop=5304092550 | errs p=0 c=172 empty=87
[01:34:09] push=  121850/s pop=  122716/s | tot push=5305427530 pop=5305319710 | errs p=0 c=172 empty=87
[01:34:19] push=  119002/s pop=  120694/s | tot push=5306617550 pop=5306526650 | errs p=0 c=172 empty=87
[01:34:29] push=  121489/s pop=  121217/s | tot push=5307832440 pop=5307738820 | errs p=0 c=172 empty=87
[01:34:39] push=  118327/s pop=  119145/s | tot push=5309015710 pop=5308930270 | errs p=0 c=172 empty=87
[01:34:49] push=  119964/s pop=  120345/s | tot push=5310215350 pop=5310133720 | errs p=0 c=172 empty=87
[01:34:59] push=  120326/s pop=  119473/s | tot push=5311418610 pop=5311328450 | errs p=0 c=172 empty=87
[01:35:09] push=  125477/s pop=  124804/s | tot push=5312673380 pop=5312576490 | errs p=0 c=172 empty=87
[01:35:19] push=  123312/s pop=  124617/s | tot push=5313906500 pop=5313822660 | errs p=0 c=172 empty=87
[01:35:29] push=  123162/s pop=  120752/s | tot push=5315138120 pop=5315030180 | errs p=0 c=172 empty=87
[01:35:39] push=  126845/s pop=  129193/s | tot push=5316406570 pop=5316322110 | errs p=0 c=172 empty=87
[01:35:49] push=  124373/s pop=  124058/s | tot push=5317650300 pop=5317562690 | errs p=0 c=172 empty=87
[01:35:59] push=  120999/s pop=  120445/s | tot push=5318860290 pop=5318767140 | errs p=0 c=172 empty=87
[01:36:09] push=  119820/s pop=  109938/s | tot push=5320058490 pop=5319866520 | errs p=0 c=172 empty=87
[01:36:19] push=  125466/s pop=  135028/s | tot push=5321313150 pop=5321216800 | errs p=0 c=172 empty=87
[01:36:29] push=  121762/s pop=  122079/s | tot push=5322530770 pop=5322437590 | errs p=0 c=172 empty=87
[01:36:39] push=  123727/s pop=  123940/s | tot push=5323768040 pop=5323676990 | errs p=0 c=172 empty=87
[01:36:49] push=  125421/s pop=  126154/s | tot push=5325022250 pop=5324938530 | errs p=0 c=172 empty=87
[01:36:59] push=  127534/s pop=  128404/s | tot push=5326297590 pop=5326222570 | errs p=0 c=172 empty=87
[01:37:09] push=  122862/s pop=  121087/s | tot push=5327526210 pop=5327433440 | errs p=0 c=172 empty=87
[01:37:19] push=  123769/s pop=  123669/s | tot push=5328763900 pop=5328670130 | errs p=0 c=172 empty=87
[01:37:29] push=  122299/s pop=  120071/s | tot push=5329986890 pop=5329870840 | errs p=0 c=172 empty=87
[01:37:39] push=  125131/s pop=  128258/s | tot push=5331238200 pop=5331153420 | errs p=0 c=172 empty=87
[01:37:49] push=  122678/s pop=  122518/s | tot push=5332464980 pop=5332378600 | errs p=0 c=172 empty=87
[01:37:59] push=  124280/s pop=  122896/s | tot push=5333707780 pop=5333607560 | errs p=0 c=172 empty=87
[01:38:09] push=  123373/s pop=  124410/s | tot push=5334941510 pop=5334851660 | errs p=0 c=172 empty=87
[01:38:19] push=  118750/s pop=  113960/s | tot push=5336129010 pop=5335991260 | errs p=0 c=172 empty=87
[01:38:29] push=  124936/s pop=  130325/s | tot push=5337378370 pop=5337294510 | errs p=0 c=172 empty=87
[01:38:39] push=  125849/s pop=  125473/s | tot push=5338636860 pop=5338549240 | errs p=0 c=172 empty=87
[01:38:49] push=  125450/s pop=  124351/s | tot push=5339891360 pop=5339792750 | errs p=0 c=172 empty=87
[01:38:59] push=  125823/s pop=  126631/s | tot push=5341149590 pop=5341059060 | errs p=0 c=172 empty=87
[01:39:09] push=  120199/s pop=  118888/s | tot push=5342351580 pop=5342247940 | errs p=0 c=172 empty=87
[01:39:19] push=  116351/s pop=  118787/s | tot push=5343515090 pop=5343435810 | errs p=0 c=172 empty=87
[01:39:29] push=  118026/s pop=  116703/s | tot push=5344695350 pop=5344602840 | errs p=0 c=172 empty=87
[01:39:39] push=  118441/s pop=  112075/s | tot push=5345879760 pop=5345723590 | errs p=0 c=172 empty=87
[01:39:49] push=  115389/s pop=  120156/s | tot push=5347033650 pop=5346925150 | errs p=0 c=172 empty=87
[01:39:59] push=  118708/s pop=  120846/s | tot push=5348220730 pop=5348133610 | errs p=0 c=172 empty=87
[01:40:09] push=  121752/s pop=  121312/s | tot push=5349438250 pop=5349346730 | errs p=0 c=172 empty=87
[01:40:19] push=  114760/s pop=  105764/s | tot push=5350585850 pop=5350404370 | errs p=0 c=172 empty=87
[01:40:29] push=  116555/s pop=  124465/s | tot push=5351751400 pop=5351649020 | errs p=0 c=172 empty=87
[01:40:39] push=  116247/s pop=  117077/s | tot push=5352913870 pop=5352819790 | errs p=0 c=172 empty=87
[01:40:49] push=  117986/s pop=  118093/s | tot push=5354093730 pop=5354000720 | errs p=0 c=172 empty=87
[01:40:59] push=  119499/s pop=  118175/s | tot push=5355288720 pop=5355182470 | errs p=0 c=172 empty=87
[01:41:09] push=  124361/s pop=  125610/s | tot push=5356532330 pop=5356438570 | errs p=0 c=172 empty=87
[01:41:19] push=  122745/s pop=  121806/s | tot push=5357759780 pop=5357656630 | errs p=0 c=172 empty=87
[01:41:29] push=  123566/s pop=  124151/s | tot push=5358995440 pop=5358898140 | errs p=0 c=172 empty=87
[01:41:39] push=  121968/s pop=  122766/s | tot push=5360215120 pop=5360125800 | errs p=0 c=172 empty=87
[01:41:49] push=  123071/s pop=  122311/s | tot push=5361445830 pop=5361348910 | errs p=0 c=172 empty=87
[01:41:59] push=  126464/s pop=  127629/s | tot push=5362710470 pop=5362625200 | errs p=0 c=172 empty=87
[01:42:09] push=  128051/s pop=  128093/s | tot push=5363990980 pop=5363906130 | errs p=0 c=172 empty=87
[01:42:19] push=  119829/s pop=  114398/s | tot push=5365189270 pop=5365050110 | errs p=0 c=172 empty=87
[01:42:29] push=  121605/s pop=  126964/s | tot push=5366405320 pop=5366319750 | errs p=0 c=172 empty=87
[01:42:39] push=  125264/s pop=  123685/s | tot push=5367657960 pop=5367556600 | errs p=0 c=172 empty=87
[01:42:49] push=  125227/s pop=  126073/s | tot push=5368910230 pop=5368817330 | errs p=0 c=172 empty=87
[01:42:59] push=  125888/s pop=  126480/s | tot push=5370169110 pop=5370082130 | errs p=0 c=172 empty=89
[01:43:09] push=  125847/s pop=  126272/s | tot push=5371427580 pop=5371344850 | errs p=0 c=172 empty=89
[01:43:19] push=  123643/s pop=  123048/s | tot push=5372664010 pop=5372575330 | errs p=0 c=172 empty=89
[01:43:29] push=  124949/s pop=  123579/s | tot push=5373913500 pop=5373811120 | errs p=0 c=172 empty=89
[01:43:39] push=  124481/s pop=  124975/s | tot push=5375158310 pop=5375060870 | errs p=0 c=172 empty=89
[01:43:49] push=  128205/s pop=  127736/s | tot push=5376440360 pop=5376338230 | errs p=0 c=172 empty=89
[01:43:59] push=  124727/s pop=  126560/s | tot push=5377687630 pop=5377603830 | errs p=0 c=172 empty=89
[01:44:09] push=  123103/s pop=  122288/s | tot push=5378918660 pop=5378826710 | errs p=0 c=172 empty=89
[01:44:19] push=  120854/s pop=  121396/s | tot push=5380127200 pop=5380040670 | errs p=0 c=172 empty=89
[01:44:29] push=  123086/s pop=  121157/s | tot push=5381358060 pop=5381252240 | errs p=0 c=172 empty=89
[01:44:39] push=  124007/s pop=  125158/s | tot push=5382598130 pop=5382503820 | errs p=0 c=172 empty=89
[01:44:49] push=  125849/s pop=  123900/s | tot push=5383856620 pop=5383742820 | errs p=0 c=172 empty=89
[01:44:59] push=  127920/s pop=  128725/s | tot push=5385135820 pop=5385030070 | errs p=0 c=172 empty=89
[01:45:09] push=  125355/s pop=  127171/s | tot push=5386389370 pop=5386301780 | errs p=0 c=172 empty=89
[01:45:19] push=  122430/s pop=  122821/s | tot push=5387613670 pop=5387529990 | errs p=0 c=172 empty=89
[01:45:29] push=  117208/s pop=  114604/s | tot push=5388785750 pop=5388676030 | errs p=0 c=172 empty=89
[01:45:39] push=  114917/s pop=  117170/s | tot push=5389934920 pop=5389847730 | errs p=0 c=172 empty=89
[01:45:49] push=  120394/s pop=  120431/s | tot push=5391138860 pop=5391052040 | errs p=0 c=172 empty=89
[01:45:59] push=  118492/s pop=  114345/s | tot push=5392323780 pop=5392195490 | errs p=0 c=172 empty=89
[01:46:09] push=  113399/s pop=  116873/s | tot push=5393457770 pop=5393364220 | errs p=0 c=172 empty=89
[01:46:19] push=  115855/s pop=  112839/s | tot push=5394616320 pop=5394492610 | errs p=0 c=172 empty=89
[01:46:29] push=  115423/s pop=  117492/s | tot push=5395770550 pop=5395667530 | errs p=0 c=172 empty=89
[01:46:39] push=  121676/s pop=  123219/s | tot push=5396987310 pop=5396899720 | errs p=0 c=172 empty=89
[01:46:49] push=  117450/s pop=  117992/s | tot push=5398161810 pop=5398079640 | errs p=0 c=172 empty=89
[01:46:59] push=  121484/s pop=  122262/s | tot push=5399376650 pop=5399302260 | errs p=0 c=172 empty=89
[01:47:09] push=  117961/s pop=  116409/s | tot push=5400556260 pop=5400466350 | errs p=0 c=172 empty=89
[01:47:19] push=  124190/s pop=  122794/s | tot push=5401798160 pop=5401694290 | errs p=0 c=172 empty=89
[01:47:29] push=  120067/s pop=  121962/s | tot push=5402998830 pop=5402913910 | errs p=0 c=172 empty=89
[01:47:39] push=  126636/s pop=  126280/s | tot push=5404265190 pop=5404176710 | errs p=0 c=172 empty=89
[01:47:49] push=  124672/s pop=  124469/s | tot push=5405511910 pop=5405421400 | errs p=0 c=172 empty=89
[01:47:59] push=  123574/s pop=  124287/s | tot push=5406747650 pop=5406664270 | errs p=0 c=172 empty=89
[01:48:09] push=  123989/s pop=  123379/s | tot push=5407987540 pop=5407898060 | errs p=0 c=172 empty=89
[01:48:19] push=  119710/s pop=  109130/s | tot push=5409184640 pop=5408989360 | errs p=0 c=172 empty=89
[01:48:29] push=  122070/s pop=  133428/s | tot push=5410405340 pop=5410323640 | errs p=0 c=172 empty=89
[01:48:39] push=  126464/s pop=  125652/s | tot push=5411669980 pop=5411580160 | errs p=0 c=172 empty=89
[01:48:49] push=  125627/s pop=  126365/s | tot push=5412926250 pop=5412843810 | errs p=0 c=172 empty=89
[01:48:59] push=  123066/s pop=  122778/s | tot push=5414156910 pop=5414071590 | errs p=0 c=172 empty=89
[01:49:09] push=  123375/s pop=  122195/s | tot push=5415390660 pop=5415293540 | errs p=0 c=172 empty=89
[01:49:19] push=  123828/s pop=  123939/s | tot push=5416628940 pop=5416532930 | errs p=0 c=172 empty=89
[01:49:29] push=  125423/s pop=  125514/s | tot push=5417883170 pop=5417788070 | errs p=0 c=172 empty=89
[01:49:39] push=  126562/s pop=  126029/s | tot push=5419148790 pop=5419048360 | errs p=0 c=172 empty=89
[01:49:49] push=  125282/s pop=  123084/s | tot push=5420401610 pop=5420279200 | errs p=0 c=172 empty=89
[01:49:59] push=  123763/s pop=  127143/s | tot push=5421639240 pop=5421550630 | errs p=0 c=172 empty=89
[01:50:09] push=  124416/s pop=  124089/s | tot push=5422883400 pop=5422791520 | errs p=0 c=172 empty=89
[01:50:19] push=  125185/s pop=  123217/s | tot push=5424135250 pop=5424023690 | errs p=0 c=172 empty=89
[01:50:29] push=  127424/s pop=  129045/s | tot push=5425409490 pop=5425314140 | errs p=0 c=172 empty=89
[01:50:39] push=  125168/s pop=  125763/s | tot push=5426661170 pop=5426571770 | errs p=0 c=172 empty=89
[01:50:49] push=  124246/s pop=  123004/s | tot push=5427903630 pop=5427801810 | errs p=0 c=172 empty=89
[01:50:59] push=  119894/s pop=  120324/s | tot push=5429102570 pop=5429005050 | errs p=0 c=172 empty=89
[01:51:09] push=  122492/s pop=  123635/s | tot push=5430327490 pop=5430241400 | errs p=0 c=172 empty=89
[01:51:19] push=  125692/s pop=  125184/s | tot push=5431584410 pop=5431493240 | errs p=0 c=172 empty=89
[01:51:29] push=  124999/s pop=  126365/s | tot push=5432834400 pop=5432756890 | errs p=0 c=172 empty=89
[01:51:39] push=  124329/s pop=  124395/s | tot push=5434077690 pop=5434000840 | errs p=0 c=172 empty=89
[01:51:49] push=  118200/s pop=  116200/s | tot push=5435259690 pop=5435162840 | errs p=0 c=172 empty=89
[01:51:59] push=  117365/s pop=  117146/s | tot push=5436433340 pop=5436334300 | errs p=0 c=172 empty=89
[01:52:09] push=  118742/s pop=  120176/s | tot push=5437620760 pop=5437536060 | errs p=0 c=172 empty=89
[01:52:19] push=  118655/s pop=  116776/s | tot push=5438807310 pop=5438703820 | errs p=0 c=172 empty=89
[01:52:29] push=  115123/s pop=  115092/s | tot push=5439958540 pop=5439854740 | errs p=0 c=172 empty=89
[01:52:39] push=  117109/s pop=  108131/s | tot push=5441129630 pop=5440936050 | errs p=0 c=172 empty=89
[01:52:49] push=  116671/s pop=  126599/s | tot push=5442296340 pop=5442202040 | errs p=0 c=172 empty=89
[01:52:59] push=  119314/s pop=  118702/s | tot push=5443489480 pop=5443389060 | errs p=0 c=172 empty=89
[01:53:09] push=  118094/s pop=  120074/s | tot push=5444670420 pop=5444589800 | errs p=0 c=172 empty=89
[01:53:19] push=  120788/s pop=  120950/s | tot push=5445878300 pop=5445799300 | errs p=0 c=172 empty=89
[01:53:29] push=  118829/s pop=  116558/s | tot push=5447066590 pop=5446964880 | errs p=0 c=172 empty=89
[01:53:39] push=  123907/s pop=  122781/s | tot push=5448305660 pop=5448192690 | errs p=0 c=172 empty=89
[01:53:49] push=  119292/s pop=  122552/s | tot push=5449498580 pop=5449418210 | errs p=0 c=172 empty=89
[01:53:59] push=  126528/s pop=  126048/s | tot push=5450763860 pop=5450678690 | errs p=0 c=172 empty=89
[01:54:09] push=  122216/s pop=  121309/s | tot push=5451986020 pop=5451891780 | errs p=0 c=172 empty=89
[01:54:19] push=  122461/s pop=  121558/s | tot push=5453210630 pop=5453107360 | errs p=0 c=172 empty=89
[01:54:29] push=  123043/s pop=  123394/s | tot push=5454441060 pop=5454341300 | errs p=0 c=172 empty=89
[01:54:39] push=  123271/s pop=  123900/s | tot push=5455673770 pop=5455580300 | errs p=0 c=172 empty=89
[01:54:49] push=  122014/s pop=  121755/s | tot push=5456893910 pop=5456797850 | errs p=0 c=172 empty=89
[01:54:59] push=  122762/s pop=  122524/s | tot push=5458121530 pop=5458023090 | errs p=0 c=172 empty=89
[01:55:09] push=  124716/s pop=  125783/s | tot push=5459368690 pop=5459280920 | errs p=0 c=172 empty=89
[01:55:19] push=  125971/s pop=  125453/s | tot push=5460628400 pop=5460535450 | errs p=0 c=172 empty=89
[01:55:29] push=  125491/s pop=  125581/s | tot push=5461883310 pop=5461791260 | errs p=0 c=172 empty=89
[01:55:39] push=  123704/s pop=  123349/s | tot push=5463120350 pop=5463024750 | errs p=0 c=172 empty=89
[01:55:49] push=  121599/s pop=  123059/s | tot push=5464336340 pop=5464255340 | errs p=0 c=172 empty=89
[01:55:59] push=  125649/s pop=  123326/s | tot push=5465592830 pop=5465488600 | errs p=0 c=172 empty=89
[01:56:09] push=  120707/s pop=  122468/s | tot push=5466799900 pop=5466713280 | errs p=0 c=172 empty=89
[01:56:19] push=  122826/s pop=  123126/s | tot push=5468028160 pop=5467944540 | errs p=0 c=172 empty=89
[01:56:29] push=  124434/s pop=  123345/s | tot push=5469272500 pop=5469177990 | errs p=0 c=172 empty=89
[01:56:39] push=  120623/s pop=  114119/s | tot push=5470478730 pop=5470319180 | errs p=0 c=172 empty=89
[01:56:49] push=  118923/s pop=  123061/s | tot push=5471667960 pop=5471549790 | errs p=0 c=172 empty=89
[01:56:59] push=  125908/s pop=  129103/s | tot push=5472927040 pop=5472840820 | errs p=0 c=172 empty=89
[01:57:09] push=  125113/s pop=  126005/s | tot push=5474178170 pop=5474100870 | errs p=0 c=172 empty=89
[01:57:19] push=  122618/s pop=  119333/s | tot push=5475404350 pop=5475294200 | errs p=0 c=172 empty=89
[01:57:29] push=  121070/s pop=  123058/s | tot push=5476615050 pop=5476524780 | errs p=0 c=172 empty=89
[01:57:39] push=  124608/s pop=  123893/s | tot push=5477861130 pop=5477763710 | errs p=0 c=172 empty=89
[01:57:49] push=  124785/s pop=  124941/s | tot push=5479108980 pop=5479013120 | errs p=0 c=172 empty=89
[01:57:59] push=  125253/s pop=  125407/s | tot push=5480361510 pop=5480267190 | errs p=0 c=172 empty=89
[01:58:09] push=  121930/s pop=  122092/s | tot push=5481580810 pop=5481488110 | errs p=0 c=172 empty=89
[01:58:19] push=  121953/s pop=  121974/s | tot push=5482800340 pop=5482707850 | errs p=0 c=172 empty=89
[01:58:29] push=  112960/s pop=  113553/s | tot push=5483929940 pop=5483843380 | errs p=0 c=172 empty=89
[01:58:39] push=  116799/s pop=  115087/s | tot push=5485097930 pop=5484994250 | errs p=0 c=172 empty=89
[01:58:49] push=  113663/s pop=  110378/s | tot push=5486234560 pop=5486098030 | errs p=0 c=172 empty=89
[01:58:59] push=  118348/s pop=  114320/s | tot push=5487418040 pop=5487241230 | errs p=0 c=172 empty=89
[01:59:09] push=  117365/s pop=  122183/s | tot push=5488591690 pop=5488463060 | errs p=0 c=172 empty=89
[01:59:19] push=  120690/s pop=  123939/s | tot push=5489798590 pop=5489702450 | errs p=0 c=172 empty=89
[01:59:29] push=  116970/s pop=  118063/s | tot push=5490968290 pop=5490883080 | errs p=0 c=172 empty=89
[01:59:39] push=  116768/s pop=  116124/s | tot push=5492135970 pop=5492044320 | errs p=0 c=172 empty=89
[01:59:49] push=  120434/s pop=  121078/s | tot push=5493340310 pop=5493255100 | errs p=0 c=172 empty=89
[01:59:59] push=  118694/s pop=  118590/s | tot push=5494527250 pop=5494441000 | errs p=0 c=172 empty=89
[02:00:09] push=  117108/s pop=  115229/s | tot push=5495698330 pop=5495593290 | errs p=0 c=172 empty=89
[02:00:19] push=  125335/s pop=  126236/s | tot push=5496951680 pop=5496855650 | errs p=0 c=172 empty=89
[02:00:29] push=  125273/s pop=  125211/s | tot push=5498204410 pop=5498107760 | errs p=0 c=172 empty=89
[02:00:39] push=  127863/s pop=  126284/s | tot push=5499483040 pop=5499370600 | errs p=0 c=172 empty=89
[02:00:49] push=  123995/s pop=  127297/s | tot push=5500722990 pop=5500643570 | errs p=0 c=172 empty=89
[02:00:59] push=  122060/s pop=  122103/s | tot push=5501943590 pop=5501864600 | errs p=0 c=172 empty=89
[02:01:09] push=  125585/s pop=  124720/s | tot push=5503199440 pop=5503111800 | errs p=0 c=172 empty=89
[02:01:19] push=  125990/s pop=  126674/s | tot push=5504459340 pop=5504378540 | errs p=0 c=172 empty=89
[02:01:29] push=  122902/s pop=  122271/s | tot push=5505688360 pop=5505601250 | errs p=0 c=172 empty=89
[02:01:39] push=  121606/s pop=  121897/s | tot push=5506904420 pop=5506820220 | errs p=0 c=172 empty=89
[02:01:49] push=  125983/s pop=  125692/s | tot push=5508164250 pop=5508077140 | errs p=0 c=172 empty=89
[02:01:59] push=  127637/s pop=  127798/s | tot push=5509440620 pop=5509355120 | errs p=0 c=172 empty=89
[02:02:09] push=  126302/s pop=  125921/s | tot push=5510703640 pop=5510614330 | errs p=0 c=172 empty=89
[02:02:19] push=  121706/s pop=  123132/s | tot push=5511920700 pop=5511845650 | errs p=0 c=172 empty=89
[02:02:29] push=  123200/s pop=  121772/s | tot push=5513152700 pop=5513063370 | errs p=0 c=172 empty=89
[02:02:39] push=  126264/s pop=  126109/s | tot push=5514415340 pop=5514324460 | errs p=0 c=172 empty=89
[02:02:49] push=  122898/s pop=  123566/s | tot push=5515644320 pop=5515560120 | errs p=0 c=172 empty=89
[02:02:59] push=  124643/s pop=  123788/s | tot push=5516890750 pop=5516798000 | errs p=0 c=172 empty=89
[02:03:09] push=  120157/s pop=  118011/s | tot push=5518092320 pop=5517978110 | errs p=0 c=172 empty=89
[02:03:19] push=  126773/s pop=  126340/s | tot push=5519360050 pop=5519241510 | errs p=0 c=172 empty=89
[02:03:29] push=  124904/s pop=  128473/s | tot push=5520609090 pop=5520526240 | errs p=0 c=172 empty=89
[02:03:39] push=  124880/s pop=  124430/s | tot push=5521857890 pop=5521770540 | errs p=0 c=172 empty=89
[02:03:49] push=  121154/s pop=  120797/s | tot push=5523069430 pop=5522978510 | errs p=0 c=172 empty=89
[02:03:59] push=  125687/s pop=  126082/s | tot push=5524326300 pop=5524239330 | errs p=0 c=172 empty=89
[02:04:09] push=  122826/s pop=  122700/s | tot push=5525554560 pop=5525466330 | errs p=0 c=172 empty=89
[02:04:19] push=  122345/s pop=  121920/s | tot push=5526778010 pop=5526685530 | errs p=0 c=172 empty=89
[02:04:29] push=  125535/s pop=  125069/s | tot push=5528033360 pop=5527936220 | errs p=0 c=172 empty=89
[02:04:39] push=  118872/s pop=  119203/s | tot push=5529222080 pop=5529128250 | errs p=0 c=172 empty=89
[02:04:49] push=  114203/s pop=  114960/s | tot push=5530364110 pop=5530277850 | errs p=0 c=172 empty=89
[02:04:59] push=  117215/s pop=  115241/s | tot push=5531536260 pop=5531430260 | errs p=0 c=172 empty=89
[02:05:09] push=  116613/s pop=  114532/s | tot push=5532702390 pop=5532575580 | errs p=0 c=172 empty=89
[02:05:19] push=  116745/s pop=  118574/s | tot push=5533869840 pop=5533761320 | errs p=0 c=172 empty=89
[02:05:29] push=  116029/s pop=  118288/s | tot push=5535030130 pop=5534944200 | errs p=0 c=172 empty=89
[02:05:39] push=  112873/s pop=  110493/s | tot push=5536158860 pop=5536049130 | errs p=0 c=172 empty=89
[02:05:49] push=  123049/s pop=  124347/s | tot push=5537389350 pop=5537292600 | errs p=0 c=172 empty=89
[02:05:59] push=  117923/s pop=  116798/s | tot push=5538568580 pop=5538460580 | errs p=0 c=172 empty=89
[02:06:09] push=  117861/s pop=  119766/s | tot push=5539747190 pop=5539658240 | errs p=0 c=172 empty=89
[02:06:19] push=  121314/s pop=  121414/s | tot push=5540960330 pop=5540872380 | errs p=0 c=172 empty=89
[02:06:29] push=  119681/s pop=  119096/s | tot push=5542157140 pop=5542063340 | errs p=0 c=172 empty=89
[02:06:39] push=  125025/s pop=  124853/s | tot push=5543407390 pop=5543311870 | errs p=0 c=172 empty=89
[02:06:49] push=  127644/s pop=  127776/s | tot push=5544683830 pop=5544589630 | errs p=0 c=172 empty=89
[02:06:59] push=  118557/s pop=  119948/s | tot push=5545869400 pop=5545789110 | errs p=0 c=172 empty=89
[02:07:09] push=  126082/s pop=  124176/s | tot push=5547130220 pop=5547030870 | errs p=0 c=172 empty=89
[02:07:19] push=  125217/s pop=  126694/s | tot push=5548382390 pop=5548297810 | errs p=0 c=172 empty=89
[02:07:29] push=  122205/s pop=  121043/s | tot push=5549604440 pop=5549508240 | errs p=0 c=172 empty=89
[02:07:39] push=  125175/s pop=  126246/s | tot push=5550856190 pop=5550770700 | errs p=0 c=172 empty=89
[02:07:49] push=  124990/s pop=  124507/s | tot push=5552106090 pop=5552015770 | errs p=0 c=172 empty=89
[02:07:59] push=  125316/s pop=  123708/s | tot push=5553359250 pop=5553252850 | errs p=0 c=172 empty=89
[02:08:09] push=  128289/s pop=  130760/s | tot push=5554642140 pop=5554560450 | errs p=0 c=172 empty=89
[02:08:19] push=  125545/s pop=  124610/s | tot push=5555897590 pop=5555806550 | errs p=0 c=172 empty=89
[02:08:29] push=  123405/s pop=  122531/s | tot push=5557131640 pop=5557031860 | errs p=0 c=172 empty=89
[02:08:39] push=  122592/s pop=  124183/s | tot push=5558357560 pop=5558273690 | errs p=0 c=172 empty=89
[02:08:49] push=  124080/s pop=  122172/s | tot push=5559598360 pop=5559495410 | errs p=0 c=172 empty=89
[02:08:59] push=  124781/s pop=  125262/s | tot push=5560846170 pop=5560748030 | errs p=0 c=172 empty=89
[02:09:09] push=  125819/s pop=  127146/s | tot push=5562104360 pop=5562019490 | errs p=0 c=172 empty=89
[02:09:19] push=  122755/s pop=  122319/s | tot push=5563331910 pop=5563242680 | errs p=0 c=172 empty=89
[02:09:29] push=  121348/s pop=  114949/s | tot push=5564545390 pop=5564392170 | errs p=0 c=172 empty=89
[02:09:39] push=  123177/s pop=  127713/s | tot push=5565777160 pop=5565669300 | errs p=0 c=172 empty=89
[02:09:49] push=  120863/s pop=  121966/s | tot push=5566985790 pop=5566888960 | errs p=0 c=172 empty=89
[02:09:59] push=  126511/s pop=  126139/s | tot push=5568250900 pop=5568150350 | errs p=0 c=172 empty=89
[02:10:09] push=  123260/s pop=  124394/s | tot push=5569483500 pop=5569394290 | errs p=0 c=172 empty=89
[02:10:19] push=  122364/s pop=  122148/s | tot push=5570707140 pop=5570615770 | errs p=0 c=172 empty=89
[02:10:29] push=  122615/s pop=  122740/s | tot push=5571933290 pop=5571843170 | errs p=0 c=172 empty=89
[02:10:39] push=  125488/s pop=  125301/s | tot push=5573188170 pop=5573096180 | errs p=0 c=172 empty=89
[02:10:49] push=  126109/s pop=  126780/s | tot push=5574449260 pop=5574363980 | errs p=0 c=172 empty=89
[02:10:59] push=  116202/s pop=  115303/s | tot push=5575611280 pop=5575517010 | errs p=0 c=172 empty=89
[02:11:09] push=  117974/s pop=  117220/s | tot push=5576791020 pop=5576689210 | errs p=0 c=172 empty=89
[02:11:19] push=  115671/s pop=  116810/s | tot push=5577947730 pop=5577857310 | errs p=0 c=172 empty=89
[02:11:29] push=  121671/s pop=  122145/s | tot push=5579164440 pop=5579078760 | errs p=0 c=172 empty=89
[02:11:39] push=  115708/s pop=  113820/s | tot push=5580321520 pop=5580216960 | errs p=0 c=172 empty=89
[02:11:49] push=  119042/s pop=  119145/s | tot push=5581511940 pop=5581408410 | errs p=0 c=172 empty=89
[02:11:59] push=  119961/s pop=  119322/s | tot push=5582711550 pop=5582601630 | errs p=0 c=172 empty=89
[02:12:09] push=  117321/s pop=  119303/s | tot push=5583884760 pop=5583794660 | errs p=0 c=172 empty=89
[02:12:19] push=  116094/s pop=  116884/s | tot push=5585045700 pop=5584963500 | errs p=0 c=172 empty=89
[02:12:29] push=  120732/s pop=  120451/s | tot push=5586253020 pop=5586168010 | errs p=0 c=172 empty=89
[02:12:39] push=  118394/s pop=  117828/s | tot push=5587436960 pop=5587346290 | errs p=0 c=172 empty=89
[02:12:49] push=  119417/s pop=  120416/s | tot push=5588631130 pop=5588550450 | errs p=0 c=172 empty=89
[02:12:59] push=  118450/s pop=  118426/s | tot push=5589815630 pop=5589734710 | errs p=0 c=172 empty=89
[02:13:09] push=  122590/s pop=  121483/s | tot push=5591041530 pop=5590949540 | errs p=0 c=172 empty=89
[02:13:19] push=  123678/s pop=  123676/s | tot push=5592278310 pop=5592186300 | errs p=0 c=172 empty=89
[02:13:29] push=  122674/s pop=  123111/s | tot push=5593505050 pop=5593417410 | errs p=0 c=172 empty=89
[02:13:39] push=  120310/s pop=  116765/s | tot push=5594708150 pop=5594585060 | errs p=0 c=172 empty=89
[02:13:49] push=  118769/s pop=  121260/s | tot push=5595895840 pop=5595797660 | errs p=0 c=172 empty=89
[02:13:59] push=  124336/s pop=  124898/s | tot push=5597139200 pop=5597046640 | errs p=0 c=172 empty=89
[02:14:09] push=  124629/s pop=  124317/s | tot push=5598385490 pop=5598289810 | errs p=0 c=172 empty=89
[02:14:19] push=  122680/s pop=  122345/s | tot push=5599612290 pop=5599513260 | errs p=0 c=172 empty=89
[02:14:29] push=  123249/s pop=  124788/s | tot push=5600844780 pop=5600761140 | errs p=0 c=172 empty=89
[02:14:39] push=  123910/s pop=  122957/s | tot push=5602083880 pop=5601990710 | errs p=0 c=172 empty=89
[02:14:49] push=  125988/s pop=  127174/s | tot push=5603343760 pop=5603262450 | errs p=0 c=172 empty=89
[02:14:59] push=  121262/s pop=  121312/s | tot push=5604556380 pop=5604475570 | errs p=0 c=172 empty=89
[02:15:09] push=  123673/s pop=  122264/s | tot push=5605793110 pop=5605698210 | errs p=0 c=172 empty=89
[02:15:19] push=  124051/s pop=  123796/s | tot push=5607033620 pop=5606936170 | errs p=0 c=172 empty=89
[02:15:29] push=  124996/s pop=  125479/s | tot push=5608283580 pop=5608190960 | errs p=0 c=172 empty=89
[02:15:39] push=  121983/s pop=  122144/s | tot push=5609503410 pop=5609412400 | errs p=0 c=172 empty=89
[02:15:49] push=  121509/s pop=  120621/s | tot push=5610718500 pop=5610618610 | errs p=0 c=172 empty=89
[02:15:59] push=  121539/s pop=  122885/s | tot push=5611933890 pop=5611847460 | errs p=0 c=172 empty=89
[02:16:09] push=  126268/s pop=  125628/s | tot push=5613196570 pop=5613103740 | errs p=0 c=172 empty=89
[02:16:19] push=  128776/s pop=  126956/s | tot push=5614484330 pop=5614373300 | errs p=0 c=172 empty=89
[02:16:29] push=  122565/s pop=  124837/s | tot push=5615709980 pop=5615621670 | errs p=0 c=172 empty=89
[02:16:39] push=  123477/s pop=  122483/s | tot push=5616944750 pop=5616846500 | errs p=0 c=172 empty=89
[02:16:49] push=  126201/s pop=  126820/s | tot push=5618206760 pop=5618114700 | errs p=0 c=172 empty=89
[02:16:59] push=  124698/s pop=  126281/s | tot push=5619453740 pop=5619377510 | errs p=0 c=172 empty=89
[02:17:09] push=  126053/s pop=  124676/s | tot push=5620714270 pop=5620624270 | errs p=0 c=172 empty=89
[02:17:19] push=  123054/s pop=  122473/s | tot push=5621944810 pop=5621849000 | errs p=0 c=172 empty=89
[02:17:29] push=  118647/s pop=  118657/s | tot push=5623131280 pop=5623035570 | errs p=0 c=172 empty=89
[02:17:39] push=  116408/s pop=  117616/s | tot push=5624295360 pop=5624211730 | errs p=0 c=172 empty=89
[02:17:49] push=  120992/s pop=  119185/s | tot push=5625505280 pop=5625403580 | errs p=0 c=172 empty=89
[02:17:59] push=  112651/s pop=  111863/s | tot push=5626631790 pop=5626522210 | errs p=0 c=172 empty=89
[02:18:09] push=  119861/s pop=  119387/s | tot push=5627830400 pop=5627716080 | errs p=0 c=172 empty=89
[02:18:19] push=  116361/s pop=  115977/s | tot push=5628994010 pop=5628875850 | errs p=0 c=172 empty=89
[02:18:29] push=  120858/s pop=  122169/s | tot push=5630202590 pop=5630097540 | errs p=0 c=172 empty=89
[02:18:39] push=  118340/s pop=  117568/s | tot push=5631385990 pop=5631273220 | errs p=0 c=172 empty=89
[02:18:49] push=  120460/s pop=  122148/s | tot push=5632590590 pop=5632494700 | errs p=0 c=172 empty=89
[02:18:59] push=  117036/s pop=  117649/s | tot push=5633760950 pop=5633671190 | errs p=0 c=172 empty=89
[02:19:09] push=  119902/s pop=  120126/s | tot push=5634959970 pop=5634872450 | errs p=0 c=172 empty=89
[02:19:19] push=  120311/s pop=  120290/s | tot push=5636163080 pop=5636075350 | errs p=0 c=172 empty=89
[02:19:29] push=  124723/s pop=  123825/s | tot push=5637410310 pop=5637313600 | errs p=0 c=172 empty=89
[02:19:39] push=  123987/s pop=  124881/s | tot push=5638650180 pop=5638562410 | errs p=0 c=172 empty=89
[02:19:49] push=  118862/s pop=  119439/s | tot push=5639838800 pop=5639756800 | errs p=0 c=172 empty=89
[02:19:59] push=  118122/s pop=  116534/s | tot push=5641020020 pop=5640922140 | errs p=0 c=172 empty=89
[02:20:09] push=  120531/s pop=  117354/s | tot push=5642225330 pop=5642095680 | errs p=0 c=172 empty=89
[02:20:19] push=  117023/s pop=  119447/s | tot push=5643395560 pop=5643290150 | errs p=0 c=172 empty=89
[02:20:29] push=  121384/s pop=  123389/s | tot push=5644609400 pop=5644524040 | errs p=0 c=172 empty=89
[02:20:39] push=  125480/s pop=  121914/s | tot push=5645864200 pop=5645743180 | errs p=0 c=172 empty=89
[02:20:49] push=  125181/s pop=  128085/s | tot push=5647116010 pop=5647024030 | errs p=0 c=172 empty=89
[02:20:59] push=  124534/s pop=  125377/s | tot push=5648361350 pop=5648277800 | errs p=0 c=172 empty=89
[02:21:09] push=  126223/s pop=  124688/s | tot push=5649623580 pop=5649524680 | errs p=0 c=172 empty=89
[02:21:19] push=  121931/s pop=  123300/s | tot push=5650842890 pop=5650757680 | errs p=0 c=172 empty=89
[02:21:29] push=  121808/s pop=  122092/s | tot push=5652060970 pop=5651978600 | errs p=0 c=172 empty=89
[02:21:39] push=  122641/s pop=  119828/s | tot push=5653287380 pop=5653176880 | errs p=0 c=172 empty=89
[02:21:49] push=  122470/s pop=  124323/s | tot push=5654512080 pop=5654420110 | errs p=0 c=172 empty=89
[02:21:59] push=  122517/s pop=  122932/s | tot push=5655737250 pop=5655649430 | errs p=0 c=172 empty=89
[02:22:09] push=  123994/s pop=  125014/s | tot push=5656977190 pop=5656899570 | errs p=0 c=172 empty=89
[02:22:19] push=  121648/s pop=  119005/s | tot push=5658193670 pop=5658089620 | errs p=0 c=172 empty=89
[02:22:29] push=  121939/s pop=  122958/s | tot push=5659413060 pop=5659319200 | errs p=0 c=172 empty=89
[02:22:39] push=  123222/s pop=  122998/s | tot push=5660645280 pop=5660549180 | errs p=0 c=172 empty=89
[02:22:49] push=  123823/s pop=  123945/s | tot push=5661883510 pop=5661788630 | errs p=0 c=172 empty=89
[02:22:59] push=  122978/s pop=  123383/s | tot push=5663113290 pop=5663022460 | errs p=0 c=172 empty=89
[02:23:09] push=  124538/s pop=  124031/s | tot push=5664358670 pop=5664262770 | errs p=0 c=172 empty=89
[02:23:19] push=  125461/s pop=  125793/s | tot push=5665613280 pop=5665520700 | errs p=0 c=172 empty=89
[02:23:29] push=  125562/s pop=  125330/s | tot push=5666868900 pop=5666774000 | errs p=0 c=172 empty=89
[02:23:39] push=  117419/s pop=  117186/s | tot push=5668043090 pop=5667945860 | errs p=0 c=172 empty=89
[02:23:49] push=  118743/s pop=  119997/s | tot push=5669230520 pop=5669145830 | errs p=0 c=172 empty=89
[02:23:59] push=  119718/s pop=  117511/s | tot push=5670427700 pop=5670320940 | errs p=0 c=172 empty=89
[02:24:09] push=  116696/s pop=  117581/s | tot push=5671594660 pop=5671496750 | errs p=0 c=172 empty=89
[02:24:19] push=  117085/s pop=  116207/s | tot push=5672765510 pop=5672658820 | errs p=0 c=172 empty=89
[02:24:29] push=  118594/s pop=  118791/s | tot push=5673951450 pop=5673846730 | errs p=0 c=172 empty=89
[02:24:39] push=  118113/s pop=  120106/s | tot push=5675132580 pop=5675047790 | errs p=0 c=172 empty=89
[02:24:49] push=  120898/s pop=  120938/s | tot push=5676341560 pop=5676257170 | errs p=0 c=172 empty=89
[02:24:59] push=  116811/s pop=  117142/s | tot push=5677509670 pop=5677428590 | errs p=0 c=172 empty=89
[02:25:09] push=  120010/s pop=  120022/s | tot push=5678709770 pop=5678628810 | errs p=0 c=172 empty=89
[02:25:19] push=  117955/s pop=  116122/s | tot push=5679889320 pop=5679790030 | errs p=0 c=172 empty=89
[02:25:29] push=  125515/s pop=  123674/s | tot push=5681144470 pop=5681026770 | errs p=0 c=172 empty=89
[02:25:39] push=  120952/s pop=  121736/s | tot push=5682353990 pop=5682244130 | errs p=0 c=172 empty=89
[02:25:49] push=  126149/s pop=  128348/s | tot push=5683615480 pop=5683527610 | errs p=0 c=172 empty=89
[02:25:59] push=  120437/s pop=  120879/s | tot push=5684819850 pop=5684736400 | errs p=0 c=172 empty=89
[02:26:09] push=  124874/s pop=  122708/s | tot push=5686068590 pop=5685963480 | errs p=0 c=172 empty=89
[02:26:19] push=  122769/s pop=  121739/s | tot push=5687296280 pop=5687180870 | errs p=0 c=172 empty=89
[02:26:29] push=  125166/s pop=  126849/s | tot push=5688547940 pop=5688449360 | errs p=0 c=172 empty=89
[02:26:39] push=  124004/s pop=  123713/s | tot push=5689787980 pop=5689686490 | errs p=0 c=172 empty=89
[02:26:49] push=  124770/s pop=  124546/s | tot push=5691035680 pop=5690931950 | errs p=0 c=172 empty=89
[02:26:59] push=  123181/s pop=  123989/s | tot push=5692267490 pop=5692171840 | errs p=0 c=172 empty=89
[02:27:09] push=  126186/s pop=  125668/s | tot push=5693529350 pop=5693428520 | errs p=0 c=172 empty=89
[02:27:19] push=  126724/s pop=  126954/s | tot push=5694796590 pop=5694698060 | errs p=0 c=172 empty=89
[02:27:29] push=  126110/s pop=  128019/s | tot push=5696057690 pop=5695978250 | errs p=0 c=172 empty=89
[02:27:39] push=  123481/s pop=  121724/s | tot push=5697292500 pop=5697195490 | errs p=0 c=172 empty=89
[02:27:49] push=  121574/s pop=  123106/s | tot push=5698508240 pop=5698426550 | errs p=0 c=172 empty=89
[02:27:59] push=  122538/s pop=  120898/s | tot push=5699733620 pop=5699635530 | errs p=0 c=172 empty=89
[02:28:09] push=  123013/s pop=  123071/s | tot push=5700963750 pop=5700866240 | errs p=0 c=172 empty=89
[02:28:19] push=  122581/s pop=  120913/s | tot push=5702189560 pop=5702075370 | errs p=0 c=172 empty=89
[02:28:29] push=  121979/s pop=  123084/s | tot push=5703409350 pop=5703306210 | errs p=0 c=172 empty=89
[02:28:39] push=  123156/s pop=  125608/s | tot push=5704640910 pop=5704562290 | errs p=0 c=172 empty=89
[02:28:49] push=  122103/s pop=  118713/s | tot push=5705861940 pop=5705749420 | errs p=0 c=172 empty=89
[02:28:59] push=  122505/s pop=  125127/s | tot push=5707086990 pop=5707000690 | errs p=0 c=172 empty=89
[02:29:09] push=  127440/s pop=  126540/s | tot push=5708361390 pop=5708266090 | errs p=0 c=172 empty=89
[02:29:19] push=  123592/s pop=  124427/s | tot push=5709597310 pop=5709510360 | errs p=0 c=172 empty=89
[02:29:29] push=  124415/s pop=  123266/s | tot push=5710841460 pop=5710743020 | errs p=0 c=172 empty=89
[02:29:39] push=  122902/s pop=  124276/s | tot push=5712070480 pop=5711985780 | errs p=0 c=172 empty=89
[02:29:49] push=  125392/s pop=  122954/s | tot push=5713324400 pop=5713215320 | errs p=0 c=172 empty=89
[02:29:59] push=  117530/s pop=  118587/s | tot push=5714499700 pop=5714401190 | errs p=0 c=172 empty=89
[02:30:09] push=  120875/s pop=  121908/s | tot push=5715708450 pop=5715620270 | errs p=0 c=172 empty=89
[02:30:19] push=  115385/s pop=  113268/s | tot push=5716862300 pop=5716752950 | errs p=0 c=172 empty=89
[02:30:29] push=  115574/s pop=  109579/s | tot push=5718018040 pop=5717848740 | errs p=0 c=172 empty=89
[02:30:39] push=  114787/s pop=  119907/s | tot push=5719165910 pop=5719047810 | errs p=0 c=172 empty=89
[02:30:49] push=  120382/s pop=  121564/s | tot push=5720369730 pop=5720263450 | errs p=0 c=172 empty=89
[02:30:59] push=  113621/s pop=  113075/s | tot push=5721505940 pop=5721394200 | errs p=0 c=172 empty=89
[02:31:09] push=  118219/s pop=  120169/s | tot push=5722688130 pop=5722595890 | errs p=0 c=172 empty=89
[02:31:19] push=  116238/s pop=  115847/s | tot push=5723850510 pop=5723754360 | errs p=0 c=172 empty=89
[02:31:29] push=  121943/s pop=  121250/s | tot push=5725069940 pop=5724966860 | errs p=0 c=172 empty=89
[02:31:39] push=  118822/s pop=  120649/s | tot push=5726258160 pop=5726173350 | errs p=0 c=172 empty=89
[02:31:49] push=  121816/s pop=  122360/s | tot push=5727476320 pop=5727396950 | errs p=0 c=172 empty=91
[02:31:59] push=  117979/s pop=  112883/s | tot push=5728656110 pop=5728525780 | errs p=0 c=172 empty=91
[02:32:09] push=  124329/s pop=  128967/s | tot push=5729899400 pop=5729815450 | errs p=0 c=172 empty=91
[02:32:19] push=  122250/s pop=  119506/s | tot push=5731121900 pop=5731010510 | errs p=0 c=172 empty=91
[02:32:29] push=  121656/s pop=  121085/s | tot push=5732338460 pop=5732221360 | errs p=0 c=172 empty=91
[02:32:39] push=  118343/s pop=  121004/s | tot push=5733521890 pop=5733431400 | errs p=0 c=172 empty=91
[02:32:49] push=  123846/s pop=  122685/s | tot push=5734760350 pop=5734658250 | errs p=0 c=172 empty=91
[02:32:59] push=  123922/s pop=  124421/s | tot push=5735999570 pop=5735902460 | errs p=0 c=172 empty=91
[02:33:09] push=  129666/s pop=  131726/s | tot push=5737296230 pop=5737219720 | errs p=0 c=172 empty=91
[02:33:19] push=  122178/s pop=  122235/s | tot push=5738518010 pop=5738442070 | errs p=0 c=172 empty=91
[02:33:29] push=  127974/s pop=  125148/s | tot push=5739797750 pop=5739693550 | errs p=0 c=172 empty=91
[02:33:39] push=  127340/s pop=  129069/s | tot push=5741071150 pop=5740984240 | errs p=0 c=172 empty=91
[02:33:49] push=  123470/s pop=  121275/s | tot push=5742305850 pop=5742196990 | errs p=0 c=172 empty=91
[02:33:59] push=  119935/s pop=  120769/s | tot push=5743505200 pop=5743404680 | errs p=0 c=172 empty=91
[02:34:09] push=  126027/s pop=  127019/s | tot push=5744765470 pop=5744674870 | errs p=0 c=172 empty=91
[02:34:19] push=  122052/s pop=  123708/s | tot push=5745985990 pop=5745911950 | errs p=0 c=172 empty=91
[02:34:29] push=  122510/s pop=  118625/s | tot push=5747211090 pop=5747098200 | errs p=0 c=172 empty=91
[02:34:39] push=  122684/s pop=  124364/s | tot push=5748437930 pop=5748341840 | errs p=0 c=172 empty=91
[02:34:49] push=  125632/s pop=  126435/s | tot push=5749694250 pop=5749606190 | errs p=0 c=172 empty=91
[02:34:59] push=  122546/s pop=  120788/s | tot push=5750919710 pop=5750814070 | errs p=0 c=172 empty=91
[02:35:09] push=  122133/s pop=  120319/s | tot push=5752141040 pop=5752017260 | errs p=0 c=172 empty=91
[02:35:19] push=  119929/s pop=  123651/s | tot push=5753340330 pop=5753253770 | errs p=0 c=172 empty=91
[02:35:29] push=  122824/s pop=  121281/s | tot push=5754568570 pop=5754466580 | errs p=0 c=172 empty=91
[02:35:39] push=  122569/s pop=  122860/s | tot push=5755794260 pop=5755695180 | errs p=0 c=172 empty=91
[02:35:49] push=  122173/s pop=  117120/s | tot push=5757015990 pop=5756866380 | errs p=0 c=172 empty=91
[02:35:59] push=  121003/s pop=  126739/s | tot push=5758226020 pop=5758133770 | errs p=0 c=172 empty=91
[02:36:09] push=  125909/s pop=  126992/s | tot push=5759485110 pop=5759403690 | errs p=0 c=172 empty=91
[02:36:19] push=  119851/s pop=  118655/s | tot push=5760683620 pop=5760590240 | errs p=0 c=172 empty=91
[02:36:29] push=  120365/s pop=  120000/s | tot push=5761887270 pop=5761790240 | errs p=0 c=172 empty=91
[02:36:39] push=  117655/s pop=  117540/s | tot push=5763063820 pop=5762965640 | errs p=0 c=172 empty=91
[02:36:49] push=  118029/s pop=  114881/s | tot push=5764244110 pop=5764114450 | errs p=0 c=172 empty=91
[02:36:59] push=  117814/s pop=  121842/s | tot push=5765422250 pop=5765332870 | errs p=0 c=172 empty=91
[02:37:09] push=  117929/s pop=  117646/s | tot push=5766601540 pop=5766509330 | errs p=0 c=172 empty=91
[02:37:19] push=  113897/s pop=  113726/s | tot push=5767740510 pop=5767646590 | errs p=0 c=172 empty=91
[02:37:29] push=  118712/s pop=  118539/s | tot push=5768927630 pop=5768831980 | errs p=0 c=172 empty=91
[02:37:39] push=  116113/s pop=  117235/s | tot push=5770088760 pop=5770004330 | errs p=0 c=172 empty=91
[02:37:49] push=  121263/s pop=  120342/s | tot push=5771301390 pop=5771207750 | errs p=0 c=172 empty=91
[02:37:59] push=  121276/s pop=  120845/s | tot push=5772514150 pop=5772416200 | errs p=0 c=172 empty=91
[02:38:09] push=  122190/s pop=  122367/s | tot push=5773736050 pop=5773639870 | errs p=0 c=172 empty=91
[02:38:19] push=  116307/s pop=  117717/s | tot push=5774899120 pop=5774817040 | errs p=0 c=172 empty=91
[02:38:29] push=  124867/s pop=  123766/s | tot push=5776147790 pop=5776054700 | errs p=0 c=172 empty=91
[02:38:39] push=  124235/s pop=  124410/s | tot push=5777390140 pop=5777298800 | errs p=0 c=172 empty=91
[02:38:49] push=  124635/s pop=  124964/s | tot push=5778636490 pop=5778548440 | errs p=0 c=172 empty=91
[02:38:59] push=  120731/s pop=  120359/s | tot push=5779843800 pop=5779752030 | errs p=0 c=172 empty=91
[02:39:09] push=  126500/s pop=  126278/s | tot push=5781108800 pop=5781014810 | errs p=0 c=172 empty=91
[02:39:19] push=  121886/s pop=  122669/s | tot push=5782327660 pop=5782241500 | errs p=0 c=172 empty=91
[02:39:29] push=  123947/s pop=  121300/s | tot push=5783567130 pop=5783454500 | errs p=0 c=172 empty=91
[02:39:39] push=  126215/s pop=  128467/s | tot push=5784829280 pop=5784739170 | errs p=0 c=172 empty=91
[02:39:49] push=  124453/s pop=  124730/s | tot push=5786073810 pop=5785986470 | errs p=0 c=172 empty=91
[02:39:59] push=  122194/s pop=  121492/s | tot push=5787295750 pop=5787201390 | errs p=0 c=172 empty=91
[02:40:09] push=  127043/s pop=  127472/s | tot push=5788566180 pop=5788476110 | errs p=0 c=172 empty=91
[02:40:19] push=  122249/s pop=  122971/s | tot push=5789788670 pop=5789705820 | errs p=0 c=172 empty=91
[02:40:29] push=  124488/s pop=  122183/s | tot push=5791033550 pop=5790927650 | errs p=0 c=172 empty=91
[02:40:39] push=  124555/s pop=  126022/s | tot push=5792279100 pop=5792187870 | errs p=0 c=172 empty=91
[02:40:49] push=  127588/s pop=  128007/s | tot push=5793554980 pop=5793467940 | errs p=0 c=172 empty=91
[02:40:59] push=  123310/s pop=  121640/s | tot push=5794788080 pop=5794684340 | errs p=0 c=172 empty=91
[02:41:09] push=  121152/s pop=  118857/s | tot push=5795999600 pop=5795872910 | errs p=0 c=172 empty=91
[02:41:19] push=  122400/s pop=  124588/s | tot push=5797223600 pop=5797118790 | errs p=0 c=172 empty=91
[02:41:29] push=  124287/s pop=  125542/s | tot push=5798466470 pop=5798374210 | errs p=0 c=172 empty=91
[02:41:39] push=  123034/s pop=  121726/s | tot push=5799696810 pop=5799591470 | errs p=0 c=172 empty=91
[02:41:49] push=  127197/s pop=  128318/s | tot push=5800968780 pop=5800874650 | errs p=0 c=172 empty=91
[02:41:59] push=  124003/s pop=  123679/s | tot push=5802208810 pop=5802111440 | errs p=0 c=172 empty=91
[02:42:09] push=  124198/s pop=  123925/s | tot push=5803450790 pop=5803350690 | errs p=0 c=172 empty=91
[02:42:19] push=  125752/s pop=  126316/s | tot push=5804708310 pop=5804613850 | errs p=0 c=172 empty=91
[02:42:29] push=  127403/s pop=  128821/s | tot push=5805982340 pop=5805902060 | errs p=0 c=172 empty=91
[02:42:39] push=  121109/s pop=  120132/s | tot push=5807193430 pop=5807103380 | errs p=0 c=172 empty=91
[02:42:49] push=  120970/s pop=  121803/s | tot push=5808403130 pop=5808321410 | errs p=0 c=172 empty=91
[02:42:59] push=  117848/s pop=  117605/s | tot push=5809581610 pop=5809497460 | errs p=0 c=172 empty=91
[02:43:09] push=  118690/s pop=  116276/s | tot push=5810768510 pop=5810660220 | errs p=0 c=172 empty=91
[02:43:19] push=  111721/s pop=  109140/s | tot push=5811885720 pop=5811751620 | errs p=0 c=172 empty=91
[02:43:29] push=  122255/s pop=  126443/s | tot push=5813108270 pop=5813016050 | errs p=0 c=172 empty=91
[02:43:39] push=  113706/s pop=  111382/s | tot push=5814245330 pop=5814129870 | errs p=0 c=172 empty=91
[02:43:49] push=  118899/s pop=  120800/s | tot push=5815434320 pop=5815337870 | errs p=0 c=172 empty=91
[02:43:59] push=  117735/s pop=  118874/s | tot push=5816611670 pop=5816526610 | errs p=0 c=172 empty=91
[02:44:09] push=  123449/s pop=  120354/s | tot push=5817846160 pop=5817730150 | errs p=0 c=172 empty=92
[02:44:19] push=  115312/s pop=  117064/s | tot push=5818999280 pop=5818900790 | errs p=0 c=172 empty=92
[02:44:29] push=  120586/s pop=  122180/s | tot push=5820205140 pop=5820122590 | errs p=0 c=172 empty=92
[02:44:39] push=  121633/s pop=  121460/s | tot push=5821421470 pop=5821337190 | errs p=0 c=172 empty=92
[02:44:49] push=  123947/s pop=  122916/s | tot push=5822660940 pop=5822566350 | errs p=0 c=172 empty=92
[02:44:59] push=  119696/s pop=  119586/s | tot push=5823857900 pop=5823762210 | errs p=0 c=172 empty=92
[02:45:09] push=  125713/s pop=  125840/s | tot push=5825115030 pop=5825020610 | errs p=0 c=172 empty=92
[02:45:19] push=  121045/s pop=  121528/s | tot push=5826325480 pop=5826235890 | errs p=0 c=172 empty=92
[02:45:29] push=  123101/s pop=  121430/s | tot push=5827556490 pop=5827450190 | errs p=0 c=172 empty=93
[02:45:39] push=  122632/s pop=  123073/s | tot push=5828782810 pop=5828680920 | errs p=0 c=172 empty=93
[02:45:49] push=  125872/s pop=  125923/s | tot push=5830041530 pop=5829940150 | errs p=0 c=172 empty=93
[02:45:59] push=  121507/s pop=  121370/s | tot push=5831256600 pop=5831153850 | errs p=0 c=172 empty=93
[02:46:09] push=  123827/s pop=  123870/s | tot push=5832494870 pop=5832392550 | errs p=0 c=172 empty=93
[02:46:19] push=  125239/s pop=  127220/s | tot push=5833747260 pop=5833664750 | errs p=0 c=172 empty=93
[02:46:29] push=  122791/s pop=  121440/s | tot push=5834975170 pop=5834879150 | errs p=0 c=172 empty=93
[02:46:39] push=  119784/s pop=  119599/s | tot push=5836173010 pop=5836075140 | errs p=0 c=172 empty=93
[02:46:49] push=  124519/s pop=  125483/s | tot push=5837418200 pop=5837329970 | errs p=0 c=172 empty=93
[02:46:59] push=  123311/s pop=  122944/s | tot push=5838651310 pop=5838559410 | errs p=0 c=172 empty=93
[02:47:09] push=  121698/s pop=  120547/s | tot push=5839868290 pop=5839764880 | errs p=0 c=172 empty=93
[02:47:19] push=  124055/s pop=  126531/s | tot push=5841108840 pop=5841030190 | errs p=0 c=172 empty=93
[02:47:29] push=  122735/s pop=  122360/s | tot push=5842336190 pop=5842253790 | errs p=0 c=172 empty=93
[02:47:39] push=  119577/s pop=  117100/s | tot push=5843531960 pop=5843424790 | errs p=0 c=172 empty=93
[02:47:49] push=  121467/s pop=  120224/s | tot push=5844746630 pop=5844627030 | errs p=0 c=172 empty=93
[02:47:59] push=  124265/s pop=  127245/s | tot push=5845989280 pop=5845899480 | errs p=0 c=172 empty=93
[02:48:09] push=  122558/s pop=  122095/s | tot push=5847214860 pop=5847120430 | errs p=0 c=172 empty=93
[02:48:19] push=  122418/s pop=  122546/s | tot push=5848439040 pop=5848345890 | errs p=0 c=172 empty=93
[02:48:29] push=  128266/s pop=  127567/s | tot push=5849721700 pop=5849621560 | errs p=0 c=172 empty=93
[02:48:39] push=  123255/s pop=  125204/s | tot push=5850954250 pop=5850873600 | errs p=0 c=172 empty=93
[02:48:49] push=  123306/s pop=  120106/s | tot push=5852187310 pop=5852074660 | errs p=0 c=172 empty=93
[02:48:59] push=  126474/s pop=  128471/s | tot push=5853452050 pop=5853359370 | errs p=0 c=172 empty=93
[02:49:09] push=  119980/s pop=  121397/s | tot push=5854651850 pop=5854573340 | errs p=0 c=172 empty=93
[02:49:19] push=  114359/s pop=  110891/s | tot push=5855795440 pop=5855682250 | errs p=0 c=172 empty=93
[02:49:29] push=  117193/s pop=  118140/s | tot push=5856967370 pop=5856863650 | errs p=0 c=172 empty=93
[02:49:39] push=  119508/s pop=  114358/s | tot push=5858162450 pop=5858007230 | errs p=0 c=172 empty=93
[02:49:49] push=  113249/s pop=  115317/s | tot push=5859294940 pop=5859160400 | errs p=0 c=172 empty=93
[02:49:59] push=  117823/s pop=  120764/s | tot push=5860473170 pop=5860368040 | errs p=0 c=172 empty=93
[02:50:09] push=  118008/s pop=  119535/s | tot push=5861653250 pop=5861563390 | errs p=0 c=172 empty=93
[02:50:19] push=  118949/s pop=  117880/s | tot push=5862842740 pop=5862742190 | errs p=0 c=172 empty=93
[02:50:29] push=  114752/s pop=  115453/s | tot push=5863990260 pop=5863896720 | errs p=0 c=172 empty=93
[02:50:39] push=  122306/s pop=  122485/s | tot push=5865213320 pop=5865121570 | errs p=0 c=172 empty=93
[02:50:49] push=  117045/s pop=  118949/s | tot push=5866383770 pop=5866311060 | errs p=0 c=172 empty=93
[02:50:59] push=  121470/s pop=  119557/s | tot push=5867598470 pop=5867506630 | errs p=0 c=172 empty=93
[02:51:09] push=  123153/s pop=  123960/s | tot push=5868830000 pop=5868746230 | errs p=0 c=172 empty=93
[02:51:19] push=  126875/s pop=  126680/s | tot push=5870098750 pop=5870013030 | errs p=0 c=172 empty=93
[02:51:29] push=  117373/s pop=  115891/s | tot push=5871272480 pop=5871171940 | errs p=0 c=172 empty=93
[02:51:39] push=  121135/s pop=  119328/s | tot push=5872483830 pop=5872365220 | errs p=0 c=172 empty=93
[02:51:49] push=  117779/s pop=  118497/s | tot push=5873661620 pop=5873550190 | errs p=0 c=172 empty=93
[02:51:59] push=  123653/s pop=  125983/s | tot push=5874898150 pop=5874810020 | errs p=0 c=172 empty=93
[02:52:09] push=  122483/s pop=  121866/s | tot push=5876122980 pop=5876028680 | errs p=0 c=172 empty=93
[02:52:19] push=  125575/s pop=  125376/s | tot push=5877378730 pop=5877282440 | errs p=0 c=172 empty=93
[02:52:29] push=  125281/s pop=  126007/s | tot push=5878631540 pop=5878542510 | errs p=0 c=172 empty=93
[02:52:39] push=  121545/s pop=  121809/s | tot push=5879846990 pop=5879760600 | errs p=0 c=172 empty=93
[02:52:49] push=  121010/s pop=  120136/s | tot push=5881057090 pop=5880961960 | errs p=0 c=172 empty=93
[02:52:59] push=  125676/s pop=  125755/s | tot push=5882313850 pop=5882219510 | errs p=0 c=172 empty=93
[02:53:09] push=  121231/s pop=  120580/s | tot push=5883526160 pop=5883425310 | errs p=0 c=172 empty=93
[02:53:19] push=  123483/s pop=  124301/s | tot push=5884760990 pop=5884668320 | errs p=0 c=172 empty=93
[02:53:29] push=  125606/s pop=  125160/s | tot push=5886017050 pop=5885919920 | errs p=0 c=172 empty=93
[02:53:39] push=  120204/s pop=  119883/s | tot push=5887219090 pop=5887118750 | errs p=0 c=172 empty=93
[02:53:49] push=  119167/s pop=  118822/s | tot push=5888410760 pop=5888306970 | errs p=0 c=172 empty=93
[02:53:59] push=  126936/s pop=  127435/s | tot push=5889680120 pop=5889581320 | errs p=0 c=172 empty=93
[02:54:09] push=  126100/s pop=  125812/s | tot push=5890941120 pop=5890839440 | errs p=0 c=172 empty=93
[02:54:19] push=  123210/s pop=  124457/s | tot push=5892173220 pop=5892084010 | errs p=0 c=172 empty=93
[02:54:29] push=  125293/s pop=  124539/s | tot push=5893426150 pop=5893329400 | errs p=0 c=172 empty=93
[02:54:39] push=  128312/s pop=  128917/s | tot push=5894709270 pop=5894618570 | errs p=0 c=172 empty=93
[02:54:49] push=  121943/s pop=  121624/s | tot push=5895928700 pop=5895834810 | errs p=0 c=172 empty=93
[02:54:59] push=  124147/s pop=  124121/s | tot push=5897170170 pop=5897076020 | errs p=0 c=172 empty=93
[02:55:09] push=  124181/s pop=  124497/s | tot push=5898411980 pop=5898320990 | errs p=0 c=172 empty=93
[02:55:19] push=  122902/s pop=  122229/s | tot push=5899641000 pop=5899543280 | errs p=0 c=172 empty=93
[02:55:29] push=  119231/s pop=  119954/s | tot push=5900833310 pop=5900742820 | errs p=0 c=172 empty=93
[02:55:39] push=  122844/s pop=  122173/s | tot push=5902061750 pop=5901964550 | errs p=0 c=172 empty=93
[02:55:49] push=  116083/s pop=  117027/s | tot push=5903222580 pop=5903134820 | errs p=0 c=172 empty=93
[02:55:59] push=  115378/s pop=  115395/s | tot push=5904376360 pop=5904288770 | errs p=0 c=172 empty=93
[02:56:09] push=  118801/s pop=  117133/s | tot push=5905564370 pop=5905460100 | errs p=0 c=172 empty=93
[02:56:19] push=  120476/s pop=  121981/s | tot push=5906769130 pop=5906679910 | errs p=0 c=172 empty=94
[02:56:29] push=  114393/s pop=  111528/s | tot push=5907913060 pop=5907795190 | errs p=0 c=172 empty=94
[02:56:39] push=  121423/s pop=  123417/s | tot push=5909127290 pop=5909029360 | errs p=0 c=172 empty=94
[02:56:49] push=  119538/s pop=  121319/s | tot push=5910322670 pop=5910242550 | errs p=0 c=172 empty=94
[02:56:59] push=  122440/s pop=  120880/s | tot push=5911547070 pop=5911451350 | errs p=0 c=172 empty=94
[02:57:09] push=  118884/s pop=  118762/s | tot push=5912735910 pop=5912638970 | errs p=0 c=172 empty=94
[02:57:19] push=  124445/s pop=  124882/s | tot push=5913980360 pop=5913887790 | errs p=0 c=172 empty=94
[02:57:29] push=  119849/s pop=  120012/s | tot push=5915178850 pop=5915087910 | errs p=0 c=172 empty=94
[02:57:39] push=  123385/s pop=  121905/s | tot push=5916412700 pop=5916306960 | errs p=0 c=172 empty=94
[02:57:49] push=  119790/s pop=  121278/s | tot push=5917610600 pop=5917519740 | errs p=0 c=172 empty=94
[02:57:59] push=  126569/s pop=  124081/s | tot push=5918876290 pop=5918760550 | errs p=0 c=172 empty=94
[02:58:09] push=  119152/s pop=  120535/s | tot push=5920067810 pop=5919965900 | errs p=0 c=172 empty=94
[02:58:19] push=  123021/s pop=  119523/s | tot push=5921298020 pop=5921161130 | errs p=0 c=172 empty=94
[02:58:29] push=  125993/s pop=  129689/s | tot push=5922557950 pop=5922458020 | errs p=0 c=172 empty=94
[02:58:39] push=  126223/s pop=  126173/s | tot push=5923820180 pop=5923719750 | errs p=0 c=172 empty=94
[02:58:49] push=  123051/s pop=  122332/s | tot push=5925050690 pop=5924943070 | errs p=0 c=172 empty=94
[02:58:59] push=  129650/s pop=  130567/s | tot push=5926347190 pop=5926248740 | errs p=0 c=172 empty=94
[02:59:09] push=  121156/s pop=  120728/s | tot push=5927558750 pop=5927456020 | errs p=0 c=172 empty=94
[02:59:19] push=  123258/s pop=  121934/s | tot push=5928791330 pop=5928675360 | errs p=0 c=172 empty=94
[02:59:29] push=  124028/s pop=  125323/s | tot push=5930031610 pop=5929928590 | errs p=0 c=172 empty=94
[02:59:39] push=  125791/s pop=  124066/s | tot push=5931289520 pop=5931169250 | errs p=0 c=172 empty=94
[02:59:49] push=  120770/s pop=  123622/s | tot push=5932497220 pop=5932405470 | errs p=0 c=172 empty=94
[02:59:59] push=  127528/s pop=  128010/s | tot push=5933772500 pop=5933685570 | errs p=0 c=172 empty=94
[03:00:09] push=  123426/s pop=  123668/s | tot push=5935006760 pop=5934922250 | errs p=0 c=172 empty=94
[03:00:19] push=  124921/s pop=  124721/s | tot push=5936255970 pop=5936169460 | errs p=0 c=172 empty=94
[03:00:29] push=  120313/s pop=  119335/s | tot push=5937459100 pop=5937362810 | errs p=0 c=172 empty=94
[03:00:39] push=  126361/s pop=  127519/s | tot push=5938722710 pop=5938638000 | errs p=0 c=172 empty=94
[03:00:49] push=  123175/s pop=  122350/s | tot push=5939954460 pop=5939861500 | errs p=0 c=172 empty=94
[03:00:59] push=  123497/s pop=  123391/s | tot push=5941189430 pop=5941095410 | errs p=0 c=172 empty=94
[03:01:09] push=  125340/s pop=  124192/s | tot push=5942442830 pop=5942337330 | errs p=0 c=172 empty=94
[03:01:19] push=  127452/s pop=  129687/s | tot push=5943717350 pop=5943634200 | errs p=0 c=172 empty=94
[03:01:29] push=  120877/s pop=  118612/s | tot push=5944926120 pop=5944820320 | errs p=0 c=172 empty=94
[03:01:39] push=  124631/s pop=  126050/s | tot push=5946172430 pop=5946080820 | errs p=0 c=172 empty=94
[03:01:49] push=  118729/s pop=  117882/s | tot push=5947359720 pop=5947259640 | errs p=0 c=172 empty=94
[03:01:59] push=  120037/s pop=  119949/s | tot push=5948560090 pop=5948459130 | errs p=0 c=172 empty=94
[03:02:09] push=  114583/s pop=  115089/s | tot push=5949705920 pop=5949610020 | errs p=0 c=172 empty=94
[03:02:19] push=  117818/s pop=  116991/s | tot push=5950884100 pop=5950779930 | errs p=0 c=172 empty=94
[03:02:29] push=  116336/s pop=  116831/s | tot push=5952047460 pop=5951948240 | errs p=0 c=172 empty=94
[03:02:39] push=  118919/s pop=  116332/s | tot push=5953236650 pop=5953111560 | errs p=0 c=172 empty=94
[03:02:49] push=  117446/s pop=  120290/s | tot push=5954411110 pop=5954314460 | errs p=0 c=172 empty=94
[03:02:59] push=  119086/s pop=  118795/s | tot push=5955601970 pop=5955502410 | errs p=0 c=172 empty=94
[03:03:09] push=  116175/s pop=  117299/s | tot push=5956763720 pop=5956675400 | errs p=0 c=172 empty=94
[03:03:19] push=  119650/s pop=  118573/s | tot push=5957960220 pop=5957861130 | errs p=0 c=172 empty=94
[03:03:29] push=  122041/s pop=  124379/s | tot push=5959180630 pop=5959104920 | errs p=0 c=172 empty=94
[03:03:39] push=  120761/s pop=  120396/s | tot push=5960388240 pop=5960308880 | errs p=0 c=172 empty=94
[03:03:49] push=  118454/s pop=  115663/s | tot push=5961572780 pop=5961465510 | errs p=0 c=172 empty=94
[03:03:59] push=  121107/s pop=  122912/s | tot push=5962783850 pop=5962694630 | errs p=0 c=172 empty=94
[03:04:09] push=  123761/s pop=  124223/s | tot push=5964021460 pop=5963936860 | errs p=0 c=172 empty=94
[03:04:19] push=  123263/s pop=  121010/s | tot push=5965254090 pop=5965146960 | errs p=0 c=172 empty=94
[03:04:29] push=  119438/s pop=  118726/s | tot push=5966448470 pop=5966334220 | errs p=0 c=172 empty=94
[03:04:39] push=  125202/s pop=  127059/s | tot push=5967700490 pop=5967604810 | errs p=0 c=172 empty=94
[03:04:49] push=  125691/s pop=  125610/s | tot push=5968957400 pop=5968860910 | errs p=0 c=172 empty=94
[03:04:59] push=  123716/s pop=  124094/s | tot push=5970194560 pop=5970101850 | errs p=0 c=172 empty=94
[03:05:09] push=  127381/s pop=  128436/s | tot push=5971468370 pop=5971386210 | errs p=0 c=172 empty=94
[03:05:19] push=  124690/s pop=  123776/s | tot push=5972715270 pop=5972623970 | errs p=0 c=172 empty=94
[03:05:29] push=  122979/s pop=  121916/s | tot push=5973945060 pop=5973843130 | errs p=0 c=172 empty=94
[03:05:39] push=  123701/s pop=  124224/s | tot push=5975182070 pop=5975085370 | errs p=0 c=172 empty=94
[03:05:49] push=  125995/s pop=  126701/s | tot push=5976442020 pop=5976352380 | errs p=0 c=172 empty=94
[03:05:59] push=  120207/s pop=  121533/s | tot push=5977644090 pop=5977567710 | errs p=0 c=172 empty=94
[03:06:09] push=  123751/s pop=  121009/s | tot push=5978881600 pop=5978777800 | errs p=0 c=172 empty=94
[03:06:19] push=  126812/s pop=  128131/s | tot push=5980149720 pop=5980059110 | errs p=0 c=172 empty=94
[03:06:29] push=  121832/s pop=  117341/s | tot push=5981368040 pop=5981232520 | errs p=0 c=172 empty=94
[03:06:39] push=  118983/s pop=  122344/s | tot push=5982557870 pop=5982455960 | errs p=0 c=172 empty=94
[03:06:49] push=  125109/s pop=  127067/s | tot push=5983808960 pop=5983726630 | errs p=0 c=172 empty=94
[03:06:59] push=  121561/s pop=  119742/s | tot push=5985024570 pop=5984924050 | errs p=0 c=172 empty=94
[03:07:09] push=  123834/s pop=  122956/s | tot push=5986262910 pop=5986153610 | errs p=0 c=172 empty=94
[03:07:19] push=  123907/s pop=  126022/s | tot push=5987501980 pop=5987413830 | errs p=0 c=172 empty=94
[03:07:29] push=  129303/s pop=  128873/s | tot push=5988795010 pop=5988702560 | errs p=0 c=172 empty=94
[03:07:39] push=  120201/s pop=  119915/s | tot push=5989997020 pop=5989901710 | errs p=0 c=172 empty=94
[03:07:49] push=  125586/s pop=  125598/s | tot push=5991252880 pop=5991157690 | errs p=0 c=172 empty=94
[03:07:59] push=  124866/s pop=  125684/s | tot push=5992501540 pop=5992414530 | errs p=0 c=172 empty=94
[03:08:09] push=  120464/s pop=  116752/s | tot push=5993706180 pop=5993582050 | errs p=0 c=172 empty=94
[03:08:19] push=  113902/s pop=  116791/s | tot push=5994845200 pop=5994749960 | errs p=0 c=172 empty=94
[03:08:29] push=  116150/s pop=  116745/s | tot push=5996006700 pop=5995917410 | errs p=0 c=172 empty=94
[03:08:39] push=  117981/s pop=  115032/s | tot push=5997186510 pop=5997067730 | errs p=0 c=172 empty=94
[03:08:49] push=  114746/s pop=  115980/s | tot push=5998333970 pop=5998227530 | errs p=0 c=172 empty=94
[03:08:59] push=  120651/s pop=  117286/s | tot push=5999540480 pop=5999400390 | errs p=0 c=172 empty=94
[03:09:09] push=  118017/s pop=  122424/s | tot push=6000720650 pop=6000624630 | errs p=0 c=172 empty=94
[03:09:19] push=  117877/s pop=  116555/s | tot push=6001899420 pop=6001790180 | errs p=0 c=172 empty=94
[03:09:29] push=  118303/s pop=  118330/s | tot push=6003082450 pop=6002973480 | errs p=0 c=172 empty=94
[03:09:39] push=  122234/s pop=  124708/s | tot push=6004304790 pop=6004220560 | errs p=0 c=172 empty=94
[03:09:49] push=  116713/s pop=  113393/s | tot push=6005471920 pop=6005354490 | errs p=0 c=172 empty=94
[03:09:59] push=  118069/s pop=  118182/s | tot push=6006652610 pop=6006536310 | errs p=0 c=172 empty=94
[03:10:09] push=  120669/s pop=  123081/s | tot push=6007859300 pop=6007767120 | errs p=0 c=172 empty=94
[03:10:19] push=  122712/s pop=  122971/s | tot push=6009086420 pop=6008996830 | errs p=0 c=172 empty=94
[03:10:29] push=  120145/s pop=  117724/s | tot push=6010287870 pop=6010174070 | errs p=0 c=172 empty=94
[03:10:39] push=  129799/s pop=  130365/s | tot push=6011585860 pop=6011477720 | errs p=0 c=172 empty=94
[03:10:49] push=  122926/s pop=  125128/s | tot push=6012815120 pop=6012729000 | errs p=0 c=172 empty=94
[03:10:59] push=  124189/s pop=  124101/s | tot push=6014057010 pop=6013970010 | errs p=0 c=172 empty=94
[03:11:09] push=  121502/s pop=  120513/s | tot push=6015272030 pop=6015175140 | errs p=0 c=172 empty=94
[03:11:19] push=  128144/s pop=  128387/s | tot push=6016553470 pop=6016459010 | errs p=0 c=172 empty=94
[03:11:29] push=  120792/s pop=  121810/s | tot push=6017761390 pop=6017677110 | errs p=0 c=172 empty=94
[03:11:39] push=  123609/s pop=  122538/s | tot push=6018997480 pop=6018902490 | errs p=0 c=172 empty=94
[03:11:49] push=  124090/s pop=  124426/s | tot push=6020238380 pop=6020146750 | errs p=0 c=172 empty=94
[03:11:59] push=  122803/s pop=  122419/s | tot push=6021466410 pop=6021370940 | errs p=0 c=172 empty=94
[03:12:09] push=  122401/s pop=  123863/s | tot push=6022690420 pop=6022609570 | errs p=0 c=172 empty=94
[03:12:19] push=  126687/s pop=  126889/s | tot push=6023957290 pop=6023878460 | errs p=0 c=172 empty=94
[03:12:29] push=  123626/s pop=  122291/s | tot push=6025193550 pop=6025101370 | errs p=0 c=172 empty=94
[03:12:39] push=  122166/s pop=  121907/s | tot push=6026415210 pop=6026320440 | errs p=0 c=172 empty=94
[03:12:49] push=  123141/s pop=  123085/s | tot push=6027646620 pop=6027551290 | errs p=0 c=172 empty=94
[03:12:59] push=  125434/s pop=  126465/s | tot push=6028900960 pop=6028815940 | errs p=0 c=172 empty=94
[03:13:09] push=  120833/s pop=  120198/s | tot push=6030109290 pop=6030017920 | errs p=0 c=172 empty=94
[03:13:19] push=  124172/s pop=  124411/s | tot push=6031351010 pop=6031262030 | errs p=0 c=172 empty=94
[03:13:29] push=  123962/s pop=  123081/s | tot push=6032590630 pop=6032492840 | errs p=0 c=172 empty=94
[03:13:39] push=  122804/s pop=  124057/s | tot push=6033818670 pop=6033733410 | errs p=0 c=172 empty=94
[03:13:49] push=  120731/s pop=  119544/s | tot push=6035025980 pop=6034928850 | errs p=0 c=172 empty=94
[03:13:59] push=  129127/s pop=  129624/s | tot push=6036317250 pop=6036225090 | errs p=0 c=172 empty=94
[03:14:09] push=  122160/s pop=  122190/s | tot push=6037538850 pop=6037446990 | errs p=0 c=172 empty=94
[03:14:19] push=  123880/s pop=  123874/s | tot push=6038777650 pop=6038685730 | errs p=0 c=172 empty=94
[03:14:29] push=  123275/s pop=  123635/s | tot push=6040010400 pop=6039922080 | errs p=0 c=172 empty=94
[03:14:39] push=  119637/s pop=  119150/s | tot push=6041206770 pop=6041113580 | errs p=0 c=172 empty=94
[03:14:49] push=  112299/s pop=  112805/s | tot push=6042329760 pop=6042241630 | errs p=0 c=172 empty=94
[03:14:59] push=  120091/s pop=  119264/s | tot push=6043530670 pop=6043434270 | errs p=0 c=172 empty=94
[03:15:09] push=  118134/s pop=  119937/s | tot push=6044712010 pop=6044633640 | errs p=0 c=172 empty=94
[03:15:19] push=  120223/s pop=  116914/s | tot push=6045914240 pop=6045802780 | errs p=0 c=172 empty=94
[03:15:29] push=  115462/s pop=  113163/s | tot push=6047068860 pop=6046934410 | errs p=0 c=172 empty=94
[03:15:39] push=  119354/s pop=  122498/s | tot push=6048262400 pop=6048159390 | errs p=0 c=172 empty=94
[03:15:49] push=  119239/s pop=  119991/s | tot push=6049454790 pop=6049359300 | errs p=0 c=172 empty=94
[03:15:59] push=  121695/s pop=  120997/s | tot push=6050671740 pop=6050569270 | errs p=0 c=172 empty=95
[03:16:09] push=  120999/s pop=  122173/s | tot push=6051881730 pop=6051791000 | errs p=0 c=172 empty=95
[03:16:19] push=  120003/s pop=  120682/s | tot push=6053081760 pop=6052997820 | errs p=0 c=172 empty=95
[03:16:29] push=  117164/s pop=  116966/s | tot push=6054253400 pop=6054167480 | errs p=0 c=172 empty=95
[03:16:39] push=  125538/s pop=  123009/s | tot push=6055508780 pop=6055397570 | errs p=0 c=172 empty=95
[03:16:49] push=  118841/s pop=  121193/s | tot push=6056697190 pop=6056609500 | errs p=0 c=172 empty=95
[03:16:59] push=  126835/s pop=  125279/s | tot push=6057965540 pop=6057862290 | errs p=0 c=172 empty=95
[03:17:09] push=  122556/s pop=  123970/s | tot push=6059191100 pop=6059101990 | errs p=0 c=172 empty=95
[03:17:19] push=  123830/s pop=  124687/s | tot push=6060429400 pop=6060348860 | errs p=0 c=172 empty=95
[03:17:29] push=  124905/s pop=  124289/s | tot push=6061678450 pop=6061591750 | errs p=0 c=172 empty=95
[03:17:39] push=  130063/s pop=  130166/s | tot push=6062979080 pop=6062893410 | errs p=0 c=172 empty=95
[03:17:49] push=  124292/s pop=  125336/s | tot push=6064222000 pop=6064146770 | errs p=0 c=172 empty=95
[03:17:59] push=  125346/s pop=  122890/s | tot push=6065475460 pop=6065375670 | errs p=0 c=172 empty=95
[03:18:09] push=  123051/s pop=  124234/s | tot push=6066705970 pop=6066618010 | errs p=0 c=172 empty=95
[03:18:19] push=  124044/s pop=  122991/s | tot push=6067946410 pop=6067847920 | errs p=0 c=172 empty=95
[03:18:29] push=  123381/s pop=  123750/s | tot push=6069180220 pop=6069085420 | errs p=0 c=172 empty=95
[03:18:39] push=  123597/s pop=  121048/s | tot push=6070416190 pop=6070295900 | errs p=0 c=172 empty=95
[03:18:49] push=  121366/s pop=  124063/s | tot push=6071629850 pop=6071536530 | errs p=0 c=172 empty=95
[03:18:59] push=  128473/s pop=  128970/s | tot push=6072914580 pop=6072826230 | errs p=0 c=172 empty=95
[03:19:09] push=  124616/s pop=  124074/s | tot push=6074160740 pop=6074066970 | errs p=0 c=172 empty=95
[03:19:19] push=  124451/s pop=  123941/s | tot push=6075405250 pop=6075306380 | errs p=0 c=172 empty=95
[03:19:29] push=  120900/s pop=  120564/s | tot push=6076614250 pop=6076512020 | errs p=0 c=172 empty=95
[03:19:39] push=  123451/s pop=  124519/s | tot push=6077848760 pop=6077757210 | errs p=0 c=172 empty=95
[03:19:49] push=  122227/s pop=  122358/s | tot push=6079071030 pop=6078980790 | errs p=0 c=172 empty=95
[03:19:59] push=  125437/s pop=  124586/s | tot push=6080325400 pop=6080226650 | errs p=0 c=172 empty=95
[03:20:09] push=  121063/s pop=  121908/s | tot push=6081536030 pop=6081445730 | errs p=0 c=172 empty=95
[03:20:19] push=  127394/s pop=  127499/s | tot push=6082809970 pop=6082720720 | errs p=0 c=172 empty=95
[03:20:29] push=  127045/s pop=  126220/s | tot push=6084080420 pop=6083982920 | errs p=0 c=172 empty=95
[03:20:39] push=  125469/s pop=  126022/s | tot push=6085335110 pop=6085243140 | errs p=0 c=172 empty=95
[03:20:49] push=  118176/s pop=  117596/s | tot push=6086516870 pop=6086419100 | errs p=0 c=172 empty=96
[03:20:59] push=  118597/s pop=  119138/s | tot push=6087702840 pop=6087610480 | errs p=0 c=172 empty=96
[03:21:09] push=  115228/s pop=  114432/s | tot push=6088855120 pop=6088754800 | errs p=0 c=172 empty=96
[03:21:19] push=  120511/s pop=  120789/s | tot push=6090060230 pop=6089962690 | errs p=0 c=172 empty=96
[03:21:29] push=  112304/s pop=  104134/s | tot push=6091183270 pop=6091004030 | errs p=0 c=172 empty=96
[03:21:39] push=  120220/s pop=  129263/s | tot push=6092385470 pop=6092296660 | errs p=0 c=172 empty=96
[03:21:49] push=  120446/s pop=  121485/s | tot push=6093589930 pop=6093511510 | errs p=0 c=172 empty=96
[03:21:59] push=  120565/s pop=  119613/s | tot push=6094795580 pop=6094707640 | errs p=0 c=172 empty=96
[03:22:09] push=  115904/s pop=  116067/s | tot push=6095954620 pop=6095868310 | errs p=0 c=172 empty=96
[03:22:19] push=  121267/s pop=  119921/s | tot push=6097167290 pop=6097067520 | errs p=0 c=172 empty=96
[03:22:29] push=  117638/s pop=  116955/s | tot push=6098343670 pop=6098237070 | errs p=0 c=172 empty=96
[03:22:39] push=  122805/s pop=  125023/s | tot push=6099571720 pop=6099487300 | errs p=0 c=172 empty=96
[03:22:49] push=  117159/s pop=  117082/s | tot push=6100743310 pop=6100658120 | errs p=0 c=172 empty=96
[03:22:59] push=  123343/s pop=  123404/s | tot push=6101976740 pop=6101892160 | errs p=0 c=172 empty=96
[03:23:09] push=  122820/s pop=  121405/s | tot push=6103204940 pop=6103106210 | errs p=0 c=172 empty=96
[03:23:19] push=  122395/s pop=  121182/s | tot push=6104428890 pop=6104318030 | errs p=0 c=172 empty=96
[03:23:29] push=  120260/s pop=  120161/s | tot push=6105631490 pop=6105519640 | errs p=0 c=172 empty=96
[03:23:39] push=  122070/s pop=  118001/s | tot push=6106852190 pop=6106699650 | errs p=0 c=172 empty=96
[03:23:49] push=  121039/s pop=  123498/s | tot push=6108062580 pop=6107934630 | errs p=0 c=172 empty=96
[03:23:59] push=  125638/s pop=  129496/s | tot push=6109318960 pop=6109229590 | errs p=0 c=172 empty=96
[03:24:09] push=  124274/s pop=  124523/s | tot push=6110561700 pop=6110474820 | errs p=0 c=172 empty=96
[03:24:19] push=  121665/s pop=  118839/s | tot push=6111778350 pop=6111663210 | errs p=0 c=172 empty=96
[03:24:29] push=  122666/s pop=  124035/s | tot push=6113005010 pop=6112903560 | errs p=0 c=172 empty=96
[03:24:39] push=  127513/s pop=  128857/s | tot push=6114280140 pop=6114192130 | errs p=0 c=172 empty=96
[03:24:49] push=  120495/s pop=  120450/s | tot push=6115485090 pop=6115396630 | errs p=0 c=172 empty=96
[03:24:59] push=  124007/s pop=  123189/s | tot push=6116725160 pop=6116628520 | errs p=0 c=172 empty=96
[03:25:09] push=  125246/s pop=  125080/s | tot push=6117977620 pop=6117879320 | errs p=0 c=172 empty=96
[03:25:19] push=  128712/s pop=  129433/s | tot push=6119264740 pop=6119173650 | errs p=0 c=172 empty=96
[03:25:29] push=  125782/s pop=  124947/s | tot push=6120522560 pop=6120423120 | errs p=0 c=172 empty=96
[03:25:39] push=  120568/s pop=  118712/s | tot push=6121728240 pop=6121610240 | errs p=0 c=172 empty=96
[03:25:49] push=  121156/s pop=  123362/s | tot push=6122939800 pop=6122843860 | errs p=0 c=172 empty=96
[03:25:59] push=  128844/s pop=  128566/s | tot push=6124228240 pop=6124129520 | errs p=0 c=172 empty=96
[03:26:09] push=  120478/s pop=  121657/s | tot push=6125433020 pop=6125346090 | errs p=0 c=172 empty=96
[03:26:19] push=  120978/s pop=  117203/s | tot push=6126642800 pop=6126518120 | errs p=0 c=172 empty=96
[03:26:29] push=  119798/s pop=  122673/s | tot push=6127840780 pop=6127744850 | errs p=0 c=172 empty=96
[03:26:39] push=  126728/s pop=  126097/s | tot push=6129108060 pop=6129005820 | errs p=0 c=172 empty=96
[03:26:49] push=  124282/s pop=  124838/s | tot push=6130350880 pop=6130254200 | errs p=0 c=172 empty=96
[03:26:59] push=  126290/s pop=  127232/s | tot push=6131613780 pop=6131526520 | errs p=0 c=172 empty=96
[03:27:09] push=  117544/s pop=  115142/s | tot push=6132789220 pop=6132677940 | errs p=0 c=172 empty=96
[03:27:19] push=  119758/s pop=  120544/s | tot push=6133986800 pop=6133883380 | errs p=0 c=172 empty=96
[03:27:29] push=  111730/s pop=  112499/s | tot push=6135104100 pop=6135008370 | errs p=0 c=172 empty=96
[03:27:39] push=  116200/s pop=  116550/s | tot push=6136266100 pop=6136173870 | errs p=0 c=172 empty=96
[03:27:49] push=  116046/s pop=  115409/s | tot push=6137426560 pop=6137327960 | errs p=0 c=172 empty=96
[03:27:59] push=  121154/s pop=  122890/s | tot push=6138638100 pop=6138556860 | errs p=0 c=172 empty=96
[03:28:09] push=  113747/s pop=  111122/s | tot push=6139775570 pop=6139668080 | errs p=0 c=172 empty=96
[03:28:19] push=  121832/s pop=  122459/s | tot push=6140993890 pop=6140892670 | errs p=0 c=172 empty=96
[03:28:29] push=  118788/s pop=  120917/s | tot push=6142181770 pop=6142101840 | errs p=0 c=172 empty=96
[03:28:39] push=  116037/s pop=  115197/s | tot push=6143342140 pop=6143253810 | errs p=0 c=172 empty=96
[03:28:49] push=  115355/s pop=  113794/s | tot push=6144495690 pop=6144391750 | errs p=0 c=172 empty=96
[03:28:59] push=  122158/s pop=  123390/s | tot push=6145717270 pop=6145625650 | errs p=0 c=172 empty=96
[03:29:09] push=  118527/s pop=  117349/s | tot push=6146902540 pop=6146799140 | errs p=0 c=172 empty=96
[03:29:19] push=  125967/s pop=  126788/s | tot push=6148162210 pop=6148067020 | errs p=0 c=172 empty=96
[03:29:29] push=  122218/s pop=  122498/s | tot push=6149384390 pop=6149292000 | errs p=0 c=172 empty=96
[03:29:39] push=  126747/s pop=  126207/s | tot push=6150651860 pop=6150554070 | errs p=0 c=172 empty=96
[03:29:49] push=  121867/s pop=  122024/s | tot push=6151870530 pop=6151774310 | errs p=0 c=172 empty=96
[03:29:59] push=  122957/s pop=  121029/s | tot push=6153100100 pop=6152984600 | errs p=0 c=172 empty=96
[03:30:09] push=  121519/s pop=  124180/s | tot push=6154315290 pop=6154226400 | errs p=0 c=172 empty=96
[03:30:19] push=  124348/s pop=  123917/s | tot push=6155558770 pop=6155465570 | errs p=0 c=172 empty=96
[03:30:29] push=  121532/s pop=  120051/s | tot push=6156774090 pop=6156666080 | errs p=0 c=172 empty=96
[03:30:39] push=  127095/s pop=  128757/s | tot push=6158045040 pop=6157953650 | errs p=0 c=172 empty=96
[03:30:49] push=  120678/s pop=  120940/s | tot push=6159251820 pop=6159163050 | errs p=0 c=172 empty=96
[03:30:59] push=  124915/s pop=  125144/s | tot push=6160500970 pop=6160414490 | errs p=0 c=172 empty=96
[03:31:09] push=  126447/s pop=  125590/s | tot push=6161765440 pop=6161670390 | errs p=0 c=172 empty=96
[03:31:19] push=  125679/s pop=  125041/s | tot push=6163022230 pop=6162920800 | errs p=0 c=172 empty=96
[03:31:29] push=  120451/s pop=  119653/s | tot push=6164226740 pop=6164117330 | errs p=0 c=172 empty=96
[03:31:39] push=  125929/s pop=  128011/s | tot push=6165486030 pop=6165397440 | errs p=0 c=172 empty=96
[03:31:49] push=  120658/s pop=  121367/s | tot push=6166692610 pop=6166611110 | errs p=0 c=172 empty=96
[03:31:59] push=  122748/s pop=  120629/s | tot push=6167920090 pop=6167817400 | errs p=0 c=172 empty=96
[03:32:09] push=  119598/s pop=  117388/s | tot push=6169116070 pop=6168991280 | errs p=0 c=172 empty=96
[03:32:19] push=  126379/s pop=  130509/s | tot push=6170379860 pop=6170296370 | errs p=0 c=172 empty=96
[03:32:29] push=  121492/s pop=  120354/s | tot push=6171594780 pop=6171499910 | errs p=0 c=172 empty=96
[03:32:39] push=  125475/s pop=  125431/s | tot push=6172849530 pop=6172754220 | errs p=0 c=172 empty=96
[03:32:49] push=  124872/s pop=  124438/s | tot push=6174098250 pop=6173998600 | errs p=0 c=172 empty=96
[03:32:59] push=  124256/s pop=  122990/s | tot push=6175340810 pop=6175228500 | errs p=0 c=172 empty=96
[03:33:09] push=  120873/s pop=  122907/s | tot push=6176549540 pop=6176457570 | errs p=0 c=172 empty=96
[03:33:19] push=  126421/s pop=  126450/s | tot push=6177813750 pop=6177722070 | errs p=0 c=172 empty=96
[03:33:29] push=  119019/s pop=  118725/s | tot push=6179003940 pop=6178909320 | errs p=0 c=172 empty=96
[03:33:39] push=  120774/s pop=  116905/s | tot push=6180211680 pop=6180078370 | errs p=0 c=172 empty=96
[03:33:49] push=  118438/s pop=  121466/s | tot push=6181396060 pop=6181293030 | errs p=0 c=172 empty=96
[03:33:59] push=  118320/s pop=  119331/s | tot push=6182579260 pop=6182486340 | errs p=0 c=172 empty=96
[03:34:09] push=  114401/s pop=  112949/s | tot push=6183723270 pop=6183615830 | errs p=0 c=172 empty=96
[03:34:19] push=  118878/s pop=  119604/s | tot push=6184912050 pop=6184811870 | errs p=0 c=172 empty=96
[03:34:29] push=  116836/s pop=  118867/s | tot push=6186080410 pop=6186000540 | errs p=0 c=172 empty=96
[03:34:39] push=  120029/s pop=  117770/s | tot push=6187280700 pop=6187178240 | errs p=0 c=172 empty=96
[03:34:49] push=  119419/s pop=  120511/s | tot push=6188474890 pop=6188383350 | errs p=0 c=172 empty=96
[03:34:59] push=  117667/s pop=  118891/s | tot push=6189651560 pop=6189572260 | errs p=0 c=172 empty=96
[03:35:09] push=  115529/s pop=  113249/s | tot push=6190806850 pop=6190704750 | errs p=0 c=172 empty=96
[03:35:19] push=  123017/s pop=  124281/s | tot push=6192037020 pop=6191947560 | errs p=0 c=172 empty=96
[03:35:29] push=  122326/s pop=  123021/s | tot push=6193260280 pop=6193177770 | errs p=0 c=172 empty=96
[03:35:39] push=  122759/s pop=  122277/s | tot push=6194487870 pop=6194400540 | errs p=0 c=172 empty=96
[03:35:49] push=  120705/s pop=  118191/s | tot push=6195694920 pop=6195582450 | errs p=0 c=172 empty=96
[03:35:59] push=  125301/s pop=  128177/s | tot push=6196947930 pop=6196864220 | errs p=0 c=172 empty=96
[03:36:09] push=  121594/s pop=  119814/s | tot push=6198163870 pop=6198062360 | errs p=0 c=172 empty=96
[03:36:19] push=  121138/s pop=  121184/s | tot push=6199375250 pop=6199274200 | errs p=0 c=172 empty=96
[03:36:29] push=  125801/s pop=  127910/s | tot push=6200633260 pop=6200553300 | errs p=0 c=172 empty=96
[03:36:39] push=  123498/s pop=  119123/s | tot push=6201868240 pop=6201744530 | errs p=0 c=172 empty=96
[03:36:49] push=  122401/s pop=  125199/s | tot push=6203092250 pop=6202996520 | errs p=0 c=172 empty=96
[03:36:59] push=  126571/s pop=  128047/s | tot push=6204357960 pop=6204276990 | errs p=0 c=172 empty=96
[03:37:09] push=  122580/s pop=  120478/s | tot push=6205583760 pop=6205481770 | errs p=0 c=172 empty=96
[03:37:19] push=  124098/s pop=  124472/s | tot push=6206824740 pop=6206726490 | errs p=0 c=172 empty=96
[03:37:29] push=  122128/s pop=  121862/s | tot push=6208046020 pop=6207945110 | errs p=0 c=172 empty=96
[03:37:39] push=  127539/s pop=  129011/s | tot push=6209321410 pop=6209235220 | errs p=0 c=172 empty=96
[03:37:49] push=  121442/s pop=  118780/s | tot push=6210535830 pop=6210423020 | errs p=0 c=172 empty=96
[03:37:59] push=  124752/s pop=  125375/s | tot push=6211783350 pop=6211676770 | errs p=0 c=172 empty=96
[03:38:09] push=  122291/s pop=  122770/s | tot push=6213006260 pop=6212904470 | errs p=0 c=172 empty=96
[03:38:19] push=  124293/s pop=  120525/s | tot push=6214249190 pop=6214109720 | errs p=0 c=172 empty=96
[03:38:29] push=  117421/s pop=  120966/s | tot push=6215423400 pop=6215319380 | errs p=0 c=172 empty=96
[03:38:39] push=  127102/s pop=  127539/s | tot push=6216694420 pop=6216594770 | errs p=0 c=172 empty=96
[03:38:49] push=  118737/s pop=  121125/s | tot push=6217881790 pop=6217806020 | errs p=0 c=172 empty=96
[03:38:59] push=  122508/s pop=  118616/s | tot push=6219106870 pop=6218992180 | errs p=0 c=172 empty=96
[03:39:09] push=  122324/s pop=  125725/s | tot push=6220330110 pop=6220249430 | errs p=0 c=172 empty=96
[03:39:19] push=  124304/s pop=  124056/s | tot push=6221573150 pop=6221489990 | errs p=0 c=172 empty=96
[03:39:29] push=  119849/s pop=  117279/s | tot push=6222771640 pop=6222662780 | errs p=0 c=172 empty=96
[03:39:39] push=  124142/s pop=  125468/s | tot push=6224013060 pop=6223917460 | errs p=0 c=172 empty=96
[03:39:49] push=  125371/s pop=  126955/s | tot push=6225266770 pop=6225187010 | errs p=0 c=172 empty=96
[03:39:59] push=  112718/s pop=  111032/s | tot push=6226393950 pop=6226297330 | errs p=0 c=172 empty=96
[03:40:09] push=  114018/s pop=  113858/s | tot push=6227534130 pop=6227435910 | errs p=0 c=172 empty=96
[03:40:19] push=  113530/s pop=  113450/s | tot push=6228669430 pop=6228570410 | errs p=0 c=172 empty=96
[03:40:29] push=  109625/s pop=  110850/s | tot push=6229765680 pop=6229678910 | errs p=0 c=172 empty=96
[03:40:39] push=  109140/s pop=  101222/s | tot push=6230857080 pop=6230691130 | errs p=0 c=172 empty=96
[03:40:49] push=  107936/s pop=  111685/s | tot push=6231936440 pop=6231807980 | errs p=0 c=172 empty=96
[03:40:59] push=  111774/s pop=  113756/s | tot push=6233054180 pop=6232945540 | errs p=0 c=172 empty=96
[03:41:09] push=  108400/s pop=  109358/s | tot push=6234138180 pop=6234039120 | errs p=0 c=172 empty=96
[03:41:19] push=  113416/s pop=  113877/s | tot push=6235272340 pop=6235177890 | errs p=0 c=172 empty=96
[03:41:29] push=  117983/s pop=  116858/s | tot push=6236452170 pop=6236346470 | errs p=0 c=172 empty=96
[03:41:39] push=  113113/s pop=  113941/s | tot push=6237583300 pop=6237485880 | errs p=0 c=172 empty=96
[03:41:49] push=  115112/s pop=  115957/s | tot push=6238734420 pop=6238645450 | errs p=0 c=172 empty=96
[03:41:59] push=  120398/s pop=  121311/s | tot push=6239938400 pop=6239858560 | errs p=0 c=172 empty=96
[03:42:09] push=  117961/s pop=  115131/s | tot push=6241118010 pop=6241009870 | errs p=0 c=172 empty=96
[03:42:19] push=  120075/s pop=  121644/s | tot push=6242318760 pop=6242226310 | errs p=0 c=172 empty=97
[03:42:29] push=  128484/s pop=  128533/s | tot push=6243603600 pop=6243511640 | errs p=0 c=172 empty=97
[03:42:39] push=  119515/s pop=  118837/s | tot push=6244798750 pop=6244700010 | errs p=0 c=172 empty=97
[03:42:49] push=  124902/s pop=  125381/s | tot push=6246047770 pop=6245953820 | errs p=0 c=172 empty=97
[03:42:59] push=  125442/s pop=  126210/s | tot push=6247302190 pop=6247215920 | errs p=0 c=172 empty=97
[03:43:09] push=  124534/s pop=  124094/s | tot push=6248547530 pop=6248456860 | errs p=0 c=172 empty=97
[03:43:19] push=  121613/s pop=  121197/s | tot push=6249763660 pop=6249668830 | errs p=0 c=172 empty=97
[03:43:29] push=  128079/s pop=  127179/s | tot push=6251044450 pop=6250940620 | errs p=0 c=172 empty=97
[03:43:39] push=  123103/s pop=  125149/s | tot push=6252275480 pop=6252192110 | errs p=0 c=172 empty=97
[03:43:49] push=  120475/s pop=  117230/s | tot push=6253480230 pop=6253364410 | errs p=0 c=172 empty=97
[03:43:59] push=  121190/s pop=  124367/s | tot push=6254692130 pop=6254608080 | errs p=0 c=172 empty=97
[03:44:09] push=  125771/s pop=  125528/s | tot push=6255949840 pop=6255863360 | errs p=0 c=172 empty=97
[03:44:19] push=  121595/s pop=  118791/s | tot push=6257165790 pop=6257051270 | errs p=0 c=172 empty=97
[03:44:29] push=  124833/s pop=  126428/s | tot push=6258414120 pop=6258315550 | errs p=0 c=172 empty=97
[03:44:39] push=  124214/s pop=  126406/s | tot push=6259656260 pop=6259579610 | errs p=0 c=172 empty=97
[03:44:49] push=  120302/s pop=  112606/s | tot push=6260859280 pop=6260705670 | errs p=0 c=172 empty=97
[03:44:59] push=  119975/s pop=  125277/s | tot push=6262059030 pop=6261958440 | errs p=0 c=172 empty=97
[03:45:09] push=  127832/s pop=  129496/s | tot push=6263337350 pop=6263253400 | errs p=0 c=172 empty=97
[03:45:19] push=  120988/s pop=  119706/s | tot push=6264547230 pop=6264450460 | errs p=0 c=172 empty=97
[03:45:29] push=  122873/s pop=  120881/s | tot push=6265775960 pop=6265659270 | errs p=0 c=172 empty=97
[03:45:39] push=  123475/s pop=  125800/s | tot push=6267010710 pop=6266917270 | errs p=0 c=172 empty=97
[03:45:49] push=  124490/s pop=  123982/s | tot push=6268255610 pop=6268157090 | errs p=0 c=172 empty=97
[03:45:59] push=  122843/s pop=  124079/s | tot push=6269484040 pop=6269397880 | errs p=0 c=172 empty=97
[03:46:09] push=  127512/s pop=  127435/s | tot push=6270759160 pop=6270672230 | errs p=0 c=172 empty=97
[03:46:19] push=  116046/s pop=  113874/s | tot push=6271919620 pop=6271810970 | errs p=0 c=172 empty=97
[03:46:29] push=  113709/s pop=  115675/s | tot push=6273056710 pop=6272967720 | errs p=0 c=172 empty=97
[03:46:39] push=  120822/s pop=  121104/s | tot push=6274264930 pop=6274178760 | errs p=0 c=172 empty=97
[03:46:49] push=  114714/s pop=  114449/s | tot push=6275412070 pop=6275323250 | errs p=0 c=172 empty=97
[03:46:59] push=  114448/s pop=  107651/s | tot push=6276556550 pop=6276399760 | errs p=0 c=172 empty=97
[03:47:09] push=  114161/s pop=  121592/s | tot push=6277698160 pop=6277615680 | errs p=0 c=172 empty=97
[03:47:19] push=  122151/s pop=  121071/s | tot push=6278919670 pop=6278826390 | errs p=0 c=172 empty=97
[03:47:29] push=  118435/s pop=  118565/s | tot push=6280104020 pop=6280012040 | errs p=0 c=172 empty=97
[03:47:39] push=  118360/s pop=  118046/s | tot push=6281287620 pop=6281192500 | errs p=0 c=172 empty=97
[03:47:49] push=  115042/s pop=  114686/s | tot push=6282438040 pop=6282339360 | errs p=0 c=172 empty=97
[03:47:59] push=  120778/s pop=  121192/s | tot push=6283645820 pop=6283551280 | errs p=0 c=172 empty=97
[03:48:09] push=  122950/s pop=  124332/s | tot push=6284875320 pop=6284794600 | errs p=0 c=172 empty=97
[03:48:19] push=  120848/s pop=  120015/s | tot push=6286083800 pop=6285994750 | errs p=0 c=172 empty=97
[03:48:29] push=  121008/s pop=  119713/s | tot push=6287293880 pop=6287191880 | errs p=0 c=172 empty=97
[03:48:39] push=  125787/s pop=  125439/s | tot push=6288551750 pop=6288446270 | errs p=0 c=172 empty=97
[03:48:49] push=  124272/s pop=  126981/s | tot push=6289794470 pop=6289716080 | errs p=0 c=172 empty=97
[03:48:59] push=  125680/s pop=  124309/s | tot push=6291051270 pop=6290959170 | errs p=0 c=172 empty=97
[03:49:09] push=  119560/s pop=  117166/s | tot push=6292246870 pop=6292130830 | errs p=0 c=172 empty=97
[03:49:19] push=  126047/s pop=  128771/s | tot push=6293507340 pop=6293418540 | errs p=0 c=172 empty=97
[03:49:29] push=  125131/s pop=  123897/s | tot push=6294758650 pop=6294657510 | errs p=0 c=172 empty=97
[03:49:39] push=  128383/s pop=  128497/s | tot push=6296042480 pop=6295942480 | errs p=0 c=172 empty=97
[03:49:49] push=  126249/s pop=  127021/s | tot push=6297304970 pop=6297212690 | errs p=0 c=172 empty=97
[03:49:59] push=  126328/s pop=  127391/s | tot push=6298568250 pop=6298486600 | errs p=0 c=172 empty=97
[03:50:09] push=  121765/s pop=  122048/s | tot push=6299785900 pop=6299707080 | errs p=0 c=172 empty=97
[03:50:19] push=  123666/s pop=  120324/s | tot push=6301022560 pop=6300910320 | errs p=0 c=172 empty=97
[03:50:29] push=  122152/s pop=  123536/s | tot push=6302244080 pop=6302145680 | errs p=0 c=172 empty=97
[03:50:39] push=  128411/s pop=  129704/s | tot push=6303528190 pop=6303442720 | errs p=0 c=172 empty=97
[03:50:49] push=  122663/s pop=  122812/s | tot push=6304754820 pop=6304670840 | errs p=0 c=172 empty=97
[03:50:59] push=  123404/s pop=  123001/s | tot push=6305988860 pop=6305900850 | errs p=0 c=172 empty=97
[03:51:09] push=  122657/s pop=  122374/s | tot push=6307215430 pop=6307124590 | errs p=0 c=172 empty=97
[03:51:19] push=  119685/s pop=  117560/s | tot push=6308412280 pop=6308300190 | errs p=0 c=172 empty=97
[03:51:29] push=  124184/s pop=  127085/s | tot push=6309654120 pop=6309571040 | errs p=0 c=172 empty=97
[03:51:39] push=  116358/s pop=  113086/s | tot push=6310817700 pop=6310701900 | errs p=0 c=172 empty=97
[03:51:49] push=  120852/s pop=  124653/s | tot push=6312026220 pop=6311948430 | errs p=0 c=172 empty=97
[03:51:59] push=  126532/s pop=  125509/s | tot push=6313291540 pop=6313203520 | errs p=0 c=172 empty=97
[03:52:09] push=  122717/s pop=  123111/s | tot push=6314518710 pop=6314434630 | errs p=0 c=172 empty=97
[03:52:19] push=  124122/s pop=  122395/s | tot push=6315759930 pop=6315658580 | errs p=0 c=172 empty=97
[03:52:29] push=  121379/s pop=  122865/s | tot push=6316973720 pop=6316887230 | errs p=0 c=172 empty=97
[03:52:39] push=  122766/s pop=  120828/s | tot push=6318201380 pop=6318095510 | errs p=0 c=172 empty=97
[03:52:49] push=  113569/s pop=  115754/s | tot push=6319337070 pop=6319253050 | errs p=0 c=172 empty=97
[03:52:59] push=  116765/s pop=  114800/s | tot push=6320504720 pop=6320401050 | errs p=0 c=172 empty=97
[03:53:09] push=  117973/s pop=  119659/s | tot push=6321684450 pop=6321597640 | errs p=0 c=172 empty=97
[03:53:19] push=  116586/s pop=  115630/s | tot push=6322850310 pop=6322753940 | errs p=0 c=172 empty=97
[03:53:29] push=  117542/s pop=  115671/s | tot push=6324025730 pop=6323910650 | errs p=0 c=172 empty=97
[03:53:39] push=  117835/s pop=  119414/s | tot push=6325204080 pop=6325104790 | errs p=0 c=172 empty=97
[03:53:49] push=  118986/s pop=  118540/s | tot push=6326393940 pop=6326290190 | errs p=0 c=172 empty=97
[03:53:59] push=  117905/s pop=  119302/s | tot push=6327572990 pop=6327483210 | errs p=0 c=172 empty=97
[03:54:09] push=  119530/s pop=  119646/s | tot push=6328768290 pop=6328679670 | errs p=0 c=172 empty=97
[03:54:19] push=  117236/s pop=  116858/s | tot push=6329940650 pop=6329848250 | errs p=0 c=172 empty=97
[03:54:29] push=  121435/s pop=  120416/s | tot push=6331155000 pop=6331052410 | errs p=0 c=172 empty=97
[03:54:39] push=  124612/s pop=  125943/s | tot push=6332401120 pop=6332311840 | errs p=0 c=172 empty=97
[03:54:49] push=  120756/s pop=  119537/s | tot push=6333608680 pop=6333507210 | errs p=0 c=172 empty=97
[03:54:59] push=  119432/s pop=  120612/s | tot push=6334803000 pop=6334713330 | errs p=0 c=172 empty=97
[03:55:09] push=  125012/s pop=  125537/s | tot push=6336053120 pop=6335968700 | errs p=0 c=172 empty=97
[03:55:19] push=  126859/s pop=  125765/s | tot push=6337321710 pop=6337226350 | errs p=0 c=172 empty=97
[03:55:29] push=  123545/s pop=  124143/s | tot push=6338557160 pop=6338467780 | errs p=0 c=172 empty=97
[03:55:39] push=  120891/s pop=  120856/s | tot push=6339766070 pop=6339676340 | errs p=0 c=172 empty=97
[03:55:49] push=  126257/s pop=  125456/s | tot push=6341028640 pop=6340930900 | errs p=0 c=172 empty=97
[03:55:59] push=  120718/s pop=  119667/s | tot push=6342235820 pop=6342127570 | errs p=0 c=172 empty=97
[03:56:09] push=  122488/s pop=  122617/s | tot push=6343460700 pop=6343353740 | errs p=0 c=172 empty=97
[03:56:19] push=  125147/s pop=  125988/s | tot push=6344712170 pop=6344613620 | errs p=0 c=172 empty=97
[03:56:29] push=  125881/s pop=  126892/s | tot push=6345970980 pop=6345882540 | errs p=0 c=172 empty=98
[03:56:39] push=  123071/s pop=  120875/s | tot push=6347201690 pop=6347091290 | errs p=0 c=172 empty=98
[03:56:49] push=  128129/s pop=  129645/s | tot push=6348482980 pop=6348387740 | errs p=0 c=172 empty=98
[03:56:59] push=  123908/s pop=  124470/s | tot push=6349722060 pop=6349632440 | errs p=0 c=172 empty=98
[03:57:09] push=  124332/s pop=  123724/s | tot push=6350965380 pop=6350869680 | errs p=0 c=172 empty=98
[03:57:19] push=  124515/s pop=  125691/s | tot push=6352210530 pop=6352126590 | errs p=0 c=172 empty=98
[03:57:29] push=  126144/s pop=  124003/s | tot push=6353471970 pop=6353366620 | errs p=0 c=172 empty=98
[03:57:39] push=  123087/s pop=  123650/s | tot push=6354702840 pop=6354603120 | errs p=0 c=172 empty=98
[03:57:49] push=  122323/s pop=  122636/s | tot push=6355926070 pop=6355829480 | errs p=0 c=172 empty=98
[03:57:59] push=  124837/s pop=  126293/s | tot push=6357174440 pop=6357092410 | errs p=0 c=172 empty=98
[03:58:09] push=  122914/s pop=  120174/s | tot push=6358403580 pop=6358294150 | errs p=0 c=172 empty=98
[03:58:19] push=  123068/s pop=  123895/s | tot push=6359634260 pop=6359533100 | errs p=0 c=172 empty=98
[03:58:29] push=  127244/s pop=  128106/s | tot push=6360906700 pop=6360814160 | errs p=0 c=172 empty=98
[03:58:39] push=  124243/s pop=  125507/s | tot push=6362149130 pop=6362069230 | errs p=0 c=172 empty=98
[03:58:49] push=  123469/s pop=  119754/s | tot push=6363383820 pop=6363266770 | errs p=0 c=172 empty=98
[03:58:59] push=  119944/s pop=  122128/s | tot push=6364583260 pop=6364488050 | errs p=0 c=172 empty=98
[03:59:09] push=  116337/s pop=  117830/s | tot push=6365746630 pop=6365666350 | errs p=0 c=172 empty=98
[03:59:19] push=  118870/s pop=  118659/s | tot push=6366935330 pop=6366852940 | errs p=0 c=172 empty=98
[03:59:29] push=  116086/s pop=  115452/s | tot push=6368096190 pop=6368007460 | errs p=0 c=172 empty=98
[03:59:39] push=  114929/s pop=  114546/s | tot push=6369245480 pop=6369152920 | errs p=0 c=172 empty=98
[03:59:49] push=  113413/s pop=  113342/s | tot push=6370379610 pop=6370286340 | errs p=0 c=172 empty=98
[03:59:59] push=  122777/s pop=  122804/s | tot push=6371607380 pop=6371514380 | errs p=0 c=172 empty=98
[04:00:09] push=  121158/s pop=  121071/s | tot push=6372818960 pop=6372725090 | errs p=0 c=172 empty=98
[04:00:19] push=  116327/s pop=  115729/s | tot push=6373982230 pop=6373882380 | errs p=0 c=172 empty=98
[04:00:29] push=  117764/s pop=  118333/s | tot push=6375159870 pop=6375065710 | errs p=0 c=172 empty=98
[04:00:39] push=  122688/s pop=  122752/s | tot push=6376386750 pop=6376293230 | errs p=0 c=172 empty=98
[04:00:49] push=  117046/s pop=  116246/s | tot push=6377557210 pop=6377455690 | errs p=0 c=172 empty=98
[04:00:59] push=  124302/s pop=  122880/s | tot push=6378800230 pop=6378684490 | errs p=0 c=172 empty=98
[04:01:09] push=  123613/s pop=  127408/s | tot push=6380036360 pop=6379958570 | errs p=0 c=172 empty=98
[04:01:19] push=  119709/s pop=  118641/s | tot push=6381233450 pop=6381144980 | errs p=0 c=172 empty=98
[04:01:29] push=  122789/s pop=  121948/s | tot push=6382461340 pop=6382364460 | errs p=0 c=172 empty=98
[04:01:39] push=  128137/s pop=  127965/s | tot push=6383742710 pop=6383644110 | errs p=0 c=172 empty=98
[04:01:49] push=  120835/s pop=  123191/s | tot push=6384951060 pop=6384876020 | errs p=0 c=172 empty=98
[04:01:59] push=  121809/s pop=  118314/s | tot push=6386169150 pop=6386059160 | errs p=0 c=172 empty=98
[04:02:09] push=  123433/s pop=  125633/s | tot push=6387403480 pop=6387315490 | errs p=0 c=172 empty=98
[04:02:19] push=  125907/s pop=  125637/s | tot push=6388662550 pop=6388571860 | errs p=0 c=172 empty=98
[04:02:29] push=  120115/s pop=  118687/s | tot push=6389863700 pop=6389758730 | errs p=0 c=172 empty=98
[04:02:39] push=  121576/s pop=  121234/s | tot push=6391079460 pop=6390971070 | errs p=0 c=172 empty=98
[04:02:49] push=  121072/s pop=  122329/s | tot push=6392290180 pop=6392194360 | errs p=0 c=172 empty=98
[04:02:59] push=  124463/s pop=  124407/s | tot push=6393534810 pop=6393438430 | errs p=0 c=172 empty=98
[04:03:09] push=  122240/s pop=  122638/s | tot push=6394757210 pop=6394664810 | errs p=0 c=172 empty=98
[04:03:19] push=  122295/s pop=  122357/s | tot push=6395980160 pop=6395888380 | errs p=0 c=172 empty=98
[04:03:29] push=  119105/s pop=  119340/s | tot push=6397171210 pop=6397081780 | errs p=0 c=172 empty=98
[04:03:39] push=  122021/s pop=  120906/s | tot push=6398391420 pop=6398290840 | errs p=0 c=172 empty=98
[04:03:49] push=  122108/s pop=  122345/s | tot push=6399612500 pop=6399514290 | errs p=0 c=172 empty=98
[04:03:59] push=  128162/s pop=  128584/s | tot push=6400894120 pop=6400800130 | errs p=0 c=172 empty=98
[04:04:09] push=  119652/s pop=  119892/s | tot push=6402090640 pop=6401999050 | errs p=0 c=172 empty=98
[04:04:19] push=  124608/s pop=  122360/s | tot push=6403336720 pop=6403222650 | errs p=0 c=172 empty=98
[04:04:29] push=  119203/s pop=  120294/s | tot push=6404528750 pop=6404425590 | errs p=0 c=172 empty=98
[04:04:39] push=  123451/s pop=  123600/s | tot push=6405763260 pop=6405661590 | errs p=0 c=172 empty=98
[04:04:49] push=  123293/s pop=  124792/s | tot push=6406996190 pop=6406909510 | errs p=0 c=172 empty=98
[04:04:59] push=  127725/s pop=  128743/s | tot push=6408273440 pop=6408196940 | errs p=0 c=172 empty=98
[04:05:09] push=  124215/s pop=  122939/s | tot push=6409515590 pop=6409426330 | errs p=0 c=172 empty=98
[04:05:19] push=  120079/s pop=  119170/s | tot push=6410716380 pop=6410618030 | errs p=0 c=172 empty=98
[04:05:29] push=  116206/s pop=  117970/s | tot push=6411878440 pop=6411797730 | errs p=0 c=172 empty=98
[04:05:39] push=  118733/s pop=  117706/s | tot push=6413065770 pop=6412974790 | errs p=0 c=172 empty=99
[04:05:49] push=  120546/s pop=  121380/s | tot push=6414271230 pop=6414188590 | errs p=0 c=172 empty=99
[04:05:59] push=  115729/s pop=  113143/s | tot push=6415428520 pop=6415320020 | errs p=0 c=172 empty=99
[04:06:09] push=  114678/s pop=  113620/s | tot push=6416575300 pop=6416456220 | errs p=0 c=172 empty=99
[04:06:19] push=  115041/s pop=  118002/s | tot push=6417725710 pop=6417636240 | errs p=0 c=172 empty=99
[04:06:29] push=  118146/s pop=  117932/s | tot push=6418907170 pop=6418815560 | errs p=0 c=172 empty=99
[04:06:39] push=  119067/s pop=  119698/s | tot push=6420097840 pop=6420012540 | errs p=0 c=172 empty=99
[04:06:49] push=  119317/s pop=  118611/s | tot push=6421291010 pop=6421198650 | errs p=0 c=172 empty=99
[04:06:59] push=  117857/s pop=  117654/s | tot push=6422469580 pop=6422375190 | errs p=0 c=172 empty=99
[04:07:09] push=  120944/s pop=  121307/s | tot push=6423679020 pop=6423588260 | errs p=0 c=172 empty=99
[04:07:19] push=  119027/s pop=  118948/s | tot push=6424869290 pop=6424777740 | errs p=0 c=172 empty=99
[04:07:29] push=  123459/s pop=  124461/s | tot push=6426103880 pop=6426022350 | errs p=0 c=172 empty=99
[04:07:39] push=  124355/s pop=  123324/s | tot push=6427347430 pop=6427255590 | errs p=0 c=172 empty=99
[04:07:49] push=  124060/s pop=  121067/s | tot push=6428588030 pop=6428466260 | errs p=0 c=172 empty=99
[04:07:59] push=  121901/s pop=  125889/s | tot push=6429807040 pop=6429725150 | errs p=0 c=172 empty=99
[04:08:09] push=  122365/s pop=  119255/s | tot push=6431030690 pop=6430917700 | errs p=0 c=172 empty=99
[04:08:19] push=  120050/s pop=  122209/s | tot push=6432231190 pop=6432139790 | errs p=0 c=172 empty=99
[04:08:29] push=  128818/s pop=  128038/s | tot push=6433519370 pop=6433420170 | errs p=0 c=172 empty=99
[04:08:39] push=  123853/s pop=  125024/s | tot push=6434757900 pop=6434670410 | errs p=0 c=172 empty=99
[04:08:49] push=  123576/s pop=  123708/s | tot push=6435993660 pop=6435907490 | errs p=0 c=172 empty=99
[04:08:59] push=  122548/s pop=  119996/s | tot push=6437219140 pop=6437107450 | errs p=0 c=172 empty=99
[04:09:09] push=  124408/s pop=  125034/s | tot push=6438463220 pop=6438357790 | errs p=0 c=172 empty=99
[04:09:19] push=  122635/s pop=  124127/s | tot push=6439689570 pop=6439599060 | errs p=0 c=172 empty=99
[04:09:29] push=  126565/s pop=  127803/s | tot push=6440955220 pop=6440877090 | errs p=0 c=172 empty=99
[04:09:39] push=  120728/s pop=  119607/s | tot push=6442162500 pop=6442073160 | errs p=0 c=172 empty=99
[04:09:49] push=  123428/s pop=  120502/s | tot push=6443396780 pop=6443278180 | errs p=0 c=172 empty=99
[04:09:59] push=  120861/s pop=  123724/s | tot push=6444605390 pop=6444515420 | errs p=0 c=172 empty=99
[04:10:09] push=  124668/s pop=  120757/s | tot push=6445852070 pop=6445722990 | errs p=0 c=172 empty=99
[04:10:19] push=  121190/s pop=  125611/s | tot push=6447063970 pop=6446979100 | errs p=0 c=172 empty=99
[04:10:29] push=  126410/s pop=  126267/s | tot push=6448328070 pop=6448241770 | errs p=0 c=172 empty=99
[04:10:39] push=  120590/s pop=  120503/s | tot push=6449533970 pop=6449446800 | errs p=0 c=172 empty=99
[04:10:49] push=  123470/s pop=  123084/s | tot push=6450768670 pop=6450677640 | errs p=0 c=172 empty=99
[04:10:59] push=  120633/s pop=  120857/s | tot push=6451975000 pop=6451886210 | errs p=0 c=172 empty=99
[04:11:09] push=  128087/s pop=  127924/s | tot push=6453255870 pop=6453165450 | errs p=0 c=172 empty=99
[04:11:19] push=  125207/s pop=  125861/s | tot push=6454507940 pop=6454424060 | errs p=0 c=172 empty=99
[04:11:29] push=  126916/s pop=  125168/s | tot push=6455777100 pop=6455675740 | errs p=0 c=172 empty=99
[04:11:39] push=  118154/s pop=  117914/s | tot push=6456958640 pop=6456854880 | errs p=0 c=172 empty=99
[04:11:49] push=  118322/s pop=  119292/s | tot push=6458141860 pop=6458047800 | errs p=0 c=172 empty=99
[04:11:59] push=  118880/s pop=  117988/s | tot push=6459330660 pop=6459227680 | errs p=0 c=172 empty=99
[04:12:09] push=  115488/s pop=  116195/s | tot push=6460485540 pop=6460389630 | errs p=0 c=172 empty=99
[04:12:19] push=  115749/s pop=  112092/s | tot push=6461643030 pop=6461510550 | errs p=0 c=172 empty=99
[04:12:29] push=  117093/s pop=  121468/s | tot push=6462813960 pop=6462725230 | errs p=0 c=172 empty=99
[04:12:39] push=  113070/s pop=  112083/s | tot push=6463944660 pop=6463846060 | errs p=0 c=172 empty=99
[04:12:49] push=  119376/s pop=  121099/s | tot push=6465138420 pop=6465057050 | errs p=0 c=172 empty=99
[04:12:59] push=  118924/s pop=  118195/s | tot push=6466327660 pop=6466239000 | errs p=0 c=172 empty=99
[04:13:09] push=  116700/s pop=  116552/s | tot push=6467494660 pop=6467404520 | errs p=0 c=172 empty=99
[04:13:19] push=  115706/s pop=  114311/s | tot push=6468651720 pop=6468547630 | errs p=0 c=172 empty=99
[04:13:29] push=  120071/s pop=  121402/s | tot push=6469852430 pop=6469761650 | errs p=0 c=172 empty=99
[04:13:39] push=  119421/s pop=  120282/s | tot push=6471046640 pop=6470964470 | errs p=0 c=172 empty=99
[04:13:49] push=  124208/s pop=  124037/s | tot push=6472288720 pop=6472204840 | errs p=0 c=172 empty=99
[04:13:59] push=  123451/s pop=  123716/s | tot push=6473523230 pop=6473442000 | errs p=0 c=172 empty=99
[04:14:09] push=  125206/s pop=  123769/s | tot push=6474775290 pop=6474679690 | errs p=0 c=172 empty=99
[04:14:19] push=  118431/s pop=  116540/s | tot push=6475959600 pop=6475845090 | errs p=0 c=172 empty=99
[04:14:29] push=  123042/s pop=  121327/s | tot push=6477190020 pop=6477058360 | errs p=0 c=172 empty=99
[04:14:39] push=  121739/s pop=  125488/s | tot push=6478407410 pop=6478313240 | errs p=0 c=172 empty=99
[04:14:49] push=  126701/s pop=  127216/s | tot push=6479674420 pop=6479585400 | errs p=0 c=172 empty=99
[04:14:59] push=  124438/s pop=  124475/s | tot push=6480918800 pop=6480830150 | errs p=0 c=172 empty=99
[04:15:09] push=  125962/s pop=  126932/s | tot push=6482178420 pop=6482099470 | errs p=0 c=172 empty=99
[04:15:19] push=  122383/s pop=  119743/s | tot push=6483402250 pop=6483296900 | errs p=0 c=172 empty=99
[04:15:29] push=  125092/s pop=  127167/s | tot push=6484653170 pop=6484568570 | errs p=0 c=172 empty=99
[04:15:39] push=  122646/s pop=  120949/s | tot push=6485879630 pop=6485778060 | errs p=0 c=172 empty=99
[04:15:49] push=  127108/s pop=  127287/s | tot push=6487150710 pop=6487050930 | errs p=0 c=172 empty=99
[04:15:59] push=  122506/s pop=  121693/s | tot push=6488375770 pop=6488267860 | errs p=0 c=172 empty=99
[04:16:09] push=  125022/s pop=  126966/s | tot push=6489625990 pop=6489537520 | errs p=0 c=172 empty=99
[04:16:19] push=  119796/s pop=  112969/s | tot push=6490823950 pop=6490667210 | errs p=0 c=172 empty=99
[04:16:29] push=  122083/s pop=  128588/s | tot push=6492044780 pop=6491953090 | errs p=0 c=172 empty=99
[04:16:39] push=  124579/s pop=  124948/s | tot push=6493290570 pop=6493202570 | errs p=0 c=172 empty=99
[04:16:49] push=  127681/s pop=  126199/s | tot push=6494567380 pop=6494464560 | errs p=0 c=172 empty=99
[04:16:59] push=  120158/s pop=  120504/s | tot push=6495768960 pop=6495669600 | errs p=0 c=172 empty=99
[04:17:09] push=  127602/s pop=  127916/s | tot push=6497044980 pop=6496948760 | errs p=0 c=172 empty=99
[04:17:19] push=  122320/s pop=  120885/s | tot push=6498268180 pop=6498157610 | errs p=0 c=172 empty=99
[04:17:29] push=  125388/s pop=  127881/s | tot push=6499522060 pop=6499436420 | errs p=0 c=172 empty=99
[04:17:39] push=  122426/s pop=  120886/s | tot push=6500746320 pop=6500645280 | errs p=0 c=172 empty=99
[04:17:49] push=  123218/s pop=  122567/s | tot push=6501978500 pop=6501870950 | errs p=0 c=172 empty=99
[04:17:59] push=  122614/s pop=  122613/s | tot push=6503204640 pop=6503097080 | errs p=0 c=172 empty=99
[04:18:09] push=  118691/s pop=  121234/s | tot push=6504391550 pop=6504309420 | errs p=0 c=172 empty=99
[04:18:19] push=  114496/s pop=  113877/s | tot push=6505536510 pop=6505448190 | errs p=0 c=172 empty=99
[04:18:29] push=  115418/s pop=  114090/s | tot push=6506690690 pop=6506589090 | errs p=0 c=172 empty=99
[04:18:39] push=  112028/s pop=  113170/s | tot push=6507810970 pop=6507720790 | errs p=0 c=172 empty=99
[04:18:49] push=  112468/s pop=  107929/s | tot push=6508935650 pop=6508800080 | errs p=0 c=172 empty=99
[04:18:59] push=  116843/s pop=  122555/s | tot push=6510104080 pop=6510025630 | errs p=0 c=172 empty=99
[04:19:09] push=  119371/s pop=  117467/s | tot push=6511297790 pop=6511200300 | errs p=0 c=172 empty=99
[04:19:19] push=  114155/s pop=  111972/s | tot push=6512439340 pop=6512320020 | errs p=0 c=172 empty=99
[04:19:29] push=  121206/s pop=  123693/s | tot push=6513651400 pop=6513556950 | errs p=0 c=172 empty=99
[04:19:39] push=  118237/s pop=  119665/s | tot push=6514833770 pop=6514753600 | errs p=0 c=172 empty=99
[04:19:49] push=  115530/s pop=  115480/s | tot push=6515989070 pop=6515908400 | errs p=0 c=172 empty=99
[04:19:59] push=  116000/s pop=  115347/s | tot push=6517149070 pop=6517061870 | errs p=0 c=172 empty=99
[04:20:09] push=  124192/s pop=  123429/s | tot push=6518390990 pop=6518296160 | errs p=0 c=172 empty=99
[04:20:19] push=  121240/s pop=  122824/s | tot push=6519603390 pop=6519524400 | errs p=0 c=172 empty=99
[04:20:29] push=  125046/s pop=  122937/s | tot push=6520853850 pop=6520753770 | errs p=0 c=172 empty=99
[04:20:39] push=  125677/s pop=  126518/s | tot push=6522110620 pop=6522018950 | errs p=0 c=172 empty=99
[04:20:49] push=  125897/s pop=  127650/s | tot push=6523369590 pop=6523295450 | errs p=0 c=172 empty=99
[04:20:59] push=  120054/s pop=  118315/s | tot push=6524570130 pop=6524478600 | errs p=0 c=172 empty=99
[04:21:09] push=  128227/s pop=  128558/s | tot push=6525852400 pop=6525764180 | errs p=0 c=172 empty=99
[04:21:19] push=  122242/s pop=  121508/s | tot push=6527074820 pop=6526979260 | errs p=0 c=172 empty=99
[04:21:29] push=  124195/s pop=  125141/s | tot push=6528316770 pop=6528230670 | errs p=0 c=172 empty=99
[04:21:39] push=  121590/s pop=  120519/s | tot push=6529532670 pop=6529435860 | errs p=0 c=172 empty=99
[04:21:49] push=  127030/s pop=  128042/s | tot push=6530802970 pop=6530716280 | errs p=0 c=172 empty=99
[04:21:59] push=  121901/s pop=  121606/s | tot push=6532021980 pop=6531932340 | errs p=0 c=172 empty=99
[04:22:09] push=  127197/s pop=  125852/s | tot push=6533293950 pop=6533190860 | errs p=0 c=172 empty=99
[04:22:19] push=  123956/s pop=  123875/s | tot push=6534533510 pop=6534429610 | errs p=0 c=172 empty=99
[04:22:29] push=  125982/s pop=  127164/s | tot push=6535793330 pop=6535701250 | errs p=0 c=172 empty=99
[04:22:39] push=  120072/s pop=  119395/s | tot push=6536994050 pop=6536895200 | errs p=0 c=172 empty=99
[04:22:49] push=  125305/s pop=  124199/s | tot push=6538247100 pop=6538137190 | errs p=0 c=172 empty=99
[04:22:59] push=  122688/s pop=  124604/s | tot push=6539473980 pop=6539383230 | errs p=0 c=172 empty=99
[04:23:09] push=  124730/s pop=  123246/s | tot push=6540721280 pop=6540615690 | errs p=0 c=172 empty=99
[04:23:19] push=  126070/s pop=  126875/s | tot push=6541981980 pop=6541884440 | errs p=0 c=172 empty=99
[04:23:29] push=  127409/s pop=  128694/s | tot push=6543256070 pop=6543171380 | errs p=0 c=172 empty=99
[04:23:39] push=  119845/s pop=  117159/s | tot push=6544454520 pop=6544342970 | errs p=0 c=172 empty=99
[04:23:49] push=  125224/s pop=  126619/s | tot push=6545706760 pop=6545609160 | errs p=0 c=172 empty=99
[04:23:59] push=  127726/s pop=  128168/s | tot push=6546984020 pop=6546890840 | errs p=0 c=172 empty=99
[04:24:09] push=  124778/s pop=  124986/s | tot push=6548231800 pop=6548140700 | errs p=0 c=172 empty=99
[04:24:19] push=  122060/s pop=  122065/s | tot push=6549452400 pop=6549361350 | errs p=0 c=172 empty=99
[04:24:29] push=  125005/s pop=  125434/s | tot push=6550702450 pop=6550615690 | errs p=0 c=172 empty=99
[04:24:39] push=  115916/s pop=  114421/s | tot push=6551861610 pop=6551759900 | errs p=0 c=172 empty=99
[04:24:49] push=  118800/s pop=  120186/s | tot push=6553049610 pop=6552961760 | errs p=0 c=172 empty=99
[04:24:59] push=  114772/s pop=  105826/s | tot push=6554197330 pop=6554020020 | errs p=0 c=172 empty=99
[04:25:09] push=  116297/s pop=  124857/s | tot push=6555360300 pop=6555268590 | errs p=0 c=172 empty=99
[04:25:19] push=  117846/s pop=  118533/s | tot push=6556538760 pop=6556453920 | errs p=0 c=172 empty=99
[04:25:29] push=  120034/s pop=  118935/s | tot push=6557739100 pop=6557643270 | errs p=0 c=172 empty=99
[04:25:39] push=  118009/s pop=  117943/s | tot push=6558919190 pop=6558822700 | errs p=0 c=172 empty=99
[04:25:49] push=  123397/s pop=  124909/s | tot push=6560153160 pop=6560071790 | errs p=0 c=172 empty=99
[04:25:59] push=  117855/s pop=  118405/s | tot push=6561331710 pop=6561255840 | errs p=0 c=172 empty=99
[04:26:09] push=  119448/s pop=  119285/s | tot push=6562526190 pop=6562448690 | errs p=0 c=172 empty=99
[04:26:19] push=  119815/s pop=  119095/s | tot push=6563724340 pop=6563639640 | errs p=0 c=172 empty=99
[04:26:29] push=  120583/s pop=  121170/s | tot push=6564930170 pop=6564851340 | errs p=0 c=172 empty=99
[04:26:39] push=  120348/s pop=  118028/s | tot push=6566133650 pop=6566031620 | errs p=0 c=172 empty=99
[04:26:49] push=  125375/s pop=  125803/s | tot push=6567387400 pop=6567289650 | errs p=0 c=172 empty=99
[04:26:59] push=  122076/s pop=  123382/s | tot push=6568608160 pop=6568523470 | errs p=0 c=172 empty=99
[04:27:09] push=  122353/s pop=  119960/s | tot push=6569831690 pop=6569723070 | errs p=0 c=172 empty=99
[04:27:19] push=  122620/s pop=  124402/s | tot push=6571057890 pop=6570967090 | errs p=0 c=172 empty=99
[04:27:29] push=  124460/s pop=  121736/s | tot push=6572302490 pop=6572184450 | errs p=0 c=172 empty=99
[04:27:39] push=  124237/s pop=  125132/s | tot push=6573544860 pop=6573435770 | errs p=0 c=172 empty=99
[04:27:49] push=  126948/s pop=  129815/s | tot push=6574814340 pop=6574733920 | errs p=0 c=172 empty=99
[04:27:59] push=  122748/s pop=  121624/s | tot push=6576041820 pop=6575950160 | errs p=0 c=172 empty=99
[04:28:09] push=  125009/s pop=  123605/s | tot push=6577291910 pop=6577186210 | errs p=0 c=172 empty=99
[04:28:19] push=  121773/s pop=  124452/s | tot push=6578509640 pop=6578430730 | errs p=0 c=172 empty=99
[04:28:29] push=  125137/s pop=  122970/s | tot push=6579761010 pop=6579660430 | errs p=0 c=172 empty=99
[04:28:39] push=  123654/s pop=  125067/s | tot push=6580997550 pop=6580911100 | errs p=0 c=172 empty=99
[04:28:49] push=  127349/s pop=  126805/s | tot push=6582271040 pop=6582179150 | errs p=0 c=172 empty=99
[04:28:59] push=  122415/s pop=  120652/s | tot push=6583495190 pop=6583385670 | errs p=0 c=172 empty=99
[04:29:09] push=  119193/s pop=  120703/s | tot push=6584687120 pop=6584592700 | errs p=0 c=172 empty=99
[04:29:19] push=  120321/s pop=  120375/s | tot push=6585890330 pop=6585796450 | errs p=0 c=172 empty=99
[04:29:29] push=  126177/s pop=  126089/s | tot push=6587152100 pop=6587057340 | errs p=0 c=172 empty=99
[04:29:39] push=  127482/s pop=  127122/s | tot push=6588426920 pop=6588328560 | errs p=0 c=172 empty=99
[04:29:49] push=  126095/s pop=  126768/s | tot push=6589687870 pop=6589596240 | errs p=0 c=172 empty=99
[04:29:59] push=  121821/s pop=  121984/s | tot push=6590906080 pop=6590816080 | errs p=0 c=172 empty=99
[04:30:09] push=  127425/s pop=  126217/s | tot push=6592180330 pop=6592078250 | errs p=0 c=172 empty=99
[04:30:19] push=  122699/s pop=  123069/s | tot push=6593407320 pop=6593308940 | errs p=0 c=172 empty=99
[04:30:29] push=  128081/s pop=  129529/s | tot push=6594688130 pop=6594604230 | errs p=0 c=172 empty=99
[04:30:39] push=  122519/s pop=  121341/s | tot push=6595913320 pop=6595817640 | errs p=0 c=172 empty=99
[04:30:49] push=  115289/s pop=  115384/s | tot push=6597066210 pop=6596971480 | errs p=0 c=172 empty=99
[04:30:59] push=  120852/s pop=  116425/s | tot push=6598274730 pop=6598135730 | errs p=0 c=172 empty=99
[04:31:09] push=  116045/s pop=  110829/s | tot push=6599435180 pop=6599244020 | errs p=0 c=172 empty=99
[04:31:19] push=  116213/s pop=  124296/s | tot push=6600597310 pop=6600486980 | errs p=0 c=172 empty=99
[04:31:29] push=  120138/s pop=  122923/s | tot push=6601798690 pop=6601716210 | errs p=0 c=172 empty=99
[04:31:39] push=  115078/s pop=  111840/s | tot push=6602949470 pop=6602834610 | errs p=0 c=172 empty=99
[04:31:49] push=  115971/s pop=  115832/s | tot push=6604109180 pop=6603992930 | errs p=0 c=172 empty=99
[04:31:59] push=  117167/s pop=  119039/s | tot push=6605280850 pop=6605183320 | errs p=0 c=172 empty=99
[04:32:09] push=  117691/s pop=  117884/s | tot push=6606457760 pop=6606362160 | errs p=0 c=172 empty=99
[04:32:19] push=  119310/s pop=  120630/s | tot push=6607650860 pop=6607568460 | errs p=0 c=172 empty=99
[04:32:29] push=  119969/s pop=  120150/s | tot push=6608850550 pop=6608769960 | errs p=0 c=172 empty=99
[04:32:39] push=  117701/s pop=  116601/s | tot push=6610027560 pop=6609935970 | errs p=0 c=172 empty=99
[04:32:49] push=  120874/s pop=  120481/s | tot push=6611236300 pop=6611140780 | errs p=0 c=172 empty=99
[04:32:59] push=  120620/s pop=  120665/s | tot push=6612442500 pop=6612347430 | errs p=0 c=172 empty=99
[04:33:09] push=  121253/s pop=  118666/s | tot push=6613655030 pop=6613534090 | errs p=0 c=172 empty=99
[04:33:19] push=  121245/s pop=  123948/s | tot push=6614867480 pop=6614773570 | errs p=0 c=172 empty=99
[04:33:29] push=  124791/s pop=  125123/s | tot push=6616115390 pop=6616024800 | errs p=0 c=172 empty=99
[04:33:39] push=  123395/s pop=  123368/s | tot push=6617349340 pop=6617258480 | errs p=0 c=172 empty=99
[04:33:49] push=  126785/s pop=  125525/s | tot push=6618617190 pop=6618513730 | errs p=0 c=172 empty=99
[04:33:59] push=  123257/s pop=  123260/s | tot push=6619849760 pop=6619746330 | errs p=0 c=172 empty=99
[04:34:09] push=  128337/s pop=  127203/s | tot push=6621133130 pop=6621018360 | errs p=0 c=172 empty=99
[04:34:19] push=  122554/s pop=  124002/s | tot push=6622358670 pop=6622258380 | errs p=0 c=172 empty=99
[04:34:29] push=  125787/s pop=  127872/s | tot push=6623616540 pop=6623537100 | errs p=0 c=172 empty=99
[04:34:39] push=  120767/s pop=  119892/s | tot push=6624824210 pop=6624736020 | errs p=0 c=172 empty=99
[04:34:49] push=  124129/s pop=  124391/s | tot push=6626065500 pop=6625979930 | errs p=0 c=172 empty=99
[04:34:59] push=  122770/s pop=  119885/s | tot push=6627293200 pop=6627178780 | errs p=0 c=172 empty=99
[04:35:09] push=  121500/s pop=  122177/s | tot push=6628508200 pop=6628400550 | errs p=0 c=172 empty=99
[04:35:19] push=  119691/s pop=  121694/s | tot push=6629705110 pop=6629617490 | errs p=0 c=172 empty=99
[04:35:29] push=  123089/s pop=  122452/s | tot push=6630936000 pop=6630842010 | errs p=0 c=172 empty=99
[04:35:39] push=  122918/s pop=  122898/s | tot push=6632165180 pop=6632070990 | errs p=0 c=172 empty=99
[04:35:49] push=  124123/s pop=  123131/s | tot push=6633406410 pop=6633302300 | errs p=0 c=172 empty=99
[04:35:59] push=  121521/s pop=  123122/s | tot push=6634621620 pop=6634533520 | errs p=0 c=172 empty=99
[04:36:09] push=  125698/s pop=  124989/s | tot push=6635878600 pop=6635783410 | errs p=0 c=172 empty=99
[04:36:19] push=  119817/s pop=  121495/s | tot push=6637076770 pop=6636998360 | errs p=0 c=172 empty=99
[04:36:29] push=  123427/s pop=  120617/s | tot push=6638311040 pop=6638204530 | errs p=0 c=172 empty=99
[04:36:39] push=  122383/s pop=  122479/s | tot push=6639534870 pop=6639429320 | errs p=0 c=172 empty=99
[04:36:49] push=  122199/s pop=  119348/s | tot push=6640756860 pop=6640622800 | errs p=0 c=172 empty=99
[04:36:59] push=  121662/s pop=  126536/s | tot push=6641973480 pop=6641888160 | errs p=0 c=172 empty=99
[04:37:09] push=  113355/s pop=  108090/s | tot push=6643107030 pop=6642969060 | errs p=0 c=172 empty=99
[04:37:19] push=  117001/s pop=  121221/s | tot push=6644277040 pop=6644181270 | errs p=0 c=172 empty=99
[04:37:29] push=  117095/s pop=  116459/s | tot push=6645447990 pop=6645345860 | errs p=0 c=172 empty=99
[04:37:39] push=  118861/s pop=  119772/s | tot push=6646636600 pop=6646543580 | errs p=0 c=172 empty=99
[04:37:49] push=  117597/s pop=  117168/s | tot push=6647812570 pop=6647715260 | errs p=0 c=172 empty=99
[04:37:59] push=  116881/s pop=  117027/s | tot push=6648981380 pop=6648885530 | errs p=0 c=172 empty=99
[04:38:09] push=  117753/s pop=  118669/s | tot push=6650158910 pop=6650072220 | errs p=0 c=172 empty=99
[04:38:19] push=  118711/s pop=  118031/s | tot push=6651346020 pop=6651252530 | errs p=0 c=172 empty=99
[04:38:29] push=  118164/s pop=  117094/s | tot push=6652527660 pop=6652423470 | errs p=0 c=172 empty=99
[04:38:39] push=  116994/s pop=  118416/s | tot push=6653697600 pop=6653607630 | errs p=0 c=172 empty=99
[04:38:49] push=  120158/s pop=  120933/s | tot push=6654899180 pop=6654816960 | errs p=0 c=172 empty=99
[04:38:59] push=  119260/s pop=  119399/s | tot push=6656091780 pop=6656010950 | errs p=0 c=172 empty=99
[04:39:09] push=  123915/s pop=  122370/s | tot push=6657330930 pop=6657234650 | errs p=0 c=172 empty=99
[04:39:19] push=  119390/s pop=  119666/s | tot push=6658524830 pop=6658431310 | errs p=0 c=172 empty=99
[04:39:29] push=  123942/s pop=  123820/s | tot push=6659764250 pop=6659669510 | errs p=0 c=172 empty=99
[04:39:39] push=  124173/s pop=  124636/s | tot push=6661005980 pop=6660915870 | errs p=0 c=172 empty=99
[04:39:49] push=  128128/s pop=  127493/s | tot push=6662287260 pop=6662190800 | errs p=0 c=172 empty=99
[04:39:59] push=  120739/s pop=  121009/s | tot push=6663494650 pop=6663400890 | errs p=0 c=172 empty=99
[04:40:09] push=  127805/s pop=  126742/s | tot push=6664772700 pop=6664668310 | errs p=0 c=172 empty=99
[04:40:19] push=  123044/s pop=  124192/s | tot push=6666003140 pop=6665910230 | errs p=0 c=172 empty=99
[04:40:29] push=  124852/s pop=  124416/s | tot push=6667251660 pop=6667154390 | errs p=0 c=172 empty=99
[04:40:39] push=  120908/s pop=  120576/s | tot push=6668460740 pop=6668360150 | errs p=0 c=172 empty=99
[04:40:49] push=  126609/s pop=  127852/s | tot push=6669726830 pop=6669638670 | errs p=0 c=172 empty=99
[04:40:59] push=  122493/s pop=  123351/s | tot push=6670951760 pop=6670872180 | errs p=0 c=172 empty=99
[04:41:09] push=  123475/s pop=  122910/s | tot push=6672186510 pop=6672101280 | errs p=0 c=172 empty=99
[04:41:19] push=  123570/s pop=  124407/s | tot push=6673422210 pop=6673345350 | errs p=0 c=172 empty=99
[04:41:29] push=  124735/s pop=  124538/s | tot push=6674669560 pop=6674590730 | errs p=0 c=172 empty=99
[04:41:39] push=  123938/s pop=  121690/s | tot push=6675908940 pop=6675807630 | errs p=0 c=172 empty=99
[04:41:49] push=  124027/s pop=  124793/s | tot push=6677149210 pop=6677055560 | errs p=0 c=172 empty=99
[04:41:59] push=  121330/s pop=  121116/s | tot push=6678362510 pop=6678266720 | errs p=0 c=172 empty=99
[04:42:09] push=  124890/s pop=  124212/s | tot push=6679611410 pop=6679508840 | errs p=0 c=172 empty=99
[04:42:19] push=  123901/s pop=  124475/s | tot push=6680850420 pop=6680753590 | errs p=0 c=172 empty=99
[04:42:29] push=  125402/s pop=  123895/s | tot push=6682104440 pop=6681992540 | errs p=0 c=172 empty=99
[04:42:39] push=  122391/s pop=  123169/s | tot push=6683328350 pop=6683224230 | errs p=0 c=172 empty=99
[04:42:49] push=  124223/s pop=  123916/s | tot push=6684570580 pop=6684463390 | errs p=0 c=172 empty=99
[04:42:59] push=  127380/s pop=  129668/s | tot push=6685844380 pop=6685760070 | errs p=0 c=172 empty=99
[04:43:09] push=  127324/s pop=  127151/s | tot push=6687117620 pop=6687031580 | errs p=0 c=172 empty=99
[04:43:19] push=  117475/s pop=  118534/s | tot push=6688292370 pop=6688216920 | errs p=0 c=172 empty=99
[04:43:29] push=  117133/s pop=  112185/s | tot push=6689463700 pop=6689338770 | errs p=0 c=172 empty=99
[04:43:39] push=  118058/s pop=  119447/s | tot push=6690644280 pop=6690533240 | errs p=0 c=172 empty=99
[04:43:49] push=  114763/s pop=  115753/s | tot push=6691791910 pop=6691690770 | errs p=0 c=172 empty=99
[04:43:59] push=  115372/s pop=  116011/s | tot push=6692945630 pop=6692850880 | errs p=0 c=172 empty=99
[04:44:09] push=  119855/s pop=  120361/s | tot push=6694144180 pop=6694054490 | errs p=0 c=172 empty=99
[04:44:19] push=  118908/s pop=  114790/s | tot push=6695333260 pop=6695202390 | errs p=0 c=172 empty=100
[04:44:29] push=  116292/s pop=  119638/s | tot push=6696496180 pop=6696398770 | errs p=0 c=172 empty=100
[04:44:39] push=  118110/s pop=  118999/s | tot push=6697677280 pop=6697588760 | errs p=0 c=172 empty=100
[04:44:49] push=  120324/s pop=  119398/s | tot push=6698880520 pop=6698782740 | errs p=0 c=172 empty=100
[04:44:59] push=  120844/s pop=  121921/s | tot push=6700088960 pop=6700001950 | errs p=0 c=172 empty=100
[04:45:09] push=  119815/s pop=  120250/s | tot push=6701287110 pop=6701204450 | errs p=0 c=172 empty=100
[04:45:19] push=  118812/s pop=  116902/s | tot push=6702475230 pop=6702373470 | errs p=0 c=172 empty=100
[04:45:29] push=  124318/s pop=  125732/s | tot push=6703718410 pop=6703630790 | errs p=0 c=172 empty=100
[04:45:39] push=  119980/s pop=  110335/s | tot push=6704918210 pop=6704734140 | errs p=0 c=172 empty=100
[04:45:49] push=  121935/s pop=  131352/s | tot push=6706137560 pop=6706047660 | errs p=0 c=172 empty=100
[04:45:59] push=  124289/s pop=  125693/s | tot push=6707380450 pop=6707304590 | errs p=0 c=172 empty=100
[04:46:09] push=  125484/s pop=  125011/s | tot push=6708635290 pop=6708554700 | errs p=0 c=172 empty=100
[04:46:19] push=  122944/s pop=  121589/s | tot push=6709864730 pop=6709770590 | errs p=0 c=172 empty=100
[04:46:29] push=  126406/s pop=  126583/s | tot push=6711128790 pop=6711036420 | errs p=0 c=172 empty=100
[04:46:39] push=  121005/s pop=  122011/s | tot push=6712338840 pop=6712256530 | errs p=0 c=172 empty=100
[04:46:49] push=  128528/s pop=  127820/s | tot push=6713624120 pop=6713534730 | errs p=0 c=172 empty=100
[04:46:59] push=  124130/s pop=  124320/s | tot push=6714865420 pop=6714777930 | errs p=0 c=172 empty=100
[04:47:09] push=  128043/s pop=  127429/s | tot push=6716145850 pop=6716052220 | errs p=0 c=172 empty=100
[04:47:19] push=  124204/s pop=  125548/s | tot push=6717387890 pop=6717307700 | errs p=0 c=172 empty=100
[04:47:29] push=  124168/s pop=  123764/s | tot push=6718629570 pop=6718545340 | errs p=0 c=172 empty=100
[04:47:39] push=  123329/s pop=  122154/s | tot push=6719862860 pop=6719766880 | errs p=0 c=172 empty=100
[04:47:49] push=  122557/s pop=  118582/s | tot push=6721088430 pop=6720952700 | errs p=0 c=172 empty=100
[04:47:59] push=  114678/s pop=  115613/s | tot push=6722235210 pop=6722108830 | errs p=0 c=172 empty=100
[04:48:09] push=  117023/s pop=  119827/s | tot push=6723405440 pop=6723307100 | errs p=0 c=172 empty=100
[04:48:19] push=  116965/s pop=  117654/s | tot push=6724575090 pop=6724483640 | errs p=0 c=172 empty=101
[04:48:29] push=  121966/s pop=  121182/s | tot push=6725794750 pop=6725695460 | errs p=0 c=172 empty=101
[04:48:39] push=  117117/s pop=  115572/s | tot push=6726965920 pop=6726851180 | errs p=0 c=172 empty=101
[04:48:49] push=  122242/s pop=  124080/s | tot push=6728188340 pop=6728091980 | errs p=0 c=172 empty=101
[04:48:59] push=  122020/s pop=  123403/s | tot push=6729408540 pop=6729326010 | errs p=0 c=172 empty=101
[04:49:09] push=  127056/s pop=  127202/s | tot push=6730679100 pop=6730598030 | errs p=0 c=172 empty=101
[04:49:19] push=  123528/s pop=  122703/s | tot push=6731914380 pop=6731825060 | errs p=0 c=172 empty=101
[04:49:29] push=  124073/s pop=  123346/s | tot push=6733155110 pop=6733058520 | errs p=0 c=172 empty=101
[04:49:39] push=  120420/s pop=  122171/s | tot push=6734359310 pop=6734280230 | errs p=0 c=172 empty=101
[04:49:49] push=  117469/s pop=  116944/s | tot push=6735534000 pop=6735449670 | errs p=0 c=172 empty=101
[04:49:59] push=  115895/s pop=  108359/s | tot push=6736692950 pop=6736533260 | errs p=0 c=172 empty=101
[04:50:09] push=  117851/s pop=  123691/s | tot push=6737871460 pop=6737770170 | errs p=0 c=172 empty=101
[04:50:19] push=  120020/s pop=  121525/s | tot push=6739071660 pop=6738985420 | errs p=0 c=172 empty=101
[04:50:29] push=  122221/s pop=  120953/s | tot push=6740293870 pop=6740194950 | errs p=0 c=172 empty=101
[04:50:39] push=  116982/s pop=  118959/s | tot push=6741463690 pop=6741384540 | errs p=0 c=172 empty=101
[04:50:49] push=  118493/s pop=  116242/s | tot push=6742648620 pop=6742546960 | errs p=0 c=172 empty=101
[04:50:59] push=  121855/s pop=  122120/s | tot push=6743867170 pop=6743768160 | errs p=0 c=172 empty=101
[04:51:09] push=  118257/s pop=  119307/s | tot push=6745049740 pop=6744961230 | errs p=0 c=172 empty=101
[04:51:19] push=  116875/s pop=  115046/s | tot push=6746218490 pop=6746111690 | errs p=0 c=172 empty=101
[04:51:29] push=  120824/s pop=  123437/s | tot push=6747426730 pop=6747346060 | errs p=0 c=172 empty=101
[04:51:39] push=  119930/s pop=  117450/s | tot push=6748626030 pop=6748520560 | errs p=0 c=172 empty=101
[04:51:49] push=  120084/s pop=  120929/s | tot push=6749826870 pop=6749729850 | errs p=0 c=172 empty=101
[04:51:59] push=  126152/s pop=  126202/s | tot push=6751088390 pop=6750991870 | errs p=0 c=172 empty=101
[04:52:09] push=  121137/s pop=  118618/s | tot push=6752299760 pop=6752178050 | errs p=0 c=172 empty=101
[04:52:19] push=  124353/s pop=  127080/s | tot push=6753543290 pop=6753448850 | errs p=0 c=172 empty=101
[04:52:29] push=  122416/s pop=  122608/s | tot push=6754767450 pop=6754674930 | errs p=0 c=172 empty=101
[04:52:39] push=  123033/s pop=  123279/s | tot push=6755997780 pop=6755907720 | errs p=0 c=172 empty=101
[04:52:49] push=  123008/s pop=  122798/s | tot push=6757227860 pop=6757135700 | errs p=0 c=172 empty=101
[04:52:59] push=  124216/s pop=  122691/s | tot push=6758470020 pop=6758362610 | errs p=0 c=172 empty=101
[04:53:09] push=  121319/s pop=  123229/s | tot push=6759683210 pop=6759594900 | errs p=0 c=172 empty=101
[04:53:19] push=  125526/s pop=  124644/s | tot push=6760938470 pop=6760841340 | errs p=0 c=172 empty=101
[04:53:29] push=  123217/s pop=  123176/s | tot push=6762170640 pop=6762073100 | errs p=0 c=172 empty=101
[04:53:39] push=  122624/s pop=  124050/s | tot push=6763396880 pop=6763313600 | errs p=0 c=172 empty=101
[04:53:49] push=  124268/s pop=  123117/s | tot push=6764639560 pop=6764544770 | errs p=0 c=172 empty=101
[04:53:59] push=  126868/s pop=  125624/s | tot push=6765908240 pop=6765801010 | errs p=0 c=172 empty=101
[04:54:09] push=  121180/s pop=  121780/s | tot push=6767120040 pop=6767018810 | errs p=0 c=172 empty=101
[04:54:19] push=  123054/s pop=  124408/s | tot push=6768350580 pop=6768262890 | errs p=0 c=172 empty=101
[04:54:29] push=  124907/s pop=  125322/s | tot push=6769599650 pop=6769516110 | errs p=0 c=172 empty=101
[04:54:39] push=  127124/s pop=  126986/s | tot push=6770870890 pop=6770785970 | errs p=0 c=172 empty=101
[04:54:49] push=  126866/s pop=  126195/s | tot push=6772139550 pop=6772047920 | errs p=0 c=172 empty=101
[04:54:59] push=  124362/s pop=  124438/s | tot push=6773383170 pop=6773292300 | errs p=0 c=172 empty=101
[04:55:09] push=  123793/s pop=  122422/s | tot push=6774621100 pop=6774516520 | errs p=0 c=172 empty=101
[04:55:19] push=  124348/s pop=  122487/s | tot push=6775864580 pop=6775741390 | errs p=0 c=172 empty=101
[04:55:29] push=  121471/s pop=  123243/s | tot push=6777079290 pop=6776973820 | errs p=0 c=172 empty=101
[04:55:39] push=  125187/s pop=  124645/s | tot push=6778331160 pop=6778220270 | errs p=0 c=172 empty=101
[04:55:49] push=  121865/s pop=  122516/s | tot push=6779549810 pop=6779445430 | errs p=0 c=172 empty=101
[04:55:59] push=  121422/s pop=  121854/s | tot push=6780764030 pop=6780663970 | errs p=0 c=172 empty=101
[04:56:09] push=  118949/s pop=  120096/s | tot push=6781953520 pop=6781864930 | errs p=0 c=172 empty=101
[04:56:19] push=  111949/s pop=  104939/s | tot push=6783073010 pop=6782914320 | errs p=0 c=172 empty=101
[04:56:29] push=  118311/s pop=  123019/s | tot push=6784256120 pop=6784144510 | errs p=0 c=172 empty=101
[04:56:39] push=  116341/s pop=  117538/s | tot push=6785419530 pop=6785319890 | errs p=0 c=172 empty=101
[04:56:49] push=  114280/s pop=  114754/s | tot push=6786562330 pop=6786467430 | errs p=0 c=172 empty=101
[04:56:59] push=  115287/s pop=  115028/s | tot push=6787715200 pop=6787617710 | errs p=0 c=172 empty=101
[04:57:09] push=  121893/s pop=  122727/s | tot push=6788934130 pop=6788844980 | errs p=0 c=172 empty=101
[04:57:19] push=  121820/s pop=  120573/s | tot push=6790152330 pop=6790050710 | errs p=0 c=172 empty=101
[04:57:29] push=  121135/s pop=  123177/s | tot push=6791363680 pop=6791282480 | errs p=0 c=172 empty=101
[04:57:39] push=  120261/s pop=  119714/s | tot push=6792566290 pop=6792479620 | errs p=0 c=172 empty=101
[04:57:49] push=  118208/s pop=  115887/s | tot push=6793748370 pop=6793638490 | errs p=0 c=172 empty=101
[04:57:59] push=  124017/s pop=  125996/s | tot push=6794988540 pop=6794898450 | errs p=0 c=172 empty=101
[04:58:09] push=  123518/s pop=  124027/s | tot push=6796223720 pop=6796138720 | errs p=0 c=172 empty=101
[04:58:19] push=  123303/s pop=  122647/s | tot push=6797456750 pop=6797365190 | errs p=0 c=172 empty=101
[04:58:29] push=  120454/s pop=  119236/s | tot push=6798661290 pop=6798557550 | errs p=0 c=172 empty=101
[04:58:39] push=  118733/s pop=  119686/s | tot push=6799848620 pop=6799754410 | errs p=0 c=172 empty=101
[04:58:49] push=  128234/s pop=  129494/s | tot push=6801130960 pop=6801049350 | errs p=0 c=172 empty=101
[04:58:59] push=  125590/s pop=  124441/s | tot push=6802386860 pop=6802293760 | errs p=0 c=172 empty=101
[04:59:09] push=  124516/s pop=  124150/s | tot push=6803632020 pop=6803535260 | errs p=0 c=172 empty=101
[04:59:19] push=  121583/s pop=  121887/s | tot push=6804847850 pop=6804754130 | errs p=0 c=172 empty=101
[04:59:29] push=  126449/s pop=  126738/s | tot push=6806112340 pop=6806021510 | errs p=0 c=172 empty=101
[04:59:39] push=  121928/s pop=  122695/s | tot push=6807331620 pop=6807248460 | errs p=0 c=172 empty=101
[04:59:49] push=  125928/s pop=  126162/s | tot push=6808590900 pop=6808510080 | errs p=0 c=172 empty=101
[04:59:59] push=  123712/s pop=  121668/s | tot push=6809828020 pop=6809726760 | errs p=0 c=172 empty=101
[05:00:09] push=  126506/s pop=  125797/s | tot push=6811093080 pop=6810984730 | errs p=0 c=172 empty=101
[05:00:19] push=  126886/s pop=  129377/s | tot push=6812361940 pop=6812278500 | errs p=0 c=172 empty=101
[05:00:29] push=  125949/s pop=  124891/s | tot push=6813621430 pop=6813527410 | errs p=0 c=172 empty=101
[05:00:39] push=  117576/s pop=  116981/s | tot push=6814797190 pop=6814697220 | errs p=0 c=172 empty=101
[05:00:49] push=  127832/s pop=  129148/s | tot push=6816075510 pop=6815988700 | errs p=0 c=172 empty=101
[05:00:59] push=  119465/s pop=  119718/s | tot push=6817270160 pop=6817185880 | errs p=0 c=172 empty=101
[05:01:09] push=  125218/s pop=  124475/s | tot push=6818522340 pop=6818430630 | errs p=0 c=172 empty=101
[05:01:19] push=  122326/s pop=  122500/s | tot push=6819745600 pop=6819655630 | errs p=0 c=172 empty=101
[05:01:29] push=  127306/s pop=  126637/s | tot push=6821018660 pop=6820922000 | errs p=0 c=172 empty=101
[05:01:39] push=  124589/s pop=  125553/s | tot push=6822264550 pop=6822177530 | errs p=0 c=172 empty=101
[05:01:49] push=  125013/s pop=  124404/s | tot push=6823514680 pop=6823421570 | errs p=0 c=172 empty=101
[05:01:59] push=  119991/s pop=  119714/s | tot push=6824714590 pop=6824618710 | errs p=0 c=172 empty=101
[05:02:09] push=  126791/s pop=  126263/s | tot push=6825982500 pop=6825881340 | errs p=0 c=172 empty=101
[05:02:19] push=  117612/s pop=  118163/s | tot push=6827158620 pop=6827062970 | errs p=0 c=172 empty=101
[05:02:29] push=  115232/s pop=  115545/s | tot push=6828310940 pop=6828218420 | errs p=0 c=172 empty=101
[05:02:39] push=  119450/s pop=  118410/s | tot push=6829505440 pop=6829402520 | errs p=0 c=172 empty=101
[05:02:49] push=  115075/s pop=  105848/s | tot push=6830656190 pop=6830461000 | errs p=0 c=172 empty=101
[05:02:59] push=  114576/s pop=  124324/s | tot push=6831801950 pop=6831704240 | errs p=0 c=172 empty=101
[05:03:09] push=  118543/s pop=  118965/s | tot push=6832987380 pop=6832893890 | errs p=0 c=172 empty=101
[05:03:19] push=  115825/s pop=  116002/s | tot push=6834145630 pop=6834053910 | errs p=0 c=172 empty=102
[05:03:29] push=  117761/s pop=  117878/s | tot push=6835323240 pop=6835232690 | errs p=0 c=172 empty=102
[05:03:39] push=  121089/s pop=  122259/s | tot push=6836534130 pop=6836455280 | errs p=0 c=172 empty=102
[05:03:49] push=  118705/s pop=  113203/s | tot push=6837721180 pop=6837587310 | errs p=0 c=172 empty=102
[05:03:59] push=  117760/s pop=  120404/s | tot push=6838898780 pop=6838791350 | errs p=0 c=172 empty=102
[05:04:09] push=  120946/s pop=  121775/s | tot push=6840108240 pop=6840009100 | errs p=0 c=172 empty=102
[05:04:19] push=  120687/s pop=  120833/s | tot push=6841315110 pop=6841217430 | errs p=0 c=172 empty=102
[05:04:29] push=  119695/s pop=  118538/s | tot push=6842512060 pop=6842402810 | errs p=0 c=172 empty=102
[05:04:39] push=  118932/s pop=  121072/s | tot push=6843701380 pop=6843613530 | errs p=0 c=172 empty=102
[05:04:49] push=  115706/s pop=  113590/s | tot push=6844858440 pop=6844749430 | errs p=0 c=172 empty=102
[05:04:59] push=  125589/s pop=  127397/s | tot push=6846114330 pop=6846023400 | errs p=0 c=172 empty=102
[05:05:09] push=  119590/s pop=  120925/s | tot push=6847310230 pop=6847232650 | errs p=0 c=172 empty=102
[05:05:19] push=  121506/s pop=  119424/s | tot push=6848525290 pop=6848426890 | errs p=0 c=172 empty=102
[05:05:29] push=  124608/s pop=  123889/s | tot push=6849771370 pop=6849665780 | errs p=0 c=172 empty=102
[05:05:39] push=  128252/s pop=  130596/s | tot push=6851053890 pop=6850971740 | errs p=0 c=172 empty=102
[05:05:49] push=  117599/s pop=  116280/s | tot push=6852229880 pop=6852134540 | errs p=0 c=172 empty=103
[05:05:59] push=  126949/s pop=  126038/s | tot push=6853499370 pop=6853394920 | errs p=0 c=172 empty=103
[05:06:09] push=  118166/s pop=  118893/s | tot push=6854681030 pop=6854583850 | errs p=0 c=172 empty=103
[05:06:19] push=  123797/s pop=  123455/s | tot push=6855919000 pop=6855818400 | errs p=0 c=172 empty=103
[05:06:29] push=  117261/s pop=  118142/s | tot push=6857091610 pop=6856999820 | errs p=0 c=172 empty=103
[05:06:39] push=  121498/s pop=  121861/s | tot push=6858306590 pop=6858218430 | errs p=0 c=172 empty=103
[05:06:49] push=  119642/s pop=  118332/s | tot push=6859503010 pop=6859401750 | errs p=0 c=172 empty=103
[05:06:59] push=  118409/s pop=  118344/s | tot push=6860687100 pop=6860585190 | errs p=0 c=172 empty=103
[05:07:09] push=  116105/s pop=  115966/s | tot push=6861848150 pop=6861744850 | errs p=0 c=172 empty=103
[05:07:19] push=  122824/s pop=  125239/s | tot push=6863076390 pop=6862997240 | errs p=0 c=172 empty=103
[05:07:29] push=  120028/s pop=  118869/s | tot push=6864276670 pop=6864185930 | errs p=0 c=172 empty=103
[05:07:39] push=  123368/s pop=  120940/s | tot push=6865510350 pop=6865395330 | errs p=0 c=172 empty=103
[05:07:49] push=  123293/s pop=  125255/s | tot push=6866743280 pop=6866647880 | errs p=0 c=172 empty=103
[05:07:59] push=  122155/s pop=  121557/s | tot push=6867964830 pop=6867863450 | errs p=0 c=172 empty=103
[05:08:09] push=  122100/s pop=  120135/s | tot push=6869185830 pop=6869064800 | errs p=0 c=172 empty=103
[05:08:19] push=  122108/s pop=  123374/s | tot push=6870406910 pop=6870298540 | errs p=0 c=172 empty=103
[05:08:29] push=  116562/s pop=  118615/s | tot push=6871572530 pop=6871484690 | errs p=0 c=172 empty=103
[05:08:39] push=  120621/s pop=  120013/s | tot push=6872778740 pop=6872684820 | errs p=0 c=172 empty=103
[05:08:49] push=  113417/s pop=  113043/s | tot push=6873912910 pop=6873815250 | errs p=0 c=172 empty=103
[05:08:59] push=  112322/s pop=  112179/s | tot push=6875036130 pop=6874937040 | errs p=0 c=172 empty=103
[05:09:09] push=  113598/s pop=  113963/s | tot push=6876172110 pop=6876076670 | errs p=0 c=172 empty=103
[05:09:19] push=  115141/s pop=  116233/s | tot push=6877323520 pop=6877239000 | errs p=0 c=172 empty=103
[05:09:29] push=  115072/s pop=  113089/s | tot push=6878474240 pop=6878369890 | errs p=0 c=172 empty=103
[05:09:39] push=  114500/s pop=  115599/s | tot push=6879619240 pop=6879525880 | errs p=0 c=172 empty=103
[05:09:49] push=  114081/s pop=  115032/s | tot push=6880760050 pop=6880676200 | errs p=0 c=172 empty=103
[05:09:59] push=  115342/s pop=  116239/s | tot push=6881913470 pop=6881838590 | errs p=0 c=172 empty=103
[05:10:09] push=  116207/s pop=  114586/s | tot push=6883075540 pop=6882984450 | errs p=0 c=172 empty=103
[05:10:19] push=  115936/s pop=  115045/s | tot push=6884234900 pop=6884134900 | errs p=0 c=172 empty=103
[05:10:29] push=  119034/s pop=  119868/s | tot push=6885425240 pop=6885333580 | errs p=0 c=172 empty=103
[05:10:39] push=  118424/s pop=  119429/s | tot push=6886609480 pop=6886527870 | errs p=0 c=172 empty=103
[05:10:49] push=  119921/s pop=  118772/s | tot push=6887808690 pop=6887715590 | errs p=0 c=172 empty=103
[05:10:59] push=  122692/s pop=  122822/s | tot push=6889035610 pop=6888943810 | errs p=0 c=172 empty=103
[05:11:09] push=  124745/s pop=  125237/s | tot push=6890283060 pop=6890196180 | errs p=0 c=172 empty=103
[05:11:19] push=  115998/s pop=  110767/s | tot push=6891443040 pop=6891303850 | errs p=0 c=172 empty=103
[05:11:29] push=  121434/s pop=  127254/s | tot push=6892657380 pop=6892576390 | errs p=0 c=172 empty=103
[05:11:39] push=  119902/s pop=  119027/s | tot push=6893856400 pop=6893766660 | errs p=0 c=172 empty=103
[05:11:49] push=  123400/s pop=  123467/s | tot push=6895090400 pop=6895001330 | errs p=0 c=172 empty=103
[05:11:59] push=  122423/s pop=  122647/s | tot push=6896314630 pop=6896227800 | errs p=0 c=172 empty=103
[05:12:09] push=  121616/s pop=  120489/s | tot push=6897530790 pop=6897432690 | errs p=0 c=172 empty=103
[05:12:19] push=  119409/s pop=  119318/s | tot push=6898724880 pop=6898625870 | errs p=0 c=172 empty=103
[05:12:29] push=  123918/s pop=  124075/s | tot push=6899964060 pop=6899866620 | errs p=0 c=172 empty=103
[05:12:39] push=  121691/s pop=  121048/s | tot push=6901180970 pop=6901077100 | errs p=0 c=172 empty=103
[05:12:49] push=  120527/s pop=  122767/s | tot push=6902386240 pop=6902304770 | errs p=0 c=172 empty=103
[05:12:59] push=  115655/s pop=  114688/s | tot push=6903542790 pop=6903451650 | errs p=0 c=172 empty=103
[05:13:09] push=  119877/s pop=  119084/s | tot push=6904741560 pop=6904642490 | errs p=0 c=172 empty=103
[05:13:19] push=  118496/s pop=  116657/s | tot push=6905926520 pop=6905809060 | errs p=0 c=172 empty=103
[05:13:29] push=  120575/s pop=  120686/s | tot push=6907132270 pop=6907015920 | errs p=0 c=172 empty=103
[05:13:39] push=  117399/s pop=  116879/s | tot push=6908306260 pop=6908184710 | errs p=0 c=172 empty=103
[05:13:49] push=  123246/s pop=  124288/s | tot push=6909538720 pop=6909427590 | errs p=0 c=172 empty=103
[05:13:59] push=  118705/s pop=  121055/s | tot push=6910725770 pop=6910638140 | errs p=0 c=172 empty=103
[05:14:09] push=  122599/s pop=  121358/s | tot push=6911951760 pop=6911851720 | errs p=0 c=172 empty=103
[05:14:19] push=  117594/s pop=  118803/s | tot push=6913127700 pop=6913039750 | errs p=0 c=172 empty=103
[05:14:29] push=  121139/s pop=  120294/s | tot push=6914339090 pop=6914242690 | errs p=0 c=172 empty=103
[05:14:39] push=  124820/s pop=  125840/s | tot push=6915587290 pop=6915501090 | errs p=0 c=172 empty=103
[05:14:49] push=  122586/s pop=  120895/s | tot push=6916813150 pop=6916710040 | errs p=0 c=172 empty=103
[05:14:59] push=  118880/s pop=  119181/s | tot push=6918001950 pop=6917901850 | errs p=0 c=172 empty=103
[05:15:09] push=  121869/s pop=  123108/s | tot push=6919220640 pop=6919132930 | errs p=0 c=172 empty=103
[05:15:19] push=  111723/s pop=  111477/s | tot push=6920337870 pop=6920247700 | errs p=0 c=172 empty=103
[05:15:29] push=  116346/s pop=  114559/s | tot push=6921501330 pop=6921393290 | errs p=0 c=172 empty=103
[05:15:39] push=  114587/s pop=  107275/s | tot push=6922647200 pop=6922466040 | errs p=0 c=172 empty=103
[05:15:49] push=  114698/s pop=  122343/s | tot push=6923794180 pop=6923689470 | errs p=0 c=172 empty=103
[05:15:59] push=  114753/s pop=  115218/s | tot push=6924941710 pop=6924841650 | errs p=0 c=172 empty=103
[05:16:09] push=  116470/s pop=  118890/s | tot push=6926106410 pop=6926030550 | errs p=0 c=172 empty=103
[05:16:19] push=  114737/s pop=  113443/s | tot push=6927253780 pop=6927164980 | errs p=0 c=172 empty=103
[05:16:29] push=  116291/s pop=  116540/s | tot push=6928416690 pop=6928330380 | errs p=0 c=172 empty=103
[05:16:39] push=  115931/s pop=  115762/s | tot push=6929576000 pop=6929488000 | errs p=0 c=172 empty=103
[05:16:49] push=  116445/s pop=  116599/s | tot push=6930740450 pop=6930653990 | errs p=0 c=172 empty=103
[05:16:59] push=  117769/s pop=  117522/s | tot push=6931918140 pop=6931829210 | errs p=0 c=172 empty=103
[05:17:09] push=  120249/s pop=  121097/s | tot push=6933120630 pop=6933040180 | errs p=0 c=172 empty=103
[05:17:19] push=  121858/s pop=  120764/s | tot push=6934339210 pop=6934247820 | errs p=0 c=172 empty=103
[05:17:29] push=  124181/s pop=  123768/s | tot push=6935581020 pop=6935485500 | errs p=0 c=172 empty=103
[05:17:39] push=  116745/s pop=  115380/s | tot push=6936748470 pop=6936639300 | errs p=0 c=172 empty=103
[05:17:49] push=  120868/s pop=  119522/s | tot push=6937957150 pop=6937834520 | errs p=0 c=172 empty=103
[05:17:59] push=  120711/s pop=  123090/s | tot push=6939164260 pop=6939065420 | errs p=0 c=172 empty=103
[05:18:09] push=  120641/s pop=  121186/s | tot push=6940370670 pop=6940277280 | errs p=0 c=172 empty=103
[05:18:19] push=  119972/s pop=  120310/s | tot push=6941570390 pop=6941480380 | errs p=0 c=172 empty=103
[05:18:29] push=  122462/s pop=  121360/s | tot push=6942795010 pop=6942693980 | errs p=0 c=172 empty=103
[05:18:39] push=  120026/s pop=  120624/s | tot push=6943995270 pop=6943900220 | errs p=0 c=172 empty=103
[05:18:49] push=  125684/s pop=  123962/s | tot push=6945252110 pop=6945139840 | errs p=0 c=172 empty=103
[05:18:59] push=  120293/s pop=  119826/s | tot push=6946455040 pop=6946338100 | errs p=0 c=172 empty=103
[05:19:09] push=  117782/s pop=  119884/s | tot push=6947632860 pop=6947536940 | errs p=0 c=172 empty=103
[05:19:19] push=  122077/s pop=  123619/s | tot push=6948853630 pop=6948773130 | errs p=0 c=172 empty=103
[05:19:29] push=  122193/s pop=  121434/s | tot push=6950075560 pop=6949987470 | errs p=0 c=172 empty=103
[05:19:39] push=  119560/s pop=  118905/s | tot push=6951271160 pop=6951176520 | errs p=0 c=172 empty=103
[05:19:49] push=  117400/s pop=  119080/s | tot push=6952445160 pop=6952367320 | errs p=0 c=172 empty=103
[05:19:59] push=  118082/s pop=  117611/s | tot push=6953625980 pop=6953543430 | errs p=0 c=172 empty=103
[05:20:09] push=  122662/s pop=  121674/s | tot push=6954852600 pop=6954760170 | errs p=0 c=172 empty=103
[05:20:19] push=  124626/s pop=  125892/s | tot push=6956098860 pop=6956019090 | errs p=0 c=172 empty=103
[05:20:29] push=  120881/s pop=  120294/s | tot push=6957307670 pop=6957222030 | errs p=0 c=172 empty=103
[05:20:39] push=  121308/s pop=  121435/s | tot push=6958520750 pop=6958436380 | errs p=0 c=172 empty=103
[05:20:49] push=  126501/s pop=  126520/s | tot push=6959785760 pop=6959701580 | errs p=0 c=172 empty=103
[05:20:59] push=  121163/s pop=  120517/s | tot push=6960997390 pop=6960906750 | errs p=0 c=172 empty=103
[05:21:09] push=  124688/s pop=  124204/s | tot push=6962244270 pop=6962148790 | errs p=0 c=172 empty=103
[05:21:19] push=  120306/s pop=  121161/s | tot push=6963447330 pop=6963360400 | errs p=0 c=172 empty=103
[05:21:29] push=  123730/s pop=  122129/s | tot push=6964684630 pop=6964581690 | errs p=0 c=172 empty=103
[05:21:39] push=  121183/s pop=  121148/s | tot push=6965896460 pop=6965793170 | errs p=0 c=172 empty=103
[05:21:49] push=  110339/s pop=  110938/s | tot push=6966999850 pop=6966902550 | errs p=0 c=172 empty=103
[05:21:59] push=  112066/s pop=  111633/s | tot push=6968120510 pop=6968018880 | errs p=0 c=172 empty=103
[05:22:09] push=  115779/s pop=  117276/s | tot push=6969278300 pop=6969191640 | errs p=0 c=172 empty=103
[05:22:19] push=  115376/s pop=  116013/s | tot push=6970432060 pop=6970351770 | errs p=0 c=172 empty=103
[05:22:29] push=  114986/s pop=  112914/s | tot push=6971581920 pop=6971480910 | errs p=0 c=172 empty=103
[05:22:39] push=  118179/s pop=  119058/s | tot push=6972763710 pop=6972671490 | errs p=0 c=172 empty=103
[05:22:49] push=  119083/s pop=  119337/s | tot push=6973954540 pop=6973864860 | errs p=0 c=172 empty=103
[05:22:59] push=  117654/s pop=  117243/s | tot push=6975131080 pop=6975037290 | errs p=0 c=172 empty=103
[05:23:09] push=  114530/s pop=  113138/s | tot push=6976276380 pop=6976168670 | errs p=0 c=172 empty=103
[05:23:19] push=  114978/s pop=  114409/s | tot push=6977426160 pop=6977312760 | errs p=0 c=172 empty=103
[05:23:29] push=  119612/s pop=  122783/s | tot push=6978622280 pop=6978540590 | errs p=0 c=172 empty=103
[05:23:39] push=  120915/s pop=  118985/s | tot push=6979831430 pop=6979730440 | errs p=0 c=172 empty=103
[05:23:49] push=  126724/s pop=  128306/s | tot push=6981098670 pop=6981013500 | errs p=0 c=172 empty=103
[05:23:59] push=  119266/s pop=  118390/s | tot push=6982291330 pop=6982197400 | errs p=0 c=172 empty=103
[05:24:09] push=  118596/s pop=  118132/s | tot push=6983477290 pop=6983378720 | errs p=0 c=172 empty=103
[05:24:19] push=  123153/s pop=  121261/s | tot push=6984708820 pop=6984591330 | errs p=0 c=172 empty=104
[05:24:29] push=  122512/s pop=  125553/s | tot push=6985933940 pop=6985846860 | errs p=0 c=172 empty=104
[05:24:39] push=  120683/s pop=  120361/s | tot push=6987140770 pop=6987050470 | errs p=0 c=172 empty=104
[05:24:49] push=  122784/s pop=  122842/s | tot push=6988368610 pop=6988278890 | errs p=0 c=172 empty=104
[05:24:59] push=  119479/s pop=  120957/s | tot push=6989563400 pop=6989488460 | errs p=0 c=172 empty=104
[05:25:09] push=  126577/s pop=  125662/s | tot push=6990829170 pop=6990745080 | errs p=0 c=172 empty=104
[05:25:19] push=  118945/s pop=  117077/s | tot push=6992018620 pop=6991915850 | errs p=0 c=172 empty=104
[05:25:29] push=  119121/s pop=  120021/s | tot push=6993209830 pop=6993116060 | errs p=0 c=172 empty=104
[05:25:39] push=  120575/s pop=  122257/s | tot push=6994415580 pop=6994338630 | errs p=0 c=172 empty=104
[05:25:49] push=  120866/s pop=  117828/s | tot push=6995624240 pop=6995516910 | errs p=0 c=172 empty=104
[05:25:59] push=  114068/s pop=  114474/s | tot push=6996764920 pop=6996661650 | errs p=0 c=172 empty=104
[05:26:09] push=  116736/s pop=  115601/s | tot push=6997932280 pop=6997817660 | errs p=0 c=172 empty=104
[05:26:19] push=  118937/s pop=  106440/s | tot push=6999121650 pop=6998882060 | errs p=0 c=172 empty=104
[05:26:29] push=  120492/s pop=  134163/s | tot push=7000326570 pop=7000223690 | errs p=0 c=172 empty=104
[05:26:39] push=  120846/s pop=  121546/s | tot push=7001535030 pop=7001439150 | errs p=0 c=172 empty=104
[05:26:49] push=  124649/s pop=  126008/s | tot push=7002781520 pop=7002699230 | errs p=0 c=172 empty=104
[05:26:59] push=  119897/s pop=  119220/s | tot push=7003980490 pop=7003891430 | errs p=0 c=172 empty=104
[05:27:09] push=  124385/s pop=  122501/s | tot push=7005224340 pop=7005116440 | errs p=0 c=172 empty=104
[05:27:19] push=  122221/s pop=  123607/s | tot push=7006446550 pop=7006352510 | errs p=0 c=172 empty=104
[05:27:29] push=  118909/s pop=  118844/s | tot push=7007635640 pop=7007540950 | errs p=0 c=172 empty=104
[05:27:39] push=  118846/s pop=  118096/s | tot push=7008824100 pop=7008721910 | errs p=0 c=172 empty=104
[05:27:49] push=  126228/s pop=  126021/s | tot push=7010086380 pop=7009982120 | errs p=0 c=172 empty=104
[05:27:59] push=  121990/s pop=  123019/s | tot push=7011306280 pop=7011212310 | errs p=0 c=172 empty=104
[05:28:09] push=  117600/s pop=  118169/s | tot push=7012482280 pop=7012394000 | errs p=0 c=172 empty=104
[05:28:19] push=  116914/s pop=  114232/s | tot push=7013651420 pop=7013536320 | errs p=0 c=172 empty=104
[05:28:29] push=  115384/s pop=  118810/s | tot push=7014805260 pop=7014724420 | errs p=0 c=172 empty=104
[05:28:39] push=  115809/s pop=  113189/s | tot push=7015963350 pop=7015856310 | errs p=0 c=172 empty=104
[05:28:49] push=  116262/s pop=  117248/s | tot push=7017125970 pop=7017028790 | errs p=0 c=172 empty=104
[05:28:59] push=  119106/s pop=  119137/s | tot push=7018317030 pop=7018220160 | errs p=0 c=172 empty=104
[05:29:09] push=  111485/s pop=  110355/s | tot push=7019431880 pop=7019323710 | errs p=0 c=172 empty=104
[05:29:19] push=  117343/s pop=  119633/s | tot push=7020605310 pop=7020520040 | errs p=0 c=172 empty=104
[05:29:29] push=  118116/s pop=  117025/s | tot push=7021786470 pop=7021690290 | errs p=0 c=172 empty=104
[05:29:39] push=  111969/s pop=  113512/s | tot push=7022906160 pop=7022825410 | errs p=0 c=172 empty=104
[05:29:49] push=  117463/s pop=  115696/s | tot push=7024080790 pop=7023982370 | errs p=0 c=172 empty=104
[05:29:59] push=  117406/s pop=  118828/s | tot push=7025254850 pop=7025170650 | errs p=0 c=172 empty=104
[05:30:09] push=  119936/s pop=  119723/s | tot push=7026454210 pop=7026367880 | errs p=0 c=172 empty=104
[05:30:19] push=  118591/s pop=  117684/s | tot push=7027640120 pop=7027544720 | errs p=0 c=172 empty=104
[05:30:29] push=  120681/s pop=  120662/s | tot push=7028846930 pop=7028751340 | errs p=0 c=172 empty=104
[05:30:39] push=  121631/s pop=  121638/s | tot push=7030063240 pop=7029967720 | errs p=0 c=172 empty=104
[05:30:49] push=  124013/s pop=  122323/s | tot push=7031303370 pop=7031190950 | errs p=0 c=172 empty=104
[05:30:59] push=  124387/s pop=  127215/s | tot push=7032547240 pop=7032463100 | errs p=0 c=172 empty=104
[05:31:09] push=  123995/s pop=  122655/s | tot push=7033787190 pop=7033689650 | errs p=0 c=172 empty=104
[05:31:19] push=  116891/s pop=  116684/s | tot push=7034956100 pop=7034856490 | errs p=0 c=172 empty=104
[05:31:29] push=  121856/s pop=  121578/s | tot push=7036174660 pop=7036072270 | errs p=0 c=172 empty=104
[05:31:39] push=  123626/s pop=  124125/s | tot push=7037410920 pop=7037313520 | errs p=0 c=172 empty=104
[05:31:49] push=  118911/s pop=  118452/s | tot push=7038600030 pop=7038498040 | errs p=0 c=172 empty=104
[05:31:59] push=  117775/s pop=  118360/s | tot push=7039777780 pop=7039681640 | errs p=0 c=172 empty=104
[05:32:09] push=  120978/s pop=  122220/s | tot push=7040987560 pop=7040903840 | errs p=0 c=172 empty=104
[05:32:19] push=  119640/s pop=  118430/s | tot push=7042183960 pop=7042088140 | errs p=0 c=172 empty=104
[05:32:29] push=  118021/s pop=  118675/s | tot push=7043364170 pop=7043274890 | errs p=0 c=172 empty=104
[05:32:39] push=  118691/s pop=  117742/s | tot push=7044551080 pop=7044452310 | errs p=0 c=172 empty=104
[05:32:49] push=  121950/s pop=  123303/s | tot push=7045770580 pop=7045685340 | errs p=0 c=172 empty=104
[05:32:59] push=  116999/s pop=  116025/s | tot push=7046940570 pop=7046845590 | errs p=0 c=172 empty=104
[05:33:09] push=  121207/s pop=  121476/s | tot push=7048152640 pop=7048060350 | errs p=0 c=172 empty=104
[05:33:19] push=  119545/s pop=  119142/s | tot push=7049348090 pop=7049251770 | errs p=0 c=172 empty=104
[05:33:29] push=  119269/s pop=  117878/s | tot push=7050540780 pop=7050430550 | errs p=0 c=172 empty=104
[05:33:39] push=  121657/s pop=  121721/s | tot push=7051757350 pop=7051647760 | errs p=0 c=172 empty=104
[05:33:49] push=  121732/s pop=  122064/s | tot push=7052974670 pop=7052868400 | errs p=0 c=172 empty=104
[05:33:59] push=  118235/s pop=  120100/s | tot push=7054157020 pop=7054069400 | errs p=0 c=172 empty=104
[05:34:09] push=  121544/s pop=  120559/s | tot push=7055372460 pop=7055274990 | errs p=0 c=172 empty=104
[05:34:19] push=  123980/s pop=  125605/s | tot push=7056612260 pop=7056531040 | errs p=0 c=172 empty=104
[05:34:29] push=  119817/s pop=  118606/s | tot push=7057810430 pop=7057717100 | errs p=0 c=172 empty=104
[05:34:39] push=  120410/s pop=  119754/s | tot push=7059014530 pop=7058914640 | errs p=0 c=172 empty=104
[05:34:49] push=  111992/s pop=  104664/s | tot push=7060134450 pop=7059961280 | errs p=0 c=172 empty=104
[05:34:59] push=  112853/s pop=  117963/s | tot push=7061262980 pop=7061140910 | errs p=0 c=172 empty=104
[05:35:09] push=  116663/s pop=  117950/s | tot push=7062429610 pop=7062320410 | errs p=0 c=172 empty=104
[05:35:19] push=  115039/s pop=  116052/s | tot push=7063580000 pop=7063480930 | errs p=0 c=172 empty=104
[05:35:29] push=  116357/s pop=  116194/s | tot push=7064743570 pop=7064642870 | errs p=0 c=172 empty=104
[05:35:39] push=  115016/s pop=  114651/s | tot push=7065893730 pop=7065789380 | errs p=0 c=172 empty=104
[05:35:49] push=  119690/s pop=  122524/s | tot push=7067090630 pop=7067014620 | errs p=0 c=172 empty=104
[05:35:59] push=  115739/s pop=  113368/s | tot push=7068248020 pop=7068148300 | errs p=0 c=172 empty=104
[05:36:09] push=  117112/s pop=  117625/s | tot push=7069419140 pop=7069324550 | errs p=0 c=172 empty=104
[05:36:19] push=  119001/s pop=  119544/s | tot push=7070609150 pop=7070519990 | errs p=0 c=172 empty=104
[05:36:29] push=  120449/s pop=  120977/s | tot push=7071813640 pop=7071729760 | errs p=0 c=172 empty=104
[05:36:39] push=  116867/s pop=  116318/s | tot push=7072982310 pop=7072892940 | errs p=0 c=172 empty=104
[05:36:49] push=  117073/s pop=  114427/s | tot push=7074153040 pop=7074037210 | errs p=0 c=172 empty=104
[05:36:59] push=  119235/s pop=  122128/s | tot push=7075345390 pop=7075258490 | errs p=0 c=172 empty=104
[05:37:09] push=  119450/s pop=  119184/s | tot push=7076539890 pop=7076450330 | errs p=0 c=172 empty=104
[05:37:19] push=  121824/s pop=  121614/s | tot push=7077758130 pop=7077666470 | errs p=0 c=172 empty=104
[05:37:29] push=  123095/s pop=  123430/s | tot push=7078989080 pop=7078900770 | errs p=0 c=172 empty=104
[05:37:39] push=  122953/s pop=  120865/s | tot push=7080218610 pop=7080109420 | errs p=0 c=172 empty=104
[05:37:49] push=  118994/s pop=  119293/s | tot push=7081408550 pop=7081302350 | errs p=0 c=172 empty=104
[05:37:59] push=  122254/s pop=  124132/s | tot push=7082631090 pop=7082543670 | errs p=0 c=172 empty=104
[05:38:09] push=  122409/s pop=  121416/s | tot push=7083855180 pop=7083757830 | errs p=0 c=172 empty=104
[05:38:19] push=  122351/s pop=  123608/s | tot push=7085078690 pop=7084993910 | errs p=0 c=172 empty=104
[05:38:29] push=  121819/s pop=  120849/s | tot push=7086296880 pop=7086202400 | errs p=0 c=172 empty=104
[05:38:39] push=  124916/s pop=  124529/s | tot push=7087546040 pop=7087447690 | errs p=0 c=172 empty=104
[05:38:49] push=  119353/s pop=  120789/s | tot push=7088739570 pop=7088655580 | errs p=0 c=172 empty=104
[05:38:59] push=  122215/s pop=  121355/s | tot push=7089961720 pop=7089869130 | errs p=0 c=172 empty=104
[05:39:09] push=  121877/s pop=  122206/s | tot push=7091180490 pop=7091091190 | errs p=0 c=172 empty=104
[05:39:19] push=  122382/s pop=  122253/s | tot push=7092404310 pop=7092313720 | errs p=0 c=172 empty=104
[05:39:29] push=  119108/s pop=  118894/s | tot push=7093595390 pop=7093502660 | errs p=0 c=172 empty=104
[05:39:39] push=  123940/s pop=  123401/s | tot push=7094834790 pop=7094736670 | errs p=0 c=172 empty=104
[05:39:49] push=  117983/s pop=  118962/s | tot push=7096014620 pop=7095926290 | errs p=0 c=172 empty=104
[05:39:59] push=  118278/s pop=  117303/s | tot push=7097197400 pop=7097099320 | errs p=0 c=172 empty=104
[05:40:09] push=  118660/s pop=  118459/s | tot push=7098384000 pop=7098283910 | errs p=0 c=172 empty=104
[05:40:19] push=  120950/s pop=  122524/s | tot push=7099593500 pop=7099509150 | errs p=0 c=172 empty=104
[05:40:29] push=  118976/s pop=  119337/s | tot push=7100783260 pop=7100702520 | errs p=0 c=172 empty=104
[05:40:39] push=  120609/s pop=  118765/s | tot push=7101989350 pop=7101890170 | errs p=0 c=172 empty=104
[05:40:49] push=  122138/s pop=  122991/s | tot push=7103210730 pop=7103120080 | errs p=0 c=172 empty=104
[05:40:59] push=  120702/s pop=  121186/s | tot push=7104417750 pop=7104331940 | errs p=0 c=172 empty=104
[05:41:09] push=  108535/s pop=   99175/s | tot push=7105503100 pop=7105323690 | errs p=0 c=172 empty=104
[05:41:19] push=  113166/s pop=  119828/s | tot push=7106634760 pop=7106521970 | errs p=0 c=172 empty=104
[05:41:29] push=  109030/s pop=  108662/s | tot push=7107725060 pop=7107608590 | errs p=0 c=172 empty=104
[05:41:39] push=  111834/s pop=  112286/s | tot push=7108843400 pop=7108731450 | errs p=0 c=172 empty=104
[05:41:49] push=  110992/s pop=  111204/s | tot push=7109953320 pop=7109843490 | errs p=0 c=172 empty=104
[05:41:59] push=  114139/s pop=  116434/s | tot push=7111094710 pop=7111007830 | errs p=0 c=172 empty=104
[05:42:09] push=  111813/s pop=  108134/s | tot push=7112212840 pop=7112089170 | errs p=0 c=172 empty=104
[05:42:19] push=  111097/s pop=  114172/s | tot push=7113323810 pop=7113230890 | errs p=0 c=172 empty=104
[05:42:29] push=  116758/s pop=  116575/s | tot push=7114491390 pop=7114396640 | errs p=0 c=172 empty=104
[05:42:39] push=  114344/s pop=  113821/s | tot push=7115634830 pop=7115534850 | errs p=0 c=172 empty=104
[05:42:49] push=  117249/s pop=  118637/s | tot push=7116807320 pop=7116721220 | errs p=0 c=172 empty=104
[05:42:59] push=  118650/s pop=  117402/s | tot push=7117993820 pop=7117895240 | errs p=0 c=172 empty=104
[05:43:09] push=  123328/s pop=  123622/s | tot push=7119227100 pop=7119131460 | errs p=0 c=172 empty=104
[05:43:19] push=  118066/s pop=  116120/s | tot push=7120407760 pop=7120292660 | errs p=0 c=172 empty=104
[05:43:29] push=  120516/s pop=  122598/s | tot push=7121612920 pop=7121518640 | errs p=0 c=172 empty=104
[05:43:39] push=  125182/s pop=  126644/s | tot push=7122864740 pop=7122785080 | errs p=0 c=172 empty=104
[05:43:49] push=  122230/s pop=  121323/s | tot push=7124087040 pop=7123998310 | errs p=0 c=172 empty=104
[05:43:59] push=  121517/s pop=  119866/s | tot push=7125302210 pop=7125196970 | errs p=0 c=172 empty=104
[05:44:09] push=  123884/s pop=  123741/s | tot push=7126541050 pop=7126434380 | errs p=0 c=172 empty=104
[05:44:19] push=  124543/s pop=  125571/s | tot push=7127786480 pop=7127690090 | errs p=0 c=172 empty=104
[05:44:29] push=  118955/s pop=  119193/s | tot push=7128976030 pop=7128882020 | errs p=0 c=172 empty=104
[05:44:39] push=  123350/s pop=  123371/s | tot push=7130209530 pop=7130115730 | errs p=0 c=172 empty=104
[05:44:49] push=  119925/s pop=  120489/s | tot push=7131408780 pop=7131320620 | errs p=0 c=172 empty=104
[05:44:59] push=  118668/s pop=  118239/s | tot push=7132595460 pop=7132503010 | errs p=0 c=172 empty=104
[05:45:09] push=  116261/s pop=  112645/s | tot push=7133758070 pop=7133629460 | errs p=0 c=172 empty=104
[05:45:19] push=  118970/s pop=  120860/s | tot push=7134947770 pop=7134838060 | errs p=0 c=172 empty=104
[05:45:29] push=  114558/s pop=  109319/s | tot push=7136093350 pop=7135931250 | errs p=0 c=172 empty=104
[05:45:39] push=  118744/s pop=  126201/s | tot push=7137280790 pop=7137193260 | errs p=0 c=172 empty=104
[05:45:49] push=  123557/s pop=  123441/s | tot push=7138516360 pop=7138427670 | errs p=0 c=172 empty=104
[05:45:59] push=  123852/s pop=  123586/s | tot push=7139754880 pop=7139663530 | errs p=0 c=172 empty=104
[05:46:09] push=  120741/s pop=  120919/s | tot push=7140962290 pop=7140872720 | errs p=0 c=172 empty=104
[05:46:19] push=  124657/s pop=  125016/s | tot push=7142208860 pop=7142122880 | errs p=0 c=172 empty=104
[05:46:29] push=  124116/s pop=  122712/s | tot push=7143450020 pop=7143350000 | errs p=0 c=172 empty=104
[05:46:39] push=  120802/s pop=  120984/s | tot push=7144658040 pop=7144559840 | errs p=0 c=172 empty=104
[05:46:49] push=  120461/s pop=  121956/s | tot push=7145862650 pop=7145779400 | errs p=0 c=172 empty=104
[05:46:59] push=  126717/s pop=  126841/s | tot push=7147129820 pop=7147047810 | errs p=0 c=172 empty=104
[05:47:09] push=  120741/s pop=  120582/s | tot push=7148337230 pop=7148253630 | errs p=0 c=172 empty=104
[05:47:19] push=  121559/s pop=  120580/s | tot push=7149552820 pop=7149459430 | errs p=0 c=172 empty=104
[05:47:29] push=  113872/s pop=  108658/s | tot push=7150691540 pop=7150546010 | errs p=0 c=172 empty=104
[05:47:39] push=  106991/s pop=  112466/s | tot push=7151761450 pop=7151670670 | errs p=0 c=172 empty=104
[05:47:49] push=  114094/s pop=  113426/s | tot push=7152902390 pop=7152804930 | errs p=0 c=172 empty=104
[05:47:59] push=  119445/s pop=  118201/s | tot push=7154096840 pop=7153986940 | errs p=0 c=172 empty=104
[05:48:09] push=  119268/s pop=  119247/s | tot push=7155289520 pop=7155179410 | errs p=0 c=172 empty=104
[05:48:19] push=  113334/s pop=  112349/s | tot push=7156422860 pop=7156302900 | errs p=0 c=172 empty=104
[05:48:29] push=  114697/s pop=  117096/s | tot push=7157569830 pop=7157473860 | errs p=0 c=172 empty=104
[05:48:39] push=  117642/s pop=  117721/s | tot push=7158746250 pop=7158651070 | errs p=0 c=172 empty=104
[05:48:49] push=  115950/s pop=  113988/s | tot push=7159905750 pop=7159790950 | errs p=0 c=172 empty=104
[05:48:59] push=  113144/s pop=  116303/s | tot push=7161037190 pop=7160953980 | errs p=0 c=172 empty=104
[05:49:09] push=  111309/s pop=  110064/s | tot push=7162150280 pop=7162054620 | errs p=0 c=172 empty=104
[05:49:19] push=  115165/s pop=  116389/s | tot push=7163301930 pop=7163218510 | errs p=0 c=172 empty=104
[05:49:29] push=  114050/s pop=  111339/s | tot push=7164442430 pop=7164331900 | errs p=0 c=172 empty=104
[05:49:39] push=  116336/s pop=  118436/s | tot push=7165605790 pop=7165516260 | errs p=0 c=172 empty=104
[05:49:49] push=  119745/s pop=  119332/s | tot push=7166803240 pop=7166709580 | errs p=0 c=172 empty=104
[05:49:59] push=  116567/s pop=  105491/s | tot push=7167968910 pop=7167764490 | errs p=0 c=172 empty=104
[05:50:09] push=  120915/s pop=  131515/s | tot push=7169178060 pop=7169079640 | errs p=0 c=172 empty=104
[05:50:19] push=  121858/s pop=  121653/s | tot push=7170396640 pop=7170296170 | errs p=0 c=172 empty=104
[05:50:29] push=  122944/s pop=  123965/s | tot push=7171626080 pop=7171535820 | errs p=0 c=172 empty=104
[05:50:39] push=  123559/s pop=  123910/s | tot push=7172861670 pop=7172774920 | errs p=0 c=172 empty=104
[05:50:49] push=  121805/s pop=  121741/s | tot push=7174079720 pop=7173992330 | errs p=0 c=172 empty=104
[05:50:59] push=  122868/s pop=  122639/s | tot push=7175308400 pop=7175218720 | errs p=0 c=172 empty=104
[05:51:09] push=  126361/s pop=  127298/s | tot push=7176572010 pop=7176491700 | errs p=0 c=172 empty=104
[05:51:19] push=  120716/s pop=  118673/s | tot push=7177779170 pop=7177678430 | errs p=0 c=172 empty=104
[05:51:29] push=  116057/s pop=  116449/s | tot push=7178939740 pop=7178842920 | errs p=0 c=172 empty=104
[05:51:39] push=  120677/s pop=  120640/s | tot push=7180146510 pop=7180049320 | errs p=0 c=172 empty=104
[05:51:49] push=  122595/s pop=  122011/s | tot push=7181372460 pop=7181269430 | errs p=0 c=172 empty=104
[05:51:59] push=  122825/s pop=  123508/s | tot push=7182600710 pop=7182504510 | errs p=0 c=172 empty=104
[05:52:09] push=  122811/s pop=  123768/s | tot push=7183828820 pop=7183742190 | errs p=0 c=172 empty=104
[05:52:19] push=  117630/s pop=  118013/s | tot push=7185005120 pop=7184922320 | errs p=0 c=172 empty=104
[05:52:29] push=  121181/s pop=  119773/s | tot push=7186216930 pop=7186120050 | errs p=0 c=172 empty=104
[05:52:39] push=  117450/s pop=  118964/s | tot push=7187391430 pop=7187309690 | errs p=0 c=172 empty=104
[05:52:49] push=  117974/s pop=  117034/s | tot push=7188571170 pop=7188480030 | errs p=0 c=172 empty=104
[05:52:59] push=  118079/s pop=  119106/s | tot push=7189751960 pop=7189671090 | errs p=0 c=172 empty=104
[05:53:09] push=  118681/s pop=  118609/s | tot push=7190938770 pop=7190857180 | errs p=0 c=172 empty=104
[05:53:19] push=  118079/s pop=  118668/s | tot push=7192119560 pop=7192043860 | errs p=0 c=172 empty=104
[05:53:29] push=  120905/s pop=  118990/s | tot push=7193328610 pop=7193233760 | errs p=0 c=172 empty=104
[05:53:39] push=  116111/s pop=  116132/s | tot push=7194489720 pop=7194395080 | errs p=0 c=172 empty=104
[05:53:49] push=  119254/s pop=  118832/s | tot push=7195682260 pop=7195583400 | errs p=0 c=172 empty=104
[05:53:59] push=  113038/s pop=  103109/s | tot push=7196812640 pop=7196614490 | errs p=0 c=172 empty=104
[05:54:09] push=  109494/s pop=  114742/s | tot push=7197907580 pop=7197761910 | errs p=0 c=172 empty=104
[05:54:19] push=  114721/s pop=  119126/s | tot push=7199054790 pop=7198953170 | errs p=0 c=172 empty=104
[05:54:29] push=  114412/s pop=  114588/s | tot push=7200198910 pop=7200099050 | errs p=0 c=172 empty=104
[05:54:39] push=  111734/s pop=  112154/s | tot push=7201316250 pop=7201220590 | errs p=0 c=172 empty=104
[05:54:49] push=  113954/s pop=  114271/s | tot push=7202455790 pop=7202363300 | errs p=0 c=172 empty=104
[05:54:59] push=  114012/s pop=  112214/s | tot push=7203595910 pop=7203485440 | errs p=0 c=172 empty=104
[05:55:09] push=  116112/s pop=  118040/s | tot push=7204757030 pop=7204665840 | errs p=0 c=172 empty=104
[05:55:19] push=  114318/s pop=  114514/s | tot push=7205900210 pop=7205810980 | errs p=0 c=172 empty=104
[05:55:29] push=  114378/s pop=  114237/s | tot push=7207043990 pop=7206953350 | errs p=0 c=172 empty=104
[05:55:39] push=  116177/s pop=  116195/s | tot push=7208205760 pop=7208115300 | errs p=0 c=172 empty=104
[05:55:49] push=  120173/s pop=  120067/s | tot push=7209407490 pop=7209315970 | errs p=0 c=172 empty=104
[05:55:59] push=  118139/s pop=  116707/s | tot push=7210588880 pop=7210483040 | errs p=0 c=172 empty=104
[05:56:09] push=  118186/s pop=  118598/s | tot push=7211770740 pop=7211669020 | errs p=0 c=172 empty=104
[05:56:19] push=  121679/s pop=  123058/s | tot push=7212987530 pop=7212899600 | errs p=0 c=172 empty=104
[05:56:29] push=  119351/s pop=  119540/s | tot push=7214181040 pop=7214095000 | errs p=0 c=172 empty=104
[05:56:39] push=  124571/s pop=  123287/s | tot push=7215426750 pop=7215327870 | errs p=0 c=172 empty=104
[05:56:49] push=  120645/s pop=  121372/s | tot push=7216633200 pop=7216541590 | errs p=0 c=172 empty=104
[05:56:59] push=  118785/s pop=  119491/s | tot push=7217821050 pop=7217736500 | errs p=0 c=172 empty=104
[05:57:09] push=  121174/s pop=  120372/s | tot push=7219032790 pop=7218940220 | errs p=0 c=172 empty=104
[05:57:19] push=  123361/s pop=  123959/s | tot push=7220266400 pop=7220179810 | errs p=0 c=172 empty=104
[05:57:29] push=  117380/s pop=  115509/s | tot push=7221440200 pop=7221334900 | errs p=0 c=172 empty=104
[05:57:39] push=  123192/s pop=  125773/s | tot push=7222672120 pop=7222592630 | errs p=0 c=172 empty=104
[05:57:49] push=  120288/s pop=  118092/s | tot push=7223875000 pop=7223773550 | errs p=0 c=172 empty=104
[05:57:59] push=  120526/s pop=  120802/s | tot push=7225080260 pop=7224981570 | errs p=0 c=172 empty=104
[05:58:09] push=  119884/s pop=  121229/s | tot push=7226279100 pop=7226193860 | errs p=0 c=172 empty=104
[05:58:19] push=  120297/s pop=  120111/s | tot push=7227482070 pop=7227394970 | errs p=0 c=172 empty=104
[05:58:29] push=  117874/s pop=  117590/s | tot push=7228660810 pop=7228570870 | errs p=0 c=172 empty=104
[05:58:39] push=  123163/s pop=  121855/s | tot push=7229892440 pop=7229789420 | errs p=0 c=172 empty=104
[05:58:49] push=  123317/s pop=  124367/s | tot push=7231125610 pop=7231033090 | errs p=0 c=172 empty=104
[05:58:59] push=  120565/s pop=  121259/s | tot push=7232331260 pop=7232245680 | errs p=0 c=172 empty=104
[05:59:09] push=  118994/s pop=  119163/s | tot push=7233521200 pop=7233437310 | errs p=0 c=172 empty=104
[05:59:19] push=  121759/s pop=  120936/s | tot push=7234738790 pop=7234646670 | errs p=0 c=172 empty=104
[05:59:29] push=  121603/s pop=  121485/s | tot push=7235954820 pop=7235861520 | errs p=0 c=172 empty=104
[05:59:39] push=  115881/s pop=  115480/s | tot push=7237113630 pop=7237016320 | errs p=0 c=172 empty=104
[05:59:49] push=  116047/s pop=  116415/s | tot push=7238274100 pop=7238180470 | errs p=0 c=172 empty=104
[05:59:59] push=  120775/s pop=  121262/s | tot push=7239481850 pop=7239393090 | errs p=0 c=172 empty=104
[06:00:09] push=  117916/s pop=  117903/s | tot push=7240661010 pop=7240572120 | errs p=0 c=172 empty=104
[06:00:19] push=  116283/s pop=  114532/s | tot push=7241823840 pop=7241717440 | errs p=0 c=172 empty=104
[06:00:29] push=  113907/s pop=  113706/s | tot push=7242962910 pop=7242854500 | errs p=0 c=172 empty=104
[06:00:39] push=  113257/s pop=  113581/s | tot push=7244095480 pop=7243990310 | errs p=0 c=172 empty=104
[06:00:49] push=  116767/s pop=  118466/s | tot push=7245263150 pop=7245174970 | errs p=0 c=172 empty=104
[06:00:59] push=  112596/s pop=  113048/s | tot push=7246389110 pop=7246305450 | errs p=0 c=172 empty=104
[06:01:09] push=  112688/s pop=  111553/s | tot push=7247515990 pop=7247420980 | errs p=0 c=172 empty=104
[06:01:19] push=  114866/s pop=  115138/s | tot push=7248664650 pop=7248572360 | errs p=0 c=172 empty=104
[06:01:29] push=  113486/s pop=  114035/s | tot push=7249799510 pop=7249712710 | errs p=0 c=172 empty=104
[06:01:39] push=  118528/s pop=  117902/s | tot push=7250984790 pop=7250891730 | errs p=0 c=172 empty=104
[06:01:49] push=  112583/s pop=  110794/s | tot push=7252110620 pop=7251999670 | errs p=0 c=172 empty=104
[06:01:59] push=  115822/s pop=  116805/s | tot push=7253268840 pop=7253167720 | errs p=0 c=172 empty=104
[06:02:09] push=  116430/s pop=  116935/s | tot push=7254433140 pop=7254337070 | errs p=0 c=172 empty=104
[06:02:19] push=  120474/s pop=  120362/s | tot push=7255637880 pop=7255540690 | errs p=0 c=172 empty=104
[06:02:29] push=  116862/s pop=  118295/s | tot push=7256806500 pop=7256723640 | errs p=0 c=172 empty=104
[06:02:39] push=  121500/s pop=  121092/s | tot push=7258021500 pop=7257934560 | errs p=0 c=172 empty=104
[06:02:49] push=  123920/s pop=  123413/s | tot push=7259260700 pop=7259168690 | errs p=0 c=172 empty=104
[06:02:59] push=  120607/s pop=  121129/s | tot push=7260466770 pop=7260379980 | errs p=0 c=172 empty=104
[06:03:09] push=  122093/s pop=  121818/s | tot push=7261687700 pop=7261598160 | errs p=0 c=172 empty=104
[06:03:19] push=  119819/s pop=  118443/s | tot push=7262885890 pop=7262782590 | errs p=0 c=172 empty=104
[06:03:29] push=  120976/s pop=  121153/s | tot push=7264095650 pop=7263994120 | errs p=0 c=172 empty=104
[06:03:39] push=  124984/s pop=  126191/s | tot push=7265345490 pop=7265256030 | errs p=0 c=172 empty=104
[06:03:49] push=  122685/s pop=  123429/s | tot push=7266572340 pop=7266490320 | errs p=0 c=172 empty=104
[06:03:59] push=  121887/s pop=  119593/s | tot push=7267791210 pop=7267686250 | errs p=0 c=172 empty=104
[06:04:09] push=  123633/s pop=  124796/s | tot push=7269027540 pop=7268934210 | errs p=0 c=172 empty=104
[06:04:19] push=  119970/s pop=  120002/s | tot push=7270227240 pop=7270134230 | errs p=0 c=172 empty=104
[06:04:29] push=  120632/s pop=  120632/s | tot push=7271433560 pop=7271340550 | errs p=0 c=172 empty=104
[06:04:39] push=  120863/s pop=  121022/s | tot push=7272642190 pop=7272550770 | errs p=0 c=172 empty=104
[06:04:49] push=  123842/s pop=  122402/s | tot push=7273880610 pop=7273774790 | errs p=0 c=172 empty=104
[06:04:59] push=  121027/s pop=  123149/s | tot push=7275090880 pop=7275006280 | errs p=0 c=172 empty=104
[06:05:09] push=  118513/s pop=  118883/s | tot push=7276276010 pop=7276195110 | errs p=0 c=172 empty=104
[06:05:19] push=  118926/s pop=  116491/s | tot push=7277465270 pop=7277360020 | errs p=0 c=172 empty=104
[06:05:29] push=  124623/s pop=  126047/s | tot push=7278711500 pop=7278620490 | errs p=0 c=172 empty=104
[06:05:39] push=  120541/s pop=  120927/s | tot push=7279916910 pop=7279829760 | errs p=0 c=172 empty=104
[06:05:49] push=  120685/s pop=  121320/s | tot push=7281123760 pop=7281042960 | errs p=0 c=172 empty=104
[06:05:59] push=  121884/s pop=  122204/s | tot push=7282342600 pop=7282265000 | errs p=0 c=172 empty=104
[06:06:09] push=  122692/s pop=  120504/s | tot push=7283569520 pop=7283470040 | errs p=0 c=172 empty=104
[06:06:19] push=  123820/s pop=  123142/s | tot push=7284807720 pop=7284701460 | errs p=0 c=172 empty=104
[06:06:29] push=  124860/s pop=  126423/s | tot push=7286056320 pop=7285965690 | errs p=0 c=172 empty=104
[06:06:39] push=  116820/s pop=  108132/s | tot push=7287224520 pop=7287047010 | errs p=0 c=172 empty=104
[06:06:49] push=  121188/s pop=  129558/s | tot push=7288436400 pop=7288342590 | errs p=0 c=172 empty=104
[06:06:59] push=  113634/s pop=  113155/s | tot push=7289572740 pop=7289474140 | errs p=0 c=172 empty=104
[06:07:09] push=  113516/s pop=  114715/s | tot push=7290707900 pop=7290621290 | errs p=0 c=172 empty=104
[06:07:19] push=  115945/s pop=  112299/s | tot push=7291867350 pop=7291744280 | errs p=0 c=172 empty=104
[06:07:29] push=  116131/s pop=  119603/s | tot push=7293028660 pop=7292940310 | errs p=0 c=172 empty=104
[06:07:39] push=  112595/s pop=  112287/s | tot push=7294154610 pop=7294063180 | errs p=0 c=172 empty=104
[06:07:49] push=  119198/s pop=  119566/s | tot push=7295346590 pop=7295258840 | errs p=0 c=172 empty=104
[06:07:59] push=  115895/s pop=  114644/s | tot push=7296505540 pop=7296405280 | errs p=0 c=172 empty=104
[06:08:09] push=  117443/s pop=  118221/s | tot push=7297679970 pop=7297587490 | errs p=0 c=172 empty=104
[06:08:19] push=  116856/s pop=  117244/s | tot push=7298848530 pop=7298759930 | errs p=0 c=172 empty=104
[06:08:29] push=  116475/s pop=  116699/s | tot push=7300013280 pop=7299926920 | errs p=0 c=172 empty=104
[06:08:39] push=  118593/s pop=  118902/s | tot push=7301199210 pop=7301115940 | errs p=0 c=172 empty=105
[06:08:49] push=  117284/s pop=  112276/s | tot push=7302372050 pop=7302238700 | errs p=0 c=172 empty=105
[06:08:59] push=  117468/s pop=  120233/s | tot push=7303546730 pop=7303441030 | errs p=0 c=172 empty=105
[06:09:09] push=  124146/s pop=  125771/s | tot push=7304788190 pop=7304698740 | errs p=0 c=172 empty=105
[06:09:19] push=  122705/s pop=  121664/s | tot push=7306015240 pop=7305915380 | errs p=0 c=172 empty=105
[06:09:29] push=  120380/s pop=  120264/s | tot push=7307219040 pop=7307118020 | errs p=0 c=172 empty=105
[06:09:39] push=  126884/s pop=  126537/s | tot push=7308487880 pop=7308383390 | errs p=0 c=172 empty=105
[06:09:49] push=  122844/s pop=  123148/s | tot push=7309716320 pop=7309614870 | errs p=0 c=172 empty=105
[06:09:59] push=  121739/s pop=  123411/s | tot push=7310933710 pop=7310848980 | errs p=0 c=172 empty=105
[06:10:09] push=  122202/s pop=  122703/s | tot push=7312155730 pop=7312076010 | errs p=0 c=172 empty=105
[06:10:19] push=  121022/s pop=  119405/s | tot push=7313365950 pop=7313270060 | errs p=0 c=172 empty=105
[06:10:29] push=  121844/s pop=  121401/s | tot push=7314584390 pop=7314484070 | errs p=0 c=172 empty=105
[06:10:39] push=  123946/s pop=  124944/s | tot push=7315823850 pop=7315733510 | errs p=0 c=172 empty=105
[06:10:49] push=  119124/s pop=  116314/s | tot push=7317015090 pop=7316896650 | errs p=0 c=172 empty=105
[06:10:59] push=  116784/s pop=  116548/s | tot push=7318182930 pop=7318062130 | errs p=0 c=172 empty=105
[06:11:09] push=  119848/s pop=  122566/s | tot push=7319381410 pop=7319287790 | errs p=0 c=172 empty=105
[06:11:19] push=  118279/s pop=  119852/s | tot push=7320564200 pop=7320486310 | errs p=0 c=172 empty=105
[06:11:29] push=  121091/s pop=  119706/s | tot push=7321775110 pop=7321683370 | errs p=0 c=172 empty=105
[06:11:39] push=  120038/s pop=  121265/s | tot push=7322975490 pop=7322896020 | errs p=0 c=172 empty=105
[06:11:49] push=  121366/s pop=  119036/s | tot push=7324189150 pop=7324086380 | errs p=0 c=172 empty=105
[06:11:59] push=  123687/s pop=  124432/s | tot push=7325426020 pop=7325330700 | errs p=0 c=172 empty=105
[06:12:09] push=  120596/s pop=  119321/s | tot push=7326631980 pop=7326523910 | errs p=0 c=172 empty=105
[06:12:19] push=  118116/s pop=  119302/s | tot push=7327813140 pop=7327716930 | errs p=0 c=172 empty=105
[06:12:29] push=  119314/s pop=  118953/s | tot push=7329006280 pop=7328906460 | errs p=0 c=172 empty=105
[06:12:39] push=  119991/s pop=  121245/s | tot push=7330206190 pop=7330118910 | errs p=0 c=172 empty=105
[06:12:49] push=  119302/s pop=  120169/s | tot push=7331399210 pop=7331320600 | errs p=0 c=172 empty=105
[06:12:59] push=  116774/s pop=  116088/s | tot push=7332566950 pop=7332481480 | errs p=0 c=172 empty=105
[06:13:09] push=  117704/s pop=  116004/s | tot push=7333743990 pop=7333641520 | errs p=0 c=172 empty=105
[06:13:19] push=  121322/s pop=  123161/s | tot push=7334957210 pop=7334873130 | errs p=0 c=172 empty=105
[06:13:29] push=  115328/s pop=  114218/s | tot push=7336110490 pop=7336015310 | errs p=0 c=172 empty=105
[06:13:39] push=  114281/s pop=  114882/s | tot push=7337253300 pop=7337164130 | errs p=0 c=172 empty=105
[06:13:49] push=  118575/s pop=  118016/s | tot push=7338439050 pop=7338344290 | errs p=0 c=172 empty=105
[06:13:59] push=  117257/s pop=  117755/s | tot push=7339611620 pop=7339521840 | errs p=0 c=172 empty=105
[06:14:09] push=  113520/s pop=  112917/s | tot push=7340746820 pop=7340651010 | errs p=0 c=172 empty=105
[06:14:19] push=  118543/s pop=  118237/s | tot push=7341932250 pop=7341833380 | errs p=0 c=172 empty=105
[06:14:29] push=  116237/s pop=  116388/s | tot push=7343094620 pop=7342997260 | errs p=0 c=172 empty=105
[06:14:39] push=  120258/s pop=  119572/s | tot push=7344297200 pop=7344192980 | errs p=0 c=172 empty=105
[06:14:49] push=  116375/s pop=  116731/s | tot push=7345460950 pop=7345360290 | errs p=0 c=172 empty=105
[06:14:59] push=  119665/s pop=  120662/s | tot push=7346657600 pop=7346566910 | errs p=0 c=172 empty=105
[06:15:09] push=  110773/s pop=  109972/s | tot push=7347765330 pop=7347666630 | errs p=0 c=172 empty=105
[06:15:19] push=  117350/s pop=  117679/s | tot push=7348938830 pop=7348843420 | errs p=0 c=172 empty=105
[06:15:29] push=  116775/s pop=  116775/s | tot push=7350106580 pop=7350011170 | errs p=0 c=172 empty=105
[06:15:39] push=  118442/s pop=  118861/s | tot push=7351291000 pop=7351199780 | errs p=0 c=172 empty=105
[06:15:49] push=  121348/s pop=  121676/s | tot push=7352504480 pop=7352416540 | errs p=0 c=172 empty=105
[06:15:59] push=  117840/s pop=  118271/s | tot push=7353682880 pop=7353599250 | errs p=0 c=172 empty=105
[06:16:09] push=  119111/s pop=  119080/s | tot push=7354873990 pop=7354790050 | errs p=0 c=172 empty=105
[06:16:19] push=  119803/s pop=  119285/s | tot push=7356072020 pop=7355982900 | errs p=0 c=172 empty=105
[06:16:29] push=  121559/s pop=  117404/s | tot push=7357287610 pop=7357156940 | errs p=0 c=172 empty=105
[06:16:39] push=  121487/s pop=  125902/s | tot push=7358502480 pop=7358415960 | errs p=0 c=172 empty=105
[06:16:49] push=  122493/s pop=  120677/s | tot push=7359727410 pop=7359622730 | errs p=0 c=172 empty=105
[06:16:59] push=  120431/s pop=  121317/s | tot push=7360931720 pop=7360835900 | errs p=0 c=172 empty=105
[06:17:09] push=  122773/s pop=  122967/s | tot push=7362159450 pop=7362065570 | errs p=0 c=172 empty=105
[06:17:19] push=  115265/s pop=  102426/s | tot push=7363312100 pop=7363089830 | errs p=0 c=172 empty=105
[06:17:29] push=  118228/s pop=  129445/s | tot push=7364494380 pop=7364384280 | errs p=0 c=172 empty=105
[06:17:39] push=  118912/s pop=  121357/s | tot push=7365683500 pop=7365597850 | errs p=0 c=172 empty=105
[06:17:49] push=  123018/s pop=  122656/s | tot push=7366913680 pop=7366824410 | errs p=0 c=172 empty=106
[06:17:59] push=  121432/s pop=  121398/s | tot push=7368128000 pop=7368038390 | errs p=0 c=172 empty=106
[06:18:09] push=  122051/s pop=  121621/s | tot push=7369348510 pop=7369254600 | errs p=0 c=172 empty=106
[06:18:19] push=  121735/s pop=  120203/s | tot push=7370565860 pop=7370456630 | errs p=0 c=172 empty=106
[06:18:29] push=  122624/s pop=  124842/s | tot push=7371792100 pop=7371705050 | errs p=0 c=172 empty=106
[06:18:39] push=  124633/s pop=  125130/s | tot push=7373038430 pop=7372956350 | errs p=0 c=172 empty=106
[06:18:49] push=  121572/s pop=  121940/s | tot push=7374254150 pop=7374175750 | errs p=0 c=172 empty=106
[06:18:59] push=  123474/s pop=  121121/s | tot push=7375488890 pop=7375386960 | errs p=0 c=172 empty=106
[06:19:09] push=  121271/s pop=  122021/s | tot push=7376701600 pop=7376607170 | errs p=0 c=172 empty=106
[06:19:19] push=  125910/s pop=  126226/s | tot push=7377960700 pop=7377869430 | errs p=0 c=172 empty=106
[06:19:29] push=  126282/s pop=  125263/s | tot push=7379223520 pop=7379122060 | errs p=0 c=172 empty=106
[06:19:39] push=  125494/s pop=  127060/s | tot push=7380478460 pop=7380392660 | errs p=0 c=172 empty=106
[06:19:49] push=  117878/s pop=  116278/s | tot push=7381657240 pop=7381555440 | errs p=0 c=172 empty=106
[06:19:59] push=  119363/s pop=  120259/s | tot push=7382850870 pop=7382758030 | errs p=0 c=172 empty=106
[06:20:09] push=  114764/s pop=  114812/s | tot push=7383998510 pop=7383906150 | errs p=0 c=172 empty=106
[06:20:19] push=  113981/s pop=  111319/s | tot push=7385138320 pop=7385019340 | errs p=0 c=172 empty=106
[06:20:29] push=  115717/s pop=  117375/s | tot push=7386295490 pop=7386193090 | errs p=0 c=172 empty=106
[06:20:39] push=  119988/s pop=  121400/s | tot push=7387495370 pop=7387407090 | errs p=0 c=172 empty=106
[06:20:49] push=  115475/s pop=  112915/s | tot push=7388650120 pop=7388536240 | errs p=0 c=172 empty=106
[06:20:59] push=  118556/s pop=  120955/s | tot push=7389835680 pop=7389745790 | errs p=0 c=172 empty=106
[06:21:09] push=  116193/s pop=  116356/s | tot push=7390997610 pop=7390909350 | errs p=0 c=172 empty=106
[06:21:19] push=  119584/s pop=  120425/s | tot push=7392193450 pop=7392113600 | errs p=0 c=172 empty=106
[06:21:29] push=  117158/s pop=  115553/s | tot push=7393365030 pop=7393269130 | errs p=0 c=172 empty=106
[06:21:39] push=  116776/s pop=  118650/s | tot push=7394532790 pop=7394455630 | errs p=0 c=172 empty=106
[06:21:49] push=  119474/s pop=  118633/s | tot push=7395727530 pop=7395641960 | errs p=0 c=172 empty=106
[06:21:59] push=  124547/s pop=  124813/s | tot push=7396973000 pop=7396890090 | errs p=0 c=172 empty=106
[06:22:09] push=  122590/s pop=  122516/s | tot push=7398198900 pop=7398115250 | errs p=0 c=172 empty=106
[06:22:19] push=  122499/s pop=  122149/s | tot push=7399423890 pop=7399336740 | errs p=0 c=172 empty=106
[06:22:29] push=  123781/s pop=  123745/s | tot push=7400661700 pop=7400574190 | errs p=0 c=172 empty=106
[06:22:39] push=  125246/s pop=  124545/s | tot push=7401914160 pop=7401819640 | errs p=0 c=172 empty=106
[06:22:49] push=  124327/s pop=  124761/s | tot push=7403157430 pop=7403067250 | errs p=0 c=172 empty=106
[06:22:59] push=  122522/s pop=  122300/s | tot push=7404382650 pop=7404290250 | errs p=0 c=172 empty=106
[06:23:09] push=  122009/s pop=  122519/s | tot push=7405602740 pop=7405515440 | errs p=0 c=172 empty=106
[06:23:19] push=  122408/s pop=  121904/s | tot push=7406826820 pop=7406734480 | errs p=0 c=172 empty=106
[06:23:29] push=  122808/s pop=  122404/s | tot push=7408054900 pop=7407958520 | errs p=0 c=172 empty=106
[06:23:39] push=  120131/s pop=  121651/s | tot push=7409256210 pop=7409175030 | errs p=0 c=172 empty=106
[06:23:49] push=  116889/s pop=  115108/s | tot push=7410425100 pop=7410326110 | errs p=0 c=172 empty=106
[06:23:59] push=  124858/s pop=  125923/s | tot push=7411673680 pop=7411585340 | errs p=0 c=172 empty=106
[06:24:09] push=  121138/s pop=  120536/s | tot push=7412885060 pop=7412790700 | errs p=0 c=172 empty=106
[06:24:19] push=  121996/s pop=  121811/s | tot push=7414105020 pop=7414008810 | errs p=0 c=172 empty=106
[06:24:29] push=  120301/s pop=  120725/s | tot push=7415308030 pop=7415216060 | errs p=0 c=172 empty=106
[06:24:39] push=  123054/s pop=  123215/s | tot push=7416538570 pop=7416448210 | errs p=0 c=172 empty=106
[06:24:49] push=  121704/s pop=  119846/s | tot push=7417755610 pop=7417646670 | errs p=0 c=172 empty=106
[06:24:59] push=  123710/s pop=  123529/s | tot push=7418992710 pop=7418881960 | errs p=0 c=172 empty=106
[06:25:09] push=  123293/s pop=  125527/s | tot push=7420225640 pop=7420137230 | errs p=0 c=172 empty=106
[06:25:19] push=  120114/s pop=  120105/s | tot push=7421426780 pop=7421338280 | errs p=0 c=172 empty=106
[06:25:29] push=  120733/s pop=  119756/s | tot push=7422634110 pop=7422535840 | errs p=0 c=172 empty=106
[06:25:39] push=  124772/s pop=  125781/s | tot push=7423881830 pop=7423793650 | errs p=0 c=172 empty=106
[06:25:49] push=  121209/s pop=  118660/s | tot push=7425093920 pop=7424980250 | errs p=0 c=172 empty=106
[06:25:59] push=  121526/s pop=  118269/s | tot push=7426309180 pop=7426162940 | errs p=0 c=172 empty=106
[06:26:09] push=  116747/s pop=  123553/s | tot push=7427476650 pop=7427398470 | errs p=0 c=172 empty=106
[06:26:19] push=  118449/s pop=  115180/s | tot push=7428661140 pop=7428550270 | errs p=0 c=172 empty=106
[06:26:29] push=  111513/s pop=  112953/s | tot push=7429776270 pop=7429679800 | errs p=0 c=172 empty=106
[06:26:39] push=  114161/s pop=  114697/s | tot push=7430917880 pop=7430826770 | errs p=0 c=172 empty=106
[06:26:49] push=  117412/s pop=  118056/s | tot push=7432092000 pop=7432007330 | errs p=0 c=172 empty=106
[06:26:59] push=  112792/s pop=  112464/s | tot push=7433219920 pop=7433131970 | errs p=0 c=172 empty=106
[06:27:09] push=  116714/s pop=  115826/s | tot push=7434387060 pop=7434290230 | errs p=0 c=172 empty=106
[06:27:19] push=  113571/s pop=  113010/s | tot push=7435522770 pop=7435420330 | errs p=0 c=172 empty=106
[06:27:29] push=  117273/s pop=  119073/s | tot push=7436695500 pop=7436611060 | errs p=0 c=172 empty=106
[06:27:39] push=  112746/s pop=  111600/s | tot push=7437822960 pop=7437727060 | errs p=0 c=172 empty=106
[06:27:49] push=  112575/s pop=  112386/s | tot push=7438948710 pop=7438850920 | errs p=0 c=172 empty=106
[06:27:59] push=  107314/s pop=  106917/s | tot push=7440021850 pop=7439920090 | errs p=0 c=172 empty=106
[06:28:09] push=  117587/s pop=  117921/s | tot push=7441197720 pop=7441099300 | errs p=0 c=172 empty=106
[06:28:19] push=  112827/s pop=  113930/s | tot push=7442325990 pop=7442238600 | errs p=0 c=172 empty=106
[06:28:29] push=  121288/s pop=  120793/s | tot push=7443538870 pop=7443446530 | errs p=0 c=172 empty=106
[06:28:39] push=  121623/s pop=  120705/s | tot push=7444755100 pop=7444653580 | errs p=0 c=172 empty=106
[06:28:49] push=  121586/s pop=  123294/s | tot push=7445970960 pop=7445886520 | errs p=0 c=172 empty=106
[06:28:59] push=  119324/s pop=  120421/s | tot push=7447164200 pop=7447090730 | errs p=0 c=172 empty=106
[06:29:09] push=  123477/s pop=  120899/s | tot push=7448398970 pop=7448299720 | errs p=0 c=172 empty=106
[06:29:19] push=  124713/s pop=  124083/s | tot push=7449646100 pop=7449540550 | errs p=0 c=172 empty=106
[06:29:29] push=  124267/s pop=  125534/s | tot push=7450888770 pop=7450795890 | errs p=0 c=172 empty=106
[06:29:39] push=  124831/s pop=  125181/s | tot push=7452137080 pop=7452047700 | errs p=0 c=172 empty=106
[06:29:49] push=  123749/s pop=  123757/s | tot push=7453374570 pop=7453285270 | errs p=0 c=172 empty=106
[06:29:59] push=  119391/s pop=  117764/s | tot push=7454568480 pop=7454462910 | errs p=0 c=172 empty=106
[06:30:09] push=  119232/s pop=  120565/s | tot push=7455760800 pop=7455668560 | errs p=0 c=172 empty=106
[06:30:19] push=  120301/s pop=  119939/s | tot push=7456963810 pop=7456867950 | errs p=0 c=172 empty=106
[06:30:29] push=  116270/s pop=  118782/s | tot push=7458126510 pop=7458055770 | errs p=0 c=172 empty=106
[06:30:39] push=  119646/s pop=  118113/s | tot push=7459322970 pop=7459236900 | errs p=0 c=172 empty=106
[06:30:49] push=  119901/s pop=  118230/s | tot push=7460521980 pop=7460419200 | errs p=0 c=172 empty=106
[06:30:59] push=  120321/s pop=  120404/s | tot push=7461725190 pop=7461623240 | errs p=0 c=172 empty=106
[06:31:09] push=  122450/s pop=  122152/s | tot push=7462949690 pop=7462844760 | errs p=0 c=172 empty=106
[06:31:19] push=  122538/s pop=  123112/s | tot push=7464175070 pop=7464075880 | errs p=0 c=172 empty=106
[06:31:29] push=  123723/s pop=  123742/s | tot push=7465412300 pop=7465313300 | errs p=0 c=172 empty=106
[06:31:39] push=  120893/s pop=  121683/s | tot push=7466621230 pop=7466530130 | errs p=0 c=172 empty=106
[06:31:49] push=  119396/s pop=  117293/s | tot push=7467815190 pop=7467703060 | errs p=0 c=172 empty=106
[06:31:59] push=  119842/s pop=  121451/s | tot push=7469013610 pop=7468917570 | errs p=0 c=172 empty=106
[06:32:09] push=  125960/s pop=  127526/s | tot push=7470273210 pop=7470192830 | errs p=0 c=172 empty=106
[06:32:19] push=  127472/s pop=  123791/s | tot push=7471547930 pop=7471430740 | errs p=0 c=172 empty=106
[06:32:29] push=  121010/s pop=  124307/s | tot push=7472758030 pop=7472673810 | errs p=0 c=172 empty=106
[06:32:39] push=  112820/s pop=  111801/s | tot push=7473886230 pop=7473791820 | errs p=0 c=172 empty=106
[06:32:49] push=  116461/s pop=  116510/s | tot push=7475050840 pop=7474956920 | errs p=0 c=172 empty=106
[06:32:59] push=  120414/s pop=  120546/s | tot push=7476254980 pop=7476162380 | errs p=0 c=172 empty=106
[06:33:09] push=  115027/s pop=  116370/s | tot push=7477405250 pop=7477326080 | errs p=0 c=172 empty=106
[06:33:19] push=  116921/s pop=  116349/s | tot push=7478574460 pop=7478489570 | errs p=0 c=172 empty=106
[06:33:29] push=  119382/s pop=  113438/s | tot push=7479768280 pop=7479623950 | errs p=0 c=172 empty=106
[06:33:39] push=  113535/s pop=  119054/s | tot push=7480903630 pop=7480814490 | errs p=0 c=172 empty=106
[06:33:49] push=  118925/s pop=  118563/s | tot push=7482092880 pop=7482000120 | errs p=0 c=172 empty=106
[06:33:59] push=  115470/s pop=  116565/s | tot push=7483247580 pop=7483165770 | errs p=0 c=172 empty=106
[06:34:09] push=  120434/s pop=  119558/s | tot push=7484451920 pop=7484361350 | errs p=0 c=172 empty=106
[06:34:19] push=  116697/s pop=  117755/s | tot push=7485618890 pop=7485538900 | errs p=0 c=172 empty=106
[06:34:29] push=  120694/s pop=  118558/s | tot push=7486825830 pop=7486724480 | errs p=0 c=172 empty=106
[06:34:39] push=  117379/s pop=  119057/s | tot push=7487999620 pop=7487915050 | errs p=0 c=172 empty=106
[06:34:49] push=  119943/s pop=  119095/s | tot push=7489199050 pop=7489106000 | errs p=0 c=172 empty=106
[06:34:59] push=  121515/s pop=  121729/s | tot push=7490414200 pop=7490323290 | errs p=0 c=172 empty=106
[06:35:09] push=  120472/s pop=  120972/s | tot push=7491618920 pop=7491533010 | errs p=0 c=172 empty=106
[06:35:19] push=  121342/s pop=  120193/s | tot push=7492832340 pop=7492734940 | errs p=0 c=172 empty=106
[06:35:29] push=  124760/s pop=  125208/s | tot push=7494079940 pop=7493987020 | errs p=0 c=172 empty=106
[06:35:39] push=  122620/s pop=  124088/s | tot push=7495306140 pop=7495227900 | errs p=0 c=172 empty=106
[06:35:49] push=  119564/s pop=  116942/s | tot push=7496501780 pop=7496397320 | errs p=0 c=172 empty=106
[06:35:59] push=  123628/s pop=  125295/s | tot push=7497738060 pop=7497650270 | errs p=0 c=172 empty=106
[06:36:09] push=  116991/s pop=  107902/s | tot push=7498907970 pop=7498729290 | errs p=0 c=172 empty=106
[06:36:19] push=  118274/s pop=  127221/s | tot push=7500090710 pop=7500001500 | errs p=0 c=172 empty=106
[06:36:29] push=  117363/s pop=  117117/s | tot push=7501264340 pop=7501172670 | errs p=0 c=172 empty=106
[06:36:39] push=  121674/s pop=  119834/s | tot push=7502481080 pop=7502371010 | errs p=0 c=172 empty=106
[06:36:49] push=  123225/s pop=  123867/s | tot push=7503713330 pop=7503609680 | errs p=0 c=172 empty=106
[06:36:59] push=  124406/s pop=  126277/s | tot push=7504957390 pop=7504872450 | errs p=0 c=172 empty=106
[06:37:09] push=  120981/s pop=  120645/s | tot push=7506167200 pop=7506078900 | errs p=0 c=172 empty=106
[06:37:19] push=  123230/s pop=  123237/s | tot push=7507399500 pop=7507311270 | errs p=0 c=172 empty=106
[06:37:29] push=  124723/s pop=  124070/s | tot push=7508646730 pop=7508551970 | errs p=0 c=172 empty=106
[06:37:39] push=  121375/s pop=  121671/s | tot push=7509860480 pop=7509768680 | errs p=0 c=172 empty=106
[06:37:49] push=  123598/s pop=  122746/s | tot push=7511096460 pop=7510996140 | errs p=0 c=172 empty=106
[06:37:59] push=  124806/s pop=  126415/s | tot push=7512344520 pop=7512260290 | errs p=0 c=172 empty=106
[06:38:09] push=  120882/s pop=  119443/s | tot push=7513553340 pop=7513454720 | errs p=0 c=172 empty=106
[06:38:19] push=  118497/s pop=  118347/s | tot push=7514738310 pop=7514638190 | errs p=0 c=172 empty=106
[06:38:29] push=  124834/s pop=  125582/s | tot push=7515986650 pop=7515894010 | errs p=0 c=172 empty=106
[06:38:39] push=  123212/s pop=  123691/s | tot push=7517218770 pop=7517130920 | errs p=0 c=172 empty=106
[06:38:49] push=  123344/s pop=  123811/s | tot push=7518452210 pop=7518369030 | errs p=0 c=172 empty=106
[06:38:59] push=  117149/s pop=  114971/s | tot push=7519623700 pop=7519518740 | errs p=0 c=172 empty=106
[06:39:09] push=  119432/s pop=  118287/s | tot push=7520818020 pop=7520701610 | errs p=0 c=172 empty=106
[06:39:19] push=  116590/s pop=  119659/s | tot push=7521983920 pop=7521898200 | errs p=0 c=172 empty=106
[06:39:29] push=  117251/s pop=  117684/s | tot push=7523156430 pop=7523075040 | errs p=0 c=172 empty=106
[06:39:39] push=  116039/s pop=  115057/s | tot push=7524316820 pop=7524225610 | errs p=0 c=172 empty=106
[06:39:49] push=  116318/s pop=  114655/s | tot push=7525480000 pop=7525372160 | errs p=0 c=172 empty=106
[06:39:59] push=  119483/s pop=  121949/s | tot push=7526674830 pop=7526591650 | errs p=0 c=172 empty=106
[06:40:09] push=  114503/s pop=  114703/s | tot push=7527819860 pop=7527738680 | errs p=0 c=172 empty=106
[06:40:19] push=  116937/s pop=  113907/s | tot push=7528989230 pop=7528877750 | errs p=0 c=172 empty=106
[06:40:29] push=  114930/s pop=  115272/s | tot push=7530138530 pop=7530030470 | errs p=0 c=172 empty=106
[06:40:39] push=  119543/s pop=  121498/s | tot push=7531333960 pop=7531245450 | errs p=0 c=172 empty=106
[06:40:49] push=  118200/s pop=  117811/s | tot push=7532515960 pop=7532423560 | errs p=0 c=172 empty=106
[06:40:59] push=  121808/s pop=  123429/s | tot push=7533734040 pop=7533657850 | errs p=0 c=172 empty=106
[06:41:09] push=  121573/s pop=  119632/s | tot push=7534949770 pop=7534854170 | errs p=0 c=172 empty=106
[06:41:19] push=  124000/s pop=  124679/s | tot push=7536189770 pop=7536100960 | errs p=0 c=172 empty=106
[06:41:29] push=  119021/s pop=  118720/s | tot push=7537379980 pop=7537288160 | errs p=0 c=172 empty=106
[06:41:39] push=  119332/s pop=  119020/s | tot push=7538573300 pop=7538478360 | errs p=0 c=172 empty=106
[06:41:49] push=  122085/s pop=  122935/s | tot push=7539794150 pop=7539707710 | errs p=0 c=172 empty=106
[06:41:59] push=  121073/s pop=  120324/s | tot push=7541004880 pop=7540910950 | errs p=0 c=172 empty=106
[06:42:09] push=  119672/s pop=  119811/s | tot push=7542201600 pop=7542109060 | errs p=0 c=172 empty=106
[06:42:19] push=  124304/s pop=  124587/s | tot push=7543444640 pop=7543354930 | errs p=0 c=172 empty=106
[06:42:29] push=  121789/s pop=  119561/s | tot push=7544662530 pop=7544550540 | errs p=0 c=172 empty=106
[06:42:39] push=  119251/s pop=  121512/s | tot push=7545855040 pop=7545765660 | errs p=0 c=172 empty=106
[06:42:49] push=  121471/s pop=  121754/s | tot push=7547069750 pop=7546983200 | errs p=0 c=172 empty=106
[06:42:59] push=  124347/s pop=  123400/s | tot push=7548313220 pop=7548217200 | errs p=0 c=172 empty=106
[06:43:09] push=  119809/s pop=  120704/s | tot push=7549511310 pop=7549424240 | errs p=0 c=172 empty=106
[06:43:19] push=  122575/s pop=  120635/s | tot push=7550737060 pop=7550630590 | errs p=0 c=172 empty=106
[06:43:29] push=  125510/s pop=  127211/s | tot push=7551992160 pop=7551902700 | errs p=0 c=172 empty=106
[06:43:39] push=  122930/s pop=  123985/s | tot push=7553221460 pop=7553142550 | errs p=0 c=172 empty=106
[06:43:49] push=  124013/s pop=  120593/s | tot push=7554461590 pop=7554348480 | errs p=0 c=172 empty=106
[06:43:59] push=  126436/s pop=  128372/s | tot push=7555725950 pop=7555632200 | errs p=0 c=172 empty=106
[06:44:09] push=  122110/s pop=  122803/s | tot push=7556947050 pop=7556860230 | errs p=0 c=172 empty=106
[06:44:19] push=  123627/s pop=  121516/s | tot push=7558183320 pop=7558075390 | errs p=0 c=172 empty=106
[06:44:29] push=  125441/s pop=  126598/s | tot push=7559437730 pop=7559341370 | errs p=0 c=172 empty=106
[06:44:39] push=  121442/s pop=  118191/s | tot push=7560652150 pop=7560523280 | errs p=0 c=172 empty=106
[06:44:49] push=  119678/s pop=  123196/s | tot push=7561848930 pop=7561755240 | errs p=0 c=172 empty=106
[06:44:59] push=  126476/s pop=  127101/s | tot push=7563113690 pop=7563026250 | errs p=0 c=172 empty=106
[06:45:09] push=  123343/s pop=  123159/s | tot push=7564347120 pop=7564257840 | errs p=0 c=172 empty=106
[06:45:19] push=  118140/s pop=  117422/s | tot push=7565528520 pop=7565432060 | errs p=0 c=172 empty=106
[06:45:29] push=  116651/s pop=  117365/s | tot push=7566695030 pop=7566605710 | errs p=0 c=172 empty=106
[06:45:39] push=  119987/s pop=  119545/s | tot push=7567894900 pop=7567801160 | errs p=0 c=172 empty=106
[06:45:49] push=  114525/s pop=  114571/s | tot push=7569040150 pop=7568946870 | errs p=0 c=172 empty=106
[06:45:59] push=  113770/s pop=  113462/s | tot push=7570177850 pop=7570081490 | errs p=0 c=172 empty=106
[06:46:09] push=  117316/s pop=  117073/s | tot push=7571351010 pop=7571252220 | errs p=0 c=172 empty=106
[06:46:19] push=  113717/s pop=  114647/s | tot push=7572488180 pop=7572398690 | errs p=0 c=172 empty=106
[06:46:29] push=  118179/s pop=  117287/s | tot push=7573669970 pop=7573571560 | errs p=0 c=172 empty=106
[06:46:39] push=  118154/s pop=  118805/s | tot push=7574851510 pop=7574759610 | errs p=0 c=172 empty=106
[06:46:49] push=  121047/s pop=  121390/s | tot push=7576061980 pop=7575973510 | errs p=0 c=172 empty=106
[06:46:59] push=  115724/s pop=  114540/s | tot push=7577219220 pop=7577118910 | errs p=0 c=172 empty=106
[06:47:09] push=  121915/s pop=  122218/s | tot push=7578438370 pop=7578341090 | errs p=0 c=172 empty=106
[06:47:19] push=  120339/s pop=  121508/s | tot push=7579641760 pop=7579556170 | errs p=0 c=172 empty=106
[06:47:29] push=  121708/s pop=  122571/s | tot push=7580858840 pop=7580781880 | errs p=0 c=172 empty=106
[06:47:39] push=  119774/s pop=  118279/s | tot push=7582056580 pop=7581964670 | errs p=0 c=172 empty=106
[06:47:49] push=  125076/s pop=  125667/s | tot push=7583307340 pop=7583221340 | errs p=0 c=172 empty=106
[06:47:59] push=  125293/s pop=  124468/s | tot push=7584560270 pop=7584466020 | errs p=0 c=172 empty=106
[06:48:09] push=  122760/s pop=  121984/s | tot push=7585787870 pop=7585685860 | errs p=0 c=172 empty=106
[06:48:19] push=  124936/s pop=  125144/s | tot push=7587037230 pop=7586937300 | errs p=0 c=172 empty=106
[06:48:29] push=  125560/s pop=  126587/s | tot push=7588292830 pop=7588203170 | errs p=0 c=172 empty=106
[06:48:39] push=  123861/s pop=  124828/s | tot push=7589531440 pop=7589451450 | errs p=0 c=172 empty=106
[06:48:49] push=  122428/s pop=  120338/s | tot push=7590755720 pop=7590654830 | errs p=0 c=172 empty=106
[06:48:59] push=  122519/s pop=  120691/s | tot push=7591980910 pop=7591861740 | errs p=0 c=172 empty=106
[06:49:09] push=  121003/s pop=  123540/s | tot push=7593190940 pop=7593097140 | errs p=0 c=172 empty=106
[06:49:19] push=  122669/s pop=  123174/s | tot push=7594417630 pop=7594328880 | errs p=0 c=172 empty=106
[06:49:29] push=  126066/s pop=  124598/s | tot push=7595678290 pop=7595574860 | errs p=0 c=172 empty=106
[06:49:39] push=  126996/s pop=  127737/s | tot push=7596948250 pop=7596852230 | errs p=0 c=172 empty=106
[06:49:49] push=  119541/s pop=  120048/s | tot push=7598143660 pop=7598052710 | errs p=0 c=172 empty=106
[06:49:59] push=  121894/s pop=  121881/s | tot push=7599362600 pop=7599271520 | errs p=0 c=172 empty=106
[06:50:09] push=  124945/s pop=  123834/s | tot push=7600612050 pop=7600509860 | errs p=0 c=172 empty=106
[06:50:19] push=  122492/s pop=  122100/s | tot push=7601836970 pop=7601730860 | errs p=0 c=172 empty=106
[06:50:29] push=  122407/s pop=  123658/s | tot push=7603061040 pop=7602967440 | errs p=0 c=172 empty=106
[06:50:39] push=  127639/s pop=  127879/s | tot push=7604337430 pop=7604246230 | errs p=0 c=172 empty=106
[06:50:49] push=  121385/s pop=  121553/s | tot push=7605551280 pop=7605461760 | errs p=0 c=172 empty=106
[06:50:59] push=  120212/s pop=  109726/s | tot push=7606753400 pop=7606559020 | errs p=0 c=172 empty=106
[06:51:09] push=  125727/s pop=  137531/s | tot push=7608010670 pop=7607934330 | errs p=0 c=172 empty=106
[06:51:19] push=  124769/s pop=  123067/s | tot push=7609258360 pop=7609165000 | errs p=0 c=172 empty=106
[06:51:29] push=  123756/s pop=  123064/s | tot push=7610495920 pop=7610395640 | errs p=0 c=172 empty=106
[06:51:39] push=  124826/s pop=  125727/s | tot push=7611744180 pop=7611652910 | errs p=0 c=172 empty=106
[06:51:49] push=  115411/s pop=  113564/s | tot push=7612898290 pop=7612788550 | errs p=0 c=172 empty=106
[06:51:59] push=  112510/s pop=  113497/s | tot push=7614023390 pop=7613923520 | errs p=0 c=172 empty=106
[06:52:09] push=  122394/s pop=  123329/s | tot push=7615247330 pop=7615156810 | errs p=0 c=172 empty=106
[06:52:19] push=  113947/s pop=  112512/s | tot push=7616386800 pop=7616281930 | errs p=0 c=172 empty=106
[06:52:29] push=  117557/s pop=  118065/s | tot push=7617562370 pop=7617462580 | errs p=0 c=172 empty=106
[06:52:39] push=  118035/s pop=  117447/s | tot push=7618742720 pop=7618637050 | errs p=0 c=172 empty=106
[06:52:49] push=  115030/s pop=  116533/s | tot push=7619893020 pop=7619802380 | errs p=0 c=172 empty=106
[06:52:59] push=  116167/s pop=  116657/s | tot push=7621054690 pop=7620968950 | errs p=0 c=172 empty=106
[06:53:09] push=  111120/s pop=  104378/s | tot push=7622165890 pop=7622012730 | errs p=0 c=172 empty=106
[06:53:19] push=  117336/s pop=  124570/s | tot push=7623339250 pop=7623258430 | errs p=0 c=172 empty=106
[06:53:29] push=  120516/s pop=  120329/s | tot push=7624544410 pop=7624461720 | errs p=0 c=172 empty=106
[06:53:39] push=  120568/s pop=  119406/s | tot push=7625750090 pop=7625655780 | errs p=0 c=172 empty=106
[06:53:49] push=  116005/s pop=  115672/s | tot push=7626910140 pop=7626812500 | errs p=0 c=172 empty=106
[06:53:59] push=  125148/s pop=  126298/s | tot push=7628161620 pop=7628075480 | errs p=0 c=172 empty=106
[06:54:09] push=  121216/s pop=  120995/s | tot push=7629373780 pop=7629285430 | errs p=0 c=172 empty=106
[06:54:19] push=  122047/s pop=  122195/s | tot push=7630594250 pop=7630507380 | errs p=0 c=172 empty=106
[06:54:29] push=  125320/s pop=  125081/s | tot push=7631847450 pop=7631758190 | errs p=0 c=172 empty=106
[06:54:39] push=  124426/s pop=  124638/s | tot push=7633091710 pop=7633004570 | errs p=0 c=172 empty=106
[06:54:49] push=  122621/s pop=  123072/s | tot push=7634317920 pop=7634235290 | errs p=0 c=172 empty=106
[06:54:59] push=  126127/s pop=  125645/s | tot push=7635579190 pop=7635491740 | errs p=0 c=172 empty=106
[06:55:09] push=  122651/s pop=  122312/s | tot push=7636805700 pop=7636714860 | errs p=0 c=172 empty=106
[06:55:19] push=  117949/s pop=  118654/s | tot push=7637985190 pop=7637901400 | errs p=0 c=172 empty=106
[06:55:29] push=  123635/s pop=  123864/s | tot push=7639221540 pop=7639140040 | errs p=0 c=172 empty=106
[06:55:39] push=  124066/s pop=  119015/s | tot push=7640462200 pop=7640330190 | errs p=0 c=172 empty=106
[06:55:49] push=  122772/s pop=  126454/s | tot push=7641689920 pop=7641594730 | errs p=0 c=172 empty=106
[06:55:59] push=  123775/s pop=  123511/s | tot push=7642927670 pop=7642829840 | errs p=0 c=172 empty=106
[06:56:09] push=  125398/s pop=  126682/s | tot push=7644181650 pop=7644096660 | errs p=0 c=172 empty=106
[06:56:19] push=  126481/s pop=  125943/s | tot push=7645446460 pop=7645356090 | errs p=0 c=172 empty=106
[06:56:29] push=  121754/s pop=  122629/s | tot push=7646664000 pop=7646582380 | errs p=0 c=172 empty=106
[06:56:39] push=  125025/s pop=  123908/s | tot push=7647914250 pop=7647821460 | errs p=0 c=172 empty=106
[06:56:49] push=  123220/s pop=  123278/s | tot push=7649146450 pop=7649054240 | errs p=0 c=172 empty=106
[06:56:59] push=  122010/s pop=  123015/s | tot push=7650366550 pop=7650284390 | errs p=0 c=172 empty=106
[06:57:09] push=  122430/s pop=  120773/s | tot push=7651590850 pop=7651492120 | errs p=0 c=172 empty=106
[06:57:19] push=  123331/s pop=  123470/s | tot push=7652824160 pop=7652726820 | errs p=0 c=172 empty=106
[06:57:29] push=  120941/s pop=  122504/s | tot push=7654033570 pop=7653951860 | errs p=0 c=172 empty=106
[06:57:39] push=  125644/s pop=  123899/s | tot push=7655290010 pop=7655190850 | errs p=0 c=172 empty=106
[06:57:49] push=  125329/s pop=  125061/s | tot push=7656543300 pop=7656441460 | errs p=0 c=172 empty=106
[06:57:59] push=  123254/s pop=  123569/s | tot push=7657775840 pop=7657677150 | errs p=0 c=172 empty=106
[06:58:09] push=  115249/s pop=  115297/s | tot push=7658928330 pop=7658830120 | errs p=0 c=172 empty=106
[06:58:19] push=  120143/s pop=  120839/s | tot push=7660129760 pop=7660038510 | errs p=0 c=172 empty=107
[06:58:29] push=  115440/s pop=  116406/s | tot push=7661284160 pop=7661202570 | errs p=0 c=172 empty=107
[06:58:39] push=  115116/s pop=  113917/s | tot push=7662435320 pop=7662341740 | errs p=0 c=172 empty=107
[06:58:49] push=  117673/s pop=  117714/s | tot push=7663612050 pop=7663518880 | errs p=0 c=172 empty=107
[06:58:59] push=  116776/s pop=  118189/s | tot push=7664779810 pop=7664700770 | errs p=0 c=172 empty=107
[06:59:09] push=  117686/s pop=  117432/s | tot push=7665956670 pop=7665875090 | errs p=0 c=172 empty=107
[06:59:19] push=  117825/s pop=  116017/s | tot push=7667134920 pop=7667035260 | errs p=0 c=172 empty=107
[06:59:29] push=  119827/s pop=  118690/s | tot push=7668333190 pop=7668222160 | errs p=0 c=172 empty=107
[06:59:39] push=  113909/s pop=  117403/s | tot push=7669472280 pop=7669396190 | errs p=0 c=172 empty=107
[06:59:49] push=  121853/s pop=  119588/s | tot push=7670690810 pop=7670592070 | errs p=0 c=172 empty=107
[06:59:59] push=  117798/s pop=  119360/s | tot push=7671868790 pop=7671785670 | errs p=0 c=172 empty=107
[07:00:09] push=  125850/s pop=  124883/s | tot push=7673127290 pop=7673034500 | errs p=0 c=172 empty=107
[07:00:19] push=  119277/s pop=  119654/s | tot push=7674320060 pop=7674231040 | errs p=0 c=172 empty=107
[07:00:29] push=  124012/s pop=  122833/s | tot push=7675560180 pop=7675459370 | errs p=0 c=172 empty=107
[07:00:39] push=  124776/s pop=  126498/s | tot push=7676807940 pop=7676724350 | errs p=0 c=172 empty=107
[07:00:49] push=  121886/s pop=  121565/s | tot push=7678026800 pop=7677940000 | errs p=0 c=172 empty=107
[07:00:59] push=  124080/s pop=  121635/s | tot push=7679267600 pop=7679156350 | errs p=0 c=172 empty=107
[07:01:09] push=  124851/s pop=  126522/s | tot push=7680516110 pop=7680421570 | errs p=0 c=172 empty=107
[07:01:19] push=  124250/s pop=  124972/s | tot push=7681758610 pop=7681671290 | errs p=0 c=172 empty=107
[07:01:29] push=  123702/s pop=  123186/s | tot push=7682995630 pop=7682903150 | errs p=0 c=172 empty=107
[07:01:39] push=  118439/s pop=  117614/s | tot push=7684180020 pop=7684079290 | errs p=0 c=172 empty=107
[07:01:49] push=  129901/s pop=  131667/s | tot push=7685479030 pop=7685395960 | errs p=0 c=172 empty=107
[07:01:59] push=  121906/s pop=  122420/s | tot push=7686698090 pop=7686620160 | errs p=0 c=172 empty=107
[07:02:09] push=  125614/s pop=  123700/s | tot push=7687954230 pop=7687857160 | errs p=0 c=172 empty=107
[07:02:19] push=  124388/s pop=  124629/s | tot push=7689198110 pop=7689103450 | errs p=0 c=172 empty=107
[07:02:29] push=  123402/s pop=  122469/s | tot push=7690432130 pop=7690328140 | errs p=0 c=172 empty=107
[07:02:39] push=  119114/s pop=  120380/s | tot push=7691623270 pop=7691531940 | errs p=0 c=172 empty=107
[07:02:49] push=  124110/s pop=  124825/s | tot push=7692864370 pop=7692780190 | errs p=0 c=172 empty=107
[07:02:59] push=  125785/s pop=  125394/s | tot push=7694122220 pop=7694034130 | errs p=0 c=172 empty=107
[07:03:09] push=  121492/s pop=  121692/s | tot push=7695337140 pop=7695251050 | errs p=0 c=172 empty=107
[07:03:19] push=  124265/s pop=  123184/s | tot push=7696579790 pop=7696482890 | errs p=0 c=172 empty=107
[07:03:29] push=  125757/s pop=  126434/s | tot push=7697837360 pop=7697747230 | errs p=0 c=172 empty=107
[07:03:39] push=  121333/s pop=  120120/s | tot push=7699050690 pop=7698948430 | errs p=0 c=172 empty=107
[07:03:49] push=  120829/s pop=  112481/s | tot push=7700258980 pop=7700073240 | errs p=0 c=172 empty=107
[07:03:59] push=  121453/s pop=  129818/s | tot push=7701473510 pop=7701371420 | errs p=0 c=172 empty=107
[07:04:09] push=  123406/s pop=  125274/s | tot push=7702707570 pop=7702624160 | errs p=0 c=172 empty=107
[07:04:19] push=  117726/s pop=  117912/s | tot push=7703884830 pop=7703803280 | errs p=0 c=172 empty=107
[07:04:29] push=  121464/s pop=  120701/s | tot push=7705099470 pop=7705010290 | errs p=0 c=172 empty=107
[07:04:39] push=  114683/s pop=  115501/s | tot push=7706246300 pop=7706165300 | errs p=0 c=172 empty=107
[07:04:49] push=  118080/s pop=  116062/s | tot push=7707427100 pop=7707325920 | errs p=0 c=172 empty=107
[07:04:59] push=  116449/s pop=  117181/s | tot push=7708591590 pop=7708497730 | errs p=0 c=172 empty=107
[07:05:09] push=  120594/s pop=  120689/s | tot push=7709797530 pop=7709704620 | errs p=0 c=172 empty=107
[07:05:19] push=  113503/s pop=  112603/s | tot push=7710932560 pop=7710830650 | errs p=0 c=172 empty=107
[07:05:29] push=  120517/s pop=  120670/s | tot push=7712137730 pop=7712037350 | errs p=0 c=172 empty=107
[07:05:39] push=  117204/s pop=  118183/s | tot push=7713309770 pop=7713219180 | errs p=0 c=172 empty=107
[07:05:49] push=  119638/s pop=  117368/s | tot push=7714506150 pop=7714392860 | errs p=0 c=172 empty=107
[07:05:59] push=  113492/s pop=  114695/s | tot push=7715641070 pop=7715539810 | errs p=0 c=172 empty=107
[07:06:09] push=  122168/s pop=  122406/s | tot push=7716862750 pop=7716763870 | errs p=0 c=172 empty=107
[07:06:19] push=  119277/s pop=  120865/s | tot push=7718055520 pop=7717972520 | errs p=0 c=172 empty=107
[07:06:29] push=  125236/s pop=  123873/s | tot push=7719307880 pop=7719211250 | errs p=0 c=172 empty=107
[07:06:39] push=  120067/s pop=  121249/s | tot push=7720508550 pop=7720423740 | errs p=0 c=172 empty=107
[07:06:49] push=  124929/s pop=  124407/s | tot push=7721757840 pop=7721667810 | errs p=0 c=172 empty=107
[07:06:59] push=  122265/s pop=  122619/s | tot push=7722980490 pop=7722894000 | errs p=0 c=172 empty=107
[07:07:09] push=  123353/s pop=  121739/s | tot push=7724214020 pop=7724111390 | errs p=0 c=172 empty=107
[07:07:19] push=  123693/s pop=  124570/s | tot push=7725450950 pop=7725357090 | errs p=0 c=172 empty=107
[07:07:29] push=  125267/s pop=  125392/s | tot push=7726703620 pop=7726611010 | errs p=0 c=172 empty=107
[07:07:39] push=  122811/s pop=  122602/s | tot push=7727931730 pop=7727837030 | errs p=0 c=172 empty=107
[07:07:49] push=  128483/s pop=  127544/s | tot push=7729216560 pop=7729112470 | errs p=0 c=172 empty=107
[07:07:59] push=  120091/s pop=  122580/s | tot push=7730417470 pop=7730338270 | errs p=0 c=172 empty=107
[07:08:09] push=  123415/s pop=  122024/s | tot push=7731651620 pop=7731558510 | errs p=0 c=172 empty=107
[07:08:19] push=  124554/s pop=  125545/s | tot push=7732897160 pop=7732813960 | errs p=0 c=172 empty=107
[07:08:29] push=  128045/s pop=  129116/s | tot push=7734177610 pop=7734105120 | errs p=0 c=172 empty=107
[07:08:39] push=  121636/s pop=  119257/s | tot push=7735393970 pop=7735297690 | errs p=0 c=172 empty=107
[07:08:49] push=  126475/s pop=  126590/s | tot push=7736658720 pop=7736563590 | errs p=0 c=172 empty=107
[07:08:59] push=  125885/s pop=  126518/s | tot push=7737917570 pop=7737828770 | errs p=0 c=172 empty=107
[07:09:09] push=  123848/s pop=  124285/s | tot push=7739156050 pop=7739071620 | errs p=0 c=172 empty=107
[07:09:19] push=  122360/s pop=  121990/s | tot push=7740379650 pop=7740291520 | errs p=0 c=172 empty=107
[07:09:29] push=  125817/s pop=  124207/s | tot push=7741637820 pop=7741533590 | errs p=0 c=172 empty=107
[07:09:39] push=  123387/s pop=  125401/s | tot push=7742871690 pop=7742787600 | errs p=0 c=172 empty=107
[07:09:49] push=  122463/s pop=  121553/s | tot push=7744096320 pop=7744003130 | errs p=0 c=172 empty=107
[07:09:59] push=  121748/s pop=  121039/s | tot push=7745313800 pop=7745213520 | errs p=0 c=172 empty=107
[07:10:09] push=  126209/s pop=  128338/s | tot push=7746575890 pop=7746496900 | errs p=0 c=172 empty=107
[07:10:19] push=  121753/s pop=  121135/s | tot push=7747793420 pop=7747708250 | errs p=0 c=172 empty=107
[07:10:29] push=  120840/s pop=  119385/s | tot push=7749001820 pop=7748902100 | errs p=0 c=172 empty=107
[07:10:39] push=  114795/s pop=  115121/s | tot push=7750149770 pop=7750053310 | errs p=0 c=172 empty=107
[07:10:49] push=  112485/s pop=  111433/s | tot push=7751274620 pop=7751167640 | errs p=0 c=172 empty=107
[07:10:59] push=  114248/s pop=  115304/s | tot push=7752417100 pop=7752320680 | errs p=0 c=172 empty=107
[07:11:09] push=  114815/s pop=  115769/s | tot push=7753565250 pop=7753478370 | errs p=0 c=172 empty=107
[07:11:19] push=  111605/s pop=  111920/s | tot push=7754681300 pop=7754597570 | errs p=0 c=172 empty=107
[07:11:29] push=  117402/s pop=  116791/s | tot push=7755855320 pop=7755765480 | errs p=0 c=172 empty=107
[07:11:39] push=  118187/s pop=  117934/s | tot push=7757037190 pop=7756944820 | errs p=0 c=172 empty=107
[07:11:49] push=  116645/s pop=  115795/s | tot push=7758203640 pop=7758102770 | errs p=0 c=172 empty=107
[07:11:59] push=  118483/s pop=  119137/s | tot push=7759388470 pop=7759294140 | errs p=0 c=172 empty=107
[07:12:09] push=  113856/s pop=  112605/s | tot push=7760527030 pop=7760420190 | errs p=0 c=172 empty=107
[07:12:19] push=  117386/s pop=  118799/s | tot push=7761700890 pop=7761608180 | errs p=0 c=172 empty=107
[07:12:29] push=  123365/s pop=  124780/s | tot push=7762934540 pop=7762855980 | errs p=0 c=172 empty=107
[07:12:39] push=  118825/s pop=  116667/s | tot push=7764122790 pop=7764022650 | errs p=0 c=172 empty=107
[07:12:49] push=  122857/s pop=  124001/s | tot push=7765351360 pop=7765262660 | errs p=0 c=172 empty=107
[07:12:59] push=  127377/s pop=  127969/s | tot push=7766625130 pop=7766542350 | errs p=0 c=172 empty=107
[07:13:09] push=  121282/s pop=  120771/s | tot push=7767837950 pop=7767750060 | errs p=0 c=172 empty=107
[07:13:19] push=  126179/s pop=  124034/s | tot push=7769099740 pop=7768990400 | errs p=0 c=172 empty=107
[07:13:29] push=  125641/s pop=  126541/s | tot push=7770356150 pop=7770255810 | errs p=0 c=172 empty=107
[07:13:39] push=  122259/s pop=  120435/s | tot push=7771578740 pop=7771460160 | errs p=0 c=172 empty=108
[07:13:49] push=  122230/s pop=  124549/s | tot push=7772801040 pop=7772705650 | errs p=0 c=172 empty=108
[07:13:59] push=  125989/s pop=  126541/s | tot push=7774060930 pop=7773971060 | errs p=0 c=172 empty=108
[07:14:09] push=  119083/s pop=  119858/s | tot push=7775251760 pop=7775169640 | errs p=0 c=172 empty=108
[07:14:19] push=  119545/s pop=  118395/s | tot push=7776447210 pop=7776353590 | errs p=0 c=172 empty=108
[07:14:29] push=  122573/s pop=  122460/s | tot push=7777672940 pop=7777578190 | errs p=0 c=172 empty=108
[07:14:39] push=  120011/s pop=  122203/s | tot push=7778873050 pop=7778800220 | errs p=0 c=172 empty=108
[07:14:49] push=  121592/s pop=  120493/s | tot push=7780088970 pop=7780005150 | errs p=0 c=172 empty=108
[07:14:59] push=  123047/s pop=  122219/s | tot push=7781319440 pop=7781227340 | errs p=0 c=172 empty=108
[07:15:09] push=  123652/s pop=  123285/s | tot push=7782555960 pop=7782460190 | errs p=0 c=172 empty=108
[07:15:19] push=  121828/s pop=  120858/s | tot push=7783774240 pop=7783668770 | errs p=0 c=172 empty=108
[07:15:29] push=  119826/s pop=  121861/s | tot push=7784972500 pop=7784887380 | errs p=0 c=172 empty=108
[07:15:39] push=  122962/s pop=  122804/s | tot push=7786202120 pop=7786115420 | errs p=0 c=172 empty=108
[07:15:49] push=  122395/s pop=  121266/s | tot push=7787426070 pop=7787328080 | errs p=0 c=172 empty=108
[07:15:59] push=  121936/s pop=  122335/s | tot push=7788645430 pop=7788551430 | errs p=0 c=172 empty=108
[07:16:09] push=  124159/s pop=  124927/s | tot push=7789887020 pop=7789800700 | errs p=0 c=172 empty=108
[07:16:19] push=  124358/s pop=  124828/s | tot push=7791130600 pop=7791048980 | errs p=0 c=172 empty=108
[07:16:29] push=  117072/s pop=  115289/s | tot push=7792301320 pop=7792201870 | errs p=0 c=172 empty=108
[07:16:39] push=  125495/s pop=  125927/s | tot push=7793556270 pop=7793461140 | errs p=0 c=172 empty=108
[07:16:49] push=  125614/s pop=  125819/s | tot push=7794812410 pop=7794719330 | errs p=0 c=172 empty=108
[07:16:59] push=  113833/s pop=  112307/s | tot push=7795950740 pop=7795842400 | errs p=0 c=172 empty=108
[07:17:09] push=  116594/s pop=  118600/s | tot push=7797116680 pop=7797028400 | errs p=0 c=172 empty=108
[07:17:19] push=  115234/s pop=  116060/s | tot push=7798269020 pop=7798189000 | errs p=0 c=172 empty=108
[07:17:29] push=  117813/s pop=  116267/s | tot push=7799447150 pop=7799351670 | errs p=0 c=172 empty=108
[07:17:39] push=  116849/s pop=  116429/s | tot push=7800615640 pop=7800515960 | errs p=0 c=172 empty=108
[07:17:49] push=  119087/s pop=  119770/s | tot push=7801806510 pop=7801713660 | errs p=0 c=172 empty=108
[07:17:59] push=  118490/s pop=  118102/s | tot push=7802991410 pop=7802894680 | errs p=0 c=172 empty=108
[07:18:09] push=  119321/s pop=  114431/s | tot push=7804184620 pop=7804038990 | errs p=0 c=172 empty=108
[07:18:19] push=  118695/s pop=  123519/s | tot push=7805371570 pop=7805274180 | errs p=0 c=172 empty=108
[07:18:29] push=  123164/s pop=  124153/s | tot push=7806603210 pop=7806515710 | errs p=0 c=172 empty=108
[07:18:39] push=  116462/s pop=  103744/s | tot push=7807767830 pop=7807553150 | errs p=0 c=172 empty=108
[07:18:49] push=  118273/s pop=  129855/s | tot push=7808950560 pop=7808851700 | errs p=0 c=172 empty=108
[07:18:59] push=  126021/s pop=  126585/s | tot push=7810210770 pop=7810117550 | errs p=0 c=172 empty=108
[07:19:09] push=  120940/s pop=  122067/s | tot push=7811420170 pop=7811338220 | errs p=0 c=172 empty=108
[07:19:19] push=  123633/s pop=  122655/s | tot push=7812656500 pop=7812564770 | errs p=0 c=172 empty=108
[07:19:29] push=  123874/s pop=  121901/s | tot push=7813895240 pop=7813783780 | errs p=0 c=172 empty=108
[07:19:39] push=  126918/s pop=  128788/s | tot push=7815164420 pop=7815071660 | errs p=0 c=172 empty=108
[07:19:49] push=  119425/s pop=  119119/s | tot push=7816358670 pop=7816262850 | errs p=0 c=172 empty=108
[07:19:59] push=  123981/s pop=  124025/s | tot push=7817598480 pop=7817503100 | errs p=0 c=172 empty=108
[07:20:09] push=  127222/s pop=  127418/s | tot push=7818870700 pop=7818777280 | errs p=0 c=172 empty=108
[07:20:19] push=  125336/s pop=  124448/s | tot push=7820124060 pop=7820021760 | errs p=0 c=172 empty=108
[07:20:29] push=  121854/s pop=  122764/s | tot push=7821342600 pop=7821249400 | errs p=0 c=172 empty=108
[07:20:39] push=  124110/s pop=  121459/s | tot push=7822583700 pop=7822463990 | errs p=0 c=172 empty=108
[07:20:49] push=  119792/s pop=  122813/s | tot push=7823781620 pop=7823692120 | errs p=0 c=172 empty=108
[07:20:59] push=  123292/s pop=  123713/s | tot push=7825014540 pop=7824929250 | errs p=0 c=172 empty=108
[07:21:09] push=  123406/s pop=  122847/s | tot push=7826248600 pop=7826157720 | errs p=0 c=172 empty=108
[07:21:19] push=  127343/s pop=  126915/s | tot push=7827522030 pop=7827426870 | errs p=0 c=172 empty=108
[07:21:29] push=  118543/s pop=  118610/s | tot push=7828707460 pop=7828612970 | errs p=0 c=172 empty=108
[07:21:39] push=  121802/s pop=  122398/s | tot push=7829925480 pop=7829836950 | errs p=0 c=172 empty=108
[07:21:49] push=  122793/s pop=  121882/s | tot push=7831153410 pop=7831055770 | errs p=0 c=172 empty=108
[07:21:59] push=  122015/s pop=  121150/s | tot push=7832373560 pop=7832267270 | errs p=0 c=172 empty=108
[07:22:09] push=  118252/s pop=  119312/s | tot push=7833556080 pop=7833460390 | errs p=0 c=172 empty=108
[07:22:19] push=  122889/s pop=  123174/s | tot push=7834784970 pop=7834692130 | errs p=0 c=172 empty=108
[07:22:29] push=  121374/s pop=  121342/s | tot push=7835998710 pop=7835905550 | errs p=0 c=172 empty=108
[07:22:39] push=  121751/s pop=  121904/s | tot push=7837216220 pop=7837124590 | errs p=0 c=172 empty=108
[07:22:49] push=  120061/s pop=  117918/s | tot push=7838416830 pop=7838303770 | errs p=0 c=172 empty=108
[07:22:59] push=  125773/s pop=  128231/s | tot push=7839674560 pop=7839586080 | errs p=0 c=172 empty=108
[07:23:09] push=  120506/s pop=  120977/s | tot push=7840879620 pop=7840795850 | errs p=0 c=172 empty=108
[07:23:19] push=  120536/s pop=  118320/s | tot push=7842084980 pop=7841979050 | errs p=0 c=172 empty=108
[07:23:29] push=  117105/s pop=  118742/s | tot push=7843256030 pop=7843166470 | errs p=0 c=172 empty=108
[07:23:39] push=  117292/s pop=  116914/s | tot push=7844428950 pop=7844335610 | errs p=0 c=172 empty=108
[07:23:49] push=  115422/s pop=  115331/s | tot push=7845583170 pop=7845488920 | errs p=0 c=172 empty=108
[07:23:59] push=  122239/s pop=  121756/s | tot push=7846805560 pop=7846706480 | errs p=0 c=172 empty=108
[07:24:09] push=  118902/s pop=  119915/s | tot push=7847994580 pop=7847905630 | errs p=0 c=172 empty=108
[07:24:19] push=  115227/s pop=  114474/s | tot push=7849146850 pop=7849050370 | errs p=0 c=172 empty=108
[07:24:29] push=  119190/s pop=  119668/s | tot push=7850338750 pop=7850247050 | errs p=0 c=172 empty=108
[07:24:39] push=  118487/s pop=  118192/s | tot push=7851523620 pop=7851428970 | errs p=0 c=172 empty=108
[07:24:49] push=  119606/s pop=  117110/s | tot push=7852719680 pop=7852600070 | errs p=0 c=172 empty=108
[07:24:59] push=  113132/s pop=  108501/s | tot push=7853851000 pop=7853685080 | errs p=0 c=172 empty=108
[07:25:09] push=  119922/s pop=  126151/s | tot push=7855050220 pop=7854946590 | errs p=0 c=172 empty=108
[07:25:19] push=  118909/s pop=  120374/s | tot push=7856239310 pop=7856150330 | errs p=0 c=172 empty=108
[07:25:29] push=  123635/s pop=  122757/s | tot push=7857475660 pop=7857377900 | errs p=0 c=172 empty=108
[07:25:39] push=  124648/s pop=  124863/s | tot push=7858722140 pop=7858626530 | errs p=0 c=172 empty=108
[07:25:49] push=  126644/s pop=  127617/s | tot push=7859988580 pop=7859902700 | errs p=0 c=172 empty=108
[07:25:59] push=  122871/s pop=  119650/s | tot push=7861217290 pop=7861099200 | errs p=0 c=172 empty=108
[07:26:09] push=  126056/s pop=  127541/s | tot push=7862477850 pop=7862374610 | errs p=0 c=172 empty=108
[07:26:19] push=  127201/s pop=  128626/s | tot push=7863749860 pop=7863660870 | errs p=0 c=172 empty=108
[07:26:29] push=  124008/s pop=  122870/s | tot push=7864989940 pop=7864889570 | errs p=0 c=172 empty=108
[07:26:39] push=  121606/s pop=  122108/s | tot push=7866206000 pop=7866110650 | errs p=0 c=172 empty=108
[07:26:49] push=  126639/s pop=  123913/s | tot push=7867472390 pop=7867349780 | errs p=0 c=172 empty=108
[07:26:59] push=  115241/s pop=  118134/s | tot push=7868624800 pop=7868531120 | errs p=0 c=172 empty=108
[07:27:09] push=  120274/s pop=  119696/s | tot push=7869827540 pop=7869728080 | errs p=0 c=172 empty=108
[07:27:19] push=  122766/s pop=  123326/s | tot push=7871055200 pop=7870961340 | errs p=0 c=172 empty=108
[07:27:29] push=  124201/s pop=  124110/s | tot push=7872297210 pop=7872202440 | errs p=0 c=172 empty=108
[07:27:39] push=  121246/s pop=  122252/s | tot push=7873509670 pop=7873424960 | errs p=0 c=172 empty=108
[07:27:49] push=  124235/s pop=  122366/s | tot push=7874752020 pop=7874648620 | errs p=0 c=172 empty=108
[07:27:59] push=  124837/s pop=  126236/s | tot push=7876000390 pop=7875910980 | errs p=0 c=172 empty=108
[07:28:09] push=  122238/s pop=  121078/s | tot push=7877222770 pop=7877121760 | errs p=0 c=172 empty=108
[07:28:19] push=  119844/s pop=  120445/s | tot push=7878421210 pop=7878326210 | errs p=0 c=172 empty=108
[07:28:29] push=  127102/s pop=  126953/s | tot push=7879692230 pop=7879595740 | errs p=0 c=172 empty=108
[07:28:39] push=  119790/s pop=  120669/s | tot push=7880890130 pop=7880802430 | errs p=0 c=172 empty=108
[07:28:49] push=  122891/s pop=  121017/s | tot push=7882119040 pop=7882012600 | errs p=0 c=172 empty=108
[07:28:59] push=  125250/s pop=  126705/s | tot push=7883371540 pop=7883279650 | errs p=0 c=172 empty=108
[07:29:09] push=  121348/s pop=  115457/s | tot push=7884585020 pop=7884434220 | errs p=0 c=172 empty=108
[07:29:19] push=  119421/s pop=  123751/s | tot push=7885779230 pop=7885671730 | errs p=0 c=172 empty=108
[07:29:29] push=  125138/s pop=  127074/s | tot push=7887030610 pop=7886942470 | errs p=0 c=172 empty=108
[07:29:39] push=  115378/s pop=  115847/s | tot push=7888184390 pop=7888100940 | errs p=0 c=172 empty=108
[07:29:49] push=  113144/s pop=  112609/s | tot push=7889315830 pop=7889227030 | errs p=0 c=172 empty=108
[07:29:59] push=  120571/s pop=  120420/s | tot push=7890521540 pop=7890431230 | errs p=0 c=172 empty=108
[07:30:09] push=  117111/s pop=  117946/s | tot push=7891692650 pop=7891610690 | errs p=0 c=172 empty=108
[07:30:19] push=  115582/s pop=  115145/s | tot push=7892848470 pop=7892762140 | errs p=0 c=172 empty=108
[07:30:29] push=  115525/s pop=  114986/s | tot push=7894003720 pop=7893912000 | errs p=0 c=172 empty=108
[07:30:39] push=  122457/s pop=  122849/s | tot push=7895228290 pop=7895140490 | errs p=0 c=172 empty=108
[07:30:49] push=  118732/s pop=  118095/s | tot push=7896415610 pop=7896321440 | errs p=0 c=172 empty=108
[07:30:59] push=  119962/s pop=  117538/s | tot push=7897615230 pop=7897496820 | errs p=0 c=172 empty=108
[07:31:09] push=  118974/s pop=  120940/s | tot push=7898804970 pop=7898706220 | errs p=0 c=172 empty=108
[07:31:19] push=  117590/s pop=  112276/s | tot push=7899980870 pop=7899828980 | errs p=0 c=172 empty=108
[07:31:29] push=  115055/s pop=  121091/s | tot push=7901131420 pop=7901039890 | errs p=0 c=172 empty=108
[07:31:39] push=  122511/s pop=  121317/s | tot push=7902356530 pop=7902253060 | errs p=0 c=172 empty=108
[07:31:49] push=  122256/s pop=  123740/s | tot push=7903579090 pop=7903490460 | errs p=0 c=172 empty=108
[07:31:59] push=  125726/s pop=  124861/s | tot push=7904836350 pop=7904739070 | errs p=0 c=172 empty=108
[07:32:09] push=  119744/s pop=  119100/s | tot push=7906033790 pop=7905930070 | errs p=0 c=172 empty=108
[07:32:19] push=  124665/s pop=  125349/s | tot push=7907280440 pop=7907183560 | errs p=0 c=172 empty=108
[07:32:29] push=  122692/s pop=  124174/s | tot push=7908507360 pop=7908425300 | errs p=0 c=172 empty=108
[07:32:39] push=  120280/s pop=  118933/s | tot push=7909710160 pop=7909614630 | errs p=0 c=172 empty=108
[07:32:49] push=  122867/s pop=  123536/s | tot push=7910938830 pop=7910849990 | errs p=0 c=172 empty=108
[07:32:59] push=  125341/s pop=  125676/s | tot push=7912192240 pop=7912106750 | errs p=0 c=172 empty=108
[07:33:09] push=  120306/s pop=  119629/s | tot push=7913395300 pop=7913303040 | errs p=0 c=172 empty=108
[07:33:19] push=  123508/s pop=  122316/s | tot push=7914630380 pop=7914526200 | errs p=0 c=172 empty=108
[07:33:29] push=  123996/s pop=  124726/s | tot push=7915870340 pop=7915773460 | errs p=0 c=172 empty=108
[07:33:39] push=  125141/s pop=  125768/s | tot push=7917121750 pop=7917031140 | errs p=0 c=172 empty=108
[07:33:49] push=  121912/s pop=  121115/s | tot push=7918340870 pop=7918242290 | errs p=0 c=172 empty=108
[07:33:59] push=  127206/s pop=  126701/s | tot push=7919612930 pop=7919509300 | errs p=0 c=172 empty=108
[07:34:09] push=  123905/s pop=  126324/s | tot push=7920851980 pop=7920772540 | errs p=0 c=172 empty=108
[07:34:19] push=  123703/s pop=  121029/s | tot push=7922089010 pop=7921982830 | errs p=0 c=172 empty=108
[07:34:29] push=  123436/s pop=  125790/s | tot push=7923323370 pop=7923240730 | errs p=0 c=172 empty=108
[07:34:39] push=  127799/s pop=  127144/s | tot push=7924601360 pop=7924512170 | errs p=0 c=172 empty=108
[07:34:49] push=  121465/s pop=  118548/s | tot push=7925816010 pop=7925697650 | errs p=0 c=172 empty=108
[07:34:59] push=  124179/s pop=  126883/s | tot push=7927057800 pop=7926966480 | errs p=0 c=172 empty=108
[07:35:09] push=  124269/s pop=  123892/s | tot push=7928300490 pop=7928205400 | errs p=0 c=172 empty=108
[07:35:19] push=  123902/s pop=  124732/s | tot push=7929539510 pop=7929452720 | errs p=0 c=172 empty=108
[07:35:29] push=  119393/s pop=  115421/s | tot push=7930733440 pop=7930606930 | errs p=0 c=172 empty=108
[07:35:39] push=  125672/s pop=  129139/s | tot push=7931990160 pop=7931898320 | errs p=0 c=172 empty=108
[07:35:49] push=  121099/s pop=  121878/s | tot push=7933201150 pop=7933117100 | errs p=0 c=172 empty=108
[07:35:59] push=  119002/s pop=  116348/s | tot push=7934391170 pop=7934280580 | errs p=0 c=172 empty=108
[07:36:09] push=  118933/s pop=  119118/s | tot push=7935580500 pop=7935471760 | errs p=0 c=172 empty=108
[07:36:19] push=  116974/s pop=  118902/s | tot push=7936750240 pop=7936660780 | errs p=0 c=172 empty=108
[07:36:29] push=  119396/s pop=  117168/s | tot push=7937944200 pop=7937832460 | errs p=0 c=172 empty=108
[07:36:39] push=  116757/s pop=  118818/s | tot push=7939111770 pop=7939020640 | errs p=0 c=172 empty=108
[07:36:49] push=  116879/s pop=  115861/s | tot push=7940280560 pop=7940179250 | errs p=0 c=172 empty=108
[07:36:59] push=  112636/s pop=  112890/s | tot push=7941406920 pop=7941308150 | errs p=0 c=172 empty=108
[07:37:09] push=  120185/s pop=  120275/s | tot push=7942608770 pop=7942510900 | errs p=0 c=172 empty=108
[07:37:19] push=  118857/s pop=  119968/s | tot push=7943797340 pop=7943710580 | errs p=0 c=172 empty=108
[07:37:29] push=  120981/s pop=  120316/s | tot push=7945007150 pop=7944913740 | errs p=0 c=172 empty=108
[07:37:39] push=  112955/s pop=  103879/s | tot push=7946136700 pop=7945952530 | errs p=0 c=172 empty=108
[07:37:49] push=  116019/s pop=  125258/s | tot push=7947296890 pop=7947205110 | errs p=0 c=172 empty=108
[07:37:59] push=  123498/s pop=  124703/s | tot push=7948531870 pop=7948452140 | errs p=0 c=172 empty=108
[07:38:09] push=  119538/s pop=  118412/s | tot push=7949727250 pop=7949636260 | errs p=0 c=172 empty=108
[07:38:19] push=  121658/s pop=  121563/s | tot push=7950943830 pop=7950851890 | errs p=0 c=172 empty=108
[07:38:29] push=  122787/s pop=  122887/s | tot push=7952171700 pop=7952080760 | errs p=0 c=172 empty=108
[07:38:39] push=  121873/s pop=  115956/s | tot push=7953390430 pop=7953240320 | errs p=0 c=172 empty=108
[07:38:49] push=  117739/s pop=  122547/s | tot push=7954567820 pop=7954465790 | errs p=0 c=172 empty=108
[07:38:59] push=  126327/s pop=  126948/s | tot push=7955831090 pop=7955735270 | errs p=0 c=172 empty=108
[07:39:09] push=  122262/s pop=  123259/s | tot push=7957053710 pop=7956967860 | errs p=0 c=172 empty=109
[07:39:19] push=  121498/s pop=  120204/s | tot push=7958268690 pop=7958169900 | errs p=0 c=172 empty=109
[07:39:29] push=  123125/s pop=  123220/s | tot push=7959499940 pop=7959402100 | errs p=0 c=172 empty=109
[07:39:39] push=  125917/s pop=  123698/s | tot push=7960759110 pop=7960639080 | errs p=0 c=172 empty=110
[07:39:49] push=  117431/s pop=  115157/s | tot push=7961933420 pop=7961790650 | errs p=0 c=172 empty=110
[07:39:59] push=  123791/s pop=  130074/s | tot push=7963171330 pop=7963091390 | errs p=0 c=172 empty=110
[07:40:09] push=  126115/s pop=  124860/s | tot push=7964432480 pop=7964339990 | errs p=0 c=172 empty=110
[07:40:19] push=  122981/s pop=  121924/s | tot push=7965662290 pop=7965559230 | errs p=0 c=172 empty=110
[07:40:29] push=  119774/s pop=  119991/s | tot push=7966860030 pop=7966759140 | errs p=0 c=172 empty=110
[07:40:39] push=  124004/s pop=  124947/s | tot push=7968100070 pop=7968008610 | errs p=0 c=172 empty=110
[07:40:49] push=  120876/s pop=  122541/s | tot push=7969308830 pop=7969234020 | errs p=0 c=172 empty=110
[07:40:59] push=  123364/s pop=  119988/s | tot push=7970542470 pop=7970433900 | errs p=0 c=172 empty=110
[07:41:09] push=  122651/s pop=  124285/s | tot push=7971768980 pop=7971676750 | errs p=0 c=172 empty=110
[07:41:19] push=  126587/s pop=  125786/s | tot push=7973034850 pop=7972934610 | errs p=0 c=172 empty=110
[07:41:29] push=  121184/s pop=  123486/s | tot push=7974246690 pop=7974169470 | errs p=0 c=172 empty=110
[07:41:39] push=  128280/s pop=  125467/s | tot push=7975529490 pop=7975424140 | errs p=0 c=172 empty=110
[07:41:49] push=  121115/s pop=  117488/s | tot push=7976740640 pop=7976599020 | errs p=0 c=172 empty=110
[07:41:59] push=  122323/s pop=  112891/s | tot push=7977963870 pop=7977727930 | errs p=0 c=172 empty=110
[07:42:09] push=  120230/s pop=  131795/s | tot push=7979166170 pop=7979045880 | errs p=0 c=172 empty=110
[07:42:19] push=  122107/s pop=  125691/s | tot push=7980387240 pop=7980302790 | errs p=0 c=172 empty=110
[07:42:29] push=  115449/s pop=  113784/s | tot push=7981541730 pop=7981440630 | errs p=0 c=172 empty=110
[07:42:39] push=  117778/s pop=  118716/s | tot push=7982719510 pop=7982627790 | errs p=0 c=172 empty=110
[07:42:49] push=  122300/s pop=  122118/s | tot push=7983942510 pop=7983848970 | errs p=0 c=172 empty=110
[07:42:59] push=  112959/s pop=  111350/s | tot push=7985072100 pop=7984962470 | errs p=0 c=172 empty=110
[07:43:09] push=  117412/s pop=  117259/s | tot push=7986246220 pop=7986135060 | errs p=0 c=172 empty=110
[07:43:19] push=  119192/s pop=  119858/s | tot push=7987438140 pop=7987333640 | errs p=0 c=172 empty=110
[07:43:29] push=  119372/s pop=  119448/s | tot push=7988631860 pop=7988528120 | errs p=0 c=172 empty=110
[07:43:39] push=  115565/s pop=  116961/s | tot push=7989787510 pop=7989697730 | errs p=0 c=172 empty=110
[07:43:49] push=  120721/s pop=  120433/s | tot push=7990994720 pop=7990902060 | errs p=0 c=172 empty=110
[07:43:59] push=  115618/s pop=  115682/s | tot push=7992150900 pop=7992058880 | errs p=0 c=172 empty=110
[07:44:09] push=  117141/s pop=  116044/s | tot push=7993322310 pop=7993219320 | errs p=0 c=172 empty=110
[07:44:19] push=  116303/s pop=  116094/s | tot push=7994485340 pop=7994380260 | errs p=0 c=172 empty=110
[07:44:29] push=  124318/s pop=  126139/s | tot push=7995728520 pop=7995641650 | errs p=0 c=172 empty=110
[07:44:39] push=  121038/s pop=  120054/s | tot push=7996938900 pop=7996842190 | errs p=0 c=172 empty=110
[07:44:49] push=  122736/s pop=  118929/s | tot push=7998166260 pop=7998031480 | errs p=0 c=172 empty=110
[07:44:59] push=  121342/s pop=  126479/s | tot push=7999379680 pop=7999296270 | errs p=0 c=172 empty=110
[07:45:09] push=  127089/s pop=  125850/s | tot push=8000650570 pop=8000554770 | errs p=0 c=172 empty=110
[07:45:19] push=  119008/s pop=  120126/s | tot push=8001840650 pop=8001756030 | errs p=0 c=172 empty=110
[07:45:29] push=  124801/s pop=  123762/s | tot push=8003088660 pop=8002993650 | errs p=0 c=172 empty=110
[07:45:39] push=  123787/s pop=  124403/s | tot push=8004326530 pop=8004237680 | errs p=0 c=172 empty=110
[07:45:49] push=  122763/s pop=  122823/s | tot push=8005554160 pop=8005465910 | errs p=0 c=172 empty=110
[07:45:59] push=  122505/s pop=  122570/s | tot push=8006779210 pop=8006691610 | errs p=0 c=172 empty=110
[07:46:09] push=  126149/s pop=  126638/s | tot push=8008040700 pop=8007957990 | errs p=0 c=172 empty=110
[07:46:19] push=  121096/s pop=  120685/s | tot push=8009251660 pop=8009164840 | errs p=0 c=172 empty=110
[07:46:29] push=  123936/s pop=  122865/s | tot push=8010491020 pop=8010393490 | errs p=0 c=172 empty=110
[07:46:39] push=  125630/s pop=  126043/s | tot push=8011747320 pop=8011653920 | errs p=0 c=172 empty=110
[07:46:49] push=  128482/s pop=  128629/s | tot push=8013032140 pop=8012940210 | errs p=0 c=172 empty=110
[07:46:59] push=  120898/s pop=  121278/s | tot push=8014241120 pop=8014152990 | errs p=0 c=172 empty=110
[07:47:09] push=  125892/s pop=  123650/s | tot push=8015500040 pop=8015389490 | errs p=0 c=172 empty=110
[07:47:19] push=  124185/s pop=  126565/s | tot push=8016741890 pop=8016655140 | errs p=0 c=172 empty=110
[07:47:29] push=  122511/s pop=  122325/s | tot push=8017967000 pop=8017878390 | errs p=0 c=172 empty=110
[07:47:39] push=  121129/s pop=  120044/s | tot push=8019178290 pop=8019078830 | errs p=0 c=172 empty=110
[07:47:49] push=  126803/s pop=  128052/s | tot push=8020446320 pop=8020359350 | errs p=0 c=172 empty=110
[07:47:59] push=  121972/s pop=  119425/s | tot push=8021666040 pop=8021553600 | errs p=0 c=172 empty=110
[07:48:09] push=  123777/s pop=  124654/s | tot push=8022903810 pop=8022800140 | errs p=0 c=172 empty=110
[07:48:19] push=  120373/s pop=  114151/s | tot push=8024107540 pop=8023941650 | errs p=0 c=172 empty=110
[07:48:29] push=  125620/s pop=  133104/s | tot push=8025363740 pop=8025272690 | errs p=0 c=172 empty=110
[07:48:39] push=  114256/s pop=  112725/s | tot push=8026506300 pop=8026399940 | errs p=0 c=172 empty=110
[07:48:49] push=  115891/s pop=  117193/s | tot push=8027665210 pop=8027571870 | errs p=0 c=172 empty=110
[07:48:59] push=  118508/s pop=  117662/s | tot push=8028850290 pop=8028748490 | errs p=0 c=172 empty=110
[07:49:09] push=  114820/s pop=  114076/s | tot push=8029998490 pop=8029889250 | errs p=0 c=172 empty=110
[07:49:19] push=  115521/s pop=  117556/s | tot push=8031153700 pop=8031064810 | errs p=0 c=172 empty=110
[07:49:29] push=  117143/s pop=  116972/s | tot push=8032325130 pop=8032234530 | errs p=0 c=172 empty=110
[07:49:39] push=  115891/s pop=  112287/s | tot push=8033484040 pop=8033357400 | errs p=0 c=172 empty=110
[07:49:49] push=  112419/s pop=  114427/s | tot push=8034608230 pop=8034501670 | errs p=0 c=172 empty=110
[07:49:59] push=  122055/s pop=  123864/s | tot push=8035828780 pop=8035740310 | errs p=0 c=172 empty=110
[07:50:09] push=  116818/s pop=  116766/s | tot push=8036996960 pop=8036907970 | errs p=0 c=172 empty=110
[07:50:19] push=  119319/s pop=  112131/s | tot push=8038190150 pop=8038029280 | errs p=0 c=172 empty=110
[07:50:29] push=  113987/s pop=  120724/s | tot push=8039330020 pop=8039236520 | errs p=0 c=172 empty=110
[07:50:39] push=  124230/s pop=  124983/s | tot push=8040572320 pop=8040486350 | errs p=0 c=172 empty=110
[07:50:49] push=  119910/s pop=  120802/s | tot push=8041771420 pop=8041694370 | errs p=0 c=172 empty=110
[07:50:59] push=  121907/s pop=  119232/s | tot push=8042990490 pop=8042886690 | errs p=0 c=172 empty=110
[07:51:09] push=  123472/s pop=  125097/s | tot push=8044225210 pop=8044137660 | errs p=0 c=172 empty=110
[07:51:19] push=  127815/s pop=  127012/s | tot push=8045503360 pop=8045407780 | errs p=0 c=172 empty=110
[07:51:29] push=  120901/s pop=  119901/s | tot push=8046712370 pop=8046606790 | errs p=0 c=172 empty=110
[07:51:39] push=  123802/s pop=  124590/s | tot push=8047950390 pop=8047852690 | errs p=0 c=172 empty=110
[07:51:49] push=  124683/s pop=  125839/s | tot push=8049197220 pop=8049111080 | errs p=0 c=172 empty=110
[07:51:59] push=  122649/s pop=  123125/s | tot push=8050423710 pop=8050342330 | errs p=0 c=172 empty=110
[07:52:09] push=  124956/s pop=  124364/s | tot push=8051673270 pop=8051585970 | errs p=0 c=172 empty=110
[07:52:19] push=  126285/s pop=  126831/s | tot push=8052936120 pop=8052854280 | errs p=0 c=172 empty=110
[07:52:29] push=  118850/s pop=  108483/s | tot push=8054124620 pop=8053939110 | errs p=0 c=172 empty=110
[07:52:39] push=  118861/s pop=  126324/s | tot push=8055313230 pop=8055202350 | errs p=0 c=172 empty=110
[07:52:49] push=  121104/s pop=  122759/s | tot push=8056524270 pop=8056429940 | errs p=0 c=172 empty=110
[07:52:59] push=  120455/s pop=  121032/s | tot push=8057728820 pop=8057640260 | errs p=0 c=172 empty=110
[07:53:09] push=  119862/s pop=  119641/s | tot push=8058927440 pop=8058836670 | errs p=0 c=172 empty=110
[07:53:19] push=  122475/s pop=  122125/s | tot push=8060152190 pop=8060057920 | errs p=0 c=172 empty=110
[07:53:29] push=  124157/s pop=  123948/s | tot push=8061393760 pop=8061297400 | errs p=0 c=172 empty=110
[07:53:39] push=  125967/s pop=  126292/s | tot push=8062653430 pop=8062560320 | errs p=0 c=172 empty=110
[07:53:49] push=  120705/s pop=  120266/s | tot push=8063860480 pop=8063762980 | errs p=0 c=172 empty=110
[07:53:59] push=  125797/s pop=  126199/s | tot push=8065118450 pop=8065024970 | errs p=0 c=172 empty=110
[07:54:09] push=  123651/s pop=  123156/s | tot push=8066354960 pop=8066256530 | errs p=0 c=172 empty=110
[07:54:19] push=  123422/s pop=  123956/s | tot push=8067589180 pop=8067496090 | errs p=0 c=172 empty=110
[07:54:29] push=  126143/s pop=  125491/s | tot push=8068850610 pop=8068751000 | errs p=0 c=172 empty=110
[07:54:39] push=  123496/s pop=  119617/s | tot push=8070085570 pop=8069947170 | errs p=0 c=172 empty=110
[07:54:49] push=  116862/s pop=  121495/s | tot push=8071254190 pop=8071162120 | errs p=0 c=172 empty=110
[07:54:59] push=  120617/s pop=  120499/s | tot push=8072460360 pop=8072367110 | errs p=0 c=172 empty=110
[07:55:09] push=  117380/s pop=  118079/s | tot push=8073634160 pop=8073547900 | errs p=0 c=172 empty=110
[07:55:19] push=  114471/s pop=  114063/s | tot push=8074778870 pop=8074688530 | errs p=0 c=172 empty=110
[07:55:29] push=  116267/s pop=  116292/s | tot push=8075941540 pop=8075851450 | errs p=0 c=172 empty=110
[07:55:39] push=  122550/s pop=  122271/s | tot push=8077167040 pop=8077074160 | errs p=0 c=172 empty=110
[07:55:49] push=  113361/s pop=  110930/s | tot push=8078300650 pop=8078183460 | errs p=0 c=172 empty=110
[07:55:59] push=  117371/s pop=  118580/s | tot push=8079474360 pop=8079369260 | errs p=0 c=172 empty=110
[07:56:09] push=  118764/s pop=  120320/s | tot push=8080662000 pop=8080572460 | errs p=0 c=172 empty=110
[07:56:19] push=  118036/s pop=  118579/s | tot push=8081842360 pop=8081758250 | errs p=0 c=172 empty=110
[07:56:29] push=  114005/s pop=  111451/s | tot push=8082982410 pop=8082872760 | errs p=0 c=172 empty=110
[07:56:39] push=  118344/s pop=  120192/s | tot push=8084165850 pop=8084074680 | errs p=0 c=172 empty=110
[07:56:49] push=  116129/s pop=  116548/s | tot push=8085327140 pop=8085240160 | errs p=0 c=172 empty=110
[07:56:59] push=  121045/s pop=  121451/s | tot push=8086537590 pop=8086454670 | errs p=0 c=172 empty=110
[07:57:09] push=  117256/s pop=  116846/s | tot push=8087710150 pop=8087623130 | errs p=0 c=172 empty=110
[07:57:19] push=  122739/s pop=  122114/s | tot push=8088937540 pop=8088844270 | errs p=0 c=172 empty=110
[07:57:29] push=  121967/s pop=  121056/s | tot push=8090157210 pop=8090054830 | errs p=0 c=172 empty=110
[07:57:39] push=  124907/s pop=  127131/s | tot push=8091406280 pop=8091326140 | errs p=0 c=172 empty=110
[07:57:49] push=  117679/s pop=  116785/s | tot push=8092583070 pop=8092493990 | errs p=0 c=172 empty=110
[07:57:59] push=  121549/s pop=  119026/s | tot push=8093798560 pop=8093684250 | errs p=0 c=172 empty=110
[07:58:09] push=  117945/s pop=  119798/s | tot push=8094978010 pop=8094882230 | errs p=0 c=172 empty=110
[07:58:19] push=  121859/s pop=  121452/s | tot push=8096196600 pop=8096096750 | errs p=0 c=172 empty=110
[07:58:29] push=  118111/s pop=  119222/s | tot push=8097377710 pop=8097288970 | errs p=0 c=172 empty=110
[07:58:39] push=  115146/s pop=  115746/s | tot push=8098529170 pop=8098446430 | errs p=0 c=172 empty=110
[07:58:49] push=  113503/s pop=  110748/s | tot push=8099664200 pop=8099553910 | errs p=0 c=172 empty=110
[07:58:59] push=  113425/s pop=  114801/s | tot push=8100798450 pop=8100701920 | errs p=0 c=172 empty=110
[07:59:09] push=  113093/s pop=  113565/s | tot push=8101929380 pop=8101837570 | errs p=0 c=172 empty=110
[07:59:19] push=  119727/s pop=  118805/s | tot push=8103126650 pop=8103025620 | errs p=0 c=172 empty=110
[07:59:29] push=  119372/s pop=  119689/s | tot push=8104320370 pop=8104222510 | errs p=0 c=172 empty=110
[07:59:39] push=  117398/s pop=  118529/s | tot push=8105494350 pop=8105407800 | errs p=0 c=172 empty=110
[07:59:49] push=  114589/s pop=  111984/s | tot push=8106640240 pop=8106527640 | errs p=0 c=172 empty=110
[07:59:59] push=  118234/s pop=  119521/s | tot push=8107822580 pop=8107722850 | errs p=0 c=172 empty=110
[08:00:09] push=  120121/s pop=  121009/s | tot push=8109023790 pop=8108932940 | errs p=0 c=172 empty=110
[08:00:19] push=  120302/s pop=  120885/s | tot push=8110226810 pop=8110141790 | errs p=0 c=172 empty=111
[08:00:29] push=  108909/s pop=  107955/s | tot push=8111315900 pop=8111221340 | errs p=0 c=172 empty=111
[08:00:39] push=  118632/s pop=  119541/s | tot push=8112502220 pop=8112416750 | errs p=0 c=172 empty=111
[08:00:49] push=  116372/s pop=  116722/s | tot push=8113665940 pop=8113583970 | errs p=0 c=172 empty=111
[08:00:59] push=  118742/s pop=  113610/s | tot push=8114853360 pop=8114720070 | errs p=0 c=172 empty=111
[08:01:09] push=  116399/s pop=  119601/s | tot push=8116017350 pop=8115916080 | errs p=0 c=172 empty=111
[08:01:19] push=  116050/s pop=  115999/s | tot push=8117177850 pop=8117076070 | errs p=0 c=172 empty=111
[08:01:29] push=  111028/s pop=  112592/s | tot push=8118288130 pop=8118201990 | errs p=0 c=172 empty=111
[08:01:39] push=  112344/s pop=  111570/s | tot push=8119411570 pop=8119317690 | errs p=0 c=172 empty=111
[08:01:49] push=  116109/s pop=  115000/s | tot push=8120572660 pop=8120467690 | errs p=0 c=172 empty=111
[08:01:59] push=  116804/s pop=  118073/s | tot push=8121740700 pop=8121648420 | errs p=0 c=172 empty=111
[08:02:09] push=  117083/s pop=  117293/s | tot push=8122911530 pop=8122821350 | errs p=0 c=172 empty=111
[08:02:19] push=  115433/s pop=  115473/s | tot push=8124065860 pop=8123976080 | errs p=0 c=172 empty=111
[08:02:29] push=  118167/s pop=  118906/s | tot push=8125247530 pop=8125165140 | errs p=0 c=172 empty=111
[08:02:39] push=  116060/s pop=  115487/s | tot push=8126408130 pop=8126320010 | errs p=0 c=172 empty=111
[08:02:49] push=  123039/s pop=  122415/s | tot push=8127638520 pop=8127544160 | errs p=0 c=172 empty=111
[08:02:59] push=  118942/s pop=  118269/s | tot push=8128827940 pop=8128726850 | errs p=0 c=172 empty=111
[08:03:09] push=  115768/s pop=  116196/s | tot push=8129985620 pop=8129888810 | errs p=0 c=172 empty=111
[08:03:19] push=  114790/s pop=  114086/s | tot push=8131133520 pop=8131029670 | errs p=0 c=172 empty=111
[08:03:29] push=  121463/s pop=  122460/s | tot push=8132348150 pop=8132254270 | errs p=0 c=172 empty=111
[08:03:39] push=  119858/s pop=  119069/s | tot push=8133546730 pop=8133444960 | errs p=0 c=172 empty=111
[08:03:49] push=  123125/s pop=  124223/s | tot push=8134777980 pop=8134687190 | errs p=0 c=172 empty=111
[08:03:59] push=  116364/s pop=  115999/s | tot push=8135941620 pop=8135847180 | errs p=0 c=172 empty=111
[08:04:09] push=  120717/s pop=  117023/s | tot push=8137148790 pop=8137017410 | errs p=0 c=172 empty=111
[08:04:19] push=  116730/s pop=  120614/s | tot push=8138316090 pop=8138223550 | errs p=0 c=172 empty=111
[08:04:29] push=  123727/s pop=  123634/s | tot push=8139553360 pop=8139459890 | errs p=0 c=172 empty=111
[08:04:39] push=  120556/s pop=  120027/s | tot push=8140758920 pop=8140660160 | errs p=0 c=172 empty=111
[08:04:49] push=  119792/s pop=  119715/s | tot push=8141956840 pop=8141857310 | errs p=0 c=172 empty=111
[08:04:59] push=  115785/s pop=  117319/s | tot push=8143114690 pop=8143030500 | errs p=0 c=172 empty=111
[08:05:09] push=  119837/s pop=  112838/s | tot push=8144313060 pop=8144158880 | errs p=0 c=172 empty=111
[08:05:19] push=  118737/s pop=  123439/s | tot push=8145500430 pop=8145393270 | errs p=0 c=172 empty=111
[08:05:29] push=  121638/s pop=  123655/s | tot push=8146716810 pop=8146629820 | errs p=0 c=172 empty=111
[08:05:39] push=  120871/s pop=  120676/s | tot push=8147925520 pop=8147836580 | errs p=0 c=172 empty=111
[08:05:49] push=  123022/s pop=  122410/s | tot push=8149155740 pop=8149060680 | errs p=0 c=172 empty=111
[08:05:59] push=  118502/s pop=  118797/s | tot push=8150340760 pop=8150248650 | errs p=0 c=172 empty=111
[08:06:09] push=  122023/s pop=  120796/s | tot push=8151560990 pop=8151456610 | errs p=0 c=172 empty=111
[08:06:19] push=  121645/s pop=  122369/s | tot push=8152777440 pop=8152680300 | errs p=0 c=172 empty=111
[08:06:29] push=  123456/s pop=  124358/s | tot push=8154012000 pop=8153923880 | errs p=0 c=172 empty=111
[08:06:39] push=  118270/s pop=  118613/s | tot push=8155194700 pop=8155110010 | errs p=0 c=172 empty=111
[08:06:49] push=  116857/s pop=  113988/s | tot push=8156363270 pop=8156249890 | errs p=0 c=172 empty=111
[08:06:59] push=  112867/s pop=  114443/s | tot push=8157491940 pop=8157394320 | errs p=0 c=172 empty=111
[08:07:09] push=  118546/s pop=  116086/s | tot push=8158677400 pop=8158555180 | errs p=0 c=172 empty=111
[08:07:19] push=  119916/s pop=  118303/s | tot push=8159876560 pop=8159738210 | errs p=0 c=172 empty=111
[08:07:29] push=  120616/s pop=  124168/s | tot push=8161082720 pop=8160979890 | errs p=0 c=172 empty=111
[08:07:39] push=  117101/s pop=  118833/s | tot push=8162253730 pop=8162168220 | errs p=0 c=172 empty=111
[08:07:49] push=  117426/s pop=  115371/s | tot push=8163427990 pop=8163321930 | errs p=0 c=172 empty=111
[08:07:59] push=  112654/s pop=  114475/s | tot push=8164554530 pop=8164466680 | errs p=0 c=172 empty=111
[08:08:09] push=  113065/s pop=  110707/s | tot push=8165685180 pop=8165573750 | errs p=0 c=172 empty=111
[08:08:19] push=  116330/s pop=  119909/s | tot push=8166848480 pop=8166772840 | errs p=0 c=172 empty=111
[08:08:29] push=  115325/s pop=  113009/s | tot push=8168001730 pop=8167902930 | errs p=0 c=172 empty=111
[08:08:39] push=  115255/s pop=  115258/s | tot push=8169154280 pop=8169055510 | errs p=0 c=172 empty=111
[08:08:49] push=  115466/s pop=  115612/s | tot push=8170308940 pop=8170211630 | errs p=0 c=172 empty=111
[08:08:59] push=  120225/s pop=  120136/s | tot push=8171511190 pop=8171412990 | errs p=0 c=172 empty=111
[08:09:09] push=  112144/s pop=  111428/s | tot push=8172632630 pop=8172527270 | errs p=0 c=172 empty=111
[08:09:19] push=  115161/s pop=  117542/s | tot push=8173784240 pop=8173702690 | errs p=0 c=172 empty=111
[08:09:29] push=  114073/s pop=  112616/s | tot push=8174924970 pop=8174828850 | errs p=0 c=172 empty=113
[08:09:39] push=  121324/s pop=  122767/s | tot push=8176138210 pop=8176056520 | errs p=0 c=172 empty=113
[08:09:49] push=  118667/s pop=  118255/s | tot push=8177324880 pop=8177239070 | errs p=0 c=172 empty=113
[08:09:59] push=  123017/s pop=  122145/s | tot push=8178555050 pop=8178460520 | errs p=0 c=172 empty=113
[08:10:09] push=  118472/s pop=  119792/s | tot push=8179739770 pop=8179658440 | errs p=0 c=172 empty=113
[08:10:19] push=  121516/s pop=  120706/s | tot push=8180954930 pop=8180865500 | errs p=0 c=172 empty=113
[08:10:29] push=  120246/s pop=  120184/s | tot push=8182157390 pop=8182067340 | errs p=0 c=172 empty=113
[08:10:39] push=  120905/s pop=  119010/s | tot push=8183366440 pop=8183257440 | errs p=0 c=172 empty=113
[08:10:49] push=  119941/s pop=  121796/s | tot push=8184565850 pop=8184475400 | errs p=0 c=172 empty=113
[08:10:59] push=  121268/s pop=  121900/s | tot push=8185778530 pop=8185694400 | errs p=0 c=172 empty=113
[08:11:09] push=  118679/s pop=  116366/s | tot push=8186965320 pop=8186858060 | errs p=0 c=172 empty=113
[08:11:19] push=  117170/s pop=  118243/s | tot push=8188137020 pop=8188040490 | errs p=0 c=172 empty=113
[08:11:29] push=  118664/s pop=  119520/s | tot push=8189323660 pop=8189235690 | errs p=0 c=172 empty=113
[08:11:39] push=  119258/s pop=  119389/s | tot push=8190516240 pop=8190429580 | errs p=0 c=172 empty=113
[08:11:49] push=  117891/s pop=  117774/s | tot push=8191695150 pop=8191607320 | errs p=0 c=172 empty=113
[08:11:59] push=  119305/s pop=  119106/s | tot push=8192888200 pop=8192798380 | errs p=0 c=172 empty=113
[08:12:09] push=  118607/s pop=  119060/s | tot push=8194074270 pop=8193988980 | errs p=0 c=172 empty=113
[08:12:19] push=  121292/s pop=  120852/s | tot push=8195287190 pop=8195197500 | errs p=0 c=172 empty=113
[08:12:29] push=  118970/s pop=  118358/s | tot push=8196476890 pop=8196381080 | errs p=0 c=172 empty=113
[08:12:39] push=  118599/s pop=  117825/s | tot push=8197662880 pop=8197559330 | errs p=0 c=172 empty=113
[08:12:49] push=  119103/s pop=  118632/s | tot push=8198853910 pop=8198745650 | errs p=0 c=172 empty=113
[08:12:59] push=  116387/s pop=  118307/s | tot push=8200017780 pop=8199928720 | errs p=0 c=172 empty=113
[08:13:09] push=  111600/s pop=  110856/s | tot push=8201133780 pop=8201037280 | errs p=0 c=172 empty=113
[08:13:19] push=  111446/s pop=  105089/s | tot push=8202248240 pop=8202088170 | errs p=0 c=172 empty=113
[08:13:29] push=  118713/s pop=  126000/s | tot push=8203435370 pop=8203348170 | errs p=0 c=172 empty=113
[08:13:39] push=  120208/s pop=  119496/s | tot push=8204637450 pop=8204543130 | errs p=0 c=172 empty=113
[08:13:49] push=  119197/s pop=  118898/s | tot push=8205829420 pop=8205732110 | errs p=0 c=172 empty=113
[08:13:59] push=  120502/s pop=  118382/s | tot push=8207034440 pop=8206915930 | errs p=0 c=172 empty=113
[08:14:09] push=  119119/s pop=  123079/s | tot push=8208225630 pop=8208146720 | errs p=0 c=172 empty=113
[08:14:19] push=  117069/s pop=  115142/s | tot push=8209396320 pop=8209298140 | errs p=0 c=172 empty=113
[08:14:29] push=  111493/s pop=  112657/s | tot push=8210511250 pop=8210424710 | errs p=0 c=172 empty=113
[08:14:39] push=  114938/s pop=  113491/s | tot push=8211660630 pop=8211559620 | errs p=0 c=172 empty=113
[08:14:49] push=  119802/s pop=  119914/s | tot push=8212858650 pop=8212758760 | errs p=0 c=172 empty=113
[08:14:59] push=  113898/s pop=  114975/s | tot push=8213997630 pop=8213908510 | errs p=0 c=172 empty=113
[08:15:09] push=  115416/s pop=  113184/s | tot push=8215151790 pop=8215040350 | errs p=0 c=172 empty=113
[08:15:19] push=  115469/s pop=  116480/s | tot push=8216306480 pop=8216205150 | errs p=0 c=172 empty=113
[08:15:29] push=  109983/s pop=  101894/s | tot push=8217406310 pop=8217224090 | errs p=0 c=172 empty=113
[08:15:39] push=  115040/s pop=  124089/s | tot push=8218556710 pop=8218464980 | errs p=0 c=172 empty=113
[08:15:49] push=  113365/s pop=  113557/s | tot push=8219690360 pop=8219600550 | errs p=0 c=172 empty=113
[08:15:59] push=  118910/s pop=  119187/s | tot push=8220879460 pop=8220792420 | errs p=0 c=172 empty=113
[08:16:09] push=  114075/s pop=  111907/s | tot push=8222020210 pop=8221911490 | errs p=0 c=172 empty=113
[08:16:19] push=  115893/s pop=  117044/s | tot push=8223179140 pop=8223081930 | errs p=0 c=172 empty=113
[08:16:29] push=  116766/s pop=  117246/s | tot push=8224346800 pop=8224254390 | errs p=0 c=172 empty=113
[08:16:39] push=  117185/s pop=  117459/s | tot push=8225518650 pop=8225428980 | errs p=0 c=172 empty=113
[08:16:49] push=  117816/s pop=  114460/s | tot push=8226696810 pop=8226573580 | errs p=0 c=172 empty=113
[08:16:59] push=  117282/s pop=  119643/s | tot push=8227869630 pop=8227770010 | errs p=0 c=172 empty=113
[08:17:09] push=  115378/s pop=  117041/s | tot push=8229023410 pop=8228940420 | errs p=0 c=172 empty=113
[08:17:19] push=  116725/s pop=  114546/s | tot push=8230190660 pop=8230085880 | errs p=0 c=172 empty=113
[08:17:29] push=  113186/s pop=  107265/s | tot push=8231322520 pop=8231158530 | errs p=0 c=172 empty=113
[08:17:39] push=  115672/s pop=  106571/s | tot push=8232479240 pop=8232224240 | errs p=0 c=172 empty=113
[08:17:49] push=  115811/s pop=  121746/s | tot push=8233637350 pop=8233441700 | errs p=0 c=172 empty=113
[08:17:59] push=  116596/s pop=  112864/s | tot push=8234803310 pop=8234570340 | errs p=0 c=172 empty=113
[08:18:09] push=  113878/s pop=  125937/s | tot push=8235942090 pop=8235829710 | errs p=0 c=172 empty=113
[08:18:19] push=  118634/s pop=  120948/s | tot push=8237128430 pop=8237039190 | errs p=0 c=172 empty=113
[08:18:29] push=  118689/s pop=  118705/s | tot push=8238315320 pop=8238226240 | errs p=0 c=172 empty=113
[08:18:39] push=  122040/s pop=  122100/s | tot push=8239535720 pop=8239447240 | errs p=0 c=172 empty=113
[08:18:49] push=  116091/s pop=  114689/s | tot push=8240696630 pop=8240594130 | errs p=0 c=172 empty=113
[08:18:59] push=  120365/s pop=  121986/s | tot push=8241900280 pop=8241813990 | errs p=0 c=172 empty=113
[08:19:09] push=  119471/s pop=  119118/s | tot push=8243094990 pop=8243005170 | errs p=0 c=172 empty=113
[08:19:19] push=  120208/s pop=  119392/s | tot push=8244297070 pop=8244199090 | errs p=0 c=172 empty=113
[08:19:29] push=  119245/s pop=  118726/s | tot push=8245489520 pop=8245386350 | errs p=0 c=172 empty=113
[08:19:39] push=  120326/s pop=  120912/s | tot push=8246692780 pop=8246595470 | errs p=0 c=172 empty=113
[08:19:49] push=  119870/s pop=  120957/s | tot push=8247891480 pop=8247805040 | errs p=0 c=172 empty=113
[08:19:59] push=  121570/s pop=  120575/s | tot push=8249107180 pop=8249010790 | errs p=0 c=172 empty=113
[08:20:09] push=  119003/s pop=  120494/s | tot push=8250297210 pop=8250215730 | errs p=0 c=172 empty=113
[08:20:19] push=  125086/s pop=  118748/s | tot push=8251548070 pop=8251403210 | errs p=0 c=172 empty=113
[08:20:29] push=  122025/s pop=  126232/s | tot push=8252768320 pop=8252665530 | errs p=0 c=172 empty=113
[08:20:39] push=  121262/s pop=  119983/s | tot push=8253980940 pop=8253865360 | errs p=0 c=172 empty=113
[08:20:49] push=  118952/s pop=  121034/s | tot push=8255170460 pop=8255075700 | errs p=0 c=172 empty=113
[08:20:59] push=  117293/s pop=  117817/s | tot push=8256343390 pop=8256253870 | errs p=0 c=172 empty=113
[08:21:09] push=  115075/s pop=  114876/s | tot push=8257494140 pop=8257402630 | errs p=0 c=172 empty=113
[08:21:19] push=  115110/s pop=  115001/s | tot push=8258645240 pop=8258552640 | errs p=0 c=172 empty=113
[08:21:29] push=  118040/s pop=  115910/s | tot push=8259825640 pop=8259711740 | errs p=0 c=172 empty=113
[08:21:39] push=  112312/s pop=  114314/s | tot push=8260948760 pop=8260854880 | errs p=0 c=172 empty=113
[08:21:49] push=  113395/s pop=  110851/s | tot push=8262082710 pop=8261963390 | errs p=0 c=172 empty=113
[08:21:59] push=  109938/s pop=  112027/s | tot push=8263182090 pop=8263083660 | errs p=0 c=172 empty=113
[08:22:09] push=  118393/s pop=  115341/s | tot push=8264366020 pop=8264237070 | errs p=0 c=172 empty=113
[08:22:19] push=  110154/s pop=  113768/s | tot push=8265467560 pop=8265374750 | errs p=0 c=172 empty=113
[08:22:29] push=  119098/s pop=  118833/s | tot push=8266658540 pop=8266563080 | errs p=0 c=172 empty=113
[08:22:39] push=  110644/s pop=  110654/s | tot push=8267764980 pop=8267669620 | errs p=0 c=172 empty=113
[08:22:49] push=  115819/s pop=  115352/s | tot push=8268923170 pop=8268823140 | errs p=0 c=172 empty=113
[08:22:59] push=  117541/s pop=  116911/s | tot push=8270098580 pop=8269992250 | errs p=0 c=172 empty=113
[08:23:09] push=  118198/s pop=  120249/s | tot push=8271280560 pop=8271194740 | errs p=0 c=172 empty=113
[08:23:19] push=  115172/s pop=  114611/s | tot push=8272432280 pop=8272340850 | errs p=0 c=172 empty=113
[08:23:29] push=  115085/s pop=  115833/s | tot push=8273583130 pop=8273499180 | errs p=0 c=172 empty=113
[08:23:39] push=  118587/s pop=  116716/s | tot push=8274769000 pop=8274666340 | errs p=0 c=172 empty=113
[08:23:49] push=  121716/s pop=  122304/s | tot push=8275986160 pop=8275889380 | errs p=0 c=172 empty=113
[08:23:59] push=  118052/s pop=  119242/s | tot push=8277166680 pop=8277081800 | errs p=0 c=172 empty=113
[08:24:09] push=  123526/s pop=  121574/s | tot push=8278401940 pop=8278297540 | errs p=0 c=172 empty=113
[08:24:19] push=  117589/s pop=  119932/s | tot push=8279577830 pop=8279496860 | errs p=0 c=172 empty=113
[08:24:29] push=  119906/s pop=  118504/s | tot push=8280776890 pop=8280681900 | errs p=0 c=172 empty=113
[08:24:39] push=  120276/s pop=  121108/s | tot push=8281979650 pop=8281892980 | errs p=0 c=172 empty=113
[08:24:49] push=  123888/s pop=  124404/s | tot push=8283218530 pop=8283137020 | errs p=0 c=172 empty=113
[08:24:59] push=  117713/s pop=  117714/s | tot push=8284395660 pop=8284314160 | errs p=0 c=172 empty=113
[08:25:09] push=  117545/s pop=  117373/s | tot push=8285571110 pop=8285487890 | errs p=0 c=172 empty=113
[08:25:19] push=  115122/s pop=  113022/s | tot push=8286722330 pop=8286618110 | errs p=0 c=172 empty=113
[08:25:29] push=  115372/s pop=  112428/s | tot push=8287876050 pop=8287742390 | errs p=0 c=172 empty=113
[08:25:39] push=  115137/s pop=  120006/s | tot push=8289027420 pop=8288942450 | errs p=0 c=172 empty=113
[08:25:49] push=  116711/s pop=  117398/s | tot push=8290194530 pop=8290116430 | errs p=0 c=172 empty=113
[08:25:59] push=  116096/s pop=  114264/s | tot push=8291355490 pop=8291259070 | errs p=0 c=172 empty=113
[08:26:09] push=  120163/s pop=  120881/s | tot push=8292557120 pop=8292467880 | errs p=0 c=172 empty=113
[08:26:19] push=  120059/s pop=  120402/s | tot push=8293757710 pop=8293671900 | errs p=0 c=172 empty=113
[08:26:29] push=  122929/s pop=  123129/s | tot push=8294987000 pop=8294903190 | errs p=0 c=172 empty=113
[08:26:39] push=  116167/s pop=  115526/s | tot push=8296148670 pop=8296058450 | errs p=0 c=172 empty=113
[08:26:49] push=  119118/s pop=  117088/s | tot push=8297339850 pop=8297229330 | errs p=0 c=172 empty=113
[08:26:59] push=  119919/s pop=  122277/s | tot push=8298539040 pop=8298452100 | errs p=0 c=172 empty=113
[08:27:09] push=  117565/s pop=  115723/s | tot push=8299714690 pop=8299609330 | errs p=0 c=172 empty=113
[08:27:19] push=  117248/s pop=  119103/s | tot push=8300887170 pop=8300800360 | errs p=0 c=172 empty=113
[08:27:29] push=  117782/s pop=  118283/s | tot push=8302064990 pop=8301983190 | errs p=0 c=172 empty=113
[08:27:39] push=  110751/s pop=  108581/s | tot push=8303172500 pop=8303069000 | errs p=0 c=172 empty=113
[08:27:49] push=  118113/s pop=  119246/s | tot push=8304353630 pop=8304261460 | errs p=0 c=172 empty=113
[08:27:59] push=  118494/s pop=  119132/s | tot push=8305538570 pop=8305452780 | errs p=0 c=172 empty=113
[08:28:09] push=  109166/s pop=  105784/s | tot push=8306630230 pop=8306510620 | errs p=0 c=172 empty=113
[08:28:19] push=  113585/s pop=  109936/s | tot push=8307766080 pop=8307609980 | errs p=0 c=172 empty=113
[08:28:29] push=  113926/s pop=  119004/s | tot push=8308905340 pop=8308800020 | errs p=0 c=172 empty=113
[08:28:39] push=  110719/s pop=  110635/s | tot push=8310012530 pop=8309906370 | errs p=0 c=172 empty=113
[08:28:49] push=  117000/s pop=  119162/s | tot push=8311182530 pop=8311097990 | errs p=0 c=172 empty=113
[08:28:59] push=  114533/s pop=  114090/s | tot push=8312327860 pop=8312238890 | errs p=0 c=172 empty=113
[08:29:09] push=  116211/s pop=  116689/s | tot push=8313489970 pop=8313405780 | errs p=0 c=172 empty=113
[08:29:19] push=  119627/s pop=  119787/s | tot push=8314686240 pop=8314603650 | errs p=0 c=172 empty=113
[08:29:29] push=  119324/s pop=  119152/s | tot push=8315879480 pop=8315795170 | errs p=0 c=172 empty=113
[08:29:39] push=  118901/s pop=  118607/s | tot push=8317068490 pop=8316981240 | errs p=0 c=172 empty=113
[08:29:49] push=  123427/s pop=  123533/s | tot push=8318302760 pop=8318216570 | errs p=0 c=172 empty=113
[08:29:59] push=  117639/s pop=  117367/s | tot push=8319479150 pop=8319390240 | errs p=0 c=172 empty=113
[08:30:09] push=  119463/s pop=  118724/s | tot push=8320673780 pop=8320577480 | errs p=0 c=172 empty=113
[08:30:19] push=  116979/s pop=  118089/s | tot push=8321843570 pop=8321758370 | errs p=0 c=172 empty=113
[08:30:29] push=  123481/s pop=  122156/s | tot push=8323078380 pop=8322979930 | errs p=0 c=172 empty=113
[08:30:39] push=  122337/s pop=  123982/s | tot push=8324301750 pop=8324219750 | errs p=0 c=172 empty=113
[08:30:49] push=  119614/s pop=  119112/s | tot push=8325497890 pop=8325410870 | errs p=0 c=172 empty=113
[08:30:59] push=  118899/s pop=  117722/s | tot push=8326686880 pop=8326588090 | errs p=0 c=172 empty=113
[08:31:09] push=  124300/s pop=  124564/s | tot push=8327929880 pop=8327833730 | errs p=0 c=172 empty=113
[08:31:19] push=  122482/s pop=  123577/s | tot push=8329154700 pop=8329069500 | errs p=0 c=172 empty=113
[08:31:29] push=  122650/s pop=  123962/s | tot push=8330381200 pop=8330309120 | errs p=0 c=172 empty=113
[08:31:39] push=  121104/s pop=  119965/s | tot push=8331592240 pop=8331508770 | errs p=0 c=172 empty=113
[08:31:49] push=  120226/s pop=  119116/s | tot push=8332794500 pop=8332699930 | errs p=0 c=172 empty=113
[08:31:59] push=  121402/s pop=  122792/s | tot push=8334008520 pop=8333927850 | errs p=0 c=172 empty=113
[08:32:09] push=  123443/s pop=  121565/s | tot push=8335242950 pop=8335143500 | errs p=0 c=172 empty=113
[08:32:19] push=  119204/s pop=  119834/s | tot push=8336434990 pop=8336341840 | errs p=0 c=172 empty=113
[08:32:29] push=  117415/s pop=  113671/s | tot push=8337609140 pop=8337478550 | errs p=0 c=172 empty=113
[08:32:39] push=  119851/s pop=  120834/s | tot push=8338807650 pop=8338686890 | errs p=0 c=172 empty=113
[08:32:49] push=  122173/s pop=  125462/s | tot push=8340029380 pop=8339941510 | errs p=0 c=172 empty=113
[08:32:59] push=  121029/s pop=  121802/s | tot push=8341239670 pop=8341159530 | errs p=0 c=172 empty=113
[08:33:09] push=  117507/s pop=  115850/s | tot push=8342414740 pop=8342318030 | errs p=0 c=172 empty=113
[08:33:19] push=  119046/s pop=  119890/s | tot push=8343605200 pop=8343516930 | errs p=0 c=172 empty=113
[08:33:29] push=  117974/s pop=  118328/s | tot push=8344784940 pop=8344700210 | errs p=0 c=172 empty=113
[08:33:39] push=  115672/s pop=  113456/s | tot push=8345941660 pop=8345834770 | errs p=0 c=172 empty=113
[08:33:49] push=  119793/s pop=  122468/s | tot push=8347139590 pop=8347059450 | errs p=0 c=172 empty=113
[08:33:59] push=  115736/s pop=  114233/s | tot push=8348296950 pop=8348201780 | errs p=0 c=172 empty=113
[08:34:09] push=  109893/s pop=  111068/s | tot push=8349395880 pop=8349312460 | errs p=0 c=172 empty=113
[08:34:19] push=  117899/s pop=  114188/s | tot push=8350574870 pop=8350454340 | errs p=0 c=172 empty=113
[08:34:29] push=  111513/s pop=  114663/s | tot push=8351690000 pop=8351600970 | errs p=0 c=172 empty=113
[08:34:39] push=  112121/s pop=  111644/s | tot push=8352811210 pop=8352717410 | errs p=0 c=172 empty=113
[08:34:49] push=  120176/s pop=  120488/s | tot push=8354012970 pop=8353922290 | errs p=0 c=172 empty=113
[08:34:59] push=  108916/s pop=  106504/s | tot push=8355102130 pop=8354987330 | errs p=0 c=172 empty=113
[08:35:09] push=  114689/s pop=  116789/s | tot push=8356249020 pop=8356155220 | errs p=0 c=172 empty=113
[08:35:19] push=  115875/s pop=  117192/s | tot push=8357407770 pop=8357327140 | errs p=0 c=172 empty=113
[08:35:29] push=  115623/s pop=  115054/s | tot push=8358564000 pop=8358477680 | errs p=0 c=172 empty=113
[08:35:39] push=  115739/s pop=  115994/s | tot push=8359721390 pop=8359637620 | errs p=0 c=172 empty=113
[08:35:49] push=  119651/s pop=  118692/s | tot push=8360917900 pop=8360824540 | errs p=0 c=172 empty=113
[08:35:59] push=  119982/s pop=  120180/s | tot push=8362117720 pop=8362026340 | errs p=0 c=172 empty=113
[08:36:09] push=  126002/s pop=  125641/s | tot push=8363377740 pop=8363282750 | errs p=0 c=172 empty=113
[08:36:19] push=  120565/s pop=  121653/s | tot push=8364583390 pop=8364499280 | errs p=0 c=172 empty=113
[08:36:29] push=  116332/s pop=  115001/s | tot push=8365746710 pop=8365649290 | errs p=0 c=172 empty=113
[08:36:39] push=  119963/s pop=  116292/s | tot push=8366946340 pop=8366812210 | errs p=0 c=172 empty=113
[08:36:49] push=  118847/s pop=  123475/s | tot push=8368134810 pop=8368046960 | errs p=0 c=172 empty=113
[08:36:59] push=  119249/s pop=  118519/s | tot push=8369327300 pop=8369232150 | errs p=0 c=172 empty=113
[08:37:09] push=  118929/s pop=  119259/s | tot push=8370516590 pop=8370424740 | errs p=0 c=172 empty=113
[08:37:19] push=  120039/s pop=  120326/s | tot push=8371716980 pop=8371628000 | errs p=0 c=172 empty=113
[08:37:29] push=  121316/s pop=  120068/s | tot push=8372930140 pop=8372828680 | errs p=0 c=172 empty=113
[08:37:39] push=  122303/s pop=  122693/s | tot push=8374153170 pop=8374055610 | errs p=0 c=172 empty=113
[08:37:49] push=  116839/s pop=  114804/s | tot push=8375321560 pop=8375203650 | errs p=0 c=172 empty=113
[08:37:59] push=  116358/s pop=  118036/s | tot push=8376485140 pop=8376384010 | errs p=0 c=172 empty=113
[08:38:09] push=  120599/s pop=  121346/s | tot push=8377691130 pop=8377597470 | errs p=0 c=172 empty=113
[08:38:19] push=  118899/s pop=  119165/s | tot push=8378880120 pop=8378789120 | errs p=0 c=172 empty=113
[08:38:29] push=  122154/s pop=  121671/s | tot push=8380101660 pop=8380005830 | errs p=0 c=172 empty=113
[08:38:39] push=  115953/s pop=  114935/s | tot push=8381261190 pop=8381155180 | errs p=0 c=172 empty=113
[08:38:49] push=  121506/s pop=  117772/s | tot push=8382476250 pop=8382332900 | errs p=0 c=172 empty=113
[08:38:59] push=  120247/s pop=  125158/s | tot push=8383678720 pop=8383584480 | errs p=0 c=172 empty=113
[08:39:09] push=  122264/s pop=  123168/s | tot push=8384901360 pop=8384816160 | errs p=0 c=172 empty=113
[08:39:19] push=  120407/s pop=  119954/s | tot push=8386105430 pop=8386015700 | errs p=0 c=172 empty=113
[08:39:29] push=  127922/s pop=  126072/s | tot push=8387384650 pop=8387276420 | errs p=0 c=172 empty=113
[08:39:39] push=  122204/s pop=  123724/s | tot push=8388606690 pop=8388513660 | errs p=0 c=172 empty=113
[08:39:49] push=  124039/s pop=  123894/s | tot push=8389847080 pop=8389752600 | errs p=0 c=172 empty=113
[08:39:59] push=  123527/s pop=  123526/s | tot push=8391082350 pop=8390987860 | errs p=0 c=172 empty=113
[08:40:09] push=  125323/s pop=  125125/s | tot push=8392335580 pop=8392239110 | errs p=0 c=172 empty=113
[08:40:19] push=  120271/s pop=  121714/s | tot push=8393538290 pop=8393456250 | errs p=0 c=172 empty=113
[08:40:29] push=  119124/s pop=  116556/s | tot push=8394729530 pop=8394621810 | errs p=0 c=172 empty=113
[08:40:39] push=  110953/s pop=  111338/s | tot push=8395839060 pop=8395735190 | errs p=0 c=172 empty=113
[08:40:49] push=  116705/s pop=  117797/s | tot push=8397006110 pop=8396913160 | errs p=0 c=172 empty=113
[08:40:59] push=  113437/s pop=  113829/s | tot push=8398140480 pop=8398051450 | errs p=0 c=172 empty=113
[08:41:09] push=  116893/s pop=  115049/s | tot push=8399309410 pop=8399201940 | errs p=0 c=172 empty=113
[08:41:19] push=  115683/s pop=  116503/s | tot push=8400466240 pop=8400366970 | errs p=0 c=172 empty=113
[08:41:29] push=  121527/s pop=  120842/s | tot push=8401681510 pop=8401575390 | errs p=0 c=172 empty=113
[08:41:39] push=  111514/s pop=  113347/s | tot push=8402796650 pop=8402708860 | errs p=0 c=172 empty=113
[08:41:49] push=  118860/s pop=  117943/s | tot push=8403985250 pop=8403888290 | errs p=0 c=172 empty=113
[08:41:59] push=  114295/s pop=  112393/s | tot push=8405128200 pop=8405012220 | errs p=0 c=172 empty=113
[08:42:09] push=  117491/s pop=  118983/s | tot push=8406303110 pop=8406202050 | errs p=0 c=172 empty=113
[08:42:19] push=  120503/s pop=  121264/s | tot push=8407508140 pop=8407414690 | errs p=0 c=172 empty=113
[08:42:29] push=  121237/s pop=  121685/s | tot push=8408720510 pop=8408631540 | errs p=0 c=172 empty=113
[08:42:39] push=  113541/s pop=  113586/s | tot push=8409855920 pop=8409767400 | errs p=0 c=172 empty=113
[08:42:49] push=  116626/s pop=  116463/s | tot push=8411022180 pop=8410932030 | errs p=0 c=172 empty=113
[08:42:59] push=  120839/s pop=  119517/s | tot push=8412230570 pop=8412127200 | errs p=0 c=172 empty=113
[08:43:09] push=  116276/s pop=  112750/s | tot push=8413393330 pop=8413254700 | errs p=0 c=172 empty=113
[08:43:19] push=  119902/s pop=  123420/s | tot push=8414592350 pop=8414488900 | errs p=0 c=172 empty=113
[08:43:29] push=  119631/s pop=  118041/s | tot push=8415788660 pop=8415669310 | errs p=0 c=172 empty=113
[08:43:39] push=  121668/s pop=  124169/s | tot push=8417005340 pop=8416911000 | errs p=0 c=172 empty=113
[08:43:49] push=  121920/s pop=  122461/s | tot push=8418224540 pop=8418135610 | errs p=0 c=172 empty=113
[08:43:59] push=  119729/s pop=  119837/s | tot push=8419421830 pop=8419333980 | errs p=0 c=172 empty=113
[08:44:09] push=  121989/s pop=  120952/s | tot push=8420641720 pop=8420543500 | errs p=0 c=172 empty=113
[08:44:19] push=  121694/s pop=  122858/s | tot push=8421858660 pop=8421772080 | errs p=0 c=172 empty=113
[08:44:29] push=  123563/s pop=  122558/s | tot push=8423094290 pop=8422997660 | errs p=0 c=172 empty=113
[08:44:39] push=  120095/s pop=  120955/s | tot push=8424295240 pop=8424207210 | errs p=0 c=172 empty=113
[08:44:49] push=  119133/s pop=  115372/s | tot push=8425486570 pop=8425360930 | errs p=0 c=172 empty=113
[08:44:59] push=  119686/s pop=  122529/s | tot push=8426683430 pop=8426586220 | errs p=0 c=172 empty=113
[08:45:09] push=  121752/s pop=  118163/s | tot push=8427900950 pop=8427767850 | errs p=0 c=172 empty=113
[08:45:19] push=  114123/s pop=  113315/s | tot push=8429042180 pop=8428901000 | errs p=0 c=172 empty=113
[08:45:29] push=  121331/s pop=  125613/s | tot push=8430255490 pop=8430157130 | errs p=0 c=172 empty=113
[08:45:39] push=  124293/s pop=  124384/s | tot push=8431498420 pop=8431400970 | errs p=0 c=172 empty=113
[08:45:49] push=  126309/s pop=  125722/s | tot push=8432761510 pop=8432658190 | errs p=0 c=172 empty=113
[08:45:59] push=  122247/s pop=  123755/s | tot push=8433983980 pop=8433895740 | errs p=0 c=172 empty=113
[08:46:09] push=  122468/s pop=  121847/s | tot push=8435208660 pop=8435114210 | errs p=0 c=172 empty=113
[08:46:19] push=  121025/s pop=  120581/s | tot push=8436418910 pop=8436320020 | errs p=0 c=172 empty=113
[08:46:29] push=  127100/s pop=  127419/s | tot push=8437689910 pop=8437594210 | errs p=0 c=172 empty=113
[08:46:39] push=  118963/s pop=  119451/s | tot push=8438879540 pop=8438788720 | errs p=0 c=172 empty=113
[08:46:49] push=  120017/s pop=  119507/s | tot push=8440079710 pop=8439983790 | errs p=0 c=172 empty=113
[08:46:59] push=  114914/s pop=  115777/s | tot push=8441228850 pop=8441141560 | errs p=0 c=172 empty=113
[08:47:09] push=  118642/s pop=  117050/s | tot push=8442415270 pop=8442312060 | errs p=0 c=172 empty=113
[08:47:19] push=  114595/s pop=  110071/s | tot push=8443561220 pop=8443412770 | errs p=0 c=172 empty=113
[08:47:29] push=  111921/s pop=  106664/s | tot push=8444680430 pop=8444479410 | errs p=0 c=172 empty=113
[08:47:39] push=  116426/s pop=  125564/s | tot push=8445844690 pop=8445735050 | errs p=0 c=172 empty=113
[08:47:49] push=  117130/s pop=  118835/s | tot push=8447015990 pop=8446923400 | errs p=0 c=172 empty=113
[08:47:59] push=  119595/s pop=  116942/s | tot push=8448211940 pop=8448092820 | errs p=0 c=172 empty=113
[08:48:09] push=  112851/s pop=  114665/s | tot push=8449340450 pop=8449239470 | errs p=0 c=172 empty=113
[08:48:19] push=  117263/s pop=  117575/s | tot push=8450513080 pop=8450415220 | errs p=0 c=172 empty=113
[08:48:29] push=  116122/s pop=  117155/s | tot push=8451674300 pop=8451586770 | errs p=0 c=172 empty=113
[08:48:39] push=  120671/s pop=  121029/s | tot push=8452881010 pop=8452797060 | errs p=0 c=172 empty=113
[08:48:49] push=  119041/s pop=  118489/s | tot push=8454071420 pop=8453981950 | errs p=0 c=172 empty=113
[08:48:59] push=  119362/s pop=  117794/s | tot push=8455265040 pop=8455159890 | errs p=0 c=172 empty=113
[08:49:09] push=  120363/s pop=  120556/s | tot push=8456468670 pop=8456365450 | errs p=0 c=172 empty=113
[08:49:19] push=  121679/s pop=  123370/s | tot push=8457685460 pop=8457599150 | errs p=0 c=172 empty=113
[08:49:29] push=  115244/s pop=  107014/s | tot push=8458837900 pop=8458669290 | errs p=0 c=172 empty=113
[08:49:39] push=  118734/s pop=  127994/s | tot push=8460025240 pop=8459949230 | errs p=0 c=172 empty=113
[08:49:49] push=  118777/s pop=  117566/s | tot push=8461213010 pop=8461124890 | errs p=0 c=172 empty=113
[08:49:59] push=  125040/s pop=  125370/s | tot push=8462463410 pop=8462378590 | errs p=0 c=172 empty=113
[08:50:09] push=  122330/s pop=  121283/s | tot push=8463686710 pop=8463591420 | errs p=0 c=172 empty=113
[08:50:19] push=  122080/s pop=  122425/s | tot push=8464907510 pop=8464815670 | errs p=0 c=172 empty=113
[08:50:29] push=  118891/s pop=  118026/s | tot push=8466096420 pop=8465995930 | errs p=0 c=172 empty=113
[08:50:39] push=  124756/s pop=  126725/s | tot push=8467343980 pop=8467263180 | errs p=0 c=172 empty=113
[08:50:49] push=  117596/s pop=  117148/s | tot push=8468519940 pop=8468434660 | errs p=0 c=172 empty=113
[08:50:59] push=  122246/s pop=  120887/s | tot push=8469742400 pop=8469643530 | errs p=0 c=172 empty=113
[08:51:09] push=  120295/s pop=  121211/s | tot push=8470945350 pop=8470855640 | errs p=0 c=172 empty=113
[08:51:19] push=  122448/s pop=  122089/s | tot push=8472169830 pop=8472076530 | errs p=0 c=172 empty=113
[08:51:29] push=  119543/s pop=  121568/s | tot push=8473365260 pop=8473292210 | errs p=0 c=172 empty=113
[08:51:39] push=  121239/s pop=  119174/s | tot push=8474577650 pop=8474483950 | errs p=0 c=172 empty=113
[08:51:49] push=  120533/s pop=  119695/s | tot push=8475782980 pop=8475680900 | errs p=0 c=172 empty=113
[08:51:59] push=  125371/s pop=  125885/s | tot push=8477036690 pop=8476939750 | errs p=0 c=172 empty=113
[08:52:09] push=  120951/s pop=  121662/s | tot push=8478246200 pop=8478156370 | errs p=0 c=172 empty=113
[08:52:19] push=  120850/s pop=  119941/s | tot push=8479454700 pop=8479355780 | errs p=0 c=172 empty=113
[08:52:29] push=  121528/s pop=  123281/s | tot push=8480669980 pop=8480588590 | errs p=0 c=172 empty=113
[08:52:39] push=  123484/s pop=  122478/s | tot push=8481904820 pop=8481813370 | errs p=0 c=172 empty=113
[08:52:49] push=  121723/s pop=  121987/s | tot push=8483122050 pop=8483033240 | errs p=0 c=172 empty=113
[08:52:59] push=  124327/s pop=  124856/s | tot push=8484365320 pop=8484281800 | errs p=0 c=172 empty=113
[08:53:09] push=  118685/s pop=  119618/s | tot push=8485552170 pop=8485477980 | errs p=0 c=172 empty=113
[08:53:19] push=  123176/s pop=  120969/s | tot push=8486783930 pop=8486687670 | errs p=0 c=172 empty=113
[08:53:29] push=  116323/s pop=  117081/s | tot push=8487947160 pop=8487858480 | errs p=0 c=172 empty=113
[08:53:39] push=  115855/s pop=  114466/s | tot push=8489105710 pop=8489003140 | errs p=0 c=172 empty=113
[08:53:49] push=  112824/s pop=  112225/s | tot push=8490233950 pop=8490125390 | errs p=0 c=172 empty=113
[08:53:59] push=  116417/s pop=  116455/s | tot push=8491398120 pop=8491289940 | errs p=0 c=172 empty=113
[08:54:09] push=  111202/s pop=  110802/s | tot push=8492510140 pop=8492397960 | errs p=0 c=172 empty=113
[08:54:19] push=  117310/s pop=  120204/s | tot push=8493683240 pop=8493600000 | errs p=0 c=172 empty=113
[08:54:29] push=  115174/s pop=  114052/s | tot push=8494834980 pop=8494740520 | errs p=0 c=172 empty=113
[08:54:39] push=  119343/s pop=  118043/s | tot push=8496028410 pop=8495920950 | errs p=0 c=172 empty=113
[08:54:49] push=  116362/s pop=  116167/s | tot push=8497192030 pop=8497082620 | errs p=0 c=172 empty=113
[08:54:59] push=  118123/s pop=  119386/s | tot push=8498373260 pop=8498276480 | errs p=0 c=172 empty=113
[08:55:09] push=  117469/s pop=  118615/s | tot push=8499547950 pop=8499462630 | errs p=0 c=172 empty=113
[08:55:19] push=  123649/s pop=  123488/s | tot push=8500784440 pop=8500697510 | errs p=0 c=172 empty=113
[08:55:29] push=  117421/s pop=  116718/s | tot push=8501958650 pop=8501864690 | errs p=0 c=172 empty=113
[08:55:39] push=  121780/s pop=  122846/s | tot push=8503176450 pop=8503093150 | errs p=0 c=172 empty=113
[08:55:49] push=  118045/s pop=  117261/s | tot push=8504356900 pop=8504265760 | errs p=0 c=172 empty=113
[08:55:59] push=  121721/s pop=  120651/s | tot push=8505574110 pop=8505472270 | errs p=0 c=172 empty=113
[08:56:09] push=  123465/s pop=  124262/s | tot push=8506808760 pop=8506714890 | errs p=0 c=172 empty=113
[08:56:19] push=  122482/s pop=  122921/s | tot push=8508033580 pop=8507944100 | errs p=0 c=172 empty=113
[08:56:29] push=  121110/s pop=  120130/s | tot push=8509244680 pop=8509145400 | errs p=0 c=172 empty=113
[08:56:39] push=  125256/s pop=  126576/s | tot push=8510497240 pop=8510411160 | errs p=0 c=172 empty=113
[08:56:49] push=  118949/s pop=  118770/s | tot push=8511686730 pop=8511598860 | errs p=0 c=172 empty=113
[08:56:59] push=  120368/s pop=  120549/s | tot push=8512890410 pop=8512804350 | errs p=0 c=172 empty=113
[08:57:09] push=  118347/s pop=  118770/s | tot push=8514073880 pop=8513992050 | errs p=0 c=172 empty=113
[08:57:19] push=  120130/s pop=  118261/s | tot push=8515275180 pop=8515174660 | errs p=0 c=172 empty=113
[08:57:29] push=  119799/s pop=  121162/s | tot push=8516473170 pop=8516386280 | errs p=0 c=172 empty=113
[08:57:39] push=  121592/s pop=  121305/s | tot push=8517689090 pop=8517599330 | errs p=0 c=172 empty=113
[08:57:49] push=  113866/s pop=  113900/s | tot push=8518827750 pop=8518738330 | errs p=0 c=172 empty=113
[08:57:59] push=  119269/s pop=  113275/s | tot push=8520020440 pop=8519871080 | errs p=0 c=172 empty=113
[08:58:09] push=  117522/s pop=  121357/s | tot push=8521195660 pop=8521084650 | errs p=0 c=172 empty=113
[08:58:19] push=  118065/s pop=  121475/s | tot push=8522376310 pop=8522299400 | errs p=0 c=172 empty=113
[08:58:29] push=  120963/s pop=  118578/s | tot push=8523585940 pop=8523485180 | errs p=0 c=172 empty=113
[08:58:39] push=  121182/s pop=  120246/s | tot push=8524797760 pop=8524687640 | errs p=0 c=172 empty=113
[08:58:49] push=  119799/s pop=  121728/s | tot push=8525995750 pop=8525904920 | errs p=0 c=172 empty=113
[08:58:59] push=  120038/s pop=  119309/s | tot push=8527196130 pop=8527098010 | errs p=0 c=172 empty=113
[08:59:09] push=  116733/s pop=  117511/s | tot push=8528363460 pop=8528273120 | errs p=0 c=172 empty=113
[08:59:19] push=  117742/s pop=  118179/s | tot push=8529540880 pop=8529454910 | errs p=0 c=172 empty=113
[08:59:29] push=  125601/s pop=  125286/s | tot push=8530796890 pop=8530707770 | errs p=0 c=172 empty=113
[08:59:39] push=  118101/s pop=  116991/s | tot push=8531977900 pop=8531877680 | errs p=0 c=172 empty=113
[08:59:49] push=  113563/s pop=  112410/s | tot push=8533113530 pop=8533001780 | errs p=0 c=172 empty=113
[08:59:59] push=  116961/s pop=  119165/s | tot push=8534283140 pop=8534193430 | errs p=0 c=172 empty=113
[09:00:09] push=  117834/s pop=  116614/s | tot push=8535461480 pop=8535359570 | errs p=0 c=172 empty=113
[09:00:19] push=  116323/s pop=  117107/s | tot push=8536624710 pop=8536530640 | errs p=0 c=172 empty=113
[09:00:29] push=  119564/s pop=  119288/s | tot push=8537820350 pop=8537723520 | errs p=0 c=172 empty=113
[09:00:39] push=  112807/s pop=  112624/s | tot push=8538948420 pop=8538849760 | errs p=0 c=172 empty=113
[09:00:49] push=  120997/s pop=  121879/s | tot push=8540158390 pop=8540068550 | errs p=0 c=172 empty=113
[09:00:59] push=  112965/s pop=  109718/s | tot push=8541288040 pop=8541165730 | errs p=0 c=172 empty=113
[09:01:09] push=  118101/s pop=  121365/s | tot push=8542469050 pop=8542379380 | errs p=0 c=172 empty=113
[09:01:19] push=  114612/s pop=  112573/s | tot push=8543615170 pop=8543505110 | errs p=0 c=172 empty=113
[09:01:29] push=  120050/s pop=  121115/s | tot push=8544815670 pop=8544716260 | errs p=0 c=172 empty=113
[09:01:39] push=  117151/s pop=  117889/s | tot push=8545987180 pop=8545895150 | errs p=0 c=172 empty=113
[09:01:49] push=  123112/s pop=  122126/s | tot push=8547218300 pop=8547116410 | errs p=0 c=172 empty=113
[09:01:59] push=  115030/s pop=  116366/s | tot push=8548368600 pop=8548280070 | errs p=0 c=172 empty=113
[09:02:09] push=  123143/s pop=  123199/s | tot push=8549600030 pop=8549512060 | errs p=0 c=172 empty=113
[09:02:19] push=  118053/s pop=  107002/s | tot push=8550780560 pop=8550582080 | errs p=0 c=172 empty=113
[09:02:29] push=  118355/s pop=  128023/s | tot push=8551964110 pop=8551862310 | errs p=0 c=172 empty=113
[09:02:39] push=  119676/s pop=  120714/s | tot push=8553160870 pop=8553069450 | errs p=0 c=172 empty=113
[09:02:49] push=  122772/s pop=  121345/s | tot push=8554388590 pop=8554282900 | errs p=0 c=172 empty=113
[09:02:59] push=  123335/s pop=  123052/s | tot push=8555621940 pop=8555513420 | errs p=0 c=172 empty=113
[09:03:09] push=  126314/s pop=  127908/s | tot push=8556885080 pop=8556792500 | errs p=0 c=172 empty=113
[09:03:19] push=  120373/s pop=  119590/s | tot push=8558088810 pop=8557988400 | errs p=0 c=172 empty=113
[09:03:29] push=  123475/s pop=  123566/s | tot push=8559323560 pop=8559224060 | errs p=0 c=172 empty=113
[09:03:39] push=  121584/s pop=  122329/s | tot push=8560539400 pop=8560447350 | errs p=0 c=172 empty=113
[09:03:49] push=  120558/s pop=  120581/s | tot push=8561744980 pop=8561653160 | errs p=0 c=172 empty=113
[09:03:59] push=  119282/s pop=  119968/s | tot push=8562937800 pop=8562852840 | errs p=0 c=172 empty=113
[09:04:09] push=  121640/s pop=  120399/s | tot push=8564154200 pop=8564056830 | errs p=0 c=172 empty=113
[09:04:19] push=  122667/s pop=  122767/s | tot push=8565380870 pop=8565284500 | errs p=0 c=172 empty=113
[09:04:29] push=  119423/s pop=  114960/s | tot push=8566575100 pop=8566434100 | errs p=0 c=172 empty=113
[09:04:39] push=  114571/s pop=  119207/s | tot push=8567720810 pop=8567626170 | errs p=0 c=172 empty=113
[09:04:49] push=  117720/s pop=  116769/s | tot push=8568898010 pop=8568793860 | errs p=0 c=172 empty=113
[09:04:59] push=  119979/s pop=  120368/s | tot push=8570097800 pop=8569997540 | errs p=0 c=172 empty=113
[09:05:09] push=  118969/s pop=  120335/s | tot push=8571287490 pop=8571200890 | errs p=0 c=172 empty=113
[09:05:19] push=  116744/s pop=  113443/s | tot push=8572454930 pop=8572335320 | errs p=0 c=172 empty=113
[09:05:29] push=  120426/s pop=  122772/s | tot push=8573659190 pop=8573563040 | errs p=0 c=172 empty=113
[09:05:39] push=  122632/s pop=  123215/s | tot push=8574885510 pop=8574795190 | errs p=0 c=172 empty=113
[09:05:49] push=  121322/s pop=  121489/s | tot push=8576098730 pop=8576010080 | errs p=0 c=172 empty=113
[09:05:59] push=  121076/s pop=  120728/s | tot push=8577309490 pop=8577217360 | errs p=0 c=172 empty=113
[09:06:09] push=  115902/s pop=  114687/s | tot push=8578468510 pop=8578364230 | errs p=0 c=172 empty=113
[09:06:19] push=  104361/s pop=  105613/s | tot push=8579512120 pop=8579420360 | errs p=0 c=172 empty=113
[09:06:29] push=  111648/s pop=  109797/s | tot push=8580628600 pop=8580518330 | errs p=0 c=172 empty=113
[09:06:39] push=  104009/s pop=  101014/s | tot push=8581668690 pop=8581528470 | errs p=0 c=172 empty=113
[09:06:49] push=  115012/s pop=  119235/s | tot push=8582818810 pop=8582720820 | errs p=0 c=172 empty=113
[09:06:59] push=  113989/s pop=  114744/s | tot push=8583958700 pop=8583868260 | errs p=0 c=172 empty=113
[09:07:09] push=  117188/s pop=  117829/s | tot push=8585130580 pop=8585046550 | errs p=0 c=172 empty=113
[09:07:19] push=  114280/s pop=  113858/s | tot push=8586273380 pop=8586185130 | errs p=0 c=172 empty=113
[09:07:29] push=  114185/s pop=  112279/s | tot push=8587415230 pop=8587307920 | errs p=0 c=172 empty=113
[09:07:39] push=  114231/s pop=  116202/s | tot push=8588557540 pop=8588469940 | errs p=0 c=172 empty=113
[09:07:49] push=  119292/s pop=  119101/s | tot push=8589750460 pop=8589660950 | errs p=0 c=172 empty=113
[09:07:59] push=  116850/s pop=  117283/s | tot push=8590918960 pop=8590833780 | errs p=0 c=172 empty=113
[09:08:09] push=  125505/s pop=  124640/s | tot push=8592174010 pop=8592080180 | errs p=0 c=172 empty=113
[09:08:19] push=  118559/s pop=  118571/s | tot push=8593359600 pop=8593265890 | errs p=0 c=172 empty=113
[09:08:29] push=  125302/s pop=  123005/s | tot push=8594612620 pop=8594495940 | errs p=0 c=172 empty=113
[09:08:39] push=  118145/s pop=  119415/s | tot push=8595794070 pop=8595690090 | errs p=0 c=172 empty=113
[09:08:49] push=  121032/s pop=  123227/s | tot push=8597004390 pop=8596922360 | errs p=0 c=172 empty=113
[09:08:59] push=  121267/s pop=  116208/s | tot push=8598217060 pop=8598084440 | errs p=0 c=172 empty=113
[09:09:09] push=  124577/s pop=  128962/s | tot push=8599462830 pop=8599374060 | errs p=0 c=172 empty=113
[09:09:19] push=  120812/s pop=  119670/s | tot push=8600670950 pop=8600570760 | errs p=0 c=172 empty=113
[09:09:29] push=  121639/s pop=  122374/s | tot push=8601887340 pop=8601794500 | errs p=0 c=172 empty=113
[09:09:39] push=  120864/s pop=  120918/s | tot push=8603095980 pop=8603003680 | errs p=0 c=172 empty=113
[09:09:49] push=  121156/s pop=  118403/s | tot push=8604307540 pop=8604187710 | errs p=0 c=172 empty=113
[09:09:59] push=  119306/s pop=  123155/s | tot push=8605500600 pop=8605419260 | errs p=0 c=172 empty=113
[09:10:09] push=  124035/s pop=  122946/s | tot push=8606740950 pop=8606648720 | errs p=0 c=172 empty=113
[09:10:19] push=  121163/s pop=  120578/s | tot push=8607952580 pop=8607854500 | errs p=0 c=172 empty=113
[09:10:29] push=  123689/s pop=  122358/s | tot push=8609189470 pop=8609078080 | errs p=0 c=172 empty=113
[09:10:39] push=  121516/s pop=  120884/s | tot push=8610404630 pop=8610286920 | errs p=0 c=172 empty=113
[09:10:49] push=  116970/s pop=  109110/s | tot push=8611574330 pop=8611378020 | errs p=0 c=172 empty=113
[09:10:59] push=  114900/s pop=  117910/s | tot push=8612723330 pop=8612557120 | errs p=0 c=172 empty=113
[09:11:09] push=  119027/s pop=  125572/s | tot push=8613913600 pop=8613812840 | errs p=0 c=172 empty=113
[09:11:19] push=  118021/s pop=  119774/s | tot push=8615093810 pop=8615010580 | errs p=0 c=172 empty=113
[09:11:29] push=  120780/s pop=  118579/s | tot push=8616301610 pop=8616196370 | errs p=0 c=172 empty=113
[09:11:39] push=  119754/s pop=  121292/s | tot push=8617499150 pop=8617409290 | errs p=0 c=172 empty=113
[09:11:49] push=  122303/s pop=  122372/s | tot push=8618722180 pop=8618633010 | errs p=0 c=172 empty=113
[09:11:59] push=  125092/s pop=  125396/s | tot push=8619973100 pop=8619886970 | errs p=0 c=172 empty=113
[09:12:09] push=  122569/s pop=  117954/s | tot push=8621198790 pop=8621066510 | errs p=0 c=172 empty=113
[09:12:19] push=  118397/s pop=  121915/s | tot push=8622382760 pop=8622285660 | errs p=0 c=172 empty=113
[09:12:29] push=  122359/s pop=  122744/s | tot push=8623606350 pop=8623513100 | errs p=0 c=172 empty=113
[09:12:39] push=  113304/s pop=  114356/s | tot push=8624739390 pop=8624656660 | errs p=0 c=172 empty=113
[09:12:49] push=  115918/s pop=  115299/s | tot push=8625898570 pop=8625809650 | errs p=0 c=172 empty=113
[09:12:59] push=  112814/s pop=  112186/s | tot push=8627026710 pop=8626931510 | errs p=0 c=172 empty=113
[09:13:09] push=  113854/s pop=  113132/s | tot push=8628165250 pop=8628062830 | errs p=0 c=172 empty=113
[09:13:19] push=  118253/s pop=  119410/s | tot push=8629347780 pop=8629256930 | errs p=0 c=172 empty=113
[09:13:29] push=  115574/s pop=  112615/s | tot push=8630503520 pop=8630383080 | errs p=0 c=172 empty=113
[09:13:39] push=  118216/s pop=  118784/s | tot push=8631685680 pop=8631570920 | errs p=0 c=172 empty=113
[09:13:49] push=  116581/s pop=  118724/s | tot push=8632851490 pop=8632758160 | errs p=0 c=172 empty=113
[09:13:59] push=  116221/s pop=  115769/s | tot push=8634013700 pop=8633915850 | errs p=0 c=172 empty=113
[09:14:09] push=  113500/s pop=  114908/s | tot push=8635148700 pop=8635064930 | errs p=0 c=172 empty=113
[09:14:19] push=  118851/s pop=  118047/s | tot push=8636337210 pop=8636245400 | errs p=0 c=172 empty=113
[09:14:29] push=  114913/s pop=  112435/s | tot push=8637486340 pop=8637369750 | errs p=0 c=172 empty=113
[09:14:39] push=  119380/s pop=  121948/s | tot push=8638680140 pop=8638589230 | errs p=0 c=172 empty=113
[09:14:49] push=  116085/s pop=  116157/s | tot push=8639840990 pop=8639750800 | errs p=0 c=172 empty=113
[09:14:59] push=  116763/s pop=  116635/s | tot push=8641008620 pop=8640917150 | errs p=0 c=172 empty=113
[09:15:09] push=  114576/s pop=  113802/s | tot push=8642154380 pop=8642055170 | errs p=0 c=172 empty=113
[09:15:19] push=  118521/s pop=  118194/s | tot push=8643339590 pop=8643237110 | errs p=0 c=172 empty=113
[09:15:29] push=  116131/s pop=  116553/s | tot push=8644500900 pop=8644402640 | errs p=0 c=172 empty=113
[09:15:39] push=  118324/s pop=  120113/s | tot push=8645684140 pop=8645603770 | errs p=0 c=172 empty=113
[09:15:49] push=  119409/s pop=  118567/s | tot push=8646878230 pop=8646789440 | errs p=0 c=172 empty=113
[09:15:59] push=  120314/s pop=  120620/s | tot push=8648081370 pop=8647995640 | errs p=0 c=172 empty=113
[09:16:09] push=  120286/s pop=  119692/s | tot push=8649284230 pop=8649192560 | errs p=0 c=172 empty=113
[09:16:19] push=  122609/s pop=  113420/s | tot push=8650510320 pop=8650326760 | errs p=0 c=172 empty=113
[09:16:29] push=  113737/s pop=  121414/s | tot push=8651647690 pop=8651540900 | errs p=0 c=172 empty=113
[09:16:39] push=  120657/s pop=  122534/s | tot push=8652854260 pop=8652766240 | errs p=0 c=172 empty=113
[09:16:49] push=  117028/s pop=  114973/s | tot push=8654024540 pop=8653915970 | errs p=0 c=172 empty=113
[09:16:59] push=  121445/s pop=  123761/s | tot push=8655238990 pop=8655153580 | errs p=0 c=172 empty=113
[09:17:09] push=  118888/s pop=  118313/s | tot push=8656427870 pop=8656336710 | errs p=0 c=172 empty=113
[09:17:19] push=  117785/s pop=  117683/s | tot push=8657605720 pop=8657513540 | errs p=0 c=172 empty=113
[09:17:29] push=  123854/s pop=  124417/s | tot push=8658844260 pop=8658757710 | errs p=0 c=172 empty=113
[09:17:39] push=  122121/s pop=  122049/s | tot push=8660065470 pop=8659978200 | errs p=0 c=172 empty=113
[09:17:49] push=  120006/s pop=  119711/s | tot push=8661265530 pop=8661175310 | errs p=0 c=172 empty=113
[09:17:59] push=  124331/s pop=  124013/s | tot push=8662508840 pop=8662415440 | errs p=0 c=172 empty=113
[09:18:09] push=  118241/s pop=  119209/s | tot push=8663691250 pop=8663607530 | errs p=0 c=172 empty=113
[09:18:19] push=  118256/s pop=  117843/s | tot push=8664873810 pop=8664785960 | errs p=0 c=172 empty=113
[09:18:29] push=  119981/s pop=  119510/s | tot push=8666073620 pop=8665981060 | errs p=0 c=172 empty=113
[09:18:39] push=  123439/s pop=  122833/s | tot push=8667308010 pop=8667209390 | errs p=0 c=172 empty=113
[09:18:49] push=  122486/s pop=  123422/s | tot push=8668532870 pop=8668443610 | errs p=0 c=172 empty=113
[09:18:59] push=  125967/s pop=  122221/s | tot push=8669792540 pop=8669665820 | errs p=0 c=172 empty=113
[09:19:09] push=  111079/s pop=  114564/s | tot push=8670903330 pop=8670811460 | errs p=0 c=172 empty=113
[09:19:19] push=  112699/s pop=  112687/s | tot push=8672030320 pop=8671938330 | errs p=0 c=172 empty=113
[09:19:29] push=  113824/s pop=  112538/s | tot push=8673168560 pop=8673063710 | errs p=0 c=172 empty=113
[09:19:39] push=  110690/s pop=  107448/s | tot push=8674275460 pop=8674138190 | errs p=0 c=172 empty=113
[09:19:49] push=  110226/s pop=  114564/s | tot push=8675377720 pop=8675283830 | errs p=0 c=172 empty=113
[09:19:59] push=  110384/s pop=  110313/s | tot push=8676481560 pop=8676386960 | errs p=0 c=172 empty=113
[09:20:09] push=  119081/s pop=  118662/s | tot push=8677672370 pop=8677573580 | errs p=0 c=172 empty=113
[09:20:19] push=  116390/s pop=  117103/s | tot push=8678836270 pop=8678744610 | errs p=0 c=172 empty=113
[09:20:29] push=  116253/s pop=  114060/s | tot push=8679998800 pop=8679885210 | errs p=0 c=172 empty=113
[09:20:39] push=  113796/s pop=  115624/s | tot push=8681136760 pop=8681041450 | errs p=0 c=172 empty=113
[09:20:49] push=  116165/s pop=  114458/s | tot push=8682298410 pop=8682186030 | errs p=0 c=172 empty=113
[09:20:59] push=  116093/s pop=  118538/s | tot push=8683459340 pop=8683371410 | errs p=0 c=172 empty=113
[09:21:09] push=  121026/s pop=  120136/s | tot push=8684669600 pop=8684572770 | errs p=0 c=172 empty=113
[09:21:19] push=  118278/s pop=  119382/s | tot push=8685852380 pop=8685766590 | errs p=0 c=172 empty=113
[09:21:29] push=  118572/s pop=  116351/s | tot push=8687038100 pop=8686930100 | errs p=0 c=172 empty=113
[09:21:39] push=  119935/s pop=  121479/s | tot push=8688237450 pop=8688144890 | errs p=0 c=172 empty=113
[09:21:49] push=  121879/s pop=  119990/s | tot push=8689456240 pop=8689344790 | errs p=0 c=172 empty=113
[09:21:59] push=  119241/s pop=  122107/s | tot push=8690648650 pop=8690565860 | errs p=0 c=172 empty=113
[09:22:09] push=  123610/s pop=  122504/s | tot push=8691884750 pop=8691790900 | errs p=0 c=172 empty=113
[09:22:19] push=  120786/s pop=  120990/s | tot push=8693092610 pop=8693000800 | errs p=0 c=172 empty=113
[09:22:29] push=  120568/s pop=  121987/s | tot push=8694298290 pop=8694220670 | errs p=0 c=172 empty=113
[09:22:39] push=  122695/s pop=  121102/s | tot push=8695525240 pop=8695431690 | errs p=0 c=172 empty=113
[09:22:49] push=  123516/s pop=  122612/s | tot push=8696760400 pop=8696657810 | errs p=0 c=172 empty=113
[09:22:59] push=  121834/s pop=  123499/s | tot push=8697978740 pop=8697892800 | errs p=0 c=172 empty=113
[09:23:09] push=  124471/s pop=  123674/s | tot push=8699223450 pop=8699129540 | errs p=0 c=172 empty=113
[09:23:19] push=  119192/s pop=  119831/s | tot push=8700415370 pop=8700327850 | errs p=0 c=172 empty=113
[09:23:29] push=  122501/s pop=  121598/s | tot push=8701640380 pop=8701543830 | errs p=0 c=172 empty=113
[09:23:39] push=  122812/s pop=  123529/s | tot push=8702868500 pop=8702779120 | errs p=0 c=172 empty=113
[09:23:49] push=  123836/s pop=  123270/s | tot push=8704106860 pop=8704011820 | errs p=0 c=172 empty=113
[09:23:59] push=  120922/s pop=  121550/s | tot push=8705316080 pop=8705227320 | errs p=0 c=172 empty=113
[09:24:09] push=  123249/s pop=  124131/s | tot push=8706548570 pop=8706468630 | errs p=0 c=172 empty=113
[09:24:19] push=  121804/s pop=  120524/s | tot push=8707766610 pop=8707673870 | errs p=0 c=172 empty=113
[09:24:29] push=  127985/s pop=  128534/s | tot push=8709046460 pop=8708959210 | errs p=0 c=172 empty=113
[09:24:39] push=  120349/s pop=  120426/s | tot push=8710249950 pop=8710163470 | errs p=0 c=172 empty=113
[09:24:49] push=  121045/s pop=  119647/s | tot push=8711460400 pop=8711359940 | errs p=0 c=172 empty=113
[09:24:59] push=  124682/s pop=  125459/s | tot push=8712707220 pop=8712614530 | errs p=0 c=172 empty=113
[09:25:09] push=  122820/s pop=  123133/s | tot push=8713935420 pop=8713845860 | errs p=0 c=172 empty=113
[09:25:19] push=  120296/s pop=  120292/s | tot push=8715138380 pop=8715048780 | errs p=0 c=172 empty=113
[09:25:29] push=  115213/s pop=  116124/s | tot push=8716290510 pop=8716210020 | errs p=0 c=172 empty=113
[09:25:39] push=  112742/s pop=  110999/s | tot push=8717417930 pop=8717320010 | errs p=0 c=172 empty=113
[09:25:49] push=  115401/s pop=  115187/s | tot push=8718571940 pop=8718471880 | errs p=0 c=172 empty=113
[09:25:59] push=  117717/s pop=  119460/s | tot push=8719749110 pop=8719666480 | errs p=0 c=172 empty=113
[09:26:09] push=  115390/s pop=  113630/s | tot push=8720903010 pop=8720802780 | errs p=0 c=172 empty=113
[09:26:19] push=  118566/s pop=  120623/s | tot push=8722088670 pop=8722009010 | errs p=0 c=172 empty=113
[09:26:29] push=  118338/s pop=  115877/s | tot push=8723272050 pop=8723167780 | errs p=0 c=172 empty=113
[09:26:39] push=  115600/s pop=  116483/s | tot push=8724428050 pop=8724332610 | errs p=0 c=172 empty=113
[09:26:49] push=  119663/s pop=  119289/s | tot push=8725624680 pop=8725525500 | errs p=0 c=172 empty=113
[09:26:59] push=  114709/s pop=  113563/s | tot push=8726771770 pop=8726661130 | errs p=0 c=172 empty=113
[09:27:09] push=  119079/s pop=  120614/s | tot push=8727962560 pop=8727867270 | errs p=0 c=172 empty=113
[09:27:19] push=  118792/s pop=  119949/s | tot push=8729150480 pop=8729066760 | errs p=0 c=172 empty=113
[09:27:29] push=  120259/s pop=  117692/s | tot push=8730353070 pop=8730243680 | errs p=0 c=172 empty=113
[09:27:39] push=  117729/s pop=  118565/s | tot push=8731530360 pop=8731429330 | errs p=0 c=172 empty=113
[09:27:49] push=  118571/s pop=  118919/s | tot push=8732716070 pop=8732618520 | errs p=0 c=172 empty=113
[09:27:59] push=  118517/s pop=  119731/s | tot push=8733901240 pop=8733815830 | errs p=0 c=172 empty=113
[09:28:09] push=  121800/s pop=  119976/s | tot push=8735119240 pop=8735015590 | errs p=0 c=172 empty=113
[09:28:19] push=  121488/s pop=  122881/s | tot push=8736334120 pop=8736244400 | errs p=0 c=172 empty=113
[09:28:29] push=  122254/s pop=  120272/s | tot push=8737556660 pop=8737447120 | errs p=0 c=172 empty=113
[09:28:39] push=  120642/s pop=  122741/s | tot push=8738763080 pop=8738674530 | errs p=0 c=172 empty=113
[09:28:49] push=  120006/s pop=  119149/s | tot push=8739963140 pop=8739866020 | errs p=0 c=172 empty=113
[09:28:59] push=  120435/s pop=  120207/s | tot push=8741167490 pop=8741068090 | errs p=0 c=172 empty=113
[09:29:09] push=  120964/s pop=  121748/s | tot push=8742377130 pop=8742285570 | errs p=0 c=172 empty=113
[09:29:19] push=  121006/s pop=  120814/s | tot push=8743587190 pop=8743493710 | errs p=0 c=172 empty=113
[09:29:29] push=  120553/s pop=  121463/s | tot push=8744792720 pop=8744708340 | errs p=0 c=172 empty=113
[09:29:39] push=  121403/s pop=  120314/s | tot push=8746006750 pop=8745911480 | errs p=0 c=172 empty=113
[09:29:49] push=  127696/s pop=  129194/s | tot push=8747283710 pop=8747203420 | errs p=0 c=172 empty=113
[09:29:59] push=  116426/s pop=  109496/s | tot push=8748447970 pop=8748298380 | errs p=0 c=172 empty=113
[09:30:09] push=  119256/s pop=  124716/s | tot push=8749640530 pop=8749545540 | errs p=0 c=172 empty=113
[09:30:19] push=  120886/s pop=  120811/s | tot push=8750849390 pop=8750753650 | errs p=0 c=172 empty=113
[09:30:29] push=  122036/s pop=  120276/s | tot push=8752069750 pop=8751956410 | errs p=0 c=172 empty=113
[09:30:39] push=  122781/s pop=  125080/s | tot push=8753297560 pop=8753207210 | errs p=0 c=172 empty=113
[09:30:49] push=  122207/s pop=  122069/s | tot push=8754519630 pop=8754427900 | errs p=0 c=172 empty=113
[09:30:59] push=  121961/s pop=  121391/s | tot push=8755739240 pop=8755641810 | errs p=0 c=172 empty=113
[09:31:09] push=  126060/s pop=  127338/s | tot push=8756999840 pop=8756915190 | errs p=0 c=172 empty=113
[09:31:19] push=  119036/s pop=  117285/s | tot push=8758190200 pop=8758088040 | errs p=0 c=172 empty=113
[09:31:29] push=  118411/s pop=  118418/s | tot push=8759374310 pop=8759272220 | errs p=0 c=172 empty=113
[09:31:39] push=  118310/s pop=  119093/s | tot push=8760557410 pop=8760463150 | errs p=0 c=172 empty=113
[09:31:49] push=  117820/s pop=  117900/s | tot push=8761735610 pop=8761642150 | errs p=0 c=172 empty=113
[09:31:59] push=  111464/s pop=  109765/s | tot push=8762850250 pop=8762739800 | errs p=0 c=172 empty=113
[09:32:09] push=  112007/s pop=  111034/s | tot push=8763970320 pop=8763850140 | errs p=0 c=172 empty=114
[09:32:19] push=  117758/s pop=  120892/s | tot push=8765147900 pop=8765059060 | errs p=0 c=172 empty=114
[09:32:29] push=  115516/s pop=  115801/s | tot push=8766303060 pop=8766217070 | errs p=0 c=172 empty=114
[09:32:39] push=  114812/s pop=  113291/s | tot push=8767451180 pop=8767349980 | errs p=0 c=172 empty=114
[09:32:49] push=  114232/s pop=  114607/s | tot push=8768593500 pop=8768496050 | errs p=0 c=172 empty=114
[09:32:59] push=  115831/s pop=  113782/s | tot push=8769751810 pop=8769633870 | errs p=0 c=172 empty=114
[09:33:09] push=  114627/s pop=  116886/s | tot push=8770898080 pop=8770802730 | errs p=0 c=172 empty=114
[09:33:19] push=  118599/s pop=  118781/s | tot push=8772084070 pop=8771990540 | errs p=0 c=172 empty=114
[09:33:29] push=  115780/s pop=  117190/s | tot push=8773241870 pop=8773162440 | errs p=0 c=172 empty=114
[09:33:39] push=  117632/s pop=  115434/s | tot push=8774418190 pop=8774316780 | errs p=0 c=172 empty=114
[09:33:49] push=  120375/s pop=  118387/s | tot push=8775621940 pop=8775500650 | errs p=0 c=172 empty=114
[09:33:59] push=  120799/s pop=  123937/s | tot push=8776829930 pop=8776740020 | errs p=0 c=172 empty=114
[09:34:09] push=  119470/s pop=  119696/s | tot push=8778024630 pop=8777936980 | errs p=0 c=172 empty=114
[09:34:19] push=  116425/s pop=  114871/s | tot push=8779188880 pop=8779085690 | errs p=0 c=172 empty=114
[09:34:29] push=  122598/s pop=  123055/s | tot push=8780414860 pop=8780316240 | errs p=0 c=172 empty=114
[09:34:39] push=  120409/s pop=  121635/s | tot push=8781618950 pop=8781532590 | errs p=0 c=172 empty=114
[09:34:49] push=  120850/s pop=  118520/s | tot push=8782827450 pop=8782717790 | errs p=0 c=172 empty=114
[09:34:59] push=  119718/s pop=  122072/s | tot push=8784024630 pop=8783938510 | errs p=0 c=172 empty=114
[09:35:09] push=  122660/s pop=  120414/s | tot push=8785251230 pop=8785142650 | errs p=0 c=172 empty=114
[09:35:19] push=  119932/s pop=  121866/s | tot push=8786450550 pop=8786361310 | errs p=0 c=172 empty=114
[09:35:29] push=  122412/s pop=  122857/s | tot push=8787674670 pop=8787589880 | errs p=0 c=172 empty=114
[09:35:39] push=  119028/s pop=  118314/s | tot push=8788864950 pop=8788773020 | errs p=0 c=172 empty=114
[09:35:49] push=  124869/s pop=  125181/s | tot push=8790113640 pop=8790024830 | errs p=0 c=172 empty=114
[09:35:59] push=  121998/s pop=  123277/s | tot push=8791333620 pop=8791257600 | errs p=0 c=172 empty=114
[09:36:09] push=  120500/s pop=  118797/s | tot push=8792538620 pop=8792445570 | errs p=0 c=172 empty=114
[09:36:19] push=  119833/s pop=  118307/s | tot push=8793736950 pop=8793628640 | errs p=0 c=172 empty=114
[09:36:29] push=  123037/s pop=  124177/s | tot push=8794967320 pop=8794870410 | errs p=0 c=172 empty=114
[09:36:39] push=  121745/s pop=  122302/s | tot push=8796184770 pop=8796093430 | errs p=0 c=172 empty=114
[09:36:49] push=  122668/s pop=  123168/s | tot push=8797411450 pop=8797325110 | errs p=0 c=172 empty=114
[09:36:59] push=  121660/s pop=  120390/s | tot push=8798628050 pop=8798529010 | errs p=0 c=172 empty=114
[09:37:09] push=  126144/s pop=  125729/s | tot push=8799889490 pop=8799786300 | errs p=0 c=172 empty=114
[09:37:19] push=  123424/s pop=  123473/s | tot push=8801123730 pop=8801021030 | errs p=0 c=172 empty=114
[09:37:29] push=  121776/s pop=  122952/s | tot push=8802341490 pop=8802250550 | errs p=0 c=172 empty=114
[09:37:39] push=  119960/s pop=  118389/s | tot push=8803541090 pop=8803434440 | errs p=0 c=172 empty=114
[09:37:49] push=  121477/s pop=  121448/s | tot push=8804755860 pop=8804648920 | errs p=0 c=172 empty=114
[09:37:59] push=  124064/s pop=  125067/s | tot push=8805996500 pop=8805899590 | errs p=0 c=172 empty=114
[09:38:09] push=  122618/s pop=  122080/s | tot push=8807222680 pop=8807120390 | errs p=0 c=172 empty=114
[09:38:19] push=  113704/s pop=  113705/s | tot push=8808359720 pop=8808257440 | errs p=0 c=172 empty=114
[09:38:29] push=  114814/s pop=  114932/s | tot push=8809507860 pop=8809406760 | errs p=0 c=172 empty=114
[09:38:39] push=  118656/s pop=  118157/s | tot push=8810694420 pop=8810588330 | errs p=0 c=172 empty=114
[09:38:49] push=  114338/s pop=  115815/s | tot push=8811837800 pop=8811746480 | errs p=0 c=172 empty=114
[09:38:59] push=  114893/s pop=  114029/s | tot push=8812986730 pop=8812886770 | errs p=0 c=172 empty=114
[09:39:09] push=  114604/s pop=  114223/s | tot push=8814132770 pop=8814029000 | errs p=0 c=172 empty=114
[09:39:19] push=  117936/s pop=  119775/s | tot push=8815312130 pop=8815226750 | errs p=0 c=172 empty=114
[09:39:29] push=  111989/s pop=  111686/s | tot push=8816432020 pop=8816343610 | errs p=0 c=172 empty=114
[09:39:39] push=  118805/s pop=  119680/s | tot push=8817620070 pop=8817540410 | errs p=0 c=172 empty=114
[09:39:49] push=  114814/s pop=  114141/s | tot push=8818768210 pop=8818681820 | errs p=0 c=172 empty=114
[09:39:59] push=  119318/s pop=  119864/s | tot push=8819961390 pop=8819880460 | errs p=0 c=172 empty=114
[09:40:09] push=  121380/s pop=  120880/s | tot push=8821175190 pop=8821089260 | errs p=0 c=172 empty=114
[09:40:19] push=  122155/s pop=  121177/s | tot push=8822396740 pop=8822301030 | errs p=0 c=172 empty=114
[09:40:29] push=  119276/s pop=  121258/s | tot push=8823589500 pop=8823513610 | errs p=0 c=172 empty=114
[09:40:39] push=  118308/s pop=  113455/s | tot push=8824772580 pop=8824648160 | errs p=0 c=172 empty=114
[09:40:49] push=  120143/s pop=  123491/s | tot push=8825974010 pop=8825883070 | errs p=0 c=172 empty=114
[09:40:59] push=  123282/s pop=  123677/s | tot push=8827206830 pop=8827119840 | errs p=0 c=172 empty=114
[09:41:09] push=  121586/s pop=  122876/s | tot push=8828422690 pop=8828348600 | errs p=0 c=172 empty=114
[09:41:19] push=  123220/s pop=  122115/s | tot push=8829654890 pop=8829569750 | errs p=0 c=172 empty=114
[09:41:29] push=  121389/s pop=  121412/s | tot push=8830868780 pop=8830783870 | errs p=0 c=172 empty=114
[09:41:39] push=  122966/s pop=  121637/s | tot push=8832098440 pop=8832000240 | errs p=0 c=172 empty=114
[09:41:49] push=  120040/s pop=  121006/s | tot push=8833298840 pop=8833210300 | errs p=0 c=172 empty=114
[09:41:59] push=  124489/s pop=  124327/s | tot push=8834543730 pop=8834453570 | errs p=0 c=172 empty=114
[09:42:09] push=  122185/s pop=  122801/s | tot push=8835765580 pop=8835681580 | errs p=0 c=172 empty=114
[09:42:19] push=  123680/s pop=  123310/s | tot push=8837002380 pop=8836914680 | errs p=0 c=172 empty=114
[09:42:29] push=  119653/s pop=  119000/s | tot push=8838198910 pop=8838104680 | errs p=0 c=172 empty=114
[09:42:39] push=  121047/s pop=  119760/s | tot push=8839409380 pop=8839302280 | errs p=0 c=172 empty=114
[09:42:49] push=  123321/s pop=  124476/s | tot push=8840642590 pop=8840547040 | errs p=0 c=172 empty=114
[09:42:59] push=  124410/s pop=  125788/s | tot push=8841886690 pop=8841804920 | errs p=0 c=172 empty=114
[09:43:09] push=  116939/s pop=  116879/s | tot push=8843056080 pop=8842973710 | errs p=0 c=172 empty=114
[09:43:19] push=  121550/s pop=  120756/s | tot push=8844271580 pop=8844181270 | errs p=0 c=172 empty=114
[09:43:29] push=  120391/s pop=  120420/s | tot push=8845475490 pop=8845385470 | errs p=0 c=172 empty=114
[09:43:39] push=  123848/s pop=  123172/s | tot push=8846713970 pop=8846617190 | errs p=0 c=172 empty=114
[09:43:49] push=  121756/s pop=  121907/s | tot push=8847931530 pop=8847836260 | errs p=0 c=172 empty=114
[09:43:59] push=  123568/s pop=  124742/s | tot push=8849167210 pop=8849083680 | errs p=0 c=172 empty=114
[09:44:09] push=  121616/s pop=  120726/s | tot push=8850383370 pop=8850290940 | errs p=0 c=172 empty=114
[09:44:19] push=  124672/s pop=  122314/s | tot push=8851630090 pop=8851514080 | errs p=0 c=172 empty=114
[09:44:29] push=  124765/s pop=  126222/s | tot push=8852877740 pop=8852776300 | errs p=0 c=172 empty=114
[09:44:39] push=  114799/s pop=  113912/s | tot push=8854025730 pop=8853915420 | errs p=0 c=172 empty=114
[09:44:49] push=  114547/s pop=  116208/s | tot push=8855171200 pop=8855077500 | errs p=0 c=172 empty=114
[09:44:59] push=  112142/s pop=  112417/s | tot push=8856292620 pop=8856201670 | errs p=0 c=172 empty=114
[09:45:09] push=  121220/s pop=  120300/s | tot push=8857504820 pop=8857404670 | errs p=0 c=172 empty=114
[09:45:19] push=  115453/s pop=  115884/s | tot push=8858659350 pop=8858563510 | errs p=0 c=172 empty=114
[09:45:29] push=  114631/s pop=  113799/s | tot push=8859805660 pop=8859701500 | errs p=0 c=172 empty=114
[09:45:39] push=  116352/s pop=  117918/s | tot push=8860969180 pop=8860880680 | errs p=0 c=172 empty=114
[09:45:49] push=  119405/s pop=  119310/s | tot push=8862163230 pop=8862073780 | errs p=0 c=172 empty=114
[09:45:59] push=  116443/s pop=  116118/s | tot push=8863327660 pop=8863234960 | errs p=0 c=172 empty=114
[09:46:09] push=  115972/s pop=  115224/s | tot push=8864487380 pop=8864387200 | errs p=0 c=172 empty=114
[09:46:19] push=  119007/s pop=  120325/s | tot push=8865677450 pop=8865590450 | errs p=0 c=172 empty=114
[09:46:29] push=  120905/s pop=  121670/s | tot push=8866886500 pop=8866807150 | errs p=0 c=172 empty=114
[09:46:39] push=  118908/s pop=  117548/s | tot push=8868075580 pop=8867982630 | errs p=0 c=172 empty=114
[09:46:49] push=  116084/s pop=  116178/s | tot push=8869236420 pop=8869144410 | errs p=0 c=172 empty=114
[09:46:59] push=  119536/s pop=  120863/s | tot push=8870431780 pop=8870353040 | errs p=0 c=172 empty=114
[09:47:09] push=  122448/s pop=  121882/s | tot push=8871656260 pop=8871571860 | errs p=0 c=172 empty=114
[09:47:19] push=  120820/s pop=  119409/s | tot push=8872864460 pop=8872765950 | errs p=0 c=172 empty=114
[09:47:29] push=  122201/s pop=  123604/s | tot push=8874086470 pop=8874001990 | errs p=0 c=172 empty=114
[09:47:39] push=  120142/s pop=  119252/s | tot push=8875287890 pop=8875194510 | errs p=0 c=172 empty=114
[09:47:49] push=  120777/s pop=  121336/s | tot push=8876495660 pop=8876407870 | errs p=0 c=172 empty=114
[09:47:59] push=  118989/s pop=  117256/s | tot push=8877685550 pop=8877580430 | errs p=0 c=172 empty=114
[09:48:09] push=  122742/s pop=  123792/s | tot push=8878912970 pop=8878818350 | errs p=0 c=172 empty=114
[09:48:19] push=  122258/s pop=  122446/s | tot push=8880135550 pop=8880042810 | errs p=0 c=172 empty=114
[09:48:29] push=  123361/s pop=  123193/s | tot push=8881369160 pop=8881274740 | errs p=0 c=172 empty=114
[09:48:39] push=  117656/s pop=  118607/s | tot push=8882545720 pop=8882460810 | errs p=0 c=172 empty=114
[09:48:49] push=  115514/s pop=  114393/s | tot push=8883700860 pop=8883604740 | errs p=0 c=172 empty=114
[09:48:59] push=  118931/s pop=  118034/s | tot push=8884890170 pop=8884785080 | errs p=0 c=172 empty=114
[09:49:09] push=  120938/s pop=  121844/s | tot push=8886099550 pop=8886003520 | errs p=0 c=172 empty=114
[09:49:19] push=  120352/s pop=  121241/s | tot push=8887303070 pop=8887215930 | errs p=0 c=172 empty=114
[09:49:29] push=  122901/s pop=  123604/s | tot push=8888532080 pop=8888451970 | errs p=0 c=172 empty=114
[09:49:39] push=  121747/s pop=  121247/s | tot push=8889749550 pop=8889664440 | errs p=0 c=172 empty=114
[09:49:49] push=  124835/s pop=  124037/s | tot push=8890997900 pop=8890904810 | errs p=0 c=172 empty=114
[09:49:59] push=  124789/s pop=  125536/s | tot push=8892245790 pop=8892160170 | errs p=0 c=172 empty=114
[09:50:09] push=  121446/s pop=  120594/s | tot push=8893460250 pop=8893366110 | errs p=0 c=172 empty=114
[09:50:19] push=  119683/s pop=  119754/s | tot push=8894657080 pop=8894563650 | errs p=0 c=172 empty=114
[09:50:29] push=  124116/s pop=  123489/s | tot push=8895898240 pop=8895798540 | errs p=0 c=172 empty=114
[09:50:39] push=  123894/s pop=  124572/s | tot push=8897137180 pop=8897044260 | errs p=0 c=172 empty=114
[09:50:49] push=  127680/s pop=  127809/s | tot push=8898413980 pop=8898322350 | errs p=0 c=172 empty=114
[09:50:59] push=  114760/s pop=  112275/s | tot push=8899561580 pop=8899445100 | errs p=0 c=172 empty=114
[09:51:09] push=  117348/s pop=  120410/s | tot push=8900735060 pop=8900649200 | errs p=0 c=172 empty=114
[09:51:19] push=  118969/s pop=  118209/s | tot push=8901924750 pop=8901831290 | errs p=0 c=172 empty=114
[09:51:29] push=  114548/s pop=  113968/s | tot push=8903070230 pop=8902970970 | errs p=0 c=172 empty=114
[09:51:39] push=  112832/s pop=  112713/s | tot push=8904198550 pop=8904098100 | errs p=0 c=172 empty=114
[09:51:49] push=  115339/s pop=  115465/s | tot push=8905351940 pop=8905252750 | errs p=0 c=172 empty=114
[09:51:59] push=  115781/s pop=  115877/s | tot push=8906509750 pop=8906411520 | errs p=0 c=172 empty=114
[09:52:09] push=  120593/s pop=  120376/s | tot push=8907715680 pop=8907615280 | errs p=0 c=172 empty=114
[09:52:19] push=  118439/s pop=  119502/s | tot push=8908900070 pop=8908810300 | errs p=0 c=172 empty=114
[09:52:29] push=  114189/s pop=  113940/s | tot push=8910041960 pop=8909949700 | errs p=0 c=172 empty=114
[09:52:39] push=  117297/s pop=  116116/s | tot push=8911214930 pop=8911110860 | errs p=0 c=172 empty=114
[09:52:49] push=  116937/s pop=  119208/s | tot push=8912384300 pop=8912302940 | errs p=0 c=172 empty=114
[09:52:59] push=  116423/s pop=  113897/s | tot push=8913548530 pop=8913441910 | errs p=0 c=172 empty=114
[09:53:09] push=  115978/s pop=  117319/s | tot push=8914708310 pop=8914615100 | errs p=0 c=172 empty=114
[09:53:19] push=  121049/s pop=  122131/s | tot push=8915918800 pop=8915836410 | errs p=0 c=172 empty=114
[09:53:29] push=  120131/s pop=  120611/s | tot push=8917120110 pop=8917042520 | errs p=0 c=172 empty=114
[09:53:39] push=  124228/s pop=  122196/s | tot push=8918362390 pop=8918264480 | errs p=0 c=172 empty=114
[09:53:49] push=  123124/s pop=  122670/s | tot push=8919593630 pop=8919491180 | errs p=0 c=172 empty=114
[09:53:59] push=  123991/s pop=  124805/s | tot push=8920833540 pop=8920739230 | errs p=0 c=172 empty=114
[09:54:09] push=  120853/s pop=  119820/s | tot push=8922042070 pop=8921937430 | errs p=0 c=172 empty=114
[09:54:19] push=  121925/s pop=  123597/s | tot push=8923261320 pop=8923173400 | errs p=0 c=172 empty=114
[09:54:29] push=  120731/s pop=  118989/s | tot push=8924468630 pop=8924363290 | errs p=0 c=172 empty=114
[09:54:39] push=  123097/s pop=  125247/s | tot push=8925699600 pop=8925615760 | errs p=0 c=172 empty=114
[09:54:49] push=  121008/s pop=  120036/s | tot push=8926909680 pop=8926816120 | errs p=0 c=172 empty=114
[09:54:59] push=  121976/s pop=  121601/s | tot push=8928129440 pop=8928032130 | errs p=0 c=172 empty=114
[09:55:09] push=  120104/s pop=  117665/s | tot push=8929330480 pop=8929208780 | errs p=0 c=172 empty=114
[09:55:19] push=  123065/s pop=  126262/s | tot push=8930561130 pop=8930471400 | errs p=0 c=172 empty=114
[09:55:29] push=  119941/s pop=  121216/s | tot push=8931760540 pop=8931683560 | errs p=0 c=172 empty=114
[09:55:39] push=  122202/s pop=  121797/s | tot push=8932982560 pop=8932901530 | errs p=0 c=172 empty=114
[09:55:49] push=  121568/s pop=  119367/s | tot push=8934198240 pop=8934095200 | errs p=0 c=172 empty=114
[09:55:59] push=  125567/s pop=  126736/s | tot push=8935453910 pop=8935362560 | errs p=0 c=172 empty=114
[09:56:09] push=  125366/s pop=  124823/s | tot push=8936707570 pop=8936610790 | errs p=0 c=172 empty=114
[09:56:19] push=  123700/s pop=  124149/s | tot push=8937944570 pop=8937852280 | errs p=0 c=172 empty=114
[09:56:29] push=  120703/s pop=  121140/s | tot push=8939151600 pop=8939063680 | errs p=0 c=172 empty=114
[09:56:39] push=  122624/s pop=  122927/s | tot push=8940377840 pop=8940292950 | errs p=0 c=172 empty=114
[09:56:49] push=  119524/s pop=  119728/s | tot push=8941573080 pop=8941490230 | errs p=0 c=172 empty=114
[09:56:59] push=  123293/s pop=  121086/s | tot push=8942806010 pop=8942701090 | errs p=0 c=172 empty=114
[09:57:09] push=  123307/s pop=  124671/s | tot push=8944039080 pop=8943947800 | errs p=0 c=172 empty=114
[09:57:19] push=  116480/s pop=  115948/s | tot push=8945203880 pop=8945107280 | errs p=0 c=172 empty=114
[09:57:29] push=  115270/s pop=  116233/s | tot push=8946356580 pop=8946269610 | errs p=0 c=172 empty=114
[09:57:39] push=  113363/s pop=  113029/s | tot push=8947490210 pop=8947399900 | errs p=0 c=172 empty=114
[09:57:49] push=  117380/s pop=  117721/s | tot push=8948664010 pop=8948577110 | errs p=0 c=172 empty=114
[09:57:59] push=  114066/s pop=  112778/s | tot push=8949804670 pop=8949704890 | errs p=0 c=172 empty=114
[09:58:09] push=  115361/s pop=  114993/s | tot push=8950958280 pop=8950854820 | errs p=0 c=172 empty=114
[09:58:19] push=  116394/s pop=  118603/s | tot push=8952122220 pop=8952040850 | errs p=0 c=172 empty=114
[09:58:29] push=  113982/s pop=  112704/s | tot push=8953262040 pop=8953167890 | errs p=0 c=172 empty=114
[09:58:39] push=  118783/s pop=  119726/s | tot push=8954449870 pop=8954365150 | errs p=0 c=172 empty=114
[09:58:49] push=  116985/s pop=  116841/s | tot push=8955619720 pop=8955533560 | errs p=0 c=172 empty=114
[09:58:59] push=  116378/s pop=  115492/s | tot push=8956783500 pop=8956688480 | errs p=0 c=172 empty=114
[09:59:09] push=  117245/s pop=  116457/s | tot push=8957955950 pop=8957853050 | errs p=0 c=172 empty=114
[09:59:19] push=  121632/s pop=  122309/s | tot push=8959172270 pop=8959076140 | errs p=0 c=172 empty=114
[09:59:29] push=  114618/s pop=  112619/s | tot push=8960318450 pop=8960202330 | errs p=0 c=172 empty=114
[09:59:39] push=  121626/s pop=  124933/s | tot push=8961534710 pop=8961451660 | errs p=0 c=172 empty=114
[09:59:49] push=  125298/s pop=  123158/s | tot push=8962787690 pop=8962683240 | errs p=0 c=172 empty=114
[09:59:59] push=  123116/s pop=  123550/s | tot push=8964018850 pop=8963918740 | errs p=0 c=172 empty=114
[10:00:09] push=  122511/s pop=  122895/s | tot push=8965243960 pop=8965147690 | errs p=0 c=172 empty=114
[10:00:19] push=  124597/s pop=  125790/s | tot push=8966489930 pop=8966405590 | errs p=0 c=172 empty=114
[10:00:29] push=  125617/s pop=  124618/s | tot push=8967746100 pop=8967651770 | errs p=0 c=172 empty=114
[10:00:39] push=  120301/s pop=  120373/s | tot push=8968949110 pop=8968855500 | errs p=0 c=172 empty=114
[10:00:49] push=  125005/s pop=  124433/s | tot push=8970199160 pop=8970099830 | errs p=0 c=172 empty=114
[10:00:59] push=  125690/s pop=  125931/s | tot push=8971456060 pop=8971359140 | errs p=0 c=172 empty=114
[10:01:09] push=  121200/s pop=  121563/s | tot push=8972668060 pop=8972574770 | errs p=0 c=172 empty=114
[10:01:19] push=  120056/s pop=  119183/s | tot push=8973868620 pop=8973766600 | errs p=0 c=172 empty=114
[10:01:29] push=  120332/s pop=  121707/s | tot push=8975071940 pop=8974983670 | errs p=0 c=172 empty=114
[10:01:39] push=  117825/s pop=  116830/s | tot push=8976250190 pop=8976151970 | errs p=0 c=172 empty=114
[10:01:49] push=  115190/s pop=  115458/s | tot push=8977402090 pop=8977306550 | errs p=0 c=172 empty=114
[10:01:59] push=  121182/s pop=  122964/s | tot push=8978613910 pop=8978536190 | errs p=0 c=172 empty=114
[10:02:09] push=  122011/s pop=  121996/s | tot push=8979834020 pop=8979756150 | errs p=0 c=172 empty=114
[10:02:19] push=  121216/s pop=  120439/s | tot push=8981046180 pop=8980960540 | errs p=0 c=172 empty=114
[10:02:29] push=  124165/s pop=  123888/s | tot push=8982287830 pop=8982199420 | errs p=0 c=172 empty=114
[10:02:39] push=  123972/s pop=  122892/s | tot push=8983527550 pop=8983428340 | errs p=0 c=172 empty=114
[10:02:49] push=  120539/s pop=  119474/s | tot push=8984732940 pop=8984623080 | errs p=0 c=172 empty=114
[10:02:59] push=  118123/s pop=  119279/s | tot push=8985914170 pop=8985815870 | errs p=0 c=172 empty=114
[10:03:09] push=  124648/s pop=  124080/s | tot push=8987160650 pop=8987056670 | errs p=0 c=172 empty=114
[10:03:19] push=  121263/s pop=  122665/s | tot push=8988373280 pop=8988283320 | errs p=0 c=172 empty=114
[10:03:29] push=  120899/s pop=  119377/s | tot push=8989582270 pop=8989477090 | errs p=0 c=172 empty=114
[10:03:39] push=  116287/s pop=  109757/s | tot push=8990745140 pop=8990574660 | errs p=0 c=172 empty=114
[10:03:49] push=  112973/s pop=  108260/s | tot push=8991874870 pop=8991657260 | errs p=0 c=172 empty=114
[10:03:59] push=  113373/s pop=  113957/s | tot push=8993008600 pop=8992796830 | errs p=0 c=172 empty=114
[10:04:09] push=  115785/s pop=  128510/s | tot push=8994166450 pop=8994081930 | errs p=0 c=172 empty=114
[10:04:19] push=  116395/s pop=  114703/s | tot push=8995330400 pop=8995228960 | errs p=0 c=172 empty=114
[10:04:29] push=  113924/s pop=  115774/s | tot push=8996469640 pop=8996386700 | errs p=0 c=172 empty=114
[10:04:39] push=  115300/s pop=  114006/s | tot push=8997622640 pop=8997526760 | errs p=0 c=172 empty=114
[10:04:49] push=  119726/s pop=  120136/s | tot push=8998819900 pop=8998728120 | errs p=0 c=172 empty=114
[10:04:59] push=  115433/s pop=  115043/s | tot push=8999974230 pop=8999878550 | errs p=0 c=172 empty=114
[10:05:09] push=  118097/s pop=  118137/s | tot push=9001155200 pop=9001059920 | errs p=0 c=172 empty=114
[10:05:19] push=  118113/s pop=  119837/s | tot push=9002336330 pop=9002258290 | errs p=0 c=172 empty=114
[10:05:29] push=  121005/s pop=  119959/s | tot push=9003546380 pop=9003457880 | errs p=0 c=172 empty=114
[10:05:39] push=  119943/s pop=  119986/s | tot push=9004745810 pop=9004657740 | errs p=0 c=172 empty=114
[10:05:49] push=  120697/s pop=  115604/s | tot push=9005952780 pop=9005813780 | errs p=0 c=172 empty=114
[10:05:59] push=  122679/s pop=  126590/s | tot push=9007179570 pop=9007079680 | errs p=0 c=172 empty=114
[10:06:09] push=  121682/s pop=  121914/s | tot push=9008396390 pop=9008298820 | errs p=0 c=172 empty=114
[10:06:19] push=  122979/s pop=  122494/s | tot push=9009626180 pop=9009523760 | errs p=0 c=172 empty=114
[10:06:29] push=  125207/s pop=  126844/s | tot push=9010878250 pop=9010792200 | errs p=0 c=172 empty=114
[10:06:39] push=  124696/s pop=  124590/s | tot push=9012125210 pop=9012038100 | errs p=0 c=172 empty=114
[10:06:49] push=  121296/s pop=  120306/s | tot push=9013338170 pop=9013241160 | errs p=0 c=172 empty=114
[10:06:59] push=  123948/s pop=  124648/s | tot push=9014577650 pop=9014487640 | errs p=0 c=172 empty=114
[10:07:09] push=  124025/s pop=  120928/s | tot push=9015817900 pop=9015696920 | errs p=0 c=172 empty=114
[10:07:19] push=  123218/s pop=  124834/s | tot push=9017050080 pop=9016945260 | errs p=0 c=172 empty=114
[10:07:29] push=  122795/s pop=  122461/s | tot push=9018278030 pop=9018169870 | errs p=0 c=172 empty=114
[10:07:39] push=  123799/s pop=  123698/s | tot push=9019516020 pop=9019406850 | errs p=0 c=172 empty=114
[10:07:49] push=  119770/s pop=  122174/s | tot push=9020713720 pop=9020628590 | errs p=0 c=172 empty=114
[10:07:59] push=  118395/s pop=  118282/s | tot push=9021897670 pop=9021811410 | errs p=0 c=172 empty=114
[10:08:09] push=  127070/s pop=  123893/s | tot push=9023168370 pop=9023050340 | errs p=0 c=172 empty=114
[10:08:19] push=  122574/s pop=  125731/s | tot push=9024394110 pop=9024307650 | errs p=0 c=172 empty=114
[10:08:29] push=  121479/s pop=  121524/s | tot push=9025608900 pop=9025522890 | errs p=0 c=172 empty=114
[10:08:39] push=  127565/s pop=  125603/s | tot push=9026884550 pop=9026778920 | errs p=0 c=172 empty=114
[10:08:49] push=  124684/s pop=  127058/s | tot push=9028131390 pop=9028049500 | errs p=0 c=172 empty=114
[10:08:59] push=  123943/s pop=  123353/s | tot push=9029370820 pop=9029283030 | errs p=0 c=172 empty=114
[10:09:09] push=  124430/s pop=  123194/s | tot push=9030615120 pop=9030514970 | errs p=0 c=172 empty=114
[10:09:19] push=  124996/s pop=  126252/s | tot push=9031865080 pop=9031777490 | errs p=0 c=172 empty=114
[10:09:29] push=  120168/s pop=  120994/s | tot push=9033066760 pop=9032987430 | errs p=0 c=172 empty=114
[10:09:39] push=  123933/s pop=  123269/s | tot push=9034306090 pop=9034220120 | errs p=0 c=172 empty=114
[10:09:49] push=  124274/s pop=  123653/s | tot push=9035548830 pop=9035456650 | errs p=0 c=172 empty=114
[10:09:59] push=  118136/s pop=  117694/s | tot push=9036730190 pop=9036633590 | errs p=0 c=172 empty=114
[10:10:09] push=  116912/s pop=  116131/s | tot push=9037899310 pop=9037794900 | errs p=0 c=172 empty=114
[10:10:19] push=  116902/s pop=  119686/s | tot push=9039068330 pop=9038991760 | errs p=0 c=172 empty=114
[10:10:29] push=  117179/s pop=  116261/s | tot push=9040240120 pop=9040154370 | errs p=0 c=172 empty=114
[10:10:39] push=  118965/s pop=  116477/s | tot push=9041429770 pop=9041319140 | errs p=0 c=172 empty=114
[10:10:49] push=  117006/s pop=  118877/s | tot push=9042599830 pop=9042507910 | errs p=0 c=172 empty=114
[10:10:59] push=  116634/s pop=  116305/s | tot push=9043766170 pop=9043670960 | errs p=0 c=172 empty=114
[10:11:09] push=  118416/s pop=  119096/s | tot push=9044950330 pop=9044861920 | errs p=0 c=172 empty=114
[10:11:19] push=  120688/s pop=  120156/s | tot push=9046157210 pop=9046063480 | errs p=0 c=172 empty=114
[10:11:29] push=  117504/s pop=  116193/s | tot push=9047332250 pop=9047225410 | errs p=0 c=172 empty=114
[10:11:39] push=  116284/s pop=  114858/s | tot push=9048495090 pop=9048373990 | errs p=0 c=172 empty=114
[10:11:49] push=  117108/s pop=  118637/s | tot push=9049666170 pop=9049560360 | errs p=0 c=172 empty=114
[10:11:59] push=  124805/s pop=  126606/s | tot push=9050914220 pop=9050826420 | errs p=0 c=172 empty=114
[10:12:09] push=  117103/s pop=  114497/s | tot push=9052085250 pop=9051971390 | errs p=0 c=172 empty=114
[10:12:19] push=  115161/s pop=  112510/s | tot push=9053236860 pop=9053096490 | errs p=0 c=172 empty=114
[10:12:29] push=  119837/s pop=  124376/s | tot push=9054435230 pop=9054340250 | errs p=0 c=172 empty=114
[10:12:39] push=  119850/s pop=  120431/s | tot push=9055633730 pop=9055544560 | errs p=0 c=172 empty=114
[10:12:49] push=  120403/s pop=  120046/s | tot push=9056837760 pop=9056745020 | errs p=0 c=172 empty=114
[10:12:59] push=  121296/s pop=  120542/s | tot push=9058050720 pop=9057950440 | errs p=0 c=172 empty=114
[10:13:09] push=  125905/s pop=  126829/s | tot push=9059309770 pop=9059218730 | errs p=0 c=172 empty=114
[10:13:19] push=  121061/s pop=  121168/s | tot push=9060520380 pop=9060430410 | errs p=0 c=172 empty=114
[10:13:29] push=  120646/s pop=  117989/s | tot push=9061726840 pop=9061610300 | errs p=0 c=172 empty=114
[10:13:39] push=  123325/s pop=  127228/s | tot push=9062960090 pop=9062882580 | errs p=0 c=172 empty=114
[10:13:49] push=  124352/s pop=  123886/s | tot push=9064203610 pop=9064121440 | errs p=0 c=172 empty=114
[10:13:59] push=  121952/s pop=  119045/s | tot push=9065423130 pop=9065311890 | errs p=0 c=172 empty=114
[10:14:09] push=  124520/s pop=  127370/s | tot push=9066668330 pop=9066585590 | errs p=0 c=172 empty=114
[10:14:19] push=  119924/s pop=  119243/s | tot push=9067867570 pop=9067778020 | errs p=0 c=172 empty=114
[10:14:29] push=  122096/s pop=  122279/s | tot push=9069088530 pop=9069000810 | errs p=0 c=172 empty=114
[10:14:39] push=  122098/s pop=  120889/s | tot push=9070309510 pop=9070209700 | errs p=0 c=172 empty=114
[10:14:49] push=  126850/s pop=  126630/s | tot push=9071578010 pop=9071476000 | errs p=0 c=172 empty=114
[10:14:59] push=  119667/s pop=  120936/s | tot push=9072774680 pop=9072685360 | errs p=0 c=172 empty=114
[10:15:09] push=  122666/s pop=  121252/s | tot push=9074001340 pop=9073897880 | errs p=0 c=172 empty=114
[10:15:19] push=  124780/s pop=  126865/s | tot push=9075249140 pop=9075166530 | errs p=0 c=172 empty=114
[10:15:29] push=  124467/s pop=  124292/s | tot push=9076493810 pop=9076409450 | errs p=0 c=172 empty=114
[10:15:39] push=  121498/s pop=  122562/s | tot push=9077708790 pop=9077635070 | errs p=0 c=172 empty=114
[10:15:49] push=  128018/s pop=  126090/s | tot push=9078988970 pop=9078895970 | errs p=0 c=172 empty=114
[10:15:59] push=  124929/s pop=  124764/s | tot push=9080238260 pop=9080143610 | errs p=0 c=172 empty=114
[10:16:09] push=  122254/s pop=  121572/s | tot push=9081460800 pop=9081359330 | errs p=0 c=172 empty=114
[10:16:19] push=  120035/s pop=  120603/s | tot push=9082661150 pop=9082565360 | errs p=0 c=172 empty=114
[10:16:29] push=  113352/s pop=  109412/s | tot push=9083794670 pop=9083659480 | errs p=0 c=172 empty=114
[10:16:39] push=  112263/s pop=  114307/s | tot push=9084917300 pop=9084802550 | errs p=0 c=172 empty=114
[10:16:49] push=  117048/s pop=  117070/s | tot push=9086087780 pop=9085973250 | errs p=0 c=172 empty=114
[10:16:59] push=  118666/s pop=  121396/s | tot push=9087274440 pop=9087187210 | errs p=0 c=172 empty=114
[10:17:09] push=  117015/s pop=  116057/s | tot push=9088444590 pop=9088347780 | errs p=0 c=172 empty=115
[10:17:19] push=  117612/s pop=  118196/s | tot push=9089620710 pop=9089529740 | errs p=0 c=172 empty=115
[10:17:29] push=  121457/s pop=  122221/s | tot push=9090835280 pop=9090751950 | errs p=0 c=172 empty=115
[10:17:39] push=  119325/s pop=  118543/s | tot push=9092028530 pop=9091937380 | errs p=0 c=172 empty=115
[10:17:49] push=  116752/s pop=  115899/s | tot push=9093196050 pop=9093096370 | errs p=0 c=172 empty=115
[10:17:59] push=  118347/s pop=  118345/s | tot push=9094379520 pop=9094279820 | errs p=0 c=172 empty=115
[10:18:09] push=  124454/s pop=  125865/s | tot push=9095624060 pop=9095538470 | errs p=0 c=172 empty=115
[10:18:19] push=  118320/s pop=  118661/s | tot push=9096807260 pop=9096725080 | errs p=0 c=172 empty=115
[10:18:29] push=  120443/s pop=  118338/s | tot push=9098011690 pop=9097908460 | errs p=0 c=172 empty=115
[10:18:39] push=  121834/s pop=  121397/s | tot push=9099230030 pop=9099122430 | errs p=0 c=172 empty=115
[10:18:49] push=  122516/s pop=  123672/s | tot push=9100455190 pop=9100359150 | errs p=0 c=172 empty=115
[10:18:59] push=  122891/s pop=  123080/s | tot push=9101684100 pop=9101589950 | errs p=0 c=172 empty=115
[10:19:09] push=  123440/s pop=  123066/s | tot push=9102918500 pop=9102820610 | errs p=0 c=172 empty=115
[10:19:19] push=  127317/s pop=  127716/s | tot push=9104191670 pop=9104097770 | errs p=0 c=172 empty=115
[10:19:29] push=  119364/s pop=  120116/s | tot push=9105385310 pop=9105298930 | errs p=0 c=172 empty=115
[10:19:39] push=  125081/s pop=  124426/s | tot push=9106636120 pop=9106543190 | errs p=0 c=172 empty=115
[10:19:49] push=  124525/s pop=  124195/s | tot push=9107881370 pop=9107785140 | errs p=0 c=172 empty=115
[10:19:59] push=  123238/s pop=  124066/s | tot push=9109113750 pop=9109025800 | errs p=0 c=172 empty=115
[10:20:09] push=  119256/s pop=  117266/s | tot push=9110306310 pop=9110198460 | errs p=0 c=172 empty=115
[10:20:19] push=  123872/s pop=  126126/s | tot push=9111545030 pop=9111459720 | errs p=0 c=172 empty=115
[10:20:29] push=  122470/s pop=  122155/s | tot push=9112769730 pop=9112681270 | errs p=0 c=172 empty=115
[10:20:39] push=  119767/s pop=  115459/s | tot push=9113967400 pop=9113835860 | errs p=0 c=172 empty=115
[10:20:49] push=  122155/s pop=  126053/s | tot push=9115188950 pop=9115096390 | errs p=0 c=172 empty=115
[10:20:59] push=  120186/s pop=  120697/s | tot push=9116390810 pop=9116303360 | errs p=0 c=172 empty=115
[10:21:09] push=  121983/s pop=  122038/s | tot push=9117610640 pop=9117523740 | errs p=0 c=172 empty=115
[10:21:19] push=  123078/s pop=  121863/s | tot push=9118841420 pop=9118742370 | errs p=0 c=172 empty=115
[10:21:29] push=  123597/s pop=  124032/s | tot push=9120077390 pop=9119982690 | errs p=0 c=172 empty=115
[10:21:39] push=  125848/s pop=  126064/s | tot push=9121335870 pop=9121243330 | errs p=0 c=172 empty=115
[10:21:49] push=  121415/s pop=  120195/s | tot push=9122550020 pop=9122445280 | errs p=0 c=172 empty=115
[10:21:59] push=  121925/s pop=  124112/s | tot push=9123769270 pop=9123686400 | errs p=0 c=172 empty=115
[10:22:09] push=  123449/s pop=  121337/s | tot push=9125003760 pop=9124899770 | errs p=0 c=172 empty=115
[10:22:19] push=  122293/s pop=  123754/s | tot push=9126226690 pop=9126137310 | errs p=0 c=172 empty=115
[10:22:29] push=  121681/s pop=  119723/s | tot push=9127443500 pop=9127334540 | errs p=0 c=172 empty=115
[10:22:39] push=  122510/s pop=  123881/s | tot push=9128668600 pop=9128573350 | errs p=0 c=172 empty=115
[10:22:49] push=  112098/s pop=  106808/s | tot push=9129789580 pop=9129641430 | errs p=0 c=172 empty=115
[10:22:59] push=  116390/s pop=  120786/s | tot push=9130953480 pop=9130849290 | errs p=0 c=172 empty=115
[10:23:09] push=  120446/s pop=  121611/s | tot push=9132157940 pop=9132065400 | errs p=0 c=172 empty=115
[10:23:19] push=  114978/s pop=  114638/s | tot push=9133307720 pop=9133211780 | errs p=0 c=172 empty=115
[10:23:29] push=  116661/s pop=  117153/s | tot push=9134474330 pop=9134383310 | errs p=0 c=172 empty=115
[10:23:39] push=  118450/s pop=  118534/s | tot push=9135658830 pop=9135568650 | errs p=0 c=172 empty=115
[10:23:49] push=  119018/s pop=  119259/s | tot push=9136849010 pop=9136761240 | errs p=0 c=172 empty=115
[10:23:59] push=  116239/s pop=  114589/s | tot push=9138011400 pop=9137907130 | errs p=0 c=172 empty=116
[10:24:09] push=  120050/s pop=  120692/s | tot push=9139211900 pop=9139114050 | errs p=0 c=172 empty=116
[10:24:19] push=  117507/s pop=  119416/s | tot push=9140386970 pop=9140308210 | errs p=0 c=172 empty=116
[10:24:29] push=  117737/s pop=  116638/s | tot push=9141564340 pop=9141474590 | errs p=0 c=172 empty=116
[10:24:39] push=  120685/s pop=  120149/s | tot push=9142771190 pop=9142676080 | errs p=0 c=172 empty=116
[10:24:49] push=  123372/s pop=  122765/s | tot push=9144004910 pop=9143903730 | errs p=0 c=172 empty=116
[10:24:59] push=  121599/s pop=  122879/s | tot push=9145220900 pop=9145132520 | errs p=0 c=172 empty=116
[10:25:09] push=  121117/s pop=  120396/s | tot push=9146432070 pop=9146336480 | errs p=0 c=172 empty=116
[10:25:19] push=  125466/s pop=  126003/s | tot push=9147686730 pop=9147596510 | errs p=0 c=172 empty=116
[10:25:29] push=  125499/s pop=  123586/s | tot push=9148941720 pop=9148832370 | errs p=0 c=172 empty=116
[10:25:39] push=  120290/s pop=  123212/s | tot push=9150144620 pop=9150064490 | errs p=0 c=172 empty=116
[10:25:49] push=  123973/s pop=  123693/s | tot push=9151384350 pop=9151301420 | errs p=0 c=172 empty=116
[10:25:59] push=  127148/s pop=  123813/s | tot push=9152655830 pop=9152539550 | errs p=0 c=172 empty=116
[10:26:09] push=  119609/s pop=  121935/s | tot push=9153851920 pop=9153758900 | errs p=0 c=172 empty=116
[10:26:19] push=  123661/s pop=  123641/s | tot push=9155088530 pop=9154995310 | errs p=0 c=172 empty=116
[10:26:29] push=  123382/s pop=  124444/s | tot push=9156322350 pop=9156239750 | errs p=0 c=172 empty=116
[10:26:39] push=  122904/s pop=  121703/s | tot push=9157551390 pop=9157456780 | errs p=0 c=172 empty=116
[10:26:49] push=  121137/s pop=  120511/s | tot push=9158762760 pop=9158661890 | errs p=0 c=172 empty=116
[10:26:59] push=  124393/s pop=  124667/s | tot push=9160006690 pop=9159908560 | errs p=0 c=172 empty=116
[10:27:09] push=  122118/s pop=  123101/s | tot push=9161227870 pop=9161139570 | errs p=0 c=172 empty=116
[10:27:19] push=  120705/s pop=  120386/s | tot push=9162434920 pop=9162343430 | errs p=0 c=172 empty=116
[10:27:29] push=  122002/s pop=  121557/s | tot push=9163654940 pop=9163559000 | errs p=0 c=172 empty=116
[10:27:39] push=  127952/s pop=  128580/s | tot push=9164934460 pop=9164844800 | errs p=0 c=172 empty=116
[10:27:49] push=  122721/s pop=  124314/s | tot push=9166161670 pop=9166087940 | errs p=0 c=172 empty=116
[10:27:59] push=  123984/s pop=  120675/s | tot push=9167401510 pop=9167294690 | errs p=0 c=172 empty=116
[10:28:09] push=  122118/s pop=  124525/s | tot push=9168622690 pop=9168539940 | errs p=0 c=172 empty=116
[10:28:19] push=  124167/s pop=  123642/s | tot push=9169864360 pop=9169776360 | errs p=0 c=172 empty=116
[10:28:29] push=  123932/s pop=  121680/s | tot push=9171103680 pop=9170993160 | errs p=0 c=172 empty=116
[10:28:39] push=  127362/s pop=  129447/s | tot push=9172377300 pop=9172287630 | errs p=0 c=172 empty=116
[10:28:49] push=  124055/s pop=  123792/s | tot push=9173617850 pop=9173525550 | errs p=0 c=172 empty=116
[10:28:59] push=  115519/s pop=  115450/s | tot push=9174773040 pop=9174680050 | errs p=0 c=172 empty=116
[10:29:09] push=  117888/s pop=  116449/s | tot push=9175951920 pop=9175844540 | errs p=0 c=172 empty=116
[10:29:19] push=  117008/s pop=  118885/s | tot push=9177122000 pop=9177033390 | errs p=0 c=172 empty=116
[10:29:29] push=  117142/s pop=  116055/s | tot push=9178293420 pop=9178193940 | errs p=0 c=172 empty=116
[10:29:39] push=  116474/s pop=  116870/s | tot push=9179458160 pop=9179362640 | errs p=0 c=172 empty=116
[10:29:49] push=  119865/s pop=  120913/s | tot push=9180656810 pop=9180571770 | errs p=0 c=172 empty=116
[10:29:59] push=  115517/s pop=  112849/s | tot push=9181811980 pop=9181700260 | errs p=0 c=172 empty=116
[10:30:09] push=  117004/s pop=  118952/s | tot push=9182982020 pop=9182889780 | errs p=0 c=172 empty=116
[10:30:19] push=  119776/s pop=  119960/s | tot push=9184179780 pop=9184089380 | errs p=0 c=172 empty=116
[10:30:29] push=  120295/s pop=  120984/s | tot push=9185382730 pop=9185299220 | errs p=0 c=172 empty=116
[10:30:39] push=  116402/s pop=  113407/s | tot push=9186546750 pop=9186433290 | errs p=0 c=172 empty=116
[10:30:49] push=  119868/s pop=  122516/s | tot push=9187745430 pop=9187658450 | errs p=0 c=172 empty=116
[10:30:59] push=  119066/s pop=  119454/s | tot push=9188936090 pop=9188852990 | errs p=0 c=172 empty=116
[10:31:09] push=  120818/s pop=  120795/s | tot push=9190144270 pop=9190060940 | errs p=0 c=172 empty=116
[10:31:19] push=  118753/s pop=  115945/s | tot push=9191331800 pop=9191220390 | errs p=0 c=172 empty=116
[10:31:29] push=  123055/s pop=  124549/s | tot push=9192562350 pop=9192465880 | errs p=0 c=172 empty=116
[10:31:39] push=  124585/s pop=  124561/s | tot push=9193808200 pop=9193711490 | errs p=0 c=172 empty=116
[10:31:49] push=  123274/s pop=  122697/s | tot push=9195040940 pop=9194938460 | errs p=0 c=172 empty=116
[10:31:59] push=  126432/s pop=  128613/s | tot push=9196305260 pop=9196224590 | errs p=0 c=172 empty=116
[10:32:09] push=  123336/s pop=  122377/s | tot push=9197538620 pop=9197448360 | errs p=0 c=172 empty=116
[10:32:19] push=  121658/s pop=  119973/s | tot push=9198755200 pop=9198648090 | errs p=0 c=172 empty=116
[10:32:29] push=  123980/s pop=  124716/s | tot push=9199995000 pop=9199895250 | errs p=0 c=172 empty=116
[10:32:39] push=  123196/s pop=  124614/s | tot push=9201226960 pop=9201141390 | errs p=0 c=172 empty=116
[10:32:49] push=  119198/s pop=  120383/s | tot push=9202418940 pop=9202345220 | errs p=0 c=172 empty=116
[10:32:59] push=  125337/s pop=  124358/s | tot push=9203672310 pop=9203588800 | errs p=0 c=172 empty=116
[10:33:09] push=  123425/s pop=  123072/s | tot push=9204906560 pop=9204819520 | errs p=0 c=172 empty=116
[10:33:19] push=  122621/s pop=  120760/s | tot push=9206132770 pop=9206027120 | errs p=0 c=172 empty=116
[10:33:29] push=  117480/s pop=  118114/s | tot push=9207307570 pop=9207208260 | errs p=0 c=172 empty=116
[10:33:39] push=  126142/s pop=  127000/s | tot push=9208568990 pop=9208478260 | errs p=0 c=172 empty=116
[10:33:49] push=  120977/s pop=  120935/s | tot push=9209778760 pop=9209687610 | errs p=0 c=172 empty=116
[10:33:59] push=  119677/s pop=  119648/s | tot push=9210975530 pop=9210884090 | errs p=0 c=172 empty=116
[10:34:09] push=  122262/s pop=  121638/s | tot push=9212198150 pop=9212100470 | errs p=0 c=172 empty=116
[10:34:19] push=  124207/s pop=  124474/s | tot push=9213440220 pop=9213345210 | errs p=0 c=172 empty=116
[10:34:29] push=  118796/s pop=  118850/s | tot push=9214628180 pop=9214533710 | errs p=0 c=172 empty=116
[10:34:39] push=  121358/s pop=  121740/s | tot push=9215841760 pop=9215751110 | errs p=0 c=172 empty=116
[10:34:49] push=  122405/s pop=  122705/s | tot push=9217065810 pop=9216978160 | errs p=0 c=172 empty=116
[10:34:59] push=  122398/s pop=  121362/s | tot push=9218289790 pop=9218191780 | errs p=0 c=172 empty=116
[10:35:09] push=  122633/s pop=  123317/s | tot push=9219516120 pop=9219424950 | errs p=0 c=172 empty=116
[10:35:19] push=  118789/s pop=  118471/s | tot push=9220704010 pop=9220609660 | errs p=0 c=172 empty=116
[10:35:29] push=  111960/s pop=  108980/s | tot push=9221823610 pop=9221699460 | errs p=0 c=172 empty=116
[10:35:39] push=  115191/s pop=  109176/s | tot push=9222975520 pop=9222791220 | errs p=0 c=172 empty=116
[10:35:49] push=  113966/s pop=  121931/s | tot push=9224115180 pop=9224010530 | errs p=0 c=172 empty=116
[10:35:59] push=  117199/s pop=  118798/s | tot push=9225287170 pop=9225198510 | errs p=0 c=172 empty=116
[10:36:09] push=  116700/s pop=  116700/s | tot push=9226454170 pop=9226365510 | errs p=0 c=172 empty=116
[10:36:19] push=  118485/s pop=  118427/s | tot push=9227639020 pop=9227549780 | errs p=0 c=172 empty=116
[10:36:29] push=  116332/s pop=  115334/s | tot push=9228802340 pop=9228703120 | errs p=0 c=172 empty=116
[10:36:39] push=  122290/s pop=  122853/s | tot push=9230025240 pop=9229931650 | errs p=0 c=172 empty=116
[10:36:49] push=  119235/s pop=  118214/s | tot push=9231217590 pop=9231113790 | errs p=0 c=172 empty=116
[10:36:59] push=  121852/s pop=  123862/s | tot push=9232436110 pop=9232352410 | errs p=0 c=172 empty=116
[10:37:09] push=  119128/s pop=  115785/s | tot push=9233627390 pop=9233510260 | errs p=0 c=172 empty=116
[10:37:19] push=  121621/s pop=  125167/s | tot push=9234843600 pop=9234761930 | errs p=0 c=172 empty=116
[10:37:29] push=  123670/s pop=  123426/s | tot push=9236080300 pop=9235996190 | errs p=0 c=172 empty=116
[10:37:39] push=  122221/s pop=  120314/s | tot push=9237302510 pop=9237199330 | errs p=0 c=172 empty=116
[10:37:49] push=  121362/s pop=  122239/s | tot push=9238516130 pop=9238421720 | errs p=0 c=172 empty=116
[10:37:59] push=  124696/s pop=  123897/s | tot push=9239763090 pop=9239660690 | errs p=0 c=172 empty=116
[10:38:09] push=  126957/s pop=  128292/s | tot push=9241032660 pop=9240943610 | errs p=0 c=172 empty=116
[10:38:19] push=  123567/s pop=  123304/s | tot push=9242268330 pop=9242176650 | errs p=0 c=172 empty=116
[10:38:29] push=  125361/s pop=  123954/s | tot push=9243521940 pop=9243416190 | errs p=0 c=172 empty=116
[10:38:39] push=  123719/s pop=  124035/s | tot push=9244759130 pop=9244656540 | errs p=0 c=172 empty=116
[10:38:49] push=  124236/s pop=  124536/s | tot push=9246001490 pop=9245901900 | errs p=0 c=172 empty=116
[10:38:59] push=  125661/s pop=  126010/s | tot push=9247258100 pop=9247162000 | errs p=0 c=172 empty=116
[10:39:09] push=  120292/s pop=  120965/s | tot push=9248461020 pop=9248371650 | errs p=0 c=172 empty=116
[10:39:19] push=  120297/s pop=  119266/s | tot push=9249663990 pop=9249564310 | errs p=0 c=172 empty=116
[10:39:29] push=  125777/s pop=  126728/s | tot push=9250921760 pop=9250831590 | errs p=0 c=172 empty=116
[10:39:39] push=  123122/s pop=  123278/s | tot push=9252152980 pop=9252064370 | errs p=0 c=172 empty=116
[10:39:49] push=  116714/s pop=  113695/s | tot push=9253320120 pop=9253201320 | errs p=0 c=172 empty=116
[10:39:59] push=  120860/s pop=  122580/s | tot push=9254528720 pop=9254427120 | errs p=0 c=172 empty=116
[10:40:09] push=  124132/s pop=  124257/s | tot push=9255770040 pop=9255669690 | errs p=0 c=172 empty=116
[10:40:19] push=  124461/s pop=  125097/s | tot push=9257014650 pop=9256920660 | errs p=0 c=172 empty=116
[10:40:29] push=  125794/s pop=  127067/s | tot push=9258272590 pop=9258191330 | errs p=0 c=172 empty=116
[10:40:39] push=  119434/s pop=  118210/s | tot push=9259466930 pop=9259373430 | errs p=0 c=172 empty=116
[10:40:49] push=  124693/s pop=  124479/s | tot push=9260713860 pop=9260618220 | errs p=0 c=172 empty=116
[10:40:59] push=  123064/s pop=  123158/s | tot push=9261944500 pop=9261849800 | errs p=0 c=172 empty=116
[10:41:09] push=  120545/s pop=  120968/s | tot push=9263149950 pop=9263059480 | errs p=0 c=172 empty=116
[10:41:19] push=  122834/s pop=  123002/s | tot push=9264378290 pop=9264289500 | errs p=0 c=172 empty=116
[10:41:29] push=  116856/s pop=  116518/s | tot push=9265546850 pop=9265454680 | errs p=0 c=172 empty=116
[10:41:39] push=  120021/s pop=  120411/s | tot push=9266747060 pop=9266658790 | errs p=0 c=172 empty=116
[10:41:49] push=  117609/s pop=  118054/s | tot push=9267923150 pop=9267839330 | errs p=0 c=172 empty=116
[10:41:59] push=  115008/s pop=  111075/s | tot push=9269073230 pop=9268950080 | errs p=0 c=172 empty=116
[10:42:09] push=  121483/s pop=  123968/s | tot push=9270288060 pop=9270189760 | errs p=0 c=172 empty=116
[10:42:19] push=  118148/s pop=  117803/s | tot push=9271469540 pop=9271367790 | errs p=0 c=172 empty=116
[10:42:29] push=  115449/s pop=  117245/s | tot push=9272624030 pop=9272540240 | errs p=0 c=172 empty=116
[10:42:39] push=  118554/s pop=  115056/s | tot push=9273809570 pop=9273690800 | errs p=0 c=172 empty=116
[10:42:49] push=  117220/s pop=  119932/s | tot push=9274981770 pop=9274890120 | errs p=0 c=172 empty=116
[10:42:59] push=  121375/s pop=  122197/s | tot push=9276195520 pop=9276112090 | errs p=0 c=172 empty=116
[10:43:09] push=  118990/s pop=  118477/s | tot push=9277385420 pop=9277296860 | errs p=0 c=172 empty=116
[10:43:19] push=  117974/s pop=  118001/s | tot push=9278565160 pop=9278476870 | errs p=0 c=172 empty=116
[10:43:29] push=  121797/s pop=  119947/s | tot push=9279783130 pop=9279676340 | errs p=0 c=172 empty=116
[10:43:39] push=  124572/s pop=  126422/s | tot push=9281028850 pop=9280940560 | errs p=0 c=172 empty=116
[10:43:49] push=  119192/s pop=  116505/s | tot push=9282220770 pop=9282105610 | errs p=0 c=172 empty=116
[10:43:59] push=  121844/s pop=  123365/s | tot push=9283439210 pop=9283339260 | errs p=0 c=172 empty=116
[10:44:09] push=  120734/s pop=  122003/s | tot push=9284646550 pop=9284559290 | errs p=0 c=172 empty=116
[10:44:19] push=  122492/s pop=  122302/s | tot push=9285871470 pop=9285782310 | errs p=0 c=172 empty=116
[10:44:29] push=  123006/s pop=  122109/s | tot push=9287101530 pop=9287003400 | errs p=0 c=172 empty=116
[10:44:39] push=  126079/s pop=  127191/s | tot push=9288362320 pop=9288275310 | errs p=0 c=172 empty=116
[10:44:49] push=  123750/s pop=  123134/s | tot push=9289599820 pop=9289506650 | errs p=0 c=172 empty=116
[10:44:59] push=  124221/s pop=  123447/s | tot push=9290842030 pop=9290741120 | errs p=0 c=172 empty=116
[10:45:09] push=  124341/s pop=  125388/s | tot push=9292085440 pop=9291995000 | errs p=0 c=172 empty=116
[10:45:19] push=  123229/s pop=  122978/s | tot push=9293317730 pop=9293224780 | errs p=0 c=172 empty=116
[10:45:29] push=  123307/s pop=  123986/s | tot push=9294550800 pop=9294464640 | errs p=0 c=172 empty=116
[10:45:39] push=  123147/s pop=  121644/s | tot push=9295782270 pop=9295681080 | errs p=0 c=172 empty=116
[10:45:49] push=  124325/s pop=  125389/s | tot push=9297025520 pop=9296934970 | errs p=0 c=172 empty=116
[10:45:59] push=  124859/s pop=  124555/s | tot push=9298274110 pop=9298180520 | errs p=0 c=172 empty=116
[10:46:09] push=  119928/s pop=  121161/s | tot push=9299473390 pop=9299392130 | errs p=0 c=172 empty=116
[10:46:19] push=  124045/s pop=  122466/s | tot push=9300713840 pop=9300616790 | errs p=0 c=172 empty=116
[10:46:29] push=  127402/s pop=  128550/s | tot push=9301987860 pop=9301902290 | errs p=0 c=172 empty=116
[10:46:39] push=  122748/s pop=  123310/s | tot push=9303215340 pop=9303135390 | errs p=0 c=172 empty=116
[10:46:49] push=  121936/s pop=  120265/s | tot push=9304434700 pop=9304338040 | errs p=0 c=172 empty=116
[10:46:59] push=  125110/s pop=  125236/s | tot push=9305685800 pop=9305590400 | errs p=0 c=172 empty=116
[10:47:09] push=  123576/s pop=  124417/s | tot push=9306921560 pop=9306834570 | errs p=0 c=172 empty=116
[10:47:19] push=  122101/s pop=  120677/s | tot push=9308142570 pop=9308041340 | errs p=0 c=172 empty=116
[10:47:29] push=  124538/s pop=  125630/s | tot push=9309387950 pop=9309297640 | errs p=0 c=172 empty=116
[10:47:39] push=  123480/s pop=  123085/s | tot push=9310622750 pop=9310528490 | errs p=0 c=172 empty=116
[10:47:49] push=  115856/s pop=  114138/s | tot push=9311781310 pop=9311669870 | errs p=0 c=172 empty=116
[10:47:59] push=  120573/s pop=  122104/s | tot push=9312987040 pop=9312890910 | errs p=0 c=172 empty=116
[10:48:09] push=  117134/s pop=  118190/s | tot push=9314158380 pop=9314072810 | errs p=0 c=172 empty=116
[10:48:19] push=  116600/s pop=  111027/s | tot push=9315324380 pop=9315183080 | errs p=0 c=172 empty=116
[10:48:29] push=  114860/s pop=  118787/s | tot push=9316472980 pop=9316370950 | errs p=0 c=172 empty=116
[10:48:39] push=  119316/s pop=  120095/s | tot push=9317666140 pop=9317571900 | errs p=0 c=172 empty=116
[10:48:49] push=  114727/s pop=  114748/s | tot push=9318813410 pop=9318719380 | errs p=0 c=172 empty=116
[10:48:59] push=  119222/s pop=  119346/s | tot push=9320005630 pop=9319912840 | errs p=0 c=172 empty=116
[10:49:09] push=  116431/s pop=  117634/s | tot push=9321169940 pop=9321089180 | errs p=0 c=172 empty=116
[10:49:19] push=  117647/s pop=  117344/s | tot push=9322346410 pop=9322262620 | errs p=0 c=172 empty=116
[10:49:29] push=  116150/s pop=  112349/s | tot push=9323507910 pop=9323386110 | errs p=0 c=172 empty=116
[10:49:39] push=  121341/s pop=  123471/s | tot push=9324721320 pop=9324620820 | errs p=0 c=172 empty=116
[10:49:49] push=  118597/s pop=  117211/s | tot push=9325907290 pop=9325792930 | errs p=0 c=172 empty=116
[10:49:59] push=  120247/s pop=  119948/s | tot push=9327109760 pop=9326992410 | errs p=0 c=172 empty=116
[10:50:09] push=  122832/s pop=  124351/s | tot push=9328338080 pop=9328235920 | errs p=0 c=172 empty=116
[10:50:19] push=  120497/s pop=  121100/s | tot push=9329543050 pop=9329446920 | errs p=0 c=172 empty=116
[10:50:29] push=  117249/s pop=  115883/s | tot push=9330715540 pop=9330605750 | errs p=0 c=172 empty=116
[10:50:39] push=  120171/s pop=  121563/s | tot push=9331917250 pop=9331821380 | errs p=0 c=172 empty=116
[10:50:49] push=  123780/s pop=  124586/s | tot push=9333155050 pop=9333067240 | errs p=0 c=172 empty=116
[10:50:59] push=  121403/s pop=  121148/s | tot push=9334369080 pop=9334278720 | errs p=0 c=172 empty=116
[10:51:09] push=  121138/s pop=  121648/s | tot push=9335580460 pop=9335495200 | errs p=0 c=172 empty=116
[10:51:19] push=  123870/s pop=  123122/s | tot push=9336819160 pop=9336726420 | errs p=0 c=172 empty=116
[10:51:29] push=  125562/s pop=  126413/s | tot push=9338074780 pop=9337990550 | errs p=0 c=172 empty=116
[10:51:39] push=  121875/s pop=  119571/s | tot push=9339293530 pop=9339186260 | errs p=0 c=172 empty=116
[10:51:49] push=  125198/s pop=  125351/s | tot push=9340545510 pop=9340439770 | errs p=0 c=172 empty=116
[10:51:59] push=  123014/s pop=  123127/s | tot push=9341775650 pop=9341671040 | errs p=0 c=172 empty=116
[10:52:09] push=  120020/s pop=  121091/s | tot push=9342975850 pop=9342881950 | errs p=0 c=172 empty=116
[10:52:19] push=  123493/s pop=  123940/s | tot push=9344210780 pop=9344121350 | errs p=0 c=172 empty=116
[10:52:29] push=  118170/s pop=  118598/s | tot push=9345392480 pop=9345307330 | errs p=0 c=172 empty=116
[10:52:39] push=  119872/s pop=  115757/s | tot push=9346591200 pop=9346464900 | errs p=0 c=172 empty=116
[10:52:49] push=  122113/s pop=  124899/s | tot push=9347812330 pop=9347713890 | errs p=0 c=172 empty=116
[10:52:59] push=  121139/s pop=  121465/s | tot push=9349023720 pop=9348928540 | errs p=0 c=172 empty=116
[10:53:09] push=  119868/s pop=  121650/s | tot push=9350222400 pop=9350145040 | errs p=0 c=172 empty=116
[10:53:19] push=  120742/s pop=  120166/s | tot push=9351429820 pop=9351346700 | errs p=0 c=172 empty=116
[10:53:29] push=  124975/s pop=  122299/s | tot push=9352679570 pop=9352569690 | errs p=0 c=172 empty=116
[10:53:39] push=  119230/s pop=  120610/s | tot push=9353871870 pop=9353775790 | errs p=0 c=172 empty=116
[10:53:49] push=  118634/s pop=  117905/s | tot push=9355058210 pop=9354954840 | errs p=0 c=172 empty=116
[10:53:59] push=  120767/s pop=  119038/s | tot push=9356265880 pop=9356145220 | errs p=0 c=172 empty=116
[10:54:09] push=  109551/s pop=  112138/s | tot push=9357361390 pop=9357266600 | errs p=0 c=172 empty=116
[10:54:19] push=  111363/s pop=  111169/s | tot push=9358475020 pop=9358378290 | errs p=0 c=172 empty=116
[10:54:29] push=  110806/s pop=  111108/s | tot push=9359583080 pop=9359489370 | errs p=0 c=172 empty=116
[10:54:39] push=  111828/s pop=  109350/s | tot push=9360701360 pop=9360582870 | errs p=0 c=172 empty=116
[10:54:49] push=  103469/s pop=  102500/s | tot push=9361736050 pop=9361607870 | errs p=0 c=172 empty=116
[10:54:59] push=  111258/s pop=  112948/s | tot push=9362848630 pop=9362737350 | errs p=0 c=172 empty=116
[10:55:09] push=  106452/s pop=  108429/s | tot push=9363913150 pop=9363821640 | errs p=0 c=172 empty=116
[10:55:19] push=  107580/s pop=  104384/s | tot push=9364988950 pop=9364865480 | errs p=0 c=172 empty=116
[10:55:29] push=  108392/s pop=  112155/s | tot push=9366072870 pop=9365987030 | errs p=0 c=172 empty=116
[10:55:39] push=  110463/s pop=  110856/s | tot push=9367177500 pop=9367095590 | errs p=0 c=172 empty=116
[10:55:49] push=  112697/s pop=  112287/s | tot push=9368304470 pop=9368218460 | errs p=0 c=172 empty=116
[10:55:59] push=  117564/s pop=  116831/s | tot push=9369480110 pop=9369386770 | errs p=0 c=172 empty=116
[10:56:09] push=  116396/s pop=  116406/s | tot push=9370644070 pop=9370550830 | errs p=0 c=172 empty=116
[10:56:19] push=  116802/s pop=  118232/s | tot push=9371812090 pop=9371733150 | errs p=0 c=172 empty=116
[10:56:29] push=  116151/s pop=  112806/s | tot push=9372973600 pop=9372861210 | errs p=0 c=172 empty=116
[10:56:39] push=  118688/s pop=  120823/s | tot push=9374160480 pop=9374069440 | errs p=0 c=172 empty=116
[10:56:49] push=  118737/s pop=  114203/s | tot push=9375347850 pop=9375211470 | errs p=0 c=172 empty=116
[10:56:59] push=  115630/s pop=  115399/s | tot push=9376504150 pop=9376365460 | errs p=0 c=172 empty=116
[10:57:09] push=  121267/s pop=  126109/s | tot push=9377716820 pop=9377626550 | errs p=0 c=172 empty=116
[10:57:19] push=  121117/s pop=  120270/s | tot push=9378927990 pop=9378829250 | errs p=0 c=172 empty=116
[10:57:29] push=  115993/s pop=  117150/s | tot push=9380087920 pop=9380000750 | errs p=0 c=172 empty=116
[10:57:39] push=  118575/s pop=  117811/s | tot push=9381273670 pop=9381178860 | errs p=0 c=172 empty=116
[10:57:49] push=  124876/s pop=  126249/s | tot push=9382522430 pop=9382441350 | errs p=0 c=172 empty=116
[10:57:59] push=  118062/s pop=  114822/s | tot push=9383703050 pop=9383589570 | errs p=0 c=172 empty=116
[10:58:09] push=  113369/s pop=  115162/s | tot push=9384836740 pop=9384741190 | errs p=0 c=172 empty=118
[10:58:19] push=  118160/s pop=  118855/s | tot push=9386018340 pop=9385929740 | errs p=0 c=172 empty=118
[10:58:29] push=  119626/s pop=  119114/s | tot push=9387214600 pop=9387120880 | errs p=0 c=172 empty=118
[10:58:39] push=  118578/s pop=  117086/s | tot push=9388400380 pop=9388291740 | errs p=0 c=172 empty=118
[10:58:49] push=  121075/s pop=  123109/s | tot push=9389611130 pop=9389522830 | errs p=0 c=172 empty=118
[10:58:59] push=  113763/s pop=  103402/s | tot push=9390748760 pop=9390556850 | errs p=0 c=172 empty=118
[10:59:09] push=  115700/s pop=  123533/s | tot push=9391905760 pop=9391792180 | errs p=0 c=172 empty=118
[10:59:19] push=  120611/s pop=  123287/s | tot push=9393111870 pop=9393025050 | errs p=0 c=172 empty=118
[10:59:29] push=  119051/s pop=  118624/s | tot push=9394302380 pop=9394211290 | errs p=0 c=172 empty=118
[10:59:39] push=  115872/s pop=  112875/s | tot push=9395461100 pop=9395340040 | errs p=0 c=172 empty=118
[10:59:49] push=  118276/s pop=  120740/s | tot push=9396643860 pop=9396547440 | errs p=0 c=172 empty=118
[10:59:59] push=  120096/s pop=  119353/s | tot push=9397844820 pop=9397740970 | errs p=0 c=172 empty=118
[11:00:09] push=  116409/s pop=  116895/s | tot push=9399008910 pop=9398909920 | errs p=0 c=172 empty=118
[11:00:19] push=  113524/s pop=  114078/s | tot push=9400144150 pop=9400050700 | errs p=0 c=172 empty=118
[11:00:29] push=  117488/s pop=  119920/s | tot push=9401319030 pop=9401249900 | errs p=0 c=172 empty=118
[11:00:39] push=  114157/s pop=  110500/s | tot push=9402460600 pop=9402354900 | errs p=0 c=172 empty=118
[11:00:49] push=  109949/s pop=  111339/s | tot push=9403560090 pop=9403468290 | errs p=0 c=172 empty=118
[11:00:59] push=  111698/s pop=  112526/s | tot push=9404677070 pop=9404593550 | errs p=0 c=172 empty=118
[11:01:09] push=  112204/s pop=  108227/s | tot push=9405799110 pop=9405675820 | errs p=0 c=172 empty=118
[11:01:19] push=  108394/s pop=  110192/s | tot push=9406883050 pop=9406777740 | errs p=0 c=172 empty=118
[11:01:29] push=  113739/s pop=  114831/s | tot push=9408020440 pop=9407926050 | errs p=0 c=172 empty=118
[11:01:39] push=  110382/s pop=  111017/s | tot push=9409124260 pop=9409036220 | errs p=0 c=172 empty=118
[11:01:49] push=  116322/s pop=  114682/s | tot push=9410287480 pop=9410183040 | errs p=0 c=172 empty=118
[11:01:59] push=  117626/s pop=  117716/s | tot push=9411463740 pop=9411360200 | errs p=0 c=172 empty=118
[11:02:09] push=  112133/s pop=  114396/s | tot push=9412585070 pop=9412504160 | errs p=0 c=172 empty=118
[11:02:19] push=  114285/s pop=  112852/s | tot push=9413727920 pop=9413632680 | errs p=0 c=172 empty=118
[11:02:29] push=  118504/s pop=  118050/s | tot push=9414912960 pop=9414813180 | errs p=0 c=172 empty=118
[11:02:39] push=  115009/s pop=  116351/s | tot push=9416063050 pop=9415976690 | errs p=0 c=172 empty=118
[11:02:49] push=  113181/s pop=  112856/s | tot push=9417194860 pop=9417105250 | errs p=0 c=172 empty=118
[11:02:59] push=  118580/s pop=  117052/s | tot push=9418380660 pop=9418275770 | errs p=0 c=172 empty=118
[11:03:09] push=  113214/s pop=  114228/s | tot push=9419512800 pop=9419418050 | errs p=0 c=172 empty=118
[11:03:19] push=  114201/s pop=  111039/s | tot push=9420654810 pop=9420528440 | errs p=0 c=172 empty=118
[11:03:29] push=  116698/s pop=  120095/s | tot push=9421821790 pop=9421729390 | errs p=0 c=172 empty=118
[11:03:39] push=  118314/s pop=  118087/s | tot push=9423004930 pop=9422910260 | errs p=0 c=172 empty=118
[11:03:49] push=  120240/s pop=  120983/s | tot push=9424207330 pop=9424120090 | errs p=0 c=172 empty=118
[11:03:59] push=  116677/s pop=  116149/s | tot push=9425374100 pop=9425281580 | errs p=0 c=172 empty=118
[11:04:09] push=  119120/s pop=  118385/s | tot push=9426565300 pop=9426465430 | errs p=0 c=172 empty=118
[11:04:19] push=  120207/s pop=  121674/s | tot push=9427767370 pop=9427682170 | errs p=0 c=172 empty=118
[11:04:29] push=  119470/s pop=  118853/s | tot push=9428962070 pop=9428870700 | errs p=0 c=172 empty=118
[11:04:39] push=  120416/s pop=  120760/s | tot push=9430166230 pop=9430078300 | errs p=0 c=172 empty=118
[11:04:49] push=  120323/s pop=  119182/s | tot push=9431369460 pop=9431270120 | errs p=0 c=172 empty=118
[11:04:59] push=  121154/s pop=  120960/s | tot push=9432581000 pop=9432479720 | errs p=0 c=172 empty=118
[11:05:09] push=  120145/s pop=  121117/s | tot push=9433782450 pop=9433690890 | errs p=0 c=172 empty=118
[11:05:19] push=  113932/s pop=  111021/s | tot push=9434921770 pop=9434801100 | errs p=0 c=172 empty=118
[11:05:29] push=  115774/s pop=  119512/s | tot push=9436079510 pop=9435996220 | errs p=0 c=172 empty=118
[11:05:39] push=  119074/s pop=  118551/s | tot push=9437270250 pop=9437181730 | errs p=0 c=172 empty=118
[11:05:49] push=  117484/s pop=  116153/s | tot push=9438445090 pop=9438343260 | errs p=0 c=172 empty=118
[11:05:59] push=  115665/s pop=  115767/s | tot push=9439601740 pop=9439500930 | errs p=0 c=172 empty=118
[11:06:09] push=  118798/s pop=  120515/s | tot push=9440789720 pop=9440706080 | errs p=0 c=172 empty=118
[11:06:19] push=  119059/s pop=  118481/s | tot push=9441980310 pop=9441890890 | errs p=0 c=172 empty=118
[11:06:29] push=  120653/s pop=  120441/s | tot push=9443186840 pop=9443095300 | errs p=0 c=172 empty=118
[11:06:39] push=  121651/s pop=  122366/s | tot push=9444403350 pop=9444318960 | errs p=0 c=172 empty=118
[11:06:49] push=  120936/s pop=  120938/s | tot push=9445612710 pop=9445528340 | errs p=0 c=172 empty=118
[11:06:59] push=  123230/s pop=  122807/s | tot push=9446845010 pop=9446756410 | errs p=0 c=172 empty=118
[11:07:09] push=  115547/s pop=  114893/s | tot push=9448000480 pop=9447905340 | errs p=0 c=172 empty=118
[11:07:19] push=  114491/s pop=  113758/s | tot push=9449145390 pop=9449042920 | errs p=0 c=172 empty=118
[11:07:29] push=  110803/s pop=  110874/s | tot push=9450253420 pop=9450151660 | errs p=0 c=172 empty=118
[11:07:39] push=  114260/s pop=  115285/s | tot push=9451396020 pop=9451304510 | errs p=0 c=172 empty=118
[11:07:49] push=  116936/s pop=  114500/s | tot push=9452565380 pop=9452449510 | errs p=0 c=172 empty=118
[11:07:59] push=  114166/s pop=  117337/s | tot push=9453707040 pop=9453622880 | errs p=0 c=172 empty=118
[11:08:09] push=  117298/s pop=  117561/s | tot push=9454880020 pop=9454798490 | errs p=0 c=172 empty=118
[11:08:19] push=  113296/s pop=  111720/s | tot push=9456012980 pop=9455915690 | errs p=0 c=172 empty=118
[11:08:29] push=  115749/s pop=  116251/s | tot push=9457170470 pop=9457078200 | errs p=0 c=172 empty=118
[11:08:39] push=  112561/s pop=  113142/s | tot push=9458296080 pop=9458209620 | errs p=0 c=172 empty=118
[11:08:49] push=  116915/s pop=  116474/s | tot push=9459465230 pop=9459374360 | errs p=0 c=172 empty=118
[11:08:59] push=  115824/s pop=  116014/s | tot push=9460623470 pop=9460534500 | errs p=0 c=172 empty=118
[11:09:09] push=  116002/s pop=  114867/s | tot push=9461783490 pop=9461683170 | errs p=0 c=172 empty=118
[11:09:19] push=  114819/s pop=  114406/s | tot push=9462931680 pop=9462827230 | errs p=0 c=172 empty=118
[11:09:29] push=  117564/s pop=  119168/s | tot push=9464107320 pop=9464018910 | errs p=0 c=172 empty=118
[11:09:39] push=  113767/s pop=  107198/s | tot push=9465244990 pop=9465090890 | errs p=0 c=172 empty=118
[11:09:49] push=  115334/s pop=  120080/s | tot push=9466398330 pop=9466291690 | errs p=0 c=172 empty=118
[11:09:59] push=  119599/s pop=  121188/s | tot push=9467594320 pop=9467503570 | errs p=0 c=172 empty=118
[11:10:09] push=  120225/s pop=  120356/s | tot push=9468796570 pop=9468707130 | errs p=0 c=172 empty=118
[11:10:19] push=  122523/s pop=  123188/s | tot push=9470021800 pop=9469939010 | errs p=0 c=172 empty=118
[11:10:29] push=  117504/s pop=  116692/s | tot push=9471196840 pop=9471105930 | errs p=0 c=172 empty=118
[11:10:39] push=  118898/s pop=  117411/s | tot push=9472385820 pop=9472280040 | errs p=0 c=172 empty=118
[11:10:49] push=  122157/s pop=  123202/s | tot push=9473607390 pop=9473512060 | errs p=0 c=172 empty=118
[11:10:59] push=  119373/s pop=  120325/s | tot push=9474801120 pop=9474715310 | errs p=0 c=172 empty=118
[11:11:09] push=  116870/s pop=  116400/s | tot push=9475969820 pop=9475879310 | errs p=0 c=172 empty=118
[11:11:19] push=  119035/s pop=  119156/s | tot push=9477160170 pop=9477070870 | errs p=0 c=172 empty=118
[11:11:29] push=  119977/s pop=  118661/s | tot push=9478359940 pop=9478257480 | errs p=0 c=172 empty=118
[11:11:39] push=  118417/s pop=  119775/s | tot push=9479544110 pop=9479455230 | errs p=0 c=172 empty=118
[11:11:49] push=  116867/s pop=  116150/s | tot push=9480712780 pop=9480616730 | errs p=0 c=172 empty=118
[11:11:59] push=  117460/s pop=  115466/s | tot push=9481887380 pop=9481771390 | errs p=0 c=172 empty=118
[11:12:09] push=  123476/s pop=  125092/s | tot push=9483122140 pop=9483022310 | errs p=0 c=172 empty=118
[11:12:19] push=  122367/s pop=  122831/s | tot push=9484345810 pop=9484250620 | errs p=0 c=172 empty=118
[11:12:29] push=  118829/s pop=  120136/s | tot push=9485534100 pop=9485451980 | errs p=0 c=172 empty=118
[11:12:39] push=  118488/s pop=  118244/s | tot push=9486718980 pop=9486634420 | errs p=0 c=172 empty=118
[11:12:49] push=  119777/s pop=  117947/s | tot push=9487916750 pop=9487813890 | errs p=0 c=172 empty=118
[11:12:59] push=  120574/s pop=  121521/s | tot push=9489122490 pop=9489029100 | errs p=0 c=172 empty=118
[11:13:09] push=  124636/s pop=  124310/s | tot push=9490368850 pop=9490272200 | errs p=0 c=172 empty=118
[11:13:19] push=  121629/s pop=  123293/s | tot push=9491585140 pop=9491505130 | errs p=0 c=172 empty=119
[11:13:29] push=  120360/s pop=  119916/s | tot push=9492788740 pop=9492704290 | errs p=0 c=172 empty=119
[11:13:39] push=  121824/s pop=  121330/s | tot push=9494006980 pop=9493917590 | errs p=0 c=172 empty=119
[11:13:49] push=  113174/s pop=  111443/s | tot push=9495138720 pop=9495032020 | errs p=0 c=172 empty=119
[11:13:59] push=  109126/s pop=  105283/s | tot push=9496229980 pop=9496084850 | errs p=0 c=172 empty=119
[11:14:09] push=  112133/s pop=  117773/s | tot push=9497351310 pop=9497262580 | errs p=0 c=172 empty=119
[11:14:19] push=  115159/s pop=  115078/s | tot push=9498502900 pop=9498413360 | errs p=0 c=172 empty=119
[11:14:29] push=  117903/s pop=  117075/s | tot push=9499681930 pop=9499584110 | errs p=0 c=172 empty=119
[11:14:39] push=  112637/s pop=  110701/s | tot push=9500808300 pop=9500691120 | errs p=0 c=172 empty=119
[11:14:49] push=  114860/s pop=  115148/s | tot push=9501956900 pop=9501842600 | errs p=0 c=172 empty=119
[11:14:59] push=  117800/s pop=  118947/s | tot push=9503134900 pop=9503032070 | errs p=0 c=172 empty=119
[11:15:09] push=  118061/s pop=  118911/s | tot push=9504315510 pop=9504221180 | errs p=0 c=172 empty=119
[11:15:19] push=  115039/s pop=  114366/s | tot push=9505465900 pop=9505364840 | errs p=0 c=172 empty=119
[11:15:29] push=  118548/s pop=  118852/s | tot push=9506651380 pop=9506553360 | errs p=0 c=172 empty=119
[11:15:39] push=  116163/s pop=  117885/s | tot push=9507813010 pop=9507732210 | errs p=0 c=172 empty=119
[11:15:49] push=  121770/s pop=  121106/s | tot push=9509030710 pop=9508943270 | errs p=0 c=172 empty=119
[11:15:59] push=  116275/s pop=  115480/s | tot push=9510193460 pop=9510098070 | errs p=0 c=172 empty=119
[11:16:09] push=  119133/s pop=  118103/s | tot push=9511384790 pop=9511279100 | errs p=0 c=172 empty=119
[11:16:19] push=  119390/s pop=  121957/s | tot push=9512578690 pop=9512498670 | errs p=0 c=172 empty=119
[11:16:29] push=  123227/s pop=  122185/s | tot push=9513810960 pop=9513720520 | errs p=0 c=172 empty=119
[11:16:39] push=  121241/s pop=  121720/s | tot push=9515023370 pop=9514937720 | errs p=0 c=172 empty=119
[11:16:49] push=  124468/s pop=  123677/s | tot push=9516268050 pop=9516174490 | errs p=0 c=172 empty=119
[11:16:59] push=  122229/s pop=  123349/s | tot push=9517490340 pop=9517407980 | errs p=0 c=172 empty=119
[11:17:09] push=  120791/s pop=  119561/s | tot push=9518698250 pop=9518603590 | errs p=0 c=172 empty=119
[11:17:19] push=  119650/s pop=  119348/s | tot push=9519894750 pop=9519797070 | errs p=0 c=172 empty=119
[11:17:29] push=  120879/s pop=  121843/s | tot push=9521103540 pop=9521015500 | errs p=0 c=172 empty=119
[11:17:39] push=  119663/s pop=  120579/s | tot push=9522300170 pop=9522221290 | errs p=0 c=172 empty=119
[11:17:49] push=  118264/s pop=  116761/s | tot push=9523482810 pop=9523388900 | errs p=0 c=172 empty=119
[11:17:59] push=  123087/s pop=  122080/s | tot push=9524713680 pop=9524609700 | errs p=0 c=172 empty=119
[11:18:09] push=  119761/s pop=  119775/s | tot push=9525911290 pop=9525807450 | errs p=0 c=172 empty=119
[11:18:19] push=  118679/s pop=  119659/s | tot push=9527098080 pop=9527004040 | errs p=0 c=172 empty=119
[11:18:29] push=  122804/s pop=  122571/s | tot push=9528326120 pop=9528229750 | errs p=0 c=172 empty=119
[11:18:39] push=  120500/s pop=  120157/s | tot push=9529531120 pop=9529431320 | errs p=0 c=172 empty=119
[11:18:49] push=  116854/s pop=  116050/s | tot push=9530699660 pop=9530591820 | errs p=0 c=172 empty=119
[11:18:59] push=  121828/s pop=  120928/s | tot push=9531917940 pop=9531801100 | errs p=0 c=172 empty=119
[11:19:09] push=  123499/s pop=  126394/s | tot push=9533152930 pop=9533065040 | errs p=0 c=172 empty=119
[11:19:19] push=  119525/s pop=  119458/s | tot push=9534348180 pop=9534259620 | errs p=0 c=172 empty=119
[11:19:29] push=  119388/s pop=  117617/s | tot push=9535542060 pop=9535435790 | errs p=0 c=172 empty=120
[11:19:39] push=  121684/s pop=  124154/s | tot push=9536758900 pop=9536677330 | errs p=0 c=172 empty=120
[11:19:49] push=  121273/s pop=  120870/s | tot push=9537971630 pop=9537886030 | errs p=0 c=172 empty=120
[11:19:59] push=  121331/s pop=  118646/s | tot push=9539184940 pop=9539072490 | errs p=0 c=172 empty=120
[11:20:09] push=  118797/s pop=  119563/s | tot push=9540372910 pop=9540268120 | errs p=0 c=172 empty=120
[11:20:19] push=  108534/s pop=  100744/s | tot push=9541458250 pop=9541275560 | errs p=0 c=172 empty=120
[11:20:29] push=  111007/s pop=  118469/s | tot push=9542568320 pop=9542460250 | errs p=0 c=172 empty=120
[11:20:39] push=  114186/s pop=  115002/s | tot push=9543710180 pop=9543610270 | errs p=0 c=172 empty=120
[11:20:49] push=  113882/s pop=  115178/s | tot push=9544849000 pop=9544762050 | errs p=0 c=172 empty=120
[11:20:59] push=  113553/s pop=  113793/s | tot push=9545984530 pop=9545899980 | errs p=0 c=172 empty=120
[11:21:09] push=  115709/s pop=  113429/s | tot push=9547141620 pop=9547034270 | errs p=0 c=172 empty=120
[11:21:19] push=  113882/s pop=  115000/s | tot push=9548280440 pop=9548184270 | errs p=0 c=172 empty=120
[11:21:29] push=  114817/s pop=  113506/s | tot push=9549428610 pop=9549319330 | errs p=0 c=172 empty=120
[11:21:39] push=  113478/s pop=  116558/s | tot push=9550563390 pop=9550484910 | errs p=0 c=172 empty=120
[11:21:49] push=  118916/s pop=  116171/s | tot push=9551752550 pop=9551646620 | errs p=0 c=172 empty=120
[11:21:59] push=  115956/s pop=  118094/s | tot push=9552912110 pop=9552827560 | errs p=0 c=172 empty=120
[11:22:09] push=  117241/s pop=  115947/s | tot push=9554084520 pop=9553987030 | errs p=0 c=172 empty=120
[11:22:19] push=  117211/s pop=  118424/s | tot push=9555256630 pop=9555171270 | errs p=0 c=172 empty=120
[11:22:29] push=  119640/s pop=  114825/s | tot push=9556453030 pop=9556319520 | errs p=0 c=172 empty=120
[11:22:39] push=  120148/s pop=  124693/s | tot push=9557654510 pop=9557566450 | errs p=0 c=172 empty=120
[11:22:49] push=  120742/s pop=  119824/s | tot push=9558861930 pop=9558764690 | errs p=0 c=172 empty=120
[11:22:59] push=  123293/s pop=  123391/s | tot push=9560094860 pop=9559998600 | errs p=0 c=172 empty=120
[11:23:09] push=  119763/s pop=  120049/s | tot push=9561292490 pop=9561199090 | errs p=0 c=172 empty=120
[11:23:19] push=  120580/s pop=  118398/s | tot push=9562498290 pop=9562383070 | errs p=0 c=172 empty=120
[11:23:29] push=  121465/s pop=  123857/s | tot push=9563712940 pop=9563621640 | errs p=0 c=172 empty=121
[11:23:39] push=  120784/s pop=  121476/s | tot push=9564920780 pop=9564836400 | errs p=0 c=172 empty=121
[11:23:49] push=  120444/s pop=  118626/s | tot push=9566125220 pop=9566022660 | errs p=0 c=172 empty=121
[11:23:59] push=  119058/s pop=  120120/s | tot push=9567315800 pop=9567223860 | errs p=0 c=172 empty=121
[11:24:09] push=  125063/s pop=  124295/s | tot push=9568566430 pop=9568466810 | errs p=0 c=172 empty=121
[11:24:19] push=  119409/s pop=  120499/s | tot push=9569760520 pop=9569671800 | errs p=0 c=172 empty=121
[11:24:29] push=  118327/s pop=  116272/s | tot push=9570943790 pop=9570834520 | errs p=0 c=172 empty=121
[11:24:39] push=  116463/s pop=  118151/s | tot push=9572108420 pop=9572016030 | errs p=0 c=172 empty=121
[11:24:49] push=  117752/s pop=  118493/s | tot push=9573285940 pop=9573200960 | errs p=0 c=172 empty=121
[11:24:59] push=  116489/s pop=  115328/s | tot push=9574450830 pop=9574354240 | errs p=0 c=172 empty=121
[11:25:09] push=  115011/s pop=  115639/s | tot push=9575600940 pop=9575510630 | errs p=0 c=172 empty=121
[11:25:19] push=  116412/s pop=  115974/s | tot push=9576765060 pop=9576670370 | errs p=0 c=172 empty=121
[11:25:29] push=  114202/s pop=  112509/s | tot push=9577907080 pop=9577795460 | errs p=0 c=172 empty=121
[11:25:39] push=  114170/s pop=  115722/s | tot push=9579048780 pop=9578952680 | errs p=0 c=172 empty=121
[11:25:49] push=  117706/s pop=  119148/s | tot push=9580225840 pop=9580144160 | errs p=0 c=172 empty=121
[11:25:59] push=  117227/s pop=  116133/s | tot push=9581398110 pop=9581305490 | errs p=0 c=172 empty=121
[11:26:09] push=  119654/s pop=  120449/s | tot push=9582594650 pop=9582509980 | errs p=0 c=172 empty=121
[11:26:19] push=  122219/s pop=  121555/s | tot push=9583816840 pop=9583725530 | errs p=0 c=172 empty=121
[11:26:29] push=  118695/s pop=  114369/s | tot push=9585003790 pop=9584869220 | errs p=0 c=172 empty=121
[11:26:39] push=  111984/s pop=  109532/s | tot push=9586123630 pop=9585964540 | errs p=0 c=172 empty=121
[11:26:49] push=  114526/s pop=  114451/s | tot push=9587268890 pop=9587109050 | errs p=0 c=172 empty=121
[11:26:59] push=  112282/s pop=  118081/s | tot push=9588391710 pop=9588289860 | errs p=0 c=172 empty=121
[11:27:09] push=  113855/s pop=  114882/s | tot push=9589530260 pop=9589438680 | errs p=0 c=172 empty=121
[11:27:19] push=  117672/s pop=  117706/s | tot push=9590706980 pop=9590615740 | errs p=0 c=172 empty=121
[11:27:29] push=  111779/s pop=  110406/s | tot push=9591824770 pop=9591719800 | errs p=0 c=172 empty=121
[11:27:39] push=  115233/s pop=  115502/s | tot push=9592977100 pop=9592874820 | errs p=0 c=172 empty=121
[11:27:49] push=  114561/s pop=  115861/s | tot push=9594122710 pop=9594033430 | errs p=0 c=172 empty=121
[11:27:59] push=  120444/s pop=  120465/s | tot push=9595327150 pop=9595238080 | errs p=0 c=172 empty=121
[11:28:09] push=  112872/s pop=  112129/s | tot push=9596455870 pop=9596359370 | errs p=0 c=172 empty=121
[11:28:19] push=  116753/s pop=  116793/s | tot push=9597623400 pop=9597527300 | errs p=0 c=172 empty=121
[11:28:29] push=  116207/s pop=  117090/s | tot push=9598785470 pop=9598698200 | errs p=0 c=172 empty=121
[11:28:39] push=  119741/s pop=  118226/s | tot push=9599982880 pop=9599880460 | errs p=0 c=172 empty=121
[11:28:49] push=  116154/s pop=  113861/s | tot push=9601144420 pop=9601019070 | errs p=0 c=172 empty=121
[11:28:59] push=  123074/s pop=  126128/s | tot push=9602375160 pop=9602280350 | errs p=0 c=172 empty=121
[11:29:09] push=  121818/s pop=  121799/s | tot push=9603593340 pop=9603498340 | errs p=0 c=172 empty=121
[11:29:19] push=  121538/s pop=  121441/s | tot push=9604808720 pop=9604712750 | errs p=0 c=172 empty=121
[11:29:29] push=  124420/s pop=  125234/s | tot push=9606052920 pop=9605965090 | errs p=0 c=172 empty=121
[11:29:39] push=  121326/s pop=  122399/s | tot push=9607266180 pop=9607189080 | errs p=0 c=172 empty=121
[11:29:49] push=  118268/s pop=  117589/s | tot push=9608448860 pop=9608364970 | errs p=0 c=172 empty=121
[11:29:59] push=  122581/s pop=  120534/s | tot push=9609674670 pop=9609570310 | errs p=0 c=172 empty=121
[11:30:09] push=  121731/s pop=  122590/s | tot push=9610891980 pop=9610796210 | errs p=0 c=172 empty=121
[11:30:19] push=  121561/s pop=  120900/s | tot push=9612107590 pop=9612005210 | errs p=0 c=172 empty=121
[11:30:29] push=  122358/s pop=  122527/s | tot push=9613331170 pop=9613230480 | errs p=0 c=172 empty=121
[11:30:39] push=  124800/s pop=  124853/s | tot push=9614579170 pop=9614479010 | errs p=0 c=172 empty=121
[11:30:49] push=  119532/s pop=  118376/s | tot push=9615774490 pop=9615662770 | errs p=0 c=172 empty=121
[11:30:59] push=  119021/s pop=  120650/s | tot push=9616964700 pop=9616869270 | errs p=0 c=172 empty=121
[11:31:09] push=  119399/s pop=  120027/s | tot push=9618158690 pop=9618069540 | errs p=0 c=172 empty=121
[11:31:19] push=  119469/s pop=  120020/s | tot push=9619353380 pop=9619269740 | errs p=0 c=172 empty=121
[11:31:29] push=  118588/s pop=  115884/s | tot push=9620539260 pop=9620428580 | errs p=0 c=172 empty=121
[11:31:39] push=  118087/s pop=  119548/s | tot push=9621720130 pop=9621624060 | errs p=0 c=172 empty=121
[11:31:49] push=  118742/s pop=  119927/s | tot push=9622907550 pop=9622823330 | errs p=0 c=172 empty=121
[11:31:59] push=  115316/s pop=  113597/s | tot push=9624060710 pop=9623959300 | errs p=0 c=172 empty=121
[11:32:09] push=  119809/s pop=  121146/s | tot push=9625258800 pop=9625170760 | errs p=0 c=172 empty=121
[11:32:19] push=  121173/s pop=  119813/s | tot push=9626470530 pop=9626368890 | errs p=0 c=172 empty=121
[11:32:29] push=  120802/s pop=  121341/s | tot push=9627678550 pop=9627582300 | errs p=0 c=172 empty=121
[11:32:39] push=  120795/s pop=  119611/s | tot push=9628886500 pop=9628778410 | errs p=0 c=172 empty=121
[11:32:49] push=  123943/s pop=  125715/s | tot push=9630125930 pop=9630035560 | errs p=0 c=172 empty=121
[11:32:59] push=  115712/s pop=  110533/s | tot push=9631283050 pop=9631140890 | errs p=0 c=172 empty=121
[11:33:09] push=  107932/s pop=  111546/s | tot push=9632362370 pop=9632256350 | errs p=0 c=172 empty=121
[11:33:19] push=  114161/s pop=  116577/s | tot push=9633503980 pop=9633422120 | errs p=0 c=172 empty=121
[11:33:29] push=  117013/s pop=  116554/s | tot push=9634674110 pop=9634587660 | errs p=0 c=172 empty=121
[11:33:39] push=  110930/s pop=  109373/s | tot push=9635783410 pop=9635681390 | errs p=0 c=172 empty=121
[11:33:49] push=  115071/s pop=  115428/s | tot push=9636934120 pop=9636835670 | errs p=0 c=172 empty=121
[11:33:59] push=  119187/s pop=  119776/s | tot push=9638125990 pop=9638033430 | errs p=0 c=172 empty=121
[11:34:09] push=  115710/s pop=  115769/s | tot push=9639283090 pop=9639191120 | errs p=0 c=172 empty=121
[11:34:19] push=  117006/s pop=  117372/s | tot push=9640453150 pop=9640364840 | errs p=0 c=172 empty=121
[11:34:29] push=  119971/s pop=  119010/s | tot push=9641652860 pop=9641554940 | errs p=0 c=172 empty=121
[11:34:39] push=  119444/s pop=  120634/s | tot push=9642847300 pop=9642761280 | errs p=0 c=172 empty=121
[11:34:49] push=  114823/s pop=  115491/s | tot push=9643995530 pop=9643916190 | errs p=0 c=172 empty=121
[11:34:59] push=  119912/s pop=  117782/s | tot push=9645194650 pop=9645094010 | errs p=0 c=172 empty=121
[11:35:09] push=  112755/s pop=  111574/s | tot push=9646322200 pop=9646209750 | errs p=0 c=172 empty=121
[11:35:19] push=  116158/s pop=  119817/s | tot push=9647483780 pop=9647407920 | errs p=0 c=172 empty=121
[11:35:29] push=  113699/s pop=  109505/s | tot push=9648620770 pop=9648502970 | errs p=0 c=172 empty=121
[11:35:39] push=  122430/s pop=  125243/s | tot push=9649845070 pop=9649755400 | errs p=0 c=172 empty=121
[11:35:49] push=  118342/s pop=  117340/s | tot push=9651028490 pop=9650928800 | errs p=0 c=172 empty=121
[11:35:59] push=  122094/s pop=  122261/s | tot push=9652249430 pop=9652151410 | errs p=0 c=172 empty=121
[11:36:09] push=  121211/s pop=  120344/s | tot push=9653461540 pop=9653354850 | errs p=0 c=172 empty=121
[11:36:19] push=  121758/s pop=  123646/s | tot push=9654679120 pop=9654591310 | errs p=0 c=172 empty=121
[11:36:29] push=  122475/s pop=  120452/s | tot push=9655903870 pop=9655795830 | errs p=0 c=172 empty=121
[11:36:39] push=  122043/s pop=  122495/s | tot push=9657124300 pop=9657020780 | errs p=0 c=172 empty=121
[11:36:49] push=  119931/s pop=  120678/s | tot push=9658323610 pop=9658227560 | errs p=0 c=172 empty=121
[11:36:59] push=  121634/s pop=  122486/s | tot push=9659539950 pop=9659452420 | errs p=0 c=172 empty=121
[11:37:09] push=  118071/s pop=  117298/s | tot push=9660720660 pop=9660625400 | errs p=0 c=172 empty=122
[11:37:19] push=  119082/s pop=  114650/s | tot push=9661911480 pop=9661771900 | errs p=0 c=172 empty=122
[11:37:29] push=  119390/s pop=  123841/s | tot push=9663105380 pop=9663010310 | errs p=0 c=172 empty=122
[11:37:39] push=  118408/s pop=  117842/s | tot push=9664289460 pop=9664188730 | errs p=0 c=172 empty=122
[11:37:49] push=  120927/s pop=  122457/s | tot push=9665498730 pop=9665413300 | errs p=0 c=172 empty=122
[11:37:59] push=  125866/s pop=  126546/s | tot push=9666757390 pop=9666678760 | errs p=0 c=172 empty=122
[11:38:09] push=  121832/s pop=  121324/s | tot push=9667975710 pop=9667892000 | errs p=0 c=172 empty=122
[11:38:19] push=  121308/s pop=  120183/s | tot push=9669188790 pop=9669093830 | errs p=0 c=172 empty=122
[11:38:29] push=  121335/s pop=  121582/s | tot push=9670402140 pop=9670309650 | errs p=0 c=172 empty=122
[11:38:39] push=  116642/s pop=  114809/s | tot push=9671568560 pop=9671457740 | errs p=0 c=172 empty=122
[11:38:49] push=  114931/s pop=  116044/s | tot push=9672717870 pop=9672618180 | errs p=0 c=172 empty=122
[11:38:59] push=  116733/s pop=  118312/s | tot push=9673885200 pop=9673801300 | errs p=0 c=172 empty=122
[11:39:09] push=  114921/s pop=  111224/s | tot push=9675034410 pop=9674913540 | errs p=0 c=172 empty=122
[11:39:19] push=  115482/s pop=  118328/s | tot push=9676189230 pop=9676096820 | errs p=0 c=172 empty=122
[11:39:29] push=  116676/s pop=  116362/s | tot push=9677355990 pop=9677260440 | errs p=0 c=172 empty=122
[11:39:39] push=  114607/s pop=  115627/s | tot push=9678502060 pop=9678416710 | errs p=0 c=172 empty=122
[11:39:49] push=  111470/s pop=  110618/s | tot push=9679616760 pop=9679522890 | errs p=0 c=172 empty=122
[11:39:59] push=  115182/s pop=  114836/s | tot push=9680768580 pop=9680671250 | errs p=0 c=172 empty=122
[11:40:09] push=  115870/s pop=  116864/s | tot push=9681927280 pop=9681839890 | errs p=0 c=172 empty=122
[11:40:19] push=  114390/s pop=  111352/s | tot push=9683071180 pop=9682953410 | errs p=0 c=172 empty=122
[11:40:29] push=  113846/s pop=  116385/s | tot push=9684209640 pop=9684117260 | errs p=0 c=172 empty=122
[11:40:39] push=  117157/s pop=  116772/s | tot push=9685381210 pop=9685284980 | errs p=0 c=172 empty=122
[11:40:49] push=  111068/s pop=  111484/s | tot push=9686491890 pop=9686399820 | errs p=0 c=172 empty=122
[11:40:59] push=  116940/s pop=  115330/s | tot push=9687661290 pop=9687553120 | errs p=0 c=172 empty=122
[11:41:09] push=  116382/s pop=  118103/s | tot push=9688825110 pop=9688734150 | errs p=0 c=172 empty=122
[11:41:19] push=  119796/s pop=  119138/s | tot push=9690023070 pop=9689925530 | errs p=0 c=172 empty=122
[11:41:29] push=  114782/s pop=  114881/s | tot push=9691170890 pop=9691074340 | errs p=0 c=172 empty=122
[11:41:39] push=  118422/s pop=  118962/s | tot push=9692355110 pop=9692263960 | errs p=0 c=172 empty=122
[11:41:49] push=  121636/s pop=  121971/s | tot push=9693571470 pop=9693483670 | errs p=0 c=172 empty=122
[11:41:59] push=  122439/s pop=  121913/s | tot push=9694795860 pop=9694702800 | errs p=0 c=172 empty=122
[11:42:09] push=  122023/s pop=  119705/s | tot push=9696016090 pop=9695899850 | errs p=0 c=172 empty=122
[11:42:19] push=  122920/s pop=  125616/s | tot push=9697245290 pop=9697156010 | errs p=0 c=172 empty=122
[11:42:29] push=  120042/s pop=  119955/s | tot push=9698445710 pop=9698355560 | errs p=0 c=172 empty=122
[11:42:39] push=  121419/s pop=  119394/s | tot push=9699659900 pop=9699549500 | errs p=0 c=172 empty=122
[11:42:49] push=  121765/s pop=  123117/s | tot push=9700877550 pop=9700780670 | errs p=0 c=172 empty=122
[11:42:59] push=  124314/s pop=  124726/s | tot push=9702120690 pop=9702027930 | errs p=0 c=172 empty=122
[11:43:09] push=  120270/s pop=  120629/s | tot push=9703323390 pop=9703234220 | errs p=0 c=172 empty=122
[11:43:19] push=  122281/s pop=  120543/s | tot push=9704546200 pop=9704439650 | errs p=0 c=172 empty=122
[11:43:29] push=  119481/s pop=  121410/s | tot push=9705741010 pop=9705653750 | errs p=0 c=172 empty=122
[11:43:39] push=  114933/s pop=  105266/s | tot push=9706890340 pop=9706706410 | errs p=0 c=172 empty=122
[11:43:49] push=  115902/s pop=  124855/s | tot push=9708049360 pop=9707954960 | errs p=0 c=172 empty=122
[11:43:59] push=  120084/s pop=  121259/s | tot push=9709250200 pop=9709167550 | errs p=0 c=172 empty=122
[11:44:09] push=  110997/s pop=  110365/s | tot push=9710360170 pop=9710271200 | errs p=0 c=172 empty=122
[11:44:19] push=  113803/s pop=  111942/s | tot push=9711498200 pop=9711390620 | errs p=0 c=172 empty=122
[11:44:29] push=  117172/s pop=  119296/s | tot push=9712669920 pop=9712583580 | errs p=0 c=172 empty=122
[11:44:39] push=  118357/s pop=  119029/s | tot push=9713853490 pop=9713773870 | errs p=0 c=172 empty=122
[11:44:49] push=  116545/s pop=  115628/s | tot push=9715018940 pop=9714930150 | errs p=0 c=172 empty=122
[11:44:59] push=  117887/s pop=  117277/s | tot push=9716197810 pop=9716102920 | errs p=0 c=172 empty=122
[11:45:09] push=  120671/s pop=  121111/s | tot push=9717404520 pop=9717314030 | errs p=0 c=172 empty=122
[11:45:19] push=  119328/s pop=  117981/s | tot push=9718597800 pop=9718493840 | errs p=0 c=172 empty=122
[11:45:29] push=  119816/s pop=  119880/s | tot push=9719795960 pop=9719692640 | errs p=0 c=172 empty=122
[11:45:39] push=  123467/s pop=  124850/s | tot push=9721030630 pop=9720941140 | errs p=0 c=172 empty=122
[11:45:49] push=  113692/s pop=  112765/s | tot push=9722167550 pop=9722068790 | errs p=0 c=172 empty=122
[11:45:59] push=  115987/s pop=  115800/s | tot push=9723327420 pop=9723226790 | errs p=0 c=172 empty=122
[11:46:09] push=  111244/s pop=  111206/s | tot push=9724439860 pop=9724338850 | errs p=0 c=172 empty=122
[11:46:19] push=  115951/s pop=  116758/s | tot push=9725599370 pop=9725506430 | errs p=0 c=172 empty=122
[11:46:29] push=  114462/s pop=  112340/s | tot push=9726743990 pop=9726629830 | errs p=0 c=172 empty=122
[11:46:39] push=  116045/s pop=  118516/s | tot push=9727904440 pop=9727814990 | errs p=0 c=172 empty=122
[11:46:49] push=  118233/s pop=  118984/s | tot push=9729086770 pop=9729004830 | errs p=0 c=172 empty=122
[11:46:59] push=  112089/s pop=  112455/s | tot push=9730207660 pop=9730129380 | errs p=0 c=172 empty=122
[11:47:09] push=  119075/s pop=  116189/s | tot push=9731398410 pop=9731291270 | errs p=0 c=172 empty=122
[11:47:19] push=  119671/s pop=  121011/s | tot push=9732595120 pop=9732501380 | errs p=0 c=172 empty=122
[11:47:29] push=  119477/s pop=  120050/s | tot push=9733789890 pop=9733701880 | errs p=0 c=172 empty=122
[11:47:39] push=  113562/s pop=  112928/s | tot push=9734925510 pop=9734831160 | errs p=0 c=172 empty=122
[11:47:49] push=  118275/s pop=  119110/s | tot push=9736108260 pop=9736022260 | errs p=0 c=172 empty=123
[11:47:59] push=  114541/s pop=  113767/s | tot push=9737253670 pop=9737159930 | errs p=0 c=172 empty=123
[11:48:09] push=  118749/s pop=  119969/s | tot push=9738441160 pop=9738359620 | errs p=0 c=172 empty=123
[11:48:19] push=  116901/s pop=  115868/s | tot push=9739610170 pop=9739518300 | errs p=0 c=172 empty=123
[11:48:29] push=  120425/s pop=  121305/s | tot push=9740814420 pop=9740731350 | errs p=0 c=172 empty=123
[11:48:39] push=  120242/s pop=  119981/s | tot push=9742016840 pop=9741931160 | errs p=0 c=172 empty=123
[11:48:49] push=  122829/s pop=  120046/s | tot push=9743245130 pop=9743131620 | errs p=0 c=172 empty=123
[11:48:59] push=  122234/s pop=  123002/s | tot push=9744467470 pop=9744361640 | errs p=0 c=172 empty=123
[11:49:09] push=  121731/s pop=  123626/s | tot push=9745684780 pop=9745597900 | errs p=0 c=172 empty=123
[11:49:19] push=  119967/s pop=  120055/s | tot push=9746884450 pop=9746798450 | errs p=0 c=172 empty=123
[11:49:29] push=  121007/s pop=  121087/s | tot push=9748094520 pop=9748009320 | errs p=0 c=172 empty=123
[11:49:39] push=  122326/s pop=  120589/s | tot push=9749317780 pop=9749215210 | errs p=0 c=172 empty=123
[11:49:49] push=  117560/s pop=  119867/s | tot push=9750493380 pop=9750413880 | errs p=0 c=172 empty=123
[11:49:59] push=  116617/s pop=  112577/s | tot push=9751659550 pop=9751539650 | errs p=0 c=172 empty=123
[11:50:09] push=  119383/s pop=  121727/s | tot push=9752853380 pop=9752756920 | errs p=0 c=172 empty=123
[11:50:19] push=  117150/s pop=  118321/s | tot push=9754024880 pop=9753940130 | errs p=0 c=172 empty=123
[11:50:29] push=  121575/s pop=  120323/s | tot push=9755240630 pop=9755143360 | errs p=0 c=172 empty=123
[11:50:39] push=  121607/s pop=  122954/s | tot push=9756456700 pop=9756372900 | errs p=0 c=172 empty=123
[11:50:49] push=  122126/s pop=  121309/s | tot push=9757677960 pop=9757585990 | errs p=0 c=172 empty=123
[11:50:59] push=  120720/s pop=  118232/s | tot push=9758885160 pop=9758768310 | errs p=0 c=172 empty=123
[11:51:09] push=  126747/s pop=  128757/s | tot push=9760152630 pop=9760055880 | errs p=0 c=172 empty=123
[11:51:19] push=  122541/s pop=  123298/s | tot push=9761378040 pop=9761288860 | errs p=0 c=172 empty=123
[11:51:29] push=  119213/s pop=  116282/s | tot push=9762570170 pop=9762451680 | errs p=0 c=172 empty=123
[11:51:39] push=  118578/s pop=  121148/s | tot push=9763755950 pop=9763663160 | errs p=0 c=172 empty=123
[11:51:49] push=  126151/s pop=  125932/s | tot push=9765017460 pop=9764922480 | errs p=0 c=172 empty=123
[11:51:59] push=  119929/s pop=  122048/s | tot push=9766216750 pop=9766142960 | errs p=0 c=172 empty=123
[11:52:09] push=  123284/s pop=  109763/s | tot push=9767449590 pop=9767240590 | errs p=0 c=172 empty=123
[11:52:19] push=  120611/s pop=  128066/s | tot push=9768655700 pop=9768521250 | errs p=0 c=172 empty=123
[11:52:29] push=  118391/s pop=  114629/s | tot push=9769839610 pop=9769667540 | errs p=0 c=172 empty=123
[11:52:39] push=  110685/s pop=  117015/s | tot push=9770946460 pop=9770837690 | errs p=0 c=172 empty=123
[11:52:49] push=  116094/s pop=  116442/s | tot push=9772107400 pop=9772002110 | errs p=0 c=172 empty=123
[11:52:59] push=  118329/s pop=  115942/s | tot push=9773290690 pop=9773161530 | errs p=0 c=172 empty=123
[11:53:09] push=  111167/s pop=  113354/s | tot push=9774402360 pop=9774295070 | errs p=0 c=172 empty=123
[11:53:19] push=  115234/s pop=  116179/s | tot push=9775554700 pop=9775456860 | errs p=0 c=172 empty=123
[11:53:29] push=  115744/s pop=  115527/s | tot push=9776712140 pop=9776612130 | errs p=0 c=172 empty=123
[11:53:39] push=  116772/s pop=  115991/s | tot push=9777879860 pop=9777772040 | errs p=0 c=172 empty=123
[11:53:49] push=  115873/s pop=  117353/s | tot push=9779038590 pop=9778945570 | errs p=0 c=172 empty=123
[11:53:59] push=  120325/s pop=  120010/s | tot push=9780241840 pop=9780145670 | errs p=0 c=172 empty=123
[11:54:09] push=  114475/s pop=  113881/s | tot push=9781386590 pop=9781284480 | errs p=0 c=172 empty=123
[11:54:19] push=  114424/s pop=  110960/s | tot push=9782530830 pop=9782394080 | errs p=0 c=172 empty=123
[11:54:29] push=  118916/s pop=  123718/s | tot push=9783719990 pop=9783631260 | errs p=0 c=172 empty=123
[11:54:39] push=  119372/s pop=  118819/s | tot push=9784913710 pop=9784819450 | errs p=0 c=172 empty=123
[11:54:49] push=  117781/s pop=  117683/s | tot push=9786091520 pop=9785996280 | errs p=0 c=172 empty=123
[11:54:59] push=  121211/s pop=  121425/s | tot push=9787303630 pop=9787210530 | errs p=0 c=172 empty=123
[11:55:09] push=  120616/s pop=  121457/s | tot push=9788509790 pop=9788425100 | errs p=0 c=172 empty=123
[11:55:19] push=  119156/s pop=  116475/s | tot push=9789701350 pop=9789589850 | errs p=0 c=172 empty=123
[11:55:29] push=  122332/s pop=  122763/s | tot push=9790924670 pop=9790817480 | errs p=0 c=172 empty=123
[11:55:39] push=  124895/s pop=  126552/s | tot push=9792173620 pop=9792083000 | errs p=0 c=172 empty=123
[11:55:49] push=  122487/s pop=  122198/s | tot push=9793398490 pop=9793304980 | errs p=0 c=172 empty=123
[11:55:59] push=  120477/s pop=  120225/s | tot push=9794603260 pop=9794507230 | errs p=0 c=172 empty=123
[11:56:09] push=  119317/s pop=  120419/s | tot push=9795796430 pop=9795711420 | errs p=0 c=172 empty=123
[11:56:19] push=  122140/s pop=  118663/s | tot push=9797017830 pop=9796898050 | errs p=0 c=172 empty=123
[11:56:29] push=  113283/s pop=  115934/s | tot push=9798150660 pop=9798057390 | errs p=0 c=172 empty=123
[11:56:39] push=  119437/s pop=  119904/s | tot push=9799345030 pop=9799256430 | errs p=0 c=172 empty=123
[11:56:49] push=  120244/s pop=  120640/s | tot push=9800547470 pop=9800462830 | errs p=0 c=172 empty=123
[11:56:59] push=  119381/s pop=  117956/s | tot push=9801741280 pop=9801642390 | errs p=0 c=172 empty=123
[11:57:09] push=  119694/s pop=  119074/s | tot push=9802938220 pop=9802833130 | errs p=0 c=172 empty=123
[11:57:19] push=  122412/s pop=  124965/s | tot push=9804162340 pop=9804082780 | errs p=0 c=172 empty=123
[11:57:29] push=  120555/s pop=  120075/s | tot push=9805367890 pop=9805283530 | errs p=0 c=172 empty=123
[11:57:39] push=  120365/s pop=  121249/s | tot push=9806571540 pop=9806496020 | errs p=0 c=172 empty=123
[11:57:49] push=  123571/s pop=  121267/s | tot push=9807807250 pop=9807708690 | errs p=0 c=172 empty=123
[11:57:59] push=  121207/s pop=  121861/s | tot push=9809019320 pop=9808927300 | errs p=0 c=172 empty=123
[11:58:09] push=  115421/s pop=  115884/s | tot push=9810173530 pop=9810086140 | errs p=0 c=172 empty=123
[11:58:19] push=  121041/s pop=  119997/s | tot push=9811383940 pop=9811286110 | errs p=0 c=172 empty=123
[11:58:29] push=  119333/s pop=  119744/s | tot push=9812577270 pop=9812483550 | errs p=0 c=172 empty=123
[11:58:39] push=  116489/s pop=  114982/s | tot push=9813742160 pop=9813633370 | errs p=0 c=172 empty=123
[11:58:49] push=  113775/s pop=  114585/s | tot push=9814879910 pop=9814779220 | errs p=0 c=172 empty=123
[11:58:59] push=  117812/s pop=  118637/s | tot push=9816058030 pop=9815965590 | errs p=0 c=172 empty=123
[11:59:09] push=  108247/s pop=  106365/s | tot push=9817140500 pop=9817029240 | errs p=0 c=172 empty=123
[11:59:19] push=  113392/s pop=  114125/s | tot push=9818274420 pop=9818170490 | errs p=0 c=172 empty=123
[11:59:29] push=  112278/s pop=  113344/s | tot push=9819397200 pop=9819303930 | errs p=0 c=172 empty=123
[11:59:39] push=  118213/s pop=  115786/s | tot push=9820579330 pop=9820461790 | errs p=0 c=172 empty=123
[11:59:49] push=  107866/s pop=  108213/s | tot push=9821657990 pop=9821543920 | errs p=0 c=172 empty=123
[11:59:59] push=  112686/s pop=  115157/s | tot push=9822784850 pop=9822695490 | errs p=0 c=172 empty=123
[12:00:09] push=  110116/s pop=  110364/s | tot push=9823886010 pop=9823799130 | errs p=0 c=172 empty=123
[12:00:19] push=  113873/s pop=  114947/s | tot push=9825024740 pop=9824948600 | errs p=0 c=172 empty=123
[12:00:29] push=  111418/s pop=  108438/s | tot push=9826138920 pop=9826032980 | errs p=0 c=172 empty=123
[12:00:39] push=  115954/s pop=  117407/s | tot push=9827298460 pop=9827207050 | errs p=0 c=172 empty=123
[12:00:49] push=  117543/s pop=  117023/s | tot push=9828473890 pop=9828377280 | errs p=0 c=172 empty=123
[12:00:59] push=  122200/s pop=  121845/s | tot push=9829695890 pop=9829595730 | errs p=0 c=172 empty=123
[12:01:09] push=  119445/s pop=  121300/s | tot push=9830890340 pop=9830808730 | errs p=0 c=172 empty=123
[12:01:19] push=  123344/s pop=  121976/s | tot push=9832123780 pop=9832028490 | errs p=0 c=172 empty=123
[12:01:29] push=  121662/s pop=  122301/s | tot push=9833340400 pop=9833251500 | errs p=0 c=172 empty=123
[12:01:39] push=  124191/s pop=  124085/s | tot push=9834582310 pop=9834492350 | errs p=0 c=172 empty=123
[12:01:49] push=  124742/s pop=  123267/s | tot push=9835829730 pop=9835725020 | errs p=0 c=172 empty=123
[12:01:59] push=  123318/s pop=  124552/s | tot push=9837062910 pop=9836970540 | errs p=0 c=172 empty=123
[12:02:09] push=  121049/s pop=  121020/s | tot push=9838273400 pop=9838180740 | errs p=0 c=172 empty=123
[12:02:19] push=  126582/s pop=  127279/s | tot push=9839539220 pop=9839453530 | errs p=0 c=172 empty=123
[12:02:29] push=  122446/s pop=  121255/s | tot push=9840763680 pop=9840666080 | errs p=0 c=172 empty=123
[12:02:39] push=  119858/s pop=  119052/s | tot push=9841962260 pop=9841856600 | errs p=0 c=172 empty=123
[12:02:49] push=  117222/s pop=  114586/s | tot push=9843134480 pop=9843002460 | errs p=0 c=172 empty=123
[12:02:59] push=  125387/s pop=  128552/s | tot push=9844388350 pop=9844287980 | errs p=0 c=172 empty=123
[12:03:09] push=  117620/s pop=  118699/s | tot push=9845564550 pop=9845474970 | errs p=0 c=172 empty=123
[12:03:19] push=  120292/s pop=  120083/s | tot push=9846767470 pop=9846675800 | errs p=0 c=172 empty=123
[12:03:29] push=  121543/s pop=  121370/s | tot push=9847982900 pop=9847889500 | errs p=0 c=172 empty=123
[12:03:39] push=  117888/s pop=  116009/s | tot push=9849161780 pop=9849049590 | errs p=0 c=172 empty=123
[12:03:49] push=  117854/s pop=  119388/s | tot push=9850340320 pop=9850243470 | errs p=0 c=172 empty=123
[12:03:59] push=  120629/s pop=  118744/s | tot push=9851546610 pop=9851430910 | errs p=0 c=172 empty=123
[12:04:09] push=  119253/s pop=  122737/s | tot push=9852739140 pop=9852658280 | errs p=0 c=172 empty=123
[12:04:19] push=  120281/s pop=  119619/s | tot push=9853941950 pop=9853854470 | errs p=0 c=172 empty=123
[12:04:29] push=  122093/s pop=  121283/s | tot push=9855162880 pop=9855067300 | errs p=0 c=172 empty=123
[12:04:39] push=  118789/s pop=  119525/s | tot push=9856350770 pop=9856262550 | errs p=0 c=172 empty=123
[12:04:49] push=  115040/s pop=  108721/s | tot push=9857501170 pop=9857349760 | errs p=0 c=172 empty=123
[12:04:59] push=  116094/s pop=  118407/s | tot push=9858662110 pop=9858533830 | errs p=0 c=172 empty=123
[12:05:09] push=  119620/s pop=  121741/s | tot push=9859858310 pop=9859751240 | errs p=0 c=172 empty=123
[12:05:19] push=  112035/s pop=  109846/s | tot push=9860978660 pop=9860849700 | errs p=0 c=172 empty=123
[12:05:29] push=  111016/s pop=  114153/s | tot push=9862088820 pop=9861991230 | errs p=0 c=172 empty=123
[12:05:39] push=  113796/s pop=  114576/s | tot push=9863226780 pop=9863136990 | errs p=0 c=172 empty=123
[12:05:49] push=  109826/s pop=  108359/s | tot push=9864325040 pop=9864220580 | errs p=0 c=172 empty=123
[12:05:59] push=  108360/s pop=  108224/s | tot push=9865408640 pop=9865302820 | errs p=0 c=172 empty=123
[12:06:09] push=  113212/s pop=  112595/s | tot push=9866540760 pop=9866428770 | errs p=0 c=172 empty=123
[12:06:19] push=  116622/s pop=  117785/s | tot push=9867706980 pop=9867606620 | errs p=0 c=172 empty=123
[12:06:29] push=  112122/s pop=  111431/s | tot push=9868828200 pop=9868720930 | errs p=0 c=172 empty=123
[12:06:39] push=  115281/s pop=  115380/s | tot push=9869981010 pop=9869874730 | errs p=0 c=172 empty=123
[12:06:49] push=  118918/s pop=  120435/s | tot push=9871170190 pop=9871079080 | errs p=0 c=172 empty=123
[12:06:59] push=  115247/s pop=  111015/s | tot push=9872322660 pop=9872189230 | errs p=0 c=172 empty=123
[12:07:09] push=  111627/s pop=  112230/s | tot push=9873438930 pop=9873311530 | errs p=0 c=172 empty=123
[12:07:19] push=  119373/s pop=  123185/s | tot push=9874632660 pop=9874543380 | errs p=0 c=172 empty=123
[12:07:29] push=  119189/s pop=  118846/s | tot push=9875824550 pop=9875731840 | errs p=0 c=172 empty=123
[12:07:39] push=  120397/s pop=  121228/s | tot push=9877028520 pop=9876944120 | errs p=0 c=172 empty=123
[12:07:49] push=  121707/s pop=  120887/s | tot push=9878245590 pop=9878152990 | errs p=0 c=172 empty=123
[12:07:59] push=  127290/s pop=  127127/s | tot push=9879518490 pop=9879424260 | errs p=0 c=172 empty=123
[12:08:09] push=  122733/s pop=  122732/s | tot push=9880745820 pop=9880651580 | errs p=0 c=172 empty=123
[12:08:19] push=  123376/s pop=  121625/s | tot push=9881979580 pop=9881867830 | errs p=0 c=172 empty=123
[12:08:29] push=  122878/s pop=  125520/s | tot push=9883208360 pop=9883123030 | errs p=0 c=172 empty=123
[12:08:39] push=  121018/s pop=  119856/s | tot push=9884418540 pop=9884321590 | errs p=0 c=172 empty=123
[12:08:49] push=  117951/s pop=  118105/s | tot push=9885598050 pop=9885502640 | errs p=0 c=172 empty=123
[12:08:59] push=  125782/s pop=  124844/s | tot push=9886855870 pop=9886751080 | errs p=0 c=172 empty=123
[12:09:09] push=  116424/s pop=  119460/s | tot push=9888020110 pop=9887945680 | errs p=0 c=172 empty=123
[12:09:19] push=  122915/s pop=  120825/s | tot push=9889249260 pop=9889153930 | errs p=0 c=172 empty=123
[12:09:29] push=  118874/s pop=  118607/s | tot push=9890438000 pop=9890340000 | errs p=0 c=172 empty=123
[12:09:39] push=  117088/s pop=  117710/s | tot push=9891608880 pop=9891517100 | errs p=0 c=172 empty=123
[12:09:49] push=  111765/s pop=  112792/s | tot push=9892726530 pop=9892645020 | errs p=0 c=172 empty=123
[12:09:59] push=  120891/s pop=  120100/s | tot push=9893935440 pop=9893846020 | errs p=0 c=172 empty=123
[12:10:09] push=  123035/s pop=  123207/s | tot push=9895165790 pop=9895078090 | errs p=0 c=172 empty=123
[12:10:19] push=  121310/s pop=  117912/s | tot push=9896378890 pop=9896257210 | errs p=0 c=172 empty=123
[12:10:29] push=  117568/s pop=  118769/s | tot push=9897554570 pop=9897444900 | errs p=0 c=172 empty=123
[12:10:39] push=  124813/s pop=  125821/s | tot push=9898802700 pop=9898703110 | errs p=0 c=172 empty=123
[12:10:49] push=  116464/s pop=  117303/s | tot push=9899967340 pop=9899876140 | errs p=0 c=172 empty=123
[12:10:59] push=  119237/s pop=  119174/s | tot push=9901159710 pop=9901067880 | errs p=0 c=172 empty=123
[12:11:09] push=  121307/s pop=  120549/s | tot push=9902372780 pop=9902273370 | errs p=0 c=172 empty=123
[12:11:19] push=  120925/s pop=  119569/s | tot push=9903582030 pop=9903469060 | errs p=0 c=172 empty=123
[12:11:29] push=  117756/s pop=  118753/s | tot push=9904759590 pop=9904656590 | errs p=0 c=172 empty=123
[12:11:39] push=  121624/s pop=  122382/s | tot push=9905975830 pop=9905880410 | errs p=0 c=172 empty=123
[12:11:49] push=  113206/s pop=  115240/s | tot push=9907107890 pop=9907032810 | errs p=0 c=172 empty=123
[12:11:59] push=  114728/s pop=  111410/s | tot push=9908255170 pop=9908146910 | errs p=0 c=172 empty=123
[12:12:09] push=  111237/s pop=  113767/s | tot push=9909367540 pop=9909284580 | errs p=0 c=172 empty=123
[12:12:19] push=  112150/s pop=  111775/s | tot push=9910489040 pop=9910402330 | errs p=0 c=172 empty=123
[12:12:29] push=  116519/s pop=  115376/s | tot push=9911654230 pop=9911556090 | errs p=0 c=172 empty=123
[12:12:39] push=  111638/s pop=  110398/s | tot push=9912770610 pop=9912660070 | errs p=0 c=172 empty=124
[12:12:49] push=  114346/s pop=  116866/s | tot push=9913914070 pop=9913828730 | errs p=0 c=172 empty=124
[12:12:59] push=  110261/s pop=  109803/s | tot push=9915016680 pop=9914926760 | errs p=0 c=172 empty=124
[12:13:09] push=  111900/s pop=  111417/s | tot push=9916135680 pop=9916040930 | errs p=0 c=172 empty=124
[12:13:19] push=  112928/s pop=  107188/s | tot push=9917264960 pop=9917112810 | errs p=0 c=172 empty=124
[12:13:29] push=  110247/s pop=  112624/s | tot push=9918367430 pop=9918239050 | errs p=0 c=172 empty=124
[12:13:39] push=  114906/s pop=  118499/s | tot push=9919516490 pop=9919424040 | errs p=0 c=172 empty=124
[12:13:49] push=  115808/s pop=  113621/s | tot push=9920674570 pop=9920560250 | errs p=0 c=172 empty=124
[12:13:59] push=  118704/s pop=  120637/s | tot push=9921861610 pop=9921766620 | errs p=0 c=172 empty=124
[12:14:09] push=  117422/s pop=  117565/s | tot push=9923035830 pop=9922942270 | errs p=0 c=172 empty=124
[12:14:19] push=  119448/s pop=  116219/s | tot push=9924230310 pop=9924104460 | errs p=0 c=172 empty=124
[12:14:29] push=  117723/s pop=   87341/s | tot push=9925407540 pop=9924977870 | errs p=0 c=172 empty=124
[12:14:39] push=  108989/s pop=  124635/s | tot push=9926497430 pop=9926224220 | errs p=0 c=172 empty=124
[12:14:49] push=  112137/s pop=  110879/s | tot push=9927618800 pop=9927333010 | errs p=0 c=172 empty=124
[12:14:59] push=  112261/s pop=  116088/s | tot push=9928741410 pop=9928493890 | errs p=0 c=172 empty=124
[12:15:09] push=  117812/s pop=  127023/s | tot push=9929919530 pop=9929764120 | errs p=0 c=172 empty=124
[12:15:19] push=  116928/s pop=  119422/s | tot push=9931088810 pop=9930958340 | errs p=0 c=172 empty=124
[12:15:29] push=  118513/s pop=  101395/s | tot push=9932273940 pop=9931972290 | errs p=0 c=172 empty=124
[12:15:39] push=  117776/s pop=   96314/s | tot push=9933451700 pop=9932935430 | errs p=0 c=172 empty=124
[12:15:49] push=  100083/s pop=  103594/s | tot push=9934452530 pop=9933971370 | errs p=0 c=172 empty=124
[12:15:59] push=  107133/s pop=   97478/s | tot push=9935523860 pop=9934946150 | errs p=0 c=172 empty=124
[12:16:09] push=  110438/s pop=  121176/s | tot push=9936628240 pop=9936157910 | errs p=0 c=172 empty=124
[12:16:19] push=  114312/s pop=  131841/s | tot push=9937771360 pop=9937476320 | errs p=0 c=172 empty=124
[12:16:29] push=  113865/s pop=  125171/s | tot push=9938910010 pop=9938728030 | errs p=0 c=172 empty=124
[12:16:39] push=  112863/s pop=  120492/s | tot push=9940038640 pop=9939932950 | errs p=0 c=172 empty=124
[12:16:49] push=  120657/s pop=  122068/s | tot push=9941245210 pop=9941153630 | errs p=0 c=172 empty=124
[12:16:59] push=  116868/s pop=  116279/s | tot push=9942413890 pop=9942316420 | errs p=0 c=172 empty=124
[12:17:09] push=  116652/s pop=  116948/s | tot push=9943580410 pop=9943485900 | errs p=0 c=172 empty=124
[12:17:19] push=  118415/s pop=  118275/s | tot push=9944764560 pop=9944668650 | errs p=0 c=172 empty=124
[12:17:29] push=  118863/s pop=  120916/s | tot push=9945953190 pop=9945877810 | errs p=0 c=172 empty=124
[12:17:39] push=  113238/s pop=  110894/s | tot push=9947085570 pop=9946986750 | errs p=0 c=172 empty=124
[12:17:49] push=  119166/s pop=  118650/s | tot push=9948277230 pop=9948173250 | errs p=0 c=172 empty=124
[12:17:59] push=  119810/s pop=  121627/s | tot push=9949475330 pop=9949389520 | errs p=0 c=172 empty=124
[12:18:09] push=  119629/s pop=  119387/s | tot push=9950671620 pop=9950583390 | errs p=0 c=172 empty=124
[12:18:19] push=  115226/s pop=  114492/s | tot push=9951823880 pop=9951728310 | errs p=0 c=172 empty=124
[12:18:29] push=  116909/s pop=   98412/s | tot push=9952992970 pop=9952712430 | errs p=0 c=172 empty=124
[12:18:39] push=  113972/s pop=  106307/s | tot push=9954132690 pop=9953775500 | errs p=0 c=172 empty=124
[12:18:49] push=   98854/s pop=   94142/s | tot push=9955121230 pop=9954716920 | errs p=0 c=172 empty=124
[12:18:59] push=  104510/s pop=   87969/s | tot push=9956166330 pop=9955596610 | errs p=0 c=172 empty=124
[12:19:09] push=   99590/s pop=   90836/s | tot push=9957162230 pop=9956504970 | errs p=0 c=172 empty=124
[12:19:19] push=  102242/s pop=  103624/s | tot push=9958184650 pop=9957541210 | errs p=0 c=172 empty=124
[12:19:29] push=  107489/s pop=  109409/s | tot push=9959259540 pop=9958635300 | errs p=0 c=172 empty=124
[12:19:39] push=  102284/s pop=  117409/s | tot push=9960282380 pop=9959809390 | errs p=0 c=172 empty=124
[12:19:49] push=  111388/s pop=  117276/s | tot push=9961396260 pop=9960982150 | errs p=0 c=172 empty=124
[12:19:59] push=  110302/s pop=  124524/s | tot push=9962499280 pop=9962227390 | errs p=0 c=172 empty=124
[12:20:09] push=  108316/s pop=  117503/s | tot push=9963582440 pop=9963402420 | errs p=0 c=172 empty=124
[12:20:19] push=  111015/s pop=  114362/s | tot push=9964692590 pop=9964546040 | errs p=0 c=172 empty=124
[12:20:29] push=  114832/s pop=  119043/s | tot push=9965840910 pop=9965736470 | errs p=0 c=172 empty=124
[12:20:39] push=  115684/s pop=  117388/s | tot push=9966997750 pop=9966910350 | errs p=0 c=172 empty=124
[12:20:49] push=  111004/s pop=  110843/s | tot push=9968107790 pop=9968018780 | errs p=0 c=172 empty=124
[12:20:59] push=  117407/s pop=  115818/s | tot push=9969281860 pop=9969176960 | errs p=0 c=172 empty=124
[12:21:09] push=  116804/s pop=  117698/s | tot push=9970449900 pop=9970353940 | errs p=0 c=172 empty=124
[12:21:19] push=  116987/s pop=  114669/s | tot push=9971619770 pop=9971500630 | errs p=0 c=172 empty=124
[12:21:29] push=  114964/s pop=  116989/s | tot push=9972769410 pop=9972670520 | errs p=0 c=172 empty=124
[12:21:39] push=  119008/s pop=  119885/s | tot push=9973959490 pop=9973869370 | errs p=0 c=172 empty=124
[12:21:49] push=  111242/s pop=  111724/s | tot push=9975071910 pop=9974986610 | errs p=0 c=172 empty=124
[12:21:59] push=  114116/s pop=  112869/s | tot push=9976213070 pop=9976115300 | errs p=0 c=172 empty=124
[12:22:09] push=  113881/s pop=  113965/s | tot push=9977351880 pop=9977254950 | errs p=0 c=172 empty=124
[12:22:19] push=  113470/s pop=  113871/s | tot push=9978486580 pop=9978393660 | errs p=0 c=172 empty=124
[12:22:29] push=  117594/s pop=  103827/s | tot push=9979662520 pop=9979431930 | errs p=0 c=172 empty=124
[12:22:39] push=  113018/s pop=  104738/s | tot push=9980792700 pop=9980479310 | errs p=0 c=172 empty=124
[12:22:49] push=  107506/s pop=   98289/s | tot push=9981867760 pop=9981462200 | errs p=0 c=172 empty=124
[12:22:59] push=  110582/s pop=  120781/s | tot push=9982973580 pop=9982670010 | errs p=0 c=172 empty=124
[12:23:09] push=  114275/s pop=  127936/s | tot push=9984116330 pop=9983949370 | errs p=0 c=172 empty=124
[12:23:19] push=  116009/s pop=  123444/s | tot push=9985276420 pop=9985183810 | errs p=0 c=172 empty=124
[12:23:29] push=  118644/s pop=  118706/s | tot push=9986462860 pop=9986370870 | errs p=0 c=172 empty=124
[12:23:39] push=  110167/s pop=  111208/s | tot push=9987564530 pop=9987482950 | errs p=0 c=172 empty=124
[12:23:49] push=  113250/s pop=  112371/s | tot push=9988697030 pop=9988606660 | errs p=0 c=172 empty=124
[12:23:59] push=  113100/s pop=  112940/s | tot push=9989828030 pop=9989736060 | errs p=0 c=172 empty=124
[12:24:09] push=  114131/s pop=  113194/s | tot push=9990969340 pop=9990868000 | errs p=0 c=172 empty=124
[12:24:19] push=  114573/s pop=  115728/s | tot push=9992115070 pop=9992025280 | errs p=0 c=172 empty=124
[12:24:29] push=  115494/s pop=  110294/s | tot push=9993270010 pop=9993128220 | errs p=0 c=172 empty=124
[12:24:39] push=  116827/s pop=   96143/s | tot push=9994438280 pop=9994089650 | errs p=0 c=172 empty=124
[12:24:49] push=  102720/s pop=   99712/s | tot push=9995465480 pop=9995086770 | errs p=0 c=172 empty=124
[12:24:59] push=  111762/s pop=  102667/s | tot push=9996583100 pop=9996113440 | errs p=0 c=172 empty=124
[12:25:09] push=  113231/s pop=  133885/s | tot push=9997715410 pop=9997452290 | errs p=0 c=172 empty=124
[12:25:19] push=  106513/s pop=  120033/s | tot push=9998780540 pop=9998652620 | errs p=0 c=172 empty=124
[12:25:29] push=  110179/s pop=  111740/s | tot push=9999882330 pop=9999770020 | errs p=0 c=172 empty=124
[12:25:39] push=  109102/s pop=  112049/s | tot push=10000973350 pop=10000890510 | errs p=0 c=172 empty=124
[12:25:49] push=  107664/s pop=  104861/s | tot push=10002049990 pop=10001939120 | errs p=0 c=172 empty=124
[12:25:59] push=  108770/s pop=  110444/s | tot push=10003137690 pop=10003043560 | errs p=0 c=172 empty=124
[12:26:09] push=  113148/s pop=  110717/s | tot push=10004269170 pop=10004150730 | errs p=0 c=172 empty=124
[12:26:19] push=  108793/s pop=  111500/s | tot push=10005357100 pop=10005265730 | errs p=0 c=172 empty=124
[12:26:29] push=  110731/s pop=  109693/s | tot push=10006464410 pop=10006362660 | errs p=0 c=172 empty=124
[12:26:39] push=  111499/s pop=  113226/s | tot push=10007579400 pop=10007494920 | errs p=0 c=172 empty=124
[12:26:49] push=  112395/s pop=  111264/s | tot push=10008703350 pop=10008607560 | errs p=0 c=172 empty=124
[12:26:59] push=  109380/s pop=  110015/s | tot push=10009797150 pop=10009707710 | errs p=0 c=172 empty=124
[12:27:09] push=  115826/s pop=  115629/s | tot push=10010955410 pop=10010864000 | errs p=0 c=172 empty=124
[12:27:19] push=  113372/s pop=  113644/s | tot push=10012089130 pop=10012000440 | errs p=0 c=172 empty=124
[12:27:29] push=  115799/s pop=  111237/s | tot push=10013247120 pop=10013112810 | errs p=0 c=172 empty=124
[12:27:39] push=  118287/s pop=   91670/s | tot push=10014429990 pop=10014029510 | errs p=0 c=172 empty=124
[12:27:49] push=  107521/s pop=  107116/s | tot push=10015505200 pop=10015100670 | errs p=0 c=172 empty=124
[12:27:59] push=  108652/s pop=   97607/s | tot push=10016591720 pop=10016076740 | errs p=0 c=172 empty=124
[12:28:09] push=  111793/s pop=  133250/s | tot push=10017709650 pop=10017409240 | errs p=0 c=172 empty=124
[12:28:19] push=  116737/s pop=  130460/s | tot push=10018877020 pop=10018713840 | errs p=0 c=172 empty=124
[12:28:29] push=  117763/s pop=  124049/s | tot push=10020054650 pop=10019954330 | errs p=0 c=172 empty=124
[12:28:39] push=  120153/s pop=  120318/s | tot push=10021256180 pop=10021157510 | errs p=0 c=172 empty=124
[12:28:49] push=  118090/s pop=  119470/s | tot push=10022437080 pop=10022352210 | errs p=0 c=172 empty=125
[12:28:59] push=  115991/s pop=  114834/s | tot push=10023596990 pop=10023500550 | errs p=0 c=172 empty=125
[12:29:09] push=  118170/s pop=  117089/s | tot push=10024778690 pop=10024671440 | errs p=0 c=172 empty=125
[12:29:19] push=  119347/s pop=  122217/s | tot push=10025972160 pop=10025893610 | errs p=0 c=172 empty=125
[12:29:29] push=  117461/s pop=  113846/s | tot push=10027146770 pop=10027032070 | errs p=0 c=172 empty=125
[12:29:39] push=  121615/s pop=  112055/s | tot push=10028362920 pop=10028152620 | errs p=0 c=172 empty=125
[12:29:49] push=  109978/s pop=   91114/s | tot push=10029462700 pop=10029063760 | errs p=0 c=172 empty=125
[12:29:59] push=  109619/s pop=  115477/s | tot push=10030558890 pop=10030218530 | errs p=0 c=172 empty=125
[12:30:09] push=  114181/s pop=  125641/s | tot push=10031700700 pop=10031474940 | errs p=0 c=172 empty=125
[12:30:19] push=  115643/s pop=  123804/s | tot push=10032857130 pop=10032712980 | errs p=0 c=172 empty=125
[12:30:29] push=  115693/s pop=  116416/s | tot push=10034014060 pop=10033877140 | errs p=0 c=172 empty=125
[12:30:39] push=  122494/s pop=  106929/s | tot push=10035239000 pop=10034946430 | errs p=0 c=172 empty=125
[12:30:49] push=  108240/s pop=   91339/s | tot push=10036321400 pop=10035859820 | errs p=0 c=172 empty=125
[12:30:59] push=  109064/s pop=  111288/s | tot push=10037412040 pop=10036972700 | errs p=0 c=172 empty=125
[12:31:09] push=  113109/s pop=  116153/s | tot push=10038543130 pop=10038134230 | errs p=0 c=172 empty=125
[12:31:19] push=  117024/s pop=  132626/s | tot push=10039713370 pop=10039460490 | errs p=0 c=172 empty=125
[12:31:29] push=  118137/s pop=  130002/s | tot push=10040894740 pop=10040760510 | errs p=0 c=172 empty=125
[12:31:39] push=  118193/s pop=  119197/s | tot push=10042076670 pop=10041952480 | errs p=0 c=172 empty=125
[12:31:49] push=  119107/s pop=  121008/s | tot push=10043267740 pop=10043162560 | errs p=0 c=172 empty=125
[12:31:59] push=  115820/s pop=  116887/s | tot push=10044425940 pop=10044331430 | errs p=0 c=172 empty=125
[12:32:09] push=  107898/s pop=  107558/s | tot push=10045504920 pop=10045407010 | errs p=0 c=172 empty=125
[12:32:19] push=  109470/s pop=  108327/s | tot push=10046599620 pop=10046490280 | errs p=0 c=172 empty=125
[12:32:29] push=  109904/s pop=  108614/s | tot push=10047698660 pop=10047576420 | errs p=0 c=172 empty=125
[12:32:39] push=  107514/s pop=  105596/s | tot push=10048773800 pop=10048632380 | errs p=0 c=172 empty=125
[12:32:49] push=  113123/s pop=  118428/s | tot push=10049905030 pop=10049816660 | errs p=0 c=172 empty=125
[12:32:59] push=  112011/s pop=  112866/s | tot push=10051025140 pop=10050945320 | errs p=0 c=172 empty=125
[12:33:09] push=  114937/s pop=  114114/s | tot push=10052174510 pop=10052086460 | errs p=0 c=172 empty=125
[12:33:19] push=  112990/s pop=  111793/s | tot push=10053304410 pop=10053204390 | errs p=0 c=172 empty=125
[12:33:29] push=  116897/s pop=  117054/s | tot push=10054473380 pop=10054374930 | errs p=0 c=172 empty=125
[12:33:39] push=  115436/s pop=   94867/s | tot push=10055627740 pop=10055323600 | errs p=0 c=172 empty=125
[12:33:49] push=  110078/s pop=  105482/s | tot push=10056728520 pop=10056378420 | errs p=0 c=172 empty=125
[12:33:59] push=  106135/s pop=  101576/s | tot push=10057789870 pop=10057394180 | errs p=0 c=172 empty=125
[12:34:09] push=  106039/s pop=  109271/s | tot push=10058850260 pop=10058486890 | errs p=0 c=172 empty=125
[12:34:19] push=  110559/s pop=  128018/s | tot push=10059955850 pop=10059767070 | errs p=0 c=172 empty=125
[12:34:29] push=  110334/s pop=  118212/s | tot push=10061059190 pop=10060949190 | errs p=0 c=172 empty=125
[12:34:39] push=  117397/s pop=  106441/s | tot push=10062233160 pop=10062013600 | errs p=0 c=172 empty=125
[12:34:49] push=  116679/s pop=   97109/s | tot push=10063399950 pop=10062984690 | errs p=0 c=172 empty=125
[12:34:59] push=   99765/s pop=  108149/s | tot push=10064397600 pop=10064066180 | errs p=0 c=172 empty=125
[12:35:09] push=  107803/s pop=  115710/s | tot push=10065475630 pop=10065223280 | errs p=0 c=172 empty=125
[12:35:19] push=  107725/s pop=  116070/s | tot push=10066552880 pop=10066383980 | errs p=0 c=172 empty=125
[12:35:29] push=  110737/s pop=  116151/s | tot push=10067660250 pop=10067545490 | errs p=0 c=172 empty=125
[12:35:39] push=  113562/s pop=  114449/s | tot push=10068795870 pop=10068689980 | errs p=0 c=172 empty=125
[12:35:49] push=  114961/s pop=  117314/s | tot push=10069945480 pop=10069863120 | errs p=0 c=172 empty=125
[12:35:59] push=  117702/s pop=  115106/s | tot push=10071122500 pop=10071014180 | errs p=0 c=172 empty=125
[12:36:09] push=  113705/s pop=  115057/s | tot push=10072259550 pop=10072164750 | errs p=0 c=172 empty=125
[12:36:19] push=  114578/s pop=  115237/s | tot push=10073405330 pop=10073317120 | errs p=0 c=172 empty=125
[12:36:29] push=  115400/s pop=  115106/s | tot push=10074559330 pop=10074468180 | errs p=0 c=172 empty=125
[12:36:39] push=  117495/s pop=  117162/s | tot push=10075734280 pop=10075639800 | errs p=0 c=172 empty=125
[12:36:49] push=  111725/s pop=  112176/s | tot push=10076851530 pop=10076761560 | errs p=0 c=172 empty=125
[12:36:59] push=  114977/s pop=  115404/s | tot push=10078001300 pop=10077915600 | errs p=0 c=172 empty=125
[12:37:09] push=  115384/s pop=  114677/s | tot push=10079155140 pop=10079062370 | errs p=0 c=172 empty=125
[12:37:19] push=  119333/s pop=  119784/s | tot push=10080348470 pop=10080260210 | errs p=0 c=172 empty=125
[12:37:29] push=  112533/s pop=  110901/s | tot push=10081473800 pop=10081369220 | errs p=0 c=172 empty=125
[12:37:39] push=  119417/s pop=  118068/s | tot push=10082667970 pop=10082549900 | errs p=0 c=172 empty=125
[12:37:49] push=  115208/s pop=   92479/s | tot push=10083820050 pop=10083474690 | errs p=0 c=172 empty=125
[12:37:59] push=  106317/s pop=   94775/s | tot push=10084883220 pop=10084422440 | errs p=0 c=172 empty=125
[12:38:09] push=  104159/s pop=   95529/s | tot push=10085924810 pop=10085377730 | errs p=0 c=172 empty=125
[12:38:19] push=  115272/s pop=  140963/s | tot push=10087077530 pop=10086787360 | errs p=0 c=172 empty=125
[12:38:29] push=  113544/s pop=  131289/s | tot push=10088212970 pop=10088100250 | errs p=0 c=172 empty=125
[12:38:39] push=  117041/s pop=  118383/s | tot push=10089383380 pop=10089284080 | errs p=0 c=172 empty=125
[12:38:49] push=  110688/s pop=  111128/s | tot push=10090490260 pop=10090395360 | errs p=0 c=172 empty=125
[12:38:59] push=  106971/s pop=  100970/s | tot push=10091559970 pop=10091405060 | errs p=0 c=172 empty=125
[12:39:09] push=  104612/s pop=  110957/s | tot push=10092606090 pop=10092514630 | errs p=0 c=172 empty=125
[12:39:19] push=  110651/s pop=  110541/s | tot push=10093712600 pop=10093620040 | errs p=0 c=172 empty=125
[12:39:29] push=  111951/s pop=  111004/s | tot push=10094832110 pop=10094730080 | errs p=0 c=172 empty=125
[12:39:39] push=  111413/s pop=  109976/s | tot push=10095946240 pop=10095829840 | errs p=0 c=172 empty=125
[12:39:49] push=  109721/s pop=  112931/s | tot push=10097043450 pop=10096959150 | errs p=0 c=172 empty=125
[12:39:59] push=  116475/s pop=  116774/s | tot push=10098208200 pop=10098126890 | errs p=0 c=172 empty=125
[12:40:09] push=  114227/s pop=  113782/s | tot push=10099350470 pop=10099264710 | errs p=0 c=172 empty=125
[12:40:19] push=  111314/s pop=  109602/s | tot push=10100463610 pop=10100360730 | errs p=0 c=172 empty=125
[12:40:29] push=  111709/s pop=  113206/s | tot push=10101580700 pop=10101492790 | errs p=0 c=172 empty=125
[12:40:39] push=  110419/s pop=  110350/s | tot push=10102684890 pop=10102596290 | errs p=0 c=172 empty=125
[12:40:49] push=  107205/s pop=  107128/s | tot push=10103756940 pop=10103667570 | errs p=0 c=172 empty=125
[12:40:59] push=  111888/s pop=  112335/s | tot push=10104875820 pop=10104790920 | errs p=0 c=172 empty=125
[12:41:09] push=  112722/s pop=  113076/s | tot push=10106003040 pop=10105921680 | errs p=0 c=172 empty=125
[12:41:19] push=  117597/s pop=  115693/s | tot push=10107179010 pop=10107078610 | errs p=0 c=172 empty=125
[12:41:29] push=  113022/s pop=  114323/s | tot push=10108309230 pop=10108221840 | errs p=0 c=172 empty=125
[12:41:39] push=  121565/s pop=  118776/s | tot push=10109524880 pop=10109409600 | errs p=0 c=172 empty=125
[12:41:49] push=  118457/s pop=   86959/s | tot push=10110709450 pop=10110279190 | errs p=0 c=172 empty=125
[12:41:59] push=  104089/s pop=   93072/s | tot push=10111750340 pop=10111209910 | errs p=0 c=172 empty=125
[12:42:09] push=  106485/s pop=   97639/s | tot push=10112815190 pop=10112186300 | errs p=0 c=172 empty=125
[12:42:19] push=  109869/s pop=  135277/s | tot push=10113913880 pop=10113539070 | errs p=0 c=172 empty=125
[12:42:29] push=  109602/s pop=  131761/s | tot push=10115009900 pop=10114856680 | errs p=0 c=172 empty=125
[12:42:39] push=  116765/s pop=  121610/s | tot push=10116177550 pop=10116072780 | errs p=0 c=172 empty=125
[12:42:49] push=  115269/s pop=  116988/s | tot push=10117330240 pop=10117242660 | errs p=0 c=172 empty=125
[12:42:59] push=  112562/s pop=  112278/s | tot push=10118455860 pop=10118365440 | errs p=0 c=172 empty=125
[12:43:09] push=  103939/s pop=  103831/s | tot push=10119495250 pop=10119403750 | errs p=0 c=172 empty=125
[12:43:19] push=  109657/s pop=  111014/s | tot push=10120591820 pop=10120513890 | errs p=0 c=172 empty=125
[12:43:29] push=  109917/s pop=  108528/s | tot push=10121690990 pop=10121599170 | errs p=0 c=172 empty=125
[12:43:39] push=  117299/s pop=  116596/s | tot push=10122863980 pop=10122765130 | errs p=0 c=172 empty=125
[12:43:49] push=  118285/s pop=  118745/s | tot push=10124046830 pop=10123952580 | errs p=0 c=172 empty=125
[12:43:59] push=  121218/s pop=  120212/s | tot push=10125259010 pop=10125154700 | errs p=0 c=172 empty=125
[12:44:09] push=  115397/s pop=  116273/s | tot push=10126412980 pop=10126317430 | errs p=0 c=172 empty=125
[12:44:19] push=  118849/s pop=  118039/s | tot push=10127601470 pop=10127497820 | errs p=0 c=172 empty=125
[12:44:29] push=  118584/s pop=  119769/s | tot push=10128787310 pop=10128695510 | errs p=0 c=172 empty=125
[12:44:39] push=  119696/s pop=  117952/s | tot push=10129984270 pop=10129875030 | errs p=0 c=172 empty=125
[12:44:49] push=  121330/s pop=   96902/s | tot push=10131197570 pop=10130844050 | errs p=0 c=172 empty=125
[12:44:59] push=  113764/s pop=  116353/s | tot push=10132335210 pop=10132007580 | errs p=0 c=172 empty=125
[12:45:09] push=  114287/s pop=   99300/s | tot push=10133478080 pop=10133000580 | errs p=0 c=172 empty=125
[12:45:19] push=  115652/s pop=  119760/s | tot push=10134634600 pop=10134198180 | errs p=0 c=172 empty=125
[12:45:29] push=  116114/s pop=  142753/s | tot push=10135795740 pop=10135625710 | errs p=0 c=172 empty=125
[12:45:39] push=  113467/s pop=  119348/s | tot push=10136930410 pop=10136819190 | errs p=0 c=172 empty=125
[12:45:49] push=  115372/s pop=  116784/s | tot push=10138084130 pop=10137987030 | errs p=0 c=172 empty=125
[12:45:59] push=  110720/s pop=  111128/s | tot push=10139191330 pop=10139098310 | errs p=0 c=172 empty=125
[12:46:09] push=  114747/s pop=  115586/s | tot push=10140338800 pop=10140254170 | errs p=0 c=172 empty=125
[12:46:19] push=  114322/s pop=  113632/s | tot push=10141482020 pop=10141390490 | errs p=0 c=172 empty=125
[12:46:29] push=  111493/s pop=  110647/s | tot push=10142596950 pop=10142496960 | errs p=0 c=172 empty=125
[12:46:39] push=  115919/s pop=  117111/s | tot push=10143756140 pop=10143668070 | errs p=0 c=172 empty=125
[12:46:49] push=  115272/s pop=  116290/s | tot push=10144908860 pop=10144830970 | errs p=0 c=172 empty=125
[12:46:59] push=  112862/s pop=  112000/s | tot push=10146037480 pop=10145950970 | errs p=0 c=172 empty=125
[12:47:09] push=  115737/s pop=  115457/s | tot push=10147194850 pop=10147105540 | errs p=0 c=172 empty=125
[12:47:19] push=  116919/s pop=  115154/s | tot push=10148364040 pop=10148257080 | errs p=0 c=172 empty=125
[12:47:29] push=  111818/s pop=  114557/s | tot push=10149482220 pop=10149402650 | errs p=0 c=172 empty=125
[12:47:39] push=  118790/s pop=  116053/s | tot push=10150670120 pop=10150563180 | errs p=0 c=172 empty=125
[12:47:49] push=  117375/s pop=  101547/s | tot push=10151843870 pop=10151578650 | errs p=0 c=172 empty=125
[12:47:59] push=  111980/s pop=  102108/s | tot push=10152963670 pop=10152599730 | errs p=0 c=172 empty=125
[12:48:09] push=  112506/s pop=   96416/s | tot push=10154088730 pop=10153563890 | errs p=0 c=172 empty=125
[12:48:19] push=  114434/s pop=  129825/s | tot push=10155233070 pop=10154862140 | errs p=0 c=172 empty=125
[12:48:29] push=  116920/s pop=  138809/s | tot push=10156402270 pop=10156250230 | errs p=0 c=172 empty=125
[12:48:39] push=  119524/s pop=  124463/s | tot push=10157597510 pop=10157494860 | errs p=0 c=172 empty=125
[12:48:49] push=  121000/s pop=  110964/s | tot push=10158807510 pop=10158604500 | errs p=0 c=172 empty=125
[12:48:59] push=  122764/s pop=  100642/s | tot push=10160035150 pop=10159610920 | errs p=0 c=172 empty=125
[12:49:09] push=  102505/s pop=   95778/s | tot push=10161060200 pop=10160568700 | errs p=0 c=172 empty=125
[12:49:19] push=  109990/s pop=   95537/s | tot push=10162160100 pop=10161524070 | errs p=0 c=172 empty=125
[12:49:29] push=  110360/s pop=  110006/s | tot push=10163263700 pop=10162624130 | errs p=0 c=172 empty=125
[12:49:39] push=  112435/s pop=  122232/s | tot push=10164388050 pop=10163846450 | errs p=0 c=172 empty=125
[12:49:49] push=  113252/s pop=  136206/s | tot push=10165520570 pop=10165208510 | errs p=0 c=172 empty=125
[12:49:59] push=  117820/s pop=  135581/s | tot push=10166698770 pop=10166564320 | errs p=0 c=172 empty=125
[12:50:09] push=  120535/s pop=  123171/s | tot push=10167904120 pop=10167796030 | errs p=0 c=172 empty=125
[12:50:19] push=  119913/s pop=  120842/s | tot push=10169103250 pop=10169004450 | errs p=0 c=172 empty=125
[12:50:29] push=  119439/s pop=  119077/s | tot push=10170297640 pop=10170195220 | errs p=0 c=172 empty=125
[12:50:39] push=  114902/s pop=  116032/s | tot push=10171446660 pop=10171355540 | errs p=0 c=172 empty=125
[12:50:49] push=  116997/s pop=  113574/s | tot push=10172616630 pop=10172491280 | errs p=0 c=172 empty=125
[12:50:59] push=  115920/s pop=  119724/s | tot push=10173775830 pop=10173688520 | errs p=0 c=172 empty=125
[12:51:09] push=  118596/s pop=  118460/s | tot push=10174961790 pop=10174873120 | errs p=0 c=172 empty=125
[12:51:19] push=  118457/s pop=  118481/s | tot push=10176146360 pop=10176057930 | errs p=0 c=172 empty=125
[12:51:29] push=  119255/s pop=  119087/s | tot push=10177338910 pop=10177248800 | errs p=0 c=172 empty=125
[12:51:39] push=  117984/s pop=  116070/s | tot push=10178518750 pop=10178409500 | errs p=0 c=172 empty=125
[12:51:49] push=  119803/s pop=  121733/s | tot push=10179716780 pop=10179626830 | errs p=0 c=172 empty=125
[12:51:59] push=  117329/s pop=  117849/s | tot push=10180890070 pop=10180805320 | errs p=0 c=172 empty=125
[12:52:09] push=  115979/s pop=  115131/s | tot push=10182049860 pop=10181956630 | errs p=0 c=172 empty=125
[12:52:19] push=  107874/s pop=  107920/s | tot push=10183128600 pop=10183035830 | errs p=0 c=172 empty=125
[12:52:29] push=  111593/s pop=  113134/s | tot push=10184244530 pop=10184167170 | errs p=0 c=172 empty=125
[12:52:39] push=  112657/s pop=  111306/s | tot push=10185371100 pop=10185280230 | errs p=0 c=172 empty=125
[12:52:49] push=  114325/s pop=  113863/s | tot push=10186514350 pop=10186418860 | errs p=0 c=172 empty=125
[12:52:59] push=  113078/s pop=  113076/s | tot push=10187645130 pop=10187549620 | errs p=0 c=172 empty=125
[12:53:09] push=  112530/s pop=  112503/s | tot push=10188770430 pop=10188674650 | errs p=0 c=172 empty=125
[12:53:19] push=  113375/s pop=  114020/s | tot push=10189904180 pop=10189814850 | errs p=0 c=172 empty=125
[12:53:29] push=  110162/s pop=  106124/s | tot push=10191005800 pop=10190876090 | errs p=0 c=172 empty=125
[12:53:39] push=  111524/s pop=  115558/s | tot push=10192121040 pop=10192031670 | errs p=0 c=172 empty=125
[12:53:49] push=  114227/s pop=  115070/s | tot push=10193263310 pop=10193182370 | errs p=0 c=172 empty=126
[12:53:59] push=  116195/s pop=  115476/s | tot push=10194425260 pop=10194337130 | errs p=0 c=172 empty=126
[12:54:09] push=  118156/s pop=  116953/s | tot push=10195606820 pop=10195506660 | errs p=0 c=172 empty=126
[12:54:19] push=  117849/s pop=  117798/s | tot push=10196785310 pop=10196684640 | errs p=0 c=172 empty=126
[12:54:29] push=  118524/s pop=  119466/s | tot push=10197970550 pop=10197879300 | errs p=0 c=172 empty=126
[12:54:39] push=  119480/s pop=  119614/s | tot push=10199165350 pop=10199075440 | errs p=0 c=172 empty=126
[12:54:49] push=  121051/s pop=  120330/s | tot push=10200375860 pop=10200278740 | errs p=0 c=172 empty=126
[12:54:59] push=  117827/s pop=  117101/s | tot push=10201554130 pop=10201449750 | errs p=0 c=172 empty=126
[12:55:09] push=  118379/s pop=  118908/s | tot push=10202737920 pop=10202638830 | errs p=0 c=172 empty=126
[12:55:19] push=  118684/s pop=  118308/s | tot push=10203924760 pop=10203821910 | errs p=0 c=172 empty=126
[12:55:29] push=  118952/s pop=  118992/s | tot push=10205114280 pop=10205011830 | errs p=0 c=172 empty=126
[12:55:39] push=  115268/s pop=  115911/s | tot push=10206266960 pop=10206170940 | errs p=0 c=172 empty=126
[12:55:49] push=  120530/s pop=  120686/s | tot push=10207472260 pop=10207377800 | errs p=0 c=172 empty=128
[12:55:59] push=  115497/s pop=  116801/s | tot push=10208627230 pop=10208545810 | errs p=0 c=172 empty=128
[12:56:09] push=  117085/s pop=  115668/s | tot push=10209798080 pop=10209702490 | errs p=0 c=172 empty=128
[12:56:19] push=  114388/s pop=  114652/s | tot push=10210941960 pop=10210849010 | errs p=0 c=172 empty=128
[12:56:29] push=  119723/s pop=  119666/s | tot push=10212139190 pop=10212045670 | errs p=0 c=172 empty=128
[12:56:39] push=  117327/s pop=  115631/s | tot push=10213312460 pop=10213201980 | errs p=0 c=172 empty=128
[12:56:49] push=  118564/s pop=  121167/s | tot push=10214498100 pop=10214413650 | errs p=0 c=172 empty=128
[12:56:59] push=  116919/s pop=  117652/s | tot push=10215667290 pop=10215590170 | errs p=0 c=172 empty=128
[12:57:09] push=  118198/s pop=  116197/s | tot push=10216849270 pop=10216752140 | errs p=0 c=172 empty=128
[12:57:19] push=  117113/s pop=  118033/s | tot push=10218020400 pop=10217932470 | errs p=0 c=172 empty=128
[12:57:29] push=  117524/s pop=  116776/s | tot push=10219195640 pop=10219100230 | errs p=0 c=172 empty=128
[12:57:39] push=  117665/s pop=  119201/s | tot push=10220372290 pop=10220292240 | errs p=0 c=172 empty=128
[12:57:49] push=  120213/s pop=  119720/s | tot push=10221574420 pop=10221489440 | errs p=0 c=172 empty=128
[12:57:59] push=  116433/s pop=  115325/s | tot push=10222738750 pop=10222642690 | errs p=0 c=172 empty=128
[12:58:09] push=  121078/s pop=  121518/s | tot push=10223949530 pop=10223857870 | errs p=0 c=172 empty=128
[12:58:19] push=  120715/s pop=  121573/s | tot push=10225156680 pop=10225073600 | errs p=0 c=172 empty=128
[12:58:29] push=  123090/s pop=  121803/s | tot push=10226387580 pop=10226291630 | errs p=0 c=172 empty=128
[12:58:39] push=  115672/s pop=  116566/s | tot push=10227544300 pop=10227457290 | errs p=0 c=172 empty=128
[12:58:49] push=  114313/s pop=  115015/s | tot push=10228687430 pop=10228607440 | errs p=0 c=172 empty=128
[12:58:59] push=  114563/s pop=  113395/s | tot push=10229833060 pop=10229741390 | errs p=0 c=172 empty=128
[12:59:09] push=  115695/s pop=  115990/s | tot push=10230990010 pop=10230901290 | errs p=0 c=172 empty=128
[12:59:19] push=  112935/s pop=  113096/s | tot push=10232119360 pop=10232032250 | errs p=0 c=172 empty=128
[12:59:29] push=  111640/s pop=  110544/s | tot push=10233235760 pop=10233137690 | errs p=0 c=172 empty=128
[12:59:39] push=  108014/s pop=  108626/s | tot push=10234315900 pop=10234223950 | errs p=0 c=172 empty=128
[12:59:49] push=  107361/s pop=  108091/s | tot push=10235389510 pop=10235304860 | errs p=0 c=172 empty=128
[12:59:59] push=  107089/s pop=  105893/s | tot push=10236460400 pop=10236363790 | errs p=0 c=172 empty=128
[13:00:09] push=  108901/s pop=  108932/s | tot push=10237549410 pop=10237453110 | errs p=0 c=172 empty=128
[13:00:19] push=  107555/s pop=  108002/s | tot push=10238624960 pop=10238533130 | errs p=0 c=172 empty=128
[13:00:29] push=  105380/s pop=  105949/s | tot push=10239678760 pop=10239592620 | errs p=0 c=172 empty=128
[13:00:39] push=  110408/s pop=  110541/s | tot push=10240782840 pop=10240698030 | errs p=0 c=172 empty=128
[13:00:49] push=  109525/s pop=  108988/s | tot push=10241878090 pop=10241787910 | errs p=0 c=172 empty=128
[13:00:59] push=  114390/s pop=  113600/s | tot push=10243021990 pop=10242923910 | errs p=0 c=172 empty=128
[13:01:09] push=  116097/s pop=  116010/s | tot push=10244182960 pop=10244084010 | errs p=0 c=172 empty=128
[13:01:19] push=  113852/s pop=  114173/s | tot push=10245321480 pop=10245225740 | errs p=0 c=172 empty=128
[13:01:29] push=  115077/s pop=  114559/s | tot push=10246472250 pop=10246371330 | errs p=0 c=172 empty=128
[13:01:39] push=  108919/s pop=  111125/s | tot push=10247561440 pop=10247482580 | errs p=0 c=172 empty=128
[13:01:49] push=  113316/s pop=  112298/s | tot push=10248694600 pop=10248605560 | errs p=0 c=172 empty=128
[13:01:59] push=  112640/s pop=  112531/s | tot push=10249821000 pop=10249730870 | errs p=0 c=172 empty=128
[13:02:09] push=  115914/s pop=  116007/s | tot push=10250980140 pop=10250890940 | errs p=0 c=172 empty=128
[13:02:19] push=  114206/s pop=  115395/s | tot push=10252122200 pop=10252044890 | errs p=0 c=172 empty=128
[13:02:29] push=  115412/s pop=  114765/s | tot push=10253276320 pop=10253192540 | errs p=0 c=172 empty=128
[13:02:39] push=  113121/s pop=  112010/s | tot push=10254407530 pop=10254312640 | errs p=0 c=172 empty=128
[13:02:49] push=  108456/s pop=  109529/s | tot push=10255492090 pop=10255407930 | errs p=0 c=172 empty=128
[13:02:59] push=  110671/s pop=  109462/s | tot push=10256598800 pop=10256502550 | errs p=0 c=172 empty=128
[13:03:09] push=  112543/s pop=  113640/s | tot push=10257724230 pop=10257638950 | errs p=0 c=172 empty=128
[13:03:19] push=  115003/s pop=  114839/s | tot push=10258874260 pop=10258787340 | errs p=0 c=172 empty=128
[13:03:29] push=  113425/s pop=  113122/s | tot push=10260008510 pop=10259918560 | errs p=0 c=172 empty=128
[13:03:39] push=  110855/s pop=  110863/s | tot push=10261117060 pop=10261027190 | errs p=0 c=172 empty=128
[13:03:49] push=  107989/s pop=   87261/s | tot push=10262196950 pop=10261899800 | errs p=0 c=172 empty=128
[13:03:59] push=  108572/s pop=  116459/s | tot push=10263282670 pop=10263064390 | errs p=0 c=172 empty=128
[13:04:09] push=  107761/s pop=  109601/s | tot push=10264360280 pop=10264160400 | errs p=0 c=172 empty=128
[13:04:19] push=  106088/s pop=  105744/s | tot push=10265421160 pop=10265217840 | errs p=0 c=172 empty=128
[13:04:29] push=  108295/s pop=  119369/s | tot push=10266504110 pop=10266411530 | errs p=0 c=172 empty=128
[13:04:39] push=  110503/s pop=  110756/s | tot push=10267609140 pop=10267519090 | errs p=0 c=172 empty=128
[13:04:49] push=  104293/s pop=   97754/s | tot push=10268652070 pop=10268496630 | errs p=0 c=172 empty=128
[13:04:59] push=  113081/s pop=  119115/s | tot push=10269782880 pop=10269687780 | errs p=0 c=172 empty=128
[13:05:09] push=  112030/s pop=  112783/s | tot push=10270903180 pop=10270815610 | errs p=0 c=172 empty=128
[13:05:19] push=  113995/s pop=  112510/s | tot push=10272043130 pop=10271940710 | errs p=0 c=172 empty=128
[13:05:29] push=  115070/s pop=  116495/s | tot push=10273193830 pop=10273105660 | errs p=0 c=172 empty=128
[13:05:39] push=  102779/s pop=   98173/s | tot push=10274221620 pop=10274087390 | errs p=0 c=172 empty=128
[13:05:49] push=  109631/s pop=  113407/s | tot push=10275317930 pop=10275221460 | errs p=0 c=172 empty=128
[13:05:59] push=  108631/s pop=  107713/s | tot push=10276404240 pop=10276298590 | errs p=0 c=172 empty=128
[13:06:09] push=  107564/s pop=  107148/s | tot push=10277479880 pop=10277370070 | errs p=0 c=172 empty=128
[13:06:19] push=  111636/s pop=  112621/s | tot push=10278596240 pop=10278496280 | errs p=0 c=172 empty=128
[13:06:29] push=  105142/s pop=  105076/s | tot push=10279647660 pop=10279547040 | errs p=0 c=172 empty=128
[13:06:39] push=  108270/s pop=  108950/s | tot push=10280730360 pop=10280636540 | errs p=0 c=172 empty=128
[13:06:49] push=  108908/s pop=  108796/s | tot push=10281819440 pop=10281724500 | errs p=0 c=172 empty=128
[13:06:59] push=  107980/s pop=  109315/s | tot push=10282899240 pop=10282817650 | errs p=0 c=172 empty=128
[13:07:09] push=  104893/s pop=  103801/s | tot push=10283948170 pop=10283855660 | errs p=0 c=172 empty=128
[13:07:19] push=  108295/s pop=  109134/s | tot push=10285031120 pop=10284947000 | errs p=0 c=172 empty=128
[13:07:29] push=  108172/s pop=  108163/s | tot push=10286112840 pop=10286028630 | errs p=0 c=172 empty=128
[13:07:39] push=  110012/s pop=  108447/s | tot push=10287212960 pop=10287113100 | errs p=0 c=172 empty=128
[13:07:49] push=  111674/s pop=  113241/s | tot push=10288329700 pop=10288245510 | errs p=0 c=172 empty=128
[13:07:59] push=  114423/s pop=  113703/s | tot push=10289473930 pop=10289382540 | errs p=0 c=172 empty=128
[13:08:09] push=  114396/s pop=  113630/s | tot push=10290617890 pop=10290518840 | errs p=0 c=172 empty=128
[13:08:19] push=  111497/s pop=  111626/s | tot push=10291732860 pop=10291635100 | errs p=0 c=172 empty=128
[13:08:29] push=  113440/s pop=  113011/s | tot push=10292867260 pop=10292765210 | errs p=0 c=172 empty=128
[13:08:39] push=  114937/s pop=  115867/s | tot push=10294016630 pop=10293923880 | errs p=0 c=172 empty=128
[13:08:49] push=  115124/s pop=  116524/s | tot push=10295167870 pop=10295089120 | errs p=0 c=172 empty=128
[13:08:59] push=  115776/s pop=  114506/s | tot push=10296325630 pop=10296234180 | errs p=0 c=172 empty=128
[13:09:09] push=  113723/s pop=  113458/s | tot push=10297462860 pop=10297368760 | errs p=0 c=172 empty=128
[13:09:19] push=  114855/s pop=  115821/s | tot push=10298611410 pop=10298526970 | errs p=0 c=172 empty=128
[13:09:29] push=  113612/s pop=  113869/s | tot push=10299747530 pop=10299665660 | errs p=0 c=172 empty=128
[13:09:39] push=  115437/s pop=  113923/s | tot push=10300901900 pop=10300804890 | errs p=0 c=172 empty=128
[13:09:49] push=  111570/s pop=  103402/s | tot push=10302017600 pop=10301838910 | errs p=0 c=172 empty=128
[13:09:59] push=  112890/s pop=  120413/s | tot push=10303146500 pop=10303043040 | errs p=0 c=172 empty=128
[13:10:09] push=  111047/s pop=  111769/s | tot push=10304256970 pop=10304160730 | errs p=0 c=172 empty=128
[13:10:19] push=  114809/s pop=  114508/s | tot push=10305405060 pop=10305305810 | errs p=0 c=172 empty=128
[13:10:29] push=  114288/s pop=  116048/s | tot push=10306547940 pop=10306466290 | errs p=0 c=172 empty=128
[13:10:39] push=  115678/s pop=  115267/s | tot push=10307704720 pop=10307618960 | errs p=0 c=172 empty=128
[13:10:49] push=  112275/s pop=  111989/s | tot push=10308827470 pop=10308738850 | errs p=0 c=172 empty=128
[13:10:59] push=  114162/s pop=  113128/s | tot push=10309969090 pop=10309870130 | errs p=0 c=172 empty=128
[13:11:09] push=  111404/s pop=  111426/s | tot push=10311083130 pop=10310984390 | errs p=0 c=172 empty=128
[13:11:19] push=  112769/s pop=  112697/s | tot push=10312210820 pop=10312111360 | errs p=0 c=172 empty=128
[13:11:29] push=  111160/s pop=  110829/s | tot push=10313322420 pop=10313219650 | errs p=0 c=172 empty=128
[13:11:39] push=  114519/s pop=  116203/s | tot push=10314467610 pop=10314381680 | errs p=0 c=172 empty=128
[13:11:49] push=  112220/s pop=  112676/s | tot push=10315589810 pop=10315508440 | errs p=0 c=172 empty=128
[13:11:59] push=  109881/s pop=  107098/s | tot push=10316688620 pop=10316579420 | errs p=0 c=172 empty=128
[13:12:09] push=  109911/s pop=  112416/s | tot push=10317787730 pop=10317703580 | errs p=0 c=172 empty=128
[13:12:19] push=  109930/s pop=  109597/s | tot push=10318887030 pop=10318799550 | errs p=0 c=172 empty=128
[13:12:29] push=  106339/s pop=  109871/s | tot push=10319950420 pop=10319898260 | errs p=0 c=172 empty=128
