goload -mode openloop -> http://10.114.0.2:6682 queue=segbench partitions=200 consumers=600 manualAck=true ackAsync=true ackInflight=256
  offered: rate=900000 msg/s | push-batch=100 -> 9000.0 req/s across 64 pacer workers (140.62 req/s each) | max-inflight=20000 | payload=256B
[configure] queue=segbench completedRetentionSeconds=300
[09:34:03] offered=    19200/s achieved=    15100/s shed=        0/s inflight=    41 | p50= 138.24 p99=  329.73 p999=  329.73 ms | push=15100 pop=14900 lag=200 | errs push=0 pop=0 empty=80495 gor=2672 | ack=    14600/s ackErr=0 ackAvg=10.46ms
[09:34:04] offered=    44800/s achieved=    48800/s shed=        0/s inflight=     1 | p50=  23.42 p99=  181.25 p999=  191.49 ms | push=63900 pop=63600 lag=300 | errs push=0 pop=0 empty=157863 gor=2654 | ack=    46800/s ackErr=0 ackAvg=11.08ms
[09:34:05] offered=    76800/s achieved=    70500/s shed=        0/s inflight=    61 | p50=  23.68 p99=   82.43 p999=   90.62 ms | push=134400 pop=134400 lag=0 | errs push=0 pop=0 empty=225883 gor=2689 | ack=    73000/s ackErr=0 ackAvg=12.94ms
[09:34:06] offered=   102400/s achieved=   107100/s shed=        0/s inflight=    17 | p50=  21.38 p99=   44.29 p999=   47.87 ms | push=241500 pop=239400 lag=2100 | errs push=0 pop=0 empty=279067 gor=2665 | ack=   103000/s ackErr=0 ackAvg=12.36ms
[09:34:07] offered=   134400/s achieved=   133400/s shed=        0/s inflight=    27 | p50=  22.40 p99=   45.31 p999=   58.62 ms | push=374900 pop=373900 lag=1000 | errs push=0 pop=0 empty=320514 gor=2681 | ack=   133900/s ackErr=0 ackAvg=12.18ms
[09:34:08] offered=   166400/s achieved=   164500/s shed=        0/s inflight=    46 | p50=  23.68 p99=   70.14 p999=   81.41 ms | push=539400 pop=538200 lag=1200 | errs push=0 pop=0 empty=356144 gor=2713 | ack=   163000/s ackErr=0 ackAvg=12.90ms
[09:34:09] offered=   192700/s achieved=   192800/s shed=        0/s inflight=    45 | p50=  28.80 p99=   75.26 p999=  101.89 ms | push=732200 pop=731200 lag=1000 | errs push=0 pop=0 empty=386398 gor=2755 | ack=   188700/s ackErr=0 ackAvg=14.31ms
[09:34:10] offered=   226900/s achieved=   217900/s shed=        0/s inflight=   135 | p50=  28.29 p99=   69.12 p999=   85.50 ms | push=950100 pop=949800 lag=300 | errs push=0 pop=0 empty=414706 gor=2833 | ack=   219800/s ackErr=0 ackAvg=15.28ms
[09:34:11] offered=   253200/s achieved=   255700/s shed=        0/s inflight=   110 | p50=  36.61 p99=  105.98 p999=  132.10 ms | push=1205800 pop=1204700 lag=1100 | errs push=0 pop=0 empty=440031 gor=2817 | ack=   254000/s ackErr=0 ackAvg=17.27ms
[09:34:12] offered=   287200/s achieved=   287200/s shed=        0/s inflight=   110 | p50=  36.10 p99=  104.96 p999=  138.24 ms | push=1493000 pop=1490300 lag=2700 | errs push=0 pop=0 empty=464379 gor=2833 | ack=   284000/s ackErr=0 ackAvg=18.53ms
[09:34:13] offered=   313600/s achieved=   311300/s shed=        0/s inflight=   132 | p50=  39.17 p99=   97.79 p999=  115.20 ms | push=1804300 pop=1798500 lag=5800 | errs push=0 pop=0 empty=485935 gor=2840 | ack=   309700/s ackErr=0 ackAvg=19.65ms
[09:34:14] offered=   345600/s achieved=   343100/s shed=        0/s inflight=   158 | p50=  43.26 p99=   98.82 p999=  117.25 ms | push=2147400 pop=2140500 lag=6900 | errs push=0 pop=0 empty=508835 gor=2871 | ack=   341000/s ackErr=0 ackAvg=21.00ms
[09:34:15] offered=   377400/s achieved=   365500/s shed=        0/s inflight=   277 | p50=  40.70 p99=  101.89 p999=  125.44 ms | push=2512900 pop=2507400 lag=5500 | errs push=0 pop=0 empty=531437 gor=2990 | ack=   371200/s ackErr=0 ackAvg=22.05ms
[09:34:16] offered=   403400/s achieved=   413300/s shed=        0/s inflight=   178 | p50=  45.82 p99=  129.54 p999=  171.01 ms | push=2926200 pop=2919300 lag=6900 | errs push=0 pop=0 empty=552965 gor=2945 | ack=   401200/s ackErr=0 ackAvg=23.29ms
[09:34:17] offered=   435200/s achieved=   428000/s shed=        0/s inflight=   250 | p50=  46.85 p99=  117.25 p999=  152.58 ms | push=3354200 pop=3344900 lag=9300 | errs push=0 pop=0 empty=574343 gor=2969 | ack=   429000/s ackErr=0 ackAvg=24.39ms
[09:34:18] offered=   465600/s achieved=   433400/s shed=        0/s inflight=   573 | p50=  54.53 p99=  162.82 p999=  183.30 ms | push=3787600 pop=3754800 lag=32800 | errs push=0 pop=0 empty=597034 gor=3822 | ack=   403700/s ackErr=0 ackAvg=25.55ms
[09:34:19] offered=   494400/s achieved=   521900/s shed=        0/s inflight=   297 | p50=  58.11 p99=  203.78 p999=  268.29 ms | push=4309500 pop=4295400 lag=14100 | errs push=0 pop=0 empty=616243 gor=3544 | ack=   544500/s ackErr=0 ackAvg=26.82ms
[09:34:20] offered=   524800/s achieved=   515300/s shed=        0/s inflight=   392 | p50=  64.77 p99=  173.06 p999=  220.16 ms | push=4824800 pop=4808500 lag=16300 | errs push=0 pop=0 empty=643905 gor=3698 | ack=   495400/s ackErr=0 ackAvg=27.96ms
[09:34:21] offered=   556100/s achieved=   565500/s shed=        0/s inflight=   298 | p50=  62.72 p99=  162.82 p999=  197.63 ms | push=5390300 pop=5359700 lag=30600 | errs push=0 pop=0 empty=666039 gor=3589 | ack=   544600/s ackErr=0 ackAvg=29.15ms
[09:34:22] offered=   583100/s achieved=   568200/s shed=        0/s inflight=   447 | p50=  64.77 p99=  154.62 p999=  207.87 ms | push=5958500 pop=5939200 lag=19300 | errs push=0 pop=0 empty=687339 gor=3738 | ack=   588500/s ackErr=0 ackAvg=30.05ms
[09:34:23] offered=   615200/s achieved=   615500/s shed=        0/s inflight=   442 | p50=  69.12 p99=  162.82 p999=  205.82 ms | push=6574000 pop=6546200 lag=27800 | errs push=0 pop=0 empty=704759 gor=3709 | ack=   613600/s ackErr=0 ackAvg=30.96ms
[09:34:24] offered=   644700/s achieved=   635100/s shed=        0/s inflight=   540 | p50=  82.43 p99=  211.97 p999=  268.29 ms | push=7209100 pop=7179800 lag=29300 | errs push=0 pop=0 empty=725069 gor=3997 | ack=   623200/s ackErr=0 ackAvg=32.21ms
[09:34:25] offered=   672300/s achieved=   649200/s shed=        0/s inflight=   778 | p50=  87.55 p99=  197.63 p999=  240.64 ms | push=7858300 pop=7821400 lag=36900 | errs push=0 pop=0 empty=744975 gor=4229 | ack=   658700/s ackErr=0 ackAvg=33.34ms
[09:34:26] offered=   709900/s achieved=   678000/s shed=        0/s inflight=  1090 | p50=  97.79 p99=  242.69 p999=  292.86 ms | push=8536300 pop=8484500 lag=51800 | errs push=0 pop=0 empty=762949 gor=4558 | ack=   635400/s ackErr=0 ackAvg=34.50ms
[09:34:27] offered=   733500/s achieved=   754600/s shed=        0/s inflight=   887 | p50= 110.08 p99=  268.29 p999=  313.34 ms | push=9290900 pop=9192800 lag=98100 | errs push=0 pop=0 empty=780124 gor=4706 | ack=   700200/s ackErr=0 ackAvg=35.84ms
[09:34:28] offered=   768300/s achieved=   750300/s shed=        0/s inflight=  1059 | p50= 122.37 p99=  309.25 p999=  374.78 ms | push=10041200 pop=9934300 lag=106900 | errs push=0 pop=0 empty=795408 gor=5038 | ack=   719000/s ackErr=0 ackAvg=37.34ms
[09:34:29] offered=   791500/s achieved=   792900/s shed=        0/s inflight=  1045 | p50= 122.37 p99=  284.67 p999=  362.50 ms | push=10834100 pop=10690900 lag=143200 | errs push=0 pop=0 empty=812273 gor=5185 | ack=   781500/s ackErr=0 ackAvg=38.62ms
[09:34:30] offered=   826900/s achieved=   808700/s shed=        0/s inflight=  1227 | p50= 121.34 p99=  288.77 p999=  350.21 ms | push=11642800 pop=11449000 lag=193800 | errs push=0 pop=0 empty=823749 gor=5393 | ack=   747700/s ackErr=0 ackAvg=39.86ms
[09:34:31] offered=   855100/s achieved=   844200/s shed=        0/s inflight=  1336 | p50= 129.54 p99=  301.06 p999=  354.30 ms | push=12487000 pop=12268800 lag=218200 | errs push=0 pop=0 empty=839825 gor=5498 | ack=   815700/s ackErr=0 ackAvg=41.13ms
[09:34:32] offered=   889800/s achieved=   879800/s shed=        0/s inflight=  1439 | p50= 136.19 p99=  354.30 p999=  432.13 ms | push=13366800 pop=13077900 lag=288900 | errs push=0 pop=0 empty=848611 gor=5657 | ack=   784900/s ackErr=0 ackAvg=42.37ms
[09:34:33] offered=   899900/s achieved=   918600/s shed=        0/s inflight=  1264 | p50= 146.43 p99=  362.50 p999=  456.70 ms | push=14285400 pop=13814500 lag=470900 | errs push=0 pop=0 empty=861150 gor=6034 | ack=   770600/s ackErr=0 ackAvg=43.62ms
[09:34:34] offered=   894100/s achieved=   836300/s shed=        0/s inflight=  1827 | p50= 160.77 p99=  366.59 p999=  448.51 ms | push=15121700 pop=14492200 lag=629500 | errs push=0 pop=0 empty=876450 gor=6637 | ack=   659200/s ackErr=0 ackAvg=44.78ms
[09:34:35] offered=   899800/s achieved=   949900/s shed=        0/s inflight=  1327 | p50= 140.29 p99=  366.59 p999=  473.09 ms | push=16071600 pop=15316100 lag=755500 | errs push=0 pop=0 empty=887524 gor=6132 | ack=   825300/s ackErr=0 ackAvg=45.99ms
[09:34:36] offered=   900400/s achieved=   686800/s shed=        0/s inflight=  3462 | p50= 234.50 p99=  659.46 p999=  733.18 ms | push=16758400 pop=15747000 lag=1011400 | errs push=0 pop=0 empty=920093 gor=15072 | ack=   445900/s ackErr=0 ackAvg=47.09ms
[09:34:37] offered=   904100/s achieved=  1069500/s shed=        0/s inflight=  1804 | p50= 536.58 p99= 1187.84 p999= 1351.68 ms | push=17827900 pop=15990500 lag=1837400 | errs push=6 pop=0 empty=928548 gor=11150 | ack=   230500/s ackErr=0 ackAvg=48.69ms
[09:34:38] offered=   896400/s achieved=   894900/s shed=        0/s inflight=  1817 | p50= 183.30 p99=  501.76 p999=  651.26 ms | push=18722800 pop=16629000 lag=2093800 | errs push=6 pop=0 empty=938162 gor=6946 | ack=   619500/s ackErr=0 ackAvg=49.95ms
[09:34:39] offered=   899600/s achieved=   933400/s shed=        0/s inflight=  1482 | p50= 175.10 p99=  395.26 p999=  497.66 ms | push=19656200 pop=17367000 lag=2289200 | errs push=6 pop=0 empty=951086 gor=6491 | ack=   761000/s ackErr=0 ackAvg=51.04ms
[09:34:40] offered=   900000/s achieved=   883900/s shed=        0/s inflight=  1640 | p50= 164.86 p99=  411.65 p999=  509.95 ms | push=20540100 pop=18091000 lag=2449100 | errs push=6 pop=0 empty=966739 gor=6612 | ack=   700000/s ackErr=0 ackAvg=52.03ms
[09:34:41] offered=   900000/s achieved=   966300/s shed=        0/s inflight=   977 | p50= 158.72 p99=  391.17 p999=  489.47 ms | push=21506400 pop=18912500 lag=2593900 | errs push=6 pop=0 empty=978911 gor=5928 | ack=   826500/s ackErr=0 ackAvg=52.93ms
[09:34:42] offered=   897000/s achieved=   667800/s shed=        0/s inflight=  3269 | p50= 179.20 p99=  509.95 p999=  577.54 ms | push=22174200 pop=19419000 lag=2755200 | errs push=6 pop=0 empty=1024713 gor=14377 | ack=   535000/s ackErr=0 ackAvg=54.31ms
[09:34:43] offered=   903400/s achieved=  1101100/s shed=        0/s inflight=  1291 | p50= 162.82 p99=  667.65 p999=  749.57 ms | push=23275300 pop=20114500 lag=3160800 | errs push=6 pop=0 empty=1037660 gor=6365 | ack=   680000/s ackErr=0 ackAvg=55.13ms
[09:34:44] offered=   899500/s achieved=   876800/s shed=        0/s inflight=  1520 | p50= 154.62 p99=  350.21 p999=  444.42 ms | push=24152100 pop=20874500 lag=3277600 | errs push=6 pop=0 empty=1048898 gor=6551 | ack=   781000/s ackErr=0 ackAvg=55.83ms
[09:34:45] offered=   899600/s achieved=   954500/s shed=        0/s inflight=   970 | p50= 146.43 p99=  346.11 p999=  419.84 ms | push=25106600 pop=21647500 lag=3459100 | errs push=6 pop=0 empty=1057101 gor=5930 | ack=   732000/s ackErr=0 ackAvg=56.50ms
[09:34:46] offered=   900700/s achieved=   858100/s shed=        0/s inflight=  1396 | p50= 136.19 p99=  325.63 p999=  391.17 ms | push=25964700 pop=22432500 lag=3532200 | errs push=6 pop=0 empty=1068898 gor=6331 | ack=   797500/s ackErr=0 ackAvg=57.16ms
[09:34:47] offered=   900200/s achieved=   904800/s shed=        0/s inflight=  1349 | p50= 150.53 p99=  391.17 p999=  444.42 ms | push=26869500 pop=23240500 lag=3629000 | errs push=6 pop=0 empty=1078349 gor=6266 | ack=   816000/s ackErr=0 ackAvg=57.84ms
[09:34:48] offered=   899500/s achieved=   942600/s shed=        0/s inflight=   920 | p50= 150.53 p99=  419.84 p999=  497.66 ms | push=27812100 pop=24027500 lag=3784600 | errs push=6 pop=0 empty=1090245 gor=5844 | ack=   784000/s ackErr=0 ackAvg=58.57ms
[09:34:49] offered=   899600/s achieved=   856600/s shed=        0/s inflight=  1349 | p50= 152.58 p99=  407.55 p999=  489.47 ms | push=28668700 pop=24750000 lag=3918700 | errs push=6 pop=0 empty=1097214 gor=6294 | ack=   712500/s ackErr=0 ackAvg=59.22ms
[09:34:50] offered=   901600/s achieved=   881100/s shed=        0/s inflight=  1555 | p50= 138.24 p99=  333.82 p999=  432.13 ms | push=29549800 pop=25579000 lag=3970800 | errs push=6 pop=0 empty=1106612 gor=6452 | ack=   853000/s ackErr=0 ackAvg=59.88ms
[09:34:51] offered=   900600/s achieved=   893600/s shed=        0/s inflight=  1627 | p50= 177.15 p99=  399.36 p999=  489.47 ms | push=30443400 pop=26323000 lag=4120400 | errs push=6 pop=0 empty=1117038 gor=6557 | ack=   727000/s ackErr=0 ackAvg=60.52ms
[09:34:52] offered=   896300/s achieved=   928200/s shed=        0/s inflight=  1305 | p50= 142.34 p99=  337.92 p999=  407.55 ms | push=31371600 pop=27073500 lag=4298100 | errs push=6 pop=0 empty=1129869 gor=6230 | ack=   753500/s ackErr=0 ackAvg=61.13ms
[09:34:53] offered=   901600/s achieved=   895600/s shed=        0/s inflight=  1365 | p50= 162.82 p99=  428.03 p999=  528.38 ms | push=32267200 pop=27819000 lag=4448200 | errs push=6 pop=0 empty=1144564 gor=6334 | ack=   723000/s ackErr=0 ackAvg=61.84ms
[09:34:54] offered=   899200/s achieved=   857500/s shed=        0/s inflight=  1783 | p50= 150.53 p99=  342.02 p999=  423.94 ms | push=33124700 pop=28511500 lag=4613200 | errs push=6 pop=0 empty=1160556 gor=6717 | ack=   710000/s ackErr=0 ackAvg=62.39ms
[09:34:55] offered=   900600/s achieved=   975900/s shed=        0/s inflight=  1029 | p50= 142.34 p99=  333.82 p999=  411.65 ms | push=34100600 pop=29312500 lag=4788100 | errs push=6 pop=0 empty=1172348 gor=5977 | ack=   793500/s ackErr=0 ackAvg=63.06ms
[09:34:56] offered=   900500/s achieved=   877900/s shed=        0/s inflight=  1255 | p50= 138.24 p99=  342.02 p999=  403.46 ms | push=34978500 pop=30121000 lag=4857500 | errs push=6 pop=0 empty=1183461 gor=6164 | ack=   827500/s ackErr=0 ackAvg=63.59ms
[09:34:57] offered=   897300/s achieved=   837100/s shed=        0/s inflight=  1856 | p50= 156.67 p99=  374.78 p999=  428.03 ms | push=35815600 pop=30852000 lag=4963600 | errs push=6 pop=0 empty=1198044 gor=6792 | ack=   718500/s ackErr=0 ackAvg=64.07ms
[09:34:58] offered=   903400/s achieved=   971100/s shed=        0/s inflight=  1180 | p50= 150.53 p99=  374.78 p999=  481.28 ms | push=36786700 pop=31673500 lag=5113200 | errs push=6 pop=0 empty=1207569 gor=6118 | ack=   820500/s ackErr=0 ackAvg=64.70ms
[09:34:59] offered=   898600/s achieved=   862100/s shed=        0/s inflight=  1545 | p50= 152.58 p99=  382.98 p999=  468.99 ms | push=37648800 pop=32443000 lag=5205800 | errs push=6 pop=0 empty=1214548 gor=6488 | ack=   767000/s ackErr=0 ackAvg=65.14ms
[09:35:00] offered=   899200/s achieved=   863900/s shed=        0/s inflight=  1898 | p50= 168.96 p99=  399.36 p999=  493.57 ms | push=38512700 pop=33200000 lag=5312700 | errs push=6 pop=0 empty=1225312 gor=6849 | ack=   749000/s ackErr=0 ackAvg=65.73ms
[09:35:01] offered=   901100/s achieved=   940300/s shed=        0/s inflight=  1506 | p50= 173.06 p99=  423.94 p999=  528.38 ms | push=39453000 pop=33920000 lag=5533000 | errs push=6 pop=0 empty=1239047 gor=6455 | ack=   721000/s ackErr=0 ackAvg=66.34ms
[09:35:02] offered=   900900/s achieved=   853600/s shed=        0/s inflight=  1979 | p50= 156.67 p99=  382.98 p999=  481.28 ms | push=40306600 pop=34621500 lag=5685100 | errs push=6 pop=0 empty=1246149 gor=6918 | ack=   706000/s ackErr=0 ackAvg=66.79ms
[09:35:03] offered=   898100/s achieved=   976100/s shed=        0/s inflight=  1199 | p50= 148.48 p99=  407.55 p999=  497.66 ms | push=41282700 pop=35421000 lag=5861700 | errs push=6 pop=0 empty=1256924 gor=6117 | ack=   810000/s ackErr=0 ackAvg=67.32ms
[09:35:04] offered=   901000/s achieved=   858000/s shed=        0/s inflight=  1634 | p50= 150.53 p99=  378.88 p999=  456.70 ms | push=42140700 pop=36170500 lag=5970200 | errs push=6 pop=0 empty=1267255 gor=6573 | ack=   739000/s ackErr=0 ackAvg=67.72ms
[09:35:05] offered=   902500/s achieved=   975300/s shed=        0/s inflight=   901 | p50= 148.48 p99=  366.59 p999=  423.94 ms | push=43116000 pop=36984500 lag=6131500 | errs push=6 pop=0 empty=1277508 gor=5824 | ack=   822500/s ackErr=0 ackAvg=68.09ms
[09:35:06] offered=   897600/s achieved=   860300/s shed=        0/s inflight=  1274 | p50= 150.53 p99=  387.07 p999=  464.90 ms | push=43976300 pop=37695500 lag=6280800 | errs push=6 pop=0 empty=1290179 gor=6172 | ack=   723500/s ackErr=0 ackAvg=68.60ms
[09:35:07] offered=   900200/s achieved=   893600/s shed=        0/s inflight=  1351 | p50= 156.67 p99=  378.88 p999=  489.47 ms | push=44869900 pop=38371000 lag=6498900 | errs push=6 pop=0 empty=1308707 gor=6236 | ack=   694000/s ackErr=0 ackAvg=69.12ms
[09:35:08] offered=   899800/s achieved=   656600/s shed=        0/s inflight=  3773 | p50= 138.24 p99=  370.69 p999=  448.51 ms | push=45526500 pop=38971000 lag=6555500 | errs push=7 pop=0 empty=1346162 gor=14841 | ack=   582500/s ackErr=0 ackAvg=69.47ms
[09:35:09] offered=   897800/s achieved=   227400/s shed=        0/s inflight= 10300 | p50= 501.76 p99= 1417.22 p999= 1499.14 ms | push=45753900 pop=39034500 lag=6719400 | errs push=182 pop=0 empty=1346175 gor=34941 | ack=    80500/s ackErr=0 ackAvg=70.18ms
[09:35:10] offered=   903600/s achieved=  1669700/s shed=        0/s inflight=  2639 | p50= 610.30 p99= 1630.21 p999= 1892.35 ms | push=47423600 pop=39370000 lag=8053600 | errs push=182 pop=0 empty=1362461 gor=10471 | ack=   298000/s ackErr=0 ackAvg=71.15ms
[09:35:11] offered=   898400/s achieved=  1009500/s shed=        0/s inflight=  1528 | p50= 214.02 p99=  610.30 p999=  872.45 ms | push=48433100 pop=40060000 lag=8373100 | errs push=182 pop=0 empty=1371181 gor=6697 | ack=   667500/s ackErr=0 ackAvg=71.82ms
[09:35:12] offered=   900600/s achieved=   919300/s shed=        0/s inflight=  1341 | p50= 152.58 p99=  362.50 p999=  485.38 ms | push=49352400 pop=40760000 lag=8592400 | errs push=182 pop=0 empty=1382464 gor=6400 | ack=   747000/s ackErr=0 ackAvg=72.32ms
[09:35:13] offered=   899500/s achieved=   895300/s shed=        0/s inflight=  1383 | p50= 146.43 p99=  370.69 p999=  440.32 ms | push=50247700 pop=41536500 lag=8711200 | errs push=182 pop=0 empty=1392120 gor=6381 | ack=   775000/s ackErr=0 ackAvg=72.67ms
[09:35:14] offered=   905300/s achieved=   958400/s shed=        0/s inflight=   852 | p50= 127.49 p99=  296.96 p999=  366.59 ms | push=51206100 pop=42354500 lag=8851600 | errs push=182 pop=0 empty=1400458 gor=5833 | ack=   857500/s ackErr=0 ackAvg=72.95ms
[09:35:15] offered=   895200/s achieved=   424900/s shed=        0/s inflight=  5543 | p50= 197.63 p99=  757.76 p999=  815.10 ms | push=51631000 pop=42721500 lag=8909500 | errs push=192 pop=0 empty=1467429 gor=21777 | ack=   303000/s ackErr=0 ackAvg=73.76ms
[09:35:16] offered=   899300/s achieved=  1332900/s shed=        0/s inflight=  1185 | p50= 222.21 p99=  937.98 p999= 1122.30 ms | push=52963900 pop=43309000 lag=9654900 | errs push=219 pop=0 empty=1473220 gor=7988 | ack=   586000/s ackErr=3000 ackAvg=74.23ms
[09:35:17] offered=   900400/s achieved=   866400/s shed=        0/s inflight=  1522 | p50= 125.44 p99=  288.77 p999=  378.88 ms | push=53830300 pop=44068000 lag=9762300 | errs push=219 pop=0 empty=1482570 gor=6602 | ack=   763500/s ackErr=3000 ackAvg=74.42ms
[09:35:18] offered=   899100/s achieved=   905900/s shed=        0/s inflight=  1456 | p50= 140.29 p99=  301.06 p999=  374.78 ms | push=54736200 pop=44831500 lag=9904700 | errs push=219 pop=0 empty=1494670 gor=6546 | ack=   758000/s ackErr=3000 ackAvg=74.70ms
[09:35:19] offered=   900500/s achieved=   823200/s shed=        0/s inflight=  2227 | p50= 168.96 p99=  395.26 p999=  468.99 ms | push=55559400 pop=45461000 lag=10098400 | errs push=219 pop=0 empty=1513147 gor=7446 | ack=   637500/s ackErr=3000 ackAvg=74.93ms
[09:35:20] offered=   899700/s achieved=   961300/s shed=        0/s inflight=  1611 | p50= 166.91 p99=  419.84 p999=  505.86 ms | push=56520700 pop=46163500 lag=10357200 | errs push=219 pop=0 empty=1525936 gor=6601 | ack=   704000/s ackErr=3000 ackAvg=75.28ms
[09:35:21] offered=   903700/s achieved=   952000/s shed=        0/s inflight=  1128 | p50= 175.10 p99=  415.74 p999=  528.38 ms | push=57472700 pop=46925000 lag=10547700 | errs push=219 pop=0 empty=1536281 gor=6108 | ack=   754000/s ackErr=3000 ackAvg=75.56ms
[09:35:22] offered=   895900/s achieved=   890600/s shed=        0/s inflight=  1184 | p50= 160.77 p99=  374.78 p999=  452.61 ms | push=58363300 pop=47637000 lag=10726300 | errs push=219 pop=0 empty=1546484 gor=6173 | ack=   704000/s ackErr=3000 ackAvg=75.78ms
[09:35:23] offered=   901400/s achieved=   896400/s shed=        0/s inflight=  1231 | p50= 166.91 p99=  374.78 p999=  456.70 ms | push=59259700 pop=48317000 lag=10942700 | errs push=219 pop=0 empty=1558602 gor=6177 | ack=   700500/s ackErr=3000 ackAvg=76.13ms
[09:35:24] offered=   900400/s achieved=   896100/s shed=        0/s inflight=  1274 | p50= 138.24 p99=  346.11 p999=  452.61 ms | push=60155800 pop=49080000 lag=11075800 | errs push=219 pop=0 empty=1569055 gor=6219 | ack=   786500/s ackErr=3000 ackAvg=76.42ms
[09:35:25] offered=   898800/s achieved=   906100/s shed=        0/s inflight=  1201 | p50= 152.58 p99=  362.50 p999=  428.03 ms | push=61061900 pop=49874500 lag=11187400 | errs push=219 pop=0 empty=1576367 gor=6167 | ack=   761500/s ackErr=3000 ackAvg=76.68ms
[09:35:26] offered=   901100/s achieved=   877300/s shed=        0/s inflight=  1439 | p50= 160.77 p99=  366.59 p999=  436.22 ms | push=61939200 pop=50538500 lag=11400700 | errs push=219 pop=0 empty=1587093 gor=6382 | ack=   661000/s ackErr=3000 ackAvg=76.85ms
[09:35:27] offered=   899100/s achieved=   894300/s shed=        0/s inflight=  1487 | p50= 154.62 p99=  382.98 p999=  468.99 ms | push=62833500 pop=51265000 lag=11568500 | errs push=219 pop=0 empty=1599046 gor=6433 | ack=   725000/s ackErr=3000 ackAvg=77.20ms
[09:35:28] offered=   896600/s achieved=   870200/s shed=        0/s inflight=  1750 | p50= 160.77 p99=  419.84 p999=  514.05 ms | push=63703700 pop=51981000 lag=11722700 | errs push=219 pop=0 empty=1612799 gor=6677 | ack=   725500/s ackErr=3000 ackAvg=77.48ms
[09:35:29] offered=   903200/s achieved=   932300/s shed=        0/s inflight=  1460 | p50= 142.34 p99=  440.32 p999=  536.58 ms | push=64636000 pop=52722000 lag=11914000 | errs push=219 pop=0 empty=1624419 gor=6416 | ack=   726500/s ackErr=3000 ackAvg=77.76ms
[09:35:30] offered=   899600/s achieved=   941200/s shed=        0/s inflight=  1044 | p50= 136.19 p99=  329.73 p999=  415.74 ms | push=65577200 pop=53433500 lag=12143700 | errs push=219 pop=0 empty=1635724 gor=5968 | ack=   727500/s ackErr=3000 ackAvg=77.98ms
[09:35:31] offered=   901200/s achieved=   203800/s shed=        0/s inflight=  8004 | p50= 136.19 p99=  374.78 p999=  444.42 ms | push=65781000 pop=53651000 lag=12130000 | errs push=233 pop=0 empty=1722261 gor=28989 | ack=   220000/s ackErr=3000 ackAvg=78.11ms
[09:35:32] offered=   899900/s achieved=   790700/s shed=        0/s inflight=  9056 | p50= 946.18 p99= 1728.51 p999= 1892.35 ms | push=66571700 pop=53833500 lag=12738200 | errs push=273 pop=0 empty=1779443 gor=23241 | ack=   184000/s ackErr=3000 ackAvg=79.36ms
[09:35:33] offered=   899700/s achieved=  1572800/s shed=        0/s inflight=  2143 | p50= 561.15 p99= 1925.12 p999= 2072.58 ms | push=68144500 pop=54153000 lag=13991500 | errs push=455 pop=0 empty=1783406 gor=10317 | ack=   310000/s ackErr=4500 ackAvg=80.16ms
[09:35:34] offered=   900700/s achieved=   967400/s shed=        0/s inflight=  1476 | p50= 150.53 p99=  370.69 p999= 1564.67 ms | push=69111900 pop=54817000 lag=14294900 | errs push=455 pop=0 empty=1793974 gor=8903 | ack=   691500/s ackErr=4500 ackAvg=80.45ms
[09:35:35] offered=   899200/s achieved=   904100/s shed=        0/s inflight=  1387 | p50= 154.62 p99=  366.59 p999=  634.88 ms | push=70016000 pop=55477000 lag=14539000 | errs push=495 pop=0 empty=1802478 gor=6866 | ack=   639500/s ackErr=8000 ackAvg=80.74ms
[09:35:36] offered=   900200/s achieved=   918300/s shed=        0/s inflight=  1208 | p50= 140.29 p99=  362.50 p999=  448.51 ms | push=70934300 pop=56180500 lag=14753800 | errs push=495 pop=0 empty=1811942 gor=6250 | ack=   711500/s ackErr=8000 ackAvg=80.92ms
[09:35:37] offered=   899800/s achieved=   826600/s shed=        0/s inflight=  1938 | p50= 144.38 p99=  329.73 p999=  428.03 ms | push=71760900 pop=56864500 lag=14896400 | errs push=495 pop=0 empty=1824618 gor=7219 | ack=   677000/s ackErr=8000 ackAvg=81.12ms
[09:35:38] offered=   896600/s achieved=   955800/s shed=        0/s inflight=  1346 | p50= 146.43 p99=  403.46 p999=  481.28 ms | push=72716700 pop=57536000 lag=15180700 | errs push=495 pop=0 empty=1836621 gor=6391 | ack=   668500/s ackErr=8000 ackAvg=81.35ms
[09:35:39] offered=   901300/s achieved=   825700/s shed=        0/s inflight=  2104 | p50= 158.72 p99=  387.07 p999=  456.70 ms | push=73542400 pop=58218500 lag=15323900 | errs push=495 pop=0 empty=1859448 gor=8932 | ack=   663000/s ackErr=8000 ackAvg=81.49ms
[09:35:40] offered=   902600/s achieved=   952400/s shed=        0/s inflight=  1524 | p50= 189.44 p99=  481.28 p999=  561.15 ms | push=74494800 pop=58847500 lag=15647300 | errs push=575 pop=0 empty=1870640 gor=6945 | ack=   649500/s ackErr=14000 ackAvg=81.83ms
[09:35:41] offered=   897200/s achieved=   914100/s shed=        0/s inflight=  1355 | p50= 144.38 p99=  399.36 p999=  509.95 ms | push=75408900 pop=59598500 lag=15810400 | errs push=575 pop=0 empty=1880446 gor=6490 | ack=   739000/s ackErr=14000 ackAvg=81.91ms
[09:35:42] offered=   902800/s achieved=   917400/s shed=        0/s inflight=  1209 | p50= 138.24 p99=  346.11 p999=  428.03 ms | push=76326300 pop=60279000 lag=16047300 | errs push=575 pop=0 empty=1897457 gor=6222 | ack=   692500/s ackErr=14000 ackAvg=82.00ms
[09:35:43] offered=   898500/s achieved=   907500/s shed=        0/s inflight=  1111 | p50= 195.58 p99=  610.30 p999=  708.61 ms | push=77233800 pop=60728500 lag=16505300 | errs push=583 pop=0 empty=1935823 gor=7747 | ack=   448000/s ackErr=14000 ackAvg=82.34ms
[09:35:44] offered=   902500/s achieved=   936000/s shed=        0/s inflight=   776 | p50= 126.46 p99=  321.54 p999=  387.07 ms | push=78169800 pop=61435000 lag=16734800 | errs push=583 pop=0 empty=1948288 gor=5845 | ack=   706500/s ackErr=14000 ackAvg=82.36ms
[09:35:45] offered=   896900/s achieved=   847700/s shed=        0/s inflight=  1268 | p50= 154.62 p99=  382.98 p999=  448.51 ms | push=79017500 pop=62097000 lag=16920500 | errs push=583 pop=0 empty=1963709 gor=6312 | ack=   662000/s ackErr=14000 ackAvg=82.47ms
[09:35:46] offered=   901800/s achieved=   902800/s shed=        0/s inflight=  1260 | p50= 140.29 p99=  391.17 p999=  444.42 ms | push=79920300 pop=62764500 lag=17155800 | errs push=583 pop=0 empty=1974958 gor=6239 | ack=   680000/s ackErr=14000 ackAvg=82.53ms
[09:35:47] offered=   900300/s achieved=   874600/s shed=        0/s inflight=  1515 | p50= 123.39 p99=  309.25 p999=  382.98 ms | push=80794900 pop=63468000 lag=17326900 | errs push=583 pop=0 empty=1984744 gor=6532 | ack=   684500/s ackErr=14000 ackAvg=82.65ms
[09:35:48] offered=   899700/s achieved=   628800/s shed=        0/s inflight=  4224 | p50= 142.34 p99=  346.11 p999=  419.84 ms | push=81423700 pop=63975000 lag=17448700 | errs push=583 pop=0 empty=2018768 gor=15686 | ack=   562500/s ackErr=14000 ackAvg=82.95ms
[09:35:49] offered=   899900/s achieved=  1154200/s shed=        0/s inflight=  1681 | p50= 238.59 p99=  765.95 p999=  880.64 ms | push=82577900 pop=64438500 lag=18139400 | errs push=583 pop=0 empty=2028850 gor=8236 | ack=   428500/s ackErr=14000 ackAvg=83.14ms
[09:35:50] offered=   900700/s achieved=   945300/s shed=        0/s inflight=  1235 | p50= 152.58 p99=  395.26 p999=  477.18 ms | push=83523200 pop=65158000 lag=18365200 | errs push=583 pop=0 empty=2039995 gor=6251 | ack=   698500/s ackErr=14000 ackAvg=83.28ms
[09:35:51] offered=   899000/s achieved=   934300/s shed=        0/s inflight=   882 | p50= 138.24 p99=  346.11 p999=  448.51 ms | push=84457500 pop=65857000 lag=18600500 | errs push=583 pop=0 empty=2053565 gor=5893 | ack=   701500/s ackErr=14000 ackAvg=83.38ms
[09:35:52] offered=   900300/s achieved=   892100/s shed=        0/s inflight=   967 | p50= 123.39 p99=  292.86 p999=  350.21 ms | push=85349600 pop=66562500 lag=18787100 | errs push=583 pop=0 empty=2066161 gor=5938 | ack=   699000/s ackErr=14000 ackAvg=83.46ms
[09:35:53] offered=   900400/s achieved=   887600/s shed=        0/s inflight=  1092 | p50= 121.34 p99=  317.44 p999=  374.78 ms | push=86237200 pop=67313000 lag=18924200 | errs push=583 pop=0 empty=2077044 gor=6023 | ack=   779500/s ackErr=14000 ackAvg=83.52ms
[09:35:54] offered=   898900/s achieved=   903200/s shed=        0/s inflight=  1049 | p50= 127.49 p99=  321.54 p999=  366.59 ms | push=87140400 pop=68012500 lag=19127900 | errs push=583 pop=0 empty=2088902 gor=6021 | ack=   670000/s ackErr=14000 ackAvg=83.59ms
[09:35:55] offered=   901100/s achieved=   886700/s shed=        0/s inflight=  1193 | p50= 129.54 p99=  280.58 p999=  321.54 ms | push=88027100 pop=68710500 lag=19316600 | errs push=583 pop=0 empty=2100433 gor=6162 | ack=   700000/s ackErr=14000 ackAvg=83.66ms
[09:35:56] offered=   900200/s achieved=   910100/s shed=        0/s inflight=  1096 | p50= 110.08 p99=  272.38 p999=  325.63 ms | push=88937200 pop=69497000 lag=19440200 | errs push=583 pop=0 empty=2115550 gor=6006 | ack=   815500/s ackErr=14000 ackAvg=83.68ms
[09:35:57] offered=   901100/s achieved=   916700/s shed=        0/s inflight=   938 | p50= 124.42 p99=  317.44 p999=  411.65 ms | push=89853900 pop=70239500 lag=19614400 | errs push=583 pop=0 empty=2125035 gor=5886 | ack=   723500/s ackErr=14000 ackAvg=83.69ms
[09:35:58] offered=   898400/s achieved=   883900/s shed=        0/s inflight=  1083 | p50= 123.39 p99=  264.19 p999=  321.54 ms | push=90737800 pop=70987000 lag=19750800 | errs push=583 pop=0 empty=2135371 gor=6069 | ack=   729000/s ackErr=14000 ackAvg=83.75ms
[09:35:59] offered=   899700/s achieved=   877800/s shed=        0/s inflight=  1302 | p50= 136.19 p99=  296.96 p999=  366.59 ms | push=91615600 pop=71694500 lag=19921100 | errs push=583 pop=0 empty=2144619 gor=6260 | ack=   713500/s ackErr=14000 ackAvg=83.90ms
[09:36:00] offered=   900500/s achieved=   914300/s shed=        0/s inflight=  1164 | p50= 125.44 p99=  292.86 p999=  358.40 ms | push=92529900 pop=72402000 lag=20127900 | errs push=583 pop=0 empty=2153538 gor=6104 | ack=   715500/s ackErr=14000 ackAvg=84.00ms
[09:36:01] offered=   899100/s achieved=   903600/s shed=        0/s inflight=  1119 | p50= 136.19 p99=  358.40 p999=  419.84 ms | push=93433500 pop=73082000 lag=20351500 | errs push=583 pop=0 empty=2164731 gor=6085 | ack=   668000/s ackErr=14000 ackAvg=84.07ms
[09:36:02] offered=   900700/s achieved=   851500/s shed=        0/s inflight=  1612 | p50= 160.77 p99=  366.59 p999=  452.61 ms | push=94285000 pop=73741500 lag=20543500 | errs push=583 pop=0 empty=2182918 gor=6639 | ack=   663500/s ackErr=14000 ackAvg=84.18ms
[09:36:03] offered=   900500/s achieved=   968400/s shed=        0/s inflight=   932 | p50= 127.49 p99=  333.82 p999=  415.74 ms | push=95253400 pop=74507500 lag=20745900 | errs push=583 pop=0 empty=2193056 gor=5976 | ack=   758000/s ackErr=14000 ackAvg=84.23ms
[09:36:04] offered=   904000/s achieved=   666500/s shed=        0/s inflight=  3295 | p50= 175.10 p99=  536.58 p999=  618.50 ms | push=95919900 pop=74936500 lag=20983400 | errs push=601 pop=0 empty=2226971 gor=13161 | ack=   447000/s ackErr=14000 ackAvg=84.50ms
[09:36:05] offered=   895100/s achieved=  1098400/s shed=        0/s inflight=  1250 | p50= 171.01 p99=  643.07 p999=  757.76 ms | push=97018300 pop=75577500 lag=21440800 | errs push=607 pop=0 empty=2239602 gor=7723 | ack=   617500/s ackErr=14000 ackAvg=84.64ms
[09:36:06] offered=   900500/s achieved=   854500/s shed=        0/s inflight=  1707 | p50= 132.10 p99=  309.25 p999=  378.88 ms | push=97872800 pop=76301000 lag=21571800 | errs push=610 pop=0 empty=2249742 gor=6881 | ack=   745000/s ackErr=15000 ackAvg=84.73ms
[09:36:07] offered=   899800/s achieved=   951400/s shed=        0/s inflight=  1190 | p50= 122.37 p99=  309.25 p999=  395.26 ms | push=98824200 pop=77111000 lag=21713200 | errs push=610 pop=0 empty=2258564 gor=6290 | ack=   793000/s ackErr=15000 ackAvg=84.78ms
[09:36:08] offered=   899900/s achieved=   913900/s shed=        0/s inflight=  1051 | p50= 140.29 p99=  358.40 p999=  468.99 ms | push=99738100 pop=77849500 lag=21888600 | errs push=610 pop=0 empty=2266478 gor=6120 | ack=   742000/s ackErr=15000 ackAvg=84.89ms
[09:36:09] offered=   903500/s achieved=   897500/s shed=        0/s inflight=  1114 | p50= 146.43 p99=  370.69 p999=  464.90 ms | push=100635600 pop=78583500 lag=22052100 | errs push=610 pop=0 empty=2277500 gor=6092 | ack=   734500/s ackErr=15000 ackAvg=84.97ms
[09:36:10] offered=   896600/s achieved=   901600/s shed=        0/s inflight=  1061 | p50= 122.37 p99=  313.34 p999=  407.55 ms | push=101537200 pop=79340500 lag=22196700 | errs push=610 pop=0 empty=2287585 gor=6016 | ack=   767500/s ackErr=15000 ackAvg=85.00ms
[09:36:11] offered=   900300/s achieved=   856200/s shed=        0/s inflight=  1502 | p50= 152.58 p99=  378.88 p999=  444.42 ms | push=102393400 pop=80046000 lag=22347400 | errs push=610 pop=0 empty=2299060 gor=6457 | ack=   705500/s ackErr=15000 ackAvg=85.11ms
[09:36:12] offered=   899600/s achieved=   951000/s shed=        0/s inflight=   990 | p50= 148.48 p99=  374.78 p999=  473.09 ms | push=103344400 pop=80843000 lag=22501400 | errs push=610 pop=0 empty=2309429 gor=5965 | ack=   787000/s ackErr=15000 ackAvg=85.18ms
[09:36:13] offered=   896100/s achieved=   903200/s shed=        0/s inflight=   917 | p50= 136.19 p99=  309.25 p999=  382.98 ms | push=104247600 pop=81585500 lag=22662100 | errs push=610 pop=0 empty=2323270 gor=5779 | ack=   798000/s ackErr=15000 ackAvg=85.32ms
[09:36:14] offered=   904700/s achieved=   868300/s shed=        0/s inflight=  1282 | p50= 154.62 p99=  346.11 p999=  407.55 ms | push=105115900 pop=82282000 lag=22833900 | errs push=610 pop=0 empty=2335266 gor=6189 | ack=   655000/s ackErr=15000 ackAvg=85.37ms
[09:36:15] offered=   899100/s achieved=   347100/s shed=        0/s inflight=  6801 | p50= 197.63 p99=  790.53 p999=  880.64 ms | push=105463000 pop=82482500 lag=22980500 | errs push=610 pop=0 empty=2361865 gor=22778 | ack=   257500/s ackErr=15000 ackAvg=85.77ms
[09:36:16] offered=   899000/s achieved=   907500/s shed=        0/s inflight=  6714 | p50= 847.87 p99= 1597.44 p999= 1728.51 ms | push=106370500 pop=82655000 lag=23715500 | errs push=610 pop=0 empty=2364605 gor=25986 | ack=   111000/s ackErr=15000 ackAvg=86.08ms
[09:36:17] offered=   898700/s achieved=  1444900/s shed=        0/s inflight=  1254 | p50= 301.06 p99= 1630.21 p999= 1728.51 ms | push=107815400 pop=83126000 lag=24689400 | errs push=610 pop=0 empty=2373845 gor=7320 | ack=   467500/s ackErr=15000 ackAvg=86.50ms
[09:36:18] offered=   901300/s achieved=   867300/s shed=        0/s inflight=  1595 | p50= 136.19 p99=  329.73 p999=  411.65 ms | push=108682700 pop=83842000 lag=24840700 | errs push=610 pop=0 empty=2382307 gor=6865 | ack=   706000/s ackErr=15000 ackAvg=86.61ms
[09:36:19] offered=   901900/s achieved=   910400/s shed=        0/s inflight=  1509 | p50= 144.38 p99=  317.44 p999=  370.69 ms | push=109593100 pop=84580000 lag=25013100 | errs push=610 pop=0 empty=2390906 gor=6451 | ack=   771500/s ackErr=15000 ackAvg=86.72ms
[09:36:20] offered=   899400/s achieved=   912400/s shed=        0/s inflight=  1380 | p50= 166.91 p99=  415.74 p999=  468.99 ms | push=110505500 pop=85334500 lag=25171000 | errs push=610 pop=0 empty=2401359 gor=6322 | ack=   723500/s ackErr=15000 ackAvg=86.76ms
[09:36:21] offered=   899300/s achieved=   821500/s shed=        0/s inflight=  2157 | p50= 162.82 p99=  382.98 p999=  456.70 ms | push=111327000 pop=86009500 lag=25317500 | errs push=610 pop=0 empty=2420599 gor=9070 | ack=   657500/s ackErr=15000 ackAvg=86.92ms
[09:36:22] offered=   899500/s achieved=   919000/s shed=        0/s inflight=  1956 | p50= 197.63 p99=  432.13 p999=  493.57 ms | push=112246000 pop=86577500 lag=25668500 | errs push=617 pop=0 empty=2431275 gor=8268 | ack=   604500/s ackErr=15000 ackAvg=87.13ms
[09:36:23] offered=   900800/s achieved=   968200/s shed=        0/s inflight=  1280 | p50= 162.82 p99=  378.88 p999=  473.09 ms | push=113214200 pop=87329000 lag=25885200 | errs push=617 pop=0 empty=2440929 gor=6407 | ack=   732000/s ackErr=15000 ackAvg=87.28ms
[09:36:24] offered=   897100/s achieved=   927200/s shed=        0/s inflight=   981 | p50= 175.10 p99=  428.03 p999=  509.95 ms | push=114141400 pop=87984500 lag=26156900 | errs push=617 pop=0 empty=2457692 gor=5947 | ack=   670000/s ackErr=15000 ackAvg=87.41ms
[09:36:25] offered=   903600/s achieved=   860500/s shed=        0/s inflight=  1411 | p50= 127.49 p99=  296.96 p999=  358.40 ms | push=115001900 pop=88745500 lag=26256400 | errs push=617 pop=0 empty=2468757 gor=6383 | ack=   758000/s ackErr=15000 ackAvg=87.48ms
[09:36:26] offered=   894900/s achieved=   891700/s shed=        0/s inflight=  1443 | p50= 152.58 p99=  468.99 p999=  544.77 ms | push=115893600 pop=89461500 lag=26432100 | errs push=617 pop=0 empty=2478592 gor=6400 | ack=   724500/s ackErr=15000 ackAvg=87.56ms
[09:36:27] offered=   904900/s achieved=   941100/s shed=        0/s inflight=  1081 | p50= 142.34 p99=  403.46 p999=  528.38 ms | push=116834700 pop=90264500 lag=26570200 | errs push=617 pop=0 empty=2488008 gor=6083 | ack=   775000/s ackErr=15000 ackAvg=87.64ms
[09:36:28] offered=   899800/s achieved=   882600/s shed=        0/s inflight=  1253 | p50= 142.34 p99=  342.02 p999=  432.13 ms | push=117717300 pop=91026500 lag=26690800 | errs push=617 pop=0 empty=2495655 gor=6228 | ack=   775500/s ackErr=15000 ackAvg=87.70ms
[09:36:29] offered=   900000/s achieved=   829500/s shed=        0/s inflight=  1958 | p50= 162.82 p99=  415.74 p999=  489.47 ms | push=118546800 pop=91721000 lag=26825800 | errs push=617 pop=0 empty=2505240 gor=6906 | ack=   690500/s ackErr=15000 ackAvg=87.81ms
[09:36:30] offered=   900700/s achieved=   929800/s shed=        0/s inflight=  1667 | p50= 189.44 p99=  518.14 p999=  602.11 ms | push=119476600 pop=92384000 lag=27092600 | errs push=617 pop=0 empty=2516253 gor=6692 | ack=   669500/s ackErr=15000 ackAvg=88.03ms
[09:36:31] offered=   899100/s achieved=   948000/s shed=        0/s inflight=  1178 | p50= 150.53 p99=  362.50 p999=  456.70 ms | push=120424600 pop=93160500 lag=27264100 | errs push=617 pop=0 empty=2524232 gor=6124 | ack=   775000/s ackErr=15000 ackAvg=88.14ms
[09:36:32] offered=   900100/s achieved=   773000/s shed=        0/s inflight=  2450 | p50= 329.73 p99=  864.26 p999=  954.37 ms | push=121197600 pop=93469500 lag=27728100 | errs push=617 pop=0 empty=2581846 gor=12625 | ack=   308000/s ackErr=15000 ackAvg=88.59ms
[09:36:33] offered=   900200/s achieved=   981600/s shed=        0/s inflight=  1635 | p50= 181.25 p99=  872.45 p999= 1028.10 ms | push=122179200 pop=94101500 lag=28077700 | errs push=617 pop=0 empty=2590582 gor=6836 | ack=   621500/s ackErr=15000 ackAvg=88.80ms
[09:36:34] offered=   899500/s achieved=   947200/s shed=        0/s inflight=  1158 | p50= 168.96 p99=  391.17 p999=  489.47 ms | push=123126400 pop=94757500 lag=28368900 | errs push=617 pop=0 empty=2603225 gor=6320 | ack=   663500/s ackErr=15000 ackAvg=88.97ms
[09:36:35] offered=   898800/s achieved=   876100/s shed=        0/s inflight=  1385 | p50= 148.48 p99=  411.65 p999=  536.58 ms | push=124002500 pop=95443500 lag=28559000 | errs push=617 pop=0 empty=2614686 gor=6322 | ack=   693500/s ackErr=15000 ackAvg=89.02ms
[09:36:36] offered=   901100/s achieved=   939100/s shed=        0/s inflight=  1005 | p50= 150.53 p99=  354.30 p999=  444.42 ms | push=124941600 pop=96147000 lag=28794600 | errs push=617 pop=0 empty=2624485 gor=5961 | ack=   693500/s ackErr=15000 ackAvg=89.17ms
[09:36:37] offered=   899200/s achieved=   886700/s shed=        0/s inflight=  1130 | p50= 140.29 p99=  329.73 p999=  407.55 ms | push=125828300 pop=96876000 lag=28952300 | errs push=617 pop=0 empty=2634268 gor=6083 | ack=   730500/s ackErr=15000 ackAvg=89.22ms
[09:36:38] offered=   902100/s achieved=   828400/s shed=        0/s inflight=  1867 | p50= 154.62 p99=  382.98 p999=  464.90 ms | push=126656700 pop=97560000 lag=29096700 | errs push=617 pop=0 empty=2642615 gor=6782 | ack=   703000/s ackErr=15000 ackAvg=89.31ms
[09:36:39] offered=   898800/s achieved=   963300/s shed=        0/s inflight=  1221 | p50= 162.82 p99=  378.88 p999=  493.57 ms | push=127620000 pop=98336500 lag=29283500 | errs push=617 pop=0 empty=2657579 gor=6204 | ack=   743000/s ackErr=15000 ackAvg=89.42ms
[09:36:40] offered=   900500/s achieved=   887200/s shed=        0/s inflight=  1355 | p50= 156.67 p99=  444.42 p999=  544.77 ms | push=128507200 pop=98993500 lag=29513700 | errs push=617 pop=0 empty=2665205 gor=6311 | ack=   671000/s ackErr=15000 ackAvg=89.48ms
[09:36:41] offered=   900100/s achieved=   866500/s shed=        0/s inflight=  1691 | p50= 158.72 p99=  395.26 p999=  509.95 ms | push=129373700 pop=99708000 lag=29665700 | errs push=617 pop=0 empty=2677583 gor=6630 | ack=   718000/s ackErr=15000 ackAvg=89.56ms
[09:36:42] offered=   899700/s achieved=   947000/s shed=        0/s inflight=  1218 | p50= 140.29 p99=  358.40 p999=  456.70 ms | push=130320700 pop=100493500 lag=29827200 | errs push=617 pop=0 empty=2688132 gor=6147 | ack=   791000/s ackErr=15000 ackAvg=89.68ms
[09:36:43] offered=   900900/s achieved=   866700/s shed=        0/s inflight=  1560 | p50= 142.34 p99=  333.82 p999=  415.74 ms | push=131187400 pop=101238000 lag=29949400 | errs push=617 pop=0 empty=2696047 gor=6522 | ack=   728000/s ackErr=15000 ackAvg=89.75ms
[09:36:44] offered=   898200/s achieved=   909900/s shed=        0/s inflight=  1443 | p50= 156.67 p99=  403.46 p999=  509.95 ms | push=132097300 pop=101940500 lag=30156800 | errs push=617 pop=0 empty=2713165 gor=6343 | ack=   733500/s ackErr=15000 ackAvg=89.83ms
[09:36:45] offered=   900000/s achieved=   938600/s shed=        0/s inflight=  1059 | p50= 148.48 p99=  378.88 p999=  468.99 ms | push=133035900 pop=102683500 lag=30352400 | errs push=617 pop=0 empty=2724000 gor=6012 | ack=   715500/s ackErr=15000 ackAvg=89.88ms
[09:36:46] offered=   901300/s achieved=   860100/s shed=        0/s inflight=  1473 | p50= 148.48 p99=  354.30 p999=  440.32 ms | push=133896000 pop=103364000 lag=30532000 | errs push=617 pop=0 empty=2738252 gor=6452 | ack=   668000/s ackErr=15000 ackAvg=89.94ms
[09:36:47] offered=   899700/s achieved=   932400/s shed=        0/s inflight=  1142 | p50= 146.43 p99=  337.92 p999=  399.36 ms | push=134828400 pop=104163500 lag=30664900 | errs push=617 pop=0 empty=2750515 gor=6114 | ack=   803500/s ackErr=15000 ackAvg=90.05ms
[09:36:48] offered=   900600/s achieved=   837800/s shed=        0/s inflight=  1766 | p50= 399.36 p99=  913.41 p999= 1011.71 ms | push=135666200 pop=104372500 lag=31293700 | errs push=621 pop=0 empty=2806156 gor=12015 | ack=   231000/s ackErr=15000 ackAvg=90.52ms
[09:36:49] offered=   901100/s achieved=   898500/s shed=        0/s inflight=  1789 | p50= 166.91 p99=  382.98 p999=  501.76 ms | push=136564700 pop=105048500 lag=31516200 | errs push=623 pop=0 empty=2817939 gor=7213 | ack=   686000/s ackErr=15000 ackAvg=90.66ms
[09:36:50] offered=   897900/s achieved=   952400/s shed=        0/s inflight=  1244 | p50= 138.24 p99=  329.73 p999=  403.46 ms | push=137517100 pop=105797000 lag=31720100 | errs push=623 pop=0 empty=2826000 gor=6388 | ack=   728500/s ackErr=15000 ackAvg=90.71ms
[09:36:51] offered=   901600/s achieved=   920000/s shed=        0/s inflight=  1061 | p50= 130.56 p99=  321.54 p999=  374.78 ms | push=138437100 pop=106554000 lag=31883100 | errs push=623 pop=0 empty=2836321 gor=6076 | ack=   756500/s ackErr=15000 ackAvg=90.75ms
[09:36:52] offered=   898000/s achieved=   798300/s shed=        0/s inflight=  2060 | p50= 136.19 p99=  309.25 p999=  354.30 ms | push=139235400 pop=107239500 lag=31995900 | errs push=623 pop=0 empty=2846277 gor=7065 | ack=   691000/s ackErr=15000 ackAvg=90.82ms
[09:36:53] offered=   900800/s achieved=   654000/s shed=        0/s inflight=  4523 | p50= 152.58 p99=  374.78 p999=  473.09 ms | push=139889400 pop=107738500 lag=32150900 | errs push=626 pop=0 empty=2894289 gor=16595 | ack=   493000/s ackErr=15000 ackAvg=90.93ms
[09:36:54] offered=   897400/s achieved=   504400/s shed=        0/s inflight=  8448 | p50= 733.18 p99= 1417.22 p999= 1499.14 ms | push=140393800 pop=107829500 lag=32564300 | errs push=631 pop=0 empty=2919036 gor=31135 | ack=   104500/s ackErr=16500 ackAvg=91.43ms
[09:36:55] offered=   902300/s achieved=  1575700/s shed=        0/s inflight=  1705 | p50= 362.50 p99= 1548.29 p999= 1712.13 ms | push=141969500 pop=108271000 lag=33698500 | errs push=640 pop=0 empty=2931589 gor=7803 | ack=   426000/s ackErr=17500 ackAvg=91.69ms
[09:36:56] offered=   904000/s achieved=   940500/s shed=        0/s inflight=  1340 | p50= 158.72 p99=  321.54 p999=  391.17 ms | push=142910000 pop=108953000 lag=33957000 | errs push=640 pop=0 empty=2943144 gor=6531 | ack=   696000/s ackErr=17500 ackAvg=91.83ms
[09:36:57] offered=   896700/s achieved=   864900/s shed=        0/s inflight=  1658 | p50= 160.77 p99=  378.88 p999=  464.90 ms | push=143774900 pop=109641500 lag=34133400 | errs push=640 pop=0 empty=2950143 gor=6636 | ack=   671500/s ackErr=17500 ackAvg=91.91ms
[09:36:58] offered=   899500/s achieved=   886400/s shed=        0/s inflight=  1788 | p50= 152.58 p99=  366.59 p999=  436.22 ms | push=144661300 pop=110367000 lag=34294300 | errs push=640 pop=0 empty=2961125 gor=6788 | ack=   714500/s ackErr=17500 ackAvg=91.99ms
[09:36:59] offered=   898800/s achieved=   936300/s shed=        0/s inflight=  1414 | p50= 171.01 p99=  403.46 p999=  489.47 ms | push=145597600 pop=111127500 lag=34470100 | errs push=640 pop=0 empty=2969320 gor=6331 | ack=   784500/s ackErr=17500 ackAvg=92.07ms
[09:37:00] offered=   900400/s achieved=   932600/s shed=        0/s inflight=  1092 | p50= 144.38 p99=  346.11 p999=  436.22 ms | push=146530200 pop=111871000 lag=34659200 | errs push=640 pop=0 empty=2978321 gor=6037 | ack=   729500/s ackErr=17500 ackAvg=92.13ms
[09:37:01] offered=   901000/s achieved=   898800/s shed=        0/s inflight=  1114 | p50= 134.14 p99=  317.44 p999=  415.74 ms | push=147429000 pop=112628000 lag=34801000 | errs push=640 pop=0 empty=2986664 gor=6035 | ack=   788000/s ackErr=17500 ackAvg=92.20ms
[09:37:02] offered=   898700/s achieved=   831900/s shed=        0/s inflight=  1779 | p50= 144.38 p99=  350.21 p999=  436.22 ms | push=148260900 pop=113285000 lag=34975900 | errs push=640 pop=0 empty=2998407 gor=6687 | ack=   643500/s ackErr=17500 ackAvg=92.25ms
[09:37:03] offered=   908100/s achieved=   955900/s shed=        0/s inflight=  1303 | p50= 158.72 p99=  362.50 p999=  440.32 ms | push=149216800 pop=114012000 lag=35204800 | errs push=640 pop=0 empty=3009286 gor=6249 | ack=   709000/s ackErr=17500 ackAvg=92.32ms
[09:37:04] offered=   891300/s achieved=   907400/s shed=        0/s inflight=  1144 | p50= 150.53 p99=  374.78 p999=  485.38 ms | push=150124200 pop=114755000 lag=35369200 | errs push=640 pop=0 empty=3018421 gor=6083 | ack=   745500/s ackErr=17500 ackAvg=92.38ms
[09:37:05] offered=   901300/s achieved=   466900/s shed=        0/s inflight=  5485 | p50= 168.96 p99=  675.84 p999=  757.76 ms | push=150591100 pop=115089500 lag=35501600 | errs push=642 pop=0 empty=3057609 gor=20446 | ack=   397000/s ackErr=17500 ackAvg=92.59ms
[09:37:06] offered=   900200/s achieved=  1323700/s shed=        0/s inflight=  1249 | p50= 242.69 p99=  856.06 p999=  987.14 ms | push=151914800 pop=115675000 lag=36239800 | errs push=643 pop=0 empty=3067828 gor=6975 | ack=   547000/s ackErr=17500 ackAvg=92.75ms
[09:37:07] offered=   901600/s achieved=   912200/s shed=        0/s inflight=  1142 | p50= 138.24 p99=  346.11 p999=  468.99 ms | push=152827000 pop=116456500 lag=36370500 | errs push=643 pop=0 empty=3075809 gor=6331 | ack=   755500/s ackErr=17500 ackAvg=92.78ms
[09:37:08] offered=   898500/s achieved=   910600/s shed=        0/s inflight=  1022 | p50= 148.48 p99=  378.88 p999=  452.61 ms | push=153737600 pop=117173000 lag=36564600 | errs push=643 pop=0 empty=3091965 gor=6060 | ack=   717000/s ackErr=17500 ackAvg=92.84ms
[09:37:09] offered=   900300/s achieved=   844400/s shed=        0/s inflight=  1579 | p50= 144.38 p99=  362.50 p999=  452.61 ms | push=154582000 pop=117919500 lag=36662500 | errs push=643 pop=0 empty=3100753 gor=6510 | ack=   772500/s ackErr=17500 ackAvg=92.87ms
[09:37:10] offered=   900700/s achieved=   903100/s shed=        0/s inflight=  1557 | p50= 142.34 p99=  317.44 p999=  403.46 ms | push=155485100 pop=118626000 lag=36859100 | errs push=643 pop=0 empty=3111751 gor=6511 | ack=   691000/s ackErr=17500 ackAvg=92.94ms
[09:37:11] offered=   899000/s achieved=   934200/s shed=        0/s inflight=  1205 | p50= 162.82 p99=  370.69 p999=  473.09 ms | push=156419300 pop=119358500 lag=37060800 | errs push=643 pop=0 empty=3124158 gor=6164 | ack=   730500/s ackErr=17500 ackAvg=92.94ms
[09:37:12] offered=   900600/s achieved=   868900/s shed=        0/s inflight=  1522 | p50= 158.72 p99=  387.07 p999=  481.28 ms | push=157288200 pop=120035000 lag=37253200 | errs push=643 pop=0 empty=3136850 gor=6499 | ack=   668000/s ackErr=17500 ackAvg=93.02ms
[09:37:13] offered=   900000/s achieved=   905100/s shed=        0/s inflight=  1394 | p50= 146.43 p99=  342.02 p999=  428.03 ms | push=158193300 pop=120713500 lag=37479800 | errs push=643 pop=0 empty=3146791 gor=6384 | ack=   697500/s ackErr=17500 ackAvg=93.08ms
[09:37:14] offered=   901400/s achieved=   833700/s shed=        0/s inflight=  2150 | p50= 173.06 p99=  370.69 p999=  468.99 ms | push=159027000 pop=121321000 lag=37706000 | errs push=643 pop=0 empty=3166096 gor=7412 | ack=   619000/s ackErr=17500 ackAvg=93.15ms
[09:37:15] offered=   898600/s achieved=   983100/s shed=        0/s inflight=  1303 | p50= 160.77 p99=  382.98 p999=  477.18 ms | push=160010100 pop=122049000 lag=37961100 | errs push=643 pop=0 empty=3179691 gor=6251 | ack=   709000/s ackErr=17500 ackAvg=93.19ms
[09:37:16] offered=   898900/s achieved=   862400/s shed=        0/s inflight=  1668 | p50= 168.96 p99=  366.59 p999=  411.65 ms | push=160872500 pop=122715000 lag=38157500 | errs push=643 pop=0 empty=3192274 gor=6944 | ack=   659000/s ackErr=17500 ackAvg=93.28ms
[09:37:17] offered=   900700/s achieved=   927300/s shed=        0/s inflight=  1402 | p50= 175.10 p99=  399.36 p999=  473.09 ms | push=161799800 pop=123407000 lag=38392800 | errs push=643 pop=0 empty=3203699 gor=6437 | ack=   686000/s ackErr=17500 ackAvg=93.35ms
[09:37:18] offered=   900100/s achieved=   923300/s shed=        0/s inflight=  1170 | p50= 140.29 p99=  346.11 p999=  436.22 ms | push=162723100 pop=124139500 lag=38583600 | errs push=643 pop=0 empty=3212968 gor=6133 | ack=   752500/s ackErr=17500 ackAvg=93.35ms
[09:37:19] offered=   899300/s achieved=   887800/s shed=        0/s inflight=  1285 | p50= 142.34 p99=  370.69 p999=  477.18 ms | push=163610900 pop=124858500 lag=38752400 | errs push=643 pop=0 empty=3223656 gor=6320 | ack=   683000/s ackErr=17500 ackAvg=93.36ms
[09:37:20] offered=   901200/s achieved=   923300/s shed=        0/s inflight=  1065 | p50= 128.51 p99=  305.15 p999=  374.78 ms | push=164534200 pop=125611000 lag=38923200 | errs push=643 pop=0 empty=3234930 gor=6071 | ack=   767000/s ackErr=17500 ackAvg=93.38ms
[09:37:21] offered=   899200/s achieved=   870400/s shed=        0/s inflight=  1353 | p50= 160.77 p99=  378.88 p999=  501.76 ms | push=165404600 pop=126234000 lag=39170600 | errs push=643 pop=0 empty=3253940 gor=6565 | ack=   653000/s ackErr=17500 ackAvg=93.47ms
[09:37:22] offered=   898700/s achieved=   890100/s shed=        0/s inflight=  1438 | p50= 132.10 p99=  329.73 p999=  387.07 ms | push=166294700 pop=126971500 lag=39323200 | errs push=643 pop=0 empty=3262873 gor=6557 | ack=   718500/s ackErr=17500 ackAvg=93.49ms
[09:37:23] offered=   897300/s achieved=   938300/s shed=        0/s inflight=  1028 | p50= 144.38 p99=  337.92 p999=  395.26 ms | push=167233000 pop=127724000 lag=39509000 | errs push=643 pop=0 empty=3275461 gor=5921 | ack=   773500/s ackErr=17500 ackAvg=93.53ms
[09:37:24] offered=   904600/s achieved=   842900/s shed=        0/s inflight=  1645 | p50= 144.38 p99=  342.02 p999=  415.74 ms | push=168075900 pop=128441000 lag=39634900 | errs push=643 pop=0 empty=3288569 gor=6544 | ack=   714000/s ackErr=17500 ackAvg=93.58ms
[09:37:25] offered=   899500/s achieved=   928800/s shed=        0/s inflight=  1352 | p50= 130.56 p99=  313.34 p999=  382.98 ms | push=169004700 pop=129238000 lag=39766700 | errs push=643 pop=0 empty=3298385 gor=6255 | ack=   794500/s ackErr=17500 ackAvg=93.60ms
[09:37:26] offered=   901400/s achieved=   911400/s shed=        0/s inflight=  1247 | p50= 177.15 p99=  585.73 p999=  651.26 ms | push=169916100 pop=129796000 lag=40120100 | errs push=649 pop=0 empty=3331042 gor=10135 | ack=   532000/s ackErr=17500 ackAvg=93.75ms
[09:37:27] offered=   898200/s achieved=   921000/s shed=        0/s inflight=  1014 | p50= 146.43 p99=  407.55 p999=  634.88 ms | push=170837100 pop=130499000 lag=40338100 | errs push=653 pop=0 empty=3340215 gor=6622 | ack=   705500/s ackErr=18000 ackAvg=93.82ms
[09:37:28] offered=   900400/s achieved=   846800/s shed=        0/s inflight=  1550 | p50= 136.19 p99=  325.63 p999=  391.17 ms | push=171683900 pop=131166500 lag=40517400 | errs push=653 pop=0 empty=3349489 gor=6602 | ack=   677000/s ackErr=18000 ackAvg=93.82ms
[09:37:29] offered=   898100/s achieved=   935600/s shed=        0/s inflight=  1175 | p50= 144.38 p99=  321.54 p999=  387.07 ms | push=172619500 pop=131937000 lag=40682500 | errs push=653 pop=0 empty=3361378 gor=6159 | ack=   773500/s ackErr=18000 ackAvg=93.89ms
[09:37:30] offered=   902400/s achieved=   891400/s shed=        0/s inflight=  1285 | p50= 158.72 p99=  395.26 p999=  473.09 ms | push=173510900 pop=132608500 lag=40902400 | errs push=653 pop=0 empty=3381689 gor=7398 | ack=   675500/s ackErr=18000 ackAvg=93.94ms
[09:37:31] offered=   900000/s achieved=   868800/s shed=        0/s inflight=  1597 | p50= 138.24 p99=  395.26 p999=  514.05 ms | push=174379700 pop=133338500 lag=41041200 | errs push=653 pop=0 empty=3393503 gor=6916 | ack=   730500/s ackErr=18000 ackAvg=93.97ms
[09:37:32] offered=   899100/s achieved=   966200/s shed=        0/s inflight=   927 | p50= 138.24 p99=  325.63 p999=  419.84 ms | push=175345900 pop=134126000 lag=41219900 | errs push=653 pop=0 empty=3403156 gor=6076 | ack=   765500/s ackErr=18000 ackAvg=94.01ms
[09:37:33] offered=   900200/s achieved=   878500/s shed=        0/s inflight=  1144 | p50= 136.19 p99=  292.86 p999=  342.02 ms | push=176224400 pop=134842000 lag=41382400 | errs push=653 pop=0 empty=3415523 gor=6241 | ack=   741000/s ackErr=18000 ackAvg=94.02ms
[09:37:34] offered=   900200/s achieved=   832200/s shed=        0/s inflight=  1823 | p50= 162.82 p99=  419.84 p999=  485.38 ms | push=177056600 pop=135361500 lag=41695100 | errs push=653 pop=0 empty=3439836 gor=8127 | ack=   524000/s ackErr=18000 ackAvg=94.08ms
[09:37:35] offered=   899500/s achieved=   911500/s shed=        0/s inflight=  1701 | p50= 168.96 p99=  403.46 p999=  468.99 ms | push=177968100 pop=136100500 lag=41867600 | errs push=654 pop=0 empty=3447423 gor=6857 | ack=   712500/s ackErr=18000 ackAvg=94.17ms
[09:37:36] offered=   900200/s achieved=   894500/s shed=        0/s inflight=  1759 | p50= 160.77 p99=  366.59 p999=  481.28 ms | push=178862600 pop=136913000 lag=41949600 | errs push=654 pop=0 empty=3455588 gor=6824 | ack=   794000/s ackErr=18000 ackAvg=94.24ms
[09:37:37] offered=   900800/s achieved=   339800/s shed=        0/s inflight=  7352 | p50= 250.88 p99=  659.46 p999=  749.57 ms | push=179202400 pop=137089500 lag=42112900 | errs push=671 pop=0 empty=3491195 gor=26985 | ack=   266500/s ackErr=18500 ackAvg=94.46ms
[09:37:38] offered=   899700/s achieved=   217000/s shed=        0/s inflight= 14177 | p50=1105.92 p99= 1499.14 p999= 1597.44 ms | push=179419400 pop=137121500 lag=42297900 | errs push=673 pop=0 empty=3491195 gor=44861 | ack=     8000/s ackErr=18500 ackAvg=94.51ms
[09:37:39] offered=   900400/s achieved=  1827100/s shed=        0/s inflight=  4910 | p50=1122.30 p99= 2277.38 p999= 2408.45 ms | push=181246500 pop=137311500 lag=43935000 | errs push=673 pop=0 empty=3494697 gor=20745 | ack=   161000/s ackErr=18500 ackAvg=94.92ms
[09:37:40] offered=   900200/s achieved=  1196200/s shed=        0/s inflight=  1950 | p50= 284.67 p99= 1351.68 p999= 1695.74 ms | push=182442700 pop=137766000 lag=44676700 | errs push=673 pop=0 empty=3506471 gor=7109 | ack=   439500/s ackErr=18500 ackAvg=95.18ms
[09:37:41] offered=   899200/s achieved=   927100/s shed=        0/s inflight=  1671 | p50= 179.20 p99=  477.18 p999=  561.15 ms | push=183369800 pop=138449500 lag=44920300 | errs push=673 pop=0 empty=3516349 gor=6583 | ack=   695000/s ackErr=18500 ackAvg=95.29ms
[09:37:42] offered=   899700/s achieved=   896800/s shed=        0/s inflight=  1700 | p50= 164.86 p99=  374.78 p999=  460.80 ms | push=184266600 pop=139124500 lag=45142100 | errs push=673 pop=0 empty=3524524 gor=6647 | ack=   658500/s ackErr=18500 ackAvg=95.35ms
[09:37:43] offered=   901900/s achieved=   939000/s shed=        0/s inflight=  1329 | p50= 168.96 p99=  403.46 p999=  497.66 ms | push=185205600 pop=139838000 lag=45367600 | errs push=673 pop=0 empty=3533229 gor=6252 | ack=   725000/s ackErr=18500 ackAvg=95.40ms
[09:37:44] offered=   898700/s achieved=   893300/s shed=        0/s inflight=  1384 | p50= 173.06 p99=  358.40 p999=  428.03 ms | push=186098900 pop=140522000 lag=45576900 | errs push=673 pop=0 empty=3543615 gor=6324 | ack=   676000/s ackErr=18500 ackAvg=95.46ms
[09:37:45] offered=   899500/s achieved=   930300/s shed=        0/s inflight=  1076 | p50= 136.19 p99=  317.44 p999=  382.98 ms | push=187029200 pop=141262500 lag=45766700 | errs push=673 pop=0 empty=3554272 gor=5960 | ack=   768000/s ackErr=18500 ackAvg=95.48ms
[09:37:46] offered=   900300/s achieved=   828400/s shed=        0/s inflight=  1793 | p50= 183.30 p99=  423.94 p999=  522.24 ms | push=187857600 pop=141976500 lag=45881100 | errs push=673 pop=0 empty=3563513 gor=6744 | ack=   684500/s ackErr=18500 ackAvg=95.55ms
[09:37:47] offered=   898900/s achieved=   936700/s shed=        0/s inflight=  1416 | p50= 171.01 p99=  382.98 p999=  456.70 ms | push=188794300 pop=142731000 lag=46063300 | errs push=673 pop=0 empty=3573094 gor=6363 | ack=   753500/s ackErr=18500 ackAvg=95.58ms
[09:37:48] offered=   901200/s achieved=   858500/s shed=        0/s inflight=  1843 | p50= 154.62 p99=  358.40 p999=  452.61 ms | push=189652800 pop=143415500 lag=46237300 | errs push=673 pop=0 empty=3585849 gor=6699 | ack=   730000/s ackErr=18500 ackAvg=95.65ms
[09:37:49] offered=   898500/s achieved=   947900/s shed=        0/s inflight=  1349 | p50= 158.72 p99=  391.17 p999=  460.80 ms | push=190600700 pop=144138000 lag=46462700 | errs push=673 pop=0 empty=3596872 gor=6252 | ack=   700500/s ackErr=18500 ackAvg=95.68ms
[09:37:50] offered=   902000/s achieved=   916400/s shed=        0/s inflight=  1205 | p50= 136.19 p99=  337.92 p999=  440.32 ms | push=191517100 pop=144849000 lag=46668100 | errs push=673 pop=0 empty=3606139 gor=6156 | ack=   685000/s ackErr=18500 ackAvg=95.72ms
[09:37:51] offered=   898700/s achieved=   895600/s shed=        0/s inflight=  1236 | p50= 140.29 p99=  325.63 p999=  399.36 ms | push=192412700 pop=145621500 lag=46791200 | errs push=673 pop=0 empty=3615405 gor=6151 | ack=   790500/s ackErr=18500 ackAvg=95.75ms
[09:37:52] offered=   900900/s achieved=   900900/s shed=        0/s inflight=  1236 | p50= 128.51 p99=  305.15 p999=  370.69 ms | push=193313600 pop=146361500 lag=46952100 | errs push=673 pop=0 empty=3627686 gor=6118 | ack=   756000/s ackErr=18500 ackAvg=95.78ms
[09:37:53] offered=   899300/s achieved=   897600/s shed=        0/s inflight=  1252 | p50= 150.53 p99=  378.88 p999=  448.51 ms | push=194211200 pop=147072500 lag=47138700 | errs push=673 pop=0 empty=3637102 gor=6163 | ack=   696500/s ackErr=18500 ackAvg=95.81ms
[09:37:54] offered=   902800/s achieved=   910700/s shed=        0/s inflight=  1175 | p50= 146.43 p99=  378.88 p999=  464.90 ms | push=195121900 pop=147806500 lag=47315400 | errs push=673 pop=0 empty=3645636 gor=6090 | ack=   731500/s ackErr=18500 ackAvg=95.86ms
[09:37:55] offered=   898100/s achieved=   827800/s shed=        0/s inflight=  1877 | p50= 160.77 p99=  395.26 p999=  509.95 ms | push=195949700 pop=148493500 lag=47456200 | errs push=673 pop=0 empty=3655021 gor=6788 | ack=   690000/s ackErr=18500 ackAvg=95.89ms
[09:37:56] offered=   899900/s achieved=   979400/s shed=        0/s inflight=  1082 | p50= 150.53 p99=  411.65 p999=  481.28 ms | push=196929100 pop=149223500 lag=47705600 | errs push=673 pop=0 empty=3664557 gor=6371 | ack=   713500/s ackErr=18500 ackAvg=95.98ms
[09:37:57] offered=   906100/s achieved=   891900/s shed=        0/s inflight=  1228 | p50= 148.48 p99=  358.40 p999=  432.13 ms | push=197821000 pop=149973500 lag=47847500 | errs push=673 pop=0 empty=3672874 gor=6284 | ack=   744000/s ackErr=18500 ackAvg=96.05ms
[09:37:58] offered=   894200/s achieved=   878400/s shed=        0/s inflight=  1383 | p50= 148.48 p99=  309.25 p999=  399.36 ms | push=198699400 pop=150655500 lag=48043900 | errs push=673 pop=0 empty=3683464 gor=6339 | ack=   732000/s ackErr=18500 ackAvg=96.12ms
[09:37:59] offered=   899200/s achieved=   915300/s shed=        0/s inflight=  1221 | p50= 142.34 p99=  309.25 p999=  370.69 ms | push=199614700 pop=151483500 lag=48131200 | errs push=673 pop=0 empty=3695476 gor=6273 | ack=   780000/s ackErr=18500 ackAvg=96.14ms
[09:38:00] offered=   900700/s achieved=   832400/s shed=        0/s inflight=  1904 | p50= 126.46 p99=  305.15 p999=  374.78 ms | push=200447100 pop=152242500 lag=48204600 | errs push=673 pop=0 empty=3704365 gor=6897 | ack=   788500/s ackErr=18500 ackAvg=96.14ms
[09:38:01] offered=   898800/s achieved=   973000/s shed=        0/s inflight=  1162 | p50= 171.01 p99=  419.84 p999=  518.14 ms | push=201420100 pop=153012000 lag=48408100 | errs push=673 pop=0 empty=3712810 gor=6156 | ack=   746000/s ackErr=18500 ackAvg=96.19ms
[09:38:02] offered=   898200/s achieved=   885500/s shed=        0/s inflight=  1289 | p50= 136.19 p99=  350.21 p999=  460.80 ms | push=202305600 pop=153767000 lag=48538600 | errs push=673 pop=0 empty=3722951 gor=6255 | ack=   769000/s ackErr=18500 ackAvg=96.23ms
[09:38:03] offered=   904800/s achieved=   931100/s shed=        0/s inflight=  1026 | p50= 156.67 p99=  378.88 p999=  456.70 ms | push=203236700 pop=154481000 lag=48755700 | errs push=673 pop=0 empty=3733403 gor=6002 | ack=   690500/s ackErr=18500 ackAvg=96.28ms
[09:38:04] offered=   898000/s achieved=   799300/s shed=        0/s inflight=  2013 | p50= 138.24 p99=  317.44 p999=  378.88 ms | push=204036000 pop=155166500 lag=48869500 | errs push=673 pop=0 empty=3744582 gor=6917 | ack=   721500/s ackErr=18500 ackAvg=96.33ms
[09:38:05] offered=   899600/s achieved=   936700/s shed=        0/s inflight=  1643 | p50= 175.10 p99=  423.94 p999=  497.66 ms | push=204972700 pop=155886000 lag=49086700 | errs push=673 pop=0 empty=3753357 gor=6562 | ack=   711500/s ackErr=18500 ackAvg=96.38ms
[09:38:06] offered=   899700/s achieved=   913100/s shed=        0/s inflight=  1508 | p50= 152.58 p99=  362.50 p999=  452.61 ms | push=205885800 pop=156667000 lag=49218800 | errs push=673 pop=0 empty=3762472 gor=6459 | ack=   765000/s ackErr=18500 ackAvg=96.41ms
[09:38:07] offered=   899000/s achieved=   917400/s shed=        0/s inflight=  1324 | p50= 140.29 p99=  337.92 p999=  399.36 ms | push=206803200 pop=157407500 lag=49395700 | errs push=673 pop=0 empty=3774168 gor=6246 | ack=   755000/s ackErr=18500 ackAvg=96.47ms
[09:38:08] offered=   899400/s achieved=   923700/s shed=        0/s inflight=  1081 | p50= 132.10 p99=  301.06 p999=  354.30 ms | push=207726900 pop=158173500 lag=49553400 | errs push=673 pop=0 empty=3783989 gor=5990 | ack=   771000/s ackErr=18500 ackAvg=96.51ms
[09:38:09] offered=   902300/s achieved=   840500/s shed=        0/s inflight=  1705 | p50= 138.24 p99=  317.44 p999=  403.46 ms | push=208567400 pop=158893000 lag=49674400 | errs push=673 pop=0 empty=3801269 gor=6988 | ack=   690500/s ackErr=18500 ackAvg=96.55ms
[09:38:10] offered=   899600/s achieved=    21100/s shed=        0/s inflight= 10481 | p50= 358.40 p99=  509.95 p999=  643.07 ms | push=208588500 pop=158902000 lag=49686500 | errs push=676 pop=0 empty=3919360 gor=35784 | ack=    19500/s ackErr=18500 ackAvg=96.57ms
[09:38:11] offered=   900500/s achieved=  1567400/s shed=        0/s inflight=  3812 | p50= 839.68 p99= 1843.20 p999= 1941.50 ms | push=210155900 pop=159190000 lag=50965900 | errs push=676 pop=0 empty=3958017 gor=16870 | ack=   275500/s ackErr=18500 ackAvg=97.22ms
[09:38:12] offered=   899300/s achieved=  1158400/s shed=        0/s inflight=  1221 | p50= 183.30 p99=  774.14 p999=  913.41 ms | push=211314300 pop=159705500 lag=51608800 | errs push=676 pop=0 empty=3970791 gor=8020 | ack=   527000/s ackErr=18500 ackAvg=97.43ms
[09:38:13] offered=   901400/s achieved=   873600/s shed=        0/s inflight=  1499 | p50= 154.62 p99=  346.11 p999=  415.74 ms | push=212187900 pop=160345500 lag=51842400 | errs push=676 pop=0 empty=3987569 gor=6794 | ack=   660500/s ackErr=18500 ackAvg=97.48ms
[09:38:14] offered=   899200/s achieved=   879500/s shed=        0/s inflight=  1696 | p50= 134.14 p99=  350.21 p999=  436.22 ms | push=213067400 pop=161056500 lag=52010900 | errs push=676 pop=0 empty=4001374 gor=7001 | ack=   705000/s ackErr=18500 ackAvg=97.50ms
[09:38:15] offered=   899600/s achieved=   943100/s shed=        0/s inflight=  1261 | p50= 183.30 p99=  407.55 p999=  477.18 ms | push=214010500 pop=161726500 lag=52284000 | errs push=676 pop=0 empty=4013838 gor=6254 | ack=   666500/s ackErr=18500 ackAvg=97.55ms
[09:38:16] offered=   900500/s achieved=   541100/s shed=        0/s inflight=  4840 | p50= 168.96 p99=  350.21 p999=  395.26 ms | push=214551600 pop=162156500 lag=52395100 | errs push=691 pop=0 empty=4068135 gor=19359 | ack=   402500/s ackErr=18500 ackAvg=97.57ms
[09:38:17] offered=   899600/s achieved=   423400/s shed=        0/s inflight=  9598 | p50= 839.68 p99= 1499.14 p999= 1597.44 ms | push=214975000 pop=162244000 lag=52731000 | errs push=695 pop=0 empty=4087081 gor=34954 | ack=   106500/s ackErr=18500 ackAvg=97.85ms
[09:38:18] offered=   900100/s achieved=  1718000/s shed=        0/s inflight=  1419 | p50= 452.61 p99= 1613.82 p999= 1794.05 ms | push=216693000 pop=162609500 lag=54083500 | errs push=695 pop=0 empty=4098177 gor=8925 | ack=   362500/s ackErr=18500 ackAvg=98.08ms
[09:38:19] offered=   899600/s achieved=   912400/s shed=        0/s inflight=  1291 | p50= 134.14 p99=  325.63 p999=  432.13 ms | push=217605400 pop=163324000 lag=54281400 | errs push=695 pop=0 empty=4107667 gor=6485 | ack=   726000/s ackErr=18500 ackAvg=98.09ms
[09:38:20] offered=   899100/s achieved=   902600/s shed=        0/s inflight=  1256 | p50= 154.62 p99=  342.02 p999=  428.03 ms | push=218508000 pop=164035000 lag=54473000 | errs push=695 pop=0 empty=4117949 gor=6239 | ack=   722000/s ackErr=18500 ackAvg=98.11ms
[09:38:21] offered=   901100/s achieved=   895900/s shed=        0/s inflight=  1308 | p50= 128.51 p99=  301.06 p999=  370.69 ms | push=219403900 pop=164828000 lag=54575900 | errs push=695 pop=0 empty=4125306 gor=6323 | ack=   776500/s ackErr=18500 ackAvg=98.12ms
[09:38:22] offered=   900900/s achieved=   908000/s shed=        0/s inflight=  1237 | p50= 148.48 p99=  350.21 p999=  436.22 ms | push=220311900 pop=165566000 lag=54745900 | errs push=695 pop=0 empty=4134883 gor=6278 | ack=   725500/s ackErr=18500 ackAvg=98.13ms
[09:38:23] offered=   896300/s achieved=   863400/s shed=        0/s inflight=  1566 | p50= 142.34 p99=  337.92 p999=  415.74 ms | push=221175300 pop=166270000 lag=54905300 | errs push=695 pop=0 empty=4147011 gor=6536 | ack=   720500/s ackErr=18500 ackAvg=98.17ms
[09:38:24] offered=   907200/s achieved=   958500/s shed=        0/s inflight=  1054 | p50= 154.62 p99=  366.59 p999=  448.51 ms | push=222133800 pop=167028500 lag=55105300 | errs push=695 pop=0 empty=4156263 gor=6005 | ack=   752500/s ackErr=18500 ackAvg=98.19ms
[09:38:25] offered=   895900/s achieved=   857400/s shed=        0/s inflight=  1444 | p50= 152.58 p99=  428.03 p999=  518.14 ms | push=222991200 pop=167726500 lag=55264700 | errs push=695 pop=0 empty=4165520 gor=6377 | ack=   691500/s ackErr=18500 ackAvg=98.21ms
[09:38:26] offered=   899100/s achieved=   874900/s shed=        0/s inflight=  1679 | p50= 152.58 p99=  366.59 p999=  460.80 ms | push=223866100 pop=168462000 lag=55404100 | errs push=695 pop=0 empty=4174980 gor=6609 | ack=   738500/s ackErr=18500 ackAvg=98.22ms
[09:38:27] offered=   905700/s achieved=   941500/s shed=        0/s inflight=  1322 | p50= 160.77 p99=  358.40 p999=  415.74 ms | push=224807600 pop=169260000 lag=55547600 | errs push=695 pop=0 empty=4184742 gor=6247 | ack=   800000/s ackErr=18500 ackAvg=98.20ms
[09:38:28] offered=   896300/s achieved=   905600/s shed=        0/s inflight=  1233 | p50= 144.38 p99=  354.30 p999=  419.84 ms | push=225713200 pop=169974500 lag=55738700 | errs push=695 pop=0 empty=4194439 gor=6168 | ack=   708000/s ackErr=18500 ackAvg=98.24ms
[09:38:29] offered=   896700/s achieved=   894000/s shed=        0/s inflight=  1256 | p50= 146.43 p99=  317.44 p999=  411.65 ms | push=226607200 pop=170731000 lag=55876200 | errs push=695 pop=0 empty=4202950 gor=6165 | ack=   771500/s ackErr=18500 ackAvg=98.26ms
[09:38:30] offered=   902700/s achieved=   908400/s shed=        0/s inflight=  1199 | p50= 158.72 p99=  362.50 p999=  436.22 ms | push=227515600 pop=171495500 lag=56020100 | errs push=695 pop=0 empty=4213872 gor=6136 | ack=   750000/s ackErr=18500 ackAvg=98.29ms
[09:38:31] offered=   898900/s achieved=   855500/s shed=        0/s inflight=  1632 | p50= 154.62 p99=  333.82 p999=  428.03 ms | push=228371100 pop=172162000 lag=56209100 | errs push=695 pop=0 empty=4222673 gor=6689 | ack=   641500/s ackErr=18500 ackAvg=98.33ms
[09:38:32] offered=   901100/s achieved=   941600/s shed=        0/s inflight=  1123 | p50= 150.53 p99=  354.30 p999=  440.32 ms | push=229312700 pop=172891000 lag=56421700 | errs push=695 pop=0 empty=4234613 gor=6155 | ack=   754000/s ackErr=18500 ackAvg=98.36ms
[09:38:33] offered=   902100/s achieved=   876100/s shed=        0/s inflight=  1490 | p50= 134.14 p99=  309.25 p999=  378.88 ms | push=230188800 pop=173636000 lag=56552800 | errs push=695 pop=0 empty=4246752 gor=6484 | ack=   751500/s ackErr=18500 ackAvg=98.37ms
[09:38:34] offered=   899900/s achieved=   974800/s shed=        0/s inflight=   740 | p50= 132.10 p99=  305.15 p999=  374.78 ms | push=231163600 pop=174449000 lag=56714600 | errs push=695 pop=0 empty=4257986 gor=5691 | ack=   836000/s ackErr=18500 ackAvg=98.37ms
[09:38:35] offered=   895900/s achieved=   858000/s shed=        0/s inflight=  1118 | p50= 132.10 p99=  325.63 p999=  411.65 ms | push=232021600 pop=175200000 lag=56821600 | errs push=695 pop=0 empty=4268145 gor=6084 | ack=   737000/s ackErr=18500 ackAvg=98.35ms
[09:38:36] offered=   901700/s achieved=   859700/s shed=        0/s inflight=  1538 | p50= 136.19 p99=  329.73 p999=  415.74 ms | push=232881300 pop=175926000 lag=56955300 | errs push=695 pop=0 empty=4277045 gor=6479 | ack=   739000/s ackErr=18500 ackAvg=98.37ms
[09:38:37] offered=   898900/s achieved=   927800/s shed=        0/s inflight=  1250 | p50= 166.91 p99=  411.65 p999=  497.66 ms | push=233809100 pop=176652000 lag=57157100 | errs push=695 pop=0 empty=4287986 gor=6258 | ack=   692000/s ackErr=18500 ackAvg=98.40ms
[09:38:38] offered=   899100/s achieved=   915100/s shed=        0/s inflight=  1090 | p50= 142.34 p99=  333.82 p999=  399.36 ms | push=234724200 pop=177407000 lag=57317200 | errs push=695 pop=0 empty=4297713 gor=6063 | ack=   773500/s ackErr=18500 ackAvg=98.41ms
[09:38:39] offered=   902900/s achieved=   890900/s shed=        0/s inflight=  1212 | p50= 154.62 p99=  395.26 p999=  509.95 ms | push=235615100 pop=178137000 lag=57478100 | errs push=695 pop=0 empty=4309349 gor=6175 | ack=   743000/s ackErr=18500 ackAvg=98.44ms
[09:38:40] offered=   898200/s achieved=   917500/s shed=        0/s inflight=  1016 | p50= 142.34 p99=  358.40 p999=  419.84 ms | push=236532600 pop=178868000 lag=57664600 | errs push=695 pop=0 empty=4322928 gor=6015 | ack=   704000/s ackErr=18500 ackAvg=98.46ms
[09:38:41] offered=   902200/s achieved=   826300/s shed=        0/s inflight=  1775 | p50= 156.67 p99=  370.69 p999=  444.42 ms | push=237358900 pop=179462500 lag=57896400 | errs push=695 pop=0 empty=4338562 gor=6705 | ack=   629000/s ackErr=18500 ackAvg=98.50ms
[09:38:42] offered=   903100/s achieved=   883200/s shed=        0/s inflight=  1976 | p50= 171.01 p99=  407.55 p999=  485.38 ms | push=238242100 pop=180150000 lag=58092100 | errs push=695 pop=0 empty=4356136 gor=7480 | ack=   657500/s ackErr=18500 ackAvg=98.49ms
[09:38:43] offered=   895700/s achieved=   748000/s shed=        0/s inflight=  3451 | p50= 158.72 p99=  411.65 p999=  477.18 ms | push=238990100 pop=180743000 lag=58247100 | errs push=695 pop=0 empty=4389646 gor=13304 | ack=   603500/s ackErr=18500 ackAvg=98.55ms
[09:38:44] offered=   899300/s achieved=   858100/s shed=        0/s inflight=  3858 | p50= 593.92 p99= 1204.22 p999= 1318.91 ms | push=239848200 pop=180894000 lag=58954200 | errs push=699 pop=0 empty=4417207 gor=18865 | ack=   162500/s ackErr=18500 ackAvg=98.78ms
[09:38:45] offered=   899400/s achieved=  1141200/s shed=        0/s inflight=  1392 | p50= 218.11 p99=  798.72 p999= 1073.15 ms | push=240989400 pop=181421500 lag=59567900 | errs push=748 pop=0 empty=4429008 gor=8187 | ack=   509000/s ackErr=19000 ackAvg=98.90ms
[09:38:46] offered=   897800/s achieved=   906200/s shed=        0/s inflight=  1299 | p50= 154.62 p99=  358.40 p999=  428.03 ms | push=241895600 pop=182093500 lag=59802100 | errs push=757 pop=0 empty=4439319 gor=6316 | ack=   678500/s ackErr=20000 ackAvg=98.95ms
[09:38:47] offered=   901600/s achieved=   882200/s shed=        0/s inflight=  1493 | p50= 148.48 p99=  358.40 p999=  415.74 ms | push=242777800 pop=182780000 lag=59997800 | errs push=757 pop=0 empty=4445765 gor=6502 | ack=   690500/s ackErr=20000 ackAvg=98.99ms
[09:38:48] offered=   898400/s achieved=   933700/s shed=        0/s inflight=  1140 | p50= 142.34 p99=  333.82 p999=  411.65 ms | push=243711500 pop=183583500 lag=60128000 | errs push=757 pop=0 empty=4452998 gor=6140 | ack=   801000/s ackErr=20000 ackAvg=98.99ms
[09:38:49] offered=   903500/s achieved=   798700/s shed=        0/s inflight=  2188 | p50= 148.48 p99=  346.11 p999=  485.38 ms | push=244510200 pop=184269000 lag=60241200 | errs push=757 pop=0 empty=4472690 gor=8242 | ack=   672500/s ackErr=20000 ackAvg=99.00ms
[09:38:50] offered=   899300/s achieved=   876700/s shed=        0/s inflight=  2414 | p50= 254.98 p99=  724.99 p999=  839.68 ms | push=245386900 pop=184699500 lag=60687400 | errs push=757 pop=0 empty=4490342 gor=7979 | ack=   420000/s ackErr=20000 ackAvg=99.16ms
[09:38:51] offered=   900400/s achieved=  1011500/s shed=        0/s inflight=  1304 | p50= 201.73 p99=  460.80 p999=  561.15 ms | push=246398400 pop=185432500 lag=60965900 | errs push=757 pop=0 empty=4498953 gor=6701 | ack=   733500/s ackErr=20000 ackAvg=99.20ms
[09:38:52] offered=   899300/s achieved=   909300/s shed=        0/s inflight=  1202 | p50= 142.34 p99=  358.40 p999=  489.47 ms | push=247307700 pop=186211000 lag=61096700 | errs push=757 pop=0 empty=4506423 gor=6232 | ack=   800000/s ackErr=20000 ackAvg=99.20ms
[09:38:53] offered=   900200/s achieved=   864700/s shed=        0/s inflight=  1561 | p50= 152.58 p99=  362.50 p999=  428.03 ms | push=248172400 pop=186882000 lag=61290400 | errs push=757 pop=0 empty=4516171 gor=6470 | ack=   688500/s ackErr=20000 ackAvg=99.25ms
[09:38:54] offered=   900900/s achieved=   872200/s shed=        0/s inflight=  1845 | p50= 150.53 p99=  358.40 p999=  428.03 ms | push=249044600 pop=187564000 lag=61480600 | errs push=757 pop=0 empty=4525958 gor=6731 | ack=   693000/s ackErr=20000 ackAvg=99.24ms
[09:38:55] offered=   898400/s achieved=   977200/s shed=        0/s inflight=  1058 | p50= 158.72 p99=  387.07 p999=  460.80 ms | push=250021800 pop=188248500 lag=61773300 | errs push=757 pop=0 empty=4541887 gor=6698 | ack=   668000/s ackErr=20000 ackAvg=99.26ms
[09:38:56] offered=   901400/s achieved=   856200/s shed=        0/s inflight=  1509 | p50= 128.51 p99=  301.06 p999=  395.26 ms | push=250878000 pop=189035000 lag=61843000 | errs push=757 pop=0 empty=4550962 gor=6655 | ack=   796000/s ackErr=20000 ackAvg=99.26ms
[09:38:57] offered=   900400/s achieved=   896400/s shed=        0/s inflight=  1548 | p50= 146.43 p99=  329.73 p999=  407.55 ms | push=251774400 pop=189701000 lag=62073400 | errs push=757 pop=0 empty=4558975 gor=6727 | ack=   643000/s ackErr=20000 ackAvg=99.27ms
[09:38:58] offered=   899200/s achieved=   935700/s shed=        0/s inflight=  1184 | p50= 179.20 p99=  440.32 p999=  536.58 ms | push=252710100 pop=190441000 lag=62269100 | errs push=757 pop=0 empty=4571194 gor=6137 | ack=   725500/s ackErr=20000 ackAvg=99.30ms
[09:38:59] offered=   900200/s achieved=   902700/s shed=        0/s inflight=  1157 | p50= 146.43 p99=  325.63 p999=  387.07 ms | push=253612800 pop=191178000 lag=62434800 | errs push=757 pop=0 empty=4580214 gor=6108 | ack=   738000/s ackErr=20000 ackAvg=99.33ms
[09:39:00] offered=   900200/s achieved=   714400/s shed=        0/s inflight=  3002 | p50= 142.34 p99=  419.84 p999=  464.90 ms | push=254327200 pop=191704000 lag=62623200 | errs push=772 pop=0 empty=4613732 gor=13869 | ack=   577000/s ackErr=20000 ackAvg=99.44ms
[09:39:01] offered=   901900/s achieved=   885300/s shed=        0/s inflight=  3165 | p50= 284.67 p99=  659.46 p999=  724.99 ms | push=255212500 pop=191967000 lag=63245500 | errs push=775 pop=0 empty=4641215 gor=11094 | ack=   224500/s ackErr=20000 ackAvg=99.58ms
[09:39:02] offered=   898800/s achieved=  1085200/s shed=        0/s inflight=  1301 | p50= 177.15 p99=  724.99 p999=  831.49 ms | push=256297700 pop=192652000 lag=63645700 | errs push=775 pop=0 empty=4651190 gor=6645 | ack=   690000/s ackErr=20000 ackAvg=99.63ms
[09:39:03] offered=   898800/s achieved=   883100/s shed=        0/s inflight=  1458 | p50= 138.24 p99=  301.06 p999=  387.07 ms | push=257180800 pop=193390500 lag=63790300 | errs push=775 pop=0 empty=4658368 gor=6613 | ack=   726000/s ackErr=20000 ackAvg=99.63ms
[09:39:04] offered=   900600/s achieved=   907000/s shed=        0/s inflight=  1394 | p50= 134.14 p99=  317.44 p999=  395.26 ms | push=258087800 pop=194161000 lag=63926800 | errs push=775 pop=0 empty=4667290 gor=6541 | ack=   762500/s ackErr=20000 ackAvg=99.64ms
[09:39:05] offered=   899500/s achieved=   896900/s shed=        0/s inflight=  1419 | p50= 136.19 p99=  317.44 p999=  378.88 ms | push=258984700 pop=194904500 lag=64080200 | errs push=775 pop=0 empty=4677820 gor=6371 | ack=   791000/s ackErr=20000 ackAvg=99.61ms
[09:39:06] offered=   899900/s achieved=   910500/s shed=        0/s inflight=  1314 | p50= 140.29 p99=  333.82 p999=  411.65 ms | push=259895200 pop=195693000 lag=64202200 | errs push=775 pop=0 empty=4687764 gor=6287 | ack=   739000/s ackErr=20000 ackAvg=99.62ms
[09:39:07] offered=   901100/s achieved=   915400/s shed=        0/s inflight=  1168 | p50= 160.77 p99=  374.78 p999=  448.51 ms | push=260810600 pop=196437500 lag=64373100 | errs push=775 pop=0 empty=4694866 gor=6114 | ack=   757500/s ackErr=20000 ackAvg=99.65ms
[09:39:08] offered=   899700/s achieved=   888000/s shed=        0/s inflight=  1288 | p50= 148.48 p99=  362.50 p999=  432.13 ms | push=261698600 pop=197172500 lag=64526100 | errs push=775 pop=0 empty=4704911 gor=6257 | ack=   723500/s ackErr=20000 ackAvg=99.67ms
[09:39:09] offered=   899600/s achieved=   913900/s shed=        0/s inflight=  1147 | p50= 158.72 p99=  358.40 p999=  448.51 ms | push=262612500 pop=197881500 lag=64731000 | errs push=775 pop=0 empty=4716347 gor=6102 | ack=   714500/s ackErr=20000 ackAvg=99.69ms
[09:39:10] offered=   900500/s achieved=   858000/s shed=        0/s inflight=  1570 | p50= 156.67 p99=  362.50 p999=  464.90 ms | push=263470500 pop=198604500 lag=64866000 | errs push=775 pop=0 empty=4724415 gor=6533 | ack=   721000/s ackErr=20000 ackAvg=99.70ms
[09:39:11] offered=   899200/s achieved=   870200/s shed=        0/s inflight=  1860 | p50= 177.15 p99=  411.65 p999=  497.66 ms | push=264340700 pop=199281500 lag=65059200 | errs push=775 pop=0 empty=4734702 gor=6798 | ack=   689500/s ackErr=20000 ackAvg=99.73ms
[09:39:12] offered=   898800/s achieved=   942500/s shed=        0/s inflight=  1423 | p50= 168.96 p99=  415.74 p999=  518.14 ms | push=265283200 pop=199979500 lag=65303700 | errs push=775 pop=0 empty=4743583 gor=6371 | ack=   693000/s ackErr=20000 ackAvg=99.76ms
[09:39:13] offered=   901700/s achieved=   907700/s shed=        0/s inflight=  1363 | p50= 120.32 p99=  284.67 p999=  346.11 ms | push=266190900 pop=200784000 lag=65406900 | errs push=775 pop=0 empty=4752549 gor=6309 | ack=   805500/s ackErr=20000 ackAvg=99.74ms
[09:39:14] offered=   897700/s achieved=   925800/s shed=        0/s inflight=  1083 | p50= 154.62 p99=  313.34 p999=  374.78 ms | push=267116700 pop=201513000 lag=65603700 | errs push=775 pop=0 empty=4762897 gor=6011 | ack=   737000/s ackErr=20000 ackAvg=99.72ms
[09:39:15] offered=   902500/s achieved=   788700/s shed=        0/s inflight=  2220 | p50= 164.86 p99=  407.55 p999=  489.47 ms | push=267905400 pop=202177000 lag=65728400 | errs push=775 pop=0 empty=4777983 gor=7150 | ack=   664000/s ackErr=20000 ackAvg=99.75ms
[09:39:16] offered=   899700/s achieved=   998700/s shed=        0/s inflight=  1230 | p50= 154.62 p99=  370.69 p999=  468.99 ms | push=268904100 pop=202941000 lag=65963100 | errs push=775 pop=0 empty=4789472 gor=6216 | ack=   736000/s ackErr=20000 ackAvg=99.79ms
[09:39:17] offered=   899400/s achieved=   706200/s shed=        0/s inflight=  3144 | p50= 468.99 p99=  995.33 p999= 1089.54 ms | push=269610300 pop=203125500 lag=66484800 | errs push=794 pop=0 empty=4848482 gor=18604 | ack=   217500/s ackErr=20000 ackAvg=100.00ms
[09:39:18] offered=   901100/s achieved=  1030800/s shed=        0/s inflight=  1748 | p50= 220.16 p99= 1073.15 p999= 1269.76 ms | push=270641100 pop=203655000 lag=66986100 | errs push=892 pop=0 empty=4857299 gor=7869 | ack=   521500/s ackErr=25000 ackAvg=100.06ms
[09:39:19] offered=   898000/s achieved=   967200/s shed=        0/s inflight=  1054 | p50= 158.72 p99=  448.51 p999=  626.69 ms | push=271608300 pop=204342000 lag=67266300 | errs push=894 pop=0 empty=4870408 gor=6477 | ack=   683000/s ackErr=25000 ackAvg=100.07ms
[09:39:20] offered=   901600/s achieved=   895500/s shed=        0/s inflight=  1115 | p50= 128.51 p99=  305.15 p999=  362.50 ms | push=272503800 pop=205110500 lag=67393300 | errs push=894 pop=0 empty=4880985 gor=6151 | ack=   752500/s ackErr=25000 ackAvg=100.08ms
[09:39:21] offered=   899000/s achieved=   903700/s shed=        0/s inflight=  1069 | p50= 146.43 p99=  337.92 p999=  419.84 ms | push=273407500 pop=205779000 lag=67628500 | errs push=894 pop=0 empty=4893413 gor=6088 | ack=   676500/s ackErr=25000 ackAvg=100.11ms
[09:39:22] offered=   900400/s achieved=   796300/s shed=        0/s inflight=  2109 | p50= 136.19 p99=  321.54 p999=  374.78 ms | push=274203800 pop=206453500 lag=67750300 | errs push=894 pop=0 empty=4906781 gor=7079 | ack=   697500/s ackErr=25000 ackAvg=100.12ms
[09:39:23] offered=   900200/s achieved=  1002200/s shed=        0/s inflight=  1092 | p50= 144.38 p99=  374.78 p999=  468.99 ms | push=275206000 pop=207228500 lag=67977500 | errs push=894 pop=0 empty=4917498 gor=6133 | ack=   739500/s ackErr=25000 ackAvg=100.11ms
[09:39:24] offered=   900100/s achieved=   891300/s shed=        0/s inflight=  1178 | p50= 136.19 p99=  329.73 p999=  399.36 ms | push=276097300 pop=207984000 lag=68113300 | errs push=894 pop=0 empty=4926215 gor=6181 | ack=   774500/s ackErr=25000 ackAvg=100.09ms
[09:39:25] offered=   899900/s achieved=   829700/s shed=        0/s inflight=  1879 | p50= 162.82 p99=  395.26 p999=  448.51 ms | push=276927000 pop=208612500 lag=68314500 | errs push=894 pop=0 empty=4939860 gor=6888 | ack=   625500/s ackErr=25000 ackAvg=100.09ms
[09:39:26] offered=   900800/s achieved=   879400/s shed=        0/s inflight=  2093 | p50= 164.86 p99=  403.46 p999=  493.57 ms | push=277806400 pop=209320000 lag=68486400 | errs push=894 pop=0 empty=4948457 gor=7082 | ack=   717500/s ackErr=25000 ackAvg=100.10ms
[09:39:27] offered=   900600/s achieved=   988700/s shed=        0/s inflight=  1212 | p50= 154.62 p99=  448.51 p999=  552.96 ms | push=278795100 pop=210049000 lag=68746100 | errs push=894 pop=0 empty=4960008 gor=6269 | ack=   747500/s ackErr=25000 ackAvg=100.10ms
[09:39:28] offered=   896900/s achieved=   929200/s shed=        0/s inflight=   889 | p50= 129.54 p99=  321.54 p999=  395.26 ms | push=279724300 pop=210807500 lag=68916800 | errs push=894 pop=0 empty=4972967 gor=5952 | ack=   732000/s ackErr=25000 ackAvg=100.08ms
[09:39:29] offered=   905000/s achieved=   832700/s shed=        0/s inflight=  1614 | p50= 128.51 p99=  313.34 p999=  374.78 ms | push=280557000 pop=211571000 lag=68986000 | errs push=894 pop=0 empty=4983801 gor=6691 | ack=   755500/s ackErr=25000 ackAvg=100.07ms
[09:39:30] offered=   897800/s achieved=   962300/s shed=        0/s inflight=   967 | p50= 154.62 p99=  358.40 p999=  448.51 ms | push=281519300 pop=212261000 lag=69258300 | errs push=894 pop=0 empty=4997440 gor=5914 | ack=   697000/s ackErr=25000 ackAvg=100.09ms
[09:39:31] offered=   897900/s achieved=   848700/s shed=        0/s inflight=  1461 | p50= 146.43 p99=  354.30 p999=  428.03 ms | push=282368000 pop=212950000 lag=69418000 | errs push=894 pop=0 empty=5007596 gor=6376 | ack=   705000/s ackErr=25000 ackAvg=100.10ms
[09:39:32] offered=   900800/s achieved=   903400/s shed=        0/s inflight=  1433 | p50= 132.10 p99=  305.15 p999=  391.17 ms | push=283271400 pop=213698000 lag=69573400 | errs push=894 pop=0 empty=5015821 gor=6392 | ack=   725500/s ackErr=25000 ackAvg=100.08ms
[09:39:33] offered=   900300/s achieved=   835600/s shed=        0/s inflight=  2075 | p50= 203.78 p99=  569.34 p999=  700.42 ms | push=284107000 pop=214202500 lag=69904500 | errs push=899 pop=0 empty=5045557 gor=8622 | ack=   498000/s ackErr=25000 ackAvg=100.16ms
[09:39:34] offered=   900400/s achieved=   948300/s shed=        0/s inflight=  1600 | p50= 152.58 p99=  378.88 p999=  536.58 ms | push=285055300 pop=214928000 lag=70127300 | errs push=899 pop=0 empty=5057062 gor=7729 | ack=   738500/s ackErr=25000 ackAvg=100.18ms
[09:39:35] offered=   898600/s achieved=   913600/s shed=        0/s inflight=  1449 | p50= 146.43 p99=  321.54 p999=  391.17 ms | push=285968900 pop=215692000 lag=70276900 | errs push=899 pop=0 empty=5070137 gor=6490 | ack=   760500/s ackErr=25000 ackAvg=100.19ms
[09:39:36] offered=   900600/s achieved=   941500/s shed=        0/s inflight=  1038 | p50= 152.58 p99=  374.78 p999=  477.18 ms | push=286910400 pop=216434000 lag=70476400 | errs push=899 pop=0 empty=5079534 gor=6095 | ack=   734000/s ackErr=25000 ackAvg=100.19ms
[09:39:37] offered=   898900/s achieved=   869300/s shed=        0/s inflight=  1331 | p50= 134.14 p99=  305.15 p999=  366.59 ms | push=287779700 pop=217171500 lag=70608200 | errs push=899 pop=0 empty=5088004 gor=6308 | ack=   760000/s ackErr=25000 ackAvg=100.20ms
[09:39:38] offered=   901300/s achieved=   857500/s shed=        0/s inflight=  1771 | p50= 181.25 p99=  428.03 p999=  514.05 ms | push=288637200 pop=217860000 lag=70777200 | errs push=899 pop=0 empty=5100139 gor=6729 | ack=   686000/s ackErr=25000 ackAvg=100.18ms
[09:39:39] offered=   900600/s achieved=   217300/s shed=        0/s inflight=  8604 | p50= 321.54 p99=  552.96 p999=  593.92 ms | push=288854500 pop=217949500 lag=70905000 | errs push=899 pop=0 empty=5133879 gor=29402 | ack=   140000/s ackErr=25000 ackAvg=100.28ms
[09:39:40] offered=   898700/s achieved=  1586900/s shed=        0/s inflight=  1721 | p50= 522.24 p99= 1466.37 p999= 1695.74 ms | push=290441400 pop=218327000 lag=72114400 | errs push=900 pop=0 empty=5146833 gor=8313 | ack=   312000/s ackErr=25000 ackAvg=100.43ms
[09:39:41] offered=   900800/s achieved=   952000/s shed=        0/s inflight=  1209 | p50= 142.34 p99=  362.50 p999=  626.69 ms | push=291393400 pop=219069000 lag=72324400 | errs push=900 pop=0 empty=5156486 gor=6521 | ack=   742000/s ackErr=25000 ackAvg=100.45ms
[09:39:42] offered=   903700/s achieved=   906500/s shed=        0/s inflight=  1182 | p50= 142.34 p99=  325.63 p999=  374.78 ms | push=292299900 pop=219790500 lag=72509400 | errs push=900 pop=0 empty=5166962 gor=6126 | ack=   737500/s ackErr=25000 ackAvg=100.46ms
[09:39:43] offered=   896100/s achieved=   893700/s shed=        0/s inflight=  1205 | p50= 128.51 p99=  301.06 p999=  358.40 ms | push=293193600 pop=220564500 lag=72629100 | errs push=900 pop=0 empty=5176654 gor=6213 | ack=   743000/s ackErr=25000 ackAvg=100.45ms
[09:39:44] offered=   900600/s achieved=   884300/s shed=        0/s inflight=  1366 | p50= 175.10 p99=  399.36 p999=  481.28 ms | push=294077900 pop=221228000 lag=72849900 | errs push=900 pop=0 empty=5187221 gor=6314 | ack=   692000/s ackErr=25000 ackAvg=100.46ms
[09:39:45] offered=   903700/s achieved=   787700/s shed=        0/s inflight=  2520 | p50= 313.34 p99=  905.22 p999=  970.75 ms | push=294865600 pop=221437500 lag=73428100 | errs push=909 pop=0 empty=5249852 gor=13661 | ack=   202500/s ackErr=25000 ackAvg=100.64ms
[09:39:46] offered=   899700/s achieved=   998900/s shed=        0/s inflight=  1525 | p50= 207.87 p99=  897.02 p999= 1056.77 ms | push=295864500 pop=221987000 lag=73877500 | errs push=910 pop=0 empty=5259633 gor=6563 | ack=   575500/s ackErr=25000 ackAvg=100.65ms
[09:39:47] offered=   897400/s achieved=   909800/s shed=        0/s inflight=  1402 | p50= 140.29 p99=  358.40 p999=  436.22 ms | push=296774300 pop=222701500 lag=74072800 | errs push=910 pop=0 empty=5268391 gor=6440 | ack=   698000/s ackErr=25000 ackAvg=100.66ms
[09:39:48] offered=   898700/s achieved=   898700/s shed=        0/s inflight=  1403 | p50= 156.67 p99=  395.26 p999=  489.47 ms | push=297673000 pop=223475500 lag=74197500 | errs push=910 pop=0 empty=5277188 gor=6382 | ack=   772000/s ackErr=25000 ackAvg=100.64ms
[09:39:49] offered=   900000/s achieved=   881300/s shed=        0/s inflight=  1589 | p50= 127.49 p99=  313.34 p999=  419.84 ms | push=298554300 pop=224263000 lag=74291300 | errs push=910 pop=0 empty=5285350 gor=6550 | ack=   796500/s ackErr=25000 ackAvg=100.62ms
[09:39:50] offered=   900700/s achieved=   778000/s shed=        0/s inflight=  2816 | p50= 140.29 p99=  325.63 p999=  419.84 ms | push=299332300 pop=224953000 lag=74379300 | errs push=910 pop=0 empty=5318251 gor=10949 | ack=   650500/s ackErr=25000 ackAvg=100.60ms
[09:39:51] offered=   899000/s achieved=  1056500/s shed=        0/s inflight=  1241 | p50= 179.20 p99=  561.15 p999=  643.07 ms | push=300388800 pop=225621500 lag=74767300 | errs push=911 pop=0 empty=5329920 gor=8139 | ack=   675500/s ackErr=25000 ackAvg=100.69ms
[09:39:52] offered=   900400/s achieved=   888200/s shed=        0/s inflight=  1363 | p50= 144.38 p99=  346.11 p999=  399.36 ms | push=301277000 pop=226347500 lag=74929500 | errs push=911 pop=0 empty=5338859 gor=6380 | ack=   737500/s ackErr=25000 ackAvg=100.67ms
[09:39:53] offered=   898400/s achieved=   930200/s shed=        0/s inflight=  1044 | p50= 156.67 p99=  378.88 p999=  468.99 ms | push=302207200 pop=227096000 lag=75111200 | errs push=911 pop=0 empty=5349858 gor=6062 | ack=   743500/s ackErr=25000 ackAvg=100.71ms
[09:39:54] offered=   901700/s achieved=   906300/s shed=        0/s inflight=  1093 | p50= 142.34 p99=  350.21 p999=  444.42 ms | push=303113500 pop=227835000 lag=75278500 | errs push=911 pop=0 empty=5360192 gor=6061 | ack=   760500/s ackErr=25000 ackAvg=100.71ms
[09:39:55] offered=   900300/s achieved=   844600/s shed=        0/s inflight=  1555 | p50= 144.38 p99=  329.73 p999=  382.98 ms | push=303958100 pop=228631500 lag=75326600 | errs push=911 pop=0 empty=5369233 gor=6558 | ack=   778500/s ackErr=25000 ackAvg=100.70ms
[09:39:56] offered=   897800/s achieved=   911000/s shed=        0/s inflight=  1424 | p50= 162.82 p99=  370.69 p999=  440.32 ms | push=304869100 pop=229350500 lag=75518600 | errs push=911 pop=0 empty=5382663 gor=6425 | ack=   712500/s ackErr=25000 ackAvg=100.72ms
[09:39:57] offered=   900900/s achieved=   890500/s shed=        0/s inflight=  1527 | p50= 152.58 p99=  362.50 p999=  436.22 ms | push=305759600 pop=230049000 lag=75710600 | errs push=911 pop=0 empty=5391491 gor=6513 | ack=   706000/s ackErr=25000 ackAvg=100.73ms
[09:39:58] offered=   900900/s achieved=   868500/s shed=        0/s inflight=  1853 | p50= 171.01 p99=  407.55 p999=  509.95 ms | push=306628100 pop=230721500 lag=75906600 | errs push=911 pop=0 empty=5402080 gor=6851 | ack=   666000/s ackErr=25000 ackAvg=100.75ms
[09:39:59] offered=   898100/s achieved=   956500/s shed=        0/s inflight=  1267 | p50= 162.82 p99=  378.88 p999=  473.09 ms | push=307584600 pop=231483500 lag=76101100 | errs push=911 pop=0 empty=5411539 gor=6219 | ack=   782000/s ackErr=25000 ackAvg=100.79ms
[09:40:00] offered=   901000/s achieved=   891400/s shed=        0/s inflight=  1363 | p50= 138.24 p99=  342.02 p999=  444.42 ms | push=308476000 pop=232237000 lag=76239000 | errs push=911 pop=0 empty=5422608 gor=6312 | ack=   754500/s ackErr=25000 ackAvg=100.77ms
[09:40:01] offered=   901100/s achieved=   924000/s shed=        0/s inflight=  1139 | p50= 152.58 p99=  395.26 p999=  481.28 ms | push=309400000 pop=232948000 lag=76452000 | errs push=911 pop=0 empty=5432304 gor=6132 | ack=   691500/s ackErr=25000 ackAvg=100.78ms
[09:40:02] offered=   902100/s achieved=   878900/s shed=        0/s inflight=  1366 | p50= 128.51 p99=  292.86 p999=  354.30 ms | push=310278900 pop=233694500 lag=76584400 | errs push=911 pop=0 empty=5444624 gor=6285 | ack=   761000/s ackErr=25000 ackAvg=100.80ms
[09:40:03] offered=   896700/s achieved=   929600/s shed=        0/s inflight=  1037 | p50= 140.29 p99=  362.50 p999=  444.42 ms | push=311208500 pop=234443000 lag=76765500 | errs push=911 pop=0 empty=5453213 gor=5909 | ack=   771000/s ackErr=25000 ackAvg=100.81ms
[09:40:04] offered=   900300/s achieved=   891600/s shed=        0/s inflight=  1125 | p50= 138.24 p99=  325.63 p999=  403.46 ms | push=312100100 pop=235230500 lag=76869600 | errs push=911 pop=0 empty=5462831 gor=5999 | ack=   783500/s ackErr=25000 ackAvg=100.79ms
[09:40:05] offered=   900700/s achieved=   895000/s shed=        0/s inflight=  1181 | p50= 150.53 p99=  329.73 p999=  395.26 ms | push=312995100 pop=235920000 lag=77075100 | errs push=911 pop=0 empty=5472708 gor=6103 | ack=   666000/s ackErr=25000 ackAvg=100.78ms
[09:40:06] offered=   898500/s achieved=   914900/s shed=        0/s inflight=  1017 | p50= 126.46 p99=  317.44 p999=  403.46 ms | push=313910000 pop=236677000 lag=77233000 | errs push=911 pop=0 empty=5484580 gor=5949 | ack=   752500/s ackErr=25000 ackAvg=100.75ms
[09:40:07] offered=   904000/s achieved=   857900/s shed=        0/s inflight=  1478 | p50= 132.10 p99=  321.54 p999=  387.07 ms | push=314767900 pop=237412500 lag=77355400 | errs push=911 pop=0 empty=5494133 gor=6419 | ack=   731000/s ackErr=25000 ackAvg=100.75ms
[09:40:08] offered=   896700/s achieved=   897300/s shed=        0/s inflight=  1472 | p50= 140.29 p99=  354.30 p999=  411.65 ms | push=315665200 pop=238169500 lag=77495700 | errs push=911 pop=0 empty=5504305 gor=6351 | ack=   787000/s ackErr=25000 ackAvg=100.73ms
[09:40:09] offered=   901200/s achieved=   941700/s shed=        0/s inflight=  1067 | p50= 142.34 p99=  325.63 p999=  382.98 ms | push=316606900 pop=238961500 lag=77645400 | errs push=911 pop=0 empty=5514480 gor=5959 | ack=   797000/s ackErr=25000 ackAvg=100.72ms
[09:40:10] offered=   895400/s achieved=   876600/s shed=        0/s inflight=  1259 | p50= 179.20 p99=  440.32 p999=  536.58 ms | push=317483500 pop=239639500 lag=77844000 | errs push=911 pop=0 empty=5528247 gor=6187 | ack=   649000/s ackErr=25000 ackAvg=100.74ms
[09:40:11] offered=   904700/s achieved=   725900/s shed=        0/s inflight=  3044 | p50= 177.15 p99=  419.84 p999=  497.66 ms | push=318209400 pop=240178000 lag=78031400 | errs push=911 pop=0 empty=5562669 gor=11274 | ack=   544500/s ackErr=25000 ackAvg=100.75ms
[09:40:12] offered=   899100/s achieved=  1053200/s shed=        0/s inflight=  1501 | p50= 301.06 p99=  872.45 p999= 1011.71 ms | push=319262600 pop=240585000 lag=78677600 | errs push=912 pop=0 empty=5603787 gor=10010 | ack=   410000/s ackErr=25500 ackAvg=100.94ms
[09:40:13] offered=   899500/s achieved=   886900/s shed=        0/s inflight=  1626 | p50= 181.25 p99=  436.22 p999=  528.38 ms | push=320149500 pop=241251000 lag=78898500 | errs push=912 pop=0 empty=5614603 gor=6623 | ack=   665000/s ackErr=25500 ackAvg=100.96ms
[09:40:14] offered=   901600/s achieved=   950300/s shed=        0/s inflight=  1139 | p50= 160.77 p99=  419.84 p999=  514.05 ms | push=321099800 pop=241988500 lag=79111300 | errs push=912 pop=0 empty=5624213 gor=6155 | ack=   728000/s ackErr=25500 ackAvg=100.98ms
[09:40:15] offered=   899100/s achieved=   857200/s shed=        0/s inflight=  1559 | p50= 156.67 p99=  362.50 p999=  436.22 ms | push=321957000 pop=242668000 lag=79289000 | errs push=912 pop=0 empty=5631682 gor=6472 | ack=   700000/s ackErr=25500 ackAvg=100.99ms
[09:40:16] offered=   901000/s achieved=   915200/s shed=        0/s inflight=  1416 | p50= 138.24 p99=  329.73 p999=  423.94 ms | push=322872200 pop=243426000 lag=79446200 | errs push=912 pop=0 empty=5641006 gor=6335 | ack=   754000/s ackErr=25500 ackAvg=100.96ms
[09:40:17] offered=   899600/s achieved=   522600/s shed=        0/s inflight=  5162 | p50= 189.44 p99=  505.86 p999=  536.58 ms | push=323394800 pop=243773500 lag=79621300 | errs push=937 pop=0 empty=5682972 gor=19685 | ack=   401000/s ackErr=25500 ackAvg=101.07ms
[09:40:18] offered=   900100/s achieved=  1279200/s shed=        0/s inflight=  1352 | p50= 222.21 p99=  888.83 p999= 1036.29 ms | push=324674000 pop=244375500 lag=80298500 | errs push=956 pop=0 empty=5691401 gor=7609 | ack=   530000/s ackErr=27000 ackAvg=101.13ms
[09:40:19] offered=   893900/s achieved=   863000/s shed=        0/s inflight=  1661 | p50= 152.58 p99=  362.50 p999=  444.42 ms | push=325537000 pop=245030000 lag=80507000 | errs push=956 pop=0 empty=5704125 gor=6981 | ack=   690500/s ackErr=27000 ackAvg=101.16ms
[09:40:20] offered=   902500/s achieved=   935500/s shed=        0/s inflight=  1331 | p50= 152.58 p99=  354.30 p999=  444.42 ms | push=326472500 pop=245712000 lag=80760500 | errs push=956 pop=0 empty=5715004 gor=6433 | ack=   652500/s ackErr=27000 ackAvg=101.18ms
[09:40:21] offered=   902500/s achieved=   927900/s shed=        0/s inflight=  1076 | p50= 146.43 p99=  354.30 p999=  432.13 ms | push=327400400 pop=246444000 lag=80956400 | errs push=956 pop=0 empty=5724690 gor=6038 | ack=   725500/s ackErr=27000 ackAvg=101.17ms
[09:40:22] offered=   898300/s achieved=   850800/s shed=        0/s inflight=  1553 | p50= 162.82 p99=  399.36 p999=  477.18 ms | push=328251200 pop=247108500 lag=81142700 | errs push=956 pop=0 empty=5736574 gor=6493 | ack=   667000/s ackErr=27000 ackAvg=101.19ms
[09:40:23] offered=   901900/s achieved=   854000/s shed=        0/s inflight=  2017 | p50= 317.44 p99=  823.30 p999=  954.37 ms | push=329105200 pop=247412500 lag=81692700 | errs push=970 pop=0 empty=5785927 gor=11065 | ack=   306500/s ackErr=27000 ackAvg=101.36ms
[09:40:24] offered=   902800/s achieved=  1006500/s shed=        0/s inflight=   950 | p50= 146.43 p99=  378.88 p999=  473.09 ms | push=330111700 pop=248135000 lag=81976700 | errs push=1001 pop=0 empty=5794505 gor=6483 | ack=   714000/s ackErr=29000 ackAvg=101.38ms
[09:40:25] offered=   895600/s achieved=   831500/s shed=        0/s inflight=  1590 | p50= 142.34 p99=  317.44 p999=  387.07 ms | push=330943200 pop=248824500 lag=82118700 | errs push=1001 pop=0 empty=5802888 gor=6483 | ack=   725500/s ackErr=29000 ackAvg=101.39ms
[09:40:26] offered=   901700/s achieved=   901300/s shed=        0/s inflight=  1594 | p50= 150.53 p99=  366.59 p999=  448.51 ms | push=331844500 pop=249526500 lag=82318000 | errs push=1001 pop=0 empty=5814524 gor=6528 | ack=   680000/s ackErr=29000 ackAvg=101.40ms
[09:40:27] offered=   900700/s achieved=   919800/s shed=        0/s inflight=  1403 | p50= 152.58 p99=  374.78 p999=  448.51 ms | push=332764300 pop=250206500 lag=82557800 | errs push=1001 pop=0 empty=5828028 gor=6464 | ack=   658500/s ackErr=29000 ackAvg=101.41ms
[09:40:28] offered=   899800/s achieved=   882000/s shed=        0/s inflight=  1580 | p50= 164.86 p99=  403.46 p999=  501.76 ms | push=333646300 pop=250905500 lag=82740800 | errs push=1001 pop=0 empty=5837606 gor=6536 | ack=   724500/s ackErr=29000 ackAvg=101.42ms
[09:40:29] offered=   899800/s achieved=   890900/s shed=        0/s inflight=  1670 | p50= 154.62 p99=  411.65 p999=  509.95 ms | push=334537200 pop=251591000 lag=82946200 | errs push=1001 pop=0 empty=5849484 gor=6620 | ack=   688500/s ackErr=29000 ackAvg=101.42ms
[09:40:30] offered=   900100/s achieved=   936700/s shed=        0/s inflight=  1306 | p50= 168.96 p99=  411.65 p999=  518.14 ms | push=335473900 pop=252337500 lag=83136400 | errs push=1001 pop=0 empty=5863142 gor=6229 | ack=   760500/s ackErr=29000 ackAvg=101.43ms
[09:40:31] offered=   899300/s achieved=   909600/s shed=        0/s inflight=  1201 | p50= 136.19 p99=  321.54 p999=  370.69 ms | push=336383500 pop=253081500 lag=83302000 | errs push=1001 pop=0 empty=5874280 gor=6170 | ack=   720000/s ackErr=29000 ackAvg=101.43ms
[09:40:32] offered=   901000/s achieved=   915300/s shed=        0/s inflight=  1058 | p50= 150.53 p99=  423.94 p999=  501.76 ms | push=337298800 pop=253765000 lag=83533800 | errs push=1001 pop=0 empty=5882328 gor=6008 | ack=   665500/s ackErr=29000 ackAvg=101.43ms
[09:40:33] offered=   903500/s achieved=   871000/s shed=        0/s inflight=  1381 | p50= 154.62 p99=  337.92 p999=  403.46 ms | push=338169800 pop=254456500 lag=83713300 | errs push=1001 pop=0 empty=5895653 gor=6292 | ack=   711000/s ackErr=29000 ackAvg=101.45ms
[09:40:34] offered=   895900/s achieved=   911500/s shed=        0/s inflight=  1227 | p50= 158.72 p99=  407.55 p999=  481.28 ms | push=339081300 pop=255077000 lag=84004300 | errs push=1001 pop=0 empty=5911092 gor=6128 | ack=   626000/s ackErr=29000 ackAvg=101.45ms
[09:40:35] offered=   900600/s achieved=   915800/s shed=        0/s inflight=  1075 | p50= 168.96 p99=  395.26 p999=  452.61 ms | push=339997100 pop=255788500 lag=84208600 | errs push=1001 pop=0 empty=5924393 gor=5986 | ack=   706000/s ackErr=29000 ackAvg=101.46ms
[09:40:36] offered=   900300/s achieved=   905600/s shed=        0/s inflight=  1028 | p50= 134.14 p99=  317.44 p999=  395.26 ms | push=340902700 pop=256476000 lag=84426700 | errs push=1001 pop=0 empty=5937390 gor=5944 | ack=   688000/s ackErr=29000 ackAvg=101.45ms
[09:40:37] offered=   899100/s achieved=   888100/s shed=        0/s inflight=  1132 | p50= 142.34 p99=  321.54 p999=  358.40 ms | push=341790800 pop=257179000 lag=84611800 | errs push=1001 pop=0 empty=5946928 gor=6073 | ack=   687500/s ackErr=29000 ackAvg=101.45ms
[09:40:38] offered=   899800/s achieved=   907500/s shed=        0/s inflight=  1058 | p50= 134.14 p99=  325.63 p999=  403.46 ms | push=342698300 pop=257864000 lag=84834300 | errs push=1001 pop=0 empty=5958863 gor=5909 | ack=   730000/s ackErr=29000 ackAvg=101.44ms
[09:40:39] offered=   901000/s achieved=   891500/s shed=        0/s inflight=  1150 | p50= 128.51 p99=  309.25 p999=  395.26 ms | push=343589800 pop=258610000 lag=84979800 | errs push=1001 pop=0 empty=5968639 gor=6085 | ack=   704000/s ackErr=29000 ackAvg=101.41ms
[09:40:40] offered=   899900/s achieved=   860300/s shed=        0/s inflight=  1546 | p50= 148.48 p99=  399.36 p999=  485.38 ms | push=344450100 pop=259370500 lag=85079600 | errs push=1001 pop=0 empty=5977711 gor=6481 | ack=   760500/s ackErr=29000 ackAvg=101.42ms
[09:40:41] offered=   899800/s achieved=   937600/s shed=        0/s inflight=  1168 | p50= 150.53 p99=  350.21 p999=  423.94 ms | push=345387700 pop=260088000 lag=85299700 | errs push=1001 pop=0 empty=5990201 gor=6104 | ack=   717000/s ackErr=29000 ackAvg=101.43ms
[09:40:42] offered=   899900/s achieved=   856700/s shed=        0/s inflight=  1600 | p50= 136.19 p99=  321.54 p999=  395.26 ms | push=346244400 pop=260826500 lag=85417900 | errs push=1001 pop=0 empty=6001393 gor=6529 | ack=   742000/s ackErr=29000 ackAvg=101.43ms
[09:40:43] offered=   899200/s achieved=   908500/s shed=        0/s inflight=  1507 | p50= 146.43 p99=  333.82 p999=  411.65 ms | push=347152900 pop=261531000 lag=85621900 | errs push=1001 pop=0 empty=6013844 gor=6436 | ack=   704500/s ackErr=29000 ackAvg=101.44ms
[09:40:44] offered=   900000/s achieved=   891900/s shed=        0/s inflight=  1591 | p50= 207.87 p99=  577.54 p999=  708.61 ms | push=348044800 pop=261994500 lag=86050300 | errs push=1002 pop=0 empty=6047676 gor=8093 | ack=   458500/s ackErr=29000 ackAvg=101.52ms
[09:40:45] offered=   901900/s achieved=   953700/s shed=        0/s inflight=  1071 | p50= 144.38 p99=  358.40 p999=  448.51 ms | push=348998500 pop=262741000 lag=86257500 | errs push=1002 pop=0 empty=6059405 gor=6182 | ack=   744500/s ackErr=29000 ackAvg=101.53ms
[09:40:46] offered=   899000/s achieved=   879700/s shed=        0/s inflight=  1262 | p50= 130.56 p99=  301.06 p999=  366.59 ms | push=349878200 pop=263495500 lag=86382700 | errs push=1002 pop=0 empty=6068822 gor=6394 | ack=   745000/s ackErr=29000 ackAvg=101.53ms
[09:40:47] offered=   899500/s achieved=   892100/s shed=        0/s inflight=  1336 | p50= 146.43 p99=  407.55 p999=  514.05 ms | push=350770300 pop=264231500 lag=86538800 | errs push=1002 pop=0 empty=6078936 gor=6303 | ack=   749500/s ackErr=29000 ackAvg=101.53ms
[09:40:48] offered=   904000/s achieved=   909000/s shed=        0/s inflight=  1289 | p50= 132.10 p99=  313.34 p999=  399.36 ms | push=351679300 pop=264972000 lag=86707300 | errs push=1002 pop=0 empty=6086610 gor=6278 | ack=   730500/s ackErr=29000 ackAvg=101.53ms
[09:40:49] offered=   896800/s achieved=   639200/s shed=        0/s inflight=  3862 | p50= 164.86 p99=  415.74 p999=  514.05 ms | push=352318500 pop=265499500 lag=86819000 | errs push=1002 pop=0 empty=6123483 gor=14724 | ack=   556500/s ackErr=29000 ackAvg=101.55ms
[09:40:50] offered=   898400/s achieved=  1139400/s shed=        0/s inflight=  1429 | p50= 288.77 p99=  847.87 p999=  987.14 ms | push=353457900 pop=265890000 lag=87567900 | errs push=1025 pop=0 empty=6150047 gor=10187 | ack=   377000/s ackErr=29000 ackAvg=101.70ms
[09:40:51] offered=   901900/s achieved=   889000/s shed=        0/s inflight=  1535 | p50= 152.58 p99=  395.26 p999=  489.47 ms | push=354346900 pop=266516000 lag=87830900 | errs push=1048 pop=0 empty=6162133 gor=8096 | ack=   626000/s ackErr=30500 ackAvg=101.70ms
[09:40:52] offered=   899200/s achieved=   930700/s shed=        0/s inflight=  1220 | p50= 142.34 p99=  350.21 p999=  436.22 ms | push=355277600 pop=267253000 lag=88024600 | errs push=1048 pop=0 empty=6172210 gor=6946 | ack=   733500/s ackErr=30500 ackAvg=101.71ms
[09:40:53] offered=   899800/s achieved=   888500/s shed=        0/s inflight=  1334 | p50= 124.42 p99=  272.38 p999=  321.54 ms | push=356166100 pop=267959500 lag=88206600 | errs push=1048 pop=0 empty=6182214 gor=6324 | ack=   727500/s ackErr=30500 ackAvg=101.70ms
[09:40:54] offered=   898600/s achieved=   921700/s shed=        0/s inflight=  1105 | p50= 154.62 p99=  378.88 p999=  481.28 ms | push=357087800 pop=268713000 lag=88374800 | errs push=1048 pop=0 empty=6192950 gor=6050 | ack=   735000/s ackErr=30500 ackAvg=101.70ms
[09:40:55] offered=   900300/s achieved=   859600/s shed=        0/s inflight=  1509 | p50= 160.77 p99=  374.78 p999=  473.09 ms | push=357947400 pop=269429000 lag=88518400 | errs push=1048 pop=0 empty=6204560 gor=6470 | ack=   706500/s ackErr=30500 ackAvg=101.72ms
[09:40:56] offered=   901600/s achieved=   911200/s shed=        0/s inflight=  1412 | p50= 158.72 p99=  354.30 p999=  423.94 ms | push=358858600 pop=270104500 lag=88754100 | errs push=1048 pop=0 empty=6213528 gor=6346 | ack=   688500/s ackErr=30500 ackAvg=101.75ms
[09:40:57] offered=   895900/s achieved=   890900/s shed=        0/s inflight=  1463 | p50= 144.38 p99=  391.17 p999=  497.66 ms | push=359749500 pop=270859000 lag=88890500 | errs push=1048 pop=0 empty=6223035 gor=6407 | ack=   749500/s ackErr=30500 ackAvg=101.74ms
[09:40:58] offered=   903600/s achieved=   891600/s shed=        0/s inflight=  1583 | p50= 156.67 p99=  350.21 p999=  428.03 ms | push=360641100 pop=271547000 lag=89094100 | errs push=1048 pop=0 empty=6234064 gor=6518 | ack=   691500/s ackErr=30500 ackAvg=101.76ms
[09:40:59] offered=   900600/s achieved=   895300/s shed=        0/s inflight=  1636 | p50= 164.86 p99=  387.07 p999=  468.99 ms | push=361536400 pop=272256500 lag=89279900 | errs push=1048 pop=0 empty=6244556 gor=6588 | ack=   700500/s ackErr=30500 ackAvg=101.77ms
[09:41:00] offered=   894900/s achieved=   718400/s shed=        0/s inflight=  3401 | p50= 234.50 p99=  626.69 p999=  700.42 ms | push=362254800 pop=272666500 lag=89588300 | errs push=1048 pop=0 empty=6278886 gor=9595 | ack=   442500/s ackErr=30500 ackAvg=101.85ms
[09:41:01] offered=   904000/s achieved=  1126500/s shed=        0/s inflight=  1176 | p50= 185.34 p99=  774.14 p999=  888.83 ms | push=363381300 pop=273371000 lag=90010300 | errs push=1048 pop=0 empty=6288043 gor=6243 | ack=   688000/s ackErr=30500 ackAvg=101.88ms
[09:41:02] offered=   900100/s achieved=   876500/s shed=        0/s inflight=  1421 | p50= 138.24 p99=  325.63 p999=  411.65 ms | push=364257800 pop=274113500 lag=90144300 | errs push=1048 pop=0 empty=6297261 gor=6533 | ack=   719500/s ackErr=30500 ackAvg=101.89ms
[09:41:03] offered=   899300/s achieved=   918800/s shed=        0/s inflight=  1217 | p50= 140.29 p99=  305.15 p999=  387.07 ms | push=365176600 pop=274876500 lag=90300100 | errs push=1048 pop=0 empty=6306821 gor=6251 | ack=   772500/s ackErr=30500 ackAvg=101.88ms
[09:41:04] offered=   900300/s achieved=   863900/s shed=        0/s inflight=  1581 | p50= 162.82 p99=  362.50 p999=  432.13 ms | push=366040500 pop=275560000 lag=90480500 | errs push=1048 pop=0 empty=6316912 gor=6475 | ack=   705500/s ackErr=30500 ackAvg=101.91ms
[09:41:05] offered=   898100/s achieved=   928900/s shed=        0/s inflight=  1296 | p50= 160.77 p99=  370.69 p999=  456.70 ms | push=366969400 pop=276277500 lag=90691900 | errs push=1048 pop=0 empty=6333977 gor=6187 | ack=   719000/s ackErr=30500 ackAvg=101.91ms
[09:41:06] offered=   905200/s achieved=   925400/s shed=        0/s inflight=  1070 | p50= 146.43 p99=  378.88 p999=  489.47 ms | push=367894800 pop=277013500 lag=90881300 | errs push=1048 pop=0 empty=6343149 gor=6007 | ack=   713500/s ackErr=30500 ackAvg=101.93ms
[09:41:07] offered=   897900/s achieved=   871300/s shed=        0/s inflight=  1337 | p50= 138.24 p99=  321.54 p999=  403.46 ms | push=368766100 pop=277726000 lag=91040100 | errs push=1048 pop=0 empty=6351970 gor=6284 | ack=   707000/s ackErr=30500 ackAvg=101.93ms
[09:41:08] offered=   899500/s achieved=   900100/s shed=        0/s inflight=  1333 | p50= 132.10 p99=  309.25 p999=  378.88 ms | push=369666200 pop=278493500 lag=91172700 | errs push=1048 pop=0 empty=6362020 gor=6291 | ack=   761500/s ackErr=30500 ackAvg=101.94ms
[09:41:09] offered=   903800/s achieved=   907300/s shed=        0/s inflight=  1301 | p50= 136.19 p99=  337.92 p999=  423.94 ms | push=370573500 pop=279224500 lag=91349000 | errs push=1048 pop=0 empty=6370163 gor=6224 | ack=   749000/s ackErr=30500 ackAvg=101.94ms
[09:41:10] offered=   897100/s achieved=   903000/s shed=        0/s inflight=  1237 | p50= 134.14 p99=  313.34 p999=  378.88 ms | push=371476500 pop=279957500 lag=91519000 | errs push=1048 pop=0 empty=6383429 gor=6189 | ack=   718500/s ackErr=30500 ackAvg=101.93ms
[09:41:11] offered=   898200/s achieved=   832100/s shed=        0/s inflight=  1899 | p50= 142.34 p99=  362.50 p999=  419.84 ms | push=372308600 pop=280668500 lag=91640100 | errs push=1048 pop=0 empty=6393411 gor=6863 | ack=   705000/s ackErr=30500 ackAvg=101.92ms
[09:41:12] offered=   901300/s achieved=   935900/s shed=        0/s inflight=  1552 | p50= 177.15 p99=  411.65 p999=  518.14 ms | push=373244500 pop=281425000 lag=91819500 | errs push=1048 pop=0 empty=6401092 gor=6509 | ack=   760000/s ackErr=30500 ackAvg=101.94ms
[09:41:13] offered=   897400/s achieved=   946200/s shed=        0/s inflight=  1066 | p50= 158.72 p99=  419.84 p999=  501.76 ms | push=374190700 pop=282145000 lag=92045700 | errs push=1048 pop=0 empty=6409109 gor=6014 | ack=   748000/s ackErr=30500 ackAvg=101.96ms
[09:41:14] offered=   902100/s achieved=   864600/s shed=        0/s inflight=  1439 | p50= 150.53 p99=  329.73 p999=  395.26 ms | push=375055300 pop=282852500 lag=92202800 | errs push=1048 pop=0 empty=6418663 gor=6417 | ack=   669000/s ackErr=30500 ackAvg=101.97ms
[09:41:15] offered=   900700/s achieved=   918900/s shed=        0/s inflight=  1257 | p50= 127.49 p99=  292.86 p999=  378.88 ms | push=375974200 pop=283579000 lag=92395200 | errs push=1048 pop=0 empty=6430883 gor=6180 | ack=   754000/s ackErr=30500 ackAvg=101.97ms
[09:41:16] offered=   899400/s achieved=   867400/s shed=        0/s inflight=  1571 | p50= 228.35 p99=  692.22 p999=  790.53 ms | push=376841600 pop=283987500 lag=92854100 | errs push=1055 pop=0 empty=6477884 gor=9707 | ack=   420500/s ackErr=30500 ackAvg=102.08ms
[09:41:17] offered=   897500/s achieved=   905900/s shed=        0/s inflight=  1486 | p50= 152.58 p99=  407.55 p999=  577.54 ms | push=377747500 pop=284688500 lag=93059000 | errs push=1055 pop=0 empty=6493114 gor=6633 | ack=   671000/s ackErr=30500 ackAvg=102.09ms
[09:41:18] offered=   901700/s achieved=   939400/s shed=        0/s inflight=  1109 | p50= 156.67 p99=  395.26 p999=  473.09 ms | push=378686900 pop=285395500 lag=93291400 | errs push=1055 pop=0 empty=6503370 gor=6206 | ack=   713000/s ackErr=30500 ackAvg=102.10ms
[09:41:19] offered=   901300/s achieved=   859600/s shed=        0/s inflight=  1526 | p50= 136.19 p99=  329.73 p999=  391.17 ms | push=379546500 pop=286138000 lag=93408500 | errs push=1055 pop=0 empty=6513303 gor=6526 | ack=   739500/s ackErr=30500 ackAvg=102.11ms
[09:41:20] offered=   899000/s achieved=   932400/s shed=        0/s inflight=  1192 | p50= 154.62 p99=  329.73 p999=  395.26 ms | push=380478900 pop=286817500 lag=93661400 | errs push=1055 pop=0 empty=6523119 gor=6205 | ack=   674000/s ackErr=30500 ackAvg=102.13ms
[09:41:21] offered=   901100/s achieved=   815900/s shed=        0/s inflight=  2044 | p50= 146.43 p99=  321.54 p999=  391.17 ms | push=381294800 pop=287550500 lag=93744300 | errs push=1055 pop=0 empty=6538787 gor=8490 | ack=   734000/s ackErr=30500 ackAvg=102.14ms
[09:41:22] offered=   890900/s achieved=   849700/s shed=        0/s inflight=  2451 | p50= 460.80 p99= 1073.15 p999= 1155.07 ms | push=382144500 pop=287739000 lag=94405500 | errs push=1060 pop=0 empty=6604465 gor=13601 | ack=   209000/s ackErr=30500 ackAvg=102.32ms
[09:41:23] offered=   909000/s achieved=  1037200/s shed=        0/s inflight=  1170 | p50= 150.53 p99=  481.28 p999=  577.54 ms | push=383181700 pop=288437000 lag=94744700 | errs push=1061 pop=0 empty=6612613 gor=6500 | ack=   684000/s ackErr=30500 ackAvg=102.36ms
[09:41:24] offered=   897100/s achieved=   926300/s shed=        0/s inflight=   876 | p50= 122.37 p99=  272.38 p999=  350.21 ms | push=384108000 pop=289220500 lag=94887500 | errs push=1061 pop=0 empty=6621490 gor=6218 | ack=   778500/s ackErr=30500 ackAvg=102.36ms
[09:41:25] offered=   902300/s achieved=   879100/s shed=        0/s inflight=  1114 | p50= 118.27 p99=  272.38 p999=  317.44 ms | push=384987100 pop=290020000 lag=94967100 | errs push=1061 pop=0 empty=6630207 gor=6436 | ack=   809500/s ackErr=30500 ackAvg=102.33ms
[09:41:26] offered=   900800/s achieved=   853500/s shed=        0/s inflight=  1581 | p50= 150.53 p99=  362.50 p999=  436.22 ms | push=385840600 pop=290777000 lag=95063600 | errs push=1061 pop=0 empty=6637648 gor=6549 | ack=   756500/s ackErr=30500 ackAvg=102.34ms
[09:41:27] offered=   907000/s achieved=   902400/s shed=        0/s inflight=  1632 | p50= 146.43 p99=  362.50 p999=  448.51 ms | push=386743000 pop=291567000 lag=95176000 | errs push=1061 pop=0 empty=6645184 gor=6644 | ack=   770500/s ackErr=30500 ackAvg=102.35ms
[09:41:28] offered=   892900/s achieved=   971700/s shed=        0/s inflight=   839 | p50= 144.38 p99=  350.21 p999=  436.22 ms | push=387714700 pop=292338500 lag=95376200 | errs push=1061 pop=0 empty=6653855 gor=5815 | ack=   805500/s ackErr=30500 ackAvg=102.38ms
[09:41:29] offered=   896500/s achieved=   855400/s shed=        0/s inflight=  1250 | p50= 134.14 p99=  321.54 p999=  399.36 ms | push=388570100 pop=293057000 lag=95513100 | errs push=1061 pop=0 empty=6662050 gor=6190 | ack=   718500/s ackErr=30500 ackAvg=102.38ms
[09:41:30] offered=   902000/s achieved=   921800/s shed=        0/s inflight=  1052 | p50= 144.38 p99=  342.02 p999=  411.65 ms | push=389491900 pop=293780000 lag=95711900 | errs push=1061 pop=0 empty=6671114 gor=6004 | ack=   716500/s ackErr=30500 ackAvg=102.37ms
[09:41:31] offered=   900900/s achieved=   895600/s shed=        0/s inflight=  1105 | p50= 124.42 p99=  272.38 p999=  317.44 ms | push=390387500 pop=294551500 lag=95836000 | errs push=1061 pop=0 empty=6681596 gor=6080 | ack=   760000/s ackErr=30500 ackAvg=102.37ms
[09:41:32] offered=   900500/s achieved=   868700/s shed=        0/s inflight=  1423 | p50= 146.43 p99=  374.78 p999=  468.99 ms | push=391256200 pop=295296500 lag=95959700 | errs push=1061 pop=0 empty=6693068 gor=6392 | ack=   747500/s ackErr=30500 ackAvg=102.37ms
[09:41:33] offered=   897400/s achieved=   935300/s shed=        0/s inflight=  1044 | p50= 158.72 p99=  399.36 p999=  505.86 ms | push=392191500 pop=296076000 lag=96115500 | errs push=1061 pop=0 empty=6701307 gor=5996 | ack=   788500/s ackErr=30500 ackAvg=102.36ms
[09:41:34] offered=   902300/s achieved=   899000/s shed=        0/s inflight=  1077 | p50= 148.48 p99=  387.07 p999=  477.18 ms | push=393090500 pop=296840500 lag=96250000 | errs push=1061 pop=0 empty=6709821 gor=6040 | ack=   759000/s ackErr=30500 ackAvg=102.35ms
[09:41:35] offered=   899500/s achieved=   909300/s shed=        0/s inflight=   979 | p50= 146.43 p99=  342.02 p999=  428.03 ms | push=393999800 pop=297617000 lag=96382800 | errs push=1061 pop=0 empty=6718363 gor=5970 | ack=   762000/s ackErr=30500 ackAvg=102.34ms
[09:41:36] offered=   900000/s achieved=   833100/s shed=        0/s inflight=  1648 | p50= 154.62 p99=  399.36 p999=  505.86 ms | push=394832900 pop=298287000 lag=96545900 | errs push=1061 pop=0 empty=6730075 gor=6603 | ack=   688500/s ackErr=30500 ackAvg=102.33ms
[09:41:37] offered=   900600/s achieved=   924500/s shed=        0/s inflight=  1413 | p50= 154.62 p99=  370.69 p999=  485.38 ms | push=395757400 pop=299063000 lag=96694400 | errs push=1061 pop=0 empty=6739682 gor=6371 | ack=   773000/s ackErr=30500 ackAvg=102.33ms
[09:41:38] offered=   900200/s achieved=   920100/s shed=        0/s inflight=  1210 | p50= 138.24 p99=  321.54 p999=  407.55 ms | push=396677500 pop=299937500 lag=96740000 | errs push=1061 pop=0 empty=6748242 gor=6186 | ack=   868000/s ackErr=30500 ackAvg=102.31ms
[09:41:39] offered=   897200/s achieved=   855800/s shed=        0/s inflight=  1624 | p50= 148.48 p99=  354.30 p999=  419.84 ms | push=397533300 pop=300676000 lag=96857300 | errs push=1061 pop=0 empty=6759937 gor=6537 | ack=   769000/s ackErr=30500 ackAvg=102.30ms
[09:41:40] offered=   902200/s achieved=   964200/s shed=        0/s inflight=  1004 | p50= 144.38 p99=  391.17 p999=  468.99 ms | push=398497500 pop=301452000 lag=97045500 | errs push=1061 pop=0 empty=6766768 gor=5947 | ack=   761000/s ackErr=30500 ackAvg=102.31ms
[09:41:41] offered=   899200/s achieved=   853000/s shed=        0/s inflight=  1466 | p50= 140.29 p99=  346.11 p999=  428.03 ms | push=399350500 pop=302216000 lag=97134500 | errs push=1061 pop=0 empty=6774069 gor=6418 | ack=   759500/s ackErr=30500 ackAvg=102.31ms
[09:41:42] offered=   901800/s achieved=   885900/s shed=        0/s inflight=  1625 | p50= 144.38 p99=  366.59 p999=  448.51 ms | push=400236400 pop=302908000 lag=97328400 | errs push=1061 pop=0 empty=6785138 gor=6590 | ack=   685500/s ackErr=30500 ackAvg=102.30ms
[09:41:43] offered=   899200/s achieved=   924600/s shed=        0/s inflight=  1371 | p50= 156.67 p99=  374.78 p999=  460.80 ms | push=401161000 pop=303613500 lag=97547500 | errs push=1061 pop=0 empty=6796477 gor=6297 | ack=   725000/s ackErr=30500 ackAvg=102.32ms
[09:41:44] offered=   900300/s achieved=   861000/s shed=        0/s inflight=  1764 | p50= 140.29 p99=  342.02 p999=  423.94 ms | push=402022000 pop=304353000 lag=97669000 | errs push=1061 pop=0 empty=6804795 gor=6681 | ack=   731500/s ackErr=30500 ackAvg=102.30ms
[09:41:45] offered=   900000/s achieved=   950600/s shed=        0/s inflight=  1258 | p50= 152.58 p99=  366.59 p999=  464.90 ms | push=402972600 pop=305117000 lag=97855600 | errs push=1061 pop=0 empty=6815259 gor=6217 | ack=   743500/s ackErr=30500 ackAvg=102.32ms
[09:41:46] offered=   896300/s achieved=   922200/s shed=        0/s inflight=   998 | p50= 125.44 p99=  280.58 p999=  337.92 ms | push=403894800 pop=305920500 lag=97974300 | errs push=1061 pop=0 empty=6823378 gor=5915 | ack=   823500/s ackErr=30500 ackAvg=102.32ms
[09:41:47] offered=   903800/s achieved=   878900/s shed=        0/s inflight=  1248 | p50= 142.34 p99=  342.02 p999=  407.55 ms | push=404773700 pop=306716000 lag=98057700 | errs push=1061 pop=0 empty=6832735 gor=6205 | ack=   777000/s ackErr=30500 ackAvg=102.30ms
[09:41:48] offered=   894300/s achieved=   932500/s shed=        0/s inflight=   863 | p50= 187.39 p99=  593.92 p999=  684.03 ms | push=405706200 pop=307239000 lag=98467200 | errs push=1064 pop=0 empty=6868371 gor=7056 | ack=   537000/s ackErr=30500 ackAvg=102.40ms
[09:41:49] offered=   905300/s achieved=   871900/s shed=        0/s inflight=  1450 | p50= 142.34 p99=  358.40 p999=  440.32 ms | push=406578100 pop=307862500 lag=98715600 | errs push=1064 pop=0 empty=6892103 gor=7411 | ack=   615500/s ackErr=30500 ackAvg=102.43ms
[09:41:50] offered=   900900/s achieved=   857400/s shed=        0/s inflight=  1632 | p50= 140.29 p99=  358.40 p999=  423.94 ms | push=407435500 pop=308566000 lag=98869500 | errs push=1064 pop=0 empty=6901055 gor=6726 | ack=   694000/s ackErr=30500 ackAvg=102.43ms
[09:41:51] offered=   898800/s achieved=   909700/s shed=        0/s inflight=  1525 | p50= 150.53 p99=  399.36 p999=  485.38 ms | push=408345200 pop=309284000 lag=99061200 | errs push=1064 pop=0 empty=6913083 gor=6522 | ack=   716500/s ackErr=30500 ackAvg=102.46ms
[09:41:52] offered=   900800/s achieved=   939700/s shed=        0/s inflight=  1135 | p50= 154.62 p99=  362.50 p999=  436.22 ms | push=409284900 pop=310020500 lag=99264400 | errs push=1064 pop=0 empty=6923231 gor=6131 | ack=   737000/s ackErr=30500 ackAvg=102.47ms
[09:41:53] offered=   900000/s achieved=   644200/s shed=        0/s inflight=  3683 | p50= 136.19 p99=  288.77 p999=  325.63 ms | push=409929100 pop=310548000 lag=99381100 | errs push=1073 pop=0 empty=6967020 gor=14679 | ack=   523000/s ackErr=30500 ackAvg=102.48ms
[09:41:54] offered=   898300/s achieved=  1098400/s shed=        0/s inflight=  1620 | p50= 254.98 p99=  724.99 p999=  806.91 ms | push=411027500 pop=311046500 lag=99981000 | errs push=1135 pop=0 empty=6973674 gor=7550 | ack=   507000/s ackErr=32000 ackAvg=102.57ms
[09:41:55] offered=   903100/s achieved=   927100/s shed=        0/s inflight=  1379 | p50= 164.86 p99=  370.69 p999=  448.51 ms | push=411954600 pop=311713500 lag=100241100 | errs push=1136 pop=0 empty=6985400 gor=6606 | ack=   693000/s ackErr=32000 ackAvg=102.59ms
[09:41:56] offered=   898200/s achieved=   901200/s shed=        0/s inflight=  1349 | p50= 162.82 p99=  407.55 p999=  473.09 ms | push=412855800 pop=312411500 lag=100444300 | errs push=1136 pop=0 empty=6999185 gor=6322 | ack=   675500/s ackErr=32000 ackAvg=102.59ms
[09:41:57] offered=   902800/s achieved=   887400/s shed=        0/s inflight=  1508 | p50= 154.62 p99=  382.98 p999=  464.90 ms | push=413743200 pop=313119000 lag=100624200 | errs push=1136 pop=0 empty=7007606 gor=6433 | ack=   724500/s ackErr=32000 ackAvg=102.60ms
[09:41:58] offered=   897900/s achieved=   963500/s shed=        0/s inflight=   847 | p50= 142.34 p99=  350.21 p999=  436.22 ms | push=414706700 pop=313876500 lag=100830200 | errs push=1136 pop=0 empty=7016919 gor=5767 | ack=   759500/s ackErr=32000 ackAvg=102.60ms
[09:41:59] offered=   899200/s achieved=   834900/s shed=        0/s inflight=  1489 | p50= 138.24 p99=  350.21 p999=  407.55 ms | push=415541600 pop=314566500 lag=100975100 | errs push=1136 pop=0 empty=7027349 gor=6468 | ack=   660500/s ackErr=32000 ackAvg=102.60ms
[09:42:00] offered=   899300/s achieved=   951000/s shed=        0/s inflight=   972 | p50= 126.46 p99=  288.77 p999=  354.30 ms | push=416492600 pop=315401500 lag=101091100 | errs push=1136 pop=0 empty=7036203 gor=5923 | ack=   849500/s ackErr=32000 ackAvg=102.59ms
[09:42:01] offered=   900900/s achieved=   885800/s shed=        0/s inflight=  1124 | p50= 140.29 p99=  325.63 p999=  419.84 ms | push=417378400 pop=316210000 lag=101168400 | errs push=1136 pop=0 empty=7044065 gor=6061 | ack=   815500/s ackErr=32000 ackAvg=102.57ms
[09:42:02] offered=   898600/s achieved=   863200/s shed=        0/s inflight=  1478 | p50= 140.29 p99=  354.30 p999=  473.09 ms | push=418241600 pop=316924000 lag=101317600 | errs push=1136 pop=0 empty=7055597 gor=6426 | ack=   707500/s ackErr=32000 ackAvg=102.56ms
[09:42:03] offered=   902800/s achieved=   936500/s shed=        0/s inflight=  1143 | p50= 121.34 p99=  301.06 p999=  444.42 ms | push=419178100 pop=317654000 lag=101524100 | errs push=1136 pop=0 empty=7064963 gor=6078 | ack=   738000/s ackErr=32000 ackAvg=102.56ms
[09:42:04] offered=   898400/s achieved=   872300/s shed=        0/s inflight=  1405 | p50= 166.91 p99=  370.69 p999=  448.51 ms | push=420050400 pop=318368000 lag=101682400 | errs push=1136 pop=0 empty=7078312 gor=6374 | ack=   696000/s ackErr=32000 ackAvg=102.55ms
[09:42:05] offered=   912600/s achieved=   902500/s shed=        0/s inflight=  1503 | p50= 140.29 p99=  333.82 p999=  391.17 ms | push=420952900 pop=319092000 lag=101860900 | errs push=1136 pop=0 empty=7087956 gor=6429 | ack=   746000/s ackErr=32000 ackAvg=102.54ms
[09:42:06] offered=   886500/s achieved=   911900/s shed=        0/s inflight=  1272 | p50= 156.67 p99=  342.02 p999=  387.07 ms | push=421864800 pop=319740500 lag=102124300 | errs push=1136 pop=0 empty=7099371 gor=6272 | ack=   629000/s ackErr=32000 ackAvg=102.56ms
[09:42:07] offered=   900900/s achieved=   907500/s shed=        0/s inflight=  1183 | p50= 144.38 p99=  305.15 p999=  370.69 ms | push=422772300 pop=320508000 lag=102264300 | errs push=1136 pop=0 empty=7107017 gor=6144 | ack=   787500/s ackErr=32000 ackAvg=102.55ms
[09:42:08] offered=   900700/s achieved=   879500/s shed=        0/s inflight=  1392 | p50= 128.51 p99=  305.15 p999=  350.21 ms | push=423651800 pop=321286000 lag=102365800 | errs push=1136 pop=0 empty=7115256 gor=6371 | ack=   770500/s ackErr=32000 ackAvg=102.54ms
[09:42:09] offered=   899800/s achieved=   965200/s shed=        0/s inflight=   744 | p50= 118.27 p99=  305.15 p999=  370.69 ms | push=424617000 pop=322079000 lag=102538000 | errs push=1136 pop=0 empty=7127187 gor=5700 | ack=   802500/s ackErr=32000 ackAvg=102.52ms
[09:42:10] offered=   898900/s achieved=   876600/s shed=        0/s inflight=   965 | p50= 111.10 p99=  252.93 p999=  317.44 ms | push=425493600 pop=322939000 lag=102554600 | errs push=1136 pop=0 empty=7135370 gor=5972 | ack=   834500/s ackErr=32000 ackAvg=102.49ms
[09:42:11] offered=   902600/s achieved=   840800/s shed=        0/s inflight=  1580 | p50= 142.34 p99=  337.92 p999=  403.46 ms | push=426334400 pop=323632000 lag=102702400 | errs push=1136 pop=0 empty=7149600 gor=6560 | ack=   681000/s ackErr=32000 ackAvg=102.52ms
[09:42:12] offered=   898400/s achieved=   919600/s shed=        0/s inflight=  1370 | p50= 134.14 p99=  325.63 p999=  407.55 ms | push=427254000 pop=324351000 lag=102903000 | errs push=1136 pop=0 empty=7158807 gor=6264 | ack=   762000/s ackErr=32000 ackAvg=102.50ms
[09:42:13] offered=   899700/s achieved=   917800/s shed=        0/s inflight=  1189 | p50= 122.37 p99=  280.58 p999=  337.92 ms | push=428171800 pop=325181000 lag=102990800 | errs push=1136 pop=0 empty=7167917 gor=6134 | ack=   804000/s ackErr=32000 ackAvg=102.49ms
[09:42:14] offered=   903600/s achieved=   747300/s shed=        0/s inflight=  2751 | p50= 146.43 p99=  350.21 p999=  428.03 ms | push=428919100 pop=325751500 lag=103167600 | errs push=1136 pop=0 empty=7195555 gor=9721 | ack=   593000/s ackErr=32000 ackAvg=102.54ms
[09:42:15] offered=   896200/s achieved=   938000/s shed=        0/s inflight=  2334 | p50= 195.58 p99=  497.66 p999=  561.15 ms | push=429857100 pop=326288500 lag=103568600 | errs push=1136 pop=0 empty=7229679 gor=8953 | ack=   513500/s ackErr=32000 ackAvg=102.55ms
[09:42:16] offered=   900000/s achieved=  1011500/s shed=        0/s inflight=  1217 | p50= 177.15 p99=  432.13 p999=  514.05 ms | push=430868600 pop=326876000 lag=103992600 | errs push=1136 pop=0 empty=7247968 gor=6383 | ack=   593500/s ackErr=32000 ackAvg=102.59ms
[09:42:17] offered=   900600/s achieved=   895800/s shed=        0/s inflight=  1267 | p50= 150.53 p99=  337.92 p999=  403.46 ms | push=431764400 pop=327611000 lag=104153400 | errs push=1136 pop=0 empty=7255490 gor=6346 | ack=   714500/s ackErr=32000 ackAvg=102.61ms
[09:42:18] offered=   900800/s achieved=   934400/s shed=        0/s inflight=   937 | p50= 128.51 p99=  301.06 p999=  362.50 ms | push=432698800 pop=328358500 lag=104340300 | errs push=1136 pop=0 empty=7266280 gor=5979 | ack=   764500/s ackErr=32000 ackAvg=102.60ms
[09:42:19] offered=   899300/s achieved=   837200/s shed=        0/s inflight=  1552 | p50= 136.19 p99=  329.73 p999=  399.36 ms | push=433536000 pop=329047500 lag=104488500 | errs push=1136 pop=0 empty=7276899 gor=6535 | ack=   708000/s ackErr=32000 ackAvg=102.60ms
[09:42:20] offered=   904600/s achieved=   920700/s shed=        0/s inflight=  1391 | p50= 142.34 p99=  350.21 p999=  419.84 ms | push=434456700 pop=329821500 lag=104635200 | errs push=1136 pop=0 empty=7292318 gor=6409 | ack=   750000/s ackErr=32000 ackAvg=102.61ms
[09:42:21] offered=   895700/s achieved=   790800/s shed=        0/s inflight=  2440 | p50= 142.34 p99=  342.02 p999=  407.55 ms | push=435247500 pop=330451500 lag=104796000 | errs push=1136 pop=0 empty=7317535 gor=8736 | ack=   644500/s ackErr=32000 ackAvg=102.61ms
[09:42:22] offered=   899300/s achieved=  1008400/s shed=        0/s inflight=  1332 | p50= 207.87 p99=  602.11 p999=  700.42 ms | push=436255900 pop=331005000 lag=105250900 | errs push=1157 pop=0 empty=7337297 gor=8933 | ack=   549500/s ackErr=32000 ackAvg=102.68ms
[09:42:23] offered=   901800/s achieved=   950200/s shed=        0/s inflight=   800 | p50= 140.29 p99=  362.50 p999=  501.76 ms | push=437206100 pop=331714000 lag=105492100 | errs push=1201 pop=0 empty=7353641 gor=7116 | ack=   722000/s ackErr=36000 ackAvg=102.69ms
[09:42:24] offered=   897400/s achieved=   860700/s shed=        0/s inflight=  1162 | p50= 128.51 p99=  288.77 p999=  333.82 ms | push=438066800 pop=332446000 lag=105620800 | errs push=1208 pop=0 empty=7361931 gor=6764 | ack=   711000/s ackErr=36000 ackAvg=102.67ms
[09:42:25] offered=   901100/s achieved=   946600/s shed=        0/s inflight=   705 | p50= 144.38 p99=  374.78 p999=  464.90 ms | push=439013400 pop=333136000 lag=105877400 | errs push=1208 pop=0 empty=7376172 gor=5969 | ack=   684500/s ackErr=36000 ackAvg=102.69ms
[09:42:26] offered=   898800/s achieved=   878200/s shed=        0/s inflight=   915 | p50= 132.10 p99=  321.54 p999=  399.36 ms | push=439891600 pop=333859000 lag=106032600 | errs push=1208 pop=0 empty=7386466 gor=5826 | ack=   736500/s ackErr=36000 ackAvg=102.68ms
[09:42:27] offered=   901100/s achieved=   440000/s shed=        0/s inflight=  5520 | p50= 152.58 p99=  309.25 p999=  358.40 ms | push=440331600 pop=334222500 lag=106109100 | errs push=1210 pop=0 empty=7458649 gor=20418 | ack=   344500/s ackErr=36000 ackAvg=102.68ms
[09:42:28] offered=   900000/s achieved=  1277700/s shed=        0/s inflight=  1703 | p50= 268.29 p99=  847.87 p999=  937.98 ms | push=441609300 pop=334714500 lag=106894800 | errs push=1253 pop=0 empty=7470997 gor=7784 | ack=   531000/s ackErr=37000 ackAvg=102.84ms
[09:42:29] offered=   899800/s achieved=   975200/s shed=        0/s inflight=   946 | p50= 171.01 p99=  428.03 p999=  505.86 ms | push=442584500 pop=335393000 lag=107191500 | errs push=1253 pop=0 empty=7481587 gor=6083 | ack=   654000/s ackErr=37000 ackAvg=102.85ms
[09:42:30] offered=   901800/s achieved=   791400/s shed=        0/s inflight=  2051 | p50= 136.19 p99=  317.44 p999=  411.65 ms | push=443375900 pop=336061500 lag=107314400 | errs push=1253 pop=0 empty=7498837 gor=7168 | ack=   678500/s ackErr=37000 ackAvg=102.84ms
[09:42:31] offered=   901000/s achieved=   974900/s shed=        0/s inflight=  1314 | p50= 150.53 p99=  395.26 p999=  456.70 ms | push=444350800 pop=336747500 lag=107603300 | errs push=1253 pop=0 empty=7510727 gor=6197 | ack=   697000/s ackErr=37000 ackAvg=102.85ms
[09:42:32] offered=   897300/s achieved=   915100/s shed=        0/s inflight=  1133 | p50= 142.34 p99=  317.44 p999=  403.46 ms | push=445265900 pop=337526000 lag=107739900 | errs push=1253 pop=0 empty=7520340 gor=6088 | ack=   741500/s ackErr=37000 ackAvg=102.84ms
[09:42:33] offered=   899700/s achieved=   881900/s shed=        0/s inflight=  1311 | p50= 148.48 p99=  325.63 p999=  362.50 ms | push=446147800 pop=338148500 lag=107999300 | errs push=1253 pop=0 empty=7534495 gor=6244 | ack=   633500/s ackErr=37000 ackAvg=102.87ms
[09:42:34] offered=   899600/s achieved=   868800/s shed=        0/s inflight=  1619 | p50= 132.10 p99=  317.44 p999=  407.55 ms | push=447016600 pop=338875500 lag=108141100 | errs push=1253 pop=0 empty=7547849 gor=6594 | ack=   724000/s ackErr=37000 ackAvg=102.87ms
[09:42:35] offered=   905000/s achieved=   946300/s shed=        0/s inflight=  1207 | p50= 164.86 p99=  378.88 p999=  473.09 ms | push=447962900 pop=339569500 lag=108393400 | errs push=1253 pop=0 empty=7563695 gor=6123 | ack=   722500/s ackErr=37000 ackAvg=102.88ms
[09:42:36] offered=   893000/s achieved=   921600/s shed=        0/s inflight=   920 | p50= 146.43 p99=  337.92 p999=  387.07 ms | push=448884500 pop=340229000 lag=108655500 | errs push=1253 pop=0 empty=7574798 gor=5846 | ack=   649500/s ackErr=37000 ackAvg=102.88ms
[09:42:37] offered=   901400/s achieved=   868500/s shed=        0/s inflight=  1249 | p50= 144.38 p99=  350.21 p999=  444.42 ms | push=449753000 pop=340938000 lag=108815000 | errs push=1253 pop=0 empty=7582959 gor=6174 | ack=   709500/s ackErr=37000 ackAvg=102.87ms
[09:42:38] offered=   907600/s achieved=   901500/s shed=        0/s inflight=  1310 | p50= 146.43 p99=  346.11 p999=  419.84 ms | push=450654500 pop=341672000 lag=108982500 | errs push=1253 pop=0 empty=7594805 gor=6249 | ack=   722000/s ackErr=37000 ackAvg=102.86ms
[09:42:39] offered=   902000/s achieved=   899600/s shed=        0/s inflight=  1334 | p50= 152.58 p99=  378.88 p999=  448.51 ms | push=451554100 pop=342400000 lag=109154100 | errs push=1253 pop=0 empty=7603826 gor=6272 | ack=   728500/s ackErr=37000 ackAvg=102.86ms
[09:42:40] offered=   892100/s achieved=   900900/s shed=        0/s inflight=  1246 | p50= 134.14 p99=  325.63 p999=  395.26 ms | push=452455000 pop=343158500 lag=109296500 | errs push=1253 pop=0 empty=7613997 gor=6188 | ack=   756500/s ackErr=37000 ackAvg=102.86ms
[09:42:41] offered=   899800/s achieved=   914600/s shed=        0/s inflight=  1098 | p50= 127.49 p99=  325.63 p999=  395.26 ms | push=453369600 pop=343947000 lag=109422600 | errs push=1253 pop=0 empty=7623867 gor=6045 | ack=   788000/s ackErr=37000 ackAvg=102.85ms
[09:42:42] offered=   899300/s achieved=   883700/s shed=        0/s inflight=  1254 | p50= 158.72 p99=  370.69 p999=  444.42 ms | push=454253300 pop=344614500 lag=109638800 | errs push=1253 pop=0 empty=7636089 gor=6190 | ack=   670500/s ackErr=37000 ackAvg=102.86ms
[09:42:43] offered=   900800/s achieved=   920800/s shed=        0/s inflight=  1054 | p50= 140.29 p99=  329.73 p999=  411.65 ms | push=455174100 pop=345316000 lag=109858100 | errs push=1253 pop=0 empty=7651401 gor=5996 | ack=   705500/s ackErr=37000 ackAvg=102.87ms
[09:42:44] offered=   898200/s achieved=   875700/s shed=        0/s inflight=  1279 | p50= 144.38 p99=  342.02 p999=  448.51 ms | push=456049800 pop=346038500 lag=110011300 | errs push=1253 pop=0 empty=7665554 gor=6223 | ack=   714000/s ackErr=37000 ackAvg=102.88ms
[09:42:45] offered=   903100/s achieved=   844400/s shed=        0/s inflight=  1865 | p50= 166.91 p99=  370.69 p999=  473.09 ms | push=456894200 pop=346722500 lag=110171700 | errs push=1253 pop=0 empty=7679305 gor=7263 | ack=   717500/s ackErr=37000 ackAvg=102.88ms
[09:42:46] offered=   898900/s achieved=   951600/s shed=        0/s inflight=  1339 | p50= 177.15 p99=  403.46 p999=  514.05 ms | push=457845800 pop=347371000 lag=110474800 | errs push=1253 pop=0 empty=7690927 gor=6569 | ack=   659500/s ackErr=37000 ackAvg=102.89ms
[09:42:47] offered=   899100/s achieved=   927400/s shed=        0/s inflight=  1056 | p50= 134.14 p99=  321.54 p999=  382.98 ms | push=458773200 pop=348087000 lag=110686200 | errs push=1253 pop=0 empty=7701602 gor=6190 | ack=   684500/s ackErr=37000 ackAvg=102.89ms
[09:42:48] offered=   900600/s achieved=   641100/s shed=        0/s inflight=  3650 | p50= 132.10 p99=  301.06 p999=  350.21 ms | push=459414300 pop=348612000 lag=110802300 | errs push=1254 pop=0 empty=7721130 gor=13883 | ack=   568000/s ackErr=37000 ackAvg=102.90ms
[09:42:49] offered=   895000/s achieved=  1064500/s shed=        0/s inflight=  1945 | p50= 395.26 p99=  946.18 p999= 1105.92 ms | push=460478800 pop=348867500 lag=111611300 | errs push=1266 pop=0 empty=7734413 gor=7632 | ack=   242000/s ackErr=40000 ackAvg=102.98ms
[09:42:50] offered=   904500/s achieved=   960300/s shed=        0/s inflight=  1386 | p50= 164.86 p99=  432.13 p999=  593.92 ms | push=461439100 pop=349564500 lag=111874600 | errs push=1266 pop=0 empty=7745319 gor=6416 | ack=   656500/s ackErr=40000 ackAvg=102.97ms
[09:42:51] offered=   900400/s achieved=   896500/s shed=        0/s inflight=  1424 | p50= 148.48 p99=  333.82 p999=  395.26 ms | push=462335600 pop=350245000 lag=112090600 | errs push=1266 pop=0 empty=7757479 gor=6441 | ack=   674000/s ackErr=40000 ackAvg=102.96ms
[09:42:52] offered=   897200/s achieved=   928300/s shed=        0/s inflight=  1113 | p50= 127.49 p99=  342.02 p999=  423.94 ms | push=463263900 pop=350974000 lag=112289900 | errs push=1266 pop=0 empty=7766072 gor=6111 | ack=   738500/s ackErr=40000 ackAvg=102.94ms
[09:42:53] offered=   902500/s achieved=   843300/s shed=        0/s inflight=  1705 | p50= 144.38 p99=  362.50 p999=  448.51 ms | push=464107200 pop=351654000 lag=112453200 | errs push=1266 pop=0 empty=7775746 gor=6683 | ack=   686000/s ackErr=40000 ackAvg=102.94ms
[09:42:54] offered=   895400/s achieved=   617500/s shed=        0/s inflight=  4483 | p50= 130.56 p99=  518.14 p999=  593.92 ms | push=464724700 pop=352183500 lag=112541200 | errs push=1266 pop=0 empty=7815459 gor=15990 | ack=   545500/s ackErr=40000 ackAvg=102.98ms
[09:42:55] offered=   906000/s achieved=  1229400/s shed=        0/s inflight=  1251 | p50= 248.83 p99=  716.80 p999=  823.30 ms | push=465954100 pop=352717500 lag=113236600 | errs push=1266 pop=0 empty=7828464 gor=6473 | ack=   518500/s ackErr=40000 ackAvg=103.03ms
[09:42:56] offered=   898700/s achieved=   893000/s shed=        0/s inflight=  1307 | p50= 127.49 p99=  305.15 p999=  419.84 ms | push=466847100 pop=353442000 lag=113405100 | errs push=1266 pop=0 empty=7840001 gor=6532 | ack=   717000/s ackErr=40000 ackAvg=103.02ms
[09:42:57] offered=   900100/s achieved=   890000/s shed=        0/s inflight=  1408 | p50= 160.77 p99=  378.88 p999=  456.70 ms | push=467737100 pop=354149000 lag=113588100 | errs push=1266 pop=0 empty=7851868 gor=6420 | ack=   697000/s ackErr=40000 ackAvg=103.01ms
[09:42:58] offered=   902800/s achieved=   923800/s shed=        0/s inflight=  1205 | p50= 134.14 p99=  321.54 p999=  382.98 ms | push=468660900 pop=354836500 lag=113824400 | errs push=1266 pop=0 empty=7866710 gor=6191 | ack=   700500/s ackErr=40000 ackAvg=103.01ms
[09:42:59] offered=   901000/s achieved=   926000/s shed=        0/s inflight=   951 | p50= 152.58 p99=  362.50 p999=  432.13 ms | push=469586900 pop=355517000 lag=114069900 | errs push=1266 pop=0 empty=7882631 gor=5935 | ack=   674500/s ackErr=40000 ackAvg=103.02ms
[09:43:00] offered=   896300/s achieved=   350700/s shed=        0/s inflight=  6398 | p50= 195.58 p99=  552.96 p999=  602.11 ms | push=469937600 pop=355710000 lag=114227600 | errs push=1272 pop=0 empty=7922968 gor=22286 | ack=   258500/s ackErr=40000 ackAvg=103.10ms
[09:43:01] offered=   899800/s achieved=   153900/s shed=        0/s inflight= 13857 | p50=1073.15 p99= 1417.22 p999= 1482.75 ms | push=470091500 pop=355742000 lag=114349500 | errs push=1272 pop=0 empty=7922974 gor=43660 | ack=     4500/s ackErr=40000 ackAvg=103.11ms
[09:43:02] offered=   900600/s achieved=  1921100/s shed=        0/s inflight=  3650 | p50= 962.56 p99= 2113.54 p999= 2277.38 ms | push=472012600 pop=355930000 lag=116082600 | errs push=1272 pop=0 empty=7927877 gor=17089 | ack=   147000/s ackErr=40000 ackAvg=103.28ms
[09:43:03] offered=   900000/s achieved=  1149900/s shed=        0/s inflight=  1154 | p50= 183.30 p99=  774.14 p999=  872.45 ms | push=473162500 pop=356506000 lag=116656500 | errs push=1272 pop=0 empty=7936392 gor=6561 | ack=   584000/s ackErr=40000 ackAvg=103.34ms
[09:43:04] offered=   899700/s achieved=   906400/s shed=        0/s inflight=  1086 | p50= 134.14 p99=  301.06 p999=  362.50 ms | push=474068900 pop=357251000 lag=116817900 | errs push=1272 pop=0 empty=7947679 gor=6517 | ack=   734500/s ackErr=40000 ackAvg=103.32ms
[09:43:05] offered=   900100/s achieved=   851100/s shed=        0/s inflight=  1668 | p50= 181.25 p99=  444.42 p999=  497.66 ms | push=474920000 pop=357867500 lag=117052500 | errs push=1272 pop=0 empty=7957990 gor=6659 | ack=   613500/s ackErr=40000 ackAvg=103.33ms
[09:43:06] offered=   899200/s achieved=   908500/s shed=        0/s inflight=  1485 | p50= 179.20 p99=  391.17 p999=  481.28 ms | push=475828500 pop=358470500 lag=117358000 | errs push=1272 pop=0 empty=7969712 gor=6448 | ack=   617000/s ackErr=40000 ackAvg=103.37ms
[09:43:07] offered=   900700/s achieved=   903300/s shed=        0/s inflight=  1457 | p50= 140.29 p99=  337.92 p999=  407.55 ms | push=476731800 pop=359214000 lag=117517800 | errs push=1272 pop=0 empty=7982384 gor=6358 | ack=   767500/s ackErr=40000 ackAvg=103.37ms
[09:43:08] offered=   895700/s achieved=   923800/s shed=        0/s inflight=  1176 | p50= 122.37 p99=  288.77 p999=  346.11 ms | push=477655600 pop=360018000 lag=117637600 | errs push=1272 pop=0 empty=7993780 gor=6095 | ack=   779000/s ackErr=40000 ackAvg=103.36ms
[09:43:09] offered=   903400/s achieved=   931100/s shed=        0/s inflight=   898 | p50= 124.42 p99=  301.06 p999=  366.59 ms | push=478586700 pop=360738000 lag=117848700 | errs push=1272 pop=0 empty=8001491 gor=5807 | ack=   725000/s ackErr=40000 ackAvg=103.37ms
[09:43:10] offered=   898000/s achieved=   849800/s shed=        0/s inflight=  1381 | p50= 138.24 p99=  374.78 p999=  460.80 ms | push=479436500 pop=361445000 lag=117991500 | errs push=1272 pop=0 empty=8012589 gor=6315 | ack=   694000/s ackErr=40000 ackAvg=103.35ms
[09:43:11] offered=   902200/s achieved=   901500/s shed=        0/s inflight=  1388 | p50= 128.51 p99=  317.44 p999=  485.38 ms | push=480338000 pop=362156000 lag=118182000 | errs push=1272 pop=0 empty=8026555 gor=6289 | ack=   727500/s ackErr=40000 ackAvg=103.35ms
[09:43:12] offered=   900000/s achieved=   875900/s shed=        0/s inflight=  1629 | p50= 130.56 p99=  342.02 p999=  419.84 ms | push=481213900 pop=362868500 lag=118345400 | errs push=1272 pop=0 empty=8036839 gor=6570 | ack=   692500/s ackErr=40000 ackAvg=103.34ms
[09:43:13] offered=   900000/s achieved=   962300/s shed=        0/s inflight=  1005 | p50= 177.15 p99=  403.46 p999=  493.57 ms | push=482176200 pop=363588500 lag=118587700 | errs push=1272 pop=0 empty=8047727 gor=5923 | ack=   732500/s ackErr=40000 ackAvg=103.36ms
[09:43:14] offered=   901600/s achieved=   862900/s shed=        0/s inflight=  1393 | p50= 168.96 p99=  387.07 p999=  477.18 ms | push=483039100 pop=364283500 lag=118755600 | errs push=1272 pop=0 empty=8057435 gor=6347 | ack=   676500/s ackErr=40000 ackAvg=103.36ms
[09:43:15] offered=   899100/s achieved=   928800/s shed=        0/s inflight=  1096 | p50= 156.67 p99=  382.98 p999=  460.80 ms | push=483967900 pop=364991000 lag=118976900 | errs push=1272 pop=0 empty=8068776 gor=5995 | ack=   741500/s ackErr=40000 ackAvg=103.37ms
[09:43:16] offered=   898600/s achieved=   803200/s shed=        0/s inflight=  2050 | p50= 173.06 p99=  415.74 p999=  501.76 ms | push=484771100 pop=365561000 lag=119210100 | errs push=1272 pop=0 empty=8081066 gor=6939 | ack=   568500/s ackErr=40000 ackAvg=103.38ms
[09:43:17] offered=   900900/s achieved=   983100/s shed=        0/s inflight=  1228 | p50= 193.54 p99=  444.42 p999=  552.96 ms | push=485754200 pop=366250000 lag=119504200 | errs push=1272 pop=0 empty=8102714 gor=7796 | ack=   655500/s ackErr=40000 ackAvg=103.40ms
[09:43:18] offered=   900500/s achieved=   860300/s shed=        0/s inflight=  1709 | p50= 144.38 p99=  333.82 p999=  407.55 ms | push=486614500 pop=366903000 lag=119711500 | errs push=1272 pop=0 empty=8113081 gor=6872 | ack=   680500/s ackErr=40000 ackAvg=103.40ms
[09:43:19] offered=   899400/s achieved=   938400/s shed=        0/s inflight=  1240 | p50= 154.62 p99=  411.65 p999=  501.76 ms | push=487552900 pop=367589000 lag=119963900 | errs push=1272 pop=0 empty=8129195 gor=6468 | ack=   666500/s ackErr=40000 ackAvg=103.42ms
[09:43:20] offered=   900600/s achieved=   917100/s shed=        0/s inflight=  1075 | p50= 125.44 p99=  292.86 p999=  366.59 ms | push=488470000 pop=368374500 lag=120095500 | errs push=1272 pop=0 empty=8138176 gor=6315 | ack=   779500/s ackErr=40000 ackAvg=103.40ms
[09:43:21] offered=   899700/s achieved=   876700/s shed=        0/s inflight=  1308 | p50= 146.43 p99=  387.07 p999=  481.28 ms | push=489346700 pop=369081000 lag=120265700 | errs push=1272 pop=0 empty=8149585 gor=6264 | ack=   733000/s ackErr=40000 ackAvg=103.42ms
[09:43:22] offered=   899500/s achieved=   900200/s shed=        0/s inflight=  1298 | p50= 144.38 p99=  350.21 p999=  436.22 ms | push=490246900 pop=369771000 lag=120475900 | errs push=1272 pop=0 empty=8169462 gor=7187 | ack=   677000/s ackErr=40000 ackAvg=103.44ms
[09:43:23] offered=   901000/s achieved=   761000/s shed=        0/s inflight=  2698 | p50= 346.11 p99=  856.06 p999= 1028.10 ms | push=491007900 pop=370030500 lag=120977400 | errs push=1272 pop=0 empty=8189417 gor=8676 | ack=   279000/s ackErr=40000 ackAvg=103.52ms
[09:43:24] offered=   898400/s achieved=  1046500/s shed=        0/s inflight=  1217 | p50= 160.77 p99=  468.99 p999=  561.15 ms | push=492054400 pop=370798000 lag=121256400 | errs push=1272 pop=0 empty=8198737 gor=6598 | ack=   753000/s ackErr=40000 ackAvg=103.52ms
[09:43:25] offered=   901000/s achieved=   870200/s shed=        0/s inflight=  1486 | p50= 140.29 p99=  317.44 p999=  391.17 ms | push=492924600 pop=371482500 lag=121442100 | errs push=1272 pop=0 empty=8206234 gor=6542 | ack=   668000/s ackErr=40000 ackAvg=103.51ms
[09:43:26] offered=   901500/s achieved=   937400/s shed=        0/s inflight=  1170 | p50= 138.24 p99=  333.82 p999=  399.36 ms | push=493862000 pop=372249500 lag=121612500 | errs push=1272 pop=0 empty=8219623 gor=6189 | ack=   778500/s ackErr=40000 ackAvg=103.52ms
[09:43:27] offered=   894000/s achieved=   855700/s shed=        0/s inflight=  1549 | p50= 166.91 p99=  387.07 p999=  485.38 ms | push=494717700 pop=372964500 lag=121753200 | errs push=1272 pop=0 empty=8228988 gor=6552 | ack=   689000/s ackErr=40000 ackAvg=103.53ms
[09:43:28] offered=   900400/s achieved=   873300/s shed=        0/s inflight=  1820 | p50= 150.53 p99=  366.59 p999=  452.61 ms | push=495591000 pop=373638500 lag=121952500 | errs push=1272 pop=0 empty=8243701 gor=6750 | ack=   710500/s ackErr=40000 ackAvg=103.55ms
[09:43:29] offered=   902800/s achieved=   950400/s shed=        0/s inflight=  1344 | p50= 144.38 p99=  313.34 p999=  382.98 ms | push=496541400 pop=374443000 lag=122098400 | errs push=1272 pop=0 empty=8251334 gor=6338 | ack=   772500/s ackErr=40000 ackAvg=103.56ms
[09:43:30] offered=   900800/s achieved=   900700/s shed=        0/s inflight=  1345 | p50= 158.72 p99=  366.59 p999=  460.80 ms | push=497442100 pop=375136000 lag=122306100 | errs push=1272 pop=0 empty=8261033 gor=6322 | ack=   701500/s ackErr=40000 ackAvg=103.57ms
[09:43:31] offered=   901300/s achieved=   902100/s shed=        0/s inflight=  1336 | p50= 148.48 p99=  370.69 p999=  423.94 ms | push=498344200 pop=375819000 lag=122525200 | errs push=1272 pop=0 empty=8270455 gor=6280 | ack=   699000/s ackErr=40000 ackAvg=103.58ms
[09:43:32] offered=   899200/s achieved=   861000/s shed=        0/s inflight=  1719 | p50= 150.53 p99=  395.26 p999=  456.70 ms | push=499205200 pop=376556000 lag=122649200 | errs push=1272 pop=0 empty=8283058 gor=6682 | ack=   728000/s ackErr=40000 ackAvg=103.58ms
[09:43:33] offered=   900000/s achieved=   959700/s shed=        0/s inflight=  1122 | p50= 136.19 p99=  325.63 p999=  403.46 ms | push=500164900 pop=377321000 lag=122843900 | errs push=1272 pop=0 empty=8297251 gor=6109 | ack=   753000/s ackErr=40000 ackAvg=103.58ms
[09:43:34] offered=   900700/s achieved=   275300/s shed=        0/s inflight=  7366 | p50= 536.58 p99=  872.45 p999=  921.60 ms | push=500440200 pop=377364000 lag=123076200 | errs push=1282 pop=0 empty=8358918 gor=26554 | ack=    94000/s ackErr=40000 ackAvg=103.71ms
[09:43:35] offered=   898500/s achieved=  1030700/s shed=        0/s inflight=  6044 | p50= 823.30 p99= 1679.36 p999= 1908.74 ms | push=501470900 pop=377529000 lag=123941900 | errs push=1282 pop=0 empty=8390214 gor=20990 | ack=   123500/s ackErr=40000 ackAvg=103.81ms
[09:43:36] offered=   901200/s achieved=  1405200/s shed=        0/s inflight=  1004 | p50= 276.48 p99= 1466.37 p999= 1662.98 ms | push=502876100 pop=378010500 lag=124865600 | errs push=1282 pop=0 empty=8404985 gor=7458 | ack=   526000/s ackErr=40000 ackAvg=103.89ms
[09:43:37] offered=   899700/s achieved=   891300/s shed=        0/s inflight=  1088 | p50= 146.43 p99=  301.06 p999=  370.69 ms | push=503767400 pop=378739000 lag=125028400 | errs push=1282 pop=0 empty=8415429 gor=6294 | ack=   682000/s ackErr=40000 ackAvg=103.89ms
[09:43:38] offered=   899400/s achieved=   849700/s shed=        0/s inflight=  1587 | p50= 185.34 p99=  419.84 p999=  514.05 ms | push=504617100 pop=379369000 lag=125248100 | errs push=1282 pop=0 empty=8429998 gor=6580 | ack=   615500/s ackErr=40000 ackAvg=103.91ms
[09:43:39] offered=   900800/s achieved=   889200/s shed=        0/s inflight=  1701 | p50= 179.20 p99=  444.42 p999=  561.15 ms | push=505506300 pop=379999000 lag=125507300 | errs push=1282 pop=0 empty=8438802 gor=7021 | ack=   653500/s ackErr=40000 ackAvg=103.93ms
[09:43:40] offered=   899800/s achieved=   897400/s shed=        0/s inflight=  1723 | p50= 160.77 p99=  378.88 p999=  464.90 ms | push=506403700 pop=380710000 lag=125693700 | errs push=1282 pop=0 empty=8447389 gor=6706 | ack=   715500/s ackErr=40000 ackAvg=103.93ms
[09:43:41] offered=   899800/s achieved=   944000/s shed=        0/s inflight=  1282 | p50= 156.67 p99=  399.36 p999=  481.28 ms | push=507347700 pop=381432500 lag=125915200 | errs push=1282 pop=0 empty=8457325 gor=6296 | ack=   704500/s ackErr=40000 ackAvg=103.93ms
[09:43:42] offered=   901200/s achieved=   877400/s shed=        0/s inflight=  1521 | p50= 134.14 p99=  325.63 p999=  387.07 ms | push=508225100 pop=382201000 lag=126024100 | errs push=1282 pop=0 empty=8466671 gor=6434 | ack=   819500/s ackErr=40000 ackAvg=103.93ms
[09:43:43] offered=   897800/s achieved=   946000/s shed=        0/s inflight=  1039 | p50= 146.43 p99=  358.40 p999=  423.94 ms | push=509171100 pop=382970500 lag=126200600 | errs push=1282 pop=0 empty=8478134 gor=6038 | ack=   726500/s ackErr=40000 ackAvg=103.94ms
[09:43:44] offered=   901500/s achieved=   847200/s shed=        0/s inflight=  1582 | p50= 134.14 p99=  321.54 p999=  403.46 ms | push=510018300 pop=383669500 lag=126348800 | errs push=1282 pop=0 empty=8489133 gor=6519 | ack=   701000/s ackErr=40000 ackAvg=103.93ms
[09:43:45] offered=   900000/s achieved=   812900/s shed=        0/s inflight=  2453 | p50= 191.49 p99=  428.03 p999=  501.76 ms | push=510831200 pop=384272000 lag=126559200 | errs push=1282 pop=0 empty=8516252 gor=9701 | ack=   608000/s ackErr=40000 ackAvg=103.95ms
[09:43:46] offered=   899000/s achieved=  1010700/s shed=        0/s inflight=  1337 | p50= 224.26 p99=  651.26 p999=  765.95 ms | push=511841900 pop=384804000 lag=127037900 | errs push=1282 pop=0 empty=8538738 gor=7081 | ack=   529000/s ackErr=40000 ackAvg=104.01ms
[09:43:47] offered=   896400/s achieved=   914000/s shed=        0/s inflight=  1160 | p50= 132.10 p99=  321.54 p999=  403.46 ms | push=512755900 pop=385550500 lag=127205400 | errs push=1282 pop=0 empty=8548039 gor=6738 | ack=   771000/s ackErr=40000 ackAvg=104.01ms
[09:43:48] offered=   902900/s achieved=   897000/s shed=        0/s inflight=  1219 | p50= 156.67 p99=  350.21 p999=  428.03 ms | push=513652900 pop=386249500 lag=127403400 | errs push=1282 pop=0 empty=8559626 gor=6294 | ack=   681500/s ackErr=40000 ackAvg=104.01ms
[09:43:49] offered=   900800/s achieved=   895600/s shed=        0/s inflight=  1271 | p50= 140.29 p99=  321.54 p999=  415.74 ms | push=514548500 pop=387003500 lag=127545000 | errs push=1282 pop=0 empty=8569443 gor=6387 | ack=   732500/s ackErr=40000 ackAvg=104.01ms
[09:43:50] offered=   898900/s achieved=   915000/s shed=        0/s inflight=  1110 | p50= 121.34 p99=  276.48 p999=  321.54 ms | push=515463500 pop=387808500 lag=127655000 | errs push=1282 pop=0 empty=8579309 gor=6177 | ack=   830000/s ackErr=40000 ackAvg=103.99ms
[09:43:51] offered=   901300/s achieved=   767800/s shed=        0/s inflight=  2446 | p50= 148.48 p99=  354.30 p999=  432.13 ms | push=516231300 pop=388421000 lag=127810300 | errs push=1282 pop=0 empty=8595451 gor=7477 | ack=   617000/s ackErr=40000 ackAvg=104.00ms
[09:43:52] offered=   900300/s achieved=   981400/s shed=        0/s inflight=  1634 | p50= 168.96 p99=  428.03 p999=  485.38 ms | push=517212700 pop=389187000 lag=128025700 | errs push=1282 pop=0 empty=8606741 gor=6617 | ack=   752000/s ackErr=40000 ackAvg=104.01ms
[09:43:53] offered=   900000/s achieved=   942600/s shed=        0/s inflight=  1208 | p50= 144.38 p99=  337.92 p999=  415.74 ms | push=518155300 pop=389959500 lag=128195800 | errs push=1282 pop=0 empty=8616080 gor=6229 | ack=   753500/s ackErr=40000 ackAvg=104.02ms
[09:43:54] offered=   900600/s achieved=   921000/s shed=        0/s inflight=  1004 | p50= 125.44 p99=  272.38 p999=  358.40 ms | push=519076300 pop=390765500 lag=128310800 | errs push=1282 pop=0 empty=8624130 gor=6006 | ack=   816000/s ackErr=40000 ackAvg=104.01ms
[09:43:55] offered=   899400/s achieved=   848100/s shed=        0/s inflight=  1517 | p50= 152.58 p99=  329.73 p999=  387.07 ms | push=519924400 pop=391465000 lag=128459400 | errs push=1282 pop=0 empty=8633640 gor=6483 | ack=   712000/s ackErr=40000 ackAvg=104.01ms
[09:43:56] offered=   900300/s achieved=   792100/s shed=        0/s inflight=  2599 | p50= 138.24 p99=  333.82 p999=  423.94 ms | push=520716500 pop=392068500 lag=128648000 | errs push=1282 pop=0 empty=8653798 gor=8454 | ack=   617000/s ackErr=40000 ackAvg=104.02ms
[09:43:57] offered=   897500/s achieved=   988000/s shed=        0/s inflight=  1699 | p50= 187.39 p99=  436.22 p999=  528.38 ms | push=521704500 pop=392771500 lag=128933000 | errs push=1282 pop=0 empty=8667398 gor=6746 | ack=   681500/s ackErr=40000 ackAvg=104.04ms
[09:43:58] offered=   902900/s achieved=   945600/s shed=        0/s inflight=  1267 | p50= 154.62 p99=  374.78 p999=  481.28 ms | push=522650100 pop=393487000 lag=129163100 | errs push=1282 pop=0 empty=8675555 gor=6225 | ack=   724000/s ackErr=40000 ackAvg=104.06ms
[09:43:59] offered=   898600/s achieved=   860600/s shed=        0/s inflight=  1643 | p50= 124.42 p99=  296.96 p999=  337.92 ms | push=523510700 pop=394241500 lag=129269200 | errs push=1282 pop=0 empty=8687592 gor=6659 | ack=   726000/s ackErr=40000 ackAvg=104.06ms
[09:44:00] offered=   900900/s achieved=   920100/s shed=        0/s inflight=  1455 | p50= 171.01 p99=  387.07 p999=  456.70 ms | push=524430800 pop=394933500 lag=129497300 | errs push=1282 pop=0 empty=8696755 gor=6415 | ack=   718500/s ackErr=40000 ackAvg=104.08ms
[09:44:01] offered=   899700/s achieved=   939200/s shed=        0/s inflight=  1060 | p50= 162.82 p99=  436.22 p999=  501.76 ms | push=525370000 pop=395596000 lag=129774000 | errs push=1282 pop=0 empty=8708199 gor=5972 | ack=   673500/s ackErr=40000 ackAvg=104.09ms
[09:44:02] offered=   900200/s achieved=   286300/s shed=        0/s inflight=  7179 | p50= 191.49 p99=  897.02 p999=  946.18 ms | push=525656300 pop=395778500 lag=129877800 | errs push=1302 pop=0 empty=8794291 gor=27327 | ack=   223500/s ackErr=40000 ackAvg=104.22ms
[final] offered=5265177 achieved=5256563 shed=0 (msgs: offered=526517700 achieved=525656300 shed=0) pushErr=1302 | pushed=525656300 popped=395778500 lag=129877800 | popErr=0 empty=8794291 | overall p50=154.62 p99=1073.15 p999=1794.05 ms | acked=395738500 ackErr=40000 ackLag=129917800 ackAvg=104.26ms
