ts,host_cores,host_cpu_pct,host_used_mb,disk_read_mbps,disk_write_mbps,net_rx_mbps,net_tx_mbps,load1
2026-08-23T20:15:12Z,0.698,17.4,668.2,0.00,0.00,0.00,0.00,2.27
2026-08-23T20:15:13Z,0.766,19.1,718.1,0.00,0.00,0.00,0.00,2.27
2026-08-23T20:15:14Z,0.761,19.0,736.5,0.00,0.00,0.00,0.00,2.27
2026-08-23T20:15:15Z,0.857,21.4,742.6,0.00,0.01,0.00,0.00,2.27
2026-08-23T20:15:16Z,0.745,18.6,748.1,0.00,0.21,0.00,0.00,2.27
2026-08-23T20:15:17Z,0.667,16.7,751.5,0.00,0.00,0.00,0.00,2.09
2026-08-23T20:15:18Z,0.706,17.6,751.6,0.00,0.00,0.00,0.00,2.09
2026-08-23T20:15:19Z,0.715,17.9,754.6,0.00,0.38,0.00,0.00,2.09
2026-08-23T20:15:20Z,0.640,16.0,757.5,0.00,0.00,0.00,0.00,2.09
2026-08-23T20:15:21Z,0.679,17.0,759.8,0.00,0.00,0.00,0.00,2.09
2026-08-23T20:15:22Z,0.686,17.2,759.4,0.00,0.00,0.00,0.00,1.92
2026-08-23T20:15:23Z,0.696,17.4,760.7,0.00,0.00,0.00,0.00,1.92
2026-08-23T20:15:24Z,0.677,16.9,763.9,0.00,0.00,0.00,0.00,1.92
2026-08-23T20:15:25Z,0.733,18.3,767.4,0.00,0.00,0.00,0.00,1.92
2026-08-23T20:15:26Z,0.696,17.4,767.8,0.00,0.00,0.00,0.00,1.77
2026-08-23T20:15:27Z,0.669,16.7,769.8,0.00,0.00,0.00,0.00,1.77
2026-08-23T20:15:28Z,0.637,15.9,772.9,0.00,0.00,0.00,0.00,1.77
2026-08-23T20:15:30Z,0.725,18.1,764.1,0.00,0.00,0.00,0.00,1.77
2026-08-23T20:15:31Z,0.869,21.7,764.7,0.00,0.00,0.00,0.00,1.77
2026-08-23T20:15:32Z,0.675,16.9,765.5,0.00,0.00,0.00,0.00,1.63
2026-08-23T20:15:33Z,1.058,26.5,774.3,0.00,0.17,0.00,0.00,1.63
2026-08-23T20:15:34Z,0.724,18.1,775.7,0.00,0.01,0.00,0.00,1.63
2026-08-23T20:15:35Z,0.745,18.6,778.4,0.00,0.01,0.00,0.00,1.63
2026-08-23T20:15:36Z,0.686,17.2,779.1,0.00,0.00,0.00,0.00,1.63
2026-08-23T20:15:37Z,0.756,18.9,771.5,0.00,0.00,0.00,0.00,1.58
2026-08-23T20:15:38Z,0.620,15.5,761.7,0.00,0.64,0.00,0.00,1.58
2026-08-23T20:15:39Z,0.723,18.1,763.9,0.00,0.00,0.00,0.00,1.58
2026-08-23T20:15:40Z,0.716,17.9,760.7,0.00,0.00,0.00,0.00,1.58
2026-08-23T20:15:41Z,0.697,17.4,760.6,0.00,0.00,0.00,0.00,1.58
2026-08-23T20:15:42Z,0.733,18.3,760.0,0.00,0.00,0.00,0.00,1.45
2026-08-23T20:15:43Z,0.783,19.6,760.5,0.00,0.00,0.00,0.00,1.45
2026-08-23T20:15:44Z,0.698,17.4,760.2,0.00,0.00,0.00,0.00,1.45
2026-08-23T20:15:45Z,0.669,16.7,760.0,0.00,0.00,0.00,0.00,1.45
2026-08-23T20:15:46Z,0.688,17.2,763.2,0.00,0.00,0.00,0.00,1.45
2026-08-23T20:15:47Z,0.706,17.6,764.9,0.00,0.01,0.00,0.00,1.41
2026-08-23T20:15:48Z,0.689,17.2,761.2,0.00,0.41,0.00,0.00,1.41
2026-08-23T20:15:49Z,0.747,18.7,757.4,0.00,0.00,0.00,0.00,1.41
2026-08-23T20:15:50Z,0.715,17.9,760.3,0.00,0.00,0.00,0.00,1.41
2026-08-23T20:15:51Z,0.668,16.7,761.8,0.00,0.00,0.00,0.00,1.41
2026-08-23T20:15:52Z,0.648,16.2,763.3,0.00,0.00,0.00,0.00,1.30
2026-08-23T20:15:53Z,0.674,16.9,764.8,0.00,0.15,0.00,0.00,1.30
2026-08-23T20:15:54Z,0.660,16.5,763.0,0.00,0.00,0.00,0.00,1.30
2026-08-23T20:15:55Z,0.716,17.9,765.2,0.00,0.00,0.00,0.00,1.30
2026-08-23T20:15:56Z,0.697,17.4,768.2,0.00,0.00,0.00,0.00,1.44
2026-08-23T20:15:57Z,0.738,18.4,769.0,0.00,0.00,0.00,0.00,1.44
2026-08-23T20:15:58Z,0.638,16.0,771.5,0.00,0.00,0.00,0.00,1.44
2026-08-23T20:15:59Z,0.754,18.9,774.2,0.00,0.00,0.00,0.00,1.44
2026-08-23T20:16:01Z,0.725,18.1,772.7,0.00,0.00,0.00,0.00,1.44
2026-08-23T20:16:02Z,0.676,16.9,776.1,0.00,0.00,0.00,0.00,1.32
2026-08-23T20:16:03Z,0.687,17.2,775.1,0.00,0.25,0.00,0.00,1.32
2026-08-23T20:16:04Z,0.649,16.2,772.7,0.00,0.00,0.00,0.00,1.32
2026-08-23T20:16:05Z,0.724,18.1,775.5,0.00,0.00,0.00,0.00,1.32
2026-08-23T20:16:06Z,0.725,18.1,777.2,0.00,0.00,0.00,0.00,1.32
2026-08-23T20:16:07Z,0.650,16.2,779.1,0.00,0.00,0.00,0.00,1.29
2026-08-23T20:16:08Z,0.670,16.8,767.5,0.00,0.00,0.00,0.00,1.29
2026-08-23T20:16:09Z,0.667,16.7,768.5,0.00,0.00,0.00,0.00,1.29
2026-08-23T20:16:10Z,0.737,18.4,768.4,0.00,0.21,0.00,0.00,1.29
2026-08-23T20:16:11Z,0.714,17.8,769.6,0.00,0.00,0.00,0.00,1.29
2026-08-23T20:16:12Z,0.627,15.7,761.9,0.00,0.00,0.00,0.00,1.19
2026-08-23T20:16:13Z,0.713,17.8,762.8,0.00,0.00,0.00,0.00,1.19
2026-08-23T20:16:14Z,0.688,17.2,764.0,0.00,0.00,0.00,0.00,1.19
2026-08-23T20:16:15Z,0.725,18.1,763.3,0.00,0.00,0.00,0.00,1.19
2026-08-23T20:16:16Z,0.688,17.2,763.5,0.00,0.15,0.00,0.00,1.19
2026-08-23T20:16:17Z,0.707,17.7,764.2,0.00,0.00,0.00,0.00,1.26
2026-08-23T20:16:18Z,0.687,17.2,765.0,0.00,0.01,0.00,0.00,1.26
2026-08-23T20:16:19Z,0.705,17.6,766.2,0.00,0.00,0.00,0.00,1.26
2026-08-23T20:16:20Z,0.698,17.4,766.6,0.00,0.00,0.00,0.00,1.26
2026-08-23T20:16:21Z,0.697,17.4,769.4,0.00,0.00,0.00,0.00,1.26
2026-08-23T20:16:22Z,0.706,17.6,768.3,0.00,0.00,0.00,0.00,1.32
2026-08-23T20:16:23Z,0.677,16.9,768.9,0.00,0.00,0.00,0.00,1.32
2026-08-23T20:16:24Z,0.668,16.7,766.9,0.00,0.00,0.00,0.00,1.32
2026-08-23T20:16:25Z,0.648,16.2,760.4,0.00,0.00,0.00,0.00,1.32
2026-08-23T20:16:26Z,0.675,16.9,763.6,0.00,0.00,0.00,0.00,1.53
2026-08-23T20:16:27Z,0.688,17.2,764.7,0.00,0.00,0.00,0.00,1.53
2026-08-23T20:16:28Z,0.685,17.1,765.4,0.00,0.00,0.00,0.00,1.53
2026-08-23T20:16:29Z,0.687,17.2,765.9,0.00,0.00,0.00,0.00,1.53
2026-08-23T20:16:30Z,0.686,17.2,755.9,0.00,0.17,0.00,0.00,1.53
2026-08-23T20:16:32Z,0.628,15.7,757.7,0.00,0.00,0.00,0.00,1.89
2026-08-23T20:16:33Z,0.610,15.2,758.9,0.00,0.00,0.00,0.00,1.89
2026-08-23T20:16:34Z,0.676,16.9,758.8,0.00,0.12,0.00,0.00,1.89
2026-08-23T20:16:35Z,0.693,17.3,760.5,0.00,0.00,0.00,0.00,1.89
2026-08-23T20:16:36Z,0.694,17.3,760.4,0.00,0.01,0.00,0.00,1.89
2026-08-23T20:16:37Z,0.733,18.3,759.8,0.00,0.00,0.00,0.00,1.74
2026-08-23T20:16:38Z,0.638,16.0,761.8,0.00,0.00,0.00,0.00,1.74
2026-08-23T20:16:39Z,0.693,17.3,762.0,0.00,0.17,0.00,0.00,1.74
2026-08-23T20:16:40Z,0.666,16.7,762.0,0.00,0.00,0.00,0.00,1.74
2026-08-23T20:16:41Z,0.682,17.1,755.5,0.00,0.00,0.00,0.00,1.74
2026-08-23T20:16:42Z,0.741,18.5,755.4,0.00,0.00,0.00,0.00,2.24
2026-08-23T20:16:43Z,0.714,17.8,758.6,0.00,0.00,0.00,0.00,2.24
2026-08-23T20:16:44Z,0.716,17.9,761.0,0.00,0.00,0.00,0.00,2.24
2026-08-23T20:16:45Z,0.730,18.2,761.7,0.00,0.00,0.00,0.00,2.24
2026-08-23T20:16:46Z,0.730,18.2,758.4,0.00,0.00,0.00,0.00,2.24
2026-08-23T20:16:47Z,0.702,17.5,759.6,0.00,0.15,0.00,0.00,2.06
2026-08-23T20:16:48Z,0.646,16.2,764.0,0.00,0.00,0.00,0.00,2.06
2026-08-23T20:16:49Z,0.731,18.3,765.7,0.00,0.00,0.00,0.00,2.06
2026-08-23T20:16:50Z,0.725,18.1,759.8,0.00,0.00,0.00,0.00,2.06
2026-08-23T20:16:51Z,0.664,16.6,762.4,0.00,0.00,0.00,0.00,2.06
2026-08-23T20:16:52Z,0.733,18.3,764.4,0.00,0.00,0.00,0.00,1.97
2026-08-23T20:16:53Z,0.759,19.0,764.3,0.00,0.00,0.00,0.00,1.97
2026-08-23T20:16:54Z,0.712,17.8,765.5,0.00,0.00,0.00,0.00,1.97
2026-08-23T20:16:55Z,0.676,16.9,765.0,0.00,0.20,0.00,0.00,1.97
2026-08-23T20:16:56Z,0.753,18.8,766.4,0.00,0.00,0.00,0.00,1.90
2026-08-23T20:16:57Z,0.731,18.3,767.6,0.00,0.00,0.00,0.00,1.90
2026-08-23T20:16:59Z,0.724,18.1,764.3,0.00,0.00,0.00,0.00,1.90
2026-08-23T20:17:00Z,0.753,18.8,765.9,0.00,0.00,0.00,0.00,1.90
2026-08-23T20:17:01Z,0.686,17.2,765.1,0.00,0.00,0.00,0.00,1.90
2026-08-23T20:17:02Z,0.722,18.1,765.6,0.00,0.00,0.00,0.00,1.82
2026-08-23T20:17:03Z,0.694,17.3,765.5,0.00,0.00,0.00,0.00,1.82
2026-08-23T20:17:04Z,0.700,17.5,764.6,0.00,0.06,0.00,0.00,1.82
2026-08-23T20:17:05Z,0.705,17.6,765.6,0.00,0.00,0.00,0.00,1.82
2026-08-23T20:17:06Z,0.744,18.6,767.0,0.00,0.34,0.00,0.00,1.82
2026-08-23T20:17:07Z,0.665,16.6,768.4,0.00,0.00,0.00,0.00,1.68
2026-08-23T20:17:08Z,0.724,18.1,770.1,0.00,0.00,0.00,0.00,1.68
2026-08-23T20:17:09Z,0.753,18.8,771.0,0.00,0.00,0.00,0.00,1.68
2026-08-23T20:17:10Z,0.722,18.1,770.2,0.00,0.00,0.00,0.00,1.68
2026-08-23T20:17:11Z,0.705,17.6,768.0,0.00,0.00,0.00,0.00,1.68
2026-08-23T20:17:12Z,0.726,18.1,761.0,0.00,0.00,0.00,0.00,1.54
2026-08-23T20:17:13Z,0.744,18.6,763.0,0.00,0.00,0.00,0.00,1.54
2026-08-23T20:17:14Z,0.657,16.4,764.0,0.00,0.00,0.00,0.00,1.54
2026-08-23T20:17:15Z,0.761,19.0,763.7,0.00,0.00,0.00,0.00,1.54
2026-08-23T20:17:16Z,0.713,17.8,764.6,0.00,0.16,0.00,0.00,1.54
2026-08-23T20:17:17Z,0.705,17.6,763.2,0.00,0.00,0.00,0.00,1.50
2026-08-23T20:17:18Z,0.696,17.4,765.4,0.00,0.00,0.00,0.00,1.50
2026-08-23T20:17:19Z,0.761,19.0,763.1,0.00,0.00,0.00,0.00,1.50
2026-08-23T20:17:20Z,0.763,19.1,765.8,0.00,0.00,0.00,0.00,1.50
2026-08-23T20:17:21Z,0.656,16.4,766.6,0.00,0.00,0.00,0.00,1.62
2026-08-23T20:17:22Z,0.705,17.6,762.6,0.00,0.00,0.00,0.00,1.62
2026-08-23T20:17:23Z,0.734,18.4,762.6,0.00,0.00,0.00,0.00,1.62
2026-08-23T20:17:24Z,0.687,17.2,760.0,0.00,0.20,0.00,0.00,1.62
2026-08-23T20:17:25Z,0.723,18.1,762.7,0.00,0.00,0.00,0.00,1.62
2026-08-23T20:17:26Z,0.677,16.9,765.1,0.00,0.00,0.00,0.00,1.57
2026-08-23T20:17:28Z,0.715,17.9,765.9,0.00,0.00,0.00,0.00,1.57
2026-08-23T20:17:29Z,0.658,16.4,768.7,0.00,0.00,0.00,0.00,1.57
2026-08-23T20:17:30Z,0.698,17.4,767.0,0.00,0.00,0.00,0.00,1.57
2026-08-23T20:17:31Z,0.771,19.3,769.8,0.00,0.00,0.00,0.00,1.57
2026-08-23T20:17:32Z,0.734,18.4,766.7,0.00,0.00,0.00,0.00,1.68
2026-08-23T20:17:33Z,0.688,17.2,767.5,0.00,0.00,0.00,0.00,1.68
2026-08-23T20:17:34Z,0.707,17.7,767.8,0.00,0.08,0.00,0.00,1.68
2026-08-23T20:17:35Z,0.697,17.4,768.8,0.00,0.19,0.00,0.00,1.68
2026-08-23T20:17:36Z,0.658,16.4,769.7,0.00,0.00,0.00,0.00,1.68
2026-08-23T20:17:37Z,0.744,18.6,770.7,0.00,0.00,0.00,0.00,1.63
2026-08-23T20:17:38Z,0.706,17.6,770.8,0.00,0.00,0.00,0.00,1.63
2026-08-23T20:17:39Z,0.725,18.1,771.3,0.00,0.01,0.00,0.00,1.63
2026-08-23T20:17:40Z,0.676,16.9,769.6,0.00,0.00,0.00,0.00,1.63
2026-08-23T20:17:41Z,0.736,18.4,768.7,0.00,0.00,0.00,0.00,1.63
2026-08-23T20:17:42Z,0.724,18.1,769.5,0.00,0.00,0.00,0.00,1.50
2026-08-23T20:17:43Z,0.725,18.1,763.9,0.00,0.00,0.00,0.00,1.50
2026-08-23T20:17:44Z,0.735,18.4,762.3,0.00,0.00,0.00,0.00,1.50
2026-08-23T20:17:45Z,0.707,17.7,762.9,0.00,0.25,0.00,0.00,1.50
2026-08-23T20:17:46Z,0.698,17.4,763.6,0.00,0.00,0.00,0.00,1.50
2026-08-23T20:17:47Z,0.696,17.4,763.4,0.00,0.00,0.00,0.00,1.38
2026-08-23T20:17:48Z,0.677,16.9,762.8,0.00,0.00,0.00,0.00,1.38
2026-08-23T20:17:49Z,0.696,17.4,764.3,0.00,0.00,0.00,0.00,1.38
2026-08-23T20:17:50Z,0.704,17.6,765.0,0.00,0.00,0.00,0.00,1.38
2026-08-23T20:17:51Z,0.715,17.9,765.6,0.00,0.01,0.00,0.00,1.35
2026-08-23T20:17:52Z,0.726,18.1,767.2,0.00,0.00,0.00,0.00,1.35
2026-08-23T20:17:53Z,0.718,17.9,765.2,0.00,0.00,0.00,0.00,1.35
2026-08-23T20:17:54Z,0.727,18.2,765.6,0.00,0.00,0.00,0.00,1.35
2026-08-23T20:17:55Z,0.677,16.9,764.4,0.00,0.17,0.00,0.00,1.35
2026-08-23T20:17:56Z,0.725,18.1,763.8,0.00,0.00,0.00,0.00,1.24
2026-08-23T20:17:58Z,0.648,16.2,764.8,0.00,0.00,0.00,0.00,1.24
2026-08-23T20:17:59Z,0.708,17.7,763.5,0.00,0.00,0.00,0.00,1.24
2026-08-23T20:18:00Z,0.717,17.9,762.3,0.00,0.00,0.00,0.00,1.24
2026-08-23T20:18:01Z,0.735,18.4,761.8,0.00,0.00,0.00,0.00,1.24
2026-08-23T20:18:02Z,0.684,17.1,762.0,0.00,0.00,0.00,0.00,1.38
2026-08-23T20:18:03Z,0.725,18.1,762.2,0.00,0.00,0.00,0.00,1.38
2026-08-23T20:18:04Z,0.695,17.4,760.3,0.00,0.00,0.00,0.00,1.38
2026-08-23T20:18:05Z,0.735,18.4,760.6,0.00,0.23,0.00,0.00,1.38
2026-08-23T20:18:06Z,0.714,17.8,755.4,0.00,0.00,0.00,0.00,1.38
2026-08-23T20:18:07Z,0.657,16.4,756.6,0.00,0.00,0.00,0.00,1.27
2026-08-23T20:18:08Z,0.714,17.8,757.8,0.00,0.00,0.00,0.00,1.27
2026-08-23T20:18:09Z,0.687,17.2,761.0,0.00,0.00,0.00,0.00,1.27
2026-08-23T20:18:10Z,0.801,20.0,763.5,0.00,0.02,0.00,0.00,1.27
2026-08-23T20:18:11Z,0.755,18.9,764.3,0.00,0.21,0.00,0.00,1.27
2026-08-23T20:18:12Z,0.745,18.6,763.8,0.00,0.00,0.00,0.00,1.17
2026-08-23T20:18:13Z,0.771,19.3,761.1,0.00,0.00,0.00,0.00,1.17
2026-08-23T20:18:14Z,0.745,18.6,762.9,0.00,0.00,0.00,0.00,1.17
2026-08-23T20:18:15Z,0.735,18.4,760.2,0.00,0.00,0.00,0.00,1.17
2026-08-23T20:18:16Z,0.773,19.3,761.0,0.00,0.00,0.00,0.00,1.17
2026-08-23T20:18:17Z,0.739,18.5,762.5,0.00,0.00,0.00,0.00,2.36
2026-08-23T20:18:18Z,0.716,17.9,758.8,0.00,0.16,0.00,0.00,2.36
2026-08-23T20:18:19Z,0.745,18.6,761.3,0.00,0.00,0.00,0.00,2.36
2026-08-23T20:18:20Z,0.733,18.3,762.0,0.00,0.00,0.00,0.00,2.36
2026-08-23T20:18:21Z,0.745,18.6,763.0,0.00,0.00,0.00,0.00,2.36
2026-08-23T20:18:22Z,0.753,18.8,765.0,0.00,0.00,0.00,0.00,2.41
2026-08-23T20:18:23Z,0.706,17.6,765.4,0.00,0.00,0.00,0.00,2.41
2026-08-23T20:18:24Z,0.696,17.4,757.3,0.00,0.18,0.00,0.00,2.41
2026-08-23T20:18:25Z,0.725,18.1,759.5,0.00,0.00,0.00,0.00,2.41
2026-08-23T20:18:26Z,0.716,17.9,760.3,0.00,0.00,0.00,0.00,2.21
2026-08-23T20:18:28Z,0.706,17.6,758.0,0.00,0.00,0.00,0.00,2.21
2026-08-23T20:18:29Z,0.648,16.2,759.1,0.00,0.00,0.00,0.00,2.21
2026-08-23T20:18:30Z,0.783,19.6,760.8,0.00,0.00,0.00,0.00,2.21
2026-08-23T20:18:31Z,0.782,19.6,760.4,0.00,0.00,0.00,0.00,2.21
2026-08-23T20:18:32Z,0.716,17.9,762.8,0.00,0.00,0.00,0.00,2.20
2026-08-23T20:18:33Z,0.737,18.4,762.9,0.00,0.17,0.00,0.00,2.20
2026-08-23T20:18:34Z,0.677,16.9,765.4,0.00,0.00,0.00,0.00,2.20
2026-08-23T20:18:35Z,0.733,18.3,764.9,0.00,0.05,0.00,0.00,2.20
2026-08-23T20:18:36Z,0.697,17.4,765.6,0.00,0.00,0.00,0.00,2.20
2026-08-23T20:18:37Z,0.745,18.6,764.5,0.00,0.00,0.00,0.00,2.02
2026-08-23T20:18:38Z,0.686,17.2,765.3,0.00,0.00,0.00,0.00,2.02
2026-08-23T20:18:39Z,0.754,18.9,763.9,0.00,0.02,0.00,0.00,2.02
2026-08-23T20:18:40Z,0.820,20.5,765.4,0.00,0.01,0.00,0.00,2.02
2026-08-23T20:18:41Z,0.773,19.3,764.5,0.00,0.00,0.00,0.00,2.02
2026-08-23T20:18:42Z,0.706,17.6,765.4,0.00,0.00,0.00,0.00,1.86
2026-08-23T20:18:43Z,0.676,16.9,766.4,0.00,0.00,0.00,0.00,1.86
2026-08-23T20:18:44Z,0.706,17.6,757.8,0.00,0.00,0.00,0.00,1.86
2026-08-23T20:18:45Z,0.724,18.1,759.2,0.00,0.20,0.00,0.00,1.86
2026-08-23T20:18:46Z,0.714,17.8,760.4,0.00,0.00,0.00,0.00,1.86
2026-08-23T20:18:47Z,0.705,17.6,760.9,0.00,0.00,0.00,0.00,1.71
2026-08-23T20:18:48Z,0.735,18.4,761.9,0.00,0.00,0.00,0.00,1.71
2026-08-23T20:18:49Z,0.764,19.1,765.9,0.00,0.00,0.00,0.00,1.71
2026-08-23T20:18:50Z,0.802,20.1,760.0,0.00,0.00,0.00,0.00,1.71
2026-08-23T20:18:51Z,0.734,18.4,760.5,0.00,0.00,0.00,0.00,1.71
2026-08-23T20:18:52Z,0.792,19.8,759.1,0.00,0.00,0.00,0.00,1.65
2026-08-23T20:18:53Z,0.726,18.1,760.2,0.00,0.01,0.00,0.00,1.65
2026-08-23T20:18:54Z,0.745,18.6,760.6,0.00,0.00,0.00,0.00,1.65
2026-08-23T20:18:55Z,0.735,18.4,761.5,0.00,0.14,0.00,0.00,1.65
2026-08-23T20:18:56Z,0.697,17.4,760.3,0.00,0.00,0.00,0.00,1.68
2026-08-23T20:18:57Z,0.707,17.7,760.1,0.00,0.00,0.00,0.00,1.68
2026-08-23T20:18:59Z,0.735,18.4,754.4,0.00,0.00,0.00,0.00,1.68
2026-08-23T20:19:00Z,0.792,19.8,756.7,0.00,0.00,0.00,0.00,1.68
2026-08-23T20:19:01Z,0.735,18.4,755.2,0.00,0.00,0.00,0.00,1.68
2026-08-23T20:19:02Z,0.716,17.9,755.2,0.00,0.00,0.00,0.00,1.55
2026-08-23T20:19:03Z,0.745,18.6,754.4,0.00,0.00,0.00,0.00,1.55
2026-08-23T20:19:04Z,0.743,18.6,756.1,0.00,0.16,0.00,0.00,1.55
2026-08-23T20:19:05Z,0.764,19.1,754.0,0.00,0.04,0.00,0.00,1.55
2026-08-23T20:19:06Z,0.746,18.6,755.8,0.00,0.00,0.00,0.00,1.55
2026-08-23T20:19:07Z,0.715,17.9,755.9,0.00,0.00,0.00,0.00,1.74
2026-08-23T20:19:08Z,0.774,19.4,759.0,0.00,0.00,0.00,0.00,1.74
2026-08-23T20:19:09Z,0.743,18.6,761.5,0.00,0.00,0.00,0.00,1.74
2026-08-23T20:19:10Z,0.753,18.8,761.2,0.00,0.18,0.00,0.00,1.74
2026-08-23T20:19:11Z,0.715,17.9,759.1,0.00,0.01,0.00,0.00,1.74
2026-08-23T20:19:12Z,0.774,19.4,760.8,0.00,0.00,0.00,0.00,1.60
2026-08-23T20:19:13Z,0.734,18.4,763.0,0.00,0.00,0.00,0.00,1.60
2026-08-23T20:19:14Z,0.735,18.4,758.1,0.00,0.00,0.00,0.00,1.60
2026-08-23T20:19:15Z,0.781,19.5,759.1,0.00,0.00,0.00,0.00,1.60
2026-08-23T20:19:16Z,0.676,16.9,759.6,0.00,0.00,0.00,0.00,1.60
2026-08-23T20:19:17Z,0.737,18.4,756.0,0.00,0.00,0.00,0.00,1.47
2026-08-23T20:19:18Z,0.685,17.1,758.9,0.00,0.00,0.00,0.00,1.47
2026-08-23T20:19:19Z,0.791,19.8,759.4,0.00,0.00,0.00,0.00,1.47
2026-08-23T20:19:20Z,0.722,18.1,761.1,0.00,0.00,0.00,0.00,1.47
2026-08-23T20:19:21Z,0.665,16.6,763.1,0.00,0.27,0.00,0.00,1.47
2026-08-23T20:19:22Z,0.668,16.7,763.1,0.00,0.00,0.00,0.00,1.44
2026-08-23T20:19:23Z,0.716,17.9,761.5,0.00,0.00,0.00,0.00,1.44
2026-08-23T20:19:24Z,0.734,18.4,759.1,0.00,0.00,0.00,0.00,1.44
2026-08-23T20:19:25Z,0.744,18.6,753.7,0.00,0.00,0.00,0.00,1.44
2026-08-23T20:19:26Z,0.720,18.0,755.6,0.00,0.00,0.00,0.00,1.32
2026-08-23T20:19:28Z,0.792,19.8,755.0,0.00,0.00,0.00,0.00,1.32
2026-08-23T20:19:29Z,0.714,17.8,757.9,0.00,0.00,0.00,0.00,1.32
2026-08-23T20:19:30Z,0.676,16.9,758.3,0.00,0.00,0.00,0.00,1.32
2026-08-23T20:19:31Z,0.780,19.5,754.5,0.00,0.20,0.00,0.00,1.32
2026-08-23T20:19:32Z,0.743,18.6,757.0,0.00,0.00,0.00,0.00,1.30
2026-08-23T20:19:33Z,0.767,19.2,756.5,0.00,0.26,0.00,0.00,1.30
2026-08-23T20:19:34Z,0.706,17.6,758.2,0.00,0.00,0.00,0.00,1.30
2026-08-23T20:19:35Z,0.745,18.6,758.8,0.00,0.00,0.00,0.00,1.30
2026-08-23T20:19:36Z,0.715,17.9,758.1,0.00,0.17,0.00,0.00,1.30
2026-08-23T20:19:37Z,0.648,16.2,758.1,0.00,0.02,0.00,0.00,1.19
2026-08-23T20:19:38Z,0.666,16.7,755.6,0.00,0.00,0.00,0.00,1.19
2026-08-23T20:19:39Z,0.732,18.3,756.1,0.00,0.00,0.00,0.00,1.19
2026-08-23T20:19:40Z,0.704,17.6,758.8,0.00,0.00,0.00,0.00,1.19
2026-08-23T20:19:41Z,0.743,18.6,757.9,0.00,0.00,0.00,0.00,1.19
2026-08-23T20:19:42Z,0.713,17.8,755.4,0.00,0.00,0.00,0.00,1.10
2026-08-23T20:19:43Z,0.754,18.9,757.2,0.00,0.00,0.00,0.00,1.10
2026-08-23T20:19:44Z,1.080,27.0,786.4,0.00,0.23,0.00,0.00,1.10
2026-08-23T20:19:45Z,0.732,18.3,783.4,0.00,0.00,0.00,0.00,1.10
2026-08-23T20:19:46Z,0.707,17.7,773.3,0.00,0.00,0.00,0.00,1.10
2026-08-23T20:19:47Z,0.733,18.3,759.0,0.00,0.00,0.00,0.00,1.01
2026-08-23T20:19:48Z,0.695,17.4,755.2,0.00,0.00,0.00,0.00,1.01
2026-08-23T20:19:49Z,0.739,18.5,757.2,0.00,0.42,0.00,0.00,1.01
2026-08-23T20:19:50Z,0.682,17.1,758.8,0.00,0.00,0.00,0.00,1.01
2026-08-23T20:19:51Z,0.714,17.8,757.8,0.00,0.00,0.00,0.00,1.09
2026-08-23T20:19:52Z,0.696,17.4,755.6,0.00,0.00,0.00,0.00,1.09
2026-08-23T20:19:53Z,0.789,19.7,759.0,0.00,0.00,0.00,0.00,1.09
2026-08-23T20:19:54Z,0.777,19.4,755.4,0.00,0.00,0.00,0.00,1.09
2026-08-23T20:19:56Z,0.750,18.8,758.3,0.00,0.01,0.00,0.00,1.09
2026-08-23T20:19:57Z,0.683,17.1,758.3,0.00,0.00,0.00,0.00,1.08
2026-08-23T20:19:58Z,0.666,16.7,761.5,0.00,0.49,0.00,0.00,1.08
2026-08-23T20:19:59Z,0.721,18.0,762.4,0.00,0.00,0.00,0.00,1.08
2026-08-23T20:20:00Z,0.765,19.1,760.6,0.00,0.00,0.00,0.00,1.08
2026-08-23T20:20:01Z,0.731,18.3,762.3,0.00,0.00,0.00,0.00,1.08
2026-08-23T20:20:02Z,0.694,17.3,765.3,0.00,0.00,0.00,0.00,0.99
2026-08-23T20:20:03Z,0.703,17.6,765.5,0.00,0.08,0.00,0.00,0.99
2026-08-23T20:20:04Z,0.675,16.9,766.5,0.00,0.00,0.00,0.00,0.99
2026-08-23T20:20:05Z,0.732,18.3,768.4,0.00,0.00,0.00,0.00,0.99
2026-08-23T20:20:06Z,0.676,16.9,763.9,0.00,0.00,0.00,0.00,0.99
2026-08-23T20:20:07Z,0.769,19.2,765.1,0.00,0.00,0.00,0.00,0.91
2026-08-23T20:20:08Z,0.819,20.5,764.7,0.00,0.05,0.00,0.00,0.91
2026-08-23T20:20:09Z,0.725,18.1,764.1,0.00,0.00,0.00,0.00,0.91
2026-08-23T20:20:10Z,0.704,17.6,763.6,0.00,0.57,0.00,0.00,0.91
2026-08-23T20:20:11Z,0.664,16.6,766.9,0.00,0.01,0.00,0.00,0.91
2026-08-23T20:20:12Z,0.733,18.3,763.1,0.00,0.47,0.00,0.00,0.84
2026-08-23T20:20:13Z,0.693,17.3,763.9,0.00,0.01,0.00,0.00,0.84
2026-08-23T20:20:14Z,0.713,17.8,763.6,0.00,0.00,0.00,0.00,0.84
2026-08-23T20:20:15Z,0.701,17.5,764.2,0.00,0.00,0.00,0.00,0.84
2026-08-23T20:20:16Z,0.684,17.1,765.8,0.00,0.00,0.00,0.00,0.84
2026-08-23T20:20:17Z,0.712,17.8,763.9,0.00,0.03,0.00,0.00,0.77
2026-08-23T20:20:18Z,0.684,17.1,765.0,0.00,0.00,0.00,0.00,0.77
2026-08-23T20:20:19Z,0.769,19.2,765.8,0.00,0.00,0.00,0.00,0.77
2026-08-23T20:20:20Z,0.690,17.2,763.0,0.00,0.00,0.00,0.00,0.77
2026-08-23T20:20:21Z,0.673,16.8,764.7,0.00,0.11,0.00,0.00,0.71
2026-08-23T20:20:23Z,0.702,17.5,763.7,0.00,0.23,0.00,0.00,0.71
2026-08-23T20:20:24Z,0.731,18.3,765.6,0.00,0.00,0.00,0.00,0.71
2026-08-23T20:20:25Z,0.714,17.8,764.5,0.00,0.01,0.00,0.00,0.71
2026-08-23T20:20:26Z,0.713,17.8,764.6,0.00,0.00,0.00,0.00,0.71
2026-08-23T20:20:27Z,0.684,17.1,766.1,0.00,0.00,0.00,0.00,0.65
2026-08-23T20:20:28Z,0.772,19.3,767.3,0.00,0.00,0.00,0.00,0.65
2026-08-23T20:20:29Z,0.792,19.8,764.8,0.00,0.00,0.01,0.00,0.65
2026-08-23T20:20:30Z,0.824,20.6,758.1,0.00,0.00,0.00,0.00,0.65
2026-08-23T20:20:31Z,0.783,19.6,758.1,0.00,0.00,0.00,0.00,0.65
2026-08-23T20:20:32Z,0.702,17.5,757.9,0.00,0.00,0.00,0.00,0.60
2026-08-23T20:20:33Z,0.749,18.7,758.2,0.00,0.00,0.00,0.00,0.60
2026-08-23T20:20:34Z,0.694,17.3,758.9,0.00,0.60,0.00,0.00,0.60
2026-08-23T20:20:35Z,0.686,17.2,760.9,0.00,0.00,0.00,0.00,0.60
2026-08-23T20:20:36Z,0.675,16.9,754.4,0.00,0.00,0.00,0.00,0.60
2026-08-23T20:20:37Z,0.798,20.0,747.7,0.00,0.00,0.01,0.00,1.19
2026-08-23T20:20:38Z,0.681,17.0,749.4,0.00,0.00,0.00,0.00,1.19
2026-08-23T20:20:39Z,0.713,17.8,748.5,0.00,0.00,0.00,0.00,1.19
2026-08-23T20:20:40Z,0.686,17.2,749.2,0.00,0.01,0.00,0.00,1.19
2026-08-23T20:20:41Z,0.712,17.8,750.4,0.00,0.00,0.00,0.00,1.19
2026-08-23T20:20:42Z,0.693,17.3,749.9,0.00,0.00,0.00,0.00,1.10
2026-08-23T20:20:43Z,0.718,17.9,746.3,0.00,0.10,0.00,0.00,1.10
2026-08-23T20:20:44Z,0.723,18.1,747.9,0.00,0.00,0.00,0.00,1.10
2026-08-23T20:20:45Z,0.687,17.2,748.8,0.00,0.46,0.00,0.00,1.10
2026-08-23T20:20:46Z,0.744,18.6,748.8,0.00,0.00,0.00,0.00,1.01
2026-08-23T20:20:47Z,0.759,19.0,749.0,0.00,0.06,0.00,0.00,1.01
2026-08-23T20:20:49Z,0.681,17.0,749.5,0.00,0.01,0.00,0.00,1.01
2026-08-23T20:20:50Z,0.723,18.1,747.4,0.00,0.00,0.00,0.00,1.01
2026-08-23T20:20:51Z,0.685,17.1,749.4,0.00,0.00,0.00,0.00,1.01
2026-08-23T20:20:52Z,0.713,17.8,750.3,0.00,0.00,0.00,0.00,1.17
2026-08-23T20:20:53Z,0.711,17.8,751.5,0.00,0.00,0.00,0.00,1.17
2026-08-23T20:20:54Z,0.675,16.9,751.3,0.00,0.00,0.00,0.00,1.17
2026-08-23T20:20:55Z,0.779,19.5,751.5,0.00,0.01,0.00,0.00,1.17
2026-08-23T20:20:56Z,0.760,19.0,753.0,0.00,0.00,0.00,0.00,1.17
2026-08-23T20:20:57Z,0.693,17.3,753.7,0.00,0.00,0.00,0.00,1.08
2026-08-23T20:20:58Z,0.675,16.9,753.5,0.00,0.00,0.00,0.00,1.08
2026-08-23T20:20:59Z,0.721,18.0,755.0,0.00,0.00,0.00,0.00,1.08
2026-08-23T20:21:00Z,0.780,19.5,755.5,0.00,0.19,0.00,0.00,1.08
2026-08-23T20:21:01Z,0.761,19.0,753.9,0.00,0.00,0.00,0.00,1.08
2026-08-23T20:21:02Z,0.685,17.1,754.9,0.00,0.00,0.00,0.00,0.99
2026-08-23T20:21:03Z,0.684,17.1,755.3,0.00,0.01,0.00,0.00,0.99
2026-08-23T20:21:04Z,0.723,18.1,748.2,0.00,0.00,0.00,0.00,0.99
2026-08-23T20:21:05Z,0.675,16.9,749.5,0.00,0.00,0.00,0.00,0.99
2026-08-23T20:21:06Z,0.676,16.9,751.5,0.00,0.00,0.00,0.00,0.99
2026-08-23T20:21:07Z,0.792,19.8,748.0,0.00,0.00,0.00,0.00,1.07
2026-08-23T20:21:08Z,0.713,17.8,748.4,0.00,0.00,0.00,0.00,1.07
2026-08-23T20:21:09Z,0.677,16.9,749.6,0.00,0.00,0.00,0.00,1.07
2026-08-23T20:21:10Z,1.178,29.4,780.6,0.00,0.17,0.00,0.00,1.07
2026-08-23T20:21:11Z,0.740,18.5,775.7,0.00,0.00,0.00,0.00,1.07
2026-08-23T20:21:12Z,0.703,17.6,769.3,0.00,0.00,0.00,0.00,1.39
2026-08-23T20:21:13Z,0.759,19.0,767.7,0.00,0.07,0.00,0.00,1.39
2026-08-23T20:21:14Z,0.732,18.3,766.9,0.00,0.00,0.00,0.00,1.39
2026-08-23T20:21:15Z,0.739,18.5,764.2,0.00,0.01,0.00,0.00,1.39
2026-08-23T20:21:17Z,0.760,19.0,765.0,0.00,0.00,0.00,0.00,1.27
2026-08-23T20:21:18Z,0.665,16.6,765.6,0.00,0.03,0.00,0.00,1.27
2026-08-23T20:21:19Z,0.770,19.2,755.9,0.00,0.00,0.00,0.00,1.27
2026-08-23T20:21:20Z,0.711,17.8,756.8,0.00,0.49,0.00,0.00,1.27
2026-08-23T20:21:21Z,0.684,17.1,758.4,0.00,0.00,0.00,0.00,1.27
2026-08-23T20:21:22Z,0.780,19.5,751.9,0.00,0.00,0.00,0.00,1.17
2026-08-23T20:21:23Z,0.720,18.0,752.5,0.00,0.00,0.00,0.00,1.17
2026-08-23T20:21:24Z,0.703,17.6,752.9,0.00,0.00,0.00,0.00,1.17
2026-08-23T20:21:25Z,0.723,18.1,752.5,0.00,0.00,0.00,0.00,1.17
2026-08-23T20:21:26Z,0.713,17.8,753.7,0.00,0.00,0.00,0.00,1.17
2026-08-23T20:21:27Z,0.724,18.1,749.7,0.00,0.00,0.00,0.00,1.08
2026-08-23T20:21:28Z,0.739,18.5,750.3,0.00,0.00,0.00,0.00,1.08
2026-08-23T20:21:29Z,0.724,18.1,751.8,0.00,0.00,0.00,0.00,1.08
2026-08-23T20:21:30Z,0.740,18.5,752.6,0.00,0.00,0.00,0.00,1.08
2026-08-23T20:21:31Z,0.730,18.2,754.1,0.00,0.00,0.00,0.00,1.08
2026-08-23T20:21:32Z,0.673,16.8,753.0,0.00,0.00,0.00,0.00,1.07
2026-08-23T20:21:33Z,0.676,16.9,752.6,0.00,0.00,0.00,0.00,1.07
2026-08-23T20:21:34Z,0.695,17.4,754.5,0.00,0.00,0.00,0.00,1.07
2026-08-23T20:21:35Z,0.713,17.8,756.2,0.00,0.00,0.00,0.00,1.07
2026-08-23T20:21:36Z,0.681,17.0,756.1,0.00,0.00,0.00,0.00,1.07
2026-08-23T20:21:37Z,0.685,17.1,758.8,0.00,0.00,0.00,0.00,1.23
2026-08-23T20:21:38Z,0.657,16.4,760.2,0.00,0.00,0.00,0.00,1.23
2026-08-23T20:21:39Z,0.831,20.8,756.8,0.00,0.00,0.00,0.00,1.23
2026-08-23T20:21:40Z,0.741,18.5,757.8,0.00,0.00,0.00,0.00,1.23
2026-08-23T20:21:41Z,0.715,17.9,757.5,0.00,0.00,0.00,0.00,1.21
2026-08-23T20:21:42Z,0.792,19.8,758.7,0.00,0.00,0.00,0.00,1.21
2026-08-23T20:21:44Z,0.755,18.9,759.3,0.00,0.05,0.00,0.00,1.21
2026-08-23T20:21:45Z,0.676,16.9,759.8,0.00,0.00,0.00,0.00,1.21
2026-08-23T20:21:46Z,0.716,17.9,760.2,0.00,0.00,0.00,0.00,1.21
2026-08-23T20:21:47Z,0.717,17.9,760.9,0.00,0.00,0.00,0.00,1.19
2026-08-23T20:21:48Z,0.687,17.2,761.7,0.00,0.00,0.00,0.00,1.19
2026-08-23T20:21:49Z,0.696,17.4,759.6,0.00,0.03,0.00,0.00,1.19
2026-08-23T20:21:50Z,0.675,16.9,760.5,0.00,0.00,0.00,0.00,1.19
2026-08-23T20:21:51Z,0.668,16.7,762.5,0.00,0.00,0.00,0.00,1.19
2026-08-23T20:21:52Z,0.716,17.9,764.4,0.00,0.00,0.00,0.00,1.09
2026-08-23T20:21:53Z,0.696,17.4,766.0,0.00,0.29,0.00,0.00,1.09
2026-08-23T20:21:54Z,0.734,18.4,767.4,0.00,0.00,0.00,0.00,1.09
2026-08-23T20:21:55Z,0.725,18.1,765.5,0.00,0.01,0.00,0.00,1.09
2026-08-23T20:21:56Z,0.783,19.6,766.5,0.00,0.00,0.00,0.00,1.09
2026-08-23T20:21:57Z,0.753,18.8,768.1,0.00,0.00,0.00,0.00,1.33
2026-08-23T20:21:58Z,0.746,18.6,769.9,0.00,0.00,0.00,0.00,1.33
2026-08-23T20:21:59Z,0.659,16.5,767.9,0.00,0.01,0.00,0.00,1.33
2026-08-23T20:22:00Z,0.660,16.5,763.4,0.00,0.00,0.00,0.00,1.33
2026-08-23T20:22:01Z,0.765,19.1,765.4,0.00,0.00,0.00,0.00,1.33
2026-08-23T20:22:02Z,0.659,16.5,767.7,0.00,0.00,0.00,0.00,1.70
2026-08-23T20:22:03Z,0.668,16.7,767.5,0.00,0.00,0.00,0.00,1.70
2026-08-23T20:22:04Z,0.639,16.0,768.4,0.00,0.00,0.00,0.00,1.70
2026-08-23T20:22:05Z,0.794,19.9,767.9,0.00,0.01,0.00,0.00,1.70
2026-08-23T20:22:06Z,0.773,19.3,771.0,0.00,0.00,0.00,0.00,1.70
2026-08-23T20:22:07Z,0.726,18.1,771.4,0.00,0.00,0.00,0.00,1.73
2026-08-23T20:22:08Z,0.656,16.4,771.5,0.00,0.00,0.00,0.00,1.73
2026-08-23T20:22:09Z,0.650,16.2,768.3,0.00,0.00,0.00,0.00,1.73
2026-08-23T20:22:10Z,0.698,17.4,766.6,0.00,0.00,0.00,0.00,1.73
2026-08-23T20:22:11Z,0.820,20.5,766.8,0.00,0.00,0.00,0.00,1.59
2026-08-23T20:22:12Z,0.707,17.7,766.4,0.00,0.01,0.00,0.00,1.59
2026-08-23T20:22:13Z,0.726,18.1,764.5,0.00,0.06,0.00,0.00,1.59
2026-08-23T20:22:15Z,0.668,16.7,765.7,0.00,0.00,0.00,0.00,1.59
2026-08-23T20:22:16Z,0.861,21.5,766.7,0.00,0.00,0.00,0.00,1.59
2026-08-23T20:22:17Z,0.776,19.4,766.1,0.00,0.00,0.00,0.00,1.46
2026-08-23T20:22:18Z,0.687,17.2,765.4,0.00,0.01,0.00,0.00,1.46
2026-08-23T20:22:19Z,0.697,17.4,765.4,0.00,0.03,0.00,0.00,1.46
2026-08-23T20:22:20Z,0.697,17.4,767.0,0.00,0.00,0.00,0.00,1.46
2026-08-23T20:22:21Z,0.735,18.4,767.0,0.00,0.00,0.00,0.00,1.46
2026-08-23T20:22:22Z,0.774,19.4,768.1,0.00,0.00,0.00,0.00,1.90
2026-08-23T20:22:23Z,0.754,18.9,761.2,0.00,0.00,0.00,0.00,1.90
2026-08-23T20:22:24Z,0.744,18.6,763.4,0.00,0.38,0.00,0.00,1.90
2026-08-23T20:22:25Z,0.631,15.8,763.7,0.00,0.00,0.00,0.00,1.90
2026-08-23T20:22:26Z,0.695,17.4,763.5,0.00,0.00,0.00,0.00,1.90
2026-08-23T20:22:27Z,0.784,19.6,763.7,0.00,0.00,0.00,0.00,1.91
2026-08-23T20:22:28Z,0.656,16.4,765.2,0.00,0.00,0.00,0.00,1.91
2026-08-23T20:22:29Z,0.658,16.4,765.4,0.00,0.00,0.00,0.00,1.91
2026-08-23T20:22:30Z,0.835,20.9,760.7,0.00,0.00,0.00,0.00,1.91
2026-08-23T20:22:31Z,0.804,20.1,758.1,0.00,0.00,0.00,0.00,1.91
2026-08-23T20:22:32Z,0.770,19.2,762.3,0.00,0.00,0.00,0.00,1.76
2026-08-23T20:22:33Z,0.717,17.9,761.4,0.00,0.00,0.00,0.00,1.76
2026-08-23T20:22:34Z,0.706,17.6,761.5,0.00,0.00,0.00,0.00,1.76
2026-08-23T20:22:35Z,0.669,16.7,759.0,0.00,0.25,0.00,0.00,1.76
2026-08-23T20:22:36Z,0.728,18.2,759.9,0.00,0.00,0.00,0.00,1.76
2026-08-23T20:22:37Z,0.698,17.4,757.1,0.00,0.00,0.00,0.00,1.62
2026-08-23T20:22:38Z,0.736,18.4,757.6,0.00,0.00,0.00,0.00,1.62
2026-08-23T20:22:39Z,0.754,18.9,759.3,0.00,0.00,0.00,0.00,1.62
2026-08-23T20:22:40Z,0.735,18.4,757.0,0.00,0.00,0.00,0.00,1.62
2026-08-23T20:22:41Z,0.747,18.7,757.8,0.00,0.00,0.00,0.00,2.29
2026-08-23T20:22:42Z,0.735,18.4,758.5,0.00,0.17,0.00,0.00,2.29
2026-08-23T20:22:43Z,0.630,15.8,760.2,0.00,0.00,0.00,0.00,2.29
2026-08-23T20:22:44Z,0.726,18.1,761.0,0.00,0.05,0.00,0.00,2.29
2026-08-23T20:22:46Z,0.697,17.4,754.8,0.00,0.00,0.00,0.00,2.29
2026-08-23T20:22:47Z,0.668,16.7,756.7,0.00,0.00,0.00,0.00,2.10
2026-08-23T20:22:48Z,0.698,17.4,758.2,0.00,0.00,0.00,0.00,2.10
2026-08-23T20:22:49Z,0.776,19.4,761.3,0.00,0.00,0.00,0.00,2.10
2026-08-23T20:22:50Z,0.688,17.2,760.7,0.00,0.02,0.00,0.00,2.10
2026-08-23T20:22:51Z,0.715,17.9,761.2,0.00,0.15,0.00,0.00,2.10
2026-08-23T20:22:52Z,0.705,17.6,751.9,0.00,0.00,0.00,0.00,1.94
2026-08-23T20:22:53Z,0.707,17.7,754.6,0.00,0.00,0.00,0.00,1.94
2026-08-23T20:22:54Z,0.765,19.1,753.9,0.00,0.00,0.00,0.00,1.94
2026-08-23T20:22:55Z,0.658,16.4,756.6,0.00,0.00,0.00,0.00,1.94
2026-08-23T20:22:56Z,0.695,17.4,755.9,0.00,0.00,0.00,0.00,1.94
2026-08-23T20:22:57Z,0.735,18.4,757.0,0.00,0.00,0.00,0.00,1.86
2026-08-23T20:22:58Z,0.658,16.4,757.7,0.00,0.00,0.00,0.00,1.86
2026-08-23T20:22:59Z,0.765,19.1,750.2,0.00,0.00,0.00,0.00,1.86
2026-08-23T20:23:00Z,0.704,17.6,750.4,0.00,0.00,0.00,0.00,1.86
2026-08-23T20:23:01Z,0.708,17.7,751.7,0.00,0.00,0.00,0.00,1.86
2026-08-23T20:23:02Z,0.688,17.2,751.7,0.00,0.20,0.00,0.00,1.79
2026-08-23T20:23:03Z,0.717,17.9,752.7,0.00,0.00,0.00,0.00,1.79
2026-08-23T20:23:04Z,0.677,16.9,753.4,0.00,0.01,0.00,0.00,1.79
2026-08-23T20:23:05Z,0.689,17.2,756.2,0.00,0.00,0.00,0.00,1.79
2026-08-23T20:23:06Z,0.670,16.8,749.6,0.00,0.00,0.00,0.00,1.79
2026-08-23T20:23:07Z,0.716,17.9,749.3,0.00,0.00,0.00,0.00,1.65
2026-08-23T20:23:08Z,0.727,18.2,749.6,0.00,0.00,0.00,0.00,1.65
2026-08-23T20:23:09Z,0.708,17.7,751.5,0.00,0.00,0.00,0.00,1.65
2026-08-23T20:23:10Z,0.649,16.2,752.6,0.00,0.00,0.00,0.00,1.65
2026-08-23T20:23:11Z,0.659,16.5,754.5,0.00,0.16,0.00,0.00,1.65
2026-08-23T20:23:12Z,0.737,18.4,756.7,0.00,0.00,0.00,0.00,1.52
2026-08-23T20:23:13Z,0.640,16.0,749.8,0.00,0.00,0.00,0.00,1.52
2026-08-23T20:23:14Z,0.689,17.2,750.1,0.00,0.00,0.00,0.00,1.52
2026-08-23T20:23:15Z,0.659,16.5,749.3,0.00,0.05,0.00,0.00,1.52
2026-08-23T20:23:16Z,0.658,16.4,747.7,0.00,0.00,0.00,0.00,1.71
2026-08-23T20:23:18Z,0.755,18.9,748.4,0.00,0.01,0.00,0.00,1.71
2026-08-23T20:23:19Z,0.718,17.9,747.2,0.00,0.00,0.00,0.00,1.71
2026-08-23T20:23:20Z,0.775,19.4,747.3,0.00,0.02,0.00,0.00,1.71
2026-08-23T20:23:21Z,0.659,16.5,749.0,0.00,0.02,0.00,0.00,1.71
2026-08-23T20:23:22Z,0.667,16.7,751.0,0.00,0.00,0.00,0.00,1.58
2026-08-23T20:23:23Z,0.716,17.9,749.1,0.00,0.27,0.00,0.00,1.58
2026-08-23T20:23:24Z,0.676,16.9,749.5,0.00,0.00,0.00,0.00,1.58
2026-08-23T20:23:25Z,0.669,16.7,751.5,0.00,0.00,0.00,0.00,1.58
2026-08-23T20:23:26Z,0.679,17.0,750.6,0.00,0.00,0.00,0.00,1.58
2026-08-23T20:23:27Z,0.669,16.7,752.3,0.00,0.00,0.00,0.00,1.45
2026-08-23T20:23:28Z,0.668,16.7,751.0,0.00,0.00,0.00,0.00,1.45
2026-08-23T20:23:29Z,0.717,17.9,753.4,0.00,0.00,0.00,0.00,1.45
2026-08-23T20:23:30Z,0.621,15.5,752.9,0.00,0.00,0.00,0.00,1.45
2026-08-23T20:23:31Z,0.746,18.6,754.9,0.00,0.00,0.00,0.00,1.45
2026-08-23T20:23:32Z,0.677,16.9,756.9,0.00,0.00,0.00,0.00,1.33
2026-08-23T20:23:33Z,0.669,16.7,757.5,0.00,0.17,0.00,0.00,1.33
2026-08-23T20:23:34Z,0.707,17.7,760.0,0.00,0.00,0.00,0.00,1.33
2026-08-23T20:23:35Z,0.706,17.6,750.7,0.00,0.00,0.00,0.00,1.33
2026-08-23T20:23:36Z,0.727,18.2,753.1,0.00,0.00,0.00,0.00,1.33
2026-08-23T20:23:37Z,0.727,18.2,746.5,0.00,0.00,0.00,0.00,1.87
2026-08-23T20:23:38Z,0.660,16.5,747.0,0.00,0.00,0.00,0.00,1.87
2026-08-23T20:23:39Z,0.717,17.9,748.1,0.00,0.00,0.00,0.00,1.87
2026-08-23T20:23:40Z,0.766,19.1,750.8,0.00,0.24,0.00,0.00,1.87
2026-08-23T20:23:41Z,0.668,16.7,749.4,0.00,0.00,0.00,0.00,1.87
2026-08-23T20:23:42Z,0.698,17.4,749.7,0.00,0.00,0.00,0.00,1.80
2026-08-23T20:23:43Z,0.939,23.5,773.8,0.00,0.01,0.00,0.00,1.80
2026-08-23T20:23:44Z,0.865,21.6,777.2,0.00,0.00,0.00,0.00,1.80
2026-08-23T20:23:45Z,0.687,17.2,777.9,0.00,0.00,0.00,0.00,1.80
2026-08-23T20:23:46Z,0.733,18.3,767.9,0.00,0.54,0.00,0.00,1.89
2026-08-23T20:23:47Z,0.676,16.9,764.9,0.00,0.00,0.00,0.00,1.89
2026-08-23T20:23:49Z,0.688,17.2,761.2,0.00,0.00,0.00,0.00,1.89
2026-08-23T20:23:50Z,0.689,17.2,757.5,0.00,0.00,0.00,0.00,1.89
2026-08-23T20:23:51Z,0.709,17.7,760.3,0.00,0.00,0.00,0.00,1.89
2026-08-23T20:23:52Z,0.640,16.0,761.9,0.00,0.04,0.00,0.00,1.74
2026-08-23T20:23:53Z,0.725,18.1,760.3,0.00,0.17,0.00,0.00,1.74
2026-08-23T20:23:54Z,0.744,18.6,757.0,0.00,0.00,0.00,0.00,1.74
2026-08-23T20:23:55Z,0.726,18.1,757.4,0.00,0.00,0.00,0.00,1.74
2026-08-23T20:23:56Z,0.745,18.6,758.8,0.00,0.00,0.00,0.00,1.74
2026-08-23T20:23:57Z,0.678,17.0,757.2,0.00,0.00,0.00,0.00,1.68
2026-08-23T20:23:58Z,0.733,18.3,758.4,0.00,0.00,0.00,0.00,1.68
2026-08-23T20:23:59Z,0.737,18.4,758.0,0.00,0.00,0.00,0.00,1.68
2026-08-23T20:24:00Z,0.698,17.4,758.3,0.00,0.00,0.00,0.00,1.68
2026-08-23T20:24:01Z,0.648,16.2,756.3,0.00,0.00,0.00,0.00,1.68
2026-08-23T20:24:02Z,0.764,19.1,758.1,0.00,0.16,0.00,0.00,1.71
2026-08-23T20:24:03Z,0.744,18.6,757.3,0.00,0.00,0.00,0.00,1.71
2026-08-23T20:24:04Z,0.707,17.7,759.4,0.00,0.00,0.00,0.00,1.71
2026-08-23T20:24:05Z,0.745,18.6,759.9,0.00,0.00,0.00,0.00,1.71
2026-08-23T20:24:06Z,0.706,17.6,759.1,0.00,0.00,0.00,0.00,1.71
2026-08-23T20:24:07Z,0.637,15.9,759.7,0.00,0.00,0.00,0.00,1.97
2026-08-23T20:24:08Z,0.669,16.7,761.3,0.00,0.00,0.00,0.00,1.97
2026-08-23T20:24:09Z,0.717,17.9,761.5,0.00,0.17,0.00,0.00,1.97
2026-08-23T20:24:10Z,0.726,18.1,762.4,0.00,0.00,0.00,0.00,1.97
2026-08-23T20:24:11Z,0.668,16.7,757.5,0.00,0.00,0.00,0.00,1.97
2026-08-23T20:24:12Z,0.727,18.2,758.9,0.00,0.00,0.00,0.00,1.81
2026-08-23T20:24:13Z,0.727,18.2,758.9,0.00,0.01,0.00,0.00,1.81
2026-08-23T20:24:14Z,0.686,17.2,758.5,0.00,0.00,0.00,0.00,1.81
2026-08-23T20:24:15Z,0.726,18.1,757.3,0.00,0.00,0.00,0.00,1.81
2026-08-23T20:24:16Z,0.667,16.7,756.7,0.00,0.21,0.00,0.00,1.91
2026-08-23T20:24:17Z,0.755,18.9,749.3,0.00,0.00,0.00,0.00,1.91
2026-08-23T20:24:18Z,0.696,17.4,750.5,0.00,0.00,0.00,0.00,1.91
2026-08-23T20:24:20Z,0.707,17.7,752.8,0.00,0.00,0.00,0.00,1.91
2026-08-23T20:24:21Z,0.688,17.2,753.3,0.00,0.00,0.00,0.00,1.91
2026-08-23T20:24:22Z,0.699,17.5,755.6,0.00,0.02,0.00,0.00,1.84
2026-08-23T20:24:23Z,0.708,17.7,758.0,0.00,0.17,0.00,0.00,1.84
2026-08-23T20:24:24Z,0.671,16.8,756.6,0.00,0.00,0.00,0.00,1.84
2026-08-23T20:24:25Z,0.679,17.0,757.1,0.00,0.00,0.00,0.00,1.84
2026-08-23T20:24:26Z,0.678,17.0,756.0,0.00,0.00,0.00,0.00,1.84
2026-08-23T20:24:27Z,0.764,19.1,756.8,0.00,0.00,0.00,0.00,1.69
2026-08-23T20:24:28Z,0.698,17.4,759.8,0.00,0.00,0.00,0.00,1.69
2026-08-23T20:24:29Z,0.639,16.0,756.9,0.00,0.00,0.00,0.00,1.69
2026-08-23T20:24:30Z,0.823,20.6,758.1,0.00,0.00,0.00,0.00,1.69
2026-08-23T20:24:31Z,0.679,17.0,758.7,0.00,0.20,0.00,0.00,1.69
2026-08-23T20:24:32Z,0.688,17.2,757.3,0.00,0.00,0.00,0.00,1.63
2026-08-23T20:24:33Z,0.756,18.9,749.5,0.00,0.08,0.00,0.00,1.63
2026-08-23T20:24:34Z,0.639,16.0,751.3,0.00,0.00,0.00,0.00,1.63
2026-08-23T20:24:35Z,0.651,16.3,753.7,0.00,0.00,0.00,0.00,1.63
2026-08-23T20:24:36Z,0.697,17.4,754.5,0.00,0.00,0.00,0.00,1.63
2026-08-23T20:24:37Z,0.669,16.7,753.8,0.00,0.00,0.00,0.00,1.58
2026-08-23T20:24:38Z,0.725,18.1,756.6,0.00,0.19,0.00,0.00,1.58
2026-08-23T20:24:39Z,0.756,18.9,758.6,0.00,0.00,0.00,0.00,1.58
2026-08-23T20:24:40Z,0.651,16.3,757.6,0.00,0.00,0.00,0.00,1.58
2026-08-23T20:24:41Z,0.668,16.7,759.7,0.00,0.00,0.00,0.00,1.58
2026-08-23T20:24:42Z,0.709,17.7,758.3,0.00,0.00,0.00,0.00,1.46
2026-08-23T20:24:43Z,0.668,16.7,757.3,0.00,0.00,0.00,0.00,1.46
2026-08-23T20:24:44Z,0.687,17.2,759.1,0.00,0.00,0.00,0.00,1.46
2026-08-23T20:24:45Z,0.697,17.4,757.9,0.00,0.00,0.00,0.00,1.46
2026-08-23T20:24:46Z,0.679,17.0,759.8,0.00,0.00,0.00,0.00,1.46
2026-08-23T20:24:47Z,0.651,16.3,750.5,0.00,0.00,0.00,0.00,1.42
2026-08-23T20:24:48Z,0.737,18.4,743.2,0.00,0.20,0.00,0.00,1.42
2026-08-23T20:24:49Z,0.697,17.4,747.3,0.00,0.00,0.00,0.00,1.42
2026-08-23T20:24:50Z,0.706,17.6,748.3,0.00,0.00,0.00,0.00,1.42
2026-08-23T20:24:51Z,0.707,17.7,748.4,0.00,0.00,0.00,0.00,1.31
2026-08-23T20:24:53Z,0.717,17.9,751.1,0.00,0.00,0.00,0.00,1.31
2026-08-23T20:24:54Z,0.707,17.7,751.1,0.00,0.00,0.00,0.00,1.31
2026-08-23T20:24:55Z,0.718,17.9,751.4,0.00,0.17,0.00,0.00,1.31
2026-08-23T20:24:56Z,0.774,19.4,752.3,0.00,0.00,0.00,0.00,1.31
2026-08-23T20:24:57Z,0.772,19.3,745.3,0.00,0.00,0.00,0.00,1.20
2026-08-23T20:24:58Z,0.756,18.9,747.0,0.00,0.00,0.00,0.00,1.20
2026-08-23T20:24:59Z,0.679,17.0,748.6,0.00,0.00,0.00,0.00,1.20
2026-08-23T20:25:00Z,0.695,17.4,750.1,0.00,0.00,0.00,0.00,1.20
2026-08-23T20:25:01Z,0.671,16.8,753.3,0.00,0.00,0.00,0.00,1.20
2026-08-23T20:25:02Z,0.718,17.9,755.5,0.00,0.29,0.00,0.00,1.10
2026-08-23T20:25:03Z,0.678,17.0,749.2,0.00,0.00,0.00,0.00,1.10
2026-08-23T20:25:04Z,0.649,16.2,751.6,0.00,0.05,0.00,0.00,1.10
2026-08-23T20:25:05Z,0.629,15.7,752.6,0.00,0.00,0.00,0.00,1.10
2026-08-23T20:25:06Z,0.658,16.4,752.7,0.00,0.00,0.00,0.00,1.10
2026-08-23T20:25:07Z,0.680,17.0,752.7,0.00,0.00,0.00,0.00,1.02
2026-08-23T20:25:08Z,0.649,16.2,757.3,0.00,0.02,0.00,0.00,1.02
2026-08-23T20:25:09Z,0.734,18.4,746.7,0.00,0.25,0.00,0.00,1.02
2026-08-23T20:25:10Z,0.662,16.6,747.6,0.00,0.00,0.00,0.00,1.02
2026-08-23T20:25:11Z,0.669,16.7,749.2,0.00,0.00,0.00,0.00,1.02
2026-08-23T20:25:12Z,0.756,18.9,751.0,0.00,0.59,0.00,0.00,0.93
2026-08-23T20:25:13Z,0.679,17.0,750.9,0.00,0.00,0.00,0.00,0.93
2026-08-23T20:25:14Z,0.725,18.1,752.6,0.00,0.15,0.00,0.00,0.93
2026-08-23T20:25:15Z,0.706,17.6,746.2,0.00,0.00,0.00,0.00,0.93
2026-08-23T20:25:16Z,0.698,17.4,746.4,0.00,0.00,0.00,0.00,0.93
2026-08-23T20:25:17Z,0.726,18.1,748.8,0.00,0.04,0.00,0.00,0.86
2026-08-23T20:25:18Z,0.649,16.2,749.8,0.00,0.01,0.00,0.00,0.86
2026-08-23T20:25:19Z,0.756,18.9,751.3,0.00,0.00,0.00,0.00,0.86
2026-08-23T20:25:20Z,0.696,17.4,751.0,0.00,0.17,0.00,0.00,0.86
2026-08-23T20:25:21Z,0.707,17.7,751.5,0.00,0.00,0.00,0.00,0.79
2026-08-23T20:25:22Z,0.708,17.7,753.6,0.00,0.00,0.00,0.00,0.79
2026-08-23T20:25:24Z,0.726,18.1,746.6,0.00,0.00,0.00,0.00,0.79
2026-08-23T20:25:25Z,0.698,17.4,749.8,0.00,0.01,0.00,0.00,0.79
2026-08-23T20:25:26Z,0.727,18.2,750.9,0.00,0.00,0.00,0.00,0.79
2026-08-23T20:25:27Z,0.775,19.4,753.3,0.00,0.00,0.00,0.00,0.73
2026-08-23T20:25:28Z,0.736,18.4,754.8,0.00,0.00,0.00,0.00,0.73
2026-08-23T20:25:29Z,0.601,15.0,754.3,0.00,0.17,0.00,0.00,0.73
2026-08-23T20:25:30Z,0.724,18.1,755.5,0.00,0.00,0.00,0.00,0.73
2026-08-23T20:25:31Z,0.696,17.4,756.8,0.00,0.00,0.00,0.00,0.73
2026-08-23T20:25:32Z,0.717,17.9,757.6,0.00,0.00,0.00,0.00,0.67
2026-08-23T20:25:33Z,0.696,17.4,758.1,0.00,0.00,0.00,0.00,0.67
2026-08-23T20:25:34Z,0.774,19.4,758.8,0.00,0.00,0.00,0.00,0.67
2026-08-23T20:25:35Z,0.686,17.2,759.0,0.00,0.00,0.00,0.00,0.67
2026-08-23T20:25:36Z,0.706,17.6,758.5,0.00,0.17,0.00,0.00,0.67
2026-08-23T20:25:37Z,0.747,18.7,760.4,0.00,0.00,0.00,0.00,0.69
2026-08-23T20:25:38Z,0.679,17.0,761.4,0.00,0.00,0.00,0.00,0.69
2026-08-23T20:25:39Z,0.678,17.0,753.0,0.00,0.00,0.00,0.00,0.69
2026-08-23T20:25:40Z,0.707,17.7,755.9,0.00,0.00,0.00,0.00,0.69
2026-08-23T20:25:41Z,0.668,16.7,755.5,0.00,0.00,0.00,0.00,0.69
2026-08-23T20:25:42Z,0.735,18.4,755.9,0.00,0.05,0.00,0.00,1.04
2026-08-23T20:25:43Z,0.726,18.1,755.7,0.00,0.00,0.00,0.00,1.04
2026-08-23T20:25:44Z,0.709,17.7,756.6,0.00,0.15,0.00,0.00,1.04
2026-08-23T20:25:45Z,0.718,17.9,756.5,0.00,0.00,0.00,0.00,1.04
2026-08-23T20:25:46Z,0.708,17.7,757.8,0.00,0.00,0.00,0.00,1.04
2026-08-23T20:25:47Z,0.716,17.9,757.5,0.00,0.03,0.00,0.00,0.96
2026-08-23T20:25:48Z,0.669,16.7,758.8,0.00,0.00,0.00,0.00,0.96
2026-08-23T20:25:49Z,0.727,18.2,759.2,0.00,0.00,0.00,0.00,0.96
2026-08-23T20:25:50Z,0.678,17.0,759.6,0.00,0.00,0.00,0.00,0.96
2026-08-23T20:25:51Z,0.689,17.2,759.6,0.00,0.00,0.00,0.00,0.96
2026-08-23T20:25:52Z,0.796,19.9,758.3,0.00,0.00,0.00,0.00,0.88
2026-08-23T20:25:53Z,0.755,18.9,749.9,0.00,0.00,0.00,0.00,0.88
2026-08-23T20:25:54Z,0.754,18.9,752.6,0.00,0.00,0.00,0.00,0.88
2026-08-23T20:25:56Z,0.764,19.1,753.4,0.00,0.01,0.00,0.00,0.88
2026-08-23T20:25:57Z,0.670,16.8,755.7,0.00,0.00,0.00,0.00,0.81
2026-08-23T20:25:58Z,0.679,17.0,754.0,0.00,0.00,0.00,0.00,0.81
2026-08-23T20:25:59Z,0.784,19.6,754.7,0.00,0.00,0.00,0.00,0.81
2026-08-23T20:26:00Z,0.784,19.6,755.8,0.00,0.16,0.00,0.00,0.81
2026-08-23T20:26:01Z,0.706,17.6,757.0,0.00,0.00,0.00,0.00,0.81
2026-08-23T20:26:02Z,0.803,20.1,756.4,0.00,0.00,0.00,0.00,0.74
2026-08-23T20:26:03Z,0.746,18.6,757.5,0.00,0.00,0.00,0.00,0.74
2026-08-23T20:26:04Z,0.717,17.9,759.2,0.00,0.00,0.00,0.00,0.74
2026-08-23T20:26:05Z,0.725,18.1,758.8,0.00,0.23,0.00,0.00,0.74
2026-08-23T20:26:06Z,0.745,18.6,759.5,0.00,0.00,0.00,0.00,0.74
2026-08-23T20:26:07Z,0.707,17.7,758.9,0.00,0.00,0.00,0.00,0.76
2026-08-23T20:26:08Z,0.714,17.8,759.7,0.00,0.00,0.00,0.00,0.76
2026-08-23T20:26:09Z,0.718,17.9,761.0,0.00,0.00,0.00,0.00,0.76
2026-08-23T20:26:10Z,0.709,17.7,749.6,0.00,0.00,0.00,0.00,0.76
2026-08-23T20:26:11Z,0.698,17.4,753.3,0.00,0.00,0.00,0.00,0.76
2026-08-23T20:26:12Z,0.717,17.9,752.9,0.00,0.00,0.00,0.00,0.94
2026-08-23T20:26:13Z,0.678,17.0,754.4,0.00,0.04,0.00,0.00,0.94
2026-08-23T20:26:14Z,0.705,17.6,753.7,0.00,0.00,0.00,0.00,0.94
2026-08-23T20:26:15Z,0.677,16.9,753.2,0.00,0.15,0.00,0.00,0.94
2026-08-23T20:26:16Z,0.747,18.7,755.4,0.00,0.00,0.00,0.00,0.94
2026-08-23T20:26:17Z,0.726,18.1,749.8,0.00,0.00,0.00,0.00,0.87
2026-08-23T20:26:18Z,0.686,17.2,751.2,0.00,0.02,0.00,0.00,0.87
2026-08-23T20:26:19Z,0.764,19.1,751.2,0.00,0.00,0.00,0.00,0.87
2026-08-23T20:26:20Z,0.687,17.2,754.7,0.00,0.00,0.00,0.00,0.87
2026-08-23T20:26:21Z,0.689,17.2,754.5,0.00,0.00,0.00,0.00,0.87
2026-08-23T20:26:22Z,0.726,18.1,757.1,0.00,0.16,0.00,0.00,1.12
2026-08-23T20:26:23Z,0.754,18.9,755.3,0.00,0.00,0.00,0.00,1.12
2026-08-23T20:26:24Z,0.756,18.9,755.6,0.00,0.00,0.00,0.00,1.12
2026-08-23T20:26:25Z,0.659,16.5,758.0,0.00,0.00,0.00,0.00,1.12
2026-08-23T20:26:27Z,0.687,17.2,758.0,0.00,0.00,0.00,0.00,1.19
2026-08-23T20:26:28Z,0.736,18.4,758.8,0.00,0.00,0.00,0.00,1.19
2026-08-23T20:26:29Z,0.755,18.9,760.4,0.00,0.01,0.00,0.00,1.19
2026-08-23T20:26:30Z,0.717,17.9,759.6,0.00,0.17,0.00,0.00,1.19
2026-08-23T20:26:31Z,0.687,17.2,761.0,0.00,0.00,0.00,0.00,1.19
2026-08-23T20:26:32Z,0.696,17.4,756.7,0.00,0.00,0.00,0.00,1.41
2026-08-23T20:26:33Z,0.697,17.4,758.5,0.00,0.00,0.00,0.00,1.41
2026-08-23T20:26:34Z,0.746,18.6,760.7,0.00,0.00,0.00,0.00,1.41
2026-08-23T20:26:35Z,0.688,17.2,759.8,0.00,0.00,0.00,0.00,1.41
2026-08-23T20:26:36Z,0.670,16.8,760.5,0.00,0.00,0.00,0.00,1.41
2026-08-23T20:26:37Z,0.744,18.6,761.2,0.00,0.00,0.00,0.00,1.30
2026-08-23T20:26:38Z,0.744,18.6,762.4,0.00,0.17,0.00,0.00,1.30
2026-08-23T20:26:39Z,0.723,18.1,762.7,0.00,0.00,0.00,0.00,1.30
2026-08-23T20:26:40Z,0.668,16.7,756.0,0.00,0.00,0.00,0.00,1.30
2026-08-23T20:26:41Z,0.690,17.2,758.6,0.00,0.00,0.00,0.00,1.30
2026-08-23T20:26:42Z,0.708,17.7,761.2,0.00,0.00,0.00,0.00,1.20
2026-08-23T20:26:43Z,0.707,17.7,762.7,0.00,0.00,0.00,0.00,1.20
2026-08-23T20:26:44Z,0.734,18.4,764.4,0.00,0.05,0.00,0.00,1.20
2026-08-23T20:26:45Z,0.756,18.9,765.1,0.00,0.00,0.00,0.00,1.20
2026-08-23T20:26:46Z,1.103,27.6,786.6,0.00,0.37,0.00,0.00,1.20
2026-08-23T20:26:47Z,0.709,17.7,784.4,0.00,0.00,0.00,0.00,1.10
2026-08-23T20:26:48Z,0.735,18.4,777.8,0.00,0.00,0.00,0.00,1.10
2026-08-23T20:26:49Z,0.736,18.4,776.2,0.00,0.01,0.00,0.00,1.10
2026-08-23T20:26:50Z,0.685,17.1,772.2,0.00,0.00,0.00,0.00,1.10
2026-08-23T20:26:51Z,0.678,17.0,771.2,0.00,0.34,0.00,0.00,1.10
2026-08-23T20:26:52Z,0.687,17.2,771.5,0.00,0.00,0.00,0.00,1.01
2026-08-23T20:26:53Z,0.718,17.9,772.3,0.00,0.00,0.00,0.00,1.01
2026-08-23T20:26:54Z,0.716,17.9,768.0,0.00,0.00,0.00,0.00,1.01
2026-08-23T20:26:55Z,0.755,18.9,770.1,0.00,0.00,0.00,0.00,1.01
2026-08-23T20:26:56Z,0.756,18.9,771.5,0.00,0.00,0.00,0.00,0.93
2026-08-23T20:26:57Z,0.686,17.2,772.4,0.00,0.01,0.00,0.00,0.93
2026-08-23T20:26:59Z,0.678,17.0,769.6,0.00,0.00,0.00,0.00,0.93
2026-08-23T20:27:00Z,0.757,18.9,770.0,0.00,0.18,0.00,0.00,0.93
2026-08-23T20:27:01Z,0.774,19.4,764.4,0.00,0.00,0.00,0.00,0.93
2026-08-23T20:27:02Z,0.697,17.4,764.9,0.00,0.00,0.00,0.00,1.02
2026-08-23T20:27:03Z,0.669,16.7,765.4,0.00,0.00,0.00,0.00,1.02
2026-08-23T20:27:04Z,0.688,17.2,767.3,0.00,0.00,0.00,0.00,1.02
2026-08-23T20:27:05Z,0.743,18.6,768.5,0.00,0.00,0.00,0.00,1.02
2026-08-23T20:27:06Z,0.660,16.5,770.4,0.00,0.16,0.00,0.00,1.02
2026-08-23T20:27:07Z,0.757,18.9,770.2,0.00,0.00,0.00,0.00,2.14
2026-08-23T20:27:08Z,0.813,20.3,769.7,0.00,0.00,0.00,0.00,2.14
2026-08-23T20:27:09Z,0.795,19.9,761.9,0.00,0.00,0.00,0.00,2.14
2026-08-23T20:27:10Z,0.791,19.8,760.8,0.00,0.00,0.00,0.00,2.14
2026-08-23T20:27:11Z,0.735,18.4,762.0,0.00,0.00,0.00,0.00,2.14
2026-08-23T20:27:12Z,0.747,18.7,762.5,0.00,0.30,0.00,0.00,1.97
2026-08-23T20:27:13Z,0.812,20.3,763.9,0.00,0.00,0.00,0.00,1.97
2026-08-23T20:27:14Z,0.764,19.1,763.4,0.00,0.08,0.00,0.00,1.97
2026-08-23T20:27:15Z,0.801,20.0,765.0,0.00,0.00,0.00,0.00,1.97
2026-08-23T20:27:16Z,0.736,18.4,758.9,0.00,0.00,0.00,0.00,1.97
2026-08-23T20:27:17Z,0.752,18.8,761.9,0.00,0.00,0.00,0.00,2.05
2026-08-23T20:27:18Z,0.699,17.5,763.2,0.00,0.00,0.00,0.00,2.05
2026-08-23T20:27:19Z,0.793,19.8,763.0,0.00,0.05,0.00,0.00,2.05
2026-08-23T20:27:20Z,0.699,17.5,757.1,0.00,0.00,0.00,0.00,2.05
2026-08-23T20:27:21Z,0.697,17.4,757.9,0.00,0.22,0.00,0.00,2.05
2026-08-23T20:27:22Z,0.715,17.9,759.3,0.00,0.00,0.00,0.00,1.88
2026-08-23T20:27:23Z,0.764,19.1,760.5,0.00,0.00,0.00,0.00,1.88
2026-08-23T20:27:24Z,0.698,17.4,762.4,0.00,0.00,0.00,0.00,1.88
2026-08-23T20:27:25Z,0.670,16.8,762.7,0.00,0.00,0.00,0.00,1.88
2026-08-23T20:27:26Z,0.689,17.2,762.1,0.00,0.00,0.00,0.00,1.88
2026-08-23T20:27:27Z,0.727,18.2,762.8,0.00,0.00,0.00,0.00,2.05
2026-08-23T20:27:28Z,0.699,17.5,764.4,0.00,0.00,0.00,0.00,2.05
2026-08-23T20:27:30Z,0.745,18.6,757.5,0.00,0.00,0.00,0.00,2.05
2026-08-23T20:27:31Z,0.743,18.6,761.4,0.00,0.00,0.00,0.00,2.05
2026-08-23T20:27:32Z,0.707,17.7,762.5,0.00,0.00,0.00,0.00,1.89
2026-08-23T20:27:33Z,0.707,17.7,763.0,0.00,0.00,0.00,0.00,1.89
2026-08-23T20:27:34Z,0.767,19.2,765.8,0.00,0.01,0.00,0.00,1.89
2026-08-23T20:27:35Z,0.746,18.6,767.6,0.00,0.17,0.00,0.00,1.89
2026-08-23T20:27:36Z,0.734,18.4,760.6,0.00,0.00,0.00,0.00,1.89
2026-08-23T20:27:37Z,0.726,18.1,763.2,0.00,0.00,0.00,0.00,1.74
2026-08-23T20:27:38Z,0.700,17.5,762.9,0.00,0.00,0.00,0.00,1.74
2026-08-23T20:27:39Z,0.726,18.1,764.7,0.00,0.00,0.00,0.00,1.74
2026-08-23T20:27:40Z,0.754,18.9,765.7,0.00,0.00,0.00,0.00,1.74
2026-08-23T20:27:41Z,0.764,19.1,766.3,0.00,0.17,0.00,0.00,1.74
2026-08-23T20:27:42Z,0.688,17.2,767.9,0.00,0.00,0.00,0.00,1.60
2026-08-23T20:27:43Z,0.737,18.4,761.6,0.00,0.00,0.00,0.00,1.60
2026-08-23T20:27:44Z,0.746,18.6,763.4,0.00,0.05,0.00,0.00,1.60
2026-08-23T20:27:45Z,0.686,17.2,765.6,0.00,0.00,0.00,0.00,1.60
2026-08-23T20:27:46Z,0.754,18.9,765.3,0.00,0.00,0.00,0.00,1.60
2026-08-23T20:27:47Z,0.745,18.6,765.2,0.00,0.00,0.00,0.00,1.47
2026-08-23T20:27:48Z,0.706,17.6,757.8,0.00,0.16,0.00,0.00,1.47
2026-08-23T20:27:49Z,0.677,16.9,758.9,0.00,0.00,0.00,0.00,1.47
2026-08-23T20:27:50Z,0.698,17.4,759.7,0.00,0.02,0.00,0.00,1.47
2026-08-23T20:27:51Z,0.688,17.2,761.7,0.00,0.00,0.00,0.00,1.47
2026-08-23T20:27:52Z,0.659,16.5,761.2,0.00,0.00,0.00,0.00,1.35
2026-08-23T20:27:53Z,0.764,19.1,761.4,0.00,0.00,0.00,0.00,1.35
2026-08-23T20:27:54Z,0.707,17.7,759.1,0.00,0.17,0.00,0.00,1.35
2026-08-23T20:27:55Z,0.764,19.1,759.9,0.00,0.00,0.00,0.00,1.35
2026-08-23T20:27:56Z,0.756,18.9,757.7,0.00,0.00,0.00,0.00,1.35
2026-08-23T20:27:57Z,0.737,18.4,756.6,0.00,0.00,0.00,0.00,1.32
2026-08-23T20:27:58Z,0.707,17.7,746.1,0.00,0.00,0.00,0.00,1.32
2026-08-23T20:27:59Z,0.755,18.9,748.3,0.00,0.00,0.00,0.00,1.32
2026-08-23T20:28:00Z,0.688,17.2,750.8,0.00,0.01,0.00,0.00,1.32
2026-08-23T20:28:02Z,0.746,18.6,753.7,0.00,0.00,0.00,0.00,1.38
2026-08-23T20:28:03Z,0.729,18.2,755.7,0.00,0.17,0.00,0.00,1.38
2026-08-23T20:28:04Z,0.718,17.9,758.0,0.00,0.00,0.00,0.00,1.38
2026-08-23T20:28:05Z,0.679,17.0,753.4,0.00,0.00,0.00,0.00,1.38
2026-08-23T20:28:06Z,0.659,16.5,756.5,0.00,0.00,0.00,0.00,1.38
2026-08-23T20:28:07Z,0.733,18.3,756.8,0.00,0.00,0.00,0.00,1.27
2026-08-23T20:28:08Z,0.754,18.9,758.4,0.00,0.00,0.00,0.00,1.27
2026-08-23T20:28:09Z,0.705,17.6,756.2,0.00,0.00,0.00,0.00,1.27
2026-08-23T20:28:10Z,0.735,18.4,755.5,0.00,0.17,0.00,0.00,1.27
2026-08-23T20:28:11Z,0.715,17.9,758.7,0.00,0.00,0.00,0.00,1.27
2026-08-23T20:28:12Z,0.705,17.6,755.2,0.00,0.00,0.00,0.00,1.17
2026-08-23T20:28:13Z,0.705,17.6,757.2,0.00,0.00,0.00,0.00,1.17
2026-08-23T20:28:14Z,0.733,18.3,757.2,0.00,0.00,0.00,0.00,1.17
2026-08-23T20:28:15Z,0.697,17.4,758.2,0.00,0.04,0.00,0.00,1.17
2026-08-23T20:28:16Z,0.762,19.1,759.1,0.00,0.00,0.00,0.00,1.17
2026-08-23T20:28:17Z,0.791,19.8,758.8,0.00,0.21,0.00,0.00,1.07
2026-08-23T20:28:18Z,0.713,17.8,751.5,0.00,0.00,0.00,0.00,1.07
2026-08-23T20:28:19Z,0.743,18.6,753.2,0.00,0.00,0.00,0.00,1.07
2026-08-23T20:28:20Z,0.687,17.2,754.4,0.00,0.02,0.00,0.00,1.07
2026-08-23T20:28:21Z,0.686,17.2,755.4,0.00,0.00,0.00,0.00,1.07
2026-08-23T20:28:22Z,0.743,18.6,756.9,0.00,0.16,0.00,0.00,1.47
2026-08-23T20:28:23Z,0.705,17.6,758.3,0.00,0.00,0.00,0.00,1.47
2026-08-23T20:28:24Z,0.675,16.9,759.3,0.00,0.00,0.00,0.00,1.47
2026-08-23T20:28:25Z,0.696,17.4,760.8,0.00,0.00,0.00,0.00,1.47
2026-08-23T20:28:26Z,0.704,17.6,763.1,0.00,0.00,0.00,0.00,1.47
2026-08-23T20:28:27Z,0.733,18.3,756.9,0.00,0.00,0.00,0.00,1.35
2026-08-23T20:28:28Z,0.752,18.8,757.0,0.00,0.00,0.00,0.00,1.35
2026-08-23T20:28:29Z,0.723,18.1,757.6,0.00,0.00,0.00,0.00,1.35
2026-08-23T20:28:31Z,0.726,18.1,759.9,0.00,0.00,0.00,0.00,1.35
2026-08-23T20:28:32Z,0.733,18.3,760.5,0.00,0.00,0.00,0.00,1.24
2026-08-23T20:28:33Z,0.734,18.4,760.8,0.00,0.18,0.00,0.00,1.24
2026-08-23T20:28:34Z,0.735,18.4,753.0,0.00,0.00,0.00,0.00,1.24
2026-08-23T20:28:35Z,0.724,18.1,755.5,0.00,0.00,0.00,0.00,1.24
2026-08-23T20:28:36Z,0.743,18.6,757.4,0.00,0.00,0.00,0.00,1.24
2026-08-23T20:28:37Z,0.713,17.8,759.8,0.00,0.00,0.00,0.00,1.14
2026-08-23T20:28:38Z,0.773,19.3,762.3,0.00,0.00,0.00,0.00,1.14
2026-08-23T20:28:39Z,0.744,18.6,755.9,0.00,0.19,0.00,0.00,1.14
2026-08-23T20:28:40Z,0.741,18.5,757.3,0.00,0.00,0.00,0.00,1.14
2026-08-23T20:28:41Z,0.716,17.9,758.3,0.00,0.00,0.00,0.00,1.14
2026-08-23T20:28:42Z,0.742,18.6,759.0,0.00,0.00,0.00,0.00,1.05
2026-08-23T20:28:43Z,0.735,18.4,760.2,0.00,0.00,0.00,0.00,1.05
2026-08-23T20:28:44Z,0.688,17.2,760.7,0.00,0.00,0.00,0.00,1.05
2026-08-23T20:28:45Z,0.783,19.6,762.4,0.00,0.16,0.00,0.00,1.05
2026-08-23T20:28:46Z,0.722,18.1,756.0,0.00,0.05,0.00,0.00,1.05
2026-08-23T20:28:47Z,0.723,18.1,756.7,0.00,0.00,0.00,0.00,0.97
2026-08-23T20:28:48Z,0.750,18.8,756.9,0.00,0.00,0.00,0.00,0.97
2026-08-23T20:28:49Z,0.675,16.9,757.8,0.00,0.00,0.00,0.00,0.97
2026-08-23T20:28:50Z,0.848,21.2,758.8,0.00,0.03,0.00,0.00,0.97
2026-08-23T20:28:51Z,0.696,17.4,758.7,0.00,0.17,0.00,0.00,0.97
2026-08-23T20:28:52Z,0.714,17.8,759.1,0.00,0.00,0.00,0.00,0.89
2026-08-23T20:28:53Z,0.684,17.1,759.5,0.00,0.00,0.00,0.00,0.89
2026-08-23T20:28:54Z,0.743,18.6,760.7,0.00,0.00,0.00,0.00,0.89
2026-08-23T20:28:55Z,0.754,18.9,753.3,0.00,0.00,0.00,0.00,0.89
2026-08-23T20:28:56Z,0.762,19.1,751.2,0.00,0.00,0.00,0.00,0.89
2026-08-23T20:28:57Z,0.676,16.9,752.5,0.00,0.00,0.00,0.00,1.14
2026-08-23T20:28:58Z,0.743,18.6,753.6,0.00,0.00,0.00,0.00,1.14
2026-08-23T20:29:00Z,0.783,19.6,755.1,0.00,0.00,0.00,0.00,1.14
2026-08-23T20:29:01Z,0.761,19.0,750.4,0.00,0.18,0.00,0.00,1.14
2026-08-23T20:29:02Z,0.763,19.1,751.6,0.00,0.00,0.00,0.00,1.05
2026-08-23T20:29:03Z,0.713,17.8,746.4,0.00,0.01,0.00,0.00,1.05
2026-08-23T20:29:04Z,0.702,17.5,747.4,0.00,0.00,0.00,0.00,1.05
2026-08-23T20:29:05Z,1.165,29.1,778.1,0.00,0.00,0.01,0.01,1.05
2026-08-23T20:29:06Z,0.703,17.6,769.8,0.00,0.00,0.00,0.00,1.05
2026-08-23T20:29:07Z,0.696,17.4,771.2,0.00,0.00,0.00,0.00,0.96
2026-08-23T20:29:08Z,0.752,18.8,759.3,0.00,0.52,0.00,0.00,0.96
2026-08-23T20:29:09Z,0.713,17.8,761.2,0.00,0.00,0.00,0.00,0.96
2026-08-23T20:29:10Z,0.721,18.0,761.5,0.00,0.00,0.00,0.00,0.96
2026-08-23T20:29:11Z,0.722,18.1,763.0,0.00,0.00,0.00,0.00,0.96
2026-08-23T20:29:12Z,0.847,21.2,757.6,0.00,0.00,0.01,0.00,0.88
2026-08-23T20:29:13Z,0.712,17.8,757.9,0.00,0.00,0.00,0.00,0.88
2026-08-23T20:29:14Z,0.771,19.3,748.0,0.00,0.42,0.00,0.00,0.88
2026-08-23T20:29:15Z,0.762,19.1,748.8,0.00,0.00,0.00,0.00,0.88
2026-08-23T20:29:16Z,0.750,18.8,746.6,0.00,0.06,0.00,0.00,0.88
2026-08-23T20:29:17Z,0.646,16.2,748.8,0.00,0.00,0.00,0.00,0.97
2026-08-23T20:29:18Z,0.695,17.4,748.1,0.00,0.00,0.00,0.00,0.97
2026-08-23T20:29:19Z,0.687,17.2,750.4,0.00,0.01,0.00,0.00,0.97
2026-08-23T20:29:20Z,0.627,15.7,751.8,0.00,0.00,0.00,0.00,0.97
2026-08-23T20:29:21Z,0.644,16.1,751.8,0.00,0.03,0.00,0.00,0.97
2026-08-23T20:29:22Z,0.714,17.8,751.2,0.00,0.00,0.00,0.00,0.90
2026-08-23T20:29:23Z,0.771,19.3,751.1,0.00,0.00,0.00,0.00,0.90
2026-08-23T20:29:24Z,0.735,18.4,750.8,0.00,0.23,0.00,0.00,0.90
2026-08-23T20:29:25Z,0.702,17.5,747.7,0.00,0.00,0.00,0.00,0.90
2026-08-23T20:29:26Z,0.721,18.0,749.3,0.00,0.00,0.00,0.00,1.06
2026-08-23T20:29:28Z,0.704,17.6,751.3,0.00,0.01,0.00,0.00,1.06
2026-08-23T20:29:29Z,0.687,17.2,753.3,0.00,0.00,0.00,0.00,1.06
2026-08-23T20:29:30Z,0.800,20.0,750.8,0.00,0.00,0.00,0.00,1.06
2026-08-23T20:29:31Z,0.809,20.2,753.2,0.00,0.24,0.00,0.00,1.06
2026-08-23T20:29:32Z,0.676,16.9,754.0,0.00,0.00,0.00,0.00,0.98
2026-08-23T20:29:33Z,0.771,19.3,755.2,0.00,0.00,0.00,0.00,0.98
2026-08-23T20:29:34Z,0.725,18.1,758.2,0.00,0.06,0.00,0.00,0.98
2026-08-23T20:29:35Z,0.742,18.6,761.4,0.00,0.00,0.00,0.00,0.98
2026-08-23T20:29:36Z,0.762,19.1,762.3,0.00,0.00,0.00,0.00,0.98
2026-08-23T20:29:37Z,0.704,17.6,763.8,0.00,0.00,0.00,0.00,0.90
2026-08-23T20:29:38Z,0.721,18.0,757.2,0.00,0.03,0.00,0.00,0.90
2026-08-23T20:29:39Z,0.743,18.6,760.4,0.00,0.02,0.00,0.00,0.90
2026-08-23T20:29:40Z,0.754,18.9,760.9,0.00,0.00,0.00,0.00,0.90
2026-08-23T20:29:41Z,0.686,17.2,760.1,0.00,0.00,0.00,0.00,0.90
2026-08-23T20:29:42Z,0.731,18.3,760.8,0.00,0.00,0.00,0.00,1.07
2026-08-23T20:29:43Z,0.713,17.8,761.5,0.00,0.00,0.00,0.00,1.07
2026-08-23T20:29:44Z,0.772,19.3,763.8,0.00,0.00,0.00,0.00,1.07
2026-08-23T20:29:45Z,0.667,16.7,764.6,0.00,0.00,0.00,0.00,1.07
2026-08-23T20:29:46Z,0.696,17.4,764.8,0.00,0.00,0.00,0.00,1.07
2026-08-23T20:29:47Z,0.716,17.9,757.3,0.00,0.00,0.00,0.00,0.98
2026-08-23T20:29:48Z,0.713,17.8,759.6,0.00,0.01,0.00,0.00,0.98
2026-08-23T20:29:49Z,0.809,20.2,760.1,0.00,0.00,0.00,0.00,0.98
2026-08-23T20:29:50Z,0.744,18.6,761.8,0.00,0.00,0.00,0.00,0.98
2026-08-23T20:29:51Z,0.755,18.9,765.5,0.00,0.01,0.00,0.00,0.98
2026-08-23T20:29:52Z,0.780,19.5,757.8,0.00,0.00,0.00,0.00,0.90
2026-08-23T20:29:53Z,0.763,19.1,757.8,0.00,0.00,0.00,0.00,0.90
2026-08-23T20:29:54Z,0.672,16.8,756.1,0.00,0.00,0.00,0.00,0.90
2026-08-23T20:29:56Z,0.710,17.8,756.3,0.00,0.00,0.00,0.00,0.90
2026-08-23T20:29:57Z,0.743,18.6,754.4,0.00,0.00,0.00,0.00,0.83
2026-08-23T20:29:58Z,0.732,18.3,754.7,0.00,0.00,0.00,0.00,0.83
2026-08-23T20:29:59Z,0.704,17.6,753.6,0.00,0.00,0.00,0.00,0.83
2026-08-23T20:30:00Z,0.770,19.2,753.2,0.00,0.00,0.00,0.00,0.83
2026-08-23T20:30:01Z,0.664,16.6,753.5,0.00,0.00,0.00,0.00,0.83
2026-08-23T20:30:02Z,0.743,18.6,752.7,0.00,0.00,0.00,0.00,0.85
2026-08-23T20:30:03Z,0.732,18.3,755.9,0.00,0.00,0.00,0.00,0.85
2026-08-23T20:30:04Z,0.761,19.0,757.4,0.00,0.00,0.00,0.00,0.85
2026-08-23T20:30:05Z,0.758,18.9,757.3,0.00,0.42,0.00,0.00,0.85
2026-08-23T20:30:06Z,0.721,18.0,753.8,0.00,0.00,0.00,0.00,0.85
2026-08-23T20:30:07Z,0.711,17.8,756.7,0.00,0.00,0.00,0.00,1.90
2026-08-23T20:30:08Z,0.675,16.9,756.5,0.00,0.07,0.00,0.00,1.90
2026-08-23T20:30:09Z,0.690,17.2,754.0,0.00,0.00,0.00,0.00,1.90
2026-08-23T20:30:10Z,0.820,20.5,753.4,0.00,0.00,0.00,0.00,1.90
2026-08-23T20:30:11Z,0.713,17.8,755.8,0.00,0.00,0.00,0.00,1.90
2026-08-23T20:30:12Z,0.722,18.1,756.2,0.00,0.47,0.00,0.00,1.75
2026-08-23T20:30:13Z,0.750,18.8,754.2,0.00,0.07,0.00,0.00,1.75
2026-08-23T20:30:14Z,0.740,18.5,756.8,0.00,0.00,0.00,0.00,1.75
2026-08-23T20:30:15Z,0.664,16.6,758.5,0.00,0.00,0.00,0.00,1.75
2026-08-23T20:30:16Z,0.798,20.0,760.5,0.00,0.11,0.00,0.00,1.75
2026-08-23T20:30:17Z,0.733,18.3,754.5,0.00,0.00,0.00,0.00,1.61
2026-08-23T20:30:18Z,0.696,17.4,751.4,0.00,0.00,0.00,0.00,1.61
2026-08-23T20:30:19Z,0.751,18.8,751.4,0.00,0.00,0.00,0.00,1.61
2026-08-23T20:30:20Z,0.732,18.3,752.2,0.00,0.00,0.00,0.00,1.61
2026-08-23T20:30:21Z,0.712,17.8,753.3,0.00,0.00,0.00,0.00,1.88
2026-08-23T20:30:23Z,0.701,17.5,751.3,0.00,0.01,0.00,0.00,1.88
2026-08-23T20:30:24Z,0.730,18.2,753.3,0.00,0.00,0.00,0.00,1.88
2026-08-23T20:30:25Z,0.723,18.1,753.9,0.00,0.00,0.00,0.00,1.88
2026-08-23T20:30:26Z,0.693,17.3,753.5,0.00,0.00,0.00,0.00,1.88
2026-08-23T20:30:27Z,0.720,18.0,753.8,0.00,0.00,0.00,0.00,1.73
2026-08-23T20:30:28Z,0.682,17.1,753.8,0.00,0.00,0.00,0.00,1.73
2026-08-23T20:30:29Z,0.657,16.4,752.6,0.00,0.01,0.00,0.00,1.73
2026-08-23T20:30:30Z,0.808,20.2,749.3,0.00,0.00,0.00,0.00,1.73
2026-08-23T20:30:31Z,0.739,18.5,749.8,0.00,0.00,0.00,0.00,1.73
2026-08-23T20:30:32Z,0.713,17.8,750.5,0.00,0.00,0.00,0.00,1.83
2026-08-23T20:30:33Z,0.722,18.1,749.3,0.00,0.00,0.00,0.00,1.83
2026-08-23T20:30:34Z,0.656,16.4,750.5,0.00,0.00,0.00,0.00,1.83
2026-08-23T20:30:35Z,0.733,18.3,748.9,0.00,0.01,0.00,0.00,1.83
2026-08-23T20:30:36Z,0.705,17.6,750.6,0.00,0.00,0.00,0.00,1.83
2026-08-23T20:30:37Z,0.704,17.6,753.0,0.00,0.00,0.00,0.00,1.76
2026-08-23T20:30:38Z,0.683,17.1,753.8,0.00,0.00,0.00,0.00,1.76
2026-08-23T20:30:39Z,0.656,16.4,751.1,0.00,0.00,0.00,0.00,1.76
2026-08-23T20:30:40Z,0.639,16.0,751.7,0.00,0.37,0.00,0.00,1.76
2026-08-23T20:30:41Z,0.779,19.5,752.4,0.00,0.01,0.00,0.00,1.76
2026-08-23T20:30:42Z,0.712,17.8,745.6,0.00,0.00,0.00,0.00,1.62
2026-08-23T20:30:43Z,0.714,17.8,747.0,0.00,0.03,0.00,0.00,1.62
2026-08-23T20:30:44Z,0.734,18.4,749.5,0.00,0.00,0.00,0.00,1.62
2026-08-23T20:30:45Z,0.637,15.9,752.2,0.00,0.00,0.00,0.00,1.62
2026-08-23T20:30:46Z,0.686,17.2,749.3,0.00,0.00,0.00,0.00,1.62
2026-08-23T20:30:47Z,0.744,18.6,746.5,0.00,0.00,0.00,0.00,1.57
2026-08-23T20:30:48Z,0.715,17.9,749.1,0.00,0.00,0.00,0.00,1.57
2026-08-23T20:30:50Z,0.723,18.1,748.6,0.00,0.00,0.00,0.00,1.57
2026-08-23T20:30:51Z,0.716,17.9,747.4,0.00,0.00,0.00,0.00,1.57
2026-08-23T20:30:52Z,0.667,16.7,748.7,0.00,0.00,0.00,0.00,1.61
2026-08-23T20:30:53Z,0.637,15.9,749.4,0.00,0.00,0.00,0.00,1.61
2026-08-23T20:30:54Z,0.726,18.1,750.6,0.00,0.00,0.00,0.00,1.61
2026-08-23T20:30:55Z,0.733,18.3,750.8,0.00,0.00,0.00,0.00,1.61
2026-08-23T20:30:56Z,0.745,18.6,751.2,0.00,0.00,0.00,0.00,1.61
2026-08-23T20:30:57Z,0.716,17.9,750.5,0.00,0.01,0.00,0.00,1.48
2026-08-23T20:30:58Z,0.727,18.2,745.3,0.00,0.00,0.00,0.00,1.48
2026-08-23T20:30:59Z,0.717,17.9,746.9,0.00,0.00,0.00,0.00,1.48
2026-08-23T20:31:00Z,0.772,19.3,749.1,0.00,0.00,0.00,0.00,1.48
2026-08-23T20:31:01Z,0.724,18.1,749.5,0.00,0.00,0.00,0.00,1.48
2026-08-23T20:31:02Z,0.771,19.3,746.2,0.00,0.00,0.00,0.00,1.52
2026-08-23T20:31:03Z,0.931,23.3,749.6,0.00,0.01,0.00,0.00,1.52
2026-08-23T20:31:04Z,1.087,27.2,751.3,0.00,0.00,0.00,0.00,1.52
2026-08-23T20:31:05Z,0.980,24.5,749.8,0.00,0.00,0.00,0.00,1.52
2026-08-23T20:31:06Z,0.762,19.1,746.4,0.00,0.00,0.00,0.00,1.52
2026-08-23T20:31:07Z,0.685,17.1,747.3,0.00,0.01,0.00,0.00,1.64
2026-08-23T20:31:08Z,0.708,17.7,748.1,0.00,0.00,0.00,0.00,1.64
2026-08-23T20:31:09Z,0.765,19.1,749.7,0.00,0.00,0.00,0.00,1.64
2026-08-23T20:31:10Z,0.753,18.8,748.1,0.00,0.00,0.00,0.00,1.64
2026-08-23T20:31:11Z,0.725,18.1,747.1,0.00,0.00,0.00,0.00,1.64
2026-08-23T20:31:12Z,0.677,16.9,746.9,0.00,0.00,0.00,0.00,1.51
2026-08-23T20:31:13Z,0.753,18.8,748.9,0.00,0.41,0.00,0.00,1.51
2026-08-23T20:31:14Z,0.754,18.9,749.7,0.00,0.00,0.00,0.00,1.51
2026-08-23T20:31:15Z,0.736,18.4,750.7,0.00,0.00,0.00,0.00,1.51
2026-08-23T20:31:16Z,0.745,18.6,749.7,0.00,0.00,0.00,0.00,1.51
2026-08-23T20:31:17Z,0.761,19.0,751.9,0.00,0.00,0.00,0.00,1.79
2026-08-23T20:31:18Z,0.656,16.4,753.2,0.00,0.00,0.00,0.00,1.79
2026-08-23T20:31:20Z,0.792,19.8,753.7,0.00,0.00,0.00,0.00,1.79
2026-08-23T20:31:21Z,0.726,18.1,747.6,0.00,0.00,0.00,0.00,1.79
2026-08-23T20:31:22Z,0.764,19.1,749.8,0.00,0.00,0.00,0.00,1.64
2026-08-23T20:31:23Z,0.725,18.1,749.3,0.00,0.00,0.00,0.00,1.64
2026-08-23T20:31:24Z,0.744,18.6,750.3,0.00,0.00,0.00,0.00,1.64
2026-08-23T20:31:25Z,0.731,18.3,752.0,0.00,0.00,0.00,0.00,1.64
2026-08-23T20:31:26Z,0.726,18.1,749.4,0.00,0.01,0.00,0.00,1.64
2026-08-23T20:31:27Z,0.745,18.6,752.1,0.00,0.00,0.00,0.00,1.67
2026-08-23T20:31:28Z,0.657,16.4,748.0,0.00,0.00,0.00,0.00,1.67
2026-08-23T20:31:29Z,0.696,17.4,749.7,0.00,0.00,0.00,0.00,1.67
2026-08-23T20:31:30Z,0.859,21.5,748.9,0.00,0.00,0.00,0.00,1.67
2026-08-23T20:31:31Z,0.723,18.1,748.8,0.00,0.00,0.00,0.00,1.67
2026-08-23T20:31:32Z,0.704,17.6,747.9,0.00,0.00,0.00,0.00,1.54
2026-08-23T20:31:33Z,0.686,17.2,747.9,0.00,0.01,0.00,0.00,1.54
2026-08-23T20:31:34Z,0.744,18.6,747.1,0.00,0.00,0.00,0.00,1.54
2026-08-23T20:31:35Z,0.781,19.5,752.7,0.00,0.00,0.00,0.00,1.54
2026-08-23T20:31:36Z,0.686,17.2,754.2,0.00,0.00,0.00,0.00,1.54
2026-08-23T20:31:37Z,0.744,18.6,751.9,0.00,0.00,0.00,0.00,1.41
2026-08-23T20:31:38Z,0.707,17.7,749.4,0.00,0.01,0.00,0.00,1.41
2026-08-23T20:31:39Z,0.763,19.1,750.4,0.00,0.00,0.00,0.00,1.41
2026-08-23T20:31:40Z,0.704,17.6,752.1,0.00,0.00,0.00,0.00,1.41
2026-08-23T20:31:41Z,0.686,17.2,753.4,0.00,0.00,0.00,0.00,1.41
2026-08-23T20:31:42Z,0.754,18.9,755.5,0.00,0.00,0.00,0.00,1.30
2026-08-23T20:31:43Z,0.725,18.1,747.1,0.00,0.05,0.00,0.00,1.30
2026-08-23T20:31:44Z,0.736,18.4,748.9,0.00,0.00,0.00,0.00,1.30
2026-08-23T20:31:45Z,0.696,17.4,751.0,0.00,0.00,0.00,0.00,1.30
2026-08-23T20:31:46Z,0.677,16.9,752.7,0.00,0.00,0.00,0.00,1.30
2026-08-23T20:31:47Z,0.713,17.8,754.9,0.00,0.00,0.00,0.00,1.20
2026-08-23T20:31:49Z,0.744,18.6,755.6,0.00,0.01,0.00,0.00,1.20
2026-08-23T20:31:50Z,0.773,19.3,757.0,0.00,0.00,0.00,0.00,1.20
2026-08-23T20:31:51Z,0.792,19.8,756.9,0.00,0.00,0.00,0.00,1.20
2026-08-23T20:31:52Z,0.705,17.6,755.1,0.00,0.36,0.00,0.00,1.10
2026-08-23T20:31:53Z,0.677,16.9,757.6,0.00,0.00,0.00,0.00,1.10
2026-08-23T20:31:54Z,0.714,17.8,757.2,0.00,0.00,0.00,0.00,1.10
2026-08-23T20:31:55Z,0.714,17.8,757.9,0.00,0.00,0.00,0.00,1.10
2026-08-23T20:31:56Z,0.745,18.6,759.4,0.00,0.00,0.00,0.00,1.10
2026-08-23T20:31:57Z,0.765,19.1,761.4,0.00,0.00,0.00,0.00,1.01
2026-08-23T20:31:58Z,0.726,18.1,762.5,0.00,0.00,0.00,0.00,1.01
2026-08-23T20:31:59Z,0.610,15.2,764.2,0.00,0.00,0.00,0.00,1.01
2026-08-23T20:32:00Z,0.814,20.3,766.1,0.00,0.00,0.00,0.00,1.01
2026-08-23T20:32:01Z,0.752,18.8,768.0,0.00,0.00,0.00,0.00,1.01
2026-08-23T20:32:02Z,0.715,17.9,769.4,0.00,0.01,0.00,0.00,0.93
2026-08-23T20:32:03Z,0.774,19.4,769.7,0.00,0.00,0.00,0.00,0.93
2026-08-23T20:32:04Z,0.764,19.1,769.5,0.00,0.00,0.00,0.00,0.93
2026-08-23T20:32:05Z,0.639,16.0,767.9,0.00,0.00,0.00,0.00,0.93
2026-08-23T20:32:06Z,0.706,17.6,760.6,0.00,0.00,0.00,0.00,0.93
2026-08-23T20:32:07Z,0.754,18.9,754.0,0.00,0.00,0.00,0.00,0.86
2026-08-23T20:32:08Z,0.763,19.1,755.0,0.00,0.00,0.00,0.00,0.86
2026-08-23T20:32:09Z,0.704,17.6,758.0,0.00,0.00,0.00,0.00,0.86
2026-08-23T20:32:10Z,0.756,18.9,760.7,0.00,0.00,0.00,0.00,0.86
2026-08-23T20:32:11Z,0.724,18.1,756.9,0.00,0.00,0.00,0.00,0.86
2026-08-23T20:32:12Z,0.715,17.9,757.5,0.00,0.00,0.00,0.00,0.79
2026-08-23T20:32:13Z,0.753,18.8,759.8,0.00,0.00,0.00,0.00,0.79
2026-08-23T20:32:14Z,0.609,15.2,755.8,0.00,0.08,0.00,0.00,0.79
2026-08-23T20:32:15Z,0.772,19.3,758.0,0.00,0.00,0.00,0.00,0.79
2026-08-23T20:32:16Z,0.722,18.1,759.4,0.00,0.00,0.00,0.00,0.79
2026-08-23T20:32:17Z,0.772,19.3,760.3,0.00,0.00,0.00,0.00,1.36
2026-08-23T20:32:19Z,0.743,18.6,760.5,0.00,0.00,0.00,0.00,1.36
2026-08-23T20:32:20Z,0.752,18.8,759.3,0.00,0.00,0.00,0.00,1.36
2026-08-23T20:32:21Z,0.735,18.4,760.0,0.00,0.00,0.00,0.00,1.36
2026-08-23T20:32:22Z,0.772,19.3,759.5,0.00,0.00,0.00,0.00,1.34
2026-08-23T20:32:23Z,0.707,17.7,761.1,0.00,0.34,0.00,0.00,1.34
2026-08-23T20:32:24Z,0.696,17.4,758.1,0.00,0.00,0.00,0.00,1.34
2026-08-23T20:32:25Z,0.745,18.6,758.8,0.00,0.01,0.00,0.00,1.34
2026-08-23T20:32:26Z,0.706,17.6,759.4,0.00,0.00,0.00,0.00,1.34
2026-08-23T20:32:27Z,0.793,19.8,751.9,0.00,0.00,0.00,0.00,1.23
2026-08-23T20:32:28Z,0.744,18.6,752.0,0.00,0.00,0.00,0.00,1.23
2026-08-23T20:32:29Z,0.745,18.6,754.2,0.00,0.00,0.00,0.00,1.23
2026-08-23T20:32:30Z,0.686,17.2,755.9,0.00,0.00,0.00,0.00,1.23
2026-08-23T20:32:31Z,0.775,19.4,757.1,0.00,0.00,0.00,0.00,1.23
2026-08-23T20:32:32Z,0.687,17.2,755.2,0.00,0.00,0.00,0.00,1.13
2026-08-23T20:32:33Z,0.766,19.1,755.9,0.00,0.00,0.00,0.00,1.13
2026-08-23T20:32:34Z,0.725,18.1,753.9,0.00,0.00,0.00,0.00,1.13
2026-08-23T20:32:35Z,0.704,17.6,754.8,0.00,0.00,0.00,0.00,1.13
2026-08-23T20:32:36Z,0.764,19.1,756.1,0.00,0.00,0.00,0.00,1.13
2026-08-23T20:32:37Z,0.716,17.9,758.0,0.00,0.00,0.00,0.00,1.04
2026-08-23T20:32:38Z,0.697,17.4,757.8,0.00,0.00,0.00,0.00,1.04
2026-08-23T20:32:39Z,0.763,19.1,749.6,0.00,0.00,0.00,0.00,1.04
2026-08-23T20:32:40Z,0.744,18.6,749.8,0.00,0.01,0.00,0.00,1.04
2026-08-23T20:32:41Z,0.745,18.6,751.5,0.00,0.00,0.00,0.00,1.04
2026-08-23T20:32:42Z,0.724,18.1,753.2,0.00,0.00,0.00,0.00,0.95
2026-08-23T20:32:43Z,0.725,18.1,753.8,0.00,0.00,0.00,0.00,0.95
2026-08-23T20:32:44Z,0.735,18.4,756.0,0.00,0.05,0.00,0.00,0.95
2026-08-23T20:32:45Z,0.715,17.9,750.0,0.00,0.00,0.00,0.00,0.95
2026-08-23T20:32:46Z,0.755,18.9,752.3,0.00,0.00,0.00,0.00,0.95
2026-08-23T20:32:47Z,0.706,17.6,754.8,0.00,0.00,0.00,0.00,1.12
2026-08-23T20:32:49Z,0.781,19.5,758.3,0.00,0.00,0.00,0.00,1.12
2026-08-23T20:32:50Z,0.714,17.8,755.3,0.00,0.00,0.00,0.00,1.12
2026-08-23T20:32:51Z,0.758,18.9,754.4,0.00,0.00,0.00,0.00,1.12
2026-08-23T20:32:52Z,0.707,17.7,756.8,0.00,0.00,0.00,0.00,1.19
2026-08-23T20:32:53Z,0.764,19.1,760.2,0.00,0.00,0.00,0.00,1.19
2026-08-23T20:32:54Z,0.716,17.9,762.9,0.00,0.00,0.00,0.00,1.19
2026-08-23T20:32:55Z,0.801,20.0,759.8,0.00,0.00,0.00,0.00,1.19
2026-08-23T20:32:56Z,0.746,18.6,761.3,0.00,0.00,0.00,0.00,1.19
2026-08-23T20:32:57Z,0.728,18.2,762.4,0.00,0.00,0.00,0.00,1.09
2026-08-23T20:32:58Z,0.754,18.9,762.8,0.00,0.35,0.00,0.00,1.09
2026-08-23T20:32:59Z,0.705,17.6,762.6,0.00,0.00,0.00,0.00,1.09
2026-08-23T20:33:00Z,0.792,19.8,762.5,0.00,0.01,0.00,0.00,1.09
2026-08-23T20:33:01Z,0.676,16.9,761.4,0.00,0.00,0.00,0.00,1.09
2026-08-23T20:33:02Z,0.803,20.1,756.8,0.00,0.00,0.00,0.00,1.09
2026-08-23T20:33:03Z,0.756,18.9,757.9,0.00,0.00,0.00,0.00,1.09
2026-08-23T20:33:04Z,0.639,16.0,757.1,0.00,0.00,0.00,0.00,1.09
2026-08-23T20:33:05Z,0.734,18.4,757.4,0.00,0.00,0.00,0.00,1.09
2026-08-23T20:33:06Z,0.774,19.4,758.6,0.00,0.01,0.00,0.00,1.09
2026-08-23T20:33:07Z,0.775,19.4,750.3,0.00,0.00,0.00,0.00,1.16
2026-08-23T20:33:08Z,0.728,18.2,752.1,0.00,0.00,0.00,0.00,1.16
2026-08-23T20:33:09Z,0.785,19.6,750.2,0.00,0.00,0.00,0.00,1.16
2026-08-23T20:33:10Z,0.746,18.6,752.5,0.00,0.00,0.00,0.00,1.16
2026-08-23T20:33:11Z,0.705,17.6,751.8,0.00,0.00,0.00,0.00,1.16
2026-08-23T20:33:12Z,0.734,18.4,752.2,0.00,0.01,0.00,0.00,1.23
2026-08-23T20:33:13Z,0.766,19.1,750.9,0.00,0.00,0.00,0.00,1.23
2026-08-23T20:33:14Z,0.756,18.9,750.9,0.00,0.01,0.00,0.00,1.23
2026-08-23T20:33:15Z,0.717,17.9,748.4,0.00,0.05,0.00,0.00,1.23
2026-08-23T20:33:16Z,0.756,18.9,750.0,0.00,0.00,0.00,0.00,1.23
2026-08-23T20:33:17Z,0.745,18.6,749.5,0.00,0.00,0.00,0.00,1.29
2026-08-23T20:33:18Z,0.707,17.7,749.2,0.00,0.00,0.00,0.00,1.29
2026-08-23T20:33:20Z,0.728,18.2,751.7,0.00,0.00,0.00,0.00,1.29
2026-08-23T20:33:21Z,0.707,17.7,753.7,0.00,0.00,0.00,0.00,1.29
2026-08-23T20:33:22Z,0.726,18.1,754.1,0.00,0.00,0.00,0.00,1.19
2026-08-23T20:33:23Z,0.718,17.9,753.2,0.00,0.00,0.00,0.00,1.19
2026-08-23T20:33:24Z,0.735,18.4,752.9,0.00,0.00,0.00,0.00,1.19
2026-08-23T20:33:25Z,0.706,17.6,751.5,0.00,0.00,0.00,0.00,1.19
2026-08-23T20:33:26Z,0.727,18.2,748.9,0.00,0.00,0.00,0.00,1.19
2026-08-23T20:33:27Z,0.708,17.7,748.6,0.00,0.00,0.00,0.00,1.09
2026-08-23T20:33:28Z,0.698,17.4,748.8,0.00,0.00,0.00,0.00,1.09
2026-08-23T20:33:29Z,0.649,16.2,749.4,0.00,0.00,0.00,0.00,1.09
2026-08-23T20:33:30Z,0.794,19.9,752.0,0.00,0.00,0.00,0.00,1.09
2026-08-23T20:33:31Z,0.715,17.9,750.0,0.00,0.00,0.00,0.00,1.09
2026-08-23T20:33:32Z,0.726,18.1,750.4,0.00,0.34,0.00,0.00,1.48
2026-08-23T20:33:33Z,0.677,16.9,747.7,0.00,0.00,0.00,0.00,1.48
2026-08-23T20:33:34Z,0.755,18.9,748.6,0.00,0.00,0.00,0.00,1.48
2026-08-23T20:33:35Z,0.699,17.5,747.7,0.00,0.00,0.00,0.00,1.48
2026-08-23T20:33:36Z,0.698,17.4,750.3,0.00,0.00,0.00,0.00,1.48
2026-08-23T20:33:37Z,0.704,17.6,752.5,0.00,0.00,0.00,0.00,1.36
2026-08-23T20:33:38Z,0.727,18.2,746.1,0.00,0.00,0.00,0.00,1.36
2026-08-23T20:33:39Z,0.659,16.5,749.0,0.00,0.00,0.00,0.00,1.36
2026-08-23T20:33:40Z,0.824,20.6,752.0,0.00,0.00,0.00,0.00,1.36
2026-08-23T20:33:41Z,0.775,19.4,751.2,0.00,0.00,0.00,0.00,1.36
2026-08-23T20:33:42Z,0.678,17.0,753.4,0.00,0.00,0.00,0.00,1.50
2026-08-23T20:33:43Z,0.747,18.7,756.1,0.00,0.01,0.00,0.00,1.50
2026-08-23T20:33:44Z,0.727,18.2,750.5,0.00,0.00,0.00,0.00,1.50
2026-08-23T20:33:45Z,0.766,19.1,751.2,0.00,0.00,0.00,0.00,1.50
2026-08-23T20:33:46Z,0.747,18.7,754.4,0.00,0.06,0.00,0.00,1.50
2026-08-23T20:33:47Z,0.717,17.9,754.8,0.00,0.00,0.00,0.00,1.54
2026-08-23T20:33:48Z,0.698,17.4,755.3,0.00,0.00,0.00,0.00,1.54
2026-08-23T20:33:49Z,0.736,18.4,756.8,0.00,0.00,0.00,0.00,1.54
2026-08-23T20:33:50Z,0.716,17.9,754.8,0.00,0.00,0.00,0.00,1.54
2026-08-23T20:33:52Z,0.666,16.7,756.5,0.00,0.00,0.00,0.00,1.49
2026-08-23T20:33:53Z,0.707,17.7,756.1,0.00,0.00,0.00,0.00,1.49
2026-08-23T20:33:54Z,0.765,19.1,754.1,0.00,0.00,0.00,0.00,1.49
2026-08-23T20:33:55Z,0.784,19.6,754.4,0.00,0.00,0.00,0.00,1.49
2026-08-23T20:33:56Z,0.707,17.7,752.9,0.00,0.00,0.00,0.00,1.49
2026-08-23T20:33:57Z,0.678,17.0,755.4,0.00,0.00,0.00,0.00,1.37
2026-08-23T20:33:58Z,0.735,18.4,756.4,0.00,0.00,0.00,0.00,1.37
2026-08-23T20:33:59Z,0.620,15.5,755.3,0.00,0.01,0.00,0.00,1.37
2026-08-23T20:34:00Z,0.775,19.4,751.8,0.00,0.00,0.00,0.00,1.37
2026-08-23T20:34:01Z,0.725,18.1,755.1,0.00,0.00,0.00,0.00,1.37
2026-08-23T20:34:02Z,0.727,18.2,756.8,0.00,0.00,0.00,0.00,1.26
2026-08-23T20:34:03Z,0.745,18.6,758.5,0.00,0.00,0.00,0.00,1.26
2026-08-23T20:34:04Z,0.705,17.6,760.0,0.00,0.00,0.00,0.00,1.26
2026-08-23T20:34:05Z,0.658,16.4,758.6,0.00,0.00,0.00,0.00,1.26
2026-08-23T20:34:06Z,0.747,18.7,757.1,0.00,0.00,0.00,0.00,1.26
2026-08-23T20:34:07Z,0.678,17.0,756.5,0.00,0.00,0.00,0.00,1.16
2026-08-23T20:34:08Z,0.793,19.8,754.4,0.00,0.00,0.00,0.00,1.16
2026-08-23T20:34:09Z,1.163,29.1,775.7,0.00,0.54,0.00,0.00,1.16
2026-08-23T20:34:10Z,0.737,18.4,773.1,0.00,0.00,0.00,0.00,1.16
2026-08-23T20:34:11Z,0.726,18.1,767.7,0.00,0.00,0.00,0.00,1.16
2026-08-23T20:34:12Z,0.708,17.7,767.2,0.00,0.00,0.00,0.00,1.23
2026-08-23T20:34:13Z,0.726,18.1,761.9,0.00,0.00,0.00,0.00,1.23
2026-08-23T20:34:14Z,0.844,21.1,761.3,0.00,0.01,0.00,0.00,1.23
2026-08-23T20:34:15Z,0.717,17.9,757.5,0.00,0.00,0.00,0.00,1.23
2026-08-23T20:34:16Z,0.774,19.4,756.6,0.00,0.08,0.00,0.00,1.23
2026-08-23T20:34:17Z,0.707,17.7,759.8,0.00,0.05,0.00,0.00,1.13
2026-08-23T20:34:18Z,0.698,17.4,760.0,0.00,0.00,0.00,0.00,1.13
2026-08-23T20:34:19Z,0.756,18.9,759.3,0.00,0.55,0.00,0.00,1.13
2026-08-23T20:34:20Z,0.678,17.0,758.7,0.00,0.00,0.00,0.00,1.13
2026-08-23T20:34:21Z,0.669,16.7,758.3,0.00,0.00,0.00,0.00,1.13
2026-08-23T20:34:22Z,0.726,18.1,756.2,0.00,0.00,0.00,0.00,1.04
2026-08-23T20:34:24Z,0.717,17.9,751.3,0.00,0.00,0.00,0.00,1.04
2026-08-23T20:34:25Z,0.727,18.2,753.5,0.00,0.00,0.00,0.00,1.04
2026-08-23T20:34:26Z,0.756,18.9,756.6,0.00,0.00,0.00,0.00,1.04
2026-08-23T20:34:27Z,0.718,17.9,758.7,0.00,0.00,0.00,0.00,0.96
2026-08-23T20:34:28Z,0.746,18.6,759.8,0.00,0.00,0.00,0.00,0.96
2026-08-23T20:34:29Z,0.745,18.6,759.7,0.00,0.01,0.00,0.00,0.96
2026-08-23T20:34:30Z,0.726,18.1,759.9,0.00,0.00,0.00,0.00,0.96
2026-08-23T20:34:31Z,0.718,17.9,753.1,0.00,0.00,0.00,0.00,0.96
2026-08-23T20:34:32Z,0.737,18.4,752.8,0.00,0.00,0.00,0.00,0.96
2026-08-23T20:34:33Z,0.708,17.7,755.0,0.00,0.00,0.00,0.00,0.96
2026-08-23T20:34:34Z,0.707,17.7,757.2,0.00,0.26,0.00,0.00,0.96
2026-08-23T20:34:35Z,0.679,17.0,759.4,0.00,0.00,0.00,0.00,0.96
2026-08-23T20:34:36Z,0.717,17.9,758.9,0.00,0.00,0.00,0.00,0.96
2026-08-23T20:34:37Z,0.669,16.7,760.2,0.00,0.00,0.00,0.00,0.88
2026-08-23T20:34:38Z,0.737,18.4,758.0,0.00,0.22,0.00,0.00,0.88
2026-08-23T20:34:39Z,0.709,17.7,757.7,0.00,0.00,0.00,0.00,0.88
2026-08-23T20:34:40Z,0.668,16.7,756.9,0.00,0.00,0.00,0.00,0.88
2026-08-23T20:34:41Z,0.678,17.0,757.2,0.00,0.00,0.00,0.00,0.88
2026-08-23T20:34:42Z,0.708,17.7,748.8,0.00,0.03,0.00,0.00,0.81
2026-08-23T20:34:43Z,0.697,17.4,752.4,0.00,0.03,0.00,0.00,0.81
2026-08-23T20:34:44Z,0.689,17.2,754.1,0.00,0.00,0.00,0.00,0.81
2026-08-23T20:34:45Z,0.728,18.2,755.2,0.00,0.01,0.00,0.00,0.81
2026-08-23T20:34:46Z,0.698,17.4,756.5,0.00,0.17,0.00,0.00,0.81
2026-08-23T20:34:47Z,0.757,18.9,757.6,0.00,0.00,0.00,0.00,0.75
2026-08-23T20:34:48Z,0.726,18.1,758.4,0.00,0.00,0.00,0.00,0.75
2026-08-23T20:34:49Z,0.719,18.0,758.6,0.00,0.00,0.00,0.00,0.75
2026-08-23T20:34:50Z,0.700,17.5,758.4,0.00,0.00,0.00,0.00,0.75
2026-08-23T20:34:51Z,0.669,16.7,750.7,0.00,0.00,0.00,0.00,0.75
2026-08-23T20:34:52Z,0.746,18.6,750.5,0.00,0.00,0.00,0.00,0.69
2026-08-23T20:34:53Z,0.668,16.7,751.5,0.00,0.00,0.00,0.00,0.69
2026-08-23T20:34:54Z,0.736,18.4,753.0,0.00,0.00,0.00,0.00,0.69
2026-08-23T20:34:56Z,0.687,17.2,754.3,0.00,0.00,0.00,0.00,0.69
2026-08-23T20:34:57Z,0.766,19.1,756.2,0.00,0.17,0.00,0.00,0.63
2026-08-23T20:34:58Z,0.718,17.9,755.5,0.00,0.00,0.00,0.00,0.63
2026-08-23T20:34:59Z,0.677,16.9,750.0,0.00,0.00,0.00,0.00,0.63
2026-08-23T20:35:00Z,0.697,17.4,752.3,0.00,0.00,0.00,0.00,0.63
2026-08-23T20:35:01Z,0.697,17.4,754.0,0.00,0.00,0.00,0.00,0.63
2026-08-23T20:35:02Z,0.784,19.6,754.2,0.00,0.00,0.00,0.00,0.58
2026-08-23T20:35:03Z,0.735,18.4,753.7,0.00,0.00,0.00,0.00,0.58
2026-08-23T20:35:04Z,0.728,18.2,756.1,0.00,0.01,0.00,0.00,0.58
2026-08-23T20:35:05Z,0.831,20.8,758.6,0.00,0.00,0.00,0.00,0.58
2026-08-23T20:35:06Z,0.716,17.9,758.6,0.00,0.00,0.00,0.00,0.58
2026-08-23T20:35:07Z,0.726,18.1,756.5,0.00,0.00,0.00,0.00,0.53
2026-08-23T20:35:08Z,0.717,17.9,757.1,0.00,0.00,0.00,0.00,0.53
2026-08-23T20:35:09Z,0.679,17.0,758.1,0.00,0.41,0.00,0.00,0.53
2026-08-23T20:35:10Z,0.755,18.9,756.5,0.00,0.00,0.00,0.00,0.53
2026-08-23T20:35:11Z,0.726,18.1,759.3,0.00,0.00,0.00,0.00,0.53
2026-08-23T20:35:12Z,0.744,18.6,757.8,0.00,0.51,0.00,0.00,0.73
2026-08-23T20:35:13Z,0.784,19.6,758.7,0.00,0.00,0.00,0.00,0.73
2026-08-23T20:35:14Z,0.754,18.9,760.2,0.00,0.00,0.00,0.00,0.73
2026-08-23T20:35:15Z,0.765,19.1,759.8,0.00,0.11,0.00,0.00,0.73
2026-08-23T20:35:16Z,0.736,18.4,760.8,0.00,0.00,0.00,0.00,0.73
2026-08-23T20:35:17Z,0.811,20.3,760.9,0.00,0.06,0.00,0.00,0.67
2026-08-23T20:35:18Z,0.696,17.4,762.6,0.00,0.00,0.00,0.00,0.67
2026-08-23T20:35:19Z,0.726,18.1,760.3,0.00,0.00,0.00,0.00,0.67
2026-08-23T20:35:20Z,0.658,16.4,751.1,0.00,0.00,0.00,0.00,0.67
2026-08-23T20:35:21Z,0.736,18.4,753.7,0.00,0.00,0.00,0.00,0.67
2026-08-23T20:35:22Z,0.660,16.5,756.3,0.00,0.00,0.00,0.00,0.70
2026-08-23T20:35:23Z,0.667,16.7,755.1,0.00,0.00,0.00,0.00,0.70
2026-08-23T20:35:24Z,0.726,18.1,754.4,0.00,0.00,0.00,0.00,0.70
2026-08-23T20:35:25Z,0.726,18.1,758.2,0.00,0.17,0.00,0.00,0.70
2026-08-23T20:35:27Z,0.725,18.1,758.4,0.00,0.00,0.00,0.00,0.70
2026-08-23T20:35:28Z,0.677,16.9,759.8,0.00,0.00,0.00,0.00,0.64
2026-08-23T20:35:29Z,0.688,17.2,759.0,0.00,0.00,0.00,0.00,0.64
2026-08-23T20:35:30Z,0.805,20.1,761.2,0.00,0.00,0.00,0.00,0.64
2026-08-23T20:35:31Z,0.707,17.7,758.6,0.00,0.00,0.00,0.00,0.64
2026-08-23T20:35:32Z,0.706,17.6,759.9,0.00,0.00,0.00,0.00,0.59
2026-08-23T20:35:33Z,0.678,17.0,760.6,0.00,0.00,0.00,0.00,0.59
2026-08-23T20:35:34Z,0.728,18.2,759.1,0.00,0.00,0.00,0.00,0.59
2026-08-23T20:35:35Z,0.699,17.5,760.6,0.00,0.00,0.00,0.00,0.59
2026-08-23T20:35:36Z,0.708,17.7,761.9,0.00,0.00,0.00,0.00,0.59
2026-08-23T20:35:37Z,0.677,16.9,759.5,0.00,0.00,0.00,0.00,0.54
2026-08-23T20:35:38Z,0.727,18.2,752.2,0.00,0.00,0.00,0.00,0.54
2026-08-23T20:35:39Z,0.689,17.2,754.5,0.00,0.21,0.00,0.00,0.54
2026-08-23T20:35:40Z,0.756,18.9,755.7,0.00,0.00,0.00,0.00,0.54
2026-08-23T20:35:41Z,0.747,18.7,756.3,0.00,0.00,0.00,0.00,0.54
2026-08-23T20:35:42Z,0.757,18.9,754.9,0.00,0.05,0.00,0.00,0.50
2026-08-23T20:35:43Z,0.707,17.7,755.2,0.00,0.01,0.00,0.00,0.50
2026-08-23T20:35:44Z,0.726,18.1,750.3,0.00,0.00,0.00,0.00,0.50
2026-08-23T20:35:45Z,0.754,18.9,752.7,0.00,0.00,0.00,0.00,0.50
2026-08-23T20:35:46Z,0.668,16.7,754.5,0.00,0.00,0.00,0.00,0.50
2026-08-23T20:35:47Z,0.687,17.2,756.1,0.00,0.02,0.00,0.00,0.54
2026-08-23T20:35:48Z,0.716,17.9,755.3,0.00,0.20,0.00,0.00,0.54
2026-08-23T20:35:49Z,0.737,18.4,754.1,0.00,0.00,0.00,0.00,0.54
2026-08-23T20:35:50Z,0.734,18.4,755.2,0.00,0.00,0.00,0.00,0.54
2026-08-23T20:35:51Z,0.647,16.2,756.2,0.00,0.00,0.00,0.00,0.54
2026-08-23T20:35:52Z,0.736,18.4,755.6,0.00,0.00,0.00,0.00,0.50
2026-08-23T20:35:53Z,0.679,17.0,757.1,0.00,0.00,0.00,0.00,0.50
2026-08-23T20:35:54Z,0.766,19.1,756.2,0.00,0.00,0.00,0.00,0.50
2026-08-23T20:35:55Z,0.689,17.2,760.0,0.00,0.00,0.00,0.00,0.50
2026-08-23T20:35:56Z,0.726,18.1,759.7,0.00,0.18,0.00,0.00,0.50
2026-08-23T20:35:57Z,0.716,17.9,760.9,0.00,0.00,0.00,0.00,0.46
2026-08-23T20:35:59Z,0.728,18.2,757.7,0.00,0.00,0.00,0.00,0.46
2026-08-23T20:36:00Z,0.727,18.2,751.0,0.00,0.00,0.00,0.00,0.46
2026-08-23T20:36:01Z,0.698,17.4,754.9,0.00,0.00,0.00,0.00,0.46
2026-08-23T20:36:02Z,0.767,19.2,754.3,0.00,0.00,0.00,0.00,0.42
2026-08-23T20:36:03Z,0.688,17.2,754.0,0.00,0.00,0.00,0.00,0.42
2026-08-23T20:36:04Z,0.717,17.9,756.0,0.00,0.00,0.00,0.00,0.42
2026-08-23T20:36:05Z,0.707,17.7,755.3,0.00,0.00,0.00,0.00,0.42
2026-08-23T20:36:06Z,0.725,18.1,757.3,0.00,0.17,0.00,0.00,0.42
2026-08-23T20:36:07Z,0.746,18.6,748.3,0.00,0.00,0.00,0.00,0.39
2026-08-23T20:36:08Z,0.765,19.1,747.2,0.00,0.00,0.00,0.00,0.39
2026-08-23T20:36:09Z,0.706,17.6,747.7,0.00,0.00,0.00,0.00,0.39
2026-08-23T20:36:10Z,0.773,19.3,749.5,0.00,0.00,0.00,0.00,0.39
2026-08-23T20:36:11Z,0.679,17.0,750.1,0.00,0.00,0.00,0.00,0.39
2026-08-23T20:36:12Z,0.697,17.4,748.0,0.00,0.00,0.00,0.00,0.44
2026-08-23T20:36:13Z,0.680,17.0,748.7,0.00,0.06,0.00,0.00,0.44
2026-08-23T20:36:14Z,0.717,17.9,746.4,0.00,0.00,0.00,0.00,0.44
2026-08-23T20:36:15Z,0.746,18.6,747.0,0.00,0.00,0.00,0.00,0.44
2026-08-23T20:36:16Z,0.746,18.6,748.3,0.00,0.00,0.00,0.00,0.44
2026-08-23T20:36:17Z,0.658,16.4,748.1,0.00,0.32,0.00,0.00,0.40
2026-08-23T20:36:18Z,0.757,18.9,749.9,0.00,0.00,0.00,0.00,0.40
2026-08-23T20:36:19Z,0.705,17.6,749.5,0.00,0.03,0.00,0.00,0.40
2026-08-23T20:36:20Z,0.758,18.9,752.7,0.00,0.00,0.00,0.00,0.40
2026-08-23T20:36:21Z,0.736,18.4,752.6,0.00,0.00,0.00,0.00,0.40
2026-08-23T20:36:22Z,0.667,16.7,752.5,0.00,0.00,0.00,0.00,0.53
2026-08-23T20:36:23Z,0.668,16.7,754.9,0.00,0.00,0.00,0.00,0.53
2026-08-23T20:36:24Z,0.717,17.9,753.7,0.00,0.00,0.00,0.00,0.53
2026-08-23T20:36:25Z,0.726,18.1,754.9,0.00,0.00,0.00,0.00,0.53
2026-08-23T20:36:26Z,0.728,18.2,756.7,0.00,0.00,0.00,0.00,0.53
2026-08-23T20:36:27Z,0.698,17.4,758.9,0.00,0.00,0.00,0.00,0.49
2026-08-23T20:36:28Z,0.639,16.0,759.0,0.00,0.00,0.00,0.00,0.49
2026-08-23T20:36:29Z,0.766,19.1,761.4,0.00,0.01,0.00,0.00,0.49
2026-08-23T20:36:31Z,0.745,18.6,762.9,0.00,0.00,0.00,0.00,0.49
2026-08-23T20:36:32Z,0.747,18.7,750.0,0.00,0.00,0.00,0.00,0.77
2026-08-23T20:36:33Z,0.728,18.2,754.0,0.00,0.00,0.00,0.00,0.77
2026-08-23T20:36:34Z,0.706,17.6,754.7,0.00,0.00,0.00,0.00,0.77
2026-08-23T20:36:35Z,0.843,21.1,757.1,0.00,0.00,0.00,0.00,0.77
2026-08-23T20:36:36Z,1.125,28.1,777.0,0.00,0.00,0.00,0.00,0.77
2026-08-23T20:36:37Z,0.688,17.2,774.2,0.00,0.01,0.00,0.00,0.87
2026-08-23T20:36:38Z,0.709,17.7,772.4,0.00,0.00,0.00,0.00,0.87
2026-08-23T20:36:39Z,0.697,17.4,773.2,0.00,0.00,0.00,0.00,0.87
2026-08-23T20:36:40Z,0.737,18.4,774.9,0.00,0.00,0.00,0.00,0.87
2026-08-23T20:36:41Z,0.727,18.2,775.6,0.00,0.00,0.00,0.00,0.87
2026-08-23T20:36:42Z,0.785,19.6,776.8,0.00,0.00,0.00,0.00,0.80
2026-08-23T20:36:43Z,0.676,16.9,769.9,0.00,0.07,0.00,0.00,0.80
2026-08-23T20:36:44Z,0.736,18.4,766.9,0.00,0.00,0.00,0.00,0.80
2026-08-23T20:36:45Z,0.699,17.5,768.2,0.00,0.00,0.00,0.00,0.80
2026-08-23T20:36:46Z,0.718,17.9,768.0,0.00,0.00,0.00,0.00,0.80
2026-08-23T20:36:47Z,0.717,17.9,767.0,0.00,0.00,0.00,0.00,0.81
2026-08-23T20:36:48Z,0.725,18.1,765.1,0.00,0.06,0.00,0.00,0.81
2026-08-23T20:36:49Z,0.783,19.6,763.4,0.00,0.01,0.00,0.00,0.81
2026-08-23T20:36:50Z,0.784,19.6,764.3,0.00,0.00,0.00,0.00,0.81
2026-08-23T20:36:51Z,0.745,18.6,753.8,0.00,0.00,0.00,0.00,0.81
2026-08-23T20:36:52Z,0.727,18.2,755.2,0.00,0.00,0.00,0.00,0.75
2026-08-23T20:36:53Z,0.705,17.6,756.4,0.00,0.00,0.00,0.00,0.75
2026-08-23T20:36:54Z,0.774,19.4,756.9,0.00,0.54,0.00,0.00,0.75
2026-08-23T20:36:55Z,0.744,18.6,747.7,0.00,0.00,0.00,0.00,0.75
2026-08-23T20:36:56Z,0.734,18.4,749.3,0.00,0.00,0.00,0.00,0.75
2026-08-23T20:36:57Z,0.717,17.9,750.0,0.00,0.00,0.00,0.00,0.69
2026-08-23T20:36:58Z,0.716,17.9,747.9,0.00,0.00,0.00,0.00,0.69
2026-08-23T20:36:59Z,0.890,22.2,749.1,0.00,0.00,0.00,0.00,0.69
2026-08-23T20:37:00Z,0.744,18.6,752.0,0.00,0.00,0.00,0.00,0.69
2026-08-23T20:37:01Z,0.745,18.6,752.0,0.00,0.00,0.00,0.00,0.69
2026-08-23T20:37:03Z,0.705,17.6,753.7,0.00,0.00,0.00,0.00,0.63
2026-08-23T20:37:04Z,0.718,17.9,753.6,0.00,0.01,0.00,0.00,0.63
2026-08-23T20:37:05Z,0.707,17.7,755.8,0.00,0.00,0.00,0.00,0.63
2026-08-23T20:37:06Z,0.775,19.4,755.9,0.00,0.00,0.00,0.00,0.63
2026-08-23T20:37:07Z,0.706,17.6,748.1,0.00,0.00,0.00,0.00,0.98
2026-08-23T20:37:08Z,0.678,17.0,749.4,0.00,0.00,0.00,0.00,0.98
2026-08-23T20:37:09Z,0.677,16.9,753.3,0.00,0.00,0.00,0.00,0.98
2026-08-23T20:37:10Z,0.717,17.9,752.9,0.00,0.00,0.00,0.00,0.98
2026-08-23T20:37:11Z,0.776,19.4,755.4,0.00,0.00,0.00,0.00,0.98
2026-08-23T20:37:12Z,0.745,18.6,757.3,0.00,0.00,0.00,0.00,0.90
2026-08-23T20:37:13Z,0.755,18.9,756.8,0.00,0.00,0.00,0.00,0.90
2026-08-23T20:37:14Z,0.735,18.4,760.4,0.00,0.05,0.00,0.00,0.90
2026-08-23T20:37:15Z,0.775,19.4,760.0,0.00,0.00,0.00,0.00,0.90
2026-08-23T20:37:16Z,0.747,18.7,759.9,0.00,0.00,0.00,0.00,0.90
2026-08-23T20:37:17Z,0.756,18.9,759.2,0.00,0.00,0.00,0.00,1.07
2026-08-23T20:37:18Z,0.755,18.9,759.6,0.00,0.00,0.00,0.00,1.07
2026-08-23T20:37:19Z,0.746,18.6,759.2,0.00,0.00,0.00,0.00,1.07
2026-08-23T20:37:20Z,0.745,18.6,759.3,0.00,0.03,0.00,0.00,1.07
2026-08-23T20:37:21Z,0.736,18.4,752.0,0.00,0.00,0.00,0.00,1.07
2026-08-23T20:37:22Z,0.708,17.7,753.0,0.00,0.01,0.00,0.00,1.23
2026-08-23T20:37:23Z,0.745,18.6,753.5,0.00,0.00,0.00,0.00,1.23
2026-08-23T20:37:24Z,0.708,17.7,756.9,0.00,0.00,0.00,0.00,1.23
2026-08-23T20:37:25Z,0.735,18.4,757.1,0.00,0.36,0.00,0.00,1.23
2026-08-23T20:37:26Z,0.747,18.7,759.9,0.00,0.00,0.00,0.00,1.23
2026-08-23T20:37:27Z,0.745,18.6,760.2,0.00,0.00,0.00,0.00,1.13
2026-08-23T20:37:28Z,0.755,18.9,757.9,0.00,0.00,0.00,0.00,1.13
2026-08-23T20:37:29Z,0.737,18.4,759.9,0.00,0.00,0.00,0.00,1.13
2026-08-23T20:37:30Z,0.725,18.1,760.4,0.00,0.00,0.00,0.00,1.13
2026-08-23T20:37:31Z,0.765,19.1,760.9,0.00,0.00,0.00,0.00,1.13
2026-08-23T20:37:32Z,0.715,17.9,760.7,0.00,0.00,0.00,0.00,1.04
2026-08-23T20:37:34Z,0.687,17.2,759.6,0.00,0.17,0.00,0.00,1.04
2026-08-23T20:37:35Z,0.737,18.4,761.4,0.00,0.00,0.00,0.00,1.04
2026-08-23T20:37:36Z,0.783,19.6,762.2,0.00,0.00,0.00,0.00,1.04
2026-08-23T20:37:37Z,0.737,18.4,761.9,0.00,0.00,0.00,0.00,0.95
2026-08-23T20:37:38Z,0.717,17.9,762.6,0.00,0.01,0.00,0.00,0.95
2026-08-23T20:37:39Z,0.687,17.2,753.7,0.00,0.00,0.00,0.00,0.95
2026-08-23T20:37:40Z,0.756,18.9,754.8,0.00,0.00,0.00,0.00,0.95
2026-08-23T20:37:41Z,0.746,18.6,756.3,0.00,0.00,0.00,0.00,0.95
2026-08-23T20:37:42Z,0.669,16.7,757.8,0.00,0.00,0.00,0.00,0.88
2026-08-23T20:37:43Z,0.726,18.1,759.0,0.00,0.00,0.00,0.00,0.88
2026-08-23T20:37:44Z,0.717,17.9,761.4,0.00,0.16,0.00,0.00,0.88
2026-08-23T20:37:45Z,0.717,17.9,764.0,0.00,0.05,0.00,0.00,0.88
2026-08-23T20:37:46Z,0.771,19.3,751.9,0.00,0.00,0.00,0.00,0.88
2026-08-23T20:37:47Z,0.746,18.6,752.9,0.00,0.00,0.00,0.00,0.97
2026-08-23T20:37:48Z,0.698,17.4,754.4,0.00,0.00,0.00,0.00,0.97
2026-08-23T20:37:49Z,0.699,17.5,753.8,0.00,0.00,0.00,0.00,0.97
2026-08-23T20:37:50Z,0.688,17.2,754.2,0.00,0.03,0.00,0.00,0.97
2026-08-23T20:37:51Z,0.707,17.7,753.6,0.00,0.17,0.00,0.00,0.97
2026-08-23T20:37:52Z,0.687,17.2,754.2,0.00,0.00,0.00,0.00,0.89
2026-08-23T20:37:53Z,0.725,18.1,756.7,0.00,0.00,0.00,0.00,0.89
2026-08-23T20:37:54Z,0.689,17.2,757.2,0.00,0.00,0.00,0.00,0.89
2026-08-23T20:37:55Z,0.717,17.9,758.2,0.00,0.00,0.00,0.00,0.89
2026-08-23T20:37:56Z,0.686,17.2,759.2,0.00,0.01,0.00,0.00,0.89
2026-08-23T20:37:57Z,0.706,17.6,758.4,0.00,0.00,0.00,0.00,0.82
2026-08-23T20:37:58Z,0.656,16.4,759.6,0.00,0.00,0.00,0.00,0.82
2026-08-23T20:37:59Z,0.723,18.1,760.6,0.00,0.00,0.00,0.00,0.82
2026-08-23T20:38:00Z,0.649,16.2,760.8,0.00,0.00,0.00,0.00,0.82
2026-08-23T20:38:01Z,0.734,18.4,762.0,0.00,0.00,0.00,0.00,0.82
2026-08-23T20:38:02Z,0.705,17.6,760.8,0.00,0.01,0.00,0.00,0.75
2026-08-23T20:38:03Z,0.676,16.9,762.1,0.00,0.00,0.00,0.00,0.75
2026-08-23T20:38:05Z,0.780,19.5,758.6,0.00,0.00,0.00,0.00,0.75
2026-08-23T20:38:06Z,0.724,18.1,752.4,0.00,0.00,0.00,0.00,0.75
2026-08-23T20:38:07Z,0.685,17.1,755.8,0.00,0.00,0.00,0.00,0.93
2026-08-23T20:38:08Z,0.725,18.1,756.2,0.00,0.00,0.00,0.00,0.93
2026-08-23T20:38:09Z,0.705,17.6,757.3,0.00,0.00,0.00,0.00,0.93
2026-08-23T20:38:10Z,0.732,18.3,758.8,0.00,0.00,0.00,0.00,0.93
2026-08-23T20:38:11Z,0.657,16.4,758.6,0.00,0.00,0.00,0.00,0.93
2026-08-23T20:38:12Z,0.754,18.9,759.5,0.00,0.00,0.00,0.00,1.18
2026-08-23T20:38:13Z,0.724,18.1,756.9,0.00,0.00,0.00,0.00,1.18
2026-08-23T20:38:14Z,0.723,18.1,759.8,0.00,0.00,0.00,0.00,1.18
2026-08-23T20:38:15Z,0.695,17.4,761.6,0.00,0.00,0.00,0.00,1.18
2026-08-23T20:38:16Z,0.732,18.3,758.6,0.00,0.04,0.00,0.00,1.18
2026-08-23T20:38:17Z,0.676,16.9,759.0,0.00,0.00,0.00,0.00,1.16
2026-08-23T20:38:18Z,0.734,18.4,758.6,0.00,0.00,0.00,0.00,1.16
2026-08-23T20:38:19Z,0.696,17.4,759.3,0.00,0.00,0.00,0.00,1.16
2026-08-23T20:38:20Z,0.770,19.2,757.8,0.00,0.02,0.00,0.00,1.16
2026-08-23T20:38:21Z,0.635,15.9,757.9,0.00,0.00,0.00,0.00,1.16
2026-08-23T20:38:22Z,0.648,16.2,758.5,0.00,0.35,0.00,0.00,1.07
2026-08-23T20:38:23Z,0.762,19.1,758.6,0.00,0.00,0.00,0.00,1.07
2026-08-23T20:38:24Z,0.676,16.9,755.5,0.00,0.00,0.00,0.00,1.07
2026-08-23T20:38:25Z,0.760,19.0,756.6,0.00,0.01,0.00,0.00,1.07
2026-08-23T20:38:26Z,0.722,18.1,757.4,0.00,0.00,0.00,0.00,1.07
2026-08-23T20:38:27Z,0.730,18.2,750.5,0.00,0.00,0.00,0.00,1.06
2026-08-23T20:38:28Z,0.665,16.6,752.4,0.00,0.00,0.00,0.00,1.06
2026-08-23T20:38:29Z,0.714,17.8,754.9,0.00,0.00,0.00,0.00,1.06
2026-08-23T20:38:30Z,0.704,17.6,755.1,0.00,0.00,0.00,0.00,1.06
2026-08-23T20:38:31Z,0.716,17.9,755.6,0.00,0.00,0.00,0.00,1.06
2026-08-23T20:38:32Z,0.731,18.3,756.8,0.00,0.00,0.00,0.00,0.98
2026-08-23T20:38:34Z,0.651,16.3,758.3,0.00,0.00,0.00,0.00,0.98
2026-08-23T20:38:35Z,0.721,18.0,758.4,0.00,0.00,0.00,0.00,0.98
2026-08-23T20:38:36Z,0.692,17.3,755.9,0.00,0.00,0.00,0.00,0.98
2026-08-23T20:38:37Z,0.713,17.8,757.6,0.00,0.00,0.00,0.00,0.90
2026-08-23T20:38:38Z,0.686,17.2,757.6,0.00,0.00,0.00,0.00,0.90
2026-08-23T20:38:39Z,0.731,18.3,759.0,0.00,0.00,0.00,0.00,0.90
2026-08-23T20:38:40Z,0.627,15.7,761.0,0.00,0.00,0.00,0.00,0.90
2026-08-23T20:38:41Z,0.684,17.1,762.9,0.00,0.00,0.00,0.00,0.90
2026-08-23T20:38:42Z,0.658,16.4,761.5,0.00,0.00,0.00,0.00,0.83
2026-08-23T20:38:43Z,0.664,16.6,762.4,0.00,0.00,0.00,0.00,0.83
2026-08-23T20:38:44Z,0.684,17.1,760.8,0.00,0.01,0.00,0.00,0.83
2026-08-23T20:38:45Z,0.761,19.0,760.7,0.00,0.00,0.00,0.00,0.83
2026-08-23T20:38:46Z,0.668,16.7,761.8,0.00,0.05,0.00,0.00,0.83
2026-08-23T20:38:47Z,0.684,17.1,760.9,0.00,0.00,0.00,0.00,0.84
2026-08-23T20:38:48Z,0.694,17.3,759.8,0.00,0.00,0.00,0.00,0.84
2026-08-23T20:38:49Z,0.696,17.4,751.7,0.00,0.00,0.00,0.00,0.84
2026-08-23T20:38:50Z,0.712,17.8,754.2,0.00,0.00,0.00,0.00,0.84
2026-08-23T20:38:51Z,0.674,16.9,748.4,0.00,0.02,0.00,0.00,0.84
2026-08-23T20:38:52Z,0.714,17.8,750.6,0.00,0.00,0.00,0.00,0.86
2026-08-23T20:38:53Z,0.743,18.6,751.7,0.00,0.00,0.00,0.00,0.86
2026-08-23T20:38:54Z,0.706,17.6,752.7,0.00,0.00,0.00,0.00,0.86
2026-08-23T20:38:55Z,0.753,18.8,754.9,0.00,0.00,0.00,0.00,0.86
2026-08-23T20:38:56Z,0.763,19.1,756.1,0.00,0.00,0.00,0.00,0.86
2026-08-23T20:38:57Z,0.695,17.4,757.3,0.00,0.00,0.00,0.00,0.79
2026-08-23T20:38:58Z,0.637,15.9,759.2,0.00,0.31,0.00,0.00,0.79
2026-08-23T20:38:59Z,0.750,18.8,753.8,0.00,0.00,0.00,0.00,0.79
2026-08-23T20:39:00Z,0.712,17.8,755.3,0.00,0.00,0.00,0.00,0.79
2026-08-23T20:39:02Z,0.675,16.9,755.3,0.00,0.01,0.00,0.00,0.79
2026-08-23T20:39:03Z,0.686,17.2,755.8,0.00,0.00,0.00,0.00,0.72
2026-08-23T20:39:04Z,0.694,17.3,756.1,0.00,0.00,0.00,0.00,0.72
2026-08-23T20:39:05Z,0.705,17.6,757.1,0.00,0.00,0.00,0.00,0.72
2026-08-23T20:39:06Z,0.676,16.9,752.5,0.00,0.00,0.00,0.00,0.72
2026-08-23T20:39:07Z,0.694,17.3,753.5,0.00,0.00,0.00,0.00,0.66
2026-08-23T20:39:08Z,0.725,18.1,755.2,0.00,0.00,0.00,0.00,0.66
2026-08-23T20:39:09Z,0.705,17.6,753.4,0.00,0.00,0.00,0.00,0.66
2026-08-23T20:39:10Z,0.656,16.4,755.1,0.00,0.00,0.00,0.00,0.66
2026-08-23T20:39:11Z,0.702,17.5,754.9,0.00,0.00,0.00,0.00,0.66
2026-08-23T20:39:12Z,0.684,17.1,756.1,0.00,0.00,0.00,0.00,0.61
2026-08-23T20:39:13Z,0.695,17.4,750.0,0.00,0.00,0.00,0.00,0.61
2026-08-23T20:39:14Z,0.694,17.3,751.2,0.00,0.00,0.00,0.00,0.61
2026-08-23T20:39:15Z,0.721,18.0,751.2,0.00,0.00,0.00,0.00,0.61
2026-08-23T20:39:16Z,0.702,17.5,750.0,0.00,0.04,0.00,0.00,0.61
2026-08-23T20:39:17Z,0.741,18.5,749.3,0.00,0.00,0.00,0.00,0.72
2026-08-23T20:39:18Z,0.723,18.1,751.1,0.00,0.00,0.00,0.00,0.72
2026-08-23T20:39:19Z,0.695,17.4,751.1,0.00,0.00,0.00,0.00,0.72
2026-08-23T20:39:20Z,0.724,18.1,754.3,0.00,0.00,0.00,0.00,0.72
2026-08-23T20:39:21Z,0.703,17.6,756.9,0.00,0.02,0.00,0.00,0.72
2026-08-23T20:39:22Z,0.704,17.6,758.4,0.00,0.00,0.00,0.00,0.75
2026-08-23T20:39:23Z,0.706,17.6,761.6,0.00,0.00,0.00,0.00,0.75
2026-08-23T20:39:24Z,0.715,17.9,763.5,0.00,0.01,0.00,0.00,0.75
2026-08-23T20:39:25Z,0.646,16.2,758.1,0.00,0.00,0.00,0.00,0.75
2026-08-23T20:39:26Z,0.761,19.0,755.7,0.00,0.00,0.00,0.00,0.75
2026-08-23T20:39:27Z,0.686,17.2,757.8,0.00,0.00,0.00,0.00,0.93
2026-08-23T20:39:28Z,0.676,16.9,759.3,0.00,0.00,0.00,0.00,0.93
2026-08-23T20:39:30Z,0.647,16.2,760.5,0.00,0.00,0.00,0.00,0.93
2026-08-23T20:39:31Z,0.722,18.1,759.5,0.00,0.30,0.00,0.00,0.93
2026-08-23T20:39:32Z,0.705,17.6,761.5,0.00,0.01,0.00,0.00,1.17
2026-08-23T20:39:33Z,0.724,18.1,761.7,0.00,0.00,0.00,0.00,1.17
2026-08-23T20:39:34Z,0.725,18.1,763.2,0.00,0.00,0.00,0.00,1.17
2026-08-23T20:39:35Z,0.732,18.3,760.3,0.00,0.00,0.00,0.00,1.17
2026-08-23T20:39:36Z,0.676,16.9,758.6,0.00,0.00,0.00,0.00,1.17
2026-08-23T20:39:37Z,0.706,17.6,760.8,0.00,0.00,0.00,0.00,1.40
2026-08-23T20:39:38Z,0.647,16.2,761.3,0.00,0.00,0.00,0.00,1.40
2026-08-23T20:39:39Z,0.714,17.8,761.3,0.00,0.00,0.00,0.00,1.40
2026-08-23T20:39:40Z,0.734,18.4,757.3,0.00,0.01,0.00,0.00,1.40
2026-08-23T20:39:41Z,0.723,18.1,760.2,0.00,0.00,0.00,0.00,1.40
2026-08-23T20:39:42Z,0.726,18.1,762.2,0.00,0.00,0.00,0.00,1.29
2026-08-23T20:39:43Z,0.706,17.6,754.1,0.00,0.29,0.00,0.00,1.29
2026-08-23T20:39:44Z,0.712,17.8,751.6,0.00,0.00,0.00,0.00,1.29
2026-08-23T20:39:45Z,0.675,16.9,751.0,0.00,0.00,0.00,0.00,1.29
2026-08-23T20:39:46Z,0.695,17.4,752.0,0.00,0.00,0.00,0.00,1.29
2026-08-23T20:39:47Z,0.696,17.4,751.7,0.00,0.00,0.00,0.00,1.26
2026-08-23T20:39:48Z,0.639,16.0,751.4,0.00,0.03,0.00,0.00,1.26
2026-08-23T20:39:49Z,0.733,18.3,750.3,0.00,0.00,0.00,0.00,1.26
2026-08-23T20:39:50Z,0.696,17.4,750.3,0.00,0.25,0.00,0.00,1.26
2026-08-23T20:39:51Z,0.687,17.2,752.2,0.00,0.00,0.00,0.00,1.26
2026-08-23T20:39:52Z,0.656,16.4,753.2,0.00,0.00,0.00,0.00,1.16
2026-08-23T20:39:53Z,0.694,17.3,754.0,0.00,0.01,0.00,0.00,1.16
2026-08-23T20:39:54Z,0.725,18.1,753.4,0.00,0.00,0.00,0.00,1.16
2026-08-23T20:39:55Z,0.675,16.9,754.3,0.00,0.00,0.00,0.00,1.16
2026-08-23T20:39:56Z,0.751,18.8,754.8,0.00,0.00,0.00,0.00,1.16
2026-08-23T20:39:57Z,0.704,17.6,754.4,0.00,0.00,0.00,0.00,1.07
2026-08-23T20:39:59Z,0.685,17.1,757.0,0.00,0.00,0.00,0.00,1.07
2026-08-23T20:40:00Z,0.732,18.3,757.4,0.00,0.00,0.00,0.00,1.07
2026-08-23T20:40:01Z,0.667,16.7,758.1,0.00,0.00,0.00,0.00,1.07
2026-08-23T20:40:02Z,0.692,17.3,757.8,0.00,0.18,0.00,0.00,0.98
2026-08-23T20:40:03Z,0.686,17.2,757.2,0.00,0.00,0.00,0.00,0.98
2026-08-23T20:40:04Z,0.705,17.6,760.3,0.00,0.00,0.00,0.00,0.98
2026-08-23T20:40:05Z,0.658,16.4,761.5,0.00,0.00,0.00,0.00,0.98
2026-08-23T20:40:06Z,0.609,15.2,758.4,0.00,0.00,0.00,0.00,0.98
2026-08-23T20:40:07Z,0.675,16.9,760.4,0.00,0.00,0.00,0.00,1.14
2026-08-23T20:40:08Z,0.733,18.3,758.8,0.00,0.36,0.00,0.00,1.14
2026-08-23T20:40:09Z,0.750,18.8,759.2,0.00,0.00,0.00,0.00,1.14
2026-08-23T20:40:10Z,0.655,16.4,759.9,0.00,0.01,0.00,0.00,1.14
2026-08-23T20:40:11Z,0.649,16.2,760.0,0.00,0.00,0.00,0.00,1.14
2026-08-23T20:40:12Z,0.666,16.7,759.8,0.00,0.49,0.00,0.00,1.13
2026-08-23T20:40:13Z,0.750,18.8,758.4,0.00,0.00,0.00,0.00,1.13
2026-08-23T20:40:14Z,0.753,18.8,756.9,0.00,0.00,0.00,0.00,1.13
2026-08-23T20:40:15Z,0.723,18.1,757.4,0.00,0.00,0.00,0.00,1.13
2026-08-23T20:40:16Z,0.715,17.9,757.9,0.00,0.00,0.00,0.00,1.13
2026-08-23T20:40:17Z,0.725,18.1,757.6,0.00,0.16,0.00,0.00,1.04
2026-08-23T20:40:18Z,0.696,17.4,758.1,0.00,0.00,0.00,0.00,1.04
2026-08-23T20:40:19Z,0.754,18.9,757.7,0.00,0.21,0.00,0.00,1.04
2026-08-23T20:40:20Z,0.731,18.3,760.0,0.00,0.00,0.00,0.00,1.04
2026-08-23T20:40:21Z,0.695,17.4,758.1,0.00,0.00,0.00,0.00,1.04
2026-08-23T20:40:22Z,0.725,18.1,760.5,0.00,0.00,0.00,0.00,0.96
2026-08-23T20:40:23Z,0.687,17.2,762.0,0.00,0.00,0.00,0.00,0.96
2026-08-23T20:40:24Z,0.715,17.9,760.5,0.00,0.00,0.00,0.00,0.96
2026-08-23T20:40:25Z,0.656,16.4,759.2,0.00,0.00,0.00,0.00,0.96
2026-08-23T20:40:27Z,0.743,18.6,760.2,0.00,0.01,0.00,0.00,0.96
2026-08-23T20:40:28Z,0.695,17.4,760.7,0.00,0.00,0.00,0.00,1.04
2026-08-23T20:40:29Z,0.706,17.6,760.2,0.00,0.17,0.00,0.00,1.04
2026-08-23T20:40:30Z,0.686,17.2,756.3,0.00,0.00,0.00,0.00,1.04
2026-08-23T20:40:31Z,0.733,18.3,756.7,0.00,0.00,0.00,0.00,1.04
2026-08-23T20:40:32Z,0.700,17.5,755.6,0.00,0.00,0.00,0.00,0.96
2026-08-23T20:40:33Z,0.686,17.2,757.1,0.00,0.00,0.00,0.00,0.96
2026-08-23T20:40:34Z,0.696,17.4,758.6,0.00,0.00,0.00,0.00,0.96
2026-08-23T20:40:35Z,0.637,15.9,760.1,0.00,0.00,0.00,0.00,0.96
2026-08-23T20:40:36Z,0.735,18.4,751.9,0.00,0.00,0.00,0.00,0.96
2026-08-23T20:40:37Z,0.677,16.9,752.0,0.00,0.00,0.00,0.00,0.88
2026-08-23T20:40:38Z,0.675,16.9,754.0,0.00,0.00,0.00,0.00,0.88
2026-08-23T20:40:39Z,0.648,16.2,754.9,0.00,0.00,0.00,0.00,0.88
2026-08-23T20:40:40Z,0.704,17.6,756.9,0.00,0.20,0.00,0.00,0.88
2026-08-23T20:40:41Z,0.705,17.6,758.5,0.00,0.00,0.00,0.00,0.88
2026-08-23T20:40:42Z,0.764,19.1,756.6,0.00,0.00,0.00,0.00,0.81
2026-08-23T20:40:43Z,0.665,16.6,758.3,0.00,0.04,0.00,0.00,0.81
2026-08-23T20:40:44Z,0.704,17.6,753.3,0.00,0.00,0.00,0.00,0.81
2026-08-23T20:40:45Z,0.618,15.4,753.5,0.00,0.00,0.00,0.00,0.81
2026-08-23T20:40:46Z,0.666,16.7,755.0,0.00,0.00,0.00,0.00,0.81
2026-08-23T20:40:47Z,0.665,16.6,756.5,0.00,0.26,0.00,0.00,0.75
2026-08-23T20:40:48Z,0.695,17.4,756.7,0.00,0.01,0.00,0.00,0.75
2026-08-23T20:40:49Z,0.725,18.1,753.9,0.00,0.00,0.00,0.00,0.75
2026-08-23T20:40:50Z,0.686,17.2,754.4,0.00,0.00,0.00,0.00,0.75
2026-08-23T20:40:51Z,0.620,15.5,755.6,0.00,0.00,0.00,0.00,0.75
2026-08-23T20:40:52Z,0.705,17.6,749.8,0.00,0.00,0.00,0.00,0.68
2026-08-23T20:40:53Z,0.696,17.4,750.0,0.00,0.00,0.00,0.00,0.68
2026-08-23T20:40:54Z,0.712,17.8,749.6,0.00,0.00,0.00,0.00,0.68
2026-08-23T20:40:56Z,0.743,18.6,751.3,0.00,0.00,0.00,0.00,0.68
2026-08-23T20:40:57Z,0.716,17.9,752.6,0.00,0.00,0.00,0.00,0.68
2026-08-23T20:40:58Z,0.688,17.2,753.4,0.00,0.18,0.00,0.00,0.63
2026-08-23T20:40:59Z,0.658,16.4,752.1,0.00,0.00,0.00,0.00,0.63
2026-08-23T20:41:00Z,0.725,18.1,747.8,0.00,0.00,0.00,0.00,0.63
2026-08-23T20:41:01Z,0.676,16.9,749.2,0.00,0.00,0.00,0.00,0.63
2026-08-23T20:41:02Z,0.685,17.1,749.3,0.00,0.00,0.00,0.00,0.58
2026-08-23T20:41:03Z,0.716,17.9,749.7,0.00,0.00,0.00,0.00,0.58
2026-08-23T20:41:04Z,0.668,16.7,750.2,0.00,0.00,0.00,0.00,0.58
2026-08-23T20:41:05Z,0.676,16.9,751.6,0.00,0.00,0.00,0.00,0.58
2026-08-23T20:41:06Z,0.754,18.9,752.2,0.00,0.00,0.00,0.00,0.58
2026-08-23T20:41:07Z,0.697,17.4,754.7,0.00,0.00,0.00,0.00,0.53
2026-08-23T20:41:08Z,0.722,18.1,751.3,0.00,0.00,0.00,0.00,0.53
2026-08-23T20:41:09Z,0.754,18.9,753.2,0.00,0.00,0.00,0.00,0.53
2026-08-23T20:41:10Z,0.735,18.4,756.4,0.00,0.23,0.00,0.00,0.53
2026-08-23T20:41:11Z,0.609,15.2,754.5,0.00,0.00,0.00,0.00,0.53
2026-08-23T20:41:12Z,0.705,17.6,757.2,0.00,0.00,0.00,0.00,0.65
2026-08-23T20:41:13Z,0.705,17.6,756.2,0.00,0.06,0.00,0.00,0.65
2026-08-23T20:41:14Z,0.695,17.4,753.9,0.00,0.00,0.00,0.00,0.65
2026-08-23T20:41:15Z,0.717,17.9,754.9,0.00,0.00,0.00,0.00,0.65
2026-08-23T20:41:16Z,0.743,18.6,753.5,0.00,0.00,0.00,0.00,0.65
2026-08-23T20:41:17Z,0.713,17.8,755.0,0.00,0.03,0.00,0.00,1.64
2026-08-23T20:41:18Z,0.685,17.1,754.0,0.00,0.21,0.00,0.00,1.64
2026-08-23T20:41:19Z,0.727,18.2,754.6,0.00,0.00,0.00,0.00,1.64
2026-08-23T20:41:20Z,0.716,17.9,754.6,0.00,0.00,0.00,0.00,1.64
2026-08-23T20:41:21Z,0.669,16.7,755.6,0.00,0.00,0.00,0.00,1.64
2026-08-23T20:41:22Z,0.628,15.7,754.1,0.00,0.00,0.00,0.00,1.59
2026-08-23T20:41:23Z,0.745,18.6,753.6,0.00,0.00,0.00,0.00,1.59
2026-08-23T20:41:24Z,0.724,18.1,755.1,0.00,0.00,0.00,0.00,1.59
2026-08-23T20:41:26Z,0.725,18.1,757.4,0.00,0.00,0.00,0.00,1.59
2026-08-23T20:41:27Z,0.717,17.9,757.9,0.00,0.00,0.00,0.00,1.59
2026-08-23T20:41:28Z,0.697,17.4,758.4,0.00,0.17,0.00,0.00,1.46
2026-08-23T20:41:29Z,0.756,18.9,759.5,0.00,0.01,0.00,0.00,1.46
2026-08-23T20:41:30Z,0.725,18.1,751.7,0.00,0.00,0.00,0.00,1.46
2026-08-23T20:41:31Z,0.774,19.4,751.8,0.00,0.00,0.00,0.00,1.46
2026-08-23T20:41:32Z,0.736,18.4,751.8,0.00,0.00,0.00,0.00,1.34
2026-08-23T20:41:33Z,0.765,19.1,751.1,0.00,0.00,0.00,0.00,1.34
2026-08-23T20:41:34Z,0.766,19.1,752.3,0.00,0.00,0.00,0.00,1.34
2026-08-23T20:41:35Z,0.755,18.9,754.0,0.00,0.17,0.00,0.00,1.34
2026-08-23T20:41:36Z,0.772,19.3,747.2,0.00,0.00,0.00,0.00,1.34
2026-08-23T20:41:37Z,0.696,17.4,749.7,0.00,0.00,0.00,0.00,1.32
2026-08-23T20:41:38Z,0.793,19.8,748.6,0.00,0.00,0.00,0.00,1.32
2026-08-23T20:41:39Z,0.707,17.7,748.7,0.00,0.00,0.00,0.00,1.32
2026-08-23T20:41:40Z,0.813,20.3,748.9,0.00,0.00,0.00,0.00,1.32
2026-08-23T20:41:41Z,0.811,20.3,751.6,0.00,0.00,0.00,0.00,1.32
2026-08-23T20:41:42Z,0.755,18.9,748.8,0.00,0.00,0.00,0.00,1.21
2026-08-23T20:41:43Z,0.734,18.4,750.9,0.00,0.05,0.00,0.00,1.21
2026-08-23T20:41:44Z,0.825,20.6,751.8,0.00,0.00,0.00,0.00,1.21
2026-08-23T20:41:45Z,0.772,19.3,750.2,0.00,0.00,0.00,0.00,1.21
2026-08-23T20:41:46Z,0.747,18.7,753.1,0.00,0.20,0.00,0.00,1.21
2026-08-23T20:41:47Z,0.774,19.4,754.1,0.00,0.00,0.00,0.00,1.11
2026-08-23T20:41:48Z,0.714,17.8,754.6,0.00,0.02,0.00,0.00,1.11
2026-08-23T20:41:49Z,0.763,19.1,751.3,0.00,0.00,0.00,0.00,1.11
2026-08-23T20:41:50Z,0.678,17.0,752.5,0.00,0.00,0.00,0.00,1.11
2026-08-23T20:41:51Z,0.715,17.9,751.3,0.00,0.00,0.00,0.00,1.11
2026-08-23T20:41:52Z,0.822,20.5,751.9,0.00,0.00,0.00,0.00,1.02
2026-08-23T20:41:53Z,0.793,19.8,752.2,0.00,0.00,0.00,0.00,1.02
2026-08-23T20:41:54Z,0.848,21.2,751.3,0.00,0.00,0.00,0.00,1.02
2026-08-23T20:41:55Z,0.779,19.5,751.6,0.00,0.22,0.00,0.00,1.02
2026-08-23T20:41:57Z,0.811,20.3,752.6,0.00,0.00,0.00,0.00,1.02
2026-08-23T20:41:58Z,0.820,20.5,750.6,0.00,0.00,0.00,0.00,0.94
2026-08-23T20:41:59Z,0.773,19.3,752.6,0.00,0.00,0.00,0.00,0.94
2026-08-23T20:42:00Z,0.742,18.6,751.1,0.00,0.00,0.00,0.00,0.94
2026-08-23T20:42:01Z,0.915,22.9,753.9,0.00,0.01,0.00,0.00,0.94
2026-08-23T20:42:02Z,0.763,19.1,756.6,0.00,0.00,0.00,0.00,0.87
2026-08-23T20:42:03Z,0.780,19.5,758.8,0.00,0.16,0.00,0.00,0.87
2026-08-23T20:42:04Z,0.800,20.0,762.0,0.00,0.00,0.00,0.00,0.87
2026-08-23T20:42:05Z,0.785,19.6,756.3,0.00,0.00,0.00,0.00,0.87
2026-08-23T20:42:06Z,0.763,19.1,754.4,0.00,0.01,0.00,0.00,0.87
2026-08-23T20:42:07Z,0.843,21.1,756.3,0.00,0.00,0.00,0.00,0.80
2026-08-23T20:42:08Z,0.823,20.6,756.7,0.00,0.00,0.00,0.00,0.80
2026-08-23T20:42:09Z,0.752,18.8,757.7,0.00,0.00,0.00,0.00,0.80
2026-08-23T20:42:10Z,0.831,20.8,757.0,0.00,0.00,0.00,0.00,0.80
2026-08-23T20:42:11Z,0.724,18.1,754.6,0.00,0.00,0.00,0.00,0.80
2026-08-23T20:42:12Z,0.924,23.1,757.4,0.00,0.00,0.00,0.00,0.73
2026-08-23T20:42:13Z,0.817,20.4,759.1,0.00,0.00,0.00,0.00,0.73
2026-08-23T20:42:14Z,0.807,20.2,758.3,0.00,0.05,0.00,0.00,0.73
2026-08-23T20:42:15Z,0.752,18.8,759.4,0.00,0.21,0.00,0.00,0.73
2026-08-23T20:42:16Z,0.762,19.1,758.2,0.00,0.00,0.00,0.00,0.73
2026-08-23T20:42:17Z,0.824,20.6,757.4,0.00,0.00,0.00,0.00,0.67
2026-08-23T20:42:18Z,0.840,21.0,756.9,0.00,0.00,0.00,0.00,0.67
2026-08-23T20:42:19Z,0.844,21.1,757.1,0.00,0.02,0.00,0.00,0.67
2026-08-23T20:42:20Z,0.820,20.5,758.6,0.00,0.00,0.00,0.00,0.67
2026-08-23T20:42:21Z,0.735,18.4,757.8,0.00,0.00,0.00,0.00,0.67
2026-08-23T20:42:22Z,0.865,21.6,759.9,0.00,0.00,0.00,0.00,1.10
2026-08-23T20:42:24Z,0.811,20.3,759.4,0.00,0.18,0.00,0.00,1.10
2026-08-23T20:42:25Z,0.751,18.8,758.2,0.00,0.00,0.00,0.00,1.10
2026-08-23T20:42:26Z,0.781,19.5,757.6,0.00,0.00,0.00,0.00,1.10
2026-08-23T20:42:27Z,0.779,19.5,758.9,0.00,0.00,0.00,0.00,1.49
2026-08-23T20:42:28Z,0.790,19.8,760.1,0.00,0.00,0.00,0.00,1.49
2026-08-23T20:42:29Z,0.724,18.1,760.4,0.00,0.00,0.00,0.00,1.49
2026-08-23T20:42:30Z,0.819,20.5,760.8,0.00,0.00,0.00,0.00,1.49
2026-08-23T20:42:31Z,0.844,21.1,762.0,0.00,0.18,0.00,0.00,1.49
2026-08-23T20:42:32Z,0.752,18.8,760.5,0.00,0.00,0.00,0.00,1.37
2026-08-23T20:42:33Z,0.859,21.5,762.3,0.00,0.00,0.00,0.00,1.37
2026-08-23T20:42:34Z,0.740,18.5,758.8,0.00,0.00,0.00,0.00,1.37
2026-08-23T20:42:35Z,0.807,20.2,755.5,0.00,0.00,0.00,0.00,1.37
2026-08-23T20:42:36Z,0.763,19.1,754.3,0.00,0.00,0.00,0.00,1.37
2026-08-23T20:42:37Z,0.735,18.4,756.5,0.00,0.00,0.00,0.00,1.26
2026-08-23T20:42:38Z,0.837,20.9,755.9,0.00,0.21,0.00,0.00,1.26
2026-08-23T20:42:39Z,0.754,18.9,757.6,0.00,0.00,0.00,0.00,1.26
2026-08-23T20:42:40Z,0.784,19.6,758.5,0.00,0.00,0.00,0.00,1.26
2026-08-23T20:42:41Z,0.704,17.6,759.0,0.00,0.00,0.00,0.00,1.26
2026-08-23T20:42:42Z,0.783,19.6,759.9,0.00,0.00,0.00,0.00,1.24
2026-08-23T20:42:43Z,0.798,20.0,755.6,0.00,0.17,0.00,0.00,1.24
2026-08-23T20:42:44Z,0.770,19.2,758.3,0.00,0.05,0.00,0.00,1.24
2026-08-23T20:42:45Z,0.752,18.8,756.7,0.00,0.00,0.00,0.00,1.24
2026-08-23T20:42:46Z,0.714,17.8,758.6,0.00,0.00,0.00,0.00,1.24
2026-08-23T20:42:47Z,0.744,18.6,758.1,0.00,0.00,0.00,0.00,1.14
2026-08-23T20:42:48Z,0.676,16.9,760.8,0.00,0.02,0.00,0.00,1.14
2026-08-23T20:42:49Z,0.714,17.8,759.9,0.00,0.00,0.00,0.00,1.14
2026-08-23T20:42:50Z,0.770,19.2,760.0,0.00,0.29,0.00,0.00,1.14
2026-08-23T20:42:52Z,0.677,16.9,760.4,0.00,0.00,0.00,0.00,1.14
2026-08-23T20:42:53Z,0.676,16.9,759.1,0.00,0.00,0.00,0.00,1.21
2026-08-23T20:42:54Z,0.761,19.0,758.4,0.00,0.00,0.00,0.00,1.21
2026-08-23T20:42:55Z,0.762,19.1,759.7,0.00,0.00,0.00,0.00,1.21
2026-08-23T20:42:56Z,0.781,19.5,758.3,0.00,0.00,0.00,0.00,1.21
2026-08-23T20:42:57Z,0.731,18.3,758.7,0.00,0.00,0.00,0.00,1.11
2026-08-23T20:42:58Z,0.723,18.1,757.0,0.00,0.00,0.00,0.00,1.11
2026-08-23T20:42:59Z,0.760,19.0,759.1,0.00,0.00,0.00,0.00,1.11
2026-08-23T20:43:00Z,0.793,19.8,750.0,0.00,0.00,0.00,0.00,1.11
2026-08-23T20:43:01Z,0.684,17.1,750.6,0.00,0.23,0.00,0.00,1.11
2026-08-23T20:43:02Z,0.733,18.3,750.0,0.00,0.00,0.00,0.00,1.10
2026-08-23T20:43:03Z,0.734,18.4,751.5,0.00,0.00,0.00,0.00,1.10
2026-08-23T20:43:04Z,0.714,17.8,754.7,0.00,0.00,0.00,0.00,1.10
2026-08-23T20:43:05Z,0.697,17.4,755.9,0.00,0.00,0.00,0.00,1.10
2026-08-23T20:43:06Z,0.723,18.1,755.5,0.00,0.00,0.00,0.00,1.10
2026-08-23T20:43:07Z,0.712,17.8,757.2,0.00,0.00,0.00,0.00,1.02
2026-08-23T20:43:08Z,0.723,18.1,757.1,0.00,0.17,0.00,0.00,1.02
2026-08-23T20:43:09Z,0.724,18.1,757.4,0.00,0.00,0.00,0.00,1.02
2026-08-23T20:43:10Z,0.744,18.6,749.7,0.00,0.00,0.00,0.00,1.02
2026-08-23T20:43:11Z,0.656,16.4,751.4,0.00,0.00,0.00,0.00,1.02
2026-08-23T20:43:12Z,0.724,18.1,753.8,0.00,0.00,0.00,0.00,0.93
2026-08-23T20:43:13Z,0.734,18.4,754.6,0.00,0.00,0.00,0.00,0.93
2026-08-23T20:43:14Z,0.715,17.9,754.6,0.00,0.05,0.00,0.00,0.93
2026-08-23T20:43:15Z,0.764,19.1,755.6,0.00,0.00,0.00,0.00,0.93
2026-08-23T20:43:16Z,0.703,17.6,754.2,0.00,0.16,0.00,0.00,0.93
2026-08-23T20:43:17Z,0.705,17.6,755.4,0.00,0.00,0.00,0.00,0.86
2026-08-23T20:43:18Z,0.725,18.1,755.2,0.00,0.00,0.00,0.00,0.86
2026-08-23T20:43:19Z,0.706,17.6,758.9,0.00,0.02,0.00,0.00,0.86
2026-08-23T20:43:21Z,0.733,18.3,757.7,0.00,0.00,0.00,0.00,0.86
2026-08-23T20:43:22Z,0.659,16.5,759.1,0.00,0.17,0.00,0.00,0.86
2026-08-23T20:43:23Z,0.697,17.4,759.1,0.00,0.00,0.00,0.00,0.79
2026-08-23T20:43:24Z,0.696,17.4,756.5,0.00,0.00,0.00,0.00,0.79
2026-08-23T20:43:25Z,0.687,17.2,758.3,0.00,0.00,0.00,0.00,0.79
2026-08-23T20:43:26Z,0.676,16.9,761.2,0.00,0.00,0.00,0.00,0.79
2026-08-23T20:43:27Z,0.658,16.4,759.4,0.00,0.00,0.00,0.00,1.13
2026-08-23T20:43:28Z,0.669,16.7,759.4,0.00,0.00,0.00,0.00,1.13
2026-08-23T20:43:29Z,0.676,16.9,760.3,0.00,0.14,0.00,0.00,1.13
2026-08-23T20:43:30Z,0.694,17.3,758.7,0.00,0.00,0.00,0.00,1.13
2026-08-23T20:43:31Z,0.734,18.4,758.5,0.00,0.00,0.00,0.00,1.13
2026-08-23T20:43:32Z,0.707,17.7,759.2,0.00,0.00,0.00,0.00,1.60
2026-08-23T20:43:33Z,0.734,18.4,759.3,0.00,0.01,0.00,0.00,1.60
2026-08-23T20:43:34Z,0.714,17.8,759.8,0.00,0.00,0.00,0.00,1.60
2026-08-23T20:43:35Z,0.725,18.1,758.3,0.00,0.00,0.00,0.00,1.60
2026-08-23T20:43:36Z,0.696,17.4,758.4,0.00,0.17,0.00,0.00,1.60
2026-08-23T20:43:37Z,0.713,17.8,761.3,0.00,0.00,0.00,0.00,1.47
2026-08-23T20:43:38Z,0.658,16.4,753.2,0.00,0.00,0.00,0.00,1.47
2026-08-23T20:43:39Z,0.668,16.7,752.0,0.00,0.00,0.00,0.00,1.47
2026-08-23T20:43:40Z,0.751,18.8,753.7,0.00,0.00,0.00,0.00,1.47
2026-08-23T20:43:41Z,0.659,16.5,748.3,0.00,0.00,0.00,0.00,1.47
2026-08-23T20:43:42Z,0.725,18.1,751.7,0.00,0.00,0.00,0.00,1.35
2026-08-23T20:43:43Z,0.655,16.4,751.4,0.00,0.16,0.00,0.00,1.35
2026-08-23T20:43:44Z,0.732,18.3,751.3,0.00,0.05,0.00,0.00,1.35
2026-08-23T20:43:45Z,0.744,18.6,753.1,0.00,0.00,0.00,0.00,1.35
2026-08-23T20:43:46Z,0.696,17.4,753.8,0.00,0.00,0.00,0.00,1.35
2026-08-23T20:43:47Z,0.648,16.2,754.4,0.00,0.00,0.00,0.00,1.32
2026-08-23T20:43:48Z,0.715,17.9,756.3,0.00,0.00,0.00,0.00,1.32
2026-08-23T20:43:50Z,0.725,18.1,753.5,0.00,0.19,0.00,0.00,1.32
2026-08-23T20:43:51Z,0.716,17.9,753.1,0.00,0.00,0.00,0.00,1.32
2026-08-23T20:43:52Z,0.688,17.2,756.3,0.00,0.00,0.00,0.00,1.32
2026-08-23T20:43:53Z,0.676,16.9,755.1,0.00,0.00,0.00,0.00,1.22
2026-08-23T20:43:54Z,0.686,17.2,755.1,0.00,0.00,0.00,0.00,1.22
2026-08-23T20:43:55Z,0.703,17.6,756.9,0.00,0.21,0.00,0.00,1.22
2026-08-23T20:43:56Z,0.724,18.1,757.6,0.00,0.00,0.00,0.00,1.22
2026-08-23T20:43:57Z,0.667,16.7,758.6,0.00,0.00,0.00,0.00,1.12
2026-08-23T20:43:58Z,0.687,17.2,760.3,0.00,0.00,0.00,0.00,1.12
2026-08-23T20:43:59Z,0.696,17.4,757.3,0.00,0.00,0.00,0.00,1.12
2026-08-23T20:44:00Z,0.733,18.3,756.9,0.00,0.00,0.00,0.00,1.12
2026-08-23T20:44:01Z,0.664,16.6,759.1,0.00,0.00,0.00,0.00,1.12
2026-08-23T20:44:02Z,0.686,17.2,759.0,0.00,0.00,0.00,0.00,1.59
2026-08-23T20:44:03Z,0.706,17.6,760.4,0.00,0.00,0.00,0.00,1.59
2026-08-23T20:44:04Z,0.655,16.4,758.2,0.00,0.20,0.00,0.00,1.59
2026-08-23T20:44:05Z,0.704,17.6,759.7,0.00,0.00,0.00,0.00,1.59
2026-08-23T20:44:06Z,0.684,17.1,760.9,0.00,0.00,0.00,0.00,1.59
2026-08-23T20:44:07Z,0.693,17.3,759.5,0.00,0.00,0.00,0.00,1.46
2026-08-23T20:44:08Z,0.617,15.4,762.2,0.00,0.00,0.00,0.00,1.46
2026-08-23T20:44:09Z,0.740,18.5,757.5,0.00,0.00,0.00,0.00,1.46
2026-08-23T20:44:10Z,0.791,19.8,758.0,0.00,0.16,0.00,0.00,1.46
2026-08-23T20:44:11Z,0.741,18.5,759.0,0.00,0.00,0.00,0.00,1.46
2026-08-23T20:44:12Z,0.712,17.8,759.7,0.00,0.00,0.00,0.00,1.35
2026-08-23T20:44:13Z,0.667,16.7,760.2,0.00,0.00,0.00,0.00,1.35
2026-08-23T20:44:14Z,0.705,17.6,761.7,0.00,0.05,0.00,0.00,1.35
2026-08-23T20:44:15Z,0.715,17.9,757.5,0.00,0.16,0.00,0.00,1.35
2026-08-23T20:44:16Z,0.772,19.3,760.0,0.00,0.00,0.00,0.00,1.35
2026-08-23T20:44:17Z,0.725,18.1,761.4,0.00,0.00,0.00,0.00,1.48
2026-08-23T20:44:19Z,0.731,18.3,760.4,0.00,0.02,0.00,0.00,1.48
2026-08-23T20:44:20Z,0.744,18.6,757.8,0.00,0.00,0.00,0.00,1.48
2026-08-23T20:44:21Z,0.744,18.6,759.0,0.00,0.00,0.00,0.00,1.48
2026-08-23T20:44:22Z,0.702,17.5,761.0,0.00,0.22,0.00,0.00,1.76
2026-08-23T20:44:23Z,0.771,19.3,757.5,0.00,0.00,0.00,0.00,1.76
2026-08-23T20:44:24Z,0.730,18.2,760.0,0.00,0.00,0.00,0.00,1.76
2026-08-23T20:44:25Z,0.742,18.6,761.3,0.00,0.00,0.00,0.00,1.76
2026-08-23T20:44:26Z,0.705,17.6,760.6,0.00,0.00,0.00,0.00,1.76
2026-08-23T20:44:27Z,0.733,18.3,762.1,0.00,0.00,0.00,0.00,1.62
2026-08-23T20:44:28Z,0.751,18.8,760.9,0.00,0.00,0.00,0.00,1.62
2026-08-23T20:44:29Z,0.702,17.5,760.4,0.00,0.00,0.00,0.00,1.62
2026-08-23T20:44:30Z,0.715,17.9,761.3,0.00,0.00,0.00,0.00,1.62
2026-08-23T20:44:31Z,0.665,16.6,761.6,0.00,0.17,0.00,0.00,1.62
2026-08-23T20:44:32Z,0.694,17.3,763.1,0.00,0.00,0.00,0.00,1.65
2026-08-23T20:44:33Z,0.732,18.3,761.4,0.00,0.00,0.00,0.00,1.65
2026-08-23T20:44:34Z,0.694,17.3,759.9,0.00,0.00,0.00,0.00,1.65
2026-08-23T20:44:35Z,0.695,17.4,759.2,0.00,0.00,0.00,0.00,1.65
2026-08-23T20:44:36Z,0.667,16.7,761.0,0.00,0.01,0.00,0.00,1.65
2026-08-23T20:44:37Z,0.667,16.7,759.7,0.00,0.00,0.00,0.00,1.68
2026-08-23T20:44:38Z,0.703,17.6,761.3,0.00,0.16,0.00,0.00,1.68
2026-08-23T20:44:39Z,0.705,17.6,755.9,0.00,0.00,0.00,0.00,1.68
2026-08-23T20:44:40Z,0.705,17.6,756.3,0.00,0.00,0.00,0.00,1.68
2026-08-23T20:44:41Z,0.706,17.6,755.1,0.00,0.00,0.00,0.00,1.68
2026-08-23T20:44:42Z,0.694,17.3,756.4,0.00,0.00,0.00,0.00,1.54
2026-08-23T20:44:43Z,0.704,17.6,756.0,0.00,0.27,0.00,0.00,1.54
2026-08-23T20:44:44Z,0.636,15.9,758.9,0.00,0.00,0.00,0.00,1.54
2026-08-23T20:44:45Z,0.719,18.0,759.5,0.00,0.00,0.00,0.00,1.54
2026-08-23T20:44:47Z,0.732,18.3,760.5,0.00,0.00,0.00,0.00,1.54
2026-08-23T20:44:48Z,0.686,17.2,760.3,0.00,0.00,0.00,0.00,1.42
2026-08-23T20:44:49Z,0.695,17.4,747.8,0.00,0.06,0.00,0.00,1.42
2026-08-23T20:44:50Z,0.665,16.6,750.0,0.00,0.00,0.00,0.00,1.42
2026-08-23T20:44:51Z,0.692,17.3,752.4,0.00,0.01,0.00,0.00,1.42
2026-08-23T20:44:52Z,0.693,17.3,753.4,0.00,0.00,0.00,0.00,1.31
2026-08-23T20:44:53Z,0.648,16.2,751.3,0.00,0.00,0.00,0.00,1.31
2026-08-23T20:44:54Z,0.695,17.4,752.9,0.00,0.00,0.00,0.00,1.31
2026-08-23T20:44:55Z,0.723,18.1,751.8,0.00,0.17,0.00,0.00,1.31
2026-08-23T20:44:56Z,0.790,19.8,747.6,0.00,0.00,0.00,0.00,1.31
2026-08-23T20:44:57Z,0.750,18.8,745.5,0.00,0.00,0.00,0.00,1.20
2026-08-23T20:44:58Z,0.629,15.7,746.3,0.00,0.00,0.00,0.00,1.20
2026-08-23T20:44:59Z,0.667,16.7,747.4,0.00,0.00,0.00,0.00,1.20
2026-08-23T20:45:00Z,0.790,19.8,748.8,0.00,0.00,0.00,0.00,1.20
2026-08-23T20:45:01Z,0.751,18.8,748.4,0.00,0.17,0.00,0.00,1.20
2026-08-23T20:45:02Z,0.749,18.7,749.7,0.00,0.00,0.00,0.00,1.10
2026-08-23T20:45:03Z,0.761,19.0,751.4,0.00,0.00,0.00,0.00,1.10
2026-08-23T20:45:04Z,0.783,19.6,754.6,0.00,0.00,0.00,0.00,1.10
2026-08-23T20:45:05Z,0.716,17.9,754.6,0.00,0.00,0.00,0.00,1.10
2026-08-23T20:45:06Z,0.740,18.5,756.5,0.00,0.30,0.00,0.00,1.10
2026-08-23T20:45:07Z,0.751,18.8,757.0,0.00,0.00,0.00,0.00,1.50
2026-08-23T20:45:08Z,0.694,17.3,756.4,0.00,0.00,0.00,0.00,1.50
2026-08-23T20:45:09Z,0.754,18.9,753.5,0.00,0.00,0.00,0.00,1.50
2026-08-23T20:45:10Z,0.782,19.6,745.7,0.00,0.00,0.00,0.00,1.50
2026-08-23T20:45:11Z,0.743,18.6,747.7,0.00,0.49,0.00,0.00,1.50
2026-08-23T20:45:12Z,0.762,19.1,748.9,0.00,0.00,0.00,0.00,1.46
2026-08-23T20:45:13Z,0.715,17.9,752.3,0.00,0.00,0.00,0.00,1.46
2026-08-23T20:45:15Z,0.717,17.9,750.2,0.00,0.00,0.00,0.00,1.46
2026-08-23T20:45:16Z,0.736,18.4,750.3,0.00,0.00,0.00,0.00,1.46
2026-08-23T20:45:17Z,0.706,17.6,753.2,0.00,0.05,0.00,0.00,1.46
2026-08-23T20:45:18Z,0.723,18.1,751.4,0.00,0.00,0.00,0.00,1.58
2026-08-23T20:45:19Z,0.751,18.8,747.0,0.00,0.00,0.00,0.00,1.58
2026-08-23T20:45:20Z,0.792,19.8,748.4,0.00,0.00,0.00,0.00,1.58
2026-08-23T20:45:21Z,0.724,18.1,750.2,0.00,0.00,0.00,0.00,1.58
2026-08-23T20:45:22Z,0.716,17.9,749.9,0.00,0.00,0.00,0.00,1.61
2026-08-23T20:45:23Z,0.725,18.1,750.9,0.00,0.00,0.00,0.00,1.61
2026-08-23T20:45:24Z,0.751,18.8,748.9,0.00,0.00,0.00,0.00,1.61
2026-08-23T20:45:25Z,0.666,16.7,749.0,0.00,0.00,0.00,0.00,1.61
2026-08-23T20:45:26Z,0.753,18.8,747.5,0.00,0.00,0.00,0.00,1.61
2026-08-23T20:45:27Z,0.715,17.9,749.7,0.00,0.00,0.00,0.00,1.49
2026-08-23T20:45:28Z,0.668,16.7,750.6,0.00,0.00,0.00,0.00,1.49
2026-08-23T20:45:29Z,0.609,15.2,750.3,0.00,0.00,0.00,0.00,1.49
2026-08-23T20:45:30Z,0.754,18.9,752.0,0.00,0.00,0.00,0.00,1.49
2026-08-23T20:45:31Z,0.754,18.9,748.9,0.00,0.00,0.00,0.00,1.49
2026-08-23T20:45:32Z,0.676,16.9,749.5,0.00,0.00,0.00,0.00,1.45
2026-08-23T20:45:33Z,0.745,18.6,751.4,0.00,0.00,0.00,0.00,1.45
2026-08-23T20:45:34Z,0.706,17.6,752.9,0.00,0.00,0.00,0.00,1.45
2026-08-23T20:45:35Z,0.696,17.4,750.1,0.00,0.00,0.00,0.00,1.45
2026-08-23T20:45:36Z,0.715,17.9,750.0,0.00,0.00,0.00,0.00,1.45
2026-08-23T20:45:37Z,0.678,17.0,747.6,0.00,0.00,0.00,0.00,1.57
2026-08-23T20:45:38Z,0.736,18.4,749.9,0.00,0.00,0.00,0.00,1.57
2026-08-23T20:45:39Z,0.727,18.2,752.9,0.00,0.00,0.00,0.00,1.57
2026-08-23T20:45:40Z,0.677,16.9,755.8,0.00,0.00,0.00,0.00,1.57
2026-08-23T20:45:41Z,0.727,18.2,750.7,0.00,0.33,0.00,0.00,1.57
2026-08-23T20:45:42Z,0.697,17.4,750.8,0.00,0.05,0.00,0.00,1.44
2026-08-23T20:45:43Z,0.715,17.9,749.2,0.00,0.00,0.00,0.00,1.44
2026-08-23T20:45:45Z,0.658,16.4,750.4,0.00,0.00,0.00,0.00,1.44
2026-08-23T20:45:46Z,0.717,17.9,751.0,0.00,0.00,0.00,0.00,1.44
2026-08-23T20:45:47Z,0.639,16.0,751.0,0.00,0.12,0.00,0.00,1.44
2026-08-23T20:45:48Z,0.782,19.6,749.4,0.00,0.01,0.00,0.00,1.33
2026-08-23T20:45:49Z,0.656,16.4,751.4,0.00,0.00,0.00,0.00,1.33
2026-08-23T20:45:50Z,0.675,16.9,750.0,0.00,0.00,0.00,0.00,1.33
2026-08-23T20:45:51Z,0.657,16.4,750.8,0.00,0.00,0.00,0.00,1.33
2026-08-23T20:45:52Z,0.638,16.0,751.6,0.00,0.01,0.00,0.00,1.22
2026-08-23T20:45:53Z,0.725,18.1,751.1,0.00,0.00,0.00,0.00,1.22
2026-08-23T20:45:54Z,0.706,17.6,751.5,0.00,0.00,0.00,0.00,1.22
2026-08-23T20:45:55Z,0.763,19.1,751.3,0.00,0.00,0.00,0.00,1.22
2026-08-23T20:45:56Z,0.733,18.3,748.9,0.00,0.00,0.00,0.00,1.22
2026-08-23T20:45:57Z,0.688,17.2,752.0,0.00,0.00,0.00,0.00,1.20
2026-08-23T20:45:58Z,0.695,17.4,750.7,0.00,0.00,0.00,0.00,1.20
2026-08-23T20:45:59Z,0.764,19.1,748.0,0.00,0.00,0.00,0.00,1.20
2026-08-23T20:46:00Z,0.704,17.6,749.2,0.00,0.00,0.00,0.00,1.20
2026-08-23T20:46:01Z,0.696,17.4,752.1,0.00,0.00,0.00,0.00,1.20
2026-08-23T20:46:02Z,0.697,17.4,745.7,0.00,0.00,0.00,0.00,1.11
2026-08-23T20:46:03Z,0.744,18.6,748.7,0.00,0.00,0.00,0.00,1.11
2026-08-23T20:46:04Z,0.716,17.9,749.1,0.00,0.00,0.00,0.00,1.11
2026-08-23T20:46:05Z,0.685,17.1,751.0,0.00,0.00,0.00,0.00,1.11
2026-08-23T20:46:06Z,0.705,17.6,754.4,0.00,0.00,0.00,0.00,1.11
2026-08-23T20:46:07Z,0.705,17.6,753.9,0.00,0.00,0.00,0.00,1.02
2026-08-23T20:46:08Z,0.696,17.4,749.9,0.00,0.00,0.00,0.00,1.02
2026-08-23T20:46:09Z,0.666,16.7,751.6,0.00,0.01,0.00,0.00,1.02
2026-08-23T20:46:10Z,0.695,17.4,752.8,0.00,0.00,0.00,0.00,1.02
2026-08-23T20:46:11Z,0.715,17.9,752.9,0.00,0.00,0.00,0.00,1.02
2026-08-23T20:46:12Z,0.696,17.4,747.3,0.00,0.05,0.00,0.00,0.94
2026-08-23T20:46:14Z,0.735,18.4,748.4,0.00,0.42,0.00,0.00,0.94
2026-08-23T20:46:15Z,0.716,17.9,750.0,0.00,0.00,0.00,0.00,0.94
2026-08-23T20:46:16Z,0.766,19.1,751.7,0.00,0.00,0.00,0.00,0.94
2026-08-23T20:46:17Z,0.705,17.6,750.8,0.00,0.00,0.00,0.00,0.94
2026-08-23T20:46:18Z,0.696,17.4,750.9,0.00,0.02,0.00,0.00,0.86
2026-08-23T20:46:19Z,0.676,16.9,751.0,0.00,0.00,0.00,0.00,0.86
2026-08-23T20:46:20Z,0.742,18.6,752.2,0.00,0.00,0.00,0.00,0.86
2026-08-23T20:46:21Z,0.753,18.8,750.5,0.00,0.00,0.00,0.00,0.86
2026-08-23T20:46:22Z,0.715,17.9,751.6,0.00,0.00,0.00,0.00,1.11
2026-08-23T20:46:23Z,0.714,17.8,752.8,0.00,0.00,0.00,0.00,1.11
2026-08-23T20:46:24Z,0.801,20.0,753.4,0.00,0.00,0.00,0.00,1.11
2026-08-23T20:46:25Z,0.685,17.1,753.7,0.00,0.00,0.00,0.00,1.11
2026-08-23T20:46:26Z,0.687,17.2,754.4,0.00,0.00,0.00,0.00,1.11
2026-08-23T20:46:27Z,0.696,17.4,749.2,0.00,0.00,0.00,0.00,1.02
2026-08-23T20:46:28Z,0.696,17.4,750.8,0.00,0.00,0.00,0.00,1.02
2026-08-23T20:46:29Z,0.686,17.2,752.0,0.00,0.00,0.00,0.00,1.02
2026-08-23T20:46:30Z,0.784,19.6,748.7,0.00,0.00,0.00,0.00,1.02
2026-08-23T20:46:31Z,0.665,16.6,750.2,0.00,0.00,0.00,0.00,1.02
2026-08-23T20:46:32Z,0.724,18.1,752.2,0.00,0.00,0.00,0.00,0.94
2026-08-23T20:46:33Z,0.724,18.1,752.4,0.00,0.00,0.00,0.00,0.94
2026-08-23T20:46:34Z,0.733,18.3,752.7,0.00,0.00,0.00,0.00,0.94
2026-08-23T20:46:35Z,0.704,17.6,750.7,0.00,0.00,0.00,0.00,0.94
2026-08-23T20:46:36Z,0.742,18.6,752.1,0.00,0.00,0.00,0.00,0.94
2026-08-23T20:46:37Z,0.665,16.6,749.6,0.00,0.00,0.00,0.00,0.87
2026-08-23T20:46:38Z,0.736,18.4,747.5,0.00,0.00,0.00,0.00,0.87
2026-08-23T20:46:39Z,0.705,17.6,748.6,0.00,0.00,0.00,0.00,0.87
2026-08-23T20:46:40Z,0.781,19.5,748.2,0.00,0.00,0.00,0.00,0.87
2026-08-23T20:46:41Z,0.723,18.1,748.5,0.00,0.00,0.00,0.00,0.87
2026-08-23T20:46:42Z,0.693,17.3,745.7,0.00,0.00,0.00,0.00,0.80
2026-08-23T20:46:44Z,0.716,17.9,748.6,0.00,0.04,0.00,0.00,0.80
2026-08-23T20:46:45Z,0.678,17.0,749.4,0.00,0.00,0.00,0.00,0.80
2026-08-23T20:46:46Z,0.762,19.1,748.0,0.00,0.00,0.00,0.00,0.80
2026-08-23T20:46:47Z,0.751,18.8,750.5,0.00,0.00,0.00,0.00,0.80
2026-08-23T20:46:48Z,0.724,18.1,748.6,0.00,0.00,0.00,0.00,1.13
2026-08-23T20:46:49Z,0.677,16.9,749.8,0.00,0.02,0.00,0.00,1.13
2026-08-23T20:46:50Z,0.753,18.8,750.7,0.00,0.00,0.00,0.00,1.13
2026-08-23T20:46:51Z,0.742,18.6,751.1,0.00,0.00,0.00,0.00,1.13
2026-08-23T20:46:52Z,0.715,17.9,751.9,0.00,0.39,0.00,0.00,1.12
2026-08-23T20:46:53Z,0.706,17.6,752.5,0.00,0.00,0.00,0.00,1.12
2026-08-23T20:46:54Z,0.694,17.3,753.6,0.00,0.01,0.00,0.00,1.12
2026-08-23T20:46:55Z,0.685,17.1,754.6,0.00,0.00,0.00,0.00,1.12
2026-08-23T20:46:56Z,0.696,17.4,755.9,0.00,0.00,0.00,0.00,1.12
2026-08-23T20:46:57Z,0.705,17.6,756.4,0.00,0.00,0.00,0.00,1.19
2026-08-23T20:46:58Z,0.677,16.9,756.5,0.00,0.00,0.00,0.00,1.19
2026-08-23T20:46:59Z,0.705,17.6,756.4,0.00,0.00,0.00,0.00,1.19
2026-08-23T20:47:00Z,0.675,16.9,753.4,0.00,0.00,0.00,0.00,1.19
2026-08-23T20:47:01Z,0.696,17.4,755.6,0.00,0.00,0.00,0.00,1.19
2026-08-23T20:47:02Z,0.677,16.9,757.1,0.00,0.20,0.00,0.00,1.50
2026-08-23T20:47:03Z,0.716,17.9,753.3,0.00,0.00,0.00,0.00,1.50
2026-08-23T20:47:04Z,0.665,16.6,753.4,0.00,0.00,0.00,0.00,1.50
2026-08-23T20:47:05Z,0.696,17.4,751.1,0.00,0.00,0.00,0.00,1.50
2026-08-23T20:47:06Z,0.668,16.7,751.3,0.00,0.00,0.00,0.00,1.50
2026-08-23T20:47:07Z,0.705,17.6,751.6,0.00,0.00,0.00,0.00,1.38
2026-08-23T20:47:08Z,0.648,16.2,750.4,0.00,0.00,0.00,0.00,1.38
2026-08-23T20:47:09Z,0.687,17.2,749.7,0.00,0.20,0.00,0.00,1.38
2026-08-23T20:47:10Z,0.695,17.4,750.2,0.00,0.00,0.00,0.00,1.38
2026-08-23T20:47:11Z,0.647,16.2,749.0,0.00,0.01,0.00,0.00,1.38
2026-08-23T20:47:13Z,0.667,16.7,750.3,0.00,0.00,0.00,0.00,1.75
2026-08-23T20:47:14Z,0.687,17.2,750.4,0.00,0.06,0.00,0.00,1.75
2026-08-23T20:47:15Z,0.685,17.1,752.3,0.00,0.00,0.00,0.00,1.75
2026-08-23T20:47:16Z,0.723,18.1,751.1,0.00,0.00,0.00,0.00,1.75
2026-08-23T20:47:17Z,0.607,15.2,751.9,0.00,0.18,0.00,0.00,2.65
2026-08-23T20:47:18Z,0.694,17.3,751.0,0.00,0.05,0.00,0.00,2.65
2026-08-23T20:47:19Z,0.705,17.6,750.9,0.00,0.00,0.00,0.00,2.65
2026-08-23T20:47:20Z,0.695,17.4,751.9,0.00,0.00,0.00,0.00,2.65
2026-08-23T20:47:21Z,0.675,16.9,754.1,0.00,0.00,0.00,0.00,2.65
2026-08-23T20:47:22Z,0.715,17.9,755.6,0.00,0.00,0.00,0.00,2.44
2026-08-23T20:47:23Z,0.686,17.2,754.8,0.00,0.00,0.00,0.00,2.44
2026-08-23T20:47:24Z,0.704,17.6,756.7,0.00,0.18,0.00,0.00,2.44
2026-08-23T20:47:25Z,0.657,16.4,755.7,0.00,0.00,0.00,0.00,2.44
2026-08-23T20:47:26Z,0.667,16.7,757.2,0.00,0.00,0.00,0.00,2.44
2026-08-23T20:47:27Z,0.714,17.8,757.2,0.00,0.00,0.00,0.00,2.24
2026-08-23T20:47:28Z,0.704,17.6,756.1,0.00,0.00,0.00,0.00,2.24
2026-08-23T20:47:29Z,0.724,18.1,752.8,0.00,0.00,0.00,0.00,2.24
2026-08-23T20:47:30Z,0.685,17.1,751.5,0.00,0.00,0.00,0.00,2.24
2026-08-23T20:47:31Z,0.697,17.4,752.3,0.00,0.00,0.00,0.00,2.24
2026-08-23T20:47:32Z,0.714,17.8,754.2,0.00,0.00,0.00,0.00,2.22
2026-08-23T20:47:33Z,0.685,17.1,753.6,0.00,0.00,0.00,0.00,2.22
2026-08-23T20:47:34Z,0.723,18.1,755.3,0.00,0.00,0.00,0.00,2.22
2026-08-23T20:47:35Z,0.655,16.4,756.5,0.00,0.25,0.00,0.00,2.22
2026-08-23T20:47:36Z,0.697,17.4,755.2,0.00,0.00,0.00,0.00,2.22
2026-08-23T20:47:37Z,0.678,17.0,755.1,0.00,0.00,0.00,0.00,2.04
2026-08-23T20:47:38Z,0.696,17.4,755.8,0.00,0.00,0.00,0.00,2.04
2026-08-23T20:47:39Z,0.769,19.2,757.6,0.00,0.00,0.00,0.00,2.04
2026-08-23T20:47:40Z,0.694,17.3,759.3,0.00,0.00,0.00,0.00,2.04
2026-08-23T20:47:42Z,0.724,18.1,760.3,0.00,0.00,0.00,0.00,2.04
2026-08-23T20:47:43Z,0.736,18.4,759.5,0.00,0.17,0.00,0.00,1.88
2026-08-23T20:47:44Z,0.716,17.9,759.4,0.00,0.03,0.00,0.00,1.88
2026-08-23T20:47:45Z,0.723,18.1,760.6,0.00,0.00,0.00,0.00,1.88
2026-08-23T20:47:46Z,0.637,15.9,762.4,0.00,0.00,0.00,0.00,1.88
2026-08-23T20:47:47Z,0.694,17.3,762.1,0.00,0.00,0.00,0.00,1.73
2026-08-23T20:47:48Z,0.742,18.6,762.1,0.00,0.00,0.00,0.00,1.73
2026-08-23T20:47:49Z,0.745,18.6,762.9,0.00,0.01,0.00,0.00,1.73
2026-08-23T20:47:50Z,0.707,17.7,761.6,0.00,0.00,0.00,0.00,1.73
2026-08-23T20:47:51Z,0.687,17.2,762.8,0.00,0.00,0.00,0.00,1.73
2026-08-23T20:47:52Z,0.696,17.4,761.7,0.00,0.17,0.00,0.00,1.59
2026-08-23T20:47:53Z,0.715,17.9,760.0,0.00,0.00,0.00,0.00,1.59
2026-08-23T20:47:54Z,0.667,16.7,760.4,0.00,0.00,0.00,0.00,1.59
2026-08-23T20:47:55Z,0.678,17.0,758.8,0.00,0.00,0.00,0.00,1.59
2026-08-23T20:47:56Z,0.734,18.4,760.1,0.00,0.01,0.00,0.00,1.59
2026-08-23T20:47:57Z,0.724,18.1,761.7,0.00,0.17,0.00,0.00,1.70
2026-08-23T20:47:58Z,0.629,15.7,762.0,0.00,0.00,0.00,0.00,1.70
2026-08-23T20:47:59Z,0.657,16.4,761.5,0.00,0.00,0.00,0.00,1.70
2026-08-23T20:48:00Z,0.706,17.6,759.9,0.00,0.00,0.00,0.00,1.70
2026-08-23T20:48:01Z,0.727,18.2,754.4,0.00,0.00,0.00,0.00,1.70
2026-08-23T20:48:02Z,0.696,17.4,756.2,0.00,0.00,0.00,0.00,1.65
2026-08-23T20:48:03Z,0.676,16.9,758.4,0.00,0.17,0.00,0.00,1.65
2026-08-23T20:48:04Z,0.685,17.1,759.9,0.00,0.00,0.00,0.00,1.65
2026-08-23T20:48:05Z,0.677,16.9,758.1,0.00,0.00,0.00,0.00,1.65
2026-08-23T20:48:06Z,0.667,16.7,759.8,0.00,0.00,0.00,0.00,1.65
2026-08-23T20:48:07Z,0.696,17.4,760.5,0.00,0.00,0.00,0.00,1.68
2026-08-23T20:48:08Z,0.676,16.9,760.8,0.00,0.00,0.00,0.00,1.68
2026-08-23T20:48:09Z,0.657,16.4,763.3,0.00,0.00,0.00,0.00,1.68
2026-08-23T20:48:11Z,0.655,16.4,763.2,0.00,0.17,0.00,0.00,1.68
2026-08-23T20:48:12Z,0.649,16.2,760.9,0.00,0.00,0.00,0.00,1.68
2026-08-23T20:48:13Z,0.698,17.4,761.9,0.00,0.00,0.00,0.00,1.54
2026-08-23T20:48:14Z,0.685,17.1,761.3,0.00,0.05,0.00,0.00,1.54
2026-08-23T20:48:15Z,0.667,16.7,760.3,0.00,0.00,0.00,0.00,1.54
2026-08-23T20:48:16Z,0.579,14.5,751.1,0.00,0.00,0.00,0.00,1.54
2026-08-23T20:48:17Z,0.676,16.9,752.0,0.00,0.00,0.00,0.00,1.42
2026-08-23T20:48:18Z,0.599,15.0,752.8,0.00,0.00,0.00,0.00,1.42
2026-08-23T20:48:19Z,0.590,14.8,752.8,0.00,0.01,0.00,0.00,1.42
2026-08-23T20:48:20Z,0.561,14.0,754.5,0.00,0.00,0.00,0.00,1.42
2026-08-23T20:48:21Z,0.627,15.7,755.7,0.00,0.17,0.00,0.00,1.42
2026-08-23T20:48:22Z,0.676,16.9,750.7,0.00,0.00,0.00,0.00,1.30
2026-08-23T20:48:23Z,0.649,16.2,752.4,0.00,0.00,0.00,0.00,1.30
2026-08-23T20:48:24Z,0.705,17.6,755.6,0.00,0.00,0.00,0.00,1.30
2026-08-23T20:48:25Z,0.621,15.5,754.9,0.00,0.00,0.00,0.00,1.30
2026-08-23T20:48:26Z,0.639,16.0,756.1,0.00,0.00,0.00,0.00,1.30
2026-08-23T20:48:27Z,0.620,15.5,757.4,0.00,0.17,0.00,0.00,1.76
2026-08-23T20:48:28Z,0.649,16.2,755.2,0.00,0.00,0.00,0.00,1.76
2026-08-23T20:48:29Z,0.979,24.5,785.9,0.00,0.00,0.00,0.00,1.76
2026-08-23T20:48:30Z,0.629,15.7,783.1,0.00,0.00,0.00,0.01,1.76
2026-08-23T20:48:31Z,0.589,14.7,776.5,0.00,0.00,0.00,0.00,1.76
2026-08-23T20:48:32Z,0.628,15.7,773.0,0.00,0.00,0.00,0.00,1.62
2026-08-23T20:48:33Z,0.600,15.0,767.9,0.00,0.00,0.00,0.00,1.62
2026-08-23T20:48:34Z,0.589,14.7,763.7,0.00,0.56,0.00,0.00,1.62
2026-08-23T20:48:35Z,0.591,14.8,764.6,0.00,0.00,0.00,0.00,1.62
2026-08-23T20:48:36Z,0.601,15.0,748.3,0.00,0.00,0.00,0.00,1.62
2026-08-23T20:48:37Z,0.629,15.7,749.1,0.00,0.00,0.00,0.00,1.65
2026-08-23T20:48:38Z,0.607,15.2,751.7,0.00,0.00,0.00,0.00,1.65
2026-08-23T20:48:39Z,0.571,14.3,753.2,0.00,0.00,0.00,0.00,1.65
2026-08-23T20:48:40Z,0.542,13.6,754.7,0.00,0.00,0.00,0.00,1.65
2026-08-23T20:48:42Z,0.571,14.3,755.3,0.00,0.01,0.00,0.00,1.65
2026-08-23T20:48:43Z,0.618,15.4,751.2,0.00,0.00,0.00,0.00,1.60
2026-08-23T20:48:44Z,0.621,15.5,751.4,0.00,0.00,0.00,0.00,1.60
2026-08-23T20:48:45Z,0.620,15.5,749.9,0.00,0.08,0.00,0.00,1.60
2026-08-23T20:48:46Z,0.571,14.3,750.8,0.00,0.00,0.00,0.00,1.60
2026-08-23T20:48:47Z,0.561,14.0,752.1,0.00,0.00,0.00,0.00,1.47
2026-08-23T20:48:48Z,0.571,14.3,754.1,0.00,0.00,0.00,0.00,1.47
2026-08-23T20:48:49Z,0.599,15.0,755.1,0.00,0.06,0.00,0.00,1.47
2026-08-23T20:48:50Z,0.532,13.3,755.8,0.00,0.00,0.00,0.00,1.47
2026-08-23T20:48:51Z,0.532,13.3,750.8,0.00,0.00,0.00,0.00,1.47
2026-08-23T20:48:52Z,0.563,14.1,752.8,0.00,0.00,0.00,0.00,1.35
2026-08-23T20:48:53Z,0.495,12.4,753.6,0.00,0.00,0.00,0.00,1.35
2026-08-23T20:48:54Z,0.600,15.0,754.4,0.00,0.00,0.00,0.00,1.35
2026-08-23T20:48:55Z,0.543,13.6,750.3,0.00,0.00,0.00,0.00,1.35
2026-08-23T20:48:56Z,0.591,14.8,750.3,0.00,0.39,0.00,0.00,1.35
2026-08-23T20:48:57Z,0.591,14.8,751.5,0.00,0.00,0.00,0.00,1.24
2026-08-23T20:48:58Z,0.581,14.5,750.3,0.00,0.01,0.00,0.00,1.24
2026-08-23T20:48:59Z,0.522,13.1,751.0,0.00,0.00,0.00,0.00,1.24
2026-08-23T20:49:00Z,0.551,13.8,754.1,0.00,0.00,0.00,0.00,1.24
2026-08-23T20:49:01Z,0.552,13.8,752.7,0.00,0.00,0.00,0.00,1.24
2026-08-23T20:49:02Z,0.591,14.8,751.1,0.00,0.00,0.00,0.00,1.14
2026-08-23T20:49:03Z,0.553,13.8,750.3,0.00,0.00,0.00,0.00,1.14
2026-08-23T20:49:04Z,0.609,15.2,754.0,0.00,0.00,0.00,0.00,1.14
2026-08-23T20:49:05Z,0.609,15.2,752.7,0.00,0.00,0.00,0.00,1.14
2026-08-23T20:49:06Z,0.608,15.2,754.2,0.00,0.20,0.00,0.00,1.14
2026-08-23T20:49:07Z,0.610,15.2,756.2,0.00,0.00,0.00,0.00,1.05
2026-08-23T20:49:08Z,0.534,13.4,756.2,0.00,0.00,0.00,0.00,1.05
2026-08-23T20:49:09Z,0.496,12.4,756.6,0.00,0.00,0.00,0.00,1.05
2026-08-23T20:49:10Z,0.552,13.8,756.0,0.00,0.00,0.00,0.00,1.05
2026-08-23T20:49:11Z,0.553,13.8,751.3,0.00,0.00,0.00,0.00,1.05
2026-08-23T20:49:12Z,0.590,14.8,754.3,0.00,0.00,0.00,0.00,0.97
2026-08-23T20:49:14Z,0.581,14.5,756.8,0.00,0.00,0.00,0.00,0.97
2026-08-23T20:49:15Z,0.590,14.8,758.2,0.00,0.05,0.00,0.00,0.97
2026-08-23T20:49:16Z,0.647,16.2,755.1,0.00,0.01,0.00,0.00,0.97
2026-08-23T20:49:17Z,0.657,16.4,748.3,0.00,0.17,0.00,0.00,0.97
2026-08-23T20:49:18Z,0.741,18.5,751.0,0.00,0.00,0.00,0.00,0.89
2026-08-23T20:49:19Z,0.774,19.4,751.4,0.00,0.00,0.00,0.00,0.89
2026-08-23T20:49:20Z,0.705,17.6,750.7,0.00,0.01,0.00,0.00,0.89
2026-08-23T20:49:21Z,0.706,17.6,752.2,0.00,0.00,0.00,0.00,0.89
2026-08-23T20:49:22Z,0.658,16.4,752.7,0.00,0.00,0.00,0.00,0.82
2026-08-23T20:49:23Z,0.636,15.9,754.2,0.00,0.00,0.00,0.00,0.82
2026-08-23T20:49:24Z,0.751,18.8,754.0,0.00,0.00,0.00,0.00,0.82
2026-08-23T20:49:25Z,0.713,17.8,755.2,0.00,0.00,0.00,0.00,0.82
2026-08-23T20:49:26Z,0.648,16.2,756.8,0.00,0.00,0.00,0.00,0.82
2026-08-23T20:49:27Z,0.686,17.2,756.1,0.00,0.19,0.00,0.00,1.07
2026-08-23T20:49:28Z,0.754,18.9,757.4,0.00,0.00,0.00,0.00,1.07
2026-08-23T20:49:29Z,0.695,17.4,756.5,0.00,0.01,0.00,0.00,1.07
2026-08-23T20:49:30Z,0.753,18.8,757.0,0.00,0.00,0.00,0.00,1.07
2026-08-23T20:49:31Z,0.714,17.8,751.7,0.00,0.00,0.00,0.00,1.07
2026-08-23T20:49:32Z,0.724,18.1,752.7,0.00,0.00,0.00,0.00,1.15
2026-08-23T20:49:33Z,0.715,17.9,752.0,0.00,0.00,0.00,0.00,1.15
2026-08-23T20:49:34Z,0.646,16.2,750.5,0.00,0.00,0.00,0.00,1.15
2026-08-23T20:49:35Z,0.617,15.4,751.7,0.00,0.00,0.00,0.00,1.15
2026-08-23T20:49:36Z,0.675,16.9,747.9,0.00,0.00,0.00,0.00,1.15
2026-08-23T20:49:37Z,0.649,16.2,749.5,0.00,0.17,0.00,0.00,1.54
2026-08-23T20:49:38Z,0.628,15.7,751.5,0.00,0.00,0.00,0.00,1.54
2026-08-23T20:49:39Z,0.753,18.8,752.2,0.00,0.00,0.00,0.00,1.54
2026-08-23T20:49:40Z,0.648,16.2,749.4,0.00,0.00,0.00,0.00,1.54
2026-08-23T20:49:41Z,0.647,16.2,750.6,0.00,0.00,0.00,0.00,1.54
2026-08-23T20:49:43Z,0.685,17.1,751.3,0.00,0.00,0.00,0.00,1.41
2026-08-23T20:49:44Z,0.724,18.1,753.3,0.00,0.00,0.00,0.00,1.41
2026-08-23T20:49:45Z,0.647,16.2,752.7,0.00,0.00,0.00,0.00,1.41
2026-08-23T20:49:46Z,0.715,17.9,750.8,0.00,0.21,0.00,0.00,1.41
2026-08-23T20:49:47Z,0.684,17.1,752.5,0.00,0.00,0.00,0.00,1.41
2026-08-23T20:49:48Z,0.724,18.1,749.1,0.00,0.00,0.00,0.00,1.46
2026-08-23T20:49:49Z,0.675,16.9,751.0,0.00,0.27,0.00,0.00,1.46
2026-08-23T20:49:50Z,0.697,17.4,752.2,0.00,0.03,0.00,0.00,1.46
2026-08-23T20:49:51Z,0.705,17.6,752.7,0.00,0.00,0.00,0.00,1.46
2026-08-23T20:49:52Z,0.629,15.7,753.7,0.00,0.00,0.00,0.00,1.34
2026-08-23T20:49:53Z,0.714,17.8,753.7,0.00,0.02,0.00,0.00,1.34
2026-08-23T20:49:54Z,0.867,21.7,770.9,0.00,0.05,0.01,0.00,1.34
2026-08-23T20:49:55Z,0.949,23.7,782.9,0.00,0.00,0.00,0.00,1.34
2026-08-23T20:49:56Z,0.705,17.6,773.6,0.00,0.00,0.00,0.00,1.34
2026-08-23T20:49:57Z,0.705,17.6,772.2,0.00,0.00,0.00,0.00,2.28
2026-08-23T20:49:58Z,0.714,17.8,772.6,0.00,0.00,0.00,0.00,2.28
2026-08-23T20:49:59Z,0.723,18.1,762.2,0.00,0.02,0.00,0.00,2.28
2026-08-23T20:50:00Z,0.764,19.1,761.0,0.00,0.01,0.00,0.00,2.28
2026-08-23T20:50:01Z,0.716,17.9,763.0,0.00,0.00,0.00,0.00,2.28
2026-08-23T20:50:02Z,0.724,18.1,763.1,0.00,0.00,0.00,0.00,2.25
2026-08-23T20:50:03Z,0.734,18.4,764.3,0.00,0.00,0.00,0.00,2.25
2026-08-23T20:50:04Z,0.762,19.1,762.1,0.00,0.00,0.00,0.00,2.25
2026-08-23T20:50:05Z,0.792,19.8,762.3,0.00,0.00,0.00,0.00,2.25
2026-08-23T20:50:06Z,0.742,18.6,763.3,0.00,0.00,0.00,0.00,2.25
2026-08-23T20:50:07Z,0.619,15.5,761.4,0.00,0.01,0.00,0.00,2.07
2026-08-23T20:50:08Z,0.706,17.6,761.4,0.00,0.00,0.00,0.00,2.07
2026-08-23T20:50:09Z,0.667,16.7,762.9,0.00,0.00,0.00,0.00,2.07
2026-08-23T20:50:10Z,0.696,17.4,758.5,0.00,0.00,0.00,0.00,2.07
2026-08-23T20:50:12Z,0.686,17.2,755.0,0.00,0.49,0.00,0.00,2.07
2026-08-23T20:50:13Z,0.726,18.1,757.1,0.00,0.00,0.00,0.00,1.91
2026-08-23T20:50:14Z,0.715,17.9,755.9,0.00,0.00,0.00,0.00,1.91
2026-08-23T20:50:15Z,0.713,17.8,757.2,0.00,0.00,0.00,0.00,1.91
2026-08-23T20:50:16Z,0.695,17.4,758.6,0.00,0.00,0.00,0.00,1.91
2026-08-23T20:50:17Z,0.695,17.4,756.5,0.00,0.06,0.00,0.00,2.08
2026-08-23T20:50:18Z,0.772,19.3,754.0,0.00,0.01,0.00,0.00,2.08
2026-08-23T20:50:19Z,0.748,18.7,755.4,0.00,0.78,0.00,0.00,2.08
2026-08-23T20:50:20Z,0.682,17.1,757.2,0.00,0.00,0.00,0.00,2.08
2026-08-23T20:50:21Z,0.742,18.6,756.7,0.00,0.00,0.00,0.00,2.08
2026-08-23T20:50:22Z,0.789,19.7,756.2,0.00,0.00,0.00,0.00,2.23
2026-08-23T20:50:23Z,0.676,16.9,755.1,0.00,0.00,0.00,0.00,2.23
2026-08-23T20:50:24Z,0.695,17.4,756.2,0.00,0.00,0.00,0.00,2.23
2026-08-23T20:50:25Z,0.696,17.4,759.1,0.00,0.00,0.00,0.00,2.23
2026-08-23T20:50:26Z,0.675,16.9,755.4,0.00,0.11,0.00,0.00,2.23
2026-08-23T20:50:27Z,0.732,18.3,757.4,0.00,0.00,0.00,0.00,2.05
2026-08-23T20:50:28Z,0.685,17.1,756.8,0.00,0.00,0.00,0.00,2.05
2026-08-23T20:50:29Z,0.686,17.2,754.6,0.00,0.00,0.00,0.00,2.05
2026-08-23T20:50:30Z,0.782,19.6,756.1,0.00,0.00,0.00,0.00,2.05
2026-08-23T20:50:31Z,0.751,18.8,749.2,0.00,0.00,0.00,0.00,2.05
2026-08-23T20:50:32Z,0.715,17.9,750.5,0.00,0.00,0.00,0.00,2.37
2026-08-23T20:50:33Z,0.702,17.5,752.2,0.00,0.00,0.00,0.00,2.37
2026-08-23T20:50:34Z,0.724,18.1,750.2,0.00,0.00,0.00,0.00,2.37
2026-08-23T20:50:35Z,0.694,17.3,750.7,0.00,0.00,0.00,0.00,2.37
2026-08-23T20:50:36Z,0.789,19.7,752.7,0.00,0.00,0.00,0.00,2.37
2026-08-23T20:50:37Z,0.656,16.4,752.4,0.00,0.00,0.00,0.00,2.26
2026-08-23T20:50:38Z,0.678,17.0,754.1,0.00,0.00,0.00,0.00,2.26
2026-08-23T20:50:40Z,0.745,18.6,755.3,0.00,0.00,0.00,0.00,2.26
2026-08-23T20:50:41Z,0.716,17.9,752.0,0.00,0.00,0.00,0.00,2.26
2026-08-23T20:50:42Z,0.639,16.0,754.2,0.00,0.00,0.00,0.00,2.26
2026-08-23T20:50:43Z,0.744,18.6,757.9,0.00,0.06,0.00,0.00,2.16
2026-08-23T20:50:44Z,0.718,17.9,759.8,0.00,0.00,0.00,0.00,2.16
2026-08-23T20:50:45Z,0.706,17.6,761.4,0.00,0.00,0.00,0.00,2.16
2026-08-23T20:50:46Z,0.696,17.4,758.3,0.00,0.00,0.00,0.00,2.16
2026-08-23T20:50:47Z,0.716,17.9,757.7,0.00,0.00,0.00,0.00,2.38
2026-08-23T20:50:48Z,0.650,16.2,759.4,0.00,0.02,0.00,0.00,2.38
2026-08-23T20:50:49Z,0.620,15.5,756.4,0.00,0.01,0.00,0.00,2.38
2026-08-23T20:50:50Z,0.514,12.8,754.7,0.00,0.00,0.00,0.00,2.38
2026-08-23T20:50:51Z,0.589,14.7,756.9,0.00,0.00,0.00,0.00,2.38
2026-08-23T20:50:52Z,0.553,13.8,752.1,0.00,0.00,0.00,0.00,2.35
2026-08-23T20:50:53Z,0.660,16.5,752.1,0.00,0.00,0.00,0.00,2.35
2026-08-23T20:50:54Z,0.628,15.7,749.0,0.00,0.00,0.00,0.00,2.35
2026-08-23T20:50:55Z,0.734,18.4,749.8,0.00,0.00,0.00,0.00,2.35
2026-08-23T20:50:56Z,0.800,20.0,750.4,0.00,0.00,0.00,0.00,2.35
2026-08-23T20:50:57Z,0.697,17.4,748.1,0.00,0.43,0.00,0.00,2.24
2026-08-23T20:50:58Z,0.676,16.9,747.6,0.00,0.00,0.00,0.00,2.24
2026-08-23T20:50:59Z,0.684,17.1,749.2,0.00,0.00,0.00,0.00,2.24
2026-08-23T20:51:00Z,0.696,17.4,750.2,0.00,0.01,0.00,0.00,2.24
2026-08-23T20:51:01Z,0.793,19.8,751.6,0.00,0.00,0.00,0.00,2.24
2026-08-23T20:51:02Z,0.713,17.8,753.6,0.00,0.00,0.00,0.00,2.06
2026-08-23T20:51:03Z,0.724,18.1,751.8,0.00,0.16,0.00,0.00,2.06
2026-08-23T20:51:04Z,0.810,20.2,751.2,0.00,0.00,0.00,0.00,2.06
2026-08-23T20:51:05Z,0.754,18.9,748.7,0.00,0.00,0.00,0.00,2.06
2026-08-23T20:51:06Z,0.808,20.2,747.1,0.00,0.00,0.00,0.00,2.06
2026-08-23T20:51:07Z,0.773,19.3,749.6,0.00,0.01,0.00,0.00,1.90
2026-08-23T20:51:08Z,0.725,18.1,749.6,0.00,0.00,0.00,0.00,1.90
2026-08-23T20:51:10Z,0.754,18.9,750.3,0.00,0.20,0.00,0.00,1.90
2026-08-23T20:51:11Z,0.781,19.5,750.8,0.00,0.00,0.00,0.00,1.90
2026-08-23T20:51:12Z,0.724,18.1,750.3,0.00,0.00,0.00,0.00,1.90
2026-08-23T20:51:13Z,0.722,18.1,749.5,0.00,0.06,0.00,0.00,2.71
2026-08-23T20:51:14Z,0.732,18.3,751.7,0.00,0.00,0.00,0.00,2.71
2026-08-23T20:51:15Z,0.818,20.4,752.2,0.00,0.00,0.00,0.00,2.71
2026-08-23T20:51:16Z,0.715,17.9,751.8,0.00,0.00,0.00,0.00,2.71
2026-08-23T20:51:17Z,0.744,18.6,753.8,0.00,0.03,0.00,0.00,2.57
2026-08-23T20:51:18Z,0.781,19.5,756.8,0.00,0.17,0.00,0.00,2.57
2026-08-23T20:51:19Z,0.685,17.1,752.4,0.00,0.00,0.00,0.00,2.57
2026-08-23T20:51:20Z,0.743,18.6,754.1,0.00,0.01,0.00,0.00,2.57
2026-08-23T20:51:21Z,0.693,17.3,753.4,0.00,0.00,0.00,0.00,2.57
2026-08-23T20:51:22Z,0.656,16.4,753.6,0.00,0.00,0.00,0.00,3.49
2026-08-23T20:51:23Z,0.697,17.4,755.9,0.00,0.00,0.00,0.00,3.49
2026-08-23T20:51:24Z,0.628,15.7,756.4,0.00,0.00,0.00,0.00,3.49
2026-08-23T20:51:25Z,0.790,19.8,749.9,0.00,0.00,0.00,0.00,3.49
2026-08-23T20:51:26Z,0.674,16.9,751.9,0.00,0.20,0.00,0.00,3.49
2026-08-23T20:51:27Z,0.713,17.8,753.9,0.00,0.00,0.00,0.00,3.37
2026-08-23T20:51:28Z,0.714,17.8,755.3,0.00,0.00,0.00,0.00,3.37
2026-08-23T20:51:29Z,0.665,16.6,755.9,0.00,0.00,0.00,0.00,3.37
2026-08-23T20:51:30Z,0.695,17.4,757.8,0.00,0.00,0.00,0.00,3.37
2026-08-23T20:51:31Z,0.725,18.1,758.6,0.00,0.00,0.00,0.00,3.37
2026-08-23T20:51:32Z,0.676,16.9,760.5,0.00,0.00,0.00,0.00,3.10
2026-08-23T20:51:33Z,0.687,17.2,758.2,0.00,0.00,0.00,0.00,3.10
2026-08-23T20:51:34Z,0.742,18.6,759.7,0.00,0.00,0.00,0.00,3.10
2026-08-23T20:51:35Z,0.678,17.0,751.0,0.00,0.00,0.00,0.00,3.10
2026-08-23T20:51:36Z,0.645,16.1,752.6,0.00,0.00,0.00,0.00,3.10
2026-08-23T20:51:37Z,0.753,18.8,754.8,0.00,0.00,0.00,0.00,3.09
2026-08-23T20:51:39Z,0.675,16.9,755.6,0.00,0.00,0.00,0.00,3.09
2026-08-23T20:51:40Z,0.705,17.6,755.4,0.00,0.00,0.00,0.00,3.09
2026-08-23T20:51:41Z,0.714,17.8,757.5,0.00,0.17,0.00,0.00,3.09
2026-08-23T20:51:42Z,0.617,15.4,760.9,0.00,0.00,0.00,0.00,3.09
2026-08-23T20:51:43Z,0.714,17.8,756.2,0.00,0.00,0.00,0.00,2.92
2026-08-23T20:51:44Z,0.696,17.4,752.6,0.00,0.05,0.00,0.00,2.92
2026-08-23T20:51:45Z,0.647,16.2,755.0,0.00,0.00,0.00,0.00,2.92
2026-08-23T20:51:46Z,0.736,18.4,756.7,0.00,0.00,0.00,0.00,2.92
2026-08-23T20:51:47Z,0.704,17.6,759.9,0.00,0.00,0.00,0.00,2.85
2026-08-23T20:51:48Z,0.694,17.3,755.5,0.00,0.01,0.00,0.00,2.85
2026-08-23T20:51:49Z,0.685,17.1,754.2,0.00,0.03,0.00,0.00,2.85
2026-08-23T20:51:50Z,0.674,16.9,757.4,0.00,0.00,0.00,0.00,2.85
2026-08-23T20:51:51Z,0.667,16.7,758.1,0.00,0.00,0.00,0.00,2.85
2026-08-23T20:51:52Z,0.676,16.9,757.6,0.00,0.00,0.00,0.00,2.94
2026-08-23T20:51:53Z,0.725,18.1,755.0,0.00,0.21,0.00,0.00,2.94
2026-08-23T20:51:54Z,0.696,17.4,756.7,0.00,0.00,0.00,0.00,2.94
2026-08-23T20:51:55Z,0.713,17.8,756.7,0.00,0.00,0.00,0.00,2.94
2026-08-23T20:51:56Z,0.724,18.1,755.7,0.00,0.00,0.00,0.00,2.94
2026-08-23T20:51:57Z,0.695,17.4,757.3,0.00,0.00,0.00,0.00,2.70
2026-08-23T20:51:58Z,0.682,17.1,758.1,0.00,0.00,0.00,0.00,2.70
2026-08-23T20:51:59Z,0.742,18.6,758.2,0.00,0.00,0.00,0.00,2.70
2026-08-23T20:52:00Z,0.686,17.2,751.2,0.00,0.00,0.00,0.00,2.70
2026-08-23T20:52:01Z,0.727,18.2,752.8,0.00,0.00,0.00,0.00,2.70
2026-08-23T20:52:02Z,0.677,16.9,754.3,0.00,0.00,0.00,0.00,2.49
2026-08-23T20:52:03Z,0.672,16.8,755.5,0.00,0.00,0.00,0.00,2.49
2026-08-23T20:52:04Z,0.738,18.4,756.8,0.00,0.00,0.00,0.00,2.49
2026-08-23T20:52:05Z,0.712,17.8,756.8,0.00,0.15,0.00,0.00,2.49
2026-08-23T20:52:07Z,0.723,18.1,751.1,0.00,0.00,0.00,0.00,2.49
2026-08-23T20:52:08Z,0.732,18.3,751.3,0.00,0.00,0.00,0.00,2.29
2026-08-23T20:52:09Z,0.666,16.7,752.8,0.00,0.00,0.00,0.00,2.29
2026-08-23T20:52:10Z,0.773,19.3,755.0,0.00,0.00,0.00,0.00,2.29
2026-08-23T20:52:11Z,0.742,18.6,756.4,0.00,0.01,0.00,0.00,2.29
2026-08-23T20:52:12Z,0.712,17.8,757.1,0.00,0.21,0.00,0.00,2.29
2026-08-23T20:52:13Z,0.715,17.9,748.7,0.00,0.00,0.00,0.00,2.26
2026-08-23T20:52:14Z,0.696,17.4,751.4,0.00,0.05,0.00,0.00,2.26
2026-08-23T20:52:15Z,0.695,17.4,753.2,0.00,0.00,0.00,0.00,2.26
2026-08-23T20:52:16Z,0.704,17.6,754.9,0.00,0.00,0.00,0.00,2.26
2026-08-23T20:52:17Z,0.717,17.9,753.4,0.00,0.00,0.00,0.00,2.08
2026-08-23T20:52:18Z,0.702,17.5,753.4,0.00,0.00,0.00,0.00,2.08
2026-08-23T20:52:19Z,0.713,17.8,753.7,0.00,0.18,0.00,0.00,2.08
2026-08-23T20:52:20Z,0.704,17.6,758.6,0.00,0.00,0.00,0.00,2.08
2026-08-23T20:52:21Z,0.725,18.1,760.0,0.00,0.00,0.00,0.00,2.08
2026-08-23T20:52:22Z,0.722,18.1,760.5,0.00,0.00,0.00,0.00,1.92
2026-08-23T20:52:23Z,0.710,17.8,760.7,0.00,0.00,0.00,0.00,1.92
2026-08-23T20:52:24Z,0.780,19.5,755.3,0.00,0.00,0.00,0.00,1.92
2026-08-23T20:52:25Z,0.733,18.3,757.0,0.00,0.00,0.00,0.00,1.92
2026-08-23T20:52:26Z,0.725,18.1,755.1,0.00,0.16,0.00,0.00,1.92
2026-08-23T20:52:27Z,0.751,18.8,755.3,0.00,0.00,0.00,0.00,1.76
2026-08-23T20:52:28Z,0.779,19.5,756.8,0.00,0.00,0.00,0.00,1.76
2026-08-23T20:52:29Z,0.781,19.5,755.8,0.00,0.00,0.00,0.00,1.76
2026-08-23T20:52:30Z,0.782,19.6,749.3,0.00,0.00,0.00,0.00,1.76
2026-08-23T20:52:31Z,0.773,19.3,750.0,0.00,0.00,0.00,0.00,1.76
2026-08-23T20:52:32Z,0.743,18.6,751.4,0.00,0.25,0.00,0.00,1.62
2026-08-23T20:52:33Z,0.693,17.3,753.5,0.00,0.00,0.00,0.00,1.62
2026-08-23T20:52:35Z,0.721,18.0,753.5,0.00,0.00,0.00,0.00,1.62
2026-08-23T20:52:36Z,0.788,19.7,751.1,0.00,0.00,0.00,0.00,1.62
2026-08-23T20:52:37Z,0.732,18.3,753.8,0.00,0.00,0.00,0.00,1.62
2026-08-23T20:52:38Z,0.684,17.1,754.3,0.00,0.00,0.00,0.00,1.49
2026-08-23T20:52:39Z,0.686,17.2,755.5,0.00,0.00,0.00,0.00,1.49
2026-08-23T20:52:40Z,0.695,17.4,756.8,0.00,0.18,0.00,0.00,1.49
2026-08-23T20:52:41Z,0.799,20.0,757.3,0.00,0.00,0.00,0.00,1.49
2026-08-23T20:52:42Z,0.715,17.9,756.0,0.00,0.00,0.00,0.00,1.45
2026-08-23T20:52:43Z,0.743,18.6,757.5,0.00,0.00,0.00,0.00,1.45
2026-08-23T20:52:44Z,0.686,17.2,760.5,0.00,0.05,0.00,0.00,1.45
2026-08-23T20:52:45Z,0.696,17.4,761.7,0.00,0.00,0.00,0.00,1.45
2026-08-23T20:52:46Z,0.715,17.9,762.0,0.00,0.00,0.00,0.00,1.45
2026-08-23T20:52:47Z,0.686,17.2,759.3,0.00,0.22,0.00,0.00,1.50
2026-08-23T20:52:48Z,0.734,18.4,753.1,0.00,0.02,0.00,0.00,1.50
2026-08-23T20:52:49Z,0.686,17.2,755.5,0.00,0.00,0.00,0.00,1.50
2026-08-23T20:52:50Z,0.744,18.6,755.2,0.00,0.00,0.00,0.00,1.50
2026-08-23T20:52:51Z,0.685,17.1,754.1,0.00,0.00,0.00,0.00,1.50
2026-08-23T20:52:52Z,0.743,18.6,753.9,0.00,0.01,0.00,0.00,1.62
2026-08-23T20:52:53Z,0.744,18.6,755.7,0.00,0.18,0.00,0.00,1.62
2026-08-23T20:52:54Z,0.713,17.8,756.0,0.00,0.00,0.00,0.00,1.62
2026-08-23T20:52:55Z,0.761,19.0,757.0,0.00,0.00,0.00,0.00,1.62
2026-08-23T20:52:56Z,0.714,17.8,750.3,0.00,0.00,0.00,0.00,1.62
2026-08-23T20:52:57Z,0.653,16.3,752.7,0.00,0.00,0.00,0.00,1.49
2026-08-23T20:52:58Z,0.666,16.7,753.3,0.00,0.00,0.00,0.00,1.49
2026-08-23T20:52:59Z,0.713,17.8,754.7,0.00,0.00,0.00,0.00,1.49
2026-08-23T20:53:00Z,0.685,17.1,755.9,0.00,0.21,0.00,0.00,1.49
2026-08-23T20:53:01Z,0.724,18.1,756.6,0.00,0.00,0.00,0.00,1.49
2026-08-23T20:53:02Z,0.685,17.1,756.6,0.00,0.00,0.00,0.00,1.37
2026-08-23T20:53:04Z,0.733,18.3,750.7,0.00,0.00,0.00,0.00,1.37
2026-08-23T20:53:05Z,0.717,17.9,750.5,0.00,0.00,0.00,0.00,1.37
2026-08-23T20:53:06Z,0.658,16.4,751.7,0.00,0.00,0.00,0.00,1.37
2026-08-23T20:53:07Z,0.752,18.8,751.7,0.00,0.00,0.00,0.00,1.37
2026-08-23T20:53:08Z,0.733,18.3,753.4,0.00,0.00,0.00,0.00,1.26
2026-08-23T20:53:09Z,0.685,17.1,753.7,0.00,0.20,0.00,0.00,1.26
2026-08-23T20:53:10Z,0.753,18.8,749.3,0.00,0.00,0.00,0.00,1.26
2026-08-23T20:53:11Z,0.667,16.7,754.0,0.00,0.00,0.00,0.00,1.26
2026-08-23T20:53:12Z,0.752,18.8,753.9,0.00,0.00,0.00,0.00,1.16
2026-08-23T20:53:13Z,0.705,17.6,751.6,0.00,0.00,0.00,0.00,1.16
2026-08-23T20:53:14Z,0.685,17.1,753.8,0.00,0.05,0.00,0.00,1.16
2026-08-23T20:53:15Z,0.731,18.3,751.3,0.00,0.28,0.00,0.00,1.16
2026-08-23T20:53:16Z,0.646,16.2,752.8,0.00,0.00,0.00,0.00,1.16
2026-08-23T20:53:17Z,0.657,16.4,754.3,0.00,0.00,0.00,0.00,1.46
2026-08-23T20:53:18Z,0.677,16.9,754.2,0.00,0.00,0.00,0.00,1.46
2026-08-23T20:53:19Z,0.751,18.8,753.0,0.00,0.02,0.00,0.00,1.46
2026-08-23T20:53:20Z,0.704,17.6,754.1,0.00,0.01,0.00,0.00,1.46
2026-08-23T20:53:21Z,0.677,16.9,750.8,0.00,0.00,0.00,0.00,1.46
2026-08-23T20:53:22Z,0.687,17.2,751.4,0.00,0.01,0.00,0.00,1.59
2026-08-23T20:53:23Z,0.636,15.9,752.8,0.00,0.00,0.00,0.00,1.59
2026-08-23T20:53:24Z,0.704,17.6,753.4,0.00,0.00,0.00,0.00,1.59
2026-08-23T20:53:25Z,0.704,17.6,751.2,0.00,0.00,0.00,0.00,1.59
2026-08-23T20:53:26Z,0.714,17.8,750.4,0.00,0.19,0.00,0.00,1.59
2026-08-23T20:53:27Z,0.734,18.4,749.7,0.00,0.00,0.00,0.00,1.46
2026-08-23T20:53:28Z,0.687,17.2,752.8,0.00,0.00,0.00,0.00,1.46
2026-08-23T20:53:29Z,0.782,19.6,753.7,0.00,0.00,0.00,0.00,1.46
2026-08-23T20:53:30Z,0.667,16.7,753.9,0.00,0.00,0.00,0.00,1.46
2026-08-23T20:53:31Z,0.706,17.6,749.9,0.00,0.00,0.00,0.00,1.46
2026-08-23T20:53:33Z,0.724,18.1,750.3,0.00,0.00,0.00,0.00,1.34
2026-08-23T20:53:34Z,0.659,16.5,751.6,0.00,0.00,0.00,0.00,1.34
2026-08-23T20:53:35Z,0.773,19.3,753.4,0.00,0.00,0.00,0.00,1.34
2026-08-23T20:53:36Z,0.649,16.2,753.6,0.00,0.00,0.00,0.00,1.34
2026-08-23T20:53:37Z,0.735,18.4,755.3,0.00,0.22,0.00,0.00,1.34
2026-08-23T20:53:38Z,0.676,16.9,755.3,0.00,0.00,0.00,0.00,1.72
2026-08-23T20:53:39Z,0.697,17.4,751.5,0.00,0.00,0.00,0.00,1.72
2026-08-23T20:53:40Z,0.696,17.4,750.2,0.00,0.00,0.00,0.00,1.72
2026-08-23T20:53:41Z,0.667,16.7,752.4,0.00,0.00,0.00,0.00,1.72
2026-08-23T20:53:42Z,0.743,18.6,753.7,0.00,0.00,0.00,0.00,1.58
2026-08-23T20:53:43Z,0.685,17.1,751.9,0.00,0.00,0.00,0.00,1.58
2026-08-23T20:53:44Z,0.745,18.6,753.1,0.00,0.06,0.00,0.00,1.58
2026-08-23T20:53:45Z,0.687,17.2,753.6,0.00,0.00,0.00,0.00,1.58
2026-08-23T20:53:46Z,0.687,17.2,755.7,0.00,0.17,0.00,0.00,1.58
2026-08-23T20:53:47Z,0.755,18.9,753.3,0.00,0.00,0.00,0.00,1.45
2026-08-23T20:53:48Z,0.735,18.4,752.5,0.00,0.00,0.00,0.00,1.45
2026-08-23T20:53:49Z,0.762,19.1,753.6,0.00,0.03,0.00,0.00,1.45
2026-08-23T20:53:50Z,0.773,19.3,750.4,0.00,0.00,0.00,0.00,1.45
2026-08-23T20:53:51Z,0.698,17.4,752.2,0.00,0.00,0.00,0.00,1.45
2026-08-23T20:53:52Z,0.756,18.9,750.8,0.00,0.20,0.00,0.00,1.50
2026-08-23T20:53:53Z,0.687,17.2,752.9,0.00,0.00,0.00,0.00,1.50
2026-08-23T20:53:54Z,0.715,17.9,746.1,0.00,0.00,0.00,0.00,1.50
2026-08-23T20:53:55Z,0.715,17.9,749.0,0.00,0.01,0.00,0.00,1.50
2026-08-23T20:53:56Z,0.454,11.3,751.6,0.00,0.00,0.00,0.00,1.50
2026-08-23T20:53:57Z,0.428,10.7,761.6,0.00,0.00,0.00,0.00,1.38
2026-08-23T20:53:58Z,0.368,9.2,764.6,0.00,0.00,0.00,0.00,1.38
2026-08-23T20:53:59Z,0.611,15.3,773.9,0.00,0.00,0.00,0.00,1.38
2026-08-23T20:54:00Z,0.738,18.4,780.3,0.00,0.19,0.00,0.00,1.38
2026-08-23T20:54:01Z,0.814,20.3,783.5,0.00,0.00,0.00,0.00,1.38
2026-08-23T20:54:02Z,0.678,17.0,780.8,0.00,0.00,0.00,0.00,1.27
2026-08-23T20:54:04Z,0.775,19.4,778.2,0.00,0.00,0.00,0.00,1.27
2026-08-23T20:54:05Z,0.660,16.5,778.9,0.00,0.00,0.00,0.00,1.27
2026-08-23T20:54:06Z,0.687,17.2,775.3,0.00,0.00,0.00,0.00,1.27
2026-08-23T20:54:07Z,0.658,16.4,774.0,0.00,0.00,0.00,0.00,1.27
2026-08-23T20:54:08Z,0.658,16.4,776.2,0.00,0.00,0.00,0.00,2.53
2026-08-23T20:54:09Z,0.668,16.7,776.0,0.00,0.00,0.00,0.00,2.53
2026-08-23T20:54:10Z,0.690,17.2,777.0,0.00,0.00,0.00,0.00,2.53
2026-08-23T20:54:11Z,0.650,16.2,773.8,0.00,0.17,0.00,0.00,2.53
2026-08-23T20:54:12Z,0.669,16.7,775.6,0.00,0.00,0.00,0.00,2.32
2026-08-23T20:54:13Z,0.765,19.1,777.0,0.00,0.00,0.00,0.00,2.32
2026-08-23T20:54:14Z,0.725,18.1,777.3,0.00,0.00,0.00,0.00,2.32
2026-08-23T20:54:15Z,0.688,17.2,776.9,0.00,0.05,0.00,0.00,2.32
2026-08-23T20:54:16Z,0.708,17.7,776.6,0.00,0.00,0.00,0.00,2.32
2026-08-23T20:54:17Z,0.738,18.4,779.5,0.00,0.00,0.00,0.00,2.14
2026-08-23T20:54:18Z,0.706,17.6,781.4,0.00,0.00,0.00,0.00,2.14
2026-08-23T20:54:19Z,0.649,16.2,775.4,0.00,0.02,0.00,0.00,2.14
2026-08-23T20:54:20Z,0.763,19.1,774.6,0.00,0.00,0.00,0.00,2.14
2026-08-23T20:54:21Z,0.696,17.4,776.7,0.00,0.00,0.00,0.00,2.14
2026-08-23T20:54:22Z,0.716,17.9,778.3,0.00,0.00,0.00,0.00,1.97
2026-08-23T20:54:23Z,0.679,17.0,778.0,0.00,0.00,0.00,0.00,1.97
2026-08-23T20:54:24Z,0.728,18.2,780.1,0.00,0.00,0.00,0.00,1.97
2026-08-23T20:54:25Z,0.716,17.9,771.9,0.00,0.01,0.00,0.00,1.97
2026-08-23T20:54:26Z,0.727,18.2,773.4,0.00,0.00,0.00,0.00,1.97
2026-08-23T20:54:27Z,0.755,18.9,772.6,0.00,0.00,0.00,0.00,1.89
2026-08-23T20:54:28Z,0.706,17.6,772.0,0.00,0.00,0.00,0.00,1.89
2026-08-23T20:54:29Z,0.717,17.9,769.4,0.00,0.00,0.00,0.00,1.89
2026-08-23T20:54:30Z,0.695,17.4,772.4,0.00,0.01,0.00,0.00,1.89
2026-08-23T20:54:31Z,0.678,17.0,773.9,0.00,0.00,0.00,0.00,1.89
2026-08-23T20:54:32Z,0.717,17.9,773.5,0.00,0.00,0.00,0.00,1.90
2026-08-23T20:54:33Z,0.649,16.2,776.2,0.00,0.00,0.00,0.00,1.90
2026-08-23T20:54:35Z,0.707,17.7,775.1,0.00,0.00,0.00,0.00,1.90
2026-08-23T20:54:36Z,0.640,16.0,774.1,0.00,0.00,0.00,0.00,1.90
2026-08-23T20:54:37Z,0.669,16.7,775.1,0.00,0.00,0.00,0.00,1.90
2026-08-23T20:54:38Z,0.659,16.5,774.9,0.00,0.00,0.00,0.00,1.74
2026-08-23T20:54:39Z,0.678,17.0,775.6,0.00,0.00,0.00,0.00,1.74
2026-08-23T20:54:40Z,0.727,18.2,775.9,0.00,0.00,0.00,0.00,1.74
2026-08-23T20:54:41Z,0.659,16.5,776.2,0.00,0.00,0.00,0.00,1.74
2026-08-23T20:54:42Z,0.698,17.4,772.3,0.00,0.00,0.00,0.00,1.74
2026-08-23T20:54:43Z,0.706,17.6,774.4,0.00,0.00,0.00,0.00,1.68
2026-08-23T20:54:44Z,0.697,17.4,776.3,0.00,0.00,0.00,0.00,1.68
2026-08-23T20:54:45Z,0.697,17.4,775.3,0.00,0.04,0.00,0.00,1.68
2026-08-23T20:54:46Z,0.667,16.7,776.3,0.00,0.00,0.00,0.00,1.68
2026-08-23T20:54:47Z,0.687,17.2,771.6,0.00,0.40,0.00,0.00,1.63
2026-08-23T20:54:48Z,0.716,17.9,772.8,0.00,0.00,0.00,0.00,1.63
2026-08-23T20:54:49Z,0.678,17.0,775.5,0.00,0.00,0.00,0.00,1.63
2026-08-23T20:54:50Z,0.735,18.4,778.2,0.00,0.02,0.00,0.00,1.63
2026-08-23T20:54:51Z,0.706,17.6,779.1,0.00,0.00,0.00,0.00,1.63
2026-08-23T20:54:52Z,0.736,18.4,775.6,0.00,0.00,0.00,0.00,1.74
2026-08-23T20:54:53Z,0.717,17.9,777.3,0.00,0.00,0.00,0.00,1.74
2026-08-23T20:54:54Z,0.745,18.6,778.4,0.00,0.21,0.00,0.00,1.74
2026-08-23T20:54:55Z,0.707,17.7,778.0,0.00,0.00,0.00,0.00,1.74
2026-08-23T20:54:56Z,0.707,17.7,778.2,0.00,0.00,0.00,0.00,1.74
2026-08-23T20:54:57Z,0.726,18.1,779.0,0.00,0.00,0.00,0.00,1.92
2026-08-23T20:54:58Z,0.716,17.9,776.8,0.00,0.05,0.00,0.00,1.92
2026-08-23T20:54:59Z,0.726,18.1,777.7,0.00,0.00,0.00,0.00,1.92
2026-08-23T20:55:00Z,0.677,16.9,780.9,0.00,0.02,0.00,0.00,1.92
2026-08-23T20:55:01Z,0.698,17.4,780.1,0.00,0.00,0.00,0.00,1.92
2026-08-23T20:55:02Z,0.745,18.6,781.7,0.00,0.00,0.00,0.00,1.85
2026-08-23T20:55:03Z,0.718,17.9,783.0,0.00,0.01,0.00,0.00,1.85
2026-08-23T20:55:04Z,0.630,15.8,783.8,0.00,0.00,0.00,0.00,1.85
2026-08-23T20:55:05Z,0.716,17.9,780.5,0.00,0.00,0.00,0.00,1.85
2026-08-23T20:55:07Z,0.717,17.9,773.5,0.00,0.00,0.00,0.00,1.85
2026-08-23T20:55:08Z,0.687,17.2,775.0,0.00,0.00,0.00,0.00,1.70
2026-08-23T20:55:09Z,0.706,17.6,775.7,0.00,0.00,0.00,0.00,1.70
2026-08-23T20:55:10Z,0.670,16.8,775.7,0.00,0.00,0.00,0.00,1.70
2026-08-23T20:55:11Z,0.688,17.2,776.4,0.00,0.01,0.00,0.00,1.70
2026-08-23T20:55:12Z,0.718,17.9,777.7,0.00,0.48,0.00,0.00,1.70
2026-08-23T20:55:13Z,0.698,17.4,780.4,0.00,0.00,0.00,0.00,1.56
2026-08-23T20:55:14Z,0.727,18.2,780.6,0.00,0.11,0.00,0.00,1.56
2026-08-23T20:55:15Z,0.669,16.7,781.1,0.00,0.00,0.00,0.00,1.56
2026-08-23T20:55:16Z,0.726,18.1,781.7,0.00,0.00,0.00,0.00,1.56
2026-08-23T20:55:17Z,0.706,17.6,780.4,0.00,0.05,0.00,0.00,1.44
2026-08-23T20:55:18Z,0.669,16.7,783.4,0.00,0.34,0.00,0.00,1.44
2026-08-23T20:55:19Z,0.677,16.9,777.3,0.00,0.00,0.00,0.00,1.44
2026-08-23T20:55:20Z,0.754,18.9,780.7,0.00,0.00,0.00,0.00,1.44
2026-08-23T20:55:21Z,0.724,18.1,771.2,0.00,0.00,0.00,0.00,1.44
2026-08-23T20:55:22Z,0.707,17.7,772.9,0.00,0.00,0.00,0.00,1.32
2026-08-23T20:55:23Z,0.697,17.4,774.4,0.00,0.00,0.00,0.00,1.32
2026-08-23T20:55:24Z,0.696,17.4,774.2,0.00,0.01,0.00,0.00,1.32
2026-08-23T20:55:25Z,0.708,17.7,774.4,0.00,0.00,0.00,0.00,1.32
2026-08-23T20:55:26Z,0.708,17.7,776.0,0.00,0.00,0.00,0.00,1.32
2026-08-23T20:55:27Z,0.699,17.5,774.6,0.00,0.00,0.00,0.00,1.30
2026-08-23T20:55:28Z,0.658,16.4,775.2,0.00,0.00,0.00,0.00,1.30
2026-08-23T20:55:29Z,0.889,22.2,777.1,0.00,0.01,0.00,0.00,1.30
2026-08-23T20:55:30Z,0.791,19.8,778.0,0.00,0.00,0.00,0.00,1.30
2026-08-23T20:55:31Z,0.754,18.9,780.0,0.00,0.00,0.00,0.00,1.30
2026-08-23T20:55:32Z,0.611,15.3,777.0,0.00,0.01,0.00,0.00,1.19
2026-08-23T20:55:33Z,0.688,17.2,777.5,0.00,0.00,0.00,0.00,1.19
2026-08-23T20:55:34Z,0.668,16.7,776.2,0.00,0.00,0.00,0.00,1.19
2026-08-23T20:55:35Z,0.686,17.2,777.7,0.00,0.01,0.00,0.00,1.19
2026-08-23T20:55:36Z,0.708,17.7,779.0,0.00,0.00,0.00,0.00,1.19
2026-08-23T20:55:38Z,0.726,18.1,778.8,0.00,0.00,0.00,0.00,1.10
2026-08-23T20:55:39Z,0.659,16.5,777.7,0.00,0.00,0.00,0.00,1.10
2026-08-23T20:55:40Z,0.710,17.8,776.0,0.00,0.00,0.00,0.00,1.10
2026-08-23T20:55:41Z,0.718,17.9,775.9,0.00,0.00,0.00,0.00,1.10
2026-08-23T20:55:42Z,0.736,18.4,773.6,0.00,0.00,0.00,0.00,1.10
2026-08-23T20:55:43Z,0.716,17.9,773.2,0.00,0.05,0.00,0.00,1.01
2026-08-23T20:55:44Z,0.679,17.0,775.4,0.00,0.00,0.00,0.00,1.01
2026-08-23T20:55:45Z,0.649,16.2,776.7,0.00,0.00,0.00,0.00,1.01
2026-08-23T20:55:46Z,0.688,17.2,778.1,0.00,0.00,0.00,0.00,1.01
2026-08-23T20:55:47Z,0.727,18.2,776.3,0.00,0.00,0.00,0.00,0.93
2026-08-23T20:55:48Z,0.658,16.4,777.0,0.00,0.03,0.00,0.00,0.93
2026-08-23T20:55:49Z,0.727,18.2,777.4,0.00,0.00,0.00,0.00,0.93
2026-08-23T20:55:50Z,0.678,17.0,778.9,0.00,0.36,0.00,0.00,0.93
2026-08-23T20:55:51Z,0.727,18.2,780.3,0.00,0.00,0.00,0.00,0.93
2026-08-23T20:55:52Z,0.630,15.8,777.0,0.00,0.00,0.00,0.00,0.85
2026-08-23T20:55:53Z,0.728,18.2,777.1,0.00,0.00,0.00,0.00,0.85
2026-08-23T20:55:54Z,0.716,17.9,770.5,0.00,0.00,0.00,0.00,0.85
2026-08-23T20:55:55Z,0.726,18.1,770.9,0.00,0.00,0.00,0.00,0.85
2026-08-23T20:55:56Z,0.677,16.9,768.2,0.00,0.00,0.00,0.00,0.85
2026-08-23T20:55:57Z,0.735,18.4,764.8,0.00,0.22,0.00,0.00,0.78
2026-08-23T20:55:58Z,0.698,17.4,767.5,0.00,0.00,0.00,0.00,0.78
2026-08-23T20:55:59Z,0.688,17.2,767.4,0.00,0.00,0.00,0.00,0.78
2026-08-23T20:56:00Z,0.737,18.4,767.7,0.00,0.00,0.00,0.00,0.78
2026-08-23T20:56:01Z,0.745,18.6,767.5,0.00,0.01,0.00,0.00,0.78
2026-08-23T20:56:02Z,0.687,17.2,766.9,0.00,0.21,0.00,0.00,0.80
2026-08-23T20:56:03Z,0.697,17.4,769.4,0.00,0.00,0.00,0.00,0.80
2026-08-23T20:56:04Z,0.671,16.8,772.8,0.00,0.00,0.00,0.00,0.80
2026-08-23T20:56:05Z,0.794,19.9,767.4,0.00,0.00,0.00,0.00,0.80
2026-08-23T20:56:06Z,0.697,17.4,769.1,0.00,0.00,0.00,0.00,0.80
2026-08-23T20:56:07Z,0.668,16.7,770.3,0.00,0.00,0.00,0.00,1.06
2026-08-23T20:56:08Z,0.668,16.7,765.5,0.00,0.00,0.00,0.00,1.06
2026-08-23T20:56:10Z,0.696,17.4,767.1,0.00,0.00,0.00,0.00,1.06
2026-08-23T20:56:11Z,0.707,17.7,769.2,0.00,0.00,0.00,0.00,1.06
2026-08-23T20:56:12Z,0.716,17.9,773.9,0.00,0.00,0.00,0.00,1.06
2026-08-23T20:56:13Z,0.728,18.2,764.8,0.00,0.05,0.00,0.00,0.97
2026-08-23T20:56:14Z,0.746,18.6,766.1,0.00,0.00,0.00,0.00,0.97
2026-08-23T20:56:15Z,0.763,19.1,766.8,0.00,0.00,0.00,0.00,0.97
2026-08-23T20:56:16Z,0.687,17.2,767.2,0.00,0.00,0.00,0.00,0.97
2026-08-23T20:56:17Z,0.698,17.4,767.4,0.00,0.00,0.00,0.00,0.97
2026-08-23T20:56:18Z,0.747,18.7,769.4,0.00,0.03,0.00,0.00,0.89
2026-08-23T20:56:19Z,0.679,17.0,767.6,0.00,0.00,0.00,0.00,0.89
2026-08-23T20:56:20Z,0.794,19.9,766.1,0.00,0.00,0.00,0.00,0.89
2026-08-23T20:56:21Z,0.659,16.5,767.2,0.00,0.00,0.00,0.00,0.89
2026-08-23T20:56:22Z,0.667,16.7,766.5,0.00,0.00,0.00,0.00,0.82
2026-08-23T20:56:23Z,0.640,16.0,767.3,0.00,0.00,0.00,0.00,0.82
2026-08-23T20:56:24Z,0.699,17.5,766.6,0.00,0.00,0.00,0.00,0.82
2026-08-23T20:56:25Z,0.688,17.2,763.0,0.00,0.00,0.00,0.00,0.82
2026-08-23T20:56:26Z,0.718,17.9,766.0,0.00,0.00,0.00,0.00,0.82
2026-08-23T20:56:27Z,0.737,18.4,762.7,0.00,0.00,0.00,0.00,0.84
2026-08-23T20:56:28Z,0.649,16.2,764.9,0.00,0.00,0.00,0.00,0.84
2026-08-23T20:56:29Z,0.687,17.2,767.8,0.00,0.00,0.00,0.00,0.84
2026-08-23T20:56:30Z,0.717,17.9,770.5,0.00,0.00,0.00,0.00,0.84
2026-08-23T20:56:31Z,0.680,17.0,767.7,0.00,0.00,0.00,0.00,0.84
2026-08-23T20:56:32Z,0.649,16.2,768.3,0.00,0.00,0.00,0.00,0.77
2026-08-23T20:56:33Z,0.756,18.9,768.4,0.00,0.00,0.00,0.00,0.77
2026-08-23T20:56:34Z,0.714,17.8,768.6,0.00,0.00,0.00,0.00,0.77
2026-08-23T20:56:35Z,0.707,17.7,769.7,0.00,0.00,0.00,0.00,0.77
2026-08-23T20:56:36Z,0.727,18.2,767.1,0.00,0.33,0.00,0.00,0.77
2026-08-23T20:56:37Z,0.688,17.2,769.6,0.00,0.00,0.00,0.00,0.71
2026-08-23T20:56:38Z,0.728,18.2,770.5,0.00,0.01,0.00,0.00,0.71
2026-08-23T20:56:39Z,0.718,17.9,771.9,0.00,0.00,0.00,0.00,0.71
2026-08-23T20:56:40Z,0.649,16.2,769.7,0.00,0.00,0.00,0.00,0.71
2026-08-23T20:56:42Z,0.724,18.1,772.1,0.00,0.00,0.00,0.00,0.71
2026-08-23T20:56:43Z,0.688,17.2,770.9,0.00,0.05,0.00,0.00,0.65
2026-08-23T20:56:44Z,0.737,18.4,771.3,0.00,0.00,0.00,0.00,0.65
2026-08-23T20:56:45Z,0.679,17.0,772.5,0.00,0.00,0.00,0.00,0.65
2026-08-23T20:56:46Z,0.687,17.2,772.8,0.00,0.01,0.00,0.00,0.65
2026-08-23T20:56:47Z,0.676,16.9,772.1,0.00,0.00,0.00,0.00,0.65
2026-08-23T20:56:48Z,0.687,17.2,773.0,0.00,0.03,0.00,0.00,0.60
2026-08-23T20:56:49Z,0.678,17.0,763.0,0.00,0.00,0.00,0.00,0.60
2026-08-23T20:56:50Z,0.717,17.9,763.9,0.00,0.00,0.00,0.00,0.60
2026-08-23T20:56:51Z,0.708,17.7,761.8,0.00,0.00,0.00,0.00,0.60
2026-08-23T20:56:52Z,0.727,18.2,763.4,0.00,0.00,0.00,0.00,0.55
2026-08-23T20:56:53Z,0.725,18.1,763.5,0.00,0.00,0.00,0.00,0.55
2026-08-23T20:56:54Z,0.743,18.6,765.4,0.00,0.00,0.00,0.00,0.55
2026-08-23T20:56:55Z,0.746,18.6,766.5,0.00,0.00,0.00,0.00,0.55
2026-08-23T20:56:56Z,0.736,18.4,766.4,0.00,0.00,0.00,0.00,0.55
2026-08-23T20:56:57Z,0.727,18.2,767.7,0.00,0.00,0.00,0.00,0.51
2026-08-23T20:56:58Z,0.736,18.4,766.1,0.00,0.00,0.00,0.00,0.51
2026-08-23T20:56:59Z,0.747,18.7,766.9,0.00,0.00,0.00,0.00,0.51
2026-08-23T20:57:00Z,0.716,17.9,768.1,0.00,0.00,0.00,0.00,0.51
2026-08-23T20:57:01Z,0.708,17.7,767.8,0.00,0.00,0.00,0.00,0.51
2026-08-23T20:57:02Z,0.679,17.0,765.9,0.00,0.00,0.00,0.00,0.47
2026-08-23T20:57:03Z,0.716,17.9,768.3,0.00,0.01,0.00,0.00,0.47
2026-08-23T20:57:04Z,0.678,17.0,768.8,0.00,0.00,0.00,0.00,0.47
2026-08-23T20:57:05Z,0.668,16.7,771.9,0.00,0.00,0.00,0.00,0.47
2026-08-23T20:57:06Z,0.765,19.1,773.3,0.00,0.00,0.00,0.00,0.47
2026-08-23T20:57:07Z,0.698,17.4,770.8,0.00,0.28,0.00,0.00,0.43
2026-08-23T20:57:08Z,0.649,16.2,768.9,0.00,0.00,0.00,0.00,0.43
2026-08-23T20:57:09Z,0.669,16.7,769.6,0.00,0.00,0.00,0.00,0.43
2026-08-23T20:57:10Z,0.717,17.9,773.1,0.00,0.00,0.00,0.00,0.43
2026-08-23T20:57:11Z,0.669,16.7,774.9,0.00,0.00,0.00,0.00,0.43
2026-08-23T20:57:12Z,0.688,17.2,775.3,0.00,0.05,0.00,0.00,0.55
2026-08-23T20:57:14Z,0.523,13.1,774.1,0.00,0.00,0.00,0.00,0.55
2026-08-23T20:57:15Z,0.398,10.0,786.3,0.00,0.00,0.00,0.00,0.55
2026-08-23T20:57:16Z,0.447,11.2,803.0,0.00,0.00,0.00,0.00,0.55
2026-08-23T20:57:17Z,0.631,15.8,816.6,0.00,0.00,0.00,0.00,0.55
2026-08-23T20:57:18Z,0.609,15.2,825.0,0.00,0.03,0.00,0.00,0.51
2026-08-23T20:57:19Z,0.680,17.0,825.1,0.00,0.00,0.00,0.00,0.51
2026-08-23T20:57:20Z,0.592,14.8,823.8,0.00,0.00,0.00,0.00,0.51
2026-08-23T20:57:21Z,0.581,14.5,817.0,0.00,0.00,0.00,0.00,0.51
2026-08-23T20:57:22Z,0.728,18.2,816.1,0.00,0.00,0.00,0.00,0.51
2026-08-23T20:57:23Z,0.793,19.8,812.4,0.00,0.00,0.00,0.00,1.67
2026-08-23T20:57:24Z,0.786,19.7,810.6,0.00,0.00,0.00,0.00,1.67
2026-08-23T20:57:25Z,0.803,20.1,810.8,0.00,0.00,0.00,0.00,1.67
2026-08-23T20:57:26Z,0.718,17.9,809.4,0.00,0.00,0.00,0.00,1.67
2026-08-23T20:57:27Z,0.736,18.4,809.6,0.00,0.00,0.00,0.00,1.54
2026-08-23T20:57:28Z,0.590,14.8,808.2,0.00,0.00,0.00,0.00,1.54
2026-08-23T20:57:29Z,0.818,20.4,809.3,0.00,0.00,0.00,0.00,1.54
2026-08-23T20:57:30Z,0.746,18.6,809.4,0.00,0.00,0.00,0.00,1.54
2026-08-23T20:57:31Z,0.812,20.3,808.2,0.00,0.00,0.00,0.00,1.54
2026-08-23T20:57:32Z,0.726,18.1,805.5,0.00,0.00,0.00,0.00,1.57
2026-08-23T20:57:33Z,0.762,19.1,807.6,0.00,0.01,0.00,0.00,1.57
2026-08-23T20:57:34Z,0.851,21.3,805.6,0.00,0.00,0.00,0.00,1.57
2026-08-23T20:57:35Z,0.776,19.4,806.9,0.00,0.00,0.00,0.00,1.57
2026-08-23T20:57:36Z,0.727,18.2,806.7,0.00,0.00,0.00,0.00,1.57
2026-08-23T20:57:37Z,0.684,17.1,805.0,0.00,0.00,0.00,0.00,1.45
2026-08-23T20:57:38Z,0.707,17.7,804.7,0.00,0.00,0.00,0.00,1.45
2026-08-23T20:57:39Z,0.745,18.6,805.7,0.00,0.37,0.00,0.00,1.45
2026-08-23T20:57:40Z,0.706,17.6,806.7,0.00,0.00,0.00,0.00,1.45
2026-08-23T20:57:41Z,0.700,17.5,805.6,0.00,0.00,0.00,0.00,1.45
2026-08-23T20:57:42Z,0.746,18.6,806.3,0.00,0.00,0.00,0.00,2.13
2026-08-23T20:57:43Z,0.784,19.6,805.2,0.00,0.04,0.00,0.00,2.13
2026-08-23T20:57:44Z,0.716,17.9,795.7,0.00,0.01,0.00,0.00,2.13
2026-08-23T20:57:46Z,0.744,18.6,798.0,0.00,0.00,0.00,0.00,2.13
2026-08-23T20:57:47Z,0.709,17.7,798.7,0.00,0.00,0.00,0.00,2.13
2026-08-23T20:57:48Z,0.679,17.0,801.9,0.00,0.00,0.00,0.00,1.96
2026-08-23T20:57:49Z,0.698,17.4,803.8,0.00,0.01,0.00,0.00,1.96
2026-08-23T20:57:50Z,0.717,17.9,806.8,0.00,0.23,0.00,0.00,1.96
2026-08-23T20:57:51Z,0.753,18.8,806.7,0.00,0.01,0.00,0.00,1.96
2026-08-23T20:57:52Z,0.667,16.7,808.2,0.00,0.00,0.00,0.00,1.96
2026-08-23T20:57:53Z,0.725,18.1,806.6,0.00,0.00,0.00,0.00,2.45
2026-08-23T20:57:54Z,0.746,18.6,808.8,0.00,0.00,0.00,0.00,2.45
2026-08-23T20:57:55Z,0.764,19.1,803.9,0.00,0.00,0.00,0.00,2.45
2026-08-23T20:57:56Z,0.707,17.7,801.0,0.00,0.00,0.00,0.00,2.45
2026-08-23T20:57:57Z,0.762,19.1,802.7,0.00,0.00,0.00,0.00,2.25
2026-08-23T20:57:58Z,0.715,17.9,801.5,0.00,0.21,0.00,0.00,2.25
2026-08-23T20:57:59Z,0.729,18.2,802.6,0.00,0.00,0.00,0.00,2.25
2026-08-23T20:58:00Z,0.776,19.4,802.2,0.00,0.00,0.00,0.00,2.25
2026-08-23T20:58:01Z,0.747,18.7,793.6,0.00,0.00,0.00,0.00,2.25
2026-08-23T20:58:02Z,0.773,19.3,794.5,0.00,0.00,0.00,0.00,2.31
2026-08-23T20:58:03Z,0.743,18.6,796.6,0.00,0.00,0.00,0.00,2.31
2026-08-23T20:58:04Z,0.716,17.9,798.4,0.00,0.00,0.00,0.00,2.31
2026-08-23T20:58:05Z,0.774,19.4,799.8,0.00,0.01,0.00,0.00,2.31
2026-08-23T20:58:06Z,0.737,18.4,798.5,0.00,0.21,0.00,0.00,2.31
2026-08-23T20:58:07Z,0.706,17.6,800.9,0.00,0.00,0.00,0.00,2.61
2026-08-23T20:58:08Z,0.755,18.9,795.1,0.00,0.00,0.00,0.00,2.61
2026-08-23T20:58:09Z,0.715,17.9,793.4,0.00,0.00,0.00,0.00,2.61
2026-08-23T20:58:10Z,0.735,18.4,794.9,0.00,0.00,0.00,0.00,2.61
2026-08-23T20:58:11Z,0.765,19.1,796.9,0.00,0.00,0.00,0.00,2.61
2026-08-23T20:58:12Z,0.746,18.6,796.8,0.00,0.16,0.00,0.00,2.40
2026-08-23T20:58:13Z,0.688,17.2,797.7,0.00,0.06,0.00,0.00,2.40
2026-08-23T20:58:14Z,0.708,17.7,800.4,0.00,0.00,0.00,0.00,2.40
2026-08-23T20:58:15Z,0.708,17.7,801.2,0.00,0.00,0.00,0.00,2.40
2026-08-23T20:58:16Z,0.784,19.6,801.8,0.00,0.00,0.00,0.00,2.40
2026-08-23T20:58:18Z,0.658,16.4,802.1,0.00,0.00,0.00,0.00,2.20
2026-08-23T20:58:19Z,0.727,18.2,802.0,0.00,0.03,0.00,0.00,2.20
2026-08-23T20:58:20Z,0.718,17.9,803.5,0.00,0.00,0.00,0.00,2.20
2026-08-23T20:58:21Z,0.763,19.1,803.3,0.00,0.00,0.00,0.00,2.20
2026-08-23T20:58:22Z,0.658,16.4,800.9,0.00,0.17,0.00,0.00,2.20
2026-08-23T20:58:23Z,0.736,18.4,802.7,0.00,0.00,0.00,0.00,2.19
2026-08-23T20:58:24Z,0.775,19.4,805.2,0.00,0.00,0.00,0.00,2.19
2026-08-23T20:58:25Z,0.708,17.7,806.8,0.00,0.00,0.00,0.00,2.19
2026-08-23T20:58:26Z,0.765,19.1,796.4,0.00,0.00,0.00,0.00,2.19
2026-08-23T20:58:27Z,0.695,17.4,797.3,0.00,0.00,0.00,0.00,2.41
2026-08-23T20:58:28Z,0.734,18.4,797.0,0.00,0.00,0.00,0.00,2.41
2026-08-23T20:58:29Z,0.755,18.9,800.9,0.00,0.00,0.00,0.00,2.41
2026-08-23T20:58:30Z,0.784,19.6,801.5,0.00,0.00,0.00,0.00,2.41
2026-08-23T20:58:31Z,0.775,19.4,799.9,0.00,0.22,0.00,0.00,2.41
2026-08-23T20:58:32Z,0.717,17.9,803.1,0.00,0.00,0.00,0.00,2.70
2026-08-23T20:58:33Z,0.746,18.6,803.2,0.00,0.00,0.00,0.00,2.70
2026-08-23T20:58:34Z,0.705,17.6,802.5,0.00,0.00,0.00,0.00,2.70
2026-08-23T20:58:35Z,0.726,18.1,804.3,0.00,0.00,0.00,0.00,2.70
2026-08-23T20:58:36Z,0.736,18.4,804.3,0.00,0.00,0.00,0.00,2.70
2026-08-23T20:58:37Z,0.659,16.5,804.0,0.00,0.00,0.00,0.00,2.48
2026-08-23T20:58:38Z,0.718,17.9,804.9,0.00,0.20,0.00,0.00,2.48
2026-08-23T20:58:39Z,0.705,17.6,802.6,0.00,0.00,0.00,0.00,2.48
2026-08-23T20:58:40Z,0.756,18.9,803.4,0.00,0.00,0.00,0.00,2.48
2026-08-23T20:58:41Z,0.755,18.9,802.7,0.00,0.00,0.00,0.00,2.48
2026-08-23T20:58:42Z,0.708,17.7,806.0,0.00,0.00,0.00,0.00,2.29
2026-08-23T20:58:43Z,0.680,17.0,804.7,0.00,0.00,0.00,0.00,2.29
2026-08-23T20:58:44Z,0.737,18.4,805.9,0.00,0.05,0.00,0.00,2.29
2026-08-23T20:58:45Z,0.725,18.1,803.2,0.00,0.00,0.00,0.00,2.29
2026-08-23T20:58:46Z,0.840,21.0,794.6,0.00,0.00,0.00,0.00,2.29
2026-08-23T20:58:47Z,0.707,17.7,797.3,0.00,0.00,0.00,0.00,2.18
2026-08-23T20:58:49Z,0.735,18.4,793.7,0.00,0.00,0.00,0.00,2.18
2026-08-23T20:58:50Z,0.678,17.0,795.0,0.00,0.00,0.00,0.00,2.18
2026-08-23T20:58:51Z,0.813,20.3,795.2,0.00,0.00,0.00,0.00,2.18
2026-08-23T20:58:52Z,0.680,17.0,794.4,0.00,0.16,0.00,0.00,2.18
2026-08-23T20:58:53Z,0.727,18.2,797.9,0.00,0.00,0.00,0.00,2.17
2026-08-23T20:58:54Z,0.745,18.6,785.7,0.00,0.00,0.00,0.00,2.17
2026-08-23T20:58:55Z,0.767,19.2,783.7,0.00,0.00,0.00,0.00,2.17
2026-08-23T20:58:56Z,0.697,17.4,784.8,0.00,0.01,0.00,0.00,2.17
2026-08-23T20:58:57Z,0.707,17.7,784.5,0.00,0.00,0.00,0.00,2.17
2026-08-23T20:58:58Z,0.747,18.7,787.8,0.00,0.00,0.00,0.00,2.15
2026-08-23T20:58:59Z,0.746,18.6,789.2,0.00,0.01,0.00,0.00,2.15
2026-08-23T20:59:00Z,0.853,21.3,783.5,0.00,0.00,0.00,0.00,2.15
2026-08-23T20:59:01Z,0.687,17.2,783.4,0.00,0.00,0.00,0.00,2.15
2026-08-23T20:59:02Z,0.706,17.6,784.9,0.00,0.00,0.00,0.00,1.98
2026-08-23T20:59:03Z,0.708,17.7,786.6,0.00,0.00,0.00,0.00,1.98
2026-08-23T20:59:04Z,0.707,17.7,788.7,0.00,0.29,0.00,0.00,1.98
2026-08-23T20:59:05Z,0.755,18.9,787.9,0.00,0.00,0.00,0.00,1.98
2026-08-23T20:59:06Z,0.735,18.4,790.7,0.00,0.00,0.00,0.00,1.98
2026-08-23T20:59:07Z,0.707,17.7,792.6,0.00,0.01,0.00,0.00,1.82
2026-08-23T20:59:08Z,0.756,18.9,792.8,0.00,0.00,0.00,0.00,1.82
2026-08-23T20:59:09Z,0.728,18.2,792.4,0.00,0.00,0.00,0.00,1.82
2026-08-23T20:59:10Z,0.764,19.1,791.3,0.00,0.00,0.00,0.00,1.82
2026-08-23T20:59:11Z,0.726,18.1,792.2,0.00,0.00,0.00,0.00,1.82
2026-08-23T20:59:12Z,0.812,20.3,783.2,0.00,0.17,0.00,0.00,1.68
2026-08-23T20:59:13Z,0.726,18.1,785.2,0.00,0.00,0.00,0.00,1.68
2026-08-23T20:59:14Z,0.756,18.9,786.7,0.00,0.05,0.00,0.00,1.68
2026-08-23T20:59:15Z,0.764,19.1,787.8,0.00,0.05,0.00,0.00,1.68
2026-08-23T20:59:16Z,0.775,19.4,787.5,0.00,0.00,0.00,0.00,1.68
2026-08-23T20:59:17Z,0.734,18.4,788.8,0.00,0.00,0.00,0.00,1.54
2026-08-23T20:59:18Z,0.764,19.1,791.5,0.00,0.00,0.00,0.00,1.54
2026-08-23T20:59:19Z,0.677,16.9,791.8,0.00,0.00,0.00,0.00,1.54
2026-08-23T20:59:21Z,0.774,19.4,793.5,0.00,0.00,0.00,0.00,1.54
2026-08-23T20:59:22Z,0.707,17.7,795.2,0.00,0.00,0.00,0.00,1.54
2026-08-23T20:59:23Z,0.756,18.9,793.3,0.00,0.00,0.00,0.00,1.42
2026-08-23T20:59:24Z,0.735,18.4,785.2,0.00,0.20,0.00,0.00,1.42
2026-08-23T20:59:25Z,0.736,18.4,786.5,0.00,0.00,0.00,0.00,1.42
2026-08-23T20:59:26Z,0.773,19.3,787.0,0.00,0.00,0.00,0.00,1.42
2026-08-23T20:59:27Z,0.756,18.9,788.3,0.00,0.00,0.00,0.00,1.42
2026-08-23T20:59:28Z,0.727,18.2,787.5,0.00,0.16,0.00,0.00,1.55
2026-08-23T20:59:29Z,0.736,18.4,789.2,0.00,0.00,0.00,0.00,1.55
2026-08-23T20:59:30Z,0.766,19.1,793.6,0.00,0.00,0.00,0.00,1.55
2026-08-23T20:59:31Z,0.687,17.2,791.1,0.00,0.00,0.00,0.00,1.55
2026-08-23T20:59:32Z,0.716,17.9,792.7,0.00,0.00,0.00,0.00,1.42
2026-08-23T20:59:33Z,0.715,17.9,794.1,0.00,0.00,0.00,0.00,1.42
2026-08-23T20:59:34Z,0.746,18.6,792.5,0.00,0.17,0.00,0.00,1.42
2026-08-23T20:59:35Z,0.736,18.4,792.7,0.00,0.00,0.00,0.00,1.42
2026-08-23T20:59:36Z,0.724,18.1,791.6,0.00,0.00,0.00,0.00,1.42
2026-08-23T20:59:37Z,0.717,17.9,793.1,0.00,0.00,0.00,0.00,1.71
2026-08-23T20:59:38Z,0.716,17.9,794.3,0.00,0.00,0.00,0.00,1.71
2026-08-23T20:59:39Z,0.677,16.9,792.9,0.00,0.00,0.00,0.00,1.71
2026-08-23T20:59:40Z,0.697,17.4,795.5,0.00,0.00,0.00,0.00,1.71
2026-08-23T20:59:41Z,0.754,18.9,798.1,0.00,0.23,0.00,0.00,1.71
2026-08-23T20:59:42Z,0.746,18.6,798.7,0.00,0.00,0.00,0.00,1.81
2026-08-23T20:59:43Z,0.677,16.9,799.1,0.00,0.00,0.00,0.00,1.81
2026-08-23T20:59:44Z,0.726,18.1,796.8,0.00,0.00,0.00,0.00,1.81
2026-08-23T20:59:45Z,0.745,18.6,790.3,0.00,0.04,0.00,0.00,1.81
2026-08-23T20:59:46Z,0.708,17.7,787.8,0.00,0.00,0.00,0.00,1.81
2026-08-23T20:59:47Z,0.688,17.2,790.0,0.00,0.16,0.00,0.00,1.83
2026-08-23T20:59:48Z,0.763,19.1,788.9,0.00,0.00,0.00,0.00,1.83
2026-08-23T20:59:49Z,0.708,17.7,788.1,0.00,0.00,0.00,0.00,1.83
2026-08-23T20:59:50Z,0.784,19.6,791.4,0.00,0.00,0.00,0.00,1.83
2026-08-23T20:59:52Z,0.728,18.2,792.0,0.00,0.00,0.00,0.00,1.83
2026-08-23T20:59:53Z,0.707,17.7,781.4,0.00,0.00,0.00,0.00,3.04
2026-08-23T20:59:54Z,0.687,17.2,783.0,0.00,0.00,0.00,0.00,3.04
2026-08-23T20:59:55Z,0.727,18.2,784.9,0.00,0.00,0.00,0.00,3.04
2026-08-23T20:59:56Z,0.791,19.8,778.5,0.00,0.00,0.00,0.00,3.04
2026-08-23T20:59:57Z,0.764,19.1,781.5,0.00,0.00,0.00,0.00,3.04
2026-08-23T20:59:58Z,0.657,16.4,776.4,0.00,0.00,0.00,0.00,2.88
2026-08-23T20:59:59Z,0.708,17.7,780.7,0.00,0.30,0.00,0.00,2.88
2026-08-23T21:00:00Z,0.793,19.8,782.9,0.00,0.00,0.00,0.00,2.88
2026-08-23T21:00:01Z,0.752,18.8,783.4,0.00,0.05,0.00,0.00,2.88
2026-08-23T21:00:02Z,0.813,20.3,785.4,0.00,0.00,0.00,0.00,2.65
2026-08-23T21:00:03Z,0.717,17.9,787.6,0.00,0.00,0.00,0.00,2.65
2026-08-23T21:00:04Z,0.697,17.4,786.1,0.00,0.33,0.00,0.00,2.65
2026-08-23T21:00:05Z,0.698,17.4,788.4,0.00,0.00,0.00,0.00,2.65
2026-08-23T21:00:06Z,0.697,17.4,789.9,0.00,0.01,0.00,0.00,2.65
2026-08-23T21:00:07Z,0.678,17.0,789.3,0.00,0.01,0.00,0.00,2.68
2026-08-23T21:00:08Z,0.677,16.9,791.6,0.00,0.00,0.00,0.00,2.68
2026-08-23T21:00:09Z,0.716,17.9,793.7,0.00,0.00,0.00,0.00,2.68
2026-08-23T21:00:10Z,0.697,17.4,794.3,0.00,0.00,0.00,0.00,2.68
2026-08-23T21:00:11Z,0.688,17.2,794.7,0.00,0.16,0.00,0.00,2.68
2026-08-23T21:00:12Z,0.785,19.6,791.2,0.00,0.50,0.00,0.00,2.46
2026-08-23T21:00:13Z,0.727,18.2,789.1,0.00,0.11,0.00,0.00,2.46
2026-08-23T21:00:14Z,0.726,18.1,789.7,0.00,0.00,0.00,0.00,2.46
2026-08-23T21:00:15Z,0.705,17.6,790.4,0.00,0.01,0.00,0.00,2.46
2026-08-23T21:00:16Z,0.756,18.9,789.7,0.00,0.05,0.00,0.00,2.46
2026-08-23T21:00:17Z,0.727,18.2,790.1,0.00,0.00,0.00,0.00,2.26
2026-08-23T21:00:18Z,0.659,16.5,789.1,0.00,0.00,0.00,0.00,2.26
2026-08-23T21:00:19Z,0.718,17.9,782.5,0.00,0.17,0.00,0.00,2.26
2026-08-23T21:00:20Z,0.753,18.8,782.9,0.00,0.00,0.00,0.00,2.26
2026-08-23T21:00:21Z,0.677,16.9,787.4,0.00,0.00,0.00,0.00,2.26
2026-08-23T21:00:23Z,0.660,16.5,788.3,0.00,0.00,0.00,0.00,2.48
2026-08-23T21:00:24Z,0.707,17.7,785.7,0.00,0.00,0.00,0.00,2.48
2026-08-23T21:00:25Z,0.737,18.4,787.0,0.00,0.20,0.00,0.00,2.48
2026-08-23T21:00:26Z,0.755,18.9,785.1,0.00,0.00,0.00,0.00,2.48
2026-08-23T21:00:27Z,0.784,19.6,788.5,0.00,0.00,0.00,0.00,2.48
2026-08-23T21:00:28Z,0.717,17.9,788.6,0.00,0.00,0.00,0.00,2.28
2026-08-23T21:00:29Z,0.743,18.6,788.8,0.00,0.00,0.00,0.00,2.28
2026-08-23T21:00:30Z,0.697,17.4,789.3,0.00,0.00,0.00,0.00,2.28
2026-08-23T21:00:31Z,0.699,17.5,788.9,0.00,0.00,0.00,0.00,2.28
2026-08-23T21:00:32Z,0.795,19.9,789.1,0.00,0.01,0.00,0.00,2.28
2026-08-23T21:00:33Z,0.755,18.9,788.1,0.00,0.00,0.00,0.00,2.26
2026-08-23T21:00:34Z,0.726,18.1,786.8,0.00,0.17,0.00,0.00,2.26
2026-08-23T21:00:35Z,0.737,18.4,787.3,0.00,0.00,0.00,0.00,2.26
2026-08-23T21:00:36Z,0.726,18.1,787.3,0.00,0.00,0.00,0.00,2.26
2026-08-23T21:00:37Z,0.679,17.0,786.2,0.00,0.00,0.00,0.00,2.08
2026-08-23T21:00:38Z,0.671,16.8,786.8,0.00,0.00,0.00,0.00,2.08
2026-08-23T21:00:39Z,0.698,17.4,788.6,0.00,0.00,0.00,0.00,2.08
2026-08-23T21:00:40Z,0.738,18.4,786.6,0.00,0.00,0.00,0.00,2.08
2026-08-23T21:00:41Z,0.735,18.4,788.1,0.00,0.00,0.00,0.00,2.08
2026-08-23T21:00:42Z,0.696,17.4,789.4,0.00,0.06,0.00,0.00,1.91
2026-08-23T21:00:43Z,0.727,18.2,790.1,0.00,0.00,0.00,0.00,1.91
2026-08-23T21:00:44Z,0.755,18.9,790.6,0.00,0.00,0.00,0.00,1.91
2026-08-23T21:00:45Z,0.773,19.3,789.2,0.00,0.00,0.00,0.00,1.91
2026-08-23T21:00:46Z,0.717,17.9,793.0,0.00,0.00,0.00,0.00,1.91
2026-08-23T21:00:47Z,0.748,18.7,787.2,0.00,0.00,0.00,0.00,2.40
2026-08-23T21:00:48Z,0.734,18.4,788.0,0.00,0.00,0.00,0.00,2.40
2026-08-23T21:00:49Z,0.688,17.2,787.6,0.00,0.00,0.00,0.00,2.40
2026-08-23T21:00:50Z,0.794,19.9,779.1,0.00,0.16,0.00,0.00,2.40
2026-08-23T21:00:51Z,0.726,18.1,774.6,0.00,0.00,0.00,0.00,2.40
2026-08-23T21:00:52Z,0.726,18.1,773.9,0.00,0.00,0.00,0.00,2.53
2026-08-23T21:00:53Z,0.725,18.1,776.4,0.00,0.00,0.00,0.00,2.53
2026-08-23T21:00:55Z,0.744,18.6,775.8,0.00,0.00,0.00,0.00,2.53
2026-08-23T21:00:56Z,0.814,20.3,777.7,0.00,0.00,0.00,0.00,2.53
2026-08-23T21:00:57Z,0.745,18.6,779.2,0.00,0.19,0.00,0.00,2.53
2026-08-23T21:00:58Z,0.717,17.9,779.3,0.00,0.00,0.00,0.00,2.65
2026-08-23T21:00:59Z,0.765,19.1,774.7,0.00,0.00,0.00,0.00,2.65
2026-08-23T21:01:00Z,0.744,18.6,775.5,0.00,0.00,0.00,0.00,2.65
2026-08-23T21:01:01Z,0.717,17.9,777.4,0.00,0.00,0.00,0.00,2.65
2026-08-23T21:01:02Z,0.728,18.2,780.0,0.00,0.00,0.00,0.00,2.65
2026-08-23T21:01:03Z,0.708,17.7,782.8,0.00,0.00,0.00,0.00,2.84
2026-08-23T21:01:04Z,0.718,17.9,780.4,0.00,0.17,0.00,0.00,2.84
2026-08-23T21:01:05Z,0.728,18.2,775.1,0.00,0.00,0.00,0.00,2.84
2026-08-23T21:01:06Z,0.725,18.1,777.3,0.00,0.00,0.00,0.00,2.84
2026-08-23T21:01:07Z,0.716,17.9,777.1,0.00,0.00,0.00,0.00,2.61
2026-08-23T21:01:08Z,0.688,17.2,778.2,0.00,0.00,0.00,0.00,2.61
2026-08-23T21:01:09Z,0.728,18.2,777.3,0.00,0.00,0.00,0.00,2.61
2026-08-23T21:01:10Z,0.736,18.4,776.4,0.00,0.00,0.00,0.00,2.61
2026-08-23T21:01:11Z,0.659,16.5,778.6,0.00,0.01,0.00,0.00,2.61
2026-08-23T21:01:12Z,0.723,18.1,777.5,0.00,0.23,0.00,0.00,2.48
2026-08-23T21:01:13Z,0.762,19.1,778.4,0.00,0.06,0.00,0.00,2.48
2026-08-23T21:01:14Z,0.762,19.1,775.9,0.00,0.00,0.00,0.00,2.48
2026-08-23T21:01:15Z,0.725,18.1,776.7,0.00,0.00,0.00,0.00,2.48
2026-08-23T21:01:16Z,0.750,18.8,777.1,0.00,0.00,0.00,0.00,2.48
2026-08-23T21:01:17Z,0.716,17.9,779.1,0.00,0.00,0.00,0.00,2.60
2026-08-23T21:01:18Z,0.792,19.8,781.1,0.00,0.00,0.00,0.00,2.60
2026-08-23T21:01:19Z,0.752,18.8,775.9,0.00,0.19,0.00,0.00,2.60
2026-08-23T21:01:20Z,0.851,21.3,778.3,0.00,0.00,0.00,0.00,2.60
2026-08-23T21:01:21Z,0.734,18.4,779.4,0.00,0.00,0.00,0.00,2.60
2026-08-23T21:01:22Z,0.753,18.8,780.6,0.00,0.00,0.00,0.00,3.35
2026-08-23T21:01:23Z,0.809,20.2,780.8,0.00,0.00,0.00,0.00,3.35
2026-08-23T21:01:25Z,0.759,19.0,780.3,0.00,0.01,0.00,0.00,3.35
2026-08-23T21:01:26Z,0.724,18.1,782.1,0.00,0.00,0.00,0.00,3.35
2026-08-23T21:01:27Z,0.746,18.6,782.1,0.00,0.00,0.00,0.00,3.35
2026-08-23T21:01:28Z,0.735,18.4,781.1,0.00,0.00,0.00,0.00,3.17
2026-08-23T21:01:29Z,0.715,17.9,776.5,0.00,0.00,0.00,0.00,3.17
2026-08-23T21:01:30Z,0.771,19.3,774.9,0.00,0.23,0.00,0.00,3.17
2026-08-23T21:01:31Z,0.743,18.6,777.5,0.00,0.00,0.00,0.00,3.17
2026-08-23T21:01:32Z,0.675,16.9,780.5,0.00,0.00,0.00,0.00,3.17
2026-08-23T21:01:33Z,0.724,18.1,782.0,0.00,0.00,0.00,0.00,2.91
2026-08-23T21:01:34Z,0.727,18.2,779.8,0.00,0.01,0.00,0.00,2.91
2026-08-23T21:01:35Z,0.768,19.2,779.8,0.00,0.00,0.00,0.00,2.91
2026-08-23T21:01:36Z,0.846,21.1,777.4,0.00,0.00,0.00,0.00,2.91
2026-08-23T21:01:37Z,0.720,18.0,778.6,0.00,0.00,0.00,0.00,2.68
2026-08-23T21:01:38Z,0.759,19.0,779.8,0.00,0.00,0.00,0.00,2.68
2026-08-23T21:01:39Z,0.667,16.7,782.9,0.00,0.00,0.00,0.00,2.68
2026-08-23T21:01:40Z,0.799,20.0,783.0,0.00,0.00,0.00,0.00,2.68
2026-08-23T21:01:41Z,0.739,18.5,782.6,0.00,0.16,0.00,0.00,2.68
2026-08-23T21:01:42Z,0.694,17.3,784.0,0.00,0.00,0.00,0.00,2.46
2026-08-23T21:01:43Z,0.727,18.2,783.0,0.00,0.00,0.00,0.00,2.46
2026-08-23T21:01:44Z,0.729,18.2,784.9,0.00,0.09,0.00,0.00,2.46
2026-08-23T21:01:45Z,0.753,18.8,785.9,0.00,0.00,0.00,0.00,2.46
2026-08-23T21:01:46Z,0.767,19.2,783.6,0.00,0.00,0.00,0.00,2.46
2026-08-23T21:01:47Z,0.720,18.0,785.7,0.00,0.00,0.00,0.00,2.27
2026-08-23T21:01:48Z,0.724,18.1,786.7,0.00,0.22,0.00,0.00,2.27
2026-08-23T21:01:49Z,0.695,17.4,780.4,0.00,0.00,0.00,0.00,2.27
2026-08-23T21:01:50Z,0.732,18.3,779.1,0.00,0.00,0.00,0.00,2.27
2026-08-23T21:01:51Z,0.810,20.2,782.4,0.00,0.01,0.00,0.00,2.27
2026-08-23T21:01:53Z,0.762,19.1,782.0,0.00,0.00,0.00,0.00,2.24
2026-08-23T21:01:54Z,0.753,18.8,784.4,0.00,0.00,0.00,0.00,2.24
2026-08-23T21:01:55Z,0.791,19.8,780.8,0.00,0.00,0.00,0.00,2.24
2026-08-23T21:01:56Z,0.781,19.5,782.3,0.00,0.26,0.00,0.00,2.24
2026-08-23T21:01:57Z,0.789,19.7,782.6,0.00,0.00,0.00,0.00,2.24
2026-08-23T21:01:58Z,0.762,19.1,783.4,0.00,0.01,0.00,0.00,2.06
2026-08-23T21:01:59Z,0.712,17.8,785.3,0.00,0.00,0.00,0.00,2.06
2026-08-23T21:02:00Z,0.725,18.1,786.0,0.00,0.00,0.00,0.00,2.06
2026-08-23T21:02:01Z,0.713,17.8,786.1,0.00,0.00,0.00,0.00,2.06
2026-08-23T21:02:02Z,0.762,19.1,787.1,0.00,0.00,0.00,0.00,1.98
2026-08-23T21:02:03Z,0.675,16.9,788.9,0.00,0.17,0.00,0.00,1.98
2026-08-23T21:02:04Z,0.673,16.8,788.6,0.00,0.00,0.00,0.00,1.98
2026-08-23T21:02:05Z,0.780,19.5,781.8,0.00,0.00,0.00,0.00,1.98
2026-08-23T21:02:06Z,0.586,14.6,783.0,0.00,0.00,0.00,0.00,1.98
2026-08-23T21:02:07Z,0.750,18.8,784.2,0.00,0.00,0.00,0.00,1.90
2026-08-23T21:02:08Z,0.739,18.5,784.2,0.00,0.00,0.00,0.00,1.90
2026-08-23T21:02:09Z,0.664,16.6,784.9,0.00,0.00,0.00,0.00,1.90
2026-08-23T21:02:10Z,0.723,18.1,785.8,0.00,0.17,0.00,0.00,1.90
2026-08-23T21:02:11Z,0.596,14.9,783.9,0.00,0.00,0.00,0.00,1.90
2026-08-23T21:02:12Z,0.774,19.4,781.6,0.00,0.00,0.00,0.00,1.91
2026-08-23T21:02:13Z,0.760,19.0,781.6,0.00,0.00,0.00,0.00,1.91
2026-08-23T21:02:14Z,0.769,19.2,780.5,0.00,0.05,0.00,0.00,1.91
2026-08-23T21:02:15Z,0.749,18.7,780.5,0.00,0.00,0.00,0.00,1.91
2026-08-23T21:02:16Z,0.647,16.2,781.6,0.00,0.20,0.00,0.00,1.91
2026-08-23T21:02:17Z,0.772,19.3,783.3,0.00,0.00,0.00,0.00,1.84
2026-08-23T21:02:18Z,0.761,19.0,776.5,0.00,0.00,0.00,0.00,1.84
2026-08-23T21:02:20Z,0.752,18.8,777.8,0.00,0.00,0.00,0.00,1.84
2026-08-23T21:02:21Z,0.816,20.4,778.7,0.00,0.01,0.00,0.00,1.84
2026-08-23T21:02:22Z,0.751,18.8,781.9,0.00,0.00,0.00,0.00,1.84
2026-08-23T21:02:23Z,0.778,19.4,778.8,0.00,0.00,0.00,0.00,2.57
2026-08-23T21:02:24Z,0.724,18.1,779.3,0.00,0.20,0.00,0.00,2.57
2026-08-23T21:02:25Z,0.742,18.6,780.3,0.00,0.00,0.00,0.00,2.57
2026-08-23T21:02:26Z,0.740,18.5,782.0,0.00,0.00,0.00,0.00,2.57
2026-08-23T21:02:27Z,0.655,16.4,777.9,0.00,0.00,0.00,0.00,2.57
2026-08-23T21:02:28Z,0.768,19.2,782.3,0.00,0.00,0.00,0.00,2.36
2026-08-23T21:02:29Z,0.801,20.0,781.0,0.00,0.01,0.00,0.00,2.36
2026-08-23T21:02:30Z,0.733,18.3,782.0,0.00,0.00,0.00,0.00,2.36
2026-08-23T21:02:31Z,0.790,19.8,783.2,0.00,0.00,0.00,0.00,2.36
2026-08-23T21:02:32Z,0.801,20.0,781.8,0.00,0.17,0.00,0.00,2.25
2026-08-23T21:02:33Z,0.744,18.6,782.8,0.00,0.00,0.00,0.00,2.25
2026-08-23T21:02:34Z,0.713,17.8,783.4,0.00,0.00,0.00,0.00,2.25
2026-08-23T21:02:35Z,0.736,18.4,785.1,0.00,0.00,0.00,0.00,2.25
2026-08-23T21:02:36Z,0.760,19.0,786.9,0.00,0.00,0.00,0.00,2.25
2026-08-23T21:02:37Z,0.762,19.1,785.3,0.00,0.00,0.00,0.00,2.07
2026-08-23T21:02:38Z,0.742,18.6,784.5,0.00,0.00,0.00,0.00,2.07
2026-08-23T21:02:39Z,0.696,17.4,787.0,0.00,0.17,0.00,0.00,2.07
2026-08-23T21:02:40Z,0.753,18.8,788.7,0.00,0.00,0.00,0.00,2.07
2026-08-23T21:02:41Z,0.799,20.0,790.4,0.00,0.00,0.00,0.00,2.07
2026-08-23T21:02:42Z,0.800,20.0,791.8,0.00,0.00,0.00,0.00,2.63
2026-08-23T21:02:43Z,0.781,19.5,790.7,0.00,0.00,0.00,0.00,2.63
2026-08-23T21:02:44Z,0.790,19.8,789.8,0.00,0.09,0.00,0.00,2.63
2026-08-23T21:02:45Z,0.751,18.8,791.7,0.00,0.00,0.00,0.00,2.63
2026-08-23T21:02:46Z,0.702,17.5,793.4,0.00,0.00,0.00,0.00,2.63
2026-08-23T21:02:48Z,0.790,19.8,788.9,0.00,0.00,0.00,0.00,2.42
2026-08-23T21:02:49Z,0.707,17.7,790.1,0.00,0.00,0.00,0.00,2.42
2026-08-23T21:02:50Z,0.721,18.0,788.2,0.00,0.00,0.00,0.00,2.42
2026-08-23T21:02:51Z,0.704,17.6,789.5,0.00,0.00,0.00,0.00,2.42
2026-08-23T21:02:52Z,0.693,17.3,790.7,0.00,0.00,0.00,0.00,2.42
2026-08-23T21:02:53Z,0.768,19.2,792.9,0.00,0.00,0.00,0.00,2.30
2026-08-23T21:02:54Z,0.764,19.1,788.6,0.00,0.00,0.00,0.00,2.30
2026-08-23T21:02:55Z,0.801,20.0,789.3,0.00,0.16,0.00,0.00,2.30
2026-08-23T21:02:56Z,0.782,19.6,780.7,0.00,0.00,0.00,0.00,2.30
2026-08-23T21:02:57Z,0.759,19.0,781.9,0.00,0.00,0.00,0.00,2.36
2026-08-23T21:02:58Z,0.741,18.5,781.7,0.00,0.00,0.00,0.00,2.36
2026-08-23T21:02:59Z,0.703,17.6,781.0,0.00,0.00,0.00,0.00,2.36
2026-08-23T21:03:00Z,0.791,19.8,782.1,0.00,0.00,0.00,0.00,2.36
2026-08-23T21:03:01Z,0.731,18.3,785.0,0.00,0.01,0.00,0.00,2.36
2026-08-23T21:03:02Z,0.713,17.8,784.5,0.00,0.00,0.00,0.00,2.17
2026-08-23T21:03:03Z,0.694,17.3,786.9,0.00,0.00,0.00,0.00,2.17
2026-08-23T21:03:04Z,0.724,18.1,786.9,0.00,0.00,0.00,0.00,2.17
2026-08-23T21:03:05Z,0.802,20.1,783.5,0.00,0.00,0.00,0.00,2.17
2026-08-23T21:03:06Z,0.733,18.3,783.3,0.00,0.00,0.00,0.00,2.17
2026-08-23T21:03:07Z,0.701,17.5,784.6,0.00,0.00,0.00,0.00,2.72
2026-08-23T21:03:08Z,0.884,22.1,796.3,0.00,0.00,0.00,0.00,2.72
2026-08-23T21:03:09Z,1.050,26.2,815.8,0.00,0.00,0.00,0.00,2.72
2026-08-23T21:03:10Z,0.723,18.1,817.2,0.00,0.01,0.00,0.00,2.72
2026-08-23T21:03:11Z,0.724,18.1,813.6,0.00,0.40,0.00,0.00,2.72
2026-08-23T21:03:12Z,0.722,18.1,802.8,0.00,0.00,0.00,0.00,2.50
2026-08-23T21:03:13Z,0.789,19.7,788.8,0.00,0.06,0.00,0.00,2.50
2026-08-23T21:03:15Z,0.741,18.5,786.8,0.00,0.00,0.00,0.00,2.50
2026-08-23T21:03:16Z,0.724,18.1,786.9,0.00,0.00,0.00,0.00,2.50
2026-08-23T21:03:17Z,0.753,18.8,788.7,0.00,0.01,0.00,0.00,2.50
2026-08-23T21:03:18Z,0.714,17.8,788.9,0.00,0.00,0.00,0.00,2.30
2026-08-23T21:03:19Z,0.742,18.6,788.6,0.00,0.00,0.00,0.00,2.30
2026-08-23T21:03:20Z,0.704,17.6,790.8,0.00,0.00,0.00,0.00,2.30
2026-08-23T21:03:21Z,0.750,18.8,788.9,0.00,0.00,0.00,0.00,2.30
2026-08-23T21:03:22Z,0.685,17.1,788.7,0.00,0.01,0.00,0.00,2.30
2026-08-23T21:03:23Z,0.687,17.2,789.7,0.00,0.00,0.00,0.00,2.12
2026-08-23T21:03:24Z,0.742,18.6,789.1,0.00,0.01,0.00,0.00,2.12
2026-08-23T21:03:25Z,0.725,18.1,789.8,0.00,0.00,0.00,0.00,2.12
2026-08-23T21:03:26Z,0.753,18.8,787.8,0.00,0.00,0.00,0.00,2.12
2026-08-23T21:03:27Z,0.774,19.4,789.5,0.00,0.34,0.00,0.00,1.95
2026-08-23T21:03:28Z,0.734,18.4,788.3,0.00,0.00,0.00,0.00,1.95
2026-08-23T21:03:29Z,0.752,18.8,784.5,0.00,0.00,0.00,0.00,1.95
2026-08-23T21:03:30Z,0.800,20.0,785.7,0.00,0.00,0.00,0.00,1.95
2026-08-23T21:03:31Z,0.753,18.8,785.2,0.00,0.00,0.00,0.00,1.95
2026-08-23T21:03:32Z,0.753,18.8,786.2,0.00,0.00,0.00,0.00,1.79
2026-08-23T21:03:33Z,0.764,19.1,786.5,0.00,0.00,0.00,0.00,1.79
2026-08-23T21:03:34Z,0.695,17.4,784.5,0.00,0.00,0.00,0.00,1.79
2026-08-23T21:03:35Z,0.684,17.1,785.3,0.00,0.00,0.00,0.00,1.79
2026-08-23T21:03:36Z,0.754,18.9,787.6,0.00,0.00,0.00,0.00,1.79
2026-08-23T21:03:37Z,0.782,19.6,787.4,0.00,0.00,0.00,0.00,1.65
2026-08-23T21:03:38Z,0.725,18.1,783.9,0.00,0.01,0.00,0.00,1.65
2026-08-23T21:03:39Z,0.735,18.4,781.4,0.00,0.00,0.00,0.00,1.65
2026-08-23T21:03:40Z,0.701,17.5,782.0,0.00,0.00,0.00,0.00,1.65
2026-08-23T21:03:41Z,0.694,17.3,784.4,0.00,0.00,0.00,0.00,1.65
2026-08-23T21:03:43Z,0.715,17.9,784.5,0.00,0.00,0.00,0.00,1.51
2026-08-23T21:03:44Z,0.677,16.9,785.0,0.00,0.00,0.00,0.00,1.51
2026-08-23T21:03:45Z,0.715,17.9,783.4,0.00,0.07,0.00,0.00,1.51
2026-08-23T21:03:46Z,0.714,17.8,782.1,0.00,0.06,0.00,0.00,1.51
2026-08-23T21:03:47Z,0.763,19.1,782.6,0.00,0.00,0.00,0.00,1.51
2026-08-23T21:03:48Z,0.726,18.1,780.6,0.00,0.00,0.00,0.00,1.39
2026-08-23T21:03:49Z,0.714,17.8,783.5,0.00,0.00,0.00,0.00,1.39
2026-08-23T21:03:50Z,0.695,17.4,782.6,0.00,0.00,0.00,0.00,1.39
2026-08-23T21:03:51Z,0.772,19.3,782.7,0.00,0.00,0.00,0.00,1.39
2026-08-23T21:03:52Z,0.714,17.8,781.2,0.00,0.00,0.00,0.00,1.39
2026-08-23T21:03:53Z,0.744,18.6,773.9,0.00,0.00,0.00,0.00,1.36
2026-08-23T21:03:54Z,0.705,17.6,777.8,0.00,0.00,0.00,0.00,1.36
2026-08-23T21:03:55Z,0.752,18.8,779.4,0.00,0.00,0.00,0.00,1.36
2026-08-23T21:03:56Z,0.716,17.9,780.1,0.00,0.00,0.00,0.00,1.36
2026-08-23T21:03:57Z,0.695,17.4,778.2,0.00,0.01,0.00,0.00,1.25
2026-08-23T21:03:58Z,0.735,18.4,779.2,0.00,0.00,0.00,0.00,1.25
2026-08-23T21:03:59Z,0.676,16.9,781.4,0.00,0.00,0.00,0.00,1.25
2026-08-23T21:04:00Z,0.694,17.3,778.8,0.00,0.35,0.00,0.00,1.25
2026-08-23T21:04:01Z,0.810,20.2,779.5,0.00,0.00,0.00,0.00,1.25
2026-08-23T21:04:02Z,0.687,17.2,781.7,0.00,0.00,0.00,0.00,1.23
2026-08-23T21:04:03Z,0.754,18.9,778.2,0.00,0.00,0.00,0.00,1.23
2026-08-23T21:04:04Z,0.705,17.6,780.1,0.00,0.00,0.00,0.00,1.23
2026-08-23T21:04:05Z,0.742,18.6,780.5,0.00,0.17,0.00,0.00,1.23
2026-08-23T21:04:06Z,0.735,18.4,781.1,0.00,0.00,0.00,0.00,1.23
2026-08-23T21:04:07Z,0.744,18.6,783.5,0.00,0.00,0.00,0.00,1.21
2026-08-23T21:04:08Z,0.755,18.9,785.9,0.00,0.00,0.00,0.00,1.21
2026-08-23T21:04:09Z,0.803,20.1,779.1,0.00,0.00,0.00,0.00,1.21
2026-08-23T21:04:10Z,0.772,19.3,781.3,0.00,0.23,0.00,0.00,1.21
2026-08-23T21:04:11Z,0.734,18.4,780.6,0.00,0.00,0.00,0.00,1.21
2026-08-23T21:04:13Z,0.782,19.6,779.0,0.00,0.00,0.00,0.00,1.12
2026-08-23T21:04:14Z,0.723,18.1,781.2,0.00,0.00,0.00,0.00,1.12
2026-08-23T21:04:15Z,0.734,18.4,781.9,0.00,0.04,0.00,0.00,1.12
2026-08-23T21:04:16Z,0.751,18.8,782.9,0.00,0.00,0.00,0.00,1.12
2026-08-23T21:04:17Z,0.782,19.6,782.3,0.00,0.00,0.00,0.00,1.12
2026-08-23T21:04:18Z,0.780,19.5,783.7,0.00,0.15,0.00,0.00,1.27
2026-08-23T21:04:19Z,0.724,18.1,783.4,0.00,0.00,0.00,0.00,1.27
2026-08-23T21:04:20Z,0.799,20.0,781.9,0.00,0.02,0.00,0.00,1.27
2026-08-23T21:04:21Z,0.732,18.3,783.5,0.00,0.00,0.00,0.00,1.27
2026-08-23T21:04:22Z,0.764,19.1,784.8,0.00,0.00,0.00,0.00,1.27
2026-08-23T21:04:23Z,0.752,18.8,783.6,0.00,0.00,0.00,0.00,2.05
2026-08-23T21:04:24Z,0.733,18.3,784.3,0.00,0.00,0.00,0.00,2.05
2026-08-23T21:04:25Z,0.726,18.1,782.2,0.00,0.17,0.00,0.00,2.05
2026-08-23T21:04:26Z,0.717,17.9,781.8,0.00,0.00,0.00,0.00,2.05
2026-08-23T21:04:27Z,0.744,18.6,783.4,0.00,0.00,0.00,0.00,2.04
2026-08-23T21:04:28Z,0.772,19.3,781.9,0.00,0.00,0.00,0.00,2.04
2026-08-23T21:04:29Z,0.665,16.6,781.0,0.00,0.00,0.00,0.00,2.04
2026-08-23T21:04:30Z,0.771,19.3,782.2,0.00,0.00,0.00,0.00,2.04
2026-08-23T21:04:31Z,0.734,18.4,783.7,0.00,0.00,0.00,0.00,2.04
2026-08-23T21:04:32Z,0.658,16.4,778.9,0.00,0.00,0.00,0.00,1.88
2026-08-23T21:04:33Z,0.703,17.6,780.4,0.00,0.18,0.00,0.00,1.88
2026-08-23T21:04:34Z,0.706,17.6,781.4,0.00,0.00,0.00,0.00,1.88
2026-08-23T21:04:35Z,0.694,17.3,780.6,0.00,0.00,0.00,0.00,1.88
2026-08-23T21:04:36Z,0.725,18.1,781.8,0.00,0.00,0.00,0.00,1.88
2026-08-23T21:04:37Z,0.723,18.1,778.4,0.00,0.00,0.00,0.00,1.97
2026-08-23T21:04:38Z,0.752,18.8,777.4,0.00,0.00,0.00,0.00,1.97
2026-08-23T21:04:39Z,0.647,16.2,779.7,0.00,0.00,0.00,0.00,1.97
2026-08-23T21:04:41Z,0.742,18.6,778.9,0.00,0.23,0.00,0.00,1.97
2026-08-23T21:04:42Z,0.761,19.0,780.1,0.00,0.00,0.00,0.00,1.97
2026-08-23T21:04:43Z,0.717,17.9,780.1,0.00,0.00,0.00,0.00,1.81
2026-08-23T21:04:44Z,0.722,18.1,781.3,0.00,0.01,0.00,0.00,1.81
2026-08-23T21:04:45Z,0.705,17.6,781.0,0.00,0.06,0.00,0.00,1.81
2026-08-23T21:04:46Z,0.760,19.0,783.9,0.00,0.00,0.00,0.00,1.81
2026-08-23T21:04:47Z,0.761,19.0,782.7,0.00,0.00,0.00,0.00,1.81
2026-08-23T21:04:48Z,0.774,19.4,782.9,0.00,0.20,0.00,0.00,2.23
2026-08-23T21:04:49Z,0.706,17.6,780.2,0.00,0.02,0.00,0.00,2.23
2026-08-23T21:04:50Z,0.783,19.6,778.8,0.00,0.00,0.00,0.00,2.23
2026-08-23T21:04:51Z,0.714,17.8,780.8,0.00,0.00,0.00,0.00,2.23
2026-08-23T21:04:52Z,0.762,19.1,779.9,0.00,0.00,0.00,0.00,2.05
2026-08-23T21:04:53Z,0.745,18.6,778.3,0.00,0.00,0.00,0.00,2.05
2026-08-23T21:04:54Z,0.763,19.1,780.0,0.00,0.22,0.00,0.00,2.05
2026-08-23T21:04:55Z,0.733,18.3,781.3,0.00,0.00,0.00,0.00,2.05
2026-08-23T21:04:56Z,0.772,19.3,782.1,0.00,0.00,0.00,0.00,2.05
2026-08-23T21:04:57Z,0.744,18.6,780.5,0.00,0.00,0.00,0.00,1.88
2026-08-23T21:04:58Z,0.685,17.1,779.3,0.00,0.00,0.00,0.00,1.88
2026-08-23T21:04:59Z,0.723,18.1,778.5,0.00,0.00,0.00,0.00,1.88
2026-08-23T21:05:00Z,0.705,17.6,778.6,0.00,0.00,0.00,0.00,1.88
2026-08-23T21:05:01Z,0.724,18.1,781.5,0.00,0.22,0.00,0.00,1.88
2026-08-23T21:05:02Z,0.752,18.8,780.8,0.00,0.00,0.00,0.00,1.73
2026-08-23T21:05:03Z,0.781,19.5,781.1,0.00,0.20,0.00,0.00,1.73
2026-08-23T21:05:04Z,0.753,18.8,781.7,0.00,0.00,0.00,0.00,1.73
2026-08-23T21:05:05Z,0.753,18.8,780.3,0.00,0.00,0.00,0.00,1.73
2026-08-23T21:05:06Z,0.734,18.4,782.3,0.00,0.02,0.00,0.00,1.73
2026-08-23T21:05:07Z,0.699,17.5,783.0,0.00,0.00,0.00,0.00,1.59
2026-08-23T21:05:08Z,0.686,17.2,782.8,0.00,0.00,0.00,0.00,1.59
2026-08-23T21:05:10Z,0.741,18.5,782.1,0.00,0.00,0.00,0.00,1.59
2026-08-23T21:05:11Z,0.734,18.4,777.8,0.00,0.20,0.00,0.00,1.59
2026-08-23T21:05:12Z,0.763,19.1,780.1,0.00,0.46,0.00,0.00,1.59
2026-08-23T21:05:13Z,0.716,17.9,781.0,0.00,0.00,0.00,0.00,1.47
2026-08-23T21:05:14Z,0.714,17.8,782.5,0.00,0.11,0.00,0.00,1.47
2026-08-23T21:05:15Z,0.740,18.5,782.7,0.00,0.00,0.00,0.00,1.47
2026-08-23T21:05:16Z,0.704,17.6,783.7,0.00,0.00,0.00,0.00,1.47
2026-08-23T21:05:17Z,0.686,17.2,785.7,0.00,0.05,0.00,0.00,1.47
2026-08-23T21:05:18Z,0.714,17.8,786.4,0.00,0.00,0.00,0.00,1.35
2026-08-23T21:05:19Z,0.695,17.4,782.8,0.00,0.00,0.00,0.00,1.35
2026-08-23T21:05:20Z,0.730,18.2,784.9,0.00,0.00,0.00,0.00,1.35
2026-08-23T21:05:21Z,0.704,17.6,787.6,0.00,0.00,0.00,0.00,1.35
2026-08-23T21:05:22Z,0.685,17.1,788.9,0.00,0.17,0.00,0.00,1.24
2026-08-23T21:05:23Z,0.696,17.4,788.8,0.00,0.00,0.00,0.00,1.24
2026-08-23T21:05:24Z,0.723,18.1,791.2,0.00,0.00,0.00,0.00,1.24
2026-08-23T21:05:25Z,0.673,16.8,794.4,0.00,0.00,0.00,0.00,1.24
2026-08-23T21:05:26Z,0.724,18.1,796.9,0.00,0.00,0.00,0.00,1.24
2026-08-23T21:05:27Z,0.753,18.8,783.4,0.00,0.00,0.00,0.00,1.14
2026-08-23T21:05:28Z,0.752,18.8,784.4,0.00,0.00,0.00,0.00,1.14
2026-08-23T21:05:29Z,0.629,15.7,786.1,0.00,0.00,0.00,0.00,1.14
2026-08-23T21:05:30Z,0.810,20.2,787.6,0.00,0.00,0.00,0.00,1.14
2026-08-23T21:05:31Z,0.762,19.1,789.6,0.00,0.00,0.00,0.00,1.14
2026-08-23T21:05:32Z,0.780,19.5,791.6,0.00,0.20,0.00,0.00,1.53
2026-08-23T21:05:33Z,0.686,17.2,786.4,0.00,0.00,0.00,0.00,1.53
2026-08-23T21:05:34Z,0.682,17.1,788.0,0.00,0.00,0.00,0.00,1.53
2026-08-23T21:05:35Z,0.725,18.1,790.2,0.00,0.00,0.00,0.00,1.53
2026-08-23T21:05:36Z,0.772,19.3,791.0,0.00,0.00,0.00,0.00,1.53
2026-08-23T21:05:37Z,0.733,18.3,793.4,0.00,0.00,0.00,0.00,1.49
2026-08-23T21:05:39Z,0.724,18.1,792.9,0.00,0.24,0.00,0.00,1.49
2026-08-23T21:05:40Z,0.667,16.7,794.8,0.00,0.00,0.00,0.00,1.49
2026-08-23T21:05:41Z,0.700,17.5,797.1,0.00,0.00,0.00,0.00,1.49
2026-08-23T21:05:42Z,0.714,17.8,800.2,0.00,0.01,0.00,0.00,1.49
2026-08-23T21:05:43Z,0.703,17.6,800.6,0.00,0.04,0.00,0.00,1.53
2026-08-23T21:05:44Z,0.715,17.9,801.2,0.00,0.00,0.00,0.00,1.53
2026-08-23T21:05:45Z,0.704,17.6,780.6,0.00,0.00,0.00,0.00,1.53
2026-08-23T21:05:46Z,0.696,17.4,782.5,0.00,0.00,0.00,0.00,1.53
2026-08-23T21:05:47Z,0.713,17.8,784.9,0.00,0.00,0.00,0.00,1.53
2026-08-23T21:05:48Z,0.705,17.6,787.0,0.00,0.02,0.00,0.00,1.41
2026-08-23T21:05:49Z,0.714,17.8,789.2,0.00,0.00,0.00,0.00,1.41
2026-08-23T21:05:50Z,0.789,19.7,783.5,0.00,0.00,0.00,0.00,1.41
2026-08-23T21:05:51Z,0.714,17.8,783.8,0.00,0.00,0.00,0.00,1.41
2026-08-23T21:05:52Z,0.733,18.3,784.5,0.00,0.00,0.00,0.00,1.29
2026-08-23T21:05:53Z,0.753,18.8,785.5,0.00,0.01,0.00,0.00,1.29
2026-08-23T21:05:54Z,0.715,17.9,782.1,0.00,0.00,0.00,0.00,1.29
2026-08-23T21:05:55Z,0.714,17.8,784.0,0.00,0.00,0.00,0.00,1.29
2026-08-23T21:05:56Z,0.686,17.2,784.8,0.00,0.00,0.00,0.00,1.29
2026-08-23T21:05:57Z,0.703,17.6,786.0,0.00,0.00,0.00,0.00,1.27
2026-08-23T21:05:58Z,0.751,18.8,780.8,0.00,0.00,0.00,0.00,1.27
2026-08-23T21:05:59Z,0.714,17.8,781.9,0.00,0.01,0.00,0.00,1.27
2026-08-23T21:06:00Z,0.712,17.8,777.2,0.00,0.00,0.00,0.00,1.27
2026-08-23T21:06:01Z,0.743,18.6,779.4,0.00,0.00,0.00,0.00,1.27
2026-08-23T21:06:02Z,0.667,16.7,779.3,0.00,0.00,0.00,0.00,1.25
2026-08-23T21:06:03Z,0.714,17.8,780.5,0.00,0.00,0.00,0.00,1.25
2026-08-23T21:06:04Z,0.722,18.1,782.1,0.00,0.00,0.00,0.00,1.25
2026-08-23T21:06:05Z,0.700,17.5,779.1,0.00,0.00,0.00,0.00,1.25
2026-08-23T21:06:07Z,0.722,18.1,780.2,0.00,0.01,0.00,0.00,1.25
2026-08-23T21:06:08Z,0.760,19.0,783.3,0.00,0.00,0.00,0.00,1.63
2026-08-23T21:06:09Z,0.657,16.4,780.9,0.00,0.00,0.00,0.00,1.63
2026-08-23T21:06:10Z,0.696,17.4,783.1,0.00,0.38,0.00,0.00,1.63
2026-08-23T21:06:11Z,0.715,17.9,778.7,0.00,0.00,0.00,0.00,1.63
2026-08-23T21:06:12Z,0.780,19.5,781.4,0.00,0.00,0.00,0.00,1.63
2026-08-23T21:06:13Z,0.753,18.8,782.6,0.00,0.05,0.00,0.00,1.50
2026-08-23T21:06:14Z,0.743,18.6,786.3,0.00,0.01,0.00,0.00,1.50
2026-08-23T21:06:15Z,0.666,16.7,785.8,0.00,0.00,0.00,0.00,1.50
2026-08-23T21:06:16Z,0.647,16.2,786.2,0.00,0.00,0.00,0.00,1.50
2026-08-23T21:06:17Z,0.711,17.8,788.7,0.00,0.03,0.00,0.00,1.46
2026-08-23T21:06:18Z,0.704,17.6,790.4,0.00,0.00,0.00,0.00,1.46
2026-08-23T21:06:19Z,0.677,16.9,791.6,0.00,0.00,0.00,0.00,1.46
2026-08-23T21:06:20Z,0.934,23.4,786.3,0.00,0.00,0.12,0.00,1.46
2026-08-23T21:06:21Z,0.769,19.2,788.3,0.00,0.00,0.00,0.00,1.46
2026-08-23T21:06:22Z,0.724,18.1,789.0,0.00,0.00,0.00,0.00,1.98
2026-08-23T21:06:23Z,0.762,19.1,781.5,0.00,0.00,0.00,0.00,1.98
2026-08-23T21:06:24Z,0.698,17.4,782.8,0.00,0.00,0.00,0.00,1.98
2026-08-23T21:06:25Z,0.752,18.8,784.3,0.00,0.37,0.00,0.00,1.98
2026-08-23T21:06:26Z,0.793,19.8,786.0,0.00,0.00,0.00,0.00,1.98
2026-08-23T21:06:27Z,0.799,20.0,784.8,0.00,0.00,0.00,0.00,2.54
2026-08-23T21:06:28Z,0.739,18.5,784.3,0.00,0.00,0.00,0.00,2.54
2026-08-23T21:06:29Z,0.743,18.6,785.1,0.00,0.00,0.00,0.00,2.54
2026-08-23T21:06:30Z,0.731,18.3,780.3,0.00,0.00,0.00,0.00,2.54
2026-08-23T21:06:31Z,0.685,17.1,785.0,0.00,0.00,0.00,0.00,2.54
2026-08-23T21:06:32Z,0.759,19.0,784.9,0.00,0.23,0.00,0.00,2.66
2026-08-23T21:06:34Z,0.752,18.8,785.5,0.00,0.00,0.00,0.00,2.66
2026-08-23T21:06:35Z,0.694,17.3,787.2,0.00,0.00,0.00,0.00,2.66
2026-08-23T21:06:36Z,0.735,18.4,788.4,0.00,0.00,0.00,0.00,2.66
2026-08-23T21:06:37Z,0.741,18.5,787.7,0.00,0.00,0.00,0.00,2.66
2026-08-23T21:06:38Z,0.685,17.1,780.7,0.00,0.00,0.00,0.00,2.45
2026-08-23T21:06:39Z,0.675,16.9,782.4,0.00,0.00,0.00,0.00,2.45
2026-08-23T21:06:40Z,0.723,18.1,779.8,0.00,0.00,0.00,0.00,2.45
2026-08-23T21:06:41Z,0.657,16.4,781.0,0.00,0.00,0.00,0.00,2.45
2026-08-23T21:06:42Z,0.676,16.9,780.9,0.00,0.00,0.00,0.00,2.45
2026-08-23T21:06:43Z,0.704,17.6,780.1,0.00,0.27,0.00,0.00,2.25
2026-08-23T21:06:44Z,0.742,18.6,782.1,0.00,0.00,0.00,0.00,2.25
2026-08-23T21:06:45Z,0.703,17.6,782.8,0.00,0.00,0.00,0.00,2.25
2026-08-23T21:06:46Z,0.744,18.6,785.0,0.00,0.05,0.00,0.00,2.25
2026-08-23T21:06:47Z,0.706,17.6,783.9,0.00,0.01,0.00,0.00,2.63
2026-08-23T21:06:48Z,0.714,17.8,784.1,0.00,0.00,0.00,0.00,2.63
2026-08-23T21:06:49Z,0.676,16.9,784.6,0.00,0.00,0.00,0.00,2.63
2026-08-23T21:06:50Z,0.778,19.4,784.6,0.00,0.00,0.00,0.00,2.63
2026-08-23T21:06:51Z,0.741,18.5,784.2,0.00,0.00,0.00,0.00,2.63
2026-08-23T21:06:52Z,0.724,18.1,786.0,0.00,0.20,0.00,0.00,2.82
2026-08-23T21:06:53Z,0.694,17.3,786.4,0.00,0.00,0.00,0.00,2.82
2026-08-23T21:06:54Z,0.715,17.9,785.9,0.00,0.00,0.00,0.00,2.82
2026-08-23T21:06:55Z,0.714,17.8,785.9,0.00,0.00,0.00,0.00,2.82
2026-08-23T21:06:56Z,0.721,18.0,787.1,0.00,0.00,0.00,0.00,2.82
2026-08-23T21:06:57Z,0.637,15.9,788.9,0.00,0.00,0.00,0.00,2.76
2026-08-23T21:06:58Z,0.764,19.1,790.8,0.00,0.00,0.00,0.00,2.76
2026-08-23T21:06:59Z,0.687,17.2,792.0,0.00,0.13,0.00,0.00,2.76
2026-08-23T21:07:00Z,0.780,19.5,794.3,0.00,0.00,0.00,0.00,2.76
2026-08-23T21:07:01Z,0.788,19.7,787.8,0.00,0.01,0.00,0.00,2.76
2026-08-23T21:07:03Z,0.778,19.4,789.5,0.00,0.00,0.00,0.00,2.53
2026-08-23T21:07:04Z,0.695,17.4,791.9,0.00,0.00,0.00,0.00,2.53
2026-08-23T21:07:05Z,0.724,18.1,794.4,0.00,0.00,0.00,0.00,2.53
2026-08-23T21:07:06Z,0.690,17.2,794.6,0.00,0.00,0.00,0.00,2.53
2026-08-23T21:07:07Z,0.656,16.4,794.4,0.00,0.14,0.00,0.00,2.53
2026-08-23T21:07:08Z,0.705,17.6,795.2,0.00,0.00,0.00,0.00,2.33
2026-08-23T21:07:09Z,0.705,17.6,795.3,0.00,0.00,0.00,0.00,2.33
2026-08-23T21:07:10Z,0.762,19.1,789.4,0.00,0.00,0.00,0.00,2.33
2026-08-23T21:07:11Z,0.731,18.3,792.3,0.00,0.00,0.00,0.00,2.33
2026-08-23T21:07:12Z,0.740,18.5,793.3,0.00,0.00,0.00,0.00,2.33
2026-08-23T21:07:13Z,0.666,16.7,794.7,0.00,0.05,0.00,0.00,2.22
2026-08-23T21:07:14Z,0.687,17.2,795.5,0.00,0.00,0.00,0.00,2.22
2026-08-23T21:07:15Z,0.705,17.6,796.0,0.00,0.00,0.00,0.00,2.22
2026-08-23T21:07:16Z,0.705,17.6,794.3,0.00,0.00,0.00,0.00,2.22
2026-08-23T21:07:17Z,0.772,19.3,788.9,0.00,0.00,0.00,0.00,2.05
2026-08-23T21:07:18Z,0.702,17.5,788.5,0.00,0.00,0.00,0.00,2.05
2026-08-23T21:07:19Z,0.695,17.4,788.6,0.00,0.00,0.00,0.00,2.05
2026-08-23T21:07:20Z,0.715,17.9,786.7,0.00,0.00,0.00,0.00,2.05
2026-08-23T21:07:21Z,0.772,19.3,788.4,0.00,0.00,0.00,0.00,2.05
2026-08-23T21:07:22Z,0.750,18.8,789.1,0.00,0.00,0.00,0.00,1.88
2026-08-23T21:07:23Z,0.799,20.0,787.5,0.00,0.15,0.00,0.00,1.88
2026-08-23T21:07:24Z,0.778,19.4,789.1,0.00,0.00,0.00,0.00,1.88
2026-08-23T21:07:25Z,0.772,19.3,789.0,0.00,0.00,0.00,0.00,1.88
2026-08-23T21:07:26Z,0.764,19.1,791.0,0.00,0.00,0.00,0.00,1.88
2026-08-23T21:07:27Z,0.762,19.1,790.4,0.00,0.00,0.00,0.00,1.73
2026-08-23T21:07:28Z,0.742,18.6,790.6,0.00,0.17,0.00,0.00,1.73
2026-08-23T21:07:29Z,0.706,17.6,792.2,0.00,0.00,0.00,0.00,1.73
2026-08-23T21:07:31Z,0.817,20.4,792.3,0.00,0.00,0.00,0.00,1.73
2026-08-23T21:07:32Z,0.684,17.1,793.8,0.00,0.00,0.00,0.00,1.73
2026-08-23T21:07:33Z,0.751,18.8,787.6,0.00,0.00,0.00,0.00,1.99
2026-08-23T21:07:34Z,0.722,18.1,789.1,0.00,0.00,0.00,0.00,1.99
2026-08-23T21:07:35Z,0.693,17.3,790.1,0.00,0.17,0.00,0.00,1.99
2026-08-23T21:07:36Z,0.780,19.5,791.8,0.00,0.00,0.00,0.00,1.99
2026-08-23T21:07:37Z,0.692,17.3,793.5,0.00,0.00,0.00,0.00,1.99
2026-08-23T21:07:38Z,0.695,17.4,794.3,0.00,0.00,0.00,0.00,2.23
2026-08-23T21:07:39Z,0.740,18.5,786.0,0.00,0.00,0.00,0.00,2.23
2026-08-23T21:07:40Z,0.731,18.3,787.3,0.00,0.00,0.00,0.00,2.23
2026-08-23T21:07:41Z,0.741,18.5,788.8,0.00,0.00,0.00,0.00,2.23
2026-08-23T21:07:42Z,0.691,17.3,790.2,0.00,0.00,0.00,0.00,2.06
2026-08-23T21:07:43Z,0.750,18.8,785.9,0.00,0.06,0.00,0.00,2.06
2026-08-23T21:07:44Z,0.750,18.8,780.2,0.00,0.19,0.00,0.00,2.06
2026-08-23T21:07:45Z,0.731,18.3,783.2,0.00,0.00,0.00,0.00,2.06
2026-08-23T21:07:46Z,0.724,18.1,785.1,0.00,0.00,0.00,0.00,2.06
2026-08-23T21:07:47Z,0.693,17.3,785.7,0.00,0.00,0.00,0.00,1.89
2026-08-23T21:07:48Z,0.771,19.3,777.2,0.00,0.00,0.00,0.00,1.89
2026-08-23T21:07:49Z,0.711,17.8,779.4,0.00,0.27,0.00,0.00,1.89
2026-08-23T21:07:50Z,0.731,18.3,780.9,0.00,0.00,0.00,0.00,1.89
2026-08-23T21:07:51Z,0.695,17.4,778.8,0.00,0.00,0.00,0.00,1.89
2026-08-23T21:07:52Z,0.702,17.5,779.7,0.00,0.00,0.00,0.00,1.74
2026-08-23T21:07:53Z,0.694,17.3,781.7,0.00,0.00,0.00,0.00,1.74
2026-08-23T21:07:54Z,0.751,18.8,783.5,0.00,0.00,0.00,0.00,1.74
2026-08-23T21:07:55Z,0.776,19.4,783.7,0.00,0.00,0.00,0.00,1.74
2026-08-23T21:07:57Z,0.719,18.0,784.4,0.00,0.01,0.00,0.00,1.74
2026-08-23T21:07:58Z,0.724,18.1,784.1,0.00,0.22,0.00,0.00,1.60
2026-08-23T21:07:59Z,0.723,18.1,785.8,0.00,0.00,0.00,0.00,1.60
2026-08-23T21:08:00Z,0.781,19.5,782.6,0.00,0.00,0.00,0.00,1.60
2026-08-23T21:08:01Z,0.742,18.6,779.2,0.00,0.00,0.00,0.00,1.60
2026-08-23T21:08:02Z,0.752,18.8,781.0,0.00,0.00,0.00,0.00,1.60
2026-08-23T21:08:03Z,0.675,16.9,782.4,0.00,0.00,0.00,0.00,1.47
2026-08-23T21:08:04Z,0.754,18.9,781.9,0.00,0.00,0.00,0.00,1.47
2026-08-23T21:08:05Z,0.733,18.3,782.6,0.00,0.25,0.00,0.00,1.47
2026-08-23T21:08:06Z,0.758,18.9,784.2,0.00,0.00,0.00,0.00,1.47
2026-08-23T21:08:07Z,0.693,17.3,785.6,0.00,0.00,0.00,0.00,1.47
2026-08-23T21:08:08Z,0.704,17.6,785.2,0.00,0.00,0.00,0.00,2.63
2026-08-23T21:08:09Z,0.688,17.2,786.0,0.00,0.00,0.00,0.00,2.63
2026-08-23T21:08:10Z,0.739,18.5,785.7,0.00,0.00,0.00,0.00,2.63
2026-08-23T21:08:11Z,0.751,18.8,786.2,0.00,0.01,0.00,0.00,2.63
2026-08-23T21:08:12Z,0.751,18.8,783.1,0.00,0.00,0.00,0.00,2.42
2026-08-23T21:08:13Z,0.693,17.3,780.6,0.00,0.21,0.00,0.00,2.42
2026-08-23T21:08:14Z,0.752,18.8,781.3,0.00,0.00,0.00,0.00,2.42
2026-08-23T21:08:15Z,0.677,16.9,782.4,0.00,0.00,0.00,0.00,2.42
2026-08-23T21:08:16Z,0.696,17.4,779.0,0.00,0.00,0.00,0.00,2.42
2026-08-23T21:08:17Z,0.647,16.2,780.5,0.00,0.00,0.00,0.00,2.39
2026-08-23T21:08:18Z,0.702,17.5,777.7,0.00,0.00,0.00,0.00,2.39
2026-08-23T21:08:19Z,0.721,18.0,779.0,0.00,0.00,0.00,0.00,2.39
2026-08-23T21:08:20Z,0.734,18.4,780.8,0.00,0.00,0.00,0.00,2.39
2026-08-23T21:08:21Z,0.722,18.1,781.2,0.00,0.00,0.00,0.00,2.39
2026-08-23T21:08:22Z,0.705,17.6,781.7,0.00,0.00,0.00,0.00,2.44
2026-08-23T21:08:23Z,0.675,16.9,783.2,0.00,0.20,0.00,0.00,2.44
2026-08-23T21:08:25Z,0.721,18.0,780.9,0.00,0.00,0.00,0.00,2.44
2026-08-23T21:08:26Z,0.686,17.2,781.9,0.00,0.00,0.00,0.00,2.44
2026-08-23T21:08:27Z,0.724,18.1,782.7,0.00,0.00,0.00,0.00,2.44
2026-08-23T21:08:28Z,0.704,17.6,783.0,0.00,0.00,0.00,0.00,2.24
2026-08-23T21:08:29Z,0.761,19.0,782.0,0.00,0.00,0.00,0.00,2.24
2026-08-23T21:08:30Z,0.692,17.3,777.9,0.00,0.00,0.00,0.00,2.24
2026-08-23T21:08:31Z,0.819,20.5,780.0,0.00,0.00,0.00,0.00,2.24
2026-08-23T21:08:32Z,0.709,17.7,780.2,0.00,0.00,0.00,0.00,2.24
2026-08-23T21:08:33Z,0.683,17.1,781.2,0.00,0.00,0.00,0.00,2.06
2026-08-23T21:08:34Z,0.731,18.3,782.2,0.00,0.17,0.00,0.00,2.06
2026-08-23T21:08:35Z,0.778,19.4,783.7,0.00,0.00,0.00,0.00,2.06
2026-08-23T21:08:36Z,0.721,18.0,785.0,0.00,0.00,0.00,0.00,2.06
2026-08-23T21:08:37Z,0.750,18.8,786.3,0.00,0.00,0.00,0.00,1.90
2026-08-23T21:08:38Z,0.722,18.1,787.2,0.00,0.00,0.00,0.00,1.90
2026-08-23T21:08:39Z,0.781,19.5,778.6,0.00,0.00,0.00,0.00,1.90
2026-08-23T21:08:40Z,0.713,17.8,780.1,0.00,0.00,0.00,0.00,1.90
2026-08-23T21:08:41Z,0.684,17.1,780.9,0.00,0.00,0.00,0.00,1.90
2026-08-23T21:08:42Z,0.712,17.8,782.1,0.00,0.00,0.00,0.00,2.07
2026-08-23T21:08:43Z,0.645,16.1,784.1,0.00,0.08,0.00,0.00,2.07
2026-08-23T21:08:44Z,0.741,18.5,776.9,0.00,0.16,0.00,0.00,2.07
2026-08-23T21:08:45Z,0.740,18.5,780.5,0.00,0.00,0.00,0.00,2.07
2026-08-23T21:08:46Z,0.683,17.1,778.8,0.00,0.00,0.00,0.00,2.07
2026-08-23T21:08:47Z,0.703,17.6,779.6,0.00,0.00,0.00,0.00,2.86
2026-08-23T21:08:48Z,0.655,16.4,780.8,0.00,0.00,0.00,0.00,2.86
2026-08-23T21:08:49Z,0.703,17.6,782.2,0.00,0.18,0.00,0.00,2.86
2026-08-23T21:08:51Z,0.710,17.8,781.2,0.00,0.00,0.00,0.00,2.86
2026-08-23T21:08:52Z,0.664,16.6,781.5,0.00,0.00,0.00,0.00,2.86
2026-08-23T21:08:53Z,0.693,17.3,783.6,0.00,0.00,0.00,0.00,2.63
2026-08-23T21:08:54Z,0.662,16.6,782.7,0.00,0.00,0.00,0.00,2.63
2026-08-23T21:08:55Z,0.751,18.8,783.9,0.00,0.00,0.00,0.00,2.63
2026-08-23T21:08:56Z,0.742,18.6,783.7,0.00,0.00,0.00,0.00,2.63
2026-08-23T21:08:57Z,0.723,18.1,780.8,0.00,0.00,0.00,0.00,2.63
2026-08-23T21:08:58Z,0.694,17.3,783.3,0.00,0.17,0.00,0.00,2.42
2026-08-23T21:08:59Z,0.684,17.1,784.8,0.00,0.00,0.00,0.00,2.42
2026-08-23T21:09:00Z,0.753,18.8,780.2,0.00,0.00,0.00,0.00,2.42
2026-08-23T21:09:01Z,0.672,16.8,780.1,0.00,0.00,0.00,0.00,2.42
2026-08-23T21:09:02Z,0.637,15.9,780.0,0.00,0.00,0.00,0.00,2.23
2026-08-23T21:09:03Z,0.734,18.4,779.9,0.00,0.00,0.00,0.00,2.23
2026-08-23T21:09:04Z,0.740,18.5,781.5,0.00,0.00,0.00,0.00,2.23
2026-08-23T21:09:05Z,0.788,19.7,780.1,0.00,0.20,0.00,0.00,2.23
2026-08-23T21:09:06Z,0.770,19.2,779.9,0.00,0.00,0.00,0.00,2.23
2026-08-23T21:09:07Z,0.730,18.2,781.3,0.00,0.00,0.00,0.00,2.13
2026-08-23T21:09:08Z,0.664,16.6,782.3,0.00,0.00,0.00,0.00,2.13
2026-08-23T21:09:09Z,0.722,18.1,784.1,0.00,0.00,0.00,0.00,2.13
2026-08-23T21:09:10Z,0.713,17.8,785.4,0.00,0.15,0.00,0.00,2.13
2026-08-23T21:09:11Z,0.721,18.0,781.4,0.00,0.01,0.00,0.00,2.13
2026-08-23T21:09:12Z,0.721,18.0,781.8,0.00,0.00,0.00,0.00,1.96
2026-08-23T21:09:13Z,0.705,17.6,784.3,0.00,0.04,0.00,0.00,1.96
2026-08-23T21:09:14Z,0.665,16.6,785.3,0.00,0.00,0.00,0.00,1.96
2026-08-23T21:09:15Z,0.757,18.9,783.5,0.00,0.00,0.00,0.00,1.96
2026-08-23T21:09:16Z,0.693,17.3,780.6,0.00,0.01,0.00,0.00,1.96
2026-08-23T21:09:18Z,0.693,17.3,780.7,0.00,0.20,0.00,0.00,1.80
2026-08-23T21:09:19Z,0.772,19.3,781.2,0.00,0.00,0.00,0.00,1.80
2026-08-23T21:09:20Z,0.713,17.8,783.7,0.00,0.00,0.00,0.00,1.80
2026-08-23T21:09:21Z,0.760,19.0,782.2,0.00,0.00,0.00,0.00,1.80
2026-08-23T21:09:22Z,0.739,18.5,783.6,0.00,0.00,0.00,0.00,1.80
2026-08-23T21:09:23Z,0.744,18.6,784.1,0.00,0.00,0.00,0.00,1.66
2026-08-23T21:09:24Z,0.696,17.4,783.3,0.00,0.00,0.00,0.00,1.66
2026-08-23T21:09:25Z,0.684,17.1,784.6,0.00,0.17,0.00,0.00,1.66
2026-08-23T21:09:26Z,0.731,18.3,783.2,0.00,0.00,0.00,0.00,1.66
2026-08-23T21:09:27Z,0.657,16.4,778.3,0.00,0.00,0.00,0.00,1.66
2026-08-23T21:09:28Z,0.674,16.9,777.4,0.00,0.00,0.00,0.00,1.52
2026-08-23T21:09:29Z,0.676,16.9,780.4,0.00,0.00,0.00,0.00,1.52
2026-08-23T21:09:30Z,0.715,17.9,779.2,0.00,0.00,0.00,0.00,1.52
2026-08-23T21:09:31Z,0.678,17.0,781.9,0.00,0.23,0.00,0.00,1.52
2026-08-23T21:09:32Z,0.673,16.8,781.9,0.00,0.00,0.00,0.00,1.72
2026-08-23T21:09:33Z,0.657,16.4,782.7,0.00,0.00,0.00,0.00,1.72
2026-08-23T21:09:34Z,0.772,19.3,783.5,0.00,0.00,0.00,0.00,1.72
2026-08-23T21:09:35Z,0.770,19.2,778.1,0.00,0.00,0.00,0.00,1.72
2026-08-23T21:09:36Z,0.732,18.3,776.2,0.00,0.00,0.00,0.00,1.72
2026-08-23T21:09:37Z,0.751,18.8,778.7,0.00,0.00,0.00,0.00,1.58
2026-08-23T21:09:38Z,0.711,17.8,778.8,0.00,0.00,0.00,0.00,1.58
2026-08-23T21:09:39Z,0.675,16.9,780.2,0.00,0.00,0.00,0.00,1.58
2026-08-23T21:09:40Z,0.733,18.3,781.5,0.00,0.22,0.00,0.00,1.58
2026-08-23T21:09:41Z,0.672,16.8,781.3,0.00,0.00,0.00,0.00,1.58
2026-08-23T21:09:42Z,0.751,18.8,779.6,0.00,0.00,0.00,0.00,1.54
2026-08-23T21:09:43Z,0.733,18.3,780.6,0.00,0.06,0.00,0.00,1.54
2026-08-23T21:09:45Z,0.732,18.3,781.1,0.00,0.00,0.00,0.00,1.54
2026-08-23T21:09:46Z,0.713,17.8,780.0,0.00,0.00,0.00,0.00,1.54
2026-08-23T21:09:47Z,0.754,18.9,777.6,0.00,0.00,0.00,0.00,1.54
2026-08-23T21:09:48Z,0.741,18.5,777.3,0.00,0.00,0.00,0.00,1.65
2026-08-23T21:09:49Z,0.663,16.6,778.8,0.00,0.05,0.00,0.00,1.65
2026-08-23T21:09:50Z,0.751,18.8,776.7,0.00,0.00,0.00,0.00,1.65
2026-08-23T21:09:51Z,0.800,20.0,778.1,0.00,0.00,0.00,0.00,1.65
2026-08-23T21:09:52Z,0.761,19.0,780.1,0.00,0.00,0.00,0.00,1.65
2026-08-23T21:09:53Z,0.695,17.4,781.5,0.00,0.00,0.00,0.00,1.52
2026-08-23T21:09:54Z,0.752,18.8,779.3,0.00,0.00,0.00,0.00,1.52
2026-08-23T21:09:55Z,0.753,18.8,781.8,0.00,0.21,0.00,0.00,1.52
2026-08-23T21:09:56Z,0.693,17.3,782.1,0.00,0.00,0.00,0.00,1.52
2026-08-23T21:09:57Z,0.735,18.4,781.3,0.00,0.00,0.00,0.00,1.40
2026-08-23T21:09:58Z,0.753,18.8,782.8,0.00,0.01,0.00,0.00,1.40
2026-08-23T21:09:59Z,0.697,17.4,784.6,0.00,0.00,0.00,0.00,1.40
2026-08-23T21:10:00Z,0.734,18.4,784.0,0.00,0.00,0.00,0.00,1.40
2026-08-23T21:10:01Z,0.696,17.4,784.5,0.00,0.21,0.00,0.00,1.40
2026-08-23T21:10:02Z,0.704,17.6,787.0,0.00,0.01,0.00,0.00,1.29
2026-08-23T21:10:03Z,0.754,18.9,789.5,0.00,0.00,0.00,0.00,1.29
2026-08-23T21:10:04Z,0.727,18.2,789.8,0.00,0.00,0.00,0.00,1.29
2026-08-23T21:10:05Z,0.788,19.7,782.2,0.00,0.03,0.00,0.00,1.29
2026-08-23T21:10:06Z,0.742,18.6,781.8,0.00,0.01,0.00,0.00,1.29
2026-08-23T21:10:07Z,0.713,17.8,782.2,0.00,0.29,0.00,0.00,1.18
2026-08-23T21:10:08Z,0.714,17.8,783.5,0.00,0.01,0.00,0.00,1.18
2026-08-23T21:10:09Z,0.763,19.1,784.0,0.00,0.00,0.00,0.00,1.18
2026-08-23T21:10:10Z,0.771,19.3,781.6,0.00,0.01,0.00,0.00,1.18
2026-08-23T21:10:11Z,0.741,18.5,782.1,0.00,0.47,0.00,0.00,1.18
2026-08-23T21:10:13Z,0.796,19.9,784.0,0.00,0.00,0.00,0.00,1.09
2026-08-23T21:10:14Z,0.725,18.1,783.0,0.00,0.00,0.00,0.00,1.09
2026-08-23T21:10:15Z,0.735,18.4,783.2,0.00,0.00,0.00,0.00,1.09
2026-08-23T21:10:16Z,0.761,19.0,784.7,0.00,0.00,0.00,0.00,1.09
2026-08-23T21:10:17Z,0.755,18.9,783.7,0.00,0.03,0.00,0.00,1.09
2026-08-23T21:10:18Z,0.715,17.9,783.4,0.00,0.00,0.00,0.00,1.00
2026-08-23T21:10:19Z,0.722,18.1,784.1,0.00,0.16,0.00,0.00,1.00
2026-08-23T21:10:20Z,0.696,17.4,783.1,0.00,0.11,0.00,0.00,1.00
2026-08-23T21:10:21Z,0.840,21.0,786.8,0.00,0.00,0.00,0.00,1.00
2026-08-23T21:10:22Z,0.780,19.5,788.7,0.00,0.00,0.00,0.00,1.00
2026-08-23T21:10:23Z,0.704,17.6,791.2,0.00,0.00,0.00,0.00,0.92
2026-08-23T21:10:24Z,0.732,18.3,790.6,0.00,0.00,0.00,0.00,0.92
2026-08-23T21:10:25Z,0.696,17.4,788.4,0.00,0.17,0.00,0.00,0.92
2026-08-23T21:10:26Z,0.734,18.4,788.1,0.00,0.01,0.00,0.00,0.92
2026-08-23T21:10:27Z,0.685,17.1,788.9,0.00,0.00,0.00,0.00,1.01
2026-08-23T21:10:28Z,0.705,17.6,787.7,0.00,0.00,0.00,0.00,1.01
2026-08-23T21:10:29Z,0.714,17.8,788.6,0.00,0.00,0.00,0.00,1.01
2026-08-23T21:10:30Z,0.772,19.3,789.5,0.00,0.00,0.00,0.00,1.01
2026-08-23T21:10:31Z,0.677,16.9,788.9,0.00,0.00,0.00,0.00,1.01
2026-08-23T21:10:32Z,0.725,18.1,789.7,0.00,0.01,0.00,0.00,0.93
2026-08-23T21:10:33Z,0.762,19.1,789.7,0.00,0.18,0.00,0.00,0.93
2026-08-23T21:10:34Z,0.676,16.9,784.2,0.00,0.00,0.00,0.00,0.93
2026-08-23T21:10:35Z,0.762,19.1,785.8,0.00,0.00,0.00,0.00,0.93
2026-08-23T21:10:36Z,0.686,17.2,787.1,0.00,0.00,0.00,0.00,0.93
2026-08-23T21:10:37Z,0.678,17.0,788.4,0.00,0.00,0.00,0.00,1.01
2026-08-23T21:10:38Z,0.723,18.1,789.1,0.00,0.01,0.00,0.00,1.01
2026-08-23T21:10:39Z,0.742,18.6,789.0,0.00,0.15,0.00,0.00,1.01
2026-08-23T21:10:40Z,0.762,19.1,789.4,0.00,0.00,0.00,0.00,1.01
2026-08-23T21:10:42Z,0.762,19.1,780.2,0.00,0.00,0.00,0.00,1.01
2026-08-23T21:10:43Z,0.753,18.8,780.9,0.00,0.05,0.00,0.00,1.09
2026-08-23T21:10:44Z,0.734,18.4,782.9,0.00,0.01,0.00,0.00,1.09
2026-08-23T21:10:45Z,0.714,17.8,779.1,0.00,0.00,0.00,0.00,1.09
2026-08-23T21:10:46Z,0.734,18.4,779.8,0.00,0.00,0.00,0.00,1.09
2026-08-23T21:10:47Z,0.740,18.5,774.4,0.00,0.22,0.00,0.00,1.09
2026-08-23T21:10:48Z,0.715,17.9,776.8,0.00,0.00,0.00,0.00,1.00
2026-08-23T21:10:49Z,0.677,16.9,777.8,0.00,0.01,0.00,0.00,1.00
2026-08-23T21:10:50Z,0.761,19.0,777.8,0.00,0.00,0.00,0.00,1.00
2026-08-23T21:10:51Z,0.695,17.4,779.5,0.00,0.00,0.00,0.00,1.00
2026-08-23T21:10:52Z,0.672,16.8,779.0,0.00,0.21,0.00,0.00,1.00
2026-08-23T21:10:53Z,0.713,17.8,780.1,0.00,0.00,0.00,0.00,1.40
2026-08-23T21:10:54Z,0.734,18.4,779.7,0.00,0.01,0.00,0.00,1.40
2026-08-23T21:10:55Z,0.752,18.8,778.1,0.00,0.00,0.00,0.00,1.40
2026-08-23T21:10:56Z,0.788,19.7,779.2,0.00,0.00,0.00,0.00,1.40
2026-08-23T21:10:57Z,0.721,18.0,777.8,0.00,0.00,0.00,0.00,1.29
2026-08-23T21:10:58Z,0.655,16.4,777.5,0.00,0.00,0.00,0.00,1.29
2026-08-23T21:10:59Z,0.734,18.4,775.5,0.00,0.00,0.00,0.00,1.29
2026-08-23T21:11:00Z,0.723,18.1,775.0,0.00,0.01,0.00,0.00,1.29
2026-08-23T21:11:01Z,0.741,18.5,774.3,0.00,0.47,0.00,0.00,1.29
2026-08-23T21:11:02Z,0.785,19.6,776.3,0.00,0.00,0.00,0.00,1.19
2026-08-23T21:11:03Z,0.760,19.0,773.3,0.00,0.00,0.00,0.00,1.19
2026-08-23T21:11:04Z,0.733,18.3,775.7,0.00,0.00,0.00,0.00,1.19
2026-08-23T21:11:05Z,0.686,17.2,776.6,0.00,0.00,0.00,0.00,1.19
2026-08-23T21:11:06Z,0.801,20.0,779.3,0.00,0.02,0.00,0.00,1.19
2026-08-23T21:11:07Z,0.734,18.4,779.2,0.00,0.00,0.00,0.00,1.09
2026-08-23T21:11:08Z,0.684,17.1,774.5,0.00,0.00,0.00,0.00,1.09
2026-08-23T21:11:10Z,0.656,16.4,774.5,0.00,0.00,0.00,0.00,1.09
2026-08-23T21:11:11Z,0.724,18.1,774.3,0.00,0.00,0.00,0.00,1.09
2026-08-23T21:11:12Z,0.753,18.8,777.8,0.00,0.00,0.00,0.00,1.09
2026-08-23T21:11:13Z,0.741,18.5,780.0,0.00,0.06,0.00,0.00,1.08
2026-08-23T21:11:14Z,0.780,19.5,778.9,0.00,0.00,0.00,0.00,1.08
2026-08-23T21:11:15Z,0.770,19.2,779.9,0.00,0.00,0.00,0.00,1.08
2026-08-23T21:11:16Z,0.666,16.7,781.6,0.00,0.00,0.00,0.00,1.08
2026-08-23T21:11:17Z,0.733,18.3,780.8,0.00,0.00,0.00,0.00,1.08
2026-08-23T21:11:18Z,0.743,18.6,777.7,0.00,0.04,0.00,0.00,1.00
2026-08-23T21:11:19Z,0.693,17.3,777.7,0.00,0.01,0.00,0.00,1.00
2026-08-23T21:11:20Z,0.763,19.1,778.8,0.00,0.00,0.00,0.00,1.00
2026-08-23T21:11:21Z,0.702,17.5,781.5,0.00,0.00,0.00,0.00,1.00
2026-08-23T21:11:22Z,0.678,17.0,782.7,0.00,0.28,0.00,0.00,0.92
2026-08-23T21:11:23Z,0.686,17.2,784.3,0.00,0.00,0.00,0.00,0.92
2026-08-23T21:11:24Z,0.733,18.3,784.6,0.00,0.01,0.00,0.00,0.92
2026-08-23T21:11:25Z,0.780,19.5,782.8,0.00,0.00,0.00,0.00,0.92
2026-08-23T21:11:26Z,0.769,19.2,784.3,0.00,0.00,0.00,0.00,0.92
2026-08-23T21:11:27Z,0.725,18.1,783.9,0.00,0.00,0.00,0.00,0.84
2026-08-23T21:11:28Z,0.770,19.2,774.5,0.00,0.00,0.00,0.00,0.84
2026-08-23T21:11:29Z,0.673,16.8,775.8,0.00,0.01,0.00,0.00,0.84
2026-08-23T21:11:30Z,0.735,18.4,775.4,0.00,0.23,0.00,0.00,0.84
2026-08-23T21:11:31Z,0.721,18.0,777.5,0.00,0.00,0.00,0.00,0.84
2026-08-23T21:11:32Z,0.714,17.8,778.4,0.00,0.00,0.00,0.00,0.94
2026-08-23T21:11:33Z,0.696,17.4,772.7,0.00,0.00,0.00,0.00,0.94
2026-08-23T21:11:34Z,0.704,17.6,777.1,0.00,0.00,0.00,0.00,0.94
2026-08-23T21:11:35Z,0.788,19.7,777.0,0.00,0.01,0.00,0.00,0.94
2026-08-23T21:11:36Z,0.808,20.2,777.4,0.00,0.00,0.00,0.00,0.94
2026-08-23T21:11:38Z,0.820,20.5,775.9,0.00,0.00,0.00,0.00,0.86
2026-08-23T21:11:39Z,0.754,18.9,778.4,0.00,0.16,0.00,0.00,0.86
2026-08-23T21:11:40Z,0.772,19.3,777.9,0.00,0.00,0.00,0.00,0.86
2026-08-23T21:11:41Z,0.743,18.6,780.5,0.00,0.00,0.00,0.00,0.86
2026-08-23T21:11:42Z,0.722,18.1,781.3,0.00,0.01,0.00,0.00,0.86
2026-08-23T21:11:43Z,0.789,19.7,783.0,0.00,0.05,0.00,0.00,0.87
2026-08-23T21:11:44Z,0.734,18.4,785.0,0.00,0.00,0.00,0.00,0.87
2026-08-23T21:11:45Z,0.804,20.1,786.4,0.00,0.00,0.00,0.00,0.87
2026-08-23T21:11:46Z,0.781,19.5,788.4,0.00,0.00,0.00,0.00,0.87
2026-08-23T21:11:47Z,0.809,20.2,788.6,0.00,0.00,0.00,0.00,0.87
2026-08-23T21:11:48Z,0.830,20.8,785.4,0.00,0.05,0.00,0.00,0.80
2026-08-23T21:11:49Z,0.821,20.5,788.8,0.00,0.00,0.00,0.00,0.80
2026-08-23T21:11:50Z,0.706,17.6,790.7,0.00,0.00,0.00,0.00,0.80
2026-08-23T21:11:51Z,0.783,19.6,790.0,0.00,0.00,0.00,0.00,0.80
2026-08-23T21:11:52Z,0.781,19.5,790.5,0.00,0.00,0.00,0.00,0.74
2026-08-23T21:11:53Z,0.819,20.5,789.7,0.00,0.17,0.00,0.00,0.74
2026-08-23T21:11:54Z,0.836,20.9,788.1,0.00,0.01,0.00,0.00,0.74
2026-08-23T21:11:55Z,0.899,22.5,780.6,0.00,0.00,0.00,0.00,0.74
2026-08-23T21:11:56Z,0.848,21.2,781.8,0.00,0.00,0.00,0.00,0.74
2026-08-23T21:11:57Z,0.831,20.8,781.6,0.00,0.00,0.00,0.00,0.68
2026-08-23T21:11:58Z,0.877,21.9,784.3,0.00,0.00,0.00,0.00,0.68
2026-08-23T21:11:59Z,0.753,18.8,783.2,0.00,0.00,0.00,0.00,0.68
2026-08-23T21:12:00Z,0.907,22.7,783.2,0.00,0.01,0.00,0.00,0.68
2026-08-23T21:12:01Z,0.831,20.8,786.2,0.00,0.00,0.00,0.00,0.68
2026-08-23T21:12:02Z,0.804,20.1,787.2,0.00,0.00,0.00,0.00,2.15
2026-08-23T21:12:03Z,0.596,14.9,787.9,0.00,0.00,0.00,0.00,2.15
2026-08-23T21:12:04Z,0.800,20.0,783.4,0.00,0.00,0.00,0.00,2.15
2026-08-23T21:12:06Z,0.880,22.0,782.0,0.00,0.22,0.00,0.00,2.15
2026-08-23T21:12:07Z,0.781,19.5,782.4,0.00,0.00,0.00,0.00,2.15
2026-08-23T21:12:08Z,0.776,19.4,783.4,0.00,0.00,0.00,0.00,2.05
2026-08-23T21:12:09Z,0.598,14.9,784.6,0.00,0.00,0.00,0.00,2.05
2026-08-23T21:12:10Z,0.832,20.8,784.1,0.00,0.00,0.00,0.00,2.05
2026-08-23T21:12:11Z,0.868,21.7,785.1,0.00,0.01,0.00,0.00,2.05
2026-08-23T21:12:12Z,0.810,20.2,784.7,0.00,0.00,0.00,0.00,2.05
2026-08-23T21:12:13Z,0.784,19.6,786.7,0.00,0.03,0.00,0.00,1.89
2026-08-23T21:12:14Z,0.735,18.4,789.3,0.00,0.00,0.00,0.00,1.89
2026-08-23T21:12:15Z,0.755,18.9,789.8,0.00,0.16,0.00,0.00,1.89
2026-08-23T21:12:16Z,0.819,20.5,787.6,0.00,0.01,0.00,0.00,1.89
2026-08-23T21:12:17Z,0.794,19.9,787.8,0.00,0.01,0.00,0.00,1.89
2026-08-23T21:12:18Z,0.790,19.8,779.0,0.00,0.00,0.00,0.00,1.98
2026-08-23T21:12:19Z,0.685,17.1,779.7,0.00,0.00,0.00,0.00,1.98
2026-08-23T21:12:20Z,0.763,19.1,779.4,0.00,0.00,0.00,0.00,1.98
2026-08-23T21:12:21Z,0.952,23.8,776.5,0.00,0.00,0.00,0.00,1.98
2026-08-23T21:12:22Z,0.771,19.3,778.7,0.00,0.01,0.00,0.00,1.82
2026-08-23T21:12:23Z,0.724,18.1,779.1,0.00,0.00,0.00,0.00,1.82
2026-08-23T21:12:24Z,0.742,18.6,781.6,0.00,0.00,0.00,0.00,1.82
2026-08-23T21:12:25Z,0.784,19.6,780.6,0.00,0.00,0.00,0.00,1.82
2026-08-23T21:12:26Z,0.754,18.9,783.0,0.00,0.00,0.00,0.00,1.82
2026-08-23T21:12:27Z,0.695,17.4,782.1,0.00,0.00,0.00,0.00,1.67
2026-08-23T21:12:28Z,0.725,18.1,782.2,0.00,0.27,0.00,0.00,1.67
2026-08-23T21:12:29Z,0.639,16.0,783.0,0.00,0.00,0.00,0.00,1.67
2026-08-23T21:12:30Z,0.714,17.8,783.3,0.00,0.00,0.00,0.00,1.67
2026-08-23T21:12:31Z,0.677,16.9,785.5,0.00,0.00,0.00,0.00,1.67
2026-08-23T21:12:32Z,0.783,19.6,786.3,0.00,0.00,0.00,0.00,1.62
2026-08-23T21:12:33Z,0.686,17.2,788.0,0.00,0.00,0.00,0.00,1.62
2026-08-23T21:12:34Z,0.764,19.1,778.0,0.00,0.01,0.00,0.00,1.62
2026-08-23T21:12:36Z,0.762,19.1,779.5,0.00,0.00,0.00,0.00,1.62
2026-08-23T21:12:37Z,0.723,18.1,781.6,0.00,0.00,0.00,0.00,1.62
2026-08-23T21:12:38Z,0.693,17.3,782.1,0.00,0.20,0.00,0.00,1.49
2026-08-23T21:12:39Z,0.678,17.0,784.1,0.00,0.00,0.00,0.00,1.49
2026-08-23T21:12:40Z,0.696,17.4,780.7,0.00,0.00,0.00,0.00,1.49
2026-08-23T21:12:41Z,0.790,19.8,775.9,0.00,0.01,0.00,0.00,1.49
2026-08-23T21:12:42Z,0.696,17.4,777.4,0.00,0.00,0.00,0.00,1.49
2026-08-23T21:12:43Z,0.698,17.4,777.9,0.00,0.05,0.00,0.00,1.45
2026-08-23T21:12:44Z,0.676,16.9,778.6,0.00,0.00,0.00,0.00,1.45
2026-08-23T21:12:45Z,0.713,17.8,777.3,0.00,0.20,0.00,0.00,1.45
2026-08-23T21:12:46Z,0.705,17.6,774.7,0.00,0.00,0.00,0.00,1.45
2026-08-23T21:12:47Z,0.732,18.3,777.9,0.00,0.01,0.00,0.00,1.45
2026-08-23T21:12:48Z,0.617,15.4,777.8,0.00,0.02,0.00,0.00,1.33
2026-08-23T21:12:49Z,0.735,18.4,778.1,0.00,0.00,0.00,0.00,1.33
2026-08-23T21:12:50Z,0.715,17.9,776.5,0.00,0.00,0.00,0.00,1.33
2026-08-23T21:12:51Z,0.665,16.6,780.7,0.00,0.24,0.00,0.00,1.33
2026-08-23T21:12:52Z,0.693,17.3,777.5,0.00,0.01,0.00,0.00,1.39
2026-08-23T21:12:53Z,0.656,16.4,777.5,0.00,0.00,0.00,0.00,1.39
2026-08-23T21:12:54Z,0.686,17.2,778.3,0.00,0.00,0.00,0.00,1.39
2026-08-23T21:12:55Z,0.703,17.6,779.5,0.00,0.00,0.00,0.00,1.39
2026-08-23T21:12:56Z,0.646,16.2,778.5,0.00,0.00,0.00,0.00,1.39
2026-08-23T21:12:57Z,0.715,17.9,780.0,0.00,0.21,0.00,0.00,1.36
2026-08-23T21:12:58Z,0.667,16.7,779.4,0.00,0.00,0.00,0.00,1.36
2026-08-23T21:12:59Z,0.744,18.6,780.3,0.00,0.00,0.00,0.00,1.36
2026-08-23T21:13:00Z,0.676,16.9,776.6,0.00,0.00,0.00,0.00,1.36
2026-08-23T21:13:01Z,0.762,19.1,777.8,0.00,0.00,0.00,0.00,1.36
2026-08-23T21:13:02Z,0.638,16.0,778.5,0.00,0.00,0.00,0.00,1.25
2026-08-23T21:13:04Z,0.666,16.7,779.0,0.00,0.01,0.00,0.00,1.25
2026-08-23T21:13:05Z,0.723,18.1,779.0,0.00,0.00,0.00,0.00,1.25
2026-08-23T21:13:06Z,0.676,16.9,779.2,0.00,0.17,0.00,0.00,1.25
2026-08-23T21:13:07Z,0.665,16.6,778.4,0.00,0.00,0.00,0.00,1.25
2026-08-23T21:13:08Z,0.667,16.7,778.7,0.00,0.00,0.00,0.00,1.15
2026-08-23T21:13:09Z,0.704,17.6,774.6,0.00,0.00,0.00,0.00,1.15
2026-08-23T21:13:10Z,0.687,17.2,773.9,0.00,0.01,0.00,0.00,1.15
2026-08-23T21:13:11Z,0.704,17.6,774.9,0.00,0.00,0.00,0.00,1.15
2026-08-23T21:13:12Z,0.663,16.6,774.0,0.00,0.00,0.00,0.00,1.15
2026-08-23T21:13:13Z,0.610,15.2,774.5,0.00,0.05,0.00,0.00,1.22
2026-08-23T21:13:14Z,0.723,18.1,776.8,0.00,0.29,0.00,0.00,1.22
2026-08-23T21:13:15Z,0.712,17.8,778.8,0.00,0.00,0.00,0.00,1.22
2026-08-23T21:13:16Z,0.685,17.1,774.0,0.00,0.01,0.00,0.00,1.22
2026-08-23T21:13:17Z,0.648,16.2,774.9,0.00,0.00,0.00,0.00,3.04
2026-08-23T21:13:18Z,0.732,18.3,772.5,0.00,0.02,0.00,0.00,3.04
2026-08-23T21:13:19Z,0.731,18.3,775.4,0.00,0.18,0.00,0.00,3.04
2026-08-23T21:13:20Z,0.734,18.4,775.5,0.00,0.00,0.00,0.00,3.04
2026-08-23T21:13:21Z,0.695,17.4,775.7,0.00,0.00,0.00,0.00,3.04
2026-08-23T21:13:22Z,0.696,17.4,775.4,0.00,0.01,0.00,0.00,2.80
2026-08-23T21:13:23Z,0.695,17.4,776.8,0.00,0.00,0.00,0.00,2.80
2026-08-23T21:13:24Z,0.694,17.3,778.4,0.00,0.00,0.00,0.00,2.80
2026-08-23T21:13:25Z,0.706,17.6,778.1,0.00,0.00,0.00,0.00,2.80
2026-08-23T21:13:26Z,0.722,18.1,778.9,0.00,0.00,0.00,0.00,2.80
2026-08-23T21:13:27Z,0.653,16.3,778.4,0.00,0.17,0.00,0.00,2.65
2026-08-23T21:13:28Z,0.724,18.1,774.8,0.00,0.01,0.00,0.00,2.65
2026-08-23T21:13:29Z,0.667,16.7,776.5,0.00,0.00,0.00,0.00,2.65
2026-08-23T21:13:30Z,0.724,18.1,773.7,0.00,0.00,0.00,0.00,2.65
2026-08-23T21:13:32Z,0.681,17.0,774.3,0.00,0.00,0.00,0.00,2.65
2026-08-23T21:13:33Z,0.687,17.2,773.6,0.00,0.00,0.00,0.00,2.68
2026-08-23T21:13:34Z,0.686,17.2,777.1,0.00,0.02,0.00,0.00,2.68
2026-08-23T21:13:35Z,0.696,17.4,773.3,0.00,0.00,0.00,0.00,2.68
2026-08-23T21:13:36Z,0.676,16.9,775.2,0.00,0.00,0.00,0.00,2.68
2026-08-23T21:13:37Z,0.667,16.7,776.7,0.00,0.00,0.00,0.00,2.68
2026-08-23T21:13:38Z,0.723,18.1,777.6,0.00,0.00,0.00,0.00,2.71
2026-08-23T21:13:39Z,0.703,17.6,777.9,0.00,0.21,0.00,0.00,2.71
2026-08-23T21:13:40Z,0.703,17.6,774.4,0.00,0.00,0.00,0.00,2.71
2026-08-23T21:13:41Z,0.656,16.4,774.2,0.00,0.00,0.00,0.00,2.71
2026-08-23T21:13:42Z,0.694,17.3,776.1,0.00,0.00,0.00,0.00,2.71
2026-08-23T21:13:43Z,0.674,16.9,776.4,0.00,0.05,0.00,0.00,2.49
2026-08-23T21:13:44Z,0.629,15.7,775.3,0.00,0.01,0.00,0.00,2.49
2026-08-23T21:13:45Z,0.725,18.1,776.3,0.00,0.00,0.00,0.00,2.49
2026-08-23T21:13:46Z,0.677,16.9,775.4,0.00,0.17,0.00,0.00,2.49
2026-08-23T21:13:47Z,0.706,17.6,775.0,0.00,0.00,0.00,0.00,2.29
2026-08-23T21:13:48Z,0.706,17.6,777.6,0.00,0.01,0.00,0.00,2.29
2026-08-23T21:13:49Z,0.685,17.1,777.8,0.00,0.00,0.00,0.00,2.29
2026-08-23T21:13:50Z,0.677,16.9,778.0,0.00,0.01,0.00,0.00,2.29
2026-08-23T21:13:51Z,0.708,17.7,779.2,0.00,0.00,0.00,0.00,2.29
2026-08-23T21:13:52Z,0.668,16.7,779.9,0.00,0.23,0.00,0.00,2.19
2026-08-23T21:13:53Z,0.637,15.9,780.2,0.00,0.00,0.00,0.00,2.19
2026-08-23T21:13:54Z,0.694,17.3,780.9,0.00,0.00,0.00,0.00,2.19
2026-08-23T21:13:55Z,0.706,17.6,782.9,0.00,0.00,0.00,0.00,2.19
2026-08-23T21:13:56Z,0.745,18.6,777.5,0.00,0.01,0.00,0.00,2.19
2026-08-23T21:13:57Z,0.628,15.7,777.5,0.00,0.00,0.00,0.00,2.09
2026-08-23T21:13:58Z,0.714,17.8,778.4,0.00,0.00,0.00,0.00,2.09
2026-08-23T21:13:59Z,0.656,16.4,778.7,0.00,0.00,0.00,0.00,2.09
2026-08-23T21:14:00Z,0.693,17.3,778.4,0.00,0.00,0.00,0.00,2.09
2026-08-23T21:14:02Z,0.682,17.1,780.4,0.00,0.17,0.00,0.00,2.09
2026-08-23T21:14:03Z,0.715,17.9,782.7,0.00,0.01,0.00,0.00,1.92
2026-08-23T21:14:04Z,0.704,17.6,777.8,0.00,0.00,0.00,0.00,1.92
2026-08-23T21:14:05Z,0.705,17.6,779.0,0.00,0.00,0.00,0.00,1.92
2026-08-23T21:14:06Z,0.666,16.7,781.2,0.00,0.00,0.00,0.00,1.92
2026-08-23T21:14:07Z,0.734,18.4,784.1,0.00,0.00,0.00,0.00,1.92
2026-08-23T21:14:08Z,0.646,16.2,786.6,0.00,0.00,0.00,0.00,1.77
2026-08-23T21:14:09Z,0.667,16.7,789.5,0.00,0.18,0.00,0.00,1.77
2026-08-23T21:14:10Z,0.638,16.0,780.6,0.00,0.00,0.00,0.00,1.77
2026-08-23T21:14:11Z,0.686,17.2,781.0,0.00,0.00,0.00,0.00,1.77
2026-08-23T21:14:12Z,0.723,18.1,781.4,0.00,0.00,0.00,0.00,1.77
2026-08-23T21:14:13Z,0.716,17.9,782.9,0.00,0.05,0.00,0.00,1.63
2026-08-23T21:14:14Z,0.639,16.0,781.7,0.00,0.00,0.00,0.00,1.63
2026-08-23T21:14:15Z,0.774,19.4,779.6,0.00,0.17,0.00,0.00,1.63
2026-08-23T21:14:16Z,0.714,17.8,779.0,0.00,0.00,0.00,0.00,1.63
2026-08-23T21:14:17Z,0.723,18.1,777.8,0.00,0.03,0.00,0.00,1.50
2026-08-23T21:14:18Z,0.724,18.1,777.4,0.00,0.00,0.00,0.00,1.50
2026-08-23T21:14:19Z,0.725,18.1,777.4,0.00,0.00,0.00,0.00,1.50
2026-08-23T21:14:20Z,0.771,19.3,781.2,0.00,0.00,0.00,0.00,1.50
2026-08-23T21:14:21Z,0.705,17.6,783.0,0.00,0.00,0.00,0.00,1.50
2026-08-23T21:14:22Z,0.744,18.6,786.2,0.00,0.00,0.00,0.00,1.38
2026-08-23T21:14:23Z,0.745,18.6,789.1,0.00,0.18,0.00,0.00,1.38
2026-08-23T21:14:24Z,0.665,16.6,787.0,0.00,0.00,0.00,0.00,1.38
2026-08-23T21:14:25Z,0.763,19.1,786.2,0.00,0.00,0.00,0.00,1.38
2026-08-23T21:14:26Z,0.744,18.6,786.7,0.00,0.00,0.00,0.00,1.38
2026-08-23T21:14:27Z,0.696,17.4,783.8,0.00,0.00,0.00,0.00,1.27
2026-08-23T21:14:28Z,0.771,19.3,784.1,0.00,0.00,0.00,0.00,1.27
2026-08-23T21:14:29Z,0.657,16.4,783.4,0.00,0.00,0.00,0.00,1.27
2026-08-23T21:14:31Z,0.772,19.3,785.8,0.00,0.17,0.00,0.00,1.27
2026-08-23T21:14:32Z,0.736,18.4,786.8,0.00,0.00,0.00,0.00,1.27
2026-08-23T21:14:33Z,0.742,18.6,786.7,0.00,0.00,0.00,0.00,1.16
2026-08-23T21:14:34Z,0.686,17.2,787.3,0.00,0.00,0.00,0.00,1.16
2026-08-23T21:14:35Z,0.781,19.5,776.9,0.00,0.00,0.00,0.00,1.16
2026-08-23T21:14:36Z,0.684,17.1,779.3,0.00,0.00,0.00,0.00,1.16
2026-08-23T21:14:37Z,0.657,16.4,780.6,0.00,0.00,0.00,0.00,1.16
2026-08-23T21:14:38Z,0.688,17.2,780.1,0.00,0.00,0.00,0.00,1.15
2026-08-23T21:14:39Z,0.707,17.7,779.3,0.00,0.00,0.00,0.00,1.15
2026-08-23T21:14:40Z,0.724,18.1,780.5,0.00,0.15,0.00,0.00,1.15
2026-08-23T21:14:41Z,0.705,17.6,780.5,0.00,0.00,0.00,0.00,1.15
2026-08-23T21:14:42Z,0.764,19.1,781.5,0.00,0.00,0.00,0.00,1.15
2026-08-23T21:14:43Z,0.706,17.6,781.5,0.00,0.05,0.00,0.00,1.06
2026-08-23T21:14:44Z,0.745,18.6,781.0,0.00,0.00,0.00,0.00,1.06
2026-08-23T21:14:45Z,0.679,17.0,782.6,0.00,0.00,0.00,0.00,1.06
2026-08-23T21:14:46Z,0.669,16.7,783.8,0.00,0.00,0.00,0.00,1.06
2026-08-23T21:14:47Z,0.705,17.6,784.9,0.00,0.00,0.00,0.00,0.97
2026-08-23T21:14:48Z,0.763,19.1,786.8,0.00,0.03,0.00,0.00,0.97
2026-08-23T21:14:49Z,0.640,16.0,788.3,0.00,0.00,0.00,0.00,0.97
2026-08-23T21:14:50Z,0.687,17.2,787.5,0.00,0.00,0.00,0.00,0.97
2026-08-23T21:14:51Z,0.677,16.9,787.0,0.00,0.20,0.00,0.00,0.97
2026-08-23T21:14:52Z,0.725,18.1,786.5,0.00,0.00,0.00,0.00,0.90
2026-08-23T21:14:53Z,0.735,18.4,786.8,0.00,0.00,0.00,0.00,0.90
2026-08-23T21:14:54Z,0.726,18.1,786.8,0.00,0.01,0.00,0.00,0.90
2026-08-23T21:14:55Z,0.747,18.7,782.9,0.00,0.00,0.00,0.00,0.90
2026-08-23T21:14:56Z,0.716,17.9,785.1,0.00,0.00,0.00,0.00,0.90
2026-08-23T21:14:57Z,0.718,17.9,787.1,0.00,0.00,0.00,0.00,1.06
2026-08-23T21:14:58Z,0.697,17.4,789.1,0.00,0.00,0.00,0.00,1.06
2026-08-23T21:14:59Z,0.637,15.9,789.3,0.00,0.00,0.00,0.00,1.06
2026-08-23T21:15:01Z,0.717,17.9,791.7,0.00,0.21,0.00,0.00,1.06
2026-08-23T21:15:02Z,0.707,17.7,793.2,0.00,0.00,0.00,0.00,1.06
2026-08-23T21:15:03Z,0.716,17.9,793.6,0.00,0.00,0.00,0.00,0.98
2026-08-23T21:15:04Z,0.656,16.4,791.8,0.00,0.00,0.00,0.00,0.98
2026-08-23T21:15:05Z,0.658,16.4,793.0,0.00,0.00,0.00,0.00,0.98
2026-08-23T21:15:06Z,0.676,16.9,794.4,0.00,0.32,0.00,0.00,0.98
2026-08-23T21:15:07Z,0.667,16.7,787.8,0.00,0.03,0.00,0.00,0.98
2026-08-23T21:15:08Z,0.678,17.0,787.9,0.00,0.00,0.00,0.00,0.90
2026-08-23T21:15:09Z,0.677,16.9,788.4,0.00,0.00,0.00,0.00,0.90
2026-08-23T21:15:10Z,0.686,17.2,789.9,0.00,0.00,0.00,0.00,0.90
2026-08-23T21:15:11Z,0.724,18.1,790.2,0.00,0.20,0.00,0.00,0.90
2026-08-23T21:15:12Z,0.708,17.7,787.8,0.00,0.48,0.00,0.00,0.90
2026-08-23T21:15:13Z,0.742,18.6,789.9,0.00,0.11,0.00,0.00,0.83
2026-08-23T21:15:14Z,0.598,14.9,792.1,0.00,0.00,0.00,0.00,0.83
2026-08-23T21:15:15Z,0.706,17.6,786.2,0.00,0.00,0.00,0.00,0.83
2026-08-23T21:15:16Z,0.639,16.0,784.4,0.00,0.00,0.00,0.00,0.83
2026-08-23T21:15:17Z,0.734,18.4,786.4,0.00,0.02,0.00,0.00,1.08
2026-08-23T21:15:18Z,0.648,16.2,785.6,0.00,0.00,0.00,0.00,1.08
2026-08-23T21:15:19Z,0.636,15.9,786.6,0.00,0.00,0.00,0.00,1.08
2026-08-23T21:15:20Z,0.647,16.2,787.3,0.00,0.22,0.00,0.00,1.08
2026-08-23T21:15:21Z,0.765,19.1,783.3,0.00,0.00,0.00,0.00,1.08
2026-08-23T21:15:22Z,0.706,17.6,784.6,0.00,0.00,0.00,0.00,1.00
2026-08-23T21:15:23Z,0.687,17.2,786.4,0.00,0.00,0.00,0.00,1.00
2026-08-23T21:15:24Z,0.703,17.6,785.6,0.00,0.00,0.00,0.00,1.00
2026-08-23T21:15:25Z,0.733,18.3,784.0,0.00,0.00,0.00,0.00,1.00
2026-08-23T21:15:26Z,0.667,16.7,785.9,0.00,0.23,0.00,0.00,1.00
2026-08-23T21:15:27Z,0.665,16.6,787.3,0.00,0.00,0.00,0.00,0.92
2026-08-23T21:15:28Z,0.697,17.4,779.5,0.00,0.00,0.00,0.00,0.92
2026-08-23T21:15:29Z,0.647,16.2,782.2,0.00,0.00,0.00,0.00,0.92
2026-08-23T21:15:31Z,0.730,18.2,779.9,0.00,0.00,0.00,0.00,0.92
2026-08-23T21:15:32Z,0.696,17.4,776.3,0.00,0.00,0.00,0.00,0.92
2026-08-23T21:15:33Z,0.736,18.4,778.0,0.00,0.00,0.00,0.00,1.56
2026-08-23T21:15:34Z,0.696,17.4,778.0,0.00,0.22,0.00,0.00,1.56
2026-08-23T21:15:35Z,0.704,17.6,778.8,0.00,0.00,0.00,0.00,1.56
2026-08-23T21:15:36Z,0.742,18.6,780.6,0.00,0.00,0.00,0.00,1.56
2026-08-23T21:15:37Z,0.655,16.4,781.2,0.00,0.00,0.00,0.00,1.56
2026-08-23T21:15:38Z,0.727,18.2,782.2,0.00,0.00,0.00,0.00,1.76
2026-08-23T21:15:39Z,0.764,19.1,783.6,0.00,0.00,0.00,0.00,1.76
2026-08-23T21:15:40Z,0.726,18.1,785.6,0.00,0.18,0.00,0.00,1.76
2026-08-23T21:15:41Z,0.685,17.1,787.6,0.00,0.00,0.00,0.00,1.76
2026-08-23T21:15:42Z,0.715,17.9,788.0,0.00,0.00,0.00,0.00,1.76
2026-08-23T21:15:43Z,0.658,16.4,788.6,0.00,0.03,0.00,0.00,2.02
2026-08-23T21:15:44Z,0.719,18.0,788.3,0.00,0.00,0.00,0.00,2.02
2026-08-23T21:15:45Z,0.688,17.2,788.0,0.00,0.00,0.00,0.00,2.02
2026-08-23T21:15:46Z,0.727,18.2,787.8,0.00,0.00,0.00,0.00,2.02
2026-08-23T21:15:47Z,0.688,17.2,787.4,0.00,0.00,0.00,0.00,1.86
2026-08-23T21:15:48Z,0.689,17.2,788.1,0.00,0.02,0.00,0.00,1.86
2026-08-23T21:15:49Z,0.687,17.2,789.3,0.00,0.00,0.00,0.00,1.86
2026-08-23T21:15:50Z,0.698,17.4,787.0,0.00,0.17,0.00,0.00,1.86
2026-08-23T21:15:51Z,0.717,17.9,781.4,0.00,0.00,0.00,0.00,1.86
2026-08-23T21:15:52Z,0.715,17.9,784.6,0.00,0.00,0.00,0.00,1.71
2026-08-23T21:15:53Z,0.745,18.6,787.5,0.00,0.00,0.00,0.00,1.71
2026-08-23T21:15:54Z,0.668,16.7,786.3,0.00,0.00,0.00,0.00,1.71
2026-08-23T21:15:55Z,0.716,17.9,788.0,0.00,0.00,0.00,0.00,1.71
2026-08-23T21:15:56Z,0.745,18.6,788.7,0.00,0.00,0.00,0.00,1.71
2026-08-23T21:15:57Z,0.669,16.7,789.5,0.00,0.17,0.00,0.00,1.81
2026-08-23T21:15:58Z,0.697,17.4,782.5,0.00,0.00,0.00,0.00,1.81
2026-08-23T21:15:59Z,0.639,16.0,783.4,0.00,0.00,0.00,0.00,1.81
2026-08-23T21:16:00Z,0.773,19.3,783.6,0.00,0.00,0.00,0.00,1.81
2026-08-23T21:16:02Z,0.725,18.1,783.3,0.00,0.00,0.00,0.00,1.81
2026-08-23T21:16:03Z,0.669,16.7,786.1,0.00,0.01,0.00,0.00,1.75
2026-08-23T21:16:04Z,0.706,17.6,784.3,0.00,0.00,0.00,0.00,1.75
2026-08-23T21:16:05Z,0.667,16.7,784.6,0.00,0.00,0.00,0.00,1.75
2026-08-23T21:16:06Z,0.676,16.9,785.6,0.00,0.00,0.00,0.00,1.75
2026-08-23T21:16:07Z,0.775,19.4,787.6,0.00,0.00,0.00,0.00,1.75
2026-08-23T21:16:08Z,0.715,17.9,787.9,0.00,0.00,0.00,0.00,1.61
2026-08-23T21:16:09Z,0.697,17.4,790.2,0.00,0.22,0.00,0.00,1.61
2026-08-23T21:16:10Z,0.792,19.8,790.2,0.00,0.00,0.00,0.00,1.61
2026-08-23T21:16:11Z,0.769,19.2,790.7,0.00,0.01,0.00,0.00,1.61
2026-08-23T21:16:12Z,0.716,17.9,792.4,0.00,0.00,0.00,0.00,1.61
2026-08-23T21:16:13Z,0.725,18.1,777.8,0.00,0.05,0.00,0.00,1.56
2026-08-23T21:16:14Z,0.668,16.7,781.0,0.00,0.00,0.00,0.00,1.56
2026-08-23T21:16:15Z,0.718,17.9,774.6,0.00,0.00,0.00,0.00,1.56
2026-08-23T21:16:16Z,0.706,17.6,776.1,0.00,0.00,0.00,0.00,1.56
2026-08-23T21:16:17Z,0.736,18.4,778.1,0.00,0.00,0.00,0.00,1.75
2026-08-23T21:16:18Z,0.743,18.6,779.3,0.00,0.25,0.00,0.00,1.75
2026-08-23T21:16:19Z,0.648,16.2,779.6,0.00,0.00,0.00,0.00,1.75
2026-08-23T21:16:20Z,0.775,19.4,782.1,0.00,0.00,0.00,0.00,1.75
2026-08-23T21:16:21Z,0.708,17.7,783.3,0.00,0.00,0.00,0.00,1.75
2026-08-23T21:16:22Z,0.707,17.7,784.3,0.00,0.00,0.00,0.00,1.61
2026-08-23T21:16:23Z,0.697,17.4,786.4,0.00,0.00,0.00,0.00,1.61
2026-08-23T21:16:24Z,0.695,17.4,780.4,0.00,0.00,0.00,0.00,1.61
2026-08-23T21:16:25Z,0.678,17.0,778.8,0.00,0.00,0.00,0.00,1.61
2026-08-23T21:16:26Z,0.659,16.5,778.8,0.00,0.00,0.00,0.00,1.61
2026-08-23T21:16:27Z,0.746,18.6,778.5,0.00,0.00,0.00,0.00,1.64
2026-08-23T21:16:28Z,0.659,16.5,780.2,0.00,0.00,0.00,0.00,1.64
2026-08-23T21:16:29Z,0.628,15.7,781.4,0.00,0.16,0.00,0.00,1.64
2026-08-23T21:16:30Z,0.690,17.2,780.3,0.00,0.00,0.00,0.00,1.64
2026-08-23T21:16:31Z,0.745,18.6,773.9,0.00,0.00,0.00,0.00,1.64
2026-08-23T21:16:33Z,0.687,17.2,775.5,0.00,0.00,0.00,0.00,1.51
2026-08-23T21:16:34Z,0.745,18.6,777.4,0.00,0.00,0.00,0.00,1.51
2026-08-23T21:16:35Z,0.659,16.5,779.8,0.00,0.00,0.00,0.00,1.51
2026-08-23T21:16:36Z,0.717,17.9,781.0,0.00,0.00,0.00,0.00,1.51
2026-08-23T21:16:37Z,0.706,17.6,782.6,0.00,0.00,0.00,0.00,1.51
2026-08-23T21:16:38Z,0.687,17.2,783.0,0.00,0.18,0.00,0.00,1.39
2026-08-23T21:16:39Z,0.735,18.4,784.2,0.00,0.00,0.00,0.00,1.39
2026-08-23T21:16:40Z,0.755,18.9,783.5,0.00,0.00,0.00,0.00,1.39
2026-08-23T21:16:41Z,0.699,17.5,784.4,0.00,0.00,0.00,0.00,1.39
2026-08-23T21:16:42Z,0.647,16.2,787.1,0.00,0.00,0.00,0.00,1.39
2026-08-23T21:16:43Z,0.677,16.9,788.1,0.00,0.00,0.00,0.00,1.28
2026-08-23T21:16:44Z,0.784,19.6,789.8,0.00,0.03,0.00,0.00,1.28
2026-08-23T21:16:45Z,0.785,19.6,792.0,0.00,0.00,0.00,0.00,1.28
2026-08-23T21:16:46Z,0.698,17.4,787.1,0.00,0.17,0.00,0.00,1.28
2026-08-23T21:16:47Z,0.689,17.2,789.2,0.00,0.00,0.00,0.00,1.28
2026-08-23T21:16:48Z,0.706,17.6,790.0,0.00,0.00,0.00,0.00,1.26
2026-08-23T21:16:49Z,0.679,17.0,778.1,0.00,0.01,0.00,0.00,1.26
2026-08-23T21:16:50Z,0.744,18.6,779.0,0.00,0.00,0.00,0.00,1.26
2026-08-23T21:16:51Z,0.735,18.4,781.0,0.00,0.27,0.00,0.00,1.26
2026-08-23T21:16:52Z,0.765,19.1,782.2,0.00,0.01,0.00,0.00,1.24
2026-08-23T21:16:53Z,0.697,17.4,783.1,0.00,0.00,0.00,0.00,1.24
2026-08-23T21:16:54Z,0.774,19.4,782.0,0.00,0.01,0.00,0.00,1.24
2026-08-23T21:16:55Z,0.716,17.9,782.8,0.00,0.00,0.00,0.00,1.24
2026-08-23T21:16:56Z,0.782,19.6,784.3,0.00,0.00,0.00,0.00,1.24
2026-08-23T21:16:57Z,0.716,17.9,781.6,0.00,0.00,0.00,0.00,1.14
2026-08-23T21:16:58Z,0.717,17.9,779.9,0.00,0.00,0.00,0.00,1.14
2026-08-23T21:16:59Z,0.747,18.7,779.9,0.00,0.20,0.00,0.00,1.14
2026-08-23T21:17:00Z,0.696,17.4,778.4,0.00,0.00,0.00,0.00,1.14
2026-08-23T21:17:01Z,0.753,18.8,780.6,0.00,0.00,0.00,0.00,1.14
2026-08-23T21:17:02Z,0.687,17.2,780.4,0.00,0.00,0.00,0.00,1.04
2026-08-23T21:17:04Z,0.678,17.0,782.8,0.00,0.00,0.00,0.00,1.04
2026-08-23T21:17:05Z,0.679,17.0,781.4,0.00,0.00,0.00,0.00,1.04
2026-08-23T21:17:06Z,0.696,17.4,785.0,0.00,0.19,0.00,0.00,1.04
2026-08-23T21:17:07Z,0.714,17.8,785.3,0.00,0.02,0.00,0.00,1.04
2026-08-23T21:17:08Z,0.714,17.8,787.0,0.00,0.00,0.00,0.00,0.96
2026-08-23T21:17:09Z,0.765,19.1,782.4,0.00,0.00,0.00,0.00,0.96
2026-08-23T21:17:10Z,0.716,17.9,784.9,0.00,0.00,0.00,0.00,0.96
2026-08-23T21:17:11Z,0.765,19.1,787.6,0.00,0.00,0.00,0.00,0.96
2026-08-23T21:17:12Z,0.755,18.9,787.0,0.00,0.00,0.00,0.00,0.96
2026-08-23T21:17:13Z,0.782,19.6,790.0,0.00,0.01,0.00,0.00,0.88
2026-08-23T21:17:14Z,0.716,17.9,790.2,0.00,0.24,0.00,0.00,0.88
2026-08-23T21:17:15Z,0.792,19.8,792.3,0.00,0.00,0.00,0.00,0.88
2026-08-23T21:17:16Z,0.786,19.7,789.1,0.00,0.00,0.00,0.00,0.88
2026-08-23T21:17:17Z,0.765,19.1,789.0,0.00,0.00,0.00,0.00,0.88
2026-08-23T21:17:18Z,0.688,17.2,789.6,0.00,0.00,0.00,0.00,0.81
2026-08-23T21:17:19Z,0.756,18.9,788.9,0.00,0.05,0.00,0.00,0.81
2026-08-23T21:17:20Z,0.755,18.9,788.1,0.00,0.00,0.00,0.00,0.81
2026-08-23T21:17:21Z,0.725,18.1,786.1,0.00,0.17,0.00,0.00,0.81
2026-08-23T21:17:22Z,0.743,18.6,786.3,0.00,0.00,0.00,0.00,1.71
2026-08-23T21:17:23Z,0.726,18.1,785.8,0.00,0.00,0.00,0.00,1.71
2026-08-23T21:17:24Z,0.707,17.7,786.1,0.00,0.00,0.00,0.00,1.71
2026-08-23T21:17:25Z,0.744,18.6,786.3,0.00,0.01,0.00,0.00,1.71
2026-08-23T21:17:26Z,0.743,18.6,786.4,0.00,0.00,0.00,0.00,1.71
2026-08-23T21:17:27Z,0.715,17.9,787.6,0.00,0.16,0.00,0.00,2.05
2026-08-23T21:17:28Z,0.766,19.1,789.8,0.00,0.00,0.00,0.00,2.05
2026-08-23T21:17:29Z,0.698,17.4,783.1,0.00,0.00,0.00,0.00,2.05
2026-08-23T21:17:30Z,0.717,17.9,787.0,0.00,0.00,0.00,0.00,2.05
2026-08-23T21:17:31Z,0.706,17.6,789.3,0.00,0.01,0.00,0.00,2.05
2026-08-23T21:17:32Z,0.744,18.6,788.9,0.00,0.00,0.00,0.00,1.89
2026-08-23T21:17:33Z,0.746,18.6,790.3,0.00,0.00,0.00,0.00,1.89
2026-08-23T21:17:35Z,0.736,18.4,791.6,0.00,0.17,0.00,0.00,1.89
2026-08-23T21:17:36Z,0.736,18.4,791.6,0.00,0.00,0.00,0.00,1.89
2026-08-23T21:17:37Z,0.735,18.4,794.4,0.00,0.00,0.00,0.00,1.89
2026-08-23T21:17:38Z,0.723,18.1,787.3,0.00,0.00,0.00,0.00,1.82
2026-08-23T21:17:39Z,0.706,17.6,789.7,0.00,0.00,0.00,0.00,1.82
2026-08-23T21:17:40Z,0.727,18.2,790.4,0.00,0.00,0.00,0.00,1.82
2026-08-23T21:17:41Z,0.774,19.4,791.0,0.00,0.00,0.00,0.00,1.82
2026-08-23T21:17:42Z,0.699,17.5,792.0,0.00,0.00,0.00,0.00,1.82
2026-08-23T21:17:43Z,0.764,19.1,792.2,0.00,0.18,0.00,0.00,1.75
2026-08-23T21:17:44Z,0.754,18.9,791.3,0.00,0.04,0.00,0.00,1.75
2026-08-23T21:17:45Z,0.745,18.6,792.8,0.00,0.00,0.00,0.00,1.75
2026-08-23T21:17:46Z,0.726,18.1,783.6,0.00,0.00,0.00,0.00,1.75
2026-08-23T21:17:47Z,0.727,18.2,785.6,0.00,0.00,0.00,0.00,1.75
2026-08-23T21:17:48Z,0.707,17.7,787.8,0.00,0.00,0.00,0.00,1.93
2026-08-23T21:17:49Z,0.746,18.6,783.3,0.00,0.28,0.00,0.00,1.93
2026-08-23T21:17:50Z,0.717,17.9,785.3,0.00,0.00,0.00,0.00,1.93
2026-08-23T21:17:51Z,0.696,17.4,784.2,0.00,0.00,0.00,0.00,1.93
2026-08-23T21:17:52Z,0.745,18.6,786.0,0.00,0.00,0.00,0.00,1.94
2026-08-23T21:17:53Z,0.707,17.7,784.7,0.00,0.00,0.00,0.00,1.94
2026-08-23T21:17:54Z,0.737,18.4,785.4,0.00,0.16,0.00,0.00,1.94
2026-08-23T21:17:55Z,0.728,18.2,785.9,0.00,0.00,0.00,0.00,1.94
2026-08-23T21:17:56Z,0.736,18.4,786.1,0.00,0.00,0.00,0.00,1.94
2026-08-23T21:17:57Z,0.734,18.4,784.3,0.00,0.00,0.00,0.00,1.78
2026-08-23T21:17:58Z,0.774,19.4,786.2,0.00,0.00,0.00,0.00,1.78
2026-08-23T21:17:59Z,0.698,17.4,786.0,0.00,0.00,0.00,0.00,1.78
2026-08-23T21:18:00Z,0.714,17.8,785.8,0.00,0.01,0.00,0.00,1.78
2026-08-23T21:18:01Z,0.688,17.2,786.6,0.00,0.17,0.00,0.00,1.78
2026-08-23T21:18:02Z,0.763,19.1,788.3,0.00,0.00,0.00,0.00,2.20
2026-08-23T21:18:03Z,0.726,18.1,790.7,0.00,0.00,0.00,0.00,2.20
2026-08-23T21:18:04Z,0.715,17.9,790.8,0.00,0.00,0.00,0.00,2.20
2026-08-23T21:18:06Z,0.726,18.1,785.3,0.00,0.00,0.00,0.00,2.20
2026-08-23T21:18:07Z,0.679,17.0,786.2,0.00,0.00,0.00,0.00,2.20
2026-08-23T21:18:08Z,0.804,20.1,788.2,0.00,0.00,0.00,0.00,2.10
2026-08-23T21:18:09Z,0.726,18.1,787.4,0.00,0.00,0.00,0.00,2.10
2026-08-23T21:18:10Z,0.775,19.4,786.6,0.00,0.18,0.00,0.00,2.10
2026-08-23T21:18:11Z,0.708,17.7,785.8,0.00,0.00,0.00,0.00,2.10
2026-08-23T21:18:12Z,0.706,17.6,786.0,0.00,0.00,0.00,0.00,2.10
2026-08-23T21:18:13Z,0.785,19.6,783.3,0.00,0.00,0.00,0.00,1.93
2026-08-23T21:18:14Z,0.727,18.2,783.9,0.00,0.05,0.00,0.00,1.93
2026-08-23T21:18:15Z,0.715,17.9,784.0,0.00,0.00,0.00,0.00,1.93
2026-08-23T21:18:16Z,0.734,18.4,784.0,0.00,0.17,0.00,0.00,1.93
2026-08-23T21:18:17Z,0.687,17.2,782.1,0.00,0.01,0.00,0.00,1.93
2026-08-23T21:18:18Z,0.726,18.1,784.4,0.00,0.00,0.00,0.00,2.02
2026-08-23T21:18:19Z,0.746,18.6,784.6,0.00,0.02,0.00,0.00,2.02
2026-08-23T21:18:20Z,0.775,19.4,781.7,0.00,0.00,0.00,0.00,2.02
2026-08-23T21:18:21Z,0.766,19.1,780.4,0.00,0.00,0.00,0.00,2.02
2026-08-23T21:18:22Z,0.736,18.4,782.5,0.00,0.20,0.00,0.00,2.02
2026-08-23T21:18:23Z,0.754,18.9,783.7,0.00,0.00,0.00,0.00,2.02
2026-08-23T21:18:24Z,0.686,17.2,784.5,0.00,0.00,0.00,0.00,2.02
2026-08-23T21:18:25Z,0.717,17.9,781.6,0.00,0.00,0.00,0.00,2.02
2026-08-23T21:18:26Z,0.746,18.6,780.0,0.00,0.00,0.00,0.00,2.02
2026-08-23T21:18:27Z,0.707,17.7,782.6,0.00,0.00,0.00,0.00,1.86
2026-08-23T21:18:28Z,0.753,18.8,785.4,0.00,0.00,0.00,0.00,1.86
2026-08-23T21:18:29Z,0.699,17.5,788.5,0.00,0.00,0.00,0.00,1.86
2026-08-23T21:18:30Z,0.736,18.4,789.6,0.00,0.00,0.00,0.00,1.86
2026-08-23T21:18:31Z,0.765,19.1,788.4,0.00,0.19,0.00,0.00,1.86
2026-08-23T21:18:32Z,0.794,19.9,791.1,0.00,0.00,0.00,0.00,1.71
2026-08-23T21:18:33Z,0.726,18.1,786.0,0.00,0.00,0.00,0.00,1.71
2026-08-23T21:18:34Z,0.716,17.9,785.6,0.00,0.00,0.00,0.00,1.71
2026-08-23T21:18:35Z,0.676,16.9,783.4,0.00,0.00,0.00,0.00,1.71
2026-08-23T21:18:37Z,0.697,17.4,784.5,0.00,0.00,0.00,0.00,1.71
2026-08-23T21:18:38Z,0.764,19.1,785.4,0.00,0.00,0.00,0.00,2.37
2026-08-23T21:18:39Z,0.795,19.9,784.0,0.00,0.17,0.00,0.00,2.37
2026-08-23T21:18:40Z,0.678,17.0,786.3,0.00,0.00,0.00,0.00,2.37
2026-08-23T21:18:41Z,0.735,18.4,786.8,0.00,0.00,0.00,0.00,2.37
2026-08-23T21:18:42Z,0.784,19.6,787.8,0.00,0.00,0.00,0.00,2.37
2026-08-23T21:18:43Z,0.716,17.9,787.9,0.00,0.00,0.00,0.00,2.18
2026-08-23T21:18:44Z,0.726,18.1,789.2,0.00,0.00,0.00,0.00,2.18
2026-08-23T21:18:45Z,0.747,18.7,789.9,0.00,0.05,0.00,0.00,2.18
2026-08-23T21:18:46Z,0.649,16.2,791.7,0.00,0.17,0.00,0.00,2.18
2026-08-23T21:18:47Z,0.736,18.4,784.9,0.00,0.00,0.00,0.00,2.18
2026-08-23T21:18:48Z,0.698,17.4,788.0,0.00,0.00,0.00,0.00,2.17
2026-08-23T21:18:49Z,0.717,17.9,788.6,0.00,0.00,0.00,0.00,2.17
2026-08-23T21:18:50Z,0.709,17.7,789.8,0.00,0.02,0.00,0.00,2.17
2026-08-23T21:18:51Z,0.688,17.2,791.4,0.00,0.00,0.00,0.00,2.17
2026-08-23T21:18:52Z,0.669,16.7,792.7,0.00,0.17,0.00,0.00,2.17
2026-08-23T21:18:53Z,0.746,18.6,793.5,0.00,0.00,0.00,0.00,2.07
2026-08-23T21:18:54Z,0.763,19.1,794.5,0.00,0.00,0.00,0.00,2.07
2026-08-23T21:18:55Z,0.736,18.4,795.3,0.00,0.00,0.00,0.00,2.07
2026-08-23T21:18:56Z,0.726,18.1,795.5,0.00,0.00,0.00,0.00,2.07
2026-08-23T21:18:57Z,0.764,19.1,795.7,0.00,0.00,0.00,0.00,2.87
2026-08-23T21:18:58Z,0.687,17.2,796.9,0.00,0.00,0.00,0.00,2.87
2026-08-23T21:18:59Z,0.620,15.5,795.8,0.00,0.17,0.00,0.00,2.87
2026-08-23T21:19:00Z,0.727,18.2,795.2,0.00,0.00,0.00,0.00,2.87
2026-08-23T21:19:01Z,0.772,19.3,795.2,0.00,0.00,0.00,0.00,2.87
2026-08-23T21:19:02Z,0.726,18.1,795.9,0.00,0.00,0.00,0.00,3.04
2026-08-23T21:19:03Z,0.787,19.7,794.1,0.00,0.00,0.00,0.00,3.04
2026-08-23T21:19:04Z,0.756,18.9,796.1,0.00,0.00,0.00,0.00,3.04
2026-08-23T21:19:05Z,0.716,17.9,796.8,0.00,0.00,0.00,0.00,3.04
2026-08-23T21:19:06Z,0.763,19.1,794.3,0.00,0.17,0.00,0.00,3.04
2026-08-23T21:19:07Z,0.744,18.6,785.2,0.00,0.00,0.00,0.00,2.80
2026-08-23T21:19:09Z,0.698,17.4,788.2,0.00,0.00,0.00,0.00,2.80
2026-08-23T21:19:10Z,0.747,18.7,788.5,0.00,0.01,0.00,0.00,2.80
2026-08-23T21:19:11Z,0.729,18.2,787.8,0.00,0.00,0.00,0.00,2.80
2026-08-23T21:19:12Z,0.738,18.4,790.2,0.00,0.00,0.00,0.00,2.80
2026-08-23T21:19:13Z,0.736,18.4,784.1,0.00,0.20,0.00,0.00,2.65
2026-08-23T21:19:14Z,0.710,17.8,786.5,0.00,0.00,0.00,0.00,2.65
2026-08-23T21:19:15Z,0.754,18.9,785.9,0.00,0.00,0.00,0.00,2.65
2026-08-23T21:19:16Z,0.718,17.9,787.7,0.00,0.05,0.00,0.00,2.65
2026-08-23T21:19:17Z,0.747,18.7,787.0,0.00,0.00,0.00,0.00,2.65
2026-08-23T21:19:18Z,0.698,17.4,787.2,0.00,0.00,0.00,0.00,2.52
2026-08-23T21:19:19Z,0.718,17.9,787.4,0.00,0.00,0.00,0.00,2.52
2026-08-23T21:19:20Z,0.757,18.9,788.9,0.00,0.00,0.00,0.00,2.52
2026-08-23T21:19:21Z,0.736,18.4,784.3,0.00,0.03,0.00,0.00,2.52
2026-08-23T21:19:22Z,0.689,17.2,785.9,0.00,0.00,0.00,0.00,2.52
2026-08-23T21:19:23Z,0.661,16.5,783.5,0.00,0.00,0.00,0.00,2.56
2026-08-23T21:19:24Z,0.738,18.4,782.9,0.00,0.00,0.00,0.00,2.56
2026-08-23T21:19:25Z,0.706,17.6,783.9,0.00,0.01,0.00,0.00,2.56
2026-08-23T21:19:26Z,0.649,16.2,781.5,0.00,0.20,0.00,0.00,2.56
2026-08-23T21:19:27Z,0.678,17.0,784.0,0.00,0.00,0.00,0.00,2.35
2026-08-23T21:19:28Z,0.707,17.7,785.9,0.00,0.00,0.00,0.00,2.35
2026-08-23T21:19:29Z,0.630,15.8,783.2,0.00,0.00,0.00,0.00,2.35
2026-08-23T21:19:30Z,0.746,18.6,784.7,0.00,0.00,0.00,0.00,2.35
2026-08-23T21:19:31Z,0.734,18.4,784.2,0.00,0.00,0.00,0.00,2.35
2026-08-23T21:19:32Z,0.717,17.9,784.4,0.00,0.00,0.00,0.00,2.16
2026-08-23T21:19:33Z,0.698,17.4,785.4,0.00,0.00,0.00,0.00,2.16
2026-08-23T21:19:34Z,0.736,18.4,783.0,0.00,0.17,0.00,0.00,2.16
2026-08-23T21:19:35Z,0.679,17.0,785.4,0.00,0.00,0.00,0.00,2.16
2026-08-23T21:19:36Z,0.697,17.4,784.5,0.00,0.00,0.00,0.00,2.16
2026-08-23T21:19:37Z,0.708,17.7,776.3,0.00,0.00,0.00,0.00,2.07
2026-08-23T21:19:38Z,0.670,16.8,777.5,0.00,0.00,0.00,0.00,2.07
2026-08-23T21:19:39Z,0.717,17.9,775.5,0.00,0.23,0.00,0.00,2.07
2026-08-23T21:19:41Z,0.706,17.6,771.5,0.00,0.00,0.00,0.00,2.07
2026-08-23T21:19:42Z,0.735,18.4,774.4,0.00,0.00,0.00,0.00,2.07
2026-08-23T21:19:43Z,0.708,17.7,776.3,0.00,0.00,0.00,0.00,2.95
2026-08-23T21:19:44Z,0.737,18.4,776.7,0.00,0.00,0.00,0.00,2.95
2026-08-23T21:19:45Z,0.765,19.1,776.9,0.00,0.00,0.00,0.00,2.95
2026-08-23T21:19:46Z,0.717,17.9,779.9,0.00,0.16,0.00,0.00,2.95
2026-08-23T21:19:47Z,0.776,19.4,780.9,0.00,0.06,0.00,0.00,2.95
2026-08-23T21:19:48Z,0.698,17.4,782.8,0.00,0.00,0.00,0.00,3.11
2026-08-23T21:19:49Z,0.727,18.2,775.0,0.00,0.00,0.00,0.00,3.11
2026-08-23T21:19:50Z,0.698,17.4,776.1,0.00,0.00,0.00,0.00,3.11
2026-08-23T21:19:51Z,0.794,19.9,777.4,0.00,0.00,0.00,0.00,3.11
2026-08-23T21:19:52Z,0.705,17.6,778.8,0.00,0.03,0.00,0.00,3.11
2026-08-23T21:19:53Z,0.775,19.4,779.6,0.00,0.00,0.00,0.00,3.10
2026-08-23T21:19:54Z,0.745,18.6,781.0,0.00,0.00,0.00,0.00,3.10
2026-08-23T21:19:55Z,0.756,18.9,780.9,0.00,0.22,0.00,0.00,3.10
2026-08-23T21:19:56Z,0.737,18.4,783.1,0.00,0.00,0.00,0.00,3.10
2026-08-23T21:19:57Z,0.802,20.1,773.1,0.00,0.00,0.00,0.00,3.10
2026-08-23T21:19:58Z,0.726,18.1,777.8,0.00,0.00,0.00,0.00,2.85
2026-08-23T21:19:59Z,0.696,17.4,774.9,0.00,0.00,0.00,0.00,2.85
2026-08-23T21:20:00Z,0.794,19.9,774.3,0.00,0.00,0.00,0.00,2.85
2026-08-23T21:20:01Z,0.707,17.7,774.7,0.00,0.00,0.00,0.00,2.85
2026-08-23T21:20:02Z,0.736,18.4,778.0,0.00,0.24,0.00,0.00,2.62
2026-08-23T21:20:03Z,0.765,19.1,774.1,0.00,0.00,0.00,0.00,2.62
2026-08-23T21:20:04Z,0.705,17.6,774.2,0.00,0.00,0.00,0.00,2.62
2026-08-23T21:20:05Z,0.716,17.9,776.2,0.00,0.00,0.00,0.00,2.62
2026-08-23T21:20:06Z,0.698,17.4,777.3,0.00,0.22,0.00,0.00,2.62
2026-08-23T21:20:07Z,0.708,17.7,779.5,0.00,0.00,0.00,0.00,2.65
2026-08-23T21:20:08Z,0.757,18.9,781.7,0.00,0.01,0.00,0.00,2.65
2026-08-23T21:20:09Z,0.736,18.4,783.2,0.00,0.00,0.00,0.00,2.65
2026-08-23T21:20:10Z,0.765,19.1,776.7,0.00,0.03,0.00,0.00,2.65
2026-08-23T21:20:11Z,0.737,18.4,778.9,0.00,0.52,0.00,0.00,2.65
2026-08-23T21:20:13Z,0.755,18.9,777.8,0.00,0.00,0.00,0.00,3.24
2026-08-23T21:20:14Z,0.736,18.4,779.5,0.00,0.40,0.00,0.00,3.24
2026-08-23T21:20:15Z,0.776,19.4,779.4,0.00,0.00,0.00,0.00,3.24
2026-08-23T21:20:16Z,0.708,17.7,780.2,0.00,0.01,0.00,0.00,3.24
2026-08-23T21:20:17Z,0.716,17.9,782.1,0.00,0.00,0.00,0.00,3.24
2026-08-23T21:20:18Z,0.717,17.9,776.0,0.00,0.00,0.00,0.00,3.14
2026-08-23T21:20:19Z,0.717,17.9,778.5,0.00,0.00,0.00,0.00,3.14
2026-08-23T21:20:20Z,0.718,17.9,779.9,0.00,0.00,0.00,0.00,3.14
2026-08-23T21:20:21Z,0.706,17.6,782.8,0.00,0.00,0.00,0.00,3.14
2026-08-23T21:20:22Z,0.678,17.0,783.1,0.00,0.00,0.00,0.00,3.14
2026-08-23T21:20:23Z,0.708,17.7,782.5,0.00,0.17,0.00,0.00,2.89
2026-08-23T21:20:24Z,0.734,18.4,785.5,0.00,0.00,0.00,0.00,2.89
2026-08-23T21:20:25Z,0.697,17.4,785.5,0.00,0.00,0.00,0.00,2.89
2026-08-23T21:20:26Z,0.687,17.2,784.2,0.00,0.00,0.00,0.00,2.89
2026-08-23T21:20:27Z,0.686,17.2,787.6,0.00,0.00,0.00,0.00,2.89
2026-08-23T21:20:28Z,0.698,17.4,784.5,0.00,0.00,0.00,0.00,2.98
2026-08-23T21:20:29Z,0.666,16.7,784.2,0.00,0.01,0.00,0.00,2.98
2026-08-23T21:20:30Z,0.746,18.6,785.2,0.00,0.17,0.00,0.00,2.98
2026-08-23T21:20:31Z,0.736,18.4,779.0,0.00,0.00,0.00,0.00,2.98
2026-08-23T21:20:32Z,0.745,18.6,775.1,0.00,0.00,0.00,0.00,2.74
2026-08-23T21:20:33Z,0.679,17.0,775.0,0.00,0.00,0.00,0.00,2.74
2026-08-23T21:20:34Z,0.764,19.1,777.3,0.00,0.00,0.00,0.00,2.74
2026-08-23T21:20:35Z,0.736,18.4,774.2,0.00,0.00,0.00,0.00,2.74
2026-08-23T21:20:36Z,0.696,17.4,775.8,0.00,0.23,0.00,0.00,2.74
2026-08-23T21:20:37Z,0.658,16.4,776.7,0.00,0.00,0.00,0.00,2.92
2026-08-23T21:20:38Z,0.718,17.9,777.5,0.00,0.00,0.00,0.00,2.92
2026-08-23T21:20:39Z,0.640,16.0,779.2,0.00,0.00,0.00,0.00,2.92
2026-08-23T21:20:40Z,0.774,19.4,780.7,0.00,0.00,0.00,0.00,2.92
2026-08-23T21:20:41Z,0.716,17.9,783.3,0.00,0.00,0.00,0.00,2.92
2026-08-23T21:20:42Z,0.725,18.1,785.3,0.00,0.06,0.00,0.00,2.77
2026-08-23T21:20:44Z,0.669,16.7,780.6,0.00,0.00,0.00,0.00,2.77
2026-08-23T21:20:45Z,0.707,17.7,779.9,0.00,0.00,0.00,0.00,2.77
2026-08-23T21:20:46Z,0.736,18.4,784.5,0.00,0.00,0.00,0.00,2.77
2026-08-23T21:20:47Z,0.726,18.1,783.4,0.00,0.00,0.00,0.00,2.77
2026-08-23T21:20:48Z,0.706,17.6,785.9,0.00,0.03,0.00,0.00,2.55
2026-08-23T21:20:49Z,0.657,16.4,789.3,0.00,0.00,0.00,0.00,2.55
2026-08-23T21:20:50Z,0.756,18.9,784.9,0.00,0.17,0.00,0.00,2.55
2026-08-23T21:20:51Z,0.698,17.4,784.3,0.00,0.00,0.00,0.00,2.55
2026-08-23T21:20:52Z,0.727,18.2,778.6,0.00,0.00,0.00,0.00,2.55
2026-08-23T21:20:53Z,0.746,18.6,777.6,0.00,0.00,0.00,0.00,2.50
2026-08-23T21:20:54Z,0.687,17.2,779.3,0.00,0.00,0.00,0.00,2.50
2026-08-23T21:20:55Z,0.726,18.1,777.5,0.00,0.00,0.00,0.00,2.50
2026-08-23T21:20:56Z,1.201,30.0,796.3,0.00,0.00,0.01,0.01,2.50
2026-08-23T21:20:57Z,0.724,18.1,778.1,0.00,0.00,0.00,0.00,2.50
2026-08-23T21:20:58Z,0.706,17.6,779.9,0.00,0.51,0.00,0.00,2.94
2026-08-23T21:20:59Z,0.679,17.0,781.3,0.00,0.00,0.00,0.00,2.94
2026-08-23T21:21:00Z,0.723,18.1,781.8,0.00,0.00,0.00,0.00,2.94
2026-08-23T21:21:01Z,0.751,18.8,783.5,0.00,0.00,0.00,0.00,2.94
2026-08-23T21:21:02Z,0.735,18.4,781.2,0.00,0.00,0.00,0.00,2.71
2026-08-23T21:21:03Z,0.697,17.4,776.1,0.00,0.00,0.00,0.00,2.71
2026-08-23T21:21:04Z,0.698,17.4,775.7,0.00,0.00,0.00,0.00,2.71
2026-08-23T21:21:05Z,0.668,16.7,779.8,0.00,0.00,0.00,0.00,2.71
2026-08-23T21:21:06Z,0.688,17.2,779.7,0.00,0.00,0.00,0.00,2.71
2026-08-23T21:21:07Z,0.668,16.7,782.1,0.00,0.00,0.00,0.00,3.61
2026-08-23T21:21:08Z,0.724,18.1,781.0,0.00,0.17,0.00,0.00,3.61
2026-08-23T21:21:09Z,0.590,14.8,783.7,0.00,0.00,0.00,0.00,3.61
2026-08-23T21:21:10Z,0.785,19.6,782.3,0.00,0.00,0.00,0.00,3.61
2026-08-23T21:21:11Z,0.715,17.9,780.0,0.00,0.00,0.00,0.00,3.61
2026-08-23T21:21:12Z,0.687,17.2,782.5,0.00,0.07,0.00,0.00,3.32
2026-08-23T21:21:13Z,0.762,19.1,785.0,0.00,0.00,0.00,0.00,3.32
2026-08-23T21:21:15Z,0.716,17.9,785.6,0.00,0.00,0.00,0.00,3.32
2026-08-23T21:21:16Z,0.707,17.7,785.4,0.00,0.00,0.00,0.00,3.32
2026-08-23T21:21:17Z,0.717,17.9,787.1,0.00,0.17,0.00,0.00,3.32
2026-08-23T21:21:18Z,0.659,16.5,787.3,0.00,0.05,0.00,0.00,3.06
2026-08-23T21:21:19Z,0.706,17.6,784.8,0.00,0.00,0.00,0.00,3.06
2026-08-23T21:21:20Z,0.744,18.6,784.6,0.00,0.00,0.00,0.00,3.06
2026-08-23T21:21:21Z,0.715,17.9,786.5,0.00,0.00,0.00,0.00,3.06
2026-08-23T21:21:22Z,0.710,17.8,784.9,0.00,0.00,0.00,0.00,3.06
2026-08-23T21:21:23Z,0.709,17.7,787.3,0.00,0.00,0.00,0.00,2.81
2026-08-23T21:21:24Z,0.698,17.4,786.5,0.00,0.01,0.00,0.00,2.81
2026-08-23T21:21:25Z,0.725,18.1,783.8,0.00,0.17,0.00,0.00,2.81
2026-08-23T21:21:26Z,0.726,18.1,787.0,0.00,0.00,0.00,0.00,2.81
2026-08-23T21:21:27Z,0.744,18.6,777.9,0.00,0.00,0.00,0.00,2.81
2026-08-23T21:21:28Z,0.696,17.4,780.2,0.00,0.00,0.00,0.00,2.59
2026-08-23T21:21:29Z,0.669,16.7,779.4,0.00,0.00,0.00,0.00,2.59
2026-08-23T21:21:30Z,0.715,17.9,778.8,0.00,0.00,0.00,0.00,2.59
2026-08-23T21:21:31Z,0.656,16.4,782.9,0.00,0.00,0.00,0.00,2.59
2026-08-23T21:21:32Z,0.717,17.9,781.8,0.00,0.22,0.00,0.00,2.59
2026-08-23T21:21:33Z,0.678,17.0,773.3,0.00,0.00,0.00,0.00,2.78
2026-08-23T21:21:34Z,0.689,17.2,776.6,0.00,0.00,0.00,0.00,2.78
2026-08-23T21:21:35Z,0.688,17.2,777.6,0.00,0.00,0.00,0.00,2.78
2026-08-23T21:21:36Z,0.687,17.2,779.6,0.00,0.00,0.00,0.00,2.78
2026-08-23T21:21:37Z,0.745,18.6,782.0,0.00,0.00,0.00,0.00,2.56
2026-08-23T21:21:38Z,0.668,16.7,783.3,0.00,0.16,0.00,0.00,2.56
2026-08-23T21:21:39Z,0.660,16.5,785.7,0.00,0.00,0.00,0.00,2.56
2026-08-23T21:21:40Z,0.678,17.0,779.9,0.00,0.00,0.00,0.00,2.56
2026-08-23T21:21:41Z,0.631,15.8,782.4,0.00,0.00,0.00,0.00,2.56
2026-08-23T21:21:42Z,0.649,16.2,778.2,0.00,0.00,0.00,0.00,2.35
2026-08-23T21:21:43Z,0.668,16.7,779.2,0.00,0.05,0.00,0.00,2.35
2026-08-23T21:21:44Z,0.706,17.6,780.9,0.00,0.00,0.00,0.00,2.35
2026-08-23T21:21:45Z,0.725,18.1,781.7,0.00,0.00,0.00,0.00,2.35
2026-08-23T21:21:47Z,0.698,17.4,782.8,0.00,0.17,0.00,0.00,2.35
2026-08-23T21:21:48Z,0.736,18.4,785.2,0.00,0.00,0.00,0.00,2.16
2026-08-23T21:21:49Z,0.659,16.5,784.6,0.00,0.03,0.00,0.00,2.16
2026-08-23T21:21:50Z,0.688,17.2,781.8,0.00,0.00,0.00,0.00,2.16
2026-08-23T21:21:51Z,0.717,17.9,780.9,0.00,0.00,0.00,0.00,2.16
2026-08-23T21:21:52Z,0.716,17.9,780.6,0.00,0.00,0.00,0.00,2.16
2026-08-23T21:21:53Z,0.675,16.9,781.1,0.00,0.00,0.00,0.00,1.99
2026-08-23T21:21:54Z,0.718,17.9,777.0,0.00,0.17,0.00,0.00,1.99
2026-08-23T21:21:55Z,0.699,17.5,777.5,0.00,0.00,0.00,0.00,1.99
2026-08-23T21:21:56Z,0.697,17.4,779.2,0.00,0.00,0.00,0.00,1.99
2026-08-23T21:21:57Z,0.706,17.6,779.6,0.00,0.00,0.00,0.00,1.99
2026-08-23T21:21:58Z,0.659,16.5,777.8,0.00,0.00,0.00,0.00,1.83
2026-08-23T21:21:59Z,0.725,18.1,777.5,0.00,0.00,0.00,0.00,1.83
2026-08-23T21:22:00Z,0.686,17.2,779.4,0.00,0.00,0.00,0.00,1.83
2026-08-23T21:22:01Z,0.650,16.2,780.7,0.00,0.00,0.00,0.00,1.83
2026-08-23T21:22:02Z,0.581,14.5,782.2,0.00,0.00,0.00,0.00,1.83
2026-08-23T21:22:03Z,0.726,18.1,782.3,0.00,0.00,0.00,0.00,1.92
2026-08-23T21:22:04Z,0.647,16.2,781.5,0.00,0.15,0.00,0.00,1.92
2026-08-23T21:22:05Z,0.696,17.4,784.4,0.00,0.00,0.00,0.00,1.92
2026-08-23T21:22:06Z,0.690,17.2,785.0,0.00,0.00,0.00,0.00,1.92
2026-08-23T21:22:07Z,0.736,18.4,785.3,0.00,0.00,0.00,0.00,1.77
2026-08-23T21:22:08Z,0.668,16.7,787.3,0.00,0.00,0.00,0.00,1.77
2026-08-23T21:22:09Z,0.698,17.4,784.6,0.00,0.00,0.00,0.00,1.77
2026-08-23T21:22:10Z,0.662,16.6,786.8,0.00,0.00,0.00,0.00,1.77
2026-08-23T21:22:11Z,0.706,17.6,788.0,0.00,0.00,0.00,0.00,1.77
2026-08-23T21:22:12Z,0.650,16.2,786.3,0.00,0.00,0.00,0.00,1.87
2026-08-23T21:22:13Z,0.612,15.3,786.5,0.00,0.03,0.00,0.00,1.87
2026-08-23T21:22:14Z,0.774,19.4,786.6,0.00,0.18,0.00,0.00,1.87
2026-08-23T21:22:15Z,0.743,18.6,789.0,0.00,0.00,0.00,0.00,1.87
2026-08-23T21:22:16Z,0.669,16.7,778.2,0.00,0.00,0.00,0.00,1.87
2026-08-23T21:22:18Z,0.685,17.1,775.9,0.00,0.00,0.00,0.00,2.12
2026-08-23T21:22:19Z,0.572,14.3,776.5,0.00,0.00,0.00,0.00,2.12
2026-08-23T21:22:20Z,0.811,20.3,778.3,0.00,0.00,0.00,0.00,2.12
2026-08-23T21:22:21Z,0.727,18.2,780.1,0.00,0.00,0.00,0.00,2.12
2026-08-23T21:22:22Z,0.678,17.0,783.1,0.00,0.22,0.00,0.00,2.12
2026-08-23T21:22:23Z,0.678,17.0,786.5,0.00,0.01,0.00,0.00,2.19
2026-08-23T21:22:24Z,0.725,18.1,783.9,0.00,0.00,0.00,0.00,2.19
2026-08-23T21:22:25Z,0.726,18.1,780.9,0.00,0.00,0.00,0.00,2.19
2026-08-23T21:22:26Z,0.723,18.1,780.8,0.00,0.00,0.00,0.00,2.19
2026-08-23T21:22:27Z,0.745,18.6,782.4,0.00,0.00,0.00,0.00,2.19
2026-08-23T21:22:28Z,0.733,18.3,783.4,0.00,0.00,0.00,0.00,2.01
2026-08-23T21:22:29Z,0.690,17.2,774.6,0.00,0.01,0.00,0.00,2.01
2026-08-23T21:22:30Z,0.686,17.2,778.5,0.00,0.19,0.00,0.00,2.01
2026-08-23T21:22:31Z,0.802,20.1,777.1,0.00,0.00,0.00,0.00,2.01
2026-08-23T21:22:32Z,0.766,19.1,775.0,0.00,0.00,0.00,0.00,2.01
2026-08-23T21:22:33Z,0.709,17.7,776.3,0.00,0.00,0.00,0.00,1.85
2026-08-23T21:22:34Z,0.718,17.9,777.2,0.00,0.00,0.00,0.00,1.85
2026-08-23T21:22:35Z,0.690,17.2,777.0,0.00,0.00,0.00,0.00,1.85
2026-08-23T21:22:36Z,0.687,17.2,777.2,0.00,0.00,0.00,0.00,1.85
2026-08-23T21:22:37Z,0.726,18.1,777.4,0.00,0.00,0.00,0.00,1.70
2026-08-23T21:22:38Z,0.718,17.9,774.0,0.00,0.00,0.00,0.00,1.70
2026-08-23T21:22:39Z,0.785,19.6,775.2,0.00,0.00,0.00,0.00,1.70
2026-08-23T21:22:40Z,0.737,18.4,775.2,0.00,0.22,0.00,0.00,1.70
2026-08-23T21:22:41Z,0.746,18.6,777.4,0.00,0.00,0.00,0.00,1.70
2026-08-23T21:22:42Z,0.641,16.0,776.5,0.00,0.00,0.00,0.00,1.57
2026-08-23T21:22:43Z,0.700,17.5,777.0,0.00,0.01,0.00,0.00,1.57
2026-08-23T21:22:44Z,0.734,18.4,779.2,0.00,0.05,0.00,0.00,1.57
2026-08-23T21:22:45Z,0.700,17.5,779.4,0.00,0.00,0.00,0.00,1.57
2026-08-23T21:22:46Z,0.717,17.9,780.4,0.00,0.21,0.00,0.00,1.57
2026-08-23T21:22:47Z,0.717,17.9,780.4,0.00,0.00,0.00,0.00,1.44
2026-08-23T21:22:48Z,0.754,18.9,783.6,0.00,0.00,0.00,0.00,1.44
2026-08-23T21:22:50Z,0.715,17.9,785.5,0.00,0.02,0.00,0.00,1.44
2026-08-23T21:22:51Z,0.696,17.4,782.0,0.00,0.00,0.00,0.00,1.44
2026-08-23T21:22:52Z,0.762,19.1,785.3,0.00,0.00,0.00,0.00,1.44
2026-08-23T21:22:53Z,0.666,16.7,786.2,0.00,0.00,0.00,0.00,1.33
2026-08-23T21:22:54Z,0.734,18.4,786.8,0.00,0.00,0.00,0.00,1.33
2026-08-23T21:22:55Z,0.722,18.1,782.4,0.00,0.00,0.00,0.00,1.33
2026-08-23T21:22:56Z,0.694,17.3,784.0,0.00,0.00,0.00,0.00,1.33
2026-08-23T21:22:57Z,0.724,18.1,784.3,0.00,0.15,0.00,0.00,1.33
2026-08-23T21:22:58Z,0.714,17.8,784.7,0.00,0.00,0.00,0.00,1.54
2026-08-23T21:22:59Z,0.674,16.9,787.0,0.00,0.00,0.00,0.00,1.54
2026-08-23T21:23:00Z,0.763,19.1,785.7,0.00,0.01,0.00,0.00,1.54
2026-08-23T21:23:01Z,0.712,17.8,785.0,0.00,0.00,0.00,0.00,1.54
2026-08-23T21:23:02Z,0.782,19.6,786.6,0.00,0.00,0.00,0.00,1.54
2026-08-23T21:23:03Z,0.723,18.1,788.0,0.00,0.00,0.00,0.00,1.42
2026-08-23T21:23:04Z,0.723,18.1,787.3,0.00,0.00,0.00,0.00,1.42
2026-08-23T21:23:05Z,0.714,17.8,789.3,0.00,0.00,0.00,0.00,1.42
2026-08-23T21:23:06Z,0.695,17.4,785.3,0.00,0.20,0.00,0.00,1.42
2026-08-23T21:23:07Z,0.705,17.6,785.7,0.00,0.00,0.00,0.00,1.38
2026-08-23T21:23:08Z,0.716,17.9,784.9,0.00,0.00,0.00,0.00,1.38
2026-08-23T21:23:09Z,0.707,17.7,784.0,0.00,0.00,0.00,0.00,1.38
2026-08-23T21:23:10Z,0.705,17.6,783.2,0.00,0.00,0.00,0.00,1.38
2026-08-23T21:23:11Z,0.754,18.9,783.4,0.00,0.00,0.00,0.00,1.38
2026-08-23T21:23:12Z,0.693,17.3,782.0,0.00,0.00,0.00,0.00,1.67
2026-08-23T21:23:13Z,0.745,18.6,785.9,0.00,0.00,0.00,0.00,1.67
2026-08-23T21:23:14Z,0.754,18.9,783.4,0.00,0.17,0.00,0.00,1.67
2026-08-23T21:23:15Z,0.744,18.6,783.9,0.00,0.05,0.00,0.00,1.67
2026-08-23T21:23:16Z,0.666,16.7,785.7,0.00,0.00,0.00,0.00,1.67
2026-08-23T21:23:17Z,0.741,18.5,787.6,0.00,0.00,0.00,0.00,1.86
2026-08-23T21:23:19Z,0.735,18.4,786.2,0.00,0.00,0.00,0.00,1.86
2026-08-23T21:23:20Z,0.773,19.3,782.5,0.00,0.01,0.00,0.00,1.86
2026-08-23T21:23:21Z,0.705,17.6,783.2,0.00,0.02,0.00,0.00,1.86
2026-08-23T21:23:22Z,0.763,19.1,774.6,0.00,0.20,0.00,0.00,1.86
2026-08-23T21:23:23Z,0.722,18.1,778.6,0.00,0.00,0.00,0.00,1.71
2026-08-23T21:23:24Z,0.628,15.7,779.4,0.00,0.00,0.00,0.00,1.71
2026-08-23T21:23:25Z,0.741,18.5,780.4,0.00,0.00,0.00,0.00,1.71
2026-08-23T21:23:26Z,0.767,19.2,779.8,0.00,0.00,0.00,0.00,1.71
2026-08-23T21:23:27Z,0.767,19.2,780.4,0.00,0.00,0.00,0.00,1.71
2026-08-23T21:23:28Z,0.762,19.1,778.9,0.00,0.00,0.00,0.00,1.73
2026-08-23T21:23:29Z,0.677,16.9,783.2,0.00,0.00,0.00,0.00,1.73
2026-08-23T21:23:30Z,0.726,18.1,785.0,0.00,0.00,0.00,0.00,1.73
2026-08-23T21:23:31Z,0.707,17.7,783.7,0.00,0.00,0.00,0.00,1.73
2026-08-23T21:23:32Z,0.686,17.2,784.1,0.00,0.20,0.00,0.00,1.73
2026-08-23T21:23:33Z,0.666,16.7,786.3,0.00,0.00,0.00,0.00,1.67
2026-08-23T21:23:34Z,0.750,18.8,784.4,0.00,0.00,0.00,0.00,1.67
2026-08-23T21:23:35Z,0.733,18.3,783.4,0.00,0.01,0.00,0.00,1.67
2026-08-23T21:23:36Z,0.724,18.1,783.1,0.00,0.00,0.00,0.00,1.67
2026-08-23T21:23:37Z,0.744,18.6,784.9,0.00,0.17,0.00,0.00,1.70
2026-08-23T21:23:38Z,0.723,18.1,786.6,0.00,0.00,0.00,0.00,1.70
2026-08-23T21:23:39Z,0.706,17.6,787.1,0.00,0.00,0.00,0.00,1.70
2026-08-23T21:23:40Z,0.706,17.6,782.7,0.00,0.00,0.00,0.00,1.70
2026-08-23T21:23:41Z,0.781,19.5,783.6,0.00,0.01,0.00,0.00,1.70
2026-08-23T21:23:42Z,0.736,18.4,784.2,0.00,0.00,0.00,0.00,1.64
2026-08-23T21:23:43Z,0.677,16.9,784.9,0.00,0.00,0.00,0.00,1.64
2026-08-23T21:23:44Z,0.724,18.1,782.8,0.00,0.00,0.00,0.00,1.64
2026-08-23T21:23:45Z,0.713,17.8,785.8,0.00,0.05,0.00,0.00,1.64
2026-08-23T21:23:46Z,0.724,18.1,787.3,0.00,0.00,0.00,0.00,1.64
2026-08-23T21:23:48Z,0.687,17.2,787.7,0.00,0.17,0.00,0.00,1.51
2026-08-23T21:23:49Z,0.750,18.8,785.6,0.00,0.00,0.00,0.00,1.51
2026-08-23T21:23:50Z,0.799,20.0,778.9,0.00,0.02,0.00,0.00,1.51
2026-08-23T21:23:51Z,0.780,19.5,776.1,0.00,0.00,0.00,0.00,1.51
2026-08-23T21:23:52Z,0.763,19.1,777.3,0.00,0.00,0.00,0.00,1.51
2026-08-23T21:23:53Z,0.714,17.8,778.5,0.00,0.01,0.00,0.00,1.39
2026-08-23T21:23:54Z,0.774,19.4,779.2,0.00,0.00,0.00,0.00,1.39
2026-08-23T21:23:55Z,0.725,18.1,781.6,0.00,0.20,0.00,0.00,1.39
2026-08-23T21:23:56Z,0.792,19.8,781.1,0.00,0.00,0.00,0.00,1.39
2026-08-23T21:23:57Z,0.731,18.3,781.6,0.00,0.00,0.00,0.00,1.39
2026-08-23T21:23:58Z,0.705,17.6,777.4,0.00,0.00,0.00,0.00,1.36
2026-08-23T21:23:59Z,0.743,18.6,782.0,0.00,0.00,0.00,0.00,1.36
2026-08-23T21:24:00Z,0.734,18.4,783.3,0.00,0.00,0.00,0.00,1.36
2026-08-23T21:24:01Z,0.735,18.4,783.8,0.00,0.00,0.00,0.00,1.36
2026-08-23T21:24:02Z,0.726,18.1,784.8,0.00,0.00,0.00,0.00,1.36
2026-08-23T21:24:03Z,0.750,18.8,784.8,0.00,0.00,0.00,0.00,1.97
2026-08-23T21:24:04Z,0.713,17.8,782.5,0.00,0.00,0.00,0.00,1.97
2026-08-23T21:24:05Z,0.733,18.3,782.4,0.00,0.00,0.00,0.00,1.97
2026-08-23T21:24:06Z,0.783,19.6,783.7,0.00,0.00,0.00,0.00,1.97
2026-08-23T21:24:07Z,0.714,17.8,785.4,0.00,0.00,0.00,0.00,2.45
2026-08-23T21:24:08Z,0.654,16.4,786.6,0.00,0.00,0.00,0.00,2.45
2026-08-23T21:24:09Z,0.745,18.6,786.1,0.00,0.00,0.00,0.00,2.45
2026-08-23T21:24:10Z,0.675,16.9,786.7,0.00,0.00,0.00,0.00,2.45
2026-08-23T21:24:11Z,0.679,17.0,787.2,0.00,0.17,0.00,0.00,2.45
2026-08-23T21:24:12Z,0.708,17.7,786.6,0.00,0.00,0.00,0.00,2.26
2026-08-23T21:24:13Z,0.744,18.6,782.5,0.00,0.00,0.00,0.00,2.26
2026-08-23T21:24:14Z,0.686,17.2,784.0,0.00,0.00,0.00,0.00,2.26
2026-08-23T21:24:16Z,0.723,18.1,784.7,0.00,0.05,0.00,0.00,2.26
2026-08-23T21:24:17Z,0.726,18.1,786.4,0.00,0.00,0.00,0.00,2.26
2026-08-23T21:24:18Z,0.706,17.6,787.1,0.00,0.00,0.00,0.00,2.32
2026-08-23T21:24:19Z,0.715,17.9,784.6,0.00,0.17,0.00,0.00,2.32
2026-08-23T21:24:20Z,0.723,18.1,785.3,0.00,0.00,0.00,0.00,2.32
2026-08-23T21:24:21Z,0.733,18.3,785.1,0.00,0.03,0.00,0.00,2.32
2026-08-23T21:24:22Z,0.725,18.1,786.7,0.00,0.00,0.00,0.00,2.32
2026-08-23T21:24:23Z,0.677,16.9,788.7,0.00,0.00,0.00,0.00,2.13
2026-08-23T21:24:24Z,0.744,18.6,791.6,0.00,0.00,0.00,0.00,2.13
2026-08-23T21:24:25Z,0.676,16.9,786.5,0.00,0.00,0.00,0.00,2.13
2026-08-23T21:24:26Z,0.782,19.6,787.5,0.00,0.00,0.00,0.00,2.13
2026-08-23T21:24:27Z,0.732,18.3,784.9,0.00,0.00,0.00,0.00,2.13
2026-08-23T21:24:28Z,0.724,18.1,784.8,0.00,0.00,0.00,0.00,1.96
2026-08-23T21:24:29Z,0.753,18.8,777.1,0.00,0.00,0.00,0.00,1.96
2026-08-23T21:24:30Z,0.726,18.1,777.8,0.00,0.00,0.00,0.00,1.96
2026-08-23T21:24:31Z,0.850,21.2,780.9,0.00,0.00,0.00,0.00,1.96
2026-08-23T21:24:32Z,0.743,18.6,778.1,0.00,0.00,0.00,0.00,1.96
2026-08-23T21:24:33Z,0.726,18.1,779.0,0.00,0.00,0.00,0.00,1.80
2026-08-23T21:24:34Z,0.794,19.9,779.3,0.00,0.24,0.00,0.00,1.80
2026-08-23T21:24:35Z,0.725,18.1,779.4,0.00,0.00,0.00,0.00,1.80
2026-08-23T21:24:36Z,0.763,19.1,778.7,0.00,0.00,0.00,0.00,1.80
2026-08-23T21:24:37Z,0.702,17.5,779.5,0.00,0.00,0.00,0.00,1.90
2026-08-23T21:24:38Z,0.784,19.6,780.0,0.00,0.00,0.00,0.00,1.90
2026-08-23T21:24:39Z,0.753,18.8,781.3,0.00,0.00,0.00,0.00,1.90
2026-08-23T21:24:40Z,0.715,17.9,781.2,0.00,0.00,0.00,0.00,1.90
2026-08-23T21:24:41Z,0.736,18.4,782.2,0.00,0.17,0.00,0.00,1.90
2026-08-23T21:24:42Z,0.715,17.9,776.1,0.00,0.00,0.00,0.00,1.99
2026-08-23T21:24:43Z,0.743,18.6,777.8,0.00,0.01,0.00,0.00,1.99
2026-08-23T21:24:44Z,0.783,19.6,780.0,0.00,0.00,0.00,0.00,1.99
2026-08-23T21:24:46Z,0.716,17.9,781.5,0.00,0.05,0.00,0.00,1.99
2026-08-23T21:24:47Z,0.774,19.4,780.4,0.00,0.00,0.00,0.00,1.99
2026-08-23T21:24:48Z,0.829,20.7,781.5,0.00,0.17,0.00,0.00,1.83
2026-08-23T21:24:49Z,0.763,19.1,778.0,0.00,0.00,0.00,0.00,1.83
2026-08-23T21:24:50Z,0.821,20.5,779.4,0.00,0.00,0.00,0.00,1.83
2026-08-23T21:24:51Z,0.723,18.1,780.9,0.00,0.02,0.00,0.00,1.83
2026-08-23T21:24:52Z,0.707,17.7,782.1,0.00,0.00,0.00,0.00,1.83
2026-08-23T21:24:53Z,0.764,19.1,782.3,0.00,0.00,0.00,0.00,1.68
2026-08-23T21:24:54Z,0.763,19.1,784.0,0.00,0.19,0.00,0.00,1.68
2026-08-23T21:24:55Z,0.795,19.9,785.1,0.00,0.00,0.00,0.00,1.68
2026-08-23T21:24:56Z,0.763,19.1,786.1,0.00,0.00,0.00,0.00,1.68
2026-08-23T21:24:57Z,0.676,16.9,785.9,0.00,0.00,0.00,0.00,1.68
2026-08-23T21:24:58Z,0.716,17.9,786.1,0.00,0.01,0.00,0.00,1.55
2026-08-23T21:24:59Z,0.707,17.7,785.9,0.00,0.00,0.00,0.00,1.55
2026-08-23T21:25:00Z,0.754,18.9,786.6,0.00,0.00,0.00,0.00,1.55
2026-08-23T21:25:01Z,0.755,18.9,776.1,0.00,0.00,0.00,0.00,1.55
2026-08-23T21:25:02Z,0.772,19.3,778.2,0.00,0.31,0.00,0.00,1.55
2026-08-23T21:25:03Z,0.732,18.3,778.8,0.00,0.00,0.00,0.00,1.50
2026-08-23T21:25:04Z,0.764,19.1,778.6,0.00,0.00,0.00,0.00,1.50
2026-08-23T21:25:05Z,0.666,16.7,777.6,0.00,0.00,0.00,0.00,1.50
2026-08-23T21:25:06Z,0.677,16.9,776.5,0.00,0.00,0.00,0.00,1.50
2026-08-23T21:25:07Z,0.752,18.8,779.2,0.00,0.00,0.00,0.00,1.38
2026-08-23T21:25:08Z,0.724,18.1,776.2,0.00,0.00,0.00,0.00,1.38
2026-08-23T21:25:09Z,0.764,19.1,778.4,0.00,0.00,0.00,0.00,1.38
2026-08-23T21:25:10Z,0.709,17.7,779.0,0.00,0.23,0.00,0.00,1.38
2026-08-23T21:25:11Z,0.756,18.9,781.0,0.00,0.46,0.00,0.00,1.38
2026-08-23T21:25:12Z,0.734,18.4,782.8,0.00,0.00,0.00,0.00,1.35
2026-08-23T21:25:13Z,0.755,18.9,786.0,0.00,0.00,0.00,0.00,1.35
2026-08-23T21:25:14Z,0.735,18.4,784.5,0.00,0.00,0.00,0.00,1.35
2026-08-23T21:25:16Z,0.783,19.6,785.2,0.00,0.06,0.00,0.00,1.35
2026-08-23T21:25:17Z,0.708,17.7,786.2,0.00,0.00,0.00,0.00,1.35
2026-08-23T21:25:18Z,0.698,17.4,784.3,0.00,0.00,0.00,0.00,1.24
2026-08-23T21:25:19Z,0.747,18.7,781.0,0.00,0.23,0.00,0.00,1.24
2026-08-23T21:25:20Z,0.668,16.7,782.4,0.00,0.00,0.00,0.00,1.24
2026-08-23T21:25:21Z,0.734,18.4,783.5,0.00,0.00,0.00,0.00,1.24
2026-08-23T21:25:22Z,0.676,16.9,783.9,0.00,0.15,0.00,0.00,1.24
2026-08-23T21:25:23Z,0.716,17.9,784.3,0.00,0.00,0.00,0.00,1.14
2026-08-23T21:25:24Z,0.727,18.2,781.7,0.00,0.01,0.00,0.00,1.14
2026-08-23T21:25:25Z,0.696,17.4,779.9,0.00,0.00,0.00,0.00,1.14
2026-08-23T21:25:26Z,0.706,17.6,782.5,0.00,0.00,0.00,0.00,1.14
2026-08-23T21:25:27Z,0.782,19.6,783.9,0.00,0.00,0.00,0.00,1.14
2026-08-23T21:25:28Z,0.764,19.1,784.9,0.00,0.00,0.00,0.00,1.05
2026-08-23T21:25:29Z,0.717,17.9,786.3,0.00,0.01,0.00,0.00,1.05
2026-08-23T21:25:30Z,0.726,18.1,788.5,0.00,0.17,0.00,0.00,1.05
2026-08-23T21:25:31Z,0.735,18.4,786.4,0.00,0.00,0.00,0.00,1.05
2026-08-23T21:25:32Z,0.763,19.1,784.7,0.00,0.00,0.00,0.00,1.05
2026-08-23T21:25:33Z,0.714,17.8,787.4,0.00,0.00,0.00,0.00,0.97
2026-08-23T21:25:34Z,0.764,19.1,785.2,0.00,0.00,0.00,0.00,0.97
2026-08-23T21:25:35Z,0.725,18.1,787.4,0.00,0.00,0.00,0.00,0.97
2026-08-23T21:25:36Z,0.763,19.1,786.7,0.00,0.00,0.00,0.00,0.97
2026-08-23T21:25:37Z,0.771,19.3,789.5,0.00,0.00,0.00,0.00,0.89
2026-08-23T21:25:38Z,0.785,19.6,791.5,0.00,0.00,0.00,0.00,0.89
2026-08-23T21:25:39Z,0.813,20.3,788.5,0.00,0.20,0.00,0.00,0.89
2026-08-23T21:25:40Z,0.773,19.3,788.7,0.00,0.00,0.00,0.00,0.89
2026-08-23T21:25:41Z,0.804,20.1,787.3,0.00,0.00,0.00,0.00,0.89
2026-08-23T21:25:42Z,0.743,18.6,788.1,0.00,0.00,0.00,0.00,0.82
2026-08-23T21:25:43Z,0.782,19.6,785.8,0.00,0.00,0.00,0.00,0.82
2026-08-23T21:25:44Z,0.784,19.6,784.0,0.00,0.00,0.00,0.00,0.82
2026-08-23T21:25:46Z,0.800,20.0,784.8,0.00,0.25,0.00,0.00,0.82
2026-08-23T21:25:47Z,0.736,18.4,786.1,0.00,0.00,0.00,0.00,0.82
2026-08-23T21:25:48Z,0.765,19.1,776.9,0.00,0.00,0.00,0.00,0.75
2026-08-23T21:25:49Z,0.782,19.6,778.3,0.00,0.00,0.00,0.00,0.75
2026-08-23T21:25:50Z,0.714,17.8,778.9,0.00,0.06,0.00,0.00,0.75
2026-08-23T21:25:51Z,0.764,19.1,778.6,0.00,0.00,0.00,0.00,0.75
2026-08-23T21:25:52Z,0.704,17.6,781.3,0.00,0.00,0.00,0.00,0.75
2026-08-23T21:25:53Z,0.757,18.9,783.7,0.00,0.16,0.00,0.00,0.69
2026-08-23T21:25:54Z,0.747,18.7,782.6,0.00,0.01,0.00,0.00,0.69
2026-08-23T21:25:55Z,0.724,18.1,781.8,0.00,0.04,0.00,0.00,0.69
2026-08-23T21:25:56Z,0.832,20.8,783.3,0.00,0.00,0.00,0.00,0.69
2026-08-23T21:25:57Z,0.761,19.0,780.4,0.00,0.00,0.00,0.00,0.69
2026-08-23T21:25:58Z,0.773,19.3,782.5,0.00,0.00,0.00,0.00,0.72
2026-08-23T21:25:59Z,0.697,17.4,781.3,0.00,0.00,0.00,0.00,0.72
2026-08-23T21:26:00Z,0.736,18.4,782.5,0.00,0.21,0.00,0.00,0.72
2026-08-23T21:26:01Z,0.755,18.9,783.3,0.00,0.00,0.00,0.00,0.72
2026-08-23T21:26:02Z,0.746,18.6,782.7,0.00,0.00,0.00,0.00,0.72
2026-08-23T21:26:03Z,0.724,18.1,776.6,0.00,0.00,0.00,0.00,0.74
2026-08-23T21:26:04Z,0.688,17.2,777.3,0.00,0.00,0.00,0.00,0.74
2026-08-23T21:26:05Z,0.727,18.2,779.2,0.00,0.00,0.00,0.00,0.74
2026-08-23T21:26:06Z,0.727,18.2,780.9,0.00,0.00,0.00,0.00,0.74
2026-08-23T21:26:07Z,0.668,16.7,780.7,0.00,0.00,0.00,0.00,0.68
2026-08-23T21:26:08Z,0.762,19.1,779.9,0.00,0.17,0.00,0.00,0.68
2026-08-23T21:26:09Z,0.714,17.8,780.0,0.00,0.00,0.00,0.00,0.68
2026-08-23T21:26:10Z,0.725,18.1,782.2,0.00,0.00,0.00,0.00,0.68
2026-08-23T21:26:11Z,0.689,17.2,781.4,0.00,0.00,0.00,0.00,0.68
2026-08-23T21:26:12Z,0.757,18.9,783.1,0.00,0.00,0.00,0.00,0.71
2026-08-23T21:26:13Z,0.697,17.4,781.4,0.00,0.00,0.00,0.00,0.71
2026-08-23T21:26:14Z,0.746,18.6,783.8,0.00,0.00,0.00,0.00,0.71
2026-08-23T21:26:15Z,0.734,18.4,785.8,0.00,0.17,0.00,0.00,0.71
2026-08-23T21:26:17Z,0.726,18.1,784.7,0.00,0.00,0.00,0.00,0.71
2026-08-23T21:26:18Z,0.698,17.4,787.1,0.00,0.00,0.00,0.00,0.81
2026-08-23T21:26:19Z,0.687,17.2,780.4,0.00,0.00,0.00,0.00,0.81
2026-08-23T21:26:20Z,0.725,18.1,783.1,0.00,0.04,0.00,0.00,0.81
2026-08-23T21:26:21Z,0.782,19.6,783.8,0.00,0.00,0.00,0.00,0.81
2026-08-23T21:26:22Z,0.696,17.4,786.0,0.00,0.00,0.00,0.00,0.81
2026-08-23T21:26:23Z,0.725,18.1,786.5,0.00,0.00,0.00,0.00,0.75
2026-08-23T21:26:24Z,0.726,18.1,786.5,0.00,0.15,0.00,0.00,0.75
2026-08-23T21:26:25Z,0.717,17.9,785.2,0.00,0.03,0.00,0.00,0.75
2026-08-23T21:26:26Z,0.698,17.4,785.5,0.00,0.00,0.00,0.00,0.75
2026-08-23T21:26:27Z,0.717,17.9,785.6,0.00,0.00,0.00,0.00,0.75
2026-08-23T21:26:28Z,0.687,17.2,784.8,0.00,0.00,0.00,0.00,0.69
2026-08-23T21:26:29Z,0.686,17.2,785.5,0.00,0.00,0.00,0.00,0.69
2026-08-23T21:26:30Z,0.746,18.6,786.4,0.00,0.13,0.00,0.00,0.69
2026-08-23T21:26:31Z,0.748,18.7,788.7,0.00,0.00,0.00,0.00,0.69
2026-08-23T21:26:32Z,0.686,17.2,784.9,0.00,0.01,0.00,0.00,0.69
2026-08-23T21:26:33Z,0.726,18.1,778.9,0.00,0.00,0.00,0.00,0.79
2026-08-23T21:26:34Z,0.792,19.8,777.7,0.00,0.00,0.00,0.00,0.79
2026-08-23T21:26:35Z,0.733,18.3,777.0,0.00,0.00,0.00,0.00,0.79
2026-08-23T21:26:36Z,0.716,17.9,779.0,0.00,0.00,0.00,0.00,0.79
2026-08-23T21:26:37Z,0.728,18.2,776.4,0.00,0.00,0.00,0.00,0.73
2026-08-23T21:26:38Z,0.728,18.2,777.0,0.00,0.17,0.00,0.00,0.73
2026-08-23T21:26:39Z,0.744,18.6,778.6,0.00,0.00,0.00,0.00,0.73
2026-08-23T21:26:40Z,0.775,19.4,779.4,0.00,0.00,0.00,0.00,0.73
2026-08-23T21:26:41Z,0.746,18.6,781.9,0.00,0.00,0.00,0.00,0.73
2026-08-23T21:26:42Z,0.764,19.1,783.0,0.00,0.00,0.00,0.00,0.75
2026-08-23T21:26:43Z,0.678,17.0,784.2,0.00,0.00,0.00,0.00,0.75
2026-08-23T21:26:44Z,0.783,19.6,783.1,0.00,0.00,0.00,0.00,0.75
2026-08-23T21:26:45Z,0.725,18.1,783.1,0.00,0.26,0.00,0.00,0.75
2026-08-23T21:26:46Z,0.716,17.9,784.0,0.00,0.00,0.00,0.00,0.75
2026-08-23T21:26:48Z,0.696,17.4,783.4,0.00,0.01,0.00,0.00,0.93
2026-08-23T21:26:49Z,0.698,17.4,785.0,0.00,0.00,0.00,0.00,0.93
2026-08-23T21:26:50Z,0.696,17.4,787.7,0.00,0.00,0.00,0.00,0.93
2026-08-23T21:26:51Z,0.698,17.4,783.7,0.00,0.06,0.00,0.00,0.93
2026-08-23T21:26:52Z,1.103,27.6,793.2,0.00,0.00,0.00,0.00,0.93
2026-08-23T21:26:53Z,0.715,17.9,791.9,0.00,0.00,0.00,0.00,1.18
2026-08-23T21:26:54Z,0.707,17.7,790.0,0.00,0.00,0.00,0.00,1.18
2026-08-23T21:26:55Z,0.737,18.4,792.4,0.00,0.00,0.00,0.00,1.18
2026-08-23T21:26:56Z,0.688,17.2,792.3,0.00,0.03,0.00,0.00,1.18
2026-08-23T21:26:57Z,0.715,17.9,794.2,0.00,0.43,0.00,0.00,1.18
2026-08-23T21:26:58Z,0.755,18.9,790.7,0.00,0.01,0.00,0.00,1.24
2026-08-23T21:26:59Z,0.746,18.6,783.5,0.00,0.00,0.00,0.00,1.24
2026-08-23T21:27:00Z,0.696,17.4,784.9,0.00,0.00,0.00,0.00,1.24
2026-08-23T21:27:01Z,0.747,18.7,788.8,0.00,0.00,0.00,0.00,1.24
2026-08-23T21:27:02Z,0.688,17.2,791.0,0.00,0.00,0.00,0.00,1.24
2026-08-23T21:27:03Z,0.717,17.9,793.0,0.00,0.19,0.00,0.00,1.30
2026-08-23T21:27:04Z,0.744,18.6,789.9,0.00,0.01,0.00,0.00,1.30
2026-08-23T21:27:05Z,0.706,17.6,783.2,0.00,0.00,0.00,0.00,1.30
2026-08-23T21:27:06Z,0.746,18.6,784.5,0.00,0.00,0.00,0.00,1.30
2026-08-23T21:27:07Z,0.687,17.2,784.9,0.00,0.00,0.00,0.00,1.30
2026-08-23T21:27:08Z,0.747,18.7,782.7,0.00,0.00,0.00,0.00,1.36
2026-08-23T21:27:09Z,0.725,18.1,782.3,0.00,0.00,0.00,0.00,1.36
2026-08-23T21:27:10Z,0.755,18.9,782.1,0.00,0.18,0.00,0.00,1.36
2026-08-23T21:27:11Z,0.735,18.4,781.9,0.00,0.00,0.00,0.00,1.36
2026-08-23T21:27:12Z,0.762,19.1,782.8,0.00,0.00,0.00,0.00,1.41
2026-08-23T21:27:13Z,0.727,18.2,784.2,0.00,0.00,0.00,0.00,1.41
2026-08-23T21:27:14Z,0.697,17.4,785.8,0.00,0.00,0.00,0.00,1.41
2026-08-23T21:27:15Z,0.736,18.4,786.7,0.00,0.00,0.00,0.00,1.41
2026-08-23T21:27:16Z,0.747,18.7,787.5,0.00,0.16,0.00,0.00,1.41
2026-08-23T21:27:17Z,0.743,18.6,786.8,0.00,0.00,0.00,0.00,1.30
2026-08-23T21:27:19Z,0.708,17.7,779.8,0.00,0.00,0.00,0.00,1.30
2026-08-23T21:27:20Z,0.708,17.7,782.7,0.00,0.00,0.00,0.00,1.30
2026-08-23T21:27:21Z,0.725,18.1,782.8,0.00,0.00,0.00,0.00,1.30
2026-08-23T21:27:22Z,0.746,18.6,785.5,0.00,0.11,0.00,0.00,1.30
2026-08-23T21:27:23Z,0.687,17.2,784.0,0.00,0.00,0.00,0.00,1.75
2026-08-23T21:27:24Z,0.737,18.4,786.3,0.00,0.20,0.00,0.00,1.75
2026-08-23T21:27:25Z,0.698,17.4,788.5,0.00,0.00,0.00,0.00,1.75
2026-08-23T21:27:26Z,0.726,18.1,785.0,0.00,0.00,0.00,0.00,1.75
2026-08-23T21:27:27Z,0.753,18.8,780.8,0.00,0.08,0.00,0.00,1.75
2026-08-23T21:27:28Z,0.715,17.9,780.4,0.00,0.00,0.00,0.00,1.77
2026-08-23T21:27:29Z,0.755,18.9,782.3,0.00,0.00,0.00,0.00,1.77
2026-08-23T21:27:30Z,0.754,18.9,784.1,0.00,0.00,0.00,0.00,1.77
2026-08-23T21:27:31Z,0.734,18.4,781.4,0.00,0.22,0.00,0.00,1.77
2026-08-23T21:27:32Z,0.691,17.3,784.6,0.00,0.00,0.00,0.00,1.77
2026-08-23T21:27:33Z,0.719,18.0,786.9,0.00,0.00,0.00,0.00,2.11
2026-08-23T21:27:34Z,0.775,19.4,780.6,0.00,0.00,0.00,0.00,2.11
2026-08-23T21:27:35Z,0.736,18.4,783.6,0.00,0.01,0.00,0.00,2.11
2026-08-23T21:27:36Z,0.715,17.9,785.6,0.00,0.00,0.00,0.00,2.11
2026-08-23T21:27:37Z,0.734,18.4,785.7,0.00,0.00,0.00,0.00,2.11
2026-08-23T21:27:38Z,0.667,16.7,786.3,0.00,0.00,0.00,0.00,1.94
2026-08-23T21:27:39Z,0.679,17.0,788.2,0.00,0.18,0.00,0.00,1.94
2026-08-23T21:27:40Z,0.698,17.4,787.3,0.00,0.00,0.00,0.00,1.94
2026-08-23T21:27:41Z,0.706,17.6,782.2,0.00,0.00,0.00,0.00,1.94
2026-08-23T21:27:42Z,0.688,17.2,781.6,0.00,0.00,0.00,0.00,1.79
2026-08-23T21:27:43Z,0.717,17.9,782.6,0.00,0.00,0.00,0.00,1.79
2026-08-23T21:27:44Z,0.678,17.0,784.4,0.00,0.00,0.00,0.00,1.79
2026-08-23T21:27:45Z,0.678,17.0,785.7,0.00,0.00,0.00,0.00,1.79
2026-08-23T21:27:46Z,0.755,18.9,787.9,0.00,0.00,0.00,0.00,1.79
2026-08-23T21:27:47Z,0.676,16.9,788.9,0.00,0.16,0.00,0.00,1.64
2026-08-23T21:27:48Z,0.727,18.2,785.1,0.00,0.00,0.00,0.00,1.64
2026-08-23T21:27:49Z,0.696,17.4,784.3,0.00,0.00,0.00,0.00,1.64
2026-08-23T21:27:51Z,0.755,18.9,784.8,0.00,0.00,0.00,0.00,1.64
2026-08-23T21:27:52Z,0.678,17.0,784.5,0.00,0.00,0.00,0.00,1.64
2026-08-23T21:27:53Z,0.745,18.6,786.0,0.00,0.05,0.00,0.00,1.51
2026-08-23T21:27:54Z,0.697,17.4,783.1,0.00,0.17,0.00,0.00,1.51
2026-08-23T21:27:55Z,0.745,18.6,783.8,0.00,0.00,0.00,0.00,1.51
2026-08-23T21:27:56Z,0.685,17.1,782.1,0.00,0.00,0.00,0.00,1.51
2026-08-23T21:27:57Z,0.812,20.3,783.0,0.00,0.00,0.00,0.00,1.51
2026-08-23T21:27:58Z,0.746,18.6,786.0,0.00,0.02,0.00,0.00,1.55
2026-08-23T21:27:59Z,0.716,17.9,783.9,0.00,0.00,0.00,0.00,1.55
2026-08-23T21:28:00Z,0.706,17.6,785.8,0.00,0.00,0.00,0.00,1.55
2026-08-23T21:28:01Z,0.667,16.7,788.2,0.00,0.14,0.00,0.00,1.55
2026-08-23T21:28:02Z,0.773,19.3,786.9,0.00,0.00,0.00,0.00,1.55
2026-08-23T21:28:03Z,0.707,17.7,786.0,0.00,0.00,0.00,0.00,1.43
2026-08-23T21:28:04Z,0.747,18.7,787.1,0.00,0.00,0.00,0.00,1.43
2026-08-23T21:28:05Z,0.745,18.6,789.8,0.00,0.00,0.00,0.00,1.43
2026-08-23T21:28:06Z,0.735,18.4,789.4,0.00,0.01,0.00,0.00,1.43
2026-08-23T21:28:07Z,0.764,19.1,779.8,0.00,0.20,0.00,0.00,1.43
2026-08-23T21:28:08Z,0.707,17.7,782.2,0.00,0.00,0.00,0.00,1.71
2026-08-23T21:28:09Z,0.714,17.8,782.3,0.00,0.00,0.00,0.00,1.71
2026-08-23T21:28:10Z,0.650,16.2,785.0,0.00,0.00,0.00,0.00,1.71
2026-08-23T21:28:11Z,0.699,17.5,784.2,0.00,0.00,0.00,0.00,1.71
2026-08-23T21:28:12Z,0.688,17.2,785.4,0.00,0.00,0.00,0.00,1.98
2026-08-23T21:28:13Z,0.697,17.4,789.4,0.00,0.00,0.00,0.00,1.98
2026-08-23T21:28:14Z,0.737,18.4,784.9,0.00,0.00,0.00,0.00,1.98
2026-08-23T21:28:15Z,0.727,18.2,782.8,0.00,0.00,0.00,0.00,1.98
2026-08-23T21:28:16Z,0.699,17.5,783.6,0.00,0.00,0.00,0.00,1.98
2026-08-23T21:28:17Z,0.669,16.7,782.9,0.00,0.00,0.00,0.00,1.82
2026-08-23T21:28:18Z,0.677,16.9,785.8,0.00,0.00,0.00,0.00,1.82
2026-08-23T21:28:19Z,0.678,17.0,786.3,0.00,0.23,0.00,0.00,1.82
2026-08-23T21:28:20Z,0.707,17.7,785.7,0.00,0.00,0.00,0.00,1.82
2026-08-23T21:28:22Z,0.755,18.9,780.8,0.00,0.00,0.00,0.00,1.82
2026-08-23T21:28:23Z,0.660,16.5,782.5,0.00,0.06,0.00,0.00,1.91
2026-08-23T21:28:24Z,0.688,17.2,783.4,0.00,0.00,0.00,0.00,1.91
2026-08-23T21:28:25Z,0.736,18.4,785.4,0.00,0.00,0.00,0.00,1.91
2026-08-23T21:28:26Z,0.704,17.6,786.4,0.00,0.00,0.00,0.00,1.91
2026-08-23T21:28:27Z,0.706,17.6,781.5,0.00,0.17,0.00,0.00,1.91
2026-08-23T21:28:28Z,0.649,16.2,785.0,0.00,0.04,0.00,0.00,1.76
2026-08-23T21:28:29Z,0.727,18.2,784.4,0.00,0.00,0.00,0.00,1.76
2026-08-23T21:28:30Z,0.610,15.2,787.1,0.00,0.00,0.00,0.00,1.76
2026-08-23T21:28:31Z,0.716,17.9,790.1,0.00,0.00,0.00,0.00,1.76
2026-08-23T21:28:32Z,0.676,16.9,786.0,0.00,0.00,0.00,0.00,1.76
2026-08-23T21:28:33Z,0.697,17.4,787.4,0.00,0.00,0.00,0.00,1.62
2026-08-23T21:28:34Z,0.736,18.4,789.2,0.00,0.17,0.00,0.00,1.62
2026-08-23T21:28:35Z,0.697,17.4,787.1,0.00,0.00,0.00,0.00,1.62
2026-08-23T21:28:36Z,0.719,18.0,788.1,0.00,0.00,0.00,0.00,1.62
2026-08-23T21:28:37Z,0.688,17.2,790.1,0.00,0.01,0.00,0.00,1.62
2026-08-23T21:28:38Z,0.698,17.4,791.4,0.00,0.00,0.00,0.00,1.49
2026-08-23T21:28:39Z,0.707,17.7,790.8,0.00,0.00,0.00,0.00,1.49
2026-08-23T21:28:40Z,0.707,17.7,791.8,0.00,0.16,0.00,0.00,1.49
2026-08-23T21:28:41Z,0.727,18.2,789.4,0.00,0.00,0.00,0.00,1.49
2026-08-23T21:28:42Z,0.669,16.7,790.7,0.00,0.00,0.00,0.00,1.45
2026-08-23T21:28:43Z,0.736,18.4,791.0,0.00,0.00,0.00,0.00,1.45
2026-08-23T21:28:44Z,0.726,18.1,793.1,0.00,0.00,0.00,0.00,1.45
2026-08-23T21:28:45Z,0.678,17.0,791.3,0.00,0.00,0.00,0.00,1.45
2026-08-23T21:28:46Z,0.717,17.9,791.8,0.00,0.00,0.00,0.00,1.45
2026-08-23T21:28:47Z,0.727,18.2,791.6,0.00,0.17,0.00,0.00,1.41
2026-08-23T21:28:48Z,0.651,16.3,792.4,0.00,0.00,0.00,0.00,1.41
2026-08-23T21:28:49Z,0.699,17.5,783.6,0.00,0.00,0.00,0.00,1.41
2026-08-23T21:28:50Z,0.697,17.4,782.8,0.00,0.00,0.00,0.00,1.41
2026-08-23T21:28:51Z,0.735,18.4,784.8,0.00,0.00,0.00,0.00,1.41
2026-08-23T21:28:52Z,0.728,18.2,786.3,0.00,0.00,0.00,0.00,1.70
2026-08-23T21:28:54Z,0.647,16.2,788.5,0.00,0.05,0.00,0.00,1.70
2026-08-23T21:28:55Z,0.728,18.2,780.7,0.00,0.00,0.00,0.00,1.70
2026-08-23T21:28:56Z,0.718,17.9,782.2,0.00,0.21,0.00,0.00,1.70
2026-08-23T21:28:57Z,0.766,19.1,782.7,0.00,0.00,0.00,0.00,1.70
2026-08-23T21:28:58Z,0.735,18.4,786.3,0.00,0.00,0.00,0.00,1.72
2026-08-23T21:28:59Z,0.629,15.7,787.2,0.00,0.02,0.00,0.00,1.72
2026-08-23T21:29:00Z,0.707,17.7,787.5,0.00,0.00,0.00,0.00,1.72
2026-08-23T21:29:01Z,0.745,18.6,788.9,0.00,0.00,0.00,0.00,1.72
2026-08-23T21:29:02Z,0.708,17.7,789.9,0.00,0.24,0.00,0.00,1.72
2026-08-23T21:29:03Z,0.726,18.1,792.1,0.00,0.00,0.00,0.00,1.59
2026-08-23T21:29:04Z,0.739,18.5,793.5,0.00,0.00,0.00,0.00,1.59
2026-08-23T21:29:05Z,0.773,19.3,783.9,0.00,0.00,0.00,0.00,1.59
2026-08-23T21:29:06Z,0.755,18.9,781.3,0.00,0.00,0.00,0.00,1.59
2026-08-23T21:29:07Z,0.755,18.9,782.6,0.00,0.00,0.00,0.00,1.59
2026-08-23T21:29:08Z,0.698,17.4,781.5,0.00,0.00,0.00,0.00,1.46
2026-08-23T21:29:09Z,0.698,17.4,783.1,0.00,0.00,0.00,0.00,1.46
2026-08-23T21:29:10Z,0.735,18.4,782.7,0.00,0.20,0.00,0.00,1.46
2026-08-23T21:29:11Z,0.727,18.2,780.4,0.00,0.00,0.00,0.00,1.46
2026-08-23T21:29:12Z,0.772,19.3,784.2,0.00,0.00,0.00,0.00,1.46
2026-08-23T21:29:13Z,0.754,18.9,786.9,0.00,0.00,0.00,0.00,1.42
2026-08-23T21:29:14Z,0.726,18.1,788.3,0.00,0.00,0.00,0.00,1.42
2026-08-23T21:29:15Z,0.802,20.1,789.4,0.00,0.01,0.00,0.00,1.42
2026-08-23T21:29:16Z,0.690,17.2,789.1,0.00,0.17,0.00,0.00,1.42
2026-08-23T21:29:17Z,0.717,17.9,791.8,0.00,0.00,0.00,0.00,2.19
2026-08-23T21:29:18Z,0.755,18.9,794.0,0.00,0.00,0.00,0.00,2.19
2026-08-23T21:29:19Z,0.707,17.7,791.2,0.00,0.00,0.00,0.00,2.19
2026-08-23T21:29:20Z,0.689,17.2,791.4,0.00,0.00,0.00,0.00,2.19
2026-08-23T21:29:21Z,0.658,16.4,790.4,0.00,0.00,0.00,0.00,2.19
2026-08-23T21:29:22Z,0.677,16.9,790.2,0.00,0.00,0.00,0.00,2.09
2026-08-23T21:29:23Z,0.696,17.4,792.0,0.00,0.00,0.00,0.00,2.09
2026-08-23T21:29:24Z,0.776,19.4,790.7,0.00,0.22,0.00,0.00,2.09
2026-08-23T21:29:26Z,0.775,19.4,790.7,0.00,0.00,0.00,0.00,2.09
2026-08-23T21:29:27Z,0.795,19.9,790.4,0.00,0.00,0.00,0.00,2.09
2026-08-23T21:29:28Z,0.747,18.7,784.1,0.00,0.00,0.00,0.00,1.93
2026-08-23T21:29:29Z,0.669,16.7,786.1,0.00,0.00,0.00,0.00,1.93
2026-08-23T21:29:30Z,0.756,18.9,779.7,0.00,0.02,0.00,0.00,1.93
2026-08-23T21:29:31Z,0.697,17.4,782.5,0.00,0.20,0.00,0.00,1.93
2026-08-23T21:29:32Z,0.678,17.0,784.5,0.00,0.00,0.00,0.00,1.93
2026-08-23T21:29:33Z,0.707,17.7,783.8,0.00,0.00,0.00,0.00,1.77
2026-08-23T21:29:34Z,0.727,18.2,783.4,0.00,0.00,0.00,0.00,1.77
2026-08-23T21:29:35Z,0.753,18.8,784.7,0.00,0.00,0.00,0.00,1.77
2026-08-23T21:29:36Z,0.708,17.7,786.9,0.00,0.00,0.00,0.00,1.77
2026-08-23T21:29:37Z,0.697,17.4,785.3,0.00,0.00,0.00,0.00,1.77
2026-08-23T21:29:38Z,0.688,17.2,786.6,0.00,0.00,0.00,0.00,1.79
2026-08-23T21:29:39Z,0.669,16.7,788.1,0.00,0.01,0.00,0.00,1.79
2026-08-23T21:29:40Z,0.737,18.4,790.1,0.00,0.00,0.00,0.00,1.79
2026-08-23T21:29:41Z,0.736,18.4,791.5,0.00,0.00,0.00,0.00,1.79
2026-08-23T21:29:42Z,0.708,17.7,791.5,0.00,0.17,0.00,0.00,1.79
2026-08-23T21:29:43Z,0.688,17.2,789.7,0.00,0.00,0.00,0.00,1.97
2026-08-23T21:29:44Z,0.725,18.1,790.4,0.00,0.00,0.00,0.00,1.97
2026-08-23T21:29:45Z,0.726,18.1,784.5,0.00,0.00,0.00,0.00,1.97
2026-08-23T21:29:46Z,0.873,21.8,800.7,0.00,0.00,0.00,0.00,1.97
2026-08-23T21:29:47Z,0.969,24.2,808.2,0.00,0.00,0.00,0.00,1.81
2026-08-23T21:29:48Z,0.698,17.4,808.9,0.00,0.00,0.00,0.00,1.81
2026-08-23T21:29:49Z,0.708,17.7,804.1,0.00,0.00,0.00,0.00,1.81
2026-08-23T21:29:50Z,0.746,18.6,796.6,0.00,0.46,0.00,0.00,1.81
2026-08-23T21:29:51Z,0.659,16.5,791.8,0.00,0.00,0.00,0.00,1.81
2026-08-23T21:29:52Z,0.650,16.2,791.6,0.00,0.00,0.00,0.00,1.66
2026-08-23T21:29:53Z,0.727,18.2,791.5,0.00,0.00,0.00,0.00,1.66
2026-08-23T21:29:54Z,0.746,18.6,789.9,0.00,0.08,0.00,0.00,1.66
2026-08-23T21:29:55Z,0.659,16.5,791.8,0.00,0.00,0.00,0.00,1.66
2026-08-23T21:29:56Z,0.727,18.2,792.8,0.00,0.17,0.00,0.00,1.66
2026-08-23T21:29:58Z,0.746,18.6,790.9,0.00,0.00,0.00,0.00,1.53
2026-08-23T21:29:59Z,0.747,18.7,789.7,0.00,0.00,0.00,0.00,1.53
2026-08-23T21:30:00Z,0.707,17.7,791.2,0.00,0.05,0.00,0.00,1.53
2026-08-23T21:30:01Z,0.766,19.1,789.1,0.00,0.00,0.00,0.00,1.53
2026-08-23T21:30:02Z,0.776,19.4,789.7,0.00,0.00,0.00,0.00,1.53
2026-08-23T21:30:03Z,0.716,17.9,790.8,0.00,0.20,0.00,0.00,1.49
2026-08-23T21:30:04Z,0.709,17.7,792.0,0.00,0.00,0.00,0.00,1.49
2026-08-23T21:30:05Z,0.755,18.9,788.4,0.00,0.00,0.00,0.00,1.49
2026-08-23T21:30:06Z,0.716,17.9,789.0,0.00,0.00,0.00,0.00,1.49
2026-08-23T21:30:07Z,0.717,17.9,791.4,0.00,0.00,0.00,0.00,1.49
2026-08-23T21:30:08Z,0.708,17.7,791.0,0.00,0.00,0.00,0.00,2.25
2026-08-23T21:30:09Z,0.747,18.7,791.9,0.00,0.00,0.00,0.00,2.25
2026-08-23T21:30:10Z,0.717,17.9,790.0,0.00,0.17,0.00,0.00,2.25
2026-08-23T21:30:11Z,0.737,18.4,790.2,0.00,0.00,0.00,0.00,2.25
2026-08-23T21:30:12Z,0.736,18.4,789.5,0.00,0.48,0.00,0.00,2.25
2026-08-23T21:30:13Z,0.775,19.4,788.8,0.00,0.00,0.00,0.00,2.39
2026-08-23T21:30:14Z,0.726,18.1,790.8,0.00,0.11,0.00,0.00,2.39
2026-08-23T21:30:15Z,0.774,19.4,788.9,0.00,0.00,0.00,0.00,2.39
2026-08-23T21:30:16Z,0.666,16.7,789.9,0.00,0.00,0.00,0.00,2.39
2026-08-23T21:30:17Z,0.688,17.2,789.9,0.00,0.03,0.00,0.00,2.39
2026-08-23T21:30:18Z,0.717,17.9,789.0,0.00,0.32,0.00,0.00,2.28
2026-08-23T21:30:19Z,0.745,18.6,790.1,0.00,0.06,0.00,0.00,2.28
2026-08-23T21:30:20Z,0.813,20.3,783.4,0.00,0.04,0.00,0.00,2.28
2026-08-23T21:30:21Z,0.736,18.4,782.6,0.00,0.00,0.00,0.00,2.28
2026-08-23T21:30:22Z,0.784,19.6,783.9,0.00,0.00,0.00,0.00,2.10
2026-08-23T21:30:23Z,0.748,18.7,785.1,0.00,0.00,0.00,0.00,2.10
2026-08-23T21:30:24Z,0.728,18.2,788.8,0.00,0.03,0.00,0.00,2.10
2026-08-23T21:30:25Z,0.736,18.4,791.5,0.00,0.00,0.00,0.00,2.10
2026-08-23T21:30:26Z,0.727,18.2,793.7,0.00,0.00,0.00,0.00,2.10
2026-08-23T21:30:27Z,0.784,19.6,794.0,0.00,0.00,0.00,0.00,1.93
2026-08-23T21:30:28Z,0.784,19.6,783.9,0.00,0.00,0.00,0.00,1.93
2026-08-23T21:30:30Z,0.698,17.4,786.2,0.00,0.00,0.00,0.00,1.93
2026-08-23T21:30:31Z,0.717,17.9,786.7,0.00,0.00,0.00,0.00,1.93
2026-08-23T21:30:32Z,0.786,19.7,786.4,0.00,0.00,0.00,0.00,1.93
2026-08-23T21:30:33Z,0.699,17.5,788.8,0.00,0.00,0.00,0.00,1.77
2026-08-23T21:30:34Z,0.669,16.7,780.7,0.00,0.01,0.00,0.00,1.77
2026-08-23T21:30:35Z,0.735,18.4,781.4,0.00,0.00,0.00,0.00,1.77
2026-08-23T21:30:36Z,0.679,17.0,783.2,0.00,0.00,0.00,0.00,1.77
2026-08-23T21:30:37Z,0.747,18.7,783.4,0.00,0.00,0.00,0.00,1.77
2026-08-23T21:30:38Z,0.775,19.4,785.3,0.00,0.00,0.00,0.00,1.63
2026-08-23T21:30:39Z,0.707,17.7,784.7,0.00,0.00,0.00,0.00,1.63
2026-08-23T21:30:40Z,0.774,19.4,787.2,0.00,0.00,0.00,0.00,1.63
2026-08-23T21:30:41Z,0.706,17.6,788.2,0.00,0.01,0.00,0.00,1.63
2026-08-23T21:30:42Z,0.735,18.4,781.6,0.00,0.00,0.00,0.00,1.63
2026-08-23T21:30:43Z,0.747,18.7,782.7,0.00,0.00,0.00,0.00,1.58
2026-08-23T21:30:44Z,0.766,19.1,786.2,0.00,0.00,0.00,0.00,1.58
2026-08-23T21:30:45Z,0.718,17.9,789.0,0.00,0.00,0.00,0.00,1.58
2026-08-23T21:30:46Z,0.716,17.9,786.8,0.00,0.00,0.00,0.00,1.58
2026-08-23T21:30:47Z,0.736,18.4,786.5,0.00,0.00,0.00,0.00,1.58
2026-08-23T21:30:48Z,0.687,17.2,789.8,0.00,0.00,0.00,0.00,1.45
2026-08-23T21:30:49Z,0.708,17.7,789.3,0.00,0.00,0.00,0.00,1.45
2026-08-23T21:30:50Z,0.718,17.9,790.3,0.00,0.37,0.00,0.00,1.45
2026-08-23T21:30:51Z,0.660,16.5,788.8,0.00,0.00,0.00,0.00,1.45
2026-08-23T21:30:52Z,0.688,17.2,789.4,0.00,0.00,0.00,0.00,1.34
2026-08-23T21:30:53Z,0.734,18.4,791.6,0.00,0.00,0.00,0.00,1.34
2026-08-23T21:30:54Z,0.745,18.6,793.6,0.00,0.00,0.00,0.00,1.34
2026-08-23T21:30:55Z,0.746,18.6,796.3,0.00,0.02,0.00,0.00,1.34
2026-08-23T21:30:56Z,0.746,18.6,789.2,0.00,0.00,0.00,0.00,1.34
2026-08-23T21:30:57Z,0.735,18.4,788.0,0.00,0.15,0.00,0.00,2.03
2026-08-23T21:30:58Z,0.698,17.4,789.7,0.00,0.00,0.00,0.00,2.03
2026-08-23T21:30:59Z,0.745,18.6,783.0,0.00,0.00,0.00,0.00,2.03
2026-08-23T21:31:00Z,0.678,17.0,785.4,0.00,0.00,0.00,0.00,2.03
2026-08-23T21:31:02Z,0.717,17.9,786.5,0.00,0.00,0.00,0.00,2.03
2026-08-23T21:31:03Z,0.697,17.4,787.4,0.00,0.00,0.00,0.00,1.87
2026-08-23T21:31:04Z,0.784,19.6,792.2,0.00,0.00,0.00,0.00,1.87
2026-08-23T21:31:05Z,0.705,17.6,778.8,0.00,0.00,0.00,0.00,1.87
2026-08-23T21:31:06Z,0.725,18.1,781.2,0.00,0.00,0.00,0.00,1.87
2026-08-23T21:31:07Z,0.753,18.8,783.7,0.00,0.00,0.00,0.00,1.87
2026-08-23T21:31:08Z,0.716,17.9,782.0,0.00,0.00,0.00,0.00,1.72
2026-08-23T21:31:09Z,0.707,17.7,783.2,0.00,0.00,0.00,0.00,1.72
2026-08-23T21:31:10Z,0.737,18.4,785.2,0.00,0.25,0.00,0.00,1.72
2026-08-23T21:31:11Z,0.716,17.9,787.9,0.00,0.00,0.00,0.00,1.72
2026-08-23T21:31:12Z,0.744,18.6,788.8,0.00,0.00,0.00,0.00,1.72
2026-08-23T21:31:13Z,0.762,19.1,790.2,0.00,0.00,0.00,0.00,1.90
2026-08-23T21:31:14Z,0.781,19.5,792.8,0.00,0.00,0.00,0.00,1.90
2026-08-23T21:31:15Z,0.824,20.6,794.2,0.00,0.00,0.00,0.00,1.90
2026-08-23T21:31:16Z,0.793,19.8,796.1,0.00,0.00,0.00,0.00,1.90
2026-08-23T21:31:17Z,0.754,18.9,796.8,0.00,0.00,0.00,0.00,1.90
2026-08-23T21:31:18Z,0.726,18.1,791.9,0.00,0.00,0.00,0.00,1.75
2026-08-23T21:31:19Z,0.716,17.9,792.8,0.00,0.20,0.00,0.00,1.75
2026-08-23T21:31:20Z,0.745,18.6,790.9,0.00,0.00,0.00,0.00,1.75
2026-08-23T21:31:21Z,0.708,17.7,792.0,0.00,0.03,0.00,0.00,1.75
2026-08-23T21:31:22Z,0.737,18.4,793.6,0.00,0.00,0.00,0.00,3.29
2026-08-23T21:31:23Z,0.725,18.1,793.5,0.00,0.00,0.00,0.00,3.29
2026-08-23T21:31:24Z,0.648,16.2,793.8,0.00,0.00,0.00,0.00,3.29
2026-08-23T21:31:25Z,0.746,18.6,795.5,0.00,0.16,0.00,0.00,3.29
2026-08-23T21:31:26Z,0.688,17.2,797.7,0.00,0.02,0.00,0.00,3.29
2026-08-23T21:31:27Z,0.832,20.8,793.8,0.00,0.00,0.00,0.00,3.03
2026-08-23T21:31:28Z,0.755,18.9,795.0,0.00,0.00,0.00,0.00,3.03
2026-08-23T21:31:29Z,0.706,17.6,796.5,0.00,0.01,0.00,0.00,3.03
2026-08-23T21:31:30Z,0.717,17.9,795.6,0.00,0.00,0.00,0.00,3.03
2026-08-23T21:31:31Z,0.763,19.1,799.4,0.00,0.00,0.00,0.00,3.03
2026-08-23T21:31:33Z,0.716,17.9,799.5,0.00,0.18,0.00,0.00,3.10
2026-08-23T21:31:34Z,0.659,16.5,801.9,0.00,0.00,0.00,0.00,3.10
2026-08-23T21:31:35Z,0.716,17.9,803.4,0.00,0.00,0.00,0.00,3.10
2026-08-23T21:31:36Z,0.746,18.6,796.5,0.00,0.00,0.00,0.00,3.10
2026-08-23T21:31:37Z,0.783,19.6,796.6,0.00,0.00,0.00,0.00,3.10
2026-08-23T21:31:38Z,0.724,18.1,797.1,0.00,0.00,0.00,0.00,2.94
2026-08-23T21:31:39Z,0.745,18.6,796.0,0.00,0.00,0.00,0.00,2.94
2026-08-23T21:31:40Z,0.767,19.2,796.1,0.00,0.00,0.00,0.00,2.94
2026-08-23T21:31:41Z,0.707,17.7,796.6,0.00,0.17,0.00,0.00,2.94
2026-08-23T21:31:42Z,0.756,18.9,797.6,0.00,0.00,0.00,0.00,2.94
2026-08-23T21:31:43Z,0.783,19.6,791.1,0.00,0.01,0.00,0.00,2.70
2026-08-23T21:31:44Z,0.764,19.1,791.1,0.00,0.00,0.00,0.00,2.70
2026-08-23T21:31:45Z,0.717,17.9,791.2,0.00,0.00,0.00,0.00,2.70
2026-08-23T21:31:46Z,0.718,17.9,791.2,0.00,0.00,0.00,0.00,2.70
2026-08-23T21:31:47Z,0.775,19.4,790.9,0.00,0.00,0.00,0.00,2.70
2026-08-23T21:31:48Z,0.699,17.5,793.5,0.00,0.17,0.00,0.00,2.48
2026-08-23T21:31:49Z,0.745,18.6,794.5,0.00,0.00,0.00,0.00,2.48
2026-08-23T21:31:50Z,0.717,17.9,797.2,0.00,0.00,0.00,0.00,2.48
2026-08-23T21:31:51Z,0.802,20.1,777.8,0.00,0.09,0.00,0.00,2.48
2026-08-23T21:31:52Z,0.756,18.9,780.3,0.00,0.00,0.00,0.00,2.48
2026-08-23T21:31:53Z,0.767,19.2,781.4,0.00,0.00,0.00,0.00,2.29
2026-08-23T21:31:54Z,0.766,19.1,783.4,0.00,0.00,0.00,0.00,2.29
2026-08-23T21:31:55Z,0.774,19.4,784.6,0.00,0.00,0.00,0.00,2.29
2026-08-23T21:31:56Z,0.707,17.7,785.4,0.00,0.25,0.00,0.00,2.29
2026-08-23T21:31:57Z,0.830,20.8,785.1,0.00,0.06,0.00,0.00,2.10
2026-08-23T21:31:58Z,0.734,18.4,774.2,0.00,0.00,0.00,0.00,2.10
2026-08-23T21:31:59Z,0.700,17.5,775.4,0.00,0.00,0.00,0.00,2.10
2026-08-23T21:32:00Z,0.713,17.8,776.9,0.00,0.00,0.00,0.00,2.10
2026-08-23T21:32:01Z,0.732,18.3,776.4,0.00,0.00,0.00,0.00,2.10
2026-08-23T21:32:02Z,0.715,17.9,776.8,0.00,0.20,0.00,0.00,1.93
2026-08-23T21:32:04Z,0.704,17.6,778.2,0.00,0.00,0.00,0.00,1.93
2026-08-23T21:32:05Z,0.771,19.3,779.3,0.00,0.00,0.00,0.00,1.93
2026-08-23T21:32:06Z,0.694,17.3,777.4,0.00,0.00,0.00,0.00,1.93
2026-08-23T21:32:07Z,0.724,18.1,778.1,0.00,0.00,0.00,0.00,1.93
2026-08-23T21:32:08Z,0.814,20.3,779.6,0.00,0.00,0.00,0.00,2.02
2026-08-23T21:32:09Z,0.718,17.9,779.5,0.00,0.00,0.00,0.00,2.02
2026-08-23T21:32:10Z,0.746,18.6,782.2,0.00,0.18,0.00,0.00,2.02
2026-08-23T21:32:11Z,0.804,20.1,777.8,0.00,0.00,0.00,0.00,2.02
2026-08-23T21:32:12Z,0.751,18.8,778.0,0.00,0.00,0.00,0.00,2.02
2026-08-23T21:32:13Z,0.779,19.5,778.6,0.00,0.00,0.00,0.00,1.86
2026-08-23T21:32:14Z,0.744,18.6,780.0,0.00,0.00,0.00,0.00,1.86
2026-08-23T21:32:15Z,0.704,17.6,772.8,0.00,0.00,0.00,0.00,1.86
2026-08-23T21:32:16Z,0.789,19.7,774.0,0.00,0.01,0.00,0.00,1.86
2026-08-23T21:32:17Z,0.751,18.8,775.7,0.00,0.00,0.00,0.00,1.86
2026-08-23T21:32:18Z,0.722,18.1,776.6,0.00,0.00,0.00,0.00,2.43
2026-08-23T21:32:19Z,0.742,18.6,778.3,0.00,0.00,0.00,0.00,2.43
2026-08-23T21:32:20Z,0.805,20.1,780.8,0.00,0.00,0.00,0.00,2.43
2026-08-23T21:32:21Z,0.712,17.8,780.9,0.00,0.21,0.00,0.00,2.43
2026-08-23T21:32:22Z,0.791,19.8,777.0,0.00,0.04,0.00,0.00,2.39
2026-08-23T21:32:23Z,0.743,18.6,780.4,0.00,0.00,0.00,0.00,2.39
2026-08-23T21:32:24Z,0.705,17.6,779.6,0.00,0.00,0.00,0.00,2.39
2026-08-23T21:32:25Z,0.736,18.4,780.1,0.00,0.00,0.00,0.00,2.39
2026-08-23T21:32:26Z,0.674,16.9,781.3,0.00,0.00,0.00,0.00,2.39
2026-08-23T21:32:27Z,0.722,18.1,782.7,0.00,0.18,0.00,0.00,2.20
2026-08-23T21:32:28Z,0.772,19.3,784.4,0.00,0.00,0.00,0.00,2.20
2026-08-23T21:32:29Z,0.744,18.6,785.4,0.00,0.00,0.00,0.00,2.20
2026-08-23T21:32:30Z,0.704,17.6,779.7,0.00,0.00,0.00,0.00,2.20
2026-08-23T21:32:32Z,0.789,19.7,781.4,0.00,0.00,0.00,0.00,2.20
2026-08-23T21:32:33Z,0.675,16.9,779.9,0.00,0.00,0.00,0.00,2.19
2026-08-23T21:32:34Z,0.702,17.5,781.6,0.00,0.00,0.00,0.00,2.19
2026-08-23T21:32:35Z,0.774,19.4,782.8,0.00,0.01,0.00,0.00,2.19
2026-08-23T21:32:36Z,0.664,16.6,783.2,0.00,0.00,0.00,0.00,2.19
2026-08-23T21:32:37Z,0.724,18.1,783.8,0.00,0.00,0.00,0.00,2.19
2026-08-23T21:32:38Z,0.676,16.9,785.0,0.00,0.00,0.00,0.00,2.01
2026-08-23T21:32:39Z,0.706,17.6,784.7,0.00,0.00,0.00,0.00,2.01
2026-08-23T21:32:40Z,0.645,16.1,785.7,0.00,0.00,0.00,0.00,2.01
2026-08-23T21:32:41Z,0.766,19.1,786.3,0.00,0.20,0.00,0.00,2.01
2026-08-23T21:32:42Z,0.723,18.1,786.4,0.00,0.00,0.00,0.00,2.01
2026-08-23T21:32:43Z,0.723,18.1,788.3,0.00,0.00,0.00,0.00,2.17
2026-08-23T21:32:44Z,0.762,19.1,789.5,0.00,0.00,0.00,0.00,2.17
2026-08-23T21:32:45Z,0.734,18.4,786.6,0.00,0.00,0.00,0.00,2.17
2026-08-23T21:32:46Z,0.685,17.1,787.6,0.00,0.00,0.00,0.00,2.17
2026-08-23T21:32:47Z,0.732,18.3,788.3,0.00,0.00,0.00,0.00,2.17
2026-08-23T21:32:48Z,0.743,18.6,788.1,0.00,0.00,0.00,0.00,2.48
2026-08-23T21:32:49Z,0.694,17.3,788.8,0.00,0.15,0.00,0.00,2.48
2026-08-23T21:32:50Z,0.763,19.1,785.5,0.00,0.00,0.00,0.00,2.48
2026-08-23T21:32:51Z,0.710,17.8,786.7,0.00,0.00,0.00,0.00,2.48
2026-08-23T21:32:52Z,0.702,17.5,784.4,0.00,0.05,0.00,0.00,2.28
2026-08-23T21:32:53Z,0.731,18.3,787.1,0.00,0.00,0.00,0.00,2.28
2026-08-23T21:32:54Z,0.734,18.4,788.9,0.00,0.00,0.00,0.00,2.28
2026-08-23T21:32:55Z,0.743,18.6,787.5,0.00,0.00,0.00,0.00,2.28
2026-08-23T21:32:56Z,0.741,18.5,787.3,0.00,0.03,0.00,0.00,2.28
2026-08-23T21:32:57Z,0.703,17.6,787.7,0.00,0.00,0.00,0.00,2.10
2026-08-23T21:32:59Z,0.729,18.2,787.8,0.00,0.00,0.00,0.00,2.10
2026-08-23T21:33:00Z,0.751,18.8,786.7,0.00,0.00,0.00,0.00,2.10
2026-08-23T21:33:01Z,0.705,17.6,787.1,0.00,0.20,0.00,0.00,2.10
2026-08-23T21:33:02Z,0.724,18.1,787.3,0.00,0.00,0.00,0.00,2.10
2026-08-23T21:33:03Z,0.752,18.8,786.6,0.00,0.00,0.00,0.00,1.93
2026-08-23T21:33:04Z,0.684,17.1,785.2,0.00,0.00,0.00,0.00,1.93
2026-08-23T21:33:05Z,0.772,19.3,786.2,0.00,0.00,0.00,0.00,1.93
2026-08-23T21:33:06Z,0.678,17.0,785.2,0.00,0.00,0.00,0.00,1.93
2026-08-23T21:33:07Z,0.753,18.8,784.0,0.00,0.00,0.00,0.00,1.93
2026-08-23T21:33:08Z,0.675,16.9,785.1,0.00,0.00,0.00,0.00,2.09
2026-08-23T21:33:09Z,0.693,17.3,787.6,0.00,0.00,0.00,0.00,2.09
2026-08-23T21:33:10Z,0.657,16.4,790.2,0.00,0.00,0.00,0.00,2.09
2026-08-23T21:33:11Z,0.659,16.5,791.9,0.00,0.00,0.00,0.00,2.09
2026-08-23T21:33:12Z,0.688,17.2,790.2,0.00,0.17,0.00,0.00,2.09
2026-08-23T21:33:13Z,0.742,18.6,788.7,0.00,0.00,0.00,0.00,1.93
2026-08-23T21:33:14Z,0.732,18.3,777.4,0.00,0.00,0.00,0.00,1.93
2026-08-23T21:33:15Z,0.750,18.8,776.0,0.00,0.00,0.00,0.00,1.93
2026-08-23T21:33:16Z,0.714,17.8,776.9,0.00,0.01,0.00,0.00,1.93
2026-08-23T21:33:17Z,0.713,17.8,777.8,0.00,0.00,0.00,0.00,1.93
2026-08-23T21:33:18Z,0.714,17.8,777.5,0.00,0.00,0.00,0.00,1.77
2026-08-23T21:33:19Z,0.656,16.4,777.7,0.00,0.01,0.00,0.00,1.77
2026-08-23T21:33:20Z,0.714,17.8,775.6,0.00,0.00,0.00,0.00,1.77
2026-08-23T21:33:21Z,0.672,16.8,778.7,0.00,0.00,0.00,0.00,1.77
2026-08-23T21:33:22Z,0.685,17.1,779.9,0.00,0.05,0.00,0.00,1.87
2026-08-23T21:33:23Z,0.677,16.9,781.7,0.00,0.00,0.00,0.00,1.87
2026-08-23T21:33:24Z,0.704,17.6,780.6,0.00,0.24,0.00,0.00,1.87
2026-08-23T21:33:25Z,0.741,18.5,780.8,0.00,0.00,0.00,0.00,1.87
2026-08-23T21:33:26Z,0.658,16.4,781.0,0.00,0.00,0.00,0.00,1.87
2026-08-23T21:33:28Z,0.771,19.3,783.0,0.00,0.03,0.00,0.00,1.72
2026-08-23T21:33:29Z,0.715,17.9,782.6,0.00,0.00,0.00,0.00,1.72
2026-08-23T21:33:30Z,0.666,16.7,784.7,0.00,0.00,0.00,0.00,1.72
2026-08-23T21:33:31Z,0.693,17.3,786.4,0.00,0.00,0.00,0.00,1.72
2026-08-23T21:33:32Z,0.733,18.3,783.8,0.00,0.00,0.00,0.00,1.72
2026-08-23T21:33:33Z,0.693,17.3,786.4,0.00,0.00,0.00,0.00,1.58
2026-08-23T21:33:34Z,0.667,16.7,777.3,0.00,0.20,0.00,0.00,1.58
2026-08-23T21:33:35Z,0.744,18.6,778.9,0.00,0.00,0.00,0.00,1.58
2026-08-23T21:33:36Z,0.711,17.8,773.5,0.00,0.00,0.00,0.00,1.58
2026-08-23T21:33:37Z,0.713,17.8,773.6,0.00,0.00,0.00,0.00,1.58
2026-08-23T21:33:38Z,0.714,17.8,776.7,0.00,0.00,0.00,0.00,1.46
2026-08-23T21:33:39Z,0.608,15.2,777.9,0.00,0.00,0.00,0.00,1.46
2026-08-23T21:33:40Z,0.697,17.4,777.9,0.00,0.23,0.00,0.00,1.46
2026-08-23T21:33:41Z,0.673,16.8,780.8,0.00,0.00,0.00,0.00,1.46
2026-08-23T21:33:42Z,0.732,18.3,780.5,0.00,0.00,0.00,0.00,1.46
2026-08-23T21:33:43Z,0.732,18.3,782.6,0.00,0.01,0.00,0.00,1.34
2026-08-23T21:33:44Z,0.750,18.8,783.1,0.00,0.00,0.00,0.00,1.34
2026-08-23T21:33:45Z,0.666,16.7,783.1,0.00,0.16,0.00,0.00,1.34
2026-08-23T21:33:46Z,0.665,16.6,784.8,0.00,0.00,0.00,0.00,1.34
2026-08-23T21:33:47Z,0.656,16.4,779.1,0.00,0.00,0.00,0.00,1.23
2026-08-23T21:33:48Z,0.692,17.3,779.7,0.00,0.00,0.00,0.00,1.23
2026-08-23T21:33:49Z,0.634,15.8,780.9,0.00,0.00,0.00,0.00,1.23
2026-08-23T21:33:50Z,0.677,16.9,782.5,0.00,0.00,0.00,0.00,1.23
2026-08-23T21:33:51Z,0.609,15.2,783.5,0.00,0.00,0.00,0.00,1.23
2026-08-23T21:33:52Z,0.676,16.9,784.8,0.00,0.23,0.00,0.00,1.21
2026-08-23T21:33:53Z,0.722,18.1,785.5,0.00,0.00,0.00,0.00,1.21
2026-08-23T21:33:55Z,0.730,18.2,783.7,0.00,0.00,0.00,0.00,1.21
2026-08-23T21:33:56Z,0.724,18.1,782.3,0.00,0.00,0.00,0.00,1.21
2026-08-23T21:33:57Z,0.782,19.6,784.3,0.00,0.00,0.00,0.00,1.21
2026-08-23T21:33:58Z,0.695,17.4,783.7,0.00,0.03,0.00,0.00,1.20
2026-08-23T21:33:59Z,0.716,17.9,785.5,0.00,0.00,0.00,0.00,1.20
2026-08-23T21:34:00Z,0.752,18.8,786.6,0.00,0.00,0.00,0.00,1.20
2026-08-23T21:34:01Z,0.724,18.1,787.8,0.00,0.00,0.00,0.00,1.20
2026-08-23T21:34:02Z,0.686,17.2,778.2,0.00,0.17,0.00,0.00,1.20
2026-08-23T21:34:03Z,0.705,17.6,779.9,0.00,0.00,0.00,0.00,1.10
2026-08-23T21:34:04Z,0.715,17.9,779.8,0.00,0.00,0.00,0.00,1.10
2026-08-23T21:34:05Z,0.713,17.8,779.9,0.00,0.00,0.00,0.00,1.10
2026-08-23T21:34:06Z,0.750,18.8,779.5,0.00,0.00,0.00,0.00,1.10
2026-08-23T21:34:07Z,0.731,18.3,781.3,0.00,0.00,0.00,0.00,1.10
2026-08-23T21:34:08Z,0.675,16.9,772.8,0.00,0.00,0.00,0.00,1.01
2026-08-23T21:34:09Z,0.702,17.5,773.5,0.00,0.00,0.00,0.00,1.01
2026-08-23T21:34:10Z,0.722,18.1,776.1,0.00,0.00,0.00,0.00,1.01
2026-08-23T21:34:11Z,0.701,17.5,774.9,0.00,0.00,0.00,0.00,1.01
2026-08-23T21:34:12Z,0.647,16.2,776.2,0.00,0.24,0.00,0.00,1.01
2026-08-23T21:34:13Z,0.715,17.9,777.7,0.00,0.00,0.00,0.00,0.93
2026-08-23T21:34:14Z,0.676,16.9,779.9,0.00,0.00,0.00,0.00,0.93
2026-08-23T21:34:15Z,0.722,18.1,773.9,0.00,0.00,0.00,0.00,0.93
2026-08-23T21:34:16Z,0.752,18.8,775.3,0.00,0.00,0.00,0.00,0.93
2026-08-23T21:34:17Z,0.694,17.3,776.6,0.00,0.00,0.00,0.00,1.02
2026-08-23T21:34:18Z,0.658,16.4,777.8,0.00,0.01,0.00,0.00,1.02
2026-08-23T21:34:19Z,0.724,18.1,775.8,0.00,0.00,0.00,0.00,1.02
2026-08-23T21:34:20Z,0.676,16.9,777.6,0.00,0.17,0.00,0.00,1.02
2026-08-23T21:34:21Z,0.686,17.2,779.3,0.00,0.00,0.00,0.00,1.02
2026-08-23T21:34:22Z,0.703,17.6,780.3,0.00,0.05,0.00,0.00,0.93
2026-08-23T21:34:24Z,0.667,16.7,778.6,0.00,0.00,0.00,0.00,0.93
2026-08-23T21:34:25Z,0.696,17.4,780.8,0.00,0.00,0.00,0.00,0.93
2026-08-23T21:34:26Z,0.649,16.2,780.5,0.00,0.00,0.00,0.00,0.93
2026-08-23T21:34:27Z,0.725,18.1,782.5,0.00,0.00,0.00,0.00,0.93
2026-08-23T21:34:28Z,0.704,17.6,785.2,0.00,0.02,0.00,0.00,0.86
2026-08-23T21:34:29Z,0.685,17.1,786.1,0.00,0.16,0.00,0.00,0.86
2026-08-23T21:34:30Z,0.704,17.6,787.1,0.00,0.00,0.00,0.00,0.86
2026-08-23T21:34:31Z,0.668,16.7,776.5,0.00,0.00,0.00,0.00,0.86
2026-08-23T21:34:32Z,0.677,16.9,779.4,0.00,0.00,0.00,0.00,0.86
2026-08-23T21:34:33Z,0.723,18.1,780.9,0.00,0.00,0.00,0.00,0.79
2026-08-23T21:34:34Z,0.676,16.9,782.1,0.00,0.00,0.00,0.00,0.79
2026-08-23T21:34:35Z,0.714,17.8,782.1,0.00,0.00,0.00,0.00,0.79
2026-08-23T21:34:36Z,0.715,17.9,781.6,0.00,0.17,0.00,0.00,0.79
2026-08-23T21:34:37Z,0.733,18.3,782.8,0.00,0.00,0.00,0.00,0.79
2026-08-23T21:34:38Z,0.724,18.1,782.2,0.00,0.00,0.00,0.00,0.73
2026-08-23T21:34:39Z,0.694,17.3,784.9,0.00,0.00,0.00,0.00,0.73
2026-08-23T21:34:40Z,0.703,17.6,785.5,0.00,0.00,0.00,0.00,0.73
2026-08-23T21:34:41Z,0.667,16.7,785.2,0.00,0.00,0.00,0.00,0.73
2026-08-23T21:34:42Z,0.707,17.7,785.6,0.00,0.00,0.00,0.00,0.73
2026-08-23T21:34:43Z,0.696,17.4,787.2,0.00,0.00,0.00,0.00,0.67
2026-08-23T21:34:44Z,0.714,17.8,778.1,0.00,0.00,0.00,0.00,0.67
2026-08-23T21:34:45Z,0.695,17.4,777.5,0.00,0.00,0.00,0.00,0.67
2026-08-23T21:34:46Z,0.687,17.2,778.9,0.00,0.00,0.00,0.00,0.67
2026-08-23T21:34:47Z,0.657,16.4,779.8,0.00,0.00,0.00,0.00,0.94
2026-08-23T21:34:48Z,0.707,17.7,779.6,0.00,0.20,0.00,0.00,0.94
2026-08-23T21:34:49Z,0.687,17.2,781.6,0.00,0.00,0.00,0.00,0.94
2026-08-23T21:34:50Z,0.695,17.4,781.4,0.00,0.01,0.00,0.00,0.94
2026-08-23T21:34:51Z,0.677,16.9,785.3,0.00,0.00,0.00,0.00,0.94
2026-08-23T21:34:53Z,0.677,16.9,779.4,0.00,0.04,0.00,0.00,0.94
2026-08-23T21:34:54Z,0.678,17.0,777.3,0.00,0.00,0.00,0.00,0.94
2026-08-23T21:34:55Z,0.687,17.2,775.7,0.00,0.00,0.00,0.00,0.94
2026-08-23T21:34:56Z,0.706,17.6,778.4,0.00,0.00,0.00,0.00,0.94
2026-08-23T21:34:57Z,0.705,17.6,780.1,0.00,0.02,0.00,0.00,0.94
2026-08-23T21:34:58Z,0.732,18.3,780.9,0.00,0.17,0.00,0.00,0.95
2026-08-23T21:34:59Z,0.754,18.9,773.8,0.00,0.00,0.00,0.00,0.95
2026-08-23T21:35:00Z,0.697,17.4,774.5,0.00,0.00,0.00,0.00,0.95
2026-08-23T21:35:01Z,0.766,19.1,776.7,0.00,0.00,0.00,0.00,0.95
2026-08-23T21:35:02Z,0.677,16.9,778.4,0.00,0.00,0.00,0.00,0.95
2026-08-23T21:35:03Z,0.754,18.9,777.9,0.00,0.00,0.00,0.00,0.87
2026-08-23T21:35:04Z,0.734,18.4,779.8,0.00,0.34,0.00,0.00,0.87
2026-08-23T21:35:05Z,0.716,17.9,781.6,0.00,0.00,0.00,0.00,0.87
2026-08-23T21:35:06Z,0.725,18.1,783.1,0.00,0.00,0.00,0.00,0.87
2026-08-23T21:35:07Z,0.722,18.1,784.1,0.00,0.00,0.00,0.00,0.87
2026-08-23T21:35:08Z,0.698,17.4,786.2,0.00,0.00,0.00,0.00,0.80
2026-08-23T21:35:09Z,0.657,16.4,788.9,0.00,0.00,0.00,0.00,0.80
2026-08-23T21:35:10Z,0.639,16.0,778.9,0.00,0.00,0.00,0.00,0.80
2026-08-23T21:35:11Z,0.716,17.9,782.9,0.00,0.00,0.00,0.00,0.80
2026-08-23T21:35:12Z,0.734,18.4,777.8,0.00,0.50,0.00,0.00,0.80
2026-08-23T21:35:13Z,0.708,17.7,779.1,0.00,0.00,0.00,0.00,0.74
2026-08-23T21:35:14Z,0.785,19.6,780.8,0.00,0.00,0.00,0.00,0.74
2026-08-23T21:35:15Z,0.764,19.1,780.0,0.00,0.22,0.00,0.00,0.74
2026-08-23T21:35:16Z,0.715,17.9,780.5,0.00,0.11,0.00,0.00,0.74
2026-08-23T21:35:17Z,0.774,19.4,784.8,0.00,0.04,0.00,0.00,1.24
2026-08-23T21:35:18Z,0.694,17.3,786.6,0.00,0.00,0.00,0.00,1.24
2026-08-23T21:35:19Z,0.716,17.9,787.0,0.00,0.00,0.00,0.00,1.24
2026-08-23T21:35:20Z,0.678,17.0,785.1,0.00,0.24,0.00,0.00,1.24
2026-08-23T21:35:21Z,0.715,17.9,786.4,0.00,0.00,0.00,0.00,1.24
2026-08-23T21:35:23Z,0.686,17.2,787.0,0.00,0.00,0.00,0.00,1.30
2026-08-23T21:35:24Z,0.727,18.2,786.2,0.00,0.00,0.00,0.00,1.30
2026-08-23T21:35:25Z,0.726,18.1,786.8,0.00,0.04,0.00,0.00,1.30
2026-08-23T21:35:26Z,0.695,17.4,779.3,0.00,0.02,0.00,0.00,1.30
2026-08-23T21:35:27Z,0.755,18.9,780.7,0.00,0.00,0.00,0.00,1.30
2026-08-23T21:35:28Z,0.669,16.7,782.0,0.00,0.00,0.00,0.00,1.43
2026-08-23T21:35:29Z,0.688,17.2,784.5,0.00,0.23,0.00,0.00,1.43
2026-08-23T21:35:30Z,0.751,18.8,778.0,0.00,0.00,0.00,0.00,1.43
2026-08-23T21:35:31Z,0.744,18.6,774.7,0.00,0.00,0.00,0.00,1.43
2026-08-23T21:35:32Z,0.795,19.9,775.1,0.00,0.00,0.00,0.00,1.43
2026-08-23T21:35:33Z,0.775,19.4,775.9,0.00,0.00,0.00,0.00,1.32
2026-08-23T21:35:34Z,0.803,20.1,777.1,0.00,0.00,0.00,0.00,1.32
2026-08-23T21:35:35Z,0.763,19.1,777.3,0.00,0.21,0.00,0.00,1.32
2026-08-23T21:35:36Z,0.774,19.4,780.5,0.00,0.00,0.00,0.00,1.32
2026-08-23T21:35:37Z,0.852,21.3,781.9,0.00,0.00,0.00,0.00,1.32
2026-08-23T21:35:38Z,0.864,21.6,780.2,0.00,0.00,0.00,0.00,1.85
2026-08-23T21:35:39Z,0.859,21.5,775.3,0.00,0.00,0.00,0.00,1.85
2026-08-23T21:35:40Z,0.890,22.2,776.5,0.00,0.00,0.00,0.00,1.85
2026-08-23T21:35:41Z,0.821,20.5,778.8,0.00,0.00,0.00,0.00,1.85
2026-08-23T21:35:42Z,0.832,20.8,780.6,0.00,0.00,0.00,0.00,1.85
2026-08-23T21:35:43Z,0.802,20.1,781.1,0.00,0.20,0.00,0.00,1.71
2026-08-23T21:35:44Z,0.813,20.3,781.2,0.00,0.00,0.00,0.00,1.71
2026-08-23T21:35:45Z,0.781,19.5,779.5,0.00,0.00,0.00,0.00,1.71
2026-08-23T21:35:46Z,0.753,18.8,774.7,0.00,0.00,0.00,0.00,1.71
2026-08-23T21:35:47Z,0.763,19.1,775.5,0.00,0.00,0.00,0.00,1.57
2026-08-23T21:35:48Z,0.706,17.6,776.7,0.00,0.00,0.00,0.00,1.57
2026-08-23T21:35:49Z,0.717,17.9,779.5,0.00,0.21,0.00,0.00,1.57
2026-08-23T21:35:50Z,0.707,17.7,778.6,0.00,0.00,0.00,0.00,1.57
2026-08-23T21:35:51Z,0.735,18.4,780.1,0.00,0.01,0.00,0.00,1.57
2026-08-23T21:35:52Z,0.697,17.4,780.4,0.00,0.00,0.00,0.00,1.44
2026-08-23T21:35:54Z,0.744,18.6,776.8,0.00,0.00,0.00,0.00,1.44
2026-08-23T21:35:55Z,0.823,20.6,776.4,0.00,0.00,0.00,0.00,1.44
2026-08-23T21:35:56Z,0.755,18.9,777.5,0.00,0.03,0.00,0.00,1.44
2026-08-23T21:35:57Z,0.733,18.3,778.7,0.00,0.01,0.00,0.00,1.44
2026-08-23T21:35:58Z,0.725,18.1,779.3,0.00,0.00,0.00,0.00,2.05
2026-08-23T21:35:59Z,0.657,16.4,780.3,0.00,0.17,0.00,0.00,2.05
2026-08-23T21:36:00Z,0.755,18.9,778.1,0.00,0.01,0.00,0.00,2.05
2026-08-23T21:36:01Z,0.667,16.7,778.1,0.00,0.00,0.00,0.00,2.05
2026-08-23T21:36:02Z,0.686,17.2,780.1,0.00,0.00,0.00,0.00,2.05
2026-08-23T21:36:03Z,0.773,19.3,780.7,0.00,0.00,0.00,0.00,1.88
2026-08-23T21:36:04Z,0.697,17.4,780.1,0.00,0.00,0.00,0.00,1.88
2026-08-23T21:36:05Z,0.667,16.7,781.0,0.00,0.00,0.00,0.00,1.88
2026-08-23T21:36:06Z,0.629,15.7,782.5,0.00,0.00,0.00,0.00,1.88
2026-08-23T21:36:07Z,0.708,17.7,774.6,0.00,0.00,0.00,0.00,1.88
2026-08-23T21:36:08Z,0.716,17.9,777.3,0.00,0.00,0.00,0.00,1.73
2026-08-23T21:36:09Z,0.697,17.4,779.0,0.00,0.00,0.00,0.00,1.73
2026-08-23T21:36:10Z,0.677,16.9,780.2,0.00,0.20,0.00,0.00,1.73
2026-08-23T21:36:11Z,0.700,17.5,779.3,0.00,0.00,0.00,0.00,1.73
2026-08-23T21:36:12Z,0.697,17.4,780.7,0.00,0.00,0.00,0.00,1.73
2026-08-23T21:36:13Z,0.678,17.0,782.0,0.00,0.00,0.00,0.00,1.67
2026-08-23T21:36:14Z,0.738,18.4,783.5,0.00,0.00,0.00,0.00,1.67
2026-08-23T21:36:15Z,0.668,16.7,781.9,0.00,0.00,0.00,0.00,1.67
2026-08-23T21:36:16Z,0.735,18.4,785.0,0.00,0.00,0.00,0.00,1.67
2026-08-23T21:36:17Z,0.687,17.2,785.3,0.00,0.00,0.00,0.00,2.02
2026-08-23T21:36:18Z,0.705,17.6,785.7,0.00,0.00,0.00,0.00,2.02
2026-08-23T21:36:19Z,0.727,18.2,786.0,0.00,0.00,0.00,0.00,2.02
2026-08-23T21:36:20Z,0.650,16.2,786.6,0.00,0.17,0.00,0.00,2.02
2026-08-23T21:36:21Z,0.708,17.7,787.3,0.00,0.00,0.00,0.00,2.02
2026-08-23T21:36:22Z,0.688,17.2,786.2,0.00,0.01,0.00,0.00,1.86
2026-08-23T21:36:23Z,0.736,18.4,788.9,0.00,0.00,0.00,0.00,1.86
2026-08-23T21:36:25Z,0.726,18.1,790.2,0.00,0.00,0.00,0.00,1.86
2026-08-23T21:36:26Z,0.717,17.9,788.2,0.00,0.05,0.00,0.00,1.86
2026-08-23T21:36:27Z,0.717,17.9,776.4,0.00,0.00,0.00,0.00,1.86
2026-08-23T21:36:28Z,0.707,17.7,779.9,0.00,0.00,0.00,0.00,1.71
2026-08-23T21:36:29Z,0.726,18.1,781.7,0.00,0.00,0.00,0.00,1.71
2026-08-23T21:36:30Z,0.707,17.7,782.6,0.00,0.00,0.00,0.00,1.71
2026-08-23T21:36:31Z,0.708,17.7,782.4,0.00,0.02,0.00,0.00,1.71
2026-08-23T21:36:32Z,0.716,17.9,782.1,0.00,0.15,0.00,0.00,1.71
2026-08-23T21:36:33Z,0.699,17.5,775.4,0.00,0.00,0.00,0.00,1.57
2026-08-23T21:36:34Z,0.678,17.0,777.8,0.00,0.00,0.00,0.00,1.57
2026-08-23T21:36:35Z,0.697,17.4,780.4,0.00,0.00,0.00,0.00,1.57
2026-08-23T21:36:36Z,0.688,17.2,782.3,0.00,0.00,0.00,0.00,1.57
2026-08-23T21:36:37Z,0.716,17.9,783.6,0.00,0.00,0.00,0.00,1.57
2026-08-23T21:36:38Z,0.687,17.2,784.8,0.00,0.00,0.00,0.00,1.45
2026-08-23T21:36:39Z,0.678,17.0,785.5,0.00,0.18,0.00,0.00,1.45
2026-08-23T21:36:40Z,0.756,18.9,786.3,0.00,0.00,0.00,0.00,1.45
2026-08-23T21:36:41Z,0.698,17.4,784.8,0.00,0.00,0.00,0.00,1.45
2026-08-23T21:36:42Z,0.757,18.9,780.9,0.00,0.00,0.00,0.00,1.45
2026-08-23T21:36:43Z,0.725,18.1,781.3,0.00,0.00,0.00,0.00,1.33
2026-08-23T21:36:44Z,0.717,17.9,781.4,0.00,0.00,0.00,0.00,1.33
2026-08-23T21:36:45Z,0.767,19.2,777.2,0.00,0.00,0.00,0.00,1.33
2026-08-23T21:36:46Z,0.738,18.4,779.0,0.00,0.00,0.00,0.00,1.33
2026-08-23T21:36:47Z,0.775,19.4,778.8,0.00,0.22,0.00,0.00,1.33
2026-08-23T21:36:48Z,0.678,17.0,779.3,0.00,0.00,0.00,0.00,1.22
2026-08-23T21:36:49Z,0.726,18.1,778.9,0.00,0.00,0.00,0.00,1.22
2026-08-23T21:36:50Z,0.659,16.5,781.4,0.00,0.01,0.00,0.00,1.22
2026-08-23T21:36:51Z,0.734,18.4,784.1,0.00,0.00,0.00,0.00,1.22
2026-08-23T21:36:52Z,0.706,17.6,784.8,0.00,0.17,0.00,0.00,1.12
2026-08-23T21:36:53Z,0.727,18.2,786.0,0.00,0.00,0.00,0.00,1.12
2026-08-23T21:36:54Z,0.737,18.4,776.6,0.00,0.00,0.00,0.00,1.12
2026-08-23T21:36:55Z,0.735,18.4,779.0,0.00,0.00,0.00,0.00,1.12
2026-08-23T21:36:57Z,0.819,20.5,780.3,0.00,0.05,0.00,0.00,1.12
2026-08-23T21:36:58Z,0.705,17.6,783.0,0.00,0.00,0.00,0.00,1.20
2026-08-23T21:36:59Z,0.738,18.4,784.3,0.00,0.00,0.00,0.00,1.20
2026-08-23T21:37:00Z,0.812,20.3,786.8,0.00,0.15,0.00,0.00,1.20
2026-08-23T21:37:01Z,0.734,18.4,788.8,0.00,0.00,0.00,0.00,1.20
2026-08-23T21:37:02Z,0.707,17.7,787.1,0.00,0.03,0.00,0.00,1.20
2026-08-23T21:37:03Z,0.765,19.1,787.4,0.00,0.00,0.00,0.00,1.10
2026-08-23T21:37:04Z,0.786,19.7,779.3,0.00,0.00,0.00,0.00,1.10
2026-08-23T21:37:05Z,0.775,19.4,779.6,0.00,0.00,0.00,0.00,1.10
2026-08-23T21:37:06Z,0.706,17.6,782.0,0.00,0.00,0.00,0.00,1.10
2026-08-23T21:37:07Z,0.794,19.9,781.7,0.00,0.22,0.00,0.00,1.10
2026-08-23T21:37:08Z,0.774,19.4,785.5,0.00,0.00,0.00,0.00,2.13
2026-08-23T21:37:09Z,0.706,17.6,787.7,0.00,0.00,0.00,0.00,2.13
2026-08-23T21:37:10Z,0.688,17.2,781.7,0.00,0.00,0.00,0.00,2.13
2026-08-23T21:37:11Z,0.697,17.4,783.2,0.00,0.00,0.00,0.00,2.13
2026-08-23T21:37:12Z,0.784,19.6,783.9,0.00,0.00,0.00,0.00,2.13
2026-08-23T21:37:13Z,0.746,18.6,782.5,0.00,0.00,0.00,0.00,1.96
2026-08-23T21:37:14Z,0.705,17.6,785.7,0.00,0.00,0.00,0.00,1.96
2026-08-23T21:37:15Z,0.765,19.1,785.7,0.00,0.17,0.00,0.00,1.96
2026-08-23T21:37:16Z,0.735,18.4,787.6,0.00,0.00,0.00,0.00,1.96
2026-08-23T21:37:17Z,0.756,18.9,787.2,0.00,0.00,0.00,0.00,1.96
2026-08-23T21:37:18Z,0.727,18.2,787.4,0.00,0.00,0.00,0.00,1.80
2026-08-23T21:37:19Z,0.755,18.9,788.3,0.00,0.00,0.00,0.00,1.80
2026-08-23T21:37:20Z,0.698,17.4,789.9,0.00,0.00,0.00,0.00,1.80
2026-08-23T21:37:21Z,0.695,17.4,790.5,0.00,0.00,0.00,0.00,1.80
2026-08-23T21:37:22Z,0.815,20.4,791.0,0.00,0.17,0.00,0.00,1.74
2026-08-23T21:37:23Z,0.697,17.4,782.3,0.00,0.00,0.00,0.00,1.74
2026-08-23T21:37:24Z,0.714,17.8,784.2,0.00,0.00,0.00,0.00,1.74
2026-08-23T21:37:25Z,0.716,17.9,785.5,0.00,0.01,0.00,0.00,1.74
2026-08-23T21:37:26Z,0.658,16.4,787.3,0.00,0.00,0.00,0.00,1.74
2026-08-23T21:37:28Z,0.745,18.6,789.8,0.00,0.05,0.00,0.00,1.76
2026-08-23T21:37:29Z,0.696,17.4,789.7,0.00,0.16,0.00,0.00,1.76
2026-08-23T21:37:30Z,0.763,19.1,788.9,0.00,0.00,0.00,0.00,1.76
2026-08-23T21:37:31Z,0.746,18.6,787.8,0.00,0.00,0.00,0.00,1.76
2026-08-23T21:37:32Z,0.793,19.8,789.1,0.00,0.00,0.00,0.00,1.76
2026-08-23T21:37:33Z,0.724,18.1,787.5,0.00,0.02,0.00,0.00,1.62
2026-08-23T21:37:34Z,0.716,17.9,788.5,0.00,0.00,0.00,0.00,1.62
2026-08-23T21:37:35Z,0.756,18.9,790.0,0.00,0.00,0.00,0.00,1.62
2026-08-23T21:37:36Z,0.707,17.7,782.5,0.00,0.17,0.00,0.00,1.62
2026-08-23T21:37:37Z,0.717,17.9,782.6,0.00,0.00,0.00,0.00,1.62
2026-08-23T21:37:38Z,0.743,18.6,774.9,0.00,0.00,0.00,0.00,1.49
2026-08-23T21:37:39Z,0.678,17.0,777.9,0.00,0.00,0.00,0.00,1.49
2026-08-23T21:37:40Z,0.717,17.9,780.1,0.00,0.00,0.00,0.00,1.49
2026-08-23T21:37:41Z,0.707,17.7,781.0,0.00,0.23,0.00,0.00,1.49
2026-08-23T21:37:42Z,0.747,18.7,782.0,0.00,0.00,0.00,0.00,1.49
2026-08-23T21:37:43Z,0.727,18.2,779.3,0.00,0.00,0.00,0.00,1.37
2026-08-23T21:37:44Z,0.727,18.2,776.9,0.00,0.00,0.00,0.00,1.37
2026-08-23T21:37:45Z,0.717,17.9,777.4,0.00,0.00,0.00,0.00,1.37
2026-08-23T21:37:46Z,0.755,18.9,775.9,0.00,0.00,0.00,0.00,1.37
2026-08-23T21:37:47Z,0.708,17.7,776.1,0.00,0.00,0.00,0.00,1.37
2026-08-23T21:37:48Z,0.728,18.2,776.3,0.00,0.00,0.00,0.00,1.42
2026-08-23T21:37:49Z,0.667,16.7,776.8,0.00,0.23,0.00,0.00,1.42
2026-08-23T21:37:50Z,0.727,18.2,777.4,0.00,0.00,0.00,0.00,1.42
2026-08-23T21:37:51Z,0.804,20.1,779.6,0.00,0.00,0.00,0.00,1.42
2026-08-23T21:37:52Z,0.737,18.4,776.0,0.00,0.00,0.00,0.00,1.31
2026-08-23T21:37:53Z,0.716,17.9,777.7,0.00,0.00,0.00,0.00,1.31
2026-08-23T21:37:54Z,0.747,18.7,778.3,0.00,0.00,0.00,0.00,1.31
2026-08-23T21:37:55Z,0.735,18.4,772.5,0.00,0.00,0.00,0.00,1.31
2026-08-23T21:37:56Z,0.791,19.8,775.8,0.00,0.00,0.00,0.00,1.31
2026-08-23T21:37:57Z,0.679,17.0,774.2,0.00,0.03,0.00,0.00,1.20
2026-08-23T21:37:58Z,0.697,17.4,776.6,0.00,0.00,0.00,0.00,1.20
2026-08-23T21:38:00Z,0.727,18.2,779.2,0.00,0.20,0.00,0.00,1.20
2026-08-23T21:38:01Z,0.717,17.9,781.2,0.00,0.00,0.00,0.00,1.20
2026-08-23T21:38:02Z,0.706,17.6,782.2,0.00,0.00,0.00,0.00,1.20
2026-08-23T21:38:03Z,0.678,17.0,783.2,0.00,0.01,0.00,0.00,1.10
2026-08-23T21:38:04Z,0.707,17.7,784.7,0.00,0.00,0.00,0.00,1.10
2026-08-23T21:38:05Z,0.764,19.1,780.2,0.00,0.00,0.00,0.00,1.10
2026-08-23T21:38:06Z,0.668,16.7,780.0,0.00,0.00,0.00,0.00,1.10
2026-08-23T21:38:07Z,0.776,19.4,780.7,0.00,0.00,0.00,0.00,1.10
2026-08-23T21:38:08Z,0.708,17.7,781.9,0.00,0.00,0.00,0.00,1.10
2026-08-23T21:38:09Z,0.726,18.1,784.6,0.00,0.00,0.00,0.00,1.10
2026-08-23T21:38:10Z,0.717,17.9,781.6,0.00,0.00,0.00,0.00,1.10
2026-08-23T21:38:11Z,0.804,20.1,785.3,0.00,0.17,0.00,0.00,1.10
2026-08-23T21:38:12Z,0.726,18.1,776.3,0.00,0.00,0.00,0.00,1.10
2026-08-23T21:38:13Z,0.726,18.1,777.5,0.00,0.00,0.00,0.00,1.01
2026-08-23T21:38:14Z,0.739,18.5,775.8,0.00,0.00,0.00,0.00,1.01
2026-08-23T21:38:15Z,0.716,17.9,777.0,0.00,0.00,0.00,0.00,1.01
2026-08-23T21:38:16Z,0.736,18.4,776.7,0.00,0.00,0.00,0.00,1.01
2026-08-23T21:38:17Z,0.796,19.9,777.9,0.00,0.00,0.00,0.00,1.01
2026-08-23T21:38:18Z,0.774,19.4,779.0,0.00,0.01,0.00,0.00,0.93
2026-08-23T21:38:19Z,0.755,18.9,776.1,0.00,0.00,0.00,0.00,0.93
2026-08-23T21:38:20Z,0.747,18.7,776.6,0.00,0.00,0.00,0.00,0.93
2026-08-23T21:38:21Z,0.786,19.7,776.1,0.00,0.00,0.00,0.00,0.93
2026-08-23T21:38:22Z,0.667,16.7,776.4,0.00,0.00,0.00,0.00,0.93
2026-08-23T21:38:23Z,0.735,18.4,777.9,0.00,0.21,0.00,0.00,0.85
2026-08-23T21:38:24Z,0.765,19.1,779.5,0.00,0.00,0.00,0.00,0.85
2026-08-23T21:38:25Z,0.698,17.4,782.9,0.00,0.00,0.00,0.00,0.85
2026-08-23T21:38:26Z,0.745,18.6,783.9,0.00,0.00,0.00,0.00,0.85
2026-08-23T21:38:27Z,0.777,19.4,784.2,0.00,0.01,0.00,0.00,0.86
2026-08-23T21:38:28Z,0.736,18.4,785.9,0.00,0.05,0.00,0.00,0.86
2026-08-23T21:38:29Z,0.725,18.1,787.8,0.00,0.00,0.00,0.00,0.86
2026-08-23T21:38:31Z,0.793,19.8,788.8,0.00,0.00,0.00,0.00,0.86
2026-08-23T21:38:32Z,0.765,19.1,790.3,0.00,0.17,0.00,0.00,0.86
2026-08-23T21:38:33Z,0.718,17.9,792.0,0.00,0.00,0.00,0.00,0.80
2026-08-23T21:38:34Z,0.754,18.9,793.1,0.00,0.04,0.00,0.00,0.80
2026-08-23T21:38:35Z,0.718,17.9,793.6,0.00,0.00,0.00,0.00,0.80
2026-08-23T21:38:36Z,0.744,18.6,785.7,0.00,0.00,0.00,0.00,0.80
2026-08-23T21:38:37Z,0.734,18.4,786.8,0.00,0.00,0.00,0.00,0.80
2026-08-23T21:38:38Z,0.718,17.9,778.0,0.00,0.00,0.00,0.00,0.73
2026-08-23T21:38:39Z,0.726,18.1,779.7,0.00,0.00,0.00,0.00,0.73
2026-08-23T21:38:40Z,0.717,17.9,781.6,0.00,0.00,0.00,0.00,0.73
2026-08-23T21:38:41Z,0.745,18.6,780.0,0.00,0.24,0.00,0.00,0.73
2026-08-23T21:38:42Z,0.737,18.4,781.7,0.00,0.00,0.00,0.00,0.73
2026-08-23T21:38:43Z,0.755,18.9,780.3,0.00,0.00,0.00,0.00,0.67
2026-08-23T21:38:44Z,0.679,17.0,774.7,0.00,0.00,0.00,0.00,0.67
2026-08-23T21:38:45Z,0.660,16.5,773.2,0.00,0.00,0.00,0.00,0.67
2026-08-23T21:38:46Z,0.726,18.1,775.3,0.00,0.00,0.00,0.00,0.67
2026-08-23T21:38:47Z,0.756,18.9,777.4,0.00,0.00,0.00,0.00,0.67
2026-08-23T21:38:48Z,0.727,18.2,777.0,0.00,0.00,0.00,0.00,0.62
2026-08-23T21:38:49Z,0.735,18.4,776.2,0.00,0.15,0.00,0.00,0.62
2026-08-23T21:38:50Z,0.784,19.6,775.1,0.00,0.00,0.00,0.00,0.62
2026-08-23T21:38:51Z,0.717,17.9,776.9,0.00,0.00,0.00,0.00,0.62
2026-08-23T21:38:52Z,0.765,19.1,777.3,0.00,0.00,0.00,0.00,0.62
2026-08-23T21:38:53Z,0.746,18.6,775.7,0.00,0.00,0.00,0.00,1.53
2026-08-23T21:38:54Z,0.737,18.4,774.8,0.00,0.00,0.00,0.00,1.53
2026-08-23T21:38:55Z,0.736,18.4,777.4,0.00,0.00,0.00,0.00,1.53
2026-08-23T21:38:56Z,0.755,18.9,776.1,0.00,0.00,0.00,0.00,1.53
2026-08-23T21:38:57Z,0.812,20.3,776.5,0.00,0.00,0.00,0.00,1.49
2026-08-23T21:38:58Z,0.776,19.4,778.4,0.00,0.05,0.00,0.00,1.49
2026-08-23T21:38:59Z,0.783,19.6,778.9,0.00,0.00,0.00,0.00,1.49
2026-08-23T21:39:00Z,0.716,17.9,779.1,0.00,0.00,0.00,0.00,1.49
2026-08-23T21:39:01Z,0.668,16.7,779.3,0.00,0.00,0.00,0.00,1.49
2026-08-23T21:39:03Z,0.793,19.8,778.6,0.00,0.01,0.00,0.00,2.25
2026-08-23T21:39:04Z,0.737,18.4,777.6,0.00,0.03,0.00,0.00,2.25
2026-08-23T21:39:05Z,0.758,18.9,776.2,0.00,0.00,0.00,0.00,2.25
2026-08-23T21:39:06Z,0.736,18.4,777.4,0.00,0.00,0.00,0.00,2.25
2026-08-23T21:39:07Z,0.951,23.8,797.5,0.00,0.00,0.00,0.00,2.25
2026-08-23T21:39:08Z,0.949,23.7,786.3,0.00,0.00,0.00,0.00,2.15
2026-08-23T21:39:09Z,0.813,20.3,787.8,0.00,0.00,0.00,0.00,2.15
2026-08-23T21:39:10Z,0.737,18.4,783.6,0.00,0.01,0.00,0.00,2.15
2026-08-23T21:39:11Z,0.765,19.1,785.8,0.00,0.00,0.00,0.00,2.15
2026-08-23T21:39:12Z,0.746,18.6,784.2,0.00,0.00,0.00,0.00,2.15
2026-08-23T21:39:13Z,0.794,19.9,787.2,0.00,0.00,0.00,0.00,1.98
2026-08-23T21:39:14Z,0.764,19.1,775.7,0.00,0.00,0.00,0.00,1.98
2026-08-23T21:39:15Z,0.686,17.2,776.3,0.00,0.00,0.00,0.00,1.98
2026-08-23T21:39:16Z,0.630,15.8,776.7,0.00,0.00,0.00,0.00,1.98
2026-08-23T21:39:17Z,0.795,19.9,778.7,0.00,0.00,0.00,0.00,1.98
2026-08-23T21:39:18Z,0.736,18.4,772.7,0.00,0.00,0.00,0.00,1.82
2026-08-23T21:39:19Z,0.776,19.4,775.6,0.00,0.00,0.00,0.00,1.82
2026-08-23T21:39:20Z,0.698,17.4,775.2,0.00,0.00,0.00,0.00,1.82
2026-08-23T21:39:21Z,0.716,17.9,774.8,0.00,0.57,0.00,0.00,1.82
2026-08-23T21:39:22Z,0.717,17.9,776.9,0.00,0.00,0.00,0.00,1.82
2026-08-23T21:39:23Z,0.736,18.4,779.1,0.00,0.00,0.00,0.00,1.67
2026-08-23T21:39:24Z,0.679,17.0,780.6,0.00,0.00,0.00,0.00,1.67
2026-08-23T21:39:25Z,0.717,17.9,779.6,0.00,0.00,0.00,0.00,1.67
2026-08-23T21:39:26Z,0.728,18.2,782.8,0.00,0.00,0.00,0.00,1.67
2026-08-23T21:39:27Z,0.746,18.6,784.0,0.00,0.00,0.00,0.00,1.54
2026-08-23T21:39:28Z,0.669,16.7,780.4,0.00,0.00,0.00,0.00,1.54
2026-08-23T21:39:29Z,0.737,18.4,780.2,0.00,0.06,0.00,0.00,1.54
2026-08-23T21:39:30Z,0.745,18.6,776.6,0.00,0.00,0.00,0.00,1.54
2026-08-23T21:39:31Z,0.726,18.1,777.9,0.00,0.00,0.00,0.00,1.54
2026-08-23T21:39:32Z,0.706,17.6,776.6,0.00,0.00,0.00,0.00,1.41
2026-08-23T21:39:33Z,0.707,17.7,777.3,0.00,0.00,0.00,0.00,1.41
2026-08-23T21:39:35Z,0.746,18.6,776.7,0.00,0.04,0.00,0.00,1.41
2026-08-23T21:39:36Z,0.699,17.5,778.4,0.00,0.00,0.00,0.00,1.41
2026-08-23T21:39:37Z,0.754,18.9,776.3,0.00,0.00,0.00,0.00,1.41
2026-08-23T21:39:38Z,0.737,18.4,777.8,0.00,0.00,0.00,0.00,1.30
2026-08-23T21:39:39Z,0.726,18.1,781.0,0.00,0.00,0.00,0.00,1.30
2026-08-23T21:39:40Z,0.732,18.3,784.6,0.00,0.00,0.00,0.00,1.30
2026-08-23T21:39:41Z,0.698,17.4,787.8,0.00,0.00,0.00,0.00,1.30
2026-08-23T21:39:42Z,0.805,20.1,779.9,0.00,0.00,0.00,0.00,1.30
2026-08-23T21:39:43Z,0.726,18.1,776.0,0.00,0.00,0.00,0.00,1.20
2026-08-23T21:39:44Z,0.687,17.2,775.8,0.00,0.00,0.00,0.00,1.20
2026-08-23T21:39:45Z,0.707,17.7,776.6,0.00,0.00,0.00,0.00,1.20
2026-08-23T21:39:46Z,0.677,16.9,779.2,0.00,0.00,0.00,0.00,1.20
2026-08-23T21:39:47Z,0.775,19.4,769.7,0.00,0.00,0.00,0.00,1.20
2026-08-23T21:39:48Z,0.734,18.4,772.7,0.00,0.00,0.00,0.00,1.10
2026-08-23T21:39:49Z,0.755,18.9,773.9,0.00,0.00,0.00,0.00,1.10
2026-08-23T21:39:50Z,0.747,18.7,775.1,0.00,0.00,0.00,0.00,1.10
2026-08-23T21:39:51Z,0.745,18.6,777.1,0.00,0.00,0.00,0.00,1.10
2026-08-23T21:39:52Z,0.737,18.4,776.2,0.00,0.00,0.00,0.00,1.10
2026-08-23T21:39:53Z,0.754,18.9,777.2,0.00,0.00,0.00,0.00,1.01
2026-08-23T21:39:54Z,0.775,19.4,779.0,0.00,0.00,0.00,0.00,1.01
2026-08-23T21:39:55Z,0.747,18.7,778.3,0.00,0.00,0.00,0.00,1.01
2026-08-23T21:39:56Z,0.754,18.9,780.3,0.00,0.42,0.00,0.00,1.01
2026-08-23T21:39:57Z,0.744,18.6,781.8,0.00,0.00,0.00,0.00,1.01
2026-08-23T21:39:58Z,0.699,17.5,782.6,0.00,0.00,0.00,0.00,0.93
2026-08-23T21:39:59Z,0.747,18.7,783.2,0.00,0.00,0.00,0.00,0.93
2026-08-23T21:40:00Z,0.823,20.6,784.7,0.00,0.04,0.00,0.00,0.93
2026-08-23T21:40:01Z,0.727,18.2,784.7,0.00,0.01,0.00,0.00,0.93
2026-08-23T21:40:02Z,0.736,18.4,782.6,0.00,0.00,0.00,0.00,0.86
2026-08-23T21:40:03Z,0.726,18.1,785.1,0.00,0.00,0.00,0.00,0.86
2026-08-23T21:40:04Z,0.764,19.1,787.0,0.00,0.00,0.00,0.00,0.86
2026-08-23T21:40:06Z,0.754,18.9,782.4,0.00,0.02,0.00,0.00,0.86
2026-08-23T21:40:07Z,0.756,18.9,781.0,0.00,0.01,0.00,0.00,0.86
2026-08-23T21:40:08Z,0.737,18.4,782.3,0.00,0.00,0.00,0.00,0.79
2026-08-23T21:40:09Z,0.668,16.7,783.6,0.00,0.00,0.00,0.00,0.79
2026-08-23T21:40:10Z,0.725,18.1,785.3,0.00,0.00,0.00,0.00,0.79
2026-08-23T21:40:11Z,0.668,16.7,783.5,0.00,0.00,0.00,0.00,0.79
2026-08-23T21:40:12Z,0.689,17.2,784.4,0.00,0.50,0.00,0.00,0.79
2026-08-23T21:40:13Z,0.737,18.4,785.3,0.00,0.00,0.00,0.00,0.72
2026-08-23T21:40:14Z,0.688,17.2,784.4,0.00,0.11,0.00,0.00,0.72
2026-08-23T21:40:15Z,0.697,17.4,785.6,0.00,0.00,0.00,0.00,0.72
2026-08-23T21:40:16Z,0.667,16.7,786.6,0.00,0.00,0.00,0.00,0.72
2026-08-23T21:40:17Z,0.707,17.7,784.7,0.00,0.06,0.00,0.00,0.72
2026-08-23T21:40:18Z,0.687,17.2,787.4,0.00,0.00,0.00,0.00,0.91
2026-08-23T21:40:19Z,0.804,20.1,790.1,0.00,0.00,0.00,0.00,0.91
2026-08-23T21:40:20Z,0.708,17.7,786.5,0.00,0.00,0.00,0.00,0.91
2026-08-23T21:40:21Z,0.707,17.7,788.5,0.00,0.00,0.00,0.00,0.91
2026-08-23T21:40:22Z,0.725,18.1,787.6,0.00,0.00,0.00,0.00,0.91
2026-08-23T21:40:23Z,0.774,19.4,786.5,0.00,0.00,0.00,0.00,0.83
2026-08-23T21:40:24Z,0.735,18.4,786.8,0.00,0.00,0.00,0.00,0.83
2026-08-23T21:40:25Z,0.717,17.9,781.0,0.00,0.49,0.00,0.00,0.83
2026-08-23T21:40:26Z,0.660,16.5,782.7,0.00,0.00,0.00,0.00,0.83
2026-08-23T21:40:27Z,0.745,18.6,784.7,0.00,0.00,0.00,0.00,0.83
2026-08-23T21:40:28Z,0.667,16.7,785.4,0.00,0.00,0.00,0.00,0.93
2026-08-23T21:40:29Z,0.736,18.4,782.6,0.00,0.00,0.00,0.00,0.93
2026-08-23T21:40:30Z,0.689,17.2,782.3,0.00,0.02,0.00,0.00,0.93
2026-08-23T21:40:31Z,0.727,18.2,784.1,0.00,0.00,0.00,0.00,0.93
2026-08-23T21:40:32Z,0.661,16.5,779.1,0.00,0.21,0.00,0.00,0.85
2026-08-23T21:40:33Z,0.785,19.6,780.3,0.00,0.00,0.00,0.00,0.85
2026-08-23T21:40:34Z,0.679,17.0,781.0,0.00,0.00,0.00,0.00,0.85
2026-08-23T21:40:35Z,0.689,17.2,782.3,0.00,0.00,0.00,0.00,0.85
2026-08-23T21:40:36Z,0.690,17.2,782.8,0.00,0.00,0.00,0.00,0.85
2026-08-23T21:40:38Z,0.699,17.5,783.9,0.00,0.01,0.00,0.00,0.78
2026-08-23T21:40:39Z,0.699,17.5,777.6,0.00,0.00,0.00,0.00,0.78
2026-08-23T21:40:40Z,0.698,17.4,779.5,0.00,0.00,0.00,0.00,0.78
2026-08-23T21:40:41Z,0.737,18.4,780.8,0.00,0.00,0.00,0.00,0.78
2026-08-23T21:40:42Z,0.717,17.9,779.7,0.00,0.00,0.00,0.00,0.78
2026-08-23T21:40:43Z,0.726,18.1,781.1,0.00,0.00,0.00,0.00,0.72
2026-08-23T21:40:44Z,0.737,18.4,782.9,0.00,0.00,0.00,0.00,0.72
2026-08-23T21:40:45Z,0.689,17.2,785.2,0.00,0.00,0.00,0.00,0.72
2026-08-23T21:40:46Z,0.709,17.7,783.8,0.00,0.00,0.00,0.00,0.72
2026-08-23T21:40:47Z,0.706,17.6,784.7,0.00,0.00,0.00,0.00,0.72
2026-08-23T21:40:48Z,0.736,18.4,785.1,0.00,0.00,0.00,0.00,0.66
2026-08-23T21:40:49Z,0.755,18.9,784.2,0.00,0.00,0.00,0.00,0.66
2026-08-23T21:40:50Z,0.755,18.9,786.2,0.00,0.00,0.00,0.00,0.66
2026-08-23T21:40:51Z,0.727,18.2,785.6,0.00,0.00,0.00,0.00,0.66
2026-08-23T21:40:52Z,0.727,18.2,787.2,0.00,0.00,0.00,0.00,0.66
2026-08-23T21:40:53Z,0.767,19.2,786.4,0.00,0.00,0.00,0.00,0.61
2026-08-23T21:40:54Z,0.794,19.9,778.3,0.00,0.00,0.00,0.00,0.61
2026-08-23T21:40:55Z,0.706,17.6,780.4,0.00,0.03,0.00,0.00,0.61
2026-08-23T21:40:56Z,0.726,18.1,780.7,0.00,0.00,0.00,0.00,0.61
2026-08-23T21:40:57Z,0.747,18.7,781.4,0.00,0.00,0.00,0.00,0.61
2026-08-23T21:40:58Z,0.688,17.2,783.0,0.00,0.00,0.00,0.00,0.80
2026-08-23T21:40:59Z,0.776,19.4,783.2,0.00,0.00,0.00,0.00,0.80
2026-08-23T21:41:00Z,0.755,18.9,780.3,0.00,0.01,0.00,0.00,0.80
2026-08-23T21:41:01Z,0.754,18.9,783.2,0.00,0.00,0.00,0.00,0.80
2026-08-23T21:41:02Z,0.754,18.9,785.0,0.00,0.00,0.00,0.00,0.80
2026-08-23T21:41:03Z,0.764,19.1,784.5,0.00,0.27,0.00,0.00,0.74
2026-08-23T21:41:04Z,0.746,18.6,785.0,0.00,0.00,0.00,0.00,0.74
2026-08-23T21:41:05Z,0.757,18.9,784.3,0.00,0.01,0.00,0.00,0.74
2026-08-23T21:41:06Z,0.688,17.2,785.0,0.00,0.00,0.00,0.00,0.74
2026-08-23T21:41:07Z,0.801,20.0,784.4,0.00,0.00,0.00,0.00,0.68
2026-08-23T21:41:08Z,0.755,18.9,782.8,0.00,0.00,0.00,0.00,0.68
2026-08-23T21:41:10Z,0.716,17.9,782.4,0.00,0.00,0.00,0.00,0.68
2026-08-23T21:41:11Z,0.784,19.6,780.6,0.00,0.00,0.00,0.00,0.68
2026-08-23T21:41:12Z,0.757,18.9,780.6,0.00,0.00,0.00,0.00,0.68
2026-08-23T21:41:13Z,0.754,18.9,780.3,0.00,0.00,0.00,0.00,0.62
2026-08-23T21:41:14Z,0.696,17.4,782.5,0.00,0.00,0.00,0.00,0.62
2026-08-23T21:41:15Z,0.735,18.4,779.6,0.00,0.00,0.00,0.00,0.62
2026-08-23T21:41:16Z,0.737,18.4,780.4,0.00,0.00,0.00,0.00,0.62
2026-08-23T21:41:17Z,0.803,20.1,779.7,0.00,0.00,0.00,0.00,0.62
2026-08-23T21:41:18Z,0.727,18.2,778.0,0.00,0.01,0.00,0.00,0.57
2026-08-23T21:41:19Z,0.785,19.6,776.6,0.00,0.00,0.00,0.00,0.57
2026-08-23T21:41:20Z,0.801,20.0,777.8,0.00,0.00,0.00,0.00,0.57
2026-08-23T21:41:21Z,0.765,19.1,775.5,0.00,0.00,0.00,0.00,0.57
2026-08-23T21:41:22Z,0.706,17.6,776.2,0.00,0.00,0.00,0.00,0.57
2026-08-23T21:41:23Z,0.725,18.1,775.8,0.00,0.00,0.00,0.00,0.53
2026-08-23T21:41:24Z,0.728,18.2,775.1,0.00,0.01,0.00,0.00,0.53
2026-08-23T21:41:25Z,0.717,17.9,775.6,0.00,0.00,0.00,0.00,0.53
2026-08-23T21:41:26Z,0.630,15.8,775.8,0.00,0.05,0.00,0.00,0.53
2026-08-23T21:41:27Z,0.745,18.6,775.4,0.00,0.00,0.00,0.00,0.53
2026-08-23T21:41:28Z,0.735,18.4,776.9,0.00,0.00,0.00,0.00,0.48
2026-08-23T21:41:29Z,0.794,19.9,777.5,0.00,0.00,0.00,0.00,0.48
2026-08-23T21:41:30Z,0.726,18.1,779.4,0.00,0.01,0.00,0.00,0.48
2026-08-23T21:41:31Z,0.658,16.4,781.0,0.00,0.03,0.00,0.00,0.48
2026-08-23T21:41:32Z,0.756,18.9,782.3,0.00,0.00,0.00,0.00,0.48
2026-08-23T21:41:33Z,0.706,17.6,783.1,0.00,0.00,0.00,0.00,0.45
2026-08-23T21:41:34Z,0.774,19.4,780.9,0.00,0.00,0.00,0.00,0.45
2026-08-23T21:41:35Z,0.754,18.9,784.1,0.00,0.00,0.00,0.00,0.45
2026-08-23T21:41:36Z,0.699,17.5,783.3,0.00,0.00,0.00,0.00,0.45
2026-08-23T21:41:37Z,0.754,18.9,785.7,0.00,0.00,0.00,0.00,0.41
2026-08-23T21:41:38Z,0.698,17.4,788.2,0.00,0.00,0.00,0.00,0.41
2026-08-23T21:41:39Z,0.668,16.7,791.2,0.00,0.26,0.00,0.00,0.41
2026-08-23T21:41:41Z,0.725,18.1,789.0,0.00,0.00,0.00,0.00,0.41
2026-08-23T21:41:42Z,0.736,18.4,790.2,0.00,0.00,0.00,0.00,0.41
2026-08-23T21:41:43Z,0.718,17.9,788.3,0.00,0.00,0.00,0.00,0.94
2026-08-23T21:41:44Z,0.746,18.6,788.6,0.00,0.00,0.00,0.00,0.94
2026-08-23T21:41:45Z,0.747,18.7,788.4,0.00,0.00,0.00,0.00,0.94
2026-08-23T21:41:46Z,0.803,20.1,788.8,0.00,0.00,0.00,0.00,0.94
2026-08-23T21:41:47Z,0.737,18.4,787.2,0.00,0.00,0.00,0.00,0.94
2026-08-23T21:41:48Z,0.764,19.1,788.1,0.00,0.00,0.00,0.00,0.86
2026-08-23T21:41:49Z,0.716,17.9,788.3,0.00,0.00,0.00,0.00,0.86
2026-08-23T21:41:50Z,0.716,17.9,786.8,0.00,0.00,0.00,0.00,0.86
2026-08-23T21:41:51Z,0.677,16.9,779.9,0.00,0.00,0.00,0.00,0.86
2026-08-23T21:41:52Z,0.745,18.6,780.5,0.00,0.00,0.00,0.00,0.86
2026-08-23T21:41:53Z,0.686,17.2,780.5,0.00,0.00,0.00,0.00,0.79
2026-08-23T21:41:54Z,0.707,17.7,781.7,0.00,0.00,0.00,0.00,0.79
2026-08-23T21:41:55Z,0.689,17.2,775.8,0.00,0.00,0.00,0.00,0.79
2026-08-23T21:41:56Z,0.767,19.2,778.5,0.00,0.00,0.00,0.00,0.79
2026-08-23T21:41:57Z,0.679,17.0,780.0,0.00,0.04,0.00,0.00,0.79
2026-08-23T21:41:58Z,0.704,17.6,780.6,0.00,0.00,0.00,0.00,0.73
2026-08-23T21:41:59Z,0.744,18.6,780.5,0.00,0.00,0.00,0.00,0.73
2026-08-23T21:42:00Z,0.735,18.4,782.9,0.00,0.00,0.00,0.00,0.73
2026-08-23T21:42:01Z,0.707,17.7,775.4,0.00,0.00,0.00,0.00,0.73
2026-08-23T21:42:02Z,0.716,17.9,776.6,0.00,0.02,0.00,0.00,0.73
2026-08-23T21:42:03Z,0.706,17.6,778.8,0.00,0.00,0.00,0.00,0.67
2026-08-23T21:42:04Z,0.745,18.6,781.2,0.00,0.00,0.00,0.00,0.67
2026-08-23T21:42:05Z,0.706,17.6,777.8,0.00,0.01,0.00,0.00,0.67
2026-08-23T21:42:06Z,0.727,18.2,780.5,0.00,0.01,0.00,0.00,0.67
2026-08-23T21:42:07Z,0.738,18.4,781.8,0.00,0.00,0.00,0.00,1.26
2026-08-23T21:42:08Z,0.679,17.0,784.8,0.00,0.00,0.00,0.00,1.26
2026-08-23T21:42:09Z,0.695,17.4,776.4,0.00,0.00,0.00,0.00,1.26
2026-08-23T21:42:10Z,0.669,16.7,776.6,0.00,0.41,0.00,0.00,1.26
2026-08-23T21:42:11Z,0.697,17.4,778.3,0.00,0.00,0.00,0.00,1.26
2026-08-23T21:42:13Z,0.726,18.1,780.1,0.00,0.00,0.00,0.00,1.16
2026-08-23T21:42:14Z,0.629,15.7,782.5,0.00,0.00,0.00,0.00,1.16
2026-08-23T21:42:15Z,0.697,17.4,782.0,0.00,0.00,0.00,0.00,1.16
2026-08-23T21:42:16Z,0.728,18.2,782.1,0.00,0.00,0.00,0.00,1.16
2026-08-23T21:42:17Z,0.717,17.9,783.7,0.00,0.00,0.00,0.00,1.16
2026-08-23T21:42:18Z,0.735,18.4,784.4,0.00,0.00,0.00,0.00,1.06
2026-08-23T21:42:19Z,0.764,19.1,788.0,0.00,0.00,0.00,0.00,1.06
2026-08-23T21:42:20Z,0.687,17.2,785.7,0.00,0.00,0.00,0.00,1.06
2026-08-23T21:42:21Z,0.765,19.1,788.6,0.00,0.21,0.00,0.00,1.06
2026-08-23T21:42:22Z,0.772,19.3,785.8,0.00,0.00,0.00,0.00,1.06
2026-08-23T21:42:23Z,0.762,19.1,786.5,0.00,0.00,0.00,0.00,0.98
2026-08-23T21:42:24Z,0.726,18.1,786.4,0.00,0.00,0.00,0.00,0.98
2026-08-23T21:42:25Z,0.628,15.7,787.9,0.00,0.00,0.00,0.00,0.98
2026-08-23T21:42:26Z,0.737,18.4,789.8,0.00,0.00,0.00,0.00,0.98
2026-08-23T21:42:27Z,0.688,17.2,787.7,0.00,0.00,0.00,0.00,0.98
2026-08-23T21:42:28Z,0.707,17.7,789.5,0.00,0.06,0.00,0.00,0.98
2026-08-23T21:42:29Z,0.784,19.6,789.8,0.00,0.00,0.00,0.00,0.98
2026-08-23T21:42:30Z,0.793,19.8,789.6,0.00,0.00,0.00,0.00,0.98
2026-08-23T21:42:31Z,0.794,19.9,789.7,0.00,0.00,0.00,0.00,0.98
2026-08-23T21:42:32Z,0.718,17.9,782.8,0.00,0.00,0.00,0.00,0.98
2026-08-23T21:42:33Z,0.707,17.7,784.7,0.00,0.03,0.00,0.00,0.90
2026-08-23T21:42:34Z,0.735,18.4,784.6,0.00,0.00,0.00,0.00,0.90
2026-08-23T21:42:35Z,0.726,18.1,784.0,0.00,0.00,0.00,0.00,0.90
2026-08-23T21:42:36Z,0.659,16.5,785.7,0.00,0.00,0.00,0.00,0.90
2026-08-23T21:42:37Z,0.658,16.4,786.6,0.00,0.00,0.00,0.00,0.90
2026-08-23T21:42:38Z,0.736,18.4,781.2,0.00,0.00,0.00,0.00,0.83
2026-08-23T21:42:39Z,0.727,18.2,784.4,0.00,0.00,0.00,0.00,0.83
2026-08-23T21:42:40Z,0.726,18.1,785.5,0.00,0.00,0.00,0.00,0.83
2026-08-23T21:42:41Z,0.764,19.1,786.6,0.00,0.01,0.00,0.00,0.83
2026-08-23T21:42:42Z,0.725,18.1,786.2,0.00,0.00,0.00,0.00,0.84
2026-08-23T21:42:44Z,0.774,19.4,787.0,0.00,0.00,0.00,0.00,0.84
2026-08-23T21:42:45Z,0.707,17.7,785.0,0.00,0.00,0.00,0.00,0.84
2026-08-23T21:42:46Z,0.709,17.7,788.0,0.00,0.00,0.00,0.00,0.84
2026-08-23T21:42:47Z,0.698,17.4,789.8,0.00,0.00,0.00,0.00,0.84
2026-08-23T21:42:48Z,0.757,18.9,790.5,0.00,0.00,0.00,0.00,1.18
2026-08-23T21:42:49Z,0.767,19.2,788.0,0.00,0.00,0.00,0.00,1.18
2026-08-23T21:42:50Z,0.737,18.4,788.8,0.00,0.01,0.00,0.00,1.18
2026-08-23T21:42:51Z,0.697,17.4,790.6,0.00,0.00,0.00,0.00,1.18
2026-08-23T21:42:52Z,0.745,18.6,790.3,0.00,0.32,0.00,0.00,1.18
2026-08-23T21:42:53Z,0.739,18.5,783.4,0.00,0.00,0.00,0.00,1.08
2026-08-23T21:42:54Z,0.706,17.6,784.6,0.00,0.00,0.00,0.00,1.08
2026-08-23T21:42:55Z,0.754,18.9,782.3,0.00,0.00,0.00,0.00,1.08
2026-08-23T21:42:56Z,0.745,18.6,784.7,0.00,0.00,0.00,0.00,1.08
2026-08-23T21:42:57Z,0.697,17.4,784.7,0.00,0.00,0.00,0.00,1.08
2026-08-23T21:42:58Z,0.781,19.5,784.3,0.00,0.05,0.00,0.00,1.08
2026-08-23T21:42:59Z,0.717,17.9,787.3,0.00,0.00,0.00,0.00,1.08
2026-08-23T21:43:00Z,0.738,18.4,781.2,0.00,0.00,0.00,0.00,1.08
2026-08-23T21:43:01Z,0.698,17.4,781.7,0.00,0.00,0.00,0.00,1.08
2026-08-23T21:43:02Z,0.724,18.1,781.9,0.00,0.00,0.00,0.00,1.08
2026-08-23T21:43:03Z,0.726,18.1,780.4,0.00,0.02,0.00,0.00,1.31
2026-08-23T21:43:04Z,0.755,18.9,781.6,0.00,0.00,0.00,0.00,1.31
2026-08-23T21:43:05Z,0.735,18.4,781.8,0.00,0.00,0.00,0.00,1.31
2026-08-23T21:43:06Z,0.707,17.7,781.8,0.00,0.00,0.00,0.00,1.31
2026-08-23T21:43:07Z,0.736,18.4,774.8,0.00,0.01,0.00,0.00,1.31
2026-08-23T21:43:08Z,0.745,18.6,776.9,0.00,0.00,0.00,0.00,1.20
2026-08-23T21:43:09Z,0.715,17.9,776.8,0.00,0.00,0.00,0.00,1.20
2026-08-23T21:43:10Z,0.772,19.3,779.3,0.00,0.00,0.00,0.00,1.20
2026-08-23T21:43:11Z,0.755,18.9,778.1,0.00,0.00,0.00,0.00,1.20
2026-08-23T21:43:12Z,0.726,18.1,780.1,0.00,0.00,0.00,0.00,1.11
2026-08-23T21:43:13Z,0.715,17.9,776.2,0.00,0.00,0.00,0.00,1.11
2026-08-23T21:43:14Z,0.774,19.4,776.5,0.00,0.00,0.00,0.00,1.11
2026-08-23T21:43:16Z,0.717,17.9,776.8,0.00,0.00,0.00,0.00,1.11
2026-08-23T21:43:17Z,0.727,18.2,776.6,0.00,0.00,0.00,0.00,1.11
2026-08-23T21:43:18Z,0.746,18.6,775.2,0.00,0.00,0.00,0.00,1.02
2026-08-23T21:43:19Z,0.762,19.1,778.7,0.00,0.00,0.00,0.00,1.02
2026-08-23T21:43:20Z,0.724,18.1,778.4,0.00,0.00,0.00,0.00,1.02
2026-08-23T21:43:21Z,0.756,18.9,779.0,0.00,0.00,0.00,0.00,1.02
2026-08-23T21:43:22Z,0.735,18.4,779.8,0.00,0.00,0.00,0.00,1.02
2026-08-23T21:43:23Z,0.717,17.9,780.9,0.00,0.28,0.00,0.00,1.18
2026-08-23T21:43:24Z,0.717,17.9,781.2,0.00,0.00,0.00,0.00,1.18
2026-08-23T21:43:25Z,0.717,17.9,781.1,0.00,0.00,0.00,0.00,1.18
2026-08-23T21:43:26Z,0.696,17.4,781.4,0.00,0.00,0.00,0.00,1.18
2026-08-23T21:43:27Z,0.745,18.6,780.2,0.00,0.00,0.00,0.00,1.18
2026-08-23T21:43:28Z,0.775,19.4,778.3,0.00,0.00,0.00,0.00,1.16
2026-08-23T21:43:29Z,0.745,18.6,779.4,0.00,0.05,0.00,0.00,1.16
2026-08-23T21:43:30Z,0.774,19.4,777.6,0.00,0.00,0.00,0.00,1.16
2026-08-23T21:43:31Z,0.716,17.9,779.7,0.00,0.00,0.00,0.00,1.16
2026-08-23T21:43:32Z,0.677,16.9,778.7,0.00,0.00,0.00,0.00,1.16
2026-08-23T21:43:33Z,0.718,17.9,779.8,0.00,0.00,0.00,0.00,1.07
2026-08-23T21:43:34Z,0.726,18.1,779.6,0.00,0.19,0.00,0.00,1.07
2026-08-23T21:43:35Z,0.670,16.8,780.8,0.00,0.00,0.00,0.00,1.07
2026-08-23T21:43:36Z,0.716,17.9,778.3,0.00,0.00,0.00,0.00,1.07
2026-08-23T21:43:37Z,0.707,17.7,780.2,0.00,0.00,0.00,0.00,1.07
2026-08-23T21:43:38Z,0.734,18.4,778.6,0.00,0.00,0.00,0.00,1.54
2026-08-23T21:43:39Z,0.721,18.0,780.2,0.00,0.00,0.00,0.00,1.54
2026-08-23T21:43:40Z,0.676,16.9,777.2,0.00,0.00,0.00,0.00,1.54
2026-08-23T21:43:41Z,0.697,17.4,780.1,0.00,0.00,0.00,0.00,1.54
2026-08-23T21:43:42Z,0.705,17.6,779.9,0.00,0.00,0.00,0.00,1.58
2026-08-23T21:43:43Z,0.685,17.1,775.0,0.00,0.00,0.00,0.00,1.58
2026-08-23T21:43:44Z,0.694,17.3,775.6,0.00,0.00,0.00,0.00,1.58
2026-08-23T21:43:46Z,0.747,18.7,778.1,0.00,0.01,0.00,0.00,1.58
2026-08-23T21:43:47Z,0.731,18.3,777.3,0.00,0.00,0.00,0.00,1.58
2026-08-23T21:43:48Z,0.686,17.2,777.0,0.00,0.00,0.00,0.00,1.53
2026-08-23T21:43:49Z,0.684,17.1,775.0,0.00,0.23,0.00,0.00,1.53
2026-08-23T21:43:50Z,0.732,18.3,776.4,0.00,0.00,0.00,0.00,1.53
2026-08-23T21:43:51Z,0.712,17.8,773.8,0.00,0.00,0.00,0.00,1.53
2026-08-23T21:43:52Z,0.743,18.6,776.8,0.00,0.00,0.00,0.00,1.53
2026-08-23T21:43:53Z,0.712,17.8,776.4,0.00,0.00,0.00,0.00,1.81
2026-08-23T21:43:54Z,0.695,17.4,776.8,0.00,0.00,0.00,0.00,1.81
2026-08-23T21:43:55Z,0.781,19.5,779.0,0.00,0.00,0.00,0.00,1.81
2026-08-23T21:43:56Z,0.711,17.8,780.5,0.00,0.00,0.00,0.00,1.81
2026-08-23T21:43:57Z,0.781,19.5,783.2,0.00,0.00,0.00,0.00,1.81
2026-08-23T21:43:58Z,0.665,16.6,785.0,0.00,0.00,0.00,0.00,1.67
2026-08-23T21:43:59Z,0.722,18.1,778.1,0.00,0.00,0.00,0.00,1.67
2026-08-23T21:44:00Z,0.749,18.7,779.0,0.00,0.04,0.00,0.00,1.67
2026-08-23T21:44:01Z,0.732,18.3,777.5,0.00,0.00,0.00,0.00,1.67
2026-08-23T21:44:02Z,0.673,16.8,777.9,0.00,0.00,0.00,0.00,1.67
2026-08-23T21:44:03Z,0.716,17.9,775.5,0.00,0.00,0.00,0.00,1.53
2026-08-23T21:44:04Z,0.735,18.4,775.4,0.00,0.20,0.00,0.00,1.53
2026-08-23T21:44:05Z,0.733,18.3,776.0,0.00,0.02,0.00,0.00,1.53
2026-08-23T21:44:06Z,0.675,16.9,775.3,0.00,0.00,0.00,0.00,1.53
2026-08-23T21:44:07Z,0.816,20.4,777.4,0.00,0.00,0.00,0.00,1.53
2026-08-23T21:44:08Z,0.799,20.0,774.8,0.00,0.00,0.00,0.00,1.41
2026-08-23T21:44:09Z,0.743,18.6,773.1,0.00,0.01,0.00,0.00,1.41
2026-08-23T21:44:10Z,0.694,17.3,775.2,0.00,0.00,0.00,0.00,1.41
2026-08-23T21:44:11Z,0.694,17.3,777.4,0.00,0.00,0.00,0.00,1.41
2026-08-23T21:44:13Z,0.663,16.6,775.9,0.00,0.00,0.00,0.00,1.30
2026-08-23T21:44:14Z,0.705,17.6,776.4,0.00,0.24,0.00,0.00,1.30
2026-08-23T21:44:15Z,0.752,18.8,776.3,0.00,0.00,0.00,0.00,1.30
2026-08-23T21:44:16Z,0.694,17.3,777.8,0.00,0.00,0.00,0.00,1.30
2026-08-23T21:44:17Z,0.781,19.5,778.6,0.00,0.00,0.00,0.00,1.30
2026-08-23T21:44:18Z,0.813,20.3,778.8,0.00,0.00,0.00,0.00,1.43
2026-08-23T21:44:19Z,0.741,18.5,776.6,0.00,0.00,0.00,0.00,1.43
2026-08-23T21:44:20Z,0.686,17.2,774.7,0.00,0.01,0.00,0.00,1.43
2026-08-23T21:44:21Z,0.695,17.4,776.7,0.00,0.00,0.00,0.00,1.43
2026-08-23T21:44:22Z,0.772,19.3,778.1,0.00,0.00,0.00,0.00,1.43
2026-08-23T21:44:23Z,0.761,19.0,779.8,0.00,0.00,0.00,0.00,1.32
2026-08-23T21:44:24Z,0.733,18.3,777.8,0.00,0.00,0.00,0.00,1.32
2026-08-23T21:44:25Z,0.676,16.9,776.9,0.00,0.00,0.00,0.00,1.32
2026-08-23T21:44:26Z,0.724,18.1,779.6,0.00,0.00,0.00,0.00,1.32
2026-08-23T21:44:27Z,0.773,19.3,780.7,0.00,0.00,0.00,0.00,1.32
2026-08-23T21:44:28Z,0.733,18.3,780.9,0.00,0.00,0.00,0.00,1.53
2026-08-23T21:44:29Z,0.743,18.6,781.6,0.00,0.00,0.00,0.00,1.53
2026-08-23T21:44:30Z,0.773,19.3,781.6,0.00,0.06,0.00,0.00,1.53
2026-08-23T21:44:31Z,0.764,19.1,779.8,0.00,0.00,0.00,0.00,1.53
2026-08-23T21:44:32Z,0.733,18.3,777.6,0.00,0.00,0.00,0.00,1.53
2026-08-23T21:44:33Z,0.732,18.3,779.1,0.00,0.00,0.00,0.00,1.41
2026-08-23T21:44:34Z,0.713,17.8,779.9,0.00,0.33,0.00,0.00,1.41
2026-08-23T21:44:35Z,0.759,19.0,780.8,0.00,0.00,0.00,0.00,1.41
2026-08-23T21:44:36Z,0.666,16.7,781.2,0.00,0.00,0.00,0.00,1.41
2026-08-23T21:44:37Z,0.761,19.0,783.7,0.00,0.00,0.00,0.00,1.38
2026-08-23T21:44:38Z,0.723,18.1,777.9,0.00,0.00,0.00,0.00,1.38
2026-08-23T21:44:39Z,0.704,17.6,778.9,0.00,0.00,0.00,0.00,1.38
2026-08-23T21:44:41Z,0.684,17.1,780.8,0.00,0.00,0.00,0.00,1.38
2026-08-23T21:44:42Z,0.694,17.3,779.7,0.00,0.00,0.00,0.00,1.38
2026-08-23T21:44:43Z,0.753,18.8,779.4,0.00,0.00,0.00,0.00,1.27
2026-08-23T21:44:44Z,0.685,17.1,778.8,0.00,0.17,0.00,0.00,1.27
2026-08-23T21:44:45Z,0.711,17.8,778.5,0.00,0.00,0.00,0.00,1.27
2026-08-23T21:44:46Z,0.701,17.5,779.0,0.00,0.00,0.00,0.00,1.27
2026-08-23T21:44:47Z,0.801,20.0,781.0,0.00,0.00,0.00,0.00,1.27
2026-08-23T21:44:48Z,0.733,18.3,781.9,0.00,0.00,0.00,0.00,1.25
2026-08-23T21:44:49Z,0.731,18.3,777.2,0.00,0.00,0.00,0.00,1.25
2026-08-23T21:44:50Z,0.724,18.1,778.5,0.00,0.00,0.00,0.00,1.25
2026-08-23T21:44:51Z,0.742,18.6,780.3,0.00,0.00,0.00,0.00,1.25
2026-08-23T21:44:52Z,0.772,19.3,783.2,0.00,0.00,0.00,0.00,1.25
2026-08-23T21:44:53Z,0.694,17.3,782.4,0.00,0.17,0.00,0.00,1.39
2026-08-23T21:44:54Z,0.705,17.6,783.0,0.00,0.00,0.00,0.00,1.39
2026-08-23T21:44:55Z,0.742,18.6,780.6,0.00,0.01,0.00,0.00,1.39
2026-08-23T21:44:56Z,0.705,17.6,780.0,0.00,0.00,0.00,0.00,1.39
2026-08-23T21:44:57Z,0.742,18.6,781.9,0.00,0.00,0.00,0.00,1.39
2026-08-23T21:44:58Z,0.725,18.1,785.1,0.00,0.00,0.00,0.00,1.76
2026-08-23T21:44:59Z,0.655,16.4,787.1,0.00,0.00,0.00,0.00,1.76
2026-08-23T21:45:00Z,0.740,18.5,788.6,0.00,0.20,0.00,0.00,1.76
2026-08-23T21:45:01Z,0.783,19.6,785.2,0.00,0.00,0.00,0.00,1.76
2026-08-23T21:45:02Z,0.782,19.6,785.9,0.00,0.00,0.00,0.00,1.76
2026-08-23T21:45:03Z,0.704,17.6,779.3,0.00,0.00,0.00,0.00,1.69
2026-08-23T21:45:04Z,0.743,18.6,780.0,0.00,0.02,0.00,0.00,1.69
2026-08-23T21:45:05Z,0.695,17.4,780.7,0.00,0.00,0.00,0.00,1.69
2026-08-23T21:45:06Z,0.753,18.8,783.4,0.00,0.29,0.00,0.00,1.69
2026-08-23T21:45:07Z,0.722,18.1,780.9,0.00,0.00,0.00,0.00,1.56
2026-08-23T21:45:09Z,0.733,18.3,783.0,0.00,0.00,0.00,0.00,1.56
2026-08-23T21:45:10Z,0.678,17.0,782.8,0.00,0.00,0.00,0.00,1.56
2026-08-23T21:45:11Z,0.793,19.8,780.2,0.00,0.00,0.00,0.00,1.56
2026-08-23T21:45:12Z,0.773,19.3,781.7,0.00,0.59,0.00,0.00,1.56
2026-08-23T21:45:13Z,0.762,19.1,778.5,0.00,0.00,0.00,0.00,1.43
2026-08-23T21:45:14Z,0.714,17.8,779.5,0.00,0.00,0.00,0.00,1.43
2026-08-23T21:45:15Z,0.761,19.0,781.4,0.00,0.00,0.00,0.00,1.43
2026-08-23T21:45:16Z,0.669,16.7,781.9,0.00,0.00,0.00,0.00,1.43
2026-08-23T21:45:17Z,0.693,17.3,777.2,0.00,0.03,0.00,0.00,1.43
2026-08-23T21:45:18Z,0.752,18.8,779.1,0.00,0.00,0.00,0.00,1.32
2026-08-23T21:45:19Z,0.762,19.1,780.7,0.00,0.00,0.00,0.00,1.32
2026-08-23T21:45:20Z,0.789,19.7,775.4,0.00,0.00,0.00,0.00,1.32
2026-08-23T21:45:21Z,0.755,18.9,777.9,0.00,0.00,0.00,0.00,1.32
2026-08-23T21:45:22Z,0.716,17.9,777.5,0.00,0.17,0.00,0.00,1.32
2026-08-23T21:45:23Z,0.752,18.8,774.5,0.00,0.00,0.00,0.00,1.29
2026-08-23T21:45:24Z,0.763,19.1,772.6,0.00,0.00,0.00,0.00,1.29
2026-08-23T21:45:25Z,0.733,18.3,776.5,0.00,0.22,0.00,0.00,1.29
2026-08-23T21:45:26Z,0.705,17.6,778.5,0.00,0.00,0.00,0.00,1.29
2026-08-23T21:45:27Z,0.744,18.6,775.8,0.00,0.00,0.00,0.00,1.29
2026-08-23T21:45:28Z,0.714,17.8,778.3,0.00,0.00,0.00,0.00,1.27
2026-08-23T21:45:29Z,0.695,17.4,779.3,0.00,0.00,0.00,0.00,1.27
2026-08-23T21:45:30Z,0.799,20.0,777.3,0.00,0.03,0.00,0.00,1.27
2026-08-23T21:45:31Z,0.808,20.2,778.3,0.00,0.02,0.00,0.00,1.27
2026-08-23T21:45:32Z,0.773,19.3,779.8,0.00,0.00,0.00,0.00,1.27
2026-08-23T21:45:33Z,0.744,18.6,776.8,0.00,0.00,0.00,0.00,1.41
2026-08-23T21:45:34Z,0.722,18.1,778.5,0.00,0.00,0.00,0.00,1.41
2026-08-23T21:45:35Z,0.771,19.3,780.2,0.00,0.17,0.00,0.00,1.41
2026-08-23T21:45:36Z,0.742,18.6,781.9,0.00,0.00,0.00,0.00,1.41
2026-08-23T21:45:38Z,0.807,20.2,783.2,0.00,0.00,0.00,0.00,1.29
2026-08-23T21:45:39Z,0.763,19.1,780.2,0.00,0.00,0.00,0.00,1.29
2026-08-23T21:45:40Z,0.761,19.0,779.8,0.00,0.00,0.00,0.00,1.29
2026-08-23T21:45:41Z,0.713,17.8,777.4,0.00,0.00,0.00,0.00,1.29
2026-08-23T21:45:42Z,0.751,18.8,777.0,0.00,0.00,0.00,0.00,1.29
2026-08-23T21:45:43Z,0.685,17.1,778.9,0.00,0.00,0.00,0.00,1.19
2026-08-23T21:45:44Z,0.703,17.6,780.6,0.00,0.20,0.00,0.00,1.19
2026-08-23T21:45:45Z,0.714,17.8,777.4,0.00,0.00,0.00,0.00,1.19
2026-08-23T21:45:46Z,0.744,18.6,779.1,0.00,0.00,0.00,0.00,1.19
2026-08-23T21:45:47Z,0.769,19.2,772.3,0.00,0.00,0.00,0.00,1.19
2026-08-23T21:45:48Z,0.696,17.4,774.8,0.00,0.00,0.00,0.00,1.10
2026-08-23T21:45:49Z,0.781,19.5,775.8,0.00,0.00,0.00,0.00,1.10
2026-08-23T21:45:50Z,0.761,19.0,774.3,0.00,0.00,0.00,0.00,1.10
2026-08-23T21:45:51Z,0.731,18.3,774.3,0.00,0.00,0.00,0.00,1.10
2026-08-23T21:45:52Z,0.752,18.8,774.5,0.00,0.23,0.00,0.00,1.10
2026-08-23T21:45:53Z,0.772,19.3,773.7,0.00,0.00,0.00,0.00,1.01
2026-08-23T21:45:54Z,0.742,18.6,773.8,0.00,0.00,0.00,0.00,1.01
2026-08-23T21:45:55Z,0.754,18.9,775.1,0.00,0.00,0.00,0.00,1.01
2026-08-23T21:45:56Z,0.715,17.9,777.1,0.00,0.00,0.00,0.00,1.01
2026-08-23T21:45:57Z,0.780,19.5,776.3,0.00,0.00,0.00,0.00,1.01
2026-08-23T21:45:58Z,0.787,19.7,773.2,0.00,0.16,0.00,0.00,1.81
2026-08-23T21:45:59Z,0.780,19.5,775.1,0.00,0.00,0.00,0.00,1.81
2026-08-23T21:46:00Z,0.741,18.5,775.1,0.00,0.00,0.00,0.00,1.81
2026-08-23T21:46:01Z,0.724,18.1,775.1,0.00,0.00,0.00,0.00,1.81
2026-08-23T21:46:02Z,0.725,18.1,775.3,0.00,0.04,0.00,0.00,1.82
2026-08-23T21:46:03Z,0.742,18.6,776.0,0.00,0.16,0.00,0.00,1.82
2026-08-23T21:46:05Z,0.724,18.1,777.8,0.00,0.00,0.00,0.00,1.82
2026-08-23T21:46:06Z,0.749,18.7,775.6,0.00,0.00,0.00,0.00,1.82
2026-08-23T21:46:07Z,0.742,18.6,777.5,0.00,0.00,0.00,0.00,1.82
2026-08-23T21:46:08Z,0.705,17.6,777.8,0.00,0.01,0.00,0.00,1.68
2026-08-23T21:46:09Z,0.705,17.6,776.4,0.00,0.00,0.00,0.00,1.68
2026-08-23T21:46:10Z,0.742,18.6,775.0,0.00,0.00,0.00,0.00,1.68
2026-08-23T21:46:11Z,0.761,19.0,776.5,0.00,0.18,0.00,0.00,1.68
2026-08-23T21:46:12Z,0.745,18.6,779.7,0.00,0.00,0.00,0.00,1.68
2026-08-23T21:46:13Z,0.685,17.1,779.3,0.00,0.00,0.00,0.00,1.62
2026-08-23T21:46:14Z,0.788,19.7,780.5,0.00,0.00,0.00,0.00,1.62
2026-08-23T21:46:15Z,0.722,18.1,773.6,0.00,0.00,0.00,0.00,1.62
2026-08-23T21:46:16Z,0.743,18.6,774.1,0.00,0.00,0.00,0.00,1.62
2026-08-23T21:46:17Z,0.791,19.8,774.2,0.00,0.00,0.00,0.00,1.62
2026-08-23T21:46:18Z,0.744,18.6,775.4,0.00,0.00,0.00,0.00,1.49
2026-08-23T21:46:19Z,0.732,18.3,777.8,0.00,0.24,0.00,0.00,1.49
2026-08-23T21:46:20Z,0.770,19.2,780.3,0.00,0.00,0.00,0.00,1.49
2026-08-23T21:46:21Z,0.741,18.5,777.3,0.00,0.00,0.00,0.00,1.49
2026-08-23T21:46:22Z,0.743,18.6,778.5,0.00,0.00,0.00,0.00,1.49
2026-08-23T21:46:23Z,0.755,18.9,779.4,0.00,0.00,0.00,0.00,1.45
2026-08-23T21:46:24Z,0.707,17.7,779.9,0.00,0.00,0.00,0.00,1.45
2026-08-23T21:46:25Z,0.742,18.6,781.1,0.00,0.00,0.00,0.00,1.45
2026-08-23T21:46:26Z,0.752,18.8,782.0,0.00,0.18,0.00,0.00,1.45
2026-08-23T21:46:27Z,0.799,20.0,784.4,0.00,0.00,0.00,0.00,1.45
2026-08-23T21:46:28Z,0.703,17.6,781.7,0.00,0.00,0.00,0.00,1.50
2026-08-23T21:46:29Z,0.753,18.8,781.9,0.00,0.00,0.00,0.00,1.50
2026-08-23T21:46:30Z,0.677,16.9,784.4,0.00,0.00,0.00,0.00,1.50
2026-08-23T21:46:31Z,0.790,19.8,785.9,0.00,0.00,0.00,0.00,1.50
2026-08-23T21:46:33Z,0.751,18.8,786.7,0.00,0.06,0.00,0.00,1.46
2026-08-23T21:46:34Z,0.789,19.7,786.8,0.00,0.17,0.00,0.00,1.46
2026-08-23T21:46:35Z,0.725,18.1,787.4,0.00,0.00,0.00,0.00,1.46
2026-08-23T21:46:36Z,0.686,17.2,786.7,0.00,0.00,0.00,0.00,1.46
2026-08-23T21:46:37Z,0.801,20.0,787.2,0.00,0.04,0.00,0.00,1.46
2026-08-23T21:46:38Z,0.695,17.4,787.5,0.00,0.00,0.00,0.00,1.50
2026-08-23T21:46:39Z,0.790,19.8,786.3,0.00,0.00,0.00,0.00,1.50
2026-08-23T21:46:40Z,0.717,17.9,787.2,0.00,0.00,0.00,0.00,1.50
2026-08-23T21:46:41Z,0.697,17.4,788.8,0.00,0.00,0.00,0.00,1.50
2026-08-23T21:46:42Z,0.727,18.2,787.7,0.00,0.00,0.00,0.00,1.50
2026-08-23T21:46:43Z,0.705,17.6,786.9,0.00,0.00,0.00,0.00,1.38
2026-08-23T21:46:44Z,0.714,17.8,786.2,0.00,0.21,0.00,0.00,1.38
2026-08-23T21:46:45Z,0.696,17.4,787.2,0.00,0.00,0.00,0.00,1.38
2026-08-23T21:46:46Z,0.696,17.4,786.7,0.00,0.01,0.00,0.00,1.38
2026-08-23T21:46:47Z,0.745,18.6,784.2,0.00,0.00,0.00,0.00,1.38
2026-08-23T21:46:48Z,0.721,18.0,784.6,0.00,0.00,0.00,0.00,1.27
2026-08-23T21:46:49Z,0.767,19.2,786.3,0.00,0.00,0.00,0.00,1.27
2026-08-23T21:46:50Z,0.675,16.9,786.2,0.00,0.00,0.00,0.00,1.27
2026-08-23T21:46:51Z,0.703,17.6,785.9,0.00,0.00,0.00,0.00,1.27
2026-08-23T21:46:52Z,0.687,17.2,787.6,0.00,0.00,0.00,0.00,1.27
2026-08-23T21:46:53Z,0.743,18.6,789.1,0.00,0.00,0.00,0.00,1.17
2026-08-23T21:46:54Z,0.768,19.2,788.7,0.00,0.00,0.00,0.00,1.17
2026-08-23T21:46:55Z,0.742,18.6,787.0,0.00,0.00,0.00,0.00,1.17
2026-08-23T21:46:56Z,0.770,19.2,787.3,0.00,0.17,0.00,0.00,1.17
2026-08-23T21:46:57Z,0.763,19.1,788.4,0.00,0.00,0.00,0.00,1.39
2026-08-23T21:46:58Z,0.753,18.8,787.8,0.00,0.00,0.00,0.00,1.39
2026-08-23T21:46:59Z,0.752,18.8,780.2,0.00,0.00,0.00,0.00,1.39
2026-08-23T21:47:00Z,0.732,18.3,781.0,0.00,0.00,0.00,0.00,1.39
2026-08-23T21:47:02Z,0.686,17.2,780.8,0.00,0.00,0.00,0.00,1.39
2026-08-23T21:47:03Z,0.733,18.3,780.4,0.00,0.05,0.00,0.00,1.28
2026-08-23T21:47:04Z,0.694,17.3,780.7,0.00,0.00,0.00,0.00,1.28
2026-08-23T21:47:05Z,0.649,16.2,782.1,0.00,0.00,0.00,0.00,1.28
2026-08-23T21:47:06Z,0.694,17.3,785.0,0.00,0.16,0.00,0.00,1.28
2026-08-23T21:47:07Z,0.742,18.6,781.3,0.00,0.00,0.00,0.00,1.28
2026-08-23T21:47:08Z,0.754,18.9,782.8,0.00,0.02,0.00,0.00,1.26
2026-08-23T21:47:09Z,0.797,19.9,786.2,0.00,0.01,0.00,0.00,1.26
2026-08-23T21:47:10Z,0.694,17.3,784.2,0.00,0.00,0.00,0.00,1.26
2026-08-23T21:47:11Z,0.711,17.8,785.2,0.00,0.00,0.00,0.00,1.26
2026-08-23T21:47:12Z,0.753,18.8,786.4,0.00,0.15,0.00,0.00,1.26
2026-08-23T21:47:13Z,0.674,16.9,787.9,0.00,0.00,0.00,0.00,1.96
2026-08-23T21:47:14Z,0.705,17.6,789.9,0.00,0.00,0.00,0.00,1.96
2026-08-23T21:47:15Z,0.763,19.1,780.9,0.00,0.00,0.00,0.00,1.96
2026-08-23T21:47:16Z,0.704,17.6,780.9,0.00,0.00,0.00,0.00,1.96
2026-08-23T21:47:17Z,0.734,18.4,783.2,0.00,0.00,0.00,0.00,1.96
2026-08-23T21:47:18Z,0.733,18.3,784.7,0.00,0.00,0.00,0.00,1.80
2026-08-23T21:47:19Z,0.724,18.1,786.7,0.00,0.00,0.00,0.00,1.80
2026-08-23T21:47:20Z,0.733,18.3,787.6,0.00,0.17,0.00,0.00,1.80
2026-08-23T21:47:21Z,0.743,18.6,783.8,0.00,0.00,0.00,0.00,1.80
2026-08-23T21:47:22Z,0.744,18.6,784.6,0.00,0.00,0.00,0.00,1.80
2026-08-23T21:47:23Z,0.741,18.5,785.8,0.00,0.00,0.00,0.00,1.66
2026-08-23T21:47:24Z,0.717,17.9,785.4,0.00,0.00,0.00,0.00,1.66
2026-08-23T21:47:25Z,0.736,18.4,777.9,0.00,0.00,0.00,0.00,1.66
2026-08-23T21:47:26Z,0.636,15.9,779.0,0.00,0.22,0.00,0.00,1.66
2026-08-23T21:47:27Z,0.667,16.7,777.5,0.00,0.00,0.00,0.00,1.52
2026-08-23T21:47:28Z,0.753,18.8,778.3,0.00,0.00,0.00,0.00,1.52
2026-08-23T21:47:29Z,0.755,18.9,779.0,0.00,0.00,0.00,0.00,1.52
2026-08-23T21:47:31Z,0.639,16.0,780.0,0.00,0.01,0.00,0.00,1.52
2026-08-23T21:47:32Z,0.754,18.9,779.4,0.00,0.00,0.00,0.00,1.52
2026-08-23T21:47:33Z,0.696,17.4,779.2,0.00,0.05,0.00,0.00,1.40
2026-08-23T21:47:34Z,0.752,18.8,781.4,0.00,0.16,0.00,0.00,1.40
2026-08-23T21:47:35Z,0.751,18.8,774.7,0.00,0.00,0.00,0.00,1.40
2026-08-23T21:47:36Z,0.676,16.9,777.2,0.00,0.00,0.00,0.00,1.40
2026-08-23T21:47:37Z,0.703,17.6,773.1,0.00,0.00,0.00,0.00,1.40
2026-08-23T21:47:38Z,0.696,17.4,774.2,0.00,0.02,0.00,0.00,1.29
2026-08-23T21:47:39Z,0.733,18.3,776.2,0.00,0.00,0.00,0.00,1.29
2026-08-23T21:47:40Z,0.695,17.4,777.8,0.00,0.00,0.00,0.00,1.29
2026-08-23T21:47:41Z,0.722,18.1,779.3,0.00,0.21,0.00,0.00,1.29
2026-08-23T21:47:42Z,0.772,19.3,777.8,0.00,0.00,0.00,0.00,1.29
2026-08-23T21:47:43Z,0.735,18.4,779.2,0.00,0.00,0.00,0.00,1.19
2026-08-23T21:47:44Z,0.656,16.4,780.7,0.00,0.00,0.00,0.00,1.19
2026-08-23T21:47:45Z,0.771,19.3,781.8,0.00,0.00,0.00,0.00,1.19
2026-08-23T21:47:46Z,0.686,17.2,783.8,0.00,0.00,0.00,0.00,1.19
2026-08-23T21:47:47Z,0.762,19.1,785.5,0.00,0.00,0.00,0.00,1.19
2026-08-23T21:47:48Z,0.705,17.6,785.3,0.00,0.00,0.00,0.00,1.09
2026-08-23T21:47:49Z,0.697,17.4,786.4,0.00,0.01,0.00,0.00,1.09
2026-08-23T21:47:50Z,0.745,18.6,787.2,0.00,0.17,0.00,0.00,1.09
2026-08-23T21:47:51Z,0.655,16.4,787.4,0.00,0.00,0.00,0.00,1.09
2026-08-23T21:47:52Z,0.668,16.7,784.4,0.00,0.00,0.00,0.00,1.09
2026-08-23T21:47:53Z,0.754,18.9,785.2,0.00,0.00,0.00,0.00,1.16
2026-08-23T21:47:54Z,0.707,17.7,786.1,0.00,0.00,0.00,0.00,1.16
2026-08-23T21:47:55Z,0.726,18.1,785.5,0.00,0.00,0.00,0.00,1.16
2026-08-23T21:47:56Z,0.742,18.6,778.9,0.00,0.00,0.00,0.00,1.16
2026-08-23T21:47:57Z,0.646,16.2,779.2,0.00,0.18,0.00,0.00,1.07
2026-08-23T21:47:58Z,0.727,18.2,780.5,0.00,0.00,0.00,0.00,1.07
2026-08-23T21:48:00Z,0.676,16.9,783.3,0.00,0.00,0.00,0.00,1.07
2026-08-23T21:48:01Z,0.676,16.9,782.8,0.00,0.00,0.00,0.00,1.07
2026-08-23T21:48:02Z,0.684,17.1,785.0,0.00,0.00,0.00,0.00,1.07
2026-08-23T21:48:03Z,0.714,17.8,783.6,0.00,0.04,0.00,0.00,0.99
2026-08-23T21:48:04Z,0.694,17.3,784.6,0.00,0.00,0.00,0.00,0.99
2026-08-23T21:48:05Z,0.684,17.1,785.5,0.00,0.00,0.00,0.00,0.99
2026-08-23T21:48:06Z,0.704,17.6,786.8,0.00,0.00,0.00,0.00,0.99
2026-08-23T21:48:07Z,0.715,17.9,786.9,0.00,0.02,0.00,0.00,0.99
2026-08-23T21:48:08Z,0.770,19.2,788.3,0.00,0.17,0.00,0.00,0.99
2026-08-23T21:48:09Z,0.735,18.4,790.4,0.00,0.00,0.00,0.00,0.99
2026-08-23T21:48:10Z,0.790,19.8,788.7,0.00,0.00,0.00,0.00,0.99
2026-08-23T21:48:11Z,0.667,16.7,788.8,0.00,0.00,0.00,0.00,0.99
2026-08-23T21:48:12Z,0.745,18.6,780.1,0.00,0.00,0.00,0.00,0.99
2026-08-23T21:48:13Z,0.762,19.1,782.8,0.00,0.00,0.00,0.00,0.91
2026-08-23T21:48:14Z,0.683,17.1,779.7,0.00,0.00,0.00,0.00,0.91
2026-08-23T21:48:15Z,0.694,17.3,779.4,0.00,0.00,0.00,0.00,0.91
2026-08-23T21:48:16Z,0.725,18.1,782.0,0.00,0.00,0.00,0.00,0.91
2026-08-23T21:48:17Z,1.107,27.7,804.0,0.00,0.20,0.00,0.00,0.91
2026-08-23T21:48:18Z,0.752,18.8,801.2,0.00,0.00,0.00,0.00,1.08
2026-08-23T21:48:19Z,0.723,18.1,790.0,0.00,0.00,0.00,0.00,1.08
2026-08-23T21:48:20Z,0.730,18.2,789.5,0.00,0.00,0.00,0.00,1.08
2026-08-23T21:48:21Z,0.703,17.6,783.3,0.00,0.00,0.00,0.00,1.08
2026-08-23T21:48:22Z,0.753,18.8,776.9,0.00,0.49,0.00,0.00,1.08
2026-08-23T21:48:23Z,0.733,18.3,779.6,0.00,0.00,0.00,0.00,1.39
2026-08-23T21:48:24Z,0.706,17.6,782.2,0.00,0.00,0.00,0.00,1.39
2026-08-23T21:48:25Z,0.753,18.8,779.6,0.00,0.00,0.00,0.00,1.39
2026-08-23T21:48:26Z,0.657,16.4,779.9,0.00,0.00,0.00,0.00,1.39
2026-08-23T21:48:28Z,0.848,21.2,772.2,0.00,0.00,0.00,0.00,1.44
2026-08-23T21:48:29Z,0.753,18.8,775.7,0.00,0.00,0.00,0.00,1.44
2026-08-23T21:48:30Z,0.744,18.6,774.9,0.00,0.00,0.00,0.00,1.44
2026-08-23T21:48:31Z,0.724,18.1,777.2,0.00,0.00,0.00,0.00,1.44
2026-08-23T21:48:32Z,0.731,18.3,772.7,0.00,0.00,0.00,0.00,1.44
2026-08-23T21:48:33Z,0.743,18.6,774.2,0.00,0.09,0.00,0.00,1.32
2026-08-23T21:48:34Z,0.704,17.6,776.3,0.00,0.00,0.00,0.00,1.32
2026-08-23T21:48:35Z,0.724,18.1,779.3,0.00,0.00,0.00,0.00,1.32
2026-08-23T21:48:36Z,0.639,16.0,781.1,0.00,0.30,0.00,0.00,1.32
2026-08-23T21:48:37Z,0.789,19.7,783.3,0.00,0.06,0.00,0.00,1.32
2026-08-23T21:48:38Z,0.732,18.3,777.1,0.00,0.00,0.00,0.00,1.86
2026-08-23T21:48:39Z,0.759,19.0,779.4,0.00,0.00,0.00,0.00,1.86
2026-08-23T21:48:40Z,0.733,18.3,780.6,0.00,0.00,0.00,0.00,1.86
2026-08-23T21:48:41Z,0.791,19.8,774.5,0.00,0.00,0.00,0.00,1.86
2026-08-23T21:48:42Z,0.714,17.8,777.2,0.00,0.00,0.00,0.00,1.86
2026-08-23T21:48:43Z,0.751,18.8,776.5,0.00,0.00,0.00,0.00,1.71
2026-08-23T21:48:44Z,0.732,18.3,777.6,0.00,0.00,0.00,0.00,1.71
2026-08-23T21:48:45Z,0.746,18.6,781.0,0.00,0.00,0.00,0.00,1.71
2026-08-23T21:48:46Z,0.781,19.5,783.3,0.00,0.21,0.00,0.00,1.71
2026-08-23T21:48:47Z,0.684,17.1,783.8,0.00,0.00,0.00,0.00,1.71
2026-08-23T21:48:48Z,0.742,18.6,780.7,0.00,0.00,0.00,0.00,1.57
2026-08-23T21:48:49Z,0.732,18.3,783.4,0.00,0.00,0.00,0.00,1.57
2026-08-23T21:48:50Z,0.751,18.8,783.7,0.00,0.00,0.00,0.00,1.57
2026-08-23T21:48:51Z,0.734,18.4,783.6,0.00,0.01,0.00,0.00,1.57
2026-08-23T21:48:52Z,0.735,18.4,786.1,0.00,0.00,0.00,0.00,2.33
2026-08-23T21:48:53Z,0.714,17.8,786.2,0.00,0.17,0.00,0.00,2.33
2026-08-23T21:48:54Z,0.744,18.6,785.6,0.00,0.00,0.00,0.00,2.33
2026-08-23T21:48:56Z,0.762,19.1,783.9,0.00,0.00,0.00,0.00,2.33
2026-08-23T21:48:57Z,0.780,19.5,785.0,0.00,0.00,0.00,0.00,2.33
2026-08-23T21:48:58Z,0.743,18.6,786.4,0.00,0.00,0.00,0.00,2.14
2026-08-23T21:48:59Z,0.696,17.4,787.4,0.00,0.00,0.00,0.00,2.14
2026-08-23T21:49:00Z,0.705,17.6,788.1,0.00,0.00,0.00,0.00,2.14
2026-08-23T21:49:01Z,0.750,18.8,789.6,0.00,0.16,0.00,0.00,2.14
2026-08-23T21:49:02Z,0.743,18.6,780.0,0.00,0.00,0.00,0.00,2.14
2026-08-23T21:49:03Z,0.707,17.7,781.1,0.00,0.05,0.00,0.00,1.97
2026-08-23T21:49:04Z,0.686,17.2,784.4,0.00,0.00,0.00,0.00,1.97
2026-08-23T21:49:05Z,0.746,18.6,785.6,0.00,0.00,0.00,0.00,1.97
2026-08-23T21:49:06Z,0.764,19.1,786.0,0.00,0.00,0.00,0.00,1.97
2026-08-23T21:49:07Z,0.754,18.9,786.5,0.00,0.00,0.00,0.00,1.97
2026-08-23T21:49:08Z,0.696,17.4,783.6,0.00,0.23,0.00,0.00,1.89
2026-08-23T21:49:09Z,0.745,18.6,785.9,0.00,0.00,0.00,0.00,1.89
2026-08-23T21:49:10Z,0.751,18.8,787.1,0.00,0.00,0.00,0.00,1.89
2026-08-23T21:49:11Z,0.731,18.3,786.3,0.00,0.00,0.00,0.00,1.89
2026-08-23T21:49:12Z,0.731,18.3,786.0,0.00,0.00,0.00,0.00,1.89
2026-08-23T21:49:13Z,0.744,18.6,785.7,0.00,0.00,0.00,0.00,1.90
2026-08-23T21:49:14Z,0.668,16.7,784.8,0.00,0.00,0.00,0.00,1.90
2026-08-23T21:49:15Z,0.696,17.4,784.2,0.00,0.00,0.00,0.00,1.90
2026-08-23T21:49:16Z,0.725,18.1,785.1,0.00,0.17,0.00,0.00,1.90
2026-08-23T21:49:17Z,0.771,19.3,784.1,0.00,0.00,0.00,0.00,1.90
2026-08-23T21:49:18Z,0.784,19.6,783.8,0.00,0.00,0.00,0.00,1.75
2026-08-23T21:49:19Z,0.733,18.3,785.3,0.00,0.00,0.00,0.00,1.75
2026-08-23T21:49:20Z,0.756,18.9,786.7,0.00,0.00,0.00,0.00,1.75
2026-08-23T21:49:21Z,0.726,18.1,786.6,0.00,0.00,0.00,0.00,1.75
2026-08-23T21:49:22Z,0.736,18.4,785.7,0.00,0.02,0.00,0.00,1.61
2026-08-23T21:49:23Z,0.745,18.6,786.2,0.00,0.00,0.00,0.00,1.61
2026-08-23T21:49:24Z,0.706,17.6,786.1,0.00,0.00,0.00,0.00,1.61
2026-08-23T21:49:26Z,0.717,17.9,786.2,0.00,0.00,0.00,0.00,1.61
2026-08-23T21:49:27Z,0.709,17.7,786.3,0.00,0.00,0.00,0.00,1.61
2026-08-23T21:49:28Z,0.706,17.6,787.0,0.00,0.20,0.00,0.00,1.56
2026-08-23T21:49:29Z,0.726,18.1,786.8,0.00,0.00,0.00,0.00,1.56
2026-08-23T21:49:30Z,0.737,18.4,786.5,0.00,0.00,0.00,0.00,1.56
2026-08-23T21:49:31Z,0.737,18.4,786.9,0.00,0.00,0.00,0.00,1.56
2026-08-23T21:49:32Z,0.735,18.4,786.2,0.00,0.00,0.00,0.00,1.56
2026-08-23T21:49:33Z,0.698,17.4,785.4,0.00,0.06,0.00,0.00,1.51
2026-08-23T21:49:34Z,0.679,17.0,784.7,0.00,0.17,0.00,0.00,1.51
2026-08-23T21:49:35Z,0.746,18.6,786.5,0.00,0.00,0.00,0.00,1.51
2026-08-23T21:49:36Z,0.687,17.2,786.5,0.00,0.00,0.00,0.00,1.51
2026-08-23T21:49:37Z,0.735,18.4,779.0,0.00,0.00,0.00,0.00,1.51
2026-08-23T21:49:38Z,0.718,17.9,780.1,0.00,0.03,0.00,0.00,1.39
2026-08-23T21:49:39Z,0.728,18.2,779.9,0.00,0.00,0.00,0.00,1.39
2026-08-23T21:49:40Z,0.786,19.7,779.9,0.00,0.00,0.00,0.00,1.39
2026-08-23T21:49:41Z,0.687,17.2,779.9,0.00,0.00,0.00,0.00,1.39
2026-08-23T21:49:42Z,0.717,17.9,782.0,0.00,0.00,0.00,0.00,1.39
2026-08-23T21:49:43Z,0.773,19.3,783.3,0.00,0.00,0.00,0.00,1.28
2026-08-23T21:49:44Z,0.735,18.4,783.3,0.00,0.00,0.00,0.00,1.28
2026-08-23T21:49:45Z,0.725,18.1,781.8,0.00,0.00,0.00,0.00,1.28
2026-08-23T21:49:46Z,0.755,18.9,784.7,0.00,0.00,0.00,0.00,1.28
2026-08-23T21:49:47Z,0.707,17.7,785.9,0.00,0.20,0.00,0.00,1.28
2026-08-23T21:49:48Z,0.747,18.7,786.0,0.00,0.00,0.00,0.00,1.26
2026-08-23T21:49:49Z,0.726,18.1,783.8,0.00,0.00,0.00,0.00,1.26
2026-08-23T21:49:50Z,0.757,18.9,785.5,0.00,0.00,0.00,0.00,1.26
2026-08-23T21:49:51Z,0.756,18.9,783.9,0.00,0.00,0.00,0.00,1.26
2026-08-23T21:49:52Z,0.748,18.7,784.6,0.00,0.00,0.00,0.00,1.26
2026-08-23T21:49:53Z,0.756,18.9,784.2,0.00,0.01,0.00,0.00,1.16
2026-08-23T21:49:54Z,0.800,20.0,785.3,0.00,0.16,0.00,0.00,1.16
2026-08-23T21:49:55Z,0.772,19.3,782.6,0.00,0.00,0.00,0.00,1.16
2026-08-23T21:49:57Z,0.752,18.8,774.8,0.00,0.00,0.00,0.00,1.16
2026-08-23T21:49:58Z,0.803,20.1,774.7,0.00,0.00,0.00,0.00,1.22
2026-08-23T21:49:59Z,0.747,18.7,779.1,0.00,0.00,0.00,0.00,1.22
2026-08-23T21:50:00Z,0.735,18.4,782.1,0.00,0.00,0.00,0.00,1.22
2026-08-23T21:50:01Z,0.735,18.4,779.5,0.00,0.00,0.00,0.00,1.22
2026-08-23T21:50:02Z,0.706,17.6,779.7,0.00,0.17,0.00,0.00,1.22
2026-08-23T21:50:03Z,0.783,19.6,780.0,0.00,0.00,0.00,0.00,1.37
2026-08-23T21:50:04Z,0.745,18.6,780.9,0.00,0.05,0.00,0.00,1.37
2026-08-23T21:50:05Z,0.757,18.9,782.1,0.00,0.00,0.00,0.00,1.37
2026-08-23T21:50:06Z,0.708,17.7,781.1,0.00,0.00,0.00,0.00,1.37
2026-08-23T21:50:07Z,0.708,17.7,784.0,0.00,0.00,0.00,0.00,1.37
2026-08-23T21:50:08Z,0.735,18.4,785.3,0.00,0.00,0.00,0.00,1.42
2026-08-23T21:50:09Z,0.745,18.6,786.7,0.00,0.02,0.00,0.00,1.42
2026-08-23T21:50:10Z,0.776,19.4,784.7,0.00,0.00,0.00,0.00,1.42
2026-08-23T21:50:11Z,0.805,20.1,785.0,0.00,0.17,0.00,0.00,1.42
2026-08-23T21:50:12Z,0.756,18.9,781.5,0.00,0.48,0.00,0.00,1.42
2026-08-23T21:50:13Z,0.793,19.8,774.1,0.00,0.00,0.00,0.00,1.54
2026-08-23T21:50:14Z,0.764,19.1,775.9,0.00,0.00,0.00,0.00,1.54
2026-08-23T21:50:15Z,0.743,18.6,778.1,0.00,0.00,0.00,0.00,1.54
2026-08-23T21:50:16Z,0.679,17.0,778.0,0.00,0.11,0.00,0.00,1.54
2026-08-23T21:50:17Z,0.727,18.2,781.0,0.00,0.02,0.00,0.00,1.54
2026-08-23T21:50:18Z,0.669,16.7,779.6,0.00,0.41,0.00,0.00,1.42
2026-08-23T21:50:19Z,0.726,18.1,778.9,0.00,0.00,0.00,0.00,1.42
2026-08-23T21:50:20Z,0.765,19.1,781.3,0.00,0.00,0.00,0.00,1.42
2026-08-23T21:50:21Z,0.717,17.9,782.7,0.00,0.00,0.00,0.00,1.42
2026-08-23T21:50:22Z,0.689,17.2,780.6,0.00,0.00,0.00,0.00,1.42
2026-08-23T21:50:23Z,0.776,19.4,780.9,0.00,0.00,0.00,0.00,1.55
2026-08-23T21:50:24Z,0.736,18.4,780.7,0.00,0.16,0.00,0.00,1.55
2026-08-23T21:50:25Z,0.723,18.1,781.0,0.00,0.00,0.00,0.00,1.55
2026-08-23T21:50:26Z,0.688,17.2,776.5,0.00,0.00,0.00,0.00,1.55
2026-08-23T21:50:27Z,0.765,19.1,777.8,0.00,0.00,0.00,0.00,1.42
2026-08-23T21:50:29Z,0.706,17.6,779.0,0.00,0.00,0.00,0.00,1.42
2026-08-23T21:50:30Z,0.727,18.2,779.3,0.00,0.00,0.00,0.00,1.42
2026-08-23T21:50:31Z,0.737,18.4,775.4,0.00,0.00,0.00,0.00,1.42
2026-08-23T21:50:32Z,0.764,19.1,775.3,0.00,0.23,0.00,0.00,1.42
2026-08-23T21:50:33Z,0.744,18.6,774.6,0.00,0.04,0.00,0.00,1.39
2026-08-23T21:50:34Z,0.766,19.1,773.9,0.00,0.00,0.00,0.00,1.39
2026-08-23T21:50:35Z,0.736,18.4,775.9,0.00,0.00,0.00,0.00,1.39
2026-08-23T21:50:36Z,0.660,16.5,778.1,0.00,0.00,0.00,0.00,1.39
2026-08-23T21:50:37Z,0.698,17.4,779.1,0.00,0.25,0.00,0.00,1.39
2026-08-23T21:50:38Z,0.727,18.2,780.8,0.00,0.01,0.00,0.00,1.28
2026-08-23T21:50:39Z,0.736,18.4,783.5,0.00,0.00,0.00,0.00,1.28
2026-08-23T21:50:40Z,0.746,18.6,777.2,0.00,0.00,0.00,0.00,1.28
2026-08-23T21:50:41Z,0.697,17.4,776.9,0.00,0.00,0.00,0.00,1.28
2026-08-23T21:50:42Z,0.785,19.6,775.1,0.00,0.00,0.00,0.00,1.28
2026-08-23T21:50:43Z,0.727,18.2,779.3,0.00,0.00,0.00,0.00,1.18
2026-08-23T21:50:44Z,0.746,18.6,773.6,0.00,0.00,0.00,0.00,1.18
2026-08-23T21:50:45Z,0.812,20.3,773.9,0.00,0.28,0.00,0.00,1.18
2026-08-23T21:50:46Z,0.764,19.1,775.2,0.00,0.00,0.00,0.00,1.18
2026-08-23T21:50:47Z,0.745,18.6,776.9,0.00,0.00,0.00,0.00,1.18
2026-08-23T21:50:48Z,0.736,18.4,777.6,0.00,0.00,0.00,0.00,1.48
2026-08-23T21:50:49Z,0.736,18.4,778.3,0.00,0.00,0.00,0.00,1.48
2026-08-23T21:50:50Z,0.737,18.4,780.2,0.00,0.00,0.00,0.00,1.48
2026-08-23T21:50:51Z,0.743,18.6,776.7,0.00,0.00,0.00,0.00,1.48
2026-08-23T21:50:52Z,0.753,18.8,774.0,0.00,0.00,0.00,0.00,1.48
2026-08-23T21:50:53Z,0.716,17.9,775.7,0.00,0.00,0.00,0.00,1.36
2026-08-23T21:50:54Z,0.726,18.1,779.1,0.00,0.00,0.00,0.00,1.36
2026-08-23T21:50:55Z,0.727,18.2,777.8,0.00,0.20,0.00,0.00,1.36
2026-08-23T21:50:56Z,0.764,19.1,780.2,0.00,0.02,0.00,0.00,1.36
2026-08-23T21:50:57Z,0.765,19.1,782.9,0.00,0.00,0.00,0.00,1.41
2026-08-23T21:50:58Z,0.726,18.1,781.5,0.00,0.00,0.00,0.00,1.41
2026-08-23T21:51:00Z,0.775,19.4,782.5,0.00,0.00,0.00,0.00,1.41
2026-08-23T21:51:01Z,0.746,18.6,785.2,0.00,0.00,0.00,0.00,1.41
2026-08-23T21:51:02Z,0.748,18.7,786.3,0.00,0.00,0.00,0.00,1.41
2026-08-23T21:51:03Z,0.707,17.7,788.0,0.00,0.00,0.00,0.00,1.78
2026-08-23T21:51:04Z,0.718,17.9,786.9,0.00,0.29,0.00,0.00,1.78
2026-08-23T21:51:05Z,0.727,18.2,787.6,0.00,0.00,0.00,0.00,1.78
2026-08-23T21:51:06Z,0.687,17.2,790.6,0.00,0.00,0.00,0.00,1.78
2026-08-23T21:51:07Z,0.736,18.4,779.1,0.00,0.00,0.00,0.00,1.78
2026-08-23T21:51:08Z,0.689,17.2,781.6,0.00,0.00,0.00,0.00,1.64
2026-08-23T21:51:09Z,0.719,18.0,777.9,0.00,0.02,0.00,0.00,1.64
2026-08-23T21:51:10Z,0.699,17.5,779.2,0.00,0.00,0.00,0.00,1.64
2026-08-23T21:51:11Z,0.755,18.9,780.8,0.00,0.00,0.00,0.00,1.64
2026-08-23T21:51:12Z,0.689,17.2,779.9,0.00,0.17,0.00,0.00,1.64
2026-08-23T21:51:13Z,0.709,17.7,783.4,0.00,0.00,0.00,0.00,1.75
2026-08-23T21:51:14Z,0.687,17.2,783.4,0.00,0.00,0.00,0.00,1.75
2026-08-23T21:51:15Z,0.766,19.1,785.0,0.00,0.00,0.00,0.00,1.75
2026-08-23T21:51:16Z,0.776,19.4,787.9,0.00,0.00,0.00,0.00,1.75
2026-08-23T21:51:17Z,0.764,19.1,789.5,0.00,0.00,0.00,0.00,1.75
2026-08-23T21:51:18Z,0.755,18.9,789.6,0.00,0.15,0.00,0.00,1.61
2026-08-23T21:51:19Z,0.735,18.4,784.7,0.00,0.00,0.00,0.00,1.61
2026-08-23T21:51:20Z,0.687,17.2,784.7,0.00,0.00,0.00,0.00,1.61
2026-08-23T21:51:21Z,0.747,18.7,785.7,0.00,0.00,0.00,0.00,1.61
2026-08-23T21:51:22Z,0.727,18.2,786.3,0.00,0.00,0.00,0.00,1.61
2026-08-23T21:51:23Z,0.738,18.4,786.4,0.00,0.00,0.00,0.00,1.80
2026-08-23T21:51:24Z,0.678,17.0,788.6,0.00,0.17,0.00,0.00,1.80
2026-08-23T21:51:25Z,0.728,18.2,786.0,0.00,0.00,0.00,0.00,1.80
2026-08-23T21:51:26Z,0.677,16.9,787.4,0.00,0.00,0.00,0.00,1.80
2026-08-23T21:51:27Z,0.727,18.2,779.2,0.00,0.00,0.00,0.00,1.80
2026-08-23T21:51:28Z,0.765,19.1,774.2,0.00,0.00,0.00,0.00,1.66
2026-08-23T21:51:29Z,0.687,17.2,775.8,0.00,0.00,0.00,0.00,1.66
2026-08-23T21:51:30Z,0.755,18.9,777.7,0.00,0.00,0.00,0.00,1.66
2026-08-23T21:51:31Z,0.718,17.9,776.7,0.00,0.00,0.00,0.00,1.66
2026-08-23T21:51:33Z,0.728,18.2,778.3,0.00,0.19,0.00,0.00,2.32
2026-08-23T21:51:34Z,0.775,19.4,780.4,0.00,0.03,0.00,0.00,2.32
2026-08-23T21:51:35Z,0.747,18.7,780.0,0.00,0.00,0.00,0.00,2.32
2026-08-23T21:51:36Z,0.747,18.7,782.0,0.00,0.01,0.00,0.00,2.32
2026-08-23T21:51:37Z,0.746,18.6,785.2,0.00,0.00,0.00,0.00,2.32
2026-08-23T21:51:38Z,0.685,17.1,784.9,0.00,0.00,0.00,0.00,2.14
2026-08-23T21:51:39Z,0.725,18.1,785.6,0.00,0.00,0.00,0.00,2.14
2026-08-23T21:51:40Z,0.718,17.9,787.4,0.00,0.17,0.00,0.00,2.14
2026-08-23T21:51:41Z,0.728,18.2,789.6,0.00,0.00,0.00,0.00,2.14
2026-08-23T21:51:42Z,0.727,18.2,787.4,0.00,0.00,0.00,0.00,2.14
2026-08-23T21:51:43Z,0.735,18.4,787.7,0.00,0.00,0.00,0.00,1.97
2026-08-23T21:51:44Z,0.706,17.6,787.5,0.00,0.00,0.00,0.00,1.97
2026-08-23T21:51:45Z,0.728,18.2,788.5,0.00,0.00,0.00,0.00,1.97
2026-08-23T21:51:46Z,0.668,16.7,787.8,0.00,0.00,0.00,0.00,1.97
2026-08-23T21:51:47Z,0.775,19.4,788.4,0.00,0.19,0.00,0.00,1.97
2026-08-23T21:51:48Z,0.667,16.7,791.0,0.00,0.00,0.00,0.00,1.89
2026-08-23T21:51:49Z,0.707,17.7,787.8,0.00,0.00,0.00,0.00,1.89
2026-08-23T21:51:50Z,0.726,18.1,790.0,0.00,0.00,0.00,0.00,1.89
2026-08-23T21:51:51Z,0.727,18.2,788.1,0.00,0.00,0.00,0.00,1.89
2026-08-23T21:51:52Z,0.736,18.4,790.1,0.00,0.00,0.00,0.00,1.89
2026-08-23T21:51:53Z,0.718,17.9,787.3,0.00,0.00,0.00,0.00,1.74
2026-08-23T21:51:54Z,0.794,19.9,789.7,0.00,0.18,0.00,0.00,1.74
2026-08-23T21:51:55Z,0.766,19.1,791.2,0.00,0.00,0.00,0.00,1.74
2026-08-23T21:51:56Z,0.747,18.7,780.3,0.00,0.00,0.00,0.00,1.74
2026-08-23T21:51:57Z,0.774,19.4,783.6,0.00,0.00,0.00,0.00,1.74
2026-08-23T21:51:58Z,0.659,16.5,785.8,0.00,0.01,0.00,0.00,1.68
2026-08-23T21:51:59Z,0.668,16.7,788.0,0.00,0.00,0.00,0.00,1.68
2026-08-23T21:52:00Z,0.746,18.6,788.8,0.00,0.00,0.00,0.00,1.68
2026-08-23T21:52:01Z,0.747,18.7,786.2,0.00,0.17,0.00,0.00,1.68
2026-08-23T21:52:02Z,0.766,19.1,779.1,0.00,0.00,0.00,0.00,1.54
2026-08-23T21:52:03Z,0.719,18.0,781.7,0.00,0.05,0.00,0.00,1.54
2026-08-23T21:52:05Z,0.734,18.4,780.9,0.00,0.00,0.00,0.00,1.54
2026-08-23T21:52:06Z,0.737,18.4,783.1,0.00,0.00,0.00,0.00,1.54
2026-08-23T21:52:07Z,0.746,18.6,783.1,0.00,0.00,0.00,0.00,1.54
2026-08-23T21:52:08Z,0.823,20.6,779.4,0.00,0.25,0.00,0.00,1.42
2026-08-23T21:52:09Z,0.706,17.6,779.7,0.00,0.02,0.00,0.00,1.42
2026-08-23T21:52:10Z,0.746,18.6,781.4,0.00,0.00,0.00,0.00,1.42
2026-08-23T21:52:11Z,0.737,18.4,782.8,0.00,0.00,0.00,0.00,1.42
2026-08-23T21:52:12Z,0.727,18.2,782.7,0.00,0.00,0.00,0.00,1.42
2026-08-23T21:52:13Z,0.687,17.2,782.6,0.00,0.00,0.00,0.00,1.71
2026-08-23T21:52:14Z,0.745,18.6,782.2,0.00,0.00,0.00,0.00,1.71
2026-08-23T21:52:15Z,0.724,18.1,784.1,0.00,0.00,0.00,0.00,1.71
2026-08-23T21:52:16Z,0.745,18.6,783.1,0.00,0.00,0.00,0.00,1.71
2026-08-23T21:52:17Z,0.717,17.9,783.8,0.00,0.00,0.00,0.00,1.71
2026-08-23T21:52:18Z,0.804,20.1,786.8,0.00,0.00,0.00,0.00,1.65
2026-08-23T21:52:19Z,0.763,19.1,786.8,0.00,0.00,0.00,0.00,1.65
2026-08-23T21:52:20Z,0.737,18.4,788.1,0.00,0.17,0.00,0.00,1.65
2026-08-23T21:52:21Z,0.659,16.5,790.3,0.00,0.00,0.00,0.00,1.65
2026-08-23T21:52:22Z,0.812,20.3,789.8,0.00,0.00,0.00,0.00,1.65
2026-08-23T21:52:23Z,0.753,18.8,787.2,0.00,0.00,0.00,0.00,1.60
2026-08-23T21:52:24Z,0.775,19.4,787.8,0.00,0.00,0.00,0.00,1.60
2026-08-23T21:52:25Z,0.747,18.7,788.7,0.00,0.00,0.00,0.00,1.60
2026-08-23T21:52:26Z,0.638,16.0,790.4,0.00,0.00,0.00,0.00,1.60
2026-08-23T21:52:27Z,0.783,19.6,792.8,0.00,0.16,0.00,0.00,1.60
2026-08-23T21:52:28Z,0.795,19.9,786.7,0.00,0.00,0.00,0.00,1.47
2026-08-23T21:52:29Z,0.727,18.2,787.5,0.00,0.01,0.00,0.00,1.47
2026-08-23T21:52:30Z,0.794,19.9,788.9,0.00,0.00,0.00,0.00,1.47
2026-08-23T21:52:31Z,0.773,19.3,786.6,0.00,0.00,0.00,0.00,1.47
2026-08-23T21:52:32Z,0.687,17.2,789.1,0.00,0.00,0.00,0.00,1.47
2026-08-23T21:52:33Z,0.783,19.6,791.5,0.00,0.18,0.00,0.00,1.35
2026-08-23T21:52:34Z,0.776,19.4,790.4,0.00,0.05,0.00,0.00,1.35
2026-08-23T21:52:36Z,0.793,19.8,792.4,0.00,0.00,0.00,0.00,1.35
2026-08-23T21:52:37Z,0.745,18.6,791.2,0.00,0.00,0.00,0.00,1.35
2026-08-23T21:52:38Z,0.752,18.8,790.6,0.00,0.00,0.00,0.00,1.72
2026-08-23T21:52:39Z,0.822,20.5,781.7,0.00,0.00,0.00,0.00,1.72
2026-08-23T21:52:40Z,0.804,20.1,781.6,0.00,0.02,0.00,0.00,1.72
2026-08-23T21:52:41Z,0.734,18.4,779.1,0.00,0.00,0.00,0.00,1.72
2026-08-23T21:52:42Z,0.812,20.3,774.0,0.00,0.00,0.00,0.00,1.72
2026-08-23T21:52:43Z,0.696,17.4,777.2,0.00,0.00,0.00,0.00,1.91
2026-08-23T21:52:44Z,0.801,20.0,779.6,0.00,0.21,0.00,0.00,1.91
2026-08-23T21:52:45Z,0.813,20.3,782.3,0.00,0.00,0.00,0.00,1.91
2026-08-23T21:52:46Z,0.746,18.6,779.1,0.00,0.01,0.00,0.00,1.91
2026-08-23T21:52:47Z,0.735,18.4,782.1,0.00,0.00,0.00,0.00,1.91
2026-08-23T21:52:48Z,0.688,17.2,783.6,0.00,0.00,0.00,0.00,1.75
2026-08-23T21:52:49Z,0.794,19.9,786.0,0.00,0.00,0.00,0.00,1.75
2026-08-23T21:52:50Z,0.708,17.7,784.8,0.00,0.00,0.00,0.00,1.75
2026-08-23T21:52:51Z,0.776,19.4,778.6,0.00,0.00,0.00,0.00,1.75
2026-08-23T21:52:52Z,0.727,18.2,780.8,0.00,0.00,0.00,0.00,1.75
2026-08-23T21:52:53Z,0.669,16.7,784.5,0.00,0.00,0.00,0.00,1.61
2026-08-23T21:52:54Z,0.815,20.4,783.1,0.00,0.00,0.00,0.00,1.61
2026-08-23T21:52:55Z,0.745,18.6,783.1,0.00,0.00,0.00,0.00,1.61
2026-08-23T21:52:56Z,0.755,18.9,784.8,0.00,0.17,0.00,0.00,1.61
2026-08-23T21:52:57Z,0.824,20.6,785.0,0.00,0.00,0.00,0.00,1.61
2026-08-23T21:52:58Z,0.736,18.4,787.8,0.00,0.00,0.00,0.00,1.56
2026-08-23T21:52:59Z,0.708,17.7,788.8,0.00,0.00,0.00,0.00,1.56
2026-08-23T21:53:00Z,0.797,19.9,787.3,0.00,0.00,0.00,0.00,1.56
2026-08-23T21:53:01Z,0.757,18.9,787.1,0.00,0.01,0.00,0.00,1.56
2026-08-23T21:53:02Z,0.706,17.6,789.1,0.00,0.00,0.00,0.00,1.56
2026-08-23T21:53:03Z,0.746,18.6,791.9,0.00,0.20,0.00,0.00,1.76
2026-08-23T21:53:04Z,0.718,17.9,794.1,0.00,0.06,0.00,0.00,1.76
2026-08-23T21:53:05Z,0.775,19.4,779.1,0.00,0.00,0.00,0.00,1.76
2026-08-23T21:53:06Z,0.717,17.9,781.8,0.00,0.00,0.00,0.00,1.76
2026-08-23T21:53:08Z,0.794,19.9,777.6,0.00,0.00,0.00,0.00,1.62
2026-08-23T21:53:09Z,0.727,18.2,779.2,0.00,0.00,0.00,0.00,1.62
2026-08-23T21:53:10Z,0.748,18.7,780.6,0.00,0.03,0.00,0.00,1.62
2026-08-23T21:53:11Z,0.746,18.6,781.5,0.00,0.22,0.00,0.00,1.62
2026-08-23T21:53:12Z,0.716,17.9,783.5,0.00,0.00,0.00,0.00,1.62
2026-08-23T21:53:13Z,0.746,18.6,781.3,0.00,0.00,0.00,0.00,1.49
2026-08-23T21:53:14Z,0.764,19.1,783.1,0.00,0.00,0.00,0.00,1.49
2026-08-23T21:53:15Z,0.716,17.9,785.1,0.00,0.00,0.00,0.00,1.49
2026-08-23T21:53:16Z,0.765,19.1,787.6,0.00,0.00,0.00,0.00,1.49
2026-08-23T21:53:17Z,0.746,18.6,786.7,0.00,0.00,0.00,0.00,1.49
2026-08-23T21:53:18Z,0.774,19.4,779.5,0.00,0.17,0.00,0.00,1.37
2026-08-23T21:53:19Z,0.706,17.6,780.2,0.00,0.00,0.00,0.00,1.37
2026-08-23T21:53:20Z,0.775,19.4,783.4,0.00,0.01,0.00,0.00,1.37
2026-08-23T21:53:21Z,0.748,18.7,784.5,0.00,0.00,0.00,0.00,1.37
2026-08-23T21:53:22Z,0.727,18.2,785.9,0.00,0.00,0.00,0.00,1.37
2026-08-23T21:53:23Z,0.736,18.4,787.3,0.00,0.00,0.00,0.00,1.34
2026-08-23T21:53:24Z,0.794,19.9,786.8,0.00,0.22,0.00,0.00,1.34
2026-08-23T21:53:25Z,0.785,19.6,788.6,0.00,0.00,0.00,0.00,1.34
2026-08-23T21:53:26Z,0.735,18.4,790.3,0.00,0.00,0.00,0.00,1.34
2026-08-23T21:53:27Z,0.679,17.0,790.7,0.00,0.00,0.00,0.00,1.34
2026-08-23T21:53:28Z,0.794,19.9,792.1,0.00,0.00,0.00,0.00,1.23
2026-08-23T21:53:29Z,0.764,19.1,794.3,0.00,0.00,0.00,0.00,1.23
2026-08-23T21:53:30Z,0.727,18.2,788.0,0.00,0.00,0.00,0.00,1.23
2026-08-23T21:53:31Z,0.727,18.2,787.2,0.00,0.20,0.00,0.00,1.23
2026-08-23T21:53:32Z,0.696,17.4,787.9,0.00,0.00,0.00,0.00,1.23
2026-08-23T21:53:33Z,0.708,17.7,789.9,0.00,0.00,0.00,0.00,1.13
2026-08-23T21:53:34Z,0.728,18.2,791.9,0.00,0.00,0.00,0.00,1.13
2026-08-23T21:53:35Z,0.756,18.9,789.5,0.00,0.04,0.00,0.00,1.13
2026-08-23T21:53:36Z,0.775,19.4,788.4,0.00,0.00,0.00,0.00,1.13
2026-08-23T21:53:37Z,0.756,18.9,786.6,0.00,0.00,0.00,0.00,1.92
2026-08-23T21:53:38Z,0.746,18.6,779.4,0.00,0.00,0.00,0.00,1.92
2026-08-23T21:53:40Z,0.736,18.4,778.6,0.00,0.00,0.00,0.00,1.92
2026-08-23T21:53:41Z,0.746,18.6,778.8,0.00,0.23,0.00,0.00,1.92
2026-08-23T21:53:42Z,0.737,18.4,777.3,0.00,0.00,0.00,0.00,1.92
2026-08-23T21:53:43Z,0.737,18.4,780.5,0.00,0.00,0.00,0.00,2.09
2026-08-23T21:53:44Z,0.773,19.3,782.5,0.00,0.00,0.00,0.00,2.09
2026-08-23T21:53:45Z,0.776,19.4,782.9,0.00,0.00,0.00,0.00,2.09
2026-08-23T21:53:46Z,0.755,18.9,785.2,0.00,0.00,0.00,0.00,2.09
2026-08-23T21:53:47Z,0.735,18.4,782.5,0.00,0.00,0.00,0.00,2.09
2026-08-23T21:53:48Z,0.764,19.1,784.0,0.00,0.00,0.00,0.00,1.92
2026-08-23T21:53:49Z,0.737,18.4,787.0,0.00,0.00,0.00,0.00,1.92
2026-08-23T21:53:50Z,0.726,18.1,787.9,0.00,0.01,0.00,0.00,1.92
2026-08-23T21:53:51Z,0.707,17.7,786.7,0.00,0.00,0.00,0.00,1.92
2026-08-23T21:53:52Z,0.716,17.9,788.6,0.00,0.17,0.00,0.00,1.92
2026-08-23T21:53:53Z,0.795,19.9,785.8,0.00,0.00,0.00,0.00,1.77
2026-08-23T21:53:54Z,0.660,16.5,787.8,0.00,0.00,0.00,0.00,1.77
2026-08-23T21:53:55Z,0.775,19.4,787.9,0.00,0.00,0.00,0.00,1.77
2026-08-23T21:53:56Z,0.735,18.4,788.5,0.00,0.00,0.00,0.00,1.77
2026-08-23T21:53:57Z,0.752,18.8,790.6,0.00,0.00,0.00,0.00,1.77
2026-08-23T21:53:58Z,0.677,16.9,791.2,0.00,0.18,0.00,0.00,1.63
2026-08-23T21:53:59Z,0.717,17.9,791.4,0.00,0.00,0.00,0.00,1.63
2026-08-23T21:54:00Z,0.747,18.7,788.4,0.00,0.00,0.00,0.00,1.63
2026-08-23T21:54:01Z,0.669,16.7,789.0,0.00,0.00,0.00,0.00,1.63
2026-08-23T21:54:02Z,0.804,20.1,786.8,0.00,0.00,0.00,0.00,1.63
2026-08-23T21:54:03Z,0.773,19.3,787.6,0.00,0.00,0.00,0.00,1.74
2026-08-23T21:54:04Z,0.708,17.7,787.4,0.00,0.15,0.00,0.00,1.74
2026-08-23T21:54:05Z,0.696,17.4,784.1,0.00,0.05,0.00,0.00,1.74
2026-08-23T21:54:06Z,0.746,18.6,785.3,0.00,0.00,0.00,0.00,1.74
2026-08-23T21:54:07Z,0.736,18.4,787.0,0.00,0.00,0.00,0.00,1.74
2026-08-23T21:54:08Z,0.707,17.7,789.3,0.00,0.00,0.00,0.00,1.60
2026-08-23T21:54:09Z,0.678,17.0,786.3,0.00,0.00,0.00,0.00,1.60
2026-08-23T21:54:11Z,0.698,17.4,787.6,0.00,0.02,0.00,0.00,1.60
2026-08-23T21:54:12Z,0.737,18.4,788.5,0.00,0.17,0.00,0.00,1.60
2026-08-23T21:54:13Z,0.699,17.5,788.9,0.00,0.00,0.00,0.00,1.47
2026-08-23T21:54:14Z,0.774,19.4,787.8,0.00,0.00,0.00,0.00,1.47
2026-08-23T21:54:15Z,0.698,17.4,780.7,0.00,0.00,0.00,0.00,1.47
2026-08-23T21:54:16Z,0.756,18.9,782.2,0.00,0.00,0.00,0.00,1.47
2026-08-23T21:54:17Z,0.747,18.7,782.8,0.00,0.00,0.00,0.00,1.47
2026-08-23T21:54:18Z,0.737,18.4,782.1,0.00,0.00,0.00,0.00,1.35
2026-08-23T21:54:19Z,0.708,17.7,783.1,0.00,0.00,0.00,0.00,1.35
2026-08-23T21:54:20Z,0.757,18.9,781.3,0.00,0.17,0.00,0.00,1.35
2026-08-23T21:54:21Z,0.724,18.1,780.8,0.00,0.00,0.00,0.00,1.35
2026-08-23T21:54:22Z,0.736,18.4,781.9,0.00,0.00,0.00,0.00,1.35
2026-08-23T21:54:23Z,0.813,20.3,782.7,0.00,0.00,0.00,0.00,1.32
2026-08-23T21:54:24Z,0.736,18.4,781.4,0.00,0.00,0.00,0.00,1.32
2026-08-23T21:54:25Z,0.785,19.6,779.9,0.00,0.00,0.00,0.00,1.32
2026-08-23T21:54:26Z,0.726,18.1,780.3,0.00,0.00,0.00,0.00,1.32
2026-08-23T21:54:27Z,0.774,19.4,781.6,0.00,0.18,0.00,0.00,1.32
2026-08-23T21:54:28Z,0.785,19.6,778.9,0.00,0.00,0.00,0.00,1.30
2026-08-23T21:54:29Z,0.708,17.7,780.5,0.00,0.00,0.00,0.00,1.30
2026-08-23T21:54:30Z,0.717,17.9,780.5,0.00,0.00,0.00,0.00,1.30
2026-08-23T21:54:31Z,0.756,18.9,781.5,0.00,0.00,0.00,0.00,1.30
2026-08-23T21:54:32Z,0.707,17.7,781.3,0.00,0.00,0.00,0.00,1.30
2026-08-23T21:54:33Z,0.844,21.1,778.9,0.00,0.16,0.00,0.00,1.19
2026-08-23T21:54:34Z,0.659,16.5,778.7,0.00,0.00,0.00,0.00,1.19
2026-08-23T21:54:35Z,0.697,17.4,778.9,0.00,0.01,0.00,0.00,1.19
2026-08-23T21:54:36Z,0.755,18.9,781.3,0.00,0.05,0.00,0.00,1.19
2026-08-23T21:54:37Z,0.708,17.7,781.3,0.00,0.00,0.00,0.00,1.19
2026-08-23T21:54:38Z,0.717,17.9,781.0,0.00,0.00,0.00,0.00,1.10
2026-08-23T21:54:39Z,0.718,17.9,782.1,0.00,0.00,0.00,0.00,1.10
2026-08-23T21:54:40Z,0.774,19.4,782.8,0.00,0.20,0.00,0.00,1.10
2026-08-23T21:54:41Z,0.725,18.1,784.8,0.00,0.00,0.00,0.00,1.10
2026-08-23T21:54:43Z,0.792,19.8,782.0,0.00,0.00,0.00,0.00,2.45
2026-08-23T21:54:44Z,0.707,17.7,785.0,0.00,0.00,0.00,0.00,2.45
2026-08-23T21:54:45Z,0.707,17.7,784.6,0.00,0.00,0.00,0.00,2.45
2026-08-23T21:54:46Z,0.717,17.9,785.1,0.00,0.00,0.00,0.00,2.45
2026-08-23T21:54:47Z,0.756,18.9,785.8,0.00,0.00,0.00,0.00,2.45
2026-08-23T21:54:48Z,0.707,17.7,785.7,0.00,0.17,0.00,0.00,2.41
2026-08-23T21:54:49Z,0.763,19.1,780.7,0.00,0.00,0.00,0.00,2.41
2026-08-23T21:54:50Z,0.708,17.7,782.6,0.00,0.00,0.00,0.00,2.41
2026-08-23T21:54:51Z,0.718,17.9,784.6,0.00,0.00,0.00,0.00,2.41
2026-08-23T21:54:52Z,0.670,16.8,787.3,0.00,0.00,0.00,0.00,2.41
2026-08-23T21:54:53Z,0.727,18.2,785.4,0.00,0.00,0.00,0.00,2.22
2026-08-23T21:54:54Z,0.764,19.1,785.2,0.00,0.25,0.00,0.00,2.22
2026-08-23T21:54:55Z,0.763,19.1,785.0,0.00,0.00,0.00,0.00,2.22
2026-08-23T21:54:56Z,0.765,19.1,786.8,0.00,0.00,0.00,0.00,2.22
2026-08-23T21:54:57Z,0.764,19.1,787.9,0.00,0.00,0.00,0.00,2.22
2026-08-23T21:54:58Z,0.649,16.2,788.4,0.00,0.00,0.00,0.00,2.04
2026-08-23T21:54:59Z,0.698,17.4,786.0,0.00,0.16,0.00,0.00,2.04
2026-08-23T21:55:00Z,0.696,17.4,787.9,0.00,0.01,0.00,0.00,2.04
2026-08-23T21:55:01Z,0.784,19.6,781.2,0.00,0.00,0.00,0.00,2.04
2026-08-23T21:55:02Z,0.724,18.1,783.6,0.00,0.00,0.00,0.00,2.04
2026-08-23T21:55:03Z,0.727,18.2,780.6,0.00,0.00,0.00,0.00,2.52
2026-08-23T21:55:04Z,0.680,17.0,782.3,0.00,0.00,0.00,0.00,2.52
2026-08-23T21:55:05Z,0.717,17.9,781.9,0.00,0.00,0.00,0.00,2.52
2026-08-23T21:55:06Z,0.695,17.4,780.5,0.00,0.38,0.00,0.00,2.52
2026-08-23T21:55:07Z,0.746,18.6,778.1,0.00,0.00,0.00,0.00,2.52
2026-08-23T21:55:08Z,0.715,17.9,780.7,0.00,0.00,0.00,0.00,2.48
2026-08-23T21:55:09Z,0.679,17.0,779.8,0.00,0.00,0.00,0.00,2.48
2026-08-23T21:55:10Z,0.709,17.7,779.6,0.00,0.00,0.00,0.00,2.48
2026-08-23T21:55:11Z,0.716,17.9,778.1,0.00,0.47,0.00,0.00,2.48
2026-08-23T21:55:12Z,0.727,18.2,781.0,0.00,0.38,0.00,0.00,2.48
2026-08-23T21:55:13Z,0.718,17.9,781.5,0.00,0.00,0.00,0.00,2.28
2026-08-23T21:55:15Z,0.766,19.1,783.2,0.00,0.00,0.00,0.00,2.28
2026-08-23T21:55:16Z,0.726,18.1,778.5,0.00,0.00,0.00,0.00,2.28
2026-08-23T21:55:17Z,0.729,18.2,778.5,0.00,0.00,0.00,0.00,2.28
2026-08-23T21:55:18Z,0.707,17.7,781.0,0.00,0.20,0.00,0.00,2.18
2026-08-23T21:55:19Z,0.725,18.1,781.1,0.00,0.00,0.00,0.00,2.18
2026-08-23T21:55:20Z,0.705,17.6,783.8,0.00,0.00,0.00,0.00,2.18
2026-08-23T21:55:21Z,0.717,17.9,786.2,0.00,0.00,0.00,0.00,2.18
2026-08-23T21:55:22Z,0.726,18.1,782.3,0.00,0.00,0.00,0.00,2.18
2026-08-23T21:55:23Z,0.764,19.1,783.8,0.00,0.00,0.00,0.00,2.00
2026-08-23T21:55:24Z,0.728,18.2,782.8,0.00,0.00,0.00,0.00,2.00
2026-08-23T21:55:25Z,0.717,17.9,782.7,0.00,0.00,0.00,0.00,2.00
2026-08-23T21:55:26Z,0.669,16.7,783.5,0.00,0.00,0.00,0.00,2.00
2026-08-23T21:55:27Z,0.707,17.7,784.0,0.00,0.16,0.00,0.00,2.00
2026-08-23T21:55:28Z,0.746,18.6,787.2,0.00,0.00,0.00,0.00,1.92
2026-08-23T21:55:29Z,0.775,19.4,778.0,0.00,0.00,0.00,0.00,1.92
2026-08-23T21:55:30Z,0.689,17.2,780.0,0.00,0.00,0.00,0.00,1.92
2026-08-23T21:55:31Z,0.718,17.9,782.8,0.00,0.00,0.00,0.00,1.92
2026-08-23T21:55:32Z,0.764,19.1,786.2,0.00,0.00,0.00,0.00,1.92
2026-08-23T21:55:33Z,0.755,18.9,786.2,0.00,0.20,0.00,0.00,1.77
2026-08-23T21:55:34Z,0.709,17.7,787.1,0.00,0.17,0.00,0.00,1.77
2026-08-23T21:55:35Z,0.670,16.8,787.5,0.00,0.00,0.00,0.00,1.77
2026-08-23T21:55:36Z,0.678,17.0,787.9,0.00,0.00,0.00,0.00,1.77
2026-08-23T21:55:37Z,0.783,19.6,786.5,0.00,0.01,0.00,0.00,1.77
2026-08-23T21:55:38Z,0.734,18.4,787.2,0.00,0.00,0.00,0.00,1.79
2026-08-23T21:55:39Z,0.765,19.1,785.3,0.00,0.00,0.00,0.00,1.79
2026-08-23T21:55:40Z,0.716,17.9,787.7,0.00,0.00,0.00,0.00,1.79
2026-08-23T21:55:41Z,0.708,17.7,785.6,0.00,0.00,0.00,0.00,1.79
2026-08-23T21:55:42Z,0.736,18.4,786.6,0.00,0.00,0.00,0.00,1.79
2026-08-23T21:55:43Z,0.745,18.6,789.7,0.00,0.22,0.00,0.00,1.64
2026-08-23T21:55:44Z,0.735,18.4,790.1,0.00,0.00,0.00,0.00,1.64
2026-08-23T21:55:45Z,0.735,18.4,788.3,0.00,0.00,0.00,0.00,1.64
2026-08-23T21:55:47Z,0.726,18.1,787.0,0.00,0.01,0.00,0.00,1.64
2026-08-23T21:55:48Z,0.734,18.4,788.0,0.00,0.00,0.00,0.00,1.67
2026-08-23T21:55:49Z,0.757,18.9,789.0,0.00,0.00,0.00,0.00,1.67
2026-08-23T21:55:50Z,0.678,17.0,788.6,0.00,0.00,0.00,0.00,1.67
2026-08-23T21:55:51Z,0.698,17.4,788.9,0.00,0.00,0.00,0.00,1.67
2026-08-23T21:55:52Z,0.697,17.4,779.5,0.00,0.00,0.00,0.00,1.67
2026-08-23T21:55:53Z,0.697,17.4,780.7,0.00,0.00,0.00,0.00,1.70
2026-08-23T21:55:54Z,0.728,18.2,782.8,0.00,0.00,0.00,0.00,1.70
2026-08-23T21:55:55Z,0.717,17.9,784.8,0.00,0.00,0.00,0.00,1.70
2026-08-23T21:55:56Z,0.715,17.9,784.1,0.00,0.00,0.00,0.00,1.70
2026-08-23T21:55:57Z,0.766,19.1,784.2,0.00,0.16,0.00,0.00,1.70
2026-08-23T21:55:58Z,0.686,17.2,786.5,0.00,0.00,0.00,0.00,1.64
2026-08-23T21:55:59Z,0.678,17.0,786.1,0.00,0.00,0.00,0.00,1.64
2026-08-23T21:56:00Z,0.725,18.1,787.9,0.00,0.00,0.00,0.00,1.64
2026-08-23T21:56:01Z,0.714,17.8,788.7,0.00,0.00,0.00,0.00,1.64
2026-08-23T21:56:02Z,0.849,21.2,787.3,0.00,0.00,0.00,0.00,1.64
2026-08-23T21:56:03Z,0.808,20.2,787.7,0.00,0.05,0.00,0.00,1.67
2026-08-23T21:56:04Z,0.751,18.8,788.5,0.00,0.03,0.00,0.00,1.67
2026-08-23T21:56:05Z,0.721,18.0,787.8,0.00,0.18,0.00,0.00,1.67
2026-08-23T21:56:06Z,0.722,18.1,789.4,0.00,0.00,0.00,0.00,1.67
2026-08-23T21:56:07Z,0.742,18.6,787.9,0.00,0.00,0.00,0.00,1.67
2026-08-23T21:56:08Z,0.758,18.9,788.2,0.00,0.00,0.00,0.00,1.54
2026-08-23T21:56:09Z,0.730,18.2,786.4,0.00,0.00,0.00,0.00,1.54
2026-08-23T21:56:10Z,0.744,18.6,789.1,0.00,0.00,0.00,0.00,1.54
2026-08-23T21:56:11Z,0.687,17.2,790.4,0.00,0.00,0.00,0.00,1.54
2026-08-23T21:56:12Z,0.770,19.2,792.3,0.00,0.17,0.00,0.00,1.54
2026-08-23T21:56:13Z,0.733,18.3,788.3,0.00,0.00,0.00,0.00,1.41
2026-08-23T21:56:14Z,0.687,17.2,789.4,0.00,0.00,0.00,0.00,1.41
2026-08-23T21:56:16Z,0.712,17.8,789.3,0.00,0.00,0.00,0.00,1.41
2026-08-23T21:56:17Z,0.684,17.1,786.8,0.00,0.00,0.00,0.00,1.41
2026-08-23T21:56:18Z,0.714,17.8,786.6,0.00,0.00,0.00,0.00,1.30
2026-08-23T21:56:19Z,0.751,18.8,786.6,0.00,0.21,0.00,0.00,1.30
2026-08-23T21:56:20Z,0.674,16.9,787.0,0.00,0.00,0.00,0.00,1.30
2026-08-23T21:56:21Z,0.762,19.1,787.0,0.00,0.00,0.00,0.00,1.30
2026-08-23T21:56:22Z,0.714,17.8,788.7,0.00,0.00,0.00,0.00,1.30
2026-08-23T21:56:23Z,0.705,17.6,789.6,0.00,0.00,0.00,0.00,1.20
2026-08-23T21:56:24Z,0.749,18.7,787.2,0.00,0.00,0.00,0.00,1.20
2026-08-23T21:56:25Z,0.712,17.8,786.1,0.00,0.00,0.00,0.00,1.20
2026-08-23T21:56:26Z,0.700,17.5,787.9,0.00,0.00,0.00,0.00,1.20
2026-08-23T21:56:27Z,0.772,19.3,785.8,0.00,0.00,0.00,0.00,1.20
2026-08-23T21:56:28Z,0.739,18.5,787.0,0.00,0.00,0.00,0.00,1.18
2026-08-23T21:56:29Z,0.705,17.6,786.7,0.00,0.16,0.00,0.00,1.18
2026-08-23T21:56:30Z,0.704,17.6,789.2,0.00,0.00,0.00,0.00,1.18
2026-08-23T21:56:31Z,0.769,19.2,787.0,0.00,0.00,0.00,0.00,1.18
2026-08-23T21:56:32Z,0.703,17.6,789.8,0.00,0.00,0.00,0.00,1.18
2026-08-23T21:56:33Z,0.647,16.2,791.8,0.00,0.00,0.00,0.00,1.33
2026-08-23T21:56:34Z,0.724,18.1,784.0,0.00,0.05,0.00,0.00,1.33
2026-08-23T21:56:35Z,0.773,19.3,786.2,0.00,0.00,0.00,0.00,1.33
2026-08-23T21:56:36Z,0.685,17.1,787.4,0.00,0.00,0.00,0.00,1.33
2026-08-23T21:56:37Z,0.808,20.2,787.1,0.00,0.00,0.00,0.00,1.33
2026-08-23T21:56:38Z,0.722,18.1,788.3,0.00,0.00,0.00,0.00,1.22
2026-08-23T21:56:39Z,0.725,18.1,787.3,0.00,0.23,0.00,0.00,1.22
2026-08-23T21:56:40Z,0.745,18.6,790.5,0.00,0.01,0.00,0.00,1.22
2026-08-23T21:56:41Z,0.727,18.2,789.7,0.00,0.00,0.00,0.00,1.22
2026-08-23T21:56:43Z,0.763,19.1,782.1,0.00,0.00,0.00,0.00,1.76
2026-08-23T21:56:44Z,0.734,18.4,780.9,0.00,0.00,0.00,0.00,1.76
2026-08-23T21:56:45Z,0.743,18.6,783.3,0.00,0.00,0.00,0.00,1.76
2026-08-23T21:56:46Z,0.732,18.3,777.4,0.00,0.00,0.00,0.00,1.76
2026-08-23T21:56:47Z,0.715,17.9,780.9,0.00,0.00,0.00,0.00,1.76
2026-08-23T21:56:48Z,0.800,20.0,781.9,0.00,0.22,0.00,0.00,1.62
2026-08-23T21:56:49Z,0.780,19.5,782.6,0.00,0.00,0.00,0.00,1.62
2026-08-23T21:56:50Z,0.723,18.1,784.8,0.00,0.00,0.00,0.00,1.62
2026-08-23T21:56:51Z,0.740,18.5,787.0,0.00,0.00,0.00,0.00,1.62
2026-08-23T21:56:52Z,0.733,18.3,779.5,0.00,0.00,0.00,0.00,1.62
2026-08-23T21:56:53Z,0.703,17.6,781.0,0.00,0.00,0.00,0.00,1.49
2026-08-23T21:56:54Z,0.731,18.3,782.6,0.00,0.00,0.00,0.00,1.49
2026-08-23T21:56:55Z,0.696,17.4,781.2,0.00,0.00,0.00,0.00,1.49
2026-08-23T21:56:56Z,0.777,19.4,778.0,0.00,0.00,0.00,0.00,1.49
2026-08-23T21:56:57Z,0.760,19.0,777.6,0.00,0.20,0.00,0.00,1.49
2026-08-23T21:56:58Z,0.713,17.8,780.5,0.00,0.00,0.00,0.00,1.45
2026-08-23T21:56:59Z,0.733,18.3,780.6,0.00,0.00,0.00,0.00,1.45
2026-08-23T21:57:00Z,0.704,17.6,780.8,0.00,0.00,0.00,0.00,1.45
2026-08-23T21:57:01Z,0.720,18.0,783.0,0.00,0.00,0.00,0.00,1.45
2026-08-23T21:57:02Z,0.687,17.2,784.4,0.00,0.00,0.00,0.00,1.45
2026-08-23T21:57:03Z,0.686,17.2,781.4,0.00,0.00,0.00,0.00,2.78
2026-08-23T21:57:04Z,0.778,19.4,781.1,0.00,0.09,0.00,0.00,2.78
2026-08-23T21:57:05Z,0.773,19.3,780.8,0.00,0.00,0.00,0.00,2.78
2026-08-23T21:57:06Z,0.629,15.7,782.5,0.00,0.00,0.00,0.00,2.78
2026-08-23T21:57:07Z,0.743,18.6,783.8,0.00,0.00,0.00,0.00,2.78
2026-08-23T21:57:08Z,0.668,16.7,785.0,0.00,0.18,0.00,0.00,3.04
2026-08-23T21:57:09Z,0.783,19.6,785.7,0.00,0.00,0.00,0.00,3.04
2026-08-23T21:57:10Z,0.716,17.9,777.3,0.00,0.00,0.00,0.00,3.04
2026-08-23T21:57:12Z,0.762,19.1,779.3,0.00,0.00,0.00,0.00,3.04
2026-08-23T21:57:13Z,0.697,17.4,778.3,0.00,0.00,0.00,0.00,2.79
2026-08-23T21:57:14Z,0.736,18.4,779.5,0.00,0.01,0.00,0.00,2.79
2026-08-23T21:57:15Z,0.742,18.6,780.6,0.00,0.00,0.00,0.00,2.79
2026-08-23T21:57:16Z,0.724,18.1,778.9,0.00,0.16,0.00,0.00,2.79
2026-08-23T21:57:17Z,0.784,19.6,770.4,0.00,0.00,0.00,0.00,2.79
2026-08-23T21:57:18Z,0.784,19.6,772.2,0.00,0.00,0.00,0.00,2.73
2026-08-23T21:57:19Z,0.687,17.2,774.6,0.00,0.00,0.00,0.00,2.73
2026-08-23T21:57:20Z,0.698,17.4,776.0,0.00,0.00,0.00,0.00,2.73
2026-08-23T21:57:21Z,0.670,16.8,778.2,0.00,0.21,0.00,0.00,2.73
2026-08-23T21:57:22Z,0.714,17.8,780.2,0.00,0.00,0.00,0.00,2.73
2026-08-23T21:57:23Z,0.697,17.4,781.1,0.00,0.00,0.00,0.00,2.51
2026-08-23T21:57:24Z,0.791,19.8,782.4,0.00,0.00,0.00,0.00,2.51
2026-08-23T21:57:25Z,0.646,16.2,773.6,0.00,0.00,0.00,0.00,2.51
2026-08-23T21:57:26Z,0.758,18.9,776.9,0.00,0.00,0.00,0.00,2.51
2026-08-23T21:57:27Z,1.082,27.1,801.0,0.00,0.00,0.00,0.00,2.51
2026-08-23T21:57:28Z,0.819,20.5,804.5,0.00,0.00,0.00,0.00,2.55
2026-08-23T21:57:29Z,0.673,16.8,801.7,0.00,0.00,0.00,0.00,2.55
2026-08-23T21:57:30Z,0.724,18.1,797.4,0.00,0.48,0.00,0.00,2.55
2026-08-23T21:57:31Z,0.745,18.6,792.6,0.00,0.00,0.00,0.00,2.55
2026-08-23T21:57:32Z,0.743,18.6,792.6,0.00,0.00,0.00,0.00,2.55
2026-08-23T21:57:33Z,0.684,17.1,786.8,0.00,0.00,0.00,0.00,2.42
2026-08-23T21:57:34Z,0.658,16.4,786.9,0.00,0.08,0.00,0.00,2.42
2026-08-23T21:57:35Z,0.734,18.4,786.5,0.00,0.00,0.00,0.00,2.42
2026-08-23T21:57:36Z,0.668,16.7,788.2,0.00,0.00,0.00,0.00,2.42
2026-08-23T21:57:37Z,0.713,17.8,788.2,0.00,0.00,0.00,0.00,2.42
2026-08-23T21:57:38Z,0.783,19.6,787.0,0.00,0.00,0.00,0.00,2.63
2026-08-23T21:57:39Z,0.797,19.9,788.0,0.00,0.20,0.00,0.00,2.63
2026-08-23T21:57:41Z,0.686,17.2,784.9,0.00,0.00,0.00,0.00,2.63
2026-08-23T21:57:42Z,0.707,17.7,786.2,0.00,0.00,0.00,0.00,2.63
2026-08-23T21:57:43Z,0.687,17.2,787.9,0.00,0.00,0.00,0.00,2.58
2026-08-23T21:57:44Z,0.715,17.9,788.9,0.00,0.01,0.00,0.00,2.58
2026-08-23T21:57:45Z,0.685,17.1,781.5,0.00,0.00,0.00,0.00,2.58
2026-08-23T21:57:46Z,0.743,18.6,785.5,0.00,0.00,0.00,0.00,2.58
2026-08-23T21:57:47Z,0.743,18.6,784.5,0.00,0.00,0.00,0.00,2.58
2026-08-23T21:57:48Z,0.762,19.1,786.0,0.00,0.00,0.00,0.00,2.37
2026-08-23T21:57:49Z,0.715,17.9,778.1,0.00,0.00,0.00,0.00,2.37
2026-08-23T21:57:50Z,0.705,17.6,780.1,0.00,0.24,0.00,0.00,2.37
2026-08-23T21:57:51Z,0.727,18.2,781.6,0.00,0.00,0.00,0.00,2.37
2026-08-23T21:57:52Z,0.745,18.6,784.5,0.00,0.00,0.00,0.00,2.37
2026-08-23T21:57:53Z,0.705,17.6,780.5,0.00,0.00,0.00,0.00,2.26
2026-08-23T21:57:54Z,0.747,18.7,779.4,0.00,0.00,0.00,0.00,2.26
2026-08-23T21:57:55Z,0.745,18.6,781.4,0.00,0.00,0.00,0.00,2.26
2026-08-23T21:57:56Z,0.705,17.6,772.7,0.00,0.00,0.00,0.00,2.26
2026-08-23T21:57:57Z,0.820,20.5,775.7,0.00,0.00,0.00,0.00,2.26
2026-08-23T21:57:58Z,0.712,17.8,775.9,0.00,0.24,0.00,0.00,2.08
2026-08-23T21:57:59Z,0.707,17.7,777.6,0.00,0.00,0.00,0.00,2.08
2026-08-23T21:58:00Z,0.775,19.4,779.1,0.00,0.00,0.00,0.00,2.08
2026-08-23T21:58:01Z,0.717,17.9,781.5,0.00,0.00,0.00,0.00,2.08
2026-08-23T21:58:02Z,0.715,17.9,780.8,0.00,0.00,0.00,0.00,2.08
2026-08-23T21:58:03Z,0.723,18.1,784.5,0.00,0.00,0.00,0.00,1.91
2026-08-23T21:58:04Z,0.677,16.9,785.2,0.00,0.12,0.00,0.00,1.91
2026-08-23T21:58:05Z,0.727,18.2,779.1,0.00,0.22,0.00,0.00,1.91
2026-08-23T21:58:06Z,0.746,18.6,775.4,0.00,0.00,0.00,0.00,1.91
2026-08-23T21:58:07Z,0.698,17.4,776.0,0.00,0.00,0.00,0.00,1.91
2026-08-23T21:58:08Z,0.756,18.9,778.9,0.00,0.00,0.00,0.00,1.76
2026-08-23T21:58:09Z,0.763,19.1,776.5,0.00,0.00,0.00,0.00,1.76
2026-08-23T21:58:11Z,0.717,17.9,779.1,0.00,0.22,0.00,0.00,1.76
2026-08-23T21:58:12Z,0.737,18.4,782.1,0.00,0.00,0.00,0.00,1.76
2026-08-23T21:58:13Z,0.746,18.6,783.4,0.00,0.00,0.00,0.00,2.34
2026-08-23T21:58:14Z,0.756,18.9,780.1,0.00,0.00,0.00,0.00,2.34
2026-08-23T21:58:15Z,0.736,18.4,782.0,0.00,0.00,0.00,0.00,2.34
2026-08-23T21:58:16Z,0.716,17.9,783.3,0.00,0.00,0.00,0.00,2.34
2026-08-23T21:58:17Z,0.774,19.4,786.8,0.00,0.00,0.00,0.00,2.34
2026-08-23T21:58:18Z,0.695,17.4,788.0,0.00,0.16,0.00,0.00,2.55
2026-08-23T21:58:19Z,0.699,17.5,787.9,0.00,0.01,0.00,0.00,2.55
2026-08-23T21:58:20Z,0.755,18.9,787.2,0.00,0.00,0.00,0.00,2.55
2026-08-23T21:58:21Z,0.764,19.1,785.1,0.00,0.00,0.00,0.00,2.55
2026-08-23T21:58:22Z,0.736,18.4,786.6,0.00,0.00,0.00,0.00,2.55
2026-08-23T21:58:23Z,0.755,18.9,787.3,0.00,0.00,0.00,0.00,2.35
2026-08-23T21:58:24Z,0.709,17.7,783.5,0.00,0.00,0.00,0.00,2.35
2026-08-23T21:58:25Z,0.734,18.4,785.7,0.00,0.00,0.00,0.00,2.35
2026-08-23T21:58:26Z,0.736,18.4,784.2,0.00,0.00,0.00,0.00,2.35
2026-08-23T21:58:27Z,0.687,17.2,786.3,0.00,0.17,0.00,0.00,2.35
2026-08-23T21:58:28Z,0.717,17.9,785.7,0.00,0.00,0.00,0.00,2.16
2026-08-23T21:58:29Z,0.774,19.4,788.6,0.00,0.00,0.00,0.00,2.16
2026-08-23T21:58:30Z,0.707,17.7,791.3,0.00,0.00,0.00,0.00,2.16
2026-08-23T21:58:31Z,0.746,18.6,790.0,0.00,0.00,0.00,0.00,2.16
2026-08-23T21:58:32Z,0.755,18.9,786.1,0.00,0.00,0.00,0.00,2.16
2026-08-23T21:58:33Z,0.766,19.1,788.4,0.00,0.00,0.00,0.00,1.99
2026-08-23T21:58:34Z,0.745,18.6,787.1,0.00,0.21,0.00,0.00,1.99
2026-08-23T21:58:35Z,0.782,19.6,789.2,0.00,0.00,0.00,0.00,1.99
2026-08-23T21:58:36Z,0.755,18.9,787.9,0.00,0.00,0.00,0.00,1.99
2026-08-23T21:58:37Z,0.755,18.9,788.3,0.00,0.00,0.00,0.00,1.99
2026-08-23T21:58:38Z,0.717,17.9,787.3,0.00,0.00,0.00,0.00,1.91
2026-08-23T21:58:39Z,0.744,18.6,788.0,0.00,0.02,0.00,0.00,1.91
2026-08-23T21:58:40Z,0.708,17.7,787.2,0.00,0.00,0.00,0.00,1.91
2026-08-23T21:58:42Z,0.754,18.9,787.2,0.00,0.00,0.00,0.00,1.91
2026-08-23T21:58:43Z,0.785,19.6,788.7,0.00,0.01,0.00,0.00,1.84
2026-08-23T21:58:44Z,0.765,19.1,787.7,0.00,0.00,0.00,0.00,1.84
2026-08-23T21:58:45Z,0.744,18.6,786.4,0.00,0.00,0.00,0.00,1.84
2026-08-23T21:58:46Z,0.717,17.9,786.9,0.00,0.01,0.00,0.00,1.84
2026-08-23T21:58:47Z,0.718,17.9,786.8,0.00,0.25,0.00,0.00,1.84
2026-08-23T21:58:48Z,0.765,19.1,787.7,0.00,0.01,0.00,0.00,1.93
2026-08-23T21:58:49Z,0.669,16.7,786.2,0.00,0.00,0.00,0.00,1.93
2026-08-23T21:58:50Z,0.756,18.9,787.8,0.00,0.00,0.00,0.00,1.93
2026-08-23T21:58:51Z,0.707,17.7,787.8,0.00,0.00,0.00,0.00,1.93
2026-08-23T21:58:52Z,0.727,18.2,781.5,0.00,0.00,0.00,0.00,1.93
2026-08-23T21:58:53Z,0.727,18.2,780.7,0.00,0.00,0.00,0.00,1.85
2026-08-23T21:58:54Z,0.709,17.7,781.2,0.00,0.00,0.00,0.00,1.85
2026-08-23T21:58:55Z,0.756,18.9,783.1,0.00,0.00,0.00,0.00,1.85
2026-08-23T21:58:56Z,0.755,18.9,781.0,0.00,0.19,0.00,0.00,1.85
2026-08-23T21:58:57Z,0.794,19.9,780.7,0.00,0.00,0.00,0.00,1.85
2026-08-23T21:58:58Z,0.687,17.2,775.4,0.00,0.00,0.00,0.00,1.70
2026-08-23T21:58:59Z,0.718,17.9,776.9,0.00,0.00,0.00,0.00,1.70
2026-08-23T21:59:00Z,0.737,18.4,775.9,0.00,0.00,0.00,0.00,1.70
2026-08-23T21:59:01Z,0.791,19.8,773.9,0.00,0.00,0.00,0.00,1.70
2026-08-23T21:59:02Z,0.756,18.9,777.9,0.00,0.00,0.00,0.00,1.70
2026-08-23T21:59:03Z,0.706,17.6,779.8,0.00,0.21,0.00,0.00,1.65
2026-08-23T21:59:04Z,0.726,18.1,777.6,0.00,0.00,0.00,0.00,1.65
2026-08-23T21:59:05Z,0.698,17.4,780.1,0.00,0.06,0.00,0.00,1.65
2026-08-23T21:59:06Z,0.688,17.2,780.4,0.00,0.00,0.00,0.00,1.65
2026-08-23T21:59:07Z,0.707,17.7,782.1,0.00,0.00,0.00,0.00,1.65
2026-08-23T21:59:08Z,0.717,17.9,780.9,0.00,0.00,0.00,0.00,1.52
2026-08-23T21:59:09Z,0.718,17.9,783.8,0.00,0.00,0.00,0.00,1.52
2026-08-23T21:59:10Z,0.698,17.4,787.0,0.00,0.04,0.00,0.00,1.52
2026-08-23T21:59:11Z,0.718,17.9,790.2,0.00,0.00,0.00,0.00,1.52
2026-08-23T21:59:12Z,0.697,17.4,791.9,0.00,0.00,0.00,0.00,1.52
2026-08-23T21:59:14Z,0.747,18.7,786.8,0.00,0.17,0.00,0.00,1.47
2026-08-23T21:59:15Z,0.717,17.9,788.0,0.00,0.00,0.00,0.00,1.47
2026-08-23T21:59:16Z,0.718,17.9,789.3,0.00,0.00,0.00,0.00,1.47
2026-08-23T21:59:17Z,0.775,19.4,783.7,0.00,0.00,0.00,0.00,1.47
2026-08-23T21:59:18Z,0.756,18.9,782.1,0.00,0.00,0.00,0.00,1.36
2026-08-23T21:59:19Z,0.707,17.7,782.4,0.00,0.00,0.00,0.00,1.36
2026-08-23T21:59:20Z,0.736,18.4,785.5,0.00,0.00,0.00,0.00,1.36
2026-08-23T21:59:21Z,0.738,18.4,786.5,0.00,0.00,0.00,0.00,1.36
2026-08-23T21:59:22Z,0.726,18.1,789.4,0.00,0.17,0.00,0.00,1.36
2026-08-23T21:59:23Z,0.746,18.6,785.7,0.00,0.00,0.00,0.00,1.49
2026-08-23T21:59:24Z,0.747,18.7,787.9,0.00,0.00,0.00,0.00,1.49
2026-08-23T21:59:25Z,0.747,18.7,784.2,0.00,0.00,0.00,0.00,1.49
2026-08-23T21:59:26Z,0.698,17.4,788.2,0.00,0.00,0.00,0.00,1.49
2026-08-23T21:59:27Z,0.659,16.5,789.7,0.00,0.00,0.00,0.00,1.49
2026-08-23T21:59:28Z,0.727,18.2,786.8,0.00,0.00,0.00,0.00,1.53
2026-08-23T21:59:29Z,0.727,18.2,789.0,0.00,0.18,0.00,0.00,1.53
2026-08-23T21:59:30Z,0.725,18.1,788.1,0.00,0.00,0.00,0.00,1.53
2026-08-23T21:59:31Z,0.726,18.1,787.2,0.00,0.00,0.00,0.00,1.53
2026-08-23T21:59:32Z,0.699,17.5,788.7,0.00,0.00,0.00,0.00,1.53
2026-08-23T21:59:33Z,0.718,17.9,787.0,0.00,0.00,0.00,0.00,1.41
2026-08-23T21:59:34Z,0.757,18.9,789.7,0.00,0.00,0.00,0.00,1.41
2026-08-23T21:59:35Z,0.766,19.1,787.8,0.00,0.22,0.00,0.00,1.41
2026-08-23T21:59:36Z,0.784,19.6,788.6,0.00,0.05,0.00,0.00,1.41
2026-08-23T21:59:37Z,0.764,19.1,779.1,0.00,0.00,0.00,0.00,1.41
2026-08-23T21:59:38Z,0.718,17.9,780.8,0.00,0.00,0.00,0.00,1.29
2026-08-23T21:59:39Z,0.726,18.1,783.3,0.00,0.00,0.00,0.00,1.29
2026-08-23T21:59:40Z,0.707,17.7,782.1,0.00,0.00,0.00,0.00,1.29
2026-08-23T21:59:41Z,0.784,19.6,784.5,0.00,0.02,0.00,0.00,1.29
2026-08-23T21:59:42Z,0.765,19.1,785.9,0.00,0.21,0.00,0.00,1.29
2026-08-23T21:59:43Z,0.707,17.7,786.5,0.00,0.00,0.00,0.00,1.59
2026-08-23T21:59:44Z,0.755,18.9,788.3,0.00,0.00,0.00,0.00,1.59
2026-08-23T21:59:45Z,0.708,17.7,785.6,0.00,0.00,0.00,0.00,1.59
2026-08-23T21:59:47Z,0.736,18.4,786.9,0.00,0.00,0.00,0.00,1.59
2026-08-23T21:59:48Z,0.698,17.4,784.6,0.00,0.23,0.00,0.00,1.46
2026-08-23T21:59:49Z,0.727,18.2,787.2,0.00,0.01,0.00,0.00,1.46
2026-08-23T21:59:50Z,0.725,18.1,788.1,0.00,0.00,0.00,0.00,1.46
2026-08-23T21:59:51Z,0.717,17.9,786.9,0.00,0.00,0.00,0.00,1.46
2026-08-23T21:59:52Z,0.764,19.1,787.1,0.00,0.00,0.00,0.00,1.46
2026-08-23T21:59:53Z,0.802,20.1,786.7,0.00,0.00,0.00,0.00,1.35
2026-08-23T21:59:54Z,0.727,18.2,787.3,0.00,0.00,0.00,0.00,1.35
2026-08-23T21:59:55Z,0.727,18.2,788.1,0.00,0.00,0.00,0.00,1.35
2026-08-23T21:59:56Z,0.717,17.9,788.6,0.00,0.00,0.00,0.00,1.35
2026-08-23T21:59:57Z,0.736,18.4,787.2,0.00,0.00,0.00,0.00,1.35
2026-08-23T21:59:58Z,0.737,18.4,788.3,0.00,0.16,0.00,0.00,1.24
2026-08-23T21:59:59Z,0.744,18.6,789.6,0.00,0.00,0.00,0.00,1.24
2026-08-23T22:00:00Z,0.757,18.9,785.5,0.00,0.00,0.00,0.00,1.24
2026-08-23T22:00:01Z,0.727,18.2,785.4,0.00,0.00,0.00,0.00,1.24
2026-08-23T22:00:02Z,0.784,19.6,785.6,0.00,0.00,0.00,0.00,1.24
2026-08-23T22:00:03Z,0.756,18.9,785.1,0.00,0.00,0.00,0.00,1.14
2026-08-23T22:00:04Z,0.757,18.9,787.6,0.00,0.00,0.00,0.00,1.14
2026-08-23T22:00:05Z,0.814,20.3,785.7,0.00,0.33,0.00,0.00,1.14
2026-08-23T22:00:06Z,0.755,18.9,784.6,0.00,0.06,0.00,0.00,1.14
2026-08-23T22:00:07Z,0.734,18.4,785.6,0.00,0.00,0.00,0.00,1.14
2026-08-23T22:00:08Z,0.746,18.6,786.5,0.00,0.00,0.00,0.00,1.05
2026-08-23T22:00:09Z,0.784,19.6,787.2,0.00,0.00,0.00,0.00,1.05
2026-08-23T22:00:10Z,0.765,19.1,786.3,0.00,0.00,0.00,0.00,1.05
2026-08-23T22:00:11Z,0.708,17.7,786.7,0.00,0.65,0.00,0.00,1.05
2026-08-23T22:00:12Z,0.746,18.6,787.1,0.00,0.00,0.00,0.00,1.05
2026-08-23T22:00:13Z,0.785,19.6,786.7,0.00,0.00,0.00,0.00,1.04
2026-08-23T22:00:14Z,0.687,17.2,782.8,0.00,0.00,0.00,0.00,1.04
2026-08-23T22:00:15Z,0.745,18.6,786.5,0.00,0.00,0.00,0.00,1.04
2026-08-23T22:00:16Z,0.763,19.1,785.6,0.00,0.02,0.00,0.00,1.04
2026-08-23T22:00:18Z,0.743,18.6,786.3,0.00,0.00,0.00,0.00,1.04
2026-08-23T22:00:19Z,0.708,17.7,784.2,0.00,0.00,0.00,0.00,0.96
2026-08-23T22:00:20Z,0.737,18.4,787.0,0.00,0.23,0.00,0.00,0.96
2026-08-23T22:00:21Z,0.706,17.6,789.5,0.00,0.00,0.00,0.00,0.96
2026-08-23T22:00:22Z,0.715,17.9,787.7,0.00,0.00,0.00,0.00,0.96
2026-08-23T22:00:23Z,0.745,18.6,785.9,0.00,0.00,0.00,0.00,0.88
2026-08-23T22:00:24Z,0.726,18.1,787.5,0.00,0.00,0.00,0.00,0.88
2026-08-23T22:00:25Z,0.765,19.1,784.1,0.00,0.00,0.00,0.00,0.88
2026-08-23T22:00:26Z,0.717,17.9,786.6,0.00,0.20,0.00,0.00,0.88
2026-08-23T22:00:27Z,0.716,17.9,786.2,0.00,0.00,0.00,0.00,0.88
2026-08-23T22:00:28Z,0.685,17.1,788.7,0.00,0.00,0.00,0.00,0.81
2026-08-23T22:00:29Z,0.764,19.1,776.6,0.00,0.00,0.00,0.00,0.81
2026-08-23T22:00:30Z,0.667,16.7,778.6,0.00,0.00,0.00,0.00,0.81
2026-08-23T22:00:31Z,0.745,18.6,781.1,0.00,0.00,0.00,0.00,0.81
2026-08-23T22:00:32Z,0.746,18.6,780.5,0.00,0.00,0.00,0.00,0.81
2026-08-23T22:00:33Z,0.679,17.0,781.6,0.00,0.29,0.00,0.00,0.75
2026-08-23T22:00:34Z,0.742,18.6,782.7,0.00,0.01,0.00,0.00,0.75
2026-08-23T22:00:35Z,0.725,18.1,783.8,0.00,0.00,0.00,0.00,0.75
2026-08-23T22:00:36Z,0.716,17.9,784.1,0.00,0.00,0.00,0.00,0.75
2026-08-23T22:00:37Z,0.766,19.1,786.1,0.00,0.00,0.00,0.00,0.75
2026-08-23T22:00:38Z,0.687,17.2,786.5,0.00,0.03,0.00,0.00,0.77
2026-08-23T22:00:39Z,0.736,18.4,788.9,0.00,0.00,0.00,0.00,0.77
2026-08-23T22:00:40Z,0.677,16.9,788.7,0.00,0.01,0.00,0.00,0.77
2026-08-23T22:00:41Z,0.744,18.6,783.6,0.00,0.04,0.00,0.00,0.77
2026-08-23T22:00:42Z,0.754,18.9,786.3,0.00,0.00,0.00,0.00,0.77
2026-08-23T22:00:43Z,0.766,19.1,784.3,0.00,0.00,0.00,0.00,0.70
2026-08-23T22:00:44Z,0.774,19.4,782.9,0.00,0.17,0.00,0.00,0.70
2026-08-23T22:00:45Z,0.736,18.4,780.9,0.00,0.10,0.00,0.00,0.70
2026-08-23T22:00:46Z,0.708,17.7,776.2,0.00,0.02,0.00,0.00,0.70
2026-08-23T22:00:47Z,0.735,18.4,779.0,0.00,0.00,0.00,0.00,0.70
2026-08-23T22:00:49Z,0.707,17.7,778.4,0.00,0.00,0.00,0.00,0.97
2026-08-23T22:00:50Z,0.707,17.7,781.1,0.00,0.00,0.00,0.00,0.97
2026-08-23T22:00:51Z,0.717,17.9,783.3,0.00,0.00,0.00,0.00,0.97
2026-08-23T22:00:52Z,0.735,18.4,784.2,0.00,0.19,0.00,0.00,0.97
2026-08-23T22:00:53Z,0.696,17.4,782.1,0.00,0.00,0.00,0.00,1.05
2026-08-23T22:00:54Z,0.785,19.6,781.4,0.00,0.00,0.00,0.00,1.05
2026-08-23T22:00:55Z,0.755,18.9,782.1,0.00,0.00,0.00,0.00,1.05
2026-08-23T22:00:56Z,0.678,17.0,782.4,0.00,0.00,0.00,0.00,1.05
2026-08-23T22:00:57Z,0.706,17.6,783.7,0.00,0.00,0.00,0.00,1.05
2026-08-23T22:00:58Z,0.793,19.8,785.1,0.00,0.22,0.00,0.00,0.97
2026-08-23T22:00:59Z,0.728,18.2,785.2,0.00,0.00,0.00,0.00,0.97
2026-08-23T22:01:00Z,0.716,17.9,785.7,0.00,0.00,0.00,0.00,0.97
2026-08-23T22:01:01Z,0.678,17.0,786.0,0.00,0.00,0.00,0.00,0.97
2026-08-23T22:01:02Z,0.716,17.9,787.1,0.00,0.00,0.00,0.00,0.97
2026-08-23T22:01:03Z,0.765,19.1,787.1,0.00,0.00,0.00,0.00,0.97
2026-08-23T22:01:04Z,0.688,17.2,788.8,0.00,0.00,0.00,0.00,0.97
2026-08-23T22:01:05Z,0.727,18.2,790.3,0.00,0.00,0.00,0.00,0.97
2026-08-23T22:01:06Z,0.708,17.7,786.2,0.00,0.18,0.00,0.00,0.97
2026-08-23T22:01:07Z,0.795,19.9,786.9,0.00,0.00,0.00,0.00,0.97
2026-08-23T22:01:08Z,0.717,17.9,786.7,0.00,0.00,0.00,0.00,0.89
2026-08-23T22:01:09Z,0.728,18.2,788.2,0.00,0.00,0.00,0.00,0.89
2026-08-23T22:01:10Z,0.726,18.1,777.8,0.00,0.00,0.00,0.00,0.89
2026-08-23T22:01:11Z,0.764,19.1,779.7,0.00,0.05,0.00,0.00,0.89
2026-08-23T22:01:12Z,0.708,17.7,779.3,0.00,0.00,0.00,0.00,0.89
2026-08-23T22:01:13Z,0.754,18.9,780.5,0.00,0.00,0.00,0.00,0.82
2026-08-23T22:01:14Z,0.735,18.4,782.5,0.00,0.00,0.00,0.00,0.82
2026-08-23T22:01:15Z,0.687,17.2,782.1,0.00,0.18,0.00,0.00,0.82
2026-08-23T22:01:16Z,0.679,17.0,777.1,0.00,0.02,0.00,0.00,0.82
2026-08-23T22:01:17Z,0.756,18.9,778.0,0.00,0.00,0.00,0.00,0.82
2026-08-23T22:01:18Z,0.678,17.0,778.7,0.00,0.00,0.00,0.00,0.92
2026-08-23T22:01:19Z,0.782,19.6,775.0,0.00,0.00,0.00,0.00,0.92
2026-08-23T22:01:21Z,0.728,18.2,774.9,0.00,0.00,0.00,0.00,0.92
2026-08-23T22:01:22Z,0.745,18.6,778.0,0.00,0.21,0.00,0.00,0.92
2026-08-23T22:01:23Z,0.745,18.6,776.1,0.00,0.00,0.00,0.00,1.00
2026-08-23T22:01:24Z,0.698,17.4,779.0,0.00,0.00,0.00,0.00,1.00
2026-08-23T22:01:25Z,0.743,18.6,777.3,0.00,0.00,0.00,0.00,1.00
2026-08-23T22:01:26Z,0.733,18.3,779.6,0.00,0.00,0.00,0.00,1.00
2026-08-23T22:01:27Z,0.792,19.8,781.3,0.00,0.00,0.00,0.00,1.00
2026-08-23T22:01:28Z,0.707,17.7,781.5,0.00,0.16,0.00,0.00,0.92
2026-08-23T22:01:29Z,0.727,18.2,784.3,0.00,0.00,0.00,0.00,0.92
2026-08-23T22:01:30Z,0.717,17.9,785.7,0.00,0.00,0.00,0.00,0.92
2026-08-23T22:01:31Z,0.735,18.4,779.1,0.00,0.00,0.00,0.00,0.92
2026-08-23T22:01:32Z,0.717,17.9,782.3,0.00,0.00,0.00,0.00,0.92
2026-08-23T22:01:33Z,0.706,17.6,784.4,0.00,0.00,0.00,0.00,0.85
2026-08-23T22:01:34Z,0.815,20.4,784.2,0.00,0.00,0.00,0.00,0.85
2026-08-23T22:01:35Z,0.699,17.5,786.2,0.00,0.00,0.00,0.00,0.85
2026-08-23T22:01:36Z,0.699,17.5,786.9,0.00,0.18,0.00,0.00,0.85
2026-08-23T22:01:37Z,0.613,15.3,788.0,0.00,0.00,0.00,0.00,0.85
2026-08-23T22:01:38Z,0.823,20.6,787.2,0.00,0.00,0.00,0.00,1.82
2026-08-23T22:01:39Z,0.667,16.7,786.9,0.00,0.00,0.00,0.00,1.82
2026-08-23T22:01:40Z,0.698,17.4,787.0,0.00,0.00,0.00,0.00,1.82
2026-08-23T22:01:41Z,0.649,16.2,786.9,0.00,0.00,0.00,0.00,1.82
2026-08-23T22:01:42Z,0.756,18.9,786.9,0.00,0.03,0.00,0.00,1.82
2026-08-23T22:01:43Z,0.666,16.7,786.6,0.00,0.18,0.00,0.00,1.67
2026-08-23T22:01:44Z,0.707,17.7,788.9,0.00,0.00,0.00,0.00,1.67
2026-08-23T22:01:45Z,0.705,17.6,788.8,0.00,0.00,0.00,0.00,1.67
2026-08-23T22:01:46Z,0.639,16.0,789.8,0.00,0.00,0.00,0.00,1.67
2026-08-23T22:01:47Z,0.603,15.1,792.1,0.00,0.03,0.00,0.00,1.67
2026-08-23T22:01:48Z,0.863,21.6,785.8,0.00,0.00,0.00,0.00,2.10
2026-08-23T22:01:49Z,0.754,18.9,782.9,0.00,0.00,0.00,0.00,2.10
2026-08-23T22:01:50Z,0.707,17.7,782.4,0.00,0.00,0.00,0.00,2.10
2026-08-23T22:01:52Z,0.714,17.8,785.1,0.00,0.00,0.00,0.00,2.10
2026-08-23T22:01:53Z,0.727,18.2,786.8,0.00,0.00,0.00,0.00,2.10
2026-08-23T22:01:54Z,0.601,15.0,788.8,0.00,0.19,0.00,0.00,1.93
2026-08-23T22:01:55Z,0.844,21.1,790.9,0.00,0.00,0.00,0.00,1.93
2026-08-23T22:01:56Z,0.746,18.6,792.5,0.00,0.00,0.00,0.00,1.93
2026-08-23T22:01:57Z,0.833,20.8,793.0,0.00,0.00,0.00,0.00,1.93
2026-08-23T22:01:58Z,0.745,18.6,788.4,0.00,0.00,0.00,0.00,2.18
2026-08-23T22:01:59Z,0.787,19.7,788.5,0.00,0.00,0.00,0.00,2.18
2026-08-23T22:02:00Z,0.718,17.9,786.8,0.00,0.00,0.00,0.00,2.18
2026-08-23T22:02:01Z,0.727,18.2,788.4,0.00,0.00,0.00,0.00,2.18
2026-08-23T22:02:02Z,0.698,17.4,787.8,0.00,0.00,0.00,0.00,2.18
2026-08-23T22:02:03Z,0.668,16.7,789.1,0.00,0.00,0.00,0.00,2.00
2026-08-23T22:02:04Z,0.714,17.8,789.5,0.00,0.18,0.00,0.00,2.00
2026-08-23T22:02:05Z,0.781,19.5,787.5,0.00,0.00,0.00,0.00,2.00
2026-08-23T22:02:06Z,0.746,18.6,787.8,0.00,0.00,0.00,0.00,2.00
2026-08-23T22:02:07Z,0.756,18.9,789.2,0.00,0.00,0.00,0.00,2.00
2026-08-23T22:02:08Z,0.707,17.7,789.5,0.00,0.00,0.00,0.00,2.16
2026-08-23T22:02:09Z,0.746,18.6,788.8,0.00,0.23,0.00,0.00,2.16
2026-08-23T22:02:10Z,0.735,18.4,790.5,0.00,0.00,0.00,0.00,2.16
2026-08-23T22:02:11Z,0.773,19.3,791.9,0.00,0.00,0.00,0.00,2.16
2026-08-23T22:02:12Z,0.718,17.9,791.4,0.00,0.06,0.00,0.00,2.16
2026-08-23T22:02:13Z,0.738,18.4,793.9,0.00,0.00,0.00,0.00,2.15
2026-08-23T22:02:14Z,0.804,20.1,783.3,0.00,0.00,0.00,0.00,2.15
2026-08-23T22:02:15Z,0.757,18.9,779.2,0.00,0.00,0.00,0.00,2.15
2026-08-23T22:02:16Z,0.700,17.5,780.9,0.00,0.00,0.00,0.00,2.15
2026-08-23T22:02:17Z,0.831,20.8,781.8,0.00,0.03,0.00,0.00,2.15
2026-08-23T22:02:18Z,0.709,17.7,775.4,0.00,0.00,0.00,0.00,1.98
2026-08-23T22:02:19Z,0.728,18.2,777.8,0.00,0.24,0.00,0.00,1.98
2026-08-23T22:02:20Z,0.707,17.7,777.8,0.00,0.00,0.00,0.00,1.98
2026-08-23T22:02:21Z,0.765,19.1,778.4,0.00,0.00,0.00,0.00,1.98
2026-08-23T22:02:22Z,0.764,19.1,780.9,0.00,0.00,0.00,0.00,1.98
2026-08-23T22:02:24Z,0.707,17.7,781.0,0.00,0.00,0.00,0.00,1.98
2026-08-23T22:02:25Z,0.689,17.2,782.4,0.00,0.00,0.00,0.00,1.98
2026-08-23T22:02:26Z,0.726,18.1,783.2,0.00,0.01,0.00,0.00,1.98
2026-08-23T22:02:27Z,0.661,16.5,785.6,0.00,0.00,0.00,0.00,1.98
2026-08-23T22:02:28Z,0.715,17.9,785.1,0.00,0.00,0.00,0.00,1.82
2026-08-23T22:02:29Z,0.775,19.4,789.3,0.00,0.00,0.00,0.00,1.82
2026-08-23T22:02:30Z,0.733,18.3,788.7,0.00,0.00,0.00,0.00,1.82
2026-08-23T22:02:31Z,0.727,18.2,789.2,0.00,0.00,0.00,0.00,1.82
2026-08-23T22:02:32Z,0.776,19.4,788.2,0.00,0.00,0.00,0.00,1.82
2026-08-23T22:02:33Z,0.687,17.2,788.7,0.00,0.22,0.00,0.00,1.68
2026-08-23T22:02:34Z,0.726,18.1,789.2,0.00,0.00,0.00,0.00,1.68
2026-08-23T22:02:35Z,0.765,19.1,787.9,0.00,0.00,0.00,0.00,1.68
2026-08-23T22:02:36Z,0.707,17.7,786.5,0.00,0.00,0.00,0.00,1.68
2026-08-23T22:02:37Z,0.678,17.0,788.2,0.00,0.00,0.00,0.00,1.68
2026-08-23T22:02:38Z,0.707,17.7,789.7,0.00,0.00,0.00,0.00,1.54
2026-08-23T22:02:39Z,0.736,18.4,791.4,0.00,0.00,0.00,0.00,1.54
2026-08-23T22:02:40Z,0.707,17.7,791.7,0.00,0.00,0.00,0.00,1.54
2026-08-23T22:02:41Z,0.766,19.1,787.5,0.00,0.17,0.00,0.00,1.54
2026-08-23T22:02:42Z,0.737,18.4,788.5,0.00,0.00,0.00,0.00,1.54
2026-08-23T22:02:43Z,0.736,18.4,780.7,0.00,0.05,0.00,0.00,1.42
2026-08-23T22:02:44Z,0.737,18.4,783.2,0.00,0.00,0.00,0.00,1.42
2026-08-23T22:02:45Z,0.718,17.9,784.9,0.00,0.00,0.00,0.00,1.42
2026-08-23T22:02:46Z,0.766,19.1,785.7,0.00,0.00,0.00,0.00,1.42
2026-08-23T22:02:47Z,0.765,19.1,786.1,0.00,0.22,0.00,0.00,1.42
2026-08-23T22:02:48Z,0.737,18.4,784.6,0.00,0.02,0.00,0.00,1.38
2026-08-23T22:02:49Z,0.724,18.1,776.3,0.00,0.02,0.00,0.00,1.38
2026-08-23T22:02:50Z,0.736,18.4,776.6,0.00,0.00,0.00,0.00,1.38
2026-08-23T22:02:51Z,0.726,18.1,775.6,0.00,0.00,0.00,0.00,1.38
2026-08-23T22:02:52Z,0.714,17.8,776.5,0.00,0.00,0.00,0.00,1.38
2026-08-23T22:02:53Z,0.746,18.6,774.8,0.00,0.32,0.00,0.00,1.35
2026-08-23T22:02:54Z,0.748,18.7,777.5,0.00,0.00,0.00,0.00,1.35
2026-08-23T22:02:56Z,0.763,19.1,777.3,0.00,0.00,0.00,0.00,1.35
2026-08-23T22:02:57Z,0.783,19.6,780.7,0.00,0.00,0.00,0.00,1.35
2026-08-23T22:02:58Z,0.804,20.1,773.4,0.00,0.00,0.00,0.00,2.05
2026-08-23T22:02:59Z,0.697,17.4,774.6,0.00,0.17,0.00,0.00,2.05
2026-08-23T22:03:00Z,0.698,17.4,774.8,0.00,0.00,0.00,0.00,2.05
2026-08-23T22:03:01Z,0.765,19.1,775.5,0.00,0.00,0.00,0.00,2.05
2026-08-23T22:03:02Z,0.727,18.2,776.6,0.00,0.00,0.00,0.00,2.05
2026-08-23T22:03:03Z,0.687,17.2,777.1,0.00,0.00,0.00,0.00,1.96
2026-08-23T22:03:04Z,0.737,18.4,779.8,0.00,0.00,0.00,0.00,1.96
2026-08-23T22:03:05Z,0.773,19.3,780.5,0.00,0.00,0.00,0.00,1.96
2026-08-23T22:03:06Z,0.755,18.9,779.1,0.00,0.00,0.00,0.00,1.96
2026-08-23T22:03:07Z,0.783,19.6,777.8,0.00,0.00,0.00,0.00,1.96
2026-08-23T22:03:08Z,0.795,19.9,781.4,0.00,0.00,0.00,0.00,1.80
2026-08-23T22:03:09Z,0.688,17.2,780.1,0.00,0.00,0.00,0.00,1.80
2026-08-23T22:03:10Z,0.709,17.7,777.4,0.00,0.27,0.00,0.00,1.80
2026-08-23T22:03:11Z,0.728,18.2,778.6,0.00,0.00,0.00,0.00,1.80
2026-08-23T22:03:12Z,0.698,17.4,778.5,0.00,0.00,0.00,0.00,1.80
2026-08-23T22:03:13Z,0.794,19.9,780.2,0.00,0.05,0.00,0.00,1.66
2026-08-23T22:03:14Z,0.764,19.1,777.2,0.00,0.00,0.00,0.00,1.66
2026-08-23T22:03:15Z,0.792,19.8,777.3,0.00,0.00,0.00,0.00,1.66
2026-08-23T22:03:16Z,0.697,17.4,776.5,0.00,0.00,0.00,0.00,1.66
2026-08-23T22:03:17Z,0.756,18.9,776.4,0.00,0.00,0.00,0.00,1.66
2026-08-23T22:03:18Z,0.745,18.6,774.5,0.00,0.03,0.00,0.00,1.53
2026-08-23T22:03:19Z,0.764,19.1,775.4,0.00,0.00,0.00,0.00,1.53
2026-08-23T22:03:20Z,0.725,18.1,777.4,0.00,0.00,0.00,0.00,1.53
2026-08-23T22:03:21Z,0.726,18.1,778.9,0.00,0.01,0.00,0.00,1.53
2026-08-23T22:03:22Z,0.765,19.1,781.1,0.00,0.00,0.00,0.00,1.53
2026-08-23T22:03:23Z,0.776,19.4,776.7,0.00,0.00,0.00,0.00,1.40
2026-08-23T22:03:24Z,0.746,18.6,775.6,0.00,0.00,0.00,0.00,1.40
2026-08-23T22:03:25Z,0.725,18.1,775.4,0.00,0.00,0.00,0.00,1.40
2026-08-23T22:03:27Z,0.716,17.9,773.9,0.00,0.00,0.00,0.00,1.40
2026-08-23T22:03:28Z,0.736,18.4,776.3,0.00,0.00,0.00,0.00,1.40
2026-08-23T22:03:29Z,0.784,19.6,776.0,0.00,0.01,0.00,0.00,1.29
2026-08-23T22:03:30Z,0.765,19.1,776.3,0.00,0.00,0.00,0.00,1.29
2026-08-23T22:03:31Z,0.715,17.9,777.2,0.00,0.00,0.00,0.00,1.29
2026-08-23T22:03:32Z,0.765,19.1,776.3,0.00,0.00,0.00,0.00,1.29
2026-08-23T22:03:33Z,0.784,19.6,776.5,0.00,0.00,0.00,0.00,1.51
2026-08-23T22:03:34Z,0.689,17.2,776.9,0.00,0.00,0.00,0.00,1.51
2026-08-23T22:03:35Z,0.737,18.4,775.2,0.00,0.00,0.00,0.00,1.51
2026-08-23T22:03:36Z,0.736,18.4,775.1,0.00,0.00,0.00,0.00,1.51
2026-08-23T22:03:37Z,0.765,19.1,776.8,0.00,0.00,0.00,0.00,1.51
2026-08-23T22:03:38Z,0.755,18.9,773.9,0.00,0.00,0.00,0.00,1.39
2026-08-23T22:03:39Z,0.706,17.6,776.9,0.00,0.00,0.00,0.00,1.39
2026-08-23T22:03:40Z,0.786,19.7,777.6,0.00,0.00,0.00,0.00,1.39
2026-08-23T22:03:41Z,0.698,17.4,776.4,0.00,0.27,0.00,0.00,1.39
2026-08-23T22:03:42Z,0.756,18.9,775.8,0.00,0.00,0.00,0.00,1.39
2026-08-23T22:03:43Z,0.726,18.1,777.6,0.00,0.00,0.00,0.00,1.44
2026-08-23T22:03:44Z,0.804,20.1,777.2,0.00,0.06,0.00,0.00,1.44
2026-08-23T22:03:45Z,0.784,19.6,776.3,0.00,0.00,0.00,0.00,1.44
2026-08-23T22:03:46Z,0.716,17.9,777.3,0.00,0.00,0.00,0.00,1.44
2026-08-23T22:03:47Z,0.727,18.2,774.1,0.00,0.00,0.00,0.00,1.44
2026-08-23T22:03:48Z,0.774,19.4,776.8,0.00,0.00,0.00,0.00,1.32
2026-08-23T22:03:49Z,0.774,19.4,775.2,0.00,0.03,0.00,0.00,1.32
2026-08-23T22:03:50Z,0.763,19.1,776.3,0.00,0.17,0.00,0.00,1.32
2026-08-23T22:03:51Z,0.783,19.6,776.9,0.00,0.00,0.00,0.00,1.32
2026-08-23T22:03:52Z,0.765,19.1,776.7,0.00,0.00,0.00,0.00,1.32
2026-08-23T22:03:53Z,0.803,20.1,774.7,0.00,0.00,0.00,0.00,1.30
2026-08-23T22:03:54Z,0.765,19.1,773.7,0.00,0.00,0.00,0.00,1.30
2026-08-23T22:03:55Z,0.717,17.9,776.1,0.00,0.00,0.00,0.00,1.30
2026-08-23T22:03:56Z,0.794,19.9,774.5,0.00,0.00,0.00,0.00,1.30
2026-08-23T22:03:57Z,0.715,17.9,775.7,0.00,0.00,0.00,0.00,1.30
2026-08-23T22:03:59Z,0.794,19.9,777.4,0.00,0.17,0.00,0.00,1.59
2026-08-23T22:04:00Z,0.735,18.4,779.1,0.00,0.00,0.00,0.00,1.59
2026-08-23T22:04:01Z,0.743,18.6,777.8,0.00,0.00,0.00,0.00,1.59
2026-08-23T22:04:02Z,0.823,20.6,778.7,0.00,0.00,0.00,0.00,1.59
2026-08-23T22:04:03Z,0.783,19.6,779.0,0.00,0.00,0.00,0.00,1.46
2026-08-23T22:04:04Z,0.705,17.6,778.2,0.00,0.00,0.00,0.00,1.46
2026-08-23T22:04:05Z,0.782,19.6,777.0,0.00,0.00,0.00,0.00,1.46
2026-08-23T22:04:06Z,0.766,19.1,778.2,0.00,0.21,0.00,0.00,1.46
2026-08-23T22:04:07Z,0.687,17.2,776.4,0.00,0.00,0.00,0.00,1.46
2026-08-23T22:04:08Z,0.697,17.4,774.1,0.00,0.00,0.00,0.00,1.35
2026-08-23T22:04:09Z,0.754,18.9,773.3,0.00,0.00,0.00,0.00,1.35
2026-08-23T22:04:10Z,0.706,17.6,776.0,0.00,0.00,0.00,0.00,1.35
2026-08-23T22:04:11Z,0.727,18.2,776.5,0.00,0.00,0.00,0.00,1.35
2026-08-23T22:04:12Z,0.757,18.9,776.5,0.00,0.00,0.00,0.00,1.35
2026-08-23T22:04:13Z,0.766,19.1,776.0,0.00,0.16,0.00,0.00,1.24
2026-08-23T22:04:14Z,0.687,17.2,776.8,0.00,0.03,0.00,0.00,1.24
2026-08-23T22:04:15Z,0.717,17.9,774.9,0.00,0.00,0.00,0.00,1.24
2026-08-23T22:04:16Z,0.717,17.9,777.3,0.00,0.00,0.00,0.00,1.24
2026-08-23T22:04:17Z,0.764,19.1,778.5,0.00,0.00,0.00,0.00,1.24
2026-08-23T22:04:18Z,0.716,17.9,777.1,0.00,0.17,0.00,0.00,1.30
2026-08-23T22:04:19Z,0.735,18.4,776.4,0.00,0.02,0.00,0.00,1.30
2026-08-23T22:04:20Z,0.754,18.9,775.6,0.00,0.00,0.00,0.00,1.30
2026-08-23T22:04:21Z,0.785,19.6,777.8,0.00,0.01,0.00,0.00,1.30
2026-08-23T22:04:22Z,0.725,18.1,775.9,0.00,0.00,0.00,0.00,1.30
2026-08-23T22:04:23Z,0.727,18.2,775.1,0.00,0.00,0.00,0.00,1.20
2026-08-23T22:04:24Z,0.755,18.9,773.7,0.00,0.00,0.00,0.00,1.20
2026-08-23T22:04:25Z,0.698,17.4,774.5,0.00,0.00,0.00,0.00,1.20
2026-08-23T22:04:26Z,0.648,16.2,775.3,0.00,0.00,0.00,0.00,1.20
2026-08-23T22:04:27Z,0.815,20.4,776.3,0.00,0.21,0.00,0.00,1.20
2026-08-23T22:04:28Z,0.851,21.3,774.8,0.00,0.00,0.00,0.00,1.10
2026-08-23T22:04:30Z,0.811,20.3,774.6,0.00,0.00,0.00,0.00,1.10
2026-08-23T22:04:31Z,0.738,18.4,775.4,0.00,0.01,0.00,0.00,1.10
2026-08-23T22:04:32Z,0.767,19.2,777.2,0.00,0.00,0.00,0.00,1.10
2026-08-23T22:04:33Z,0.746,18.6,774.6,0.00,0.00,0.00,0.00,1.01
2026-08-23T22:04:34Z,0.738,18.4,776.6,0.00,0.21,0.00,0.00,1.01
2026-08-23T22:04:35Z,0.763,19.1,775.2,0.00,0.00,0.00,0.00,1.01
2026-08-23T22:04:36Z,0.725,18.1,776.0,0.00,0.00,0.00,0.00,1.01
2026-08-23T22:04:37Z,0.736,18.4,774.3,0.00,0.00,0.00,0.00,1.01
2026-08-23T22:04:38Z,0.719,18.0,773.5,0.00,0.00,0.00,0.00,1.01
2026-08-23T22:04:39Z,0.737,18.4,774.8,0.00,0.00,0.00,0.00,1.01
2026-08-23T22:04:40Z,0.746,18.6,773.9,0.00,0.00,0.00,0.00,1.01
2026-08-23T22:04:41Z,0.724,18.1,774.1,0.00,0.00,0.00,0.00,1.01
2026-08-23T22:04:42Z,0.793,19.8,775.9,0.00,0.27,0.00,0.00,1.01
2026-08-23T22:04:43Z,0.745,18.6,775.9,0.00,0.00,0.00,0.00,0.93
2026-08-23T22:04:44Z,0.755,18.9,777.9,0.00,0.00,0.00,0.00,0.93
2026-08-23T22:04:45Z,0.697,17.4,778.9,0.00,0.05,0.00,0.00,0.93
2026-08-23T22:04:46Z,0.725,18.1,779.9,0.00,0.00,0.00,0.00,0.93
2026-08-23T22:04:47Z,0.714,17.8,777.4,0.00,0.00,0.00,0.00,0.93
2026-08-23T22:04:48Z,0.762,19.1,776.5,0.00,0.00,0.00,0.00,0.93
2026-08-23T22:04:49Z,0.744,18.6,780.6,0.00,0.03,0.00,0.00,0.93
2026-08-23T22:04:50Z,0.736,18.4,778.1,0.00,0.00,0.00,0.00,0.93
2026-08-23T22:04:51Z,0.733,18.3,778.4,0.00,0.00,0.00,0.00,0.93
2026-08-23T22:04:52Z,0.793,19.8,778.6,0.00,0.00,0.00,0.00,0.93
2026-08-23T22:04:53Z,0.714,17.8,779.1,0.00,0.28,0.00,0.00,0.86
2026-08-23T22:04:54Z,0.821,20.5,778.8,0.00,0.00,0.00,0.00,0.86
2026-08-23T22:04:55Z,0.678,17.0,776.8,0.00,0.00,0.00,0.00,0.86
2026-08-23T22:04:56Z,0.802,20.1,776.4,0.00,0.00,0.00,0.00,0.86
2026-08-23T22:04:57Z,0.789,19.7,777.4,0.00,0.00,0.00,0.00,0.86
2026-08-23T22:04:58Z,0.771,19.3,776.7,0.00,0.00,0.00,0.00,0.79
2026-08-23T22:05:00Z,0.790,19.8,778.6,0.00,0.00,0.00,0.00,0.79
2026-08-23T22:05:01Z,0.819,20.5,779.7,0.00,0.17,0.00,0.00,0.79
2026-08-23T22:05:02Z,0.772,19.3,774.9,0.00,0.00,0.00,0.00,0.79
2026-08-23T22:05:03Z,0.714,17.8,775.3,0.00,0.00,0.00,0.00,0.89
2026-08-23T22:05:04Z,0.725,18.1,775.6,0.00,0.00,0.00,0.00,0.89
2026-08-23T22:05:05Z,0.761,19.0,773.0,0.00,0.00,0.00,0.00,0.89
2026-08-23T22:05:06Z,0.716,17.9,774.7,0.00,0.00,0.00,0.00,0.89
2026-08-23T22:05:07Z,0.763,19.1,774.7,0.00,0.28,0.00,0.00,0.89
2026-08-23T22:05:08Z,0.677,16.9,773.2,0.00,0.00,0.00,0.00,1.06
2026-08-23T22:05:09Z,0.743,18.6,773.0,0.00,0.00,0.00,0.00,1.06
2026-08-23T22:05:10Z,0.744,18.6,775.3,0.00,0.00,0.00,0.00,1.06
2026-08-23T22:05:11Z,0.753,18.8,776.2,0.00,0.00,0.00,0.00,1.06
2026-08-23T22:05:12Z,0.752,18.8,779.4,0.00,0.49,0.00,0.00,1.06
2026-08-23T22:05:13Z,0.717,17.9,778.3,0.00,0.00,0.00,0.00,1.13
2026-08-23T22:05:14Z,0.744,18.6,781.6,0.00,0.17,0.00,0.00,1.13
2026-08-23T22:05:15Z,0.763,19.1,783.7,0.00,0.00,0.00,0.00,1.13
2026-08-23T22:05:16Z,0.723,18.1,784.4,0.00,0.00,0.00,0.00,1.13
2026-08-23T22:05:17Z,0.762,19.1,783.4,0.00,0.06,0.00,0.00,1.13
2026-08-23T22:05:18Z,0.736,18.4,785.4,0.00,0.00,0.00,0.00,1.28
2026-08-23T22:05:19Z,0.708,17.7,788.1,0.00,0.00,0.00,0.00,1.28
2026-08-23T22:05:20Z,0.752,18.8,790.1,0.00,0.00,0.00,0.00,1.28
2026-08-23T22:05:21Z,0.772,19.3,788.0,0.00,0.00,0.00,0.00,1.28
2026-08-23T22:05:22Z,0.724,18.1,788.5,0.00,0.17,0.00,0.00,1.28
2026-08-23T22:05:23Z,0.716,17.9,787.2,0.00,0.01,0.00,0.00,1.34
2026-08-23T22:05:24Z,0.726,18.1,779.4,0.00,0.00,0.00,0.00,1.34
2026-08-23T22:05:25Z,0.765,19.1,781.2,0.00,0.00,0.00,0.00,1.34
2026-08-23T22:05:26Z,0.733,18.3,780.0,0.00,0.00,0.00,0.00,1.34
2026-08-23T22:05:27Z,0.743,18.6,781.9,0.00,0.00,0.00,0.00,1.34
2026-08-23T22:05:28Z,0.734,18.4,783.2,0.00,0.00,0.00,0.00,1.23
2026-08-23T22:05:30Z,0.736,18.4,782.8,0.00,0.20,0.00,0.00,1.23
2026-08-23T22:05:31Z,0.725,18.1,785.6,0.00,0.00,0.00,0.00,1.23
2026-08-23T22:05:32Z,0.736,18.4,786.1,0.00,0.00,0.00,0.00,1.23
2026-08-23T22:05:33Z,0.754,18.9,783.1,0.00,0.00,0.00,0.00,1.13
2026-08-23T22:05:34Z,0.718,17.9,786.1,0.00,0.01,0.00,0.00,1.13
2026-08-23T22:05:35Z,0.783,19.6,786.8,0.00,0.00,0.00,0.00,1.13
2026-08-23T22:05:36Z,0.723,18.1,787.3,0.00,0.00,0.00,0.00,1.13
2026-08-23T22:05:37Z,0.744,18.6,785.4,0.00,0.15,0.00,0.00,1.13
2026-08-23T22:05:38Z,0.736,18.4,786.9,0.00,0.00,0.00,0.00,1.12
2026-08-23T22:05:39Z,0.734,18.4,776.4,0.00,0.00,0.00,0.00,1.12
2026-08-23T22:05:40Z,0.783,19.6,779.4,0.00,0.00,0.00,0.00,1.12
2026-08-23T22:05:41Z,0.761,19.0,781.6,0.00,0.23,0.00,0.00,1.12
2026-08-23T22:05:42Z,0.764,19.1,783.3,0.00,0.00,0.00,0.00,1.12
2026-08-23T22:05:43Z,0.717,17.9,783.6,0.00,0.00,0.00,0.00,1.03
2026-08-23T22:05:44Z,0.772,19.3,782.5,0.00,0.11,0.00,0.00,1.03
2026-08-23T22:05:45Z,0.706,17.6,783.3,0.00,0.00,0.00,0.00,1.03
2026-08-23T22:05:46Z,0.717,17.9,777.1,0.00,0.06,0.00,0.00,1.03
2026-08-23T22:05:47Z,0.781,19.5,778.9,0.00,0.00,0.00,0.00,1.03
2026-08-23T22:05:48Z,0.736,18.4,780.1,0.00,0.00,0.00,0.00,1.03
2026-08-23T22:05:49Z,0.706,17.6,780.1,0.00,0.00,0.00,0.00,1.03
2026-08-23T22:05:50Z,0.735,18.4,780.7,0.00,0.00,0.00,0.00,1.03
2026-08-23T22:05:51Z,0.754,18.9,781.8,0.00,0.00,0.00,0.00,1.03
2026-08-23T22:05:52Z,0.716,17.9,783.8,0.00,0.00,0.00,0.00,1.03
2026-08-23T22:05:53Z,0.764,19.1,779.1,0.00,0.00,0.00,0.00,1.03
2026-08-23T22:05:54Z,0.735,18.4,779.1,0.00,0.00,0.00,0.00,1.03
2026-08-23T22:05:55Z,0.736,18.4,779.3,0.00,0.00,0.00,0.00,1.03
2026-08-23T22:05:56Z,0.804,20.1,774.5,0.00,0.00,0.00,0.00,1.03
2026-08-23T22:05:57Z,0.753,18.8,777.0,0.00,0.00,0.00,0.00,1.03
2026-08-23T22:05:58Z,0.744,18.6,778.4,0.00,0.00,0.00,0.00,2.07
2026-08-23T22:06:00Z,0.788,19.7,779.4,0.00,0.00,0.00,0.00,2.07
2026-08-23T22:06:01Z,0.725,18.1,780.3,0.00,0.00,0.00,0.00,2.07
2026-08-23T22:06:02Z,0.726,18.1,779.9,0.00,0.00,0.00,0.00,2.07
2026-08-23T22:06:03Z,0.726,18.1,780.8,0.00,0.00,0.00,0.00,2.38
2026-08-23T22:06:04Z,0.735,18.4,779.5,0.00,0.00,0.00,0.00,2.38
2026-08-23T22:06:05Z,0.704,17.6,774.3,0.00,0.00,0.00,0.00,2.38
2026-08-23T22:06:06Z,0.706,17.6,777.4,0.00,0.00,0.00,0.00,2.38
2026-08-23T22:06:07Z,0.744,18.6,776.4,0.00,0.00,0.00,0.00,2.38
2026-08-23T22:06:08Z,0.756,18.9,777.9,0.00,0.00,0.00,0.00,2.27
2026-08-23T22:06:09Z,0.685,17.1,778.0,0.00,0.00,0.00,0.00,2.27
2026-08-23T22:06:10Z,0.705,17.6,779.7,0.00,0.31,0.00,0.00,2.27
2026-08-23T22:06:11Z,0.720,18.0,778.9,0.00,0.00,0.00,0.00,2.27
2026-08-23T22:06:12Z,0.743,18.6,773.4,0.00,0.00,0.00,0.00,2.27
2026-08-23T22:06:13Z,0.705,17.6,773.7,0.00,0.00,0.00,0.00,2.25
2026-08-23T22:06:14Z,0.697,17.4,776.7,0.00,0.00,0.00,0.00,2.25
2026-08-23T22:06:15Z,0.716,17.9,778.6,0.00,0.00,0.00,0.00,2.25
2026-08-23T22:06:16Z,0.724,18.1,780.1,0.00,0.00,0.00,0.00,2.25
2026-08-23T22:06:17Z,0.783,19.6,778.0,0.00,0.03,0.00,0.00,2.25
2026-08-23T22:06:18Z,0.761,19.0,778.6,0.00,0.00,0.00,0.00,2.07
2026-08-23T22:06:19Z,0.675,16.9,780.7,0.00,0.00,0.00,0.00,2.07
2026-08-23T22:06:20Z,0.705,17.6,780.8,0.00,0.00,0.00,0.00,2.07
2026-08-23T22:06:21Z,0.667,16.7,781.8,0.00,0.00,0.00,0.00,2.07
2026-08-23T22:06:22Z,0.747,18.7,782.8,0.00,0.01,0.00,0.00,2.07
2026-08-23T22:06:23Z,0.734,18.4,783.6,0.00,0.00,0.00,0.00,1.90
2026-08-23T22:06:24Z,0.746,18.6,783.1,0.00,0.01,0.00,0.00,1.90
2026-08-23T22:06:25Z,0.774,19.4,785.3,0.00,0.01,0.00,0.00,1.90
2026-08-23T22:06:26Z,0.715,17.9,786.3,0.00,0.00,0.00,0.00,1.90
2026-08-23T22:06:27Z,1.168,29.2,813.8,0.00,0.00,0.00,0.00,1.90
2026-08-23T22:06:29Z,0.752,18.8,809.4,0.00,0.00,0.00,0.00,2.07
2026-08-23T22:06:30Z,0.764,19.1,804.0,0.00,0.00,0.00,0.00,2.07
2026-08-23T22:06:31Z,0.695,17.4,806.1,0.00,0.00,0.00,0.00,2.07
2026-08-23T22:06:32Z,0.793,19.8,795.5,0.00,0.00,0.00,0.00,2.07
2026-08-23T22:06:33Z,0.689,17.2,796.5,0.00,0.01,0.00,0.00,2.23
2026-08-23T22:06:34Z,0.745,18.6,793.0,0.00,0.00,0.00,0.00,2.23
2026-08-23T22:06:35Z,0.745,18.6,787.3,0.00,0.01,0.00,0.00,2.23
2026-08-23T22:06:36Z,0.678,17.0,788.3,0.00,0.00,0.00,0.00,2.23
2026-08-23T22:06:37Z,0.697,17.4,790.0,0.00,0.00,0.00,0.00,2.23
2026-08-23T22:06:38Z,0.708,17.7,790.7,0.00,0.00,0.00,0.00,2.13
2026-08-23T22:06:39Z,0.746,18.6,789.5,0.00,0.00,0.00,0.00,2.13
2026-08-23T22:06:40Z,0.697,17.4,789.9,0.00,0.00,0.00,0.00,2.13
2026-08-23T22:06:41Z,0.725,18.1,790.8,0.00,0.00,0.00,0.00,2.13
2026-08-23T22:06:42Z,0.718,17.9,786.2,0.00,0.00,0.00,0.00,2.13
2026-08-23T22:06:43Z,0.697,17.4,789.2,0.00,0.65,0.00,0.00,2.20
2026-08-23T22:06:44Z,0.669,16.7,790.7,0.00,0.00,0.00,0.00,2.20
2026-08-23T22:06:45Z,0.756,18.9,790.9,0.00,0.00,0.00,0.00,2.20
2026-08-23T22:06:46Z,0.708,17.7,792.0,0.00,0.00,0.00,0.00,2.20
2026-08-23T22:06:47Z,0.745,18.6,795.5,0.00,0.09,0.00,0.00,2.20
2026-08-23T22:06:48Z,0.687,17.2,785.1,0.00,0.06,0.00,0.00,2.18
2026-08-23T22:06:49Z,0.678,17.0,785.7,0.00,0.00,0.00,0.00,2.18
2026-08-23T22:06:50Z,0.696,17.4,786.8,0.00,0.00,0.00,0.00,2.18
2026-08-23T22:06:51Z,0.735,18.4,788.9,0.00,0.00,0.00,0.00,2.18
2026-08-23T22:06:52Z,0.736,18.4,791.6,0.00,0.00,0.00,0.00,2.18
2026-08-23T22:06:53Z,0.687,17.2,790.8,0.00,0.00,0.00,0.00,2.01
2026-08-23T22:06:54Z,0.727,18.2,791.6,0.00,0.00,0.00,0.00,2.01
2026-08-23T22:06:55Z,0.767,19.2,791.1,0.00,0.00,0.00,0.00,2.01
2026-08-23T22:06:56Z,0.784,19.6,794.2,0.00,0.00,0.00,0.00,2.01
2026-08-23T22:06:57Z,0.792,19.8,795.2,0.00,0.00,0.00,0.00,2.01
2026-08-23T22:06:58Z,0.717,17.9,796.4,0.00,0.01,0.00,0.00,2.01
2026-08-23T22:06:59Z,0.734,18.4,798.2,0.00,0.00,0.00,0.00,2.01
2026-08-23T22:07:01Z,0.763,19.1,798.6,0.00,0.00,0.00,0.00,2.01
2026-08-23T22:07:02Z,0.697,17.4,796.1,0.00,0.00,0.00,0.00,2.01
2026-08-23T22:07:03Z,0.785,19.6,790.0,0.00,0.00,0.00,0.00,2.01
2026-08-23T22:07:04Z,0.678,17.0,791.0,0.00,0.00,0.00,0.00,1.85
2026-08-23T22:07:05Z,0.746,18.6,793.0,0.00,0.00,0.00,0.00,1.85
2026-08-23T22:07:06Z,0.734,18.4,793.0,0.00,0.00,0.00,0.00,1.85
2026-08-23T22:07:07Z,0.754,18.9,794.5,0.00,0.00,0.00,0.00,1.85
2026-08-23T22:07:08Z,0.717,17.9,790.6,0.00,0.00,0.00,0.00,1.70
2026-08-23T22:07:09Z,0.773,19.3,792.7,0.00,0.36,0.00,0.00,1.70
2026-08-23T22:07:10Z,0.744,18.6,793.0,0.00,0.00,0.00,0.00,1.70
2026-08-23T22:07:11Z,0.735,18.4,793.5,0.00,0.00,0.00,0.00,1.70
2026-08-23T22:07:12Z,0.734,18.4,794.1,0.00,0.00,0.00,0.00,1.70
2026-08-23T22:07:13Z,0.705,17.6,795.3,0.00,0.00,0.00,0.00,1.80
2026-08-23T22:07:14Z,0.689,17.2,792.7,0.00,0.00,0.00,0.00,1.80
2026-08-23T22:07:15Z,0.736,18.4,792.0,0.00,0.16,0.00,0.00,1.80
2026-08-23T22:07:16Z,0.716,17.9,792.7,0.00,0.00,0.00,0.00,1.80
2026-08-23T22:07:17Z,0.706,17.6,793.6,0.00,0.00,0.00,0.00,1.80
2026-08-23T22:07:18Z,0.794,19.9,795.8,0.00,0.03,0.00,0.00,1.82
2026-08-23T22:07:19Z,0.709,17.7,792.8,0.00,0.00,0.00,0.00,1.82
2026-08-23T22:07:20Z,0.747,18.7,793.3,0.00,0.00,0.00,0.00,1.82
2026-08-23T22:07:21Z,0.737,18.4,785.7,0.00,0.25,0.00,0.00,1.82
2026-08-23T22:07:22Z,0.794,19.9,778.3,0.00,0.00,0.00,0.00,1.82
2026-08-23T22:07:23Z,0.735,18.4,779.8,0.00,0.00,0.00,0.00,1.67
2026-08-23T22:07:24Z,0.716,17.9,782.9,0.00,0.00,0.00,0.00,1.67
2026-08-23T22:07:25Z,0.718,17.9,785.1,0.00,0.00,0.00,0.00,1.67
2026-08-23T22:07:26Z,0.756,18.9,787.3,0.00,0.20,0.00,0.00,1.67
2026-08-23T22:07:27Z,0.735,18.4,790.7,0.00,0.01,0.00,0.00,1.67
2026-08-23T22:07:28Z,0.735,18.4,789.2,0.00,0.00,0.00,0.00,1.54
2026-08-23T22:07:29Z,0.705,17.6,791.8,0.00,0.00,0.00,0.00,1.54
2026-08-23T22:07:30Z,0.716,17.9,785.2,0.00,0.00,0.00,0.00,1.54
2026-08-23T22:07:32Z,0.747,18.7,787.7,0.00,0.00,0.00,0.00,1.54
2026-08-23T22:07:33Z,0.715,17.9,788.9,0.00,0.00,0.00,0.00,1.54
2026-08-23T22:07:34Z,0.726,18.1,787.0,0.00,0.22,0.00,0.00,1.41
2026-08-23T22:07:35Z,0.726,18.1,788.8,0.00,0.00,0.00,0.00,1.41
2026-08-23T22:07:36Z,0.753,18.8,789.8,0.00,0.00,0.00,0.00,1.41
2026-08-23T22:07:37Z,0.688,17.2,787.6,0.00,0.00,0.00,0.00,1.41
2026-08-23T22:07:38Z,0.726,18.1,788.8,0.00,0.01,0.00,0.00,1.86
2026-08-23T22:07:39Z,0.725,18.1,789.7,0.00,0.00,0.00,0.00,1.86
2026-08-23T22:07:40Z,0.756,18.9,791.3,0.00,0.00,0.00,0.00,1.86
2026-08-23T22:07:41Z,0.745,18.6,791.8,0.00,0.00,0.00,0.00,1.86
2026-08-23T22:07:42Z,0.707,17.7,792.3,0.00,0.17,0.00,0.00,1.86
2026-08-23T22:07:43Z,0.706,17.6,792.7,0.00,0.00,0.00,0.00,1.71
2026-08-23T22:07:44Z,0.745,18.6,795.0,0.00,0.00,0.00,0.00,1.71
2026-08-23T22:07:45Z,0.698,17.4,796.5,0.00,0.00,0.00,0.00,1.71
2026-08-23T22:07:46Z,0.717,17.9,798.5,0.00,0.00,0.00,0.00,1.71
2026-08-23T22:07:47Z,0.725,18.1,798.7,0.00,0.00,0.00,0.00,1.71
2026-08-23T22:07:48Z,0.686,17.2,797.7,0.00,0.23,0.00,0.00,1.58
2026-08-23T22:07:49Z,0.708,17.7,798.3,0.00,0.00,0.00,0.00,1.58
2026-08-23T22:07:50Z,0.733,18.3,800.1,0.00,0.00,0.00,0.00,1.58
2026-08-23T22:07:51Z,0.743,18.6,800.1,0.00,0.00,0.00,0.00,1.58
2026-08-23T22:07:52Z,0.727,18.2,800.5,0.00,0.00,0.00,0.00,1.58
2026-08-23T22:07:53Z,0.813,20.3,798.1,0.00,0.05,0.12,0.00,1.45
2026-08-23T22:07:54Z,0.763,19.1,796.8,0.00,0.00,0.00,0.00,1.45
2026-08-23T22:07:55Z,0.718,17.9,797.3,0.00,0.00,0.00,0.00,1.45
2026-08-23T22:07:56Z,0.725,18.1,787.9,0.00,0.00,0.00,0.00,1.45
2026-08-23T22:07:57Z,0.689,17.2,787.9,0.00,0.00,0.00,0.00,1.45
2026-08-23T22:07:58Z,0.745,18.6,789.9,0.00,0.36,0.00,0.00,1.33
2026-08-23T22:07:59Z,0.783,19.6,789.9,0.00,0.00,0.00,0.00,1.33
2026-08-23T22:08:00Z,0.725,18.1,792.3,0.00,0.00,0.00,0.00,1.33
2026-08-23T22:08:01Z,0.707,17.7,791.9,0.00,0.00,0.00,0.00,1.33
2026-08-23T22:08:03Z,0.686,17.2,792.2,0.00,0.00,0.00,0.00,1.33
2026-08-23T22:08:04Z,0.725,18.1,793.4,0.00,0.00,0.00,0.00,1.55
2026-08-23T22:08:05Z,0.686,17.2,793.2,0.00,0.00,0.00,0.00,1.55
2026-08-23T22:08:06Z,0.734,18.4,786.5,0.00,0.00,0.00,0.00,1.55
2026-08-23T22:08:07Z,0.736,18.4,787.0,0.00,0.00,0.00,0.00,1.55
2026-08-23T22:08:08Z,0.698,17.4,786.1,0.00,0.00,0.00,0.00,1.42
2026-08-23T22:08:09Z,0.753,18.8,787.9,0.00,0.00,0.00,0.00,1.42
2026-08-23T22:08:10Z,0.738,18.4,787.7,0.00,0.00,0.00,0.00,1.42
2026-08-23T22:08:11Z,0.706,17.6,789.1,0.00,0.18,0.00,0.00,1.42
2026-08-23T22:08:12Z,0.764,19.1,791.6,0.00,0.00,0.00,0.00,1.42
2026-08-23T22:08:13Z,0.783,19.6,789.9,0.00,0.00,0.00,0.00,1.31
2026-08-23T22:08:14Z,0.783,19.6,790.3,0.00,0.00,0.00,0.00,1.31
2026-08-23T22:08:15Z,0.726,18.1,787.3,0.00,0.00,0.00,0.00,1.31
2026-08-23T22:08:16Z,0.649,16.2,787.2,0.00,0.00,0.00,0.00,1.31
2026-08-23T22:08:17Z,0.804,20.1,788.0,0.00,0.00,0.00,0.00,1.31
2026-08-23T22:08:18Z,0.735,18.4,790.3,0.00,0.00,0.00,0.00,1.28
2026-08-23T22:08:19Z,0.753,18.8,784.9,0.00,0.11,0.00,0.00,1.28
2026-08-23T22:08:20Z,0.697,17.4,787.5,0.00,0.00,0.00,0.00,1.28
2026-08-23T22:08:21Z,0.724,18.1,788.4,0.00,0.00,0.00,0.00,1.28
2026-08-23T22:08:22Z,0.707,17.7,788.6,0.00,0.25,0.00,0.00,1.28
2026-08-23T22:08:23Z,0.707,17.7,789.7,0.00,0.00,0.00,0.00,1.34
2026-08-23T22:08:24Z,0.697,17.4,788.2,0.00,0.00,0.00,0.00,1.34
2026-08-23T22:08:25Z,0.726,18.1,792.1,0.00,0.00,0.00,0.00,1.34
2026-08-23T22:08:26Z,0.697,17.4,791.3,0.00,0.00,0.00,0.00,1.34
2026-08-23T22:08:27Z,0.717,17.9,792.4,0.00,0.00,0.00,0.00,1.34
2026-08-23T22:08:28Z,0.794,19.9,793.7,0.00,0.00,0.00,0.00,1.23
2026-08-23T22:08:29Z,0.705,17.6,796.6,0.00,0.01,0.00,0.00,1.23
2026-08-23T22:08:30Z,0.687,17.2,795.8,0.00,0.00,0.00,0.00,1.23
2026-08-23T22:08:31Z,0.745,18.6,797.7,0.00,0.00,0.00,0.00,1.23
2026-08-23T22:08:32Z,0.696,17.4,797.6,0.00,0.17,0.00,0.00,1.23
2026-08-23T22:08:34Z,0.698,17.4,797.7,0.00,0.00,0.00,0.00,1.29
2026-08-23T22:08:35Z,0.727,18.2,791.0,0.00,0.00,0.00,0.00,1.29
2026-08-23T22:08:36Z,0.695,17.4,791.5,0.00,0.00,0.00,0.00,1.29
2026-08-23T22:08:37Z,0.714,17.8,793.4,0.00,0.00,0.00,0.00,1.29
2026-08-23T22:08:38Z,0.735,18.4,792.1,0.00,0.00,0.00,0.00,1.35
2026-08-23T22:08:39Z,0.746,18.6,793.5,0.00,0.00,0.00,0.00,1.35
2026-08-23T22:08:40Z,0.704,17.6,792.8,0.00,0.00,0.00,0.00,1.35
2026-08-23T22:08:41Z,0.669,16.7,795.5,0.00,0.00,0.00,0.00,1.35
2026-08-23T22:08:42Z,0.687,17.2,797.4,0.00,0.00,0.00,0.00,1.35
2026-08-23T22:08:43Z,0.709,17.7,798.3,0.00,0.00,0.00,0.00,1.40
2026-08-23T22:08:44Z,0.717,17.9,779.5,0.00,0.23,0.00,0.00,1.40
2026-08-23T22:08:45Z,0.734,18.4,781.9,0.00,0.00,0.00,0.00,1.40
2026-08-23T22:08:46Z,0.639,16.0,784.1,0.00,0.00,0.00,0.00,1.40
2026-08-23T22:08:47Z,0.717,17.9,785.3,0.00,0.00,0.00,0.00,1.40
2026-08-23T22:08:48Z,0.687,17.2,785.3,0.00,0.00,0.00,0.00,1.29
2026-08-23T22:08:49Z,0.736,18.4,785.5,0.00,0.05,0.00,0.00,1.29
2026-08-23T22:08:50Z,0.686,17.2,785.2,0.00,0.00,0.00,0.00,1.29
2026-08-23T22:08:51Z,0.771,19.3,786.7,0.00,0.00,0.00,0.00,1.29
2026-08-23T22:08:52Z,0.745,18.6,785.8,0.00,0.00,0.00,0.00,1.29
2026-08-23T22:08:53Z,0.737,18.4,778.7,0.00,0.00,0.00,0.00,1.19
2026-08-23T22:08:54Z,0.687,17.2,781.7,0.00,0.24,0.00,0.00,1.19
2026-08-23T22:08:55Z,0.744,18.6,781.0,0.00,0.00,0.00,0.00,1.19
2026-08-23T22:08:56Z,0.696,17.4,782.0,0.00,0.00,0.00,0.00,1.19
2026-08-23T22:08:57Z,0.775,19.4,783.2,0.00,0.00,0.00,0.00,1.19
2026-08-23T22:08:58Z,0.698,17.4,786.1,0.00,0.00,0.00,0.00,1.17
2026-08-23T22:08:59Z,0.689,17.2,787.6,0.00,0.00,0.00,0.00,1.17
2026-08-23T22:09:00Z,0.734,18.4,778.3,0.00,0.00,0.00,0.00,1.17
2026-08-23T22:09:01Z,0.706,17.6,777.1,0.00,0.00,0.00,0.00,1.17
2026-08-23T22:09:02Z,0.735,18.4,779.8,0.00,0.00,0.00,0.00,1.17
2026-08-23T22:09:03Z,0.687,17.2,783.0,0.00,0.00,0.00,0.00,1.08
2026-08-23T22:09:05Z,0.726,18.1,786.1,0.00,0.00,0.00,0.00,1.08
2026-08-23T22:09:06Z,0.697,17.4,782.1,0.00,0.00,0.00,0.00,1.08
2026-08-23T22:09:07Z,0.699,17.5,784.5,0.00,0.25,0.00,0.00,1.08
2026-08-23T22:09:08Z,0.716,17.9,788.2,0.00,0.00,0.00,0.00,1.08
2026-08-23T22:09:09Z,0.707,17.7,787.4,0.00,0.00,0.00,0.00,1.15
2026-08-23T22:09:10Z,0.668,16.7,784.0,0.00,0.00,0.00,0.00,1.15
2026-08-23T22:09:11Z,0.735,18.4,786.2,0.00,0.00,0.00,0.00,1.15
2026-08-23T22:09:12Z,0.737,18.4,787.5,0.00,0.01,0.00,0.00,1.15
2026-08-23T22:09:13Z,0.727,18.2,779.7,0.00,0.00,0.00,0.00,1.38
2026-08-23T22:09:14Z,0.679,17.0,782.9,0.00,0.00,0.00,0.00,1.38
2026-08-23T22:09:15Z,0.726,18.1,786.1,0.00,0.00,0.00,0.00,1.38
2026-08-23T22:09:16Z,0.726,18.1,789.2,0.00,0.25,0.00,0.00,1.38
2026-08-23T22:09:17Z,0.687,17.2,790.3,0.00,0.00,0.00,0.00,1.38
2026-08-23T22:09:18Z,0.793,19.8,793.7,0.00,0.00,0.00,0.00,1.27
2026-08-23T22:09:19Z,0.755,18.9,795.3,0.00,0.00,0.00,0.00,1.27
2026-08-23T22:09:20Z,0.745,18.6,795.8,0.00,0.06,0.00,0.00,1.27
2026-08-23T22:09:21Z,0.716,17.9,795.1,0.00,0.00,0.00,0.00,1.27
2026-08-23T22:09:22Z,0.714,17.8,794.6,0.00,0.00,0.00,0.00,1.27
2026-08-23T22:09:23Z,0.696,17.4,793.2,0.00,0.00,0.00,0.00,1.41
2026-08-23T22:09:24Z,0.698,17.4,793.7,0.00,0.00,0.00,0.00,1.41
2026-08-23T22:09:25Z,0.689,17.2,794.4,0.00,0.20,0.00,0.00,1.41
2026-08-23T22:09:26Z,0.698,17.4,794.9,0.00,0.00,0.00,0.00,1.41
2026-08-23T22:09:27Z,0.660,16.5,793.8,0.00,0.00,0.00,0.00,1.41
2026-08-23T22:09:28Z,0.803,20.1,794.5,0.00,0.00,0.00,0.00,1.70
2026-08-23T22:09:29Z,0.726,18.1,794.5,0.00,0.00,0.00,0.00,1.70
2026-08-23T22:09:30Z,0.765,19.1,788.2,0.00,0.00,0.00,0.00,1.70
2026-08-23T22:09:31Z,0.727,18.2,790.8,0.00,0.00,0.00,0.00,1.70
2026-08-23T22:09:32Z,0.676,16.9,792.2,0.00,0.01,0.00,0.00,1.70
2026-08-23T22:09:33Z,0.713,17.8,794.2,0.00,0.00,0.00,0.00,1.56
2026-08-23T22:09:34Z,0.707,17.7,791.8,0.00,0.00,0.00,0.00,1.56
2026-08-23T22:09:36Z,0.638,16.0,795.0,0.00,0.00,0.00,0.00,1.56
2026-08-23T22:09:37Z,0.660,16.5,796.3,0.00,0.00,0.00,0.00,1.56
2026-08-23T22:09:38Z,0.763,19.1,794.9,0.00,0.00,0.00,0.00,1.56
2026-08-23T22:09:39Z,0.717,17.9,797.5,0.00,0.00,0.00,0.00,1.76
2026-08-23T22:09:40Z,0.639,16.0,795.0,0.00,0.00,0.00,0.00,1.76
2026-08-23T22:09:41Z,0.763,19.1,798.5,0.00,0.19,0.00,0.00,1.76
2026-08-23T22:09:42Z,0.715,17.9,799.2,0.00,0.00,0.00,0.00,1.76
2026-08-23T22:09:43Z,0.650,16.2,797.0,0.00,0.01,0.00,0.00,1.70
2026-08-23T22:09:44Z,0.716,17.9,797.8,0.00,0.00,0.00,0.00,1.70
2026-08-23T22:09:45Z,0.727,18.2,799.2,0.00,0.00,0.00,0.00,1.70
2026-08-23T22:09:46Z,0.639,16.0,800.5,0.00,0.00,0.00,0.00,1.70
2026-08-23T22:09:47Z,0.717,17.9,795.9,0.00,0.00,0.00,0.00,1.70
2026-08-23T22:09:48Z,0.719,18.0,793.5,0.00,0.15,0.00,0.00,1.56
2026-08-23T22:09:49Z,0.680,17.0,793.9,0.00,0.00,0.00,0.00,1.56
2026-08-23T22:09:50Z,0.756,18.9,792.4,0.00,0.04,0.00,0.00,1.56
2026-08-23T22:09:51Z,0.725,18.1,786.7,0.00,0.00,0.00,0.00,1.56
2026-08-23T22:09:52Z,0.697,17.4,787.6,0.00,0.00,0.00,0.00,1.56
2026-08-23T22:09:53Z,0.717,17.9,786.3,0.00,0.00,0.00,0.00,1.59
2026-08-23T22:09:54Z,0.698,17.4,787.8,0.00,0.00,0.00,0.00,1.59
2026-08-23T22:09:55Z,0.678,17.0,790.0,0.00,0.02,0.00,0.00,1.59
2026-08-23T22:09:56Z,0.716,17.9,789.2,0.00,0.20,0.00,0.00,1.59
2026-08-23T22:09:57Z,0.716,17.9,789.8,0.00,0.00,0.00,0.00,1.59
2026-08-23T22:09:58Z,0.648,16.2,783.1,0.00,0.00,0.00,0.00,1.47
2026-08-23T22:09:59Z,0.708,17.7,780.8,0.00,0.00,0.00,0.00,1.47
2026-08-23T22:10:00Z,0.670,16.8,779.8,0.00,0.00,0.00,0.00,1.47
2026-08-23T22:10:01Z,0.658,16.4,782.0,0.00,0.00,0.00,0.00,1.47
2026-08-23T22:10:02Z,0.668,16.7,783.5,0.00,0.00,0.00,0.00,1.47
2026-08-23T22:10:03Z,0.756,18.9,782.6,0.00,0.33,0.00,0.00,1.35
2026-08-23T22:10:04Z,0.669,16.7,779.7,0.00,0.00,0.00,0.00,1.35
2026-08-23T22:10:05Z,0.745,18.6,780.5,0.00,0.00,0.00,0.00,1.35
2026-08-23T22:10:07Z,0.698,17.4,782.4,0.00,0.00,0.00,0.00,1.35
2026-08-23T22:10:08Z,0.678,17.0,784.5,0.00,0.00,0.00,0.00,1.35
2026-08-23T22:10:09Z,0.651,16.3,783.5,0.00,0.00,0.00,0.00,1.40
2026-08-23T22:10:10Z,0.659,16.5,784.4,0.00,0.19,0.00,0.00,1.40
2026-08-23T22:10:11Z,0.687,17.2,784.6,0.00,0.00,0.00,0.00,1.40
2026-08-23T22:10:12Z,0.716,17.9,785.2,0.00,0.45,0.00,0.00,1.40
2026-08-23T22:10:13Z,0.735,18.4,787.6,0.00,0.00,0.00,0.00,1.53
2026-08-23T22:10:14Z,0.696,17.4,789.2,0.00,0.01,0.00,0.00,1.53
2026-08-23T22:10:15Z,0.698,17.4,791.4,0.00,0.00,0.00,0.00,1.53
2026-08-23T22:10:16Z,0.736,18.4,794.1,0.00,0.00,0.00,0.00,1.53
2026-08-23T22:10:17Z,0.698,17.4,792.1,0.00,0.04,0.00,0.00,1.53
2026-08-23T22:10:18Z,0.696,17.4,793.0,0.00,0.00,0.00,0.00,1.73
2026-08-23T22:10:19Z,0.725,18.1,791.8,0.00,0.16,0.00,0.00,1.73
2026-08-23T22:10:20Z,0.715,17.9,793.1,0.00,0.00,0.00,0.00,1.73
2026-08-23T22:10:21Z,0.670,16.8,793.2,0.00,0.00,0.00,0.00,1.73
2026-08-23T22:10:22Z,0.667,16.7,793.4,0.00,0.00,0.00,0.00,1.73
2026-08-23T22:10:23Z,0.697,17.4,794.2,0.00,0.00,0.00,0.00,1.83
2026-08-23T22:10:24Z,0.630,15.8,787.8,0.00,0.00,0.00,0.00,1.83
2026-08-23T22:10:25Z,0.735,18.4,788.2,0.00,0.00,0.00,0.00,1.83
2026-08-23T22:10:26Z,0.657,16.4,788.7,0.00,0.00,0.00,0.00,1.83
2026-08-23T22:10:27Z,0.719,18.0,789.4,0.00,0.00,0.00,0.00,1.83
2026-08-23T22:10:28Z,0.812,20.3,790.6,0.00,0.00,0.00,0.00,1.68
2026-08-23T22:10:29Z,0.678,17.0,788.5,0.00,0.00,0.00,0.00,1.68
2026-08-23T22:10:30Z,0.717,17.9,781.0,0.00,0.00,0.00,0.00,1.68
2026-08-23T22:10:31Z,0.724,18.1,783.1,0.00,0.23,0.00,0.00,1.68
2026-08-23T22:10:32Z,0.764,19.1,784.6,0.00,0.00,0.00,0.00,1.68
2026-08-23T22:10:33Z,0.728,18.2,783.0,0.00,0.00,0.00,0.00,1.95
2026-08-23T22:10:34Z,0.727,18.2,777.5,0.00,0.00,0.00,0.00,1.95
2026-08-23T22:10:35Z,0.756,18.9,777.9,0.00,0.01,0.00,0.00,1.95
2026-08-23T22:10:36Z,0.813,20.3,777.0,0.00,0.00,0.00,0.00,1.95
2026-08-23T22:10:37Z,0.774,19.4,779.9,0.00,0.00,0.00,0.00,1.95
2026-08-23T22:10:39Z,0.764,19.1,782.8,0.00,0.00,0.00,0.00,1.79
2026-08-23T22:10:40Z,0.736,18.4,781.9,0.00,0.21,0.00,0.00,1.79
2026-08-23T22:10:41Z,0.814,20.3,783.2,0.00,0.00,0.00,0.00,1.79
2026-08-23T22:10:42Z,0.851,21.3,785.4,0.00,0.05,0.00,0.00,1.79
2026-08-23T22:10:43Z,0.773,19.3,779.4,0.00,0.00,0.00,0.00,1.79
2026-08-23T22:10:44Z,0.765,19.1,780.9,0.00,0.00,0.00,0.00,2.13
2026-08-23T22:10:45Z,0.863,21.6,776.5,0.00,0.00,0.00,0.00,2.13
2026-08-23T22:10:46Z,0.806,20.2,776.0,0.00,0.10,0.00,0.00,2.13
2026-08-23T22:10:47Z,0.864,21.6,778.7,0.00,0.27,0.00,0.00,2.13
2026-08-23T22:10:48Z,0.863,21.6,778.7,0.00,0.03,0.00,0.00,1.96
2026-08-23T22:10:49Z,0.833,20.8,778.9,0.00,0.00,0.00,0.00,1.96
2026-08-23T22:10:50Z,0.844,21.1,779.5,0.00,0.00,0.00,0.00,1.96
2026-08-23T22:10:51Z,0.841,21.0,780.7,0.00,0.00,0.00,0.00,1.96
2026-08-23T22:10:52Z,0.805,20.1,778.1,0.00,0.00,0.00,0.00,1.96
2026-08-23T22:10:53Z,0.873,21.8,778.4,0.00,0.16,0.00,0.00,2.04
2026-08-23T22:10:54Z,0.864,21.6,779.4,0.00,0.00,0.00,0.00,2.04
2026-08-23T22:10:55Z,0.812,20.3,782.0,0.00,0.00,0.00,0.00,2.04
2026-08-23T22:10:56Z,0.806,20.2,781.5,0.00,0.00,0.00,0.00,2.04
2026-08-23T22:10:57Z,0.843,21.1,783.7,0.00,0.00,0.00,0.00,2.04
2026-08-23T22:10:58Z,0.841,21.0,784.2,0.00,0.00,0.00,0.00,1.88
2026-08-23T22:10:59Z,0.776,19.4,784.9,0.00,0.00,0.00,0.00,1.88
2026-08-23T22:11:00Z,0.804,20.1,783.1,0.00,0.14,0.00,0.00,1.88
2026-08-23T22:11:01Z,0.765,19.1,784.8,0.00,0.00,0.00,0.00,1.88
2026-08-23T22:11:02Z,0.785,19.6,776.0,0.00,0.00,0.00,0.00,1.88
2026-08-23T22:11:03Z,0.754,18.9,776.2,0.00,0.00,0.00,0.00,1.89
2026-08-23T22:11:04Z,0.746,18.6,776.3,0.00,0.00,0.00,0.00,1.89
2026-08-23T22:11:05Z,0.738,18.4,778.3,0.00,0.00,0.00,0.00,1.89
2026-08-23T22:11:06Z,0.678,17.0,777.8,0.00,0.01,0.00,0.00,1.89
2026-08-23T22:11:07Z,0.784,19.6,777.1,0.00,0.16,0.00,0.00,1.89
2026-08-23T22:11:08Z,0.726,18.1,778.4,0.00,0.00,0.00,0.00,1.82
2026-08-23T22:11:09Z,0.705,17.6,775.0,0.00,0.00,0.00,0.00,1.82
2026-08-23T22:11:11Z,0.727,18.2,777.4,0.00,0.00,0.00,0.00,1.82
2026-08-23T22:11:12Z,0.726,18.1,780.6,0.00,0.00,0.00,0.00,1.82
2026-08-23T22:11:13Z,0.669,16.7,783.1,0.00,0.00,0.00,0.00,1.82
2026-08-23T22:11:14Z,0.696,17.4,778.4,0.00,0.00,0.00,0.00,1.67
2026-08-23T22:11:15Z,0.717,17.9,779.6,0.00,0.00,0.00,0.00,1.67
2026-08-23T22:11:16Z,0.727,18.2,780.1,0.00,0.16,0.00,0.00,1.67
2026-08-23T22:11:17Z,0.688,17.2,780.0,0.00,0.00,0.00,0.00,1.67
2026-08-23T22:11:18Z,0.630,15.8,781.6,0.00,0.05,0.00,0.00,1.54
2026-08-23T22:11:19Z,0.708,17.7,781.7,0.00,0.00,0.00,0.00,1.54
2026-08-23T22:11:20Z,0.688,17.2,781.7,0.00,0.00,0.00,0.00,1.54
2026-08-23T22:11:21Z,0.727,18.2,782.2,0.00,0.00,0.00,0.00,1.54
2026-08-23T22:11:22Z,0.706,17.6,782.6,0.00,0.17,0.00,0.00,1.54
2026-08-23T22:11:23Z,0.746,18.6,777.8,0.00,0.03,0.00,0.00,1.57
2026-08-23T22:11:24Z,0.708,17.7,779.4,0.00,0.00,0.00,0.00,1.57
2026-08-23T22:11:25Z,0.707,17.7,779.6,0.00,0.00,0.00,0.00,1.57
2026-08-23T22:11:26Z,0.659,16.5,779.4,0.00,0.00,0.00,0.00,1.57
2026-08-23T22:11:27Z,0.602,15.0,780.1,0.00,0.00,0.00,0.00,1.57
2026-08-23T22:11:28Z,0.687,17.2,781.0,0.00,0.22,0.00,0.00,1.45
2026-08-23T22:11:29Z,0.658,16.4,783.2,0.00,0.00,0.00,0.00,1.45
2026-08-23T22:11:30Z,0.767,19.2,785.3,0.00,0.00,0.00,0.00,1.45
2026-08-23T22:11:31Z,0.766,19.1,782.1,0.00,0.00,0.00,0.00,1.45
2026-08-23T22:11:32Z,0.659,16.5,782.2,0.00,0.00,0.00,0.00,1.45
2026-08-23T22:11:33Z,0.766,19.1,785.3,0.00,0.00,0.00,0.00,1.65
2026-08-23T22:11:34Z,0.708,17.7,784.8,0.00,0.26,0.00,0.00,1.65
2026-08-23T22:11:35Z,0.716,17.9,784.1,0.00,0.00,0.00,0.00,1.65
2026-08-23T22:11:36Z,0.716,17.9,785.0,0.00,0.00,0.00,0.00,1.65
2026-08-23T22:11:37Z,0.699,17.5,786.6,0.00,0.00,0.00,0.00,1.65
2026-08-23T22:11:38Z,0.679,17.0,784.2,0.00,0.00,0.00,0.00,1.68
2026-08-23T22:11:39Z,0.727,18.2,785.5,0.00,0.00,0.00,0.00,1.68
2026-08-23T22:11:40Z,0.705,17.6,783.7,0.00,0.00,0.00,0.00,1.68
2026-08-23T22:11:41Z,0.697,17.4,785.4,0.00,0.21,0.00,0.00,1.68
2026-08-23T22:11:43Z,0.707,17.7,787.8,0.00,0.00,0.00,0.00,1.68
2026-08-23T22:11:44Z,0.766,19.1,788.6,0.00,0.00,0.00,0.00,1.55
2026-08-23T22:11:45Z,0.720,18.0,775.4,0.00,0.00,0.00,0.00,1.55
2026-08-23T22:11:46Z,0.707,17.7,775.5,0.00,0.00,0.00,0.00,1.55
2026-08-23T22:11:47Z,0.689,17.2,776.4,0.00,0.00,0.00,0.00,1.55
2026-08-23T22:11:48Z,0.727,18.2,776.8,0.00,0.00,0.00,0.00,1.55
2026-08-23T22:11:49Z,0.707,17.7,780.0,0.00,0.04,0.00,0.00,1.58
2026-08-23T22:11:50Z,0.687,17.2,779.1,0.00,0.17,0.00,0.00,1.58
2026-08-23T22:11:51Z,0.726,18.1,779.3,0.00,0.00,0.00,0.00,1.58
2026-08-23T22:11:52Z,0.687,17.2,780.8,0.00,0.00,0.00,0.00,1.58
2026-08-23T22:11:53Z,0.639,16.0,781.4,0.00,0.00,0.00,0.00,1.62
2026-08-23T22:11:54Z,0.727,18.2,780.7,0.00,0.01,0.00,0.00,1.62
2026-08-23T22:11:55Z,0.801,20.0,779.0,0.00,0.00,0.00,0.00,1.62
2026-08-23T22:11:56Z,0.774,19.4,778.1,0.00,0.00,0.00,0.00,1.62
2026-08-23T22:11:57Z,0.698,17.4,778.6,0.00,0.17,0.00,0.00,1.62
2026-08-23T22:11:58Z,0.687,17.2,779.0,0.00,0.00,0.00,0.00,1.49
2026-08-23T22:11:59Z,0.735,18.4,780.1,0.00,0.00,0.00,0.00,1.49
2026-08-23T22:12:00Z,0.697,17.4,779.0,0.00,0.00,0.00,0.00,1.49
2026-08-23T22:12:01Z,0.697,17.4,778.1,0.00,0.00,0.00,0.00,1.49
2026-08-23T22:12:02Z,0.716,17.9,780.8,0.00,0.15,0.00,0.00,1.49
2026-08-23T22:12:03Z,0.710,17.8,779.2,0.00,0.00,0.00,0.00,1.37
2026-08-23T22:12:04Z,0.678,17.0,778.4,0.00,0.00,0.00,0.00,1.37
2026-08-23T22:12:05Z,0.777,19.4,774.2,0.00,0.00,0.00,0.00,1.37
2026-08-23T22:12:06Z,0.736,18.4,776.9,0.00,0.00,0.00,0.00,1.37
2026-08-23T22:12:07Z,0.649,16.2,773.9,0.00,0.00,0.00,0.00,1.37
2026-08-23T22:12:08Z,0.688,17.2,775.4,0.00,0.22,0.00,0.00,1.26
2026-08-23T22:12:09Z,0.678,17.0,777.6,0.00,0.01,0.00,0.00,1.26
2026-08-23T22:12:10Z,0.737,18.4,776.4,0.00,0.00,0.00,0.00,1.26
2026-08-23T22:12:11Z,0.668,16.7,777.0,0.00,0.00,0.00,0.00,1.26
2026-08-23T22:12:12Z,0.716,17.9,772.9,0.00,0.00,0.00,0.00,1.26
2026-08-23T22:12:13Z,0.739,18.5,774.3,0.00,0.00,0.00,0.00,1.24
2026-08-23T22:12:15Z,0.629,15.7,774.4,0.00,0.00,0.00,0.00,1.24
2026-08-23T22:12:16Z,0.707,17.7,776.1,0.00,0.00,0.00,0.00,1.24
2026-08-23T22:12:17Z,0.688,17.2,776.7,0.00,0.00,0.00,0.00,1.24
2026-08-23T22:12:18Z,0.727,18.2,777.6,0.00,0.19,0.00,0.00,1.24
2026-08-23T22:12:19Z,0.736,18.4,777.1,0.00,0.00,0.00,0.00,1.30
2026-08-23T22:12:20Z,0.658,16.4,775.0,0.00,0.06,0.00,0.00,1.30
2026-08-23T22:12:21Z,0.765,19.1,776.6,0.00,0.00,0.00,0.00,1.30
2026-08-23T22:12:22Z,0.717,17.9,775.2,0.00,0.00,0.00,0.00,1.30
2026-08-23T22:12:23Z,0.688,17.2,777.2,0.00,0.00,0.00,0.00,1.83
2026-08-23T22:12:24Z,0.717,17.9,777.1,0.00,0.04,0.00,0.00,1.83
2026-08-23T22:12:25Z,0.744,18.6,777.9,0.00,0.17,0.00,0.00,1.83
2026-08-23T22:12:26Z,0.717,17.9,775.2,0.00,0.00,0.00,0.00,1.83
2026-08-23T22:12:27Z,0.735,18.4,776.4,0.00,0.00,0.00,0.00,1.83
2026-08-23T22:12:28Z,0.696,17.4,776.4,0.00,0.00,0.00,0.00,1.69
2026-08-23T22:12:29Z,0.707,17.7,777.4,0.00,0.00,0.00,0.00,1.69
2026-08-23T22:12:30Z,0.718,17.9,776.8,0.00,0.00,0.00,0.00,1.69
2026-08-23T22:12:31Z,0.707,17.7,778.6,0.00,0.00,0.00,0.00,1.69
2026-08-23T22:12:32Z,0.745,18.6,778.3,0.00,0.00,0.00,0.00,1.69
2026-08-23T22:12:33Z,0.686,17.2,775.9,0.00,0.00,0.00,0.00,2.19
2026-08-23T22:12:34Z,0.745,18.6,776.8,0.00,0.00,0.00,0.00,2.19
2026-08-23T22:12:35Z,0.679,17.0,779.0,0.00,0.00,0.00,0.00,2.19
2026-08-23T22:12:36Z,0.699,17.5,777.8,0.00,0.01,0.00,0.00,2.19
2026-08-23T22:12:37Z,0.699,17.5,779.9,0.00,0.00,0.00,0.00,2.19
2026-08-23T22:12:38Z,0.718,17.9,781.0,0.00,0.00,0.00,0.00,2.02
2026-08-23T22:12:39Z,0.677,16.9,781.6,0.00,0.00,0.00,0.00,2.02
2026-08-23T22:12:40Z,0.687,17.2,779.4,0.00,0.00,0.00,0.00,2.02
2026-08-23T22:12:41Z,0.726,18.1,781.6,0.00,0.00,0.00,0.00,2.02
2026-08-23T22:12:42Z,0.698,17.4,782.5,0.00,0.00,0.00,0.00,2.02
2026-08-23T22:12:43Z,0.746,18.6,783.8,0.00,0.00,0.00,0.00,2.02
2026-08-23T22:12:44Z,0.727,18.2,784.3,0.00,0.00,0.00,0.00,2.02
2026-08-23T22:12:45Z,0.696,17.4,786.1,0.00,0.00,0.00,0.00,2.02
2026-08-23T22:12:47Z,0.649,16.2,786.1,0.00,0.00,0.00,0.00,2.02
2026-08-23T22:12:48Z,0.765,19.1,788.6,0.00,0.00,0.00,0.00,2.02
2026-08-23T22:12:49Z,0.726,18.1,788.4,0.00,0.00,0.00,0.00,1.85
2026-08-23T22:12:50Z,0.700,17.5,791.4,0.00,0.04,0.00,0.00,1.85
2026-08-23T22:12:51Z,0.716,17.9,791.1,0.00,0.00,0.00,0.00,1.85
2026-08-23T22:12:52Z,0.725,18.1,789.1,0.00,0.00,0.00,0.00,1.85
2026-08-23T22:12:53Z,0.665,16.6,783.9,0.00,0.00,0.00,0.00,1.79
2026-08-23T22:12:54Z,0.706,17.6,785.1,0.00,0.00,0.00,0.00,1.79
2026-08-23T22:12:55Z,0.734,18.4,786.3,0.00,0.00,0.00,0.00,1.79
2026-08-23T22:12:56Z,0.688,17.2,784.7,0.00,0.39,0.00,0.00,1.79
2026-08-23T22:12:57Z,0.715,17.9,784.3,0.00,0.00,0.00,0.00,1.79
2026-08-23T22:12:58Z,0.664,16.6,784.8,0.00,0.00,0.00,0.00,1.64
2026-08-23T22:12:59Z,0.684,17.1,785.5,0.00,0.00,0.00,0.00,1.64
2026-08-23T22:13:00Z,0.657,16.4,773.9,0.00,0.00,0.00,0.00,1.64
2026-08-23T22:13:01Z,0.675,16.9,776.6,0.00,0.00,0.00,0.00,1.64
2026-08-23T22:13:02Z,0.703,17.6,775.5,0.00,0.00,0.00,0.00,1.64
2026-08-23T22:13:03Z,0.674,16.9,775.9,0.00,0.00,0.00,0.00,2.47
2026-08-23T22:13:04Z,0.743,18.6,776.3,0.00,0.00,0.00,0.00,2.47
2026-08-23T22:13:05Z,0.666,16.7,777.8,0.00,0.00,0.00,0.00,2.47
2026-08-23T22:13:06Z,0.647,16.2,780.5,0.00,0.00,0.00,0.00,2.47
2026-08-23T22:13:07Z,0.753,18.8,781.5,0.00,0.00,0.00,0.00,2.47
2026-08-23T22:13:08Z,0.779,19.5,779.4,0.00,0.00,0.00,0.00,2.43
2026-08-23T22:13:09Z,0.725,18.1,779.5,0.00,0.00,0.00,0.00,2.43
2026-08-23T22:13:10Z,0.710,17.8,775.0,0.00,0.00,0.00,0.00,2.43
2026-08-23T22:13:11Z,0.703,17.6,777.7,0.00,0.00,0.00,0.00,2.43
2026-08-23T22:13:12Z,0.665,16.6,779.0,0.00,0.01,0.00,0.00,2.43
2026-08-23T22:13:13Z,0.704,17.6,780.7,0.00,0.00,0.00,0.00,2.24
2026-08-23T22:13:14Z,0.715,17.9,779.0,0.00,0.28,0.00,0.00,2.24
2026-08-23T22:13:16Z,0.780,19.5,780.5,0.00,0.00,0.00,0.00,2.24
2026-08-23T22:13:17Z,0.695,17.4,782.5,0.00,0.00,0.00,0.00,2.24
2026-08-23T22:13:18Z,0.722,18.1,782.0,0.00,0.00,0.00,0.00,2.24
2026-08-23T22:13:19Z,0.780,19.5,783.4,0.00,0.00,0.00,0.00,2.06
2026-08-23T22:13:20Z,0.736,18.4,784.2,0.00,0.01,0.00,0.00,2.06
2026-08-23T22:13:21Z,0.781,19.5,786.4,0.00,0.05,0.00,0.00,2.06
2026-08-23T22:13:22Z,0.706,17.6,777.9,0.00,0.00,0.00,0.00,2.06
2026-08-23T22:13:23Z,0.685,17.1,779.3,0.00,0.00,0.00,0.00,1.97
2026-08-23T22:13:24Z,0.734,18.4,779.7,0.00,0.00,0.00,0.00,1.97
2026-08-23T22:13:25Z,0.722,18.1,780.8,0.00,0.02,0.00,0.00,1.97
2026-08-23T22:13:26Z,0.702,17.5,780.4,0.00,0.00,0.00,0.00,1.97
2026-08-23T22:13:27Z,0.732,18.3,782.4,0.00,0.00,0.00,0.00,1.97
2026-08-23T22:13:28Z,0.665,16.6,782.9,0.00,0.00,0.00,0.00,1.98
2026-08-23T22:13:29Z,0.704,17.6,777.2,0.00,0.00,0.00,0.00,1.98
2026-08-23T22:13:30Z,0.732,18.3,777.4,0.00,0.00,0.00,0.00,1.98
2026-08-23T22:13:31Z,0.724,18.1,778.6,0.00,0.00,0.00,0.00,1.98
2026-08-23T22:13:32Z,0.733,18.3,779.8,0.00,0.00,0.00,0.00,1.98
2026-08-23T22:13:33Z,0.693,17.3,780.3,0.00,0.00,0.00,0.00,1.82
2026-08-23T22:13:34Z,0.763,19.1,782.0,0.00,0.00,0.00,0.00,1.82
2026-08-23T22:13:35Z,0.751,18.8,782.9,0.00,0.00,0.00,0.00,1.82
2026-08-23T22:13:36Z,0.667,16.7,783.8,0.00,0.00,0.00,0.00,1.82
2026-08-23T22:13:37Z,0.754,18.9,777.5,0.00,0.00,0.00,0.00,1.82
2026-08-23T22:13:38Z,0.686,17.2,779.0,0.00,0.00,0.00,0.00,1.67
2026-08-23T22:13:39Z,0.726,18.1,780.0,0.00,0.00,0.00,0.00,1.67
2026-08-23T22:13:40Z,0.740,18.5,779.6,0.00,0.00,0.00,0.00,1.67
2026-08-23T22:13:41Z,0.771,19.3,781.0,0.00,0.00,0.00,0.00,1.67
2026-08-23T22:13:42Z,0.657,16.4,782.8,0.00,0.00,0.00,0.00,1.67
2026-08-23T22:13:44Z,0.705,17.6,784.0,0.00,0.00,0.00,0.00,1.70
2026-08-23T22:13:45Z,0.687,17.2,780.4,0.00,0.00,0.00,0.00,1.70
2026-08-23T22:13:46Z,0.723,18.1,781.5,0.00,0.00,0.00,0.00,1.70
2026-08-23T22:13:47Z,0.648,16.2,783.0,0.00,0.35,0.00,0.00,1.70
2026-08-23T22:13:48Z,0.763,19.1,784.2,0.00,0.00,0.00,0.00,1.70
2026-08-23T22:13:49Z,0.686,17.2,786.0,0.00,0.00,0.00,0.00,1.80
2026-08-23T22:13:50Z,0.712,17.8,784.2,0.00,0.01,0.00,0.00,1.80
2026-08-23T22:13:51Z,0.658,16.4,783.4,0.00,0.05,0.00,0.00,1.80
2026-08-23T22:13:52Z,0.677,16.9,784.2,0.00,0.00,0.00,0.00,1.80
2026-08-23T22:13:53Z,0.656,16.4,784.7,0.00,0.00,0.00,0.00,1.66
2026-08-23T22:13:54Z,0.637,15.9,785.4,0.00,0.00,0.00,0.00,1.66
2026-08-23T22:13:55Z,0.665,16.6,786.3,0.00,0.02,0.00,0.00,1.66
2026-08-23T22:13:56Z,0.696,17.4,784.9,0.00,0.15,0.00,0.00,1.66
2026-08-23T22:13:57Z,0.715,17.9,786.8,0.00,0.00,0.00,0.00,1.66
2026-08-23T22:13:58Z,0.740,18.5,782.9,0.00,0.00,0.00,0.00,1.61
2026-08-23T22:13:59Z,0.742,18.6,784.6,0.00,0.00,0.00,0.00,1.61
2026-08-23T22:14:00Z,0.722,18.1,785.4,0.00,0.00,0.00,0.00,1.61
2026-08-23T22:14:01Z,0.676,16.9,786.7,0.00,0.00,0.00,0.00,1.61
2026-08-23T22:14:02Z,0.714,17.8,784.6,0.00,0.00,0.00,0.00,1.61
2026-08-23T22:14:03Z,0.657,16.4,785.2,0.00,0.24,0.00,0.00,2.20
2026-08-23T22:14:04Z,0.674,16.9,786.5,0.00,0.00,0.00,0.00,2.20
2026-08-23T22:14:05Z,0.742,18.6,787.8,0.00,0.00,0.00,0.00,2.20
2026-08-23T22:14:06Z,0.683,17.1,785.7,0.00,0.00,0.00,0.00,2.20
2026-08-23T22:14:07Z,0.733,18.3,783.4,0.00,0.00,0.00,0.00,2.20
2026-08-23T22:14:08Z,0.740,18.5,785.5,0.00,0.00,0.00,0.00,2.02
2026-08-23T22:14:09Z,0.674,16.9,785.9,0.00,0.00,0.00,0.00,2.02
2026-08-23T22:14:10Z,0.711,17.8,784.9,0.00,0.00,0.00,0.00,2.02
2026-08-23T22:14:12Z,0.723,18.1,785.5,0.00,0.17,0.00,0.00,2.02
2026-08-23T22:14:13Z,0.773,19.3,787.4,0.00,0.00,0.00,0.00,2.02
2026-08-23T22:14:14Z,0.733,18.3,787.9,0.00,0.00,0.00,0.00,2.42
2026-08-23T22:14:15Z,0.771,19.3,787.8,0.00,0.01,0.00,0.00,2.42
2026-08-23T22:14:16Z,0.655,16.4,784.1,0.00,0.00,0.00,0.00,2.42
2026-08-23T22:14:17Z,0.693,17.3,774.4,0.00,0.00,0.00,0.00,2.42
2026-08-23T22:14:18Z,0.720,18.0,775.1,0.00,0.21,0.00,0.00,2.63
2026-08-23T22:14:19Z,0.666,16.7,779.3,0.00,0.00,0.00,0.00,2.63
2026-08-23T22:14:20Z,0.743,18.6,780.7,0.00,0.00,0.00,0.00,2.63
2026-08-23T22:14:21Z,0.676,16.9,782.7,0.00,0.05,0.00,0.00,2.63
2026-08-23T22:14:22Z,0.683,17.1,783.7,0.00,0.01,0.00,0.00,2.63
2026-08-23T22:14:23Z,0.703,17.6,785.4,0.00,0.00,0.00,0.00,2.66
2026-08-23T22:14:24Z,0.676,16.9,785.3,0.00,0.00,0.00,0.00,2.66
2026-08-23T22:14:25Z,0.724,18.1,779.0,0.00,0.00,0.00,0.00,2.66
2026-08-23T22:14:26Z,0.684,17.1,780.2,0.00,0.02,0.00,0.00,2.66
2026-08-23T22:14:27Z,0.789,19.7,781.8,0.00,0.00,0.00,0.00,2.66
2026-08-23T22:14:28Z,0.750,18.8,782.0,0.00,0.00,0.00,0.00,2.44
2026-08-23T22:14:29Z,0.693,17.3,782.1,0.00,0.00,0.00,0.00,2.44
2026-08-23T22:14:30Z,0.655,16.4,780.6,0.00,0.00,0.00,0.00,2.44
2026-08-23T22:14:31Z,0.762,19.1,783.4,0.00,0.16,0.00,0.00,2.44
2026-08-23T22:14:32Z,0.696,17.4,784.6,0.00,0.00,0.00,0.00,2.44
2026-08-23T22:14:33Z,0.666,16.7,786.3,0.00,0.00,0.00,0.00,2.73
2026-08-23T22:14:34Z,0.684,17.1,784.0,0.00,0.00,0.00,0.00,2.73
2026-08-23T22:14:35Z,0.726,18.1,784.4,0.00,0.00,0.00,0.00,2.73
2026-08-23T22:14:36Z,0.629,15.7,785.9,0.00,0.00,0.00,0.00,2.73
2026-08-23T22:14:37Z,0.721,18.0,785.4,0.00,0.00,0.00,0.00,2.73
2026-08-23T22:14:39Z,0.709,17.7,786.0,0.00,0.00,0.00,0.00,2.51
2026-08-23T22:14:40Z,0.733,18.3,785.9,0.00,0.17,0.00,0.00,2.51
2026-08-23T22:14:41Z,0.705,17.6,786.8,0.00,0.00,0.00,0.00,2.51
2026-08-23T22:14:42Z,0.619,15.5,780.1,0.00,0.00,0.00,0.00,2.51
2026-08-23T22:14:43Z,0.695,17.4,783.0,0.00,0.00,0.00,0.00,2.51
2026-08-23T22:14:44Z,0.694,17.3,782.5,0.00,0.00,0.00,0.00,2.31
2026-08-23T22:14:45Z,0.628,15.7,784.7,0.00,0.00,0.00,0.00,2.31
2026-08-23T22:14:46Z,0.733,18.3,786.4,0.00,0.00,0.00,0.00,2.31
2026-08-23T22:14:47Z,0.704,17.6,783.0,0.00,0.00,0.00,0.00,2.31
2026-08-23T22:14:48Z,0.714,17.8,785.0,0.00,0.00,0.00,0.00,2.12
2026-08-23T22:14:49Z,0.635,15.9,786.8,0.00,0.00,0.00,0.00,2.12
2026-08-23T22:14:50Z,0.741,18.5,787.2,0.00,0.00,0.00,0.00,2.12
2026-08-23T22:14:51Z,0.657,16.4,788.5,0.00,0.04,0.00,0.00,2.12
2026-08-23T22:14:52Z,0.656,16.4,790.4,0.00,0.15,0.00,0.00,2.12
2026-08-23T22:14:53Z,0.763,19.1,791.9,0.00,0.00,0.00,0.00,2.28
2026-08-23T22:14:54Z,0.675,16.9,786.4,0.00,0.00,0.00,0.00,2.28
2026-08-23T22:14:55Z,0.686,17.2,777.5,0.00,0.00,0.00,0.00,2.28
2026-08-23T22:14:56Z,0.734,18.4,774.2,0.00,0.02,0.00,0.00,2.28
2026-08-23T22:14:57Z,0.695,17.4,778.6,0.00,0.00,0.00,0.00,2.28
2026-08-23T22:14:58Z,0.675,16.9,779.5,0.00,0.00,0.00,0.00,2.09
2026-08-23T22:14:59Z,0.703,17.6,779.2,0.00,0.00,0.00,0.00,2.09
2026-08-23T22:15:00Z,0.695,17.4,782.2,0.00,0.22,0.00,0.00,2.09
2026-08-23T22:15:01Z,0.714,17.8,779.9,0.00,0.00,0.00,0.00,2.09
2026-08-23T22:15:02Z,0.801,20.0,780.7,0.00,0.00,0.00,0.00,2.09
2026-08-23T22:15:03Z,0.686,17.2,783.0,0.00,0.00,0.00,0.00,2.08
2026-08-23T22:15:04Z,0.665,16.6,781.7,0.00,0.00,0.00,0.00,2.08
2026-08-23T22:15:05Z,0.731,18.3,782.2,0.00,0.00,0.00,0.00,2.08
2026-08-23T22:15:06Z,0.695,17.4,787.4,0.00,0.30,0.00,0.00,2.08
2026-08-23T22:15:08Z,0.758,18.9,789.2,0.00,0.00,0.00,0.00,2.08
2026-08-23T22:15:09Z,0.688,17.2,790.4,0.00,0.00,0.00,0.00,1.92
2026-08-23T22:15:10Z,0.714,17.8,790.5,0.00,0.00,0.00,0.00,1.92
2026-08-23T22:15:11Z,0.694,17.3,791.4,0.00,0.00,0.00,0.00,1.92
2026-08-23T22:15:12Z,0.724,18.1,790.9,0.00,0.45,0.00,0.00,1.92
2026-08-23T22:15:13Z,0.685,17.1,781.6,0.00,0.20,0.00,0.00,1.92
2026-08-23T22:15:14Z,0.763,19.1,780.7,0.00,0.00,0.00,0.00,1.92
2026-08-23T22:15:15Z,0.705,17.6,783.9,0.00,0.00,0.00,0.00,1.92
2026-08-23T22:15:16Z,0.751,18.8,784.7,0.00,0.00,0.00,0.00,1.92
2026-08-23T22:15:17Z,0.800,20.0,786.4,0.00,0.04,0.00,0.00,1.92
2026-08-23T22:15:18Z,0.743,18.6,786.1,0.00,0.22,0.00,0.00,1.93
2026-08-23T22:15:19Z,0.723,18.1,789.3,0.00,0.00,0.00,0.00,1.93
2026-08-23T22:15:20Z,0.714,17.8,792.0,0.00,0.00,0.00,0.00,1.93
2026-08-23T22:15:21Z,0.733,18.3,791.1,0.00,0.00,0.00,0.00,1.93
2026-08-23T22:15:22Z,0.750,18.8,792.3,0.00,0.00,0.00,0.00,1.93
2026-08-23T22:15:23Z,0.723,18.1,793.1,0.00,0.00,0.00,0.00,1.78
2026-08-23T22:15:24Z,0.752,18.8,791.8,0.00,0.00,0.00,0.00,1.78
2026-08-23T22:15:25Z,0.713,17.8,795.3,0.00,0.00,0.00,0.00,1.78
2026-08-23T22:15:26Z,0.732,18.3,790.1,0.00,0.00,0.00,0.00,1.78
2026-08-23T22:15:27Z,0.723,18.1,789.1,0.00,0.00,0.00,0.00,1.78
2026-08-23T22:15:28Z,1.106,27.7,795.1,0.00,0.00,0.00,0.00,2.11
2026-08-23T22:15:29Z,0.684,17.1,788.9,0.00,0.00,0.00,0.00,2.11
2026-08-23T22:15:30Z,0.627,15.7,790.7,0.00,0.00,0.00,0.00,2.11
2026-08-23T22:15:31Z,0.712,17.8,791.3,0.00,0.55,0.00,0.00,2.11
2026-08-23T22:15:32Z,0.761,19.0,792.0,0.00,0.00,0.00,0.00,2.11
2026-08-23T22:15:33Z,0.705,17.6,785.7,0.00,0.00,0.00,0.00,1.95
2026-08-23T22:15:34Z,0.713,17.8,787.6,0.00,0.00,0.00,0.00,1.95
2026-08-23T22:15:36Z,0.628,15.7,787.7,0.00,0.00,0.00,0.00,1.95
2026-08-23T22:15:37Z,0.647,16.2,788.9,0.00,0.00,0.00,0.00,1.95
2026-08-23T22:15:38Z,0.696,17.4,790.4,0.00,0.00,0.00,0.00,1.95
2026-08-23T22:15:39Z,0.717,17.9,793.3,0.00,0.00,0.00,0.00,1.79
2026-08-23T22:15:40Z,0.676,16.9,792.6,0.00,0.00,0.00,0.00,1.79
2026-08-23T22:15:41Z,0.637,15.9,794.4,0.00,0.00,0.00,0.00,1.79
2026-08-23T22:15:42Z,0.677,16.9,795.4,0.00,0.00,0.00,0.00,1.79
2026-08-23T22:15:43Z,0.668,16.7,797.4,0.00,0.18,0.00,0.00,1.65
2026-08-23T22:15:44Z,0.746,18.6,788.7,0.00,0.20,0.00,0.00,1.65
2026-08-23T22:15:45Z,0.646,16.2,781.9,0.00,0.00,0.00,0.00,1.65
2026-08-23T22:15:46Z,0.696,17.4,783.6,0.00,0.00,0.00,0.00,1.65
2026-08-23T22:15:47Z,0.695,17.4,783.0,0.00,0.00,0.00,0.00,1.65
2026-08-23T22:15:48Z,0.744,18.6,783.5,0.00,0.25,0.00,0.00,1.51
2026-08-23T22:15:49Z,0.734,18.4,783.8,0.00,0.00,0.00,0.00,1.51
2026-08-23T22:15:50Z,0.742,18.6,787.2,0.00,0.00,0.00,0.00,1.51
2026-08-23T22:15:51Z,0.744,18.6,788.4,0.00,0.00,0.00,0.00,1.51
2026-08-23T22:15:52Z,0.763,19.1,789.9,0.00,0.00,0.00,0.00,1.51
2026-08-23T22:15:53Z,0.753,18.8,790.6,0.00,0.01,0.00,0.00,1.47
2026-08-23T22:15:54Z,0.764,19.1,784.3,0.00,0.02,0.00,0.00,1.47
2026-08-23T22:15:55Z,0.677,16.9,785.0,0.00,0.00,0.00,0.00,1.47
2026-08-23T22:15:56Z,0.769,19.2,782.5,0.00,0.01,0.00,0.00,1.47
2026-08-23T22:15:57Z,0.722,18.1,784.2,0.00,0.00,0.00,0.00,1.47
2026-08-23T22:15:58Z,0.675,16.9,785.4,0.00,0.17,0.00,0.00,1.35
2026-08-23T22:15:59Z,0.754,18.9,785.8,0.00,0.00,0.00,0.00,1.35
2026-08-23T22:16:00Z,0.768,19.2,777.4,0.00,0.00,0.00,0.00,1.35
2026-08-23T22:16:01Z,0.781,19.5,778.3,0.00,0.00,0.00,0.00,1.35
2026-08-23T22:16:02Z,0.751,18.8,776.8,0.00,0.00,0.00,0.00,1.35
2026-08-23T22:16:04Z,0.787,19.7,778.0,0.00,0.00,0.00,0.00,1.25
2026-08-23T22:16:05Z,0.800,20.0,779.0,0.00,0.00,0.00,0.00,1.25
2026-08-23T22:16:06Z,0.790,19.8,779.7,0.00,0.24,0.00,0.00,1.25
2026-08-23T22:16:07Z,0.743,18.6,780.3,0.00,0.00,0.00,0.00,1.25
2026-08-23T22:16:08Z,0.770,19.2,782.0,0.00,0.00,0.00,0.00,1.25
2026-08-23T22:16:09Z,0.781,19.5,777.0,0.00,0.00,0.00,0.00,1.14
2026-08-23T22:16:10Z,0.791,19.8,779.7,0.00,0.00,0.00,0.00,1.14
2026-08-23T22:16:11Z,0.783,19.6,781.6,0.00,0.00,0.00,0.00,1.14
2026-08-23T22:16:12Z,0.838,20.9,782.6,0.00,0.00,0.00,0.00,1.14
2026-08-23T22:16:13Z,0.818,20.4,782.6,0.00,0.00,0.00,0.00,1.05
2026-08-23T22:16:14Z,0.828,20.7,781.3,0.00,0.16,0.00,0.00,1.05
2026-08-23T22:16:15Z,0.809,20.2,780.8,0.00,0.00,0.00,0.00,1.05
2026-08-23T22:16:16Z,0.850,21.2,779.0,0.00,0.00,0.00,0.00,1.05
2026-08-23T22:16:17Z,0.829,20.7,781.2,0.00,0.00,0.00,0.00,1.05
2026-08-23T22:16:18Z,0.869,21.7,779.3,0.00,0.00,0.00,0.00,1.13
2026-08-23T22:16:19Z,0.856,21.4,777.4,0.00,0.01,0.00,0.00,1.13
2026-08-23T22:16:20Z,0.806,20.2,778.9,0.00,0.00,0.00,0.00,1.13
2026-08-23T22:16:21Z,0.801,20.0,779.1,0.00,0.28,0.00,0.00,1.13
2026-08-23T22:16:22Z,0.830,20.8,779.9,0.00,0.00,0.00,0.00,1.13
2026-08-23T22:16:23Z,0.869,21.7,780.7,0.00,0.00,0.00,0.00,1.04
2026-08-23T22:16:24Z,0.869,21.7,781.7,0.00,0.06,0.00,0.00,1.04
2026-08-23T22:16:25Z,0.897,22.4,783.9,0.00,0.00,0.00,0.00,1.04
2026-08-23T22:16:26Z,0.895,22.4,782.3,0.00,0.00,0.00,0.00,1.04
2026-08-23T22:16:27Z,0.879,22.0,785.0,0.00,0.00,0.00,0.00,1.04
2026-08-23T22:16:28Z,0.822,20.5,786.5,0.00,0.00,0.00,0.00,1.04
2026-08-23T22:16:29Z,0.916,22.9,787.9,0.00,0.04,0.00,0.00,1.04
2026-08-23T22:16:30Z,0.895,22.4,788.4,0.00,0.00,0.00,0.00,1.04
2026-08-23T22:16:32Z,0.858,21.4,790.7,0.00,0.00,0.00,0.00,1.04
2026-08-23T22:16:33Z,0.831,20.8,790.2,0.00,0.00,0.00,0.00,1.04
2026-08-23T22:16:34Z,0.844,21.1,789.1,0.00,0.00,0.00,0.00,0.95
2026-08-23T22:16:35Z,0.830,20.8,789.2,0.00,0.00,0.00,0.00,0.95
2026-08-23T22:16:36Z,0.916,22.9,790.8,0.00,0.17,0.00,0.00,0.95
2026-08-23T22:16:37Z,0.856,21.4,790.6,0.00,0.00,0.00,0.00,0.95
2026-08-23T22:16:38Z,0.829,20.7,794.1,0.00,0.00,0.00,0.00,1.12
2026-08-23T22:16:39Z,0.793,19.8,785.4,0.00,0.00,0.00,0.00,1.12
2026-08-23T22:16:40Z,0.773,19.3,787.2,0.00,0.00,0.00,0.00,1.12
2026-08-23T22:16:41Z,0.850,21.2,785.8,0.00,0.00,0.00,0.00,1.12
2026-08-23T22:16:42Z,0.857,21.4,788.5,0.00,0.00,0.00,0.00,1.12
2026-08-23T22:16:43Z,0.857,21.4,788.8,0.00,0.00,0.00,0.00,1.11
2026-08-23T22:16:44Z,0.793,19.8,777.9,0.00,0.20,0.00,0.00,1.11
2026-08-23T22:16:45Z,0.793,19.8,779.8,0.00,0.00,0.00,0.00,1.11
2026-08-23T22:16:46Z,0.848,21.2,778.0,0.00,0.00,0.00,0.00,1.11
2026-08-23T22:16:47Z,0.839,21.0,778.9,0.00,0.00,0.00,0.00,1.11
2026-08-23T22:16:48Z,0.806,20.2,777.6,0.00,0.00,0.00,0.00,1.02
2026-08-23T22:16:49Z,0.789,19.7,778.8,0.00,0.17,0.00,0.00,1.02
2026-08-23T22:16:50Z,0.725,18.1,781.2,0.00,0.00,0.00,0.00,1.02
2026-08-23T22:16:51Z,0.724,18.1,782.4,0.00,0.00,0.00,0.00,1.02
2026-08-23T22:16:52Z,0.782,19.6,778.0,0.00,0.00,0.00,0.00,1.02
2026-08-23T22:16:53Z,0.807,20.2,779.4,0.00,0.00,0.00,0.00,1.02
2026-08-23T22:16:54Z,0.752,18.8,780.9,0.00,0.00,0.00,0.00,1.02
2026-08-23T22:16:55Z,0.782,19.6,780.6,0.00,0.04,0.00,0.00,1.02
2026-08-23T22:16:56Z,0.763,19.1,778.4,0.00,0.00,0.00,0.00,1.02
2026-08-23T22:16:57Z,0.841,21.0,779.4,0.00,0.25,0.00,0.00,1.02
2026-08-23T22:16:58Z,0.818,20.4,778.2,0.00,0.01,0.00,0.00,1.90
2026-08-23T22:17:00Z,0.772,19.3,779.8,0.00,0.00,0.00,0.00,1.90
2026-08-23T22:17:01Z,0.734,18.4,781.3,0.00,0.02,0.00,0.00,1.90
2026-08-23T22:17:02Z,0.802,20.1,781.4,0.00,0.00,0.00,0.00,1.90
2026-08-23T22:17:03Z,0.725,18.1,781.6,0.00,0.00,0.00,0.00,1.90
2026-08-23T22:17:04Z,0.771,19.3,783.7,0.00,0.00,0.00,0.00,1.74
2026-08-23T22:17:05Z,0.820,20.5,778.5,0.00,0.35,0.00,0.00,1.74
2026-08-23T22:17:06Z,0.743,18.6,779.0,0.00,0.00,0.00,0.00,1.74
2026-08-23T22:17:07Z,0.755,18.9,780.9,0.00,0.00,0.00,0.00,1.74
2026-08-23T22:17:08Z,0.724,18.1,782.0,0.00,0.00,0.00,0.00,1.60
2026-08-23T22:17:09Z,0.695,17.4,782.6,0.00,0.00,0.00,0.00,1.60
2026-08-23T22:17:10Z,0.704,17.6,783.4,0.00,0.00,0.00,0.00,1.60
2026-08-23T22:17:11Z,0.714,17.8,776.1,0.00,0.00,0.00,0.00,1.60
2026-08-23T22:17:12Z,0.704,17.6,775.8,0.00,0.00,0.00,0.00,1.60
2026-08-23T22:17:13Z,0.687,17.2,778.0,0.00,0.00,0.00,0.00,1.47
2026-08-23T22:17:14Z,0.734,18.4,779.7,0.00,0.00,0.00,0.00,1.47
2026-08-23T22:17:15Z,0.695,17.4,781.3,0.00,0.16,0.00,0.00,1.47
2026-08-23T22:17:16Z,0.714,17.8,782.8,0.00,0.00,0.00,0.00,1.47
2026-08-23T22:17:17Z,0.764,19.1,783.3,0.00,0.00,0.00,0.00,1.47
2026-08-23T22:17:18Z,0.715,17.9,779.8,0.00,0.00,0.00,0.00,1.36
2026-08-23T22:17:19Z,0.706,17.6,774.1,0.00,0.00,0.00,0.00,1.36
2026-08-23T22:17:20Z,0.638,16.0,774.9,0.00,0.00,0.00,0.00,1.36
2026-08-23T22:17:21Z,0.637,15.9,775.2,0.00,0.00,0.00,0.00,1.36
2026-08-23T22:17:22Z,0.724,18.1,776.9,0.00,0.00,0.00,0.00,1.36
2026-08-23T22:17:23Z,0.715,17.9,775.0,0.00,0.00,0.00,0.00,1.25
2026-08-23T22:17:24Z,0.707,17.7,776.4,0.00,0.21,0.00,0.00,1.25
2026-08-23T22:17:25Z,0.675,16.9,779.1,0.00,0.06,0.00,0.00,1.25
2026-08-23T22:17:26Z,0.724,18.1,776.3,0.00,0.00,0.00,0.00,1.25
2026-08-23T22:17:27Z,0.674,16.9,777.3,0.00,0.00,0.00,0.00,1.25
2026-08-23T22:17:28Z,0.732,18.3,777.8,0.00,0.00,0.00,0.00,1.15
2026-08-23T22:17:30Z,0.645,16.1,779.0,0.00,0.04,0.00,0.00,1.15
2026-08-23T22:17:31Z,0.636,15.9,779.5,0.00,0.00,0.00,0.00,1.15
2026-08-23T22:17:32Z,0.654,16.4,781.5,0.00,0.00,0.00,0.00,1.15
2026-08-23T22:17:33Z,0.662,16.6,775.0,0.00,0.00,0.00,0.00,1.15
2026-08-23T22:17:34Z,0.675,16.9,776.5,0.00,0.00,0.00,0.00,1.14
2026-08-23T22:17:35Z,0.657,16.4,778.7,0.00,0.00,0.00,0.00,1.14
2026-08-23T22:17:36Z,0.657,16.4,781.7,0.00,0.20,0.00,0.00,1.14
2026-08-23T22:17:37Z,0.675,16.9,781.7,0.00,0.00,0.00,0.00,1.14
2026-08-23T22:17:38Z,0.656,16.4,782.3,0.00,0.00,0.00,0.00,1.04
2026-08-23T22:17:39Z,0.676,16.9,780.8,0.00,0.00,0.00,0.00,1.04
2026-08-23T22:17:40Z,0.674,16.9,774.9,0.00,0.00,0.00,0.00,1.04
2026-08-23T22:17:41Z,0.695,17.4,776.1,0.00,0.00,0.00,0.00,1.04
2026-08-23T22:17:42Z,0.676,16.9,777.0,0.00,0.00,0.00,0.00,1.04
2026-08-23T22:17:43Z,0.703,17.6,777.4,0.00,0.00,0.00,0.00,1.12
2026-08-23T22:17:44Z,0.706,17.6,778.0,0.00,0.22,0.00,0.00,1.12
2026-08-23T22:17:45Z,0.704,17.6,778.5,0.00,0.00,0.00,0.00,1.12
2026-08-23T22:17:46Z,0.714,17.8,779.3,0.00,0.00,0.00,0.00,1.12
2026-08-23T22:17:47Z,0.704,17.6,780.0,0.00,0.00,0.00,0.00,1.12
2026-08-23T22:17:48Z,0.713,17.8,780.4,0.00,0.00,0.00,0.00,1.03
2026-08-23T22:17:49Z,0.693,17.3,781.6,0.00,0.00,0.00,0.00,1.03
2026-08-23T22:17:50Z,0.714,17.8,782.1,0.00,0.00,0.00,0.00,1.03
2026-08-23T22:17:51Z,0.704,17.6,784.1,0.00,0.00,0.00,0.00,1.03
2026-08-23T22:17:52Z,0.733,18.3,785.9,0.00,0.01,0.00,0.00,1.03
2026-08-23T22:17:53Z,0.677,16.9,784.8,0.00,0.00,0.00,0.00,1.43
2026-08-23T22:17:54Z,0.715,17.9,779.6,0.00,0.00,0.00,0.00,1.43
2026-08-23T22:17:55Z,0.705,17.6,782.8,0.00,0.05,0.00,0.00,1.43
2026-08-23T22:17:56Z,0.742,18.6,782.2,0.00,0.00,0.00,0.00,1.43
2026-08-23T22:17:58Z,0.684,17.1,784.7,0.00,0.00,0.00,0.00,1.43
2026-08-23T22:17:59Z,0.706,17.6,785.2,0.00,0.00,0.00,0.00,1.64
2026-08-23T22:18:00Z,0.706,17.6,787.3,0.00,0.19,0.00,0.00,1.64
2026-08-23T22:18:01Z,0.706,17.6,787.8,0.00,0.04,0.00,0.00,1.64
2026-08-23T22:18:02Z,0.685,17.1,791.4,0.00,0.00,0.00,0.00,1.64
2026-08-23T22:18:03Z,0.644,16.1,791.1,0.00,0.00,0.00,0.00,1.64
2026-08-23T22:18:04Z,0.724,18.1,791.7,0.00,0.00,0.00,0.00,1.50
2026-08-23T22:18:05Z,0.736,18.4,791.7,0.00,0.00,0.00,0.00,1.50
2026-08-23T22:18:06Z,0.755,18.9,790.2,0.00,0.00,0.00,0.00,1.50
2026-08-23T22:18:07Z,0.714,17.8,789.6,0.00,0.00,0.00,0.00,1.50
2026-08-23T22:18:08Z,0.713,17.8,778.8,0.00,0.20,0.00,0.00,1.38
2026-08-23T22:18:09Z,0.664,16.6,776.6,0.00,0.00,0.00,0.00,1.38
2026-08-23T22:18:10Z,0.715,17.9,776.3,0.00,0.00,0.00,0.00,1.38
2026-08-23T22:18:11Z,0.764,19.1,778.2,0.00,0.00,0.00,0.00,1.38
2026-08-23T22:18:12Z,0.713,17.8,779.4,0.00,0.00,0.00,0.00,1.38
2026-08-23T22:18:13Z,0.722,18.1,781.7,0.00,0.00,0.00,0.00,1.75
2026-08-23T22:18:14Z,0.658,16.4,784.2,0.00,0.19,0.00,0.00,1.75
2026-08-23T22:18:15Z,0.684,17.1,783.0,0.00,0.00,0.00,0.00,1.75
2026-08-23T22:18:16Z,0.677,16.9,785.5,0.00,0.00,0.00,0.00,1.75
2026-08-23T22:18:17Z,0.696,17.4,784.0,0.00,0.00,0.00,0.00,1.75
2026-08-23T22:18:18Z,0.712,17.8,785.0,0.00,0.00,0.00,0.00,1.61
2026-08-23T22:18:19Z,0.696,17.4,785.7,0.00,0.00,0.00,0.00,1.61
2026-08-23T22:18:20Z,0.713,17.8,779.6,0.00,0.00,0.00,0.00,1.61
2026-08-23T22:18:21Z,0.658,16.4,780.6,0.00,0.00,0.00,0.00,1.61
2026-08-23T22:18:22Z,0.677,16.9,783.5,0.00,0.22,0.00,0.00,1.61
2026-08-23T22:18:23Z,0.620,15.5,778.3,0.00,0.00,0.00,0.00,1.48
2026-08-23T22:18:24Z,0.649,16.2,780.1,0.00,0.00,0.00,0.00,1.48
2026-08-23T22:18:25Z,0.678,17.0,781.5,0.00,0.05,0.00,0.00,1.48
2026-08-23T22:18:27Z,0.649,16.2,782.3,0.00,0.00,0.00,0.00,1.48
2026-08-23T22:18:28Z,0.669,16.7,783.6,0.00,0.00,0.00,0.00,1.48
2026-08-23T22:18:29Z,0.743,18.6,778.5,0.00,0.21,0.00,0.00,1.44
2026-08-23T22:18:30Z,0.727,18.2,779.4,0.00,0.00,0.00,0.00,1.44
2026-08-23T22:18:31Z,0.725,18.1,781.6,0.00,0.02,0.00,0.00,1.44
2026-08-23T22:18:32Z,0.685,17.1,780.3,0.00,0.00,0.00,0.00,1.44
2026-08-23T22:18:33Z,0.793,19.8,781.7,0.00,0.00,0.00,0.00,1.44
2026-08-23T22:18:34Z,0.736,18.4,782.7,0.00,0.00,0.00,0.00,1.41
2026-08-23T22:18:35Z,0.707,17.7,772.5,0.00,0.00,0.00,0.00,1.41
2026-08-23T22:18:36Z,0.708,17.7,775.4,0.00,0.00,0.00,0.00,1.41
2026-08-23T22:18:37Z,0.659,16.5,776.2,0.00,0.00,0.00,0.00,1.41
2026-08-23T22:18:38Z,0.718,17.9,777.5,0.00,0.00,0.00,0.00,1.30
2026-08-23T22:18:39Z,0.718,17.9,777.3,0.00,0.22,0.00,0.00,1.30
2026-08-23T22:18:40Z,0.746,18.6,777.6,0.00,0.01,0.00,0.00,1.30
2026-08-23T22:18:41Z,0.708,17.7,777.4,0.00,0.00,0.00,0.00,1.30
2026-08-23T22:18:42Z,0.707,17.7,777.5,0.00,0.00,0.00,0.00,1.30
2026-08-23T22:18:43Z,0.766,19.1,777.1,0.00,0.00,0.00,0.00,1.35
2026-08-23T22:18:44Z,0.717,17.9,778.6,0.00,0.00,0.00,0.00,1.35
2026-08-23T22:18:45Z,0.696,17.4,779.4,0.00,0.00,0.00,0.00,1.35
2026-08-23T22:18:46Z,0.678,17.0,779.2,0.00,0.00,0.00,0.00,1.35
2026-08-23T22:18:47Z,0.738,18.4,781.3,0.00,0.00,0.00,0.00,1.35
2026-08-23T22:18:48Z,0.748,18.7,783.2,0.00,0.17,0.00,0.00,1.48
2026-08-23T22:18:49Z,0.765,19.1,783.8,0.00,0.00,0.00,0.00,1.48
2026-08-23T22:18:50Z,0.782,19.6,776.3,0.00,0.00,0.00,0.00,1.48
2026-08-23T22:18:51Z,0.734,18.4,777.6,0.00,0.00,0.00,0.00,1.48
2026-08-23T22:18:52Z,0.736,18.4,776.9,0.00,0.00,0.00,0.00,1.48
2026-08-23T22:18:53Z,0.737,18.4,779.8,0.00,0.00,0.00,0.00,1.37
2026-08-23T22:18:54Z,0.757,18.9,781.1,0.00,0.00,0.00,0.00,1.37
2026-08-23T22:18:55Z,0.737,18.4,779.7,0.00,0.06,0.00,0.00,1.37
2026-08-23T22:18:56Z,0.725,18.1,776.7,0.00,0.00,0.00,0.00,1.37
2026-08-23T22:18:57Z,0.784,19.6,776.2,0.00,0.00,0.00,0.00,1.37
2026-08-23T22:18:59Z,0.745,18.6,777.5,0.00,0.00,0.00,0.00,1.26
2026-08-23T22:19:00Z,0.689,17.2,779.2,0.00,0.00,0.00,0.00,1.26
2026-08-23T22:19:01Z,0.696,17.4,781.0,0.00,0.03,0.00,0.00,1.26
2026-08-23T22:19:02Z,0.708,17.7,782.1,0.00,0.00,0.00,0.00,1.26
2026-08-23T22:19:03Z,0.716,17.9,783.3,0.00,0.01,0.00,0.00,1.26
2026-08-23T22:19:04Z,0.678,17.0,779.4,0.00,0.00,0.00,0.00,1.24
2026-08-23T22:19:05Z,0.696,17.4,779.1,0.00,0.35,0.00,0.00,1.24
2026-08-23T22:19:06Z,0.630,15.8,778.9,0.00,0.00,0.00,0.00,1.24
2026-08-23T22:19:07Z,0.727,18.2,778.2,0.00,0.00,0.00,0.00,1.24
2026-08-23T22:19:08Z,0.716,17.9,777.9,0.00,0.00,0.00,0.00,1.22
2026-08-23T22:19:09Z,0.715,17.9,780.2,0.00,0.00,0.00,0.00,1.22
2026-08-23T22:19:10Z,0.716,17.9,783.1,0.00,0.00,0.00,0.00,1.22
2026-08-23T22:19:11Z,0.714,17.8,779.8,0.00,0.00,0.00,0.00,1.22
2026-08-23T22:19:12Z,0.744,18.6,778.7,0.00,0.00,0.00,0.00,1.22
2026-08-23T22:19:13Z,0.699,17.5,778.8,0.00,0.00,0.00,0.00,1.12
2026-08-23T22:19:14Z,0.697,17.4,779.7,0.00,0.00,0.00,0.00,1.12
2026-08-23T22:19:15Z,0.736,18.4,779.3,0.00,0.00,0.00,0.00,1.12
2026-08-23T22:19:16Z,0.755,18.9,781.3,0.00,0.16,0.00,0.00,1.12
2026-08-23T22:19:17Z,0.726,18.1,783.5,0.00,0.00,0.00,0.00,1.12
2026-08-23T22:19:18Z,0.727,18.2,780.9,0.00,0.00,0.00,0.00,1.27
2026-08-23T22:19:19Z,0.755,18.9,781.8,0.00,0.00,0.00,0.00,1.27
2026-08-23T22:19:20Z,0.735,18.4,780.5,0.00,0.00,0.00,0.00,1.27
2026-08-23T22:19:21Z,0.714,17.8,783.3,0.00,0.00,0.00,0.00,1.27
2026-08-23T22:19:22Z,0.716,17.9,783.5,0.00,0.00,0.00,0.00,1.27
2026-08-23T22:19:23Z,0.677,16.9,786.2,0.00,0.00,0.00,0.00,1.25
2026-08-23T22:19:24Z,0.726,18.1,786.7,0.00,0.23,0.00,0.00,1.25
2026-08-23T22:19:25Z,0.687,17.2,785.6,0.00,0.00,0.00,0.00,1.25
2026-08-23T22:19:26Z,0.677,16.9,786.7,0.00,0.05,0.00,0.00,1.25
2026-08-23T22:19:27Z,0.668,16.7,780.2,0.00,0.00,0.00,0.00,1.25
2026-08-23T22:19:28Z,0.660,16.5,783.5,0.00,0.00,0.00,0.00,1.15
2026-08-23T22:19:30Z,0.745,18.6,781.9,0.00,0.00,0.00,0.00,1.15
2026-08-23T22:19:31Z,0.747,18.7,780.1,0.00,0.00,0.00,0.00,1.15
2026-08-23T22:19:32Z,0.660,16.5,780.0,0.00,0.02,0.00,0.00,1.15
2026-08-23T22:19:33Z,0.687,17.2,780.3,0.00,0.16,0.00,0.00,1.15
2026-08-23T22:19:34Z,0.708,17.7,778.5,0.00,0.00,0.00,0.00,1.22
2026-08-23T22:19:35Z,0.735,18.4,780.3,0.00,0.00,0.00,0.00,1.22
2026-08-23T22:19:36Z,0.697,17.4,781.3,0.00,0.00,0.00,0.00,1.22
2026-08-23T22:19:37Z,0.717,17.9,781.1,0.00,0.00,0.00,0.00,1.22
2026-08-23T22:19:38Z,0.687,17.2,780.4,0.00,0.00,0.00,0.00,1.36
2026-08-23T22:19:39Z,0.680,17.0,782.8,0.00,0.20,0.00,0.00,1.36
2026-08-23T22:19:40Z,0.736,18.4,781.6,0.00,0.00,0.00,0.00,1.36
2026-08-23T22:19:41Z,0.688,17.2,783.6,0.00,0.00,0.00,0.00,1.36
2026-08-23T22:19:42Z,0.649,16.2,783.6,0.00,0.00,0.00,0.00,1.36
2026-08-23T22:19:43Z,0.688,17.2,785.6,0.00,0.00,0.00,0.00,1.25
2026-08-23T22:19:44Z,0.727,18.2,787.8,0.00,0.00,0.00,0.00,1.25
2026-08-23T22:19:45Z,0.718,17.9,788.1,0.00,0.00,0.00,0.00,1.25
2026-08-23T22:19:46Z,0.649,16.2,787.1,0.00,0.00,0.00,0.00,1.25
2026-08-23T22:19:47Z,0.736,18.4,787.3,0.00,0.17,0.00,0.00,1.25
2026-08-23T22:19:48Z,0.706,17.6,783.6,0.00,0.00,0.00,0.00,1.31
2026-08-23T22:19:49Z,0.667,16.7,781.1,0.00,0.00,0.00,0.00,1.31
2026-08-23T22:19:50Z,0.697,17.4,779.3,0.00,0.00,0.00,0.00,1.31
2026-08-23T22:19:51Z,0.698,17.4,780.4,0.00,0.00,0.00,0.00,1.31
2026-08-23T22:19:52Z,0.737,18.4,776.4,0.00,0.00,0.00,0.00,1.31
2026-08-23T22:19:53Z,0.707,17.7,777.6,0.00,0.22,0.00,0.00,1.20
2026-08-23T22:19:54Z,0.744,18.6,778.1,0.00,0.00,0.00,0.00,1.20
2026-08-23T22:19:55Z,0.726,18.1,777.4,0.00,0.00,0.00,0.00,1.20
2026-08-23T22:19:56Z,0.641,16.0,779.9,0.00,0.05,0.00,0.00,1.20
2026-08-23T22:19:57Z,0.804,20.1,779.0,0.00,0.00,0.00,0.00,1.20
2026-08-23T22:19:58Z,0.726,18.1,777.5,0.00,0.01,0.00,0.00,1.11
2026-08-23T22:19:59Z,0.697,17.4,774.8,0.00,0.00,0.00,0.00,1.11
2026-08-23T22:20:00Z,0.727,18.2,776.5,0.00,0.00,0.00,0.00,1.11
2026-08-23T22:20:02Z,0.699,17.5,775.4,0.00,0.02,0.00,0.00,1.11
2026-08-23T22:20:03Z,0.767,19.2,776.6,0.00,0.22,0.00,0.00,1.11
2026-08-23T22:20:04Z,0.716,17.9,778.8,0.00,0.00,0.00,0.00,1.26
2026-08-23T22:20:05Z,0.677,16.9,779.3,0.00,0.00,0.00,0.00,1.26
2026-08-23T22:20:06Z,0.724,18.1,783.0,0.00,0.01,0.00,0.00,1.26
2026-08-23T22:20:07Z,0.708,17.7,783.7,0.00,0.00,0.00,0.00,1.26
2026-08-23T22:20:08Z,0.707,17.7,784.2,0.00,0.00,0.00,0.00,1.26
2026-08-23T22:20:09Z,0.707,17.7,785.3,0.00,0.00,0.00,0.00,1.16
2026-08-23T22:20:10Z,0.716,17.9,788.5,0.00,0.00,0.00,0.00,1.16
2026-08-23T22:20:11Z,0.697,17.4,790.0,0.00,0.00,0.00,0.00,1.16
2026-08-23T22:20:12Z,0.696,17.4,792.9,0.00,0.67,0.00,0.00,1.16
2026-08-23T22:20:13Z,0.705,17.6,797.1,0.00,0.00,0.00,0.00,1.07
2026-08-23T22:20:14Z,0.667,16.7,794.0,0.00,0.00,0.00,0.00,1.07
2026-08-23T22:20:15Z,0.756,18.9,796.6,0.00,0.00,0.00,0.00,1.07
2026-08-23T22:20:16Z,0.745,18.6,794.4,0.00,0.00,0.00,0.00,1.07
2026-08-23T22:20:17Z,0.687,17.2,796.0,0.00,0.05,0.00,0.00,1.07
2026-08-23T22:20:18Z,0.784,19.6,796.4,0.00,0.00,0.00,0.00,0.98
2026-08-23T22:20:19Z,0.697,17.4,797.8,0.00,0.38,0.00,0.00,0.98
2026-08-23T22:20:20Z,0.715,17.9,788.1,0.00,0.00,0.00,0.00,0.98
2026-08-23T22:20:21Z,0.667,16.7,788.7,0.00,0.00,0.00,0.00,0.98
2026-08-23T22:20:22Z,0.679,17.0,790.9,0.00,0.00,0.00,0.00,0.98
2026-08-23T22:20:23Z,0.727,18.2,790.3,0.00,0.00,0.00,0.00,0.98
2026-08-23T22:20:24Z,0.707,17.7,791.7,0.00,0.00,0.00,0.00,0.98
2026-08-23T22:20:25Z,0.727,18.2,785.4,0.00,0.15,0.00,0.00,0.98
2026-08-23T22:20:26Z,0.658,16.4,785.2,0.00,0.00,0.00,0.00,0.98
2026-08-23T22:20:27Z,0.737,18.4,786.7,0.00,0.00,0.00,0.00,0.98
2026-08-23T22:20:28Z,0.668,16.7,788.6,0.00,0.00,0.00,0.00,0.90
2026-08-23T22:20:29Z,0.688,17.2,789.0,0.00,0.00,0.00,0.00,0.90
2026-08-23T22:20:30Z,0.726,18.1,789.4,0.00,0.23,0.00,0.00,0.90
2026-08-23T22:20:31Z,0.736,18.4,790.1,0.00,0.00,0.00,0.00,0.90
2026-08-23T22:20:33Z,0.744,18.6,790.4,0.00,0.00,0.00,0.00,0.90
2026-08-23T22:20:34Z,0.668,16.7,788.9,0.00,0.00,0.00,0.00,0.83
2026-08-23T22:20:35Z,0.727,18.2,790.9,0.00,0.00,0.00,0.00,0.83
2026-08-23T22:20:36Z,0.725,18.1,782.6,0.00,0.00,0.00,0.00,0.83
2026-08-23T22:20:37Z,0.639,16.0,784.7,0.00,0.00,0.00,0.00,0.83
2026-08-23T22:20:38Z,0.717,17.9,784.2,0.00,0.00,0.00,0.00,0.83
2026-08-23T22:20:39Z,0.696,17.4,786.3,0.00,0.00,0.00,0.00,1.08
2026-08-23T22:20:40Z,0.707,17.7,787.7,0.00,0.00,0.00,0.00,1.08
2026-08-23T22:20:41Z,0.737,18.4,790.0,0.00,0.13,0.00,0.00,1.08
2026-08-23T22:20:42Z,0.725,18.1,791.9,0.00,0.00,0.00,0.00,1.08
2026-08-23T22:20:43Z,0.725,18.1,791.0,0.00,0.05,0.00,0.00,1.08
2026-08-23T22:20:44Z,0.727,18.2,790.9,0.00,0.00,0.00,0.00,1.08
2026-08-23T22:20:45Z,0.763,19.1,792.3,0.00,0.10,0.00,0.00,1.08
2026-08-23T22:20:46Z,0.668,16.7,793.8,0.00,0.00,0.00,0.00,1.08
2026-08-23T22:20:47Z,0.724,18.1,792.3,0.00,0.00,0.00,0.00,1.08
2026-08-23T22:20:48Z,0.726,18.1,791.3,0.00,0.20,0.00,0.00,0.99
2026-08-23T22:20:49Z,0.677,16.9,792.2,0.00,0.00,0.00,0.00,0.99
2026-08-23T22:20:50Z,0.742,18.6,790.2,0.00,0.00,0.00,0.00,0.99
2026-08-23T22:20:51Z,0.726,18.1,783.5,0.00,0.00,0.00,0.00,0.99
2026-08-23T22:20:52Z,0.737,18.4,778.5,0.00,0.00,0.00,0.00,0.99
2026-08-23T22:20:53Z,0.698,17.4,776.7,0.00,0.00,0.00,0.00,0.91
2026-08-23T22:20:54Z,0.648,16.2,777.6,0.00,0.30,0.00,0.00,0.91
2026-08-23T22:20:55Z,0.745,18.6,777.1,0.00,0.00,0.00,0.00,0.91
2026-08-23T22:20:56Z,0.762,19.1,772.3,0.00,0.03,0.00,0.00,0.91
2026-08-23T22:20:57Z,0.688,17.2,772.4,0.00,0.00,0.00,0.00,0.91
2026-08-23T22:20:58Z,0.745,18.6,773.5,0.00,0.00,0.00,0.00,1.08
2026-08-23T22:20:59Z,0.697,17.4,776.1,0.00,0.01,0.00,0.00,1.08
2026-08-23T22:21:00Z,0.765,19.1,776.3,0.00,0.17,0.00,0.00,1.08
2026-08-23T22:21:01Z,0.717,17.9,779.3,0.00,0.00,0.00,0.00,1.08
2026-08-23T22:21:02Z,0.696,17.4,782.0,0.00,0.00,0.00,0.00,1.08
2026-08-23T22:21:04Z,0.753,18.8,782.0,0.00,0.00,0.00,0.00,1.47
2026-08-23T22:21:05Z,0.709,17.7,780.4,0.00,0.00,0.00,0.00,1.47
2026-08-23T22:21:06Z,0.736,18.4,780.8,0.00,0.00,0.00,0.00,1.47
2026-08-23T22:21:07Z,0.708,17.7,783.9,0.00,0.00,0.00,0.00,1.47
2026-08-23T22:21:08Z,0.724,18.1,785.1,0.00,0.00,0.00,0.00,1.47
2026-08-23T22:21:09Z,0.705,17.6,786.8,0.00,0.01,0.00,0.00,1.36
2026-08-23T22:21:10Z,0.801,20.0,790.0,0.00,0.17,0.00,0.00,1.36
2026-08-23T22:21:11Z,0.707,17.7,790.9,0.00,0.00,0.00,0.00,1.36
2026-08-23T22:21:12Z,0.717,17.9,792.4,0.00,0.00,0.00,0.00,1.36
2026-08-23T22:21:13Z,0.659,16.5,792.7,0.00,0.00,0.00,0.00,1.41
2026-08-23T22:21:14Z,0.764,19.1,791.1,0.00,0.00,0.00,0.00,1.41
2026-08-23T22:21:15Z,0.773,19.3,794.0,0.00,0.00,0.00,0.00,1.41
2026-08-23T22:21:16Z,0.727,18.2,795.3,0.00,0.00,0.00,0.00,1.41
2026-08-23T22:21:17Z,0.736,18.4,796.6,0.00,0.00,0.00,0.00,1.41
2026-08-23T22:21:18Z,0.707,17.7,796.2,0.00,0.00,0.00,0.00,1.54
2026-08-23T22:21:19Z,0.707,17.7,796.4,0.00,0.16,0.00,0.00,1.54
2026-08-23T22:21:20Z,0.755,18.9,796.6,0.00,0.00,0.00,0.00,1.54
2026-08-23T22:21:21Z,0.716,17.9,794.6,0.00,0.00,0.00,0.00,1.54
2026-08-23T22:21:22Z,0.783,19.6,795.6,0.00,0.00,0.00,0.00,1.54
2026-08-23T22:21:23Z,0.659,16.5,794.0,0.00,0.00,0.00,0.00,1.41
2026-08-23T22:21:24Z,0.708,17.7,794.5,0.00,0.00,0.00,0.00,1.41
2026-08-23T22:21:25Z,0.754,18.9,795.2,0.00,0.00,0.00,0.00,1.41
2026-08-23T22:21:26Z,0.705,17.6,795.7,0.00,0.06,0.00,0.00,1.41
2026-08-23T22:21:27Z,0.617,15.4,795.8,0.00,0.00,0.00,0.00,1.41
2026-08-23T22:21:28Z,0.773,19.3,787.0,0.00,0.00,0.00,0.00,1.30
2026-08-23T22:21:29Z,0.746,18.6,784.9,0.00,0.00,0.00,0.00,1.30
2026-08-23T22:21:30Z,0.678,17.0,786.7,0.00,0.00,0.00,0.00,1.30
2026-08-23T22:21:31Z,0.727,18.2,787.8,0.00,0.00,0.00,0.00,1.30
2026-08-23T22:21:32Z,0.678,17.0,788.4,0.00,0.32,0.00,0.00,1.30
2026-08-23T22:21:33Z,0.793,19.8,789.3,0.00,0.00,0.00,0.00,1.27
2026-08-23T22:21:35Z,0.725,18.1,791.7,0.00,0.00,0.00,0.00,1.27
2026-08-23T22:21:36Z,0.756,18.9,794.7,0.00,0.00,0.00,0.00,1.27
2026-08-23T22:21:37Z,0.699,17.5,789.9,0.00,0.00,0.00,0.00,1.27
2026-08-23T22:21:38Z,0.717,17.9,791.6,0.00,0.00,0.00,0.00,1.27
2026-08-23T22:21:39Z,0.706,17.6,787.6,0.00,0.00,0.00,0.00,1.25
2026-08-23T22:21:40Z,0.686,17.2,789.6,0.00,0.00,0.00,0.00,1.25
2026-08-23T22:21:41Z,0.699,17.5,790.6,0.00,0.00,0.00,0.00,1.25
2026-08-23T22:21:42Z,0.688,17.2,792.7,0.00,0.18,0.00,0.00,1.25
2026-08-23T22:21:43Z,0.718,17.9,785.0,0.00,0.00,0.00,0.00,1.25
2026-08-23T22:21:44Z,0.727,18.2,785.8,0.00,0.00,0.00,0.00,1.39
2026-08-23T22:21:45Z,0.719,18.0,787.0,0.00,0.00,0.00,0.00,1.39
2026-08-23T22:21:46Z,0.725,18.1,788.5,0.00,0.00,0.00,0.00,1.39
2026-08-23T22:21:47Z,0.776,19.4,790.5,0.00,0.00,0.00,0.00,1.39
2026-08-23T22:21:48Z,0.657,16.4,793.3,0.00,0.00,0.00,0.00,1.28
2026-08-23T22:21:49Z,0.649,16.2,792.1,0.00,0.00,0.00,0.00,1.28
2026-08-23T22:21:50Z,0.678,17.0,790.9,0.00,0.00,0.00,0.00,1.28
2026-08-23T22:21:51Z,0.745,18.6,791.8,0.00,0.00,0.00,0.00,1.28
2026-08-23T22:21:52Z,0.708,17.7,791.6,0.00,0.00,0.00,0.00,1.28
2026-08-23T22:21:53Z,0.707,17.7,792.2,0.00,0.24,0.00,0.00,1.98
2026-08-23T22:21:54Z,0.639,16.0,795.0,0.00,0.00,0.00,0.00,1.98
2026-08-23T22:21:55Z,0.817,20.4,795.3,0.00,0.00,0.00,0.00,1.98
2026-08-23T22:21:56Z,0.728,18.2,796.5,0.00,0.00,0.00,0.00,1.98
2026-08-23T22:21:57Z,0.687,17.2,796.7,0.00,0.05,0.00,0.00,1.98
2026-08-23T22:21:58Z,0.717,17.9,793.9,0.00,0.00,0.00,0.00,2.06
2026-08-23T22:21:59Z,0.628,15.7,797.4,0.00,0.00,0.00,0.00,2.06
2026-08-23T22:22:00Z,0.766,19.1,797.6,0.00,0.00,0.00,0.00,2.06
2026-08-23T22:22:01Z,0.716,17.9,795.9,0.00,0.00,0.00,0.00,2.06
2026-08-23T22:22:02Z,0.678,17.0,796.1,0.00,0.04,0.00,0.00,2.06
2026-08-23T22:22:03Z,0.736,18.4,794.9,0.00,0.00,0.00,0.00,1.90
2026-08-23T22:22:04Z,0.629,15.7,795.2,0.00,0.00,0.00,0.00,1.90
2026-08-23T22:22:05Z,0.739,18.5,787.4,0.00,0.00,0.00,0.00,1.90
2026-08-23T22:22:07Z,0.658,16.4,788.7,0.00,0.00,0.00,0.00,1.90
2026-08-23T22:22:08Z,0.688,17.2,789.1,0.00,0.00,0.00,0.00,1.90
2026-08-23T22:22:09Z,0.648,16.2,790.6,0.00,0.00,0.00,0.00,1.74
2026-08-23T22:22:10Z,0.717,17.9,791.1,0.00,0.00,0.00,0.00,1.74
2026-08-23T22:22:11Z,0.718,17.9,792.4,0.00,0.17,0.00,0.00,1.74
2026-08-23T22:22:12Z,0.727,18.2,793.5,0.00,0.01,0.00,0.00,1.74
2026-08-23T22:22:13Z,0.746,18.6,794.6,0.00,0.00,0.00,0.00,1.74
2026-08-23T22:22:14Z,0.727,18.2,796.1,0.00,0.00,0.00,0.00,1.68
2026-08-23T22:22:15Z,0.698,17.4,796.9,0.00,0.00,0.00,0.00,1.68
2026-08-23T22:22:16Z,0.698,17.4,795.5,0.00,0.00,0.00,0.00,1.68
2026-08-23T22:22:17Z,0.689,17.2,793.8,0.00,0.00,0.00,0.00,1.68
2026-08-23T22:22:18Z,0.737,18.4,792.0,0.00,0.16,0.00,0.00,1.79
2026-08-23T22:22:19Z,0.737,18.4,792.8,0.00,0.00,0.00,0.00,1.79
2026-08-23T22:22:20Z,0.716,17.9,780.2,0.00,0.00,0.00,0.00,1.79
2026-08-23T22:22:21Z,0.708,17.7,782.2,0.00,0.00,0.00,0.00,1.79
2026-08-23T22:22:22Z,0.717,17.9,783.3,0.00,0.00,0.00,0.00,1.79
2026-08-23T22:22:23Z,0.708,17.7,784.7,0.00,0.00,0.00,0.00,2.05
2026-08-23T22:22:24Z,0.706,17.6,785.9,0.00,0.00,0.00,0.00,2.05
2026-08-23T22:22:25Z,0.735,18.4,787.4,0.00,0.22,0.00,0.00,2.05
2026-08-23T22:22:26Z,0.647,16.2,787.6,0.00,0.00,0.00,0.00,2.05
2026-08-23T22:22:27Z,0.640,16.0,790.1,0.00,0.00,0.00,0.00,2.05
2026-08-23T22:22:28Z,0.821,20.5,790.5,0.00,0.05,0.00,0.00,1.88
2026-08-23T22:22:29Z,0.752,18.8,791.9,0.00,0.00,0.00,0.00,1.88
2026-08-23T22:22:30Z,0.746,18.6,790.6,0.00,0.00,0.00,0.00,1.88
2026-08-23T22:22:31Z,0.687,17.2,791.3,0.00,0.00,0.00,0.00,1.88
2026-08-23T22:22:32Z,0.687,17.2,791.4,0.00,0.00,0.00,0.00,1.88
2026-08-23T22:22:33Z,0.763,19.1,791.8,0.00,0.21,0.00,0.00,1.73
2026-08-23T22:22:34Z,0.727,18.2,790.0,0.00,0.00,0.00,0.00,1.73
2026-08-23T22:22:35Z,0.717,17.9,789.7,0.00,0.00,0.00,0.00,1.73
2026-08-23T22:22:36Z,0.670,16.8,789.0,0.00,0.00,0.00,0.00,1.73
2026-08-23T22:22:37Z,0.754,18.9,790.7,0.00,0.00,0.00,0.00,1.73
2026-08-23T22:22:39Z,0.734,18.4,792.5,0.00,0.00,0.00,0.00,1.59
2026-08-23T22:22:40Z,0.757,18.9,780.9,0.00,0.22,0.00,0.00,1.59
2026-08-23T22:22:41Z,0.698,17.4,782.9,0.00,0.00,0.00,0.00,1.59
2026-08-23T22:22:42Z,0.736,18.4,783.2,0.00,0.00,0.00,0.00,1.59
2026-08-23T22:22:43Z,0.726,18.1,784.4,0.00,0.00,0.00,0.00,1.59
2026-08-23T22:22:44Z,0.737,18.4,784.5,0.00,0.00,0.00,0.00,1.46
2026-08-23T22:22:45Z,0.795,19.9,787.2,0.00,0.00,0.00,0.00,1.46
2026-08-23T22:22:46Z,0.727,18.2,779.3,0.00,0.00,0.00,0.00,1.46
2026-08-23T22:22:47Z,0.639,16.0,776.8,0.00,0.00,0.00,0.00,1.46
2026-08-23T22:22:48Z,0.784,19.6,778.7,0.00,0.00,0.00,0.00,1.67
2026-08-23T22:22:49Z,0.764,19.1,781.4,0.00,0.00,0.00,0.00,1.67
2026-08-23T22:22:50Z,0.801,20.0,779.9,0.00,0.00,0.00,0.00,1.67
2026-08-23T22:22:51Z,0.660,16.5,781.8,0.00,0.23,0.00,0.00,1.67
2026-08-23T22:22:52Z,0.696,17.4,784.3,0.00,0.01,0.00,0.00,1.67
2026-08-23T22:22:53Z,0.708,17.7,784.1,0.00,0.00,0.00,0.00,1.53
2026-08-23T22:22:54Z,0.727,18.2,785.1,0.00,0.00,0.00,0.00,1.53
2026-08-23T22:22:55Z,0.746,18.6,787.3,0.00,0.00,0.00,0.00,1.53
2026-08-23T22:22:56Z,0.676,16.9,779.8,0.00,0.00,0.00,0.00,1.53
2026-08-23T22:22:57Z,0.736,18.4,781.8,0.00,0.00,0.00,0.00,1.53
2026-08-23T22:22:58Z,0.699,17.5,779.7,0.00,0.05,0.00,0.00,1.57
2026-08-23T22:22:59Z,0.757,18.9,782.1,0.00,0.00,0.00,0.00,1.57
2026-08-23T22:23:00Z,0.765,19.1,782.9,0.00,0.00,0.00,0.00,1.57
2026-08-23T22:23:01Z,0.707,17.7,785.8,0.00,0.21,0.00,0.00,1.57
2026-08-23T22:23:02Z,0.794,19.9,788.1,0.00,0.00,0.00,0.00,1.57
2026-08-23T22:23:03Z,0.765,19.1,790.9,0.00,0.02,0.00,0.00,1.53
2026-08-23T22:23:04Z,0.736,18.4,778.7,0.00,0.01,0.00,0.00,1.53
2026-08-23T22:23:05Z,0.698,17.4,781.7,0.00,0.00,0.00,0.00,1.53
2026-08-23T22:23:06Z,0.649,16.2,780.1,0.00,0.00,0.00,0.00,1.53
2026-08-23T22:23:07Z,0.784,19.6,781.3,0.00,0.00,0.00,0.00,1.53
2026-08-23T22:23:08Z,0.745,18.6,776.9,0.00,0.00,0.00,0.00,1.48
2026-08-23T22:23:10Z,0.703,17.6,778.9,0.00,0.25,0.00,0.00,1.48
2026-08-23T22:23:11Z,0.677,16.9,778.2,0.00,0.00,0.00,0.00,1.48
2026-08-23T22:23:12Z,0.707,17.7,780.1,0.00,0.00,0.00,0.00,1.48
2026-08-23T22:23:13Z,0.747,18.7,780.6,0.00,0.00,0.00,0.00,1.48
2026-08-23T22:23:14Z,0.649,16.2,780.9,0.00,0.00,0.00,0.00,1.36
2026-08-23T22:23:15Z,0.705,17.6,782.1,0.00,0.00,0.00,0.00,1.36
2026-08-23T22:23:16Z,0.724,18.1,781.8,0.00,0.00,0.00,0.00,1.36
2026-08-23T22:23:17Z,0.715,17.9,780.7,0.00,0.00,0.00,0.00,1.36
2026-08-23T22:23:18Z,0.737,18.4,782.9,0.00,0.00,0.00,0.00,1.36
2026-08-23T22:23:19Z,0.705,17.6,783.3,0.00,0.00,0.00,0.00,1.25
2026-08-23T22:23:20Z,0.695,17.4,782.0,0.00,0.01,0.00,0.00,1.25
2026-08-23T22:23:21Z,0.733,18.3,783.6,0.00,0.17,0.00,0.00,1.25
2026-08-23T22:23:22Z,0.714,17.8,783.1,0.00,0.00,0.00,0.00,1.25
2026-08-23T22:23:23Z,0.688,17.2,783.7,0.00,0.00,0.00,0.00,1.15
2026-08-23T22:23:24Z,0.755,18.9,783.1,0.00,0.00,0.00,0.00,1.15
2026-08-23T22:23:25Z,0.745,18.6,784.9,0.00,0.00,0.00,0.00,1.15
2026-08-23T22:23:26Z,0.724,18.1,784.7,0.00,0.00,0.00,0.00,1.15
2026-08-23T22:23:27Z,0.676,16.9,782.4,0.00,0.00,0.00,0.00,1.15
2026-08-23T22:23:28Z,0.745,18.6,784.0,0.00,0.00,0.00,0.00,1.14
2026-08-23T22:23:29Z,0.706,17.6,780.3,0.00,0.05,0.00,0.00,1.14
2026-08-23T22:23:30Z,0.737,18.4,781.2,0.00,0.17,0.00,0.00,1.14
2026-08-23T22:23:31Z,0.676,16.9,782.8,0.00,0.00,0.00,0.00,1.14
2026-08-23T22:23:32Z,0.667,16.7,779.2,0.00,0.00,0.00,0.00,1.14
2026-08-23T22:23:33Z,0.734,18.4,777.5,0.00,0.00,0.00,0.00,1.85
2026-08-23T22:23:34Z,0.705,17.6,780.7,0.00,0.02,0.00,0.00,1.85
2026-08-23T22:23:35Z,0.640,16.0,780.2,0.00,0.00,0.00,0.00,1.85
2026-08-23T22:23:36Z,0.688,17.2,781.8,0.00,0.00,0.00,0.00,1.85
2026-08-23T22:23:37Z,0.725,18.1,781.8,0.00,0.20,0.00,0.00,1.85
2026-08-23T22:23:38Z,0.714,17.8,777.6,0.00,0.00,0.00,0.00,1.70
2026-08-23T22:23:39Z,0.734,18.4,777.2,0.00,0.00,0.00,0.00,1.70
2026-08-23T22:23:41Z,0.707,17.7,779.0,0.00,0.00,0.00,0.00,1.70
2026-08-23T22:23:42Z,0.668,16.7,779.8,0.00,0.00,0.00,0.00,1.70
2026-08-23T22:23:43Z,0.726,18.1,779.6,0.00,0.00,0.00,0.00,1.70
2026-08-23T22:23:44Z,0.736,18.4,779.9,0.00,0.15,0.00,0.00,1.57
2026-08-23T22:23:45Z,0.679,17.0,780.4,0.00,0.00,0.00,0.00,1.57
2026-08-23T22:23:46Z,0.724,18.1,781.5,0.00,0.01,0.00,0.00,1.57
2026-08-23T22:23:47Z,0.774,19.4,776.9,0.00,0.00,0.00,0.00,1.57
2026-08-23T22:23:48Z,0.687,17.2,779.1,0.00,0.00,0.00,0.00,1.57
2026-08-23T22:23:49Z,0.727,18.2,779.0,0.00,0.00,0.00,0.00,1.44
2026-08-23T22:23:50Z,0.716,17.9,781.8,0.00,0.00,0.00,0.00,1.44
2026-08-23T22:23:51Z,0.812,20.3,778.6,0.00,0.00,0.00,0.00,1.44
2026-08-23T22:23:52Z,0.687,17.2,778.1,0.00,0.20,0.00,0.00,1.44
2026-08-23T22:23:53Z,0.695,17.4,780.4,0.00,0.00,0.00,0.00,1.89
2026-08-23T22:23:54Z,0.689,17.2,780.3,0.00,0.00,0.00,0.00,1.89
2026-08-23T22:23:55Z,0.756,18.9,780.6,0.00,0.00,0.00,0.00,1.89
2026-08-23T22:23:56Z,0.773,19.3,781.0,0.00,0.15,0.00,0.00,1.89
2026-08-23T22:23:57Z,0.704,17.6,783.2,0.00,0.00,0.00,0.00,1.89
2026-08-23T22:23:58Z,0.706,17.6,786.1,0.00,0.00,0.00,0.00,2.06
2026-08-23T22:23:59Z,0.736,18.4,788.3,0.00,0.00,0.00,0.00,2.06
2026-08-23T22:24:00Z,0.815,20.4,786.2,0.00,0.04,0.00,0.00,2.06
2026-08-23T22:24:01Z,0.745,18.6,777.8,0.00,0.00,0.00,0.00,2.06
2026-08-23T22:24:02Z,0.737,18.4,777.7,0.00,0.00,0.00,0.00,2.06
2026-08-23T22:24:03Z,0.715,17.9,775.4,0.00,0.00,0.00,0.00,1.89
2026-08-23T22:24:04Z,0.725,18.1,777.8,0.00,0.00,0.00,0.00,1.89
2026-08-23T22:24:05Z,0.764,19.1,778.5,0.00,0.02,0.00,0.00,1.89
2026-08-23T22:24:06Z,0.783,19.6,779.8,0.00,0.27,0.00,0.00,1.89
2026-08-23T22:24:07Z,0.735,18.4,782.8,0.00,0.00,0.00,0.00,1.89
2026-08-23T22:24:08Z,0.687,17.2,777.5,0.00,0.00,0.00,0.00,2.78
2026-08-23T22:24:09Z,0.726,18.1,779.9,0.00,0.00,0.00,0.00,2.78
2026-08-23T22:24:11Z,0.706,17.6,780.7,0.00,0.00,0.00,0.00,2.78
2026-08-23T22:24:12Z,0.716,17.9,783.2,0.00,0.00,0.00,0.00,2.78
2026-08-23T22:24:13Z,0.736,18.4,782.4,0.00,0.00,0.00,0.00,2.78
2026-08-23T22:24:14Z,0.735,18.4,783.4,0.00,0.15,0.00,0.00,2.72
2026-08-23T22:24:15Z,0.708,17.7,786.4,0.00,0.00,0.00,0.00,2.72
2026-08-23T22:24:16Z,0.745,18.6,786.1,0.00,0.00,0.00,0.00,2.72
2026-08-23T22:24:17Z,0.735,18.4,779.3,0.00,0.00,0.00,0.00,2.72
2026-08-23T22:24:18Z,0.766,19.1,780.2,0.00,0.00,0.00,0.00,2.72
2026-08-23T22:24:19Z,0.707,17.7,782.1,0.00,0.00,0.00,0.00,2.82
2026-08-23T22:24:20Z,0.678,17.0,782.9,0.00,0.00,0.00,0.00,2.82
2026-08-23T22:24:21Z,0.744,18.6,782.9,0.00,0.00,0.00,0.00,2.82
2026-08-23T22:24:22Z,0.677,16.9,783.4,0.00,0.17,0.00,0.00,2.82
2026-08-23T22:24:23Z,0.715,17.9,780.1,0.00,0.00,0.00,0.00,2.67
2026-08-23T22:24:24Z,0.755,18.9,778.1,0.00,0.00,0.00,0.00,2.67
2026-08-23T22:24:25Z,0.699,17.5,779.1,0.00,0.00,0.00,0.00,2.67
2026-08-23T22:24:26Z,0.765,19.1,779.1,0.00,0.00,0.00,0.00,2.67
2026-08-23T22:24:27Z,0.753,18.8,781.2,0.00,0.00,0.00,0.00,2.67
2026-08-23T22:24:28Z,0.746,18.6,783.5,0.00,0.00,0.00,0.00,2.54
2026-08-23T22:24:29Z,0.725,18.1,785.4,0.00,0.24,0.00,0.00,2.54
2026-08-23T22:24:30Z,0.746,18.6,785.5,0.00,0.05,0.00,0.00,2.54
2026-08-23T22:24:31Z,0.774,19.4,786.7,0.00,0.00,0.00,0.00,2.54
2026-08-23T22:24:32Z,0.716,17.9,789.4,0.00,0.00,0.00,0.00,2.54
2026-08-23T22:24:33Z,0.688,17.2,782.3,0.00,0.00,0.00,0.00,2.34
2026-08-23T22:24:34Z,0.688,17.2,780.8,0.00,0.00,0.00,0.00,2.34
2026-08-23T22:24:35Z,0.745,18.6,783.4,0.00,0.00,0.00,0.00,2.34
2026-08-23T22:24:36Z,0.743,18.6,784.2,0.00,0.02,0.00,0.00,2.34
2026-08-23T22:24:37Z,1.111,27.8,801.9,0.00,0.00,0.00,0.00,2.34
2026-08-23T22:24:38Z,0.761,19.0,790.3,0.00,0.41,0.00,0.00,2.15
2026-08-23T22:24:39Z,0.727,18.2,790.2,0.00,0.00,0.00,0.00,2.15
2026-08-23T22:24:40Z,0.699,17.5,786.1,0.00,0.00,0.00,0.00,2.15
2026-08-23T22:24:42Z,0.727,18.2,787.9,0.00,0.00,0.00,0.00,2.15
2026-08-23T22:24:43Z,0.754,18.9,789.0,0.00,0.00,0.00,0.00,2.15
2026-08-23T22:24:44Z,0.737,18.4,777.7,0.00,0.34,0.00,0.00,1.98
2026-08-23T22:24:45Z,0.776,19.4,777.5,0.00,0.00,0.00,0.00,1.98
2026-08-23T22:24:46Z,0.744,18.6,780.8,0.00,0.00,0.00,0.00,1.98
2026-08-23T22:24:47Z,0.639,16.0,781.4,0.00,0.00,0.00,0.00,1.98
2026-08-23T22:24:48Z,0.726,18.1,784.1,0.00,0.01,0.00,0.00,1.98
2026-08-23T22:24:49Z,0.697,17.4,786.5,0.00,0.00,0.00,0.00,2.14
2026-08-23T22:24:50Z,0.739,18.5,788.5,0.00,0.23,0.00,0.00,2.14
2026-08-23T22:24:51Z,0.727,18.2,785.5,0.00,0.00,0.00,0.00,2.14
2026-08-23T22:24:52Z,0.726,18.1,780.5,0.00,0.00,0.00,0.00,2.14
2026-08-23T22:24:53Z,0.697,17.4,782.5,0.00,0.00,0.00,0.00,1.97
2026-08-23T22:24:54Z,0.677,16.9,785.9,0.00,0.00,0.00,0.00,1.97
2026-08-23T22:24:55Z,0.716,17.9,788.4,0.00,0.00,0.00,0.00,1.97
2026-08-23T22:24:56Z,0.716,17.9,783.2,0.00,0.00,0.00,0.00,1.97
2026-08-23T22:24:57Z,0.757,18.9,787.6,0.00,0.17,0.00,0.00,1.97
2026-08-23T22:24:58Z,0.628,15.7,788.3,0.00,0.00,0.00,0.00,2.21
2026-08-23T22:24:59Z,0.727,18.2,788.9,0.00,0.00,0.00,0.00,2.21
2026-08-23T22:25:00Z,0.717,17.9,788.9,0.00,0.00,0.00,0.00,2.21
2026-08-23T22:25:01Z,0.725,18.1,777.4,0.00,0.07,0.00,0.00,2.21
2026-08-23T22:25:02Z,0.718,17.9,777.3,0.00,0.00,0.00,0.00,2.21
2026-08-23T22:25:03Z,0.698,17.4,778.6,0.00,0.00,0.00,0.00,2.03
2026-08-23T22:25:04Z,0.660,16.5,781.3,0.00,0.00,0.00,0.00,2.03
2026-08-23T22:25:05Z,0.704,17.6,779.7,0.00,0.00,0.00,0.00,2.03
2026-08-23T22:25:06Z,0.757,18.9,777.3,0.00,0.38,0.00,0.00,2.03
2026-08-23T22:25:07Z,0.680,17.0,776.3,0.00,0.00,0.00,0.00,2.03
2026-08-23T22:25:08Z,0.679,17.0,778.0,0.00,0.00,0.00,0.00,1.87
2026-08-23T22:25:09Z,0.689,17.2,779.2,0.00,0.00,0.00,0.00,1.87
2026-08-23T22:25:10Z,0.678,17.0,781.2,0.00,0.00,0.00,0.00,1.87
2026-08-23T22:25:11Z,0.707,17.7,782.3,0.00,0.48,0.00,0.00,1.87
2026-08-23T22:25:12Z,0.708,17.7,784.4,0.00,0.00,0.00,0.00,1.87
2026-08-23T22:25:13Z,0.699,17.5,775.7,0.00,0.01,0.00,0.00,1.72
2026-08-23T22:25:15Z,0.668,16.7,778.9,0.00,0.00,0.00,0.00,1.72
2026-08-23T22:25:16Z,0.698,17.4,779.5,0.00,0.00,0.00,0.00,1.72
2026-08-23T22:25:17Z,0.695,17.4,781.9,0.00,0.20,0.00,0.00,1.72
2026-08-23T22:25:18Z,0.746,18.6,783.5,0.00,0.00,0.00,0.00,1.72
2026-08-23T22:25:19Z,0.717,17.9,782.8,0.00,0.01,0.00,0.00,1.98
2026-08-23T22:25:20Z,0.729,18.2,784.7,0.00,0.00,0.00,0.00,1.98
2026-08-23T22:25:21Z,0.709,17.7,783.7,0.00,0.00,0.00,0.00,1.98
2026-08-23T22:25:22Z,0.737,18.4,784.5,0.00,0.00,0.00,0.00,1.98
2026-08-23T22:25:23Z,0.737,18.4,786.0,0.00,0.00,0.00,0.00,1.98
2026-08-23T22:25:24Z,0.669,16.7,788.2,0.00,0.00,0.00,0.00,1.82
2026-08-23T22:25:25Z,0.734,18.4,789.1,0.00,0.00,0.00,0.00,1.82
2026-08-23T22:25:26Z,0.695,17.4,785.2,0.00,0.21,0.00,0.00,1.82
2026-08-23T22:25:27Z,0.650,16.2,787.5,0.00,0.00,0.00,0.00,1.82
2026-08-23T22:25:28Z,0.727,18.2,788.6,0.00,0.00,0.00,0.00,2.40
2026-08-23T22:25:29Z,0.766,19.1,778.7,0.00,0.00,0.00,0.00,2.40
2026-08-23T22:25:30Z,0.727,18.2,780.8,0.00,0.00,0.00,0.00,2.40
2026-08-23T22:25:31Z,0.756,18.9,783.1,0.00,0.00,0.00,0.00,2.40
2026-08-23T22:25:32Z,0.687,17.2,786.0,0.00,0.00,0.00,0.00,2.40
2026-08-23T22:25:33Z,0.657,16.4,782.5,0.00,0.00,0.00,0.00,2.21
2026-08-23T22:25:34Z,0.648,16.2,784.3,0.00,0.15,0.00,0.00,2.21
2026-08-23T22:25:35Z,0.669,16.7,783.8,0.00,0.00,0.00,0.00,2.21
2026-08-23T22:25:36Z,0.705,17.6,783.0,0.00,0.00,0.00,0.00,2.21
2026-08-23T22:25:37Z,0.778,19.4,785.9,0.00,0.00,0.00,0.00,2.21
2026-08-23T22:25:38Z,0.686,17.2,787.2,0.00,0.00,0.00,0.00,2.11
2026-08-23T22:25:39Z,0.714,17.8,788.6,0.00,0.00,0.00,0.00,2.11
2026-08-23T22:25:40Z,0.764,19.1,786.8,0.00,0.01,0.00,0.00,2.11
2026-08-23T22:25:41Z,0.705,17.6,788.1,0.00,0.00,0.00,0.00,2.11
2026-08-23T22:25:42Z,0.676,16.9,789.0,0.00,0.05,0.00,0.00,2.11
2026-08-23T22:25:43Z,0.762,19.1,785.3,0.00,0.00,0.00,0.00,2.58
2026-08-23T22:25:45Z,0.713,17.8,784.7,0.00,0.11,0.00,0.00,2.58
2026-08-23T22:25:46Z,0.741,18.5,786.0,0.00,0.00,0.00,0.00,2.58
2026-08-23T22:25:47Z,0.752,18.8,786.5,0.00,0.00,0.00,0.00,2.58
2026-08-23T22:25:48Z,0.763,19.1,788.1,0.00,0.02,0.00,0.00,2.58
2026-08-23T22:25:49Z,0.705,17.6,785.9,0.00,0.00,0.00,0.00,2.62
2026-08-23T22:25:50Z,0.703,17.6,785.2,0.00,0.01,0.00,0.00,2.62
2026-08-23T22:25:51Z,0.714,17.8,779.4,0.00,0.00,0.00,0.00,2.62
2026-08-23T22:25:52Z,0.736,18.4,781.6,0.00,0.00,0.00,0.00,2.62
2026-08-23T22:25:53Z,0.695,17.4,779.0,0.00,0.00,0.00,0.00,2.62
2026-08-23T22:25:54Z,0.688,17.2,780.5,0.00,0.00,0.00,0.00,2.41
2026-08-23T22:25:55Z,0.714,17.8,782.2,0.00,0.00,0.00,0.00,2.41
2026-08-23T22:25:56Z,0.741,18.5,779.0,0.00,0.00,0.00,0.00,2.41
2026-08-23T22:25:57Z,0.695,17.4,781.0,0.00,0.42,0.00,0.00,2.41
2026-08-23T22:25:58Z,0.703,17.6,784.2,0.00,0.00,0.00,0.00,2.21
2026-08-23T22:25:59Z,0.646,16.2,784.0,0.00,0.00,0.00,0.00,2.21
2026-08-23T22:26:00Z,0.675,16.9,785.8,0.00,0.00,0.00,0.00,2.21
2026-08-23T22:26:01Z,0.790,19.8,785.8,0.00,0.00,0.00,0.00,2.21
2026-08-23T22:26:02Z,0.743,18.6,785.1,0.00,0.07,0.00,0.00,2.21
2026-08-23T22:26:03Z,0.734,18.4,779.3,0.00,0.00,0.00,0.00,2.04
2026-08-23T22:26:04Z,0.725,18.1,781.2,0.00,0.00,0.00,0.00,2.04
2026-08-23T22:26:05Z,0.676,16.9,781.9,0.00,0.00,0.00,0.00,2.04
2026-08-23T22:26:06Z,0.704,17.6,783.4,0.00,0.20,0.00,0.00,2.04
2026-08-23T22:26:07Z,0.678,17.0,784.3,0.00,0.00,0.00,0.00,2.04
2026-08-23T22:26:08Z,0.725,18.1,785.1,0.00,0.00,0.00,0.00,1.87
2026-08-23T22:26:09Z,0.694,17.3,782.6,0.00,0.00,0.00,0.00,1.87
2026-08-23T22:26:10Z,0.723,18.1,783.7,0.00,0.00,0.00,0.00,1.87
2026-08-23T22:26:11Z,0.667,16.7,785.2,0.00,0.00,0.00,0.00,1.87
2026-08-23T22:26:12Z,0.694,17.3,785.3,0.00,0.00,0.00,0.00,1.87
2026-08-23T22:26:14Z,0.733,18.3,787.0,0.00,0.00,0.00,0.00,1.72
2026-08-23T22:26:15Z,0.667,16.7,788.0,0.00,0.00,0.00,0.00,1.72
2026-08-23T22:26:16Z,0.735,18.4,785.1,0.00,0.23,0.00,0.00,1.72
2026-08-23T22:26:17Z,0.684,17.1,786.6,0.00,0.00,0.00,0.00,1.72
2026-08-23T22:26:18Z,0.763,19.1,786.4,0.00,0.00,0.00,0.00,1.72
2026-08-23T22:26:19Z,0.694,17.3,786.4,0.00,0.00,0.00,0.00,1.90
2026-08-23T22:26:20Z,0.733,18.3,784.8,0.00,0.00,0.00,0.00,1.90
2026-08-23T22:26:21Z,0.696,17.4,784.7,0.00,0.00,0.00,0.00,1.90
2026-08-23T22:26:22Z,0.686,17.2,785.6,0.00,0.00,0.00,0.00,1.90
2026-08-23T22:26:23Z,0.763,19.1,786.3,0.00,0.00,0.00,0.00,2.07
2026-08-23T22:26:24Z,0.702,17.5,783.3,0.00,0.17,0.00,0.00,2.07
2026-08-23T22:26:25Z,0.732,18.3,784.3,0.00,0.00,0.00,0.00,2.07
2026-08-23T22:26:26Z,0.781,19.5,785.2,0.00,0.00,0.00,0.00,2.07
2026-08-23T22:26:27Z,0.674,16.9,786.3,0.00,0.00,0.00,0.00,2.07
2026-08-23T22:26:28Z,0.742,18.6,785.8,0.00,0.00,0.00,0.00,1.91
2026-08-23T22:26:29Z,0.666,16.7,785.7,0.00,0.00,0.00,0.00,1.91
2026-08-23T22:26:30Z,0.704,17.6,786.4,0.00,0.16,0.00,0.00,1.91
2026-08-23T22:26:31Z,0.724,18.1,785.5,0.00,0.00,0.00,0.00,1.91
2026-08-23T22:26:32Z,0.764,19.1,785.6,0.00,0.03,0.00,0.00,1.91
2026-08-23T22:26:33Z,0.694,17.3,786.0,0.00,0.00,0.00,0.00,1.83
2026-08-23T22:26:34Z,0.703,17.6,786.7,0.00,0.00,0.00,0.00,1.83
2026-08-23T22:26:35Z,0.733,18.3,786.1,0.00,0.00,0.00,0.00,1.83
2026-08-23T22:26:36Z,0.696,17.4,786.9,0.00,0.17,0.00,0.00,1.83
2026-08-23T22:26:37Z,0.715,17.9,785.9,0.00,0.01,0.00,0.00,1.83
2026-08-23T22:26:38Z,0.665,16.6,786.8,0.00,0.00,0.00,0.00,2.73
2026-08-23T22:26:39Z,0.744,18.6,785.5,0.00,0.00,0.00,0.00,2.73
2026-08-23T22:26:40Z,0.731,18.3,786.0,0.00,0.00,0.00,0.00,2.73
2026-08-23T22:26:42Z,0.715,17.9,787.2,0.00,0.00,0.00,0.00,2.73
2026-08-23T22:26:43Z,0.724,18.1,785.4,0.00,0.00,0.00,0.00,2.73
2026-08-23T22:26:44Z,0.668,16.7,786.2,0.00,0.00,0.00,0.00,2.51
2026-08-23T22:26:45Z,0.773,19.3,778.4,0.00,0.29,0.00,0.00,2.51
2026-08-23T22:26:46Z,0.693,17.3,778.7,0.00,0.00,0.00,0.00,2.51
2026-08-23T22:26:47Z,0.772,19.3,773.6,0.00,0.01,0.00,0.00,2.51
2026-08-23T22:26:48Z,0.732,18.3,774.8,0.00,0.00,0.00,0.00,2.51
2026-08-23T22:26:49Z,0.705,17.6,776.5,0.00,0.00,0.00,0.00,2.47
2026-08-23T22:26:50Z,0.704,17.6,773.4,0.00,0.00,0.00,0.00,2.47
2026-08-23T22:26:51Z,0.703,17.6,776.8,0.00,0.23,0.00,0.00,2.47
2026-08-23T22:26:52Z,0.722,18.1,778.0,0.00,0.02,0.00,0.00,2.47
2026-08-23T22:26:53Z,0.694,17.3,776.5,0.00,0.00,0.00,0.00,3.47
2026-08-23T22:26:54Z,0.716,17.9,773.8,0.00,0.00,0.00,0.00,3.47
2026-08-23T22:26:55Z,0.762,19.1,775.8,0.00,0.00,0.00,0.00,3.47
2026-08-23T22:26:56Z,0.781,19.5,777.0,0.00,0.00,0.00,0.00,3.47
2026-08-23T22:26:57Z,0.735,18.4,777.3,0.00,0.00,0.00,0.00,3.47
2026-08-23T22:26:58Z,0.714,17.8,777.8,0.00,0.16,0.00,0.00,3.43
2026-08-23T22:26:59Z,0.706,17.6,774.0,0.00,0.00,0.00,0.00,3.43
2026-08-23T22:27:00Z,0.706,17.6,777.0,0.00,0.00,0.00,0.00,3.43
2026-08-23T22:27:01Z,0.706,17.6,777.5,0.00,0.00,0.00,0.00,3.43
2026-08-23T22:27:02Z,0.676,16.9,778.3,0.00,0.00,0.00,0.00,3.43
2026-08-23T22:27:03Z,0.666,16.7,780.6,0.00,0.06,0.00,0.00,3.64
2026-08-23T22:27:04Z,0.727,18.2,781.1,0.00,0.17,0.00,0.00,3.64
2026-08-23T22:27:05Z,0.658,16.4,781.8,0.00,0.00,0.00,0.00,3.64
2026-08-23T22:27:06Z,0.706,17.6,783.8,0.00,0.00,0.00,0.00,3.64
2026-08-23T22:27:07Z,0.725,18.1,784.8,0.00,0.00,0.00,0.00,3.64
2026-08-23T22:27:08Z,0.716,17.9,779.5,0.00,0.04,0.00,0.00,3.35
2026-08-23T22:27:09Z,0.734,18.4,781.5,0.00,0.00,0.00,0.00,3.35
2026-08-23T22:27:11Z,0.685,17.1,782.5,0.00,0.00,0.00,0.00,3.35
2026-08-23T22:27:12Z,0.686,17.2,782.4,0.00,0.00,0.00,0.00,3.35
2026-08-23T22:27:13Z,0.736,18.4,784.9,0.00,0.00,0.00,0.00,3.35
2026-08-23T22:27:14Z,0.716,17.9,784.5,0.00,0.17,0.00,0.00,3.56
2026-08-23T22:27:15Z,0.745,18.6,785.6,0.00,0.00,0.00,0.00,3.56
2026-08-23T22:27:16Z,0.751,18.8,787.0,0.00,0.00,0.00,0.00,3.56
2026-08-23T22:27:17Z,0.693,17.3,787.5,0.00,0.00,0.00,0.00,3.56
2026-08-23T22:27:18Z,0.697,17.4,788.8,0.00,0.00,0.00,0.00,3.56
2026-08-23T22:27:19Z,0.703,17.6,778.3,0.00,0.00,0.00,0.00,3.36
2026-08-23T22:27:20Z,0.740,18.5,780.3,0.00,0.00,0.00,0.00,3.36
2026-08-23T22:27:21Z,0.753,18.8,780.1,0.00,0.00,0.00,0.00,3.36
2026-08-23T22:27:22Z,0.733,18.3,782.3,0.00,0.00,0.00,0.00,3.36
2026-08-23T22:27:23Z,0.725,18.1,785.0,0.00,0.00,0.00,0.00,3.33
2026-08-23T22:27:24Z,0.744,18.6,782.7,0.00,0.16,0.00,0.00,3.33
2026-08-23T22:27:25Z,0.667,16.7,785.5,0.00,0.00,0.00,0.00,3.33
2026-08-23T22:27:26Z,0.725,18.1,784.8,0.00,0.00,0.00,0.00,3.33
2026-08-23T22:27:27Z,0.638,16.0,786.0,0.00,0.00,0.00,0.00,3.33
2026-08-23T22:27:28Z,0.821,20.5,787.0,0.00,0.00,0.00,0.00,3.38
2026-08-23T22:27:29Z,0.656,16.4,785.6,0.00,0.00,0.00,0.00,3.38
2026-08-23T22:27:30Z,0.676,16.9,787.0,0.00,0.00,0.00,0.00,3.38
2026-08-23T22:27:31Z,0.685,17.1,789.2,0.00,0.17,0.00,0.00,3.38
2026-08-23T22:27:32Z,0.656,16.4,787.1,0.00,0.00,0.00,0.00,3.38
2026-08-23T22:27:33Z,0.713,17.8,787.6,0.00,0.03,0.00,0.00,3.11
2026-08-23T22:27:34Z,0.725,18.1,787.7,0.00,0.00,0.00,0.00,3.11
2026-08-23T22:27:35Z,0.726,18.1,780.0,0.00,0.00,0.00,0.00,3.11
2026-08-23T22:27:36Z,0.685,17.1,779.4,0.00,0.00,0.00,0.00,3.11
2026-08-23T22:27:37Z,0.685,17.1,782.3,0.00,0.00,0.00,0.00,3.11
2026-08-23T22:27:38Z,0.715,17.9,775.2,0.00,0.00,0.00,0.00,2.86
2026-08-23T22:27:40Z,0.694,17.3,776.2,0.00,0.00,0.00,0.00,2.86
2026-08-23T22:27:41Z,0.714,17.8,777.2,0.00,0.21,0.00,0.00,2.86
2026-08-23T22:27:42Z,0.677,16.9,779.1,0.00,0.00,0.00,0.00,2.86
2026-08-23T22:27:43Z,0.705,17.6,778.3,0.00,0.00,0.00,0.00,2.86
2026-08-23T22:27:44Z,0.716,17.9,776.4,0.00,0.00,0.00,0.00,2.63
2026-08-23T22:27:45Z,0.735,18.4,778.1,0.00,0.00,0.00,0.00,2.63
2026-08-23T22:27:46Z,0.745,18.6,774.1,0.00,0.00,0.00,0.00,2.63
2026-08-23T22:27:47Z,0.658,16.4,775.3,0.00,0.00,0.00,0.00,2.63
2026-08-23T22:27:48Z,0.744,18.6,778.2,0.00,0.27,0.00,0.00,2.63
2026-08-23T22:27:49Z,0.761,19.0,777.0,0.00,0.01,0.00,0.00,2.42
2026-08-23T22:27:50Z,0.770,19.2,777.9,0.00,0.00,0.00,0.00,2.42
2026-08-23T22:27:51Z,0.725,18.1,780.9,0.00,0.00,0.00,0.00,2.42
2026-08-23T22:27:52Z,0.736,18.4,781.6,0.00,0.00,0.00,0.00,2.42
2026-08-23T22:27:53Z,0.755,18.9,782.8,0.00,0.00,0.00,0.00,2.23
2026-08-23T22:27:54Z,0.773,19.3,783.8,0.00,0.17,0.00,0.00,2.23
2026-08-23T22:27:55Z,0.762,19.1,783.1,0.00,0.00,0.00,0.00,2.23
2026-08-23T22:27:56Z,0.753,18.8,781.3,0.00,0.00,0.00,0.00,2.23
2026-08-23T22:27:57Z,0.801,20.0,781.0,0.00,0.00,0.00,0.00,2.23
2026-08-23T22:27:58Z,0.713,17.8,781.7,0.00,0.00,0.00,0.00,2.05
2026-08-23T22:27:59Z,0.695,17.4,775.5,0.00,0.00,0.00,0.00,2.05
2026-08-23T22:28:00Z,0.703,17.6,777.0,0.00,0.00,0.00,0.00,2.05
2026-08-23T22:28:01Z,0.711,17.8,777.1,0.00,0.23,0.00,0.00,2.05
2026-08-23T22:28:02Z,0.704,17.6,777.6,0.00,0.00,0.00,0.00,2.05
2026-08-23T22:28:03Z,0.791,19.8,776.9,0.00,0.05,0.00,0.00,1.88
2026-08-23T22:28:04Z,0.838,20.9,776.6,0.00,0.00,0.00,0.00,1.88
2026-08-23T22:28:05Z,0.742,18.6,778.7,0.00,0.00,0.00,0.00,1.88
2026-08-23T22:28:06Z,0.705,17.6,780.7,0.00,0.00,0.00,0.00,1.88
2026-08-23T22:28:07Z,0.826,20.6,782.9,0.00,0.02,0.00,0.00,1.88
2026-08-23T22:28:09Z,0.758,18.9,784.4,0.00,0.00,0.00,0.00,1.73
2026-08-23T22:28:10Z,0.762,19.1,785.1,0.00,0.16,0.00,0.00,1.73
2026-08-23T22:28:11Z,0.744,18.6,785.3,0.00,0.00,0.00,0.00,1.73
2026-08-23T22:28:12Z,0.761,19.0,781.7,0.00,0.00,0.00,0.00,1.73
2026-08-23T22:28:13Z,0.818,20.4,771.9,0.00,0.00,0.00,0.00,1.73
2026-08-23T22:28:14Z,0.780,19.5,773.5,0.00,0.00,0.00,0.00,1.59
2026-08-23T22:28:15Z,0.743,18.6,775.2,0.00,0.00,0.00,0.00,1.59
2026-08-23T22:28:16Z,0.819,20.5,776.2,0.00,0.00,0.00,0.00,1.59
2026-08-23T22:28:17Z,0.751,18.8,774.7,0.00,0.27,0.00,0.00,1.59
2026-08-23T22:28:18Z,0.771,19.3,777.2,0.00,0.00,0.00,0.00,1.63
2026-08-23T22:28:19Z,0.732,18.3,777.0,0.00,0.00,0.00,0.00,1.63
2026-08-23T22:28:20Z,0.750,18.8,778.7,0.00,0.00,0.00,0.00,1.63
2026-08-23T22:28:21Z,0.811,20.3,773.2,0.00,0.00,0.00,0.00,1.63
2026-08-23T22:28:22Z,0.798,20.0,774.3,0.00,0.00,0.00,0.00,1.63
2026-08-23T22:28:23Z,0.770,19.2,775.8,0.00,0.00,0.00,0.00,1.50
2026-08-23T22:28:24Z,0.704,17.6,776.3,0.00,0.20,0.00,0.00,1.50
2026-08-23T22:28:25Z,0.762,19.1,775.7,0.00,0.00,0.00,0.00,1.50
2026-08-23T22:28:26Z,0.774,19.4,774.0,0.00,0.00,0.00,0.00,1.50
2026-08-23T22:28:27Z,0.732,18.3,774.2,0.00,0.00,0.00,0.00,1.50
2026-08-23T22:28:28Z,0.753,18.8,775.2,0.00,0.00,0.00,0.00,1.54
2026-08-23T22:28:29Z,0.789,19.7,775.2,0.00,0.00,0.00,0.00,1.54
2026-08-23T22:28:30Z,0.744,18.6,775.9,0.00,0.00,0.00,0.00,1.54
2026-08-23T22:28:31Z,0.791,19.8,775.7,0.00,0.17,0.00,0.00,1.54
2026-08-23T22:28:32Z,0.822,20.5,777.6,0.00,0.00,0.00,0.00,1.54
2026-08-23T22:28:33Z,0.724,18.1,776.0,0.00,0.05,0.00,0.00,1.41
2026-08-23T22:28:34Z,0.697,17.4,778.4,0.00,0.00,0.00,0.00,1.41
2026-08-23T22:28:35Z,0.722,18.1,780.1,0.00,0.00,0.00,0.00,1.41
2026-08-23T22:28:37Z,0.657,16.4,780.6,0.00,0.00,0.00,0.00,1.41
2026-08-23T22:28:38Z,0.820,20.5,783.3,0.00,0.00,0.00,0.00,1.41
2026-08-23T22:28:39Z,0.763,19.1,784.5,0.00,0.19,0.00,0.00,1.62
2026-08-23T22:28:40Z,0.744,18.6,777.7,0.00,0.00,0.00,0.00,1.62
2026-08-23T22:28:41Z,0.789,19.7,778.2,0.00,0.00,0.00,0.00,1.62
2026-08-23T22:28:42Z,0.760,19.0,775.6,0.00,0.00,0.00,0.00,1.62
2026-08-23T22:28:43Z,0.693,17.3,779.3,0.00,0.00,0.00,0.00,1.62
2026-08-23T22:28:44Z,0.734,18.4,774.5,0.00,0.00,0.00,0.00,1.49
2026-08-23T22:28:45Z,0.743,18.6,775.1,0.00,0.26,0.00,0.00,1.49
2026-08-23T22:28:46Z,0.752,18.8,776.1,0.00,0.00,0.00,0.00,1.49
2026-08-23T22:28:47Z,0.703,17.6,776.6,0.00,0.00,0.00,0.00,1.49
2026-08-23T22:28:48Z,0.754,18.9,775.2,0.00,0.00,0.00,0.00,1.53
2026-08-23T22:28:49Z,0.726,18.1,774.5,0.00,0.00,0.00,0.00,1.53
2026-08-23T22:28:50Z,0.734,18.4,775.5,0.00,0.00,0.00,0.00,1.53
2026-08-23T22:28:51Z,0.781,19.5,775.6,0.00,0.01,0.00,0.00,1.53
2026-08-23T22:28:52Z,0.703,17.6,773.0,0.00,0.00,0.00,0.00,1.53
2026-08-23T22:28:53Z,0.771,19.3,774.0,0.00,0.00,0.00,0.00,1.41
2026-08-23T22:28:54Z,0.746,18.6,774.7,0.00,0.00,0.00,0.00,1.41
2026-08-23T22:28:55Z,0.755,18.9,774.3,0.00,0.00,0.00,0.00,1.41
2026-08-23T22:28:56Z,0.734,18.4,774.4,0.00,0.26,0.00,0.00,1.41
2026-08-23T22:28:57Z,0.678,17.0,773.8,0.00,0.00,0.00,0.00,1.41
2026-08-23T22:28:58Z,0.706,17.6,775.5,0.00,0.00,0.00,0.00,1.30
2026-08-23T22:28:59Z,0.725,18.1,773.7,0.00,0.00,0.00,0.00,1.30
2026-08-23T22:29:00Z,0.763,19.1,773.7,0.00,0.00,0.00,0.00,1.30
2026-08-23T22:29:01Z,0.745,18.6,775.7,0.00,0.00,0.00,0.00,1.30
2026-08-23T22:29:02Z,0.753,18.8,777.8,0.00,0.00,0.00,0.00,1.30
2026-08-23T22:29:03Z,0.753,18.8,777.2,0.00,0.06,0.00,0.00,1.67
2026-08-23T22:29:04Z,0.802,20.1,777.7,0.00,0.17,0.00,0.00,1.67
2026-08-23T22:29:06Z,0.792,19.8,776.1,0.00,0.00,0.00,0.00,1.67
2026-08-23T22:29:07Z,0.703,17.6,777.0,0.00,0.00,0.00,0.00,1.67
2026-08-23T22:29:08Z,0.764,19.1,777.8,0.00,0.00,0.00,0.00,1.67
2026-08-23T22:29:09Z,0.715,17.9,778.7,0.00,0.03,0.00,0.00,1.54
2026-08-23T22:29:10Z,0.760,19.0,779.3,0.00,0.00,0.00,0.00,1.54
2026-08-23T22:29:11Z,0.695,17.4,779.7,0.00,0.17,0.00,0.00,1.54
2026-08-23T22:29:12Z,0.765,19.1,780.5,0.00,0.00,0.00,0.00,1.54
2026-08-23T22:29:13Z,0.774,19.4,777.7,0.00,0.00,0.00,0.00,1.54
2026-08-23T22:29:14Z,0.761,19.0,774.0,0.00,0.00,0.00,0.00,1.41
2026-08-23T22:29:15Z,0.725,18.1,776.1,0.00,0.00,0.00,0.00,1.41
2026-08-23T22:29:16Z,0.742,18.6,774.2,0.00,0.00,0.00,0.00,1.41
2026-08-23T22:29:17Z,0.713,17.8,775.8,0.00,0.00,0.00,0.00,1.41
2026-08-23T22:29:18Z,0.817,20.4,777.0,0.00,0.26,0.00,0.00,1.46
2026-08-23T22:29:19Z,0.714,17.8,775.4,0.00,0.00,0.00,0.00,1.46
2026-08-23T22:29:20Z,0.762,19.1,776.8,0.00,0.00,0.00,0.00,1.46
2026-08-23T22:29:21Z,0.733,18.3,780.5,0.00,0.00,0.00,0.00,1.46
2026-08-23T22:29:22Z,0.724,18.1,782.0,0.00,0.00,0.00,0.00,1.46
2026-08-23T22:29:23Z,0.686,17.2,782.2,0.00,0.00,0.00,0.00,1.34
2026-08-23T22:29:24Z,0.705,17.6,783.2,0.00,0.16,0.00,0.00,1.34
2026-08-23T22:29:25Z,0.744,18.6,783.9,0.00,0.00,0.00,0.00,1.34
2026-08-23T22:29:26Z,0.666,16.7,784.6,0.00,0.00,0.00,0.00,1.34
2026-08-23T22:29:27Z,0.658,16.4,786.1,0.00,0.00,0.00,0.00,1.34
2026-08-23T22:29:28Z,0.791,19.8,785.6,0.00,0.00,0.00,0.00,1.24
2026-08-23T22:29:29Z,0.746,18.6,784.3,0.00,0.00,0.00,0.00,1.24
2026-08-23T22:29:30Z,0.697,17.4,784.8,0.00,0.00,0.00,0.00,1.24
2026-08-23T22:29:31Z,0.752,18.8,786.7,0.00,0.00,0.00,0.00,1.24
2026-08-23T22:29:32Z,0.705,17.6,785.7,0.00,0.00,0.00,0.00,1.24
2026-08-23T22:29:34Z,0.752,18.8,786.0,0.00,0.20,0.00,0.00,1.14
2026-08-23T22:29:35Z,0.743,18.6,786.4,0.00,0.00,0.00,0.00,1.14
2026-08-23T22:29:36Z,0.667,16.7,787.6,0.00,0.00,0.00,0.00,1.14
2026-08-23T22:29:37Z,0.704,17.6,787.0,0.00,0.00,0.00,0.00,1.14
2026-08-23T22:29:38Z,0.780,19.5,788.0,0.00,0.01,0.00,0.00,1.14
2026-08-23T22:29:39Z,0.734,18.4,787.2,0.00,0.00,0.00,0.00,1.05
2026-08-23T22:29:40Z,0.733,18.3,786.3,0.00,0.18,0.00,0.00,1.05
2026-08-23T22:29:41Z,0.686,17.2,786.9,0.00,0.00,0.00,0.00,1.05
2026-08-23T22:29:42Z,0.743,18.6,776.9,0.00,0.00,0.00,0.00,1.05
2026-08-23T22:29:43Z,0.697,17.4,777.5,0.00,0.00,0.00,0.00,1.05
2026-08-23T22:29:44Z,0.733,18.3,779.5,0.00,0.00,0.00,0.00,0.96
2026-08-23T22:29:45Z,0.744,18.6,781.9,0.00,0.00,0.00,0.00,0.96
2026-08-23T22:29:46Z,0.735,18.4,782.9,0.00,0.00,0.00,0.00,0.96
2026-08-23T22:29:47Z,0.685,17.1,783.1,0.00,0.17,0.00,0.00,0.96
2026-08-23T22:29:48Z,0.771,19.3,783.4,0.00,0.00,0.00,0.00,0.97
2026-08-23T22:29:49Z,0.848,21.2,780.3,0.00,0.00,0.00,0.00,0.97
2026-08-23T22:29:50Z,0.772,19.3,783.0,0.00,0.00,0.00,0.00,0.97
2026-08-23T22:29:51Z,0.723,18.1,783.2,0.00,0.00,0.00,0.00,0.97
2026-08-23T22:29:52Z,0.744,18.6,783.5,0.00,0.00,0.00,0.00,0.97
2026-08-23T22:29:53Z,0.715,17.9,785.7,0.00,0.00,0.00,0.00,1.05
2026-08-23T22:29:54Z,0.713,17.8,786.7,0.00,0.18,0.00,0.00,1.05
2026-08-23T22:29:55Z,0.743,18.6,789.9,0.00,0.00,0.00,0.00,1.05
2026-08-23T22:29:56Z,0.734,18.4,791.6,0.00,0.00,0.00,0.00,1.05
2026-08-23T22:29:57Z,0.822,20.5,792.3,0.00,0.00,0.00,0.00,1.05
2026-08-23T22:29:58Z,0.744,18.6,792.1,0.00,0.00,0.00,0.00,0.96
2026-08-23T22:29:59Z,0.697,17.4,792.3,0.00,0.00,0.00,0.00,0.96
2026-08-23T22:30:00Z,0.733,18.3,793.6,0.00,0.00,0.00,0.00,0.96
2026-08-23T22:30:01Z,0.732,18.3,793.8,0.00,0.00,0.00,0.00,0.96
2026-08-23T22:30:03Z,0.752,18.8,790.9,0.00,0.14,0.00,0.00,0.96
2026-08-23T22:30:04Z,0.695,17.4,787.8,0.00,0.05,0.00,0.00,0.89
2026-08-23T22:30:05Z,0.773,19.3,779.4,0.00,0.00,0.00,0.00,0.89
2026-08-23T22:30:06Z,0.771,19.3,780.6,0.00,0.00,0.00,0.00,0.89
2026-08-23T22:30:07Z,0.717,17.9,780.4,0.00,0.00,0.00,0.00,0.89
2026-08-23T22:30:08Z,0.729,18.2,780.9,0.00,0.00,0.00,0.00,0.89
2026-08-23T22:30:09Z,0.705,17.6,783.0,0.00,0.43,0.00,0.00,0.82
2026-08-23T22:30:10Z,0.724,18.1,784.7,0.00,0.00,0.00,0.00,0.82
2026-08-23T22:30:11Z,0.734,18.4,786.0,0.00,0.00,0.00,0.00,0.82
2026-08-23T22:30:12Z,0.761,19.0,787.1,0.00,0.47,0.00,0.00,0.82
2026-08-23T22:30:13Z,0.753,18.8,786.7,0.00,0.00,0.00,0.00,0.82
2026-08-23T22:30:14Z,0.732,18.3,787.1,0.00,0.00,0.00,0.00,0.99
2026-08-23T22:30:15Z,0.791,19.8,786.3,0.00,0.11,0.00,0.00,0.99
2026-08-23T22:30:16Z,0.712,17.8,785.4,0.00,0.00,0.00,0.00,0.99
2026-08-23T22:30:17Z,0.773,19.3,786.1,0.00,0.03,0.00,0.00,0.99
2026-08-23T22:30:18Z,0.693,17.3,786.6,0.00,0.00,0.00,0.00,1.07
2026-08-23T22:30:19Z,0.762,19.1,783.8,0.00,0.00,0.00,0.00,1.07
2026-08-23T22:30:20Z,0.695,17.4,785.5,0.00,0.00,0.00,0.00,1.07
2026-08-23T22:30:21Z,0.696,17.4,786.4,0.00,0.22,0.00,0.00,1.07
2026-08-23T22:30:22Z,0.694,17.3,785.7,0.00,0.00,0.00,0.00,1.07
2026-08-23T22:30:23Z,0.703,17.6,786.5,0.00,0.00,0.00,0.00,1.07
2026-08-23T22:30:24Z,0.724,18.1,777.0,0.00,0.00,0.00,0.00,1.07
2026-08-23T22:30:25Z,0.751,18.8,779.4,0.00,0.00,0.00,0.00,1.07
2026-08-23T22:30:26Z,0.686,17.2,781.1,0.00,0.00,0.00,0.00,1.07
2026-08-23T22:30:27Z,0.657,16.4,783.3,0.00,0.00,0.00,0.00,1.07
2026-08-23T22:30:28Z,0.772,19.3,782.7,0.00,0.00,0.00,0.00,0.98
2026-08-23T22:30:29Z,0.752,18.8,785.4,0.00,0.17,0.00,0.00,0.98
2026-08-23T22:30:31Z,0.760,19.0,785.6,0.00,0.00,0.00,0.00,0.98
2026-08-23T22:30:32Z,0.724,18.1,785.7,0.00,0.00,0.00,0.00,0.98
2026-08-23T22:30:33Z,0.753,18.8,788.7,0.00,0.00,0.00,0.00,0.98
2026-08-23T22:30:34Z,0.732,18.3,788.9,0.00,0.00,0.00,0.00,0.90
2026-08-23T22:30:35Z,0.676,16.9,789.2,0.00,0.00,0.00,0.00,0.90
2026-08-23T22:30:36Z,0.753,18.8,787.8,0.00,0.00,0.00,0.00,0.90
2026-08-23T22:30:37Z,0.686,17.2,788.3,0.00,0.00,0.00,0.00,0.90
2026-08-23T22:30:38Z,0.756,18.9,789.2,0.00,0.00,0.00,0.00,0.90
2026-08-23T22:30:39Z,0.706,17.6,788.5,0.00,0.00,0.00,0.00,0.83
2026-08-23T22:30:40Z,0.676,16.9,789.2,0.00,0.00,0.00,0.00,0.83
2026-08-23T22:30:41Z,0.705,17.6,789.1,0.00,0.00,0.00,0.00,0.83
2026-08-23T22:30:42Z,0.733,18.3,787.1,0.00,0.16,0.00,0.00,0.83
2026-08-23T22:30:43Z,0.763,19.1,788.4,0.00,0.05,0.00,0.00,1.32
2026-08-23T22:30:44Z,0.706,17.6,779.9,0.00,0.00,0.00,0.00,1.32
2026-08-23T22:30:45Z,0.746,18.6,781.4,0.00,0.00,0.00,0.00,1.32
2026-08-23T22:30:46Z,0.694,17.3,780.2,0.00,0.00,0.00,0.00,1.32
2026-08-23T22:30:47Z,0.734,18.4,781.4,0.00,0.00,0.00,0.00,1.32
2026-08-23T22:30:48Z,0.742,18.6,777.0,0.00,0.02,0.00,0.00,1.46
2026-08-23T22:30:49Z,0.811,20.3,777.9,0.00,0.01,0.00,0.00,1.46
2026-08-23T22:30:50Z,0.774,19.4,780.4,0.00,0.00,0.00,0.00,1.46
2026-08-23T22:30:51Z,0.723,18.1,783.1,0.00,0.01,0.00,0.00,1.46
2026-08-23T22:30:52Z,0.762,19.1,777.4,0.00,0.00,0.00,0.00,1.46
2026-08-23T22:30:53Z,0.725,18.1,778.9,0.00,0.29,0.00,0.00,1.34
2026-08-23T22:30:54Z,0.744,18.6,776.2,0.00,0.00,0.00,0.00,1.34
2026-08-23T22:30:55Z,0.802,20.1,778.0,0.00,0.00,0.00,0.00,1.34
2026-08-23T22:30:56Z,0.715,17.9,779.9,0.00,0.00,0.00,0.00,1.34
2026-08-23T22:30:57Z,0.781,19.5,781.7,0.00,0.00,0.00,0.00,1.34
2026-08-23T22:30:58Z,0.762,19.1,778.7,0.00,0.00,0.00,0.00,1.31
2026-08-23T22:31:00Z,0.734,18.4,778.9,0.00,0.00,0.00,0.00,1.31
2026-08-23T22:31:01Z,0.754,18.9,780.0,0.00,0.00,0.00,0.00,1.31
2026-08-23T22:31:02Z,0.735,18.4,776.6,0.00,0.00,0.00,0.00,1.31
2026-08-23T22:31:03Z,0.714,17.8,777.6,0.00,0.32,0.00,0.00,1.31
2026-08-23T22:31:04Z,0.705,17.6,775.3,0.00,0.03,0.00,0.00,1.21
2026-08-23T22:31:05Z,0.763,19.1,776.8,0.00,0.00,0.00,0.00,1.21
2026-08-23T22:31:06Z,0.744,18.6,775.4,0.00,0.00,0.00,0.00,1.21
2026-08-23T22:31:07Z,0.676,16.9,777.7,0.00,0.00,0.00,0.00,1.21
2026-08-23T22:31:08Z,0.753,18.8,779.7,0.00,0.02,0.00,0.00,1.21
2026-08-23T22:31:09Z,0.725,18.1,780.4,0.00,0.00,0.00,0.00,1.11
2026-08-23T22:31:10Z,0.773,19.3,780.6,0.00,0.22,0.00,0.00,1.11
2026-08-23T22:31:11Z,0.675,16.9,782.3,0.00,0.00,0.00,0.00,1.11
2026-08-23T22:31:12Z,0.695,17.4,783.8,0.00,0.00,0.00,0.00,1.11
2026-08-23T22:31:13Z,0.696,17.4,783.4,0.00,0.00,0.00,0.00,1.02
2026-08-23T22:31:14Z,0.724,18.1,785.0,0.00,0.00,0.00,0.00,1.02
2026-08-23T22:31:15Z,0.755,18.9,782.6,0.00,0.00,0.00,0.00,1.02
2026-08-23T22:31:16Z,0.676,16.9,784.5,0.00,0.00,0.00,0.00,1.02
2026-08-23T22:31:17Z,0.733,18.3,782.8,0.00,0.00,0.00,0.00,1.02
2026-08-23T22:31:18Z,0.706,17.6,781.7,0.00,0.00,0.00,0.00,1.50
2026-08-23T22:31:19Z,0.678,17.0,780.4,0.00,0.17,0.00,0.00,1.50
2026-08-23T22:31:20Z,0.706,17.6,781.9,0.00,0.00,0.00,0.00,1.50
2026-08-23T22:31:21Z,0.733,18.3,775.1,0.00,0.00,0.00,0.00,1.50
2026-08-23T22:31:22Z,0.753,18.8,777.5,0.00,0.00,0.00,0.00,1.50
2026-08-23T22:31:23Z,0.748,18.7,773.7,0.00,0.00,0.00,0.00,1.94
2026-08-23T22:31:24Z,0.715,17.9,775.4,0.00,0.00,0.00,0.00,1.94
2026-08-23T22:31:25Z,0.783,19.6,776.4,0.00,0.00,0.00,0.00,1.94
2026-08-23T22:31:26Z,0.762,19.1,778.3,0.00,0.17,0.00,0.00,1.94
2026-08-23T22:31:27Z,0.733,18.3,779.8,0.00,0.00,0.00,0.00,1.94
2026-08-23T22:31:29Z,0.761,19.0,780.1,0.00,0.00,0.00,0.00,1.95
2026-08-23T22:31:30Z,0.765,19.1,781.3,0.00,0.00,0.00,0.00,1.95
2026-08-23T22:31:31Z,0.795,19.9,776.1,0.00,0.00,0.00,0.00,1.95
2026-08-23T22:31:32Z,0.761,19.0,777.5,0.00,0.01,0.00,0.00,1.95
2026-08-23T22:31:33Z,0.801,20.0,780.5,0.00,0.00,0.00,0.00,1.95
2026-08-23T22:31:34Z,0.800,20.0,782.8,0.00,0.00,0.00,0.00,2.03
2026-08-23T22:31:35Z,0.763,19.1,780.7,0.00,0.05,0.00,0.00,2.03
2026-08-23T22:31:36Z,0.791,19.8,781.6,0.00,0.00,0.00,0.00,2.03
2026-08-23T22:31:37Z,0.745,18.6,782.4,0.00,0.16,0.00,0.00,2.03
2026-08-23T22:31:38Z,0.739,18.5,782.4,0.00,0.00,0.00,0.00,2.03
2026-08-23T22:31:39Z,0.742,18.6,783.1,0.00,0.03,0.00,0.00,1.87
2026-08-23T22:31:40Z,0.760,19.0,778.1,0.00,0.00,0.00,0.00,1.87
2026-08-23T22:31:41Z,0.763,19.1,779.5,0.00,0.00,0.00,0.00,1.87
2026-08-23T22:31:42Z,0.706,17.6,780.0,0.00,0.00,0.00,0.00,1.87
2026-08-23T22:31:43Z,0.772,19.3,779.3,0.00,0.00,0.00,0.00,1.80
2026-08-23T22:31:44Z,0.752,18.8,778.0,0.00,0.00,0.00,0.00,1.80
2026-08-23T22:31:45Z,0.731,18.3,778.7,0.00,0.16,0.00,0.00,1.80
2026-08-23T22:31:46Z,0.683,17.1,779.7,0.00,0.00,0.00,0.00,1.80
2026-08-23T22:31:47Z,0.723,18.1,779.1,0.00,0.00,0.00,0.00,1.80
2026-08-23T22:31:48Z,0.733,18.3,778.9,0.00,0.00,0.00,0.00,1.73
2026-08-23T22:31:49Z,0.683,17.1,779.4,0.00,0.00,0.00,0.00,1.73
2026-08-23T22:31:50Z,0.789,19.7,778.7,0.00,0.00,0.00,0.00,1.73
2026-08-23T22:31:51Z,0.762,19.1,780.1,0.00,0.00,0.00,0.00,1.73
2026-08-23T22:31:52Z,0.782,19.6,775.2,0.00,0.00,0.00,0.00,1.73
2026-08-23T22:31:53Z,0.725,18.1,777.0,0.00,0.23,0.00,0.00,2.16
2026-08-23T22:31:54Z,0.780,19.5,777.3,0.00,0.00,0.00,0.00,2.16
2026-08-23T22:31:55Z,0.801,20.0,779.1,0.00,0.00,0.00,0.00,2.16
2026-08-23T22:31:56Z,0.715,17.9,773.6,0.00,0.00,0.00,0.00,2.16
2026-08-23T22:31:58Z,0.736,18.4,776.1,0.00,0.00,0.00,0.00,2.16
2026-08-23T22:31:59Z,0.727,18.2,775.8,0.00,0.00,0.00,0.00,1.98
2026-08-23T22:32:00Z,0.716,17.9,777.0,0.00,0.01,0.00,0.00,1.98
2026-08-23T22:32:01Z,0.714,17.8,779.2,0.00,0.00,0.00,0.00,1.98
2026-08-23T22:32:02Z,0.762,19.1,782.4,0.00,0.18,0.00,0.00,1.98
2026-08-23T22:32:03Z,0.714,17.8,783.2,0.00,0.00,0.00,0.00,1.98
2026-08-23T22:32:04Z,0.734,18.4,782.7,0.00,0.00,0.00,0.00,2.14
2026-08-23T22:32:05Z,0.676,16.9,783.5,0.00,0.04,0.00,0.00,2.14
2026-08-23T22:32:06Z,0.667,16.7,784.6,0.00,0.00,0.00,0.00,2.14
2026-08-23T22:32:07Z,0.695,17.4,785.6,0.00,0.00,0.00,0.00,2.14
2026-08-23T22:32:08Z,0.657,16.4,784.0,0.00,0.00,0.00,0.00,2.14
2026-08-23T22:32:09Z,0.735,18.4,785.5,0.00,0.00,0.00,0.00,1.97
2026-08-23T22:32:10Z,0.678,17.0,785.5,0.00,0.02,0.00,0.00,1.97
2026-08-23T22:32:11Z,0.706,17.6,787.5,0.00,0.00,0.00,0.00,1.97
2026-08-23T22:32:12Z,0.775,19.4,788.0,0.00,0.00,0.00,0.00,1.97
2026-08-23T22:32:13Z,0.696,17.4,786.8,0.00,0.00,0.00,0.00,1.81
2026-08-23T22:32:14Z,0.744,18.6,786.8,0.00,0.20,0.00,0.00,1.81
2026-08-23T22:32:15Z,0.646,16.2,786.1,0.00,0.00,0.00,0.00,1.81
2026-08-23T22:32:16Z,0.728,18.2,786.6,0.00,0.00,0.00,0.00,1.81
2026-08-23T22:32:17Z,0.689,17.2,783.2,0.00,0.00,0.00,0.00,1.81
2026-08-23T22:32:18Z,0.754,18.9,785.4,0.00,0.00,0.00,0.00,2.47
2026-08-23T22:32:19Z,0.743,18.6,786.1,0.00,0.00,0.00,0.00,2.47
2026-08-23T22:32:20Z,0.706,17.6,787.0,0.00,0.00,0.00,0.00,2.47
2026-08-23T22:32:21Z,0.793,19.8,787.6,0.00,0.00,0.00,0.00,2.47
2026-08-23T22:32:22Z,0.775,19.4,788.8,0.00,0.17,0.00,0.00,2.47
2026-08-23T22:32:23Z,0.708,17.7,786.0,0.00,0.00,0.00,0.00,2.35
2026-08-23T22:32:24Z,0.719,18.0,781.6,0.00,0.00,0.00,0.00,2.35
2026-08-23T22:32:25Z,0.676,16.9,778.4,0.00,0.00,0.00,0.00,2.35
2026-08-23T22:32:26Z,0.719,18.0,780.7,0.00,0.00,0.00,0.00,2.35
2026-08-23T22:32:28Z,0.723,18.1,780.5,0.00,0.00,0.00,0.00,2.35
2026-08-23T22:32:29Z,0.775,19.4,782.9,0.00,0.00,0.00,0.00,2.24
2026-08-23T22:32:30Z,0.783,19.6,782.0,0.00,0.22,0.00,0.00,2.24
2026-08-23T22:32:31Z,0.715,17.9,775.6,0.00,0.00,0.00,0.00,2.24
2026-08-23T22:32:32Z,0.765,19.1,781.0,0.00,0.00,0.00,0.00,2.24
2026-08-23T22:32:33Z,0.705,17.6,783.0,0.00,0.00,0.00,0.00,2.24
2026-08-23T22:32:34Z,0.668,16.7,783.0,0.00,0.01,0.00,0.00,2.06
2026-08-23T22:32:35Z,0.685,17.1,784.2,0.00,0.25,0.00,0.00,2.06
2026-08-23T22:32:36Z,0.698,17.4,778.7,0.00,0.00,0.00,0.00,2.06
2026-08-23T22:32:37Z,0.522,13.1,780.8,0.00,0.00,0.00,0.00,2.06
2026-08-23T22:32:38Z,0.805,20.1,780.4,0.00,0.00,0.00,0.00,2.06
2026-08-23T22:32:39Z,0.707,17.7,778.9,0.00,0.00,0.00,0.00,1.90
2026-08-23T22:32:40Z,0.770,19.2,778.5,0.00,0.02,0.00,0.00,1.90
2026-08-23T22:32:41Z,0.715,17.9,778.9,0.00,0.21,0.00,0.00,1.90
2026-08-23T22:32:42Z,0.708,17.7,780.3,0.00,0.00,0.00,0.00,1.90
2026-08-23T22:32:43Z,0.677,16.9,780.9,0.00,0.00,0.00,0.00,1.75
2026-08-23T22:32:44Z,0.667,16.7,782.8,0.00,0.00,0.00,0.00,1.75
2026-08-23T22:32:45Z,0.823,20.6,785.0,0.00,0.00,0.00,0.00,1.75
2026-08-23T22:32:46Z,0.647,16.2,784.3,0.00,0.00,0.00,0.00,1.75
2026-08-23T22:32:47Z,0.735,18.4,784.9,0.00,0.00,0.00,0.00,1.75
2026-08-23T22:32:48Z,1.033,25.8,808.3,0.00,0.00,0.00,0.00,1.61
2026-08-23T22:32:49Z,0.911,22.8,805.9,0.00,0.00,0.00,0.01,1.61
2026-08-23T22:32:50Z,0.726,18.1,804.8,0.00,0.00,0.00,0.00,1.61
2026-08-23T22:32:51Z,0.740,18.5,806.0,0.00,0.52,0.00,0.00,1.61
2026-08-23T22:32:52Z,0.702,17.5,807.2,0.00,0.00,0.00,0.00,1.61
2026-08-23T22:32:53Z,0.837,20.9,806.5,0.00,0.00,0.00,0.00,1.48
2026-08-23T22:32:54Z,0.742,18.6,802.9,0.00,0.00,0.00,0.00,1.48
2026-08-23T22:32:55Z,0.762,19.1,799.3,0.00,0.00,0.00,0.00,1.48
2026-08-23T22:32:57Z,0.676,16.9,791.1,0.00,0.00,0.00,0.00,1.48
2026-08-23T22:32:58Z,0.752,18.8,789.8,0.00,0.00,0.00,0.00,1.48
2026-08-23T22:32:59Z,0.734,18.4,789.7,0.00,0.00,0.00,0.00,1.60
2026-08-23T22:33:00Z,0.733,18.3,790.6,0.00,0.00,0.00,0.00,1.60
2026-08-23T22:33:01Z,0.703,17.6,790.9,0.00,0.00,0.00,0.00,1.60
2026-08-23T22:33:02Z,0.773,19.3,791.6,0.00,0.00,0.00,0.00,1.60
2026-08-23T22:33:03Z,0.734,18.4,793.8,0.00,0.00,0.00,0.00,1.60
2026-08-23T22:33:04Z,0.744,18.6,794.1,0.00,0.00,0.00,0.00,1.63
2026-08-23T22:33:05Z,0.687,17.2,793.9,0.00,0.01,0.00,0.00,1.63
2026-08-23T22:33:06Z,0.743,18.6,792.4,0.00,0.08,0.00,0.00,1.63
2026-08-23T22:33:07Z,0.724,18.1,794.6,0.00,0.00,0.00,0.00,1.63
2026-08-23T22:33:08Z,0.734,18.4,791.3,0.00,0.00,0.00,0.00,1.63
2026-08-23T22:33:09Z,0.705,17.6,790.5,0.00,0.00,0.00,0.00,1.58
2026-08-23T22:33:10Z,0.666,16.7,788.1,0.00,0.00,0.00,0.00,1.58
2026-08-23T22:33:11Z,0.704,17.6,790.1,0.00,0.05,0.00,0.00,1.58
2026-08-23T22:33:12Z,0.733,18.3,791.6,0.00,0.22,0.00,0.00,1.58
2026-08-23T22:33:13Z,0.771,19.3,789.8,0.00,0.00,0.00,0.00,1.45
2026-08-23T22:33:14Z,0.754,18.9,777.7,0.00,0.00,0.00,0.00,1.45
2026-08-23T22:33:15Z,0.685,17.1,778.7,0.00,0.00,0.00,0.00,1.45
2026-08-23T22:33:16Z,0.707,17.7,778.5,0.00,0.00,0.00,0.00,1.45
2026-08-23T22:33:17Z,0.706,17.6,779.6,0.00,0.00,0.00,0.00,1.45
2026-08-23T22:33:18Z,0.734,18.4,779.8,0.00,0.22,0.00,0.00,1.34
2026-08-23T22:33:19Z,0.684,17.1,780.4,0.00,0.00,0.00,0.00,1.34
2026-08-23T22:33:20Z,0.676,16.9,779.3,0.00,0.00,0.00,0.00,1.34
2026-08-23T22:33:21Z,0.658,16.4,780.0,0.00,0.00,0.00,0.00,1.34
2026-08-23T22:33:22Z,0.648,16.2,782.0,0.00,0.00,0.00,0.00,1.34
2026-08-23T22:33:23Z,0.705,17.6,781.1,0.00,0.00,0.00,0.00,2.19
2026-08-23T22:33:24Z,0.688,17.2,781.7,0.00,0.00,0.00,0.00,2.19
2026-08-23T22:33:26Z,0.714,17.8,782.6,0.00,0.16,0.00,0.00,2.19
2026-08-23T22:33:27Z,0.646,16.2,784.1,0.00,0.00,0.00,0.00,2.19
2026-08-23T22:33:28Z,0.669,16.7,785.5,0.00,0.00,0.00,0.00,2.19
2026-08-23T22:33:29Z,0.751,18.8,785.5,0.00,0.00,0.00,0.00,2.02
2026-08-23T22:33:30Z,0.753,18.8,785.4,0.00,0.00,0.00,0.00,2.02
2026-08-23T22:33:31Z,0.741,18.5,786.7,0.00,0.00,0.00,0.00,2.02
2026-08-23T22:33:32Z,0.694,17.3,788.8,0.00,0.00,0.00,0.00,2.02
2026-08-23T22:33:33Z,0.696,17.4,789.0,0.00,0.00,0.00,0.00,2.02
2026-08-23T22:33:34Z,0.733,18.3,790.5,0.00,0.16,0.00,0.00,1.85
2026-08-23T22:33:35Z,0.703,17.6,784.1,0.00,0.00,0.00,0.00,1.85
2026-08-23T22:33:36Z,0.770,19.2,784.7,0.00,0.04,0.00,0.00,1.85
2026-08-23T22:33:37Z,0.685,17.1,785.0,0.00,0.00,0.00,0.00,1.85
2026-08-23T22:33:38Z,0.761,19.0,786.7,0.00,0.00,0.00,0.00,1.95
2026-08-23T22:33:39Z,0.724,18.1,783.6,0.00,0.00,0.00,0.00,1.95
2026-08-23T22:33:40Z,0.685,17.1,785.8,0.00,0.00,0.00,0.00,1.95
2026-08-23T22:33:41Z,0.743,18.6,788.2,0.00,0.01,0.00,0.00,1.95
2026-08-23T22:33:42Z,0.677,16.9,787.5,0.00,0.00,0.00,0.00,1.95
2026-08-23T22:33:43Z,0.677,16.9,786.0,0.00,0.00,0.00,0.00,1.79
2026-08-23T22:33:44Z,0.706,17.6,787.7,0.00,0.00,0.00,0.00,1.79
2026-08-23T22:33:45Z,0.697,17.4,788.1,0.00,0.26,0.00,0.00,1.79
2026-08-23T22:33:46Z,0.693,17.3,788.1,0.00,0.00,0.00,0.00,1.79
2026-08-23T22:33:47Z,0.752,18.8,788.7,0.00,0.00,0.00,0.00,1.79
2026-08-23T22:33:48Z,0.740,18.5,788.8,0.00,0.00,0.00,0.00,1.73
2026-08-23T22:33:49Z,0.745,18.6,790.6,0.00,0.00,0.00,0.00,1.73
2026-08-23T22:33:50Z,1.092,27.3,817.0,0.00,0.01,0.00,0.00,1.73
2026-08-23T22:33:51Z,0.744,18.6,816.7,0.00,0.00,0.00,0.00,1.73
2026-08-23T22:33:52Z,0.674,16.9,815.0,0.00,0.00,0.00,0.00,1.73
2026-08-23T22:33:53Z,0.674,16.9,806.4,0.00,0.00,0.00,0.00,1.59
2026-08-23T22:33:55Z,0.694,17.3,800.0,0.00,0.00,0.00,0.00,1.59
2026-08-23T22:33:56Z,0.716,17.9,800.9,0.00,0.46,0.00,0.00,1.59
2026-08-23T22:33:57Z,0.683,17.1,793.6,0.00,0.00,0.00,0.00,1.59
2026-08-23T22:33:58Z,0.703,17.6,795.6,0.00,0.00,0.00,0.00,1.59
2026-08-23T22:33:59Z,0.684,17.1,794.6,0.00,0.00,0.00,0.00,1.46
2026-08-23T22:34:00Z,0.732,18.3,781.7,0.00,0.00,0.00,0.00,1.46
2026-08-23T22:34:01Z,0.821,20.5,778.1,0.00,0.00,0.01,0.01,1.46
2026-08-23T22:34:02Z,0.677,16.9,780.3,0.00,0.58,0.00,0.00,1.46
2026-08-23T22:34:03Z,0.695,17.4,777.4,0.00,0.00,0.00,0.00,1.46
2026-08-23T22:34:04Z,0.694,17.3,779.4,0.00,0.00,0.00,0.00,1.58
2026-08-23T22:34:05Z,0.690,17.2,780.0,0.00,0.01,0.00,0.00,1.58
2026-08-23T22:34:06Z,0.716,17.9,779.7,0.00,0.08,0.00,0.00,1.58
2026-08-23T22:34:07Z,0.647,16.2,777.8,0.00,0.00,0.00,0.00,1.58
2026-08-23T22:34:08Z,0.687,17.2,779.5,0.00,0.00,0.00,0.00,1.46
2026-08-23T22:34:09Z,0.626,15.7,779.2,0.00,0.00,0.00,0.00,1.46
2026-08-23T22:34:10Z,0.648,16.2,782.7,0.00,0.00,0.00,0.00,1.46
2026-08-23T22:34:11Z,0.704,17.6,784.5,0.00,0.06,0.00,0.00,1.46
2026-08-23T22:34:12Z,0.754,18.9,783.7,0.00,0.01,0.00,0.00,1.46
2026-08-23T22:34:13Z,0.764,19.1,784.2,0.00,0.15,0.00,0.00,1.66
2026-08-23T22:34:14Z,0.686,17.2,786.9,0.00,0.00,0.00,0.00,1.66
2026-08-23T22:34:15Z,0.714,17.8,778.2,0.00,0.00,0.00,0.00,1.66
2026-08-23T22:34:16Z,0.714,17.8,780.9,0.00,0.00,0.00,0.00,1.66
2026-08-23T22:34:17Z,0.655,16.4,781.3,0.00,0.00,0.00,0.00,1.66
2026-08-23T22:34:18Z,0.744,18.6,780.1,0.00,0.00,0.00,0.00,2.73
2026-08-23T22:34:19Z,0.712,17.8,780.8,0.00,0.00,0.00,0.00,2.73
2026-08-23T22:34:20Z,0.685,17.1,780.8,0.00,0.15,0.00,0.00,2.73
2026-08-23T22:34:21Z,0.673,16.8,782.0,0.00,0.00,0.00,0.00,2.73
2026-08-23T22:34:23Z,0.663,16.6,781.9,0.00,0.00,0.00,0.00,2.73
2026-08-23T22:34:24Z,0.674,16.9,780.8,0.00,0.00,0.00,0.00,2.51
2026-08-23T22:34:25Z,0.695,17.4,783.2,0.00,0.00,0.00,0.00,2.51
2026-08-23T22:34:26Z,0.695,17.4,783.0,0.00,0.00,0.00,0.00,2.51
2026-08-23T22:34:27Z,0.695,17.4,783.0,0.00,0.00,0.00,0.00,2.51
2026-08-23T22:34:28Z,0.723,18.1,784.1,0.00,0.00,0.00,0.00,2.51
2026-08-23T22:34:29Z,0.731,18.3,783.9,0.00,0.16,0.00,0.00,2.31
2026-08-23T22:34:30Z,0.696,17.4,785.2,0.00,0.00,0.00,0.00,2.31
2026-08-23T22:34:31Z,0.706,17.6,786.6,0.00,0.00,0.00,0.00,2.31
2026-08-23T22:34:32Z,0.733,18.3,786.8,0.00,0.00,0.00,0.00,2.31
2026-08-23T22:34:33Z,0.751,18.8,786.6,0.00,0.00,0.00,0.00,2.31
2026-08-23T22:34:34Z,0.725,18.1,787.1,0.00,0.22,0.00,0.00,2.60
2026-08-23T22:34:35Z,0.650,16.2,787.1,0.00,0.00,0.00,0.00,2.60
2026-08-23T22:34:36Z,0.685,17.1,785.5,0.00,0.04,0.00,0.00,2.60
2026-08-23T22:34:37Z,0.676,16.9,786.0,0.00,0.00,0.00,0.00,2.60
2026-08-23T22:34:38Z,0.694,17.3,785.8,0.00,0.01,0.00,0.00,2.56
2026-08-23T22:34:39Z,0.745,18.6,785.6,0.00,0.00,0.00,0.00,2.56
2026-08-23T22:34:40Z,0.764,19.1,777.6,0.00,0.01,0.00,0.00,2.56
2026-08-23T22:34:41Z,0.717,17.9,779.8,0.00,0.00,0.00,0.00,2.56
2026-08-23T22:34:42Z,0.718,17.9,781.5,0.00,0.00,0.00,0.00,2.56
2026-08-23T22:34:43Z,0.735,18.4,784.9,0.00,0.23,0.00,0.00,2.35
2026-08-23T22:34:44Z,0.773,19.3,784.2,0.00,0.00,0.00,0.00,2.35
2026-08-23T22:34:45Z,0.688,17.2,777.4,0.00,0.00,0.00,0.00,2.35
2026-08-23T22:34:46Z,0.717,17.9,773.5,0.00,0.00,0.00,0.00,2.35
2026-08-23T22:34:47Z,0.707,17.7,776.2,0.00,0.00,0.00,0.00,2.35
2026-08-23T22:34:48Z,0.706,17.6,777.7,0.00,0.00,0.00,0.00,2.24
2026-08-23T22:34:49Z,0.754,18.9,779.6,0.00,0.23,0.00,0.00,2.24
2026-08-23T22:34:50Z,0.744,18.6,780.5,0.00,0.00,0.00,0.00,2.24
2026-08-23T22:34:52Z,0.687,17.2,776.8,0.00,0.00,0.00,0.00,2.24
2026-08-23T22:34:53Z,0.679,17.0,778.9,0.00,0.00,0.00,0.00,2.24
2026-08-23T22:34:54Z,0.669,16.7,780.5,0.00,0.00,0.00,0.00,2.06
2026-08-23T22:34:55Z,0.764,19.1,782.5,0.00,0.00,0.00,0.00,2.06
2026-08-23T22:34:56Z,0.726,18.1,782.5,0.00,0.00,0.00,0.00,2.06
2026-08-23T22:34:57Z,0.743,18.6,775.3,0.00,0.22,0.00,0.00,2.06
2026-08-23T22:34:58Z,0.668,16.7,771.6,0.00,0.00,0.00,0.00,2.06
2026-08-23T22:34:59Z,0.716,17.9,773.9,0.00,0.00,0.00,0.00,2.78
2026-08-23T22:35:00Z,0.688,17.2,774.6,0.00,0.00,0.00,0.00,2.78
2026-08-23T22:35:01Z,0.727,18.2,773.8,0.00,0.00,0.00,0.00,2.78
2026-08-23T22:35:02Z,0.707,17.7,774.8,0.00,0.00,0.00,0.00,2.78
2026-08-23T22:35:03Z,0.686,17.2,775.4,0.00,0.29,0.00,0.00,2.78
2026-08-23T22:35:04Z,0.678,17.0,776.6,0.00,0.00,0.00,0.00,2.72
2026-08-23T22:35:05Z,0.660,16.5,777.1,0.00,0.00,0.00,0.00,2.72
2026-08-23T22:35:06Z,0.669,16.7,777.1,0.00,0.06,0.00,0.00,2.72
2026-08-23T22:35:07Z,0.754,18.9,780.3,0.00,0.00,0.00,0.00,2.72
2026-08-23T22:35:08Z,0.704,17.6,778.6,0.00,0.00,0.00,0.00,2.50
2026-08-23T22:35:09Z,0.745,18.6,779.1,0.00,0.00,0.00,0.00,2.50
2026-08-23T22:35:10Z,0.716,17.9,780.6,0.00,0.00,0.00,0.00,2.50
2026-08-23T22:35:11Z,0.727,18.2,784.3,0.00,0.02,0.00,0.00,2.50
2026-08-23T22:35:12Z,0.681,17.0,787.1,0.00,0.48,0.00,0.00,2.50
2026-08-23T22:35:13Z,0.706,17.6,788.6,0.00,0.17,0.00,0.00,2.30
2026-08-23T22:35:14Z,0.745,18.6,783.1,0.00,0.00,0.00,0.00,2.30
2026-08-23T22:35:15Z,0.724,18.1,783.0,0.00,0.00,0.00,0.00,2.30
2026-08-23T22:35:16Z,0.706,17.6,783.0,0.00,0.12,0.00,0.00,2.30
2026-08-23T22:35:17Z,0.717,17.9,783.3,0.00,0.02,0.00,0.00,2.30
2026-08-23T22:35:18Z,0.659,16.5,784.3,0.00,0.00,0.00,0.00,2.11
2026-08-23T22:35:19Z,0.737,18.4,784.6,0.00,0.00,0.00,0.00,2.11
2026-08-23T22:35:20Z,0.715,17.9,785.1,0.00,0.22,0.00,0.00,2.11
2026-08-23T22:35:21Z,0.717,17.9,783.1,0.00,0.00,0.00,0.00,2.11
2026-08-23T22:35:22Z,0.715,17.9,785.0,0.00,0.00,0.00,0.00,2.11
2026-08-23T22:35:24Z,0.784,19.6,787.0,0.00,0.00,0.00,0.00,2.43
2026-08-23T22:35:25Z,0.728,18.2,785.1,0.00,0.00,0.00,0.00,2.43
2026-08-23T22:35:26Z,0.718,17.9,786.4,0.00,0.14,0.00,0.00,2.43
2026-08-23T22:35:27Z,0.639,16.0,789.2,0.00,0.00,0.00,0.00,2.43
2026-08-23T22:35:28Z,0.600,15.0,790.5,0.00,0.01,0.00,0.00,2.43
2026-08-23T22:35:29Z,0.803,20.1,789.5,0.00,0.00,0.00,0.00,2.23
2026-08-23T22:35:30Z,0.715,17.9,778.2,0.00,0.00,0.00,0.00,2.23
2026-08-23T22:35:31Z,0.706,17.6,774.5,0.00,0.00,0.00,0.00,2.23
2026-08-23T22:35:32Z,0.669,16.7,775.5,0.00,0.00,0.00,0.00,2.23
2026-08-23T22:35:33Z,0.698,17.4,777.9,0.00,0.00,0.00,0.00,2.23
2026-08-23T22:35:34Z,0.746,18.6,779.8,0.00,0.00,0.00,0.00,2.13
2026-08-23T22:35:35Z,0.725,18.1,781.6,0.00,0.23,0.00,0.00,2.13
2026-08-23T22:35:36Z,0.669,16.7,781.4,0.00,0.00,0.00,0.00,2.13
2026-08-23T22:35:37Z,0.687,17.2,783.2,0.00,0.00,0.00,0.00,2.13
2026-08-23T22:35:38Z,0.668,16.7,785.4,0.00,0.00,0.00,0.00,2.20
2026-08-23T22:35:39Z,0.745,18.6,786.2,0.00,0.00,0.00,0.00,2.20
2026-08-23T22:35:40Z,0.765,19.1,784.2,0.00,0.01,0.00,0.00,2.20
2026-08-23T22:35:41Z,0.754,18.9,786.4,0.00,0.20,0.00,0.00,2.20
2026-08-23T22:35:42Z,0.699,17.5,787.9,0.00,0.06,0.00,0.00,2.20
2026-08-23T22:35:43Z,0.669,16.7,788.6,0.00,0.00,0.00,0.00,2.67
2026-08-23T22:35:44Z,0.728,18.2,788.5,0.00,0.00,0.00,0.00,2.67
2026-08-23T22:35:45Z,0.651,16.3,789.8,0.00,0.00,0.00,0.00,2.67
2026-08-23T22:35:46Z,0.639,16.0,783.2,0.00,0.00,0.00,0.00,2.67
2026-08-23T22:35:47Z,1.074,26.9,811.6,0.00,0.05,0.00,0.00,2.67
2026-08-23T22:35:48Z,0.707,17.7,804.2,0.00,0.00,0.00,0.00,2.45
2026-08-23T22:35:49Z,0.757,18.9,803.0,0.00,0.00,0.00,0.00,2.45
2026-08-23T22:35:50Z,0.747,18.7,797.0,0.00,0.00,0.00,0.00,2.45
2026-08-23T22:35:51Z,0.697,17.4,796.9,0.00,0.00,0.00,0.00,2.45
2026-08-23T22:35:52Z,0.688,17.2,791.2,0.00,0.47,0.00,0.00,2.45
2026-08-23T22:35:53Z,0.678,17.0,785.7,0.00,0.00,0.00,0.00,2.26
2026-08-23T22:35:54Z,0.834,20.8,787.3,0.00,0.00,0.01,0.01,2.26
2026-08-23T22:35:56Z,0.765,19.1,776.0,0.00,0.00,0.00,0.12,2.26
2026-08-23T22:35:57Z,0.660,16.5,778.4,0.00,0.00,0.00,0.00,2.26
2026-08-23T22:35:58Z,0.746,18.6,773.3,0.00,0.00,0.00,0.00,2.26
2026-08-23T22:35:59Z,0.784,19.6,775.7,0.00,0.00,0.01,0.01,2.16
2026-08-23T22:36:00Z,0.677,16.9,775.5,0.00,0.01,0.00,0.00,2.16
2026-08-23T22:36:01Z,0.688,17.2,776.7,0.00,0.00,0.00,0.00,2.16
2026-08-23T22:36:02Z,0.736,18.4,770.8,0.00,0.00,0.00,0.00,2.16
2026-08-23T22:36:03Z,0.677,16.9,774.1,0.00,0.00,0.00,0.00,2.16
2026-08-23T22:36:04Z,0.669,16.7,775.8,0.00,0.73,0.00,0.00,2.14
2026-08-23T22:36:05Z,0.697,17.4,778.0,0.00,0.00,0.00,0.00,2.14
2026-08-23T22:36:06Z,0.745,18.6,780.7,0.00,0.00,0.00,0.00,2.14
2026-08-23T22:36:07Z,0.736,18.4,778.7,0.00,0.00,0.00,0.00,2.14
2026-08-23T22:36:08Z,0.743,18.6,772.8,0.00,0.03,0.00,0.00,2.14
2026-08-23T22:36:09Z,0.669,16.7,772.6,0.00,0.05,0.00,0.00,1.97
2026-08-23T22:36:10Z,0.669,16.7,775.2,0.00,0.00,0.00,0.00,1.97
2026-08-23T22:36:11Z,0.668,16.7,777.7,0.00,0.00,0.00,0.00,1.97
2026-08-23T22:36:12Z,0.677,16.9,777.0,0.00,0.00,0.00,0.00,1.97
2026-08-23T22:36:13Z,0.736,18.4,779.0,0.00,0.00,0.00,0.00,2.05
2026-08-23T22:36:14Z,0.699,17.5,779.5,0.00,0.00,0.00,0.00,2.05
2026-08-23T22:36:15Z,0.679,17.0,771.6,0.00,0.00,0.00,0.00,2.05
2026-08-23T22:36:16Z,0.730,18.2,774.6,0.00,0.00,0.00,0.00,2.05
2026-08-23T22:36:17Z,0.708,17.7,776.8,0.00,0.00,0.00,0.00,2.05
2026-08-23T22:36:18Z,0.696,17.4,777.6,0.00,0.00,0.00,0.00,1.97
2026-08-23T22:36:19Z,0.738,18.4,780.3,0.00,0.00,0.00,0.00,1.97
2026-08-23T22:36:20Z,0.707,17.7,776.1,0.00,0.01,0.00,0.00,1.97
2026-08-23T22:36:21Z,0.717,17.9,778.8,0.00,0.00,0.00,0.00,1.97
2026-08-23T22:36:22Z,0.689,17.2,780.5,0.00,0.00,0.00,0.00,1.97
2026-08-23T22:36:23Z,0.718,17.9,774.6,0.00,0.00,0.00,0.00,1.81
2026-08-23T22:36:24Z,0.775,19.4,777.2,0.00,0.00,0.00,0.00,1.81
2026-08-23T22:36:25Z,0.716,17.9,777.6,0.00,0.28,0.00,0.00,1.81
2026-08-23T22:36:26Z,0.638,16.0,779.8,0.00,0.01,0.00,0.00,1.81
2026-08-23T22:36:28Z,0.725,18.1,780.8,0.00,0.00,0.00,0.00,1.81
2026-08-23T22:36:29Z,0.726,18.1,780.8,0.00,0.00,0.00,0.00,1.67
2026-08-23T22:36:30Z,0.765,19.1,784.2,0.00,0.00,0.00,0.00,1.67
2026-08-23T22:36:31Z,0.717,17.9,785.0,0.00,0.00,0.00,0.00,1.67
2026-08-23T22:36:32Z,0.718,17.9,786.3,0.00,0.00,0.00,0.00,1.67
2026-08-23T22:36:33Z,0.717,17.9,786.5,0.00,0.00,0.00,0.00,1.67
2026-08-23T22:36:34Z,0.717,17.9,786.8,0.00,0.00,0.00,0.00,1.61
2026-08-23T22:36:35Z,0.707,17.7,787.8,0.00,0.00,0.00,0.00,1.61
2026-08-23T22:36:36Z,0.737,18.4,787.5,0.00,0.00,0.00,0.00,1.61
2026-08-23T22:36:37Z,0.688,17.2,788.2,0.00,0.00,0.00,0.00,1.61
2026-08-23T22:36:38Z,0.707,17.7,786.5,0.00,0.00,0.00,0.00,1.61
2026-08-23T22:36:39Z,0.678,17.0,786.8,0.00,0.05,0.00,0.00,1.48
2026-08-23T22:36:40Z,0.649,16.2,786.2,0.00,0.00,0.00,0.00,1.48
2026-08-23T22:36:41Z,0.680,17.0,778.5,0.00,0.00,0.00,0.00,1.48
2026-08-23T22:36:42Z,0.728,18.2,780.7,0.00,0.01,0.00,0.00,1.48
2026-08-23T22:36:43Z,0.690,17.2,782.7,0.00,0.03,0.00,0.00,1.60
2026-08-23T22:36:44Z,0.699,17.5,777.7,0.00,0.00,0.00,0.00,1.60
2026-08-23T22:36:45Z,0.651,16.3,774.3,0.00,0.00,0.00,0.00,1.60
2026-08-23T22:36:46Z,0.726,18.1,777.1,0.00,0.00,0.00,0.00,1.60
2026-08-23T22:36:47Z,0.697,17.4,777.0,0.00,0.00,0.00,0.00,1.60
2026-08-23T22:36:48Z,0.678,17.0,779.2,0.00,0.00,0.00,0.00,1.47
2026-08-23T22:36:49Z,0.689,17.2,779.6,0.00,0.00,0.00,0.00,1.47
2026-08-23T22:36:50Z,0.727,18.2,782.4,0.00,0.00,0.00,0.00,1.47
2026-08-23T22:36:51Z,0.640,16.0,784.1,0.00,0.00,0.00,0.00,1.47
2026-08-23T22:36:52Z,0.716,17.9,775.1,0.00,0.00,0.00,0.00,1.47
2026-08-23T22:36:53Z,0.698,17.4,776.7,0.00,0.00,0.00,0.00,1.36
2026-08-23T22:36:54Z,0.708,17.7,778.9,0.00,0.00,0.00,0.00,1.36
2026-08-23T22:36:55Z,0.747,18.7,781.6,0.00,0.00,0.00,0.00,1.36
2026-08-23T22:36:56Z,0.677,16.9,784.3,0.00,0.00,0.00,0.00,1.36
2026-08-23T22:36:57Z,0.708,17.7,786.5,0.00,0.00,0.00,0.00,1.36
2026-08-23T22:36:58Z,0.707,17.7,781.8,0.00,0.00,0.00,0.00,1.25
2026-08-23T22:37:00Z,0.716,17.9,787.4,0.00,0.00,0.00,0.00,1.25
2026-08-23T22:37:01Z,0.708,17.7,787.6,0.00,0.00,0.00,0.00,1.25
2026-08-23T22:37:02Z,0.746,18.6,788.5,0.00,0.41,0.00,0.00,1.25
2026-08-23T22:37:03Z,0.805,20.1,787.1,0.00,0.00,0.00,0.00,1.25
2026-08-23T22:37:04Z,0.784,19.6,787.9,0.00,0.01,0.00,0.00,1.55
2026-08-23T22:37:05Z,0.756,18.9,786.6,0.00,0.00,0.00,0.00,1.55
2026-08-23T22:37:06Z,0.745,18.6,787.8,0.00,0.00,0.00,0.00,1.55
2026-08-23T22:37:07Z,0.678,17.0,787.2,0.00,0.00,0.00,0.00,1.55
2026-08-23T22:37:08Z,0.728,18.2,788.2,0.00,0.00,0.00,0.00,1.55
2026-08-23T22:37:09Z,0.689,17.2,786.8,0.00,0.05,0.00,0.00,1.42
2026-08-23T22:37:10Z,0.726,18.1,788.4,0.00,0.00,0.00,0.00,1.42
2026-08-23T22:37:11Z,0.785,19.6,788.9,0.00,0.00,0.00,0.00,1.42
2026-08-23T22:37:12Z,0.726,18.1,780.9,0.00,0.00,0.00,0.00,1.42
2026-08-23T22:37:13Z,0.719,18.0,782.5,0.00,0.00,0.00,0.00,1.42
2026-08-23T22:37:14Z,0.678,17.0,786.2,0.00,0.02,0.00,0.00,1.31
2026-08-23T22:37:15Z,0.766,19.1,784.6,0.00,0.00,0.00,0.00,1.31
2026-08-23T22:37:16Z,0.736,18.4,787.0,0.00,0.00,0.00,0.00,1.31
2026-08-23T22:37:17Z,0.668,16.7,787.1,0.00,0.30,0.00,0.00,1.31
2026-08-23T22:37:18Z,0.773,19.3,788.2,0.00,0.00,0.00,0.00,1.20
2026-08-23T22:37:19Z,0.725,18.1,787.6,0.00,0.00,0.00,0.00,1.20
2026-08-23T22:37:20Z,0.747,18.7,789.4,0.00,0.00,0.00,0.00,1.20
2026-08-23T22:37:21Z,0.659,16.5,788.4,0.00,0.00,0.00,0.00,1.20
2026-08-23T22:37:22Z,0.745,18.6,788.7,0.00,0.00,0.00,0.00,1.20
2026-08-23T22:37:23Z,0.678,17.0,788.5,0.00,0.00,0.00,0.00,1.35
2026-08-23T22:37:24Z,0.717,17.9,790.5,0.00,0.00,0.00,0.00,1.35
2026-08-23T22:37:25Z,0.765,19.1,788.4,0.00,0.16,0.00,0.00,1.35
2026-08-23T22:37:26Z,0.716,17.9,788.4,0.00,0.00,0.00,0.00,1.35
2026-08-23T22:37:27Z,0.678,17.0,789.1,0.00,0.00,0.00,0.00,1.35
2026-08-23T22:37:28Z,0.776,19.4,789.3,0.00,0.00,0.00,0.00,1.24
2026-08-23T22:37:29Z,0.735,18.4,790.5,0.00,0.00,0.00,0.00,1.24
2026-08-23T22:37:30Z,0.709,17.7,791.4,0.00,0.00,0.00,0.00,1.24
2026-08-23T22:37:32Z,0.738,18.4,789.3,0.00,0.00,0.00,0.00,1.24
2026-08-23T22:37:33Z,0.716,17.9,788.6,0.00,0.00,0.00,0.00,1.24
2026-08-23T22:37:34Z,0.784,19.6,790.8,0.00,0.00,0.00,0.00,1.38
2026-08-23T22:37:35Z,0.709,17.7,791.9,0.00,0.00,0.00,0.00,1.38
2026-08-23T22:37:36Z,0.755,18.9,790.7,0.00,0.18,0.00,0.00,1.38
2026-08-23T22:37:37Z,0.773,19.3,780.4,0.00,0.00,0.00,0.00,1.38
2026-08-23T22:37:38Z,0.727,18.2,783.4,0.00,0.00,0.00,0.00,1.38
2026-08-23T22:37:39Z,0.727,18.2,785.2,0.00,0.00,0.00,0.00,1.35
2026-08-23T22:37:40Z,0.747,18.7,784.3,0.00,0.05,0.00,0.00,1.35
2026-08-23T22:37:41Z,0.735,18.4,786.8,0.00,0.00,0.00,0.00,1.35
2026-08-23T22:37:42Z,0.793,19.8,789.9,0.00,0.01,0.00,0.00,1.35
2026-08-23T22:37:43Z,0.727,18.2,791.1,0.00,0.00,0.00,0.00,1.35
2026-08-23T22:37:44Z,0.716,17.9,792.3,0.00,0.00,0.00,0.00,1.48
2026-08-23T22:37:45Z,0.717,17.9,789.2,0.00,0.03,0.00,0.00,1.48
2026-08-23T22:37:46Z,0.746,18.6,788.0,0.00,0.00,0.00,0.00,1.48
2026-08-23T22:37:47Z,0.737,18.4,789.4,0.00,0.20,0.00,0.00,1.48
2026-08-23T22:37:48Z,0.805,20.1,789.9,0.00,0.00,0.00,0.00,1.60
2026-08-23T22:37:49Z,0.696,17.4,788.7,0.00,0.00,0.00,0.00,1.60
2026-08-23T22:37:50Z,0.678,17.0,789.8,0.00,0.00,0.00,0.00,1.60
2026-08-23T22:37:51Z,0.738,18.4,790.3,0.00,0.00,0.00,0.00,1.60
2026-08-23T22:37:52Z,0.728,18.2,788.6,0.00,0.00,0.00,0.00,1.60
2026-08-23T22:37:53Z,0.748,18.7,788.4,0.00,0.00,0.00,0.00,1.48
2026-08-23T22:37:54Z,0.793,19.8,789.5,0.00,0.17,0.00,0.00,1.48
2026-08-23T22:37:55Z,0.823,20.6,790.6,0.00,0.00,0.00,0.00,1.48
2026-08-23T22:37:56Z,0.772,19.3,789.3,0.00,0.00,0.00,0.00,1.48
2026-08-23T22:37:57Z,0.764,19.1,790.2,0.00,0.00,0.00,0.00,1.48
2026-08-23T22:37:58Z,0.717,17.9,790.6,0.00,0.00,0.00,0.00,1.44
2026-08-23T22:37:59Z,0.746,18.6,789.3,0.00,0.00,0.00,0.00,1.44
2026-08-23T22:38:00Z,0.717,17.9,790.2,0.00,0.00,0.00,0.00,1.44
2026-08-23T22:38:01Z,0.745,18.6,780.5,0.00,0.00,0.00,0.00,1.44
2026-08-23T22:38:02Z,0.755,18.9,781.8,0.00,0.00,0.00,0.00,1.44
2026-08-23T22:38:04Z,0.745,18.6,784.8,0.00,0.00,0.00,0.00,1.32
2026-08-23T22:38:05Z,0.708,17.7,784.9,0.00,0.00,0.00,0.00,1.32
2026-08-23T22:38:06Z,0.726,18.1,785.2,0.00,0.00,0.00,0.00,1.32
2026-08-23T22:38:07Z,0.736,18.4,787.4,0.00,0.16,0.00,0.00,1.32
2026-08-23T22:38:08Z,0.794,19.9,787.6,0.00,0.00,0.00,0.00,1.32
2026-08-23T22:38:09Z,0.716,17.9,790.0,0.00,0.00,0.00,0.00,1.22
2026-08-23T22:38:10Z,0.766,19.1,790.9,0.00,0.03,0.00,0.00,1.22
2026-08-23T22:38:11Z,0.746,18.6,779.4,0.00,0.00,0.00,0.00,1.22
2026-08-23T22:38:12Z,0.747,18.7,780.0,0.00,0.00,0.00,0.00,1.22
2026-08-23T22:38:13Z,0.735,18.4,782.5,0.00,0.00,0.00,0.00,1.22
2026-08-23T22:38:14Z,0.697,17.4,784.0,0.00,0.00,0.00,0.00,1.12
2026-08-23T22:38:15Z,0.764,19.1,786.2,0.00,0.00,0.00,0.00,1.12
2026-08-23T22:38:16Z,0.794,19.9,788.2,0.00,0.00,0.00,0.00,1.12
2026-08-23T22:38:17Z,0.736,18.4,789.6,0.00,0.01,0.00,0.00,1.12
2026-08-23T22:38:18Z,0.725,18.1,784.4,0.00,0.00,0.00,0.00,1.12
2026-08-23T22:38:19Z,0.717,17.9,782.4,0.00,0.00,0.00,0.00,1.03
2026-08-23T22:38:20Z,0.755,18.9,784.7,0.00,0.00,0.00,0.00,1.03
2026-08-23T22:38:21Z,0.688,17.2,786.0,0.00,0.21,0.00,0.00,1.03
2026-08-23T22:38:22Z,0.735,18.4,785.6,0.00,0.00,0.00,0.00,1.03
2026-08-23T22:38:23Z,0.728,18.2,779.5,0.00,0.00,0.00,0.00,0.95
2026-08-23T22:38:24Z,0.728,18.2,777.8,0.00,0.00,0.00,0.00,0.95
2026-08-23T22:38:25Z,0.745,18.6,779.2,0.00,0.00,0.00,0.00,0.95
2026-08-23T22:38:26Z,0.717,17.9,781.9,0.00,0.00,0.00,0.00,0.95
2026-08-23T22:38:27Z,0.774,19.4,783.7,0.00,0.00,0.00,0.00,0.95
2026-08-23T22:38:28Z,0.771,19.3,775.2,0.00,0.00,0.00,0.00,1.59
2026-08-23T22:38:29Z,0.727,18.2,774.5,0.00,0.17,0.00,0.00,1.59
2026-08-23T22:38:30Z,0.747,18.7,776.6,0.00,0.00,0.00,0.00,1.59
2026-08-23T22:38:31Z,0.737,18.4,776.4,0.00,0.00,0.00,0.00,1.59
2026-08-23T22:38:32Z,0.707,17.7,778.8,0.00,0.00,0.00,0.00,1.59
2026-08-23T22:38:33Z,0.697,17.4,778.3,0.00,0.00,0.00,0.00,1.46
2026-08-23T22:38:34Z,0.706,17.6,780.0,0.00,0.00,0.00,0.00,1.46
2026-08-23T22:38:36Z,0.776,19.4,780.9,0.00,0.00,0.00,0.00,1.46
2026-08-23T22:38:37Z,0.727,18.2,781.8,0.00,0.00,0.00,0.00,1.46
2026-08-23T22:38:38Z,0.764,19.1,783.8,0.00,0.00,0.00,0.00,1.46
2026-08-23T22:38:39Z,0.747,18.7,782.7,0.00,0.00,0.00,0.00,1.35
2026-08-23T22:38:40Z,0.726,18.1,785.2,0.00,0.01,0.00,0.00,1.35
2026-08-23T22:38:41Z,0.774,19.4,785.8,0.00,0.05,0.00,0.00,1.35
2026-08-23T22:38:42Z,0.735,18.4,786.9,0.00,0.00,0.00,0.00,1.35
2026-08-23T22:38:43Z,0.727,18.2,786.5,0.00,0.00,0.00,0.00,1.35
2026-08-23T22:38:44Z,0.698,17.4,787.2,0.00,0.21,0.00,0.00,1.24
2026-08-23T22:38:45Z,0.715,17.9,787.2,0.00,0.00,0.00,0.00,1.24
2026-08-23T22:38:46Z,0.746,18.6,779.0,0.00,0.02,0.00,0.00,1.24
2026-08-23T22:38:47Z,0.677,16.9,782.9,0.00,0.00,0.00,0.00,1.24
2026-08-23T22:38:48Z,0.696,17.4,782.7,0.00,0.00,0.00,0.00,1.24
2026-08-23T22:38:49Z,0.688,17.2,783.5,0.00,0.00,0.00,0.00,1.14
2026-08-23T22:38:50Z,0.699,17.5,785.4,0.00,0.00,0.00,0.00,1.14
2026-08-23T22:38:51Z,0.804,20.1,787.0,0.00,0.18,0.00,0.00,1.14
2026-08-23T22:38:52Z,0.742,18.6,784.3,0.00,0.00,0.00,0.00,1.14
2026-08-23T22:38:53Z,0.765,19.1,786.8,0.00,0.00,0.00,0.00,1.21
2026-08-23T22:38:54Z,0.755,18.9,782.7,0.00,0.00,0.00,0.00,1.21
2026-08-23T22:38:55Z,0.764,19.1,786.2,0.00,0.00,0.00,0.00,1.21
2026-08-23T22:38:56Z,0.738,18.4,787.5,0.00,0.00,0.00,0.00,1.21
2026-08-23T22:38:57Z,0.774,19.4,787.6,0.00,0.00,0.00,0.00,1.21
2026-08-23T22:38:58Z,0.736,18.4,788.8,0.00,0.00,0.00,0.00,1.43
2026-08-23T22:38:59Z,0.756,18.9,777.2,0.00,0.00,0.00,0.00,1.43
2026-08-23T22:39:00Z,0.717,17.9,777.2,0.00,0.00,0.00,0.00,1.43
2026-08-23T22:39:01Z,0.852,21.3,777.3,0.00,0.00,0.00,0.00,1.43
2026-08-23T22:39:02Z,0.737,18.4,775.6,0.00,0.27,0.00,0.00,1.43
2026-08-23T22:39:03Z,0.727,18.2,775.4,0.00,0.00,0.00,0.00,1.32
2026-08-23T22:39:04Z,0.697,17.4,776.6,0.00,0.01,0.00,0.00,1.32
2026-08-23T22:39:05Z,0.813,20.3,777.7,0.00,0.00,0.00,0.00,1.32
2026-08-23T22:39:07Z,0.726,18.1,779.9,0.00,0.00,0.00,0.00,1.32
2026-08-23T22:39:08Z,0.718,17.9,778.0,0.00,0.21,0.00,0.00,1.32
2026-08-23T22:39:09Z,0.744,18.6,780.2,0.00,0.00,0.00,0.00,1.21
2026-08-23T22:39:10Z,0.755,18.9,780.9,0.00,0.00,0.00,0.00,1.21
2026-08-23T22:39:11Z,0.689,17.2,781.4,0.00,0.00,0.00,0.00,1.21
2026-08-23T22:39:12Z,0.697,17.4,783.2,0.00,0.05,0.00,0.00,1.21
2026-08-23T22:39:13Z,0.726,18.1,785.2,0.00,0.00,0.00,0.00,1.21
2026-08-23T22:39:14Z,0.757,18.9,784.9,0.00,0.19,0.00,0.00,1.11
2026-08-23T22:39:15Z,0.670,16.8,787.7,0.00,0.00,0.00,0.00,1.11
2026-08-23T22:39:16Z,0.718,17.9,785.4,0.00,0.00,0.00,0.00,1.11
2026-08-23T22:39:17Z,0.648,16.2,786.9,0.00,0.02,0.00,0.00,1.11
2026-08-23T22:39:18Z,0.716,17.9,786.0,0.00,0.00,0.00,0.00,1.11
2026-08-23T22:39:19Z,0.728,18.2,786.5,0.00,0.01,0.00,0.00,1.02
2026-08-23T22:39:20Z,0.784,19.6,786.9,0.00,0.00,0.00,0.00,1.02
2026-08-23T22:39:21Z,0.689,17.2,783.4,0.00,0.18,0.00,0.00,1.02
2026-08-23T22:39:22Z,0.747,18.7,785.4,0.00,0.00,0.00,0.00,1.02
2026-08-23T22:39:23Z,0.689,17.2,787.4,0.00,0.00,0.00,0.00,1.50
2026-08-23T22:39:24Z,0.757,18.9,787.0,0.00,0.00,0.00,0.00,1.50
2026-08-23T22:39:25Z,0.716,17.9,778.5,0.00,0.00,0.00,0.00,1.50
2026-08-23T22:39:26Z,0.678,17.0,780.2,0.00,0.22,0.00,0.00,1.50
2026-08-23T22:39:27Z,0.668,16.7,780.8,0.00,0.00,0.00,0.00,1.50
2026-08-23T22:39:28Z,0.726,18.1,782.6,0.00,0.00,0.00,0.00,1.38
2026-08-23T22:39:29Z,0.764,19.1,782.2,0.00,0.00,0.00,0.00,1.38
2026-08-23T22:39:30Z,0.726,18.1,782.4,0.00,0.00,0.00,0.00,1.38
2026-08-23T22:39:31Z,0.737,18.4,783.1,0.00,0.00,0.00,0.00,1.38
2026-08-23T22:39:32Z,0.725,18.1,783.2,0.00,0.00,0.00,0.00,1.38
2026-08-23T22:39:33Z,0.727,18.2,783.6,0.00,0.00,0.00,0.00,1.27
2026-08-23T22:39:34Z,0.688,17.2,784.1,0.00,0.00,0.00,0.00,1.27
2026-08-23T22:39:35Z,0.767,19.2,784.7,0.00,0.22,0.00,0.00,1.27
2026-08-23T22:39:36Z,0.746,18.6,785.6,0.00,0.00,0.00,0.00,1.27
2026-08-23T22:39:37Z,0.814,20.3,786.1,0.00,0.00,0.00,0.00,1.27
2026-08-23T22:39:39Z,0.763,19.1,786.1,0.00,0.00,0.00,0.00,1.17
2026-08-23T22:39:40Z,0.708,17.7,786.8,0.00,0.00,0.00,0.00,1.17
2026-08-23T22:39:41Z,0.776,19.4,786.9,0.00,0.00,0.00,0.00,1.17
2026-08-23T22:39:42Z,0.747,18.7,785.2,0.00,0.00,0.00,0.00,1.17
2026-08-23T22:39:43Z,0.776,19.4,780.3,0.00,0.05,0.00,0.00,1.17
2026-08-23T22:39:44Z,0.735,18.4,784.0,0.00,0.23,0.00,0.00,1.16
2026-08-23T22:39:45Z,0.785,19.6,785.1,0.00,0.00,0.00,0.00,1.16
2026-08-23T22:39:46Z,0.717,17.9,785.2,0.00,0.00,0.00,0.00,1.16
2026-08-23T22:39:47Z,0.659,16.5,785.1,0.00,0.00,0.00,0.00,1.16
2026-08-23T22:39:48Z,0.755,18.9,784.8,0.00,0.02,0.00,0.00,1.16
2026-08-23T22:39:49Z,0.746,18.6,783.1,0.00,0.00,0.00,0.00,1.22
2026-08-23T22:39:50Z,0.677,16.9,784.5,0.00,0.00,0.00,0.00,1.22
2026-08-23T22:39:51Z,0.756,18.9,784.6,0.00,0.01,0.00,0.00,1.22
2026-08-23T22:39:52Z,0.747,18.7,784.6,0.00,0.20,0.00,0.00,1.22
2026-08-23T22:39:53Z,0.679,17.0,785.1,0.00,0.00,0.00,0.00,1.22
2026-08-23T22:39:54Z,0.738,18.4,783.8,0.00,0.00,0.00,0.00,1.61
2026-08-23T22:39:55Z,0.756,18.9,785.2,0.00,0.00,0.00,0.00,1.61
2026-08-23T22:39:56Z,0.735,18.4,784.8,0.00,0.00,0.00,0.00,1.61
2026-08-23T22:39:57Z,0.727,18.2,783.0,0.00,0.00,0.00,0.00,1.61
2026-08-23T22:39:58Z,0.748,18.7,784.3,0.00,0.21,0.00,0.00,1.56
2026-08-23T22:39:59Z,0.745,18.6,785.5,0.00,0.00,0.00,0.00,1.56
2026-08-23T22:40:00Z,0.697,17.4,784.9,0.00,0.00,0.00,0.00,1.56
2026-08-23T22:40:01Z,0.745,18.6,785.1,0.00,0.00,0.00,0.00,1.56
2026-08-23T22:40:02Z,0.745,18.6,785.9,0.00,0.00,0.00,0.00,1.56
2026-08-23T22:40:03Z,0.736,18.4,786.0,0.00,0.00,0.00,0.00,1.43
2026-08-23T22:40:04Z,0.736,18.4,784.6,0.00,0.00,0.00,0.00,1.43
2026-08-23T22:40:05Z,0.775,19.4,783.8,0.00,0.00,0.00,0.00,1.43
2026-08-23T22:40:06Z,0.756,18.9,784.2,0.00,0.00,0.00,0.00,1.43
2026-08-23T22:40:07Z,0.706,17.6,783.9,0.00,0.00,0.00,0.00,1.43
2026-08-23T22:40:08Z,0.688,17.2,786.3,0.00,0.00,0.00,0.00,1.32
2026-08-23T22:40:09Z,0.706,17.6,785.1,0.00,0.17,0.00,0.00,1.32
2026-08-23T22:40:10Z,0.765,19.1,787.7,0.00,0.00,0.00,0.00,1.32
2026-08-23T22:40:12Z,0.715,17.9,782.7,0.00,0.50,0.00,0.00,1.32
2026-08-23T22:40:13Z,0.757,18.9,784.0,0.00,0.00,0.00,0.00,1.32
2026-08-23T22:40:14Z,0.746,18.6,783.0,0.00,0.00,0.00,0.00,1.45
2026-08-23T22:40:15Z,0.727,18.2,784.8,0.00,0.00,0.00,0.00,1.45
2026-08-23T22:40:16Z,0.706,17.6,783.4,0.00,0.00,0.00,0.00,1.45
2026-08-23T22:40:17Z,0.717,17.9,785.0,0.00,0.24,0.00,0.00,1.45
2026-08-23T22:40:18Z,0.793,19.8,775.5,0.00,0.00,0.00,0.00,1.45
2026-08-23T22:40:19Z,0.717,17.9,778.5,0.00,0.00,0.00,0.00,1.34
2026-08-23T22:40:20Z,0.659,16.5,777.3,0.00,0.00,0.00,0.00,1.34
2026-08-23T22:40:21Z,0.735,18.4,777.9,0.00,0.00,0.00,0.00,1.34
2026-08-23T22:40:22Z,0.705,17.6,778.0,0.00,0.41,0.00,0.00,1.34
2026-08-23T22:40:23Z,0.736,18.4,779.5,0.00,0.01,0.00,0.00,1.34
2026-08-23T22:40:24Z,0.677,16.9,777.9,0.00,0.00,0.00,0.00,1.23
2026-08-23T22:40:25Z,0.755,18.9,778.1,0.00,0.00,0.00,0.00,1.23
2026-08-23T22:40:26Z,0.726,18.1,779.8,0.00,0.00,0.00,0.00,1.23
2026-08-23T22:40:27Z,0.689,17.2,779.8,0.00,0.00,0.00,0.00,1.23
2026-08-23T22:40:28Z,0.774,19.4,778.2,0.00,0.00,0.00,0.00,2.01
2026-08-23T22:40:29Z,0.727,18.2,779.9,0.00,0.01,0.00,0.00,2.01
2026-08-23T22:40:30Z,0.776,19.4,780.3,0.00,0.00,0.00,0.00,2.01
2026-08-23T22:40:31Z,0.669,16.7,782.7,0.00,0.00,0.00,0.00,2.01
2026-08-23T22:40:32Z,0.717,17.9,784.9,0.00,0.00,0.00,0.00,2.01
2026-08-23T22:40:33Z,0.716,17.9,776.2,0.00,0.00,0.00,0.00,2.25
2026-08-23T22:40:34Z,0.717,17.9,777.4,0.00,0.00,0.00,0.00,2.25
2026-08-23T22:40:35Z,0.717,17.9,776.6,0.00,0.00,0.00,0.00,2.25
2026-08-23T22:40:36Z,0.736,18.4,778.3,0.00,0.00,0.00,0.00,2.25
2026-08-23T22:40:37Z,0.785,19.6,779.5,0.00,0.00,0.00,0.00,2.25
2026-08-23T22:40:38Z,0.756,18.9,779.9,0.00,0.00,0.00,0.00,2.15
2026-08-23T22:40:39Z,0.745,18.6,775.1,0.00,0.00,0.00,0.00,2.15
2026-08-23T22:40:40Z,0.737,18.4,778.7,0.00,0.00,0.00,0.00,2.15
2026-08-23T22:40:41Z,0.745,18.6,778.1,0.00,0.09,0.00,0.00,2.15
2026-08-23T22:40:43Z,0.725,18.1,780.4,0.00,0.00,0.00,0.00,2.15
2026-08-23T22:40:44Z,0.729,18.2,783.8,0.00,0.00,0.00,0.00,2.06
2026-08-23T22:40:45Z,0.786,19.7,782.0,0.00,0.00,0.00,0.00,2.06
2026-08-23T22:40:46Z,0.744,18.6,781.6,0.00,0.00,0.00,0.00,2.06
2026-08-23T22:40:47Z,0.716,17.9,784.1,0.00,0.00,0.00,0.00,2.06
2026-08-23T22:40:48Z,0.727,18.2,782.6,0.00,0.06,0.00,0.00,2.06
2026-08-23T22:40:49Z,0.756,18.9,783.8,0.00,0.00,0.00,0.00,1.89
2026-08-23T22:40:50Z,0.755,18.9,785.1,0.00,0.00,0.00,0.00,1.89
2026-08-23T22:40:51Z,0.746,18.6,778.2,0.00,0.01,0.00,0.00,1.89
2026-08-23T22:40:52Z,0.734,18.4,779.3,0.00,0.00,0.00,0.00,1.89
2026-08-23T22:40:53Z,0.745,18.6,781.0,0.00,0.24,0.00,0.00,1.89
2026-08-23T22:40:54Z,0.715,17.9,783.5,0.00,0.25,0.00,0.00,1.98
2026-08-23T22:40:55Z,0.745,18.6,785.9,0.00,0.00,0.00,0.00,1.98
2026-08-23T22:40:56Z,0.748,18.7,788.2,0.00,0.00,0.00,0.00,1.98
2026-08-23T22:40:57Z,0.699,17.5,790.6,0.00,0.00,0.00,0.00,1.98
2026-08-23T22:40:58Z,0.726,18.1,787.8,0.00,0.01,0.00,0.00,1.98
2026-08-23T22:40:59Z,0.709,17.7,787.2,0.00,0.00,0.00,0.00,2.22
2026-08-23T22:41:00Z,0.724,18.1,787.6,0.00,0.00,0.00,0.00,2.22
2026-08-23T22:41:01Z,0.736,18.4,785.3,0.00,0.00,0.00,0.00,2.22
2026-08-23T22:41:02Z,0.737,18.4,786.3,0.00,0.00,0.00,0.00,2.22
2026-08-23T22:41:03Z,0.706,17.6,786.3,0.00,0.00,0.00,0.00,2.37
2026-08-23T22:41:04Z,0.733,18.3,788.2,0.00,0.17,0.00,0.00,2.37
2026-08-23T22:41:05Z,0.753,18.8,786.7,0.00,0.00,0.00,0.00,2.37
2026-08-23T22:41:06Z,0.714,17.8,789.4,0.00,0.00,0.00,0.00,2.37
2026-08-23T22:41:07Z,0.735,18.4,786.6,0.00,0.00,0.00,0.00,2.37
2026-08-23T22:41:08Z,0.723,18.1,786.0,0.00,0.07,0.00,0.00,2.18
2026-08-23T22:41:09Z,0.715,17.9,787.1,0.00,0.00,0.00,0.00,2.18
2026-08-23T22:41:10Z,0.667,16.7,786.5,0.00,0.00,0.00,0.00,2.18
2026-08-23T22:41:11Z,0.751,18.8,786.7,0.00,0.03,0.00,0.00,2.18
2026-08-23T22:41:12Z,0.723,18.1,783.8,0.00,0.00,0.00,0.00,2.18
2026-08-23T22:41:14Z,0.712,17.8,785.8,0.00,0.20,0.00,0.00,2.16
2026-08-23T22:41:15Z,0.754,18.9,786.3,0.00,0.00,0.00,0.00,2.16
2026-08-23T22:41:16Z,0.723,18.1,786.5,0.00,0.00,0.00,0.00,2.16
2026-08-23T22:41:17Z,0.715,17.9,787.2,0.00,0.00,0.00,0.00,2.16
2026-08-23T22:41:18Z,0.724,18.1,787.8,0.00,0.00,0.00,0.00,2.16
2026-08-23T22:41:19Z,0.711,17.8,788.6,0.00,0.00,0.00,0.00,1.99
2026-08-23T22:41:20Z,0.676,16.9,787.3,0.00,0.00,0.00,0.00,1.99
2026-08-23T22:41:21Z,0.726,18.1,786.0,0.00,0.00,0.00,0.00,1.99
2026-08-23T22:41:22Z,0.742,18.6,785.1,0.00,0.00,0.00,0.00,1.99
2026-08-23T22:41:23Z,0.666,16.7,787.2,0.00,0.00,0.00,0.00,1.99
2026-08-23T22:41:24Z,0.685,17.1,788.1,0.00,0.00,0.00,0.00,2.07
2026-08-23T22:41:25Z,0.743,18.6,789.1,0.00,0.01,0.00,0.00,2.07
2026-08-23T22:41:26Z,0.704,17.6,787.0,0.00,0.17,0.00,0.00,2.07
2026-08-23T22:41:27Z,0.630,15.8,787.6,0.00,0.00,0.00,0.00,2.07
2026-08-23T22:41:28Z,0.723,18.1,789.6,0.00,0.00,0.00,0.00,2.14
2026-08-23T22:41:29Z,0.814,20.3,787.4,0.00,0.00,0.00,0.00,2.14
2026-08-23T22:41:30Z,0.828,20.7,789.0,0.00,0.00,0.00,0.00,2.14
2026-08-23T22:41:31Z,1.145,28.6,804.2,0.00,0.00,0.01,0.01,2.14
2026-08-23T22:41:32Z,0.760,19.0,794.0,0.00,0.00,0.01,0.01,2.14
2026-08-23T22:41:33Z,0.743,18.6,797.0,0.00,0.00,0.00,0.00,1.97
2026-08-23T22:41:34Z,0.676,16.9,788.4,0.00,0.00,0.00,0.00,1.97
2026-08-23T22:41:35Z,0.743,18.6,782.7,0.00,0.67,0.00,0.00,1.97
2026-08-23T22:41:36Z,0.668,16.7,776.7,0.00,0.00,0.00,0.00,1.97
2026-08-23T22:41:37Z,0.732,18.3,778.7,0.00,0.00,0.00,0.00,1.97
2026-08-23T22:41:38Z,0.702,17.5,777.9,0.00,0.00,0.00,0.00,1.81
2026-08-23T22:41:39Z,0.714,17.8,780.1,0.00,0.00,0.00,0.00,1.81
2026-08-23T22:41:40Z,0.694,17.3,780.9,0.00,0.00,0.00,0.00,1.81
2026-08-23T22:41:42Z,0.827,20.7,775.6,0.00,0.09,0.01,0.01,1.81
2026-08-23T22:41:43Z,0.703,17.6,775.8,0.00,0.00,0.00,0.00,1.81
2026-08-23T22:41:44Z,0.685,17.1,777.6,0.00,0.00,0.00,0.00,1.91
2026-08-23T22:41:45Z,0.705,17.6,777.2,0.00,0.00,0.00,0.00,1.91
2026-08-23T22:41:46Z,0.656,16.4,780.6,0.00,0.00,0.00,0.00,1.91
2026-08-23T22:41:47Z,0.656,16.4,781.7,0.00,0.63,0.00,0.00,1.91
2026-08-23T22:41:48Z,0.801,20.0,782.4,0.00,0.00,0.00,0.00,1.91
2026-08-23T22:41:49Z,0.799,20.0,785.1,0.00,0.00,0.00,0.00,1.76
2026-08-23T22:41:50Z,0.742,18.6,784.8,0.00,0.00,0.00,0.00,1.76
2026-08-23T22:41:51Z,0.723,18.1,786.5,0.00,0.00,0.00,0.00,1.76
2026-08-23T22:41:52Z,0.742,18.6,779.6,0.00,0.00,0.00,0.00,1.76
2026-08-23T22:41:53Z,0.725,18.1,778.9,0.00,0.01,0.00,0.00,1.76
2026-08-23T22:41:54Z,0.675,16.9,780.6,0.00,0.00,0.00,0.00,1.62
2026-08-23T22:41:55Z,0.735,18.4,780.7,0.00,0.00,0.00,0.00,1.62
2026-08-23T22:41:56Z,0.704,17.6,780.9,0.00,0.00,0.00,0.00,1.62
2026-08-23T22:41:57Z,0.685,17.1,781.6,0.00,0.00,0.00,0.00,1.62
