[2026-06-04 08:21:23.820] [info] Queen C++ Message Queue Server (Acceptor/Worker Pattern)
[2026-06-04 08:21:23.820] [info] Configuration:
[2026-06-04 08:21:23.820] [info]   - Host: 0.0.0.0
[2026-06-04 08:21:23.820] [info]   - Port: 6632
[2026-06-04 08:21:23.820] [info]   - Database: postgres:5432/postgres
[2026-06-04 08:21:23.820] [warning] Encryption disabled - QUEEN_ENCRYPTION_KEY not set
[2026-06-04 08:21:23.820] [info] Encryption: disabled
[2026-06-04 08:21:23.820] [info] JWT Authentication: DISABLED
[2026-06-04 08:21:23.820] [info] Starting acceptor/worker pattern with 10 workers (hardware cores: 32)
[2026-06-04 08:21:23.821] [info] [Worker 0] Starting...
[2026-06-04 08:21:23.821] [info] Initializing GLOBAL shared resources (ASYNC-ONLY MODE):
[2026-06-04 08:21:23.821] [info]   - Total DB connections: 47 (95% of 50) - ALL ASYNC
[2026-06-04 08:21:23.821] [info]   - DB ThreadPool size: 15 = 10 workers + 5 service
[2026-06-04 08:21:23.821] [info]     * Queen instances: 10 (one per HTTP worker, each with own event loop)
[2026-06-04 08:21:23.821] [info]     * Service DB threads: 5 (metrics, retention, eviction)
[2026-06-04 08:21:23.821] [info]   - System ThreadPool threads: 4 (for background service scheduling)
[2026-06-04 08:21:23.821] [info]   - Number of HTTP workers: 10
[2026-06-04 08:21:23.821] [info]   - Creating Async DB Pool (47 connections) for ALL operations
[2026-06-04 08:21:23.821] [info] [Worker 1] Starting...
[2026-06-04 08:21:23.821] [info] [Worker 2] Starting...
[2026-06-04 08:21:23.821] [info] [AsyncDbPool] Initializing 47 async connections...
[2026-06-04 08:21:23.821] [info] [Worker 3] Starting...
[2026-06-04 08:21:23.821] [info] [Worker 4] Starting...
[2026-06-04 08:21:23.821] [info] [Worker 5] Starting...
[2026-06-04 08:21:23.821] [info] [Worker 6] Starting...
[2026-06-04 08:21:23.821] [info] [Worker 7] Starting...
[2026-06-04 08:21:23.821] [info] [Worker 8] Starting...
[2026-06-04 08:21:23.821] [info] Waiting for workers to initialize...
[2026-06-04 08:21:23.821] [info] [Worker 9] Starting...
[2026-06-04 08:21:24.211] [info] [AsyncDbPool] Initialization complete. 47 connections ready.
[2026-06-04 08:21:24.212] [info]   - Created response queue for worker 0 (poll workers)
[2026-06-04 08:21:24.212] [info]   - Created response queue for worker 1 (poll workers)
[2026-06-04 08:21:24.212] [info]   - Created response queue for worker 2 (poll workers)
[2026-06-04 08:21:24.212] [info]   - Created response queue for worker 3 (poll workers)
[2026-06-04 08:21:24.212] [info]   - Created response queue for worker 4 (poll workers)
[2026-06-04 08:21:24.212] [info]   - Created response queue for worker 5 (poll workers)
[2026-06-04 08:21:24.212] [info]   - Created response queue for worker 6 (poll workers)
[2026-06-04 08:21:24.212] [info]   - Created response queue for worker 7 (poll workers)
[2026-06-04 08:21:24.212] [info]   - Created response queue for worker 8 (poll workers)
[2026-06-04 08:21:24.212] [info]   - Created response queue for worker 9 (poll workers)
[2026-06-04 08:21:24.212] [info]   - Per-worker Queen instances will be created in each worker thread
[2026-06-04 08:21:24.212] [info]   - Created response registry for worker 0 (lock-free across workers)
[2026-06-04 08:21:24.212] [info]   - Created response registry for worker 1 (lock-free across workers)
[2026-06-04 08:21:24.212] [info]   - Created response registry for worker 2 (lock-free across workers)
[2026-06-04 08:21:24.212] [info]   - Created response registry for worker 3 (lock-free across workers)
[2026-06-04 08:21:24.212] [info]   - Created response registry for worker 4 (lock-free across workers)
[2026-06-04 08:21:24.212] [info]   - Created response registry for worker 5 (lock-free across workers)
[2026-06-04 08:21:24.212] [info]   - Created response registry for worker 6 (lock-free across workers)
[2026-06-04 08:21:24.212] [info]   - Created response registry for worker 7 (lock-free across workers)
[2026-06-04 08:21:24.212] [info]   - Created response registry for worker 8 (lock-free across workers)
[2026-06-04 08:21:24.212] [info]   - Created response registry for worker 9 (lock-free across workers)
[2026-06-04 08:21:24.212] [info] SharedStateManager: Disabled (no UDP peers or sync disabled)
[2026-06-04 08:21:24.212] [info] Shared State Manager configured: Sync disabled, queue config cache will be active
[2026-06-04 08:21:24.212] [info] System info: hostname=112aa6a7f2d1, port=6632
[2026-06-04 08:21:24.212] [info] Global shared resources initialized successfully
[2026-06-04 08:21:24.212] [info] [Worker 0] Using GLOBAL shared ThreadPool and Async Database Pool
[2026-06-04 08:21:24.212] [info] [Worker 5] Using GLOBAL shared ThreadPool and Async Database Pool
[2026-06-04 08:21:24.212] [info] [Worker 3] Using GLOBAL shared ThreadPool and Async Database Pool
[2026-06-04 08:21:24.212] [info] [Worker 1] Using GLOBAL shared ThreadPool and Async Database Pool
[2026-06-04 08:21:24.212] [info] [Worker 7] Using GLOBAL shared ThreadPool and Async Database Pool
[2026-06-04 08:21:24.212] [info] [Worker 6] Using GLOBAL shared ThreadPool and Async Database Pool
[2026-06-04 08:21:24.212] [info] [Worker 8] Using GLOBAL shared ThreadPool and Async Database Pool
[2026-06-04 08:21:24.212] [info] [Worker 2] Using GLOBAL shared ThreadPool and Async Database Pool
[2026-06-04 08:21:24.212] [info] [Worker 4] Using GLOBAL shared ThreadPool and Async Database Pool
[2026-06-04 08:21:24.212] [info] [Worker 9] Using GLOBAL shared ThreadPool and Async Database Pool
[2026-06-04 08:21:24.212] [info] [Worker 0] Database connection: OK | Pool: 38/47 conn available
[2026-06-04 08:21:24.212] [info] [Worker 0] Initializing database schema...
[2026-06-04 08:21:24.212] [info] [Worker 2] Database connection: OK | Pool: 38/47 conn available
[2026-06-04 08:21:24.212] [info] [Worker 2] Waiting for shared file buffer from Worker 0...
[2026-06-04 08:21:24.212] [info] [Worker 5] Database connection: OK | Pool: 40/47 conn available
[2026-06-04 08:21:24.212] [info] [Worker 7] Database connection: OK | Pool: 39/47 conn available
[2026-06-04 08:21:24.212] [info] [Worker 3] Database connection: OK | Pool: 41/47 conn available
[2026-06-04 08:21:24.212] [info] [Worker 3] Waiting for shared file buffer from Worker 0...
[2026-06-04 08:21:24.212] [info] [Worker 7] Waiting for shared file buffer from Worker 0...
[2026-06-04 08:21:24.212] [info] [Worker 5] Waiting for shared file buffer from Worker 0...
[2026-06-04 08:21:24.212] [info] [Worker 1] Database connection: OK | Pool: 43/47 conn available
[2026-06-04 08:21:24.212] [info] [Worker 1] Waiting for shared file buffer from Worker 0...
[2026-06-04 08:21:24.212] [info] [Worker 8] Database connection: OK | Pool: 44/47 conn available
[2026-06-04 08:21:24.212] [info] [Worker 8] Waiting for shared file buffer from Worker 0...
[2026-06-04 08:21:24.212] [info] [Worker 9] Database connection: OK | Pool: 45/47 conn available
[2026-06-04 08:21:24.212] [info] [Worker 9] Waiting for shared file buffer from Worker 0...
[2026-06-04 08:21:24.212] [info] [Worker 6] Database connection: OK | Pool: 42/47 conn available
[2026-06-04 08:21:24.212] [info] [Worker 6] Waiting for shared file buffer from Worker 0...
[2026-06-04 08:21:24.212] [info] [Worker 4] Database connection: OK | Pool: 46/47 conn available
[2026-06-04 08:21:24.212] [info] [Worker 4] Waiting for shared file buffer from Worker 0...
[2026-06-04 08:21:24.212] [info] Initializing schema: queen
[2026-06-04 08:21:24.214] [info] Running base schema initialization...
NOTICE:  schema "queen" already exists, skipping
NOTICE:  column "producer_sub" of relation "messages" already exists, skipping
NOTICE:  index "idx_messages_transaction_id" does not exist, skipping
NOTICE:  index "idx_messages_txn_partition" does not exist, skipping
NOTICE:  trigger "trg_update_partition_lookup" for relation "queen.messages" does not exist, skipping
NOTICE:  function queen.pop_unified_batch_v2_noorder(jsonb) does not exist, skipping
[2026-06-04 08:21:24.249] [info] Base schema applied successfully
[2026-06-04 08:21:24.249] [info] Loading 25 stored procedure(s)...
NOTICE:  function queen.is_stats_leader(text) does not exist, skipping
NOTICE:  trigger "trg_update_worker_metrics_summary" for relation "queen.worker_metrics" does not exist, skipping
NOTICE:  trigger "trg_partitions_created_counter" for relation "queen.partitions" does not exist, skipping
NOTICE:  trigger "trg_partitions_deleted_counter" for relation "queen.partitions" does not exist, skipping
[2026-06-04 08:21:24.299] [info] [Worker 0] Starting Shared State Manager...
[2026-06-04 08:21:24.299] [info] SharedStateManager: Loading queue configs and maintenance modes from database...
[2026-06-04 08:21:24.303] [info] SharedStateManager: Sync disabled, but queue config cache is available
[2026-06-04 08:21:24.303] [info] [Worker 0] Registered MESSAGE_AVAILABLE callback for Queen instances
[2026-06-04 08:21:24.303] [info] [Worker 0] Starting background metrics collector (sample: 1000ms, aggregate: 60s)...
[2026-06-04 08:21:24.303] [info] MetricsCollector started: hostname=112aa6a7f2d1, port=6632, worker=cpp-worker-1, sampling every 1000ms, aggregating every 60s
[2026-06-04 08:21:24.303] [info] [Worker 0] Starting background retention service...
[2026-06-04 08:21:24.303] [info] RetentionService started: interval=300000ms, batch_size=1000, partition_cleanup_days=30, metrics_retention_days=90
[2026-06-04 08:21:24.303] [info] [Worker 0] Starting background eviction service...
[2026-06-04 08:21:24.303] [info] EvictionService started: interval=60000ms, batch_size=1000
[2026-06-04 08:21:24.303] [info] [Worker 0] Starting background stats service...
[2026-06-04 08:21:24.303] [info] StatsService started (queue/partition counts only): interval=10000ms, reconcile_interval=120000ms
[2026-06-04 08:21:24.303] [info] [Worker 0] Starting background partition_lookup reconcile service...
[2026-06-04 08:21:24.303] [info] RetentionService: Running cleanup cycle
[2026-06-04 08:21:24.303] [info] StatsService: Running initial queue/partition stats refresh...
[2026-06-04 08:21:24.303] [info] PartitionLookupReconcileService started (stats-leader gated): interval=5000ms, lookback=60s, hostname=112aa6a7f2d1
[2026-06-04 08:21:24.303] [info] [Worker 0] Creating SHARED file buffer manager (dir=/var/lib/queen/buffers)...
[2026-06-04 08:21:24.303] [info] FileBufferManager initializing: dir=/var/lib/queen/buffers, recovery=true
[2026-06-04 08:21:24.303] [info] Creating buffer directory: /var/lib/queen/buffers
[2026-06-04 08:21:24.304] [info] RetentionService: cycle completed in 0ms
[2026-06-04 08:21:24.306] [info] Creating failed directory: /var/lib/queen/buffers/failed
[2026-06-04 08:21:24.306] [info] Buffer directories ready: /var/lib/queen/buffers
[2026-06-04 08:21:24.306] [info] Starting recovery of buffered events...
[2026-06-04 08:21:24.306] [info] Starting recovery (max 3600s to avoid blocking server startup)...
[2026-06-04 08:21:24.306] [info] Phase 1: Recovering failover events (FIFO order)...
[2026-06-04 08:21:24.306] [info] Phase 2: Recovering QoS 0 events (batched)...
[2026-06-04 08:21:24.306] [info] Startup recovery completed in 0ms: failover=0, qos0=0
[2026-06-04 08:21:24.306] [info] Recovery complete
[2026-06-04 08:21:24.306] [info] Buffer files initialized successfully
[2026-06-04 08:21:24.306] [info] StatsService: Running full reconciliation (stats leader, hostname=112aa6a7f2d1)
[2026-06-04 08:21:24.306] [info] FileBufferManager ready
[2026-06-04 08:21:24.306] [info] [Worker 0] File buffer ready - Pending: 0, Failed: 0, DB: healthy
[2026-06-04 08:21:24.306] [info] [Worker 0] Sharing file buffer with other workers...
[2026-06-04 08:21:24.306] [info] [Worker 0] File buffer shared successfully
[2026-06-04 08:21:24.306] [info] [Worker 0] File buffer connected to async queue manager for maintenance mode
[2026-06-04 08:21:24.306] [info] [Worker 0] Creating uWS::App...
[2026-06-04 08:21:24.306] [info] Background processor thread started
[2026-06-04 08:21:24.306] [info] [Worker 5] Using shared file buffer from Worker 0
[2026-06-04 08:21:24.306] [info] [Worker 5] File buffer connected to async queue manager for maintenance mode
[2026-06-04 08:21:24.306] [info] [Worker 5] Creating uWS::App...
[2026-06-04 08:21:24.306] [info] [Worker 8] Using shared file buffer from Worker 0
[2026-06-04 08:21:24.306] [info] [Worker 1] Using shared file buffer from Worker 0
[2026-06-04 08:21:24.306] [info] [Worker 1] File buffer connected to async queue manager for maintenance mode
[2026-06-04 08:21:24.306] [info] [Worker 1] Creating uWS::App...
[2026-06-04 08:21:24.306] [info] [Worker 4] Using shared file buffer from Worker 0
[2026-06-04 08:21:24.306] [info] [Worker 6] Using shared file buffer from Worker 0
[2026-06-04 08:21:24.306] [info] [Worker 9] Using shared file buffer from Worker 0
[2026-06-04 08:21:24.306] [info] [Worker 9] File buffer connected to async queue manager for maintenance mode
[2026-06-04 08:21:24.306] [info] [Worker 8] File buffer connected to async queue manager for maintenance mode
[2026-06-04 08:21:24.306] [info] [Worker 5] Creating per-worker Queen instance (25 connections, total pool split across 10 workers)...
[2026-06-04 08:21:24.306] [info] [Worker 8] Creating uWS::App...
[2026-06-04 08:21:24.306] [info] [Worker 3] Using shared file buffer from Worker 0
[2026-06-04 08:21:24.306] [info] [Worker 2] Using shared file buffer from Worker 0
[2026-06-04 08:21:24.306] [info] [Worker 1] Creating per-worker Queen instance (25 connections, total pool split across 10 workers)...
[2026-06-04 08:21:24.306] [info] [Worker 0] Creating per-worker Queen instance (25 connections, total pool split across 10 workers)...
[2026-06-04 08:21:24.306] [info] [Worker 6] File buffer connected to async queue manager for maintenance mode
[2026-06-04 08:21:24.306] [info] [Worker 6] Creating uWS::App...
[2026-06-04 08:21:24.306] [info] [Worker 9] Creating uWS::App...
[2026-06-04 08:21:24.306] [info] [Worker 7] Using shared file buffer from Worker 0
[2026-06-04 08:21:24.306] [info] [Worker 3] File buffer connected to async queue manager for maintenance mode
[2026-06-04 08:21:24.306] [info] [Worker 3] Creating uWS::App...
[2026-06-04 08:21:24.306] [info] [Worker 2] File buffer connected to async queue manager for maintenance mode
[2026-06-04 08:21:24.306] [info] [Worker 4] File buffer connected to async queue manager for maintenance mode
[2026-06-04 08:21:24.306] [info] [Worker 7] File buffer connected to async queue manager for maintenance mode
[2026-06-04 08:21:24.306] [info] [Worker 7] Creating uWS::App...
[2026-06-04 08:21:24.306] [info] [Worker 4] Creating uWS::App...
[2026-06-04 08:21:24.306] [info] [Worker 2] Creating uWS::App...
[2026-06-04 08:21:24.314] [info] [Worker 8] Creating per-worker Queen instance (25 connections, total pool split across 10 workers)...
[2026-06-04 08:21:24.314] [info] [Worker 3] Creating per-worker Queen instance (25 connections, total pool split across 10 workers)...
[2026-06-04 08:21:24.314] [info] [Worker 7] Creating per-worker Queen instance (25 connections, total pool split across 10 workers)...
[2026-06-04 08:21:24.314] [info] [Worker 2] Creating per-worker Queen instance (25 connections, total pool split across 10 workers)...
[2026-06-04 08:21:24.314] [info] [Worker 9] Creating per-worker Queen instance (25 connections, total pool split across 10 workers)...
[2026-06-04 08:21:24.314] [info] [Worker 4] Creating per-worker Queen instance (25 connections, total pool split across 10 workers)...
[2026-06-04 08:21:24.314] [info] [Worker 6] Creating per-worker Queen instance (25 connections, total pool split across 10 workers)...
[2026-06-04 08:21:24.320] [info] StatsService: Full reconciliation complete: {"task": {"tasksUpdated": 0}, "queue": {"queuesUpdated": 0}, "system": {"systemUpdated": 1}, "cleanup": {"orphanedDeleted": 0}, "namespace": {"namespacesUpdated": 0}, "partition": {"newPartitions": 0, "partitionsUpdated": 0, "dirtyPartitionsScanned": 0, "partitionsSkippedByWatermark": 0}}
[2026-06-04 08:21:24.807] [info] [Worker 5] Queen instance ready with 25 connections
[2026-06-04 08:21:24.807] [info] [Worker 5] Registered Queen instance for UDP notifications
[2026-06-04 08:21:24.807] [info] [Worker 5] Setting up routes...
[2026-06-04 08:21:24.807] [info] [Worker 1] Queen instance ready with 25 connections
[2026-06-04 08:21:24.807] [info] [Worker 1] Registered Queen instance for UDP notifications
[2026-06-04 08:21:24.807] [info] [Worker 1] Setting up routes...
[2026-06-04 08:21:24.807] [warning] [Worker 5] Webapp directory not found - Static file serving disabled
[2026-06-04 08:21:24.807] [warning] [Worker 5] Searched: ./webapp/dist, ../webapp/dist, ../../webapp/dist
[2026-06-04 08:21:24.807] [warning] [Worker 5] Set WEBAPP_ROOT environment variable to override
[2026-06-04 08:21:24.807] [info] [Worker 5] Routes configured
[2026-06-04 08:21:24.807] [info] [Worker 5] Registered with acceptor
[2026-06-04 08:21:24.807] [warning] [Worker 1] Webapp directory not found - Static file serving disabled
[2026-06-04 08:21:24.807] [warning] [Worker 1] Searched: ./webapp/dist, ../webapp/dist, ../../webapp/dist
[2026-06-04 08:21:24.807] [warning] [Worker 1] Set WEBAPP_ROOT environment variable to override
[2026-06-04 08:21:24.807] [info] [Worker 1] Routes configured
[2026-06-04 08:21:24.807] [info] [Worker 1] Registered with acceptor
[2026-06-04 08:21:24.807] [info] [Worker 5] Event loop ready to receive adopted sockets from acceptor
[2026-06-04 08:21:24.807] [info] [Worker 5] Setting up response timer...
[2026-06-04 08:21:24.807] [info] [Worker 5] Response timer configured: 25ms interval, batch size 100-500
[2026-06-04 08:21:24.807] [info] [Worker 1] Event loop ready to receive adopted sockets from acceptor
[2026-06-04 08:21:24.807] [info] [Worker 1] Setting up response timer...
[2026-06-04 08:21:24.807] [info] [Worker 1] Response timer configured: 25ms interval, batch size 100-500
[2026-06-04 08:21:24.807] [info] [Worker 0] Queen instance ready with 25 connections
[2026-06-04 08:21:24.807] [info] [Worker 0] Registered Queen instance for UDP notifications
[2026-06-04 08:21:24.807] [info] [Worker 0] Setting up routes...
[2026-06-04 08:21:24.808] [warning] [Worker 0] Webapp directory not found - Static file serving disabled
[2026-06-04 08:21:24.808] [warning] [Worker 0] Searched: ./webapp/dist, ../webapp/dist, ../../webapp/dist
[2026-06-04 08:21:24.808] [warning] [Worker 0] Set WEBAPP_ROOT environment variable to override
[2026-06-04 08:21:24.808] [info] [Worker 0] Routes configured
[2026-06-04 08:21:24.808] [info] [Worker 0] Registered with acceptor
[2026-06-04 08:21:24.808] [info] [Worker 0] Event loop ready to receive adopted sockets from acceptor
[2026-06-04 08:21:24.808] [info] [Worker 0] Setting up response timer...
[2026-06-04 08:21:24.808] [info] [Worker 0] Response timer configured: 25ms interval, batch size 100-500
[2026-06-04 08:21:24.815] [info] [Worker 7] Queen instance ready with 25 connections
[2026-06-04 08:21:24.815] [info] [Worker 7] Registered Queen instance for UDP notifications
[2026-06-04 08:21:24.815] [info] [Worker 7] Setting up routes...
[2026-06-04 08:21:24.815] [info] [Worker 8] Queen instance ready with 25 connections
[2026-06-04 08:21:24.815] [info] [Worker 8] Registered Queen instance for UDP notifications
[2026-06-04 08:21:24.815] [info] [Worker 8] Setting up routes...
[2026-06-04 08:21:24.815] [info] [Worker 4] Queen instance ready with 25 connections
[2026-06-04 08:21:24.815] [info] [Worker 4] Registered Queen instance for UDP notifications
[2026-06-04 08:21:24.815] [info] [Worker 4] Setting up routes...
[2026-06-04 08:21:24.815] [info] [Worker 2] Queen instance ready with 25 connections
[2026-06-04 08:21:24.815] [info] [Worker 2] Registered Queen instance for UDP notifications
[2026-06-04 08:21:24.815] [info] [Worker 2] Setting up routes...
[2026-06-04 08:21:24.815] [info] [Worker 6] Queen instance ready with 25 connections
[2026-06-04 08:21:24.815] [info] [Worker 9] Queen instance ready with 25 connections
[2026-06-04 08:21:24.815] [info] [Worker 9] Registered Queen instance for UDP notifications
[2026-06-04 08:21:24.815] [info] [Worker 9] Setting up routes...
[2026-06-04 08:21:24.815] [warning] [Worker 7] Webapp directory not found - Static file serving disabled
[2026-06-04 08:21:24.815] [warning] [Worker 7] Searched: ./webapp/dist, ../webapp/dist, ../../webapp/dist
[2026-06-04 08:21:24.815] [warning] [Worker 7] Set WEBAPP_ROOT environment variable to override
[2026-06-04 08:21:24.815] [info] [Worker 7] Routes configured
[2026-06-04 08:21:24.815] [info] [Worker 7] Registered with acceptor
[2026-06-04 08:21:24.815] [info] [Worker 6] Registered Queen instance for UDP notifications
[2026-06-04 08:21:24.815] [info] [Worker 6] Setting up routes...
[2026-06-04 08:21:24.815] [warning] [Worker 8] Webapp directory not found - Static file serving disabled
[2026-06-04 08:21:24.815] [warning] [Worker 8] Searched: ./webapp/dist, ../webapp/dist, ../../webapp/dist
[2026-06-04 08:21:24.815] [info] [Worker 3] Queen instance ready with 25 connections
[2026-06-04 08:21:24.815] [info] [Worker 7] Event loop ready to receive adopted sockets from acceptor
[2026-06-04 08:21:24.815] [info] [Worker 3] Registered Queen instance for UDP notifications
[2026-06-04 08:21:24.815] [info] [Worker 3] Setting up routes...
[2026-06-04 08:21:24.815] [warning] [Worker 8] Set WEBAPP_ROOT environment variable to override
[2026-06-04 08:21:24.815] [info] [Worker 8] Routes configured
[2026-06-04 08:21:24.815] [info] [Worker 8] Registered with acceptor
[2026-06-04 08:21:24.815] [info] [Worker 7] Setting up response timer...
[2026-06-04 08:21:24.815] [info] [Worker 7] Response timer configured: 25ms interval, batch size 100-500
[2026-06-04 08:21:24.815] [warning] [Worker 2] Webapp directory not found - Static file serving disabled
[2026-06-04 08:21:24.815] [warning] [Worker 2] Searched: ./webapp/dist, ../webapp/dist, ../../webapp/dist
[2026-06-04 08:21:24.815] [warning] [Worker 2] Set WEBAPP_ROOT environment variable to override
[2026-06-04 08:21:24.815] [info] [Worker 2] Routes configured
[2026-06-04 08:21:24.815] [info] [Worker 2] Registered with acceptor
[2026-06-04 08:21:24.815] [warning] [Worker 4] Webapp directory not found - Static file serving disabled
[2026-06-04 08:21:24.815] [info] [Worker 8] Event loop ready to receive adopted sockets from acceptor
[2026-06-04 08:21:24.815] [info] [Worker 8] Setting up response timer...
[2026-06-04 08:21:24.815] [warning] [Worker 4] Searched: ./webapp/dist, ../webapp/dist, ../../webapp/dist
[2026-06-04 08:21:24.815] [warning] [Worker 4] Set WEBAPP_ROOT environment variable to override
[2026-06-04 08:21:24.815] [info] [Worker 4] Routes configured
[2026-06-04 08:21:24.815] [info] [Worker 4] Registered with acceptor
[2026-06-04 08:21:24.815] [info] [Worker 2] Event loop ready to receive adopted sockets from acceptor
[2026-06-04 08:21:24.815] [info] [Worker 2] Setting up response timer...
[2026-06-04 08:21:24.815] [info] [Worker 8] Response timer configured: 25ms interval, batch size 100-500
[2026-06-04 08:21:24.815] [info] [Worker 2] Response timer configured: 25ms interval, batch size 100-500
[2026-06-04 08:21:24.815] [warning] [Worker 9] Webapp directory not found - Static file serving disabled
[2026-06-04 08:21:24.815] [warning] [Worker 9] Searched: ./webapp/dist, ../webapp/dist, ../../webapp/dist
[2026-06-04 08:21:24.815] [warning] [Worker 9] Set WEBAPP_ROOT environment variable to override
[2026-06-04 08:21:24.815] [info] [Worker 9] Routes configured
[2026-06-04 08:21:24.815] [info] [Worker 9] Registered with acceptor
[2026-06-04 08:21:24.815] [info] [Worker 4] Event loop ready to receive adopted sockets from acceptor
[2026-06-04 08:21:24.815] [info] [Worker 4] Setting up response timer...
[2026-06-04 08:21:24.815] [info] [Worker 9] Event loop ready to receive adopted sockets from acceptor
[2026-06-04 08:21:24.815] [info] [Worker 9] Setting up response timer...
[2026-06-04 08:21:24.815] [info] [Worker 4] Response timer configured: 25ms interval, batch size 100-500
[2026-06-04 08:21:24.815] [info] [Worker 9] Response timer configured: 25ms interval, batch size 100-500
[2026-06-04 08:21:24.815] [warning] [Worker 6] Webapp directory not found - Static file serving disabled
[2026-06-04 08:21:24.815] [warning] [Worker 6] Searched: ./webapp/dist, ../webapp/dist, ../../webapp/dist
[2026-06-04 08:21:24.815] [warning] [Worker 6] Set WEBAPP_ROOT environment variable to override
[2026-06-04 08:21:24.815] [info] [Worker 6] Routes configured
[2026-06-04 08:21:24.815] [info] [Worker 6] Registered with acceptor
[2026-06-04 08:21:24.815] [info] [Worker 6] Event loop ready to receive adopted sockets from acceptor
[2026-06-04 08:21:24.815] [info] [Worker 6] Setting up response timer...
[2026-06-04 08:21:24.815] [info] [Worker 6] Response timer configured: 25ms interval, batch size 100-500
[2026-06-04 08:21:24.815] [warning] [Worker 3] Webapp directory not found - Static file serving disabled
[2026-06-04 08:21:24.815] [warning] [Worker 3] Searched: ./webapp/dist, ../webapp/dist, ../../webapp/dist
[2026-06-04 08:21:24.815] [warning] [Worker 3] Set WEBAPP_ROOT environment variable to override
[2026-06-04 08:21:24.815] [info] [Worker 3] Routes configured
[2026-06-04 08:21:24.815] [info] [Worker 3] Registered with acceptor
[2026-06-04 08:21:24.815] [info] [Worker 3] Event loop ready to receive adopted sockets from acceptor
[2026-06-04 08:21:24.815] [info] [Worker 3] Setting up response timer...
[2026-06-04 08:21:24.816] [info] [Worker 3] Response timer configured: 25ms interval, batch size 100-500
[2026-06-04 08:21:24.822] [info] All 10 workers initialized in 1001ms
[2026-06-04 08:21:24.822] [info] Creating acceptor app...
[2026-06-04 08:21:24.822] [info] Registered 10 worker apps with acceptor
[2026-06-04 08:21:24.822] [info] Acceptor listening on 0.0.0.0:6632
[2026-06-04 08:21:24.822] [info] Round-robin load balancing across 10 workers
[2026-06-04 08:21:24.822] [info] Starting acceptor event loop...
[2026-06-04 08:21:24.907] [info] [Worker 4] [libqueen] Reconnection thread started
[2026-06-04 08:21:24.929] [info] [Worker 7] [libqueen] Reconnection thread started
[2026-06-04 08:21:24.941] [info] [Worker 8] [libqueen] Reconnection thread started
[2026-06-04 08:21:24.961] [info] [Worker 5] [libqueen] custom(q=1 f=0/1 p99rtt=0ms) slots=25/25 jobs/s=0 drains=0 evl=0ms
[2026-06-04 08:21:24.961] [info] [Worker 5] [libqueen] Reconnection thread started
[2026-06-04 08:21:24.962] [info] [Worker 6] [libqueen] Reconnection thread started
[2026-06-04 08:21:24.965] [info] [Worker 1] [libqueen] Reconnection thread started
[2026-06-04 08:21:24.990] [info] [Worker 3] [libqueen] Reconnection thread started
[2026-06-04 08:21:25.001] [info] [Worker 0] [libqueen] Reconnection thread started
[2026-06-04 08:21:25.010] [info] [Worker 9] [libqueen] Reconnection thread started
[2026-06-04 08:21:25.015] [info] [Worker 2] [libqueen] Reconnection thread started
[2026-06-04 08:21:25.316] [info] StatsService: cycle completed in 12ms
[2026-06-04 08:21:25.962] [info] [Worker 5] [libqueen] custom(q=0 f=0/1 p99rtt=7ms) slots=25/25 jobs/s=1 drains=2 evl=0ms
[2026-06-04 08:21:30.176] [info] [Worker 1] Configuring queue: bench-cg10-simd via stored procedure
[2026-06-04 08:21:30.913] [info] [Worker 4] [libqueen] pop(q=28 f=2/2 p99rtt=4ms) slots=23/25 jobs/s=0 drains=63 evl=0ms
[2026-06-04 08:21:30.935] [info] [Worker 7] [libqueen] pop(q=28 f=2/2 p99rtt=7ms) slots=23/25 jobs/s=0 drains=62 evl=0ms
[2026-06-04 08:21:30.947] [info] [Worker 8] [libqueen] pop(q=27 f=2/2 p99rtt=3ms) slots=23/25 jobs/s=0 drains=64 evl=0ms
[2026-06-04 08:21:30.966] [info] [Worker 5] [libqueen] pop(q=27 f=2/2 p99rtt=6ms) custom(q=0 f=0/1 p99rtt=7ms) slots=23/25 jobs/s=0 drains=66 evl=0ms
[2026-06-04 08:21:30.968] [info] [Worker 6] [libqueen] pop(q=27 f=2/2 p99rtt=6ms) slots=23/25 jobs/s=0 drains=66 evl=0ms
[2026-06-04 08:21:30.970] [info] [Worker 1] [libqueen] pop(q=14 f=2/2 p99rtt=7ms) custom(q=0 f=0/1 p99rtt=9ms) slots=23/25 jobs/s=1 drains=64 evl=0ms
[2026-06-04 08:21:30.996] [info] [Worker 3] [libqueen] pop(q=27 f=2/2 p99rtt=5ms) slots=23/25 jobs/s=0 drains=66 evl=0ms
[2026-06-04 08:21:31.007] [info] [Worker 0] [libqueen] pop(q=28 f=2/2 p99rtt=2ms) slots=23/25 jobs/s=0 drains=67 evl=0ms
[2026-06-04 08:21:31.015] [info] [Worker 9] [libqueen] pop(q=27 f=2/2 p99rtt=4ms) slots=23/25 jobs/s=0 drains=60 evl=0ms
[2026-06-04 08:21:31.021] [info] [Worker 2] [libqueen] push(q=5 f=0/1 p99rtt=0ms) pop(q=29 f=2/2 p99rtt=4ms) slots=23/25 jobs/s=0 drains=71 evl=0ms
[2026-06-04 08:21:31.336] [error] [Worker 3] [libqueen] Query failed: ERROR:  deadlock detected
DETAIL:  Process 386 waits for ShareLock on transaction 811; blocked by process 355.
Process 355 waits for ShareLock on transaction 810; blocked by process 386.
HINT:  See server log for query details.
CONTEXT:  while inserting index tuple (0,29) in relation "consumer_watermarks"
SQL statement "INSERT INTO queen.consumer_watermarks (queue_name, consumer_group, last_empty_scan_at, updated_at)
                        VALUES (v_req.queue_name, v_req.consumer_group, v_now, v_now)
                        ON CONFLICT (queue_name, consumer_group)
                        DO UPDATE SET last_empty_scan_at = v_now, updated_at = v_now"
PL/pgSQL function queen.pop_unified_batch_v4(jsonb) line 368 at SQL statement

[2026-06-04 08:21:31.912] [info] [Worker 4] [libqueen] push(q=0 f=1/2 p99rtt=19ms) pop(q=0 f=2/3 p99rtt=1047ms) custom(q=0 f=0/1 p99rtt=4ms) slots=22/25 jobs/s=677 drains=727 evl=0ms
[2026-06-04 08:21:31.936] [info] [Worker 7] [libqueen] push(q=0 f=0/2 p99rtt=31ms) pop(q=0 f=0/3 p99rtt=1206ms) custom(q=0 f=1/1 p99rtt=5ms) slots=24/25 jobs/s=598 drains=715 evl=0ms
[2026-06-04 08:21:31.948] [info] [Worker 8] [libqueen] push(q=0 f=1/2 p99rtt=31ms) pop(q=16 f=1/3 p99rtt=1308ms) custom(q=0 f=0/1 p99rtt=9ms) slots=23/25 jobs/s=508 drains=672 evl=0ms
[2026-06-04 08:21:31.965] [info] [Worker 5] [libqueen] push(q=0 f=0/2 p99rtt=32ms) pop(q=0 f=2/3 p99rtt=1292ms) custom(q=0 f=1/1 p99rtt=4ms) slots=22/25 jobs/s=570 drains=708 evl=0ms
[2026-06-04 08:21:31.968] [info] [Worker 6] [libqueen] push(q=5 f=0/2 p99rtt=31ms) pop(q=0 f=3/3 p99rtt=1137ms) custom(q=0 f=0/1 p99rtt=3ms) slots=22/25 jobs/s=688 drains=806 evl=0ms
[2026-06-04 08:21:31.971] [info] [Worker 1] [libqueen] push(q=0 f=1/2 p99rtt=28ms) pop(q=0 f=2/3 p99rtt=1069ms) custom(q=0 f=0/1 p99rtt=33ms) slots=22/25 jobs/s=754 drains=796 evl=0ms
[2026-06-04 08:21:31.996] [info] [Worker 3] [libqueen] push(q=0 f=0/2 p99rtt=33ms) pop(q=1 f=3/3 p99rtt=1001ms) custom(q=0 f=1/1 p99rtt=3ms) slots=21/25 jobs/s=775 drains=833 evl=0ms
[2026-06-04 08:21:32.007] [info] [Worker 0] [libqueen] push(q=0 f=1/2 p99rtt=24ms) pop(q=0 f=3/3 p99rtt=1099ms) custom(q=0 f=0/1 p99rtt=5ms) slots=21/25 jobs/s=658 drains=751 evl=0ms
[2026-06-04 08:21:32.015] [info] [Worker 9] [libqueen] push(q=0 f=0/2 p99rtt=24ms) pop(q=0 f=2/3 p99rtt=1290ms) custom(q=0 f=1/1 p99rtt=4ms) slots=22/25 jobs/s=565 drains=693 evl=1ms
[2026-06-04 08:21:32.020] [info] [Worker 2] [libqueen] push(q=0 f=0/2 p99rtt=27ms) pop(q=13 f=2/3 p99rtt=1238ms) custom(q=0 f=0/1 p99rtt=3ms) slots=23/25 jobs/s=634 drains=757 evl=0ms
[2026-06-04 08:21:32.915] [info] [Worker 4] [libqueen] push(q=5 f=0/3 p99rtt=28ms) pop(q=0 f=2/4 p99rtt=1047ms) custom(q=0 f=0/1 p99rtt=5ms) slots=23/25 jobs/s=765 drains=1406 evl=0ms
[2026-06-04 08:21:32.937] [info] [Worker 7] [libqueen] push(q=0 f=1/3 p99rtt=31ms) pop(q=8 f=1/4 p99rtt=1206ms) custom(q=0 f=0/1 p99rtt=6ms) slots=23/25 jobs/s=804 drains=1476 evl=0ms
[2026-06-04 08:21:32.948] [info] [Worker 8] [libqueen] push(q=5 f=0/3 p99rtt=31ms) pop(q=1 f=2/4 p99rtt=1308ms) custom(q=0 f=0/1 p99rtt=9ms) slots=23/25 jobs/s=736 drains=1395 evl=0ms
[2026-06-04 08:21:32.966] [info] [Worker 5] [libqueen] push(q=0 f=1/3 p99rtt=32ms) pop(q=0 f=3/4 p99rtt=1292ms) custom(q=0 f=0/1 p99rtt=6ms) slots=21/25 jobs/s=739 drains=1420 evl=0ms
[2026-06-04 08:21:32.967] [info] [Worker 6] [libqueen] push(q=5 f=0/3 p99rtt=31ms) pop(q=0 f=2/4 p99rtt=1137ms) custom(q=0 f=0/1 p99rtt=7ms) slots=23/25 jobs/s=748 drains=1493 evl=0ms
[2026-06-04 08:21:32.971] [info] [Worker 1] [libqueen] push(q=3 f=0/3 p99rtt=28ms) pop(q=12 f=2/4 p99rtt=1069ms) custom(q=0 f=0/1 p99rtt=9ms) slots=23/25 jobs/s=767 drains=1510 evl=0ms
[2026-06-04 08:21:32.996] [info] [Worker 3] [libqueen] push(q=0 f=1/3 p99rtt=33ms) pop(q=11 f=1/4 p99rtt=1001ms) custom(q=0 f=0/1 p99rtt=7ms) slots=23/25 jobs/s=738 drains=1472 evl=0ms
[2026-06-04 08:21:33.009] [info] [Worker 0] [libqueen] push(q=5 f=0/3 p99rtt=24ms) pop(q=0 f=1/4 p99rtt=197ms) custom(q=0 f=0/1 p99rtt=6ms) slots=24/25 jobs/s=824 drains=1488 evl=0ms
[2026-06-04 08:21:33.015] [info] [Worker 9] [libqueen] push(q=5 f=0/3 p99rtt=24ms) pop(q=0 f=2/4 p99rtt=1290ms) custom(q=0 f=0/1 p99rtt=5ms) slots=23/25 jobs/s=744 drains=1391 evl=0ms
[2026-06-04 08:21:33.021] [info] [Worker 2] [libqueen] push(q=5 f=0/3 p99rtt=27ms) pop(q=0 f=3/4 p99rtt=1238ms) custom(q=0 f=0/1 p99rtt=6ms) slots=22/25 jobs/s=825 drains=1570 evl=0ms
[2026-06-04 08:21:33.914] [info] [Worker 4] [libqueen] push(q=5 f=0/4 p99rtt=34ms) pop(q=0 f=3/5 p99rtt=171ms) custom(q=0 f=1/1 p99rtt=6ms) slots=21/25 jobs/s=730 drains=2116 evl=0ms
[2026-06-04 08:21:33.937] [info] [Worker 7] [libqueen] push(q=5 f=0/4 p99rtt=31ms) pop(q=12 f=1/5 p99rtt=146ms) custom(q=0 f=0/1 p99rtt=6ms) slots=24/25 jobs/s=756 drains=2222 evl=0ms
[2026-06-04 08:21:33.949] [info] [Worker 8] [libqueen] push(q=0 f=0/4 p99rtt=33ms) pop(q=0 f=1/5 p99rtt=188ms) custom(q=0 f=1/1 p99rtt=9ms) slots=23/25 jobs/s=694 drains=2071 evl=0ms
[2026-06-04 08:21:33.966] [info] [Worker 5] [libqueen] push(q=5 f=0/4 p99rtt=32ms) pop(q=0 f=1/5 p99rtt=205ms) custom(q=0 f=0/1 p99rtt=6ms) slots=24/25 jobs/s=692 drains=2117 evl=0ms
[2026-06-04 08:21:33.968] [info] [Worker 6] [libqueen] push(q=5 f=0/4 p99rtt=32ms) pop(q=1 f=2/5 p99rtt=196ms) custom(q=0 f=0/1 p99rtt=9ms) slots=23/25 jobs/s=785 drains=2234 evl=0ms
[2026-06-04 08:21:33.972] [info] [Worker 1] [libqueen] push(q=0 f=1/4 p99rtt=32ms) pop(q=17 f=1/5 p99rtt=135ms) custom(q=0 f=0/1 p99rtt=9ms) slots=23/25 jobs/s=731 drains=2196 evl=0ms
[2026-06-04 08:21:33.996] [info] [Worker 3] [libqueen] push(q=0 f=1/4 p99rtt=33ms) pop(q=13 f=1/5 p99rtt=147ms) custom(q=0 f=0/1 p99rtt=6ms) slots=23/25 jobs/s=746 drains=2190 evl=0ms
[2026-06-04 08:21:34.011] [info] [Worker 0] [libqueen] push(q=5 f=0/4 p99rtt=34ms) pop(q=7 f=1/5 p99rtt=197ms) custom(q=0 f=0/1 p99rtt=8ms) slots=24/25 jobs/s=640 drains=2118 evl=0ms
[2026-06-04 08:21:34.015] [info] [Worker 9] [libqueen] push(q=5 f=0/4 p99rtt=30ms) pop(q=0 f=3/5 p99rtt=132ms) custom(q=0 f=0/1 p99rtt=10ms) slots=22/25 jobs/s=796 drains=2156 evl=0ms
[2026-06-04 08:21:34.021] [info] [Worker 2] [libqueen] push(q=0 f=1/4 p99rtt=27ms) pop(q=0 f=2/5 p99rtt=134ms) custom(q=0 f=0/1 p99rtt=7ms) slots=22/25 jobs/s=732 drains=2305 evl=0ms
[2026-06-04 08:21:34.914] [info] [Worker 4] [libqueen] push(q=5 f=0/5 p99rtt=28ms) pop(q=7 f=3/6 p99rtt=171ms) custom(q=0 f=0/1 p99rtt=6ms) slots=22/25 jobs/s=739 drains=2860 evl=0ms
[2026-06-04 08:21:34.940] [info] [Worker 7] [libqueen] push(q=0 f=1/5 p99rtt=29ms) pop(q=4 f=4/6 p99rtt=146ms) custom(q=0 f=0/1 p99rtt=6ms) slots=20/25 jobs/s=767 drains=2932 evl=0ms
[2026-06-04 08:21:34.949] [info] [Worker 8] [libqueen] push(q=5 f=0/5 p99rtt=31ms) pop(q=0 f=3/6 p99rtt=188ms) custom(q=0 f=0/1 p99rtt=7ms) slots=22/25 jobs/s=725 drains=2813 evl=0ms
[2026-06-04 08:21:34.966] [info] [Worker 5] [libqueen] push(q=0 f=1/5 p99rtt=32ms) pop(q=0 f=3/6 p99rtt=205ms) custom(q=0 f=0/1 p99rtt=7ms) slots=21/25 jobs/s=680 drains=2830 evl=0ms
[2026-06-04 08:21:34.969] [info] [Worker 6] [libqueen] push(q=0 f=1/5 p99rtt=31ms) pop(q=0 f=3/6 p99rtt=196ms) custom(q=0 f=0/1 p99rtt=9ms) slots=21/25 jobs/s=708 drains=2925 evl=0ms
[2026-06-04 08:21:34.972] [info] [Worker 1] [libqueen] push(q=0 f=1/5 p99rtt=31ms) pop(q=0 f=2/6 p99rtt=203ms) custom(q=0 f=0/1 p99rtt=7ms) slots=22/25 jobs/s=684 drains=2856 evl=0ms
[2026-06-04 08:21:34.997] [info] [Worker 3] [libqueen] push(q=0 f=1/5 p99rtt=33ms) pop(q=9 f=2/6 p99rtt=159ms) custom(q=0 f=0/1 p99rtt=7ms) slots=22/25 jobs/s=709 drains=2878 evl=0ms
[2026-06-04 08:21:35.011] [info] [Worker 0] [libqueen] push(q=5 f=0/5 p99rtt=32ms) pop(q=4 f=3/6 p99rtt=173ms) custom(q=0 f=0/1 p99rtt=8ms) slots=22/25 jobs/s=711 drains=2825 evl=0ms
[2026-06-04 08:21:35.016] [info] [Worker 9] [libqueen] push(q=5 f=0/5 p99rtt=30ms) pop(q=0 f=3/6 p99rtt=132ms) custom(q=0 f=0/1 p99rtt=10ms) slots=22/25 jobs/s=715 drains=2846 evl=0ms
[2026-06-04 08:21:35.021] [info] [Worker 2] [libqueen] push(q=5 f=0/5 p99rtt=27ms) pop(q=1 f=1/6 p99rtt=170ms) custom(q=0 f=0/1 p99rtt=7ms) slots=24/25 jobs/s=700 drains=2985 evl=0ms
[2026-06-04 08:21:35.359] [info] StatsService: cycle completed in 38ms
[2026-06-04 08:21:35.915] [info] [Worker 4] [libqueen] push(q=0 f=1/6 p99rtt=28ms) pop(q=0 f=2/7 p99rtt=171ms) custom(q=0 f=0/1 p99rtt=7ms) slots=22/25 jobs/s=671 drains=3566 evl=1ms
[2026-06-04 08:21:35.939] [info] [Worker 7] [libqueen] push(q=0 f=0/6 p99rtt=28ms) pop(q=0 f=3/7 p99rtt=140ms) custom(q=0 f=1/1 p99rtt=8ms) slots=21/25 jobs/s=673 drains=3613 evl=0ms
[2026-06-04 08:21:35.948] [info] [Worker 8] [libqueen] push(q=0 f=1/6 p99rtt=30ms) pop(q=0 f=2/6 p99rtt=182ms) custom(q=0 f=0/1 p99rtt=7ms) slots=22/25 jobs/s=675 drains=3501 evl=0ms
[2026-06-04 08:21:35.965] [info] [Worker 5] [libqueen] push(q=0 f=0/6 p99rtt=32ms) pop(q=0 f=1/7 p99rtt=205ms) custom(q=0 f=1/1 p99rtt=8ms) slots=23/25 jobs/s=612 drains=3446 evl=0ms
[2026-06-04 08:21:35.968] [info] [Worker 6] [libqueen] push(q=2 f=0/6 p99rtt=31ms) pop(q=0 f=3/7 p99rtt=145ms) custom(q=0 f=0/1 p99rtt=9ms) slots=22/25 jobs/s=751 drains=3618 evl=0ms
[2026-06-04 08:21:35.972] [info] [Worker 1] [libqueen] push(q=5 f=0/6 p99rtt=31ms) pop(q=4 f=2/7 p99rtt=194ms) custom(q=0 f=0/1 p99rtt=7ms) slots=23/25 jobs/s=681 drains=3554 evl=0ms
[2026-06-04 08:21:35.996] [info] [Worker 3] [libqueen] push(q=5 f=0/6 p99rtt=33ms) pop(q=0 f=2/7 p99rtt=169ms) custom(q=0 f=1/1 p99rtt=7ms) slots=22/25 jobs/s=683 drains=3528 evl=0ms
[2026-06-04 08:21:36.012] [info] [Worker 0] [libqueen] push(q=0 f=1/6 p99rtt=25ms) pop(q=0 f=3/7 p99rtt=173ms) custom(q=0 f=0/1 p99rtt=8ms) slots=21/25 jobs/s=647 drains=3485 evl=0ms
[2026-06-04 08:21:36.016] [info] [Worker 9] [libqueen] push(q=0 f=1/6 p99rtt=28ms) pop(q=0 f=3/7 p99rtt=139ms) custom(q=0 f=0/1 p99rtt=10ms) slots=21/25 jobs/s=684 drains=3541 evl=0ms
[2026-06-04 08:21:36.021] [info] [Worker 2] [libqueen] push(q=0 f=1/6 p99rtt=26ms) pop(q=3 f=2/7 p99rtt=170ms) custom(q=0 f=0/1 p99rtt=8ms) slots=22/25 jobs/s=652 drains=3674 evl=0ms
[2026-06-04 08:21:36.325] [info] PartitionLookupReconcileService: fixed 1 partition_lookup rows (stats leader, hostname=112aa6a7f2d1)
[2026-06-04 08:21:36.915] [info] [Worker 4] [libqueen] push(q=0 f=1/7 p99rtt=29ms) pop(q=1 f=4/8 p99rtt=172ms) custom(q=0 f=0/1 p99rtt=7ms) slots=20/25 jobs/s=717 drains=4242 evl=1ms
[2026-06-04 08:21:36.940] [info] [Worker 7] [libqueen] push(q=0 f=1/7 p99rtt=29ms) pop(q=0 f=2/8 p99rtt=185ms) custom(q=0 f=0/1 p99rtt=8ms) slots=22/25 jobs/s=615 drains=4299 evl=0ms
[2026-06-04 08:21:36.949] [info] [Worker 8] [libqueen] push(q=0 f=1/7 p99rtt=30ms) pop(q=2 f=2/7 p99rtt=182ms) custom(q=0 f=0/1 p99rtt=8ms) slots=22/25 jobs/s=716 drains=4226 evl=0ms
[2026-06-04 08:21:36.965] [info] [Worker 5] [libqueen] push(q=0 f=1/7 p99rtt=32ms) pop(q=0 f=2/8 p99rtt=217ms) custom(q=0 f=0/1 p99rtt=9ms) slots=22/25 jobs/s=642 drains=4086 evl=0ms
[2026-06-04 08:21:36.971] [info] [Worker 6] [libqueen] push(q=3 f=0/7 p99rtt=31ms) pop(q=0 f=2/8 p99rtt=196ms) custom(q=0 f=0/1 p99rtt=9ms) slots=23/25 jobs/s=720 drains=4310 evl=0ms
[2026-06-04 08:21:36.972] [info] [Worker 1] [libqueen] push(q=5 f=0/7 p99rtt=32ms) pop(q=0 f=3/8 p99rtt=194ms) custom(q=0 f=0/1 p99rtt=7ms) slots=22/25 jobs/s=715 drains=4235 evl=0ms
[2026-06-04 08:21:36.997] [info] [Worker 3] [libqueen] push(q=0 f=1/7 p99rtt=33ms) pop(q=0 f=4/8 p99rtt=164ms) custom(q=0 f=0/1 p99rtt=7ms) slots=20/25 jobs/s=656 drains=4209 evl=0ms
[2026-06-04 08:21:37.012] [info] [Worker 0] [libqueen] push(q=0 f=0/7 p99rtt=30ms) pop(q=0 f=1/7 p99rtt=173ms) custom(q=0 f=0/1 p99rtt=9ms) slots=24/25 jobs/s=659 drains=4090 evl=0ms
[2026-06-04 08:21:37.016] [info] [Worker 9] [libqueen] push(q=5 f=0/7 p99rtt=30ms) pop(q=7 f=3/8 p99rtt=143ms) custom(q=0 f=1/1 p99rtt=10ms) slots=21/25 jobs/s=690 drains=4202 evl=0ms
[2026-06-04 08:21:37.021] [info] [Worker 2] [libqueen] push(q=3 f=0/7 p99rtt=26ms) pop(q=0 f=3/8 p99rtt=170ms) custom(q=0 f=0/1 p99rtt=8ms) slots=22/25 jobs/s=697 drains=4429 evl=0ms
[2026-06-04 08:21:37.914] [info] [Worker 4] [libqueen] push(q=0 f=1/8 p99rtt=28ms) pop(q=1 f=3/8 p99rtt=172ms) custom(q=0 f=0/1 p99rtt=9ms) slots=21/25 jobs/s=719 drains=4990 evl=0ms
[2026-06-04 08:21:37.939] [info] [Worker 7] [libqueen] push(q=0 f=1/8 p99rtt=28ms) pop(q=0 f=3/9 p99rtt=226ms) custom(q=0 f=0/1 p99rtt=8ms) slots=21/25 jobs/s=629 drains=4897 evl=0ms
[2026-06-04 08:21:37.949] [info] [Worker 8] [libqueen] push(q=0 f=0/8 p99rtt=30ms) pop(q=5 f=3/8 p99rtt=203ms) custom(q=0 f=1/1 p99rtt=8ms) slots=21/25 jobs/s=597 drains=4852 evl=0ms
[2026-06-04 08:21:37.966] [info] [Worker 5] [libqueen] push(q=0 f=1/8 p99rtt=28ms) pop(q=0 f=3/9 p99rtt=205ms) custom(q=0 f=0/1 p99rtt=9ms) slots=21/25 jobs/s=677 drains=4808 evl=0ms
[2026-06-04 08:21:37.971] [info] [Worker 6] [libqueen] push(q=0 f=1/8 p99rtt=30ms) pop(q=0 f=4/9 p99rtt=196ms) custom(q=0 f=0/1 p99rtt=9ms) slots=20/25 jobs/s=636 drains=4947 evl=0ms
[2026-06-04 08:21:37.972] [info] [Worker 1] [libqueen] push(q=0 f=1/8 p99rtt=31ms) pop(q=0 f=3/9 p99rtt=213ms) custom(q=0 f=0/1 p99rtt=8ms) slots=21/25 jobs/s=598 drains=4803 evl=0ms
[2026-06-04 08:21:37.997] [info] [Worker 3] [libqueen] push(q=0 f=0/8 p99rtt=33ms) pop(q=0 f=3/9 p99rtt=169ms) custom(q=0 f=1/1 p99rtt=7ms) slots=21/25 jobs/s=638 drains=4825 evl=0ms
[2026-06-04 08:21:38.012] [info] [Worker 0] [libqueen] push(q=5 f=0/8 p99rtt=32ms) pop(q=13 f=4/8 p99rtt=210ms) custom(q=0 f=0/1 p99rtt=9ms) slots=21/25 jobs/s=635 drains=4796 evl=0ms
[2026-06-04 08:21:38.016] [info] [Worker 9] [libqueen] push(q=0 f=1/8 p99rtt=30ms) pop(q=0 f=3/8 p99rtt=178ms) custom(q=0 f=0/1 p99rtt=10ms) slots=21/25 jobs/s=673 drains=4891 evl=0ms
[2026-06-04 08:21:38.021] [info] [Worker 2] [libqueen] push(q=5 f=0/8 p99rtt=26ms) pop(q=0 f=3/9 p99rtt=182ms) custom(q=0 f=1/1 p99rtt=9ms) slots=21/25 jobs/s=660 drains=5134 evl=0ms
[2026-06-04 08:21:38.919] [info] [Worker 4] [libqueen] push(q=0 f=1/9 p99rtt=30ms) pop(q=0 f=3/9 p99rtt=181ms) custom(q=0 f=0/1 p99rtt=9ms) slots=21/25 jobs/s=602 drains=5607 evl=0ms
[2026-06-04 08:21:38.940] [info] [Worker 7] [libqueen] push(q=3 f=0/9 p99rtt=30ms) pop(q=0 f=2/10 p99rtt=226ms) custom(q=0 f=0/1 p99rtt=10ms) slots=23/25 jobs/s=593 drains=5472 evl=0ms
[2026-06-04 08:21:38.949] [info] [Worker 8] [libqueen] push(q=5 f=0/9 p99rtt=31ms) pop(q=1 f=3/9 p99rtt=237ms) custom(q=0 f=0/1 p99rtt=9ms) slots=22/25 jobs/s=610 drains=5478 evl=0ms
[2026-06-04 08:21:38.966] [info] [Worker 5] [libqueen] push(q=0 f=0/9 p99rtt=32ms) pop(q=0 f=3/10 p99rtt=217ms) custom(q=0 f=1/1 p99rtt=10ms) slots=21/25 jobs/s=609 drains=5432 evl=0ms
[2026-06-04 08:21:38.971] [info] [Worker 6] [libqueen] push(q=0 f=1/9 p99rtt=32ms) pop(q=0 f=3/10 p99rtt=234ms) custom(q=0 f=0/1 p99rtt=10ms) slots=21/25 jobs/s=574 drains=5523 evl=0ms
[2026-06-04 08:21:38.971] [info] [Worker 1] [libqueen] push(q=5 f=0/9 p99rtt=32ms) pop(q=10 f=2/10 p99rtt=213ms) custom(q=0 f=0/1 p99rtt=9ms) slots=23/25 jobs/s=621 drains=5410 evl=0ms
[2026-06-04 08:21:38.997] [info] [Worker 3] [libqueen] push(q=5 f=0/9 p99rtt=33ms) pop(q=5 f=2/10 p99rtt=227ms) custom(q=0 f=0/1 p99rtt=8ms) slots=23/25 jobs/s=652 drains=5477 evl=0ms
[2026-06-04 08:21:39.013] [info] [Worker 0] [libqueen] push(q=0 f=1/9 p99rtt=32ms) pop(q=1 f=2/9 p99rtt=210ms) custom(q=0 f=0/1 p99rtt=9ms) slots=22/25 jobs/s=593 drains=5387 evl=0ms
[2026-06-04 08:21:39.016] [info] [Worker 9] [libqueen] push(q=0 f=1/9 p99rtt=30ms) pop(q=0 f=3/9 p99rtt=208ms) custom(q=0 f=0/1 p99rtt=9ms) slots=21/25 jobs/s=576 drains=5449 evl=0ms
[2026-06-04 08:21:39.021] [info] [Worker 2] [libqueen] push(q=5 f=0/9 p99rtt=27ms) pop(q=10 f=2/10 p99rtt=230ms) custom(q=0 f=0/1 p99rtt=9ms) slots=23/25 jobs/s=581 drains=5728 evl=0ms
[2026-06-04 08:21:39.918] [info] [Worker 4] [libqueen] push(q=5 f=0/10 p99rtt=30ms) pop(q=3 f=2/10 p99rtt=195ms) custom(q=0 f=0/1 p99rtt=9ms) slots=23/25 jobs/s=687 drains=6303 evl=0ms
[2026-06-04 08:21:39.939] [info] [Worker 7] [libqueen] push(q=2 f=0/10 p99rtt=29ms) pop(q=0 f=4/11 p99rtt=226ms) custom(q=0 f=0/1 p99rtt=9ms) slots=21/25 jobs/s=639 drains=6125 evl=0ms
[2026-06-04 08:21:39.949] [info] [Worker 8] [libqueen] push(q=0 f=1/10 p99rtt=30ms) pop(q=0 f=3/10 p99rtt=237ms) custom(q=0 f=0/1 p99rtt=9ms) slots=21/25 jobs/s=665 drains=6144 evl=0ms
[2026-06-04 08:21:39.966] [info] [Worker 5] [libqueen] push(q=0 f=1/10 p99rtt=32ms) pop(q=0 f=3/11 p99rtt=217ms) custom(q=0 f=0/1 p99rtt=10ms) slots=21/25 jobs/s=677 drains=6112 evl=0ms
[2026-06-04 08:21:39.971] [info] [Worker 6] [libqueen] push(q=5 f=0/10 p99rtt=31ms) pop(q=1 f=3/10 p99rtt=229ms) custom(q=0 f=0/1 p99rtt=9ms) slots=22/25 jobs/s=710 drains=6228 evl=0ms
[2026-06-04 08:21:39.972] [info] [Worker 1] [libqueen] push(q=5 f=0/10 p99rtt=32ms) pop(q=8 f=3/11 p99rtt=213ms) custom(q=0 f=0/1 p99rtt=9ms) slots=22/25 jobs/s=683 drains=6065 evl=0ms
[2026-06-04 08:21:39.997] [info] [Worker 3] [libqueen] push(q=0 f=1/10 p99rtt=33ms) pop(q=0 f=3/11 p99rtt=227ms) custom(q=0 f=0/1 p99rtt=8ms) slots=21/25 jobs/s=703 drains=6172 evl=0ms
[2026-06-04 08:21:40.012] [info] [Worker 0] [libqueen] push(q=0 f=1/10 p99rtt=32ms) pop(q=3 f=3/10 p99rtt=219ms) custom(q=0 f=0/1 p99rtt=9ms) slots=21/25 jobs/s=649 drains=6050 evl=0ms
[2026-06-04 08:21:40.016] [info] [Worker 9] [libqueen] push(q=0 f=1/10 p99rtt=32ms) pop(q=3 f=3/10 p99rtt=208ms) custom(q=0 f=0/1 p99rtt=9ms) slots=21/25 jobs/s=618 drains=6098 evl=0ms
[2026-06-04 08:21:40.021] [info] [Worker 2] [libqueen] push(q=5 f=0/10 p99rtt=27ms) pop(q=4 f=2/10 p99rtt=220ms) custom(q=0 f=0/1 p99rtt=9ms) slots=23/25 jobs/s=710 drains=6442 evl=0ms
[2026-06-04 08:21:40.919] [info] [Worker 4] [libqueen] push(q=0 f=1/11 p99rtt=29ms) pop(q=0 f=2/10 p99rtt=216ms) custom(q=0 f=0/1 p99rtt=9ms) slots=22/25 jobs/s=597 drains=6930 evl=0ms
[2026-06-04 08:21:40.940] [info] [Worker 7] [libqueen] push(q=5 f=0/11 p99rtt=30ms) pop(q=8 f=2/12 p99rtt=226ms) custom(q=0 f=0/1 p99rtt=9ms) slots=23/25 jobs/s=662 drains=6816 evl=0ms
[2026-06-04 08:21:40.949] [info] [Worker 8] [libqueen] push(q=0 f=1/11 p99rtt=30ms) pop(q=6 f=2/11 p99rtt=228ms) custom(q=0 f=0/1 p99rtt=10ms) slots=22/25 jobs/s=629 drains=6803 evl=0ms
[2026-06-04 08:21:40.966] [info] [Worker 5] [libqueen] push(q=0 f=1/11 p99rtt=32ms) pop(q=0 f=3/12 p99rtt=243ms) custom(q=0 f=0/1 p99rtt=9ms) slots=21/25 jobs/s=647 drains=6754 evl=0ms
[2026-06-04 08:21:40.973] [info] [Worker 1] [libqueen] push(q=0 f=1/11 p99rtt=32ms) pop(q=0 f=3/12 p99rtt=213ms) custom(q=0 f=0/1 p99rtt=9ms) slots=21/25 jobs/s=647 drains=6739 evl=0ms
[2026-06-04 08:21:40.973] [info] [Worker 6] [libqueen] push(q=0 f=1/11 p99rtt=32ms) pop(q=0 f=3/11 p99rtt=243ms) custom(q=0 f=0/1 p99rtt=9ms) slots=21/25 jobs/s=601 drains=6878 evl=0ms
[2026-06-04 08:21:40.997] [info] [Worker 3] [libqueen] push(q=5 f=0/11 p99rtt=33ms) pop(q=4 f=3/12 p99rtt=202ms) custom(q=0 f=0/1 p99rtt=8ms) slots=22/25 jobs/s=617 drains=6771 evl=0ms
[2026-06-04 08:21:41.014] [info] [Worker 0] [libqueen] push(q=5 f=0/11 p99rtt=32ms) pop(q=2 f=3/10 p99rtt=212ms) custom(q=0 f=0/1 p99rtt=9ms) slots=22/25 jobs/s=644 drains=6682 evl=0ms
[2026-06-04 08:21:41.017] [info] [Worker 9] [libqueen] push(q=5 f=0/11 p99rtt=32ms) pop(q=0 f=2/11 p99rtt=249ms) custom(q=0 f=0/1 p99rtt=9ms) slots=23/25 jobs/s=645 drains=6756 evl=0ms
[2026-06-04 08:21:41.021] [info] [Worker 2] [libqueen] push(q=5 f=0/11 p99rtt=30ms) pop(q=0 f=2/11 p99rtt=220ms) custom(q=0 f=0/1 p99rtt=9ms) slots=23/25 jobs/s=570 drains=7027 evl=0ms
[2026-06-04 08:21:41.919] [info] [Worker 4] [libqueen] push(q=0 f=1/12 p99rtt=30ms) pop(q=0 f=2/10 p99rtt=220ms) custom(q=0 f=0/1 p99rtt=10ms) slots=22/25 jobs/s=636 drains=7553 evl=0ms
[2026-06-04 08:21:41.939] [info] [Worker 7] [libqueen] push(q=0 f=1/12 p99rtt=30ms) pop(q=0 f=4/12 p99rtt=212ms) custom(q=0 f=0/1 p99rtt=9ms) slots=20/25 jobs/s=667 drains=7457 evl=0ms
[2026-06-04 08:21:41.950] [info] [Worker 8] [libqueen] push(q=0 f=1/12 p99rtt=31ms) pop(q=5 f=3/12 p99rtt=244ms) custom(q=0 f=0/1 p99rtt=10ms) slots=21/25 jobs/s=597 drains=7431 evl=0ms
[2026-06-04 08:21:41.966] [info] [Worker 5] [libqueen] push(q=0 f=1/12 p99rtt=32ms) pop(q=0 f=3/13 p99rtt=243ms) custom(q=0 f=0/1 p99rtt=9ms) slots=21/25 jobs/s=634 drains=7357 evl=0ms
[2026-06-04 08:21:41.973] [info] [Worker 6] [libqueen] push(q=0 f=1/12 p99rtt=35ms) pop(q=0 f=3/12 p99rtt=244ms) custom(q=0 f=0/1 p99rtt=9ms) slots=21/25 jobs/s=604 drains=7470 evl=0ms
[2026-06-04 08:21:41.974] [info] [Worker 1] [libqueen] push(q=0 f=1/12 p99rtt=32ms) pop(q=0 f=4/13 p99rtt=237ms) custom(q=0 f=0/1 p99rtt=9ms) slots=20/25 jobs/s=572 drains=7331 evl=0ms
[2026-06-04 08:21:41.998] [info] [Worker 3] [libqueen] push(q=0 f=1/12 p99rtt=34ms) pop(q=4 f=2/13 p99rtt=227ms) custom(q=0 f=0/1 p99rtt=8ms) slots=22/25 jobs/s=604 drains=7393 evl=0ms
[2026-06-04 08:21:42.015] [info] [Worker 0] [libqueen] push(q=5 f=0/12 p99rtt=32ms) pop(q=0 f=2/11 p99rtt=219ms) custom(q=0 f=0/1 p99rtt=9ms) slots=23/25 jobs/s=695 drains=7329 evl=0ms
[2026-06-04 08:21:42.016] [info] [Worker 9] [libqueen] push(q=5 f=0/12 p99rtt=32ms) pop(q=0 f=3/12 p99rtt=214ms) custom(q=0 f=0/1 p99rtt=9ms) slots=22/25 jobs/s=598 drains=7357 evl=0ms
[2026-06-04 08:21:42.020] [info] [Worker 2] [libqueen] push(q=0 f=1/12 p99rtt=31ms) pop(q=3 f=3/12 p99rtt=228ms) custom(q=0 f=0/1 p99rtt=9ms) slots=21/25 jobs/s=572 drains=7630 evl=0ms
[2026-06-04 08:21:42.351] [info] PartitionLookupReconcileService: fixed 1 partition_lookup rows (stats leader, hostname=112aa6a7f2d1)
[2026-06-04 08:21:42.918] [info] [Worker 4] [libqueen] push(q=5 f=0/13 p99rtt=29ms) pop(q=0 f=3/11 p99rtt=224ms) custom(q=0 f=0/1 p99rtt=9ms) slots=22/25 jobs/s=642 drains=8228 evl=0ms
[2026-06-04 08:21:42.940] [info] [Worker 7] [libqueen] push(q=0 f=1/13 p99rtt=30ms) pop(q=0 f=4/12 p99rtt=226ms) custom(q=0 f=0/1 p99rtt=9ms) slots=20/25 jobs/s=612 drains=8098 evl=0ms
[2026-06-04 08:21:42.950] [info] [Worker 8] [libqueen] push(q=5 f=0/13 p99rtt=30ms) pop(q=2 f=3/13 p99rtt=255ms) custom(q=0 f=0/1 p99rtt=10ms) slots=22/25 jobs/s=606 drains=8030 evl=0ms
[2026-06-04 08:21:42.966] [info] [Worker 5] [libqueen] push(q=5 f=0/13 p99rtt=32ms) pop(q=0 f=4/13 p99rtt=243ms) custom(q=0 f=0/1 p99rtt=9ms) slots=21/25 jobs/s=651 drains=7992 evl=0ms
[2026-06-04 08:21:42.973] [info] [Worker 6] [libqueen] push(q=0 f=1/13 p99rtt=35ms) pop(q=12 f=2/12 p99rtt=249ms) custom(q=0 f=0/1 p99rtt=8ms) slots=22/25 jobs/s=566 drains=8098 evl=0ms
[2026-06-04 08:21:42.974] [info] [Worker 1] [libqueen] push(q=5 f=0/13 p99rtt=32ms) pop(q=5 f=3/14 p99rtt=243ms) custom(q=0 f=0/1 p99rtt=10ms) slots=22/25 jobs/s=666 drains=7975 evl=0ms
[2026-06-04 08:21:42.998] [info] [Worker 3] [libqueen] push(q=0 f=1/13 p99rtt=33ms) pop(q=0 f=3/14 p99rtt=244ms) custom(q=0 f=0/1 p99rtt=8ms) slots=21/25 jobs/s=603 drains=8027 evl=0ms
[2026-06-04 08:21:43.015] [info] [Worker 0] [libqueen] push(q=0 f=1/13 p99rtt=30ms) pop(q=1 f=3/12 p99rtt=219ms) custom(q=0 f=0/1 p99rtt=9ms) slots=21/25 jobs/s=631 drains=7917 evl=0ms
[2026-06-04 08:21:43.019] [info] [Worker 9] [libqueen] push(q=0 f=1/13 p99rtt=32ms) pop(q=4 f=4/13 p99rtt=249ms) custom(q=0 f=0/1 p99rtt=9ms) slots=20/25 jobs/s=618 drains=7984 evl=0ms
[2026-06-04 08:21:43.020] [info] [Worker 2] [libqueen] push(q=0 f=1/13 p99rtt=31ms) pop(q=0 f=3/12 p99rtt=233ms) custom(q=0 f=0/1 p99rtt=9ms) slots=21/25 jobs/s=665 drains=8336 evl=0ms
[2026-06-04 08:21:43.919] [info] [Worker 4] [libqueen] push(q=5 f=0/14 p99rtt=30ms) pop(q=3 f=4/12 p99rtt=231ms) custom(q=0 f=0/1 p99rtt=10ms) slots=21/25 jobs/s=590 drains=8852 evl=0ms
[2026-06-04 08:21:43.940] [info] [Worker 7] [libqueen] push(q=3 f=0/14 p99rtt=31ms) pop(q=1 f=4/13 p99rtt=228ms) custom(q=0 f=0/1 p99rtt=10ms) slots=21/25 jobs/s=583 drains=8632 evl=0ms
[2026-06-04 08:21:43.949] [info] [Worker 8] [libqueen] push(q=5 f=0/14 p99rtt=31ms) pop(q=14 f=3/14 p99rtt=255ms) custom(q=0 f=0/1 p99rtt=12ms) slots=22/25 jobs/s=578 drains=8627 evl=0ms
[2026-06-04 08:21:43.966] [info] [Worker 5] [libqueen] push(q=0 f=1/14 p99rtt=32ms) pop(q=4 f=5/13 p99rtt=251ms) custom(q=0 f=0/1 p99rtt=12ms) slots=19/25 jobs/s=599 drains=8623 evl=0ms
[2026-06-04 08:21:43.973] [info] [Worker 6] [libqueen] push(q=0 f=1/14 p99rtt=36ms) pop(q=6 f=3/13 p99rtt=252ms) custom(q=0 f=0/1 p99rtt=9ms) slots=21/25 jobs/s=539 drains=8685 evl=0ms
[2026-06-04 08:21:43.975] [info] [Worker 1] [libqueen] push(q=5 f=0/14 p99rtt=32ms) pop(q=0 f=3/15 p99rtt=258ms) custom(q=0 f=0/1 p99rtt=10ms) slots=22/25 jobs/s=539 drains=8570 evl=0ms
[2026-06-04 08:21:43.998] [info] [Worker 3] [libqueen] push(q=0 f=1/14 p99rtt=33ms) pop(q=0 f=3/14 p99rtt=264ms) custom(q=0 f=0/1 p99rtt=9ms) slots=21/25 jobs/s=597 drains=8615 evl=0ms
[2026-06-04 08:21:44.016] [info] [Worker 0] [libqueen] push(q=0 f=0/14 p99rtt=32ms) pop(q=0 f=4/13 p99rtt=223ms) custom(q=0 f=1/1 p99rtt=9ms) slots=20/25 jobs/s=589 drains=8529 evl=0ms
[2026-06-04 08:21:44.019] [info] [Worker 9] [libqueen] push(q=5 f=0/14 p99rtt=33ms) pop(q=0 f=3/14 p99rtt=269ms) custom(q=0 f=0/1 p99rtt=9ms) slots=22/25 jobs/s=513 drains=8545 evl=0ms
[2026-06-04 08:21:44.021] [info] [Worker 2] [libqueen] push(q=5 f=0/14 p99rtt=34ms) pop(q=4 f=3/13 p99rtt=233ms) custom(q=0 f=0/1 p99rtt=10ms) slots=22/25 jobs/s=574 drains=8891 evl=0ms
[2026-06-04 08:21:44.918] [info] [Worker 4] [libqueen] push(q=5 f=0/15 p99rtt=30ms) pop(q=0 f=4/13 p99rtt=232ms) custom(q=0 f=0/1 p99rtt=10ms) slots=21/25 jobs/s=674 drains=9557 evl=0ms
[2026-06-04 08:21:44.938] [info] [Worker 7] [libqueen] push(q=5 f=0/15 p99rtt=33ms) pop(q=0 f=4/13 p99rtt=237ms) custom(q=0 f=0/1 p99rtt=10ms) slots=21/25 jobs/s=617 drains=9210 evl=0ms
[2026-06-04 08:21:44.949] [info] [Worker 8] [libqueen] push(q=5 f=0/15 p99rtt=32ms) pop(q=5 f=3/15 p99rtt=262ms) custom(q=0 f=1/1 p99rtt=10ms) slots=21/25 jobs/s=539 drains=9195 evl=0ms
[2026-06-04 08:21:44.965] [info] [Worker 5] [libqueen] push(q=5 f=0/15 p99rtt=32ms) pop(q=1 f=3/14 p99rtt=272ms) custom(q=0 f=0/1 p99rtt=12ms) slots=22/25 jobs/s=623 drains=9262 evl=0ms
[2026-06-04 08:21:44.972] [info] [Worker 6] [libqueen] push(q=0 f=1/15 p99rtt=36ms) pop(q=0 f=3/14 p99rtt=265ms) custom(q=0 f=0/1 p99rtt=9ms) slots=21/25 jobs/s=636 drains=9328 evl=0ms
[2026-06-04 08:21:44.974] [info] [Worker 1] [libqueen] push(q=0 f=1/15 p99rtt=32ms) pop(q=10 f=4/16 p99rtt=270ms) custom(q=0 f=0/1 p99rtt=10ms) slots=20/25 jobs/s=555 drains=9167 evl=0ms
[2026-06-04 08:21:44.996] [info] [Worker 3] [libqueen] push(q=0 f=1/15 p99rtt=33ms) pop(q=4 f=3/15 p99rtt=271ms) custom(q=0 f=0/1 p99rtt=9ms) slots=21/25 jobs/s=564 drains=9247 evl=0ms
[2026-06-04 08:21:45.013] [info] [Worker 0] [libqueen] push(q=0 f=1/15 p99rtt=32ms) pop(q=0 f=4/14 p99rtt=223ms) custom(q=0 f=0/1 p99rtt=10ms) slots=20/25 jobs/s=624 drains=9168 evl=0ms
[2026-06-04 08:21:45.019] [info] [Worker 9] [libqueen] push(q=3 f=0/15 p99rtt=33ms) pop(q=0 f=4/14 p99rtt=282ms) custom(q=0 f=1/1 p99rtt=10ms) slots=20/25 jobs/s=557 drains=9111 evl=0ms
[2026-06-04 08:21:45.020] [info] [Worker 2] [libqueen] push(q=0 f=1/15 p99rtt=33ms) pop(q=0 f=5/14 p99rtt=238ms) custom(q=0 f=0/1 p99rtt=10ms) slots=19/25 jobs/s=596 drains=9512 evl=0ms
[2026-06-04 08:21:45.919] [info] [Worker 4] [libqueen] push(q=5 f=0/16 p99rtt=30ms) pop(q=3 f=4/13 p99rtt=255ms) custom(q=0 f=0/1 p99rtt=11ms) slots=21/25 jobs/s=587 drains=10205 evl=1ms
[2026-06-04 08:21:45.940] [info] [Worker 7] [libqueen] push(q=0 f=1/16 p99rtt=33ms) pop(q=0 f=5/13 p99rtt=239ms) custom(q=0 f=0/1 p99rtt=10ms) slots=19/25 jobs/s=581 drains=9806 evl=0ms
[2026-06-04 08:21:45.949] [info] [Worker 8] [libqueen] push(q=5 f=0/16 p99rtt=33ms) pop(q=3 f=3/15 p99rtt=274ms) custom(q=0 f=0/1 p99rtt=10ms) slots=22/25 jobs/s=541 drains=9761 evl=0ms
[2026-06-04 08:21:45.966] [info] [Worker 5] [libqueen] push(q=5 f=0/16 p99rtt=32ms) pop(q=1 f=5/14 p99rtt=274ms) custom(q=0 f=0/1 p99rtt=12ms) slots=20/25 jobs/s=599 drains=9871 evl=0ms
[2026-06-04 08:21:45.973] [info] [Worker 6] [libqueen] push(q=5 f=0/16 p99rtt=36ms) pop(q=2 f=3/14 p99rtt=267ms) custom(q=0 f=0/1 p99rtt=9ms) slots=22/25 jobs/s=568 drains=9894 evl=0ms
[2026-06-04 08:21:45.975] [info] [Worker 1] [libqueen] push(q=0 f=1/16 p99rtt=32ms) pop(q=0 f=4/16 p99rtt=270ms) custom(q=0 f=0/1 p99rtt=10ms) slots=20/25 jobs/s=573 drains=9744 evl=0ms
[2026-06-04 08:21:45.998] [info] [Worker 3] [libqueen] push(q=2 f=0/16 p99rtt=33ms) pop(q=0 f=5/16 p99rtt=271ms) custom(q=0 f=1/1 p99rtt=9ms) slots=19/25 jobs/s=580 drains=9851 evl=0ms
[2026-06-04 08:21:46.015] [info] [Worker 0] [libqueen] push(q=0 f=1/16 p99rtt=32ms) pop(q=0 f=5/14 p99rtt=242ms) custom(q=0 f=0/1 p99rtt=10ms) slots=19/25 jobs/s=530 drains=9753 evl=0ms
[2026-06-04 08:21:46.020] [info] [Worker 9] [libqueen] push(q=0 f=1/16 p99rtt=33ms) pop(q=0 f=4/15 p99rtt=286ms) custom(q=0 f=0/1 p99rtt=10ms) slots=20/25 jobs/s=612 drains=9689 evl=0ms
[2026-06-04 08:21:46.021] [info] [Worker 2] [libqueen] push(q=0 f=1/16 p99rtt=33ms) pop(q=3 f=3/15 p99rtt=248ms) custom(q=0 f=0/1 p99rtt=10ms) slots=21/25 jobs/s=582 drains=10040 evl=0ms
[2026-06-04 08:21:46.372] [info] StatsService: cycle completed in 50ms
[2026-06-04 08:21:46.918] [info] [Worker 4] [libqueen] push(q=0 f=1/17 p99rtt=30ms) pop(q=0 f=4/13 p99rtt=254ms) custom(q=0 f=0/1 p99rtt=11ms) slots=20/25 jobs/s=610 drains=10754 evl=0ms
[2026-06-04 08:21:46.941] [info] [Worker 7] [libqueen] push(q=0 f=1/17 p99rtt=31ms) pop(q=0 f=5/13 p99rtt=249ms) custom(q=0 f=0/1 p99rtt=10ms) slots=19/25 jobs/s=598 drains=10373 evl=0ms
[2026-06-04 08:21:46.950] [info] [Worker 8] [libqueen] push(q=0 f=1/17 p99rtt=33ms) pop(q=0 f=4/15 p99rtt=286ms) custom(q=0 f=0/1 p99rtt=10ms) slots=20/25 jobs/s=557 drains=10298 evl=0ms
[2026-06-04 08:21:46.967] [info] [Worker 5] [libqueen] push(q=0 f=1/17 p99rtt=32ms) pop(q=0 f=4/15 p99rtt=280ms) custom(q=0 f=0/1 p99rtt=12ms) slots=20/25 jobs/s=574 drains=10479 evl=0ms
[2026-06-04 08:21:46.974] [info] [Worker 6] [libqueen] push(q=5 f=0/17 p99rtt=36ms) pop(q=0 f=4/14 p99rtt=267ms) custom(q=0 f=0/1 p99rtt=10ms) slots=21/25 jobs/s=558 drains=10488 evl=0ms
[2026-06-04 08:21:46.975] [info] [Worker 1] [libqueen] push(q=0 f=1/17 p99rtt=32ms) pop(q=1 f=4/16 p99rtt=274ms) custom(q=0 f=0/1 p99rtt=13ms) slots=20/25 jobs/s=521 drains=10283 evl=0ms
[2026-06-04 08:21:46.998] [info] [Worker 3] [libqueen] push(q=0 f=1/17 p99rtt=33ms) pop(q=1 f=4/16 p99rtt=282ms) custom(q=0 f=0/1 p99rtt=9ms) slots=20/25 jobs/s=539 drains=10415 evl=0ms
[2026-06-04 08:21:47.017] [info] [Worker 0] [libqueen] push(q=0 f=1/17 p99rtt=32ms) pop(q=1 f=4/15 p99rtt=242ms) custom(q=0 f=0/1 p99rtt=10ms) slots=20/25 jobs/s=572 drains=10349 evl=0ms
[2026-06-04 08:21:47.021] [info] [Worker 2] [libqueen] push(q=0 f=1/17 p99rtt=32ms) pop(q=0 f=3/15 p99rtt=264ms) custom(q=0 f=0/1 p99rtt=11ms) slots=21/25 jobs/s=573 drains=10635 evl=0ms
[2026-06-04 08:21:47.021] [info] [Worker 9] [libqueen] push(q=0 f=1/17 p99rtt=33ms) pop(q=0 f=3/15 p99rtt=287ms) custom(q=0 f=0/1 p99rtt=11ms) slots=21/25 jobs/s=547 drains=10250 evl=0ms
[2026-06-04 08:21:47.919] [info] [Worker 4] [libqueen] push(q=0 f=1/18 p99rtt=30ms) pop(q=4 f=3/13 p99rtt=259ms) custom(q=0 f=0/1 p99rtt=12ms) slots=21/25 jobs/s=558 drains=11345 evl=0ms
[2026-06-04 08:21:47.940] [info] [Worker 7] [libqueen] push(q=0 f=1/18 p99rtt=33ms) pop(q=0 f=4/14 p99rtt=255ms) custom(q=0 f=0/1 p99rtt=11ms) slots=20/25 jobs/s=561 drains=10949 evl=0ms
[2026-06-04 08:21:47.950] [info] [Worker 8] [libqueen] push(q=5 f=0/18 p99rtt=33ms) pop(q=0 f=4/16 p99rtt=307ms) custom(q=0 f=0/1 p99rtt=12ms) slots=21/25 jobs/s=499 drains=10793 evl=0ms
[2026-06-04 08:21:47.967] [info] [Worker 5] [libqueen] push(q=5 f=0/18 p99rtt=34ms) pop(q=0 f=4/16 p99rtt=283ms) custom(q=0 f=0/1 p99rtt=13ms) slots=21/25 jobs/s=540 drains=11042 evl=0ms
[2026-06-04 08:21:47.974] [info] [Worker 6] [libqueen] push(q=0 f=1/18 p99rtt=36ms) pop(q=0 f=4/15 p99rtt=278ms) custom(q=0 f=0/1 p99rtt=11ms) slots=20/25 jobs/s=516 drains=10981 evl=0ms
[2026-06-04 08:21:47.975] [info] [Worker 1] [libqueen] push(q=0 f=1/18 p99rtt=32ms) pop(q=0 f=6/16 p99rtt=276ms) custom(q=0 f=0/1 p99rtt=13ms) slots=18/25 jobs/s=513 drains=10873 evl=0ms
[2026-06-04 08:21:47.998] [info] [Worker 3] [libqueen] push(q=5 f=0/18 p99rtt=34ms) pop(q=0 f=4/16 p99rtt=282ms) custom(q=0 f=0/1 p99rtt=9ms) slots=21/25 jobs/s=570 drains=11014 evl=0ms
[2026-06-04 08:21:48.016] [info] [Worker 0] [libqueen] push(q=5 f=0/18 p99rtt=32ms) pop(q=0 f=5/16 p99rtt=285ms) custom(q=0 f=0/1 p99rtt=10ms) slots=20/25 jobs/s=563 drains=10939 evl=0ms
[2026-06-04 08:21:48.021] [info] [Worker 2] [libqueen] push(q=0 f=0/18 p99rtt=33ms) pop(q=0 f=4/16 p99rtt=277ms) custom(q=0 f=0/1 p99rtt=11ms) slots=21/25 jobs/s=535 drains=11223 evl=0ms
[2026-06-04 08:21:48.022] [info] [Worker 9] [libqueen] push(q=0 f=1/18 p99rtt=33ms) pop(q=0 f=3/15 p99rtt=321ms) custom(q=0 f=0/1 p99rtt=11ms) slots=21/25 jobs/s=533 drains=10860 evl=0ms
[2026-06-04 08:21:48.919] [info] [Worker 4] [libqueen] push(q=0 f=1/19 p99rtt=30ms) pop(q=8 f=4/13 p99rtt=263ms) custom(q=0 f=0/1 p99rtt=12ms) slots=20/25 jobs/s=586 drains=11952 evl=0ms
[2026-06-04 08:21:48.940] [info] [Worker 7] [libqueen] push(q=0 f=1/19 p99rtt=33ms) pop(q=0 f=4/15 p99rtt=274ms) custom(q=0 f=0/1 p99rtt=12ms) slots=20/25 jobs/s=526 drains=11496 evl=0ms
[2026-06-04 08:21:48.950] [info] [Worker 8] [libqueen] push(q=0 f=1/19 p99rtt=34ms) pop(q=0 f=4/16 p99rtt=329ms) custom(q=0 f=1/1 p99rtt=12ms) slots=19/25 jobs/s=484 drains=11294 evl=0ms
[2026-06-04 08:21:48.967] [info] [Worker 5] [libqueen] push(q=0 f=1/19 p99rtt=33ms) pop(q=0 f=5/16 p99rtt=283ms) custom(q=0 f=0/1 p99rtt=13ms) slots=19/25 jobs/s=574 drains=11637 evl=0ms
[2026-06-04 08:21:48.974] [info] [Worker 1] [libqueen] push(q=5 f=0/19 p99rtt=33ms) pop(q=0 f=2/16 p99rtt=276ms) custom(q=0 f=1/1 p99rtt=14ms) slots=22/25 jobs/s=582 drains=11470 evl=0ms
[2026-06-04 08:21:48.982] [info] [Worker 6] [libqueen] push(q=0 f=1/19 p99rtt=36ms) pop(q=0 f=2/16 p99rtt=286ms) custom(q=0 f=1/1 p99rtt=12ms) slots=21/25 jobs/s=565 drains=11529 evl=0ms
[2026-06-04 08:21:48.998] [info] [Worker 3] [libqueen] push(q=5 f=0/19 p99rtt=34ms) pop(q=0 f=3/16 p99rtt=291ms) custom(q=0 f=0/1 p99rtt=10ms) slots=22/25 jobs/s=516 drains=11523 evl=0ms
[2026-06-04 08:21:49.016] [info] [Worker 0] [libqueen] push(q=0 f=1/19 p99rtt=32ms) pop(q=0 f=4/16 p99rtt=314ms) custom(q=0 f=0/1 p99rtt=10ms) slots=20/25 jobs/s=550 drains=11478 evl=0ms
[2026-06-04 08:21:49.020] [info] [Worker 2] [libqueen] push(q=0 f=1/19 p99rtt=34ms) pop(q=0 f=4/16 p99rtt=291ms) custom(q=0 f=0/1 p99rtt=12ms) slots=20/25 jobs/s=552 drains=11761 evl=0ms
[2026-06-04 08:21:49.023] [info] [Worker 9] [libqueen] push(q=0 f=0/19 p99rtt=33ms) pop(q=1 f=4/16 p99rtt=330ms) custom(q=0 f=1/1 p99rtt=11ms) slots=20/25 jobs/s=532 drains=11416 evl=0ms
[2026-06-04 08:21:49.920] [info] [Worker 4] [libqueen] push(q=0 f=0/20 p99rtt=32ms) pop(q=0 f=3/14 p99rtt=263ms) custom(q=0 f=1/1 p99rtt=12ms) slots=21/25 jobs/s=603 drains=12536 evl=0ms
[2026-06-04 08:21:49.941] [info] [Worker 7] [libqueen] push(q=5 f=0/20 p99rtt=33ms) pop(q=0 f=5/16 p99rtt=282ms) custom(q=0 f=0/1 p99rtt=13ms) slots=20/25 jobs/s=588 drains=12072 evl=0ms
[2026-06-04 08:21:49.953] [info] [Worker 8] [libqueen] push(q=0 f=1/20 p99rtt=35ms) pop(q=0 f=2/16 p99rtt=380ms) custom(q=0 f=0/1 p99rtt=13ms) slots=22/25 jobs/s=593 drains=11849 evl=0ms
[2026-06-04 08:21:49.967] [info] [Worker 5] [libqueen] push(q=5 f=0/20 p99rtt=33ms) pop(q=3 f=3/16 p99rtt=287ms) custom(q=0 f=0/1 p99rtt=14ms) slots=22/25 jobs/s=549 drains=12144 evl=0ms
[2026-06-04 08:21:49.974] [info] [Worker 1] [libqueen] push(q=0 f=1/20 p99rtt=33ms) pop(q=0 f=4/16 p99rtt=276ms) custom(q=0 f=0/1 p99rtt=13ms) slots=20/25 jobs/s=601 drains=12074 evl=0ms
[2026-06-04 08:21:49.982] [info] [Worker 6] [libqueen] push(q=0 f=0/20 p99rtt=36ms) pop(q=0 f=3/16 p99rtt=305ms) custom(q=0 f=1/1 p99rtt=12ms) slots=21/25 jobs/s=590 drains=12092 evl=0ms
[2026-06-04 08:21:49.999] [info] [Worker 3] [libqueen] push(q=5 f=0/20 p99rtt=34ms) pop(q=9 f=2/16 p99rtt=291ms) custom(q=0 f=0/1 p99rtt=10ms) slots=23/25 jobs/s=574 drains=12049 evl=0ms
[2026-06-04 08:21:50.017] [info] [Worker 0] [libqueen] push(q=0 f=1/20 p99rtt=32ms) pop(q=0 f=5/16 p99rtt=298ms) custom(q=0 f=0/1 p99rtt=11ms) slots=19/25 jobs/s=656 drains=12098 evl=0ms
[2026-06-04 08:21:50.021] [info] [Worker 2] [libqueen] push(q=0 f=0/20 p99rtt=34ms) pop(q=0 f=3/16 p99rtt=324ms) custom(q=0 f=1/1 p99rtt=12ms) slots=21/25 jobs/s=613 drains=12354 evl=1ms
[2026-06-04 08:21:50.023] [info] [Worker 9] [libqueen] push(q=0 f=1/20 p99rtt=33ms) pop(q=0 f=5/16 p99rtt=331ms) custom(q=0 f=0/1 p99rtt=11ms) slots=19/25 jobs/s=653 drains=12153 evl=1ms
[2026-06-04 08:21:50.920] [info] [Worker 4] [libqueen] push(q=5 f=0/21 p99rtt=33ms) pop(q=0 f=4/15 p99rtt=266ms) custom(q=0 f=0/1 p99rtt=12ms) slots=21/25 jobs/s=592 drains=13117 evl=0ms
[2026-06-04 08:21:50.941] [info] [Worker 7] [libqueen] push(q=0 f=1/21 p99rtt=33ms) pop(q=0 f=4/16 p99rtt=282ms) custom(q=0 f=0/1 p99rtt=13ms) slots=20/25 jobs/s=694 drains=12683 evl=0ms
[2026-06-04 08:21:50.953] [info] [Worker 8] [libqueen] push(q=5 f=0/21 p99rtt=36ms) pop(q=0 f=5/16 p99rtt=329ms) custom(q=0 f=0/1 p99rtt=13ms) slots=20/25 jobs/s=671 drains=12520 evl=0ms
[2026-06-04 08:21:50.967] [info] [Worker 5] [libqueen] push(q=5 f=0/21 p99rtt=34ms) pop(q=0 f=4/16 p99rtt=287ms) custom(q=0 f=0/1 p99rtt=14ms) slots=21/25 jobs/s=629 drains=12703 evl=0ms
[2026-06-04 08:21:50.975] [info] [Worker 1] [libqueen] push(q=5 f=0/21 p99rtt=35ms) pop(q=4 f=3/16 p99rtt=276ms) custom(q=0 f=1/1 p99rtt=13ms) slots=21/25 jobs/s=632 drains=12698 evl=0ms
[2026-06-04 08:21:50.982] [info] [Worker 6] [libqueen] push(q=0 f=1/21 p99rtt=36ms) pop(q=0 f=3/16 p99rtt=290ms) custom(q=0 f=0/1 p99rtt=12ms) slots=21/25 jobs/s=594 drains=12757 evl=0ms
[2026-06-04 08:21:50.999] [info] [Worker 3] [libqueen] push(q=0 f=1/21 p99rtt=35ms) pop(q=1 f=3/16 p99rtt=295ms) custom(q=0 f=0/1 p99rtt=11ms) slots=21/25 jobs/s=631 drains=12618 evl=2ms
[2026-06-04 08:21:51.017] [info] [Worker 0] [libqueen] push(q=5 f=0/21 p99rtt=32ms) pop(q=0 f=6/16 p99rtt=298ms) custom(q=0 f=0/1 p99rtt=12ms) slots=19/25 jobs/s=650 drains=12720 evl=0ms
[2026-06-04 08:21:51.022] [info] [Worker 2] [libqueen] push(q=5 f=0/21 p99rtt=34ms) pop(q=0 f=2/16 p99rtt=310ms) custom(q=0 f=0/1 p99rtt=12ms) slots=23/25 jobs/s=613 drains=12925 evl=0ms
[2026-06-04 08:21:51.024] [info] [Worker 9] [libqueen] push(q=0 f=1/21 p99rtt=33ms) pop(q=0 f=3/16 p99rtt=330ms) custom(q=0 f=0/1 p99rtt=11ms) slots=21/25 jobs/s=679 drains=12820 evl=0ms
[2026-06-04 08:21:51.920] [info] [Worker 4] [libqueen] push(q=0 f=1/22 p99rtt=33ms) pop(q=10 f=3/16 p99rtt=259ms) custom(q=0 f=0/1 p99rtt=12ms) slots=21/25 jobs/s=703 drains=13802 evl=0ms
[2026-06-04 08:21:51.941] [info] [Worker 7] [libqueen] push(q=0 f=1/22 p99rtt=34ms) pop(q=12 f=2/16 p99rtt=281ms) custom(q=0 f=0/1 p99rtt=13ms) slots=22/25 jobs/s=684 drains=13330 evl=0ms
[2026-06-04 08:21:51.952] [info] [Worker 8] [libqueen] push(q=4 f=0/22 p99rtt=36ms) pop(q=2 f=4/16 p99rtt=329ms) custom(q=0 f=0/1 p99rtt=13ms) slots=21/25 jobs/s=677 drains=13193 evl=0ms
[2026-06-04 08:21:51.967] [info] [Worker 5] [libqueen] push(q=0 f=0/22 p99rtt=33ms) pop(q=1 f=4/16 p99rtt=287ms) custom(q=0 f=1/1 p99rtt=14ms) slots=20/25 jobs/s=620 drains=13311 evl=0ms
[2026-06-04 08:21:51.975] [info] [Worker 1] [libqueen] push(q=0 f=0/22 p99rtt=35ms) pop(q=1 f=4/16 p99rtt=276ms) custom(q=0 f=0/1 p99rtt=13ms) slots=21/25 jobs/s=728 drains=13361 evl=0ms
[2026-06-04 08:21:51.981] [info] [Worker 6] [libqueen] push(q=3 f=0/22 p99rtt=36ms) pop(q=5 f=3/16 p99rtt=290ms) custom(q=0 f=0/1 p99rtt=12ms) slots=22/25 jobs/s=701 drains=13385 evl=0ms
[2026-06-04 08:21:51.999] [info] [Worker 3] [libqueen] push(q=5 f=0/22 p99rtt=35ms) pop(q=0 f=3/16 p99rtt=295ms) custom(q=0 f=0/1 p99rtt=11ms) slots=22/25 jobs/s=673 drains=13283 evl=0ms
[2026-06-04 08:21:52.016] [info] [Worker 0] [libqueen] push(q=4 f=0/22 p99rtt=34ms) pop(q=0 f=3/16 p99rtt=280ms) custom(q=0 f=0/1 p99rtt=12ms) slots=22/25 jobs/s=634 drains=13333 evl=0ms
[2026-06-04 08:21:52.023] [info] [Worker 2] [libqueen] push(q=0 f=1/22 p99rtt=34ms) pop(q=0 f=4/16 p99rtt=324ms) custom(q=0 f=0/1 p99rtt=13ms) slots=20/25 jobs/s=642 drains=13585 evl=0ms
[2026-06-04 08:21:52.024] [info] [Worker 9] [libqueen] push(q=0 f=0/22 p99rtt=33ms) pop(q=0 f=4/16 p99rtt=330ms) custom(q=0 f=1/1 p99rtt=11ms) slots=20/25 jobs/s=704 drains=13501 evl=0ms
[2026-06-04 08:21:52.920] [info] [Worker 4] [libqueen] push(q=0 f=0/23 p99rtt=33ms) pop(q=0 f=4/16 p99rtt=263ms) custom(q=0 f=1/1 p99rtt=12ms) slots=20/25 jobs/s=620 drains=14406 evl=0ms
[2026-06-04 08:21:52.941] [info] [Worker 7] [libqueen] push(q=5 f=0/23 p99rtt=34ms) pop(q=0 f=3/16 p99rtt=266ms) custom(q=0 f=0/1 p99rtt=14ms) slots=22/25 jobs/s=631 drains=13935 evl=0ms
[2026-06-04 08:21:52.953] [info] [Worker 8] [libqueen] push(q=0 f=1/23 p99rtt=36ms) pop(q=0 f=3/16 p99rtt=320ms) custom(q=0 f=0/1 p99rtt=13ms) slots=21/25 jobs/s=647 drains=13846 evl=0ms
[2026-06-04 08:21:52.966] [info] [Worker 5] [libqueen] push(q=0 f=1/23 p99rtt=34ms) pop(q=17 f=1/16 p99rtt=287ms) custom(q=0 f=0/1 p99rtt=14ms) slots=23/25 jobs/s=624 drains=13925 evl=0ms
[2026-06-04 08:21:52.974] [info] [Worker 1] [libqueen] push(q=0 f=1/23 p99rtt=36ms) pop(q=0 f=4/16 p99rtt=274ms) custom(q=0 f=0/1 p99rtt=13ms) slots=20/25 jobs/s=606 drains=14016 evl=0ms
[2026-06-04 08:21:52.982] [info] [Worker 6] [libqueen] push(q=0 f=1/23 p99rtt=36ms) pop(q=0 f=3/16 p99rtt=286ms) custom(q=0 f=0/1 p99rtt=12ms) slots=21/25 jobs/s=658 drains=14090 evl=0ms
[2026-06-04 08:21:52.998] [info] [Worker 3] [libqueen] push(q=0 f=1/23 p99rtt=34ms) pop(q=0 f=4/16 p99rtt=291ms) custom(q=0 f=0/1 p99rtt=11ms) slots=20/25 jobs/s=605 drains=13923 evl=0ms
[2026-06-04 08:21:53.016] [info] [Worker 0] [libqueen] push(q=5 f=0/23 p99rtt=34ms) pop(q=10 f=2/16 p99rtt=280ms) custom(q=0 f=0/1 p99rtt=12ms) slots=23/25 jobs/s=658 drains=13999 evl=0ms
[2026-06-04 08:21:53.023] [info] [Worker 2] [libqueen] push(q=0 f=0/23 p99rtt=35ms) pop(q=0 f=3/16 p99rtt=310ms) custom(q=0 f=1/1 p99rtt=12ms) slots=21/25 jobs/s=596 drains=14195 evl=0ms
[2026-06-04 08:21:53.024] [info] [Worker 9] [libqueen] push(q=0 f=1/23 p99rtt=35ms) pop(q=2 f=3/16 p99rtt=321ms) custom(q=0 f=0/1 p99rtt=11ms) slots=21/25 jobs/s=698 drains=14173 evl=0ms
[2026-06-04 08:21:53.920] [info] [Worker 4] [libqueen] push(q=0 f=1/24 p99rtt=33ms) pop(q=5 f=3/16 p99rtt=263ms) custom(q=0 f=0/1 p99rtt=12ms) slots=21/25 jobs/s=666 drains=15041 evl=0ms
[2026-06-04 08:21:53.941] [info] [Worker 7] [libqueen] push(q=0 f=1/24 p99rtt=34ms) pop(q=0 f=4/16 p99rtt=266ms) custom(q=0 f=0/1 p99rtt=14ms) slots=20/25 jobs/s=603 drains=14513 evl=0ms
[2026-06-04 08:21:53.952] [info] [Worker 8] [libqueen] push(q=0 f=1/24 p99rtt=36ms) pop(q=0 f=4/16 p99rtt=287ms) custom(q=0 f=0/1 p99rtt=13ms) slots=20/25 jobs/s=667 drains=14530 evl=1ms
[2026-06-04 08:21:53.967] [info] [Worker 5] [libqueen] push(q=0 f=1/24 p99rtt=35ms) pop(q=0 f=3/16 p99rtt=283ms) custom(q=0 f=0/1 p99rtt=14ms) slots=21/25 jobs/s=601 drains=14524 evl=3ms
[2026-06-04 08:21:53.975] [info] [Worker 1] [libqueen] push(q=4 f=0/24 p99rtt=36ms) pop(q=2 f=2/16 p99rtt=274ms) custom(q=0 f=1/1 p99rtt=13ms) slots=22/25 jobs/s=670 drains=14678 evl=0ms
[2026-06-04 08:21:53.982] [info] [Worker 6] [libqueen] push(q=5 f=0/24 p99rtt=36ms) pop(q=5 f=3/16 p99rtt=278ms) custom(q=0 f=1/1 p99rtt=12ms) slots=21/25 jobs/s=667 drains=14690 evl=0ms
[2026-06-04 08:21:53.999] [info] [Worker 3] [libqueen] push(q=0 f=1/24 p99rtt=34ms) pop(q=1 f=4/16 p99rtt=291ms) custom(q=0 f=0/1 p99rtt=11ms) slots=20/25 jobs/s=641 drains=14607 evl=0ms
[2026-06-04 08:21:54.017] [info] [Worker 0] [libqueen] push(q=0 f=1/24 p99rtt=35ms) pop(q=5 f=2/16 p99rtt=280ms) custom(q=0 f=0/1 p99rtt=12ms) slots=22/25 jobs/s=595 drains=14630 evl=0ms
[2026-06-04 08:21:54.023] [info] [Worker 2] [libqueen] push(q=0 f=0/24 p99rtt=35ms) pop(q=0 f=4/16 p99rtt=291ms) custom(q=0 f=1/1 p99rtt=13ms) slots=20/25 jobs/s=622 drains=14861 evl=0ms
[2026-06-04 08:21:54.023] [info] [Worker 9] [libqueen] push(q=5 f=0/24 p99rtt=35ms) pop(q=0 f=3/16 p99rtt=321ms) custom(q=0 f=0/1 p99rtt=12ms) slots=22/25 jobs/s=644 drains=14819 evl=0ms
[2026-06-04 08:21:54.359] [info] PartitionLookupReconcileService: fixed 3 partition_lookup rows (stats leader, hostname=112aa6a7f2d1)
[2026-06-04 08:21:54.920] [info] [Worker 4] [libqueen] push(q=0 f=0/24 p99rtt=38ms) pop(q=0 f=4/16 p99rtt=263ms) custom(q=0 f=0/1 p99rtt=12ms) slots=21/25 jobs/s=608 drains=15614 evl=0ms
[2026-06-04 08:21:54.941] [info] [Worker 7] [libqueen] push(q=0 f=1/24 p99rtt=35ms) pop(q=6 f=3/16 p99rtt=274ms) custom(q=0 f=0/1 p99rtt=15ms) slots=21/25 jobs/s=621 drains=15150 evl=0ms
[2026-06-04 08:21:54.956] [info] [Worker 8] [libqueen] push(q=0 f=1/24 p99rtt=37ms) pop(q=1 f=2/16 p99rtt=287ms) custom(q=0 f=0/1 p99rtt=14ms) slots=22/25 jobs/s=632 drains=15175 evl=0ms
[2026-06-04 08:21:54.966] [info] [Worker 5] [libqueen] push(q=0 f=0/24 p99rtt=36ms) pop(q=0 f=3/16 p99rtt=287ms) custom(q=0 f=1/1 p99rtt=14ms) slots=21/25 jobs/s=572 drains=15105 evl=0ms
[2026-06-04 08:21:54.976] [info] [Worker 1] [libqueen] push(q=0 f=1/24 p99rtt=36ms) pop(q=16 f=2/16 p99rtt=274ms) custom(q=0 f=0/1 p99rtt=14ms) slots=22/25 jobs/s=651 drains=15252 evl=0ms
[2026-06-04 08:21:54.983] [info] [Worker 6] [libqueen] push(q=5 f=0/24 p99rtt=38ms) pop(q=8 f=2/16 p99rtt=278ms) custom(q=0 f=0/1 p99rtt=12ms) slots=23/25 jobs/s=653 drains=15351 evl=0ms
[2026-06-04 08:21:54.999] [info] [Worker 3] [libqueen] push(q=4 f=0/24 p99rtt=38ms) pop(q=0 f=4/16 p99rtt=291ms) custom(q=0 f=1/1 p99rtt=12ms) slots=20/25 jobs/s=664 drains=15306 evl=0ms
[2026-06-04 08:21:55.017] [info] [Worker 0] [libqueen] push(q=5 f=0/24 p99rtt=39ms) pop(q=1 f=3/16 p99rtt=280ms) custom(q=0 f=0/1 p99rtt=14ms) slots=22/25 jobs/s=621 drains=15221 evl=0ms
[2026-06-04 08:21:55.023] [info] [Worker 2] [libqueen] push(q=0 f=1/24 p99rtt=36ms) pop(q=0 f=2/16 p99rtt=291ms) custom(q=0 f=0/1 p99rtt=14ms) slots=22/25 jobs/s=507 drains=15351 evl=0ms
[2026-06-04 08:21:55.024] [info] [Worker 9] [libqueen] push(q=5 f=0/24 p99rtt=36ms) pop(q=2 f=3/16 p99rtt=321ms) custom(q=0 f=0/1 p99rtt=12ms) slots=22/25 jobs/s=624 drains=15461 evl=0ms
[2026-06-04 08:21:55.920] [info] [Worker 4] [libqueen] push(q=5 f=0/24 p99rtt=39ms) pop(q=0 f=3/16 p99rtt=263ms) custom(q=0 f=0/1 p99rtt=12ms) slots=22/25 jobs/s=717 drains=16228 evl=0ms
[2026-06-04 08:21:55.941] [info] [Worker 7] [libqueen] push(q=0 f=1/24 p99rtt=38ms) pop(q=0 f=3/16 p99rtt=274ms) custom(q=0 f=0/1 p99rtt=15ms) slots=21/25 jobs/s=698 drains=15802 evl=0ms
[2026-06-04 08:21:55.958] [info] [Worker 8] [libqueen] push(q=5 f=0/24 p99rtt=38ms) pop(q=0 f=3/16 p99rtt=287ms) custom(q=0 f=0/1 p99rtt=14ms) slots=22/25 jobs/s=734 drains=15905 evl=1ms
[2026-06-04 08:21:55.966] [info] [Worker 5] [libqueen] push(q=0 f=1/24 p99rtt=37ms) pop(q=0 f=4/16 p99rtt=287ms) custom(q=0 f=0/1 p99rtt=14ms) slots=20/25 jobs/s=773 drains=15817 evl=0ms
[2026-06-04 08:21:55.976] [info] [Worker 1] [libqueen] push(q=0 f=1/24 p99rtt=36ms) pop(q=0 f=3/16 p99rtt=274ms) custom(q=0 f=1/1 p99rtt=14ms) slots=20/25 jobs/s=689 drains=15935 evl=0ms
[2026-06-04 08:21:55.983] [info] [Worker 6] [libqueen] push(q=0 f=1/24 p99rtt=38ms) pop(q=0 f=4/16 p99rtt=278ms) custom(q=0 f=0/1 p99rtt=12ms) slots=20/25 jobs/s=676 drains=16028 evl=0ms
[2026-06-04 08:21:55.999] [info] [Worker 3] [libqueen] push(q=5 f=0/24 p99rtt=38ms) pop(q=0 f=3/16 p99rtt=291ms) custom(q=0 f=0/1 p99rtt=14ms) slots=22/25 jobs/s=698 drains=15970 evl=0ms
[2026-06-04 08:21:56.017] [info] [Worker 0] [libqueen] push(q=5 f=0/24 p99rtt=40ms) pop(q=1 f=3/16 p99rtt=280ms) custom(q=0 f=0/1 p99rtt=14ms) slots=22/25 jobs/s=698 drains=15855 evl=0ms
[2026-06-04 08:21:56.023] [info] [Worker 2] [libqueen] push(q=5 f=0/24 p99rtt=37ms) pop(q=1 f=2/16 p99rtt=291ms) custom(q=0 f=0/1 p99rtt=14ms) slots=23/25 jobs/s=756 drains=16111 evl=0ms
[2026-06-04 08:21:56.024] [info] [Worker 9] [libqueen] push(q=0 f=1/24 p99rtt=36ms) pop(q=0 f=2/16 p99rtt=321ms) custom(q=0 f=0/1 p99rtt=12ms) slots=22/25 jobs/s=691 drains=16206 evl=0ms
[2026-06-04 08:21:56.920] [info] [Worker 4] [libqueen] push(q=0 f=1/24 p99rtt=39ms) pop(q=13 f=2/16 p99rtt=263ms) custom(q=0 f=0/1 p99rtt=12ms) slots=22/25 jobs/s=688 drains=16870 evl=0ms
[2026-06-04 08:21:56.940] [info] [Worker 7] [libqueen] push(q=5 f=0/24 p99rtt=39ms) pop(q=4 f=3/16 p99rtt=274ms) custom(q=0 f=0/1 p99rtt=15ms) slots=22/25 jobs/s=703 drains=16492 evl=0ms
[2026-06-04 08:21:56.957] [info] [Worker 8] [libqueen] push(q=0 f=1/24 p99rtt=38ms) pop(q=2 f=2/16 p99rtt=287ms) custom(q=0 f=0/1 p99rtt=14ms) slots=22/25 jobs/s=703 drains=16578 evl=0ms
[2026-06-04 08:21:56.966] [info] [Worker 5] [libqueen] push(q=4 f=0/24 p99rtt=37ms) pop(q=0 f=4/16 p99rtt=287ms) custom(q=0 f=0/1 p99rtt=14ms) slots=21/25 jobs/s=681 drains=16508 evl=0ms
[2026-06-04 08:21:56.976] [info] [Worker 1] [libqueen] push(q=0 f=1/24 p99rtt=36ms) pop(q=5 f=3/16 p99rtt=274ms) custom(q=0 f=0/1 p99rtt=15ms) slots=21/25 jobs/s=703 drains=16591 evl=0ms
[2026-06-04 08:21:56.984] [info] [Worker 6] [libqueen] push(q=5 f=0/24 p99rtt=38ms) pop(q=0 f=3/16 p99rtt=286ms) custom(q=0 f=0/1 p99rtt=12ms) slots=22/25 jobs/s=665 drains=16721 evl=0ms
[2026-06-04 08:21:56.998] [info] [Worker 3] [libqueen] push(q=0 f=1/24 p99rtt=38ms) pop(q=0 f=4/16 p99rtt=291ms) custom(q=0 f=0/1 p99rtt=14ms) slots=20/25 jobs/s=716 drains=16645 evl=0ms
[2026-06-04 08:21:57.016] [info] [Worker 0] [libqueen] push(q=0 f=0/24 p99rtt=40ms) pop(q=15 f=3/16 p99rtt=280ms) custom(q=0 f=1/1 p99rtt=15ms) slots=21/25 jobs/s=643 drains=16519 evl=0ms
[2026-06-04 08:21:57.023] [info] [Worker 2] [libqueen] push(q=5 f=0/24 p99rtt=37ms) pop(q=1 f=3/16 p99rtt=291ms) custom(q=0 f=0/1 p99rtt=14ms) slots=22/25 jobs/s=688 drains=16773 evl=0ms
[2026-06-04 08:21:57.024] [info] [Worker 9] [libqueen] push(q=0 f=1/24 p99rtt=37ms) pop(q=0 f=3/16 p99rtt=322ms) custom(q=0 f=0/1 p99rtt=12ms) slots=21/25 jobs/s=695 drains=16902 evl=0ms
[2026-06-04 08:21:57.367] [info] StatsService: cycle completed in 44ms
[2026-06-04 08:21:57.920] [info] [Worker 4] [libqueen] push(q=0 f=0/24 p99rtt=39ms) pop(q=0 f=1/16 p99rtt=266ms) custom(q=0 f=0/1 p99rtt=12ms) slots=24/25 jobs/s=611 drains=17451 evl=0ms
[2026-06-04 08:21:57.940] [info] [Worker 7] [libqueen] push(q=5 f=0/24 p99rtt=39ms) pop(q=0 f=3/16 p99rtt=276ms) custom(q=0 f=0/1 p99rtt=14ms) slots=22/25 jobs/s=655 drains=17120 evl=0ms
[2026-06-04 08:21:57.958] [info] [Worker 8] [libqueen] push(q=0 f=1/24 p99rtt=38ms) pop(q=8 f=3/16 p99rtt=288ms) custom(q=0 f=0/1 p99rtt=13ms) slots=21/25 jobs/s=647 drains=17234 evl=0ms
[2026-06-04 08:21:57.967] [info] [Worker 5] [libqueen] push(q=5 f=0/24 p99rtt=37ms) pop(q=3 f=4/16 p99rtt=287ms) custom(q=0 f=0/1 p99rtt=14ms) slots=21/25 jobs/s=636 drains=17126 evl=0ms
[2026-06-04 08:21:57.977] [info] [Worker 1] [libqueen] push(q=0 f=1/24 p99rtt=36ms) pop(q=0 f=3/16 p99rtt=274ms) custom(q=0 f=0/1 p99rtt=15ms) slots=21/25 jobs/s=636 drains=17233 evl=0ms
[2026-06-04 08:21:57.983] [info] [Worker 6] [libqueen] push(q=0 f=0/24 p99rtt=39ms) pop(q=1 f=3/16 p99rtt=290ms) custom(q=0 f=1/1 p99rtt=12ms) slots=21/25 jobs/s=618 drains=17309 evl=0ms
[2026-06-04 08:21:57.999] [info] [Worker 3] [libqueen] push(q=5 f=0/24 p99rtt=38ms) pop(q=0 f=3/16 p99rtt=291ms) custom(q=0 f=0/1 p99rtt=14ms) slots=22/25 jobs/s=619 drains=17258 evl=0ms
[2026-06-04 08:21:58.017] [info] [Worker 0] [libqueen] push(q=0 f=1/24 p99rtt=39ms) pop(q=0 f=4/16 p99rtt=280ms) custom(q=0 f=0/1 p99rtt=15ms) slots=20/25 jobs/s=647 drains=17174 evl=0ms
[2026-06-04 08:21:58.023] [info] [Worker 2] [libqueen] push(q=0 f=1/24 p99rtt=37ms) pop(q=0 f=4/16 p99rtt=292ms) custom(q=0 f=0/1 p99rtt=14ms) slots=20/25 jobs/s=593 drains=17332 evl=0ms
[2026-06-04 08:21:58.025] [info] [Worker 9] [libqueen] push(q=5 f=0/24 p99rtt=37ms) pop(q=0 f=4/16 p99rtt=322ms) custom(q=0 f=0/1 p99rtt=12ms) slots=21/25 jobs/s=678 drains=17567 evl=0ms
[2026-06-04 08:21:58.922] [info] [Worker 4] [libqueen] push(q=0 f=1/24 p99rtt=39ms) pop(q=2 f=3/16 p99rtt=266ms) custom(q=0 f=0/1 p99rtt=12ms) slots=21/25 jobs/s=634 drains=18151 evl=0ms
[2026-06-04 08:21:58.941] [info] [Worker 7] [libqueen] push(q=5 f=0/24 p99rtt=39ms) pop(q=4 f=3/16 p99rtt=276ms) custom(q=0 f=0/1 p99rtt=14ms) slots=22/25 jobs/s=574 drains=17716 evl=0ms
[2026-06-04 08:21:58.958] [info] [Worker 8] [libqueen] push(q=0 f=1/24 p99rtt=38ms) pop(q=0 f=4/16 p99rtt=307ms) custom(q=0 f=0/1 p99rtt=14ms) slots=20/25 jobs/s=671 drains=17886 evl=0ms
[2026-06-04 08:21:58.966] [info] [Worker 5] [libqueen] push(q=0 f=1/24 p99rtt=37ms) pop(q=4 f=4/16 p99rtt=287ms) custom(q=0 f=0/1 p99rtt=14ms) slots=20/25 jobs/s=641 drains=17835 evl=0ms
[2026-06-04 08:21:58.977] [info] [Worker 1] [libqueen] push(q=0 f=1/24 p99rtt=36ms) pop(q=0 f=3/16 p99rtt=275ms) custom(q=0 f=0/1 p99rtt=14ms) slots=21/25 jobs/s=585 drains=17832 evl=0ms
[2026-06-04 08:21:58.990] [info] [Worker 6] [libqueen] push(q=0 f=1/24 p99rtt=40ms) pop(q=10 f=2/16 p99rtt=301ms) custom(q=0 f=0/1 p99rtt=12ms) slots=22/25 jobs/s=604 drains=17889 evl=0ms
[2026-06-04 08:21:58.999] [info] [Worker 3] [libqueen] push(q=2 f=0/24 p99rtt=38ms) pop(q=0 f=3/16 p99rtt=291ms) custom(q=0 f=1/1 p99rtt=14ms) slots=21/25 jobs/s=690 drains=17965 evl=0ms
[2026-06-04 08:21:59.017] [info] [Worker 0] [libqueen] push(q=0 f=1/24 p99rtt=39ms) pop(q=0 f=4/16 p99rtt=285ms) custom(q=0 f=0/1 p99rtt=15ms) slots=20/25 jobs/s=603 drains=17794 evl=0ms
[2026-06-04 08:21:59.023] [info] [Worker 2] [libqueen] push(q=0 f=1/24 p99rtt=37ms) pop(q=0 f=4/16 p99rtt=306ms) custom(q=0 f=0/1 p99rtt=14ms) slots=20/25 jobs/s=613 drains=17960 evl=0ms
[2026-06-04 08:21:59.025] [info] [Worker 9] [libqueen] push(q=0 f=1/24 p99rtt=37ms) pop(q=0 f=4/16 p99rtt=322ms) custom(q=0 f=0/1 p99rtt=12ms) slots=20/25 jobs/s=647 drains=18202 evl=0ms
[2026-06-04 08:21:59.924] [info] [Worker 4] [libqueen] push(q=0 f=1/24 p99rtt=39ms) pop(q=0 f=4/16 p99rtt=266ms) custom(q=0 f=0/1 p99rtt=12ms) slots=20/25 jobs/s=639 drains=18791 evl=0ms
[2026-06-04 08:21:59.940] [info] [Worker 7] [libqueen] push(q=5 f=0/24 p99rtt=39ms) pop(q=1 f=3/16 p99rtt=276ms) custom(q=0 f=0/1 p99rtt=14ms) slots=22/25 jobs/s=653 drains=18356 evl=2ms
[2026-06-04 08:21:59.958] [info] [Worker 8] [libqueen] push(q=5 f=0/24 p99rtt=38ms) pop(q=0 f=5/16 p99rtt=307ms) custom(q=0 f=0/1 p99rtt=14ms) slots=20/25 jobs/s=639 drains=18526 evl=0ms
[2026-06-04 08:21:59.966] [info] [Worker 5] [libqueen] push(q=0 f=1/24 p99rtt=36ms) pop(q=18 f=3/16 p99rtt=287ms) custom(q=0 f=0/1 p99rtt=14ms) slots=21/25 jobs/s=625 drains=18454 evl=0ms
[2026-06-04 08:21:59.979] [info] [Worker 1] [libqueen] push(q=0 f=1/24 p99rtt=36ms) pop(q=0 f=4/16 p99rtt=276ms) custom(q=0 f=0/1 p99rtt=15ms) slots=20/25 jobs/s=678 drains=18510 evl=0ms
[2026-06-04 08:21:59.991] [info] [Worker 6] [libqueen] push(q=0 f=1/24 p99rtt=40ms) pop(q=0 f=3/16 p99rtt=301ms) custom(q=0 f=0/1 p99rtt=12ms) slots=21/25 jobs/s=632 drains=18437 evl=0ms
[2026-06-04 08:21:59.999] [info] [Worker 3] [libqueen] push(q=0 f=1/24 p99rtt=38ms) pop(q=0 f=4/16 p99rtt=291ms) custom(q=0 f=0/1 p99rtt=14ms) slots=20/25 jobs/s=654 drains=18594 evl=0ms
[2026-06-04 08:22:00.017] [info] [Worker 0] [libqueen] push(q=0 f=0/24 p99rtt=39ms) pop(q=19 f=3/16 p99rtt=285ms) custom(q=3 f=1/1 p99rtt=16ms) slots=21/25 jobs/s=653 drains=18446 evl=0ms
[2026-06-04 08:22:00.023] [info] [Worker 2] [libqueen] push(q=5 f=0/24 p99rtt=36ms) pop(q=0 f=4/16 p99rtt=306ms) custom(q=3 f=1/1 p99rtt=14ms) slots=20/25 jobs/s=600 drains=18574 evl=0ms
[2026-06-04 08:22:00.026] [info] [Worker 9] [libqueen] push(q=5 f=0/24 p99rtt=37ms) pop(q=0 f=2/16 p99rtt=321ms) custom(q=3 f=0/1 p99rtt=13ms) slots=23/25 jobs/s=645 drains=18744 evl=0ms
[2026-06-04 08:22:00.373] [info] PartitionLookupReconcileService: fixed 6 partition_lookup rows (stats leader, hostname=112aa6a7f2d1)
[2026-06-04 08:22:00.925] [info] [Worker 4] [libqueen] push(q=0 f=1/24 p99rtt=40ms) pop(q=0 f=4/16 p99rtt=263ms) custom(q=3 f=0/1 p99rtt=12ms) slots=20/25 jobs/s=632 drains=19397 evl=0ms
[2026-06-04 08:22:00.941] [info] [Worker 7] [libqueen] push(q=0 f=1/24 p99rtt=41ms) pop(q=0 f=4/16 p99rtt=281ms) custom(q=3 f=0/1 p99rtt=14ms) slots=20/25 jobs/s=635 drains=18945 evl=0ms
[2026-06-04 08:22:00.957] [info] [Worker 8] [libqueen] push(q=0 f=1/24 p99rtt=38ms) pop(q=5 f=4/16 p99rtt=307ms) custom(q=3 f=0/1 p99rtt=13ms) slots=20/25 jobs/s=623 drains=19124 evl=0ms
[2026-06-04 08:22:00.967] [info] [Worker 5] [libqueen] push(q=0 f=1/24 p99rtt=37ms) pop(q=15 f=2/16 p99rtt=287ms) custom(q=3 f=0/1 p99rtt=14ms) slots=22/25 jobs/s=662 drains=19098 evl=1ms
[2026-06-04 08:22:00.979] [info] [Worker 1] [libqueen] push(q=0 f=1/24 p99rtt=37ms) pop(q=0 f=3/16 p99rtt=276ms) custom(q=3 f=0/1 p99rtt=16ms) slots=21/25 jobs/s=664 drains=19138 evl=0ms
[2026-06-04 08:22:00.991] [info] [Worker 6] [libqueen] push(q=0 f=1/24 p99rtt=39ms) pop(q=0 f=3/16 p99rtt=301ms) custom(q=3 f=0/1 p99rtt=12ms) slots=21/25 jobs/s=595 drains=19006 evl=0ms
[2026-06-04 08:22:00.999] [info] [Worker 3] [libqueen] push(q=0 f=0/24 p99rtt=38ms) pop(q=0 f=3/16 p99rtt=291ms) custom(q=3 f=1/1 p99rtt=16ms) slots=21/25 jobs/s=603 drains=19191 evl=0ms
[2026-06-04 08:22:01.017] [info] [Worker 0] [libqueen] push(q=0 f=1/24 p99rtt=39ms) pop(q=0 f=3/16 p99rtt=280ms) custom(q=0 f=0/1 p99rtt=16ms) slots=21/25 jobs/s=646 drains=19104 evl=0ms
[2026-06-04 08:22:01.023] [info] [Worker 2] [libqueen] push(q=5 f=0/24 p99rtt=37ms) pop(q=2 f=3/16 p99rtt=310ms) custom(q=0 f=0/1 p99rtt=14ms) slots=22/25 jobs/s=584 drains=19120 evl=0ms
[2026-06-04 08:22:01.026] [info] [Worker 9] [libqueen] push(q=4 f=0/24 p99rtt=37ms) pop(q=0 f=4/16 p99rtt=322ms) custom(q=0 f=0/1 p99rtt=13ms) slots=21/25 jobs/s=584 drains=19299 evl=0ms
[2026-06-04 08:22:01.924] [info] [Worker 4] [libqueen] push(q=0 f=1/24 p99rtt=40ms) pop(q=10 f=4/16 p99rtt=269ms) custom(q=0 f=0/1 p99rtt=12ms) slots=20/25 jobs/s=641 drains=19976 evl=1ms
[2026-06-04 08:22:01.941] [info] [Worker 7] [libqueen] push(q=3 f=0/24 p99rtt=41ms) pop(q=0 f=4/16 p99rtt=281ms) custom(q=0 f=1/1 p99rtt=15ms) slots=20/25 jobs/s=675 drains=19579 evl=0ms
[2026-06-04 08:22:01.958] [info] [Worker 8] [libqueen] push(q=5 f=0/24 p99rtt=38ms) pop(q=0 f=4/16 p99rtt=307ms) custom(q=0 f=0/1 p99rtt=13ms) slots=21/25 jobs/s=622 drains=19751 evl=0ms
[2026-06-04 08:22:01.968] [info] [Worker 5] [libqueen] push(q=0 f=1/24 p99rtt=36ms) pop(q=1 f=3/16 p99rtt=287ms) custom(q=0 f=0/1 p99rtt=14ms) slots=21/25 jobs/s=565 drains=19645 evl=0ms
[2026-06-04 08:22:01.979] [info] [Worker 1] [libqueen] push(q=0 f=1/24 p99rtt=37ms) pop(q=0 f=4/16 p99rtt=282ms) custom(q=0 f=0/1 p99rtt=17ms) slots=20/25 jobs/s=650 drains=19817 evl=0ms
[2026-06-04 08:22:01.991] [info] [Worker 6] [libqueen] push(q=0 f=1/24 p99rtt=40ms) pop(q=12 f=3/16 p99rtt=312ms) custom(q=0 f=0/1 p99rtt=13ms) slots=21/25 jobs/s=552 drains=19532 evl=0ms
[2026-06-04 08:22:01.999] [info] [Worker 3] [libqueen] push(q=0 f=1/24 p99rtt=38ms) pop(q=3 f=2/16 p99rtt=292ms) custom(q=0 f=0/1 p99rtt=16ms) slots=22/25 jobs/s=601 drains=19817 evl=0ms
[2026-06-04 08:22:02.017] [info] [Worker 0] [libqueen] push(q=5 f=0/24 p99rtt=39ms) pop(q=0 f=5/16 p99rtt=280ms) custom(q=0 f=0/1 p99rtt=15ms) slots=20/25 jobs/s=702 drains=19787 evl=0ms
[2026-06-04 08:22:02.023] [info] [Worker 2] [libqueen] push(q=0 f=0/24 p99rtt=36ms) pop(q=0 f=4/16 p99rtt=310ms) custom(q=0 f=1/1 p99rtt=14ms) slots=20/25 jobs/s=611 drains=19773 evl=0ms
[2026-06-04 08:22:02.027] [info] [Worker 9] [libqueen] push(q=5 f=0/24 p99rtt=37ms) pop(q=1 f=4/16 p99rtt=322ms) custom(q=0 f=0/1 p99rtt=13ms) slots=21/25 jobs/s=654 drains=19913 evl=0ms
[2026-06-04 08:22:02.925] [info] [Worker 4] [libqueen] push(q=0 f=1/24 p99rtt=40ms) pop(q=2 f=3/16 p99rtt=271ms) custom(q=0 f=0/1 p99rtt=12ms) slots=21/25 jobs/s=566 drains=20555 evl=0ms
[2026-06-04 08:22:02.941] [info] [Worker 7] [libqueen] push(q=0 f=1/24 p99rtt=41ms) pop(q=0 f=4/16 p99rtt=282ms) custom(q=0 f=0/1 p99rtt=15ms) slots=20/25 jobs/s=611 drains=20116 evl=0ms
[2026-06-04 08:22:02.958] [info] [Worker 8] [libqueen] push(q=0 f=1/24 p99rtt=39ms) pop(q=0 f=4/16 p99rtt=307ms) custom(q=0 f=0/1 p99rtt=13ms) slots=20/25 jobs/s=581 drains=20264 evl=1ms
[2026-06-04 08:22:02.968] [info] [Worker 5] [libqueen] push(q=0 f=1/24 p99rtt=36ms) pop(q=0 f=5/16 p99rtt=287ms) custom(q=0 f=0/1 p99rtt=14ms) slots=19/25 jobs/s=564 drains=20208 evl=0ms
[2026-06-04 08:22:02.979] [info] [Worker 1] [libqueen] push(q=0 f=1/24 p99rtt=37ms) pop(q=1 f=5/16 p99rtt=282ms) custom(q=0 f=0/1 p99rtt=16ms) slots=19/25 jobs/s=649 drains=20440 evl=0ms
[2026-06-04 08:22:02.991] [info] [Worker 6] [libqueen] push(q=0 f=1/24 p99rtt=39ms) pop(q=0 f=5/16 p99rtt=312ms) custom(q=0 f=0/1 p99rtt=13ms) slots=19/25 jobs/s=642 drains=20146 evl=0ms
[2026-06-04 08:22:03.000] [info] [Worker 3] [libqueen] push(q=1 f=0/24 p99rtt=39ms) pop(q=3 f=1/16 p99rtt=295ms) custom(q=0 f=1/1 p99rtt=16ms) slots=23/25 jobs/s=630 drains=20412 evl=0ms
[2026-06-04 08:22:03.018] [info] [Worker 0] [libqueen] push(q=1 f=0/24 p99rtt=41ms) pop(q=0 f=3/16 p99rtt=280ms) custom(q=0 f=1/1 p99rtt=15ms) slots=21/25 jobs/s=602 drains=20388 evl=0ms
[2026-06-04 08:22:03.024] [info] [Worker 2] [libqueen] push(q=0 f=1/24 p99rtt=38ms) pop(q=0 f=4/16 p99rtt=310ms) custom(q=0 f=0/1 p99rtt=14ms) slots=20/25 jobs/s=633 drains=20443 evl=0ms
[2026-06-04 08:22:03.028] [info] [Worker 9] [libqueen] push(q=3 f=0/24 p99rtt=38ms) pop(q=1 f=3/16 p99rtt=330ms) custom(q=0 f=1/1 p99rtt=13ms) slots=21/25 jobs/s=590 drains=20559 evl=0ms
[2026-06-04 08:22:03.929] [info] [Worker 4] [libqueen] push(q=0 f=1/24 p99rtt=41ms) pop(q=0 f=4/16 p99rtt=283ms) custom(q=0 f=0/1 p99rtt=12ms) slots=20/25 jobs/s=560 drains=21056 evl=0ms
[2026-06-04 08:22:03.942] [info] [Worker 7] [libqueen] push(q=0 f=1/24 p99rtt=41ms) pop(q=12 f=2/16 p99rtt=282ms) custom(q=0 f=0/1 p99rtt=14ms) slots=22/25 jobs/s=599 drains=20679 evl=0ms
[2026-06-04 08:22:03.959] [info] [Worker 8] [libqueen] push(q=4 f=0/24 p99rtt=39ms) pop(q=0 f=4/16 p99rtt=307ms) custom(q=0 f=1/1 p99rtt=13ms) slots=20/25 jobs/s=613 drains=20850 evl=0ms
[2026-06-04 08:22:03.968] [info] [Worker 5] [libqueen] push(q=0 f=1/24 p99rtt=37ms) pop(q=0 f=3/16 p99rtt=288ms) custom(q=0 f=0/1 p99rtt=14ms) slots=21/25 jobs/s=585 drains=20787 evl=0ms
[2026-06-04 08:22:03.979] [info] [Worker 1] [libqueen] push(q=0 f=1/24 p99rtt=39ms) pop(q=0 f=3/16 p99rtt=282ms) custom(q=0 f=0/1 p99rtt=16ms) slots=21/25 jobs/s=585 drains=20988 evl=0ms
[2026-06-04 08:22:03.991] [info] [Worker 6] [libqueen] push(q=0 f=1/24 p99rtt=39ms) pop(q=0 f=5/16 p99rtt=312ms) custom(q=0 f=0/1 p99rtt=14ms) slots=19/25 jobs/s=643 drains=20813 evl=0ms
[2026-06-04 08:22:04.000] [info] [Worker 3] [libqueen] push(q=5 f=0/24 p99rtt=39ms) pop(q=0 f=3/16 p99rtt=292ms) custom(q=0 f=0/1 p99rtt=16ms) slots=22/25 jobs/s=623 drains=21080 evl=0ms
[2026-06-04 08:22:04.017] [info] [Worker 0] [libqueen] push(q=0 f=1/24 p99rtt=41ms) pop(q=1 f=4/16 p99rtt=280ms) custom(q=0 f=0/1 p99rtt=15ms) slots=20/25 jobs/s=576 drains=20944 evl=0ms
[2026-06-04 08:22:04.024] [info] [Worker 2] [libqueen] push(q=0 f=1/24 p99rtt=38ms) pop(q=0 f=5/16 p99rtt=314ms) custom(q=0 f=0/1 p99rtt=14ms) slots=19/25 jobs/s=595 drains=21035 evl=0ms
[2026-06-04 08:22:04.027] [info] [Worker 9] [libqueen] push(q=0 f=1/24 p99rtt=38ms) pop(q=0 f=3/16 p99rtt=330ms) custom(q=0 f=0/1 p99rtt=12ms) slots=21/25 jobs/s=577 drains=21100 evl=0ms
[2026-06-04 08:22:04.930] [info] [Worker 4] [libqueen] push(q=5 f=0/24 p99rtt=41ms) pop(q=0 f=4/16 p99rtt=283ms) custom(q=0 f=0/1 p99rtt=12ms) slots=21/25 jobs/s=622 drains=21665 evl=0ms
[2026-06-04 08:22:04.942] [info] [Worker 7] [libqueen] push(q=0 f=1/24 p99rtt=42ms) pop(q=3 f=4/16 p99rtt=282ms) custom(q=0 f=0/1 p99rtt=14ms) slots=20/25 jobs/s=593 drains=21264 evl=0ms
[2026-06-04 08:22:04.960] [info] [Worker 8] [libqueen] push(q=0 f=1/24 p99rtt=39ms) pop(q=7 f=3/16 p99rtt=315ms) custom(q=0 f=0/1 p99rtt=13ms) slots=21/25 jobs/s=590 drains=21421 evl=0ms
[2026-06-04 08:22:04.968] [info] [Worker 5] [libqueen] push(q=5 f=0/24 p99rtt=37ms) pop(q=0 f=3/16 p99rtt=288ms) custom(q=0 f=0/1 p99rtt=14ms) slots=22/25 jobs/s=609 drains=21384 evl=0ms
[2026-06-04 08:22:04.979] [info] [Worker 1] [libqueen] push(q=0 f=1/24 p99rtt=40ms) pop(q=0 f=4/16 p99rtt=288ms) custom(q=0 f=0/1 p99rtt=16ms) slots=20/25 jobs/s=599 drains=21592 evl=0ms
[2026-06-04 08:22:04.991] [info] [Worker 6] [libqueen] push(q=0 f=0/24 p99rtt=39ms) pop(q=0 f=3/16 p99rtt=317ms) custom(q=0 f=0/1 p99rtt=14ms) slots=22/25 jobs/s=673 drains=21480 evl=0ms
[2026-06-04 08:22:05.000] [info] [Worker 3] [libqueen] push(q=5 f=0/24 p99rtt=40ms) pop(q=1 f=3/16 p99rtt=297ms) custom(q=0 f=0/1 p99rtt=14ms) slots=22/25 jobs/s=483 drains=21538 evl=1ms
[2026-06-04 08:22:05.019] [info] [Worker 0] [libqueen] push(q=5 f=0/24 p99rtt=41ms) pop(q=0 f=5/16 p99rtt=282ms) custom(q=0 f=0/1 p99rtt=15ms) slots=20/25 jobs/s=609 drains=21566 evl=0ms
[2026-06-04 08:22:05.024] [info] [Worker 2] [libqueen] push(q=0 f=1/24 p99rtt=38ms) pop(q=0 f=5/16 p99rtt=319ms) custom(q=0 f=0/1 p99rtt=14ms) slots=19/25 jobs/s=632 drains=21660 evl=0ms
[2026-06-04 08:22:05.028] [info] [Worker 9] [libqueen] push(q=0 f=0/24 p99rtt=39ms) pop(q=0 f=3/16 p99rtt=331ms) custom(q=0 f=1/1 p99rtt=12ms) slots=21/25 jobs/s=629 drains=21777 evl=0ms
[2026-06-04 08:22:05.930] [info] [Worker 4] [libqueen] push(q=5 f=0/24 p99rtt=41ms) pop(q=0 f=4/16 p99rtt=309ms) custom(q=0 f=0/1 p99rtt=12ms) slots=21/25 jobs/s=514 drains=22228 evl=0ms
[2026-06-04 08:22:05.942] [info] [Worker 7] [libqueen] push(q=5 f=0/24 p99rtt=42ms) pop(q=0 f=4/16 p99rtt=281ms) custom(q=0 f=0/1 p99rtt=14ms) slots=21/25 jobs/s=540 drains=21778 evl=0ms
[2026-06-04 08:22:05.960] [info] [Worker 8] [libqueen] push(q=5 f=0/24 p99rtt=40ms) pop(q=0 f=4/16 p99rtt=315ms) custom(q=0 f=0/1 p99rtt=13ms) slots=21/25 jobs/s=602 drains=21999 evl=0ms
[2026-06-04 08:22:05.968] [info] [Worker 5] [libqueen] push(q=5 f=0/24 p99rtt=37ms) pop(q=0 f=3/16 p99rtt=296ms) custom(q=0 f=0/1 p99rtt=15ms) slots=22/25 jobs/s=490 drains=21939 evl=0ms
[2026-06-04 08:22:05.979] [info] [Worker 1] [libqueen] push(q=0 f=1/24 p99rtt=41ms) pop(q=0 f=3/16 p99rtt=289ms) custom(q=0 f=0/1 p99rtt=16ms) slots=21/25 jobs/s=579 drains=22152 evl=0ms
[2026-06-04 08:22:05.991] [info] [Worker 6] [libqueen] push(q=5 f=0/24 p99rtt=40ms) pop(q=0 f=4/16 p99rtt=319ms) custom(q=0 f=0/1 p99rtt=14ms) slots=21/25 jobs/s=452 drains=21956 evl=0ms
[2026-06-04 08:22:06.000] [info] [Worker 3] [libqueen] push(q=0 f=1/24 p99rtt=40ms) pop(q=0 f=4/16 p99rtt=313ms) custom(q=0 f=0/1 p99rtt=14ms) slots=20/25 jobs/s=532 drains=22105 evl=0ms
[2026-06-04 08:22:06.019] [info] [Worker 0] [libqueen] push(q=0 f=1/24 p99rtt=41ms) pop(q=0 f=4/16 p99rtt=298ms) custom(q=0 f=0/1 p99rtt=15ms) slots=20/25 jobs/s=480 drains=22046 evl=0ms
[2026-06-04 08:22:06.025] [info] [Worker 2] [libqueen] push(q=0 f=1/24 p99rtt=38ms) pop(q=0 f=2/16 p99rtt=314ms) custom(q=0 f=0/1 p99rtt=14ms) slots=22/25 jobs/s=579 drains=22190 evl=0ms
[2026-06-04 08:22:06.029] [info] [Worker 9] [libqueen] push(q=0 f=1/24 p99rtt=39ms) pop(q=7 f=3/16 p99rtt=350ms) custom(q=0 f=0/1 p99rtt=12ms) slots=21/25 jobs/s=503 drains=22193 evl=0ms
[2026-06-04 08:22:06.344] [info] PartitionLookupReconcileService: fixed 9 partition_lookup rows (stats leader, hostname=112aa6a7f2d1)
[2026-06-04 08:22:06.930] [info] [Worker 4] [libqueen] push(q=5 f=0/24 p99rtt=42ms) pop(q=0 f=4/16 p99rtt=309ms) custom(q=0 f=1/1 p99rtt=12ms) slots=20/25 jobs/s=558 drains=22828 evl=0ms
[2026-06-04 08:22:06.942] [info] [Worker 7] [libqueen] push(q=1 f=0/24 p99rtt=42ms) pop(q=0 f=4/16 p99rtt=322ms) custom(q=0 f=1/1 p99rtt=14ms) slots=20/25 jobs/s=656 drains=22422 evl=0ms
[2026-06-04 08:22:06.960] [info] [Worker 8] [libqueen] push(q=0 f=0/24 p99rtt=42ms) pop(q=9 f=4/16 p99rtt=315ms) custom(q=0 f=1/1 p99rtt=13ms) slots=20/25 jobs/s=549 drains=22580 evl=0ms
[2026-06-04 08:22:06.971] [info] [Worker 5] [libqueen] push(q=0 f=1/24 p99rtt=37ms) pop(q=0 f=4/16 p99rtt=303ms) custom(q=0 f=0/1 p99rtt=15ms) slots=20/25 jobs/s=576 drains=22532 evl=0ms
[2026-06-04 08:22:06.979] [info] [Worker 1] [libqueen] push(q=0 f=1/24 p99rtt=41ms) pop(q=0 f=4/16 p99rtt=290ms) custom(q=0 f=0/1 p99rtt=14ms) slots=20/25 jobs/s=562 drains=22740 evl=0ms
[2026-06-04 08:22:06.991] [info] [Worker 6] [libqueen] push(q=5 f=0/24 p99rtt=41ms) pop(q=1 f=4/16 p99rtt=323ms) custom(q=0 f=0/1 p99rtt=12ms) slots=21/25 jobs/s=571 drains=22517 evl=0ms
[2026-06-04 08:22:07.000] [info] [Worker 3] [libqueen] push(q=0 f=1/24 p99rtt=40ms) pop(q=0 f=3/16 p99rtt=319ms) custom(q=0 f=0/1 p99rtt=14ms) slots=21/25 jobs/s=578 drains=22677 evl=0ms
[2026-06-04 08:22:07.018] [info] [Worker 0] [libqueen] push(q=0 f=1/24 p99rtt=41ms) pop(q=0 f=4/16 p99rtt=312ms) custom(q=0 f=0/1 p99rtt=15ms) slots=20/25 jobs/s=581 drains=22627 evl=0ms
[2026-06-04 08:22:07.028] [info] [Worker 2] [libqueen] push(q=0 f=1/24 p99rtt=38ms) pop(q=5 f=4/16 p99rtt=323ms) custom(q=0 f=0/1 p99rtt=13ms) slots=20/25 jobs/s=519 drains=22729 evl=0ms
[2026-06-04 08:22:07.029] [info] [Worker 9] [libqueen] push(q=0 f=1/24 p99rtt=39ms) pop(q=12 f=4/16 p99rtt=350ms) custom(q=0 f=0/1 p99rtt=12ms) slots=20/25 jobs/s=589 drains=22765 evl=0ms
[2026-06-04 08:22:07.930] [info] [Worker 4] [libqueen] push(q=0 f=1/24 p99rtt=42ms) pop(q=0 f=4/16 p99rtt=309ms) custom(q=0 f=0/1 p99rtt=12ms) slots=20/25 jobs/s=593 drains=23416 evl=0ms
[2026-06-04 08:22:07.942] [info] [Worker 7] [libqueen] push(q=0 f=0/24 p99rtt=42ms) pop(q=0 f=3/16 p99rtt=312ms) custom(q=0 f=1/1 p99rtt=13ms) slots=21/25 jobs/s=628 drains=23019 evl=0ms
[2026-06-04 08:22:07.960] [info] [Worker 8] [libqueen] push(q=0 f=1/24 p99rtt=42ms) pop(q=0 f=3/16 p99rtt=315ms) custom(q=0 f=0/1 p99rtt=12ms) slots=21/25 jobs/s=520 drains=23085 evl=0ms
[2026-06-04 08:22:07.971] [info] [Worker 5] [libqueen] push(q=0 f=1/24 p99rtt=37ms) pop(q=2 f=3/16 p99rtt=303ms) custom(q=0 f=0/1 p99rtt=14ms) slots=21/25 jobs/s=659 drains=23120 evl=0ms
[2026-06-04 08:22:07.979] [info] [Worker 1] [libqueen] push(q=0 f=1/24 p99rtt=41ms) pop(q=0 f=6/16 p99rtt=308ms) custom(q=0 f=0/1 p99rtt=14ms) slots=18/25 jobs/s=553 drains=23320 evl=0ms
[2026-06-04 08:22:07.992] [info] [Worker 6] [libqueen] push(q=0 f=0/24 p99rtt=41ms) pop(q=0 f=3/16 p99rtt=323ms) custom(q=0 f=1/1 p99rtt=12ms) slots=21/25 jobs/s=589 drains=23113 evl=0ms
[2026-06-04 08:22:08.000] [info] [Worker 3] [libqueen] push(q=5 f=0/24 p99rtt=39ms) pop(q=6 f=2/16 p99rtt=320ms) custom(q=0 f=0/1 p99rtt=14ms) slots=23/25 jobs/s=534 drains=23267 evl=0ms
[2026-06-04 08:22:08.018] [info] [Worker 0] [libqueen] push(q=5 f=0/24 p99rtt=43ms) pop(q=0 f=3/16 p99rtt=319ms) custom(q=0 f=0/1 p99rtt=14ms) slots=22/25 jobs/s=552 drains=23108 evl=0ms
[2026-06-04 08:22:08.028] [info] [Worker 2] [libqueen] push(q=0 f=1/24 p99rtt=38ms) pop(q=0 f=3/16 p99rtt=324ms) custom(q=0 f=0/1 p99rtt=13ms) slots=21/25 jobs/s=604 drains=23378 evl=0ms
[2026-06-04 08:22:08.029] [info] [Worker 9] [libqueen] push(q=5 f=0/24 p99rtt=40ms) pop(q=0 f=4/16 p99rtt=336ms) custom(q=0 f=0/1 p99rtt=12ms) slots=21/25 jobs/s=585 drains=23348 evl=0ms
[2026-06-04 08:22:08.358] [info] StatsService: cycle completed in 34ms
[2026-06-04 08:22:08.930] [info] [Worker 4] [libqueen] push(q=0 f=1/24 p99rtt=42ms) pop(q=7 f=2/16 p99rtt=309ms) custom(q=0 f=0/1 p99rtt=12ms) slots=22/25 jobs/s=628 drains=24029 evl=0ms
[2026-06-04 08:22:08.942] [info] [Worker 7] [libqueen] push(q=5 f=0/24 p99rtt=42ms) pop(q=0 f=3/16 p99rtt=312ms) custom(q=0 f=0/1 p99rtt=13ms) slots=22/25 jobs/s=598 drains=23609 evl=0ms
[2026-06-04 08:22:08.960] [info] [Worker 8] [libqueen] push(q=5 f=0/24 p99rtt=41ms) pop(q=14 f=3/16 p99rtt=315ms) custom(q=0 f=0/1 p99rtt=12ms) slots=22/25 jobs/s=684 drains=23718 evl=0ms
[2026-06-04 08:22:08.971] [info] [Worker 5] [libqueen] push(q=5 f=0/24 p99rtt=42ms) pop(q=1 f=2/16 p99rtt=303ms) custom(q=0 f=0/1 p99rtt=12ms) slots=23/25 jobs/s=678 drains=23770 evl=0ms
[2026-06-04 08:22:08.980] [info] [Worker 1] [libqueen] push(q=0 f=1/24 p99rtt=41ms) pop(q=1 f=2/16 p99rtt=290ms) custom(q=0 f=0/1 p99rtt=14ms) slots=22/25 jobs/s=668 drains=23884 evl=0ms
[2026-06-04 08:22:08.992] [info] [Worker 6] [libqueen] push(q=0 f=1/24 p99rtt=40ms) pop(q=11 f=2/16 p99rtt=320ms) custom(q=0 f=0/1 p99rtt=11ms) slots=22/25 jobs/s=681 drains=23703 evl=0ms
[2026-06-04 08:22:09.000] [info] [Worker 3] [libqueen] push(q=0 f=1/24 p99rtt=39ms) pop(q=0 f=4/16 p99rtt=320ms) custom(q=0 f=0/1 p99rtt=14ms) slots=20/25 jobs/s=696 drains=23946 evl=0ms
[2026-06-04 08:22:09.018] [info] [Worker 0] [libqueen] push(q=0 f=1/24 p99rtt=41ms) pop(q=0 f=3/16 p99rtt=316ms) custom(q=0 f=0/1 p99rtt=14ms) slots=21/25 jobs/s=686 drains=23807 evl=0ms
[2026-06-04 08:22:09.029] [info] [Worker 9] [libqueen] push(q=0 f=1/24 p99rtt=40ms) pop(q=0 f=4/16 p99rtt=336ms) custom(q=0 f=0/1 p99rtt=12ms) slots=20/25 jobs/s=708 drains=24020 evl=0ms
[2026-06-04 08:22:09.029] [info] [Worker 2] [libqueen] push(q=0 f=1/24 p99rtt=37ms) pop(q=6 f=3/16 p99rtt=319ms) custom(q=0 f=0/1 p99rtt=12ms) slots=21/25 jobs/s=722 drains=24055 evl=0ms
[2026-06-04 08:22:09.929] [info] [Worker 4] [libqueen] push(q=5 f=0/24 p99rtt=41ms) pop(q=0 f=4/16 p99rtt=309ms) custom(q=0 f=0/1 p99rtt=11ms) slots=21/25 jobs/s=797 drains=24769 evl=0ms
[2026-06-04 08:22:09.941] [info] [Worker 7] [libqueen] push(q=0 f=0/24 p99rtt=42ms) pop(q=0 f=4/16 p99rtt=286ms) custom(q=0 f=1/1 p99rtt=13ms) slots=20/25 jobs/s=693 drains=24255 evl=0ms
[2026-06-04 08:22:09.961] [info] [Worker 8] [libqueen] push(q=0 f=0/24 p99rtt=41ms) pop(q=0 f=3/16 p99rtt=298ms) custom(q=0 f=1/1 p99rtt=12ms) slots=21/25 jobs/s=734 drains=24390 evl=0ms
[2026-06-04 08:22:09.972] [info] [Worker 5] [libqueen] push(q=5 f=0/24 p99rtt=41ms) pop(q=0 f=3/16 p99rtt=303ms) custom(q=0 f=0/1 p99rtt=12ms) slots=22/25 jobs/s=621 drains=24393 evl=0ms
[2026-06-04 08:22:09.979] [info] [Worker 1] [libqueen] push(q=0 f=0/24 p99rtt=41ms) pop(q=0 f=4/16 p99rtt=290ms) custom(q=0 f=1/1 p99rtt=14ms) slots=20/25 jobs/s=676 drains=24540 evl=2ms
[2026-06-04 08:22:09.993] [info] [Worker 6] [libqueen] push(q=0 f=0/24 p99rtt=40ms) pop(q=1 f=3/16 p99rtt=320ms) custom(q=0 f=0/1 p99rtt=11ms) slots=22/25 jobs/s=796 drains=24421 evl=0ms
[2026-06-04 08:22:10.001] [info] [Worker 3] [libqueen] push(q=0 f=1/24 p99rtt=38ms) pop(q=0 f=4/16 p99rtt=320ms) custom(q=0 f=0/1 p99rtt=15ms) slots=20/25 jobs/s=728 drains=24612 evl=0ms
[2026-06-04 08:22:10.019] [info] [Worker 0] [libqueen] push(q=5 f=0/24 p99rtt=41ms) pop(q=2 f=3/16 p99rtt=298ms) custom(q=0 f=0/1 p99rtt=14ms) slots=22/25 jobs/s=747 drains=24509 evl=0ms
[2026-06-04 08:22:10.029] [info] [Worker 9] [libqueen] push(q=5 f=0/24 p99rtt=39ms) pop(q=0 f=4/16 p99rtt=331ms) custom(q=0 f=0/1 p99rtt=12ms) slots=21/25 jobs/s=729 drains=24684 evl=2ms
[2026-06-04 08:22:10.029] [info] [Worker 2] [libqueen] push(q=0 f=1/24 p99rtt=37ms) pop(q=0 f=4/16 p99rtt=314ms) custom(q=0 f=0/1 p99rtt=12ms) slots=20/25 jobs/s=683 drains=24680 evl=0ms
[2026-06-04 08:22:10.930] [info] [Worker 4] [libqueen] push(q=5 f=0/24 p99rtt=41ms) pop(q=4 f=3/16 p99rtt=295ms) custom(q=0 f=0/1 p99rtt=12ms) slots=22/25 jobs/s=731 drains=25459 evl=0ms
[2026-06-04 08:22:10.942] [info] [Worker 7] [libqueen] push(q=0 f=0/24 p99rtt=42ms) pop(q=0 f=2/16 p99rtt=285ms) custom(q=0 f=0/1 p99rtt=13ms) slots=23/25 jobs/s=687 drains=24909 evl=0ms
[2026-06-04 08:22:10.961] [info] [Worker 8] [libqueen] push(q=0 f=1/24 p99rtt=41ms) pop(q=0 f=4/16 p99rtt=279ms) custom(q=0 f=0/1 p99rtt=12ms) slots=20/25 jobs/s=701 drains=25086 evl=0ms
[2026-06-04 08:22:10.972] [info] [Worker 5] [libqueen] push(q=0 f=1/24 p99rtt=40ms) pop(q=0 f=5/16 p99rtt=303ms) custom(q=0 f=1/1 p99rtt=11ms) slots=18/25 jobs/s=652 drains=24976 evl=0ms
[2026-06-04 08:22:10.980] [info] [Worker 1] [libqueen] push(q=0 f=1/24 p99rtt=38ms) pop(q=0 f=4/16 p99rtt=290ms) custom(q=0 f=0/1 p99rtt=14ms) slots=20/25 jobs/s=711 drains=25262 evl=0ms
[2026-06-04 08:22:10.992] [info] [Worker 6] [libqueen] push(q=0 f=1/24 p99rtt=40ms) pop(q=0 f=4/16 p99rtt=319ms) custom(q=0 f=0/1 p99rtt=11ms) slots=20/25 jobs/s=699 drains=25082 evl=0ms
[2026-06-04 08:22:11.005] [info] [Worker 3] [libqueen] push(q=0 f=0/24 p99rtt=39ms) pop(q=0 f=3/16 p99rtt=320ms) custom(q=0 f=1/1 p99rtt=15ms) slots=21/25 jobs/s=685 drains=25223 evl=0ms
[2026-06-04 08:22:11.019] [info] [Worker 0] [libqueen] push(q=5 f=0/24 p99rtt=41ms) pop(q=16 f=1/16 p99rtt=293ms) custom(q=0 f=0/1 p99rtt=14ms) slots=24/25 jobs/s=730 drains=25138 evl=0ms
[2026-06-04 08:22:11.029] [info] [Worker 2] [libqueen] push(q=0 f=1/24 p99rtt=36ms) pop(q=0 f=4/16 p99rtt=314ms) custom(q=0 f=0/1 p99rtt=12ms) slots=20/25 jobs/s=671 drains=25268 evl=0ms
[2026-06-04 08:22:11.030] [info] [Worker 9] [libqueen] push(q=0 f=1/24 p99rtt=41ms) pop(q=0 f=3/16 p99rtt=316ms) custom(q=0 f=0/1 p99rtt=12ms) slots=21/25 jobs/s=710 drains=25339 evl=0ms
[2026-06-04 08:22:11.930] [info] [Worker 4] [libqueen] push(q=5 f=0/24 p99rtt=42ms) pop(q=1 f=4/16 p99rtt=284ms) custom(q=0 f=0/1 p99rtt=12ms) slots=21/25 jobs/s=686 drains=26148 evl=0ms
[2026-06-04 08:22:11.942] [info] [Worker 7] [libqueen] push(q=0 f=1/24 p99rtt=41ms) pop(q=0 f=3/16 p99rtt=281ms) custom(q=0 f=0/1 p99rtt=13ms) slots=21/25 jobs/s=666 drains=25585 evl=0ms
[2026-06-04 08:22:11.961] [info] [Worker 8] [libqueen] push(q=0 f=0/24 p99rtt=43ms) pop(q=0 f=4/16 p99rtt=277ms) custom(q=0 f=0/1 p99rtt=12ms) slots=21/25 jobs/s=718 drains=25762 evl=0ms
[2026-06-04 08:22:11.973] [info] [Worker 5] [libqueen] push(q=5 f=0/24 p99rtt=40ms) pop(q=0 f=3/16 p99rtt=300ms) custom(q=0 f=0/1 p99rtt=11ms) slots=22/25 jobs/s=678 drains=25632 evl=0ms
[2026-06-04 08:22:11.980] [info] [Worker 1] [libqueen] push(q=0 f=1/24 p99rtt=40ms) pop(q=2 f=3/16 p99rtt=290ms) custom(q=0 f=0/1 p99rtt=14ms) slots=21/25 jobs/s=752 drains=26001 evl=0ms
[2026-06-04 08:22:11.993] [info] [Worker 6] [libqueen] push(q=0 f=1/24 p99rtt=42ms) pop(q=0 f=2/16 p99rtt=312ms) custom(q=0 f=0/1 p99rtt=11ms) slots=22/25 jobs/s=665 drains=25730 evl=0ms
[2026-06-04 08:22:12.005] [info] [Worker 3] [libqueen] push(q=5 f=0/24 p99rtt=39ms) pop(q=1 f=3/16 p99rtt=310ms) custom(q=0 f=0/1 p99rtt=14ms) slots=22/25 jobs/s=639 drains=25825 evl=0ms
[2026-06-04 08:22:12.019] [info] [Worker 0] [libqueen] push(q=0 f=1/24 p99rtt=41ms) pop(q=0 f=3/16 p99rtt=283ms) custom(q=0 f=0/1 p99rtt=14ms) slots=21/25 jobs/s=705 drains=25833 evl=0ms
[2026-06-04 08:22:12.029] [info] [Worker 2] [libqueen] push(q=0 f=1/24 p99rtt=36ms) pop(q=1 f=4/16 p99rtt=307ms) custom(q=0 f=0/1 p99rtt=12ms) slots=20/25 jobs/s=701 drains=25912 evl=0ms
[2026-06-04 08:22:12.032] [info] [Worker 9] [libqueen] push(q=5 f=0/24 p99rtt=41ms) pop(q=0 f=3/16 p99rtt=311ms) custom(q=0 f=1/1 p99rtt=12ms) slots=21/25 jobs/s=669 drains=26028 evl=0ms
[2026-06-04 08:22:12.358] [info] PartitionLookupReconcileService: fixed 1 partition_lookup rows (stats leader, hostname=112aa6a7f2d1)
[2026-06-04 08:22:12.931] [info] [Worker 4] [libqueen] push(q=5 f=0/24 p99rtt=40ms) pop(q=9 f=2/16 p99rtt=284ms) custom(q=0 f=0/1 p99rtt=12ms) slots=23/25 jobs/s=646 drains=26746 evl=0ms
[2026-06-04 08:22:12.942] [info] [Worker 7] [libqueen] push(q=0 f=1/24 p99rtt=41ms) pop(q=0 f=5/16 p99rtt=276ms) custom(q=0 f=0/1 p99rtt=12ms) slots=19/25 jobs/s=739 drains=26289 evl=0ms
[2026-06-04 08:22:12.961] [info] [Worker 8] [libqueen] push(q=5 f=0/24 p99rtt=42ms) pop(q=0 f=4/16 p99rtt=277ms) custom(q=0 f=0/1 p99rtt=12ms) slots=21/25 jobs/s=661 drains=26349 evl=0ms
[2026-06-04 08:22:12.973] [info] [Worker 5] [libqueen] push(q=5 f=0/24 p99rtt=40ms) pop(q=7 f=3/16 p99rtt=300ms) custom(q=0 f=0/1 p99rtt=11ms) slots=22/25 jobs/s=642 drains=26233 evl=0ms
[2026-06-04 08:22:12.980] [info] [Worker 1] [libqueen] push(q=0 f=1/24 p99rtt=40ms) pop(q=2 f=2/16 p99rtt=288ms) custom(q=0 f=0/1 p99rtt=14ms) slots=22/25 jobs/s=656 drains=26617 evl=0ms
[2026-06-04 08:22:12.993] [info] [Worker 6] [libqueen] push(q=0 f=1/24 p99rtt=42ms) pop(q=3 f=3/16 p99rtt=317ms) custom(q=0 f=0/1 p99rtt=11ms) slots=21/25 jobs/s=720 drains=26369 evl=0ms
[2026-06-04 08:22:13.004] [info] [Worker 3] [libqueen] push(q=0 f=1/24 p99rtt=39ms) pop(q=2 f=3/16 p99rtt=307ms) custom(q=0 f=0/1 p99rtt=14ms) slots=21/25 jobs/s=764 drains=26564 evl=0ms
[2026-06-04 08:22:13.019] [info] [Worker 0] [libqueen] push(q=0 f=0/24 p99rtt=40ms) pop(q=1 f=3/16 p99rtt=283ms) custom(q=0 f=1/1 p99rtt=14ms) slots=21/25 jobs/s=743 drains=26489 evl=0ms
[2026-06-04 08:22:13.030] [info] [Worker 2] [libqueen] push(q=0 f=0/24 p99rtt=36ms) pop(q=0 f=3/16 p99rtt=302ms) custom(q=0 f=0/1 p99rtt=12ms) slots=22/25 jobs/s=696 drains=26525 evl=0ms
[2026-06-04 08:22:13.032] [info] [Worker 9] [libqueen] push(q=0 f=0/24 p99rtt=39ms) pop(q=0 f=3/16 p99rtt=311ms) custom(q=0 f=1/1 p99rtt=12ms) slots=21/25 jobs/s=678 drains=26658 evl=0ms
[2026-06-04 08:22:13.933] [info] [Worker 4] [libqueen] push(q=0 f=1/24 p99rtt=40ms) pop(q=1 f=4/16 p99rtt=295ms) custom(q=0 f=0/1 p99rtt=12ms) slots=20/25 jobs/s=776 drains=27510 evl=0ms
[2026-06-04 08:22:13.942] [info] [Worker 7] [libqueen] push(q=0 f=0/24 p99rtt=41ms) pop(q=0 f=3/16 p99rtt=276ms) custom(q=0 f=0/1 p99rtt=12ms) slots=22/25 jobs/s=636 drains=26879 evl=0ms
[2026-06-04 08:22:13.962] [info] [Worker 8] [libqueen] push(q=0 f=1/24 p99rtt=42ms) pop(q=0 f=3/16 p99rtt=277ms) custom(q=0 f=0/1 p99rtt=12ms) slots=21/25 jobs/s=672 drains=26973 evl=0ms
[2026-06-04 08:22:13.974] [info] [Worker 5] [libqueen] push(q=0 f=1/24 p99rtt=38ms) pop(q=0 f=4/16 p99rtt=300ms) custom(q=0 f=0/1 p99rtt=11ms) slots=20/25 jobs/s=702 drains=26886 evl=0ms
[2026-06-04 08:22:13.981] [info] [Worker 1] [libqueen] push(q=0 f=1/24 p99rtt=40ms) pop(q=2 f=3/16 p99rtt=288ms) custom(q=0 f=0/1 p99rtt=14ms) slots=21/25 jobs/s=629 drains=27266 evl=0ms
[2026-06-04 08:22:13.993] [info] [Worker 6] [libqueen] push(q=5 f=0/24 p99rtt=42ms) pop(q=0 f=4/16 p99rtt=307ms) custom(q=0 f=0/1 p99rtt=11ms) slots=21/25 jobs/s=668 drains=26987 evl=0ms
[2026-06-04 08:22:14.005] [info] [Worker 3] [libqueen] push(q=0 f=1/24 p99rtt=39ms) pop(q=0 f=4/16 p99rtt=293ms) custom(q=0 f=0/1 p99rtt=14ms) slots=20/25 jobs/s=740 drains=27257 evl=0ms
[2026-06-04 08:22:14.019] [info] [Worker 0] [libqueen] push(q=0 f=1/24 p99rtt=40ms) pop(q=0 f=3/16 p99rtt=283ms) custom(q=0 f=0/1 p99rtt=14ms) slots=21/25 jobs/s=678 drains=27159 evl=0ms
[2026-06-04 08:22:14.029] [info] [Worker 2] [libqueen] push(q=0 f=1/24 p99rtt=36ms) pop(q=0 f=3/16 p99rtt=306ms) custom(q=0 f=0/1 p99rtt=12ms) slots=21/25 jobs/s=707 drains=27208 evl=0ms
[2026-06-04 08:22:14.031] [info] [Worker 9] [libqueen] push(q=0 f=1/24 p99rtt=39ms) pop(q=0 f=4/16 p99rtt=311ms) custom(q=0 f=0/1 p99rtt=12ms) slots=20/25 jobs/s=706 drains=27318 evl=0ms
[2026-06-04 08:22:14.933] [info] [Worker 4] [libqueen] push(q=5 f=0/24 p99rtt=40ms) pop(q=0 f=4/16 p99rtt=295ms) custom(q=0 f=0/1 p99rtt=12ms) slots=21/25 jobs/s=776 drains=28230 evl=0ms
[2026-06-04 08:22:14.942] [info] [Worker 7] [libqueen] push(q=0 f=1/24 p99rtt=41ms) pop(q=0 f=3/16 p99rtt=276ms) custom(q=0 f=0/1 p99rtt=11ms) slots=21/25 jobs/s=671 drains=27572 evl=0ms
[2026-06-04 08:22:14.961] [info] [Worker 8] [libqueen] push(q=5 f=0/24 p99rtt=40ms) pop(q=0 f=4/16 p99rtt=277ms) custom(q=0 f=0/1 p99rtt=12ms) slots=21/25 jobs/s=631 drains=27606 evl=0ms
[2026-06-04 08:22:14.974] [info] [Worker 5] [libqueen] push(q=5 f=0/24 p99rtt=36ms) pop(q=2 f=3/16 p99rtt=300ms) custom(q=0 f=0/1 p99rtt=11ms) slots=22/25 jobs/s=769 drains=27574 evl=0ms
[2026-06-04 08:22:14.981] [info] [Worker 1] [libqueen] push(q=0 f=0/24 p99rtt=38ms) pop(q=10 f=2/16 p99rtt=288ms) custom(q=0 f=0/1 p99rtt=14ms) slots=23/25 jobs/s=728 drains=27910 evl=0ms
[2026-06-04 08:22:14.992] [info] [Worker 6] [libqueen] push(q=0 f=1/24 p99rtt=39ms) pop(q=0 f=2/16 p99rtt=307ms) custom(q=0 f=0/1 p99rtt=11ms) slots=22/25 jobs/s=653 drains=27604 evl=0ms
[2026-06-04 08:22:15.005] [info] [Worker 3] [libqueen] push(q=5 f=0/24 p99rtt=37ms) pop(q=3 f=4/16 p99rtt=293ms) custom(q=0 f=0/1 p99rtt=13ms) slots=21/25 jobs/s=696 drains=27907 evl=0ms
[2026-06-04 08:22:15.019] [info] [Worker 0] [libqueen] push(q=0 f=0/24 p99rtt=37ms) pop(q=9 f=2/16 p99rtt=283ms) custom(q=0 f=1/1 p99rtt=13ms) slots=22/25 jobs/s=671 drains=27810 evl=0ms
[2026-06-04 08:22:15.029] [info] [Worker 2] [libqueen] push(q=0 f=1/24 p99rtt=35ms) pop(q=0 f=3/16 p99rtt=302ms) custom(q=0 f=0/1 p99rtt=12ms) slots=21/25 jobs/s=712 drains=27915 evl=0ms
[2026-06-04 08:22:15.032] [info] [Worker 9] [libqueen] push(q=0 f=1/24 p99rtt=38ms) pop(q=0 f=4/16 p99rtt=311ms) custom(q=0 f=0/1 p99rtt=12ms) slots=20/25 jobs/s=742 drains=27954 evl=0ms
[2026-06-04 08:22:15.933] [info] [Worker 4] [libqueen] push(q=5 f=0/24 p99rtt=39ms) pop(q=0 f=3/16 p99rtt=295ms) custom(q=0 f=0/1 p99rtt=12ms) slots=22/25 jobs/s=719 drains=28914 evl=0ms
[2026-06-04 08:22:15.942] [info] [Worker 7] [libqueen] push(q=0 f=1/24 p99rtt=41ms) pop(q=0 f=2/16 p99rtt=276ms) custom(q=0 f=0/1 p99rtt=11ms) slots=22/25 jobs/s=533 drains=28130 evl=0ms
[2026-06-04 08:22:15.962] [info] [Worker 8] [libqueen] push(q=0 f=1/24 p99rtt=39ms) pop(q=3 f=4/16 p99rtt=278ms) custom(q=0 f=0/1 p99rtt=12ms) slots=20/25 jobs/s=679 drains=28255 evl=0ms
[2026-06-04 08:22:15.976] [info] [Worker 5] [libqueen] push(q=0 f=1/24 p99rtt=36ms) pop(q=0 f=4/16 p99rtt=291ms) custom(q=0 f=1/1 p99rtt=11ms) slots=19/25 jobs/s=668 drains=28262 evl=0ms
[2026-06-04 08:22:15.982] [info] [Worker 1] [libqueen] push(q=5 f=0/24 p99rtt=38ms) pop(q=0 f=5/16 p99rtt=282ms) custom(q=0 f=0/1 p99rtt=13ms) slots=20/25 jobs/s=699 drains=28587 evl=0ms
[2026-06-04 08:22:15.993] [info] [Worker 6] [libqueen] push(q=0 f=1/24 p99rtt=40ms) pop(q=0 f=4/16 p99rtt=307ms) custom(q=0 f=0/1 p99rtt=11ms) slots=20/25 jobs/s=670 drains=28268 evl=0ms
[2026-06-04 08:22:16.005] [info] [Worker 3] [libqueen] push(q=5 f=0/24 p99rtt=38ms) pop(q=0 f=4/16 p99rtt=293ms) custom(q=0 f=0/1 p99rtt=13ms) slots=21/25 jobs/s=672 drains=28557 evl=0ms
[2026-06-04 08:22:16.019] [info] [Worker 0] [libqueen] push(q=5 f=0/24 p99rtt=39ms) pop(q=0 f=4/16 p99rtt=288ms) custom(q=0 f=0/1 p99rtt=13ms) slots=21/25 jobs/s=657 drains=28408 evl=0ms
[2026-06-04 08:22:16.029] [info] [Worker 2] [libqueen] push(q=5 f=0/24 p99rtt=35ms) pop(q=0 f=4/16 p99rtt=299ms) custom(q=0 f=0/1 p99rtt=12ms) slots=21/25 jobs/s=716 drains=28610 evl=0ms
[2026-06-04 08:22:16.032] [info] [Worker 9] [libqueen] push(q=0 f=0/24 p99rtt=38ms) pop(q=0 f=4/16 p99rtt=311ms) custom(q=0 f=1/1 p99rtt=12ms) slots=20/25 jobs/s=733 drains=28649 evl=1ms
[2026-06-04 08:22:16.934] [info] [Worker 4] [libqueen] push(q=0 f=1/24 p99rtt=40ms) pop(q=0 f=4/16 p99rtt=309ms) custom(q=0 f=0/1 p99rtt=12ms) slots=20/25 jobs/s=571 drains=29450 evl=0ms
[2026-06-04 08:22:16.942] [info] [Worker 7] [libqueen] push(q=0 f=1/24 p99rtt=41ms) pop(q=0 f=3/16 p99rtt=276ms) custom(q=0 f=0/1 p99rtt=11ms) slots=21/25 jobs/s=670 drains=28742 evl=0ms
[2026-06-04 08:22:16.961] [info] [Worker 8] [libqueen] push(q=0 f=0/24 p99rtt=40ms) pop(q=14 f=3/16 p99rtt=282ms) custom(q=0 f=0/1 p99rtt=12ms) slots=22/25 jobs/s=730 drains=28926 evl=0ms
[2026-06-04 08:22:16.977] [info] [Worker 5] [libqueen] push(q=0 f=1/24 p99rtt=38ms) pop(q=0 f=4/16 p99rtt=291ms) custom(q=0 f=0/1 p99rtt=12ms) slots=20/25 jobs/s=644 drains=28863 evl=0ms
[2026-06-04 08:22:16.982] [info] [Worker 1] [libqueen] push(q=2 f=0/24 p99rtt=40ms) pop(q=0 f=4/16 p99rtt=282ms) custom(q=0 f=0/1 p99rtt=13ms) slots=21/25 jobs/s=674 drains=29252 evl=0ms
[2026-06-04 08:22:16.993] [info] [Worker 6] [libqueen] push(q=5 f=0/24 p99rtt=40ms) pop(q=0 f=4/16 p99rtt=307ms) custom(q=0 f=0/1 p99rtt=11ms) slots=21/25 jobs/s=688 drains=28869 evl=0ms
[2026-06-04 08:22:17.005] [info] [Worker 3] [libqueen] push(q=0 f=0/24 p99rtt=38ms) pop(q=8 f=3/16 p99rtt=293ms) custom(q=0 f=0/1 p99rtt=13ms) slots=22/25 jobs/s=755 drains=29217 evl=0ms
[2026-06-04 08:22:17.019] [info] [Worker 0] [libqueen] push(q=0 f=1/24 p99rtt=37ms) pop(q=6 f=3/16 p99rtt=293ms) custom(q=0 f=0/1 p99rtt=13ms) slots=21/25 jobs/s=669 drains=29033 evl=0ms
[2026-06-04 08:22:17.030] [info] [Worker 2] [libqueen] push(q=0 f=1/24 p99rtt=34ms) pop(q=8 f=3/16 p99rtt=299ms) custom(q=0 f=0/1 p99rtt=12ms) slots=21/25 jobs/s=710 drains=29302 evl=0ms
[2026-06-04 08:22:17.032] [info] [Worker 9] [libqueen] push(q=5 f=0/24 p99rtt=41ms) pop(q=0 f=2/16 p99rtt=299ms) custom(q=0 f=0/1 p99rtt=12ms) slots=23/25 jobs/s=711 drains=29306 evl=0ms
[2026-06-04 08:22:17.934] [info] [Worker 4] [libqueen] push(q=0 f=1/24 p99rtt=40ms) pop(q=1 f=3/16 p99rtt=295ms) custom(q=0 f=0/1 p99rtt=12ms) slots=21/25 jobs/s=662 drains=30097 evl=0ms
[2026-06-04 08:22:17.942] [info] [Worker 7] [libqueen] push(q=5 f=0/24 p99rtt=41ms) pop(q=0 f=4/16 p99rtt=287ms) custom(q=0 f=1/1 p99rtt=11ms) slots=20/25 jobs/s=591 drains=29301 evl=0ms
[2026-06-04 08:22:17.962] [info] [Worker 8] [libqueen] push(q=5 f=0/24 p99rtt=40ms) pop(q=0 f=4/16 p99rtt=288ms) custom(q=0 f=1/1 p99rtt=12ms) slots=20/25 jobs/s=597 drains=29478 evl=0ms
[2026-06-04 08:22:17.977] [info] [Worker 5] [libqueen] push(q=0 f=1/24 p99rtt=38ms) pop(q=1 f=3/16 p99rtt=297ms) custom(q=0 f=0/1 p99rtt=12ms) slots=21/25 jobs/s=623 drains=29521 evl=0ms
[2026-06-04 08:22:17.982] [info] [Worker 1] [libqueen] push(q=5 f=0/24 p99rtt=38ms) pop(q=0 f=5/16 p99rtt=282ms) custom(q=0 f=0/1 p99rtt=13ms) slots=20/25 jobs/s=661 drains=29873 evl=0ms
[2026-06-04 08:22:17.993] [info] [Worker 6] [libqueen] push(q=5 f=0/24 p99rtt=40ms) pop(q=1 f=2/16 p99rtt=307ms) custom(q=0 f=0/1 p99rtt=11ms) slots=23/25 jobs/s=605 drains=29526 evl=0ms
[2026-06-04 08:22:18.005] [info] [Worker 3] [libqueen] push(q=3 f=0/24 p99rtt=39ms) pop(q=1 f=3/16 p99rtt=293ms) custom(q=0 f=0/1 p99rtt=13ms) slots=22/25 jobs/s=587 drains=29759 evl=0ms
[2026-06-04 08:22:18.019] [info] [Worker 0] [libqueen] push(q=0 f=1/24 p99rtt=39ms) pop(q=0 f=5/16 p99rtt=297ms) custom(q=0 f=0/1 p99rtt=13ms) slots=19/25 jobs/s=631 drains=29643 evl=0ms
[2026-06-04 08:22:18.031] [info] [Worker 9] [libqueen] push(q=5 f=0/24 p99rtt=37ms) pop(q=0 f=3/16 p99rtt=299ms) custom(q=0 f=0/1 p99rtt=12ms) slots=22/25 jobs/s=650 drains=29959 evl=0ms
[2026-06-04 08:22:18.034] [info] [Worker 2] [libqueen] push(q=0 f=1/24 p99rtt=35ms) pop(q=0 f=3/16 p99rtt=299ms) custom(q=0 f=0/1 p99rtt=11ms) slots=21/25 jobs/s=630 drains=29882 evl=1ms
[2026-06-04 08:22:18.935] [info] [Worker 4] [libqueen] push(q=5 f=0/24 p99rtt=40ms) pop(q=0 f=4/16 p99rtt=295ms) custom(q=0 f=0/1 p99rtt=12ms) slots=21/25 jobs/s=667 drains=30763 evl=0ms
[2026-06-04 08:22:18.942] [info] [Worker 7] [libqueen] push(q=0 f=1/24 p99rtt=40ms) pop(q=1 f=3/16 p99rtt=287ms) custom(q=0 f=0/1 p99rtt=11ms) slots=21/25 jobs/s=631 drains=29878 evl=0ms
[2026-06-04 08:22:18.961] [info] [Worker 8] [libqueen] push(q=0 f=1/24 p99rtt=40ms) pop(q=0 f=4/16 p99rtt=288ms) custom(q=0 f=0/1 p99rtt=12ms) slots=20/25 jobs/s=646 drains=30094 evl=0ms
[2026-06-04 08:22:18.977] [info] [Worker 5] [libqueen] push(q=0 f=1/24 p99rtt=38ms) pop(q=0 f=5/16 p99rtt=297ms) custom(q=0 f=0/1 p99rtt=12ms) slots=19/25 jobs/s=626 drains=30153 evl=0ms
[2026-06-04 08:22:18.982] [info] [Worker 1] [libqueen] push(q=5 f=0/24 p99rtt=38ms) pop(q=0 f=4/16 p99rtt=282ms) custom(q=0 f=0/1 p99rtt=13ms) slots=21/25 jobs/s=591 drains=30498 evl=0ms
[2026-06-04 08:22:18.992] [info] [Worker 6] [libqueen] push(q=0 f=0/24 p99rtt=39ms) pop(q=17 f=2/16 p99rtt=307ms) custom(q=0 f=1/1 p99rtt=12ms) slots=22/25 jobs/s=621 drains=30125 evl=1ms
[2026-06-04 08:22:19.004] [info] [Worker 3] [libqueen] push(q=5 f=0/24 p99rtt=39ms) pop(q=0 f=4/16 p99rtt=293ms) custom(q=0 f=0/1 p99rtt=13ms) slots=21/25 jobs/s=607 drains=30367 evl=0ms
[2026-06-04 08:22:19.019] [info] [Worker 0] [libqueen] push(q=0 f=0/24 p99rtt=39ms) pop(q=0 f=3/16 p99rtt=297ms) custom(q=0 f=1/1 p99rtt=13ms) slots=21/25 jobs/s=652 drains=30305 evl=0ms
[2026-06-04 08:22:19.033] [info] [Worker 9] [libqueen] push(q=0 f=0/24 p99rtt=37ms) pop(q=0 f=3/16 p99rtt=297ms) custom(q=0 f=1/1 p99rtt=12ms) slots=21/25 jobs/s=578 drains=30519 evl=0ms
[2026-06-04 08:22:19.034] [info] [Worker 2] [libqueen] push(q=0 f=1/24 p99rtt=35ms) pop(q=0 f=3/16 p99rtt=299ms) custom(q=0 f=0/1 p99rtt=11ms) slots=21/25 jobs/s=621 drains=30449 evl=0ms
[2026-06-04 08:22:19.359] [info] StatsService: cycle completed in 34ms
[2026-06-04 08:22:19.939] [info] [Worker 4] [libqueen] push(q=0 f=1/24 p99rtt=39ms) pop(q=0 f=4/16 p99rtt=295ms) custom(q=0 f=0/1 p99rtt=12ms) slots=20/25 jobs/s=647 drains=31424 evl=0ms
[2026-06-04 08:22:19.941] [info] [Worker 7] [libqueen] push(q=0 f=0/24 p99rtt=40ms) pop(q=0 f=3/16 p99rtt=291ms) custom(q=0 f=1/1 p99rtt=12ms) slots=21/25 jobs/s=696 drains=30544 evl=0ms
[2026-06-04 08:22:19.962] [info] [Worker 8] [libqueen] push(q=0 f=1/24 p99rtt=40ms) pop(q=0 f=3/16 p99rtt=293ms) custom(q=0 f=0/1 p99rtt=11ms) slots=21/25 jobs/s=564 drains=30580 evl=0ms
[2026-06-04 08:22:19.977] [info] [Worker 5] [libqueen] push(q=0 f=0/24 p99rtt=38ms) pop(q=3 f=3/16 p99rtt=297ms) custom(q=0 f=1/1 p99rtt=11ms) slots=21/25 jobs/s=652 drains=30775 evl=0ms
[2026-06-04 08:22:19.983] [info] [Worker 1] [libqueen] push(q=5 f=0/24 p99rtt=38ms) pop(q=0 f=4/16 p99rtt=282ms) custom(q=0 f=0/1 p99rtt=13ms) slots=21/25 jobs/s=619 drains=31120 evl=0ms
[2026-06-04 08:22:19.993] [info] [Worker 6] [libqueen] push(q=5 f=0/24 p99rtt=40ms) pop(q=1 f=3/16 p99rtt=307ms) custom(q=0 f=0/1 p99rtt=12ms) slots=22/25 jobs/s=590 drains=30678 evl=0ms
[2026-06-04 08:22:20.005] [info] [Worker 3] [libqueen] push(q=0 f=0/24 p99rtt=38ms) pop(q=4 f=3/16 p99rtt=307ms) custom(q=0 f=1/1 p99rtt=14ms) slots=21/25 jobs/s=619 drains=30941 evl=0ms
[2026-06-04 08:22:20.018] [info] [Worker 0] [libqueen] push(q=0 f=1/24 p99rtt=39ms) pop(q=0 f=4/16 p99rtt=297ms) custom(q=0 f=0/1 p99rtt=13ms) slots=20/25 jobs/s=687 drains=30993 evl=0ms
[2026-06-04 08:22:20.034] [info] [Worker 9] [libqueen] push(q=0 f=0/24 p99rtt=37ms) pop(q=7 f=2/16 p99rtt=311ms) custom(q=0 f=1/1 p99rtt=12ms) slots=22/25 jobs/s=644 drains=31151 evl=0ms
[2026-06-04 08:22:20.037] [info] [Worker 2] [libqueen] push(q=0 f=1/24 p99rtt=35ms) pop(q=0 f=4/16 p99rtt=302ms) custom(q=0 f=1/1 p99rtt=11ms) slots=19/25 jobs/s=570 drains=30964 evl=0ms
[2026-06-04 08:22:20.939] [info] [Worker 4] [libqueen] push(q=5 f=0/24 p99rtt=39ms) pop(q=3 f=3/16 p99rtt=284ms) custom(q=0 f=0/1 p99rtt=12ms) slots=22/25 jobs/s=642 drains=32047 evl=0ms
[2026-06-04 08:22:20.942] [info] [Worker 7] [libqueen] push(q=0 f=1/24 p99rtt=40ms) pop(q=2 f=4/16 p99rtt=291ms) custom(q=0 f=0/1 p99rtt=11ms) slots=20/25 jobs/s=637 drains=31200 evl=0ms
[2026-06-04 08:22:20.962] [info] [Worker 8] [libqueen] push(q=0 f=0/24 p99rtt=39ms) pop(q=4 f=4/16 p99rtt=293ms) custom(q=0 f=0/1 p99rtt=12ms) slots=21/25 jobs/s=631 drains=31181 evl=0ms
[2026-06-04 08:22:20.978] [info] [Worker 5] [libqueen] push(q=0 f=1/24 p99rtt=37ms) pop(q=1 f=3/16 p99rtt=297ms) custom(q=0 f=0/1 p99rtt=11ms) slots=21/25 jobs/s=633 drains=31388 evl=0ms
[2026-06-04 08:22:20.983] [info] [Worker 1] [libqueen] push(q=5 f=0/24 p99rtt=38ms) pop(q=0 f=1/16 p99rtt=290ms) custom(q=0 f=0/1 p99rtt=13ms) slots=24/25 jobs/s=605 drains=31673 evl=0ms
[2026-06-04 08:22:20.993] [info] [Worker 6] [libqueen] push(q=0 f=1/24 p99rtt=40ms) pop(q=0 f=5/16 p99rtt=318ms) custom(q=0 f=0/1 p99rtt=12ms) slots=19/25 jobs/s=576 drains=31242 evl=0ms
[2026-06-04 08:22:21.005] [info] [Worker 3] [libqueen] push(q=5 f=0/24 p99rtt=37ms) pop(q=3 f=4/16 p99rtt=307ms) custom(q=0 f=0/1 p99rtt=12ms) slots=21/25 jobs/s=639 drains=31569 evl=0ms
[2026-06-04 08:22:21.021] [info] [Worker 0] [libqueen] push(q=0 f=1/24 p99rtt=34ms) pop(q=0 f=5/16 p99rtt=297ms) custom(q=0 f=0/1 p99rtt=13ms) slots=19/25 jobs/s=643 drains=31624 evl=0ms
[2026-06-04 08:22:21.034] [info] [Worker 9] [libqueen] push(q=0 f=1/24 p99rtt=37ms) pop(q=0 f=5/16 p99rtt=311ms) custom(q=0 f=0/1 p99rtt=12ms) slots=19/25 jobs/s=594 drains=31764 evl=0ms
[2026-06-04 08:22:21.037] [info] [Worker 2] [libqueen] push(q=0 f=1/24 p99rtt=34ms) pop(q=0 f=6/16 p99rtt=302ms) custom(q=0 f=0/1 p99rtt=11ms) slots=18/25 jobs/s=597 drains=31545 evl=0ms
[2026-06-04 08:22:21.939] [info] [Worker 4] [libqueen] push(q=0 f=1/24 p99rtt=39ms) pop(q=0 f=4/16 p99rtt=284ms) custom(q=0 f=0/1 p99rtt=12ms) slots=20/25 jobs/s=576 drains=32621 evl=0ms
[2026-06-04 08:22:21.942] [info] [Worker 7] [libqueen] push(q=0 f=0/24 p99rtt=40ms) pop(q=1 f=4/16 p99rtt=291ms) custom(q=0 f=1/1 p99rtt=11ms) slots=20/25 jobs/s=634 drains=31810 evl=0ms
[2026-06-04 08:22:21.962] [info] [Worker 8] [libqueen] push(q=0 f=1/24 p99rtt=39ms) pop(q=6 f=4/16 p99rtt=277ms) custom(q=0 f=0/1 p99rtt=12ms) slots=20/25 jobs/s=663 drains=31838 evl=0ms
[2026-06-04 08:22:21.979] [info] [Worker 5] [libqueen] push(q=0 f=1/24 p99rtt=38ms) pop(q=0 f=4/16 p99rtt=297ms) custom(q=0 f=0/1 p99rtt=11ms) slots=20/25 jobs/s=584 drains=31977 evl=0ms
[2026-06-04 08:22:21.984] [info] [Worker 1] [libqueen] push(q=0 f=1/24 p99rtt=38ms) pop(q=1 f=4/16 p99rtt=290ms) custom(q=0 f=0/1 p99rtt=13ms) slots=20/25 jobs/s=585 drains=32293 evl=0ms
[2026-06-04 08:22:21.993] [info] [Worker 6] [libqueen] push(q=0 f=1/24 p99rtt=39ms) pop(q=0 f=3/16 p99rtt=324ms) custom(q=0 f=0/1 p99rtt=12ms) slots=21/25 jobs/s=600 drains=31889 evl=0ms
[2026-06-04 08:22:22.005] [info] [Worker 3] [libqueen] push(q=0 f=1/24 p99rtt=37ms) pop(q=0 f=4/16 p99rtt=307ms) custom(q=0 f=0/1 p99rtt=12ms) slots=20/25 jobs/s=591 drains=32169 evl=0ms
[2026-06-04 08:22:22.019] [info] [Worker 0] [libqueen] push(q=0 f=1/24 p99rtt=35ms) pop(q=0 f=3/16 p99rtt=297ms) custom(q=0 f=0/1 p99rtt=13ms) slots=21/25 jobs/s=613 drains=32156 evl=0ms
[2026-06-04 08:22:22.035] [info] [Worker 9] [libqueen] push(q=5 f=0/24 p99rtt=37ms) pop(q=0 f=5/16 p99rtt=326ms) custom(q=0 f=0/1 p99rtt=12ms) slots=20/25 jobs/s=614 drains=32338 evl=0ms
[2026-06-04 08:22:22.037] [info] [Worker 2] [libqueen] push(q=0 f=1/24 p99rtt=34ms) pop(q=0 f=4/16 p99rtt=299ms) custom(q=0 f=0/1 p99rtt=11ms) slots=20/25 jobs/s=639 drains=32165 evl=0ms
[2026-06-04 08:22:22.938] [info] [Worker 4] [libqueen] push(q=5 f=0/24 p99rtt=36ms) pop(q=0 f=4/16 p99rtt=284ms) custom(q=0 f=0/1 p99rtt=11ms) slots=21/25 jobs/s=620 drains=33267 evl=0ms
[2026-06-04 08:22:22.942] [info] [Worker 7] [libqueen] push(q=0 f=0/24 p99rtt=38ms) pop(q=0 f=2/16 p99rtt=287ms) custom(q=0 f=1/1 p99rtt=11ms) slots=22/25 jobs/s=594 drains=32393 evl=0ms
[2026-06-04 08:22:22.962] [info] [Worker 8] [libqueen] push(q=5 f=0/24 p99rtt=39ms) pop(q=8 f=4/16 p99rtt=282ms) custom(q=0 f=1/1 p99rtt=12ms) slots=20/25 jobs/s=653 drains=32480 evl=0ms
[2026-06-04 08:22:22.978] [info] [Worker 5] [libqueen] push(q=0 f=1/24 p99rtt=37ms) pop(q=0 f=4/16 p99rtt=300ms) custom(q=0 f=0/1 p99rtt=11ms) slots=20/25 jobs/s=628 drains=32651 evl=0ms
[2026-06-04 08:22:22.984] [info] [Worker 1] [libqueen] push(q=5 f=0/24 p99rtt=38ms) pop(q=16 f=3/16 p99rtt=296ms) custom(q=0 f=0/1 p99rtt=13ms) slots=22/25 jobs/s=623 drains=32902 evl=0ms
[2026-06-04 08:22:22.993] [info] [Worker 6] [libqueen] push(q=0 f=1/24 p99rtt=37ms) pop(q=1 f=5/16 p99rtt=323ms) custom(q=0 f=0/1 p99rtt=12ms) slots=19/25 jobs/s=608 drains=32549 evl=0ms
[2026-06-04 08:22:23.006] [info] [Worker 3] [libqueen] push(q=5 f=0/24 p99rtt=37ms) pop(q=2 f=3/16 p99rtt=307ms) custom(q=0 f=0/1 p99rtt=12ms) slots=22/25 jobs/s=631 drains=32786 evl=0ms
[2026-06-04 08:22:23.020] [info] [Worker 0] [libqueen] push(q=0 f=1/24 p99rtt=33ms) pop(q=0 f=4/16 p99rtt=298ms) custom(q=0 f=0/1 p99rtt=13ms) slots=20/25 jobs/s=576 drains=32738 evl=0ms
[2026-06-04 08:22:23.035] [info] [Worker 9] [libqueen] push(q=0 f=1/24 p99rtt=37ms) pop(q=0 f=5/16 p99rtt=326ms) custom(q=0 f=0/1 p99rtt=12ms) slots=19/25 jobs/s=614 drains=32912 evl=0ms
[2026-06-04 08:22:23.037] [info] [Worker 2] [libqueen] push(q=5 f=0/24 p99rtt=34ms) pop(q=0 f=4/16 p99rtt=299ms) custom(q=0 f=0/1 p99rtt=11ms) slots=21/25 jobs/s=633 drains=32845 evl=0ms
[2026-06-04 08:22:23.939] [info] [Worker 4] [libqueen] push(q=0 f=1/24 p99rtt=36ms) pop(q=2 f=4/16 p99rtt=295ms) custom(q=0 f=0/1 p99rtt=12ms) slots=20/25 jobs/s=604 drains=33851 evl=0ms
[2026-06-04 08:22:23.942] [info] [Worker 7] [libqueen] push(q=5 f=0/24 p99rtt=40ms) pop(q=0 f=4/16 p99rtt=287ms) custom(q=0 f=1/1 p99rtt=12ms) slots=20/25 jobs/s=620 drains=33030 evl=0ms
[2026-06-04 08:22:23.962] [info] [Worker 8] [libqueen] push(q=0 f=1/24 p99rtt=39ms) pop(q=0 f=3/16 p99rtt=282ms) custom(q=0 f=0/1 p99rtt=12ms) slots=21/25 jobs/s=643 drains=33063 evl=0ms
[2026-06-04 08:22:23.979] [info] [Worker 5] [libqueen] push(q=0 f=1/24 p99rtt=38ms) pop(q=0 f=4/16 p99rtt=300ms) custom(q=0 f=0/1 p99rtt=11ms) slots=20/25 jobs/s=677 drains=33318 evl=0ms
[2026-06-04 08:22:23.985] [info] [Worker 1] [libqueen] push(q=5 f=0/24 p99rtt=38ms) pop(q=4 f=2/16 p99rtt=305ms) custom(q=0 f=0/1 p99rtt=13ms) slots=23/25 jobs/s=585 drains=33507 evl=0ms
[2026-06-04 08:22:23.992] [info] [Worker 6] [libqueen] push(q=5 f=0/24 p99rtt=37ms) pop(q=0 f=3/16 p99rtt=307ms) custom(q=0 f=1/1 p99rtt=11ms) slots=21/25 jobs/s=640 drains=33183 evl=0ms
[2026-06-04 08:22:24.007] [info] [Worker 3] [libqueen] push(q=5 f=0/24 p99rtt=37ms) pop(q=0 f=3/16 p99rtt=320ms) custom(q=0 f=0/1 p99rtt=12ms) slots=22/25 jobs/s=558 drains=33387 evl=0ms
[2026-06-04 08:22:24.020] [info] [Worker 0] [libqueen] push(q=0 f=1/24 p99rtt=35ms) pop(q=0 f=4/16 p99rtt=309ms) custom(q=0 f=0/1 p99rtt=13ms) slots=20/25 jobs/s=611 drains=33321 evl=0ms
[2026-06-04 08:22:24.038] [info] [Worker 2] [libqueen] push(q=3 f=0/24 p99rtt=34ms) pop(q=0 f=6/16 p99rtt=299ms) custom(q=0 f=0/1 p99rtt=11ms) slots=19/25 jobs/s=638 drains=33478 evl=0ms
[2026-06-04 08:22:24.038] [info] [Worker 9] [libqueen] push(q=0 f=1/24 p99rtt=37ms) pop(q=1 f=4/16 p99rtt=311ms) custom(q=0 f=0/1 p99rtt=12ms) slots=20/25 jobs/s=623 drains=33556 evl=0ms
[2026-06-04 08:22:24.355] [info] PartitionLookupReconcileService: fixed 3 partition_lookup rows (stats leader, hostname=112aa6a7f2d1)
[2026-06-04 08:22:24.939] [info] [Worker 4] [libqueen] push(q=0 f=1/24 p99rtt=35ms) pop(q=0 f=4/16 p99rtt=295ms) custom(q=0 f=0/1 p99rtt=12ms) slots=20/25 jobs/s=649 drains=34519 evl=0ms
[2026-06-04 08:22:24.942] [info] [Worker 7] [libqueen] push(q=0 f=1/24 p99rtt=38ms) pop(q=2 f=3/16 p99rtt=286ms) custom(q=0 f=0/1 p99rtt=12ms) slots=21/25 jobs/s=617 drains=33664 evl=0ms
[2026-06-04 08:22:24.962] [info] [Worker 8] [libqueen] push(q=0 f=1/24 p99rtt=38ms) pop(q=0 f=5/16 p99rtt=294ms) custom(q=0 f=1/1 p99rtt=12ms) slots=18/25 jobs/s=554 drains=33646 evl=0ms
[2026-06-04 08:22:24.978] [info] [Worker 5] [libqueen] push(q=0 f=1/24 p99rtt=37ms) pop(q=0 f=5/16 p99rtt=298ms) custom(q=0 f=1/1 p99rtt=11ms) slots=18/25 jobs/s=550 drains=33854 evl=0ms
[2026-06-04 08:22:24.985] [info] [Worker 1] [libqueen] push(q=1 f=0/24 p99rtt=38ms) pop(q=1 f=4/16 p99rtt=314ms) custom(q=0 f=1/1 p99rtt=13ms) slots=20/25 jobs/s=539 drains=34105 evl=0ms
[2026-06-04 08:22:24.993] [info] [Worker 6] [libqueen] push(q=5 f=0/24 p99rtt=37ms) pop(q=14 f=2/16 p99rtt=318ms) custom(q=0 f=0/1 p99rtt=12ms) slots=23/25 jobs/s=536 drains=33732 evl=0ms
[2026-06-04 08:22:25.007] [info] [Worker 3] [libqueen] push(q=0 f=1/24 p99rtt=37ms) pop(q=0 f=3/16 p99rtt=320ms) custom(q=0 f=0/1 p99rtt=12ms) slots=21/25 jobs/s=573 drains=33934 evl=0ms
[2026-06-04 08:22:25.020] [info] [Worker 0] [libqueen] push(q=1 f=0/24 p99rtt=33ms) pop(q=1 f=3/16 p99rtt=312ms) custom(q=0 f=0/1 p99rtt=13ms) slots=22/25 jobs/s=651 drains=34041 evl=0ms
[2026-06-04 08:22:25.037] [info] [Worker 2] [libqueen] push(q=0 f=1/24 p99rtt=34ms) pop(q=9 f=3/16 p99rtt=299ms) custom(q=0 f=0/1 p99rtt=11ms) slots=21/25 jobs/s=627 drains=34079 evl=0ms
[2026-06-04 08:22:25.039] [info] [Worker 9] [libqueen] push(q=0 f=1/24 p99rtt=37ms) pop(q=6 f=3/16 p99rtt=326ms) custom(q=0 f=0/1 p99rtt=12ms) slots=21/25 jobs/s=646 drains=34112 evl=0ms
[2026-06-04 08:22:25.942] [info] [Worker 4] [libqueen] push(q=5 f=0/24 p99rtt=34ms) pop(q=0 f=3/16 p99rtt=273ms) custom(q=0 f=1/1 p99rtt=12ms) slots=21/25 jobs/s=634 drains=35114 evl=0ms
[2026-06-04 08:22:25.943] [info] [Worker 7] [libqueen] push(q=0 f=1/24 p99rtt=33ms) pop(q=0 f=4/16 p99rtt=287ms) custom(q=0 f=0/1 p99rtt=12ms) slots=20/25 jobs/s=665 drains=34324 evl=1ms
[2026-06-04 08:22:25.962] [info] [Worker 8] [libqueen] push(q=5 f=0/24 p99rtt=34ms) pop(q=0 f=4/16 p99rtt=298ms) custom(q=0 f=0/1 p99rtt=12ms) slots=21/25 jobs/s=551 drains=34158 evl=0ms
[2026-06-04 08:22:25.978] [info] [Worker 5] [libqueen] push(q=0 f=0/24 p99rtt=36ms) pop(q=0 f=5/16 p99rtt=308ms) custom(q=0 f=1/1 p99rtt=12ms) slots=19/25 jobs/s=628 drains=34483 evl=0ms
[2026-06-04 08:22:25.985] [info] [Worker 1] [libqueen] push(q=0 f=1/24 p99rtt=37ms) pop(q=0 f=3/16 p99rtt=321ms) custom(q=0 f=0/1 p99rtt=13ms) slots=21/25 jobs/s=527 drains=34629 evl=0ms
[2026-06-04 08:22:25.993] [info] [Worker 6] [libqueen] push(q=1 f=0/24 p99rtt=34ms) pop(q=0 f=3/16 p99rtt=327ms) custom(q=0 f=1/1 p99rtt=12ms) slots=21/25 jobs/s=552 drains=34311 evl=0ms
[2026-06-04 08:22:26.007] [info] [Worker 3] [libqueen] push(q=0 f=0/24 p99rtt=36ms) pop(q=0 f=3/16 p99rtt=345ms) custom(q=0 f=1/1 p99rtt=12ms) slots=21/25 jobs/s=568 drains=34474 evl=0ms
[2026-06-04 08:22:26.020] [info] [Worker 0] [libqueen] push(q=0 f=1/24 p99rtt=33ms) pop(q=0 f=3/16 p99rtt=315ms) custom(q=0 f=0/1 p99rtt=13ms) slots=21/25 jobs/s=554 drains=34620 evl=0ms
[2026-06-04 08:22:26.037] [info] [Worker 2] [libqueen] push(q=5 f=0/24 p99rtt=34ms) pop(q=5 f=3/16 p99rtt=299ms) custom(q=0 f=0/1 p99rtt=12ms) slots=22/25 jobs/s=578 drains=34696 evl=1ms
[2026-06-04 08:22:26.040] [info] [Worker 9] [libqueen] push(q=0 f=1/24 p99rtt=36ms) pop(q=0 f=3/16 p99rtt=311ms) custom(q=0 f=0/1 p99rtt=12ms) slots=21/25 jobs/s=618 drains=34725 evl=0ms
[2026-06-04 08:22:26.943] [info] [Worker 7] [libqueen] push(q=0 f=1/24 p99rtt=39ms) pop(q=4 f=2/16 p99rtt=287ms) custom(q=0 f=0/1 p99rtt=13ms) slots=22/25 jobs/s=498 drains=34857 evl=0ms
[2026-06-04 08:22:26.944] [info] [Worker 4] [libqueen] push(q=0 f=1/24 p99rtt=36ms) pop(q=0 f=4/16 p99rtt=277ms) custom(q=0 f=0/1 p99rtt=12ms) slots=20/25 jobs/s=536 drains=35650 evl=0ms
[2026-06-04 08:22:26.961] [info] [Worker 8] [libqueen] push(q=0 f=0/24 p99rtt=38ms) pop(q=0 f=3/16 p99rtt=300ms) custom(q=0 f=1/1 p99rtt=12ms) slots=21/25 jobs/s=575 drains=34679 evl=0ms
[2026-06-04 08:22:26.979] [info] [Worker 5] [libqueen] push(q=0 f=1/24 p99rtt=38ms) pop(q=0 f=3/16 p99rtt=308ms) custom(q=0 f=0/1 p99rtt=12ms) slots=21/25 jobs/s=598 drains=35093 evl=0ms
[2026-06-04 08:22:26.984] [info] [Worker 1] [libqueen] push(q=0 f=1/24 p99rtt=38ms) pop(q=4 f=3/16 p99rtt=321ms) custom(q=0 f=0/1 p99rtt=13ms) slots=21/25 jobs/s=564 drains=35174 evl=0ms
[2026-06-04 08:22:26.993] [info] [Worker 6] [libqueen] push(q=5 f=0/24 p99rtt=37ms) pop(q=2 f=3/16 p99rtt=330ms) custom(q=0 f=1/1 p99rtt=12ms) slots=21/25 jobs/s=544 drains=34824 evl=0ms
[2026-06-04 08:22:27.007] [info] [Worker 3] [libqueen] push(q=0 f=1/24 p99rtt=40ms) pop(q=0 f=3/16 p99rtt=345ms) custom(q=0 f=0/1 p99rtt=12ms) slots=21/25 jobs/s=533 drains=34992 evl=0ms
[2026-06-04 08:22:27.021] [info] [Worker 0] [libqueen] push(q=0 f=0/24 p99rtt=37ms) pop(q=0 f=5/16 p99rtt=316ms) custom(q=0 f=1/1 p99rtt=11ms) slots=19/25 jobs/s=554 drains=35137 evl=0ms
[2026-06-04 08:22:27.037] [info] [Worker 2] [libqueen] push(q=0 f=1/24 p99rtt=36ms) pop(q=2 f=3/16 p99rtt=306ms) custom(q=0 f=0/1 p99rtt=13ms) slots=21/25 jobs/s=581 drains=35286 evl=0ms
[2026-06-04 08:22:27.040] [info] [Worker 9] [libqueen] push(q=0 f=1/24 p99rtt=37ms) pop(q=0 f=3/16 p99rtt=312ms) custom(q=0 f=0/1 p99rtt=12ms) slots=21/25 jobs/s=565 drains=35292 evl=0ms
[2026-06-04 08:22:27.943] [info] [Worker 7] [libqueen] push(q=0 f=1/24 p99rtt=38ms) pop(q=0 f=4/16 p99rtt=286ms) custom(q=0 f=0/1 p99rtt=13ms) slots=20/25 jobs/s=644 drains=35464 evl=0ms
[2026-06-04 08:22:27.945] [info] [Worker 4] [libqueen] push(q=0 f=0/24 p99rtt=35ms) pop(q=0 f=2/16 p99rtt=268ms) custom(q=0 f=1/1 p99rtt=12ms) slots=22/25 jobs/s=682 drains=36347 evl=0ms
[2026-06-04 08:22:27.962] [info] [Worker 8] [libqueen] push(q=5 f=0/24 p99rtt=34ms) pop(q=0 f=4/16 p99rtt=300ms) custom(q=0 f=0/1 p99rtt=12ms) slots=21/25 jobs/s=684 drains=35314 evl=0ms
[2026-06-04 08:22:27.978] [info] [Worker 5] [libqueen] push(q=5 f=0/24 p99rtt=38ms) pop(q=8 f=3/16 p99rtt=286ms) custom(q=0 f=0/1 p99rtt=12ms) slots=22/25 jobs/s=616 drains=35698 evl=0ms
[2026-06-04 08:22:27.985] [info] [Worker 1] [libqueen] push(q=0 f=1/24 p99rtt=37ms) pop(q=0 f=2/16 p99rtt=308ms) custom(q=0 f=0/1 p99rtt=13ms) slots=22/25 jobs/s=639 drains=35770 evl=0ms
[2026-06-04 08:22:27.993] [info] [Worker 6] [libqueen] push(q=0 f=1/24 p99rtt=34ms) pop(q=0 f=3/16 p99rtt=329ms) custom(q=0 f=0/1 p99rtt=12ms) slots=21/25 jobs/s=650 drains=35436 evl=0ms
[2026-06-04 08:22:28.007] [info] [Worker 3] [libqueen] push(q=0 f=0/24 p99rtt=37ms) pop(q=0 f=4/16 p99rtt=345ms) custom(q=0 f=0/1 p99rtt=12ms) slots=21/25 jobs/s=734 drains=35675 evl=0ms
[2026-06-04 08:22:28.021] [info] [Worker 0] [libqueen] push(q=0 f=1/24 p99rtt=35ms) pop(q=0 f=4/16 p99rtt=312ms) custom(q=0 f=0/1 p99rtt=12ms) slots=20/25 jobs/s=666 drains=35786 evl=0ms
[2026-06-04 08:22:28.038] [info] [Worker 2] [libqueen] push(q=0 f=1/24 p99rtt=36ms) pop(q=0 f=4/16 p99rtt=299ms) custom(q=0 f=0/1 p99rtt=14ms) slots=20/25 jobs/s=682 drains=35891 evl=0ms
[2026-06-04 08:22:28.040] [info] [Worker 9] [libqueen] push(q=5 f=0/24 p99rtt=37ms) pop(q=0 f=3/16 p99rtt=305ms) custom(q=0 f=0/1 p99rtt=13ms) slots=22/25 jobs/s=682 drains=35960 evl=0ms
[2026-06-04 08:22:28.943] [info] [Worker 7] [libqueen] push(q=0 f=0/24 p99rtt=38ms) pop(q=0 f=1/16 p99rtt=281ms) custom(q=0 f=0/1 p99rtt=12ms) slots=24/25 jobs/s=722 drains=36087 evl=0ms
[2026-06-04 08:22:28.947] [info] [Worker 4] [libqueen] push(q=5 f=0/24 p99rtt=35ms) pop(q=14 f=1/16 p99rtt=267ms) custom(q=0 f=0/1 p99rtt=12ms) slots=24/25 jobs/s=770 drains=36972 evl=0ms
[2026-06-04 08:22:28.962] [info] [Worker 8] [libqueen] push(q=0 f=0/24 p99rtt=36ms) pop(q=0 f=3/16 p99rtt=298ms) custom(q=0 f=1/1 p99rtt=11ms) slots=21/25 jobs/s=778 drains=36020 evl=0ms
[2026-06-04 08:22:28.979] [info] [Worker 5] [libqueen] push(q=5 f=0/24 p99rtt=38ms) pop(q=0 f=3/16 p99rtt=281ms) custom(q=0 f=0/1 p99rtt=12ms) slots=22/25 jobs/s=739 drains=36324 evl=0ms
[2026-06-04 08:22:28.985] [info] [Worker 1] [libqueen] push(q=5 f=0/24 p99rtt=37ms) pop(q=0 f=3/16 p99rtt=305ms) custom(q=0 f=1/1 p99rtt=13ms) slots=21/25 jobs/s=784 drains=36454 evl=0ms
[2026-06-04 08:22:28.993] [info] [Worker 6] [libqueen] push(q=0 f=1/24 p99rtt=34ms) pop(q=0 f=1/16 p99rtt=318ms) custom(q=0 f=0/1 p99rtt=12ms) slots=23/25 jobs/s=782 drains=36195 evl=0ms
[2026-06-04 08:22:29.008] [info] [Worker 3] [libqueen] push(q=5 f=0/24 p99rtt=40ms) pop(q=0 f=3/16 p99rtt=325ms) custom(q=0 f=0/1 p99rtt=12ms) slots=22/25 jobs/s=743 drains=36343 evl=0ms
[2026-06-04 08:22:29.021] [info] [Worker 0] [libqueen] push(q=0 f=1/24 p99rtt=37ms) pop(q=0 f=2/16 p99rtt=298ms) custom(q=0 f=0/1 p99rtt=11ms) slots=22/25 jobs/s=805 drains=36529 evl=0ms
[2026-06-04 08:22:29.038] [info] [Worker 2] [libqueen] push(q=5 f=0/24 p99rtt=37ms) pop(q=0 f=3/16 p99rtt=296ms) custom(q=0 f=0/1 p99rtt=14ms) slots=22/25 jobs/s=786 drains=36653 evl=0ms
[2026-06-04 08:22:29.039] [info] [Worker 9] [libqueen] push(q=0 f=1/24 p99rtt=37ms) pop(q=0 f=3/16 p99rtt=299ms) custom(q=0 f=0/1 p99rtt=13ms) slots=21/25 jobs/s=777 drains=36700 evl=0ms
[2026-06-04 08:22:29.363] [info] PartitionLookupReconcileService: fixed 8 partition_lookup rows (stats leader, hostname=112aa6a7f2d1)
[2026-06-04 08:22:29.943] [info] [Worker 7] [libqueen] push(q=0 f=0/24 p99rtt=35ms) pop(q=0 f=3/16 p99rtt=276ms) custom(q=0 f=0/1 p99rtt=12ms) slots=22/25 jobs/s=665 drains=36682 evl=0ms
[2026-06-04 08:22:29.947] [info] [Worker 4] [libqueen] push(q=0 f=1/24 p99rtt=34ms) pop(q=0 f=4/16 p99rtt=259ms) custom(q=0 f=0/1 p99rtt=12ms) slots=20/25 jobs/s=807 drains=37763 evl=0ms
[2026-06-04 08:22:29.962] [info] [Worker 8] [libqueen] push(q=5 f=0/24 p99rtt=36ms) pop(q=0 f=3/16 p99rtt=297ms) custom(q=0 f=0/1 p99rtt=11ms) slots=22/25 jobs/s=829 drains=36777 evl=0ms
[2026-06-04 08:22:29.980] [info] [Worker 5] [libqueen] push(q=0 f=0/24 p99rtt=37ms) pop(q=15 f=3/16 p99rtt=281ms) custom(q=0 f=1/1 p99rtt=12ms) slots=21/25 jobs/s=815 drains=37064 evl=0ms
[2026-06-04 08:22:29.985] [info] [Worker 1] [libqueen] push(q=0 f=1/24 p99rtt=38ms) pop(q=0 f=4/16 p99rtt=298ms) custom(q=0 f=0/1 p99rtt=13ms) slots=20/25 jobs/s=782 drains=37177 evl=0ms
[2026-06-04 08:22:29.993] [info] [Worker 6] [libqueen] push(q=0 f=0/24 p99rtt=34ms) pop(q=0 f=3/16 p99rtt=313ms) custom(q=0 f=0/1 p99rtt=12ms) slots=22/25 jobs/s=839 drains=36973 evl=0ms
[2026-06-04 08:22:30.008] [info] [Worker 3] [libqueen] push(q=0 f=1/24 p99rtt=40ms) pop(q=5 f=3/16 p99rtt=320ms) custom(q=0 f=0/1 p99rtt=12ms) slots=21/25 jobs/s=827 drains=37063 evl=0ms
[2026-06-04 08:22:30.021] [info] [Worker 0] [libqueen] push(q=2 f=0/24 p99rtt=37ms) pop(q=1 f=4/16 p99rtt=277ms) custom(q=0 f=0/1 p99rtt=11ms) slots=21/25 jobs/s=848 drains=37258 evl=0ms
[2026-06-04 08:22:30.038] [info] [Worker 2] [libqueen] push(q=0 f=1/24 p99rtt=37ms) pop(q=1 f=3/16 p99rtt=284ms) custom(q=0 f=0/1 p99rtt=14ms) slots=21/25 jobs/s=829 drains=37432 evl=0ms
[2026-06-04 08:22:30.040] [info] [Worker 9] [libqueen] push(q=5 f=0/24 p99rtt=37ms) pop(q=9 f=2/16 p99rtt=285ms) custom(q=0 f=0/1 p99rtt=13ms) slots=23/25 jobs/s=782 drains=37388 evl=0ms
[2026-06-04 08:22:30.338] [info] StatsService: cycle completed in 33ms
[2026-06-04 08:22:30.944] [info] [Worker 7] [libqueen] push(q=0 f=1/24 p99rtt=35ms) pop(q=10 f=2/16 p99rtt=276ms) custom(q=0 f=0/1 p99rtt=13ms) slots=22/25 jobs/s=754 drains=37393 evl=0ms
[2026-06-04 08:22:30.947] [info] [Worker 4] [libqueen] push(q=5 f=0/24 p99rtt=34ms) pop(q=0 f=4/16 p99rtt=259ms) custom(q=0 f=0/1 p99rtt=12ms) slots=21/25 jobs/s=769 drains=38480 evl=0ms
[2026-06-04 08:22:30.963] [info] [Worker 8] [libqueen] push(q=5 f=0/24 p99rtt=35ms) pop(q=5 f=5/16 p99rtt=294ms) custom(q=0 f=0/1 p99rtt=11ms) slots=20/25 jobs/s=742 drains=37490 evl=0ms
[2026-06-04 08:22:30.980] [info] [Worker 5] [libqueen] push(q=0 f=1/24 p99rtt=36ms) pop(q=0 f=3/16 p99rtt=281ms) custom(q=0 f=0/1 p99rtt=12ms) slots=21/25 jobs/s=801 drains=37797 evl=0ms
[2026-06-04 08:22:30.985] [info] [Worker 1] [libqueen] push(q=0 f=1/24 p99rtt=37ms) pop(q=1 f=4/16 p99rtt=298ms) custom(q=0 f=1/1 p99rtt=13ms) slots=19/25 jobs/s=785 drains=37974 evl=1ms
[2026-06-04 08:22:30.993] [info] [Worker 6] [libqueen] push(q=0 f=0/24 p99rtt=34ms) pop(q=0 f=4/16 p99rtt=313ms) custom(q=0 f=1/1 p99rtt=12ms) slots=20/25 jobs/s=694 drains=37608 evl=0ms
[2026-06-04 08:22:31.008] [info] [Worker 3] [libqueen] push(q=5 f=0/24 p99rtt=37ms) pop(q=4 f=3/16 p99rtt=291ms) custom(q=0 f=0/1 p99rtt=12ms) slots=22/25 jobs/s=784 drains=37758 evl=0ms
[2026-06-04 08:22:31.021] [info] [Worker 0] [libqueen] push(q=0 f=0/24 p99rtt=36ms) pop(q=0 f=3/16 p99rtt=277ms) custom(q=0 f=1/1 p99rtt=11ms) slots=21/25 jobs/s=794 drains=37928 evl=0ms
[2026-06-04 08:22:31.039] [info] [Worker 2] [libqueen] push(q=0 f=0/24 p99rtt=37ms) pop(q=0 f=3/16 p99rtt=261ms) custom(q=0 f=0/1 p99rtt=12ms) slots=22/25 jobs/s=735 drains=38105 evl=0ms
[2026-06-04 08:22:31.040] [info] [Worker 9] [libqueen] push(q=5 f=0/24 p99rtt=37ms) pop(q=2 f=2/16 p99rtt=278ms) custom(q=0 f=0/1 p99rtt=12ms) slots=23/25 jobs/s=723 drains=38029 evl=0ms
[2026-06-04 08:22:31.943] [info] [Worker 7] [libqueen] push(q=5 f=0/24 p99rtt=35ms) pop(q=0 f=4/16 p99rtt=270ms) custom(q=0 f=1/1 p99rtt=14ms) slots=20/25 jobs/s=659 drains=37969 evl=0ms
[2026-06-04 08:22:31.947] [info] [Worker 4] [libqueen] push(q=0 f=1/24 p99rtt=34ms) pop(q=0 f=4/16 p99rtt=259ms) custom(q=0 f=0/1 p99rtt=12ms) slots=20/25 jobs/s=716 drains=39147 evl=0ms
[2026-06-04 08:22:31.963] [info] [Worker 8] [libqueen] push(q=5 f=0/24 p99rtt=34ms) pop(q=0 f=4/16 p99rtt=294ms) custom(q=0 f=0/1 p99rtt=13ms) slots=21/25 jobs/s=760 drains=38126 evl=0ms
[2026-06-04 08:22:31.980] [info] [Worker 5] [libqueen] push(q=0 f=0/24 p99rtt=36ms) pop(q=0 f=3/16 p99rtt=279ms) custom(q=0 f=0/1 p99rtt=12ms) slots=22/25 jobs/s=714 drains=38476 evl=0ms
[2026-06-04 08:22:31.985] [info] [Worker 1] [libqueen] push(q=5 f=0/24 p99rtt=36ms) pop(q=0 f=3/16 p99rtt=298ms) custom(q=0 f=0/1 p99rtt=13ms) slots=22/25 jobs/s=790 drains=38704 evl=0ms
[2026-06-04 08:22:31.993] [info] [Worker 6] [libqueen] push(q=0 f=1/24 p99rtt=33ms) pop(q=0 f=3/16 p99rtt=313ms) custom(q=0 f=0/1 p99rtt=13ms) slots=21/25 jobs/s=763 drains=38289 evl=0ms
[2026-06-04 08:22:32.008] [info] [Worker 3] [libqueen] push(q=0 f=1/24 p99rtt=37ms) pop(q=0 f=4/16 p99rtt=291ms) custom(q=0 f=0/1 p99rtt=12ms) slots=20/25 jobs/s=665 drains=38404 evl=0ms
[2026-06-04 08:22:32.020] [info] [Worker 0] [libqueen] push(q=0 f=1/24 p99rtt=36ms) pop(q=3 f=3/16 p99rtt=277ms) custom(q=0 f=0/1 p99rtt=10ms) slots=21/25 jobs/s=675 drains=38557 evl=0ms
[2026-06-04 08:22:32.039] [info] [Worker 9] [libqueen] push(q=0 f=0/24 p99rtt=37ms) pop(q=2 f=3/16 p99rtt=278ms) custom(q=0 f=1/1 p99rtt=12ms) slots=21/25 jobs/s=733 drains=38766 evl=0ms
[2026-06-04 08:22:32.039] [info] [Worker 2] [libqueen] push(q=0 f=1/24 p99rtt=38ms) pop(q=0 f=3/16 p99rtt=258ms) custom(q=0 f=0/1 p99rtt=13ms) slots=21/25 jobs/s=678 drains=38681 evl=0ms
[2026-06-04 08:22:32.944] [info] [Worker 7] [libqueen] push(q=0 f=1/24 p99rtt=35ms) pop(q=0 f=3/16 p99rtt=270ms) custom(q=0 f=0/1 p99rtt=14ms) slots=21/25 jobs/s=740 drains=38706 evl=0ms
[2026-06-04 08:22:32.948] [info] [Worker 4] [libqueen] push(q=0 f=1/24 p99rtt=35ms) pop(q=2 f=2/16 p99rtt=259ms) custom(q=0 f=0/1 p99rtt=13ms) slots=22/25 jobs/s=714 drains=39832 evl=0ms
[2026-06-04 08:22:32.963] [info] [Worker 8] [libqueen] push(q=5 f=0/24 p99rtt=34ms) pop(q=0 f=2/16 p99rtt=294ms) custom(q=0 f=0/1 p99rtt=12ms) slots=23/25 jobs/s=717 drains=38842 evl=0ms
[2026-06-04 08:22:32.981] [info] [Worker 5] [libqueen] push(q=1 f=0/24 p99rtt=36ms) pop(q=2 f=3/16 p99rtt=279ms) custom(q=0 f=0/1 p99rtt=12ms) slots=22/25 jobs/s=735 drains=39202 evl=0ms
[2026-06-04 08:22:32.985] [info] [Worker 1] [libqueen] push(q=0 f=1/24 p99rtt=35ms) pop(q=0 f=3/16 p99rtt=298ms) custom(q=0 f=0/1 p99rtt=15ms) slots=21/25 jobs/s=672 drains=39344 evl=0ms
[2026-06-04 08:22:32.993] [info] [Worker 6] [libqueen] push(q=0 f=1/24 p99rtt=34ms) pop(q=0 f=4/16 p99rtt=313ms) custom(q=0 f=0/1 p99rtt=12ms) slots=20/25 jobs/s=694 drains=38933 evl=0ms
[2026-06-04 08:22:33.008] [info] [Worker 3] [libqueen] push(q=5 f=0/24 p99rtt=38ms) pop(q=0 f=3/16 p99rtt=291ms) custom(q=0 f=1/1 p99rtt=12ms) slots=21/25 jobs/s=705 drains=39039 evl=0ms
[2026-06-04 08:22:33.021] [info] [Worker 0] [libqueen] push(q=0 f=1/24 p99rtt=36ms) pop(q=0 f=3/16 p99rtt=277ms) custom(q=0 f=0/1 p99rtt=11ms) slots=21/25 jobs/s=734 drains=39253 evl=0ms
[2026-06-04 08:22:33.039] [info] [Worker 9] [libqueen] push(q=0 f=1/24 p99rtt=37ms) pop(q=2 f=4/16 p99rtt=278ms) custom(q=0 f=0/1 p99rtt=12ms) slots=20/25 jobs/s=788 drains=39560 evl=0ms
[2026-06-04 08:22:33.040] [info] [Worker 2] [libqueen] push(q=5 f=0/24 p99rtt=38ms) pop(q=0 f=4/16 p99rtt=258ms) custom(q=0 f=0/1 p99rtt=13ms) slots=21/25 jobs/s=776 drains=39419 evl=0ms
[2026-06-04 08:22:33.944] [info] [Worker 7] [libqueen] push(q=5 f=0/24 p99rtt=35ms) pop(q=1 f=2/16 p99rtt=274ms) custom(q=0 f=0/1 p99rtt=13ms) slots=23/25 jobs/s=770 drains=39494 evl=0ms
[2026-06-04 08:22:33.948] [info] [Worker 4] [libqueen] push(q=0 f=0/24 p99rtt=35ms) pop(q=17 f=1/16 p99rtt=259ms) custom(q=0 f=1/1 p99rtt=12ms) slots=23/25 jobs/s=714 drains=40462 evl=0ms
[2026-06-04 08:22:33.963] [info] [Worker 8] [libqueen] push(q=0 f=0/24 p99rtt=34ms) pop(q=0 f=3/16 p99rtt=294ms) custom(q=0 f=1/1 p99rtt=11ms) slots=21/25 jobs/s=753 drains=39516 evl=0ms
[2026-06-04 08:22:33.980] [info] [Worker 5] [libqueen] push(q=5 f=0/24 p99rtt=37ms) pop(q=1 f=3/16 p99rtt=279ms) custom(q=0 f=0/1 p99rtt=11ms) slots=22/25 jobs/s=846 drains=40013 evl=0ms
[2026-06-04 08:22:33.986] [info] [Worker 1] [libqueen] push(q=0 f=1/24 p99rtt=36ms) pop(q=0 f=3/16 p99rtt=298ms) custom(q=0 f=0/1 p99rtt=14ms) slots=21/25 jobs/s=701 drains=39975 evl=0ms
[2026-06-04 08:22:33.993] [info] [Worker 6] [libqueen] push(q=5 f=0/24 p99rtt=34ms) pop(q=1 f=3/16 p99rtt=302ms) custom(q=0 f=0/1 p99rtt=12ms) slots=22/25 jobs/s=811 drains=39668 evl=0ms
[2026-06-04 08:22:34.008] [info] [Worker 3] [libqueen] push(q=5 f=0/24 p99rtt=40ms) pop(q=0 f=4/16 p99rtt=291ms) custom(q=0 f=0/1 p99rtt=12ms) slots=21/25 jobs/s=736 drains=39717 evl=0ms
[2026-06-04 08:22:34.021] [info] [Worker 0] [libqueen] push(q=5 f=0/24 p99rtt=36ms) pop(q=0 f=3/16 p99rtt=277ms) custom(q=0 f=0/1 p99rtt=11ms) slots=22/25 jobs/s=688 drains=39906 evl=0ms
[2026-06-04 08:22:34.040] [info] [Worker 2] [libqueen] push(q=0 f=1/24 p99rtt=38ms) pop(q=0 f=4/16 p99rtt=257ms) custom(q=0 f=0/1 p99rtt=13ms) slots=20/25 jobs/s=796 drains=40152 evl=0ms
[2026-06-04 08:22:34.040] [info] [Worker 9] [libqueen] push(q=5 f=0/24 p99rtt=37ms) pop(q=7 f=3/16 p99rtt=277ms) custom(q=0 f=0/1 p99rtt=12ms) slots=22/25 jobs/s=733 drains=40217 evl=0ms
[2026-06-04 08:22:34.944] [info] [Worker 7] [libqueen] push(q=5 f=0/24 p99rtt=35ms) pop(q=0 f=2/16 p99rtt=274ms) custom(q=0 f=0/1 p99rtt=14ms) slots=23/25 jobs/s=715 drains=40108 evl=0ms
[2026-06-04 08:22:34.950] [info] [Worker 4] [libqueen] push(q=5 f=0/24 p99rtt=36ms) pop(q=0 f=4/16 p99rtt=259ms) custom(q=0 f=0/1 p99rtt=12ms) slots=21/25 jobs/s=762 drains=41209 evl=0ms
[2026-06-04 08:22:34.963] [info] [Worker 8] [libqueen] push(q=0 f=1/24 p99rtt=35ms) pop(q=10 f=2/16 p99rtt=294ms) custom(q=0 f=0/1 p99rtt=10ms) slots=22/25 jobs/s=665 drains=40140 evl=0ms
[2026-06-04 08:22:34.980] [info] [Worker 5] [libqueen] push(q=0 f=1/24 p99rtt=38ms) pop(q=0 f=3/16 p99rtt=279ms) custom(q=0 f=0/1 p99rtt=11ms) slots=21/25 jobs/s=717 drains=40730 evl=0ms
[2026-06-04 08:22:34.986] [info] [Worker 1] [libqueen] push(q=0 f=1/24 p99rtt=37ms) pop(q=0 f=3/16 p99rtt=299ms) custom(q=0 f=0/1 p99rtt=13ms) slots=21/25 jobs/s=716 drains=40690 evl=0ms
[2026-06-04 08:22:34.993] [info] [Worker 6] [libqueen] push(q=0 f=0/24 p99rtt=34ms) pop(q=0 f=2/16 p99rtt=302ms) custom(q=0 f=0/1 p99rtt=12ms) slots=23/25 jobs/s=714 drains=40331 evl=0ms
[2026-06-04 08:22:35.007] [info] [Worker 3] [libqueen] push(q=5 f=0/24 p99rtt=40ms) pop(q=11 f=2/16 p99rtt=291ms) custom(q=0 f=1/1 p99rtt=12ms) slots=22/25 jobs/s=694 drains=40301 evl=0ms
[2026-06-04 08:22:35.021] [info] [Worker 0] [libqueen] push(q=5 f=0/24 p99rtt=37ms) pop(q=3 f=2/16 p99rtt=277ms) custom(q=0 f=0/1 p99rtt=12ms) slots=23/25 jobs/s=736 drains=40564 evl=0ms
[2026-06-04 08:22:35.040] [info] [Worker 2] [libqueen] push(q=5 f=0/24 p99rtt=38ms) pop(q=1 f=2/16 p99rtt=257ms) custom(q=0 f=0/1 p99rtt=14ms) slots=23/25 jobs/s=658 drains=40763 evl=0ms
[2026-06-04 08:22:35.041] [info] [Worker 9] [libqueen] push(q=5 f=0/24 p99rtt=38ms) pop(q=2 f=3/16 p99rtt=277ms) custom(q=0 f=0/1 p99rtt=12ms) slots=22/25 jobs/s=743 drains=40933 evl=0ms
[2026-06-04 08:22:35.367] [info] PartitionLookupReconcileService: fixed 5 partition_lookup rows (stats leader, hostname=112aa6a7f2d1)
[2026-06-04 08:22:35.944] [info] [Worker 7] [libqueen] push(q=5 f=0/24 p99rtt=35ms) pop(q=0 f=3/16 p99rtt=274ms) custom(q=0 f=0/1 p99rtt=14ms) slots=22/25 jobs/s=723 drains=40819 evl=0ms
[2026-06-04 08:22:35.948] [info] [Worker 4] [libqueen] push(q=0 f=1/24 p99rtt=35ms) pop(q=0 f=4/16 p99rtt=259ms) custom(q=0 f=0/1 p99rtt=12ms) slots=20/25 jobs/s=721 drains=41885 evl=0ms
[2026-06-04 08:22:35.964] [info] [Worker 8] [libqueen] push(q=0 f=1/24 p99rtt=34ms) pop(q=0 f=3/16 p99rtt=294ms) custom(q=0 f=1/1 p99rtt=10ms) slots=20/25 jobs/s=715 drains=40812 evl=0ms
[2026-06-04 08:22:35.980] [info] [Worker 5] [libqueen] push(q=5 f=0/24 p99rtt=36ms) pop(q=1 f=3/16 p99rtt=279ms) custom(q=0 f=0/1 p99rtt=12ms) slots=22/25 jobs/s=676 drains=41393 evl=0ms
[2026-06-04 08:22:35.987] [info] [Worker 1] [libqueen] push(q=0 f=1/24 p99rtt=36ms) pop(q=0 f=5/16 p99rtt=299ms) custom(q=0 f=0/1 p99rtt=12ms) slots=19/25 jobs/s=727 drains=41387 evl=0ms
[2026-06-04 08:22:35.993] [info] [Worker 6] [libqueen] push(q=0 f=1/24 p99rtt=34ms) pop(q=0 f=4/16 p99rtt=302ms) custom(q=0 f=0/1 p99rtt=14ms) slots=20/25 jobs/s=689 drains=41025 evl=0ms
[2026-06-04 08:22:36.008] [info] [Worker 3] [libqueen] push(q=0 f=1/24 p99rtt=40ms) pop(q=0 f=4/16 p99rtt=302ms) custom(q=0 f=0/1 p99rtt=12ms) slots=20/25 jobs/s=612 drains=40875 evl=0ms
[2026-06-04 08:22:36.021] [info] [Worker 0] [libqueen] push(q=0 f=1/24 p99rtt=35ms) pop(q=6 f=3/16 p99rtt=283ms) custom(q=0 f=0/1 p99rtt=12ms) slots=21/25 jobs/s=679 drains=41248 evl=0ms
[2026-06-04 08:22:36.040] [info] [Worker 2] [libqueen] push(q=0 f=1/24 p99rtt=38ms) pop(q=0 f=3/16 p99rtt=256ms) custom(q=0 f=0/1 p99rtt=14ms) slots=21/25 jobs/s=783 drains=41500 evl=0ms
[2026-06-04 08:22:36.041] [info] [Worker 9] [libqueen] push(q=0 f=0/24 p99rtt=37ms) pop(q=0 f=3/16 p99rtt=277ms) custom(q=0 f=1/1 p99rtt=12ms) slots=21/25 jobs/s=725 drains=41617 evl=0ms
[2026-06-04 08:22:36.945] [info] [Worker 7] [libqueen] push(q=0 f=1/24 p99rtt=35ms) pop(q=0 f=3/16 p99rtt=274ms) custom(q=0 f=0/1 p99rtt=14ms) slots=21/25 jobs/s=667 drains=41482 evl=0ms
[2026-06-04 08:22:36.951] [info] [Worker 4] [libqueen] push(q=0 f=0/24 p99rtt=36ms) pop(q=0 f=3/16 p99rtt=266ms) custom(q=0 f=1/1 p99rtt=12ms) slots=21/25 jobs/s=629 drains=42423 evl=0ms
[2026-06-04 08:22:36.963] [info] [Worker 8] [libqueen] push(q=5 f=0/24 p99rtt=35ms) pop(q=0 f=3/16 p99rtt=294ms) custom(q=0 f=1/1 p99rtt=10ms) slots=21/25 jobs/s=623 drains=41439 evl=0ms
[2026-06-04 08:22:36.980] [info] [Worker 5] [libqueen] push(q=0 f=1/24 p99rtt=37ms) pop(q=0 f=4/16 p99rtt=279ms) custom(q=0 f=0/1 p99rtt=11ms) slots=20/25 jobs/s=642 drains=42029 evl=0ms
[2026-06-04 08:22:36.987] [info] [Worker 1] [libqueen] push(q=5 f=0/24 p99rtt=37ms) pop(q=0 f=4/16 p99rtt=299ms) custom(q=0 f=0/1 p99rtt=13ms) slots=21/25 jobs/s=664 drains=41980 evl=0ms
[2026-06-04 08:22:36.993] [info] [Worker 6] [libqueen] push(q=0 f=1/24 p99rtt=34ms) pop(q=0 f=3/16 p99rtt=313ms) custom(q=0 f=0/1 p99rtt=14ms) slots=21/25 jobs/s=633 drains=41611 evl=0ms
[2026-06-04 08:22:37.008] [info] [Worker 3] [libqueen] push(q=0 f=0/24 p99rtt=40ms) pop(q=2 f=3/16 p99rtt=302ms) custom(q=0 f=0/1 p99rtt=11ms) slots=22/25 jobs/s=647 drains=41421 evl=0ms
[2026-06-04 08:22:37.021] [info] [Worker 0] [libqueen] push(q=5 f=0/24 p99rtt=36ms) pop(q=0 f=3/16 p99rtt=287ms) custom(q=0 f=0/1 p99rtt=13ms) slots=22/25 jobs/s=631 drains=41898 evl=1ms
[2026-06-04 08:22:37.040] [info] [Worker 2] [libqueen] push(q=0 f=1/24 p99rtt=38ms) pop(q=0 f=3/16 p99rtt=256ms) custom(q=0 f=0/1 p99rtt=14ms) slots=21/25 jobs/s=646 drains=42126 evl=0ms
[2026-06-04 08:22:37.041] [info] [Worker 9] [libqueen] push(q=5 f=0/24 p99rtt=38ms) pop(q=0 f=4/16 p99rtt=277ms) custom(q=0 f=0/1 p99rtt=11ms) slots=21/25 jobs/s=603 drains=42220 evl=0ms
[2026-06-04 08:22:37.946] [info] [Worker 7] [libqueen] push(q=0 f=1/24 p99rtt=35ms) pop(q=0 f=5/16 p99rtt=274ms) custom(q=0 f=0/1 p99rtt=14ms) slots=19/25 jobs/s=586 drains=42092 evl=0ms
[2026-06-04 08:22:37.951] [info] [Worker 4] [libqueen] push(q=5 f=0/24 p99rtt=36ms) pop(q=0 f=4/16 p99rtt=268ms) custom(q=0 f=0/1 p99rtt=14ms) slots=21/25 jobs/s=627 drains=42969 evl=0ms
[2026-06-04 08:22:37.964] [info] [Worker 8] [libqueen] push(q=0 f=1/24 p99rtt=35ms) pop(q=0 f=4/16 p99rtt=294ms) custom(q=0 f=0/1 p99rtt=10ms) slots=20/25 jobs/s=620 drains=42039 evl=0ms
[2026-06-04 08:22:37.980] [info] [Worker 5] [libqueen] push(q=0 f=1/24 p99rtt=37ms) pop(q=0 f=4/16 p99rtt=279ms) custom(q=0 f=0/1 p99rtt=12ms) slots=20/25 jobs/s=717 drains=42681 evl=1ms
[2026-06-04 08:22:37.992] [info] [Worker 1] [libqueen] push(q=0 f=1/24 p99rtt=37ms) pop(q=4 f=3/16 p99rtt=305ms) custom(q=0 f=0/1 p99rtt=17ms) slots=21/25 jobs/s=579 drains=42526 evl=0ms
[2026-06-04 08:22:37.993] [info] [Worker 6] [libqueen] push(q=5 f=0/24 p99rtt=37ms) pop(q=0 f=3/16 p99rtt=313ms) custom(q=0 f=0/1 p99rtt=14ms) slots=22/25 jobs/s=594 drains=42222 evl=0ms
[2026-06-04 08:22:38.008] [info] [Worker 3] [libqueen] push(q=0 f=1/24 p99rtt=40ms) pop(q=6 f=4/16 p99rtt=302ms) custom(q=0 f=0/1 p99rtt=12ms) slots=20/25 jobs/s=625 drains=42055 evl=0ms
[2026-06-04 08:22:38.022] [info] [Worker 0] [libqueen] push(q=0 f=1/24 p99rtt=36ms) pop(q=0 f=2/16 p99rtt=287ms) custom(q=0 f=0/1 p99rtt=14ms) slots=22/25 jobs/s=638 drains=42471 evl=0ms
[2026-06-04 08:22:38.040] [info] [Worker 2] [libqueen] push(q=5 f=0/24 p99rtt=38ms) pop(q=1 f=4/16 p99rtt=257ms) custom(q=0 f=0/1 p99rtt=14ms) slots=21/25 jobs/s=611 drains=42713 evl=0ms
[2026-06-04 08:22:38.040] [info] [Worker 9] [libqueen] push(q=0 f=1/24 p99rtt=39ms) pop(q=0 f=3/16 p99rtt=278ms) custom(q=0 f=0/1 p99rtt=12ms) slots=21/25 jobs/s=586 drains=42820 evl=0ms
[2026-06-04 08:22:38.946] [info] [Worker 7] [libqueen] push(q=0 f=1/24 p99rtt=36ms) pop(q=11 f=4/16 p99rtt=274ms) custom(q=0 f=0/1 p99rtt=14ms) slots=20/25 jobs/s=670 drains=42814 evl=0ms
[2026-06-04 08:22:38.951] [info] [Worker 4] [libqueen] push(q=0 f=1/24 p99rtt=37ms) pop(q=0 f=5/16 p99rtt=268ms) custom(q=0 f=0/1 p99rtt=14ms) slots=19/25 jobs/s=660 drains=43655 evl=0ms
[2026-06-04 08:22:38.964] [info] [Worker 8] [libqueen] push(q=5 f=0/24 p99rtt=36ms) pop(q=0 f=3/16 p99rtt=293ms) custom(q=0 f=0/1 p99rtt=10ms) slots=22/25 jobs/s=661 drains=42719 evl=0ms
[2026-06-04 08:22:38.981] [info] [Worker 5] [libqueen] push(q=2 f=0/24 p99rtt=38ms) pop(q=0 f=3/16 p99rtt=279ms) custom(q=0 f=1/1 p99rtt=13ms) slots=21/25 jobs/s=640 drains=43252 evl=0ms
[2026-06-04 08:22:38.992] [info] [Worker 1] [libqueen] push(q=0 f=1/24 p99rtt=38ms) pop(q=0 f=4/16 p99rtt=314ms) custom(q=0 f=0/1 p99rtt=17ms) slots=20/25 jobs/s=636 drains=43186 evl=0ms
[2026-06-04 08:22:38.992] [info] [Worker 6] [libqueen] push(q=0 f=1/24 p99rtt=40ms) pop(q=2 f=4/16 p99rtt=313ms) custom(q=0 f=0/1 p99rtt=14ms) slots=20/25 jobs/s=572 drains=42821 evl=0ms
[2026-06-04 08:22:39.008] [info] [Worker 3] [libqueen] push(q=0 f=1/24 p99rtt=41ms) pop(q=0 f=5/16 p99rtt=302ms) custom(q=0 f=0/1 p99rtt=11ms) slots=19/25 jobs/s=602 drains=42658 evl=0ms
[2026-06-04 08:22:39.022] [info] [Worker 0] [libqueen] push(q=0 f=1/24 p99rtt=37ms) pop(q=0 f=5/16 p99rtt=277ms) custom(q=0 f=0/1 p99rtt=14ms) slots=19/25 jobs/s=617 drains=43144 evl=0ms
[2026-06-04 08:22:39.039] [info] [Worker 2] [libqueen] push(q=0 f=0/24 p99rtt=39ms) pop(q=1 f=4/16 p99rtt=258ms) custom(q=0 f=1/1 p99rtt=14ms) slots=20/25 jobs/s=627 drains=43342 evl=0ms
[2026-06-04 08:22:39.041] [info] [Worker 9] [libqueen] push(q=5 f=0/24 p99rtt=40ms) pop(q=0 f=4/16 p99rtt=280ms) custom(q=0 f=0/1 p99rtt=12ms) slots=21/25 jobs/s=597 drains=43426 evl=0ms
[2026-06-04 08:22:39.946] [info] [Worker 7] [libqueen] push(q=0 f=1/24 p99rtt=36ms) pop(q=6 f=5/16 p99rtt=269ms) custom(q=0 f=0/1 p99rtt=14ms) slots=19/25 jobs/s=644 drains=43424 evl=0ms
[2026-06-04 08:22:39.952] [info] [Worker 4] [libqueen] push(q=5 f=0/24 p99rtt=36ms) pop(q=3 f=4/16 p99rtt=267ms) custom(q=0 f=1/1 p99rtt=14ms) slots=20/25 jobs/s=665 drains=44306 evl=1ms
[2026-06-04 08:22:39.972] [info] [Worker 8] [libqueen] push(q=0 f=0/24 p99rtt=36ms) pop(q=3 f=2/16 p99rtt=294ms) custom(q=0 f=1/1 p99rtt=11ms) slots=22/25 jobs/s=648 drains=43279 evl=0ms
[2026-06-04 08:22:39.981] [info] [Worker 5] [libqueen] push(q=5 f=0/24 p99rtt=38ms) pop(q=18 f=2/16 p99rtt=281ms) custom(q=0 f=0/1 p99rtt=14ms) slots=23/25 jobs/s=573 drains=43790 evl=0ms
[2026-06-04 08:22:39.993] [info] [Worker 1] [libqueen] push(q=5 f=0/24 p99rtt=39ms) pop(q=0 f=4/16 p99rtt=317ms) custom(q=0 f=0/1 p99rtt=17ms) slots=21/25 jobs/s=595 drains=43772 evl=0ms
[2026-06-04 08:22:39.993] [info] [Worker 6] [libqueen] push(q=0 f=1/24 p99rtt=37ms) pop(q=0 f=4/16 p99rtt=313ms) custom(q=0 f=1/1 p99rtt=14ms) slots=19/25 jobs/s=636 drains=43464 evl=0ms
[2026-06-04 08:22:40.008] [info] [Worker 3] [libqueen] push(q=0 f=1/24 p99rtt=41ms) pop(q=0 f=4/16 p99rtt=319ms) custom(q=0 f=0/1 p99rtt=10ms) slots=20/25 jobs/s=637 drains=43253 evl=0ms
[2026-06-04 08:22:40.022] [info] [Worker 0] [libqueen] push(q=0 f=1/24 p99rtt=37ms) pop(q=3 f=4/16 p99rtt=277ms) custom(q=0 f=0/1 p99rtt=14ms) slots=20/25 jobs/s=699 drains=43839 evl=0ms
[2026-06-04 08:22:40.041] [info] [Worker 9] [libqueen] push(q=0 f=1/24 p99rtt=40ms) pop(q=0 f=4/16 p99rtt=281ms) custom(q=0 f=0/1 p99rtt=12ms) slots=20/25 jobs/s=575 drains=44000 evl=0ms
[2026-06-04 08:22:40.043] [info] [Worker 2] [libqueen] push(q=0 f=1/24 p99rtt=38ms) pop(q=0 f=3/16 p99rtt=261ms) custom(q=0 f=0/1 p99rtt=14ms) slots=21/25 jobs/s=591 drains=43926 evl=0ms
[2026-06-04 08:22:40.365] [info] StatsService: cycle completed in 38ms
[2026-06-04 08:22:40.946] [info] [Worker 7] [libqueen] push(q=0 f=1/24 p99rtt=36ms) pop(q=0 f=4/16 p99rtt=264ms) custom(q=0 f=1/1 p99rtt=14ms) slots=19/25 jobs/s=591 drains=44040 evl=0ms
[2026-06-04 08:22:40.957] [info] [Worker 4] [libqueen] push(q=4 f=0/24 p99rtt=37ms) pop(q=0 f=3/16 p99rtt=270ms) custom(q=0 f=1/1 p99rtt=14ms) slots=21/25 jobs/s=572 drains=44874 evl=0ms
[2026-06-04 08:22:40.972] [info] [Worker 8] [libqueen] push(q=0 f=1/24 p99rtt=36ms) pop(q=2 f=3/16 p99rtt=293ms) custom(q=0 f=0/1 p99rtt=10ms) slots=21/25 jobs/s=601 drains=43876 evl=0ms
[2026-06-04 08:22:40.981] [info] [Worker 5] [libqueen] push(q=5 f=0/24 p99rtt=36ms) pop(q=6 f=4/16 p99rtt=274ms) custom(q=0 f=0/1 p99rtt=14ms) slots=21/25 jobs/s=599 drains=44439 evl=0ms
[2026-06-04 08:22:40.992] [info] [Worker 6] [libqueen] push(q=0 f=1/24 p99rtt=40ms) pop(q=5 f=4/16 p99rtt=313ms) custom(q=0 f=0/1 p99rtt=14ms) slots=20/25 jobs/s=590 drains=44048 evl=0ms
[2026-06-04 08:22:40.993] [info] [Worker 1] [libqueen] push(q=5 f=0/24 p99rtt=38ms) pop(q=8 f=3/16 p99rtt=317ms) custom(q=0 f=0/1 p99rtt=18ms) slots=22/25 jobs/s=627 drains=44417 evl=0ms
[2026-06-04 08:22:41.009] [info] [Worker 3] [libqueen] push(q=0 f=1/24 p99rtt=41ms) pop(q=0 f=3/16 p99rtt=325ms) custom(q=0 f=0/1 p99rtt=11ms) slots=21/25 jobs/s=638 drains=43802 evl=0ms
[2026-06-04 08:22:41.022] [info] [Worker 0] [libqueen] push(q=5 f=0/24 p99rtt=36ms) pop(q=0 f=3/16 p99rtt=276ms) custom(q=0 f=0/1 p99rtt=14ms) slots=22/25 jobs/s=677 drains=44511 evl=0ms
[2026-06-04 08:22:41.042] [info] [Worker 9] [libqueen] push(q=0 f=1/24 p99rtt=40ms) pop(q=0 f=3/16 p99rtt=280ms) custom(q=0 f=0/1 p99rtt=12ms) slots=21/25 jobs/s=577 drains=44552 evl=2ms
[2026-06-04 08:22:41.043] [info] [Worker 2] [libqueen] push(q=5 f=0/24 p99rtt=38ms) pop(q=0 f=3/16 p99rtt=266ms) custom(q=0 f=0/1 p99rtt=14ms) slots=22/25 jobs/s=554 drains=44466 evl=0ms
[2026-06-04 08:22:41.381] [info] PartitionLookupReconcileService: fixed 4 partition_lookup rows (stats leader, hostname=112aa6a7f2d1)
[2026-06-04 08:22:41.946] [info] [Worker 7] [libqueen] push(q=5 f=0/24 p99rtt=36ms) pop(q=0 f=3/16 p99rtt=270ms) custom(q=0 f=0/1 p99rtt=17ms) slots=22/25 jobs/s=622 drains=44653 evl=0ms
[2026-06-04 08:22:41.957] [info] [Worker 4] [libqueen] push(q=0 f=0/24 p99rtt=37ms) pop(q=0 f=2/16 p99rtt=274ms) custom(q=0 f=1/1 p99rtt=14ms) slots=22/25 jobs/s=604 drains=45498 evl=0ms
[2026-06-04 08:22:41.972] [info] [Worker 8] [libqueen] push(q=0 f=1/24 p99rtt=37ms) pop(q=1 f=3/16 p99rtt=293ms) custom(q=0 f=0/1 p99rtt=10ms) slots=21/25 jobs/s=630 drains=44527 evl=0ms
[2026-06-04 08:22:41.980] [info] [Worker 5] [libqueen] push(q=0 f=1/24 p99rtt=36ms) pop(q=0 f=3/16 p99rtt=281ms) custom(q=0 f=0/1 p99rtt=14ms) slots=21/25 jobs/s=709 drains=45200 evl=0ms
[2026-06-04 08:22:41.993] [info] [Worker 1] [libqueen] push(q=0 f=1/24 p99rtt=39ms) pop(q=13 f=3/16 p99rtt=314ms) custom(q=0 f=0/1 p99rtt=17ms) slots=21/25 jobs/s=654 drains=45137 evl=0ms
[2026-06-04 08:22:41.993] [info] [Worker 6] [libqueen] push(q=0 f=1/24 p99rtt=40ms) pop(q=0 f=3/16 p99rtt=295ms) custom(q=0 f=0/1 p99rtt=12ms) slots=21/25 jobs/s=646 drains=44714 evl=0ms
[2026-06-04 08:22:42.009] [info] [Worker 3] [libqueen] push(q=0 f=1/24 p99rtt=43ms) pop(q=6 f=4/16 p99rtt=335ms) custom(q=0 f=0/1 p99rtt=11ms) slots=20/25 jobs/s=555 drains=44368 evl=0ms
[2026-06-04 08:22:42.022] [info] [Worker 0] [libqueen] push(q=0 f=1/24 p99rtt=36ms) pop(q=1 f=3/16 p99rtt=293ms) custom(q=0 f=0/1 p99rtt=14ms) slots=21/25 jobs/s=591 drains=45133 evl=0ms
[2026-06-04 08:22:42.042] [info] [Worker 9] [libqueen] push(q=0 f=0/24 p99rtt=39ms) pop(q=4 f=2/16 p99rtt=282ms) custom(q=0 f=1/1 p99rtt=12ms) slots=22/25 jobs/s=535 drains=45073 evl=0ms
[2026-06-04 08:22:42.043] [info] [Worker 2] [libqueen] push(q=0 f=1/24 p99rtt=38ms) pop(q=0 f=4/16 p99rtt=274ms) custom(q=0 f=0/1 p99rtt=13ms) slots=20/25 jobs/s=620 drains=45039 evl=0ms
[2026-06-04 08:22:42.946] [info] [Worker 7] [libqueen] push(q=5 f=0/24 p99rtt=36ms) pop(q=11 f=3/16 p99rtt=270ms) custom(q=0 f=0/1 p99rtt=26ms) slots=22/25 jobs/s=606 drains=45245 evl=0ms
[2026-06-04 08:22:42.957] [info] [Worker 4] [libqueen] push(q=5 f=0/24 p99rtt=37ms) pop(q=2 f=5/16 p99rtt=277ms) custom(q=0 f=0/1 p99rtt=12ms) slots=20/25 jobs/s=608 drains=46143 evl=0ms
[2026-06-04 08:22:42.972] [info] [Worker 8] [libqueen] push(q=0 f=1/24 p99rtt=37ms) pop(q=0 f=4/16 p99rtt=290ms) custom(q=0 f=0/1 p99rtt=10ms) slots=20/25 jobs/s=627 drains=45169 evl=0ms
[2026-06-04 08:22:42.981] [info] [Worker 5] [libqueen] push(q=5 f=0/24 p99rtt=36ms) pop(q=0 f=5/16 p99rtt=284ms) custom(q=0 f=0/1 p99rtt=14ms) slots=20/25 jobs/s=604 drains=45798 evl=0ms
[2026-06-04 08:22:42.994] [info] [Worker 1] [libqueen] push(q=0 f=1/24 p99rtt=39ms) pop(q=3 f=4/16 p99rtt=317ms) custom(q=0 f=0/1 p99rtt=16ms) slots=20/25 jobs/s=546 drains=45694 evl=0ms
[2026-06-04 08:22:42.995] [info] [Worker 6] [libqueen] push(q=0 f=1/24 p99rtt=40ms) pop(q=0 f=4/16 p99rtt=295ms) custom(q=0 f=0/1 p99rtt=12ms) slots=20/25 jobs/s=644 drains=45373 evl=0ms
[2026-06-04 08:22:43.009] [info] [Worker 3] [libqueen] push(q=0 f=1/24 p99rtt=43ms) pop(q=19 f=3/16 p99rtt=325ms) custom(q=0 f=0/1 p99rtt=11ms) slots=21/25 jobs/s=660 drains=45014 evl=0ms
[2026-06-04 08:22:43.022] [info] [Worker 0] [libqueen] push(q=0 f=1/24 p99rtt=35ms) pop(q=0 f=4/16 p99rtt=303ms) custom(q=0 f=0/1 p99rtt=14ms) slots=20/25 jobs/s=620 drains=45764 evl=0ms
[2026-06-04 08:22:43.041] [info] [Worker 9] [libqueen] push(q=0 f=1/24 p99rtt=39ms) pop(q=0 f=3/16 p99rtt=283ms) custom(q=0 f=0/1 p99rtt=12ms) slots=21/25 jobs/s=542 drains=45640 evl=0ms
[2026-06-04 08:22:43.042] [info] [Worker 2] [libqueen] push(q=0 f=0/24 p99rtt=38ms) pop(q=5 f=3/16 p99rtt=274ms) custom(q=0 f=0/1 p99rtt=13ms) slots=22/25 jobs/s=637 drains=45653 evl=0ms
[2026-06-04 08:22:43.947] [info] [Worker 7] [libqueen] push(q=5 f=0/24 p99rtt=36ms) pop(q=0 f=3/16 p99rtt=266ms) custom(q=0 f=0/1 p99rtt=26ms) slots=22/25 jobs/s=560 drains=45778 evl=0ms
[2026-06-04 08:22:43.957] [info] [Worker 4] [libqueen] push(q=5 f=0/24 p99rtt=37ms) pop(q=0 f=3/16 p99rtt=277ms) custom(q=0 f=0/1 p99rtt=12ms) slots=22/25 jobs/s=613 drains=46727 evl=0ms
[2026-06-04 08:22:43.972] [info] [Worker 8] [libqueen] push(q=0 f=1/24 p99rtt=42ms) pop(q=1 f=4/16 p99rtt=293ms) custom(q=0 f=0/1 p99rtt=10ms) slots=20/25 jobs/s=574 drains=45827 evl=0ms
[2026-06-04 08:22:43.981] [info] [Worker 5] [libqueen] push(q=5 f=0/24 p99rtt=34ms) pop(q=0 f=4/16 p99rtt=286ms) custom(q=0 f=0/1 p99rtt=14ms) slots=21/25 jobs/s=613 drains=46383 evl=0ms
[2026-06-04 08:22:43.995] [info] [Worker 6] [libqueen] push(q=0 f=1/24 p99rtt=41ms) pop(q=0 f=4/16 p99rtt=294ms) custom(q=0 f=0/1 p99rtt=13ms) slots=20/25 jobs/s=543 drains=45910 evl=0ms
[2026-06-04 08:22:43.995] [info] [Worker 1] [libqueen] push(q=0 f=1/24 p99rtt=39ms) pop(q=0 f=4/16 p99rtt=332ms) custom(q=0 f=0/1 p99rtt=17ms) slots=20/25 jobs/s=636 drains=46290 evl=0ms
[2026-06-04 08:22:44.008] [info] [Worker 3] [libqueen] push(q=0 f=1/24 p99rtt=43ms) pop(q=3 f=4/16 p99rtt=325ms) custom(q=0 f=0/1 p99rtt=11ms) slots=20/25 jobs/s=620 drains=45602 evl=0ms
[2026-06-04 08:22:44.023] [info] [Worker 0] [libqueen] push(q=0 f=1/24 p99rtt=36ms) pop(q=10 f=3/16 p99rtt=294ms) custom(q=0 f=0/1 p99rtt=14ms) slots=21/25 jobs/s=605 drains=46408 evl=0ms
[2026-06-04 08:22:44.042] [info] [Worker 9] [libqueen] push(q=0 f=1/24 p99rtt=39ms) pop(q=0 f=3/16 p99rtt=290ms) custom(q=0 f=0/1 p99rtt=12ms) slots=21/25 jobs/s=540 drains=46196 evl=2ms
[2026-06-04 08:22:44.044] [info] [Worker 2] [libqueen] push(q=0 f=1/24 p99rtt=38ms) pop(q=5 f=2/16 p99rtt=281ms) custom(q=0 f=0/1 p99rtt=14ms) slots=22/25 jobs/s=575 drains=46211 evl=0ms
[2026-06-04 08:22:44.947] [info] [Worker 7] [libqueen] push(q=0 f=1/24 p99rtt=37ms) pop(q=0 f=4/16 p99rtt=262ms) custom(q=0 f=0/1 p99rtt=15ms) slots=20/25 jobs/s=573 drains=46362 evl=0ms
[2026-06-04 08:22:44.957] [info] [Worker 4] [libqueen] push(q=0 f=1/24 p99rtt=41ms) pop(q=0 f=5/16 p99rtt=280ms) custom(q=0 f=0/1 p99rtt=12ms) slots=19/25 jobs/s=568 drains=47255 evl=0ms
[2026-06-04 08:22:44.980] [info] [Worker 8] [libqueen] push(q=0 f=1/24 p99rtt=42ms) pop(q=0 f=4/16 p99rtt=293ms) custom(q=0 f=0/1 p99rtt=10ms) slots=20/25 jobs/s=618 drains=46444 evl=0ms
[2026-06-04 08:22:44.982] [info] [Worker 5] [libqueen] push(q=0 f=1/24 p99rtt=41ms) pop(q=0 f=3/16 p99rtt=284ms) custom(q=0 f=0/1 p99rtt=14ms) slots=21/25 jobs/s=563 drains=46932 evl=0ms
[2026-06-04 08:22:44.995] [info] [Worker 1] [libqueen] push(q=0 f=0/24 p99rtt=40ms) pop(q=0 f=3/16 p99rtt=332ms) custom(q=0 f=1/1 p99rtt=17ms) slots=21/25 jobs/s=579 drains=46850 evl=0ms
[2026-06-04 08:22:44.995] [info] [Worker 6] [libqueen] push(q=5 f=0/24 p99rtt=42ms) pop(q=17 f=2/16 p99rtt=292ms) custom(q=0 f=0/1 p99rtt=12ms) slots=23/25 jobs/s=602 drains=46472 evl=0ms
[2026-06-04 08:22:45.009] [info] [Worker 3] [libqueen] push(q=0 f=0/24 p99rtt=44ms) pop(q=0 f=4/16 p99rtt=335ms) custom(q=0 f=1/1 p99rtt=10ms) slots=20/25 jobs/s=538 drains=46132 evl=0ms
[2026-06-04 08:22:45.023] [info] [Worker 0] [libqueen] push(q=0 f=1/24 p99rtt=36ms) pop(q=4 f=3/16 p99rtt=294ms) custom(q=0 f=0/1 p99rtt=14ms) slots=21/25 jobs/s=596 drains=46983 evl=0ms
[2026-06-04 08:22:45.042] [info] [Worker 9] [libqueen] push(q=0 f=1/24 p99rtt=40ms) pop(q=0 f=3/16 p99rtt=299ms) custom(q=0 f=0/1 p99rtt=12ms) slots=21/25 jobs/s=468 drains=46643 evl=0ms
[2026-06-04 08:22:45.043] [info] [Worker 2] [libqueen] push(q=0 f=1/24 p99rtt=38ms) pop(q=0 f=4/16 p99rtt=292ms) custom(q=0 f=0/1 p99rtt=14ms) slots=20/25 jobs/s=556 drains=46802 evl=0ms
[2026-06-04 08:22:45.946] [info] [Worker 7] [libqueen] push(q=0 f=1/24 p99rtt=37ms) pop(q=2 f=3/16 p99rtt=274ms) custom(q=0 f=0/1 p99rtt=15ms) slots=21/25 jobs/s=575 drains=46898 evl=0ms
[2026-06-04 08:22:45.957] [info] [Worker 4] [libqueen] push(q=0 f=1/24 p99rtt=41ms) pop(q=0 f=4/16 p99rtt=294ms) custom(q=0 f=0/1 p99rtt=12ms) slots=20/25 jobs/s=609 drains=47888 evl=0ms
[2026-06-04 08:22:45.980] [info] [Worker 8] [libqueen] push(q=5 f=0/24 p99rtt=42ms) pop(q=17 f=3/16 p99rtt=293ms) custom(q=0 f=0/1 p99rtt=10ms) slots=22/25 jobs/s=584 drains=47063 evl=0ms
[2026-06-04 08:22:45.981] [info] [Worker 5] [libqueen] push(q=5 f=0/24 p99rtt=43ms) pop(q=0 f=3/16 p99rtt=284ms) custom(q=0 f=0/1 p99rtt=13ms) slots=22/25 jobs/s=571 drains=47520 evl=1ms
[2026-06-04 08:22:45.994] [info] [Worker 1] [libqueen] push(q=0 f=1/24 p99rtt=39ms) pop(q=19 f=3/16 p99rtt=332ms) custom(q=0 f=0/1 p99rtt=17ms) slots=21/25 jobs/s=570 drains=47417 evl=0ms
[2026-06-04 08:22:45.996] [info] [Worker 6] [libqueen] push(q=0 f=0/24 p99rtt=42ms) pop(q=0 f=4/16 p99rtt=295ms) custom(q=0 f=0/1 p99rtt=12ms) slots=21/25 jobs/s=561 drains=47059 evl=0ms
[2026-06-04 08:22:46.011] [info] [Worker 3] [libqueen] push(q=0 f=1/24 p99rtt=44ms) pop(q=5 f=3/16 p99rtt=325ms) custom(q=0 f=0/1 p99rtt=10ms) slots=21/25 jobs/s=661 drains=46726 evl=0ms
[2026-06-04 08:22:46.023] [info] [Worker 0] [libqueen] push(q=2 f=0/24 p99rtt=36ms) pop(q=0 f=5/16 p99rtt=303ms) custom(q=0 f=0/1 p99rtt=13ms) slots=20/25 jobs/s=497 drains=47491 evl=0ms
[2026-06-04 08:22:46.041] [info] [Worker 9] [libqueen] push(q=0 f=1/24 p99rtt=39ms) pop(q=0 f=3/16 p99rtt=302ms) custom(q=0 f=0/1 p99rtt=12ms) slots=21/25 jobs/s=546 drains=47214 evl=0ms
[2026-06-04 08:22:46.043] [info] [Worker 2] [libqueen] push(q=0 f=1/24 p99rtt=39ms) pop(q=0 f=4/16 p99rtt=306ms) custom(q=0 f=0/1 p99rtt=14ms) slots=20/25 jobs/s=590 drains=47390 evl=0ms
[2026-06-04 08:22:46.947] [info] [Worker 7] [libqueen] push(q=0 f=1/24 p99rtt=37ms) pop(q=0 f=5/16 p99rtt=286ms) custom(q=0 f=0/1 p99rtt=13ms) slots=19/25 jobs/s=624 drains=47487 evl=0ms
[2026-06-04 08:22:46.957] [info] [Worker 4] [libqueen] push(q=0 f=1/24 p99rtt=39ms) pop(q=0 f=4/16 p99rtt=302ms) custom(q=0 f=0/1 p99rtt=12ms) slots=20/25 jobs/s=606 drains=48464 evl=0ms
[2026-06-04 08:22:46.980] [info] [Worker 8] [libqueen] push(q=0 f=1/24 p99rtt=37ms) pop(q=0 f=4/16 p99rtt=295ms) custom(q=0 f=0/1 p99rtt=10ms) slots=20/25 jobs/s=676 drains=47726 evl=0ms
[2026-06-04 08:22:46.982] [info] [Worker 5] [libqueen] push(q=0 f=1/24 p99rtt=38ms) pop(q=0 f=3/16 p99rtt=281ms) custom(q=0 f=0/1 p99rtt=13ms) slots=21/25 jobs/s=670 drains=48190 evl=0ms
[2026-06-04 08:22:46.995] [info] [Worker 1] [libqueen] push(q=0 f=0/24 p99rtt=39ms) pop(q=1 f=4/16 p99rtt=320ms) custom(q=0 f=1/1 p99rtt=16ms) slots=20/25 jobs/s=592 drains=48034 evl=0ms
[2026-06-04 08:22:46.997] [info] [Worker 6] [libqueen] push(q=0 f=1/24 p99rtt=41ms) pop(q=1 f=4/16 p99rtt=298ms) custom(q=0 f=0/1 p99rtt=11ms) slots=20/25 jobs/s=600 drains=47620 evl=0ms
[2026-06-04 08:22:47.011] [info] [Worker 3] [libqueen] push(q=0 f=1/24 p99rtt=43ms) pop(q=0 f=3/16 p99rtt=288ms) custom(q=0 f=0/1 p99rtt=11ms) slots=21/25 jobs/s=663 drains=47401 evl=0ms
[2026-06-04 08:22:47.022] [info] [Worker 0] [libqueen] push(q=0 f=1/24 p99rtt=35ms) pop(q=0 f=5/16 p99rtt=297ms) custom(q=0 f=0/1 p99rtt=13ms) slots=19/25 jobs/s=691 drains=48178 evl=0ms
[2026-06-04 08:22:47.041] [info] [Worker 9] [libqueen] push(q=1 f=0/24 p99rtt=39ms) pop(q=0 f=3/16 p99rtt=302ms) custom(q=0 f=1/1 p99rtt=12ms) slots=21/25 jobs/s=653 drains=47860 evl=0ms
[2026-06-04 08:22:47.044] [info] [Worker 2] [libqueen] push(q=0 f=1/24 p99rtt=38ms) pop(q=0 f=6/16 p99rtt=306ms) custom(q=0 f=0/1 p99rtt=11ms) slots=18/25 jobs/s=650 drains=48022 evl=0ms
[2026-06-04 08:22:47.369] [info] PartitionLookupReconcileService: fixed 15 partition_lookup rows (stats leader, hostname=112aa6a7f2d1)
[2026-06-04 08:22:47.947] [info] [Worker 7] [libqueen] push(q=0 f=1/24 p99rtt=37ms) pop(q=0 f=2/16 p99rtt=286ms) custom(q=0 f=0/1 p99rtt=13ms) slots=22/25 jobs/s=729 drains=48121 evl=0ms
[2026-06-04 08:22:47.958] [info] [Worker 4] [libqueen] push(q=0 f=1/24 p99rtt=39ms) pop(q=18 f=2/16 p99rtt=296ms) custom(q=0 f=0/1 p99rtt=12ms) slots=22/25 jobs/s=813 drains=49171 evl=0ms
[2026-06-04 08:22:47.979] [info] [Worker 8] [libqueen] push(q=0 f=0/24 p99rtt=37ms) pop(q=15 f=3/16 p99rtt=290ms) custom(q=0 f=0/1 p99rtt=10ms) slots=22/25 jobs/s=773 drains=48474 evl=0ms
[2026-06-04 08:22:47.982] [info] [Worker 5] [libqueen] push(q=5 f=0/24 p99rtt=38ms) pop(q=0 f=4/16 p99rtt=277ms) custom(q=0 f=0/1 p99rtt=13ms) slots=21/25 jobs/s=767 drains=48828 evl=0ms
[2026-06-04 08:22:47.995] [info] [Worker 1] [libqueen] push(q=5 f=0/24 p99rtt=39ms) pop(q=0 f=3/16 p99rtt=320ms) custom(q=0 f=0/1 p99rtt=16ms) slots=22/25 jobs/s=765 drains=48742 evl=0ms
[2026-06-04 08:22:47.997] [info] [Worker 6] [libqueen] push(q=5 f=0/24 p99rtt=41ms) pop(q=1 f=2/16 p99rtt=295ms) custom(q=0 f=0/1 p99rtt=11ms) slots=23/25 jobs/s=705 drains=48270 evl=0ms
[2026-06-04 08:22:48.011] [info] [Worker 3] [libqueen] push(q=0 f=1/24 p99rtt=42ms) pop(q=17 f=2/16 p99rtt=271ms) custom(q=0 f=0/1 p99rtt=11ms) slots=22/25 jobs/s=707 drains=48027 evl=0ms
[2026-06-04 08:22:48.023] [info] [Worker 0] [libqueen] push(q=0 f=1/24 p99rtt=35ms) pop(q=0 f=3/16 p99rtt=294ms) custom(q=0 f=0/1 p99rtt=13ms) slots=21/25 jobs/s=759 drains=48919 evl=0ms
[2026-06-04 08:22:48.042] [info] [Worker 9] [libqueen] push(q=0 f=1/24 p99rtt=39ms) pop(q=0 f=3/16 p99rtt=297ms) custom(q=0 f=0/1 p99rtt=12ms) slots=21/25 jobs/s=746 drains=48507 evl=0ms
[2026-06-04 08:22:48.050] [info] [Worker 2] [libqueen] push(q=0 f=1/24 p99rtt=39ms) pop(q=0 f=2/16 p99rtt=299ms) custom(q=0 f=0/1 p99rtt=11ms) slots=22/25 jobs/s=782 drains=48637 evl=0ms
[2026-06-04 08:22:48.947] [info] [Worker 7] [libqueen] push(q=0 f=1/24 p99rtt=37ms) pop(q=0 f=4/16 p99rtt=286ms) custom(q=0 f=0/1 p99rtt=13ms) slots=20/25 jobs/s=692 drains=48782 evl=0ms
[2026-06-04 08:22:48.958] [info] [Worker 4] [libqueen] push(q=5 f=0/24 p99rtt=39ms) pop(q=0 f=3/16 p99rtt=296ms) custom(q=0 f=0/1 p99rtt=12ms) slots=22/25 jobs/s=874 drains=49998 evl=0ms
[2026-06-04 08:22:48.980] [info] [Worker 8] [libqueen] push(q=0 f=1/24 p99rtt=37ms) pop(q=0 f=4/16 p99rtt=279ms) custom(q=0 f=0/1 p99rtt=10ms) slots=20/25 jobs/s=772 drains=49171 evl=0ms
[2026-06-04 08:22:48.981] [info] [Worker 5] [libqueen] push(q=5 f=0/24 p99rtt=34ms) pop(q=2 f=3/16 p99rtt=274ms) custom(q=0 f=1/1 p99rtt=13ms) slots=21/25 jobs/s=728 drains=49464 evl=0ms
[2026-06-04 08:22:48.996] [info] [Worker 1] [libqueen] push(q=5 f=0/24 p99rtt=39ms) pop(q=0 f=3/16 p99rtt=320ms) custom(q=0 f=1/1 p99rtt=14ms) slots=21/25 jobs/s=778 drains=49460 evl=0ms
[2026-06-04 08:22:48.997] [info] [Worker 6] [libqueen] push(q=0 f=0/24 p99rtt=41ms) pop(q=0 f=4/16 p99rtt=285ms) custom(q=0 f=1/1 p99rtt=11ms) slots=20/25 jobs/s=808 drains=49041 evl=1ms
[2026-06-04 08:22:49.011] [info] [Worker 3] [libqueen] push(q=0 f=1/24 p99rtt=41ms) pop(q=0 f=4/16 p99rtt=271ms) custom(q=0 f=0/1 p99rtt=11ms) slots=20/25 jobs/s=822 drains=48777 evl=0ms
[2026-06-04 08:22:49.022] [info] [Worker 0] [libqueen] push(q=0 f=1/24 p99rtt=35ms) pop(q=1 f=2/16 p99rtt=294ms) custom(q=0 f=0/1 p99rtt=13ms) slots=22/25 jobs/s=806 drains=49619 evl=0ms
[2026-06-04 08:22:49.042] [info] [Worker 9] [libqueen] push(q=5 f=0/24 p99rtt=39ms) pop(q=0 f=4/16 p99rtt=291ms) custom(q=0 f=1/1 p99rtt=11ms) slots=20/25 jobs/s=781 drains=49254 evl=0ms
[2026-06-04 08:22:49.050] [info] [Worker 2] [libqueen] push(q=0 f=0/24 p99rtt=37ms) pop(q=0 f=2/16 p99rtt=281ms) custom(q=0 f=1/1 p99rtt=11ms) slots=22/25 jobs/s=831 drains=49384 evl=0ms
[2026-06-04 08:22:49.947] [info] [Worker 7] [libqueen] push(q=0 f=1/24 p99rtt=37ms) pop(q=0 f=3/16 p99rtt=282ms) custom(q=0 f=1/1 p99rtt=13ms) slots=20/25 jobs/s=788 drains=49486 evl=0ms
[2026-06-04 08:22:49.958] [info] [Worker 4] [libqueen] push(q=5 f=0/24 p99rtt=41ms) pop(q=1 f=4/16 p99rtt=285ms) custom(q=0 f=1/1 p99rtt=12ms) slots=20/25 jobs/s=772 drains=50703 evl=0ms
[2026-06-04 08:22:49.980] [info] [Worker 8] [libqueen] push(q=5 f=0/24 p99rtt=37ms) pop(q=0 f=4/16 p99rtt=279ms) custom(q=0 f=0/1 p99rtt=10ms) slots=21/25 jobs/s=673 drains=49809 evl=0ms
[2026-06-04 08:22:49.982] [info] [Worker 5] [libqueen] push(q=5 f=0/24 p99rtt=38ms) pop(q=0 f=4/16 p99rtt=274ms) custom(q=0 f=0/1 p99rtt=13ms) slots=21/25 jobs/s=763 drains=50184 evl=0ms
[2026-06-04 08:22:49.997] [info] [Worker 6] [libqueen] push(q=0 f=1/24 p99rtt=41ms) pop(q=0 f=3/16 p99rtt=284ms) custom(q=0 f=0/1 p99rtt=11ms) slots=21/25 jobs/s=729 drains=49696 evl=0ms
[2026-06-04 08:22:49.997] [info] [Worker 1] [libqueen] push(q=5 f=0/24 p99rtt=40ms) pop(q=0 f=3/16 p99rtt=320ms) custom(q=0 f=0/1 p99rtt=14ms) slots=22/25 jobs/s=763 drains=50208 evl=0ms
[2026-06-04 08:22:50.011] [info] [Worker 3] [libqueen] push(q=0 f=0/24 p99rtt=42ms) pop(q=0 f=3/16 p99rtt=268ms) custom(q=0 f=1/1 p99rtt=11ms) slots=21/25 jobs/s=847 drains=49581 evl=0ms
[2026-06-04 08:22:50.022] [info] [Worker 0] [libqueen] push(q=0 f=1/24 p99rtt=35ms) pop(q=9 f=3/16 p99rtt=294ms) custom(q=0 f=0/1 p99rtt=13ms) slots=21/25 jobs/s=770 drains=50373 evl=0ms
[2026-06-04 08:22:50.042] [info] [Worker 9] [libqueen] push(q=3 f=0/24 p99rtt=39ms) pop(q=0 f=4/16 p99rtt=290ms) custom(q=0 f=1/1 p99rtt=12ms) slots=20/25 jobs/s=764 drains=49922 evl=0ms
[2026-06-04 08:22:50.049] [info] [Worker 2] [libqueen] push(q=0 f=1/24 p99rtt=37ms) pop(q=16 f=3/16 p99rtt=286ms) custom(q=0 f=0/1 p99rtt=11ms) slots=21/25 jobs/s=731 drains=50108 evl=0ms
[2026-06-04 08:22:50.949] [info] [Worker 7] [libqueen] push(q=4 f=0/24 p99rtt=39ms) pop(q=0 f=2/16 p99rtt=282ms) custom(q=0 f=0/1 p99rtt=12ms) slots=23/25 jobs/s=731 drains=50120 evl=0ms
[2026-06-04 08:22:50.958] [info] [Worker 4] [libqueen] push(q=5 f=0/24 p99rtt=39ms) pop(q=0 f=4/16 p99rtt=285ms) custom(q=0 f=0/1 p99rtt=12ms) slots=21/25 jobs/s=771 drains=51396 evl=0ms
[2026-06-04 08:22:50.980] [info] [Worker 8] [libqueen] push(q=0 f=0/24 p99rtt=38ms) pop(q=0 f=2/16 p99rtt=279ms) custom(q=0 f=1/1 p99rtt=10ms) slots=22/25 jobs/s=742 drains=50454 evl=0ms
[2026-06-04 08:22:50.982] [info] [Worker 5] [libqueen] push(q=0 f=1/24 p99rtt=39ms) pop(q=1 f=3/16 p99rtt=274ms) custom(q=0 f=0/1 p99rtt=13ms) slots=21/25 jobs/s=694 drains=50819 evl=1ms
[2026-06-04 08:22:50.997] [info] [Worker 6] [libqueen] push(q=5 f=0/24 p99rtt=41ms) pop(q=2 f=3/16 p99rtt=284ms) custom(q=0 f=0/1 p99rtt=11ms) slots=22/25 jobs/s=782 drains=50430 evl=0ms
[2026-06-04 08:22:50.997] [info] [Worker 1] [libqueen] push(q=0 f=1/24 p99rtt=40ms) pop(q=0 f=3/16 p99rtt=320ms) custom(q=0 f=0/1 p99rtt=14ms) slots=21/25 jobs/s=714 drains=50894 evl=0ms
[2026-06-04 08:22:51.014] [info] [Worker 3] [libqueen] push(q=0 f=0/24 p99rtt=42ms) pop(q=0 f=3/16 p99rtt=268ms) custom(q=0 f=0/1 p99rtt=11ms) slots=22/25 jobs/s=755 drains=50232 evl=0ms
[2026-06-04 08:22:51.022] [info] [Worker 0] [libqueen] push(q=0 f=1/24 p99rtt=35ms) pop(q=0 f=4/16 p99rtt=294ms) custom(q=0 f=0/1 p99rtt=13ms) slots=20/25 jobs/s=662 drains=51035 evl=0ms
[2026-06-04 08:22:51.042] [info] [Worker 9] [libqueen] push(q=0 f=1/24 p99rtt=39ms) pop(q=0 f=4/16 p99rtt=290ms) custom(q=0 f=0/1 p99rtt=12ms) slots=20/25 jobs/s=674 drains=50511 evl=0ms
[2026-06-04 08:22:51.050] [info] [Worker 2] [libqueen] push(q=0 f=1/24 p99rtt=39ms) pop(q=0 f=3/16 p99rtt=286ms) custom(q=0 f=0/1 p99rtt=11ms) slots=21/25 jobs/s=681 drains=50725 evl=0ms
[2026-06-04 08:22:51.360] [info] StatsService: cycle completed in 32ms
[2026-06-04 08:22:51.949] [info] [Worker 7] [libqueen] push(q=5 f=0/24 p99rtt=39ms) pop(q=0 f=5/16 p99rtt=282ms) custom(q=0 f=0/1 p99rtt=12ms) slots=20/25 jobs/s=658 drains=50747 evl=0ms
[2026-06-04 08:22:51.958] [info] [Worker 4] [libqueen] push(q=0 f=1/24 p99rtt=39ms) pop(q=2 f=4/16 p99rtt=285ms) custom(q=0 f=0/1 p99rtt=12ms) slots=20/25 jobs/s=699 drains=52102 evl=0ms
[2026-06-04 08:22:51.979] [info] [Worker 8] [libqueen] push(q=0 f=1/24 p99rtt=38ms) pop(q=0 f=3/16 p99rtt=279ms) custom(q=0 f=0/1 p99rtt=10ms) slots=21/25 jobs/s=643 drains=51037 evl=0ms
[2026-06-04 08:22:51.982] [info] [Worker 5] [libqueen] push(q=0 f=0/24 p99rtt=41ms) pop(q=10 f=3/16 p99rtt=274ms) custom(q=0 f=1/1 p99rtt=13ms) slots=21/25 jobs/s=686 drains=51427 evl=0ms
[2026-06-04 08:22:51.997] [info] [Worker 1] [libqueen] push(q=3 f=0/24 p99rtt=40ms) pop(q=0 f=4/16 p99rtt=320ms) custom(q=0 f=0/1 p99rtt=13ms) slots=21/25 jobs/s=731 drains=51595 evl=0ms
[2026-06-04 08:22:51.997] [info] [Worker 6] [libqueen] push(q=0 f=1/24 p99rtt=41ms) pop(q=0 f=2/16 p99rtt=284ms) custom(q=0 f=0/1 p99rtt=11ms) slots=22/25 jobs/s=710 drains=51115 evl=0ms
[2026-06-04 08:22:52.015] [info] [Worker 3] [libqueen] push(q=0 f=1/24 p99rtt=42ms) pop(q=0 f=3/16 p99rtt=268ms) custom(q=0 f=0/1 p99rtt=11ms) slots=21/25 jobs/s=719 drains=50979 evl=0ms
[2026-06-04 08:22:52.023] [info] [Worker 0] [libqueen] push(q=0 f=1/24 p99rtt=35ms) pop(q=0 f=3/16 p99rtt=294ms) custom(q=0 f=0/1 p99rtt=13ms) slots=21/25 jobs/s=653 drains=51701 evl=0ms
[2026-06-04 08:22:52.042] [info] [Worker 9] [libqueen] push(q=5 f=0/24 p99rtt=39ms) pop(q=10 f=3/16 p99rtt=290ms) custom(q=0 f=0/1 p99rtt=12ms) slots=22/25 jobs/s=665 drains=51110 evl=0ms
[2026-06-04 08:22:52.050] [info] [Worker 2] [libqueen] push(q=0 f=1/24 p99rtt=35ms) pop(q=0 f=3/16 p99rtt=286ms) custom(q=0 f=0/1 p99rtt=11ms) slots=21/25 jobs/s=719 drains=51448 evl=0ms
[2026-06-04 08:22:52.949] [info] [Worker 7] [libqueen] push(q=0 f=1/24 p99rtt=37ms) pop(q=0 f=3/16 p99rtt=282ms) custom(q=0 f=0/1 p99rtt=12ms) slots=21/25 jobs/s=742 drains=51396 evl=0ms
[2026-06-04 08:22:52.958] [info] [Worker 4] [libqueen] push(q=0 f=1/24 p99rtt=39ms) pop(q=0 f=4/16 p99rtt=285ms) custom(q=0 f=0/1 p99rtt=11ms) slots=20/25 jobs/s=754 drains=52825 evl=0ms
[2026-06-04 08:22:52.980] [info] [Worker 8] [libqueen] push(q=5 f=0/24 p99rtt=38ms) pop(q=0 f=4/16 p99rtt=279ms) custom(q=0 f=0/1 p99rtt=10ms) slots=21/25 jobs/s=798 drains=51754 evl=0ms
[2026-06-04 08:22:52.981] [info] [Worker 5] [libqueen] push(q=0 f=1/24 p99rtt=41ms) pop(q=0 f=2/16 p99rtt=274ms) custom(q=0 f=0/1 p99rtt=13ms) slots=22/25 jobs/s=767 drains=52192 evl=0ms
[2026-06-04 08:22:52.996] [info] [Worker 6] [libqueen] push(q=0 f=1/24 p99rtt=41ms) pop(q=0 f=2/16 p99rtt=284ms) custom(q=0 f=0/1 p99rtt=11ms) slots=22/25 jobs/s=683 drains=51746 evl=0ms
[2026-06-04 08:22:52.997] [info] [Worker 1] [libqueen] push(q=0 f=1/24 p99rtt=40ms) pop(q=16 f=3/16 p99rtt=320ms) custom(q=0 f=0/1 p99rtt=12ms) slots=21/25 jobs/s=740 drains=52271 evl=0ms
[2026-06-04 08:22:53.015] [info] [Worker 3] [libqueen] push(q=0 f=1/24 p99rtt=41ms) pop(q=0 f=3/16 p99rtt=268ms) custom(q=0 f=0/1 p99rtt=11ms) slots=21/25 jobs/s=676 drains=51615 evl=0ms
[2026-06-04 08:22:53.023] [info] [Worker 0] [libqueen] push(q=5 f=0/24 p99rtt=36ms) pop(q=0 f=3/16 p99rtt=294ms) custom(q=0 f=0/1 p99rtt=13ms) slots=22/25 jobs/s=720 drains=52423 evl=0ms
[2026-06-04 08:22:53.042] [info] [Worker 9] [libqueen] push(q=0 f=1/24 p99rtt=39ms) pop(q=17 f=2/16 p99rtt=290ms) custom(q=0 f=0/1 p99rtt=12ms) slots=22/25 jobs/s=740 drains=51796 evl=0ms
[2026-06-04 08:22:53.050] [info] [Worker 2] [libqueen] push(q=3 f=0/24 p99rtt=35ms) pop(q=0 f=4/16 p99rtt=286ms) custom(q=0 f=0/1 p99rtt=11ms) slots=21/25 jobs/s=752 drains=52220 evl=1ms
[2026-06-04 08:22:53.365] [info] PartitionLookupReconcileService: fixed 4 partition_lookup rows (stats leader, hostname=112aa6a7f2d1)
[2026-06-04 08:22:53.950] [info] [Worker 7] [libqueen] push(q=5 f=0/24 p99rtt=38ms) pop(q=0 f=3/16 p99rtt=282ms) custom(q=0 f=0/1 p99rtt=12ms) slots=22/25 jobs/s=747 drains=52071 evl=0ms
[2026-06-04 08:22:53.957] [info] [Worker 4] [libqueen] push(q=4 f=0/24 p99rtt=39ms) pop(q=1 f=3/16 p99rtt=285ms) custom(q=0 f=0/1 p99rtt=11ms) slots=22/25 jobs/s=748 drains=53485 evl=0ms
[2026-06-04 08:22:53.979] [info] [Worker 8] [libqueen] push(q=5 f=0/24 p99rtt=38ms) pop(q=0 f=3/16 p99rtt=279ms) custom(q=0 f=0/1 p99rtt=10ms) slots=22/25 jobs/s=779 drains=52513 evl=0ms
[2026-06-04 08:22:53.982] [info] [Worker 5] [libqueen] push(q=5 f=0/24 p99rtt=41ms) pop(q=11 f=2/16 p99rtt=274ms) custom(q=0 f=0/1 p99rtt=13ms) slots=23/25 jobs/s=760 drains=52896 evl=0ms
[2026-06-04 08:22:53.996] [info] [Worker 1] [libqueen] push(q=0 f=1/24 p99rtt=40ms) pop(q=0 f=4/16 p99rtt=320ms) custom(q=0 f=0/1 p99rtt=12ms) slots=20/25 jobs/s=701 drains=52944 evl=0ms
[2026-06-04 08:22:53.997] [info] [Worker 6] [libqueen] push(q=0 f=1/24 p99rtt=41ms) pop(q=4 f=2/16 p99rtt=284ms) custom(q=0 f=0/1 p99rtt=11ms) slots=22/25 jobs/s=676 drains=52314 evl=0ms
[2026-06-04 08:22:54.015] [info] [Worker 3] [libqueen] push(q=5 f=0/24 p99rtt=40ms) pop(q=0 f=3/16 p99rtt=268ms) custom(q=0 f=0/1 p99rtt=11ms) slots=22/25 jobs/s=751 drains=52297 evl=0ms
[2026-06-04 08:22:54.022] [info] [Worker 0] [libqueen] push(q=0 f=1/24 p99rtt=36ms) pop(q=1 f=2/16 p99rtt=294ms) custom(q=0 f=0/1 p99rtt=12ms) slots=22/25 jobs/s=744 drains=53094 evl=0ms
[2026-06-04 08:22:54.042] [info] [Worker 9] [libqueen] push(q=0 f=1/24 p99rtt=39ms) pop(q=3 f=3/16 p99rtt=290ms) custom(q=0 f=0/1 p99rtt=12ms) slots=21/25 jobs/s=816 drains=52585 evl=0ms
[2026-06-04 08:22:54.050] [info] [Worker 2] [libqueen] push(q=5 f=0/24 p99rtt=35ms) pop(q=0 f=3/16 p99rtt=286ms) custom(q=0 f=0/1 p99rtt=11ms) slots=22/25 jobs/s=788 drains=52927 evl=0ms
[2026-06-04 08:22:54.950] [info] [Worker 7] [libqueen] push(q=5 f=0/24 p99rtt=37ms) pop(q=0 f=3/16 p99rtt=282ms) custom(q=0 f=0/1 p99rtt=12ms) slots=22/25 jobs/s=799 drains=52830 evl=0ms
[2026-06-04 08:22:54.958] [info] [Worker 4] [libqueen] push(q=5 f=0/24 p99rtt=39ms) pop(q=0 f=5/16 p99rtt=285ms) custom(q=0 f=0/1 p99rtt=11ms) slots=20/25 jobs/s=706 drains=54142 evl=0ms
[2026-06-04 08:22:54.980] [info] [Worker 8] [libqueen] push(q=5 f=0/24 p99rtt=37ms) pop(q=1 f=3/16 p99rtt=279ms) custom(q=0 f=0/1 p99rtt=10ms) slots=22/25 jobs/s=810 drains=53204 evl=0ms
[2026-06-04 08:22:54.982] [info] [Worker 5] [libqueen] push(q=5 f=0/24 p99rtt=39ms) pop(q=16 f=2/16 p99rtt=274ms) custom(q=0 f=0/1 p99rtt=13ms) slots=23/25 jobs/s=755 drains=53653 evl=0ms
[2026-06-04 08:22:54.997] [info] [Worker 1] [libqueen] push(q=5 f=0/24 p99rtt=39ms) pop(q=0 f=3/16 p99rtt=320ms) custom(q=0 f=0/1 p99rtt=13ms) slots=22/25 jobs/s=776 drains=53662 evl=0ms
[2026-06-04 08:22:54.998] [info] [Worker 6] [libqueen] push(q=5 f=0/24 p99rtt=41ms) pop(q=0 f=3/16 p99rtt=284ms) custom(q=0 f=0/1 p99rtt=11ms) slots=22/25 jobs/s=760 drains=53036 evl=0ms
[2026-06-04 08:22:55.015] [info] [Worker 3] [libqueen] push(q=5 f=0/24 p99rtt=38ms) pop(q=3 f=3/16 p99rtt=268ms) custom(q=0 f=0/1 p99rtt=11ms) slots=22/25 jobs/s=775 drains=53028 evl=0ms
[2026-06-04 08:22:55.022] [info] [Worker 0] [libqueen] push(q=0 f=1/24 p99rtt=36ms) pop(q=12 f=2/16 p99rtt=294ms) custom(q=0 f=0/1 p99rtt=12ms) slots=22/25 jobs/s=712 drains=53774 evl=0ms
[2026-06-04 08:22:55.041] [info] [Worker 9] [libqueen] push(q=5 f=0/24 p99rtt=38ms) pop(q=0 f=3/16 p99rtt=290ms) custom(q=0 f=0/1 p99rtt=11ms) slots=22/25 jobs/s=741 drains=53227 evl=0ms
[2026-06-04 08:22:55.050] [info] [Worker 2] [libqueen] push(q=0 f=1/24 p99rtt=35ms) pop(q=0 f=4/16 p99rtt=286ms) custom(q=0 f=0/1 p99rtt=11ms) slots=20/25 jobs/s=759 drains=53601 evl=0ms
[2026-06-04 08:22:55.949] [info] [Worker 7] [libqueen] push(q=0 f=1/24 p99rtt=37ms) pop(q=9 f=2/16 p99rtt=282ms) custom(q=0 f=0/1 p99rtt=12ms) slots=22/25 jobs/s=779 drains=53618 evl=0ms
[2026-06-04 08:22:55.958] [info] [Worker 4] [libqueen] push(q=5 f=0/24 p99rtt=39ms) pop(q=0 f=4/16 p99rtt=285ms) custom(q=0 f=0/1 p99rtt=11ms) slots=21/25 jobs/s=684 drains=54812 evl=0ms
[2026-06-04 08:22:55.980] [info] [Worker 8] [libqueen] push(q=4 f=0/24 p99rtt=35ms) pop(q=0 f=4/16 p99rtt=279ms) custom(q=0 f=0/1 p99rtt=10ms) slots=21/25 jobs/s=648 drains=53823 evl=0ms
[2026-06-04 08:22:55.981] [info] [Worker 5] [libqueen] push(q=5 f=0/24 p99rtt=39ms) pop(q=0 f=3/16 p99rtt=274ms) custom(q=0 f=0/1 p99rtt=13ms) slots=22/25 jobs/s=680 drains=54342 evl=0ms
[2026-06-04 08:22:55.997] [info] [Worker 1] [libqueen] push(q=0 f=1/24 p99rtt=39ms) pop(q=0 f=4/16 p99rtt=320ms) custom(q=0 f=0/1 p99rtt=13ms) slots=20/25 jobs/s=700 drains=54396 evl=0ms
[2026-06-04 08:22:55.998] [info] [Worker 6] [libqueen] push(q=0 f=1/24 p99rtt=41ms) pop(q=1 f=3/16 p99rtt=284ms) custom(q=0 f=0/1 p99rtt=11ms) slots=21/25 jobs/s=688 drains=53671 evl=0ms
[2026-06-04 08:22:56.016] [info] [Worker 3] [libqueen] push(q=0 f=1/24 p99rtt=38ms) pop(q=2 f=3/16 p99rtt=268ms) custom(q=0 f=0/1 p99rtt=11ms) slots=21/25 jobs/s=661 drains=53680 evl=0ms
[2026-06-04 08:22:56.023] [info] [Worker 0] [libqueen] push(q=0 f=1/24 p99rtt=36ms) pop(q=19 f=2/16 p99rtt=294ms) custom(q=0 f=0/1 p99rtt=12ms) slots=22/25 jobs/s=738 drains=54441 evl=0ms
[2026-06-04 08:22:56.042] [info] [Worker 9] [libqueen] push(q=0 f=1/24 p99rtt=38ms) pop(q=0 f=3/16 p99rtt=290ms) custom(q=0 f=0/1 p99rtt=11ms) slots=21/25 jobs/s=654 drains=53868 evl=0ms
[2026-06-04 08:22:56.050] [info] [Worker 2] [libqueen] push(q=0 f=1/24 p99rtt=35ms) pop(q=0 f=4/16 p99rtt=286ms) custom(q=0 f=1/1 p99rtt=11ms) slots=19/25 jobs/s=667 drains=54201 evl=0ms
[2026-06-04 08:22:56.950] [info] [Worker 7] [libqueen] push(q=0 f=1/24 p99rtt=37ms) pop(q=0 f=4/16 p99rtt=282ms) custom(q=0 f=0/1 p99rtt=11ms) slots=20/25 jobs/s=672 drains=54245 evl=0ms
[2026-06-04 08:22:56.958] [info] [Worker 4] [libqueen] push(q=0 f=1/24 p99rtt=37ms) pop(q=0 f=4/16 p99rtt=285ms) custom(q=0 f=0/1 p99rtt=11ms) slots=20/25 jobs/s=699 drains=55532 evl=1ms
[2026-06-04 08:22:56.980] [info] [Worker 8] [libqueen] push(q=0 f=1/24 p99rtt=33ms) pop(q=0 f=4/16 p99rtt=279ms) custom(q=0 f=0/1 p99rtt=10ms) slots=20/25 jobs/s=653 drains=54438 evl=0ms
[2026-06-04 08:22:56.982] [info] [Worker 5] [libqueen] push(q=5 f=0/24 p99rtt=39ms) pop(q=1 f=3/16 p99rtt=277ms) custom(q=0 f=0/1 p99rtt=13ms) slots=22/25 jobs/s=599 drains=54935 evl=0ms
[2026-06-04 08:22:56.997] [info] [Worker 1] [libqueen] push(q=0 f=1/24 p99rtt=39ms) pop(q=0 f=4/16 p99rtt=320ms) custom(q=0 f=0/1 p99rtt=14ms) slots=20/25 jobs/s=663 drains=55045 evl=0ms
[2026-06-04 08:22:56.998] [info] [Worker 6] [libqueen] push(q=0 f=1/24 p99rtt=41ms) pop(q=0 f=6/16 p99rtt=284ms) custom(q=0 f=0/1 p99rtt=10ms) slots=18/25 jobs/s=603 drains=54252 evl=0ms
[2026-06-04 08:22:57.015] [info] [Worker 3] [libqueen] push(q=0 f=1/24 p99rtt=36ms) pop(q=0 f=5/16 p99rtt=268ms) custom(q=0 f=0/1 p99rtt=11ms) slots=19/25 jobs/s=594 drains=54283 evl=0ms
[2026-06-04 08:22:57.025] [info] [Worker 0] [libqueen] push(q=0 f=0/24 p99rtt=35ms) pop(q=0 f=3/16 p99rtt=294ms) custom(q=0 f=1/1 p99rtt=12ms) slots=21/25 jobs/s=661 drains=55098 evl=0ms
[2026-06-04 08:22:57.044] [info] [Worker 9] [libqueen] push(q=0 f=0/24 p99rtt=38ms) pop(q=0 f=5/16 p99rtt=291ms) custom(q=0 f=1/1 p99rtt=11ms) slots=19/25 jobs/s=739 drains=54527 evl=0ms
[2026-06-04 08:22:57.051] [info] [Worker 2] [libqueen] push(q=0 f=1/24 p99rtt=34ms) pop(q=7 f=2/16 p99rtt=286ms) custom(q=0 f=0/1 p99rtt=11ms) slots=22/25 jobs/s=746 drains=54840 evl=0ms
[2026-06-04 08:22:57.950] [info] [Worker 7] [libqueen] push(q=5 f=0/24 p99rtt=39ms) pop(q=0 f=3/16 p99rtt=282ms) custom(q=0 f=0/1 p99rtt=12ms) slots=22/25 jobs/s=582 drains=54781 evl=0ms
[2026-06-04 08:22:57.958] [info] [Worker 4] [libqueen] push(q=0 f=1/24 p99rtt=39ms) pop(q=1 f=3/16 p99rtt=285ms) custom(q=0 f=0/1 p99rtt=11ms) slots=21/25 jobs/s=638 drains=56123 evl=0ms
[2026-06-04 08:22:57.981] [info] [Worker 8] [libqueen] push(q=0 f=0/24 p99rtt=39ms) pop(q=5 f=3/16 p99rtt=279ms) custom(q=0 f=1/1 p99rtt=10ms) slots=21/25 jobs/s=638 drains=54997 evl=0ms
[2026-06-04 08:22:57.983] [info] [Worker 5] [libqueen] push(q=5 f=0/24 p99rtt=41ms) pop(q=0 f=3/16 p99rtt=277ms) custom(q=0 f=0/1 p99rtt=13ms) slots=22/25 jobs/s=514 drains=55452 evl=0ms
[2026-06-04 08:22:57.998] [info] [Worker 1] [libqueen] push(q=0 f=1/24 p99rtt=40ms) pop(q=0 f=3/16 p99rtt=317ms) custom(q=0 f=0/1 p99rtt=14ms) slots=21/25 jobs/s=570 drains=55584 evl=0ms
[2026-06-04 08:22:57.999] [info] [Worker 6] [libqueen] push(q=0 f=1/24 p99rtt=43ms) pop(q=11 f=1/16 p99rtt=284ms) custom(q=0 f=0/1 p99rtt=10ms) slots=23/25 jobs/s=616 drains=54784 evl=0ms
[2026-06-04 08:22:58.016] [info] [Worker 3] [libqueen] push(q=5 f=0/24 p99rtt=38ms) pop(q=0 f=5/16 p99rtt=262ms) custom(q=0 f=0/1 p99rtt=12ms) slots=20/25 jobs/s=618 drains=54859 evl=1ms
[2026-06-04 08:22:58.024] [info] [Worker 0] [libqueen] push(q=5 f=0/24 p99rtt=39ms) pop(q=1 f=3/16 p99rtt=293ms) custom(q=0 f=0/1 p99rtt=12ms) slots=22/25 jobs/s=575 drains=55641 evl=0ms
[2026-06-04 08:22:58.044] [info] [Worker 9] [libqueen] push(q=5 f=0/24 p99rtt=39ms) pop(q=5 f=3/16 p99rtt=291ms) custom(q=0 f=0/1 p99rtt=11ms) slots=22/25 jobs/s=663 drains=55152 evl=0ms
[2026-06-04 08:22:58.050] [info] [Worker 2] [libqueen] push(q=0 f=1/24 p99rtt=39ms) pop(q=0 f=3/16 p99rtt=286ms) custom(q=0 f=0/1 p99rtt=11ms) slots=21/25 jobs/s=583 drains=55399 evl=1ms
[2026-06-04 08:22:58.950] [info] [Worker 7] [libqueen] push(q=0 f=1/24 p99rtt=40ms) pop(q=0 f=3/16 p99rtt=286ms) custom(q=0 f=0/1 p99rtt=13ms) slots=21/25 jobs/s=624 drains=55443 evl=0ms
[2026-06-04 08:22:58.958] [info] [Worker 4] [libqueen] push(q=0 f=1/24 p99rtt=39ms) pop(q=0 f=4/16 p99rtt=280ms) custom(q=0 f=0/1 p99rtt=11ms) slots=20/25 jobs/s=595 drains=56730 evl=0ms
[2026-06-04 08:22:58.980] [info] [Worker 8] [libqueen] push(q=5 f=0/24 p99rtt=39ms) pop(q=14 f=3/16 p99rtt=279ms) custom(q=0 f=0/1 p99rtt=10ms) slots=22/25 jobs/s=618 drains=55636 evl=0ms
[2026-06-04 08:22:58.984] [info] [Worker 5] [libqueen] push(q=0 f=1/24 p99rtt=41ms) pop(q=0 f=3/16 p99rtt=277ms) custom(q=0 f=0/1 p99rtt=13ms) slots=21/25 jobs/s=636 drains=56128 evl=0ms
[2026-06-04 08:22:58.998] [info] [Worker 1] [libqueen] push(q=0 f=1/24 p99rtt=40ms) pop(q=0 f=4/16 p99rtt=317ms) custom(q=0 f=0/1 p99rtt=14ms) slots=20/25 jobs/s=631 drains=56155 evl=0ms
[2026-06-04 08:22:58.999] [info] [Worker 6] [libqueen] push(q=0 f=1/24 p99rtt=41ms) pop(q=3 f=3/16 p99rtt=284ms) custom(q=0 f=0/1 p99rtt=10ms) slots=21/25 jobs/s=573 drains=55340 evl=0ms
[2026-06-04 08:22:59.016] [info] [Worker 3] [libqueen] push(q=5 f=0/24 p99rtt=38ms) pop(q=1 f=3/16 p99rtt=258ms) custom(q=0 f=0/1 p99rtt=12ms) slots=22/25 jobs/s=665 drains=55493 evl=0ms
[2026-06-04 08:22:59.025] [info] [Worker 0] [libqueen] push(q=0 f=1/24 p99rtt=39ms) pop(q=0 f=3/16 p99rtt=297ms) custom(q=0 f=0/1 p99rtt=12ms) slots=21/25 jobs/s=610 drains=56205 evl=0ms
[2026-06-04 08:22:59.045] [info] [Worker 9] [libqueen] push(q=5 f=0/24 p99rtt=39ms) pop(q=3 f=2/16 p99rtt=291ms) custom(q=0 f=0/1 p99rtt=11ms) slots=23/25 jobs/s=644 drains=55748 evl=0ms
[2026-06-04 08:22:59.051] [info] [Worker 2] [libqueen] push(q=0 f=1/24 p99rtt=39ms) pop(q=11 f=3/16 p99rtt=291ms) custom(q=0 f=0/1 p99rtt=11ms) slots=21/25 jobs/s=587 drains=55989 evl=0ms
[2026-06-04 08:22:59.950] [info] [Worker 7] [libqueen] push(q=0 f=1/24 p99rtt=38ms) pop(q=12 f=3/16 p99rtt=286ms) custom(q=0 f=0/1 p99rtt=15ms) slots=21/25 jobs/s=571 drains=55989 evl=0ms
[2026-06-04 08:22:59.959] [info] [Worker 4] [libqueen] push(q=0 f=0/24 p99rtt=39ms) pop(q=0 f=3/16 p99rtt=280ms) custom(q=0 f=1/1 p99rtt=11ms) slots=21/25 jobs/s=617 drains=57293 evl=0ms
[2026-06-04 08:22:59.981] [info] [Worker 8] [libqueen] push(q=5 f=0/24 p99rtt=39ms) pop(q=0 f=5/16 p99rtt=273ms) custom(q=0 f=0/1 p99rtt=10ms) slots=20/25 jobs/s=628 drains=56217 evl=0ms
[2026-06-04 08:22:59.984] [info] [Worker 5] [libqueen] push(q=5 f=0/24 p99rtt=42ms) pop(q=1 f=3/16 p99rtt=283ms) custom(q=0 f=0/1 p99rtt=12ms) slots=22/25 jobs/s=543 drains=56648 evl=0ms
[2026-06-04 08:22:59.998] [info] [Worker 1] [libqueen] push(q=5 f=0/24 p99rtt=40ms) pop(q=0 f=4/16 p99rtt=317ms) custom(q=0 f=0/1 p99rtt=13ms) slots=21/25 jobs/s=661 drains=56820 evl=0ms
[2026-06-04 08:22:59.999] [info] [Worker 6] [libqueen] push(q=0 f=0/24 p99rtt=43ms) pop(q=0 f=3/16 p99rtt=284ms) custom(q=0 f=0/1 p99rtt=11ms) slots=22/25 jobs/s=644 drains=55937 evl=0ms
[2026-06-04 08:23:00.016] [info] [Worker 3] [libqueen] push(q=0 f=1/24 p99rtt=39ms) pop(q=2 f=3/16 p99rtt=262ms) custom(q=3 f=0/1 p99rtt=13ms) slots=21/25 jobs/s=627 drains=56063 evl=0ms
[2026-06-04 08:23:00.025] [info] [Worker 0] [libqueen] push(q=5 f=0/24 p99rtt=39ms) pop(q=0 f=4/16 p99rtt=299ms) custom(q=3 f=0/1 p99rtt=12ms) slots=21/25 jobs/s=628 drains=56850 evl=0ms
[2026-06-04 08:23:00.045] [info] [Worker 9] [libqueen] push(q=5 f=0/24 p99rtt=39ms) pop(q=0 f=4/16 p99rtt=291ms) custom(q=3 f=0/1 p99rtt=11ms) slots=21/25 jobs/s=648 drains=56420 evl=0ms
[2026-06-04 08:23:00.052] [info] [Worker 2] [libqueen] push(q=0 f=1/24 p99rtt=39ms) pop(q=0 f=6/16 p99rtt=291ms) custom(q=3 f=0/1 p99rtt=11ms) slots=18/25 jobs/s=606 drains=56578 evl=0ms
[2026-06-04 08:23:00.950] [info] [Worker 7] [libqueen] push(q=0 f=1/24 p99rtt=40ms) pop(q=0 f=5/16 p99rtt=286ms) custom(q=3 f=0/1 p99rtt=12ms) slots=19/25 jobs/s=536 drains=56521 evl=0ms
[2026-06-04 08:23:00.959] [info] [Worker 4] [libqueen] push(q=5 f=0/24 p99rtt=39ms) pop(q=8 f=2/16 p99rtt=280ms) custom(q=3 f=0/1 p99rtt=11ms) slots=23/25 jobs/s=599 drains=57877 evl=0ms
[2026-06-04 08:23:00.981] [info] [Worker 8] [libqueen] push(q=0 f=1/24 p99rtt=38ms) pop(q=0 f=4/16 p99rtt=270ms) custom(q=3 f=0/1 p99rtt=10ms) slots=20/25 jobs/s=674 drains=56861 evl=0ms
[2026-06-04 08:23:00.984] [info] [Worker 5] [libqueen] push(q=0 f=1/24 p99rtt=43ms) pop(q=0 f=4/16 p99rtt=286ms) custom(q=3 f=0/1 p99rtt=12ms) slots=20/25 jobs/s=603 drains=57246 evl=0ms
[2026-06-04 08:23:00.998] [info] [Worker 1] [libqueen] push(q=0 f=1/24 p99rtt=41ms) pop(q=0 f=5/16 p99rtt=312ms) custom(q=3 f=0/1 p99rtt=13ms) slots=19/25 jobs/s=624 drains=57406 evl=0ms
[2026-06-04 08:23:01.000] [info] [Worker 6] [libqueen] push(q=0 f=1/24 p99rtt=41ms) pop(q=0 f=4/16 p99rtt=284ms) custom(q=3 f=0/1 p99rtt=11ms) slots=20/25 jobs/s=645 drains=56581 evl=0ms
[2026-06-04 08:23:01.016] [info] [Worker 3] [libqueen] push(q=0 f=1/24 p99rtt=39ms) pop(q=15 f=3/16 p99rtt=262ms) custom(q=0 f=0/1 p99rtt=12ms) slots=21/25 jobs/s=603 drains=56645 evl=0ms
[2026-06-04 08:23:01.025] [info] [Worker 0] [libqueen] push(q=0 f=1/24 p99rtt=39ms) pop(q=0 f=3/16 p99rtt=303ms) custom(q=0 f=0/1 p99rtt=12ms) slots=21/25 jobs/s=661 drains=57509 evl=0ms
[2026-06-04 08:23:01.045] [info] [Worker 9] [libqueen] push(q=0 f=1/24 p99rtt=39ms) pop(q=0 f=4/16 p99rtt=297ms) custom(q=0 f=0/1 p99rtt=11ms) slots=20/25 jobs/s=553 drains=56978 evl=0ms
[2026-06-04 08:23:01.052] [info] [Worker 2] [libqueen] push(q=0 f=1/24 p99rtt=40ms) pop(q=0 f=4/16 p99rtt=292ms) custom(q=0 f=0/1 p99rtt=11ms) slots=20/25 jobs/s=614 drains=57192 evl=0ms
[2026-06-04 08:23:01.950] [info] [Worker 7] [libqueen] push(q=0 f=0/24 p99rtt=40ms) pop(q=0 f=4/16 p99rtt=282ms) custom(q=0 f=1/1 p99rtt=12ms) slots=20/25 jobs/s=652 drains=57168 evl=0ms
[2026-06-04 08:23:01.959] [info] [Worker 4] [libqueen] push(q=0 f=1/24 p99rtt=39ms) pop(q=0 f=3/16 p99rtt=279ms) custom(q=0 f=0/1 p99rtt=11ms) slots=21/25 jobs/s=649 drains=58565 evl=0ms
[2026-06-04 08:23:01.980] [info] [Worker 8] [libqueen] push(q=5 f=0/24 p99rtt=37ms) pop(q=0 f=3/16 p99rtt=270ms) custom(q=0 f=0/1 p99rtt=10ms) slots=22/25 jobs/s=642 drains=57475 evl=0ms
[2026-06-04 08:23:01.983] [info] [Worker 5] [libqueen] push(q=5 f=0/24 p99rtt=43ms) pop(q=0 f=4/16 p99rtt=283ms) custom(q=0 f=0/1 p99rtt=12ms) slots=21/25 jobs/s=621 drains=57866 evl=0ms
[2026-06-04 08:23:01.999] [info] [Worker 1] [libqueen] push(q=0 f=1/24 p99rtt=41ms) pop(q=0 f=3/16 p99rtt=312ms) custom(q=0 f=0/1 p99rtt=13ms) slots=21/25 jobs/s=674 drains=58092 evl=0ms
[2026-06-04 08:23:01.999] [info] [Worker 6] [libqueen] push(q=0 f=1/24 p99rtt=41ms) pop(q=0 f=2/16 p99rtt=286ms) custom(q=0 f=0/1 p99rtt=11ms) slots=22/25 jobs/s=575 drains=57154 evl=0ms
[2026-06-04 08:23:02.016] [info] [Worker 3] [libqueen] push(q=3 f=0/24 p99rtt=38ms) pop(q=0 f=3/16 p99rtt=265ms) custom(q=0 f=0/1 p99rtt=12ms) slots=22/25 jobs/s=657 drains=57312 evl=0ms
[2026-06-04 08:23:02.025] [info] [Worker 0] [libqueen] push(q=5 f=0/24 p99rtt=39ms) pop(q=0 f=3/16 p99rtt=303ms) custom(q=0 f=0/1 p99rtt=11ms) slots=22/25 jobs/s=598 drains=58113 evl=0ms
[2026-06-04 08:23:02.044] [info] [Worker 9] [libqueen] push(q=0 f=0/24 p99rtt=39ms) pop(q=0 f=4/16 p99rtt=297ms) custom(q=0 f=0/1 p99rtt=11ms) slots=21/25 jobs/s=578 drains=57600 evl=0ms
[2026-06-04 08:23:02.052] [info] [Worker 2] [libqueen] push(q=0 f=1/24 p99rtt=40ms) pop(q=0 f=3/16 p99rtt=292ms) custom(q=0 f=0/1 p99rtt=14ms) slots=21/25 jobs/s=619 drains=57796 evl=0ms
[2026-06-04 08:23:02.368] [info] StatsService: cycle completed in 39ms
[2026-06-04 08:23:02.950] [info] [Worker 7] [libqueen] push(q=5 f=0/24 p99rtt=40ms) pop(q=5 f=2/16 p99rtt=291ms) custom(q=0 f=0/1 p99rtt=12ms) slots=23/25 jobs/s=586 drains=57769 evl=0ms
[2026-06-04 08:23:02.959] [info] [Worker 4] [libqueen] push(q=0 f=1/24 p99rtt=39ms) pop(q=0 f=3/16 p99rtt=268ms) custom(q=0 f=0/1 p99rtt=11ms) slots=21/25 jobs/s=675 drains=59204 evl=0ms
[2026-06-04 08:23:02.981] [info] [Worker 8] [libqueen] push(q=0 f=1/24 p99rtt=37ms) pop(q=0 f=3/16 p99rtt=278ms) custom(q=0 f=0/1 p99rtt=10ms) slots=21/25 jobs/s=655 drains=58073 evl=0ms
[2026-06-04 08:23:02.983] [info] [Worker 5] [libqueen] push(q=0 f=1/24 p99rtt=43ms) pop(q=0 f=3/16 p99rtt=284ms) custom(q=0 f=0/1 p99rtt=12ms) slots=21/25 jobs/s=668 drains=58563 evl=0ms
[2026-06-04 08:23:02.999] [info] [Worker 1] [libqueen] push(q=0 f=1/24 p99rtt=40ms) pop(q=0 f=5/16 p99rtt=317ms) custom(q=0 f=0/1 p99rtt=13ms) slots=19/25 jobs/s=593 drains=58721 evl=0ms
[2026-06-04 08:23:03.000] [info] [Worker 6] [libqueen] push(q=0 f=1/24 p99rtt=41ms) pop(q=0 f=3/16 p99rtt=284ms) custom(q=0 f=0/1 p99rtt=11ms) slots=21/25 jobs/s=587 drains=57747 evl=0ms
[2026-06-04 08:23:03.016] [info] [Worker 3] [libqueen] push(q=5 f=0/24 p99rtt=36ms) pop(q=0 f=3/16 p99rtt=265ms) custom(q=0 f=0/1 p99rtt=12ms) slots=22/25 jobs/s=681 drains=57964 evl=0ms
[2026-06-04 08:23:03.025] [info] [Worker 0] [libqueen] push(q=5 f=0/24 p99rtt=39ms) pop(q=0 f=4/16 p99rtt=303ms) custom(q=0 f=0/1 p99rtt=11ms) slots=21/25 jobs/s=585 drains=58729 evl=0ms
[2026-06-04 08:23:03.045] [info] [Worker 9] [libqueen] push(q=3 f=0/24 p99rtt=39ms) pop(q=0 f=4/16 p99rtt=304ms) custom(q=0 f=0/1 p99rtt=10ms) slots=21/25 jobs/s=670 drains=58273 evl=0ms
[2026-06-04 08:23:03.053] [info] [Worker 2] [libqueen] push(q=0 f=1/24 p99rtt=40ms) pop(q=0 f=3/16 p99rtt=299ms) custom(q=0 f=0/1 p99rtt=14ms) slots=21/25 jobs/s=578 drains=58370 evl=0ms
[2026-06-04 08:23:03.950] [info] [Worker 7] [libqueen] push(q=5 f=0/24 p99rtt=38ms) pop(q=0 f=5/16 p99rtt=299ms) custom(q=0 f=0/1 p99rtt=12ms) slots=20/25 jobs/s=622 drains=58396 evl=0ms
[2026-06-04 08:23:03.959] [info] [Worker 4] [libqueen] push(q=0 f=1/24 p99rtt=38ms) pop(q=0 f=4/16 p99rtt=276ms) custom(q=0 f=0/1 p99rtt=10ms) slots=20/25 jobs/s=499 drains=59677 evl=0ms
[2026-06-04 08:23:03.981] [info] [Worker 8] [libqueen] push(q=5 f=0/24 p99rtt=37ms) pop(q=7 f=3/16 p99rtt=279ms) custom(q=0 f=0/1 p99rtt=10ms) slots=22/25 jobs/s=580 drains=58667 evl=0ms
[2026-06-04 08:23:03.984] [info] [Worker 5] [libqueen] push(q=5 f=0/24 p99rtt=42ms) pop(q=0 f=3/16 p99rtt=284ms) custom(q=0 f=0/1 p99rtt=13ms) slots=22/25 jobs/s=531 drains=59045 evl=0ms
[2026-06-04 08:23:04.000] [info] [Worker 1] [libqueen] push(q=0 f=1/24 p99rtt=38ms) pop(q=0 f=5/16 p99rtt=308ms) custom(q=0 f=0/1 p99rtt=12ms) slots=19/25 jobs/s=620 drains=59369 evl=0ms
[2026-06-04 08:23:04.000] [info] [Worker 6] [libqueen] push(q=0 f=1/24 p99rtt=40ms) pop(q=0 f=4/16 p99rtt=286ms) custom(q=0 f=0/1 p99rtt=11ms) slots=20/25 jobs/s=571 drains=58371 evl=0ms
[2026-06-04 08:23:04.016] [info] [Worker 3] [libqueen] push(q=0 f=0/24 p99rtt=38ms) pop(q=0 f=4/16 p99rtt=258ms) custom(q=0 f=0/1 p99rtt=12ms) slots=21/25 jobs/s=619 drains=58567 evl=0ms
[2026-06-04 08:23:04.025] [info] [Worker 0] [libqueen] push(q=0 f=1/24 p99rtt=39ms) pop(q=0 f=4/16 p99rtt=299ms) custom(q=0 f=0/1 p99rtt=12ms) slots=20/25 jobs/s=621 drains=59369 evl=0ms
[2026-06-04 08:23:04.045] [info] [Worker 9] [libqueen] push(q=0 f=1/24 p99rtt=38ms) pop(q=1 f=4/16 p99rtt=304ms) custom(q=0 f=0/1 p99rtt=10ms) slots=20/25 jobs/s=623 drains=58874 evl=0ms
[2026-06-04 08:23:04.053] [info] [Worker 2] [libqueen] push(q=0 f=1/24 p99rtt=39ms) pop(q=0 f=4/16 p99rtt=299ms) custom(q=0 f=0/1 p99rtt=12ms) slots=20/25 jobs/s=581 drains=59006 evl=0ms
[2026-06-04 08:23:04.950] [info] [Worker 7] [libqueen] push(q=0 f=1/24 p99rtt=37ms) pop(q=0 f=2/16 p99rtt=312ms) custom(q=0 f=0/1 p99rtt=12ms) slots=22/25 jobs/s=556 drains=58905 evl=0ms
[2026-06-04 08:23:04.959] [info] [Worker 4] [libqueen] push(q=5 f=0/24 p99rtt=37ms) pop(q=0 f=4/16 p99rtt=279ms) custom(q=0 f=0/1 p99rtt=10ms) slots=21/25 jobs/s=571 drains=60231 evl=0ms
[2026-06-04 08:23:04.981] [info] [Worker 8] [libqueen] push(q=0 f=1/24 p99rtt=38ms) pop(q=1 f=3/16 p99rtt=277ms) custom(q=0 f=0/1 p99rtt=10ms) slots=21/25 jobs/s=565 drains=59230 evl=0ms
[2026-06-04 08:23:04.984] [info] [Worker 5] [libqueen] push(q=0 f=1/24 p99rtt=42ms) pop(q=0 f=3/16 p99rtt=290ms) custom(q=0 f=0/1 p99rtt=13ms) slots=21/25 jobs/s=590 drains=59617 evl=0ms
[2026-06-04 08:23:05.000] [info] [Worker 6] [libqueen] push(q=0 f=1/24 p99rtt=40ms) pop(q=0 f=5/16 p99rtt=286ms) custom(q=0 f=0/1 p99rtt=11ms) slots=19/25 jobs/s=564 drains=58938 evl=0ms
[2026-06-04 08:23:05.000] [info] [Worker 1] [libqueen] push(q=0 f=0/24 p99rtt=37ms) pop(q=0 f=3/16 p99rtt=306ms) custom(q=0 f=1/1 p99rtt=11ms) slots=21/25 jobs/s=573 drains=59913 evl=0ms
[2026-06-04 08:23:05.015] [info] [Worker 3] [libqueen] push(q=5 f=0/24 p99rtt=38ms) pop(q=0 f=3/16 p99rtt=276ms) custom(q=0 f=0/1 p99rtt=12ms) slots=22/25 jobs/s=560 drains=59139 evl=0ms
[2026-06-04 08:23:05.025] [info] [Worker 0] [libqueen] push(q=0 f=1/24 p99rtt=39ms) pop(q=0 f=3/16 p99rtt=297ms) custom(q=0 f=0/1 p99rtt=12ms) slots=21/25 jobs/s=601 drains=59961 evl=0ms
[2026-06-04 08:23:05.044] [info] [Worker 9] [libqueen] push(q=3 f=0/24 p99rtt=37ms) pop(q=0 f=4/16 p99rtt=305ms) custom(q=0 f=0/1 p99rtt=10ms) slots=21/25 jobs/s=551 drains=59457 evl=0ms
[2026-06-04 08:23:05.053] [info] [Worker 2] [libqueen] push(q=5 f=0/24 p99rtt=39ms) pop(q=1 f=3/16 p99rtt=307ms) custom(q=0 f=0/1 p99rtt=13ms) slots=22/25 jobs/s=588 drains=59626 evl=0ms
[2026-06-04 08:23:05.354] [info] PartitionLookupReconcileService: fixed 16 partition_lookup rows (stats leader, hostname=112aa6a7f2d1)
[2026-06-04 08:23:05.950] [info] [Worker 7] [libqueen] push(q=0 f=0/24 p99rtt=37ms) pop(q=18 f=2/16 p99rtt=307ms) custom(q=0 f=1/1 p99rtt=11ms) slots=22/25 jobs/s=666 drains=59547 evl=0ms
[2026-06-04 08:23:05.959] [info] [Worker 4] [libqueen] push(q=0 f=1/24 p99rtt=36ms) pop(q=0 f=5/16 p99rtt=276ms) custom(q=0 f=0/1 p99rtt=11ms) slots=19/25 jobs/s=658 drains=60921 evl=0ms
[2026-06-04 08:23:05.982] [info] [Worker 8] [libqueen] push(q=0 f=1/24 p99rtt=37ms) pop(q=1 f=3/16 p99rtt=278ms) custom(q=0 f=0/1 p99rtt=10ms) slots=21/25 jobs/s=648 drains=59906 evl=0ms
[2026-06-04 08:23:05.984] [info] [Worker 5] [libqueen] push(q=0 f=1/24 p99rtt=39ms) pop(q=6 f=3/16 p99rtt=290ms) custom(q=0 f=0/1 p99rtt=13ms) slots=21/25 jobs/s=603 drains=60187 evl=0ms
[2026-06-04 08:23:06.000] [info] [Worker 6] [libqueen] push(q=5 f=0/24 p99rtt=39ms) pop(q=0 f=2/16 p99rtt=286ms) custom(q=0 f=0/1 p99rtt=10ms) slots=23/25 jobs/s=609 drains=59524 evl=0ms
[2026-06-04 08:23:06.002] [info] [Worker 1] [libqueen] push(q=0 f=1/24 p99rtt=38ms) pop(q=0 f=2/16 p99rtt=298ms) custom(q=0 f=0/1 p99rtt=11ms) slots=22/25 jobs/s=662 drains=60576 evl=0ms
[2026-06-04 08:23:06.015] [info] [Worker 3] [libqueen] push(q=0 f=1/24 p99rtt=38ms) pop(q=0 f=3/16 p99rtt=276ms) custom(q=0 f=0/1 p99rtt=12ms) slots=21/25 jobs/s=631 drains=59777 evl=0ms
[2026-06-04 08:23:06.025] [info] [Worker 0] [libqueen] push(q=5 f=0/24 p99rtt=36ms) pop(q=0 f=3/16 p99rtt=309ms) custom(q=0 f=0/1 p99rtt=12ms) slots=22/25 jobs/s=511 drains=60486 evl=0ms
[2026-06-04 08:23:06.045] [info] [Worker 9] [libqueen] push(q=0 f=1/24 p99rtt=37ms) pop(q=2 f=3/16 p99rtt=305ms) custom(q=0 f=0/1 p99rtt=10ms) slots=21/25 jobs/s=604 drains=60012 evl=0ms
[2026-06-04 08:23:06.053] [info] [Worker 2] [libqueen] push(q=5 f=0/24 p99rtt=39ms) pop(q=0 f=4/16 p99rtt=308ms) custom(q=0 f=0/1 p99rtt=12ms) slots=21/25 jobs/s=617 drains=60225 evl=0ms
[2026-06-04 08:23:06.950] [info] [Worker 7] [libqueen] push(q=5 f=0/24 p99rtt=36ms) pop(q=6 f=2/16 p99rtt=307ms) custom(q=0 f=0/1 p99rtt=12ms) slots=23/25 jobs/s=718 drains=60239 evl=0ms
[2026-06-04 08:23:06.959] [info] [Worker 4] [libqueen] push(q=0 f=1/24 p99rtt=35ms) pop(q=0 f=4/16 p99rtt=258ms) custom(q=0 f=0/1 p99rtt=11ms) slots=20/25 jobs/s=801 drains=61684 evl=0ms
[2026-06-04 08:23:06.982] [info] [Worker 8] [libqueen] push(q=0 f=1/24 p99rtt=37ms) pop(q=0 f=2/16 p99rtt=270ms) custom(q=0 f=0/1 p99rtt=11ms) slots=22/25 jobs/s=761 drains=60618 evl=0ms
[2026-06-04 08:23:06.983] [info] [Worker 5] [libqueen] push(q=5 f=0/24 p99rtt=39ms) pop(q=1 f=3/16 p99rtt=284ms) custom(q=0 f=0/1 p99rtt=13ms) slots=22/25 jobs/s=790 drains=60918 evl=0ms
[2026-06-04 08:23:07.000] [info] [Worker 6] [libqueen] push(q=0 f=1/24 p99rtt=38ms) pop(q=0 f=3/16 p99rtt=284ms) custom(q=0 f=0/1 p99rtt=10ms) slots=21/25 jobs/s=738 drains=60163 evl=0ms
[2026-06-04 08:23:07.002] [info] [Worker 1] [libqueen] push(q=0 f=1/24 p99rtt=37ms) pop(q=3 f=3/16 p99rtt=298ms) custom(q=0 f=0/1 p99rtt=11ms) slots=21/25 jobs/s=704 drains=61295 evl=0ms
[2026-06-04 08:23:07.016] [info] [Worker 3] [libqueen] push(q=5 f=0/24 p99rtt=36ms) pop(q=0 f=4/16 p99rtt=276ms) custom(q=0 f=0/1 p99rtt=12ms) slots=21/25 jobs/s=740 drains=60540 evl=0ms
[2026-06-04 08:23:07.025] [info] [Worker 0] [libqueen] push(q=0 f=1/24 p99rtt=36ms) pop(q=0 f=3/16 p99rtt=309ms) custom(q=0 f=0/1 p99rtt=12ms) slots=21/25 jobs/s=747 drains=61190 evl=0ms
[2026-06-04 08:23:07.045] [info] [Worker 9] [libqueen] push(q=0 f=0/24 p99rtt=35ms) pop(q=0 f=3/16 p99rtt=296ms) custom(q=0 f=1/1 p99rtt=10ms) slots=21/25 jobs/s=781 drains=60704 evl=1ms
[2026-06-04 08:23:07.053] [info] [Worker 2] [libqueen] push(q=0 f=1/24 p99rtt=37ms) pop(q=2 f=3/16 p99rtt=297ms) custom(q=0 f=0/1 p99rtt=12ms) slots=21/25 jobs/s=730 drains=60947 evl=0ms
[2026-06-04 08:23:07.951] [info] [Worker 7] [libqueen] push(q=5 f=0/24 p99rtt=36ms) pop(q=3 f=3/16 p99rtt=307ms) custom(q=0 f=1/1 p99rtt=12ms) slots=21/25 jobs/s=806 drains=60948 evl=0ms
[2026-06-04 08:23:07.958] [info] [Worker 4] [libqueen] push(q=0 f=1/24 p99rtt=36ms) pop(q=0 f=3/16 p99rtt=257ms) custom(q=0 f=0/1 p99rtt=11ms) slots=21/25 jobs/s=837 drains=62398 evl=0ms
[2026-06-04 08:23:07.982] [info] [Worker 8] [libqueen] push(q=0 f=0/24 p99rtt=37ms) pop(q=5 f=3/16 p99rtt=266ms) custom(q=0 f=0/1 p99rtt=11ms) slots=22/25 jobs/s=884 drains=61401 evl=0ms
[2026-06-04 08:23:07.984] [info] [Worker 5] [libqueen] push(q=5 f=0/24 p99rtt=39ms) pop(q=11 f=2/16 p99rtt=283ms) custom(q=0 f=0/1 p99rtt=14ms) slots=23/25 jobs/s=801 drains=61596 evl=0ms
[2026-06-04 08:23:07.999] [info] [Worker 6] [libqueen] push(q=0 f=0/24 p99rtt=38ms) pop(q=1 f=3/16 p99rtt=280ms) custom(q=0 f=1/1 p99rtt=10ms) slots=21/25 jobs/s=870 drains=60901 evl=0ms
[2026-06-04 08:23:08.003] [info] [Worker 1] [libqueen] push(q=0 f=1/24 p99rtt=37ms) pop(q=2 f=2/16 p99rtt=289ms) custom(q=0 f=0/1 p99rtt=11ms) slots=22/25 jobs/s=809 drains=61965 evl=0ms
[2026-06-04 08:23:08.016] [info] [Worker 3] [libqueen] push(q=4 f=0/24 p99rtt=38ms) pop(q=0 f=3/16 p99rtt=276ms) custom(q=0 f=0/1 p99rtt=12ms) slots=22/25 jobs/s=867 drains=61236 evl=0ms
[2026-06-04 08:23:08.025] [info] [Worker 0] [libqueen] push(q=0 f=1/24 p99rtt=36ms) pop(q=9 f=2/16 p99rtt=286ms) custom(q=0 f=0/1 p99rtt=13ms) slots=22/25 jobs/s=887 drains=61930 evl=1ms
[2026-06-04 08:23:08.047] [info] [Worker 9] [libqueen] push(q=5 f=0/24 p99rtt=35ms) pop(q=0 f=2/16 p99rtt=291ms) custom(q=0 f=0/1 p99rtt=10ms) slots=23/25 jobs/s=932 drains=61510 evl=0ms
[2026-06-04 08:23:08.053] [info] [Worker 2] [libqueen] push(q=5 f=0/24 p99rtt=36ms) pop(q=0 f=3/16 p99rtt=291ms) custom(q=0 f=0/1 p99rtt=13ms) slots=22/25 jobs/s=783 drains=61639 evl=0ms
[2026-06-04 08:23:08.951] [info] [Worker 7] [libqueen] push(q=5 f=0/24 p99rtt=37ms) pop(q=1 f=3/16 p99rtt=299ms) custom(q=0 f=1/1 p99rtt=13ms) slots=21/25 jobs/s=719 drains=61528 evl=0ms
[2026-06-04 08:23:08.959] [info] [Worker 4] [libqueen] push(q=0 f=0/24 p99rtt=38ms) pop(q=0 f=4/16 p99rtt=257ms) custom(q=0 f=1/1 p99rtt=11ms) slots=20/25 jobs/s=712 drains=63044 evl=0ms
[2026-06-04 08:23:08.982] [info] [Worker 8] [libqueen] push(q=5 f=0/24 p99rtt=39ms) pop(q=0 f=5/16 p99rtt=263ms) custom(q=0 f=0/1 p99rtt=11ms) slots=20/25 jobs/s=768 drains=62056 evl=0ms
[2026-06-04 08:23:08.985] [info] [Worker 5] [libqueen] push(q=0 f=1/24 p99rtt=42ms) pop(q=0 f=3/16 p99rtt=277ms) custom(q=0 f=0/1 p99rtt=22ms) slots=21/25 jobs/s=799 drains=62339 evl=0ms
[2026-06-04 08:23:09.001] [info] [Worker 6] [libqueen] push(q=0 f=1/24 p99rtt=39ms) pop(q=0 f=2/16 p99rtt=272ms) custom(q=0 f=0/1 p99rtt=13ms) slots=22/25 jobs/s=742 drains=61582 evl=0ms
[2026-06-04 08:23:09.003] [info] [Worker 1] [libqueen] push(q=5 f=0/24 p99rtt=38ms) pop(q=0 f=4/16 p99rtt=289ms) custom(q=0 f=0/1 p99rtt=12ms) slots=21/25 jobs/s=726 drains=62641 evl=0ms
[2026-06-04 08:23:09.016] [info] [Worker 3] [libqueen] push(q=0 f=1/24 p99rtt=39ms) pop(q=0 f=4/16 p99rtt=276ms) custom(q=0 f=0/1 p99rtt=13ms) slots=20/25 jobs/s=820 drains=62039 evl=0ms
[2026-06-04 08:23:09.025] [info] [Worker 0] [libqueen] push(q=0 f=1/24 p99rtt=36ms) pop(q=0 f=4/16 p99rtt=278ms) custom(q=0 f=0/1 p99rtt=14ms) slots=20/25 jobs/s=760 drains=62624 evl=0ms
[2026-06-04 08:23:09.050] [info] [Worker 9] [libqueen] push(q=5 f=0/24 p99rtt=37ms) pop(q=5 f=3/16 p99rtt=283ms) custom(q=0 f=0/1 p99rtt=11ms) slots=22/25 jobs/s=697 drains=62155 evl=0ms
[2026-06-04 08:23:09.053] [info] [Worker 2] [libqueen] push(q=0 f=1/24 p99rtt=39ms) pop(q=9 f=5/16 p99rtt=281ms) custom(q=0 f=0/1 p99rtt=14ms) slots=19/25 jobs/s=747 drains=62348 evl=0ms
[2026-06-04 08:23:09.951] [info] [Worker 7] [libqueen] push(q=5 f=0/24 p99rtt=37ms) pop(q=0 f=4/16 p99rtt=298ms) custom(q=0 f=1/1 p99rtt=13ms) slots=20/25 jobs/s=809 drains=62310 evl=0ms
[2026-06-04 08:23:09.959] [info] [Worker 4] [libqueen] push(q=0 f=1/24 p99rtt=38ms) pop(q=0 f=3/16 p99rtt=257ms) custom(q=0 f=0/1 p99rtt=11ms) slots=21/25 jobs/s=715 drains=63788 evl=0ms
[2026-06-04 08:23:09.982] [info] [Worker 8] [libqueen] push(q=0 f=1/24 p99rtt=39ms) pop(q=0 f=3/16 p99rtt=263ms) custom(q=0 f=0/1 p99rtt=11ms) slots=21/25 jobs/s=714 drains=62688 evl=0ms
[2026-06-04 08:23:09.986] [info] [Worker 5] [libqueen] push(q=0 f=1/24 p99rtt=41ms) pop(q=0 f=3/16 p99rtt=265ms) custom(q=0 f=0/1 p99rtt=27ms) slots=21/25 jobs/s=699 drains=63073 evl=0ms
[2026-06-04 08:23:10.001] [info] [Worker 6] [libqueen] push(q=0 f=1/24 p99rtt=39ms) pop(q=18 f=3/16 p99rtt=272ms) custom(q=0 f=0/1 p99rtt=10ms) slots=21/25 jobs/s=849 drains=62426 evl=0ms
[2026-06-04 08:23:10.003] [info] [Worker 1] [libqueen] push(q=0 f=1/24 p99rtt=37ms) pop(q=1 f=4/16 p99rtt=289ms) custom(q=0 f=0/1 p99rtt=12ms) slots=20/25 jobs/s=778 drains=63358 evl=0ms
[2026-06-04 08:23:10.016] [info] [Worker 3] [libqueen] push(q=5 f=0/24 p99rtt=39ms) pop(q=0 f=4/16 p99rtt=276ms) custom(q=0 f=1/1 p99rtt=13ms) slots=20/25 jobs/s=706 drains=62677 evl=0ms
[2026-06-04 08:23:10.026] [info] [Worker 0] [libqueen] push(q=0 f=1/24 p99rtt=35ms) pop(q=0 f=4/16 p99rtt=278ms) custom(q=0 f=1/1 p99rtt=14ms) slots=19/25 jobs/s=772 drains=63321 evl=0ms
[2026-06-04 08:23:10.051] [info] [Worker 9] [libqueen] push(q=5 f=0/24 p99rtt=37ms) pop(q=14 f=2/16 p99rtt=283ms) custom(q=0 f=0/1 p99rtt=11ms) slots=23/25 jobs/s=750 drains=62887 evl=0ms
[2026-06-04 08:23:10.053] [info] [Worker 2] [libqueen] push(q=0 f=0/24 p99rtt=39ms) pop(q=3 f=0/16 p99rtt=281ms) custom(q=0 f=1/1 p99rtt=14ms) slots=24/25 jobs/s=745 drains=63017 evl=0ms
[2026-06-04 08:23:10.951] [info] [Worker 7] [libqueen] push(q=0 f=0/24 p99rtt=37ms) pop(q=1 f=3/16 p99rtt=291ms) custom(q=0 f=1/1 p99rtt=13ms) slots=21/25 jobs/s=744 drains=63037 evl=0ms
[2026-06-04 08:23:10.959] [info] [Worker 4] [libqueen] push(q=0 f=1/24 p99rtt=38ms) pop(q=0 f=4/16 p99rtt=257ms) custom(q=0 f=0/1 p99rtt=11ms) slots=20/25 jobs/s=730 drains=64412 evl=0ms
[2026-06-04 08:23:10.982] [info] [Worker 8] [libqueen] push(q=5 f=0/24 p99rtt=42ms) pop(q=0 f=3/16 p99rtt=263ms) custom(q=0 f=0/1 p99rtt=11ms) slots=22/25 jobs/s=784 drains=63355 evl=0ms
[2026-06-04 08:23:10.986] [info] [Worker 5] [libqueen] push(q=0 f=1/24 p99rtt=42ms) pop(q=0 f=3/16 p99rtt=265ms) custom(q=0 f=0/1 p99rtt=27ms) slots=21/25 jobs/s=766 drains=63772 evl=0ms
[2026-06-04 08:23:11.002] [info] [Worker 6] [libqueen] push(q=0 f=1/24 p99rtt=40ms) pop(q=1 f=3/16 p99rtt=272ms) custom(q=0 f=0/1 p99rtt=11ms) slots=21/25 jobs/s=719 drains=63086 evl=0ms
[2026-06-04 08:23:11.003] [info] [Worker 1] [libqueen] push(q=0 f=1/24 p99rtt=38ms) pop(q=0 f=3/16 p99rtt=284ms) custom(q=0 f=0/1 p99rtt=12ms) slots=21/25 jobs/s=737 drains=64063 evl=0ms
[2026-06-04 08:23:11.016] [info] [Worker 3] [libqueen] push(q=0 f=1/24 p99rtt=39ms) pop(q=6 f=2/16 p99rtt=276ms) custom(q=0 f=0/1 p99rtt=14ms) slots=22/25 jobs/s=708 drains=63366 evl=0ms
[2026-06-04 08:23:11.028] [info] [Worker 0] [libqueen] push(q=0 f=1/24 p99rtt=39ms) pop(q=0 f=5/16 p99rtt=278ms) custom(q=0 f=0/1 p99rtt=15ms) slots=19/25 jobs/s=795 drains=64109 evl=0ms
[2026-06-04 08:23:11.050] [info] [Worker 9] [libqueen] push(q=2 f=0/24 p99rtt=37ms) pop(q=0 f=5/16 p99rtt=283ms) custom(q=0 f=0/1 p99rtt=11ms) slots=20/25 jobs/s=782 drains=63600 evl=0ms
[2026-06-04 08:23:11.053] [info] [Worker 2] [libqueen] push(q=5 f=0/24 p99rtt=40ms) pop(q=0 f=4/16 p99rtt=281ms) custom(q=0 f=0/1 p99rtt=14ms) slots=21/25 jobs/s=780 drains=63800 evl=0ms
[2026-06-04 08:23:11.369] [info] PartitionLookupReconcileService: fixed 1 partition_lookup rows (stats leader, hostname=112aa6a7f2d1)
[2026-06-04 08:23:11.951] [info] [Worker 7] [libqueen] push(q=0 f=1/24 p99rtt=37ms) pop(q=0 f=4/16 p99rtt=291ms) custom(q=0 f=1/1 p99rtt=15ms) slots=19/25 jobs/s=735 drains=63719 evl=1ms
[2026-06-04 08:23:11.958] [info] [Worker 4] [libqueen] push(q=0 f=1/24 p99rtt=38ms) pop(q=0 f=3/16 p99rtt=257ms) custom(q=0 f=0/1 p99rtt=11ms) slots=21/25 jobs/s=730 drains=65116 evl=0ms
[2026-06-04 08:23:11.982] [info] [Worker 8] [libqueen] push(q=0 f=1/24 p99rtt=42ms) pop(q=0 f=4/16 p99rtt=263ms) custom(q=0 f=0/1 p99rtt=11ms) slots=20/25 jobs/s=704 drains=64025 evl=0ms
[2026-06-04 08:23:11.988] [info] [Worker 5] [libqueen] push(q=0 f=1/24 p99rtt=43ms) pop(q=0 f=2/16 p99rtt=265ms) custom(q=0 f=0/1 p99rtt=27ms) slots=22/25 jobs/s=758 drains=64483 evl=0ms
[2026-06-04 08:23:12.002] [info] [Worker 6] [libqueen] push(q=0 f=1/24 p99rtt=40ms) pop(q=0 f=3/16 p99rtt=272ms) custom(q=0 f=0/1 p99rtt=11ms) slots=21/25 jobs/s=755 drains=63789 evl=0ms
[2026-06-04 08:23:12.003] [info] [Worker 1] [libqueen] push(q=0 f=1/24 p99rtt=38ms) pop(q=0 f=3/16 p99rtt=284ms) custom(q=0 f=0/1 p99rtt=12ms) slots=21/25 jobs/s=765 drains=64729 evl=0ms
[2026-06-04 08:23:12.016] [info] [Worker 3] [libqueen] push(q=0 f=1/24 p99rtt=39ms) pop(q=1 f=4/16 p99rtt=276ms) custom(q=0 f=0/1 p99rtt=13ms) slots=20/25 jobs/s=780 drains=64132 evl=0ms
[2026-06-04 08:23:12.028] [info] [Worker 0] [libqueen] push(q=2 f=0/24 p99rtt=39ms) pop(q=0 f=3/16 p99rtt=278ms) custom(q=0 f=1/1 p99rtt=15ms) slots=21/25 jobs/s=748 drains=64785 evl=0ms
[2026-06-04 08:23:12.051] [info] [Worker 9] [libqueen] push(q=5 f=0/24 p99rtt=38ms) pop(q=18 f=2/16 p99rtt=283ms) custom(q=0 f=0/1 p99rtt=11ms) slots=23/25 jobs/s=725 drains=64277 evl=0ms
[2026-06-04 08:23:12.052] [info] [Worker 2] [libqueen] push(q=5 f=0/24 p99rtt=40ms) pop(q=0 f=4/16 p99rtt=266ms) custom(q=0 f=0/1 p99rtt=14ms) slots=21/25 jobs/s=771 drains=64471 evl=0ms
[2026-06-04 08:23:12.953] [info] [Worker 7] [libqueen] push(q=0 f=1/24 p99rtt=37ms) pop(q=0 f=4/16 p99rtt=291ms) custom(q=0 f=0/1 p99rtt=15ms) slots=20/25 jobs/s=739 drains=64458 evl=0ms
[2026-06-04 08:23:12.959] [info] [Worker 4] [libqueen] push(q=0 f=1/24 p99rtt=38ms) pop(q=1 f=3/16 p99rtt=257ms) custom(q=0 f=0/1 p99rtt=11ms) slots=21/25 jobs/s=807 drains=65878 evl=0ms
[2026-06-04 08:23:12.982] [info] [Worker 8] [libqueen] push(q=5 f=0/24 p99rtt=42ms) pop(q=11 f=1/16 p99rtt=261ms) custom(q=0 f=0/1 p99rtt=13ms) slots=24/25 jobs/s=749 drains=64709 evl=0ms
[2026-06-04 08:23:12.988] [info] [Worker 5] [libqueen] push(q=0 f=1/24 p99rtt=43ms) pop(q=12 f=2/16 p99rtt=265ms) custom(q=0 f=0/1 p99rtt=27ms) slots=22/25 jobs/s=754 drains=65250 evl=0ms
[2026-06-04 08:23:13.002] [info] [Worker 1] [libqueen] push(q=0 f=0/24 p99rtt=38ms) pop(q=6 f=2/16 p99rtt=284ms) custom(q=0 f=0/1 p99rtt=16ms) slots=23/25 jobs/s=703 drains=65402 evl=0ms
[2026-06-04 08:23:13.003] [info] [Worker 6] [libqueen] push(q=5 f=0/24 p99rtt=40ms) pop(q=0 f=3/16 p99rtt=272ms) custom(q=0 f=0/1 p99rtt=11ms) slots=22/25 jobs/s=759 drains=64493 evl=0ms
[2026-06-04 08:23:13.017] [info] [Worker 3] [libqueen] push(q=0 f=0/24 p99rtt=39ms) pop(q=0 f=3/16 p99rtt=276ms) custom(q=0 f=1/1 p99rtt=13ms) slots=21/25 jobs/s=739 drains=64806 evl=0ms
[2026-06-04 08:23:13.028] [info] [Worker 0] [libqueen] push(q=0 f=0/24 p99rtt=39ms) pop(q=0 f=3/16 p99rtt=278ms) custom(q=0 f=1/1 p99rtt=15ms) slots=21/25 jobs/s=753 drains=65544 evl=0ms
[2026-06-04 08:23:13.051] [info] [Worker 9] [libqueen] push(q=0 f=1/24 p99rtt=38ms) pop(q=0 f=4/16 p99rtt=283ms) custom(q=0 f=0/1 p99rtt=11ms) slots=20/25 jobs/s=735 drains=64965 evl=0ms
[2026-06-04 08:23:13.053] [info] [Worker 2] [libqueen] push(q=5 f=0/24 p99rtt=40ms) pop(q=0 f=3/16 p99rtt=265ms) custom(q=0 f=0/1 p99rtt=14ms) slots=22/25 jobs/s=748 drains=65120 evl=0ms
[2026-06-04 08:23:13.361] [info] StatsService: cycle completed in 31ms
[2026-06-04 08:23:13.951] [info] [Worker 7] [libqueen] push(q=5 f=0/24 p99rtt=37ms) pop(q=0 f=4/16 p99rtt=291ms) custom(q=0 f=0/1 p99rtt=15ms) slots=21/25 jobs/s=790 drains=65218 evl=0ms
[2026-06-04 08:23:13.958] [info] [Worker 4] [libqueen] push(q=0 f=1/24 p99rtt=38ms) pop(q=0 f=5/16 p99rtt=257ms) custom(q=0 f=0/1 p99rtt=12ms) slots=19/25 jobs/s=776 drains=66546 evl=0ms
[2026-06-04 08:23:13.982] [info] [Worker 8] [libqueen] push(q=0 f=1/24 p99rtt=40ms) pop(q=0 f=2/16 p99rtt=263ms) custom(q=0 f=0/1 p99rtt=13ms) slots=22/25 jobs/s=792 drains=65416 evl=1ms
[2026-06-04 08:23:13.988] [info] [Worker 5] [libqueen] push(q=0 f=1/24 p99rtt=42ms) pop(q=6 f=3/16 p99rtt=265ms) custom(q=0 f=0/1 p99rtt=27ms) slots=21/25 jobs/s=709 drains=65848 evl=0ms
[2026-06-04 08:23:14.002] [info] [Worker 1] [libqueen] push(q=0 f=1/24 p99rtt=38ms) pop(q=0 f=4/16 p99rtt=284ms) custom(q=0 f=0/1 p99rtt=16ms) slots=20/25 jobs/s=742 drains=66148 evl=0ms
[2026-06-04 08:23:14.003] [info] [Worker 6] [libqueen] push(q=0 f=1/24 p99rtt=40ms) pop(q=0 f=4/16 p99rtt=272ms) custom(q=0 f=0/1 p99rtt=11ms) slots=20/25 jobs/s=758 drains=65176 evl=0ms
[2026-06-04 08:23:14.016] [info] [Worker 3] [libqueen] push(q=5 f=0/24 p99rtt=41ms) pop(q=0 f=4/16 p99rtt=276ms) custom(q=0 f=0/1 p99rtt=13ms) slots=21/25 jobs/s=779 drains=65518 evl=0ms
[2026-06-04 08:23:14.030] [info] [Worker 0] [libqueen] push(q=0 f=1/24 p99rtt=39ms) pop(q=0 f=4/16 p99rtt=273ms) custom(q=0 f=0/1 p99rtt=15ms) slots=20/25 jobs/s=740 drains=66277 evl=0ms
[2026-06-04 08:23:14.052] [info] [Worker 9] [libqueen] push(q=0 f=1/24 p99rtt=38ms) pop(q=18 f=3/16 p99rtt=283ms) custom(q=0 f=0/1 p99rtt=11ms) slots=21/25 jobs/s=808 drains=65745 evl=0ms
[2026-06-04 08:23:14.052] [info] [Worker 2] [libqueen] push(q=0 f=1/24 p99rtt=39ms) pop(q=0 f=3/16 p99rtt=265ms) custom(q=0 f=0/1 p99rtt=14ms) slots=21/25 jobs/s=767 drains=65816 evl=0ms
[2026-06-04 08:23:14.951] [info] [Worker 7] [libqueen] push(q=0 f=1/24 p99rtt=39ms) pop(q=0 f=2/16 p99rtt=291ms) custom(q=0 f=0/1 p99rtt=13ms) slots=22/25 jobs/s=724 drains=65876 evl=0ms
[2026-06-04 08:23:14.959] [info] [Worker 4] [libqueen] push(q=0 f=1/24 p99rtt=38ms) pop(q=2 f=3/16 p99rtt=254ms) custom(q=0 f=0/1 p99rtt=15ms) slots=21/25 jobs/s=747 drains=67239 evl=0ms
[2026-06-04 08:23:14.982] [info] [Worker 8] [libqueen] push(q=5 f=0/24 p99rtt=42ms) pop(q=0 f=4/16 p99rtt=263ms) custom(q=0 f=0/1 p99rtt=12ms) slots=21/25 jobs/s=730 drains=66137 evl=0ms
[2026-06-04 08:23:14.988] [info] [Worker 5] [libqueen] push(q=0 f=0/24 p99rtt=43ms) pop(q=0 f=5/16 p99rtt=265ms) custom(q=0 f=1/1 p99rtt=27ms) slots=19/25 jobs/s=768 drains=66576 evl=0ms
[2026-06-04 08:23:15.003] [info] [Worker 6] [libqueen] push(q=5 f=0/24 p99rtt=42ms) pop(q=0 f=3/16 p99rtt=272ms) custom(q=0 f=0/1 p99rtt=11ms) slots=22/25 jobs/s=816 drains=65922 evl=0ms
[2026-06-04 08:23:15.009] [info] [Worker 1] [libqueen] push(q=0 f=0/24 p99rtt=39ms) pop(q=0 f=3/16 p99rtt=284ms) custom(q=0 f=1/1 p99rtt=12ms) slots=21/25 jobs/s=738 drains=66848 evl=1ms
[2026-06-04 08:23:15.017] [info] [Worker 3] [libqueen] push(q=0 f=0/24 p99rtt=41ms) pop(q=0 f=2/16 p99rtt=276ms) custom(q=0 f=1/1 p99rtt=13ms) slots=22/25 jobs/s=749 drains=66210 evl=0ms
[2026-06-04 08:23:15.030] [info] [Worker 0] [libqueen] push(q=0 f=1/24 p99rtt=39ms) pop(q=0 f=3/16 p99rtt=273ms) custom(q=0 f=0/1 p99rtt=15ms) slots=21/25 jobs/s=781 drains=66979 evl=0ms
[2026-06-04 08:23:15.053] [info] [Worker 2] [libqueen] push(q=0 f=1/24 p99rtt=39ms) pop(q=0 f=3/16 p99rtt=265ms) custom(q=0 f=0/1 p99rtt=13ms) slots=21/25 jobs/s=741 drains=66530 evl=0ms
[2026-06-04 08:23:15.053] [info] [Worker 9] [libqueen] push(q=0 f=1/24 p99rtt=38ms) pop(q=0 f=5/16 p99rtt=283ms) custom(q=0 f=0/1 p99rtt=12ms) slots=19/25 jobs/s=695 drains=66386 evl=0ms
[2026-06-04 08:23:15.952] [info] [Worker 7] [libqueen] push(q=0 f=1/24 p99rtt=40ms) pop(q=0 f=3/16 p99rtt=298ms) custom(q=0 f=0/1 p99rtt=13ms) slots=21/25 jobs/s=658 drains=66483 evl=0ms
[2026-06-04 08:23:15.959] [info] [Worker 4] [libqueen] push(q=4 f=1/24 p99rtt=38ms) pop(q=2 f=3/16 p99rtt=254ms) custom(q=0 f=0/1 p99rtt=15ms) slots=21/25 jobs/s=659 drains=67810 evl=0ms
[2026-06-04 08:23:15.981] [info] [Worker 8] [libqueen] push(q=0 f=0/24 p99rtt=42ms) pop(q=0 f=4/16 p99rtt=263ms) custom(q=0 f=1/1 p99rtt=11ms) slots=20/25 jobs/s=670 drains=66822 evl=0ms
[2026-06-04 08:23:15.988] [info] [Worker 5] [libqueen] push(q=0 f=1/24 p99rtt=43ms) pop(q=18 f=2/16 p99rtt=265ms) custom(q=0 f=0/1 p99rtt=27ms) slots=22/25 jobs/s=726 drains=67278 evl=0ms
[2026-06-04 08:23:16.002] [info] [Worker 6] [libqueen] push(q=5 f=0/24 p99rtt=42ms) pop(q=0 f=3/16 p99rtt=272ms) custom(q=0 f=0/1 p99rtt=13ms) slots=22/25 jobs/s=654 drains=66518 evl=0ms
[2026-06-04 08:23:16.009] [info] [Worker 1] [libqueen] push(q=0 f=1/24 p99rtt=40ms) pop(q=0 f=4/16 p99rtt=284ms) custom(q=0 f=0/1 p99rtt=10ms) slots=20/25 jobs/s=662 drains=67474 evl=0ms
[2026-06-04 08:23:16.017] [info] [Worker 3] [libqueen] push(q=5 f=0/24 p99rtt=42ms) pop(q=3 f=3/16 p99rtt=281ms) custom(q=0 f=0/1 p99rtt=12ms) slots=22/25 jobs/s=683 drains=66859 evl=0ms
[2026-06-04 08:23:16.030] [info] [Worker 0] [libqueen] push(q=5 f=0/24 p99rtt=39ms) pop(q=1 f=2/16 p99rtt=278ms) custom(q=0 f=0/1 p99rtt=15ms) slots=23/25 jobs/s=678 drains=67637 evl=0ms
[2026-06-04 08:23:16.053] [info] [Worker 2] [libqueen] push(q=5 f=0/24 p99rtt=40ms) pop(q=13 f=2/16 p99rtt=265ms) custom(q=0 f=0/1 p99rtt=14ms) slots=23/25 jobs/s=681 drains=67184 evl=0ms
[2026-06-04 08:23:16.053] [info] [Worker 9] [libqueen] push(q=5 f=0/24 p99rtt=38ms) pop(q=1 f=3/16 p99rtt=283ms) custom(q=0 f=0/1 p99rtt=12ms) slots=22/25 jobs/s=619 drains=66961 evl=0ms
[2026-06-04 08:23:16.953] [info] [Worker 7] [libqueen] push(q=0 f=1/24 p99rtt=39ms) pop(q=10 f=2/16 p99rtt=298ms) custom(q=0 f=0/1 p99rtt=12ms) slots=22/25 jobs/s=664 drains=67194 evl=0ms
[2026-06-04 08:23:16.959] [info] [Worker 4] [libqueen] push(q=0 f=1/24 p99rtt=38ms) pop(q=0 f=3/16 p99rtt=257ms) custom(q=0 f=0/1 p99rtt=15ms) slots=21/25 jobs/s=645 drains=68409 evl=0ms
[2026-06-04 08:23:16.983] [info] [Worker 8] [libqueen] push(q=0 f=0/24 p99rtt=40ms) pop(q=19 f=2/16 p99rtt=263ms) custom(q=0 f=1/1 p99rtt=11ms) slots=22/25 jobs/s=734 drains=67514 evl=0ms
[2026-06-04 08:23:16.987] [info] [Worker 5] [libqueen] push(q=0 f=0/24 p99rtt=43ms) pop(q=0 f=3/16 p99rtt=265ms) custom(q=0 f=1/1 p99rtt=27ms) slots=21/25 jobs/s=741 drains=67991 evl=0ms
[2026-06-04 08:23:17.003] [info] [Worker 6] [libqueen] push(q=5 f=0/24 p99rtt=40ms) pop(q=19 f=2/16 p99rtt=276ms) custom(q=0 f=0/1 p99rtt=13ms) slots=23/25 jobs/s=641 drains=67178 evl=0ms
[2026-06-04 08:23:17.009] [info] [Worker 1] [libqueen] push(q=5 f=0/24 p99rtt=40ms) pop(q=7 f=4/16 p99rtt=284ms) custom(q=0 f=0/1 p99rtt=11ms) slots=21/25 jobs/s=683 drains=68143 evl=0ms
[2026-06-04 08:23:17.017] [info] [Worker 3] [libqueen] push(q=5 f=0/24 p99rtt=39ms) pop(q=5 f=4/16 p99rtt=283ms) custom(q=0 f=0/1 p99rtt=12ms) slots=21/25 jobs/s=666 drains=67537 evl=0ms
[2026-06-04 08:23:17.030] [info] [Worker 0] [libqueen] push(q=5 f=0/24 p99rtt=39ms) pop(q=0 f=3/16 p99rtt=278ms) custom(q=0 f=0/1 p99rtt=15ms) slots=22/25 jobs/s=681 drains=68266 evl=0ms
[2026-06-04 08:23:17.053] [info] [Worker 9] [libqueen] push(q=0 f=1/24 p99rtt=38ms) pop(q=0 f=4/16 p99rtt=281ms) custom(q=0 f=0/1 p99rtt=12ms) slots=20/25 jobs/s=668 drains=67641 evl=0ms
[2026-06-04 08:23:17.053] [info] [Worker 2] [libqueen] push(q=0 f=1/24 p99rtt=40ms) pop(q=2 f=3/16 p99rtt=265ms) custom(q=0 f=0/1 p99rtt=13ms) slots=21/25 jobs/s=681 drains=67873 evl=0ms
[2026-06-04 08:23:17.361] [info] PartitionLookupReconcileService: fixed 3 partition_lookup rows (stats leader, hostname=112aa6a7f2d1)
[2026-06-04 08:23:17.953] [info] [Worker 7] [libqueen] push(q=0 f=1/24 p99rtt=35ms) pop(q=0 f=5/16 p99rtt=305ms) custom(q=0 f=0/1 p99rtt=12ms) slots=19/25 jobs/s=641 drains=67806 evl=0ms
[2026-06-04 08:23:17.959] [info] [Worker 4] [libqueen] push(q=0 f=1/24 p99rtt=38ms) pop(q=0 f=5/16 p99rtt=258ms) custom(q=0 f=0/1 p99rtt=13ms) slots=19/25 jobs/s=610 drains=68979 evl=0ms
[2026-06-04 08:23:17.983] [info] [Worker 8] [libqueen] push(q=3 f=0/24 p99rtt=38ms) pop(q=0 f=4/16 p99rtt=263ms) custom(q=0 f=0/1 p99rtt=12ms) slots=21/25 jobs/s=636 drains=68138 evl=0ms
[2026-06-04 08:23:17.988] [info] [Worker 5] [libqueen] push(q=0 f=1/24 p99rtt=39ms) pop(q=0 f=5/16 p99rtt=265ms) custom(q=0 f=0/1 p99rtt=25ms) slots=19/25 jobs/s=597 drains=68563 evl=0ms
[2026-06-04 08:23:18.003] [info] [Worker 6] [libqueen] push(q=5 f=0/24 p99rtt=38ms) pop(q=6 f=3/16 p99rtt=276ms) custom(q=0 f=0/1 p99rtt=11ms) slots=22/25 jobs/s=597 drains=67780 evl=0ms
[2026-06-04 08:23:18.008] [info] [Worker 1] [libqueen] push(q=0 f=1/24 p99rtt=39ms) pop(q=14 f=3/16 p99rtt=284ms) custom(q=0 f=0/1 p99rtt=10ms) slots=21/25 jobs/s=660 drains=68721 evl=0ms
[2026-06-04 08:23:18.017] [info] [Worker 3] [libqueen] push(q=0 f=1/24 p99rtt=39ms) pop(q=0 f=5/16 p99rtt=283ms) custom(q=0 f=0/1 p99rtt=12ms) slots=19/25 jobs/s=668 drains=68220 evl=0ms
[2026-06-04 08:23:18.030] [info] [Worker 0] [libqueen] push(q=0 f=1/24 p99rtt=34ms) pop(q=0 f=6/16 p99rtt=287ms) custom(q=0 f=0/1 p99rtt=13ms) slots=18/25 jobs/s=598 drains=68824 evl=0ms
[2026-06-04 08:23:18.053] [info] [Worker 2] [libqueen] push(q=0 f=0/24 p99rtt=37ms) pop(q=1 f=4/16 p99rtt=265ms) custom(q=0 f=1/1 p99rtt=14ms) slots=20/25 jobs/s=625 drains=68529 evl=0ms
[2026-06-04 08:23:18.053] [info] [Worker 9] [libqueen] push(q=0 f=1/24 p99rtt=37ms) pop(q=0 f=4/16 p99rtt=283ms) custom(q=0 f=0/1 p99rtt=12ms) slots=20/25 jobs/s=674 drains=68270 evl=0ms
[2026-06-04 08:23:18.954] [info] [Worker 7] [libqueen] push(q=0 f=1/24 p99rtt=35ms) pop(q=0 f=4/16 p99rtt=305ms) custom(q=0 f=0/1 p99rtt=12ms) slots=20/25 jobs/s=634 drains=68397 evl=0ms
[2026-06-04 08:23:18.959] [info] [Worker 4] [libqueen] push(q=0 f=1/24 p99rtt=38ms) pop(q=0 f=5/16 p99rtt=258ms) custom(q=0 f=0/1 p99rtt=13ms) slots=19/25 jobs/s=627 drains=69537 evl=0ms
[2026-06-04 08:23:18.983] [info] [Worker 8] [libqueen] push(q=0 f=1/24 p99rtt=37ms) pop(q=1 f=4/16 p99rtt=266ms) custom(q=0 f=0/1 p99rtt=12ms) slots=20/25 jobs/s=598 drains=68765 evl=0ms
[2026-06-04 08:23:18.990] [info] [Worker 5] [libqueen] push(q=0 f=1/24 p99rtt=39ms) pop(q=0 f=6/16 p99rtt=277ms) custom(q=0 f=0/1 p99rtt=22ms) slots=18/25 jobs/s=588 drains=69096 evl=0ms
[2026-06-04 08:23:19.002] [info] [Worker 6] [libqueen] push(q=0 f=1/24 p99rtt=38ms) pop(q=9 f=4/16 p99rtt=276ms) custom(q=0 f=0/1 p99rtt=11ms) slots=20/25 jobs/s=587 drains=68394 evl=0ms
[2026-06-04 08:23:19.009] [info] [Worker 1] [libqueen] push(q=0 f=1/24 p99rtt=39ms) pop(q=0 f=4/16 p99rtt=284ms) custom(q=0 f=0/1 p99rtt=11ms) slots=20/25 jobs/s=584 drains=69260 evl=0ms
[2026-06-04 08:23:19.018] [info] [Worker 3] [libqueen] push(q=0 f=1/24 p99rtt=38ms) pop(q=0 f=4/16 p99rtt=283ms) custom(q=0 f=0/1 p99rtt=12ms) slots=20/25 jobs/s=526 drains=68698 evl=0ms
[2026-06-04 08:23:19.030] [info] [Worker 0] [libqueen] push(q=0 f=1/24 p99rtt=34ms) pop(q=0 f=3/16 p99rtt=287ms) custom(q=0 f=0/1 p99rtt=13ms) slots=21/25 jobs/s=671 drains=69481 evl=0ms
[2026-06-04 08:23:19.053] [info] [Worker 9] [libqueen] push(q=0 f=0/24 p99rtt=36ms) pop(q=1 f=4/16 p99rtt=281ms) custom(q=0 f=1/1 p99rtt=12ms) slots=20/25 jobs/s=614 drains=68872 evl=0ms
[2026-06-04 08:23:19.054] [info] [Worker 2] [libqueen] push(q=0 f=0/24 p99rtt=37ms) pop(q=0 f=4/16 p99rtt=266ms) custom(q=0 f=1/1 p99rtt=14ms) slots=20/25 jobs/s=631 drains=69156 evl=0ms
[2026-06-04 08:23:19.954] [info] [Worker 7] [libqueen] push(q=0 f=1/24 p99rtt=36ms) pop(q=1 f=5/16 p99rtt=305ms) custom(q=0 f=0/1 p99rtt=12ms) slots=19/25 jobs/s=584 drains=68943 evl=0ms
[2026-06-04 08:23:19.959] [info] [Worker 4] [libqueen] push(q=0 f=1/24 p99rtt=38ms) pop(q=0 f=5/16 p99rtt=258ms) custom(q=0 f=0/1 p99rtt=13ms) slots=19/25 jobs/s=549 drains=70066 evl=0ms
[2026-06-04 08:23:19.983] [info] [Worker 8] [libqueen] push(q=0 f=1/24 p99rtt=39ms) pop(q=0 f=5/16 p99rtt=266ms) custom(q=0 f=0/1 p99rtt=13ms) slots=19/25 jobs/s=550 drains=69351 evl=0ms
[2026-06-04 08:23:19.990] [info] [Worker 5] [libqueen] push(q=0 f=1/24 p99rtt=39ms) pop(q=0 f=5/16 p99rtt=277ms) custom(q=0 f=0/1 p99rtt=25ms) slots=19/25 jobs/s=589 drains=69661 evl=0ms
[2026-06-04 08:23:20.006] [info] [Worker 6] [libqueen] push(q=0 f=1/24 p99rtt=39ms) pop(q=0 f=2/16 p99rtt=279ms) custom(q=0 f=0/1 p99rtt=11ms) slots=22/25 jobs/s=606 drains=68946 evl=0ms
[2026-06-04 08:23:20.010] [info] [Worker 1] [libqueen] push(q=0 f=1/24 p99rtt=39ms) pop(q=0 f=3/16 p99rtt=295ms) custom(q=0 f=0/1 p99rtt=12ms) slots=21/25 jobs/s=608 drains=69857 evl=0ms
[2026-06-04 08:23:20.017] [info] [Worker 3] [libqueen] push(q=0 f=0/24 p99rtt=39ms) pop(q=1 f=3/16 p99rtt=293ms) custom(q=0 f=1/1 p99rtt=13ms) slots=21/25 jobs/s=548 drains=69226 evl=0ms
[2026-06-04 08:23:20.030] [info] [Worker 0] [libqueen] push(q=5 f=0/24 p99rtt=34ms) pop(q=1 f=4/16 p99rtt=287ms) custom(q=0 f=1/1 p99rtt=14ms) slots=20/25 jobs/s=538 drains=70055 evl=0ms
[2026-06-04 08:23:20.052] [info] [Worker 9] [libqueen] push(q=0 f=1/24 p99rtt=37ms) pop(q=0 f=5/16 p99rtt=281ms) custom(q=0 f=0/1 p99rtt=13ms) slots=19/25 jobs/s=604 drains=69419 evl=0ms
[2026-06-04 08:23:20.054] [info] [Worker 2] [libqueen] push(q=0 f=1/24 p99rtt=37ms) pop(q=0 f=4/16 p99rtt=266ms) custom(q=0 f=0/1 p99rtt=14ms) slots=20/25 jobs/s=597 drains=69740 evl=0ms
[2026-06-04 08:23:20.954] [info] [Worker 7] [libqueen] push(q=0 f=1/24 p99rtt=37ms) pop(q=0 f=5/16 p99rtt=298ms) custom(q=0 f=0/1 p99rtt=12ms) slots=19/25 jobs/s=598 drains=69557 evl=0ms
[2026-06-04 08:23:20.959] [info] [Worker 4] [libqueen] push(q=5 f=0/24 p99rtt=38ms) pop(q=0 f=5/16 p99rtt=262ms) custom(q=0 f=0/1 p99rtt=13ms) slots=20/25 jobs/s=642 drains=70676 evl=0ms
[2026-06-04 08:23:20.983] [info] [Worker 8] [libqueen] push(q=5 f=0/24 p99rtt=40ms) pop(q=0 f=4/16 p99rtt=266ms) custom(q=0 f=0/1 p99rtt=13ms) slots=21/25 jobs/s=615 drains=70016 evl=0ms
[2026-06-04 08:23:20.990] [info] [Worker 5] [libqueen] push(q=0 f=1/24 p99rtt=39ms) pop(q=0 f=5/16 p99rtt=277ms) custom(q=0 f=0/1 p99rtt=22ms) slots=19/25 jobs/s=591 drains=70264 evl=0ms
[2026-06-04 08:23:21.006] [info] [Worker 6] [libqueen] push(q=0 f=0/24 p99rtt=39ms) pop(q=0 f=6/16 p99rtt=276ms) custom(q=0 f=1/1 p99rtt=11ms) slots=18/25 jobs/s=622 drains=69553 evl=0ms
[2026-06-04 08:23:21.009] [info] [Worker 1] [libqueen] push(q=5 f=0/24 p99rtt=38ms) pop(q=1 f=3/16 p99rtt=289ms) custom(q=0 f=0/1 p99rtt=12ms) slots=22/25 jobs/s=625 drains=70510 evl=0ms
[2026-06-04 08:23:21.019] [info] [Worker 3] [libqueen] push(q=4 f=0/24 p99rtt=39ms) pop(q=0 f=4/16 p99rtt=299ms) custom(q=0 f=1/1 p99rtt=13ms) slots=20/25 jobs/s=570 drains=69809 evl=0ms
[2026-06-04 08:23:21.030] [info] [Worker 0] [libqueen] push(q=0 f=1/24 p99rtt=34ms) pop(q=0 f=5/16 p99rtt=281ms) custom(q=0 f=0/1 p99rtt=14ms) slots=19/25 jobs/s=584 drains=70644 evl=0ms
[2026-06-04 08:23:21.053] [info] [Worker 9] [libqueen] push(q=0 f=1/24 p99rtt=37ms) pop(q=12 f=2/16 p99rtt=281ms) custom(q=0 f=0/1 p99rtt=13ms) slots=22/25 jobs/s=585 drains=70044 evl=0ms
[2026-06-04 08:23:21.054] [info] [Worker 2] [libqueen] push(q=0 f=1/24 p99rtt=37ms) pop(q=1 f=4/16 p99rtt=277ms) custom(q=0 f=0/1 p99rtt=14ms) slots=20/25 jobs/s=572 drains=70373 evl=0ms
[2026-06-04 08:23:21.953] [info] [Worker 7] [libqueen] push(q=5 f=0/24 p99rtt=39ms) pop(q=0 f=3/16 p99rtt=305ms) custom(q=0 f=0/1 p99rtt=12ms) slots=22/25 jobs/s=616 drains=70201 evl=0ms
[2026-06-04 08:23:21.959] [info] [Worker 4] [libqueen] push(q=0 f=0/24 p99rtt=38ms) pop(q=0 f=4/16 p99rtt=272ms) custom(q=0 f=1/1 p99rtt=13ms) slots=20/25 jobs/s=644 drains=71294 evl=0ms
[2026-06-04 08:23:21.982] [info] [Worker 8] [libqueen] push(q=4 f=0/24 p99rtt=40ms) pop(q=5 f=4/16 p99rtt=268ms) custom(q=0 f=0/1 p99rtt=13ms) slots=21/25 jobs/s=564 drains=70595 evl=0ms
[2026-06-04 08:23:21.990] [info] [Worker 5] [libqueen] push(q=0 f=1/24 p99rtt=39ms) pop(q=0 f=4/16 p99rtt=262ms) custom(q=0 f=0/1 p99rtt=19ms) slots=20/25 jobs/s=625 drains=70902 evl=0ms
[2026-06-04 08:23:22.006] [info] [Worker 6] [libqueen] push(q=0 f=1/24 p99rtt=40ms) pop(q=0 f=3/16 p99rtt=276ms) custom(q=0 f=0/1 p99rtt=11ms) slots=21/25 jobs/s=595 drains=70112 evl=0ms
[2026-06-04 08:23:22.008] [info] [Worker 1] [libqueen] push(q=0 f=1/24 p99rtt=39ms) pop(q=2 f=3/16 p99rtt=289ms) custom(q=0 f=0/1 p99rtt=12ms) slots=21/25 jobs/s=637 drains=71081 evl=0ms
[2026-06-04 08:23:22.018] [info] [Worker 3] [libqueen] push(q=5 f=0/24 p99rtt=39ms) pop(q=0 f=5/16 p99rtt=293ms) custom(q=0 f=0/1 p99rtt=13ms) slots=20/25 jobs/s=566 drains=70374 evl=0ms
[2026-06-04 08:23:22.033] [info] [Worker 0] [libqueen] push(q=0 f=1/24 p99rtt=35ms) pop(q=0 f=3/16 p99rtt=281ms) custom(q=0 f=0/1 p99rtt=14ms) slots=21/25 jobs/s=585 drains=71225 evl=0ms
[2026-06-04 08:23:22.054] [info] [Worker 9] [libqueen] push(q=5 f=0/24 p99rtt=37ms) pop(q=0 f=5/16 p99rtt=281ms) custom(q=0 f=0/1 p99rtt=13ms) slots=20/25 jobs/s=641 drains=70707 evl=0ms
[2026-06-04 08:23:22.055] [info] [Worker 2] [libqueen] push(q=0 f=1/24 p99rtt=37ms) pop(q=0 f=3/16 p99rtt=283ms) custom(q=0 f=0/1 p99rtt=13ms) slots=21/25 jobs/s=619 drains=71004 evl=1ms
[2026-06-04 08:23:22.956] [info] [Worker 7] [libqueen] push(q=0 f=1/24 p99rtt=39ms) pop(q=0 f=4/16 p99rtt=305ms) custom(q=0 f=0/1 p99rtt=12ms) slots=20/25 jobs/s=584 drains=70775 evl=0ms
[2026-06-04 08:23:22.961] [info] [Worker 4] [libqueen] push(q=0 f=1/24 p99rtt=38ms) pop(q=0 f=5/16 p99rtt=272ms) custom(q=0 f=0/1 p99rtt=14ms) slots=19/25 jobs/s=615 drains=71893 evl=0ms
[2026-06-04 08:23:22.983] [info] [Worker 8] [libqueen] push(q=0 f=1/24 p99rtt=40ms) pop(q=0 f=4/16 p99rtt=268ms) custom(q=0 f=0/1 p99rtt=14ms) slots=20/25 jobs/s=597 drains=71216 evl=0ms
[2026-06-04 08:23:22.993] [info] [Worker 5] [libqueen] push(q=0 f=1/24 p99rtt=39ms) pop(q=3 f=2/16 p99rtt=265ms) custom(q=0 f=0/1 p99rtt=18ms) slots=22/25 jobs/s=596 drains=71460 evl=0ms
[2026-06-04 08:23:23.006] [info] [Worker 6] [libqueen] push(q=4 f=0/24 p99rtt=40ms) pop(q=0 f=4/16 p99rtt=279ms) custom(q=0 f=0/1 p99rtt=11ms) slots=21/25 jobs/s=591 drains=70761 evl=0ms
[2026-06-04 08:23:23.009] [info] [Worker 1] [libqueen] push(q=0 f=1/24 p99rtt=39ms) pop(q=0 f=4/16 p99rtt=295ms) custom(q=0 f=0/1 p99rtt=12ms) slots=20/25 jobs/s=552 drains=71668 evl=1ms
[2026-06-04 08:23:23.019] [info] [Worker 3] [libqueen] push(q=0 f=1/24 p99rtt=39ms) pop(q=0 f=3/16 p99rtt=293ms) custom(q=0 f=0/1 p99rtt=12ms) slots=21/25 jobs/s=563 drains=70957 evl=0ms
[2026-06-04 08:23:23.033] [info] [Worker 0] [libqueen] push(q=0 f=1/24 p99rtt=35ms) pop(q=0 f=5/16 p99rtt=281ms) custom(q=0 f=0/1 p99rtt=13ms) slots=19/25 jobs/s=608 drains=71853 evl=0ms
[2026-06-04 08:23:23.054] [info] [Worker 9] [libqueen] push(q=0 f=1/24 p99rtt=37ms) pop(q=0 f=4/16 p99rtt=272ms) custom(q=0 f=0/1 p99rtt=13ms) slots=20/25 jobs/s=549 drains=71256 evl=0ms
[2026-06-04 08:23:23.055] [info] [Worker 2] [libqueen] push(q=4 f=0/24 p99rtt=37ms) pop(q=5 f=4/16 p99rtt=280ms) custom(q=0 f=0/1 p99rtt=13ms) slots=21/25 jobs/s=617 drains=71668 evl=0ms
[2026-06-04 08:23:23.956] [info] [Worker 7] [libqueen] push(q=0 f=1/24 p99rtt=39ms) pop(q=0 f=5/16 p99rtt=280ms) custom(q=0 f=0/1 p99rtt=12ms) slots=19/25 jobs/s=531 drains=71333 evl=0ms
[2026-06-04 08:23:23.962] [info] [Worker 4] [libqueen] push(q=0 f=1/24 p99rtt=38ms) pop(q=0 f=3/16 p99rtt=276ms) custom(q=0 f=0/1 p99rtt=14ms) slots=21/25 jobs/s=504 drains=72393 evl=0ms
[2026-06-04 08:23:23.983] [info] [Worker 8] [libqueen] push(q=0 f=1/24 p99rtt=40ms) pop(q=0 f=5/16 p99rtt=266ms) custom(q=0 f=0/1 p99rtt=14ms) slots=19/25 jobs/s=544 drains=71742 evl=0ms
[2026-06-04 08:23:23.995] [info] [Worker 5] [libqueen] push(q=0 f=0/24 p99rtt=39ms) pop(q=0 f=4/16 p99rtt=282ms) custom(q=0 f=1/1 p99rtt=14ms) slots=20/25 jobs/s=498 drains=72008 evl=0ms
[2026-06-04 08:23:24.007] [info] [Worker 6] [libqueen] push(q=3 f=0/24 p99rtt=39ms) pop(q=0 f=6/16 p99rtt=272ms) custom(q=0 f=0/1 p99rtt=11ms) slots=19/25 jobs/s=578 drains=71346 evl=0ms
[2026-06-04 08:23:24.009] [info] [Worker 1] [libqueen] push(q=0 f=0/24 p99rtt=39ms) pop(q=9 f=4/16 p99rtt=294ms) custom(q=0 f=0/1 p99rtt=12ms) slots=21/25 jobs/s=608 drains=72282 evl=0ms
[2026-06-04 08:23:24.019] [info] [Worker 3] [libqueen] push(q=5 f=0/24 p99rtt=39ms) pop(q=0 f=5/16 p99rtt=293ms) custom(q=0 f=1/1 p99rtt=13ms) slots=19/25 jobs/s=523 drains=71452 evl=0ms
[2026-06-04 08:23:24.033] [info] [Worker 0] [libqueen] push(q=0 f=1/24 p99rtt=35ms) pop(q=0 f=4/16 p99rtt=287ms) custom(q=0 f=0/1 p99rtt=13ms) slots=20/25 jobs/s=560 drains=72433 evl=0ms
[2026-06-04 08:23:24.054] [info] [Worker 2] [libqueen] push(q=0 f=1/24 p99rtt=37ms) pop(q=0 f=5/16 p99rtt=280ms) custom(q=0 f=0/1 p99rtt=13ms) slots=19/25 jobs/s=539 drains=72250 evl=0ms
[2026-06-04 08:23:24.055] [info] [Worker 9] [libqueen] push(q=4 f=0/24 p99rtt=38ms) pop(q=0 f=4/16 p99rtt=295ms) custom(q=0 f=1/1 p99rtt=14ms) slots=20/25 jobs/s=513 drains=71831 evl=0ms
[2026-06-04 08:23:24.316] [info] StatsService: Running full reconciliation (stats leader, hostname=112aa6a7f2d1)
[2026-06-04 08:23:24.956] [info] [Worker 7] [libqueen] push(q=0 f=1/24 p99rtt=40ms) pop(q=0 f=5/16 p99rtt=292ms) custom(q=0 f=0/1 p99rtt=12ms) slots=19/25 jobs/s=498 drains=71852 evl=0ms
[2026-06-04 08:23:24.962] [info] [Worker 4] [libqueen] push(q=0 f=1/24 p99rtt=38ms) pop(q=0 f=4/16 p99rtt=272ms) custom(q=0 f=0/1 p99rtt=15ms) slots=20/25 jobs/s=573 drains=72939 evl=0ms
[2026-06-04 08:23:24.982] [info] [Worker 8] [libqueen] push(q=0 f=1/24 p99rtt=40ms) pop(q=0 f=3/16 p99rtt=277ms) custom(q=0 f=1/1 p99rtt=13ms) slots=20/25 jobs/s=500 drains=72273 evl=0ms
[2026-06-04 08:23:24.997] [info] [Worker 5] [libqueen] push(q=0 f=0/24 p99rtt=41ms) pop(q=0 f=3/16 p99rtt=289ms) custom(q=0 f=1/1 p99rtt=12ms) slots=21/25 jobs/s=509 drains=72509 evl=0ms
[2026-06-04 08:23:25.006] [info] [Worker 6] [libqueen] push(q=2 f=0/24 p99rtt=40ms) pop(q=0 f=4/16 p99rtt=277ms) custom(q=0 f=1/1 p99rtt=11ms) slots=20/25 jobs/s=598 drains=71881 evl=0ms
[2026-06-04 08:23:25.009] [info] [Worker 1] [libqueen] push(q=0 f=1/24 p99rtt=40ms) pop(q=9 f=3/16 p99rtt=294ms) custom(q=0 f=0/1 p99rtt=12ms) slots=21/25 jobs/s=516 drains=72780 evl=0ms
[2026-06-04 08:23:25.019] [info] [Worker 3] [libqueen] push(q=0 f=1/24 p99rtt=42ms) pop(q=0 f=5/16 p99rtt=304ms) custom(q=0 f=0/1 p99rtt=13ms) slots=19/25 jobs/s=533 drains=72017 evl=0ms
[2026-06-04 08:23:25.033] [info] [Worker 0] [libqueen] push(q=0 f=0/24 p99rtt=39ms) pop(q=0 f=4/16 p99rtt=290ms) custom(q=0 f=0/1 p99rtt=13ms) slots=21/25 jobs/s=558 drains=72949 evl=0ms
[2026-06-04 08:23:25.055] [info] [Worker 2] [libqueen] push(q=5 f=0/24 p99rtt=38ms) pop(q=2 f=3/16 p99rtt=280ms) custom(q=0 f=0/1 p99rtt=14ms) slots=22/25 jobs/s=484 drains=72756 evl=0ms
[2026-06-04 08:23:25.056] [info] [Worker 9] [libqueen] push(q=5 f=0/24 p99rtt=38ms) pop(q=0 f=4/16 p99rtt=304ms) custom(q=0 f=0/1 p99rtt=14ms) slots=21/25 jobs/s=483 drains=72336 evl=0ms
[2026-06-04 08:23:25.956] [info] [Worker 7] [libqueen] push(q=0 f=1/24 p99rtt=41ms) pop(q=0 f=3/16 p99rtt=272ms) custom(q=0 f=0/1 p99rtt=12ms) slots=21/25 jobs/s=639 drains=72439 evl=0ms
[2026-06-04 08:23:25.962] [info] [Worker 4] [libqueen] push(q=0 f=0/24 p99rtt=39ms) pop(q=0 f=4/16 p99rtt=280ms) custom(q=0 f=1/1 p99rtt=14ms) slots=20/25 jobs/s=563 drains=73507 evl=0ms
[2026-06-04 08:23:25.983] [info] [Worker 8] [libqueen] push(q=0 f=0/24 p99rtt=40ms) pop(q=0 f=3/16 p99rtt=279ms) custom(q=0 f=1/1 p99rtt=14ms) slots=21/25 jobs/s=633 drains=72877 evl=0ms
[2026-06-04 08:23:25.997] [info] [Worker 5] [libqueen] push(q=5 f=0/24 p99rtt=40ms) pop(q=5 f=3/16 p99rtt=294ms) custom(q=0 f=0/1 p99rtt=14ms) slots=22/25 jobs/s=579 drains=73140 evl=0ms
[2026-06-04 08:23:26.008] [info] [Worker 6] [libqueen] push(q=5 f=0/24 p99rtt=40ms) pop(q=0 f=3/16 p99rtt=279ms) custom(q=0 f=0/1 p99rtt=11ms) slots=22/25 jobs/s=593 drains=72471 evl=0ms
[2026-06-04 08:23:26.008] [info] [Worker 1] [libqueen] push(q=0 f=1/24 p99rtt=40ms) pop(q=0 f=4/16 p99rtt=294ms) custom(q=0 f=0/1 p99rtt=14ms) slots=20/25 jobs/s=650 drains=73411 evl=0ms
[2026-06-04 08:23:26.019] [info] [Worker 3] [libqueen] push(q=5 f=0/24 p99rtt=41ms) pop(q=0 f=3/16 p99rtt=299ms) custom(q=0 f=0/1 p99rtt=13ms) slots=22/25 jobs/s=651 drains=72653 evl=0ms
[2026-06-04 08:23:26.033] [info] [Worker 0] [libqueen] push(q=0 f=1/24 p99rtt=39ms) pop(q=0 f=5/16 p99rtt=290ms) custom(q=0 f=0/1 p99rtt=13ms) slots=19/25 jobs/s=622 drains=73548 evl=0ms
[2026-06-04 08:23:26.056] [info] [Worker 2] [libqueen] push(q=0 f=1/24 p99rtt=38ms) pop(q=0 f=3/16 p99rtt=283ms) custom(q=0 f=0/1 p99rtt=14ms) slots=21/25 jobs/s=567 drains=73330 evl=0ms
[2026-06-04 08:23:26.057] [info] [Worker 9] [libqueen] push(q=5 f=0/24 p99rtt=38ms) pop(q=0 f=3/16 p99rtt=303ms) custom(q=0 f=0/1 p99rtt=14ms) slots=22/25 jobs/s=662 drains=72956 evl=0ms
[2026-06-04 08:23:26.233] [info] StatsService: Full reconciliation complete: {"task": {"tasksUpdated": 0}, "queue": {"queuesUpdated": 1}, "system": {"systemUpdated": 1}, "cleanup": {"orphanedDeleted": 0}, "namespace": {"namespacesUpdated": 0}, "partition": {"newPartitions": 10011, "partitionsUpdated": 0, "dirtyPartitionsScanned": 0, "partitionsSkippedByWatermark": 0}}
[2026-06-04 08:23:26.233] [info] StatsService: cycle completed in 1919ms
[2026-06-04 08:23:26.956] [info] [Worker 7] [libqueen] push(q=0 f=1/24 p99rtt=41ms) pop(q=0 f=3/16 p99rtt=280ms) custom(q=0 f=0/1 p99rtt=11ms) slots=21/25 jobs/s=701 drains=73121 evl=0ms
[2026-06-04 08:23:26.963] [info] [Worker 4] [libqueen] push(q=0 f=0/24 p99rtt=39ms) pop(q=0 f=3/16 p99rtt=286ms) custom(q=0 f=1/1 p99rtt=14ms) slots=21/25 jobs/s=799 drains=74251 evl=0ms
[2026-06-04 08:23:26.982] [info] [Worker 8] [libqueen] push(q=2 f=0/24 p99rtt=40ms) pop(q=8 f=2/16 p99rtt=279ms) custom(q=0 f=0/1 p99rtt=14ms) slots=23/25 jobs/s=791 drains=73551 evl=0ms
[2026-06-04 08:23:26.998] [info] [Worker 5] [libqueen] push(q=0 f=1/24 p99rtt=40ms) pop(q=0 f=4/16 p99rtt=282ms) custom(q=0 f=0/1 p99rtt=14ms) slots=20/25 jobs/s=836 drains=73921 evl=0ms
[2026-06-04 08:23:27.006] [info] [Worker 6] [libqueen] push(q=0 f=1/24 p99rtt=40ms) pop(q=5 f=3/16 p99rtt=272ms) custom(q=0 f=0/1 p99rtt=11ms) slots=21/25 jobs/s=838 drains=73146 evl=0ms
[2026-06-04 08:23:27.009] [info] [Worker 1] [libqueen] push(q=0 f=0/24 p99rtt=40ms) pop(q=1 f=1/16 p99rtt=305ms) custom(q=0 f=1/1 p99rtt=14ms) slots=23/25 jobs/s=725 drains=74063 evl=0ms
[2026-06-04 08:23:27.019] [info] [Worker 3] [libqueen] push(q=0 f=1/24 p99rtt=41ms) pop(q=8 f=2/16 p99rtt=284ms) custom(q=0 f=0/1 p99rtt=13ms) slots=22/25 jobs/s=778 drains=73345 evl=0ms
[2026-06-04 08:23:27.032] [info] [Worker 0] [libqueen] push(q=0 f=1/24 p99rtt=39ms) pop(q=0 f=3/16 p99rtt=277ms) custom(q=0 f=0/1 p99rtt=13ms) slots=21/25 jobs/s=895 drains=74321 evl=0ms
[2026-06-04 08:23:27.057] [info] [Worker 2] [libqueen] push(q=5 f=0/24 p99rtt=38ms) pop(q=0 f=2/16 p99rtt=280ms) custom(q=0 f=1/1 p99rtt=14ms) slots=22/25 jobs/s=823 drains=74058 evl=0ms
[2026-06-04 08:23:27.057] [info] [Worker 9] [libqueen] push(q=0 f=1/24 p99rtt=38ms) pop(q=19 f=2/16 p99rtt=287ms) custom(q=0 f=0/1 p99rtt=14ms) slots=22/25 jobs/s=821 drains=73644 evl=0ms
[2026-06-04 08:23:27.957] [info] [Worker 7] [libqueen] push(q=0 f=1/24 p99rtt=41ms) pop(q=0 f=3/16 p99rtt=280ms) custom(q=0 f=0/1 p99rtt=11ms) slots=21/25 jobs/s=898 drains=73867 evl=0ms
[2026-06-04 08:23:27.964] [info] [Worker 4] [libqueen] push(q=5 f=0/24 p99rtt=39ms) pop(q=0 f=3/16 p99rtt=286ms) custom(q=0 f=1/1 p99rtt=14ms) slots=21/25 jobs/s=845 drains=75064 evl=0ms
[2026-06-04 08:23:27.983] [info] [Worker 8] [libqueen] push(q=5 f=0/24 p99rtt=40ms) pop(q=0 f=3/16 p99rtt=275ms) custom(q=0 f=0/1 p99rtt=14ms) slots=22/25 jobs/s=745 drains=74240 evl=0ms
[2026-06-04 08:23:27.998] [info] [Worker 5] [libqueen] push(q=0 f=1/24 p99rtt=40ms) pop(q=0 f=3/16 p99rtt=281ms) custom(q=0 f=0/1 p99rtt=16ms) slots=21/25 jobs/s=870 drains=74748 evl=0ms
[2026-06-04 08:23:28.008] [info] [Worker 6] [libqueen] push(q=0 f=1/24 p99rtt=40ms) pop(q=8 f=2/16 p99rtt=272ms) custom(q=0 f=0/1 p99rtt=11ms) slots=22/25 jobs/s=892 drains=73970 evl=0ms
[2026-06-04 08:23:28.008] [info] [Worker 1] [libqueen] push(q=0 f=1/24 p99rtt=40ms) pop(q=6 f=3/16 p99rtt=305ms) custom(q=0 f=0/1 p99rtt=14ms) slots=21/25 jobs/s=841 drains=74820 evl=0ms
[2026-06-04 08:23:28.019] [info] [Worker 3] [libqueen] push(q=5 f=0/24 p99rtt=42ms) pop(q=1 f=3/16 p99rtt=283ms) custom(q=0 f=0/1 p99rtt=13ms) slots=22/25 jobs/s=785 drains=74062 evl=0ms
[2026-06-04 08:23:28.033] [info] [Worker 0] [libqueen] push(q=0 f=1/24 p99rtt=39ms) pop(q=3 f=1/16 p99rtt=277ms) custom(q=0 f=0/1 p99rtt=12ms) slots=23/25 jobs/s=797 drains=75045 evl=0ms
[2026-06-04 08:23:28.057] [info] [Worker 2] [libqueen] push(q=0 f=0/24 p99rtt=39ms) pop(q=0 f=3/16 p99rtt=280ms) custom(q=0 f=1/1 p99rtt=13ms) slots=21/25 jobs/s=798 drains=74783 evl=0ms
[2026-06-04 08:23:28.057] [info] [Worker 9] [libqueen] push(q=5 f=0/24 p99rtt=38ms) pop(q=0 f=4/16 p99rtt=287ms) custom(q=0 f=0/1 p99rtt=14ms) slots=21/25 jobs/s=883 drains=74438 evl=0ms
[2026-06-04 08:23:28.957] [info] [Worker 7] [libqueen] push(q=0 f=1/24 p99rtt=40ms) pop(q=0 f=5/16 p99rtt=280ms) custom(q=0 f=0/1 p99rtt=11ms) slots=19/25 jobs/s=668 drains=74525 evl=0ms
[2026-06-04 08:23:28.962] [info] [Worker 4] [libqueen] push(q=0 f=1/24 p99rtt=38ms) pop(q=0 f=6/16 p99rtt=286ms) custom(q=0 f=0/1 p99rtt=14ms) slots=18/25 jobs/s=703 drains=75726 evl=0ms
[2026-06-04 08:23:28.983] [info] [Worker 8] [libqueen] push(q=0 f=1/24 p99rtt=39ms) pop(q=0 f=6/16 p99rtt=275ms) custom(q=0 f=0/1 p99rtt=14ms) slots=18/25 jobs/s=720 drains=74836 evl=0ms
[2026-06-04 08:23:28.998] [info] [Worker 5] [libqueen] push(q=0 f=1/24 p99rtt=39ms) pop(q=0 f=5/16 p99rtt=281ms) custom(q=0 f=0/1 p99rtt=14ms) slots=19/25 jobs/s=596 drains=75281 evl=0ms
[2026-06-04 08:23:29.008] [info] [Worker 6] [libqueen] push(q=0 f=1/24 p99rtt=38ms) pop(q=0 f=4/16 p99rtt=272ms) custom(q=0 f=1/1 p99rtt=11ms) slots=19/25 jobs/s=675 drains=74582 evl=0ms
[2026-06-04 08:23:29.009] [info] [Worker 1] [libqueen] push(q=0 f=1/24 p99rtt=39ms) pop(q=0 f=4/16 p99rtt=305ms) custom(q=0 f=0/1 p99rtt=13ms) slots=20/25 jobs/s=608 drains=75374 evl=0ms
[2026-06-04 08:23:29.018] [info] [Worker 3] [libqueen] push(q=0 f=1/24 p99rtt=41ms) pop(q=1 f=4/16 p99rtt=283ms) custom(q=0 f=1/1 p99rtt=12ms) slots=19/25 jobs/s=703 drains=74723 evl=0ms
[2026-06-04 08:23:29.033] [info] [Worker 0] [libqueen] push(q=0 f=1/24 p99rtt=39ms) pop(q=0 f=5/16 p99rtt=277ms) custom(q=0 f=1/1 p99rtt=12ms) slots=18/25 jobs/s=670 drains=75645 evl=0ms
[2026-06-04 08:23:29.057] [info] [Worker 2] [libqueen] push(q=0 f=1/24 p99rtt=38ms) pop(q=0 f=4/16 p99rtt=280ms) custom(q=0 f=1/1 p99rtt=13ms) slots=19/25 jobs/s=640 drains=75434 evl=0ms
[2026-06-04 08:23:29.057] [info] [Worker 9] [libqueen] push(q=0 f=1/24 p99rtt=38ms) pop(q=0 f=4/16 p99rtt=287ms) custom(q=0 f=1/1 p99rtt=14ms) slots=19/25 jobs/s=642 drains=75020 evl=0ms
[2026-06-04 08:23:29.358] [info] PartitionLookupReconcileService: fixed 2 partition_lookup rows (stats leader, hostname=112aa6a7f2d1)
[2026-06-04 08:23:29.957] [info] [Worker 7] [libqueen] push(q=0 f=1/24 p99rtt=41ms) pop(q=0 f=3/16 p99rtt=280ms) custom(q=0 f=0/1 p99rtt=12ms) slots=21/25 jobs/s=601 drains=75025 evl=0ms
[2026-06-04 08:23:29.962] [info] [Worker 4] [libqueen] push(q=0 f=1/24 p99rtt=38ms) pop(q=0 f=3/16 p99rtt=286ms) custom(q=0 f=0/1 p99rtt=14ms) slots=21/25 jobs/s=730 drains=76435 evl=0ms
[2026-06-04 08:23:29.983] [info] [Worker 8] [libqueen] push(q=0 f=1/24 p99rtt=40ms) pop(q=0 f=3/16 p99rtt=275ms) custom(q=0 f=0/1 p99rtt=19ms) slots=21/25 jobs/s=712 drains=75458 evl=0ms
[2026-06-04 08:23:29.998] [info] [Worker 5] [libqueen] push(q=5 f=0/24 p99rtt=40ms) pop(q=0 f=3/16 p99rtt=284ms) custom(q=0 f=0/1 p99rtt=14ms) slots=22/25 jobs/s=777 drains=76001 evl=0ms
[2026-06-04 08:23:30.007] [info] [Worker 6] [libqueen] push(q=3 f=0/24 p99rtt=39ms) pop(q=0 f=3/16 p99rtt=272ms) custom(q=0 f=1/1 p99rtt=11ms) slots=21/25 jobs/s=723 drains=75222 evl=0ms
[2026-06-04 08:23:30.011] [info] [Worker 1] [libqueen] push(q=0 f=1/24 p99rtt=40ms) pop(q=0 f=2/16 p99rtt=305ms) custom(q=0 f=0/1 p99rtt=14ms) slots=22/25 jobs/s=756 drains=76017 evl=0ms
[2026-06-04 08:23:30.019] [info] [Worker 3] [libqueen] push(q=5 f=0/24 p99rtt=42ms) pop(q=2 f=3/16 p99rtt=283ms) custom(q=0 f=0/1 p99rtt=13ms) slots=22/25 jobs/s=743 drains=75371 evl=0ms
[2026-06-04 08:23:30.033] [info] [Worker 0] [libqueen] push(q=0 f=1/24 p99rtt=39ms) pop(q=1 f=3/16 p99rtt=277ms) custom(q=0 f=0/1 p99rtt=12ms) slots=21/25 jobs/s=726 drains=76291 evl=0ms
[2026-06-04 08:23:30.056] [info] [Worker 2] [libqueen] push(q=5 f=0/24 p99rtt=38ms) pop(q=14 f=3/16 p99rtt=280ms) custom(q=0 f=0/1 p99rtt=13ms) slots=22/25 jobs/s=751 drains=76184 evl=0ms
[2026-06-04 08:23:30.057] [info] [Worker 9] [libqueen] push(q=0 f=1/24 p99rtt=38ms) pop(q=13 f=3/16 p99rtt=287ms) custom(q=0 f=0/1 p99rtt=19ms) slots=21/25 jobs/s=816 drains=75791 evl=0ms
[2026-06-04 08:23:30.957] [info] [Worker 7] [libqueen] push(q=0 f=0/24 p99rtt=41ms) pop(q=0 f=3/16 p99rtt=290ms) custom(q=0 f=1/1 p99rtt=11ms) slots=21/25 jobs/s=714 drains=75669 evl=0ms
[2026-06-04 08:23:30.964] [info] [Worker 4] [libqueen] push(q=0 f=1/24 p99rtt=39ms) pop(q=0 f=3/16 p99rtt=286ms) custom(q=0 f=0/1 p99rtt=14ms) slots=21/25 jobs/s=675 drains=77046 evl=0ms
[2026-06-04 08:23:30.982] [info] [Worker 8] [libqueen] push(q=0 f=1/24 p99rtt=40ms) pop(q=0 f=3/16 p99rtt=275ms) custom(q=0 f=0/1 p99rtt=17ms) slots=21/25 jobs/s=709 drains=76122 evl=0ms
[2026-06-04 08:23:30.998] [info] [Worker 5] [libqueen] push(q=0 f=1/24 p99rtt=40ms) pop(q=0 f=4/16 p99rtt=284ms) custom(q=0 f=0/1 p99rtt=14ms) slots=20/25 jobs/s=712 drains=76651 evl=0ms
[2026-06-04 08:23:31.008] [info] [Worker 6] [libqueen] push(q=0 f=1/24 p99rtt=38ms) pop(q=17 f=3/16 p99rtt=272ms) custom(q=0 f=0/1 p99rtt=11ms) slots=21/25 jobs/s=732 drains=75881 evl=0ms
[2026-06-04 08:23:31.010] [info] [Worker 1] [libqueen] push(q=0 f=1/24 p99rtt=40ms) pop(q=0 f=4/16 p99rtt=305ms) custom(q=0 f=0/1 p99rtt=14ms) slots=20/25 jobs/s=740 drains=76725 evl=0ms
[2026-06-04 08:23:31.020] [info] [Worker 3] [libqueen] push(q=0 f=1/24 p99rtt=42ms) pop(q=0 f=3/16 p99rtt=283ms) custom(q=0 f=0/1 p99rtt=13ms) slots=21/25 jobs/s=693 drains=76074 evl=0ms
[2026-06-04 08:23:31.033] [info] [Worker 0] [libqueen] push(q=0 f=1/24 p99rtt=39ms) pop(q=2 f=3/16 p99rtt=277ms) custom(q=0 f=0/1 p99rtt=12ms) slots=21/25 jobs/s=723 drains=76970 evl=0ms
[2026-06-04 08:23:31.057] [info] [Worker 2] [libqueen] push(q=0 f=1/24 p99rtt=38ms) pop(q=0 f=4/16 p99rtt=280ms) custom(q=0 f=0/1 p99rtt=13ms) slots=20/25 jobs/s=663 drains=76840 evl=0ms
[2026-06-04 08:23:31.058] [info] [Worker 9] [libqueen] push(q=0 f=1/24 p99rtt=37ms) pop(q=0 f=4/16 p99rtt=287ms) custom(q=0 f=0/1 p99rtt=19ms) slots=20/25 jobs/s=728 drains=76488 evl=0ms
[2026-06-04 08:23:31.956] [info] [Worker 7] [libqueen] push(q=5 f=0/24 p99rtt=41ms) pop(q=0 f=3/16 p99rtt=290ms) custom(q=0 f=0/1 p99rtt=11ms) slots=22/25 jobs/s=708 drains=76354 evl=0ms
[2026-06-04 08:23:31.964] [info] [Worker 4] [libqueen] push(q=5 f=0/24 p99rtt=38ms) pop(q=12 f=2/16 p99rtt=287ms) custom(q=0 f=0/1 p99rtt=13ms) slots=23/25 jobs/s=754 drains=77748 evl=0ms
[2026-06-04 08:23:31.983] [info] [Worker 8] [libqueen] push(q=5 f=0/24 p99rtt=40ms) pop(q=12 f=3/16 p99rtt=275ms) custom(q=0 f=0/1 p99rtt=14ms) slots=22/25 jobs/s=765 drains=76873 evl=0ms
[2026-06-04 08:23:31.997] [info] [Worker 5] [libqueen] push(q=0 f=0/24 p99rtt=39ms) pop(q=0 f=3/16 p99rtt=284ms) custom(q=0 f=1/1 p99rtt=12ms) slots=21/25 jobs/s=758 drains=77384 evl=0ms
[2026-06-04 08:23:32.008] [info] [Worker 6] [libqueen] push(q=5 f=0/24 p99rtt=38ms) pop(q=1 f=2/16 p99rtt=272ms) custom(q=0 f=0/1 p99rtt=11ms) slots=23/25 jobs/s=712 drains=76552 evl=0ms
[2026-06-04 08:23:32.011] [info] [Worker 1] [libqueen] push(q=5 f=0/24 p99rtt=39ms) pop(q=1 f=3/16 p99rtt=305ms) custom(q=0 f=1/1 p99rtt=13ms) slots=21/25 jobs/s=728 drains=77427 evl=0ms
[2026-06-04 08:23:32.020] [info] [Worker 3] [libqueen] push(q=0 f=1/24 p99rtt=42ms) pop(q=0 f=3/16 p99rtt=283ms) custom(q=0 f=0/1 p99rtt=13ms) slots=21/25 jobs/s=754 drains=76809 evl=2ms
[2026-06-04 08:23:32.033] [info] [Worker 0] [libqueen] push(q=0 f=1/24 p99rtt=35ms) pop(q=0 f=3/16 p99rtt=277ms) custom(q=0 f=0/1 p99rtt=12ms) slots=21/25 jobs/s=744 drains=77663 evl=0ms
[2026-06-04 08:23:32.057] [info] [Worker 2] [libqueen] push(q=5 f=0/24 p99rtt=38ms) pop(q=0 f=3/16 p99rtt=280ms) custom(q=0 f=0/1 p99rtt=13ms) slots=22/25 jobs/s=797 drains=77619 evl=0ms
[2026-06-04 08:23:32.058] [info] [Worker 9] [libqueen] push(q=0 f=1/24 p99rtt=37ms) pop(q=1 f=3/16 p99rtt=287ms) custom(q=0 f=0/1 p99rtt=19ms) slots=21/25 jobs/s=688 drains=77146 evl=0ms
[2026-06-04 08:23:32.957] [info] [Worker 7] [libqueen] push(q=5 f=0/24 p99rtt=41ms) pop(q=0 f=4/16 p99rtt=290ms) custom(q=0 f=0/1 p99rtt=11ms) slots=21/25 jobs/s=678 drains=77020 evl=0ms
[2026-06-04 08:23:32.964] [info] [Worker 4] [libqueen] push(q=5 f=0/24 p99rtt=39ms) pop(q=0 f=3/16 p99rtt=287ms) custom(q=0 f=0/1 p99rtt=14ms) slots=22/25 jobs/s=740 drains=78475 evl=0ms
[2026-06-04 08:23:32.985] [info] [Worker 8] [libqueen] push(q=0 f=1/24 p99rtt=40ms) pop(q=0 f=3/16 p99rtt=275ms) custom(q=0 f=0/1 p99rtt=14ms) slots=21/25 jobs/s=774 drains=77608 evl=0ms
[2026-06-04 08:23:32.998] [info] [Worker 5] [libqueen] push(q=5 f=0/24 p99rtt=39ms) pop(q=0 f=4/16 p99rtt=284ms) custom(q=0 f=1/1 p99rtt=12ms) slots=20/25 jobs/s=757 drains=78045 evl=0ms
[2026-06-04 08:23:33.008] [info] [Worker 6] [libqueen] push(q=0 f=1/24 p99rtt=39ms) pop(q=0 f=4/16 p99rtt=277ms) custom(q=0 f=0/1 p99rtt=11ms) slots=20/25 jobs/s=759 drains=77205 evl=0ms
[2026-06-04 08:23:33.011] [info] [Worker 1] [libqueen] push(q=5 f=0/24 p99rtt=39ms) pop(q=4 f=3/16 p99rtt=305ms) custom(q=0 f=0/1 p99rtt=13ms) slots=22/25 jobs/s=732 drains=78090 evl=0ms
[2026-06-04 08:23:33.020] [info] [Worker 3] [libqueen] push(q=0 f=1/24 p99rtt=42ms) pop(q=0 f=3/16 p99rtt=283ms) custom(q=0 f=0/1 p99rtt=13ms) slots=21/25 jobs/s=735 drains=77490 evl=0ms
[2026-06-04 08:23:33.032] [info] [Worker 0] [libqueen] push(q=0 f=1/24 p99rtt=39ms) pop(q=0 f=3/16 p99rtt=277ms) custom(q=0 f=0/1 p99rtt=12ms) slots=21/25 jobs/s=739 drains=78315 evl=0ms
[2026-06-04 08:23:33.056] [info] [Worker 2] [libqueen] push(q=0 f=1/24 p99rtt=39ms) pop(q=0 f=3/16 p99rtt=280ms) custom(q=0 f=0/1 p99rtt=13ms) slots=21/25 jobs/s=762 drains=78344 evl=0ms
[2026-06-04 08:23:33.058] [info] [Worker 9] [libqueen] push(q=0 f=1/24 p99rtt=37ms) pop(q=12 f=3/16 p99rtt=287ms) custom(q=0 f=0/1 p99rtt=19ms) slots=21/25 jobs/s=816 drains=77882 evl=0ms
[2026-06-04 08:23:33.957] [info] [Worker 7] [libqueen] push(q=0 f=1/24 p99rtt=41ms) pop(q=1 f=3/16 p99rtt=290ms) custom(q=0 f=0/1 p99rtt=11ms) slots=21/25 jobs/s=762 drains=77701 evl=0ms
[2026-06-04 08:23:33.965] [info] [Worker 4] [libqueen] push(q=0 f=0/24 p99rtt=39ms) pop(q=0 f=3/16 p99rtt=287ms) custom(q=0 f=1/1 p99rtt=13ms) slots=21/25 jobs/s=728 drains=79153 evl=0ms
[2026-06-04 08:23:33.985] [info] [Worker 8] [libqueen] push(q=0 f=1/24 p99rtt=40ms) pop(q=0 f=3/16 p99rtt=275ms) custom(q=0 f=0/1 p99rtt=14ms) slots=21/25 jobs/s=733 drains=78376 evl=0ms
[2026-06-04 08:23:33.998] [info] [Worker 5] [libqueen] push(q=0 f=1/24 p99rtt=39ms) pop(q=0 f=4/16 p99rtt=284ms) custom(q=0 f=0/1 p99rtt=12ms) slots=20/25 jobs/s=733 drains=78731 evl=0ms
[2026-06-04 08:23:34.008] [info] [Worker 6] [libqueen] push(q=5 f=0/24 p99rtt=40ms) pop(q=0 f=4/16 p99rtt=277ms) custom(q=0 f=0/1 p99rtt=11ms) slots=21/25 jobs/s=717 drains=77874 evl=0ms
[2026-06-04 08:23:34.010] [info] [Worker 1] [libqueen] push(q=5 f=0/24 p99rtt=39ms) pop(q=7 f=3/16 p99rtt=305ms) custom(q=0 f=0/1 p99rtt=12ms) slots=22/25 jobs/s=679 drains=78754 evl=0ms
[2026-06-04 08:23:34.024] [info] [Worker 3] [libqueen] push(q=0 f=0/24 p99rtt=42ms) pop(q=0 f=2/16 p99rtt=283ms) custom(q=0 f=1/1 p99rtt=13ms) slots=22/25 jobs/s=764 drains=78180 evl=0ms
[2026-06-04 08:23:34.033] [info] [Worker 0] [libqueen] push(q=5 f=0/24 p99rtt=38ms) pop(q=13 f=3/16 p99rtt=277ms) custom(q=0 f=0/1 p99rtt=12ms) slots=22/25 jobs/s=772 drains=79032 evl=0ms
[2026-06-04 08:23:34.058] [info] [Worker 2] [libqueen] push(q=0 f=1/24 p99rtt=39ms) pop(q=9 f=2/16 p99rtt=280ms) custom(q=0 f=0/1 p99rtt=13ms) slots=22/25 jobs/s=754 drains=79021 evl=0ms
[2026-06-04 08:23:34.059] [info] [Worker 9] [libqueen] push(q=0 f=0/24 p99rtt=37ms) pop(q=0 f=3/16 p99rtt=287ms) custom(q=0 f=1/1 p99rtt=19ms) slots=21/25 jobs/s=743 drains=78612 evl=0ms
[2026-06-04 08:23:34.356] [info] PartitionLookupReconcileService: fixed 13 partition_lookup rows (stats leader, hostname=112aa6a7f2d1)
[2026-06-04 08:23:34.956] [info] [Worker 7] [libqueen] push(q=0 f=1/24 p99rtt=40ms) pop(q=0 f=3/16 p99rtt=290ms) custom(q=0 f=0/1 p99rtt=11ms) slots=21/25 jobs/s=697 drains=78348 evl=0ms
[2026-06-04 08:23:34.964] [info] [Worker 4] [libqueen] push(q=0 f=1/24 p99rtt=38ms) pop(q=7 f=4/16 p99rtt=287ms) custom(q=0 f=0/1 p99rtt=13ms) slots=20/25 jobs/s=758 drains=79833 evl=0ms
[2026-06-04 08:23:34.985] [info] [Worker 8] [libqueen] push(q=5 f=0/24 p99rtt=40ms) pop(q=0 f=3/16 p99rtt=277ms) custom(q=0 f=0/1 p99rtt=14ms) slots=22/25 jobs/s=682 drains=79008 evl=0ms
[2026-06-04 08:23:34.998] [info] [Worker 5] [libqueen] push(q=0 f=1/24 p99rtt=39ms) pop(q=0 f=3/16 p99rtt=284ms) custom(q=0 f=0/1 p99rtt=12ms) slots=21/25 jobs/s=698 drains=79408 evl=0ms
[2026-06-04 08:23:35.008] [info] [Worker 6] [libqueen] push(q=0 f=1/24 p99rtt=40ms) pop(q=0 f=4/16 p99rtt=277ms) custom(q=0 f=0/1 p99rtt=11ms) slots=20/25 jobs/s=700 drains=78550 evl=0ms
[2026-06-04 08:23:35.011] [info] [Worker 1] [libqueen] push(q=0 f=1/24 p99rtt=39ms) pop(q=0 f=4/16 p99rtt=305ms) custom(q=0 f=0/1 p99rtt=12ms) slots=20/25 jobs/s=672 drains=79366 evl=0ms
[2026-06-04 08:23:35.024] [info] [Worker 3] [libqueen] push(q=5 f=0/24 p99rtt=41ms) pop(q=0 f=3/16 p99rtt=283ms) custom(q=0 f=0/1 p99rtt=13ms) slots=22/25 jobs/s=714 drains=78827 evl=0ms
[2026-06-04 08:23:35.033] [info] [Worker 0] [libqueen] push(q=0 f=1/24 p99rtt=38ms) pop(q=0 f=4/16 p99rtt=277ms) custom(q=0 f=0/1 p99rtt=10ms) slots=20/25 jobs/s=715 drains=79664 evl=0ms
[2026-06-04 08:23:35.058] [info] [Worker 9] [libqueen] push(q=0 f=0/24 p99rtt=36ms) pop(q=3 f=3/16 p99rtt=295ms) custom(q=0 f=1/1 p99rtt=19ms) slots=21/25 jobs/s=682 drains=79263 evl=0ms
[2026-06-04 08:23:35.059] [info] [Worker 2] [libqueen] push(q=0 f=0/24 p99rtt=38ms) pop(q=0 f=2/16 p99rtt=280ms) custom(q=0 f=1/1 p99rtt=14ms) slots=22/25 jobs/s=699 drains=79695 evl=0ms
[2026-06-04 08:23:35.957] [info] [Worker 7] [libqueen] push(q=0 f=1/24 p99rtt=40ms) pop(q=0 f=4/16 p99rtt=290ms) custom(q=0 f=0/1 p99rtt=11ms) slots=20/25 jobs/s=652 drains=78952 evl=0ms
[2026-06-04 08:23:35.964] [info] [Worker 4] [libqueen] push(q=5 f=0/24 p99rtt=38ms) pop(q=17 f=3/16 p99rtt=287ms) custom(q=0 f=1/1 p99rtt=13ms) slots=21/25 jobs/s=665 drains=80487 evl=0ms
[2026-06-04 08:23:35.985] [info] [Worker 8] [libqueen] push(q=0 f=1/24 p99rtt=40ms) pop(q=0 f=4/16 p99rtt=275ms) custom(q=0 f=0/1 p99rtt=17ms) slots=20/25 jobs/s=637 drains=79630 evl=0ms
[2026-06-04 08:23:35.998] [info] [Worker 5] [libqueen] push(q=0 f=1/24 p99rtt=39ms) pop(q=1 f=3/16 p99rtt=284ms) custom(q=0 f=0/1 p99rtt=13ms) slots=21/25 jobs/s=609 drains=79969 evl=1ms
[2026-06-04 08:23:36.008] [info] [Worker 6] [libqueen] push(q=5 f=0/24 p99rtt=40ms) pop(q=0 f=4/16 p99rtt=277ms) custom(q=0 f=0/1 p99rtt=11ms) slots=21/25 jobs/s=598 drains=79133 evl=1ms
[2026-06-04 08:23:36.011] [info] [Worker 1] [libqueen] push(q=0 f=1/24 p99rtt=39ms) pop(q=6 f=3/16 p99rtt=305ms) custom(q=0 f=0/1 p99rtt=13ms) slots=21/25 jobs/s=589 drains=79909 evl=0ms
[2026-06-04 08:23:36.024] [info] [Worker 3] [libqueen] push(q=0 f=0/24 p99rtt=41ms) pop(q=8 f=3/16 p99rtt=283ms) custom(q=0 f=1/1 p99rtt=13ms) slots=21/25 jobs/s=707 drains=79525 evl=0ms
[2026-06-04 08:23:36.033] [info] [Worker 0] [libqueen] push(q=0 f=1/24 p99rtt=38ms) pop(q=0 f=3/16 p99rtt=277ms) custom(q=0 f=0/1 p99rtt=10ms) slots=21/25 jobs/s=677 drains=80294 evl=0ms
[2026-06-04 08:23:36.059] [info] [Worker 9] [libqueen] push(q=5 f=0/24 p99rtt=35ms) pop(q=15 f=2/16 p99rtt=295ms) custom(q=0 f=0/1 p99rtt=19ms) slots=23/25 jobs/s=657 drains=79924 evl=0ms
[2026-06-04 08:23:36.059] [info] [Worker 2] [libqueen] push(q=5 f=0/24 p99rtt=38ms) pop(q=1 f=4/16 p99rtt=280ms) custom(q=0 f=0/1 p99rtt=13ms) slots=21/25 jobs/s=698 drains=80375 evl=0ms
[2026-06-04 08:23:36.612] [info] StatsService: cycle completed in 1296ms
[2026-06-04 08:23:36.957] [info] [Worker 7] [libqueen] push(q=0 f=0/24 p99rtt=40ms) pop(q=0 f=3/16 p99rtt=292ms) custom(q=0 f=1/1 p99rtt=11ms) slots=21/25 jobs/s=630 drains=79538 evl=2ms
[2026-06-04 08:23:36.964] [info] [Worker 4] [libqueen] push(q=2 f=0/24 p99rtt=38ms) pop(q=0 f=4/16 p99rtt=294ms) custom(q=0 f=0/1 p99rtt=13ms) slots=21/25 jobs/s=582 drains=81084 evl=0ms
[2026-06-04 08:23:36.984] [info] [Worker 8] [libqueen] push(q=0 f=1/24 p99rtt=40ms) pop(q=0 f=3/16 p99rtt=275ms) custom(q=0 f=0/1 p99rtt=17ms) slots=21/25 jobs/s=627 drains=80282 evl=0ms
[2026-06-04 08:23:36.998] [info] [Worker 5] [libqueen] push(q=0 f=1/24 p99rtt=39ms) pop(q=8 f=3/16 p99rtt=289ms) custom(q=0 f=0/1 p99rtt=12ms) slots=21/25 jobs/s=700 drains=80578 evl=1ms
[2026-06-04 08:23:37.008] [info] [Worker 6] [libqueen] push(q=0 f=1/24 p99rtt=40ms) pop(q=0 f=5/16 p99rtt=277ms) custom(q=0 f=0/1 p99rtt=11ms) slots=19/25 jobs/s=644 drains=79795 evl=0ms
[2026-06-04 08:23:37.011] [info] [Worker 1] [libqueen] push(q=0 f=1/24 p99rtt=38ms) pop(q=0 f=3/16 p99rtt=305ms) custom(q=0 f=0/1 p99rtt=13ms) slots=21/25 jobs/s=665 drains=80537 evl=0ms
[2026-06-04 08:23:37.024] [info] [Worker 3] [libqueen] push(q=5 f=0/24 p99rtt=41ms) pop(q=19 f=2/16 p99rtt=284ms) custom(q=0 f=0/1 p99rtt=13ms) slots=23/25 jobs/s=616 drains=80167 evl=0ms
[2026-06-04 08:23:37.033] [info] [Worker 0] [libqueen] push(q=0 f=1/24 p99rtt=38ms) pop(q=0 f=5/16 p99rtt=274ms) custom(q=0 f=0/1 p99rtt=10ms) slots=19/25 jobs/s=601 drains=80840 evl=0ms
[2026-06-04 08:23:37.059] [info] [Worker 9] [libqueen] push(q=5 f=0/24 p99rtt=36ms) pop(q=0 f=4/16 p99rtt=295ms) custom(q=0 f=0/1 p99rtt=19ms) slots=21/25 jobs/s=631 drains=80527 evl=0ms
[2026-06-04 08:23:37.060] [info] [Worker 2] [libqueen] push(q=5 f=0/24 p99rtt=38ms) pop(q=0 f=3/16 p99rtt=280ms) custom(q=0 f=0/1 p99rtt=13ms) slots=22/25 jobs/s=689 drains=81018 evl=0ms
[2026-06-04 08:23:37.957] [info] [Worker 7] [libqueen] push(q=1 f=0/24 p99rtt=40ms) pop(q=0 f=3/16 p99rtt=290ms) custom(q=0 f=0/1 p99rtt=10ms) slots=22/25 jobs/s=613 drains=80121 evl=0ms
[2026-06-04 08:23:37.964] [info] [Worker 4] [libqueen] push(q=0 f=0/24 p99rtt=36ms) pop(q=17 f=3/16 p99rtt=294ms) custom(q=0 f=1/1 p99rtt=13ms) slots=21/25 jobs/s=618 drains=81673 evl=0ms
[2026-06-04 08:23:37.985] [info] [Worker 8] [libqueen] push(q=0 f=1/24 p99rtt=40ms) pop(q=0 f=4/16 p99rtt=275ms) custom(q=0 f=0/1 p99rtt=14ms) slots=20/25 jobs/s=651 drains=80911 evl=0ms
[2026-06-04 08:23:37.997] [info] [Worker 5] [libqueen] push(q=0 f=0/24 p99rtt=39ms) pop(q=0 f=4/16 p99rtt=289ms) custom(q=0 f=0/1 p99rtt=13ms) slots=21/25 jobs/s=630 drains=81258 evl=1ms
[2026-06-04 08:23:38.008] [info] [Worker 6] [libqueen] push(q=5 f=0/24 p99rtt=40ms) pop(q=1 f=4/16 p99rtt=277ms) custom(q=0 f=0/1 p99rtt=12ms) slots=21/25 jobs/s=659 drains=80423 evl=0ms
[2026-06-04 08:23:38.011] [info] [Worker 1] [libqueen] push(q=0 f=0/24 p99rtt=38ms) pop(q=0 f=3/16 p99rtt=305ms) custom(q=0 f=1/1 p99rtt=13ms) slots=21/25 jobs/s=674 drains=81145 evl=0ms
[2026-06-04 08:23:38.023] [info] [Worker 3] [libqueen] push(q=0 f=1/24 p99rtt=41ms) pop(q=2 f=3/16 p99rtt=284ms) custom(q=0 f=0/1 p99rtt=13ms) slots=21/25 jobs/s=656 drains=80826 evl=0ms
[2026-06-04 08:23:38.033] [info] [Worker 0] [libqueen] push(q=5 f=0/24 p99rtt=38ms) pop(q=0 f=3/16 p99rtt=277ms) custom(q=0 f=0/1 p99rtt=10ms) slots=22/25 jobs/s=647 drains=81432 evl=0ms
[2026-06-04 08:23:38.060] [info] [Worker 2] [libqueen] push(q=0 f=1/24 p99rtt=38ms) pop(q=0 f=4/16 p99rtt=283ms) custom(q=0 f=0/1 p99rtt=13ms) slots=20/25 jobs/s=567 drains=81585 evl=0ms
[2026-06-04 08:23:38.062] [info] [Worker 9] [libqueen] push(q=0 f=1/24 p99rtt=36ms) pop(q=2 f=3/16 p99rtt=295ms) custom(q=0 f=0/1 p99rtt=14ms) slots=21/25 jobs/s=686 drains=81200 evl=0ms
[2026-06-04 08:23:38.957] [info] [Worker 7] [libqueen] push(q=5 f=0/24 p99rtt=41ms) pop(q=0 f=5/16 p99rtt=292ms) custom(q=0 f=0/1 p99rtt=10ms) slots=20/25 jobs/s=574 drains=80688 evl=0ms
[2026-06-04 08:23:38.964] [info] [Worker 4] [libqueen] push(q=0 f=1/24 p99rtt=39ms) pop(q=1 f=3/16 p99rtt=295ms) custom(q=0 f=1/1 p99rtt=13ms) slots=20/25 jobs/s=591 drains=82284 evl=0ms
[2026-06-04 08:23:38.985] [info] [Worker 8] [libqueen] push(q=0 f=1/24 p99rtt=40ms) pop(q=6 f=3/16 p99rtt=277ms) custom(q=0 f=0/1 p99rtt=14ms) slots=21/25 jobs/s=616 drains=81484 evl=0ms
[2026-06-04 08:23:38.998] [info] [Worker 5] [libqueen] push(q=0 f=1/24 p99rtt=39ms) pop(q=0 f=3/16 p99rtt=289ms) custom(q=0 f=0/1 p99rtt=12ms) slots=21/25 jobs/s=558 drains=81821 evl=0ms
[2026-06-04 08:23:39.008] [info] [Worker 6] [libqueen] push(q=5 f=0/24 p99rtt=40ms) pop(q=7 f=3/16 p99rtt=297ms) custom(q=0 f=0/1 p99rtt=12ms) slots=22/25 jobs/s=546 drains=80919 evl=0ms
[2026-06-04 08:23:39.011] [info] [Worker 1] [libqueen] push(q=5 f=0/24 p99rtt=38ms) pop(q=0 f=5/16 p99rtt=305ms) custom(q=0 f=1/1 p99rtt=14ms) slots=19/25 jobs/s=566 drains=81735 evl=0ms
[2026-06-04 08:23:39.027] [info] [Worker 3] [libqueen] push(q=0 f=0/24 p99rtt=41ms) pop(q=0 f=4/16 p99rtt=284ms) custom(q=0 f=1/1 p99rtt=12ms) slots=20/25 jobs/s=572 drains=81433 evl=0ms
[2026-06-04 08:23:39.033] [info] [Worker 0] [libqueen] push(q=0 f=1/24 p99rtt=38ms) pop(q=0 f=3/16 p99rtt=277ms) custom(q=0 f=0/1 p99rtt=11ms) slots=21/25 jobs/s=620 drains=82023 evl=0ms
[2026-06-04 08:23:39.062] [info] [Worker 2] [libqueen] push(q=0 f=1/24 p99rtt=40ms) pop(q=0 f=4/16 p99rtt=283ms) custom(q=0 f=0/1 p99rtt=12ms) slots=20/25 jobs/s=630 drains=82197 evl=0ms
[2026-06-04 08:23:39.062] [info] [Worker 9] [libqueen] push(q=5 f=0/24 p99rtt=37ms) pop(q=11 f=4/16 p99rtt=295ms) custom(q=0 f=0/1 p99rtt=14ms) slots=21/25 jobs/s=648 drains=81869 evl=0ms
[2026-06-04 08:23:39.957] [info] [Worker 7] [libqueen] push(q=0 f=1/24 p99rtt=42ms) pop(q=0 f=3/16 p99rtt=292ms) custom(q=0 f=0/1 p99rtt=11ms) slots=21/25 jobs/s=576 drains=81193 evl=0ms
[2026-06-04 08:23:39.964] [info] [Worker 4] [libqueen] push(q=0 f=1/24 p99rtt=41ms) pop(q=0 f=4/16 p99rtt=287ms) custom(q=0 f=0/1 p99rtt=14ms) slots=20/25 jobs/s=545 drains=82816 evl=0ms
[2026-06-04 08:23:39.985] [info] [Worker 8] [libqueen] push(q=0 f=0/24 p99rtt=40ms) pop(q=0 f=3/16 p99rtt=277ms) custom(q=0 f=1/1 p99rtt=19ms) slots=21/25 jobs/s=576 drains=82032 evl=0ms
[2026-06-04 08:23:39.998] [info] [Worker 5] [libqueen] push(q=0 f=0/24 p99rtt=41ms) pop(q=0 f=4/16 p99rtt=289ms) custom(q=0 f=1/1 p99rtt=14ms) slots=20/25 jobs/s=550 drains=82334 evl=0ms
[2026-06-04 08:23:40.008] [info] [Worker 6] [libqueen] push(q=0 f=1/24 p99rtt=41ms) pop(q=0 f=4/16 p99rtt=304ms) custom(q=0 f=0/1 p99rtt=12ms) slots=20/25 jobs/s=519 drains=81422 evl=0ms
[2026-06-04 08:23:40.011] [info] [Worker 1] [libqueen] push(q=5 f=0/24 p99rtt=39ms) pop(q=1 f=3/16 p99rtt=305ms) custom(q=0 f=1/1 p99rtt=14ms) slots=21/25 jobs/s=539 drains=82242 evl=0ms
[2026-06-04 08:23:40.027] [info] [Worker 3] [libqueen] push(q=0 f=1/24 p99rtt=41ms) pop(q=0 f=4/16 p99rtt=284ms) custom(q=0 f=0/1 p99rtt=14ms) slots=20/25 jobs/s=562 drains=81993 evl=0ms
[2026-06-04 08:23:40.033] [info] [Worker 0] [libqueen] push(q=0 f=1/24 p99rtt=40ms) pop(q=0 f=3/16 p99rtt=290ms) custom(q=0 f=0/1 p99rtt=11ms) slots=21/25 jobs/s=583 drains=82601 evl=0ms
[2026-06-04 08:23:40.061] [info] [Worker 2] [libqueen] push(q=5 f=0/24 p99rtt=41ms) pop(q=0 f=4/16 p99rtt=290ms) custom(q=0 f=0/1 p99rtt=13ms) slots=21/25 jobs/s=509 drains=82651 evl=0ms
[2026-06-04 08:23:40.063] [info] [Worker 9] [libqueen] push(q=2 f=0/24 p99rtt=40ms) pop(q=0 f=4/16 p99rtt=296ms) custom(q=0 f=1/1 p99rtt=14ms) slots=20/25 jobs/s=496 drains=82326 evl=0ms
[2026-06-04 08:23:40.361] [info] PartitionLookupReconcileService: fixed 9 partition_lookup rows (stats leader, hostname=112aa6a7f2d1)
[2026-06-04 08:23:40.957] [info] [Worker 7] [libqueen] push(q=5 f=0/24 p99rtt=42ms) pop(q=0 f=3/16 p99rtt=292ms) custom(q=0 f=0/1 p99rtt=12ms) slots=22/25 jobs/s=564 drains=81809 evl=0ms
[2026-06-04 08:23:40.964] [info] [Worker 4] [libqueen] push(q=0 f=1/24 p99rtt=43ms) pop(q=0 f=3/16 p99rtt=294ms) custom(q=0 f=0/1 p99rtt=14ms) slots=21/25 jobs/s=564 drains=83295 evl=0ms
[2026-06-04 08:23:40.985] [info] [Worker 8] [libqueen] push(q=5 f=0/24 p99rtt=40ms) pop(q=0 f=3/16 p99rtt=277ms) custom(q=0 f=0/1 p99rtt=19ms) slots=22/25 jobs/s=582 drains=82621 evl=0ms
[2026-06-04 08:23:40.997] [info] [Worker 5] [libqueen] push(q=0 f=1/24 p99rtt=42ms) pop(q=0 f=3/16 p99rtt=289ms) custom(q=0 f=0/1 p99rtt=14ms) slots=21/25 jobs/s=605 drains=82923 evl=0ms
[2026-06-04 08:23:41.008] [info] [Worker 6] [libqueen] push(q=0 f=0/24 p99rtt=41ms) pop(q=0 f=4/16 p99rtt=315ms) custom(q=0 f=0/1 p99rtt=13ms) slots=21/25 jobs/s=579 drains=82006 evl=0ms
[2026-06-04 08:23:41.010] [info] [Worker 1] [libqueen] push(q=0 f=1/24 p99rtt=39ms) pop(q=0 f=3/16 p99rtt=275ms) custom(q=0 f=0/1 p99rtt=14ms) slots=21/25 jobs/s=611 drains=82898 evl=0ms
[2026-06-04 08:23:41.026] [info] [Worker 3] [libqueen] push(q=0 f=1/24 p99rtt=41ms) pop(q=0 f=4/16 p99rtt=284ms) custom(q=0 f=0/1 p99rtt=14ms) slots=20/25 jobs/s=552 drains=82543 evl=0ms
[2026-06-04 08:23:41.034] [info] [Worker 0] [libqueen] push(q=0 f=1/24 p99rtt=39ms) pop(q=1 f=3/16 p99rtt=290ms) custom(q=0 f=0/1 p99rtt=12ms) slots=21/25 jobs/s=601 drains=83196 evl=0ms
[2026-06-04 08:23:41.062] [info] [Worker 2] [libqueen] push(q=0 f=1/24 p99rtt=41ms) pop(q=0 f=4/16 p99rtt=283ms) custom(q=0 f=0/1 p99rtt=13ms) slots=20/25 jobs/s=582 drains=83203 evl=0ms
[2026-06-04 08:23:41.062] [info] [Worker 9] [libqueen] push(q=5 f=0/24 p99rtt=40ms) pop(q=1 f=3/16 p99rtt=295ms) custom(q=0 f=0/1 p99rtt=14ms) slots=22/25 jobs/s=602 drains=82930 evl=0ms
[2026-06-04 08:23:41.957] [info] [Worker 7] [libqueen] push(q=0 f=1/24 p99rtt=42ms) pop(q=0 f=4/16 p99rtt=293ms) custom(q=0 f=0/1 p99rtt=11ms) slots=20/25 jobs/s=596 drains=82454 evl=0ms
[2026-06-04 08:23:41.964] [info] [Worker 4] [libqueen] push(q=0 f=1/24 p99rtt=43ms) pop(q=0 f=5/16 p99rtt=294ms) custom(q=0 f=0/1 p99rtt=14ms) slots=19/25 jobs/s=591 drains=83858 evl=0ms
[2026-06-04 08:23:41.985] [info] [Worker 8] [libqueen] push(q=0 f=1/24 p99rtt=36ms) pop(q=0 f=2/16 p99rtt=277ms) custom(q=0 f=0/1 p99rtt=17ms) slots=22/25 jobs/s=619 drains=83231 evl=0ms
[2026-06-04 08:23:41.999] [info] [Worker 5] [libqueen] push(q=5 f=0/24 p99rtt=42ms) pop(q=0 f=4/16 p99rtt=289ms) custom(q=0 f=1/1 p99rtt=13ms) slots=20/25 jobs/s=597 drains=83551 evl=0ms
[2026-06-04 08:23:42.010] [info] [Worker 6] [libqueen] push(q=4 f=0/24 p99rtt=40ms) pop(q=0 f=2/16 p99rtt=316ms) custom(q=0 f=1/1 p99rtt=13ms) slots=22/25 jobs/s=610 drains=82587 evl=0ms
[2026-06-04 08:23:42.011] [info] [Worker 1] [libqueen] push(q=0 f=1/24 p99rtt=39ms) pop(q=0 f=4/16 p99rtt=290ms) custom(q=0 f=0/1 p99rtt=14ms) slots=20/25 jobs/s=614 drains=83525 evl=0ms
[2026-06-04 08:23:42.028] [info] [Worker 3] [libqueen] push(q=0 f=0/24 p99rtt=41ms) pop(q=6 f=3/16 p99rtt=282ms) custom(q=0 f=1/1 p99rtt=14ms) slots=21/25 jobs/s=652 drains=83173 evl=0ms
[2026-06-04 08:23:42.034] [info] [Worker 0] [libqueen] push(q=0 f=0/24 p99rtt=39ms) pop(q=0 f=3/16 p99rtt=293ms) custom(q=0 f=0/1 p99rtt=12ms) slots=22/25 jobs/s=632 drains=83798 evl=0ms
[2026-06-04 08:23:42.062] [info] [Worker 2] [libqueen] push(q=5 f=0/24 p99rtt=40ms) pop(q=0 f=4/16 p99rtt=283ms) custom(q=0 f=0/1 p99rtt=12ms) slots=21/25 jobs/s=596 drains=83820 evl=0ms
[2026-06-04 08:23:42.063] [info] [Worker 9] [libqueen] push(q=5 f=0/24 p99rtt=40ms) pop(q=0 f=3/16 p99rtt=306ms) custom(q=0 f=0/1 p99rtt=13ms) slots=22/25 jobs/s=602 drains=83554 evl=0ms
[2026-06-04 08:23:42.957] [info] [Worker 7] [libqueen] push(q=0 f=1/24 p99rtt=41ms) pop(q=0 f=3/16 p99rtt=293ms) custom(q=0 f=0/1 p99rtt=11ms) slots=21/25 jobs/s=557 drains=83011 evl=0ms
[2026-06-04 08:23:42.964] [info] [Worker 4] [libqueen] push(q=0 f=0/24 p99rtt=41ms) pop(q=0 f=4/16 p99rtt=294ms) custom(q=0 f=1/1 p99rtt=13ms) slots=20/25 jobs/s=600 drains=84465 evl=0ms
[2026-06-04 08:23:42.984] [info] [Worker 8] [libqueen] push(q=5 f=0/24 p99rtt=36ms) pop(q=0 f=4/16 p99rtt=279ms) custom(q=0 f=1/1 p99rtt=13ms) slots=20/25 jobs/s=598 drains=83826 evl=0ms
[2026-06-04 08:23:42.998] [info] [Worker 5] [libqueen] push(q=0 f=1/24 p99rtt=41ms) pop(q=4 f=4/16 p99rtt=289ms) custom(q=0 f=0/1 p99rtt=14ms) slots=20/25 jobs/s=636 drains=84158 evl=0ms
[2026-06-04 08:23:43.010] [info] [Worker 1] [libqueen] push(q=0 f=1/24 p99rtt=39ms) pop(q=0 f=3/16 p99rtt=294ms) custom(q=0 f=0/1 p99rtt=14ms) slots=21/25 jobs/s=652 drains=84153 evl=0ms
[2026-06-04 08:23:43.012] [info] [Worker 6] [libqueen] push(q=0 f=1/24 p99rtt=40ms) pop(q=1 f=3/16 p99rtt=320ms) custom(q=0 f=0/1 p99rtt=14ms) slots=21/25 jobs/s=555 drains=83152 evl=0ms
[2026-06-04 08:23:43.027] [info] [Worker 3] [libqueen] push(q=0 f=1/24 p99rtt=41ms) pop(q=0 f=5/16 p99rtt=280ms) custom(q=0 f=0/1 p99rtt=14ms) slots=19/25 jobs/s=618 drains=83798 evl=0ms
[2026-06-04 08:23:43.033] [info] [Worker 0] [libqueen] push(q=0 f=1/24 p99rtt=39ms) pop(q=1 f=3/16 p99rtt=293ms) custom(q=0 f=0/1 p99rtt=12ms) slots=21/25 jobs/s=590 drains=84355 evl=0ms
[2026-06-04 08:23:43.062] [info] [Worker 2] [libqueen] push(q=0 f=1/24 p99rtt=40ms) pop(q=0 f=5/16 p99rtt=290ms) custom(q=0 f=0/1 p99rtt=12ms) slots=19/25 jobs/s=605 drains=84393 evl=0ms
[2026-06-04 08:23:43.063] [info] [Worker 9] [libqueen] push(q=0 f=1/24 p99rtt=40ms) pop(q=0 f=5/16 p99rtt=306ms) custom(q=0 f=0/1 p99rtt=13ms) slots=19/25 jobs/s=537 drains=84095 evl=0ms
[2026-06-04 08:23:43.957] [info] [Worker 7] [libqueen] push(q=0 f=1/24 p99rtt=38ms) pop(q=0 f=4/16 p99rtt=293ms) custom(q=0 f=0/1 p99rtt=12ms) slots=20/25 jobs/s=622 drains=83600 evl=0ms
[2026-06-04 08:23:43.964] [info] [Worker 4] [libqueen] push(q=0 f=1/24 p99rtt=41ms) pop(q=0 f=4/16 p99rtt=295ms) custom(q=0 f=0/1 p99rtt=13ms) slots=20/25 jobs/s=520 drains=85032 evl=0ms
[2026-06-04 08:23:43.987] [info] [Worker 8] [libqueen] push(q=5 f=0/24 p99rtt=36ms) pop(q=0 f=3/16 p99rtt=282ms) custom(q=0 f=1/1 p99rtt=17ms) slots=21/25 jobs/s=549 drains=84356 evl=0ms
[2026-06-04 08:23:43.998] [info] [Worker 5] [libqueen] push(q=0 f=0/24 p99rtt=42ms) pop(q=0 f=0/16 p99rtt=294ms) custom(q=0 f=0/1 p99rtt=14ms) slots=25/25 jobs/s=539 drains=84700 evl=0ms
[2026-06-04 08:23:44.011] [info] [Worker 1] [libqueen] push(q=5 f=0/24 p99rtt=39ms) pop(q=0 f=5/16 p99rtt=305ms) custom(q=0 f=0/1 p99rtt=14ms) slots=20/25 jobs/s=557 drains=84725 evl=0ms
[2026-06-04 08:23:44.012] [info] [Worker 6] [libqueen] push(q=5 f=0/24 p99rtt=40ms) pop(q=7 f=3/16 p99rtt=320ms) custom(q=0 f=0/1 p99rtt=14ms) slots=22/25 jobs/s=580 drains=83732 evl=0ms
[2026-06-04 08:23:44.027] [info] [Worker 3] [libqueen] push(q=0 f=1/24 p99rtt=41ms) pop(q=11 f=3/16 p99rtt=282ms) custom(q=0 f=0/1 p99rtt=14ms) slots=21/25 jobs/s=558 drains=84421 evl=0ms
[2026-06-04 08:23:44.034] [info] [Worker 0] [libqueen] push(q=0 f=1/24 p99rtt=39ms) pop(q=0 f=3/16 p99rtt=290ms) custom(q=0 f=0/1 p99rtt=11ms) slots=21/25 jobs/s=613 drains=84999 evl=0ms
[2026-06-04 08:23:44.063] [info] [Worker 2] [libqueen] push(q=5 f=0/24 p99rtt=40ms) pop(q=0 f=4/16 p99rtt=283ms) custom(q=0 f=0/1 p99rtt=12ms) slots=21/25 jobs/s=647 drains=85040 evl=0ms
[2026-06-04 08:23:44.063] [info] [Worker 9] [libqueen] push(q=0 f=1/24 p99rtt=40ms) pop(q=0 f=3/16 p99rtt=310ms) custom(q=0 f=0/1 p99rtt=14ms) slots=21/25 jobs/s=530 drains=84674 evl=0ms
[2026-06-04 08:23:44.957] [info] [Worker 7] [libqueen] push(q=0 f=1/24 p99rtt=38ms) pop(q=10 f=2/16 p99rtt=295ms) custom(q=0 f=0/1 p99rtt=12ms) slots=22/25 jobs/s=626 drains=84217 evl=0ms
[2026-06-04 08:23:44.964] [info] [Worker 4] [libqueen] push(q=0 f=1/24 p99rtt=41ms) pop(q=0 f=4/16 p99rtt=313ms) custom(q=0 f=0/1 p99rtt=13ms) slots=20/25 jobs/s=537 drains=85525 evl=0ms
[2026-06-04 08:23:44.987] [info] [Worker 8] [libqueen] push(q=5 f=0/24 p99rtt=36ms) pop(q=7 f=3/16 p99rtt=293ms) custom(q=0 f=1/1 p99rtt=13ms) slots=21/25 jobs/s=606 drains=84919 evl=0ms
[2026-06-04 08:23:44.998] [info] [Worker 5] [libqueen] push(q=0 f=0/24 p99rtt=40ms) pop(q=0 f=3/16 p99rtt=294ms) custom(q=0 f=1/1 p99rtt=14ms) slots=21/25 jobs/s=613 drains=85338 evl=0ms
[2026-06-04 08:23:45.011] [info] [Worker 1] [libqueen] push(q=0 f=1/24 p99rtt=38ms) pop(q=0 f=4/16 p99rtt=305ms) custom(q=0 f=0/1 p99rtt=14ms) slots=20/25 jobs/s=516 drains=85199 evl=0ms
[2026-06-04 08:23:45.012] [info] [Worker 6] [libqueen] push(q=0 f=1/24 p99rtt=40ms) pop(q=0 f=3/16 p99rtt=329ms) custom(q=0 f=0/1 p99rtt=14ms) slots=21/25 jobs/s=579 drains=84341 evl=0ms
[2026-06-04 08:23:45.029] [info] [Worker 3] [libqueen] push(q=5 f=0/24 p99rtt=41ms) pop(q=11 f=3/16 p99rtt=283ms) custom(q=0 f=0/1 p99rtt=12ms) slots=22/25 jobs/s=623 drains=85014 evl=3ms
[2026-06-04 08:23:45.034] [info] [Worker 0] [libqueen] push(q=0 f=1/24 p99rtt=38ms) pop(q=0 f=4/16 p99rtt=293ms) custom(q=0 f=0/1 p99rtt=12ms) slots=20/25 jobs/s=617 drains=85632 evl=0ms
[2026-06-04 08:23:45.063] [info] [Worker 2] [libqueen] push(q=0 f=0/24 p99rtt=40ms) pop(q=0 f=3/16 p99rtt=289ms) custom(q=0 f=1/1 p99rtt=12ms) slots=21/25 jobs/s=636 drains=85705 evl=0ms
[2026-06-04 08:23:45.064] [info] [Worker 9] [libqueen] push(q=5 f=0/24 p99rtt=36ms) pop(q=0 f=3/16 p99rtt=320ms) custom(q=0 f=0/1 p99rtt=13ms) slots=22/25 jobs/s=573 drains=85254 evl=0ms
[2026-06-04 08:23:45.957] [info] [Worker 7] [libqueen] push(q=5 f=0/24 p99rtt=38ms) pop(q=0 f=4/16 p99rtt=295ms) custom(q=0 f=0/1 p99rtt=12ms) slots=21/25 jobs/s=620 drains=84876 evl=0ms
[2026-06-04 08:23:45.965] [info] [Worker 4] [libqueen] push(q=0 f=1/24 p99rtt=41ms) pop(q=0 f=3/16 p99rtt=309ms) custom(q=0 f=0/1 p99rtt=12ms) slots=21/25 jobs/s=593 drains=86101 evl=0ms
[2026-06-04 08:23:45.987] [info] [Worker 8] [libqueen] push(q=0 f=0/24 p99rtt=36ms) pop(q=0 f=4/16 p99rtt=293ms) custom(q=0 f=1/1 p99rtt=13ms) slots=20/25 jobs/s=615 drains=85574 evl=0ms
[2026-06-04 08:23:45.999] [info] [Worker 5] [libqueen] push(q=5 f=0/24 p99rtt=40ms) pop(q=0 f=4/16 p99rtt=289ms) custom(q=0 f=1/1 p99rtt=13ms) slots=20/25 jobs/s=623 drains=85955 evl=0ms
[2026-06-04 08:23:46.010] [info] [Worker 1] [libqueen] push(q=5 f=0/24 p99rtt=38ms) pop(q=15 f=4/16 p99rtt=305ms) custom(q=0 f=0/1 p99rtt=14ms) slots=21/25 jobs/s=622 drains=85841 evl=0ms
[2026-06-04 08:23:46.013] [info] [Worker 6] [libqueen] push(q=0 f=0/24 p99rtt=40ms) pop(q=0 f=4/16 p99rtt=329ms) custom(q=0 f=0/1 p99rtt=14ms) slots=21/25 jobs/s=626 drains=84947 evl=0ms
[2026-06-04 08:23:46.029] [info] [Worker 3] [libqueen] push(q=0 f=1/24 p99rtt=41ms) pop(q=8 f=3/16 p99rtt=281ms) custom(q=0 f=0/1 p99rtt=14ms) slots=21/25 jobs/s=634 drains=85604 evl=0ms
[2026-06-04 08:23:46.033] [info] [Worker 0] [libqueen] push(q=5 f=0/24 p99rtt=39ms) pop(q=0 f=3/16 p99rtt=290ms) custom(q=0 f=0/1 p99rtt=11ms) slots=22/25 jobs/s=657 drains=86321 evl=0ms
[2026-06-04 08:23:46.063] [info] [Worker 2] [libqueen] push(q=0 f=1/24 p99rtt=39ms) pop(q=1 f=3/16 p99rtt=290ms) custom(q=0 f=0/1 p99rtt=12ms) slots=21/25 jobs/s=542 drains=86287 evl=0ms
[2026-06-04 08:23:46.064] [info] [Worker 9] [libqueen] push(q=5 f=0/24 p99rtt=40ms) pop(q=0 f=3/16 p99rtt=320ms) custom(q=0 f=0/1 p99rtt=13ms) slots=22/25 jobs/s=570 drains=85796 evl=0ms
[2026-06-04 08:23:46.373] [info] PartitionLookupReconcileService: fixed 10 partition_lookup rows (stats leader, hostname=112aa6a7f2d1)
[2026-06-04 08:23:46.741] [info] StatsService: cycle completed in 1424ms
[2026-06-04 08:23:46.957] [info] [Worker 7] [libqueen] push(q=0 f=1/24 p99rtt=38ms) pop(q=0 f=3/16 p99rtt=272ms) custom(q=0 f=0/1 p99rtt=12ms) slots=21/25 jobs/s=795 drains=85622 evl=0ms
[2026-06-04 08:23:46.967] [info] [Worker 4] [libqueen] push(q=0 f=1/24 p99rtt=41ms) pop(q=0 f=2/16 p99rtt=294ms) custom(q=0 f=0/1 p99rtt=12ms) slots=22/25 jobs/s=779 drains=86822 evl=0ms
[2026-06-04 08:23:46.987] [info] [Worker 8] [libqueen] push(q=0 f=0/24 p99rtt=36ms) pop(q=0 f=3/16 p99rtt=291ms) custom(q=0 f=0/1 p99rtt=12ms) slots=22/25 jobs/s=747 drains=86285 evl=0ms
[2026-06-04 08:23:46.999] [info] [Worker 5] [libqueen] push(q=5 f=0/24 p99rtt=40ms) pop(q=0 f=3/16 p99rtt=268ms) custom(q=0 f=0/1 p99rtt=13ms) slots=22/25 jobs/s=712 drains=86633 evl=0ms
[2026-06-04 08:23:47.010] [info] [Worker 1] [libqueen] push(q=0 f=1/24 p99rtt=38ms) pop(q=0 f=4/16 p99rtt=281ms) custom(q=0 f=0/1 p99rtt=14ms) slots=20/25 jobs/s=806 drains=86613 evl=0ms
[2026-06-04 08:23:47.013] [info] [Worker 6] [libqueen] push(q=0 f=1/24 p99rtt=40ms) pop(q=1 f=3/16 p99rtt=316ms) custom(q=0 f=0/1 p99rtt=14ms) slots=21/25 jobs/s=722 drains=85634 evl=0ms
[2026-06-04 08:23:47.029] [info] [Worker 3] [libqueen] push(q=0 f=1/24 p99rtt=41ms) pop(q=18 f=2/16 p99rtt=279ms) custom(q=0 f=0/1 p99rtt=14ms) slots=22/25 jobs/s=787 drains=86340 evl=0ms
[2026-06-04 08:23:47.034] [info] [Worker 0] [libqueen] push(q=0 f=0/24 p99rtt=41ms) pop(q=1 f=2/16 p99rtt=280ms) custom(q=0 f=0/1 p99rtt=11ms) slots=23/25 jobs/s=716 drains=86980 evl=0ms
[2026-06-04 08:23:47.063] [info] [Worker 2] [libqueen] push(q=0 f=1/24 p99rtt=40ms) pop(q=0 f=5/16 p99rtt=279ms) custom(q=0 f=0/1 p99rtt=12ms) slots=19/25 jobs/s=808 drains=86967 evl=0ms
[2026-06-04 08:23:47.064] [info] [Worker 9] [libqueen] push(q=0 f=1/24 p99rtt=40ms) pop(q=4 f=3/16 p99rtt=312ms) custom(q=0 f=0/1 p99rtt=13ms) slots=21/25 jobs/s=789 drains=86500 evl=0ms
[2026-06-04 08:23:47.962] [info] [Worker 7] [libqueen] push(q=0 f=1/24 p99rtt=37ms) pop(q=11 f=1/16 p99rtt=272ms) custom(q=0 f=0/1 p99rtt=12ms) slots=23/25 jobs/s=832 drains=86374 evl=0ms
[2026-06-04 08:23:47.971] [info] [Worker 4] [libqueen] push(q=5 f=0/24 p99rtt=41ms) pop(q=3 f=3/16 p99rtt=284ms) custom(q=0 f=0/1 p99rtt=12ms) slots=22/25 jobs/s=855 drains=87680 evl=0ms
[2026-06-04 08:23:47.987] [info] [Worker 8] [libqueen] push(q=0 f=0/24 p99rtt=35ms) pop(q=0 f=3/16 p99rtt=272ms) custom(q=0 f=1/1 p99rtt=12ms) slots=21/25 jobs/s=778 drains=86981 evl=0ms
[2026-06-04 08:23:48.002] [info] [Worker 5] [libqueen] push(q=2 f=0/24 p99rtt=40ms) pop(q=0 f=3/16 p99rtt=261ms) custom(q=0 f=1/1 p99rtt=13ms) slots=21/25 jobs/s=876 drains=87467 evl=0ms
[2026-06-04 08:23:48.011] [info] [Worker 1] [libqueen] push(q=5 f=0/24 p99rtt=38ms) pop(q=2 f=3/16 p99rtt=276ms) custom(q=0 f=0/1 p99rtt=15ms) slots=22/25 jobs/s=807 drains=87331 evl=0ms
[2026-06-04 08:23:48.013] [info] [Worker 6] [libqueen] push(q=0 f=1/24 p99rtt=40ms) pop(q=0 f=4/16 p99rtt=313ms) custom(q=0 f=0/1 p99rtt=14ms) slots=20/25 jobs/s=893 drains=86458 evl=0ms
[2026-06-04 08:23:48.029] [info] [Worker 3] [libqueen] push(q=5 f=0/24 p99rtt=41ms) pop(q=0 f=2/16 p99rtt=265ms) custom(q=0 f=0/1 p99rtt=14ms) slots=23/25 jobs/s=858 drains=87113 evl=0ms
[2026-06-04 08:23:48.034] [info] [Worker 0] [libqueen] push(q=5 f=0/24 p99rtt=42ms) pop(q=0 f=3/16 p99rtt=274ms) custom(q=0 f=0/1 p99rtt=11ms) slots=22/25 jobs/s=816 drains=87763 evl=0ms
[2026-06-04 08:23:48.062] [info] [Worker 2] [libqueen] push(q=0 f=0/24 p99rtt=39ms) pop(q=0 f=4/16 p99rtt=265ms) custom(q=0 f=0/1 p99rtt=12ms) slots=21/25 jobs/s=824 drains=87738 evl=1ms
[2026-06-04 08:23:48.064] [info] [Worker 9] [libqueen] push(q=0 f=1/24 p99rtt=40ms) pop(q=2 f=2/16 p99rtt=297ms) custom(q=0 f=0/1 p99rtt=13ms) slots=22/25 jobs/s=869 drains=87268 evl=0ms
[2026-06-04 08:23:48.962] [info] [Worker 7] [libqueen] push(q=5 f=0/24 p99rtt=38ms) pop(q=11 f=3/16 p99rtt=262ms) custom(q=0 f=0/1 p99rtt=12ms) slots=22/25 jobs/s=759 drains=87050 evl=0ms
[2026-06-04 08:23:48.971] [info] [Worker 4] [libqueen] push(q=5 f=0/24 p99rtt=41ms) pop(q=0 f=4/16 p99rtt=282ms) custom(q=0 f=1/1 p99rtt=12ms) slots=20/25 jobs/s=785 drains=88387 evl=0ms
[2026-06-04 08:23:48.987] [info] [Worker 8] [libqueen] push(q=0 f=1/24 p99rtt=34ms) pop(q=0 f=2/16 p99rtt=266ms) custom(q=0 f=0/1 p99rtt=12ms) slots=22/25 jobs/s=806 drains=87678 evl=0ms
[2026-06-04 08:23:49.002] [info] [Worker 5] [libqueen] push(q=0 f=1/24 p99rtt=40ms) pop(q=3 f=3/16 p99rtt=261ms) custom(q=0 f=0/1 p99rtt=12ms) slots=21/25 jobs/s=744 drains=88207 evl=0ms
[2026-06-04 08:23:49.012] [info] [Worker 1] [libqueen] push(q=0 f=0/24 p99rtt=38ms) pop(q=0 f=1/16 p99rtt=274ms) custom(q=0 f=1/1 p99rtt=14ms) slots=23/25 jobs/s=842 drains=88117 evl=0ms
[2026-06-04 08:23:49.014] [info] [Worker 6] [libqueen] push(q=5 f=0/24 p99rtt=40ms) pop(q=0 f=3/16 p99rtt=311ms) custom(q=0 f=0/1 p99rtt=14ms) slots=22/25 jobs/s=858 drains=87267 evl=0ms
[2026-06-04 08:23:49.029] [info] [Worker 3] [libqueen] push(q=0 f=1/24 p99rtt=41ms) pop(q=0 f=4/16 p99rtt=265ms) custom(q=0 f=0/1 p99rtt=14ms) slots=20/25 jobs/s=742 drains=87890 evl=0ms
[2026-06-04 08:23:49.035] [info] [Worker 0] [libqueen] push(q=0 f=0/24 p99rtt=39ms) pop(q=0 f=2/16 p99rtt=274ms) custom(q=0 f=1/1 p99rtt=10ms) slots=22/25 jobs/s=775 drains=88541 evl=0ms
[2026-06-04 08:23:49.062] [info] [Worker 2] [libqueen] push(q=0 f=1/24 p99rtt=39ms) pop(q=4 f=3/16 p99rtt=258ms) custom(q=0 f=0/1 p99rtt=12ms) slots=21/25 jobs/s=747 drains=88378 evl=0ms
[2026-06-04 08:23:49.064] [info] [Worker 9] [libqueen] push(q=0 f=1/24 p99rtt=36ms) pop(q=0 f=3/16 p99rtt=297ms) custom(q=0 f=0/1 p99rtt=13ms) slots=21/25 jobs/s=698 drains=87993 evl=1ms
[2026-06-04 08:23:49.962] [info] [Worker 7] [libqueen] push(q=5 f=0/24 p99rtt=37ms) pop(q=0 f=3/16 p99rtt=262ms) custom(q=0 f=0/1 p99rtt=12ms) slots=22/25 jobs/s=743 drains=87753 evl=0ms
[2026-06-04 08:23:49.974] [info] [Worker 4] [libqueen] push(q=0 f=1/24 p99rtt=38ms) pop(q=0 f=3/16 p99rtt=282ms) custom(q=0 f=0/1 p99rtt=12ms) slots=21/25 jobs/s=701 drains=89061 evl=0ms
[2026-06-04 08:23:49.987] [info] [Worker 8] [libqueen] push(q=0 f=1/24 p99rtt=34ms) pop(q=8 f=5/16 p99rtt=266ms) custom(q=0 f=0/1 p99rtt=12ms) slots=19/25 jobs/s=737 drains=88373 evl=0ms
[2026-06-04 08:23:50.002] [info] [Worker 5] [libqueen] push(q=0 f=0/24 p99rtt=39ms) pop(q=0 f=3/16 p99rtt=268ms) custom(q=0 f=1/1 p99rtt=12ms) slots=21/25 jobs/s=698 drains=88889 evl=0ms
[2026-06-04 08:23:50.013] [info] [Worker 1] [libqueen] push(q=0 f=1/24 p99rtt=38ms) pop(q=0 f=4/16 p99rtt=274ms) custom(q=0 f=0/1 p99rtt=14ms) slots=20/25 jobs/s=721 drains=88802 evl=0ms
[2026-06-04 08:23:50.017] [info] [Worker 6] [libqueen] push(q=0 f=0/24 p99rtt=40ms) pop(q=0 f=3/16 p99rtt=311ms) custom(q=0 f=1/1 p99rtt=12ms) slots=21/25 jobs/s=681 drains=87914 evl=0ms
[2026-06-04 08:23:50.029] [info] [Worker 3] [libqueen] push(q=3 f=0/24 p99rtt=37ms) pop(q=0 f=4/16 p99rtt=265ms) custom(q=0 f=0/1 p99rtt=12ms) slots=21/25 jobs/s=741 drains=88611 evl=0ms
[2026-06-04 08:23:50.035] [info] [Worker 0] [libqueen] push(q=0 f=1/24 p99rtt=39ms) pop(q=7 f=1/16 p99rtt=274ms) custom(q=0 f=0/1 p99rtt=10ms) slots=23/25 jobs/s=819 drains=89293 evl=0ms
[2026-06-04 08:23:50.062] [info] [Worker 2] [libqueen] push(q=5 f=0/24 p99rtt=39ms) pop(q=2 f=3/16 p99rtt=258ms) custom(q=0 f=0/1 p99rtt=12ms) slots=22/25 jobs/s=720 drains=89037 evl=0ms
[2026-06-04 08:23:50.063] [info] [Worker 9] [libqueen] push(q=5 f=0/24 p99rtt=40ms) pop(q=4 f=3/16 p99rtt=297ms) custom(q=0 f=0/1 p99rtt=12ms) slots=22/25 jobs/s=728 drains=88676 evl=2ms
[2026-06-04 08:23:50.963] [info] [Worker 7] [libqueen] push(q=0 f=1/24 p99rtt=37ms) pop(q=0 f=3/16 p99rtt=262ms) custom(q=0 f=0/1 p99rtt=12ms) slots=21/25 jobs/s=724 drains=88403 evl=0ms
[2026-06-04 08:23:50.973] [info] [Worker 4] [libqueen] push(q=3 f=0/24 p99rtt=38ms) pop(q=0 f=3/16 p99rtt=282ms) custom(q=0 f=0/1 p99rtt=12ms) slots=22/25 jobs/s=809 drains=89823 evl=0ms
[2026-06-04 08:23:50.987] [info] [Worker 8] [libqueen] push(q=0 f=1/24 p99rtt=34ms) pop(q=0 f=3/16 p99rtt=266ms) custom(q=0 f=0/1 p99rtt=12ms) slots=21/25 jobs/s=722 drains=89083 evl=0ms
[2026-06-04 08:23:51.002] [info] [Worker 5] [libqueen] push(q=5 f=0/24 p99rtt=39ms) pop(q=1 f=3/16 p99rtt=261ms) custom(q=0 f=0/1 p99rtt=13ms) slots=22/25 jobs/s=665 drains=89514 evl=0ms
[2026-06-04 08:23:51.013] [info] [Worker 1] [libqueen] push(q=0 f=1/24 p99rtt=38ms) pop(q=0 f=3/16 p99rtt=274ms) custom(q=0 f=0/1 p99rtt=14ms) slots=21/25 jobs/s=737 drains=89526 evl=0ms
[2026-06-04 08:23:51.017] [info] [Worker 6] [libqueen] push(q=5 f=0/24 p99rtt=38ms) pop(q=3 f=3/16 p99rtt=311ms) custom(q=0 f=0/1 p99rtt=13ms) slots=22/25 jobs/s=778 drains=88666 evl=0ms
[2026-06-04 08:23:51.029] [info] [Worker 3] [libqueen] push(q=0 f=0/24 p99rtt=37ms) pop(q=11 f=2/16 p99rtt=265ms) custom(q=0 f=1/1 p99rtt=12ms) slots=22/25 jobs/s=698 drains=89254 evl=0ms
[2026-06-04 08:23:51.035] [info] [Worker 0] [libqueen] push(q=0 f=1/24 p99rtt=39ms) pop(q=0 f=3/16 p99rtt=274ms) custom(q=0 f=0/1 p99rtt=10ms) slots=21/25 jobs/s=713 drains=89955 evl=0ms
[2026-06-04 08:23:51.063] [info] [Worker 2] [libqueen] push(q=5 f=0/24 p99rtt=38ms) pop(q=1 f=3/16 p99rtt=256ms) custom(q=0 f=0/1 p99rtt=12ms) slots=22/25 jobs/s=800 drains=89827 evl=0ms
[2026-06-04 08:23:51.064] [info] [Worker 9] [libqueen] push(q=5 f=0/24 p99rtt=40ms) pop(q=13 f=4/16 p99rtt=297ms) custom(q=0 f=0/1 p99rtt=12ms) slots=21/25 jobs/s=810 drains=89417 evl=0ms
[2026-06-04 08:23:51.963] [info] [Worker 7] [libqueen] push(q=0 f=1/24 p99rtt=37ms) pop(q=0 f=4/16 p99rtt=253ms) custom(q=0 f=0/1 p99rtt=12ms) slots=20/25 jobs/s=773 drains=89154 evl=0ms
[2026-06-04 08:23:51.973] [info] [Worker 4] [libqueen] push(q=0 f=1/24 p99rtt=38ms) pop(q=0 f=3/16 p99rtt=282ms) custom(q=0 f=1/1 p99rtt=12ms) slots=20/25 jobs/s=763 drains=90562 evl=0ms
[2026-06-04 08:23:51.988] [info] [Worker 8] [libqueen] push(q=0 f=1/24 p99rtt=34ms) pop(q=0 f=3/16 p99rtt=271ms) custom(q=0 f=0/1 p99rtt=12ms) slots=21/25 jobs/s=744 drains=89784 evl=0ms
[2026-06-04 08:23:52.003] [info] [Worker 5] [libqueen] push(q=0 f=0/24 p99rtt=39ms) pop(q=0 f=3/16 p99rtt=268ms) custom(q=0 f=1/1 p99rtt=13ms) slots=21/25 jobs/s=695 drains=90178 evl=0ms
[2026-06-04 08:23:52.013] [info] [Worker 1] [libqueen] push(q=5 f=0/24 p99rtt=38ms) pop(q=2 f=2/16 p99rtt=275ms) custom(q=0 f=0/1 p99rtt=14ms) slots=23/25 jobs/s=737 drains=90203 evl=0ms
[2026-06-04 08:23:52.016] [info] [Worker 6] [libqueen] push(q=0 f=1/24 p99rtt=39ms) pop(q=0 f=4/16 p99rtt=311ms) custom(q=0 f=0/1 p99rtt=14ms) slots=20/25 jobs/s=733 drains=89350 evl=0ms
[2026-06-04 08:23:52.029] [info] [Worker 3] [libqueen] push(q=5 f=0/24 p99rtt=39ms) pop(q=18 f=3/16 p99rtt=279ms) custom(q=0 f=0/1 p99rtt=14ms) slots=22/25 jobs/s=755 drains=89998 evl=0ms
[2026-06-04 08:23:52.036] [info] [Worker 0] [libqueen] push(q=1 f=0/24 p99rtt=38ms) pop(q=10 f=2/16 p99rtt=274ms) custom(q=0 f=0/1 p99rtt=10ms) slots=23/25 jobs/s=761 drains=90668 evl=0ms
[2026-06-04 08:23:52.063] [info] [Worker 2] [libqueen] push(q=0 f=1/24 p99rtt=38ms) pop(q=0 f=3/16 p99rtt=256ms) custom(q=0 f=0/1 p99rtt=12ms) slots=21/25 jobs/s=696 drains=90478 evl=0ms
[2026-06-04 08:23:52.063] [info] [Worker 9] [libqueen] push(q=0 f=1/24 p99rtt=36ms) pop(q=0 f=3/16 p99rtt=297ms) custom(q=0 f=0/1 p99rtt=11ms) slots=21/25 jobs/s=802 drains=90215 evl=0ms
[2026-06-04 08:23:52.963] [info] [Worker 7] [libqueen] push(q=2 f=0/24 p99rtt=35ms) pop(q=1 f=3/16 p99rtt=253ms) custom(q=0 f=0/1 p99rtt=12ms) slots=22/25 jobs/s=859 drains=89957 evl=0ms
[2026-06-04 08:23:52.973] [info] [Worker 4] [libqueen] push(q=0 f=1/24 p99rtt=37ms) pop(q=0 f=4/16 p99rtt=279ms) custom(q=0 f=0/1 p99rtt=12ms) slots=20/25 jobs/s=764 drains=91270 evl=0ms
[2026-06-04 08:23:52.987] [info] [Worker 8] [libqueen] push(q=0 f=1/24 p99rtt=34ms) pop(q=11 f=2/16 p99rtt=271ms) custom(q=0 f=0/1 p99rtt=12ms) slots=22/25 jobs/s=796 drains=90485 evl=0ms
[2026-06-04 08:23:53.003] [info] [Worker 5] [libqueen] push(q=0 f=1/24 p99rtt=39ms) pop(q=0 f=4/16 p99rtt=268ms) custom(q=0 f=0/1 p99rtt=12ms) slots=20/25 jobs/s=839 drains=90927 evl=0ms
[2026-06-04 08:23:53.013] [info] [Worker 1] [libqueen] push(q=5 f=0/24 p99rtt=38ms) pop(q=0 f=4/16 p99rtt=275ms) custom(q=0 f=0/1 p99rtt=14ms) slots=21/25 jobs/s=780 drains=91000 evl=0ms
[2026-06-04 08:23:53.016] [info] [Worker 6] [libqueen] push(q=0 f=1/24 p99rtt=39ms) pop(q=0 f=3/16 p99rtt=311ms) custom(q=0 f=0/1 p99rtt=14ms) slots=21/25 jobs/s=893 drains=90136 evl=1ms
[2026-06-04 08:23:53.029] [info] [Worker 3] [libqueen] push(q=0 f=1/24 p99rtt=37ms) pop(q=0 f=4/16 p99rtt=279ms) custom(q=0 f=0/1 p99rtt=12ms) slots=20/25 jobs/s=782 drains=90783 evl=0ms
[2026-06-04 08:23:53.036] [info] [Worker 0] [libqueen] push(q=0 f=1/24 p99rtt=39ms) pop(q=0 f=3/16 p99rtt=274ms) custom(q=0 f=0/1 p99rtt=10ms) slots=21/25 jobs/s=851 drains=91378 evl=0ms
[2026-06-04 08:23:53.063] [info] [Worker 2] [libqueen] push(q=0 f=1/24 p99rtt=38ms) pop(q=2 f=3/16 p99rtt=256ms) custom(q=0 f=0/1 p99rtt=12ms) slots=21/25 jobs/s=821 drains=91251 evl=0ms
[2026-06-04 08:23:53.064] [info] [Worker 9] [libqueen] push(q=5 f=0/24 p99rtt=36ms) pop(q=6 f=2/16 p99rtt=297ms) custom(q=0 f=0/1 p99rtt=11ms) slots=23/25 jobs/s=853 drains=90971 evl=0ms
[2026-06-04 08:23:53.962] [info] [Worker 7] [libqueen] push(q=5 f=0/24 p99rtt=35ms) pop(q=0 f=4/16 p99rtt=253ms) custom(q=0 f=0/1 p99rtt=12ms) slots=21/25 jobs/s=761 drains=90643 evl=0ms
[2026-06-04 08:23:53.974] [info] [Worker 4] [libqueen] push(q=0 f=1/24 p99rtt=38ms) pop(q=0 f=3/16 p99rtt=279ms) custom(q=0 f=0/1 p99rtt=12ms) slots=21/25 jobs/s=695 drains=91903 evl=0ms
[2026-06-04 08:23:53.988] [info] [Worker 8] [libqueen] push(q=0 f=0/24 p99rtt=34ms) pop(q=0 f=2/16 p99rtt=271ms) custom(q=0 f=0/1 p99rtt=12ms) slots=23/25 jobs/s=736 drains=91180 evl=0ms
[2026-06-04 08:23:54.003] [info] [Worker 5] [libqueen] push(q=5 f=0/24 p99rtt=39ms) pop(q=2 f=3/16 p99rtt=268ms) custom(q=0 f=1/1 p99rtt=13ms) slots=21/25 jobs/s=821 drains=91636 evl=0ms
[2026-06-04 08:23:54.013] [info] [Worker 1] [libqueen] push(q=5 f=0/24 p99rtt=38ms) pop(q=7 f=2/16 p99rtt=275ms) custom(q=0 f=0/1 p99rtt=14ms) slots=23/25 jobs/s=766 drains=91713 evl=0ms
[2026-06-04 08:23:54.017] [info] [Worker 6] [libqueen] push(q=0 f=1/24 p99rtt=38ms) pop(q=0 f=3/16 p99rtt=304ms) custom(q=0 f=0/1 p99rtt=14ms) slots=21/25 jobs/s=745 drains=90835 evl=0ms
[2026-06-04 08:23:54.030] [info] [Worker 3] [libqueen] push(q=0 f=1/24 p99rtt=37ms) pop(q=0 f=4/16 p99rtt=279ms) custom(q=0 f=0/1 p99rtt=14ms) slots=20/25 jobs/s=807 drains=91563 evl=0ms
[2026-06-04 08:23:54.037] [info] [Worker 0] [libqueen] push(q=0 f=1/24 p99rtt=41ms) pop(q=2 f=2/16 p99rtt=274ms) custom(q=0 f=0/1 p99rtt=10ms) slots=22/25 jobs/s=660 drains=92025 evl=0ms
[2026-06-04 08:23:54.063] [info] [Worker 2] [libqueen] push(q=0 f=1/24 p99rtt=38ms) pop(q=0 f=3/16 p99rtt=256ms) custom(q=0 f=0/1 p99rtt=12ms) slots=21/25 jobs/s=749 drains=91989 evl=0ms
[2026-06-04 08:23:54.064] [info] [Worker 9] [libqueen] push(q=0 f=1/24 p99rtt=38ms) pop(q=0 f=3/16 p99rtt=297ms) custom(q=0 f=0/1 p99rtt=11ms) slots=21/25 jobs/s=763 drains=91663 evl=0ms
[2026-06-04 08:23:54.964] [info] [Worker 7] [libqueen] push(q=5 f=0/24 p99rtt=36ms) pop(q=0 f=3/16 p99rtt=253ms) custom(q=0 f=0/1 p99rtt=12ms) slots=22/25 jobs/s=665 drains=91304 evl=0ms
[2026-06-04 08:23:54.973] [info] [Worker 4] [libqueen] push(q=0 f=0/24 p99rtt=38ms) pop(q=0 f=3/16 p99rtt=279ms) custom(q=0 f=1/1 p99rtt=12ms) slots=21/25 jobs/s=714 drains=92531 evl=0ms
[2026-06-04 08:23:54.987] [info] [Worker 8] [libqueen] push(q=0 f=0/24 p99rtt=34ms) pop(q=1 f=3/16 p99rtt=271ms) custom(q=0 f=1/1 p99rtt=12ms) slots=21/25 jobs/s=650 drains=91795 evl=0ms
[2026-06-04 08:23:55.003] [info] [Worker 5] [libqueen] push(q=0 f=1/24 p99rtt=39ms) pop(q=8 f=4/16 p99rtt=268ms) custom(q=0 f=0/1 p99rtt=13ms) slots=20/25 jobs/s=718 drains=92337 evl=0ms
[2026-06-04 08:23:55.014] [info] [Worker 1] [libqueen] push(q=0 f=0/24 p99rtt=38ms) pop(q=3 f=3/16 p99rtt=275ms) custom(q=0 f=0/1 p99rtt=14ms) slots=22/25 jobs/s=747 drains=92486 evl=0ms
[2026-06-04 08:23:55.017] [info] [Worker 6] [libqueen] push(q=5 f=0/24 p99rtt=36ms) pop(q=0 f=3/16 p99rtt=304ms) custom(q=0 f=0/1 p99rtt=15ms) slots=22/25 jobs/s=712 drains=91485 evl=0ms
[2026-06-04 08:23:55.029] [info] [Worker 3] [libqueen] push(q=0 f=1/24 p99rtt=39ms) pop(q=0 f=4/16 p99rtt=279ms) custom(q=0 f=0/1 p99rtt=14ms) slots=20/25 jobs/s=724 drains=92338 evl=0ms
[2026-06-04 08:23:55.038] [info] [Worker 0] [libqueen] push(q=0 f=1/24 p99rtt=41ms) pop(q=0 f=3/16 p99rtt=274ms) custom(q=0 f=0/1 p99rtt=12ms) slots=21/25 jobs/s=657 drains=92642 evl=0ms
[2026-06-04 08:23:55.064] [info] [Worker 9] [libqueen] push(q=0 f=0/24 p99rtt=38ms) pop(q=0 f=2/16 p99rtt=297ms) custom(q=0 f=1/1 p99rtt=11ms) slots=22/25 jobs/s=738 drains=92388 evl=0ms
[2026-06-04 08:23:55.065] [info] [Worker 2] [libqueen] push(q=0 f=1/24 p99rtt=38ms) pop(q=17 f=2/16 p99rtt=256ms) custom(q=0 f=0/1 p99rtt=12ms) slots=22/25 jobs/s=680 drains=92633 evl=0ms
[2026-06-04 08:23:55.964] [info] [Worker 7] [libqueen] push(q=0 f=1/24 p99rtt=37ms) pop(q=0 f=3/16 p99rtt=262ms) custom(q=0 f=0/1 p99rtt=12ms) slots=21/25 jobs/s=665 drains=91921 evl=0ms
[2026-06-04 08:23:55.974] [info] [Worker 4] [libqueen] push(q=0 f=0/24 p99rtt=38ms) pop(q=0 f=4/16 p99rtt=279ms) custom(q=0 f=1/1 p99rtt=12ms) slots=20/25 jobs/s=600 drains=93133 evl=0ms
[2026-06-04 08:23:55.988] [info] [Worker 8] [libqueen] push(q=0 f=1/24 p99rtt=34ms) pop(q=0 f=3/16 p99rtt=273ms) custom(q=0 f=0/1 p99rtt=12ms) slots=21/25 jobs/s=555 drains=92366 evl=0ms
[2026-06-04 08:23:56.003] [info] [Worker 5] [libqueen] push(q=0 f=1/24 p99rtt=39ms) pop(q=0 f=4/16 p99rtt=268ms) custom(q=0 f=0/1 p99rtt=13ms) slots=20/25 jobs/s=653 drains=92986 evl=0ms
[2026-06-04 08:23:56.014] [info] [Worker 1] [libqueen] push(q=0 f=1/24 p99rtt=38ms) pop(q=2 f=3/16 p99rtt=275ms) custom(q=0 f=0/1 p99rtt=14ms) slots=21/25 jobs/s=637 drains=93093 evl=0ms
[2026-06-04 08:23:56.018] [info] [Worker 6] [libqueen] push(q=0 f=1/24 p99rtt=38ms) pop(q=0 f=4/16 p99rtt=304ms) custom(q=0 f=0/1 p99rtt=14ms) slots=20/25 jobs/s=600 drains=92115 evl=0ms
[2026-06-04 08:23:56.030] [info] [Worker 3] [libqueen] push(q=0 f=1/24 p99rtt=39ms) pop(q=0 f=4/16 p99rtt=279ms) custom(q=0 f=0/1 p99rtt=14ms) slots=20/25 jobs/s=657 drains=92928 evl=0ms
[2026-06-04 08:23:56.038] [info] [Worker 0] [libqueen] push(q=0 f=1/24 p99rtt=41ms) pop(q=8 f=3/16 p99rtt=274ms) custom(q=0 f=0/1 p99rtt=12ms) slots=21/25 jobs/s=709 drains=93282 evl=0ms
[2026-06-04 08:23:56.064] [info] [Worker 9] [libqueen] push(q=0 f=1/24 p99rtt=38ms) pop(q=0 f=4/16 p99rtt=297ms) custom(q=0 f=0/1 p99rtt=11ms) slots=20/25 jobs/s=551 drains=92970 evl=0ms
[2026-06-04 08:23:56.064] [info] [Worker 2] [libqueen] push(q=0 f=1/24 p99rtt=39ms) pop(q=7 f=3/16 p99rtt=256ms) custom(q=0 f=0/1 p99rtt=12ms) slots=21/25 jobs/s=618 drains=93253 evl=0ms
[2026-06-04 08:23:56.965] [info] [Worker 7] [libqueen] push(q=0 f=1/24 p99rtt=36ms) pop(q=0 f=3/16 p99rtt=272ms) custom(q=0 f=0/1 p99rtt=13ms) slots=21/25 jobs/s=624 drains=92524 evl=0ms
[2026-06-04 08:23:56.974] [info] [Worker 4] [libqueen] push(q=0 f=1/24 p99rtt=38ms) pop(q=6 f=3/16 p99rtt=279ms) custom(q=0 f=0/1 p99rtt=12ms) slots=21/25 jobs/s=588 drains=93743 evl=0ms
[2026-06-04 08:23:56.989] [info] [Worker 8] [libqueen] push(q=0 f=1/24 p99rtt=34ms) pop(q=1 f=4/16 p99rtt=291ms) custom(q=0 f=0/1 p99rtt=13ms) slots=20/25 jobs/s=579 drains=92903 evl=0ms
[2026-06-04 08:23:57.003] [info] [Worker 5] [libqueen] push(q=5 f=0/24 p99rtt=39ms) pop(q=19 f=2/16 p99rtt=268ms) custom(q=0 f=0/1 p99rtt=13ms) slots=23/25 jobs/s=664 drains=93615 evl=0ms
[2026-06-04 08:23:57.014] [info] [Worker 1] [libqueen] push(q=5 f=0/24 p99rtt=38ms) pop(q=0 f=4/16 p99rtt=276ms) custom(q=0 f=0/1 p99rtt=14ms) slots=21/25 jobs/s=648 drains=93704 evl=0ms
[2026-06-04 08:23:57.018] [info] [Worker 6] [libqueen] push(q=0 f=1/24 p99rtt=38ms) pop(q=0 f=3/16 p99rtt=304ms) custom(q=0 f=0/1 p99rtt=14ms) slots=21/25 jobs/s=656 drains=92729 evl=0ms
[2026-06-04 08:23:57.030] [info] [Worker 3] [libqueen] push(q=5 f=0/24 p99rtt=37ms) pop(q=0 f=5/16 p99rtt=279ms) custom(q=0 f=1/1 p99rtt=14ms) slots=19/25 jobs/s=628 drains=93545 evl=0ms
[2026-06-04 08:23:57.038] [info] [Worker 0] [libqueen] push(q=0 f=1/24 p99rtt=41ms) pop(q=6 f=3/16 p99rtt=280ms) custom(q=0 f=0/1 p99rtt=12ms) slots=21/25 jobs/s=646 drains=93912 evl=0ms
[2026-06-04 08:23:57.064] [info] [Worker 9] [libqueen] push(q=0 f=1/24 p99rtt=37ms) pop(q=0 f=3/16 p99rtt=296ms) custom(q=0 f=0/1 p99rtt=11ms) slots=21/25 jobs/s=584 drains=93467 evl=0ms
[2026-06-04 08:23:57.065] [info] [Worker 2] [libqueen] push(q=0 f=1/24 p99rtt=39ms) pop(q=0 f=4/16 p99rtt=258ms) custom(q=0 f=0/1 p99rtt=12ms) slots=20/25 jobs/s=654 drains=93904 evl=0ms
[2026-06-04 08:23:57.822] [info] StatsService: cycle completed in 1504ms
[2026-06-04 08:23:57.965] [info] [Worker 7] [libqueen] push(q=0 f=1/24 p99rtt=37ms) pop(q=0 f=4/16 p99rtt=279ms) custom(q=0 f=0/1 p99rtt=13ms) slots=20/25 jobs/s=579 drains=93117 evl=0ms
[2026-06-04 08:23:57.975] [info] [Worker 4] [libqueen] push(q=0 f=1/24 p99rtt=39ms) pop(q=1 f=5/16 p99rtt=275ms) custom(q=0 f=0/1 p99rtt=12ms) slots=19/25 jobs/s=628 drains=94405 evl=0ms
[2026-06-04 08:23:57.990] [info] [Worker 8] [libqueen] push(q=5 f=0/24 p99rtt=36ms) pop(q=5 f=4/16 p99rtt=282ms) custom(q=0 f=0/1 p99rtt=14ms) slots=21/25 jobs/s=636 drains=93530 evl=0ms
[2026-06-04 08:23:58.003] [info] [Worker 5] [libqueen] push(q=0 f=1/24 p99rtt=39ms) pop(q=12 f=3/16 p99rtt=261ms) custom(q=0 f=0/1 p99rtt=13ms) slots=21/25 jobs/s=629 drains=94205 evl=0ms
[2026-06-04 08:23:58.014] [info] [Worker 1] [libqueen] push(q=5 f=0/24 p99rtt=39ms) pop(q=0 f=4/16 p99rtt=276ms) custom(q=0 f=0/1 p99rtt=14ms) slots=21/25 jobs/s=669 drains=94379 evl=0ms
[2026-06-04 08:23:58.018] [info] [Worker 6] [libqueen] push(q=5 f=0/24 p99rtt=39ms) pop(q=0 f=3/16 p99rtt=311ms) custom(q=0 f=1/1 p99rtt=15ms) slots=21/25 jobs/s=563 drains=93294 evl=0ms
[2026-06-04 08:23:58.030] [info] [Worker 3] [libqueen] push(q=0 f=1/24 p99rtt=39ms) pop(q=0 f=3/16 p99rtt=279ms) custom(q=0 f=0/1 p99rtt=14ms) slots=21/25 jobs/s=659 drains=94198 evl=0ms
[2026-06-04 08:23:58.038] [info] [Worker 0] [libqueen] push(q=0 f=1/24 p99rtt=42ms) pop(q=0 f=3/16 p99rtt=280ms) custom(q=0 f=0/1 p99rtt=12ms) slots=21/25 jobs/s=622 drains=94495 evl=1ms
[2026-06-04 08:23:58.064] [info] [Worker 9] [libqueen] push(q=5 f=0/24 p99rtt=38ms) pop(q=0 f=3/16 p99rtt=296ms) custom(q=0 f=0/1 p99rtt=11ms) slots=22/25 jobs/s=606 drains=94029 evl=0ms
[2026-06-04 08:23:58.065] [info] [Worker 2] [libqueen] push(q=5 f=0/24 p99rtt=40ms) pop(q=0 f=4/16 p99rtt=269ms) custom(q=0 f=1/1 p99rtt=12ms) slots=20/25 jobs/s=592 drains=94455 evl=0ms
[2026-06-04 08:23:58.381] [info] PartitionLookupReconcileService: fixed 3 partition_lookup rows (stats leader, hostname=112aa6a7f2d1)
[2026-06-04 08:23:58.965] [info] [Worker 7] [libqueen] push(q=0 f=1/24 p99rtt=37ms) pop(q=6 f=2/16 p99rtt=288ms) custom(q=0 f=0/1 p99rtt=14ms) slots=22/25 jobs/s=557 drains=93673 evl=0ms
[2026-06-04 08:23:58.976] [info] [Worker 4] [libqueen] push(q=5 f=0/24 p99rtt=39ms) pop(q=11 f=2/16 p99rtt=265ms) custom(q=0 f=0/1 p99rtt=12ms) slots=23/25 jobs/s=616 drains=95033 evl=0ms
[2026-06-04 08:23:58.990] [info] [Worker 8] [libqueen] push(q=0 f=0/24 p99rtt=36ms) pop(q=0 f=5/16 p99rtt=282ms) custom(q=0 f=1/1 p99rtt=14ms) slots=19/25 jobs/s=646 drains=94208 evl=0ms
[2026-06-04 08:23:59.003] [info] [Worker 5] [libqueen] push(q=0 f=0/24 p99rtt=39ms) pop(q=0 f=3/16 p99rtt=261ms) custom(q=0 f=1/1 p99rtt=13ms) slots=21/25 jobs/s=562 drains=94789 evl=0ms
[2026-06-04 08:23:59.014] [info] [Worker 1] [libqueen] push(q=1 f=0/24 p99rtt=39ms) pop(q=0 f=4/16 p99rtt=276ms) custom(q=0 f=0/1 p99rtt=14ms) slots=21/25 jobs/s=685 drains=95011 evl=0ms
[2026-06-04 08:23:59.017] [info] [Worker 6] [libqueen] push(q=0 f=1/24 p99rtt=39ms) pop(q=0 f=4/16 p99rtt=313ms) custom(q=0 f=0/1 p99rtt=15ms) slots=20/25 jobs/s=578 drains=93873 evl=0ms
[2026-06-04 08:23:59.030] [info] [Worker 3] [libqueen] push(q=0 f=1/24 p99rtt=39ms) pop(q=0 f=4/16 p99rtt=279ms) custom(q=0 f=0/1 p99rtt=14ms) slots=20/25 jobs/s=606 drains=94749 evl=0ms
[2026-06-04 08:23:59.038] [info] [Worker 0] [libqueen] push(q=0 f=1/24 p99rtt=42ms) pop(q=0 f=3/16 p99rtt=280ms) custom(q=0 f=0/1 p99rtt=12ms) slots=21/25 jobs/s=616 drains=95064 evl=0ms
[2026-06-04 08:23:59.064] [info] [Worker 9] [libqueen] push(q=5 f=0/24 p99rtt=37ms) pop(q=1 f=3/16 p99rtt=297ms) custom(q=0 f=0/1 p99rtt=11ms) slots=22/25 jobs/s=596 drains=94572 evl=0ms
[2026-06-04 08:23:59.066] [info] [Worker 2] [libqueen] push(q=5 f=0/24 p99rtt=39ms) pop(q=1 f=4/16 p99rtt=269ms) custom(q=0 f=0/1 p99rtt=12ms) slots=21/25 jobs/s=628 drains=95052 evl=0ms
[2026-06-04 08:23:59.965] [info] [Worker 7] [libqueen] push(q=0 f=1/24 p99rtt=36ms) pop(q=6 f=3/16 p99rtt=288ms) custom(q=0 f=0/1 p99rtt=13ms) slots=21/25 jobs/s=590 drains=94255 evl=0ms
[2026-06-04 08:23:59.976] [info] [Worker 4] [libqueen] push(q=5 f=0/24 p99rtt=39ms) pop(q=5 f=3/16 p99rtt=265ms) custom(q=0 f=0/1 p99rtt=12ms) slots=22/25 jobs/s=614 drains=95646 evl=0ms
[2026-06-04 08:23:59.992] [info] [Worker 8] [libqueen] push(q=0 f=1/24 p99rtt=34ms) pop(q=2 f=2/16 p99rtt=282ms) custom(q=0 f=0/1 p99rtt=12ms) slots=22/25 jobs/s=537 drains=94728 evl=0ms
[2026-06-04 08:24:00.003] [info] [Worker 5] [libqueen] push(q=0 f=1/24 p99rtt=38ms) pop(q=0 f=4/16 p99rtt=261ms) custom(q=3 f=0/1 p99rtt=12ms) slots=20/25 jobs/s=573 drains=95397 evl=0ms
[2026-06-04 08:24:00.014] [info] [Worker 1] [libqueen] push(q=0 f=1/24 p99rtt=37ms) pop(q=6 f=3/16 p99rtt=281ms) custom(q=3 f=0/1 p99rtt=13ms) slots=21/25 jobs/s=608 drains=95644 evl=0ms
[2026-06-04 08:24:00.018] [info] [Worker 6] [libqueen] push(q=5 f=0/24 p99rtt=36ms) pop(q=0 f=4/16 p99rtt=316ms) custom(q=3 f=0/1 p99rtt=14ms) slots=21/25 jobs/s=606 drains=94450 evl=0ms
[2026-06-04 08:24:00.030] [info] [Worker 3] [libqueen] push(q=1 f=0/24 p99rtt=36ms) pop(q=0 f=3/16 p99rtt=265ms) custom(q=3 f=1/1 p99rtt=14ms) slots=21/25 jobs/s=639 drains=95395 evl=0ms
[2026-06-04 08:24:00.038] [info] [Worker 0] [libqueen] push(q=0 f=1/24 p99rtt=41ms) pop(q=0 f=3/16 p99rtt=274ms) custom(q=3 f=0/1 p99rtt=12ms) slots=21/25 jobs/s=644 drains=95726 evl=0ms
[2026-06-04 08:24:00.064] [info] [Worker 9] [libqueen] push(q=0 f=0/24 p99rtt=35ms) pop(q=0 f=3/16 p99rtt=301ms) custom(q=3 f=0/1 p99rtt=11ms) slots=22/25 jobs/s=632 drains=95197 evl=0ms
[2026-06-04 08:24:00.066] [info] [Worker 2] [libqueen] push(q=5 f=0/24 p99rtt=38ms) pop(q=0 f=4/16 p99rtt=273ms) custom(q=3 f=0/1 p99rtt=11ms) slots=21/25 jobs/s=642 drains=95647 evl=0ms
[2026-06-04 08:24:00.967] [info] [Worker 7] [libqueen] push(q=0 f=1/24 p99rtt=37ms) pop(q=7 f=2/16 p99rtt=288ms) custom(q=3 f=0/1 p99rtt=13ms) slots=22/25 jobs/s=543 drains=94818 evl=0ms
[2026-06-04 08:24:00.977] [info] [Worker 4] [libqueen] push(q=0 f=1/24 p99rtt=38ms) pop(q=8 f=3/16 p99rtt=260ms) custom(q=3 f=0/1 p99rtt=12ms) slots=21/25 jobs/s=636 drains=96231 evl=3ms
[2026-06-04 08:24:00.992] [info] [Worker 8] [libqueen] push(q=0 f=1/24 p99rtt=36ms) pop(q=0 f=3/16 p99rtt=302ms) custom(q=3 f=0/1 p99rtt=12ms) slots=21/25 jobs/s=600 drains=95335 evl=0ms
[2026-06-04 08:24:01.003] [info] [Worker 5] [libqueen] push(q=0 f=1/24 p99rtt=38ms) pop(q=0 f=4/16 p99rtt=261ms) custom(q=0 f=0/1 p99rtt=12ms) slots=20/25 jobs/s=613 drains=96011 evl=0ms
[2026-06-04 08:24:01.014] [info] [Worker 1] [libqueen] push(q=0 f=1/24 p99rtt=38ms) pop(q=0 f=4/16 p99rtt=287ms) custom(q=0 f=0/1 p99rtt=13ms) slots=20/25 jobs/s=610 drains=96270 evl=0ms
[2026-06-04 08:24:01.018] [info] [Worker 6] [libqueen] push(q=0 f=1/24 p99rtt=37ms) pop(q=0 f=4/16 p99rtt=313ms) custom(q=0 f=0/1 p99rtt=14ms) slots=20/25 jobs/s=582 drains=95017 evl=0ms
[2026-06-04 08:24:01.031] [info] [Worker 3] [libqueen] push(q=0 f=1/24 p99rtt=39ms) pop(q=0 f=3/16 p99rtt=279ms) custom(q=0 f=0/1 p99rtt=11ms) slots=21/25 jobs/s=536 drains=95862 evl=0ms
[2026-06-04 08:24:01.037] [info] [Worker 0] [libqueen] push(q=0 f=0/24 p99rtt=41ms) pop(q=1 f=3/16 p99rtt=261ms) custom(q=0 f=0/1 p99rtt=11ms) slots=22/25 jobs/s=605 drains=96362 evl=0ms
[2026-06-04 08:24:01.064] [info] [Worker 9] [libqueen] push(q=5 f=0/24 p99rtt=35ms) pop(q=11 f=3/16 p99rtt=297ms) custom(q=0 f=0/1 p99rtt=11ms) slots=22/25 jobs/s=575 drains=95735 evl=0ms
[2026-06-04 08:24:01.066] [info] [Worker 2] [libqueen] push(q=0 f=1/24 p99rtt=39ms) pop(q=11 f=3/16 p99rtt=273ms) custom(q=0 f=0/1 p99rtt=11ms) slots=21/25 jobs/s=610 drains=96244 evl=1ms
[2026-06-04 08:24:01.967] [info] [Worker 7] [libqueen] push(q=0 f=1/24 p99rtt=38ms) pop(q=0 f=3/16 p99rtt=288ms) custom(q=0 f=0/1 p99rtt=13ms) slots=21/25 jobs/s=672 drains=95438 evl=0ms
[2026-06-04 08:24:01.977] [info] [Worker 4] [libqueen] push(q=0 f=0/24 p99rtt=38ms) pop(q=0 f=4/16 p99rtt=260ms) custom(q=0 f=1/1 p99rtt=12ms) slots=20/25 jobs/s=664 drains=96866 evl=0ms
[2026-06-04 08:24:01.991] [info] [Worker 8] [libqueen] push(q=0 f=1/24 p99rtt=37ms) pop(q=7 f=3/16 p99rtt=282ms) custom(q=0 f=0/1 p99rtt=12ms) slots=21/25 jobs/s=653 drains=95970 evl=0ms
[2026-06-04 08:24:02.003] [info] [Worker 5] [libqueen] push(q=5 f=0/24 p99rtt=39ms) pop(q=1 f=4/16 p99rtt=264ms) custom(q=0 f=0/1 p99rtt=13ms) slots=21/25 jobs/s=597 drains=96616 evl=0ms
[2026-06-04 08:24:02.014] [info] [Worker 1] [libqueen] push(q=0 f=1/24 p99rtt=38ms) pop(q=0 f=4/16 p99rtt=287ms) custom(q=0 f=1/1 p99rtt=13ms) slots=19/25 jobs/s=624 drains=96956 evl=0ms
[2026-06-04 08:24:02.018] [info] [Worker 6] [libqueen] push(q=0 f=1/24 p99rtt=37ms) pop(q=0 f=4/16 p99rtt=311ms) custom(q=0 f=1/1 p99rtt=14ms) slots=19/25 jobs/s=580 drains=95640 evl=0ms
[2026-06-04 08:24:02.031] [info] [Worker 3] [libqueen] push(q=0 f=1/24 p99rtt=39ms) pop(q=0 f=4/16 p99rtt=279ms) custom(q=0 f=0/1 p99rtt=13ms) slots=20/25 jobs/s=617 drains=96447 evl=0ms
[2026-06-04 08:24:02.038] [info] [Worker 0] [libqueen] push(q=0 f=1/24 p99rtt=41ms) pop(q=0 f=4/16 p99rtt=264ms) custom(q=0 f=0/1 p99rtt=12ms) slots=20/25 jobs/s=585 drains=96985 evl=0ms
[2026-06-04 08:24:02.064] [info] [Worker 9] [libqueen] push(q=0 f=1/24 p99rtt=37ms) pop(q=1 f=2/16 p99rtt=297ms) custom(q=0 f=0/1 p99rtt=11ms) slots=22/25 jobs/s=599 drains=96295 evl=0ms
[2026-06-04 08:24:02.066] [info] [Worker 2] [libqueen] push(q=0 f=0/24 p99rtt=41ms) pop(q=0 f=1/16 p99rtt=273ms) custom(q=0 f=0/1 p99rtt=11ms) slots=24/25 jobs/s=658 drains=96823 evl=0ms
[2026-06-04 08:24:02.966] [info] [Worker 7] [libqueen] push(q=0 f=1/24 p99rtt=38ms) pop(q=0 f=4/16 p99rtt=288ms) custom(q=0 f=0/1 p99rtt=13ms) slots=20/25 jobs/s=560 drains=95985 evl=0ms
[2026-06-04 08:24:02.977] [info] [Worker 4] [libqueen] push(q=5 f=0/24 p99rtt=39ms) pop(q=14 f=2/16 p99rtt=259ms) custom(q=0 f=0/1 p99rtt=12ms) slots=23/25 jobs/s=598 drains=97450 evl=0ms
[2026-06-04 08:24:02.992] [info] [Worker 8] [libqueen] push(q=5 f=0/24 p99rtt=39ms) pop(q=2 f=3/16 p99rtt=302ms) custom(q=0 f=0/1 p99rtt=12ms) slots=22/25 jobs/s=564 drains=96492 evl=0ms
[2026-06-04 08:24:03.003] [info] [Worker 5] [libqueen] push(q=0 f=0/24 p99rtt=39ms) pop(q=1 f=3/16 p99rtt=264ms) custom(q=0 f=0/1 p99rtt=12ms) slots=22/25 jobs/s=641 drains=97240 evl=0ms
[2026-06-04 08:24:03.013] [info] [Worker 1] [libqueen] push(q=0 f=1/24 p99rtt=40ms) pop(q=0 f=4/16 p99rtt=281ms) custom(q=0 f=0/1 p99rtt=15ms) slots=20/25 jobs/s=627 drains=97645 evl=0ms
[2026-06-04 08:24:03.018] [info] [Worker 6] [libqueen] push(q=0 f=1/24 p99rtt=39ms) pop(q=2 f=3/16 p99rtt=295ms) custom(q=0 f=0/1 p99rtt=14ms) slots=21/25 jobs/s=617 drains=96253 evl=0ms
[2026-06-04 08:24:03.031] [info] [Worker 3] [libqueen] push(q=0 f=1/24 p99rtt=40ms) pop(q=0 f=3/16 p99rtt=282ms) custom(q=0 f=0/1 p99rtt=13ms) slots=21/25 jobs/s=643 drains=97067 evl=0ms
[2026-06-04 08:24:03.038] [info] [Worker 0] [libqueen] push(q=0 f=1/24 p99rtt=41ms) pop(q=0 f=4/16 p99rtt=261ms) custom(q=0 f=0/1 p99rtt=12ms) slots=20/25 jobs/s=607 drains=97626 evl=0ms
[2026-06-04 08:24:03.064] [info] [Worker 9] [libqueen] push(q=5 f=0/24 p99rtt=37ms) pop(q=0 f=3/16 p99rtt=297ms) custom(q=0 f=0/1 p99rtt=11ms) slots=22/25 jobs/s=634 drains=96930 evl=0ms
[2026-06-04 08:24:03.066] [info] [Worker 2] [libqueen] push(q=5 f=0/24 p99rtt=41ms) pop(q=3 f=3/16 p99rtt=275ms) custom(q=0 f=0/1 p99rtt=11ms) slots=22/25 jobs/s=639 drains=97467 evl=0ms
[2026-06-04 08:24:03.967] [info] [Worker 7] [libqueen] push(q=0 f=1/24 p99rtt=39ms) pop(q=1 f=4/16 p99rtt=292ms) custom(q=0 f=0/1 p99rtt=12ms) slots=20/25 jobs/s=577 drains=96542 evl=0ms
[2026-06-04 08:24:03.978] [info] [Worker 4] [libqueen] push(q=5 f=0/24 p99rtt=40ms) pop(q=1 f=5/16 p99rtt=275ms) custom(q=0 f=0/1 p99rtt=12ms) slots=20/25 jobs/s=580 drains=98129 evl=0ms
[2026-06-04 08:24:03.992] [info] [Worker 8] [libqueen] push(q=5 f=0/24 p99rtt=40ms) pop(q=0 f=3/16 p99rtt=285ms) custom(q=0 f=0/1 p99rtt=12ms) slots=22/25 jobs/s=600 drains=97064 evl=0ms
[2026-06-04 08:24:04.002] [info] [Worker 5] [libqueen] push(q=5 f=0/24 p99rtt=40ms) pop(q=4 f=5/16 p99rtt=266ms) custom(q=0 f=0/1 p99rtt=12ms) slots=20/25 jobs/s=606 drains=97825 evl=0ms
[2026-06-04 08:24:04.015] [info] [Worker 1] [libqueen] push(q=0 f=1/24 p99rtt=41ms) pop(q=15 f=4/16 p99rtt=287ms) custom(q=0 f=0/1 p99rtt=15ms) slots=20/25 jobs/s=541 drains=98204 evl=0ms
[2026-06-04 08:24:04.018] [info] [Worker 6] [libqueen] push(q=0 f=1/24 p99rtt=39ms) pop(q=0 f=6/16 p99rtt=295ms) custom(q=0 f=0/1 p99rtt=14ms) slots=18/25 jobs/s=598 drains=96893 evl=0ms
[2026-06-04 08:24:04.031] [info] [Worker 3] [libqueen] push(q=0 f=1/24 p99rtt=39ms) pop(q=0 f=4/16 p99rtt=264ms) custom(q=0 f=0/1 p99rtt=14ms) slots=20/25 jobs/s=610 drains=97694 evl=0ms
[2026-06-04 08:24:04.039] [info] [Worker 0] [libqueen] push(q=0 f=1/24 p99rtt=41ms) pop(q=0 f=5/16 p99rtt=261ms) custom(q=0 f=0/1 p99rtt=12ms) slots=19/25 jobs/s=558 drains=98200 evl=0ms
[2026-06-04 08:24:04.063] [info] [Worker 9] [libqueen] push(q=0 f=1/24 p99rtt=37ms) pop(q=0 f=4/16 p99rtt=304ms) custom(q=0 f=0/1 p99rtt=11ms) slots=20/25 jobs/s=514 drains=97449 evl=0ms
[2026-06-04 08:24:04.066] [info] [Worker 2] [libqueen] push(q=0 f=1/24 p99rtt=41ms) pop(q=0 f=5/16 p99rtt=280ms) custom(q=0 f=0/1 p99rtt=11ms) slots=19/25 jobs/s=532 drains=98075 evl=0ms
[2026-06-04 08:24:04.967] [info] [Worker 7] [libqueen] push(q=0 f=1/24 p99rtt=43ms) pop(q=4 f=2/16 p99rtt=292ms) custom(q=0 f=0/1 p99rtt=12ms) slots=22/25 jobs/s=630 drains=97128 evl=0ms
[2026-06-04 08:24:04.978] [info] [Worker 4] [libqueen] push(q=3 f=0/24 p99rtt=40ms) pop(q=2 f=3/16 p99rtt=265ms) custom(q=0 f=1/1 p99rtt=12ms) slots=21/25 jobs/s=614 drains=98714 evl=0ms
[2026-06-04 08:24:04.992] [info] [Worker 8] [libqueen] push(q=0 f=1/24 p99rtt=41ms) pop(q=0 f=3/16 p99rtt=285ms) custom(q=0 f=0/1 p99rtt=12ms) slots=21/25 jobs/s=589 drains=97675 evl=0ms
[2026-06-04 08:24:05.003] [info] [Worker 5] [libqueen] push(q=0 f=1/24 p99rtt=40ms) pop(q=2 f=4/16 p99rtt=259ms) custom(q=0 f=0/1 p99rtt=13ms) slots=20/25 jobs/s=577 drains=98450 evl=0ms
[2026-06-04 08:24:05.015] [info] [Worker 1] [libqueen] push(q=0 f=1/24 p99rtt=41ms) pop(q=0 f=5/16 p99rtt=281ms) custom(q=0 f=0/1 p99rtt=15ms) slots=19/25 jobs/s=583 drains=98815 evl=0ms
[2026-06-04 08:24:05.019] [info] [Worker 6] [libqueen] push(q=0 f=0/24 p99rtt=39ms) pop(q=0 f=5/16 p99rtt=294ms) custom(q=0 f=0/1 p99rtt=16ms) slots=20/25 jobs/s=605 drains=97481 evl=0ms
[2026-06-04 08:24:05.032] [info] [Worker 3] [libqueen] push(q=5 f=0/24 p99rtt=40ms) pop(q=0 f=4/16 p99rtt=282ms) custom(q=0 f=0/1 p99rtt=14ms) slots=21/25 jobs/s=581 drains=98258 evl=0ms
[2026-06-04 08:24:05.040] [info] [Worker 0] [libqueen] push(q=0 f=1/24 p99rtt=41ms) pop(q=0 f=6/16 p99rtt=261ms) custom(q=0 f=0/1 p99rtt=12ms) slots=18/25 jobs/s=616 drains=98753 evl=0ms
[2026-06-04 08:24:05.064] [info] [Worker 9] [libqueen] push(q=5 f=0/24 p99rtt=38ms) pop(q=0 f=4/16 p99rtt=305ms) custom(q=0 f=0/1 p99rtt=11ms) slots=21/25 jobs/s=561 drains=98010 evl=0ms
[2026-06-04 08:24:05.066] [info] [Worker 2] [libqueen] push(q=5 f=0/24 p99rtt=41ms) pop(q=2 f=3/16 p99rtt=280ms) custom(q=0 f=0/1 p99rtt=11ms) slots=22/25 jobs/s=604 drains=98708 evl=0ms
[2026-06-04 08:24:05.967] [info] [Worker 7] [libqueen] push(q=0 f=1/24 p99rtt=39ms) pop(q=0 f=5/16 p99rtt=288ms) custom(q=0 f=0/1 p99rtt=12ms) slots=19/25 jobs/s=606 drains=97761 evl=0ms
[2026-06-04 08:24:05.978] [info] [Worker 4] [libqueen] push(q=0 f=0/24 p99rtt=39ms) pop(q=1 f=3/16 p99rtt=246ms) custom(q=0 f=1/1 p99rtt=12ms) slots=21/25 jobs/s=667 drains=99420 evl=0ms
[2026-06-04 08:24:05.992] [info] [Worker 8] [libqueen] push(q=0 f=1/24 p99rtt=40ms) pop(q=0 f=3/16 p99rtt=285ms) custom(q=0 f=0/1 p99rtt=12ms) slots=21/25 jobs/s=671 drains=98358 evl=0ms
[2026-06-04 08:24:06.003] [info] [Worker 5] [libqueen] push(q=5 f=0/24 p99rtt=39ms) pop(q=0 f=4/16 p99rtt=259ms) custom(q=0 f=1/1 p99rtt=13ms) slots=20/25 jobs/s=635 drains=99068 evl=0ms
[2026-06-04 08:24:06.016] [info] [Worker 1] [libqueen] push(q=1 f=0/24 p99rtt=41ms) pop(q=0 f=3/16 p99rtt=273ms) custom(q=0 f=0/1 p99rtt=15ms) slots=22/25 jobs/s=670 drains=99531 evl=0ms
[2026-06-04 08:24:06.019] [info] [Worker 6] [libqueen] push(q=0 f=0/24 p99rtt=39ms) pop(q=0 f=3/16 p99rtt=286ms) custom(q=0 f=1/1 p99rtt=16ms) slots=21/25 jobs/s=628 drains=98184 evl=0ms
[2026-06-04 08:24:06.032] [info] [Worker 3] [libqueen] push(q=5 f=0/24 p99rtt=39ms) pop(q=0 f=4/16 p99rtt=282ms) custom(q=0 f=0/1 p99rtt=14ms) slots=21/25 jobs/s=623 drains=98863 evl=0ms
[2026-06-04 08:24:06.039] [info] [Worker 0] [libqueen] push(q=0 f=1/24 p99rtt=41ms) pop(q=16 f=3/16 p99rtt=258ms) custom(q=0 f=0/1 p99rtt=12ms) slots=21/25 jobs/s=708 drains=99434 evl=0ms
[2026-06-04 08:24:06.064] [info] [Worker 9] [libqueen] push(q=0 f=1/24 p99rtt=37ms) pop(q=1 f=3/16 p99rtt=301ms) custom(q=0 f=0/1 p99rtt=10ms) slots=21/25 jobs/s=704 drains=98695 evl=0ms
[2026-06-04 08:24:06.066] [info] [Worker 2] [libqueen] push(q=0 f=1/24 p99rtt=41ms) pop(q=2 f=3/16 p99rtt=275ms) custom(q=0 f=0/1 p99rtt=11ms) slots=21/25 jobs/s=686 drains=99376 evl=0ms
[2026-06-04 08:24:06.967] [info] [Worker 7] [libqueen] push(q=0 f=1/24 p99rtt=39ms) pop(q=2 f=2/16 p99rtt=288ms) custom(q=0 f=0/1 p99rtt=12ms) slots=22/25 jobs/s=824 drains=98471 evl=0ms
[2026-06-04 08:24:06.977] [info] [Worker 4] [libqueen] push(q=5 f=0/24 p99rtt=39ms) pop(q=0 f=3/16 p99rtt=245ms) custom(q=0 f=0/1 p99rtt=12ms) slots=22/25 jobs/s=814 drains=100150 evl=0ms
[2026-06-04 08:24:06.991] [info] [Worker 8] [libqueen] push(q=5 f=0/24 p99rtt=40ms) pop(q=0 f=3/16 p99rtt=278ms) custom(q=0 f=0/1 p99rtt=12ms) slots=22/25 jobs/s=935 drains=99240 evl=0ms
[2026-06-04 08:24:07.003] [info] [Worker 5] [libqueen] push(q=0 f=1/24 p99rtt=39ms) pop(q=6 f=2/16 p99rtt=259ms) custom(q=0 f=0/1 p99rtt=13ms) slots=22/25 jobs/s=916 drains=99908 evl=0ms
[2026-06-04 08:24:07.016] [info] [Worker 1] [libqueen] push(q=5 f=0/24 p99rtt=41ms) pop(q=14 f=1/16 p99rtt=273ms) custom(q=0 f=0/1 p99rtt=16ms) slots=24/25 jobs/s=754 drains=100199 evl=0ms
[2026-06-04 08:24:07.020] [info] [Worker 6] [libqueen] push(q=0 f=1/24 p99rtt=39ms) pop(q=0 f=3/16 p99rtt=274ms) custom(q=0 f=0/1 p99rtt=16ms) slots=21/25 jobs/s=885 drains=99009 evl=0ms
[2026-06-04 08:24:07.033] [info] [Worker 3] [libqueen] push(q=0 f=0/24 p99rtt=39ms) pop(q=1 f=2/16 p99rtt=259ms) custom(q=0 f=0/1 p99rtt=14ms) slots=23/25 jobs/s=858 drains=99589 evl=0ms
[2026-06-04 08:24:07.039] [info] [Worker 0] [libqueen] push(q=0 f=1/24 p99rtt=41ms) pop(q=0 f=2/16 p99rtt=252ms) custom(q=0 f=0/1 p99rtt=12ms) slots=22/25 jobs/s=950 drains=100250 evl=0ms
[2026-06-04 08:24:07.066] [info] [Worker 9] [libqueen] push(q=0 f=1/24 p99rtt=37ms) pop(q=19 f=1/16 p99rtt=285ms) custom(q=0 f=0/1 p99rtt=11ms) slots=23/25 jobs/s=814 drains=99436 evl=0ms
[2026-06-04 08:24:07.067] [info] [Worker 2] [libqueen] push(q=5 f=0/24 p99rtt=41ms) pop(q=0 f=4/16 p99rtt=258ms) custom(q=0 f=0/1 p99rtt=11ms) slots=21/25 jobs/s=912 drains=100143 evl=0ms
[2026-06-04 08:24:07.968] [info] [Worker 7] [libqueen] push(q=0 f=1/24 p99rtt=39ms) pop(q=0 f=2/16 p99rtt=288ms) custom(q=0 f=0/1 p99rtt=12ms) slots=22/25 jobs/s=793 drains=99146 evl=0ms
[2026-06-04 08:24:07.977] [info] [Worker 4] [libqueen] push(q=0 f=1/24 p99rtt=39ms) pop(q=5 f=3/16 p99rtt=245ms) custom(q=0 f=0/1 p99rtt=12ms) slots=21/25 jobs/s=827 drains=100933 evl=0ms
[2026-06-04 08:24:07.992] [info] [Worker 8] [libqueen] push(q=5 f=0/24 p99rtt=40ms) pop(q=1 f=2/16 p99rtt=278ms) custom(q=0 f=0/1 p99rtt=12ms) slots=23/25 jobs/s=792 drains=99887 evl=0ms
[2026-06-04 08:24:08.003] [info] [Worker 5] [libqueen] push(q=0 f=1/24 p99rtt=40ms) pop(q=0 f=3/16 p99rtt=259ms) custom(q=0 f=0/1 p99rtt=13ms) slots=21/25 jobs/s=878 drains=100670 evl=0ms
[2026-06-04 08:24:08.016] [info] [Worker 1] [libqueen] push(q=5 f=0/24 p99rtt=41ms) pop(q=0 f=2/16 p99rtt=273ms) custom(q=0 f=0/1 p99rtt=13ms) slots=23/25 jobs/s=860 drains=100979 evl=0ms
[2026-06-04 08:24:08.020] [info] [Worker 6] [libqueen] push(q=0 f=1/24 p99rtt=39ms) pop(q=0 f=3/16 p99rtt=274ms) custom(q=0 f=0/1 p99rtt=16ms) slots=21/25 jobs/s=884 drains=99821 evl=0ms
[2026-06-04 08:24:08.034] [info] [Worker 3] [libqueen] push(q=5 f=0/24 p99rtt=40ms) pop(q=0 f=3/16 p99rtt=259ms) custom(q=0 f=0/1 p99rtt=14ms) slots=22/25 jobs/s=805 drains=100379 evl=0ms
[2026-06-04 08:24:08.041] [info] [Worker 0] [libqueen] push(q=0 f=1/24 p99rtt=41ms) pop(q=0 f=3/16 p99rtt=252ms) custom(q=0 f=0/1 p99rtt=12ms) slots=21/25 jobs/s=860 drains=101081 evl=0ms
[2026-06-04 08:24:08.066] [info] [Worker 9] [libqueen] push(q=0 f=1/24 p99rtt=37ms) pop(q=0 f=3/16 p99rtt=277ms) custom(q=0 f=0/1 p99rtt=11ms) slots=21/25 jobs/s=879 drains=100297 evl=0ms
[2026-06-04 08:24:08.067] [info] [Worker 2] [libqueen] push(q=0 f=1/24 p99rtt=41ms) pop(q=2 f=3/16 p99rtt=258ms) custom(q=0 f=0/1 p99rtt=11ms) slots=21/25 jobs/s=896 drains=101042 evl=0ms
[2026-06-04 08:24:08.819] [info] StatsService: cycle completed in 1500ms
[2026-06-04 08:24:08.967] [info] [Worker 7] [libqueen] push(q=5 f=0/24 p99rtt=43ms) pop(q=1 f=3/16 p99rtt=288ms) custom(q=0 f=0/1 p99rtt=12ms) slots=22/25 jobs/s=787 drains=99890 evl=0ms
[2026-06-04 08:24:08.979] [info] [Worker 4] [libqueen] push(q=0 f=1/24 p99rtt=39ms) pop(q=15 f=1/16 p99rtt=245ms) custom(q=0 f=0/1 p99rtt=12ms) slots=23/25 jobs/s=765 drains=101622 evl=0ms
[2026-06-04 08:24:08.992] [info] [Worker 8] [libqueen] push(q=5 f=0/24 p99rtt=41ms) pop(q=0 f=3/16 p99rtt=278ms) custom(q=0 f=0/1 p99rtt=12ms) slots=22/25 jobs/s=698 drains=100555 evl=0ms
[2026-06-04 08:24:09.003] [info] [Worker 5] [libqueen] push(q=5 f=0/24 p99rtt=40ms) pop(q=12 f=2/16 p99rtt=259ms) custom(q=0 f=0/1 p99rtt=14ms) slots=23/25 jobs/s=795 drains=101439 evl=0ms
[2026-06-04 08:24:09.017] [info] [Worker 1] [libqueen] push(q=5 f=0/24 p99rtt=41ms) pop(q=1 f=3/16 p99rtt=273ms) custom(q=0 f=1/1 p99rtt=13ms) slots=21/25 jobs/s=781 drains=101691 evl=0ms
[2026-06-04 08:24:09.020] [info] [Worker 6] [libqueen] push(q=5 f=0/24 p99rtt=39ms) pop(q=0 f=2/16 p99rtt=274ms) custom(q=0 f=0/1 p99rtt=17ms) slots=23/25 jobs/s=787 drains=100534 evl=0ms
[2026-06-04 08:24:09.034] [info] [Worker 3] [libqueen] push(q=5 f=0/24 p99rtt=39ms) pop(q=0 f=3/16 p99rtt=259ms) custom(q=0 f=0/1 p99rtt=14ms) slots=22/25 jobs/s=756 drains=101045 evl=0ms
[2026-06-04 08:24:09.042] [info] [Worker 0] [libqueen] push(q=0 f=1/24 p99rtt=41ms) pop(q=0 f=3/16 p99rtt=252ms) custom(q=0 f=0/1 p99rtt=12ms) slots=21/25 jobs/s=852 drains=101900 evl=0ms
[2026-06-04 08:24:09.065] [info] [Worker 9] [libqueen] push(q=5 f=0/24 p99rtt=38ms) pop(q=0 f=4/16 p99rtt=277ms) custom(q=0 f=1/1 p99rtt=11ms) slots=20/25 jobs/s=792 drains=101017 evl=0ms
[2026-06-04 08:24:09.067] [info] [Worker 2] [libqueen] push(q=0 f=1/24 p99rtt=41ms) pop(q=5 f=3/16 p99rtt=258ms) custom(q=0 f=0/1 p99rtt=11ms) slots=21/25 jobs/s=778 drains=101868 evl=0ms
[2026-06-04 08:24:09.967] [info] [Worker 7] [libqueen] push(q=0 f=1/24 p99rtt=43ms) pop(q=0 f=3/16 p99rtt=288ms) custom(q=0 f=0/1 p99rtt=12ms) slots=21/25 jobs/s=712 drains=100587 evl=0ms
[2026-06-04 08:24:09.979] [info] [Worker 4] [libqueen] push(q=5 f=0/24 p99rtt=38ms) pop(q=0 f=4/16 p99rtt=245ms) custom(q=0 f=0/1 p99rtt=12ms) slots=21/25 jobs/s=747 drains=102363 evl=0ms
[2026-06-04 08:24:09.992] [info] [Worker 8] [libqueen] push(q=5 f=0/24 p99rtt=40ms) pop(q=5 f=3/16 p99rtt=278ms) custom(q=0 f=0/1 p99rtt=13ms) slots=22/25 jobs/s=804 drains=101325 evl=0ms
[2026-06-04 08:24:10.002] [info] [Worker 5] [libqueen] push(q=0 f=0/24 p99rtt=40ms) pop(q=0 f=3/16 p99rtt=259ms) custom(q=0 f=0/1 p99rtt=14ms) slots=22/25 jobs/s=741 drains=102125 evl=0ms
[2026-06-04 08:24:10.016] [info] [Worker 1] [libqueen] push(q=5 f=0/24 p99rtt=41ms) pop(q=9 f=2/16 p99rtt=273ms) custom(q=0 f=0/1 p99rtt=13ms) slots=23/25 jobs/s=815 drains=102460 evl=0ms
[2026-06-04 08:24:10.020] [info] [Worker 6] [libqueen] push(q=0 f=1/24 p99rtt=39ms) pop(q=1 f=3/16 p99rtt=274ms) custom(q=0 f=0/1 p99rtt=17ms) slots=21/25 jobs/s=695 drains=101225 evl=0ms
[2026-06-04 08:24:10.035] [info] [Worker 3] [libqueen] push(q=5 f=0/24 p99rtt=39ms) pop(q=3 f=3/16 p99rtt=261ms) custom(q=0 f=0/1 p99rtt=14ms) slots=22/25 jobs/s=651 drains=101656 evl=0ms
[2026-06-04 08:24:10.041] [info] [Worker 0] [libqueen] push(q=0 f=1/24 p99rtt=41ms) pop(q=0 f=3/16 p99rtt=258ms) custom(q=0 f=0/1 p99rtt=12ms) slots=21/25 jobs/s=733 drains=102621 evl=0ms
[2026-06-04 08:24:10.065] [info] [Worker 9] [libqueen] push(q=4 f=0/24 p99rtt=37ms) pop(q=5 f=2/16 p99rtt=277ms) custom(q=0 f=0/1 p99rtt=11ms) slots=23/25 jobs/s=848 drains=101789 evl=0ms
[2026-06-04 08:24:10.067] [info] [Worker 2] [libqueen] push(q=0 f=1/24 p99rtt=41ms) pop(q=1 f=2/16 p99rtt=258ms) custom(q=0 f=0/1 p99rtt=11ms) slots=22/25 jobs/s=812 drains=102639 evl=0ms
[2026-06-04 08:24:10.967] [info] [Worker 7] [libqueen] push(q=0 f=1/24 p99rtt=43ms) pop(q=0 f=3/16 p99rtt=288ms) custom(q=0 f=1/1 p99rtt=12ms) slots=20/25 jobs/s=713 drains=101263 evl=0ms
[2026-06-04 08:24:10.980] [info] [Worker 4] [libqueen] push(q=0 f=1/24 p99rtt=40ms) pop(q=0 f=3/16 p99rtt=245ms) custom(q=0 f=0/1 p99rtt=12ms) slots=21/25 jobs/s=675 drains=103043 evl=0ms
[2026-06-04 08:24:10.991] [info] [Worker 8] [libqueen] push(q=5 f=0/24 p99rtt=41ms) pop(q=0 f=3/16 p99rtt=278ms) custom(q=0 f=0/1 p99rtt=14ms) slots=22/25 jobs/s=674 drains=101901 evl=0ms
[2026-06-04 08:24:11.002] [info] [Worker 5] [libqueen] push(q=0 f=1/24 p99rtt=40ms) pop(q=0 f=2/16 p99rtt=258ms) custom(q=0 f=0/1 p99rtt=14ms) slots=22/25 jobs/s=708 drains=102790 evl=0ms
[2026-06-04 08:24:11.017] [info] [Worker 1] [libqueen] push(q=5 f=0/24 p99rtt=41ms) pop(q=9 f=3/16 p99rtt=273ms) custom(q=0 f=0/1 p99rtt=14ms) slots=22/25 jobs/s=710 drains=103089 evl=0ms
[2026-06-04 08:24:11.022] [info] [Worker 6] [libqueen] push(q=0 f=1/24 p99rtt=39ms) pop(q=0 f=2/16 p99rtt=278ms) custom(q=0 f=0/1 p99rtt=16ms) slots=22/25 jobs/s=768 drains=101930 evl=0ms
[2026-06-04 08:24:11.035] [info] [Worker 3] [libqueen] push(q=0 f=1/24 p99rtt=40ms) pop(q=0 f=2/16 p99rtt=261ms) custom(q=0 f=0/1 p99rtt=14ms) slots=22/25 jobs/s=737 drains=102300 evl=0ms
[2026-06-04 08:24:11.043] [info] [Worker 0] [libqueen] push(q=0 f=1/24 p99rtt=41ms) pop(q=0 f=3/16 p99rtt=261ms) custom(q=0 f=0/1 p99rtt=12ms) slots=21/25 jobs/s=691 drains=103226 evl=0ms
[2026-06-04 08:24:11.066] [info] [Worker 9] [libqueen] push(q=0 f=1/24 p99rtt=38ms) pop(q=0 f=3/16 p99rtt=277ms) custom(q=0 f=0/1 p99rtt=11ms) slots=21/25 jobs/s=666 drains=102406 evl=0ms
[2026-06-04 08:24:11.067] [info] [Worker 2] [libqueen] push(q=0 f=1/24 p99rtt=44ms) pop(q=0 f=3/16 p99rtt=258ms) custom(q=0 f=0/1 p99rtt=11ms) slots=21/25 jobs/s=742 drains=103326 evl=0ms
[2026-06-04 08:24:11.968] [info] [Worker 7] [libqueen] push(q=0 f=1/24 p99rtt=43ms) pop(q=0 f=3/16 p99rtt=288ms) custom(q=0 f=0/1 p99rtt=13ms) slots=21/25 jobs/s=856 drains=102076 evl=0ms
[2026-06-04 08:24:11.980] [info] [Worker 4] [libqueen] push(q=5 f=0/24 p99rtt=40ms) pop(q=2 f=2/16 p99rtt=245ms) custom(q=0 f=0/1 p99rtt=12ms) slots=23/25 jobs/s=809 drains=103799 evl=0ms
[2026-06-04 08:24:11.992] [info] [Worker 8] [libqueen] push(q=0 f=1/24 p99rtt=41ms) pop(q=16 f=2/16 p99rtt=278ms) custom(q=0 f=0/1 p99rtt=14ms) slots=22/25 jobs/s=807 drains=102662 evl=0ms
[2026-06-04 08:24:12.003] [info] [Worker 5] [libqueen] push(q=0 f=1/24 p99rtt=40ms) pop(q=19 f=2/16 p99rtt=256ms) custom(q=0 f=0/1 p99rtt=14ms) slots=22/25 jobs/s=800 drains=103600 evl=0ms
[2026-06-04 08:24:12.018] [info] [Worker 1] [libqueen] push(q=0 f=1/24 p99rtt=41ms) pop(q=0 f=3/16 p99rtt=273ms) custom(q=0 f=0/1 p99rtt=14ms) slots=21/25 jobs/s=800 drains=103865 evl=0ms
[2026-06-04 08:24:12.021] [info] [Worker 6] [libqueen] push(q=0 f=1/24 p99rtt=39ms) pop(q=8 f=2/16 p99rtt=278ms) custom(q=0 f=0/1 p99rtt=17ms) slots=22/25 jobs/s=763 drains=102612 evl=0ms
[2026-06-04 08:24:12.035] [info] [Worker 3] [libqueen] push(q=0 f=1/24 p99rtt=39ms) pop(q=0 f=3/16 p99rtt=261ms) custom(q=0 f=0/1 p99rtt=14ms) slots=21/25 jobs/s=716 drains=102990 evl=0ms
[2026-06-04 08:24:12.043] [info] [Worker 0] [libqueen] push(q=0 f=1/24 p99rtt=41ms) pop(q=0 f=3/16 p99rtt=261ms) custom(q=0 f=0/1 p99rtt=12ms) slots=21/25 jobs/s=787 drains=103979 evl=0ms
[2026-06-04 08:24:12.067] [info] [Worker 2] [libqueen] push(q=5 f=0/24 p99rtt=44ms) pop(q=3 f=3/16 p99rtt=258ms) custom(q=0 f=1/1 p99rtt=11ms) slots=21/25 jobs/s=845 drains=104130 evl=0ms
[2026-06-04 08:24:12.067] [info] [Worker 9] [libqueen] push(q=0 f=1/24 p99rtt=38ms) pop(q=0 f=3/16 p99rtt=277ms) custom(q=0 f=0/1 p99rtt=11ms) slots=21/25 jobs/s=853 drains=103243 evl=0ms
[2026-06-04 08:24:12.968] [info] [Worker 7] [libqueen] push(q=5 f=0/24 p99rtt=43ms) pop(q=2 f=3/16 p99rtt=288ms) custom(q=0 f=0/1 p99rtt=14ms) slots=22/25 jobs/s=800 drains=102806 evl=0ms
[2026-06-04 08:24:12.981] [info] [Worker 4] [libqueen] push(q=5 f=0/24 p99rtt=40ms) pop(q=1 f=3/16 p99rtt=245ms) custom(q=0 f=0/1 p99rtt=12ms) slots=22/25 jobs/s=730 drains=104432 evl=0ms
[2026-06-04 08:24:12.992] [info] [Worker 8] [libqueen] push(q=0 f=1/24 p99rtt=40ms) pop(q=0 f=3/16 p99rtt=278ms) custom(q=0 f=0/1 p99rtt=14ms) slots=21/25 jobs/s=803 drains=103388 evl=0ms
[2026-06-04 08:24:13.003] [info] [Worker 5] [libqueen] push(q=0 f=1/24 p99rtt=40ms) pop(q=0 f=3/16 p99rtt=256ms) custom(q=0 f=1/1 p99rtt=14ms) slots=20/25 jobs/s=841 drains=104349 evl=0ms
[2026-06-04 08:24:13.019] [info] [Worker 1] [libqueen] push(q=0 f=1/24 p99rtt=41ms) pop(q=1 f=4/16 p99rtt=270ms) custom(q=0 f=0/1 p99rtt=16ms) slots=20/25 jobs/s=798 drains=104609 evl=0ms
[2026-06-04 08:24:13.024] [info] [Worker 6] [libqueen] push(q=0 f=1/24 p99rtt=39ms) pop(q=2 f=2/16 p99rtt=278ms) custom(q=0 f=0/1 p99rtt=17ms) slots=22/25 jobs/s=768 drains=103350 evl=0ms
[2026-06-04 08:24:13.034] [info] [Worker 3] [libqueen] push(q=3 f=1/24 p99rtt=40ms) pop(q=8 f=2/16 p99rtt=264ms) custom(q=0 f=0/1 p99rtt=14ms) slots=22/25 jobs/s=768 drains=103660 evl=0ms
[2026-06-04 08:24:13.043] [info] [Worker 0] [libqueen] push(q=0 f=1/24 p99rtt=41ms) pop(q=0 f=4/16 p99rtt=261ms) custom(q=0 f=0/1 p99rtt=11ms) slots=20/25 jobs/s=778 drains=104742 evl=0ms
[2026-06-04 08:24:13.066] [info] [Worker 9] [libqueen] push(q=0 f=1/24 p99rtt=38ms) pop(q=5 f=2/16 p99rtt=277ms) custom(q=0 f=0/1 p99rtt=12ms) slots=22/25 jobs/s=816 drains=103969 evl=0ms
[2026-06-04 08:24:13.067] [info] [Worker 2] [libqueen] push(q=5 f=0/24 p99rtt=44ms) pop(q=0 f=3/16 p99rtt=258ms) custom(q=0 f=0/1 p99rtt=11ms) slots=22/25 jobs/s=781 drains=104871 evl=0ms
[2026-06-04 08:24:13.969] [info] [Worker 7] [libqueen] push(q=0 f=0/24 p99rtt=43ms) pop(q=0 f=3/16 p99rtt=288ms) custom(q=0 f=1/1 p99rtt=14ms) slots=21/25 jobs/s=827 drains=103587 evl=0ms
[2026-06-04 08:24:13.981] [info] [Worker 4] [libqueen] push(q=5 f=0/24 p99rtt=40ms) pop(q=0 f=4/16 p99rtt=245ms) custom(q=0 f=0/1 p99rtt=12ms) slots=21/25 jobs/s=805 drains=105197 evl=0ms
[2026-06-04 08:24:13.993] [info] [Worker 8] [libqueen] push(q=5 f=0/24 p99rtt=41ms) pop(q=0 f=3/16 p99rtt=278ms) custom(q=0 f=0/1 p99rtt=14ms) slots=22/25 jobs/s=866 drains=104239 evl=0ms
[2026-06-04 08:24:14.003] [info] [Worker 5] [libqueen] push(q=0 f=1/24 p99rtt=40ms) pop(q=0 f=4/16 p99rtt=256ms) custom(q=0 f=0/1 p99rtt=14ms) slots=20/25 jobs/s=797 drains=105072 evl=0ms
[2026-06-04 08:24:14.020] [info] [Worker 1] [libqueen] push(q=0 f=1/24 p99rtt=41ms) pop(q=1 f=3/16 p99rtt=270ms) custom(q=0 f=0/1 p99rtt=14ms) slots=21/25 jobs/s=797 drains=105335 evl=0ms
[2026-06-04 08:24:14.023] [info] [Worker 6] [libqueen] push(q=0 f=0/24 p99rtt=39ms) pop(q=0 f=3/16 p99rtt=278ms) custom(q=0 f=0/1 p99rtt=17ms) slots=22/25 jobs/s=795 drains=104022 evl=0ms
[2026-06-04 08:24:14.035] [info] [Worker 3] [libqueen] push(q=5 f=0/24 p99rtt=40ms) pop(q=0 f=3/16 p99rtt=261ms) custom(q=0 f=1/1 p99rtt=13ms) slots=21/25 jobs/s=839 drains=104453 evl=0ms
[2026-06-04 08:24:14.043] [info] [Worker 0] [libqueen] push(q=5 f=0/24 p99rtt=41ms) pop(q=0 f=3/16 p99rtt=261ms) custom(q=0 f=0/1 p99rtt=11ms) slots=22/25 jobs/s=868 drains=105499 evl=0ms
[2026-06-04 08:24:14.067] [info] [Worker 2] [libqueen] push(q=0 f=1/24 p99rtt=44ms) pop(q=0 f=3/16 p99rtt=258ms) custom(q=0 f=0/1 p99rtt=11ms) slots=21/25 jobs/s=838 drains=105691 evl=0ms
[2026-06-04 08:24:14.067] [info] [Worker 9] [libqueen] push(q=0 f=1/24 p99rtt=38ms) pop(q=14 f=2/16 p99rtt=277ms) custom(q=0 f=0/1 p99rtt=12ms) slots=22/25 jobs/s=766 drains=104634 evl=0ms
[2026-06-04 08:24:14.969] [info] [Worker 7] [libqueen] push(q=0 f=0/24 p99rtt=43ms) pop(q=0 f=2/16 p99rtt=288ms) custom(q=0 f=0/1 p99rtt=13ms) slots=23/25 jobs/s=783 drains=104299 evl=0ms
[2026-06-04 08:24:14.983] [info] [Worker 4] [libqueen] push(q=0 f=1/24 p99rtt=40ms) pop(q=0 f=5/16 p99rtt=244ms) custom(q=0 f=0/1 p99rtt=12ms) slots=19/25 jobs/s=765 drains=105914 evl=0ms
[2026-06-04 08:24:14.993] [info] [Worker 8] [libqueen] push(q=0 f=1/24 p99rtt=39ms) pop(q=0 f=4/16 p99rtt=278ms) custom(q=0 f=0/1 p99rtt=12ms) slots=20/25 jobs/s=711 drains=104877 evl=0ms
[2026-06-04 08:24:15.002] [info] [Worker 5] [libqueen] push(q=0 f=0/24 p99rtt=40ms) pop(q=0 f=4/16 p99rtt=256ms) custom(q=0 f=1/1 p99rtt=13ms) slots=20/25 jobs/s=711 drains=105720 evl=0ms
[2026-06-04 08:24:15.021] [info] [Worker 1] [libqueen] push(q=0 f=1/24 p99rtt=41ms) pop(q=0 f=4/16 p99rtt=270ms) custom(q=0 f=0/1 p99rtt=13ms) slots=20/25 jobs/s=773 drains=106018 evl=0ms
[2026-06-04 08:24:15.025] [info] [Worker 6] [libqueen] push(q=0 f=1/24 p99rtt=39ms) pop(q=0 f=3/16 p99rtt=278ms) custom(q=0 f=0/1 p99rtt=14ms) slots=21/25 jobs/s=758 drains=104777 evl=0ms
[2026-06-04 08:24:15.034] [info] [Worker 3] [libqueen] push(q=0 f=0/24 p99rtt=39ms) pop(q=5 f=3/16 p99rtt=264ms) custom(q=0 f=1/1 p99rtt=13ms) slots=21/25 jobs/s=707 drains=105145 evl=0ms
[2026-06-04 08:24:15.042] [info] [Worker 0] [libqueen] push(q=5 f=0/24 p99rtt=41ms) pop(q=0 f=5/16 p99rtt=261ms) custom(q=0 f=0/1 p99rtt=11ms) slots=20/25 jobs/s=719 drains=106224 evl=0ms
[2026-06-04 08:24:15.067] [info] [Worker 9] [libqueen] push(q=5 f=0/24 p99rtt=38ms) pop(q=1 f=4/16 p99rtt=277ms) custom(q=0 f=1/1 p99rtt=11ms) slots=20/25 jobs/s=660 drains=105285 evl=0ms
[2026-06-04 08:24:15.067] [info] [Worker 2] [libqueen] push(q=0 f=1/24 p99rtt=44ms) pop(q=0 f=5/16 p99rtt=258ms) custom(q=0 f=0/1 p99rtt=11ms) slots=19/25 jobs/s=726 drains=106373 evl=0ms
[2026-06-04 08:24:15.969] [info] [Worker 7] [libqueen] push(q=0 f=1/24 p99rtt=43ms) pop(q=0 f=4/16 p99rtt=292ms) custom(q=0 f=0/1 p99rtt=13ms) slots=20/25 jobs/s=617 drains=104931 evl=0ms
[2026-06-04 08:24:15.983] [info] [Worker 4] [libqueen] push(q=5 f=0/24 p99rtt=39ms) pop(q=0 f=3/16 p99rtt=243ms) custom(q=0 f=0/1 p99rtt=12ms) slots=22/25 jobs/s=665 drains=106555 evl=0ms
[2026-06-04 08:24:15.993] [info] [Worker 8] [libqueen] push(q=5 f=0/24 p99rtt=37ms) pop(q=2 f=3/16 p99rtt=279ms) custom(q=0 f=0/1 p99rtt=11ms) slots=22/25 jobs/s=672 drains=105498 evl=0ms
[2026-06-04 08:24:16.003] [info] [Worker 5] [libqueen] push(q=0 f=1/24 p99rtt=39ms) pop(q=0 f=5/16 p99rtt=258ms) custom(q=0 f=0/1 p99rtt=13ms) slots=19/25 jobs/s=663 drains=106391 evl=0ms
[2026-06-04 08:24:16.022] [info] [Worker 1] [libqueen] push(q=5 f=0/24 p99rtt=40ms) pop(q=0 f=3/16 p99rtt=270ms) custom(q=0 f=0/1 p99rtt=14ms) slots=22/25 jobs/s=587 drains=106590 evl=0ms
[2026-06-04 08:24:16.027] [info] [Worker 6] [libqueen] push(q=0 f=1/24 p99rtt=39ms) pop(q=12 f=2/16 p99rtt=292ms) custom(q=0 f=0/1 p99rtt=16ms) slots=22/25 jobs/s=642 drains=105368 evl=0ms
[2026-06-04 08:24:16.034] [info] [Worker 3] [libqueen] push(q=0 f=1/24 p99rtt=40ms) pop(q=0 f=3/16 p99rtt=277ms) custom(q=0 f=0/1 p99rtt=12ms) slots=21/25 jobs/s=580 drains=105735 evl=0ms
[2026-06-04 08:24:16.043] [info] [Worker 0] [libqueen] push(q=0 f=0/24 p99rtt=41ms) pop(q=0 f=3/16 p99rtt=262ms) custom(q=0 f=1/1 p99rtt=10ms) slots=21/25 jobs/s=622 drains=106777 evl=0ms
[2026-06-04 08:24:16.067] [info] [Worker 9] [libqueen] push(q=0 f=1/24 p99rtt=38ms) pop(q=0 f=4/16 p99rtt=277ms) custom(q=0 f=0/1 p99rtt=11ms) slots=20/25 jobs/s=711 drains=105937 evl=0ms
[2026-06-04 08:24:16.069] [info] [Worker 2] [libqueen] push(q=0 f=0/24 p99rtt=43ms) pop(q=0 f=2/16 p99rtt=258ms) custom(q=0 f=1/1 p99rtt=11ms) slots=22/25 jobs/s=764 drains=107090 evl=0ms
[2026-06-04 08:24:16.392] [info] PartitionLookupReconcileService: fixed 4 partition_lookup rows (stats leader, hostname=112aa6a7f2d1)
[2026-06-04 08:24:16.968] [info] [Worker 7] [libqueen] push(q=0 f=1/24 p99rtt=43ms) pop(q=0 f=6/16 p99rtt=288ms) custom(q=0 f=0/1 p99rtt=12ms) slots=18/25 jobs/s=635 drains=105549 evl=0ms
[2026-06-04 08:24:16.983] [info] [Worker 4] [libqueen] push(q=5 f=0/24 p99rtt=39ms) pop(q=0 f=3/16 p99rtt=243ms) custom(q=0 f=1/1 p99rtt=12ms) slots=21/25 jobs/s=678 drains=107142 evl=0ms
[2026-06-04 08:24:16.993] [info] [Worker 8] [libqueen] push(q=5 f=0/24 p99rtt=37ms) pop(q=0 f=4/16 p99rtt=279ms) custom(q=0 f=0/1 p99rtt=11ms) slots=21/25 jobs/s=678 drains=106123 evl=0ms
[2026-06-04 08:24:17.004] [info] [Worker 5] [libqueen] push(q=0 f=1/24 p99rtt=40ms) pop(q=0 f=4/16 p99rtt=246ms) custom(q=0 f=0/1 p99rtt=13ms) slots=20/25 jobs/s=707 drains=107027 evl=0ms
[2026-06-04 08:24:17.023] [info] [Worker 1] [libqueen] push(q=5 f=0/24 p99rtt=39ms) pop(q=2 f=2/16 p99rtt=276ms) custom(q=0 f=0/1 p99rtt=16ms) slots=23/25 jobs/s=591 drains=107197 evl=0ms
[2026-06-04 08:24:17.029] [info] [Worker 6] [libqueen] push(q=0 f=0/24 p99rtt=39ms) pop(q=0 f=4/16 p99rtt=295ms) custom(q=0 f=1/1 p99rtt=16ms) slots=20/25 jobs/s=621 drains=106014 evl=0ms
[2026-06-04 08:24:17.035] [info] [Worker 3] [libqueen] push(q=5 f=0/24 p99rtt=39ms) pop(q=0 f=4/16 p99rtt=282ms) custom(q=0 f=1/1 p99rtt=12ms) slots=20/25 jobs/s=725 drains=106416 evl=0ms
[2026-06-04 08:24:17.042] [info] [Worker 0] [libqueen] push(q=5 f=0/24 p99rtt=39ms) pop(q=2 f=4/16 p99rtt=265ms) custom(q=0 f=0/1 p99rtt=10ms) slots=21/25 jobs/s=618 drains=107391 evl=0ms
[2026-06-04 08:24:17.067] [info] [Worker 9] [libqueen] push(q=0 f=0/24 p99rtt=38ms) pop(q=0 f=3/16 p99rtt=282ms) custom(q=0 f=1/1 p99rtt=12ms) slots=21/25 jobs/s=677 drains=106521 evl=0ms
[2026-06-04 08:24:17.069] [info] [Worker 2] [libqueen] push(q=4 f=0/24 p99rtt=43ms) pop(q=0 f=5/16 p99rtt=273ms) custom(q=0 f=0/1 p99rtt=11ms) slots=20/25 jobs/s=581 drains=107660 evl=0ms
[2026-06-04 08:24:17.969] [info] [Worker 7] [libqueen] push(q=0 f=1/24 p99rtt=43ms) pop(q=3 f=3/16 p99rtt=288ms) custom(q=0 f=0/1 p99rtt=12ms) slots=21/25 jobs/s=608 drains=106210 evl=0ms
[2026-06-04 08:24:17.983] [info] [Worker 4] [libqueen] push(q=5 f=0/24 p99rtt=38ms) pop(q=1 f=4/16 p99rtt=244ms) custom(q=0 f=0/1 p99rtt=12ms) slots=21/25 jobs/s=628 drains=107800 evl=0ms
[2026-06-04 08:24:17.993] [info] [Worker 8] [libqueen] push(q=0 f=1/24 p99rtt=37ms) pop(q=0 f=4/16 p99rtt=279ms) custom(q=0 f=0/1 p99rtt=11ms) slots=20/25 jobs/s=525 drains=106601 evl=0ms
[2026-06-04 08:24:18.004] [info] [Worker 5] [libqueen] push(q=0 f=1/24 p99rtt=39ms) pop(q=0 f=4/16 p99rtt=245ms) custom(q=0 f=0/1 p99rtt=14ms) slots=20/25 jobs/s=641 drains=107642 evl=0ms
[2026-06-04 08:24:18.022] [info] [Worker 1] [libqueen] push(q=0 f=1/24 p99rtt=38ms) pop(q=0 f=4/16 p99rtt=276ms) custom(q=0 f=0/1 p99rtt=24ms) slots=20/25 jobs/s=662 drains=107843 evl=0ms
[2026-06-04 08:24:18.029] [info] [Worker 6] [libqueen] push(q=5 f=0/24 p99rtt=39ms) pop(q=2 f=3/16 p99rtt=295ms) custom(q=0 f=0/1 p99rtt=14ms) slots=22/25 jobs/s=594 drains=106626 evl=0ms
[2026-06-04 08:24:18.035] [info] [Worker 3] [libqueen] push(q=0 f=0/24 p99rtt=38ms) pop(q=0 f=5/16 p99rtt=282ms) custom(q=0 f=1/1 p99rtt=13ms) slots=19/25 jobs/s=638 drains=106987 evl=0ms
[2026-06-04 08:24:18.043] [info] [Worker 0] [libqueen] push(q=0 f=1/24 p99rtt=39ms) pop(q=0 f=5/16 p99rtt=268ms) custom(q=0 f=0/1 p99rtt=11ms) slots=19/25 jobs/s=705 drains=108140 evl=0ms
[2026-06-04 08:24:18.067] [info] [Worker 9] [libqueen] push(q=0 f=1/24 p99rtt=38ms) pop(q=0 f=2/16 p99rtt=282ms) custom(q=0 f=0/1 p99rtt=12ms) slots=22/25 jobs/s=580 drains=107104 evl=0ms
[2026-06-04 08:24:18.069] [info] [Worker 2] [libqueen] push(q=5 f=0/24 p99rtt=41ms) pop(q=9 f=2/16 p99rtt=258ms) custom(q=0 f=0/1 p99rtt=11ms) slots=23/25 jobs/s=757 drains=108345 evl=0ms
[2026-06-04 08:24:18.970] [info] [Worker 7] [libqueen] push(q=0 f=1/24 p99rtt=43ms) pop(q=0 f=5/16 p99rtt=284ms) custom(q=0 f=0/1 p99rtt=11ms) slots=19/25 jobs/s=645 drains=106855 evl=0ms
[2026-06-04 08:24:18.983] [info] [Worker 4] [libqueen] push(q=0 f=0/24 p99rtt=39ms) pop(q=0 f=3/16 p99rtt=246ms) custom(q=0 f=0/1 p99rtt=12ms) slots=22/25 jobs/s=596 drains=108372 evl=0ms
[2026-06-04 08:24:18.993] [info] [Worker 8] [libqueen] push(q=0 f=1/24 p99rtt=39ms) pop(q=0 f=4/16 p99rtt=285ms) custom(q=0 f=0/1 p99rtt=11ms) slots=20/25 jobs/s=515 drains=107079 evl=0ms
[2026-06-04 08:24:19.004] [info] [Worker 5] [libqueen] push(q=0 f=1/24 p99rtt=40ms) pop(q=0 f=3/16 p99rtt=243ms) custom(q=0 f=0/1 p99rtt=14ms) slots=21/25 jobs/s=584 drains=108275 evl=0ms
[2026-06-04 08:24:19.023] [info] [Worker 1] [libqueen] push(q=5 f=0/24 p99rtt=39ms) pop(q=0 f=2/16 p99rtt=280ms) custom(q=0 f=0/1 p99rtt=24ms) slots=23/25 jobs/s=499 drains=108358 evl=0ms
[2026-06-04 08:24:19.029] [info] [Worker 6] [libqueen] push(q=5 f=0/24 p99rtt=39ms) pop(q=0 f=3/16 p99rtt=295ms) custom(q=0 f=1/1 p99rtt=14ms) slots=21/25 jobs/s=575 drains=107137 evl=0ms
[2026-06-04 08:24:19.035] [info] [Worker 3] [libqueen] push(q=5 f=0/24 p99rtt=39ms) pop(q=0 f=4/16 p99rtt=282ms) custom(q=0 f=0/1 p99rtt=13ms) slots=21/25 jobs/s=670 drains=107635 evl=0ms
[2026-06-04 08:24:19.043] [info] [Worker 0] [libqueen] push(q=0 f=1/24 p99rtt=39ms) pop(q=3 f=5/16 p99rtt=268ms) custom(q=0 f=0/1 p99rtt=11ms) slots=19/25 jobs/s=671 drains=108822 evl=0ms
[2026-06-04 08:24:19.067] [info] [Worker 9] [libqueen] push(q=0 f=1/24 p99rtt=39ms) pop(q=18 f=2/16 p99rtt=285ms) custom(q=0 f=0/1 p99rtt=12ms) slots=22/25 jobs/s=503 drains=107622 evl=0ms
[2026-06-04 08:24:19.070] [info] [Worker 2] [libqueen] push(q=0 f=1/24 p99rtt=41ms) pop(q=0 f=3/16 p99rtt=255ms) custom(q=0 f=0/1 p99rtt=11ms) slots=21/25 jobs/s=577 drains=108927 evl=0ms
[2026-06-04 08:24:19.850] [info] StatsService: cycle completed in 1530ms
[2026-06-04 08:24:19.970] [info] [Worker 7] [libqueen] push(q=1 f=0/24 p99rtt=44ms) pop(q=1 f=3/16 p99rtt=281ms) custom(q=0 f=0/1 p99rtt=11ms) slots=22/25 jobs/s=517 drains=107368 evl=0ms
[2026-06-04 08:24:19.983] [info] [Worker 4] [libqueen] push(q=0 f=1/24 p99rtt=39ms) pop(q=0 f=2/16 p99rtt=255ms) custom(q=0 f=0/1 p99rtt=12ms) slots=22/25 jobs/s=621 drains=108981 evl=0ms
[2026-06-04 08:24:19.993] [info] [Worker 8] [libqueen] push(q=0 f=1/24 p99rtt=37ms) pop(q=0 f=4/16 p99rtt=282ms) custom(q=0 f=0/1 p99rtt=11ms) slots=20/25 jobs/s=567 drains=107644 evl=0ms
[2026-06-04 08:24:20.004] [info] [Worker 5] [libqueen] push(q=0 f=0/24 p99rtt=40ms) pop(q=0 f=4/16 p99rtt=258ms) custom(q=0 f=0/1 p99rtt=14ms) slots=21/25 jobs/s=542 drains=108812 evl=0ms
[2026-06-04 08:24:20.023] [info] [Worker 1] [libqueen] push(q=0 f=1/24 p99rtt=39ms) pop(q=12 f=2/16 p99rtt=287ms) custom(q=0 f=0/1 p99rtt=25ms) slots=22/25 jobs/s=598 drains=108919 evl=0ms
[2026-06-04 08:24:20.028] [info] [Worker 6] [libqueen] push(q=4 f=0/24 p99rtt=39ms) pop(q=0 f=5/16 p99rtt=295ms) custom(q=0 f=1/1 p99rtt=16ms) slots=19/25 jobs/s=536 drains=107698 evl=0ms
[2026-06-04 08:24:20.035] [info] [Worker 3] [libqueen] push(q=0 f=1/24 p99rtt=38ms) pop(q=0 f=4/16 p99rtt=282ms) custom(q=0 f=0/1 p99rtt=13ms) slots=20/25 jobs/s=594 drains=108272 evl=0ms
[2026-06-04 08:24:20.043] [info] [Worker 0] [libqueen] push(q=5 f=0/24 p99rtt=39ms) pop(q=0 f=4/16 p99rtt=268ms) custom(q=0 f=0/1 p99rtt=11ms) slots=21/25 jobs/s=616 drains=109467 evl=0ms
[2026-06-04 08:24:20.068] [info] [Worker 9] [libqueen] push(q=0 f=1/24 p99rtt=38ms) pop(q=0 f=5/16 p99rtt=288ms) custom(q=0 f=0/1 p99rtt=12ms) slots=19/25 jobs/s=581 drains=108213 evl=1ms
[2026-06-04 08:24:20.069] [info] [Worker 2] [libqueen] push(q=0 f=1/24 p99rtt=38ms) pop(q=0 f=4/16 p99rtt=255ms) custom(q=0 f=0/1 p99rtt=11ms) slots=20/25 jobs/s=664 drains=109575 evl=0ms
[2026-06-04 08:24:20.969] [info] [Worker 7] [libqueen] push(q=0 f=1/24 p99rtt=42ms) pop(q=1 f=3/16 p99rtt=273ms) custom(q=0 f=0/1 p99rtt=11ms) slots=21/25 jobs/s=599 drains=107988 evl=0ms
[2026-06-04 08:24:20.983] [info] [Worker 4] [libqueen] push(q=5 f=0/24 p99rtt=38ms) pop(q=0 f=3/16 p99rtt=286ms) custom(q=0 f=0/1 p99rtt=12ms) slots=22/25 jobs/s=527 drains=109516 evl=0ms
[2026-06-04 08:24:20.993] [info] [Worker 8] [libqueen] push(q=0 f=1/24 p99rtt=37ms) pop(q=12 f=3/16 p99rtt=282ms) custom(q=0 f=0/1 p99rtt=11ms) slots=21/25 jobs/s=641 drains=108304 evl=0ms
[2026-06-04 08:24:21.004] [info] [Worker 5] [libqueen] push(q=0 f=1/24 p99rtt=39ms) pop(q=0 f=3/16 p99rtt=269ms) custom(q=0 f=0/1 p99rtt=14ms) slots=21/25 jobs/s=526 drains=109397 evl=0ms
[2026-06-04 08:24:21.024] [info] [Worker 1] [libqueen] push(q=0 f=1/24 p99rtt=39ms) pop(q=0 f=4/16 p99rtt=280ms) custom(q=0 f=0/1 p99rtt=24ms) slots=20/25 jobs/s=613 drains=109579 evl=0ms
[2026-06-04 08:24:21.028] [info] [Worker 6] [libqueen] push(q=0 f=1/24 p99rtt=39ms) pop(q=2 f=5/16 p99rtt=295ms) custom(q=0 f=0/1 p99rtt=14ms) slots=19/25 jobs/s=619 drains=108314 evl=0ms
[2026-06-04 08:24:21.035] [info] [Worker 3] [libqueen] push(q=0 f=0/24 p99rtt=38ms) pop(q=0 f=4/16 p99rtt=283ms) custom(q=0 f=0/1 p99rtt=14ms) slots=21/25 jobs/s=537 drains=108818 evl=0ms
[2026-06-04 08:24:21.043] [info] [Worker 0] [libqueen] push(q=0 f=1/24 p99rtt=39ms) pop(q=0 f=4/16 p99rtt=281ms) custom(q=0 f=0/1 p99rtt=11ms) slots=20/25 jobs/s=584 drains=110011 evl=0ms
[2026-06-04 08:24:21.068] [info] [Worker 9] [libqueen] push(q=0 f=1/24 p99rtt=37ms) pop(q=1 f=3/16 p99rtt=295ms) custom(q=0 f=0/1 p99rtt=12ms) slots=21/25 jobs/s=619 drains=108844 evl=0ms
[2026-06-04 08:24:21.069] [info] [Worker 2] [libqueen] push(q=0 f=1/24 p99rtt=38ms) pop(q=0 f=4/16 p99rtt=255ms) custom(q=0 f=0/1 p99rtt=11ms) slots=20/25 jobs/s=600 drains=110140 evl=0ms
[2026-06-04 08:24:21.970] [info] [Worker 7] [libqueen] push(q=0 f=1/24 p99rtt=37ms) pop(q=0 f=4/16 p99rtt=281ms) custom(q=0 f=1/1 p99rtt=11ms) slots=19/25 jobs/s=563 drains=108649 evl=0ms
[2026-06-04 08:24:21.983] [info] [Worker 4] [libqueen] push(q=5 f=0/24 p99rtt=38ms) pop(q=0 f=4/16 p99rtt=286ms) custom(q=0 f=0/1 p99rtt=12ms) slots=21/25 jobs/s=645 drains=110179 evl=0ms
[2026-06-04 08:24:21.992] [info] [Worker 8] [libqueen] push(q=0 f=0/24 p99rtt=37ms) pop(q=1 f=4/16 p99rtt=282ms) custom(q=0 f=1/1 p99rtt=11ms) slots=20/25 jobs/s=658 drains=109020 evl=0ms
[2026-06-04 08:24:22.003] [info] [Worker 5] [libqueen] push(q=0 f=1/24 p99rtt=39ms) pop(q=0 f=4/16 p99rtt=276ms) custom(q=0 f=0/1 p99rtt=13ms) slots=20/25 jobs/s=601 drains=110014 evl=0ms
[2026-06-04 08:24:22.024] [info] [Worker 1] [libqueen] push(q=5 f=0/24 p99rtt=39ms) pop(q=1 f=4/16 p99rtt=280ms) custom(q=0 f=1/1 p99rtt=22ms) slots=20/25 jobs/s=568 drains=110137 evl=0ms
[2026-06-04 08:24:22.029] [info] [Worker 6] [libqueen] push(q=0 f=1/24 p99rtt=37ms) pop(q=0 f=3/16 p99rtt=295ms) custom(q=0 f=0/1 p99rtt=13ms) slots=21/25 jobs/s=569 drains=108900 evl=0ms
[2026-06-04 08:24:22.037] [info] [Worker 3] [libqueen] push(q=0 f=1/24 p99rtt=36ms) pop(q=0 f=4/16 p99rtt=288ms) custom(q=0 f=0/1 p99rtt=14ms) slots=20/25 jobs/s=579 drains=109434 evl=0ms
[2026-06-04 08:24:22.043] [info] [Worker 0] [libqueen] push(q=0 f=1/24 p99rtt=38ms) pop(q=0 f=3/16 p99rtt=281ms) custom(q=0 f=0/1 p99rtt=11ms) slots=21/25 jobs/s=644 drains=110624 evl=0ms
[2026-06-04 08:24:22.067] [info] [Worker 9] [libqueen] push(q=0 f=0/24 p99rtt=37ms) pop(q=0 f=3/16 p99rtt=294ms) custom(q=0 f=1/1 p99rtt=12ms) slots=21/25 jobs/s=568 drains=109396 evl=0ms
[2026-06-04 08:24:22.069] [info] [Worker 2] [libqueen] push(q=5 f=0/24 p99rtt=38ms) pop(q=0 f=4/16 p99rtt=255ms) custom(q=0 f=0/1 p99rtt=11ms) slots=21/25 jobs/s=605 drains=110786 evl=0ms
[2026-06-04 08:24:22.353] [info] PartitionLookupReconcileService: fixed 11 partition_lookup rows (stats leader, hostname=112aa6a7f2d1)
[2026-06-04 08:24:22.970] [info] [Worker 7] [libqueen] push(q=0 f=1/24 p99rtt=36ms) pop(q=0 f=3/16 p99rtt=281ms) custom(q=0 f=0/1 p99rtt=12ms) slots=21/25 jobs/s=514 drains=109188 evl=0ms
[2026-06-04 08:24:22.988] [info] [Worker 4] [libqueen] push(q=0 f=1/24 p99rtt=38ms) pop(q=14 f=3/16 p99rtt=294ms) custom(q=0 f=0/1 p99rtt=12ms) slots=21/25 jobs/s=570 drains=110837 evl=0ms
[2026-06-04 08:24:22.996] [info] [Worker 8] [libqueen] push(q=0 f=1/24 p99rtt=37ms) pop(q=1 f=3/16 p99rtt=302ms) custom(q=0 f=0/1 p99rtt=12ms) slots=21/25 jobs/s=538 drains=109556 evl=0ms
[2026-06-04 08:24:23.004] [info] [Worker 5] [libqueen] push(q=0 f=0/24 p99rtt=38ms) pop(q=1 f=5/16 p99rtt=269ms) custom(q=0 f=1/1 p99rtt=14ms) slots=19/25 jobs/s=579 drains=110607 evl=0ms
[2026-06-04 08:24:23.024] [info] [Worker 1] [libqueen] push(q=1 f=0/24 p99rtt=38ms) pop(q=0 f=5/16 p99rtt=280ms) custom(q=0 f=1/1 p99rtt=22ms) slots=19/25 jobs/s=579 drains=110687 evl=0ms
[2026-06-04 08:24:23.028] [info] [Worker 6] [libqueen] push(q=0 f=1/24 p99rtt=37ms) pop(q=10 f=3/16 p99rtt=295ms) custom(q=0 f=0/1 p99rtt=16ms) slots=21/25 jobs/s=566 drains=109488 evl=0ms
[2026-06-04 08:24:23.036] [info] [Worker 3] [libqueen] push(q=0 f=0/24 p99rtt=36ms) pop(q=0 f=3/16 p99rtt=292ms) custom(q=0 f=0/1 p99rtt=15ms) slots=22/25 jobs/s=517 drains=110006 evl=0ms
[2026-06-04 08:24:23.045] [info] [Worker 0] [libqueen] push(q=0 f=1/24 p99rtt=38ms) pop(q=0 f=4/16 p99rtt=287ms) custom(q=0 f=0/1 p99rtt=12ms) slots=20/25 jobs/s=632 drains=111227 evl=0ms
[2026-06-04 08:24:23.068] [info] [Worker 9] [libqueen] push(q=0 f=1/24 p99rtt=37ms) pop(q=0 f=4/16 p99rtt=288ms) custom(q=0 f=0/1 p99rtt=12ms) slots=20/25 jobs/s=585 drains=109992 evl=0ms
[2026-06-04 08:24:23.069] [info] [Worker 2] [libqueen] push(q=0 f=1/24 p99rtt=37ms) pop(q=0 f=4/16 p99rtt=262ms) custom(q=0 f=1/1 p99rtt=12ms) slots=19/25 jobs/s=673 drains=111456 evl=0ms
[2026-06-04 08:24:23.970] [info] [Worker 7] [libqueen] push(q=0 f=1/24 p99rtt=36ms) pop(q=0 f=3/16 p99rtt=292ms) custom(q=0 f=0/1 p99rtt=11ms) slots=21/25 jobs/s=571 drains=109749 evl=0ms
[2026-06-04 08:24:23.988] [info] [Worker 4] [libqueen] push(q=0 f=1/24 p99rtt=36ms) pop(q=0 f=3/16 p99rtt=299ms) custom(q=0 f=0/1 p99rtt=12ms) slots=21/25 jobs/s=552 drains=111397 evl=0ms
[2026-06-04 08:24:23.996] [info] [Worker 8] [libqueen] push(q=0 f=0/24 p99rtt=37ms) pop(q=0 f=3/16 p99rtt=304ms) custom(q=0 f=1/1 p99rtt=12ms) slots=21/25 jobs/s=590 drains=110119 evl=0ms
[2026-06-04 08:24:24.004] [info] [Worker 5] [libqueen] push(q=0 f=1/24 p99rtt=38ms) pop(q=0 f=2/16 p99rtt=277ms) custom(q=0 f=0/1 p99rtt=14ms) slots=22/25 jobs/s=577 drains=111215 evl=0ms
[2026-06-04 08:24:24.024] [info] [Worker 1] [libqueen] push(q=0 f=1/24 p99rtt=39ms) pop(q=0 f=4/16 p99rtt=282ms) custom(q=0 f=0/1 p99rtt=16ms) slots=20/25 jobs/s=574 drains=111207 evl=0ms
[2026-06-04 08:24:24.031] [info] [Worker 6] [libqueen] push(q=0 f=0/24 p99rtt=37ms) pop(q=0 f=4/16 p99rtt=297ms) custom(q=0 f=1/1 p99rtt=16ms) slots=20/25 jobs/s=609 drains=110072 evl=0ms
[2026-06-04 08:24:24.037] [info] [Worker 3] [libqueen] push(q=0 f=1/24 p99rtt=36ms) pop(q=0 f=3/16 p99rtt=292ms) custom(q=0 f=0/1 p99rtt=15ms) slots=21/25 jobs/s=595 drains=110585 evl=0ms
[2026-06-04 08:24:24.045] [info] [Worker 0] [libqueen] push(q=5 f=0/24 p99rtt=35ms) pop(q=3 f=3/16 p99rtt=281ms) custom(q=0 f=0/1 p99rtt=11ms) slots=22/25 jobs/s=582 drains=111858 evl=0ms
[2026-06-04 08:24:24.068] [info] [Worker 9] [libqueen] push(q=5 f=0/24 p99rtt=36ms) pop(q=0 f=3/16 p99rtt=294ms) custom(q=0 f=1/1 p99rtt=13ms) slots=21/25 jobs/s=630 drains=110608 evl=0ms
[2026-06-04 08:24:24.069] [info] [Worker 2] [libqueen] push(q=0 f=1/24 p99rtt=37ms) pop(q=0 f=2/16 p99rtt=262ms) custom(q=0 f=0/1 p99rtt=11ms) slots=22/25 jobs/s=571 drains=112030 evl=0ms
[2026-06-04 08:24:24.970] [info] [Worker 7] [libqueen] push(q=0 f=1/24 p99rtt=35ms) pop(q=0 f=3/16 p99rtt=281ms) custom(q=0 f=0/1 p99rtt=11ms) slots=21/25 jobs/s=659 drains=110362 evl=0ms
[2026-06-04 08:24:24.990] [info] [Worker 4] [libqueen] push(q=0 f=0/24 p99rtt=36ms) pop(q=0 f=3/16 p99rtt=273ms) custom(q=0 f=1/1 p99rtt=12ms) slots=21/25 jobs/s=674 drains=112046 evl=0ms
[2026-06-04 08:24:24.997] [info] [Worker 8] [libqueen] push(q=5 f=0/24 p99rtt=36ms) pop(q=0 f=4/16 p99rtt=302ms) custom(q=0 f=0/1 p99rtt=12ms) slots=21/25 jobs/s=664 drains=110751 evl=0ms
[2026-06-04 08:24:25.005] [info] [Worker 5] [libqueen] push(q=5 f=0/24 p99rtt=38ms) pop(q=0 f=3/16 p99rtt=277ms) custom(q=0 f=0/1 p99rtt=12ms) slots=22/25 jobs/s=656 drains=111844 evl=0ms
[2026-06-04 08:24:25.025] [info] [Worker 1] [libqueen] push(q=5 f=0/24 p99rtt=37ms) pop(q=0 f=4/16 p99rtt=282ms) custom(q=0 f=0/1 p99rtt=15ms) slots=21/25 jobs/s=613 drains=111773 evl=0ms
[2026-06-04 08:24:25.031] [info] [Worker 6] [libqueen] push(q=5 f=0/24 p99rtt=36ms) pop(q=18 f=4/16 p99rtt=297ms) custom(q=0 f=0/1 p99rtt=12ms) slots=21/25 jobs/s=715 drains=110801 evl=0ms
[2026-06-04 08:24:25.036] [info] [Worker 3] [libqueen] push(q=0 f=0/24 p99rtt=36ms) pop(q=0 f=3/16 p99rtt=292ms) custom(q=0 f=0/1 p99rtt=14ms) slots=22/25 jobs/s=638 drains=111196 evl=0ms
[2026-06-04 08:24:25.045] [info] [Worker 0] [libqueen] push(q=5 f=0/24 p99rtt=35ms) pop(q=6 f=3/16 p99rtt=279ms) custom(q=0 f=0/1 p99rtt=11ms) slots=22/25 jobs/s=681 drains=112548 evl=0ms
[2026-06-04 08:24:25.068] [info] [Worker 9] [libqueen] push(q=0 f=1/24 p99rtt=36ms) pop(q=0 f=4/16 p99rtt=294ms) custom(q=0 f=0/1 p99rtt=13ms) slots=20/25 jobs/s=682 drains=111344 evl=0ms
[2026-06-04 08:24:25.069] [info] [Worker 2] [libqueen] push(q=0 f=1/24 p99rtt=37ms) pop(q=0 f=4/16 p99rtt=259ms) custom(q=0 f=0/1 p99rtt=11ms) slots=20/25 jobs/s=579 drains=112632 evl=0ms
[2026-06-04 08:24:25.969] [info] [Worker 7] [libqueen] push(q=5 f=0/24 p99rtt=35ms) pop(q=4 f=3/16 p99rtt=281ms) custom(q=0 f=0/1 p99rtt=11ms) slots=22/25 jobs/s=821 drains=111019 evl=0ms
[2026-06-04 08:24:25.990] [info] [Worker 4] [libqueen] push(q=0 f=1/24 p99rtt=36ms) pop(q=0 f=3/16 p99rtt=273ms) custom(q=0 f=0/1 p99rtt=12ms) slots=21/25 jobs/s=877 drains=112910 evl=0ms
[2026-06-04 08:24:25.996] [info] [Worker 8] [libqueen] push(q=0 f=1/24 p99rtt=36ms) pop(q=0 f=3/16 p99rtt=302ms) custom(q=0 f=1/1 p99rtt=12ms) slots=20/25 jobs/s=921 drains=111548 evl=0ms
[2026-06-04 08:24:26.005] [info] [Worker 5] [libqueen] push(q=0 f=1/24 p99rtt=38ms) pop(q=0 f=4/16 p99rtt=276ms) custom(q=0 f=0/1 p99rtt=12ms) slots=20/25 jobs/s=879 drains=112625 evl=0ms
[2026-06-04 08:24:26.025] [info] [Worker 1] [libqueen] push(q=3 f=0/24 p99rtt=37ms) pop(q=0 f=5/16 p99rtt=261ms) custom(q=0 f=1/1 p99rtt=15ms) slots=19/25 jobs/s=887 drains=112567 evl=0ms
[2026-06-04 08:24:26.032] [info] [Worker 6] [libqueen] push(q=0 f=0/24 p99rtt=37ms) pop(q=0 f=2/16 p99rtt=277ms) custom(q=0 f=0/1 p99rtt=12ms) slots=23/25 jobs/s=918 drains=111641 evl=0ms
[2026-06-04 08:24:26.036] [info] [Worker 3] [libqueen] push(q=5 f=0/24 p99rtt=36ms) pop(q=13 f=2/16 p99rtt=292ms) custom(q=0 f=0/1 p99rtt=14ms) slots=23/25 jobs/s=805 drains=111909 evl=0ms
[2026-06-04 08:24:26.045] [info] [Worker 0] [libqueen] push(q=0 f=1/24 p99rtt=35ms) pop(q=0 f=3/16 p99rtt=276ms) custom(q=0 f=0/1 p99rtt=11ms) slots=21/25 jobs/s=902 drains=113327 evl=0ms
[2026-06-04 08:24:26.068] [info] [Worker 9] [libqueen] push(q=5 f=0/24 p99rtt=36ms) pop(q=0 f=4/16 p99rtt=286ms) custom(q=0 f=1/1 p99rtt=12ms) slots=20/25 jobs/s=851 drains=112136 evl=0ms
[2026-06-04 08:24:26.068] [info] [Worker 2] [libqueen] push(q=0 f=1/24 p99rtt=38ms) pop(q=1 f=2/16 p99rtt=259ms) custom(q=0 f=0/1 p99rtt=11ms) slots=22/25 jobs/s=856 drains=113397 evl=0ms
[2026-06-04 08:24:26.971] [info] [Worker 7] [libqueen] push(q=0 f=1/24 p99rtt=36ms) pop(q=7 f=2/16 p99rtt=272ms) custom(q=0 f=0/1 p99rtt=11ms) slots=22/25 jobs/s=920 drains=111893 evl=0ms
[2026-06-04 08:24:26.990] [info] [Worker 4] [libqueen] push(q=5 f=0/24 p99rtt=38ms) pop(q=7 f=2/16 p99rtt=271ms) custom(q=0 f=0/1 p99rtt=12ms) slots=23/25 jobs/s=923 drains=113785 evl=0ms
[2026-06-04 08:24:26.996] [info] [Worker 8] [libqueen] push(q=5 f=0/24 p99rtt=35ms) pop(q=0 f=2/16 p99rtt=282ms) custom(q=0 f=0/1 p99rtt=14ms) slots=23/25 jobs/s=941 drains=112337 evl=0ms
[2026-06-04 08:24:27.005] [info] [Worker 5] [libqueen] push(q=0 f=1/24 p99rtt=36ms) pop(q=1 f=3/16 p99rtt=276ms) custom(q=0 f=0/1 p99rtt=12ms) slots=21/25 jobs/s=952 drains=113421 evl=0ms
[2026-06-04 08:24:27.028] [info] [Worker 1] [libqueen] push(q=0 f=0/24 p99rtt=37ms) pop(q=10 f=1/16 p99rtt=261ms) custom(q=0 f=1/1 p99rtt=15ms) slots=23/25 jobs/s=821 drains=113287 evl=0ms
[2026-06-04 08:24:27.031] [info] [Worker 6] [libqueen] push(q=5 f=0/24 p99rtt=36ms) pop(q=0 f=3/16 p99rtt=276ms) custom(q=0 f=0/1 p99rtt=12ms) slots=22/25 jobs/s=870 drains=112389 evl=0ms
[2026-06-04 08:24:27.037] [info] [Worker 3] [libqueen] push(q=0 f=1/24 p99rtt=36ms) pop(q=19 f=2/16 p99rtt=288ms) custom(q=0 f=0/1 p99rtt=14ms) slots=22/25 jobs/s=993 drains=112761 evl=0ms
[2026-06-04 08:24:27.044] [info] [Worker 0] [libqueen] push(q=5 f=0/24 p99rtt=35ms) pop(q=0 f=3/16 p99rtt=276ms) custom(q=0 f=0/1 p99rtt=11ms) slots=22/25 jobs/s=950 drains=114214 evl=0ms
[2026-06-04 08:24:27.068] [info] [Worker 9] [libqueen] push(q=3 f=0/24 p99rtt=36ms) pop(q=0 f=3/16 p99rtt=275ms) custom(q=0 f=0/1 p99rtt=12ms) slots=22/25 jobs/s=933 drains=113001 evl=0ms
[2026-06-04 08:24:27.069] [info] [Worker 2] [libqueen] push(q=2 f=1/24 p99rtt=38ms) pop(q=0 f=2/16 p99rtt=259ms) custom(q=0 f=0/1 p99rtt=11ms) slots=22/25 jobs/s=946 drains=114195 evl=0ms
[2026-06-04 08:24:27.972] [info] [Worker 7] [libqueen] push(q=5 f=0/24 p99rtt=35ms) pop(q=0 f=3/16 p99rtt=272ms) custom(q=0 f=0/1 p99rtt=11ms) slots=22/25 jobs/s=928 drains=112738 evl=0ms
[2026-06-04 08:24:27.990] [info] [Worker 4] [libqueen] push(q=0 f=1/24 p99rtt=38ms) pop(q=2 f=3/16 p99rtt=271ms) custom(q=0 f=0/1 p99rtt=11ms) slots=21/25 jobs/s=928 drains=114626 evl=0ms
[2026-06-04 08:24:27.997] [info] [Worker 8] [libqueen] push(q=0 f=1/24 p99rtt=35ms) pop(q=0 f=5/16 p99rtt=282ms) custom(q=0 f=0/1 p99rtt=14ms) slots=19/25 jobs/s=798 drains=113081 evl=0ms
[2026-06-04 08:24:28.005] [info] [Worker 5] [libqueen] push(q=0 f=1/24 p99rtt=36ms) pop(q=1 f=4/16 p99rtt=276ms) custom(q=0 f=0/1 p99rtt=12ms) slots=20/25 jobs/s=866 drains=114138 evl=0ms
[2026-06-04 08:24:28.029] [info] [Worker 1] [libqueen] push(q=0 f=0/24 p99rtt=37ms) pop(q=0 f=2/16 p99rtt=254ms) custom(q=0 f=0/1 p99rtt=15ms) slots=23/25 jobs/s=817 drains=113985 evl=1ms
[2026-06-04 08:24:28.032] [info] [Worker 6] [libqueen] push(q=1 f=1/24 p99rtt=36ms) pop(q=5 f=3/16 p99rtt=276ms) custom(q=0 f=0/1 p99rtt=12ms) slots=21/25 jobs/s=919 drains=113212 evl=0ms
[2026-06-04 08:24:28.038] [info] [Worker 3] [libqueen] push(q=5 f=0/24 p99rtt=35ms) pop(q=1 f=2/16 p99rtt=288ms) custom(q=0 f=0/1 p99rtt=14ms) slots=23/25 jobs/s=846 drains=113457 evl=0ms
[2026-06-04 08:24:28.046] [info] [Worker 0] [libqueen] push(q=0 f=1/24 p99rtt=35ms) pop(q=0 f=4/16 p99rtt=276ms) custom(q=0 f=0/1 p99rtt=11ms) slots=20/25 jobs/s=854 drains=115018 evl=2ms
[2026-06-04 08:24:28.068] [info] [Worker 9] [libqueen] push(q=0 f=1/24 p99rtt=35ms) pop(q=0 f=3/16 p99rtt=282ms) custom(q=0 f=0/1 p99rtt=12ms) slots=21/25 jobs/s=704 drains=113681 evl=0ms
[2026-06-04 08:24:28.069] [info] [Worker 2] [libqueen] push(q=0 f=0/24 p99rtt=35ms) pop(q=0 f=2/16 p99rtt=259ms) custom(q=0 f=1/1 p99rtt=12ms) slots=22/25 jobs/s=906 drains=114984 evl=0ms
[2026-06-04 08:24:28.973] [info] [Worker 7] [libqueen] push(q=0 f=0/24 p99rtt=35ms) pop(q=0 f=3/16 p99rtt=272ms) custom(q=0 f=1/1 p99rtt=14ms) slots=21/25 jobs/s=731 drains=113417 evl=0ms
[2026-06-04 08:24:28.989] [info] [Worker 4] [libqueen] push(q=0 f=1/24 p99rtt=38ms) pop(q=2 f=3/16 p99rtt=271ms) custom(q=0 f=0/1 p99rtt=11ms) slots=21/25 jobs/s=811 drains=115405 evl=0ms
[2026-06-04 08:24:28.997] [info] [Worker 8] [libqueen] push(q=0 f=0/24 p99rtt=36ms) pop(q=0 f=4/16 p99rtt=282ms) custom(q=0 f=1/1 p99rtt=12ms) slots=20/25 jobs/s=742 drains=113767 evl=0ms
[2026-06-04 08:24:29.005] [info] [Worker 5] [libqueen] push(q=5 f=0/24 p99rtt=36ms) pop(q=5 f=2/16 p99rtt=276ms) custom(q=0 f=0/1 p99rtt=12ms) slots=23/25 jobs/s=751 drains=114885 evl=0ms
[2026-06-04 08:24:29.029] [info] [Worker 1] [libqueen] push(q=5 f=0/24 p99rtt=37ms) pop(q=8 f=2/16 p99rtt=254ms) custom(q=0 f=0/1 p99rtt=15ms) slots=23/25 jobs/s=795 drains=114748 evl=0ms
[2026-06-04 08:24:29.033] [info] [Worker 6] [libqueen] push(q=0 f=1/24 p99rtt=36ms) pop(q=7 f=2/16 p99rtt=276ms) custom(q=0 f=0/1 p99rtt=12ms) slots=22/25 jobs/s=831 drains=113948 evl=0ms
[2026-06-04 08:24:29.038] [info] [Worker 3] [libqueen] push(q=0 f=1/24 p99rtt=36ms) pop(q=0 f=3/16 p99rtt=288ms) custom(q=0 f=0/1 p99rtt=14ms) slots=21/25 jobs/s=765 drains=114145 evl=0ms
[2026-06-04 08:24:29.052] [info] [Worker 0] [libqueen] push(q=0 f=0/24 p99rtt=35ms) pop(q=0 f=3/16 p99rtt=276ms) custom(q=0 f=1/1 p99rtt=11ms) slots=21/25 jobs/s=754 drains=115707 evl=0ms
[2026-06-04 08:24:29.067] [info] [Worker 9] [libqueen] push(q=0 f=0/24 p99rtt=35ms) pop(q=19 f=2/16 p99rtt=284ms) custom(q=0 f=0/1 p99rtt=12ms) slots=23/25 jobs/s=759 drains=114438 evl=0ms
[2026-06-04 08:24:29.070] [info] [Worker 2] [libqueen] push(q=0 f=1/24 p99rtt=35ms) pop(q=0 f=3/16 p99rtt=259ms) custom(q=0 f=0/1 p99rtt=12ms) slots=21/25 jobs/s=629 drains=115547 evl=0ms
[2026-06-04 08:24:29.854] [info] StatsService: cycle completed in 1531ms
[2026-06-04 08:24:29.974] [info] [Worker 7] [libqueen] push(q=0 f=0/24 p99rtt=34ms) pop(q=13 f=3/16 p99rtt=272ms) custom(q=0 f=0/1 p99rtt=14ms) slots=22/25 jobs/s=752 drains=114113 evl=0ms
[2026-06-04 08:24:29.989] [info] [Worker 4] [libqueen] push(q=1 f=1/24 p99rtt=36ms) pop(q=0 f=4/16 p99rtt=271ms) custom(q=0 f=1/1 p99rtt=11ms) slots=19/25 jobs/s=809 drains=116107 evl=0ms
[2026-06-04 08:24:29.996] [info] [Worker 8] [libqueen] push(q=0 f=1/24 p99rtt=36ms) pop(q=0 f=3/16 p99rtt=282ms) custom(q=0 f=0/1 p99rtt=11ms) slots=21/25 jobs/s=696 drains=114405 evl=0ms
[2026-06-04 08:24:30.006] [info] [Worker 5] [libqueen] push(q=0 f=1/24 p99rtt=36ms) pop(q=0 f=3/16 p99rtt=276ms) custom(q=0 f=0/1 p99rtt=12ms) slots=21/25 jobs/s=709 drains=115579 evl=0ms
[2026-06-04 08:24:30.030] [info] [Worker 1] [libqueen] push(q=5 f=0/24 p99rtt=37ms) pop(q=0 f=3/16 p99rtt=254ms) custom(q=0 f=0/1 p99rtt=15ms) slots=22/25 jobs/s=702 drains=115470 evl=0ms
[2026-06-04 08:24:30.032] [info] [Worker 6] [libqueen] push(q=0 f=1/24 p99rtt=36ms) pop(q=0 f=4/16 p99rtt=276ms) custom(q=0 f=1/1 p99rtt=13ms) slots=19/25 jobs/s=726 drains=114645 evl=0ms
[2026-06-04 08:24:30.039] [info] [Worker 3] [libqueen] push(q=5 f=0/24 p99rtt=36ms) pop(q=2 f=3/16 p99rtt=288ms) custom(q=0 f=1/1 p99rtt=13ms) slots=21/25 jobs/s=712 drains=114878 evl=0ms
[2026-06-04 08:24:30.052] [info] [Worker 0] [libqueen] push(q=0 f=0/24 p99rtt=34ms) pop(q=0 f=3/16 p99rtt=276ms) custom(q=0 f=0/1 p99rtt=11ms) slots=22/25 jobs/s=669 drains=116367 evl=0ms
[2026-06-04 08:24:30.068] [info] [Worker 9] [libqueen] push(q=0 f=1/24 p99rtt=33ms) pop(q=1 f=5/16 p99rtt=284ms) custom(q=0 f=0/1 p99rtt=12ms) slots=19/25 jobs/s=803 drains=115246 evl=0ms
[2026-06-04 08:24:30.070] [info] [Worker 2] [libqueen] push(q=0 f=1/24 p99rtt=35ms) pop(q=0 f=3/16 p99rtt=260ms) custom(q=0 f=0/1 p99rtt=12ms) slots=21/25 jobs/s=675 drains=116203 evl=0ms
[2026-06-04 08:24:30.974] [info] [Worker 7] [libqueen] push(q=0 f=0/24 p99rtt=32ms) pop(q=2 f=2/16 p99rtt=272ms) custom(q=0 f=0/1 p99rtt=13ms) slots=23/25 jobs/s=767 drains=114841 evl=0ms
[2026-06-04 08:24:30.990] [info] [Worker 4] [libqueen] push(q=1 f=0/24 p99rtt=35ms) pop(q=0 f=4/16 p99rtt=271ms) custom(q=0 f=1/1 p99rtt=11ms) slots=20/25 jobs/s=780 drains=116851 evl=0ms
[2026-06-04 08:24:30.997] [info] [Worker 8] [libqueen] push(q=5 f=0/24 p99rtt=35ms) pop(q=0 f=3/16 p99rtt=282ms) custom(q=0 f=0/1 p99rtt=10ms) slots=22/25 jobs/s=756 drains=115106 evl=1ms
[2026-06-04 08:24:31.006] [info] [Worker 5] [libqueen] push(q=5 f=0/24 p99rtt=35ms) pop(q=0 f=3/16 p99rtt=276ms) custom(q=0 f=0/1 p99rtt=12ms) slots=22/25 jobs/s=815 drains=116356 evl=0ms
[2026-06-04 08:24:31.029] [info] [Worker 1] [libqueen] push(q=0 f=1/24 p99rtt=37ms) pop(q=0 f=3/16 p99rtt=254ms) custom(q=0 f=0/1 p99rtt=15ms) slots=21/25 jobs/s=701 drains=116102 evl=0ms
[2026-06-04 08:24:31.033] [info] [Worker 6] [libqueen] push(q=0 f=1/24 p99rtt=35ms) pop(q=0 f=3/16 p99rtt=276ms) custom(q=0 f=0/1 p99rtt=13ms) slots=21/25 jobs/s=814 drains=115379 evl=0ms
[2026-06-04 08:24:31.039] [info] [Worker 3] [libqueen] push(q=4 f=0/24 p99rtt=35ms) pop(q=3 f=2/16 p99rtt=283ms) custom(q=0 f=0/1 p99rtt=13ms) slots=23/25 jobs/s=751 drains=115552 evl=0ms
[2026-06-04 08:24:31.054] [info] [Worker 0] [libqueen] push(q=0 f=1/24 p99rtt=33ms) pop(q=0 f=3/16 p99rtt=267ms) custom(q=0 f=0/1 p99rtt=11ms) slots=21/25 jobs/s=692 drains=117015 evl=0ms
[2026-06-04 08:24:31.068] [info] [Worker 9] [libqueen] push(q=0 f=1/24 p99rtt=33ms) pop(q=6 f=2/16 p99rtt=284ms) custom(q=0 f=0/1 p99rtt=12ms) slots=22/25 jobs/s=795 drains=115994 evl=0ms
[2026-06-04 08:24:31.070] [info] [Worker 2] [libqueen] push(q=0 f=1/24 p99rtt=34ms) pop(q=0 f=2/16 p99rtt=260ms) custom(q=0 f=0/1 p99rtt=12ms) slots=22/25 jobs/s=766 drains=116906 evl=0ms
[2026-06-04 08:24:31.973] [info] [Worker 7] [libqueen] push(q=5 f=0/24 p99rtt=35ms) pop(q=0 f=3/16 p99rtt=272ms) custom(q=0 f=0/1 p99rtt=14ms) slots=22/25 jobs/s=763 drains=115565 evl=0ms
[2026-06-04 08:24:31.989] [info] [Worker 4] [libqueen] push(q=0 f=1/24 p99rtt=38ms) pop(q=0 f=4/16 p99rtt=271ms) custom(q=0 f=0/1 p99rtt=11ms) slots=20/25 jobs/s=738 drains=117533 evl=0ms
[2026-06-04 08:24:31.998] [info] [Worker 8] [libqueen] push(q=0 f=1/24 p99rtt=37ms) pop(q=0 f=4/16 p99rtt=282ms) custom(q=0 f=0/1 p99rtt=10ms) slots=20/25 jobs/s=775 drains=115789 evl=0ms
[2026-06-04 08:24:32.006] [info] [Worker 5] [libqueen] push(q=5 f=0/24 p99rtt=36ms) pop(q=4 f=2/16 p99rtt=276ms) custom(q=0 f=0/1 p99rtt=12ms) slots=23/25 jobs/s=720 drains=117017 evl=0ms
[2026-06-04 08:24:32.030] [info] [Worker 1] [libqueen] push(q=0 f=0/24 p99rtt=37ms) pop(q=0 f=3/16 p99rtt=254ms) custom(q=0 f=1/1 p99rtt=16ms) slots=21/25 jobs/s=713 drains=116733 evl=0ms
[2026-06-04 08:24:32.033] [info] [Worker 6] [libqueen] push(q=0 f=0/24 p99rtt=35ms) pop(q=0 f=3/16 p99rtt=274ms) custom(q=0 f=0/1 p99rtt=14ms) slots=22/25 jobs/s=771 drains=116073 evl=0ms
[2026-06-04 08:24:32.040] [info] [Worker 3] [libqueen] push(q=0 f=1/24 p99rtt=37ms) pop(q=0 f=3/16 p99rtt=283ms) custom(q=0 f=0/1 p99rtt=14ms) slots=21/25 jobs/s=788 drains=116284 evl=0ms
[2026-06-04 08:24:32.054] [info] [Worker 0] [libqueen] push(q=5 f=0/24 p99rtt=34ms) pop(q=19 f=2/16 p99rtt=252ms) custom(q=0 f=0/1 p99rtt=12ms) slots=23/25 jobs/s=745 drains=117682 evl=0ms
[2026-06-04 08:24:32.068] [info] [Worker 9] [libqueen] push(q=5 f=0/24 p99rtt=33ms) pop(q=0 f=3/16 p99rtt=284ms) custom(q=0 f=0/1 p99rtt=12ms) slots=22/25 jobs/s=754 drains=116680 evl=0ms
[2026-06-04 08:24:32.069] [info] [Worker 2] [libqueen] push(q=0 f=1/24 p99rtt=38ms) pop(q=0 f=4/16 p99rtt=260ms) custom(q=0 f=0/1 p99rtt=12ms) slots=20/25 jobs/s=695 drains=117619 evl=0ms
[2026-06-04 08:24:32.974] [info] [Worker 7] [libqueen] push(q=5 f=0/24 p99rtt=35ms) pop(q=0 f=3/16 p99rtt=272ms) custom(q=0 f=0/1 p99rtt=13ms) slots=22/25 jobs/s=826 drains=116325 evl=0ms
[2026-06-04 08:24:32.992] [info] [Worker 4] [libqueen] push(q=0 f=1/24 p99rtt=36ms) pop(q=0 f=3/16 p99rtt=271ms) custom(q=0 f=0/1 p99rtt=11ms) slots=21/25 jobs/s=824 drains=118235 evl=0ms
[2026-06-04 08:24:32.999] [info] [Worker 8] [libqueen] push(q=0 f=1/24 p99rtt=36ms) pop(q=0 f=3/16 p99rtt=282ms) custom(q=0 f=0/1 p99rtt=10ms) slots=21/25 jobs/s=786 drains=116540 evl=0ms
[2026-06-04 08:24:33.006] [info] [Worker 5] [libqueen] push(q=0 f=1/24 p99rtt=38ms) pop(q=0 f=3/16 p99rtt=276ms) custom(q=0 f=0/1 p99rtt=13ms) slots=21/25 jobs/s=822 drains=117731 evl=1ms
[2026-06-04 08:24:33.030] [info] [Worker 1] [libqueen] push(q=0 f=0/24 p99rtt=38ms) pop(q=0 f=4/16 p99rtt=254ms) custom(q=0 f=1/1 p99rtt=16ms) slots=20/25 jobs/s=878 drains=117541 evl=0ms
[2026-06-04 08:24:33.035] [info] [Worker 6] [libqueen] push(q=3 f=0/24 p99rtt=35ms) pop(q=0 f=1/16 p99rtt=274ms) custom(q=0 f=1/1 p99rtt=16ms) slots=23/25 jobs/s=846 drains=116904 evl=0ms
[2026-06-04 08:24:33.040] [info] [Worker 3] [libqueen] push(q=0 f=1/24 p99rtt=38ms) pop(q=17 f=2/16 p99rtt=283ms) custom(q=0 f=0/1 p99rtt=14ms) slots=22/25 jobs/s=824 drains=117058 evl=0ms
[2026-06-04 08:24:33.054] [info] [Worker 0] [libqueen] push(q=5 f=0/24 p99rtt=34ms) pop(q=0 f=2/16 p99rtt=252ms) custom(q=0 f=0/1 p99rtt=12ms) slots=23/25 jobs/s=799 drains=118428 evl=0ms
[2026-06-04 08:24:33.068] [info] [Worker 9] [libqueen] push(q=0 f=1/24 p99rtt=33ms) pop(q=0 f=4/16 p99rtt=284ms) custom(q=0 f=0/1 p99rtt=12ms) slots=20/25 jobs/s=786 drains=117435 evl=0ms
[2026-06-04 08:24:33.070] [info] [Worker 2] [libqueen] push(q=0 f=1/24 p99rtt=34ms) pop(q=0 f=4/16 p99rtt=260ms) custom(q=0 f=0/1 p99rtt=13ms) slots=20/25 jobs/s=739 drains=118296 evl=0ms
[2026-06-04 08:24:33.974] [info] [Worker 7] [libqueen] push(q=5 f=0/24 p99rtt=37ms) pop(q=0 f=4/16 p99rtt=272ms) custom(q=0 f=0/1 p99rtt=13ms) slots=21/25 jobs/s=672 drains=116899 evl=0ms
[2026-06-04 08:24:33.991] [info] [Worker 4] [libqueen] push(q=5 f=0/24 p99rtt=38ms) pop(q=0 f=3/16 p99rtt=271ms) custom(q=0 f=0/1 p99rtt=11ms) slots=22/25 jobs/s=771 drains=119026 evl=0ms
[2026-06-04 08:24:33.999] [info] [Worker 8] [libqueen] push(q=0 f=1/24 p99rtt=37ms) pop(q=1 f=3/16 p99rtt=282ms) custom(q=0 f=0/1 p99rtt=10ms) slots=21/25 jobs/s=720 drains=117228 evl=0ms
[2026-06-04 08:24:34.006] [info] [Worker 5] [libqueen] push(q=5 f=0/24 p99rtt=38ms) pop(q=0 f=4/16 p99rtt=276ms) custom(q=0 f=0/1 p99rtt=13ms) slots=21/25 jobs/s=736 drains=118387 evl=0ms
[2026-06-04 08:24:34.031] [info] [Worker 1] [libqueen] push(q=0 f=0/24 p99rtt=38ms) pop(q=0 f=4/16 p99rtt=254ms) custom(q=0 f=1/1 p99rtt=16ms) slots=20/25 jobs/s=760 drains=118291 evl=0ms
[2026-06-04 08:24:34.036] [info] [Worker 6] [libqueen] push(q=5 f=0/24 p99rtt=35ms) pop(q=1 f=4/16 p99rtt=274ms) custom(q=0 f=0/1 p99rtt=16ms) slots=21/25 jobs/s=745 drains=117598 evl=0ms
[2026-06-04 08:24:34.040] [info] [Worker 3] [libqueen] push(q=0 f=1/24 p99rtt=38ms) pop(q=16 f=3/16 p99rtt=277ms) custom(q=0 f=0/1 p99rtt=14ms) slots=21/25 jobs/s=721 drains=117695 evl=0ms
[2026-06-04 08:24:34.057] [info] [Worker 0] [libqueen] push(q=0 f=1/24 p99rtt=35ms) pop(q=0 f=4/16 p99rtt=252ms) custom(q=0 f=0/1 p99rtt=11ms) slots=20/25 jobs/s=690 drains=119085 evl=0ms
[2026-06-04 08:24:34.068] [info] [Worker 9] [libqueen] push(q=0 f=1/24 p99rtt=33ms) pop(q=7 f=2/16 p99rtt=284ms) custom(q=0 f=0/1 p99rtt=12ms) slots=22/25 jobs/s=695 drains=118126 evl=0ms
[2026-06-04 08:24:34.070] [info] [Worker 2] [libqueen] push(q=0 f=1/24 p99rtt=37ms) pop(q=0 f=4/16 p99rtt=260ms) custom(q=0 f=1/1 p99rtt=14ms) slots=19/25 jobs/s=720 drains=118960 evl=0ms
[2026-06-04 08:24:34.374] [info] PartitionLookupReconcileService: fixed 4 partition_lookup rows (stats leader, hostname=112aa6a7f2d1)
[2026-06-04 08:24:34.974] [info] [Worker 7] [libqueen] push(q=5 f=0/24 p99rtt=37ms) pop(q=0 f=5/16 p99rtt=272ms) custom(q=0 f=0/1 p99rtt=12ms) slots=20/25 jobs/s=700 drains=117559 evl=0ms
[2026-06-04 08:24:34.992] [info] [Worker 4] [libqueen] push(q=5 f=0/24 p99rtt=37ms) pop(q=0 f=4/16 p99rtt=271ms) custom(q=0 f=0/1 p99rtt=11ms) slots=21/25 jobs/s=717 drains=119755 evl=1ms
[2026-06-04 08:24:34.999] [info] [Worker 8] [libqueen] push(q=0 f=0/24 p99rtt=36ms) pop(q=0 f=4/16 p99rtt=282ms) custom(q=0 f=0/1 p99rtt=10ms) slots=21/25 jobs/s=666 drains=117942 evl=0ms
[2026-06-04 08:24:35.006] [info] [Worker 5] [libqueen] push(q=0 f=1/24 p99rtt=38ms) pop(q=5 f=2/16 p99rtt=276ms) custom(q=0 f=0/1 p99rtt=13ms) slots=22/25 jobs/s=682 drains=119058 evl=0ms
[2026-06-04 08:24:35.030] [info] [Worker 1] [libqueen] push(q=0 f=1/24 p99rtt=39ms) pop(q=0 f=4/16 p99rtt=261ms) custom(q=0 f=0/1 p99rtt=16ms) slots=20/25 jobs/s=693 drains=118943 evl=0ms
[2026-06-04 08:24:35.036] [info] [Worker 6] [libqueen] push(q=0 f=1/24 p99rtt=35ms) pop(q=1 f=5/16 p99rtt=276ms) custom(q=0 f=0/1 p99rtt=14ms) slots=19/25 jobs/s=678 drains=118240 evl=0ms
[2026-06-04 08:24:35.040] [info] [Worker 3] [libqueen] push(q=0 f=1/24 p99rtt=38ms) pop(q=0 f=5/16 p99rtt=288ms) custom(q=0 f=0/1 p99rtt=14ms) slots=19/25 jobs/s=693 drains=118359 evl=0ms
[2026-06-04 08:24:35.058] [info] [Worker 0] [libqueen] push(q=0 f=1/24 p99rtt=35ms) pop(q=0 f=4/16 p99rtt=267ms) custom(q=0 f=0/1 p99rtt=12ms) slots=20/25 jobs/s=708 drains=119779 evl=0ms
[2026-06-04 08:24:35.069] [info] [Worker 9] [libqueen] push(q=0 f=0/24 p99rtt=33ms) pop(q=0 f=3/16 p99rtt=286ms) custom(q=0 f=1/1 p99rtt=12ms) slots=21/25 jobs/s=640 drains=118758 evl=0ms
[2026-06-04 08:24:35.069] [info] [Worker 2] [libqueen] push(q=5 f=0/24 p99rtt=38ms) pop(q=0 f=3/16 p99rtt=264ms) custom(q=0 f=1/1 p99rtt=14ms) slots=21/25 jobs/s=716 drains=119655 evl=0ms
[2026-06-04 08:24:35.975] [info] [Worker 7] [libqueen] push(q=0 f=0/24 p99rtt=37ms) pop(q=0 f=4/16 p99rtt=283ms) custom(q=0 f=1/1 p99rtt=12ms) slots=20/25 jobs/s=635 drains=118177 evl=0ms
[2026-06-04 08:24:35.993] [info] [Worker 4] [libqueen] push(q=5 f=0/24 p99rtt=38ms) pop(q=0 f=5/16 p99rtt=273ms) custom(q=0 f=0/1 p99rtt=11ms) slots=20/25 jobs/s=597 drains=120312 evl=0ms
[2026-06-04 08:24:35.999] [info] [Worker 8] [libqueen] push(q=0 f=0/24 p99rtt=36ms) pop(q=0 f=4/16 p99rtt=282ms) custom(q=0 f=1/1 p99rtt=12ms) slots=20/25 jobs/s=702 drains=118648 evl=0ms
[2026-06-04 08:24:36.006] [info] [Worker 5] [libqueen] push(q=0 f=1/24 p99rtt=38ms) pop(q=0 f=3/16 p99rtt=277ms) custom(q=0 f=0/1 p99rtt=13ms) slots=21/25 jobs/s=550 drains=119556 evl=0ms
[2026-06-04 08:24:36.030] [info] [Worker 1] [libqueen] push(q=5 f=0/24 p99rtt=39ms) pop(q=0 f=3/16 p99rtt=279ms) custom(q=0 f=0/1 p99rtt=16ms) slots=22/25 jobs/s=632 drains=119554 evl=0ms
[2026-06-04 08:24:36.035] [info] [Worker 6] [libqueen] push(q=0 f=1/24 p99rtt=35ms) pop(q=0 f=4/16 p99rtt=274ms) custom(q=0 f=1/1 p99rtt=14ms) slots=19/25 jobs/s=649 drains=118890 evl=0ms
[2026-06-04 08:24:36.040] [info] [Worker 3] [libqueen] push(q=0 f=1/24 p99rtt=38ms) pop(q=0 f=4/16 p99rtt=288ms) custom(q=0 f=0/1 p99rtt=13ms) slots=20/25 jobs/s=673 drains=118990 evl=0ms
[2026-06-04 08:24:36.058] [info] [Worker 0] [libqueen] push(q=0 f=1/24 p99rtt=35ms) pop(q=1 f=5/16 p99rtt=272ms) custom(q=0 f=0/1 p99rtt=12ms) slots=19/25 jobs/s=579 drains=120358 evl=0ms
[2026-06-04 08:24:36.069] [info] [Worker 2] [libqueen] push(q=0 f=1/24 p99rtt=38ms) pop(q=13 f=3/16 p99rtt=273ms) custom(q=0 f=0/1 p99rtt=13ms) slots=21/25 jobs/s=675 drains=120247 evl=0ms
[2026-06-04 08:24:36.071] [info] [Worker 9] [libqueen] push(q=0 f=0/24 p99rtt=33ms) pop(q=0 f=1/16 p99rtt=286ms) custom(q=0 f=0/1 p99rtt=12ms) slots=24/25 jobs/s=643 drains=119384 evl=0ms
[2026-06-04 08:24:36.975] [info] [Worker 7] [libqueen] push(q=0 f=1/24 p99rtt=35ms) pop(q=0 f=4/16 p99rtt=287ms) custom(q=0 f=0/1 p99rtt=13ms) slots=20/25 jobs/s=502 drains=118705 evl=0ms
[2026-06-04 08:24:36.993] [info] [Worker 4] [libqueen] push(q=0 f=1/24 p99rtt=38ms) pop(q=0 f=5/16 p99rtt=271ms) custom(q=0 f=0/1 p99rtt=11ms) slots=19/25 jobs/s=652 drains=120938 evl=0ms
[2026-06-04 08:24:36.999] [info] [Worker 8] [libqueen] push(q=5 f=0/24 p99rtt=36ms) pop(q=2 f=4/16 p99rtt=272ms) custom(q=0 f=0/1 p99rtt=12ms) slots=21/25 jobs/s=647 drains=119283 evl=0ms
[2026-06-04 08:24:37.006] [info] [Worker 5] [libqueen] push(q=0 f=1/24 p99rtt=38ms) pop(q=1 f=5/16 p99rtt=277ms) custom(q=0 f=0/1 p99rtt=13ms) slots=19/25 jobs/s=635 drains=120200 evl=0ms
[2026-06-04 08:24:37.030] [info] [Worker 1] [libqueen] push(q=0 f=1/24 p99rtt=39ms) pop(q=0 f=3/16 p99rtt=279ms) custom(q=0 f=0/1 p99rtt=15ms) slots=21/25 jobs/s=617 drains=120162 evl=0ms
[2026-06-04 08:24:37.036] [info] [Worker 6] [libqueen] push(q=0 f=1/24 p99rtt=34ms) pop(q=0 f=5/16 p99rtt=277ms) custom(q=0 f=0/1 p99rtt=14ms) slots=19/25 jobs/s=547 drains=119415 evl=0ms
[2026-06-04 08:24:37.040] [info] [Worker 3] [libqueen] push(q=5 f=0/24 p99rtt=37ms) pop(q=15 f=3/16 p99rtt=265ms) custom(q=0 f=1/1 p99rtt=13ms) slots=21/25 jobs/s=722 drains=119647 evl=0ms
[2026-06-04 08:24:37.058] [info] [Worker 0] [libqueen] push(q=5 f=0/24 p99rtt=38ms) pop(q=0 f=4/16 p99rtt=281ms) custom(q=0 f=0/1 p99rtt=12ms) slots=21/25 jobs/s=644 drains=120958 evl=0ms
[2026-06-04 08:24:37.070] [info] [Worker 2] [libqueen] push(q=0 f=1/24 p99rtt=37ms) pop(q=0 f=4/16 p99rtt=281ms) custom(q=0 f=0/1 p99rtt=13ms) slots=20/25 jobs/s=654 drains=120890 evl=0ms
[2026-06-04 08:24:37.072] [info] [Worker 9] [libqueen] push(q=5 f=0/24 p99rtt=33ms) pop(q=3 f=3/16 p99rtt=288ms) custom(q=0 f=0/1 p99rtt=12ms) slots=22/25 jobs/s=524 drains=119890 evl=0ms
[2026-06-04 08:24:37.980] [info] [Worker 7] [libqueen] push(q=0 f=1/24 p99rtt=34ms) pop(q=0 f=4/16 p99rtt=287ms) custom(q=0 f=0/1 p99rtt=14ms) slots=20/25 jobs/s=676 drains=119330 evl=0ms
[2026-06-04 08:24:37.993] [info] [Worker 4] [libqueen] push(q=0 f=1/24 p99rtt=37ms) pop(q=0 f=4/16 p99rtt=271ms) custom(q=0 f=0/1 p99rtt=11ms) slots=20/25 jobs/s=608 drains=121564 evl=0ms
[2026-06-04 08:24:37.999] [info] [Worker 8] [libqueen] push(q=5 f=0/24 p99rtt=36ms) pop(q=1 f=3/16 p99rtt=272ms) custom(q=0 f=0/1 p99rtt=12ms) slots=22/25 jobs/s=572 drains=119881 evl=0ms
[2026-06-04 08:24:38.006] [info] [Worker 5] [libqueen] push(q=0 f=1/24 p99rtt=38ms) pop(q=0 f=3/16 p99rtt=277ms) custom(q=0 f=0/1 p99rtt=13ms) slots=21/25 jobs/s=629 drains=120805 evl=0ms
[2026-06-04 08:24:38.030] [info] [Worker 1] [libqueen] push(q=0 f=1/24 p99rtt=39ms) pop(q=0 f=4/16 p99rtt=279ms) custom(q=0 f=0/1 p99rtt=15ms) slots=20/25 jobs/s=609 drains=120809 evl=0ms
[2026-06-04 08:24:38.036] [info] [Worker 6] [libqueen] push(q=0 f=1/24 p99rtt=34ms) pop(q=0 f=3/16 p99rtt=277ms) custom(q=0 f=0/1 p99rtt=14ms) slots=21/25 jobs/s=677 drains=120032 evl=0ms
[2026-06-04 08:24:38.040] [info] [Worker 3] [libqueen] push(q=0 f=1/24 p99rtt=37ms) pop(q=0 f=3/16 p99rtt=284ms) custom(q=0 f=0/1 p99rtt=13ms) slots=21/25 jobs/s=616 drains=120207 evl=0ms
[2026-06-04 08:24:38.059] [info] [Worker 0] [libqueen] push(q=0 f=1/24 p99rtt=38ms) pop(q=0 f=4/16 p99rtt=267ms) custom(q=0 f=0/1 p99rtt=11ms) slots=20/25 jobs/s=607 drains=121574 evl=0ms
[2026-06-04 08:24:38.070] [info] [Worker 2] [libqueen] push(q=5 f=0/24 p99rtt=38ms) pop(q=0 f=4/16 p99rtt=267ms) custom(q=0 f=0/1 p99rtt=12ms) slots=21/25 jobs/s=598 drains=121544 evl=0ms
[2026-06-04 08:24:38.073] [info] [Worker 9] [libqueen] push(q=0 f=1/24 p99rtt=33ms) pop(q=0 f=4/16 p99rtt=295ms) custom(q=0 f=0/1 p99rtt=12ms) slots=20/25 jobs/s=572 drains=120446 evl=0ms
[2026-06-04 08:24:38.981] [info] [Worker 7] [libqueen] push(q=0 f=1/24 p99rtt=34ms) pop(q=0 f=3/16 p99rtt=290ms) custom(q=0 f=0/1 p99rtt=14ms) slots=21/25 jobs/s=640 drains=119928 evl=0ms
[2026-06-04 08:24:38.993] [info] [Worker 4] [libqueen] push(q=0 f=0/24 p99rtt=37ms) pop(q=4 f=4/16 p99rtt=266ms) custom(q=0 f=1/1 p99rtt=10ms) slots=20/25 jobs/s=594 drains=122137 evl=0ms
[2026-06-04 08:24:38.999] [info] [Worker 8] [libqueen] push(q=0 f=1/24 p99rtt=35ms) pop(q=0 f=5/16 p99rtt=256ms) custom(q=0 f=0/1 p99rtt=12ms) slots=19/25 jobs/s=625 drains=120471 evl=0ms
[2026-06-04 08:24:39.007] [info] [Worker 5] [libqueen] push(q=5 f=0/24 p99rtt=38ms) pop(q=0 f=3/16 p99rtt=281ms) custom(q=0 f=0/1 p99rtt=13ms) slots=22/25 jobs/s=579 drains=121383 evl=0ms
[2026-06-04 08:24:39.031] [info] [Worker 1] [libqueen] push(q=0 f=1/24 p99rtt=38ms) pop(q=0 f=3/16 p99rtt=274ms) custom(q=0 f=0/1 p99rtt=15ms) slots=21/25 jobs/s=543 drains=121342 evl=0ms
[2026-06-04 08:24:39.036] [info] [Worker 6] [libqueen] push(q=0 f=1/24 p99rtt=33ms) pop(q=2 f=4/16 p99rtt=274ms) custom(q=0 f=0/1 p99rtt=14ms) slots=20/25 jobs/s=563 drains=120636 evl=0ms
[2026-06-04 08:24:39.040] [info] [Worker 3] [libqueen] push(q=0 f=0/24 p99rtt=37ms) pop(q=2 f=6/16 p99rtt=284ms) custom(q=0 f=1/1 p99rtt=13ms) slots=18/25 jobs/s=628 drains=120829 evl=0ms
[2026-06-04 08:24:39.058] [info] [Worker 0] [libqueen] push(q=0 f=1/24 p99rtt=38ms) pop(q=2 f=2/16 p99rtt=267ms) custom(q=0 f=1/1 p99rtt=11ms) slots=21/25 jobs/s=618 drains=122187 evl=0ms
[2026-06-04 08:24:39.070] [info] [Worker 2] [libqueen] push(q=0 f=1/24 p99rtt=38ms) pop(q=0 f=4/16 p99rtt=281ms) custom(q=0 f=0/1 p99rtt=12ms) slots=20/25 jobs/s=596 drains=122188 evl=0ms
[2026-06-04 08:24:39.073] [info] [Worker 9] [libqueen] push(q=0 f=1/24 p99rtt=33ms) pop(q=0 f=3/16 p99rtt=294ms) custom(q=0 f=1/1 p99rtt=12ms) slots=20/25 jobs/s=569 drains=121016 evl=0ms
[2026-06-04 08:24:39.375] [info] PartitionLookupReconcileService: fixed 11 partition_lookup rows (stats leader, hostname=112aa6a7f2d1)
[2026-06-04 08:24:39.981] [info] [Worker 7] [libqueen] push(q=0 f=1/24 p99rtt=34ms) pop(q=3 f=3/16 p99rtt=293ms) custom(q=0 f=0/1 p99rtt=12ms) slots=21/25 jobs/s=580 drains=120509 evl=0ms
[2026-06-04 08:24:39.993] [info] [Worker 4] [libqueen] push(q=0 f=1/24 p99rtt=36ms) pop(q=0 f=3/16 p99rtt=266ms) custom(q=0 f=0/1 p99rtt=10ms) slots=21/25 jobs/s=570 drains=122709 evl=1ms
[2026-06-04 08:24:40.000] [info] [Worker 8] [libqueen] push(q=5 f=0/24 p99rtt=35ms) pop(q=13 f=3/16 p99rtt=266ms) custom(q=0 f=0/1 p99rtt=12ms) slots=22/25 jobs/s=639 drains=121089 evl=0ms
[2026-06-04 08:24:40.007] [info] [Worker 5] [libqueen] push(q=5 f=0/24 p99rtt=38ms) pop(q=0 f=3/16 p99rtt=293ms) custom(q=0 f=1/1 p99rtt=13ms) slots=21/25 jobs/s=541 drains=121946 evl=0ms
[2026-06-04 08:24:40.031] [info] [Worker 1] [libqueen] push(q=0 f=1/24 p99rtt=38ms) pop(q=0 f=5/16 p99rtt=275ms) custom(q=0 f=0/1 p99rtt=15ms) slots=19/25 jobs/s=602 drains=121895 evl=0ms
[2026-06-04 08:24:40.036] [info] [Worker 6] [libqueen] push(q=5 f=0/24 p99rtt=33ms) pop(q=3 f=3/16 p99rtt=277ms) custom(q=0 f=0/1 p99rtt=14ms) slots=22/25 jobs/s=601 drains=121258 evl=0ms
[2026-06-04 08:24:40.040] [info] [Worker 3] [libqueen] push(q=5 f=0/24 p99rtt=36ms) pop(q=6 f=5/16 p99rtt=288ms) custom(q=0 f=0/1 p99rtt=13ms) slots=20/25 jobs/s=644 drains=121443 evl=0ms
[2026-06-04 08:24:40.058] [info] [Worker 0] [libqueen] push(q=0 f=1/24 p99rtt=38ms) pop(q=0 f=4/16 p99rtt=272ms) custom(q=0 f=0/1 p99rtt=11ms) slots=20/25 jobs/s=531 drains=122735 evl=0ms
[2026-06-04 08:24:40.069] [info] [Worker 2] [libqueen] push(q=5 f=0/24 p99rtt=38ms) pop(q=4 f=4/16 p99rtt=281ms) custom(q=0 f=0/1 p99rtt=12ms) slots=21/25 jobs/s=597 drains=122746 evl=0ms
[2026-06-04 08:24:40.073] [info] [Worker 9] [libqueen] push(q=4 f=1/24 p99rtt=32ms) pop(q=1 f=2/16 p99rtt=294ms) custom(q=0 f=0/1 p99rtt=13ms) slots=22/25 jobs/s=627 drains=121639 evl=0ms
[2026-06-04 08:24:40.981] [info] [Worker 7] [libqueen] push(q=0 f=1/24 p99rtt=34ms) pop(q=0 f=4/16 p99rtt=295ms) custom(q=0 f=0/1 p99rtt=12ms) slots=20/25 jobs/s=602 drains=121107 evl=0ms
[2026-06-04 08:24:40.994] [info] [Worker 4] [libqueen] push(q=5 f=0/24 p99rtt=36ms) pop(q=6 f=2/16 p99rtt=261ms) custom(q=0 f=0/1 p99rtt=10ms) slots=23/25 jobs/s=645 drains=123343 evl=0ms
[2026-06-04 08:24:41.000] [info] [Worker 8] [libqueen] push(q=0 f=0/24 p99rtt=35ms) pop(q=0 f=4/16 p99rtt=266ms) custom(q=0 f=1/1 p99rtt=12ms) slots=20/25 jobs/s=571 drains=121654 evl=0ms
[2026-06-04 08:24:41.006] [info] [Worker 5] [libqueen] push(q=0 f=1/24 p99rtt=38ms) pop(q=0 f=5/16 p99rtt=298ms) custom(q=0 f=0/1 p99rtt=13ms) slots=19/25 jobs/s=561 drains=122537 evl=0ms
[2026-06-04 08:24:41.031] [info] [Worker 1] [libqueen] push(q=5 f=0/24 p99rtt=37ms) pop(q=0 f=5/16 p99rtt=274ms) custom(q=0 f=1/1 p99rtt=13ms) slots=19/25 jobs/s=597 drains=122464 evl=0ms
[2026-06-04 08:24:41.036] [info] [Worker 6] [libqueen] push(q=5 f=0/24 p99rtt=33ms) pop(q=0 f=4/16 p99rtt=289ms) custom(q=0 f=0/1 p99rtt=14ms) slots=21/25 jobs/s=578 drains=121816 evl=0ms
[2026-06-04 08:24:41.040] [info] [Worker 3] [libqueen] push(q=0 f=1/24 p99rtt=35ms) pop(q=0 f=4/16 p99rtt=284ms) custom(q=0 f=0/1 p99rtt=13ms) slots=20/25 jobs/s=536 drains=122049 evl=0ms
[2026-06-04 08:24:41.058] [info] [Worker 0] [libqueen] push(q=0 f=1/24 p99rtt=38ms) pop(q=0 f=4/16 p99rtt=281ms) custom(q=0 f=0/1 p99rtt=11ms) slots=20/25 jobs/s=554 drains=123324 evl=0ms
[2026-06-04 08:24:41.064] [info] StatsService: cycle completed in 1742ms
[2026-06-04 08:24:41.069] [info] [Worker 2] [libqueen] push(q=0 f=1/24 p99rtt=38ms) pop(q=0 f=4/16 p99rtt=284ms) custom(q=0 f=0/1 p99rtt=13ms) slots=20/25 jobs/s=597 drains=123361 evl=0ms
[2026-06-04 08:24:41.073] [info] [Worker 9] [libqueen] push(q=0 f=1/24 p99rtt=32ms) pop(q=0 f=4/16 p99rtt=294ms) custom(q=0 f=0/1 p99rtt=12ms) slots=20/25 jobs/s=495 drains=122188 evl=0ms
[2026-06-04 08:24:41.981] [info] [Worker 7] [libqueen] push(q=5 f=0/24 p99rtt=34ms) pop(q=4 f=4/16 p99rtt=307ms) custom(q=0 f=0/1 p99rtt=11ms) slots=21/25 jobs/s=512 drains=121585 evl=0ms
[2026-06-04 08:24:41.995] [info] [Worker 4] [libqueen] push(q=0 f=0/24 p99rtt=35ms) pop(q=0 f=4/16 p99rtt=263ms) custom(q=0 f=0/1 p99rtt=10ms) slots=21/25 jobs/s=561 drains=123940 evl=0ms
[2026-06-04 08:24:42.000] [info] [Worker 8] [libqueen] push(q=2 f=0/24 p99rtt=35ms) pop(q=6 f=3/16 p99rtt=266ms) custom(q=0 f=0/1 p99rtt=12ms) slots=22/25 jobs/s=559 drains=122200 evl=0ms
[2026-06-04 08:24:42.008] [info] [Worker 5] [libqueen] push(q=5 f=0/24 p99rtt=35ms) pop(q=0 f=4/16 p99rtt=281ms) custom(q=0 f=0/1 p99rtt=13ms) slots=21/25 jobs/s=626 drains=123176 evl=0ms
[2026-06-04 08:24:42.031] [info] [Worker 1] [libqueen] push(q=5 f=0/24 p99rtt=36ms) pop(q=0 f=3/16 p99rtt=274ms) custom(q=0 f=0/1 p99rtt=12ms) slots=22/25 jobs/s=608 drains=123045 evl=0ms
[2026-06-04 08:24:42.036] [info] [Worker 6] [libqueen] push(q=0 f=1/24 p99rtt=33ms) pop(q=0 f=4/16 p99rtt=274ms) custom(q=0 f=0/1 p99rtt=12ms) slots=20/25 jobs/s=577 drains=122380 evl=0ms
[2026-06-04 08:24:42.042] [info] [Worker 3] [libqueen] push(q=0 f=1/24 p99rtt=35ms) pop(q=2 f=3/16 p99rtt=291ms) custom(q=0 f=0/1 p99rtt=12ms) slots=21/25 jobs/s=564 drains=122588 evl=0ms
[2026-06-04 08:24:42.058] [info] [Worker 0] [libqueen] push(q=0 f=0/24 p99rtt=38ms) pop(q=16 f=3/16 p99rtt=281ms) custom(q=0 f=1/1 p99rtt=11ms) slots=21/25 jobs/s=566 drains=123916 evl=0ms
[2026-06-04 08:24:42.070] [info] [Worker 2] [libqueen] push(q=2 f=0/24 p99rtt=38ms) pop(q=0 f=4/16 p99rtt=284ms) custom(q=0 f=0/1 p99rtt=12ms) slots=21/25 jobs/s=577 drains=123948 evl=0ms
[2026-06-04 08:24:42.073] [info] [Worker 9] [libqueen] push(q=5 f=0/24 p99rtt=32ms) pop(q=4 f=3/16 p99rtt=294ms) custom(q=0 f=0/1 p99rtt=12ms) slots=22/25 jobs/s=621 drains=122828 evl=0ms
[2026-06-04 08:24:42.980] [info] [Worker 7] [libqueen] push(q=0 f=1/24 p99rtt=35ms) pop(q=2 f=3/16 p99rtt=307ms) custom(q=0 f=0/1 p99rtt=12ms) slots=21/25 jobs/s=534 drains=122132 evl=0ms
[2026-06-04 08:24:42.995] [info] [Worker 4] [libqueen] push(q=0 f=1/24 p99rtt=38ms) pop(q=0 f=3/16 p99rtt=263ms) custom(q=0 f=0/1 p99rtt=10ms) slots=21/25 jobs/s=512 drains=124444 evl=0ms
[2026-06-04 08:24:42.999] [info] [Worker 8] [libqueen] push(q=5 f=0/24 p99rtt=36ms) pop(q=0 f=4/16 p99rtt=266ms) custom(q=0 f=1/1 p99rtt=12ms) slots=20/25 jobs/s=502 drains=122695 evl=0ms
[2026-06-04 08:24:43.009] [info] [Worker 5] [libqueen] push(q=0 f=1/24 p99rtt=40ms) pop(q=0 f=5/16 p99rtt=291ms) custom(q=0 f=0/1 p99rtt=13ms) slots=19/25 jobs/s=531 drains=123667 evl=0ms
[2026-06-04 08:24:43.031] [info] [Worker 1] [libqueen] push(q=0 f=1/24 p99rtt=38ms) pop(q=0 f=4/16 p99rtt=274ms) custom(q=0 f=0/1 p99rtt=12ms) slots=20/25 jobs/s=533 drains=123527 evl=0ms
[2026-06-04 08:24:43.036] [info] [Worker 6] [libqueen] push(q=0 f=1/24 p99rtt=34ms) pop(q=0 f=4/16 p99rtt=279ms) custom(q=0 f=0/1 p99rtt=12ms) slots=20/25 jobs/s=482 drains=122818 evl=0ms
[2026-06-04 08:24:43.042] [info] [Worker 3] [libqueen] push(q=0 f=1/24 p99rtt=37ms) pop(q=1 f=5/16 p99rtt=277ms) custom(q=0 f=0/1 p99rtt=12ms) slots=19/25 jobs/s=501 drains=123103 evl=0ms
[2026-06-04 08:24:43.058] [info] [Worker 0] [libqueen] push(q=0 f=0/24 p99rtt=39ms) pop(q=1 f=5/16 p99rtt=284ms) custom(q=0 f=1/1 p99rtt=11ms) slots=19/25 jobs/s=538 drains=124442 evl=0ms
[2026-06-04 08:24:43.070] [info] [Worker 2] [libqueen] push(q=5 f=0/24 p99rtt=39ms) pop(q=0 f=4/16 p99rtt=284ms) custom(q=0 f=0/1 p99rtt=13ms) slots=21/25 jobs/s=533 drains=124502 evl=0ms
[2026-06-04 08:24:43.073] [info] [Worker 9] [libqueen] push(q=0 f=1/24 p99rtt=33ms) pop(q=0 f=3/16 p99rtt=316ms) custom(q=0 f=0/1 p99rtt=13ms) slots=21/25 jobs/s=497 drains=123368 evl=0ms
[2026-06-04 08:24:43.981] [info] [Worker 7] [libqueen] push(q=5 f=0/24 p99rtt=35ms) pop(q=0 f=4/16 p99rtt=303ms) custom(q=0 f=0/1 p99rtt=12ms) slots=21/25 jobs/s=565 drains=122665 evl=0ms
[2026-06-04 08:24:43.995] [info] [Worker 4] [libqueen] push(q=0 f=1/24 p99rtt=38ms) pop(q=10 f=3/16 p99rtt=265ms) custom(q=0 f=0/1 p99rtt=10ms) slots=21/25 jobs/s=611 drains=125074 evl=0ms
[2026-06-04 08:24:43.999] [info] [Worker 8] [libqueen] push(q=0 f=1/24 p99rtt=36ms) pop(q=0 f=3/16 p99rtt=256ms) custom(q=0 f=0/1 p99rtt=12ms) slots=21/25 jobs/s=603 drains=123290 evl=0ms
[2026-06-04 08:24:44.011] [info] [Worker 5] [libqueen] push(q=5 f=0/24 p99rtt=40ms) pop(q=0 f=3/16 p99rtt=291ms) custom(q=0 f=0/1 p99rtt=13ms) slots=22/25 jobs/s=675 drains=124327 evl=0ms
[2026-06-04 08:24:44.031] [info] [Worker 1] [libqueen] push(q=5 f=0/24 p99rtt=38ms) pop(q=0 f=4/16 p99rtt=274ms) custom(q=0 f=0/1 p99rtt=12ms) slots=21/25 jobs/s=618 drains=124142 evl=0ms
[2026-06-04 08:24:44.037] [info] [Worker 6] [libqueen] push(q=0 f=0/24 p99rtt=34ms) pop(q=0 f=2/16 p99rtt=282ms) custom(q=0 f=1/1 p99rtt=12ms) slots=22/25 jobs/s=673 drains=123463 evl=0ms
[2026-06-04 08:24:44.043] [info] [Worker 3] [libqueen] push(q=0 f=0/24 p99rtt=37ms) pop(q=0 f=3/16 p99rtt=267ms) custom(q=0 f=0/1 p99rtt=12ms) slots=22/25 jobs/s=651 drains=123769 evl=0ms
[2026-06-04 08:24:44.057] [info] [Worker 0] [libqueen] push(q=5 f=0/24 p99rtt=38ms) pop(q=11 f=2/16 p99rtt=284ms) custom(q=0 f=0/1 p99rtt=10ms) slots=23/25 jobs/s=641 drains=125080 evl=0ms
[2026-06-04 08:24:44.070] [info] [Worker 2] [libqueen] push(q=5 f=0/24 p99rtt=38ms) pop(q=0 f=3/16 p99rtt=273ms) custom(q=0 f=0/1 p99rtt=14ms) slots=22/25 jobs/s=674 drains=125186 evl=0ms
[2026-06-04 08:24:44.074] [info] [Worker 9] [libqueen] push(q=0 f=1/24 p99rtt=33ms) pop(q=0 f=4/16 p99rtt=316ms) custom(q=0 f=0/1 p99rtt=14ms) slots=20/25 jobs/s=603 drains=123926 evl=0ms
[2026-06-04 08:24:44.981] [info] [Worker 7] [libqueen] push(q=0 f=0/24 p99rtt=35ms) pop(q=0 f=2/16 p99rtt=292ms) custom(q=0 f=0/1 p99rtt=12ms) slots=23/25 jobs/s=752 drains=123346 evl=0ms
[2026-06-04 08:24:44.994] [info] [Worker 4] [libqueen] push(q=3 f=0/24 p99rtt=38ms) pop(q=1 f=2/16 p99rtt=265ms) custom(q=0 f=0/1 p99rtt=11ms) slots=23/25 jobs/s=835 drains=125793 evl=0ms
[2026-06-04 08:24:45.001] [info] [Worker 8] [libqueen] push(q=0 f=1/24 p99rtt=36ms) pop(q=0 f=2/16 p99rtt=254ms) custom(q=0 f=0/1 p99rtt=12ms) slots=22/25 jobs/s=720 drains=123963 evl=0ms
[2026-06-04 08:24:45.011] [info] [Worker 5] [libqueen] push(q=0 f=0/24 p99rtt=40ms) pop(q=0 f=2/16 p99rtt=287ms) custom(q=0 f=0/1 p99rtt=13ms) slots=23/25 jobs/s=730 drains=125005 evl=0ms
[2026-06-04 08:24:45.031] [info] [Worker 1] [libqueen] push(q=5 f=0/24 p99rtt=37ms) pop(q=0 f=3/16 p99rtt=269ms) custom(q=0 f=0/1 p99rtt=12ms) slots=22/25 jobs/s=779 drains=124865 evl=0ms
[2026-06-04 08:24:45.037] [info] [Worker 6] [libqueen] push(q=5 f=0/24 p99rtt=34ms) pop(q=0 f=3/16 p99rtt=286ms) custom(q=0 f=0/1 p99rtt=12ms) slots=22/25 jobs/s=695 drains=124199 evl=0ms
[2026-06-04 08:24:45.044] [info] [Worker 3] [libqueen] push(q=5 f=0/24 p99rtt=37ms) pop(q=1 f=3/16 p99rtt=267ms) custom(q=0 f=0/1 p99rtt=12ms) slots=22/25 jobs/s=798 drains=124474 evl=0ms
[2026-06-04 08:24:45.057] [info] [Worker 0] [libqueen] push(q=5 f=0/24 p99rtt=38ms) pop(q=0 f=3/16 p99rtt=273ms) custom(q=0 f=0/1 p99rtt=11ms) slots=22/25 jobs/s=737 drains=125766 evl=0ms
[2026-06-04 08:24:45.070] [info] [Worker 2] [libqueen] push(q=0 f=0/24 p99rtt=38ms) pop(q=0 f=2/16 p99rtt=267ms) custom(q=0 f=0/1 p99rtt=16ms) slots=23/25 jobs/s=784 drains=125895 evl=0ms
[2026-06-04 08:24:45.074] [info] [Worker 9] [libqueen] push(q=0 f=0/24 p99rtt=33ms) pop(q=6 f=2/16 p99rtt=307ms) custom(q=0 f=0/1 p99rtt=14ms) slots=23/25 jobs/s=775 drains=124707 evl=0ms
[2026-06-04 08:24:45.381] [info] PartitionLookupReconcileService: fixed 8 partition_lookup rows (stats leader, hostname=112aa6a7f2d1)
[2026-06-04 08:24:45.981] [info] [Worker 7] [libqueen] push(q=4 f=0/24 p99rtt=34ms) pop(q=1 f=3/16 p99rtt=290ms) custom(q=0 f=1/1 p99rtt=12ms) slots=21/25 jobs/s=969 drains=124253 evl=0ms
[2026-06-04 08:24:45.996] [info] [Worker 4] [libqueen] push(q=0 f=1/24 p99rtt=36ms) pop(q=16 f=2/16 p99rtt=265ms) custom(q=0 f=0/1 p99rtt=11ms) slots=22/25 jobs/s=928 drains=126546 evl=0ms
[2026-06-04 08:24:46.001] [info] [Worker 8] [libqueen] push(q=0 f=1/24 p99rtt=36ms) pop(q=0 f=3/16 p99rtt=254ms) custom(q=0 f=0/1 p99rtt=12ms) slots=21/25 jobs/s=1005 drains=124797 evl=0ms
[2026-06-04 08:24:46.011] [info] [Worker 5] [libqueen] push(q=0 f=1/24 p99rtt=40ms) pop(q=0 f=2/16 p99rtt=287ms) custom(q=0 f=0/1 p99rtt=13ms) slots=22/25 jobs/s=980 drains=125886 evl=0ms
[2026-06-04 08:24:46.031] [info] [Worker 1] [libqueen] push(q=5 f=0/24 p99rtt=37ms) pop(q=0 f=1/16 p99rtt=269ms) custom(q=0 f=0/1 p99rtt=12ms) slots=24/25 jobs/s=1004 drains=125742 evl=0ms
[2026-06-04 08:24:46.038] [info] [Worker 6] [libqueen] push(q=0 f=0/24 p99rtt=34ms) pop(q=0 f=2/16 p99rtt=286ms) custom(q=0 f=1/1 p99rtt=12ms) slots=22/25 jobs/s=1021 drains=125081 evl=0ms
[2026-06-04 08:24:46.044] [info] [Worker 3] [libqueen] push(q=5 f=0/24 p99rtt=37ms) pop(q=19 f=1/16 p99rtt=267ms) custom(q=0 f=0/1 p99rtt=12ms) slots=24/25 jobs/s=1019 drains=125367 evl=0ms
[2026-06-04 08:24:46.058] [info] [Worker 0] [libqueen] push(q=5 f=0/24 p99rtt=38ms) pop(q=7 f=2/16 p99rtt=273ms) custom(q=0 f=0/1 p99rtt=11ms) slots=23/25 jobs/s=1020 drains=126708 evl=0ms
[2026-06-04 08:24:46.070] [info] [Worker 2] [libqueen] push(q=0 f=0/24 p99rtt=38ms) pop(q=0 f=3/16 p99rtt=266ms) custom(q=0 f=0/1 p99rtt=16ms) slots=22/25 jobs/s=905 drains=126683 evl=0ms
[2026-06-04 08:24:46.074] [info] [Worker 9] [libqueen] push(q=5 f=0/24 p99rtt=33ms) pop(q=0 f=3/16 p99rtt=307ms) custom(q=0 f=0/1 p99rtt=14ms) slots=22/25 jobs/s=1033 drains=125643 evl=0ms
[2026-06-04 08:24:46.982] [info] [Worker 7] [libqueen] push(q=0 f=1/24 p99rtt=34ms) pop(q=0 f=3/16 p99rtt=290ms) custom(q=0 f=0/1 p99rtt=12ms) slots=21/25 jobs/s=887 drains=125020 evl=0ms
[2026-06-04 08:24:46.996] [info] [Worker 4] [libqueen] push(q=5 f=0/24 p99rtt=36ms) pop(q=0 f=3/16 p99rtt=265ms) custom(q=0 f=0/1 p99rtt=11ms) slots=22/25 jobs/s=860 drains=127304 evl=0ms
[2026-06-04 08:24:47.001] [info] [Worker 8] [libqueen] push(q=0 f=0/24 p99rtt=38ms) pop(q=0 f=2/16 p99rtt=254ms) custom(q=0 f=1/1 p99rtt=12ms) slots=22/25 jobs/s=969 drains=125690 evl=0ms
[2026-06-04 08:24:47.011] [info] [Worker 5] [libqueen] push(q=5 f=0/24 p99rtt=40ms) pop(q=0 f=2/16 p99rtt=287ms) custom(q=0 f=0/1 p99rtt=13ms) slots=23/25 jobs/s=915 drains=126648 evl=0ms
[2026-06-04 08:24:47.030] [info] [Worker 1] [libqueen] push(q=0 f=1/24 p99rtt=37ms) pop(q=0 f=3/16 p99rtt=269ms) custom(q=0 f=0/1 p99rtt=13ms) slots=21/25 jobs/s=861 drains=126492 evl=0ms
[2026-06-04 08:24:47.038] [info] [Worker 6] [libqueen] push(q=0 f=0/24 p99rtt=34ms) pop(q=0 f=3/16 p99rtt=286ms) custom(q=0 f=1/1 p99rtt=12ms) slots=21/25 jobs/s=901 drains=125850 evl=0ms
[2026-06-04 08:24:47.045] [info] [Worker 3] [libqueen] push(q=0 f=0/24 p99rtt=37ms) pop(q=0 f=3/16 p99rtt=267ms) custom(q=0 f=0/1 p99rtt=12ms) slots=22/25 jobs/s=972 drains=126171 evl=0ms
[2026-06-04 08:24:47.058] [info] [Worker 0] [libqueen] push(q=0 f=0/24 p99rtt=38ms) pop(q=11 f=1/16 p99rtt=272ms) custom(q=0 f=0/1 p99rtt=12ms) slots=24/25 jobs/s=955 drains=127482 evl=0ms
[2026-06-04 08:24:47.070] [info] [Worker 2] [libqueen] push(q=0 f=1/24 p99rtt=38ms) pop(q=0 f=3/16 p99rtt=266ms) custom(q=0 f=0/1 p99rtt=16ms) slots=21/25 jobs/s=923 drains=127515 evl=0ms
[2026-06-04 08:24:47.074] [info] [Worker 9] [libqueen] push(q=0 f=1/24 p99rtt=33ms) pop(q=10 f=2/16 p99rtt=307ms) custom(q=0 f=0/1 p99rtt=14ms) slots=22/25 jobs/s=983 drains=126514 evl=0ms
[2026-06-04 08:24:47.982] [info] [Worker 7] [libqueen] push(q=0 f=0/24 p99rtt=35ms) pop(q=0 f=3/16 p99rtt=290ms) custom(q=0 f=1/1 p99rtt=12ms) slots=21/25 jobs/s=819 drains=125810 evl=0ms
[2026-06-04 08:24:47.996] [info] [Worker 4] [libqueen] push(q=5 f=0/24 p99rtt=37ms) pop(q=10 f=3/16 p99rtt=265ms) custom(q=0 f=0/1 p99rtt=11ms) slots=22/25 jobs/s=866 drains=128132 evl=0ms
[2026-06-04 08:24:48.001] [info] [Worker 8] [libqueen] push(q=5 f=0/24 p99rtt=38ms) pop(q=1 f=4/16 p99rtt=254ms) custom(q=0 f=0/1 p99rtt=12ms) slots=21/25 jobs/s=837 drains=126490 evl=0ms
[2026-06-04 08:24:48.011] [info] [Worker 5] [libqueen] push(q=0 f=0/24 p99rtt=40ms) pop(q=0 f=3/16 p99rtt=287ms) custom(q=0 f=1/1 p99rtt=13ms) slots=21/25 jobs/s=837 drains=127371 evl=0ms
[2026-06-04 08:24:48.031] [info] [Worker 1] [libqueen] push(q=0 f=1/24 p99rtt=37ms) pop(q=0 f=3/16 p99rtt=269ms) custom(q=0 f=0/1 p99rtt=12ms) slots=21/25 jobs/s=794 drains=127199 evl=1ms
[2026-06-04 08:24:48.038] [info] [Worker 6] [libqueen] push(q=0 f=1/24 p99rtt=34ms) pop(q=0 f=4/16 p99rtt=286ms) custom(q=0 f=0/1 p99rtt=12ms) slots=20/25 jobs/s=851 drains=126619 evl=0ms
[2026-06-04 08:24:48.045] [info] [Worker 3] [libqueen] push(q=2 f=0/24 p99rtt=37ms) pop(q=20 f=2/16 p99rtt=267ms) custom(q=0 f=0/1 p99rtt=12ms) slots=23/25 jobs/s=851 drains=126980 evl=0ms
[2026-06-04 08:24:48.058] [info] [Worker 0] [libqueen] push(q=5 f=0/24 p99rtt=39ms) pop(q=0 f=3/16 p99rtt=272ms) custom(q=0 f=0/1 p99rtt=12ms) slots=22/25 jobs/s=788 drains=128218 evl=0ms
[2026-06-04 08:24:48.070] [info] [Worker 2] [libqueen] push(q=0 f=1/24 p99rtt=38ms) pop(q=0 f=3/16 p99rtt=266ms) custom(q=0 f=0/1 p99rtt=15ms) slots=21/25 jobs/s=918 drains=128283 evl=0ms
[2026-06-04 08:24:48.073] [info] [Worker 9] [libqueen] push(q=0 f=1/24 p99rtt=34ms) pop(q=2 f=2/16 p99rtt=307ms) custom(q=0 f=0/1 p99rtt=14ms) slots=22/25 jobs/s=842 drains=127324 evl=0ms
[2026-06-04 08:24:48.985] [info] [Worker 7] [libqueen] push(q=0 f=1/24 p99rtt=37ms) pop(q=1 f=3/16 p99rtt=290ms) custom(q=0 f=0/1 p99rtt=11ms) slots=21/25 jobs/s=817 drains=126536 evl=0ms
[2026-06-04 08:24:48.996] [info] [Worker 4] [libqueen] push(q=0 f=1/24 p99rtt=37ms) pop(q=0 f=3/16 p99rtt=265ms) custom(q=0 f=0/1 p99rtt=11ms) slots=21/25 jobs/s=751 drains=128842 evl=0ms
[2026-06-04 08:24:49.000] [info] [Worker 8] [libqueen] push(q=5 f=0/24 p99rtt=38ms) pop(q=7 f=3/16 p99rtt=254ms) custom(q=0 f=0/1 p99rtt=12ms) slots=22/25 jobs/s=789 drains=127213 evl=0ms
[2026-06-04 08:24:49.011] [info] [Worker 5] [libqueen] push(q=5 f=0/24 p99rtt=40ms) pop(q=5 f=3/16 p99rtt=287ms) custom(q=0 f=1/1 p99rtt=13ms) slots=21/25 jobs/s=814 drains=128152 evl=1ms
[2026-06-04 08:24:49.031] [info] [Worker 1] [libqueen] push(q=0 f=0/24 p99rtt=38ms) pop(q=0 f=3/16 p99rtt=269ms) custom(q=0 f=1/1 p99rtt=12ms) slots=21/25 jobs/s=733 drains=127841 evl=0ms
[2026-06-04 08:24:49.039] [info] [Worker 6] [libqueen] push(q=0 f=1/24 p99rtt=34ms) pop(q=0 f=2/16 p99rtt=286ms) custom(q=0 f=0/1 p99rtt=12ms) slots=22/25 jobs/s=679 drains=127248 evl=0ms
[2026-06-04 08:24:49.045] [info] [Worker 3] [libqueen] push(q=0 f=1/24 p99rtt=37ms) pop(q=0 f=4/16 p99rtt=267ms) custom(q=0 f=0/1 p99rtt=12ms) slots=20/25 jobs/s=776 drains=127653 evl=0ms
[2026-06-04 08:24:49.058] [info] [Worker 0] [libqueen] push(q=5 f=0/24 p99rtt=40ms) pop(q=5 f=3/16 p99rtt=272ms) custom(q=0 f=1/1 p99rtt=12ms) slots=21/25 jobs/s=750 drains=128903 evl=0ms
[2026-06-04 08:24:49.070] [info] [Worker 2] [libqueen] push(q=4 f=0/24 p99rtt=38ms) pop(q=0 f=4/16 p99rtt=266ms) custom(q=0 f=0/1 p99rtt=14ms) slots=21/25 jobs/s=818 drains=129108 evl=0ms
[2026-06-04 08:24:49.073] [info] [Worker 9] [libqueen] push(q=0 f=1/24 p99rtt=35ms) pop(q=3 f=3/16 p99rtt=307ms) custom(q=0 f=0/1 p99rtt=14ms) slots=21/25 jobs/s=753 drains=127964 evl=0ms
[2026-06-04 08:24:49.987] [info] [Worker 7] [libqueen] push(q=0 f=1/24 p99rtt=37ms) pop(q=12 f=3/16 p99rtt=290ms) custom(q=0 f=0/1 p99rtt=11ms) slots=21/25 jobs/s=819 drains=127347 evl=0ms
[2026-06-04 08:24:49.996] [info] [Worker 4] [libqueen] push(q=0 f=0/24 p99rtt=37ms) pop(q=3 f=2/16 p99rtt=265ms) custom(q=0 f=1/1 p99rtt=11ms) slots=22/25 jobs/s=868 drains=129604 evl=0ms
[2026-06-04 08:24:50.000] [info] [Worker 8] [libqueen] push(q=0 f=1/24 p99rtt=38ms) pop(q=0 f=3/16 p99rtt=254ms) custom(q=0 f=0/1 p99rtt=12ms) slots=21/25 jobs/s=806 drains=127964 evl=0ms
[2026-06-04 08:24:50.012] [info] [Worker 5] [libqueen] push(q=5 f=0/24 p99rtt=40ms) pop(q=2 f=3/16 p99rtt=287ms) custom(q=0 f=1/1 p99rtt=12ms) slots=21/25 jobs/s=807 drains=128949 evl=0ms
[2026-06-04 08:24:50.031] [info] [Worker 1] [libqueen] push(q=5 f=0/24 p99rtt=38ms) pop(q=8 f=3/16 p99rtt=269ms) custom(q=0 f=0/1 p99rtt=12ms) slots=22/25 jobs/s=800 drains=128583 evl=0ms
[2026-06-04 08:24:50.038] [info] [Worker 6] [libqueen] push(q=0 f=1/24 p99rtt=34ms) pop(q=4 f=3/16 p99rtt=289ms) custom(q=0 f=0/1 p99rtt=11ms) slots=21/25 jobs/s=642 drains=127877 evl=0ms
[2026-06-04 08:24:50.045] [info] [Worker 3] [libqueen] push(q=0 f=1/24 p99rtt=37ms) pop(q=12 f=2/16 p99rtt=267ms) custom(q=0 f=0/1 p99rtt=12ms) slots=22/25 jobs/s=856 drains=128401 evl=0ms
[2026-06-04 08:24:50.058] [info] [Worker 0] [libqueen] push(q=3 f=0/24 p99rtt=40ms) pop(q=1 f=2/16 p99rtt=272ms) custom(q=0 f=0/1 p99rtt=12ms) slots=23/25 jobs/s=840 drains=129656 evl=0ms
[2026-06-04 08:24:50.070] [info] [Worker 2] [libqueen] push(q=0 f=1/24 p99rtt=38ms) pop(q=0 f=3/16 p99rtt=263ms) custom(q=0 f=0/1 p99rtt=14ms) slots=21/25 jobs/s=784 drains=129864 evl=0ms
[2026-06-04 08:24:50.075] [info] [Worker 9] [libqueen] push(q=5 f=0/24 p99rtt=35ms) pop(q=0 f=4/16 p99rtt=295ms) custom(q=0 f=1/1 p99rtt=14ms) slots=20/25 jobs/s=782 drains=128665 evl=0ms
[2026-06-04 08:24:50.986] [info] [Worker 7] [libqueen] push(q=0 f=0/24 p99rtt=37ms) pop(q=8 f=2/16 p99rtt=290ms) custom(q=0 f=0/1 p99rtt=11ms) slots=23/25 jobs/s=850 drains=128129 evl=0ms
[2026-06-04 08:24:50.995] [info] [Worker 4] [libqueen] push(q=0 f=1/24 p99rtt=38ms) pop(q=1 f=2/16 p99rtt=265ms) custom(q=0 f=0/1 p99rtt=11ms) slots=22/25 jobs/s=869 drains=130399 evl=0ms
[2026-06-04 08:24:51.003] [info] [Worker 8] [libqueen] push(q=0 f=1/24 p99rtt=38ms) pop(q=0 f=2/16 p99rtt=254ms) custom(q=0 f=0/1 p99rtt=12ms) slots=22/25 jobs/s=785 drains=128679 evl=0ms
[2026-06-04 08:24:51.012] [info] [Worker 5] [libqueen] push(q=0 f=1/24 p99rtt=40ms) pop(q=0 f=3/16 p99rtt=287ms) custom(q=0 f=0/1 p99rtt=12ms) slots=21/25 jobs/s=816 drains=129648 evl=0ms
[2026-06-04 08:24:51.031] [info] [Worker 1] [libqueen] push(q=5 f=0/24 p99rtt=38ms) pop(q=0 f=3/16 p99rtt=269ms) custom(q=0 f=0/1 p99rtt=12ms) slots=22/25 jobs/s=781 drains=129318 evl=0ms
[2026-06-04 08:24:51.039] [info] [Worker 6] [libqueen] push(q=5 f=0/24 p99rtt=34ms) pop(q=11 f=1/16 p99rtt=289ms) custom(q=0 f=0/1 p99rtt=11ms) slots=24/25 jobs/s=942 drains=128687 evl=0ms
[2026-06-04 08:24:51.044] [info] [Worker 3] [libqueen] push(q=0 f=0/24 p99rtt=37ms) pop(q=0 f=3/16 p99rtt=267ms) custom(q=0 f=1/1 p99rtt=12ms) slots=21/25 jobs/s=912 drains=129214 evl=0ms
[2026-06-04 08:24:51.057] [info] [Worker 0] [libqueen] push(q=5 f=0/24 p99rtt=39ms) pop(q=0 f=2/16 p99rtt=272ms) custom(q=0 f=0/1 p99rtt=12ms) slots=23/25 jobs/s=821 drains=130442 evl=0ms
[2026-06-04 08:24:51.070] [info] [Worker 2] [libqueen] push(q=0 f=1/24 p99rtt=37ms) pop(q=0 f=3/16 p99rtt=263ms) custom(q=0 f=0/1 p99rtt=14ms) slots=21/25 jobs/s=768 drains=130597 evl=0ms
[2026-06-04 08:24:51.074] [info] [Worker 9] [libqueen] push(q=5 f=0/24 p99rtt=35ms) pop(q=0 f=3/16 p99rtt=295ms) custom(q=0 f=0/1 p99rtt=13ms) slots=22/25 jobs/s=903 drains=129543 evl=0ms
[2026-06-04 08:24:51.388] [info] PartitionLookupReconcileService: fixed 9 partition_lookup rows (stats leader, hostname=112aa6a7f2d1)
[2026-06-04 08:24:51.510] [info] StatsService: cycle completed in 1187ms
[2026-06-04 08:24:51.986] [info] [Worker 7] [libqueen] push(q=0 f=1/24 p99rtt=34ms) pop(q=0 f=3/16 p99rtt=290ms) custom(q=0 f=0/1 p99rtt=10ms) slots=21/25 jobs/s=858 drains=128917 evl=0ms
[2026-06-04 08:24:51.996] [info] [Worker 4] [libqueen] push(q=0 f=1/24 p99rtt=36ms) pop(q=0 f=3/16 p99rtt=265ms) custom(q=0 f=0/1 p99rtt=11ms) slots=21/25 jobs/s=779 drains=131214 evl=0ms
[2026-06-04 08:24:52.003] [info] [Worker 8] [libqueen] push(q=0 f=1/24 p99rtt=36ms) pop(q=0 f=3/16 p99rtt=254ms) custom(q=0 f=0/1 p99rtt=12ms) slots=21/25 jobs/s=799 drains=129382 evl=0ms
[2026-06-04 08:24:52.012] [info] [Worker 5] [libqueen] push(q=5 f=0/24 p99rtt=37ms) pop(q=2 f=3/16 p99rtt=287ms) custom(q=0 f=0/1 p99rtt=11ms) slots=22/25 jobs/s=829 drains=130420 evl=0ms
[2026-06-04 08:24:52.031] [info] [Worker 1] [libqueen] push(q=0 f=1/24 p99rtt=38ms) pop(q=0 f=3/16 p99rtt=269ms) custom(q=0 f=0/1 p99rtt=12ms) slots=21/25 jobs/s=919 drains=130162 evl=0ms
[2026-06-04 08:24:52.039] [info] [Worker 6] [libqueen] push(q=2 f=0/24 p99rtt=34ms) pop(q=0 f=3/16 p99rtt=289ms) custom(q=0 f=0/1 p99rtt=11ms) slots=22/25 jobs/s=827 drains=129523 evl=0ms
[2026-06-04 08:24:52.045] [info] [Worker 3] [libqueen] push(q=5 f=0/24 p99rtt=34ms) pop(q=5 f=3/16 p99rtt=267ms) custom(q=0 f=0/1 p99rtt=12ms) slots=22/25 jobs/s=876 drains=130068 evl=0ms
[2026-06-04 08:24:52.057] [info] [Worker 0] [libqueen] push(q=5 f=0/24 p99rtt=38ms) pop(q=0 f=3/16 p99rtt=272ms) custom(q=0 f=0/1 p99rtt=11ms) slots=22/25 jobs/s=801 drains=131169 evl=0ms
[2026-06-04 08:24:52.069] [info] [Worker 2] [libqueen] push(q=0 f=1/24 p99rtt=37ms) pop(q=0 f=2/16 p99rtt=263ms) custom(q=0 f=0/1 p99rtt=14ms) slots=22/25 jobs/s=806 drains=131361 evl=0ms
[2026-06-04 08:24:52.074] [info] [Worker 9] [libqueen] push(q=0 f=1/24 p99rtt=35ms) pop(q=0 f=3/16 p99rtt=295ms) custom(q=0 f=0/1 p99rtt=13ms) slots=21/25 jobs/s=805 drains=130306 evl=0ms
[2026-06-04 08:24:52.985] [info] [Worker 7] [libqueen] push(q=0 f=1/24 p99rtt=34ms) pop(q=0 f=3/16 p99rtt=290ms) custom(q=0 f=0/1 p99rtt=10ms) slots=21/25 jobs/s=746 drains=129639 evl=0ms
[2026-06-04 08:24:52.996] [info] [Worker 4] [libqueen] push(q=5 f=0/24 p99rtt=35ms) pop(q=4 f=2/16 p99rtt=265ms) custom(q=0 f=0/1 p99rtt=11ms) slots=23/25 jobs/s=786 drains=131908 evl=0ms
[2026-06-04 08:24:53.003] [info] [Worker 8] [libqueen] push(q=5 f=0/24 p99rtt=38ms) pop(q=3 f=2/16 p99rtt=254ms) custom(q=0 f=0/1 p99rtt=12ms) slots=23/25 jobs/s=796 drains=130127 evl=0ms
[2026-06-04 08:24:53.012] [info] [Worker 5] [libqueen] push(q=5 f=0/24 p99rtt=37ms) pop(q=6 f=2/16 p99rtt=287ms) custom(q=0 f=0/1 p99rtt=11ms) slots=23/25 jobs/s=836 drains=131182 evl=0ms
[2026-06-04 08:24:53.031] [info] [Worker 1] [libqueen] push(q=5 f=0/24 p99rtt=36ms) pop(q=0 f=3/16 p99rtt=269ms) custom(q=0 f=0/1 p99rtt=12ms) slots=22/25 jobs/s=784 drains=130909 evl=0ms
[2026-06-04 08:24:53.041] [info] [Worker 6] [libqueen] push(q=0 f=1/24 p99rtt=34ms) pop(q=0 f=3/16 p99rtt=289ms) custom(q=0 f=0/1 p99rtt=11ms) slots=21/25 jobs/s=810 drains=130272 evl=0ms
[2026-06-04 08:24:53.045] [info] [Worker 3] [libqueen] push(q=5 f=0/24 p99rtt=33ms) pop(q=1 f=3/16 p99rtt=267ms) custom(q=0 f=0/1 p99rtt=12ms) slots=22/25 jobs/s=805 drains=130813 evl=0ms
[2026-06-04 08:24:53.058] [info] [Worker 0] [libqueen] push(q=0 f=1/24 p99rtt=38ms) pop(q=16 f=1/16 p99rtt=272ms) custom(q=0 f=0/1 p99rtt=12ms) slots=23/25 jobs/s=711 drains=131852 evl=0ms
[2026-06-04 08:24:53.069] [info] [Worker 2] [libqueen] push(q=0 f=1/24 p99rtt=36ms) pop(q=0 f=4/16 p99rtt=263ms) custom(q=0 f=0/1 p99rtt=13ms) slots=20/25 jobs/s=758 drains=132122 evl=0ms
[2026-06-04 08:24:53.074] [info] [Worker 9] [libqueen] push(q=5 f=0/24 p99rtt=34ms) pop(q=7 f=3/16 p99rtt=295ms) custom(q=0 f=0/1 p99rtt=12ms) slots=22/25 jobs/s=786 drains=131027 evl=0ms
[2026-06-04 08:24:53.986] [info] [Worker 7] [libqueen] push(q=0 f=0/24 p99rtt=34ms) pop(q=1 f=4/16 p99rtt=290ms) custom(q=0 f=1/1 p99rtt=10ms) slots=20/25 jobs/s=663 drains=130265 evl=0ms
[2026-06-04 08:24:53.995] [info] [Worker 4] [libqueen] push(q=0 f=1/24 p99rtt=35ms) pop(q=0 f=4/16 p99rtt=265ms) custom(q=0 f=0/1 p99rtt=11ms) slots=20/25 jobs/s=706 drains=132578 evl=0ms
[2026-06-04 08:24:54.003] [info] [Worker 8] [libqueen] push(q=0 f=1/24 p99rtt=38ms) pop(q=2 f=2/16 p99rtt=254ms) custom(q=0 f=0/1 p99rtt=12ms) slots=22/25 jobs/s=763 drains=130839 evl=0ms
[2026-06-04 08:24:54.013] [info] [Worker 5] [libqueen] push(q=0 f=1/24 p99rtt=37ms) pop(q=4 f=3/16 p99rtt=287ms) custom(q=0 f=0/1 p99rtt=11ms) slots=21/25 jobs/s=731 drains=131848 evl=0ms
[2026-06-04 08:24:54.031] [info] [Worker 1] [libqueen] push(q=5 f=0/24 p99rtt=36ms) pop(q=0 f=4/16 p99rtt=269ms) custom(q=0 f=1/1 p99rtt=11ms) slots=20/25 jobs/s=707 drains=131591 evl=0ms
[2026-06-04 08:24:54.041] [info] [Worker 6] [libqueen] push(q=5 f=0/24 p99rtt=34ms) pop(q=0 f=5/16 p99rtt=289ms) custom(q=0 f=1/1 p99rtt=11ms) slots=19/25 jobs/s=706 drains=130931 evl=0ms
[2026-06-04 08:24:54.045] [info] [Worker 3] [libqueen] push(q=0 f=0/24 p99rtt=33ms) pop(q=0 f=2/16 p99rtt=266ms) custom(q=0 f=1/1 p99rtt=12ms) slots=22/25 jobs/s=756 drains=131479 evl=0ms
[2026-06-04 08:24:54.057] [info] [Worker 0] [libqueen] push(q=5 f=0/24 p99rtt=38ms) pop(q=0 f=3/16 p99rtt=272ms) custom(q=0 f=0/1 p99rtt=12ms) slots=22/25 jobs/s=746 drains=132501 evl=0ms
[2026-06-04 08:24:54.070] [info] [Worker 2] [libqueen] push(q=5 f=0/24 p99rtt=37ms) pop(q=0 f=3/16 p99rtt=263ms) custom(q=0 f=0/1 p99rtt=14ms) slots=22/25 jobs/s=687 drains=132736 evl=0ms
[2026-06-04 08:24:54.074] [info] [Worker 9] [libqueen] push(q=5 f=0/24 p99rtt=35ms) pop(q=0 f=3/16 p99rtt=295ms) custom(q=0 f=0/1 p99rtt=12ms) slots=22/25 jobs/s=789 drains=131766 evl=0ms
[2026-06-04 08:24:54.986] [info] [Worker 7] [libqueen] push(q=0 f=0/24 p99rtt=34ms) pop(q=0 f=3/16 p99rtt=290ms) custom(q=0 f=0/1 p99rtt=10ms) slots=22/25 jobs/s=650 drains=130901 evl=0ms
[2026-06-04 08:24:54.996] [info] [Worker 4] [libqueen] push(q=0 f=1/24 p99rtt=34ms) pop(q=5 f=3/16 p99rtt=260ms) custom(q=0 f=0/1 p99rtt=11ms) slots=21/25 jobs/s=675 drains=133183 evl=0ms
[2026-06-04 08:24:55.003] [info] [Worker 8] [libqueen] push(q=5 f=0/24 p99rtt=38ms) pop(q=0 f=4/16 p99rtt=256ms) custom(q=0 f=0/1 p99rtt=12ms) slots=21/25 jobs/s=611 drains=131437 evl=0ms
[2026-06-04 08:24:55.013] [info] [Worker 5] [libqueen] push(q=0 f=1/24 p99rtt=37ms) pop(q=0 f=4/16 p99rtt=298ms) custom(q=0 f=0/1 p99rtt=12ms) slots=20/25 jobs/s=644 drains=132425 evl=0ms
[2026-06-04 08:24:55.034] [info] [Worker 1] [libqueen] push(q=0 f=1/24 p99rtt=36ms) pop(q=0 f=4/16 p99rtt=269ms) custom(q=0 f=0/1 p99rtt=12ms) slots=20/25 jobs/s=651 drains=132210 evl=0ms
[2026-06-04 08:24:55.041] [info] [Worker 6] [libqueen] push(q=0 f=1/24 p99rtt=34ms) pop(q=0 f=4/16 p99rtt=286ms) custom(q=0 f=0/1 p99rtt=11ms) slots=20/25 jobs/s=692 drains=131539 evl=0ms
[2026-06-04 08:24:55.045] [info] [Worker 3] [libqueen] push(q=0 f=1/24 p99rtt=34ms) pop(q=0 f=4/16 p99rtt=267ms) custom(q=0 f=0/1 p99rtt=12ms) slots=20/25 jobs/s=521 drains=132007 evl=0ms
[2026-06-04 08:24:55.058] [info] [Worker 0] [libqueen] push(q=0 f=1/24 p99rtt=38ms) pop(q=0 f=3/16 p99rtt=272ms) custom(q=0 f=0/1 p99rtt=13ms) slots=21/25 jobs/s=626 drains=133076 evl=0ms
[2026-06-04 08:24:55.070] [info] [Worker 2] [libqueen] push(q=5 f=0/24 p99rtt=37ms) pop(q=0 f=4/16 p99rtt=260ms) custom(q=0 f=0/1 p99rtt=14ms) slots=21/25 jobs/s=635 drains=133321 evl=0ms
[2026-06-04 08:24:55.074] [info] [Worker 9] [libqueen] push(q=5 f=0/24 p99rtt=35ms) pop(q=0 f=4/16 p99rtt=316ms) custom(q=0 f=0/1 p99rtt=13ms) slots=21/25 jobs/s=573 drains=132337 evl=0ms
[2026-06-04 08:24:55.985] [info] [Worker 7] [libqueen] push(q=0 f=1/24 p99rtt=34ms) pop(q=1 f=5/16 p99rtt=290ms) custom(q=0 f=0/1 p99rtt=10ms) slots=19/25 jobs/s=579 drains=131474 evl=0ms
[2026-06-04 08:24:55.996] [info] [Worker 4] [libqueen] push(q=5 f=0/24 p99rtt=34ms) pop(q=7 f=3/16 p99rtt=260ms) custom(q=0 f=0/1 p99rtt=11ms) slots=22/25 jobs/s=642 drains=133797 evl=0ms
[2026-06-04 08:24:56.003] [info] [Worker 8] [libqueen] push(q=5 f=0/24 p99rtt=38ms) pop(q=7 f=4/16 p99rtt=266ms) custom(q=0 f=0/1 p99rtt=12ms) slots=21/25 jobs/s=585 drains=132004 evl=0ms
[2026-06-04 08:24:56.013] [info] [Worker 5] [libqueen] push(q=0 f=1/24 p99rtt=37ms) pop(q=0 f=3/16 p99rtt=287ms) custom(q=0 f=0/1 p99rtt=12ms) slots=21/25 jobs/s=601 drains=133021 evl=0ms
[2026-06-04 08:24:56.033] [info] [Worker 1] [libqueen] push(q=5 f=0/24 p99rtt=36ms) pop(q=0 f=4/16 p99rtt=269ms) custom(q=0 f=0/1 p99rtt=12ms) slots=21/25 jobs/s=619 drains=132800 evl=0ms
[2026-06-04 08:24:56.040] [info] [Worker 6] [libqueen] push(q=0 f=1/24 p99rtt=34ms) pop(q=0 f=4/16 p99rtt=286ms) custom(q=0 f=0/1 p99rtt=11ms) slots=20/25 jobs/s=596 drains=132132 evl=0ms
[2026-06-04 08:24:56.045] [info] [Worker 3] [libqueen] push(q=0 f=1/24 p99rtt=34ms) pop(q=9 f=4/16 p99rtt=267ms) custom(q=0 f=1/1 p99rtt=12ms) slots=19/25 jobs/s=651 drains=132613 evl=0ms
[2026-06-04 08:24:56.058] [info] [Worker 0] [libqueen] push(q=0 f=1/24 p99rtt=38ms) pop(q=0 f=4/16 p99rtt=272ms) custom(q=0 f=1/1 p99rtt=13ms) slots=19/25 jobs/s=648 drains=133685 evl=0ms
[2026-06-04 08:24:56.070] [info] [Worker 2] [libqueen] push(q=4 f=0/24 p99rtt=38ms) pop(q=9 f=2/16 p99rtt=258ms) custom(q=0 f=0/1 p99rtt=14ms) slots=23/25 jobs/s=609 drains=133907 evl=0ms
[2026-06-04 08:24:56.074] [info] [Worker 9] [libqueen] push(q=0 f=1/24 p99rtt=36ms) pop(q=0 f=4/16 p99rtt=307ms) custom(q=0 f=0/1 p99rtt=13ms) slots=20/25 jobs/s=572 drains=132855 evl=0ms
[2026-06-04 08:24:56.985] [info] [Worker 7] [libqueen] push(q=0 f=1/24 p99rtt=34ms) pop(q=0 f=5/16 p99rtt=287ms) custom(q=0 f=0/1 p99rtt=10ms) slots=19/25 jobs/s=600 drains=132068 evl=0ms
[2026-06-04 08:24:56.996] [info] [Worker 4] [libqueen] push(q=5 f=0/24 p99rtt=34ms) pop(q=0 f=4/16 p99rtt=260ms) custom(q=0 f=0/1 p99rtt=12ms) slots=21/25 jobs/s=647 drains=134371 evl=0ms
[2026-06-04 08:24:57.003] [info] [Worker 8] [libqueen] push(q=0 f=1/24 p99rtt=38ms) pop(q=0 f=3/16 p99rtt=266ms) custom(q=0 f=0/1 p99rtt=12ms) slots=21/25 jobs/s=670 drains=132677 evl=0ms
[2026-06-04 08:24:57.013] [info] [Worker 5] [libqueen] push(q=0 f=1/24 p99rtt=37ms) pop(q=0 f=4/16 p99rtt=297ms) custom(q=0 f=0/1 p99rtt=11ms) slots=20/25 jobs/s=634 drains=133587 evl=0ms
[2026-06-04 08:24:57.034] [info] [Worker 1] [libqueen] push(q=0 f=1/24 p99rtt=36ms) pop(q=0 f=4/16 p99rtt=260ms) custom(q=0 f=0/1 p99rtt=12ms) slots=20/25 jobs/s=613 drains=133363 evl=0ms
[2026-06-04 08:24:57.041] [info] [Worker 6] [libqueen] push(q=5 f=0/24 p99rtt=35ms) pop(q=9 f=2/16 p99rtt=279ms) custom(q=0 f=0/1 p99rtt=11ms) slots=23/25 jobs/s=675 drains=132861 evl=0ms
[2026-06-04 08:24:57.046] [info] [Worker 3] [libqueen] push(q=5 f=0/24 p99rtt=34ms) pop(q=0 f=3/16 p99rtt=267ms) custom(q=0 f=0/1 p99rtt=12ms) slots=22/25 jobs/s=699 drains=133314 evl=0ms
[2026-06-04 08:24:57.059] [info] [Worker 0] [libqueen] push(q=0 f=1/24 p99rtt=38ms) pop(q=13 f=3/16 p99rtt=269ms) custom(q=0 f=0/1 p99rtt=13ms) slots=21/25 jobs/s=687 drains=134324 evl=0ms
[2026-06-04 08:24:57.070] [info] [Worker 2] [libqueen] push(q=0 f=1/24 p99rtt=38ms) pop(q=0 f=3/16 p99rtt=258ms) custom(q=0 f=0/1 p99rtt=14ms) slots=21/25 jobs/s=597 drains=134501 evl=0ms
[2026-06-04 08:24:57.077] [info] [Worker 9] [libqueen] push(q=1 f=0/24 p99rtt=36ms) pop(q=0 f=3/16 p99rtt=307ms) custom(q=0 f=1/1 p99rtt=14ms) slots=21/25 jobs/s=679 drains=133496 evl=0ms
[2026-06-04 08:24:57.373] [info] PartitionLookupReconcileService: fixed 10 partition_lookup rows (stats leader, hostname=112aa6a7f2d1)
[2026-06-04 08:24:57.986] [info] [Worker 7] [libqueen] push(q=0 f=1/24 p99rtt=34ms) pop(q=9 f=2/16 p99rtt=290ms) custom(q=0 f=0/1 p99rtt=10ms) slots=22/25 jobs/s=639 drains=132725 evl=0ms
[2026-06-04 08:24:57.996] [info] [Worker 4] [libqueen] push(q=5 f=0/24 p99rtt=34ms) pop(q=4 f=4/16 p99rtt=255ms) custom(q=0 f=0/1 p99rtt=13ms) slots=21/25 jobs/s=678 drains=135037 evl=0ms
[2026-06-04 08:24:58.003] [info] [Worker 8] [libqueen] push(q=5 f=0/24 p99rtt=38ms) pop(q=0 f=4/16 p99rtt=255ms) custom(q=0 f=0/1 p99rtt=12ms) slots=21/25 jobs/s=651 drains=133354 evl=0ms
[2026-06-04 08:24:58.012] [info] [Worker 5] [libqueen] push(q=0 f=0/24 p99rtt=37ms) pop(q=0 f=3/16 p99rtt=297ms) custom(q=0 f=1/1 p99rtt=11ms) slots=21/25 jobs/s=631 drains=134233 evl=0ms
[2026-06-04 08:24:58.035] [info] [Worker 1] [libqueen] push(q=5 f=0/24 p99rtt=37ms) pop(q=1 f=4/16 p99rtt=269ms) custom(q=0 f=1/1 p99rtt=12ms) slots=20/25 jobs/s=541 drains=133895 evl=0ms
[2026-06-04 08:24:58.041] [info] [Worker 6] [libqueen] push(q=5 f=0/24 p99rtt=34ms) pop(q=6 f=3/16 p99rtt=279ms) custom(q=0 f=1/1 p99rtt=11ms) slots=21/25 jobs/s=601 drains=133441 evl=0ms
[2026-06-04 08:24:58.045] [info] [Worker 3] [libqueen] push(q=0 f=0/24 p99rtt=34ms) pop(q=0 f=5/16 p99rtt=267ms) custom(q=0 f=1/1 p99rtt=12ms) slots=19/25 jobs/s=599 drains=133888 evl=0ms
[2026-06-04 08:24:58.059] [info] [Worker 0] [libqueen] push(q=0 f=1/24 p99rtt=37ms) pop(q=0 f=6/16 p99rtt=269ms) custom(q=0 f=0/1 p99rtt=13ms) slots=18/25 jobs/s=565 drains=134895 evl=0ms
[2026-06-04 08:24:58.070] [info] [Worker 2] [libqueen] push(q=0 f=0/24 p99rtt=38ms) pop(q=0 f=4/16 p99rtt=260ms) custom(q=0 f=1/1 p99rtt=14ms) slots=20/25 jobs/s=632 drains=135148 evl=0ms
[2026-06-04 08:24:58.077] [info] [Worker 9] [libqueen] push(q=0 f=0/24 p99rtt=38ms) pop(q=13 f=3/16 p99rtt=295ms) custom(q=0 f=1/1 p99rtt=14ms) slots=21/25 jobs/s=628 drains=134096 evl=0ms
[2026-06-04 08:24:58.986] [info] [Worker 7] [libqueen] push(q=0 f=1/24 p99rtt=34ms) pop(q=0 f=3/16 p99rtt=290ms) custom(q=0 f=0/1 p99rtt=10ms) slots=21/25 jobs/s=561 drains=133299 evl=1ms
[2026-06-04 08:24:58.996] [info] [Worker 4] [libqueen] push(q=0 f=1/24 p99rtt=33ms) pop(q=0 f=2/16 p99rtt=250ms) custom(q=0 f=0/1 p99rtt=13ms) slots=22/25 jobs/s=632 drains=135672 evl=0ms
[2026-06-04 08:24:59.003] [info] [Worker 8] [libqueen] push(q=5 f=0/24 p99rtt=38ms) pop(q=1 f=2/16 p99rtt=256ms) custom(q=0 f=0/1 p99rtt=12ms) slots=23/25 jobs/s=562 drains=133917 evl=0ms
[2026-06-04 08:24:59.013] [info] [Worker 5] [libqueen] push(q=0 f=1/24 p99rtt=37ms) pop(q=6 f=4/16 p99rtt=285ms) custom(q=0 f=0/1 p99rtt=11ms) slots=20/25 jobs/s=596 drains=134834 evl=0ms
[2026-06-04 08:24:59.035] [info] [Worker 1] [libqueen] push(q=0 f=0/24 p99rtt=37ms) pop(q=0 f=5/16 p99rtt=271ms) custom(q=0 f=1/1 p99rtt=12ms) slots=19/25 jobs/s=590 drains=134436 evl=0ms
[2026-06-04 08:24:59.041] [info] [Worker 6] [libqueen] push(q=0 f=1/24 p99rtt=33ms) pop(q=0 f=4/16 p99rtt=279ms) custom(q=0 f=0/1 p99rtt=11ms) slots=20/25 jobs/s=614 drains=134041 evl=0ms
[2026-06-04 08:24:59.046] [info] [Worker 3] [libqueen] push(q=0 f=1/24 p99rtt=33ms) pop(q=0 f=2/16 p99rtt=266ms) custom(q=0 f=0/1 p99rtt=12ms) slots=22/25 jobs/s=643 drains=134527 evl=0ms
[2026-06-04 08:24:59.058] [info] [Worker 0] [libqueen] push(q=5 f=0/24 p99rtt=34ms) pop(q=10 f=4/16 p99rtt=269ms) custom(q=0 f=0/1 p99rtt=13ms) slots=21/25 jobs/s=636 drains=135510 evl=0ms
[2026-06-04 08:24:59.070] [info] [Worker 2] [libqueen] push(q=5 f=0/24 p99rtt=37ms) pop(q=0 f=3/16 p99rtt=263ms) custom(q=0 f=0/1 p99rtt=14ms) slots=22/25 jobs/s=586 drains=135762 evl=0ms
[2026-06-04 08:24:59.076] [info] [Worker 9] [libqueen] push(q=0 f=0/24 p99rtt=38ms) pop(q=0 f=4/16 p99rtt=288ms) custom(q=0 f=0/1 p99rtt=12ms) slots=21/25 jobs/s=654 drains=134681 evl=0ms
[2026-06-04 08:24:59.987] [info] [Worker 7] [libqueen] push(q=0 f=1/24 p99rtt=34ms) pop(q=0 f=4/16 p99rtt=291ms) custom(q=0 f=0/1 p99rtt=10ms) slots=20/25 jobs/s=574 drains=133895 evl=0ms
[2026-06-04 08:24:59.997] [info] [Worker 4] [libqueen] push(q=0 f=1/24 p99rtt=34ms) pop(q=0 f=5/16 p99rtt=252ms) custom(q=0 f=1/1 p99rtt=13ms) slots=18/25 jobs/s=599 drains=136278 evl=0ms
[2026-06-04 08:25:00.003] [info] [Worker 8] [libqueen] push(q=0 f=1/24 p99rtt=38ms) pop(q=0 f=4/16 p99rtt=255ms) custom(q=3 f=0/1 p99rtt=12ms) slots=20/25 jobs/s=628 drains=134564 evl=0ms
[2026-06-04 08:25:00.013] [info] [Worker 5] [libqueen] push(q=0 f=1/24 p99rtt=35ms) pop(q=0 f=4/16 p99rtt=267ms) custom(q=3 f=0/1 p99rtt=11ms) slots=20/25 jobs/s=575 drains=135398 evl=0ms
[2026-06-04 08:25:00.035] [info] [Worker 1] [libqueen] push(q=3 f=0/24 p99rtt=38ms) pop(q=0 f=3/16 p99rtt=260ms) custom(q=3 f=0/1 p99rtt=12ms) slots=22/25 jobs/s=655 drains=135115 evl=0ms
[2026-06-04 08:25:00.042] [info] [Worker 6] [libqueen] push(q=5 f=0/24 p99rtt=35ms) pop(q=0 f=3/16 p99rtt=277ms) custom(q=3 f=0/1 p99rtt=11ms) slots=22/25 jobs/s=657 drains=134674 evl=0ms
[2026-06-04 08:25:00.046] [info] [Worker 3] [libqueen] push(q=0 f=1/24 p99rtt=36ms) pop(q=0 f=0/16 p99rtt=266ms) custom(q=3 f=0/1 p99rtt=13ms) slots=24/25 jobs/s=592 drains=135136 evl=0ms
[2026-06-04 08:25:00.059] [info] [Worker 0] [libqueen] push(q=5 f=0/24 p99rtt=38ms) pop(q=2 f=3/16 p99rtt=269ms) custom(q=3 f=0/1 p99rtt=13ms) slots=22/25 jobs/s=518 drains=136025 evl=0ms
[2026-06-04 08:25:00.071] [info] [Worker 2] [libqueen] push(q=0 f=1/24 p99rtt=38ms) pop(q=9 f=3/16 p99rtt=264ms) custom(q=3 f=0/1 p99rtt=14ms) slots=21/25 jobs/s=585 drains=136372 evl=0ms
[2026-06-04 08:25:00.077] [info] [Worker 9] [libqueen] push(q=5 f=0/24 p99rtt=38ms) pop(q=1 f=3/16 p99rtt=294ms) custom(q=3 f=0/1 p99rtt=12ms) slots=22/25 jobs/s=561 drains=135277 evl=0ms
[2026-06-04 08:25:00.988] [info] [Worker 7] [libqueen] push(q=5 f=0/24 p99rtt=36ms) pop(q=1 f=4/16 p99rtt=285ms) custom(q=3 f=0/1 p99rtt=10ms) slots=21/25 jobs/s=597 drains=134466 evl=0ms
[2026-06-04 08:25:00.997] [info] [Worker 4] [libqueen] push(q=0 f=1/24 p99rtt=36ms) pop(q=0 f=5/16 p99rtt=252ms) custom(q=3 f=0/1 p99rtt=14ms) slots=19/25 jobs/s=629 drains=136939 evl=0ms
[2026-06-04 08:25:01.003] [info] [Worker 8] [libqueen] push(q=0 f=1/24 p99rtt=40ms) pop(q=0 f=4/16 p99rtt=255ms) custom(q=0 f=0/1 p99rtt=12ms) slots=20/25 jobs/s=668 drains=135270 evl=0ms
[2026-06-04 08:25:01.013] [info] [Worker 5] [libqueen] push(q=5 f=0/24 p99rtt=37ms) pop(q=2 f=3/16 p99rtt=266ms) custom(q=0 f=0/1 p99rtt=11ms) slots=22/25 jobs/s=570 drains=135978 evl=0ms
[2026-06-04 08:25:01.035] [info] [Worker 1] [libqueen] push(q=0 f=0/24 p99rtt=38ms) pop(q=0 f=5/16 p99rtt=262ms) custom(q=0 f=1/1 p99rtt=13ms) slots=19/25 jobs/s=670 drains=135796 evl=0ms
[2026-06-04 08:25:01.041] [info] [Worker 6] [libqueen] push(q=0 f=1/24 p99rtt=37ms) pop(q=0 f=4/16 p99rtt=277ms) custom(q=0 f=0/1 p99rtt=11ms) slots=20/25 jobs/s=566 drains=135222 evl=0ms
[2026-06-04 08:25:01.047] [info] [Worker 3] [libqueen] push(q=0 f=1/24 p99rtt=37ms) pop(q=0 f=5/16 p99rtt=261ms) custom(q=0 f=0/1 p99rtt=12ms) slots=19/25 jobs/s=511 drains=135676 evl=0ms
[2026-06-04 08:25:01.060] [info] [Worker 0] [libqueen] push(q=0 f=0/24 p99rtt=38ms) pop(q=0 f=4/16 p99rtt=263ms) custom(q=0 f=1/1 p99rtt=13ms) slots=20/25 jobs/s=697 drains=136667 evl=0ms
[2026-06-04 08:25:01.071] [info] [Worker 2] [libqueen] push(q=5 f=0/24 p99rtt=38ms) pop(q=0 f=3/16 p99rtt=264ms) custom(q=0 f=1/1 p99rtt=13ms) slots=21/25 jobs/s=600 drains=136929 evl=0ms
[2026-06-04 08:25:01.077] [info] [Worker 9] [libqueen] push(q=0 f=1/24 p99rtt=39ms) pop(q=0 f=4/16 p99rtt=277ms) custom(q=0 f=0/1 p99rtt=11ms) slots=20/25 jobs/s=580 drains=135873 evl=0ms
[2026-06-04 08:25:01.989] [info] [Worker 7] [libqueen] push(q=0 f=1/24 p99rtt=33ms) pop(q=2 f=4/16 p99rtt=285ms) custom(q=0 f=0/1 p99rtt=10ms) slots=20/25 jobs/s=562 drains=135079 evl=0ms
[2026-06-04 08:25:01.997] [info] [Worker 4] [libqueen] push(q=5 f=0/24 p99rtt=35ms) pop(q=0 f=4/16 p99rtt=250ms) custom(q=0 f=0/1 p99rtt=14ms) slots=21/25 jobs/s=598 drains=137552 evl=0ms
[2026-06-04 08:25:02.003] [info] [Worker 8] [libqueen] push(q=0 f=1/24 p99rtt=42ms) pop(q=0 f=5/16 p99rtt=264ms) custom(q=0 f=0/1 p99rtt=11ms) slots=19/25 jobs/s=569 drains=135867 evl=0ms
[2026-06-04 08:25:02.013] [info] [Worker 5] [libqueen] push(q=5 f=0/24 p99rtt=35ms) pop(q=0 f=5/16 p99rtt=275ms) custom(q=0 f=0/1 p99rtt=11ms) slots=20/25 jobs/s=593 drains=136549 evl=0ms
[2026-06-04 08:25:02.038] [info] [Worker 1] [libqueen] push(q=0 f=1/24 p99rtt=38ms) pop(q=0 f=4/16 p99rtt=271ms) custom(q=0 f=0/1 p99rtt=13ms) slots=20/25 jobs/s=495 drains=136295 evl=0ms
[2026-06-04 08:25:02.042] [info] [Worker 6] [libqueen] push(q=0 f=1/24 p99rtt=33ms) pop(q=0 f=5/16 p99rtt=262ms) custom(q=0 f=0/1 p99rtt=11ms) slots=19/25 jobs/s=647 drains=135865 evl=0ms
[2026-06-04 08:25:02.047] [info] [Worker 3] [libqueen] push(q=0 f=1/24 p99rtt=34ms) pop(q=0 f=4/16 p99rtt=246ms) custom(q=0 f=0/1 p99rtt=11ms) slots=20/25 jobs/s=656 drains=136361 evl=0ms
[2026-06-04 08:25:02.061] [info] [Worker 0] [libqueen] push(q=0 f=1/24 p99rtt=38ms) pop(q=0 f=3/16 p99rtt=265ms) custom(q=0 f=0/1 p99rtt=12ms) slots=21/25 jobs/s=466 drains=137166 evl=0ms
[2026-06-04 08:25:02.070] [info] [Worker 2] [libqueen] push(q=0 f=1/24 p99rtt=38ms) pop(q=0 f=4/16 p99rtt=266ms) custom(q=0 f=0/1 p99rtt=13ms) slots=20/25 jobs/s=575 drains=137521 evl=0ms
[2026-06-04 08:25:02.077] [info] [Worker 9] [libqueen] push(q=0 f=1/24 p99rtt=38ms) pop(q=16 f=4/16 p99rtt=277ms) custom(q=0 f=0/1 p99rtt=11ms) slots=20/25 jobs/s=621 drains=136492 evl=0ms
[2026-06-04 08:25:02.462] [info] StatsService: cycle completed in 1138ms
[2026-06-04 08:25:02.989] [info] [Worker 7] [libqueen] push(q=0 f=0/24 p99rtt=34ms) pop(q=0 f=5/16 p99rtt=286ms) custom(q=0 f=1/1 p99rtt=11ms) slots=19/25 jobs/s=622 drains=135639 evl=0ms
[2026-06-04 08:25:02.998] [info] [Worker 4] [libqueen] push(q=5 f=0/24 p99rtt=36ms) pop(q=0 f=3/16 p99rtt=250ms) custom(q=0 f=0/1 p99rtt=14ms) slots=22/25 jobs/s=581 drains=138127 evl=0ms
[2026-06-04 08:25:03.003] [info] [Worker 8] [libqueen] push(q=0 f=1/24 p99rtt=40ms) pop(q=0 f=3/16 p99rtt=264ms) custom(q=0 f=0/1 p99rtt=11ms) slots=21/25 jobs/s=546 drains=136430 evl=0ms
[2026-06-04 08:25:03.012] [info] [Worker 5] [libqueen] push(q=5 f=0/24 p99rtt=36ms) pop(q=0 f=4/16 p99rtt=275ms) custom(q=0 f=0/1 p99rtt=12ms) slots=21/25 jobs/s=572 drains=137142 evl=0ms
[2026-06-04 08:25:03.038] [info] [Worker 1] [libqueen] push(q=0 f=1/24 p99rtt=38ms) pop(q=0 f=4/16 p99rtt=280ms) custom(q=0 f=0/1 p99rtt=13ms) slots=20/25 jobs/s=588 drains=136861 evl=0ms
[2026-06-04 08:25:03.042] [info] [Worker 6] [libqueen] push(q=0 f=1/24 p99rtt=34ms) pop(q=2 f=3/16 p99rtt=253ms) custom(q=0 f=0/1 p99rtt=11ms) slots=21/25 jobs/s=585 drains=136451 evl=0ms
[2026-06-04 08:25:03.047] [info] [Worker 3] [libqueen] push(q=5 f=0/24 p99rtt=34ms) pop(q=0 f=3/16 p99rtt=246ms) custom(q=0 f=0/1 p99rtt=11ms) slots=22/25 jobs/s=592 drains=136912 evl=0ms
[2026-06-04 08:25:03.061] [info] [Worker 0] [libqueen] push(q=5 f=0/24 p99rtt=38ms) pop(q=5 f=3/16 p99rtt=263ms) custom(q=0 f=0/1 p99rtt=13ms) slots=22/25 jobs/s=609 drains=137775 evl=0ms
[2026-06-04 08:25:03.071] [info] [Worker 2] [libqueen] push(q=0 f=1/24 p99rtt=39ms) pop(q=0 f=3/16 p99rtt=266ms) custom(q=0 f=0/1 p99rtt=13ms) slots=21/25 jobs/s=580 drains=138075 evl=0ms
[2026-06-04 08:25:03.077] [info] [Worker 9] [libqueen] push(q=5 f=0/24 p99rtt=38ms) pop(q=1 f=3/16 p99rtt=253ms) custom(q=0 f=0/1 p99rtt=12ms) slots=22/25 jobs/s=589 drains=137096 evl=0ms
[2026-06-04 08:25:03.989] [info] [Worker 7] [libqueen] push(q=0 f=1/24 p99rtt=33ms) pop(q=2 f=3/16 p99rtt=283ms) custom(q=0 f=0/1 p99rtt=11ms) slots=21/25 jobs/s=688 drains=136326 evl=0ms
[2026-06-04 08:25:03.998] [info] [Worker 4] [libqueen] push(q=0 f=0/24 p99rtt=35ms) pop(q=2 f=3/16 p99rtt=250ms) custom(q=0 f=0/1 p99rtt=14ms) slots=22/25 jobs/s=663 drains=138798 evl=0ms
[2026-06-04 08:25:04.002] [info] [Worker 8] [libqueen] push(q=0 f=1/24 p99rtt=38ms) pop(q=0 f=3/16 p99rtt=255ms) custom(q=0 f=0/1 p99rtt=11ms) slots=21/25 jobs/s=638 drains=137088 evl=0ms
[2026-06-04 08:25:04.013] [info] [Worker 5] [libqueen] push(q=0 f=1/24 p99rtt=36ms) pop(q=0 f=3/16 p99rtt=267ms) custom(q=0 f=0/1 p99rtt=13ms) slots=21/25 jobs/s=654 drains=137806 evl=0ms
[2026-06-04 08:25:04.038] [info] [Worker 1] [libqueen] push(q=0 f=1/24 p99rtt=38ms) pop(q=0 f=2/16 p99rtt=271ms) custom(q=0 f=0/1 p99rtt=13ms) slots=22/25 jobs/s=689 drains=137560 evl=0ms
[2026-06-04 08:25:04.041] [info] [Worker 6] [libqueen] push(q=0 f=1/24 p99rtt=34ms) pop(q=13 f=3/16 p99rtt=247ms) custom(q=0 f=0/1 p99rtt=11ms) slots=21/25 jobs/s=706 drains=137147 evl=0ms
[2026-06-04 08:25:04.047] [info] [Worker 3] [libqueen] push(q=0 f=1/24 p99rtt=34ms) pop(q=0 f=4/16 p99rtt=252ms) custom(q=0 f=0/1 p99rtt=12ms) slots=20/25 jobs/s=633 drains=137605 evl=0ms
[2026-06-04 08:25:04.061] [info] [Worker 0] [libqueen] push(q=0 f=1/24 p99rtt=38ms) pop(q=0 f=4/16 p99rtt=260ms) custom(q=0 f=0/1 p99rtt=13ms) slots=20/25 jobs/s=633 drains=138476 evl=0ms
[2026-06-04 08:25:04.070] [info] [Worker 2] [libqueen] push(q=5 f=0/24 p99rtt=39ms) pop(q=2 f=3/16 p99rtt=266ms) custom(q=0 f=0/1 p99rtt=11ms) slots=22/25 jobs/s=669 drains=138718 evl=0ms
[2026-06-04 08:25:04.077] [info] [Worker 9] [libqueen] push(q=5 f=0/24 p99rtt=38ms) pop(q=2 f=4/16 p99rtt=264ms) custom(q=0 f=0/1 p99rtt=11ms) slots=21/25 jobs/s=694 drains=137766 evl=0ms
[2026-06-04 08:25:04.989] [info] [Worker 7] [libqueen] push(q=0 f=1/24 p99rtt=33ms) pop(q=3 f=3/16 p99rtt=277ms) custom(q=0 f=0/1 p99rtt=11ms) slots=21/25 jobs/s=918 drains=137165 evl=0ms
[2026-06-04 08:25:04.997] [info] [Worker 4] [libqueen] push(q=0 f=0/24 p99rtt=36ms) pop(q=0 f=3/16 p99rtt=250ms) custom(q=0 f=0/1 p99rtt=16ms) slots=22/25 jobs/s=811 drains=139584 evl=0ms
[2026-06-04 08:25:05.003] [info] [Worker 8] [libqueen] push(q=5 f=0/24 p99rtt=38ms) pop(q=6 f=2/16 p99rtt=255ms) custom(q=0 f=0/1 p99rtt=11ms) slots=23/25 jobs/s=865 drains=137869 evl=0ms
[2026-06-04 08:25:05.013] [info] [Worker 5] [libqueen] push(q=0 f=1/24 p99rtt=36ms) pop(q=1 f=3/16 p99rtt=267ms) custom(q=0 f=0/1 p99rtt=12ms) slots=21/25 jobs/s=882 drains=138625 evl=0ms
[2026-06-04 08:25:05.037] [info] [Worker 1] [libqueen] push(q=0 f=1/24 p99rtt=38ms) pop(q=3 f=3/16 p99rtt=271ms) custom(q=0 f=0/1 p99rtt=13ms) slots=21/25 jobs/s=931 drains=138325 evl=0ms
[2026-06-04 08:25:05.041] [info] [Worker 6] [libqueen] push(q=0 f=1/24 p99rtt=35ms) pop(q=0 f=3/16 p99rtt=242ms) custom(q=0 f=0/1 p99rtt=11ms) slots=21/25 jobs/s=905 drains=137949 evl=0ms
[2026-06-04 08:25:05.047] [info] [Worker 3] [libqueen] push(q=0 f=1/24 p99rtt=34ms) pop(q=0 f=2/16 p99rtt=252ms) custom(q=0 f=0/1 p99rtt=11ms) slots=22/25 jobs/s=909 drains=138386 evl=0ms
[2026-06-04 08:25:05.060] [info] [Worker 0] [libqueen] push(q=5 f=0/24 p99rtt=37ms) pop(q=0 f=4/16 p99rtt=260ms) custom(q=0 f=1/1 p99rtt=13ms) slots=20/25 jobs/s=860 drains=139215 evl=0ms
[2026-06-04 08:25:05.070] [info] [Worker 2] [libqueen] push(q=0 f=0/24 p99rtt=41ms) pop(q=0 f=2/16 p99rtt=264ms) custom(q=0 f=0/1 p99rtt=11ms) slots=23/25 jobs/s=959 drains=139645 evl=0ms
[2026-06-04 08:25:05.076] [info] [Worker 9] [libqueen] push(q=0 f=1/24 p99rtt=38ms) pop(q=10 f=2/16 p99rtt=259ms) custom(q=0 f=0/1 p99rtt=12ms) slots=22/25 jobs/s=891 drains=138583 evl=0ms
[2026-06-04 08:25:05.989] [info] [Worker 7] [libqueen] push(q=0 f=1/24 p99rtt=33ms) pop(q=0 f=3/16 p99rtt=277ms) custom(q=0 f=0/1 p99rtt=11ms) slots=21/25 jobs/s=966 drains=138069 evl=1ms
[2026-06-04 08:25:05.998] [info] [Worker 4] [libqueen] push(q=0 f=1/24 p99rtt=36ms) pop(q=0 f=5/16 p99rtt=250ms) custom(q=0 f=0/1 p99rtt=14ms) slots=19/25 jobs/s=932 drains=140463 evl=0ms
[2026-06-04 08:25:06.003] [info] [Worker 8] [libqueen] push(q=0 f=1/24 p99rtt=38ms) pop(q=0 f=4/16 p99rtt=255ms) custom(q=0 f=0/1 p99rtt=11ms) slots=20/25 jobs/s=986 drains=138795 evl=0ms
[2026-06-04 08:25:06.013] [info] [Worker 5] [libqueen] push(q=0 f=1/24 p99rtt=35ms) pop(q=0 f=3/16 p99rtt=267ms) custom(q=0 f=0/1 p99rtt=13ms) slots=21/25 jobs/s=949 drains=139443 evl=0ms
[2026-06-04 08:25:06.038] [info] [Worker 1] [libqueen] push(q=0 f=0/24 p99rtt=38ms) pop(q=0 f=1/16 p99rtt=271ms) custom(q=0 f=0/1 p99rtt=13ms) slots=24/25 jobs/s=923 drains=139166 evl=0ms
[2026-06-04 08:25:06.042] [info] [Worker 6] [libqueen] push(q=5 f=0/24 p99rtt=35ms) pop(q=2 f=2/16 p99rtt=242ms) custom(q=0 f=0/1 p99rtt=11ms) slots=23/25 jobs/s=866 drains=138669 evl=0ms
[2026-06-04 08:25:06.048] [info] [Worker 3] [libqueen] push(q=0 f=1/24 p99rtt=36ms) pop(q=0 f=3/16 p99rtt=252ms) custom(q=0 f=0/1 p99rtt=12ms) slots=21/25 jobs/s=948 drains=139257 evl=0ms
[2026-06-04 08:25:06.061] [info] [Worker 0] [libqueen] push(q=0 f=1/24 p99rtt=38ms) pop(q=0 f=3/16 p99rtt=260ms) custom(q=0 f=0/1 p99rtt=13ms) slots=21/25 jobs/s=811 drains=139925 evl=1ms
[2026-06-04 08:25:06.071] [info] [Worker 2] [libqueen] push(q=5 f=0/24 p99rtt=41ms) pop(q=0 f=3/16 p99rtt=264ms) custom(q=0 f=0/1 p99rtt=11ms) slots=22/25 jobs/s=865 drains=140417 evl=0ms
[2026-06-04 08:25:06.078] [info] [Worker 9] [libqueen] push(q=0 f=1/24 p99rtt=38ms) pop(q=0 f=2/16 p99rtt=259ms) custom(q=0 f=0/1 p99rtt=11ms) slots=22/25 jobs/s=943 drains=139377 evl=0ms
[2026-06-04 08:25:06.989] [info] [Worker 7] [libqueen] push(q=0 f=1/24 p99rtt=33ms) pop(q=11 f=2/16 p99rtt=277ms) custom(q=0 f=0/1 p99rtt=11ms) slots=22/25 jobs/s=901 drains=138888 evl=0ms
[2026-06-04 08:25:06.998] [info] [Worker 4] [libqueen] push(q=0 f=0/24 p99rtt=36ms) pop(q=3 f=2/16 p99rtt=250ms) custom(q=0 f=1/1 p99rtt=16ms) slots=22/25 jobs/s=874 drains=141201 evl=0ms
[2026-06-04 08:25:07.003] [info] [Worker 8] [libqueen] push(q=0 f=1/24 p99rtt=38ms) pop(q=2 f=3/16 p99rtt=255ms) custom(q=0 f=0/1 p99rtt=11ms) slots=21/25 jobs/s=902 drains=139612 evl=0ms
[2026-06-04 08:25:07.012] [info] [Worker 5] [libqueen] push(q=0 f=1/24 p99rtt=35ms) pop(q=1 f=3/16 p99rtt=267ms) custom(q=0 f=0/1 p99rtt=13ms) slots=21/25 jobs/s=948 drains=140279 evl=0ms
[2026-06-04 08:25:07.038] [info] [Worker 1] [libqueen] push(q=0 f=0/24 p99rtt=38ms) pop(q=1 f=2/16 p99rtt=271ms) custom(q=0 f=1/1 p99rtt=13ms) slots=22/25 jobs/s=797 drains=139932 evl=0ms
[2026-06-04 08:25:07.043] [info] [Worker 6] [libqueen] push(q=0 f=0/24 p99rtt=35ms) pop(q=18 f=2/16 p99rtt=242ms) custom(q=0 f=0/1 p99rtt=11ms) slots=23/25 jobs/s=954 drains=139580 evl=0ms
[2026-06-04 08:25:07.048] [info] [Worker 3] [libqueen] push(q=5 f=0/24 p99rtt=34ms) pop(q=1 f=2/16 p99rtt=252ms) custom(q=0 f=0/1 p99rtt=12ms) slots=23/25 jobs/s=934 drains=140105 evl=0ms
[2026-06-04 08:25:07.060] [info] [Worker 0] [libqueen] push(q=0 f=1/24 p99rtt=38ms) pop(q=17 f=2/16 p99rtt=260ms) custom(q=0 f=0/1 p99rtt=13ms) slots=22/25 jobs/s=903 drains=140716 evl=0ms
[2026-06-04 08:25:07.071] [info] [Worker 2] [libqueen] push(q=5 f=0/24 p99rtt=41ms) pop(q=2 f=3/16 p99rtt=264ms) custom(q=0 f=0/1 p99rtt=11ms) slots=22/25 jobs/s=926 drains=141329 evl=0ms
[2026-06-04 08:25:07.079] [info] [Worker 9] [libqueen] push(q=0 f=1/24 p99rtt=39ms) pop(q=0 f=4/16 p99rtt=259ms) custom(q=0 f=0/1 p99rtt=11ms) slots=20/25 jobs/s=916 drains=140222 evl=0ms
[2026-06-04 08:25:07.989] [info] [Worker 7] [libqueen] push(q=5 f=0/24 p99rtt=33ms) pop(q=0 f=3/16 p99rtt=277ms) custom(q=0 f=0/1 p99rtt=11ms) slots=22/25 jobs/s=812 drains=139674 evl=0ms
[2026-06-04 08:25:08.002] [info] [Worker 4] [libqueen] push(q=0 f=0/24 p99rtt=36ms) pop(q=0 f=3/16 p99rtt=250ms) custom(q=0 f=1/1 p99rtt=16ms) slots=21/25 jobs/s=825 drains=141969 evl=0ms
[2026-06-04 08:25:08.002] [info] [Worker 8] [libqueen] push(q=5 f=0/24 p99rtt=38ms) pop(q=7 f=3/16 p99rtt=255ms) custom(q=0 f=0/1 p99rtt=11ms) slots=22/25 jobs/s=796 drains=140331 evl=0ms
[2026-06-04 08:25:08.013] [info] [Worker 5] [libqueen] push(q=0 f=0/24 p99rtt=34ms) pop(q=5 f=1/16 p99rtt=267ms) custom(q=0 f=0/1 p99rtt=13ms) slots=24/25 jobs/s=811 drains=141003 evl=0ms
[2026-06-04 08:25:08.038] [info] [Worker 1] [libqueen] push(q=0 f=1/24 p99rtt=38ms) pop(q=0 f=4/16 p99rtt=271ms) custom(q=0 f=0/1 p99rtt=13ms) slots=20/25 jobs/s=710 drains=140614 evl=0ms
[2026-06-04 08:25:08.043] [info] [Worker 6] [libqueen] push(q=0 f=0/24 p99rtt=35ms) pop(q=0 f=5/16 p99rtt=242ms) custom(q=0 f=1/1 p99rtt=11ms) slots=19/25 jobs/s=812 drains=140384 evl=0ms
[2026-06-04 08:25:08.052] [info] [Worker 3] [libqueen] push(q=0 f=1/24 p99rtt=34ms) pop(q=0 f=2/16 p99rtt=252ms) custom(q=0 f=0/1 p99rtt=13ms) slots=22/25 jobs/s=830 drains=140915 evl=0ms
[2026-06-04 08:25:08.061] [info] [Worker 0] [libqueen] push(q=0 f=0/24 p99rtt=38ms) pop(q=5 f=2/16 p99rtt=260ms) custom(q=0 f=0/1 p99rtt=13ms) slots=23/25 jobs/s=796 drains=141433 evl=0ms
[2026-06-04 08:25:08.070] [info] [Worker 2] [libqueen] push(q=2 f=0/24 p99rtt=41ms) pop(q=7 f=0/16 p99rtt=264ms) custom(q=0 f=0/1 p99rtt=11ms) slots=25/25 jobs/s=830 drains=142040 evl=0ms
[2026-06-04 08:25:08.079] [info] [Worker 9] [libqueen] push(q=5 f=0/24 p99rtt=38ms) pop(q=0 f=3/16 p99rtt=259ms) custom(q=0 f=0/1 p99rtt=11ms) slots=22/25 jobs/s=813 drains=140928 evl=0ms
[2026-06-04 08:25:08.990] [info] [Worker 7] [libqueen] push(q=5 f=0/24 p99rtt=33ms) pop(q=6 f=2/16 p99rtt=277ms) custom(q=0 f=0/1 p99rtt=11ms) slots=23/25 jobs/s=810 drains=140423 evl=0ms
[2026-06-04 08:25:09.001] [info] [Worker 4] [libqueen] push(q=0 f=1/24 p99rtt=36ms) pop(q=0 f=3/16 p99rtt=250ms) custom(q=0 f=0/1 p99rtt=16ms) slots=21/25 jobs/s=765 drains=142674 evl=0ms
[2026-06-04 08:25:09.003] [info] [Worker 8] [libqueen] push(q=5 f=0/24 p99rtt=37ms) pop(q=18 f=2/16 p99rtt=255ms) custom(q=0 f=0/1 p99rtt=11ms) slots=23/25 jobs/s=731 drains=141051 evl=0ms
[2026-06-04 08:25:09.013] [info] [Worker 5] [libqueen] push(q=0 f=1/24 p99rtt=35ms) pop(q=0 f=4/16 p99rtt=267ms) custom(q=0 f=0/1 p99rtt=13ms) slots=20/25 jobs/s=801 drains=141731 evl=0ms
[2026-06-04 08:25:09.038] [info] [Worker 1] [libqueen] push(q=0 f=1/24 p99rtt=38ms) pop(q=0 f=4/16 p99rtt=271ms) custom(q=0 f=0/1 p99rtt=13ms) slots=20/25 jobs/s=776 drains=141369 evl=0ms
[2026-06-04 08:25:09.043] [info] [Worker 6] [libqueen] push(q=0 f=1/24 p99rtt=35ms) pop(q=0 f=3/16 p99rtt=232ms) custom(q=0 f=0/1 p99rtt=11ms) slots=21/25 jobs/s=841 drains=141119 evl=0ms
[2026-06-04 08:25:09.052] [info] [Worker 3] [libqueen] push(q=5 f=0/24 p99rtt=34ms) pop(q=0 f=4/16 p99rtt=252ms) custom(q=0 f=0/1 p99rtt=13ms) slots=21/25 jobs/s=764 drains=141636 evl=1ms
[2026-06-04 08:25:09.061] [info] [Worker 0] [libqueen] push(q=0 f=1/24 p99rtt=38ms) pop(q=0 f=4/16 p99rtt=260ms) custom(q=0 f=0/1 p99rtt=13ms) slots=20/25 jobs/s=756 drains=142147 evl=0ms
[2026-06-04 08:25:09.071] [info] [Worker 2] [libqueen] push(q=5 f=0/24 p99rtt=40ms) pop(q=0 f=3/16 p99rtt=264ms) custom(q=0 f=1/1 p99rtt=11ms) slots=21/25 jobs/s=759 drains=142798 evl=0ms
[2026-06-04 08:25:09.080] [info] [Worker 9] [libqueen] push(q=0 f=0/24 p99rtt=38ms) pop(q=8 f=3/16 p99rtt=259ms) custom(q=0 f=1/1 p99rtt=11ms) slots=21/25 jobs/s=818 drains=141653 evl=0ms
[2026-06-04 08:25:09.370] [info] PartitionLookupReconcileService: fixed 7 partition_lookup rows (stats leader, hostname=112aa6a7f2d1)
[2026-06-04 08:25:09.990] [info] [Worker 7] [libqueen] push(q=5 f=0/24 p99rtt=33ms) pop(q=0 f=3/16 p99rtt=277ms) custom(q=0 f=0/1 p99rtt=11ms) slots=22/25 jobs/s=825 drains=141206 evl=0ms
[2026-06-04 08:25:10.002] [info] [Worker 4] [libqueen] push(q=0 f=1/24 p99rtt=36ms) pop(q=0 f=3/16 p99rtt=250ms) custom(q=0 f=0/1 p99rtt=16ms) slots=21/25 jobs/s=739 drains=143392 evl=0ms
[2026-06-04 08:25:10.002] [info] [Worker 8] [libqueen] push(q=0 f=0/24 p99rtt=38ms) pop(q=0 f=5/16 p99rtt=255ms) custom(q=0 f=1/1 p99rtt=11ms) slots=19/25 jobs/s=780 drains=141753 evl=0ms
[2026-06-04 08:25:10.013] [info] [Worker 5] [libqueen] push(q=5 f=0/24 p99rtt=34ms) pop(q=0 f=3/16 p99rtt=267ms) custom(q=0 f=0/1 p99rtt=14ms) slots=22/25 jobs/s=788 drains=142437 evl=1ms
[2026-06-04 08:25:10.038] [info] [Worker 1] [libqueen] push(q=0 f=1/24 p99rtt=38ms) pop(q=18 f=2/16 p99rtt=271ms) custom(q=0 f=0/1 p99rtt=13ms) slots=22/25 jobs/s=772 drains=142111 evl=0ms
[2026-06-04 08:25:10.043] [info] [Worker 6] [libqueen] push(q=0 f=1/24 p99rtt=35ms) pop(q=0 f=4/16 p99rtt=232ms) custom(q=0 f=0/1 p99rtt=11ms) slots=20/25 jobs/s=809 drains=141951 evl=0ms
[2026-06-04 08:25:10.052] [info] [Worker 3] [libqueen] push(q=0 f=1/24 p99rtt=36ms) pop(q=0 f=4/16 p99rtt=252ms) custom(q=0 f=0/1 p99rtt=13ms) slots=20/25 jobs/s=770 drains=142395 evl=0ms
[2026-06-04 08:25:10.060] [info] [Worker 0] [libqueen] push(q=0 f=0/24 p99rtt=38ms) pop(q=1 f=3/16 p99rtt=260ms) custom(q=0 f=1/1 p99rtt=13ms) slots=21/25 jobs/s=786 drains=142925 evl=0ms
[2026-06-04 08:25:10.071] [info] [Worker 2] [libqueen] push(q=0 f=0/24 p99rtt=40ms) pop(q=0 f=2/16 p99rtt=264ms) custom(q=0 f=0/1 p99rtt=12ms) slots=23/25 jobs/s=848 drains=143522 evl=0ms
[2026-06-04 08:25:10.080] [info] [Worker 9] [libqueen] push(q=0 f=1/24 p99rtt=38ms) pop(q=0 f=3/16 p99rtt=259ms) custom(q=0 f=0/1 p99rtt=11ms) slots=21/25 jobs/s=708 drains=142292 evl=0ms
[2026-06-04 08:25:10.991] [info] [Worker 7] [libqueen] push(q=5 f=0/24 p99rtt=33ms) pop(q=0 f=3/16 p99rtt=277ms) custom(q=0 f=0/1 p99rtt=11ms) slots=22/25 jobs/s=775 drains=141926 evl=0ms
[2026-06-04 08:25:11.002] [info] [Worker 4] [libqueen] push(q=0 f=1/24 p99rtt=36ms) pop(q=1 f=2/16 p99rtt=250ms) custom(q=0 f=0/1 p99rtt=16ms) slots=22/25 jobs/s=865 drains=144223 evl=0ms
[2026-06-04 08:25:11.003] [info] [Worker 8] [libqueen] push(q=0 f=1/24 p99rtt=38ms) pop(q=0 f=3/16 p99rtt=255ms) custom(q=0 f=0/1 p99rtt=11ms) slots=21/25 jobs/s=835 drains=142485 evl=0ms
[2026-06-04 08:25:11.013] [info] [Worker 5] [libqueen] push(q=0 f=0/24 p99rtt=36ms) pop(q=0 f=3/16 p99rtt=267ms) custom(q=0 f=0/1 p99rtt=14ms) slots=22/25 jobs/s=833 drains=143185 evl=0ms
[2026-06-04 08:25:11.039] [info] [Worker 1] [libqueen] push(q=0 f=1/24 p99rtt=38ms) pop(q=0 f=3/16 p99rtt=271ms) custom(q=0 f=0/1 p99rtt=13ms) slots=21/25 jobs/s=876 drains=142884 evl=0ms
[2026-06-04 08:25:11.043] [info] [Worker 6] [libqueen] push(q=5 f=0/24 p99rtt=35ms) pop(q=0 f=3/16 p99rtt=232ms) custom(q=0 f=0/1 p99rtt=11ms) slots=22/25 jobs/s=862 drains=142784 evl=0ms
[2026-06-04 08:25:11.051] [info] [Worker 3] [libqueen] push(q=5 f=0/24 p99rtt=36ms) pop(q=2 f=2/16 p99rtt=252ms) custom(q=0 f=0/1 p99rtt=13ms) slots=23/25 jobs/s=826 drains=143159 evl=0ms
[2026-06-04 08:25:11.061] [info] [Worker 0] [libqueen] push(q=5 f=0/24 p99rtt=38ms) pop(q=0 f=3/16 p99rtt=260ms) custom(q=0 f=0/1 p99rtt=12ms) slots=22/25 jobs/s=816 drains=143786 evl=0ms
[2026-06-04 08:25:11.071] [info] [Worker 2] [libqueen] push(q=0 f=1/24 p99rtt=40ms) pop(q=0 f=3/16 p99rtt=264ms) custom(q=0 f=0/1 p99rtt=12ms) slots=21/25 jobs/s=761 drains=144203 evl=0ms
[2026-06-04 08:25:11.080] [info] [Worker 9] [libqueen] push(q=0 f=1/24 p99rtt=39ms) pop(q=1 f=2/16 p99rtt=259ms) custom(q=0 f=0/1 p99rtt=11ms) slots=22/25 jobs/s=838 drains=143040 evl=0ms
[2026-06-04 08:25:11.991] [info] [Worker 7] [libqueen] push(q=5 f=0/24 p99rtt=33ms) pop(q=0 f=3/16 p99rtt=277ms) custom(q=0 f=0/1 p99rtt=11ms) slots=22/25 jobs/s=888 drains=142791 evl=0ms
[2026-06-04 08:25:12.002] [info] [Worker 4] [libqueen] push(q=0 f=0/24 p99rtt=36ms) pop(q=0 f=2/16 p99rtt=250ms) custom(q=0 f=0/1 p99rtt=14ms) slots=23/25 jobs/s=892 drains=145078 evl=0ms
[2026-06-04 08:25:12.003] [info] [Worker 8] [libqueen] push(q=5 f=0/24 p99rtt=37ms) pop(q=0 f=3/16 p99rtt=255ms) custom(q=0 f=0/1 p99rtt=11ms) slots=22/25 jobs/s=824 drains=143204 evl=0ms
[2026-06-04 08:25:12.013] [info] [Worker 5] [libqueen] push(q=5 f=0/24 p99rtt=36ms) pop(q=0 f=4/16 p99rtt=267ms) custom(q=0 f=1/1 p99rtt=14ms) slots=20/25 jobs/s=854 drains=143928 evl=0ms
[2026-06-04 08:25:12.039] [info] [Worker 1] [libqueen] push(q=0 f=0/24 p99rtt=38ms) pop(q=0 f=1/16 p99rtt=271ms) custom(q=0 f=1/1 p99rtt=13ms) slots=23/25 jobs/s=816 drains=143591 evl=0ms
[2026-06-04 08:25:12.044] [info] [Worker 6] [libqueen] push(q=5 f=0/24 p99rtt=35ms) pop(q=3 f=2/16 p99rtt=232ms) custom(q=0 f=0/1 p99rtt=11ms) slots=23/25 jobs/s=814 drains=143498 evl=0ms
[2026-06-04 08:25:12.052] [info] [Worker 3] [libqueen] push(q=0 f=1/24 p99rtt=36ms) pop(q=0 f=3/16 p99rtt=252ms) custom(q=0 f=0/1 p99rtt=13ms) slots=21/25 jobs/s=810 drains=143907 evl=0ms
[2026-06-04 08:25:12.062] [info] [Worker 0] [libqueen] push(q=0 f=1/24 p99rtt=38ms) pop(q=0 f=2/16 p99rtt=260ms) custom(q=0 f=0/1 p99rtt=12ms) slots=22/25 jobs/s=858 drains=144569 evl=0ms
[2026-06-04 08:25:12.071] [info] [Worker 2] [libqueen] push(q=0 f=1/24 p99rtt=40ms) pop(q=0 f=3/16 p99rtt=264ms) custom(q=0 f=0/1 p99rtt=12ms) slots=21/25 jobs/s=907 drains=145017 evl=0ms
[2026-06-04 08:25:12.080] [info] [Worker 9] [libqueen] push(q=0 f=1/24 p99rtt=38ms) pop(q=0 f=3/16 p99rtt=259ms) custom(q=0 f=0/1 p99rtt=12ms) slots=21/25 jobs/s=874 drains=143860 evl=0ms
[2026-06-04 08:25:12.991] [info] [Worker 7] [libqueen] push(q=0 f=1/24 p99rtt=33ms) pop(q=0 f=3/16 p99rtt=277ms) custom(q=0 f=0/1 p99rtt=11ms) slots=21/25 jobs/s=741 drains=143533 evl=0ms
[2026-06-04 08:25:13.002] [info] [Worker 4] [libqueen] push(q=0 f=1/24 p99rtt=36ms) pop(q=0 f=4/16 p99rtt=250ms) custom(q=0 f=0/1 p99rtt=16ms) slots=20/25 jobs/s=724 drains=145801 evl=0ms
[2026-06-04 08:25:13.003] [info] [Worker 8] [libqueen] push(q=0 f=1/24 p99rtt=38ms) pop(q=0 f=4/16 p99rtt=255ms) custom(q=0 f=0/1 p99rtt=11ms) slots=20/25 jobs/s=676 drains=143931 evl=0ms
[2026-06-04 08:25:13.013] [info] [Worker 5] [libqueen] push(q=0 f=1/24 p99rtt=38ms) pop(q=3 f=3/16 p99rtt=267ms) custom(q=0 f=0/1 p99rtt=14ms) slots=21/25 jobs/s=755 drains=144691 evl=0ms
[2026-06-04 08:25:13.040] [info] [Worker 1] [libqueen] push(q=0 f=1/24 p99rtt=38ms) pop(q=0 f=3/16 p99rtt=271ms) custom(q=0 f=0/1 p99rtt=13ms) slots=21/25 jobs/s=683 drains=144290 evl=0ms
[2026-06-04 08:25:13.044] [info] [Worker 6] [libqueen] push(q=0 f=1/24 p99rtt=35ms) pop(q=0 f=4/16 p99rtt=237ms) custom(q=0 f=0/1 p99rtt=11ms) slots=20/25 jobs/s=752 drains=144283 evl=0ms
[2026-06-04 08:25:13.052] [info] [Worker 3] [libqueen] push(q=5 f=0/24 p99rtt=36ms) pop(q=0 f=4/16 p99rtt=252ms) custom(q=0 f=0/1 p99rtt=13ms) slots=21/25 jobs/s=766 drains=144621 evl=0ms
[2026-06-04 08:25:13.062] [info] [Worker 0] [libqueen] push(q=0 f=1/24 p99rtt=38ms) pop(q=0 f=3/16 p99rtt=260ms) custom(q=0 f=0/1 p99rtt=11ms) slots=21/25 jobs/s=725 drains=145313 evl=0ms
[2026-06-04 08:25:13.072] [info] [Worker 2] [libqueen] push(q=5 f=0/24 p99rtt=40ms) pop(q=11 f=3/16 p99rtt=264ms) custom(q=0 f=0/1 p99rtt=12ms) slots=22/25 jobs/s=758 drains=145692 evl=2ms
[2026-06-04 08:25:13.080] [info] [Worker 9] [libqueen] push(q=5 f=0/24 p99rtt=39ms) pop(q=1 f=3/16 p99rtt=259ms) custom(q=0 f=0/1 p99rtt=12ms) slots=22/25 jobs/s=783 drains=144567 evl=0ms
[2026-06-04 08:25:13.463] [info] StatsService: cycle completed in 1139ms
[2026-06-04 08:25:13.991] [info] [Worker 7] [libqueen] push(q=0 f=1/24 p99rtt=33ms) pop(q=16 f=3/16 p99rtt=277ms) custom(q=0 f=0/1 p99rtt=12ms) slots=21/25 jobs/s=659 drains=144172 evl=0ms
[2026-06-04 08:25:14.003] [info] [Worker 8] [libqueen] push(q=0 f=0/24 p99rtt=38ms) pop(q=4 f=3/16 p99rtt=272ms) custom(q=0 f=1/1 p99rtt=11ms) slots=21/25 jobs/s=634 drains=144541 evl=0ms
[2026-06-04 08:25:14.004] [info] [Worker 4] [libqueen] push(q=0 f=1/24 p99rtt=38ms) pop(q=1 f=4/16 p99rtt=250ms) custom(q=0 f=0/1 p99rtt=16ms) slots=20/25 jobs/s=623 drains=146431 evl=0ms
[2026-06-04 08:25:14.013] [info] [Worker 5] [libqueen] push(q=5 f=0/24 p99rtt=38ms) pop(q=0 f=4/16 p99rtt=267ms) custom(q=0 f=0/1 p99rtt=14ms) slots=21/25 jobs/s=700 drains=145283 evl=0ms
[2026-06-04 08:25:14.040] [info] [Worker 1] [libqueen] push(q=0 f=1/24 p99rtt=38ms) pop(q=0 f=4/16 p99rtt=271ms) custom(q=0 f=0/1 p99rtt=13ms) slots=20/25 jobs/s=683 drains=144978 evl=0ms
[2026-06-04 08:25:14.044] [info] [Worker 6] [libqueen] push(q=5 f=0/24 p99rtt=35ms) pop(q=0 f=4/16 p99rtt=237ms) custom(q=0 f=0/1 p99rtt=13ms) slots=21/25 jobs/s=680 drains=144993 evl=2ms
[2026-06-04 08:25:14.052] [info] [Worker 3] [libqueen] push(q=5 f=0/24 p99rtt=36ms) pop(q=0 f=4/16 p99rtt=262ms) custom(q=0 f=0/1 p99rtt=15ms) slots=21/25 jobs/s=627 drains=145233 evl=0ms
[2026-06-04 08:25:14.062] [info] [Worker 0] [libqueen] push(q=0 f=1/24 p99rtt=38ms) pop(q=0 f=3/16 p99rtt=260ms) custom(q=0 f=0/1 p99rtt=10ms) slots=21/25 jobs/s=706 drains=145949 evl=0ms
[2026-06-04 08:25:14.072] [info] [Worker 2] [libqueen] push(q=0 f=1/24 p99rtt=40ms) pop(q=6 f=3/16 p99rtt=264ms) custom(q=0 f=0/1 p99rtt=12ms) slots=21/25 jobs/s=665 drains=146334 evl=0ms
[2026-06-04 08:25:14.080] [info] [Worker 9] [libqueen] push(q=0 f=1/24 p99rtt=39ms) pop(q=0 f=4/16 p99rtt=264ms) custom(q=0 f=0/1 p99rtt=12ms) slots=20/25 jobs/s=662 drains=145135 evl=0ms
[2026-06-04 08:25:14.991] [info] [Worker 7] [libqueen] push(q=0 f=1/24 p99rtt=33ms) pop(q=0 f=3/16 p99rtt=282ms) custom(q=0 f=0/1 p99rtt=12ms) slots=21/25 jobs/s=632 drains=144785 evl=0ms
[2026-06-04 08:25:15.003] [info] [Worker 8] [libqueen] push(q=0 f=1/24 p99rtt=38ms) pop(q=0 f=4/16 p99rtt=253ms) custom(q=0 f=0/1 p99rtt=11ms) slots=20/25 jobs/s=701 drains=145184 evl=1ms
[2026-06-04 08:25:15.004] [info] [Worker 4] [libqueen] push(q=0 f=1/24 p99rtt=38ms) pop(q=0 f=5/16 p99rtt=260ms) custom(q=0 f=0/1 p99rtt=14ms) slots=19/25 jobs/s=644 drains=147026 evl=0ms
[2026-06-04 08:25:15.013] [info] [Worker 5] [libqueen] push(q=0 f=1/24 p99rtt=39ms) pop(q=0 f=3/16 p99rtt=267ms) custom(q=0 f=0/1 p99rtt=14ms) slots=21/25 jobs/s=544 drains=145796 evl=0ms
[2026-06-04 08:25:15.041] [info] [Worker 1] [libqueen] push(q=5 f=0/24 p99rtt=39ms) pop(q=0 f=3/16 p99rtt=271ms) custom(q=0 f=0/1 p99rtt=12ms) slots=22/25 jobs/s=648 drains=145567 evl=0ms
[2026-06-04 08:25:15.047] [info] [Worker 6] [libqueen] push(q=5 f=0/24 p99rtt=35ms) pop(q=0 f=2/16 p99rtt=238ms) custom(q=0 f=0/1 p99rtt=12ms) slots=23/25 jobs/s=653 drains=145629 evl=0ms
[2026-06-04 08:25:15.055] [info] [Worker 3] [libqueen] push(q=5 f=0/24 p99rtt=36ms) pop(q=2 f=3/16 p99rtt=262ms) custom(q=0 f=1/1 p99rtt=14ms) slots=21/25 jobs/s=610 drains=145807 evl=0ms
[2026-06-04 08:25:15.062] [info] [Worker 0] [libqueen] push(q=0 f=1/24 p99rtt=40ms) pop(q=0 f=3/16 p99rtt=263ms) custom(q=0 f=0/1 p99rtt=11ms) slots=21/25 jobs/s=594 drains=146547 evl=0ms
[2026-06-04 08:25:15.074] [info] [Worker 2] [libqueen] push(q=0 f=1/24 p99rtt=40ms) pop(q=2 f=3/16 p99rtt=265ms) custom(q=0 f=0/1 p99rtt=12ms) slots=21/25 jobs/s=657 drains=146954 evl=0ms
[2026-06-04 08:25:15.080] [info] [Worker 9] [libqueen] push(q=0 f=0/24 p99rtt=39ms) pop(q=3 f=3/16 p99rtt=259ms) custom(q=0 f=1/1 p99rtt=12ms) slots=21/25 jobs/s=609 drains=145796 evl=0ms
[2026-06-04 08:25:15.384] [info] PartitionLookupReconcileService: fixed 12 partition_lookup rows (stats leader, hostname=112aa6a7f2d1)
[2026-06-04 08:25:15.990] [info] [Worker 7] [libqueen] push(q=0 f=1/24 p99rtt=35ms) pop(q=5 f=4/16 p99rtt=289ms) custom(q=0 f=0/1 p99rtt=12ms) slots=20/25 jobs/s=588 drains=145377 evl=0ms
[2026-06-04 08:25:16.003] [info] [Worker 8] [libqueen] push(q=0 f=1/24 p99rtt=40ms) pop(q=0 f=4/16 p99rtt=249ms) custom(q=0 f=0/1 p99rtt=11ms) slots=20/25 jobs/s=621 drains=145776 evl=0ms
[2026-06-04 08:25:16.004] [info] [Worker 4] [libqueen] push(q=0 f=1/24 p99rtt=39ms) pop(q=0 f=3/16 p99rtt=272ms) custom(q=0 f=0/1 p99rtt=14ms) slots=21/25 jobs/s=588 drains=147625 evl=0ms
[2026-06-04 08:25:16.013] [info] [Worker 5] [libqueen] push(q=0 f=1/24 p99rtt=39ms) pop(q=0 f=4/16 p99rtt=267ms) custom(q=0 f=0/1 p99rtt=12ms) slots=20/25 jobs/s=597 drains=146361 evl=0ms
[2026-06-04 08:25:16.041] [info] [Worker 1] [libqueen] push(q=0 f=1/24 p99rtt=39ms) pop(q=0 f=3/16 p99rtt=275ms) custom(q=0 f=0/1 p99rtt=12ms) slots=21/25 jobs/s=687 drains=146169 evl=0ms
[2026-06-04 08:25:16.046] [info] [Worker 6] [libqueen] push(q=0 f=1/24 p99rtt=35ms) pop(q=0 f=4/16 p99rtt=262ms) custom(q=0 f=0/1 p99rtt=12ms) slots=20/25 jobs/s=576 drains=146238 evl=0ms
[2026-06-04 08:25:16.056] [info] [Worker 3] [libqueen] push(q=0 f=0/24 p99rtt=36ms) pop(q=0 f=5/16 p99rtt=271ms) custom(q=0 f=1/1 p99rtt=13ms) slots=19/25 jobs/s=565 drains=146356 evl=0ms
[2026-06-04 08:25:16.061] [info] [Worker 0] [libqueen] push(q=0 f=1/24 p99rtt=40ms) pop(q=0 f=4/16 p99rtt=266ms) custom(q=0 f=0/1 p99rtt=11ms) slots=20/25 jobs/s=618 drains=147146 evl=0ms
[2026-06-04 08:25:16.074] [info] [Worker 2] [libqueen] push(q=0 f=1/24 p99rtt=40ms) pop(q=0 f=3/16 p99rtt=265ms) custom(q=0 f=0/1 p99rtt=11ms) slots=21/25 jobs/s=630 drains=147533 evl=0ms
[2026-06-04 08:25:16.080] [info] [Worker 9] [libqueen] push(q=0 f=1/24 p99rtt=39ms) pop(q=0 f=4/16 p99rtt=255ms) custom(q=0 f=0/1 p99rtt=11ms) slots=20/25 jobs/s=628 drains=146395 evl=0ms
[2026-06-04 08:25:16.991] [info] [Worker 7] [libqueen] push(q=5 f=0/24 p99rtt=40ms) pop(q=2 f=3/16 p99rtt=283ms) custom(q=0 f=1/1 p99rtt=12ms) slots=21/25 jobs/s=575 drains=145938 evl=0ms
[2026-06-04 08:25:17.003] [info] [Worker 8] [libqueen] push(q=0 f=1/24 p99rtt=41ms) pop(q=0 f=5/16 p99rtt=253ms) custom(q=0 f=0/1 p99rtt=11ms) slots=19/25 jobs/s=631 drains=146415 evl=0ms
[2026-06-04 08:25:17.004] [info] [Worker 4] [libqueen] push(q=0 f=1/24 p99rtt=39ms) pop(q=5 f=2/16 p99rtt=273ms) custom(q=0 f=0/1 p99rtt=14ms) slots=22/25 jobs/s=595 drains=148167 evl=0ms
[2026-06-04 08:25:17.012] [info] [Worker 5] [libqueen] push(q=5 f=0/24 p99rtt=40ms) pop(q=2 f=4/16 p99rtt=267ms) custom(q=0 f=0/1 p99rtt=12ms) slots=21/25 jobs/s=645 drains=147019 evl=0ms
[2026-06-04 08:25:17.040] [info] [Worker 1] [libqueen] push(q=0 f=1/24 p99rtt=40ms) pop(q=0 f=3/16 p99rtt=275ms) custom(q=0 f=0/1 p99rtt=12ms) slots=21/25 jobs/s=657 drains=146796 evl=0ms
[2026-06-04 08:25:17.047] [info] [Worker 6] [libqueen] push(q=3 f=0/24 p99rtt=41ms) pop(q=7 f=2/16 p99rtt=260ms) custom(q=0 f=0/1 p99rtt=12ms) slots=23/25 jobs/s=689 drains=146913 evl=0ms
[2026-06-04 08:25:17.056] [info] [Worker 3] [libqueen] push(q=5 f=0/24 p99rtt=37ms) pop(q=0 f=4/16 p99rtt=279ms) custom(q=0 f=0/1 p99rtt=14ms) slots=21/25 jobs/s=639 drains=146980 evl=0ms
[2026-06-04 08:25:17.061] [info] [Worker 0] [libqueen] push(q=0 f=1/24 p99rtt=40ms) pop(q=0 f=2/16 p99rtt=266ms) custom(q=0 f=0/1 p99rtt=11ms) slots=22/25 jobs/s=664 drains=147793 evl=0ms
[2026-06-04 08:25:17.074] [info] [Worker 2] [libqueen] push(q=5 f=0/24 p99rtt=40ms) pop(q=6 f=3/16 p99rtt=274ms) custom(q=0 f=0/1 p99rtt=11ms) slots=22/25 jobs/s=579 drains=148109 evl=0ms
[2026-06-04 08:25:17.080] [info] [Worker 9] [libqueen] push(q=0 f=1/24 p99rtt=40ms) pop(q=14 f=3/16 p99rtt=273ms) custom(q=0 f=0/1 p99rtt=11ms) slots=21/25 jobs/s=629 drains=147106 evl=0ms
[2026-06-04 08:25:17.990] [info] [Worker 7] [libqueen] push(q=5 f=0/24 p99rtt=41ms) pop(q=0 f=3/16 p99rtt=282ms) custom(q=0 f=1/1 p99rtt=12ms) slots=21/25 jobs/s=583 drains=146523 evl=0ms
[2026-06-04 08:25:18.003] [info] [Worker 8] [libqueen] push(q=0 f=1/24 p99rtt=42ms) pop(q=0 f=3/16 p99rtt=248ms) custom(q=0 f=0/1 p99rtt=11ms) slots=21/25 jobs/s=708 drains=147133 evl=0ms
[2026-06-04 08:25:18.004] [info] [Worker 4] [libqueen] push(q=0 f=0/24 p99rtt=40ms) pop(q=0 f=3/16 p99rtt=273ms) custom(q=0 f=1/1 p99rtt=14ms) slots=21/25 jobs/s=582 drains=148746 evl=0ms
[2026-06-04 08:25:18.013] [info] [Worker 5] [libqueen] push(q=0 f=1/24 p99rtt=41ms) pop(q=0 f=4/16 p99rtt=267ms) custom(q=0 f=0/1 p99rtt=12ms) slots=20/25 jobs/s=670 drains=147615 evl=0ms
[2026-06-04 08:25:18.041] [info] [Worker 1] [libqueen] push(q=5 f=0/24 p99rtt=41ms) pop(q=0 f=4/16 p99rtt=264ms) custom(q=0 f=1/1 p99rtt=12ms) slots=20/25 jobs/s=655 drains=147456 evl=0ms
[2026-06-04 08:25:18.047] [info] [Worker 6] [libqueen] push(q=5 f=0/24 p99rtt=44ms) pop(q=0 f=3/16 p99rtt=251ms) custom(q=0 f=0/1 p99rtt=13ms) slots=22/25 jobs/s=598 drains=147548 evl=0ms
[2026-06-04 08:25:18.056] [info] [Worker 3] [libqueen] push(q=0 f=1/24 p99rtt=39ms) pop(q=4 f=3/16 p99rtt=278ms) custom(q=0 f=0/1 p99rtt=14ms) slots=21/25 jobs/s=656 drains=147610 evl=0ms
[2026-06-04 08:25:18.062] [info] [Worker 0] [libqueen] push(q=5 f=0/24 p99rtt=40ms) pop(q=0 f=4/16 p99rtt=267ms) custom(q=0 f=0/1 p99rtt=11ms) slots=21/25 jobs/s=609 drains=148344 evl=0ms
[2026-06-04 08:25:18.074] [info] [Worker 2] [libqueen] push(q=0 f=1/24 p99rtt=41ms) pop(q=0 f=5/16 p99rtt=272ms) custom(q=0 f=0/1 p99rtt=11ms) slots=19/25 jobs/s=634 drains=148736 evl=0ms
[2026-06-04 08:25:18.080] [info] [Worker 9] [libqueen] push(q=5 f=0/24 p99rtt=40ms) pop(q=0 f=5/16 p99rtt=273ms) custom(q=0 f=0/1 p99rtt=12ms) slots=20/25 jobs/s=613 drains=147783 evl=0ms
[2026-06-04 08:25:18.991] [info] [Worker 7] [libqueen] push(q=0 f=0/24 p99rtt=41ms) pop(q=0 f=3/16 p99rtt=289ms) custom(q=0 f=1/1 p99rtt=12ms) slots=21/25 jobs/s=557 drains=147034 evl=0ms
[2026-06-04 08:25:19.003] [info] [Worker 8] [libqueen] push(q=0 f=0/24 p99rtt=42ms) pop(q=0 f=3/16 p99rtt=248ms) custom(q=0 f=1/1 p99rtt=11ms) slots=21/25 jobs/s=652 drains=147779 evl=0ms
[2026-06-04 08:25:19.004] [info] [Worker 4] [libqueen] push(q=5 f=0/24 p99rtt=39ms) pop(q=0 f=3/16 p99rtt=278ms) custom(q=0 f=0/1 p99rtt=14ms) slots=22/25 jobs/s=569 drains=149352 evl=0ms
[2026-06-04 08:25:19.013] [info] [Worker 5] [libqueen] push(q=0 f=1/24 p99rtt=41ms) pop(q=0 f=4/16 p99rtt=265ms) custom(q=0 f=0/1 p99rtt=12ms) slots=20/25 jobs/s=598 drains=148204 evl=0ms
[2026-06-04 08:25:19.041] [info] [Worker 1] [libqueen] push(q=5 f=0/24 p99rtt=41ms) pop(q=0 f=4/16 p99rtt=266ms) custom(q=0 f=0/1 p99rtt=12ms) slots=21/25 jobs/s=558 drains=147986 evl=0ms
[2026-06-04 08:25:19.047] [info] [Worker 6] [libqueen] push(q=0 f=1/24 p99rtt=44ms) pop(q=0 f=4/16 p99rtt=251ms) custom(q=0 f=0/1 p99rtt=13ms) slots=20/25 jobs/s=583 drains=148085 evl=0ms
[2026-06-04 08:25:19.056] [info] [Worker 3] [libqueen] push(q=5 f=0/24 p99rtt=39ms) pop(q=0 f=2/16 p99rtt=278ms) custom(q=0 f=0/1 p99rtt=14ms) slots=23/25 jobs/s=569 drains=148246 evl=0ms
[2026-06-04 08:25:19.062] [info] [Worker 0] [libqueen] push(q=5 f=0/24 p99rtt=40ms) pop(q=1 f=4/16 p99rtt=269ms) custom(q=0 f=0/1 p99rtt=11ms) slots=21/25 jobs/s=628 drains=148966 evl=0ms
[2026-06-04 08:25:19.074] [info] [Worker 2] [libqueen] push(q=0 f=1/24 p99rtt=41ms) pop(q=16 f=4/16 p99rtt=271ms) custom(q=0 f=0/1 p99rtt=11ms) slots=20/25 jobs/s=633 drains=149339 evl=0ms
[2026-06-04 08:25:19.080] [info] [Worker 9] [libqueen] push(q=5 f=0/24 p99rtt=40ms) pop(q=2 f=4/16 p99rtt=288ms) custom(q=0 f=1/1 p99rtt=12ms) slots=20/25 jobs/s=615 drains=148385 evl=1ms
[2026-06-04 08:25:19.991] [info] [Worker 7] [libqueen] push(q=5 f=0/24 p99rtt=41ms) pop(q=0 f=4/16 p99rtt=289ms) custom(q=0 f=1/1 p99rtt=12ms) slots=20/25 jobs/s=624 drains=147644 evl=0ms
[2026-06-04 08:25:20.002] [info] [Worker 8] [libqueen] push(q=0 f=1/24 p99rtt=42ms) pop(q=0 f=4/16 p99rtt=248ms) custom(q=0 f=0/1 p99rtt=11ms) slots=20/25 jobs/s=606 drains=148420 evl=0ms
[2026-06-04 08:25:20.004] [info] [Worker 4] [libqueen] push(q=0 f=1/24 p99rtt=40ms) pop(q=0 f=3/16 p99rtt=278ms) custom(q=0 f=0/1 p99rtt=14ms) slots=21/25 jobs/s=623 drains=149960 evl=0ms
[2026-06-04 08:25:20.014] [info] [Worker 5] [libqueen] push(q=0 f=1/24 p99rtt=41ms) pop(q=0 f=4/16 p99rtt=263ms) custom(q=0 f=0/1 p99rtt=11ms) slots=20/25 jobs/s=647 drains=148897 evl=0ms
[2026-06-04 08:25:20.041] [info] [Worker 1] [libqueen] push(q=0 f=1/24 p99rtt=40ms) pop(q=0 f=4/16 p99rtt=264ms) custom(q=0 f=0/1 p99rtt=12ms) slots=20/25 jobs/s=655 drains=148620 evl=0ms
[2026-06-04 08:25:20.050] [info] [Worker 6] [libqueen] push(q=0 f=1/24 p99rtt=41ms) pop(q=0 f=5/16 p99rtt=260ms) custom(q=0 f=0/1 p99rtt=12ms) slots=19/25 jobs/s=577 drains=148626 evl=3ms
[2026-06-04 08:25:20.057] [info] [Worker 3] [libqueen] push(q=5 f=0/24 p99rtt=39ms) pop(q=0 f=3/16 p99rtt=276ms) custom(q=0 f=0/1 p99rtt=14ms) slots=22/25 jobs/s=536 drains=148813 evl=0ms
[2026-06-04 08:25:20.062] [info] [Worker 0] [libqueen] push(q=5 f=0/24 p99rtt=40ms) pop(q=0 f=3/16 p99rtt=269ms) custom(q=0 f=0/1 p99rtt=11ms) slots=22/25 jobs/s=573 drains=149546 evl=1ms
[2026-06-04 08:25:20.074] [info] [Worker 2] [libqueen] push(q=0 f=0/24 p99rtt=41ms) pop(q=0 f=4/16 p99rtt=259ms) custom(q=0 f=1/1 p99rtt=11ms) slots=20/25 jobs/s=614 drains=149928 evl=0ms
[2026-06-04 08:25:20.079] [info] [Worker 9] [libqueen] push(q=5 f=0/24 p99rtt=39ms) pop(q=0 f=4/16 p99rtt=287ms) custom(q=0 f=1/1 p99rtt=12ms) slots=20/25 jobs/s=574 drains=148948 evl=0ms
[2026-06-04 08:25:20.991] [info] [Worker 7] [libqueen] push(q=5 f=0/24 p99rtt=41ms) pop(q=0 f=3/16 p99rtt=289ms) custom(q=0 f=0/1 p99rtt=12ms) slots=22/25 jobs/s=571 drains=148223 evl=0ms
[2026-06-04 08:25:21.003] [info] [Worker 8] [libqueen] push(q=0 f=1/24 p99rtt=41ms) pop(q=2 f=3/16 p99rtt=248ms) custom(q=0 f=0/1 p99rtt=11ms) slots=21/25 jobs/s=597 drains=149025 evl=0ms
[2026-06-04 08:25:21.004] [info] [Worker 4] [libqueen] push(q=0 f=0/24 p99rtt=40ms) pop(q=0 f=3/16 p99rtt=278ms) custom(q=0 f=1/1 p99rtt=14ms) slots=21/25 jobs/s=602 drains=150594 evl=0ms
[2026-06-04 08:25:21.014] [info] [Worker 5] [libqueen] push(q=5 f=0/24 p99rtt=40ms) pop(q=0 f=4/16 p99rtt=263ms) custom(q=0 f=0/1 p99rtt=11ms) slots=21/25 jobs/s=624 drains=149549 evl=0ms
[2026-06-04 08:25:21.041] [info] [Worker 1] [libqueen] push(q=5 f=0/24 p99rtt=40ms) pop(q=0 f=3/16 p99rtt=266ms) custom(q=0 f=0/1 p99rtt=12ms) slots=22/25 jobs/s=608 drains=149181 evl=0ms
[2026-06-04 08:25:21.050] [info] [Worker 6] [libqueen] push(q=5 f=0/24 p99rtt=37ms) pop(q=0 f=5/16 p99rtt=267ms) custom(q=0 f=0/1 p99rtt=11ms) slots=20/25 jobs/s=599 drains=149260 evl=1ms
[2026-06-04 08:25:21.057] [info] [Worker 3] [libqueen] push(q=0 f=1/24 p99rtt=38ms) pop(q=2 f=3/16 p99rtt=276ms) custom(q=0 f=0/1 p99rtt=14ms) slots=21/25 jobs/s=600 drains=149424 evl=0ms
[2026-06-04 08:25:21.062] [info] [Worker 0] [libqueen] push(q=5 f=0/24 p99rtt=38ms) pop(q=4 f=1/16 p99rtt=269ms) custom(q=0 f=0/1 p99rtt=11ms) slots=24/25 jobs/s=567 drains=150100 evl=0ms
[2026-06-04 08:25:21.075] [info] [Worker 2] [libqueen] push(q=5 f=0/24 p99rtt=40ms) pop(q=0 f=3/16 p99rtt=267ms) custom(q=0 f=0/1 p99rtt=11ms) slots=22/25 jobs/s=597 drains=150543 evl=0ms
[2026-06-04 08:25:21.079] [info] [Worker 9] [libqueen] push(q=0 f=0/24 p99rtt=39ms) pop(q=0 f=4/16 p99rtt=273ms) custom(q=0 f=1/1 p99rtt=12ms) slots=20/25 jobs/s=625 drains=149605 evl=0ms
[2026-06-04 08:25:21.382] [info] PartitionLookupReconcileService: fixed 5 partition_lookup rows (stats leader, hostname=112aa6a7f2d1)
[2026-06-04 08:25:21.991] [info] [Worker 7] [libqueen] push(q=0 f=1/24 p99rtt=41ms) pop(q=0 f=4/16 p99rtt=257ms) custom(q=0 f=0/1 p99rtt=12ms) slots=20/25 jobs/s=618 drains=148855 evl=0ms
[2026-06-04 08:25:22.003] [info] [Worker 8] [libqueen] push(q=0 f=1/24 p99rtt=41ms) pop(q=0 f=4/16 p99rtt=242ms) custom(q=0 f=0/1 p99rtt=11ms) slots=20/25 jobs/s=603 drains=149670 evl=0ms
[2026-06-04 08:25:22.006] [info] [Worker 4] [libqueen] push(q=0 f=1/24 p99rtt=42ms) pop(q=1 f=3/16 p99rtt=275ms) custom(q=0 f=0/1 p99rtt=13ms) slots=21/25 jobs/s=656 drains=151266 evl=0ms
[2026-06-04 08:25:22.013] [info] [Worker 5] [libqueen] push(q=0 f=1/24 p99rtt=41ms) pop(q=0 f=4/16 p99rtt=261ms) custom(q=0 f=0/1 p99rtt=11ms) slots=20/25 jobs/s=630 drains=150181 evl=0ms
[2026-06-04 08:25:22.041] [info] [Worker 1] [libqueen] push(q=5 f=0/24 p99rtt=41ms) pop(q=6 f=3/16 p99rtt=269ms) custom(q=0 f=0/1 p99rtt=12ms) slots=22/25 jobs/s=559 drains=149735 evl=0ms
[2026-06-04 08:25:22.050] [info] [Worker 6] [libqueen] push(q=0 f=1/24 p99rtt=41ms) pop(q=0 f=3/16 p99rtt=263ms) custom(q=0 f=0/1 p99rtt=11ms) slots=21/25 jobs/s=599 drains=149905 evl=0ms
[2026-06-04 08:25:22.057] [info] [Worker 3] [libqueen] push(q=0 f=1/24 p99rtt=39ms) pop(q=0 f=3/16 p99rtt=276ms) custom(q=0 f=0/1 p99rtt=14ms) slots=21/25 jobs/s=568 drains=150034 evl=0ms
[2026-06-04 08:25:22.062] [info] [Worker 0] [libqueen] push(q=0 f=1/24 p99rtt=37ms) pop(q=0 f=2/16 p99rtt=272ms) custom(q=0 f=0/1 p99rtt=11ms) slots=22/25 jobs/s=433 drains=150540 evl=0ms
[2026-06-04 08:25:22.075] [info] [Worker 2] [libqueen] push(q=0 f=0/24 p99rtt=40ms) pop(q=4 f=3/16 p99rtt=259ms) custom(q=0 f=0/1 p99rtt=11ms) slots=22/25 jobs/s=561 drains=151111 evl=0ms
[2026-06-04 08:25:22.080] [info] [Worker 9] [libqueen] push(q=5 f=0/24 p99rtt=39ms) pop(q=0 f=5/16 p99rtt=291ms) custom(q=0 f=0/1 p99rtt=12ms) slots=20/25 jobs/s=510 drains=150075 evl=0ms
[2026-06-04 08:25:22.991] [info] [Worker 7] [libqueen] push(q=4 f=0/24 p99rtt=41ms) pop(q=1 f=4/16 p99rtt=259ms) custom(q=0 f=0/1 p99rtt=12ms) slots=21/25 jobs/s=678 drains=149520 evl=0ms
[2026-06-04 08:25:23.003] [info] [Worker 8] [libqueen] push(q=0 f=1/24 p99rtt=41ms) pop(q=0 f=3/16 p99rtt=239ms) custom(q=0 f=0/1 p99rtt=11ms) slots=21/25 jobs/s=686 drains=150385 evl=0ms
[2026-06-04 08:25:23.005] [info] [Worker 4] [libqueen] push(q=0 f=1/24 p99rtt=40ms) pop(q=0 f=4/16 p99rtt=272ms) custom(q=0 f=0/1 p99rtt=13ms) slots=20/25 jobs/s=704 drains=151969 evl=0ms
[2026-06-04 08:25:23.014] [info] [Worker 5] [libqueen] push(q=0 f=1/24 p99rtt=40ms) pop(q=0 f=2/16 p99rtt=261ms) custom(q=0 f=0/1 p99rtt=10ms) slots=22/25 jobs/s=630 drains=150773 evl=0ms
[2026-06-04 08:25:23.041] [info] [Worker 1] [libqueen] push(q=0 f=1/24 p99rtt=40ms) pop(q=0 f=5/16 p99rtt=240ms) custom(q=0 f=0/1 p99rtt=11ms) slots=19/25 jobs/s=638 drains=150325 evl=0ms
[2026-06-04 08:25:23.050] [info] [Worker 6] [libqueen] push(q=5 f=0/24 p99rtt=36ms) pop(q=5 f=3/16 p99rtt=267ms) custom(q=0 f=0/1 p99rtt=11ms) slots=22/25 jobs/s=611 drains=150499 evl=0ms
[2026-06-04 08:25:23.056] [info] [Worker 3] [libqueen] push(q=0 f=1/24 p99rtt=38ms) pop(q=0 f=4/16 p99rtt=272ms) custom(q=0 f=0/1 p99rtt=13ms) slots=20/25 jobs/s=716 drains=150698 evl=0ms
[2026-06-04 08:25:23.062] [info] [Worker 0] [libqueen] push(q=0 f=0/24 p99rtt=37ms) pop(q=0 f=2/16 p99rtt=267ms) custom(q=0 f=0/1 p99rtt=11ms) slots=23/25 jobs/s=633 drains=151135 evl=0ms
[2026-06-04 08:25:23.076] [info] [Worker 2] [libqueen] push(q=0 f=0/24 p99rtt=40ms) pop(q=0 f=4/16 p99rtt=259ms) custom(q=0 f=1/1 p99rtt=11ms) slots=20/25 jobs/s=682 drains=151776 evl=0ms
[2026-06-04 08:25:23.079] [info] [Worker 9] [libqueen] push(q=0 f=1/24 p99rtt=39ms) pop(q=0 f=3/16 p99rtt=273ms) custom(q=0 f=0/1 p99rtt=11ms) slots=21/25 jobs/s=747 drains=150754 evl=0ms
[2026-06-04 08:25:23.990] [info] [Worker 7] [libqueen] push(q=0 f=1/24 p99rtt=41ms) pop(q=0 f=3/16 p99rtt=259ms) custom(q=0 f=0/1 p99rtt=12ms) slots=21/25 jobs/s=768 drains=150253 evl=0ms
[2026-06-04 08:25:24.003] [info] [Worker 8] [libqueen] push(q=0 f=1/24 p99rtt=41ms) pop(q=0 f=3/16 p99rtt=239ms) custom(q=0 f=0/1 p99rtt=11ms) slots=21/25 jobs/s=758 drains=151152 evl=0ms
[2026-06-04 08:25:24.005] [info] [Worker 4] [libqueen] push(q=0 f=1/24 p99rtt=40ms) pop(q=1 f=3/16 p99rtt=267ms) custom(q=0 f=0/1 p99rtt=12ms) slots=21/25 jobs/s=818 drains=152754 evl=0ms
[2026-06-04 08:25:24.014] [info] [Worker 5] [libqueen] push(q=0 f=1/24 p99rtt=40ms) pop(q=0 f=2/16 p99rtt=255ms) custom(q=0 f=1/1 p99rtt=10ms) slots=21/25 jobs/s=775 drains=151503 evl=0ms
[2026-06-04 08:25:24.041] [info] [Worker 1] [libqueen] push(q=0 f=1/24 p99rtt=38ms) pop(q=14 f=2/16 p99rtt=258ms) custom(q=0 f=0/1 p99rtt=12ms) slots=22/25 jobs/s=764 drains=151037 evl=0ms
[2026-06-04 08:25:24.051] [info] [Worker 6] [libqueen] push(q=0 f=0/24 p99rtt=36ms) pop(q=0 f=3/16 p99rtt=278ms) custom(q=0 f=1/1 p99rtt=11ms) slots=21/25 jobs/s=783 drains=151208 evl=0ms
[2026-06-04 08:25:24.058] [info] [Worker 3] [libqueen] push(q=0 f=1/24 p99rtt=38ms) pop(q=0 f=4/16 p99rtt=272ms) custom(q=0 f=0/1 p99rtt=13ms) slots=20/25 jobs/s=826 drains=151487 evl=0ms
[2026-06-04 08:25:24.062] [info] [Worker 0] [libqueen] push(q=0 f=0/24 p99rtt=37ms) pop(q=0 f=4/16 p99rtt=267ms) custom(q=0 f=0/1 p99rtt=11ms) slots=21/25 jobs/s=769 drains=151948 evl=0ms
[2026-06-04 08:25:24.075] [info] [Worker 2] [libqueen] push(q=0 f=1/24 p99rtt=40ms) pop(q=0 f=3/16 p99rtt=259ms) custom(q=0 f=0/1 p99rtt=11ms) slots=21/25 jobs/s=793 drains=152510 evl=0ms
[2026-06-04 08:25:24.080] [info] [Worker 9] [libqueen] push(q=0 f=1/24 p99rtt=39ms) pop(q=0 f=2/16 p99rtt=272ms) custom(q=0 f=0/1 p99rtt=12ms) slots=22/25 jobs/s=808 drains=151423 evl=0ms
[2026-06-04 08:25:24.539] [info] StatsService: cycle completed in 1212ms
[2026-06-04 08:25:24.990] [info] [Worker 7] [libqueen] push(q=0 f=1/24 p99rtt=41ms) pop(q=0 f=3/16 p99rtt=259ms) custom(q=0 f=0/1 p99rtt=12ms) slots=21/25 jobs/s=929 drains=151042 evl=0ms
[2026-06-04 08:25:25.003] [info] [Worker 8] [libqueen] push(q=0 f=0/24 p99rtt=41ms) pop(q=0 f=1/16 p99rtt=239ms) custom(q=0 f=0/1 p99rtt=11ms) slots=24/25 jobs/s=738 drains=151722 evl=0ms
[2026-06-04 08:25:25.005] [info] [Worker 4] [libqueen] push(q=5 f=0/24 p99rtt=40ms) pop(q=1 f=2/16 p99rtt=267ms) custom(q=0 f=0/1 p99rtt=12ms) slots=23/25 jobs/s=878 drains=153572 evl=0ms
[2026-06-04 08:25:25.014] [info] [Worker 5] [libqueen] push(q=0 f=1/24 p99rtt=40ms) pop(q=4 f=3/16 p99rtt=255ms) custom(q=0 f=0/1 p99rtt=10ms) slots=21/25 jobs/s=992 drains=152321 evl=0ms
[2026-06-04 08:25:25.041] [info] [Worker 1] [libqueen] push(q=0 f=1/24 p99rtt=38ms) pop(q=0 f=3/16 p99rtt=258ms) custom(q=0 f=0/1 p99rtt=11ms) slots=21/25 jobs/s=1006 drains=151910 evl=0ms
[2026-06-04 08:25:25.051] [info] [Worker 6] [libqueen] push(q=0 f=0/24 p99rtt=35ms) pop(q=0 f=3/16 p99rtt=278ms) custom(q=0 f=1/1 p99rtt=11ms) slots=21/25 jobs/s=890 drains=152029 evl=0ms
[2026-06-04 08:25:25.058] [info] [Worker 3] [libqueen] push(q=5 f=0/24 p99rtt=38ms) pop(q=2 f=1/16 p99rtt=272ms) custom(q=0 f=0/1 p99rtt=13ms) slots=24/25 jobs/s=954 drains=152294 evl=0ms
[2026-06-04 08:25:25.061] [info] [Worker 0] [libqueen] push(q=5 f=0/24 p99rtt=37ms) pop(q=13 f=2/16 p99rtt=267ms) custom(q=0 f=0/1 p99rtt=11ms) slots=23/25 jobs/s=951 drains=152795 evl=0ms
[2026-06-04 08:25:25.075] [info] [Worker 2] [libqueen] push(q=5 f=0/24 p99rtt=39ms) pop(q=0 f=3/16 p99rtt=259ms) custom(q=0 f=0/1 p99rtt=11ms) slots=22/25 jobs/s=1001 drains=153374 evl=0ms
[2026-06-04 08:25:25.084] [info] [Worker 9] [libqueen] push(q=0 f=1/24 p99rtt=37ms) pop(q=0 f=2/16 p99rtt=272ms) custom(q=0 f=0/1 p99rtt=12ms) slots=22/25 jobs/s=910 drains=152246 evl=0ms
[2026-06-04 08:25:25.990] [info] [Worker 7] [libqueen] push(q=5 f=0/24 p99rtt=40ms) pop(q=2 f=2/16 p99rtt=259ms) custom(q=0 f=0/1 p99rtt=12ms) slots=23/25 jobs/s=943 drains=151905 evl=0ms
[2026-06-04 08:25:26.003] [info] [Worker 8] [libqueen] push(q=0 f=1/24 p99rtt=41ms) pop(q=0 f=4/16 p99rtt=239ms) custom(q=0 f=0/1 p99rtt=11ms) slots=20/25 jobs/s=895 drains=152535 evl=0ms
[2026-06-04 08:25:26.005] [info] [Worker 4] [libqueen] push(q=2 f=0/24 p99rtt=40ms) pop(q=0 f=3/16 p99rtt=267ms) custom(q=0 f=0/1 p99rtt=12ms) slots=22/25 jobs/s=908 drains=154393 evl=0ms
[2026-06-04 08:25:26.013] [info] [Worker 5] [libqueen] push(q=5 f=0/24 p99rtt=39ms) pop(q=19 f=2/16 p99rtt=255ms) custom(q=0 f=0/1 p99rtt=10ms) slots=23/25 jobs/s=931 drains=153074 evl=0ms
[2026-06-04 08:25:26.042] [info] [Worker 1] [libqueen] push(q=0 f=1/24 p99rtt=38ms) pop(q=1 f=3/16 p99rtt=258ms) custom(q=0 f=0/1 p99rtt=11ms) slots=21/25 jobs/s=910 drains=152700 evl=0ms
[2026-06-04 08:25:26.051] [info] [Worker 6] [libqueen] push(q=5 f=0/24 p99rtt=35ms) pop(q=0 f=3/16 p99rtt=278ms) custom(q=0 f=0/1 p99rtt=11ms) slots=22/25 jobs/s=899 drains=152790 evl=0ms
[2026-06-04 08:25:26.059] [info] [Worker 3] [libqueen] push(q=5 f=0/24 p99rtt=38ms) pop(q=0 f=3/16 p99rtt=272ms) custom(q=0 f=0/1 p99rtt=13ms) slots=22/25 jobs/s=921 drains=153095 evl=0ms
[2026-06-04 08:25:26.062] [info] [Worker 0] [libqueen] push(q=5 f=0/24 p99rtt=37ms) pop(q=0 f=2/16 p99rtt=267ms) custom(q=0 f=0/1 p99rtt=11ms) slots=23/25 jobs/s=856 drains=153514 evl=0ms
[2026-06-04 08:25:26.075] [info] [Worker 2] [libqueen] push(q=0 f=0/24 p99rtt=39ms) pop(q=0 f=3/16 p99rtt=259ms) custom(q=0 f=1/1 p99rtt=11ms) slots=21/25 jobs/s=979 drains=154321 evl=0ms
[2026-06-04 08:25:26.084] [info] [Worker 9] [libqueen] push(q=5 f=0/24 p99rtt=36ms) pop(q=5 f=3/16 p99rtt=272ms) custom(q=0 f=0/1 p99rtt=12ms) slots=22/25 jobs/s=899 drains=153070 evl=0ms
[2026-06-04 08:25:26.991] [info] [Worker 7] [libqueen] push(q=5 f=0/24 p99rtt=40ms) pop(q=0 f=3/16 p99rtt=259ms) custom(q=0 f=0/1 p99rtt=12ms) slots=22/25 jobs/s=802 drains=152624 evl=0ms
[2026-06-04 08:25:27.003] [info] [Worker 8] [libqueen] push(q=0 f=1/24 p99rtt=41ms) pop(q=0 f=3/16 p99rtt=239ms) custom(q=0 f=0/1 p99rtt=11ms) slots=21/25 jobs/s=878 drains=153286 evl=0ms
[2026-06-04 08:25:27.005] [info] [Worker 4] [libqueen] push(q=0 f=0/24 p99rtt=40ms) pop(q=0 f=3/16 p99rtt=267ms) custom(q=0 f=1/1 p99rtt=12ms) slots=21/25 jobs/s=901 drains=155216 evl=0ms
[2026-06-04 08:25:27.013] [info] [Worker 5] [libqueen] push(q=5 f=0/24 p99rtt=39ms) pop(q=1 f=3/16 p99rtt=255ms) custom(q=0 f=0/1 p99rtt=10ms) slots=22/25 jobs/s=866 drains=153788 evl=0ms
[2026-06-04 08:25:27.042] [info] [Worker 1] [libqueen] push(q=0 f=1/24 p99rtt=38ms) pop(q=3 f=2/16 p99rtt=258ms) custom(q=0 f=0/1 p99rtt=12ms) slots=22/25 jobs/s=795 drains=153419 evl=0ms
[2026-06-04 08:25:27.051] [info] [Worker 6] [libqueen] push(q=0 f=1/24 p99rtt=35ms) pop(q=4 f=2/16 p99rtt=278ms) custom(q=0 f=0/1 p99rtt=11ms) slots=22/25 jobs/s=858 drains=153615 evl=0ms
[2026-06-04 08:25:27.060] [info] [Worker 3] [libqueen] push(q=5 f=0/24 p99rtt=38ms) pop(q=0 f=3/16 p99rtt=272ms) custom(q=0 f=0/1 p99rtt=13ms) slots=22/25 jobs/s=784 drains=153850 evl=0ms
[2026-06-04 08:25:27.062] [info] [Worker 0] [libqueen] push(q=5 f=0/24 p99rtt=37ms) pop(q=0 f=3/16 p99rtt=267ms) custom(q=0 f=0/1 p99rtt=10ms) slots=22/25 jobs/s=798 drains=154295 evl=0ms
[2026-06-04 08:25:27.076] [info] [Worker 2] [libqueen] push(q=0 f=1/24 p99rtt=37ms) pop(q=11 f=3/16 p99rtt=259ms) custom(q=0 f=0/1 p99rtt=11ms) slots=21/25 jobs/s=831 drains=155061 evl=0ms
[2026-06-04 08:25:27.083] [info] [Worker 9] [libqueen] push(q=0 f=1/24 p99rtt=36ms) pop(q=12 f=4/16 p99rtt=272ms) custom(q=0 f=0/1 p99rtt=12ms) slots=20/25 jobs/s=853 drains=153914 evl=0ms
[2026-06-04 08:25:27.991] [info] [Worker 7] [libqueen] push(q=0 f=1/24 p99rtt=40ms) pop(q=0 f=6/16 p99rtt=259ms) custom(q=0 f=0/1 p99rtt=12ms) slots=18/25 jobs/s=768 drains=153324 evl=0ms
[2026-06-04 08:25:28.003] [info] [Worker 8] [libqueen] push(q=1 f=0/24 p99rtt=41ms) pop(q=0 f=2/16 p99rtt=239ms) custom(q=0 f=1/1 p99rtt=11ms) slots=22/25 jobs/s=755 drains=154022 evl=0ms
[2026-06-04 08:25:28.007] [info] [Worker 4] [libqueen] push(q=5 f=0/24 p99rtt=42ms) pop(q=5 f=1/16 p99rtt=267ms) custom(q=0 f=1/1 p99rtt=12ms) slots=23/25 jobs/s=792 drains=155911 evl=0ms
[2026-06-04 08:25:28.014] [info] [Worker 5] [libqueen] push(q=5 f=0/24 p99rtt=40ms) pop(q=6 f=3/16 p99rtt=255ms) custom(q=0 f=0/1 p99rtt=10ms) slots=22/25 jobs/s=813 drains=154610 evl=0ms
[2026-06-04 08:25:28.042] [info] [Worker 1] [libqueen] push(q=5 f=0/24 p99rtt=40ms) pop(q=0 f=3/16 p99rtt=258ms) custom(q=0 f=1/1 p99rtt=12ms) slots=21/25 jobs/s=759 drains=154167 evl=0ms
[2026-06-04 08:25:28.051] [info] [Worker 6] [libqueen] push(q=5 f=0/24 p99rtt=36ms) pop(q=0 f=3/16 p99rtt=278ms) custom(q=0 f=1/1 p99rtt=11ms) slots=21/25 jobs/s=770 drains=154343 evl=3ms
[2026-06-04 08:25:28.060] [info] [Worker 3] [libqueen] push(q=5 f=0/24 p99rtt=39ms) pop(q=0 f=3/16 p99rtt=272ms) custom(q=0 f=0/1 p99rtt=13ms) slots=22/25 jobs/s=788 drains=154598 evl=0ms
[2026-06-04 08:25:28.062] [info] [Worker 0] [libqueen] push(q=0 f=1/24 p99rtt=37ms) pop(q=7 f=2/16 p99rtt=267ms) custom(q=0 f=0/1 p99rtt=10ms) slots=22/25 jobs/s=838 drains=155045 evl=0ms
[2026-06-04 08:25:28.076] [info] [Worker 2] [libqueen] push(q=0 f=1/24 p99rtt=40ms) pop(q=0 f=3/16 p99rtt=259ms) custom(q=0 f=0/1 p99rtt=11ms) slots=21/25 jobs/s=758 drains=155776 evl=0ms
[2026-06-04 08:25:28.084] [info] [Worker 9] [libqueen] push(q=0 f=1/24 p99rtt=36ms) pop(q=0 f=4/16 p99rtt=272ms) custom(q=0 f=0/1 p99rtt=12ms) slots=20/25 jobs/s=785 drains=154632 evl=0ms
[2026-06-04 08:25:28.991] [info] [Worker 7] [libqueen] push(q=0 f=1/24 p99rtt=41ms) pop(q=0 f=2/16 p99rtt=259ms) custom(q=0 f=0/1 p99rtt=12ms) slots=22/25 jobs/s=741 drains=153971 evl=0ms
[2026-06-04 08:25:29.003] [info] [Worker 8] [libqueen] push(q=5 f=0/24 p99rtt=41ms) pop(q=0 f=3/16 p99rtt=238ms) custom(q=0 f=1/1 p99rtt=11ms) slots=21/25 jobs/s=780 drains=154739 evl=0ms
[2026-06-04 08:25:29.006] [info] [Worker 4] [libqueen] push(q=5 f=0/24 p99rtt=42ms) pop(q=0 f=4/16 p99rtt=267ms) custom(q=0 f=1/1 p99rtt=12ms) slots=20/25 jobs/s=721 drains=156590 evl=0ms
[2026-06-04 08:25:29.014] [info] [Worker 5] [libqueen] push(q=5 f=0/24 p99rtt=40ms) pop(q=14 f=2/16 p99rtt=255ms) custom(q=0 f=0/1 p99rtt=10ms) slots=23/25 jobs/s=745 drains=155281 evl=0ms
[2026-06-04 08:25:29.042] [info] [Worker 1] [libqueen] push(q=5 f=0/24 p99rtt=41ms) pop(q=0 f=3/16 p99rtt=258ms) custom(q=0 f=1/1 p99rtt=12ms) slots=21/25 jobs/s=760 drains=154930 evl=0ms
[2026-06-04 08:25:29.051] [info] [Worker 6] [libqueen] push(q=0 f=0/24 p99rtt=37ms) pop(q=0 f=3/16 p99rtt=278ms) custom(q=0 f=1/1 p99rtt=11ms) slots=21/25 jobs/s=836 drains=155139 evl=0ms
[2026-06-04 08:25:29.060] [info] [Worker 3] [libqueen] push(q=5 f=0/24 p99rtt=39ms) pop(q=0 f=4/16 p99rtt=272ms) custom(q=0 f=0/1 p99rtt=13ms) slots=21/25 jobs/s=780 drains=155349 evl=0ms
[2026-06-04 08:25:29.062] [info] [Worker 0] [libqueen] push(q=0 f=1/24 p99rtt=37ms) pop(q=0 f=3/16 p99rtt=267ms) custom(q=0 f=0/1 p99rtt=11ms) slots=21/25 jobs/s=797 drains=155712 evl=0ms
[2026-06-04 08:25:29.076] [info] [Worker 2] [libqueen] push(q=0 f=1/24 p99rtt=40ms) pop(q=0 f=3/16 p99rtt=259ms) custom(q=0 f=0/1 p99rtt=11ms) slots=21/25 jobs/s=748 drains=156494 evl=0ms
[2026-06-04 08:25:29.084] [info] [Worker 9] [libqueen] push(q=0 f=1/24 p99rtt=37ms) pop(q=0 f=3/16 p99rtt=272ms) custom(q=0 f=0/1 p99rtt=12ms) slots=21/25 jobs/s=781 drains=155394 evl=1ms
[2026-06-04 08:25:29.992] [info] [Worker 7] [libqueen] push(q=0 f=1/24 p99rtt=41ms) pop(q=0 f=2/16 p99rtt=259ms) custom(q=0 f=0/1 p99rtt=11ms) slots=22/25 jobs/s=793 drains=154661 evl=1ms
[2026-06-04 08:25:30.003] [info] [Worker 8] [libqueen] push(q=0 f=1/24 p99rtt=41ms) pop(q=0 f=4/16 p99rtt=238ms) custom(q=0 f=0/1 p99rtt=11ms) slots=20/25 jobs/s=695 drains=155326 evl=0ms
[2026-06-04 08:25:30.007] [info] [Worker 4] [libqueen] push(q=5 f=0/24 p99rtt=40ms) pop(q=0 f=3/16 p99rtt=267ms) custom(q=0 f=0/1 p99rtt=12ms) slots=22/25 jobs/s=783 drains=157332 evl=0ms
[2026-06-04 08:25:30.014] [info] [Worker 5] [libqueen] push(q=0 f=1/24 p99rtt=40ms) pop(q=0 f=2/16 p99rtt=255ms) custom(q=0 f=0/1 p99rtt=10ms) slots=22/25 jobs/s=807 drains=155997 evl=0ms
[2026-06-04 08:25:30.042] [info] [Worker 1] [libqueen] push(q=0 f=0/24 p99rtt=41ms) pop(q=0 f=4/16 p99rtt=258ms) custom(q=0 f=0/1 p99rtt=12ms) slots=21/25 jobs/s=812 drains=155641 evl=0ms
[2026-06-04 08:25:30.052] [info] [Worker 6] [libqueen] push(q=0 f=1/24 p99rtt=38ms) pop(q=13 f=2/16 p99rtt=278ms) custom(q=0 f=0/1 p99rtt=11ms) slots=22/25 jobs/s=797 drains=155835 evl=0ms
[2026-06-04 08:25:30.061] [info] [Worker 3] [libqueen] push(q=0 f=1/24 p99rtt=39ms) pop(q=16 f=2/16 p99rtt=272ms) custom(q=0 f=0/1 p99rtt=13ms) slots=22/25 jobs/s=912 drains=156132 evl=0ms
[2026-06-04 08:25:30.062] [info] [Worker 0] [libqueen] push(q=0 f=1/24 p99rtt=37ms) pop(q=0 f=4/16 p99rtt=267ms) custom(q=0 f=0/1 p99rtt=11ms) slots=20/25 jobs/s=814 drains=156517 evl=0ms
[2026-06-04 08:25:30.076] [info] [Worker 2] [libqueen] push(q=0 f=1/24 p99rtt=39ms) pop(q=0 f=3/16 p99rtt=259ms) custom(q=0 f=0/1 p99rtt=11ms) slots=21/25 jobs/s=823 drains=157213 evl=0ms
[2026-06-04 08:25:30.084] [info] [Worker 9] [libqueen] push(q=5 f=0/24 p99rtt=36ms) pop(q=0 f=4/16 p99rtt=272ms) custom(q=0 f=0/1 p99rtt=12ms) slots=21/25 jobs/s=866 drains=156274 evl=0ms
[2026-06-04 08:25:30.301] [info] QPOP: Connection aborted for cc6ec161-f4d9-4e46-b368-e18f5868621e
[2026-06-04 08:25:30.302] [info] QPOP: Connection aborted for a8713021-1d98-4098-8def-c7a85d45c979
[2026-06-04 08:25:30.302] [info] QPOP: Connection aborted for a13c3820-0684-43fb-95b1-eaae0b4310fb
[2026-06-04 08:25:30.302] [info] QPOP: Connection aborted for 2a5dc362-d60e-4903-b1b9-3b4c4ba8157d
[2026-06-04 08:25:30.302] [info] QPOP: Connection aborted for 0d36e412-2f33-4e41-be76-9e2b904eb0ec
[2026-06-04 08:25:30.302] [info] QPOP: Connection aborted for beebb6b8-9dfc-4318-b2a9-ada11c27195c
[2026-06-04 08:25:30.302] [info] QPOP: Connection aborted for 403bff8b-c1a2-4456-923c-0563a6a2ddf5
[2026-06-04 08:25:30.302] [info] QPOP: Connection aborted for 4ac07470-04da-4d78-b29c-2f939e745188
[2026-06-04 08:25:30.302] [info] QPOP: Connection aborted for 17e3fd79-3927-4d21-9c21-9600d0e87300
[2026-06-04 08:25:30.302] [info] QPOP: Connection aborted for 861a379c-5926-4dbe-9014-de3eaea6bd7c
[2026-06-04 08:25:30.302] [info] QPOP: Connection aborted for 2f76eb1a-2318-4265-9dac-77740bf5d992
[2026-06-04 08:25:30.302] [info] QPOP: Connection aborted for c7729937-ba12-4d4e-8ac4-d315ccd8570c
[2026-06-04 08:25:30.302] [info] QPOP: Connection aborted for 9caf8b9c-eed6-434e-abbc-af73c0e6a1a7
[2026-06-04 08:25:30.302] [info] QPOP: Connection aborted for 143ab931-21d1-4ca5-adab-7881faeef2a2
[2026-06-04 08:25:30.302] [info] QPOP: Connection aborted for 3eb203ad-59b8-410a-854b-3a4c2b2238ca
[2026-06-04 08:25:30.302] [info] QPOP: Connection aborted for af614f1f-8f6b-4bcc-9ea0-82926f87283c
[2026-06-04 08:25:30.302] [info] QPOP: Connection aborted for 23d7c132-a5c1-4e5a-92db-a8b213f5c90a
[2026-06-04 08:25:30.302] [info] QPOP: Connection aborted for fd4de11e-14a5-4f2f-a44f-45e75cf660ce
[2026-06-04 08:25:30.302] [info] QPOP: Connection aborted for e0542939-46db-4594-82cc-81bada19d13a
[2026-06-04 08:25:30.302] [info] QPOP: Connection aborted for cd838ffb-f4e5-4d86-8d2e-dc380e9c0a9d
[2026-06-04 08:25:30.303] [info] QPOP: Connection aborted for 4363df68-536b-4934-8084-e334232eb6cb
[2026-06-04 08:25:30.303] [info] QPOP: Connection aborted for 78d77991-23f7-4dfa-a327-6cf3e1783b5e
[2026-06-04 08:25:30.303] [info] QPOP: Connection aborted for aeae3c36-4447-4832-a7c0-03aadef14f2a
[2026-06-04 08:25:30.303] [info] QPOP: Connection aborted for baa02cf8-ed6e-4779-aa36-b969efcddc65
[2026-06-04 08:25:30.303] [info] QPOP: Connection aborted for 71c12312-d667-49b6-b9e7-508f5e7ff007
[2026-06-04 08:25:30.303] [info] QPOP: Connection aborted for 6a386dc9-ac5d-4a84-825b-d41512138198
[2026-06-04 08:25:30.303] [info] QPOP: Connection aborted for 26a781d2-2d0a-483d-9cef-d561351be623
[2026-06-04 08:25:30.303] [info] QPOP: Connection aborted for 91b8c9e7-2a78-4173-8b80-a4f7dab19249
[2026-06-04 08:25:30.303] [info] QPOP: Connection aborted for b8467a1c-851a-4a24-bcae-52d81d8074a4
[2026-06-04 08:25:30.303] [info] QPOP: Connection aborted for 1d2ed7e2-dbfa-4380-9aa8-72fcd9a78c36
[2026-06-04 08:25:30.303] [info] QPOP: Connection aborted for a718105d-4bf3-4ae8-90cc-c632f9402fac
[2026-06-04 08:25:30.303] [info] QPOP: Connection aborted for a290a8c2-43d4-4a1d-9b57-1e84c29a144d
[2026-06-04 08:25:30.303] [info] QPOP: Connection aborted for 8ad5a9c6-66a8-4068-b5a6-56fe483b5a11
[2026-06-04 08:25:30.303] [info] QPOP: Connection aborted for 7ab95a61-1aa0-458b-b6e6-7046fe42f4e7
[2026-06-04 08:25:30.303] [info] QPOP: Connection aborted for 107a5b8f-7e81-4ad3-b051-09980ed1f69e
[2026-06-04 08:25:30.303] [info] QPOP: Connection aborted for e6cf7f75-a0f6-4952-826f-ed7ceee49072
[2026-06-04 08:25:30.303] [info] QPOP: Connection aborted for 2fcafaa9-c10e-4a8a-8568-81a9944e21ca
[2026-06-04 08:25:30.303] [info] QPOP: Connection aborted for a4b89688-5b41-44c3-accd-a1fd74591e4d
[2026-06-04 08:25:30.303] [info] QPOP: Connection aborted for e503d2b6-342a-40f0-83a6-1d209eacafe4
[2026-06-04 08:25:30.303] [info] QPOP: Connection aborted for 872840ef-1f35-49e8-9d2b-a37bf0d8ebaf
[2026-06-04 08:25:30.303] [info] QPOP: Connection aborted for 451f0b4d-46b3-48d5-a124-6a6e300c9973
[2026-06-04 08:25:30.303] [info] QPOP: Connection aborted for 85679bb2-d6d1-48a6-a53c-08ded0881c49
[2026-06-04 08:25:30.303] [info] QPOP: Connection aborted for dc97489a-0673-48d1-913a-cdfd004612e8
[2026-06-04 08:25:30.303] [info] QPOP: Connection aborted for b3f9b980-0cc5-411d-bae7-273d026c9ceb
[2026-06-04 08:25:30.303] [info] QPOP: Connection aborted for 1af4fe43-a6ee-483b-a8b9-e88c090fd591
[2026-06-04 08:25:30.304] [info] QPOP: Connection aborted for b3dc5ffa-22cb-4cba-b209-54876277dcc9
[2026-06-04 08:25:30.304] [info] QPOP: Connection aborted for f30f5940-1a81-4fe3-9a5d-35159d6138f8
[2026-06-04 08:25:30.304] [info] QPOP: Connection aborted for e678571a-bf3a-4b37-bd77-c34893017ed3
[2026-06-04 08:25:30.304] [info] QPOP: Connection aborted for b971ed7f-6341-428f-97df-18bf7a4d7cdc
[2026-06-04 08:25:30.304] [info] QPOP: Connection aborted for e9ac4ef1-af7b-4ba5-a94b-a4b10f597ad4
[2026-06-04 08:25:30.306] [info] QPOP: Connection aborted for e68b5b80-61a1-4cb7-9d60-a1f54d235649
[2026-06-04 08:25:30.306] [info] QPOP: Connection aborted for eb7055db-f53c-479b-b87d-70b7842318b6
[2026-06-04 08:25:30.307] [info] QPOP: Connection aborted for df9ebabd-125f-4eb9-bbbd-c20647f16748
[2026-06-04 08:25:30.307] [info] QPOP: Connection aborted for a0387bf9-712c-45f7-a830-931d9e776d17
[2026-06-04 08:25:30.307] [info] QPOP: Connection aborted for ac69455f-9a85-4cec-833b-fec210b64c26
[2026-06-04 08:25:30.307] [info] QPOP: Connection aborted for 53efc027-2430-44f1-b177-e6f52ff9a3ee
[2026-06-04 08:25:30.307] [info] QPOP: Connection aborted for b6c4f8db-01d0-4fc6-972d-046d15ac6461
[2026-06-04 08:25:30.307] [info] QPOP: Connection aborted for 8fb88d9b-8bc4-43a7-a4c8-3ffdc00e9e2d
[2026-06-04 08:25:30.307] [info] QPOP: Connection aborted for 35f17c69-c75a-4cc3-a7cb-9f55e7578f90
[2026-06-04 08:25:30.307] [info] QPOP: Connection aborted for e1a0589e-e024-4fea-8088-931b615ac58b
[2026-06-04 08:25:30.307] [info] QPOP: Connection aborted for df7b64c9-98a0-472a-9de7-a7bc6d4a36f9
[2026-06-04 08:25:30.307] [info] QPOP: Connection aborted for b0ddd211-e7ab-4aee-a96e-1b4c7a212d2f
[2026-06-04 08:25:30.307] [info] QPOP: Connection aborted for 607057a5-1d3a-4687-b0a8-19c9a7506dc7
[2026-06-04 08:25:30.307] [info] QPOP: Connection aborted for 0bd21b0d-4135-4c93-82da-c8eea91989d2
[2026-06-04 08:25:30.307] [info] QPOP: Connection aborted for 364806b2-122d-4fb5-8ec0-be404579dcf2
[2026-06-04 08:25:30.307] [info] QPOP: Connection aborted for 8335f285-c618-4e6e-b763-853d0f0e4dd0
[2026-06-04 08:25:30.307] [info] QPOP: Connection aborted for fa396708-5f95-4ccf-b3ca-13f4f03e1562
[2026-06-04 08:25:30.307] [info] QPOP: Connection aborted for 3eec4bf4-d454-46f8-9e4a-f4c3923eacee
[2026-06-04 08:25:30.307] [info] QPOP: Connection aborted for 60eceeb9-46aa-4cae-ae02-0790653c52d1
[2026-06-04 08:25:30.307] [info] QPOP: Connection aborted for c6e33c27-fc29-4eb7-9460-33c3184c70c0
[2026-06-04 08:25:30.307] [info] QPOP: Connection aborted for 52f29b85-96c8-4809-824c-5328e785a35f
[2026-06-04 08:25:30.307] [info] QPOP: Connection aborted for 1ea2675e-b518-4e5d-829c-6bd4fcca24fd
[2026-06-04 08:25:30.307] [info] QPOP: Connection aborted for ede25c83-8c18-442d-86f8-5ddd513eaf18
[2026-06-04 08:25:30.307] [info] QPOP: Connection aborted for 6b94b637-e290-47c6-bf5b-d94f2bdd19ed
[2026-06-04 08:25:30.307] [info] QPOP: Connection aborted for 2fdb2af1-4450-4622-9289-1584eeb2c3a9
[2026-06-04 08:25:30.307] [info] QPOP: Connection aborted for 5d2ee778-b6a8-4429-ad28-d321bda01b34
[2026-06-04 08:25:30.307] [info] QPOP: Connection aborted for 5627e2e5-fcee-4e5c-a7d0-32b27a432bf6
[2026-06-04 08:25:30.307] [info] QPOP: Connection aborted for 8753be12-877d-40b0-8db5-31e65dcabaa1
[2026-06-04 08:25:30.307] [info] QPOP: Connection aborted for 8b7d94c6-91b8-4295-a5ce-6f84145ffef5
[2026-06-04 08:25:30.307] [info] QPOP: Connection aborted for 3ae88bfe-a7a8-49eb-a885-830cbd45bbda
[2026-06-04 08:25:30.307] [info] QPOP: Connection aborted for 5da4f7dd-7efb-4fab-84e9-ed52d30a144f
[2026-06-04 08:25:30.307] [info] QPOP: Connection aborted for a47a0fc2-240a-4b8d-a331-8d3021399dad
[2026-06-04 08:25:30.307] [info] QPOP: Connection aborted for 867aa16c-ad5e-4534-b069-74ce1bd13bc2
[2026-06-04 08:25:30.307] [info] QPOP: Connection aborted for e2ef1842-7a4c-47e6-b1d6-13b70a428401
[2026-06-04 08:25:30.307] [info] QPOP: Connection aborted for 2405ac27-1be2-4f1e-94b0-277bb0c86553
[2026-06-04 08:25:30.307] [info] QPOP: Connection aborted for 00783bb4-2a3e-4e1e-ad8e-a0a1243c9345
[2026-06-04 08:25:30.308] [info] QPOP: Connection aborted for 467bf2d2-036a-48ad-bc4a-c9e77e8eae45
[2026-06-04 08:25:30.308] [info] QPOP: Connection aborted for a53ae4ff-91c7-49ea-b223-bfbb84785ec6
[2026-06-04 08:25:30.308] [info] QPOP: Connection aborted for ca4eeb0d-9fe7-48d3-819f-41fa2d8ef994
[2026-06-04 08:25:30.308] [info] QPOP: Connection aborted for af990310-59f6-491d-87cd-3b943531973e
[2026-06-04 08:25:30.308] [info] QPOP: Connection aborted for a880c489-2ede-49c6-b98f-e7e5d5bbe5cc
[2026-06-04 08:25:30.308] [info] QPOP: Connection aborted for 70065e38-107b-4b54-afc0-12b3fe8fd255
[2026-06-04 08:25:30.308] [info] QPOP: Connection aborted for 44f9b48b-00ba-47d2-870d-ff0bac22368f
[2026-06-04 08:25:30.308] [info] QPOP: Connection aborted for 9c26220c-17a9-48a7-900c-ebec49a49191
[2026-06-04 08:25:30.308] [info] QPOP: Connection aborted for 9c62ca45-5288-40cf-8baf-c4361ec57a02
[2026-06-04 08:25:30.308] [info] QPOP: Connection aborted for 19c8cff6-d5d1-4db7-b98c-05c972e136d1
[2026-06-04 08:25:30.308] [info] QPOP: Connection aborted for 33befab9-3de0-4ac1-adea-42ac4a6d8a5e
[2026-06-04 08:25:30.308] [info] QPOP: Connection aborted for d088aca7-809f-47ab-a15c-e8f7bf539ce7
[2026-06-04 08:25:30.308] [info] QPOP: Connection aborted for 460ef231-7a77-4c29-9393-78f80ad5ae33
[2026-06-04 08:25:30.308] [info] QPOP: Connection aborted for 96a1c6ad-3a42-48c9-b89d-71f3aa935c9f
[2026-06-04 08:25:30.308] [info] QPOP: Connection aborted for f2108ccc-08d1-4e88-89d5-dab0847d96d7
[2026-06-04 08:25:30.308] [info] QPOP: Connection aborted for efa0a1a0-ceab-4475-a24a-b388cab53e1f
[2026-06-04 08:25:30.308] [info] QPOP: Connection aborted for b835413e-bd3d-495b-8748-6c885af33067
[2026-06-04 08:25:30.308] [info] QPOP: Connection aborted for 0af7ff2b-6b60-42bb-820b-52e45f2f5add
[2026-06-04 08:25:30.308] [info] QPOP: Connection aborted for 7864770b-15ec-4824-8c50-739a4e10e3d7
[2026-06-04 08:25:30.308] [info] QPOP: Connection aborted for 2e20c3bc-9bc7-4ebe-a250-0867c592612c
[2026-06-04 08:25:30.308] [info] QPOP: Connection aborted for f6eb9260-8059-423b-b152-efadcc8535fc
[2026-06-04 08:25:30.308] [info] QPOP: Connection aborted for 988768ba-3100-473a-baac-5597374e98ad
[2026-06-04 08:25:30.308] [info] QPOP: Connection aborted for a6dabf13-6cd1-44c1-81ef-bfff17cfa5f8
[2026-06-04 08:25:30.308] [info] QPOP: Connection aborted for 5fa02531-569e-4035-a60e-3cea7018cb54
[2026-06-04 08:25:30.308] [info] QPOP: Connection aborted for 7e0b4b2a-d8eb-4ae3-897f-24b0b7aa7285
[2026-06-04 08:25:30.308] [info] QPOP: Connection aborted for 1985bc68-0c9b-406e-951a-26dfcdd984a8
[2026-06-04 08:25:30.308] [info] QPOP: Connection aborted for 73cab5d3-fa73-43eb-9736-092b84294401
[2026-06-04 08:25:30.308] [info] QPOP: Connection aborted for 4072f5c4-8713-4934-bd83-ef03ea149147
[2026-06-04 08:25:30.308] [info] QPOP: Connection aborted for 25c8e557-4323-491f-84f8-c79930fc5863
[2026-06-04 08:25:30.308] [info] QPOP: Connection aborted for ff9e2784-9e51-4183-a46b-af4cfa9a89e3
[2026-06-04 08:25:30.308] [info] QPOP: Connection aborted for fe9aa104-b643-4d77-bc7c-2aa54a6019cb
[2026-06-04 08:25:30.308] [info] QPOP: Connection aborted for bd22281a-2a34-4fb5-b4c1-e8133b8174b5
[2026-06-04 08:25:30.308] [info] QPOP: Connection aborted for 5f03edec-b42a-4f66-ad7b-54fe4161a6bd
[2026-06-04 08:25:30.308] [info] QPOP: Connection aborted for 283cf069-078d-4dc6-ba7f-88bed2d5fb49
[2026-06-04 08:25:30.308] [info] QPOP: Connection aborted for b12975e4-172e-463c-8a17-fe9331dda7f8
[2026-06-04 08:25:30.308] [info] QPOP: Connection aborted for cfa486b1-b2f4-4847-9363-24c4eb084910
[2026-06-04 08:25:30.308] [info] QPOP: Connection aborted for 6b2f09e5-3332-431b-82f4-59041ddf853e
[2026-06-04 08:25:30.308] [info] QPOP: Connection aborted for cbf30cd6-9fcd-4c83-b1ba-625b5ac491c2
[2026-06-04 08:25:30.308] [info] QPOP: Connection aborted for ccbea4f4-6b24-4efb-8c25-e479eba69dcc
[2026-06-04 08:25:30.308] [info] QPOP: Connection aborted for e7f178fe-fdfe-46fc-ba83-3309f7af924c
[2026-06-04 08:25:30.308] [info] QPOP: Connection aborted for b39aff41-b542-40b9-aa63-724014c7e0e8
[2026-06-04 08:25:30.308] [info] QPOP: Connection aborted for f600d6cb-3598-4d2b-8ddb-0df95cf3075e
[2026-06-04 08:25:30.308] [info] QPOP: Connection aborted for 8fdecee9-b883-4a22-8f79-a82e6c271e91
[2026-06-04 08:25:30.308] [info] QPOP: Connection aborted for 2ab126b3-38b2-4b2e-a5a8-ad4ec6e06673
[2026-06-04 08:25:30.308] [info] QPOP: Connection aborted for 71c87c3a-aa96-4e6c-aa18-83268aab9c0f
[2026-06-04 08:25:30.308] [info] QPOP: Connection aborted for b9315f89-0ee9-447e-b68b-af48ccf82996
[2026-06-04 08:25:30.308] [info] QPOP: Connection aborted for fceeef75-645b-4a76-b818-eaf151f58634
[2026-06-04 08:25:30.308] [info] QPOP: Connection aborted for 68cebf96-0662-493d-9eef-93c42124df09
[2026-06-04 08:25:30.308] [info] QPOP: Connection aborted for d91e75c1-1a29-49f7-800f-5dca10f41484
[2026-06-04 08:25:30.308] [info] QPOP: Connection aborted for 69b8465d-ce9c-47c3-923d-84d6b264e369
[2026-06-04 08:25:30.309] [info] QPOP: Connection aborted for c54c9610-6422-4a11-966d-d0f6c6a48a27
[2026-06-04 08:25:30.309] [info] QPOP: Connection aborted for c9da8d79-afed-44e2-b4e2-86f8eff060c3
[2026-06-04 08:25:30.309] [info] QPOP: Connection aborted for f4b72201-5c94-48af-9fa1-85c3801664bc
[2026-06-04 08:25:30.309] [info] QPOP: Connection aborted for a06affee-a626-497b-920c-e8e2ffa35b9c
[2026-06-04 08:25:30.309] [info] QPOP: Connection aborted for 89a4ac36-a23f-4fab-b478-01128ac15849
[2026-06-04 08:25:30.309] [info] QPOP: Connection aborted for f6430f40-122c-40a4-819c-ee7dee0b46c4
[2026-06-04 08:25:30.309] [info] QPOP: Connection aborted for ab5c8f44-6713-42c1-bd66-6b0f9e60b1ef
[2026-06-04 08:25:30.309] [info] QPOP: Connection aborted for 80170799-a6a3-4195-9c3d-5112fcf28555
[2026-06-04 08:25:30.309] [info] QPOP: Connection aborted for 4ca341c7-fef5-4bec-8379-8706fff0df31
[2026-06-04 08:25:30.309] [info] QPOP: Connection aborted for 1feb74b3-175f-4202-b662-23cae9fa8208
[2026-06-04 08:25:30.309] [info] QPOP: Connection aborted for fa1e0758-1c68-4182-8061-b4e0b6ecd6aa
[2026-06-04 08:25:30.309] [info] QPOP: Connection aborted for 698ea57f-4d21-439c-8ba2-d291fa21e60d
[2026-06-04 08:25:30.309] [info] QPOP: Connection aborted for e5d15455-6ea2-4634-9227-4fcaf599c9be
[2026-06-04 08:25:30.309] [info] QPOP: Connection aborted for 544499ed-fea8-42fb-90d7-4e41548143ff
[2026-06-04 08:25:30.309] [info] QPOP: Connection aborted for 0e7ec15f-93af-4ac5-91d1-ca0493997bc2
[2026-06-04 08:25:30.308] [info] QPOP: Connection aborted for 3e7c5e3d-4ba6-452a-b0e3-e513969ac4c0
[2026-06-04 08:25:30.309] [info] QPOP: Connection aborted for 1fb3e4bc-6bde-4377-b33d-a6d386aa2af2
[2026-06-04 08:25:30.309] [info] QPOP: Connection aborted for a78f6fc1-ba42-4f68-85cc-a3dee770aea6
[2026-06-04 08:25:30.309] [info] QPOP: Connection aborted for cc03e8b5-e015-4227-bb46-1a52f9489c1c
[2026-06-04 08:25:30.309] [info] QPOP: Connection aborted for 4300bc8f-02ff-4a31-8ec1-ac652fd323e8
[2026-06-04 08:25:30.309] [info] QPOP: Connection aborted for b091d503-b5fe-4151-909f-3ca31b5bc36e
[2026-06-04 08:25:30.309] [info] QPOP: Connection aborted for b57dab8b-f357-43f5-9ce3-62cd04310bbc
[2026-06-04 08:25:30.309] [info] QPOP: Connection aborted for 0afc9463-ebb6-4cce-b9d8-399eaafe765a
[2026-06-04 08:25:30.309] [info] QPOP: Connection aborted for 8605a130-2ca0-45ae-981c-1a7e60f10697
[2026-06-04 08:25:30.309] [info] QPOP: Connection aborted for eb509bc9-7497-4b49-be39-633478f25298
[2026-06-04 08:25:30.309] [info] QPOP: Connection aborted for 8f9d468a-828f-4cf9-9a3e-972ecd447b67
[2026-06-04 08:25:30.309] [info] QPOP: Connection aborted for c66e6915-b6b9-429d-945d-4844d6353279
[2026-06-04 08:25:30.309] [info] QPOP: Connection aborted for 614d47e5-0bcb-4218-b6c0-c3ef6fa45d57
[2026-06-04 08:25:30.309] [info] QPOP: Connection aborted for b3e1df3c-e3c2-4669-9f7e-8aeadeb0e901
[2026-06-04 08:25:30.309] [info] QPOP: Connection aborted for 3b182354-52e8-43d5-aaad-bed893725179
[2026-06-04 08:25:30.309] [info] QPOP: Connection aborted for 2777f6d3-e3da-455c-b873-59c0847d5352
[2026-06-04 08:25:30.309] [info] QPOP: Connection aborted for ab6c2292-88fa-413c-988f-55379ef42c10
[2026-06-04 08:25:30.309] [info] QPOP: Connection aborted for bc8b2529-243c-4dbc-b641-6e3df04b21bf
[2026-06-04 08:25:30.309] [info] QPOP: Connection aborted for 89706443-5ef5-4906-b935-838b531727f0
[2026-06-04 08:25:30.309] [info] QPOP: Connection aborted for af219520-80c5-4f02-b0b9-33f5f450241c
[2026-06-04 08:25:30.309] [info] QPOP: Connection aborted for 0e6a16e7-47e3-4742-a0e6-71f0c05004c8
[2026-06-04 08:25:30.309] [info] QPOP: Connection aborted for e208577c-62af-4d8b-83fa-44c2f3629c7e
[2026-06-04 08:25:30.309] [info] QPOP: Connection aborted for 7a9ef1ac-d8c7-443b-854e-b5b18a5696ed
[2026-06-04 08:25:30.309] [info] QPOP: Connection aborted for af98a490-ffec-44bf-940f-498859b9444d
[2026-06-04 08:25:30.309] [info] QPOP: Connection aborted for 70c33ff3-d436-4920-8555-77b0ff800a33
[2026-06-04 08:25:30.309] [info] QPOP: Connection aborted for de0df2c7-9758-4d00-89a4-fe0703b98f03
[2026-06-04 08:25:30.309] [info] QPOP: Connection aborted for 641e2ff9-0450-4bea-afce-6ba4e45d7f09
[2026-06-04 08:25:30.309] [info] QPOP: Connection aborted for fc4c4ed3-ce19-476e-a44d-ccecc826e6a2
[2026-06-04 08:25:30.309] [info] QPOP: Connection aborted for 20db7ae7-fbb1-4fbd-9589-4f0afef3eb4c
[2026-06-04 08:25:30.309] [info] QPOP: Connection aborted for a0ec486b-cfac-4e5b-a61b-61a191cfb9ed
[2026-06-04 08:25:30.309] [info] QPOP: Connection aborted for 9b909177-74ae-47c8-8b9a-2ec228d7b5f4
[2026-06-04 08:25:30.309] [info] QPOP: Connection aborted for 4c8b80ea-6891-47c8-9a51-3add4401c5e0
[2026-06-04 08:25:30.309] [info] QPOP: Connection aborted for 87f0023e-bcd9-4154-a02e-f51979000a79
[2026-06-04 08:25:30.309] [info] QPOP: Connection aborted for 0e9c630e-21e6-4ced-9d2d-dc923098b780
[2026-06-04 08:25:30.309] [info] QPOP: Connection aborted for 078460fb-8848-4058-b36c-85fdf0b66123
[2026-06-04 08:25:30.309] [info] QPOP: Connection aborted for da75bbd9-ad92-4f22-bf77-540306bed95d
[2026-06-04 08:25:30.309] [info] QPOP: Connection aborted for b30a3572-5bc2-4b22-85cd-4c53049bb6af
[2026-06-04 08:25:30.309] [info] QPOP: Connection aborted for 2ebbb1de-a5ce-44e1-8d9f-319e760619f2
[2026-06-04 08:25:30.310] [info] QPOP: Connection aborted for 3ab63e82-39fc-4419-912e-79fd5b24fb33
[2026-06-04 08:25:30.310] [info] QPOP: Connection aborted for 7981649f-900c-4d28-9b55-a5a5c6b54be6
[2026-06-04 08:25:30.310] [info] QPOP: Connection aborted for ea5b899d-f489-4bd5-94a8-4040d68e8621
[2026-06-04 08:25:30.310] [info] QPOP: Connection aborted for 8c756fec-35f5-4170-9b3e-cfbfd1e27678
[2026-06-04 08:25:30.310] [info] QPOP: Connection aborted for 3715f30f-019d-4cbd-bdd7-c8dd5b74ea52
[2026-06-04 08:25:30.310] [info] QPOP: Connection aborted for 08f7dc44-c981-4478-9157-fceddbdcef2e
[2026-06-04 08:25:30.310] [info] QPOP: Connection aborted for 84ac91e1-1b40-4f06-9852-76fc924f21b9
[2026-06-04 08:25:30.310] [info] QPOP: Connection aborted for 585fc67c-09e9-4e57-be74-2eb159b04841
[2026-06-04 08:25:30.310] [info] QPOP: Connection aborted for 561c90c0-1650-4014-b61f-7310b23c02e4
[2026-06-04 08:25:30.310] [info] QPOP: Connection aborted for 70eb5145-a4c5-4680-a46b-a51ef05580c6
[2026-06-04 08:25:30.310] [info] QPOP: Connection aborted for 65a5c48b-bd4a-4352-81a3-f0a9e83ab7ba
[2026-06-04 08:25:30.310] [info] QPOP: Connection aborted for 5b466ee5-ea5c-4570-8239-569f66fca407
[2026-06-04 08:25:30.310] [info] QPOP: Connection aborted for 4ee635cc-2a6b-48c8-9620-bef6e795e175
[2026-06-04 08:25:30.310] [info] QPOP: Connection aborted for abfab5d7-6030-4379-a4d0-6461140db70b
[2026-06-04 08:25:30.310] [info] QPOP: Connection aborted for 0e020fd8-9b61-432b-ba3e-5db1530b455a
[2026-06-04 08:25:30.310] [info] QPOP: Connection aborted for bcbcd5e5-7d9a-4b3a-9ad0-da9e25156cbe
[2026-06-04 08:25:30.310] [info] QPOP: Connection aborted for eb3bee99-2182-4294-9823-a3e09478f227
[2026-06-04 08:25:30.310] [info] QPOP: Connection aborted for cdd12a00-cb69-420e-b37e-0adda112a3f4
[2026-06-04 08:25:30.310] [info] QPOP: Connection aborted for 1cd8f9d9-b162-4cdc-ba40-eddeeb084acb
[2026-06-04 08:25:30.310] [info] QPOP: Connection aborted for 26643d70-dcab-4d4f-af83-afd8794870b3
[2026-06-04 08:25:30.310] [info] QPOP: Connection aborted for 650ac788-f794-4629-8285-d83649aaea80
[2026-06-04 08:25:30.310] [info] QPOP: Connection aborted for 847b4609-91a7-442e-b513-3721ea9ae8a2
[2026-06-04 08:25:30.310] [info] QPOP: Connection aborted for 80213a09-1876-458e-838b-9c56e9018eb7
[2026-06-04 08:25:30.310] [info] QPOP: Connection aborted for ce14bb25-90a2-4d45-bfe1-b89c613325a6
[2026-06-04 08:25:30.310] [info] QPOP: Connection aborted for 9c003634-781d-4563-a57b-54e85b8d52d1
[2026-06-04 08:25:30.310] [info] QPOP: Connection aborted for 44f90603-ca44-4889-846e-c1d122c98e0e
[2026-06-04 08:25:30.310] [info] QPOP: Connection aborted for 683aeb7f-fdb6-49a7-94cc-7e69aa0e0ed3
[2026-06-04 08:25:30.310] [info] QPOP: Connection aborted for 9b97a25e-540a-4979-ae4e-29bde6c3fbc4
[2026-06-04 08:25:30.310] [info] QPOP: Connection aborted for 17ba5410-4462-4e32-83ac-de6f7599ddc8
[2026-06-04 08:25:30.310] [info] QPOP: Connection aborted for a3c3f927-8389-4341-91cb-80d4e0115186
[2026-06-04 08:25:30.310] [info] QPOP: Connection aborted for d4cd4863-6f1e-4bb2-ab88-067ae489f11c
[2026-06-04 08:25:30.310] [info] QPOP: Connection aborted for 086228f0-5d36-4c53-bdbc-a4d802c681a0
[2026-06-04 08:25:30.310] [info] QPOP: Connection aborted for edac4b3b-1573-4821-a14d-dfb35222ca0b
[2026-06-04 08:25:30.310] [info] QPOP: Connection aborted for 5cfd5a76-79fd-4cf9-97c9-c91602253617
[2026-06-04 08:25:30.310] [info] QPOP: Connection aborted for ce990e44-3fba-48f0-b67f-e953e3678d94
[2026-06-04 08:25:30.310] [info] QPOP: Connection aborted for 29203955-ef28-4759-b059-5145a7cc024d
[2026-06-04 08:25:30.310] [info] QPOP: Connection aborted for e58ef6ff-c949-4075-a9e6-1fe2c62df4e5
[2026-06-04 08:25:30.310] [info] QPOP: Connection aborted for 30db7475-6347-48c1-b631-11157f84f51e
[2026-06-04 08:25:30.310] [info] QPOP: Connection aborted for bd732ddc-e454-46a0-81cc-bfc5d3db6825
[2026-06-04 08:25:30.310] [info] QPOP: Connection aborted for d721a7ca-f393-4768-adad-c141955148bc
[2026-06-04 08:25:30.310] [info] QPOP: Connection aborted for 320d0d9e-ce89-48a5-948a-26bf3a6266b4
[2026-06-04 08:25:30.310] [info] QPOP: Connection aborted for a963feca-3ed9-4c28-8924-52715ac54f5a
[2026-06-04 08:25:30.310] [info] QPOP: Connection aborted for e9a1f25c-801e-4539-992d-bcb9a1ce380d
[2026-06-04 08:25:30.310] [info] QPOP: Connection aborted for 5d14b5d5-469d-4f55-b24e-d145fe63a228
[2026-06-04 08:25:30.310] [info] QPOP: Connection aborted for b03f9b93-3c06-47c8-b5b4-cd2dcf445b67
[2026-06-04 08:25:30.310] [info] QPOP: Connection aborted for 0c6ca110-f336-4c87-8c75-ab3ad9ea48bc
[2026-06-04 08:25:30.310] [info] QPOP: Connection aborted for ebd0c654-f542-45e4-832b-d5d6796641e8
[2026-06-04 08:25:30.311] [info] QPOP: Connection aborted for 2527c8a4-6554-45da-a06c-5739f49c7dd3
[2026-06-04 08:25:30.311] [info] QPOP: Connection aborted for d8e37ada-20f2-4243-98d2-4265d7fe24bc
[2026-06-04 08:25:30.311] [info] QPOP: Connection aborted for d9aacb75-9204-4716-8cc7-21cebe9fb505
[2026-06-04 08:25:30.311] [info] QPOP: Connection aborted for 6a7a20d3-46cf-4568-9a63-6451942055e0
[2026-06-04 08:25:30.311] [info] QPOP: Connection aborted for 7286c5e2-efa9-494d-b14e-75f6b888b7ed
[2026-06-04 08:25:30.311] [info] QPOP: Connection aborted for 347b0176-c3e0-4439-8b88-d428eeb0152a
[2026-06-04 08:25:30.311] [info] QPOP: Connection aborted for e1a5e0c7-fce4-48ea-99be-24ec3da03418
[2026-06-04 08:25:30.311] [info] QPOP: Connection aborted for 61c1d393-f4a2-4490-aa3e-6e252c7a8f86
[2026-06-04 08:25:30.311] [info] QPOP: Connection aborted for e570f496-3a7d-4603-b69f-bce855faa730
[2026-06-04 08:25:30.311] [info] QPOP: Connection aborted for 6f37047f-3cb3-47ee-9a07-e9a6e6baf21a
[2026-06-04 08:25:30.311] [info] QPOP: Connection aborted for 35649450-ff72-46da-91f9-2806e037bc65
[2026-06-04 08:25:30.317] [info] QPOP: Connection aborted for 0f6e72a6-de98-4836-bb0b-097c1cbd3fc6
[2026-06-04 08:25:30.317] [info] QPOP: Connection aborted for 00e58088-eeba-4a97-930a-8b68500c22bd
[2026-06-04 08:25:30.317] [info] QPOP: Connection aborted for 8dfa39de-e7bb-46c0-a1b8-a3cbdfc6c09f
[2026-06-04 08:25:30.317] [info] QPOP: Connection aborted for 48b41d36-3c83-4c99-b007-a176ed820bc3
[2026-06-04 08:25:30.317] [info] QPOP: Connection aborted for 34b18c43-e315-4bed-b7a2-0ba542ff0a7f
[2026-06-04 08:25:30.317] [info] QPOP: Connection aborted for 96c7de7e-cb7c-4a64-a596-33dcc2070fe3
[2026-06-04 08:25:30.317] [info] QPOP: Connection aborted for 8f366c89-3d95-4568-b135-29890daf4df9
[2026-06-04 08:25:30.317] [info] QPOP: Connection aborted for a0ba1741-dae1-4f34-908f-271f7a3734ac
[2026-06-04 08:25:30.318] [info] QPOP: Connection aborted for b2150630-ba25-4bb4-b494-4b8587758d26
[2026-06-04 08:25:30.318] [info] QPOP: Connection aborted for ca2ee3ad-2344-4b38-af06-d7a66c906e6e
[2026-06-04 08:25:30.318] [info] QPOP: Connection aborted for 778179ac-ab60-4f44-add4-205230fbf06d
[2026-06-04 08:25:30.318] [info] QPOP: Connection aborted for 0c78c0ca-db20-41d9-8c64-26948ee360e5
[2026-06-04 08:25:30.318] [info] QPOP: Connection aborted for 514fa99e-d0aa-4c06-96a0-3f7825a448d4
[2026-06-04 08:25:30.318] [info] QPOP: Connection aborted for 95609391-ca3e-4a09-9c5f-18ff27b18745
[2026-06-04 08:25:30.318] [info] QPOP: Connection aborted for 3accaa23-5912-4a75-a102-8718065cd172
[2026-06-04 08:25:30.318] [info] QPOP: Connection aborted for ad0e1402-1d88-486d-8590-5cc4be95a4fd
[2026-06-04 08:25:30.318] [info] QPOP: Connection aborted for 48c8fb50-41ac-4a50-b431-931c8c84864c
[2026-06-04 08:25:30.318] [info] QPOP: Connection aborted for c62ed72f-57c4-40bb-abcd-d26b68750d8b
[2026-06-04 08:25:30.318] [info] QPOP: Connection aborted for 77ba212d-86e0-4857-801a-44fb373ccac9
[2026-06-04 08:25:30.319] [info] QPOP: Connection aborted for 122ad530-b025-425b-9b02-ee912ec7f9ab
[2026-06-04 08:25:30.319] [info] QPOP: Connection aborted for c80f3bd9-4114-424d-92fe-f89688e99aaa
[2026-06-04 08:25:30.319] [info] QPOP: Connection aborted for 2b8b6fe5-c5f6-48a9-92b8-378013d045d1
[2026-06-04 08:25:30.319] [info] QPOP: Connection aborted for 1fee373c-3ada-4692-94b4-0ca8b24730e1
[2026-06-04 08:25:30.319] [info] QPOP: Connection aborted for d792661a-b42b-4ad0-a19e-7170eaed48e3
[2026-06-04 08:25:30.319] [info] QPOP: Connection aborted for de32f9a3-0c54-4973-a244-aca7ac769a60
[2026-06-04 08:25:30.319] [info] QPOP: Connection aborted for f716762e-bba6-4f4e-8b87-2ca431fd77a9
[2026-06-04 08:25:30.319] [info] QPOP: Connection aborted for aeca4189-75fb-4fb6-ab5d-cabc475f2679
[2026-06-04 08:25:30.319] [info] QPOP: Connection aborted for d332a71a-9c63-4029-9a7e-569da05b81ad
[2026-06-04 08:25:30.319] [info] QPOP: Connection aborted for be226cbd-43e1-45f8-918a-5c40162941a7
[2026-06-04 08:25:30.319] [info] QPOP: Connection aborted for d25b2f6f-828f-4832-a403-0dc1914461df
[2026-06-04 08:25:30.319] [info] QPOP: Connection aborted for ecefd8db-b79c-4d45-88d7-eb8628b46033
[2026-06-04 08:25:30.319] [info] QPOP: Connection aborted for 8815f00f-d291-453f-a799-e3dfdb3d101e
[2026-06-04 08:25:30.319] [info] QPOP: Connection aborted for a2300270-9907-4697-801a-515bcf45ad66
[2026-06-04 08:25:30.319] [info] QPOP: Connection aborted for 1bd10ce3-4a6e-4b91-b203-da046db235fd
[2026-06-04 08:25:30.319] [info] QPOP: Connection aborted for fbfce44a-1a59-4501-bf45-a89bea278864
[2026-06-04 08:25:30.319] [info] QPOP: Connection aborted for 688b3a94-cfc6-4785-a33d-73d7d399d913
[2026-06-04 08:25:30.319] [info] QPOP: Connection aborted for d5b7cb1a-a5ee-405d-a7ed-96651ee6a5fc
[2026-06-04 08:25:30.319] [info] QPOP: Connection aborted for ba8e34e3-8692-4a39-b6b1-a8aff4776d35
[2026-06-04 08:25:30.319] [info] QPOP: Connection aborted for 4c30941e-f96f-4554-8dbf-2c5056aee263
[2026-06-04 08:25:30.319] [info] QPOP: Connection aborted for 5ca69251-6da8-4a89-9c05-ffdac7d5dbb5
[2026-06-04 08:25:30.319] [info] QPOP: Connection aborted for da9f7434-36e6-41ef-a5f8-5da4ec377115
[2026-06-04 08:25:30.319] [info] QPOP: Connection aborted for 369ef7e3-3ace-458d-9d80-6642767f9073
[2026-06-04 08:25:30.319] [info] QPOP: Connection aborted for a5a78eb9-efe8-416e-aa6f-429cca61a66a
[2026-06-04 08:25:30.319] [info] QPOP: Connection aborted for 7d2108f1-0fdf-4afd-81d6-f6b5a3f2c05d
[2026-06-04 08:25:30.319] [info] QPOP: Connection aborted for c07d0583-dcad-41d9-b331-042156a9cb6d
[2026-06-04 08:25:30.319] [info] QPOP: Connection aborted for 1aeca33a-451b-4939-bc0b-e0865f616601
[2026-06-04 08:25:30.319] [info] QPOP: Connection aborted for 8eb6f7fe-1d06-4205-bd9e-c3bb9f2ce913
[2026-06-04 08:25:30.319] [info] QPOP: Connection aborted for 70fb31ca-1f04-4ae6-9564-1c335906776d
[2026-06-04 08:25:30.319] [info] QPOP: Connection aborted for c3618960-533c-419c-9190-e00304caebe3
[2026-06-04 08:25:30.320] [info] QPOP: Connection aborted for 1ebac0e9-60ac-4542-a13a-4510de281f18
[2026-06-04 08:25:30.320] [info] QPOP: Connection aborted for 4ac3d476-eeed-4e3a-970d-856950fcbf97
[2026-06-04 08:25:30.320] [info] QPOP: Connection aborted for e5534d4d-dd63-4230-8919-172a48023c62
[2026-06-04 08:25:30.320] [info] QPOP: Connection aborted for 2fa2c5e9-a4a3-4ad0-a43f-54905b5dea85
[2026-06-04 08:25:30.319] [info] QPOP: Connection aborted for ab0cc6d2-3096-4c0e-ad03-2c97d8ff2a9d
[2026-06-04 08:25:30.319] [info] QPOP: Connection aborted for df30a893-a66e-464e-8f1c-d6beec5eef92
[2026-06-04 08:25:30.319] [info] QPOP: Connection aborted for bc56fa8c-6085-427b-b904-660ab99fc5df
[2026-06-04 08:25:30.319] [info] QPOP: Connection aborted for 2b5a452f-e64e-4b6b-974a-d4761164cc31
[2026-06-04 08:25:30.320] [info] QPOP: Connection aborted for 6ad414de-93ec-4808-b1c5-14b9ad086f43
[2026-06-04 08:25:30.319] [info] QPOP: Connection aborted for 0dc54cf4-f2ed-4318-80a8-fae1f8ac9968
[2026-06-04 08:25:30.320] [info] QPOP: Connection aborted for b59290e1-91ea-4847-b9bd-9bcbd5101a0c
[2026-06-04 08:25:30.320] [info] QPOP: Connection aborted for 2c32071d-b7de-4f32-a11f-25be8df2da0e
[2026-06-04 08:25:30.320] [info] QPOP: Connection aborted for 96fb36ac-fe1b-4136-a509-a0491d9537d0
[2026-06-04 08:25:30.319] [info] QPOP: Connection aborted for f19e0db5-92c3-4e78-9829-2c8cb2036939
[2026-06-04 08:25:30.320] [info] QPOP: Connection aborted for 9900334a-714d-46c4-87f9-f96844e0dfd1
[2026-06-04 08:25:30.320] [info] QPOP: Connection aborted for 517ef59f-e7b8-428c-9abd-ce09d7abea2e
[2026-06-04 08:25:30.321] [info] QPOP: Connection aborted for 1eed34e7-7b33-4313-898b-7d6b9d05f0c7
[2026-06-04 08:25:30.321] [info] QPOP: Connection aborted for 104099ad-4a85-49df-84a6-2aa1cd3778f7
[2026-06-04 08:25:30.321] [info] QPOP: Connection aborted for 15c978fd-54fe-484f-89b4-da06a2841eb0
[2026-06-04 08:25:30.320] [info] QPOP: Connection aborted for 293929de-4e0f-4b38-9221-9ea33f734b85
[2026-06-04 08:25:30.321] [info] QPOP: Connection aborted for a56bc976-142a-4def-87ec-8d6c755b3449
[2026-06-04 08:25:30.321] [info] QPOP: Connection aborted for be5ad6ff-73a3-4ce6-b2ab-7bd6e1750f01
[2026-06-04 08:25:30.321] [info] QPOP: Connection aborted for 0c9ad3ef-96ce-479d-978d-0e51076946fc
[2026-06-04 08:25:30.321] [info] QPOP: Connection aborted for c53615fd-45d6-43bd-822e-2e49fac96890
[2026-06-04 08:25:30.321] [info] QPOP: Connection aborted for 4ba6b874-3aa2-4140-8465-fdbe282d21c9
[2026-06-04 08:25:30.321] [info] QPOP: Connection aborted for 259dff07-6765-4481-9f1c-cda5f4423ff2
[2026-06-04 08:25:30.321] [info] QPOP: Connection aborted for 332b627f-fc6a-4f5c-a63b-c1f14a1902f5
[2026-06-04 08:25:30.321] [info] QPOP: Connection aborted for 6449c1b1-ff24-4476-8533-9c1db8ea0080
[2026-06-04 08:25:30.321] [info] QPOP: Connection aborted for 0721085f-fb2b-4b81-a5c9-a51d7e71631f
[2026-06-04 08:25:30.321] [info] QPOP: Connection aborted for 93cf05b4-f6f6-4545-b1c7-3aa3d0a23b22
[2026-06-04 08:25:30.321] [info] QPOP: Connection aborted for 30c59693-4860-4ce9-8d89-9bdaaec81319
[2026-06-04 08:25:30.321] [info] QPOP: Connection aborted for 2c4c1c33-3474-4bed-ba90-8c399da02f11
[2026-06-04 08:25:30.321] [info] QPOP: Connection aborted for 8b9bf64d-198c-4ab1-9f48-fed7a95da61e
[2026-06-04 08:25:30.321] [info] QPOP: Connection aborted for 773dd586-4f01-4d92-af06-ed8948756356
[2026-06-04 08:25:30.322] [info] QPOP: Connection aborted for df0b8c3e-b7bd-47f5-8eff-c3930e5acef0
[2026-06-04 08:25:30.322] [info] QPOP: Connection aborted for 0cff5a27-e64c-43cf-aca0-0bf69ad3da60
[2026-06-04 08:25:30.322] [info] QPOP: Connection aborted for d2854be1-ae32-4a95-8248-acacd6ab04d3
[2026-06-04 08:25:30.322] [info] QPOP: Connection aborted for dd1654a4-baf0-4c4f-944c-7ec4fe8ce26a
[2026-06-04 08:25:30.322] [info] QPOP: Connection aborted for 50489a6c-8bb9-410b-bbeb-f507f8f064c4
[2026-06-04 08:25:30.322] [info] QPOP: Connection aborted for 2a31ec8d-1308-4216-8444-a44dd41702a8
[2026-06-04 08:25:30.322] [info] QPOP: Connection aborted for 2572a949-4dd2-4282-88f4-72925be30e6e
[2026-06-04 08:25:30.322] [info] QPOP: Connection aborted for 2083e988-82ce-4f65-b4c0-65df87109484
[2026-06-04 08:25:30.322] [info] QPOP: Connection aborted for e136a950-315f-4a37-b76b-c73b3f7c0246
[2026-06-04 08:25:30.322] [info] QPOP: Connection aborted for 1ea8a88d-3509-49c6-afdc-5193540d7ebf
[2026-06-04 08:25:30.322] [info] QPOP: Connection aborted for b80b0a7a-6080-4761-8d4a-f95396ccf60c
[2026-06-04 08:25:30.322] [info] QPOP: Connection aborted for f42b16a4-b1a0-4b26-a314-b40099475782
[2026-06-04 08:25:30.322] [info] QPOP: Connection aborted for a0d5ee3c-f5ad-4eb7-a2b1-6e9903b46127
[2026-06-04 08:25:30.322] [info] QPOP: Connection aborted for dd9e41e4-906d-400f-b585-f786bc3e57c0
[2026-06-04 08:25:30.327] [info] QPOP: Connection aborted for f87d1642-bdfa-405c-abfe-66cf73127e62
[2026-06-04 08:25:30.328] [info] QPOP: Connection aborted for d787b714-67ef-4c39-801a-5f7571a9236f
[2026-06-04 08:25:30.328] [info] QPOP: Connection aborted for 9ec5a06c-270a-454b-93f2-ad384eadca5d
[2026-06-04 08:25:30.328] [info] QPOP: Connection aborted for 57ea083c-98c9-4b0d-b759-f9b27d42099d
[2026-06-04 08:25:30.328] [info] QPOP: Connection aborted for 7e16be95-9c93-45a5-aade-961b1275ca19
[2026-06-04 08:25:30.328] [info] QPOP: Connection aborted for 9f2ac1fc-59bf-476c-afd7-ca8969081420
[2026-06-04 08:25:30.328] [info] QPOP: Connection aborted for d32c03c3-e05c-437b-84af-c9174fd53388
[2026-06-04 08:25:30.328] [info] QPOP: Connection aborted for b4b640be-81c0-4be2-9beb-8381c9981a3a
[2026-06-04 08:25:30.328] [info] QPOP: Connection aborted for 3a0ca337-2cc1-416f-982f-b7961dd51c33
[2026-06-04 08:25:30.328] [info] QPOP: Connection aborted for 142f1c1e-88de-405c-b096-51862a44630c
[2026-06-04 08:25:30.329] [info] QPOP: Connection aborted for 09011ada-86d1-4568-89cd-36beb6a7df4b
[2026-06-04 08:25:30.329] [info] QPOP: Connection aborted for d92b2084-48ce-4d43-9b91-ac98f8e036aa
[2026-06-04 08:25:30.329] [info] QPOP: Connection aborted for c5a7f889-25d5-4665-8f75-76d2ee05d366
[2026-06-04 08:25:30.329] [info] QPOP: Connection aborted for 9faf269d-f265-40bf-b6e8-a5a41a7239d0
[2026-06-04 08:25:30.329] [info] QPOP: Connection aborted for 666f6d72-c504-442d-b358-844bbd3bb7b0
[2026-06-04 08:25:30.329] [info] QPOP: Connection aborted for ace8b0d3-fa1e-4491-a015-635421d268dd
[2026-06-04 08:25:30.329] [info] QPOP: Connection aborted for b6ed0517-876c-48eb-bd4a-8d1d61aa931f
[2026-06-04 08:25:30.329] [info] QPOP: Connection aborted for e82abf94-cc83-41e0-b3cd-a11fec826434
[2026-06-04 08:25:30.329] [info] QPOP: Connection aborted for 361e87a9-d6d4-4725-b7a9-31b335de46ca
[2026-06-04 08:25:30.329] [info] QPOP: Connection aborted for 659afda2-b855-40f5-b710-366c274110bd
[2026-06-04 08:25:30.329] [info] QPOP: Connection aborted for 2ec0a3ea-a8b9-4bc5-b756-a7a8ff8a8bc0
[2026-06-04 08:25:30.329] [info] QPOP: Connection aborted for 5f707111-264e-4f13-b6cb-05739580d55a
[2026-06-04 08:25:30.329] [info] QPOP: Connection aborted for c898dc40-c44a-4c94-b3c6-4bb105f0718a
[2026-06-04 08:25:30.329] [info] QPOP: Connection aborted for 61e5e319-a4e7-4c88-9087-848e88d1ebf8
[2026-06-04 08:25:30.329] [info] QPOP: Connection aborted for db9792e2-7019-495d-b346-ca8a497248dd
[2026-06-04 08:25:30.329] [info] QPOP: Connection aborted for 9e30a5b4-d336-4161-ad8b-b96b4af6ccc4
[2026-06-04 08:25:30.329] [info] QPOP: Connection aborted for 7b0079bf-f9c2-408f-ab45-6a05987919a7
[2026-06-04 08:25:30.330] [info] QPOP: Connection aborted for 1fa92bef-47c3-4682-b2a6-29e1c5ad7c55
[2026-06-04 08:25:30.330] [info] QPOP: Connection aborted for 6cd3327b-7774-4963-a659-f86e48b61410
[2026-06-04 08:25:30.330] [info] QPOP: Connection aborted for 0885e524-0ad2-4f5a-9f63-9153669531eb
[2026-06-04 08:25:30.330] [info] QPOP: Connection aborted for e07b556f-ca42-4314-8cc1-71c48eabaed4
[2026-06-04 08:25:30.330] [info] QPOP: Connection aborted for a6b5b485-f569-42ad-bc59-a34619e434a4
[2026-06-04 08:25:30.330] [info] QPOP: Connection aborted for 82f4f5a9-11b5-49bc-990a-4476c9f6624a
[2026-06-04 08:25:30.330] [info] QPOP: Connection aborted for 5fec878a-e3cb-4209-b6b9-ec2967548b4a
[2026-06-04 08:25:30.330] [info] QPOP: Connection aborted for eab78bdc-80f4-4dd7-9fce-8c9eb30035f9
[2026-06-04 08:25:30.332] [info] QPOP: Connection aborted for 09a4fbf3-9434-4818-abca-8e4499cea841
[2026-06-04 08:25:30.332] [info] QPOP: Connection aborted for dc1f0439-6dfc-43cb-a553-1d278a0043de
[2026-06-04 08:25:30.332] [info] QPOP: Connection aborted for 2940041f-bede-4066-9409-a91253969753
[2026-06-04 08:25:30.332] [info] QPOP: Connection aborted for 74b72902-b133-4b1a-9251-37a773179326
[2026-06-04 08:25:30.332] [info] QPOP: Connection aborted for 832f144b-034e-45b7-8da8-7a3ed0d4b6d7
[2026-06-04 08:25:30.332] [info] QPOP: Connection aborted for e8f350fe-8b12-4e32-af2f-eaa6ecc8ab8c
[2026-06-04 08:25:30.332] [info] QPOP: Connection aborted for d3322b1f-fd3d-44e6-baf9-85ebc3e94cf8
[2026-06-04 08:25:30.332] [info] QPOP: Connection aborted for 3f8af701-1223-4c1a-8cd7-56671ba35397
[2026-06-04 08:25:30.335] [info] QPOP: Connection aborted for b14ac923-6209-404d-bc6a-f9ca2e883828
[2026-06-04 08:25:30.335] [info] QPOP: Connection aborted for a3262c2f-97e0-4e24-800c-56c3051c1548
[2026-06-04 08:25:30.335] [info] QPOP: Connection aborted for 7028c5b3-de06-4984-b6e3-0f703bfd6dc6
[2026-06-04 08:25:30.335] [info] QPOP: Connection aborted for 36e41ea9-26fb-4a57-99a3-b1aae6c774de
[2026-06-04 08:25:30.335] [info] QPOP: Connection aborted for e25707e5-ed6b-4a89-8bff-28afea94b7c3
[2026-06-04 08:25:30.335] [info] QPOP: Connection aborted for e8d3cd70-9ecc-45a0-91aa-a138981f5c49
[2026-06-04 08:25:30.365] [info] QPOP: Connection aborted for e69c783a-48a3-412a-b698-2ef5980bf3c8
[2026-06-04 08:25:30.365] [info] QPOP: Connection aborted for cbf417ed-15a8-4a93-8019-1e160da5aa04
[2026-06-04 08:25:30.365] [info] QPOP: Connection aborted for 6cd9c5ac-6217-4b05-abae-c1bfdf1a2ecb
[2026-06-04 08:25:30.365] [info] QPOP: Connection aborted for f8ea695f-fd3e-40ac-9af5-ab5486cd0446
[2026-06-04 08:25:30.365] [info] QPOP: Connection aborted for 3e3bb0d8-8694-45b8-9474-45af4668fdf3
[2026-06-04 08:25:30.365] [info] QPOP: Connection aborted for c11f3a4f-6872-434e-a204-e414e8281b9e
[2026-06-04 08:25:30.365] [info] QPOP: Connection aborted for 544eff13-11e0-41fa-8899-912b4068f085
[2026-06-04 08:25:30.365] [info] QPOP: Connection aborted for 1ae2013c-8901-43bd-8be7-6dec531e84be
[2026-06-04 08:25:30.365] [info] QPOP: Connection aborted for 099f80b0-0ad7-4ee1-8b26-85c020a457b7
[2026-06-04 08:25:30.365] [info] QPOP: Connection aborted for 772e45b4-1c35-4a18-b305-9704039b8b3c
[2026-06-04 08:25:30.365] [info] QPOP: Connection aborted for abc98c88-d8ea-4839-82bb-3ec72251a816
[2026-06-04 08:25:30.365] [info] QPOP: Connection aborted for 7e3da3c4-eb2f-4e3f-9624-acbfde76be5d
[2026-06-04 08:25:30.365] [info] QPOP: Connection aborted for 7b9ba55c-b1d7-4759-8b60-f70efeef2be2
[2026-06-04 08:25:30.365] [info] QPOP: Connection aborted for 2123ff89-2f46-422f-86c9-31b9d98110a3
[2026-06-04 08:25:30.365] [info] QPOP: Connection aborted for 06dbaf47-66ba-4457-ae23-fb31bf68eaf7
[2026-06-04 08:25:30.365] [info] QPOP: Connection aborted for 78f626a8-11e2-4bd9-9661-6117df240525
[2026-06-04 08:25:30.365] [info] QPOP: Connection aborted for b202a483-4e47-4ff4-beca-b92bb7291586
[2026-06-04 08:25:30.365] [info] QPOP: Connection aborted for cbe7d547-df0b-4058-8e9f-37351aa6b320
[2026-06-04 08:25:30.365] [info] QPOP: Connection aborted for 9bf03106-510f-49c7-9673-becb5f007c94
[2026-06-04 08:25:30.365] [info] QPOP: Connection aborted for 7615b6ac-69db-4dd5-a78b-f6665052fe0b
[2026-06-04 08:25:30.365] [info] QPOP: Connection aborted for 17ccc8b6-1343-4054-b63c-a03596bcd57f
[2026-06-04 08:25:30.365] [info] QPOP: Connection aborted for 205ef351-6143-45c5-9559-f1682e0da925
[2026-06-04 08:25:30.366] [info] QPOP: Connection aborted for 6ddb67c8-0fb0-4beb-942c-e2f3f00cfc8f
[2026-06-04 08:25:30.366] [info] QPOP: Connection aborted for a6e0bf52-38ae-4146-a4c5-69a34533ce1e
[2026-06-04 08:25:30.366] [info] QPOP: Connection aborted for 06ed77ea-6ce4-4f42-8bdc-27aaff5a066d
[2026-06-04 08:25:30.366] [info] QPOP: Connection aborted for d2cf72b8-b3ef-490b-8f94-34fa693037ce
[2026-06-04 08:25:30.366] [info] QPOP: Connection aborted for 6fb05aee-fcb7-407b-88a6-3e747b0cd97c
[2026-06-04 08:25:30.366] [info] QPOP: Connection aborted for e18ddf7a-10c1-4569-9763-c939528215d6
[2026-06-04 08:25:30.366] [info] QPOP: Connection aborted for 77c6ca6c-dc0b-492e-8c76-b018dc99379a
[2026-06-04 08:25:30.366] [info] QPOP: Connection aborted for c11568a0-6b56-4cd4-ac7f-e419e7a4d975
[2026-06-04 08:25:30.366] [info] QPOP: Connection aborted for 1f9b1e67-8ca0-43ae-80cd-1ed322569d61
[2026-06-04 08:25:30.366] [info] QPOP: Connection aborted for d3c5173e-e28f-4e4f-8aeb-7f6b1e4012fd
[2026-06-04 08:25:30.366] [info] QPOP: Connection aborted for 00144f86-f1b8-4d46-98af-496f1508c7d4
[2026-06-04 08:25:30.366] [info] QPOP: Connection aborted for 0821305a-b2bb-4b1e-a7a2-c204207fe01a
[2026-06-04 08:25:30.366] [info] QPOP: Connection aborted for 7e70d7ae-265a-407a-8490-40e61445db2f
[2026-06-04 08:25:30.366] [info] QPOP: Connection aborted for 9858910e-f8c4-4e02-b79b-46f712a6fe2d
[2026-06-04 08:25:30.366] [info] QPOP: Connection aborted for 9275319d-2fe2-4cd2-af8d-3d0deed1c547
[2026-06-04 08:25:30.366] [info] QPOP: Connection aborted for 9fb40a7c-9d75-4258-8a78-9e6576fe2804
[2026-06-04 08:25:30.366] [info] QPOP: Connection aborted for c450cc35-2ca4-4d95-8a62-fdb4f636d261
[2026-06-04 08:25:30.366] [info] QPOP: Connection aborted for 74010b46-7e7f-48a3-af99-bbd13c344b1a
[2026-06-04 08:25:30.366] [info] QPOP: Connection aborted for 33ff5a73-3eff-440c-ac78-d381f6600731
[2026-06-04 08:25:30.366] [info] QPOP: Connection aborted for 4262a2f6-54bb-47f1-9b24-17034db2638d
[2026-06-04 08:25:30.366] [info] QPOP: Connection aborted for 44de51f0-2f8b-403e-a7cf-38070b23dcce
[2026-06-04 08:25:30.366] [info] QPOP: Connection aborted for 3d0171f6-dd3a-42aa-ae6d-73c8c15e7dcd
[2026-06-04 08:25:30.366] [info] QPOP: Connection aborted for fc8ecdec-956c-4d14-88a5-56a9d34870f5
[2026-06-04 08:25:30.366] [info] QPOP: Connection aborted for c48d97d8-e012-43f6-8ff2-8371b95d71b1
[2026-06-04 08:25:30.366] [info] QPOP: Connection aborted for 14c41126-dd7a-4c6a-8857-3c8172598a33
[2026-06-04 08:25:30.366] [info] QPOP: Connection aborted for 055eaf3c-8945-4373-b5a4-b43f84dad41a
[2026-06-04 08:25:30.366] [info] QPOP: Connection aborted for a117da07-ce29-4d7b-93e4-6542e77f29ba
[2026-06-04 08:25:30.366] [info] QPOP: Connection aborted for cb1e462e-3285-406a-981e-0ad4d514cdb6
[2026-06-04 08:25:30.366] [info] QPOP: Connection aborted for d9661522-9a88-42ba-ab6d-2beaae256dda
[2026-06-04 08:25:30.366] [info] QPOP: Connection aborted for d1bc91b8-3940-4b28-952f-ef643baf2294
[2026-06-04 08:25:30.366] [info] QPOP: Connection aborted for e4584f3d-16d1-4357-8389-40d487c3ce31
[2026-06-04 08:25:30.366] [info] QPOP: Connection aborted for 661d27d9-3f92-4505-bbf7-558d42351d50
[2026-06-04 08:25:30.366] [info] QPOP: Connection aborted for 1c042a96-0181-4e8f-b882-dbf512f31515
[2026-06-04 08:25:30.366] [info] QPOP: Connection aborted for 1add5097-37bd-4c59-89ec-b4af2466df56
[2026-06-04 08:25:30.366] [info] QPOP: Connection aborted for 08e882fd-d1e5-4005-91c2-1c02582e7107
[2026-06-04 08:25:30.366] [info] QPOP: Connection aborted for 2fab64a8-d9ff-4311-89fe-93c678ab7f55
[2026-06-04 08:25:30.366] [info] QPOP: Connection aborted for 61e7c789-2a68-4cdb-9867-1a4479ed09d5
[2026-06-04 08:25:30.366] [info] QPOP: Connection aborted for d5470a0c-51b5-4bdb-8f62-31ccef5c05c2
[2026-06-04 08:25:30.366] [info] QPOP: Connection aborted for 0e5fef76-990b-4b11-b824-e907ca7fe64f
[2026-06-04 08:25:30.366] [info] QPOP: Connection aborted for 2e8fef78-d7a3-4944-89dd-ae24b72c460e
[2026-06-04 08:25:30.366] [info] QPOP: Connection aborted for 29b997c7-06ed-4e36-a742-499a8b018349
[2026-06-04 08:25:30.366] [info] QPOP: Connection aborted for f80f5c32-02aa-44fe-83c5-03c353ee9ebe
[2026-06-04 08:25:30.366] [info] QPOP: Connection aborted for 51d45d07-56cf-450f-94b1-6232442ad51e
[2026-06-04 08:25:30.366] [info] QPOP: Connection aborted for 44ad49a7-8f23-4bdc-b5d5-8c8fe2b9abc3
[2026-06-04 08:25:30.366] [info] QPOP: Connection aborted for 27f36255-a5ae-48dc-a1d0-74e1412ed436
[2026-06-04 08:25:30.366] [info] QPOP: Connection aborted for 961bce06-093e-462c-ab82-944ed87ac118
[2026-06-04 08:25:30.366] [info] QPOP: Connection aborted for 31892c4d-11e4-47c4-99ff-fde5524ba0c1
[2026-06-04 08:25:30.366] [info] QPOP: Connection aborted for e68c26be-d01c-44fd-b426-b7b921208397
[2026-06-04 08:25:30.366] [info] QPOP: Connection aborted for b61ba179-f929-4eb7-866e-a2832ec622d0
[2026-06-04 08:25:30.366] [info] QPOP: Connection aborted for a1c4ffc9-4903-4094-a92a-1a0a9dc92f6a
[2026-06-04 08:25:30.366] [info] QPOP: Connection aborted for 3647a424-5e95-46b9-af11-b9f569be7fff
[2026-06-04 08:25:30.366] [info] QPOP: Connection aborted for 7cd7ee6a-eb33-4c4a-b356-a0ddf23d541b
[2026-06-04 08:25:30.366] [info] QPOP: Connection aborted for 04f103f5-1fc3-4029-9f1f-cbef56b2ebb5
[2026-06-04 08:25:30.366] [info] QPOP: Connection aborted for 98eb4559-7a4c-4e4a-a450-0469b49d2208
[2026-06-04 08:25:30.366] [info] QPOP: Connection aborted for c3fa5437-5e7e-48eb-9d23-c21e0e6682db
[2026-06-04 08:25:30.367] [info] QPOP: Connection aborted for ae053764-a578-4020-bf46-04cfd4f2e4e6
[2026-06-04 08:25:30.367] [info] QPOP: Connection aborted for 41f1d5d5-7114-40e9-b356-aa0fa210c8fa
[2026-06-04 08:25:30.367] [info] QPOP: Connection aborted for 98c4d672-206f-4af8-8b79-4d1d65ef2c54
[2026-06-04 08:25:30.367] [info] QPOP: Connection aborted for 6a71a517-e642-4c8c-9802-9f4b9acc309a
[2026-06-04 08:25:30.367] [info] QPOP: Connection aborted for 17a9f065-2bbc-4248-a05f-9bc1b7aa1131
[2026-06-04 08:25:30.367] [info] QPOP: Connection aborted for d88bf45e-a271-4281-a8e5-427f7ad9f48f
[2026-06-04 08:25:30.367] [info] QPOP: Connection aborted for 4ff0839a-c3f4-4d8c-b003-63ff5fa7bac2
[2026-06-04 08:25:30.367] [info] QPOP: Connection aborted for 7c33994b-222d-4984-b314-652f998d8077
[2026-06-04 08:25:30.367] [info] QPOP: Connection aborted for aa148cf6-d15f-4c46-83fd-27de932a7ecf
[2026-06-04 08:25:30.367] [info] QPOP: Connection aborted for c72d4925-c921-4683-8968-1a5c7bc88649
[2026-06-04 08:25:30.367] [info] QPOP: Connection aborted for 7374806b-5950-4d08-baf6-3bbe219bbc0a
[2026-06-04 08:25:30.367] [info] QPOP: Connection aborted for 90d17261-4df5-4fb7-95b2-9353aef21b64
[2026-06-04 08:25:30.367] [info] QPOP: Connection aborted for 907d3f80-c4e3-4eca-aa2a-12ad3fa328a2
[2026-06-04 08:25:30.367] [info] QPOP: Connection aborted for 03e56939-baf4-4084-bca8-9673914715b4
[2026-06-04 08:25:30.368] [info] QPOP: Connection aborted for 9e805c88-dcc2-40b9-a717-dd796705cf45
[2026-06-04 08:25:30.368] [info] QPOP: Connection aborted for 92573fad-e3dc-44d1-8d97-b4f881c5caef
[2026-06-04 08:25:30.368] [info] QPOP: Connection aborted for 9daed273-49c3-4295-93ba-ca04be30118f
[2026-06-04 08:25:30.368] [info] QPOP: Connection aborted for 23096cc9-e97e-4048-a95e-db0bba37babc
[2026-06-04 08:25:30.368] [info] QPOP: Connection aborted for 671795e7-79aa-4297-bed0-7502dd0f8d00
[2026-06-04 08:25:30.368] [info] QPOP: Connection aborted for 9ef4e720-6bbb-455a-b125-658fee96a1bc
[2026-06-04 08:25:30.992] [info] [Worker 7] [libqueen] push(q=5 f=0/24 p99rtt=41ms) pop(q=0 f=0/16 p99rtt=259ms) custom(q=0 f=0/1 p99rtt=12ms) slots=25/25 jobs/s=719 drains=155411 evl=0ms
[2026-06-04 08:25:31.003] [info] [Worker 8] [libqueen] push(q=5 f=0/24 p99rtt=41ms) pop(q=0 f=0/16 p99rtt=238ms) custom(q=0 f=0/1 p99rtt=11ms) slots=25/25 jobs/s=713 drains=156073 evl=0ms
[2026-06-04 08:25:31.007] [info] [Worker 4] [libqueen] push(q=0 f=1/24 p99rtt=40ms) pop(q=0 f=0/16 p99rtt=267ms) custom(q=0 f=0/1 p99rtt=12ms) slots=24/25 jobs/s=710 drains=158120 evl=0ms
[2026-06-04 08:25:31.013] [info] [Worker 5] [libqueen] push(q=0 f=1/24 p99rtt=40ms) pop(q=0 f=0/16 p99rtt=255ms) custom(q=0 f=0/1 p99rtt=10ms) slots=24/25 jobs/s=673 drains=156768 evl=0ms
[2026-06-04 08:25:31.041] [info] [Worker 1] [libqueen] push(q=0 f=0/24 p99rtt=41ms) pop(q=0 f=0/16 p99rtt=258ms) custom(q=0 f=0/1 p99rtt=12ms) slots=25/25 jobs/s=672 drains=156347 evl=0ms
[2026-06-04 08:25:31.051] [info] [Worker 6] [libqueen] push(q=0 f=0/24 p99rtt=39ms) pop(q=0 f=0/16 p99rtt=278ms) custom(q=0 f=0/1 p99rtt=11ms) slots=25/25 jobs/s=661 drains=156595 evl=0ms
[2026-06-04 08:25:31.061] [info] [Worker 3] [libqueen] push(q=0 f=0/24 p99rtt=39ms) pop(q=0 f=0/16 p99rtt=272ms) custom(q=0 f=0/1 p99rtt=12ms) slots=25/25 jobs/s=661 drains=156859 evl=0ms
[2026-06-04 08:25:31.062] [info] [Worker 0] [libqueen] push(q=0 f=0/24 p99rtt=37ms) pop(q=0 f=0/16 p99rtt=267ms) custom(q=0 f=0/1 p99rtt=11ms) slots=25/25 jobs/s=670 drains=157304 evl=0ms
[2026-06-04 08:25:31.076] [info] [Worker 2] [libqueen] push(q=0 f=0/24 p99rtt=37ms) pop(q=0 f=0/16 p99rtt=259ms) custom(q=0 f=0/1 p99rtt=11ms) slots=25/25 jobs/s=624 drains=157960 evl=0ms
[2026-06-04 08:25:31.084] [info] [Worker 9] [libqueen] push(q=0 f=0/24 p99rtt=36ms) pop(q=0 f=0/16 p99rtt=272ms) custom(q=0 f=0/1 p99rtt=12ms) slots=25/25 jobs/s=655 drains=156995 evl=0ms
[2026-06-04 08:25:31.993] [info] [Worker 7] [libqueen] push(q=0 f=0/24 p99rtt=41ms) pop(q=0 f=0/16 p99rtt=259ms) custom(q=0 f=0/1 p99rtt=12ms) slots=25/25 jobs/s=18 drains=155432 evl=0ms
[2026-06-04 08:25:32.003] [info] [Worker 8] [libqueen] push(q=0 f=0/24 p99rtt=41ms) pop(q=0 f=0/16 p99rtt=238ms) custom(q=0 f=0/1 p99rtt=11ms) slots=25/25 jobs/s=12 drains=156084 evl=0ms
[2026-06-04 08:25:32.008] [info] [Worker 4] [libqueen] push(q=0 f=0/24 p99rtt=40ms) pop(q=0 f=0/16 p99rtt=267ms) custom(q=0 f=0/1 p99rtt=12ms) slots=25/25 jobs/s=12 drains=158132 evl=0ms
[2026-06-04 08:25:32.014] [info] [Worker 5] [libqueen] push(q=0 f=0/24 p99rtt=40ms) pop(q=0 f=0/16 p99rtt=255ms) custom(q=0 f=0/1 p99rtt=10ms) slots=25/25 jobs/s=12 drains=156778 evl=0ms
[2026-06-04 08:25:34.328] [info] StatsService: Running full reconciliation (stats leader, hostname=112aa6a7f2d1)
[2026-06-04 08:25:43.573] [info] StatsService: Full reconciliation complete: {"task": {"tasksUpdated": 0}, "queue": {"queuesUpdated": 1}, "system": {"systemUpdated": 1}, "cleanup": {"orphanedDeleted": 0}, "namespace": {"namespacesUpdated": 0}, "partition": {"newPartitions": 0, "partitionsUpdated": 6130, "dirtyPartitionsScanned": 10010, "partitionsSkippedByWatermark": 1}}
[2026-06-04 08:25:43.573] [info] StatsService: cycle completed in 9245ms
[2026-06-04 08:25:44.374] [info] StatsService: cycle completed in 36ms
[2026-06-04 08:25:55.386] [info] StatsService: cycle completed in 55ms
[2026-06-04 08:26:01.025] [info] [Worker 7] [libqueen] push(q=0 f=0/24 p99rtt=41ms) pop(q=0 f=0/16 p99rtt=259ms) custom(q=0 f=0/1 p99rtt=12ms) slots=25/25 jobs/s=3 drains=155436 evl=0ms
[2026-06-04 08:26:01.034] [info] [Worker 8] [libqueen] push(q=0 f=0/24 p99rtt=41ms) pop(q=0 f=0/16 p99rtt=238ms) custom(q=0 f=0/1 p99rtt=11ms) slots=25/25 jobs/s=3 drains=156088 evl=0ms
[2026-06-04 08:26:01.036] [info] [Worker 4] [libqueen] push(q=0 f=0/24 p99rtt=40ms) pop(q=0 f=0/16 p99rtt=267ms) custom(q=0 f=0/1 p99rtt=12ms) slots=25/25 jobs/s=3 drains=158136 evl=0ms
[2026-06-04 08:26:01.044] [info] [Worker 5] [libqueen] push(q=0 f=0/24 p99rtt=40ms) pop(q=0 f=0/16 p99rtt=255ms) custom(q=0 f=0/1 p99rtt=10ms) slots=25/25 jobs/s=3 drains=156782 evl=0ms
[2026-06-04 08:26:01.074] [info] [Worker 1] [libqueen] push(q=0 f=0/24 p99rtt=41ms) pop(q=0 f=0/16 p99rtt=258ms) custom(q=0 f=0/1 p99rtt=12ms) slots=25/25 jobs/s=3 drains=156351 evl=0ms
[2026-06-04 08:26:01.082] [info] [Worker 6] [libqueen] push(q=0 f=0/24 p99rtt=39ms) pop(q=0 f=0/16 p99rtt=278ms) custom(q=0 f=0/1 p99rtt=11ms) slots=25/25 jobs/s=3 drains=156599 evl=0ms
[2026-06-04 08:26:01.092] [info] [Worker 3] [libqueen] push(q=0 f=0/24 p99rtt=39ms) pop(q=0 f=0/16 p99rtt=272ms) custom(q=0 f=0/1 p99rtt=12ms) slots=25/25 jobs/s=3 drains=156863 evl=0ms
[2026-06-04 08:26:01.093] [info] [Worker 0] [libqueen] push(q=0 f=0/24 p99rtt=37ms) pop(q=0 f=0/16 p99rtt=267ms) custom(q=0 f=0/1 p99rtt=11ms) slots=25/25 jobs/s=3 drains=157308 evl=0ms
[2026-06-04 08:26:01.108] [info] [Worker 2] [libqueen] push(q=0 f=0/24 p99rtt=37ms) pop(q=0 f=0/16 p99rtt=259ms) custom(q=0 f=0/1 p99rtt=11ms) slots=25/25 jobs/s=3 drains=157964 evl=0ms
[2026-06-04 08:26:01.115] [info] [Worker 9] [libqueen] push(q=0 f=0/24 p99rtt=36ms) pop(q=0 f=0/16 p99rtt=272ms) custom(q=0 f=0/1 p99rtt=12ms) slots=25/25 jobs/s=3 drains=156999 evl=0ms
[2026-06-04 08:26:06.387] [info] StatsService: cycle completed in 55ms
