ts,cell-pg_cores,cell-pg_rss_mb,cell-broker-a_cores,cell-broker-a_rss_mb,cell-broker-b_cores,cell-broker-b_rss_mb,cell-proxy_cores,cell-proxy_rss_mb,cell-lb_cores,cell-lb_rss_mb,disk_read_mbps,disk_write_mbps,net_rx_mbps,net_tx_mbps,load1
2026-08-23T22:42:02Z,4.309,11645.7,0.632,1594.9,0.084,801.7,0.422,503.3,0.296,118.5,14.44,36.21,0.00,0.00,25.54
2026-08-23T22:42:03Z,4.786,11649.1,0.886,1595.1,0.088,801.5,0.426,502.9,0.376,118.4,18.00,27.60,0.00,0.00,25.54
2026-08-23T22:42:05Z,4.561,11658.5,0.944,1594.9,0.094,801.5,0.449,503.0,0.390,118.2,22.65,33.72,0.00,0.00,25.54
2026-08-23T22:42:06Z,4.905,11599.0,0.889,1594.9,0.087,801.5,0.426,503.0,0.354,118.4,20.89,45.33,0.00,0.00,25.54
2026-08-23T22:42:07Z,5.247,11626.4,0.882,1594.9,0.089,801.5,0.438,503.0,0.364,118.2,20.45,39.30,0.00,0.00,25.54
2026-08-23T22:42:08Z,5.204,11605.3,0.877,1594.9,0.081,801.5,0.428,503.0,0.360,118.2,16.54,35.32,0.00,0.00,26.94
2026-08-23T22:42:09Z,4.737,11608.7,0.928,1594.9,0.087,801.5,0.442,503.0,0.370,118.3,18.21,34.21,0.00,0.00,26.94
2026-08-23T22:42:10Z,4.582,11625.4,0.924,1595.2,0.084,801.5,0.444,503.1,0.376,118.2,21.86,34.12,0.00,0.00,26.94
2026-08-23T22:42:11Z,4.629,11644.1,0.955,1594.9,0.085,801.5,0.449,503.0,0.365,118.2,23.17,40.19,0.00,0.00,26.94
2026-08-23T22:42:12Z,4.757,11629.2,0.952,1594.9,0.091,801.5,0.451,499.6,0.378,118.2,23.64,37.33,0.00,0.00,26.14
2026-08-23T22:42:13Z,4.568,11619.6,0.925,1594.9,0.097,801.5,0.446,499.6,0.364,118.4,28.92,38.18,0.00,0.00,26.14
2026-08-23T22:42:14Z,4.555,11643.8,0.945,1594.8,0.096,801.5,0.446,499.6,0.370,118.2,30.52,38.40,0.00,0.00,26.14
2026-08-23T22:42:15Z,4.887,11628.8,0.902,1594.9,0.091,801.5,0.425,499.6,0.362,118.1,49.37,52.06,0.00,0.00,26.14
2026-08-23T22:42:17Z,5.284,11647.3,0.880,1594.8,0.085,801.5,0.430,499.7,0.356,118.5,201.31,26.89,0.00,0.00,26.14
2026-08-23T22:42:18Z,5.360,11625.1,0.831,1595.1,0.082,801.5,0.420,500.0,0.357,118.2,155.84,24.41,0.00,0.00,27.41
2026-08-23T22:42:19Z,4.921,11636.3,0.917,1594.9,0.080,801.5,0.459,500.1,0.385,118.3,127.55,72.21,0.00,0.00,27.41
2026-08-23T22:42:20Z,4.949,11631.3,0.965,1595.1,0.085,801.5,0.443,499.7,0.363,118.2,178.85,84.86,0.00,0.00,27.41
2026-08-23T22:42:21Z,4.624,11637.4,0.941,1594.7,0.080,801.5,0.414,499.9,0.341,118.2,163.90,166.94,0.00,0.00,27.41
2026-08-23T22:42:22Z,4.534,11647.4,0.913,1595.4,0.081,801.5,0.445,486.5,0.382,118.7,172.19,181.40,0.00,0.00,28.50
2026-08-23T22:42:23Z,4.987,11639.2,0.932,1595.1,0.089,801.5,0.444,486.2,0.371,118.4,154.01,31.05,0.00,0.00,28.50
2026-08-23T22:42:24Z,5.040,11635.5,0.931,1595.2,0.085,801.5,0.451,486.2,0.366,118.4,203.88,26.07,0.00,0.00,28.50
2026-08-23T22:42:25Z,4.877,11647.5,0.935,1595.3,0.081,801.5,0.435,486.2,0.378,118.4,209.49,100.07,0.00,0.00,28.50
2026-08-23T22:42:26Z,4.355,11632.2,0.881,1595.0,0.074,801.5,0.405,486.3,0.342,118.5,157.35,294.52,0.00,0.00,28.50
2026-08-23T22:42:27Z,5.543,11640.9,0.847,1595.0,0.081,801.5,0.396,486.4,0.356,118.5,85.31,22.47,0.00,0.00,29.18
2026-08-23T22:42:29Z,5.492,11638.4,0.873,1595.6,0.083,801.5,0.399,486.5,0.365,118.5,86.80,17.70,0.00,0.00,29.18
2026-08-23T22:42:30Z,5.235,11631.7,0.958,1595.3,0.081,801.5,0.462,486.2,0.369,118.4,121.21,19.25,0.00,0.00,29.18
2026-08-23T22:42:31Z,5.146,11646.8,0.936,1595.0,0.089,801.5,0.442,486.2,0.359,118.5,132.11,19.70,0.00,0.00,29.18
2026-08-23T22:42:32Z,5.346,11623.4,0.934,1595.3,0.084,801.5,0.430,486.2,0.370,118.7,129.84,20.94,0.00,0.00,29.18
2026-08-23T22:42:33Z,5.083,11631.4,0.930,1595.1,0.078,801.5,0.450,486.3,0.367,118.5,130.11,83.29,0.00,0.00,30.29
2026-08-23T22:42:34Z,4.971,11637.4,0.913,1595.0,0.082,801.5,0.440,486.3,0.361,118.5,148.47,68.78,0.00,0.00,30.29
2026-08-23T22:42:35Z,4.771,11632.2,0.940,1595.2,0.086,801.5,0.453,486.5,0.372,118.4,190.87,69.04,0.00,0.00,30.29
2026-08-23T22:42:36Z,4.742,11635.4,0.923,1595.4,0.082,801.5,0.424,486.4,0.364,118.3,159.80,106.23,0.00,0.00,30.29
2026-08-23T22:42:37Z,5.271,11649.3,0.908,1595.1,0.077,801.5,0.459,486.3,0.368,118.6,97.53,61.89,0.00,0.00,31.55
2026-08-23T22:42:38Z,4.022,11633.6,0.767,1595.1,0.064,801.5,0.374,471.5,0.318,118.7,197.23,305.48,0.00,0.00,31.55
2026-08-23T22:42:39Z,4.967,11654.0,1.031,1595.4,0.085,801.5,0.474,471.5,0.380,118.6,162.99,36.00,0.00,0.00,31.55
2026-08-23T22:42:41Z,5.058,11637.9,0.963,1595.0,0.088,801.5,0.455,471.3,0.375,118.5,207.73,37.64,0.00,0.00,31.55
2026-08-23T22:42:42Z,4.960,11654.2,0.933,1595.1,0.090,801.5,0.430,471.3,0.369,118.6,240.90,81.06,0.00,0.00,31.55
2026-08-23T22:42:43Z,4.835,11657.6,0.909,1595.3,0.085,801.5,0.421,471.2,0.370,118.6,186.38,113.48,0.00,0.00,32.54
2026-08-23T22:42:44Z,4.295,11642.6,0.904,1595.3,0.076,801.5,0.433,471.3,0.349,118.6,160.34,273.10,0.00,0.00,32.54
2026-08-23T22:42:45Z,4.844,11633.2,0.961,1595.1,0.092,801.5,0.445,471.2,0.372,118.5,149.30,29.89,0.00,0.00,32.54
2026-08-23T22:42:46Z,5.048,11656.6,0.930,1595.3,0.088,801.5,0.416,471.4,0.361,118.5,207.26,31.09,0.00,0.00,32.54
2026-08-23T22:42:47Z,5.295,11638.6,0.863,1594.9,0.077,801.5,0.423,471.6,0.355,118.4,143.04,66.72,0.00,0.00,31.46
2026-08-23T22:42:48Z,5.091,11652.9,0.878,1595.1,0.078,801.5,0.440,471.6,0.386,118.5,130.85,61.12,0.00,0.00,31.46
2026-08-23T22:42:49Z,4.384,11634.4,0.917,1595.1,0.074,801.5,0.444,471.5,0.378,118.5,144.71,206.66,0.00,0.00,31.46
2026-08-23T22:42:50Z,4.941,11632.1,0.938,1595.1,0.095,801.5,0.456,471.3,0.362,118.4,201.24,25.08,0.00,0.00,31.46
2026-08-23T22:42:52Z,4.914,11624.1,0.914,1595.0,0.089,801.5,0.428,471.2,0.357,118.4,193.59,71.43,0.00,0.00,31.46
2026-08-23T22:42:53Z,4.748,11647.6,0.908,1595.0,0.084,801.5,0.456,471.3,0.379,118.4,195.27,65.92,0.00,0.00,30.62
2026-08-23T22:42:54Z,4.901,11643.3,0.938,1595.1,0.081,801.5,0.438,471.2,0.372,118.4,189.74,104.47,0.00,0.00,30.62
2026-08-23T22:42:55Z,4.327,11644.1,0.878,1595.3,0.074,801.5,0.436,471.2,0.370,118.3,145.52,265.14,0.00,0.00,30.62
2026-08-23T22:42:56Z,5.095,11621.9,0.902,1595.1,0.083,801.5,0.423,471.7,0.366,118.4,226.99,30.69,0.00,0.00,30.62
2026-08-23T22:42:57Z,5.318,11622.9,0.903,1595.3,0.075,801.5,0.428,471.6,0.364,118.4,85.04,30.46,0.00,0.00,32.49
2026-08-23T22:42:58Z,5.198,11635.6,0.891,1595.0,0.071,801.5,0.451,471.6,0.388,118.4,134.41,20.07,0.00,0.00,32.49
2026-08-23T22:42:59Z,4.211,11612.7,0.843,1595.2,0.073,801.5,0.402,471.4,0.336,119.0,169.50,299.78,0.00,0.00,32.49
2026-08-23T22:43:00Z,4.947,11644.8,0.952,1595.0,0.082,801.5,0.467,471.2,0.390,118.3,168.90,24.71,0.00,0.00,32.49
2026-08-23T22:43:01Z,5.003,11630.2,0.954,1595.0,0.087,801.5,0.458,471.3,0.380,118.3,183.16,24.48,0.00,0.00,32.49
2026-08-23T22:43:02Z,5.096,11645.5,0.901,1595.0,0.082,801.5,0.441,471.3,0.370,118.3,148.90,25.90,0.00,0.00,32.53
2026-08-23T22:43:04Z,4.939,11629.1,0.901,1595.3,0.080,801.5,0.429,472.1,0.367,118.5,136.35,58.96,0.00,0.00,32.53
2026-08-23T22:43:05Z,4.488,11653.5,0.891,1595.2,0.076,801.5,0.436,471.4,0.368,118.4,167.71,254.70,0.00,0.00,32.53
2026-08-23T22:43:06Z,4.942,11690.5,0.960,1595.3,0.083,801.5,0.457,471.3,0.392,118.4,182.55,21.18,0.00,0.00,32.53
2026-08-23T22:43:07Z,5.339,11702.9,0.886,1595.1,0.071,801.5,0.436,471.3,0.356,118.4,156.39,23.47,0.00,0.00,32.53
2026-08-23T22:43:08Z,5.295,11728.9,0.841,1595.1,0.067,801.5,0.425,471.6,0.372,118.4,44.21,58.97,0.00,0.00,34.17
2026-08-23T22:43:09Z,4.877,11732.0,0.943,1595.3,0.070,801.5,0.460,471.3,0.380,118.4,22.42,130.63,0.00,0.00,34.17
2026-08-23T22:43:10Z,4.443,11733.2,0.859,1595.1,0.071,801.5,0.414,471.5,0.355,118.4,21.43,331.65,0.00,0.00,34.17
2026-08-23T22:43:11Z,4.967,11727.8,0.929,1595.0,0.081,801.5,0.449,471.3,0.385,118.6,27.70,26.72,0.00,0.00,34.17
2026-08-23T22:43:12Z,4.913,11762.6,0.888,1595.1,0.089,801.5,0.437,471.3,0.360,118.4,33.05,31.71,0.00,0.00,32.24
2026-08-23T22:43:13Z,4.653,11767.4,0.904,1595.3,0.080,801.5,0.425,471.3,0.354,118.3,29.59,114.28,0.00,0.00,32.24
2026-08-23T22:43:15Z,4.771,11765.7,0.884,1595.3,0.078,801.5,0.426,471.3,0.361,118.4,55.71,110.84,0.00,0.00,32.24
2026-08-23T22:43:16Z,5.005,11773.3,0.916,1595.0,0.087,801.5,0.445,471.5,0.370,118.3,160.67,25.04,0.00,0.00,32.24
2026-08-23T22:43:17Z,5.283,11779.1,0.925,1595.0,0.075,801.5,0.459,471.4,0.358,118.4,104.84,21.75,0.00,0.00,32.24
2026-08-23T22:43:18Z,5.352,11778.6,0.968,1595.1,0.072,801.5,0.461,471.5,0.376,118.3,75.91,24.14,0.00,0.00,32.46
2026-08-23T22:43:19Z,5.079,11777.7,0.939,1595.1,0.082,801.5,0.448,471.5,0.369,118.3,121.28,23.58,0.00,0.00,32.46
2026-08-23T22:43:20Z,4.495,11795.2,0.893,1595.0,0.073,801.7,0.435,471.4,0.366,118.3,124.02,241.52,0.00,0.00,32.46
2026-08-23T22:43:21Z,4.815,11770.9,0.951,1595.0,0.087,801.5,0.434,471.3,0.365,118.3,117.30,36.77,0.00,0.00,32.46
2026-08-23T22:43:22Z,5.043,11775.2,0.950,1595.2,0.083,801.5,0.426,471.3,0.361,118.3,207.82,38.05,0.00,0.00,32.74
2026-08-23T22:43:23Z,5.044,11785.1,0.922,1595.0,0.080,801.5,0.431,471.6,0.358,118.3,168.93,36.79,0.00,0.00,32.74
2026-08-23T22:43:24Z,4.939,11808.6,0.954,1595.0,0.086,801.5,0.453,471.6,0.375,118.3,128.28,38.30,0.00,0.00,32.74
2026-08-23T22:43:25Z,4.920,11789.5,0.928,1594.9,0.085,801.5,0.427,471.3,0.367,118.2,148.88,37.14,0.00,0.00,32.74
2026-08-23T22:43:27Z,5.244,11774.1,0.909,1595.2,0.074,801.5,0.435,471.4,0.363,118.2,102.72,35.70,0.00,0.00,32.74
2026-08-23T22:43:28Z,5.436,11776.1,0.903,1594.9,0.069,801.5,0.449,471.3,0.353,118.2,77.24,30.74,0.00,0.00,33.89
2026-08-23T22:43:29Z,5.277,11810.0,0.905,1595.2,0.071,801.5,0.458,471.3,0.379,118.3,85.92,29.21,0.00,0.00,33.89
2026-08-23T22:43:30Z,5.293,11797.6,0.902,1594.9,0.076,801.5,0.430,471.3,0.365,118.2,91.70,26.74,0.00,0.00,33.89
2026-08-23T22:43:31Z,4.976,11805.4,0.923,1594.8,0.085,801.5,0.429,471.2,0.357,118.2,154.38,30.89,0.00,0.00,33.89
2026-08-23T22:43:32Z,5.237,11801.1,0.927,1594.9,0.080,801.7,0.419,471.3,0.361,118.2,169.63,28.19,0.00,0.00,33.97
2026-08-23T22:43:33Z,5.125,11809.9,0.926,1594.9,0.083,801.5,0.447,471.8,0.366,118.2,160.23,32.13,0.00,0.00,33.97
2026-08-23T22:43:34Z,4.810,11811.5,0.918,1594.8,0.091,801.5,0.433,471.5,0.354,118.1,189.46,27.83,0.00,0.00,33.97
2026-08-23T22:43:35Z,4.495,11831.8,0.926,1594.8,0.094,801.5,0.431,471.2,0.358,118.1,212.83,30.72,0.00,0.00,33.97
2026-08-23T22:43:36Z,4.644,11824.5,0.909,1594.8,0.091,801.5,0.420,471.5,0.355,118.2,152.45,31.02,0.00,0.00,33.97
2026-08-23T22:43:38Z,5.284,11808.3,0.943,1594.8,0.070,801.5,0.443,471.2,0.367,118.2,126.28,26.91,0.00,0.00,34.46
2026-08-23T22:43:39Z,4.797,11804.8,0.939,1594.9,0.084,801.5,0.436,471.2,0.369,118.2,194.04,27.98,0.00,0.00,34.46
2026-08-23T22:43:40Z,4.334,11828.4,0.909,1594.8,0.097,801.5,0.441,471.2,0.361,118.2,171.15,31.74,0.00,0.00,34.46
2026-08-23T22:43:41Z,4.410,11813.5,0.916,1594.9,0.097,801.5,0.433,471.7,0.359,118.1,98.16,31.24,0.00,0.00,34.46
2026-08-23T22:43:42Z,4.513,11817.4,0.946,1594.8,0.096,801.5,0.433,471.4,0.360,118.1,126.03,30.60,0.00,0.00,34.46
2026-08-23T22:43:43Z,4.452,11816.9,0.944,1594.9,0.093,801.5,0.438,471.4,0.365,118.2,189.18,28.18,0.00,0.00,33.46
2026-08-23T22:43:44Z,4.494,11817.8,0.923,1594.8,0.098,801.5,0.439,471.2,0.362,118.2,211.83,31.45,0.00,0.00,33.46
2026-08-23T22:43:45Z,4.336,11802.2,0.935,1594.8,0.098,801.5,0.438,471.1,0.365,118.2,169.74,30.55,0.00,0.00,33.46
2026-08-23T22:43:46Z,4.071,11316.3,0.925,1594.8,0.094,801.5,0.445,471.2,0.363,118.1,13.72,43.39,0.00,0.00,33.46
2026-08-23T22:43:47Z,4.958,11370.9,0.898,1594.9,0.076,801.5,0.428,470.9,0.355,118.2,22.31,28.97,0.00,0.00,33.10
2026-08-23T22:43:48Z,4.159,11384.3,0.948,1594.9,0.092,801.5,0.441,471.1,0.370,118.1,11.98,35.47,0.00,0.00,33.10
2026-08-23T22:43:50Z,3.590,11416.2,0.908,1594.8,0.104,801.5,0.434,471.4,0.355,118.1,12.69,34.36,0.00,0.00,33.10
2026-08-23T22:43:51Z,3.568,11446.5,0.909,1594.8,0.104,801.5,0.433,470.9,0.356,118.1,13.77,33.42,0.00,0.00,33.10
2026-08-23T22:43:52Z,3.631,11478.4,1.085,1595.1,0.100,801.5,0.453,471.1,0.368,118.3,13.72,32.60,0.00,0.00,33.10
2026-08-23T22:43:53Z,3.716,11510.4,0.931,1595.0,0.102,801.5,0.439,471.2,0.366,118.3,13.25,35.35,0.00,0.00,31.57
2026-08-23T22:43:54Z,3.815,11540.6,0.927,1595.3,0.100,801.5,0.435,471.1,0.360,118.3,12.83,33.51,0.00,0.00,31.57
2026-08-23T22:43:55Z,3.715,11572.9,0.926,1595.4,0.103,801.5,0.442,471.4,0.369,118.3,13.66,35.73,0.00,0.00,31.57
2026-08-23T22:43:56Z,3.848,11615.2,0.919,1595.0,0.100,801.5,0.432,471.4,0.363,118.5,13.18,38.32,0.00,0.00,31.57
2026-08-23T22:43:57Z,4.938,11635.7,0.914,1594.9,0.078,801.5,0.431,471.4,0.365,118.2,12.59,28.78,0.00,0.00,30.25
2026-08-23T22:43:58Z,3.807,11668.0,0.947,1595.0,0.102,801.5,0.448,471.2,0.369,118.3,12.77,41.50,0.00,0.00,30.25
2026-08-23T22:43:59Z,3.645,11700.8,0.922,1594.9,0.104,801.5,0.435,471.1,0.363,118.5,13.12,36.52,0.00,0.00,30.25
2026-08-23T22:44:00Z,3.607,11733.4,0.895,1595.2,0.105,801.5,0.430,471.1,0.363,118.3,13.18,37.34,0.00,0.00,30.25
2026-08-23T22:44:01Z,3.746,11765.6,0.920,1594.9,0.104,801.5,0.438,470.8,0.367,118.5,13.90,36.30,0.00,0.00,30.25
2026-08-23T22:44:03Z,4.198,11796.7,0.879,1594.9,0.098,801.5,0.432,471.0,0.359,118.2,12.52,33.76,0.00,0.00,29.02
2026-08-23T22:44:04Z,3.943,11791.1,0.902,1594.9,0.097,801.5,0.443,470.8,0.368,118.2,12.84,34.34,0.00,0.00,29.02
2026-08-23T22:44:05Z,3.702,11787.0,0.898,1595.1,0.106,801.5,0.436,470.8,0.364,118.1,12.86,34.43,0.00,0.00,29.02
2026-08-23T22:44:06Z,3.615,11785.9,0.881,1594.8,0.103,801.5,0.432,470.7,0.373,118.2,13.11,38.47,0.00,0.00,29.02
2026-08-23T22:44:07Z,5.038,11781.1,0.861,1595.1,0.084,801.5,0.427,470.8,0.360,118.2,11.60,29.56,0.00,0.00,29.02
2026-08-23T22:44:08Z,3.929,11776.1,0.974,1594.8,0.102,801.5,0.462,471.0,0.378,118.1,12.90,29.05,0.00,0.00,28.94
2026-08-23T22:44:09Z,3.595,11770.4,0.889,1595.1,0.102,801.5,0.427,471.0,0.358,118.1,13.29,38.96,0.00,0.00,28.94
2026-08-23T22:44:10Z,3.678,11790.4,0.885,1594.8,0.107,801.5,0.441,471.0,0.362,118.1,13.35,33.74,0.00,0.00,28.94
2026-08-23T22:44:11Z,3.671,11795.0,0.889,1594.8,0.104,801.5,0.436,470.8,0.360,118.1,13.24,31.76,0.00,0.00,28.94
2026-08-23T22:44:12Z,3.573,11792.1,0.881,1594.8,0.103,801.5,0.429,470.7,0.351,118.1,13.13,35.60,0.00,0.00,27.10
2026-08-23T22:44:13Z,3.593,11787.8,0.871,1594.8,0.105,801.7,0.430,470.8,0.360,118.1,12.47,35.69,0.00,0.00,27.10
2026-08-23T22:44:14Z,3.629,11781.7,0.968,1594.8,0.099,801.5,0.439,471.0,0.365,118.1,12.52,31.82,0.00,0.00,27.10
2026-08-23T22:44:15Z,3.611,11778.5,0.901,1594.8,0.104,801.7,0.434,470.7,0.362,118.1,13.72,37.71,0.00,0.00,27.10
2026-08-23T22:44:17Z,4.506,11756.1,0.878,1594.8,0.088,801.5,0.420,470.9,0.347,118.2,16.16,42.35,0.01,0.00,27.10
2026-08-23T22:44:18Z,4.398,11770.4,0.924,1594.9,0.091,801.5,0.459,470.9,0.382,118.2,12.71,31.42,0.00,0.00,27.66
2026-08-23T22:44:19Z,3.614,11766.2,0.910,1594.8,0.103,801.5,0.431,471.1,0.365,118.2,12.22,41.80,0.00,0.00,27.66
2026-08-23T22:44:20Z,3.591,11759.8,0.916,1594.8,0.096,801.5,0.434,471.4,0.365,118.1,11.52,28.61,0.00,0.00,27.66
2026-08-23T22:44:21Z,3.626,11757.4,0.936,1594.8,0.101,801.5,0.439,470.9,0.354,118.2,13.18,34.00,0.00,0.00,27.66
2026-08-23T22:44:22Z,3.656,11789.0,0.918,1594.8,0.106,801.5,0.422,471.2,0.356,118.1,12.08,36.34,0.00,0.00,27.66
2026-08-23T22:44:23Z,3.666,11782.9,0.900,1594.8,0.103,801.5,0.424,471.1,0.365,118.3,11.54,33.26,0.00,0.00,26.08
2026-08-23T22:44:24Z,3.674,11776.5,0.904,1594.8,0.104,801.5,0.429,470.9,0.360,118.2,11.46,37.04,0.00,0.00,26.08
2026-08-23T22:44:25Z,3.730,11775.3,0.913,1594.8,0.100,801.5,0.430,470.9,0.364,118.1,13.13,35.24,0.00,0.00,26.08
2026-08-23T22:44:26Z,4.355,11784.5,0.909,1594.8,0.095,801.5,0.449,470.9,0.370,118.2,12.39,31.28,0.00,0.00,26.08
2026-08-23T22:44:27Z,5.068,11762.4,0.877,1595.1,0.081,801.5,0.433,471.1,0.373,118.2,11.46,25.86,0.00,0.00,25.03
2026-08-23T22:44:28Z,4.326,11754.2,0.912,1594.8,0.099,801.5,0.434,470.9,0.359,118.4,12.28,32.59,0.00,0.00,25.03
2026-08-23T22:44:30Z,4.753,11741.1,0.903,1594.9,0.093,801.5,0.445,470.9,0.370,118.2,14.73,33.03,0.00,0.00,25.03
2026-08-23T22:44:31Z,4.934,11746.2,0.909,1594.8,0.090,801.5,0.436,470.9,0.363,118.2,23.74,32.70,0.00,0.00,25.03
2026-08-23T22:44:32Z,4.730,11751.6,0.865,1594.9,0.085,801.5,0.435,470.9,0.357,118.1,25.95,30.68,0.00,0.00,25.03
2026-08-23T22:44:33Z,4.939,11734.7,0.926,1594.8,0.091,801.5,0.440,470.9,0.361,118.1,26.41,34.52,0.00,0.00,25.35
2026-08-23T22:44:34Z,4.550,11756.4,0.893,1594.8,0.094,801.5,0.448,470.9,0.363,118.2,28.16,42.64,0.00,0.00,25.35
2026-08-23T22:44:35Z,4.440,11742.8,0.909,1594.8,0.095,801.5,0.451,471.1,0.374,118.1,25.85,40.59,0.00,0.00,25.35
2026-08-23T22:44:36Z,4.619,11742.7,0.894,1594.8,0.094,801.5,0.433,471.1,0.359,118.5,25.31,40.23,0.00,0.00,25.35
2026-08-23T22:44:37Z,5.264,11742.0,0.918,1594.9,0.078,801.5,0.442,470.8,0.371,118.2,20.17,31.44,0.00,0.00,26.45
2026-08-23T22:44:38Z,4.608,11758.5,0.940,1594.9,0.096,801.5,0.436,470.8,0.383,118.2,26.19,39.77,0.00,0.00,26.45
2026-08-23T22:44:39Z,4.320,11758.1,0.937,1595.3,0.098,801.5,0.446,470.7,0.370,118.1,33.62,45.15,0.00,0.00,26.45
2026-08-23T22:44:40Z,4.255,11752.9,0.945,1594.8,0.099,801.5,0.427,470.7,0.364,118.1,34.52,41.57,0.00,0.00,26.45
2026-08-23T22:44:42Z,4.350,11744.3,0.947,1594.8,0.101,801.5,0.447,471.3,0.363,118.1,31.90,39.63,0.00,0.00,26.45
2026-08-23T22:44:43Z,4.444,11736.5,0.952,1594.8,0.098,801.5,0.447,470.7,0.370,118.1,32.47,40.29,0.00,0.00,25.21
2026-08-23T22:44:44Z,4.334,11729.6,0.945,1594.8,0.099,801.7,0.440,470.7,0.365,118.2,32.68,39.84,0.00,0.00,25.21
2026-08-23T22:44:45Z,4.252,11752.1,0.943,1594.8,0.099,801.5,0.441,470.8,0.367,118.1,32.93,40.73,0.00,0.00,25.21
2026-08-23T22:44:46Z,4.428,11751.5,0.924,1594.8,0.099,801.5,0.442,471.3,0.358,118.2,37.56,36.04,0.00,0.00,25.21
2026-08-23T22:44:47Z,5.105,11751.2,0.980,1594.9,0.075,801.5,0.468,470.8,0.366,118.2,23.73,30.14,0.00,0.00,24.39
2026-08-23T22:44:48Z,4.222,11736.6,0.944,1594.8,0.098,801.5,0.447,470.8,0.368,118.1,36.00,29.18,0.00,0.00,24.39
2026-08-23T22:44:49Z,4.256,11724.5,0.926,1594.8,0.101,801.5,0.431,471.0,0.366,118.1,36.96,34.61,0.00,0.00,24.39
2026-08-23T22:44:50Z,4.204,11746.7,0.940,1595.0,0.101,801.5,0.436,470.8,0.361,118.1,39.36,29.70,0.00,0.00,24.39
2026-08-23T22:44:51Z,4.190,11736.4,0.925,1594.8,0.102,801.5,0.434,470.8,0.358,118.1,40.76,28.39,0.00,0.00,24.39
2026-08-23T22:44:52Z,4.138,11720.0,0.967,1594.8,0.097,801.5,0.431,470.8,0.360,118.1,35.89,26.24,0.00,0.00,23.32
2026-08-23T22:44:54Z,4.241,11742.8,0.921,1595.0,0.101,801.5,0.434,470.8,0.363,118.1,41.07,26.97,0.00,0.00,23.32
2026-08-23T22:44:55Z,4.232,11729.1,0.933,1594.8,0.100,801.5,0.444,470.7,0.362,118.1,40.49,28.50,0.00,0.00,23.32
2026-08-23T22:44:56Z,4.207,11716.5,0.943,1594.8,0.101,801.5,0.435,471.0,0.363,118.1,39.90,27.46,0.00,0.00,23.32
2026-08-23T22:44:57Z,5.165,11735.6,0.919,1594.8,0.083,801.5,0.433,470.8,0.361,118.2,25.15,20.32,0.00,0.00,23.32
2026-08-23T22:44:58Z,4.499,11733.0,0.973,1594.8,0.089,801.5,0.443,470.7,0.369,118.2,31.24,23.29,0.00,0.00,24.65
2026-08-23T22:44:59Z,4.190,11720.4,0.967,1594.8,0.100,801.5,0.438,470.7,0.371,118.1,38.71,29.93,0.00,0.00,24.65
2026-08-23T22:45:00Z,4.145,11711.7,0.954,1594.8,0.096,801.5,0.444,471.0,0.363,118.1,37.07,43.29,0.00,0.00,24.65
2026-08-23T22:45:01Z,4.182,11738.6,0.948,1594.8,0.102,801.5,0.444,471.0,0.365,118.1,38.37,33.46,0.00,0.00,24.65
2026-08-23T22:45:02Z,4.613,11718.4,1.021,1594.8,0.093,801.5,0.469,471.0,0.392,118.1,30.25,26.32,0.00,0.00,25.40
2026-08-23T22:45:03Z,4.490,11739.8,0.951,1594.7,0.098,801.5,0.437,470.7,0.365,118.1,33.20,32.87,0.00,0.00,25.40
2026-08-23T22:45:04Z,4.300,11727.8,0.933,1595.0,0.099,801.5,0.451,470.8,0.370,118.1,36.74,31.40,0.00,0.00,25.40
2026-08-23T22:45:05Z,4.191,11716.7,0.942,1594.8,0.102,801.5,0.435,470.7,0.361,118.1,38.67,31.91,0.00,0.00,25.40
2026-08-23T22:45:07Z,4.890,11708.4,0.923,1594.8,0.089,801.7,0.433,470.8,0.370,118.2,31.72,23.65,0.00,0.00,25.40
2026-08-23T22:45:08Z,4.785,11644.8,0.941,1594.8,0.088,801.5,0.437,471.0,0.379,118.1,30.32,25.93,0.00,0.00,25.05
2026-08-23T22:45:09Z,4.267,11703.4,0.923,1595.0,0.100,801.5,0.452,470.8,0.372,118.2,37.49,32.40,0.00,0.00,25.05
2026-08-23T22:45:10Z,4.205,11697.4,0.907,1594.8,0.100,801.5,0.438,471.2,0.374,118.1,36.99,43.36,0.00,0.00,25.05
2026-08-23T22:45:11Z,4.363,11716.0,0.917,1594.7,0.104,801.5,0.443,470.7,0.368,118.1,31.52,35.61,0.00,0.00,25.05
2026-08-23T22:45:12Z,4.195,11707.1,0.917,1594.8,0.102,801.7,0.442,471.2,0.373,118.1,38.06,34.44,0.00,0.00,25.05
2026-08-23T22:45:13Z,4.192,11699.1,0.901,1594.8,0.101,801.5,0.433,470.7,0.363,118.1,38.76,38.06,0.00,0.00,24.64
2026-08-23T22:45:14Z,4.234,11721.9,0.912,1594.8,0.099,801.5,0.451,470.7,0.369,118.1,37.29,34.23,0.00,0.00,24.64
2026-08-23T22:45:15Z,4.274,11710.5,0.923,1594.7,0.100,801.5,0.453,470.7,0.373,118.1,36.38,32.54,0.00,0.00,24.64
2026-08-23T22:45:16Z,4.707,11702.0,0.870,1594.8,0.091,801.5,0.446,470.8,0.363,118.2,31.05,31.17,0.00,0.00,24.64
2026-08-23T22:45:17Z,5.024,11701.4,0.886,1594.8,0.079,801.5,0.445,470.8,0.366,118.1,24.80,24.87,0.00,0.00,24.75
2026-08-23T22:45:19Z,4.275,11725.8,0.909,1594.8,0.098,801.5,0.441,470.9,0.369,118.1,37.12,42.95,0.00,0.00,24.75
2026-08-23T22:45:20Z,4.151,11719.3,0.910,1594.8,0.099,801.5,0.430,470.8,0.363,118.1,38.34,34.56,0.00,0.00,24.75
2026-08-23T22:45:21Z,4.179,11711.2,0.893,1594.7,0.099,801.5,0.440,470.7,0.368,118.1,37.32,41.67,0.00,0.00,24.75
2026-08-23T22:45:22Z,4.194,11701.9,0.887,1594.8,0.103,801.5,0.444,471.0,0.364,118.1,38.92,33.13,0.00,0.00,24.75
2026-08-23T22:45:23Z,4.384,11692.1,0.883,1594.7,0.099,802.0,0.443,470.7,0.358,118.1,37.36,32.59,0.00,0.00,24.05
2026-08-23T22:45:24Z,4.717,11710.3,0.862,1594.8,0.092,801.5,0.446,470.7,0.360,118.1,33.80,31.17,0.00,0.00,24.05
2026-08-23T22:45:25Z,4.504,11698.4,0.915,1594.7,0.095,801.5,0.444,470.7,0.370,118.1,26.61,31.70,0.00,0.00,24.05
2026-08-23T22:45:26Z,4.201,11692.3,0.860,1594.7,0.097,801.5,0.444,470.7,0.369,118.1,12.39,31.04,0.00,0.00,24.05
2026-08-23T22:45:27Z,5.339,11696.4,0.842,1595.1,0.076,801.5,0.436,471.3,0.353,118.2,11.54,24.70,0.00,0.00,24.77
2026-08-23T22:45:28Z,5.075,11705.3,0.868,1594.8,0.086,801.5,0.448,470.8,0.384,118.1,10.73,24.36,0.00,0.00,24.77
2026-08-23T22:45:29Z,4.553,11699.9,0.889,1594.9,0.097,801.5,0.441,471.0,0.362,118.1,12.82,29.54,0.00,0.00,24.77
2026-08-23T22:45:30Z,4.439,11685.0,0.905,1594.8,0.093,801.5,0.438,471.0,0.362,118.1,13.70,35.97,0.00,0.00,24.77
2026-08-23T22:45:32Z,4.481,11702.5,0.855,1594.8,0.097,801.5,0.429,471.0,0.359,118.1,27.53,29.96,0.00,0.00,24.77
2026-08-23T22:45:33Z,5.230,11710.1,0.830,1595.1,0.086,801.5,0.399,471.1,0.337,118.2,23.01,25.83,0.00,0.00,25.59
2026-08-23T22:45:34Z,5.116,11715.2,0.859,1594.8,0.083,801.5,0.447,470.8,0.365,118.1,20.93,26.58,0.00,0.00,25.59
2026-08-23T22:45:35Z,4.541,11692.9,0.874,1594.8,0.098,801.5,0.442,470.7,0.373,118.1,26.44,31.97,0.00,0.00,25.59
2026-08-23T22:45:36Z,4.566,11714.1,0.883,1594.8,0.097,801.5,0.442,470.7,0.367,118.1,23.84,48.05,0.00,0.00,25.59
2026-08-23T22:45:37Z,5.225,11701.0,0.858,1594.9,0.076,801.5,0.423,471.1,0.348,118.2,18.96,34.22,0.00,0.00,25.59
2026-08-23T22:45:38Z,4.757,11698.1,0.896,1594.8,0.088,801.5,0.449,471.0,0.367,118.4,23.14,39.44,0.00,0.00,25.70
2026-08-23T22:45:39Z,4.482,11687.2,0.889,1594.8,0.101,801.5,0.449,470.7,0.378,118.2,24.91,46.77,0.00,0.00,25.70
2026-08-23T22:45:40Z,4.280,11679.9,0.891,1594.8,0.103,801.5,0.442,470.7,0.370,118.1,32.94,48.07,0.00,0.00,25.70
2026-08-23T22:45:41Z,4.317,11704.6,0.892,1594.8,0.099,801.5,0.444,470.8,0.375,118.1,29.38,44.06,0.00,0.00,25.70
2026-08-23T22:45:42Z,4.290,11697.1,0.867,1594.8,0.100,801.5,0.428,470.7,0.364,118.1,31.99,39.88,0.00,0.00,25.65
2026-08-23T22:45:44Z,4.362,11692.6,0.879,1594.8,0.100,801.5,0.438,471.0,0.360,118.1,33.94,44.06,0.00,0.00,25.65
2026-08-23T22:45:45Z,4.432,11687.1,0.904,1594.8,0.097,801.5,0.440,470.7,0.369,118.1,33.94,41.71,0.00,0.00,25.65
2026-08-23T22:45:46Z,4.173,11683.0,0.879,1594.8,0.101,801.5,0.442,471.0,0.367,118.0,38.12,37.99,0.00,0.00,25.65
2026-08-23T22:45:47Z,5.152,11659.9,0.851,1594.8,0.083,801.5,0.441,470.8,0.344,118.2,26.65,26.15,0.00,0.00,25.65
2026-08-23T22:45:48Z,4.457,11682.9,0.922,1594.8,0.092,801.5,0.459,471.0,0.375,118.1,34.15,33.02,0.00,0.00,25.03
2026-08-23T22:45:49Z,4.169,11673.8,0.962,1595.0,0.101,801.5,0.433,471.0,0.364,118.1,38.43,46.19,0.00,0.00,25.03
2026-08-23T22:45:50Z,4.154,11696.6,0.924,1594.7,0.099,801.5,0.445,470.8,0.364,118.1,36.17,33.69,0.00,0.00,25.03
2026-08-23T22:45:51Z,4.173,11685.1,0.956,1594.8,0.098,801.5,0.447,471.0,0.372,118.0,37.68,39.00,0.00,0.00,25.03
2026-08-23T22:45:52Z,4.170,11679.4,0.924,1594.8,0.100,801.5,0.440,471.0,0.369,118.1,42.13,33.26,0.00,0.00,24.55
2026-08-23T22:45:53Z,4.271,11670.6,0.925,1594.8,0.101,801.5,0.440,470.7,0.369,118.1,39.73,32.25,0.00,0.00,24.55
2026-08-23T22:45:54Z,4.271,11665.7,0.926,1594.8,0.100,801.5,0.444,471.0,0.366,118.4,38.57,37.93,0.00,0.00,24.55
2026-08-23T22:45:55Z,4.210,11695.0,0.918,1595.0,0.098,801.5,0.440,470.7,0.360,118.1,39.96,37.46,0.00,0.00,24.55
2026-08-23T22:45:57Z,4.919,11665.8,0.926,1594.8,0.086,801.5,0.427,470.8,0.354,118.1,30.94,36.75,0.00,0.00,24.55
2026-08-23T22:45:58Z,4.848,11697.5,0.958,1594.8,0.084,801.5,0.433,470.9,0.384,118.1,26.95,26.00,0.00,0.00,24.75
2026-08-23T22:45:59Z,4.269,11692.1,0.915,1594.8,0.103,801.5,0.439,470.7,0.369,118.1,38.94,37.50,0.00,0.00,24.75
2026-08-23T22:46:00Z,4.156,11682.2,0.945,1594.8,0.101,801.5,0.436,470.7,0.362,118.1,38.82,32.34,0.00,0.00,24.75
2026-08-23T22:46:01Z,4.132,11671.4,0.912,1594.8,0.102,801.5,0.431,470.7,0.362,118.3,40.28,39.43,0.00,0.00,24.75
2026-08-23T22:46:02Z,4.322,11690.8,0.934,1594.8,0.101,801.5,0.450,471.0,0.377,118.2,39.35,30.80,0.00,0.00,24.75
2026-08-23T22:46:03Z,4.482,11673.6,0.952,1595.1,0.092,801.5,0.437,470.7,0.364,118.1,34.41,27.78,0.00,0.00,25.01
2026-08-23T22:46:04Z,4.418,11660.9,0.915,1594.8,0.097,801.7,0.434,471.0,0.356,118.1,34.49,32.03,0.00,0.00,25.01
2026-08-23T22:46:05Z,4.198,11683.8,0.915,1594.8,0.106,801.5,0.442,470.9,0.369,118.3,38.70,31.97,0.00,0.00,25.01
2026-08-23T22:46:06Z,4.577,11675.3,0.916,1594.8,0.096,801.5,0.442,471.2,0.370,118.4,34.17,26.38,0.00,0.00,25.01
2026-08-23T22:46:07Z,5.126,11676.3,0.906,1594.8,0.084,801.5,0.450,471.3,0.378,118.1,29.55,21.30,0.00,0.00,24.85
2026-08-23T22:46:08Z,4.237,11664.5,0.931,1594.8,0.103,801.5,0.444,470.8,0.370,118.1,37.68,30.08,0.00,0.00,24.85
2026-08-23T22:46:10Z,4.120,11655.8,0.895,1594.8,0.101,801.5,0.424,471.3,0.355,118.1,40.47,32.85,0.00,0.00,24.85
2026-08-23T22:46:11Z,4.179,11679.1,0.924,1594.7,0.104,801.5,0.449,470.8,0.364,118.1,40.36,32.62,0.00,0.00,24.85
2026-08-23T22:46:12Z,4.285,11665.5,0.912,1594.7,0.100,801.5,0.441,470.8,0.365,118.1,31.85,42.71,0.00,0.00,24.85
2026-08-23T22:46:13Z,4.187,11653.7,0.934,1594.7,0.100,801.7,0.443,471.5,0.369,118.1,38.57,31.39,0.00,0.00,23.98
2026-08-23T22:46:14Z,4.184,11674.9,0.933,1594.8,0.100,801.5,0.437,470.7,0.364,118.1,37.32,29.93,0.00,0.00,23.98
2026-08-23T22:46:15Z,4.187,11663.4,0.954,1594.8,0.103,801.5,0.448,470.8,0.373,118.4,35.99,31.75,0.00,0.00,23.98
2026-08-23T22:46:16Z,4.293,11655.9,0.925,1594.7,0.094,801.5,0.427,470.8,0.356,118.1,33.04,30.02,0.00,0.00,23.98
2026-08-23T22:46:17Z,5.116,11655.5,0.951,1594.8,0.082,801.5,0.448,470.8,0.366,118.2,25.04,22.98,0.00,0.00,23.82
2026-08-23T22:46:18Z,4.465,11676.6,0.955,1594.8,0.095,801.5,0.437,470.7,0.363,118.1,34.06,31.40,0.00,0.00,23.82
2026-08-23T22:46:19Z,4.155,11662.6,0.950,1594.8,0.099,801.5,0.441,470.7,0.368,118.4,36.54,39.87,0.00,0.00,23.82
2026-08-23T22:46:20Z,4.209,11659.4,0.960,1594.8,0.103,801.5,0.445,471.0,0.367,118.1,44.93,31.37,0.00,0.00,23.82
2026-08-23T22:46:21Z,4.140,11648.1,0.967,1594.7,0.102,801.5,0.441,471.0,0.351,118.1,37.43,37.18,0.00,0.00,23.82
2026-08-23T22:46:23Z,4.165,11671.9,0.947,1594.7,0.100,801.5,0.444,470.7,0.368,118.4,39.16,30.79,0.00,0.00,23.11
2026-08-23T22:46:24Z,4.328,11659.7,0.965,1594.8,0.097,801.5,0.436,470.7,0.365,118.3,36.35,29.63,0.00,0.00,23.11
2026-08-23T22:46:25Z,4.328,11647.9,0.967,1594.7,0.099,801.5,0.439,470.7,0.369,118.1,35.48,30.02,0.00,0.00,23.11
2026-08-23T22:46:26Z,5.024,11636.9,0.931,1594.7,0.082,801.5,0.453,470.8,0.370,118.1,33.08,26.84,0.00,0.00,23.11
2026-08-23T22:46:27Z,5.618,11629.7,0.826,1594.9,0.074,801.5,0.392,471.3,0.339,118.3,19.32,24.42,0.00,0.00,23.11
2026-08-23T22:46:28Z,5.369,11614.8,0.894,1594.9,0.076,801.5,0.391,470.9,0.334,118.3,19.43,22.80,0.00,0.00,24.70
2026-08-23T22:46:29Z,5.046,11623.3,0.975,1595.2,0.081,801.5,0.452,471.6,0.382,118.2,20.79,25.94,0.00,0.00,24.70
2026-08-23T22:46:30Z,4.661,11636.2,0.941,1594.9,0.097,801.5,0.447,471.4,0.372,118.5,26.21,29.86,0.00,0.00,24.70
2026-08-23T22:46:31Z,4.519,11653.0,0.940,1594.9,0.098,801.5,0.447,470.9,0.368,118.2,23.35,39.84,0.00,0.00,24.70
2026-08-23T22:46:32Z,4.712,11663.1,0.932,1594.9,0.088,801.5,0.437,470.9,0.367,118.3,19.02,45.72,0.00,0.00,24.65
2026-08-23T22:46:33Z,4.581,11645.4,0.941,1594.9,0.093,801.5,0.444,471.4,0.363,118.4,21.08,40.87,0.00,0.00,24.65
2026-08-23T22:46:35Z,4.511,11661.9,0.968,1594.9,0.098,801.5,0.448,470.9,0.372,118.2,24.08,38.53,0.00,0.00,24.65
2026-08-23T22:46:36Z,4.270,11648.6,0.982,1594.8,0.095,801.5,0.447,470.8,0.373,118.1,29.64,34.83,0.00,0.00,24.65
2026-08-23T22:46:37Z,4.862,11649.3,0.913,1594.9,0.088,801.5,0.434,471.2,0.358,118.2,26.29,35.15,0.00,0.00,24.65
2026-08-23T22:46:38Z,5.042,11643.0,0.956,1594.8,0.083,801.5,0.458,471.1,0.377,118.1,23.76,24.84,0.00,0.00,25.08
2026-08-23T22:46:39Z,4.306,11632.9,0.948,1595.1,0.098,801.5,0.435,470.9,0.364,118.1,30.91,36.34,0.00,0.00,25.08
2026-08-23T22:46:40Z,4.280,11651.0,0.966,1594.8,0.100,801.5,0.447,471.0,0.372,118.1,30.19,35.44,0.00,0.00,25.08
2026-08-23T22:46:41Z,4.182,11639.4,0.943,1594.8,0.099,801.5,0.444,471.0,0.364,118.4,35.21,35.37,0.00,0.00,25.08
2026-08-23T22:46:42Z,4.121,11632.1,0.931,1595.0,0.101,801.5,0.429,471.0,0.358,118.1,35.90,42.50,0.00,0.00,24.43
2026-08-23T22:46:43Z,4.166,11657.1,0.944,1594.8,0.101,801.5,0.440,470.7,0.365,118.1,37.00,32.96,0.00,0.00,24.43
2026-08-23T22:46:44Z,4.154,11650.0,0.937,1594.8,0.102,801.5,0.439,471.2,0.366,118.1,36.58,33.56,0.00,0.00,24.43
2026-08-23T22:46:45Z,4.295,11645.1,0.967,1594.8,0.096,801.5,0.442,471.0,0.363,118.1,38.07,34.17,0.00,0.00,24.43
2026-08-23T22:46:46Z,4.766,11639.2,0.894,1594.8,0.090,801.5,0.428,470.8,0.351,118.4,32.66,27.85,0.00,0.00,24.43
2026-08-23T22:46:48Z,4.811,11641.8,0.935,1594.8,0.084,801.5,0.433,470.7,0.372,118.2,28.38,21.58,0.00,0.00,25.52
2026-08-23T22:46:49Z,4.149,11635.4,0.910,1594.7,0.100,801.5,0.445,471.0,0.367,118.4,38.79,32.46,0.00,0.00,25.52
2026-08-23T22:46:50Z,4.181,11630.8,0.897,1594.7,0.103,801.5,0.448,471.0,0.372,118.1,40.03,34.75,0.00,0.00,25.52
2026-08-23T22:46:51Z,4.112,11620.1,0.911,1595.0,0.099,801.5,0.440,471.2,0.363,118.0,37.09,42.59,0.00,0.00,25.52
2026-08-23T22:46:52Z,4.197,11647.3,0.902,1594.8,0.103,801.5,0.435,471.0,0.360,118.1,37.51,34.67,0.00,0.00,25.52
2026-08-23T22:46:53Z,4.222,11636.0,0.901,1594.7,0.101,801.5,0.440,470.7,0.368,118.0,36.34,40.01,0.00,0.00,24.83
2026-08-23T22:46:54Z,4.307,11626.7,0.919,1594.7,0.100,801.5,0.453,470.7,0.368,118.1,38.22,31.91,0.00,0.00,24.83
2026-08-23T22:46:55Z,4.229,11617.5,0.888,1594.7,0.102,801.5,0.445,470.7,0.372,118.4,40.24,29.70,0.00,0.00,24.83
2026-08-23T22:46:56Z,4.493,11618.3,0.897,1594.8,0.097,801.5,0.438,470.7,0.367,118.2,35.12,27.96,0.00,0.00,24.83
2026-08-23T22:46:57Z,4.904,11620.9,0.920,1594.9,0.086,801.5,0.443,470.8,0.389,118.3,114.71,19.37,0.00,0.00,25.09
2026-08-23T22:46:58Z,4.583,11642.8,0.927,1594.8,0.100,801.5,0.438,470.8,0.378,118.2,128.43,27.24,0.00,0.00,25.09
2026-08-23T22:47:00Z,4.692,11627.7,0.873,1594.9,0.096,801.5,0.430,470.8,0.365,118.2,52.03,32.86,0.00,0.00,25.09
2026-08-23T22:47:01Z,4.887,11625.0,0.911,1594.8,0.091,801.5,0.442,471.1,0.370,118.2,26.45,24.93,0.00,0.00,25.09
2026-08-23T22:47:02Z,4.242,11642.8,0.910,1594.8,0.100,801.5,0.453,471.1,0.372,118.2,30.72,28.48,0.00,0.00,25.09
2026-08-23T22:47:03Z,4.468,11630.0,0.907,1594.9,0.093,801.5,0.453,471.1,0.373,118.2,30.16,34.41,0.00,0.00,25.80
2026-08-23T22:47:04Z,4.301,11621.5,0.877,1594.9,0.098,801.5,0.434,470.8,0.363,118.2,33.80,30.16,0.00,0.00,25.80
2026-08-23T22:47:05Z,4.163,11644.6,0.891,1594.8,0.099,801.5,0.445,471.1,0.375,118.2,36.91,30.76,0.00,0.00,25.80
2026-08-23T22:47:06Z,4.300,11644.1,0.878,1594.8,0.101,801.5,0.464,471.1,0.378,118.2,36.52,36.20,0.00,0.00,25.80
2026-08-23T22:47:07Z,5.138,11629.6,0.880,1594.9,0.082,801.5,0.431,470.8,0.364,118.2,22.59,20.83,0.00,0.00,26.30
2026-08-23T22:47:08Z,4.663,11624.7,0.910,1595.1,0.094,801.5,0.448,470.7,0.377,118.2,26.82,25.93,0.00,0.00,26.30
2026-08-23T22:47:09Z,4.182,11617.2,0.880,1594.8,0.101,801.5,0.442,471.0,0.368,118.4,38.30,31.40,0.00,0.00,26.30
2026-08-23T22:47:10Z,4.259,11608.0,0.909,1594.8,0.102,801.5,0.449,470.7,0.379,118.1,36.43,30.77,0.00,0.00,26.30
2026-08-23T22:47:11Z,4.187,11633.2,0.877,1594.8,0.104,801.5,0.444,470.7,0.360,118.1,38.19,33.84,0.00,0.00,26.30
2026-08-23T22:47:13Z,4.158,11625.6,0.878,1594.8,0.100,801.5,0.449,470.8,0.373,118.1,37.16,40.61,0.00,0.00,25.47
2026-08-23T22:47:14Z,4.222,11614.7,0.895,1594.8,0.101,801.5,0.435,470.7,0.363,118.1,33.19,33.82,0.00,0.00,25.47
2026-08-23T22:47:15Z,4.171,11609.0,0.875,1594.8,0.101,801.5,0.437,470.8,0.364,118.4,38.17,34.80,0.00,0.00,25.47
2026-08-23T22:47:16Z,4.108,11639.2,0.891,1594.8,0.105,801.5,0.446,470.7,0.368,118.1,39.13,33.80,0.00,0.00,25.47
2026-08-23T22:47:17Z,5.202,11624.1,0.844,1594.8,0.081,801.5,0.428,470.9,0.359,118.2,26.95,23.71,0.00,0.00,25.47
2026-08-23T22:47:18Z,4.417,11611.6,0.886,1594.8,0.100,801.5,0.444,471.0,0.370,118.1,35.23,28.22,0.00,0.00,26.40
2026-08-23T22:47:19Z,4.130,11632.8,0.875,1594.8,0.104,801.5,0.449,471.0,0.368,118.1,39.62,33.60,0.00,0.00,26.40
2026-08-23T22:47:20Z,4.161,11622.6,0.904,1595.0,0.101,801.5,0.453,470.8,0.377,118.1,35.45,30.62,0.00,0.00,26.40
2026-08-23T22:47:21Z,4.150,11614.0,0.904,1594.7,0.100,801.5,0.440,470.7,0.362,118.1,36.87,53.31,0.00,0.00,26.40
2026-08-23T22:47:22Z,3.891,11606.7,0.866,1594.7,0.102,801.5,0.421,471.0,0.346,118.4,11.28,29.07,0.00,0.00,24.92
2026-08-23T22:47:23Z,3.840,11632.1,0.949,1594.8,0.099,801.5,0.437,471.0,0.360,118.2,10.91,35.93,0.00,0.00,24.92
2026-08-23T22:47:25Z,3.765,11625.2,0.925,1594.8,0.101,801.7,0.433,470.7,0.356,118.1,10.93,28.56,0.00,0.00,24.92
2026-08-23T22:47:26Z,3.912,11617.8,0.904,1594.8,0.098,801.5,0.436,470.8,0.361,118.2,11.17,27.76,0.00,0.00,24.92
2026-08-23T22:47:27Z,4.755,11621.8,0.877,1594.8,0.086,801.5,0.434,470.8,0.354,118.2,9.83,26.73,0.00,0.00,24.92
2026-08-23T22:47:28Z,4.881,11604.8,0.932,1594.9,0.082,801.5,0.457,471.1,0.373,118.2,9.50,24.32,0.00,0.00,24.93
2026-08-23T22:47:29Z,3.626,11632.7,0.934,1594.8,0.102,801.5,0.441,470.8,0.361,118.2,10.55,30.63,0.00,0.00,24.93
2026-08-23T22:47:30Z,3.631,11624.9,0.906,1594.8,0.106,801.5,0.428,470.8,0.355,118.1,11.28,31.73,0.00,0.00,24.93
2026-08-23T22:47:31Z,4.290,11615.6,0.889,1595.0,0.098,801.5,0.435,471.1,0.359,118.1,10.66,27.31,0.00,0.00,24.93
2026-08-23T22:47:32Z,4.715,11607.0,0.890,1594.8,0.093,801.5,0.422,471.1,0.334,118.2,10.13,26.88,0.00,0.00,24.69
2026-08-23T22:47:33Z,5.029,11631.0,0.944,1594.8,0.083,801.5,0.444,470.8,0.367,118.1,10.27,30.79,0.00,0.00,24.69
2026-08-23T22:47:34Z,4.334,11622.7,0.917,1594.8,0.097,801.5,0.432,471.0,0.361,118.1,10.44,28.17,0.00,0.00,24.69
2026-08-23T22:47:35Z,3.544,11616.3,0.919,1594.8,0.105,801.5,0.437,471.3,0.361,118.1,11.79,32.19,0.00,0.00,24.69
2026-08-23T22:47:36Z,4.196,11618.7,0.892,1594.8,0.097,801.5,0.429,470.8,0.359,118.1,11.69,29.14,0.00,0.00,24.69
2026-08-23T22:47:38Z,4.564,11598.0,0.903,1595.0,0.091,801.5,0.441,470.8,0.372,118.1,10.66,25.20,0.00,0.00,24.64
2026-08-23T22:47:39Z,3.541,11625.6,0.906,1595.0,0.106,801.5,0.424,471.0,0.356,118.1,11.48,31.85,0.00,0.00,24.64
2026-08-23T22:47:40Z,3.418,11619.4,0.907,1594.8,0.101,801.5,0.429,470.7,0.358,118.1,11.76,30.27,0.00,0.00,24.64
2026-08-23T22:47:41Z,3.449,11618.2,0.899,1594.8,0.105,801.5,0.433,470.7,0.356,118.1,13.47,34.66,0.00,0.00,24.64
2026-08-23T22:47:42Z,3.471,11613.2,0.911,1594.7,0.105,801.5,0.428,471.2,0.357,118.4,12.12,32.58,0.00,0.00,24.64
2026-08-23T22:47:43Z,3.437,11607.7,0.890,1594.7,0.103,801.5,0.427,471.0,0.357,118.1,12.25,31.99,0.00,0.00,23.15
2026-08-23T22:47:44Z,3.510,11602.5,0.904,1594.7,0.105,801.5,0.437,471.0,0.359,118.1,11.86,38.98,0.00,0.00,23.15
2026-08-23T22:47:45Z,3.486,11597.8,0.899,1594.7,0.106,801.5,0.431,471.0,0.359,118.1,12.54,32.17,0.00,0.00,23.15
2026-08-23T22:47:46Z,3.865,11608.5,0.917,1595.0,0.104,801.5,0.437,470.8,0.357,118.1,13.08,33.66,0.00,0.00,23.15
2026-08-23T22:47:47Z,4.759,11624.1,0.903,1594.8,0.088,801.5,0.451,470.7,0.377,118.2,92.75,24.98,0.00,0.00,22.65
2026-08-23T22:47:48Z,4.067,11596.9,0.930,1594.8,0.104,801.5,0.439,471.0,0.364,118.2,95.70,30.65,0.00,0.00,22.65
2026-08-23T22:47:49Z,4.269,11594.5,0.887,1594.8,0.095,801.5,0.429,471.0,0.359,118.1,11.10,27.26,0.00,0.00,22.65
2026-08-23T22:47:50Z,3.495,11590.8,0.919,1594.8,0.105,801.5,0.431,471.0,0.353,118.1,11.81,31.02,0.00,0.00,22.65
2026-08-23T22:47:52Z,3.482,11600.6,0.937,1594.8,0.103,801.5,0.435,471.0,0.356,118.2,12.43,42.64,0.00,0.00,22.65
2026-08-23T22:47:53Z,3.478,11613.4,0.924,1594.8,0.104,801.5,0.432,471.2,0.358,118.1,11.02,31.72,0.00,0.00,21.40
2026-08-23T22:47:54Z,3.612,11604.8,0.926,1594.8,0.103,801.5,0.435,470.8,0.359,118.1,9.02,38.59,0.00,0.00,21.40
2026-08-23T22:47:55Z,3.559,11600.4,0.940,1594.8,0.103,801.5,0.435,471.0,0.358,118.1,11.37,31.53,0.00,0.00,21.40
2026-08-23T22:47:56Z,3.591,11600.7,0.929,1594.8,0.104,801.5,0.425,470.7,0.351,118.1,12.20,33.90,0.00,0.00,21.40
2026-08-23T22:47:57Z,4.910,11589.3,0.943,1594.8,0.084,801.5,0.446,470.7,0.369,118.1,10.69,26.06,0.00,0.00,21.40
2026-08-23T22:47:58Z,3.531,11585.2,0.923,1594.8,0.105,801.5,0.425,470.7,0.360,118.1,11.83,31.15,0.00,0.00,20.41
2026-08-23T22:47:59Z,3.396,11610.4,0.914,1594.8,0.104,801.5,0.420,470.8,0.356,118.1,12.04,32.11,0.00,0.00,20.41
2026-08-23T22:48:00Z,3.471,11606.0,0.920,1594.8,0.108,801.5,0.427,471.0,0.356,118.1,11.31,32.60,0.00,0.00,20.41
2026-08-23T22:48:01Z,3.553,11599.7,0.958,1594.8,0.105,801.5,0.436,471.5,0.359,118.1,11.45,31.25,0.00,0.00,20.41
2026-08-23T22:48:02Z,3.959,11598.6,0.977,1594.8,0.102,801.5,0.460,471.0,0.379,118.1,11.39,34.99,0.00,0.00,20.05
2026-08-23T22:48:03Z,3.849,11603.4,0.925,1594.8,0.100,801.5,0.429,471.0,0.356,118.1,11.17,41.23,0.00,0.00,20.05
2026-08-23T22:48:05Z,3.698,11603.1,0.946,1594.8,0.107,801.5,0.439,470.7,0.369,118.1,11.34,44.04,0.00,0.00,20.05
2026-08-23T22:48:06Z,3.693,11597.5,0.972,1594.7,0.107,801.5,0.458,470.7,0.381,118.1,11.57,31.37,0.00,0.00,20.05
2026-08-23T22:48:07Z,4.748,11598.8,0.930,1594.8,0.088,801.5,0.429,470.8,0.368,118.2,10.04,27.29,0.00,0.00,20.05
2026-08-23T22:48:08Z,3.979,11585.7,0.934,1594.8,0.099,801.5,0.445,470.7,0.373,118.1,11.59,28.96,0.00,0.00,19.01
2026-08-23T22:48:09Z,3.599,11580.3,0.956,1594.8,0.106,801.5,0.442,470.7,0.371,118.3,11.94,31.42,0.00,0.00,19.01
2026-08-23T22:48:10Z,3.447,11607.6,0.924,1594.8,0.107,801.5,0.433,470.8,0.363,118.1,12.26,31.69,0.00,0.00,19.01
2026-08-23T22:48:11Z,3.529,11602.1,0.933,1594.7,0.107,801.5,0.436,470.8,0.362,118.1,12.12,31.59,0.00,0.00,19.01
2026-08-23T22:48:12Z,3.448,11594.9,0.926,1594.8,0.106,801.5,0.436,470.8,0.359,118.1,11.69,30.93,0.00,0.00,18.21
2026-08-23T22:48:13Z,3.509,11590.7,0.925,1594.7,0.106,801.5,0.433,471.0,0.362,118.1,11.85,32.48,0.00,0.00,18.21
2026-08-23T22:48:14Z,3.445,11584.5,0.930,1594.7,0.107,801.5,0.435,470.9,0.359,118.6,11.28,38.42,0.00,0.00,18.21
2026-08-23T22:48:15Z,3.494,11579.8,0.940,1594.8,0.107,801.7,0.441,471.0,0.366,118.1,12.34,31.67,0.00,0.00,18.21
2026-08-23T22:48:16Z,4.159,11585.6,0.900,1594.7,0.096,801.5,0.427,470.8,0.352,118.1,11.43,29.24,0.00,0.00,18.21
2026-08-23T22:48:18Z,4.344,11598.7,0.947,1594.8,0.091,801.5,0.442,470.7,0.363,118.1,10.79,24.31,0.00,0.00,17.39
2026-08-23T22:48:19Z,3.438,11592.5,0.905,1594.8,0.107,801.5,0.427,471.3,0.358,118.1,11.07,30.81,0.00,0.00,17.39
2026-08-23T22:48:20Z,3.462,11587.9,0.910,1594.8,0.110,801.5,0.424,470.7,0.356,118.1,11.75,33.32,0.00,0.00,17.39
2026-08-23T22:48:21Z,3.539,11581.8,0.968,1594.8,0.105,801.5,0.442,470.8,0.366,118.1,11.54,30.30,0.00,0.00,17.39
2026-08-23T22:48:22Z,3.766,11568.2,0.932,1594.8,0.105,801.5,0.436,471.0,0.358,118.1,11.92,32.43,0.00,0.00,17.39
2026-08-23T22:48:23Z,4.369,11559.2,0.950,1594.8,0.094,801.5,0.441,470.7,0.362,118.1,23.79,47.59,0.00,0.00,18.16
2026-08-23T22:48:24Z,4.453,11579.7,0.950,1594.7,0.096,801.5,0.431,470.7,0.364,118.1,28.14,40.33,0.00,0.00,18.16
2026-08-23T22:48:25Z,4.331,11567.6,0.937,1594.7,0.100,801.5,0.443,471.0,0.368,118.1,28.25,46.72,0.00,0.00,18.16
2026-08-23T22:48:26Z,4.651,11559.1,0.911,1594.7,0.094,801.5,0.444,471.3,0.374,118.1,24.44,36.49,0.00,0.00,18.16
2026-08-23T22:48:27Z,5.375,11572.5,0.891,1594.8,0.076,801.5,0.435,470.9,0.375,118.2,17.55,30.85,0.00,0.00,19.51
2026-08-23T22:48:28Z,5.466,11538.3,0.866,1594.8,0.081,801.5,0.430,470.8,0.341,118.2,17.04,29.40,0.00,0.00,19.51
2026-08-23T22:48:30Z,5.336,11547.4,0.928,1594.8,0.075,801.5,0.460,470.8,0.385,118.2,18.66,28.14,0.00,0.00,19.51
2026-08-23T22:48:31Z,5.415,11559.2,0.872,1594.8,0.079,801.5,0.439,471.1,0.364,118.1,19.79,30.84,0.00,0.00,19.51
2026-08-23T22:48:32Z,5.460,11539.3,0.783,1594.8,0.080,801.5,0.431,470.8,0.354,118.1,19.25,29.14,0.00,0.00,19.51
2026-08-23T22:48:33Z,5.144,11556.1,0.900,1594.8,0.081,801.5,0.437,471.3,0.366,118.1,24.70,32.90,0.00,0.00,19.79
2026-08-23T22:48:34Z,4.959,11543.3,0.903,1594.8,0.091,801.5,0.438,470.8,0.362,118.3,26.66,30.41,0.00,0.00,19.79
2026-08-23T22:48:35Z,4.658,11567.6,0.884,1594.7,0.091,802.0,0.440,470.8,0.372,118.3,30.07,43.07,0.00,0.00,19.79
2026-08-23T22:48:36Z,4.696,11536.7,0.863,1594.8,0.094,801.5,0.429,471.0,0.359,118.2,28.67,36.16,0.00,0.00,19.79
2026-08-23T22:48:37Z,5.275,11530.6,0.870,1594.8,0.082,801.5,0.445,470.8,0.372,118.2,23.85,30.02,0.00,0.00,21.17
2026-08-23T22:48:38Z,4.781,11535.5,0.873,1594.8,0.089,801.5,0.440,471.0,0.360,118.1,26.12,32.86,0.00,0.00,21.17
2026-08-23T22:48:39Z,4.520,11561.7,0.875,1594.8,0.098,801.5,0.442,470.7,0.364,118.2,32.42,36.98,0.00,0.00,21.17
2026-08-23T22:48:40Z,4.550,11526.9,0.871,1594.7,0.098,801.7,0.449,470.7,0.367,118.0,34.84,35.67,0.00,0.00,21.17
2026-08-23T22:48:42Z,4.508,11523.2,0.904,1594.8,0.098,801.5,0.454,470.7,0.372,118.1,34.84,33.09,0.00,0.00,21.17
2026-08-23T22:48:43Z,4.472,11519.2,0.889,1594.8,0.100,801.5,0.445,470.7,0.370,118.1,34.48,34.68,0.00,0.00,20.75
2026-08-23T22:48:44Z,4.423,11539.8,0.894,1594.8,0.102,801.7,0.446,471.0,0.370,118.1,32.35,32.23,0.00,0.00,20.75
2026-08-23T22:48:45Z,4.451,11529.9,0.887,1594.8,0.098,801.5,0.442,471.0,0.369,118.1,35.05,33.55,0.00,0.00,20.75
2026-08-23T22:48:46Z,4.474,11552.1,0.883,1594.8,0.101,801.5,0.441,470.7,0.368,118.1,37.05,24.40,0.00,0.00,20.75
2026-08-23T22:48:47Z,5.261,11516.5,0.856,1594.8,0.082,801.5,0.426,471.0,0.359,118.2,24.78,25.43,0.00,0.00,20.75
2026-08-23T22:48:48Z,4.766,11523.6,0.911,1594.8,0.092,801.5,0.463,470.7,0.383,118.1,30.83,30.97,0.00,0.00,21.89
2026-08-23T22:48:49Z,4.428,11522.2,0.908,1594.7,0.100,801.5,0.451,470.8,0.377,118.1,35.08,38.53,0.00,0.00,21.89
2026-08-23T22:48:50Z,4.388,11521.7,0.897,1594.8,0.099,801.5,0.445,470.9,0.370,118.1,34.33,40.60,0.00,0.00,21.89
2026-08-23T22:48:51Z,4.481,11544.1,0.911,1594.7,0.101,801.7,0.447,471.0,0.373,118.1,34.67,29.93,0.00,0.00,21.89
2026-08-23T22:48:52Z,4.529,11535.3,0.889,1594.8,0.098,801.5,0.438,470.8,0.363,118.1,33.64,29.94,0.00,0.00,21.58
2026-08-23T22:48:53Z,4.511,11555.3,0.860,1594.7,0.098,801.7,0.443,470.7,0.368,118.1,34.17,38.67,0.00,0.00,21.58
2026-08-23T22:48:55Z,4.491,11544.6,0.869,1594.8,0.100,801.5,0.442,470.7,0.373,118.1,35.70,28.80,0.00,0.00,21.58
2026-08-23T22:48:56Z,4.423,11540.6,0.878,1594.7,0.099,801.5,0.439,470.7,0.368,118.1,36.23,41.72,0.00,0.00,21.58
2026-08-23T22:48:57Z,4.989,11542.4,0.906,1595.0,0.086,801.5,0.436,471.2,0.362,118.3,55.74,31.24,0.00,0.00,21.58
2026-08-23T22:48:58Z,5.052,11510.1,0.956,1595.0,0.086,801.5,0.458,471.0,0.384,118.3,26.77,21.78,0.00,0.00,21.93
2026-08-23T22:48:59Z,4.478,11533.6,0.935,1594.9,0.097,801.5,0.441,471.2,0.374,118.3,33.59,31.58,0.00,0.00,21.93
2026-08-23T22:49:00Z,4.508,11523.0,0.976,1595.2,0.092,801.7,0.448,471.2,0.372,118.3,29.36,32.97,0.00,0.00,21.93
2026-08-23T22:49:01Z,4.454,11549.9,0.941,1595.1,0.096,801.5,0.449,471.1,0.370,118.2,34.79,33.08,0.00,0.00,21.93
2026-08-23T22:49:02Z,4.511,11510.8,0.953,1595.0,0.093,801.5,0.448,471.2,0.372,118.3,32.36,31.81,0.00,0.00,21.22
2026-08-23T22:49:03Z,4.621,11532.3,0.960,1594.9,0.092,801.5,0.446,470.9,0.367,118.2,32.75,29.19,0.00,0.00,21.22
2026-08-23T22:49:04Z,4.523,11526.6,0.933,1594.9,0.095,801.5,0.445,471.2,0.371,118.6,34.03,31.17,0.00,0.00,21.22
2026-08-23T22:49:05Z,4.367,11521.0,0.964,1594.8,0.098,801.5,0.460,471.2,0.377,118.2,34.99,38.55,0.00,0.00,21.22
2026-08-23T22:49:07Z,4.820,11537.6,0.947,1594.9,0.080,801.5,0.452,471.1,0.372,118.4,27.07,22.06,0.00,0.00,21.22
2026-08-23T22:49:08Z,4.840,11508.0,1.001,1595.0,0.079,801.5,0.488,471.0,0.384,118.3,22.71,16.85,0.00,0.00,22.64
2026-08-23T22:49:09Z,4.496,11524.9,0.975,1594.9,0.092,801.5,0.446,471.0,0.365,118.3,28.86,26.61,0.00,0.00,22.64
2026-08-23T22:49:10Z,4.438,11515.5,0.938,1594.9,0.087,801.5,0.434,470.9,0.366,118.2,28.14,32.97,0.00,0.00,22.64
2026-08-23T22:49:11Z,4.425,11508.2,0.928,1594.8,0.101,801.5,0.449,471.2,0.374,118.2,35.25,31.82,0.00,0.00,22.64
2026-08-23T22:49:12Z,4.381,11531.5,0.918,1594.9,0.099,801.5,0.447,471.0,0.372,118.3,36.17,27.61,0.00,0.00,22.64
2026-08-23T22:49:13Z,4.359,11524.0,0.914,1594.9,0.102,801.5,0.446,471.2,0.365,118.2,36.58,30.04,0.00,0.00,21.71
2026-08-23T22:49:14Z,4.385,11518.3,0.937,1594.9,0.100,801.5,0.439,470.9,0.370,118.3,36.92,29.96,0.00,0.00,21.71
2026-08-23T22:49:15Z,4.409,11513.4,0.946,1594.8,0.098,801.5,0.448,470.9,0.370,118.1,32.54,35.81,0.00,0.00,21.71
2026-08-23T22:49:16Z,4.811,11511.2,0.922,1594.8,0.092,801.7,0.443,471.0,0.371,118.2,28.50,39.05,0.00,0.00,21.71
2026-08-23T22:49:17Z,5.138,11508.9,0.885,1594.9,0.078,801.5,0.426,470.8,0.368,118.2,24.69,27.93,0.00,0.00,23.18
2026-08-23T22:49:19Z,4.347,11505.5,0.915,1594.9,0.098,801.5,0.444,470.8,0.366,118.2,37.09,36.70,0.00,0.00,23.18
2026-08-23T22:49:20Z,4.355,11530.2,0.931,1594.8,0.095,801.5,0.445,470.8,0.369,118.1,39.08,29.23,0.00,0.00,23.18
2026-08-23T22:49:21Z,4.323,11527.3,0.948,1594.8,0.101,801.5,0.442,470.8,0.370,118.1,36.47,40.37,0.00,0.00,23.18
2026-08-23T22:49:22Z,4.384,11525.1,0.940,1594.8,0.099,801.5,0.437,470.8,0.371,118.1,36.81,39.41,0.00,0.00,23.18
2026-08-23T22:49:23Z,4.383,11527.9,0.927,1594.8,0.101,801.5,0.448,470.8,0.361,118.1,37.87,39.41,0.00,0.00,22.68
2026-08-23T22:49:24Z,4.461,11524.6,0.908,1594.8,0.095,801.7,0.437,470.8,0.366,118.2,35.74,49.43,0.00,0.00,22.68
2026-08-23T22:49:25Z,4.416,11496.7,0.949,1594.8,0.098,801.5,0.453,470.7,0.375,118.1,34.69,37.89,0.00,0.00,22.68
2026-08-23T22:49:26Z,4.811,11491.3,0.951,1594.8,0.085,801.5,0.436,470.8,0.362,118.2,21.15,30.67,0.00,0.00,22.68
2026-08-23T22:49:27Z,5.063,11511.1,0.907,1594.8,0.086,801.5,0.440,470.9,0.361,118.2,12.69,24.77,0.00,0.00,24.31
2026-08-23T22:49:28Z,5.049,11529.3,0.933,1594.8,0.081,801.5,0.449,470.8,0.375,118.1,11.10,26.39,0.00,0.00,24.31
2026-08-23T22:49:29Z,4.428,11463.9,0.898,1594.8,0.097,801.7,0.436,470.8,0.366,118.1,12.16,29.98,0.00,0.00,24.31
2026-08-23T22:49:30Z,4.393,11491.4,0.907,1595.0,0.099,801.5,0.426,470.8,0.356,118.1,12.20,30.26,0.00,0.00,24.31
2026-08-23T22:49:32Z,4.058,11519.1,0.923,1594.8,0.100,801.5,0.451,470.8,0.366,118.2,12.16,30.92,0.00,0.00,24.31
2026-08-23T22:49:33Z,3.773,11514.7,0.956,1594.8,0.090,801.5,0.429,470.8,0.351,118.1,11.20,28.78,0.00,0.00,23.72
2026-08-23T22:49:34Z,3.732,11539.5,0.960,1594.7,0.095,801.5,0.436,470.8,0.359,118.1,11.98,34.39,0.00,0.00,23.72
2026-08-23T22:49:35Z,3.622,11534.0,0.971,1594.8,0.095,801.5,0.447,471.0,0.367,118.4,11.19,29.55,0.00,0.00,23.72
2026-08-23T22:49:36Z,3.475,11531.8,0.952,1595.0,0.096,801.5,0.435,471.0,0.364,118.1,11.61,39.58,0.00,0.00,23.72
2026-08-23T22:49:37Z,4.875,11494.6,0.894,1594.8,0.087,801.5,0.422,471.1,0.360,118.5,11.27,29.12,0.00,0.00,23.72
2026-08-23T22:49:38Z,3.734,11522.1,0.942,1594.8,0.102,801.7,0.435,471.0,0.367,118.1,12.08,33.02,0.00,0.00,24.63
2026-08-23T22:49:39Z,3.430,11518.4,0.922,1594.8,0.107,801.5,0.437,471.3,0.365,118.2,12.86,34.66,0.00,0.00,24.63
2026-08-23T22:49:40Z,3.408,11514.0,0.924,1594.8,0.107,801.5,0.432,470.8,0.360,118.1,12.80,34.30,0.00,0.00,24.63
2026-08-23T22:49:41Z,3.477,11509.2,0.936,1594.7,0.105,801.5,0.434,470.8,0.365,118.1,12.43,33.58,0.00,0.00,24.63
2026-08-23T22:49:42Z,3.428,11505.5,0.917,1594.8,0.108,801.5,0.429,470.7,0.355,118.1,12.60,34.81,0.00,0.00,24.42
2026-08-23T22:49:43Z,3.376,11532.4,0.911,1594.7,0.108,801.5,0.413,471.0,0.348,118.3,12.29,33.51,0.00,0.00,24.42
2026-08-23T22:49:45Z,3.447,11527.9,0.950,1594.8,0.107,801.5,0.439,471.0,0.365,118.1,11.88,33.24,0.00,0.00,24.42
2026-08-23T22:49:46Z,3.363,11520.1,0.905,1594.7,0.105,801.5,0.418,470.7,0.351,118.1,10.43,32.24,0.00,0.00,24.42
2026-08-23T22:49:47Z,4.642,11527.5,0.912,1594.8,0.089,801.5,0.429,470.9,0.353,118.4,8.91,31.85,0.00,0.00,24.42
2026-08-23T22:49:48Z,3.914,11501.6,0.933,1594.8,0.097,801.5,0.430,470.7,0.364,118.1,11.83,27.05,0.00,0.00,23.66
2026-08-23T22:49:49Z,3.557,11527.1,0.948,1594.8,0.102,801.5,0.424,471.0,0.353,118.3,13.10,31.86,0.00,0.00,23.66
2026-08-23T22:49:50Z,3.446,11522.1,0.938,1594.7,0.106,801.5,0.435,471.0,0.363,118.1,12.27,32.12,0.00,0.00,23.66
2026-08-23T22:49:51Z,3.464,11513.9,0.940,1594.8,0.108,801.5,0.432,471.0,0.360,118.1,12.58,31.78,0.00,0.00,23.66
2026-08-23T22:49:52Z,3.459,11506.9,0.930,1594.7,0.108,801.7,0.439,471.0,0.360,118.1,11.99,30.29,0.00,0.00,23.21
2026-08-23T22:49:53Z,3.483,11501.0,0.920,1594.7,0.103,801.5,0.426,470.8,0.354,118.1,12.47,29.00,0.00,0.00,23.21
2026-08-23T22:49:54Z,3.547,11526.2,0.928,1594.8,0.103,801.5,0.428,470.8,0.356,118.1,12.30,40.07,0.00,0.00,23.21
2026-08-23T22:49:55Z,3.470,11518.9,0.923,1594.8,0.106,801.5,0.426,470.8,0.358,118.4,11.49,30.46,0.00,0.00,23.21
2026-08-23T22:49:56Z,4.132,11490.7,0.901,1594.8,0.094,801.5,0.411,470.8,0.344,118.2,11.57,34.71,0.00,0.00,23.21
2026-08-23T22:49:58Z,4.439,11504.4,0.942,1594.8,0.092,801.5,0.439,471.0,0.371,118.1,11.64,25.48,0.00,0.00,22.31
2026-08-23T22:49:59Z,3.459,11500.5,0.926,1594.8,0.109,801.5,0.426,471.0,0.354,118.1,12.08,31.69,0.00,0.00,22.31
2026-08-23T22:50:00Z,3.378,11494.2,0.910,1594.7,0.107,801.5,0.429,471.2,0.355,118.0,12.14,31.53,0.00,0.00,22.31
2026-08-23T22:50:01Z,3.461,11489.8,0.943,1594.7,0.108,801.5,0.443,470.8,0.371,118.1,12.98,32.76,0.00,0.00,22.31
2026-08-23T22:50:02Z,3.667,11515.4,1.012,1594.7,0.105,801.5,0.466,470.8,0.379,118.1,11.61,24.82,0.00,0.00,22.31
2026-08-23T22:50:03Z,3.902,11505.4,0.955,1594.7,0.098,801.5,0.440,470.7,0.365,118.1,11.26,22.08,0.00,0.00,22.45
2026-08-23T22:50:04Z,3.692,11494.6,0.925,1594.7,0.104,801.5,0.427,470.7,0.352,118.3,10.90,25.68,0.00,0.00,22.45
2026-08-23T22:50:05Z,3.488,11490.4,0.923,1594.7,0.107,801.5,0.436,470.7,0.364,118.1,10.20,34.28,0.00,0.00,22.45
2026-08-23T22:50:06Z,3.816,11499.6,0.958,1595.0,0.105,801.5,0.444,471.0,0.367,118.1,10.13,33.96,0.00,0.00,22.45
2026-08-23T22:50:07Z,4.885,11481.5,0.933,1594.7,0.084,801.5,0.432,471.2,0.363,118.1,8.80,33.37,0.00,0.00,22.97
2026-08-23T22:50:08Z,3.551,11511.3,0.940,1594.8,0.098,801.5,0.441,471.0,0.362,118.4,12.31,30.52,0.00,0.00,22.97
2026-08-23T22:50:09Z,3.391,11502.6,0.951,1594.8,0.092,801.5,0.430,471.0,0.352,118.0,11.45,23.82,0.00,0.00,22.97
2026-08-23T22:50:11Z,3.365,11498.0,0.950,1594.7,0.092,801.5,0.430,470.8,0.360,118.1,11.92,29.49,0.00,0.00,22.97
2026-08-23T22:50:12Z,3.469,11492.6,0.965,1594.7,0.093,801.5,0.437,470.9,0.364,118.1,11.75,25.75,0.00,0.00,22.97
2026-08-23T22:50:13Z,3.382,11486.4,0.931,1594.7,0.099,801.5,0.430,471.0,0.358,118.1,11.74,27.59,0.00,0.00,21.21
2026-08-23T22:50:14Z,3.461,11510.6,0.934,1594.7,0.107,801.7,0.431,471.0,0.357,118.1,11.59,29.37,0.00,0.00,21.21
2026-08-23T22:50:15Z,3.366,11503.2,0.919,1594.7,0.109,801.5,0.430,470.7,0.355,118.1,12.31,30.68,0.00,0.00,21.21
2026-08-23T22:50:16Z,3.538,11499.8,0.938,1594.8,0.106,801.5,0.436,470.8,0.369,118.1,11.41,28.19,0.00,0.00,21.21
2026-08-23T22:50:17Z,4.883,11488.6,0.920,1595.1,0.085,801.5,0.421,470.8,0.361,118.2,9.94,33.89,0.00,0.00,21.21
2026-08-23T22:50:18Z,3.663,11481.1,0.912,1594.8,0.106,801.5,0.437,470.7,0.362,118.1,10.92,30.11,0.00,0.00,20.55
2026-08-23T22:50:19Z,3.421,11476.5,0.909,1594.8,0.105,801.5,0.438,471.0,0.351,118.4,11.29,33.03,0.00,0.00,20.55
2026-08-23T22:50:20Z,3.475,11503.0,0.928,1594.7,0.107,801.5,0.435,471.2,0.361,118.1,11.54,32.52,0.00,0.00,20.55
2026-08-23T22:50:21Z,3.538,11496.7,0.956,1594.7,0.108,801.5,0.442,470.8,0.366,118.1,10.83,32.00,0.00,0.00,20.55
2026-08-23T22:50:22Z,3.428,11492.4,0.911,1594.8,0.104,801.5,0.430,470.7,0.354,118.1,11.74,31.46,0.00,0.00,20.35
2026-08-23T22:50:23Z,3.537,11487.0,0.905,1594.8,0.104,801.5,0.417,470.7,0.353,118.1,11.13,32.59,0.00,0.00,20.35
2026-08-23T22:50:25Z,3.567,11481.3,0.932,1595.0,0.106,801.5,0.444,470.8,0.362,118.3,11.56,30.42,0.00,0.00,20.35
2026-08-23T22:50:26Z,3.777,11475.7,0.921,1594.8,0.104,801.5,0.437,470.7,0.367,118.1,11.14,39.49,0.00,0.00,20.35
2026-08-23T22:50:27Z,5.052,11487.4,0.925,1594.7,0.085,801.5,0.425,471.0,0.356,118.2,12.89,23.86,0.00,0.00,20.35
2026-08-23T22:50:28Z,5.463,11469.8,0.813,1594.9,0.079,801.5,0.426,470.9,0.345,118.3,18.56,29.66,0.00,0.00,21.92
2026-08-23T22:50:29Z,4.948,11487.2,0.976,1594.8,0.084,801.5,0.481,470.9,0.397,118.2,23.12,30.94,0.00,0.00,21.92
2026-08-23T22:50:30Z,4.818,11485.8,0.923,1594.9,0.095,801.7,0.444,471.1,0.370,118.2,27.79,35.28,0.00,0.00,21.92
2026-08-23T22:50:31Z,4.667,11485.2,0.975,1594.9,0.096,801.5,0.427,471.2,0.376,118.2,28.88,35.32,0.00,0.00,21.92
2026-08-23T22:50:32Z,4.376,11487.4,0.909,1594.9,0.101,801.5,0.454,470.9,0.369,118.7,27.87,36.59,0.00,0.00,22.41
2026-08-23T22:50:33Z,4.524,11484.4,0.929,1595.1,0.095,801.5,0.453,470.9,0.366,118.2,24.91,35.38,0.00,0.00,22.41
2026-08-23T22:50:34Z,4.444,11484.8,0.920,1594.8,0.100,801.5,0.437,470.9,0.372,118.2,26.40,37.17,0.00,0.00,22.41
2026-08-23T22:50:35Z,4.243,11468.7,0.917,1594.8,0.101,801.7,0.442,470.9,0.358,118.1,30.41,38.69,0.00,0.00,22.41
2026-08-23T22:50:37Z,4.823,11469.3,0.898,1594.8,0.092,801.5,0.450,470.9,0.375,118.2,25.73,30.08,0.00,0.00,22.41
2026-08-23T22:50:38Z,4.608,11475.0,0.908,1594.8,0.092,801.5,0.448,471.0,0.374,118.2,27.57,39.83,0.00,0.00,23.02
2026-08-23T22:50:39Z,4.099,11471.2,0.909,1594.9,0.095,801.5,0.449,470.8,0.363,118.2,29.11,34.48,0.00,0.00,23.02
2026-08-23T22:50:40Z,4.071,11476.5,0.929,1594.8,0.098,801.5,0.440,470.7,0.364,118.4,30.86,37.00,0.00,0.00,23.02
2026-08-23T22:50:41Z,4.122,11475.0,0.899,1594.8,0.103,801.5,0.440,470.8,0.370,118.2,30.57,36.37,0.00,0.00,23.02
2026-08-23T22:50:42Z,4.127,11469.3,0.915,1594.8,0.107,801.5,0.445,470.7,0.374,118.2,33.12,30.96,0.00,0.00,23.02
2026-08-23T22:50:43Z,3.998,11459.7,0.890,1595.1,0.103,801.5,0.444,470.7,0.366,118.2,34.64,25.49,0.00,0.00,22.37
2026-08-23T22:50:44Z,4.069,11456.7,0.893,1594.8,0.103,801.5,0.438,470.7,0.365,118.1,39.72,24.49,0.00,0.00,22.37
2026-08-23T22:50:45Z,4.083,11454.7,0.920,1594.7,0.102,801.5,0.451,470.7,0.371,118.3,40.08,23.74,0.00,0.00,22.37
2026-08-23T22:50:46Z,4.539,11454.8,0.897,1594.7,0.093,801.5,0.422,470.7,0.357,118.1,35.32,24.08,0.00,0.00,22.37
2026-08-23T22:50:47Z,4.931,11467.2,0.899,1594.8,0.087,801.5,0.445,470.7,0.363,118.1,32.81,27.81,0.00,0.00,21.78
2026-08-23T22:50:49Z,4.092,11469.0,0.892,1594.8,0.104,801.5,0.443,471.3,0.368,118.2,41.61,26.26,0.00,0.00,21.78
2026-08-23T22:50:50Z,4.100,11466.8,0.905,1594.8,0.103,801.5,0.439,470.8,0.359,118.1,41.25,25.73,0.00,0.00,21.78
2026-08-23T22:50:51Z,4.075,11468.0,0.916,1594.7,0.102,801.5,0.444,471.0,0.372,118.1,42.08,25.01,0.00,0.00,21.78
2026-08-23T22:50:52Z,4.072,11460.3,0.900,1595.0,0.108,801.5,0.440,471.0,0.365,118.1,43.47,24.49,0.00,0.00,21.78
2026-08-23T22:50:53Z,4.050,11469.8,0.901,1594.7,0.103,801.5,0.439,470.8,0.363,118.1,43.61,25.14,0.00,0.00,21.56
2026-08-23T22:50:54Z,4.244,11457.0,0.901,1594.7,0.104,801.5,0.450,470.8,0.375,118.4,41.79,24.30,0.00,0.00,21.56
2026-08-23T22:50:55Z,4.129,11458.6,0.919,1594.7,0.103,801.5,0.436,471.0,0.367,118.1,42.96,26.32,0.00,0.00,21.56
2026-08-23T22:50:56Z,4.297,11466.6,0.893,1594.7,0.095,801.5,0.439,471.1,0.359,118.1,43.29,34.41,0.00,0.00,21.56
2026-08-23T22:50:57Z,5.053,11452.3,0.871,1594.8,0.086,801.5,0.460,470.7,0.374,118.1,40.85,19.76,0.00,0.00,21.92
2026-08-23T22:50:58Z,4.037,11453.0,0.887,1594.8,0.102,801.5,0.438,470.7,0.360,118.1,43.11,39.52,0.00,0.00,21.92
2026-08-23T22:50:59Z,4.071,11454.9,0.896,1594.8,0.103,801.5,0.445,471.0,0.367,118.2,43.59,33.60,0.00,0.00,21.92
2026-08-23T22:51:00Z,4.073,11456.6,0.905,1594.7,0.101,801.5,0.438,471.0,0.365,118.1,43.85,31.01,0.00,0.00,21.92
2026-08-23T22:51:02Z,4.108,11433.5,0.892,1594.8,0.103,801.7,0.447,470.8,0.375,118.1,45.94,32.97,0.00,0.00,21.92
2026-08-23T22:51:03Z,4.301,11435.0,0.899,1594.7,0.101,801.5,0.445,470.7,0.364,118.1,40.72,30.99,0.00,0.00,21.12
2026-08-23T22:51:04Z,4.283,11438.8,0.889,1594.7,0.100,801.5,0.440,470.8,0.364,118.1,43.85,33.58,0.00,0.00,21.12
2026-08-23T22:51:05Z,4.141,11442.3,0.909,1594.8,0.097,801.5,0.436,471.0,0.367,118.3,42.45,33.72,0.00,0.00,21.12
2026-08-23T22:51:06Z,4.148,11442.3,0.906,1594.7,0.102,801.5,0.442,471.0,0.363,118.1,37.47,37.09,0.00,0.00,21.12
2026-08-23T22:51:07Z,5.194,11436.6,0.877,1594.8,0.082,801.5,0.437,471.0,0.363,118.2,26.28,25.46,0.00,0.00,21.12
2026-08-23T22:51:08Z,4.380,11430.3,0.892,1594.8,0.095,801.5,0.436,470.7,0.369,118.1,40.12,44.17,0.00,0.00,21.19
2026-08-23T22:51:09Z,4.139,11439.1,0.914,1594.8,0.102,801.5,0.442,470.8,0.377,118.2,43.88,37.36,0.00,0.00,21.19
2026-08-23T22:51:10Z,4.117,11445.2,0.927,1594.8,0.101,801.5,0.441,471.0,0.368,118.1,40.78,36.91,0.00,0.00,21.19
2026-08-23T22:51:11Z,4.107,11446.5,0.928,1594.8,0.102,801.5,0.443,470.8,0.370,118.1,38.09,37.01,0.00,0.00,21.19
2026-08-23T22:51:12Z,4.079,11443.0,0.933,1594.8,0.092,801.5,0.435,470.7,0.363,118.1,37.50,26.30,0.00,0.00,20.94
2026-08-23T22:51:14Z,4.042,11449.2,0.928,1594.7,0.103,801.5,0.443,470.7,0.368,118.1,44.25,37.13,0.00,0.00,20.94
2026-08-23T22:51:15Z,4.099,11427.2,0.923,1594.7,0.103,801.5,0.446,470.8,0.368,118.8,44.83,33.11,0.00,0.00,20.94
2026-08-23T22:51:16Z,4.073,11429.7,0.929,1594.8,0.105,801.5,0.448,471.2,0.368,118.1,43.29,34.37,0.00,0.00,20.94
2026-08-23T22:51:17Z,4.903,11427.8,0.900,1594.8,0.087,801.5,0.440,470.8,0.368,118.2,31.29,24.42,0.00,0.00,20.94
2026-08-23T22:51:18Z,4.448,11442.0,0.947,1594.8,0.096,801.5,0.445,470.7,0.373,118.1,37.71,27.73,0.00,0.00,21.42
2026-08-23T22:51:19Z,4.072,11440.5,0.923,1594.8,0.100,801.5,0.433,470.8,0.363,118.2,39.86,38.08,0.00,0.00,21.42
2026-08-23T22:51:20Z,3.650,11435.1,0.907,1594.7,0.105,801.5,0.423,470.7,0.361,118.1,12.95,29.53,0.00,0.00,21.42
2026-08-23T22:51:21Z,3.386,11430.7,0.911,1594.8,0.105,801.5,0.423,470.8,0.350,118.1,12.82,30.50,0.00,0.00,21.42
2026-08-23T22:51:22Z,3.440,11426.6,0.919,1594.7,0.102,801.5,0.423,471.0,0.352,118.1,12.54,30.70,0.00,0.00,20.75
2026-08-23T22:51:23Z,3.635,11424.8,0.899,1594.8,0.104,801.5,0.427,470.7,0.354,118.1,13.02,32.49,0.00,0.00,20.75
2026-08-23T22:51:24Z,4.060,11448.1,0.910,1594.8,0.098,801.5,0.428,471.0,0.363,118.1,11.92,27.25,0.00,0.00,20.75
2026-08-23T22:51:25Z,3.999,11442.5,0.890,1594.7,0.101,801.5,0.427,470.8,0.352,118.1,11.79,27.55,0.00,0.00,20.75
2026-08-23T22:51:27Z,4.791,11423.7,0.906,1594.9,0.091,801.5,0.445,471.1,0.364,118.2,13.11,34.31,0.00,0.00,20.75
2026-08-23T22:51:28Z,5.538,11409.4,0.833,1595.1,0.073,801.5,0.416,470.9,0.339,118.2,14.96,18.26,0.00,0.00,22.05
2026-08-23T22:51:29Z,5.134,11415.5,0.944,1594.8,0.080,801.5,0.462,470.9,0.388,118.2,21.71,26.63,0.00,0.00,22.05
2026-08-23T22:51:30Z,4.630,11431.6,0.923,1594.8,0.098,801.5,0.449,471.1,0.364,118.1,31.86,24.71,0.00,0.00,22.05
2026-08-23T22:51:31Z,4.200,11423.8,0.901,1594.8,0.104,801.5,0.430,470.8,0.359,118.1,36.30,29.97,0.00,0.00,22.05
2026-08-23T22:51:32Z,4.276,11420.0,0.925,1594.8,0.099,801.5,0.443,470.9,0.367,118.2,30.74,41.45,0.00,0.00,22.05
2026-08-23T22:51:33Z,5.195,11434.1,0.880,1595.0,0.082,801.5,0.412,471.3,0.344,118.2,21.82,34.52,0.00,0.00,21.48
2026-08-23T22:51:34Z,5.084,11417.6,0.931,1595.0,0.079,801.5,0.434,470.9,0.376,118.2,22.12,30.14,0.00,0.00,21.48
2026-08-23T22:51:35Z,4.375,11416.2,0.922,1594.7,0.097,801.5,0.430,470.8,0.360,118.1,31.55,41.06,0.00,0.00,21.48
2026-08-23T22:51:36Z,4.570,11399.4,0.901,1594.8,0.095,801.5,0.440,471.2,0.358,118.3,31.87,37.81,0.00,0.00,21.48
2026-08-23T22:51:37Z,4.862,11402.4,0.909,1594.9,0.085,801.5,0.457,470.9,0.368,118.2,28.52,26.60,0.00,0.00,21.12
2026-08-23T22:51:38Z,4.160,11404.7,0.924,1594.8,0.103,801.5,0.433,471.1,0.360,118.2,35.54,40.37,0.00,0.00,21.12
2026-08-23T22:51:40Z,4.140,11404.5,0.906,1595.1,0.099,801.5,0.439,470.9,0.362,118.3,35.00,45.63,0.00,0.00,21.12
2026-08-23T22:51:41Z,4.155,11407.8,0.910,1594.8,0.102,801.5,0.434,470.9,0.367,118.2,38.08,37.68,0.00,0.00,21.12
2026-08-23T22:51:42Z,4.121,11408.5,0.913,1595.1,0.106,801.5,0.446,471.4,0.365,118.4,39.09,32.71,0.00,0.00,21.12
2026-08-23T22:51:43Z,4.113,11417.2,0.918,1594.8,0.104,801.5,0.440,471.1,0.369,118.1,46.39,31.92,0.00,0.00,20.07
2026-08-23T22:51:44Z,4.093,11421.4,0.928,1594.8,0.103,801.5,0.448,471.3,0.360,118.2,43.36,31.27,0.00,0.00,20.07
2026-08-23T22:51:45Z,4.044,11417.5,0.968,1594.8,0.102,801.5,0.446,471.4,0.374,118.4,37.25,28.23,0.00,0.00,20.07
2026-08-23T22:51:46Z,4.537,11401.5,0.917,1594.8,0.097,801.5,0.441,470.9,0.368,118.2,88.39,33.39,0.00,0.00,20.07
2026-08-23T22:51:47Z,5.330,11415.2,0.888,1594.9,0.079,801.5,0.400,471.0,0.366,118.4,168.90,16.49,0.00,0.00,20.71
2026-08-23T22:51:48Z,4.819,11461.9,0.982,1594.9,0.087,801.5,0.456,471.0,0.380,118.1,247.03,21.77,0.00,0.00,20.71
2026-08-23T22:51:49Z,4.481,11561.1,0.922,1594.9,0.081,801.5,0.430,470.7,0.363,118.1,277.51,157.39,0.00,0.00,20.71
2026-08-23T22:51:50Z,4.269,11646.2,0.909,1594.9,0.078,801.5,0.441,471.0,0.365,118.3,248.06,137.57,0.00,0.00,20.71
2026-08-23T22:51:52Z,4.502,11685.4,0.959,1595.0,0.085,801.5,0.456,471.0,0.387,118.3,220.87,109.90,0.00,0.00,20.71
2026-08-23T22:51:53Z,4.007,11700.9,0.905,1595.2,0.074,801.5,0.429,470.9,0.346,118.6,197.56,295.77,0.00,0.00,20.33
2026-08-23T22:51:54Z,4.810,11722.6,0.933,1595.0,0.090,801.5,0.443,470.8,0.380,118.3,253.95,21.78,0.00,0.00,20.33
2026-08-23T22:51:55Z,4.756,11762.2,0.950,1595.1,0.088,801.5,0.442,470.8,0.364,118.2,251.96,36.56,0.00,0.00,20.33
2026-08-23T22:51:56Z,4.401,11768.2,0.945,1595.0,0.079,801.5,0.441,470.8,0.381,118.3,232.74,126.79,0.00,0.00,20.33
2026-08-23T22:51:57Z,5.131,11786.5,0.879,1595.1,0.073,801.5,0.433,471.2,0.344,118.4,220.67,109.35,0.00,0.00,20.33
2026-08-23T22:51:58Z,4.505,11751.7,0.917,1595.0,0.073,801.5,0.448,471.4,0.376,118.3,201.30,192.46,0.00,0.00,21.51
2026-08-23T22:51:59Z,4.706,11801.4,0.918,1595.0,0.096,801.5,0.437,470.9,0.376,118.4,240.04,28.69,0.00,0.00,21.51
2026-08-23T22:52:00Z,4.462,11814.2,0.918,1595.0,0.086,801.5,0.434,470.9,0.362,118.2,241.73,108.17,0.00,0.00,21.51
2026-08-23T22:52:01Z,4.473,11816.3,0.932,1594.9,0.085,801.5,0.439,471.2,0.353,118.3,237.10,137.61,0.00,0.00,21.51
2026-08-23T22:52:02Z,4.531,11828.0,0.891,1595.1,0.085,801.5,0.452,470.9,0.372,118.3,218.96,83.62,0.00,0.00,21.55
2026-08-23T22:52:04Z,3.990,11812.1,0.864,1595.0,0.067,801.5,0.445,471.2,0.364,118.4,136.41,259.39,0.00,0.00,21.55
2026-08-23T22:52:05Z,4.817,11828.0,0.915,1595.5,0.091,801.5,0.445,471.2,0.369,118.4,237.30,25.97,0.00,0.00,21.55
2026-08-23T22:52:06Z,4.625,11817.6,0.971,1595.0,0.092,801.5,0.450,471.1,0.371,118.4,234.65,22.42,0.00,0.00,21.55
2026-08-23T22:52:07Z,5.113,11814.6,0.879,1595.1,0.075,801.5,0.438,471.0,0.362,118.5,115.90,64.19,0.00,0.00,21.55
2026-08-23T22:52:08Z,4.082,11803.5,0.868,1595.0,0.075,801.5,0.418,471.3,0.346,118.5,200.61,313.70,0.00,0.00,22.38
2026-08-23T22:52:09Z,4.843,11814.3,0.962,1595.0,0.082,801.5,0.476,471.2,0.407,118.4,247.14,19.99,0.00,0.00,22.38
2026-08-23T22:52:10Z,4.713,11825.4,0.923,1595.0,0.094,801.5,0.434,470.9,0.367,118.3,264.03,26.97,0.00,0.00,22.38
2026-08-23T22:52:11Z,4.344,11818.0,0.910,1595.0,0.088,801.5,0.460,470.9,0.374,118.3,221.71,111.42,0.00,0.00,22.38
2026-08-23T22:52:12Z,4.468,11835.0,0.923,1595.5,0.083,801.5,0.431,470.9,0.370,118.4,252.12,131.92,0.00,0.00,24.03
2026-08-23T22:52:13Z,3.875,11798.6,0.853,1595.3,0.075,801.5,0.408,471.1,0.340,118.4,229.12,308.29,0.00,0.00,24.03
2026-08-23T22:52:14Z,4.656,11796.1,0.938,1595.1,0.092,801.5,0.454,470.9,0.390,118.3,202.15,19.78,0.00,0.00,24.03
2026-08-23T22:52:16Z,4.856,11817.8,0.940,1595.0,0.091,801.5,0.442,471.2,0.365,118.3,306.39,36.02,0.00,0.00,24.03
2026-08-23T22:52:17Z,4.891,11825.2,0.912,1595.0,0.077,801.5,0.462,471.5,0.358,118.3,211.54,100.26,0.00,0.00,24.03
2026-08-23T22:52:18Z,4.908,11818.9,0.905,1594.9,0.070,801.5,0.429,470.9,0.353,118.3,151.46,108.68,0.00,0.00,26.43
2026-08-23T22:52:19Z,4.029,11827.2,0.849,1595.4,0.074,801.5,0.430,471.1,0.362,118.5,210.86,265.83,0.00,0.00,26.43
2026-08-23T22:52:20Z,4.862,11791.6,0.919,1595.1,0.088,801.5,0.452,471.2,0.389,118.4,134.96,27.07,0.00,0.00,26.43
2026-08-23T22:52:21Z,4.977,11802.5,0.932,1595.0,0.085,801.5,0.449,471.2,0.368,118.4,168.42,22.78,0.00,0.00,26.43
2026-08-23T22:52:22Z,4.941,11797.8,0.947,1595.3,0.082,801.5,0.459,471.5,0.380,118.3,188.58,22.22,0.00,0.00,26.43
2026-08-23T22:52:23Z,4.709,11810.5,0.944,1595.2,0.083,801.5,0.446,471.0,0.367,118.4,183.78,108.37,0.00,0.00,26.40
2026-08-23T22:52:24Z,4.466,11811.5,0.869,1595.6,0.072,801.5,0.426,471.1,0.363,118.5,42.02,286.51,0.00,0.00,26.40
2026-08-23T22:52:25Z,4.945,11795.3,0.944,1595.1,0.090,801.5,0.448,471.1,0.381,118.3,43.51,37.28,0.00,0.00,26.40
2026-08-23T22:52:26Z,5.246,11810.3,0.937,1595.0,0.077,801.7,0.429,471.1,0.383,118.4,35.66,28.52,0.00,0.00,26.40
2026-08-23T22:52:28Z,5.271,11794.6,0.848,1595.4,0.066,801.5,0.434,471.2,0.357,118.5,27.19,130.56,0.00,0.00,26.93
2026-08-23T22:52:29Z,4.933,11800.3,0.902,1595.2,0.070,801.5,0.461,471.0,0.383,118.4,26.60,145.15,0.00,0.00,26.93
2026-08-23T22:52:30Z,4.216,11786.4,0.754,1595.3,0.056,801.5,0.382,471.7,0.296,118.6,38.70,303.10,0.00,0.00,26.93
2026-08-23T22:52:31Z,5.191,11788.0,0.910,1595.2,0.079,801.5,0.452,471.3,0.372,118.5,38.34,42.27,0.00,0.00,26.93
2026-08-23T22:52:32Z,5.222,11811.6,0.940,1595.0,0.083,801.5,0.446,471.3,0.374,118.7,59.23,20.47,0.00,0.00,26.93
2026-08-23T22:52:33Z,5.318,11805.7,0.925,1595.1,0.079,801.5,0.444,471.4,0.372,118.5,66.40,26.45,0.00,0.00,26.77
2026-08-23T22:52:34Z,5.250,11801.9,0.905,1595.4,0.081,801.5,0.432,471.3,0.348,118.5,54.83,30.18,0.00,0.00,26.77
2026-08-23T22:52:35Z,5.284,11794.9,0.927,1595.0,0.080,801.5,0.442,471.1,0.362,118.3,101.96,33.52,0.00,0.00,26.77
2026-08-23T22:52:36Z,5.190,11800.2,0.907,1595.0,0.079,801.5,0.448,471.1,0.367,118.4,129.33,29.36,0.00,0.00,26.77
2026-08-23T22:52:37Z,5.271,11782.2,0.955,1595.0,0.071,801.5,0.474,471.2,0.384,118.3,117.02,23.41,0.00,0.00,28.63
2026-08-23T22:52:38Z,5.145,11783.0,0.954,1595.0,0.078,801.5,0.454,471.1,0.375,118.2,151.92,23.71,0.00,0.00,28.63
2026-08-23T22:52:40Z,4.911,11786.4,0.898,1595.0,0.092,801.5,0.443,471.1,0.371,118.3,169.50,28.54,0.00,0.00,28.63
2026-08-23T22:52:41Z,4.826,11801.4,0.906,1595.0,0.087,801.5,0.453,471.1,0.375,118.2,160.94,30.88,0.00,0.00,28.63
2026-08-23T22:52:42Z,4.947,11795.6,0.916,1595.0,0.094,801.5,0.448,471.1,0.377,118.2,161.96,30.49,0.00,0.00,28.63
2026-08-23T22:52:43Z,4.835,11764.9,0.955,1595.0,0.082,801.5,0.449,471.4,0.376,118.2,149.88,26.72,0.00,0.00,28.66
2026-08-23T22:52:44Z,4.520,11767.2,1.106,1595.2,0.079,801.5,0.451,471.2,0.364,118.6,137.61,16.98,0.00,0.00,28.66
2026-08-23T22:52:45Z,4.709,11790.9,1.005,1595.1,0.086,801.5,0.452,471.1,0.377,118.4,204.00,22.26,0.00,0.00,28.66
2026-08-23T22:52:46Z,4.823,11775.6,0.993,1595.1,0.088,801.7,0.439,471.6,0.370,118.4,186.97,24.61,0.00,0.00,28.66
2026-08-23T22:52:47Z,5.226,11780.5,0.947,1595.2,0.080,801.5,0.427,471.1,0.363,118.4,111.23,21.68,0.00,0.00,30.13
2026-08-23T22:52:48Z,5.230,11782.1,0.960,1595.1,0.080,801.5,0.449,471.1,0.372,118.4,190.53,16.15,0.00,0.00,30.13
2026-08-23T22:52:49Z,4.667,11786.9,0.965,1595.1,0.092,801.5,0.444,471.1,0.376,118.4,184.52,24.41,0.00,0.00,30.13
2026-08-23T22:52:50Z,4.625,11787.8,0.944,1595.0,0.094,801.5,0.436,471.3,0.363,118.3,173.28,37.42,0.00,0.00,30.13
2026-08-23T22:52:52Z,4.829,11773.3,0.947,1595.1,0.091,801.5,0.441,471.1,0.361,118.3,220.18,26.62,0.00,0.00,30.13
2026-08-23T22:52:53Z,4.666,11794.6,0.961,1595.0,0.095,801.5,0.439,471.3,0.364,118.3,208.70,22.79,0.00,0.00,29.00
2026-08-23T22:52:54Z,4.940,11783.2,0.972,1595.0,0.084,801.5,0.443,470.9,0.365,118.3,166.02,18.98,0.00,0.00,29.00
2026-08-23T22:52:55Z,4.857,11797.8,0.984,1595.0,0.076,801.5,0.445,471.0,0.370,118.2,188.35,17.19,0.00,0.00,29.00
2026-08-23T22:52:56Z,4.845,11803.0,0.984,1594.9,0.081,801.5,0.446,471.0,0.361,118.2,182.48,18.19,0.00,0.00,29.00
2026-08-23T22:52:57Z,5.412,11785.9,0.892,1595.1,0.074,801.5,0.417,471.2,0.350,118.3,179.79,14.06,0.00,0.00,29.00
2026-08-23T22:52:58Z,4.953,11759.2,0.965,1595.2,0.086,801.5,0.460,470.9,0.392,118.2,138.55,20.46,0.00,0.00,28.92
2026-08-23T22:52:59Z,4.737,11779.3,0.946,1595.2,0.092,801.5,0.432,471.2,0.365,118.2,194.10,24.34,0.00,0.00,28.92
2026-08-23T22:53:00Z,4.297,11780.1,0.874,1595.0,0.086,801.5,0.406,471.0,0.338,118.2,172.30,169.60,0.00,0.00,28.92
2026-08-23T22:53:01Z,4.483,11769.3,1.045,1595.0,0.084,801.5,0.490,471.0,0.406,118.6,154.31,87.82,0.00,0.00,28.92
2026-08-23T22:53:02Z,4.893,11778.0,0.960,1595.0,0.086,801.5,0.445,471.0,0.364,118.3,185.12,20.38,0.00,0.00,29.17
2026-08-23T22:53:04Z,5.200,11286.1,0.932,1595.3,0.072,801.5,0.439,471.0,0.357,118.3,88.07,15.00,0.00,0.00,29.17
2026-08-23T22:53:05Z,4.691,11324.2,1.000,1595.1,0.073,801.5,0.449,471.0,0.381,118.3,25.14,16.18,0.00,0.00,29.17
2026-08-23T22:53:06Z,4.049,11374.5,0.977,1595.0,0.097,801.5,0.443,470.9,0.371,118.3,38.24,23.31,0.00,0.00,29.17
2026-08-23T22:53:07Z,4.719,11439.4,0.972,1595.1,0.087,801.5,0.448,471.0,0.366,118.3,34.01,25.21,0.00,0.00,29.17
2026-08-23T22:53:08Z,5.028,11472.9,0.958,1595.1,0.083,801.5,0.449,471.0,0.363,118.6,27.01,21.75,0.00,0.00,30.43
2026-08-23T22:53:09Z,4.317,11518.2,0.964,1594.9,0.097,801.5,0.448,470.9,0.377,118.3,38.13,26.57,0.00,0.00,30.43
2026-08-23T22:53:10Z,4.044,11576.5,0.932,1594.9,0.105,801.5,0.439,471.1,0.365,118.2,43.19,30.47,0.00,0.00,30.43
2026-08-23T22:53:11Z,4.044,11635.7,0.936,1594.9,0.100,801.5,0.439,470.9,0.359,118.2,44.98,35.44,0.00,0.00,30.43
2026-08-23T22:53:12Z,4.110,11694.4,0.943,1594.9,0.104,801.5,0.444,470.9,0.373,118.2,44.17,27.08,0.00,0.00,30.16
2026-08-23T22:53:13Z,4.018,11753.3,0.932,1595.0,0.103,801.5,0.437,470.8,0.364,118.2,44.21,29.11,0.00,0.00,30.16
2026-08-23T22:53:14Z,4.209,11741.9,0.933,1595.2,0.101,801.5,0.451,470.8,0.375,118.4,35.94,37.30,0.00,0.00,30.16
2026-08-23T22:53:16Z,4.143,11766.8,0.922,1594.8,0.101,801.5,0.449,470.8,0.376,118.1,39.50,35.31,0.00,0.00,30.16
2026-08-23T22:53:17Z,4.909,11762.3,0.863,1594.9,0.086,801.5,0.439,471.2,0.344,118.2,33.58,25.36,0.00,0.00,30.16
2026-08-23T22:53:18Z,4.723,11737.6,0.931,1594.9,0.087,801.5,0.462,470.9,0.388,118.1,35.87,27.87,0.00,0.00,29.91
2026-08-23T22:53:19Z,4.160,11729.9,0.921,1594.9,0.103,801.5,0.457,470.9,0.378,118.2,40.67,32.74,0.00,0.00,29.91
2026-08-23T22:53:20Z,4.170,11756.5,0.896,1594.9,0.101,801.5,0.447,471.2,0.372,118.1,41.84,32.98,0.00,0.00,29.91
2026-08-23T22:53:21Z,4.249,11743.0,0.930,1594.9,0.101,801.5,0.448,471.2,0.376,118.2,36.88,31.08,0.00,0.00,29.91
2026-08-23T22:53:22Z,4.175,11735.1,0.908,1594.9,0.100,801.5,0.446,470.9,0.373,118.1,42.28,38.41,0.00,0.00,29.91
2026-08-23T22:53:23Z,4.121,11733.3,0.900,1594.9,0.104,801.5,0.443,470.9,0.372,118.1,43.19,36.47,0.00,0.00,29.35
2026-08-23T22:53:24Z,4.281,11747.6,0.919,1594.9,0.101,801.5,0.449,471.1,0.377,118.1,40.45,35.88,0.00,0.00,29.35
2026-08-23T22:53:25Z,4.190,11753.7,0.906,1594.8,0.101,801.5,0.453,471.1,0.368,118.0,38.96,34.74,0.00,0.00,29.35
2026-08-23T22:53:26Z,4.803,11746.6,0.932,1594.8,0.086,801.5,0.459,470.9,0.379,118.1,34.48,29.42,0.00,0.00,29.35
2026-08-23T22:53:27Z,5.241,11744.4,0.883,1595.1,0.075,801.5,0.446,471.1,0.387,118.1,24.08,22.68,0.00,0.00,30.45
2026-08-23T22:53:29Z,4.617,11737.6,0.913,1594.8,0.095,801.5,0.453,470.9,0.370,118.1,34.76,35.25,0.00,0.00,30.45
2026-08-23T22:53:30Z,3.894,11734.3,0.895,1594.8,0.101,801.5,0.425,470.9,0.362,118.1,14.53,29.28,0.00,0.00,30.45
2026-08-23T22:53:31Z,4.064,11728.6,0.873,1594.9,0.101,801.5,0.437,470.8,0.359,118.1,12.26,31.31,0.00,0.00,30.45
2026-08-23T22:53:32Z,4.326,11755.8,0.885,1594.9,0.095,801.5,0.436,470.8,0.356,118.1,12.37,43.78,0.00,0.00,30.45
2026-08-23T22:53:33Z,4.592,11745.6,0.876,1594.8,0.094,801.5,0.436,471.1,0.364,118.3,12.83,25.22,0.00,0.00,29.85
2026-08-23T22:53:34Z,3.931,11736.6,0.858,1594.8,0.099,801.5,0.427,471.0,0.362,118.1,12.89,28.10,0.00,0.00,29.85
2026-08-23T22:53:35Z,3.548,11729.2,0.862,1594.8,0.106,801.5,0.430,470.8,0.352,118.0,13.07,31.19,0.00,0.00,29.85
2026-08-23T22:53:36Z,3.628,11728.6,0.877,1594.8,0.106,801.5,0.434,471.1,0.361,118.0,12.59,31.65,0.00,0.00,29.85
2026-08-23T22:53:37Z,4.922,11722.1,0.884,1594.8,0.091,801.5,0.435,470.8,0.365,118.1,12.03,27.56,0.00,0.00,29.38
2026-08-23T22:53:38Z,3.714,11737.6,0.859,1595.1,0.102,801.5,0.424,471.0,0.363,118.1,10.80,29.32,0.00,0.00,29.38
2026-08-23T22:53:39Z,3.402,11723.4,0.866,1594.8,0.109,801.5,0.432,470.9,0.360,118.0,11.62,29.67,0.00,0.00,29.38
2026-08-23T22:53:41Z,3.377,11742.3,0.933,1595.0,0.105,801.5,0.435,470.7,0.363,118.0,11.13,29.31,0.00,0.00,29.38
2026-08-23T22:53:42Z,3.354,11726.2,0.893,1594.8,0.102,801.5,0.428,470.7,0.349,118.0,10.63,37.33,0.00,0.00,29.38
2026-08-23T22:53:43Z,3.357,11745.9,0.893,1594.8,0.106,801.5,0.429,470.7,0.356,118.3,11.31,30.03,0.00,0.00,27.75
2026-08-23T22:53:44Z,3.463,11731.6,0.913,1594.8,0.109,801.5,0.442,470.7,0.360,118.0,11.58,31.35,0.00,0.00,27.75
2026-08-23T22:53:45Z,3.450,11752.1,0.926,1594.7,0.106,801.5,0.442,470.9,0.367,118.0,11.76,29.56,0.00,0.00,27.75
2026-08-23T22:53:46Z,3.440,11744.3,0.911,1594.7,0.105,801.5,0.439,470.9,0.359,118.0,12.63,29.77,0.00,0.00,27.75
2026-08-23T22:53:47Z,4.860,11728.8,0.902,1594.8,0.084,801.5,0.446,470.7,0.360,118.1,11.41,21.24,0.00,0.00,27.75
2026-08-23T22:53:48Z,3.626,11754.6,0.901,1594.8,0.107,801.5,0.430,470.6,0.358,118.2,13.24,29.86,0.00,0.00,27.21
2026-08-23T22:53:49Z,3.506,11747.1,0.924,1595.0,0.108,801.5,0.431,470.9,0.364,118.0,13.52,30.46,0.00,0.00,27.21
2026-08-23T22:53:50Z,3.424,11740.9,0.904,1594.7,0.108,801.5,0.422,470.9,0.360,118.0,12.64,33.02,0.00,0.00,27.21
2026-08-23T22:53:51Z,3.383,11731.9,0.905,1594.7,0.105,801.5,0.426,470.6,0.359,118.0,13.57,30.81,0.00,0.00,27.21
2026-08-23T22:53:52Z,3.430,11723.9,0.907,1594.7,0.107,801.5,0.422,470.6,0.356,118.0,12.77,37.52,0.00,0.00,26.63
2026-08-23T22:53:53Z,3.462,11715.3,0.896,1594.7,0.105,801.5,0.420,470.9,0.359,118.0,13.55,30.07,0.00,0.00,26.63
2026-08-23T22:53:55Z,3.649,11740.2,0.931,1594.7,0.107,801.5,0.441,470.7,0.361,118.0,13.16,27.83,0.00,0.00,26.63
2026-08-23T22:53:56Z,3.617,11732.3,0.918,1594.7,0.105,801.5,0.435,470.6,0.361,118.0,14.32,28.89,0.00,0.00,26.63
2026-08-23T22:53:57Z,4.551,11741.4,0.888,1594.8,0.094,801.5,0.427,470.7,0.351,118.6,12.85,24.98,0.00,0.00,26.63
2026-08-23T22:53:58Z,4.076,11713.8,0.917,1594.8,0.097,801.5,0.446,470.9,0.371,118.0,11.80,24.57,0.00,0.00,26.42
2026-08-23T22:53:59Z,3.487,11736.4,0.926,1594.8,0.102,801.5,0.438,470.6,0.359,118.3,11.73,27.21,0.00,0.00,26.42
2026-08-23T22:54:00Z,3.445,11725.4,0.902,1594.7,0.108,801.5,0.438,470.9,0.360,118.0,11.78,30.18,0.00,0.00,26.42
2026-08-23T22:54:01Z,3.485,11714.0,0.914,1594.7,0.110,801.5,0.444,470.6,0.366,118.0,11.48,29.65,0.00,0.00,26.42
2026-08-23T22:54:02Z,3.526,11736.4,0.930,1594.7,0.106,801.5,0.444,470.9,0.370,118.0,11.81,45.85,0.00,0.00,25.83
2026-08-23T22:54:03Z,3.810,11726.3,0.894,1594.7,0.105,801.5,0.441,470.6,0.361,118.0,12.75,27.17,0.00,0.00,25.83
2026-08-23T22:54:04Z,3.803,11714.4,0.934,1594.7,0.103,801.5,0.446,470.9,0.373,118.2,12.03,25.19,0.00,0.00,25.83
2026-08-23T22:54:05Z,3.615,11739.1,0.939,1594.7,0.109,801.5,0.451,470.6,0.373,118.0,12.61,27.79,0.00,0.00,25.83
2026-08-23T22:54:06Z,4.212,11740.8,0.938,1594.8,0.098,801.5,0.443,470.9,0.368,118.3,11.29,26.35,0.00,0.00,25.83
2026-08-23T22:54:08Z,4.534,11734.3,1.041,1594.8,0.101,801.5,0.471,470.7,0.407,118.1,110.62,25.27,0.00,0.00,25.68
2026-08-23T22:54:09Z,4.188,11707.4,0.983,1594.8,0.104,801.5,0.466,470.9,0.386,118.0,103.92,37.79,0.00,0.00,25.68
2026-08-23T22:54:10Z,4.419,11731.7,0.975,1594.8,0.095,801.5,0.448,470.7,0.366,118.0,25.44,37.37,0.00,0.00,25.68
2026-08-23T22:54:11Z,3.895,11706.4,0.928,1594.7,0.104,801.5,0.441,470.6,0.363,118.0,11.65,28.89,0.00,0.00,25.68
2026-08-23T22:54:12Z,3.425,11732.1,0.923,1594.8,0.108,801.5,0.442,470.7,0.361,118.1,12.24,28.89,0.00,0.00,25.68
2026-08-23T22:54:13Z,3.393,11723.1,0.917,1594.7,0.104,801.5,0.426,470.6,0.348,118.0,12.14,36.20,0.00,0.00,25.86
2026-08-23T22:54:14Z,3.398,11714.8,0.910,1594.8,0.108,801.5,0.437,470.7,0.356,118.0,11.71,32.32,0.00,0.00,25.86
2026-08-23T22:54:15Z,3.442,11705.1,0.953,1594.7,0.107,801.5,0.438,470.6,0.367,118.0,12.05,28.70,0.00,0.00,25.86
2026-08-23T22:54:16Z,3.861,11709.7,0.934,1595.0,0.100,801.5,0.441,470.7,0.356,118.1,11.47,27.60,0.00,0.00,25.86
2026-08-23T22:54:17Z,4.581,11716.5,0.944,1594.8,0.087,801.5,0.442,470.6,0.370,118.0,10.58,21.94,0.00,0.00,26.04
2026-08-23T22:54:19Z,3.531,11709.7,0.926,1594.8,0.114,801.5,0.445,470.9,0.367,118.1,12.99,30.13,0.00,0.00,26.04
2026-08-23T22:54:20Z,3.487,11717.7,0.934,1594.8,0.108,801.5,0.429,470.6,0.359,118.0,18.30,28.49,0.00,0.00,26.04
2026-08-23T22:54:21Z,3.441,11710.3,0.929,1594.8,0.107,801.5,0.424,470.7,0.355,118.0,13.41,27.81,0.00,0.00,26.04
2026-08-23T22:54:22Z,3.448,11702.3,0.942,1594.7,0.106,801.5,0.425,470.6,0.361,118.0,12.05,28.68,0.00,0.00,26.04
2026-08-23T22:54:23Z,3.441,11694.5,0.927,1594.7,0.107,801.7,0.424,471.1,0.354,118.0,12.37,36.80,0.00,0.00,25.55
2026-08-23T22:54:24Z,3.507,11719.1,0.920,1594.8,0.107,801.5,0.427,470.7,0.351,118.1,12.42,29.61,0.00,0.00,25.55
2026-08-23T22:54:25Z,3.519,11708.9,0.946,1594.7,0.106,801.5,0.433,470.9,0.360,118.0,11.66,28.26,0.00,0.00,25.55
2026-08-23T22:54:26Z,3.909,11709.9,0.942,1594.7,0.102,801.5,0.438,470.7,0.363,118.0,11.89,28.10,0.00,0.00,25.55
2026-08-23T22:54:27Z,5.163,11693.2,0.912,1594.8,0.079,801.5,0.437,470.9,0.367,118.0,10.36,21.42,0.00,0.00,25.91
2026-08-23T22:54:28Z,4.457,11719.8,0.920,1594.8,0.096,801.5,0.427,470.7,0.358,118.3,12.19,26.25,0.00,0.00,25.91
2026-08-23T22:54:29Z,4.572,11680.3,0.928,1594.8,0.094,801.7,0.434,470.9,0.364,118.6,14.46,27.45,0.00,0.00,25.91
2026-08-23T22:54:31Z,4.844,11697.1,0.930,1594.7,0.089,801.5,0.428,470.6,0.355,118.0,25.38,34.05,0.00,0.00,25.91
2026-08-23T22:54:32Z,4.659,11684.0,0.940,1594.7,0.093,801.5,0.444,470.6,0.375,118.0,27.23,36.25,0.00,0.00,25.91
2026-08-23T22:54:33Z,4.432,11698.3,0.928,1594.8,0.099,801.5,0.437,470.7,0.359,118.0,30.17,46.15,0.00,0.00,25.76
2026-08-23T22:54:34Z,4.475,11690.9,0.927,1594.8,0.093,801.5,0.447,470.6,0.375,118.1,24.60,60.14,0.00,0.00,25.76
2026-08-23T22:54:35Z,4.511,11675.2,0.932,1594.8,0.098,801.5,0.455,470.7,0.376,118.1,25.99,35.92,0.00,0.00,25.76
2026-08-23T22:54:36Z,4.448,11698.2,0.923,1594.8,0.100,801.5,0.444,471.1,0.372,118.1,28.53,36.50,0.00,0.00,25.76
2026-08-23T22:54:37Z,5.072,11657.7,0.917,1594.8,0.084,801.5,0.433,470.7,0.363,118.1,20.40,28.86,0.00,0.00,26.66
2026-08-23T22:54:38Z,4.632,11662.3,0.944,1594.8,0.089,801.5,0.440,470.6,0.367,118.0,29.82,34.00,0.00,0.00,26.66
2026-08-23T22:54:39Z,4.192,11693.0,0.912,1595.1,0.103,801.5,0.441,470.6,0.368,118.1,35.96,39.52,0.00,0.00,26.66
2026-08-23T22:54:40Z,4.273,11688.1,0.890,1594.7,0.101,801.5,0.437,470.6,0.360,118.0,33.76,38.39,0.00,0.00,26.66
2026-08-23T22:54:42Z,4.199,11683.8,0.894,1594.8,0.103,801.5,0.439,470.9,0.367,118.0,36.22,37.27,0.00,0.00,26.66
2026-08-23T22:54:43Z,4.207,11679.6,0.908,1594.8,0.098,801.5,0.444,470.6,0.368,118.0,35.60,37.34,0.00,0.00,27.65
2026-08-23T22:54:44Z,4.152,11647.5,0.882,1594.8,0.103,801.5,0.446,470.6,0.368,118.3,36.28,46.35,0.00,0.00,27.65
2026-08-23T22:54:45Z,5.121,11636.0,0.872,1594.8,0.087,801.5,0.423,470.6,0.359,118.0,31.00,34.12,0.00,0.00,27.65
2026-08-23T22:54:46Z,5.110,11668.4,0.893,1594.8,0.085,801.5,0.437,470.7,0.359,118.0,33.31,39.81,0.00,0.00,27.65
2026-08-23T22:54:47Z,5.451,11665.4,0.853,1594.9,0.077,801.5,0.443,470.8,0.361,118.1,65.25,23.37,0.00,0.00,27.65
2026-08-23T22:54:48Z,5.294,11642.5,0.904,1595.1,0.081,801.5,0.440,470.8,0.367,118.1,113.10,20.18,0.00,0.00,28.88
2026-08-23T22:54:49Z,5.287,11647.4,0.900,1594.9,0.085,801.5,0.427,471.0,0.357,118.3,67.53,29.63,0.00,0.00,28.88
2026-08-23T22:54:50Z,5.347,11648.6,0.868,1594.8,0.078,801.5,0.424,471.0,0.362,118.1,28.58,30.54,0.00,0.00,28.88
2026-08-23T22:54:51Z,5.191,11674.1,0.884,1594.9,0.085,801.5,0.438,470.8,0.361,118.3,26.19,38.30,0.00,0.00,28.88
2026-08-23T22:54:53Z,5.100,11661.6,0.874,1594.8,0.090,801.5,0.437,470.7,0.366,118.3,33.71,33.21,0.00,0.00,30.25
2026-08-23T22:54:54Z,4.475,11653.5,0.896,1594.8,0.095,801.5,0.438,471.0,0.370,118.1,37.36,41.64,0.00,0.00,30.25
2026-08-23T22:54:55Z,4.563,11673.5,0.876,1594.8,0.100,801.5,0.438,470.7,0.365,118.3,35.46,29.76,0.00,0.00,30.25
2026-08-23T22:54:56Z,4.434,11664.6,0.844,1594.8,0.096,801.5,0.433,470.8,0.359,118.3,38.58,28.54,0.00,0.00,30.25
2026-08-23T22:54:57Z,5.333,11654.8,0.861,1594.9,0.081,801.5,0.433,470.7,0.365,118.1,27.32,20.50,0.00,0.00,30.25
2026-08-23T22:54:58Z,4.896,11659.0,0.923,1594.8,0.087,801.5,0.436,470.6,0.367,118.1,30.27,25.74,0.00,0.00,30.63
2026-08-23T22:54:59Z,4.463,11652.2,0.893,1594.9,0.098,801.5,0.439,470.7,0.368,118.1,36.72,32.26,0.00,0.00,30.63
2026-08-23T22:55:00Z,4.377,11648.9,0.856,1594.8,0.101,801.5,0.444,470.6,0.364,118.0,42.54,33.08,0.00,0.00,30.63
2026-08-23T22:55:01Z,4.512,11672.0,0.948,1594.8,0.104,801.5,0.462,471.0,0.388,118.1,37.15,31.27,0.00,0.00,30.63
2026-08-23T22:55:02Z,4.454,11664.3,0.913,1594.8,0.099,801.5,0.440,470.6,0.369,118.1,36.84,31.12,0.00,0.00,30.34
2026-08-23T22:55:04Z,4.423,11649.8,0.885,1594.9,0.089,801.5,0.436,470.8,0.362,118.1,31.59,44.53,0.00,0.00,30.34
2026-08-23T22:55:05Z,4.492,11666.3,0.906,1594.8,0.078,801.5,0.435,470.7,0.364,118.1,30.16,27.07,0.00,0.00,30.34
2026-08-23T22:55:06Z,4.274,11655.1,0.909,1594.9,0.088,801.5,0.457,470.7,0.374,118.1,35.88,27.28,0.00,0.00,30.34
2026-08-23T22:55:07Z,5.158,11647.8,0.855,1594.8,0.078,801.5,0.441,471.0,0.352,118.4,21.92,26.45,0.00,0.00,30.34
2026-08-23T22:55:08Z,4.966,11641.2,0.909,1594.9,0.086,801.5,0.460,471.0,0.390,118.1,24.07,23.72,0.00,0.00,30.71
2026-08-23T22:55:09Z,4.663,11658.4,0.898,1594.8,0.095,801.5,0.446,470.9,0.372,118.1,27.22,34.83,0.00,0.00,30.71
2026-08-23T22:55:10Z,4.719,11646.2,0.877,1594.8,0.098,801.5,0.450,470.7,0.370,118.1,30.90,33.25,0.00,0.00,30.71
2026-08-23T22:55:11Z,4.592,11632.6,0.890,1594.8,0.096,801.5,0.450,470.7,0.369,118.1,29.20,30.69,0.00,0.00,30.71
2026-08-23T22:55:12Z,4.497,11651.5,0.887,1594.9,0.098,801.5,0.443,470.7,0.377,118.1,37.81,28.00,0.00,0.00,30.81
2026-08-23T22:55:13Z,4.446,11642.2,0.910,1594.9,0.098,801.5,0.450,470.7,0.368,118.1,37.97,27.98,0.00,0.00,30.81
2026-08-23T22:55:15Z,4.332,11635.0,0.948,1594.9,0.098,801.5,0.444,470.9,0.369,118.1,37.84,37.48,0.00,0.00,30.81
2026-08-23T22:55:16Z,4.454,11630.3,0.943,1594.8,0.098,801.5,0.442,470.9,0.361,118.0,37.49,32.21,0.00,0.00,30.81
2026-08-23T22:55:17Z,5.089,11654.1,0.896,1594.7,0.085,801.5,0.425,470.9,0.349,118.1,31.43,27.56,0.00,0.00,30.81
2026-08-23T22:55:18Z,5.051,11629.7,0.914,1594.8,0.080,801.5,0.436,470.6,0.365,118.1,26.28,25.74,0.00,0.00,31.63
2026-08-23T22:55:19Z,4.609,11657.1,0.934,1594.8,0.096,801.7,0.452,470.9,0.380,118.1,32.89,40.84,0.00,0.00,31.63
2026-08-23T22:55:20Z,4.395,11652.4,0.928,1594.8,0.103,801.5,0.459,470.9,0.378,118.0,37.17,37.58,0.00,0.00,31.63
2026-08-23T22:55:21Z,4.355,11650.2,0.950,1594.8,0.098,801.5,0.448,471.2,0.366,118.0,41.40,37.73,0.00,0.00,31.63
2026-08-23T22:55:22Z,4.422,11648.2,0.936,1594.8,0.098,801.5,0.452,470.9,0.370,118.0,40.01,39.85,0.00,0.00,31.58
2026-08-23T22:55:23Z,4.427,11649.5,0.909,1594.8,0.097,801.5,0.437,470.6,0.366,118.1,40.86,41.15,0.00,0.00,31.58
2026-08-23T22:55:24Z,4.502,11646.2,0.955,1594.8,0.094,801.5,0.451,470.6,0.370,118.0,37.64,43.31,0.00,0.00,31.58
2026-08-23T22:55:26Z,4.598,11646.1,0.927,1594.8,0.098,801.5,0.446,471.2,0.372,118.1,41.39,36.42,0.00,0.00,31.58
2026-08-23T22:55:27Z,5.281,11633.4,0.889,1594.8,0.080,801.5,0.435,470.7,0.356,118.4,27.91,25.79,0.00,0.00,31.58
2026-08-23T22:55:28Z,5.282,11605.4,0.926,1594.9,0.076,801.5,0.452,471.0,0.371,118.4,21.91,23.97,0.00,0.00,33.62
2026-08-23T22:55:29Z,5.267,11552.0,0.894,1594.8,0.079,801.7,0.437,470.7,0.358,118.3,17.03,26.98,0.00,0.00,33.62
2026-08-23T22:55:30Z,4.519,11573.8,0.917,1594.8,0.092,801.5,0.437,470.9,0.361,118.1,12.88,28.21,0.00,0.00,33.62
2026-08-23T22:55:31Z,3.952,11598.4,0.900,1594.7,0.104,801.5,0.425,470.6,0.356,118.0,13.23,29.46,0.00,0.00,33.62
2026-08-23T22:55:32Z,3.465,11623.7,0.896,1594.9,0.105,801.5,0.436,470.9,0.359,118.1,13.09,31.72,0.00,0.00,32.04
2026-08-23T22:55:33Z,3.850,11647.6,0.906,1594.8,0.102,801.5,0.433,470.9,0.356,118.0,12.81,30.68,0.00,0.00,32.04
2026-08-23T22:55:34Z,3.807,11638.8,0.929,1594.8,0.098,801.7,0.437,470.6,0.368,118.1,12.51,44.61,0.00,0.00,32.04
2026-08-23T22:55:35Z,3.511,11664.9,0.899,1594.8,0.105,801.5,0.438,470.6,0.355,118.0,13.50,31.01,0.00,0.00,32.04
2026-08-23T22:55:37Z,4.150,11637.1,0.881,1594.7,0.095,801.5,0.427,470.7,0.347,118.1,13.99,31.19,0.00,0.00,32.04
2026-08-23T22:55:38Z,4.548,11652.3,0.919,1594.8,0.092,801.5,0.442,470.9,0.367,118.0,12.04,25.99,0.00,0.00,30.76
2026-08-23T22:55:39Z,3.481,11644.6,0.908,1594.8,0.106,801.5,0.446,470.6,0.363,118.3,13.18,31.49,0.00,0.00,30.76
2026-08-23T22:55:40Z,3.442,11635.8,0.916,1594.8,0.101,801.5,0.425,470.6,0.358,118.0,11.61,30.05,0.00,0.00,30.76
2026-08-23T22:55:41Z,3.417,11659.2,0.906,1594.8,0.107,801.5,0.430,470.6,0.360,118.0,12.30,31.62,0.00,0.00,30.76
2026-08-23T22:55:42Z,3.435,11648.6,0.922,1594.7,0.105,801.5,0.432,470.6,0.359,118.0,12.27,30.01,0.00,0.00,30.76
2026-08-23T22:55:43Z,3.405,11638.7,0.927,1594.8,0.106,801.5,0.433,471.1,0.357,118.0,12.84,30.89,0.00,0.00,29.98
2026-08-23T22:55:44Z,3.408,11662.0,0.912,1594.8,0.106,801.5,0.437,470.6,0.355,118.0,12.28,29.80,0.00,0.00,29.98
2026-08-23T22:55:45Z,3.402,11652.0,0.952,1594.8,0.102,801.5,0.439,470.6,0.360,118.0,11.24,34.00,0.00,0.00,29.98
2026-08-23T22:55:46Z,3.874,11655.5,0.921,1594.7,0.102,801.5,0.434,470.8,0.354,118.2,12.41,27.35,0.00,0.00,29.98
2026-08-23T22:55:47Z,4.651,11631.2,0.961,1594.8,0.084,801.5,0.440,470.7,0.369,118.1,10.64,22.16,0.00,0.00,29.82
2026-08-23T22:55:49Z,3.518,11655.1,0.931,1594.8,0.104,801.5,0.434,471.3,0.363,118.1,12.24,27.32,0.00,0.00,29.82
2026-08-23T22:55:50Z,3.453,11645.0,0.932,1594.9,0.108,801.5,0.437,471.0,0.357,118.1,12.12,31.30,0.00,0.00,29.82
2026-08-23T22:55:51Z,3.412,11636.0,0.949,1594.8,0.107,801.5,0.435,470.7,0.364,118.0,12.79,28.96,0.00,0.00,29.82
2026-08-23T22:55:52Z,3.438,11625.9,0.931,1594.8,0.106,801.5,0.427,470.8,0.354,118.0,11.93,28.73,0.00,0.00,29.82
2026-08-23T22:55:53Z,3.459,11649.9,0.922,1594.8,0.106,801.5,0.435,470.7,0.362,118.0,12.65,29.11,0.00,0.00,29.35
2026-08-23T22:55:54Z,3.577,11639.8,0.917,1594.8,0.106,801.5,0.433,471.0,0.361,118.1,12.06,29.46,0.00,0.00,29.35
2026-08-23T22:55:55Z,3.562,11631.3,0.948,1594.8,0.101,801.5,0.437,470.7,0.358,118.0,11.96,35.74,0.00,0.00,29.35
2026-08-23T22:55:56Z,3.665,11631.9,0.933,1595.0,0.104,801.5,0.433,470.8,0.361,118.1,11.84,30.43,0.00,0.00,29.35
2026-08-23T22:55:57Z,4.937,11613.9,0.942,1594.8,0.088,801.5,0.441,470.7,0.370,118.1,10.53,23.04,0.00,0.00,28.76
2026-08-23T22:55:58Z,3.662,11640.8,0.936,1594.8,0.104,801.5,0.428,471.0,0.364,118.1,13.03,31.20,0.00,0.00,28.76
2026-08-23T22:55:59Z,3.587,11637.2,0.959,1594.8,0.103,801.5,0.439,470.6,0.360,118.0,13.18,30.43,0.00,0.00,28.76
2026-08-23T22:56:01Z,3.388,11627.0,0.922,1594.7,0.105,801.5,0.420,471.1,0.353,118.0,12.13,29.20,0.00,0.00,28.76
2026-08-23T22:56:02Z,3.484,11618.5,0.938,1594.7,0.106,801.5,0.440,470.6,0.361,118.2,12.83,27.04,0.00,0.00,28.76
2026-08-23T22:56:03Z,3.554,11640.4,0.918,1594.7,0.105,801.5,0.429,470.6,0.352,118.2,12.35,27.65,0.00,0.00,27.74
2026-08-23T22:56:04Z,3.831,11630.5,0.924,1594.7,0.104,801.5,0.431,470.6,0.356,118.1,11.89,26.45,0.00,0.00,27.74
2026-08-23T22:56:05Z,3.653,11626.8,0.933,1594.7,0.105,801.5,0.435,470.6,0.358,118.0,12.35,33.32,0.00,0.00,27.74
2026-08-23T22:56:06Z,3.419,11622.6,0.932,1594.7,0.106,801.5,0.435,470.7,0.362,118.0,12.29,47.22,0.00,0.00,27.74
2026-08-23T22:56:07Z,4.800,11615.3,0.928,1594.8,0.089,801.5,0.432,470.7,0.357,118.1,11.83,25.55,0.00,0.00,27.74
2026-08-23T22:56:08Z,3.635,11610.9,0.922,1594.8,0.107,801.5,0.431,470.9,0.363,118.2,13.28,30.09,0.00,0.00,26.24
2026-08-23T22:56:09Z,3.466,11634.1,0.927,1594.8,0.108,801.5,0.452,470.7,0.366,118.1,12.80,27.22,0.00,0.00,26.24
2026-08-23T22:56:10Z,3.429,11628.3,0.928,1594.7,0.107,801.5,0.429,470.9,0.360,118.2,13.18,30.84,0.00,0.00,26.24
2026-08-23T22:56:11Z,3.451,11623.2,0.939,1595.0,0.107,801.5,0.438,470.6,0.365,118.3,12.96,31.51,0.00,0.00,26.24
2026-08-23T22:56:12Z,3.403,11615.0,0.926,1594.7,0.103,801.5,0.425,470.9,0.358,118.2,11.54,30.60,0.00,0.00,25.18
2026-08-23T22:56:14Z,3.409,11608.0,0.919,1594.7,0.109,801.5,0.440,470.9,0.361,118.0,13.11,30.89,0.00,0.00,25.18
2026-08-23T22:56:15Z,3.416,11636.6,0.914,1594.7,0.104,801.5,0.433,471.1,0.358,118.0,12.58,31.65,0.00,0.00,25.18
2026-08-23T22:56:16Z,3.369,11630.5,0.897,1595.0,0.105,801.5,0.433,470.6,0.353,118.0,12.27,38.75,0.00,0.00,25.18
2026-08-23T22:56:17Z,4.577,11591.9,0.892,1594.8,0.095,801.5,0.423,470.7,0.351,118.1,11.72,27.37,0.00,0.00,25.18
2026-08-23T22:56:18Z,3.852,11619.6,0.941,1594.8,0.098,801.5,0.461,470.7,0.371,118.0,11.51,28.84,0.00,0.00,25.33
2026-08-23T22:56:19Z,3.430,11614.3,0.891,1594.8,0.107,801.5,0.438,470.9,0.356,118.1,12.57,31.56,0.00,0.00,25.33
2026-08-23T22:56:20Z,3.473,11612.1,0.891,1594.7,0.105,801.5,0.432,470.6,0.356,118.0,13.51,33.78,0.00,0.00,25.33
2026-08-23T22:56:21Z,3.418,11607.1,0.882,1594.8,0.107,801.5,0.427,470.7,0.349,118.0,12.52,32.95,0.00,0.00,25.33
2026-08-23T22:56:22Z,3.417,11603.0,0.874,1594.7,0.104,801.5,0.424,470.6,0.354,118.0,12.48,32.34,0.00,0.00,25.86
2026-08-23T22:56:23Z,3.424,11629.4,0.890,1594.7,0.103,801.5,0.435,470.6,0.357,118.0,12.40,30.54,0.00,0.00,25.86
2026-08-23T22:56:24Z,3.555,11621.9,0.890,1594.8,0.109,801.5,0.443,470.9,0.360,118.0,12.02,29.20,0.00,0.00,25.86
2026-08-23T22:56:25Z,3.974,11613.9,0.866,1594.8,0.099,801.5,0.426,470.7,0.347,118.0,10.49,37.01,0.00,0.00,25.86
2026-08-23T22:56:27Z,4.924,11620.5,0.873,1594.7,0.088,801.5,0.446,470.7,0.362,118.1,10.17,25.61,0.00,0.00,25.86
2026-08-23T22:56:28Z,5.369,11600.2,0.826,1594.9,0.082,801.5,0.416,470.7,0.355,118.1,10.25,21.89,0.00,0.00,26.83
2026-08-23T22:56:29Z,4.496,11594.4,0.898,1594.8,0.097,801.5,0.449,470.6,0.381,118.1,11.74,23.97,0.00,0.00,26.83
2026-08-23T22:56:30Z,4.476,11608.7,0.869,1594.7,0.104,801.5,0.444,470.6,0.368,118.0,23.59,36.24,0.00,0.00,26.83
2026-08-23T22:56:31Z,4.354,11598.2,0.878,1595.0,0.107,801.5,0.451,470.7,0.371,118.0,29.78,37.21,0.00,0.00,26.83
2026-08-23T22:56:32Z,4.230,11593.9,0.880,1594.8,0.107,801.5,0.439,470.6,0.363,118.0,33.49,38.24,0.00,0.00,26.83
2026-08-23T22:56:33Z,4.503,11612.1,0.869,1594.8,0.104,801.5,0.438,470.7,0.362,118.0,28.17,35.55,0.00,0.00,26.29
2026-08-23T22:56:34Z,4.698,11595.6,0.951,1595.0,0.104,801.5,0.461,470.7,0.391,118.0,22.96,34.50,0.00,0.00,26.29
2026-08-23T22:56:35Z,4.522,11612.9,0.926,1595.0,0.107,801.5,0.451,470.7,0.383,118.0,24.10,35.48,0.00,0.00,26.29
2026-08-23T22:56:36Z,4.585,11610.2,0.860,1594.7,0.100,801.5,0.444,470.9,0.367,118.1,26.44,51.19,0.00,0.00,26.29
2026-08-23T22:56:38Z,5.142,11605.8,0.860,1594.9,0.082,801.5,0.457,470.7,0.377,118.2,20.25,27.76,0.00,0.00,27.38
2026-08-23T22:56:39Z,4.412,11596.1,0.953,1594.9,0.103,801.5,0.470,470.9,0.397,118.1,29.16,34.33,0.00,0.00,27.38
2026-08-23T22:56:40Z,4.183,11593.7,0.913,1594.8,0.107,801.5,0.446,470.7,0.369,118.1,36.33,36.35,0.00,0.00,27.38
2026-08-23T22:56:41Z,4.250,11586.2,0.878,1594.8,0.108,801.5,0.452,470.7,0.367,118.0,33.80,41.23,0.00,0.00,27.38
2026-08-23T22:56:42Z,4.176,11606.9,0.878,1594.8,0.107,801.5,0.448,470.9,0.367,118.3,34.66,31.20,0.00,0.00,27.38
2026-08-23T22:56:43Z,4.192,11596.7,0.876,1594.8,0.109,801.5,0.448,470.7,0.365,118.0,37.15,27.70,0.00,0.00,25.51
2026-08-23T22:56:44Z,4.111,11581.9,0.886,1594.8,0.104,801.5,0.439,470.9,0.361,118.0,35.71,24.45,0.00,0.00,25.51
2026-08-23T22:56:45Z,4.080,11602.8,0.881,1594.8,0.111,801.5,0.447,471.0,0.373,118.1,39.51,26.50,0.00,0.00,25.51
2026-08-23T22:56:46Z,4.374,11596.8,0.893,1594.8,0.103,801.5,0.433,471.2,0.358,118.4,35.45,23.08,0.00,0.00,25.51
2026-08-23T22:56:47Z,5.060,11595.8,0.881,1594.9,0.090,801.5,0.461,470.7,0.378,118.1,27.45,17.44,0.00,0.00,25.47
2026-08-23T22:56:48Z,4.050,11586.6,0.928,1594.9,0.103,801.5,0.435,470.9,0.364,118.1,39.16,24.05,0.00,0.00,25.47
2026-08-23T22:56:50Z,4.161,11573.3,0.934,1594.9,0.105,801.5,0.448,470.7,0.372,118.1,37.26,23.81,0.00,0.00,25.47
2026-08-23T22:56:51Z,4.042,11590.0,0.959,1594.8,0.103,801.5,0.452,470.6,0.373,118.1,35.51,21.15,0.00,0.00,25.47
2026-08-23T22:56:52Z,4.037,11577.6,0.933,1594.8,0.106,801.5,0.450,470.9,0.370,118.1,38.57,30.29,0.00,0.00,25.47
2026-08-23T22:56:53Z,4.076,11599.3,0.917,1594.8,0.108,801.5,0.439,470.6,0.357,118.0,39.54,24.95,0.00,0.00,23.99
2026-08-23T22:56:54Z,4.215,11587.8,0.916,1594.8,0.107,801.5,0.436,470.6,0.365,118.2,38.34,24.59,0.00,0.00,23.99
2026-08-23T22:56:55Z,4.258,11575.9,0.944,1594.8,0.106,801.5,0.438,470.6,0.374,118.0,35.28,26.87,0.00,0.00,23.99
2026-08-23T22:56:56Z,4.227,11570.7,0.924,1594.7,0.096,801.5,0.440,470.7,0.368,118.1,34.26,24.98,0.00,0.00,23.99
2026-08-23T22:56:57Z,4.862,11570.9,0.864,1594.8,0.079,801.5,0.425,470.7,0.358,118.2,26.84,16.23,0.00,0.00,24.39
2026-08-23T22:56:58Z,4.042,11589.2,0.954,1594.8,0.085,801.7,0.447,470.7,0.375,118.1,34.53,21.35,0.00,0.00,24.39
2026-08-23T22:56:59Z,3.964,11576.6,0.964,1594.9,0.092,801.5,0.444,470.9,0.363,118.1,36.58,21.64,0.00,0.00,24.39
2026-08-23T22:57:01Z,3.982,11564.2,0.964,1595.1,0.091,801.7,0.435,471.2,0.365,118.1,35.14,25.69,0.00,0.00,24.39
2026-08-23T22:57:02Z,3.885,11580.3,0.957,1594.8,0.093,801.5,0.460,470.9,0.370,118.0,33.87,30.56,0.00,0.00,24.39
2026-08-23T22:57:03Z,4.099,11569.4,0.916,1594.8,0.095,801.5,0.431,470.6,0.364,118.1,35.63,29.17,0.00,0.00,24.28
2026-08-23T22:57:04Z,4.563,11586.1,0.943,1594.8,0.099,801.5,0.450,470.7,0.379,118.1,29.29,30.56,0.00,0.00,24.28
2026-08-23T22:57:05Z,4.525,11566.5,0.976,1594.8,0.108,801.5,0.471,470.6,0.389,118.0,24.44,32.20,0.00,0.00,24.28
2026-08-23T22:57:06Z,4.349,11586.4,0.965,1595.1,0.108,801.5,0.473,470.9,0.397,118.3,26.98,34.20,0.00,0.00,24.28
2026-08-23T22:57:07Z,5.099,11565.5,0.918,1595.1,0.085,801.5,0.446,470.6,0.371,118.1,46.63,33.75,0.00,0.00,24.28
2026-08-23T22:57:08Z,4.726,11571.5,0.958,1594.8,0.096,801.7,0.454,470.7,0.377,118.1,28.00,27.77,0.00,0.00,24.90
2026-08-23T22:57:09Z,4.335,11561.4,0.958,1594.8,0.105,801.5,0.464,470.9,0.383,118.1,29.62,37.71,0.00,0.00,24.90
2026-08-23T22:57:10Z,4.127,11585.7,0.924,1594.8,0.109,801.5,0.464,470.7,0.375,118.3,37.77,31.87,0.00,0.00,24.90
2026-08-23T22:57:12Z,4.132,11582.6,0.943,1594.8,0.111,801.5,0.456,470.7,0.372,118.0,39.23,42.36,0.00,0.00,24.90
2026-08-23T22:57:13Z,4.211,11574.8,0.959,1594.8,0.107,801.5,0.470,470.6,0.389,118.0,37.61,31.62,0.00,0.00,23.87
2026-08-23T22:57:14Z,4.197,11569.4,0.948,1594.8,0.110,801.5,0.463,470.9,0.383,118.1,37.85,31.13,0.00,0.00,23.87
2026-08-23T22:57:15Z,4.272,11564.0,0.927,1594.8,0.107,801.5,0.450,470.6,0.374,118.0,35.25,37.19,0.00,0.00,23.87
2026-08-23T22:57:16Z,4.199,11558.6,0.938,1594.8,0.107,801.5,0.454,470.6,0.375,118.0,35.39,35.83,0.00,0.00,23.87
2026-08-23T22:57:17Z,5.115,11581.7,0.911,1594.7,0.088,801.5,0.444,470.7,0.378,118.1,26.61,21.30,0.00,0.00,23.87
2026-08-23T22:57:18Z,4.430,11559.7,0.939,1594.8,0.102,801.5,0.453,470.6,0.372,118.3,35.58,30.42,0.00,0.00,24.68
2026-08-23T22:57:19Z,4.031,11555.8,0.913,1595.0,0.108,801.7,0.449,470.7,0.370,118.0,39.33,35.42,0.00,0.00,24.68
2026-08-23T22:57:20Z,4.079,11549.4,0.947,1594.7,0.107,801.5,0.448,471.1,0.370,118.2,36.44,35.18,0.00,0.00,24.68
2026-08-23T22:57:21Z,4.117,11574.4,0.966,1594.8,0.108,801.5,0.458,470.9,0.374,118.0,36.44,34.24,0.00,0.00,24.68
2026-08-23T22:57:22Z,4.082,11569.3,0.948,1594.7,0.106,801.5,0.440,470.6,0.367,117.9,37.03,43.47,0.00,0.00,22.86
2026-08-23T22:57:24Z,4.249,11553.5,0.994,1594.7,0.098,801.5,0.449,470.9,0.378,118.1,31.69,27.72,0.00,0.00,22.86
2026-08-23T22:57:25Z,4.502,11549.1,0.942,1594.8,0.093,801.5,0.436,470.6,0.359,118.0,11.02,24.96,0.00,0.00,22.86
2026-08-23T22:57:26Z,3.853,11542.6,0.965,1594.7,0.106,801.5,0.453,470.9,0.374,118.1,12.64,29.36,0.00,0.00,22.86
2026-08-23T22:57:27Z,4.903,11549.6,0.964,1594.7,0.091,801.5,0.434,470.9,0.354,118.1,14.20,26.81,0.00,0.00,22.86
2026-08-23T22:57:28Z,4.884,11563.9,0.964,1594.8,0.089,801.5,0.457,470.7,0.382,118.6,11.61,22.55,0.00,0.00,22.79
2026-08-23T22:57:29Z,3.946,11559.5,0.994,1594.8,0.109,801.5,0.459,470.9,0.381,118.1,12.12,28.63,0.00,0.00,22.79
2026-08-23T22:57:30Z,4.662,11556.9,0.972,1594.7,0.093,801.5,0.449,470.7,0.378,118.1,16.45,23.65,0.00,0.00,22.79
2026-08-23T22:57:31Z,4.936,11563.7,0.970,1594.8,0.097,801.5,0.455,470.7,0.380,118.0,24.17,23.51,0.00,0.00,22.79
2026-08-23T22:57:32Z,4.888,11571.7,0.962,1594.8,0.098,801.5,0.437,471.2,0.357,118.1,25.35,31.89,0.00,0.00,22.81
2026-08-23T22:57:33Z,5.378,11546.5,0.940,1594.8,0.084,801.5,0.417,470.7,0.355,118.0,22.60,19.86,0.00,0.00,22.81
2026-08-23T22:57:35Z,5.297,11547.7,0.924,1594.9,0.084,801.5,0.449,470.7,0.387,118.1,18.68,19.51,0.00,0.00,22.81
2026-08-23T22:57:36Z,4.366,11563.0,0.928,1595.3,0.097,801.5,0.436,470.7,0.368,118.1,27.90,35.09,0.00,0.00,22.81
2026-08-23T22:57:37Z,4.950,11556.9,0.968,1594.8,0.094,801.5,0.440,470.9,0.360,118.1,21.22,31.04,0.00,0.00,22.81
2026-08-23T22:57:38Z,4.944,11554.5,0.979,1594.8,0.091,801.5,0.463,470.7,0.381,118.1,18.82,38.31,0.00,0.00,24.03
2026-08-23T22:57:39Z,4.336,11545.0,0.922,1594.8,0.102,801.5,0.450,470.6,0.366,118.3,26.87,39.55,0.00,0.00,24.03
2026-08-23T22:57:40Z,4.262,11566.3,0.942,1594.8,0.106,801.7,0.450,470.9,0.372,118.3,28.40,41.08,0.00,0.00,24.03
2026-08-23T22:57:41Z,4.143,11559.6,0.960,1594.8,0.107,801.5,0.440,470.6,0.364,118.0,33.89,33.29,0.00,0.00,24.03
2026-08-23T22:57:42Z,4.053,11552.1,0.925,1594.8,0.105,801.5,0.435,470.6,0.364,118.0,34.72,39.45,0.00,0.00,22.98
2026-08-23T22:57:43Z,4.204,11543.9,0.940,1594.8,0.108,801.5,0.448,470.6,0.366,118.0,33.72,33.33,0.00,0.00,22.98
2026-08-23T22:57:44Z,4.215,11534.3,0.947,1595.0,0.106,801.5,0.443,470.9,0.367,118.0,34.18,30.39,0.00,0.00,22.98
2026-08-23T22:57:46Z,4.137,11531.4,0.948,1594.8,0.108,801.5,0.444,470.7,0.371,118.3,37.60,34.60,0.00,0.00,22.98
2026-08-23T22:57:47Z,4.809,11554.6,0.923,1594.8,0.097,801.5,0.438,470.9,0.356,118.3,27.71,22.76,0.00,0.00,22.98
2026-08-23T22:57:48Z,4.706,11555.1,0.988,1594.9,0.093,801.5,0.457,470.7,0.377,118.1,30.09,21.50,0.00,0.00,23.78
2026-08-23T22:57:49Z,4.102,11548.6,0.946,1594.8,0.108,801.5,0.438,470.6,0.367,118.0,38.42,28.42,0.00,0.00,23.78
2026-08-23T22:57:50Z,4.122,11544.0,0.932,1595.0,0.109,801.5,0.450,470.6,0.371,118.1,39.29,31.97,0.00,0.00,23.78
2026-08-23T22:57:51Z,4.083,11539.7,0.956,1594.8,0.109,801.5,0.448,470.9,0.373,118.3,39.13,33.66,0.00,0.00,23.78
2026-08-23T22:57:52Z,4.132,11546.4,0.939,1594.8,0.107,801.7,0.436,470.6,0.368,118.1,35.57,44.80,0.00,0.00,23.88
2026-08-23T22:57:53Z,4.129,11543.7,0.940,1594.8,0.104,801.5,0.440,470.6,0.369,118.0,38.08,44.79,0.00,0.00,23.88
2026-08-23T22:57:54Z,4.180,11545.7,0.935,1594.8,0.106,801.5,0.446,470.7,0.370,118.1,37.64,36.79,0.00,0.00,23.88
2026-08-23T22:57:55Z,4.149,11540.9,0.959,1594.8,0.102,801.5,0.444,470.7,0.372,118.1,36.79,29.85,0.00,0.00,23.88
2026-08-23T22:57:57Z,4.646,11531.1,0.908,1595.0,0.094,801.5,0.450,470.9,0.366,118.1,32.26,24.67,0.00,0.00,23.88
2026-08-23T22:57:58Z,4.952,11542.5,0.900,1594.8,0.088,801.5,0.436,470.6,0.372,118.1,31.04,23.81,0.00,0.00,24.13
2026-08-23T22:57:59Z,4.191,11537.2,0.896,1594.8,0.107,801.5,0.450,470.7,0.369,118.1,37.97,30.67,0.00,0.00,24.13
2026-08-23T22:58:00Z,4.050,11528.0,0.902,1594.8,0.107,801.5,0.445,470.7,0.372,118.1,36.55,30.02,0.00,0.00,24.13
2026-08-23T22:58:01Z,4.091,11525.6,0.916,1594.8,0.107,801.5,0.440,470.7,0.369,118.1,40.06,30.87,0.00,0.00,24.13
2026-08-23T22:58:02Z,4.279,11516.5,0.964,1594.8,0.103,801.5,0.470,470.6,0.383,118.3,38.09,24.53,0.00,0.00,24.13
2026-08-23T22:58:03Z,4.365,11542.1,0.884,1594.8,0.102,801.5,0.437,470.9,0.368,118.1,40.89,32.52,0.00,0.00,23.24
2026-08-23T22:58:04Z,4.168,11561.2,0.898,1594.8,0.234,628.8,0.436,471.1,0.363,118.1,35.86,23.23,0.00,0.00,23.24
2026-08-23T22:58:05Z,4.277,11609.4,0.951,1594.8,0.073,628.8,0.465,470.6,0.387,118.0,33.73,23.11,0.00,0.00,23.24
2026-08-23T22:58:06Z,4.566,11660.8,0.897,1594.8,0.069,628.8,0.443,470.9,0.375,118.0,34.40,20.50,0.00,0.00,23.24
2026-08-23T22:58:08Z,4.951,11694.6,0.902,1594.8,0.065,628.8,0.451,470.7,0.379,118.1,23.77,20.53,0.00,0.00,22.26
2026-08-23T22:58:09Z,4.303,11706.9,0.940,1595.7,0.069,628.8,0.448,470.6,0.370,118.1,29.09,34.35,0.00,0.00,22.26
2026-08-23T22:58:10Z,4.710,11710.4,1.104,1595.4,0.066,628.8,0.429,470.8,0.351,118.0,23.33,21.69,0.00,0.00,22.26
2026-08-23T22:58:11Z,4.712,11652.2,1.047,1646.3,0.067,628.8,0.434,470.6,0.361,118.1,27.84,19.87,0.00,0.00,22.26
2026-08-23T22:58:12Z,4.236,11353.5,1.362,1936.1,0.070,628.8,0.441,470.6,0.371,118.0,27.23,25.59,0.00,0.00,22.26
2026-08-23T22:58:13Z,4.097,11342.7,0.894,1938.0,0.069,628.8,0.433,470.7,0.373,118.0,43.33,38.44,0.00,0.00,20.96
2026-08-23T22:58:14Z,4.114,11356.7,0.868,1938.1,0.070,628.8,0.444,471.1,0.363,118.0,45.03,30.17,0.00,0.00,20.96
2026-08-23T22:58:15Z,4.152,11341.4,0.906,1938.1,0.068,628.8,0.447,470.7,0.377,118.1,43.18,29.48,0.00,0.00,20.96
2026-08-23T22:58:16Z,4.439,11353.1,0.867,1938.4,0.068,628.8,0.446,471.1,0.361,118.1,38.00,30.27,0.00,0.00,20.96
2026-08-23T22:58:17Z,5.147,11342.3,0.884,1939.1,0.067,628.8,0.443,470.6,0.372,118.1,26.69,20.58,0.00,0.00,20.40
2026-08-23T22:58:18Z,4.274,11352.1,0.890,1938.6,0.068,628.8,0.448,470.6,0.369,118.0,41.78,31.80,0.00,0.00,20.40
2026-08-23T22:58:20Z,4.074,11360.2,0.880,1938.5,0.067,628.8,0.443,470.6,0.365,118.3,47.85,31.65,0.00,0.00,20.40
2026-08-23T22:58:21Z,4.093,11374.7,0.881,1938.5,0.067,628.8,0.438,470.5,0.360,118.2,45.89,31.95,0.00,0.00,20.40
2026-08-23T22:58:22Z,4.164,11386.9,0.911,1938.5,0.071,628.8,0.448,470.5,0.370,118.0,45.96,35.47,0.00,0.00,20.40
2026-08-23T22:58:23Z,4.105,11396.0,0.968,1938.5,0.066,628.8,0.441,470.8,0.365,118.0,46.05,30.67,0.00,0.00,20.21
2026-08-23T22:58:24Z,4.221,11379.4,0.892,1938.6,0.070,628.8,0.447,470.6,0.366,118.3,49.36,37.52,0.00,0.00,20.21
2026-08-23T22:58:25Z,5.502,11357.1,0.865,1938.7,0.058,628.8,0.400,470.9,0.346,118.2,18.91,17.10,0.00,0.00,20.21
2026-08-23T22:58:26Z,5.187,11399.1,0.862,1938.8,0.064,628.8,0.456,470.6,0.378,118.3,27.11,20.96,0.00,0.00,20.21
2026-08-23T22:58:27Z,5.380,11394.9,0.906,1938.8,0.063,628.8,0.437,470.6,0.366,118.3,23.72,28.79,0.00,0.00,22.91
2026-08-23T22:58:28Z,5.340,11398.7,0.864,1939.5,0.062,628.8,0.443,470.7,0.384,118.1,23.15,21.56,0.00,0.00,22.91
2026-08-23T22:58:29Z,5.096,11435.0,0.954,1939.6,0.068,628.8,0.449,470.9,0.391,118.4,25.13,25.11,0.00,0.00,22.91
2026-08-23T22:58:31Z,4.602,11428.0,0.943,1939.5,0.072,628.8,0.474,470.8,0.388,118.1,27.96,30.79,0.00,0.00,22.91
2026-08-23T22:58:32Z,4.478,11444.8,0.968,1939.5,0.073,628.8,0.465,471.3,0.384,118.0,26.00,30.07,0.00,0.00,22.91
2026-08-23T22:58:33Z,4.735,11431.4,0.958,1939.8,0.071,628.8,0.472,470.6,0.396,118.1,26.67,26.57,0.00,0.00,22.60
2026-08-23T22:58:34Z,5.097,11438.9,0.958,1939.6,0.067,629.1,0.451,471.2,0.375,118.2,22.01,24.87,0.00,0.00,22.60
2026-08-23T22:58:35Z,4.973,11447.8,0.893,1939.5,0.071,628.8,0.471,470.6,0.385,118.3,22.48,23.42,0.00,0.00,22.60
2026-08-23T22:58:36Z,4.434,11445.9,0.931,1939.4,0.070,628.8,0.458,470.6,0.373,118.1,32.29,25.59,0.00,0.00,22.60
2026-08-23T22:58:37Z,5.159,11452.3,0.955,1939.6,0.062,628.8,0.469,471.0,0.392,118.2,28.55,19.02,0.00,0.00,24.23
2026-08-23T22:58:38Z,4.504,11472.0,0.978,1939.6,0.073,628.8,0.493,470.7,0.400,118.1,30.18,26.14,0.00,0.00,24.23
2026-08-23T22:58:39Z,4.300,11461.7,0.963,1939.5,0.072,628.8,0.483,470.6,0.399,118.1,31.62,37.31,0.00,0.00,24.23
2026-08-23T22:58:41Z,4.327,11483.6,0.956,1939.6,0.074,628.8,0.472,470.7,0.391,118.1,32.67,29.55,0.00,0.00,24.23
2026-08-23T22:58:42Z,4.328,11481.6,0.940,1939.5,0.075,628.8,0.465,470.6,0.395,118.1,36.06,31.92,0.00,0.00,24.23
2026-08-23T22:58:43Z,4.254,11481.2,0.935,1939.6,0.073,628.8,0.457,471.2,0.390,118.1,38.18,32.13,0.00,0.00,23.65
2026-08-23T22:58:44Z,4.173,11480.8,0.925,1939.5,0.072,628.8,0.453,470.6,0.382,118.1,40.81,38.25,0.00,0.00,23.65
2026-08-23T22:58:45Z,4.204,11477.1,0.953,1939.7,0.072,628.8,0.448,470.7,0.379,118.1,40.56,31.28,0.00,0.00,23.65
2026-08-23T22:58:46Z,4.334,11481.5,0.940,1939.5,0.070,628.8,0.460,470.7,0.380,118.1,41.28,31.54,0.00,0.00,23.65
2026-08-23T22:58:47Z,5.127,11483.1,0.883,1939.5,0.064,628.8,0.448,470.8,0.376,118.1,28.00,19.65,0.00,0.00,24.24
2026-08-23T22:58:48Z,4.346,11502.7,0.907,1939.6,0.070,628.8,0.451,470.5,0.370,118.5,34.78,31.48,0.00,0.00,24.24
2026-08-23T22:58:49Z,4.217,11502.1,0.933,1939.6,0.070,628.8,0.460,470.8,0.380,118.1,41.45,38.74,0.00,0.00,24.24
2026-08-23T22:58:50Z,4.224,11501.8,0.937,1939.6,0.071,628.8,0.456,470.5,0.379,118.0,43.17,37.02,0.00,0.00,24.24
2026-08-23T22:58:52Z,4.158,11525.9,0.904,1939.6,0.073,628.8,0.467,470.6,0.379,118.1,40.08,35.68,0.00,0.00,24.24
2026-08-23T22:58:53Z,4.240,11523.5,0.917,1939.6,0.070,628.8,0.458,470.5,0.372,118.0,41.13,31.76,0.00,0.00,23.58
2026-08-23T22:58:54Z,4.268,11518.1,0.903,1939.6,0.067,628.8,0.441,470.8,0.367,118.0,39.62,27.56,0.00,0.00,23.58
2026-08-23T22:58:55Z,4.277,11512.2,0.892,1939.6,0.069,628.8,0.452,470.7,0.366,118.0,40.69,32.72,0.00,0.00,23.58
2026-08-23T22:58:56Z,4.228,11524.0,0.925,1939.5,0.070,628.8,0.449,470.5,0.381,118.3,45.02,26.60,0.00,0.00,23.58
2026-08-23T22:58:57Z,5.113,11538.6,0.919,1939.6,0.070,628.8,0.461,470.6,0.377,118.3,29.28,19.91,0.00,0.00,23.58
2026-08-23T22:58:58Z,4.690,11518.0,0.909,1939.6,0.070,628.8,0.460,470.6,0.393,118.1,34.64,23.22,0.00,0.00,24.66
2026-08-23T22:58:59Z,4.152,11548.5,0.916,1939.6,0.072,628.8,0.452,470.5,0.378,118.1,43.73,30.05,0.00,0.00,24.66
2026-08-23T22:59:00Z,4.134,11545.0,0.941,1939.6,0.071,628.8,0.453,471.0,0.369,118.3,39.11,29.46,0.00,0.00,24.66
2026-08-23T22:59:01Z,4.245,11538.9,0.906,1939.6,0.071,628.8,0.452,470.8,0.369,118.0,34.64,32.92,0.00,0.00,24.66
2026-08-23T22:59:03Z,4.389,11533.1,0.901,1939.6,0.068,628.8,0.438,470.5,0.360,118.0,32.77,36.72,0.00,0.00,24.04
2026-08-23T22:59:04Z,4.690,11548.7,0.868,1939.6,0.068,629.1,0.432,470.8,0.365,118.2,28.65,31.79,0.00,0.00,24.04
2026-08-23T22:59:05Z,4.501,11537.1,0.900,1939.8,0.070,628.8,0.451,470.5,0.367,118.3,32.46,38.62,0.00,0.00,24.04
2026-08-23T22:59:06Z,4.171,11562.1,0.909,1939.6,0.068,628.8,0.459,470.5,0.373,118.0,37.40,28.09,0.00,0.00,24.04
2026-08-23T22:59:07Z,5.156,11568.4,0.912,1939.7,0.067,628.8,0.435,470.8,0.366,118.1,39.72,21.27,0.00,0.00,24.04
2026-08-23T22:59:08Z,4.646,11541.5,1.001,1939.9,0.070,628.8,0.480,470.5,0.399,118.3,33.47,19.32,0.00,0.00,24.84
2026-08-23T22:59:09Z,4.163,11571.0,0.902,1939.7,0.072,629.1,0.449,470.5,0.379,118.1,43.54,30.68,0.00,0.00,24.84
2026-08-23T22:59:10Z,4.090,11572.9,0.906,1939.6,0.068,628.8,0.432,470.8,0.366,118.0,42.01,42.30,0.00,0.00,24.84
2026-08-23T22:59:11Z,4.194,11567.6,0.917,1939.6,0.071,628.8,0.446,470.8,0.372,118.0,38.13,30.31,0.00,0.00,24.84
2026-08-23T22:59:12Z,4.176,11564.4,0.924,1939.6,0.068,628.8,0.450,470.8,0.368,118.0,39.98,31.83,0.00,0.00,24.29
2026-08-23T22:59:14Z,4.170,11564.0,0.925,1939.6,0.072,628.8,0.454,470.6,0.381,118.1,42.04,31.18,0.00,0.00,24.29
2026-08-23T22:59:15Z,4.334,11556.4,0.946,1939.6,0.073,628.8,0.460,470.5,0.382,118.0,33.02,42.60,0.00,0.00,24.29
2026-08-23T22:59:16Z,4.388,11581.4,0.888,1939.7,0.068,628.8,0.443,470.5,0.367,118.1,32.41,35.59,0.00,0.00,24.29
2026-08-23T22:59:17Z,5.169,11543.2,0.875,1939.8,0.064,628.8,0.431,470.9,0.348,118.4,17.92,21.83,0.00,0.00,24.29
2026-08-23T22:59:18Z,4.052,11544.9,0.908,1939.8,0.069,628.8,0.444,470.6,0.362,118.3,14.39,23.81,0.00,0.00,23.31
2026-08-23T22:59:19Z,3.446,11571.8,0.886,1939.8,0.067,628.8,0.432,470.5,0.359,118.1,13.79,28.55,0.00,0.00,23.31
2026-08-23T22:59:20Z,3.465,11568.0,0.885,1939.8,0.069,628.8,0.428,470.5,0.353,118.0,13.60,28.63,0.00,0.00,23.31
2026-08-23T22:59:21Z,3.498,11592.9,0.917,1939.8,0.069,628.8,0.445,470.5,0.363,118.0,13.43,27.64,0.00,0.00,23.31
2026-08-23T22:59:22Z,3.418,11585.8,0.874,1939.8,0.066,628.8,0.421,470.7,0.347,118.2,13.79,27.33,0.00,0.00,22.96
2026-08-23T22:59:23Z,3.440,11517.3,0.883,1939.8,0.066,628.8,0.433,470.5,0.360,118.0,13.54,27.26,0.00,0.00,22.96
2026-08-23T22:59:24Z,3.573,11542.9,0.881,1939.8,0.067,628.8,0.434,471.0,0.360,118.0,13.94,27.08,0.00,0.00,22.96
2026-08-23T22:59:26Z,3.526,11566.5,0.877,1939.7,0.068,628.8,0.436,470.8,0.361,118.1,14.05,33.23,0.00,0.00,22.96
2026-08-23T22:59:27Z,4.508,11575.9,0.861,1940.0,0.064,628.8,0.434,470.6,0.357,118.1,15.00,23.44,0.00,0.00,22.96
2026-08-23T22:59:28Z,5.022,11584.1,0.872,1939.8,0.064,628.8,0.438,470.5,0.373,118.0,12.39,18.39,0.00,0.00,24.01
2026-08-23T22:59:29Z,3.759,11578.1,0.872,1939.8,0.067,628.8,0.429,470.8,0.355,118.0,13.88,26.49,0.00,0.00,24.01
2026-08-23T22:59:30Z,4.244,11570.3,0.860,1939.8,0.068,628.8,0.435,470.6,0.364,118.0,13.44,25.18,0.00,0.00,24.01
2026-08-23T22:59:31Z,4.326,11593.2,0.893,1939.8,0.068,628.8,0.443,470.6,0.358,118.0,13.11,24.40,0.00,0.00,24.01
2026-08-23T22:59:32Z,3.917,11586.8,0.890,1939.8,0.069,628.8,0.440,470.5,0.362,118.0,12.85,25.74,0.00,0.00,24.01
2026-08-23T22:59:33Z,3.626,11579.6,0.874,1940.0,0.067,628.8,0.423,470.8,0.354,118.0,14.09,25.00,0.00,0.00,23.13
2026-08-23T22:59:34Z,3.682,11603.2,0.886,1939.8,0.066,628.8,0.435,470.8,0.357,118.0,13.06,26.36,0.00,0.00,23.13
2026-08-23T22:59:35Z,3.567,11595.9,0.884,1939.8,0.066,628.8,0.433,470.5,0.354,118.2,12.59,35.29,0.00,0.00,23.13
2026-08-23T22:59:36Z,3.965,11604.0,0.885,1940.1,0.068,628.8,0.435,470.9,0.362,118.1,13.79,28.14,0.00,0.00,23.13
2026-08-23T22:59:38Z,4.614,11583.6,0.869,1939.8,0.066,629.1,0.437,470.5,0.363,118.1,12.81,23.18,0.00,0.00,22.96
2026-08-23T22:59:39Z,3.442,11579.3,0.879,1939.9,0.066,628.8,0.429,470.5,0.356,118.0,13.71,29.51,0.00,0.00,22.96
2026-08-23T22:59:40Z,3.366,11573.8,0.877,1940.0,0.066,628.8,0.422,470.5,0.350,118.0,15.01,28.57,0.00,0.00,22.96
2026-08-23T22:59:41Z,3.389,11599.8,0.890,1940.3,0.067,628.8,0.429,470.8,0.361,118.0,14.53,38.50,0.00,0.00,22.96
2026-08-23T22:59:42Z,3.315,11590.8,0.852,1940.0,0.068,628.8,0.424,470.8,0.350,118.0,13.50,28.94,0.00,0.00,22.96
2026-08-23T22:59:43Z,3.364,11583.1,0.885,1940.0,0.067,628.8,0.426,471.0,0.355,118.0,14.66,26.69,0.00,0.00,22.32
2026-08-23T22:59:44Z,3.364,11607.6,0.865,1940.1,0.067,628.8,0.429,470.5,0.354,118.0,14.20,27.88,0.00,0.00,22.32
2026-08-23T22:59:45Z,3.347,11599.0,0.877,1940.1,0.068,628.8,0.433,470.5,0.364,118.0,13.37,37.56,0.00,0.00,22.32
2026-08-23T22:59:46Z,3.538,11605.2,0.853,1940.1,0.065,628.8,0.417,470.5,0.346,118.2,13.52,29.22,0.00,0.00,22.32
2026-08-23T22:59:47Z,4.754,11582.3,0.843,1940.2,0.066,628.8,0.434,470.5,0.371,118.1,12.32,22.12,0.00,0.00,21.41
2026-08-23T22:59:48Z,3.520,11575.9,0.882,1940.2,0.067,628.8,0.438,470.5,0.361,118.0,13.94,27.86,0.00,0.00,21.41
2026-08-23T22:59:50Z,3.413,11599.3,0.873,1940.4,0.067,628.8,0.430,470.5,0.367,118.0,13.42,27.29,0.00,0.00,21.41
2026-08-23T22:59:51Z,3.357,11590.8,0.859,1940.2,0.066,628.8,0.430,470.5,0.349,118.1,12.93,29.25,0.00,0.00,21.41
2026-08-23T22:59:52Z,3.294,11581.4,0.863,1940.3,0.066,628.8,0.417,470.8,0.348,118.0,13.10,27.11,0.00,0.00,21.41
2026-08-23T22:59:53Z,3.399,11603.7,0.874,1940.2,0.065,628.8,0.429,470.5,0.353,118.0,12.98,28.27,0.00,0.00,20.66
2026-08-23T22:59:54Z,3.420,11594.4,0.855,1940.2,0.067,628.8,0.419,470.5,0.353,118.0,13.10,27.02,0.00,0.00,20.66
2026-08-23T22:59:55Z,3.603,11599.9,0.869,1940.2,0.069,628.8,0.428,470.5,0.361,118.0,13.16,42.26,0.00,0.00,20.66
2026-08-23T22:59:56Z,3.510,11602.6,0.868,1940.4,0.065,629.1,0.419,470.7,0.357,118.0,12.93,51.41,0.00,0.00,20.66
2026-08-23T22:59:57Z,4.793,11571.2,0.918,1940.5,0.063,628.8,0.424,470.9,0.346,118.2,12.93,34.07,0.00,0.00,20.66
2026-08-23T22:59:58Z,3.650,11599.9,0.875,1940.6,0.066,628.8,0.438,471.1,0.365,118.1,13.35,28.33,0.00,0.00,21.49
2026-08-23T22:59:59Z,3.375,11594.5,0.865,1940.6,0.068,628.8,0.424,470.6,0.355,118.1,13.15,29.42,0.00,0.00,21.49
2026-08-23T23:00:00Z,3.393,11586.8,0.872,1940.5,0.068,628.8,0.418,470.8,0.352,118.1,12.41,28.23,0.00,0.00,21.49
2026-08-23T23:00:02Z,3.454,11613.0,0.906,1940.5,0.070,628.8,0.443,470.6,0.370,118.1,11.59,30.38,0.00,0.00,21.49
2026-08-23T23:00:03Z,3.589,11604.0,0.914,1940.6,0.070,628.8,0.450,470.6,0.370,118.1,12.48,27.72,0.00,0.00,21.37
2026-08-23T23:00:04Z,3.824,11600.3,0.874,1940.6,0.066,628.8,0.429,470.6,0.353,118.6,13.07,29.04,0.00,0.00,21.37
2026-08-23T23:00:05Z,3.798,11597.7,0.883,1940.8,0.064,628.8,0.433,470.8,0.357,118.0,13.01,29.87,0.00,0.00,21.37
2026-08-23T23:00:06Z,3.475,11592.4,0.897,1941.1,0.068,628.8,0.444,470.8,0.371,118.0,12.98,36.63,0.00,0.00,21.37
2026-08-23T23:00:07Z,4.827,11585.9,0.854,1940.7,0.066,628.8,0.434,470.9,0.361,118.1,11.95,23.76,0.00,0.00,21.37
2026-08-23T23:00:08Z,3.540,11584.1,0.857,1940.7,0.066,629.1,0.425,470.8,0.351,118.0,13.01,31.79,0.00,0.00,20.94
2026-08-23T23:00:09Z,3.359,11611.2,0.880,1940.7,0.068,628.8,0.439,470.5,0.359,118.1,12.60,28.84,0.00,0.00,20.94
2026-08-23T23:00:10Z,3.366,11607.5,0.869,1940.6,0.065,628.8,0.420,470.5,0.358,118.0,13.27,30.87,0.00,0.00,20.94
2026-08-23T23:00:11Z,3.328,11603.1,0.863,1940.6,0.065,628.8,0.421,470.6,0.350,118.0,12.62,40.63,0.00,0.00,20.94
2026-08-23T23:00:12Z,3.316,11598.1,0.848,1940.6,0.064,628.8,0.421,470.5,0.354,118.0,12.88,30.81,0.00,0.00,20.14
2026-08-23T23:00:13Z,3.340,11591.8,0.872,1940.6,0.067,628.8,0.422,470.5,0.351,118.0,11.85,31.30,0.00,0.00,20.14
2026-08-23T23:00:15Z,3.406,11586.6,0.876,1940.8,0.067,628.8,0.435,470.8,0.358,118.0,12.51,30.10,0.00,0.00,20.14
2026-08-23T23:00:16Z,3.428,11612.1,0.898,1940.8,0.068,628.8,0.445,471.0,0.364,118.0,12.61,27.73,0.00,0.00,20.14
2026-08-23T23:00:17Z,4.478,11590.1,0.871,1940.8,0.065,628.8,0.427,470.8,0.353,118.1,11.73,30.50,0.00,0.00,20.14
2026-08-23T23:00:18Z,4.794,11584.3,0.873,1941.0,0.067,629.1,0.430,470.8,0.357,118.0,21.24,30.11,0.00,0.00,20.93
2026-08-23T23:00:19Z,4.854,11585.0,0.839,1940.8,0.067,628.8,0.419,470.5,0.356,118.1,15.59,26.57,0.00,0.00,20.93
2026-08-23T23:00:20Z,4.622,11595.9,0.886,1940.7,0.068,628.8,0.440,471.0,0.362,118.0,20.48,34.64,0.00,0.00,20.93
2026-08-23T23:00:21Z,4.324,11587.6,0.892,1940.9,0.067,629.1,0.443,470.5,0.360,118.0,28.20,38.50,0.00,0.00,20.93
2026-08-23T23:00:22Z,4.226,11584.3,0.892,1941.1,0.068,628.8,0.424,470.5,0.356,118.2,32.20,38.59,0.00,0.00,20.70
2026-08-23T23:00:23Z,4.161,11612.5,0.905,1941.1,0.067,628.8,0.441,470.5,0.366,118.0,34.71,37.96,0.00,0.00,20.70
2026-08-23T23:00:24Z,4.339,11603.4,0.907,1940.9,0.068,629.1,0.454,470.5,0.374,118.0,30.09,37.97,0.00,0.00,20.70
2026-08-23T23:00:26Z,4.372,11578.5,0.895,1940.9,0.069,628.8,0.440,470.6,0.369,118.3,31.87,36.27,0.00,0.00,20.70
2026-08-23T23:00:27Z,5.406,11559.7,0.877,1941.0,0.066,628.8,0.459,470.6,0.389,118.1,24.75,36.01,0.00,0.00,20.70
2026-08-23T23:00:28Z,5.833,11555.6,0.770,1941.0,0.063,628.8,0.403,471.6,0.321,118.2,22.85,26.51,0.00,0.00,22.48
2026-08-23T23:00:29Z,5.758,11583.9,0.811,1941.2,0.064,628.8,0.412,471.0,0.353,118.3,21.08,28.14,0.00,0.00,22.48
2026-08-23T23:00:30Z,5.414,11571.7,0.864,1941.9,0.065,628.8,0.439,470.9,0.382,118.2,23.43,29.64,0.00,0.00,22.48
2026-08-23T23:00:31Z,5.397,11592.2,0.860,1941.9,0.065,629.1,0.417,470.9,0.343,118.2,24.87,30.25,0.00,0.00,22.48
2026-08-23T23:00:32Z,5.340,11584.0,0.873,1942.2,0.067,628.8,0.427,470.7,0.357,118.2,28.33,30.53,0.00,0.00,23.48
2026-08-23T23:00:33Z,5.230,11607.5,0.879,1941.9,0.068,628.8,0.439,470.6,0.365,118.2,30.71,32.74,0.00,0.00,23.48
2026-08-23T23:00:34Z,4.753,11571.7,0.886,1941.9,0.068,628.8,0.438,470.9,0.362,118.2,33.12,33.82,0.00,0.00,23.48
2026-08-23T23:00:35Z,4.578,11592.1,0.898,1941.8,0.068,628.8,0.447,470.7,0.376,118.1,34.85,30.08,0.00,0.00,23.48
2026-08-23T23:00:37Z,4.967,11584.9,0.904,1941.8,0.067,628.8,0.429,470.7,0.374,118.1,24.98,37.21,0.00,0.00,23.48
2026-08-23T23:00:38Z,5.010,11562.9,0.875,1941.9,0.064,628.8,0.438,470.9,0.374,118.4,26.27,33.86,0.00,0.00,24.65
2026-08-23T23:00:39Z,4.533,11597.1,0.899,1942.1,0.068,628.8,0.444,470.5,0.367,118.1,38.36,36.77,0.00,0.00,24.65
2026-08-23T23:00:40Z,4.472,11592.7,0.880,1941.8,0.067,628.8,0.430,470.5,0.368,118.1,36.47,35.31,0.00,0.00,24.65
2026-08-23T23:00:41Z,4.486,11615.9,0.905,1941.8,0.068,628.8,0.444,470.5,0.366,118.3,34.52,31.08,0.00,0.00,24.65
2026-08-23T23:00:42Z,4.461,11605.4,0.886,1941.8,0.067,628.8,0.444,470.7,0.368,118.1,32.51,46.06,0.00,0.00,24.65
2026-08-23T23:00:43Z,4.485,11601.7,0.884,1942.0,0.069,628.8,0.442,470.5,0.372,118.0,37.08,34.17,0.00,0.00,23.87
2026-08-23T23:00:44Z,4.479,11600.5,0.887,1941.8,0.070,628.8,0.454,470.6,0.368,118.1,40.62,33.20,0.00,0.00,23.87
2026-08-23T23:00:45Z,4.421,11597.1,0.911,1941.8,0.067,628.8,0.452,470.5,0.377,118.0,37.58,32.13,0.00,0.00,23.87
2026-08-23T23:00:47Z,4.852,11590.0,0.886,1941.8,0.070,628.8,0.451,470.9,0.357,118.1,34.72,29.81,0.00,0.00,23.87
2026-08-23T23:00:48Z,4.978,11568.0,0.865,1941.9,0.063,628.8,0.470,470.7,0.385,118.4,30.41,23.79,0.00,0.00,23.64
2026-08-23T23:00:49Z,4.489,11593.2,0.869,1941.8,0.068,628.8,0.453,470.7,0.372,118.1,37.61,34.60,0.00,0.00,23.64
2026-08-23T23:00:50Z,4.455,11613.5,0.878,1941.8,0.068,628.8,0.446,470.9,0.369,118.1,33.59,35.76,0.00,0.00,23.64
2026-08-23T23:00:51Z,4.504,11625.8,0.868,1941.8,0.067,628.8,0.438,470.7,0.358,118.3,27.91,29.58,0.00,0.00,23.64
2026-08-23T23:00:52Z,4.642,11613.4,0.874,1942.0,0.069,628.8,0.441,470.9,0.365,118.1,29.93,36.16,0.00,0.00,23.64
2026-08-23T23:00:53Z,4.482,11604.1,0.863,1941.8,0.067,628.8,0.439,470.9,0.358,118.1,33.28,35.31,0.00,0.00,23.99
2026-08-23T23:00:54Z,4.608,11588.9,0.874,1941.8,0.067,628.8,0.439,470.6,0.364,118.0,29.64,41.65,0.00,0.00,23.99
2026-08-23T23:00:55Z,4.597,11613.1,0.871,1941.8,0.070,628.8,0.446,470.8,0.368,118.0,38.90,33.19,0.00,0.00,23.99
2026-08-23T23:00:56Z,4.839,11584.7,0.880,1941.8,0.070,628.8,0.424,470.9,0.366,118.1,37.17,29.74,0.00,0.00,23.99
2026-08-23T23:00:57Z,5.202,11591.9,0.866,1941.8,0.063,628.8,0.422,470.5,0.371,118.0,30.87,28.44,0.00,0.00,24.71
2026-08-23T23:00:59Z,4.449,11592.0,0.879,1942.0,0.067,628.8,0.436,471.0,0.364,118.3,38.86,35.80,0.00,0.00,24.71
2026-08-23T23:01:00Z,4.329,11592.4,0.883,1941.8,0.067,628.8,0.446,471.0,0.367,118.0,39.65,40.22,0.00,0.00,24.71
2026-08-23T23:01:01Z,4.453,11594.7,0.876,1941.8,0.068,628.8,0.448,470.8,0.368,118.1,37.60,41.62,0.00,0.00,24.71
2026-08-23T23:01:02Z,4.461,11624.1,0.887,1941.7,0.068,628.8,0.450,470.8,0.367,118.0,35.62,50.40,0.00,0.00,24.71
2026-08-23T23:01:03Z,4.442,11597.6,0.894,1941.8,0.068,628.8,0.450,470.5,0.371,118.1,44.93,44.38,0.00,0.00,23.94
2026-08-23T23:01:04Z,4.805,11624.3,0.847,1941.8,0.068,628.8,0.436,470.8,0.356,118.0,32.86,38.26,0.00,0.00,23.94
2026-08-23T23:01:05Z,4.707,11615.3,0.909,1941.7,0.070,628.8,0.449,470.5,0.361,118.1,30.27,39.89,0.00,0.00,23.94
2026-08-23T23:01:06Z,4.788,11606.7,0.886,1942.2,0.069,628.8,0.437,470.6,0.366,118.1,28.97,32.87,0.00,0.00,23.94
2026-08-23T23:01:07Z,5.299,11574.5,0.843,1941.8,0.065,628.8,0.439,470.9,0.373,118.1,21.69,26.91,0.00,0.00,23.22
2026-08-23T23:01:08Z,4.781,11543.5,0.876,1941.8,0.067,628.8,0.447,470.8,0.367,118.1,14.69,23.80,0.00,0.00,23.22
2026-08-23T23:01:10Z,3.452,11562.4,0.868,1941.8,0.067,629.1,0.431,470.9,0.357,118.3,13.56,28.30,0.00,0.00,23.22
2026-08-23T23:01:11Z,3.396,11584.6,0.879,1941.8,0.067,628.8,0.430,470.6,0.355,118.0,14.17,27.81,0.00,0.00,23.22
2026-08-23T23:01:12Z,3.408,11608.1,0.873,1941.7,0.065,628.8,0.426,470.6,0.355,118.3,13.81,28.46,0.00,0.00,23.22
2026-08-23T23:01:13Z,3.361,11632.0,0.877,1941.7,0.066,628.8,0.429,470.5,0.353,118.0,13.70,37.95,0.00,0.00,22.16
2026-08-23T23:01:14Z,3.357,11623.7,0.862,1941.8,0.066,628.8,0.434,470.8,0.355,118.0,13.49,29.74,0.00,0.00,22.16
2026-08-23T23:01:15Z,3.435,11615.8,0.867,1941.7,0.067,628.8,0.435,470.5,0.362,118.0,13.54,29.96,0.00,0.00,22.16
2026-08-23T23:01:16Z,3.449,11642.6,0.851,1941.7,0.067,628.8,0.428,470.6,0.348,118.2,13.54,29.71,0.00,0.00,22.16
2026-08-23T23:01:17Z,4.768,11644.9,0.854,1941.7,0.068,628.8,0.450,470.6,0.371,118.0,76.23,25.24,0.00,0.00,22.16
2026-08-23T23:01:18Z,4.103,11637.2,0.918,1941.7,0.070,628.8,0.456,470.8,0.366,118.0,128.22,35.03,0.00,0.00,23.03
2026-08-23T23:01:19Z,4.170,11645.1,0.896,1941.7,0.067,628.8,0.443,470.5,0.361,118.1,47.82,31.61,0.00,0.00,23.03
2026-08-23T23:01:20Z,4.158,11624.6,0.859,1941.7,0.067,628.8,0.442,470.5,0.357,118.0,12.09,27.01,0.00,0.00,23.03
2026-08-23T23:01:22Z,3.435,11616.8,0.883,1941.7,0.067,628.8,0.427,470.8,0.358,118.0,12.97,28.98,0.00,0.00,23.03
2026-08-23T23:01:23Z,3.354,11640.0,0.869,1941.7,0.065,628.8,0.423,470.5,0.349,118.0,12.79,30.39,0.00,0.00,22.55
2026-08-23T23:01:24Z,3.381,11629.5,0.849,1941.7,0.065,628.8,0.430,470.5,0.356,118.0,13.20,26.55,0.00,0.00,22.55
2026-08-23T23:01:25Z,3.499,11620.6,0.865,1941.7,0.066,628.8,0.431,470.5,0.352,118.0,12.48,26.89,0.00,0.00,22.55
2026-08-23T23:01:26Z,3.584,11649.2,0.864,1941.7,0.066,628.8,0.429,470.8,0.356,118.0,15.42,29.10,0.00,0.00,22.55
2026-08-23T23:01:27Z,5.174,11615.7,0.841,1942.0,0.065,628.8,0.435,470.9,0.361,118.1,11.83,19.82,0.00,0.00,22.55
2026-08-23T23:01:28Z,4.708,11631.4,0.868,1941.8,0.065,628.8,0.436,470.6,0.359,118.3,11.93,32.23,0.00,0.00,24.18
2026-08-23T23:01:29Z,4.345,11622.4,0.885,1942.1,0.069,629.1,0.455,470.6,0.367,118.0,12.57,26.17,0.00,0.00,24.18
2026-08-23T23:01:30Z,4.134,11615.5,0.856,1941.8,0.067,628.8,0.426,470.5,0.347,118.0,12.24,26.55,0.00,0.00,24.18
2026-08-23T23:01:31Z,3.276,11640.4,0.901,1941.9,0.066,628.8,0.423,470.5,0.355,118.1,13.63,29.74,0.00,0.00,24.18
2026-08-23T23:01:32Z,3.370,11640.5,0.856,1941.9,0.065,628.8,0.422,470.5,0.347,118.0,13.19,27.58,0.00,0.00,23.45
2026-08-23T23:01:34Z,3.667,11640.2,0.876,1941.9,0.069,628.8,0.428,470.8,0.364,118.1,13.08,27.52,0.00,0.00,23.45
2026-08-23T23:01:35Z,3.699,11632.4,0.880,1941.9,0.066,628.8,0.429,470.8,0.354,118.2,13.10,26.61,0.00,0.00,23.45
2026-08-23T23:01:36Z,3.439,11627.2,0.875,1941.9,0.066,628.8,0.425,470.8,0.356,118.1,13.93,30.47,0.00,0.00,23.45
2026-08-23T23:01:37Z,4.386,11619.2,0.929,1942.3,0.062,628.8,0.422,471.0,0.350,118.4,12.23,23.61,0.00,0.00,23.45
2026-08-23T23:01:38Z,3.821,11646.0,0.924,1942.1,0.067,628.8,0.446,470.7,0.385,118.4,12.44,36.28,0.00,0.00,22.77
2026-08-23T23:01:39Z,3.400,11640.6,0.892,1942.1,0.064,628.8,0.423,470.9,0.349,118.3,12.87,30.89,0.00,0.00,22.77
2026-08-23T23:01:40Z,3.414,11638.2,0.923,1942.4,0.066,628.8,0.439,470.7,0.362,118.4,12.53,33.22,0.00,0.00,22.77
2026-08-23T23:01:41Z,3.425,11637.3,0.916,1942.1,0.067,628.8,0.427,470.6,0.357,118.3,13.00,35.58,0.00,0.00,22.77
2026-08-23T23:01:42Z,3.366,11635.9,0.895,1942.0,0.066,628.8,0.426,470.7,0.353,118.4,12.35,35.17,0.00,0.00,22.79
2026-08-23T23:01:43Z,3.440,11635.1,0.900,1942.1,0.067,628.8,0.432,471.2,0.359,118.3,12.74,60.32,0.00,0.00,22.79
2026-08-23T23:01:44Z,3.483,11630.7,0.919,1942.1,0.067,628.8,0.443,471.4,0.370,118.3,11.96,32.51,0.00,0.00,22.79
2026-08-23T23:01:46Z,3.417,11629.7,0.914,1942.3,0.068,628.8,0.443,470.7,0.372,118.2,12.72,34.33,0.00,0.00,22.79
2026-08-23T23:01:47Z,4.336,11642.6,0.874,1942.1,0.066,628.8,0.429,470.6,0.352,118.2,11.57,30.01,0.00,0.00,22.79
2026-08-23T23:01:48Z,4.234,11621.7,0.916,1942.1,0.067,628.8,0.462,470.6,0.384,118.2,11.08,29.31,0.00,0.00,22.01
2026-08-23T23:01:49Z,3.459,11618.3,0.899,1942.0,0.066,628.8,0.421,470.8,0.350,118.1,12.46,39.41,0.00,0.00,22.01
2026-08-23T23:01:50Z,3.449,11616.2,0.910,1942.2,0.066,628.8,0.425,470.6,0.363,118.1,12.92,33.80,0.00,0.00,22.01
2026-08-23T23:01:51Z,3.443,11606.1,0.930,1942.0,0.068,628.8,0.440,470.5,0.356,118.4,30.31,23.26,0.00,0.00,22.01
2026-08-23T23:01:52Z,3.421,11534.2,0.897,1942.2,0.066,628.8,0.423,470.5,0.359,118.4,39.92,24.35,0.11,0.00,22.01
2026-08-23T23:01:53Z,3.435,11556.0,0.910,1942.0,0.067,628.8,0.431,471.0,0.359,118.1,17.94,24.81,0.00,0.00,21.77
2026-08-23T23:01:54Z,3.520,11581.1,0.909,1942.2,0.068,628.8,0.437,470.5,0.366,118.1,12.71,28.20,0.00,0.00,21.77
2026-08-23T23:01:55Z,3.587,11579.6,0.893,1942.0,0.067,628.8,0.434,470.5,0.360,118.1,12.55,33.14,0.00,0.00,21.77
2026-08-23T23:01:56Z,4.006,11591.8,0.893,1941.9,0.066,628.8,0.421,470.6,0.352,118.0,12.32,31.91,0.00,0.00,21.77
2026-08-23T23:01:58Z,4.611,11581.1,0.909,1941.9,0.069,628.8,0.455,470.5,0.377,118.1,101.73,25.32,0.00,0.00,21.06
2026-08-23T23:01:59Z,4.241,11581.8,0.903,1942.0,0.071,628.8,0.438,470.8,0.367,118.1,86.71,33.99,0.00,0.00,21.06
2026-08-23T23:02:00Z,4.006,11590.0,0.897,1941.9,0.066,628.8,0.436,470.5,0.368,118.0,13.26,24.74,0.00,0.00,21.06
2026-08-23T23:02:01Z,3.391,11584.8,0.897,1941.9,0.066,628.8,0.425,470.5,0.356,118.0,12.80,29.35,0.00,0.00,21.06
2026-08-23T23:02:02Z,3.585,11579.4,0.948,1941.9,0.071,628.8,0.459,470.8,0.374,118.1,13.04,27.37,0.00,0.00,21.06
2026-08-23T23:02:03Z,3.607,11581.4,0.898,1941.9,0.067,628.8,0.438,470.5,0.369,118.3,12.44,38.44,0.00,0.00,20.74
2026-08-23T23:02:04Z,4.240,11583.7,0.904,1941.9,0.070,628.8,0.446,470.6,0.371,118.0,16.11,23.02,0.00,0.00,20.74
2026-08-23T23:02:05Z,4.328,11571.6,0.929,1941.9,0.072,628.8,0.460,470.5,0.377,118.0,38.82,21.70,0.00,0.00,20.74
2026-08-23T23:02:06Z,4.451,11584.5,0.923,1941.9,0.071,628.8,0.451,470.6,0.366,118.1,231.26,56.33,0.00,0.00,20.74
2026-08-23T23:02:07Z,5.114,11606.2,0.858,1942.0,0.063,628.8,0.431,470.7,0.359,118.2,189.92,78.09,0.00,0.00,21.72
2026-08-23T23:02:09Z,4.434,11583.3,0.866,1942.1,0.063,628.8,0.455,471.0,0.365,118.3,207.44,269.47,0.00,0.00,21.72
2026-08-23T23:02:10Z,4.780,11590.6,0.935,1942.4,0.066,628.8,0.469,471.0,0.399,118.5,206.79,68.64,0.00,0.00,21.72
2026-08-23T23:02:11Z,4.950,11599.8,0.919,1942.5,0.066,629.1,0.444,470.8,0.377,118.5,265.61,27.51,0.00,0.00,21.72
2026-08-23T23:02:12Z,4.767,11595.6,0.926,1942.5,0.066,628.8,0.450,470.7,0.369,118.4,220.14,114.28,0.00,0.00,21.72
2026-08-23T23:02:13Z,4.535,11585.2,0.924,1942.7,0.066,628.8,0.429,470.8,0.370,118.4,195.74,123.87,0.00,0.00,22.38
2026-08-23T23:02:14Z,4.243,11593.1,0.811,1942.8,0.062,628.8,0.427,471.1,0.352,118.5,231.05,278.21,0.00,0.00,22.38
2026-08-23T23:02:15Z,4.920,11602.7,0.912,1942.5,0.070,628.8,0.456,470.7,0.391,118.4,224.02,19.76,0.00,0.00,22.38
2026-08-23T23:02:16Z,4.836,11581.3,0.836,1942.6,0.068,628.8,0.423,470.9,0.348,118.4,254.19,108.19,0.00,0.00,22.38
2026-08-23T23:02:17Z,5.528,11591.2,0.838,1942.7,0.064,628.8,0.435,471.1,0.357,118.7,131.16,42.54,0.00,0.00,21.95
2026-08-23T23:02:18Z,4.838,11597.7,0.914,1942.6,0.070,628.8,0.472,470.8,0.389,118.3,150.94,93.93,0.00,0.00,21.95
2026-08-23T23:02:20Z,4.179,11574.7,0.864,1942.9,0.064,628.8,0.442,471.1,0.372,118.4,194.67,251.89,0.00,0.00,21.95
2026-08-23T23:02:21Z,4.841,11593.7,0.908,1942.6,0.068,628.8,0.458,470.8,0.377,118.3,246.21,26.88,0.00,0.00,21.95
2026-08-23T23:02:22Z,4.644,11583.5,0.936,1942.6,0.066,628.8,0.445,471.6,0.367,118.3,245.63,74.92,0.00,0.00,21.95
2026-08-23T23:02:23Z,4.557,11568.6,0.919,1942.6,0.066,628.8,0.441,470.8,0.372,118.2,243.24,118.94,0.00,0.00,23.40
2026-08-23T23:02:24Z,4.417,11560.1,0.885,1942.8,0.065,628.8,0.432,471.0,0.356,118.8,237.24,118.38,0.00,0.00,23.40
2026-08-23T23:02:25Z,4.515,11563.0,0.860,1942.7,0.063,628.8,0.446,470.9,0.375,118.4,172.91,250.68,0.00,0.00,23.40
2026-08-23T23:02:26Z,5.119,11566.7,0.865,1942.6,0.067,628.8,0.428,471.0,0.369,118.3,157.63,19.42,0.00,0.00,23.40
2026-08-23T23:02:27Z,5.576,11581.2,0.814,1942.7,0.065,628.8,0.434,471.1,0.370,118.3,107.56,15.49,0.00,0.00,25.77
2026-08-23T23:02:28Z,5.425,11576.6,0.872,1942.6,0.064,628.8,0.407,470.9,0.362,118.3,115.10,15.64,0.00,0.00,25.77
2026-08-23T23:02:29Z,5.167,11559.5,0.889,1942.6,0.063,628.8,0.422,470.8,0.345,118.3,174.03,130.69,0.00,0.00,25.77
2026-08-23T23:02:31Z,4.687,11567.2,0.904,1942.6,0.069,628.8,0.449,470.8,0.371,118.2,202.86,132.96,0.00,0.00,25.77
2026-08-23T23:02:32Z,4.744,11575.1,0.892,1942.6,0.066,628.8,0.439,470.9,0.361,118.3,322.17,58.50,0.00,0.00,25.77
2026-08-23T23:02:33Z,4.579,11563.2,0.901,1942.8,0.066,628.8,0.439,470.8,0.366,118.3,242.10,133.72,0.00,0.00,25.71
2026-08-23T23:02:34Z,4.708,11569.4,0.916,1942.6,0.065,628.8,0.431,470.8,0.367,118.2,223.03,97.86,0.00,0.00,25.71
2026-08-23T23:02:35Z,4.401,11569.9,0.865,1942.7,0.066,628.8,0.439,470.9,0.352,118.5,203.13,283.39,0.00,0.00,25.71
2026-08-23T23:02:36Z,4.781,11558.8,0.949,1942.7,0.067,628.8,0.452,470.9,0.392,118.2,228.95,23.73,0.00,0.00,25.71
2026-08-23T23:02:37Z,5.310,11561.0,0.882,1942.6,0.061,628.8,0.432,470.9,0.347,118.3,188.04,25.76,0.00,0.00,25.71
2026-08-23T23:02:38Z,4.881,11543.7,0.873,1942.5,0.063,628.8,0.437,470.8,0.370,118.3,165.92,112.85,0.00,0.00,27.33
2026-08-23T23:02:39Z,4.552,11568.8,0.887,1942.7,0.069,628.8,0.444,470.8,0.375,118.2,249.90,113.69,0.00,0.00,27.33
2026-08-23T23:02:40Z,4.311,11558.6,0.881,1942.6,0.066,628.8,0.434,471.1,0.373,118.2,222.56,242.35,0.00,0.00,27.33
2026-08-23T23:02:41Z,4.752,11555.9,0.906,1942.6,0.068,628.8,0.449,471.3,0.373,118.2,252.70,26.87,0.00,0.00,27.33
2026-08-23T23:02:43Z,4.591,11544.4,0.902,1942.6,0.067,628.8,0.443,471.0,0.367,118.2,247.26,108.70,0.00,0.00,28.43
2026-08-23T23:02:44Z,4.530,11560.8,0.870,1942.6,0.064,628.8,0.430,470.8,0.345,118.1,33.99,167.33,0.00,0.00,28.43
2026-08-23T23:02:45Z,4.258,11566.6,0.855,1942.5,0.065,628.8,0.435,471.4,0.348,118.2,34.27,220.58,0.00,0.00,28.43
2026-08-23T23:02:46Z,4.447,11569.2,0.911,1942.9,0.067,628.8,0.455,470.9,0.390,118.2,36.29,134.13,0.00,0.00,28.43
2026-08-23T23:02:47Z,5.317,11552.0,0.836,1942.8,0.062,628.8,0.433,471.1,0.362,118.3,34.43,20.16,0.00,0.00,28.43
2026-08-23T23:02:48Z,4.822,11545.4,0.914,1942.7,0.067,628.8,0.446,470.8,0.372,118.3,34.12,73.34,0.00,0.00,27.83
2026-08-23T23:02:49Z,4.489,11548.9,0.864,1942.8,0.066,628.8,0.425,470.9,0.354,118.3,32.93,171.14,0.00,0.00,27.83
2026-08-23T23:02:50Z,4.015,11550.6,0.831,1942.8,0.063,628.8,0.420,471.0,0.347,118.4,55.34,271.41,0.00,0.00,27.83
2026-08-23T23:02:51Z,4.593,11552.7,0.920,1942.7,0.066,628.8,0.460,470.9,0.376,118.3,156.20,25.69,0.00,0.00,27.83
2026-08-23T23:02:52Z,4.669,11556.2,0.921,1942.9,0.069,628.8,0.441,471.1,0.368,118.3,183.16,26.78,0.00,0.00,27.76
2026-08-23T23:02:54Z,4.618,11560.6,0.892,1942.7,0.068,628.8,0.438,470.9,0.369,118.3,171.46,25.96,0.00,0.00,27.76
2026-08-23T23:02:55Z,4.682,11551.3,0.877,1942.7,0.068,628.8,0.437,470.9,0.363,118.2,186.15,32.39,0.00,0.00,27.76
2026-08-23T23:02:56Z,4.766,11547.6,0.922,1942.6,0.068,628.8,0.444,470.9,0.368,118.2,187.90,24.62,0.00,0.00,27.76
2026-08-23T23:02:57Z,5.269,11557.5,0.858,1942.7,0.062,628.8,0.442,470.9,0.370,118.2,115.22,21.73,0.00,0.00,27.76
2026-08-23T23:02:58Z,5.042,11546.7,0.889,1942.7,0.065,628.8,0.432,470.8,0.365,118.2,164.55,21.22,0.00,0.00,28.18
2026-08-23T23:02:59Z,4.547,11543.1,0.875,1942.6,0.068,628.8,0.450,470.8,0.368,118.5,174.85,27.95,0.00,0.00,28.18
2026-08-23T23:03:00Z,4.648,11550.7,0.891,1942.6,0.068,628.8,0.439,470.7,0.363,118.2,205.06,30.23,0.00,0.00,28.18
2026-08-23T23:03:01Z,4.694,11537.5,0.908,1942.6,0.069,628.8,0.436,471.2,0.367,118.1,207.36,27.52,0.00,0.00,28.18
2026-08-23T23:03:02Z,4.675,11545.3,0.900,1942.6,0.068,628.8,0.433,470.6,0.371,118.1,202.78,27.94,0.00,0.00,28.17
2026-08-23T23:03:04Z,4.825,11534.3,0.886,1942.9,0.065,628.8,0.428,470.7,0.357,118.2,189.38,27.26,0.00,0.00,28.17
2026-08-23T23:03:05Z,4.917,11540.9,0.888,1942.6,0.067,628.8,0.439,470.7,0.363,118.1,186.96,23.97,0.00,0.00,28.17
2026-08-23T23:03:06Z,4.853,11541.6,0.889,1942.6,0.069,628.8,0.427,470.6,0.354,118.0,228.20,27.35,0.00,0.00,28.17
2026-08-23T23:03:07Z,4.984,11539.7,0.992,1942.7,0.068,628.8,0.456,470.8,0.381,118.4,112.57,21.66,0.00,0.00,28.17
2026-08-23T23:03:08Z,5.251,11536.2,0.910,1942.7,0.065,628.8,0.451,470.8,0.369,118.2,151.32,19.12,0.00,0.00,28.16
2026-08-23T23:03:09Z,4.724,11512.2,0.903,1942.9,0.067,628.8,0.442,470.8,0.373,118.1,152.00,24.26,0.00,0.00,28.16
2026-08-23T23:03:10Z,5.179,11515.6,0.873,1942.6,0.070,628.8,0.431,470.8,0.367,118.2,189.17,23.10,0.00,0.00,28.16
2026-08-23T23:03:11Z,5.097,11512.3,0.924,1942.6,0.069,628.8,0.452,470.8,0.369,118.4,179.08,33.70,0.00,0.00,28.16
2026-08-23T23:03:12Z,5.156,11523.6,0.869,1942.6,0.066,628.8,0.447,470.8,0.372,118.1,213.99,34.61,0.00,0.00,28.22
2026-08-23T23:03:13Z,4.881,11520.1,0.919,1942.6,0.070,628.8,0.452,470.8,0.374,118.6,123.79,38.58,0.00,0.00,28.22
2026-08-23T23:03:15Z,5.039,11515.2,0.895,1942.6,0.068,628.8,0.436,471.0,0.370,118.2,181.29,39.35,0.00,0.00,28.22
2026-08-23T23:03:16Z,5.028,11530.5,0.919,1942.6,0.068,628.8,0.446,470.8,0.369,118.4,189.80,40.28,0.00,0.00,28.22
2026-08-23T23:03:17Z,5.328,11531.4,0.850,1942.6,0.066,628.8,0.426,470.8,0.357,118.5,130.12,30.92,0.00,0.00,28.22
2026-08-23T23:03:18Z,5.241,11528.4,0.909,1942.4,0.063,628.8,0.468,470.5,0.379,118.2,122.54,24.32,0.00,0.00,28.04
2026-08-23T23:03:19Z,5.188,11560.8,0.927,1942.7,0.068,628.8,0.426,470.5,0.360,118.2,179.48,29.24,0.00,0.00,28.04
2026-08-23T23:03:20Z,4.993,11556.8,0.896,1942.4,0.067,628.8,0.451,470.5,0.369,118.1,160.36,37.61,0.00,0.00,28.04
2026-08-23T23:03:21Z,5.122,11544.6,0.888,1942.3,0.066,628.8,0.434,470.5,0.363,118.2,180.25,72.60,0.00,0.00,28.04
2026-08-23T23:03:22Z,5.224,11578.4,0.909,1942.4,0.070,628.8,0.435,470.7,0.375,118.2,123.99,29.53,0.00,0.00,29.08
2026-08-23T23:03:23Z,4.633,11089.2,0.919,1942.4,0.068,628.8,0.446,470.7,0.371,118.4,52.29,38.52,0.00,0.00,29.08
2026-08-23T23:03:24Z,4.882,11172.6,0.951,1942.7,0.069,628.8,0.449,470.4,0.373,118.1,52.12,39.63,0.00,0.00,29.08
2026-08-23T23:03:26Z,5.285,11247.4,0.897,1942.4,0.066,629.1,0.433,470.8,0.375,118.4,48.46,30.28,0.00,0.00,29.08
2026-08-23T23:03:27Z,5.347,11342.3,0.872,1942.3,0.064,628.8,0.442,470.8,0.347,118.4,55.77,32.76,0.00,0.00,29.08
2026-08-23T23:03:28Z,5.461,11409.1,0.917,1942.4,0.068,628.8,0.448,470.6,0.372,118.2,38.45,26.03,0.00,0.00,31.08
2026-08-23T23:03:29Z,5.419,11458.6,0.907,1942.4,0.066,628.8,0.465,470.8,0.383,118.3,37.78,21.07,0.00,0.00,31.08
2026-08-23T23:03:30Z,5.157,11528.2,0.919,1942.4,0.071,628.8,0.446,470.7,0.370,118.1,41.65,33.41,0.00,0.00,31.08
2026-08-23T23:03:31Z,5.002,11545.2,0.916,1942.4,0.071,628.8,0.453,470.5,0.368,118.1,56.13,35.36,0.00,0.00,31.08
2026-08-23T23:03:32Z,4.705,11570.1,0.911,1942.4,0.068,628.8,0.447,470.7,0.367,118.1,56.01,33.12,0.00,0.00,30.59
2026-08-23T23:03:33Z,4.991,11552.0,0.904,1942.4,0.072,628.8,0.446,470.5,0.367,118.2,48.19,30.57,0.00,0.00,30.59
2026-08-23T23:03:34Z,5.440,11548.4,0.873,1942.4,0.063,628.8,0.416,470.8,0.362,118.4,36.04,24.49,0.00,0.00,30.59
2026-08-23T23:03:36Z,5.199,11533.5,0.918,1942.4,0.062,628.8,0.444,470.4,0.374,118.1,30.23,21.68,0.00,0.00,30.59
2026-08-23T23:03:37Z,4.644,11573.0,0.939,1942.4,0.068,628.8,0.458,470.7,0.374,118.2,36.69,28.53,0.00,0.00,30.59
2026-08-23T23:03:38Z,5.106,11535.9,0.906,1942.5,0.068,628.8,0.462,470.6,0.367,118.2,26.01,16.32,0.00,0.00,31.59
2026-08-23T23:03:39Z,4.260,11552.1,0.946,1942.6,0.069,628.8,0.451,470.4,0.375,118.1,36.81,25.11,0.00,0.00,31.59
2026-08-23T23:03:40Z,4.115,11570.3,0.934,1942.4,0.067,628.8,0.451,470.5,0.368,118.4,37.65,25.66,0.00,0.00,31.59
2026-08-23T23:03:41Z,3.985,11533.7,0.912,1942.4,0.066,628.8,0.439,470.7,0.358,118.1,40.61,25.71,0.00,0.00,31.59
2026-08-23T23:03:42Z,4.125,11566.6,0.914,1942.4,0.069,628.8,0.437,470.7,0.367,118.1,44.96,30.42,0.00,0.00,31.59
2026-08-23T23:03:43Z,4.062,11569.8,0.911,1942.3,0.067,628.8,0.437,470.4,0.360,118.1,42.60,31.57,0.00,0.00,30.42
2026-08-23T23:03:44Z,4.167,11569.6,0.925,1942.3,0.068,628.8,0.456,470.5,0.379,118.1,42.41,30.92,0.00,0.00,30.42
2026-08-23T23:03:45Z,4.096,11573.6,0.908,1942.3,0.066,628.8,0.445,470.7,0.363,118.0,46.25,32.85,0.00,0.00,30.42
2026-08-23T23:03:47Z,4.567,11583.5,0.884,1942.3,0.068,628.8,0.444,470.5,0.375,118.1,42.03,32.96,0.00,0.00,30.42
2026-08-23T23:03:48Z,5.051,11549.4,0.906,1942.4,0.066,628.8,0.450,470.4,0.375,118.1,29.63,17.20,0.00,0.00,29.18
2026-08-23T23:03:49Z,4.181,11571.9,0.923,1942.4,0.066,628.8,0.438,470.4,0.363,118.1,41.25,26.87,0.00,0.00,29.18
2026-08-23T23:03:50Z,4.089,11570.4,0.898,1942.4,0.068,628.8,0.438,470.3,0.362,118.1,48.54,30.77,0.00,0.00,29.18
2026-08-23T23:03:51Z,4.193,11568.4,0.895,1942.3,0.069,628.8,0.446,470.3,0.373,118.1,47.81,30.58,0.00,0.00,29.18
2026-08-23T23:03:52Z,4.147,11561.4,0.908,1942.4,0.068,628.8,0.448,470.6,0.372,118.1,42.98,38.25,0.00,0.00,29.18
2026-08-23T23:03:53Z,4.207,11559.1,0.894,1942.4,0.069,628.8,0.439,470.3,0.370,118.1,43.67,31.21,0.00,0.00,27.73
2026-08-23T23:03:54Z,4.297,11588.7,0.880,1942.3,0.069,629.1,0.443,470.3,0.367,118.1,43.01,27.69,0.00,0.00,27.73
2026-08-23T23:03:55Z,4.542,11585.2,0.876,1942.3,0.066,628.8,0.447,470.3,0.373,118.0,40.28,26.59,0.00,0.00,27.73
2026-08-23T23:03:56Z,4.627,11560.9,0.884,1942.3,0.068,628.8,0.424,470.3,0.360,118.1,38.12,36.96,0.00,0.00,27.73
2026-08-23T23:03:57Z,5.259,11556.1,0.861,1942.3,0.066,628.8,0.455,470.4,0.375,118.1,26.00,17.85,0.00,0.00,28.95
2026-08-23T23:03:59Z,4.325,11559.2,0.918,1942.3,0.067,628.8,0.452,470.5,0.374,118.1,41.29,32.72,0.00,0.00,28.95
2026-08-23T23:04:00Z,4.292,11591.7,0.918,1942.3,0.070,628.8,0.452,470.3,0.374,118.0,37.92,38.30,0.00,0.00,28.95
2026-08-23T23:04:01Z,4.259,11592.6,0.913,1942.3,0.070,628.8,0.452,470.3,0.378,118.1,39.89,35.63,0.00,0.00,28.95
2026-08-23T23:04:02Z,4.163,11596.8,0.887,1942.3,0.069,629.1,0.442,470.6,0.368,118.0,44.26,32.95,0.00,0.00,28.95
2026-08-23T23:04:03Z,4.295,11592.4,0.887,1942.3,0.069,628.8,0.433,470.3,0.366,118.0,40.93,31.48,0.00,0.00,28.23
2026-08-23T23:04:04Z,5.228,11577.6,0.848,1942.3,0.066,628.8,0.415,470.3,0.357,118.1,22.67,29.29,0.00,0.00,28.23
2026-08-23T23:04:05Z,5.205,11586.3,0.916,1942.3,0.069,628.8,0.426,470.3,0.362,118.1,15.40,31.02,0.00,0.00,28.23
2026-08-23T23:04:06Z,4.547,11588.0,0.897,1942.2,0.070,628.8,0.453,470.4,0.374,118.1,32.78,36.50,0.00,0.00,28.23
2026-08-23T23:04:07Z,5.250,11579.6,0.903,1942.4,0.067,628.8,0.449,470.4,0.381,118.1,21.00,19.08,0.00,0.00,27.97
2026-08-23T23:04:09Z,4.443,11568.2,0.956,1942.4,0.069,628.8,0.477,470.3,0.383,118.1,28.18,31.75,0.00,0.00,27.97
2026-08-23T23:04:10Z,4.080,11538.0,0.876,1942.4,0.067,628.8,0.432,470.3,0.355,118.0,14.42,26.42,0.00,0.00,27.97
2026-08-23T23:04:11Z,3.457,11564.9,0.897,1942.3,0.067,628.8,0.440,470.8,0.359,118.1,15.67,27.94,0.00,0.00,27.97
2026-08-23T23:04:12Z,3.390,11591.2,0.891,1942.3,0.067,628.8,0.427,470.3,0.354,118.0,15.16,26.13,0.00,0.00,27.97
2026-08-23T23:04:13Z,3.399,11586.7,0.861,1942.6,0.065,628.8,0.427,470.3,0.354,118.0,15.62,27.88,0.00,0.00,26.61
2026-08-23T23:04:14Z,3.427,11583.7,0.880,1942.3,0.065,628.8,0.428,470.5,0.355,118.0,15.89,27.44,0.00,0.00,26.61
2026-08-23T23:04:15Z,3.458,11578.6,0.894,1942.3,0.066,628.8,0.437,470.3,0.362,118.2,15.79,27.48,0.00,0.00,26.61
2026-08-23T23:04:16Z,3.549,11580.1,0.879,1942.3,0.066,628.8,0.422,470.6,0.352,118.0,17.74,27.45,0.00,0.00,26.61
2026-08-23T23:04:17Z,4.897,11581.3,0.867,1942.4,0.067,628.8,0.445,470.3,0.359,118.1,12.43,29.59,0.00,0.00,27.05
2026-08-23T23:04:18Z,3.701,11568.3,0.889,1942.4,0.066,628.8,0.432,470.6,0.359,118.1,13.92,26.17,0.00,0.00,27.05
2026-08-23T23:04:19Z,3.400,11593.6,0.884,1942.3,0.066,628.8,0.430,470.3,0.358,118.0,14.73,27.96,0.00,0.00,27.05
2026-08-23T23:04:21Z,3.373,11587.4,0.885,1942.3,0.067,628.8,0.433,470.3,0.360,118.1,14.40,26.74,0.00,0.00,27.05
2026-08-23T23:04:22Z,3.470,11582.3,0.888,1942.3,0.066,628.8,0.421,470.5,0.350,118.0,13.85,27.81,0.00,0.00,27.05
2026-08-23T23:04:23Z,3.418,11575.9,0.880,1942.3,0.065,628.8,0.429,470.5,0.351,118.3,14.21,37.18,0.00,0.00,25.44
2026-08-23T23:04:24Z,3.416,11572.8,0.879,1942.3,0.067,628.8,0.431,470.8,0.357,118.1,16.27,29.08,0.00,0.00,25.44
2026-08-23T23:04:25Z,4.158,11569.0,0.907,1942.5,0.069,628.8,0.440,470.3,0.362,118.0,14.92,27.88,0.00,0.00,25.44
2026-08-23T23:04:26Z,4.660,11568.3,0.904,1942.3,0.067,628.8,0.447,470.3,0.372,118.0,14.54,25.73,0.00,0.00,25.44
2026-08-23T23:04:27Z,5.458,11565.8,0.836,1942.6,0.066,628.8,0.418,470.4,0.345,118.1,12.05,24.48,0.00,0.00,25.44
2026-08-23T23:04:28Z,4.538,11583.2,0.882,1942.3,0.066,628.8,0.434,470.6,0.370,118.0,13.46,22.45,0.00,0.00,25.56
2026-08-23T23:04:29Z,3.463,11577.0,0.885,1942.6,0.066,628.8,0.426,470.3,0.358,118.1,14.15,26.95,0.00,0.00,25.56
2026-08-23T23:04:30Z,3.410,11567.7,0.885,1942.3,0.066,628.8,0.434,470.5,0.360,118.0,14.12,25.60,0.00,0.00,25.56
2026-08-23T23:04:31Z,3.450,11592.8,0.890,1942.3,0.067,628.8,0.434,470.3,0.356,118.0,14.11,27.54,0.00,0.00,25.56
2026-08-23T23:04:33Z,3.429,11586.5,0.883,1942.3,0.066,628.8,0.419,470.3,0.358,118.1,14.63,28.27,0.00,0.00,24.16
2026-08-23T23:04:34Z,3.672,11578.9,0.886,1942.3,0.066,628.8,0.427,470.3,0.358,118.1,13.95,26.40,0.00,0.00,24.16
2026-08-23T23:04:35Z,3.812,11572.3,0.885,1942.3,0.067,628.8,0.434,470.6,0.364,118.1,13.64,25.40,0.00,0.00,24.16
2026-08-23T23:04:36Z,4.209,11571.8,0.896,1942.3,0.068,628.8,0.433,470.6,0.364,118.0,18.34,25.22,0.00,0.00,24.16
2026-08-23T23:04:37Z,5.241,11553.6,0.827,1942.3,0.063,628.8,0.421,470.6,0.351,118.1,22.64,25.63,0.00,0.00,24.16
2026-08-23T23:04:38Z,4.627,11553.1,0.933,1942.6,0.067,628.8,0.456,470.6,0.384,118.0,26.16,18.29,0.00,0.00,25.27
2026-08-23T23:04:39Z,4.301,11569.0,0.882,1942.4,0.066,628.8,0.431,470.3,0.355,118.1,35.12,21.87,0.00,0.00,25.27
2026-08-23T23:04:40Z,4.204,11586.1,0.954,1942.3,0.068,628.8,0.439,470.3,0.370,118.1,36.24,21.59,0.00,0.00,25.27
2026-08-23T23:04:41Z,4.283,11573.4,0.902,1942.3,0.068,628.8,0.437,470.3,0.364,118.1,34.76,23.54,0.00,0.00,25.27
2026-08-23T23:04:42Z,4.395,11558.1,0.880,1942.3,0.066,628.8,0.436,470.3,0.360,118.0,32.30,23.95,0.00,0.00,24.28
2026-08-23T23:04:44Z,4.203,11581.9,0.899,1942.4,0.067,628.8,0.447,470.4,0.366,118.1,39.53,24.85,0.00,0.00,24.28
2026-08-23T23:04:45Z,4.067,11577.8,0.906,1942.3,0.067,628.8,0.434,470.3,0.367,118.3,44.60,22.70,0.00,0.00,24.28
2026-08-23T23:04:46Z,4.441,11568.4,0.902,1942.3,0.067,628.8,0.444,470.6,0.368,118.0,33.69,29.88,0.00,0.00,24.28
2026-08-23T23:04:47Z,5.173,11589.6,0.887,1942.3,0.066,628.8,0.437,470.3,0.353,118.1,21.48,32.95,0.00,0.00,24.28
2026-08-23T23:04:48Z,4.864,11578.8,0.912,1942.3,0.072,628.8,0.454,470.2,0.377,118.0,24.14,57.97,0.00,0.00,24.98
2026-08-23T23:04:49Z,4.189,11571.3,0.918,1942.4,0.068,628.8,0.445,470.3,0.366,118.1,37.03,58.07,0.00,0.00,24.98
2026-08-23T23:04:50Z,4.173,11585.1,0.942,1942.3,0.068,628.8,0.456,470.5,0.378,118.0,39.27,48.21,0.00,0.00,24.98
2026-08-23T23:04:51Z,4.140,11586.4,0.917,1942.3,0.068,628.8,0.446,470.3,0.370,118.0,41.04,31.91,0.00,0.00,24.98
2026-08-23T23:04:52Z,4.147,11570.2,0.898,1942.3,0.067,628.8,0.436,470.3,0.368,118.0,39.57,53.46,0.00,0.00,24.98
2026-08-23T23:04:53Z,4.131,11583.7,0.922,1942.3,0.069,628.8,0.446,470.6,0.367,118.1,38.28,56.83,0.00,0.00,24.98
2026-08-23T23:04:54Z,4.283,11581.9,0.910,1942.3,0.068,628.8,0.443,470.2,0.364,118.0,38.31,36.04,0.00,0.00,24.98
2026-08-23T23:04:56Z,4.249,11582.1,0.888,1942.3,0.069,628.8,0.448,470.6,0.371,118.1,42.28,32.94,0.00,0.00,24.98
2026-08-23T23:04:57Z,4.809,11573.9,0.869,1942.3,0.066,628.8,0.425,470.3,0.344,118.3,34.83,23.50,0.00,0.00,24.98
2026-08-23T23:04:58Z,4.736,11586.0,0.895,1942.4,0.066,628.8,0.439,470.3,0.382,118.1,33.73,25.97,0.00,0.00,23.78
2026-08-23T23:04:59Z,4.178,11582.0,0.891,1942.3,0.069,628.8,0.430,470.8,0.362,118.0,41.52,30.27,0.00,0.00,23.78
2026-08-23T23:05:00Z,4.113,11577.7,0.902,1942.3,0.069,628.8,0.436,470.3,0.368,118.0,40.67,30.13,0.00,0.00,23.78
2026-08-23T23:05:01Z,4.146,11572.9,0.926,1942.3,0.070,628.8,0.457,470.3,0.373,118.0,41.09,30.05,0.00,0.00,23.78
2026-08-23T23:05:02Z,4.239,11597.8,0.938,1942.3,0.070,628.8,0.457,470.3,0.380,118.0,39.15,26.70,0.00,0.00,23.78
2026-08-23T23:05:03Z,4.183,11593.5,0.896,1942.3,0.067,628.8,0.430,470.5,0.359,118.0,40.21,29.26,0.00,0.00,22.76
2026-08-23T23:05:04Z,4.402,11587.5,0.881,1942.3,0.068,628.8,0.437,470.3,0.365,118.0,37.85,30.83,0.00,0.00,22.76
2026-08-23T23:05:05Z,4.269,11579.4,0.891,1942.3,0.068,628.8,0.448,470.5,0.362,118.1,36.33,29.39,0.00,0.00,22.76
2026-08-23T23:05:07Z,4.703,11577.0,0.916,1942.3,0.070,628.8,0.464,470.3,0.381,118.1,30.11,32.23,0.00,0.00,22.76
2026-08-23T23:05:08Z,5.006,11584.9,0.900,1942.4,0.062,628.8,0.447,470.5,0.355,118.1,26.36,35.83,0.00,0.00,22.70
2026-08-23T23:05:09Z,4.337,11578.9,0.932,1942.4,0.071,628.8,0.458,470.5,0.381,118.1,35.91,33.70,0.00,0.00,22.70
2026-08-23T23:05:10Z,4.198,11576.2,0.911,1942.3,0.070,628.8,0.434,470.3,0.364,118.0,38.27,36.13,0.00,0.00,22.70
2026-08-23T23:05:11Z,4.120,11568.9,0.921,1942.4,0.068,628.8,0.447,470.3,0.369,118.0,35.24,27.43,0.00,0.00,22.70
2026-08-23T23:05:12Z,4.196,11599.4,0.908,1942.4,0.067,628.8,0.445,470.3,0.366,118.0,39.82,34.15,0.00,0.00,22.70
2026-08-23T23:05:13Z,4.131,11598.7,0.891,1942.4,0.068,628.8,0.441,470.3,0.367,118.1,40.85,34.06,0.00,0.00,21.68
2026-08-23T23:05:14Z,4.329,11588.9,0.914,1942.4,0.068,628.8,0.448,470.5,0.370,118.0,32.46,32.67,0.00,0.00,21.68
2026-08-23T23:05:15Z,4.170,11589.9,0.921,1942.3,0.069,628.8,0.451,470.3,0.371,118.0,42.35,30.65,0.00,0.00,21.68
2026-08-23T23:05:16Z,4.474,11584.6,0.904,1942.5,0.066,628.8,0.446,470.3,0.361,118.1,35.05,26.09,0.00,0.00,21.68
2026-08-23T23:05:18Z,4.943,11591.8,0.900,1942.3,0.065,628.8,0.443,470.8,0.374,118.0,24.98,25.82,0.00,0.00,21.15
2026-08-23T23:05:19Z,4.445,11578.9,0.902,1942.4,0.071,628.8,0.451,470.3,0.369,118.0,25.65,44.46,0.00,0.00,21.15
2026-08-23T23:05:20Z,4.301,11569.9,0.895,1942.3,0.068,628.8,0.434,470.6,0.366,118.1,31.86,34.63,0.00,0.00,21.15
2026-08-23T23:05:21Z,4.367,11584.2,0.933,1942.4,0.070,628.8,0.447,470.3,0.369,118.1,31.99,36.42,0.00,0.00,21.15
2026-08-23T23:05:22Z,3.908,11558.8,0.912,1942.3,0.066,628.8,0.429,470.6,0.356,118.0,14.17,25.65,0.00,0.00,21.15
2026-08-23T23:05:23Z,3.472,11585.2,0.901,1942.3,0.068,628.8,0.424,470.6,0.353,118.1,13.54,32.52,0.00,0.00,20.01
2026-08-23T23:05:24Z,3.497,11580.4,0.876,1942.3,0.068,628.8,0.431,470.3,0.355,118.0,14.01,38.21,0.00,0.00,20.01
2026-08-23T23:05:25Z,3.613,11575.6,0.892,1942.3,0.070,628.8,0.439,470.3,0.364,118.1,13.46,28.47,0.00,0.00,20.01
2026-08-23T23:05:26Z,4.439,11576.5,0.896,1942.3,0.068,628.8,0.451,470.6,0.382,118.0,14.28,27.06,0.00,0.00,20.01
2026-08-23T23:05:27Z,5.303,11586.3,0.816,1942.3,0.066,629.1,0.423,470.4,0.363,118.1,14.37,19.60,0.00,0.00,20.65
2026-08-23T23:05:28Z,4.966,11595.0,0.892,1942.4,0.067,628.8,0.456,470.6,0.376,118.1,12.72,31.27,0.00,0.00,20.65
2026-08-23T23:05:30Z,4.258,11590.4,0.872,1942.4,0.067,628.8,0.429,470.4,0.360,118.1,13.09,31.52,0.00,0.00,20.65
2026-08-23T23:05:31Z,3.754,11588.6,0.906,1942.5,0.067,628.8,0.429,470.6,0.360,118.0,15.04,33.09,0.00,0.00,20.65
2026-08-23T23:05:32Z,3.420,11583.9,0.871,1942.3,0.066,628.8,0.431,470.6,0.360,118.3,13.69,32.40,0.00,0.00,20.65
2026-08-23T23:05:33Z,3.412,11581.0,0.874,1942.5,0.066,628.8,0.427,470.3,0.346,118.3,13.81,31.89,0.00,0.00,19.80
2026-08-23T23:05:34Z,3.695,11578.7,0.874,1942.3,0.067,628.8,0.428,470.4,0.357,118.3,14.26,32.17,0.00,0.00,19.80
2026-08-23T23:05:35Z,3.735,11574.7,0.883,1942.3,0.066,628.8,0.437,470.4,0.356,118.0,13.82,31.56,0.00,0.00,19.80
2026-08-23T23:05:36Z,3.652,11576.6,0.888,1942.3,0.067,628.8,0.434,470.7,0.354,118.0,14.28,30.76,0.00,0.00,19.80
2026-08-23T23:05:37Z,4.943,11567.0,0.893,1942.4,0.069,628.8,0.453,470.9,0.375,118.1,12.55,22.73,0.00,0.00,19.80
2026-08-23T23:05:38Z,3.716,11594.1,0.922,1942.3,0.069,628.8,0.448,470.3,0.371,118.1,13.87,29.34,0.00,0.00,19.58
2026-08-23T23:05:39Z,3.461,11589.6,0.892,1942.3,0.067,628.8,0.421,470.3,0.354,118.2,13.86,37.36,0.00,0.00,19.58
2026-08-23T23:05:40Z,3.398,11585.8,0.885,1942.3,0.068,628.8,0.433,470.5,0.359,118.0,14.12,33.12,0.00,0.00,19.58
2026-08-23T23:05:42Z,3.422,11583.4,0.884,1942.3,0.068,628.8,0.432,470.3,0.357,118.0,13.98,33.13,0.00,0.00,19.58
2026-08-23T23:05:43Z,3.405,11580.1,0.881,1942.3,0.067,628.8,0.434,470.3,0.360,118.0,13.86,29.96,0.00,0.00,18.57
2026-08-23T23:05:44Z,3.402,11577.1,0.876,1942.3,0.066,628.8,0.427,470.3,0.360,118.1,14.10,32.04,0.00,0.00,18.57
2026-08-23T23:05:45Z,3.427,11603.1,0.880,1942.3,0.066,628.8,0.425,470.5,0.349,118.0,14.24,29.95,0.00,0.00,18.57
2026-08-23T23:05:46Z,3.349,11600.4,0.876,1942.3,0.066,628.8,0.427,470.5,0.357,118.3,14.67,32.88,0.00,0.00,18.57
2026-08-23T23:05:47Z,4.822,11575.1,0.852,1942.3,0.064,628.8,0.425,470.6,0.358,118.3,15.15,24.22,0.00,0.00,18.57
2026-08-23T23:05:48Z,3.798,11592.7,0.909,1942.3,0.068,628.8,0.457,470.3,0.373,118.0,13.09,25.57,0.00,0.00,18.12
2026-08-23T23:05:49Z,3.420,11587.8,0.881,1942.4,0.064,628.8,0.432,470.3,0.362,118.1,14.34,36.36,0.00,0.00,18.12
2026-08-23T23:05:50Z,3.370,11585.3,0.883,1942.3,0.066,628.8,0.420,470.3,0.354,118.0,14.06,31.10,0.00,0.00,18.12
2026-08-23T23:05:51Z,3.391,11579.2,0.888,1942.3,0.066,628.8,0.428,470.3,0.360,118.0,13.85,27.92,0.00,0.00,18.12
2026-08-23T23:05:52Z,3.438,11572.6,0.875,1942.3,0.068,628.8,0.425,470.5,0.360,118.0,14.14,26.53,0.00,0.00,17.71
2026-08-23T23:05:54Z,3.389,11595.7,0.905,1942.3,0.067,628.8,0.437,470.8,0.354,118.0,13.59,25.92,0.00,0.00,17.71
2026-08-23T23:05:55Z,3.496,11590.1,0.878,1942.3,0.066,628.8,0.432,471.0,0.354,118.0,14.69,26.32,0.00,0.00,17.71
2026-08-23T23:05:56Z,3.506,11583.8,0.869,1942.3,0.067,628.8,0.429,470.5,0.355,118.0,14.97,35.80,0.00,0.00,17.71
2026-08-23T23:05:57Z,4.508,11595.4,0.841,1942.3,0.066,628.8,0.421,470.6,0.357,118.3,13.44,23.13,0.00,0.00,17.71
2026-08-23T23:05:58Z,3.924,11569.9,0.883,1942.3,0.062,629.1,0.433,470.5,0.361,118.0,13.81,24.75,0.00,0.00,17.33
2026-08-23T23:05:59Z,3.431,11596.7,0.880,1942.3,0.067,628.8,0.431,470.6,0.358,118.1,13.99,36.71,0.00,0.00,17.33
2026-08-23T23:06:00Z,3.466,11576.9,0.880,1942.3,0.067,628.8,0.438,470.3,0.359,118.0,14.37,42.79,0.00,0.00,17.33
2026-08-23T23:06:01Z,3.455,11585.6,0.897,1942.3,0.068,628.8,0.436,470.3,0.369,118.0,14.55,42.33,0.00,0.00,17.33
2026-08-23T23:06:02Z,3.390,11583.2,0.880,1942.5,0.065,628.8,0.420,470.5,0.347,118.0,13.63,31.32,0.00,0.00,17.33
2026-08-23T23:06:03Z,3.514,11581.5,0.870,1942.3,0.067,628.8,0.419,470.3,0.356,118.0,13.75,32.44,0.00,0.00,16.67
2026-08-23T23:06:04Z,3.830,11587.5,0.895,1942.3,0.066,628.8,0.434,470.6,0.365,118.0,12.94,41.03,0.00,0.00,16.67
2026-08-23T23:06:05Z,3.622,11588.3,0.879,1942.3,0.066,628.8,0.430,470.5,0.357,118.0,13.90,32.95,0.00,0.00,16.67
2026-08-23T23:06:07Z,4.119,11594.5,0.902,1942.2,0.069,628.8,0.452,470.6,0.372,118.1,13.57,23.10,0.00,0.00,16.67
2026-08-23T23:06:08Z,4.488,11576.1,0.890,1942.3,0.065,628.8,0.433,470.5,0.367,118.0,13.01,21.15,0.00,0.00,16.21
2026-08-23T23:06:09Z,3.467,11572.5,0.896,1942.6,0.067,628.8,0.427,470.3,0.362,118.1,13.40,28.65,0.00,0.00,16.21
2026-08-23T23:06:10Z,3.765,11572.1,0.854,1942.3,0.068,629.1,0.434,470.5,0.361,118.0,17.45,35.84,0.00,0.00,16.21
2026-08-23T23:06:11Z,4.461,11567.2,0.896,1942.3,0.069,628.8,0.453,470.3,0.368,118.3,29.05,37.59,0.00,0.00,16.21
2026-08-23T23:06:12Z,4.379,11564.3,0.888,1942.3,0.067,628.8,0.445,470.3,0.364,118.1,29.16,40.04,0.00,0.00,16.21
2026-08-23T23:06:13Z,4.315,11565.5,0.889,1942.3,0.071,628.8,0.444,470.5,0.367,118.0,32.07,40.15,0.00,0.00,16.60
2026-08-23T23:06:14Z,4.267,11564.6,0.879,1942.6,0.069,628.8,0.448,470.6,0.375,118.1,32.15,43.14,0.00,0.00,16.60
2026-08-23T23:06:15Z,4.392,11587.7,0.950,1942.4,0.069,628.8,0.437,470.3,0.370,118.1,24.27,37.77,0.00,0.00,16.60
2026-08-23T23:06:16Z,4.412,11503.5,0.896,1942.3,0.067,628.8,0.439,470.3,0.361,118.1,30.25,39.50,0.00,0.00,16.60
2026-08-23T23:06:17Z,5.113,11553.8,0.876,1942.3,0.065,628.8,0.439,470.3,0.372,118.1,24.08,33.53,0.00,0.00,18.15
2026-08-23T23:06:19Z,4.408,11578.4,0.947,1942.3,0.070,628.8,0.463,470.3,0.384,118.1,33.45,35.76,0.00,0.00,18.15
2026-08-23T23:06:20Z,4.042,11589.3,0.933,1942.4,0.070,628.8,0.446,470.5,0.368,118.1,40.98,43.00,0.00,0.00,18.15
2026-08-23T23:06:21Z,4.072,11572.3,0.908,1942.3,0.067,628.8,0.439,470.5,0.369,118.1,43.62,41.72,0.00,0.00,18.15
2026-08-23T23:06:22Z,4.627,11542.0,0.947,1942.3,0.068,628.8,0.441,470.3,0.362,118.1,33.84,32.77,0.00,0.00,18.15
2026-08-23T23:06:23Z,5.155,11563.1,0.922,1942.2,0.066,628.8,0.436,470.3,0.365,118.1,24.65,30.35,0.00,0.00,18.70
2026-08-23T23:06:24Z,5.423,11545.6,0.909,1942.3,0.068,628.8,0.449,470.6,0.372,118.1,17.66,29.64,0.00,0.00,18.70
2026-08-23T23:06:25Z,5.594,11582.2,0.848,1942.6,0.065,629.1,0.437,470.4,0.362,118.4,13.86,30.89,0.00,0.00,18.70
2026-08-23T23:06:26Z,5.253,11580.1,0.892,1942.6,0.060,628.8,0.436,470.6,0.364,118.9,29.77,35.60,0.00,0.00,18.70
2026-08-23T23:06:27Z,5.612,11538.7,0.853,1942.7,0.056,628.8,0.429,470.5,0.359,118.5,22.02,24.60,0.00,0.00,20.33
2026-08-23T23:06:28Z,5.512,11539.1,0.884,1942.4,0.065,628.8,0.448,470.5,0.374,118.2,24.80,25.25,0.00,0.00,20.33
2026-08-23T23:06:30Z,5.371,11556.1,0.871,1942.5,0.066,629.1,0.419,470.7,0.357,118.2,27.81,25.12,0.00,0.00,20.33
2026-08-23T23:06:31Z,4.981,11577.9,0.902,1942.5,0.066,628.8,0.433,470.4,0.361,118.2,32.02,30.85,0.00,0.00,20.33
2026-08-23T23:06:32Z,4.887,11568.9,0.940,1942.5,0.067,628.8,0.440,470.7,0.369,118.2,32.80,28.55,0.00,0.00,20.33
2026-08-23T23:06:33Z,5.013,11585.2,0.879,1942.7,0.068,628.8,0.434,470.4,0.372,118.1,33.04,22.70,0.00,0.00,19.82
2026-08-23T23:06:34Z,4.978,11573.8,0.902,1942.7,0.067,628.8,0.435,470.7,0.361,118.2,34.84,22.14,0.00,0.00,19.82
2026-08-23T23:06:35Z,4.727,11591.6,0.917,1942.7,0.066,628.8,0.433,470.6,0.367,118.1,32.79,31.67,0.00,0.00,19.82
2026-08-23T23:06:36Z,4.641,11592.0,0.898,1942.4,0.069,628.8,0.436,470.4,0.362,118.1,35.96,26.79,0.00,0.00,19.82
2026-08-23T23:06:37Z,5.307,11578.8,0.892,1942.5,0.065,628.8,0.446,470.5,0.362,118.1,52.37,20.71,0.00,0.00,21.11
2026-08-23T23:06:38Z,4.762,11551.2,0.936,1942.4,0.068,628.8,0.465,470.6,0.383,118.1,30.93,23.62,0.00,0.00,21.11
2026-08-23T23:06:39Z,4.511,11575.9,0.897,1942.4,0.066,628.8,0.437,470.6,0.360,118.0,38.73,28.93,0.00,0.00,21.11
2026-08-23T23:06:41Z,4.378,11570.3,0.911,1942.4,0.070,628.8,0.448,470.6,0.364,118.1,36.86,26.94,0.00,0.00,21.11
2026-08-23T23:06:42Z,4.423,11563.1,0.928,1942.4,0.069,628.8,0.450,470.3,0.375,118.0,33.95,29.06,0.00,0.00,21.11
2026-08-23T23:06:43Z,4.260,11592.3,0.925,1942.3,0.065,628.8,0.437,470.3,0.359,118.0,35.11,33.86,0.00,0.00,20.62
2026-08-23T23:06:44Z,4.377,11583.7,0.911,1942.4,0.068,628.8,0.449,470.3,0.369,118.1,34.41,31.60,0.00,0.00,20.62
2026-08-23T23:06:45Z,4.385,11570.9,0.930,1942.4,0.069,628.8,0.456,470.4,0.369,118.1,31.82,37.67,0.00,0.00,20.62
2026-08-23T23:06:46Z,4.451,11560.7,0.928,1942.4,0.069,628.8,0.446,470.3,0.362,118.0,31.15,31.65,0.00,0.00,20.62
2026-08-23T23:06:47Z,5.192,11561.9,0.887,1942.4,0.064,628.8,0.442,470.5,0.375,118.2,21.08,20.43,0.00,0.00,20.62
2026-08-23T23:06:48Z,4.582,11575.4,0.938,1942.4,0.067,628.8,0.450,470.4,0.373,118.4,27.23,21.15,0.00,0.00,21.30
2026-08-23T23:06:49Z,4.366,11591.4,0.915,1942.4,0.065,628.8,0.444,470.6,0.359,118.2,31.23,23.87,0.00,0.00,21.30
2026-08-23T23:06:50Z,4.523,11575.9,0.948,1942.4,0.069,629.1,0.447,470.4,0.375,118.1,30.25,24.98,0.00,0.00,21.30
2026-08-23T23:06:52Z,4.420,11567.9,0.918,1942.4,0.068,628.8,0.433,470.9,0.363,118.1,35.45,32.14,0.00,0.00,21.30
2026-08-23T23:06:53Z,4.546,11577.5,0.915,1942.4,0.069,628.8,0.440,470.4,0.365,118.1,42.49,48.30,0.00,0.00,20.55
2026-08-23T23:06:54Z,4.399,11612.9,0.888,1942.4,0.066,628.8,0.431,470.4,0.355,118.1,38.00,39.66,0.00,0.00,20.55
2026-08-23T23:06:55Z,4.587,11612.2,0.899,1942.4,0.067,628.8,0.438,470.6,0.363,118.1,34.32,44.38,0.00,0.00,20.55
2026-08-23T23:06:56Z,4.663,11616.0,0.888,1942.4,0.068,628.8,0.431,470.4,0.364,118.1,33.00,51.14,0.00,0.00,20.55
2026-08-23T23:06:57Z,5.084,11582.8,0.875,1942.6,0.064,628.8,0.441,470.4,0.351,118.1,32.92,38.40,0.00,0.00,20.55
2026-08-23T23:06:58Z,4.911,11599.3,0.911,1942.4,0.064,628.8,0.447,470.9,0.361,118.1,30.78,30.18,0.00,0.00,21.31
2026-08-23T23:06:59Z,4.417,11593.8,0.910,1942.4,0.068,628.8,0.440,470.6,0.363,118.1,37.87,28.31,0.00,0.00,21.31
2026-08-23T23:07:00Z,4.531,11611.5,0.921,1942.3,0.067,628.8,0.445,470.3,0.364,118.1,29.61,30.83,0.00,0.00,21.31
2026-08-23T23:07:01Z,4.960,11597.2,0.895,1942.3,0.067,628.8,0.454,470.3,0.371,118.0,21.86,41.30,0.00,0.00,21.31
2026-08-23T23:07:02Z,4.694,11590.7,0.928,1942.3,0.069,628.8,0.455,470.6,0.375,118.3,31.78,37.25,0.00,0.00,21.28
2026-08-23T23:07:04Z,4.745,11611.9,0.906,1942.4,0.067,628.8,0.449,470.3,0.366,118.1,30.00,36.25,0.00,0.00,21.28
2026-08-23T23:07:05Z,4.890,11592.6,0.902,1942.6,0.071,628.8,0.453,470.6,0.379,118.1,28.04,29.58,0.00,0.00,21.28
2026-08-23T23:07:06Z,4.690,11558.7,0.926,1942.3,0.066,628.8,0.442,470.5,0.369,118.0,12.27,28.95,0.00,0.00,21.28
2026-08-23T23:07:07Z,4.578,11596.2,0.918,1942.6,0.068,628.8,0.439,470.6,0.363,118.1,14.51,27.71,0.00,0.00,21.28
2026-08-23T23:07:08Z,4.423,11613.6,0.905,1942.3,0.069,628.8,0.462,470.3,0.378,118.0,12.68,24.70,0.00,0.00,21.50
2026-08-23T23:07:09Z,3.440,11547.7,0.914,1942.3,0.066,628.8,0.427,470.3,0.357,118.0,14.18,31.97,0.00,0.00,21.50
2026-08-23T23:07:10Z,3.490,11574.5,0.917,1942.4,0.069,628.8,0.442,470.3,0.365,118.0,14.49,29.97,0.00,0.00,21.50
2026-08-23T23:07:11Z,3.434,11602.0,0.894,1942.3,0.066,628.8,0.431,470.6,0.354,118.0,15.26,29.45,0.00,0.00,21.50
2026-08-23T23:07:12Z,3.382,11597.3,0.885,1942.3,0.066,628.8,0.430,470.3,0.358,118.2,15.54,31.59,0.00,0.00,21.94
2026-08-23T23:07:13Z,3.428,11623.4,0.877,1942.3,0.066,628.8,0.433,470.8,0.354,118.0,14.73,29.35,0.00,0.00,21.94
2026-08-23T23:07:14Z,3.451,11618.2,0.898,1942.3,0.069,628.8,0.438,470.5,0.360,118.0,15.25,30.36,0.00,0.00,21.94
2026-08-23T23:07:16Z,3.382,11612.8,0.888,1942.3,0.068,629.1,0.426,470.6,0.359,118.0,15.04,30.04,0.00,0.00,21.94
2026-08-23T23:07:17Z,4.283,11622.5,0.895,1942.3,0.067,628.8,0.429,470.4,0.351,118.1,12.92,31.10,0.00,0.00,21.94
2026-08-23T23:07:18Z,4.344,11600.3,0.907,1942.3,0.069,628.8,0.464,470.3,0.383,118.1,12.36,23.64,0.00,0.00,21.62
2026-08-23T23:07:19Z,3.435,11628.2,0.870,1942.3,0.067,628.8,0.426,470.3,0.347,118.0,14.60,29.74,0.00,0.00,21.62
2026-08-23T23:07:20Z,3.448,11623.5,0.888,1942.3,0.068,628.8,0.441,470.3,0.368,118.3,14.77,29.34,0.00,0.00,21.62
2026-08-23T23:07:21Z,3.498,11617.8,0.913,1942.3,0.068,628.8,0.436,470.3,0.359,118.2,14.44,28.78,0.00,0.00,21.62
2026-08-23T23:07:22Z,3.418,11611.6,0.871,1942.3,0.066,628.8,0.426,470.3,0.357,118.0,14.86,29.10,0.00,0.00,21.62
2026-08-23T23:07:23Z,3.381,11607.1,0.897,1942.3,0.067,628.8,0.433,470.3,0.359,118.1,14.83,28.72,0.00,0.00,21.33
2026-08-23T23:07:24Z,3.446,11601.8,0.875,1942.3,0.067,628.8,0.427,470.3,0.349,118.3,13.71,25.49,0.00,0.00,21.33
2026-08-23T23:07:25Z,3.600,11628.9,0.894,1942.6,0.066,628.8,0.436,470.3,0.358,118.0,13.85,27.11,0.00,0.00,21.33
2026-08-23T23:07:26Z,4.202,11606.1,0.851,1942.6,0.064,628.8,0.434,470.4,0.361,118.1,13.10,32.37,0.00,0.00,21.33
2026-08-23T23:07:28Z,4.969,11621.3,0.840,1942.6,0.064,628.8,0.420,470.7,0.346,118.2,11.31,31.03,0.00,0.00,21.95
2026-08-23T23:07:29Z,3.934,11616.9,0.906,1942.4,0.064,628.8,0.453,470.4,0.378,118.4,12.97,24.32,0.00,0.00,21.95
2026-08-23T23:07:30Z,4.281,11610.9,0.853,1942.4,0.069,628.8,0.436,470.6,0.366,118.1,12.46,27.15,0.00,0.00,21.95
2026-08-23T23:07:31Z,4.207,11608.4,0.861,1942.4,0.063,628.8,0.416,470.3,0.354,118.4,13.80,28.88,0.00,0.00,21.95
2026-08-23T23:07:32Z,4.098,11603.9,0.849,1942.4,0.065,628.8,0.436,470.3,0.351,118.1,13.25,28.17,0.00,0.00,21.95
2026-08-23T23:07:33Z,3.616,11603.8,0.891,1942.4,0.066,628.8,0.436,470.4,0.358,118.1,16.76,32.09,0.00,0.00,21.55
2026-08-23T23:07:34Z,3.719,11633.1,0.854,1942.4,0.066,628.8,0.427,470.3,0.350,118.3,13.81,31.95,0.00,0.00,21.55
2026-08-23T23:07:35Z,3.768,11604.6,0.854,1942.3,0.067,628.8,0.434,470.4,0.360,118.1,13.77,35.32,0.00,0.00,21.55
2026-08-23T23:07:36Z,3.635,11614.2,0.862,1942.3,0.065,628.8,0.428,470.6,0.357,118.0,14.03,43.96,0.00,0.00,21.55
2026-08-23T23:07:37Z,4.984,11608.5,0.841,1942.3,0.067,628.8,0.432,470.4,0.367,118.1,12.75,29.24,0.00,0.00,21.91
2026-08-23T23:07:38Z,3.711,11613.3,0.871,1942.3,0.067,628.8,0.438,470.4,0.362,118.1,13.83,35.59,0.00,0.00,21.91
2026-08-23T23:07:39Z,3.472,11618.2,0.861,1942.3,0.068,628.8,0.431,470.3,0.358,118.0,15.08,38.39,0.00,0.00,21.91
2026-08-23T23:07:41Z,3.516,11620.6,0.864,1942.3,0.068,628.8,0.434,470.4,0.361,118.3,14.84,32.90,0.00,0.00,21.91
2026-08-23T23:07:42Z,3.416,11618.3,0.869,1942.2,0.065,628.8,0.432,470.2,0.353,118.0,13.28,30.61,0.00,0.00,21.91
2026-08-23T23:07:43Z,3.420,11618.0,0.873,1942.3,0.067,628.8,0.442,470.3,0.367,118.1,14.68,28.67,0.00,0.00,20.95
2026-08-23T23:07:44Z,3.384,11616.3,0.862,1942.6,0.066,628.8,0.425,470.3,0.350,118.0,13.57,27.88,0.00,0.00,20.95
2026-08-23T23:07:45Z,3.389,11615.1,0.866,1942.3,0.065,628.8,0.432,470.6,0.357,118.0,14.24,26.42,0.00,0.00,20.95
2026-08-23T23:07:46Z,3.320,11610.3,0.832,1942.3,0.062,628.8,0.424,470.6,0.350,118.0,13.71,24.33,0.00,0.00,20.95
2026-08-23T23:07:47Z,4.520,11605.7,0.804,1942.4,0.059,628.8,0.414,470.4,0.333,118.2,12.32,23.88,0.00,0.00,20.95
2026-08-23T23:07:48Z,3.770,11605.7,0.895,1942.4,0.067,628.8,0.459,470.4,0.384,118.1,14.46,29.49,0.00,0.00,21.52
2026-08-23T23:07:49Z,3.394,11603.6,0.918,1942.4,0.067,628.8,0.430,470.6,0.354,118.3,14.58,29.17,0.00,0.00,21.52
2026-08-23T23:07:50Z,3.350,11627.7,0.881,1942.4,0.064,628.8,0.423,470.4,0.354,118.1,14.10,26.17,0.00,0.00,21.52
2026-08-23T23:07:51Z,3.374,11620.8,0.886,1942.4,0.066,628.8,0.416,470.6,0.351,118.1,14.37,25.96,0.00,0.00,21.52
2026-08-23T23:07:53Z,3.390,11614.1,0.887,1942.4,0.066,628.8,0.429,470.4,0.354,118.1,13.78,24.32,0.00,0.00,20.84
2026-08-23T23:07:54Z,3.375,11605.8,0.900,1942.4,0.066,628.8,0.437,470.6,0.354,118.1,12.71,21.73,0.00,0.00,20.84
2026-08-23T23:07:55Z,3.431,11602.7,0.886,1942.4,0.065,628.8,0.438,470.4,0.356,118.1,13.00,25.70,0.00,0.00,20.84
2026-08-23T23:07:56Z,3.473,11628.9,0.891,1942.4,0.064,628.8,0.423,470.4,0.353,118.1,12.64,23.69,0.00,0.00,20.84
2026-08-23T23:07:57Z,4.365,11614.8,0.864,1942.4,0.063,628.8,0.430,470.5,0.360,118.1,11.93,37.80,0.00,0.00,20.84
2026-08-23T23:07:58Z,4.232,11603.7,0.891,1942.7,0.064,629.1,0.442,470.4,0.372,118.1,12.79,44.58,0.00,0.00,21.09
2026-08-23T23:07:59Z,3.448,11609.9,0.876,1942.4,0.066,628.8,0.427,470.4,0.356,118.1,13.57,38.03,0.00,0.00,21.09
2026-08-23T23:08:00Z,3.374,11601.8,0.881,1942.7,0.067,628.8,0.426,470.9,0.359,118.1,13.27,26.51,0.00,0.00,21.09
2026-08-23T23:08:01Z,3.553,11626.3,0.925,1942.4,0.069,628.8,0.440,470.6,0.373,118.1,13.62,25.60,0.00,0.00,21.09
2026-08-23T23:08:02Z,3.381,11619.5,0.898,1942.7,0.066,628.8,0.434,470.7,0.354,118.1,13.72,25.59,0.00,0.00,20.52
2026-08-23T23:08:03Z,3.497,11609.6,0.879,1942.4,0.066,628.8,0.431,470.6,0.359,118.1,12.77,24.88,0.00,0.00,20.52
2026-08-23T23:08:05Z,3.811,11600.4,0.893,1942.7,0.067,628.8,0.431,470.6,0.361,118.6,13.41,22.47,0.00,0.00,20.52
2026-08-23T23:08:06Z,4.274,11596.4,0.910,1942.4,0.069,628.8,0.443,470.4,0.371,118.1,16.11,23.94,0.00,0.00,20.52
2026-08-23T23:08:07Z,4.922,11591.3,0.910,1942.3,0.070,628.8,0.438,470.7,0.364,118.1,23.42,28.79,0.00,0.00,20.52
2026-08-23T23:08:08Z,5.085,11617.1,0.862,1942.3,0.062,628.8,0.427,470.6,0.376,118.1,22.36,32.64,0.00,0.00,21.28
2026-08-23T23:08:09Z,4.439,11607.9,0.892,1942.4,0.070,628.8,0.456,470.3,0.373,118.0,28.88,35.67,0.00,0.00,21.28
2026-08-23T23:08:10Z,4.276,11600.7,0.888,1942.3,0.070,628.8,0.446,470.3,0.369,118.3,32.81,31.63,0.00,0.00,21.28
2026-08-23T23:08:11Z,4.296,11596.1,0.889,1942.3,0.068,628.8,0.441,470.3,0.369,118.0,34.24,28.51,0.00,0.00,21.28
2026-08-23T23:08:12Z,4.409,11604.4,0.868,1942.4,0.067,628.8,0.435,470.3,0.366,118.0,27.90,29.41,0.00,0.00,21.28
2026-08-23T23:08:13Z,4.298,11598.5,0.906,1942.4,0.068,628.8,0.447,471.0,0.364,118.0,34.25,33.66,0.00,0.00,21.18
2026-08-23T23:08:14Z,4.164,11605.2,0.913,1942.4,0.071,628.8,0.453,470.3,0.376,118.1,41.30,39.64,0.00,0.00,21.18
2026-08-23T23:08:15Z,4.110,11617.3,0.888,1942.3,0.067,628.8,0.444,470.8,0.368,118.5,46.50,38.97,0.00,0.00,21.18
2026-08-23T23:08:17Z,4.594,11595.7,0.864,1942.4,0.066,628.8,0.439,470.6,0.362,118.1,39.67,34.87,0.00,0.00,21.18
2026-08-23T23:08:18Z,4.884,11617.3,0.918,1942.5,0.067,628.8,0.460,470.3,0.385,118.0,31.57,38.77,0.00,0.00,21.08
2026-08-23T23:08:19Z,4.347,11614.3,0.878,1942.4,0.069,628.8,0.448,470.3,0.368,118.1,30.40,35.71,0.00,0.00,21.08
2026-08-23T23:08:20Z,4.253,11616.5,0.898,1942.4,0.069,629.1,0.449,470.3,0.370,118.1,35.99,39.33,0.00,0.00,21.08
2026-08-23T23:08:21Z,4.176,11614.7,0.907,1942.4,0.066,628.8,0.435,470.6,0.365,118.0,41.56,27.26,0.00,0.00,21.08
2026-08-23T23:08:22Z,4.216,11617.4,0.893,1942.4,0.067,628.8,0.443,470.8,0.370,118.0,44.60,31.95,0.00,0.00,21.08
2026-08-23T23:08:23Z,4.573,11623.7,0.888,1942.6,0.066,628.8,0.429,470.5,0.359,118.3,25.17,23.23,0.00,0.00,21.64
2026-08-23T23:08:24Z,4.284,11607.7,0.892,1942.4,0.070,628.8,0.455,470.6,0.372,118.1,30.68,41.06,0.00,0.00,21.64
2026-08-23T23:08:25Z,4.232,11593.4,0.888,1942.4,0.067,628.8,0.447,470.3,0.371,118.3,38.22,26.84,0.00,0.00,21.64
2026-08-23T23:08:26Z,4.860,11616.4,0.862,1942.5,0.067,628.8,0.447,470.6,0.380,118.2,33.82,24.14,0.00,0.00,21.64
2026-08-23T23:08:28Z,5.395,11606.1,0.756,1942.6,0.069,628.8,0.451,470.5,0.366,118.1,96.53,25.93,0.00,0.00,21.35
2026-08-23T23:08:29Z,5.155,11620.5,0.876,1942.6,0.072,628.8,0.457,470.4,0.373,118.4,118.46,29.07,0.00,0.00,21.35
2026-08-23T23:08:30Z,4.991,11606.2,0.895,1942.6,0.072,628.8,0.426,470.4,0.365,118.1,71.42,30.17,0.00,0.00,21.35
2026-08-23T23:08:31Z,5.200,11595.1,0.871,1942.6,0.070,628.8,0.407,470.4,0.366,118.1,41.48,26.14,0.00,0.00,21.35
2026-08-23T23:08:32Z,4.761,11618.4,0.872,1942.6,0.072,628.8,0.434,470.6,0.366,118.1,35.57,30.62,0.00,0.00,21.35
2026-08-23T23:08:33Z,4.288,11614.9,0.898,1942.6,0.074,628.8,0.441,470.8,0.365,118.1,39.13,36.45,0.00,0.00,20.84
2026-08-23T23:08:34Z,4.430,11609.7,0.907,1942.8,0.073,628.8,0.453,470.3,0.376,118.1,36.51,30.65,0.00,0.00,20.84
2026-08-23T23:08:35Z,4.401,11618.9,0.903,1942.5,0.073,628.8,0.446,470.6,0.367,118.0,38.12,34.91,0.00,0.00,20.84
2026-08-23T23:08:36Z,4.416,11618.6,0.860,1942.5,0.073,628.8,0.444,470.6,0.367,118.1,37.38,33.65,0.00,0.00,20.84
2026-08-23T23:08:37Z,5.172,11602.6,0.873,1942.6,0.068,628.8,0.429,470.3,0.362,118.1,37.76,24.96,0.00,0.00,20.93
2026-08-23T23:08:39Z,4.260,11624.1,0.864,1942.5,0.071,629.1,0.452,470.3,0.375,118.1,34.22,41.06,0.00,0.00,20.93
2026-08-23T23:08:40Z,4.201,11617.8,0.872,1942.6,0.074,629.1,0.453,470.3,0.374,118.1,35.63,36.78,0.00,0.00,20.93
2026-08-23T23:08:41Z,4.128,11615.7,0.880,1942.5,0.075,628.8,0.443,470.3,0.373,118.0,39.61,38.54,0.00,0.00,20.93
2026-08-23T23:08:42Z,4.181,11610.0,0.870,1942.5,0.074,628.8,0.441,470.3,0.365,118.0,37.59,36.62,0.00,0.00,20.93
2026-08-23T23:08:43Z,4.088,11611.9,0.889,1942.8,0.073,628.8,0.441,470.3,0.369,118.3,41.85,42.37,0.00,0.00,19.90
2026-08-23T23:08:44Z,4.272,11613.4,0.890,1942.5,0.074,628.8,0.443,470.3,0.375,118.0,39.07,42.04,0.00,0.00,19.90
2026-08-23T23:08:45Z,4.180,11609.5,0.875,1942.5,0.073,628.8,0.437,470.3,0.368,118.0,38.91,36.93,0.00,0.00,19.90
2026-08-23T23:08:46Z,4.187,11616.0,0.855,1942.6,0.072,628.8,0.447,470.3,0.364,118.0,45.33,35.74,0.00,0.00,19.90
2026-08-23T23:08:47Z,5.137,11610.1,0.843,1942.5,0.071,628.8,0.448,470.3,0.362,118.0,31.45,20.92,0.00,0.00,21.27
2026-08-23T23:08:48Z,4.542,11618.0,0.864,1942.5,0.072,628.8,0.444,470.3,0.371,118.0,35.56,38.90,0.00,0.00,21.27
2026-08-23T23:08:49Z,4.523,11614.4,0.854,1942.5,0.074,628.8,0.454,470.3,0.375,118.0,26.51,51.12,0.00,0.00,21.27
2026-08-23T23:08:51Z,4.194,11610.1,0.860,1942.6,0.076,628.8,0.452,470.4,0.370,118.1,35.67,34.50,0.00,0.00,21.27
2026-08-23T23:08:52Z,4.255,11606.5,0.871,1942.5,0.072,628.8,0.441,470.3,0.369,118.0,36.10,37.99,0.00,0.00,21.27
2026-08-23T23:08:53Z,4.024,11610.9,0.858,1942.6,0.073,628.8,0.445,470.3,0.366,118.0,18.51,33.33,0.00,0.00,20.60
2026-08-23T23:08:54Z,3.466,11636.0,0.856,1942.5,0.071,628.8,0.434,470.5,0.363,118.0,13.83,32.16,0.00,0.00,20.60
2026-08-23T23:08:55Z,3.502,11629.2,0.848,1942.5,0.070,628.8,0.422,470.3,0.359,118.0,13.51,28.50,0.00,0.00,20.60
2026-08-23T23:08:56Z,3.562,11623.6,0.848,1942.5,0.072,628.8,0.431,470.3,0.361,118.0,13.88,29.17,0.00,0.00,20.60
2026-08-23T23:08:57Z,4.784,11634.0,0.841,1942.6,0.070,628.8,0.440,470.6,0.367,118.1,11.89,24.54,0.00,0.00,20.60
2026-08-23T23:08:58Z,3.988,11612.1,0.858,1942.6,0.070,628.8,0.434,470.3,0.362,118.0,13.41,30.34,0.00,0.00,21.28
2026-08-23T23:08:59Z,3.412,11639.1,0.847,1942.6,0.069,628.8,0.428,470.3,0.351,118.1,14.25,55.11,0.00,0.00,21.28
2026-08-23T23:09:00Z,3.416,11633.0,0.834,1942.6,0.069,628.8,0.427,471.0,0.353,118.2,14.56,30.28,0.00,0.00,21.28
2026-08-23T23:09:01Z,3.400,11626.8,0.847,1942.9,0.073,628.8,0.428,470.5,0.360,118.0,14.00,30.32,0.00,0.00,21.28
2026-08-23T23:09:03Z,3.447,11620.7,0.866,1942.6,0.072,628.8,0.439,470.3,0.365,118.2,14.57,30.45,0.00,0.00,19.89
2026-08-23T23:09:04Z,3.560,11615.5,0.840,1942.6,0.074,628.8,0.430,470.3,0.351,118.0,14.64,33.65,0.00,0.00,19.89
2026-08-23T23:09:05Z,3.912,11609.6,0.853,1942.8,0.071,628.8,0.439,470.6,0.359,118.0,14.12,28.54,0.00,0.00,19.89
2026-08-23T23:09:06Z,3.654,11575.2,0.841,1942.8,0.072,628.8,0.434,470.3,0.363,118.0,15.03,29.94,0.00,0.00,19.89
2026-08-23T23:09:07Z,5.145,11606.6,0.811,1942.9,0.069,628.8,0.441,470.3,0.360,118.1,38.67,21.74,0.00,0.00,19.89
2026-08-23T23:09:08Z,4.928,11624.9,0.910,1942.9,0.075,628.8,0.467,470.3,0.391,118.0,119.25,19.65,0.00,0.00,20.94
2026-08-23T23:09:09Z,4.870,11601.5,0.848,1943.2,0.073,628.8,0.453,470.4,0.378,118.1,76.91,25.64,0.00,0.00,20.94
2026-08-23T23:09:10Z,4.614,11627.2,0.841,1942.8,0.069,628.8,0.432,470.8,0.367,118.0,30.32,22.54,0.00,0.00,20.94
2026-08-23T23:09:11Z,4.212,11614.0,0.843,1942.9,0.071,628.8,0.442,470.3,0.362,118.0,34.88,25.49,0.00,0.00,20.94
2026-08-23T23:09:12Z,4.310,11628.4,0.844,1942.9,0.072,628.8,0.445,470.5,0.369,118.2,33.18,23.63,0.00,0.00,20.55
2026-08-23T23:09:14Z,4.360,11616.2,0.846,1942.9,0.071,628.8,0.447,470.3,0.376,118.0,32.76,34.17,0.00,0.00,20.55
2026-08-23T23:09:15Z,4.188,11611.1,0.856,1942.9,0.074,628.8,0.445,470.3,0.365,118.0,39.36,30.62,0.00,0.00,20.55
2026-08-23T23:09:16Z,4.106,11616.9,0.858,1942.9,0.072,628.8,0.452,470.3,0.371,118.0,46.20,32.14,0.00,0.00,20.55
2026-08-23T23:09:17Z,4.935,11618.2,0.813,1943.0,0.070,628.8,0.435,470.3,0.369,118.1,35.04,19.72,0.00,0.00,20.55
2026-08-23T23:09:18Z,4.444,11599.6,0.835,1943.0,0.074,628.8,0.449,470.4,0.370,118.1,45.32,22.22,0.00,0.00,20.26
2026-08-23T23:09:19Z,4.242,11623.8,0.849,1943.0,0.072,628.8,0.436,470.3,0.360,118.0,39.67,26.65,0.00,0.00,20.26
2026-08-23T23:09:20Z,4.366,11611.5,0.844,1943.0,0.072,628.8,0.447,470.3,0.371,118.1,31.47,32.77,0.00,0.00,20.26
2026-08-23T23:09:21Z,4.172,11606.7,0.867,1943.0,0.073,628.8,0.444,470.5,0.366,118.0,42.92,29.02,0.00,0.00,20.26
2026-08-23T23:09:22Z,4.137,11629.7,0.864,1942.9,0.072,628.8,0.455,470.4,0.369,118.0,41.88,56.03,0.00,0.00,20.08
2026-08-23T23:09:23Z,3.966,11610.4,0.927,1943.0,0.071,628.8,0.445,470.6,0.366,118.1,37.17,48.42,0.00,0.00,20.08
2026-08-23T23:09:25Z,4.409,11629.9,0.892,1943.0,0.075,629.1,0.447,470.3,0.366,118.0,36.36,62.85,0.00,0.00,20.08
2026-08-23T23:09:26Z,4.717,11629.5,0.862,1943.1,0.073,628.8,0.443,470.4,0.376,118.1,37.55,31.39,0.00,0.00,20.08
2026-08-23T23:09:27Z,5.273,11617.2,0.813,1943.2,0.068,628.8,0.422,471.0,0.345,118.2,30.10,22.81,0.00,0.00,20.08
2026-08-23T23:09:28Z,5.362,11624.1,0.833,1943.2,0.067,628.8,0.433,470.7,0.362,118.2,23.92,21.40,0.00,0.00,21.20
2026-08-23T23:09:29Z,5.040,11611.9,0.889,1943.2,0.073,628.8,0.449,470.4,0.363,118.1,24.81,22.90,0.00,0.00,21.20
2026-08-23T23:09:30Z,4.963,11604.8,0.849,1943.3,0.072,628.8,0.431,470.5,0.359,118.2,26.21,28.62,0.00,0.00,21.20
2026-08-23T23:09:31Z,4.765,11623.0,0.874,1943.2,0.073,628.8,0.439,470.5,0.372,118.1,35.69,23.32,0.00,0.00,21.20
2026-08-23T23:09:32Z,4.366,11615.0,0.881,1943.2,0.073,628.8,0.443,470.5,0.367,118.1,40.50,27.16,0.00,0.00,21.20
2026-08-23T23:09:33Z,4.174,11608.0,0.881,1943.2,0.072,628.8,0.448,470.7,0.370,118.1,41.03,29.07,0.00,0.00,21.42
2026-08-23T23:09:34Z,5.314,11617.8,0.870,1943.4,0.072,628.8,0.410,470.5,0.353,118.2,26.26,27.45,0.00,0.00,21.42
2026-08-23T23:09:35Z,5.252,11600.6,0.850,1943.2,0.072,628.8,0.429,470.5,0.364,118.1,28.78,22.47,0.00,0.00,21.42
2026-08-23T23:09:37Z,5.004,11618.2,0.915,1943.2,0.071,628.8,0.470,470.4,0.389,118.1,25.89,20.56,0.00,0.00,21.42
2026-08-23T23:09:38Z,4.978,11622.1,0.892,1943.2,0.071,628.8,0.439,470.4,0.369,118.1,29.96,22.65,0.00,0.00,21.95
2026-08-23T23:09:39Z,4.198,11620.2,0.892,1943.2,0.071,628.8,0.458,470.4,0.370,118.1,41.67,30.09,0.00,0.00,21.95
2026-08-23T23:09:40Z,4.055,11616.1,0.884,1943.1,0.070,628.8,0.435,470.3,0.362,118.0,43.01,29.33,0.00,0.00,21.95
2026-08-23T23:09:41Z,4.126,11603.4,0.882,1943.1,0.072,628.8,0.440,470.8,0.373,118.0,34.78,28.45,0.00,0.00,21.95
2026-08-23T23:09:42Z,4.185,11623.8,0.881,1943.4,0.072,628.8,0.439,470.3,0.361,118.0,36.87,29.03,0.00,0.00,21.95
2026-08-23T23:09:43Z,4.204,11620.9,0.898,1943.1,0.075,628.8,0.438,470.6,0.371,118.1,39.45,32.25,0.00,0.00,22.03
2026-08-23T23:09:44Z,4.179,11615.9,0.889,1943.2,0.072,628.8,0.456,470.3,0.373,118.1,39.38,39.37,0.00,0.00,22.03
2026-08-23T23:09:45Z,4.073,11607.3,0.884,1943.1,0.072,628.8,0.442,470.3,0.369,118.1,35.82,32.15,0.00,0.00,22.03
2026-08-23T23:09:46Z,4.453,11607.3,0.875,1943.2,0.070,628.8,0.442,470.8,0.367,118.1,36.88,26.94,0.00,0.00,22.03
2026-08-23T23:09:48Z,5.087,11600.6,0.860,1943.2,0.072,628.8,0.446,470.5,0.382,118.1,16.89,24.50,0.00,0.00,22.27
2026-08-23T23:09:49Z,4.097,11629.5,0.872,1943.2,0.071,628.8,0.436,470.8,0.357,118.1,42.04,28.81,0.00,0.00,22.27
2026-08-23T23:09:50Z,4.167,11631.7,0.901,1943.2,0.072,628.8,0.446,470.3,0.369,118.1,41.63,37.87,0.00,0.00,22.27
2026-08-23T23:09:51Z,4.228,11630.5,0.878,1943.2,0.073,628.8,0.432,470.5,0.362,118.0,37.58,36.06,0.00,0.00,22.27
2026-08-23T23:09:52Z,4.474,11616.8,0.857,1943.2,0.073,628.8,0.442,470.6,0.364,118.1,24.77,40.48,0.00,0.00,22.27
2026-08-23T23:09:53Z,4.653,11554.7,0.861,1943.1,0.071,628.8,0.437,470.5,0.371,118.0,37.52,34.09,0.00,0.00,21.85
2026-08-23T23:09:54Z,4.905,11593.1,0.864,1943.2,0.072,628.8,0.448,470.5,0.369,118.2,45.97,42.04,0.00,0.00,21.85
2026-08-23T23:09:55Z,4.923,11560.6,0.881,1943.2,0.076,628.8,0.463,470.4,0.375,118.1,30.24,34.93,0.00,0.00,21.85
2026-08-23T23:09:56Z,4.617,11572.5,0.884,1943.3,0.073,628.8,0.455,470.3,0.365,118.0,28.36,29.38,0.00,0.00,21.85
2026-08-23T23:09:57Z,5.167,11600.5,0.858,1943.3,0.071,628.8,0.440,470.6,0.361,118.1,27.00,25.54,0.00,0.00,20.82
2026-08-23T23:09:59Z,4.754,11600.0,0.866,1943.3,0.072,628.8,0.439,470.3,0.362,118.3,29.31,28.13,0.00,0.00,20.82
2026-08-23T23:10:00Z,4.449,11583.7,0.870,1943.3,0.074,628.8,0.454,470.5,0.376,118.1,23.24,42.62,0.00,0.00,20.82
2026-08-23T23:10:01Z,4.222,11604.2,0.881,1943.3,0.076,628.8,0.445,470.6,0.367,118.0,32.31,44.86,0.00,0.00,20.82
2026-08-23T23:10:02Z,4.219,11594.2,0.937,1943.3,0.078,628.8,0.464,470.8,0.380,118.0,33.88,32.68,0.00,0.00,20.82
2026-08-23T23:10:03Z,4.064,11595.4,0.882,1943.3,0.073,628.8,0.445,470.3,0.364,118.0,44.89,37.16,0.00,0.00,20.75
2026-08-23T23:10:04Z,4.277,11596.0,0.893,1943.3,0.072,628.8,0.436,470.3,0.361,118.0,46.36,33.17,0.00,0.00,20.75
2026-08-23T23:10:05Z,4.336,11589.6,0.868,1943.3,0.074,628.8,0.435,470.3,0.363,118.0,42.79,31.71,0.00,0.00,20.75
2026-08-23T23:10:06Z,4.531,11613.1,0.898,1943.5,0.076,628.8,0.450,470.3,0.366,118.0,28.00,35.35,0.00,0.00,20.75
2026-08-23T23:10:07Z,5.277,11573.4,0.848,1943.4,0.068,628.8,0.448,470.5,0.351,118.1,17.90,22.36,0.00,0.00,20.75
2026-08-23T23:10:08Z,4.383,11595.1,0.869,1943.4,0.074,628.8,0.443,470.7,0.375,118.1,37.04,30.50,0.00,0.00,21.49
2026-08-23T23:10:09Z,4.070,11589.7,0.869,1943.4,0.072,628.8,0.431,470.7,0.363,118.1,44.16,28.21,0.00,0.00,21.49
2026-08-23T23:10:11Z,4.100,11612.6,0.871,1943.3,0.074,628.8,0.457,470.9,0.371,118.1,41.00,33.69,0.00,0.00,21.49
2026-08-23T23:10:12Z,4.082,11609.1,0.878,1943.3,0.072,628.8,0.445,470.4,0.362,118.1,44.82,28.05,0.00,0.00,21.49
2026-08-23T23:10:13Z,4.107,11605.7,0.882,1943.6,0.071,628.8,0.435,470.4,0.362,118.1,42.19,29.04,0.00,0.00,22.25
2026-08-23T23:10:14Z,4.151,11600.9,0.877,1943.6,0.074,628.8,0.448,470.4,0.361,118.1,42.31,30.45,0.00,0.00,22.25
2026-08-23T23:10:15Z,4.161,11600.4,0.877,1943.6,0.075,628.8,0.447,470.4,0.381,118.1,44.34,31.28,0.00,0.00,22.25
2026-08-23T23:10:16Z,4.399,11619.1,0.890,1943.5,0.072,628.8,0.445,470.7,0.372,118.1,32.01,26.90,0.00,0.00,22.25
2026-08-23T23:10:17Z,5.279,11603.2,0.828,1943.6,0.069,628.8,0.433,470.6,0.359,118.1,22.88,15.77,0.00,0.00,22.25
2026-08-23T23:10:18Z,4.400,11610.6,0.867,1943.6,0.073,628.8,0.451,470.3,0.367,118.0,38.04,27.56,0.00,0.00,23.44
2026-08-23T23:10:19Z,4.130,11607.4,0.870,1943.6,0.074,628.8,0.441,470.8,0.375,118.3,43.95,28.33,0.00,0.00,23.44
2026-08-23T23:10:20Z,4.089,11603.6,0.848,1943.5,0.071,628.8,0.435,470.3,0.360,118.0,44.74,34.00,0.00,0.00,23.44
2026-08-23T23:10:22Z,4.108,11630.4,0.878,1943.8,0.073,628.8,0.443,470.6,0.372,118.1,44.84,30.44,0.00,0.00,23.44
2026-08-23T23:10:23Z,4.115,11627.6,0.856,1943.6,0.074,628.8,0.437,470.6,0.365,118.0,41.16,33.74,0.00,0.00,23.08
2026-08-23T23:10:24Z,4.118,11596.4,0.862,1943.6,0.072,628.8,0.434,470.6,0.366,118.1,42.73,31.14,0.00,0.00,23.08
2026-08-23T23:10:25Z,4.231,11619.0,0.876,1943.9,0.073,628.8,0.448,470.3,0.368,118.0,34.65,31.17,0.00,0.00,23.08
2026-08-23T23:10:26Z,4.532,11610.6,0.855,1943.6,0.074,628.8,0.469,470.6,0.385,118.1,34.50,29.57,0.00,0.00,23.08
2026-08-23T23:10:27Z,5.486,11597.7,0.833,1943.7,0.067,628.8,0.416,470.4,0.356,118.4,22.20,19.61,0.00,0.00,23.08
2026-08-23T23:10:28Z,5.201,11620.0,0.859,1943.7,0.070,628.8,0.460,470.6,0.374,118.4,24.38,21.71,0.00,0.00,24.12
2026-08-23T23:10:29Z,4.943,11604.2,0.820,1943.9,0.072,628.8,0.447,470.6,0.360,118.1,31.54,27.82,0.00,0.00,24.12
2026-08-23T23:10:30Z,4.639,11617.6,1.039,1944.1,0.069,628.8,0.449,470.9,0.368,118.4,31.72,31.68,0.00,0.00,24.12
2026-08-23T23:10:31Z,4.121,11612.1,0.904,1944.1,0.074,628.8,0.438,471.0,0.368,118.4,40.36,37.73,0.00,0.00,24.12
2026-08-23T23:10:32Z,4.143,11606.3,0.896,1944.1,0.073,628.8,0.446,470.5,0.369,118.4,41.39,31.53,0.00,0.00,24.67
2026-08-23T23:10:34Z,4.347,11593.3,0.896,1944.2,0.072,628.8,0.437,470.5,0.371,118.4,30.64,28.21,0.00,0.00,24.67
2026-08-23T23:10:35Z,4.407,11618.5,0.916,1944.4,0.073,628.8,0.445,470.7,0.374,118.4,42.09,26.38,0.00,0.00,24.67
2026-08-23T23:10:36Z,4.434,11607.8,0.930,1944.0,0.073,628.8,0.444,470.5,0.372,118.3,36.83,25.51,0.00,0.00,24.67
2026-08-23T23:10:37Z,5.080,11603.0,0.901,1944.0,0.074,628.8,0.440,470.5,0.362,118.2,30.28,21.62,0.00,0.00,24.67
2026-08-23T23:10:38Z,4.829,11602.2,0.921,1944.0,0.070,628.8,0.453,470.5,0.384,118.2,25.45,27.10,0.00,0.00,23.81
2026-08-23T23:10:39Z,4.456,11598.2,0.903,1944.3,0.073,628.8,0.447,470.5,0.362,118.2,24.35,44.97,0.00,0.00,23.81
2026-08-23T23:10:40Z,4.236,11608.4,0.897,1944.0,0.074,628.8,0.435,470.3,0.365,118.2,36.60,32.11,0.00,0.00,23.81
2026-08-23T23:10:41Z,4.297,11612.7,0.897,1944.0,0.071,628.8,0.437,470.6,0.365,118.1,32.58,40.17,0.00,0.00,23.81
2026-08-23T23:10:42Z,3.639,11578.2,0.866,1943.9,0.069,629.1,0.425,470.6,0.352,118.1,14.90,26.05,0.00,0.00,23.81
2026-08-23T23:10:43Z,3.432,11604.7,0.887,1944.0,0.072,628.8,0.432,470.4,0.359,118.3,15.02,27.00,0.00,0.00,23.91
2026-08-23T23:10:44Z,3.439,11600.0,0.883,1944.0,0.071,628.8,0.435,470.3,0.358,118.1,15.06,27.62,0.00,0.00,23.91
2026-08-23T23:10:46Z,3.429,11625.5,0.874,1943.9,0.070,628.8,0.436,470.3,0.365,118.1,14.88,26.06,0.00,0.00,23.91
2026-08-23T23:10:47Z,3.956,11635.0,0.882,1943.9,0.069,628.8,0.434,470.4,0.354,118.1,14.96,27.66,0.00,0.00,23.91
2026-08-23T23:10:48Z,4.753,11614.8,0.873,1943.9,0.070,628.8,0.424,470.3,0.363,118.1,12.53,21.98,0.00,0.00,23.11
2026-08-23T23:10:49Z,3.537,11609.3,0.880,1944.1,0.070,628.8,0.427,470.3,0.350,118.0,14.13,26.38,0.00,0.00,23.11
2026-08-23T23:10:50Z,3.369,11606.2,0.868,1943.9,0.070,628.8,0.423,470.3,0.359,118.3,14.70,30.81,0.00,0.00,23.11
2026-08-23T23:10:51Z,3.419,11633.0,0.890,1943.8,0.070,628.8,0.430,470.3,0.354,118.0,13.98,38.43,0.00,0.00,23.11
2026-08-23T23:10:52Z,3.397,11625.4,0.889,1944.1,0.071,628.8,0.440,470.3,0.356,118.0,12.14,32.06,0.00,0.00,23.11
2026-08-23T23:10:53Z,3.428,11617.8,0.869,1943.9,0.070,628.8,0.432,470.3,0.351,118.1,14.35,26.95,0.00,0.00,22.30
2026-08-23T23:10:54Z,3.471,11612.3,0.875,1943.9,0.069,628.8,0.430,470.6,0.365,118.0,14.27,27.41,0.00,0.00,22.30
2026-08-23T23:10:55Z,3.622,11605.1,0.904,1943.9,0.071,628.8,0.435,470.3,0.363,118.3,14.47,25.32,0.00,0.00,22.30
2026-08-23T23:10:56Z,3.825,11612.6,0.865,1944.1,0.071,628.8,0.432,470.3,0.348,118.1,14.44,24.71,0.00,0.00,22.30
2026-08-23T23:10:57Z,4.711,11620.8,0.922,1944.2,0.069,628.8,0.439,470.3,0.372,118.0,12.61,18.23,0.00,0.00,20.60
2026-08-23T23:10:59Z,3.512,11615.9,0.893,1943.9,0.070,628.8,0.425,470.3,0.356,118.0,15.26,26.34,0.00,0.00,20.60
2026-08-23T23:11:00Z,3.427,11608.0,0.910,1944.1,0.071,628.8,0.438,470.8,0.360,118.0,15.00,24.15,0.00,0.00,20.60
2026-08-23T23:11:01Z,3.457,11603.2,0.897,1943.9,0.071,628.8,0.441,470.3,0.362,118.1,15.97,26.95,0.00,0.00,20.60
2026-08-23T23:11:02Z,3.442,11598.4,0.891,1943.9,0.069,628.8,0.430,470.6,0.351,118.0,20.69,32.92,0.00,0.00,20.60
2026-08-23T23:11:03Z,3.381,11592.8,0.882,1943.9,0.068,628.8,0.427,470.3,0.350,118.0,15.24,35.98,0.00,0.00,21.03
2026-08-23T23:11:04Z,3.635,11619.5,0.886,1943.9,0.068,628.8,0.441,470.3,0.355,118.0,15.46,27.64,0.00,0.00,21.03
2026-08-23T23:11:05Z,3.734,11615.0,0.905,1944.1,0.071,628.8,0.436,470.3,0.358,118.0,14.52,27.09,0.00,0.00,21.03
2026-08-23T23:11:06Z,3.809,11613.0,0.908,1943.9,0.071,628.8,0.446,470.4,0.364,118.0,14.38,27.85,0.00,0.00,21.03
2026-08-23T23:11:07Z,4.904,11600.0,0.883,1943.9,0.071,628.8,0.432,470.8,0.356,118.1,12.90,20.93,0.00,0.00,21.03
2026-08-23T23:11:08Z,3.517,11595.3,0.904,1944.0,0.071,628.8,0.440,470.4,0.365,118.1,15.00,28.60,0.00,0.00,20.71
2026-08-23T23:11:09Z,3.379,11619.1,0.889,1943.9,0.068,628.8,0.421,470.3,0.351,118.0,15.00,26.63,0.00,0.00,20.71
2026-08-23T23:11:11Z,3.415,11611.1,0.909,1943.9,0.071,628.8,0.425,470.3,0.360,118.0,14.69,25.21,0.00,0.00,20.71
2026-08-23T23:11:12Z,3.414,11604.3,0.907,1943.9,0.071,628.8,0.433,470.6,0.357,118.0,14.81,35.06,0.00,0.00,20.71
2026-08-23T23:11:13Z,3.359,11596.4,0.881,1943.9,0.071,628.8,0.421,470.3,0.355,118.0,14.86,27.71,0.00,0.00,20.65
2026-08-23T23:11:14Z,3.412,11588.6,0.883,1943.9,0.071,628.8,0.433,470.6,0.359,118.3,14.91,26.44,0.00,0.00,20.65
2026-08-23T23:11:15Z,3.423,11612.4,0.903,1944.0,0.072,628.8,0.439,470.3,0.364,118.0,15.32,27.72,0.00,0.00,20.65
2026-08-23T23:11:16Z,3.476,11587.9,0.917,1943.9,0.073,628.8,0.439,470.4,0.359,118.1,15.25,40.68,0.00,0.00,20.65
2026-08-23T23:11:17Z,4.792,11602.0,0.882,1944.1,0.070,628.8,0.436,470.9,0.362,118.2,13.38,35.09,0.00,0.00,20.65
2026-08-23T23:11:18Z,3.848,11604.4,0.905,1944.1,0.071,628.8,0.435,470.6,0.362,118.2,14.55,39.33,0.00,0.00,20.92
2026-08-23T23:11:19Z,3.437,11604.0,0.895,1944.1,0.069,628.8,0.432,470.6,0.352,118.1,14.94,30.82,0.00,0.00,20.92
2026-08-23T23:11:20Z,3.437,11600.7,0.892,1944.0,0.071,628.8,0.431,470.4,0.362,118.1,15.26,28.04,0.00,0.00,20.92
2026-08-23T23:11:21Z,3.442,11594.8,0.919,1944.0,0.070,628.8,0.429,470.6,0.357,118.1,14.74,35.31,0.00,0.00,20.92
2026-08-23T23:11:22Z,3.439,11622.2,0.896,1944.0,0.070,628.8,0.428,470.3,0.355,118.1,15.24,27.35,0.00,0.00,21.65
2026-08-23T23:11:24Z,3.398,11618.1,0.897,1944.0,0.070,628.8,0.428,470.4,0.356,118.1,14.25,28.41,0.00,0.00,21.65
2026-08-23T23:11:25Z,4.195,11599.0,0.890,1944.0,0.074,628.8,0.436,470.6,0.362,118.1,13.26,36.53,0.00,0.00,21.65
2026-08-23T23:11:26Z,4.743,11618.7,0.919,1944.0,0.071,628.8,0.428,471.4,0.366,118.1,23.50,35.11,0.00,0.00,21.65
2026-08-23T23:11:27Z,5.081,11615.6,0.878,1944.0,0.071,628.8,0.440,471.6,0.362,118.1,12.50,44.66,0.00,0.00,21.65
2026-08-23T23:11:28Z,5.443,11598.9,0.808,1944.0,0.068,628.8,0.423,471.5,0.351,118.2,12.02,35.97,0.00,0.00,22.72
2026-08-23T23:11:29Z,5.212,11593.1,0.868,1944.2,0.069,628.8,0.443,471.7,0.374,118.2,12.39,24.92,0.00,0.00,22.72
2026-08-23T23:11:30Z,4.227,11595.8,0.896,1944.1,0.073,628.8,0.442,471.7,0.372,118.2,13.66,29.29,0.00,0.00,22.72
2026-08-23T23:11:31Z,3.860,11626.4,0.903,1944.1,0.070,628.8,0.441,471.7,0.361,118.2,13.16,27.74,0.00,0.00,22.72
2026-08-23T23:11:32Z,3.852,11599.9,0.921,1944.1,0.072,628.8,0.443,471.5,0.369,118.4,12.70,37.58,0.00,0.00,22.18
2026-08-23T23:11:33Z,3.871,11603.0,0.894,1944.4,0.071,628.8,0.435,471.9,0.362,118.1,13.11,42.62,0.00,0.00,22.18
2026-08-23T23:11:35Z,4.147,11605.6,0.891,1944.1,0.072,628.8,0.440,471.5,0.365,118.2,12.99,32.53,0.00,0.00,22.18
2026-08-23T23:11:36Z,4.157,11608.1,0.891,1944.1,0.073,628.8,0.441,471.5,0.371,118.1,13.22,32.86,0.00,0.00,22.18
2026-08-23T23:11:37Z,4.541,11594.3,0.884,1944.0,0.071,628.8,0.447,471.6,0.364,118.2,12.97,32.34,0.00,0.00,22.18
2026-08-23T23:11:38Z,4.855,11614.5,0.892,1944.2,0.071,628.8,0.437,471.5,0.364,118.2,12.52,26.42,0.00,0.00,22.24
2026-08-23T23:11:39Z,4.027,11595.2,0.895,1944.2,0.070,628.8,0.443,471.4,0.357,118.1,13.71,35.90,0.00,0.00,22.24
2026-08-23T23:11:40Z,4.031,11601.1,0.911,1944.4,0.072,628.8,0.435,471.4,0.369,118.1,13.32,41.69,0.00,0.00,22.24
2026-08-23T23:11:41Z,3.863,11613.1,0.870,1944.2,0.073,628.8,0.431,471.6,0.363,118.1,13.23,41.90,0.00,0.00,22.24
2026-08-23T23:11:42Z,4.543,11599.1,0.886,1944.4,0.073,628.8,0.439,471.6,0.356,118.1,17.01,46.59,0.00,0.00,22.24
2026-08-23T23:11:43Z,4.713,11591.6,0.902,1944.2,0.074,628.8,0.445,471.4,0.369,118.4,24.61,38.51,0.00,0.00,23.43
2026-08-23T23:11:44Z,4.703,11587.5,0.886,1944.1,0.074,628.8,0.443,471.4,0.364,118.1,25.40,40.99,0.00,0.00,23.43
2026-08-23T23:11:46Z,4.535,11589.2,0.870,1944.1,0.073,628.8,0.434,471.8,0.368,118.0,30.29,41.76,0.00,0.00,23.43
2026-08-23T23:11:47Z,4.726,11601.1,0.886,1944.1,0.073,628.8,0.441,471.4,0.362,118.1,28.32,40.59,0.00,0.00,23.43
2026-08-23T23:11:48Z,5.274,11610.2,0.829,1944.2,0.070,628.8,0.435,471.5,0.366,118.2,23.90,35.97,0.00,0.00,24.51
2026-08-23T23:11:49Z,4.796,11594.9,0.912,1944.5,0.075,628.8,0.455,471.6,0.386,118.1,20.30,33.02,0.00,0.00,24.51
2026-08-23T23:11:50Z,4.601,11592.8,0.934,1944.2,0.075,628.8,0.449,471.4,0.367,118.1,26.75,37.95,0.00,0.00,24.51
2026-08-23T23:11:51Z,4.564,11601.9,0.902,1944.2,0.075,628.8,0.449,471.4,0.373,118.1,35.70,42.66,0.00,0.00,24.51
2026-08-23T23:11:52Z,4.407,11613.4,0.885,1944.2,0.071,628.8,0.445,471.6,0.364,118.1,39.23,42.97,0.00,0.00,24.51
2026-08-23T23:11:53Z,4.393,11596.7,0.882,1944.1,0.072,628.8,0.444,471.4,0.369,118.4,40.94,46.83,0.00,0.00,25.03
2026-08-23T23:11:54Z,4.456,11601.5,0.922,1944.2,0.076,628.8,0.457,471.4,0.374,118.1,34.63,37.67,0.00,0.00,25.03
2026-08-23T23:11:55Z,4.526,11600.5,0.902,1944.2,0.074,628.8,0.444,471.6,0.376,118.3,31.14,35.61,0.00,0.00,25.03
2026-08-23T23:11:56Z,4.969,11538.5,0.859,1944.2,0.071,628.8,0.424,471.6,0.358,118.1,25.33,36.45,0.00,0.00,25.03
2026-08-23T23:11:58Z,5.412,11596.0,0.880,1944.2,0.065,628.8,0.451,471.7,0.378,118.4,24.17,31.86,0.00,0.00,26.63
2026-08-23T23:11:59Z,5.213,11577.5,0.887,1944.2,0.071,628.8,0.455,471.6,0.376,118.4,33.79,31.04,0.00,0.00,26.63
2026-08-23T23:12:00Z,4.976,11576.2,0.902,1944.3,0.076,628.8,0.446,471.4,0.378,118.1,38.66,29.40,0.00,0.00,26.63
2026-08-23T23:12:01Z,4.935,11581.4,0.988,1944.2,0.076,628.8,0.462,471.4,0.372,118.2,37.95,32.98,0.00,0.00,26.63
2026-08-23T23:12:02Z,4.813,11587.6,0.931,1944.3,0.074,628.8,0.466,471.4,0.385,118.2,37.54,33.85,0.00,0.00,26.63
2026-08-23T23:12:03Z,4.868,11596.8,0.936,1944.3,0.077,628.8,0.460,471.4,0.378,118.2,41.20,43.15,0.00,0.00,27.70
2026-08-23T23:12:04Z,4.931,11602.2,0.946,1944.3,0.076,628.8,0.461,471.4,0.376,118.2,38.06,43.02,0.00,0.00,27.70
2026-08-23T23:12:05Z,5.096,11600.4,0.957,1944.2,0.075,628.8,0.464,471.6,0.396,118.1,30.19,35.87,0.00,0.00,27.70
2026-08-23T23:12:06Z,5.177,11604.6,0.886,1944.2,0.072,628.8,0.456,471.7,0.375,118.2,30.70,36.93,0.00,0.00,27.70
2026-08-23T23:12:08Z,5.341,11578.0,0.841,1944.2,0.076,628.8,0.476,471.5,0.380,118.2,31.29,40.91,0.00,0.00,27.89
2026-08-23T23:12:09Z,5.184,11594.5,0.889,1944.2,0.069,628.8,0.452,471.4,0.381,118.1,32.55,35.73,0.00,0.00,27.89
2026-08-23T23:12:10Z,4.899,11620.6,0.894,1944.2,0.074,628.8,0.457,471.4,0.382,118.1,50.32,48.26,0.00,0.00,27.89
2026-08-23T23:12:11Z,4.789,11605.7,0.942,1944.2,0.075,628.8,0.461,471.4,0.378,118.1,47.89,37.50,0.00,0.00,27.89
2026-08-23T23:12:12Z,4.701,11597.1,0.906,1944.2,0.074,628.8,0.444,471.4,0.364,118.1,51.88,35.86,0.00,0.00,27.89
2026-08-23T23:12:13Z,4.634,11587.8,0.929,1944.2,0.070,628.8,0.445,471.4,0.368,118.1,50.91,37.43,0.00,0.00,29.34
2026-08-23T23:12:14Z,4.740,11604.5,0.913,1944.2,0.076,628.8,0.453,471.6,0.378,118.1,47.38,36.38,0.00,0.00,29.34
2026-08-23T23:12:15Z,4.893,11614.0,0.935,1944.2,0.076,628.8,0.466,471.6,0.373,118.4,40.18,36.21,0.00,0.00,29.34
2026-08-23T23:12:16Z,5.142,11597.9,0.880,1944.2,0.074,628.8,0.425,471.4,0.370,118.1,38.96,36.20,0.00,0.00,29.34
2026-08-23T23:12:18Z,5.399,11599.4,0.890,1944.3,0.071,628.8,0.464,471.7,0.385,118.1,31.92,28.69,0.00,0.00,29.71
2026-08-23T23:12:19Z,5.226,11605.0,0.836,1944.2,0.072,628.8,0.446,471.7,0.377,118.2,64.31,36.59,0.00,0.00,29.71
2026-08-23T23:12:20Z,5.153,11608.4,0.874,1944.2,0.075,628.8,0.434,471.9,0.364,118.1,147.42,33.70,0.00,0.00,29.71
2026-08-23T23:12:21Z,5.141,11620.6,0.918,1944.3,0.076,628.8,0.450,471.4,0.371,118.2,184.06,33.13,0.00,0.00,29.71
2026-08-23T23:12:22Z,4.923,11601.4,0.895,1944.3,0.072,628.8,0.433,471.7,0.373,118.2,169.15,65.50,0.00,0.00,29.71
2026-08-23T23:12:23Z,4.776,11646.9,0.935,1944.7,0.070,628.8,0.462,471.5,0.370,118.3,167.07,90.54,0.00,0.00,31.74
2026-08-23T23:12:24Z,4.560,11632.6,0.854,1944.2,0.064,628.8,0.409,471.5,0.344,118.3,153.99,205.41,0.00,0.00,31.74
2026-08-23T23:12:25Z,4.787,11649.6,0.935,1944.4,0.074,628.8,0.478,471.7,0.404,118.5,150.00,108.03,0.00,0.00,31.74
2026-08-23T23:12:26Z,5.285,11652.4,0.886,1944.5,0.072,628.8,0.449,471.5,0.372,118.5,123.64,29.88,0.00,0.00,31.74
2026-08-23T23:12:28Z,5.373,11668.5,0.873,1945.0,0.064,628.8,0.456,472.0,0.372,118.5,77.84,24.94,0.00,0.00,33.68
2026-08-23T23:12:29Z,5.454,11658.9,0.859,1944.4,0.069,628.8,0.450,471.5,0.367,118.5,100.17,36.43,0.00,0.00,33.68
2026-08-23T23:12:30Z,5.311,11653.9,0.895,1944.3,0.070,628.8,0.432,471.5,0.363,118.3,168.44,32.60,0.00,0.00,33.68
2026-08-23T23:12:31Z,5.030,11657.6,0.874,1944.5,0.071,628.8,0.439,471.5,0.355,118.4,171.81,106.16,0.00,0.00,33.68
2026-08-23T23:12:32Z,4.961,11634.2,0.944,1944.7,0.068,628.8,0.436,471.5,0.359,118.6,133.06,85.08,0.00,0.00,33.68
2026-08-23T23:12:33Z,5.221,11667.1,0.885,1944.7,0.072,628.8,0.440,471.5,0.363,118.3,112.30,60.15,0.00,0.00,33.46
2026-08-23T23:12:34Z,5.221,11647.1,0.891,1944.5,0.074,628.8,0.453,471.5,0.361,118.3,124.94,54.81,0.00,0.00,33.46
2026-08-23T23:12:35Z,4.990,11649.2,0.830,1944.4,0.065,628.8,0.402,471.8,0.342,118.3,123.89,166.55,0.00,0.00,33.46
2026-08-23T23:12:36Z,5.089,11639.9,0.900,1944.8,0.071,628.8,0.480,471.5,0.404,118.5,106.11,127.56,0.00,0.00,33.46
2026-08-23T23:12:38Z,5.380,11597.0,0.901,1944.7,0.067,628.8,0.452,471.9,0.353,118.5,69.62,18.61,0.00,0.00,33.27
2026-08-23T23:12:39Z,5.225,11636.5,0.912,1944.6,0.073,628.8,0.438,471.8,0.370,118.5,140.73,27.46,0.00,0.00,33.27
2026-08-23T23:12:40Z,5.167,11633.4,0.947,1944.6,0.069,628.8,0.425,471.7,0.368,118.4,207.00,28.84,0.00,0.00,33.27
2026-08-23T23:12:41Z,4.884,11642.4,0.908,1944.6,0.067,628.8,0.436,471.8,0.384,118.8,189.06,88.69,0.00,0.00,33.27
2026-08-23T23:12:42Z,5.023,11645.6,0.836,1944.9,0.071,628.8,0.413,471.7,0.347,118.4,189.78,117.57,0.00,0.00,33.27
2026-08-23T23:12:43Z,4.774,11631.2,0.875,1944.8,0.070,628.8,0.437,471.8,0.378,118.6,193.49,118.84,0.00,0.00,33.89
2026-08-23T23:12:44Z,4.862,11647.5,0.915,1944.7,0.070,628.8,0.443,471.6,0.372,118.5,183.94,88.37,0.00,0.00,33.89
2026-08-23T23:12:45Z,5.036,11632.2,0.894,1944.6,0.074,629.1,0.443,471.5,0.369,118.6,200.59,81.62,0.00,0.00,33.89
2026-08-23T23:12:46Z,4.483,11645.6,0.837,1944.6,0.068,628.8,0.422,471.6,0.352,118.4,149.20,255.15,0.00,0.00,33.89
2026-08-23T23:12:48Z,5.294,11652.5,0.954,1944.6,0.067,629.1,0.458,471.7,0.399,118.4,85.49,27.90,0.00,0.00,35.02
2026-08-23T23:12:49Z,5.167,11636.4,0.905,1944.6,0.071,628.8,0.450,471.9,0.367,118.4,108.98,28.68,0.00,0.00,35.02
2026-08-23T23:12:50Z,5.127,11621.0,0.905,1944.6,0.069,628.8,0.429,471.9,0.361,118.3,176.78,25.16,0.00,0.00,35.02
2026-08-23T23:12:51Z,5.136,11645.1,0.914,1944.6,0.072,628.8,0.436,471.6,0.362,118.6,145.49,28.80,0.00,0.00,35.02
2026-08-23T23:12:52Z,4.861,11634.0,0.894,1944.6,0.068,628.8,0.450,471.6,0.362,118.3,206.49,91.25,0.00,0.00,35.02
2026-08-23T23:12:53Z,4.791,11643.4,0.904,1944.6,0.069,628.8,0.432,471.5,0.353,118.3,186.97,119.08,0.00,0.00,35.02
2026-08-23T23:12:54Z,4.981,11645.2,0.957,1944.6,0.073,628.8,0.470,471.6,0.392,118.3,159.37,62.31,0.00,0.00,35.02
2026-08-23T23:12:55Z,4.950,11638.9,0.887,1944.6,0.069,628.8,0.427,471.9,0.367,118.3,169.84,89.75,0.00,0.00,35.02
2026-08-23T23:12:56Z,4.869,11613.4,0.849,1944.4,0.069,628.8,0.405,471.7,0.334,118.4,131.77,235.87,0.00,0.00,35.02
2026-08-23T23:12:57Z,5.326,11646.2,0.837,1944.7,0.067,628.8,0.456,471.7,0.400,118.5,97.83,49.37,0.00,0.00,37.10
2026-08-23T23:12:59Z,5.328,11636.0,0.907,1944.7,0.073,628.8,0.465,471.7,0.377,118.5,146.03,27.18,0.00,0.00,37.10
2026-08-23T23:13:00Z,5.075,11649.7,0.925,1944.8,0.073,628.8,0.443,471.9,0.368,118.4,144.46,36.77,0.00,0.00,37.10
2026-08-23T23:13:01Z,5.049,11627.1,0.895,1944.8,0.071,628.8,0.418,471.8,0.371,118.5,187.84,65.17,0.00,0.00,37.10
2026-08-23T23:13:02Z,4.712,11636.1,0.910,1944.6,0.069,628.8,0.462,471.7,0.374,118.7,151.25,233.89,0.00,0.00,37.10
2026-08-23T23:13:03Z,5.132,11640.7,0.957,1944.7,0.069,628.8,0.442,471.7,0.368,118.5,146.82,26.21,0.00,0.00,37.73
2026-08-23T23:13:04Z,5.112,11633.9,0.957,1944.9,0.065,628.8,0.430,471.9,0.353,118.5,162.61,25.99,0.00,0.00,37.73
2026-08-23T23:13:05Z,4.961,11650.8,0.916,1944.4,0.066,628.8,0.413,471.6,0.346,118.3,169.75,55.84,0.00,0.00,37.73
2026-08-23T23:13:06Z,4.801,11651.7,0.925,1944.5,0.066,628.8,0.445,471.6,0.369,118.6,154.11,85.99,0.00,0.00,37.73
2026-08-23T23:13:07Z,4.373,11623.4,0.731,1944.6,0.055,628.8,0.366,471.9,0.291,118.7,238.67,285.36,0.00,0.00,38.63
2026-08-23T23:13:09Z,5.103,11634.3,0.967,1944.8,0.069,628.8,0.482,472.1,0.407,119.1,103.08,31.66,0.00,0.00,38.63
2026-08-23T23:13:10Z,5.065,11639.4,0.944,1944.7,0.067,628.8,0.444,472.0,0.370,118.8,115.42,25.86,0.00,0.00,38.63
2026-08-23T23:13:11Z,5.316,11636.7,0.936,1944.9,0.070,628.8,0.442,471.8,0.380,118.8,99.45,24.26,0.00,0.00,38.63
2026-08-23T23:13:12Z,5.414,11638.7,0.846,1944.6,0.067,628.8,0.437,471.7,0.363,118.8,104.84,26.33,0.00,0.00,38.63
2026-08-23T23:13:13Z,4.882,11628.4,0.876,1944.7,0.067,628.8,0.437,471.7,0.367,118.7,143.48,55.76,0.00,0.00,39.22
2026-08-23T23:13:14Z,4.438,11639.4,0.894,1944.7,0.066,628.8,0.439,471.8,0.362,118.8,227.63,170.70,0.00,0.00,39.22
2026-08-23T23:13:15Z,4.606,11641.4,0.956,1944.7,0.068,628.8,0.458,471.7,0.378,118.4,240.04,93.32,0.00,0.00,39.22
2026-08-23T23:13:16Z,4.419,11626.5,0.932,1944.8,0.066,628.8,0.442,471.8,0.370,118.4,177.50,154.57,0.00,0.00,39.22
2026-08-23T23:13:17Z,5.219,11635.7,0.877,1945.1,0.063,628.8,0.458,471.9,0.364,118.8,12.65,142.48,0.00,0.00,40.17
2026-08-23T23:13:19Z,4.741,11634.5,0.867,1944.8,0.062,628.8,0.432,472.1,0.352,118.5,11.46,278.68,0.00,0.00,40.17
2026-08-23T23:13:20Z,4.570,11624.6,0.948,1944.9,0.067,628.8,0.457,472.0,0.375,118.4,13.10,32.24,0.00,0.00,40.17
2026-08-23T23:13:21Z,4.377,11634.2,0.910,1944.7,0.066,628.8,0.442,471.7,0.353,118.4,12.55,138.56,0.00,0.00,40.17
2026-08-23T23:13:22Z,4.333,11642.8,0.908,1944.8,0.065,628.8,0.442,472.0,0.367,118.3,13.39,136.89,0.00,0.00,40.17
2026-08-23T23:13:23Z,4.234,11637.7,0.869,1944.9,0.063,628.8,0.412,471.8,0.342,118.4,13.41,232.76,0.00,0.00,37.83
2026-08-23T23:13:24Z,4.449,11592.2,0.929,1944.6,0.067,628.8,0.450,471.8,0.370,118.4,143.37,26.61,0.00,0.00,37.83
2026-08-23T23:13:25Z,4.534,11610.8,0.938,1944.5,0.069,628.8,0.440,471.8,0.369,118.5,171.21,28.94,0.00,0.00,37.83
2026-08-23T23:13:26Z,4.814,11624.8,0.934,1944.5,0.069,628.8,0.466,471.8,0.373,118.3,141.37,21.53,0.00,0.00,37.83
2026-08-23T23:13:27Z,5.533,11631.6,0.901,1944.8,0.067,628.8,0.439,472.2,0.378,118.8,157.57,16.94,0.00,0.00,37.83
2026-08-23T23:13:28Z,5.302,11630.2,0.858,1945.2,0.061,628.8,0.413,472.0,0.359,118.2,73.67,62.83,0.00,0.00,39.61
2026-08-23T23:13:29Z,5.025,11651.3,0.904,1944.7,0.066,628.8,0.447,463.1,0.377,118.6,99.09,91.08,0.00,0.00,39.61
2026-08-23T23:13:31Z,5.109,11616.6,0.868,1944.6,0.066,628.8,0.439,462.4,0.352,118.3,155.72,24.85,0.00,0.00,39.61
2026-08-23T23:13:32Z,4.981,11622.6,0.907,1944.6,0.066,628.8,0.444,462.3,0.362,118.3,163.20,25.69,0.00,0.00,39.61
2026-08-23T23:13:33Z,4.604,11633.5,0.884,1944.7,0.067,628.8,0.431,462.4,0.359,118.3,194.36,27.08,0.00,0.00,37.88
2026-08-23T23:13:34Z,4.589,11649.5,0.916,1944.6,0.069,628.8,0.436,462.1,0.371,118.3,175.31,22.87,0.00,0.00,37.88
2026-08-23T23:13:35Z,4.812,11634.6,0.929,1944.5,0.068,628.8,0.449,462.1,0.363,118.2,169.37,25.26,0.00,0.00,37.88
2026-08-23T23:13:36Z,4.723,11620.4,0.932,1944.5,0.072,628.8,0.443,462.1,0.362,118.1,159.34,21.63,0.00,0.00,37.88
2026-08-23T23:13:37Z,5.394,11638.0,0.851,1944.6,0.066,628.8,0.450,462.3,0.364,118.2,148.45,18.34,0.00,0.00,37.88
2026-08-23T23:13:38Z,4.935,11622.6,0.906,1944.8,0.064,628.8,0.428,462.2,0.383,118.2,154.55,20.44,0.00,0.00,38.85
2026-08-23T23:13:39Z,4.568,11609.8,0.918,1944.6,0.068,628.8,0.443,462.1,0.367,118.2,199.18,21.80,0.00,0.00,38.85
2026-08-23T23:13:41Z,4.460,11609.6,0.916,1944.8,0.068,628.8,0.443,462.4,0.366,118.2,186.86,25.52,0.00,0.00,38.85
2026-08-23T23:13:42Z,4.500,11623.4,0.901,1944.5,0.068,628.8,0.444,462.4,0.361,118.1,198.88,26.09,0.00,0.00,38.85
2026-08-23T23:13:43Z,4.606,11624.2,0.912,1944.8,0.067,628.8,0.442,462.1,0.366,118.2,213.63,30.64,0.00,0.00,37.18
2026-08-23T23:13:44Z,4.544,11621.0,0.909,1944.5,0.067,628.8,0.435,462.1,0.361,118.2,178.20,32.52,0.00,0.00,37.18
2026-08-23T23:13:45Z,4.387,11638.5,0.904,1944.5,0.068,628.8,0.443,462.1,0.366,118.1,165.13,38.94,0.00,0.00,37.18
2026-08-23T23:13:46Z,4.554,11623.2,0.901,1944.5,0.070,628.8,0.450,462.3,0.367,118.1,192.00,28.54,0.00,0.00,37.18
2026-08-23T23:13:47Z,5.361,11619.4,0.873,1944.5,0.064,628.8,0.444,462.2,0.360,118.2,107.73,23.35,0.00,0.00,37.18
2026-08-23T23:13:48Z,4.861,11608.9,0.899,1944.5,0.067,628.8,0.430,462.2,0.376,118.1,160.35,25.55,0.00,0.00,38.60
2026-08-23T23:13:49Z,4.582,11624.7,0.939,1944.5,0.069,628.8,0.448,462.1,0.368,118.2,193.40,26.91,0.00,0.00,38.60
2026-08-23T23:13:50Z,4.437,11520.9,0.878,1944.5,0.069,628.8,0.437,462.3,0.365,118.1,129.08,29.22,0.00,0.00,38.60
2026-08-23T23:13:52Z,3.701,11348.1,0.881,1944.5,0.067,628.8,0.430,462.6,0.363,118.1,14.42,33.66,0.00,0.00,38.60
2026-08-23T23:13:53Z,3.694,11386.6,0.898,1944.4,0.068,628.8,0.436,462.3,0.365,118.1,16.12,37.22,0.00,0.00,35.67
2026-08-23T23:13:54Z,3.756,11432.2,0.892,1944.5,0.067,628.8,0.437,462.1,0.359,118.1,14.56,44.10,0.00,0.00,35.67
2026-08-23T23:13:55Z,3.751,11474.5,0.886,1944.4,0.066,628.8,0.442,462.1,0.364,118.0,14.43,48.85,0.00,0.00,35.67
2026-08-23T23:13:56Z,3.807,11501.4,0.885,1944.4,0.065,629.1,0.432,462.3,0.355,118.1,13.50,30.21,0.00,0.00,35.67
2026-08-23T23:13:57Z,4.583,11542.9,0.878,1944.5,0.063,628.8,0.430,461.9,0.362,118.1,13.10,24.47,0.00,0.00,35.67
2026-08-23T23:13:58Z,4.813,11559.9,0.944,1944.4,0.066,628.8,0.458,461.9,0.384,118.1,13.03,19.32,0.00,0.00,34.66
2026-08-23T23:13:59Z,3.756,11588.3,0.903,1944.5,0.067,628.8,0.450,462.4,0.369,118.1,15.09,22.10,0.00,0.00,34.66
2026-08-23T23:14:00Z,3.640,11586.5,0.907,1944.4,0.069,628.8,0.427,462.1,0.355,118.0,14.59,26.01,0.00,0.00,34.66
2026-08-23T23:14:01Z,3.625,11616.5,0.897,1944.4,0.069,629.1,0.447,461.9,0.372,118.1,15.23,26.51,0.00,0.00,34.66
2026-08-23T23:14:02Z,3.614,11584.1,0.880,1944.4,0.067,628.8,0.428,461.9,0.350,118.0,15.37,29.20,0.00,0.00,32.04
2026-08-23T23:14:04Z,4.002,11573.0,0.869,1944.5,0.067,629.1,0.419,461.9,0.354,118.1,15.56,28.22,0.00,0.00,32.04
2026-08-23T23:14:05Z,4.881,11576.4,0.885,1944.5,0.067,628.8,0.439,462.1,0.357,118.3,24.97,36.60,0.00,0.00,32.04
2026-08-23T23:14:06Z,4.736,11573.9,0.873,1944.7,0.067,628.8,0.434,461.9,0.368,118.1,27.26,44.63,0.00,0.00,32.04
2026-08-23T23:14:07Z,4.986,11579.4,0.971,1944.7,0.069,628.8,0.453,461.9,0.377,118.1,22.74,33.58,0.00,0.00,32.04
2026-08-23T23:14:08Z,5.105,11587.6,0.930,1944.5,0.072,628.8,0.460,461.9,0.377,118.2,21.79,30.44,0.00,0.00,30.76
2026-08-23T23:14:09Z,4.410,11586.5,0.911,1944.4,0.065,628.8,0.451,462.1,0.375,118.1,28.28,32.98,0.00,0.00,30.76
2026-08-23T23:14:10Z,4.248,11584.2,0.897,1944.4,0.068,628.8,0.434,461.9,0.361,118.1,30.97,35.12,0.00,0.00,30.76
2026-08-23T23:14:11Z,4.593,11580.2,0.881,1944.4,0.068,628.8,0.433,461.8,0.359,118.1,24.83,38.13,0.00,0.00,30.76
2026-08-23T23:14:12Z,4.489,11588.2,0.887,1944.9,0.069,628.8,0.441,461.8,0.371,118.1,33.90,42.25,0.00,0.00,30.38
2026-08-23T23:14:13Z,4.374,11567.7,0.907,1944.7,0.068,628.8,0.445,461.8,0.377,118.1,38.12,40.32,0.00,0.00,30.38
2026-08-23T23:14:15Z,4.298,11583.4,0.915,1944.4,0.072,628.8,0.454,461.9,0.372,118.1,42.18,40.94,0.00,0.00,30.38
2026-08-23T23:14:16Z,4.281,11592.2,0.905,1944.4,0.070,628.8,0.453,461.8,0.371,118.0,44.50,43.80,0.00,0.00,30.38
2026-08-23T23:14:17Z,4.934,11566.7,0.851,1944.4,0.066,628.8,0.424,461.9,0.360,118.1,35.66,32.28,0.00,0.00,30.38
2026-08-23T23:14:18Z,4.881,11568.9,0.961,1944.5,0.067,628.8,0.456,461.8,0.382,118.1,25.64,26.77,0.00,0.00,30.75
2026-08-23T23:14:19Z,4.573,11567.1,0.904,1944.5,0.069,628.8,0.449,462.1,0.368,118.1,32.31,36.61,0.00,0.00,30.75
2026-08-23T23:14:20Z,4.363,11573.9,0.889,1944.4,0.070,628.8,0.454,461.8,0.371,118.1,40.12,35.33,0.00,0.00,30.75
2026-08-23T23:14:21Z,4.340,11577.1,0.916,1944.4,0.068,628.8,0.444,462.1,0.370,118.3,40.07,33.46,0.00,0.00,30.75
2026-08-23T23:14:22Z,4.358,11581.3,0.905,1944.4,0.069,628.8,0.449,461.8,0.371,118.1,42.15,34.25,0.00,0.00,30.75
2026-08-23T23:14:23Z,4.353,11557.5,0.894,1944.4,0.068,628.8,0.436,461.8,0.365,118.1,38.48,36.35,0.00,0.00,29.81
2026-08-23T23:14:24Z,4.512,11588.2,0.907,1944.4,0.068,628.8,0.443,461.8,0.375,118.1,40.36,29.21,0.00,0.00,29.81
2026-08-23T23:14:26Z,5.011,11579.7,0.888,1944.4,0.066,628.8,0.429,462.1,0.357,118.1,32.46,36.13,0.00,0.00,29.81
2026-08-23T23:14:27Z,5.206,11577.9,0.874,1944.5,0.062,628.8,0.422,461.8,0.358,118.1,29.97,36.69,0.00,0.00,29.81
2026-08-23T23:14:28Z,5.458,11551.4,0.861,1944.5,0.065,628.8,0.423,462.1,0.361,118.2,25.97,25.26,0.00,0.00,30.94
2026-08-23T23:14:29Z,5.183,11571.7,0.909,1944.5,0.066,628.8,0.450,455.2,0.372,118.1,28.02,32.26,0.00,0.00,30.94
2026-08-23T23:14:30Z,4.831,11573.9,0.901,1944.4,0.068,628.8,0.436,455.1,0.366,118.1,39.86,34.92,0.00,0.00,30.94
2026-08-23T23:14:31Z,4.419,11572.1,0.928,1944.4,0.070,628.8,0.450,455.2,0.375,118.1,37.57,32.64,0.00,0.00,30.94
2026-08-23T23:14:32Z,4.239,11574.7,0.901,1944.4,0.068,628.8,0.440,454.9,0.364,118.1,40.65,38.26,0.00,0.00,30.94
2026-08-23T23:14:33Z,4.348,11579.0,0.908,1944.4,0.068,628.8,0.446,455.4,0.368,118.3,39.30,40.70,0.00,0.00,29.75
2026-08-23T23:14:34Z,4.450,11580.6,0.913,1944.4,0.071,628.8,0.445,454.9,0.366,118.1,38.41,36.83,0.00,0.00,29.75
2026-08-23T23:14:35Z,4.552,11584.1,0.897,1944.4,0.066,628.8,0.447,454.9,0.367,118.0,40.24,36.28,0.00,0.00,29.75
2026-08-23T23:14:36Z,4.720,11563.6,0.882,1944.5,0.066,628.8,0.432,455.3,0.367,118.2,35.46,43.68,0.00,0.00,29.75
2026-08-23T23:14:38Z,5.196,11570.7,0.949,1944.5,0.064,628.8,0.443,454.9,0.380,118.1,28.45,23.44,0.00,0.00,30.17
2026-08-23T23:14:39Z,4.412,11572.2,0.898,1944.5,0.069,628.8,0.446,454.9,0.372,118.3,42.01,34.06,0.00,0.00,30.17
2026-08-23T23:14:40Z,4.386,11569.4,0.908,1944.4,0.067,628.8,0.443,455.3,0.367,118.0,34.72,32.92,0.00,0.00,30.17
2026-08-23T23:14:41Z,4.630,11555.8,0.901,1944.6,0.068,628.8,0.440,455.1,0.364,118.0,28.30,30.62,0.00,0.00,30.17
2026-08-23T23:14:42Z,4.328,11557.3,0.907,1944.4,0.069,628.8,0.440,454.9,0.373,118.1,37.91,42.17,0.00,0.00,30.17
2026-08-23T23:14:43Z,4.288,11557.1,0.923,1944.4,0.069,628.8,0.443,454.9,0.364,118.1,36.31,36.73,0.00,0.00,29.43
2026-08-23T23:14:44Z,4.447,11557.3,0.919,1944.4,0.068,628.8,0.447,454.9,0.366,118.3,39.00,35.47,0.00,0.00,29.43
2026-08-23T23:14:45Z,4.402,11558.1,0.917,1944.7,0.068,628.8,0.446,454.9,0.371,118.0,36.48,37.61,0.00,0.00,29.43
2026-08-23T23:14:46Z,4.301,11564.5,0.890,1944.4,0.067,628.8,0.435,454.8,0.363,118.0,38.29,40.47,0.00,0.00,29.43
2026-08-23T23:14:47Z,5.233,11558.6,0.886,1944.5,0.066,628.8,0.456,455.2,0.378,118.1,58.06,23.72,0.00,0.00,29.16
2026-08-23T23:14:48Z,4.993,11565.6,0.899,1944.4,0.066,628.8,0.442,455.1,0.369,118.1,24.80,31.72,0.00,0.00,29.16
2026-08-23T23:14:50Z,4.394,11564.1,0.912,1944.5,0.069,628.8,0.451,454.9,0.369,118.1,35.60,36.16,0.00,0.00,29.16
2026-08-23T23:14:51Z,4.277,11567.9,0.898,1944.5,0.069,628.8,0.442,454.8,0.365,118.3,40.55,37.24,0.00,0.00,29.16
2026-08-23T23:14:52Z,4.331,11569.9,0.909,1944.7,0.068,628.8,0.440,455.3,0.373,118.1,38.12,43.04,0.00,0.00,29.16
2026-08-23T23:14:53Z,4.483,11572.7,0.917,1944.4,0.070,628.8,0.447,454.8,0.367,118.1,32.57,48.94,0.00,0.00,27.62
2026-08-23T23:14:54Z,4.464,11570.6,0.879,1944.5,0.068,628.8,0.439,455.1,0.367,118.0,31.15,47.63,0.00,0.00,27.62
2026-08-23T23:14:55Z,4.541,11567.5,0.913,1944.4,0.067,628.8,0.449,455.1,0.372,118.0,31.79,43.86,0.00,0.00,27.62
2026-08-23T23:14:56Z,4.776,11560.4,0.897,1944.4,0.067,628.8,0.438,454.9,0.361,118.0,27.13,53.10,0.00,0.00,27.62
2026-08-23T23:14:57Z,5.374,11554.4,0.852,1944.5,0.066,628.8,0.448,455.1,0.363,118.2,20.56,30.82,0.00,0.00,27.62
2026-08-23T23:14:58Z,4.705,11537.4,0.879,1944.7,0.064,628.8,0.452,455.0,0.374,118.4,12.02,26.71,0.00,0.00,27.73
2026-08-23T23:14:59Z,3.663,11568.0,0.882,1944.5,0.069,628.8,0.442,455.0,0.367,118.1,13.45,35.14,0.00,0.00,27.73
2026-08-23T23:15:00Z,3.618,11565.5,0.884,1944.4,0.067,628.8,0.429,455.2,0.363,118.1,13.58,32.96,0.00,0.00,27.73
2026-08-23T23:15:02Z,3.642,11562.6,0.905,1944.5,0.069,628.8,0.443,455.0,0.370,118.1,13.08,35.46,0.00,0.00,27.73
2026-08-23T23:15:03Z,3.835,11559.8,0.929,1944.4,0.072,628.8,0.463,455.4,0.386,118.1,12.76,29.26,0.00,0.00,27.19
2026-08-23T23:15:04Z,3.755,11561.8,0.886,1944.4,0.068,628.8,0.435,455.0,0.355,118.1,12.94,33.53,0.00,0.00,27.19
2026-08-23T23:15:05Z,4.733,11562.4,0.871,1944.7,0.065,628.8,0.436,455.5,0.363,118.1,11.07,28.72,0.00,0.00,27.19
2026-08-23T23:15:06Z,4.500,11558.4,0.859,1944.4,0.067,628.8,0.423,454.9,0.362,118.0,12.71,26.37,0.00,0.00,27.19
2026-08-23T23:15:07Z,4.779,11566.8,0.834,1944.4,0.067,628.8,0.418,454.9,0.358,118.2,12.73,31.02,0.00,0.00,27.19
2026-08-23T23:15:08Z,4.617,11554.8,0.873,1944.4,0.067,628.8,0.444,455.1,0.378,118.0,11.84,25.32,0.00,0.00,26.78
2026-08-23T23:15:09Z,3.659,11553.4,0.878,1944.4,0.067,628.8,0.444,455.1,0.363,118.1,13.52,31.17,0.00,0.00,26.78
2026-08-23T23:15:10Z,3.629,11552.7,0.886,1944.4,0.066,628.8,0.441,455.1,0.364,118.0,13.19,28.44,0.00,0.00,26.78
2026-08-23T23:15:11Z,3.578,11551.4,0.882,1944.3,0.066,629.1,0.430,454.9,0.358,118.0,15.03,30.07,0.00,0.00,26.78
2026-08-23T23:15:12Z,3.520,11550.7,0.862,1944.4,0.067,628.8,0.427,454.9,0.358,118.1,13.91,31.26,0.00,0.00,26.78
2026-08-23T23:15:13Z,3.769,11520.2,0.853,1944.4,0.066,628.8,0.432,454.9,0.356,118.0,15.46,29.07,0.00,0.00,25.91
2026-08-23T23:15:15Z,4.543,11535.9,0.862,1944.4,0.069,628.8,0.443,454.9,0.366,118.1,26.35,26.82,0.00,0.00,25.91
2026-08-23T23:15:16Z,4.484,11548.2,0.884,1944.4,0.071,628.8,0.444,454.8,0.371,118.3,25.53,24.86,0.00,0.00,25.91
2026-08-23T23:15:17Z,4.785,11545.6,0.856,1944.4,0.067,628.8,0.439,455.2,0.362,118.1,27.76,23.65,0.00,0.00,25.91
2026-08-23T23:15:18Z,5.280,11541.7,0.836,1944.5,0.064,628.8,0.449,454.9,0.379,118.1,24.84,26.11,0.00,0.00,26.80
2026-08-23T23:15:19Z,4.419,11530.5,0.889,1944.4,0.069,628.8,0.452,454.9,0.375,118.1,31.86,24.89,0.00,0.00,26.80
2026-08-23T23:15:20Z,4.577,11544.2,0.867,1944.4,0.068,628.8,0.435,455.1,0.364,118.1,27.59,24.70,0.00,0.00,26.80
2026-08-23T23:15:21Z,4.462,11539.9,0.869,1944.4,0.069,628.8,0.437,454.9,0.365,118.0,32.53,33.36,0.00,0.00,26.80
2026-08-23T23:15:22Z,4.273,11539.4,0.860,1944.4,0.067,628.8,0.430,454.9,0.362,118.0,37.73,30.55,0.00,0.00,26.80
2026-08-23T23:15:23Z,4.291,11544.1,0.881,1944.4,0.067,628.8,0.442,455.1,0.362,118.0,43.82,30.68,0.00,0.00,26.58
2026-08-23T23:15:24Z,4.369,11520.7,0.870,1944.4,0.069,628.8,0.446,455.1,0.365,118.0,43.91,29.75,0.00,0.00,26.58
2026-08-23T23:15:25Z,5.162,11546.8,0.835,1944.4,0.066,628.8,0.432,454.9,0.362,118.1,34.56,25.96,0.00,0.00,26.58
2026-08-23T23:15:26Z,5.329,11543.7,0.808,1944.8,0.063,628.8,0.415,455.0,0.365,118.2,26.61,24.04,0.00,0.00,26.58
2026-08-23T23:15:28Z,5.562,11541.6,0.764,1944.6,0.064,628.8,0.439,455.3,0.349,118.2,17.78,78.76,0.00,0.00,27.81
2026-08-23T23:15:29Z,5.378,11522.5,0.840,1944.5,0.068,628.8,0.391,455.1,0.383,118.1,18.87,40.63,0.00,0.00,27.81
2026-08-23T23:15:30Z,4.946,11536.1,0.875,1944.8,0.068,628.8,0.443,455.3,0.365,118.2,29.35,52.63,0.00,0.00,27.81
2026-08-23T23:15:31Z,4.494,11525.6,0.883,1944.5,0.069,628.8,0.447,455.0,0.365,118.1,37.24,48.09,0.00,0.00,27.81
2026-08-23T23:15:32Z,4.225,11530.4,0.866,1944.5,0.070,628.8,0.443,455.1,0.372,118.2,40.00,37.07,0.00,0.00,27.81
2026-08-23T23:15:33Z,4.272,11532.3,0.873,1944.5,0.068,628.8,0.446,455.8,0.368,118.1,40.29,34.79,0.00,0.00,27.59
2026-08-23T23:15:34Z,4.696,11531.0,0.858,1944.5,0.069,628.8,0.445,455.3,0.363,118.1,34.63,32.39,0.00,0.00,27.59
2026-08-23T23:15:35Z,5.249,11521.2,0.851,1944.5,0.067,628.8,0.443,455.0,0.357,118.3,28.24,24.58,0.00,0.00,27.59
2026-08-23T23:15:36Z,5.192,11516.2,0.841,1944.4,0.068,628.8,0.422,455.6,0.362,118.1,27.23,23.59,0.00,0.00,27.59
2026-08-23T23:15:37Z,5.251,11519.7,0.865,1944.5,0.063,628.8,0.441,455.1,0.376,118.1,27.38,22.79,0.00,0.00,27.70
2026-08-23T23:15:39Z,4.516,11513.7,0.908,1944.5,0.068,628.8,0.457,455.3,0.382,118.1,34.23,24.28,0.00,0.00,27.70
2026-08-23T23:15:40Z,4.261,11514.5,0.874,1944.5,0.070,628.8,0.447,454.9,0.370,118.1,40.81,29.24,0.00,0.00,27.70
2026-08-23T23:15:41Z,4.236,11517.9,0.912,1944.4,0.069,629.1,0.443,455.0,0.362,118.1,41.79,30.88,0.00,0.00,27.70
2026-08-23T23:15:42Z,4.213,11521.7,0.902,1944.5,0.068,628.8,0.443,455.2,0.366,118.1,42.35,28.90,0.00,0.00,27.70
2026-08-23T23:15:43Z,4.237,11522.0,0.921,1944.4,0.069,628.8,0.445,455.2,0.368,118.1,36.60,32.72,0.00,0.00,27.16
2026-08-23T23:15:44Z,4.245,11524.7,0.909,1944.5,0.067,628.8,0.446,455.0,0.366,118.1,38.65,32.29,0.00,0.00,27.16
2026-08-23T23:15:45Z,4.272,11530.2,0.902,1944.4,0.068,629.1,0.435,455.0,0.368,118.3,40.73,34.00,0.00,0.00,27.16
2026-08-23T23:15:46Z,4.354,11510.3,0.934,1944.4,0.070,628.8,0.455,455.2,0.372,118.1,40.69,34.78,0.00,0.00,27.16
2026-08-23T23:15:47Z,5.159,11531.4,0.906,1944.5,0.066,628.8,0.446,455.0,0.374,118.1,76.80,28.08,0.00,0.00,27.16
2026-08-23T23:15:48Z,4.629,11512.7,0.955,1944.4,0.071,628.8,0.447,455.0,0.385,118.1,125.77,29.18,0.00,0.00,26.83
2026-08-23T23:15:49Z,4.714,11522.4,0.916,1944.4,0.068,628.8,0.444,455.0,0.368,118.1,90.99,33.15,0.00,0.00,26.83
2026-08-23T23:15:51Z,4.871,11515.5,0.899,1944.4,0.070,628.8,0.443,455.0,0.361,118.1,45.33,34.66,0.00,0.00,26.83
2026-08-23T23:15:52Z,4.766,11511.0,0.905,1944.4,0.065,628.8,0.446,455.4,0.369,118.1,34.19,28.39,0.00,0.00,26.83
2026-08-23T23:15:53Z,4.336,11519.6,0.919,1944.4,0.069,628.8,0.441,455.0,0.372,118.0,36.10,37.57,0.00,0.00,27.08
2026-08-23T23:15:54Z,4.381,11515.9,0.924,1944.5,0.071,628.8,0.442,455.2,0.363,118.1,29.65,36.51,0.00,0.00,27.08
2026-08-23T23:15:55Z,4.460,11504.5,0.919,1944.4,0.071,628.8,0.434,455.0,0.367,118.0,28.21,26.13,0.00,0.00,27.08
2026-08-23T23:15:56Z,4.279,11505.1,0.910,1944.4,0.066,628.8,0.444,455.0,0.366,118.0,35.95,28.91,0.00,0.00,27.08
2026-08-23T23:15:57Z,5.184,11493.6,0.837,1944.5,0.064,628.8,0.440,455.1,0.353,118.2,23.58,24.70,0.00,0.00,27.08
2026-08-23T23:15:58Z,4.733,11456.8,0.957,1944.5,0.068,628.8,0.466,455.1,0.395,118.1,27.75,47.93,0.00,0.00,26.28
2026-08-23T23:15:59Z,4.883,11466.7,0.942,1944.5,0.067,628.8,0.462,455.0,0.369,118.1,40.94,29.55,0.00,0.00,26.28
2026-08-23T23:16:00Z,4.827,11483.8,0.895,1944.5,0.071,628.8,0.451,455.1,0.372,118.1,46.15,34.29,0.00,0.00,26.28
2026-08-23T23:16:01Z,4.915,11496.9,0.910,1944.5,0.068,628.8,0.453,455.3,0.373,118.1,37.73,43.21,0.00,0.00,26.28
2026-08-23T23:16:03Z,4.644,11491.3,0.920,1944.5,0.069,628.8,0.447,455.3,0.366,118.1,49.63,42.25,0.00,0.00,25.93
2026-08-23T23:16:04Z,4.719,11489.7,0.884,1944.4,0.069,628.8,0.440,455.0,0.370,118.1,51.18,46.61,0.00,0.00,25.93
2026-08-23T23:16:05Z,4.923,11479.3,0.899,1944.4,0.069,628.8,0.446,455.0,0.372,118.1,45.48,43.78,0.00,0.00,25.93
2026-08-23T23:16:06Z,4.994,11468.3,0.918,1944.5,0.068,628.8,0.454,455.8,0.371,118.4,35.61,47.55,0.00,0.00,25.93
2026-08-23T23:16:07Z,5.340,11458.0,0.821,1944.4,0.067,628.8,0.436,455.1,0.362,118.2,33.60,33.63,0.00,0.00,25.93
2026-08-23T23:16:08Z,5.167,11478.7,0.912,1944.5,0.066,628.8,0.450,455.1,0.377,118.1,31.43,39.09,0.00,0.00,26.66
2026-08-23T23:16:09Z,4.829,11469.3,0.883,1944.5,0.069,628.8,0.440,455.1,0.374,118.1,46.19,37.49,0.00,0.00,26.66
2026-08-23T23:16:10Z,4.741,11479.4,0.890,1944.7,0.071,628.8,0.451,455.4,0.367,118.1,56.17,43.96,0.00,0.00,26.66
2026-08-23T23:16:11Z,4.713,11459.0,0.907,1944.5,0.070,628.8,0.449,455.1,0.372,118.1,55.44,44.58,0.00,0.00,26.66
2026-08-23T23:16:13Z,4.704,11460.5,0.913,1944.5,0.070,628.8,0.440,455.1,0.370,118.1,57.35,36.65,0.00,0.00,26.45
2026-08-23T23:16:14Z,4.720,11460.5,0.878,1944.5,0.066,628.8,0.437,455.6,0.373,118.1,41.38,28.23,0.00,0.00,26.45
2026-08-23T23:16:15Z,4.405,11485.0,0.945,1944.4,0.070,628.8,0.452,455.1,0.373,118.1,34.45,28.61,0.00,0.00,26.45
2026-08-23T23:16:16Z,4.335,11476.9,0.914,1944.4,0.069,628.8,0.439,455.1,0.365,118.1,29.66,28.15,0.00,0.00,26.45
2026-08-23T23:16:17Z,4.762,11486.7,0.883,1944.4,0.067,628.8,0.441,455.2,0.367,118.2,34.87,30.10,0.00,0.00,26.45
2026-08-23T23:16:18Z,5.171,11462.5,0.861,1944.5,0.067,628.8,0.441,455.3,0.360,118.1,28.85,20.26,0.00,0.00,26.49
2026-08-23T23:16:19Z,4.223,11492.9,0.905,1944.5,0.068,628.8,0.451,455.0,0.371,118.1,41.29,31.29,0.00,0.00,26.49
2026-08-23T23:16:20Z,4.256,11500.0,0.903,1944.4,0.067,628.8,0.446,455.0,0.366,118.1,46.05,29.38,0.00,0.00,26.49
2026-08-23T23:16:21Z,4.262,11501.4,0.906,1944.5,0.067,628.8,0.441,455.0,0.368,118.1,39.85,28.50,0.00,0.00,26.49
2026-08-23T23:16:22Z,4.161,11472.3,0.928,1944.5,0.068,629.1,0.450,455.0,0.370,118.0,40.18,25.75,0.00,0.00,27.25
2026-08-23T23:16:24Z,4.129,11467.6,0.908,1944.4,0.066,628.8,0.439,455.3,0.359,118.1,36.45,29.39,0.00,0.00,27.25
2026-08-23T23:16:25Z,4.270,11493.9,0.938,1944.5,0.068,628.8,0.445,455.0,0.367,118.1,37.17,25.14,0.00,0.00,27.25
2026-08-23T23:16:26Z,4.806,11486.0,0.932,1944.4,0.068,628.8,0.438,455.3,0.367,118.1,33.05,22.64,0.00,0.00,27.25
2026-08-23T23:16:27Z,5.173,11477.0,0.873,1944.5,0.065,628.8,0.436,455.1,0.364,118.2,25.25,17.13,0.00,0.00,27.25
2026-08-23T23:16:28Z,5.373,11500.4,0.894,1944.5,0.064,628.8,0.441,455.3,0.379,118.2,90.11,16.93,0.00,0.00,28.91
2026-08-23T23:16:29Z,5.126,11481.5,0.879,1944.5,0.068,628.8,0.446,455.0,0.361,118.1,123.52,29.28,0.00,0.00,28.91
2026-08-23T23:16:30Z,5.310,11484.4,0.876,1944.7,0.063,628.8,0.413,455.0,0.337,118.1,28.96,18.81,0.00,0.00,28.91
2026-08-23T23:16:31Z,4.615,11483.9,0.872,1944.5,0.066,629.1,0.439,455.0,0.361,118.1,37.19,27.32,0.00,0.00,28.91
2026-08-23T23:16:32Z,4.187,11461.8,0.877,1944.5,0.068,628.8,0.436,455.1,0.362,118.1,42.58,31.55,0.00,0.00,28.91
2026-08-23T23:16:33Z,4.201,11464.0,0.900,1944.5,0.068,628.8,0.440,455.3,0.370,118.1,42.55,31.75,0.00,0.00,28.60
2026-08-23T23:16:35Z,4.393,11493.4,0.883,1944.5,0.069,628.8,0.443,455.3,0.365,118.1,40.98,26.73,0.00,0.00,28.60
2026-08-23T23:16:36Z,4.475,11492.6,0.879,1944.4,0.068,628.8,0.439,455.0,0.365,118.0,39.87,28.67,0.00,0.00,28.60
2026-08-23T23:16:37Z,4.848,11469.9,0.875,1944.4,0.069,628.8,0.445,455.3,0.362,118.1,34.84,27.22,0.00,0.00,28.60
2026-08-23T23:16:38Z,5.086,11448.2,0.854,1944.4,0.065,628.8,0.426,455.0,0.362,118.1,28.67,21.12,0.00,0.00,28.23
2026-08-23T23:16:39Z,4.273,11475.9,0.884,1944.4,0.068,628.8,0.448,455.0,0.365,118.1,37.27,37.64,0.00,0.00,28.23
2026-08-23T23:16:40Z,4.214,11478.7,0.881,1944.4,0.067,628.8,0.445,455.2,0.361,118.0,37.92,36.40,0.00,0.00,28.23
2026-08-23T23:16:41Z,4.227,11482.5,0.914,1944.4,0.069,628.8,0.437,455.0,0.359,118.0,37.18,39.23,0.00,0.00,28.23
2026-08-23T23:16:42Z,4.196,11453.4,0.925,1944.4,0.069,628.8,0.452,455.5,0.376,118.3,34.48,29.21,0.00,0.00,28.23
2026-08-23T23:16:43Z,4.567,11466.8,0.897,1944.4,0.069,628.8,0.447,455.0,0.369,118.0,25.58,25.12,0.00,0.00,27.97
2026-08-23T23:16:44Z,4.302,11470.9,0.884,1944.4,0.068,628.8,0.442,455.1,0.370,118.1,37.48,36.00,0.00,0.00,27.97
2026-08-23T23:16:45Z,4.144,11473.3,0.883,1944.4,0.067,628.8,0.447,455.2,0.362,118.0,39.07,33.91,0.00,0.00,27.97
2026-08-23T23:16:47Z,4.653,11475.3,0.887,1944.4,0.067,628.8,0.432,455.3,0.367,118.2,29.04,30.30,0.00,0.00,27.97
2026-08-23T23:16:48Z,5.077,11460.4,0.896,1944.5,0.068,628.8,0.452,455.3,0.386,118.1,16.99,24.73,0.00,0.00,26.69
2026-08-23T23:16:49Z,4.432,11442.4,0.907,1944.5,0.070,628.8,0.451,455.0,0.369,118.1,33.69,26.48,0.00,0.00,26.69
2026-08-23T23:16:50Z,4.133,11470.9,0.914,1944.4,0.068,628.8,0.452,455.0,0.362,118.3,34.20,38.23,0.00,0.00,26.69
2026-08-23T23:16:51Z,4.176,11470.5,0.912,1944.5,0.070,628.8,0.450,455.0,0.372,118.6,34.77,29.92,0.00,0.00,26.69
2026-08-23T23:16:52Z,4.351,11471.8,0.896,1944.4,0.069,628.8,0.449,455.2,0.371,118.1,30.90,36.92,0.00,0.00,26.69
2026-08-23T23:16:53Z,4.411,11464.4,0.908,1944.4,0.068,628.8,0.445,455.0,0.366,118.3,27.70,40.20,0.00,0.00,26.64
2026-08-23T23:16:54Z,4.326,11467.2,0.851,1944.4,0.066,628.8,0.439,455.2,0.358,118.1,36.62,33.53,0.00,0.00,26.64
2026-08-23T23:16:55Z,4.403,11468.6,0.866,1944.5,0.069,628.8,0.446,455.0,0.373,118.1,34.33,35.18,0.00,0.00,26.64
2026-08-23T23:16:56Z,4.571,11469.3,0.843,1944.4,0.067,628.8,0.441,455.0,0.365,118.1,29.41,32.95,0.00,0.00,26.64
2026-08-23T23:16:58Z,5.333,11446.1,0.860,1944.6,0.060,628.8,0.425,455.4,0.369,118.2,23.92,21.04,0.00,0.00,25.47
2026-08-23T23:16:59Z,3.807,11447.9,0.860,1944.5,0.068,628.8,0.436,455.1,0.362,118.1,14.22,28.29,0.00,0.00,25.47
2026-08-23T23:17:00Z,3.603,11476.2,0.883,1944.4,0.068,628.8,0.437,455.1,0.363,118.1,12.98,39.31,0.00,0.00,25.47
2026-08-23T23:17:01Z,3.489,11472.8,0.874,1944.7,0.065,628.8,0.427,455.1,0.360,118.1,13.49,24.02,0.00,0.00,25.47
2026-08-23T23:17:02Z,3.639,11468.6,0.872,1944.5,0.067,628.8,0.446,455.3,0.373,118.0,12.67,24.53,0.00,0.00,25.47
2026-08-23T23:17:03Z,3.580,11464.8,0.879,1944.5,0.068,628.8,0.440,455.1,0.364,118.1,13.24,22.97,0.00,0.00,24.63
2026-08-23T23:17:04Z,3.685,11460.9,0.872,1944.5,0.067,628.8,0.440,455.6,0.371,118.3,13.43,26.05,0.00,0.00,24.63
2026-08-23T23:17:05Z,3.864,11458.8,0.884,1944.5,0.067,628.8,0.438,455.1,0.368,118.2,13.08,23.40,0.00,0.00,24.63
2026-08-23T23:17:06Z,4.009,11457.7,0.891,1944.5,0.070,628.8,0.454,455.1,0.379,118.1,12.13,21.03,0.00,0.00,24.63
2026-08-23T23:17:07Z,4.675,11473.1,0.837,1944.4,0.066,628.8,0.443,455.2,0.348,118.5,12.71,20.25,0.00,0.00,24.63
2026-08-23T23:17:08Z,4.180,11456.6,0.875,1944.5,0.064,628.8,0.451,455.1,0.376,118.2,13.34,22.47,0.00,0.00,24.82
2026-08-23T23:17:10Z,3.580,11457.6,0.879,1944.5,0.068,628.8,0.454,455.1,0.379,118.4,12.83,28.59,0.00,0.00,24.82
2026-08-23T23:17:11Z,3.560,11456.6,0.860,1944.5,0.067,628.8,0.439,455.3,0.359,118.1,13.98,31.59,0.00,0.00,24.82
2026-08-23T23:17:12Z,3.471,11455.0,0.837,1944.5,0.067,628.8,0.435,455.3,0.359,118.1,14.26,29.32,0.00,0.00,24.82
2026-08-23T23:17:13Z,3.452,11452.5,0.841,1944.5,0.066,628.8,0.434,455.3,0.355,118.2,13.32,29.95,0.00,0.00,23.47
2026-08-23T23:17:14Z,3.497,11453.1,0.840,1944.5,0.066,628.8,0.434,455.1,0.356,118.1,14.45,31.17,0.00,0.00,23.47
2026-08-23T23:17:15Z,3.441,11451.2,0.904,1944.7,0.066,628.8,0.434,455.1,0.361,118.1,13.98,30.94,0.00,0.00,23.47
2026-08-23T23:17:16Z,3.480,11451.6,0.882,1944.4,0.066,628.8,0.428,455.3,0.355,118.1,13.67,29.81,0.00,0.00,23.47
2026-08-23T23:17:17Z,4.755,11457.0,0.830,1944.5,0.064,628.8,0.433,455.1,0.357,118.2,12.41,23.25,0.00,0.00,23.47
2026-08-23T23:17:18Z,3.888,11447.2,0.891,1944.4,0.068,628.8,0.443,455.0,0.371,118.3,12.42,27.64,0.00,0.00,22.79
2026-08-23T23:17:19Z,3.504,11446.7,0.875,1944.4,0.068,628.8,0.433,455.0,0.368,118.3,12.64,29.25,0.00,0.00,22.79
2026-08-23T23:17:20Z,3.456,11445.3,0.872,1944.4,0.068,628.8,0.431,455.0,0.363,118.3,13.53,36.36,0.00,0.00,22.79
2026-08-23T23:17:21Z,3.501,11443.3,0.878,1944.4,0.065,628.8,0.423,455.0,0.355,118.0,14.38,28.15,0.00,0.00,22.79
2026-08-23T23:17:23Z,3.444,11440.3,0.873,1944.7,0.066,628.8,0.434,455.0,0.357,118.1,15.12,26.71,0.00,0.00,21.77
2026-08-23T23:17:24Z,3.503,11439.5,0.872,1944.4,0.068,628.8,0.435,455.0,0.357,118.0,14.22,30.61,0.00,0.00,21.77
2026-08-23T23:17:25Z,3.501,11437.3,0.879,1944.4,0.068,628.8,0.437,455.0,0.360,118.0,14.76,29.87,0.00,0.00,21.77
2026-08-23T23:17:26Z,4.338,11437.2,0.880,1944.4,0.067,628.8,0.447,455.0,0.364,118.0,14.78,25.63,0.00,0.00,21.77
2026-08-23T23:17:27Z,5.230,11452.0,0.833,1944.4,0.065,628.8,0.435,455.6,0.348,118.3,12.89,20.52,0.00,0.00,21.77
2026-08-23T23:17:28Z,5.289,11432.7,0.796,1944.5,0.066,628.8,0.451,455.1,0.373,118.1,13.31,17.77,0.00,0.00,22.51
2026-08-23T23:17:29Z,4.308,11460.1,0.868,1944.5,0.067,628.8,0.430,455.0,0.361,118.1,13.51,25.80,0.00,0.00,22.51
2026-08-23T23:17:30Z,3.619,11443.2,0.888,1944.4,0.067,628.8,0.441,455.0,0.367,118.0,15.37,51.84,0.00,0.00,22.51
2026-08-23T23:17:31Z,3.488,11458.9,0.868,1944.5,0.067,628.8,0.439,455.3,0.359,118.0,14.99,44.75,0.00,0.00,22.51
2026-08-23T23:17:32Z,3.493,11446.7,0.880,1944.5,0.066,628.8,0.422,455.3,0.359,118.1,14.67,46.23,0.00,0.00,22.51
2026-08-23T23:17:33Z,3.566,11462.2,0.869,1944.5,0.066,628.8,0.431,455.0,0.358,118.1,14.72,45.69,0.00,0.00,21.43
2026-08-23T23:17:35Z,3.765,11448.3,0.874,1944.7,0.066,629.1,0.433,455.1,0.362,118.1,16.04,42.26,0.00,0.00,21.43
2026-08-23T23:17:36Z,3.846,11436.7,0.889,1944.7,0.066,628.8,0.442,455.0,0.366,118.0,15.10,49.78,0.00,0.00,21.43
2026-08-23T23:17:37Z,4.253,11428.2,0.861,1944.9,0.068,628.8,0.431,455.3,0.351,118.1,13.96,32.98,0.00,0.00,21.43
2026-08-23T23:17:38Z,4.417,11444.6,0.857,1944.5,0.065,628.8,0.435,455.3,0.367,118.1,14.39,26.24,0.00,0.00,20.03
2026-08-23T23:17:39Z,3.508,11451.1,0.868,1944.5,0.066,628.8,0.425,455.2,0.355,118.0,15.07,33.46,0.00,0.00,20.03
2026-08-23T23:17:40Z,3.517,11452.4,0.874,1944.4,0.066,628.8,0.437,455.0,0.365,118.1,15.00,29.61,0.00,0.00,20.03
2026-08-23T23:17:41Z,3.514,11428.3,0.883,1944.4,0.066,628.8,0.440,455.0,0.354,118.1,16.16,34.96,0.00,0.00,20.03
2026-08-23T23:17:42Z,3.459,11428.1,0.895,1944.5,0.067,628.8,0.430,455.3,0.360,118.1,15.13,25.39,0.00,0.00,20.03
2026-08-23T23:17:43Z,3.489,11424.7,0.893,1944.4,0.067,628.8,0.437,455.5,0.361,118.0,14.30,23.68,0.00,0.00,18.75
2026-08-23T23:17:44Z,3.465,11423.1,0.857,1944.4,0.065,628.8,0.423,455.2,0.352,118.0,15.55,27.67,0.00,0.00,18.75
2026-08-23T23:17:45Z,3.417,11422.8,0.867,1944.5,0.066,628.8,0.429,455.3,0.354,118.0,15.46,29.05,0.00,0.00,18.75
2026-08-23T23:17:46Z,3.698,11440.0,0.860,1944.4,0.066,628.8,0.428,455.2,0.360,118.0,15.36,31.45,0.00,0.00,18.75
2026-08-23T23:17:48Z,4.881,11428.2,0.827,1944.5,0.065,628.8,0.445,455.3,0.371,118.3,14.49,22.82,0.00,0.00,17.89
2026-08-23T23:17:49Z,3.705,11434.4,0.903,1944.5,0.066,628.8,0.436,455.0,0.360,118.1,16.73,32.28,0.00,0.00,17.89
2026-08-23T23:17:50Z,3.521,11437.8,0.883,1944.4,0.065,628.8,0.427,455.0,0.359,118.1,15.36,31.96,0.00,0.00,17.89
2026-08-23T23:17:51Z,3.466,11444.6,0.871,1944.7,0.067,628.8,0.425,455.0,0.349,118.0,15.96,41.95,0.00,0.00,17.89
2026-08-23T23:17:52Z,3.439,11420.3,0.873,1944.5,0.067,628.8,0.428,455.0,0.355,118.1,15.30,31.42,0.00,0.00,17.89
2026-08-23T23:17:53Z,3.496,11425.9,0.869,1944.4,0.065,628.8,0.426,455.5,0.348,118.0,14.85,34.85,0.00,0.00,16.93
2026-08-23T23:17:54Z,3.477,11431.7,0.872,1944.4,0.066,628.8,0.432,455.0,0.356,118.0,14.93,34.21,0.00,0.00,16.93
2026-08-23T23:17:55Z,3.530,11436.0,0.867,1944.4,0.068,628.8,0.442,455.0,0.365,118.0,14.51,33.52,0.00,0.00,16.93
2026-08-23T23:17:56Z,3.674,11415.2,0.862,1944.4,0.066,628.8,0.433,455.2,0.357,118.0,14.05,30.99,0.00,0.00,16.93
2026-08-23T23:17:57Z,5.224,11405.7,0.811,1944.4,0.064,628.8,0.438,455.3,0.348,118.1,15.45,33.36,0.00,0.00,16.93
2026-08-23T23:17:58Z,4.626,11420.9,0.865,1944.4,0.067,628.8,0.443,455.0,0.363,118.0,26.77,38.55,0.00,0.00,17.50
2026-08-23T23:18:00Z,4.532,11411.1,0.851,1944.4,0.068,628.8,0.436,455.2,0.360,118.1,28.11,36.83,0.00,0.00,17.50
2026-08-23T23:18:01Z,4.316,11414.0,0.889,1944.4,0.067,628.8,0.444,455.2,0.369,118.1,31.20,45.14,0.00,0.00,17.50
2026-08-23T23:18:02Z,4.306,11419.4,0.864,1944.4,0.068,628.8,0.432,455.0,0.366,118.1,31.53,44.86,0.00,0.00,17.50
2026-08-23T23:18:03Z,4.501,11425.5,0.877,1944.5,0.069,629.1,0.438,455.2,0.371,118.1,26.84,36.50,0.00,0.00,17.06
2026-08-23T23:18:04Z,4.332,11410.6,0.864,1944.4,0.066,628.8,0.432,455.3,0.360,118.1,31.63,40.97,0.00,0.00,17.06
2026-08-23T23:18:05Z,4.360,11422.6,0.874,1944.4,0.068,628.8,0.440,455.0,0.366,118.0,35.36,37.55,0.00,0.00,17.06
2026-08-23T23:18:06Z,4.373,11419.0,0.877,1944.4,0.069,628.8,0.450,455.2,0.374,118.0,37.55,39.77,0.00,0.00,17.06
2026-08-23T23:18:07Z,5.147,11409.6,0.844,1944.5,0.066,628.8,0.452,455.0,0.362,118.1,28.71,29.59,0.00,0.00,17.06
2026-08-23T23:18:08Z,4.308,11403.1,0.863,1944.5,0.066,628.8,0.436,455.3,0.364,118.1,43.85,32.97,0.00,0.00,17.21
2026-08-23T23:18:09Z,4.206,11411.1,0.851,1944.5,0.068,628.8,0.442,455.0,0.363,118.0,40.19,48.26,0.00,0.00,17.21
2026-08-23T23:18:11Z,4.305,11405.1,0.860,1944.4,0.069,628.8,0.435,455.5,0.364,118.0,32.44,43.50,0.00,0.00,17.21
2026-08-23T23:18:12Z,4.092,11405.3,0.869,1944.4,0.066,628.8,0.454,454.9,0.367,118.0,42.45,40.39,0.00,0.00,17.21
2026-08-23T23:18:13Z,4.103,11420.0,0.852,1944.4,0.067,628.8,0.437,455.1,0.356,118.1,43.15,32.82,0.00,0.00,16.80
2026-08-23T23:18:14Z,4.144,11433.2,0.854,1944.4,0.068,628.8,0.444,455.2,0.361,118.0,42.74,32.01,0.00,0.00,16.80
2026-08-23T23:18:15Z,4.803,11448.3,0.873,1944.4,0.070,628.8,0.443,454.9,0.364,118.0,41.68,33.00,0.00,0.00,16.80
2026-08-23T23:18:16Z,4.794,11469.2,0.864,1944.5,0.069,628.8,0.447,454.9,0.371,118.3,44.21,37.52,0.00,0.00,16.80
2026-08-23T23:18:17Z,5.333,11469.3,0.793,1944.6,0.067,628.8,0.429,455.2,0.349,118.1,35.55,33.10,0.00,0.00,16.80
2026-08-23T23:18:18Z,4.885,11486.1,0.836,1944.6,0.065,628.8,0.459,454.9,0.379,118.1,43.68,40.64,0.00,0.00,18.49
2026-08-23T23:18:19Z,4.779,11496.7,0.851,1944.6,0.069,628.8,0.443,455.2,0.367,118.1,48.58,50.81,0.00,0.00,18.49
2026-08-23T23:18:20Z,4.807,11471.7,0.859,1944.6,0.069,628.8,0.463,454.9,0.373,118.0,56.00,48.61,0.00,0.00,18.49
2026-08-23T23:18:21Z,4.797,11495.0,0.867,1944.6,0.066,628.8,0.434,454.9,0.359,118.1,44.08,59.57,0.00,0.00,18.49
2026-08-23T23:18:23Z,4.773,11522.8,0.856,1944.6,0.068,628.8,0.444,454.9,0.373,118.0,52.88,47.31,0.00,0.00,18.70
2026-08-23T23:18:24Z,4.690,11532.4,0.841,1944.6,0.068,628.8,0.442,454.9,0.370,118.3,64.51,46.43,0.00,0.00,18.70
2026-08-23T23:18:25Z,4.647,11536.6,0.859,1944.8,0.070,628.8,0.454,455.2,0.376,118.1,61.91,43.07,0.00,0.00,18.70
2026-08-23T23:18:26Z,4.767,11538.8,0.861,1944.6,0.069,629.1,0.450,455.0,0.368,118.1,62.24,46.84,0.00,0.00,18.70
2026-08-23T23:18:27Z,5.407,11531.9,0.819,1944.6,0.065,628.8,0.433,455.2,0.376,118.1,45.60,51.09,0.00,0.00,18.70
2026-08-23T23:18:28Z,5.487,11535.4,0.768,1944.7,0.062,628.8,0.423,455.0,0.339,118.1,45.92,31.41,0.00,0.00,20.40
2026-08-23T23:18:29Z,5.200,11542.7,0.849,1944.7,0.066,628.8,0.459,455.0,0.382,118.1,44.43,34.63,0.00,0.00,20.40
2026-08-23T23:18:30Z,5.025,11553.0,0.838,1944.6,0.070,628.8,0.443,455.0,0.365,118.1,48.24,40.74,0.00,0.00,20.40
2026-08-23T23:18:31Z,5.058,11545.3,0.842,1944.7,0.068,628.8,0.434,455.5,0.366,118.1,59.01,40.80,0.00,0.00,20.40
2026-08-23T23:18:33Z,5.121,11556.4,0.832,1944.7,0.067,628.8,0.439,455.0,0.359,118.1,47.32,35.15,0.00,0.00,21.33
2026-08-23T23:18:34Z,4.808,11573.4,0.859,1944.7,0.070,628.8,0.455,455.2,0.379,118.1,50.96,35.49,0.00,0.00,21.33
2026-08-23T23:18:35Z,4.859,11581.7,0.857,1944.6,0.069,628.8,0.445,455.0,0.371,118.1,43.57,37.17,0.00,0.00,21.33
2026-08-23T23:18:36Z,4.910,11565.3,0.843,1944.6,0.070,628.8,0.440,455.2,0.366,118.1,47.73,37.96,0.00,0.00,21.33
2026-08-23T23:18:37Z,5.159,11575.2,0.818,1944.6,0.065,628.8,0.438,455.3,0.369,118.1,42.14,35.62,0.00,0.00,21.33
2026-08-23T23:18:38Z,5.147,11581.8,0.825,1944.8,0.063,628.8,0.447,455.0,0.382,118.4,51.79,26.93,0.00,0.00,22.75
2026-08-23T23:18:39Z,4.695,11586.7,0.859,1944.7,0.069,628.8,0.444,455.5,0.369,118.2,65.24,37.35,0.00,0.00,22.75
2026-08-23T23:18:40Z,4.666,11590.8,0.849,1944.9,0.070,628.8,0.446,455.2,0.376,118.1,64.91,36.84,0.00,0.00,22.75
2026-08-23T23:18:41Z,4.657,11593.8,0.873,1944.7,0.072,628.8,0.458,455.0,0.377,118.1,65.90,35.90,0.00,0.00,22.75
2026-08-23T23:18:42Z,4.690,11590.6,0.856,1944.7,0.069,628.8,0.451,454.9,0.371,118.1,60.25,40.59,0.00,0.00,22.45
2026-08-23T23:18:44Z,4.675,11593.9,0.837,1944.8,0.070,628.8,0.443,455.0,0.373,118.6,67.36,35.63,0.00,0.00,22.45
2026-08-23T23:18:45Z,4.617,11594.2,0.871,1944.8,0.070,628.8,0.453,455.0,0.370,118.1,66.83,32.00,0.00,0.00,22.45
2026-08-23T23:18:46Z,4.873,11612.7,0.833,1944.8,0.067,628.8,0.442,455.0,0.359,118.1,54.71,29.16,0.00,0.00,22.45
2026-08-23T23:18:47Z,5.009,11610.2,0.853,1944.9,0.066,628.8,0.459,455.0,0.371,118.1,59.60,28.92,0.00,0.00,22.45
2026-08-23T23:18:48Z,5.223,11597.4,0.863,1945.1,0.067,628.8,0.465,455.0,0.377,118.9,40.63,16.45,0.00,0.00,22.65
2026-08-23T23:18:49Z,4.693,11593.8,0.847,1945.0,0.068,628.8,0.443,455.0,0.356,118.1,62.30,30.95,0.00,0.00,22.65
2026-08-23T23:18:50Z,4.730,11607.8,0.954,1945.0,0.068,628.8,0.437,455.0,0.370,118.3,50.39,32.30,0.00,0.00,22.65
2026-08-23T23:18:51Z,4.726,11628.3,0.898,1945.0,0.068,628.8,0.455,455.0,0.379,118.0,57.48,31.08,0.00,0.00,22.65
2026-08-23T23:18:52Z,4.674,11616.8,0.874,1944.9,0.069,628.8,0.441,455.0,0.366,118.1,56.36,35.50,0.00,0.00,22.65
2026-08-23T23:18:53Z,4.794,11604.4,0.895,1945.0,0.069,628.8,0.443,454.9,0.369,118.1,54.24,32.15,0.00,0.00,22.52
2026-08-23T23:18:55Z,4.781,11605.3,0.892,1944.9,0.070,628.8,0.445,454.9,0.362,118.0,43.79,28.38,0.00,0.00,22.52
2026-08-23T23:18:56Z,4.285,11615.2,0.885,1945.2,0.069,628.8,0.449,455.0,0.372,118.0,40.08,29.33,0.00,0.00,22.52
2026-08-23T23:18:57Z,4.491,11638.4,0.881,1945.0,0.068,628.8,0.440,455.0,0.367,118.0,40.03,27.13,0.00,0.00,22.52
2026-08-23T23:18:58Z,5.182,11624.0,0.879,1945.1,0.062,628.8,0.445,455.0,0.367,118.1,27.66,18.10,0.00,0.00,23.52
2026-08-23T23:18:59Z,4.591,11623.7,0.884,1945.0,0.067,628.8,0.442,455.2,0.372,118.1,34.00,22.75,0.00,0.00,23.52
2026-08-23T23:19:00Z,5.182,11620.7,0.855,1945.1,0.067,628.8,0.429,455.0,0.358,118.1,14.85,22.30,0.00,0.00,23.52
2026-08-23T23:19:01Z,5.187,11614.9,0.856,1945.0,0.068,628.8,0.430,454.9,0.364,118.1,13.58,20.48,0.00,0.00,23.52
2026-08-23T23:19:02Z,4.606,11585.1,0.865,1945.1,0.064,628.8,0.430,455.2,0.354,118.0,14.86,37.00,0.00,0.00,23.52
2026-08-23T23:19:03Z,3.447,11610.6,0.862,1945.1,0.066,628.8,0.422,455.2,0.355,118.0,15.85,28.44,0.00,0.00,22.52
2026-08-23T23:19:04Z,3.626,11638.1,0.883,1945.1,0.067,628.8,0.424,455.0,0.354,118.0,14.32,30.45,0.00,0.00,22.52
2026-08-23T23:19:05Z,3.838,11635.6,0.874,1945.1,0.067,628.8,0.423,455.2,0.352,118.0,14.57,29.40,0.00,0.00,22.52
2026-08-23T23:19:07Z,4.001,11638.5,0.894,1945.1,0.067,628.8,0.446,454.9,0.365,118.1,13.34,27.04,0.00,0.00,22.52
2026-08-23T23:19:08Z,5.026,11623.5,0.881,1945.1,0.071,628.8,0.448,455.2,0.370,118.1,11.92,23.87,0.00,0.00,21.67
2026-08-23T23:19:09Z,3.717,11650.7,0.903,1945.1,0.068,628.8,0.441,454.9,0.377,118.1,14.00,28.70,0.00,0.00,21.67
2026-08-23T23:19:10Z,3.420,11646.8,0.859,1945.1,0.065,628.8,0.428,454.9,0.358,118.0,15.06,30.21,0.00,0.00,21.67
2026-08-23T23:19:11Z,3.514,11640.3,0.889,1945.1,0.069,628.8,0.442,454.9,0.365,118.1,15.59,24.57,0.00,0.00,21.67
2026-08-23T23:19:12Z,3.405,11633.7,0.855,1945.1,0.066,628.8,0.431,455.1,0.357,118.0,15.17,26.05,0.00,0.00,21.67
2026-08-23T23:19:13Z,3.366,11626.0,0.844,1945.3,0.065,628.8,0.425,455.2,0.351,118.0,14.47,33.70,0.00,0.00,21.70
2026-08-23T23:19:14Z,3.444,11651.1,0.870,1945.1,0.068,628.8,0.434,454.9,0.358,118.3,15.27,25.25,0.00,0.00,21.70
2026-08-23T23:19:15Z,3.470,11644.3,0.868,1945.1,0.067,628.8,0.435,454.9,0.360,118.2,14.68,27.73,0.00,0.00,21.70
2026-08-23T23:19:16Z,3.424,11642.0,0.876,1945.1,0.065,628.8,0.433,454.9,0.359,118.0,13.96,28.77,0.00,0.00,21.70
2026-08-23T23:19:17Z,4.910,11632.8,0.856,1945.1,0.065,628.8,0.435,455.1,0.360,118.0,13.74,21.55,0.00,0.00,22.12
2026-08-23T23:19:19Z,3.557,11626.4,0.868,1945.1,0.067,628.8,0.434,454.9,0.362,118.0,14.50,24.56,0.00,0.00,22.12
2026-08-23T23:19:20Z,3.439,11650.9,0.909,1945.1,0.068,628.8,0.430,455.6,0.362,118.0,14.12,24.09,0.00,0.00,22.12
2026-08-23T23:19:21Z,3.422,11642.7,0.890,1945.1,0.067,628.8,0.444,455.0,0.371,118.5,13.45,20.46,0.00,0.00,22.12
2026-08-23T23:19:22Z,3.388,11635.0,0.883,1945.1,0.064,628.8,0.424,455.1,0.352,118.2,14.37,24.44,0.00,0.00,22.12
2026-08-23T23:19:23Z,3.340,11627.6,1.010,1945.4,0.064,628.8,0.426,455.1,0.359,118.2,14.11,32.10,0.00,0.00,21.39
2026-08-23T23:19:24Z,3.434,11620.1,0.900,1945.4,0.066,628.8,0.422,455.2,0.356,118.5,13.66,25.43,0.00,0.00,21.39
2026-08-23T23:19:25Z,3.483,11644.3,0.904,1945.5,0.067,628.8,0.418,455.1,0.357,118.2,14.07,25.62,0.00,0.00,21.39
2026-08-23T23:19:26Z,3.961,11638.2,0.916,1945.7,0.067,628.8,0.442,455.4,0.374,118.3,13.64,23.65,0.00,0.00,21.39
2026-08-23T23:19:27Z,5.193,11647.3,0.839,1945.5,0.065,628.8,0.413,455.4,0.347,118.3,12.81,18.20,0.00,0.00,21.39
2026-08-23T23:19:28Z,4.886,11624.0,0.882,1945.5,0.064,628.8,0.449,455.4,0.381,118.3,13.45,18.52,0.00,0.00,21.36
2026-08-23T23:19:29Z,4.321,11649.8,0.887,1945.5,0.064,628.8,0.422,455.1,0.352,118.2,13.84,24.71,0.00,0.00,21.36
2026-08-23T23:19:31Z,4.169,11650.7,0.870,1945.4,0.067,628.8,0.427,455.4,0.359,118.2,15.60,29.09,0.00,0.00,21.36
2026-08-23T23:19:32Z,3.488,11652.5,0.905,1945.4,0.068,628.8,0.442,455.1,0.361,118.2,15.37,32.72,0.00,0.00,21.36
2026-08-23T23:19:33Z,3.398,11654.0,0.866,1945.4,0.065,628.8,0.421,455.1,0.352,118.2,16.63,40.47,0.00,0.00,20.53
2026-08-23T23:19:34Z,3.495,11651.1,0.885,1945.4,0.066,628.8,0.423,455.1,0.353,118.1,15.33,39.48,0.00,0.00,20.53
2026-08-23T23:19:35Z,3.737,11650.2,0.906,1945.3,0.066,628.8,0.440,455.3,0.362,118.1,13.88,30.79,0.00,0.00,20.53
2026-08-23T23:19:36Z,3.752,11647.9,0.876,1945.4,0.066,628.8,0.425,455.9,0.359,118.1,13.28,31.00,0.00,0.00,20.53
2026-08-23T23:19:37Z,4.595,11633.7,0.856,1945.4,0.066,628.8,0.428,455.3,0.348,118.4,13.83,26.77,0.00,0.00,20.53
2026-08-23T23:19:38Z,4.041,11650.2,0.881,1945.5,0.066,628.8,0.440,455.2,0.362,118.1,14.21,33.96,0.00,0.00,20.81
2026-08-23T23:19:39Z,3.473,11656.0,0.870,1945.5,0.066,628.8,0.423,454.9,0.356,118.0,14.72,40.82,0.00,0.00,20.81
2026-08-23T23:19:40Z,3.448,11633.9,0.875,1945.4,0.066,628.8,0.422,455.2,0.356,118.1,15.30,43.49,0.00,0.00,20.81
2026-08-23T23:19:41Z,3.381,11628.6,0.867,1945.4,0.065,628.8,0.422,454.9,0.350,118.3,14.22,28.88,0.00,0.00,20.81
2026-08-23T23:19:43Z,3.394,11651.5,0.869,1945.4,0.066,628.8,0.426,455.2,0.347,118.0,15.01,24.80,0.00,0.00,20.50
2026-08-23T23:19:44Z,3.372,11642.4,0.868,1945.4,0.065,628.8,0.428,454.9,0.352,118.0,14.42,29.98,0.00,0.00,20.50
2026-08-23T23:19:45Z,3.418,11633.3,0.881,1945.6,0.067,628.8,0.427,454.9,0.357,118.0,14.16,23.73,0.00,0.00,20.50
2026-08-23T23:19:46Z,3.427,11625.8,0.882,1945.4,0.065,628.8,0.422,454.9,0.351,118.0,14.41,25.19,0.00,0.00,20.50
2026-08-23T23:19:47Z,4.167,11635.1,0.829,1945.4,0.067,628.8,0.416,455.0,0.348,118.1,13.10,22.19,0.00,0.00,20.50
2026-08-23T23:19:48Z,4.189,11646.1,0.880,1946.0,0.065,629.1,0.439,455.0,0.360,118.1,14.03,24.13,0.00,0.00,20.30
2026-08-23T23:19:49Z,3.444,11644.1,0.868,1945.5,0.066,628.8,0.423,455.2,0.354,118.1,13.85,29.74,0.00,0.00,20.30
2026-08-23T23:19:50Z,3.384,11640.1,0.872,1945.4,0.065,628.8,0.422,454.9,0.352,118.1,13.10,29.61,0.00,0.00,20.30
2026-08-23T23:19:51Z,3.685,11641.6,0.916,1945.4,0.068,628.8,0.433,454.9,0.359,118.0,15.34,33.24,0.00,0.00,20.30
2026-08-23T23:19:52Z,3.411,11639.9,0.899,1945.4,0.066,628.8,0.435,455.2,0.350,118.0,13.69,28.06,0.00,0.00,20.30
2026-08-23T23:19:53Z,3.410,11637.7,0.875,1945.4,0.063,628.8,0.412,454.9,0.343,118.0,13.10,35.67,0.00,0.00,20.68
2026-08-23T23:19:54Z,3.639,11615.1,0.883,1945.4,0.068,628.8,0.430,455.2,0.361,118.0,13.93,26.26,0.00,0.00,20.68
2026-08-23T23:19:56Z,4.720,11638.6,0.876,1945.4,0.067,628.8,0.434,455.0,0.366,118.1,24.17,24.03,0.00,0.00,20.68
2026-08-23T23:19:57Z,4.763,11570.3,0.867,1945.4,0.066,628.8,0.426,455.0,0.355,118.0,22.97,28.04,0.00,0.00,20.68
2026-08-23T23:19:58Z,5.315,11601.3,0.883,1945.5,0.064,628.8,0.437,455.0,0.373,118.1,20.26,28.64,0.00,0.00,21.67
2026-08-23T23:19:59Z,4.451,11629.6,0.872,1945.6,0.067,628.8,0.436,455.2,0.359,118.1,27.70,39.01,0.00,0.00,21.67
2026-08-23T23:20:00Z,4.551,11620.5,0.875,1945.5,0.069,628.8,0.450,455.0,0.369,118.1,21.61,39.78,0.00,0.00,21.67
2026-08-23T23:20:01Z,4.445,11648.6,0.902,1945.6,0.071,628.8,0.450,455.0,0.373,118.1,29.52,38.86,0.00,0.00,21.67
2026-08-23T23:20:02Z,4.383,11627.4,0.922,1945.5,0.072,628.8,0.455,455.4,0.372,118.1,34.41,44.12,0.00,0.00,21.67
2026-08-23T23:20:03Z,4.130,11624.9,0.883,1945.5,0.067,628.8,0.441,455.2,0.362,118.1,42.66,64.42,0.00,0.00,20.89
2026-08-23T23:20:04Z,4.275,11646.9,0.920,1945.6,0.067,628.8,0.443,455.0,0.370,118.1,41.08,60.79,0.00,0.00,20.89
2026-08-23T23:20:05Z,4.602,11654.9,0.904,1945.5,0.068,628.8,0.447,455.0,0.365,118.0,33.85,43.77,0.00,0.00,20.89
2026-08-23T23:20:07Z,4.763,11638.4,0.901,1945.6,0.066,628.8,0.448,455.3,0.369,118.1,23.58,23.95,0.00,0.00,20.89
2026-08-23T23:20:08Z,5.061,11636.0,0.892,1945.5,0.063,628.8,0.423,455.9,0.369,118.1,26.21,18.03,0.00,0.00,20.58
2026-08-23T23:20:09Z,4.316,11657.1,0.882,1945.5,0.070,628.8,0.449,455.7,0.378,118.3,34.19,33.41,0.00,0.00,20.58
2026-08-23T23:20:10Z,4.333,11652.2,0.889,1945.5,0.068,628.8,0.433,455.7,0.355,118.1,31.03,39.14,0.00,0.00,20.58
2026-08-23T23:20:11Z,4.441,11642.5,0.886,1945.5,0.068,628.8,0.445,455.2,0.367,118.1,30.85,39.34,0.00,0.00,20.58
2026-08-23T23:20:12Z,4.357,11635.1,0.891,1945.5,0.067,628.8,0.445,455.1,0.365,118.0,33.91,38.77,0.00,0.00,20.58
2026-08-23T23:20:13Z,4.190,11660.0,0.883,1945.5,0.068,628.8,0.437,455.2,0.369,118.1,41.43,31.81,0.00,0.00,20.29
2026-08-23T23:20:14Z,4.118,11621.4,0.897,1945.6,0.067,628.8,0.437,455.4,0.364,118.1,44.48,36.98,0.00,0.00,20.29
2026-08-23T23:20:15Z,4.179,11649.4,0.895,1945.6,0.069,628.8,0.446,455.2,0.371,118.1,40.40,33.28,0.00,0.00,20.29
2026-08-23T23:20:16Z,4.367,11651.9,0.893,1945.6,0.069,628.8,0.447,454.9,0.372,118.0,37.24,32.54,0.00,0.00,20.29
2026-08-23T23:20:18Z,5.208,11626.9,0.919,1945.6,0.066,628.8,0.461,455.2,0.369,118.1,27.39,24.64,0.00,0.00,20.91
2026-08-23T23:20:19Z,4.353,11651.3,0.886,1945.6,0.070,628.8,0.448,454.9,0.371,118.1,38.25,38.86,0.00,0.00,20.91
2026-08-23T23:20:20Z,4.231,11629.1,0.903,1945.6,0.069,628.8,0.453,455.2,0.371,118.0,40.83,39.94,0.00,0.00,20.91
2026-08-23T23:20:21Z,4.200,11658.7,0.906,1945.5,0.067,628.8,0.444,454.9,0.370,118.3,40.22,37.26,0.00,0.00,20.91
2026-08-23T23:20:22Z,4.206,11652.8,0.915,1945.6,0.068,628.8,0.448,454.9,0.377,118.1,38.79,32.27,0.00,0.00,20.91
2026-08-23T23:20:23Z,4.236,11648.9,0.907,1945.5,0.071,628.8,0.439,455.0,0.371,118.0,38.85,34.97,0.00,0.00,20.12
2026-08-23T23:20:24Z,4.159,11641.5,0.964,1945.5,0.067,628.8,0.453,455.2,0.369,118.1,36.86,39.05,0.00,0.00,20.12
2026-08-23T23:20:25Z,4.638,11626.3,0.920,1945.6,0.070,628.8,0.450,455.2,0.374,118.1,31.23,27.20,0.00,0.00,20.12
2026-08-23T23:20:26Z,5.158,11639.8,0.929,1945.5,0.063,628.8,0.448,455.4,0.369,118.1,24.82,26.12,0.00,0.00,20.12
2026-08-23T23:20:27Z,5.413,11622.1,0.881,1945.7,0.064,628.8,0.435,455.2,0.366,118.2,23.51,24.31,0.00,0.00,22.35
2026-08-23T23:20:29Z,5.369,11626.6,0.901,1945.7,0.064,628.8,0.444,455.2,0.377,118.2,23.04,24.58,0.00,0.00,22.35
2026-08-23T23:20:30Z,5.075,11644.2,0.886,1945.7,0.071,628.8,0.451,455.1,0.379,118.1,29.23,30.35,0.00,0.00,22.35
2026-08-23T23:20:31Z,4.699,11637.4,0.929,1945.8,0.070,628.8,0.450,455.7,0.374,118.2,36.95,31.20,0.00,0.00,22.35
2026-08-23T23:20:32Z,4.333,11632.4,0.926,1945.7,0.069,628.8,0.441,455.1,0.375,118.1,36.86,33.02,0.00,0.00,22.35
2026-08-23T23:20:33Z,4.184,11630.7,0.921,1945.8,0.070,629.1,0.444,455.2,0.364,118.2,40.42,34.08,0.00,0.00,22.24
2026-08-23T23:20:34Z,4.308,11631.4,0.914,1945.8,0.069,628.8,0.449,455.4,0.369,118.1,42.22,43.83,0.00,0.00,22.24
2026-08-23T23:20:35Z,5.097,11648.9,0.881,1945.7,0.067,628.8,0.427,455.6,0.366,118.4,25.55,42.87,0.00,0.00,22.24
2026-08-23T23:20:36Z,5.116,11660.3,0.883,1945.7,0.070,628.8,0.435,455.1,0.370,118.1,24.83,32.44,0.00,0.00,22.24
2026-08-23T23:20:37Z,5.331,11639.6,0.897,1945.7,0.062,628.8,0.432,455.1,0.356,118.2,27.39,23.37,0.00,0.00,22.24
2026-08-23T23:20:38Z,4.449,11638.4,0.926,1945.9,0.069,628.8,0.448,455.0,0.374,118.1,36.26,38.91,0.00,0.00,23.02
2026-08-23T23:20:40Z,4.365,11663.6,0.913,1945.7,0.070,628.8,0.456,455.0,0.373,118.1,33.65,42.88,0.00,0.00,23.02
2026-08-23T23:20:41Z,4.572,11650.0,0.894,1945.7,0.066,628.8,0.444,455.2,0.364,118.4,28.74,35.22,0.00,0.00,23.02
2026-08-23T23:20:42Z,4.299,11646.4,0.920,1945.7,0.070,628.8,0.452,454.9,0.373,118.1,36.10,40.32,0.00,0.00,23.02
2026-08-23T23:20:43Z,4.258,11642.3,0.898,1945.7,0.067,628.8,0.439,455.4,0.365,118.1,35.98,37.60,0.00,0.00,21.82
2026-08-23T23:20:44Z,4.007,11642.8,0.881,1945.7,0.066,628.8,0.427,454.9,0.352,118.1,17.82,27.54,0.00,0.00,21.82
2026-08-23T23:20:45Z,3.465,11666.4,0.900,1945.9,0.067,628.8,0.430,454.9,0.363,118.1,13.55,33.71,0.00,0.00,21.82
2026-08-23T23:20:46Z,3.427,11659.2,0.881,1945.6,0.067,628.8,0.431,454.9,0.358,118.0,13.40,26.67,0.00,0.00,21.82
2026-08-23T23:20:47Z,4.407,11663.5,0.895,1945.6,0.065,628.8,0.428,455.0,0.358,118.2,12.65,26.41,0.00,0.00,21.82
2026-08-23T23:20:48Z,4.394,11648.6,0.890,1945.7,0.065,628.8,0.446,454.9,0.366,118.3,12.36,23.95,0.00,0.00,22.23
2026-08-23T23:20:49Z,3.449,11645.1,0.901,1945.7,0.067,628.8,0.428,455.0,0.355,118.1,13.43,31.35,0.00,0.00,22.23
2026-08-23T23:20:50Z,3.439,11641.3,0.908,1945.7,0.067,628.8,0.436,455.2,0.359,118.0,13.04,29.63,0.00,0.00,22.23
2026-08-23T23:20:51Z,3.458,11636.8,0.916,1945.7,0.066,628.8,0.434,454.9,0.355,118.3,14.41,28.78,0.00,0.00,22.23
2026-08-23T23:20:53Z,3.646,11661.6,0.938,1945.7,0.068,628.8,0.441,454.9,0.368,118.0,14.21,26.18,0.00,0.00,20.93
2026-08-23T23:20:54Z,3.500,11653.4,0.919,1945.9,0.069,628.8,0.433,455.2,0.356,118.0,12.79,25.00,0.00,0.00,20.93
2026-08-23T23:20:55Z,3.422,11645.0,0.897,1945.7,0.066,628.8,0.435,455.7,0.361,118.1,13.74,25.95,0.00,0.00,20.93
2026-08-23T23:20:56Z,3.509,11667.7,0.893,1945.6,0.064,628.8,0.422,454.9,0.353,118.0,13.16,32.00,0.00,0.00,20.93
2026-08-23T23:20:57Z,4.304,11637.1,0.888,1945.6,0.064,628.8,0.409,455.0,0.347,118.1,12.81,22.35,0.00,0.00,20.93
2026-08-23T23:20:58Z,4.397,11649.9,0.919,1945.7,0.066,628.8,0.456,454.9,0.373,118.1,12.37,17.61,0.00,0.00,20.86
2026-08-23T23:20:59Z,3.448,11641.5,0.886,1945.7,0.064,628.8,0.415,454.9,0.347,118.1,13.57,25.25,0.00,0.00,20.86
2026-08-23T23:21:00Z,3.411,11666.6,0.898,1945.7,0.066,628.8,0.441,454.9,0.360,118.1,14.21,26.88,0.00,0.00,20.86
2026-08-23T23:21:01Z,3.455,11659.3,0.890,1945.7,0.067,628.8,0.429,455.1,0.362,118.1,13.32,26.87,0.00,0.00,20.86
2026-08-23T23:21:02Z,3.466,11653.3,0.906,1945.7,0.066,628.8,0.438,454.9,0.362,118.1,14.11,26.94,0.00,0.00,20.86
2026-08-23T23:21:03Z,4.598,11658.2,0.875,1945.7,0.067,628.8,0.432,455.0,0.356,118.1,23.21,23.22,0.00,0.00,19.99
2026-08-23T23:21:05Z,4.649,11634.5,0.866,1945.7,0.068,628.8,0.435,454.9,0.364,118.1,25.32,23.03,0.00,0.00,19.99
2026-08-23T23:21:06Z,4.505,11644.6,0.875,1945.7,0.066,628.8,0.432,454.9,0.361,118.0,29.06,34.50,0.00,0.00,19.99
2026-08-23T23:21:07Z,4.745,11636.5,0.868,1945.6,0.068,628.8,0.438,454.9,0.360,118.1,30.04,20.15,0.00,0.00,19.99
2026-08-23T23:21:08Z,5.170,11657.2,0.870,1945.7,0.063,628.8,0.448,455.2,0.367,118.1,23.58,15.52,0.00,0.00,21.27
2026-08-23T23:21:09Z,4.516,11643.7,0.903,1945.7,0.068,628.8,0.454,454.9,0.374,118.1,28.26,29.85,0.00,0.00,21.27
2026-08-23T23:21:10Z,4.285,11662.0,0.894,1945.7,0.068,628.8,0.439,454.9,0.362,118.0,37.33,25.59,0.00,0.00,21.27
2026-08-23T23:21:11Z,4.170,11659.5,0.881,1945.6,0.068,628.8,0.438,455.1,0.362,118.0,44.62,27.94,0.00,0.00,21.27
2026-08-23T23:21:12Z,4.163,11640.1,0.892,1945.6,0.066,628.8,0.436,455.2,0.368,118.0,45.65,43.97,0.00,0.00,21.27
2026-08-23T23:21:13Z,4.160,11647.0,0.885,1945.6,0.067,628.8,0.447,454.9,0.363,118.0,45.72,63.94,0.00,0.00,20.69
2026-08-23T23:21:14Z,4.247,11659.2,0.895,1945.7,0.070,628.8,0.455,455.0,0.373,118.1,36.80,50.25,0.00,0.00,20.69
2026-08-23T23:21:15Z,4.295,11665.6,0.896,1945.7,0.067,628.8,0.441,454.9,0.365,118.3,31.64,55.64,0.00,0.00,20.69
2026-08-23T23:21:17Z,4.422,11658.0,0.886,1945.6,0.068,628.8,0.427,454.9,0.356,118.1,37.70,51.38,0.00,0.00,20.69
2026-08-23T23:21:18Z,5.026,11657.8,0.893,1945.7,0.063,628.8,0.460,455.0,0.376,118.1,24.80,21.74,0.00,0.00,20.23
2026-08-23T23:21:19Z,4.398,11650.6,0.871,1946.0,0.067,628.8,0.436,455.0,0.357,118.2,36.21,33.48,0.00,0.00,20.23
2026-08-23T23:21:20Z,4.379,11666.6,0.907,1945.7,0.068,628.8,0.440,455.0,0.374,118.1,29.73,34.78,0.00,0.00,20.23
2026-08-23T23:21:21Z,4.303,11658.2,0.896,1945.7,0.066,628.8,0.429,455.0,0.365,118.1,35.66,32.38,0.00,0.00,20.23
2026-08-23T23:21:22Z,4.206,11654.6,0.915,1945.7,0.067,628.8,0.439,455.3,0.365,118.1,41.53,30.04,0.00,0.00,20.23
2026-08-23T23:21:23Z,4.148,11650.9,0.912,1945.7,0.068,628.8,0.449,455.0,0.365,118.1,42.45,30.47,0.00,0.00,19.49
2026-08-23T23:21:24Z,4.248,11647.4,0.902,1945.7,0.069,628.8,0.452,455.0,0.365,118.0,42.70,28.95,0.00,0.00,19.49
2026-08-23T23:21:25Z,4.465,11668.6,0.893,1945.7,0.068,628.8,0.454,455.0,0.365,118.0,37.13,27.59,0.00,0.00,19.49
2026-08-23T23:21:26Z,5.198,11657.1,0.880,1945.9,0.066,628.8,0.427,455.1,0.360,118.1,28.35,25.05,0.00,0.00,19.49
2026-08-23T23:21:28Z,5.635,11659.6,0.799,1945.9,0.065,628.8,0.393,455.1,0.359,118.2,24.83,21.94,0.00,0.00,21.30
2026-08-23T23:21:29Z,5.166,11645.6,0.922,1945.8,0.066,628.8,0.475,455.1,0.387,118.2,27.79,29.03,0.00,0.00,21.30
2026-08-23T23:21:30Z,4.823,11668.9,0.870,1945.7,0.066,628.8,0.438,455.0,0.362,118.1,35.22,30.98,0.00,0.00,21.30
2026-08-23T23:21:31Z,4.806,11661.4,0.911,1945.8,0.066,628.8,0.445,455.0,0.366,118.1,37.51,30.94,0.00,0.00,21.30
2026-08-23T23:21:32Z,4.234,11655.4,0.887,1946.2,0.067,628.8,0.444,455.0,0.361,118.1,41.22,30.87,0.00,0.00,21.30
2026-08-23T23:21:33Z,4.159,11653.2,0.894,1945.7,0.068,628.8,0.434,455.0,0.366,118.1,42.12,34.13,0.00,0.00,20.39
2026-08-23T23:21:34Z,4.398,11649.0,0.912,1945.8,0.069,628.8,0.451,455.0,0.370,118.1,38.00,33.61,0.00,0.00,20.39
2026-08-23T23:21:35Z,5.091,11663.5,0.836,1945.7,0.068,628.8,0.425,455.0,0.362,118.1,30.18,30.49,0.00,0.00,20.39
2026-08-23T23:21:36Z,5.179,11642.7,0.869,1945.7,0.066,628.8,0.431,455.0,0.360,118.2,26.62,20.49,0.00,0.00,20.39
2026-08-23T23:21:37Z,5.374,11650.3,0.853,1945.8,0.063,628.8,0.412,455.8,0.349,118.1,25.02,16.18,0.00,0.00,21.64
2026-08-23T23:21:39Z,4.626,11662.3,0.915,1945.8,0.069,628.8,0.472,455.2,0.401,118.1,33.93,26.23,0.00,0.00,21.64
2026-08-23T23:21:40Z,4.315,11655.7,0.906,1945.7,0.067,628.8,0.446,454.9,0.366,118.0,39.14,31.52,0.00,0.00,21.64
2026-08-23T23:21:41Z,4.235,11652.2,0.881,1946.0,0.068,628.8,0.438,456.0,0.372,118.1,39.64,38.02,0.00,0.00,21.64
2026-08-23T23:21:42Z,4.234,11648.4,0.919,1945.8,0.072,628.8,0.451,455.4,0.366,118.1,39.49,40.29,0.00,0.00,21.64
2026-08-23T23:21:43Z,4.189,11674.6,0.896,1945.7,0.068,628.8,0.439,454.9,0.365,118.1,40.97,31.23,0.00,0.00,20.55
2026-08-23T23:21:44Z,4.810,11595.3,0.894,1946.0,0.066,628.8,0.425,454.9,0.362,118.1,28.35,26.35,0.00,0.00,20.55
2026-08-23T23:21:45Z,4.958,11634.6,0.873,1945.7,0.066,628.8,0.429,455.2,0.361,118.1,44.82,34.24,0.00,0.00,20.55
2026-08-23T23:21:46Z,4.951,11644.2,0.871,1945.7,0.068,628.8,0.455,455.2,0.384,118.1,43.57,44.80,0.00,0.00,20.55
2026-08-23T23:21:47Z,5.415,11650.5,0.858,1945.7,0.064,628.8,0.416,455.0,0.356,118.1,33.34,34.98,0.00,0.00,20.55
2026-08-23T23:21:48Z,4.912,11630.6,0.908,1945.8,0.067,629.1,0.451,455.0,0.388,118.1,32.38,30.41,0.00,0.00,21.23
2026-08-23T23:21:50Z,4.814,11639.5,0.908,1945.7,0.071,628.8,0.453,455.0,0.377,118.1,42.70,44.55,0.00,0.00,21.23
2026-08-23T23:21:51Z,4.888,11651.4,0.894,1945.7,0.070,628.8,0.449,454.9,0.368,118.1,39.71,48.01,0.00,0.00,21.23
2026-08-23T23:21:52Z,5.087,11635.5,0.882,1945.8,0.065,628.8,0.442,455.0,0.363,118.1,109.89,41.49,0.00,0.00,21.23
2026-08-23T23:21:53Z,5.169,11646.7,0.908,1945.7,0.067,628.8,0.444,454.9,0.365,118.6,165.72,29.94,0.00,0.00,21.53
2026-08-23T23:21:54Z,5.168,11669.9,0.895,1945.7,0.068,628.8,0.447,454.9,0.366,118.1,141.18,26.60,0.00,0.00,21.53
2026-08-23T23:21:55Z,4.778,11677.3,0.871,1945.8,0.066,628.8,0.429,455.0,0.370,118.5,178.66,103.41,0.00,0.00,21.53
2026-08-23T23:21:56Z,4.386,11670.2,0.811,1946.1,0.058,628.8,0.417,455.2,0.356,118.4,148.24,249.90,0.00,0.00,21.53
2026-08-23T23:21:57Z,5.033,11672.3,0.899,1946.0,0.064,628.8,0.447,455.1,0.367,118.3,181.13,24.26,0.00,0.00,21.53
2026-08-23T23:21:58Z,5.224,11686.2,0.949,1945.9,0.060,628.8,0.435,455.2,0.362,118.5,118.95,17.99,0.00,0.00,23.17
2026-08-23T23:21:59Z,4.985,11674.9,0.892,1945.9,0.068,628.8,0.439,455.1,0.362,118.7,214.33,44.50,0.00,0.00,23.17
2026-08-23T23:22:01Z,4.541,11697.8,0.915,1945.9,0.066,628.8,0.449,455.1,0.370,118.3,234.96,96.24,0.00,0.00,23.17
2026-08-23T23:22:02Z,4.181,11688.1,0.870,1946.0,0.065,628.8,0.453,455.2,0.378,118.4,187.29,238.77,0.00,0.00,23.17
2026-08-23T23:22:03Z,4.741,11696.9,0.943,1946.0,0.071,628.8,0.461,455.9,0.387,118.4,210.29,18.83,0.00,0.00,23.96
2026-08-23T23:22:04Z,4.698,11677.6,0.891,1946.0,0.065,628.8,0.445,455.2,0.368,118.4,206.24,54.73,0.00,0.00,23.96
2026-08-23T23:22:05Z,4.799,11678.7,0.934,1945.9,0.066,628.8,0.456,455.2,0.371,118.3,186.22,96.82,0.00,0.00,23.96
2026-08-23T23:22:06Z,4.629,11688.0,0.920,1946.1,0.067,628.8,0.443,455.4,0.387,118.3,179.49,87.19,0.00,0.00,23.96
2026-08-23T23:22:07Z,4.849,11675.3,0.815,1946.2,0.057,628.8,0.436,455.2,0.352,118.6,122.51,173.25,0.00,0.00,23.96
2026-08-23T23:22:08Z,4.958,11681.4,0.929,1946.2,0.063,628.8,0.458,455.2,0.404,118.4,143.35,16.65,0.00,0.00,25.88
2026-08-23T23:22:09Z,4.827,11679.3,0.931,1946.1,0.068,628.8,0.444,455.2,0.368,118.4,231.41,58.43,0.00,0.00,25.88
2026-08-23T23:22:10Z,4.545,11664.3,0.879,1946.2,0.064,628.8,0.438,455.3,0.364,118.5,202.19,127.37,0.00,0.00,25.88
2026-08-23T23:22:12Z,4.724,11678.6,0.912,1946.1,0.065,629.1,0.435,455.4,0.362,118.4,223.40,95.19,0.00,0.00,25.88
2026-08-23T23:22:13Z,4.171,11683.0,0.904,1946.1,0.062,628.8,0.443,455.2,0.381,118.4,169.89,234.99,0.00,0.00,25.49
2026-08-23T23:22:14Z,4.847,11679.7,0.928,1946.3,0.069,628.8,0.442,455.2,0.372,118.5,212.08,20.88,0.00,0.00,25.49
2026-08-23T23:22:15Z,4.585,11672.6,0.946,1946.2,0.065,628.8,0.454,455.6,0.372,118.8,220.08,60.22,0.00,0.00,25.49
2026-08-23T23:22:16Z,4.605,11686.5,0.939,1946.0,0.063,628.8,0.449,455.3,0.373,118.4,245.21,95.22,0.00,0.00,25.49
2026-08-23T23:22:17Z,4.878,11676.1,0.903,1946.1,0.066,628.8,0.433,455.2,0.360,118.4,176.70,99.05,0.00,0.00,25.49
2026-08-23T23:22:18Z,4.938,11670.1,0.859,1946.5,0.064,628.8,0.446,455.6,0.379,118.5,146.12,229.43,0.00,0.00,27.13
2026-08-23T23:22:19Z,4.833,11684.4,0.928,1946.3,0.068,628.8,0.440,455.3,0.375,118.4,219.79,25.68,0.00,0.00,27.13
2026-08-23T23:22:20Z,4.565,11668.6,0.959,1946.3,0.067,628.8,0.445,455.3,0.369,118.4,174.23,23.54,0.00,0.00,27.13
2026-08-23T23:22:21Z,4.572,11680.8,0.943,1946.3,0.064,628.8,0.439,455.5,0.365,118.3,225.23,103.02,0.00,0.00,27.13
2026-08-23T23:22:23Z,4.509,11678.2,0.890,1946.2,0.062,628.8,0.421,455.5,0.351,118.3,251.21,234.68,0.00,0.00,26.64
2026-08-23T23:22:24Z,4.569,11671.8,0.961,1946.3,0.065,628.8,0.460,455.5,0.390,118.6,224.00,129.66,0.00,0.00,26.64
2026-08-23T23:22:25Z,4.819,11676.0,0.927,1946.3,0.072,628.8,0.441,455.6,0.378,118.3,218.64,27.08,0.00,0.00,26.64
2026-08-23T23:22:26Z,4.885,11663.4,0.891,1946.5,0.067,628.8,0.457,455.3,0.376,118.3,155.44,68.76,0.00,0.00,26.64
2026-08-23T23:22:27Z,5.475,11671.7,0.830,1946.5,0.063,628.8,0.393,455.6,0.357,118.6,117.62,68.33,0.00,0.00,26.64
2026-08-23T23:22:28Z,5.240,11659.7,0.828,1946.6,0.058,628.8,0.401,455.5,0.356,118.4,91.96,232.50,0.00,0.00,26.11
2026-08-23T23:22:29Z,5.158,11663.9,0.919,1946.6,0.065,628.8,0.429,455.6,0.363,118.6,147.00,22.48,0.00,0.00,26.11
2026-08-23T23:22:30Z,5.105,11677.7,0.934,1946.6,0.067,628.8,0.439,455.4,0.366,118.3,179.18,26.55,0.00,0.00,26.11
2026-08-23T23:22:31Z,5.007,11680.5,0.921,1946.6,0.068,628.8,0.425,455.3,0.368,118.3,207.41,63.83,0.00,0.00,26.11
2026-08-23T23:22:33Z,4.497,11651.0,0.889,1946.5,0.063,628.8,0.430,455.3,0.355,118.4,233.92,163.51,0.00,0.00,25.86
2026-08-23T23:22:34Z,4.428,11655.4,0.911,1946.6,0.065,628.8,0.451,455.4,0.379,118.3,209.16,158.90,0.00,0.00,25.86
2026-08-23T23:22:35Z,4.996,11665.4,0.949,1946.6,0.068,628.8,0.435,455.4,0.376,118.3,197.27,22.77,0.00,0.00,25.86
2026-08-23T23:22:36Z,4.799,11658.7,0.872,1946.5,0.064,628.8,0.427,455.4,0.349,118.2,42.47,125.91,0.00,0.00,25.86
2026-08-23T23:22:37Z,4.927,11667.0,0.805,1946.7,0.063,628.8,0.434,455.4,0.355,118.4,25.56,160.47,0.00,0.00,25.86
2026-08-23T23:22:38Z,5.100,11670.3,0.927,1947.0,0.064,628.8,0.468,455.4,0.386,118.3,24.96,64.87,0.00,0.00,27.55
2026-08-23T23:22:39Z,4.233,11656.8,0.871,1946.6,0.060,628.8,0.414,455.7,0.352,118.3,25.82,304.40,0.00,0.00,27.55
2026-08-23T23:22:40Z,4.784,11657.5,0.910,1946.7,0.068,628.8,0.440,455.9,0.364,118.2,32.37,26.12,0.00,0.00,27.55
2026-08-23T23:22:41Z,4.587,11636.9,0.882,1946.6,0.065,628.8,0.436,455.4,0.358,118.3,30.50,126.30,0.00,0.00,27.55
2026-08-23T23:22:42Z,4.529,11667.0,0.906,1946.6,0.066,628.8,0.436,455.6,0.367,118.3,28.46,172.29,0.00,0.00,27.59
2026-08-23T23:22:44Z,4.431,11637.1,0.894,1946.6,0.065,628.8,0.431,455.9,0.353,118.5,127.11,125.23,0.00,0.00,27.59
2026-08-23T23:22:45Z,4.685,11630.9,0.895,1946.8,0.069,628.8,0.441,455.4,0.361,118.5,176.86,28.32,0.00,0.00,27.59
2026-08-23T23:22:46Z,4.849,11646.1,0.886,1946.5,0.069,628.8,0.439,455.4,0.359,118.2,161.20,36.51,0.00,0.00,27.59
2026-08-23T23:22:47Z,5.090,11656.3,0.890,1946.5,0.065,628.8,0.438,455.7,0.364,118.3,157.01,26.61,0.00,0.00,27.59
2026-08-23T23:22:48Z,5.243,11645.3,0.922,1946.6,0.064,628.8,0.448,455.4,0.365,118.3,124.45,20.56,0.00,0.00,28.74
2026-08-23T23:22:49Z,4.456,11648.0,0.879,1946.6,0.065,629.1,0.441,455.9,0.375,118.3,152.99,139.66,0.00,0.00,28.74
2026-08-23T23:22:50Z,4.848,11644.0,0.885,1946.6,0.067,628.8,0.440,455.4,0.361,118.3,184.12,33.27,0.00,0.00,28.74
2026-08-23T23:22:51Z,4.773,11642.4,1.200,1946.8,0.066,628.8,0.419,455.5,0.371,118.4,178.10,26.31,0.00,0.00,28.74
2026-08-23T23:22:52Z,4.779,11640.4,0.922,1946.7,0.068,628.8,0.432,455.4,0.366,118.3,179.92,28.41,0.00,0.00,28.74
2026-08-23T23:22:54Z,4.778,11635.1,0.905,1946.7,0.069,628.8,0.444,455.4,0.360,118.6,176.28,34.27,0.00,0.00,28.84
2026-08-23T23:22:55Z,5.140,11650.7,0.909,1946.8,0.067,628.8,0.432,455.4,0.369,118.3,178.26,23.93,0.00,0.00,28.84
2026-08-23T23:22:56Z,4.484,11659.8,0.939,1947.1,0.066,628.8,0.437,455.7,0.360,118.2,162.27,25.11,0.00,0.00,28.84
2026-08-23T23:22:57Z,4.517,11665.4,0.916,1946.6,0.069,628.8,0.439,455.4,0.360,118.2,161.96,23.95,0.00,0.00,28.84
2026-08-23T23:22:58Z,5.203,11651.2,0.853,1946.6,0.062,628.8,0.445,455.4,0.358,118.2,141.18,23.26,0.00,0.00,29.90
2026-08-23T23:22:59Z,4.888,11655.8,0.870,1946.6,0.065,628.8,0.423,455.2,0.354,118.2,186.84,26.16,0.00,0.00,29.90
2026-08-23T23:23:00Z,4.932,11642.0,0.895,1946.6,0.068,628.8,0.432,455.4,0.368,118.2,206.19,25.29,0.00,0.00,29.90
2026-08-23T23:23:01Z,4.759,11649.6,0.932,1946.6,0.066,628.8,0.443,455.2,0.368,118.1,147.45,21.82,0.00,0.00,29.90
2026-08-23T23:23:02Z,4.335,11650.9,0.921,1946.6,0.072,628.8,0.446,455.2,0.373,118.2,188.94,24.67,0.00,0.00,29.90
2026-08-23T23:23:03Z,4.224,11640.4,0.904,1946.6,0.067,628.8,0.428,455.4,0.358,118.2,209.70,24.60,0.00,0.00,28.95
2026-08-23T23:23:05Z,4.297,11664.6,0.896,1946.6,0.068,628.8,0.436,455.4,0.358,118.1,187.32,26.44,0.00,0.00,28.95
2026-08-23T23:23:06Z,4.564,11638.7,0.912,1946.6,0.068,628.8,0.439,455.2,0.366,118.6,193.19,23.40,0.00,0.00,28.95
2026-08-23T23:23:07Z,4.943,11628.7,0.899,1946.5,0.067,628.8,0.450,455.5,0.362,118.2,194.95,20.53,0.00,0.00,28.95
2026-08-23T23:23:08Z,4.960,11653.1,0.913,1946.6,0.067,628.8,0.439,455.1,0.372,118.1,191.27,20.25,0.00,0.00,28.95
2026-08-23T23:23:09Z,4.689,11649.7,0.920,1946.5,0.069,628.8,0.441,455.1,0.362,118.1,261.37,30.34,0.00,0.00,28.95
2026-08-23T23:23:10Z,4.854,11646.1,0.919,1946.5,0.067,628.8,0.450,455.4,0.362,118.6,180.33,30.39,0.00,0.00,28.95
2026-08-23T23:23:11Z,5.114,11640.6,0.885,1946.5,0.066,628.8,0.427,455.4,0.367,118.0,182.92,21.22,0.00,0.00,28.95
2026-08-23T23:23:12Z,3.943,11466.3,0.900,1946.5,0.067,628.8,0.428,455.4,0.357,118.0,87.92,25.92,0.00,0.00,28.95
2026-08-23T23:23:13Z,3.349,11491.9,0.897,1947.0,0.065,628.8,0.437,455.1,0.353,118.0,14.99,27.03,0.00,0.00,27.59
2026-08-23T23:23:14Z,3.381,11521.5,0.895,1946.5,0.066,628.8,0.425,455.1,0.357,118.4,15.83,42.51,0.00,0.00,27.59
2026-08-23T23:23:15Z,3.435,11550.4,0.900,1946.5,0.066,628.8,0.432,455.1,0.358,118.3,14.54,30.47,0.00,0.00,27.59
2026-08-23T23:23:17Z,3.539,11584.0,0.894,1946.5,0.063,628.8,0.421,455.1,0.352,118.1,15.45,31.35,0.00,0.00,27.59
2026-08-23T23:23:18Z,4.970,11609.6,0.890,1946.6,0.062,628.8,0.438,455.1,0.363,118.1,14.31,26.80,0.00,0.00,27.14
2026-08-23T23:23:19Z,3.545,11635.3,0.896,1946.5,0.066,628.8,0.428,455.1,0.357,118.1,14.37,34.48,0.00,0.00,27.14
2026-08-23T23:23:20Z,3.338,11628.1,0.885,1946.4,0.064,628.8,0.420,455.1,0.347,118.0,14.15,51.72,0.00,0.00,27.14
2026-08-23T23:23:21Z,3.345,11620.5,0.892,1946.4,0.066,628.8,0.420,455.1,0.357,118.2,14.61,27.27,0.00,0.00,27.14
2026-08-23T23:23:22Z,3.389,11614.9,0.902,1946.5,0.065,628.8,0.432,455.1,0.357,118.1,15.09,29.17,0.00,0.00,27.14
2026-08-23T23:23:23Z,3.341,11609.6,0.893,1946.5,0.065,628.8,0.423,455.2,0.352,118.0,14.53,29.08,0.00,0.00,26.25
2026-08-23T23:23:24Z,3.476,11604.3,0.921,1946.5,0.068,628.8,0.434,455.1,0.366,118.0,14.36,32.72,0.00,0.00,26.25
2026-08-23T23:23:25Z,3.433,11628.9,0.891,1946.4,0.066,628.8,0.436,455.0,0.359,118.2,13.98,29.33,0.00,0.00,26.25
2026-08-23T23:23:26Z,4.320,11620.7,0.910,1946.4,0.068,628.8,0.448,455.1,0.367,118.1,13.51,23.65,0.00,0.00,26.25
2026-08-23T23:23:27Z,5.293,11604.7,0.840,1946.5,0.068,628.8,0.420,455.3,0.348,118.1,12.13,26.80,0.00,0.00,26.25
2026-08-23T23:23:29Z,5.102,11618.9,0.880,1946.6,0.066,628.8,0.473,455.2,0.383,118.2,11.92,32.69,0.00,0.00,26.07
2026-08-23T23:23:30Z,4.106,11623.6,0.888,1946.5,0.068,628.8,0.429,455.4,0.356,118.1,12.70,38.77,0.00,0.00,26.07
2026-08-23T23:23:31Z,3.385,11628.9,0.886,1946.5,0.066,628.8,0.429,455.4,0.357,118.1,13.08,42.86,0.00,0.00,26.07
2026-08-23T23:23:32Z,3.366,11604.0,0.883,1946.5,0.064,628.8,0.423,455.4,0.354,118.1,13.41,42.65,0.00,0.00,26.07
2026-08-23T23:23:33Z,3.344,11610.6,0.955,1946.5,0.066,628.8,0.433,455.1,0.353,118.1,13.54,42.53,0.00,0.00,25.02
2026-08-23T23:23:34Z,3.455,11617.9,0.899,1946.5,0.065,629.1,0.447,455.4,0.364,118.1,13.52,45.97,0.00,0.00,25.02
2026-08-23T23:23:35Z,3.668,11623.4,0.908,1946.5,0.067,628.8,0.429,455.1,0.359,118.1,12.99,39.70,0.00,0.00,25.02
2026-08-23T23:23:36Z,3.659,11619.0,0.878,1946.5,0.066,628.8,0.429,455.1,0.362,118.1,13.52,29.66,0.00,0.00,25.02
2026-08-23T23:23:37Z,4.725,11590.7,0.869,1946.6,0.064,628.8,0.415,455.4,0.351,118.1,12.44,23.67,0.00,0.00,25.02
2026-08-23T23:23:38Z,3.767,11606.9,0.910,1946.5,0.065,628.8,0.442,455.1,0.365,118.1,12.92,25.01,0.00,0.00,25.02
2026-08-23T23:23:39Z,3.372,11600.8,0.897,1946.5,0.067,628.8,0.431,455.0,0.356,118.1,13.30,26.94,0.00,0.00,25.02
2026-08-23T23:23:40Z,3.372,11592.7,0.914,1946.4,0.065,628.8,0.433,455.5,0.357,118.0,12.82,42.29,0.00,0.00,25.02
2026-08-23T23:23:42Z,3.289,11586.6,0.878,1946.5,0.065,628.8,0.422,455.1,0.352,118.1,12.89,27.72,0.00,0.00,25.02
2026-08-23T23:23:43Z,3.378,11610.7,0.910,1946.4,0.066,628.8,0.422,455.3,0.354,118.0,13.81,27.83,0.00,0.00,24.46
2026-08-23T23:23:44Z,3.402,11601.5,0.913,1946.5,0.067,628.8,0.443,455.1,0.359,118.1,12.98,24.89,0.00,0.00,24.46
2026-08-23T23:23:45Z,3.435,11595.5,0.909,1946.5,0.067,628.8,0.430,455.0,0.356,118.0,12.75,43.85,0.00,0.00,24.46
2026-08-23T23:23:46Z,3.381,11590.4,0.915,1946.4,0.068,628.8,0.435,455.0,0.364,118.0,12.85,30.65,0.00,0.00,24.46
2026-08-23T23:23:47Z,4.200,11613.6,0.896,1946.5,0.068,628.8,0.434,455.0,0.365,118.3,23.55,33.83,0.00,0.00,24.46
2026-08-23T23:23:48Z,4.385,11608.2,0.957,1946.7,0.068,628.8,0.428,455.0,0.378,118.0,116.75,31.58,0.00,0.00,24.26
2026-08-23T23:23:49Z,4.339,11594.0,0.911,1946.5,0.067,628.8,0.437,455.5,0.365,118.1,60.68,32.91,0.00,0.00,24.26
2026-08-23T23:23:50Z,3.780,11588.3,0.908,1946.5,0.066,628.8,0.432,455.0,0.357,118.0,12.14,35.84,0.00,0.00,24.26
2026-08-23T23:23:51Z,3.368,11614.2,0.893,1946.4,0.067,628.8,0.430,455.0,0.354,118.0,13.75,29.87,0.00,0.00,24.26
2026-08-23T23:23:52Z,3.417,11607.7,0.941,1946.5,0.068,628.8,0.438,455.5,0.364,118.0,12.41,27.28,0.00,0.00,24.26
2026-08-23T23:23:53Z,3.405,11603.4,0.921,1946.4,0.065,628.8,0.429,455.2,0.359,118.0,13.07,29.38,0.00,0.00,23.68
2026-08-23T23:23:55Z,3.467,11601.8,0.918,1946.4,0.067,628.8,0.439,455.8,0.365,118.2,12.78,38.65,0.00,0.00,23.68
2026-08-23T23:23:56Z,4.407,11578.4,0.914,1946.5,0.065,628.8,0.428,455.3,0.356,118.3,16.59,29.39,0.00,0.00,23.68
2026-08-23T23:23:57Z,5.146,11544.9,0.892,1946.4,0.064,628.8,0.432,455.3,0.363,118.2,20.69,29.25,0.00,0.00,23.68
2026-08-23T23:23:58Z,5.531,11566.3,0.871,1946.5,0.064,628.8,0.421,455.5,0.354,118.1,16.72,31.33,0.00,0.00,24.91
2026-08-23T23:23:59Z,5.162,11562.6,0.898,1946.5,0.066,628.8,0.432,455.0,0.367,118.2,19.59,27.01,0.00,0.00,24.91
2026-08-23T23:24:00Z,4.692,11556.4,0.935,1946.6,0.067,628.8,0.472,455.0,0.385,118.1,26.24,30.49,0.00,0.00,24.91
2026-08-23T23:24:01Z,4.566,11576.9,0.931,1946.5,0.067,628.8,0.458,455.0,0.376,118.2,27.64,27.84,0.00,0.00,24.91
2026-08-23T23:24:02Z,4.673,11564.0,0.889,1946.6,0.069,628.8,0.437,455.2,0.361,118.2,22.56,32.23,0.00,0.00,24.91
2026-08-23T23:24:03Z,4.709,11553.3,0.917,1946.6,0.066,628.8,0.449,455.5,0.367,118.2,25.83,26.72,0.00,0.00,23.55
2026-08-23T23:24:04Z,4.538,11544.0,0.925,1946.6,0.069,628.8,0.441,455.1,0.367,118.1,27.82,35.12,0.00,0.00,23.55
2026-08-23T23:24:06Z,4.710,11573.2,0.917,1946.5,0.066,628.8,0.450,455.0,0.367,118.4,34.63,32.16,0.00,0.00,23.55
2026-08-23T23:24:07Z,4.866,11542.4,0.919,1946.5,0.067,628.8,0.436,455.0,0.364,118.1,32.91,22.94,0.00,0.00,23.55
2026-08-23T23:24:08Z,5.181,11534.5,0.929,1946.5,0.069,628.8,0.437,455.1,0.380,118.2,27.40,18.12,0.00,0.00,23.91
2026-08-23T23:24:09Z,4.738,11545.4,0.937,1946.5,0.070,628.8,0.458,455.0,0.379,118.1,39.07,23.95,0.00,0.00,23.91
2026-08-23T23:24:10Z,4.570,11550.8,0.932,1946.5,0.070,628.8,0.455,455.3,0.373,118.1,36.26,39.95,0.00,0.00,23.91
2026-08-23T23:24:11Z,4.651,11549.2,0.946,1946.5,0.069,628.8,0.466,455.0,0.380,118.1,26.73,45.34,0.00,0.00,23.91
2026-08-23T23:24:12Z,4.614,11554.1,0.930,1946.5,0.070,628.8,0.453,455.0,0.370,118.1,31.99,49.02,0.00,0.00,23.91
2026-08-23T23:24:13Z,4.601,11561.8,0.908,1946.5,0.070,628.8,0.448,455.0,0.372,118.1,32.43,54.42,0.00,0.00,24.24
2026-08-23T23:24:14Z,4.684,11524.9,0.932,1946.5,0.071,628.8,0.456,455.5,0.370,118.1,27.39,37.70,0.00,0.00,24.24
2026-08-23T23:24:15Z,4.784,11544.5,0.896,1946.5,0.067,628.8,0.433,455.0,0.367,118.1,27.78,45.08,0.00,0.00,24.24
2026-08-23T23:24:17Z,4.849,11539.0,0.891,1946.5,0.068,628.8,0.442,455.0,0.364,118.1,26.30,50.86,0.00,0.00,24.24
2026-08-23T23:24:18Z,5.306,11528.3,0.904,1946.6,0.063,628.8,0.441,455.3,0.374,118.4,22.28,25.67,0.00,0.00,25.10
2026-08-23T23:24:19Z,4.784,11527.2,0.965,1946.6,0.070,628.8,0.473,455.0,0.382,118.1,26.23,26.41,0.00,0.00,25.10
2026-08-23T23:24:20Z,4.433,11522.0,0.956,1946.6,0.073,628.8,0.449,455.1,0.377,118.1,35.10,31.67,0.00,0.00,25.10
2026-08-23T23:24:21Z,4.514,11548.1,0.958,1946.5,0.072,628.8,0.451,455.1,0.372,118.1,36.72,28.96,0.00,0.00,25.10
2026-08-23T23:24:22Z,4.473,11547.6,0.971,1946.6,0.070,628.8,0.459,455.1,0.377,118.1,34.88,32.39,0.00,0.00,25.10
2026-08-23T23:24:23Z,4.394,11544.6,0.943,1946.5,0.071,628.8,0.450,455.0,0.374,118.1,38.36,27.87,0.00,0.00,24.37
2026-08-23T23:24:24Z,4.510,11540.1,0.922,1946.6,0.067,628.8,0.440,455.3,0.366,118.1,37.58,30.84,0.00,0.00,24.37
2026-08-23T23:24:25Z,4.505,11540.7,0.917,1946.5,0.068,628.8,0.446,455.3,0.365,118.1,39.36,36.73,0.00,0.00,24.37
2026-08-23T23:24:26Z,4.810,11540.0,0.918,1946.5,0.068,628.8,0.458,455.3,0.368,118.1,38.10,34.41,0.00,0.00,24.37
2026-08-23T23:24:27Z,5.386,11545.9,0.885,1946.6,0.061,628.8,0.437,455.1,0.359,118.2,26.00,32.10,0.00,0.00,25.78
2026-08-23T23:24:29Z,5.070,11523.4,0.957,1946.6,0.064,628.8,0.473,455.3,0.384,118.2,29.64,30.84,0.00,0.00,25.78
2026-08-23T23:24:30Z,4.704,11523.2,0.915,1946.6,0.067,628.8,0.442,455.0,0.356,118.1,37.98,28.23,0.00,0.00,25.78
2026-08-23T23:24:31Z,4.912,11540.8,0.951,1946.9,0.070,628.8,0.450,455.6,0.371,118.2,33.64,21.82,0.00,0.00,25.78
2026-08-23T23:24:32Z,4.957,11531.8,0.944,1946.6,0.067,628.8,0.441,455.4,0.368,118.2,32.39,25.20,0.00,0.00,25.78
2026-08-23T23:24:33Z,4.942,11524.1,0.915,1946.6,0.065,628.8,0.431,455.3,0.359,118.1,30.36,28.53,0.00,0.00,25.00
2026-08-23T23:24:34Z,4.912,11543.8,0.948,1946.8,0.068,628.8,0.446,455.0,0.365,118.1,32.57,26.66,0.00,0.00,25.00
2026-08-23T23:24:35Z,4.671,11537.0,0.944,1946.5,0.067,628.8,0.433,455.0,0.359,118.1,32.14,36.22,0.00,0.00,25.00
2026-08-23T23:24:36Z,4.566,11532.8,0.917,1946.4,0.065,628.8,0.445,455.0,0.360,118.2,29.49,33.25,0.00,0.00,25.00
2026-08-23T23:24:37Z,5.149,11526.6,0.907,1946.6,0.065,628.8,0.437,455.1,0.364,118.2,25.11,24.18,0.00,0.00,27.32
2026-08-23T23:24:39Z,4.793,11536.8,0.899,1946.8,0.066,628.8,0.449,455.3,0.373,118.4,30.91,28.09,0.00,0.00,27.32
2026-08-23T23:24:40Z,4.571,11533.9,0.921,1946.6,0.070,628.8,0.454,455.2,0.372,118.1,35.11,35.81,0.00,0.00,27.32
2026-08-23T23:24:41Z,4.512,11531.8,0.951,1946.5,0.069,628.8,0.449,455.3,0.377,118.1,36.28,36.16,0.00,0.00,27.32
2026-08-23T23:24:42Z,4.414,11525.4,0.919,1946.5,0.071,628.8,0.446,455.0,0.366,118.0,35.20,31.00,0.00,0.00,27.32
2026-08-23T23:24:43Z,4.493,11545.3,0.937,1946.5,0.070,628.8,0.445,455.0,0.367,118.1,31.39,30.01,0.00,0.00,27.46
2026-08-23T23:24:44Z,4.455,11538.5,0.958,1946.5,0.069,628.8,0.452,455.5,0.369,118.1,36.00,27.58,0.00,0.00,27.46
2026-08-23T23:24:45Z,4.359,11531.3,0.938,1946.5,0.069,628.8,0.446,455.3,0.371,118.3,36.66,25.98,0.00,0.00,27.46
2026-08-23T23:24:46Z,4.631,11547.1,0.942,1946.5,0.067,628.8,0.455,455.0,0.367,118.0,28.32,37.21,0.00,0.00,27.46
2026-08-23T23:24:47Z,5.231,11510.7,0.907,1946.6,0.065,628.8,0.434,455.2,0.368,118.2,25.43,23.12,0.00,0.00,27.46
2026-08-23T23:24:48Z,4.741,11541.7,0.927,1946.8,0.066,628.8,0.465,455.2,0.386,118.2,34.46,21.91,0.00,0.00,28.14
2026-08-23T23:24:49Z,4.580,11543.0,0.921,1946.6,0.069,628.8,0.446,455.1,0.373,118.2,38.69,34.53,0.00,0.00,28.14
2026-08-23T23:24:51Z,4.711,11544.3,0.899,1946.5,0.067,628.8,0.441,455.2,0.365,118.1,34.76,40.49,0.00,0.00,28.14
2026-08-23T23:24:52Z,4.861,11537.6,0.895,1946.6,0.070,628.8,0.437,455.1,0.375,118.1,29.57,37.27,0.00,0.00,28.14
2026-08-23T23:24:53Z,4.672,11533.0,0.894,1946.6,0.068,628.8,0.443,455.1,0.370,118.2,32.44,31.56,0.00,0.00,27.17
2026-08-23T23:24:54Z,4.592,11529.5,0.889,1946.5,0.069,628.8,0.439,455.1,0.358,118.1,29.76,39.25,0.00,0.00,27.17
2026-08-23T23:24:55Z,4.697,11528.5,0.906,1946.8,0.068,628.8,0.437,455.1,0.366,118.1,29.56,38.67,0.00,0.00,27.17
2026-08-23T23:24:56Z,4.591,11467.0,0.880,1946.5,0.068,628.8,0.434,455.0,0.352,118.0,14.20,25.94,0.00,0.00,27.17
2026-08-23T23:24:57Z,4.552,11497.1,0.927,1946.5,0.067,628.8,0.444,455.0,0.366,118.1,10.63,22.69,0.00,0.00,27.17
2026-08-23T23:24:58Z,4.445,11507.5,0.883,1946.5,0.063,628.8,0.419,455.2,0.355,118.1,11.37,18.62,0.00,0.00,27.24
2026-08-23T23:24:59Z,3.622,11534.5,0.936,1946.5,0.065,628.8,0.431,455.0,0.362,118.1,14.75,24.45,0.00,0.00,27.24
2026-08-23T23:25:00Z,3.481,11529.6,0.920,1946.5,0.065,628.8,0.442,455.0,0.356,118.3,14.18,23.86,0.00,0.00,27.24
2026-08-23T23:25:02Z,3.546,11554.7,0.968,1946.5,0.072,629.1,0.468,455.0,0.383,118.1,14.19,24.68,0.00,0.00,27.24
2026-08-23T23:25:03Z,3.451,11553.9,0.934,1946.5,0.068,628.8,0.444,455.3,0.365,118.1,14.24,26.63,0.00,0.00,26.82
2026-08-23T23:25:04Z,3.355,11552.9,0.880,1946.5,0.061,628.8,0.414,455.3,0.344,118.0,13.45,25.01,0.00,0.00,26.82
2026-08-23T23:25:05Z,3.618,11547.8,0.936,1946.5,0.067,628.8,0.439,455.5,0.369,118.0,12.96,22.57,0.00,0.00,26.82
2026-08-23T23:25:06Z,3.732,11546.9,0.926,1946.5,0.067,628.8,0.442,455.2,0.363,118.1,13.15,32.32,0.00,0.00,26.82
2026-08-23T23:25:07Z,4.310,11521.7,0.963,1946.6,0.065,628.8,0.445,455.3,0.361,118.1,20.39,19.73,0.00,0.00,26.82
2026-08-23T23:25:08Z,4.579,11520.1,0.894,1946.5,0.065,629.1,0.426,455.2,0.350,118.1,15.96,19.43,0.00,0.00,26.03
2026-08-23T23:25:09Z,3.520,11546.1,0.918,1946.5,0.068,628.8,0.445,455.0,0.362,118.1,13.16,27.24,0.00,0.00,26.03
2026-08-23T23:25:10Z,3.365,11543.6,0.889,1946.5,0.066,628.8,0.431,455.2,0.352,118.0,15.43,28.50,0.00,0.00,26.03
2026-08-23T23:25:11Z,3.377,11538.9,0.902,1946.5,0.066,628.8,0.430,455.0,0.353,118.3,15.74,26.47,0.00,0.00,26.03
2026-08-23T23:25:12Z,3.352,11532.8,0.889,1946.5,0.065,628.8,0.427,455.2,0.353,118.0,15.10,25.78,0.00,0.00,26.03
2026-08-23T23:25:14Z,3.349,11527.8,0.878,1946.5,0.066,628.8,0.427,455.2,0.353,118.1,15.42,27.19,0.00,0.00,24.75
2026-08-23T23:25:15Z,3.406,11527.8,0.935,1946.8,0.066,628.8,0.446,455.0,0.364,118.1,13.18,20.75,0.00,0.00,24.75
2026-08-23T23:25:16Z,3.436,11541.1,0.926,1946.5,0.067,628.8,0.436,455.0,0.364,118.6,12.69,19.96,0.00,0.00,24.75
2026-08-23T23:25:17Z,3.757,11515.6,0.897,1946.5,0.064,628.8,0.433,455.1,0.352,118.4,13.29,26.56,0.00,0.00,24.75
2026-08-23T23:25:18Z,4.661,11524.0,0.920,1946.5,0.065,628.8,0.440,455.0,0.366,118.1,13.07,25.20,0.00,0.00,23.97
2026-08-23T23:25:19Z,3.469,11516.8,0.895,1946.5,0.067,628.8,0.428,455.3,0.350,118.3,14.75,25.93,0.00,0.00,23.97
2026-08-23T23:25:20Z,3.400,11511.8,0.902,1946.5,0.067,628.8,0.439,455.3,0.355,118.0,15.11,26.54,0.00,0.00,23.97
2026-08-23T23:25:21Z,3.377,11535.9,0.902,1946.4,0.066,628.8,0.421,455.0,0.349,118.0,15.26,25.80,0.00,0.00,23.97
2026-08-23T23:25:22Z,3.370,11530.2,0.898,1946.4,0.064,629.1,0.427,455.3,0.352,118.0,15.03,28.99,0.00,0.00,23.97
2026-08-23T23:25:23Z,3.399,11527.8,0.903,1946.5,0.066,628.8,0.435,455.0,0.355,118.3,14.61,31.40,0.00,0.00,22.85
2026-08-23T23:25:24Z,3.435,11526.7,0.911,1946.5,0.067,628.8,0.422,455.0,0.356,118.0,14.86,30.51,0.00,0.00,22.85
2026-08-23T23:25:26Z,3.500,11524.9,0.917,1946.4,0.068,628.8,0.447,455.1,0.366,118.1,13.86,31.17,0.00,0.00,22.85
2026-08-23T23:25:27Z,4.283,11531.0,0.918,1946.5,0.069,628.8,0.446,455.3,0.371,118.1,13.24,34.73,0.00,0.00,22.85
2026-08-23T23:25:28Z,5.106,11519.0,0.874,1946.8,0.062,628.8,0.433,455.3,0.371,118.1,11.79,21.76,0.00,0.00,23.42
2026-08-23T23:25:29Z,3.796,11520.7,0.913,1946.8,0.066,628.8,0.431,455.3,0.358,118.1,14.75,29.54,0.00,0.00,23.42
2026-08-23T23:25:30Z,4.170,11521.9,0.890,1946.5,0.067,628.8,0.431,455.0,0.356,118.0,14.43,29.58,0.00,0.00,23.42
2026-08-23T23:25:31Z,4.240,11520.8,0.904,1946.5,0.068,628.8,0.440,455.0,0.361,118.3,13.40,29.03,0.00,0.00,23.42
2026-08-23T23:25:32Z,4.222,11521.0,0.891,1946.5,0.067,628.8,0.421,455.3,0.355,118.0,13.81,29.03,0.00,0.00,23.42
2026-08-23T23:25:33Z,3.385,11522.4,0.905,1946.5,0.065,628.8,0.439,455.1,0.356,118.1,14.13,34.25,0.00,0.00,22.18
2026-08-23T23:25:34Z,3.431,11524.1,0.889,1946.5,0.065,628.8,0.425,455.0,0.357,118.0,14.11,33.87,0.00,0.00,22.18
2026-08-23T23:25:35Z,3.801,11525.4,0.920,1946.5,0.068,628.8,0.452,455.0,0.366,118.1,13.44,32.11,0.00,0.00,22.18
2026-08-23T23:25:36Z,3.748,11530.5,0.895,1946.5,0.065,628.8,0.424,455.0,0.350,118.0,14.01,39.41,0.00,0.00,22.18
2026-08-23T23:25:38Z,5.013,11497.8,0.871,1946.5,0.062,628.8,0.438,455.0,0.365,118.1,13.44,25.59,0.00,0.00,23.05
2026-08-23T23:25:39Z,3.580,11499.9,0.908,1946.5,0.066,628.8,0.428,455.0,0.351,118.0,14.18,31.62,0.00,0.00,23.05
2026-08-23T23:25:40Z,3.404,11501.5,0.915,1946.5,0.068,628.8,0.430,455.0,0.357,118.1,13.23,32.49,0.00,0.00,23.05
2026-08-23T23:25:41Z,3.425,11506.5,0.904,1946.5,0.068,628.8,0.437,455.0,0.360,118.1,12.97,40.69,0.00,0.00,23.05
2026-08-23T23:25:42Z,3.357,11503.6,0.888,1946.5,0.065,628.8,0.426,455.0,0.350,118.1,13.69,27.98,0.00,0.00,23.05
2026-08-23T23:25:43Z,3.312,11512.9,0.886,1946.5,0.065,628.8,0.425,455.0,0.349,118.1,13.31,26.00,0.00,0.00,21.93
2026-08-23T23:25:44Z,3.337,11521.7,0.902,1946.5,0.066,628.8,0.427,455.5,0.354,118.0,12.87,27.38,0.00,0.00,21.93
2026-08-23T23:25:45Z,3.460,11514.7,0.930,1946.4,0.068,628.8,0.443,455.0,0.369,118.0,11.46,24.45,0.00,0.00,21.93
2026-08-23T23:25:46Z,3.372,11510.1,0.902,1946.5,0.066,628.8,0.429,455.3,0.357,118.0,13.58,27.86,0.00,0.00,21.93
2026-08-23T23:25:47Z,4.505,11495.3,0.858,1946.5,0.061,628.8,0.428,455.3,0.357,118.1,12.27,31.52,0.00,0.00,21.93
2026-08-23T23:25:48Z,3.976,11503.4,0.907,1946.5,0.065,629.1,0.428,455.0,0.361,118.1,12.57,34.09,0.00,0.00,21.61
2026-08-23T23:25:49Z,3.390,11498.6,0.892,1946.5,0.065,628.8,0.431,455.0,0.350,118.0,14.10,28.31,0.00,0.00,21.61
2026-08-23T23:25:51Z,3.376,11492.5,0.908,1946.4,0.067,628.8,0.422,455.0,0.352,118.0,13.74,24.20,0.00,0.00,21.61
2026-08-23T23:25:52Z,3.370,11513.8,0.908,1946.5,0.066,628.8,0.427,455.0,0.353,118.0,13.35,23.54,0.00,0.00,21.61
2026-08-23T23:25:53Z,3.341,11505.9,0.887,1946.4,0.065,628.8,0.424,455.0,0.349,118.0,13.56,25.51,0.00,0.00,20.92
2026-08-23T23:25:54Z,3.368,11498.2,0.899,1946.4,0.066,628.8,0.414,455.0,0.342,118.0,13.35,26.48,0.00,0.00,20.92
2026-08-23T23:25:55Z,3.468,11492.1,0.915,1946.5,0.066,629.1,0.437,453.2,0.358,118.0,13.34,25.28,0.00,0.00,20.92
2026-08-23T23:25:56Z,3.838,11480.5,0.880,1946.4,0.066,628.8,0.426,452.9,0.354,118.1,14.15,26.93,0.00,0.00,20.92
2026-08-23T23:25:57Z,5.194,11492.0,0.880,1946.5,0.064,628.8,0.434,453.0,0.347,118.1,18.81,38.88,0.00,0.00,20.92
2026-08-23T23:25:58Z,5.218,11499.1,0.872,1946.6,0.065,628.8,0.434,453.1,0.367,118.2,18.10,28.60,0.00,0.00,22.45
2026-08-23T23:25:59Z,4.743,11507.3,0.896,1946.5,0.065,628.8,0.437,453.0,0.368,118.0,21.97,32.94,0.00,0.00,22.45
2026-08-23T23:26:00Z,4.453,11506.7,0.933,1946.5,0.068,628.8,0.442,453.3,0.369,118.1,31.27,37.19,0.00,0.00,22.45
2026-08-23T23:26:01Z,4.409,11504.8,0.940,1946.5,0.070,629.1,0.452,453.0,0.371,118.0,31.76,33.32,0.00,0.00,22.45
2026-08-23T23:26:03Z,4.432,11501.1,0.879,1946.7,0.068,628.8,0.438,453.0,0.368,118.1,28.55,41.14,0.00,0.00,22.57
2026-08-23T23:26:04Z,4.275,11503.9,0.911,1946.5,0.067,628.8,0.437,453.0,0.364,118.0,33.38,37.21,0.00,0.00,22.57
2026-08-23T23:26:05Z,4.334,11480.8,0.897,1946.5,0.070,628.8,0.451,453.0,0.374,118.1,37.25,34.31,0.00,0.00,22.57
2026-08-23T23:26:06Z,5.102,11478.4,0.922,1946.5,0.066,628.8,0.437,453.0,0.374,118.1,30.74,28.91,0.00,0.00,22.57
2026-08-23T23:26:07Z,5.171,11474.5,0.856,1946.5,0.068,628.8,0.418,453.0,0.359,118.1,26.59,24.65,0.00,0.00,22.57
2026-08-23T23:26:08Z,4.958,11496.2,0.880,1946.5,0.066,628.8,0.448,453.0,0.368,118.1,35.83,28.17,0.00,0.00,22.29
2026-08-23T23:26:09Z,4.204,11479.4,0.898,1946.6,0.069,628.8,0.443,453.0,0.381,118.1,39.05,40.31,0.00,0.00,22.29
2026-08-23T23:26:10Z,4.288,11479.4,0.895,1946.5,0.071,628.8,0.439,453.2,0.372,118.3,31.66,37.80,0.00,0.00,22.29
2026-08-23T23:26:11Z,4.215,11482.8,0.876,1946.5,0.069,628.8,0.439,453.0,0.359,118.1,39.29,33.19,0.00,0.00,22.29
2026-08-23T23:26:12Z,4.253,11480.5,0.919,1946.5,0.069,628.8,0.452,453.0,0.369,118.1,36.18,36.13,0.00,0.00,22.29
2026-08-23T23:26:14Z,4.293,11478.3,0.898,1946.5,0.070,628.8,0.450,453.3,0.368,118.1,33.50,39.72,0.00,0.00,22.34
2026-08-23T23:26:15Z,4.412,11474.4,0.911,1946.5,0.067,628.8,0.432,453.0,0.364,118.1,28.76,41.26,0.00,0.00,22.34
2026-08-23T23:26:16Z,4.272,11473.2,0.889,1946.5,0.068,628.8,0.446,453.3,0.370,118.1,34.02,41.17,0.00,0.00,22.34
2026-08-23T23:26:17Z,4.563,11476.2,0.901,1946.5,0.067,628.8,0.452,453.5,0.372,118.1,36.97,29.45,0.00,0.00,22.34
2026-08-23T23:26:18Z,4.980,11466.7,0.896,1946.5,0.066,628.8,0.446,453.0,0.369,118.1,29.22,25.25,0.00,0.00,21.92
2026-08-23T23:26:19Z,4.207,11469.2,0.893,1946.5,0.068,628.8,0.440,453.0,0.365,118.1,38.96,43.37,0.00,0.00,21.92
2026-08-23T23:26:20Z,4.071,11472.2,0.912,1946.5,0.070,628.8,0.444,453.0,0.363,118.1,41.96,34.63,0.00,0.00,21.92
2026-08-23T23:26:21Z,4.231,11480.2,0.928,1946.5,0.068,628.8,0.443,452.9,0.365,118.0,44.53,37.16,0.00,0.00,21.92
2026-08-23T23:26:22Z,4.112,11461.2,0.900,1946.5,0.067,628.8,0.443,452.9,0.366,118.1,42.59,42.67,0.00,0.00,21.92
2026-08-23T23:26:23Z,4.106,11470.0,0.921,1946.8,0.066,628.8,0.440,453.0,0.366,118.1,43.28,39.95,0.00,0.00,21.92
2026-08-23T23:26:24Z,4.136,11477.8,0.891,1946.5,0.069,628.8,0.435,453.2,0.369,118.0,44.95,35.02,0.00,0.00,21.92
2026-08-23T23:26:26Z,4.098,11482.7,0.900,1946.5,0.068,628.8,0.440,453.0,0.374,118.1,42.17,35.72,0.00,0.00,21.92
2026-08-23T23:26:27Z,4.853,11459.9,0.891,1946.4,0.066,628.8,0.439,453.0,0.372,118.1,35.03,35.64,0.00,0.00,21.92
2026-08-23T23:26:28Z,5.387,11455.7,0.854,1946.8,0.066,628.8,0.450,453.1,0.355,118.2,25.53,27.83,0.00,0.00,23.77
2026-08-23T23:26:29Z,5.065,11458.9,0.892,1946.6,0.068,628.8,0.472,453.1,0.382,118.4,28.02,27.00,0.00,0.00,23.77
2026-08-23T23:26:30Z,4.741,11480.4,0.900,1946.5,0.066,628.8,0.442,453.1,0.369,118.4,32.83,29.99,0.00,0.00,23.77
2026-08-23T23:26:31Z,4.776,11472.1,0.910,1946.5,0.070,628.8,0.445,453.8,0.370,118.1,32.10,32.67,0.00,0.00,23.77
2026-08-23T23:26:32Z,4.418,11474.0,0.896,1946.6,0.069,628.8,0.440,453.4,0.362,118.1,37.70,34.39,0.00,0.00,23.77
2026-08-23T23:26:33Z,4.206,11472.0,0.912,1946.6,0.069,628.8,0.447,453.1,0.373,118.1,37.20,39.22,0.00,0.00,22.99
2026-08-23T23:26:34Z,4.161,11474.4,0.910,1946.6,0.068,628.8,0.446,453.1,0.368,118.1,39.73,34.77,0.00,0.00,22.99
2026-08-23T23:26:35Z,4.365,11471.6,0.906,1946.5,0.068,628.8,0.449,453.0,0.369,118.1,35.08,33.95,0.00,0.00,22.99
2026-08-23T23:26:36Z,4.399,11450.6,0.897,1946.5,0.071,628.8,0.443,453.1,0.376,118.1,38.18,36.66,0.00,0.00,22.99
2026-08-23T23:26:38Z,5.185,11462.5,0.865,1946.5,0.061,628.8,0.430,453.1,0.349,118.1,28.62,23.27,0.00,0.00,22.11
2026-08-23T23:26:39Z,4.494,11465.2,0.888,1946.5,0.069,628.8,0.445,453.2,0.368,118.1,31.19,39.27,0.00,0.00,22.11
2026-08-23T23:26:40Z,4.240,11471.3,0.890,1946.5,0.068,628.8,0.446,453.0,0.369,118.0,40.34,39.14,0.00,0.00,22.11
2026-08-23T23:26:41Z,4.051,11447.8,0.947,1946.6,0.067,628.8,0.435,453.1,0.364,118.1,39.86,38.29,0.00,0.00,22.11
2026-08-23T23:26:42Z,4.123,11453.6,0.887,1946.6,0.067,628.8,0.435,453.1,0.366,118.2,38.65,40.58,0.00,0.00,22.11
2026-08-23T23:26:43Z,4.291,11454.6,0.888,1946.6,0.067,628.8,0.435,453.0,0.363,118.1,30.49,45.35,0.00,0.00,22.18
2026-08-23T23:26:44Z,4.160,11463.9,0.909,1946.6,0.070,628.8,0.461,453.3,0.376,118.1,35.72,35.59,0.00,0.00,22.18
2026-08-23T23:26:45Z,4.238,11468.5,0.903,1946.8,0.069,629.1,0.455,453.3,0.376,118.1,34.63,32.82,0.00,0.00,22.18
2026-08-23T23:26:46Z,4.256,11454.2,0.898,1946.6,0.068,628.8,0.446,453.1,0.366,118.1,35.42,35.57,0.00,0.00,22.18
2026-08-23T23:26:47Z,5.183,11430.4,0.864,1946.6,0.063,628.8,0.427,452.9,0.346,118.3,13.41,18.24,0.00,0.00,22.18
2026-08-23T23:26:49Z,3.587,11457.2,0.893,1946.5,0.068,628.8,0.439,452.9,0.366,118.1,14.41,27.74,0.00,0.00,22.00
2026-08-23T23:26:50Z,3.389,11464.5,0.906,1946.8,0.068,628.8,0.428,452.9,0.355,118.1,14.50,35.81,0.00,0.00,22.00
2026-08-23T23:26:51Z,3.320,11483.4,0.864,1946.6,0.064,628.8,0.429,452.9,0.351,118.1,14.98,25.96,0.00,0.00,22.00
2026-08-23T23:26:52Z,3.364,11501.9,0.887,1946.5,0.066,628.8,0.424,453.1,0.355,118.1,14.58,25.70,0.00,0.00,22.00
2026-08-23T23:26:53Z,3.337,11507.2,0.893,1946.5,0.066,628.8,0.419,453.1,0.353,118.1,14.99,26.72,0.00,0.00,21.68
2026-08-23T23:26:54Z,3.327,11516.8,0.874,1946.8,0.067,628.8,0.425,453.1,0.357,118.4,14.28,32.99,0.00,0.00,21.68
2026-08-23T23:26:55Z,3.378,11526.7,0.879,1946.5,0.066,628.8,0.422,453.1,0.354,118.1,14.84,24.76,0.00,0.00,21.68
2026-08-23T23:26:56Z,3.377,11513.1,0.887,1946.5,0.065,628.8,0.425,452.9,0.352,118.0,14.24,25.22,0.00,0.00,21.68
2026-08-23T23:26:57Z,4.821,11500.0,0.861,1946.5,0.064,628.8,0.428,452.9,0.349,118.1,20.40,21.99,0.00,0.00,21.68
2026-08-23T23:26:58Z,5.233,11516.9,0.867,1946.8,0.066,629.1,0.438,453.1,0.371,118.1,20.75,15.81,0.00,0.00,22.83
2026-08-23T23:26:59Z,4.589,11524.6,0.883,1946.5,0.066,628.8,0.435,452.8,0.360,118.1,24.10,21.77,0.00,0.00,22.83
2026-08-23T23:27:00Z,4.260,11512.6,0.885,1946.5,0.065,628.8,0.436,452.8,0.364,118.3,33.40,24.62,0.00,0.00,22.83
2026-08-23T23:27:02Z,4.391,11508.6,0.952,1946.5,0.070,628.8,0.457,452.9,0.376,118.3,31.98,32.15,0.00,0.00,22.83
2026-08-23T23:27:03Z,4.523,11526.3,0.897,1946.5,0.068,628.8,0.452,452.8,0.363,118.0,26.64,32.50,0.00,0.00,21.88
2026-08-23T23:27:04Z,4.239,11550.0,0.909,1946.5,0.071,628.8,0.450,453.1,0.374,118.0,33.91,38.85,0.00,0.00,21.88
2026-08-23T23:27:05Z,4.304,11544.0,0.908,1946.5,0.070,628.8,0.443,452.9,0.380,118.0,35.61,27.43,0.00,0.00,21.88
2026-08-23T23:27:06Z,4.400,11537.8,0.932,1946.7,0.070,628.8,0.467,453.1,0.376,118.1,38.78,25.14,0.00,0.00,21.88
2026-08-23T23:27:07Z,4.896,11542.2,0.881,1946.5,0.067,628.8,0.431,452.9,0.362,118.1,33.92,21.98,0.00,0.00,21.88
2026-08-23T23:27:08Z,4.825,11549.9,0.894,1946.6,0.067,628.8,0.462,453.2,0.389,118.4,36.51,21.65,0.00,0.00,23.01
2026-08-23T23:27:09Z,4.157,11548.7,0.901,1946.6,0.068,628.8,0.450,452.9,0.375,118.1,40.59,28.94,0.00,0.00,23.01
2026-08-23T23:27:10Z,4.304,11569.4,0.927,1946.5,0.070,628.8,0.462,453.0,0.372,118.1,31.82,30.99,0.00,0.00,23.01
2026-08-23T23:27:11Z,4.144,11557.7,0.900,1946.5,0.068,628.8,0.454,453.2,0.368,118.1,38.23,53.37,0.00,0.00,23.01
2026-08-23T23:27:13Z,4.305,11563.7,0.912,1946.6,0.070,628.8,0.448,453.0,0.374,118.1,34.01,67.07,0.00,0.00,23.09
2026-08-23T23:27:14Z,4.211,11561.1,0.879,1946.6,0.065,628.8,0.439,452.9,0.358,118.1,34.44,35.78,0.00,0.00,23.09
2026-08-23T23:27:15Z,4.312,11579.5,0.897,1946.5,0.067,628.8,0.456,452.9,0.374,118.1,30.85,40.73,0.00,0.00,23.09
2026-08-23T23:27:16Z,4.320,11574.3,0.897,1946.5,0.070,628.8,0.444,452.9,0.372,118.1,35.57,31.76,0.00,0.00,23.09
2026-08-23T23:27:17Z,4.656,11585.5,0.875,1946.5,0.065,628.8,0.430,453.0,0.359,118.2,42.23,33.29,0.00,0.00,23.09
2026-08-23T23:27:18Z,4.935,11591.2,0.915,1946.6,0.067,628.8,0.466,453.2,0.381,118.2,65.84,54.31,0.00,0.00,23.73
2026-08-23T23:27:19Z,4.753,11603.8,0.865,1946.6,0.067,628.8,0.445,453.0,0.362,118.2,79.65,67.89,0.00,0.00,23.73
2026-08-23T23:27:20Z,4.680,11615.2,0.878,1946.6,0.070,628.8,0.447,453.0,0.367,118.1,74.05,70.07,0.00,0.00,23.73
2026-08-23T23:27:21Z,4.671,11624.3,0.890,1946.6,0.067,628.8,0.443,453.0,0.361,118.1,75.54,58.48,0.00,0.00,23.73
2026-08-23T23:27:22Z,4.592,11616.5,0.916,1946.6,0.067,628.8,0.448,453.2,0.366,118.3,69.30,55.73,0.00,0.00,23.73
2026-08-23T23:27:23Z,4.464,11637.7,0.858,1946.7,0.065,628.8,0.428,453.1,0.353,118.3,74.34,121.57,0.00,0.00,24.31
2026-08-23T23:27:25Z,4.699,11646.6,0.899,1946.9,0.067,628.8,0.444,453.0,0.370,118.2,76.76,98.87,0.00,0.00,24.31
2026-08-23T23:27:26Z,4.042,11635.2,0.785,1947.1,0.060,628.8,0.412,453.1,0.340,118.6,60.56,263.52,0.00,0.00,24.31
2026-08-23T23:27:27Z,5.368,11649.3,0.888,1946.7,0.061,628.8,0.450,453.3,0.379,118.4,53.25,46.16,0.00,0.00,24.31
2026-08-23T23:27:28Z,5.549,11645.9,0.859,1946.7,0.059,628.8,0.434,454.1,0.363,118.5,40.48,32.49,0.00,0.00,23.64
2026-08-23T23:27:29Z,5.399,11657.2,0.879,1946.7,0.061,628.8,0.451,454.6,0.371,118.4,47.84,42.30,0.00,0.00,23.64
2026-08-23T23:27:30Z,5.170,11645.5,0.876,1947.0,0.067,628.8,0.425,454.1,0.363,118.3,64.90,55.93,0.00,0.00,23.64
2026-08-23T23:27:31Z,4.921,11662.2,0.892,1946.7,0.069,628.8,0.446,454.1,0.359,118.4,68.27,59.66,0.00,0.00,23.64
2026-08-23T23:27:32Z,5.169,11668.4,0.908,1946.7,0.068,628.8,0.446,454.4,0.370,118.4,69.94,59.11,0.00,0.00,23.64
2026-08-23T23:27:33Z,4.578,11683.8,0.905,1946.6,0.064,628.8,0.443,454.4,0.364,118.3,70.72,96.33,0.00,0.00,23.19
2026-08-23T23:27:35Z,4.835,11679.2,0.907,1946.7,0.068,628.8,0.440,454.1,0.372,118.4,70.29,96.28,0.00,0.00,23.19
2026-08-23T23:27:36Z,5.153,11685.2,0.865,1946.6,0.065,628.8,0.432,454.1,0.359,118.3,42.99,71.27,0.00,0.00,23.19
2026-08-23T23:27:37Z,4.760,11682.5,0.768,1946.8,0.058,628.8,0.390,454.2,0.330,118.8,44.84,246.09,0.00,0.00,23.19
2026-08-23T23:27:38Z,5.408,11658.8,0.851,1946.9,0.063,628.8,0.435,454.2,0.389,118.4,36.59,28.52,0.00,0.00,25.42
2026-08-23T23:27:39Z,4.985,11672.7,0.894,1946.8,0.064,628.8,0.425,454.1,0.370,118.3,67.20,53.81,0.00,0.00,25.42
2026-08-23T23:27:40Z,4.772,11691.8,0.887,1946.8,0.069,628.8,0.442,454.4,0.377,118.3,76.76,74.00,0.00,0.00,25.42
2026-08-23T23:27:41Z,4.695,11674.7,0.900,1946.8,0.068,628.8,0.440,454.4,0.371,118.4,71.41,61.24,0.00,0.00,25.42
2026-08-23T23:27:42Z,4.771,11672.0,0.877,1946.8,0.069,628.8,0.442,454.1,0.367,118.3,76.61,67.56,0.00,0.00,25.42
2026-08-23T23:27:43Z,4.501,11686.1,0.916,1946.9,0.065,628.8,0.448,454.2,0.367,118.4,70.65,101.08,0.00,0.00,25.79
2026-08-23T23:27:44Z,4.450,11693.9,0.890,1946.9,0.065,628.8,0.435,454.2,0.360,118.4,67.60,97.67,0.00,0.00,25.79
2026-08-23T23:27:46Z,4.618,11683.1,0.917,1946.9,0.066,628.8,0.451,454.2,0.382,118.3,73.91,129.23,0.00,0.00,25.79
2026-08-23T23:27:47Z,4.774,11690.2,0.871,1946.8,0.068,628.8,0.434,454.4,0.361,118.3,65.60,62.37,0.00,0.00,25.79
2026-08-23T23:27:48Z,5.167,11512.5,0.794,1947.2,0.057,628.8,0.416,454.5,0.341,118.5,38.56,176.42,0.00,0.00,27.00
2026-08-23T23:27:49Z,5.227,11602.9,0.891,1947.0,0.066,628.8,0.459,454.4,0.385,118.4,54.92,48.03,0.00,0.00,27.00
2026-08-23T23:27:50Z,4.915,11654.1,0.922,1946.9,0.066,628.8,0.449,454.5,0.363,118.4,73.25,58.11,0.00,0.00,27.00
2026-08-23T23:27:51Z,4.881,11663.2,0.890,1946.9,0.066,628.8,0.437,454.5,0.365,118.4,69.25,57.71,0.00,0.00,27.00
2026-08-23T23:27:52Z,4.831,11662.3,0.879,1947.2,0.063,628.8,0.444,454.2,0.358,118.4,71.42,62.43,0.00,0.00,27.00
2026-08-23T23:27:53Z,4.655,11660.8,0.886,1947.0,0.063,628.8,0.461,454.8,0.366,118.5,66.78,103.46,0.00,0.00,28.45
2026-08-23T23:27:54Z,4.746,11679.4,0.891,1947.0,0.062,628.8,0.453,454.3,0.365,118.5,64.34,98.33,0.00,0.00,28.45
2026-08-23T23:27:56Z,4.885,11680.3,0.915,1947.1,0.063,628.8,0.447,454.5,0.373,118.3,64.49,62.10,0.00,0.00,28.45
2026-08-23T23:27:57Z,5.036,11683.0,0.844,1946.9,0.064,628.8,0.438,454.2,0.360,118.6,59.15,95.18,0.00,0.00,28.45
2026-08-23T23:27:58Z,5.290,11653.4,0.836,1947.0,0.065,628.8,0.407,454.3,0.352,118.4,47.21,78.09,0.00,0.00,30.25
2026-08-23T23:27:59Z,5.247,11679.0,0.831,1946.9,0.062,628.8,0.436,454.4,0.362,118.3,44.93,37.73,0.00,0.00,30.25
2026-08-23T23:28:00Z,4.422,11684.0,0.813,1947.0,0.064,628.8,0.402,454.8,0.327,118.5,55.89,205.24,0.00,0.00,30.25
2026-08-23T23:28:01Z,4.872,11678.9,0.885,1947.0,0.067,628.8,0.460,454.5,0.409,118.5,65.48,107.86,0.00,0.00,30.25
2026-08-23T23:28:02Z,5.013,11662.1,0.880,1946.9,0.071,629.1,0.436,455.1,0.373,118.5,71.63,58.54,0.00,0.00,30.25
2026-08-23T23:28:03Z,4.869,11678.2,0.920,1947.0,0.067,628.8,0.446,454.5,0.373,118.5,68.19,53.68,0.00,0.00,31.43
2026-08-23T23:28:04Z,4.903,11686.1,0.914,1947.0,0.071,628.8,0.433,454.7,0.367,118.8,77.43,65.85,0.00,0.00,31.43
2026-08-23T23:28:05Z,4.902,11689.4,0.919,1947.0,0.070,628.8,0.442,455.0,0.374,118.4,72.10,62.87,0.00,0.00,31.43
2026-08-23T23:28:07Z,4.946,11677.9,0.873,1947.5,0.068,628.8,0.440,454.5,0.368,118.5,66.52,50.65,0.00,0.00,31.43
2026-08-23T23:28:08Z,5.215,11675.4,0.851,1947.4,0.066,628.8,0.431,454.6,0.356,118.8,56.79,90.49,0.00,0.00,32.60
2026-08-23T23:28:09Z,5.051,11670.0,0.880,1947.1,0.064,628.8,0.446,454.8,0.370,118.5,41.00,74.47,0.00,0.00,32.60
2026-08-23T23:28:10Z,4.596,11684.7,0.883,1947.0,0.066,628.8,0.431,454.5,0.368,118.3,67.75,95.62,0.00,0.00,32.60
2026-08-23T23:28:11Z,4.633,11671.7,0.910,1947.0,0.068,628.8,0.446,454.8,0.359,118.3,69.44,87.74,0.00,0.00,32.60
2026-08-23T23:28:12Z,4.210,11653.8,0.828,1946.9,0.064,628.8,0.441,454.5,0.363,118.4,58.41,237.77,0.00,0.00,32.60
2026-08-23T23:28:13Z,4.681,11677.3,0.874,1946.9,0.069,628.8,0.438,454.6,0.367,118.4,61.69,57.90,0.00,0.00,33.03
2026-08-23T23:28:14Z,4.709,11672.0,0.880,1947.0,0.073,628.8,0.446,454.6,0.368,118.3,62.40,55.44,0.00,0.00,33.03
2026-08-23T23:28:15Z,4.575,11668.1,1.085,1947.4,0.067,628.8,0.437,454.3,0.354,118.5,79.76,66.29,0.00,0.00,33.03
2026-08-23T23:28:16Z,4.823,11665.4,0.935,1947.0,0.071,628.8,0.458,454.2,0.384,118.4,75.71,62.14,0.00,0.00,33.03
2026-08-23T23:28:18Z,5.219,11665.9,0.929,1947.1,0.065,628.8,0.428,454.2,0.359,118.4,40.11,33.50,0.00,0.00,31.75
2026-08-23T23:28:19Z,4.865,11665.2,0.942,1947.3,0.067,628.8,0.442,454.2,0.370,118.4,54.81,83.04,0.00,0.00,31.75
2026-08-23T23:28:20Z,4.603,11669.0,0.936,1947.0,0.069,628.8,0.446,454.2,0.373,118.3,69.32,100.15,0.00,0.00,31.75
2026-08-23T23:28:21Z,4.535,11681.0,0.922,1947.1,0.067,628.8,0.444,454.3,0.369,118.4,68.53,124.78,0.00,0.00,31.75
2026-08-23T23:28:22Z,4.650,11667.8,0.952,1947.1,0.069,628.8,0.435,454.2,0.371,118.3,66.94,54.47,0.00,0.00,31.75
2026-08-23T23:28:23Z,4.093,11647.7,0.858,1946.8,0.063,628.8,0.404,454.6,0.321,119.1,64.61,186.35,0.00,0.00,32.01
2026-08-23T23:28:24Z,4.435,11666.6,0.937,1947.0,0.068,628.8,0.474,454.5,0.393,118.6,65.13,123.03,0.00,0.00,32.01
2026-08-23T23:28:25Z,4.685,11665.4,0.939,1947.4,0.070,628.8,0.446,454.2,0.375,118.5,66.79,59.92,0.00,0.00,32.01
2026-08-23T23:28:26Z,4.905,11658.9,0.949,1947.1,0.069,628.8,0.446,454.5,0.372,118.6,63.23,65.25,0.00,0.00,32.01
2026-08-23T23:28:27Z,5.495,11643.1,0.833,1947.2,0.067,628.8,0.423,454.8,0.341,118.7,43.95,43.68,0.00,0.00,32.41
2026-08-23T23:28:29Z,5.531,11669.6,0.819,1947.1,0.068,628.8,0.415,454.3,0.352,118.7,42.65,37.95,0.00,0.00,32.41
2026-08-23T23:28:30Z,5.027,11672.9,0.972,1946.9,0.067,628.8,0.462,454.5,0.392,118.5,50.99,43.83,0.00,0.00,32.41
2026-08-23T23:28:31Z,5.176,11668.4,0.904,1947.0,0.070,628.8,0.428,454.2,0.362,118.5,68.26,60.45,0.00,0.00,32.41
2026-08-23T23:28:32Z,4.854,11654.4,0.929,1947.0,0.067,628.8,0.439,454.2,0.364,118.5,59.14,82.11,0.00,0.00,32.41
2026-08-23T23:28:33Z,4.951,11660.1,0.897,1947.0,0.069,628.8,0.442,454.4,0.375,118.4,66.03,85.02,0.00,0.00,30.37
2026-08-23T23:28:34Z,4.649,11660.1,0.908,1947.0,0.065,628.8,0.437,454.2,0.346,118.4,70.13,133.67,0.00,0.00,30.37
2026-08-23T23:28:35Z,4.255,11644.0,0.881,1947.1,0.063,628.8,0.472,454.3,0.386,118.4,58.50,215.13,0.00,0.00,30.37
2026-08-23T23:28:36Z,4.972,11649.8,0.900,1947.4,0.068,628.8,0.431,454.2,0.360,118.5,68.93,62.81,0.00,0.00,30.37
2026-08-23T23:28:37Z,5.365,11643.1,0.873,1947.2,0.064,628.8,0.421,454.3,0.341,118.5,44.33,37.40,0.00,0.00,30.37
2026-08-23T23:28:39Z,4.906,11623.4,0.915,1947.1,0.066,628.8,0.450,454.5,0.379,118.5,55.81,48.21,0.00,0.00,32.51
2026-08-23T23:28:40Z,4.731,11640.6,0.927,1947.1,0.069,628.8,0.442,454.3,0.365,118.4,69.03,62.54,0.00,0.00,32.51
2026-08-23T23:28:41Z,4.839,11642.0,0.886,1947.0,0.070,628.8,0.439,454.5,0.368,118.4,77.01,73.69,0.00,0.00,32.51
2026-08-23T23:28:42Z,4.642,11652.4,0.910,1947.0,0.069,628.8,0.436,454.2,0.368,118.5,68.14,104.28,0.00,0.00,32.51
2026-08-23T23:28:43Z,4.765,11645.6,0.902,1947.0,0.067,628.8,0.439,454.7,0.362,118.3,77.56,108.72,0.00,0.00,31.18
2026-08-23T23:28:44Z,4.572,11640.0,0.876,1946.8,0.064,628.8,0.420,454.2,0.352,118.3,78.94,151.23,0.00,0.00,31.18
2026-08-23T23:28:45Z,4.630,11627.4,0.888,1947.3,0.069,628.8,0.444,454.2,0.362,118.5,69.35,140.31,0.00,0.00,31.18
2026-08-23T23:28:46Z,4.299,11643.2,0.913,1947.1,0.066,628.8,0.473,454.2,0.401,118.7,61.02,195.38,0.00,0.00,31.18
2026-08-23T23:28:47Z,5.267,11658.0,0.848,1947.1,0.067,628.8,0.421,454.5,0.361,118.4,65.98,56.94,0.00,0.00,31.18
2026-08-23T23:28:48Z,5.162,11649.9,0.900,1947.1,0.064,628.8,0.459,454.2,0.381,118.4,58.00,44.65,0.00,0.00,32.93
2026-08-23T23:28:49Z,4.863,11647.5,0.920,1947.1,0.069,628.8,0.440,454.5,0.368,118.4,63.01,61.94,0.00,0.00,32.93
2026-08-23T23:28:51Z,4.714,11641.4,0.930,1947.0,0.067,628.8,0.440,454.5,0.364,118.4,75.35,68.44,0.00,0.00,32.93
2026-08-23T23:28:52Z,4.544,11652.5,0.891,1947.1,0.067,628.8,0.433,454.5,0.353,118.4,73.56,144.82,0.00,0.00,32.93
2026-08-23T23:28:53Z,4.808,11652.4,0.914,1947.4,0.067,628.8,0.432,454.5,0.370,118.7,76.33,65.22,0.00,0.00,33.42
2026-08-23T23:28:54Z,4.406,11640.5,0.879,1947.2,0.067,628.8,0.435,454.3,0.355,118.4,66.74,140.36,0.00,0.00,33.42
2026-08-23T23:28:55Z,4.930,11649.2,0.938,1947.0,0.067,628.8,0.440,454.2,0.382,118.4,64.53,66.43,0.00,0.00,33.42
2026-08-23T23:28:56Z,4.904,11653.4,0.925,1947.2,0.068,628.8,0.429,454.4,0.355,118.3,60.50,93.21,0.00,0.00,33.42
2026-08-23T23:28:57Z,4.482,11650.7,0.859,1947.4,0.063,628.8,0.405,453.4,0.355,118.4,53.52,237.34,0.00,0.00,33.42
2026-08-23T23:28:58Z,5.319,11642.4,0.922,1947.1,0.065,628.8,0.421,453.7,0.372,118.4,38.21,30.67,0.00,0.00,33.86
2026-08-23T23:28:59Z,4.974,11638.9,0.912,1947.1,0.068,628.8,0.440,453.6,0.366,118.4,70.88,67.33,0.00,0.00,33.86
2026-08-23T23:29:00Z,4.852,11632.8,0.925,1947.1,0.071,628.8,0.441,453.5,0.361,118.3,71.71,66.60,0.00,0.00,33.86
2026-08-23T23:29:02Z,4.871,11637.9,0.920,1947.0,0.072,628.8,0.446,453.3,0.374,118.3,56.68,64.81,0.00,0.00,33.86
2026-08-23T23:29:03Z,4.332,11651.1,0.898,1947.3,0.067,628.8,0.430,453.8,0.355,118.3,60.61,80.58,0.00,0.00,33.64
2026-08-23T23:29:04Z,4.174,11635.5,0.909,1947.0,0.067,628.8,0.440,453.2,0.364,118.5,57.57,114.31,0.00,0.00,33.64
2026-08-23T23:29:05Z,4.367,11646.1,0.933,1947.2,0.068,628.8,0.432,453.3,0.375,118.6,59.87,128.21,0.00,0.00,33.64
2026-08-23T23:29:06Z,4.628,11635.2,0.941,1947.1,0.069,628.8,0.457,453.3,0.374,118.3,48.30,55.79,0.00,0.00,33.64
2026-08-23T23:29:07Z,4.183,11619.0,0.846,1946.9,0.058,628.8,0.408,453.7,0.324,119.2,41.45,212.48,0.00,0.00,33.64
2026-08-23T23:29:08Z,4.827,11641.1,0.855,1947.2,0.062,628.8,0.445,453.5,0.358,118.9,32.85,169.40,0.00,0.00,34.95
2026-08-23T23:29:09Z,4.381,11640.2,0.953,1947.4,0.069,628.8,0.478,453.6,0.391,118.9,44.96,79.67,0.00,0.00,34.95
2026-08-23T23:29:10Z,4.114,11642.2,0.912,1947.3,0.065,628.8,0.447,453.6,0.364,118.8,52.74,104.52,0.00,0.00,34.95
2026-08-23T23:29:11Z,4.142,11626.0,0.885,1947.0,0.065,628.8,0.423,453.4,0.355,118.8,55.32,109.04,0.00,0.00,34.95
2026-08-23T23:29:12Z,4.222,11641.6,0.893,1947.3,0.065,628.8,0.429,453.6,0.346,119.0,59.54,132.72,0.00,0.00,34.95
2026-08-23T23:29:13Z,4.001,11623.2,0.921,1947.1,0.066,628.8,0.448,453.4,0.378,118.9,55.32,144.81,0.00,0.00,33.43
2026-08-23T23:29:15Z,4.149,11619.6,0.885,1947.1,0.062,628.8,0.414,453.4,0.342,119.1,54.70,148.16,0.00,0.00,33.43
2026-08-23T23:29:16Z,4.202,11624.0,0.958,1947.1,0.069,628.8,0.465,453.4,0.385,118.6,56.67,137.91,0.00,0.00,33.43
2026-08-23T23:29:17Z,4.205,11607.6,0.917,1947.2,0.064,628.8,0.441,453.9,0.377,118.6,50.21,151.03,0.00,0.00,33.43
2026-08-23T23:29:18Z,5.146,11605.6,0.866,1947.3,0.066,628.8,0.425,453.9,0.355,118.7,35.14,68.33,0.00,0.00,30.83
2026-08-23T23:29:19Z,3.818,11605.5,0.886,1947.2,0.062,628.8,0.445,453.6,0.380,118.8,40.62,248.66,0.00,0.00,30.83
2026-08-23T23:29:20Z,4.274,11613.1,0.905,1947.1,0.068,628.8,0.431,453.7,0.368,118.6,61.16,114.06,0.00,0.00,30.83
2026-08-23T23:29:21Z,4.256,11640.7,0.912,1947.3,0.065,628.8,0.425,454.1,0.348,118.6,56.57,108.76,0.00,0.00,30.83
2026-08-23T23:29:22Z,4.091,11614.9,0.922,1947.1,0.065,628.8,0.437,453.6,0.360,118.6,218.37,82.73,0.00,0.00,30.83
2026-08-23T23:29:23Z,4.165,11633.0,0.941,1947.1,0.067,628.8,0.450,453.6,0.367,118.6,393.51,48.23,0.00,0.00,29.88
2026-08-23T23:29:24Z,4.046,11592.5,0.890,1947.1,0.065,628.8,0.443,453.9,0.364,118.6,126.38,79.32,0.00,0.00,29.88
2026-08-23T23:29:25Z,4.186,11576.4,0.868,1947.4,0.060,628.8,0.407,453.7,0.348,118.5,12.44,128.34,0.00,0.00,29.88
2026-08-23T23:29:27Z,4.717,11605.6,0.927,1947.0,0.066,628.8,0.446,453.9,0.369,118.4,13.70,109.80,0.00,0.00,29.88
2026-08-23T23:29:28Z,5.378,11604.0,0.852,1947.1,0.066,628.8,0.421,453.8,0.363,118.4,12.59,76.80,0.00,0.00,32.14
2026-08-23T23:29:29Z,5.298,11609.6,0.871,1947.2,0.061,628.8,0.438,454.0,0.374,118.4,12.50,96.17,0.00,0.00,32.14
2026-08-23T23:29:30Z,4.735,11614.8,0.868,1947.1,0.065,628.8,0.417,453.9,0.348,118.3,13.40,103.91,0.00,0.00,32.14
2026-08-23T23:29:31Z,4.820,11601.9,0.893,1947.2,0.061,628.8,0.420,453.8,0.359,118.4,14.09,112.18,0.00,0.00,32.14
2026-08-23T23:29:32Z,4.541,11589.1,0.907,1947.1,0.065,628.8,0.433,453.7,0.356,118.5,14.00,110.40,0.00,0.00,32.14
2026-08-23T23:29:33Z,4.150,11607.6,0.879,1947.1,0.063,628.8,0.414,454.0,0.348,118.6,15.09,131.81,0.00,0.00,31.64
2026-08-23T23:29:34Z,4.334,11603.1,0.913,1947.2,0.063,629.1,0.431,453.9,0.363,118.6,13.74,141.81,0.00,0.00,31.64
2026-08-23T23:29:35Z,4.456,11587.9,0.912,1947.1,0.065,628.8,0.425,453.8,0.348,118.3,13.76,143.21,0.00,0.00,31.64
2026-08-23T23:29:36Z,4.499,11605.7,0.920,1947.0,0.063,628.8,0.425,454.0,0.367,118.2,14.84,122.88,0.00,0.00,31.64
2026-08-23T23:29:38Z,5.107,11574.0,0.880,1947.1,0.064,628.8,0.422,453.8,0.343,118.6,13.20,87.45,0.00,0.00,33.99
2026-08-23T23:29:39Z,4.537,11612.8,0.959,1947.1,0.064,628.8,0.450,453.7,0.386,118.3,13.31,115.63,0.00,0.00,33.99
2026-08-23T23:29:40Z,4.185,11604.1,0.901,1947.2,0.065,628.8,0.432,453.7,0.355,118.3,14.94,142.84,0.00,0.00,33.99
2026-08-23T23:29:41Z,4.255,11582.1,0.911,1947.3,0.064,628.8,0.433,454.0,0.355,118.3,15.47,142.76,0.00,0.00,33.99
2026-08-23T23:29:42Z,4.267,11581.1,0.895,1947.1,0.065,628.8,0.422,453.9,0.349,118.5,15.63,129.56,0.00,0.00,33.99
2026-08-23T23:29:43Z,4.235,11573.1,0.908,1947.1,0.064,628.8,0.427,453.7,0.359,118.3,15.09,141.99,0.00,0.00,31.75
2026-08-23T23:29:44Z,4.177,11586.5,0.894,1947.1,0.064,628.8,0.424,453.9,0.342,118.2,15.05,134.66,0.00,0.00,31.75
2026-08-23T23:29:45Z,4.317,11594.5,0.916,1947.3,0.066,628.8,0.440,453.7,0.370,118.2,16.86,129.25,0.00,0.00,31.75
2026-08-23T23:29:46Z,4.222,11598.8,0.908,1947.0,0.065,628.8,0.427,453.9,0.351,118.2,15.50,140.12,0.00,0.00,31.75
2026-08-23T23:29:47Z,5.040,11571.2,0.816,1947.5,0.060,628.8,0.405,453.8,0.333,118.3,15.20,134.38,0.00,0.00,31.75
2026-08-23T23:29:48Z,4.431,11592.3,0.942,1947.4,0.063,628.8,0.474,453.8,0.382,118.3,16.57,99.35,0.00,0.00,31.05
2026-08-23T23:29:50Z,4.287,11597.2,0.955,1947.1,0.060,628.8,0.417,453.7,0.345,118.3,15.59,131.58,0.00,0.00,31.05
2026-08-23T23:29:51Z,3.522,11574.9,0.783,1947.3,0.058,628.8,0.407,454.2,0.329,118.9,16.69,288.38,0.00,0.00,31.05
2026-08-23T23:29:52Z,4.296,11588.5,0.942,1947.1,0.065,628.8,0.469,453.8,0.387,118.7,17.22,120.76,0.00,0.00,31.05
2026-08-23T23:29:53Z,4.200,11588.5,0.891,1947.2,0.065,628.8,0.431,453.7,0.356,118.7,16.53,122.92,0.00,0.00,29.93
2026-08-23T23:29:54Z,4.261,11573.1,0.896,1947.5,0.063,628.8,0.431,453.8,0.360,118.8,16.12,143.37,0.00,0.00,29.93
2026-08-23T23:29:55Z,4.178,11585.1,0.900,1947.1,0.063,628.8,0.420,454.1,0.347,118.7,15.55,131.63,0.00,0.00,29.93
2026-08-23T23:29:56Z,4.228,11575.3,0.927,1947.1,0.063,628.8,0.444,453.8,0.375,118.7,16.62,118.93,0.00,0.00,29.93
2026-08-23T23:29:57Z,4.927,11594.5,0.858,1947.2,0.062,628.8,0.400,454.0,0.345,118.8,14.88,129.80,0.00,0.00,29.93
2026-08-23T23:29:58Z,5.082,11588.3,0.922,1947.2,0.064,628.8,0.447,454.3,0.378,118.8,15.88,84.61,0.00,0.00,28.89
2026-08-23T23:29:59Z,4.279,11582.4,0.906,1947.1,0.065,628.8,0.436,454.0,0.360,118.7,16.62,115.62,0.00,0.00,28.89
2026-08-23T23:30:01Z,4.264,11590.2,0.906,1947.2,0.063,628.8,0.430,453.7,0.367,118.5,16.27,136.90,0.00,0.00,28.89
2026-08-23T23:30:02Z,4.447,11569.1,0.933,1947.1,0.066,628.8,0.460,453.9,0.380,118.5,17.11,107.35,0.00,0.00,28.89
2026-08-23T23:30:03Z,4.847,11579.6,0.975,1947.3,0.068,628.8,0.480,453.8,0.371,118.5,626.80,93.36,0.00,0.00,29.70
2026-08-23T23:30:04Z,5.008,11550.1,0.865,1947.5,0.065,628.8,0.428,454.4,0.373,118.6,701.16,70.77,0.00,0.00,29.70
2026-08-23T23:30:05Z,5.116,11560.5,0.936,1947.3,0.067,628.8,0.445,453.8,0.378,118.4,582.86,54.89,0.00,0.00,29.70
2026-08-23T23:30:06Z,5.222,11563.2,0.938,1947.2,0.069,628.8,0.469,453.8,0.387,118.4,616.88,59.38,0.00,0.00,29.70
2026-08-23T23:30:07Z,5.244,11551.5,0.934,1947.5,0.067,628.8,0.456,453.9,0.392,118.5,659.73,15.80,0.00,0.00,29.70
2026-08-23T23:30:08Z,5.077,11545.5,0.908,1947.2,0.067,628.8,0.470,454.0,0.380,118.5,487.64,104.04,0.00,0.00,32.45
2026-08-23T23:30:09Z,5.325,11539.9,0.875,1947.5,0.067,628.8,0.468,454.1,0.366,118.4,452.81,87.90,0.00,0.00,32.45
2026-08-23T23:30:11Z,5.143,11537.0,0.990,1947.2,0.062,628.8,0.477,454.2,0.387,118.4,445.29,86.89,0.00,0.00,32.45
2026-08-23T23:30:12Z,5.056,11541.8,0.949,1947.1,0.070,628.8,0.456,453.7,0.382,118.3,577.41,100.00,0.00,0.00,32.45
2026-08-23T23:30:13Z,5.017,11559.9,0.960,1947.1,0.071,628.8,0.454,453.7,0.382,118.3,574.16,92.72,0.00,0.00,33.53
2026-08-23T23:30:14Z,5.031,11563.1,0.945,1947.2,0.068,628.8,0.466,453.9,0.385,118.6,611.39,108.89,0.00,0.00,33.53
2026-08-23T23:30:15Z,4.937,11559.3,0.953,1947.1,0.074,628.8,0.470,453.7,0.385,118.3,540.24,97.51,0.00,0.00,33.53
2026-08-23T23:30:16Z,5.051,11559.9,0.942,1947.1,0.073,628.8,0.463,453.7,0.387,118.2,373.15,116.06,0.00,0.00,33.53
2026-08-23T23:30:17Z,5.357,11544.7,0.908,1947.1,0.065,628.8,0.430,454.5,0.369,118.3,240.49,24.63,0.00,0.00,33.53
2026-08-23T23:30:18Z,5.111,11536.4,0.916,1947.2,0.066,628.8,0.443,454.1,0.376,118.3,311.15,79.32,0.00,0.00,34.21
2026-08-23T23:30:20Z,4.878,11520.0,0.925,1947.1,0.072,628.8,0.457,453.9,0.372,118.3,734.56,18.77,0.00,0.00,34.21
2026-08-23T23:30:21Z,3.877,11512.7,0.929,1947.1,0.067,628.8,0.439,453.9,0.367,118.4,21.75,25.83,0.00,0.00,34.21
2026-08-23T23:30:22Z,3.517,11546.1,0.938,1947.0,0.068,628.8,0.444,454.1,0.368,118.2,22.81,28.12,0.00,0.00,34.21
2026-08-23T23:30:23Z,3.462,11549.5,0.924,1947.0,0.065,629.1,0.435,453.6,0.364,118.2,21.52,113.29,0.00,0.00,31.79
2026-08-23T23:30:24Z,3.426,11525.1,0.932,1947.3,0.068,628.8,0.442,453.6,0.368,118.2,20.86,94.63,0.00,0.00,31.79
2026-08-23T23:30:25Z,3.473,11555.6,0.939,1946.9,0.067,628.8,0.442,453.6,0.369,118.1,20.73,27.14,0.00,0.00,31.79
2026-08-23T23:30:26Z,4.088,11560.1,0.928,1946.9,0.068,628.8,0.450,453.6,0.372,118.2,20.93,26.88,0.00,0.00,31.79
2026-08-23T23:30:27Z,5.175,11545.6,0.876,1946.9,0.065,628.8,0.436,453.9,0.346,118.2,19.02,18.80,0.00,0.00,31.79
2026-08-23T23:30:28Z,5.228,11523.8,0.870,1947.5,0.059,628.8,0.456,453.9,0.371,118.3,17.29,36.30,0.00,0.00,33.01
2026-08-23T23:30:29Z,4.478,11526.2,0.915,1947.1,0.068,628.8,0.446,453.6,0.380,118.5,20.07,25.25,0.00,0.00,33.01
2026-08-23T23:30:31Z,4.041,11531.3,0.922,1947.0,0.067,628.8,0.437,453.6,0.365,118.2,20.13,31.31,0.00,0.00,33.01
2026-08-23T23:30:32Z,3.457,11535.1,0.917,1947.1,0.067,628.8,0.429,453.8,0.356,118.2,20.70,29.95,0.00,0.00,33.01
2026-08-23T23:30:33Z,3.531,11543.4,0.931,1947.1,0.071,628.8,0.446,453.9,0.373,118.2,20.23,32.39,0.00,0.00,30.69
2026-08-23T23:30:34Z,3.503,11545.0,0.951,1947.1,0.067,628.8,0.440,453.6,0.366,118.2,20.04,24.81,0.00,0.00,30.69
2026-08-23T23:30:35Z,3.632,11545.7,0.949,1947.0,0.068,628.8,0.447,453.6,0.369,118.1,19.53,23.01,0.00,0.00,30.69
2026-08-23T23:30:36Z,3.754,11519.0,0.924,1947.0,0.069,628.8,0.442,453.9,0.368,118.2,20.15,26.29,0.00,0.00,30.69
2026-08-23T23:30:37Z,4.257,11521.3,0.893,1947.0,0.065,628.8,0.419,453.6,0.354,118.1,18.42,37.59,0.00,0.00,30.69
2026-08-23T23:30:38Z,4.659,11531.9,0.952,1947.3,0.066,628.8,0.479,453.2,0.393,118.2,112.20,20.47,0.00,0.00,30.07
2026-08-23T23:30:39Z,4.026,11530.4,0.966,1947.1,0.069,629.1,0.451,453.2,0.369,118.4,112.70,27.24,0.00,0.00,30.07
2026-08-23T23:30:40Z,4.201,11528.5,0.923,1947.1,0.063,628.8,0.435,453.4,0.361,118.4,43.05,49.59,0.00,0.00,30.07
2026-08-23T23:30:41Z,4.332,11520.5,0.954,1947.1,0.066,628.8,0.442,453.5,0.367,118.2,16.97,25.59,0.00,0.00,30.07
2026-08-23T23:30:43Z,3.462,11537.5,0.935,1947.0,0.065,628.8,0.440,453.3,0.363,118.2,18.93,35.71,0.00,0.00,30.07
2026-08-23T23:30:44Z,3.436,11523.0,0.940,1947.1,0.066,628.8,0.438,453.3,0.356,118.1,17.65,44.71,0.00,0.00,28.46
2026-08-23T23:30:45Z,3.437,11539.1,0.944,1947.0,0.067,628.8,0.436,453.3,0.365,118.2,18.52,38.98,0.00,0.00,28.46
2026-08-23T23:30:46Z,3.419,11521.3,0.908,1947.0,0.069,628.8,0.441,453.3,0.366,118.2,19.66,37.12,0.00,0.00,28.46
2026-08-23T23:30:47Z,4.020,11520.9,0.910,1947.1,0.067,628.8,0.428,453.3,0.356,118.2,17.79,38.75,0.00,0.00,28.46
2026-08-23T23:30:48Z,4.599,11515.2,0.920,1947.1,0.067,628.8,0.448,453.5,0.377,118.2,16.84,28.97,0.00,0.00,28.19
2026-08-23T23:30:49Z,3.467,11520.9,0.928,1947.1,0.066,628.8,0.437,453.4,0.364,118.3,17.41,56.80,0.00,0.00,28.19
2026-08-23T23:30:50Z,3.491,11514.4,0.950,1947.0,0.067,628.8,0.451,453.3,0.368,118.2,18.34,36.34,0.00,0.00,28.19
2026-08-23T23:30:51Z,3.522,11531.6,0.937,1947.0,0.065,628.8,0.432,453.3,0.354,118.4,16.57,33.42,0.00,0.00,28.19
2026-08-23T23:30:52Z,3.350,11517.2,0.925,1947.0,0.065,628.8,0.432,453.3,0.362,118.2,17.69,30.43,0.00,0.00,28.19
2026-08-23T23:30:53Z,3.430,11533.8,0.916,1947.3,0.066,628.8,0.434,453.7,0.362,118.1,17.67,38.18,0.00,0.00,26.73
2026-08-23T23:30:54Z,3.451,11525.4,0.910,1947.0,0.067,628.8,0.431,453.2,0.362,118.1,17.09,55.03,0.00,0.00,26.73
2026-08-23T23:30:56Z,3.479,11512.9,0.910,1947.2,0.065,628.8,0.433,453.5,0.360,118.1,18.19,35.99,0.00,0.00,26.73
2026-08-23T23:30:57Z,3.748,11512.6,0.898,1947.0,0.068,628.8,0.442,453.5,0.356,118.1,19.89,40.79,0.00,0.00,26.73
2026-08-23T23:30:58Z,5.094,11510.7,0.888,1947.0,0.066,628.8,0.460,453.3,0.374,118.4,16.79,24.79,0.00,0.00,26.91
2026-08-23T23:30:59Z,3.496,11509.9,0.904,1947.1,0.063,628.8,0.428,453.9,0.360,118.2,15.56,46.39,0.00,0.00,26.91
2026-08-23T23:31:00Z,3.554,11523.3,0.931,1947.0,0.065,628.8,0.450,453.5,0.369,118.2,16.55,36.51,0.00,0.00,26.91
2026-08-23T23:31:01Z,3.491,11510.4,0.932,1947.0,0.066,628.8,0.444,453.5,0.367,118.4,17.54,36.85,0.00,0.00,26.91
2026-08-23T23:31:02Z,3.490,11526.1,0.957,1947.0,0.069,628.8,0.445,453.2,0.368,118.1,16.50,38.47,0.00,0.00,26.91
2026-08-23T23:31:03Z,3.494,11520.0,0.926,1947.5,0.069,628.8,0.440,453.2,0.368,118.1,17.37,41.26,0.00,0.00,25.32
2026-08-23T23:31:04Z,3.483,11515.7,0.922,1947.3,0.066,628.8,0.446,453.2,0.363,118.1,17.33,44.18,0.00,0.00,25.32
2026-08-23T23:31:05Z,3.739,11506.7,0.941,1947.0,0.069,628.8,0.437,453.2,0.364,118.1,17.58,39.50,0.00,0.00,25.32
2026-08-23T23:31:07Z,3.987,11526.9,0.938,1947.0,0.070,628.8,0.456,453.2,0.381,118.3,18.33,38.92,0.00,0.00,25.32
2026-08-23T23:31:08Z,4.970,11496.6,0.889,1947.0,0.062,628.8,0.424,453.3,0.364,118.2,15.33,44.44,0.00,0.00,26.01
2026-08-23T23:31:09Z,3.860,11514.9,0.965,1947.2,0.066,628.8,0.458,453.7,0.377,118.1,17.01,37.76,0.00,0.00,26.01
2026-08-23T23:31:10Z,3.511,11521.0,0.950,1947.0,0.068,628.8,0.443,453.1,0.367,118.1,17.18,59.48,0.00,0.00,26.01
2026-08-23T23:31:11Z,3.647,11518.0,0.975,1947.0,0.068,628.8,0.444,453.1,0.364,118.1,17.66,39.52,0.00,0.00,26.01
2026-08-23T23:31:12Z,3.527,11506.1,0.942,1947.0,0.067,628.8,0.447,453.1,0.362,118.1,18.38,39.92,0.00,0.00,26.01
2026-08-23T23:31:13Z,3.429,11519.6,0.935,1947.0,0.067,628.8,0.431,453.4,0.360,118.1,17.20,39.40,0.00,0.00,24.97
2026-08-23T23:31:14Z,3.439,11507.8,0.938,1947.0,0.068,628.8,0.442,453.1,0.368,118.1,17.53,40.24,0.00,0.00,24.97
2026-08-23T23:31:15Z,3.531,11523.7,0.940,1946.9,0.068,628.8,0.435,453.1,0.363,118.0,17.22,44.17,0.00,0.00,24.97
2026-08-23T23:31:16Z,3.499,11512.1,0.935,1946.9,0.067,628.8,0.441,453.1,0.368,118.1,16.47,40.45,0.00,0.00,24.97
2026-08-23T23:31:17Z,4.667,11521.0,0.946,1946.9,0.066,628.8,0.441,453.1,0.367,118.1,61.08,47.72,0.00,0.00,24.97
2026-08-23T23:31:19Z,4.122,11522.6,0.953,1946.9,0.070,628.8,0.450,453.1,0.374,118.1,127.46,38.07,0.00,0.00,24.65
2026-08-23T23:31:20Z,4.965,11500.5,0.903,1947.0,0.068,628.8,0.441,453.1,0.364,118.1,72.26,36.18,0.00,0.00,24.65
2026-08-23T23:31:21Z,4.167,11491.8,0.942,1947.4,0.067,628.8,0.454,453.1,0.374,118.1,47.57,36.18,0.00,0.00,24.65
2026-08-23T23:31:22Z,4.057,11482.1,0.978,1946.9,0.069,628.8,0.452,453.1,0.372,118.1,41.56,35.08,0.00,0.00,24.65
2026-08-23T23:31:23Z,3.913,11496.3,0.988,1946.9,0.068,628.8,0.441,453.1,0.364,118.1,41.80,33.00,0.00,0.00,23.64
2026-08-23T23:31:24Z,3.956,11485.1,1.013,1946.9,0.067,628.8,0.440,453.3,0.365,118.1,43.09,34.42,0.00,0.00,23.64
2026-08-23T23:31:25Z,4.507,11494.5,0.906,1947.0,0.069,628.8,0.446,453.1,0.357,118.1,38.72,40.01,0.00,0.00,23.64
2026-08-23T23:31:26Z,4.855,11474.8,0.924,1946.9,0.067,628.8,0.454,453.1,0.376,118.0,37.57,30.56,0.00,0.00,23.64
2026-08-23T23:31:27Z,5.111,11492.4,0.881,1947.0,0.065,628.8,0.429,453.6,0.369,118.2,33.70,43.28,0.00,0.00,23.64
2026-08-23T23:31:28Z,4.668,11486.4,0.951,1947.0,0.069,628.8,0.466,453.6,0.379,118.1,37.36,30.39,0.00,0.00,23.83
2026-08-23T23:31:30Z,4.771,11495.4,0.937,1947.0,0.069,628.8,0.449,453.3,0.377,118.2,38.02,28.37,0.00,0.00,23.83
2026-08-23T23:31:31Z,3.883,11475.2,0.935,1947.0,0.067,629.1,0.444,453.3,0.362,118.1,40.71,34.65,0.00,0.00,23.83
2026-08-23T23:31:32Z,4.963,11474.4,0.891,1947.0,0.069,628.8,0.444,453.4,0.359,118.2,32.58,26.15,0.00,0.00,23.83
2026-08-23T23:31:33Z,4.420,11493.1,0.934,1947.0,0.066,628.8,0.450,453.4,0.369,118.2,36.31,25.51,0.00,0.00,22.32
2026-08-23T23:31:34Z,3.856,11493.5,0.939,1947.0,0.064,628.8,0.449,453.3,0.361,118.1,42.88,30.09,0.00,0.00,22.32
2026-08-23T23:31:35Z,4.118,11492.9,0.937,1947.0,0.068,628.8,0.445,453.3,0.365,118.1,43.28,38.36,0.00,0.00,22.32
2026-08-23T23:31:36Z,4.903,11485.0,0.911,1947.0,0.066,628.8,0.425,453.4,0.362,118.1,35.31,29.40,0.00,0.00,22.32
2026-08-23T23:31:37Z,4.658,11471.7,0.902,1947.0,0.068,628.8,0.440,453.7,0.365,118.2,37.79,44.10,0.00,0.00,22.32
2026-08-23T23:31:38Z,4.173,11475.2,0.919,1947.0,0.068,628.8,0.445,453.1,0.368,118.3,45.64,34.80,0.00,0.00,21.89
2026-08-23T23:31:39Z,3.868,11475.2,0.924,1947.1,0.068,628.8,0.447,453.1,0.367,118.1,44.35,29.75,0.00,0.00,21.89
2026-08-23T23:31:40Z,3.897,11485.5,0.949,1947.0,0.068,628.8,0.448,453.0,0.368,118.1,39.28,27.74,0.00,0.00,21.89
2026-08-23T23:31:42Z,4.853,11465.9,0.895,1947.1,0.063,628.8,0.448,453.5,0.369,118.3,32.22,17.43,0.00,0.00,21.89
2026-08-23T23:31:43Z,4.158,11475.6,0.910,1947.0,0.065,629.1,0.450,453.1,0.373,118.2,40.36,27.28,0.00,0.00,21.26
2026-08-23T23:31:44Z,3.892,11471.9,0.916,1947.0,0.067,628.8,0.440,453.4,0.365,118.1,45.67,32.13,0.00,0.00,21.26
2026-08-23T23:31:45Z,3.983,11472.0,0.929,1947.0,0.070,628.8,0.452,453.1,0.370,118.1,49.53,30.21,0.00,0.00,21.26
2026-08-23T23:31:46Z,3.922,11471.7,0.920,1947.0,0.068,628.8,0.438,453.1,0.363,118.1,46.82,33.81,0.00,0.00,21.26
2026-08-23T23:31:47Z,3.884,11466.2,0.910,1947.0,0.066,628.8,0.425,453.3,0.352,118.3,46.45,42.64,0.00,0.00,21.26
2026-08-23T23:31:48Z,3.834,11468.5,0.947,1947.0,0.070,628.8,0.457,453.1,0.383,118.2,42.27,27.53,0.00,0.00,20.92
2026-08-23T23:31:49Z,3.832,11488.1,0.941,1947.1,0.065,628.8,0.445,452.9,0.374,118.2,43.45,25.13,0.00,0.00,20.92
2026-08-23T23:31:50Z,3.782,11500.6,0.906,1946.9,0.065,628.8,0.426,452.5,0.351,118.2,41.91,30.31,0.00,0.00,20.92
2026-08-23T23:31:51Z,4.396,11493.3,0.862,1947.0,0.065,628.8,0.447,452.6,0.350,118.2,34.26,17.25,0.00,0.00,20.92
2026-08-23T23:31:52Z,4.484,11509.9,0.930,1947.4,0.065,628.8,0.458,452.8,0.387,118.2,39.55,19.49,0.00,0.00,20.92
2026-08-23T23:31:54Z,3.866,11499.0,0.914,1947.1,0.067,628.8,0.427,452.5,0.363,118.3,48.43,25.72,0.00,0.00,20.61
2026-08-23T23:31:55Z,3.945,11512.4,0.940,1947.1,0.069,628.8,0.438,452.5,0.365,118.2,50.12,22.69,0.00,0.00,20.61
2026-08-23T23:31:56Z,3.873,11517.7,0.925,1947.1,0.068,628.8,0.435,452.5,0.367,118.2,46.89,24.96,0.00,0.00,20.61
2026-08-23T23:31:57Z,4.000,11520.0,0.918,1947.1,0.069,628.8,0.440,453.1,0.368,118.2,48.06,21.23,0.00,0.00,20.61
2026-08-23T23:31:58Z,3.911,11535.9,0.915,1947.1,0.067,628.8,0.445,452.8,0.363,118.2,47.91,34.68,0.00,0.00,22.24
2026-08-23T23:31:59Z,3.926,11537.9,0.901,1947.2,0.068,628.8,0.442,452.6,0.367,118.3,47.86,21.08,0.00,0.00,22.24
2026-08-23T23:32:00Z,3.993,11565.6,0.913,1947.3,0.067,628.8,0.429,452.8,0.362,118.1,48.01,20.30,0.00,0.00,22.24
2026-08-23T23:32:01Z,4.296,11562.1,0.879,1947.0,0.067,628.8,0.428,452.9,0.358,118.3,44.76,22.27,0.00,0.00,22.24
2026-08-23T23:32:02Z,4.751,11545.4,0.940,1947.1,0.067,628.8,0.469,452.8,0.396,118.2,35.31,9.35,0.00,0.00,22.24
2026-08-23T23:32:03Z,3.945,11514.1,0.933,1947.1,0.068,628.8,0.444,452.5,0.375,118.5,46.81,18.56,0.00,0.00,21.74
2026-08-23T23:32:04Z,3.953,11545.8,0.915,1947.1,0.068,628.8,0.433,452.6,0.360,118.2,51.71,18.09,0.00,0.00,21.74
2026-08-23T23:32:05Z,4.254,11568.8,0.935,1947.0,0.072,628.8,0.456,452.5,0.383,118.2,44.09,16.33,0.00,0.00,21.74
2026-08-23T23:32:07Z,4.333,11562.0,0.928,1947.0,0.071,628.8,0.456,452.8,0.377,118.2,43.96,16.15,0.00,0.00,21.74
2026-08-23T23:32:08Z,4.042,11546.1,0.915,1947.0,0.068,628.8,0.436,452.5,0.365,118.2,43.11,37.42,0.00,0.00,21.20
2026-08-23T23:32:09Z,4.082,11568.0,0.956,1947.1,0.071,628.8,0.465,452.6,0.380,118.2,42.13,46.32,0.00,0.00,21.20
2026-08-23T23:32:10Z,3.934,11594.8,0.910,1947.0,0.068,628.8,0.439,452.5,0.369,118.1,47.71,46.27,0.00,0.00,21.20
2026-08-23T23:32:11Z,4.262,11593.4,0.925,1947.0,0.069,628.8,0.436,452.6,0.353,118.2,44.50,49.35,0.00,0.00,21.20
2026-08-23T23:32:12Z,5.167,11580.9,0.889,1947.2,0.065,628.8,0.442,452.7,0.367,118.4,31.89,33.30,0.00,0.00,21.20
2026-08-23T23:32:13Z,4.675,11614.6,0.926,1947.0,0.069,628.8,0.435,452.5,0.371,118.2,220.35,41.99,0.00,0.00,20.78
2026-08-23T23:32:14Z,4.489,11654.8,0.930,1947.2,0.067,628.8,0.433,453.0,0.363,118.1,312.83,107.97,0.00,0.00,20.78
2026-08-23T23:32:15Z,4.349,11662.4,0.928,1947.0,0.066,628.8,0.440,452.7,0.372,118.4,296.50,153.73,0.00,0.00,20.78
2026-08-23T23:32:16Z,3.675,11675.3,0.800,1947.2,0.059,628.8,0.407,452.9,0.325,118.4,234.23,321.03,0.00,0.00,20.78
2026-08-23T23:32:18Z,4.406,11689.5,0.917,1947.1,0.067,628.8,0.435,452.8,0.370,118.3,279.18,51.07,0.00,0.00,21.20
2026-08-23T23:32:19Z,4.288,11702.2,0.921,1947.2,0.069,628.8,0.451,452.5,0.373,118.3,248.14,112.13,0.00,0.00,21.20
2026-08-23T23:32:20Z,4.086,11704.1,0.906,1947.2,0.065,628.8,0.435,452.5,0.357,118.2,233.97,138.67,0.00,0.00,21.20
2026-08-23T23:32:21Z,4.349,11690.8,0.891,1947.2,0.064,628.8,0.436,452.6,0.369,118.4,240.51,169.38,0.00,0.00,21.20
2026-08-23T23:32:22Z,5.062,11666.4,0.855,1947.4,0.059,628.8,0.395,452.9,0.333,118.4,132.50,185.58,0.00,0.00,21.20
2026-08-23T23:32:23Z,5.252,11688.2,0.934,1947.1,0.064,628.8,0.438,453.2,0.373,118.3,129.23,29.11,0.00,0.00,22.15
2026-08-23T23:32:24Z,5.004,11686.0,0.899,1947.1,0.067,628.8,0.429,452.7,0.352,118.3,145.49,46.06,0.00,0.00,22.15
2026-08-23T23:32:25Z,4.493,11692.1,0.882,1947.3,0.064,628.8,0.461,452.8,0.382,118.4,197.31,142.00,0.00,0.00,22.15
2026-08-23T23:32:26Z,4.991,11688.1,0.907,1947.4,0.068,628.8,0.433,452.8,0.368,118.4,154.86,85.06,0.00,0.00,22.15
2026-08-23T23:32:27Z,5.063,11688.4,0.865,1947.1,0.063,628.8,0.422,452.9,0.353,118.4,122.04,81.33,0.00,0.00,22.15
2026-08-23T23:32:29Z,4.498,11674.9,0.840,1947.4,0.064,628.8,0.422,453.0,0.360,118.4,149.78,250.30,0.00,0.00,22.13
2026-08-23T23:32:30Z,5.165,11681.5,0.902,1947.2,0.066,628.8,0.428,453.0,0.365,118.4,192.51,33.49,0.00,0.00,22.13
2026-08-23T23:32:31Z,5.124,11688.1,0.902,1947.5,0.066,628.8,0.452,452.8,0.368,118.4,115.01,34.65,0.00,0.00,22.13
2026-08-23T23:32:32Z,5.499,11675.5,0.854,1947.2,0.063,628.8,0.404,453.0,0.354,118.5,139.82,75.13,0.00,0.00,22.13
2026-08-23T23:32:33Z,5.201,11665.5,0.835,1947.1,0.061,628.8,0.430,453.0,0.351,118.3,131.40,180.81,0.00,0.00,23.72
2026-08-23T23:32:34Z,5.202,11669.8,0.899,1947.2,0.064,628.8,0.464,452.7,0.371,118.4,150.22,130.25,0.00,0.00,23.72
2026-08-23T23:32:35Z,5.382,11687.6,0.851,1947.5,0.068,628.8,0.424,452.7,0.357,118.3,116.70,45.98,0.00,0.00,23.72
2026-08-23T23:32:36Z,5.187,11669.2,0.891,1947.3,0.061,628.8,0.421,452.7,0.357,118.3,135.61,34.02,0.00,0.00,23.72
2026-08-23T23:32:37Z,4.593,11696.0,0.909,1947.2,0.065,628.8,0.444,452.9,0.371,118.3,167.48,103.31,0.00,0.00,23.72
2026-08-23T23:32:38Z,4.181,11664.9,0.889,1947.2,0.063,628.8,0.416,452.8,0.342,118.3,253.21,199.11,0.00,0.00,23.27
2026-08-23T23:32:40Z,4.075,11692.0,0.923,1947.6,0.068,628.8,0.459,452.8,0.387,118.4,230.41,175.86,0.00,0.00,23.27
2026-08-23T23:32:41Z,4.360,11688.9,0.961,1947.3,0.070,628.8,0.437,452.8,0.368,118.2,247.03,46.32,0.00,0.00,23.27
2026-08-23T23:32:42Z,5.016,11690.7,0.877,1947.2,0.065,628.8,0.418,452.8,0.357,118.6,193.86,108.65,0.00,0.00,23.27
2026-08-23T23:32:43Z,4.486,11672.8,0.924,1947.2,0.059,628.8,0.446,452.8,0.365,118.3,183.38,116.58,0.00,0.00,22.68
2026-08-23T23:32:44Z,3.590,11653.2,0.876,1947.6,0.061,628.8,0.417,452.9,0.353,118.6,194.98,289.03,0.00,0.00,22.68
2026-08-23T23:32:45Z,4.355,11676.1,0.959,1947.2,0.066,628.8,0.449,452.8,0.381,118.5,234.20,29.50,0.00,0.00,22.68
2026-08-23T23:32:46Z,4.244,11678.0,0.959,1947.3,0.067,628.8,0.443,452.8,0.359,118.5,216.72,65.95,0.00,0.00,22.68
2026-08-23T23:32:47Z,4.216,11657.8,0.929,1947.3,0.066,628.8,0.428,453.0,0.364,118.5,248.94,151.26,0.00,0.00,22.68
2026-08-23T23:32:48Z,4.107,11681.7,0.934,1947.3,0.068,628.8,0.460,453.2,0.377,118.5,212.96,116.47,0.00,0.00,25.11
2026-08-23T23:32:49Z,4.186,11679.0,0.944,1947.2,0.064,628.8,0.423,453.1,0.359,118.4,215.06,123.18,0.00,0.00,25.11
2026-08-23T23:32:51Z,3.903,11684.1,0.845,1947.3,0.061,628.8,0.432,453.1,0.360,118.4,204.84,238.83,0.00,0.00,25.11
2026-08-23T23:32:52Z,5.061,11694.5,0.945,1947.3,0.064,628.8,0.441,453.1,0.358,118.6,151.47,14.66,0.00,0.00,25.11
2026-08-23T23:32:53Z,4.655,11672.6,0.902,1947.3,0.065,628.8,0.432,453.2,0.365,118.4,210.48,70.90,0.00,0.00,24.38
2026-08-23T23:32:54Z,4.161,11682.0,0.929,1947.4,0.065,628.8,0.426,452.9,0.349,118.5,233.18,167.22,0.00,0.00,24.38
2026-08-23T23:32:55Z,3.683,11661.5,0.870,1947.4,0.061,628.8,0.423,453.0,0.347,118.4,225.06,297.98,0.00,0.00,24.38
2026-08-23T23:32:56Z,4.554,11679.6,0.968,1947.3,0.068,628.8,0.469,452.9,0.393,118.5,269.18,15.24,0.00,0.00,24.38
2026-08-23T23:32:57Z,4.235,11666.9,0.933,1947.3,0.063,628.8,0.430,452.9,0.361,118.4,256.67,128.89,0.00,0.00,24.38
2026-08-23T23:32:58Z,4.239,11650.6,0.984,1947.5,0.066,628.8,0.438,453.4,0.362,118.3,227.42,18.33,0.00,0.00,24.19
2026-08-23T23:32:59Z,4.172,11660.0,0.894,1947.5,0.066,628.8,0.433,452.9,0.354,118.4,174.98,19.41,0.00,0.00,24.19
2026-08-23T23:33:00Z,4.259,11672.2,0.915,1947.2,0.066,628.8,0.432,452.9,0.357,118.3,207.41,18.99,0.00,0.00,24.19
2026-08-23T23:33:02Z,5.158,11657.8,0.885,1947.3,0.065,628.8,0.434,453.0,0.352,118.4,188.76,12.69,0.00,0.00,24.19
2026-08-23T23:33:03Z,4.158,11650.8,0.880,1947.5,0.062,628.8,0.456,453.2,0.375,118.6,108.34,212.00,0.00,0.00,24.26
2026-08-23T23:33:04Z,4.201,11644.7,0.907,1947.2,0.066,628.8,0.431,452.9,0.352,118.4,203.41,19.80,0.00,0.00,24.26
2026-08-23T23:33:05Z,4.264,11645.0,0.924,1947.3,0.066,628.8,0.433,452.9,0.362,118.3,210.66,32.76,0.00,0.00,24.26
2026-08-23T23:33:06Z,4.598,11675.4,0.924,1947.5,0.067,628.8,0.442,453.2,0.368,118.6,227.55,17.25,0.00,0.00,24.26
2026-08-23T23:33:07Z,4.384,11652.5,0.928,1947.3,0.067,628.8,0.434,452.9,0.363,118.3,172.76,21.70,0.00,0.00,24.26
2026-08-23T23:33:08Z,4.267,11651.2,0.898,1947.2,0.066,628.8,0.434,452.9,0.356,118.6,193.36,17.94,0.00,0.00,23.59
2026-08-23T23:33:09Z,4.161,11676.6,0.913,1947.4,0.068,628.8,0.434,452.9,0.359,118.3,185.45,21.87,0.00,0.00,23.59
2026-08-23T23:33:10Z,4.280,11651.3,0.936,1947.2,0.067,628.8,0.435,452.9,0.361,118.4,228.59,21.49,0.00,0.00,23.59
2026-08-23T23:33:11Z,5.020,11648.7,0.908,1947.2,0.065,628.8,0.436,453.0,0.363,118.3,201.79,17.29,0.00,0.00,23.59
2026-08-23T23:33:13Z,4.907,11632.1,0.913,1947.2,0.063,628.8,0.441,452.7,0.366,118.2,117.04,14.82,0.00,0.00,23.59
2026-08-23T23:33:14Z,5.228,11639.5,0.908,1947.2,0.067,628.8,0.434,452.7,0.360,118.2,146.14,16.84,0.00,0.00,24.83
2026-08-23T23:33:15Z,5.100,11636.1,0.904,1947.1,0.068,628.8,0.443,452.7,0.355,118.2,135.23,30.88,0.00,0.00,24.83
2026-08-23T23:33:16Z,5.241,11646.8,0.886,1947.1,0.064,628.8,0.427,452.6,0.353,118.1,150.81,15.33,0.00,0.00,24.83
2026-08-23T23:33:17Z,5.301,11644.8,0.856,1947.1,0.065,628.8,0.427,452.6,0.359,118.2,132.77,16.81,0.00,0.00,24.83
2026-08-23T23:33:18Z,5.406,11646.1,0.859,1947.1,0.065,628.8,0.449,452.7,0.361,118.1,185.38,21.12,0.00,0.00,26.04
2026-08-23T23:33:19Z,5.142,11625.4,0.893,1947.2,0.067,628.8,0.431,452.6,0.358,118.4,139.45,18.39,0.00,0.00,26.04
2026-08-23T23:33:20Z,5.340,11629.8,0.868,1947.1,0.065,629.1,0.419,452.6,0.345,118.1,149.21,24.67,0.00,0.00,26.04
2026-08-23T23:33:21Z,5.381,11634.6,0.874,1947.1,0.063,628.8,0.422,452.7,0.347,118.2,67.38,14.75,0.00,0.00,26.04
2026-08-23T23:33:22Z,5.345,11630.0,0.919,1947.1,0.063,628.8,0.423,452.7,0.357,118.4,140.96,11.39,0.00,0.00,26.04
2026-08-23T23:33:24Z,4.365,11635.0,0.944,1947.1,0.068,628.8,0.457,452.7,0.377,118.2,157.27,24.24,0.00,0.00,25.48
2026-08-23T23:33:25Z,4.256,11571.7,0.945,1947.1,0.068,628.8,0.439,452.6,0.362,118.1,161.49,43.75,0.00,0.00,25.48
2026-08-23T23:33:26Z,4.129,11424.5,0.910,1947.0,0.067,628.8,0.442,452.6,0.365,118.1,7.63,34.02,0.00,0.00,25.48
2026-08-23T23:33:27Z,4.900,11457.5,0.897,1947.0,0.065,628.8,0.433,452.9,0.364,118.2,7.54,32.75,0.00,0.00,25.48
2026-08-23T23:33:28Z,4.706,11488.6,0.889,1947.0,0.064,628.8,0.415,452.6,0.343,118.1,7.10,52.83,0.00,0.00,25.12
2026-08-23T23:33:29Z,4.127,11517.6,0.917,1947.3,0.065,628.8,0.433,452.6,0.359,118.1,7.50,30.48,0.00,0.00,25.12
2026-08-23T23:33:30Z,3.591,11549.6,0.949,1947.0,0.068,628.8,0.445,453.1,0.364,118.1,8.13,33.88,0.00,0.00,25.12
2026-08-23T23:33:31Z,3.695,11605.7,0.894,1947.4,0.067,628.8,0.425,453.3,0.345,118.4,7.73,43.65,0.00,0.00,25.12
2026-08-23T23:33:32Z,4.678,11606.3,0.934,1947.3,0.067,628.8,0.461,453.2,0.376,118.3,6.56,16.21,0.00,0.00,25.12
2026-08-23T23:33:33Z,3.331,11622.4,0.927,1947.2,0.066,628.8,0.425,452.9,0.354,118.3,7.44,20.52,0.00,0.00,23.83
2026-08-23T23:33:35Z,3.339,11639.5,0.908,1947.3,0.066,628.8,0.431,452.7,0.357,118.3,8.50,25.13,0.00,0.00,23.83
2026-08-23T23:33:36Z,4.101,11624.2,0.906,1947.3,0.062,628.8,0.430,453.1,0.360,118.3,8.11,22.25,0.00,0.00,23.83
2026-08-23T23:33:37Z,4.527,11642.5,0.899,1947.3,0.066,628.8,0.430,452.7,0.354,118.3,7.70,19.63,0.00,0.00,23.83
2026-08-23T23:33:38Z,3.890,11628.3,0.880,1947.2,0.063,628.8,0.426,452.9,0.353,118.5,8.57,30.44,0.00,0.00,22.48
2026-08-23T23:33:39Z,3.442,11632.2,0.890,1947.2,0.064,628.8,0.430,452.7,0.355,118.2,8.91,40.26,0.00,0.00,22.48
2026-08-23T23:33:40Z,3.299,11619.1,0.896,1947.2,0.065,629.1,0.422,452.9,0.349,118.2,8.63,26.35,0.00,0.00,22.48
2026-08-23T23:33:41Z,3.661,11617.9,0.907,1947.4,0.067,628.8,0.423,452.7,0.359,118.2,8.36,25.17,0.00,0.00,22.48
2026-08-23T23:33:42Z,4.746,11620.4,0.894,1947.2,0.065,628.8,0.427,453.0,0.368,118.1,7.60,18.48,0.00,0.00,22.48
2026-08-23T23:33:43Z,3.354,11607.2,0.929,1947.2,0.065,628.8,0.434,452.5,0.358,118.5,8.17,21.30,0.00,0.00,21.72
2026-08-23T23:33:44Z,3.317,11622.3,0.920,1947.1,0.065,628.8,0.435,452.8,0.361,118.2,8.02,19.85,0.00,0.00,21.72
2026-08-23T23:33:45Z,3.319,11608.9,0.927,1947.1,0.064,628.8,0.440,452.8,0.356,118.1,8.10,21.01,0.00,0.00,21.72
2026-08-23T23:33:47Z,3.400,11627.0,0.946,1947.1,0.068,628.8,0.433,452.5,0.369,118.2,7.78,20.27,0.00,0.00,21.72
2026-08-23T23:33:48Z,3.361,11597.5,0.918,1947.1,0.066,628.8,0.427,452.5,0.355,118.1,7.72,34.03,0.00,0.00,21.98
2026-08-23T23:33:49Z,3.267,11612.7,0.900,1947.1,0.063,628.8,0.418,452.8,0.350,118.1,7.39,26.28,0.00,0.00,21.98
2026-08-23T23:33:50Z,3.309,11629.2,0.932,1947.1,0.067,628.8,0.448,452.5,0.373,118.4,7.63,21.02,0.00,0.00,21.98
2026-08-23T23:33:51Z,3.449,11623.4,0.892,1947.1,0.065,629.3,0.419,453.0,0.353,118.1,8.15,24.91,0.00,0.00,21.98
2026-08-23T23:33:52Z,4.791,11599.3,0.874,1947.1,0.062,628.8,0.426,452.7,0.362,118.3,7.22,16.74,0.00,0.00,21.98
2026-08-23T23:33:53Z,3.406,11617.8,0.904,1947.1,0.065,628.8,0.423,452.5,0.352,118.3,9.23,25.28,0.00,0.00,20.70
2026-08-23T23:33:54Z,3.356,11605.7,0.908,1947.1,0.066,628.8,0.419,452.5,0.355,118.1,8.48,26.20,0.00,0.00,20.70
2026-08-23T23:33:55Z,3.377,11622.4,0.925,1947.1,0.069,628.8,0.433,452.5,0.356,118.1,8.48,24.23,0.00,0.00,20.70
2026-08-23T23:33:56Z,3.306,11594.3,0.898,1947.2,0.063,628.8,0.440,452.6,0.366,118.2,7.43,34.72,0.00,0.00,20.70
2026-08-23T23:33:57Z,3.520,11610.1,0.937,1947.2,0.067,628.8,0.436,452.5,0.359,118.2,7.79,20.16,0.00,0.00,20.70
2026-08-23T23:33:59Z,3.290,11596.0,0.909,1947.2,0.064,628.8,0.428,452.8,0.351,118.2,8.07,26.16,0.00,0.00,19.77
2026-08-23T23:34:00Z,3.362,11611.3,0.926,1947.3,0.065,628.8,0.440,453.0,0.368,118.3,7.74,33.52,0.00,0.00,19.77
2026-08-23T23:34:01Z,3.423,11598.3,0.917,1947.1,0.068,628.8,0.443,453.0,0.364,118.2,8.81,25.11,0.00,0.00,19.77
2026-08-23T23:34:02Z,4.776,11590.0,0.898,1947.2,0.066,628.8,0.432,452.6,0.355,118.3,7.21,18.41,0.00,0.00,19.77
2026-08-23T23:34:03Z,3.607,11599.2,0.924,1947.1,0.065,628.8,0.431,452.6,0.358,118.2,8.31,24.25,0.00,0.00,18.34
2026-08-23T23:34:04Z,3.303,11616.2,0.890,1947.5,0.064,628.8,0.419,452.6,0.349,118.3,8.31,25.47,0.00,0.00,18.34
2026-08-23T23:34:05Z,3.378,11587.7,0.905,1947.1,0.064,629.1,0.423,452.5,0.355,118.2,8.44,39.41,0.00,0.00,18.34
2026-08-23T23:34:06Z,3.739,11611.3,0.919,1947.1,0.069,628.8,0.434,452.6,0.369,118.2,8.16,29.21,0.00,0.00,18.34
2026-08-23T23:34:07Z,3.715,11607.4,0.936,1947.2,0.067,628.8,0.443,452.6,0.366,118.2,8.51,32.99,0.00,0.00,18.34
2026-08-23T23:34:08Z,3.492,11606.3,0.937,1947.4,0.069,628.8,0.439,452.8,0.364,118.2,8.08,37.10,0.00,0.00,17.36
2026-08-23T23:34:09Z,3.379,11609.2,0.921,1947.1,0.067,628.8,0.433,452.4,0.353,118.2,7.96,45.08,0.00,0.00,17.36
2026-08-23T23:34:11Z,3.453,11609.1,0.922,1947.1,0.069,628.8,0.446,452.7,0.369,118.1,8.72,35.69,0.00,0.00,17.36
2026-08-23T23:34:12Z,4.479,11588.0,0.868,1947.2,0.063,628.8,0.426,452.8,0.350,118.2,7.35,13.42,0.00,0.00,17.36
2026-08-23T23:34:13Z,3.640,11600.7,0.914,1947.1,0.066,628.8,0.439,452.5,0.364,118.2,8.69,18.62,0.00,0.00,16.53
2026-08-23T23:34:14Z,3.391,11574.5,0.895,1947.1,0.064,628.8,0.425,452.5,0.353,118.1,15.06,33.83,0.00,0.00,16.53
2026-08-23T23:34:15Z,3.329,11585.8,0.905,1947.1,0.067,628.8,0.434,452.8,0.357,118.1,8.83,21.18,0.00,0.00,16.53
2026-08-23T23:34:16Z,3.492,11598.4,0.924,1947.1,0.067,628.8,0.430,452.8,0.357,118.1,9.62,20.09,0.00,0.00,16.53
2026-08-23T23:34:17Z,3.292,11608.5,0.886,1947.1,0.065,628.8,0.415,453.0,0.349,118.1,8.58,20.32,0.00,0.00,16.53
2026-08-23T23:34:18Z,3.258,11589.5,0.894,1947.4,0.064,628.8,0.430,452.5,0.349,118.1,8.40,19.58,0.00,0.00,15.36
2026-08-23T23:34:19Z,3.298,11601.0,0.890,1947.1,0.066,628.8,0.429,453.0,0.351,118.1,8.89,28.16,0.00,0.00,15.36
2026-08-23T23:34:20Z,3.385,11581.1,0.928,1947.1,0.067,628.8,0.438,452.7,0.363,118.1,8.57,19.06,0.00,0.00,15.36
2026-08-23T23:34:21Z,4.133,11593.2,0.897,1947.4,0.064,628.8,0.412,452.8,0.337,118.2,7.79,30.76,0.00,0.00,15.36
2026-08-23T23:34:22Z,4.732,11565.6,0.922,1947.1,0.064,628.8,0.458,452.5,0.378,118.4,14.80,16.54,0.00,0.00,15.36
2026-08-23T23:34:24Z,4.290,11573.2,0.895,1947.1,0.066,628.8,0.441,453.0,0.363,118.2,23.67,24.90,0.00,0.00,14.85
2026-08-23T23:34:25Z,4.315,11575.9,0.897,1947.2,0.066,628.8,0.445,452.5,0.360,118.1,22.08,24.35,0.00,0.00,14.85
2026-08-23T23:34:26Z,4.278,11583.2,0.911,1947.1,0.067,628.8,0.448,452.6,0.368,118.2,27.33,25.31,0.00,0.00,14.85
2026-08-23T23:34:27Z,4.511,11594.3,0.925,1947.0,0.066,628.8,0.450,452.8,0.364,118.2,28.68,18.81,0.00,0.00,14.85
2026-08-23T23:34:28Z,4.473,11573.8,0.900,1947.0,0.067,628.8,0.438,453.0,0.359,118.2,24.84,22.44,0.00,0.00,14.30
2026-08-23T23:34:29Z,4.210,11586.8,0.903,1947.0,0.066,628.8,0.437,452.8,0.358,118.2,26.53,32.74,0.00,0.00,14.30
2026-08-23T23:34:30Z,4.792,11577.8,0.903,1947.2,0.068,629.1,0.433,452.5,0.367,118.4,21.79,37.53,0.00,0.00,14.30
2026-08-23T23:34:31Z,4.953,11572.0,0.889,1947.1,0.067,628.8,0.436,452.5,0.352,118.2,25.08,35.21,0.00,0.00,14.30
2026-08-23T23:34:32Z,5.184,11504.7,0.888,1947.1,0.061,629.1,0.446,452.6,0.373,118.2,19.48,16.19,0.00,0.00,14.30
2026-08-23T23:34:33Z,4.530,11549.8,0.992,1947.1,0.065,628.8,0.443,452.5,0.366,118.2,32.05,21.26,0.00,0.00,14.44
2026-08-23T23:34:35Z,4.244,11566.8,0.918,1947.1,0.069,628.8,0.445,452.7,0.364,118.1,30.86,25.41,0.00,0.00,14.44
2026-08-23T23:34:36Z,4.522,11575.9,0.903,1947.1,0.066,628.8,0.431,452.5,0.367,118.4,18.92,29.61,0.00,0.00,14.44
2026-08-23T23:34:37Z,4.617,11582.1,0.919,1947.1,0.068,628.8,0.437,452.8,0.360,118.1,17.96,25.92,0.00,0.00,14.44
2026-08-23T23:34:38Z,5.040,11546.3,0.899,1947.4,0.066,628.8,0.440,452.7,0.356,118.4,24.44,18.00,0.00,0.00,15.05
2026-08-23T23:34:39Z,5.167,11539.6,0.901,1947.1,0.066,628.8,0.435,452.7,0.356,118.1,23.19,17.86,0.00,0.00,15.05
2026-08-23T23:34:40Z,5.075,11547.9,0.868,1947.0,0.065,628.8,0.428,452.5,0.360,118.4,25.05,27.07,0.00,0.00,15.05
2026-08-23T23:34:41Z,5.329,11548.4,0.846,1947.2,0.066,628.8,0.415,452.5,0.353,118.1,23.01,29.92,0.00,0.00,15.05
2026-08-23T23:34:42Z,5.339,11514.4,0.895,1947.1,0.061,628.8,0.423,452.5,0.357,118.2,19.87,15.87,0.00,0.00,15.05
2026-08-23T23:34:43Z,5.190,11540.9,0.904,1947.2,0.067,628.8,0.444,452.5,0.373,118.1,24.23,32.90,0.00,0.00,15.76
2026-08-23T23:34:44Z,5.112,11536.9,0.890,1947.1,0.064,628.8,0.434,452.5,0.351,118.2,23.70,32.27,0.00,0.00,15.76
2026-08-23T23:34:45Z,5.180,11560.7,0.880,1947.1,0.072,628.8,0.443,452.5,0.370,118.1,23.67,33.11,0.00,0.00,15.76
2026-08-23T23:34:47Z,4.435,11536.1,0.912,1947.4,0.068,628.8,0.440,452.8,0.366,118.1,30.56,38.33,0.00,0.00,15.76
2026-08-23T23:34:48Z,4.482,11540.6,0.922,1947.1,0.072,628.8,0.445,452.8,0.372,118.1,30.94,38.45,0.00,0.00,16.42
2026-08-23T23:34:49Z,4.841,11468.9,0.891,1947.1,0.066,628.8,0.439,452.7,0.362,118.1,13.74,35.15,0.00,0.00,16.42
2026-08-23T23:34:50Z,3.609,11502.1,0.925,1947.0,0.068,628.8,0.443,452.7,0.362,118.1,8.11,48.55,0.00,0.00,16.42
2026-08-23T23:34:51Z,3.496,11559.1,0.924,1947.1,0.065,628.8,0.441,452.5,0.368,118.1,8.14,57.16,0.00,0.00,16.42
2026-08-23T23:34:52Z,4.904,11559.0,0.904,1947.1,0.066,628.8,0.446,452.7,0.376,118.2,7.27,35.98,0.00,0.00,16.42
2026-08-23T23:34:53Z,3.551,11562.6,0.926,1947.1,0.067,628.8,0.436,452.4,0.358,118.1,7.60,39.63,0.00,0.00,16.31
2026-08-23T23:34:54Z,3.401,11567.1,0.910,1947.1,0.068,628.8,0.435,452.9,0.358,118.6,8.07,42.15,0.00,0.00,16.31
2026-08-23T23:34:55Z,3.414,11572.1,0.908,1947.0,0.067,628.8,0.431,452.4,0.360,118.1,8.57,40.69,0.00,0.00,16.31
2026-08-23T23:34:56Z,3.387,11565.5,0.897,1947.0,0.065,628.8,0.429,452.4,0.355,118.0,8.17,30.51,0.00,0.00,16.31
2026-08-23T23:34:57Z,3.459,11498.5,0.894,1947.0,0.066,628.8,0.431,452.7,0.353,118.3,8.32,26.92,0.00,0.00,16.31
2026-08-23T23:34:58Z,3.353,11530.1,0.920,1947.1,0.066,628.8,0.436,452.4,0.359,118.1,7.48,37.72,0.00,0.00,15.64
2026-08-23T23:35:00Z,3.361,11546.9,0.901,1947.1,0.066,628.8,0.429,452.7,0.356,118.4,8.15,24.56,0.00,0.00,15.64
2026-08-23T23:35:01Z,3.305,11563.2,0.888,1947.1,0.065,628.8,0.424,452.4,0.358,118.1,8.27,47.29,0.00,0.00,15.64
2026-08-23T23:35:02Z,4.808,11570.1,0.914,1947.0,0.069,628.8,0.443,452.4,0.380,118.1,7.58,20.07,0.00,0.00,15.64
2026-08-23T23:35:03Z,3.743,11544.6,0.904,1947.1,0.064,628.8,0.432,452.9,0.361,118.1,8.20,29.93,0.00,0.00,15.99
2026-08-23T23:35:04Z,3.348,11571.1,0.898,1947.1,0.067,628.8,0.437,452.5,0.362,118.2,8.70,33.30,0.00,0.00,15.99
2026-08-23T23:35:05Z,3.411,11558.6,0.911,1947.1,0.068,628.8,0.430,452.4,0.358,118.1,8.11,24.69,0.00,0.00,15.99
2026-08-23T23:35:06Z,3.662,11542.6,0.902,1947.1,0.066,628.8,0.435,452.5,0.357,118.1,8.17,22.58,0.00,0.00,15.99
2026-08-23T23:35:07Z,3.559,11574.1,0.891,1947.1,0.064,628.8,0.424,452.4,0.351,118.1,8.13,37.64,0.00,0.00,15.99
2026-08-23T23:35:08Z,3.373,11560.7,0.878,1947.1,0.065,628.8,0.419,452.4,0.346,118.1,8.64,24.66,0.00,0.00,16.15
2026-08-23T23:35:09Z,3.285,11547.0,0.884,1947.0,0.066,628.8,0.428,452.4,0.358,118.1,8.63,25.01,0.00,0.00,16.15
2026-08-23T23:35:10Z,3.305,11561.7,0.890,1947.1,0.067,628.8,0.431,452.4,0.359,118.1,7.90,30.22,0.00,0.00,16.15
2026-08-23T23:35:12Z,4.406,11563.1,0.874,1947.0,0.065,628.8,0.431,452.5,0.346,118.2,7.19,19.11,0.00,0.00,16.15
2026-08-23T23:35:13Z,3.821,11559.9,0.891,1947.3,0.066,629.1,0.430,452.9,0.369,118.1,7.81,22.80,0.00,0.00,15.90
2026-08-23T23:35:14Z,3.297,11545.0,0.887,1947.1,0.065,628.8,0.425,452.4,0.347,118.4,8.18,23.45,0.00,0.00,15.90
2026-08-23T23:35:15Z,3.246,11545.4,0.878,1947.1,0.065,628.8,0.425,452.9,0.348,118.1,7.49,37.37,0.00,0.00,15.90
2026-08-23T23:35:16Z,3.320,11560.1,0.898,1947.0,0.064,628.8,0.421,452.4,0.351,118.1,8.51,24.09,0.00,0.00,15.90
2026-08-23T23:35:17Z,3.403,11546.6,0.915,1947.1,0.066,628.8,0.425,452.7,0.355,118.3,9.09,23.62,0.00,0.00,15.90
2026-08-23T23:35:18Z,3.262,11560.5,0.882,1947.0,0.065,628.8,0.420,452.4,0.349,118.1,8.30,24.10,0.00,0.00,15.35
2026-08-23T23:35:19Z,3.265,11545.9,0.884,1947.1,0.065,628.8,0.416,452.4,0.354,118.4,8.54,23.76,0.00,0.00,15.35
2026-08-23T23:35:20Z,3.306,11559.7,0.892,1947.0,0.065,628.8,0.424,452.4,0.359,118.0,8.31,30.17,0.00,0.00,15.35
2026-08-23T23:35:21Z,3.895,11524.7,0.885,1947.0,0.066,628.8,0.422,452.7,0.345,118.1,8.07,21.54,0.00,0.00,15.35
2026-08-23T23:35:22Z,4.271,11529.0,0.895,1947.1,0.065,628.8,0.428,452.7,0.369,118.1,7.59,17.70,0.00,0.00,15.35
2026-08-23T23:35:23Z,3.275,11529.3,0.877,1947.3,0.063,628.8,0.416,452.4,0.347,118.1,8.10,36.47,0.00,0.00,15.40
2026-08-23T23:35:25Z,3.297,11542.9,0.894,1947.1,0.065,628.8,0.428,452.4,0.358,118.1,8.91,23.70,0.00,0.00,15.40
2026-08-23T23:35:26Z,3.347,11556.1,0.906,1947.1,0.066,628.8,0.437,453.2,0.360,118.3,8.09,21.05,0.00,0.00,15.40
2026-08-23T23:35:27Z,3.938,11539.8,0.906,1947.0,0.067,628.8,0.436,452.4,0.363,118.1,8.06,20.50,0.00,0.00,15.40
2026-08-23T23:35:28Z,3.664,11554.6,0.878,1947.1,0.067,628.8,0.432,452.5,0.353,118.1,8.69,22.31,0.00,0.00,15.53
2026-08-23T23:35:29Z,4.141,11539.5,0.872,1947.0,0.064,628.8,0.413,452.7,0.350,118.1,8.06,21.35,0.00,0.00,15.53
2026-08-23T23:35:30Z,4.163,11554.3,0.874,1947.0,0.066,628.8,0.427,452.4,0.355,118.1,8.19,22.45,0.00,0.00,15.53
2026-08-23T23:35:31Z,4.290,11523.2,0.897,1947.1,0.066,628.8,0.434,452.7,0.352,118.1,7.20,41.62,0.00,0.00,15.53
2026-08-23T23:35:32Z,4.621,11513.4,0.876,1947.1,0.063,628.8,0.437,452.5,0.364,118.2,7.34,33.59,0.00,0.00,15.53
2026-08-23T23:35:33Z,3.343,11529.9,0.872,1947.1,0.066,628.8,0.417,452.7,0.349,118.1,8.26,26.21,0.00,0.00,15.73
2026-08-23T23:35:34Z,3.235,11547.7,0.891,1947.1,0.066,628.8,0.419,452.4,0.351,118.4,8.48,27.52,0.00,0.00,15.73
2026-08-23T23:35:35Z,3.363,11535.8,0.885,1947.2,0.067,628.8,0.432,452.9,0.357,118.1,8.20,26.20,0.00,0.00,15.73
2026-08-23T23:35:36Z,3.605,11551.9,0.899,1947.1,0.065,628.8,0.419,452.5,0.355,118.1,7.88,23.85,0.00,0.00,15.73
2026-08-23T23:35:38Z,3.529,11540.1,0.890,1947.1,0.065,628.8,0.420,452.5,0.358,118.1,7.64,26.50,0.00,0.00,15.73
2026-08-23T23:35:39Z,3.255,11530.0,0.869,1947.1,0.064,628.8,0.411,452.4,0.346,118.1,7.58,27.01,0.00,0.00,15.59
2026-08-23T23:35:40Z,3.216,11522.4,0.864,1947.1,0.062,628.8,0.408,452.4,0.337,118.1,8.25,27.88,0.00,0.00,15.59
2026-08-23T23:35:41Z,3.264,11532.9,0.870,1947.1,0.065,629.1,0.416,452.5,0.359,118.1,7.65,48.65,0.00,0.00,15.59
2026-08-23T23:35:42Z,4.692,11517.9,0.872,1947.1,0.062,628.8,0.428,452.4,0.354,118.1,7.52,19.74,0.00,0.00,15.59
2026-08-23T23:35:43Z,3.323,11537.0,0.891,1947.3,0.063,628.8,0.427,452.9,0.344,118.1,7.36,21.70,0.00,0.00,16.34
2026-08-23T23:35:44Z,3.174,11524.5,0.861,1947.1,0.063,628.8,0.419,452.5,0.350,118.1,7.56,21.18,0.00,0.00,16.34
2026-08-23T23:35:45Z,3.207,11542.8,0.868,1947.3,0.063,628.8,0.414,452.4,0.350,118.1,8.31,26.49,0.00,0.00,16.34
2026-08-23T23:35:46Z,3.231,11533.5,0.876,1947.1,0.062,628.8,0.412,452.4,0.352,118.1,8.60,28.15,0.00,0.00,16.34
2026-08-23T23:35:47Z,3.262,11526.1,0.867,1947.1,0.065,628.8,0.420,452.4,0.341,118.3,8.51,28.70,0.00,0.00,16.34
2026-08-23T23:35:48Z,3.238,11521.6,0.858,1947.1,0.065,628.8,0.413,452.9,0.343,118.1,8.52,29.54,0.00,0.00,16.15
2026-08-23T23:35:49Z,4.365,11508.8,0.856,1947.1,0.065,628.8,0.429,452.4,0.355,118.1,9.23,40.92,0.00,0.00,16.15
2026-08-23T23:35:50Z,4.742,11509.5,0.857,1947.0,0.067,628.8,0.425,452.4,0.350,118.0,9.92,26.59,0.00,0.00,16.15
2026-08-23T23:35:52Z,5.416,11481.0,0.788,1947.0,0.063,628.8,0.403,452.6,0.329,118.2,10.87,34.19,0.00,0.00,16.15
2026-08-23T23:35:53Z,4.820,11511.9,0.886,1947.1,0.063,628.8,0.447,452.6,0.388,118.4,9.94,26.35,0.00,0.00,17.42
2026-08-23T23:35:54Z,4.751,11514.8,0.868,1947.2,0.066,628.8,0.440,452.8,0.358,118.2,10.30,30.18,0.00,0.00,17.42
2026-08-23T23:35:55Z,4.877,11518.0,0.881,1947.1,0.066,629.1,0.433,452.6,0.355,118.1,10.60,29.53,0.00,0.00,17.42
2026-08-23T23:35:56Z,4.881,11494.4,0.881,1947.1,0.065,628.8,0.410,452.6,0.353,118.1,10.17,30.86,0.00,0.00,17.42
2026-08-23T23:35:57Z,5.147,11493.2,0.852,1947.1,0.062,628.8,0.428,452.9,0.351,118.1,7.51,28.09,0.00,0.00,17.42
2026-08-23T23:35:58Z,3.609,11513.1,0.838,1947.1,0.061,628.8,0.419,452.6,0.347,118.1,7.94,50.80,0.00,0.00,16.75
2026-08-23T23:35:59Z,3.304,11507.1,0.864,1947.1,0.065,628.8,0.422,452.9,0.357,118.1,8.36,30.03,0.00,0.00,16.75
2026-08-23T23:36:00Z,3.419,11495.4,0.890,1947.1,0.068,628.8,0.436,453.1,0.357,118.1,8.08,23.28,0.00,0.00,16.75
2026-08-23T23:36:01Z,3.945,11493.9,0.828,1947.1,0.066,628.8,0.415,452.7,0.346,118.4,8.00,30.55,0.00,0.00,16.75
2026-08-23T23:36:02Z,4.284,11503.3,0.844,1947.1,0.064,628.8,0.438,452.5,0.360,118.1,7.31,34.99,0.00,0.00,16.75
2026-08-23T23:36:04Z,3.274,11494.9,0.850,1947.1,0.065,628.8,0.421,452.8,0.353,118.2,8.04,25.87,0.00,0.00,16.77
2026-08-23T23:36:05Z,3.348,11515.5,0.852,1947.1,0.065,628.8,0.420,452.8,0.348,118.1,8.57,26.02,0.00,0.00,16.77
2026-08-23T23:36:06Z,3.415,11507.2,0.857,1947.3,0.068,628.8,0.421,452.8,0.356,118.1,8.53,24.32,0.00,0.00,16.77
2026-08-23T23:36:07Z,3.503,11515.3,0.908,1947.1,0.065,628.8,0.409,452.8,0.349,118.2,7.95,39.19,0.00,0.00,16.77
2026-08-23T23:36:08Z,3.416,11507.9,0.867,1947.1,0.063,628.8,0.408,452.7,0.345,118.1,8.29,28.30,0.00,0.00,15.99
2026-08-23T23:36:09Z,3.346,11500.0,0.877,1947.4,0.063,628.8,0.426,452.5,0.348,118.1,8.10,28.52,0.00,0.00,15.99
2026-08-23T23:36:10Z,3.266,11490.7,0.862,1947.1,0.065,628.8,0.424,452.5,0.353,118.3,8.19,28.18,0.00,0.00,15.99
2026-08-23T23:36:11Z,3.784,11495.3,0.877,1947.1,0.063,628.8,0.432,452.8,0.355,118.2,7.10,22.91,0.00,0.00,15.99
2026-08-23T23:36:12Z,4.226,11501.4,0.858,1947.1,0.064,628.8,0.433,452.5,0.358,118.1,6.66,28.10,0.00,0.00,15.99
2026-08-23T23:36:13Z,3.257,11495.5,0.867,1947.1,0.064,628.8,0.416,452.7,0.348,118.2,8.37,28.59,0.00,0.00,15.27
2026-08-23T23:36:14Z,3.293,11520.6,0.868,1947.1,0.064,629.1,0.419,452.4,0.354,118.1,8.38,28.92,0.00,0.00,15.27
2026-08-23T23:36:16Z,3.267,11502.8,0.874,1947.1,0.066,628.8,0.429,452.5,0.354,118.1,8.49,43.39,0.00,0.00,15.27
2026-08-23T23:36:17Z,3.283,11499.9,0.869,1947.1,0.065,628.8,0.411,452.6,0.353,118.1,8.82,32.68,0.00,0.00,15.27
2026-08-23T23:36:18Z,3.403,11497.6,0.893,1947.0,0.065,628.8,0.419,452.9,0.346,118.1,9.56,30.88,0.00,0.00,15.24
2026-08-23T23:36:19Z,3.263,11491.9,0.881,1947.1,0.065,628.8,0.429,452.4,0.351,118.1,8.66,28.51,0.00,0.00,15.24
2026-08-23T23:36:20Z,3.227,11510.5,0.877,1947.3,0.063,628.8,0.415,452.6,0.351,118.0,8.65,24.09,0.00,0.00,15.24
2026-08-23T23:36:21Z,3.344,11507.7,0.873,1947.1,0.065,628.8,0.422,452.4,0.354,118.1,8.30,25.13,0.00,0.00,15.24
2026-08-23T23:36:22Z,4.746,11488.4,0.887,1947.1,0.061,628.8,0.416,452.4,0.355,118.1,7.24,23.21,0.00,0.00,15.24
2026-08-23T23:36:23Z,3.365,11494.1,0.853,1947.0,0.062,628.8,0.412,452.4,0.349,118.4,8.57,37.58,0.00,0.00,15.71
2026-08-23T23:36:24Z,3.280,11509.8,0.876,1947.0,0.065,628.8,0.419,452.6,0.356,118.1,8.35,24.21,0.00,0.00,15.71
2026-08-23T23:36:25Z,3.454,11498.1,0.853,1947.0,0.067,628.8,0.420,452.4,0.350,118.0,8.15,23.27,0.00,0.00,15.71
2026-08-23T23:36:26Z,4.449,11483.7,0.863,1947.2,0.065,628.8,0.432,452.7,0.367,118.1,7.84,18.03,0.00,0.00,15.71
2026-08-23T23:36:27Z,4.590,11500.0,0.845,1947.0,0.063,629.1,0.427,452.7,0.348,118.1,7.35,18.21,0.00,0.00,15.71
2026-08-23T23:36:29Z,3.819,11489.3,0.854,1947.0,0.065,628.8,0.423,452.4,0.349,118.1,8.38,21.85,0.00,0.00,15.25
2026-08-23T23:36:30Z,3.333,11506.8,0.867,1947.0,0.065,628.8,0.420,452.7,0.345,118.0,8.08,24.43,0.00,0.00,15.25
2026-08-23T23:36:31Z,3.262,11497.8,0.870,1947.0,0.066,628.8,0.410,452.4,0.354,118.1,8.30,23.86,0.00,0.00,15.25
2026-08-23T23:36:32Z,4.449,11468.6,0.829,1947.2,0.063,628.8,0.393,452.6,0.343,118.6,6.93,37.70,0.00,0.00,15.25
2026-08-23T23:36:33Z,3.664,11484.6,0.914,1947.2,0.064,628.8,0.435,452.5,0.370,118.2,8.05,36.29,0.00,0.00,15.15
2026-08-23T23:36:34Z,3.284,11497.6,0.875,1947.4,0.066,628.8,0.415,452.8,0.350,118.2,8.29,21.57,0.00,0.00,15.15
2026-08-23T23:36:35Z,3.280,11480.5,0.843,1947.2,0.065,628.8,0.412,452.5,0.348,118.2,8.19,20.46,0.00,0.00,15.15
2026-08-23T23:36:36Z,3.633,11492.4,0.863,1947.2,0.065,628.8,0.424,452.5,0.357,118.2,7.81,20.61,0.00,0.00,15.15
2026-08-23T23:36:37Z,3.538,11504.8,0.899,1947.1,0.063,628.8,0.420,452.5,0.353,118.4,7.68,17.80,0.00,0.00,15.15
2026-08-23T23:36:38Z,3.351,11490.9,0.872,1947.2,0.063,628.8,0.424,452.6,0.354,118.2,8.14,22.63,0.00,0.00,14.74
2026-08-23T23:36:39Z,3.257,11478.3,0.857,1947.2,0.065,628.8,0.414,452.5,0.338,118.2,8.22,21.84,0.00,0.00,14.74
2026-08-23T23:36:41Z,3.254,11493.6,0.877,1947.1,0.063,628.8,0.421,452.5,0.347,118.1,8.20,22.98,0.00,0.00,14.74
2026-08-23T23:36:42Z,4.350,11485.1,0.832,1947.1,0.060,628.8,0.418,452.6,0.344,118.2,7.50,31.38,0.00,0.00,14.74
2026-08-23T23:36:43Z,3.682,11480.6,0.863,1947.1,0.065,628.8,0.424,452.4,0.350,118.4,7.70,26.40,0.00,0.00,14.44
2026-08-23T23:36:44Z,3.280,11494.2,0.871,1947.1,0.066,628.8,0.419,452.4,0.345,118.4,8.35,22.31,0.00,0.00,14.44
2026-08-23T23:36:45Z,3.233,11481.8,0.876,1947.0,0.065,628.8,0.411,452.4,0.352,118.1,8.99,22.38,0.00,0.00,14.44
2026-08-23T23:36:46Z,3.264,11472.3,0.863,1947.3,0.065,628.8,0.425,452.4,0.354,118.1,8.99,22.26,0.00,0.00,14.44
2026-08-23T23:36:47Z,3.208,11488.2,0.843,1947.0,0.062,628.8,0.412,452.4,0.340,118.0,8.52,23.39,0.00,0.00,14.44
2026-08-23T23:36:48Z,3.259,11476.6,0.884,1947.0,0.066,628.8,0.431,452.4,0.349,118.1,8.14,22.72,0.00,0.00,14.00
2026-08-23T23:36:49Z,3.267,11453.8,0.867,1947.0,0.064,628.8,0.416,452.4,0.347,118.0,8.36,35.76,0.00,0.00,14.00
2026-08-23T23:36:50Z,4.529,11457.2,0.875,1947.1,0.066,628.8,0.431,452.4,0.364,118.1,15.65,24.54,0.00,0.00,14.00
2026-08-23T23:36:51Z,4.939,11475.7,0.882,1947.3,0.066,628.8,0.405,453.0,0.353,118.1,14.23,24.03,0.00,0.00,14.00
2026-08-23T23:36:53Z,4.968,11462.6,0.853,1947.1,0.065,628.8,0.439,452.5,0.371,118.1,14.38,25.64,0.00,0.00,14.00
2026-08-23T23:36:54Z,4.294,11472.5,0.847,1947.3,0.067,628.8,0.413,452.4,0.350,118.1,18.83,26.78,0.00,0.00,15.28
2026-08-23T23:36:55Z,4.422,11456.2,0.864,1947.1,0.066,628.8,0.432,452.4,0.365,118.1,21.86,26.91,0.00,0.00,15.28
2026-08-23T23:36:56Z,4.275,11448.5,0.893,1947.1,0.064,628.8,0.412,452.4,0.341,118.0,30.31,25.05,0.00,0.00,15.28
2026-08-23T23:36:57Z,4.298,11465.6,0.860,1947.0,0.066,628.8,0.433,452.4,0.354,118.1,26.39,29.15,0.00,0.00,15.28
2026-08-23T23:36:58Z,5.302,11443.2,0.805,1947.3,0.062,628.8,0.422,452.9,0.351,118.3,11.74,20.55,0.00,0.00,16.30
2026-08-23T23:36:59Z,5.365,11446.1,0.816,1947.1,0.062,628.8,0.401,452.5,0.356,118.2,12.37,41.40,0.00,0.00,16.30
2026-08-23T23:37:00Z,5.485,11456.4,0.833,1947.1,0.064,628.8,0.422,452.5,0.354,118.1,16.25,27.58,0.00,0.00,16.30
2026-08-23T23:37:01Z,5.479,11452.0,0.855,1947.1,0.059,628.8,0.433,452.6,0.359,118.2,15.88,28.47,0.00,0.00,16.30
2026-08-23T23:37:02Z,5.471,11459.0,0.840,1947.2,0.062,628.8,0.431,453.1,0.353,118.2,17.08,33.39,0.00,0.00,16.30
2026-08-23T23:37:04Z,5.072,11441.9,0.865,1947.1,0.063,628.8,0.434,452.6,0.368,118.2,15.76,42.19,0.00,0.00,17.88
2026-08-23T23:37:05Z,5.218,11458.7,0.854,1947.3,0.066,628.8,0.440,452.6,0.378,118.2,17.82,30.10,0.00,0.00,17.88
2026-08-23T23:37:06Z,5.483,11445.0,0.819,1947.2,0.068,628.8,0.434,452.6,0.367,118.1,15.63,27.08,0.00,0.00,17.88
2026-08-23T23:37:07Z,5.198,11462.1,0.876,1947.2,0.065,628.8,0.433,452.7,0.364,118.1,17.03,28.25,0.00,0.00,17.88
2026-08-23T23:37:08Z,4.755,11456.9,1.042,1947.5,0.060,628.8,0.430,453.0,0.350,118.4,20.18,29.78,0.00,0.00,18.93
2026-08-23T23:37:09Z,4.715,11402.3,0.915,1947.4,0.062,628.8,0.420,452.7,0.386,118.4,15.95,45.93,0.00,0.00,18.93
2026-08-23T23:37:10Z,3.727,11415.8,0.904,1947.3,0.065,628.8,0.418,452.6,0.363,118.3,8.11,35.36,0.00,0.00,18.93
2026-08-23T23:37:11Z,3.875,11466.6,0.885,1947.4,0.067,628.8,0.442,452.6,0.365,118.4,8.27,40.17,0.00,0.00,18.93
2026-08-23T23:37:12Z,4.619,11457.3,0.908,1947.4,0.062,628.8,0.427,452.9,0.362,118.4,7.66,31.03,0.00,0.00,18.93
2026-08-23T23:37:13Z,3.383,11450.6,0.901,1947.6,0.066,629.1,0.426,452.9,0.350,118.3,9.24,35.87,0.00,0.00,18.29
2026-08-23T23:37:15Z,3.328,11468.2,0.900,1947.4,0.067,628.8,0.426,452.9,0.359,118.4,8.45,22.82,0.00,0.00,18.29
2026-08-23T23:37:16Z,3.317,11457.1,0.902,1947.5,0.065,628.8,0.426,452.6,0.352,118.2,8.84,26.28,0.00,0.00,18.29
2026-08-23T23:37:17Z,3.285,11463.4,0.883,1947.3,0.066,628.8,0.417,452.9,0.349,118.2,8.34,40.21,0.00,0.00,18.29
2026-08-23T23:37:18Z,3.332,11453.7,0.892,1947.3,0.067,628.8,0.411,452.8,0.348,118.2,8.78,25.80,0.00,0.00,18.03
2026-08-23T23:37:19Z,3.429,11445.7,0.895,1947.5,0.065,628.8,0.423,452.4,0.345,118.2,9.65,27.91,0.00,0.00,18.03
2026-08-23T23:37:20Z,3.333,11459.9,0.912,1947.2,0.065,628.8,0.427,452.5,0.354,118.4,8.90,25.06,0.00,0.00,18.03
2026-08-23T23:37:21Z,3.517,11454.7,0.912,1947.3,0.067,628.8,0.430,452.9,0.350,118.1,8.18,22.69,0.00,0.00,18.03
2026-08-23T23:37:22Z,4.695,11429.8,0.860,1947.2,0.062,628.8,0.417,452.5,0.362,118.2,7.62,15.80,0.00,0.00,18.03
2026-08-23T23:37:23Z,3.457,11446.7,0.886,1947.2,0.065,628.8,0.426,452.4,0.349,118.4,8.21,32.87,0.00,0.00,16.99
2026-08-23T23:37:24Z,3.330,11462.1,0.895,1947.4,0.065,628.8,0.419,452.7,0.351,118.2,8.08,24.49,0.00,0.00,16.99
2026-08-23T23:37:25Z,3.302,11437.8,0.886,1947.2,0.065,628.8,0.423,452.5,0.343,118.1,7.66,36.98,0.00,0.00,16.99
2026-08-23T23:37:27Z,3.837,11453.9,0.884,1947.1,0.065,628.8,0.431,452.7,0.364,118.1,8.31,22.86,0.00,0.00,16.99
2026-08-23T23:37:28Z,3.807,11442.2,0.862,1947.3,0.064,628.8,0.417,452.5,0.352,118.4,8.47,22.43,0.00,0.00,16.99
2026-08-23T23:37:29Z,3.627,11457.7,0.892,1947.1,0.065,628.8,0.417,452.5,0.342,118.1,7.96,23.82,0.00,0.00,16.59
2026-08-23T23:37:30Z,4.187,11446.3,0.871,1947.1,0.066,628.8,0.419,452.7,0.351,118.2,8.05,20.63,0.00,0.00,16.59
2026-08-23T23:37:31Z,4.193,11463.6,0.895,1947.1,0.068,628.8,0.438,452.7,0.360,118.1,8.19,20.48,0.00,0.00,16.59
2026-08-23T23:37:32Z,5.014,11449.4,0.876,1947.2,0.061,628.8,0.416,453.0,0.359,118.2,7.05,13.34,0.00,0.00,16.59
2026-08-23T23:37:33Z,3.407,11441.1,0.896,1947.2,0.064,628.8,0.417,452.5,0.348,118.1,8.52,23.38,0.00,0.00,16.06
2026-08-23T23:37:34Z,3.244,11430.8,0.889,1947.2,0.064,628.8,0.414,452.5,0.345,118.1,8.21,60.60,0.00,0.00,16.06
2026-08-23T23:37:35Z,3.386,11448.4,0.893,1947.2,0.065,628.8,0.427,452.7,0.348,118.1,8.16,24.14,0.00,0.00,16.06
2026-08-23T23:37:36Z,3.610,11435.3,0.908,1947.2,0.064,628.8,0.432,452.7,0.353,118.1,7.91,21.16,0.00,0.00,16.06
2026-08-23T23:37:37Z,3.633,11451.6,0.893,1947.1,0.065,628.8,0.436,452.5,0.347,118.3,7.71,20.74,0.00,0.00,16.06
2026-08-23T23:37:38Z,3.383,11438.1,0.897,1947.1,0.063,628.8,0.414,452.7,0.348,118.3,8.23,21.66,0.00,0.00,15.25
2026-08-23T23:37:40Z,3.288,11454.5,0.916,1947.1,0.063,628.8,0.422,453.0,0.354,118.1,8.25,23.67,0.00,0.00,15.25
2026-08-23T23:37:41Z,3.271,11442.8,0.906,1947.1,0.065,628.8,0.413,452.4,0.347,118.0,8.10,22.70,0.00,0.00,15.25
2026-08-23T23:37:42Z,4.647,11445.0,0.974,1947.3,0.064,628.8,0.442,452.6,0.362,118.3,6.77,13.58,0.00,0.00,15.25
2026-08-23T23:37:43Z,3.717,11445.6,0.907,1947.2,0.064,628.8,0.423,452.8,0.349,118.2,7.87,33.83,0.00,0.00,14.83
2026-08-23T23:37:44Z,3.253,11432.1,0.896,1947.2,0.064,628.8,0.418,452.8,0.345,118.2,8.73,29.93,0.00,0.00,14.83
2026-08-23T23:37:45Z,3.289,11448.1,0.909,1947.2,0.063,628.8,0.410,453.1,0.345,118.1,8.35,21.68,0.00,0.00,14.83
2026-08-23T23:37:46Z,3.273,11384.3,0.899,1947.3,0.065,628.8,0.423,452.6,0.354,118.1,8.63,22.51,0.00,0.00,14.83
2026-08-23T23:37:47Z,3.323,11396.9,0.882,1947.3,0.064,628.8,0.423,452.5,0.354,118.2,7.87,22.25,0.00,0.00,14.83
2026-08-23T23:37:48Z,3.262,11410.8,0.881,1947.2,0.062,628.8,0.410,452.6,0.349,118.1,8.25,22.55,0.00,0.00,14.45
2026-08-23T23:37:49Z,3.270,11429.7,0.893,1947.5,0.065,628.8,0.415,453.3,0.352,118.2,8.70,25.91,0.00,0.00,14.45
2026-08-23T23:37:50Z,3.291,11426.7,0.882,1947.1,0.066,628.8,0.425,452.8,0.345,118.1,8.56,29.34,0.00,0.00,14.45
2026-08-23T23:37:52Z,4.301,11424.9,0.870,1947.4,0.061,628.8,0.417,452.6,0.357,118.2,7.15,37.11,0.00,0.00,14.45
2026-08-23T23:37:53Z,3.815,11427.6,0.896,1947.4,0.064,628.8,0.433,452.5,0.357,118.1,8.07,26.27,0.00,0.00,15.13
2026-08-23T23:37:54Z,3.342,11424.7,0.869,1947.2,0.065,628.8,0.417,452.5,0.350,118.1,8.68,37.75,0.00,0.00,15.13
2026-08-23T23:37:55Z,3.269,11445.3,0.876,1947.1,0.065,628.8,0.427,452.5,0.353,118.1,8.75,28.05,0.00,0.00,15.13
2026-08-23T23:37:56Z,3.305,11439.7,0.888,1947.1,0.065,628.8,0.417,452.7,0.344,118.1,9.13,29.94,0.00,0.00,15.13
2026-08-23T23:37:57Z,3.345,11436.1,0.906,1947.2,0.065,628.8,0.430,452.5,0.350,118.1,7.88,29.19,0.00,0.00,15.13
2026-08-23T23:37:58Z,3.494,11432.4,0.902,1947.1,0.066,628.8,0.422,452.5,0.353,118.0,8.42,31.31,0.00,0.00,14.88
2026-08-23T23:37:59Z,3.306,11430.6,0.882,1947.1,0.064,628.8,0.425,452.5,0.350,118.1,8.51,32.17,0.00,0.00,14.88
2026-08-23T23:38:00Z,3.371,11419.8,0.889,1947.4,0.064,628.8,0.420,452.7,0.346,118.3,8.20,42.52,0.00,0.00,14.88
2026-08-23T23:38:01Z,3.944,11427.1,0.910,1947.1,0.069,628.8,0.434,452.5,0.362,118.2,7.92,25.58,0.00,0.00,14.88
2026-08-23T23:38:02Z,4.463,11435.7,0.917,1947.2,0.064,628.8,0.438,452.7,0.367,118.1,7.16,22.30,0.00,0.00,14.88
2026-08-23T23:38:04Z,3.359,11433.2,0.895,1947.2,0.064,628.8,0.421,452.5,0.356,118.1,8.53,31.39,0.00,0.00,13.93
2026-08-23T23:38:05Z,3.322,11430.2,0.899,1947.4,0.065,628.8,0.426,452.5,0.355,118.1,8.38,53.83,0.00,0.00,13.93
2026-08-23T23:38:06Z,3.534,11375.0,0.907,1947.2,0.067,628.8,0.430,452.5,0.359,118.1,8.50,30.95,0.00,0.00,13.93
2026-08-23T23:38:07Z,3.830,11401.2,0.893,1947.2,0.069,628.8,0.434,452.4,0.360,118.1,8.18,29.86,0.00,0.00,13.93
2026-08-23T23:38:08Z,3.524,11364.4,0.898,1947.2,0.066,628.8,0.419,452.4,0.357,118.1,7.97,47.16,0.00,0.00,13.05
2026-08-23T23:38:09Z,3.451,11389.0,0.915,1947.2,0.066,628.8,0.436,452.5,0.357,118.1,8.20,37.96,0.00,0.00,13.05
2026-08-23T23:38:10Z,4.627,11393.4,0.869,1947.4,0.064,628.8,0.429,452.4,0.359,118.1,9.29,32.05,0.00,0.00,13.05
2026-08-23T23:38:11Z,4.902,11404.7,0.886,1947.1,0.067,628.8,0.430,452.5,0.356,118.1,9.50,32.27,0.00,0.00,13.05
2026-08-23T23:38:12Z,5.297,11413.3,0.843,1947.2,0.063,628.8,0.414,452.5,0.355,118.2,71.28,25.79,0.00,0.00,13.05
2026-08-23T23:38:13Z,5.004,11418.1,0.930,1947.2,0.066,628.8,0.434,452.4,0.378,118.1,109.74,26.19,0.00,0.00,14.09
2026-08-23T23:38:14Z,5.032,11404.3,0.897,1947.2,0.067,628.8,0.428,452.7,0.368,118.1,48.83,39.05,0.00,0.00,14.09
2026-08-23T23:38:16Z,4.972,11412.0,0.895,1947.2,0.063,629.1,0.431,452.7,0.353,118.1,20.71,42.17,0.00,0.00,14.09
2026-08-23T23:38:17Z,5.124,11400.9,0.857,1947.2,0.064,628.8,0.427,452.5,0.346,118.1,15.03,19.99,0.00,0.00,14.09
2026-08-23T23:38:18Z,4.918,11403.1,0.887,1947.4,0.064,628.8,0.429,452.4,0.361,118.2,8.52,23.54,0.00,0.00,13.84
2026-08-23T23:38:19Z,5.001,11380.4,0.867,1947.2,0.065,628.8,0.427,452.7,0.358,118.1,8.44,21.58,0.00,0.00,13.84
2026-08-23T23:38:20Z,3.538,11388.9,0.905,1947.1,0.066,628.8,0.426,452.5,0.357,118.3,9.55,29.19,0.00,0.00,13.84
2026-08-23T23:38:21Z,3.541,11409.2,0.901,1947.1,0.065,628.8,0.417,452.4,0.352,118.0,8.20,42.68,0.00,0.00,13.84
2026-08-23T23:38:22Z,4.788,11394.6,0.899,1947.1,0.063,628.8,0.434,452.4,0.364,118.0,7.99,19.05,0.00,0.00,13.84
2026-08-23T23:38:23Z,3.454,11390.3,0.913,1947.2,0.067,628.8,0.422,452.4,0.357,118.1,9.34,27.29,0.00,0.00,13.37
2026-08-23T23:38:24Z,3.406,11404.6,0.919,1947.2,0.065,628.8,0.426,452.5,0.352,118.0,9.79,63.99,0.00,0.00,13.37
2026-08-23T23:38:25Z,3.338,11397.9,0.886,1947.1,0.065,628.8,0.415,452.7,0.349,118.1,8.95,32.42,0.00,0.00,13.37
2026-08-23T23:38:26Z,4.099,11413.3,0.901,1947.1,0.068,628.8,0.432,452.4,0.359,118.1,8.63,22.61,0.00,0.00,13.37
2026-08-23T23:38:28Z,4.579,11404.1,0.881,1947.1,0.064,628.8,0.413,452.5,0.356,118.1,8.27,21.74,0.00,0.00,13.37
2026-08-23T23:38:29Z,4.273,11397.6,0.895,1947.4,0.065,628.8,0.425,452.4,0.349,118.1,8.85,22.69,0.00,0.00,12.94
2026-08-23T23:38:30Z,3.962,11393.1,0.901,1947.1,0.067,628.8,0.434,452.5,0.354,118.0,8.81,23.59,0.00,0.00,12.94
2026-08-23T23:38:31Z,3.422,11393.2,0.901,1947.1,0.064,628.8,0.417,452.7,0.355,118.0,9.20,25.12,0.00,0.00,12.94
2026-08-23T23:38:32Z,4.814,11383.1,0.860,1947.2,0.064,628.8,0.421,452.5,0.353,118.1,8.48,16.66,0.00,0.00,12.94
2026-08-23T23:38:33Z,3.468,11360.6,0.898,1947.1,0.066,628.8,0.423,452.7,0.355,118.0,15.81,23.14,0.00,0.00,12.63
2026-08-23T23:38:34Z,3.312,11378.7,0.899,1947.1,0.066,628.8,0.417,452.4,0.347,118.1,9.07,25.14,0.00,0.00,12.63
2026-08-23T23:38:35Z,3.337,11374.3,0.907,1947.1,0.066,628.8,0.424,452.7,0.354,118.3,9.24,36.69,0.00,0.00,12.63
2026-08-23T23:38:36Z,3.611,11388.7,0.893,1947.1,0.067,628.8,0.428,452.5,0.356,118.0,9.01,23.88,0.00,0.00,12.63
2026-08-23T23:38:37Z,3.577,11378.9,0.884,1947.1,0.065,628.8,0.414,452.4,0.356,118.1,7.48,23.76,0.00,0.00,12.63
2026-08-23T23:38:38Z,3.496,11392.8,0.904,1947.1,0.067,628.8,0.432,452.4,0.355,118.0,9.07,24.52,0.00,0.00,12.10
2026-08-23T23:38:40Z,3.298,11357.7,0.895,1947.1,0.065,628.8,0.418,452.4,0.344,118.0,9.10,24.93,0.00,0.00,12.10
2026-08-23T23:38:41Z,3.318,11373.2,0.913,1947.1,0.066,628.8,0.427,452.4,0.354,118.0,9.48,22.14,0.00,0.00,12.10
2026-08-23T23:38:42Z,4.682,11368.9,0.842,1947.1,0.067,628.8,0.416,452.7,0.359,118.1,8.21,17.80,0.00,0.00,12.10
2026-08-23T23:38:43Z,3.673,11351.1,0.906,1947.1,0.066,628.8,0.437,452.6,0.362,118.0,8.96,21.91,0.00,0.00,11.93
2026-08-23T23:38:44Z,3.320,11365.8,0.874,1947.4,0.065,628.8,0.428,452.6,0.349,118.1,9.15,24.68,0.00,0.00,11.93
2026-08-23T23:38:45Z,3.344,11355.7,0.884,1947.1,0.066,628.8,0.431,452.4,0.357,118.0,9.16,31.45,0.00,0.00,11.93
2026-08-23T23:38:46Z,3.331,11370.6,0.887,1947.1,0.063,628.8,0.423,452.4,0.351,118.3,8.99,24.29,0.00,0.00,11.93
2026-08-23T23:38:47Z,3.241,11358.8,0.882,1947.2,0.063,628.8,0.420,452.7,0.352,118.1,9.33,24.23,0.00,0.00,11.93
2026-08-23T23:38:48Z,3.315,11372.7,0.902,1947.1,0.065,629.1,0.422,452.7,0.353,118.0,9.14,24.20,0.00,0.00,12.01
2026-08-23T23:38:49Z,3.254,11361.4,0.890,1947.1,0.064,628.8,0.421,452.4,0.346,118.3,9.46,22.83,0.00,0.00,12.01
2026-08-23T23:38:50Z,3.292,11349.4,0.906,1947.1,0.063,628.8,0.420,452.4,0.350,118.0,9.21,23.94,0.00,0.00,12.01
2026-08-23T23:38:52Z,4.284,11348.1,0.907,1947.4,0.067,628.8,0.430,452.7,0.360,118.4,32.64,18.07,0.00,0.00,12.01
2026-08-23T23:38:53Z,4.137,11361.1,0.941,1947.2,0.070,628.8,0.448,452.5,0.374,118.1,128.77,17.78,0.00,0.00,12.01
2026-08-23T23:38:54Z,4.240,11335.3,0.934,1947.2,0.066,628.8,0.435,452.6,0.365,118.1,73.01,19.44,0.00,0.00,12.25
2026-08-23T23:38:55Z,3.613,11343.6,0.911,1947.2,0.066,629.1,0.422,452.5,0.358,118.1,9.49,22.01,0.00,0.00,12.25
2026-08-23T23:38:56Z,3.274,11358.2,0.902,1947.1,0.065,628.8,0.420,452.5,0.352,118.0,9.49,30.62,0.00,0.00,12.25
2026-08-23T23:38:57Z,3.390,11346.0,0.944,1947.2,0.065,628.8,0.428,452.8,0.357,118.3,9.46,23.12,0.00,0.00,12.25
2026-08-23T23:38:58Z,3.407,11334.1,0.917,1947.2,0.065,628.8,0.420,452.5,0.346,118.0,9.18,22.93,0.00,0.00,12.07
2026-08-23T23:38:59Z,3.249,11350.4,0.886,1947.4,0.063,628.8,0.418,452.5,0.345,118.1,9.65,23.65,0.00,0.00,12.07
2026-08-23T23:39:00Z,3.393,11339.4,0.917,1947.1,0.064,628.8,0.422,452.5,0.352,118.3,9.49,23.23,0.00,0.00,12.07
2026-08-23T23:39:01Z,4.098,11338.3,0.913,1947.1,0.065,628.8,0.423,452.8,0.351,118.1,9.15,20.97,0.00,0.00,12.07
2026-08-23T23:39:02Z,4.319,11342.1,0.964,1947.2,0.067,628.8,0.459,452.5,0.372,118.1,8.82,16.60,0.00,0.00,12.07
2026-08-23T23:39:03Z,3.317,11330.8,0.897,1947.2,0.063,628.8,0.412,452.8,0.347,118.1,9.48,23.98,0.00,0.00,11.59
2026-08-23T23:39:05Z,3.332,11347.3,0.906,1947.2,0.066,628.8,0.427,452.5,0.355,118.1,9.53,23.72,0.00,0.00,11.59
2026-08-23T23:39:06Z,3.427,11338.7,0.904,1947.2,0.067,628.8,0.425,452.5,0.356,118.1,9.29,31.26,0.00,0.00,11.59
2026-08-23T23:39:07Z,3.705,11327.1,0.895,1947.2,0.067,628.8,0.425,452.5,0.354,118.1,8.79,38.05,0.00,0.00,11.59
2026-08-23T23:39:08Z,3.638,11345.8,0.973,1947.4,0.069,628.8,0.439,453.0,0.366,118.3,9.18,23.12,0.00,0.00,11.54
2026-08-23T23:39:09Z,3.386,11340.7,0.895,1947.2,0.066,628.8,0.431,452.5,0.355,118.1,10.00,26.98,0.00,0.00,11.54
2026-08-23T23:39:10Z,3.634,11311.1,0.888,1947.2,0.067,628.8,0.429,452.5,0.361,118.1,11.26,28.70,0.00,0.00,11.54
2026-08-23T23:39:11Z,4.733,11320.7,0.872,1947.1,0.065,629.1,0.424,452.6,0.352,118.1,16.64,35.27,0.00,0.00,11.54
2026-08-23T23:39:12Z,5.113,11321.7,0.869,1947.2,0.066,628.8,0.444,452.5,0.383,118.1,14.68,29.24,0.00,0.00,11.54
2026-08-23T23:39:13Z,4.403,11336.8,0.894,1947.2,0.066,628.8,0.438,452.4,0.359,118.2,17.96,36.32,0.00,0.00,12.14
2026-08-23T23:39:14Z,4.374,11327.5,0.889,1947.2,0.068,628.8,0.456,452.4,0.378,118.1,19.95,37.54,0.00,0.00,12.14
2026-08-23T23:39:16Z,4.349,11341.4,0.945,1947.4,0.066,628.8,0.436,452.7,0.355,118.4,20.33,34.14,0.00,0.00,12.14
2026-08-23T23:39:17Z,4.300,11334.9,0.904,1947.2,0.066,628.8,0.429,452.4,0.365,118.1,20.71,45.08,0.00,0.00,12.14
2026-08-23T23:39:18Z,4.353,11348.8,0.907,1947.2,0.069,628.8,0.428,452.5,0.355,118.1,21.76,34.13,0.00,0.00,12.53
2026-08-23T23:39:19Z,4.522,11307.3,0.890,1947.2,0.066,628.8,0.432,452.7,0.353,118.1,15.40,30.57,0.00,0.00,12.53
2026-08-23T23:39:20Z,5.382,11305.4,0.862,1947.1,0.064,628.8,0.417,452.7,0.352,118.2,11.83,24.44,0.00,0.00,12.53
2026-08-23T23:39:21Z,5.232,11314.9,0.892,1947.3,0.065,628.8,0.414,452.5,0.366,118.1,14.80,28.69,0.00,0.00,12.53
2026-08-23T23:39:22Z,5.691,11284.7,0.747,1947.2,0.062,628.8,0.397,452.6,0.330,118.2,14.40,26.04,0.00,0.00,12.53
2026-08-23T23:39:23Z,5.468,11313.2,0.872,1947.3,0.063,628.8,0.442,452.6,0.379,118.5,14.68,24.25,0.00,0.00,14.09
2026-08-23T23:39:24Z,5.184,11317.3,0.892,1947.3,0.065,628.8,0.432,452.6,0.368,118.2,14.56,30.60,0.00,0.00,14.09
2026-08-23T23:39:25Z,5.273,11318.5,0.902,1947.5,0.064,628.8,0.432,452.8,0.366,118.2,15.77,30.36,0.00,0.00,14.09
2026-08-23T23:39:27Z,5.464,11318.4,0.886,1947.2,0.063,629.1,0.441,452.5,0.348,118.2,14.77,35.13,0.00,0.00,14.09
2026-08-23T23:39:28Z,5.541,11320.4,0.870,1947.2,0.066,628.8,0.407,452.5,0.346,118.2,16.36,28.08,0.00,0.00,16.08
2026-08-23T23:39:29Z,5.528,11297.4,0.845,1947.2,0.061,628.8,0.425,452.6,0.363,118.4,12.28,27.89,0.00,0.00,16.08
2026-08-23T23:39:30Z,5.190,11280.1,0.888,1947.2,0.067,628.8,0.438,452.6,0.375,118.1,8.31,28.87,0.00,0.00,16.08
2026-08-23T23:39:31Z,4.462,11292.7,0.932,1947.2,0.066,628.8,0.453,452.8,0.375,118.1,8.86,35.22,0.00,0.00,16.08
2026-08-23T23:39:32Z,5.206,11328.7,0.875,1947.2,0.062,628.8,0.431,452.6,0.360,118.1,38.37,30.75,0.00,0.00,16.08
2026-08-23T23:39:33Z,4.660,11311.4,0.907,1947.3,0.066,628.8,0.448,452.8,0.366,118.1,8.58,31.49,0.00,0.00,15.83
2026-08-23T23:39:34Z,3.979,11331.1,0.910,1947.2,0.067,628.8,0.442,452.5,0.360,118.1,9.08,27.64,0.00,0.00,15.83
2026-08-23T23:39:35Z,3.528,11321.4,0.909,1947.2,0.066,628.8,0.429,452.5,0.353,118.1,9.43,22.95,0.00,0.00,15.83
2026-08-23T23:39:36Z,4.204,11336.4,0.882,1947.2,0.065,628.8,0.419,452.5,0.351,118.1,9.21,27.36,0.00,0.00,15.83
2026-08-23T23:39:38Z,4.502,11326.4,0.890,1947.2,0.067,628.8,0.425,452.7,0.355,118.1,8.85,33.10,0.00,0.00,15.83
2026-08-23T23:39:39Z,3.647,11316.7,0.905,1947.2,0.065,628.8,0.427,452.6,0.349,118.1,9.62,22.99,0.00,0.00,16.09
2026-08-23T23:39:40Z,3.420,11332.4,0.933,1947.4,0.067,628.8,0.439,452.4,0.360,118.1,9.64,21.83,0.00,0.00,16.09
2026-08-23T23:39:41Z,3.358,11326.7,0.897,1947.1,0.065,628.8,0.421,452.4,0.354,118.0,9.74,24.32,0.00,0.00,16.09
2026-08-23T23:39:42Z,4.784,11310.1,0.884,1947.2,0.062,628.8,0.431,452.7,0.358,118.1,8.30,16.57,0.00,0.00,16.09
2026-08-23T23:39:43Z,3.470,11327.5,0.905,1947.1,0.064,628.8,0.426,452.4,0.353,118.0,9.81,22.59,0.00,0.00,15.76
2026-08-23T23:39:44Z,3.336,11317.3,0.899,1947.1,0.065,628.8,0.423,452.6,0.357,118.0,10.55,23.40,0.00,0.00,15.76
2026-08-23T23:39:45Z,3.346,11305.9,0.921,1947.2,0.067,628.8,0.436,452.4,0.361,118.0,9.61,22.75,0.00,0.00,15.76
2026-08-23T23:39:46Z,3.274,11321.9,0.892,1947.2,0.063,628.8,0.426,452.9,0.351,118.0,9.86,25.71,0.00,0.00,15.76
