ts,host_cores,host_cpu_pct,host_used_mb,disk_read_mbps,disk_write_mbps,net_rx_mbps,net_tx_mbps,load1
2026-08-23T23:39:51Z,0.768,19.2,659.2,0.00,0.46,0.00,0.00,2.22
2026-08-23T23:39:52Z,0.709,17.7,705.2,0.00,0.02,0.00,0.00,2.22
2026-08-23T23:39:53Z,0.678,17.0,719.3,0.00,0.00,0.00,0.00,2.22
2026-08-23T23:39:54Z,0.745,18.6,735.3,0.00,0.00,0.00,0.00,2.04
2026-08-23T23:39:55Z,0.695,17.4,740.6,0.00,0.00,0.00,0.00,2.04
2026-08-23T23:39:56Z,0.687,17.2,746.5,0.00,0.21,0.00,0.00,2.04
2026-08-23T23:39:57Z,0.708,17.7,747.7,0.00,0.00,0.00,0.00,2.04
2026-08-23T23:39:58Z,0.640,16.0,749.9,0.00,0.00,0.00,0.00,2.04
2026-08-23T23:39:59Z,0.639,16.0,751.2,0.00,0.00,0.00,0.00,1.88
2026-08-23T23:40:01Z,0.716,17.9,753.0,0.00,0.00,0.00,0.00,1.88
2026-08-23T23:40:02Z,0.707,17.7,756.8,0.00,0.00,0.00,0.00,1.88
2026-08-23T23:40:03Z,0.763,19.1,751.9,0.00,0.00,0.00,0.00,1.88
2026-08-23T23:40:04Z,0.641,16.0,753.3,0.00,0.01,0.00,0.00,1.88
2026-08-23T23:40:05Z,0.747,18.7,756.5,0.00,0.00,0.00,0.00,1.73
2026-08-23T23:40:06Z,0.679,17.0,758.0,0.00,0.12,0.00,0.00,1.73
2026-08-23T23:40:07Z,0.680,17.0,760.2,0.00,0.00,0.00,0.00,1.73
2026-08-23T23:40:08Z,0.706,17.6,762.4,0.00,0.00,0.00,0.00,1.73
2026-08-23T23:40:09Z,0.714,17.8,763.3,0.00,0.00,0.00,0.00,1.67
2026-08-23T23:40:10Z,0.686,17.2,764.3,0.00,0.11,0.00,0.00,1.67
2026-08-23T23:40:11Z,0.709,17.7,765.7,0.00,0.00,0.00,0.00,1.67
2026-08-23T23:40:12Z,0.650,16.2,766.7,0.00,0.00,0.00,0.00,1.67
2026-08-23T23:40:13Z,0.697,17.4,760.0,0.00,0.00,0.00,0.00,1.67
2026-08-23T23:40:14Z,0.688,17.2,762.1,0.00,0.00,0.00,0.00,1.54
2026-08-23T23:40:15Z,0.707,17.7,761.2,0.00,0.00,0.00,0.00,1.54
2026-08-23T23:40:16Z,0.714,17.8,762.7,0.00,0.00,0.00,0.00,1.54
2026-08-23T23:40:17Z,0.707,17.7,762.8,0.00,0.00,0.00,0.00,1.54
2026-08-23T23:40:18Z,0.659,16.5,765.2,0.00,0.02,0.00,0.00,1.54
2026-08-23T23:40:19Z,0.679,17.0,765.9,0.00,0.00,0.00,0.00,1.41
2026-08-23T23:40:20Z,0.727,18.2,756.4,0.00,0.00,0.00,0.00,1.41
2026-08-23T23:40:21Z,0.680,17.0,756.8,0.00,0.00,0.00,0.00,1.41
2026-08-23T23:40:22Z,0.689,17.2,754.8,0.00,0.00,0.00,0.00,1.41
2026-08-23T23:40:23Z,0.639,16.0,754.2,0.00,0.00,0.00,0.00,1.41
2026-08-23T23:40:24Z,0.629,15.7,755.5,0.00,0.00,0.00,0.00,1.30
2026-08-23T23:40:25Z,0.668,16.7,755.3,0.00,0.01,0.00,0.00,1.30
2026-08-23T23:40:26Z,0.687,17.2,756.9,0.00,0.00,0.00,0.00,1.30
2026-08-23T23:40:27Z,0.658,16.4,758.6,0.00,0.36,0.00,0.00,1.30
2026-08-23T23:40:28Z,0.696,17.4,761.8,0.00,0.00,0.00,0.00,1.30
2026-08-23T23:40:29Z,0.727,18.2,756.4,0.00,0.00,0.00,0.00,1.19
2026-08-23T23:40:30Z,0.823,20.6,760.5,0.00,0.00,0.01,0.10,1.19
2026-08-23T23:40:31Z,0.774,19.4,759.0,0.00,0.00,0.01,0.05,1.19
2026-08-23T23:40:33Z,0.765,19.1,753.3,0.00,0.00,0.00,0.00,1.19
2026-08-23T23:40:34Z,0.697,17.4,755.1,0.00,0.00,0.00,0.00,1.19
2026-08-23T23:40:35Z,0.716,17.9,749.2,0.00,0.40,0.00,0.00,1.34
2026-08-23T23:40:36Z,0.669,16.7,751.6,0.00,0.08,0.00,0.00,1.34
2026-08-23T23:40:37Z,0.669,16.7,753.1,0.00,0.00,0.00,0.00,1.34
2026-08-23T23:40:38Z,0.717,17.9,755.1,0.00,0.00,0.00,0.00,1.34
2026-08-23T23:40:39Z,0.717,17.9,755.1,0.00,0.00,0.00,0.00,1.34
2026-08-23T23:40:40Z,0.611,15.3,757.6,0.00,0.00,0.00,0.00,1.23
2026-08-23T23:40:41Z,0.669,16.7,758.1,0.00,0.06,0.00,0.00,1.23
2026-08-23T23:40:42Z,0.660,16.5,758.8,0.00,0.00,0.00,0.00,1.23
2026-08-23T23:40:43Z,0.676,16.9,753.5,0.00,0.00,0.00,0.00,1.23
2026-08-23T23:40:44Z,0.612,15.3,754.9,0.00,0.00,0.00,0.00,1.61
2026-08-23T23:40:45Z,0.670,16.8,756.3,0.00,0.15,0.00,0.00,1.61
2026-08-23T23:40:46Z,0.659,16.5,757.3,0.00,0.00,0.00,0.00,1.61
2026-08-23T23:40:47Z,0.668,16.7,756.8,0.00,0.00,0.00,0.00,1.61
2026-08-23T23:40:48Z,0.679,17.0,750.0,0.00,0.00,0.00,0.00,1.61
2026-08-23T23:40:49Z,0.669,16.7,752.5,0.00,0.00,0.00,0.00,1.48
2026-08-23T23:40:50Z,0.660,16.5,755.2,0.00,0.00,0.00,0.00,1.48
2026-08-23T23:40:51Z,0.629,15.7,749.9,0.00,0.00,0.00,0.00,1.48
2026-08-23T23:40:52Z,0.670,16.8,744.1,0.00,0.00,0.00,0.00,1.48
2026-08-23T23:40:53Z,0.641,16.0,746.6,0.00,0.00,0.00,0.00,1.48
2026-08-23T23:40:54Z,0.648,16.2,749.8,0.00,0.00,0.00,0.00,1.45
2026-08-23T23:40:55Z,0.697,17.4,752.7,0.00,0.00,0.00,0.00,1.45
2026-08-23T23:40:56Z,0.708,17.7,753.3,0.00,0.15,0.00,0.00,1.45
2026-08-23T23:40:57Z,0.650,16.2,754.3,0.00,0.00,0.00,0.00,1.45
2026-08-23T23:40:58Z,0.680,17.0,755.2,0.00,0.01,0.00,0.00,1.45
2026-08-23T23:40:59Z,0.649,16.2,758.2,0.00,0.00,0.00,0.00,1.41
2026-08-23T23:41:00Z,0.737,18.4,760.6,0.00,0.00,0.00,0.00,1.41
2026-08-23T23:41:01Z,0.687,17.2,761.8,0.00,0.00,0.00,0.00,1.41
2026-08-23T23:41:02Z,0.640,16.0,764.6,0.00,0.00,0.00,0.00,1.41
2026-08-23T23:41:03Z,0.676,16.9,763.9,0.00,0.10,0.00,0.00,1.41
2026-08-23T23:41:05Z,0.707,17.7,766.9,0.00,0.00,0.00,0.00,1.30
2026-08-23T23:41:06Z,0.716,17.9,766.2,0.00,0.00,0.00,0.00,1.30
2026-08-23T23:41:07Z,0.706,17.6,766.3,0.00,0.05,0.00,0.00,1.30
2026-08-23T23:41:08Z,0.706,17.6,765.4,0.00,0.00,0.00,0.00,1.30
2026-08-23T23:41:09Z,0.736,18.4,765.8,0.00,0.00,0.00,0.00,1.30
2026-08-23T23:41:10Z,0.719,18.0,766.5,0.00,0.00,0.00,0.00,1.19
2026-08-23T23:41:11Z,0.715,17.9,766.0,0.00,0.11,0.00,0.00,1.19
2026-08-23T23:41:12Z,0.650,16.2,766.0,0.00,0.00,0.00,0.00,1.19
2026-08-23T23:41:13Z,0.697,17.4,765.4,0.00,0.00,0.00,0.00,1.19
2026-08-23T23:41:14Z,0.699,17.5,766.3,0.00,0.00,0.00,0.00,1.10
2026-08-23T23:41:15Z,0.709,17.7,765.5,0.00,0.00,0.00,0.00,1.10
2026-08-23T23:41:16Z,0.707,17.7,765.6,0.00,0.00,0.00,0.00,1.10
2026-08-23T23:41:17Z,0.697,17.4,765.4,0.00,0.00,0.00,0.00,1.10
2026-08-23T23:41:18Z,0.611,15.3,765.3,0.00,0.10,0.00,0.00,1.10
2026-08-23T23:41:19Z,0.697,17.4,766.9,0.00,0.00,0.00,0.00,1.01
2026-08-23T23:41:20Z,0.667,16.7,758.8,0.00,0.00,0.00,0.00,1.01
2026-08-23T23:41:21Z,0.668,16.7,761.6,0.00,0.00,0.00,0.00,1.01
2026-08-23T23:41:22Z,0.659,16.5,763.8,0.00,0.00,0.00,0.00,1.01
2026-08-23T23:41:23Z,0.658,16.4,762.2,0.00,0.00,0.00,0.00,1.01
2026-08-23T23:41:24Z,0.679,17.0,764.7,0.00,0.00,0.00,0.00,1.09
2026-08-23T23:41:25Z,0.669,16.7,767.0,0.00,0.10,0.00,0.00,1.09
2026-08-23T23:41:26Z,0.640,16.0,765.5,0.00,0.00,0.00,0.00,1.09
2026-08-23T23:41:27Z,0.678,17.0,759.2,0.00,0.00,0.00,0.00,1.09
2026-08-23T23:41:28Z,0.659,16.5,760.4,0.00,0.00,0.00,0.00,1.09
2026-08-23T23:41:29Z,0.619,15.5,760.9,0.00,0.00,0.00,0.00,1.00
2026-08-23T23:41:30Z,0.622,15.6,762.1,0.00,0.00,0.00,0.00,1.00
2026-08-23T23:41:31Z,0.727,18.2,764.5,0.00,0.00,0.00,0.00,1.00
2026-08-23T23:41:32Z,0.668,16.7,761.1,0.00,0.10,0.00,0.00,1.00
2026-08-23T23:41:33Z,0.679,17.0,762.4,0.00,0.00,0.00,0.00,1.00
2026-08-23T23:41:34Z,0.648,16.2,766.3,0.00,0.00,0.00,0.00,1.00
2026-08-23T23:41:35Z,0.709,17.7,758.3,0.00,0.00,0.00,0.00,1.00
2026-08-23T23:41:37Z,0.697,17.4,759.5,0.00,0.04,0.00,0.00,1.00
2026-08-23T23:41:38Z,0.601,15.0,760.8,0.00,0.19,0.00,0.00,1.00
2026-08-23T23:41:39Z,0.728,18.2,761.3,0.00,0.00,0.00,0.00,1.00
2026-08-23T23:41:40Z,0.572,14.3,753.8,0.00,0.00,0.00,0.00,1.56
2026-08-23T23:41:41Z,0.726,18.1,756.7,0.00,0.00,0.00,0.00,1.56
2026-08-23T23:41:42Z,0.639,16.0,760.6,0.00,0.14,0.00,0.00,1.56
2026-08-23T23:41:43Z,0.677,16.9,754.1,0.00,0.02,0.00,0.00,1.56
2026-08-23T23:41:44Z,0.640,16.0,754.4,0.00,0.00,0.00,0.00,1.56
2026-08-23T23:41:45Z,0.620,15.5,755.4,0.00,0.11,0.00,0.00,1.44
2026-08-23T23:41:46Z,0.716,17.9,757.5,0.00,0.00,0.00,0.00,1.44
2026-08-23T23:41:47Z,0.659,16.5,756.1,0.00,0.00,0.00,0.00,1.44
2026-08-23T23:41:48Z,0.744,18.6,757.7,0.00,0.00,0.00,0.00,1.44
2026-08-23T23:41:49Z,0.666,16.7,760.3,0.00,0.00,0.00,0.00,1.32
2026-08-23T23:41:50Z,0.609,15.2,760.9,0.00,0.00,0.00,0.00,1.32
2026-08-23T23:41:51Z,0.753,18.8,763.5,0.00,0.00,0.00,0.00,1.32
2026-08-23T23:41:52Z,0.601,15.0,762.4,0.00,0.00,0.00,0.00,1.32
2026-08-23T23:41:53Z,0.745,18.6,762.8,0.00,0.19,0.00,0.00,1.32
2026-08-23T23:41:54Z,0.717,17.9,765.1,0.00,0.00,0.00,0.00,1.21
2026-08-23T23:41:55Z,0.680,17.0,767.8,0.00,0.00,0.00,0.00,1.21
2026-08-23T23:41:56Z,0.746,18.6,768.9,0.00,0.00,0.00,0.00,1.21
2026-08-23T23:41:57Z,0.648,16.2,768.4,0.00,0.00,0.00,0.00,1.21
2026-08-23T23:41:58Z,0.744,18.6,770.2,0.00,0.00,0.00,0.00,1.21
2026-08-23T23:41:59Z,0.640,16.0,772.1,0.00,0.00,0.00,0.00,1.12
2026-08-23T23:42:00Z,0.776,19.4,760.3,0.00,0.00,0.00,0.00,1.12
2026-08-23T23:42:01Z,0.724,18.1,753.6,0.00,0.00,0.00,0.00,1.12
2026-08-23T23:42:02Z,0.678,17.0,755.4,0.00,0.00,0.00,0.00,1.12
2026-08-23T23:42:03Z,0.698,17.4,750.1,0.00,0.00,0.00,0.00,1.12
2026-08-23T23:42:04Z,0.658,16.4,752.1,0.00,0.00,0.00,0.00,1.59
2026-08-23T23:42:05Z,0.600,15.0,750.1,0.00,0.16,0.00,0.00,1.59
2026-08-23T23:42:06Z,0.783,19.6,752.0,0.00,0.00,0.00,0.00,1.59
2026-08-23T23:42:08Z,0.678,17.0,751.9,0.00,0.00,0.00,0.00,1.59
2026-08-23T23:42:09Z,0.660,16.5,753.5,0.00,0.01,0.00,0.00,1.59
2026-08-23T23:42:10Z,0.686,17.2,748.6,0.00,0.00,0.00,0.00,1.54
2026-08-23T23:42:11Z,0.668,16.7,747.7,0.00,0.00,0.00,0.00,1.54
2026-08-23T23:42:12Z,0.716,17.9,748.0,0.00,0.00,0.00,0.00,1.54
2026-08-23T23:42:13Z,0.667,16.7,748.5,0.00,0.09,0.00,0.00,1.54
2026-08-23T23:42:14Z,0.686,17.2,748.4,0.00,0.00,0.00,0.00,1.54
2026-08-23T23:42:15Z,0.659,16.5,751.1,0.00,0.11,0.00,0.00,1.42
2026-08-23T23:42:16Z,0.657,16.4,750.7,0.00,0.00,0.00,0.00,1.42
2026-08-23T23:42:17Z,0.726,18.1,751.8,0.00,0.00,0.00,0.00,1.42
2026-08-23T23:42:18Z,0.629,15.7,746.1,0.00,0.00,0.00,0.00,1.42
2026-08-23T23:42:19Z,0.698,17.4,748.0,0.00,0.00,0.00,0.00,1.38
2026-08-23T23:42:20Z,0.688,17.2,748.3,0.00,0.00,0.00,0.00,1.38
2026-08-23T23:42:21Z,0.601,15.0,750.1,0.00,0.00,0.00,0.00,1.38
2026-08-23T23:42:22Z,0.716,17.9,752.8,0.00,0.00,0.00,0.00,1.38
2026-08-23T23:42:23Z,0.688,17.2,755.1,0.00,0.10,0.00,0.00,1.38
2026-08-23T23:42:24Z,0.707,17.7,749.6,0.00,0.00,0.00,0.00,1.27
2026-08-23T23:42:25Z,0.657,16.4,749.0,0.00,0.00,0.00,0.00,1.27
2026-08-23T23:42:26Z,0.736,18.4,748.0,0.00,0.00,0.00,0.00,1.27
2026-08-23T23:42:27Z,0.689,17.2,751.1,0.00,0.00,0.00,0.00,1.27
2026-08-23T23:42:28Z,0.629,15.7,752.2,0.00,0.00,0.00,0.00,1.27
2026-08-23T23:42:29Z,0.580,14.5,754.4,0.00,0.10,0.00,0.00,1.17
2026-08-23T23:42:30Z,0.747,18.7,745.1,0.00,0.00,0.00,0.00,1.17
2026-08-23T23:42:31Z,0.698,17.4,747.8,0.00,0.00,0.00,0.00,1.17
2026-08-23T23:42:32Z,0.668,16.7,749.2,0.00,0.01,0.00,0.00,1.17
2026-08-23T23:42:33Z,0.688,17.2,753.6,0.00,0.00,0.00,0.00,1.17
2026-08-23T23:42:34Z,0.649,16.2,755.0,0.00,0.00,0.00,0.00,1.08
2026-08-23T23:42:35Z,0.620,15.5,756.5,0.00,0.00,0.00,0.00,1.08
2026-08-23T23:42:36Z,0.669,16.7,760.7,0.00,0.10,0.00,0.00,1.08
2026-08-23T23:42:37Z,0.679,17.0,759.8,0.00,0.00,0.00,0.00,1.08
2026-08-23T23:42:38Z,0.648,16.2,757.2,0.00,0.00,0.00,0.00,1.08
2026-08-23T23:42:40Z,0.728,18.2,759.9,0.00,0.00,0.00,0.00,1.23
2026-08-23T23:42:41Z,0.669,16.7,759.7,0.00,0.00,0.00,0.00,1.23
2026-08-23T23:42:42Z,0.715,17.9,759.9,0.00,0.00,0.00,0.00,1.23
2026-08-23T23:42:43Z,0.669,16.7,763.5,0.00,0.00,0.00,0.00,1.23
2026-08-23T23:42:44Z,0.688,17.2,768.2,0.00,0.03,0.00,0.00,1.23
2026-08-23T23:42:45Z,0.697,17.4,772.1,0.00,0.11,0.00,0.00,1.13
2026-08-23T23:42:46Z,0.753,18.8,768.8,0.00,0.00,0.00,0.00,1.13
2026-08-23T23:42:47Z,0.687,17.2,770.5,0.00,0.00,0.00,0.00,1.13
2026-08-23T23:42:48Z,0.697,17.4,770.8,0.00,0.00,0.00,0.00,1.13
2026-08-23T23:42:49Z,0.717,17.9,770.0,0.00,0.00,0.00,0.00,1.12
2026-08-23T23:42:50Z,0.716,17.9,769.0,0.00,0.00,0.00,0.00,1.12
2026-08-23T23:42:51Z,0.715,17.9,769.8,0.00,0.14,0.00,0.00,1.12
2026-08-23T23:42:52Z,0.600,15.0,760.4,0.00,0.00,0.00,0.00,1.12
2026-08-23T23:42:53Z,0.803,20.1,761.2,0.00,0.00,0.00,0.00,1.12
2026-08-23T23:42:54Z,0.792,19.8,763.6,0.00,0.00,0.00,0.00,1.19
2026-08-23T23:42:55Z,0.688,17.2,762.5,0.00,0.00,0.00,0.00,1.19
2026-08-23T23:42:56Z,0.755,18.9,765.5,0.00,0.00,0.00,0.00,1.19
2026-08-23T23:42:57Z,0.718,17.9,763.5,0.00,0.10,0.00,0.00,1.19
2026-08-23T23:42:58Z,0.696,17.4,764.2,0.00,0.00,0.00,0.00,1.19
2026-08-23T23:42:59Z,0.781,19.5,761.4,0.00,0.00,0.00,0.00,2.22
2026-08-23T23:43:00Z,0.746,18.6,763.8,0.00,0.00,0.00,0.00,2.22
2026-08-23T23:43:01Z,0.676,16.9,766.0,0.00,0.00,0.00,0.00,2.22
2026-08-23T23:43:02Z,0.757,18.9,765.4,0.00,0.00,0.00,0.00,2.22
2026-08-23T23:43:03Z,0.687,17.2,765.6,0.00,0.11,0.00,0.00,2.22
2026-08-23T23:43:04Z,0.649,16.2,765.3,0.00,0.00,0.00,0.00,2.04
2026-08-23T23:43:05Z,0.719,18.0,762.0,0.00,0.00,0.00,0.00,2.04
2026-08-23T23:43:06Z,0.728,18.2,761.6,0.00,0.00,0.00,0.00,2.04
2026-08-23T23:43:07Z,0.707,17.7,760.9,0.00,0.00,0.00,0.00,2.04
2026-08-23T23:43:08Z,0.679,17.0,760.3,0.00,0.00,0.00,0.00,2.04
2026-08-23T23:43:09Z,0.707,17.7,761.1,0.00,0.00,0.00,0.00,1.88
2026-08-23T23:43:11Z,0.707,17.7,761.8,0.00,0.00,0.00,0.00,1.88
2026-08-23T23:43:12Z,0.736,18.4,763.8,0.00,0.11,0.00,0.00,1.88
2026-08-23T23:43:13Z,0.717,17.9,762.0,0.00,0.00,0.00,0.00,1.88
2026-08-23T23:43:14Z,0.677,16.9,757.1,0.00,0.00,0.00,0.00,1.88
2026-08-23T23:43:15Z,0.659,16.5,757.1,0.00,0.05,0.00,0.00,1.73
2026-08-23T23:43:16Z,0.659,16.5,758.2,0.00,0.00,0.00,0.00,1.73
2026-08-23T23:43:17Z,0.735,18.4,758.6,0.00,0.00,0.00,0.00,1.73
2026-08-23T23:43:18Z,0.697,17.4,757.7,0.00,0.00,0.00,0.00,1.73
2026-08-23T23:43:19Z,0.708,17.7,759.8,0.00,0.00,0.00,0.00,1.73
2026-08-23T23:43:20Z,0.765,19.1,763.9,0.00,0.00,0.00,0.00,1.99
2026-08-23T23:43:21Z,0.727,18.2,750.8,0.00,0.00,0.00,0.00,1.99
2026-08-23T23:43:22Z,0.659,16.5,751.9,0.00,0.00,0.00,0.00,1.99
2026-08-23T23:43:23Z,0.727,18.2,753.6,0.00,0.00,0.00,0.00,1.99
2026-08-23T23:43:24Z,0.706,17.6,752.9,0.00,0.16,0.00,0.00,1.83
2026-08-23T23:43:25Z,0.736,18.4,755.2,0.00,0.00,0.00,0.00,1.83
2026-08-23T23:43:26Z,0.727,18.2,756.4,0.00,0.01,0.00,0.00,1.83
2026-08-23T23:43:27Z,0.773,19.3,757.8,0.00,0.00,0.00,0.00,1.83
2026-08-23T23:43:28Z,0.746,18.6,759.4,0.00,0.00,0.00,0.00,1.83
2026-08-23T23:43:29Z,0.746,18.6,758.3,0.00,0.00,0.00,0.00,1.68
2026-08-23T23:43:30Z,0.640,16.0,761.0,0.00,0.00,0.00,0.00,1.68
2026-08-23T23:43:31Z,0.687,17.2,762.3,0.00,0.00,0.00,0.00,1.68
2026-08-23T23:43:32Z,0.648,16.2,762.2,0.00,0.00,0.00,0.00,1.68
2026-08-23T23:43:33Z,0.754,18.9,765.4,0.00,0.00,0.00,0.00,1.68
2026-08-23T23:43:34Z,0.755,18.9,759.6,0.00,0.15,0.00,0.00,1.55
2026-08-23T23:43:35Z,0.755,18.9,760.4,0.00,0.00,0.00,0.00,1.55
2026-08-23T23:43:36Z,0.677,16.9,761.7,0.00,0.00,0.00,0.00,1.55
2026-08-23T23:43:37Z,0.698,17.4,761.6,0.00,0.00,0.00,0.00,1.55
2026-08-23T23:43:38Z,0.725,18.1,751.4,0.00,0.00,0.00,0.00,1.55
2026-08-23T23:43:39Z,0.697,17.4,752.6,0.00,0.00,0.00,0.00,1.66
2026-08-23T23:43:40Z,0.727,18.2,753.2,0.00,0.10,0.00,0.00,1.66
2026-08-23T23:43:41Z,0.765,19.1,754.4,0.00,0.00,0.00,0.00,1.66
2026-08-23T23:43:43Z,0.784,19.6,753.8,0.00,0.00,0.00,0.00,1.66
2026-08-23T23:43:44Z,0.774,19.4,755.4,0.00,0.00,0.00,0.00,1.66
2026-08-23T23:43:45Z,0.667,16.7,752.0,0.00,0.00,0.00,0.00,1.77
2026-08-23T23:43:46Z,0.746,18.6,751.1,0.00,0.20,0.00,0.00,1.77
2026-08-23T23:43:47Z,0.676,16.9,754.2,0.00,0.00,0.00,0.00,1.77
2026-08-23T23:43:48Z,0.746,18.6,755.6,0.00,0.00,0.00,0.00,1.77
2026-08-23T23:43:49Z,0.765,19.1,755.4,0.00,0.00,0.00,0.00,1.77
2026-08-23T23:43:50Z,0.754,18.9,760.3,0.00,0.00,0.00,0.00,1.63
2026-08-23T23:43:51Z,0.717,17.9,750.6,0.00,0.00,0.00,0.00,1.63
2026-08-23T23:43:52Z,0.726,18.1,750.7,0.00,0.00,0.00,0.00,1.63
2026-08-23T23:43:53Z,0.709,17.7,751.9,0.00,0.00,0.00,0.00,1.63
2026-08-23T23:43:54Z,0.725,18.1,751.2,0.00,0.00,0.00,0.00,1.50
2026-08-23T23:43:55Z,0.717,17.9,754.2,0.00,0.00,0.00,0.00,1.50
2026-08-23T23:43:56Z,0.737,18.4,754.1,0.00,0.15,0.00,0.00,1.50
2026-08-23T23:43:57Z,0.726,18.1,754.2,0.00,0.00,0.00,0.00,1.50
2026-08-23T23:43:58Z,0.726,18.1,755.3,0.00,0.00,0.00,0.00,1.50
2026-08-23T23:43:59Z,0.677,16.9,749.9,0.00,0.00,0.00,0.00,1.38
2026-08-23T23:44:00Z,0.657,16.4,752.0,0.00,0.00,0.00,0.00,1.38
2026-08-23T23:44:01Z,0.687,17.2,754.3,0.00,0.00,0.00,0.00,1.38
2026-08-23T23:44:02Z,0.658,16.4,754.1,0.00,0.13,0.00,0.00,1.38
2026-08-23T23:44:03Z,0.668,16.7,755.7,0.00,0.00,0.00,0.00,1.38
2026-08-23T23:44:04Z,0.735,18.4,757.4,0.00,0.00,0.00,0.00,1.27
2026-08-23T23:44:05Z,0.678,17.0,758.9,0.00,0.00,0.00,0.00,1.27
2026-08-23T23:44:06Z,0.776,19.4,761.4,0.00,0.00,0.00,0.00,1.27
2026-08-23T23:44:07Z,0.669,16.7,761.1,0.00,0.00,0.00,0.00,1.27
2026-08-23T23:44:08Z,0.697,17.4,760.8,0.00,0.00,0.00,0.00,1.27
2026-08-23T23:44:09Z,0.727,18.2,762.3,0.00,0.00,0.00,0.00,1.17
2026-08-23T23:44:10Z,0.697,17.4,763.5,0.00,0.00,0.00,0.00,1.17
2026-08-23T23:44:11Z,0.668,16.7,761.4,0.00,0.00,0.00,0.00,1.17
2026-08-23T23:44:12Z,0.717,17.9,763.5,0.00,0.00,0.00,0.00,1.17
2026-08-23T23:44:14Z,0.687,17.2,762.9,0.00,0.01,0.00,0.00,1.17
2026-08-23T23:44:15Z,0.687,17.2,761.1,0.00,0.00,0.00,0.00,1.07
2026-08-23T23:44:16Z,0.707,17.7,763.2,0.00,0.00,0.00,0.00,1.07
2026-08-23T23:44:17Z,0.725,18.1,766.3,0.00,0.08,0.00,0.00,1.07
2026-08-23T23:44:18Z,0.737,18.4,767.1,0.00,0.00,0.00,0.00,1.07
2026-08-23T23:44:19Z,0.738,18.4,767.4,0.00,0.00,0.00,0.00,1.07
2026-08-23T23:44:20Z,0.745,18.6,766.9,0.00,0.10,0.00,0.00,1.07
2026-08-23T23:44:21Z,0.737,18.4,762.4,0.00,0.00,0.00,0.00,1.07
2026-08-23T23:44:22Z,0.696,17.4,764.3,0.00,0.00,0.00,0.00,1.07
2026-08-23T23:44:23Z,0.745,18.6,763.7,0.00,0.00,0.00,0.00,1.07
2026-08-23T23:44:24Z,0.842,21.1,765.5,0.00,0.00,0.00,0.00,0.98
2026-08-23T23:44:25Z,0.639,16.0,769.2,0.00,0.00,0.00,0.00,0.98
2026-08-23T23:44:26Z,0.775,19.4,763.0,0.00,0.16,0.00,0.00,0.98
2026-08-23T23:44:27Z,0.755,18.9,764.7,0.00,0.00,0.00,0.00,0.98
2026-08-23T23:44:28Z,0.726,18.1,766.6,0.00,0.00,0.00,0.00,0.98
2026-08-23T23:44:29Z,0.775,19.4,766.2,0.00,0.00,0.00,0.00,0.98
2026-08-23T23:44:30Z,0.757,18.9,767.4,0.00,0.00,0.00,0.00,0.98
2026-08-23T23:44:31Z,0.766,19.1,768.5,0.00,0.00,0.00,0.00,0.98
2026-08-23T23:44:32Z,0.745,18.6,765.6,0.00,0.00,0.00,0.00,0.98
2026-08-23T23:44:33Z,0.727,18.2,760.6,0.00,0.00,0.00,0.00,0.98
2026-08-23T23:44:34Z,0.696,17.4,758.5,0.00,0.00,0.00,0.00,0.90
2026-08-23T23:44:35Z,0.717,17.9,761.4,0.00,0.00,0.00,0.00,0.90
2026-08-23T23:44:36Z,0.746,18.6,763.2,0.00,0.01,0.00,0.00,0.90
2026-08-23T23:44:37Z,0.708,17.7,764.2,0.00,0.16,0.00,0.00,0.90
2026-08-23T23:44:38Z,0.726,18.1,759.0,0.00,0.00,0.00,0.00,0.90
2026-08-23T23:44:39Z,0.696,17.4,760.2,0.00,0.00,0.00,0.00,1.47
2026-08-23T23:44:40Z,0.678,17.0,760.0,0.00,0.00,0.00,0.00,1.47
2026-08-23T23:44:41Z,0.686,17.2,761.5,0.00,0.00,0.00,0.00,1.47
2026-08-23T23:44:42Z,0.747,18.7,757.9,0.00,0.00,0.00,0.00,1.47
2026-08-23T23:44:43Z,0.678,17.0,761.4,0.00,0.13,0.00,0.00,1.47
2026-08-23T23:44:44Z,0.668,16.7,760.5,0.00,0.00,0.00,0.00,1.35
2026-08-23T23:44:46Z,0.668,16.7,753.4,0.00,0.00,0.00,0.00,1.35
2026-08-23T23:44:47Z,0.784,19.6,754.2,0.00,0.04,0.00,0.00,1.35
2026-08-23T23:44:48Z,0.687,17.2,753.5,0.00,0.00,0.00,0.00,1.35
2026-08-23T23:44:49Z,0.707,17.7,753.9,0.00,0.00,0.00,0.00,1.35
2026-08-23T23:44:50Z,0.651,16.3,755.3,0.00,0.00,0.00,0.00,1.25
2026-08-23T23:44:51Z,0.707,17.7,755.3,0.00,0.56,0.00,0.00,1.25
2026-08-23T23:44:52Z,0.688,17.2,754.7,0.00,0.00,0.00,0.00,1.25
2026-08-23T23:44:53Z,0.745,18.6,747.3,0.00,0.00,0.00,0.00,1.25
2026-08-23T23:44:54Z,0.698,17.4,745.9,0.00,0.00,0.00,0.00,1.25
2026-08-23T23:44:55Z,0.735,18.4,749.3,0.00,0.00,0.00,0.00,1.15
2026-08-23T23:44:56Z,0.698,17.4,749.4,0.00,0.00,0.00,0.00,1.15
2026-08-23T23:44:57Z,0.825,20.6,749.8,0.00,0.00,0.00,0.00,1.15
2026-08-23T23:44:58Z,0.659,16.5,751.3,0.00,0.11,0.00,0.00,1.15
2026-08-23T23:44:59Z,0.688,17.2,752.8,0.00,0.00,0.00,0.00,1.05
2026-08-23T23:45:00Z,0.698,17.4,752.3,0.00,0.00,0.00,0.00,1.05
2026-08-23T23:45:01Z,0.755,18.9,752.1,0.00,0.00,0.00,0.00,1.05
2026-08-23T23:45:02Z,0.697,17.4,753.3,0.00,0.00,0.00,0.00,1.05
2026-08-23T23:45:03Z,0.771,19.3,755.5,0.00,0.00,0.00,0.00,1.05
2026-08-23T23:45:04Z,0.669,16.7,755.8,0.00,0.00,0.00,0.00,1.13
2026-08-23T23:45:05Z,0.688,17.2,756.7,0.00,0.00,0.00,0.00,1.13
2026-08-23T23:45:06Z,0.727,18.2,756.2,0.00,0.16,0.00,0.00,1.13
2026-08-23T23:45:07Z,0.737,18.4,757.2,0.00,0.00,0.00,0.00,1.13
2026-08-23T23:45:08Z,0.717,17.9,757.2,0.00,0.00,0.00,0.00,1.13
2026-08-23T23:45:09Z,0.707,17.7,760.3,0.00,0.00,0.00,0.00,1.04
2026-08-23T23:45:10Z,0.727,18.2,761.8,0.00,0.00,0.00,0.00,1.04
2026-08-23T23:45:11Z,0.688,17.2,759.7,0.00,0.00,0.00,0.00,1.04
2026-08-23T23:45:12Z,0.766,19.1,763.0,0.00,0.00,0.00,0.00,1.04
2026-08-23T23:45:13Z,0.678,17.0,763.5,0.00,0.11,0.00,0.00,1.04
2026-08-23T23:45:14Z,0.717,17.9,762.1,0.00,0.00,0.00,0.00,0.96
2026-08-23T23:45:15Z,0.650,16.2,758.9,0.00,0.00,0.00,0.00,0.96
2026-08-23T23:45:16Z,0.727,18.2,753.0,0.00,0.03,0.00,0.00,0.96
2026-08-23T23:45:18Z,0.707,17.7,752.1,0.00,0.00,0.00,0.00,0.96
2026-08-23T23:45:19Z,0.698,17.4,754.5,0.00,0.00,0.00,0.00,0.96
2026-08-23T23:45:20Z,0.706,17.6,753.3,0.00,0.14,0.00,0.00,0.88
2026-08-23T23:45:21Z,0.688,17.2,753.4,0.00,0.00,0.00,0.00,0.88
2026-08-23T23:45:22Z,0.699,17.5,755.1,0.00,0.07,0.00,0.00,0.88
2026-08-23T23:45:23Z,0.726,18.1,753.3,0.00,0.10,0.00,0.00,0.88
2026-08-23T23:45:24Z,0.659,16.5,752.7,0.00,0.00,0.00,0.00,0.88
2026-08-23T23:45:25Z,0.668,16.7,752.2,0.00,0.00,0.00,0.00,0.97
2026-08-23T23:45:26Z,0.688,17.2,753.1,0.00,0.00,0.00,0.00,0.97
2026-08-23T23:45:27Z,0.717,17.9,754.4,0.00,0.03,0.00,0.00,0.97
2026-08-23T23:45:28Z,0.688,17.2,754.9,0.00,0.11,0.00,0.00,0.97
2026-08-23T23:45:29Z,0.716,17.9,754.2,0.00,0.00,0.00,0.00,0.89
2026-08-23T23:45:30Z,0.707,17.7,750.3,0.00,0.00,0.00,0.00,0.89
2026-08-23T23:45:31Z,0.718,17.9,748.8,0.00,0.00,0.00,0.00,0.89
2026-08-23T23:45:32Z,0.736,18.4,751.9,0.00,0.00,0.00,0.00,0.89
2026-08-23T23:45:33Z,0.830,20.8,750.9,0.00,0.00,0.00,0.00,0.89
2026-08-23T23:45:34Z,0.601,15.0,751.8,0.00,0.00,0.00,0.00,0.82
2026-08-23T23:45:35Z,0.679,17.0,752.5,0.00,0.00,0.00,0.00,0.82
2026-08-23T23:45:36Z,0.717,17.9,752.5,0.00,0.10,0.00,0.00,0.82
2026-08-23T23:45:37Z,0.727,18.2,752.1,0.00,0.00,0.00,0.00,0.82
2026-08-23T23:45:38Z,0.727,18.2,753.2,0.00,0.01,0.00,0.00,0.82
2026-08-23T23:45:39Z,0.686,17.2,753.9,0.00,0.00,0.00,0.00,0.75
2026-08-23T23:45:40Z,0.706,17.6,753.2,0.00,0.00,0.00,0.00,0.75
2026-08-23T23:45:41Z,0.670,16.8,753.2,0.00,0.00,0.00,0.00,0.75
2026-08-23T23:45:42Z,0.737,18.4,750.9,0.00,0.13,0.00,0.00,0.75
2026-08-23T23:45:43Z,0.640,16.0,749.7,0.00,0.00,0.00,0.00,0.75
2026-08-23T23:45:44Z,0.727,18.2,752.7,0.00,0.00,0.00,0.00,0.69
2026-08-23T23:45:45Z,0.737,18.4,753.6,0.00,0.00,0.00,0.00,0.69
2026-08-23T23:45:46Z,0.794,19.9,753.7,0.00,0.00,0.00,0.00,0.69
2026-08-23T23:45:47Z,0.746,18.6,756.1,0.00,0.00,0.00,0.00,0.69
2026-08-23T23:45:48Z,0.670,16.8,756.7,0.00,0.00,0.00,0.00,0.69
2026-08-23T23:45:50Z,0.737,18.4,748.9,0.00,0.00,0.00,0.00,0.72
2026-08-23T23:45:51Z,0.629,15.7,750.2,0.00,0.00,0.00,0.00,0.72
2026-08-23T23:45:52Z,0.707,17.7,751.4,0.00,0.05,0.00,0.00,0.72
2026-08-23T23:45:53Z,0.764,19.1,753.0,0.00,0.18,0.00,0.00,0.72
2026-08-23T23:45:54Z,0.765,19.1,754.2,0.00,0.00,0.00,0.00,0.72
2026-08-23T23:45:55Z,0.727,18.2,752.1,0.00,0.00,0.00,0.00,1.30
2026-08-23T23:45:56Z,0.744,18.6,752.7,0.00,0.00,0.00,0.00,1.30
2026-08-23T23:45:57Z,0.716,17.9,754.0,0.00,0.00,0.00,0.00,1.30
2026-08-23T23:45:58Z,0.688,17.2,751.4,0.00,0.03,0.00,0.00,1.30
2026-08-23T23:45:59Z,0.696,17.4,748.7,0.00,0.00,0.00,0.00,1.84
2026-08-23T23:46:00Z,0.717,17.9,749.3,0.00,0.00,0.00,0.00,1.84
2026-08-23T23:46:01Z,0.757,18.9,749.1,0.00,0.00,0.00,0.00,1.84
2026-08-23T23:46:02Z,0.725,18.1,752.6,0.00,0.00,0.00,0.00,1.84
2026-08-23T23:46:03Z,0.707,17.7,753.4,0.00,0.17,0.00,0.00,1.84
2026-08-23T23:46:04Z,0.746,18.6,754.3,0.00,0.00,0.00,0.00,1.69
2026-08-23T23:46:05Z,0.697,17.4,751.8,0.00,0.00,0.00,0.00,1.69
2026-08-23T23:46:06Z,0.698,17.4,749.2,0.00,0.00,0.00,0.00,1.69
2026-08-23T23:46:07Z,0.676,16.9,750.8,0.00,0.00,0.00,0.00,1.69
2026-08-23T23:46:08Z,0.708,17.7,753.6,0.00,0.00,0.00,0.00,1.69
2026-08-23T23:46:09Z,0.727,18.2,751.7,0.00,0.00,0.00,0.00,2.28
2026-08-23T23:46:10Z,0.744,18.6,750.4,0.00,0.12,0.00,0.00,2.28
2026-08-23T23:46:11Z,0.745,18.6,750.9,0.00,0.00,0.00,0.00,2.28
2026-08-23T23:46:12Z,0.679,17.0,751.5,0.00,0.00,0.00,0.00,2.28
2026-08-23T23:46:13Z,0.678,17.0,751.5,0.00,0.00,0.00,0.00,2.28
2026-08-23T23:46:14Z,0.669,16.7,752.4,0.00,0.00,0.00,0.00,2.09
2026-08-23T23:46:15Z,0.690,17.2,751.8,0.00,0.00,0.00,0.00,2.09
2026-08-23T23:46:16Z,0.679,17.0,752.4,0.00,0.00,0.00,0.00,2.09
2026-08-23T23:46:17Z,0.677,16.9,755.3,0.00,0.00,0.00,0.00,2.09
2026-08-23T23:46:18Z,0.718,17.9,750.6,0.00,0.00,0.00,0.00,2.09
2026-08-23T23:46:19Z,0.697,17.4,752.6,0.00,0.00,0.00,0.00,2.09
2026-08-23T23:46:20Z,0.678,17.0,753.4,0.00,0.00,0.00,0.00,2.09
2026-08-23T23:46:22Z,0.650,16.2,754.7,0.00,0.00,0.00,0.00,2.09
2026-08-23T23:46:23Z,0.709,17.7,753.7,0.00,0.03,0.00,0.00,2.09
2026-08-23T23:46:24Z,0.687,17.2,754.5,0.00,0.11,0.00,0.00,2.09
2026-08-23T23:46:25Z,0.716,17.9,756.5,0.00,0.00,0.00,0.00,1.92
2026-08-23T23:46:26Z,0.738,18.4,757.0,0.00,0.00,0.00,0.00,1.92
2026-08-23T23:46:27Z,0.698,17.4,755.6,0.00,0.00,0.00,0.00,1.92
2026-08-23T23:46:28Z,0.707,17.7,756.8,0.00,0.00,0.00,0.00,1.92
2026-08-23T23:46:29Z,0.697,17.4,754.0,0.00,0.00,0.00,0.00,1.92
2026-08-23T23:46:30Z,0.658,16.4,754.8,0.00,0.00,0.00,0.00,1.76
2026-08-23T23:46:31Z,0.659,16.5,756.7,0.00,0.14,0.00,0.00,1.76
2026-08-23T23:46:32Z,0.602,15.0,757.9,0.00,0.00,0.00,0.00,1.76
2026-08-23T23:46:33Z,0.738,18.4,757.8,0.00,0.00,0.00,0.00,1.76
2026-08-23T23:46:34Z,0.708,17.7,756.4,0.00,0.00,0.00,0.00,1.62
2026-08-23T23:46:35Z,0.658,16.4,757.7,0.00,0.00,0.00,0.00,1.62
2026-08-23T23:46:36Z,0.678,17.0,758.4,0.00,0.00,0.00,0.00,1.62
2026-08-23T23:46:37Z,0.727,18.2,760.1,0.00,0.00,0.00,0.00,1.62
2026-08-23T23:46:38Z,0.706,17.6,761.0,0.00,0.12,0.00,0.00,1.62
2026-08-23T23:46:39Z,0.689,17.2,751.7,0.00,0.00,0.00,0.00,1.49
2026-08-23T23:46:40Z,0.688,17.2,753.1,0.00,0.01,0.00,0.00,1.49
2026-08-23T23:46:41Z,0.640,16.0,753.8,0.00,0.00,0.00,0.00,1.49
2026-08-23T23:46:42Z,0.649,16.2,755.2,0.00,0.00,0.00,0.00,1.49
2026-08-23T23:46:43Z,0.618,15.4,757.4,0.00,0.17,0.00,0.00,1.49
2026-08-23T23:46:44Z,0.707,17.7,758.9,0.00,0.00,0.00,0.00,1.37
2026-08-23T23:46:45Z,0.689,17.2,761.8,0.00,0.00,0.00,0.00,1.37
2026-08-23T23:46:46Z,0.669,16.7,755.4,0.00,0.00,0.00,0.00,1.37
2026-08-23T23:46:47Z,0.638,16.0,754.0,0.00,0.03,0.00,0.00,1.37
2026-08-23T23:46:48Z,0.698,17.4,754.8,0.00,0.03,0.00,0.00,1.37
2026-08-23T23:46:49Z,0.698,17.4,757.0,0.00,0.11,0.00,0.00,1.66
2026-08-23T23:46:50Z,0.658,16.4,755.2,0.00,0.00,0.00,0.00,1.66
2026-08-23T23:46:51Z,0.700,17.5,757.2,0.00,0.00,0.00,0.00,1.66
2026-08-23T23:46:52Z,0.775,19.4,749.4,0.00,0.00,0.00,0.00,1.66
2026-08-23T23:46:54Z,0.687,17.2,749.4,0.00,0.00,0.00,0.00,1.66
2026-08-23T23:46:55Z,0.726,18.1,751.1,0.00,0.00,0.00,0.00,2.09
2026-08-23T23:46:56Z,0.680,17.0,752.6,0.00,0.00,0.00,0.00,2.09
2026-08-23T23:46:57Z,0.697,17.4,754.1,0.00,0.00,0.00,0.00,2.09
2026-08-23T23:46:58Z,0.669,16.7,755.3,0.00,0.14,0.00,0.00,2.09
2026-08-23T23:46:59Z,0.669,16.7,756.0,0.00,0.00,0.00,0.00,2.09
2026-08-23T23:47:00Z,0.707,17.7,752.9,0.00,0.00,0.00,0.00,2.40
2026-08-23T23:47:01Z,0.708,17.7,751.7,0.00,0.00,0.00,0.00,2.40
2026-08-23T23:47:02Z,0.668,16.7,754.2,0.00,0.00,0.00,0.00,2.40
2026-08-23T23:47:03Z,0.695,17.4,756.7,0.00,0.00,0.00,0.00,2.40
2026-08-23T23:47:04Z,0.707,17.7,755.8,0.00,0.00,0.00,0.00,2.93
2026-08-23T23:47:05Z,0.689,17.2,750.3,0.00,0.00,0.00,0.00,2.93
2026-08-23T23:47:06Z,0.650,16.2,752.3,0.00,0.13,0.00,0.00,2.93
2026-08-23T23:47:07Z,0.707,17.7,751.2,0.00,0.00,0.00,0.00,2.93
2026-08-23T23:47:08Z,0.660,16.5,753.4,0.00,0.00,0.00,0.00,2.93
2026-08-23T23:47:09Z,0.738,18.4,753.0,0.00,0.00,0.00,0.00,2.70
2026-08-23T23:47:10Z,0.656,16.4,755.9,0.00,0.00,0.00,0.00,2.70
2026-08-23T23:47:11Z,0.621,15.5,756.2,0.00,0.00,0.00,0.00,2.70
2026-08-23T23:47:12Z,0.679,17.0,759.4,0.00,0.00,0.00,0.00,2.70
2026-08-23T23:47:13Z,0.658,16.4,762.6,0.00,0.00,0.00,0.00,2.70
2026-08-23T23:47:14Z,0.676,16.9,763.3,0.00,0.00,0.00,0.00,2.48
2026-08-23T23:47:15Z,0.684,17.1,763.0,0.00,0.00,0.00,0.00,2.48
2026-08-23T23:47:16Z,0.687,17.2,761.6,0.00,0.00,0.00,0.00,2.48
2026-08-23T23:47:17Z,0.697,17.4,761.2,0.00,0.00,0.00,0.00,2.48
2026-08-23T23:47:18Z,0.696,17.4,763.4,0.00,0.04,0.00,0.00,2.48
2026-08-23T23:47:19Z,0.833,20.8,782.2,0.00,0.00,0.00,0.00,2.28
2026-08-23T23:47:20Z,0.965,24.1,777.1,0.00,0.33,0.00,0.00,2.28
2026-08-23T23:47:21Z,0.675,16.9,770.7,0.00,0.00,0.00,0.00,2.28
2026-08-23T23:47:22Z,0.706,17.6,760.2,0.00,0.01,0.00,0.00,2.28
2026-08-23T23:47:23Z,0.676,16.9,761.6,0.00,0.00,0.00,0.00,2.28
2026-08-23T23:47:25Z,0.685,17.1,758.4,0.00,0.00,0.00,0.00,2.10
2026-08-23T23:47:26Z,0.656,16.4,759.2,0.00,0.11,0.00,0.00,2.10
2026-08-23T23:47:27Z,0.664,16.6,758.0,0.00,0.00,0.00,0.00,2.10
2026-08-23T23:47:28Z,0.695,17.4,759.9,0.00,0.00,0.00,0.00,2.10
2026-08-23T23:47:29Z,0.676,16.9,759.2,0.00,0.00,0.00,0.00,2.10
2026-08-23T23:47:30Z,0.685,17.1,758.4,0.00,0.00,0.00,0.00,2.01
2026-08-23T23:47:31Z,0.637,15.9,761.4,0.00,0.00,0.00,0.00,2.01
2026-08-23T23:47:32Z,0.636,15.9,762.7,0.00,0.00,0.00,0.00,2.01
2026-08-23T23:47:33Z,0.674,16.9,761.3,0.00,0.00,0.00,0.00,2.01
2026-08-23T23:47:34Z,0.675,16.9,760.0,0.00,0.11,0.00,0.00,1.85
2026-08-23T23:47:35Z,0.752,18.8,759.9,0.00,0.00,0.00,0.00,1.85
2026-08-23T23:47:36Z,0.676,16.9,760.1,0.00,0.00,0.00,0.00,1.85
2026-08-23T23:47:37Z,0.677,16.9,755.3,0.00,0.00,0.00,0.00,1.85
2026-08-23T23:47:38Z,0.688,17.2,756.3,0.00,0.00,0.00,0.00,1.85
2026-08-23T23:47:39Z,0.772,19.3,757.0,0.00,0.00,0.00,0.00,2.18
2026-08-23T23:47:40Z,0.649,16.2,750.5,0.00,0.00,0.00,0.00,2.18
2026-08-23T23:47:41Z,0.686,17.2,752.4,0.00,0.00,0.00,0.00,2.18
2026-08-23T23:47:42Z,0.706,17.6,753.7,0.00,0.10,0.00,0.00,2.18
2026-08-23T23:47:43Z,0.762,19.1,753.1,0.00,0.01,0.00,0.00,2.18
2026-08-23T23:47:44Z,0.724,18.1,754.1,0.00,0.00,0.00,0.00,2.01
2026-08-23T23:47:45Z,0.716,17.9,750.5,0.00,0.00,0.00,0.00,2.01
2026-08-23T23:47:46Z,0.658,16.4,751.0,0.00,0.00,0.00,0.00,2.01
2026-08-23T23:47:47Z,0.733,18.3,752.9,0.00,0.00,0.00,0.00,2.01
2026-08-23T23:47:48Z,0.676,16.9,755.9,0.00,0.07,0.00,0.00,2.01
2026-08-23T23:47:49Z,0.723,18.1,758.4,0.00,0.15,0.00,0.00,2.09
2026-08-23T23:47:50Z,0.694,17.3,750.2,0.00,0.00,0.00,0.00,2.09
2026-08-23T23:47:51Z,0.695,17.4,752.2,0.00,0.01,0.00,0.00,2.09
2026-08-23T23:47:52Z,0.715,17.9,750.4,0.00,0.00,0.00,0.00,2.09
2026-08-23T23:47:54Z,0.752,18.8,753.9,0.00,0.04,0.00,0.00,2.09
2026-08-23T23:47:55Z,0.695,17.4,754.5,0.00,0.00,0.00,0.00,1.92
2026-08-23T23:47:56Z,0.743,18.6,756.2,0.00,0.00,0.00,0.00,1.92
2026-08-23T23:47:57Z,0.760,19.0,756.7,0.00,0.10,0.00,0.00,1.92
2026-08-23T23:47:58Z,0.677,16.9,757.9,0.00,0.00,0.00,0.00,1.92
2026-08-23T23:47:59Z,0.705,17.6,760.9,0.00,0.00,0.00,0.00,1.92
2026-08-23T23:48:00Z,0.723,18.1,761.3,0.00,0.00,0.00,0.00,2.97
2026-08-23T23:48:01Z,0.762,19.1,758.3,0.00,0.00,0.00,0.00,2.97
2026-08-23T23:48:02Z,0.684,17.1,757.2,0.00,0.00,0.00,0.00,2.97
2026-08-23T23:48:03Z,0.693,17.3,756.8,0.00,0.00,0.00,0.00,2.97
2026-08-23T23:48:04Z,0.717,17.9,756.1,0.00,0.00,0.00,0.00,2.73
2026-08-23T23:48:05Z,0.666,16.7,756.6,0.00,0.10,0.00,0.00,2.73
2026-08-23T23:48:06Z,0.715,17.9,756.7,0.00,0.00,0.00,0.00,2.73
2026-08-23T23:48:07Z,0.637,15.9,757.7,0.00,0.00,0.00,0.00,2.73
2026-08-23T23:48:08Z,0.675,16.9,753.0,0.00,0.00,0.00,0.00,2.73
2026-08-23T23:48:09Z,0.676,16.9,754.5,0.00,0.00,0.00,0.00,2.51
2026-08-23T23:48:10Z,0.714,17.8,755.2,0.00,0.00,0.00,0.00,2.51
2026-08-23T23:48:11Z,0.715,17.9,755.3,0.00,0.13,0.00,0.00,2.51
2026-08-23T23:48:12Z,0.734,18.4,757.3,0.00,0.00,0.00,0.00,2.51
2026-08-23T23:48:13Z,0.723,18.1,755.8,0.00,0.00,0.00,0.00,2.51
2026-08-23T23:48:14Z,0.657,16.4,756.3,0.00,0.00,0.00,0.00,2.39
2026-08-23T23:48:15Z,0.686,17.2,757.5,0.00,0.00,0.00,0.00,2.39
2026-08-23T23:48:16Z,0.696,17.4,756.7,0.00,0.00,0.00,0.00,2.39
2026-08-23T23:48:17Z,0.658,16.4,759.7,0.00,0.00,0.00,0.00,2.39
2026-08-23T23:48:18Z,0.677,16.9,760.3,0.00,0.15,0.00,0.00,2.39
2026-08-23T23:48:19Z,0.732,18.3,763.5,0.00,0.00,0.00,0.00,2.52
2026-08-23T23:48:20Z,0.735,18.4,760.8,0.00,0.00,0.00,0.00,2.52
2026-08-23T23:48:21Z,0.687,17.2,753.1,0.00,0.00,0.00,0.00,2.52
2026-08-23T23:48:23Z,0.723,18.1,752.4,0.00,0.00,0.00,0.00,2.52
2026-08-23T23:48:24Z,0.667,16.7,747.6,0.00,0.02,0.00,0.00,2.52
2026-08-23T23:48:25Z,0.714,17.8,750.6,0.00,0.00,0.00,0.00,2.48
2026-08-23T23:48:26Z,0.675,16.9,750.6,0.00,0.14,0.00,0.00,2.48
2026-08-23T23:48:27Z,0.689,17.2,751.8,0.00,0.00,0.00,0.00,2.48
2026-08-23T23:48:28Z,0.724,18.1,751.0,0.00,0.00,0.00,0.00,2.48
2026-08-23T23:48:29Z,0.704,17.6,751.6,0.00,0.00,0.00,0.00,2.48
2026-08-23T23:48:30Z,0.695,17.4,752.9,0.00,0.00,0.00,0.00,3.72
2026-08-23T23:48:31Z,0.715,17.9,753.1,0.00,0.00,0.00,0.00,3.72
2026-08-23T23:48:32Z,0.685,17.1,753.0,0.00,0.00,0.00,0.00,3.72
2026-08-23T23:48:33Z,0.713,17.8,745.8,0.00,0.00,0.00,0.00,3.72
2026-08-23T23:48:34Z,0.735,18.4,747.3,0.00,0.00,0.00,0.00,3.42
2026-08-23T23:48:35Z,0.725,18.1,749.8,0.00,0.00,0.00,0.00,3.42
2026-08-23T23:48:36Z,0.675,16.9,748.8,0.00,0.00,0.00,0.00,3.42
2026-08-23T23:48:37Z,0.709,17.7,751.8,0.00,0.15,0.00,0.00,3.42
2026-08-23T23:48:38Z,0.714,17.8,751.9,0.00,0.00,0.00,0.00,3.42
2026-08-23T23:48:39Z,0.752,18.8,754.8,0.00,0.00,0.00,0.00,3.15
2026-08-23T23:48:40Z,0.755,18.9,753.6,0.00,0.00,0.00,0.00,3.15
2026-08-23T23:48:41Z,0.686,17.2,755.8,0.00,0.00,0.00,0.00,3.15
2026-08-23T23:48:42Z,0.728,18.2,755.2,0.00,0.00,0.00,0.00,3.15
2026-08-23T23:48:43Z,0.697,17.4,756.0,0.00,0.00,0.00,0.00,3.15
2026-08-23T23:48:44Z,0.706,17.6,756.2,0.00,0.00,0.00,0.00,2.90
2026-08-23T23:48:45Z,0.696,17.4,759.4,0.00,0.15,0.00,0.00,2.90
2026-08-23T23:48:46Z,0.716,17.9,759.0,0.00,0.00,0.00,0.00,2.90
2026-08-23T23:48:47Z,0.686,17.2,760.4,0.00,0.00,0.00,0.00,2.90
2026-08-23T23:48:48Z,0.724,18.1,761.1,0.00,0.03,0.00,0.00,2.90
2026-08-23T23:48:49Z,0.695,17.4,760.4,0.00,0.00,0.00,0.00,3.62
2026-08-23T23:48:50Z,0.676,16.9,761.8,0.00,0.00,0.00,0.00,3.62
2026-08-23T23:48:52Z,0.697,17.4,763.7,0.00,0.10,0.00,0.00,3.62
2026-08-23T23:48:53Z,0.648,16.2,753.8,0.00,0.01,0.00,0.00,3.62
2026-08-23T23:48:54Z,0.677,16.9,755.2,0.00,0.01,0.00,0.00,3.62
2026-08-23T23:48:55Z,0.764,19.1,755.2,0.00,0.00,0.00,0.00,3.57
2026-08-23T23:48:56Z,0.698,17.4,758.4,0.00,0.00,0.00,0.00,3.57
2026-08-23T23:48:57Z,0.724,18.1,758.3,0.00,0.00,0.00,0.00,3.57
2026-08-23T23:48:58Z,0.676,16.9,759.3,0.00,0.13,0.00,0.00,3.57
2026-08-23T23:48:59Z,0.679,17.0,760.7,0.00,0.00,0.00,0.00,3.57
2026-08-23T23:49:00Z,0.715,17.9,762.3,0.00,0.00,0.00,0.00,3.29
2026-08-23T23:49:01Z,0.687,17.2,754.4,0.00,0.00,0.00,0.00,3.29
2026-08-23T23:49:02Z,0.698,17.4,756.0,0.00,0.00,0.00,0.00,3.29
2026-08-23T23:49:03Z,0.796,19.9,754.0,0.00,0.00,0.00,0.00,3.29
2026-08-23T23:49:04Z,0.685,17.1,753.5,0.00,0.00,0.00,0.00,3.10
2026-08-23T23:49:05Z,0.718,17.9,753.9,0.00,0.00,0.00,0.00,3.10
2026-08-23T23:49:06Z,0.648,16.2,753.4,0.00,0.14,0.00,0.00,3.10
2026-08-23T23:49:07Z,0.735,18.4,751.9,0.00,0.00,0.00,0.00,3.10
2026-08-23T23:49:08Z,0.727,18.2,752.4,0.00,0.00,0.00,0.00,3.10
2026-08-23T23:49:09Z,0.678,17.0,752.0,0.00,0.00,0.00,0.00,3.02
2026-08-23T23:49:10Z,0.659,16.5,753.7,0.00,0.00,0.00,0.00,3.02
2026-08-23T23:49:11Z,0.660,16.5,755.3,0.00,0.00,0.00,0.00,3.02
2026-08-23T23:49:12Z,0.638,16.0,757.1,0.00,0.00,0.00,0.00,3.02
2026-08-23T23:49:13Z,0.755,18.9,757.7,0.00,0.00,0.00,0.00,3.02
2026-08-23T23:49:14Z,0.688,17.2,760.9,0.00,0.11,0.00,0.00,2.77
2026-08-23T23:49:15Z,0.727,18.2,760.4,0.00,0.00,0.00,0.00,2.77
2026-08-23T23:49:16Z,0.668,16.7,761.8,0.00,0.01,0.00,0.00,2.77
2026-08-23T23:49:17Z,0.746,18.6,764.0,0.00,0.00,0.00,0.00,2.77
2026-08-23T23:49:18Z,0.706,17.6,764.0,0.00,0.05,0.00,0.00,2.77
2026-08-23T23:49:19Z,0.678,17.0,764.8,0.00,0.00,0.00,0.00,2.55
2026-08-23T23:49:20Z,0.689,17.2,766.0,0.00,0.00,0.00,0.00,2.55
2026-08-23T23:49:21Z,0.620,15.5,757.3,0.00,0.00,0.00,0.00,2.55
2026-08-23T23:49:23Z,0.688,17.2,759.2,0.00,0.00,0.00,0.00,2.55
2026-08-23T23:49:24Z,0.736,18.4,758.9,0.00,0.03,0.00,0.00,2.55
2026-08-23T23:49:25Z,0.795,19.9,753.8,0.00,0.00,0.00,0.00,2.35
2026-08-23T23:49:26Z,0.688,17.2,756.6,0.00,0.00,0.00,0.00,2.35
2026-08-23T23:49:27Z,0.736,18.4,758.6,0.00,0.15,0.00,0.00,2.35
2026-08-23T23:49:28Z,0.679,17.0,760.6,0.00,0.00,0.00,0.00,2.35
2026-08-23T23:49:29Z,0.766,19.1,762.4,0.00,0.00,0.00,0.00,2.35
2026-08-23T23:49:30Z,0.708,17.7,759.7,0.00,0.00,0.00,0.00,2.64
2026-08-23T23:49:31Z,0.698,17.4,760.9,0.00,0.00,0.00,0.00,2.64
2026-08-23T23:49:32Z,0.715,17.9,758.4,0.00,0.00,0.00,0.00,2.64
2026-08-23T23:49:33Z,0.737,18.4,757.3,0.00,0.00,0.00,0.00,2.64
2026-08-23T23:49:34Z,0.649,16.2,759.7,0.00,0.00,0.00,0.00,2.91
2026-08-23T23:49:35Z,0.670,16.8,760.1,0.00,0.01,0.00,0.00,2.91
2026-08-23T23:49:36Z,0.698,17.4,761.3,0.00,0.00,0.00,0.00,2.91
2026-08-23T23:49:37Z,0.707,17.7,755.1,0.00,0.00,0.00,0.00,2.91
2026-08-23T23:49:38Z,0.716,17.9,757.8,0.00,0.00,0.00,0.00,2.91
2026-08-23T23:49:39Z,0.572,14.3,761.5,0.00,0.00,0.00,0.00,2.68
2026-08-23T23:49:40Z,0.747,18.7,755.8,0.00,0.14,0.00,0.00,2.68
2026-08-23T23:49:41Z,0.688,17.2,754.1,0.00,0.00,0.00,0.00,2.68
2026-08-23T23:49:42Z,0.707,17.7,755.6,0.00,0.00,0.00,0.00,2.68
2026-08-23T23:49:43Z,0.727,18.2,759.3,0.00,0.00,0.00,0.00,2.68
2026-08-23T23:49:44Z,0.727,18.2,754.0,0.00,0.00,0.00,0.00,2.46
2026-08-23T23:49:45Z,0.697,17.4,751.3,0.00,0.00,0.00,0.00,2.46
2026-08-23T23:49:46Z,0.698,17.4,751.6,0.00,0.00,0.00,0.00,2.46
2026-08-23T23:49:47Z,0.650,16.2,752.3,0.00,0.00,0.00,0.00,2.46
2026-08-23T23:49:48Z,0.677,16.9,752.1,0.00,0.00,0.00,0.00,2.46
2026-08-23T23:49:49Z,0.659,16.5,753.5,0.00,0.03,0.00,0.00,2.26
2026-08-23T23:49:50Z,0.689,17.2,752.4,0.00,0.00,0.00,0.00,2.26
2026-08-23T23:49:51Z,0.678,17.0,755.2,0.00,0.59,0.00,0.00,2.26
2026-08-23T23:49:52Z,0.737,18.4,757.7,0.00,0.00,0.00,0.00,2.26
2026-08-23T23:49:53Z,0.660,16.5,758.4,0.00,0.19,0.00,0.00,2.26
2026-08-23T23:49:54Z,0.757,18.9,757.8,0.00,0.02,0.00,0.00,2.08
2026-08-23T23:49:56Z,0.670,16.8,760.8,0.00,0.00,0.00,0.00,2.08
2026-08-23T23:49:57Z,0.766,19.1,762.3,0.00,0.02,0.00,0.00,2.08
2026-08-23T23:49:58Z,0.679,17.0,763.6,0.00,0.00,0.00,0.00,2.08
2026-08-23T23:49:59Z,0.697,17.4,764.0,0.00,0.00,0.00,0.00,2.08
2026-08-23T23:50:00Z,0.699,17.5,758.6,0.00,0.00,0.00,0.00,1.92
2026-08-23T23:50:01Z,0.755,18.9,759.7,0.00,0.00,0.00,0.00,1.92
2026-08-23T23:50:02Z,0.774,19.4,761.0,0.00,0.00,0.00,0.00,1.92
2026-08-23T23:50:03Z,0.746,18.6,760.3,0.00,0.00,0.00,0.00,1.92
2026-08-23T23:50:04Z,0.678,17.0,761.3,0.00,0.00,0.00,0.00,1.92
2026-08-23T23:50:05Z,0.706,17.6,760.0,0.00,0.22,0.00,0.00,1.84
2026-08-23T23:50:06Z,0.757,18.9,763.6,0.00,0.00,0.00,0.00,1.84
2026-08-23T23:50:07Z,0.697,17.4,760.3,0.00,0.00,0.00,0.00,1.84
2026-08-23T23:50:08Z,0.717,17.9,758.6,0.00,0.02,0.00,0.00,1.84
2026-08-23T23:50:09Z,0.689,17.2,757.8,0.00,0.00,0.00,0.00,1.69
2026-08-23T23:50:10Z,0.697,17.4,757.1,0.00,0.00,0.00,0.00,1.69
2026-08-23T23:50:11Z,0.687,17.2,757.4,0.00,0.00,0.00,0.00,1.69
2026-08-23T23:50:12Z,0.689,17.2,755.5,0.00,0.15,0.00,0.00,1.69
2026-08-23T23:50:13Z,0.659,16.5,755.4,0.00,0.00,0.00,0.00,1.69
2026-08-23T23:50:14Z,0.649,16.2,747.8,0.00,0.00,0.00,0.00,1.56
2026-08-23T23:50:15Z,0.727,18.2,749.1,0.00,0.00,0.00,0.00,1.56
2026-08-23T23:50:16Z,0.697,17.4,751.3,0.00,0.00,0.00,0.00,1.56
2026-08-23T23:50:17Z,0.734,18.4,752.6,0.00,0.00,0.00,0.00,1.56
2026-08-23T23:50:18Z,0.697,17.4,754.5,0.00,0.00,0.00,0.00,1.56
2026-08-23T23:50:19Z,0.716,17.9,748.2,0.00,0.10,0.00,0.00,1.67
2026-08-23T23:50:20Z,0.687,17.2,751.1,0.00,0.00,0.00,0.00,1.67
2026-08-23T23:50:21Z,0.659,16.5,751.8,0.00,0.07,0.00,0.00,1.67
2026-08-23T23:50:22Z,0.718,17.9,751.8,0.00,0.00,0.00,0.00,1.67
2026-08-23T23:50:23Z,0.688,17.2,753.1,0.00,0.00,0.00,0.00,1.67
2026-08-23T23:50:24Z,0.660,16.5,752.8,0.00,0.00,0.00,0.00,1.86
2026-08-23T23:50:25Z,0.716,17.9,753.0,0.00,0.00,0.00,0.00,1.86
2026-08-23T23:50:26Z,0.669,16.7,753.7,0.00,0.16,0.00,0.00,1.86
2026-08-23T23:50:28Z,0.736,18.4,752.8,0.00,0.00,0.00,0.00,1.86
2026-08-23T23:50:29Z,0.641,16.0,752.4,0.00,0.00,0.00,0.00,1.86
2026-08-23T23:50:30Z,0.640,16.0,753.4,0.00,0.00,0.00,0.00,1.95
2026-08-23T23:50:31Z,0.659,16.5,753.5,0.00,0.00,0.00,0.00,1.95
2026-08-23T23:50:32Z,0.707,17.7,755.4,0.00,0.00,0.00,0.00,1.95
2026-08-23T23:50:33Z,0.619,15.5,756.7,0.00,0.01,0.00,0.00,1.95
2026-08-23T23:50:34Z,0.688,17.2,755.5,0.00,0.00,0.00,0.00,1.95
2026-08-23T23:50:35Z,0.592,14.8,757.0,0.00,0.00,0.00,0.00,1.80
2026-08-23T23:50:36Z,0.648,16.2,753.3,0.00,0.00,0.00,0.00,1.80
2026-08-23T23:50:37Z,0.667,16.7,753.9,0.00,0.00,0.00,0.00,1.80
2026-08-23T23:50:38Z,0.660,16.5,754.9,0.00,0.18,0.00,0.00,1.80
2026-08-23T23:50:39Z,0.718,17.9,753.1,0.00,0.00,0.00,0.00,1.89
2026-08-23T23:50:40Z,0.679,17.0,753.9,0.00,0.00,0.00,0.00,1.89
2026-08-23T23:50:41Z,0.621,15.5,753.1,0.00,0.01,0.00,0.00,1.89
2026-08-23T23:50:42Z,0.669,16.7,755.6,0.00,0.00,0.00,0.00,1.89
2026-08-23T23:50:43Z,0.678,17.0,759.6,0.00,0.00,0.00,0.00,1.89
2026-08-23T23:50:44Z,0.678,17.0,757.9,0.00,0.00,0.00,0.00,1.90
2026-08-23T23:50:45Z,0.650,16.2,759.1,0.00,0.00,0.00,0.00,1.90
2026-08-23T23:50:46Z,0.637,15.9,760.4,0.00,0.00,0.00,0.00,1.90
2026-08-23T23:50:47Z,0.659,16.5,760.8,0.00,0.00,0.00,0.00,1.90
2026-08-23T23:50:48Z,0.629,15.7,760.9,0.00,0.00,0.00,0.00,1.90
2026-08-23T23:50:49Z,0.668,16.7,754.6,0.00,0.00,0.00,0.00,1.75
2026-08-23T23:50:50Z,0.687,17.2,757.6,0.00,0.00,0.00,0.00,1.75
2026-08-23T23:50:51Z,0.755,18.9,752.3,0.00,0.00,0.00,0.00,1.75
2026-08-23T23:50:52Z,0.669,16.7,755.2,0.00,0.04,0.00,0.00,1.75
2026-08-23T23:50:53Z,0.670,16.8,754.0,0.00,0.00,0.00,0.00,1.75
2026-08-23T23:50:54Z,0.679,17.0,756.2,0.00,0.00,0.00,0.00,1.85
2026-08-23T23:50:55Z,0.726,18.1,756.9,0.00,0.00,0.00,0.00,1.85
2026-08-23T23:50:56Z,0.706,17.6,759.6,0.00,0.15,0.00,0.00,1.85
2026-08-23T23:50:57Z,0.706,17.6,757.6,0.00,0.00,0.00,0.00,1.85
2026-08-23T23:50:58Z,0.697,17.4,753.9,0.00,0.01,0.00,0.00,1.85
2026-08-23T23:51:00Z,0.717,17.9,754.5,0.00,0.00,0.00,0.00,1.70
2026-08-23T23:51:01Z,0.649,16.2,756.3,0.00,0.00,0.00,0.00,1.70
2026-08-23T23:51:02Z,0.697,17.4,756.4,0.00,0.00,0.00,0.00,1.70
2026-08-23T23:51:03Z,0.667,16.7,758.2,0.00,0.00,0.00,0.00,1.70
2026-08-23T23:51:04Z,0.687,17.2,759.4,0.00,0.00,0.00,0.00,1.70
2026-08-23T23:51:05Z,0.679,17.0,759.7,0.00,0.00,0.00,0.00,1.56
2026-08-23T23:51:06Z,0.689,17.2,757.6,0.00,0.01,0.00,0.00,1.56
2026-08-23T23:51:07Z,0.697,17.4,760.1,0.00,0.00,0.00,0.00,1.56
2026-08-23T23:51:08Z,0.656,16.4,760.5,0.00,0.10,0.00,0.00,1.56
2026-08-23T23:51:09Z,0.659,16.5,749.4,0.00,0.00,0.00,0.00,1.56
2026-08-23T23:51:10Z,0.630,15.8,750.4,0.00,0.00,0.00,0.00,1.44
2026-08-23T23:51:11Z,0.755,18.9,753.8,0.00,0.00,0.00,0.00,1.44
2026-08-23T23:51:12Z,0.656,16.4,753.6,0.00,0.00,0.00,0.00,1.44
2026-08-23T23:51:13Z,0.754,18.9,750.8,0.00,0.00,0.00,0.00,1.44
2026-08-23T23:51:14Z,0.688,17.2,753.0,0.00,0.00,0.00,0.00,1.32
2026-08-23T23:51:15Z,0.639,16.0,751.3,0.00,0.00,0.00,0.00,1.32
2026-08-23T23:51:16Z,0.660,16.5,753.8,0.00,0.00,0.00,0.00,1.32
2026-08-23T23:51:17Z,0.706,17.6,750.1,0.00,0.00,0.00,0.00,1.32
2026-08-23T23:51:18Z,0.689,17.2,746.8,0.00,0.00,0.00,0.00,1.32
2026-08-23T23:51:19Z,0.581,14.5,749.1,0.00,0.00,0.00,0.00,1.70
2026-08-23T23:51:20Z,0.668,16.7,749.5,0.00,0.00,0.00,0.00,1.70
2026-08-23T23:51:21Z,0.667,16.7,749.2,0.00,0.00,0.00,0.00,1.70
2026-08-23T23:51:22Z,0.678,17.0,752.6,0.00,0.00,0.00,0.00,1.70
2026-08-23T23:51:23Z,0.629,15.7,752.6,0.00,0.06,0.00,0.00,1.70
2026-08-23T23:51:24Z,0.659,16.5,752.4,0.00,0.17,0.00,0.00,2.28
2026-08-23T23:51:25Z,0.659,16.5,755.3,0.00,0.00,0.00,0.00,2.28
2026-08-23T23:51:26Z,0.648,16.2,757.9,0.00,0.00,0.00,0.00,2.28
2026-08-23T23:51:27Z,0.714,17.8,759.1,0.00,0.00,0.00,0.00,2.28
2026-08-23T23:51:28Z,0.629,15.7,759.1,0.00,0.00,0.00,0.00,2.28
2026-08-23T23:51:29Z,0.649,16.2,760.2,0.00,0.00,0.00,0.00,2.10
2026-08-23T23:51:31Z,0.679,17.0,761.7,0.00,0.01,0.00,0.00,2.10
2026-08-23T23:51:32Z,0.680,17.0,762.7,0.00,0.00,0.00,0.00,2.10
2026-08-23T23:51:33Z,0.716,17.9,759.2,0.00,0.11,0.00,0.00,2.10
2026-08-23T23:51:34Z,0.725,18.1,759.0,0.00,0.00,0.00,0.00,2.10
2026-08-23T23:51:35Z,0.688,17.2,761.9,0.00,0.00,0.00,0.00,2.09
2026-08-23T23:51:36Z,0.717,17.9,761.8,0.00,0.00,0.00,0.00,2.09
2026-08-23T23:51:37Z,0.676,16.9,760.7,0.00,0.00,0.00,0.00,2.09
2026-08-23T23:51:38Z,0.677,16.9,760.2,0.00,0.00,0.00,0.00,2.09
2026-08-23T23:51:39Z,0.668,16.7,753.8,0.00,0.00,0.00,0.00,2.09
2026-08-23T23:51:40Z,0.639,16.0,756.3,0.00,0.14,0.00,0.00,1.92
2026-08-23T23:51:41Z,0.611,15.3,755.2,0.00,0.00,0.00,0.00,1.92
2026-08-23T23:51:42Z,0.640,16.0,757.4,0.00,0.00,0.00,0.00,1.92
2026-08-23T23:51:43Z,0.706,17.6,759.0,0.00,0.00,0.00,0.00,1.92
2026-08-23T23:51:44Z,0.601,15.0,761.5,0.00,0.00,0.00,0.00,1.77
2026-08-23T23:51:45Z,0.630,15.8,759.9,0.00,0.00,0.00,0.00,1.77
2026-08-23T23:51:46Z,0.639,16.0,760.8,0.00,0.10,0.00,0.00,1.77
2026-08-23T23:51:47Z,0.639,16.0,762.4,0.00,0.00,0.00,0.00,1.77
2026-08-23T23:51:48Z,0.629,15.7,761.8,0.00,0.05,0.00,0.00,1.77
2026-08-23T23:51:49Z,0.669,16.7,751.7,0.00,0.03,0.00,0.00,1.95
2026-08-23T23:51:50Z,0.601,15.0,752.1,0.00,0.00,0.00,0.00,1.95
2026-08-23T23:51:51Z,0.621,15.5,755.0,0.00,0.00,0.00,0.00,1.95
2026-08-23T23:51:52Z,0.677,16.9,753.7,0.00,0.00,0.00,0.00,1.95
2026-08-23T23:51:53Z,0.630,15.8,754.7,0.00,0.16,0.00,0.00,1.95
2026-08-23T23:51:54Z,0.610,15.2,757.4,0.00,0.03,0.00,0.00,1.79
2026-08-23T23:51:55Z,0.708,17.7,753.5,0.00,0.00,0.00,0.00,1.79
2026-08-23T23:51:56Z,0.658,16.4,755.0,0.00,0.00,0.00,0.00,1.79
2026-08-23T23:51:57Z,0.735,18.4,751.3,0.00,0.00,0.00,0.00,1.79
2026-08-23T23:51:58Z,0.677,16.9,755.4,0.00,0.00,0.00,0.00,1.79
2026-08-23T23:51:59Z,0.668,16.7,756.9,0.00,0.00,0.00,0.00,1.65
2026-08-23T23:52:00Z,0.669,16.7,751.9,0.00,0.00,0.00,0.00,1.65
2026-08-23T23:52:01Z,0.680,17.0,753.8,0.00,0.01,0.00,0.00,1.65
2026-08-23T23:52:03Z,0.658,16.4,757.9,0.00,0.16,0.00,0.00,1.65
2026-08-23T23:52:04Z,0.696,17.4,757.8,0.00,0.00,0.00,0.00,1.65
2026-08-23T23:52:05Z,0.687,17.2,759.2,0.00,0.00,0.00,0.00,1.52
2026-08-23T23:52:06Z,0.677,16.9,759.1,0.00,0.00,0.00,0.00,1.52
2026-08-23T23:52:07Z,0.608,15.2,757.9,0.00,0.00,0.00,0.00,1.52
2026-08-23T23:52:08Z,0.715,17.9,760.2,0.00,0.00,0.00,0.00,1.52
2026-08-23T23:52:09Z,0.716,17.9,761.1,0.00,0.00,0.00,0.00,1.52
2026-08-23T23:52:10Z,0.706,17.6,761.3,0.00,0.01,0.00,0.00,1.39
2026-08-23T23:52:11Z,0.667,16.7,759.3,0.00,0.00,0.00,0.00,1.39
2026-08-23T23:52:12Z,0.551,13.8,760.8,0.00,0.00,0.00,0.00,1.39
2026-08-23T23:52:13Z,0.777,19.4,751.6,0.00,0.00,0.00,0.00,1.39
2026-08-23T23:52:14Z,0.706,17.6,753.6,0.00,0.15,0.00,0.00,1.60
2026-08-23T23:52:15Z,0.676,16.9,755.4,0.00,0.00,0.00,0.00,1.60
2026-08-23T23:52:16Z,0.687,17.2,757.7,0.00,0.01,0.00,0.00,1.60
2026-08-23T23:52:17Z,0.706,17.6,758.9,0.00,0.00,0.00,0.00,1.60
2026-08-23T23:52:18Z,0.611,15.3,759.4,0.00,0.00,0.00,0.00,1.60
2026-08-23T23:52:19Z,0.740,18.5,760.4,0.00,0.05,0.00,0.00,1.47
2026-08-23T23:52:20Z,0.783,19.6,762.1,0.00,0.00,0.00,0.00,1.47
2026-08-23T23:52:21Z,0.679,17.0,762.4,0.00,0.00,0.00,0.00,1.47
2026-08-23T23:52:22Z,0.658,16.4,761.5,0.00,0.00,0.00,0.00,1.47
2026-08-23T23:52:23Z,0.697,17.4,762.9,0.00,0.00,0.00,0.00,1.47
2026-08-23T23:52:24Z,0.784,19.6,759.2,0.00,0.01,0.00,0.00,1.68
2026-08-23T23:52:25Z,0.746,18.6,758.4,0.00,0.00,0.00,0.00,1.68
2026-08-23T23:52:26Z,0.667,16.7,760.9,0.00,0.00,0.00,0.00,1.68
2026-08-23T23:52:27Z,0.688,17.2,761.0,0.00,0.00,0.00,0.00,1.68
2026-08-23T23:52:28Z,0.736,18.4,762.1,0.00,0.00,0.00,0.00,1.68
2026-08-23T23:52:29Z,0.571,14.3,764.2,0.00,0.20,0.00,0.00,1.54
2026-08-23T23:52:30Z,0.763,19.1,762.3,0.00,0.00,0.00,0.00,1.54
2026-08-23T23:52:31Z,0.706,17.6,754.3,0.00,0.00,0.00,0.00,1.54
2026-08-23T23:52:32Z,0.609,15.2,756.5,0.00,0.00,0.00,0.00,1.54
2026-08-23T23:52:34Z,0.708,17.7,756.0,0.00,0.00,0.00,0.00,1.54
2026-08-23T23:52:35Z,0.650,16.2,754.2,0.00,0.00,0.00,0.00,1.42
2026-08-23T23:52:36Z,0.628,15.7,756.0,0.00,0.00,0.00,0.00,1.42
2026-08-23T23:52:37Z,0.611,15.3,754.0,0.00,0.00,0.00,0.00,1.42
2026-08-23T23:52:38Z,0.697,17.4,755.3,0.00,0.00,0.00,0.00,1.42
2026-08-23T23:52:39Z,0.687,17.2,757.7,0.00,0.00,0.00,0.00,1.42
2026-08-23T23:52:40Z,0.640,16.0,750.6,0.00,0.00,0.00,0.00,1.31
2026-08-23T23:52:41Z,0.719,18.0,753.4,0.00,0.00,0.00,0.00,1.31
2026-08-23T23:52:42Z,0.650,16.2,754.4,0.00,0.00,0.00,0.00,1.31
2026-08-23T23:52:43Z,0.717,17.9,755.1,0.00,0.00,0.00,0.00,1.31
2026-08-23T23:52:44Z,0.678,17.0,755.1,0.00,0.00,0.00,0.00,1.31
2026-08-23T23:52:45Z,0.678,17.0,758.1,0.00,0.00,0.00,0.00,1.20
2026-08-23T23:52:46Z,0.742,18.6,756.4,0.00,0.00,0.00,0.00,1.20
2026-08-23T23:52:47Z,0.640,16.0,745.5,0.00,0.00,0.00,0.00,1.20
2026-08-23T23:52:48Z,0.638,16.0,748.2,0.00,0.00,0.00,0.00,1.20
2026-08-23T23:52:49Z,0.678,17.0,749.4,0.00,0.05,0.00,0.00,1.18
2026-08-23T23:52:50Z,0.705,17.6,751.5,0.00,0.04,0.00,0.00,1.18
2026-08-23T23:52:51Z,0.600,15.0,751.8,0.00,0.00,0.00,0.00,1.18
2026-08-23T23:52:52Z,0.666,16.7,754.2,0.00,0.00,0.00,0.00,1.18
2026-08-23T23:52:53Z,0.629,15.7,753.3,0.00,0.00,0.00,0.00,1.18
2026-08-23T23:52:54Z,0.611,15.3,749.8,0.00,0.00,0.00,0.00,1.17
2026-08-23T23:52:55Z,0.747,18.7,747.8,0.00,0.00,0.00,0.00,1.17
2026-08-23T23:52:56Z,0.667,16.7,750.3,0.00,0.00,0.00,0.00,1.17
2026-08-23T23:52:57Z,0.688,17.2,752.5,0.00,0.00,0.00,0.00,1.17
2026-08-23T23:52:58Z,0.687,17.2,754.7,0.00,0.00,0.00,0.00,1.17
2026-08-23T23:52:59Z,0.630,15.8,752.2,0.00,0.00,0.00,0.00,1.72
2026-08-23T23:53:00Z,0.668,16.7,753.7,0.00,0.00,0.00,0.00,1.72
2026-08-23T23:53:01Z,0.746,18.6,748.8,0.00,0.22,0.00,0.00,1.72
2026-08-23T23:53:02Z,0.696,17.4,749.4,0.00,0.00,0.00,0.00,1.72
2026-08-23T23:53:03Z,0.609,15.2,750.8,0.00,0.01,0.00,0.00,1.72
2026-08-23T23:53:05Z,0.649,16.2,751.3,0.00,0.00,0.00,0.00,1.58
2026-08-23T23:53:06Z,0.660,16.5,751.1,0.00,0.00,0.00,0.00,1.58
2026-08-23T23:53:07Z,0.688,17.2,754.2,0.00,0.00,0.00,0.00,1.58
2026-08-23T23:53:08Z,0.716,17.9,755.2,0.00,0.00,0.00,0.00,1.58
2026-08-23T23:53:09Z,0.649,16.2,749.5,0.00,0.00,0.00,0.00,1.58
2026-08-23T23:53:10Z,0.649,16.2,752.9,0.00,0.00,0.00,0.00,1.45
2026-08-23T23:53:11Z,0.649,16.2,755.9,0.00,0.00,0.00,0.00,1.45
2026-08-23T23:53:12Z,0.650,16.2,750.6,0.00,0.00,0.00,0.00,1.45
2026-08-23T23:53:13Z,0.747,18.7,752.8,0.00,0.00,0.00,0.00,1.45
2026-08-23T23:53:14Z,0.677,16.9,755.3,0.00,0.16,0.00,0.00,1.45
2026-08-23T23:53:15Z,0.678,17.0,751.0,0.00,0.00,0.00,0.00,1.82
2026-08-23T23:53:16Z,0.670,16.8,750.1,0.00,0.00,0.00,0.00,1.82
2026-08-23T23:53:17Z,0.698,17.4,753.6,0.00,0.00,0.00,0.00,1.82
2026-08-23T23:53:18Z,0.669,16.7,754.2,0.00,0.00,0.00,0.00,1.82
2026-08-23T23:53:19Z,0.640,16.0,756.9,0.00,0.05,0.00,0.00,1.75
2026-08-23T23:53:20Z,0.640,16.0,759.0,0.00,0.01,0.00,0.00,1.75
2026-08-23T23:53:21Z,0.687,17.2,758.0,0.00,0.01,0.00,0.00,1.75
2026-08-23T23:53:22Z,0.659,16.5,760.5,0.00,0.00,0.00,0.00,1.75
2026-08-23T23:53:23Z,0.613,15.3,762.1,0.00,0.00,0.00,0.00,1.75
2026-08-23T23:53:24Z,0.736,18.4,753.2,0.00,0.15,0.00,0.00,1.61
2026-08-23T23:53:25Z,0.649,16.2,754.8,0.00,0.00,0.00,0.00,1.61
2026-08-23T23:53:26Z,0.666,16.7,755.8,0.00,0.00,0.00,0.00,1.61
2026-08-23T23:53:27Z,0.600,15.0,758.3,0.00,0.00,0.00,0.00,1.61
2026-08-23T23:53:28Z,0.640,16.0,760.3,0.00,0.00,0.00,0.00,1.61
2026-08-23T23:53:29Z,0.700,17.5,754.1,0.00,0.10,0.00,0.00,1.56
2026-08-23T23:53:30Z,0.658,16.4,752.4,0.00,0.00,0.00,0.00,1.56
2026-08-23T23:53:31Z,0.649,16.2,752.2,0.00,0.00,0.00,0.00,1.56
2026-08-23T23:53:32Z,0.581,14.5,753.2,0.00,0.00,0.00,0.00,1.56
2026-08-23T23:53:33Z,0.669,16.7,753.6,0.00,0.00,0.00,0.00,1.56
2026-08-23T23:53:34Z,0.690,17.2,757.5,0.00,0.00,0.00,0.00,1.68
2026-08-23T23:53:35Z,0.658,16.4,755.8,0.00,0.00,0.00,0.00,1.68
2026-08-23T23:53:36Z,0.679,17.0,757.1,0.00,0.00,0.00,0.00,1.68
2026-08-23T23:53:38Z,0.669,16.7,756.7,0.00,0.00,0.00,0.00,1.68
2026-08-23T23:53:39Z,0.697,17.4,760.3,0.00,0.00,0.00,0.00,1.68
2026-08-23T23:53:40Z,0.687,17.2,751.2,0.00,0.00,0.00,0.00,2.18
2026-08-23T23:53:41Z,0.650,16.2,753.8,0.00,0.00,0.00,0.00,2.18
2026-08-23T23:53:42Z,0.670,16.8,756.2,0.00,0.00,0.00,0.00,2.18
2026-08-23T23:53:43Z,0.717,17.9,758.7,0.00,0.16,0.00,0.00,2.18
2026-08-23T23:53:44Z,0.640,16.0,760.1,0.00,0.00,0.00,0.00,2.18
2026-08-23T23:53:45Z,0.631,15.8,760.5,0.00,0.00,0.00,0.00,2.09
2026-08-23T23:53:46Z,0.659,16.5,761.7,0.00,0.00,0.00,0.00,2.09
2026-08-23T23:53:47Z,0.689,17.2,762.0,0.00,0.00,0.00,0.00,2.09
2026-08-23T23:53:48Z,0.699,17.5,761.4,0.00,0.00,0.00,0.00,2.09
2026-08-23T23:53:49Z,0.669,16.7,762.1,0.00,0.00,0.00,0.00,2.09
2026-08-23T23:53:50Z,0.650,16.2,764.3,0.00,0.10,0.00,0.00,1.92
2026-08-23T23:53:51Z,0.638,16.0,764.9,0.00,0.11,0.00,0.00,1.92
2026-08-23T23:53:52Z,0.621,15.5,761.6,0.00,0.00,0.00,0.00,1.92
2026-08-23T23:53:53Z,0.727,18.2,760.9,0.00,0.00,0.00,0.00,1.92
2026-08-23T23:53:54Z,0.718,17.9,761.9,0.00,0.00,0.00,0.00,1.93
2026-08-23T23:53:55Z,0.650,16.2,761.8,0.00,0.00,0.00,0.00,1.93
2026-08-23T23:53:56Z,0.679,17.0,759.8,0.00,0.00,0.00,0.00,1.93
2026-08-23T23:53:57Z,0.629,15.7,759.1,0.00,0.12,0.00,0.00,1.93
2026-08-23T23:53:58Z,0.631,15.8,762.4,0.00,0.00,0.00,0.00,1.93
2026-08-23T23:53:59Z,0.628,15.7,760.9,0.00,0.00,0.00,0.00,2.01
2026-08-23T23:54:00Z,0.667,16.7,760.9,0.00,0.00,0.00,0.00,2.01
2026-08-23T23:54:01Z,0.688,17.2,762.0,0.00,0.00,0.00,0.00,2.01
2026-08-23T23:54:02Z,0.630,15.8,759.9,0.00,0.00,0.00,0.00,2.01
2026-08-23T23:54:03Z,0.647,16.2,762.1,0.00,0.12,0.00,0.00,2.01
2026-08-23T23:54:04Z,0.582,14.5,761.9,0.00,0.00,0.00,0.00,1.85
2026-08-23T23:54:05Z,0.736,18.4,759.9,0.00,0.00,0.00,0.00,1.85
2026-08-23T23:54:06Z,0.704,17.6,753.5,0.00,0.00,0.00,0.00,1.85
2026-08-23T23:54:07Z,0.590,14.8,754.1,0.00,0.00,0.00,0.00,1.85
2026-08-23T23:54:08Z,0.660,16.5,753.9,0.00,0.00,0.00,0.00,1.85
2026-08-23T23:54:10Z,0.659,16.5,755.7,0.00,0.00,0.00,0.00,2.58
2026-08-23T23:54:11Z,0.689,17.2,760.1,0.00,0.00,0.00,0.00,2.58
2026-08-23T23:54:12Z,0.618,15.4,761.2,0.00,0.14,0.00,0.00,2.58
2026-08-23T23:54:13Z,0.688,17.2,758.8,0.00,0.00,0.00,0.00,2.58
2026-08-23T23:54:14Z,0.687,17.2,760.1,0.00,0.00,0.00,0.00,2.58
2026-08-23T23:54:15Z,0.629,15.7,759.5,0.00,0.00,0.00,0.00,2.38
2026-08-23T23:54:16Z,0.659,16.5,758.4,0.00,0.00,0.00,0.00,2.38
2026-08-23T23:54:17Z,0.668,16.7,760.7,0.00,0.19,0.00,0.00,2.38
2026-08-23T23:54:18Z,0.696,17.4,759.4,0.00,0.00,0.00,0.00,2.38
2026-08-23T23:54:19Z,0.746,18.6,758.9,0.00,0.00,0.00,0.00,2.38
2026-08-23T23:54:20Z,0.678,17.0,760.6,0.00,0.06,0.00,0.00,2.19
2026-08-23T23:54:21Z,0.651,16.3,757.9,0.00,0.00,0.00,0.00,2.19
2026-08-23T23:54:22Z,0.668,16.7,756.3,0.00,0.00,0.00,0.00,2.19
2026-08-23T23:54:23Z,0.697,17.4,750.4,0.00,0.00,0.00,0.00,2.19
2026-08-23T23:54:24Z,0.600,15.0,751.3,0.00,0.00,0.00,0.00,2.01
2026-08-23T23:54:25Z,0.677,16.9,752.8,0.00,0.00,0.00,0.00,2.01
2026-08-23T23:54:26Z,0.649,16.2,748.6,0.00,0.01,0.00,0.00,2.01
2026-08-23T23:54:27Z,0.650,16.2,750.6,0.00,0.00,0.00,0.00,2.01
2026-08-23T23:54:28Z,0.641,16.0,748.2,0.00,0.14,0.00,0.00,2.01
2026-08-23T23:54:29Z,0.631,15.8,750.7,0.00,0.00,0.00,0.00,1.93
2026-08-23T23:54:30Z,0.620,15.5,746.1,0.00,0.00,0.00,0.00,1.93
2026-08-23T23:54:31Z,0.600,15.0,747.1,0.00,0.00,0.00,0.00,1.93
2026-08-23T23:54:32Z,0.640,16.0,748.4,0.00,0.00,0.00,0.00,1.93
2026-08-23T23:54:33Z,0.658,16.4,750.6,0.00,0.11,0.00,0.00,1.93
2026-08-23T23:54:34Z,0.609,15.2,751.0,0.00,0.00,0.00,0.00,1.78
2026-08-23T23:54:35Z,0.678,17.0,749.9,0.00,0.00,0.00,0.00,1.78
2026-08-23T23:54:36Z,0.611,15.3,750.9,0.00,0.00,0.00,0.00,1.78
2026-08-23T23:54:37Z,0.658,16.4,751.8,0.00,0.01,0.00,0.00,1.78
2026-08-23T23:54:38Z,0.658,16.4,752.7,0.00,0.00,0.00,0.00,1.78
2026-08-23T23:54:39Z,0.668,16.7,755.2,0.00,0.00,0.00,0.00,1.71
2026-08-23T23:54:40Z,0.659,16.5,755.4,0.00,0.11,0.00,0.00,1.71
2026-08-23T23:54:42Z,0.688,17.2,756.3,0.00,0.00,0.00,0.00,1.71
2026-08-23T23:54:43Z,0.688,17.2,755.9,0.00,0.00,0.00,0.00,1.71
2026-08-23T23:54:44Z,0.668,16.7,755.8,0.00,0.00,0.00,0.00,1.71
2026-08-23T23:54:45Z,0.707,17.7,758.1,0.00,0.00,0.00,0.00,1.58
2026-08-23T23:54:46Z,0.640,16.0,756.5,0.00,0.00,0.00,0.00,1.58
2026-08-23T23:54:47Z,0.725,18.1,748.6,0.00,0.00,0.00,0.00,1.58
2026-08-23T23:54:48Z,0.726,18.1,750.7,0.00,0.19,0.00,0.00,1.58
2026-08-23T23:54:49Z,0.687,17.2,751.5,0.00,0.00,0.00,0.00,1.58
2026-08-23T23:54:50Z,0.697,17.4,751.5,0.00,0.00,0.00,0.00,1.45
2026-08-23T23:54:51Z,0.649,16.2,753.9,0.00,0.54,0.00,0.00,1.45
2026-08-23T23:54:52Z,0.619,15.5,753.6,0.00,0.00,0.00,0.00,1.45
2026-08-23T23:54:53Z,0.698,17.4,754.2,0.00,0.00,0.00,0.00,1.45
2026-08-23T23:54:54Z,0.773,19.3,751.8,0.00,0.00,0.00,0.00,1.45
2026-08-23T23:54:55Z,0.687,17.2,754.2,0.00,0.00,0.00,0.00,1.49
2026-08-23T23:54:56Z,0.773,19.3,747.2,0.00,0.11,0.00,0.00,1.49
2026-08-23T23:54:57Z,0.685,17.1,746.9,0.00,0.00,0.00,0.00,1.49
2026-08-23T23:54:58Z,0.649,16.2,751.7,0.00,0.15,0.00,0.00,1.49
2026-08-23T23:54:59Z,0.697,17.4,752.4,0.00,0.00,0.00,0.00,1.53
2026-08-23T23:55:00Z,0.660,16.5,755.6,0.00,0.00,0.00,0.00,1.53
2026-08-23T23:55:01Z,0.747,18.7,751.8,0.00,0.01,0.00,0.00,1.53
2026-08-23T23:55:02Z,0.650,16.2,754.9,0.00,0.00,0.00,0.00,1.53
2026-08-23T23:55:03Z,0.802,20.1,754.3,0.00,0.00,0.00,0.00,1.53
2026-08-23T23:55:04Z,0.696,17.4,756.1,0.00,0.00,0.00,0.00,1.49
2026-08-23T23:55:05Z,0.697,17.4,757.8,0.00,0.00,0.00,0.00,1.49
2026-08-23T23:55:06Z,0.679,17.0,756.4,0.00,0.13,0.00,0.00,1.49
2026-08-23T23:55:07Z,0.677,16.9,755.1,0.00,0.00,0.00,0.00,1.49
2026-08-23T23:55:08Z,0.698,17.4,755.6,0.00,0.00,0.00,0.00,1.49
2026-08-23T23:55:09Z,0.695,17.4,755.9,0.00,0.00,0.00,0.00,1.37
2026-08-23T23:55:10Z,0.669,16.7,757.2,0.00,0.00,0.00,0.00,1.37
2026-08-23T23:55:11Z,0.650,16.2,753.4,0.00,0.00,0.00,0.00,1.37
2026-08-23T23:55:12Z,0.727,18.2,752.7,0.00,0.00,0.00,0.00,1.37
2026-08-23T23:55:14Z,0.609,15.2,753.1,0.00,0.11,0.00,0.00,1.37
2026-08-23T23:55:15Z,0.668,16.7,748.2,0.00,0.00,0.00,0.00,1.26
2026-08-23T23:55:16Z,0.668,16.7,751.1,0.00,0.00,0.00,0.00,1.26
2026-08-23T23:55:17Z,0.678,17.0,747.6,0.00,0.00,0.00,0.00,1.26
2026-08-23T23:55:18Z,0.640,16.0,749.2,0.00,0.00,0.00,0.00,1.26
2026-08-23T23:55:19Z,0.698,17.4,751.1,0.00,0.00,0.00,0.00,1.26
2026-08-23T23:55:20Z,0.669,16.7,753.4,0.00,0.11,0.00,0.00,1.24
2026-08-23T23:55:21Z,0.658,16.4,752.3,0.00,0.06,0.00,0.00,1.24
2026-08-23T23:55:22Z,0.648,16.2,751.7,0.00,0.07,0.00,0.00,1.24
2026-08-23T23:55:23Z,0.659,16.5,749.2,0.00,0.00,0.00,0.00,1.24
2026-08-23T23:55:24Z,0.669,16.7,751.3,0.00,0.00,0.00,0.00,1.24
2026-08-23T23:55:25Z,0.668,16.7,750.9,0.00,0.00,0.00,0.00,1.14
2026-08-23T23:55:26Z,0.677,16.9,753.7,0.00,0.00,0.00,0.00,1.14
2026-08-23T23:55:27Z,0.640,16.0,755.9,0.00,0.11,0.00,0.00,1.14
2026-08-23T23:55:28Z,0.668,16.7,756.3,0.00,0.00,0.00,0.00,1.14
2026-08-23T23:55:29Z,0.658,16.4,758.7,0.00,0.00,0.00,0.00,1.21
2026-08-23T23:55:30Z,0.652,16.3,756.4,0.00,0.01,0.00,0.00,1.21
2026-08-23T23:55:31Z,0.640,16.0,759.3,0.00,0.00,0.00,0.00,1.21
2026-08-23T23:55:32Z,0.687,17.2,756.6,0.00,0.00,0.00,0.00,1.21
2026-08-23T23:55:33Z,0.659,16.5,756.9,0.00,0.19,0.00,0.00,1.21
2026-08-23T23:55:34Z,0.619,15.5,758.8,0.00,0.00,0.00,0.00,1.11
2026-08-23T23:55:35Z,0.620,15.5,758.4,0.00,0.00,0.00,0.00,1.11
2026-08-23T23:55:36Z,0.649,16.2,757.7,0.00,0.00,0.00,0.00,1.11
2026-08-23T23:55:37Z,0.670,16.8,749.4,0.00,0.00,0.00,0.00,1.11
2026-08-23T23:55:38Z,0.649,16.2,750.6,0.00,0.00,0.00,0.00,1.11
2026-08-23T23:55:39Z,0.658,16.4,750.8,0.00,0.00,0.00,0.00,1.02
2026-08-23T23:55:40Z,0.610,15.2,752.9,0.00,0.01,0.00,0.00,1.02
2026-08-23T23:55:41Z,0.601,15.0,753.6,0.00,0.00,0.00,0.00,1.02
2026-08-23T23:55:42Z,0.696,17.4,754.6,0.00,0.00,0.00,0.00,1.02
2026-08-23T23:55:43Z,0.650,16.2,754.6,0.00,0.09,0.00,0.00,1.02
2026-08-23T23:55:44Z,0.688,17.2,751.1,0.00,0.00,0.00,0.00,1.18
2026-08-23T23:55:46Z,0.650,16.2,749.3,0.00,0.00,0.00,0.00,1.18
2026-08-23T23:55:47Z,0.679,17.0,752.2,0.00,0.00,0.00,0.00,1.18
2026-08-23T23:55:48Z,0.676,16.9,752.3,0.00,0.00,0.00,0.00,1.18
2026-08-23T23:55:49Z,0.630,15.8,751.6,0.00,0.00,0.00,0.00,1.18
2026-08-23T23:55:50Z,0.660,16.5,753.1,0.00,0.13,0.00,0.00,1.09
2026-08-23T23:55:51Z,0.728,18.2,749.4,0.00,0.00,0.00,0.00,1.09
2026-08-23T23:55:52Z,0.650,16.2,749.6,0.00,0.05,0.00,0.00,1.09
2026-08-23T23:55:53Z,0.688,17.2,752.6,0.00,0.00,0.00,0.00,1.09
2026-08-23T23:55:54Z,0.637,15.9,754.5,0.00,0.00,0.00,0.00,1.09
2026-08-23T23:55:55Z,0.765,19.1,753.7,0.00,0.00,0.00,0.00,1.16
2026-08-23T23:55:56Z,0.738,18.4,756.0,0.00,0.12,0.00,0.00,1.16
2026-08-23T23:55:57Z,0.748,18.7,758.7,0.00,0.00,0.00,0.00,1.16
2026-08-23T23:55:58Z,0.727,18.2,759.1,0.00,0.00,0.00,0.00,1.16
2026-08-23T23:55:59Z,0.727,18.2,755.1,0.00,0.00,0.00,0.00,1.31
2026-08-23T23:56:00Z,0.744,18.6,755.9,0.00,0.00,0.00,0.00,1.31
2026-08-23T23:56:01Z,0.774,19.4,757.4,0.00,0.00,0.00,0.00,1.31
2026-08-23T23:56:02Z,0.706,17.6,758.9,0.00,0.00,0.00,0.00,1.31
2026-08-23T23:56:03Z,0.889,22.2,760.4,0.00,0.00,0.00,0.00,1.31
2026-08-23T23:56:04Z,0.790,19.8,758.3,0.00,0.11,0.00,0.00,1.20
2026-08-23T23:56:05Z,0.813,20.3,759.1,0.00,0.00,0.00,0.00,1.20
2026-08-23T23:56:06Z,0.867,21.7,759.6,0.00,0.00,0.00,0.00,1.20
2026-08-23T23:56:07Z,0.788,19.7,758.9,0.00,0.00,0.00,0.00,1.20
2026-08-23T23:56:08Z,0.801,20.0,758.7,0.00,0.00,0.00,0.00,1.20
2026-08-23T23:56:09Z,0.842,21.1,758.1,0.00,0.00,0.00,0.00,1.19
2026-08-23T23:56:10Z,0.820,20.5,758.6,0.00,0.00,0.00,0.00,1.19
2026-08-23T23:56:11Z,0.821,20.5,758.6,0.00,0.00,0.00,0.00,1.19
2026-08-23T23:56:12Z,0.819,20.5,760.9,0.00,0.00,0.00,0.00,1.19
2026-08-23T23:56:13Z,0.781,19.5,761.9,0.00,0.00,0.00,0.00,1.19
2026-08-23T23:56:14Z,0.705,17.6,762.5,0.00,0.00,0.00,0.00,1.17
2026-08-23T23:56:16Z,0.772,19.3,763.0,0.00,0.00,0.00,0.00,1.17
2026-08-23T23:56:17Z,0.811,20.3,763.2,0.00,0.11,0.00,0.00,1.17
2026-08-23T23:56:18Z,0.829,20.7,764.1,0.00,0.00,0.00,0.00,1.17
2026-08-23T23:56:19Z,1.128,28.2,780.7,0.00,0.00,0.00,0.00,1.17
2026-08-23T23:56:20Z,0.725,18.1,760.3,0.00,0.00,0.00,0.00,1.08
2026-08-23T23:56:21Z,0.732,18.3,762.7,0.00,0.00,0.00,0.00,1.08
2026-08-23T23:56:22Z,0.668,16.7,763.3,0.00,0.00,0.00,0.00,1.08
2026-08-23T23:56:23Z,0.579,14.5,763.1,0.00,0.12,0.00,0.00,1.08
2026-08-23T23:56:24Z,0.763,19.1,764.2,0.00,0.30,0.00,0.00,1.08
2026-08-23T23:56:25Z,0.656,16.4,762.4,0.00,0.00,0.00,0.00,0.99
2026-08-23T23:56:26Z,0.619,15.5,760.9,0.00,0.00,0.00,0.00,0.99
2026-08-23T23:56:27Z,0.503,12.6,760.8,0.00,0.00,0.00,0.00,0.99
2026-08-23T23:56:28Z,0.551,13.8,761.8,0.00,0.00,0.00,0.00,0.99
2026-08-23T23:56:29Z,0.541,13.5,763.3,0.00,0.00,0.00,0.00,0.99
2026-08-23T23:56:30Z,0.513,12.8,762.9,0.00,0.00,0.00,0.00,0.99
2026-08-23T23:56:31Z,0.484,12.1,763.3,0.00,0.17,0.00,0.00,0.99
2026-08-23T23:56:32Z,0.446,11.2,763.5,0.00,0.00,0.00,0.00,0.99
2026-08-23T23:56:33Z,0.503,12.6,766.0,0.00,0.00,0.00,0.00,0.99
2026-08-23T23:56:34Z,0.455,11.4,764.3,0.00,0.00,0.00,0.00,0.91
2026-08-23T23:56:35Z,0.455,11.4,764.6,0.00,0.00,0.00,0.00,0.91
2026-08-23T23:56:36Z,0.541,13.5,761.1,0.00,0.00,0.00,0.00,0.91
2026-08-23T23:56:37Z,0.475,11.9,760.9,0.00,0.00,0.00,0.00,0.91
2026-08-23T23:56:38Z,0.504,12.6,761.9,0.00,0.00,0.00,0.00,0.91
2026-08-23T23:56:39Z,0.502,12.6,760.6,0.00,0.00,0.00,0.00,0.84
2026-08-23T23:56:40Z,0.513,12.8,759.3,0.00,0.00,0.00,0.00,0.84
2026-08-23T23:56:41Z,0.492,12.3,760.6,0.00,0.18,0.00,0.00,0.84
2026-08-23T23:56:42Z,0.514,12.8,761.0,0.00,0.00,0.00,0.00,0.84
2026-08-23T23:56:43Z,0.475,11.9,761.2,0.00,0.01,0.00,0.00,0.84
2026-08-23T23:56:44Z,0.454,11.3,762.2,0.00,0.00,0.00,0.00,0.77
2026-08-23T23:56:46Z,0.534,13.4,759.1,0.00,0.00,0.00,0.00,0.77
2026-08-23T23:56:47Z,0.551,13.8,755.1,0.00,0.00,0.00,0.00,0.77
2026-08-23T23:56:48Z,0.543,13.6,756.1,0.00,0.00,0.00,0.00,0.77
2026-08-23T23:56:49Z,0.522,13.1,754.5,0.00,0.00,0.00,0.00,0.77
2026-08-23T23:56:50Z,0.522,13.1,755.7,0.00,0.22,0.00,0.00,0.71
2026-08-23T23:56:51Z,0.553,13.8,756.7,0.00,0.01,0.00,0.00,0.71
2026-08-23T23:56:52Z,0.465,11.6,758.6,0.00,0.00,0.00,0.00,0.71
2026-08-23T23:56:53Z,0.522,13.1,759.9,0.00,0.00,0.00,0.00,0.71
2026-08-23T23:56:54Z,0.570,14.2,755.6,0.00,0.00,0.00,0.00,0.71
2026-08-23T23:56:55Z,0.542,13.6,754.0,0.00,0.00,0.00,0.00,0.81
2026-08-23T23:56:56Z,0.619,15.5,754.7,0.00,0.00,0.00,0.00,0.81
2026-08-23T23:56:57Z,0.600,15.0,755.7,0.00,0.00,0.00,0.00,0.81
2026-08-23T23:56:58Z,0.560,14.0,756.0,0.00,0.03,0.00,0.00,0.81
2026-08-23T23:56:59Z,0.523,13.1,756.9,0.00,0.00,0.00,0.00,0.99
2026-08-23T23:57:00Z,0.571,14.3,759.0,0.00,0.00,0.00,0.00,0.99
2026-08-23T23:57:01Z,0.560,14.0,760.2,0.00,0.11,0.00,0.00,0.99
2026-08-23T23:57:02Z,0.552,13.8,758.7,0.00,0.00,0.00,0.00,0.99
2026-08-23T23:57:03Z,0.523,13.1,759.0,0.00,0.01,0.00,0.00,0.99
2026-08-23T23:57:04Z,0.550,13.8,760.9,0.00,0.00,0.00,0.00,1.15
2026-08-23T23:57:05Z,0.532,13.3,755.0,0.00,0.00,0.00,0.00,1.15
2026-08-23T23:57:06Z,0.532,13.3,756.8,0.00,0.00,0.00,0.00,1.15
2026-08-23T23:57:07Z,0.522,13.1,753.8,0.00,0.00,0.00,0.00,1.15
2026-08-23T23:57:08Z,0.532,13.3,755.7,0.00,0.00,0.00,0.00,1.15
2026-08-23T23:57:09Z,0.523,13.1,756.5,0.00,0.00,0.00,0.00,1.06
2026-08-23T23:57:10Z,0.618,15.4,753.8,0.00,0.11,0.00,0.00,1.06
2026-08-23T23:57:11Z,0.572,14.3,752.1,0.00,0.00,0.00,0.00,1.06
2026-08-23T23:57:12Z,0.541,13.5,754.8,0.00,0.00,0.00,0.00,1.06
2026-08-23T23:57:13Z,0.535,13.4,754.0,0.00,0.00,0.00,0.00,1.06
2026-08-23T23:57:14Z,0.563,14.1,754.9,0.00,0.00,0.00,0.00,0.97
2026-08-23T23:57:15Z,0.541,13.5,755.2,0.00,0.00,0.00,0.00,0.97
2026-08-23T23:57:17Z,0.591,14.8,754.3,0.00,0.11,0.00,0.00,0.97
2026-08-23T23:57:18Z,0.677,16.9,754.9,0.00,0.00,0.00,0.00,0.97
2026-08-23T23:57:19Z,0.551,13.8,751.3,0.00,0.00,0.00,0.00,0.97
2026-08-23T23:57:20Z,0.591,14.8,752.1,0.00,0.03,0.00,0.00,0.89
2026-08-23T23:57:21Z,0.630,15.8,753.4,0.00,0.00,0.00,0.00,0.89
2026-08-23T23:57:22Z,0.580,14.5,755.8,0.00,0.00,0.00,0.00,0.89
2026-08-23T23:57:23Z,0.553,13.8,755.8,0.00,0.00,0.00,0.00,0.89
2026-08-23T23:57:24Z,0.522,13.1,755.7,0.00,0.00,0.00,0.00,0.89
2026-08-23T23:57:25Z,0.560,14.0,757.6,0.00,0.11,0.00,0.00,0.82
2026-08-23T23:57:26Z,0.562,14.1,759.3,0.00,0.00,0.00,0.00,0.82
2026-08-23T23:57:27Z,0.611,15.3,760.1,0.00,0.00,0.00,0.00,0.82
2026-08-23T23:57:28Z,0.638,16.0,757.7,0.00,0.00,0.00,0.00,0.82
2026-08-23T23:57:29Z,0.551,13.8,758.8,0.00,0.03,0.00,0.00,0.82
2026-08-23T23:57:30Z,0.647,16.2,759.5,0.00,0.00,0.00,0.00,0.84
2026-08-23T23:57:31Z,0.629,15.7,761.2,0.00,0.00,0.00,0.00,0.84
2026-08-23T23:57:32Z,0.713,17.8,754.4,0.00,0.00,0.00,0.00,0.84
2026-08-23T23:57:33Z,0.668,16.7,756.4,0.00,0.00,0.00,0.00,0.84
2026-08-23T23:57:34Z,0.694,17.3,755.5,0.00,0.00,0.00,0.00,0.77
2026-08-23T23:57:35Z,0.648,16.2,756.5,0.00,0.00,0.00,0.00,0.77
2026-08-23T23:57:36Z,0.666,16.7,757.7,0.00,0.00,0.00,0.00,0.77
2026-08-23T23:57:37Z,0.617,15.4,757.9,0.00,0.11,0.00,0.00,0.77
2026-08-23T23:57:38Z,0.692,17.3,760.6,0.00,0.00,0.00,0.00,0.77
2026-08-23T23:57:39Z,0.654,16.4,759.4,0.00,0.00,0.00,0.00,0.71
2026-08-23T23:57:40Z,0.664,16.6,756.5,0.00,0.00,0.00,0.00,0.71
2026-08-23T23:57:41Z,0.678,17.0,758.2,0.00,0.00,0.00,0.00,0.71
2026-08-23T23:57:42Z,0.657,16.4,759.9,0.00,0.00,0.00,0.00,0.71
2026-08-23T23:57:43Z,0.691,17.3,762.0,0.00,0.00,0.00,0.00,0.71
2026-08-23T23:57:44Z,0.625,15.6,763.2,0.00,0.14,0.00,0.00,0.73
2026-08-23T23:57:45Z,0.734,18.4,764.4,0.00,0.02,0.00,0.00,0.73
2026-08-23T23:57:47Z,0.731,18.3,764.2,0.00,0.00,0.00,0.00,0.73
2026-08-23T23:57:48Z,0.704,17.6,758.7,0.00,0.00,0.00,0.00,0.73
2026-08-23T23:57:49Z,0.712,17.8,759.9,0.00,0.00,0.00,0.00,0.73
2026-08-23T23:57:50Z,0.685,17.1,761.2,0.00,0.00,0.00,0.00,0.75
2026-08-23T23:57:51Z,0.704,17.6,760.4,0.00,0.00,0.00,0.00,0.75
2026-08-23T23:57:52Z,0.617,15.4,760.8,0.00,0.00,0.00,0.00,0.75
2026-08-23T23:57:53Z,0.704,17.6,759.8,0.00,0.15,0.00,0.00,0.75
2026-08-23T23:57:54Z,0.748,18.7,762.9,0.00,0.00,0.00,0.00,0.75
2026-08-23T23:57:55Z,0.666,16.7,762.3,0.00,0.00,0.00,0.00,0.77
2026-08-23T23:57:56Z,0.675,16.9,761.4,0.00,0.00,0.00,0.00,0.77
2026-08-23T23:57:57Z,0.674,16.9,760.8,0.00,0.00,0.00,0.00,0.77
2026-08-23T23:57:58Z,0.683,17.1,761.6,0.00,0.00,0.00,0.00,0.77
2026-08-23T23:57:59Z,0.629,15.7,764.6,0.00,0.09,0.00,0.00,1.11
2026-08-23T23:58:00Z,0.712,17.8,765.6,0.00,0.12,0.00,0.00,1.11
2026-08-23T23:58:01Z,0.706,17.6,766.5,0.00,0.00,0.00,0.00,1.11
2026-08-23T23:58:02Z,0.674,16.9,768.0,0.00,0.00,0.00,0.00,1.11
2026-08-23T23:58:03Z,0.668,16.7,768.3,0.00,0.00,0.00,0.00,1.11
2026-08-23T23:58:04Z,0.741,18.5,768.3,0.00,0.00,0.00,0.00,1.02
2026-08-23T23:58:05Z,0.657,16.4,769.7,0.00,0.00,0.00,0.00,1.02
2026-08-23T23:58:06Z,0.675,16.9,770.8,0.00,0.13,0.00,0.00,1.02
2026-08-23T23:58:07Z,0.715,17.9,770.5,0.00,0.00,0.00,0.00,1.02
2026-08-23T23:58:08Z,0.704,17.6,770.8,0.00,0.00,0.00,0.00,1.02
2026-08-23T23:58:09Z,0.714,17.8,765.8,0.00,0.00,0.00,0.00,1.34
2026-08-23T23:58:10Z,0.692,17.3,763.6,0.00,0.00,0.00,0.00,1.34
2026-08-23T23:58:11Z,0.655,16.4,766.0,0.00,0.00,0.00,0.00,1.34
2026-08-23T23:58:12Z,0.656,16.4,766.7,0.00,0.00,0.00,0.00,1.34
2026-08-23T23:58:13Z,0.733,18.3,765.9,0.00,0.00,0.00,0.00,1.34
2026-08-23T23:58:15Z,0.638,16.0,758.2,0.00,0.00,0.00,0.00,1.23
2026-08-23T23:58:16Z,0.734,18.4,759.3,0.00,0.17,0.00,0.00,1.23
2026-08-23T23:58:17Z,0.753,18.8,758.6,0.00,0.01,0.00,0.00,1.23
2026-08-23T23:58:18Z,0.694,17.3,760.1,0.00,0.00,0.00,0.00,1.23
2026-08-23T23:58:19Z,0.695,17.4,760.7,0.00,0.00,0.00,0.00,1.23
2026-08-23T23:58:20Z,0.742,18.6,761.2,0.00,0.00,0.00,0.00,1.13
2026-08-23T23:58:21Z,0.665,16.6,762.1,0.00,0.00,0.00,0.00,1.13
2026-08-23T23:58:22Z,0.672,16.8,763.1,0.00,0.12,0.00,0.00,1.13
2026-08-23T23:58:23Z,0.638,16.0,764.1,0.00,0.00,0.00,0.00,1.13
2026-08-23T23:58:24Z,0.807,20.2,762.3,0.00,0.00,0.00,0.00,1.13
2026-08-23T23:58:25Z,0.695,17.4,762.5,0.00,0.00,0.00,0.00,1.04
2026-08-23T23:58:26Z,0.696,17.4,763.1,0.00,0.00,0.00,0.00,1.04
2026-08-23T23:58:27Z,0.714,17.8,765.8,0.00,0.00,0.00,0.00,1.04
2026-08-23T23:58:28Z,0.722,18.1,766.4,0.00,0.00,0.00,0.00,1.04
2026-08-23T23:58:29Z,0.705,17.6,761.3,0.00,0.20,0.00,0.00,0.96
2026-08-23T23:58:30Z,0.704,17.6,763.8,0.00,0.00,0.00,0.00,0.96
2026-08-23T23:58:31Z,0.695,17.4,765.9,0.00,0.00,0.00,0.00,0.96
2026-08-23T23:58:32Z,0.711,17.8,767.3,0.00,0.00,0.00,0.00,0.96
2026-08-23T23:58:33Z,0.675,16.9,765.4,0.00,0.00,0.00,0.00,0.96
2026-08-23T23:58:34Z,0.771,19.3,764.5,0.00,0.14,0.00,0.00,0.88
2026-08-23T23:58:35Z,0.685,17.1,764.1,0.00,0.00,0.00,0.00,0.88
2026-08-23T23:58:36Z,0.695,17.4,762.1,0.00,0.00,0.00,0.00,0.88
2026-08-23T23:58:37Z,0.638,16.0,763.6,0.00,0.00,0.00,0.00,0.88
2026-08-23T23:58:38Z,0.716,17.9,764.3,0.00,0.00,0.00,0.00,0.88
2026-08-23T23:58:39Z,0.677,16.9,759.3,0.00,0.00,0.00,0.00,0.81
2026-08-23T23:58:40Z,0.677,16.9,760.7,0.00,0.00,0.00,0.00,0.81
2026-08-23T23:58:41Z,0.619,15.5,761.4,0.00,0.14,0.00,0.00,0.81
2026-08-23T23:58:43Z,0.658,16.4,761.2,0.00,0.00,0.00,0.00,0.81
2026-08-23T23:58:44Z,0.743,18.6,762.7,0.00,0.00,0.00,0.00,0.81
2026-08-23T23:58:45Z,0.704,17.6,763.2,0.00,0.00,0.00,0.00,1.23
2026-08-23T23:58:46Z,0.695,17.4,756.6,0.00,0.00,0.00,0.00,1.23
2026-08-23T23:58:47Z,0.697,17.4,755.5,0.00,0.00,0.00,0.00,1.23
2026-08-23T23:58:48Z,0.664,16.6,755.4,0.00,0.01,0.00,0.00,1.23
2026-08-23T23:58:49Z,0.687,17.2,758.3,0.00,0.00,0.00,0.00,1.23
2026-08-23T23:58:50Z,0.666,16.7,761.2,0.00,0.00,0.00,0.00,1.21
2026-08-23T23:58:51Z,0.685,17.1,763.0,0.00,0.12,0.00,0.00,1.21
2026-08-23T23:58:52Z,0.677,16.9,765.1,0.00,0.00,0.00,0.00,1.21
2026-08-23T23:58:53Z,0.697,17.4,766.3,0.00,0.00,0.00,0.00,1.21
2026-08-23T23:58:54Z,0.752,18.8,769.2,0.00,0.00,0.00,0.00,1.21
2026-08-23T23:58:55Z,0.723,18.1,760.9,0.00,0.00,0.00,0.00,1.19
2026-08-23T23:58:56Z,0.678,17.0,762.8,0.00,0.01,0.00,0.00,1.19
2026-08-23T23:58:57Z,0.740,18.5,762.3,0.00,0.00,0.00,0.00,1.19
2026-08-23T23:58:58Z,0.644,16.1,763.0,0.00,0.00,0.00,0.00,1.19
2026-08-23T23:58:59Z,0.697,17.4,763.7,0.00,0.10,0.00,0.00,1.10
2026-08-23T23:59:00Z,0.762,19.1,761.8,0.00,0.00,0.00,0.00,1.10
2026-08-23T23:59:01Z,0.731,18.3,764.7,0.00,0.12,0.00,0.00,1.10
2026-08-23T23:59:02Z,0.608,15.2,766.4,0.00,0.00,0.00,0.00,1.10
2026-08-23T23:59:03Z,0.579,14.5,766.7,0.00,0.00,0.00,0.00,1.10
2026-08-23T23:59:04Z,0.657,16.4,763.6,0.00,0.00,0.00,0.00,1.01
2026-08-23T23:59:05Z,0.628,15.7,764.4,0.00,0.00,0.00,0.00,1.01
2026-08-23T23:59:06Z,0.610,15.2,764.9,0.00,0.18,0.00,0.00,1.01
2026-08-23T23:59:07Z,0.626,15.7,765.2,0.00,0.00,0.00,0.00,1.01
2026-08-23T23:59:08Z,0.610,15.2,766.2,0.00,0.00,0.00,0.00,1.01
2026-08-23T23:59:09Z,0.608,15.2,765.5,0.00,0.00,0.00,0.00,0.93
2026-08-23T23:59:10Z,0.639,16.0,766.3,0.00,0.00,0.00,0.00,0.93
2026-08-23T23:59:12Z,0.522,13.1,764.8,0.00,0.00,0.00,0.00,0.93
2026-08-23T23:59:13Z,0.569,14.2,766.6,0.00,0.00,0.00,0.00,0.93
2026-08-23T23:59:14Z,0.560,14.0,765.5,0.00,0.00,0.00,0.00,0.93
2026-08-23T23:59:15Z,0.608,15.2,766.7,0.00,0.00,0.00,0.00,0.85
2026-08-23T23:59:16Z,0.693,17.3,768.7,0.00,0.00,0.00,0.00,0.85
2026-08-23T23:59:17Z,0.636,15.9,769.6,0.00,0.00,0.00,0.00,0.85
2026-08-23T23:59:18Z,0.705,17.6,760.9,0.00,0.17,0.00,0.00,0.85
2026-08-23T23:59:19Z,0.743,18.6,762.5,0.00,0.01,0.00,0.00,0.85
2026-08-23T23:59:20Z,0.711,17.8,757.7,0.00,0.00,0.00,0.00,0.86
2026-08-23T23:59:21Z,0.702,17.5,757.3,0.00,0.00,0.00,0.00,0.86
2026-08-23T23:59:22Z,0.608,15.2,759.3,0.00,0.00,0.00,0.00,0.86
2026-08-23T23:59:23Z,0.742,18.6,759.6,0.00,0.00,0.00,0.00,0.86
2026-08-23T23:59:24Z,0.738,18.4,760.3,0.00,0.00,0.00,0.00,2.56
2026-08-23T23:59:25Z,0.695,17.4,761.3,0.00,0.00,0.00,0.00,2.56
2026-08-23T23:59:26Z,0.675,16.9,758.9,0.00,0.11,0.00,0.00,2.56
2026-08-23T23:59:27Z,0.740,18.5,760.8,0.00,0.00,0.00,0.00,2.56
2026-08-23T23:59:28Z,0.725,18.1,762.3,0.00,0.00,0.00,0.00,2.56
2026-08-23T23:59:29Z,0.753,18.8,756.1,0.00,0.05,0.00,0.00,2.43
2026-08-23T23:59:30Z,0.713,17.8,758.6,0.00,0.00,0.00,0.00,2.43
2026-08-23T23:59:31Z,0.713,17.8,752.7,0.00,0.00,0.00,0.00,2.43
2026-08-23T23:59:32Z,0.645,16.1,753.1,0.00,0.00,0.00,0.00,2.43
2026-08-23T23:59:33Z,0.761,19.0,756.0,0.00,0.00,0.00,0.00,2.43
2026-08-23T23:59:34Z,0.715,17.9,753.3,0.00,0.20,0.00,0.00,2.24
2026-08-23T23:59:35Z,0.715,17.9,757.8,0.00,0.00,0.00,0.00,2.24
2026-08-23T23:59:36Z,0.685,17.1,759.3,0.00,0.00,0.00,0.00,2.24
2026-08-23T23:59:37Z,0.677,16.9,759.3,0.00,0.00,0.00,0.00,2.24
2026-08-23T23:59:38Z,0.676,16.9,761.1,0.00,0.00,0.00,0.00,2.24
2026-08-23T23:59:40Z,0.715,17.9,763.0,0.00,0.00,0.00,0.00,2.06
2026-08-23T23:59:41Z,0.646,16.2,764.6,0.00,0.00,0.00,0.00,2.06
2026-08-23T23:59:42Z,0.684,17.1,765.1,0.00,0.00,0.00,0.00,2.06
2026-08-23T23:59:43Z,0.706,17.6,762.7,0.00,0.00,0.00,0.00,2.06
2026-08-23T23:59:44Z,0.743,18.6,761.8,0.00,0.00,0.00,0.00,2.06
2026-08-23T23:59:45Z,0.685,17.1,763.3,0.00,0.00,0.00,0.00,1.89
2026-08-23T23:59:46Z,0.705,17.6,763.9,0.00,0.12,0.00,0.00,1.89
2026-08-23T23:59:47Z,0.721,18.0,764.0,0.00,0.00,0.00,0.00,1.89
2026-08-23T23:59:48Z,0.703,17.6,765.0,0.00,0.01,0.00,0.00,1.89
2026-08-23T23:59:49Z,0.715,17.9,764.8,0.00,0.00,0.00,0.00,1.89
2026-08-23T23:59:50Z,0.685,17.1,765.1,0.00,0.01,0.00,0.00,1.74
2026-08-23T23:59:51Z,0.704,17.6,763.9,0.00,0.47,0.00,0.00,1.74
2026-08-23T23:59:52Z,0.647,16.2,763.5,0.00,0.00,0.00,0.00,1.74
2026-08-23T23:59:53Z,0.723,18.1,763.9,0.00,0.11,0.00,0.00,1.74
2026-08-23T23:59:54Z,0.655,16.4,765.0,0.00,0.16,0.00,0.00,1.60
2026-08-23T23:59:55Z,0.741,18.5,765.2,0.00,0.00,0.00,0.00,1.60
2026-08-23T23:59:56Z,0.745,18.6,754.3,0.00,0.03,0.00,0.00,1.60
2026-08-23T23:59:57Z,0.755,18.9,755.6,0.00,0.00,0.00,0.00,1.60
2026-08-23T23:59:58Z,0.782,19.6,757.6,0.00,0.00,0.00,0.00,1.60
2026-08-23T23:59:59Z,0.686,17.2,758.0,0.00,0.00,0.00,0.00,1.47
2026-08-24T00:00:00Z,0.736,18.4,758.5,0.00,0.00,0.00,0.00,1.47
2026-08-24T00:00:01Z,0.726,18.1,759.3,0.00,0.11,0.00,0.00,1.47
2026-08-24T00:00:02Z,0.754,18.9,760.0,0.00,0.00,0.00,0.00,1.47
2026-08-24T00:00:03Z,0.665,16.6,762.7,0.00,0.00,0.00,0.00,1.47
2026-08-24T00:00:04Z,0.694,17.3,763.2,0.00,0.01,0.00,0.00,1.36
2026-08-24T00:00:05Z,0.704,17.6,765.2,0.00,0.00,0.00,0.00,1.36
2026-08-24T00:00:06Z,0.648,16.2,766.2,0.00,0.00,0.00,0.00,1.36
2026-08-24T00:00:07Z,0.677,16.9,765.6,0.00,0.00,0.00,0.00,1.36
2026-08-24T00:00:09Z,0.676,16.9,759.7,0.00,0.00,0.00,0.00,1.36
2026-08-24T00:00:10Z,0.685,17.1,760.8,0.00,0.00,0.00,0.00,1.33
2026-08-24T00:00:11Z,0.697,17.4,761.7,0.00,0.12,0.00,0.00,1.33
2026-08-24T00:00:12Z,0.762,19.1,760.6,0.00,0.00,0.00,0.00,1.33
2026-08-24T00:00:13Z,0.734,18.4,761.5,0.00,0.00,0.00,0.00,1.33
2026-08-24T00:00:14Z,0.687,17.2,760.9,0.00,0.00,0.00,0.00,1.33
2026-08-24T00:00:15Z,0.677,16.9,761.1,0.00,0.00,0.00,0.00,1.46
2026-08-24T00:00:16Z,0.717,17.9,764.3,0.00,0.00,0.00,0.00,1.46
2026-08-24T00:00:17Z,0.716,17.9,767.2,0.00,0.00,0.00,0.00,1.46
2026-08-24T00:00:18Z,0.836,20.9,765.0,0.15,0.45,0.00,0.00,1.46
2026-08-24T00:00:19Z,0.776,19.4,765.2,0.00,0.00,0.00,0.00,1.46
2026-08-24T00:00:20Z,0.737,18.4,763.3,0.00,0.00,0.00,0.00,1.58
2026-08-24T00:00:21Z,0.716,17.9,763.2,0.00,0.00,0.00,0.00,1.58
2026-08-24T00:00:22Z,0.736,18.4,764.4,0.00,0.00,0.00,0.00,1.58
2026-08-24T00:00:23Z,0.733,18.3,758.5,0.00,0.87,0.00,0.00,1.58
2026-08-24T00:00:24Z,0.708,17.7,759.8,0.00,0.00,0.00,0.00,1.46
2026-08-24T00:00:25Z,0.650,16.2,761.7,0.00,0.00,0.00,0.00,1.46
2026-08-24T00:00:26Z,0.677,16.9,764.2,0.00,0.00,0.00,0.00,1.46
2026-08-24T00:00:27Z,0.679,17.0,761.3,0.00,0.00,0.00,0.00,1.46
2026-08-24T00:00:28Z,0.708,17.7,761.0,0.00,0.00,0.00,0.00,1.46
2026-08-24T00:00:29Z,0.717,17.9,762.2,0.00,0.00,0.00,0.00,1.34
2026-08-24T00:00:30Z,0.717,17.9,763.6,0.00,0.00,0.00,0.00,1.34
2026-08-24T00:00:31Z,0.795,19.9,765.3,0.00,0.00,0.00,0.00,1.34
2026-08-24T00:00:32Z,0.640,16.0,765.8,0.00,0.00,0.00,0.00,1.34
2026-08-24T00:00:33Z,0.802,20.1,767.5,0.00,0.13,0.00,0.00,1.34
2026-08-24T00:00:34Z,0.688,17.2,758.0,0.00,0.00,0.00,0.00,1.71
2026-08-24T00:00:35Z,0.726,18.1,758.1,0.00,0.00,0.00,0.00,1.71
2026-08-24T00:00:36Z,0.746,18.6,757.5,0.00,0.00,0.00,0.00,1.71
2026-08-24T00:00:37Z,0.650,16.2,757.6,0.00,0.01,0.00,0.00,1.71
2026-08-24T00:00:38Z,0.746,18.6,755.2,0.00,0.00,0.00,0.00,1.71
2026-08-24T00:00:40Z,0.660,16.5,756.7,0.00,0.11,0.00,0.00,1.58
2026-08-24T00:00:41Z,0.708,17.7,757.3,0.00,0.00,0.00,0.00,1.58
2026-08-24T00:00:42Z,0.736,18.4,757.8,0.00,0.00,0.00,0.00,1.58
2026-08-24T00:00:43Z,0.754,18.9,760.4,0.00,0.00,0.00,0.00,1.58
2026-08-24T00:00:44Z,0.757,18.9,763.3,0.00,0.00,0.00,0.00,1.58
2026-08-24T00:00:45Z,0.687,17.2,760.2,0.00,0.00,0.00,0.00,1.45
2026-08-24T00:00:46Z,0.660,16.5,761.7,0.00,0.00,0.00,0.00,1.45
2026-08-24T00:00:47Z,0.670,16.8,761.9,0.00,0.15,0.00,0.00,1.45
2026-08-24T00:00:48Z,0.677,16.9,761.6,0.00,0.12,0.00,0.00,1.45
2026-08-24T00:00:49Z,0.725,18.1,758.5,0.00,0.00,0.00,0.00,1.45
2026-08-24T00:00:50Z,0.679,17.0,759.1,0.00,0.00,0.00,0.00,1.33
2026-08-24T00:00:51Z,0.727,18.2,760.9,0.00,0.00,0.00,0.00,1.33
2026-08-24T00:00:52Z,0.698,17.4,756.6,0.00,0.00,0.00,0.00,1.33
2026-08-24T00:00:53Z,0.668,16.7,759.9,0.00,0.09,0.00,0.00,1.33
2026-08-24T00:00:54Z,0.736,18.4,761.2,0.00,0.14,0.00,0.00,1.33
2026-08-24T00:00:55Z,0.707,17.7,761.7,0.00,0.00,0.00,0.00,1.71
2026-08-24T00:00:56Z,0.708,17.7,762.3,0.00,0.00,0.00,0.00,1.71
2026-08-24T00:00:57Z,0.726,18.1,750.7,0.00,0.00,0.00,0.00,1.71
2026-08-24T00:00:58Z,0.698,17.4,752.2,0.00,0.00,0.00,0.00,1.71
2026-08-24T00:00:59Z,0.678,17.0,753.7,0.00,0.00,0.00,0.00,1.65
2026-08-24T00:01:00Z,0.716,17.9,752.7,0.00,0.00,0.00,0.00,1.65
2026-08-24T00:01:01Z,0.764,19.1,752.3,0.00,0.15,0.00,0.00,1.65
2026-08-24T00:01:02Z,0.716,17.9,752.1,0.00,0.00,0.00,0.00,1.65
2026-08-24T00:01:03Z,0.727,18.2,751.2,0.00,0.00,0.00,0.00,1.65
2026-08-24T00:01:04Z,0.737,18.4,752.9,0.00,0.00,0.00,0.00,1.84
2026-08-24T00:01:05Z,0.707,17.7,752.0,0.00,0.00,0.00,0.00,1.84
2026-08-24T00:01:06Z,0.717,17.9,750.3,0.00,0.00,0.00,0.00,1.84
2026-08-24T00:01:07Z,0.629,15.7,752.5,0.00,0.00,0.00,0.00,1.84
2026-08-24T00:01:08Z,0.389,9.7,770.6,0.00,0.13,0.00,0.00,1.84
2026-08-24T00:01:09Z,0.418,10.4,795.6,0.00,0.00,0.00,0.00,1.69
2026-08-24T00:01:10Z,0.427,10.7,824.7,0.00,0.00,0.00,0.00,1.69
2026-08-24T00:01:12Z,0.457,11.4,856.4,0.00,0.00,0.00,0.00,1.69
2026-08-24T00:01:13Z,0.427,10.7,891.8,0.00,0.00,0.00,0.00,1.69
2026-08-24T00:01:14Z,0.350,8.8,915.4,0.00,0.00,0.00,0.00,1.69
2026-08-24T00:01:15Z,0.301,7.5,924.9,0.00,0.00,0.00,0.00,1.80
2026-08-24T00:01:16Z,0.117,2.9,928.1,0.00,0.16,0.00,0.00,1.80
2026-08-24T00:01:17Z,0.974,24.3,956.0,0.00,0.00,0.00,0.00,1.80
2026-08-24T00:01:18Z,0.963,24.1,965.4,0.00,0.00,0.00,0.00,1.80
2026-08-24T00:01:19Z,0.620,15.5,969.8,0.00,0.05,0.00,0.00,1.80
2026-08-24T00:01:20Z,0.745,18.6,959.4,0.00,0.00,0.00,0.00,1.65
2026-08-24T00:01:21Z,0.745,18.6,926.8,0.00,0.00,0.00,0.00,1.65
2026-08-24T00:01:22Z,0.638,16.0,896.9,0.00,0.00,0.00,0.00,1.65
2026-08-24T00:01:23Z,0.698,17.4,885.1,0.00,0.00,0.00,0.00,1.65
2026-08-24T00:01:24Z,0.803,20.1,882.2,0.00,0.02,0.00,0.00,1.65
2026-08-24T00:01:25Z,0.725,18.1,879.6,0.00,0.00,0.00,0.00,1.52
2026-08-24T00:01:26Z,0.705,17.6,877.3,0.00,0.12,0.00,0.00,1.52
2026-08-24T00:01:27Z,0.765,19.1,878.6,0.00,0.00,0.00,0.00,1.52
2026-08-24T00:01:28Z,0.677,16.9,863.0,0.00,0.01,0.00,0.00,1.52
2026-08-24T00:01:29Z,0.727,18.2,864.3,0.00,0.00,0.00,0.00,1.56
2026-08-24T00:01:30Z,0.696,17.4,865.2,0.00,0.00,0.00,0.00,1.56
2026-08-24T00:01:31Z,0.735,18.4,863.1,0.00,0.00,0.00,0.00,1.56
2026-08-24T00:01:32Z,0.697,17.4,863.1,0.00,0.00,0.00,0.00,1.56
2026-08-24T00:01:33Z,0.717,17.9,863.5,0.00,0.20,0.00,0.00,1.56
2026-08-24T00:01:34Z,0.725,18.1,861.9,0.00,0.00,0.00,0.00,1.51
2026-08-24T00:01:35Z,0.709,17.7,863.8,0.00,0.00,0.00,0.00,1.51
2026-08-24T00:01:36Z,0.763,19.1,865.1,0.00,0.00,0.00,0.00,1.51
2026-08-24T00:01:37Z,0.706,17.6,864.8,0.00,0.00,0.00,0.00,1.51
2026-08-24T00:01:38Z,0.717,17.9,868.1,0.00,0.00,0.00,0.00,1.51
2026-08-24T00:01:39Z,0.688,17.2,869.6,0.00,0.00,0.00,0.00,1.63
2026-08-24T00:01:40Z,0.668,16.7,865.2,0.00,0.00,0.00,0.00,1.63
2026-08-24T00:01:41Z,0.621,15.5,863.6,0.00,0.00,0.00,0.00,1.63
2026-08-24T00:01:42Z,0.688,17.2,858.3,0.00,0.12,0.00,0.00,1.63
2026-08-24T00:01:44Z,0.685,17.1,859.7,0.00,0.00,0.00,0.00,1.63
2026-08-24T00:01:45Z,0.734,18.4,859.3,0.00,0.00,0.00,0.00,1.50
2026-08-24T00:01:46Z,0.707,17.7,860.2,0.00,0.00,0.00,0.00,1.50
2026-08-24T00:01:47Z,0.707,17.7,860.7,0.00,0.00,0.00,0.00,1.50
2026-08-24T00:01:48Z,0.737,18.4,861.5,0.00,0.11,0.00,0.00,1.50
2026-08-24T00:01:49Z,0.698,17.4,863.4,0.00,0.00,0.00,0.00,1.50
2026-08-24T00:01:50Z,0.659,16.5,860.8,0.00,0.05,0.00,0.00,1.54
2026-08-24T00:01:51Z,0.678,17.0,861.8,0.00,0.00,0.00,0.00,1.54
2026-08-24T00:01:52Z,0.659,16.5,859.5,0.00,0.00,0.00,0.00,1.54
2026-08-24T00:01:53Z,0.739,18.5,861.0,0.00,0.00,0.00,0.00,1.54
2026-08-24T00:01:54Z,0.707,17.7,861.6,0.00,0.00,0.00,0.00,1.54
2026-08-24T00:01:55Z,0.729,18.2,859.7,0.00,0.03,0.00,0.00,1.42
2026-08-24T00:01:56Z,0.678,17.0,858.1,0.00,0.00,0.00,0.00,1.42
2026-08-24T00:01:57Z,0.679,17.0,855.8,0.00,0.12,0.00,0.00,1.42
2026-08-24T00:01:58Z,0.708,17.7,857.5,0.00,0.05,0.00,0.00,1.42
2026-08-24T00:01:59Z,0.744,18.6,859.0,0.00,0.00,0.00,0.00,1.42
2026-08-24T00:02:00Z,0.727,18.2,858.0,0.00,0.00,0.00,0.00,1.30
2026-08-24T00:02:01Z,0.727,18.2,857.5,0.00,0.03,0.00,0.00,1.30
2026-08-24T00:02:02Z,0.688,17.2,858.9,0.00,0.00,0.00,0.00,1.30
2026-08-24T00:02:03Z,0.735,18.4,859.3,0.00,0.12,0.00,0.00,1.30
2026-08-24T00:02:04Z,0.698,17.4,857.9,0.00,0.00,0.00,0.00,1.20
2026-08-24T00:02:05Z,0.776,19.4,858.3,0.00,0.00,0.00,0.00,1.20
2026-08-24T00:02:06Z,0.678,17.0,857.2,0.00,0.01,0.00,0.00,1.20
2026-08-24T00:02:07Z,0.727,18.2,857.3,0.00,0.00,0.00,0.00,1.20
2026-08-24T00:02:08Z,0.690,17.2,859.5,0.00,0.00,0.00,0.00,1.20
2026-08-24T00:02:09Z,0.756,18.9,860.0,0.00,0.00,0.00,0.00,1.18
2026-08-24T00:02:10Z,0.707,17.7,855.1,0.00,0.00,0.00,0.00,1.18
2026-08-24T00:02:11Z,0.679,17.0,855.7,0.00,0.00,0.00,0.00,1.18
2026-08-24T00:02:12Z,0.698,17.4,857.6,0.00,0.01,0.00,0.00,1.18
2026-08-24T00:02:13Z,0.784,19.6,843.4,0.00,0.00,0.00,0.00,1.18
2026-08-24T00:02:14Z,0.776,19.4,845.7,0.00,0.00,0.00,0.00,1.97
2026-08-24T00:02:16Z,0.678,17.0,846.2,0.00,0.00,0.00,0.00,1.97
2026-08-24T00:02:17Z,0.756,18.9,849.9,0.00,0.00,0.00,0.00,1.97
2026-08-24T00:02:18Z,0.659,16.5,847.3,0.00,0.20,0.00,0.00,1.97
2026-08-24T00:02:19Z,0.553,13.8,848.0,0.00,0.02,0.00,0.00,1.97
2026-08-24T00:02:20Z,0.514,12.8,848.8,0.00,0.00,0.00,0.00,1.81
2026-08-24T00:02:21Z,0.620,15.5,847.4,0.00,0.00,0.00,0.00,1.81
2026-08-24T00:02:22Z,0.553,13.8,848.6,0.00,0.00,0.00,0.00,1.81
2026-08-24T00:02:23Z,0.564,14.1,848.2,0.00,0.00,0.00,0.00,1.81
2026-08-24T00:02:24Z,0.639,16.0,848.4,0.00,0.00,0.00,0.00,1.81
2026-08-24T00:02:25Z,0.581,14.5,850.4,0.00,0.00,0.00,0.00,1.67
2026-08-24T00:02:26Z,0.707,17.7,847.6,0.00,0.00,0.00,0.00,1.67
2026-08-24T00:02:27Z,0.649,16.2,848.8,0.00,0.01,0.00,0.00,1.67
2026-08-24T00:02:28Z,0.658,16.4,847.5,0.00,0.00,0.00,0.00,1.67
2026-08-24T00:02:29Z,0.659,16.5,848.4,0.00,0.12,0.00,0.00,1.67
2026-08-24T00:02:30Z,0.671,16.8,847.5,0.00,0.00,0.00,0.00,2.09
2026-08-24T00:02:31Z,0.718,17.9,847.2,0.00,0.06,0.00,0.00,2.09
2026-08-24T00:02:32Z,0.688,17.2,848.8,0.00,0.00,0.00,0.00,2.09
2026-08-24T00:02:33Z,0.659,16.5,850.5,0.00,0.00,0.00,0.00,2.09
2026-08-24T00:02:34Z,0.726,18.1,851.1,0.00,0.00,0.00,0.00,2.25
2026-08-24T00:02:35Z,0.754,18.9,849.7,0.00,0.00,0.00,0.00,2.25
2026-08-24T00:02:36Z,0.696,17.4,850.5,0.00,0.03,0.00,0.00,2.25
2026-08-24T00:02:37Z,0.697,17.4,849.1,0.00,0.00,0.00,0.00,2.25
2026-08-24T00:02:38Z,0.648,16.2,848.6,0.00,0.00,0.00,0.00,2.25
2026-08-24T00:02:39Z,0.708,17.7,849.3,0.00,0.00,0.00,0.00,2.07
2026-08-24T00:02:40Z,0.699,17.5,850.2,0.00,0.00,0.00,0.00,2.07
2026-08-24T00:02:41Z,0.755,18.9,849.8,0.00,0.00,0.00,0.00,2.07
2026-08-24T00:02:42Z,0.651,16.3,845.5,0.00,0.00,0.00,0.00,2.07
2026-08-24T00:02:43Z,0.765,19.1,845.4,0.00,0.00,0.00,0.00,2.07
2026-08-24T00:02:44Z,0.668,16.7,847.1,0.00,0.00,0.00,0.00,1.98
2026-08-24T00:02:45Z,0.687,17.2,845.9,0.00,0.00,0.00,0.00,1.98
2026-08-24T00:02:46Z,0.910,22.8,840.7,0.00,0.00,0.00,0.00,1.98
2026-08-24T00:02:47Z,0.630,15.8,837.1,0.00,0.00,0.00,0.00,1.98
2026-08-24T00:02:49Z,0.669,16.7,840.0,0.00,0.00,0.00,0.00,1.98
2026-08-24T00:02:50Z,0.880,22.0,834.2,0.00,0.01,0.12,0.00,1.90
2026-08-24T00:02:51Z,0.695,17.4,835.4,0.00,0.00,0.00,0.00,1.90
2026-08-24T00:02:52Z,0.764,19.1,830.8,0.00,0.00,0.00,0.00,1.90
2026-08-24T00:02:53Z,0.659,16.5,828.6,0.00,0.00,0.00,0.00,1.90
2026-08-24T00:02:54Z,0.726,18.1,831.8,0.00,0.00,0.00,0.00,1.90
2026-08-24T00:02:55Z,0.610,15.2,833.1,0.00,0.02,0.00,0.00,1.75
2026-08-24T00:02:56Z,0.553,13.8,836.3,0.00,0.00,0.00,0.00,1.75
2026-08-24T00:02:57Z,0.321,8.0,831.1,0.00,0.00,0.00,0.00,1.75
2026-08-24T00:02:58Z,0.408,10.2,837.5,0.00,0.00,0.00,0.00,1.75
2026-08-24T00:02:59Z,0.408,10.2,853.3,0.00,0.00,0.00,0.00,1.75
2026-08-24T00:03:00Z,0.467,11.7,876.4,0.00,0.00,0.00,0.00,1.61
2026-08-24T00:03:01Z,0.359,9.0,900.7,0.00,0.41,0.00,0.00,1.61
2026-08-24T00:03:02Z,0.350,8.8,935.1,0.00,0.00,0.00,0.00,1.61
2026-08-24T00:03:03Z,0.272,6.8,944.1,0.00,0.00,0.00,0.00,1.61
2026-08-24T00:03:04Z,0.088,2.2,945.6,0.00,0.00,0.00,0.00,1.61
2026-08-24T00:03:05Z,0.107,2.7,948.5,0.00,0.03,0.00,0.00,1.48
2026-08-24T00:03:06Z,0.293,7.3,954.2,0.00,0.00,0.00,0.00,1.48
2026-08-24T00:03:07Z,0.097,2.4,957.6,0.00,0.00,0.00,0.00,1.48
2026-08-24T00:03:08Z,0.107,2.7,960.3,0.00,0.00,0.00,0.00,1.48
2026-08-24T00:03:09Z,0.107,2.7,963.3,0.00,0.00,0.00,0.00,1.36
2026-08-24T00:03:10Z,0.088,2.2,961.9,0.00,0.00,0.00,0.00,1.36
2026-08-24T00:03:11Z,0.107,2.7,963.8,0.00,0.00,0.00,0.00,1.36
2026-08-24T00:03:12Z,0.088,2.2,964.3,0.00,0.00,0.00,0.00,1.36
2026-08-24T00:03:13Z,0.098,2.5,964.3,0.00,0.00,0.00,0.00,1.36
2026-08-24T00:03:14Z,0.107,2.7,964.5,0.00,0.00,0.00,0.00,1.25
2026-08-24T00:03:15Z,0.097,2.4,964.5,0.00,0.01,0.00,0.00,1.25
2026-08-24T00:03:16Z,0.244,6.1,969.2,0.00,0.00,0.00,0.00,1.25
2026-08-24T00:03:17Z,0.282,7.0,979.6,0.00,0.00,0.00,0.00,1.25
2026-08-24T00:03:18Z,0.194,4.9,974.6,0.00,0.00,0.00,0.00,1.25
2026-08-24T00:03:19Z,0.692,17.3,997.5,0.00,0.00,0.00,0.00,1.23
2026-08-24T00:03:20Z,0.736,18.4,1027.8,0.00,0.00,0.00,0.00,1.23
2026-08-24T00:03:21Z,0.467,11.7,1043.3,0.00,0.00,0.00,0.00,1.23
2026-08-24T00:03:22Z,0.447,11.2,1058.1,0.00,0.00,0.00,0.00,1.23
2026-08-24T00:03:23Z,0.574,14.3,1077.1,0.00,0.00,0.00,0.00,1.23
2026-08-24T00:03:25Z,0.631,15.8,1087.2,0.00,0.00,0.00,0.00,1.13
2026-08-24T00:03:26Z,0.825,20.6,1091.9,0.00,0.00,0.00,0.00,1.13
2026-08-24T00:03:27Z,0.900,22.5,1090.4,0.00,0.01,0.00,0.00,1.13
2026-08-24T00:03:28Z,0.928,23.2,1091.6,0.00,0.00,0.00,0.00,1.13
2026-08-24T00:03:29Z,1.034,25.9,1079.0,0.00,0.01,0.00,0.00,1.13
2026-08-24T00:03:30Z,1.008,25.2,1038.0,0.00,0.00,0.00,0.00,1.04
2026-08-24T00:03:31Z,1.055,26.4,986.4,0.00,0.00,0.00,0.00,1.04
2026-08-24T00:03:32Z,1.043,26.1,958.6,0.00,0.06,0.00,0.00,1.04
2026-08-24T00:03:33Z,0.915,22.9,926.5,0.00,0.00,0.00,0.00,1.04
2026-08-24T00:03:34Z,0.811,20.3,918.3,0.00,0.25,0.00,0.00,1.04
2026-08-24T00:03:35Z,0.738,18.4,918.1,0.00,0.00,0.00,0.00,0.96
2026-08-24T00:03:36Z,0.766,19.1,916.1,0.00,0.00,0.00,0.00,0.96
2026-08-24T00:03:37Z,0.784,19.6,914.7,0.00,0.03,0.00,0.00,0.96
2026-08-24T00:03:38Z,0.727,18.2,912.1,0.00,0.00,0.00,0.00,0.96
2026-08-24T00:03:39Z,0.755,18.9,907.4,0.00,0.00,0.00,0.00,0.96
2026-08-24T00:03:40Z,0.792,19.8,898.7,0.00,0.00,0.00,0.00,1.20
2026-08-24T00:03:41Z,0.716,17.9,893.7,0.00,0.00,0.00,0.00,1.20
2026-08-24T00:03:42Z,0.765,19.1,894.8,0.00,0.00,0.00,0.00,1.20
2026-08-24T00:03:43Z,0.707,17.7,896.5,0.00,0.00,0.00,0.00,1.20
2026-08-24T00:03:44Z,0.708,17.7,897.2,0.00,0.00,0.00,0.00,1.11
2026-08-24T00:03:45Z,0.726,18.1,898.7,0.00,0.15,0.00,0.00,1.11
2026-08-24T00:03:46Z,0.765,19.1,900.9,0.00,0.00,0.00,0.00,1.11
2026-08-24T00:03:47Z,0.669,16.7,896.6,0.00,0.00,0.00,0.00,1.11
2026-08-24T00:03:48Z,0.717,17.9,896.3,0.00,0.00,0.00,0.00,1.11
2026-08-24T00:03:49Z,0.699,17.5,896.9,0.00,0.00,0.00,0.00,1.02
2026-08-24T00:03:50Z,0.755,18.9,897.1,0.00,0.00,0.00,0.00,1.02
2026-08-24T00:03:51Z,0.795,19.9,897.5,0.00,0.00,0.00,0.00,1.02
2026-08-24T00:03:52Z,0.775,19.4,898.8,0.00,0.12,0.00,0.00,1.02
2026-08-24T00:03:53Z,0.807,20.2,898.6,0.00,0.00,0.00,0.00,1.02
2026-08-24T00:03:54Z,0.786,19.7,898.5,0.00,0.00,0.00,0.00,0.93
2026-08-24T00:03:56Z,0.845,21.1,898.8,0.00,0.00,0.00,0.00,0.93
2026-08-24T00:03:57Z,0.774,19.4,898.7,0.00,0.00,0.00,0.00,0.93
2026-08-24T00:03:58Z,0.813,20.3,899.8,0.00,0.00,0.00,0.00,0.93
2026-08-24T00:03:59Z,0.746,18.6,887.6,0.00,0.00,0.00,0.00,0.93
2026-08-24T00:04:00Z,0.737,18.4,888.6,0.00,0.00,0.00,0.00,0.86
2026-08-24T00:04:01Z,0.699,17.5,888.8,0.00,0.00,0.00,0.00,0.86
2026-08-24T00:04:02Z,0.707,17.7,890.5,0.00,0.00,0.00,0.00,0.86
2026-08-24T00:04:03Z,0.718,17.9,887.0,0.00,0.03,0.00,0.00,0.86
2026-08-24T00:04:04Z,0.660,16.5,888.8,0.00,0.12,0.00,0.00,0.86
2026-08-24T00:04:05Z,0.707,17.7,889.6,0.00,0.00,0.00,0.00,0.79
2026-08-24T00:04:06Z,0.688,17.2,888.4,0.00,0.00,0.00,0.00,0.79
2026-08-24T00:04:07Z,0.678,17.0,888.5,0.00,0.00,0.00,0.00,0.79
2026-08-24T00:04:08Z,0.726,18.1,888.8,0.00,0.02,0.00,0.00,0.79
2026-08-24T00:04:09Z,0.717,17.9,882.6,0.00,0.00,0.00,0.00,0.79
2026-08-24T00:04:10Z,0.696,17.4,884.6,0.00,0.00,0.00,0.00,0.73
2026-08-24T00:04:11Z,0.746,18.6,883.0,0.00,0.00,0.00,0.00,0.73
2026-08-24T00:04:12Z,0.688,17.2,886.0,0.00,0.00,0.00,0.00,0.73
2026-08-24T00:04:13Z,0.746,18.6,887.1,0.00,0.00,0.00,0.00,0.73
2026-08-24T00:04:14Z,0.825,20.6,889.6,0.00,0.12,0.00,0.00,0.75
2026-08-24T00:04:15Z,0.718,17.9,888.5,0.00,0.00,0.00,0.00,0.75
2026-08-24T00:04:16Z,0.718,17.9,892.2,0.00,0.00,0.00,0.00,0.75
2026-08-24T00:04:17Z,0.707,17.7,887.5,0.00,0.00,0.00,0.00,0.75
2026-08-24T00:04:18Z,0.826,20.6,889.3,0.00,0.00,0.00,0.00,0.75
2026-08-24T00:04:19Z,0.784,19.6,889.1,0.00,0.00,0.00,0.00,0.69
2026-08-24T00:04:20Z,0.747,18.7,878.1,0.00,0.00,0.00,0.00,0.69
2026-08-24T00:04:21Z,0.776,19.4,879.8,0.00,0.00,0.00,0.00,0.69
2026-08-24T00:04:22Z,0.765,19.1,880.4,0.00,0.00,0.00,0.00,0.69
2026-08-24T00:04:23Z,0.756,18.9,883.1,0.00,0.00,0.00,0.00,0.69
2026-08-24T00:04:24Z,0.679,17.0,884.6,0.00,0.00,0.00,0.00,0.63
2026-08-24T00:04:25Z,0.765,19.1,877.0,0.00,0.00,0.00,0.00,0.63
2026-08-24T00:04:26Z,0.678,17.0,877.8,0.00,0.00,0.00,0.00,0.63
2026-08-24T00:04:28Z,0.727,18.2,879.6,0.00,0.00,0.00,0.00,0.63
2026-08-24T00:04:29Z,0.757,18.9,879.0,0.00,0.00,0.00,0.00,0.63
2026-08-24T00:04:30Z,0.784,19.6,879.4,0.00,0.00,0.00,0.00,0.58
2026-08-24T00:04:31Z,0.766,19.1,879.7,0.00,0.02,0.00,0.00,0.58
2026-08-24T00:04:32Z,0.746,18.6,883.5,0.00,0.00,0.00,0.00,0.58
2026-08-24T00:04:33Z,0.756,18.9,878.1,0.00,0.00,0.00,0.00,0.58
2026-08-24T00:04:34Z,0.718,17.9,880.5,0.00,0.05,0.00,0.00,0.58
2026-08-24T00:04:35Z,0.737,18.4,882.6,0.00,0.00,0.00,0.00,0.62
2026-08-24T00:04:36Z,0.708,17.7,884.9,0.00,0.00,0.00,0.00,0.62
2026-08-24T00:04:37Z,0.650,16.2,886.9,0.00,0.02,0.00,0.00,0.62
2026-08-24T00:04:38Z,0.696,17.4,879.7,0.00,0.00,0.00,0.00,0.62
2026-08-24T00:04:39Z,0.698,17.4,882.4,0.00,0.02,0.00,0.00,0.62
2026-08-24T00:04:40Z,0.678,17.0,877.0,0.00,0.00,0.00,0.00,0.97
2026-08-24T00:04:41Z,0.734,18.4,878.9,0.00,0.00,0.00,0.00,0.97
2026-08-24T00:04:42Z,0.764,19.1,876.7,0.00,0.00,0.00,0.00,0.97
2026-08-24T00:04:43Z,0.774,19.4,878.0,0.00,0.01,0.00,0.00,0.97
2026-08-24T00:04:44Z,0.812,20.3,880.1,0.00,0.00,0.00,0.00,0.97
2026-08-24T00:04:45Z,0.737,18.4,881.8,0.00,0.00,0.00,0.00,0.97
2026-08-24T00:04:46Z,0.746,18.6,883.3,0.00,0.00,0.00,0.00,0.97
2026-08-24T00:04:47Z,0.723,18.1,879.4,0.00,0.33,0.00,0.00,0.97
2026-08-24T00:04:48Z,0.735,18.4,882.9,0.00,0.00,0.00,0.00,0.97
2026-08-24T00:04:49Z,0.784,19.6,879.5,0.00,0.00,0.00,0.00,0.89
2026-08-24T00:04:50Z,0.697,17.4,863.9,0.00,0.00,0.00,0.00,0.89
2026-08-24T00:04:51Z,0.796,19.9,863.6,0.00,0.49,0.00,0.00,0.89
2026-08-24T00:04:52Z,0.697,17.4,865.0,0.00,0.00,0.00,0.00,0.89
2026-08-24T00:04:53Z,0.728,18.2,861.6,0.00,0.00,0.00,0.00,0.89
2026-08-24T00:04:54Z,0.815,20.4,862.8,0.00,0.00,0.00,0.00,1.30
2026-08-24T00:04:55Z,0.785,19.6,863.8,0.00,0.11,0.00,0.00,1.30
2026-08-24T00:04:56Z,0.783,19.6,857.9,0.00,0.03,0.00,0.00,1.30
2026-08-24T00:04:57Z,0.707,17.7,855.2,0.00,0.16,0.00,0.00,1.30
2026-08-24T00:04:58Z,0.814,20.3,857.3,0.00,0.00,0.00,0.00,1.30
2026-08-24T00:05:00Z,0.677,16.9,853.4,0.00,0.00,0.00,0.00,1.20
2026-08-24T00:05:01Z,0.717,17.9,854.2,0.00,0.00,0.00,0.00,1.20
2026-08-24T00:05:02Z,0.813,20.3,849.9,0.00,0.01,0.00,0.00,1.20
2026-08-24T00:05:03Z,0.763,19.1,845.0,0.00,0.00,0.00,0.00,1.20
2026-08-24T00:05:04Z,0.726,18.1,845.8,0.00,0.00,0.00,0.00,1.20
2026-08-24T00:05:05Z,0.678,17.0,847.3,0.00,0.23,0.00,0.00,1.42
2026-08-24T00:05:06Z,0.677,16.9,848.0,0.00,0.00,0.00,0.00,1.42
2026-08-24T00:05:07Z,0.716,17.9,847.8,0.00,0.00,0.00,0.00,1.42
2026-08-24T00:05:08Z,0.725,18.1,841.1,0.00,0.01,0.00,0.00,1.42
2026-08-24T00:05:09Z,0.727,18.2,843.2,0.00,0.00,0.00,0.00,1.42
2026-08-24T00:05:10Z,0.704,17.6,844.4,0.00,0.00,0.00,0.00,1.31
2026-08-24T00:05:11Z,0.698,17.4,844.7,0.00,0.00,0.00,0.00,1.31
2026-08-24T00:05:12Z,0.650,16.2,840.1,0.00,0.00,0.00,0.00,1.31
2026-08-24T00:05:13Z,0.727,18.2,842.4,0.00,0.13,0.00,0.00,1.31
2026-08-24T00:05:14Z,0.669,16.7,844.2,0.00,0.00,0.00,0.00,1.31
2026-08-24T00:05:15Z,0.765,19.1,842.5,0.00,0.00,0.00,0.00,1.36
2026-08-24T00:05:16Z,0.736,18.4,843.2,0.00,0.00,0.00,0.00,1.36
2026-08-24T00:05:17Z,0.708,17.7,843.5,0.00,0.00,0.00,0.00,1.36
2026-08-24T00:05:18Z,0.726,18.1,844.5,0.00,0.00,0.00,0.00,1.36
2026-08-24T00:05:19Z,0.746,18.6,844.9,0.00,0.00,0.00,0.00,1.41
2026-08-24T00:05:20Z,0.708,17.7,839.4,0.00,0.00,0.00,0.00,1.41
2026-08-24T00:05:21Z,0.724,18.1,840.8,0.00,0.06,0.00,0.00,1.41
2026-08-24T00:05:22Z,0.679,17.0,842.8,0.00,0.00,0.00,0.00,1.41
2026-08-24T00:05:23Z,0.649,16.2,843.5,0.00,0.00,0.00,0.00,1.41
2026-08-24T00:05:24Z,0.727,18.2,844.2,0.00,0.11,0.00,0.00,1.38
2026-08-24T00:05:25Z,0.746,18.6,844.8,0.00,0.00,0.00,0.00,1.38
2026-08-24T00:05:26Z,0.707,17.7,846.6,0.00,0.04,0.00,0.00,1.38
2026-08-24T00:05:27Z,0.764,19.1,846.7,0.00,0.00,0.00,0.00,1.38
2026-08-24T00:05:28Z,0.689,17.2,838.1,0.00,0.00,0.00,0.00,1.38
2026-08-24T00:05:29Z,0.707,17.7,838.9,0.00,0.00,0.00,0.00,1.27
2026-08-24T00:05:30Z,0.794,19.9,841.3,0.00,0.00,0.00,0.00,1.27
2026-08-24T00:05:32Z,0.794,19.9,843.0,0.00,0.00,0.00,0.00,1.27
2026-08-24T00:05:33Z,0.765,19.1,837.3,0.00,0.01,0.00,0.00,1.27
2026-08-24T00:05:34Z,0.706,17.6,838.6,0.00,0.15,0.00,0.00,1.27
2026-08-24T00:05:35Z,0.695,17.4,841.3,0.00,0.01,0.00,0.00,1.17
2026-08-24T00:05:36Z,0.708,17.7,842.7,0.00,0.00,0.00,0.00,1.17
2026-08-24T00:05:37Z,0.747,18.7,845.3,0.00,0.00,0.00,0.00,1.17
2026-08-24T00:05:38Z,0.784,19.6,839.1,0.00,0.00,0.00,0.00,1.17
2026-08-24T00:05:39Z,0.699,17.5,840.1,0.00,0.00,0.00,0.00,1.17
2026-08-24T00:05:40Z,0.707,17.7,841.0,0.00,0.00,0.00,0.00,1.48
2026-08-24T00:05:41Z,0.707,17.7,841.3,0.00,0.00,0.00,0.00,1.48
2026-08-24T00:05:42Z,0.726,18.1,842.1,0.00,0.00,0.00,0.00,1.48
2026-08-24T00:05:43Z,0.755,18.9,842.9,0.00,0.12,0.00,0.00,1.48
2026-08-24T00:05:44Z,1.095,27.4,844.4,0.00,0.00,0.00,0.00,1.48
2026-08-24T00:05:45Z,0.766,19.1,845.4,0.00,0.00,0.00,0.00,1.36
2026-08-24T00:05:46Z,0.756,18.9,841.3,0.00,0.00,0.00,0.00,1.36
2026-08-24T00:05:47Z,0.707,17.7,840.8,0.00,0.00,0.00,0.00,1.36
2026-08-24T00:05:48Z,0.708,17.7,842.6,0.00,0.00,0.00,0.00,1.36
2026-08-24T00:05:49Z,0.699,17.5,845.5,0.00,0.01,0.00,0.00,1.33
2026-08-24T00:05:50Z,0.678,17.0,845.9,0.00,0.00,0.00,0.00,1.33
2026-08-24T00:05:51Z,0.738,18.4,846.7,0.00,0.00,0.00,0.00,1.33
2026-08-24T00:05:52Z,0.688,17.2,847.8,0.00,0.12,0.00,0.00,1.33
2026-08-24T00:05:53Z,0.764,19.1,837.7,0.00,0.00,0.00,0.00,1.33
2026-08-24T00:05:54Z,0.775,19.4,838.0,0.00,0.41,0.00,0.00,1.22
2026-08-24T00:05:55Z,0.765,19.1,838.5,0.00,0.00,0.00,0.00,1.22
2026-08-24T00:05:56Z,0.677,16.9,841.5,0.00,0.00,0.00,0.00,1.22
2026-08-24T00:05:57Z,0.707,17.7,844.2,0.00,0.00,0.00,0.00,1.22
2026-08-24T00:05:58Z,0.698,17.4,841.0,0.00,0.00,0.00,0.00,1.22
2026-08-24T00:05:59Z,0.705,17.6,838.6,0.00,0.00,0.00,0.00,1.12
2026-08-24T00:06:00Z,0.756,18.9,842.1,0.00,0.00,0.00,0.00,1.12
2026-08-24T00:06:01Z,0.717,17.9,843.0,0.00,0.00,0.00,0.00,1.12
2026-08-24T00:06:02Z,0.850,21.2,845.0,0.00,0.00,0.00,0.00,1.12
2026-08-24T00:06:04Z,0.669,16.7,844.6,0.00,0.12,0.00,0.00,1.12
2026-08-24T00:06:05Z,0.698,17.4,845.3,0.00,0.00,0.00,0.00,1.27
2026-08-24T00:06:06Z,0.735,18.4,834.6,0.00,0.00,0.00,0.00,1.27
2026-08-24T00:06:07Z,0.668,16.7,836.4,0.00,0.00,0.00,0.00,1.27
2026-08-24T00:06:08Z,0.747,18.7,837.6,0.00,0.00,0.00,0.00,1.27
2026-08-24T00:06:09Z,0.688,17.2,839.8,0.00,0.00,0.00,0.00,1.27
2026-08-24T00:06:10Z,0.680,17.0,840.8,0.00,0.00,0.00,0.00,1.41
2026-08-24T00:06:11Z,0.708,17.7,832.4,0.00,0.12,0.00,0.00,1.41
2026-08-24T00:06:12Z,0.679,17.0,833.9,0.00,0.00,0.00,0.00,1.41
2026-08-24T00:06:13Z,0.705,17.6,835.4,0.00,0.00,0.00,0.00,1.41
2026-08-24T00:06:14Z,0.698,17.4,837.4,0.00,0.00,0.00,0.00,1.41
2026-08-24T00:06:15Z,0.668,16.7,838.9,0.00,0.00,0.00,0.00,1.30
2026-08-24T00:06:16Z,0.706,17.6,841.1,0.00,0.00,0.00,0.00,1.30
2026-08-24T00:06:17Z,0.668,16.7,841.6,0.00,0.01,0.00,0.00,1.30
2026-08-24T00:06:18Z,0.697,17.4,839.9,0.00,0.00,0.00,0.00,1.30
2026-08-24T00:06:19Z,0.717,17.9,833.4,0.00,0.00,0.00,0.00,1.30
2026-08-24T00:06:20Z,0.736,18.4,836.4,0.00,0.00,0.00,0.00,1.19
2026-08-24T00:06:21Z,0.719,18.0,837.4,0.00,0.20,0.00,0.00,1.19
2026-08-24T00:06:22Z,0.688,17.2,839.3,0.00,0.05,0.00,0.00,1.19
2026-08-24T00:06:23Z,0.707,17.7,842.0,0.00,0.00,0.00,0.00,1.19
2026-08-24T00:06:24Z,0.776,19.4,845.4,0.00,0.00,0.00,0.00,1.10
2026-08-24T00:06:25Z,0.745,18.6,840.2,0.00,0.00,0.00,0.00,1.10
2026-08-24T00:06:26Z,0.719,18.0,841.0,0.00,0.00,0.00,0.00,1.10
2026-08-24T00:06:27Z,0.688,17.2,840.7,0.00,0.00,0.00,0.00,1.10
2026-08-24T00:06:28Z,0.706,17.6,843.0,0.00,0.00,0.00,0.00,1.10
2026-08-24T00:06:29Z,0.717,17.9,843.2,0.00,0.00,0.00,0.00,1.01
2026-08-24T00:06:30Z,0.715,17.9,843.8,0.00,0.20,0.00,0.00,1.01
2026-08-24T00:06:31Z,0.716,17.9,845.3,0.00,0.00,0.00,0.00,1.01
2026-08-24T00:06:32Z,0.754,18.9,846.3,0.00,0.00,0.00,0.00,1.01
2026-08-24T00:06:33Z,0.726,18.1,839.1,0.00,0.00,0.00,0.00,1.01
2026-08-24T00:06:34Z,0.688,17.2,841.6,0.00,0.01,0.00,0.00,0.93
2026-08-24T00:06:36Z,0.766,19.1,835.6,0.00,0.00,0.00,0.00,0.93
2026-08-24T00:06:37Z,0.743,18.6,836.2,0.00,0.00,0.00,0.00,0.93
2026-08-24T00:06:38Z,0.696,17.4,838.9,0.00,0.00,0.00,0.00,0.93
2026-08-24T00:06:39Z,0.639,16.0,841.4,0.00,0.16,0.00,0.00,0.93
2026-08-24T00:06:40Z,0.728,18.2,842.4,0.00,0.00,0.00,0.00,0.85
2026-08-24T00:06:41Z,0.650,16.2,837.8,0.00,0.00,0.00,0.00,0.85
2026-08-24T00:06:42Z,0.747,18.7,838.8,0.00,0.00,0.00,0.00,0.85
2026-08-24T00:06:43Z,0.746,18.6,839.0,0.00,0.00,0.00,0.00,0.85
2026-08-24T00:06:44Z,0.717,17.9,839.1,0.00,0.00,0.00,0.00,0.85
2026-08-24T00:06:45Z,0.754,18.9,839.6,0.00,0.01,0.00,0.00,0.87
2026-08-24T00:06:46Z,0.707,17.7,841.1,0.00,0.00,0.00,0.00,0.87
2026-08-24T00:06:47Z,0.689,17.2,835.2,0.00,0.00,0.00,0.00,0.87
2026-08-24T00:06:48Z,0.717,17.9,837.8,0.00,0.00,0.00,0.00,0.87
2026-08-24T00:06:49Z,0.668,16.7,839.1,0.00,0.00,0.00,0.00,0.87
2026-08-24T00:06:50Z,0.687,17.2,836.1,0.00,0.19,0.00,0.00,0.80
2026-08-24T00:06:51Z,0.659,16.5,837.6,0.00,0.00,0.00,0.00,0.80
2026-08-24T00:06:52Z,0.747,18.7,839.9,0.00,0.00,0.00,0.00,0.80
2026-08-24T00:06:53Z,0.726,18.1,842.6,0.00,0.06,0.00,0.00,0.80
2026-08-24T00:06:54Z,0.726,18.1,844.5,0.00,0.00,0.00,0.00,1.05
2026-08-24T00:06:55Z,0.699,17.5,839.0,0.00,0.12,0.00,0.00,1.05
2026-08-24T00:06:56Z,0.687,17.2,841.4,0.00,0.00,0.00,0.00,1.05
2026-08-24T00:06:57Z,0.736,18.4,842.8,0.00,0.00,0.00,0.00,1.05
2026-08-24T00:06:58Z,0.707,17.7,843.3,0.00,0.00,0.00,0.00,1.05
2026-08-24T00:06:59Z,0.699,17.5,846.0,0.00,0.00,0.00,0.00,0.97
2026-08-24T00:07:00Z,0.679,17.0,847.1,0.00,0.05,0.00,0.00,0.97
2026-08-24T00:07:01Z,0.758,18.9,847.8,0.00,0.00,0.00,0.00,0.97
2026-08-24T00:07:02Z,0.726,18.1,839.1,0.00,0.03,0.00,0.00,0.97
2026-08-24T00:07:03Z,0.697,17.4,841.3,0.00,0.00,0.00,0.00,0.97
2026-08-24T00:07:04Z,0.669,16.7,843.2,0.00,0.00,0.00,0.00,0.89
2026-08-24T00:07:05Z,0.747,18.7,844.5,0.00,0.00,0.00,0.00,0.89
2026-08-24T00:07:06Z,0.670,16.8,844.3,0.00,0.12,0.00,0.00,0.89
2026-08-24T00:07:08Z,0.794,19.9,841.0,0.14,0.01,0.00,0.00,0.89
2026-08-24T00:07:09Z,0.737,18.4,843.0,0.00,0.00,0.00,0.00,0.89
2026-08-24T00:07:10Z,0.706,17.6,844.1,0.00,0.00,0.00,0.00,1.30
2026-08-24T00:07:11Z,0.697,17.4,838.5,0.00,0.00,0.00,0.00,1.30
2026-08-24T00:07:12Z,0.650,16.2,838.0,0.00,0.00,0.00,0.00,1.30
2026-08-24T00:07:13Z,0.688,17.2,837.3,0.00,0.55,0.00,0.00,1.30
2026-08-24T00:07:14Z,0.737,18.4,839.7,0.00,0.00,0.00,0.00,1.30
2026-08-24T00:07:15Z,0.708,17.7,841.4,0.00,0.00,0.00,0.00,1.20
2026-08-24T00:07:16Z,0.698,17.4,836.2,0.00,0.00,0.00,0.00,1.20
2026-08-24T00:07:17Z,0.756,18.9,838.5,0.00,0.00,0.00,0.00,1.20
2026-08-24T00:07:18Z,0.786,19.7,838.8,0.00,0.00,0.00,0.00,1.20
2026-08-24T00:07:19Z,0.726,18.1,839.6,0.00,0.00,0.00,0.00,1.20
2026-08-24T00:07:20Z,0.649,16.2,842.5,0.00,0.00,0.00,0.00,1.42
2026-08-24T00:07:21Z,0.688,17.2,841.6,0.00,0.17,0.00,0.00,1.42
2026-08-24T00:07:22Z,0.757,18.9,841.4,0.00,0.00,0.00,0.00,1.42
2026-08-24T00:07:23Z,0.774,19.4,840.8,0.00,0.00,0.00,0.00,1.42
2026-08-24T00:07:24Z,0.707,17.7,838.4,0.00,0.02,0.00,0.00,1.42
2026-08-24T00:07:25Z,0.737,18.4,838.1,0.00,0.00,0.00,0.00,1.31
2026-08-24T00:07:26Z,0.754,18.9,838.9,0.00,0.00,0.00,0.00,1.31
2026-08-24T00:07:27Z,0.688,17.2,840.7,0.00,0.00,0.00,0.00,1.31
2026-08-24T00:07:28Z,0.698,17.4,839.8,0.00,0.00,0.00,0.00,1.31
2026-08-24T00:07:29Z,0.715,17.9,841.5,0.00,0.12,0.00,0.00,1.28
2026-08-24T00:07:30Z,0.747,18.7,840.0,0.00,0.00,0.00,0.00,1.28
2026-08-24T00:07:31Z,0.667,16.7,838.7,0.00,0.00,0.00,0.00,1.28
2026-08-24T00:07:32Z,0.704,17.6,832.1,0.00,0.08,0.00,0.00,1.28
2026-08-24T00:07:33Z,0.727,18.2,833.6,0.00,0.00,0.00,0.00,1.28
2026-08-24T00:07:34Z,0.714,17.8,824.9,0.00,0.00,0.00,0.00,1.18
2026-08-24T00:07:35Z,0.707,17.7,827.0,0.00,0.00,0.00,0.00,1.18
2026-08-24T00:07:36Z,0.736,18.4,829.3,0.00,0.00,0.00,0.00,1.18
2026-08-24T00:07:37Z,0.707,17.7,831.2,0.00,0.01,0.00,0.00,1.18
2026-08-24T00:07:38Z,0.640,16.0,831.5,0.00,0.00,0.00,0.00,1.18
2026-08-24T00:07:40Z,0.666,16.7,832.0,0.00,0.00,0.00,0.00,1.08
2026-08-24T00:07:41Z,0.714,17.8,832.5,0.00,0.18,0.00,0.00,1.08
2026-08-24T00:07:42Z,0.683,17.1,833.2,0.00,0.00,0.00,0.00,1.08
2026-08-24T00:07:43Z,0.726,18.1,834.9,0.00,0.00,0.00,0.00,1.08
2026-08-24T00:07:44Z,0.685,17.1,832.6,0.00,0.00,0.00,0.00,1.08
2026-08-24T00:07:45Z,0.714,17.8,834.9,0.00,0.00,0.00,0.00,1.00
2026-08-24T00:07:46Z,0.674,16.9,835.8,0.00,0.00,0.00,0.00,1.00
2026-08-24T00:07:47Z,0.685,17.1,836.4,0.00,0.00,0.00,0.00,1.00
2026-08-24T00:07:48Z,0.684,17.1,837.1,0.00,0.00,0.00,0.00,1.00
2026-08-24T00:07:49Z,0.675,16.9,838.9,0.00,0.01,0.00,0.00,1.00
2026-08-24T00:07:50Z,0.684,17.1,840.0,0.00,0.00,0.00,0.00,0.92
2026-08-24T00:07:51Z,0.714,17.8,840.5,0.00,0.00,0.00,0.00,0.92
2026-08-24T00:07:52Z,0.665,16.6,831.8,0.00,0.00,0.00,0.00,0.92
2026-08-24T00:07:53Z,0.743,18.6,827.2,0.00,0.00,0.00,0.00,0.92
2026-08-24T00:07:54Z,0.734,18.4,828.8,0.00,0.18,0.00,0.00,0.92
2026-08-24T00:07:55Z,0.779,19.5,830.7,0.00,0.00,0.00,0.00,1.16
2026-08-24T00:07:56Z,0.789,19.7,831.2,0.00,0.00,0.00,0.00,1.16
2026-08-24T00:07:57Z,0.714,17.8,833.3,0.00,0.00,0.00,0.00,1.16
2026-08-24T00:07:58Z,0.752,18.8,836.2,0.00,0.00,0.00,0.00,1.16
2026-08-24T00:07:59Z,0.722,18.1,837.0,0.00,0.00,0.00,0.00,1.47
2026-08-24T00:08:00Z,0.715,17.9,834.1,0.00,0.00,0.00,0.00,1.47
2026-08-24T00:08:01Z,0.687,17.2,836.9,0.00,0.00,0.00,0.00,1.47
2026-08-24T00:08:02Z,0.668,16.7,837.9,0.00,0.00,0.00,0.00,1.47
2026-08-24T00:08:03Z,0.795,19.9,838.7,0.00,0.05,0.00,0.00,1.47
2026-08-24T00:08:04Z,0.694,17.3,837.7,0.00,0.00,0.00,0.00,1.91
2026-08-24T00:08:05Z,0.743,18.6,832.8,0.00,0.07,0.00,0.00,1.91
2026-08-24T00:08:06Z,0.696,17.4,834.5,0.00,0.00,0.00,0.00,1.91
2026-08-24T00:08:08Z,0.733,18.3,835.4,0.00,0.00,0.00,0.00,1.91
2026-08-24T00:08:09Z,0.733,18.3,836.7,0.00,0.00,0.00,0.00,1.91
2026-08-24T00:08:10Z,0.725,18.1,839.1,0.00,0.00,0.00,0.00,1.76
2026-08-24T00:08:11Z,0.763,19.1,840.4,0.00,0.11,0.00,0.00,1.76
2026-08-24T00:08:12Z,0.687,17.2,840.6,0.00,0.00,0.00,0.00,1.76
2026-08-24T00:08:13Z,0.784,19.6,840.0,0.00,0.00,0.00,0.00,1.76
2026-08-24T00:08:14Z,0.686,17.2,840.5,0.00,0.00,0.00,0.00,1.76
2026-08-24T00:08:15Z,0.694,17.3,838.1,0.00,0.00,0.00,0.00,1.70
2026-08-24T00:08:16Z,0.751,18.8,839.1,0.00,0.00,0.00,0.00,1.70
2026-08-24T00:08:17Z,0.818,20.4,834.8,0.00,0.00,0.00,0.00,1.70
2026-08-24T00:08:18Z,0.744,18.6,836.5,0.00,0.00,0.00,0.00,1.70
2026-08-24T00:08:19Z,0.743,18.6,833.4,0.00,0.00,0.00,0.00,1.70
2026-08-24T00:08:20Z,0.724,18.1,835.9,0.00,0.17,0.00,0.00,1.80
2026-08-24T00:08:21Z,0.744,18.6,837.2,0.00,0.00,0.00,0.00,1.80
2026-08-24T00:08:22Z,0.667,16.7,827.7,0.00,0.00,0.00,0.00,1.80
2026-08-24T00:08:23Z,0.763,19.1,827.3,0.00,0.01,0.00,0.00,1.80
2026-08-24T00:08:24Z,0.792,19.8,829.1,0.00,0.00,0.00,0.00,1.66
2026-08-24T00:08:25Z,0.772,19.3,830.9,0.00,0.00,0.00,0.00,1.66
2026-08-24T00:08:26Z,0.781,19.5,832.8,0.00,0.00,0.00,0.00,1.66
2026-08-24T00:08:27Z,0.744,18.6,830.5,0.00,0.12,0.00,0.00,1.66
2026-08-24T00:08:28Z,0.733,18.3,832.0,0.00,0.00,0.00,0.00,1.66
2026-08-24T00:08:29Z,0.731,18.3,832.3,0.00,0.00,0.00,0.00,1.53
2026-08-24T00:08:30Z,0.742,18.6,832.9,0.00,0.00,0.00,0.00,1.53
2026-08-24T00:08:31Z,0.734,18.4,833.4,0.00,0.00,0.00,0.00,1.53
2026-08-24T00:08:32Z,0.697,17.4,832.0,0.00,0.00,0.00,0.00,1.53
2026-08-24T00:08:33Z,0.809,20.2,832.4,0.00,0.04,0.00,0.00,1.53
2026-08-24T00:08:34Z,0.723,18.1,833.9,0.00,0.11,0.00,0.00,1.56
2026-08-24T00:08:35Z,0.676,16.9,830.6,0.00,0.00,0.00,0.00,1.56
2026-08-24T00:08:37Z,0.714,17.8,826.6,0.00,0.00,0.00,0.00,1.56
2026-08-24T00:08:38Z,0.715,17.9,826.6,0.00,0.00,0.00,0.00,1.56
2026-08-24T00:08:39Z,0.714,17.8,827.9,0.00,0.01,0.00,0.00,1.56
2026-08-24T00:08:40Z,0.696,17.4,829.6,0.00,0.00,0.00,0.00,1.52
2026-08-24T00:08:41Z,0.687,17.2,828.6,0.00,0.00,0.00,0.00,1.52
2026-08-24T00:08:42Z,0.684,17.1,827.6,0.00,0.15,0.00,0.00,1.52
2026-08-24T00:08:43Z,0.773,19.3,828.3,0.00,0.00,0.00,0.00,1.52
2026-08-24T00:08:44Z,0.762,19.1,829.5,0.00,0.00,0.00,0.00,1.52
2026-08-24T00:08:45Z,0.753,18.8,827.9,0.00,0.00,0.00,0.00,1.48
2026-08-24T00:08:46Z,0.754,18.9,827.7,0.00,0.00,0.00,0.00,1.48
2026-08-24T00:08:47Z,0.762,19.1,827.3,0.00,0.00,0.00,0.00,1.48
2026-08-24T00:08:48Z,0.734,18.4,831.0,0.00,0.00,0.00,0.00,1.48
2026-08-24T00:08:49Z,0.753,18.8,832.7,0.00,0.00,0.00,0.00,1.48
2026-08-24T00:08:50Z,0.802,20.1,833.2,0.00,0.00,0.00,0.00,2.08
2026-08-24T00:08:51Z,0.734,18.4,831.4,0.00,0.16,0.00,0.00,2.08
2026-08-24T00:08:52Z,0.745,18.6,834.1,0.00,0.00,0.00,0.00,2.08
2026-08-24T00:08:53Z,0.783,19.6,834.0,0.00,0.01,0.00,0.00,2.08
2026-08-24T00:08:54Z,0.810,20.2,830.2,0.00,0.00,0.00,0.00,1.91
2026-08-24T00:08:55Z,0.820,20.5,828.3,0.00,0.00,0.00,0.00,1.91
2026-08-24T00:08:56Z,0.864,21.6,829.8,0.00,0.00,0.00,0.00,1.91
2026-08-24T00:08:57Z,0.714,17.8,829.7,0.00,0.00,0.00,0.00,1.91
2026-08-24T00:08:58Z,0.783,19.6,829.5,0.00,0.01,0.00,0.00,1.91
2026-08-24T00:08:59Z,0.734,18.4,830.3,0.00,0.00,0.00,0.00,2.08
2026-08-24T00:09:00Z,0.743,18.6,830.8,0.00,0.11,0.00,0.00,2.08
2026-08-24T00:09:01Z,0.685,17.1,827.6,0.00,0.00,0.00,0.00,2.08
2026-08-24T00:09:02Z,0.725,18.1,830.5,0.00,0.00,0.00,0.00,2.08
2026-08-24T00:09:03Z,0.784,19.6,830.7,0.00,0.05,0.00,0.00,2.08
2026-08-24T00:09:04Z,0.695,17.4,829.8,0.00,0.00,0.00,0.00,1.91
2026-08-24T00:09:06Z,0.735,18.4,830.0,0.00,0.00,0.00,0.00,1.91
2026-08-24T00:09:07Z,0.707,17.7,830.8,0.00,0.00,0.00,0.00,1.91
2026-08-24T00:09:08Z,0.735,18.4,830.3,0.00,0.00,0.00,0.00,1.91
2026-08-24T00:09:09Z,0.713,17.8,829.1,0.00,0.02,0.00,0.00,1.91
2026-08-24T00:09:10Z,0.629,15.7,831.6,0.00,0.01,0.00,0.00,1.76
2026-08-24T00:09:11Z,0.677,16.9,830.6,0.00,0.01,0.00,0.00,1.76
2026-08-24T00:09:12Z,0.658,16.4,831.5,0.00,0.00,0.00,0.00,1.76
2026-08-24T00:09:13Z,0.704,17.6,827.3,0.00,0.00,0.00,0.00,1.76
2026-08-24T00:09:14Z,0.705,17.6,829.4,0.00,0.00,0.00,0.00,1.76
2026-08-24T00:09:15Z,0.736,18.4,830.9,0.00,0.00,0.00,0.00,1.62
2026-08-24T00:09:16Z,0.696,17.4,827.5,0.00,0.00,0.00,0.00,1.62
2026-08-24T00:09:17Z,0.717,17.9,830.4,0.00,0.00,0.00,0.00,1.62
2026-08-24T00:09:18Z,0.669,16.7,829.3,0.00,0.01,0.00,0.00,1.62
2026-08-24T00:09:19Z,0.750,18.8,831.9,0.00,0.00,0.00,0.00,1.62
2026-08-24T00:09:20Z,0.695,17.4,826.8,0.00,0.00,0.00,0.00,1.49
2026-08-24T00:09:21Z,0.715,17.9,828.8,0.00,0.00,0.00,0.00,1.49
2026-08-24T00:09:22Z,0.677,16.9,829.3,0.00,0.00,0.00,0.00,1.49
2026-08-24T00:09:23Z,0.696,17.4,830.8,0.00,0.00,0.00,0.00,1.49
2026-08-24T00:09:24Z,0.698,17.4,832.3,0.00,0.00,0.00,0.00,1.53
2026-08-24T00:09:25Z,0.697,17.4,831.5,0.00,0.00,0.00,0.00,1.53
2026-08-24T00:09:26Z,0.675,16.9,830.8,0.00,0.00,0.00,0.00,1.53
2026-08-24T00:09:27Z,0.745,18.6,831.7,0.00,0.00,0.00,0.00,1.53
2026-08-24T00:09:28Z,0.707,17.7,832.7,0.00,0.00,0.00,0.00,1.53
2026-08-24T00:09:29Z,0.687,17.2,833.2,0.00,0.00,0.00,0.00,1.57
2026-08-24T00:09:30Z,0.727,18.2,833.5,0.00,0.00,0.00,0.00,1.57
2026-08-24T00:09:31Z,0.725,18.1,826.1,0.00,0.00,0.00,0.00,1.57
2026-08-24T00:09:32Z,0.736,18.4,827.1,0.00,0.00,0.00,0.00,1.57
2026-08-24T00:09:33Z,0.726,18.1,825.6,0.00,0.05,0.00,0.00,1.57
2026-08-24T00:09:34Z,0.687,17.2,829.2,0.00,0.00,0.00,0.00,1.60
2026-08-24T00:09:36Z,0.669,16.7,831.4,0.00,0.30,0.00,0.00,1.60
2026-08-24T00:09:37Z,0.725,18.1,830.9,0.00,0.01,0.00,0.00,1.60
2026-08-24T00:09:38Z,0.686,17.2,831.8,0.00,0.00,0.00,0.00,1.60
2026-08-24T00:09:39Z,0.677,16.9,829.6,0.00,0.02,0.00,0.00,1.60
2026-08-24T00:09:40Z,0.735,18.4,832.1,0.00,0.00,0.00,0.00,1.72
2026-08-24T00:09:41Z,0.696,17.4,831.7,0.00,0.00,0.00,0.00,1.72
2026-08-24T00:09:42Z,0.742,18.6,824.9,0.00,0.14,0.00,0.00,1.72
2026-08-24T00:09:43Z,0.758,18.9,827.4,0.00,0.00,0.00,0.00,1.72
2026-08-24T00:09:44Z,0.686,17.2,826.3,0.00,0.00,0.00,0.00,1.72
2026-08-24T00:09:45Z,0.648,16.2,827.6,0.00,0.00,0.00,0.00,1.74
2026-08-24T00:09:46Z,0.620,15.5,828.1,0.00,0.00,0.00,0.00,1.74
2026-08-24T00:09:47Z,0.686,17.2,829.0,0.00,0.15,0.00,0.00,1.74
2026-08-24T00:09:48Z,0.706,17.6,829.7,0.00,0.00,0.00,0.00,1.74
2026-08-24T00:09:49Z,0.678,17.0,828.4,0.00,0.00,0.00,0.00,1.74
2026-08-24T00:09:50Z,0.637,15.9,830.3,0.00,0.00,0.00,0.00,1.60
2026-08-24T00:09:51Z,0.647,16.2,833.2,0.00,0.58,0.00,0.00,1.60
2026-08-24T00:09:52Z,0.668,16.7,835.9,0.00,0.00,0.00,0.00,1.60
2026-08-24T00:09:53Z,0.752,18.8,837.8,0.00,0.00,0.00,0.00,1.60
2026-08-24T00:09:54Z,0.705,17.6,840.2,0.00,0.12,0.00,0.00,1.55
2026-08-24T00:09:55Z,0.686,17.2,834.7,0.00,0.00,0.00,0.00,1.55
2026-08-24T00:09:56Z,0.674,16.9,835.2,0.00,0.03,0.00,0.00,1.55
2026-08-24T00:09:57Z,0.668,16.7,836.5,0.00,0.00,0.00,0.00,1.55
2026-08-24T00:09:58Z,0.667,16.7,839.8,0.00,0.00,0.00,0.00,1.55
2026-08-24T00:09:59Z,0.655,16.4,843.1,0.00,0.00,0.00,0.00,1.59
2026-08-24T00:10:00Z,0.686,17.2,837.7,0.00,0.12,0.00,0.00,1.59
2026-08-24T00:10:01Z,0.706,17.6,838.5,0.00,0.00,0.00,0.00,1.59
2026-08-24T00:10:02Z,0.697,17.4,839.7,0.00,0.00,0.00,0.00,1.59
2026-08-24T00:10:03Z,0.686,17.2,835.6,0.00,0.00,0.00,0.00,1.59
2026-08-24T00:10:04Z,0.648,16.2,838.2,0.00,0.00,0.00,0.00,1.46
2026-08-24T00:10:06Z,0.657,16.4,836.0,0.00,0.00,0.00,0.00,1.46
2026-08-24T00:10:07Z,0.618,15.4,838.0,0.00,0.00,0.00,0.00,1.46
2026-08-24T00:10:08Z,0.638,16.0,839.4,0.00,0.00,0.00,0.00,1.46
2026-08-24T00:10:09Z,0.619,15.5,838.6,0.00,0.12,0.00,0.00,1.46
2026-08-24T00:10:10Z,0.707,17.7,840.0,0.00,0.00,0.00,0.00,1.34
2026-08-24T00:10:11Z,0.715,17.9,837.2,0.00,0.00,0.00,0.00,1.34
2026-08-24T00:10:12Z,0.698,17.4,837.0,0.00,0.00,0.00,0.00,1.34
2026-08-24T00:10:13Z,0.668,16.7,836.4,0.00,0.01,0.00,0.00,1.34
2026-08-24T00:10:14Z,0.658,16.4,837.3,0.00,0.00,0.00,0.00,1.34
2026-08-24T00:10:15Z,0.753,18.8,834.6,0.00,0.01,0.00,0.00,1.23
2026-08-24T00:10:16Z,0.684,17.1,834.8,0.00,0.01,0.00,0.00,1.23
2026-08-24T00:10:17Z,0.658,16.4,837.9,0.00,0.00,0.00,0.00,1.23
2026-08-24T00:10:18Z,0.675,16.9,838.2,0.00,0.00,0.00,0.00,1.23
2026-08-24T00:10:19Z,0.724,18.1,837.4,0.00,0.00,0.00,0.00,1.23
2026-08-24T00:10:20Z,0.733,18.3,837.7,0.00,0.00,0.00,0.00,1.30
2026-08-24T00:10:21Z,0.676,16.9,839.7,0.00,0.28,0.00,0.00,1.30
2026-08-24T00:10:22Z,0.646,16.2,838.5,0.00,0.06,0.00,0.00,1.30
2026-08-24T00:10:23Z,0.675,16.9,837.6,0.00,0.00,0.00,0.00,1.30
2026-08-24T00:10:24Z,0.656,16.4,840.2,0.00,0.00,0.00,0.00,1.75
2026-08-24T00:10:25Z,0.675,16.9,842.3,0.00,0.00,0.00,0.00,1.75
2026-08-24T00:10:26Z,0.706,17.6,844.0,0.00,0.00,0.00,0.00,1.75
2026-08-24T00:10:27Z,0.666,16.7,840.8,0.00,0.05,0.00,0.00,1.75
2026-08-24T00:10:28Z,0.725,18.1,842.2,0.00,0.00,0.00,0.00,1.75
2026-08-24T00:10:29Z,0.678,17.0,843.2,0.00,0.00,0.00,0.00,1.85
2026-08-24T00:10:30Z,0.673,16.8,843.9,0.00,0.00,0.00,0.00,1.85
2026-08-24T00:10:31Z,0.702,17.5,845.1,0.00,0.12,0.00,0.00,1.85
2026-08-24T00:10:32Z,0.714,17.8,840.9,0.00,0.00,0.00,0.00,1.85
2026-08-24T00:10:33Z,0.665,16.6,841.9,0.00,0.00,0.00,0.00,1.85
2026-08-24T00:10:35Z,0.637,15.9,842.0,0.00,0.00,0.00,0.00,1.70
2026-08-24T00:10:36Z,0.666,16.7,841.6,0.00,0.00,0.00,0.00,1.70
2026-08-24T00:10:37Z,0.723,18.1,843.5,0.00,0.00,0.00,0.00,1.70
2026-08-24T00:10:38Z,0.716,17.9,843.6,0.00,0.00,0.00,0.00,1.70
2026-08-24T00:10:39Z,0.722,18.1,841.6,0.00,0.00,0.00,0.00,1.70
2026-08-24T00:10:40Z,0.645,16.1,842.3,0.00,0.00,0.00,0.00,1.65
2026-08-24T00:10:41Z,0.696,17.4,842.0,0.00,0.00,0.00,0.00,1.65
2026-08-24T00:10:42Z,0.664,16.6,841.7,0.00,0.12,0.00,0.00,1.65
2026-08-24T00:10:43Z,0.760,19.0,843.7,0.00,0.00,0.00,0.00,1.65
2026-08-24T00:10:44Z,0.751,18.8,843.9,0.00,0.01,0.00,0.00,1.65
2026-08-24T00:10:45Z,0.698,17.4,837.8,0.00,0.00,0.00,0.00,1.52
2026-08-24T00:10:46Z,0.703,17.6,838.1,0.00,0.00,0.00,0.00,1.52
2026-08-24T00:10:47Z,0.693,17.3,835.1,0.00,0.00,0.00,0.00,1.52
2026-08-24T00:10:48Z,0.713,17.8,836.5,0.00,0.00,0.00,0.00,1.52
2026-08-24T00:10:49Z,0.685,17.1,835.2,0.00,0.00,0.00,0.00,1.52
2026-08-24T00:10:50Z,0.675,16.9,834.7,0.00,0.17,0.00,0.00,1.39
2026-08-24T00:10:51Z,0.718,17.9,826.2,0.00,0.00,0.00,0.00,1.39
2026-08-24T00:10:52Z,0.724,18.1,827.9,0.00,0.08,0.00,0.00,1.39
2026-08-24T00:10:53Z,0.721,18.0,832.5,0.00,0.00,0.00,0.00,1.39
2026-08-24T00:10:54Z,0.751,18.8,828.7,0.00,0.00,0.00,0.00,2.32
2026-08-24T00:10:55Z,0.693,17.3,831.0,0.00,0.00,0.00,0.00,2.32
2026-08-24T00:10:56Z,0.713,17.8,831.2,0.00,0.00,0.00,0.00,2.32
2026-08-24T00:10:57Z,0.724,18.1,832.0,0.00,0.18,0.00,0.00,2.32
2026-08-24T00:10:58Z,0.685,17.1,833.5,0.00,0.00,0.00,0.00,2.32
2026-08-24T00:10:59Z,0.705,17.6,833.2,0.00,0.00,0.00,0.00,2.22
2026-08-24T00:11:00Z,0.645,16.1,833.1,0.00,0.00,0.00,0.00,2.22
2026-08-24T00:11:02Z,0.675,16.9,835.6,0.00,0.00,0.00,0.00,2.22
2026-08-24T00:11:03Z,0.694,17.3,834.0,0.00,0.00,0.00,0.00,2.22
2026-08-24T00:11:04Z,0.646,16.2,835.3,0.00,0.00,0.00,0.00,2.22
2026-08-24T00:11:05Z,0.666,16.7,835.0,0.00,0.00,0.00,0.00,2.04
2026-08-24T00:11:06Z,0.723,18.1,838.8,0.00,0.12,0.00,0.00,2.04
2026-08-24T00:11:07Z,0.665,16.6,838.3,0.00,0.00,0.00,0.01,2.04
2026-08-24T00:11:08Z,0.627,15.7,834.0,0.00,0.00,0.00,0.00,2.04
2026-08-24T00:11:09Z,0.684,17.1,838.1,0.00,0.00,0.00,0.00,2.04
2026-08-24T00:11:10Z,0.646,16.2,833.8,0.00,0.00,0.00,0.00,1.88
2026-08-24T00:11:11Z,0.734,18.4,835.6,0.00,0.00,0.00,0.00,1.88
2026-08-24T00:11:12Z,0.654,16.4,836.3,0.00,0.01,0.00,0.00,1.88
2026-08-24T00:11:13Z,0.715,17.9,835.1,0.00,0.01,0.00,0.00,1.88
2026-08-24T00:11:14Z,0.751,18.8,827.7,0.00,0.00,0.00,0.00,1.88
2026-08-24T00:11:15Z,0.712,17.8,823.8,0.00,0.01,0.00,0.00,1.72
2026-08-24T00:11:16Z,0.697,17.4,824.5,0.00,0.00,0.00,0.00,1.72
2026-08-24T00:11:17Z,0.695,17.4,825.2,0.00,0.23,0.00,0.00,1.72
2026-08-24T00:11:18Z,0.735,18.4,826.7,0.00,0.01,0.00,0.00,1.72
2026-08-24T00:11:19Z,0.716,17.9,828.6,0.00,0.00,0.00,0.00,1.59
2026-08-24T00:11:20Z,0.781,19.5,827.3,0.00,0.00,0.00,0.00,1.59
2026-08-24T00:11:21Z,0.782,19.6,825.5,0.00,0.05,0.00,0.00,1.59
2026-08-24T00:11:22Z,0.704,17.6,825.8,0.00,0.00,0.00,0.00,1.59
2026-08-24T00:11:23Z,0.768,19.2,825.0,0.00,0.00,0.00,0.00,1.59
2026-08-24T00:11:24Z,0.710,17.8,827.0,0.00,0.00,0.00,0.00,1.46
2026-08-24T00:11:25Z,0.771,19.3,828.7,0.00,0.00,0.00,0.00,1.46
2026-08-24T00:11:26Z,0.734,18.4,831.4,0.00,0.18,0.00,0.00,1.46
2026-08-24T00:11:27Z,0.711,17.8,831.6,0.00,0.00,0.00,0.00,1.46
2026-08-24T00:11:28Z,0.695,17.4,834.0,0.00,0.00,0.00,0.00,1.46
2026-08-24T00:11:30Z,0.770,19.2,837.0,0.00,0.00,0.00,0.00,1.34
2026-08-24T00:11:31Z,0.780,19.5,827.4,0.00,0.00,0.00,0.00,1.34
2026-08-24T00:11:32Z,0.733,18.3,828.6,0.00,0.00,0.00,0.00,1.34
2026-08-24T00:11:33Z,0.780,19.5,832.1,0.00,0.00,0.00,0.00,1.34
2026-08-24T00:11:34Z,0.800,20.0,832.9,0.00,0.00,0.00,0.00,1.34
2026-08-24T00:11:35Z,0.751,18.8,828.9,0.00,0.00,0.00,0.00,1.23
2026-08-24T00:11:36Z,0.751,18.8,828.6,0.00,0.12,0.00,0.00,1.23
2026-08-24T00:11:37Z,0.742,18.6,833.9,0.00,0.00,0.00,0.00,1.23
2026-08-24T00:11:38Z,0.732,18.3,833.3,0.00,0.00,0.00,0.00,1.23
2026-08-24T00:11:39Z,0.704,17.6,834.7,0.00,0.00,0.00,0.00,1.23
2026-08-24T00:11:40Z,0.769,19.2,835.0,0.00,0.00,0.00,0.00,1.30
2026-08-24T00:11:41Z,0.733,18.3,837.9,0.00,0.00,0.00,0.00,1.30
2026-08-24T00:11:42Z,0.810,20.2,829.5,0.00,0.00,0.00,0.00,1.30
2026-08-24T00:11:43Z,0.771,19.3,828.2,0.00,0.00,0.00,0.00,1.30
2026-08-24T00:11:44Z,0.782,19.6,830.8,0.00,0.00,0.00,0.00,1.30
2026-08-24T00:11:45Z,0.743,18.6,833.1,0.00,0.00,0.00,0.00,1.19
2026-08-24T00:11:46Z,0.705,17.6,830.5,0.00,0.00,0.00,0.00,1.19
2026-08-24T00:11:47Z,0.794,19.9,833.3,0.00,0.14,0.00,0.00,1.19
2026-08-24T00:11:48Z,0.830,20.8,833.8,0.00,0.00,0.00,0.00,1.19
2026-08-24T00:11:49Z,0.782,19.6,832.2,0.00,0.00,0.00,0.00,1.26
2026-08-24T00:11:50Z,0.763,19.1,835.0,0.00,0.00,0.00,0.00,1.26
2026-08-24T00:11:51Z,0.803,20.1,835.6,0.00,0.00,0.00,0.00,1.26
2026-08-24T00:11:52Z,0.723,18.1,834.9,0.00,0.03,0.00,0.00,1.26
2026-08-24T00:11:53Z,0.781,19.5,837.0,0.00,0.15,0.00,0.00,1.26
2026-08-24T00:11:54Z,0.849,21.2,838.1,0.00,0.00,0.00,0.00,1.96
2026-08-24T00:11:55Z,0.838,20.9,835.3,0.00,0.00,0.00,0.00,1.96
2026-08-24T00:11:56Z,0.837,20.9,836.4,0.00,0.01,0.00,0.00,1.96
2026-08-24T00:11:58Z,0.860,21.5,836.6,0.00,0.00,0.00,0.00,1.96
2026-08-24T00:11:59Z,0.836,20.9,835.9,0.00,0.00,0.00,0.00,1.96
2026-08-24T00:12:00Z,0.848,21.2,833.6,0.00,0.00,0.00,0.00,1.80
2026-08-24T00:12:01Z,0.820,20.5,835.4,0.00,0.00,0.00,0.00,1.80
2026-08-24T00:12:02Z,0.800,20.0,836.3,0.00,0.16,0.00,0.00,1.80
2026-08-24T00:12:03Z,0.851,21.3,838.1,0.00,0.00,0.00,0.00,1.80
2026-08-24T00:12:04Z,0.809,20.2,839.7,0.00,0.00,0.00,0.00,1.80
2026-08-24T00:12:05Z,0.772,19.3,836.9,0.00,0.03,0.00,0.00,1.82
2026-08-24T00:12:06Z,0.799,20.0,821.9,0.00,0.00,0.00,0.00,1.82
2026-08-24T00:12:07Z,0.849,21.2,823.1,0.00,0.00,0.00,0.00,1.82
2026-08-24T00:12:08Z,0.782,19.6,823.4,0.00,0.15,0.00,0.00,1.82
2026-08-24T00:12:09Z,0.754,18.9,823.0,0.00,0.00,0.00,0.00,1.82
2026-08-24T00:12:10Z,0.799,20.0,823.0,0.00,0.00,0.00,0.00,1.67
2026-08-24T00:12:11Z,0.810,20.2,825.7,0.00,0.00,0.00,0.00,1.67
2026-08-24T00:12:12Z,0.773,19.3,827.1,0.00,0.00,0.00,0.00,1.67
2026-08-24T00:12:13Z,0.763,19.1,822.8,0.00,0.00,0.00,0.00,1.67
2026-08-24T00:12:14Z,0.822,20.5,823.2,0.00,0.00,0.00,0.00,1.67
2026-08-24T00:12:15Z,0.811,20.3,820.6,0.00,0.11,0.00,0.00,1.70
2026-08-24T00:12:16Z,0.800,20.0,817.2,0.00,0.00,0.00,0.00,1.70
2026-08-24T00:12:17Z,0.770,19.2,819.7,0.00,0.01,0.00,0.00,1.70
2026-08-24T00:12:18Z,0.771,19.3,819.4,0.00,0.00,0.00,0.00,1.70
2026-08-24T00:12:19Z,0.790,19.8,821.1,0.00,0.00,0.00,0.00,1.64
2026-08-24T00:12:20Z,0.811,20.3,823.6,0.00,0.00,0.00,0.00,1.64
2026-08-24T00:12:21Z,0.706,17.6,822.2,0.00,0.00,0.00,0.00,1.64
2026-08-24T00:12:22Z,0.722,18.1,822.7,0.00,0.00,0.00,0.00,1.64
2026-08-24T00:12:23Z,0.802,20.1,824.9,0.00,0.01,0.00,0.00,1.64
2026-08-24T00:12:24Z,0.715,17.9,824.6,0.00,0.12,0.00,0.00,1.67
2026-08-24T00:12:26Z,0.742,18.6,825.1,0.00,0.00,0.00,0.00,1.67
2026-08-24T00:12:27Z,0.772,19.3,821.1,0.00,0.00,0.00,0.00,1.67
2026-08-24T00:12:28Z,0.705,17.6,824.7,0.00,0.00,0.00,0.00,1.67
2026-08-24T00:12:29Z,0.771,19.3,825.9,0.00,0.00,0.00,0.00,1.67
2026-08-24T00:12:30Z,0.686,17.2,826.3,0.00,0.00,0.00,0.00,1.54
2026-08-24T00:12:31Z,0.771,19.3,827.5,0.00,0.00,0.00,0.00,1.54
2026-08-24T00:12:32Z,0.731,18.3,828.9,0.00,0.00,0.00,0.00,1.54
2026-08-24T00:12:33Z,1.169,29.2,850.0,0.00,0.00,0.01,0.01,1.54
2026-08-24T00:12:34Z,0.713,17.8,844.7,0.00,0.00,0.00,0.00,1.54
2026-08-24T00:12:35Z,0.684,17.1,842.4,0.00,0.09,0.00,0.00,1.41
2026-08-24T00:12:36Z,0.792,19.8,839.3,0.00,0.00,0.00,0.00,1.41
2026-08-24T00:12:37Z,0.735,18.4,837.0,0.00,0.00,0.00,0.00,1.41
2026-08-24T00:12:38Z,0.705,17.6,837.2,0.00,0.07,0.00,0.00,1.41
2026-08-24T00:12:39Z,0.704,17.6,839.2,0.00,0.00,0.00,0.00,1.41
2026-08-24T00:12:40Z,0.647,16.2,836.7,0.00,0.01,0.00,0.00,1.30
2026-08-24T00:12:41Z,0.765,19.1,832.9,0.00,0.00,0.00,0.00,1.30
2026-08-24T00:12:42Z,0.742,18.6,834.3,0.00,0.00,0.00,0.00,1.30
2026-08-24T00:12:43Z,0.696,17.4,835.3,0.00,0.00,0.00,0.00,1.30
2026-08-24T00:12:44Z,0.724,18.1,834.0,0.00,0.00,0.00,0.00,1.44
2026-08-24T00:12:45Z,0.686,17.2,834.2,0.00,0.00,0.00,0.00,1.44
2026-08-24T00:12:46Z,0.695,17.4,835.4,0.00,0.00,0.00,0.00,1.44
2026-08-24T00:12:47Z,0.686,17.2,834.8,0.00,0.00,0.00,0.00,1.44
2026-08-24T00:12:48Z,0.687,17.2,835.8,0.00,0.00,0.00,0.00,1.44
2026-08-24T00:12:49Z,0.743,18.6,831.1,0.00,0.00,0.00,0.00,1.56
2026-08-24T00:12:50Z,0.647,16.2,830.6,0.00,0.00,0.00,0.00,1.56
2026-08-24T00:12:51Z,0.677,16.9,831.1,0.00,0.00,0.00,0.00,1.56
2026-08-24T00:12:52Z,0.698,17.4,829.1,0.00,0.00,0.00,0.00,1.56
2026-08-24T00:12:53Z,0.712,17.8,830.5,0.00,0.00,0.00,0.00,1.56
2026-08-24T00:12:55Z,0.690,17.2,831.3,0.00,0.00,0.00,0.00,3.28
2026-08-24T00:12:56Z,0.755,18.9,833.5,0.00,0.00,0.00,0.00,3.28
2026-08-24T00:12:57Z,0.696,17.4,832.2,0.00,0.00,0.00,0.00,3.28
2026-08-24T00:12:58Z,0.724,18.1,828.7,0.00,0.00,0.00,0.00,3.28
2026-08-24T00:12:59Z,0.705,17.6,829.5,0.00,0.00,0.00,0.00,3.28
2026-08-24T00:13:00Z,0.772,19.3,827.1,0.00,0.00,0.00,0.00,3.02
2026-08-24T00:13:01Z,0.689,17.2,828.8,0.00,0.00,0.00,0.00,3.02
2026-08-24T00:13:02Z,0.765,19.1,823.7,0.00,0.00,0.00,0.00,3.02
2026-08-24T00:13:03Z,0.703,17.6,826.2,0.00,0.00,0.00,0.00,3.02
2026-08-24T00:13:04Z,0.739,18.5,825.7,0.00,0.45,0.00,0.00,3.02
2026-08-24T00:13:05Z,0.705,17.6,825.4,0.00,0.01,0.00,0.00,2.77
2026-08-24T00:13:06Z,0.713,17.8,827.1,0.00,0.04,0.00,0.00,2.77
2026-08-24T00:13:07Z,0.727,18.2,829.0,0.00,0.00,0.00,0.00,2.77
2026-08-24T00:13:08Z,0.674,16.9,828.0,0.00,0.00,0.00,0.00,2.77
2026-08-24T00:13:09Z,0.713,17.8,826.1,0.00,0.00,0.00,0.00,2.77
2026-08-24T00:13:10Z,0.637,15.9,824.8,0.00,0.00,0.00,0.00,2.79
2026-08-24T00:13:11Z,0.687,17.2,827.0,0.00,0.03,0.00,0.00,2.79
2026-08-24T00:13:12Z,0.676,16.9,824.2,0.00,0.00,0.00,0.00,2.79
2026-08-24T00:13:13Z,0.752,18.8,826.7,0.00,0.00,0.00,0.00,2.79
2026-08-24T00:13:14Z,0.753,18.8,828.1,0.00,0.15,0.00,0.00,2.57
2026-08-24T00:13:15Z,0.645,16.1,828.9,0.00,0.00,0.00,0.00,2.57
2026-08-24T00:13:16Z,0.691,17.3,828.9,0.00,0.00,0.00,0.00,2.57
2026-08-24T00:13:17Z,0.648,16.2,827.9,0.00,0.00,0.00,0.00,2.57
2026-08-24T00:13:18Z,0.713,17.8,830.3,0.00,0.00,0.00,0.00,2.57
2026-08-24T00:13:19Z,0.657,16.4,830.0,0.00,0.01,0.00,0.00,2.36
2026-08-24T00:13:20Z,0.722,18.1,827.2,0.00,0.00,0.00,0.00,2.36
2026-08-24T00:13:21Z,0.711,17.8,829.5,0.00,0.00,0.00,0.00,2.36
2026-08-24T00:13:22Z,0.735,18.4,828.2,0.00,0.00,0.00,0.00,2.36
2026-08-24T00:13:24Z,0.713,17.8,829.4,0.00,0.00,0.00,0.00,2.36
2026-08-24T00:13:25Z,0.675,16.9,830.4,0.00,0.00,0.00,0.00,2.17
2026-08-24T00:13:26Z,0.705,17.6,830.6,0.00,0.00,0.00,0.00,2.17
2026-08-24T00:13:27Z,0.666,16.7,831.1,0.00,0.01,0.00,0.00,2.17
2026-08-24T00:13:28Z,0.636,15.9,832.5,0.00,0.19,0.00,0.00,2.17
2026-08-24T00:13:29Z,0.655,16.4,831.1,0.00,0.00,0.00,0.00,2.17
2026-08-24T00:13:30Z,0.638,16.0,831.3,0.00,0.00,0.00,0.00,2.16
2026-08-24T00:13:31Z,0.684,17.1,831.3,0.00,0.00,0.00,0.00,2.16
2026-08-24T00:13:32Z,0.647,16.2,825.9,0.00,0.00,0.00,0.00,2.16
2026-08-24T00:13:33Z,0.782,19.6,827.2,0.00,0.00,0.00,0.00,2.16
2026-08-24T00:13:34Z,0.781,19.5,829.1,0.00,0.00,0.00,0.00,2.16
2026-08-24T00:13:35Z,0.676,16.9,830.2,0.00,0.00,0.00,0.00,1.99
2026-08-24T00:13:36Z,0.675,16.9,830.2,0.00,0.05,0.00,0.00,1.99
2026-08-24T00:13:37Z,0.704,17.6,830.5,0.00,0.13,0.00,0.00,1.99
2026-08-24T00:13:38Z,0.742,18.6,827.8,0.00,0.00,0.00,0.00,1.99
2026-08-24T00:13:39Z,0.713,17.8,829.8,0.00,0.00,0.00,0.00,1.99
2026-08-24T00:13:40Z,0.713,17.8,827.1,0.00,0.00,0.00,0.00,1.91
2026-08-24T00:13:41Z,0.743,18.6,828.0,0.00,0.02,0.00,0.00,1.91
2026-08-24T00:13:42Z,0.721,18.0,830.3,0.00,0.00,0.00,0.00,1.91
2026-08-24T00:13:43Z,0.724,18.1,830.5,0.00,0.00,0.00,0.00,1.91
2026-08-24T00:13:44Z,0.685,17.1,829.4,0.00,0.00,0.00,0.00,1.75
2026-08-24T00:13:45Z,0.677,16.9,830.1,0.00,0.00,0.00,0.00,1.75
2026-08-24T00:13:46Z,0.665,16.6,822.6,0.00,0.00,0.00,0.00,1.75
2026-08-24T00:13:47Z,0.752,18.8,824.6,0.00,0.00,0.00,0.00,1.75
2026-08-24T00:13:48Z,0.713,17.8,825.0,0.00,0.00,0.00,0.00,1.75
2026-08-24T00:13:49Z,0.666,16.7,820.6,0.00,0.17,0.00,0.00,2.81
2026-08-24T00:13:50Z,0.707,17.7,823.8,0.00,0.00,0.00,0.00,2.81
2026-08-24T00:13:52Z,0.627,15.7,825.5,0.00,0.00,0.00,0.00,2.81
2026-08-24T00:13:53Z,0.656,16.4,822.9,0.00,0.00,0.00,0.00,2.81
2026-08-24T00:13:54Z,0.665,16.6,822.5,0.00,0.00,0.00,0.00,2.81
2026-08-24T00:13:55Z,0.665,16.6,825.9,0.00,0.00,0.00,0.00,2.59
2026-08-24T00:13:56Z,0.778,19.4,826.7,0.00,0.00,0.00,0.00,2.59
2026-08-24T00:13:57Z,0.744,18.6,828.0,0.00,0.00,0.00,0.00,2.59
2026-08-24T00:13:58Z,0.675,16.9,828.7,0.00,0.00,0.00,0.00,2.59
2026-08-24T00:13:59Z,0.703,17.6,821.9,0.00,0.14,0.00,0.00,2.59
2026-08-24T00:14:00Z,0.694,17.3,822.5,0.00,0.00,0.00,0.00,2.38
2026-08-24T00:14:01Z,0.646,16.2,824.2,0.00,0.00,0.00,0.00,2.38
2026-08-24T00:14:02Z,0.678,17.0,824.7,0.00,0.00,0.00,0.00,2.38
2026-08-24T00:14:03Z,0.686,17.2,821.3,0.00,0.00,0.00,0.00,2.38
2026-08-24T00:14:04Z,0.694,17.3,822.0,0.00,0.00,0.00,0.00,2.38
2026-08-24T00:14:05Z,0.648,16.2,823.3,0.00,0.00,0.00,0.00,2.19
2026-08-24T00:14:06Z,0.676,16.9,824.1,0.00,0.05,0.00,0.00,2.19
2026-08-24T00:14:07Z,0.637,15.9,823.6,0.00,0.00,0.00,0.00,2.19
2026-08-24T00:14:08Z,0.648,16.2,825.3,0.00,0.01,0.00,0.00,2.19
2026-08-24T00:14:09Z,0.657,16.4,826.5,0.00,0.00,0.00,0.00,2.19
2026-08-24T00:14:10Z,0.707,17.7,829.0,0.00,0.02,0.00,0.00,2.34
2026-08-24T00:14:11Z,0.645,16.1,824.3,0.00,0.00,0.00,0.00,2.34
2026-08-24T00:14:12Z,0.658,16.4,825.8,0.00,0.00,0.00,0.00,2.34
2026-08-24T00:14:13Z,0.744,18.6,827.5,0.00,0.00,0.00,0.00,2.34
2026-08-24T00:14:14Z,0.676,16.9,827.7,0.00,0.00,0.00,0.00,2.15
2026-08-24T00:14:15Z,0.742,18.6,825.3,0.00,0.20,0.00,0.00,2.15
2026-08-24T00:14:16Z,0.705,17.6,823.1,0.00,0.00,0.00,0.00,2.15
2026-08-24T00:14:17Z,0.712,17.8,824.2,0.00,0.00,0.00,0.00,2.15
2026-08-24T00:14:18Z,0.706,17.6,825.5,0.00,0.00,0.00,0.00,2.15
2026-08-24T00:14:19Z,0.687,17.2,824.9,0.00,0.00,0.00,0.00,2.14
2026-08-24T00:14:21Z,0.648,16.2,824.7,0.00,0.00,0.00,0.00,2.14
2026-08-24T00:14:22Z,0.628,15.7,826.3,0.00,0.01,0.00,0.00,2.14
2026-08-24T00:14:23Z,0.600,15.0,825.8,0.00,0.00,0.00,0.00,2.14
2026-08-24T00:14:24Z,0.687,17.2,828.8,0.00,0.00,0.00,0.00,2.14
2026-08-24T00:14:25Z,0.667,16.7,827.0,0.00,0.00,0.00,0.00,2.29
2026-08-24T00:14:26Z,0.724,18.1,826.3,0.00,0.19,0.00,0.00,2.29
2026-08-24T00:14:27Z,0.743,18.6,819.3,0.00,0.00,0.00,0.00,2.29
2026-08-24T00:14:28Z,0.703,17.6,820.0,0.00,0.00,0.00,0.00,2.29
2026-08-24T00:14:29Z,0.716,17.9,821.1,0.00,0.00,0.00,0.00,2.29
2026-08-24T00:14:30Z,0.657,16.4,820.0,0.00,0.01,0.00,0.00,2.10
2026-08-24T00:14:31Z,0.696,17.4,819.9,0.00,0.00,0.00,0.00,2.10
2026-08-24T00:14:32Z,0.696,17.4,821.8,0.00,0.15,0.00,0.00,2.10
2026-08-24T00:14:33Z,0.714,17.8,821.9,0.00,0.00,0.00,0.00,2.10
2026-08-24T00:14:34Z,0.666,16.7,820.4,0.00,0.00,0.00,0.00,2.10
2026-08-24T00:14:35Z,0.617,15.4,820.9,0.00,0.00,0.00,0.00,2.09
2026-08-24T00:14:36Z,0.657,16.4,822.7,0.00,0.05,0.00,0.00,2.09
2026-08-24T00:14:37Z,0.619,15.5,822.1,0.00,0.00,0.00,0.00,2.09
2026-08-24T00:14:38Z,0.667,16.7,822.5,0.00,0.01,0.00,0.00,2.09
2026-08-24T00:14:39Z,0.668,16.7,823.4,0.00,0.00,0.00,0.00,2.33
2026-08-24T00:14:40Z,0.667,16.7,822.9,0.00,0.00,0.00,0.00,2.33
2026-08-24T00:14:41Z,0.675,16.9,824.3,0.00,0.03,0.00,0.00,2.33
2026-08-24T00:14:42Z,0.659,16.5,825.5,0.00,0.00,0.00,0.00,2.33
2026-08-24T00:14:43Z,0.715,17.9,823.1,0.00,0.00,0.00,0.00,2.33
2026-08-24T00:14:44Z,0.694,17.3,823.7,0.00,0.15,0.00,0.00,2.14
2026-08-24T00:14:45Z,0.647,16.2,825.2,0.00,0.00,0.00,0.00,2.14
2026-08-24T00:14:46Z,0.675,16.9,826.2,0.00,0.00,0.00,0.00,2.14
2026-08-24T00:14:47Z,0.620,15.5,826.7,0.00,0.00,0.00,0.00,2.14
2026-08-24T00:14:48Z,0.648,16.2,827.2,0.00,0.01,0.00,0.00,2.14
2026-08-24T00:14:49Z,0.648,16.2,827.9,0.00,0.00,0.00,0.00,1.97
2026-08-24T00:14:51Z,0.745,18.6,826.1,0.00,0.49,0.00,0.00,1.97
2026-08-24T00:14:52Z,0.647,16.2,827.3,0.00,0.00,0.00,0.00,1.97
2026-08-24T00:14:53Z,0.735,18.4,829.5,0.00,0.00,0.00,0.00,1.97
2026-08-24T00:14:54Z,0.657,16.4,829.8,0.00,0.00,0.00,0.00,1.97
2026-08-24T00:14:55Z,0.716,17.9,828.8,0.00,0.00,0.00,0.00,2.37
2026-08-24T00:14:56Z,0.722,18.1,827.3,0.00,0.03,0.00,0.00,2.37
2026-08-24T00:14:57Z,0.687,17.2,828.5,0.00,0.00,0.00,0.00,2.37
2026-08-24T00:14:58Z,0.731,18.3,831.4,0.00,0.00,0.00,0.00,2.37
2026-08-24T00:14:59Z,0.714,17.8,831.8,0.00,0.00,0.00,0.00,2.37
2026-08-24T00:15:00Z,0.668,16.7,832.8,0.00,0.00,0.00,0.00,2.18
2026-08-24T00:15:01Z,0.667,16.7,831.8,0.00,0.00,0.00,0.00,2.18
2026-08-24T00:15:02Z,0.656,16.4,832.4,0.00,0.00,0.00,0.00,2.18
2026-08-24T00:15:03Z,0.706,17.6,832.5,0.00,0.00,0.00,0.00,2.18
2026-08-24T00:15:04Z,0.695,17.4,831.6,0.00,0.00,0.00,0.00,2.18
2026-08-24T00:15:05Z,0.704,17.6,831.9,0.00,0.00,0.00,0.00,2.01
2026-08-24T00:15:06Z,0.688,17.2,831.7,0.00,0.00,0.00,0.00,2.01
2026-08-24T00:15:07Z,0.707,17.7,832.9,0.00,0.01,0.00,0.00,2.01
2026-08-24T00:15:08Z,0.703,17.6,832.9,0.00,0.00,0.00,0.00,2.01
2026-08-24T00:15:09Z,0.707,17.7,830.9,0.00,0.00,0.00,0.00,2.57
2026-08-24T00:15:10Z,0.656,16.4,831.8,0.00,0.00,0.00,0.00,2.57
2026-08-24T00:15:11Z,0.697,17.4,834.2,0.00,0.00,0.00,0.00,2.57
2026-08-24T00:15:12Z,0.734,18.4,823.3,0.00,0.00,0.00,0.00,2.57
2026-08-24T00:15:13Z,0.725,18.1,825.2,0.00,0.00,0.00,0.00,2.57
2026-08-24T00:15:14Z,0.716,17.9,826.9,0.00,0.00,0.00,0.00,2.60
2026-08-24T00:15:15Z,0.695,17.4,828.9,0.00,0.00,0.00,0.00,2.60
2026-08-24T00:15:16Z,0.743,18.6,828.4,0.00,0.00,0.00,0.00,2.60
2026-08-24T00:15:17Z,0.687,17.2,827.5,0.00,0.01,0.00,0.00,2.60
2026-08-24T00:15:18Z,0.619,15.5,827.9,0.00,0.00,0.00,0.00,2.60
2026-08-24T00:15:20Z,0.686,17.2,825.7,0.00,0.00,0.00,0.00,2.39
2026-08-24T00:15:21Z,0.628,15.7,826.9,0.00,0.00,0.00,0.00,2.39
2026-08-24T00:15:22Z,0.637,15.9,828.1,0.00,0.05,0.00,0.00,2.39
2026-08-24T00:15:23Z,0.648,16.2,829.7,0.00,0.00,0.00,0.00,2.39
2026-08-24T00:15:24Z,0.667,16.7,830.2,0.00,0.00,0.00,0.00,2.39
2026-08-24T00:15:25Z,0.727,18.2,830.7,0.00,0.11,0.00,0.00,2.60
2026-08-24T00:15:26Z,0.688,17.2,818.7,0.00,0.31,0.00,0.00,2.60
2026-08-24T00:15:27Z,0.737,18.4,819.2,0.00,0.03,0.00,0.00,2.60
2026-08-24T00:15:28Z,0.725,18.1,822.3,0.00,0.00,0.00,0.00,2.60
2026-08-24T00:15:29Z,0.667,16.7,823.8,0.00,0.00,0.00,0.00,2.60
2026-08-24T00:15:30Z,0.746,18.6,819.9,0.00,0.00,0.00,0.00,2.55
2026-08-24T00:15:31Z,0.628,15.7,820.7,0.00,0.00,0.00,0.00,2.55
2026-08-24T00:15:32Z,0.716,17.9,820.5,0.00,0.13,0.00,0.00,2.55
2026-08-24T00:15:33Z,0.686,17.2,821.5,0.00,0.00,0.00,0.00,2.55
2026-08-24T00:15:34Z,0.618,15.4,822.4,0.00,0.00,0.00,0.00,2.55
2026-08-24T00:15:35Z,0.716,17.9,822.2,0.00,0.00,0.00,0.00,2.43
2026-08-24T00:15:36Z,0.658,16.4,824.1,0.00,0.00,0.00,0.00,2.43
2026-08-24T00:15:37Z,0.678,17.0,822.8,0.00,0.00,0.00,0.00,2.43
2026-08-24T00:15:38Z,0.649,16.2,825.0,0.00,0.00,0.00,0.00,2.43
2026-08-24T00:15:39Z,0.678,17.0,824.1,0.00,0.00,0.00,0.00,2.43
2026-08-24T00:15:40Z,0.679,17.0,825.6,0.00,0.12,0.00,0.00,3.28
2026-08-24T00:15:41Z,0.697,17.4,830.1,0.00,0.00,0.00,0.00,3.28
2026-08-24T00:15:42Z,0.619,15.5,824.4,0.00,0.00,0.00,0.00,3.28
2026-08-24T00:15:43Z,0.737,18.4,826.6,0.00,0.00,0.00,0.00,3.28
2026-08-24T00:15:44Z,0.678,17.0,824.7,0.00,0.00,0.00,0.00,3.09
2026-08-24T00:15:45Z,0.659,16.5,825.1,0.00,0.00,0.00,0.00,3.09
2026-08-24T00:15:46Z,0.688,17.2,826.4,0.00,0.00,0.00,0.00,3.09
2026-08-24T00:15:47Z,0.660,16.5,823.2,0.00,0.00,0.00,0.00,3.09
2026-08-24T00:15:48Z,0.707,17.7,818.5,0.00,0.00,0.00,0.00,3.09
2026-08-24T00:15:49Z,0.667,16.7,820.0,0.00,0.00,0.00,0.00,2.85
2026-08-24T00:15:51Z,0.689,17.2,821.1,0.00,0.01,0.00,0.00,2.85
2026-08-24T00:15:52Z,0.660,16.5,821.7,0.00,0.22,0.00,0.00,2.85
2026-08-24T00:15:53Z,0.707,17.7,821.6,0.00,0.00,0.00,0.00,2.85
2026-08-24T00:15:54Z,0.746,18.6,819.9,0.00,0.00,0.00,0.00,2.85
2026-08-24T00:15:55Z,0.707,17.7,818.5,0.00,0.01,0.00,0.00,3.26
2026-08-24T00:15:56Z,0.765,19.1,818.9,0.00,0.00,0.00,0.00,3.26
2026-08-24T00:15:57Z,0.677,16.9,818.4,0.00,0.01,0.00,0.00,3.26
2026-08-24T00:15:58Z,0.728,18.2,820.3,0.00,0.00,0.00,0.00,3.26
2026-08-24T00:15:59Z,0.755,18.9,822.1,0.00,0.00,0.00,0.00,3.26
2026-08-24T00:16:00Z,0.736,18.4,823.3,0.00,0.00,0.00,0.00,3.00
2026-08-24T00:16:01Z,0.659,16.5,821.6,0.00,0.00,0.00,0.00,3.00
2026-08-24T00:16:02Z,0.698,17.4,821.8,0.00,0.00,0.00,0.00,3.00
2026-08-24T00:16:03Z,0.717,17.9,822.9,0.00,0.00,0.00,0.00,3.00
2026-08-24T00:16:04Z,0.737,18.4,818.2,0.00,0.00,0.00,0.00,3.00
2026-08-24T00:16:05Z,0.688,17.2,818.5,0.00,0.20,0.00,0.00,2.76
2026-08-24T00:16:06Z,0.707,17.7,819.2,0.00,0.00,0.00,0.00,2.76
2026-08-24T00:16:07Z,0.708,17.7,819.5,0.00,0.00,0.00,0.00,2.76
2026-08-24T00:16:08Z,0.638,16.0,818.6,0.00,0.00,0.00,0.00,2.76
2026-08-24T00:16:09Z,0.756,18.9,820.8,0.00,0.01,0.00,0.00,2.76
2026-08-24T00:16:10Z,0.668,16.7,823.1,0.00,0.00,0.00,0.00,2.54
2026-08-24T00:16:11Z,0.784,19.6,823.2,0.00,0.00,0.00,0.00,2.54
2026-08-24T00:16:12Z,0.706,17.6,824.8,0.00,0.00,0.00,0.00,2.54
2026-08-24T00:16:13Z,0.687,17.2,825.7,0.00,0.00,0.00,0.00,2.54
2026-08-24T00:16:14Z,0.639,16.0,826.9,0.00,0.00,0.00,0.00,2.33
2026-08-24T00:16:15Z,0.668,16.7,829.8,0.00,0.00,0.00,0.00,2.33
2026-08-24T00:16:16Z,0.766,19.1,830.0,0.00,0.12,0.00,0.00,2.33
2026-08-24T00:16:17Z,0.734,18.4,829.3,0.00,0.00,0.00,0.00,2.33
2026-08-24T00:16:18Z,0.714,17.8,825.7,0.00,0.00,0.00,0.00,2.33
2026-08-24T00:16:19Z,0.736,18.4,824.7,0.00,0.00,0.00,0.00,2.15
2026-08-24T00:16:20Z,0.707,17.7,826.8,0.00,0.00,0.00,0.00,2.15
2026-08-24T00:16:21Z,0.708,17.7,828.5,0.00,0.00,0.00,0.00,2.15
2026-08-24T00:16:23Z,0.747,18.7,827.1,0.00,0.17,0.00,0.00,2.15
2026-08-24T00:16:24Z,0.695,17.4,825.7,0.00,0.00,0.00,0.00,2.15
2026-08-24T00:16:25Z,0.706,17.6,824.2,0.00,0.00,0.00,0.00,2.78
2026-08-24T00:16:26Z,0.764,19.1,823.2,0.00,0.00,0.00,0.00,2.78
2026-08-24T00:16:27Z,0.669,16.7,822.0,0.00,0.00,0.00,0.00,2.78
2026-08-24T00:16:28Z,0.678,17.0,823.7,0.00,0.02,0.00,0.00,2.78
2026-08-24T00:16:29Z,0.746,18.6,819.7,0.00,0.00,0.00,0.00,2.78
2026-08-24T00:16:30Z,0.678,17.0,818.8,0.00,0.17,0.00,0.00,3.27
2026-08-24T00:16:31Z,0.687,17.2,820.6,0.00,0.00,0.00,0.00,3.27
2026-08-24T00:16:32Z,0.686,17.2,819.2,0.00,0.00,0.00,0.00,3.27
2026-08-24T00:16:33Z,0.736,18.4,820.5,0.00,0.00,0.00,0.00,3.27
2026-08-24T00:16:34Z,0.688,17.2,819.1,0.00,0.00,0.00,0.00,3.27
2026-08-24T00:16:35Z,0.748,18.7,819.8,0.00,0.00,0.00,0.00,3.01
2026-08-24T00:16:36Z,0.648,16.2,818.5,0.00,0.15,0.00,0.00,3.01
2026-08-24T00:16:37Z,0.641,16.0,820.6,0.00,0.00,0.00,0.00,3.01
2026-08-24T00:16:38Z,0.678,17.0,823.5,0.00,0.00,0.00,0.00,3.01
2026-08-24T00:16:39Z,0.718,17.9,823.6,0.00,0.00,0.00,0.00,3.01
2026-08-24T00:16:40Z,0.717,17.9,823.0,0.00,0.00,0.00,0.00,3.25
2026-08-24T00:16:41Z,0.698,17.4,824.6,0.00,0.00,0.00,0.00,3.25
2026-08-24T00:16:42Z,0.639,16.0,821.6,0.00,0.00,0.00,0.00,3.25
2026-08-24T00:16:43Z,0.725,18.1,818.9,0.00,0.00,0.00,0.00,3.25
2026-08-24T00:16:44Z,0.668,16.7,818.2,0.00,0.00,0.00,0.00,3.31
2026-08-24T00:16:45Z,0.640,16.0,820.6,0.00,0.00,0.00,0.00,3.31
2026-08-24T00:16:46Z,0.688,17.2,821.1,0.00,0.00,0.00,0.00,3.31
2026-08-24T00:16:47Z,0.718,17.9,820.9,0.00,0.00,0.00,0.00,3.31
2026-08-24T00:16:48Z,0.668,16.7,820.9,0.00,0.11,0.00,0.00,3.31
2026-08-24T00:16:49Z,0.668,16.7,820.1,0.00,0.00,0.00,0.00,3.29
2026-08-24T00:16:50Z,0.687,17.2,820.1,0.00,0.00,0.00,0.00,3.29
2026-08-24T00:16:51Z,0.706,17.6,821.0,0.00,0.00,0.00,0.00,3.29
2026-08-24T00:16:52Z,0.659,16.5,823.5,0.00,0.05,0.00,0.00,3.29
2026-08-24T00:16:53Z,0.706,17.6,819.9,0.00,0.01,0.00,0.00,3.29
2026-08-24T00:16:55Z,0.698,17.4,823.9,0.00,0.00,0.00,0.00,3.10
2026-08-24T00:16:56Z,0.679,17.0,820.8,0.00,0.00,0.00,0.00,3.10
2026-08-24T00:16:57Z,0.736,18.4,821.4,0.00,0.00,0.00,0.00,3.10
2026-08-24T00:16:58Z,0.687,17.2,822.3,0.00,0.02,0.00,0.00,3.10
2026-08-24T00:16:59Z,0.699,17.5,822.7,0.00,0.00,0.00,0.00,3.10
2026-08-24T00:17:00Z,0.706,17.6,821.8,0.00,0.00,0.00,0.00,2.85
2026-08-24T00:17:01Z,0.678,17.0,820.5,0.00,0.16,0.00,0.00,2.85
2026-08-24T00:17:02Z,0.696,17.4,822.3,0.00,0.00,0.00,0.00,2.85
2026-08-24T00:17:03Z,0.678,17.0,821.4,0.00,0.00,0.00,0.00,2.85
2026-08-24T00:17:04Z,0.571,14.3,824.4,0.00,0.00,0.00,0.00,2.85
2026-08-24T00:17:05Z,0.726,18.1,821.8,0.00,0.25,0.00,0.00,2.63
2026-08-24T00:17:06Z,0.706,17.6,823.4,0.00,0.00,0.00,0.00,2.63
2026-08-24T00:17:07Z,0.687,17.2,825.2,0.00,0.01,0.00,0.00,2.63
2026-08-24T00:17:08Z,0.667,16.7,827.2,0.00,0.00,0.00,0.00,2.63
2026-08-24T00:17:09Z,0.706,17.6,822.0,0.00,0.03,0.00,0.00,2.63
2026-08-24T00:17:10Z,0.678,17.0,820.7,0.00,0.03,0.00,0.00,2.66
2026-08-24T00:17:11Z,0.697,17.4,819.2,0.00,0.00,0.00,0.00,2.66
2026-08-24T00:17:12Z,0.688,17.2,820.0,0.00,0.16,0.00,0.00,2.66
2026-08-24T00:17:13Z,0.754,18.9,821.3,0.00,0.00,0.00,0.00,2.66
2026-08-24T00:17:14Z,0.746,18.6,821.3,0.00,0.00,0.00,0.00,2.66
2026-08-24T00:17:15Z,0.689,17.2,822.1,0.00,0.00,0.00,0.00,2.44
2026-08-24T00:17:16Z,0.678,17.0,820.6,0.00,0.00,0.00,0.00,2.44
2026-08-24T00:17:17Z,0.706,17.6,821.5,0.00,0.00,0.00,0.00,2.44
2026-08-24T00:17:18Z,0.726,18.1,822.4,0.00,0.00,0.00,0.00,2.44
2026-08-24T00:17:19Z,0.687,17.2,820.8,0.00,0.00,0.00,0.00,2.25
2026-08-24T00:17:20Z,0.707,17.7,824.3,0.00,0.00,0.00,0.00,2.25
2026-08-24T00:17:21Z,0.707,17.7,822.7,0.00,0.00,0.00,0.00,2.25
2026-08-24T00:17:22Z,0.706,17.6,822.3,0.00,0.00,0.00,0.00,2.25
2026-08-24T00:17:23Z,0.659,16.5,822.1,0.00,0.16,0.00,0.00,2.25
2026-08-24T00:17:24Z,0.678,17.0,822.3,0.00,0.00,0.00,0.00,2.31
2026-08-24T00:17:26Z,0.708,17.7,825.4,0.00,0.00,0.00,0.00,2.31
2026-08-24T00:17:27Z,0.689,17.2,819.3,0.00,0.00,0.00,0.00,2.31
2026-08-24T00:17:28Z,0.736,18.4,821.4,0.00,0.00,0.00,0.00,2.31
2026-08-24T00:17:29Z,0.687,17.2,820.7,0.00,0.00,0.00,0.00,2.31
2026-08-24T00:17:30Z,0.687,17.2,819.7,0.00,0.17,0.00,0.00,2.12
2026-08-24T00:17:31Z,0.716,17.9,821.1,0.00,0.00,0.00,0.00,2.12
2026-08-24T00:17:32Z,0.717,17.9,820.2,0.00,0.00,0.00,0.00,2.12
2026-08-24T00:17:33Z,0.639,16.0,821.2,0.00,0.00,0.00,0.00,2.12
2026-08-24T00:17:34Z,0.697,17.4,822.3,0.00,0.00,0.00,0.00,2.12
2026-08-24T00:17:35Z,0.659,16.5,820.0,0.00,0.00,0.00,0.00,1.95
2026-08-24T00:17:36Z,0.708,17.7,821.7,0.00,0.00,0.00,0.00,1.95
2026-08-24T00:17:37Z,0.747,18.7,823.8,0.00,0.00,0.00,0.00,1.95
2026-08-24T00:17:38Z,0.697,17.4,825.2,0.00,0.00,0.00,0.00,1.95
2026-08-24T00:17:39Z,0.737,18.4,823.3,0.00,0.04,0.00,0.00,1.95
2026-08-24T00:17:40Z,0.727,18.2,820.7,0.00,0.00,0.00,0.00,1.88
2026-08-24T00:17:41Z,0.697,17.4,821.0,0.00,0.18,0.00,0.00,1.88
2026-08-24T00:17:42Z,0.716,17.9,822.9,0.00,0.01,0.00,0.00,1.88
2026-08-24T00:17:43Z,0.708,17.7,819.9,0.00,0.00,0.00,0.00,1.88
2026-08-24T00:17:44Z,0.699,17.5,822.5,0.00,0.01,0.00,0.00,1.88
2026-08-24T00:17:45Z,0.639,16.0,819.7,0.00,0.00,0.00,0.00,1.89
2026-08-24T00:17:46Z,0.668,16.7,822.0,0.00,0.00,0.00,0.00,1.89
2026-08-24T00:17:47Z,0.658,16.4,817.4,0.00,0.00,0.00,0.00,1.89
2026-08-24T00:17:48Z,0.716,17.9,817.2,0.00,0.00,0.00,0.00,1.89
2026-08-24T00:17:49Z,0.676,16.9,819.9,0.00,0.00,0.00,0.00,1.81
2026-08-24T00:17:50Z,0.726,18.1,820.8,0.00,0.01,0.00,0.00,1.81
2026-08-24T00:17:51Z,0.668,16.7,822.7,0.00,0.00,0.00,0.00,1.81
2026-08-24T00:17:52Z,0.688,17.2,818.6,0.00,0.00,0.00,0.00,1.81
2026-08-24T00:17:53Z,0.716,17.9,818.7,0.00,0.00,0.00,0.00,1.81
2026-08-24T00:17:54Z,0.727,18.2,821.9,0.00,0.00,0.00,0.00,1.67
2026-08-24T00:17:55Z,0.689,17.2,822.5,0.00,0.00,0.00,0.00,1.67
2026-08-24T00:17:56Z,0.708,17.7,820.7,0.00,0.01,0.00,0.00,1.67
2026-08-24T00:17:58Z,0.754,18.9,820.5,0.00,0.00,0.00,0.00,1.67
2026-08-24T00:17:59Z,0.697,17.4,824.5,0.00,0.00,0.00,0.00,1.67
2026-08-24T00:18:00Z,0.694,17.3,820.3,0.00,0.01,0.00,0.00,1.70
2026-08-24T00:18:01Z,0.638,16.0,823.2,0.00,0.19,0.00,0.00,1.70
2026-08-24T00:18:02Z,0.699,17.5,825.5,0.00,0.00,0.00,0.00,1.70
2026-08-24T00:18:03Z,0.727,18.2,819.0,0.00,0.00,0.00,0.00,1.70
2026-08-24T00:18:04Z,0.688,17.2,818.7,0.00,0.00,0.00,0.00,1.70
2026-08-24T00:18:05Z,0.726,18.1,821.9,0.00,0.00,0.00,0.00,1.56
2026-08-24T00:18:06Z,0.726,18.1,823.9,0.00,0.00,0.00,0.00,1.56
2026-08-24T00:18:07Z,0.744,18.6,822.2,0.00,0.00,0.00,0.00,1.56
2026-08-24T00:18:08Z,0.717,17.9,820.8,0.00,0.11,0.00,0.00,1.56
2026-08-24T00:18:09Z,0.688,17.2,823.0,0.00,0.05,0.00,0.00,1.56
2026-08-24T00:18:10Z,0.668,16.7,819.0,0.00,0.00,0.00,0.00,1.51
2026-08-24T00:18:11Z,0.678,17.0,819.2,0.00,0.00,0.00,0.00,1.51
2026-08-24T00:18:12Z,0.678,17.0,819.1,0.00,0.00,0.00,0.00,1.51
2026-08-24T00:18:13Z,0.725,18.1,820.9,0.00,0.00,0.00,0.00,1.51
2026-08-24T00:18:14Z,0.660,16.5,820.3,0.00,0.03,0.00,0.00,1.51
2026-08-24T00:18:15Z,0.680,17.0,821.6,0.00,0.00,0.00,0.00,1.95
2026-08-24T00:18:16Z,0.763,19.1,822.9,0.00,0.00,0.00,0.00,1.95
2026-08-24T00:18:17Z,0.689,17.2,823.6,0.00,0.00,0.00,0.00,1.95
2026-08-24T00:18:18Z,0.821,20.5,825.0,0.00,0.00,0.00,0.00,1.95
2026-08-24T00:18:19Z,0.756,18.9,820.5,0.00,0.00,0.00,0.00,2.28
2026-08-24T00:18:20Z,0.686,17.2,820.7,0.00,0.00,0.00,0.00,2.28
2026-08-24T00:18:21Z,0.678,17.0,820.3,0.00,0.16,0.00,0.00,2.28
2026-08-24T00:18:22Z,0.698,17.4,823.8,0.00,0.00,0.00,0.00,2.28
2026-08-24T00:18:23Z,0.746,18.6,823.1,0.00,0.00,0.00,0.00,2.28
2026-08-24T00:18:24Z,0.727,18.2,821.2,0.00,0.00,0.00,0.00,2.10
2026-08-24T00:18:25Z,0.755,18.9,820.6,0.00,0.00,0.00,0.00,2.10
2026-08-24T00:18:26Z,0.717,17.9,820.6,0.00,0.00,0.00,0.00,2.10
2026-08-24T00:18:27Z,0.728,18.2,822.2,0.00,0.00,0.00,0.00,2.10
2026-08-24T00:18:28Z,0.650,16.2,823.4,0.00,0.00,0.00,0.00,2.10
2026-08-24T00:18:30Z,0.708,17.7,822.3,0.00,0.01,0.00,0.00,2.01
2026-08-24T00:18:31Z,0.717,17.9,822.8,0.00,0.00,0.00,0.00,2.01
2026-08-24T00:18:32Z,0.747,18.7,819.2,0.00,0.00,0.00,0.00,2.01
2026-08-24T00:18:33Z,0.717,17.9,822.6,0.00,0.00,0.00,0.00,2.01
2026-08-24T00:18:34Z,0.734,18.4,821.4,0.00,0.00,0.00,0.00,2.01
2026-08-24T00:18:35Z,0.687,17.2,819.1,0.00,0.22,0.00,0.00,1.85
2026-08-24T00:18:36Z,0.706,17.6,819.5,0.00,0.00,0.00,0.00,1.85
2026-08-24T00:18:37Z,0.688,17.2,821.4,0.00,0.00,0.00,0.00,1.85
2026-08-24T00:18:38Z,0.726,18.1,820.2,0.00,0.00,0.00,0.00,1.85
2026-08-24T00:18:39Z,0.688,17.2,822.2,0.00,0.00,0.00,0.00,1.85
2026-08-24T00:18:40Z,0.707,17.7,818.3,0.00,0.05,0.00,0.00,1.70
2026-08-24T00:18:41Z,0.699,17.5,818.6,0.00,0.00,0.00,0.00,1.70
2026-08-24T00:18:42Z,0.640,16.0,821.9,0.00,0.00,0.00,0.00,1.70
2026-08-24T00:18:43Z,0.786,19.7,821.7,0.00,0.00,0.00,0.00,1.70
2026-08-24T00:18:44Z,0.669,16.7,823.2,0.00,0.00,0.00,0.00,1.70
2026-08-24T00:18:45Z,0.688,17.2,819.4,0.00,0.14,0.00,0.00,1.56
2026-08-24T00:18:46Z,0.716,17.9,818.8,0.00,0.00,0.00,0.00,1.56
2026-08-24T00:18:47Z,0.658,16.4,822.7,0.00,0.00,0.00,0.00,1.56
2026-08-24T00:18:48Z,0.707,17.7,818.9,0.00,0.00,0.00,0.00,1.56
2026-08-24T00:18:49Z,0.688,17.2,821.6,0.00,0.00,0.00,0.00,1.56
2026-08-24T00:18:50Z,0.725,18.1,823.0,0.00,0.00,0.00,0.00,1.60
2026-08-24T00:18:51Z,0.792,19.8,822.0,0.00,0.00,0.00,0.00,1.60
2026-08-24T00:18:52Z,0.669,16.7,823.2,0.00,0.00,0.00,0.00,1.60
2026-08-24T00:18:53Z,0.687,17.2,820.4,0.00,0.00,0.00,0.00,1.60
2026-08-24T00:18:54Z,0.735,18.4,821.9,0.00,0.00,0.00,0.00,1.47
2026-08-24T00:18:55Z,0.783,19.6,822.5,0.00,0.00,0.00,0.00,1.47
2026-08-24T00:18:56Z,0.726,18.1,821.6,0.00,0.00,0.00,0.00,1.47
2026-08-24T00:18:57Z,0.679,17.0,822.3,0.00,0.00,0.00,0.00,1.47
2026-08-24T00:18:58Z,0.660,16.5,821.9,0.00,0.14,0.00,0.00,1.47
2026-08-24T00:18:59Z,0.677,16.9,821.6,0.00,0.00,0.00,0.00,1.35
2026-08-24T00:19:00Z,0.669,16.7,821.4,0.00,0.00,0.00,0.00,1.35
2026-08-24T00:19:02Z,0.649,16.2,824.1,0.00,0.00,0.00,0.00,1.35
2026-08-24T00:19:03Z,0.717,17.9,821.1,0.00,0.01,0.00,0.00,1.35
2026-08-24T00:19:04Z,0.696,17.4,823.1,0.00,0.00,0.00,0.00,1.35
2026-08-24T00:19:05Z,0.679,17.0,820.6,0.00,0.00,0.00,0.00,1.24
2026-08-24T00:19:06Z,0.708,17.7,822.5,0.00,0.00,0.00,0.00,1.24
2026-08-24T00:19:07Z,0.719,18.0,822.3,0.00,0.00,0.00,0.00,1.24
2026-08-24T00:19:08Z,0.689,17.2,820.5,0.00,0.00,0.00,0.00,1.24
2026-08-24T00:19:09Z,0.747,18.7,824.4,0.00,0.00,0.00,0.00,1.24
2026-08-24T00:19:10Z,0.667,16.7,824.1,0.00,0.04,0.00,0.00,1.14
2026-08-24T00:19:11Z,0.692,17.3,822.1,0.00,0.00,0.00,0.00,1.14
2026-08-24T00:19:12Z,0.679,17.0,821.8,0.00,0.19,0.00,0.00,1.14
2026-08-24T00:19:13Z,0.784,19.6,819.3,0.00,0.00,0.00,0.00,1.14
2026-08-24T00:19:14Z,0.764,19.1,821.9,0.00,0.00,0.00,0.00,1.14
2026-08-24T00:19:15Z,0.734,18.4,821.3,0.00,0.02,0.00,0.00,1.53
2026-08-24T00:19:16Z,0.745,18.6,822.4,0.00,0.00,0.00,0.00,1.53
2026-08-24T00:19:17Z,0.716,17.9,821.1,0.00,0.00,0.00,0.00,1.53
2026-08-24T00:19:18Z,0.706,17.6,822.7,0.00,0.20,0.00,0.00,1.53
2026-08-24T00:19:19Z,0.718,17.9,823.7,0.00,0.00,0.00,0.00,1.53
2026-08-24T00:19:20Z,0.727,18.2,821.6,0.00,0.00,0.00,0.00,1.49
2026-08-24T00:19:21Z,0.709,17.7,822.8,0.00,0.00,0.00,0.00,1.49
2026-08-24T00:19:22Z,0.708,17.7,820.7,0.00,0.01,0.00,0.00,1.49
2026-08-24T00:19:23Z,0.716,17.9,822.9,0.00,0.00,0.00,0.00,1.49
2026-08-24T00:19:24Z,0.728,18.2,821.0,0.00,0.00,0.00,0.00,2.09
2026-08-24T00:19:25Z,0.717,17.9,823.2,0.00,0.00,0.00,0.00,2.09
2026-08-24T00:19:26Z,0.716,17.9,821.5,0.00,0.00,0.00,0.00,2.09
2026-08-24T00:19:27Z,0.736,18.4,822.2,0.00,0.00,0.00,0.00,2.09
2026-08-24T00:19:28Z,0.678,17.0,820.5,0.00,0.14,0.00,0.00,2.09
2026-08-24T00:19:29Z,0.746,18.6,819.8,0.00,0.00,0.00,0.00,1.92
2026-08-24T00:19:30Z,0.640,16.0,821.0,0.00,0.00,0.00,0.00,1.92
2026-08-24T00:19:31Z,0.707,17.7,822.5,0.00,0.01,0.00,0.00,1.92
2026-08-24T00:19:32Z,0.708,17.7,824.2,0.00,0.00,0.00,0.00,1.92
2026-08-24T00:19:34Z,0.678,17.0,821.3,0.00,0.00,0.00,0.00,1.92
2026-08-24T00:19:35Z,0.697,17.4,820.8,0.00,0.00,0.00,0.00,1.77
2026-08-24T00:19:36Z,0.648,16.2,823.1,0.00,0.00,0.00,0.00,1.77
2026-08-24T00:19:37Z,0.744,18.6,820.6,0.00,0.00,0.00,0.00,1.77
2026-08-24T00:19:38Z,0.660,16.5,823.7,0.00,0.00,0.00,0.00,1.77
2026-08-24T00:19:39Z,0.707,17.7,825.1,0.00,0.00,0.00,0.00,1.77
2026-08-24T00:19:40Z,0.689,17.2,824.2,0.00,0.00,0.00,0.00,1.63
2026-08-24T00:19:41Z,0.725,18.1,823.2,0.00,0.05,0.00,0.00,1.63
2026-08-24T00:19:42Z,0.764,19.1,823.1,0.00,0.00,0.00,0.00,1.63
2026-08-24T00:19:43Z,0.737,18.4,821.2,0.00,0.12,0.00,0.00,1.63
2026-08-24T00:19:44Z,0.726,18.1,821.8,0.00,0.00,0.00,0.00,1.63
2026-08-24T00:19:45Z,0.669,16.7,821.0,0.00,0.03,0.00,0.00,1.74
2026-08-24T00:19:46Z,0.689,17.2,819.0,0.00,0.00,0.00,0.00,1.74
2026-08-24T00:19:47Z,0.697,17.4,821.3,0.00,0.00,0.00,0.00,1.74
2026-08-24T00:19:48Z,0.677,16.9,822.8,0.00,0.00,0.00,0.00,1.74
2026-08-24T00:19:49Z,0.745,18.6,824.0,0.00,0.12,0.00,0.00,1.74
2026-08-24T00:19:50Z,0.708,17.7,825.5,0.00,0.00,0.00,0.00,1.76
2026-08-24T00:19:51Z,0.784,19.6,822.4,0.00,0.48,0.00,0.00,1.76
2026-08-24T00:19:52Z,0.677,16.9,823.6,0.00,0.00,0.00,0.00,1.76
2026-08-24T00:19:53Z,0.705,17.6,822.0,0.00,0.00,0.00,0.00,1.76
2026-08-24T00:19:54Z,0.725,18.1,824.6,0.00,0.00,0.00,0.00,1.76
2026-08-24T00:19:55Z,0.716,17.9,825.1,0.00,0.00,0.00,0.00,1.62
2026-08-24T00:19:56Z,0.774,19.4,825.3,0.00,0.17,0.00,0.00,1.62
2026-08-24T00:19:57Z,0.687,17.2,825.1,0.00,0.11,0.00,0.00,1.62
2026-08-24T00:19:58Z,0.717,17.9,823.5,0.00,0.00,0.00,0.00,1.62
2026-08-24T00:19:59Z,0.754,18.9,822.0,0.00,0.00,0.00,0.00,1.57
2026-08-24T00:20:00Z,0.695,17.4,822.0,0.00,0.00,0.00,0.00,1.57
2026-08-24T00:20:01Z,0.707,17.7,823.2,0.00,0.00,0.00,0.00,1.57
2026-08-24T00:20:02Z,0.747,18.7,822.6,0.00,0.00,0.00,0.00,1.57
2026-08-24T00:20:03Z,0.737,18.4,821.5,0.00,0.12,0.00,0.00,1.57
2026-08-24T00:20:05Z,0.668,16.7,825.0,0.00,0.01,0.00,0.00,1.44
2026-08-24T00:20:06Z,0.679,17.0,822.8,0.00,0.00,0.00,0.00,1.44
2026-08-24T00:20:07Z,0.716,17.9,823.5,0.00,0.00,0.00,0.00,1.44
2026-08-24T00:20:08Z,0.668,16.7,820.0,0.00,0.00,0.00,0.00,1.44
2026-08-24T00:20:09Z,0.698,17.4,821.6,0.00,0.00,0.00,0.00,1.44
2026-08-24T00:20:10Z,0.688,17.2,821.8,0.00,0.01,0.00,0.00,1.33
2026-08-24T00:20:11Z,0.716,17.9,819.5,0.00,0.12,0.00,0.00,1.33
2026-08-24T00:20:12Z,0.717,17.9,820.6,0.00,0.00,0.00,0.00,1.33
2026-08-24T00:20:13Z,0.717,17.9,821.9,0.00,0.00,0.00,0.00,1.33
2026-08-24T00:20:14Z,0.755,18.9,823.9,0.00,0.00,0.00,0.00,1.33
2026-08-24T00:20:15Z,0.705,17.6,824.2,0.00,0.00,0.00,0.00,1.22
2026-08-24T00:20:16Z,0.756,18.9,821.4,0.00,0.00,0.00,0.00,1.22
2026-08-24T00:20:17Z,0.717,17.9,819.0,0.00,0.00,0.00,0.00,1.22
2026-08-24T00:20:18Z,0.746,18.6,822.1,0.00,0.00,0.00,0.00,1.22
2026-08-24T00:20:19Z,0.766,19.1,821.7,0.00,0.12,0.00,0.00,1.22
2026-08-24T00:20:20Z,0.718,17.9,821.4,0.00,0.00,0.00,0.00,1.12
2026-08-24T00:20:21Z,0.754,18.9,821.9,0.00,0.05,0.00,0.00,1.12
2026-08-24T00:20:22Z,0.640,16.0,821.9,0.00,0.00,0.00,0.00,1.12
2026-08-24T00:20:23Z,0.812,20.3,824.0,0.00,0.00,0.00,0.00,1.12
2026-08-24T00:20:24Z,0.727,18.2,818.4,0.00,0.19,0.00,0.00,1.12
2026-08-24T00:20:25Z,0.689,17.2,821.3,0.00,0.00,0.00,0.00,1.03
2026-08-24T00:20:26Z,0.734,18.4,818.0,0.00,0.03,0.00,0.00,1.03
2026-08-24T00:20:27Z,0.726,18.1,819.5,0.00,0.00,0.00,0.00,1.03
2026-08-24T00:20:28Z,0.755,18.9,822.2,0.00,0.00,0.00,0.00,1.03
2026-08-24T00:20:29Z,0.687,17.2,818.9,0.00,0.19,0.00,0.00,0.95
2026-08-24T00:20:30Z,0.670,16.8,820.5,0.00,0.00,0.00,0.00,0.95
2026-08-24T00:20:31Z,0.727,18.2,820.1,0.00,0.00,0.00,0.00,0.95
2026-08-24T00:20:32Z,0.705,17.6,819.4,0.00,0.00,0.00,0.00,0.95
2026-08-24T00:20:33Z,0.677,16.9,817.3,0.00,0.00,0.00,0.00,0.95
2026-08-24T00:20:34Z,0.708,17.7,818.1,0.00,0.00,0.00,0.00,0.87
2026-08-24T00:20:35Z,0.649,16.2,817.0,0.00,0.00,0.00,0.00,0.87
2026-08-24T00:20:37Z,0.728,18.2,820.6,0.00,0.00,0.00,0.00,0.87
2026-08-24T00:20:38Z,0.707,17.7,823.1,0.00,0.00,0.00,0.00,0.87
2026-08-24T00:20:39Z,0.679,17.0,825.2,0.00,0.00,0.00,0.00,0.87
2026-08-24T00:20:40Z,0.726,18.1,819.6,0.00,0.11,0.00,0.00,1.12
2026-08-24T00:20:41Z,0.746,18.6,823.1,0.00,0.01,0.00,0.00,1.12
2026-08-24T00:20:42Z,0.688,17.2,824.4,0.00,0.00,0.00,0.00,1.12
2026-08-24T00:20:43Z,0.785,19.6,827.8,0.00,0.00,0.00,0.00,1.12
2026-08-24T00:20:44Z,0.728,18.2,822.4,0.00,0.00,0.00,0.00,1.12
2026-08-24T00:20:45Z,0.678,17.0,818.9,0.00,0.00,0.00,0.00,1.27
2026-08-24T00:20:46Z,0.714,17.8,819.2,0.00,0.00,0.00,0.00,1.27
2026-08-24T00:20:47Z,0.727,18.2,817.8,0.00,0.00,0.00,0.00,1.27
2026-08-24T00:20:48Z,0.678,17.0,816.7,0.00,0.00,0.00,0.00,1.27
2026-08-24T00:20:49Z,0.698,17.4,821.0,0.00,0.00,0.00,0.00,1.27
2026-08-24T00:20:50Z,0.699,17.5,821.0,0.00,0.12,0.00,0.00,1.49
2026-08-24T00:20:51Z,0.728,18.2,819.0,0.00,0.00,0.00,0.00,1.49
2026-08-24T00:20:52Z,0.688,17.2,818.8,0.00,0.03,0.00,0.00,1.49
2026-08-24T00:20:53Z,0.727,18.2,818.9,0.00,0.00,0.00,0.00,1.49
2026-08-24T00:20:54Z,0.708,17.7,821.4,0.00,0.00,0.00,0.00,1.49
2026-08-24T00:20:55Z,0.707,17.7,820.8,0.00,0.00,0.00,0.00,2.01
2026-08-24T00:20:56Z,0.728,18.2,817.5,0.00,0.00,0.00,0.00,2.01
2026-08-24T00:20:57Z,0.784,19.6,820.8,0.00,0.00,0.00,0.00,2.01
2026-08-24T00:20:58Z,0.688,17.2,822.5,0.00,0.00,0.00,0.00,2.01
2026-08-24T00:20:59Z,0.745,18.6,822.8,0.00,0.01,0.00,0.00,2.33
2026-08-24T00:21:00Z,0.718,17.9,821.2,0.00,0.00,0.00,0.00,2.33
2026-08-24T00:21:01Z,0.716,17.9,822.5,0.00,0.00,0.00,0.00,2.33
2026-08-24T00:21:02Z,0.728,18.2,820.7,0.00,0.00,0.00,0.00,2.33
2026-08-24T00:21:03Z,0.707,17.7,818.3,0.00,0.00,0.00,0.00,2.33
2026-08-24T00:21:04Z,0.726,18.1,820.0,0.00,0.18,0.00,0.00,2.15
2026-08-24T00:21:05Z,0.707,17.7,823.7,0.00,0.00,0.00,0.00,2.15
2026-08-24T00:21:06Z,0.678,17.0,823.3,0.00,0.01,0.00,0.00,2.15
2026-08-24T00:21:07Z,0.668,16.7,818.9,0.00,0.00,0.00,0.00,2.15
2026-08-24T00:21:09Z,0.755,18.9,818.9,0.00,0.00,0.00,0.00,2.15
2026-08-24T00:21:10Z,0.698,17.4,819.0,0.00,0.00,0.00,0.00,2.13
2026-08-24T00:21:11Z,0.669,16.7,817.9,0.00,0.00,0.00,0.00,2.13
2026-08-24T00:21:12Z,0.736,18.4,823.2,0.00,0.00,0.00,0.00,2.13
2026-08-24T00:21:13Z,0.679,17.0,823.5,0.00,0.13,0.00,0.00,2.13
2026-08-24T00:21:14Z,0.678,17.0,823.1,0.00,0.00,0.00,0.00,2.13
2026-08-24T00:21:15Z,0.725,18.1,819.7,0.00,0.01,0.00,0.00,1.96
2026-08-24T00:21:16Z,0.746,18.6,820.4,0.00,0.00,0.00,0.00,1.96
2026-08-24T00:21:17Z,0.705,17.6,820.7,0.00,0.00,0.00,0.00,1.96
2026-08-24T00:21:18Z,0.716,17.9,822.9,0.00,0.00,0.00,0.00,1.96
2026-08-24T00:21:19Z,0.737,18.4,820.0,0.00,0.00,0.00,0.00,1.96
2026-08-24T00:21:20Z,0.717,17.9,820.1,0.00,0.19,0.00,0.00,1.89
2026-08-24T00:21:21Z,0.707,17.7,820.7,0.00,0.00,0.00,0.00,1.89
2026-08-24T00:21:22Z,0.678,17.0,821.9,0.00,0.00,0.00,0.00,1.89
2026-08-24T00:21:23Z,0.746,18.6,820.7,0.00,0.06,0.00,0.00,1.89
2026-08-24T00:21:24Z,0.707,17.7,822.5,0.00,0.00,0.00,0.00,1.89
2026-08-24T00:21:25Z,0.689,17.2,821.9,0.00,0.00,0.00,0.00,1.73
2026-08-24T00:21:26Z,0.698,17.4,824.1,0.00,0.00,0.00,0.00,1.73
2026-08-24T00:21:27Z,0.695,17.4,820.3,0.00,0.00,0.00,0.00,1.73
2026-08-24T00:21:28Z,0.726,18.1,824.1,0.00,0.03,0.00,0.00,1.73
2026-08-24T00:21:29Z,0.717,17.9,823.9,0.00,0.00,0.00,0.00,1.73
2026-08-24T00:21:30Z,0.764,19.1,822.7,0.00,0.00,0.00,0.00,1.60
2026-08-24T00:21:31Z,0.715,17.9,821.7,0.00,0.00,0.00,0.00,1.60
2026-08-24T00:21:32Z,0.708,17.7,822.3,0.00,0.16,0.00,0.00,1.60
2026-08-24T00:21:33Z,0.746,18.6,822.4,0.00,0.00,0.00,0.00,1.60
2026-08-24T00:21:34Z,0.659,16.5,819.1,0.00,0.00,0.00,0.00,1.47
2026-08-24T00:21:35Z,0.746,18.6,819.0,0.00,0.00,0.00,0.00,1.47
2026-08-24T00:21:36Z,0.764,19.1,818.4,0.00,0.00,0.00,0.00,1.47
2026-08-24T00:21:37Z,0.696,17.4,821.0,0.00,0.00,0.00,0.00,1.47
2026-08-24T00:21:38Z,0.737,18.4,819.1,0.00,0.00,0.00,0.00,1.47
2026-08-24T00:21:39Z,0.716,17.9,821.4,0.00,0.00,0.00,0.00,1.35
2026-08-24T00:21:41Z,0.727,18.2,817.7,0.00,0.12,0.00,0.00,1.35
2026-08-24T00:21:42Z,0.734,18.4,821.3,0.00,0.00,0.00,0.00,1.35
2026-08-24T00:21:43Z,0.764,19.1,823.7,0.00,0.00,0.00,0.00,1.35
2026-08-24T00:21:44Z,0.716,17.9,822.0,0.00,0.00,0.00,0.00,1.35
2026-08-24T00:21:45Z,1.075,26.9,850.1,0.00,0.01,0.00,0.00,1.24
2026-08-24T00:21:46Z,0.743,18.6,847.9,0.00,0.00,0.00,0.00,1.24
2026-08-24T00:21:47Z,0.716,17.9,840.7,0.00,0.28,0.00,0.00,1.24
2026-08-24T00:21:48Z,0.679,17.0,838.7,0.00,0.00,0.00,0.00,1.24
2026-08-24T00:21:49Z,0.717,17.9,829.7,0.00,0.00,0.00,0.00,1.24
2026-08-24T00:21:50Z,0.707,17.7,830.5,0.00,0.00,0.00,0.00,1.22
2026-08-24T00:21:51Z,0.727,18.2,832.4,0.00,0.00,0.00,0.00,1.22
2026-08-24T00:21:52Z,0.746,18.6,828.4,0.00,0.00,0.00,0.00,1.22
2026-08-24T00:21:53Z,0.735,18.4,829.8,0.00,0.06,0.00,0.00,1.22
2026-08-24T00:21:54Z,0.736,18.4,830.8,0.00,0.15,0.00,0.00,1.22
2026-08-24T00:21:55Z,0.707,17.7,827.0,0.00,0.00,0.00,0.00,1.12
2026-08-24T00:21:56Z,0.756,18.9,827.8,0.00,0.00,0.00,0.00,1.12
2026-08-24T00:21:57Z,0.728,18.2,827.7,0.00,0.00,0.00,0.00,1.12
2026-08-24T00:21:58Z,0.718,17.9,824.3,0.00,0.03,0.00,0.00,1.12
2026-08-24T00:21:59Z,0.716,17.9,825.3,0.00,0.00,0.00,0.00,1.12
2026-08-24T00:22:00Z,0.707,17.7,826.9,0.00,0.00,0.00,0.00,1.03
2026-08-24T00:22:01Z,0.756,18.9,829.4,0.00,0.00,0.00,0.00,1.03
2026-08-24T00:22:02Z,0.691,17.3,826.2,0.00,0.00,0.00,0.00,1.03
2026-08-24T00:22:03Z,0.708,17.7,825.2,0.00,0.00,0.00,0.00,1.03
2026-08-24T00:22:04Z,0.699,17.5,824.1,0.00,0.00,0.00,0.00,0.95
2026-08-24T00:22:05Z,0.688,17.2,824.0,0.00,0.00,0.00,0.00,0.95
2026-08-24T00:22:06Z,0.669,16.7,824.7,0.00,0.01,0.00,0.00,0.95
2026-08-24T00:22:07Z,0.762,19.1,822.7,0.00,0.23,0.00,0.00,0.95
2026-08-24T00:22:08Z,0.706,17.6,821.4,0.00,0.17,0.00,0.00,0.95
2026-08-24T00:22:09Z,0.746,18.6,820.2,0.00,0.00,0.00,0.00,0.87
2026-08-24T00:22:10Z,0.718,17.9,824.4,0.00,0.00,0.00,0.00,0.87
2026-08-24T00:22:12Z,0.777,19.4,825.1,0.00,0.00,0.00,0.00,0.87
2026-08-24T00:22:13Z,0.710,17.8,820.4,0.00,0.04,0.00,0.00,0.87
2026-08-24T00:22:14Z,0.745,18.6,817.6,0.00,0.02,0.00,0.00,0.87
2026-08-24T00:22:15Z,0.776,19.4,819.0,0.00,0.00,0.00,0.00,0.96
2026-08-24T00:22:16Z,0.725,18.1,816.6,0.00,0.00,0.00,0.00,0.96
2026-08-24T00:22:17Z,0.727,18.2,819.0,0.00,0.00,0.00,0.00,0.96
2026-08-24T00:22:18Z,0.728,18.2,818.5,0.00,0.00,0.00,0.00,0.96
2026-08-24T00:22:19Z,0.746,18.6,818.7,0.00,0.17,0.00,0.00,0.96
2026-08-24T00:22:20Z,0.678,17.0,821.8,0.00,0.00,0.00,0.00,0.89
2026-08-24T00:22:21Z,0.677,16.9,824.7,0.00,0.00,0.00,0.00,0.89
2026-08-24T00:22:22Z,0.746,18.6,824.6,0.00,0.00,0.00,0.00,0.89
2026-08-24T00:22:23Z,0.696,17.4,826.6,0.00,0.00,0.00,0.00,0.89
2026-08-24T00:22:24Z,0.774,19.4,828.4,0.00,0.00,0.00,0.00,0.89
2026-08-24T00:22:25Z,0.738,18.4,828.2,0.00,0.01,0.00,0.00,0.98
2026-08-24T00:22:26Z,0.745,18.6,827.1,0.00,0.00,0.00,0.00,0.98
2026-08-24T00:22:27Z,0.669,16.7,827.1,0.00,0.00,0.00,0.00,0.98
2026-08-24T00:22:28Z,0.699,17.5,828.8,0.00,0.00,0.00,0.00,0.98
2026-08-24T00:22:29Z,0.725,18.1,828.6,0.00,0.00,0.00,0.00,0.98
2026-08-24T00:22:30Z,0.676,16.9,827.6,0.00,0.00,0.00,0.00,0.90
2026-08-24T00:22:31Z,0.724,18.1,818.2,0.00,0.16,0.00,0.00,0.90
2026-08-24T00:22:32Z,0.755,18.9,819.9,0.00,0.00,0.00,0.00,0.90
2026-08-24T00:22:33Z,0.678,17.0,822.3,0.00,0.00,0.00,0.00,0.90
2026-08-24T00:22:34Z,0.699,17.5,823.5,0.00,0.00,0.00,0.00,0.90
2026-08-24T00:22:35Z,0.737,18.4,825.0,0.00,0.00,0.00,0.00,1.07
2026-08-24T00:22:36Z,0.726,18.1,823.4,0.00,0.01,0.00,0.00,1.07
2026-08-24T00:22:37Z,0.746,18.6,825.4,0.00,0.00,0.00,0.00,1.07
2026-08-24T00:22:38Z,0.735,18.4,824.8,0.00,0.00,0.00,0.00,1.07
2026-08-24T00:22:39Z,0.717,17.9,823.4,0.00,0.01,0.00,0.00,0.98
2026-08-24T00:22:40Z,0.705,17.6,826.4,0.00,0.00,0.00,0.00,0.98
2026-08-24T00:22:41Z,0.707,17.7,826.9,0.00,0.00,0.00,0.00,0.98
2026-08-24T00:22:42Z,0.697,17.4,828.5,0.00,0.06,0.00,0.00,0.98
2026-08-24T00:22:44Z,0.745,18.6,828.2,0.00,0.12,0.00,0.00,0.98
2026-08-24T00:22:45Z,0.687,17.2,830.4,0.00,0.00,0.00,0.00,1.62
2026-08-24T00:22:46Z,0.727,18.2,830.6,0.00,0.00,0.00,0.00,1.62
2026-08-24T00:22:47Z,0.678,17.0,832.1,0.00,0.00,0.00,0.00,1.62
2026-08-24T00:22:48Z,0.650,16.2,830.1,0.00,0.00,0.00,0.00,1.62
2026-08-24T00:22:49Z,0.746,18.6,829.8,0.00,0.04,0.00,0.00,1.62
2026-08-24T00:22:50Z,0.708,17.7,831.0,0.00,0.00,0.00,0.00,1.49
2026-08-24T00:22:51Z,0.717,17.9,833.4,0.00,0.00,0.00,0.00,1.49
2026-08-24T00:22:52Z,0.668,16.7,828.0,0.00,0.00,0.00,0.00,1.49
2026-08-24T00:22:53Z,0.737,18.4,830.3,0.00,0.12,0.00,0.00,1.49
2026-08-24T00:22:54Z,0.717,17.9,832.8,0.00,0.00,0.00,0.00,1.49
2026-08-24T00:22:55Z,0.726,18.1,826.5,0.00,0.00,0.00,0.00,1.53
2026-08-24T00:22:56Z,0.755,18.9,827.5,0.00,0.00,0.00,0.00,1.53
2026-08-24T00:22:57Z,0.698,17.4,826.4,0.00,0.00,0.00,0.00,1.53
2026-08-24T00:22:58Z,0.698,17.4,827.8,0.00,0.00,0.00,0.00,1.53
2026-08-24T00:22:59Z,0.700,17.5,829.8,0.00,0.00,0.00,0.00,1.53
2026-08-24T00:23:00Z,0.765,19.1,829.8,0.00,0.12,0.00,0.00,2.21
2026-08-24T00:23:01Z,0.708,17.7,829.0,0.00,0.00,0.00,0.00,2.21
2026-08-24T00:23:02Z,0.727,18.2,831.0,0.00,0.00,0.00,0.00,2.21
2026-08-24T00:23:03Z,0.700,17.5,831.4,0.00,0.00,0.00,0.00,2.21
2026-08-24T00:23:04Z,0.698,17.4,822.2,0.00,0.00,0.00,0.00,2.21
2026-08-24T00:23:05Z,0.679,17.0,824.9,0.00,0.14,0.00,0.00,2.03
2026-08-24T00:23:06Z,0.649,16.2,825.4,0.00,0.00,0.00,0.00,2.03
2026-08-24T00:23:07Z,0.716,17.9,826.2,0.00,0.00,0.00,0.00,2.03
2026-08-24T00:23:08Z,0.709,17.7,828.1,0.00,0.00,0.00,0.00,2.03
2026-08-24T00:23:09Z,0.738,18.4,829.9,0.00,0.00,0.00,0.00,1.87
2026-08-24T00:23:10Z,0.698,17.4,830.8,0.00,0.00,0.00,0.00,1.87
2026-08-24T00:23:11Z,0.756,18.9,831.7,0.00,0.00,0.00,0.00,1.87
2026-08-24T00:23:12Z,0.751,18.8,835.1,0.00,0.00,0.00,0.00,1.87
2026-08-24T00:23:13Z,0.735,18.4,836.5,0.00,0.03,0.00,0.00,1.87
2026-08-24T00:23:14Z,0.763,19.1,832.1,0.00,0.00,0.00,0.00,1.72
2026-08-24T00:23:16Z,0.687,17.2,832.9,0.00,0.00,0.00,0.00,1.72
2026-08-24T00:23:17Z,0.705,17.6,831.7,0.00,0.00,0.00,0.00,1.72
2026-08-24T00:23:18Z,0.723,18.1,833.3,0.00,0.00,0.00,0.00,1.72
2026-08-24T00:23:19Z,0.751,18.8,833.7,0.00,0.00,0.00,0.00,1.72
2026-08-24T00:23:20Z,0.711,17.8,833.9,0.00,0.21,0.00,0.00,1.58
2026-08-24T00:23:21Z,0.647,16.2,833.3,0.00,0.00,0.00,0.00,1.58
2026-08-24T00:23:22Z,0.722,18.1,832.2,0.00,0.00,0.00,0.00,1.58
2026-08-24T00:23:23Z,0.637,15.9,834.3,0.00,0.00,0.00,0.00,1.58
2026-08-24T00:23:24Z,0.829,20.7,833.4,0.00,0.00,0.00,0.00,1.58
2026-08-24T00:23:25Z,0.734,18.4,831.7,0.00,0.00,0.00,0.00,1.46
2026-08-24T00:23:26Z,0.722,18.1,833.6,0.00,0.00,0.00,0.00,1.46
2026-08-24T00:23:27Z,0.674,16.9,834.5,0.00,0.12,0.00,0.00,1.46
2026-08-24T00:23:28Z,0.761,19.0,830.4,0.00,0.00,0.00,0.00,1.46
2026-08-24T00:23:29Z,0.712,17.8,828.9,0.00,0.00,0.00,0.00,1.46
2026-08-24T00:23:30Z,0.666,16.7,823.4,0.00,0.00,0.00,0.00,1.34
2026-08-24T00:23:31Z,0.677,16.9,826.5,0.00,0.00,0.00,0.00,1.34
2026-08-24T00:23:32Z,0.735,18.4,825.9,0.00,0.00,0.00,0.00,1.34
2026-08-24T00:23:33Z,0.677,16.9,825.3,0.00,0.00,0.00,0.00,1.34
2026-08-24T00:23:34Z,0.714,17.8,827.9,0.00,0.14,0.00,0.00,1.34
2026-08-24T00:23:35Z,0.724,18.1,820.0,0.00,0.00,0.00,0.00,1.23
2026-08-24T00:23:36Z,0.734,18.4,821.4,0.00,0.00,0.00,0.00,1.23
2026-08-24T00:23:37Z,0.714,17.8,823.8,0.00,0.00,0.00,0.00,1.23
2026-08-24T00:23:38Z,0.674,16.9,824.5,0.00,0.00,0.00,0.00,1.23
2026-08-24T00:23:39Z,0.667,16.7,826.2,0.00,0.00,0.00,0.00,1.13
2026-08-24T00:23:40Z,0.696,17.4,827.4,0.00,0.12,0.00,0.00,1.13
2026-08-24T00:23:41Z,0.667,16.7,826.5,0.00,0.01,0.00,0.00,1.13
2026-08-24T00:23:42Z,0.715,17.9,828.7,0.00,0.00,0.00,0.00,1.13
2026-08-24T00:23:43Z,0.806,20.2,823.3,0.00,0.06,0.00,0.00,1.13
2026-08-24T00:23:45Z,0.735,18.4,826.8,0.00,0.00,0.00,0.00,1.04
2026-08-24T00:23:46Z,0.682,17.1,827.1,0.00,0.00,0.00,0.00,1.04
2026-08-24T00:23:47Z,0.703,17.6,826.8,0.00,0.00,0.00,0.00,1.04
2026-08-24T00:23:48Z,0.734,18.4,828.5,0.00,0.00,0.00,0.00,1.04
2026-08-24T00:23:49Z,0.695,17.4,826.6,0.00,0.15,0.00,0.00,1.04
2026-08-24T00:23:50Z,0.619,15.5,827.9,0.00,0.00,0.00,0.00,1.12
2026-08-24T00:23:51Z,0.770,19.2,829.6,0.00,0.00,0.00,0.00,1.12
2026-08-24T00:23:52Z,0.706,17.6,832.4,0.00,0.00,0.00,0.00,1.12
2026-08-24T00:23:53Z,0.772,19.3,821.5,0.00,0.00,0.00,0.00,1.12
2026-08-24T00:23:54Z,0.715,17.9,822.9,0.00,0.00,0.00,0.00,1.12
2026-08-24T00:23:55Z,0.725,18.1,824.2,0.00,0.00,0.00,0.00,1.11
2026-08-24T00:23:56Z,0.734,18.4,826.9,0.00,0.14,0.00,0.00,1.11
2026-08-24T00:23:57Z,0.705,17.6,826.9,0.00,0.00,0.00,0.00,1.11
2026-08-24T00:23:58Z,0.806,20.2,829.6,0.00,0.00,0.00,0.00,1.11
2026-08-24T00:23:59Z,0.687,17.2,830.8,0.00,0.00,0.00,0.00,1.11
2026-08-24T00:24:00Z,0.734,18.4,829.0,0.00,0.00,0.00,0.00,1.18
2026-08-24T00:24:01Z,0.705,17.6,829.1,0.00,0.00,0.00,0.00,1.18
2026-08-24T00:24:02Z,0.734,18.4,829.6,0.00,0.00,0.00,0.00,1.18
2026-08-24T00:24:03Z,0.665,16.6,830.9,0.00,0.00,0.00,0.00,1.18
2026-08-24T00:24:04Z,0.725,18.1,823.8,0.00,0.00,0.00,0.00,1.18
2026-08-24T00:24:05Z,0.646,16.2,824.5,0.00,0.00,0.00,0.00,1.09
2026-08-24T00:24:06Z,0.705,17.6,818.9,0.00,0.00,0.00,0.00,1.09
2026-08-24T00:24:07Z,0.706,17.6,819.5,0.00,0.00,0.00,0.00,1.09
2026-08-24T00:24:08Z,0.658,16.4,821.4,0.00,0.00,0.00,0.00,1.09
2026-08-24T00:24:09Z,0.685,17.1,820.7,0.00,0.18,0.00,0.00,1.16
2026-08-24T00:24:10Z,0.695,17.4,822.0,0.00,0.00,0.00,0.00,1.16
2026-08-24T00:24:11Z,0.723,18.1,823.3,0.00,0.00,0.00,0.00,1.16
2026-08-24T00:24:13Z,0.667,16.7,821.2,0.00,0.00,0.00,0.00,1.16
2026-08-24T00:24:14Z,0.754,18.9,822.2,0.00,0.00,0.00,0.00,1.16
2026-08-24T00:24:15Z,0.705,17.6,823.6,0.00,0.05,0.00,0.00,1.07
2026-08-24T00:24:16Z,0.712,17.8,823.6,0.00,0.00,0.00,0.00,1.07
2026-08-24T00:24:17Z,0.684,17.1,824.6,0.00,0.00,0.00,0.00,1.07
2026-08-24T00:24:18Z,0.736,18.4,823.0,0.00,0.00,0.00,0.00,1.07
2026-08-24T00:24:19Z,0.677,16.9,824.1,0.00,0.12,0.00,0.00,1.07
2026-08-24T00:24:20Z,0.696,17.4,823.3,0.00,0.03,0.00,0.00,1.30
2026-08-24T00:24:21Z,0.713,17.8,826.0,0.00,0.00,0.00,0.00,1.30
2026-08-24T00:24:22Z,0.741,18.5,828.4,0.00,0.00,0.00,0.00,1.30
2026-08-24T00:24:23Z,0.797,19.9,825.4,0.00,0.00,0.00,0.00,1.30
2026-08-24T00:24:24Z,0.704,17.6,824.1,0.00,0.00,0.00,0.00,1.30
2026-08-24T00:24:25Z,0.753,18.8,826.6,0.00,0.00,0.00,0.00,1.84
2026-08-24T00:24:26Z,0.684,17.1,827.2,0.00,0.00,0.00,0.00,1.84
2026-08-24T00:24:27Z,0.695,17.4,826.7,0.00,0.12,0.00,0.00,1.84
2026-08-24T00:24:28Z,0.685,17.1,823.8,0.00,0.00,0.00,0.00,1.84
2026-08-24T00:24:29Z,0.686,17.2,824.0,0.00,0.00,0.00,0.00,1.84
2026-08-24T00:24:30Z,0.744,18.6,824.6,0.00,0.00,0.00,0.00,1.69
2026-08-24T00:24:31Z,0.704,17.6,826.2,0.00,0.00,0.00,0.00,1.69
2026-08-24T00:24:32Z,0.704,17.6,825.2,0.00,0.00,0.00,0.00,1.69
2026-08-24T00:24:33Z,0.711,17.8,826.5,0.00,0.00,0.00,0.00,1.69
2026-08-24T00:24:34Z,0.656,16.4,828.2,0.00,0.00,0.00,0.00,1.72
2026-08-24T00:24:35Z,0.696,17.4,829.9,0.00,0.00,0.00,0.00,1.72
2026-08-24T00:24:36Z,0.705,17.6,832.8,0.00,0.00,0.00,0.00,1.72
2026-08-24T00:24:37Z,0.743,18.6,833.5,0.00,0.12,0.00,0.00,1.72
2026-08-24T00:24:38Z,0.704,17.6,834.0,0.00,0.00,0.00,0.00,1.72
2026-08-24T00:24:39Z,0.668,16.7,832.6,0.00,0.00,0.00,0.00,1.58
2026-08-24T00:24:40Z,0.677,16.9,831.1,0.00,0.00,0.00,0.00,1.58
2026-08-24T00:24:42Z,0.722,18.1,823.0,0.00,0.00,0.00,0.00,1.58
2026-08-24T00:24:43Z,0.693,17.3,825.4,0.00,0.00,0.00,0.00,1.58
2026-08-24T00:24:44Z,0.687,17.2,826.7,0.00,0.02,0.00,0.00,1.58
2026-08-24T00:24:45Z,0.687,17.2,828.1,0.00,0.05,0.00,0.00,1.45
2026-08-24T00:24:46Z,0.707,17.7,829.6,0.00,0.00,0.00,0.00,1.45
2026-08-24T00:24:47Z,0.694,17.3,830.2,0.00,0.12,0.00,0.00,1.45
2026-08-24T00:24:48Z,0.744,18.6,828.6,0.00,0.00,0.00,0.00,1.45
2026-08-24T00:24:49Z,0.674,16.9,830.8,0.00,0.00,0.00,0.00,1.45
2026-08-24T00:24:50Z,0.705,17.6,828.3,0.00,0.04,0.00,0.00,1.33
2026-08-24T00:24:51Z,0.727,18.2,822.9,0.00,0.47,0.00,0.00,1.33
2026-08-24T00:24:52Z,0.685,17.1,824.8,0.00,0.00,0.00,0.00,1.33
2026-08-24T00:24:53Z,0.754,18.9,824.1,0.00,0.00,0.00,0.00,1.33
2026-08-24T00:24:54Z,0.734,18.4,817.7,0.00,0.00,0.00,0.00,1.33
2026-08-24T00:24:55Z,0.656,16.4,818.8,0.00,0.00,0.00,0.00,1.23
2026-08-24T00:24:56Z,0.618,15.4,820.0,0.00,0.25,0.00,0.00,1.23
2026-08-24T00:24:57Z,0.687,17.2,823.1,0.00,0.00,0.00,0.00,1.23
2026-08-24T00:24:58Z,0.649,16.2,824.4,0.00,0.00,0.00,0.00,1.23
2026-08-24T00:24:59Z,0.676,16.9,822.6,0.00,0.00,0.00,0.00,1.23
2026-08-24T00:25:00Z,0.705,17.6,823.7,0.00,0.00,0.00,0.00,1.21
2026-08-24T00:25:01Z,0.714,17.8,824.7,0.00,0.00,0.00,0.00,1.21
2026-08-24T00:25:02Z,0.744,18.6,826.4,0.00,0.00,0.00,0.00,1.21
2026-08-24T00:25:03Z,0.656,16.4,825.9,0.00,0.00,0.00,0.00,1.21
2026-08-24T00:25:04Z,0.726,18.1,819.5,0.00,0.00,0.00,0.00,1.19
2026-08-24T00:25:05Z,0.658,16.4,822.3,0.00,0.00,0.00,0.00,1.19
2026-08-24T00:25:06Z,0.686,17.2,824.1,0.00,0.23,0.00,0.00,1.19
2026-08-24T00:25:07Z,0.725,18.1,823.7,0.00,0.00,0.00,0.00,1.19
2026-08-24T00:25:08Z,0.668,16.7,826.4,0.00,0.01,0.00,0.00,1.19
2026-08-24T00:25:09Z,0.666,16.7,822.7,0.00,0.00,0.00,0.00,1.10
2026-08-24T00:25:11Z,0.725,18.1,824.1,0.00,0.00,0.00,0.00,1.10
2026-08-24T00:25:12Z,0.667,16.7,826.7,0.00,0.00,0.00,0.00,1.10
2026-08-24T00:25:13Z,0.697,17.4,827.3,0.00,0.00,0.00,0.00,1.10
2026-08-24T00:25:14Z,0.666,16.7,827.4,0.00,0.00,0.00,0.00,1.10
2026-08-24T00:25:15Z,0.724,18.1,829.6,0.00,0.00,0.00,0.00,1.01
2026-08-24T00:25:16Z,0.717,17.9,829.2,0.00,0.00,0.00,0.00,1.01
2026-08-24T00:25:17Z,0.726,18.1,826.0,0.00,0.00,0.00,0.00,1.01
2026-08-24T00:25:18Z,0.696,17.4,827.4,0.00,0.12,0.00,0.00,1.01
2026-08-24T00:25:19Z,0.735,18.4,827.1,0.00,0.00,0.00,0.00,1.01
2026-08-24T00:25:20Z,0.775,19.4,829.0,0.00,0.00,0.00,0.00,1.01
2026-08-24T00:25:21Z,0.734,18.4,830.5,0.00,0.00,0.00,0.00,1.01
2026-08-24T00:25:22Z,0.727,18.2,829.0,0.00,0.05,0.00,0.00,1.01
2026-08-24T00:25:23Z,0.772,19.3,829.9,0.00,0.00,0.00,0.00,1.01
2026-08-24T00:25:24Z,0.700,17.5,830.9,0.00,0.12,0.00,0.00,1.01
2026-08-24T00:25:25Z,0.688,17.2,821.3,0.00,0.00,0.00,0.00,0.93
2026-08-24T00:25:26Z,0.763,19.1,816.3,0.00,0.02,0.00,0.00,0.93
2026-08-24T00:25:27Z,0.698,17.4,817.3,0.00,0.00,0.00,0.00,0.93
2026-08-24T00:25:28Z,0.726,18.1,820.2,0.00,0.00,0.00,0.00,0.93
2026-08-24T00:25:29Z,0.668,16.7,821.3,0.00,0.00,0.00,0.00,0.93
2026-08-24T00:25:30Z,0.638,16.0,821.4,0.00,0.18,0.00,0.00,1.01
2026-08-24T00:25:31Z,0.706,17.6,823.6,0.00,0.00,0.00,0.00,1.01
2026-08-24T00:25:32Z,0.726,18.1,824.6,0.00,0.00,0.00,0.00,1.01
2026-08-24T00:25:33Z,0.745,18.6,824.6,0.00,0.00,0.00,0.00,1.01
2026-08-24T00:25:34Z,0.678,17.0,826.1,0.00,0.00,0.00,0.00,1.01
2026-08-24T00:25:35Z,0.678,17.0,824.4,0.00,0.00,0.00,0.00,1.41
2026-08-24T00:25:36Z,0.794,19.9,826.0,0.00,0.00,0.00,0.00,1.41
2026-08-24T00:25:37Z,0.755,18.9,827.0,0.00,0.00,0.00,0.00,1.41
2026-08-24T00:25:38Z,0.717,17.9,825.6,0.00,0.00,0.00,0.00,1.41
2026-08-24T00:25:39Z,0.801,20.0,827.0,0.00,0.00,0.00,0.00,1.38
2026-08-24T00:25:40Z,0.802,20.1,829.7,0.00,0.12,0.00,0.00,1.38
2026-08-24T00:25:42Z,0.823,20.6,832.2,0.00,0.00,0.00,0.00,1.38
2026-08-24T00:25:43Z,0.792,19.8,832.9,0.00,0.00,0.00,0.00,1.38
2026-08-24T00:25:44Z,0.871,21.8,832.9,0.00,0.00,0.00,0.00,1.38
2026-08-24T00:25:45Z,0.831,20.8,832.8,0.00,0.00,0.00,0.00,1.27
2026-08-24T00:25:46Z,0.813,20.3,828.6,0.00,0.01,0.00,0.00,1.27
2026-08-24T00:25:47Z,0.872,21.8,830.3,0.00,0.00,0.00,0.00,1.27
2026-08-24T00:25:48Z,0.870,21.8,829.7,0.00,0.00,0.00,0.00,1.27
2026-08-24T00:25:49Z,0.823,20.6,829.6,0.00,0.01,0.00,0.00,1.27
2026-08-24T00:25:50Z,0.801,20.0,832.0,0.00,0.00,0.00,0.00,1.25
2026-08-24T00:25:51Z,0.792,19.8,825.0,0.00,0.17,0.00,0.00,1.25
2026-08-24T00:25:52Z,0.822,20.5,825.2,0.00,0.00,0.00,0.00,1.25
2026-08-24T00:25:53Z,0.822,20.5,827.1,0.00,0.06,0.00,0.00,1.25
2026-08-24T00:25:54Z,0.821,20.5,829.8,0.00,0.00,0.00,0.00,1.25
2026-08-24T00:25:55Z,0.782,19.6,829.9,0.00,0.00,0.00,0.00,1.15
2026-08-24T00:25:56Z,0.809,20.2,830.4,0.00,0.00,0.00,0.00,1.15
2026-08-24T00:25:57Z,0.754,18.9,828.1,0.00,0.00,0.00,0.00,1.15
2026-08-24T00:25:58Z,0.764,19.1,828.1,0.00,0.03,0.00,0.00,1.15
2026-08-24T00:25:59Z,0.775,19.4,827.7,0.00,0.00,0.00,0.00,1.15
2026-08-24T00:26:00Z,0.716,17.9,831.8,0.00,0.00,0.00,0.00,1.05
2026-08-24T00:26:01Z,0.763,19.1,828.9,0.00,0.00,0.00,0.00,1.05
2026-08-24T00:26:02Z,0.707,17.7,826.9,0.00,0.16,0.00,0.00,1.05
2026-08-24T00:26:03Z,0.677,16.9,829.3,0.00,0.00,0.00,0.00,1.05
2026-08-24T00:26:04Z,0.712,17.8,830.6,0.00,0.00,0.00,0.00,1.05
2026-08-24T00:26:05Z,0.736,18.4,830.9,0.00,0.00,0.00,0.00,1.13
2026-08-24T00:26:06Z,0.677,16.9,830.8,0.00,0.00,0.00,0.00,1.13
2026-08-24T00:26:07Z,0.675,16.9,831.0,0.00,0.17,0.00,0.00,1.13
2026-08-24T00:26:08Z,0.657,16.4,832.2,0.00,0.00,0.00,0.00,1.13
2026-08-24T00:26:09Z,0.707,17.7,833.2,0.00,0.00,0.00,0.00,1.20
2026-08-24T00:26:10Z,0.696,17.4,831.9,0.00,0.00,0.00,0.00,1.20
2026-08-24T00:26:11Z,0.629,15.7,832.3,0.00,0.00,0.00,0.00,1.20
2026-08-24T00:26:13Z,0.708,17.7,832.2,0.00,0.00,0.00,0.00,1.20
2026-08-24T00:26:14Z,0.639,16.0,830.9,0.00,0.00,0.00,0.00,1.20
2026-08-24T00:26:15Z,0.716,17.9,829.7,0.00,0.00,0.00,0.00,1.10
2026-08-24T00:26:16Z,0.715,17.9,828.6,0.00,0.00,0.00,0.00,1.10
2026-08-24T00:26:17Z,0.629,15.7,829.3,0.00,0.01,0.00,0.00,1.10
2026-08-24T00:26:18Z,0.657,16.4,826.1,0.00,0.00,0.00,0.00,1.10
2026-08-24T00:26:19Z,0.706,17.6,825.6,0.00,0.00,0.00,0.00,1.10
2026-08-24T00:26:20Z,0.706,17.6,824.1,0.00,0.17,0.00,0.00,1.26
2026-08-24T00:26:21Z,0.675,16.9,824.1,0.00,0.00,0.00,0.00,1.26
2026-08-24T00:26:22Z,0.648,16.2,821.6,0.00,0.00,0.00,0.00,1.26
2026-08-24T00:26:23Z,0.727,18.2,823.9,0.00,0.05,0.00,0.00,1.26
2026-08-24T00:26:24Z,0.698,17.4,825.2,0.00,0.00,0.00,0.00,1.26
2026-08-24T00:26:25Z,0.638,16.0,827.4,0.00,0.00,0.00,0.00,1.16
2026-08-24T00:26:26Z,0.706,17.6,828.6,0.00,0.00,0.00,0.00,1.16
2026-08-24T00:26:27Z,0.684,17.1,830.1,0.00,0.00,0.00,0.00,1.16
2026-08-24T00:26:28Z,0.705,17.6,819.8,0.00,0.03,0.00,0.00,1.16
2026-08-24T00:26:29Z,0.706,17.6,820.0,0.00,0.00,0.00,0.00,1.16
2026-08-24T00:26:30Z,0.694,17.3,821.7,0.00,0.12,0.00,0.00,1.06
2026-08-24T00:26:31Z,0.696,17.4,821.9,0.00,0.00,0.00,0.00,1.06
2026-08-24T00:26:32Z,0.695,17.4,821.0,0.00,0.00,0.00,0.00,1.06
2026-08-24T00:26:33Z,0.774,19.4,822.2,0.00,0.00,0.00,0.00,1.06
2026-08-24T00:26:34Z,0.724,18.1,822.9,0.00,0.00,0.00,0.00,1.06
2026-08-24T00:26:35Z,0.724,18.1,821.2,0.00,0.00,0.00,0.00,0.98
2026-08-24T00:26:36Z,0.686,17.2,821.2,0.00,0.00,0.00,0.00,0.98
2026-08-24T00:26:37Z,0.675,16.9,821.7,0.00,0.00,0.00,0.00,0.98
2026-08-24T00:26:38Z,0.704,17.6,820.9,0.00,0.00,0.00,0.00,0.98
2026-08-24T00:26:39Z,0.686,17.2,823.8,0.00,0.00,0.00,0.00,0.90
2026-08-24T00:26:40Z,0.716,17.9,824.8,0.00,0.14,0.00,0.00,0.90
2026-08-24T00:26:42Z,0.704,17.6,825.5,0.00,0.00,0.00,0.00,0.90
2026-08-24T00:26:43Z,0.686,17.2,825.4,0.00,0.00,0.00,0.00,0.90
2026-08-24T00:26:44Z,0.686,17.2,825.4,0.00,0.00,0.00,0.00,0.90
2026-08-24T00:26:45Z,0.667,16.7,826.4,0.00,0.00,0.00,0.00,0.83
2026-08-24T00:26:46Z,0.676,16.9,828.4,0.00,0.00,0.00,0.00,0.83
2026-08-24T00:26:47Z,0.668,16.7,827.0,0.00,0.00,0.00,0.00,0.83
2026-08-24T00:26:48Z,0.742,18.6,828.8,0.00,0.00,0.00,0.00,0.83
2026-08-24T00:26:49Z,0.696,17.4,830.9,0.00,0.01,0.00,0.00,0.83
2026-08-24T00:26:50Z,0.668,16.7,832.1,0.00,0.00,0.00,0.00,0.92
2026-08-24T00:26:51Z,0.668,16.7,833.2,0.00,0.00,0.00,0.00,0.92
2026-08-24T00:26:52Z,0.678,17.0,832.0,0.00,0.00,0.00,0.00,0.92
2026-08-24T00:26:53Z,0.714,17.8,831.8,0.00,0.12,0.00,0.00,0.92
2026-08-24T00:26:54Z,0.667,16.7,832.5,0.00,0.05,0.00,0.00,0.92
2026-08-24T00:26:55Z,0.716,17.9,829.4,0.00,0.00,0.00,0.00,0.85
2026-08-24T00:26:56Z,0.696,17.4,826.8,0.00,0.00,0.00,0.00,0.85
2026-08-24T00:26:57Z,0.705,17.6,828.6,0.00,0.00,0.00,0.00,0.85
2026-08-24T00:26:58Z,0.658,16.4,830.3,0.00,0.02,0.00,0.00,0.85
2026-08-24T00:26:59Z,0.679,17.0,829.0,0.00,0.00,0.00,0.00,0.85
2026-08-24T00:27:00Z,0.707,17.7,828.9,0.00,0.12,0.00,0.00,1.02
2026-08-24T00:27:01Z,0.717,17.9,830.1,0.00,0.00,0.00,0.00,1.02
2026-08-24T00:27:02Z,0.725,18.1,821.9,0.00,0.00,0.00,0.00,1.02
2026-08-24T00:27:03Z,0.718,17.9,823.8,0.00,0.00,0.00,0.00,1.02
2026-08-24T00:27:04Z,0.660,16.5,824.1,0.00,0.00,0.00,0.00,1.02
2026-08-24T00:27:05Z,0.708,17.7,825.5,0.00,0.00,0.00,0.00,1.02
2026-08-24T00:27:06Z,0.706,17.6,827.0,0.00,0.00,0.00,0.00,1.02
2026-08-24T00:27:07Z,0.678,17.0,824.9,0.00,0.12,0.00,0.00,1.02
2026-08-24T00:27:08Z,0.737,18.4,827.3,0.00,0.00,0.00,0.00,1.02
2026-08-24T00:27:09Z,0.723,18.1,827.3,0.00,0.00,0.00,0.00,0.94
2026-08-24T00:27:10Z,0.717,17.9,829.3,0.00,0.00,0.00,0.00,0.94
2026-08-24T00:27:11Z,0.649,16.2,828.2,0.00,0.00,0.00,0.00,0.94
2026-08-24T00:27:13Z,0.737,18.4,829.3,0.00,0.17,0.00,0.00,0.94
2026-08-24T00:27:14Z,0.708,17.7,831.5,0.00,0.00,0.00,0.00,0.94
2026-08-24T00:27:15Z,0.640,16.0,829.6,0.00,0.00,0.00,0.00,0.86
2026-08-24T00:27:16Z,0.707,17.7,823.8,0.00,0.03,0.00,0.00,0.86
2026-08-24T00:27:17Z,0.670,16.8,826.8,0.00,0.00,0.00,0.00,0.86
2026-08-24T00:27:18Z,0.719,18.0,828.7,0.00,0.13,0.00,0.00,0.86
2026-08-24T00:27:19Z,0.660,16.5,826.6,0.00,0.00,0.00,0.00,0.86
2026-08-24T00:27:20Z,0.736,18.4,826.9,0.00,0.00,0.00,0.00,1.51
2026-08-24T00:27:21Z,0.736,18.4,827.3,0.00,0.00,0.00,0.00,1.51
2026-08-24T00:27:22Z,0.649,16.2,828.6,0.00,0.00,0.00,0.00,1.51
2026-08-24T00:27:23Z,0.717,17.9,830.0,0.00,0.00,0.00,0.00,1.51
2026-08-24T00:27:24Z,0.746,18.6,828.4,0.00,0.00,0.00,0.00,1.51
2026-08-24T00:27:25Z,0.709,17.7,829.8,0.00,0.00,0.00,0.00,1.39
2026-08-24T00:27:26Z,0.678,17.0,829.9,0.00,0.00,0.00,0.00,1.39
2026-08-24T00:27:27Z,0.709,17.7,830.3,0.00,0.00,0.00,0.00,1.39
2026-08-24T00:27:28Z,0.688,17.2,830.7,0.00,0.00,0.00,0.00,1.39
2026-08-24T00:27:29Z,0.697,17.4,829.9,0.00,0.16,0.00,0.00,1.39
2026-08-24T00:27:30Z,0.708,17.7,828.9,0.00,0.00,0.00,0.00,1.44
2026-08-24T00:27:31Z,0.745,18.6,830.9,0.00,0.00,0.00,0.00,1.44
2026-08-24T00:27:32Z,0.669,16.7,831.4,0.00,0.00,0.00,0.00,1.44
2026-08-24T00:27:33Z,0.747,18.7,832.8,0.00,0.00,0.00,0.00,1.44
2026-08-24T00:27:34Z,0.669,16.7,831.4,0.00,0.00,0.00,0.00,1.44
2026-08-24T00:27:35Z,0.697,17.4,830.3,0.00,0.00,0.00,0.00,1.32
2026-08-24T00:27:36Z,0.726,18.1,831.2,0.00,0.00,0.00,0.00,1.32
2026-08-24T00:27:37Z,0.707,17.7,822.9,0.00,0.00,0.00,0.00,1.32
2026-08-24T00:27:38Z,0.736,18.4,823.7,0.00,0.00,0.00,0.00,1.32
2026-08-24T00:27:39Z,0.678,17.0,825.9,0.00,0.00,0.00,0.00,1.22
2026-08-24T00:27:40Z,0.717,17.9,827.1,0.00,0.00,0.00,0.00,1.22
2026-08-24T00:27:41Z,0.716,17.9,826.4,0.00,0.00,0.00,0.00,1.22
2026-08-24T00:27:42Z,0.727,18.2,829.4,0.00,0.00,0.00,0.00,1.22
2026-08-24T00:27:43Z,0.738,18.4,822.7,0.00,0.11,0.00,0.00,1.22
2026-08-24T00:27:44Z,0.659,16.5,824.9,0.00,0.00,0.00,0.00,1.12
2026-08-24T00:27:46Z,0.698,17.4,827.1,0.00,0.00,0.00,0.00,1.12
2026-08-24T00:27:47Z,0.687,17.2,825.8,0.00,0.04,0.00,0.00,1.12
2026-08-24T00:27:48Z,0.706,17.6,829.7,0.00,0.00,0.00,0.00,1.12
2026-08-24T00:27:49Z,0.688,17.2,832.7,0.00,0.18,0.00,0.00,1.12
2026-08-24T00:27:50Z,0.688,17.2,832.4,0.00,0.00,0.00,0.00,1.03
2026-08-24T00:27:51Z,0.710,17.8,832.4,0.00,0.00,0.00,0.00,1.03
2026-08-24T00:27:52Z,0.689,17.2,832.7,0.00,0.01,0.00,0.00,1.03
2026-08-24T00:27:53Z,0.719,18.0,832.0,0.00,0.00,0.00,0.00,1.03
2026-08-24T00:27:54Z,0.746,18.6,833.0,0.00,0.00,0.00,0.00,1.03
2026-08-24T00:27:55Z,0.706,17.6,833.7,0.00,0.00,0.00,0.00,1.19
2026-08-24T00:27:56Z,0.717,17.9,835.2,0.00,0.00,0.00,0.00,1.19
2026-08-24T00:27:57Z,0.687,17.2,835.1,0.00,0.00,0.00,0.00,1.19
2026-08-24T00:27:58Z,0.640,16.0,834.8,0.00,0.00,0.00,0.00,1.19
2026-08-24T00:27:59Z,0.679,17.0,835.3,0.00,0.00,0.00,0.00,1.19
2026-08-24T00:28:00Z,0.726,18.1,819.1,0.00,0.00,0.00,0.00,1.73
2026-08-24T00:28:01Z,0.756,18.9,820.0,0.00,0.00,0.00,0.00,1.73
2026-08-24T00:28:02Z,0.707,17.7,823.6,0.00,0.00,0.00,0.00,1.73
2026-08-24T00:28:03Z,0.756,18.9,823.8,0.00,0.00,0.00,0.00,1.73
2026-08-24T00:28:04Z,0.708,17.7,822.6,0.00,0.01,0.00,0.00,1.73
2026-08-24T00:28:05Z,0.659,16.5,820.0,0.00,0.16,0.00,0.00,1.60
2026-08-24T00:28:06Z,0.658,16.4,822.7,0.00,0.00,0.00,0.00,1.60
2026-08-24T00:28:07Z,0.726,18.1,821.6,0.00,0.00,0.00,0.00,1.60
2026-08-24T00:28:08Z,0.697,17.4,824.4,0.00,0.00,0.00,0.00,1.60
2026-08-24T00:28:09Z,0.661,16.5,826.6,0.00,0.00,0.00,0.00,1.60
2026-08-24T00:28:10Z,0.687,17.2,827.1,0.00,0.00,0.00,0.00,1.55
2026-08-24T00:28:11Z,0.757,18.9,829.0,0.00,0.00,0.00,0.00,1.55
2026-08-24T00:28:12Z,0.707,17.7,830.9,0.00,0.12,0.00,0.00,1.55
2026-08-24T00:28:13Z,0.737,18.4,831.8,0.00,0.00,0.00,0.00,1.55
2026-08-24T00:28:14Z,0.658,16.4,825.4,0.00,0.00,0.00,0.00,2.38
2026-08-24T00:28:15Z,0.738,18.4,825.3,0.00,0.00,0.00,0.00,2.38
2026-08-24T00:28:16Z,0.737,18.4,827.9,0.00,0.00,0.00,0.00,2.38
2026-08-24T00:28:18Z,0.697,17.4,828.5,0.00,0.06,0.00,0.00,2.38
2026-08-24T00:28:19Z,0.747,18.7,830.7,0.00,0.00,0.00,0.00,2.38
2026-08-24T00:28:20Z,0.776,19.4,832.2,0.00,0.15,0.00,0.00,2.19
2026-08-24T00:28:21Z,0.697,17.4,834.2,0.00,0.00,0.00,0.00,2.19
2026-08-24T00:28:22Z,0.717,17.9,835.5,0.00,0.00,0.00,0.00,2.19
2026-08-24T00:28:23Z,0.746,18.6,831.3,0.00,0.04,0.00,0.00,2.19
2026-08-24T00:28:24Z,0.708,17.7,831.6,0.00,0.00,0.00,0.00,2.19
2026-08-24T00:28:25Z,0.728,18.2,832.6,0.00,0.00,0.00,0.00,2.02
2026-08-24T00:28:26Z,0.735,18.4,830.9,0.00,0.00,0.00,0.00,2.02
2026-08-24T00:28:27Z,0.690,17.2,832.4,0.00,0.00,0.00,0.00,2.02
2026-08-24T00:28:28Z,0.718,17.9,830.8,0.00,0.15,0.00,0.00,2.02
2026-08-24T00:28:29Z,0.718,17.9,832.6,0.00,0.00,0.00,0.00,2.02
2026-08-24T00:28:30Z,0.688,17.2,829.8,0.00,0.00,0.00,0.00,1.86
2026-08-24T00:28:31Z,0.707,17.7,833.6,0.00,0.00,0.00,0.00,1.86
2026-08-24T00:28:32Z,0.698,17.4,834.9,0.00,0.00,0.00,0.00,1.86
2026-08-24T00:28:33Z,0.717,17.9,834.3,0.00,0.00,0.00,0.00,1.86
2026-08-24T00:28:34Z,0.746,18.6,833.7,0.00,0.00,0.00,0.00,1.86
2026-08-24T00:28:35Z,0.669,16.7,834.4,0.00,0.00,0.00,0.00,1.71
2026-08-24T00:28:36Z,0.765,19.1,833.3,0.00,0.00,0.00,0.00,1.71
2026-08-24T00:28:37Z,0.717,17.9,827.6,0.00,0.00,0.00,0.00,1.71
2026-08-24T00:28:38Z,0.687,17.2,826.8,0.00,0.00,0.00,0.00,1.71
2026-08-24T00:28:39Z,0.707,17.7,828.9,0.00,0.00,0.00,0.00,1.71
2026-08-24T00:28:40Z,0.745,18.6,830.9,0.00,0.00,0.00,0.00,1.81
2026-08-24T00:28:41Z,0.776,19.4,833.6,0.00,0.00,0.00,0.00,1.81
2026-08-24T00:28:42Z,0.727,18.2,832.7,0.00,0.09,0.00,0.00,1.81
2026-08-24T00:28:43Z,0.777,19.4,831.9,0.00,0.00,0.00,0.00,1.81
2026-08-24T00:28:44Z,0.717,17.9,830.9,0.00,0.00,0.00,0.00,1.99
2026-08-24T00:28:45Z,0.716,17.9,832.3,0.00,0.00,0.00,0.00,1.99
2026-08-24T00:28:46Z,0.706,17.6,830.5,0.00,0.00,0.00,0.00,1.99
2026-08-24T00:28:47Z,0.755,18.9,832.6,0.00,0.03,0.00,0.00,1.99
2026-08-24T00:28:48Z,0.728,18.2,829.9,0.00,0.00,0.00,0.00,1.99
2026-08-24T00:28:49Z,0.765,19.1,829.4,0.00,0.12,0.00,0.00,1.83
2026-08-24T00:28:51Z,0.807,20.2,831.3,0.00,0.00,0.00,0.00,1.83
2026-08-24T00:28:52Z,0.745,18.6,833.3,0.00,0.00,0.00,0.00,1.83
2026-08-24T00:28:53Z,0.772,19.3,833.5,0.00,0.02,0.00,0.00,1.83
2026-08-24T00:28:54Z,0.774,19.4,836.0,0.00,0.00,0.00,0.00,1.83
2026-08-24T00:28:55Z,0.781,19.5,823.1,0.00,0.00,0.00,0.00,2.32
2026-08-24T00:28:56Z,0.728,18.2,824.0,0.00,0.00,0.00,0.00,2.32
2026-08-24T00:28:57Z,0.754,18.9,826.7,0.00,0.00,0.00,0.00,2.32
2026-08-24T00:28:58Z,0.766,19.1,828.0,0.00,0.00,0.00,0.00,2.32
2026-08-24T00:28:59Z,0.813,20.3,828.7,0.00,0.00,0.00,0.00,2.32
2026-08-24T00:29:00Z,0.729,18.2,830.5,0.00,0.14,0.00,0.00,2.14
2026-08-24T00:29:01Z,0.765,19.1,828.1,0.00,0.00,0.00,0.00,2.14
2026-08-24T00:29:02Z,0.678,17.0,828.0,0.00,0.00,0.00,0.00,2.14
2026-08-24T00:29:03Z,0.804,20.1,829.4,0.00,0.00,0.00,0.00,2.14
2026-08-24T00:29:04Z,0.776,19.4,831.3,0.00,0.00,0.00,0.00,2.14
2026-08-24T00:29:05Z,0.804,20.1,822.9,0.00,0.00,0.00,0.00,2.12
2026-08-24T00:29:06Z,0.725,18.1,826.0,0.00,0.00,0.00,0.00,2.12
2026-08-24T00:29:07Z,0.746,18.6,826.0,0.00,0.00,0.00,0.00,2.12
2026-08-24T00:29:08Z,0.756,18.9,826.4,0.00,0.01,0.00,0.00,2.12
2026-08-24T00:29:09Z,0.727,18.2,828.2,0.00,0.00,0.00,0.00,2.12
2026-08-24T00:29:10Z,0.727,18.2,829.1,0.00,0.16,0.00,0.00,1.95
2026-08-24T00:29:11Z,0.746,18.6,827.6,0.00,0.00,0.00,0.00,1.95
2026-08-24T00:29:12Z,0.689,17.2,830.7,0.00,0.00,0.00,0.00,1.95
2026-08-24T00:29:13Z,0.813,20.3,829.3,0.00,0.00,0.00,0.00,1.95
2026-08-24T00:29:14Z,0.736,18.4,831.0,0.00,0.00,0.00,0.00,1.95
2026-08-24T00:29:15Z,0.783,19.6,830.6,0.00,0.00,0.00,0.00,1.80
2026-08-24T00:29:16Z,0.708,17.7,831.9,0.00,0.00,0.00,0.00,1.80
2026-08-24T00:29:17Z,0.717,17.9,834.0,0.00,0.00,0.00,0.00,1.80
2026-08-24T00:29:18Z,0.833,20.8,834.9,0.00,0.17,0.00,0.00,1.80
2026-08-24T00:29:19Z,0.717,17.9,835.9,0.00,0.00,0.00,0.00,1.65
2026-08-24T00:29:20Z,0.745,18.6,835.9,0.00,0.00,0.00,0.00,1.65
2026-08-24T00:29:21Z,0.737,18.4,828.1,0.00,0.00,0.00,0.00,1.65
2026-08-24T00:29:23Z,0.795,19.9,829.3,0.00,0.00,0.00,0.00,1.65
2026-08-24T00:29:24Z,0.708,17.7,831.8,0.00,0.03,0.00,0.00,1.65
2026-08-24T00:29:25Z,0.746,18.6,829.1,0.00,0.01,0.00,0.00,1.52
2026-08-24T00:29:26Z,0.775,19.4,830.9,0.00,0.00,0.00,0.00,1.52
2026-08-24T00:29:27Z,0.717,17.9,820.9,0.00,0.15,0.00,0.00,1.52
2026-08-24T00:29:28Z,0.804,20.1,820.2,0.00,0.00,0.00,0.00,1.52
2026-08-24T00:29:29Z,0.785,19.6,820.3,0.00,0.00,0.00,0.00,1.52
2026-08-24T00:29:30Z,0.793,19.8,822.1,0.00,0.00,0.00,0.00,2.28
2026-08-24T00:29:31Z,0.784,19.6,820.8,0.00,0.00,0.00,0.00,2.28
2026-08-24T00:29:32Z,0.762,19.1,819.6,0.00,0.00,0.00,0.00,2.28
2026-08-24T00:29:33Z,0.785,19.6,822.5,0.00,0.11,0.00,0.00,2.28
2026-08-24T00:29:34Z,0.726,18.1,823.7,0.00,0.00,0.00,0.00,2.28
2026-08-24T00:29:35Z,0.764,19.1,824.1,0.00,0.00,0.00,0.00,2.34
2026-08-24T00:29:36Z,0.755,18.9,822.8,0.00,0.00,0.00,0.00,2.34
2026-08-24T00:29:37Z,0.771,19.3,824.2,0.00,0.00,0.00,0.00,2.34
2026-08-24T00:29:38Z,0.775,19.4,822.4,0.00,0.00,0.00,0.00,2.34
2026-08-24T00:29:39Z,0.728,18.2,823.1,0.00,0.00,0.00,0.00,2.34
2026-08-24T00:29:40Z,0.678,17.0,822.0,0.00,0.00,0.00,0.00,2.23
2026-08-24T00:29:41Z,0.726,18.1,820.9,0.00,0.12,0.00,0.00,2.23
2026-08-24T00:29:42Z,0.727,18.2,822.0,0.00,0.00,0.00,0.00,2.23
2026-08-24T00:29:43Z,0.746,18.6,822.7,0.00,0.00,0.00,0.00,2.23
2026-08-24T00:29:44Z,0.726,18.1,825.0,0.00,0.00,0.00,0.00,2.23
2026-08-24T00:29:45Z,0.717,17.9,825.1,0.00,0.00,0.00,0.00,2.93
2026-08-24T00:29:46Z,0.745,18.6,825.9,0.00,0.00,0.00,0.00,2.93
2026-08-24T00:29:47Z,0.754,18.9,826.1,0.00,0.00,0.00,0.00,2.93
2026-08-24T00:29:48Z,0.715,17.9,819.0,0.00,0.20,0.00,0.00,2.93
2026-08-24T00:29:49Z,0.783,19.6,821.7,0.00,0.05,0.00,0.00,2.94
2026-08-24T00:29:50Z,0.689,17.2,818.8,0.00,0.00,0.00,0.00,2.94
2026-08-24T00:29:51Z,0.757,18.9,820.4,0.00,0.47,0.00,0.00,2.94
2026-08-24T00:29:52Z,0.778,19.4,821.3,0.00,0.00,0.00,0.00,2.94
2026-08-24T00:29:54Z,0.774,19.4,824.2,0.00,0.00,0.00,0.00,2.94
2026-08-24T00:29:55Z,0.812,20.3,822.2,0.00,0.04,0.00,0.00,2.86
2026-08-24T00:29:56Z,0.726,18.1,823.7,0.00,0.16,0.00,0.00,2.86
2026-08-24T00:29:57Z,0.764,19.1,824.8,0.00,0.00,0.00,0.00,2.86
2026-08-24T00:29:58Z,0.765,19.1,824.0,0.00,0.00,0.00,0.00,2.86
2026-08-24T00:29:59Z,0.736,18.4,827.2,0.00,0.00,0.00,0.00,2.86
2026-08-24T00:30:00Z,0.745,18.6,826.5,0.00,0.00,0.00,0.00,2.63
2026-08-24T00:30:01Z,0.726,18.1,827.0,0.00,0.00,0.00,0.00,2.63
2026-08-24T00:30:02Z,0.786,19.7,827.7,0.00,0.00,0.00,0.00,2.63
2026-08-24T00:30:03Z,0.794,19.9,829.7,0.00,0.00,0.00,0.00,2.63
2026-08-24T00:30:04Z,0.699,17.5,831.0,0.00,0.12,0.00,0.00,2.63
2026-08-24T00:30:05Z,0.728,18.2,832.0,0.00,0.00,0.00,0.00,2.50
2026-08-24T00:30:06Z,0.756,18.9,832.5,0.00,0.00,0.00,0.00,2.50
2026-08-24T00:30:07Z,0.735,18.4,824.9,0.00,0.00,0.00,0.00,2.50
2026-08-24T00:30:08Z,0.726,18.1,824.4,0.00,0.00,0.00,0.00,2.50
2026-08-24T00:30:09Z,0.677,16.9,826.5,0.00,0.00,0.00,0.00,2.50
2026-08-24T00:30:10Z,0.717,17.9,829.0,0.00,0.00,0.00,0.00,2.30
2026-08-24T00:30:11Z,0.669,16.7,827.9,0.00,0.00,0.00,0.00,2.30
2026-08-24T00:30:12Z,0.707,17.7,832.3,0.00,0.12,0.00,0.00,2.30
2026-08-24T00:30:13Z,0.747,18.7,829.9,0.00,0.00,0.00,0.00,2.30
2026-08-24T00:30:14Z,0.718,17.9,832.5,0.00,0.00,0.00,0.00,2.30
2026-08-24T00:30:15Z,0.736,18.4,835.5,0.00,0.00,0.00,0.00,2.12
2026-08-24T00:30:16Z,0.784,19.6,830.5,0.00,0.00,0.00,0.00,2.12
2026-08-24T00:30:17Z,0.689,17.2,831.1,0.00,0.00,0.00,0.00,2.12
2026-08-24T00:30:18Z,0.679,17.0,831.0,0.00,0.21,0.00,0.00,2.12
2026-08-24T00:30:19Z,0.717,17.9,831.0,0.00,0.01,0.00,0.00,2.12
2026-08-24T00:30:20Z,0.745,18.6,830.6,0.00,0.00,0.00,0.00,1.95
2026-08-24T00:30:21Z,0.715,17.9,832.5,0.00,0.06,0.00,0.00,1.95
2026-08-24T00:30:22Z,0.776,19.4,832.2,0.00,0.00,0.00,0.00,1.95
2026-08-24T00:30:23Z,0.727,18.2,829.7,0.00,0.00,0.00,0.00,1.95
2026-08-24T00:30:24Z,0.717,17.9,831.0,0.00,0.10,0.00,0.00,1.79
2026-08-24T00:30:26Z,0.678,17.0,831.3,0.00,0.00,0.00,0.00,1.79
2026-08-24T00:30:27Z,0.728,18.2,833.0,0.00,0.04,0.00,0.00,1.79
2026-08-24T00:30:28Z,0.728,18.2,823.0,0.00,0.01,0.00,0.00,1.79
2026-08-24T00:30:29Z,0.745,18.6,822.9,0.00,0.00,0.00,0.00,1.79
2026-08-24T00:30:30Z,0.727,18.2,824.2,0.00,0.00,0.00,0.00,1.97
2026-08-24T00:30:31Z,0.678,17.0,826.9,0.00,0.00,0.00,0.00,1.97
2026-08-24T00:30:32Z,0.708,17.7,830.1,0.00,0.00,0.00,0.00,1.97
2026-08-24T00:30:33Z,0.689,17.2,827.6,0.00,0.11,0.00,0.00,1.97
2026-08-24T00:30:34Z,0.823,20.6,826.2,0.00,0.00,0.00,0.00,1.97
2026-08-24T00:30:35Z,0.755,18.9,827.5,0.00,0.00,0.00,0.00,1.97
2026-08-24T00:30:36Z,0.726,18.1,822.1,0.00,0.00,0.00,0.00,1.97
2026-08-24T00:30:37Z,0.697,17.4,825.0,0.00,0.00,0.00,0.00,1.97
2026-08-24T00:30:38Z,0.765,19.1,821.0,0.00,0.00,0.00,0.00,1.97
2026-08-24T00:30:39Z,0.687,17.2,822.7,0.00,0.00,0.00,0.00,1.97
2026-08-24T00:30:40Z,0.737,18.4,821.7,0.00,0.00,0.00,0.00,2.13
2026-08-24T00:30:41Z,0.708,17.7,824.9,0.00,0.18,0.00,0.00,2.13
2026-08-24T00:30:42Z,0.707,17.7,823.8,0.00,0.00,0.00,0.00,2.13
2026-08-24T00:30:43Z,0.756,18.9,826.9,0.00,0.01,0.00,0.00,2.13
2026-08-24T00:30:44Z,0.717,17.9,826.7,0.00,0.00,0.00,0.00,2.13
2026-08-24T00:30:45Z,0.725,18.1,828.5,0.00,0.00,0.00,0.00,2.04
2026-08-24T00:30:46Z,0.699,17.5,830.7,0.00,0.00,0.00,0.00,2.04
2026-08-24T00:30:47Z,0.707,17.7,829.4,0.00,0.00,0.00,0.00,2.04
2026-08-24T00:30:48Z,0.737,18.4,831.6,0.00,0.00,0.00,0.00,2.04
2026-08-24T00:30:49Z,0.747,18.7,832.2,0.00,0.00,0.00,0.00,2.04
2026-08-24T00:30:50Z,0.728,18.2,829.5,0.00,0.00,0.00,0.00,2.28
2026-08-24T00:30:51Z,0.688,17.2,830.0,0.00,0.00,0.00,0.00,2.28
2026-08-24T00:30:52Z,0.661,16.5,832.7,0.00,0.06,0.00,0.00,2.28
2026-08-24T00:30:53Z,0.725,18.1,833.2,0.00,0.00,0.00,0.00,2.28
2026-08-24T00:30:54Z,0.697,17.4,835.3,0.00,0.00,0.00,0.00,2.82
2026-08-24T00:30:55Z,0.725,18.1,834.8,0.00,0.11,0.00,0.00,2.82
2026-08-24T00:30:56Z,0.716,17.9,834.7,0.00,0.00,0.00,0.00,2.82
2026-08-24T00:30:58Z,0.680,17.0,832.9,0.00,0.04,0.00,0.00,2.82
2026-08-24T00:30:59Z,0.688,17.2,833.1,0.00,0.00,0.00,0.00,2.82
2026-08-24T00:31:00Z,0.716,17.9,827.7,0.00,0.00,0.00,0.00,2.59
2026-08-24T00:31:01Z,0.726,18.1,829.6,0.00,0.00,0.00,0.00,2.59
2026-08-24T00:31:02Z,1.050,26.2,845.5,0.00,0.00,0.00,0.00,2.59
2026-08-24T00:31:03Z,0.670,16.8,837.1,0.00,0.00,0.00,0.00,2.59
2026-08-24T00:31:04Z,0.716,17.9,823.5,0.00,0.00,0.00,0.00,2.59
2026-08-24T00:31:05Z,0.689,17.2,826.3,0.00,0.34,0.00,0.00,2.54
2026-08-24T00:31:06Z,0.699,17.5,826.2,0.00,0.00,0.00,0.00,2.54
2026-08-24T00:31:07Z,0.709,17.7,827.8,0.00,0.00,0.00,0.00,2.54
2026-08-24T00:31:08Z,0.679,17.0,829.0,0.00,0.00,0.00,0.00,2.54
2026-08-24T00:31:09Z,0.668,16.7,831.0,0.00,0.00,0.00,0.00,2.54
2026-08-24T00:31:10Z,0.765,19.1,831.4,0.00,0.00,0.00,0.00,2.58
2026-08-24T00:31:11Z,0.693,17.3,833.2,0.00,0.00,0.00,0.00,2.58
2026-08-24T00:31:12Z,0.668,16.7,833.8,0.00,0.12,0.00,0.00,2.58
2026-08-24T00:31:13Z,0.708,17.7,822.7,0.00,0.00,0.00,0.00,2.58
2026-08-24T00:31:14Z,0.737,18.4,827.8,0.00,0.00,0.00,0.00,2.58
2026-08-24T00:31:15Z,0.737,18.4,827.6,0.00,0.00,0.00,0.00,2.77
2026-08-24T00:31:16Z,0.766,19.1,828.6,0.00,0.00,0.00,0.00,2.77
2026-08-24T00:31:17Z,0.737,18.4,830.3,0.00,0.00,0.00,0.00,2.77
2026-08-24T00:31:18Z,0.727,18.2,830.8,0.00,0.12,0.00,0.00,2.77
2026-08-24T00:31:19Z,0.686,17.2,832.2,0.00,0.00,0.00,0.00,2.77
2026-08-24T00:31:20Z,0.728,18.2,830.9,0.00,0.00,0.00,0.00,2.87
2026-08-24T00:31:21Z,0.679,17.0,823.6,0.00,0.01,0.00,0.00,2.87
2026-08-24T00:31:22Z,0.679,17.0,827.1,0.00,0.00,0.00,0.00,2.87
2026-08-24T00:31:23Z,0.698,17.4,826.9,0.00,0.08,0.00,0.00,2.87
2026-08-24T00:31:24Z,0.737,18.4,827.7,0.00,0.00,0.00,0.00,2.87
2026-08-24T00:31:25Z,0.668,16.7,827.9,0.00,0.14,0.00,0.00,2.80
2026-08-24T00:31:26Z,0.735,18.4,829.8,0.00,0.00,0.00,0.00,2.80
2026-08-24T00:31:27Z,0.638,16.0,828.1,0.00,0.00,0.00,0.00,2.80
2026-08-24T00:31:28Z,0.707,17.7,825.7,0.00,0.06,0.00,0.00,2.80
2026-08-24T00:31:30Z,0.726,18.1,821.3,0.00,0.00,0.00,0.00,2.58
2026-08-24T00:31:31Z,0.670,16.8,821.0,0.00,0.01,0.00,0.00,2.58
2026-08-24T00:31:32Z,0.687,17.2,819.0,0.00,0.00,0.00,0.00,2.58
2026-08-24T00:31:33Z,0.718,17.9,819.1,0.00,0.00,0.00,0.00,2.58
2026-08-24T00:31:34Z,0.677,16.9,821.1,0.00,0.00,0.00,0.00,2.58
2026-08-24T00:31:35Z,0.697,17.4,822.9,0.00,0.12,0.00,0.00,2.53
2026-08-24T00:31:36Z,0.728,18.2,825.9,0.00,0.00,0.00,0.00,2.53
2026-08-24T00:31:37Z,0.833,20.8,827.5,0.00,0.00,0.00,0.00,2.53
2026-08-24T00:31:38Z,0.754,18.9,820.1,0.00,0.00,0.00,0.00,2.53
2026-08-24T00:31:39Z,0.677,16.9,822.3,0.00,0.00,0.00,0.00,2.53
2026-08-24T00:31:40Z,0.661,16.5,819.6,0.00,0.00,0.00,0.00,2.57
2026-08-24T00:31:41Z,0.687,17.2,821.7,0.00,0.00,0.00,0.00,2.57
2026-08-24T00:31:42Z,0.698,17.4,824.1,0.00,0.00,0.00,0.00,2.57
2026-08-24T00:31:43Z,0.747,18.7,824.8,0.00,0.16,0.00,0.00,2.57
2026-08-24T00:31:44Z,0.631,15.8,824.7,0.00,0.00,0.00,0.00,2.57
2026-08-24T00:31:45Z,0.639,16.0,827.1,0.00,0.00,0.00,0.00,2.36
2026-08-24T00:31:46Z,0.669,16.7,828.4,0.00,0.00,0.00,0.00,2.36
2026-08-24T00:31:47Z,0.745,18.6,830.8,0.00,0.00,0.00,0.00,2.36
2026-08-24T00:31:48Z,0.746,18.6,832.3,0.00,0.00,0.00,0.00,2.36
2026-08-24T00:31:49Z,0.775,19.4,833.1,0.00,0.00,0.00,0.00,2.36
2026-08-24T00:31:50Z,0.697,17.4,831.0,0.00,0.00,0.00,0.00,2.25
2026-08-24T00:31:51Z,0.688,17.2,832.0,0.00,0.00,0.00,0.00,2.25
2026-08-24T00:31:52Z,0.678,17.0,831.0,0.00,0.00,0.00,0.00,2.25
2026-08-24T00:31:53Z,0.804,20.1,833.3,0.00,0.05,0.00,0.00,2.25
2026-08-24T00:31:54Z,0.756,18.9,831.3,0.00,0.00,0.00,0.00,2.25
2026-08-24T00:31:55Z,0.725,18.1,831.5,0.00,0.12,0.00,0.00,2.47
2026-08-24T00:31:56Z,0.717,17.9,831.5,0.00,0.00,0.00,0.00,2.47
2026-08-24T00:31:57Z,0.716,17.9,828.3,0.00,0.00,0.00,0.00,2.47
2026-08-24T00:31:58Z,0.735,18.4,832.2,0.00,0.02,0.00,0.00,2.47
2026-08-24T00:31:59Z,0.744,18.6,825.6,0.00,0.00,0.00,0.00,2.28
2026-08-24T00:32:00Z,0.689,17.2,826.6,0.00,0.00,0.00,0.00,2.28
2026-08-24T00:32:02Z,0.677,16.9,825.6,0.00,0.00,0.00,0.00,2.28
2026-08-24T00:32:03Z,0.660,16.5,827.8,0.00,0.00,0.00,0.00,2.28
2026-08-24T00:32:04Z,0.679,17.0,827.6,0.00,0.17,0.00,0.00,2.28
2026-08-24T00:32:05Z,0.715,17.9,831.2,0.00,0.00,0.00,0.00,3.13
2026-08-24T00:32:06Z,0.736,18.4,823.4,0.00,0.00,0.00,0.00,3.13
2026-08-24T00:32:07Z,0.700,17.5,826.7,0.00,0.00,0.00,0.00,3.13
2026-08-24T00:32:08Z,0.688,17.2,825.5,0.00,0.00,0.00,0.00,3.13
2026-08-24T00:32:09Z,0.668,16.7,825.6,0.00,0.00,0.00,0.00,3.13
2026-08-24T00:32:10Z,0.630,15.8,826.8,0.00,0.00,0.00,0.00,3.04
2026-08-24T00:32:11Z,0.660,16.5,823.5,0.00,0.11,0.00,0.00,3.04
2026-08-24T00:32:12Z,0.717,17.9,822.0,0.00,0.00,0.00,0.00,3.04
2026-08-24T00:32:13Z,0.680,17.0,825.2,0.00,0.00,0.00,0.00,3.04
2026-08-24T00:32:14Z,0.718,17.9,825.7,0.00,0.00,0.00,0.00,3.04
2026-08-24T00:32:15Z,0.669,16.7,827.7,0.00,0.00,0.00,0.00,3.28
2026-08-24T00:32:16Z,0.699,17.5,830.9,0.00,0.19,0.00,0.00,3.28
2026-08-24T00:32:17Z,0.742,18.6,821.8,0.00,0.14,0.00,0.00,3.28
2026-08-24T00:32:18Z,0.707,17.7,823.5,0.00,0.00,0.00,0.00,3.28
2026-08-24T00:32:19Z,0.746,18.6,820.4,0.00,0.00,0.00,0.00,3.28
2026-08-24T00:32:20Z,0.656,16.4,818.2,0.00,0.00,0.00,0.00,3.34
2026-08-24T00:32:21Z,0.707,17.7,818.9,0.00,0.01,0.00,0.00,3.34
2026-08-24T00:32:22Z,0.707,17.7,819.5,0.00,0.00,0.00,0.00,3.34
2026-08-24T00:32:23Z,0.630,15.8,817.3,0.00,0.00,0.00,0.00,3.34
2026-08-24T00:32:24Z,0.650,16.2,818.8,0.00,0.00,0.00,0.00,3.34
2026-08-24T00:32:25Z,0.650,16.2,821.5,0.00,0.12,0.00,0.00,3.07
2026-08-24T00:32:26Z,0.680,17.0,820.9,0.00,0.00,0.00,0.00,3.07
2026-08-24T00:32:27Z,0.628,15.7,818.1,0.00,0.00,0.00,0.00,3.07
2026-08-24T00:32:28Z,0.651,16.3,819.0,0.00,0.00,0.00,0.00,3.07
2026-08-24T00:32:29Z,0.678,17.0,821.7,0.00,0.00,0.00,0.00,3.06
2026-08-24T00:32:30Z,0.668,16.7,823.7,0.00,0.00,0.00,0.00,3.06
2026-08-24T00:32:31Z,0.688,17.2,826.4,0.00,0.00,0.00,0.00,3.06
2026-08-24T00:32:32Z,0.699,17.5,816.9,0.00,0.15,0.00,0.00,3.06
2026-08-24T00:32:33Z,0.679,17.0,818.6,0.00,0.00,0.00,0.00,3.06
2026-08-24T00:32:35Z,0.715,17.9,821.8,0.00,0.00,0.00,0.00,2.90
2026-08-24T00:32:36Z,0.658,16.4,821.9,0.00,0.00,0.00,0.00,2.90
2026-08-24T00:32:37Z,0.668,16.7,824.1,0.00,0.00,0.00,0.00,2.90
2026-08-24T00:32:38Z,0.650,16.2,824.1,0.00,0.00,0.00,0.00,2.90
2026-08-24T00:32:39Z,0.686,17.2,823.9,0.00,0.00,0.00,0.00,2.90
2026-08-24T00:32:40Z,0.724,18.1,826.6,0.00,0.00,0.00,0.00,2.67
2026-08-24T00:32:41Z,0.679,17.0,824.4,0.00,0.00,0.00,0.00,2.67
2026-08-24T00:32:42Z,0.679,17.0,826.5,0.00,0.00,0.00,0.00,2.67
2026-08-24T00:32:43Z,0.744,18.6,825.0,0.00,0.00,0.00,0.00,2.67
2026-08-24T00:32:44Z,0.648,16.2,828.6,0.00,0.12,0.00,0.00,2.67
2026-08-24T00:32:45Z,0.677,16.9,831.3,0.00,0.00,0.00,0.00,3.17
2026-08-24T00:32:46Z,0.718,17.9,831.0,0.00,0.01,0.00,0.00,3.17
2026-08-24T00:32:47Z,0.687,17.2,832.1,0.00,0.05,0.00,0.00,3.17
2026-08-24T00:32:48Z,0.764,19.1,834.7,0.00,0.00,0.00,0.00,3.17
2026-08-24T00:32:49Z,0.725,18.1,828.1,0.00,0.00,0.00,0.00,3.17
2026-08-24T00:32:50Z,0.706,17.6,831.1,0.00,0.00,0.00,0.00,2.92
2026-08-24T00:32:51Z,0.699,17.5,828.9,0.00,0.00,0.00,0.00,2.92
2026-08-24T00:32:52Z,0.697,17.4,829.9,0.00,0.02,0.00,0.00,2.92
2026-08-24T00:32:53Z,0.678,17.0,829.9,0.00,0.00,0.00,0.00,2.92
2026-08-24T00:32:54Z,0.723,18.1,831.2,0.00,0.01,0.00,0.00,2.92
2026-08-24T00:32:55Z,0.746,18.6,830.1,0.00,0.12,0.00,0.00,2.85
2026-08-24T00:32:56Z,0.695,17.4,830.8,0.00,0.00,0.00,0.00,2.85
2026-08-24T00:32:57Z,0.707,17.7,831.6,0.00,0.00,0.00,0.00,2.85
2026-08-24T00:32:58Z,0.678,17.0,832.1,0.00,0.00,0.00,0.00,2.85
2026-08-24T00:32:59Z,0.670,16.8,831.9,0.00,0.00,0.00,0.00,2.85
2026-08-24T00:33:00Z,0.707,17.7,829.5,0.00,0.00,0.00,0.00,2.78
2026-08-24T00:33:01Z,0.668,16.7,831.0,0.00,0.00,0.00,0.00,2.78
2026-08-24T00:33:02Z,0.717,17.9,822.8,0.00,0.00,0.00,0.00,2.78
2026-08-24T00:33:03Z,0.805,20.1,824.5,0.00,0.00,0.00,0.00,2.78
2026-08-24T00:33:04Z,0.707,17.7,826.7,0.00,0.00,0.00,0.00,2.56
2026-08-24T00:33:06Z,0.707,17.7,826.7,0.00,0.00,0.00,0.00,2.56
2026-08-24T00:33:07Z,0.726,18.1,828.7,0.00,0.00,0.00,0.00,2.56
2026-08-24T00:33:08Z,0.726,18.1,828.7,0.00,0.17,0.00,0.00,2.56
2026-08-24T00:33:09Z,0.736,18.4,829.9,0.00,0.00,0.00,0.00,2.56
2026-08-24T00:33:10Z,0.716,17.9,829.9,0.00,0.00,0.00,0.00,2.35
2026-08-24T00:33:11Z,0.734,18.4,829.3,0.00,0.00,0.00,0.00,2.35
2026-08-24T00:33:12Z,0.687,17.2,831.5,0.00,0.00,0.00,0.00,2.35
2026-08-24T00:33:13Z,0.678,17.0,830.8,0.00,0.00,0.00,0.00,2.35
2026-08-24T00:33:14Z,0.716,17.9,831.0,0.00,0.00,0.00,0.00,2.35
2026-08-24T00:33:15Z,0.764,19.1,829.4,0.00,0.00,0.00,0.00,2.16
2026-08-24T00:33:16Z,0.677,16.9,829.0,0.00,0.00,0.00,0.00,2.16
2026-08-24T00:33:17Z,0.677,16.9,829.9,0.00,0.05,0.00,0.00,2.16
2026-08-24T00:33:18Z,0.670,16.8,829.2,0.00,0.00,0.00,0.00,2.16
2026-08-24T00:33:19Z,0.768,19.2,829.5,0.00,0.00,0.00,0.00,2.16
2026-08-24T00:33:20Z,0.676,16.9,832.4,0.00,0.00,0.00,0.00,1.99
2026-08-24T00:33:21Z,0.745,18.6,829.5,0.00,0.14,0.00,0.00,1.99
2026-08-24T00:33:22Z,0.717,17.9,831.3,0.00,0.02,0.00,0.00,1.99
2026-08-24T00:33:23Z,0.736,18.4,831.1,0.00,0.00,0.00,0.00,1.99
2026-08-24T00:33:24Z,0.717,17.9,828.7,0.00,0.00,0.00,0.00,1.99
2026-08-24T00:33:25Z,0.688,17.2,832.1,0.00,0.00,0.00,0.00,2.23
2026-08-24T00:33:26Z,0.696,17.4,831.6,0.00,0.00,0.00,0.00,2.23
2026-08-24T00:33:27Z,0.719,18.0,833.1,0.00,0.00,0.00,0.00,2.23
2026-08-24T00:33:28Z,0.738,18.4,833.5,0.00,0.00,0.00,0.00,2.23
2026-08-24T00:33:29Z,0.785,19.6,835.3,0.00,0.00,0.00,0.00,2.23
2026-08-24T00:33:30Z,0.686,17.2,835.6,0.00,0.00,0.00,0.00,2.05
2026-08-24T00:33:31Z,0.706,17.6,828.9,0.00,0.00,0.00,0.00,2.05
2026-08-24T00:33:32Z,0.679,17.0,831.1,0.00,0.00,0.00,0.00,2.05
2026-08-24T00:33:33Z,0.745,18.6,830.2,0.00,0.00,0.00,0.00,2.05
2026-08-24T00:33:34Z,0.698,17.4,831.8,0.00,0.01,0.00,0.00,2.13
2026-08-24T00:33:35Z,0.696,17.4,830.6,0.00,0.00,0.00,0.00,2.13
2026-08-24T00:33:37Z,0.736,18.4,831.4,0.00,0.00,0.00,0.00,2.13
2026-08-24T00:33:38Z,0.706,17.6,832.7,0.00,0.00,0.00,0.00,2.13
2026-08-24T00:33:39Z,0.717,17.9,834.4,0.00,0.00,0.00,0.00,2.13
2026-08-24T00:33:40Z,0.735,18.4,833.7,0.00,0.00,0.00,0.00,1.96
2026-08-24T00:33:41Z,0.716,17.9,833.7,0.00,0.00,0.00,0.00,1.96
2026-08-24T00:33:42Z,0.765,19.1,828.0,0.00,0.00,0.00,0.00,1.96
2026-08-24T00:33:43Z,0.725,18.1,829.0,0.00,0.00,0.00,0.00,1.96
2026-08-24T00:33:44Z,0.715,17.9,830.3,0.00,0.00,0.00,0.00,1.96
2026-08-24T00:33:45Z,0.706,17.6,830.8,0.00,0.00,0.00,0.00,1.80
2026-08-24T00:33:46Z,0.734,18.4,830.5,0.00,0.00,0.00,0.00,1.80
2026-08-24T00:33:47Z,0.698,17.4,829.3,0.00,0.00,0.00,0.00,1.80
2026-08-24T00:33:48Z,0.699,17.5,830.7,0.00,0.04,0.00,0.00,1.80
2026-08-24T00:33:49Z,0.794,19.9,822.0,0.00,0.00,0.00,0.00,1.80
2026-08-24T00:33:50Z,0.738,18.4,822.5,0.00,0.00,0.00,0.00,1.66
2026-08-24T00:33:51Z,0.698,17.4,825.0,0.00,0.00,0.00,0.00,1.66
2026-08-24T00:33:52Z,0.628,15.7,826.6,0.00,0.00,0.00,0.00,1.66
2026-08-24T00:33:53Z,0.726,18.1,828.2,0.00,0.01,0.00,0.00,1.66
2026-08-24T00:33:54Z,0.748,18.7,827.4,0.00,0.00,0.00,0.00,1.66
2026-08-24T00:33:55Z,0.757,18.9,819.8,0.00,0.00,0.00,0.00,1.52
2026-08-24T00:33:56Z,0.726,18.1,822.5,0.00,0.01,0.00,0.00,1.52
2026-08-24T00:33:57Z,0.706,17.6,819.1,0.00,0.00,0.00,0.00,1.52
2026-08-24T00:33:58Z,0.705,17.6,822.0,0.00,0.00,0.00,0.00,1.52
2026-08-24T00:33:59Z,0.678,17.0,821.3,0.00,0.00,0.00,0.00,1.52
2026-08-24T00:34:00Z,0.698,17.4,820.8,0.00,0.00,0.00,0.00,1.40
2026-08-24T00:34:01Z,0.733,18.3,822.2,0.00,0.00,0.00,0.00,1.40
2026-08-24T00:34:02Z,0.734,18.4,822.4,0.00,0.28,0.00,0.00,1.40
2026-08-24T00:34:03Z,0.715,17.9,820.0,0.00,0.00,0.00,0.00,1.40
2026-08-24T00:34:04Z,0.753,18.8,820.5,0.00,0.00,0.00,0.00,1.29
2026-08-24T00:34:05Z,0.722,18.1,821.8,0.00,0.00,0.00,0.00,1.29
2026-08-24T00:34:06Z,0.696,17.4,822.2,0.00,0.00,0.00,0.00,1.29
2026-08-24T00:34:08Z,0.696,17.4,821.5,0.00,0.00,0.00,0.00,1.29
2026-08-24T00:34:09Z,0.686,17.2,824.9,0.00,0.17,0.00,0.00,1.29
2026-08-24T00:34:10Z,0.762,19.1,824.2,0.00,0.00,0.00,0.00,1.35
2026-08-24T00:34:11Z,0.731,18.3,817.8,0.00,0.00,0.00,0.00,1.35
2026-08-24T00:34:12Z,0.648,16.2,821.5,0.00,0.00,0.00,0.00,1.35
2026-08-24T00:34:13Z,0.717,17.9,822.7,0.00,0.00,0.00,0.00,1.35
2026-08-24T00:34:14Z,0.735,18.4,825.5,0.00,0.00,0.00,0.00,1.35
2026-08-24T00:34:15Z,0.704,17.6,822.7,0.00,0.00,0.00,0.00,1.64
2026-08-24T00:34:16Z,0.705,17.6,822.1,0.00,0.00,0.00,0.00,1.64
2026-08-24T00:34:17Z,0.735,18.4,818.8,0.00,0.00,0.00,0.00,1.64
2026-08-24T00:34:18Z,0.766,19.1,822.7,0.00,0.00,0.00,0.00,1.64
2026-08-24T00:34:19Z,0.696,17.4,823.9,0.00,0.05,0.00,0.00,1.64
2026-08-24T00:34:20Z,0.772,19.3,822.0,0.00,0.00,0.00,0.00,1.75
2026-08-24T00:34:21Z,0.694,17.3,823.3,0.00,0.14,0.00,0.00,1.75
2026-08-24T00:34:22Z,0.725,18.1,827.0,0.00,0.00,0.00,0.00,1.75
2026-08-24T00:34:23Z,0.781,19.5,824.7,0.00,0.02,0.00,0.00,1.75
2026-08-24T00:34:24Z,0.707,17.7,826.4,0.00,0.00,0.00,0.00,1.75
2026-08-24T00:34:25Z,0.745,18.6,820.1,0.00,0.00,0.00,0.00,1.61
2026-08-24T00:34:26Z,0.647,16.2,822.0,0.00,0.00,0.00,0.00,1.61
2026-08-24T00:34:27Z,0.697,17.4,824.7,0.00,0.00,0.00,0.00,1.61
2026-08-24T00:34:28Z,0.717,17.9,825.0,0.00,0.00,0.00,0.00,1.61
2026-08-24T00:34:29Z,0.725,18.1,823.9,0.00,0.00,0.00,0.00,1.61
2026-08-24T00:34:30Z,0.784,19.6,827.0,0.00,0.17,0.00,0.00,1.80
2026-08-24T00:34:31Z,0.726,18.1,827.8,0.00,0.00,0.00,0.00,1.80
2026-08-24T00:34:32Z,0.669,16.7,826.4,0.00,0.00,0.00,0.00,1.80
2026-08-24T00:34:33Z,0.724,18.1,829.6,0.00,0.00,0.00,0.00,1.80
2026-08-24T00:34:34Z,0.726,18.1,822.2,0.00,0.00,0.00,0.00,1.66
2026-08-24T00:34:35Z,0.775,19.4,823.1,0.00,0.00,0.00,0.00,1.66
2026-08-24T00:34:36Z,0.717,17.9,825.3,0.00,0.01,0.00,0.00,1.66
2026-08-24T00:34:38Z,0.805,20.1,825.8,0.00,0.15,0.00,0.00,1.66
2026-08-24T00:34:39Z,0.733,18.3,827.1,0.00,0.00,0.00,0.00,1.66
2026-08-24T00:34:40Z,0.715,17.9,829.1,0.00,0.00,0.00,0.00,1.68
2026-08-24T00:34:41Z,0.703,17.6,828.4,0.00,0.00,0.00,0.00,1.68
2026-08-24T00:34:42Z,0.697,17.4,828.6,0.00,0.00,0.00,0.00,1.68
2026-08-24T00:34:43Z,0.755,18.9,830.1,0.00,0.00,0.00,0.00,1.68
2026-08-24T00:34:44Z,0.735,18.4,829.4,0.00,0.00,0.00,0.00,1.68
2026-08-24T00:34:45Z,0.734,18.4,829.5,0.00,0.00,0.00,0.00,1.55
2026-08-24T00:34:46Z,0.714,17.8,830.3,0.00,0.12,0.00,0.00,1.55
2026-08-24T00:34:47Z,0.695,17.4,823.2,0.00,0.00,0.00,0.00,1.55
2026-08-24T00:34:48Z,0.783,19.6,825.2,0.00,0.00,0.00,0.00,1.55
2026-08-24T00:34:49Z,0.716,17.9,823.3,0.00,0.05,0.00,0.00,1.55
2026-08-24T00:34:50Z,0.677,16.9,823.6,0.00,0.00,0.00,0.00,1.42
2026-08-24T00:34:51Z,0.706,17.6,818.7,0.00,0.45,0.00,0.00,1.42
2026-08-24T00:34:52Z,0.745,18.6,819.9,0.00,0.14,0.00,0.00,1.42
2026-08-24T00:34:53Z,0.783,19.6,821.3,0.00,0.00,0.00,0.00,1.42
2026-08-24T00:34:54Z,0.717,17.9,822.5,0.00,0.04,0.00,0.00,1.42
2026-08-24T00:34:55Z,0.769,19.2,824.0,0.00,0.00,0.00,0.00,1.39
2026-08-24T00:34:56Z,0.695,17.4,826.7,0.00,0.00,0.00,0.00,1.39
2026-08-24T00:34:57Z,0.667,16.7,829.7,0.00,0.00,0.00,0.00,1.39
2026-08-24T00:34:58Z,0.723,18.1,823.5,0.00,0.00,0.00,0.00,1.39
2026-08-24T00:34:59Z,0.697,17.4,825.5,0.00,0.01,0.00,0.00,1.39
2026-08-24T00:35:00Z,0.765,19.1,821.2,0.00,0.00,0.00,0.00,1.28
2026-08-24T00:35:01Z,0.714,17.8,821.7,0.00,0.00,0.00,0.00,1.28
2026-08-24T00:35:02Z,0.715,17.9,822.0,0.00,0.00,0.00,0.00,1.28
2026-08-24T00:35:03Z,0.656,16.4,822.8,0.00,0.00,0.00,0.00,1.28
2026-08-24T00:35:04Z,0.722,18.1,823.2,0.00,0.29,0.00,0.00,1.18
2026-08-24T00:35:05Z,0.685,17.1,821.2,0.00,0.00,0.00,0.00,1.18
2026-08-24T00:35:06Z,0.734,18.4,822.9,0.00,0.00,0.00,0.00,1.18
2026-08-24T00:35:08Z,0.695,17.4,822.7,0.00,0.00,0.00,0.00,1.18
2026-08-24T00:35:09Z,0.694,17.3,824.2,0.00,0.00,0.00,0.00,1.18
2026-08-24T00:35:10Z,0.710,17.8,825.1,0.00,0.00,0.00,0.00,1.16
2026-08-24T00:35:11Z,0.742,18.6,820.9,0.00,0.00,0.00,0.00,1.16
2026-08-24T00:35:12Z,0.706,17.6,821.3,0.00,0.00,0.00,0.00,1.16
2026-08-24T00:35:13Z,0.733,18.3,822.9,0.00,0.12,0.00,0.00,1.16
2026-08-24T00:35:14Z,0.744,18.6,824.6,0.00,0.00,0.00,0.00,1.16
2026-08-24T00:35:15Z,0.673,16.8,823.9,0.00,0.00,0.00,0.00,1.07
2026-08-24T00:35:16Z,0.711,17.8,823.8,0.00,0.00,0.00,0.00,1.07
2026-08-24T00:35:17Z,0.726,18.1,825.7,0.00,0.00,0.00,0.00,1.07
2026-08-24T00:35:18Z,0.666,16.7,822.2,0.00,0.00,0.00,0.00,1.07
2026-08-24T00:35:19Z,0.686,17.2,823.4,0.00,0.00,0.00,0.00,1.07
2026-08-24T00:35:20Z,0.732,18.3,823.6,0.00,0.00,0.00,0.00,1.14
2026-08-24T00:35:21Z,0.703,17.6,825.3,0.00,0.06,0.00,0.00,1.14
2026-08-24T00:35:22Z,0.665,16.6,826.7,0.00,0.00,0.00,0.00,1.14
2026-08-24T00:35:23Z,0.760,19.0,825.4,0.00,0.12,0.00,0.00,1.14
2026-08-24T00:35:24Z,0.736,18.4,826.8,0.00,0.00,0.00,0.00,1.14
2026-08-24T00:35:25Z,0.702,17.5,827.0,0.00,0.00,0.00,0.00,1.05
2026-08-24T00:35:26Z,0.673,16.8,825.5,0.00,0.04,0.00,0.00,1.05
2026-08-24T00:35:27Z,0.721,18.0,826.4,0.00,0.00,0.00,0.00,1.05
2026-08-24T00:35:28Z,0.692,17.3,825.2,0.00,0.00,0.00,0.00,1.05
2026-08-24T00:35:29Z,0.695,17.4,825.8,0.00,0.00,0.00,0.00,1.05
2026-08-24T00:35:30Z,0.726,18.1,826.8,0.00,0.00,0.00,0.00,0.97
2026-08-24T00:35:31Z,0.646,16.2,828.6,0.00,0.15,0.00,0.00,0.97
2026-08-24T00:35:32Z,0.695,17.4,825.5,0.00,0.00,0.00,0.00,0.97
2026-08-24T00:35:33Z,0.715,17.9,827.1,0.00,0.00,0.00,0.00,0.97
2026-08-24T00:35:34Z,0.772,19.3,828.3,0.00,0.00,0.00,0.00,0.89
2026-08-24T00:35:36Z,0.744,18.6,829.1,0.00,0.00,0.00,0.00,0.89
2026-08-24T00:35:37Z,0.675,16.9,831.0,0.00,0.00,0.00,0.00,0.89
2026-08-24T00:35:38Z,0.741,18.5,831.0,0.00,0.00,0.00,0.00,0.89
2026-08-24T00:35:39Z,0.685,17.1,832.7,0.00,0.17,0.00,0.00,0.89
2026-08-24T00:35:40Z,0.725,18.1,833.0,0.00,0.00,0.00,0.00,0.82
2026-08-24T00:35:41Z,0.724,18.1,834.2,0.00,0.00,0.00,0.00,0.82
2026-08-24T00:35:42Z,0.657,16.4,834.7,0.00,0.00,0.00,0.00,0.82
2026-08-24T00:35:43Z,0.773,19.3,824.7,0.00,0.00,0.00,0.00,0.82
2026-08-24T00:35:44Z,0.647,16.2,825.2,0.00,0.00,0.00,0.00,0.82
2026-08-24T00:35:45Z,0.713,17.8,825.9,0.00,0.00,0.00,0.00,1.07
2026-08-24T00:35:46Z,0.657,16.4,825.2,0.00,0.00,0.00,0.00,1.07
2026-08-24T00:35:47Z,0.761,19.0,826.2,0.00,0.00,0.00,0.00,1.07
2026-08-24T00:35:48Z,0.741,18.5,821.0,0.00,0.14,0.00,0.00,1.07
2026-08-24T00:35:49Z,0.704,17.6,822.2,0.00,0.00,0.00,0.00,1.07
2026-08-24T00:35:50Z,0.706,17.6,822.9,0.00,0.01,0.00,0.00,1.55
2026-08-24T00:35:51Z,0.725,18.1,822.4,0.00,0.00,0.00,0.00,1.55
2026-08-24T00:35:52Z,0.702,17.5,823.7,0.00,0.05,0.00,0.00,1.55
2026-08-24T00:35:53Z,0.735,18.4,824.2,0.00,0.00,0.00,0.00,1.55
2026-08-24T00:35:54Z,0.686,17.2,824.6,0.00,0.00,0.00,0.00,1.55
2026-08-24T00:35:55Z,0.665,16.6,825.2,0.00,0.00,0.00,0.00,1.42
2026-08-24T00:35:56Z,0.692,17.3,825.7,0.00,0.03,0.00,0.00,1.42
2026-08-24T00:35:57Z,0.712,17.8,821.6,0.00,0.00,0.00,0.00,1.42
2026-08-24T00:35:58Z,0.734,18.4,823.8,0.00,0.00,0.00,0.00,1.42
2026-08-24T00:35:59Z,0.656,16.4,823.1,0.00,0.00,0.00,0.00,1.42
2026-08-24T00:36:00Z,0.731,18.3,823.1,0.00,0.00,0.00,0.00,1.31
2026-08-24T00:36:01Z,0.782,19.6,823.8,0.00,0.00,0.00,0.00,1.31
2026-08-24T00:36:02Z,0.781,19.5,822.5,0.00,0.12,0.00,0.00,1.31
2026-08-24T00:36:04Z,0.763,19.1,825.0,0.00,0.00,0.00,0.00,1.31
2026-08-24T00:36:05Z,0.751,18.8,823.3,0.00,0.00,0.00,0.00,1.20
2026-08-24T00:36:06Z,0.733,18.3,825.3,0.00,0.00,0.00,0.00,1.20
2026-08-24T00:36:07Z,0.763,19.1,824.2,0.00,0.00,0.00,0.00,1.20
2026-08-24T00:36:08Z,0.722,18.1,824.5,0.00,0.18,0.00,0.00,1.20
2026-08-24T00:36:09Z,0.753,18.8,825.8,0.00,0.00,0.00,0.00,1.20
2026-08-24T00:36:10Z,0.714,17.8,825.0,0.00,0.01,0.00,0.00,1.43
2026-08-24T00:36:11Z,0.744,18.6,826.1,0.00,0.00,0.00,0.00,1.43
2026-08-24T00:36:12Z,0.724,18.1,827.3,0.00,0.00,0.00,0.00,1.43
2026-08-24T00:36:13Z,0.734,18.4,825.8,0.00,0.00,0.00,0.00,1.43
2026-08-24T00:36:14Z,0.716,17.9,828.0,0.00,0.00,0.00,0.00,1.43
2026-08-24T00:36:15Z,0.716,17.9,828.7,0.00,0.14,0.00,0.00,1.31
2026-08-24T00:36:16Z,0.725,18.1,829.6,0.00,0.00,0.00,0.00,1.31
2026-08-24T00:36:17Z,0.764,19.1,831.0,0.00,0.00,0.00,0.00,1.31
2026-08-24T00:36:18Z,0.694,17.3,832.8,0.00,0.00,0.00,0.00,1.31
2026-08-24T00:36:19Z,0.696,17.4,833.1,0.00,0.00,0.00,0.00,1.31
2026-08-24T00:36:20Z,0.688,17.2,833.3,0.00,0.00,0.00,0.00,1.21
2026-08-24T00:36:21Z,0.687,17.2,834.5,0.00,0.00,0.00,0.00,1.21
2026-08-24T00:36:22Z,0.715,17.9,834.7,0.00,0.05,0.00,0.00,1.21
2026-08-24T00:36:23Z,0.706,17.6,833.3,0.00,0.00,0.00,0.00,1.21
2026-08-24T00:36:24Z,0.685,17.1,827.8,0.00,0.00,0.00,0.00,1.21
2026-08-24T00:36:25Z,0.725,18.1,828.5,0.00,0.00,0.00,0.00,1.11
2026-08-24T00:36:26Z,0.696,17.4,831.1,0.00,0.00,0.00,0.00,1.11
2026-08-24T00:36:27Z,0.677,16.9,832.4,0.00,0.02,0.00,0.00,1.11
2026-08-24T00:36:28Z,0.705,17.6,831.9,0.00,0.00,0.00,0.00,1.11
2026-08-24T00:36:29Z,0.724,18.1,832.4,0.00,0.00,0.00,0.00,1.11
2026-08-24T00:36:30Z,0.737,18.4,832.4,0.00,0.12,0.00,0.00,1.26
2026-08-24T00:36:31Z,0.754,18.9,831.2,0.00,0.00,0.00,0.00,1.26
2026-08-24T00:36:33Z,0.754,18.9,831.5,0.00,0.00,0.00,0.00,1.26
2026-08-24T00:36:34Z,0.764,19.1,830.5,0.00,0.00,0.00,0.00,1.26
2026-08-24T00:36:35Z,0.754,18.9,830.6,0.00,0.00,0.00,0.00,1.16
2026-08-24T00:36:36Z,0.734,18.4,831.8,0.00,0.00,0.00,0.00,1.16
2026-08-24T00:36:37Z,0.675,16.9,830.4,0.00,0.12,0.00,0.00,1.16
2026-08-24T00:36:38Z,0.706,17.6,828.9,0.00,0.00,0.00,0.00,1.16
2026-08-24T00:36:39Z,0.678,17.0,829.8,0.00,0.00,0.00,0.00,1.16
2026-08-24T00:36:40Z,0.717,17.9,827.9,0.00,0.00,0.00,0.00,1.07
2026-08-24T00:36:41Z,0.763,19.1,828.4,0.00,0.00,0.00,0.00,1.07
2026-08-24T00:36:42Z,0.743,18.6,828.9,0.00,0.00,0.00,0.00,1.07
2026-08-24T00:36:43Z,0.764,19.1,827.6,0.00,0.11,0.00,0.00,1.07
2026-08-24T00:36:44Z,0.725,18.1,826.9,0.00,0.00,0.00,0.00,1.07
2026-08-24T00:36:45Z,0.639,16.0,826.9,0.00,0.00,0.00,0.00,1.22
2026-08-24T00:36:46Z,0.799,20.0,828.2,0.05,0.00,0.00,0.00,1.22
2026-08-24T00:36:47Z,0.695,17.4,827.8,0.00,0.00,0.00,0.00,1.22
2026-08-24T00:36:48Z,0.715,17.9,830.0,0.00,0.00,0.00,0.00,1.22
2026-08-24T00:36:49Z,0.716,17.9,831.3,0.00,0.00,0.00,0.00,1.22
2026-08-24T00:36:50Z,0.756,18.9,830.7,0.00,0.28,0.00,0.00,1.12
2026-08-24T00:36:51Z,0.677,16.9,831.2,0.00,0.00,0.00,0.00,1.12
2026-08-24T00:36:52Z,0.745,18.6,830.0,0.00,0.04,0.00,0.00,1.12
2026-08-24T00:36:53Z,0.675,16.9,829.9,0.00,0.00,0.00,0.00,1.12
2026-08-24T00:36:54Z,0.734,18.4,831.0,0.00,0.00,0.00,0.00,1.12
2026-08-24T00:36:55Z,0.639,16.0,831.0,0.00,0.00,0.00,0.00,1.03
2026-08-24T00:36:56Z,0.735,18.4,830.7,0.00,0.02,0.00,0.00,1.03
2026-08-24T00:36:57Z,0.754,18.9,831.9,0.00,0.00,0.00,0.00,1.03
2026-08-24T00:36:58Z,0.696,17.4,834.6,0.00,0.15,0.00,0.00,1.03
2026-08-24T00:36:59Z,0.694,17.3,834.3,0.00,0.00,0.00,0.00,1.03
2026-08-24T00:37:00Z,0.727,18.2,827.6,0.00,0.01,0.00,0.00,1.19
2026-08-24T00:37:01Z,0.697,17.4,831.1,0.00,0.00,0.00,0.00,1.19
2026-08-24T00:37:03Z,0.707,17.7,831.1,0.00,0.00,0.00,0.00,1.19
2026-08-24T00:37:04Z,0.590,14.8,833.8,0.00,0.00,0.00,0.00,1.19
2026-08-24T00:37:05Z,0.715,17.9,834.7,0.00,0.00,0.00,0.00,1.18
2026-08-24T00:37:06Z,0.677,16.9,827.4,0.00,0.14,0.00,0.00,1.18
2026-08-24T00:37:07Z,0.695,17.4,829.4,0.00,0.00,0.00,0.00,1.18
2026-08-24T00:37:08Z,0.706,17.6,828.9,0.00,0.00,0.00,0.00,1.18
2026-08-24T00:37:09Z,0.713,17.8,821.9,0.00,0.00,0.00,0.00,1.18
2026-08-24T00:37:10Z,0.696,17.4,823.2,0.00,0.00,0.00,0.00,1.08
2026-08-24T00:37:11Z,0.704,17.6,823.7,0.00,0.00,0.00,0.00,1.08
2026-08-24T00:37:12Z,0.629,15.7,824.5,0.00,0.00,0.00,0.00,1.08
2026-08-24T00:37:13Z,0.675,16.9,824.8,0.00,0.01,0.00,0.00,1.08
2026-08-24T00:37:14Z,0.705,17.6,816.8,0.00,0.01,0.00,0.00,1.08
2026-08-24T00:37:15Z,0.715,17.9,819.5,0.00,0.00,0.00,0.00,1.00
2026-08-24T00:37:16Z,0.704,17.6,820.6,0.00,0.00,0.00,0.00,1.00
2026-08-24T00:37:17Z,0.743,18.6,822.5,0.00,0.23,0.00,0.00,1.00
2026-08-24T00:37:18Z,0.706,17.6,824.0,0.00,0.00,0.00,0.00,1.00
2026-08-24T00:37:19Z,0.727,18.2,824.9,0.00,0.00,0.00,0.00,1.00
2026-08-24T00:37:20Z,0.725,18.1,825.6,0.00,0.00,0.00,0.00,0.91
2026-08-24T00:37:21Z,0.743,18.6,827.2,0.00,0.00,0.00,0.00,0.91
2026-08-24T00:37:22Z,0.763,19.1,818.2,0.00,0.06,0.00,0.00,0.91
2026-08-24T00:37:23Z,0.686,17.2,818.8,0.00,0.00,0.00,0.00,0.91
2026-08-24T00:37:24Z,0.706,17.6,819.9,0.00,0.00,0.00,0.00,0.91
2026-08-24T00:37:25Z,0.716,17.9,821.4,0.00,0.00,0.00,0.00,0.84
2026-08-24T00:37:26Z,0.696,17.4,822.1,0.00,0.00,0.00,0.00,0.84
2026-08-24T00:37:27Z,0.744,18.6,823.1,0.00,0.12,0.00,0.00,0.84
2026-08-24T00:37:28Z,0.675,16.9,819.1,0.00,0.00,0.00,0.00,0.84
2026-08-24T00:37:29Z,0.744,18.6,818.1,0.00,0.00,0.00,0.00,0.84
2026-08-24T00:37:30Z,0.668,16.7,820.5,0.00,0.00,0.00,0.00,0.93
2026-08-24T00:37:31Z,0.668,16.7,820.7,0.00,0.00,0.00,0.00,0.93
2026-08-24T00:37:33Z,0.686,17.2,815.7,0.00,0.00,0.00,0.00,0.93
2026-08-24T00:37:34Z,0.695,17.4,817.7,0.00,0.15,0.00,0.00,0.93
2026-08-24T00:37:35Z,0.705,17.6,819.2,0.00,0.00,0.00,0.00,0.86
2026-08-24T00:37:36Z,0.677,16.9,818.3,0.00,0.00,0.00,0.00,0.86
2026-08-24T00:37:37Z,0.677,16.9,820.3,0.00,0.00,0.00,0.00,0.86
2026-08-24T00:37:38Z,0.640,16.0,822.3,0.00,0.00,0.00,0.00,0.86
2026-08-24T00:37:39Z,0.659,16.5,823.9,0.00,0.00,0.00,0.00,0.86
2026-08-24T00:37:40Z,0.658,16.4,826.1,0.00,0.00,0.00,0.00,0.79
2026-08-24T00:37:41Z,0.636,15.9,827.8,0.00,0.00,0.00,0.00,0.79
2026-08-24T00:37:42Z,0.649,16.2,828.6,0.00,0.00,0.00,0.00,0.79
2026-08-24T00:37:43Z,0.715,17.9,823.9,0.00,0.00,0.00,0.00,0.79
2026-08-24T00:37:44Z,0.735,18.4,824.8,0.00,0.00,0.00,0.00,0.79
2026-08-24T00:37:45Z,0.764,19.1,820.3,0.00,0.00,0.00,0.00,0.73
2026-08-24T00:37:46Z,0.716,17.9,819.5,0.00,0.00,0.00,0.00,0.73
2026-08-24T00:37:47Z,0.697,17.4,821.7,0.00,0.00,0.00,0.00,0.73
2026-08-24T00:37:48Z,0.695,17.4,821.7,0.00,0.12,0.00,0.00,0.73
2026-08-24T00:37:49Z,0.659,16.5,820.0,0.00,0.00,0.00,0.00,0.73
2026-08-24T00:37:50Z,0.630,15.8,820.6,0.00,0.00,0.00,0.00,0.67
2026-08-24T00:37:51Z,0.727,18.2,817.4,0.00,0.00,0.00,0.00,0.67
2026-08-24T00:37:52Z,0.689,17.2,818.6,0.00,0.00,0.00,0.00,0.67
2026-08-24T00:37:53Z,0.735,18.4,820.6,0.00,0.03,0.00,0.00,0.67
2026-08-24T00:37:54Z,0.745,18.6,823.7,0.00,0.14,0.00,0.00,0.67
2026-08-24T00:37:55Z,0.641,16.0,825.1,0.00,0.00,0.00,0.00,1.10
2026-08-24T00:37:56Z,0.717,17.9,822.1,0.00,0.00,0.00,0.00,1.10
2026-08-24T00:37:57Z,0.687,17.2,823.8,0.00,0.00,0.00,0.00,1.10
2026-08-24T00:37:58Z,0.685,17.1,824.2,0.00,0.01,0.00,0.00,1.10
2026-08-24T00:37:59Z,0.715,17.9,823.4,0.00,0.00,0.00,0.00,1.10
2026-08-24T00:38:00Z,0.697,17.4,824.8,0.00,0.00,0.00,0.00,1.09
2026-08-24T00:38:01Z,0.717,17.9,826.5,0.00,0.13,0.00,0.00,1.09
2026-08-24T00:38:02Z,0.699,17.5,825.3,0.00,0.00,0.00,0.00,1.09
2026-08-24T00:38:04Z,0.631,15.8,828.2,0.00,0.00,0.00,0.00,1.09
2026-08-24T00:38:05Z,0.668,16.7,829.3,0.00,0.00,0.00,0.00,1.00
2026-08-24T00:38:06Z,0.715,17.9,821.5,0.00,0.00,0.00,0.00,1.00
2026-08-24T00:38:07Z,0.659,16.5,821.6,0.00,0.00,0.00,0.00,1.00
2026-08-24T00:38:08Z,0.698,17.4,823.6,0.00,0.00,0.00,0.00,1.00
2026-08-24T00:38:09Z,0.670,16.8,824.2,0.00,0.00,0.00,0.00,1.00
2026-08-24T00:38:10Z,0.690,17.2,826.4,0.00,0.00,0.00,0.00,1.00
2026-08-24T00:38:11Z,0.659,16.5,827.7,0.00,0.16,0.00,0.00,1.00
2026-08-24T00:38:12Z,0.688,17.2,828.9,0.00,0.00,0.00,0.00,1.00
2026-08-24T00:38:13Z,0.717,17.9,831.3,0.00,0.00,0.00,0.00,1.00
2026-08-24T00:38:14Z,0.716,17.9,830.4,0.00,0.00,0.00,0.00,1.00
2026-08-24T00:38:15Z,0.709,17.7,823.4,0.00,0.00,0.00,0.00,1.08
2026-08-24T00:38:16Z,0.669,16.7,823.2,0.00,0.01,0.00,0.00,1.08
2026-08-24T00:38:17Z,0.766,19.1,822.8,0.00,0.00,0.00,0.00,1.08
2026-08-24T00:38:18Z,0.668,16.7,827.1,0.00,0.00,0.00,0.00,1.08
2026-08-24T00:38:19Z,0.697,17.4,827.3,0.00,0.00,0.00,0.00,1.08
2026-08-24T00:38:20Z,0.676,16.9,828.6,0.00,0.12,0.00,0.00,0.99
2026-08-24T00:38:21Z,0.670,16.8,830.5,0.00,0.00,0.00,0.00,0.99
2026-08-24T00:38:22Z,0.670,16.8,832.3,0.00,0.00,0.00,0.00,0.99
2026-08-24T00:38:23Z,0.717,17.9,825.0,0.00,0.05,0.00,0.00,0.99
2026-08-24T00:38:24Z,0.698,17.4,827.0,0.00,0.00,0.00,0.00,0.99
2026-08-24T00:38:25Z,0.668,16.7,829.4,0.00,0.00,0.00,0.00,0.91
2026-08-24T00:38:26Z,0.688,17.2,826.5,0.00,0.00,0.00,0.00,0.91
2026-08-24T00:38:27Z,0.661,16.5,817.6,0.00,0.00,0.00,0.00,0.91
2026-08-24T00:38:28Z,0.690,17.2,821.6,0.00,0.17,0.00,0.00,0.91
2026-08-24T00:38:29Z,0.688,17.2,821.4,0.00,0.00,0.00,0.00,0.91
2026-08-24T00:38:30Z,0.687,17.2,823.0,0.00,0.00,0.00,0.00,0.84
2026-08-24T00:38:31Z,0.687,17.2,820.7,0.00,0.00,0.00,0.00,0.84
2026-08-24T00:38:32Z,0.675,16.9,822.5,0.00,0.00,0.00,0.00,0.84
2026-08-24T00:38:33Z,0.697,17.4,823.4,0.00,0.00,0.00,0.00,0.84
2026-08-24T00:38:34Z,0.640,16.0,824.6,0.00,0.01,0.00,0.00,0.85
2026-08-24T00:38:35Z,0.705,17.6,824.5,0.00,0.00,0.00,0.00,0.85
2026-08-24T00:38:37Z,0.698,17.4,819.5,0.00,0.00,0.00,0.00,0.85
2026-08-24T00:38:38Z,0.658,16.4,817.9,0.00,0.00,0.00,0.00,0.85
2026-08-24T00:38:39Z,0.744,18.6,820.8,0.00,0.00,0.00,0.00,0.85
2026-08-24T00:38:40Z,0.678,17.0,822.1,0.00,0.00,0.00,0.00,0.95
2026-08-24T00:38:41Z,0.697,17.4,819.7,0.00,0.00,0.00,0.00,0.95
2026-08-24T00:38:42Z,0.716,17.9,820.5,0.00,0.14,0.00,0.00,0.95
2026-08-24T00:38:43Z,0.704,17.6,820.8,0.00,0.00,0.00,0.00,0.95
2026-08-24T00:38:44Z,0.650,16.2,821.6,0.00,0.00,0.00,0.00,0.95
2026-08-24T00:38:45Z,0.563,14.1,821.1,0.00,0.00,0.00,0.00,0.87
2026-08-24T00:38:46Z,0.633,15.8,819.4,0.00,0.00,0.00,0.00,0.87
2026-08-24T00:38:47Z,0.698,17.4,821.1,0.00,0.00,0.00,0.00,0.87
2026-08-24T00:38:48Z,0.649,16.2,822.8,0.00,0.00,0.00,0.00,0.87
2026-08-24T00:38:49Z,0.698,17.4,824.6,0.00,0.00,0.00,0.00,0.87
2026-08-24T00:38:50Z,0.705,17.6,824.6,0.00,0.00,0.00,0.00,0.96
2026-08-24T00:38:51Z,0.763,19.1,825.7,0.00,0.12,0.00,0.00,0.96
2026-08-24T00:38:52Z,0.659,16.5,828.6,0.00,0.00,0.00,0.00,0.96
2026-08-24T00:38:53Z,0.708,17.7,829.5,0.00,0.05,0.00,0.00,0.96
2026-08-24T00:38:54Z,0.735,18.4,830.9,0.00,0.00,0.00,0.00,0.96
2026-08-24T00:38:55Z,0.647,16.2,832.0,0.00,0.00,0.00,0.00,0.96
2026-08-24T00:38:56Z,0.726,18.1,823.9,0.00,0.00,0.00,0.00,0.96
2026-08-24T00:38:57Z,0.698,17.4,825.6,0.00,0.00,0.00,0.00,0.96
2026-08-24T00:38:58Z,0.678,17.0,828.1,0.00,0.02,0.00,0.00,0.96
2026-08-24T00:38:59Z,0.678,17.0,828.5,0.00,0.00,0.00,0.00,0.96
2026-08-24T00:39:00Z,0.717,17.9,828.9,0.00,0.00,0.00,0.00,0.97
2026-08-24T00:39:01Z,0.677,16.9,828.6,0.00,0.11,0.00,0.00,0.97
2026-08-24T00:39:02Z,0.679,17.0,829.0,0.00,0.00,0.00,0.00,0.97
2026-08-24T00:39:03Z,0.725,18.1,828.3,0.00,0.00,0.00,0.00,0.97
2026-08-24T00:39:04Z,0.657,16.4,828.3,0.00,0.00,0.00,0.00,0.97
2026-08-24T00:39:05Z,0.640,16.0,826.1,0.00,0.00,0.00,0.00,1.13
2026-08-24T00:39:06Z,0.718,17.9,823.8,0.00,0.00,0.00,0.00,1.13
2026-08-24T00:39:08Z,0.678,17.0,822.9,0.00,0.00,0.00,0.00,1.13
2026-08-24T00:39:09Z,0.706,17.6,825.9,0.00,0.00,0.00,0.00,1.13
2026-08-24T00:39:10Z,0.696,17.4,827.8,0.00,0.00,0.00,0.00,1.04
2026-08-24T00:39:11Z,0.669,16.7,829.6,0.00,0.00,0.00,0.00,1.04
2026-08-24T00:39:12Z,0.649,16.2,830.9,0.00,0.00,0.00,0.00,1.04
2026-08-24T00:39:13Z,0.708,17.7,833.4,0.00,0.12,0.00,0.00,1.04
2026-08-24T00:39:14Z,0.696,17.4,833.4,0.00,0.00,0.00,0.00,1.04
2026-08-24T00:39:15Z,0.650,16.2,834.8,0.00,0.00,0.00,0.00,0.96
2026-08-24T00:39:16Z,0.658,16.4,833.5,0.00,0.00,0.00,0.00,0.96
2026-08-24T00:39:17Z,0.724,18.1,833.9,0.00,0.00,0.00,0.00,0.96
2026-08-24T00:39:18Z,0.716,17.9,833.8,0.00,0.01,0.00,0.00,0.96
2026-08-24T00:39:19Z,0.717,17.9,833.8,0.00,0.00,0.00,0.00,0.96
2026-08-24T00:39:20Z,0.705,17.6,833.7,0.00,0.00,0.00,0.00,0.88
2026-08-24T00:39:21Z,0.737,18.4,833.3,0.00,0.09,0.00,0.00,0.88
2026-08-24T00:39:22Z,0.667,16.7,834.2,0.00,0.00,0.00,0.00,0.88
2026-08-24T00:39:23Z,0.717,17.9,832.8,0.00,0.00,0.00,0.00,0.88
2026-08-24T00:39:24Z,0.688,17.2,823.1,0.00,0.04,0.00,0.00,0.88
2026-08-24T00:39:25Z,0.698,17.4,825.6,0.00,0.00,0.00,0.00,1.21
2026-08-24T00:39:26Z,0.675,16.9,824.2,0.00,0.00,0.00,0.00,1.21
2026-08-24T00:39:27Z,0.696,17.4,825.7,0.00,0.00,0.00,0.00,1.21
2026-08-24T00:39:28Z,0.756,18.9,828.4,0.00,0.00,0.00,0.00,1.21
2026-08-24T00:39:29Z,0.677,16.9,827.6,0.00,0.12,0.00,0.00,1.21
2026-08-24T00:39:30Z,0.699,17.5,823.4,0.00,0.00,0.00,0.00,1.11
2026-08-24T00:39:31Z,0.667,16.7,820.7,0.00,0.00,0.00,0.00,1.11
2026-08-24T00:39:32Z,0.708,17.7,825.5,0.00,0.00,0.00,0.00,1.11
2026-08-24T00:39:33Z,0.717,17.9,826.8,0.00,0.00,0.00,0.00,1.11
2026-08-24T00:39:34Z,0.649,16.2,828.8,0.00,0.00,0.00,0.00,1.11
2026-08-24T00:39:35Z,0.698,17.4,830.1,0.00,0.12,0.00,0.00,1.10
2026-08-24T00:39:36Z,0.746,18.6,829.0,0.00,0.00,0.00,0.00,1.10
2026-08-24T00:39:37Z,0.698,17.4,831.7,0.00,0.01,0.00,0.00,1.10
2026-08-24T00:39:38Z,0.687,17.2,829.9,0.00,0.00,0.00,0.00,1.10
2026-08-24T00:39:40Z,0.698,17.4,833.3,0.00,0.00,0.00,0.00,1.01
2026-08-24T00:39:41Z,0.678,17.0,834.5,0.00,0.00,0.00,0.00,1.01
2026-08-24T00:39:42Z,0.744,18.6,833.8,0.00,0.00,0.00,0.00,1.01
2026-08-24T00:39:43Z,0.713,17.8,833.4,0.00,0.00,0.00,0.00,1.01
2026-08-24T00:39:44Z,0.718,17.9,833.3,0.00,0.09,0.00,0.00,1.01
2026-08-24T00:39:45Z,0.676,16.9,832.7,0.00,0.00,0.00,0.00,1.01
2026-08-24T00:39:46Z,0.698,17.4,833.4,0.00,0.00,0.00,0.00,1.01
2026-08-24T00:39:47Z,0.678,17.0,832.8,0.00,0.00,0.00,0.00,1.01
2026-08-24T00:39:48Z,0.688,17.2,833.1,0.00,0.00,0.00,0.00,1.01
2026-08-24T00:39:49Z,0.725,18.1,834.1,0.00,0.00,0.00,0.00,1.01
2026-08-24T00:39:50Z,0.689,17.2,832.1,0.00,0.00,0.00,0.00,0.93
2026-08-24T00:39:51Z,0.766,19.1,831.9,0.00,0.49,0.00,0.00,0.93
2026-08-24T00:39:52Z,0.727,18.2,832.1,0.00,0.00,0.00,0.00,0.93
2026-08-24T00:39:53Z,0.726,18.1,833.9,0.00,0.00,0.00,0.00,0.93
2026-08-24T00:39:54Z,0.747,18.7,832.5,0.00,0.00,0.00,0.00,0.93
2026-08-24T00:39:55Z,0.669,16.7,833.4,0.00,0.16,0.00,0.00,0.94
2026-08-24T00:39:56Z,0.735,18.4,832.7,0.00,0.04,0.00,0.00,0.94
2026-08-24T00:39:57Z,0.678,17.0,832.1,0.00,0.00,0.00,0.00,0.94
2026-08-24T00:39:58Z,0.708,17.7,820.5,0.00,0.00,0.00,0.00,0.94
2026-08-24T00:39:59Z,0.698,17.4,820.7,0.00,0.00,0.00,0.00,0.94
2026-08-24T00:40:00Z,0.668,16.7,821.7,0.00,0.00,0.00,0.00,0.86
2026-08-24T00:40:01Z,0.746,18.6,821.8,0.00,0.00,0.00,0.00,0.86
2026-08-24T00:40:02Z,0.755,18.9,821.7,0.00,0.00,0.00,0.00,0.86
2026-08-24T00:40:03Z,0.670,16.8,821.3,0.00,0.15,0.00,0.00,0.86
2026-08-24T00:40:04Z,0.746,18.6,821.5,0.00,0.11,0.00,0.00,0.86
2026-08-24T00:40:05Z,0.697,17.4,825.0,0.00,0.00,0.00,0.00,1.43
2026-08-24T00:40:06Z,0.717,17.9,824.3,0.00,0.00,0.00,0.00,1.43
2026-08-24T00:40:07Z,0.688,17.2,827.2,0.00,0.00,0.00,0.00,1.43
2026-08-24T00:40:08Z,0.677,16.9,827.8,0.00,0.00,0.00,0.00,1.43
2026-08-24T00:40:09Z,0.716,17.9,828.7,0.00,0.00,0.00,0.00,1.32
2026-08-24T00:40:11Z,0.726,18.1,828.0,0.00,0.00,0.00,0.00,1.32
2026-08-24T00:40:12Z,0.678,17.0,831.7,0.00,0.12,0.00,0.00,1.32
2026-08-24T00:40:13Z,0.697,17.4,835.3,0.00,0.00,0.00,0.00,1.32
2026-08-24T00:40:14Z,1.101,27.5,858.9,0.00,0.00,0.01,0.01,1.32
2026-08-24T00:40:15Z,0.699,17.5,846.1,0.00,0.00,0.00,0.00,1.21
2026-08-24T00:40:16Z,0.718,17.9,843.1,0.00,0.00,0.00,0.00,1.21
2026-08-24T00:40:17Z,0.766,19.1,833.9,0.00,0.00,0.00,0.00,1.21
2026-08-24T00:40:18Z,0.716,17.9,835.3,0.00,0.00,0.00,0.00,1.21
2026-08-24T00:40:19Z,0.649,16.2,834.1,0.00,0.35,0.00,0.00,1.21
2026-08-24T00:40:20Z,0.679,17.0,831.8,0.00,0.01,0.00,0.00,1.12
2026-08-24T00:40:21Z,0.699,17.5,832.3,0.00,0.00,0.00,0.00,1.12
2026-08-24T00:40:22Z,0.650,16.2,833.0,0.00,0.09,0.00,0.00,1.12
2026-08-24T00:40:23Z,0.717,17.9,827.5,0.00,0.00,0.00,0.00,1.12
2026-08-24T00:40:24Z,0.659,16.5,829.7,0.00,0.00,0.00,0.00,1.12
2026-08-24T00:40:25Z,0.699,17.5,832.2,0.00,0.00,0.00,0.00,1.11
2026-08-24T00:40:26Z,0.639,16.0,834.6,0.00,0.00,0.00,0.00,1.11
2026-08-24T00:40:27Z,0.707,17.7,827.2,0.00,0.06,0.00,0.00,1.11
2026-08-24T00:40:28Z,0.726,18.1,830.5,0.00,0.00,0.00,0.00,1.11
2026-08-24T00:40:29Z,0.720,18.0,833.3,0.00,0.00,0.00,0.00,1.11
2026-08-24T00:40:30Z,0.686,17.2,832.9,0.00,0.00,0.00,0.00,1.82
2026-08-24T00:40:31Z,0.591,14.8,831.8,0.00,0.00,0.00,0.00,1.82
2026-08-24T00:40:32Z,0.706,17.6,833.1,0.00,0.00,0.00,0.00,1.82
2026-08-24T00:40:33Z,0.755,18.9,831.1,0.00,0.00,0.00,0.00,1.82
2026-08-24T00:40:34Z,0.660,16.5,832.7,0.00,0.00,0.00,0.00,1.82
2026-08-24T00:40:35Z,0.641,16.0,833.9,0.00,0.01,0.00,0.00,1.67
2026-08-24T00:40:36Z,0.728,18.2,831.6,0.00,0.00,0.00,0.00,1.67
2026-08-24T00:40:37Z,0.630,15.8,830.5,0.00,0.00,0.00,0.00,1.67
2026-08-24T00:40:38Z,0.698,17.4,833.2,0.00,0.00,0.00,0.00,1.67
2026-08-24T00:40:39Z,0.743,18.6,833.9,0.00,0.00,0.00,0.00,1.67
2026-08-24T00:40:40Z,0.728,18.2,835.3,0.00,0.21,0.00,0.00,1.70
2026-08-24T00:40:41Z,0.719,18.0,837.8,0.00,0.00,0.00,0.00,1.70
2026-08-24T00:40:42Z,0.737,18.4,834.1,0.00,0.00,0.00,0.00,1.70
2026-08-24T00:40:44Z,0.754,18.9,825.7,0.00,0.00,0.00,0.00,1.70
2026-08-24T00:40:45Z,0.688,17.2,825.7,0.00,0.00,0.00,0.00,1.56
2026-08-24T00:40:46Z,0.717,17.9,828.2,0.00,0.00,0.00,0.00,1.56
2026-08-24T00:40:47Z,0.659,16.5,828.1,0.00,0.00,0.00,0.00,1.56
2026-08-24T00:40:48Z,0.698,17.4,830.2,0.00,0.00,0.00,0.00,1.56
2026-08-24T00:40:49Z,0.698,17.4,822.5,0.00,0.13,0.00,0.00,1.56
2026-08-24T00:40:50Z,0.725,18.1,819.4,0.00,0.00,0.00,0.00,1.44
2026-08-24T00:40:51Z,0.698,17.4,821.5,0.00,0.00,0.00,0.00,1.44
2026-08-24T00:40:52Z,0.744,18.6,822.8,0.00,0.00,0.00,0.00,1.44
2026-08-24T00:40:53Z,0.755,18.9,824.7,0.00,0.04,0.00,0.00,1.44
2026-08-24T00:40:54Z,0.697,17.4,825.5,0.00,0.12,0.00,0.00,1.44
2026-08-24T00:40:55Z,0.689,17.2,823.7,0.00,0.00,0.00,0.00,1.32
2026-08-24T00:40:56Z,0.669,16.7,825.4,0.00,0.00,0.00,0.00,1.32
2026-08-24T00:40:57Z,0.640,16.0,827.0,0.00,0.00,0.00,0.00,1.32
2026-08-24T00:40:58Z,0.659,16.5,819.5,0.00,0.03,0.00,0.00,1.32
2026-08-24T00:40:59Z,0.736,18.4,821.4,0.00,0.00,0.00,0.00,1.32
2026-08-24T00:41:00Z,0.688,17.2,822.6,0.00,0.00,0.00,0.00,2.10
2026-08-24T00:41:01Z,0.719,18.0,824.3,0.00,0.00,0.00,0.00,2.10
2026-08-24T00:41:02Z,0.726,18.1,823.2,0.00,0.00,0.00,0.00,2.10
2026-08-24T00:41:03Z,0.659,16.5,824.7,0.00,0.12,0.00,0.00,2.10
2026-08-24T00:41:04Z,0.689,17.2,828.9,0.00,0.00,0.00,0.00,2.10
2026-08-24T00:41:05Z,0.734,18.4,823.1,0.00,0.00,0.00,0.00,2.33
2026-08-24T00:41:06Z,0.690,17.2,825.5,0.00,0.00,0.00,0.00,2.33
2026-08-24T00:41:07Z,0.756,18.9,825.0,0.00,0.00,0.00,0.00,2.33
2026-08-24T00:41:08Z,0.775,19.4,827.2,0.00,0.00,0.00,0.00,2.33
2026-08-24T00:41:09Z,0.717,17.9,825.5,0.00,0.00,0.00,0.00,2.33
2026-08-24T00:41:10Z,0.756,18.9,828.8,0.00,0.00,0.00,0.00,2.78
2026-08-24T00:41:11Z,0.697,17.4,830.7,0.00,0.00,0.00,0.00,2.78
2026-08-24T00:41:12Z,0.669,16.7,831.5,0.00,0.00,0.00,0.00,2.78
2026-08-24T00:41:13Z,0.699,17.5,830.8,0.00,0.00,0.00,0.00,2.78
2026-08-24T00:41:14Z,0.794,19.9,830.4,0.00,0.00,0.00,0.00,2.56
2026-08-24T00:41:16Z,0.795,19.9,832.4,0.00,0.17,0.00,0.00,2.56
2026-08-24T00:41:17Z,0.785,19.6,833.3,0.00,0.00,0.00,0.00,2.56
2026-08-24T00:41:18Z,0.707,17.7,830.3,0.00,0.00,0.00,0.00,2.56
2026-08-24T00:41:19Z,0.715,17.9,828.5,0.00,0.00,0.00,0.00,2.56
2026-08-24T00:41:20Z,0.708,17.7,831.0,0.00,0.00,0.00,0.00,2.36
2026-08-24T00:41:21Z,0.651,16.3,831.4,0.00,0.00,0.00,0.00,2.36
2026-08-24T00:41:22Z,0.669,16.7,831.1,0.00,0.01,0.00,0.00,2.36
2026-08-24T00:41:23Z,0.678,17.0,830.1,0.00,0.12,0.00,0.00,2.36
2026-08-24T00:41:24Z,0.678,17.0,830.3,0.00,0.04,0.00,0.00,2.36
2026-08-24T00:41:25Z,0.650,16.2,829.7,0.00,0.00,0.00,0.00,2.17
2026-08-24T00:41:26Z,0.708,17.7,829.0,0.00,0.00,0.00,0.00,2.17
2026-08-24T00:41:27Z,0.669,16.7,829.4,0.00,0.00,0.00,0.00,2.17
2026-08-24T00:41:28Z,0.717,17.9,821.8,0.00,0.00,0.00,0.00,2.17
2026-08-24T00:41:29Z,0.735,18.4,825.2,0.00,0.02,0.00,0.00,2.17
2026-08-24T00:41:30Z,0.688,17.2,827.6,0.00,0.00,0.00,0.00,2.15
2026-08-24T00:41:31Z,0.660,16.5,829.8,0.00,0.12,0.00,0.00,2.15
2026-08-24T00:41:32Z,0.688,17.2,831.9,0.00,0.00,0.00,0.00,2.15
2026-08-24T00:41:33Z,0.679,17.0,829.8,0.00,0.00,0.00,0.00,2.15
2026-08-24T00:41:34Z,0.706,17.6,830.0,0.00,0.00,0.00,0.00,2.15
2026-08-24T00:41:35Z,0.677,16.9,831.3,0.00,0.00,0.00,0.00,2.14
2026-08-24T00:41:36Z,0.727,18.2,831.5,0.00,0.00,0.00,0.00,2.14
2026-08-24T00:41:37Z,0.697,17.4,832.0,0.00,0.01,0.00,0.00,2.14
2026-08-24T00:41:38Z,0.728,18.2,833.4,0.00,0.12,0.00,0.00,2.14
2026-08-24T00:41:39Z,0.709,17.7,829.5,0.00,0.00,0.00,0.00,2.14
2026-08-24T00:41:40Z,0.717,17.9,829.4,0.00,0.00,0.00,0.00,1.97
2026-08-24T00:41:41Z,0.639,16.0,831.4,0.00,0.00,0.00,0.00,1.97
2026-08-24T00:41:42Z,0.641,16.0,830.0,0.00,0.00,0.00,0.00,1.97
2026-08-24T00:41:43Z,0.706,17.6,829.6,0.00,0.00,0.00,0.00,1.97
2026-08-24T00:41:44Z,0.678,17.0,828.9,0.00,0.11,0.00,0.00,1.97
2026-08-24T00:41:45Z,0.679,17.0,829.6,0.00,0.00,0.00,0.00,1.81
2026-08-24T00:41:46Z,0.695,17.4,828.9,0.00,0.00,0.00,0.00,1.81
2026-08-24T00:41:48Z,0.639,16.0,822.7,0.00,0.00,0.00,0.00,1.81
2026-08-24T00:41:49Z,0.707,17.7,823.9,0.00,0.00,0.00,0.00,1.81
2026-08-24T00:41:50Z,0.707,17.7,824.6,0.00,0.00,0.00,0.00,1.67
2026-08-24T00:41:51Z,0.690,17.2,827.8,0.00,0.00,0.00,0.00,1.67
2026-08-24T00:41:52Z,0.678,17.0,828.6,0.00,0.00,0.00,0.00,1.67
2026-08-24T00:41:53Z,0.621,15.5,830.1,0.00,0.13,0.00,0.00,1.67
2026-08-24T00:41:54Z,0.708,17.7,830.4,0.00,0.00,0.00,0.00,1.67
2026-08-24T00:41:55Z,0.719,18.0,828.2,0.00,0.05,0.00,0.00,1.53
2026-08-24T00:41:56Z,0.717,17.9,830.3,0.00,0.00,0.00,0.00,1.53
2026-08-24T00:41:57Z,0.668,16.7,829.1,0.00,0.00,0.00,0.00,1.53
2026-08-24T00:41:58Z,0.720,18.0,830.2,0.00,0.00,0.00,0.00,1.53
2026-08-24T00:41:59Z,0.630,15.8,830.4,0.00,0.00,0.00,0.00,1.53
2026-08-24T00:42:00Z,0.755,18.9,830.9,0.00,0.14,0.00,0.00,1.41
2026-08-24T00:42:01Z,0.660,16.5,821.1,0.00,0.00,0.00,0.00,1.41
2026-08-24T00:42:02Z,0.689,17.2,822.4,0.00,0.00,0.00,0.00,1.41
2026-08-24T00:42:03Z,0.631,15.8,825.7,0.00,0.00,0.00,0.00,1.41
2026-08-24T00:42:04Z,0.678,17.0,826.9,0.00,0.00,0.00,0.00,1.41
2026-08-24T00:42:05Z,0.677,16.9,825.0,0.00,0.14,0.00,0.00,1.30
2026-08-24T00:42:06Z,0.680,17.0,818.4,0.00,0.00,0.00,0.00,1.30
2026-08-24T00:42:07Z,0.726,18.1,818.1,0.00,0.00,0.00,0.00,1.30
2026-08-24T00:42:08Z,0.689,17.2,820.3,0.00,0.00,0.00,0.00,1.30
2026-08-24T00:42:09Z,0.690,17.2,822.8,0.00,0.00,0.00,0.00,1.30
2026-08-24T00:42:10Z,0.766,19.1,825.8,0.00,0.00,0.00,0.00,1.19
2026-08-24T00:42:11Z,0.729,18.2,827.9,0.00,0.12,0.00,0.00,1.19
2026-08-24T00:42:12Z,0.668,16.7,827.7,0.00,0.00,0.00,0.00,1.19
2026-08-24T00:42:13Z,0.735,18.4,827.7,0.00,0.00,0.00,0.00,1.19
2026-08-24T00:42:14Z,0.689,17.2,830.0,0.00,0.00,0.00,0.00,1.19
2026-08-24T00:42:15Z,0.698,17.4,829.7,0.00,0.00,0.00,0.00,1.18
2026-08-24T00:42:16Z,0.715,17.9,831.5,0.00,0.00,0.00,0.00,1.18
2026-08-24T00:42:17Z,0.696,17.4,829.5,0.00,0.00,0.00,0.00,1.18
2026-08-24T00:42:18Z,0.745,18.6,830.3,0.00,0.00,0.00,0.00,1.18
2026-08-24T00:42:19Z,0.716,17.9,829.2,0.00,0.00,0.00,0.00,1.56
2026-08-24T00:42:21Z,0.707,17.7,829.9,0.00,0.00,0.00,0.00,1.56
2026-08-24T00:42:22Z,0.726,18.1,832.1,0.00,0.00,0.00,0.00,1.56
2026-08-24T00:42:23Z,0.688,17.2,832.6,0.00,0.17,0.00,0.00,1.56
2026-08-24T00:42:24Z,0.697,17.4,834.1,0.00,0.01,0.00,0.00,1.56
2026-08-24T00:42:25Z,0.708,17.7,823.5,0.00,0.04,0.00,0.00,1.44
2026-08-24T00:42:26Z,0.736,18.4,825.7,0.00,0.00,0.00,0.00,1.44
2026-08-24T00:42:27Z,0.785,19.6,827.9,0.00,0.00,0.00,0.00,1.44
2026-08-24T00:42:28Z,0.707,17.7,827.9,0.00,0.13,0.00,0.00,1.44
2026-08-24T00:42:29Z,0.755,18.9,831.3,0.00,0.00,0.00,0.00,1.44
2026-08-24T00:42:30Z,0.771,19.3,832.9,0.00,0.00,0.00,0.00,1.32
2026-08-24T00:42:31Z,0.746,18.6,822.2,0.00,0.00,0.00,0.00,1.32
2026-08-24T00:42:32Z,0.696,17.4,825.6,0.00,0.00,0.00,0.00,1.32
2026-08-24T00:42:33Z,0.688,17.2,827.0,0.00,0.00,0.00,0.00,1.32
2026-08-24T00:42:34Z,0.726,18.1,825.9,0.00,0.00,0.00,0.00,1.32
2026-08-24T00:42:35Z,0.765,19.1,821.6,0.00,0.18,0.00,0.00,1.22
2026-08-24T00:42:36Z,0.726,18.1,818.1,0.00,0.00,0.00,0.00,1.22
2026-08-24T00:42:37Z,0.706,17.6,817.8,0.00,0.00,0.00,0.00,1.22
2026-08-24T00:42:38Z,0.678,17.0,819.1,0.00,0.00,0.00,0.00,1.22
2026-08-24T00:42:39Z,0.716,17.9,821.4,0.00,0.01,0.00,0.00,1.22
2026-08-24T00:42:40Z,0.746,18.6,823.7,0.00,0.00,0.00,0.00,1.44
2026-08-24T00:42:41Z,0.754,18.9,825.6,0.00,0.00,0.00,0.00,1.44
2026-08-24T00:42:42Z,0.715,17.9,826.7,0.00,0.00,0.00,0.00,1.44
2026-08-24T00:42:43Z,0.737,18.4,827.9,0.00,0.00,0.00,0.00,1.44
2026-08-24T00:42:44Z,0.724,18.1,829.5,0.00,0.00,0.00,0.00,1.44
2026-08-24T00:42:45Z,0.699,17.5,829.7,0.00,0.00,0.00,0.00,2.04
2026-08-24T00:42:46Z,0.716,17.9,829.4,0.00,0.00,0.00,0.00,2.04
2026-08-24T00:42:47Z,0.752,18.8,830.0,0.00,0.01,0.00,0.00,2.04
2026-08-24T00:42:48Z,0.676,16.9,828.7,0.00,0.00,0.00,0.00,2.04
2026-08-24T00:42:49Z,0.716,17.9,829.5,0.00,0.00,0.00,0.00,2.04
2026-08-24T00:42:50Z,0.679,17.0,830.0,0.00,0.00,0.00,0.00,2.12
2026-08-24T00:42:52Z,0.709,17.7,832.8,0.00,0.00,0.00,0.00,2.12
2026-08-24T00:42:53Z,0.679,17.0,820.2,0.00,0.00,0.00,0.00,2.12
2026-08-24T00:42:54Z,0.716,17.9,821.8,0.00,0.00,0.00,0.00,2.12
2026-08-24T00:42:55Z,0.735,18.4,825.0,0.00,0.04,0.00,0.00,2.03
2026-08-24T00:42:56Z,0.689,17.2,825.7,0.00,0.00,0.00,0.00,2.03
2026-08-24T00:42:57Z,0.709,17.7,827.2,0.00,0.00,0.00,0.00,2.03
2026-08-24T00:42:58Z,0.707,17.7,827.7,0.00,0.00,0.00,0.00,2.03
2026-08-24T00:42:59Z,0.686,17.2,831.1,0.00,0.00,0.00,0.00,2.03
2026-08-24T00:43:00Z,0.728,18.2,830.6,0.00,0.03,0.00,0.00,1.95
2026-08-24T00:43:01Z,0.726,18.1,823.0,0.00,0.00,0.00,0.00,1.95
2026-08-24T00:43:02Z,0.697,17.4,826.4,0.00,0.00,0.00,0.00,1.95
2026-08-24T00:43:03Z,0.687,17.2,824.7,0.00,0.00,0.00,0.00,1.95
2026-08-24T00:43:04Z,0.698,17.4,826.6,0.00,0.00,0.00,0.00,1.95
2026-08-24T00:43:05Z,0.708,17.7,826.1,0.00,0.00,0.00,0.00,1.79
2026-08-24T00:43:06Z,0.660,16.5,828.6,0.00,0.00,0.00,0.00,1.79
2026-08-24T00:43:07Z,0.727,18.2,823.7,0.00,0.29,0.00,0.00,1.79
2026-08-24T00:43:08Z,0.708,17.7,820.4,0.00,0.00,0.00,0.00,1.79
2026-08-24T00:43:09Z,0.707,17.7,822.6,0.00,0.00,0.00,0.00,1.79
2026-08-24T00:43:10Z,0.735,18.4,823.4,0.00,0.00,0.00,0.00,1.65
2026-08-24T00:43:11Z,0.744,18.6,824.3,0.00,0.00,0.00,0.00,1.65
2026-08-24T00:43:12Z,0.717,17.9,824.5,0.00,0.00,0.00,0.00,1.65
2026-08-24T00:43:13Z,0.727,18.2,825.4,0.00,0.00,0.00,0.00,1.65
2026-08-24T00:43:14Z,0.718,17.9,819.6,0.00,0.00,0.00,0.00,1.65
2026-08-24T00:43:15Z,0.727,18.2,820.7,0.00,0.00,0.00,0.00,1.52
2026-08-24T00:43:16Z,0.766,19.1,823.4,0.00,0.00,0.00,0.00,1.52
2026-08-24T00:43:17Z,0.755,18.9,823.2,0.00,0.00,0.00,0.00,1.52
2026-08-24T00:43:18Z,0.745,18.6,825.2,0.00,0.00,0.00,0.00,1.52
2026-08-24T00:43:19Z,0.783,19.6,827.1,0.00,0.00,0.00,0.00,1.52
2026-08-24T00:43:20Z,0.745,18.6,825.3,0.00,0.00,0.00,0.00,1.64
2026-08-24T00:43:21Z,0.767,19.2,826.1,0.00,0.00,0.00,0.00,1.64
2026-08-24T00:43:22Z,0.727,18.2,827.5,0.00,0.00,0.00,0.00,1.64
2026-08-24T00:43:24Z,0.748,18.7,824.4,0.00,0.00,0.00,0.00,1.64
2026-08-24T00:43:25Z,0.775,19.4,816.8,0.00,0.04,0.00,0.00,1.50
2026-08-24T00:43:26Z,0.743,18.6,818.6,0.00,0.00,0.00,0.00,1.50
2026-08-24T00:43:27Z,0.795,19.9,821.5,0.00,0.00,0.00,0.00,1.50
2026-08-24T00:43:28Z,0.795,19.9,820.2,0.00,0.01,0.00,0.00,1.50
2026-08-24T00:43:29Z,0.755,18.9,821.7,0.00,0.00,0.00,0.00,1.50
2026-08-24T00:43:30Z,0.737,18.4,823.3,0.00,0.00,0.00,0.00,1.54
2026-08-24T00:43:31Z,0.794,19.9,824.2,0.00,0.02,0.00,0.00,1.54
2026-08-24T00:43:32Z,0.765,19.1,826.8,0.00,0.00,0.00,0.00,1.54
2026-08-24T00:43:33Z,0.727,18.2,823.8,0.00,0.00,0.00,0.00,1.54
2026-08-24T00:43:34Z,0.754,18.9,827.2,0.00,0.00,0.00,0.00,1.54
2026-08-24T00:43:35Z,0.766,19.1,826.6,0.00,0.00,0.00,0.00,1.50
2026-08-24T00:43:36Z,0.765,19.1,829.2,0.00,0.00,0.00,0.00,1.50
2026-08-24T00:43:37Z,0.728,18.2,830.0,0.00,0.00,0.00,0.00,1.50
2026-08-24T00:43:38Z,0.765,19.1,825.4,0.00,0.22,0.00,0.00,1.50
2026-08-24T00:43:39Z,0.755,18.9,826.0,0.00,0.00,0.00,0.00,1.50
2026-08-24T00:43:40Z,0.794,19.9,823.8,0.00,0.00,0.00,0.00,1.38
2026-08-24T00:43:41Z,0.735,18.4,824.9,0.00,0.01,0.00,0.00,1.38
2026-08-24T00:43:42Z,0.708,17.7,826.4,0.00,0.00,0.00,0.00,1.38
2026-08-24T00:43:43Z,0.794,19.9,826.8,0.00,0.00,0.00,0.00,1.38
2026-08-24T00:43:44Z,0.755,18.9,826.2,0.00,0.00,0.00,0.00,1.38
2026-08-24T00:43:45Z,0.796,19.9,827.2,0.00,0.00,0.00,0.00,1.27
2026-08-24T00:43:46Z,0.725,18.1,828.4,0.00,0.00,0.00,0.00,1.27
2026-08-24T00:43:47Z,0.744,18.6,825.9,0.00,0.00,0.00,0.00,1.27
2026-08-24T00:43:48Z,0.803,20.1,826.4,0.00,0.00,0.00,0.00,1.27
2026-08-24T00:43:49Z,0.806,20.2,829.1,0.00,0.00,0.00,0.00,1.27
2026-08-24T00:43:50Z,0.804,20.1,831.3,0.00,0.00,0.00,0.00,1.25
2026-08-24T00:43:51Z,0.764,19.1,831.9,0.00,0.00,0.00,0.00,1.25
2026-08-24T00:43:52Z,0.777,19.4,833.6,0.00,0.00,0.00,0.00,1.25
2026-08-24T00:43:53Z,0.756,18.9,832.1,0.00,0.00,0.00,0.00,1.25
2026-08-24T00:43:54Z,0.736,18.4,824.7,0.00,0.00,0.00,0.00,1.25
2026-08-24T00:43:56Z,0.833,20.8,826.4,0.00,0.05,0.00,0.00,1.23
2026-08-24T00:43:57Z,0.802,20.1,828.1,0.00,0.00,0.00,0.00,1.23
2026-08-24T00:43:58Z,0.745,18.6,828.9,0.00,0.01,0.00,0.00,1.23
2026-08-24T00:43:59Z,0.814,20.3,829.2,0.00,0.00,0.00,0.00,1.23
2026-08-24T00:44:00Z,0.824,20.6,830.6,0.00,0.00,0.00,0.00,1.13
2026-08-24T00:44:01Z,0.803,20.1,831.4,0.00,0.03,0.00,0.00,1.13
2026-08-24T00:44:02Z,0.833,20.8,829.0,0.00,0.00,0.00,0.00,1.13
2026-08-24T00:44:03Z,0.814,20.3,830.9,0.00,0.00,0.00,0.00,1.13
2026-08-24T00:44:04Z,0.746,18.6,832.5,0.00,0.00,0.00,0.00,1.13
2026-08-24T00:44:05Z,0.773,19.3,833.1,0.00,0.00,0.00,0.00,1.04
2026-08-24T00:44:06Z,0.832,20.8,834.1,0.00,0.00,0.00,0.00,1.04
2026-08-24T00:44:07Z,0.833,20.8,831.4,0.00,0.00,0.00,0.00,1.04
2026-08-24T00:44:08Z,0.823,20.6,829.5,0.00,0.00,0.00,0.00,1.04
2026-08-24T00:44:09Z,0.880,22.0,828.0,0.00,0.00,0.00,0.00,1.04
2026-08-24T00:44:10Z,0.852,21.3,827.1,0.00,0.00,0.00,0.00,0.95
2026-08-24T00:44:11Z,0.785,19.6,829.9,0.00,0.00,0.00,0.00,0.95
2026-08-24T00:44:12Z,0.804,20.1,831.6,0.00,0.22,0.00,0.00,0.95
2026-08-24T00:44:13Z,0.813,20.3,832.3,0.00,0.00,0.00,0.00,0.95
2026-08-24T00:44:14Z,0.843,21.1,830.5,0.00,0.00,0.00,0.00,0.95
2026-08-24T00:44:15Z,0.833,20.8,831.5,0.00,0.00,0.00,0.00,0.88
2026-08-24T00:44:16Z,0.840,21.0,832.3,0.00,0.00,0.00,0.00,0.88
2026-08-24T00:44:17Z,0.805,20.1,832.6,0.00,0.00,0.00,0.00,0.88
2026-08-24T00:44:18Z,0.823,20.6,832.8,0.00,0.00,0.00,0.00,0.88
2026-08-24T00:44:19Z,0.833,20.8,829.7,0.00,0.00,0.00,0.00,0.88
2026-08-24T00:44:20Z,0.890,22.2,830.4,0.00,0.00,0.00,0.00,0.81
2026-08-24T00:44:21Z,0.804,20.1,827.0,0.00,0.00,0.00,0.00,0.81
2026-08-24T00:44:22Z,0.795,19.9,826.3,0.00,0.00,0.00,0.00,0.81
2026-08-24T00:44:23Z,0.843,21.1,826.9,0.00,0.00,0.00,0.00,0.81
2026-08-24T00:44:24Z,0.874,21.9,828.1,0.00,0.00,0.00,0.00,0.81
2026-08-24T00:44:25Z,0.853,21.3,827.7,0.00,0.00,0.00,0.00,0.74
2026-08-24T00:44:27Z,0.822,20.5,828.7,0.00,0.04,0.00,0.00,0.74
2026-08-24T00:44:28Z,0.824,20.6,830.5,0.00,0.00,0.00,0.00,0.74
2026-08-24T00:44:29Z,0.861,21.5,831.5,0.00,0.01,0.00,0.00,0.74
2026-08-24T00:44:30Z,0.852,21.3,831.8,0.00,0.00,0.00,0.00,0.68
2026-08-24T00:44:31Z,0.785,19.6,835.0,0.00,0.00,0.00,0.00,0.68
2026-08-24T00:44:32Z,0.843,21.1,835.9,0.00,0.03,0.00,0.00,0.68
2026-08-24T00:44:33Z,0.852,21.3,830.4,0.00,0.00,0.00,0.00,0.68
2026-08-24T00:44:34Z,0.757,18.9,830.2,0.00,0.00,0.00,0.00,0.68
2026-08-24T00:44:35Z,0.786,19.7,830.2,0.00,0.00,0.00,0.00,0.71
2026-08-24T00:44:36Z,0.840,21.0,827.1,0.00,0.00,0.00,0.00,0.71
2026-08-24T00:44:37Z,0.775,19.4,828.1,0.00,0.00,0.00,0.00,0.71
2026-08-24T00:44:38Z,0.864,21.6,830.8,0.00,0.00,0.00,0.00,0.71
2026-08-24T00:44:39Z,0.844,21.1,834.5,0.00,0.00,0.00,0.00,0.71
2026-08-24T00:44:40Z,0.862,21.6,830.2,0.00,0.00,0.00,0.00,1.13
2026-08-24T00:44:41Z,0.843,21.1,830.9,0.00,0.00,0.00,0.00,1.13
2026-08-24T00:44:42Z,0.833,20.8,832.0,0.00,0.00,0.00,0.00,1.13
2026-08-24T00:44:43Z,0.890,22.2,831.8,0.00,0.00,0.00,0.00,1.13
2026-08-24T00:44:44Z,0.824,20.6,832.8,0.00,0.00,0.00,0.00,1.13
2026-08-24T00:44:45Z,0.824,20.6,822.9,0.00,0.00,0.00,0.00,1.04
2026-08-24T00:44:46Z,0.774,19.4,824.1,0.00,0.00,0.00,0.00,1.04
2026-08-24T00:44:47Z,0.854,21.3,826.5,0.00,0.00,0.00,0.00,1.04
2026-08-24T00:44:48Z,0.890,22.2,826.3,0.00,0.00,0.00,0.00,1.04
2026-08-24T00:44:49Z,0.834,20.8,826.0,0.00,0.00,0.00,0.00,1.04
2026-08-24T00:44:50Z,0.805,20.1,824.7,0.00,0.00,0.00,0.00,1.20
2026-08-24T00:44:51Z,0.777,19.4,826.0,0.00,0.50,0.00,0.00,1.20
2026-08-24T00:44:52Z,0.814,20.3,825.5,0.00,0.00,0.00,0.00,1.20
2026-08-24T00:44:53Z,0.824,20.6,826.5,0.00,0.23,0.00,0.00,1.20
2026-08-24T00:44:54Z,0.889,22.2,829.4,0.00,0.00,0.00,0.00,1.20
2026-08-24T00:44:55Z,0.957,23.9,832.4,0.00,0.00,0.00,0.00,1.10
2026-08-24T00:44:56Z,0.902,22.6,833.4,0.00,0.03,0.00,0.00,1.10
2026-08-24T00:44:57Z,0.908,22.7,834.8,0.00,0.00,0.00,0.00,1.10
2026-08-24T00:44:59Z,0.850,21.2,837.0,0.00,0.00,0.00,0.00,1.10
2026-08-24T00:45:00Z,0.941,23.5,832.6,0.00,0.01,0.00,0.00,1.09
2026-08-24T00:45:01Z,0.841,21.0,829.8,0.00,0.00,0.00,0.00,1.09
2026-08-24T00:45:02Z,0.890,22.2,831.8,0.00,0.00,0.00,0.00,1.09
2026-08-24T00:45:03Z,0.889,22.2,832.8,0.00,0.00,0.00,0.00,1.09
2026-08-24T00:45:04Z,0.853,21.3,833.5,0.00,0.00,0.00,0.00,1.09
2026-08-24T00:45:05Z,0.805,20.1,830.8,0.00,0.01,0.00,0.00,1.09
2026-08-24T00:45:06Z,0.823,20.6,831.6,0.00,0.00,0.00,0.00,1.09
2026-08-24T00:45:07Z,0.784,19.6,833.2,0.00,0.00,0.00,0.00,1.09
2026-08-24T00:45:08Z,0.853,21.3,828.3,0.00,0.00,0.00,0.00,1.09
2026-08-24T00:45:09Z,0.921,23.0,831.0,0.00,0.00,0.00,0.00,1.09
2026-08-24T00:45:10Z,0.833,20.8,832.0,0.00,0.00,0.00,0.00,1.00
2026-08-24T00:45:11Z,0.814,20.3,832.6,0.00,0.00,0.00,0.00,1.00
2026-08-24T00:45:12Z,0.793,19.8,831.1,0.00,0.00,0.00,0.00,1.00
2026-08-24T00:45:13Z,0.852,21.3,831.6,0.00,0.00,0.00,0.00,1.00
2026-08-24T00:45:14Z,0.783,19.6,816.0,0.00,0.01,0.00,0.00,1.00
2026-08-24T00:45:15Z,0.737,18.4,820.7,0.00,0.00,0.00,0.00,1.08
2026-08-24T00:45:16Z,0.717,17.9,820.7,0.00,0.00,0.00,0.00,1.08
2026-08-24T00:45:17Z,0.766,19.1,822.0,0.00,0.00,0.00,0.00,1.08
2026-08-24T00:45:18Z,0.785,19.6,822.4,0.00,0.00,0.00,0.00,1.08
2026-08-24T00:45:19Z,0.736,18.4,824.7,0.00,0.00,0.00,0.00,1.08
2026-08-24T00:45:20Z,0.774,19.4,826.9,0.00,0.00,0.00,0.00,1.07
2026-08-24T00:45:21Z,0.841,21.0,829.9,0.00,0.06,0.00,0.00,1.07
2026-08-24T00:45:22Z,0.699,17.5,821.4,0.00,0.00,0.00,0.00,1.07
2026-08-24T00:45:23Z,0.785,19.6,822.8,0.00,0.00,0.00,0.00,1.07
2026-08-24T00:45:24Z,0.737,18.4,824.6,0.00,0.11,0.00,0.00,1.07
2026-08-24T00:45:25Z,0.815,20.4,826.8,0.00,0.00,0.00,0.00,1.15
2026-08-24T00:45:26Z,0.821,20.5,826.7,0.00,0.00,0.00,0.00,1.15
2026-08-24T00:45:27Z,0.805,20.1,826.0,0.00,0.03,0.00,0.00,1.15
2026-08-24T00:45:28Z,0.785,19.6,828.9,0.00,0.00,0.00,0.00,1.15
2026-08-24T00:45:29Z,0.786,19.7,822.9,0.00,0.00,0.00,0.00,1.15
2026-08-24T00:45:31Z,0.735,18.4,823.5,0.00,0.29,0.00,0.00,1.06
2026-08-24T00:45:32Z,0.823,20.6,825.0,0.00,0.00,0.00,0.00,1.06
2026-08-24T00:45:33Z,0.784,19.6,824.3,0.00,0.00,0.00,0.00,1.06
2026-08-24T00:45:34Z,0.777,19.4,823.9,0.00,0.00,0.00,0.00,1.06
2026-08-24T00:45:35Z,0.833,20.8,825.4,0.00,0.00,0.00,0.00,0.97
2026-08-24T00:45:36Z,0.765,19.1,827.1,0.00,0.00,0.00,0.00,0.97
2026-08-24T00:45:37Z,0.775,19.4,826.2,0.00,0.00,0.00,0.00,0.97
2026-08-24T00:45:38Z,0.708,17.7,826.3,0.00,0.00,0.00,0.00,0.97
2026-08-24T00:45:39Z,0.765,19.1,825.2,0.00,0.00,0.00,0.00,0.97
2026-08-24T00:45:40Z,0.717,17.9,824.1,0.00,0.00,0.00,0.00,0.89
2026-08-24T00:45:41Z,0.698,17.4,826.1,0.00,0.00,0.00,0.00,0.89
2026-08-24T00:45:42Z,0.728,18.2,826.0,0.00,0.01,0.00,0.00,0.89
2026-08-24T00:45:43Z,0.821,20.5,825.5,0.00,0.00,0.00,0.00,0.89
2026-08-24T00:45:44Z,0.668,16.7,826.0,0.00,0.00,0.00,0.00,0.89
2026-08-24T00:45:45Z,0.746,18.6,825.9,0.00,0.00,0.00,0.00,0.82
2026-08-24T00:45:46Z,0.718,17.9,827.6,0.00,0.00,0.00,0.00,0.82
2026-08-24T00:45:47Z,0.698,17.4,826.8,0.00,0.00,0.00,0.00,0.82
2026-08-24T00:45:48Z,0.718,17.9,827.2,0.00,0.00,0.00,0.00,0.82
2026-08-24T00:45:49Z,0.775,19.4,827.7,0.00,0.00,0.00,0.00,0.82
2026-08-24T00:45:50Z,0.716,17.9,826.5,0.00,0.00,0.00,0.00,0.83
2026-08-24T00:45:51Z,0.747,18.7,828.3,0.00,0.00,0.00,0.00,0.83
2026-08-24T00:45:52Z,0.734,18.4,828.1,0.00,0.05,0.00,0.00,0.83
2026-08-24T00:45:53Z,0.670,16.8,828.7,0.00,0.00,0.00,0.00,0.83
2026-08-24T00:45:54Z,0.669,16.7,826.9,0.00,0.00,0.00,0.00,0.83
2026-08-24T00:45:55Z,0.698,17.4,827.5,0.00,0.00,0.00,0.00,1.09
2026-08-24T00:45:56Z,0.630,15.8,829.7,0.00,0.00,0.00,0.00,1.09
2026-08-24T00:45:57Z,0.708,17.7,828.1,0.00,0.03,0.00,0.00,1.09
2026-08-24T00:45:58Z,0.659,16.5,820.3,0.00,0.00,0.00,0.00,1.09
2026-08-24T00:45:59Z,0.755,18.9,819.4,0.00,0.00,0.00,0.00,1.09
2026-08-24T00:46:00Z,0.738,18.4,818.5,0.00,0.00,0.00,0.00,1.00
2026-08-24T00:46:01Z,0.670,16.8,819.7,0.00,0.01,0.00,0.00,1.00
2026-08-24T00:46:02Z,0.699,17.5,819.8,0.00,0.00,0.00,0.00,1.00
2026-08-24T00:46:04Z,0.727,18.2,822.3,0.00,0.00,0.00,0.00,1.00
2026-08-24T00:46:05Z,0.669,16.7,818.2,0.00,0.00,0.00,0.00,1.08
2026-08-24T00:46:06Z,0.676,16.9,818.8,0.00,0.00,0.00,0.00,1.08
2026-08-24T00:46:07Z,0.714,17.8,820.7,0.00,0.00,0.00,0.00,1.08
2026-08-24T00:46:08Z,0.676,16.9,820.3,0.00,0.26,0.00,0.00,1.08
2026-08-24T00:46:09Z,0.695,17.4,820.7,0.00,0.00,0.00,0.00,1.08
2026-08-24T00:46:10Z,0.733,18.3,821.9,0.00,0.01,0.00,0.00,0.99
2026-08-24T00:46:11Z,0.754,18.9,820.4,0.00,0.00,0.00,0.00,0.99
2026-08-24T00:46:12Z,0.754,18.9,820.6,0.00,0.00,0.00,0.00,0.99
2026-08-24T00:46:13Z,0.684,17.1,820.1,0.00,0.00,0.00,0.00,0.99
2026-08-24T00:46:14Z,0.726,18.1,824.0,0.00,0.00,0.00,0.00,0.99
2026-08-24T00:46:15Z,0.772,19.3,823.0,0.00,0.00,0.00,0.00,0.91
2026-08-24T00:46:16Z,0.725,18.1,821.5,0.00,0.01,0.00,0.00,0.91
2026-08-24T00:46:17Z,0.741,18.5,818.3,0.00,0.00,0.00,0.00,0.91
2026-08-24T00:46:18Z,0.656,16.4,820.5,0.00,0.00,0.00,0.00,0.91
2026-08-24T00:46:19Z,0.684,17.1,821.0,0.00,0.00,0.00,0.00,0.91
2026-08-24T00:46:20Z,0.772,19.3,818.6,0.00,0.00,0.00,0.00,0.84
2026-08-24T00:46:21Z,0.668,16.7,820.6,0.00,0.00,0.00,0.00,0.84
2026-08-24T00:46:22Z,0.724,18.1,820.2,0.00,0.00,0.00,0.00,0.84
2026-08-24T00:46:23Z,0.707,17.7,821.0,0.00,0.05,0.00,0.00,0.84
2026-08-24T00:46:24Z,0.668,16.7,822.7,0.00,0.00,0.00,0.00,0.84
2026-08-24T00:46:25Z,0.639,16.0,821.1,0.00,0.00,0.00,0.00,0.77
2026-08-24T00:46:26Z,0.658,16.4,819.4,0.00,0.00,0.00,0.00,0.77
2026-08-24T00:46:27Z,0.686,17.2,819.2,0.00,0.00,0.00,0.00,0.77
2026-08-24T00:46:28Z,0.676,16.9,820.1,0.00,0.03,0.00,0.00,0.77
2026-08-24T00:46:29Z,0.685,17.1,821.3,0.00,0.00,0.00,0.00,0.77
2026-08-24T00:46:30Z,0.610,15.2,822.3,0.00,0.00,0.00,0.00,0.71
2026-08-24T00:46:31Z,0.638,16.0,822.0,0.00,0.00,0.00,0.00,0.71
2026-08-24T00:46:33Z,0.629,15.7,823.8,0.00,0.00,0.00,0.00,0.71
2026-08-24T00:46:34Z,0.743,18.6,817.7,0.00,0.01,0.00,0.00,0.71
2026-08-24T00:46:35Z,0.659,16.5,817.1,0.00,0.00,0.00,0.00,0.82
2026-08-24T00:46:36Z,0.657,16.4,819.8,0.00,0.00,0.00,0.00,0.82
2026-08-24T00:46:37Z,0.667,16.7,819.5,0.00,0.00,0.00,0.00,0.82
2026-08-24T00:46:38Z,0.666,16.7,820.3,0.00,0.00,0.00,0.00,0.82
2026-08-24T00:46:39Z,0.695,17.4,822.0,0.00,0.00,0.00,0.00,0.82
2026-08-24T00:46:40Z,0.696,17.4,821.5,0.00,0.00,0.00,0.00,0.91
2026-08-24T00:46:41Z,0.686,17.2,815.7,0.00,0.00,0.00,0.00,0.91
2026-08-24T00:46:42Z,0.636,15.9,814.7,0.00,0.23,0.00,0.00,0.91
2026-08-24T00:46:43Z,0.707,17.7,814.4,0.00,0.00,0.00,0.00,0.91
2026-08-24T00:46:44Z,0.745,18.6,818.8,0.00,0.00,0.00,0.00,0.91
2026-08-24T00:46:45Z,0.657,16.4,818.6,0.00,0.00,0.00,0.00,1.56
2026-08-24T00:46:46Z,0.686,17.2,819.5,0.00,0.00,0.00,0.00,1.56
2026-08-24T00:46:47Z,0.713,17.8,819.1,0.00,0.00,0.00,0.00,1.56
2026-08-24T00:46:48Z,0.705,17.6,817.1,0.00,0.00,0.00,0.00,1.56
2026-08-24T00:46:49Z,0.668,16.7,817.6,0.00,0.00,0.00,0.00,1.56
2026-08-24T00:46:50Z,0.685,17.1,816.6,0.00,0.00,0.00,0.00,1.43
2026-08-24T00:46:51Z,0.688,17.2,817.4,0.00,0.00,0.00,0.00,1.43
2026-08-24T00:46:52Z,0.755,18.9,817.1,0.00,0.00,0.00,0.00,1.43
2026-08-24T00:46:53Z,0.735,18.4,818.3,0.00,0.04,0.00,0.00,1.43
2026-08-24T00:46:54Z,0.705,17.6,819.4,0.00,0.00,0.00,0.00,1.43
2026-08-24T00:46:55Z,0.706,17.6,816.3,0.00,0.00,0.00,0.00,1.32
2026-08-24T00:46:56Z,0.773,19.3,819.2,0.00,0.00,0.00,0.00,1.32
2026-08-24T00:46:57Z,0.736,18.4,817.2,0.00,0.00,0.00,0.00,1.32
2026-08-24T00:46:58Z,0.734,18.4,818.5,0.00,0.01,0.00,0.00,1.32
2026-08-24T00:46:59Z,0.705,17.6,820.2,0.00,0.00,0.00,0.00,1.32
2026-08-24T00:47:00Z,0.678,17.0,816.5,0.00,0.00,0.00,0.00,1.61
2026-08-24T00:47:01Z,0.680,17.0,815.5,0.00,0.00,0.00,0.00,1.61
2026-08-24T00:47:03Z,0.687,17.2,818.1,0.00,0.00,0.00,0.00,1.61
2026-08-24T00:47:04Z,0.753,18.8,820.9,0.00,0.00,0.00,0.00,1.61
2026-08-24T00:47:05Z,0.640,16.0,821.5,0.00,0.01,0.00,0.00,1.64
2026-08-24T00:47:06Z,0.695,17.4,824.1,0.00,0.00,0.00,0.00,1.64
2026-08-24T00:47:07Z,0.697,17.4,827.1,0.00,0.00,0.00,0.00,1.64
2026-08-24T00:47:08Z,0.716,17.9,824.5,0.00,0.00,0.00,0.00,1.64
2026-08-24T00:47:09Z,0.714,17.8,823.4,0.00,0.00,0.00,0.00,1.64
2026-08-24T00:47:10Z,0.679,17.0,823.3,0.00,0.00,0.00,0.00,1.59
2026-08-24T00:47:11Z,0.706,17.6,824.1,0.00,0.00,0.00,0.00,1.59
2026-08-24T00:47:12Z,0.706,17.6,821.3,0.00,0.00,0.00,0.00,1.59
2026-08-24T00:47:13Z,0.737,18.4,820.4,0.00,0.00,0.00,0.00,1.59
2026-08-24T00:47:14Z,0.669,16.7,821.0,0.00,0.24,0.00,0.00,1.59
2026-08-24T00:47:15Z,0.707,17.7,821.6,0.00,0.00,0.00,0.00,1.46
2026-08-24T00:47:16Z,0.688,17.2,824.1,0.00,0.00,0.00,0.00,1.46
2026-08-24T00:47:17Z,0.698,17.4,824.4,0.00,0.00,0.00,0.00,1.46
2026-08-24T00:47:18Z,0.697,17.4,824.8,0.00,0.00,0.00,0.00,1.46
2026-08-24T00:47:19Z,0.707,17.7,825.7,0.00,0.01,0.00,0.00,1.46
2026-08-24T00:47:20Z,0.668,16.7,828.2,0.00,0.00,0.00,0.00,1.59
2026-08-24T00:47:21Z,0.650,16.2,827.5,0.00,0.00,0.00,0.00,1.59
2026-08-24T00:47:22Z,0.686,17.2,828.1,0.00,0.00,0.00,0.00,1.59
2026-08-24T00:47:23Z,0.727,18.2,827.5,0.00,0.05,0.00,0.00,1.59
2026-08-24T00:47:24Z,0.707,17.7,828.4,0.00,0.17,0.00,0.00,1.59
2026-08-24T00:47:25Z,0.677,16.9,829.0,0.00,0.00,0.00,0.00,1.46
2026-08-24T00:47:26Z,0.698,17.4,829.1,0.00,0.00,0.00,0.00,1.46
2026-08-24T00:47:27Z,0.676,16.9,830.1,0.00,0.03,0.00,0.00,1.46
2026-08-24T00:47:28Z,0.695,17.4,830.4,0.00,0.00,0.00,0.00,1.46
2026-08-24T00:47:29Z,0.773,19.3,827.3,0.00,0.04,0.00,0.00,1.46
2026-08-24T00:47:30Z,0.679,17.0,829.5,0.00,0.00,0.00,0.00,1.34
2026-08-24T00:47:31Z,0.678,17.0,828.0,0.00,0.00,0.00,0.00,1.34
2026-08-24T00:47:32Z,0.697,17.4,826.8,0.00,0.13,0.00,0.00,1.34
2026-08-24T00:47:34Z,0.708,17.7,828.5,0.00,0.00,0.00,0.00,1.34
2026-08-24T00:47:35Z,0.716,17.9,830.3,0.00,0.00,0.00,0.00,1.34
2026-08-24T00:47:36Z,0.658,16.4,831.5,0.00,0.00,0.00,0.00,1.64
2026-08-24T00:47:37Z,0.695,17.4,825.8,0.00,0.00,0.00,0.00,1.64
2026-08-24T00:47:38Z,0.659,16.5,827.9,0.00,0.00,0.00,0.00,1.64
2026-08-24T00:47:39Z,0.699,17.5,828.5,0.00,0.00,0.00,0.00,1.64
2026-08-24T00:47:40Z,0.678,17.0,828.9,0.00,0.00,0.00,0.00,1.50
2026-08-24T00:47:41Z,0.687,17.2,829.4,0.00,0.00,0.00,0.00,1.50
2026-08-24T00:47:42Z,0.696,17.4,830.7,0.00,0.00,0.00,0.00,1.50
2026-08-24T00:47:43Z,0.639,16.0,830.7,0.00,0.00,0.00,0.00,1.50
2026-08-24T00:47:44Z,0.650,16.2,828.0,0.00,0.00,0.00,0.00,1.50
2026-08-24T00:47:45Z,0.716,17.9,827.3,0.00,0.00,0.00,0.00,1.46
2026-08-24T00:47:46Z,0.724,18.1,826.8,0.00,0.00,0.00,0.00,1.46
2026-08-24T00:47:47Z,0.812,20.3,827.9,0.00,0.00,0.00,0.00,1.46
2026-08-24T00:47:48Z,0.771,19.3,829.9,0.00,0.00,0.00,0.00,1.46
2026-08-24T00:47:49Z,0.724,18.1,828.1,0.00,0.00,0.00,0.00,1.46
2026-08-24T00:47:50Z,0.697,17.4,828.5,0.00,0.01,0.00,0.00,1.35
2026-08-24T00:47:51Z,0.726,18.1,826.5,0.00,0.00,0.00,0.00,1.35
2026-08-24T00:47:52Z,0.726,18.1,827.8,0.00,0.00,0.00,0.00,1.35
2026-08-24T00:47:53Z,0.685,17.1,828.8,0.00,0.00,0.00,0.00,1.35
2026-08-24T00:47:54Z,0.685,17.1,828.3,0.00,0.00,0.00,0.00,1.35
2026-08-24T00:47:55Z,0.658,16.4,829.6,0.00,0.00,0.00,0.00,1.24
2026-08-24T00:47:56Z,0.659,16.5,831.1,0.00,0.00,0.00,0.00,1.24
2026-08-24T00:47:57Z,0.689,17.2,832.8,0.00,0.00,0.00,0.00,1.24
2026-08-24T00:47:58Z,0.656,16.4,828.3,0.00,0.05,0.00,0.00,1.24
2026-08-24T00:47:59Z,0.668,16.7,829.2,0.00,0.00,0.00,0.00,1.24
2026-08-24T00:48:00Z,0.686,17.2,830.5,0.00,0.00,0.00,0.00,1.14
2026-08-24T00:48:01Z,0.725,18.1,830.1,0.00,0.00,0.00,0.00,1.14
2026-08-24T00:48:02Z,0.689,17.2,831.4,0.00,0.00,0.00,0.00,1.14
2026-08-24T00:48:03Z,0.717,17.9,831.7,0.00,0.02,0.00,0.00,1.14
2026-08-24T00:48:05Z,0.686,17.2,831.7,0.00,0.00,0.00,0.00,1.14
2026-08-24T00:48:06Z,0.697,17.4,832.8,0.00,0.00,0.00,0.00,1.13
2026-08-24T00:48:07Z,0.695,17.4,827.6,0.00,0.01,0.00,0.00,1.13
2026-08-24T00:48:08Z,0.677,16.9,829.3,0.00,0.24,0.00,0.00,1.13
2026-08-24T00:48:09Z,0.659,16.5,831.0,0.00,0.00,0.00,0.00,1.13
2026-08-24T00:48:10Z,0.639,16.0,831.4,0.00,0.00,0.00,0.00,1.20
2026-08-24T00:48:11Z,0.629,15.7,831.6,0.00,0.00,0.00,0.00,1.20
2026-08-24T00:48:12Z,0.690,17.2,833.2,0.00,0.00,0.00,0.00,1.20
2026-08-24T00:48:13Z,0.687,17.2,834.0,0.00,0.00,0.00,0.00,1.20
2026-08-24T00:48:14Z,0.774,19.4,828.2,0.00,0.00,0.00,0.00,1.20
2026-08-24T00:48:15Z,0.649,16.2,818.6,0.00,0.00,0.00,0.00,1.10
2026-08-24T00:48:16Z,0.641,16.0,818.0,0.00,0.00,0.00,0.00,1.10
2026-08-24T00:48:17Z,0.668,16.7,819.1,0.00,0.00,0.00,0.00,1.10
2026-08-24T00:48:18Z,0.650,16.2,819.4,0.00,0.00,0.00,0.00,1.10
2026-08-24T00:48:19Z,0.668,16.7,820.4,0.00,0.00,0.00,0.00,1.10
2026-08-24T00:48:20Z,0.697,17.4,823.3,0.00,0.00,0.00,0.00,1.01
2026-08-24T00:48:21Z,0.601,15.0,825.4,0.00,0.00,0.00,0.00,1.01
2026-08-24T00:48:22Z,0.680,17.0,827.8,0.00,0.01,0.00,0.00,1.01
2026-08-24T00:48:23Z,0.630,15.8,830.4,0.00,0.00,0.00,0.00,1.01
2026-08-24T00:48:24Z,0.697,17.4,831.2,0.00,0.00,0.00,0.00,1.01
2026-08-24T00:48:25Z,0.650,16.2,833.2,0.00,0.00,0.00,0.00,0.93
2026-08-24T00:48:26Z,0.667,16.7,835.1,0.00,0.00,0.00,0.00,0.93
2026-08-24T00:48:27Z,0.679,17.0,837.1,0.00,0.00,0.00,0.00,0.93
2026-08-24T00:48:28Z,0.650,16.2,838.0,0.00,0.05,0.00,0.00,0.93
2026-08-24T00:48:29Z,0.658,16.4,839.0,0.00,0.00,0.00,0.00,0.93
2026-08-24T00:48:30Z,0.658,16.4,838.2,0.00,0.00,0.00,0.00,0.86
2026-08-24T00:48:31Z,0.650,16.2,838.6,0.00,0.00,0.00,0.00,0.86
2026-08-24T00:48:32Z,0.640,16.0,839.6,0.00,0.00,0.00,0.00,0.86
2026-08-24T00:48:33Z,0.708,17.7,841.4,0.00,0.04,0.00,0.00,0.86
2026-08-24T00:48:34Z,0.719,18.0,841.8,0.00,0.00,0.00,0.00,0.86
2026-08-24T00:48:35Z,0.715,17.9,831.9,0.00,0.00,0.00,0.00,1.59
2026-08-24T00:48:37Z,0.697,17.4,834.5,0.00,0.00,0.00,0.00,1.59
2026-08-24T00:48:38Z,0.668,16.7,835.1,0.00,0.00,0.00,0.00,1.59
2026-08-24T00:48:39Z,0.728,18.2,835.3,0.00,0.00,0.00,0.00,1.59
2026-08-24T00:48:40Z,0.668,16.7,835.6,0.00,0.00,0.00,0.00,3.46
2026-08-24T00:48:41Z,0.698,17.4,834.7,0.00,0.00,0.00,0.00,3.46
2026-08-24T00:48:42Z,0.660,16.5,836.0,0.00,0.00,0.00,0.00,3.46
2026-08-24T00:48:43Z,0.688,17.2,827.3,0.00,0.00,0.00,0.00,3.46
2026-08-24T00:48:44Z,0.784,19.6,829.9,0.00,0.00,0.00,0.00,3.46
2026-08-24T00:48:45Z,0.669,16.7,832.1,0.00,0.27,0.00,0.00,3.19
2026-08-24T00:48:46Z,0.655,16.4,834.8,0.00,0.00,0.00,0.00,3.19
2026-08-24T00:48:47Z,0.669,16.7,822.8,0.00,0.00,0.00,0.00,3.19
2026-08-24T00:48:48Z,0.621,15.5,824.5,0.00,0.00,0.00,0.00,3.19
2026-08-24T00:48:49Z,0.620,15.5,826.4,0.00,0.00,0.00,0.00,3.19
2026-08-24T00:48:50Z,0.707,17.7,816.6,0.00,0.00,0.00,0.00,3.57
2026-08-24T00:48:51Z,0.671,16.8,818.6,0.00,0.00,0.00,0.00,3.57
2026-08-24T00:48:52Z,0.668,16.7,818.4,0.00,0.00,0.00,0.00,3.57
2026-08-24T00:48:53Z,0.669,16.7,820.4,0.00,0.00,0.00,0.00,3.57
2026-08-24T00:48:54Z,0.658,16.4,822.3,0.00,0.00,0.00,0.00,3.57
2026-08-24T00:48:55Z,0.670,16.8,825.0,0.00,0.00,0.00,0.00,3.29
2026-08-24T00:48:56Z,0.783,19.6,827.6,0.00,0.00,0.00,0.00,3.29
2026-08-24T00:48:57Z,0.648,16.2,816.4,0.00,0.00,0.00,0.00,3.29
2026-08-24T00:48:58Z,0.619,15.5,817.9,0.00,0.00,0.00,0.00,3.29
2026-08-24T00:48:59Z,0.699,17.5,818.2,0.00,0.03,0.00,0.00,3.29
2026-08-24T00:49:00Z,0.679,17.0,820.5,0.00,0.00,0.00,0.00,3.42
2026-08-24T00:49:01Z,0.669,16.7,823.7,0.00,0.00,0.00,0.00,3.42
2026-08-24T00:49:02Z,0.689,17.2,825.9,0.00,0.00,0.00,0.00,3.42
2026-08-24T00:49:03Z,0.699,17.5,828.3,0.00,0.00,0.00,0.00,3.42
2026-08-24T00:49:04Z,0.678,17.0,822.7,0.00,0.02,0.00,0.00,3.42
2026-08-24T00:49:05Z,0.680,17.0,825.1,0.00,0.00,0.00,0.00,3.23
2026-08-24T00:49:06Z,0.728,18.2,828.9,0.00,0.00,0.00,0.00,3.23
2026-08-24T00:49:07Z,0.689,17.2,830.5,0.00,0.00,0.00,0.00,3.23
2026-08-24T00:49:08Z,0.677,16.9,832.4,0.00,0.00,0.00,0.00,3.23
2026-08-24T00:49:10Z,0.660,16.5,835.6,0.00,0.01,0.00,0.00,3.23
2026-08-24T00:49:11Z,0.737,18.4,836.7,0.00,0.00,0.00,0.00,3.05
2026-08-24T00:49:12Z,0.715,17.9,837.5,0.00,0.00,0.00,0.00,3.05
2026-08-24T00:49:13Z,0.718,17.9,830.6,0.00,0.00,0.00,0.00,3.05
2026-08-24T00:49:14Z,0.677,16.9,832.5,0.00,0.00,0.00,0.00,3.05
2026-08-24T00:49:15Z,0.680,17.0,832.8,0.00,0.00,0.00,0.00,2.81
2026-08-24T00:49:16Z,0.686,17.2,832.4,0.00,0.00,0.00,0.00,2.81
2026-08-24T00:49:17Z,0.641,16.0,833.4,0.00,0.00,0.00,0.00,2.81
2026-08-24T00:49:18Z,0.687,17.2,837.0,0.00,0.25,0.00,0.00,2.81
2026-08-24T00:49:19Z,0.657,16.4,838.6,0.00,0.00,0.00,0.00,2.81
2026-08-24T00:49:20Z,0.688,17.2,839.5,0.00,0.00,0.00,0.00,2.58
2026-08-24T00:49:21Z,0.689,17.2,840.7,0.00,0.00,0.00,0.00,2.58
2026-08-24T00:49:22Z,0.688,17.2,840.8,0.00,0.00,0.00,0.00,2.58
2026-08-24T00:49:23Z,0.668,16.7,841.1,0.00,0.00,0.00,0.00,2.58
2026-08-24T00:49:24Z,0.677,16.9,841.3,0.00,0.00,0.00,0.00,2.58
2026-08-24T00:49:25Z,1.058,26.5,852.4,0.00,0.01,0.00,0.00,2.37
2026-08-24T00:49:26Z,0.670,16.8,853.6,0.00,0.00,0.00,0.00,2.37
2026-08-24T00:49:27Z,0.678,17.0,840.7,0.00,0.00,0.00,0.00,2.37
2026-08-24T00:49:28Z,0.699,17.5,842.9,0.00,0.00,0.00,0.00,2.37
2026-08-24T00:49:29Z,0.649,16.2,844.0,0.00,0.00,0.00,0.00,2.37
2026-08-24T00:49:30Z,0.689,17.2,844.7,0.00,0.38,0.00,0.00,2.50
2026-08-24T00:49:31Z,0.650,16.2,846.9,0.00,0.00,0.00,0.00,2.50
2026-08-24T00:49:32Z,0.689,17.2,848.5,0.00,0.00,0.00,0.00,2.50
2026-08-24T00:49:33Z,0.649,16.2,848.5,0.00,0.00,0.00,0.00,2.50
2026-08-24T00:49:34Z,0.678,17.0,832.5,0.00,0.00,0.00,0.00,2.50
2026-08-24T00:49:35Z,0.688,17.2,834.4,0.00,0.06,0.00,0.00,2.86
2026-08-24T00:49:36Z,0.628,15.7,836.7,0.00,0.00,0.00,0.00,2.86
2026-08-24T00:49:37Z,0.638,16.0,838.6,0.00,0.00,0.00,0.00,2.86
2026-08-24T00:49:38Z,0.687,17.2,840.4,0.00,0.00,0.00,0.00,2.86
2026-08-24T00:49:39Z,0.659,16.5,841.6,0.00,0.00,0.00,0.00,2.86
2026-08-24T00:49:40Z,0.661,16.5,828.1,0.00,0.00,0.00,0.00,2.64
2026-08-24T00:49:42Z,0.668,16.7,829.5,0.00,0.00,0.00,0.00,2.64
2026-08-24T00:49:43Z,0.679,17.0,830.7,0.00,0.00,0.00,0.00,2.64
2026-08-24T00:49:44Z,0.696,17.4,833.4,0.00,0.00,0.00,0.00,2.64
2026-08-24T00:49:45Z,0.708,17.7,829.1,0.00,0.00,0.00,0.00,2.50
2026-08-24T00:49:46Z,0.658,16.4,830.4,0.00,0.00,0.00,0.00,2.50
2026-08-24T00:49:47Z,0.688,17.2,832.5,0.00,0.00,0.00,0.00,2.50
2026-08-24T00:49:48Z,0.689,17.2,833.6,0.00,0.00,0.00,0.00,2.50
2026-08-24T00:49:49Z,0.678,17.0,834.8,0.00,0.00,0.00,0.00,2.50
2026-08-24T00:49:50Z,0.689,17.2,835.1,0.00,0.00,0.00,0.00,2.86
2026-08-24T00:49:51Z,0.650,16.2,836.2,0.00,0.47,0.00,0.00,2.86
2026-08-24T00:49:52Z,0.678,17.0,828.7,0.00,0.00,0.00,0.00,2.86
2026-08-24T00:49:53Z,0.687,17.2,821.0,0.00,0.00,0.00,0.00,2.86
2026-08-24T00:49:54Z,0.689,17.2,820.9,0.00,0.00,0.00,0.00,2.86
2026-08-24T00:49:55Z,0.697,17.4,822.6,0.00,0.00,0.00,0.00,2.88
2026-08-24T00:49:56Z,0.669,16.7,826.3,0.00,0.19,0.00,0.00,2.88
2026-08-24T00:49:57Z,0.697,17.4,827.4,0.00,0.00,0.00,0.00,2.88
2026-08-24T00:49:58Z,0.669,16.7,829.7,0.00,0.00,0.00,0.00,2.88
2026-08-24T00:49:59Z,0.737,18.4,833.3,0.00,0.00,0.00,0.00,2.88
2026-08-24T00:50:00Z,0.725,18.1,830.5,0.00,0.00,0.00,0.00,2.89
2026-08-24T00:50:01Z,0.715,17.9,828.5,0.00,0.00,0.00,0.00,2.89
2026-08-24T00:50:02Z,0.639,16.0,829.6,0.00,0.00,0.00,0.00,2.89
2026-08-24T00:50:03Z,0.746,18.6,831.2,0.00,0.00,0.00,0.00,2.89
2026-08-24T00:50:04Z,0.678,17.0,832.6,0.00,0.00,0.00,0.00,2.89
2026-08-24T00:50:05Z,0.669,16.7,832.1,0.00,0.37,0.00,0.00,2.65
2026-08-24T00:50:06Z,0.700,17.5,834.0,0.00,0.00,0.00,0.00,2.65
2026-08-24T00:50:07Z,0.679,17.0,828.2,0.00,0.00,0.00,0.00,2.65
2026-08-24T00:50:08Z,0.708,17.7,829.9,0.00,0.00,0.00,0.00,2.65
2026-08-24T00:50:09Z,0.660,16.5,831.5,0.00,0.00,0.00,0.00,2.65
2026-08-24T00:50:10Z,0.659,16.5,831.5,0.00,0.00,0.00,0.00,2.52
2026-08-24T00:50:11Z,0.736,18.4,833.5,0.00,0.00,0.00,0.00,2.52
2026-08-24T00:50:12Z,0.717,17.9,833.8,0.00,0.01,0.00,0.00,2.52
2026-08-24T00:50:14Z,0.774,19.4,828.1,0.00,0.00,0.00,0.00,2.52
2026-08-24T00:50:15Z,0.661,16.5,831.0,0.00,0.00,0.00,0.00,2.52
2026-08-24T00:50:16Z,0.678,17.0,832.5,0.00,0.00,0.00,0.00,2.48
2026-08-24T00:50:17Z,0.669,16.7,833.5,0.00,0.00,0.00,0.00,2.48
2026-08-24T00:50:18Z,0.748,18.7,835.3,0.00,0.00,0.00,0.00,2.48
2026-08-24T00:50:19Z,0.707,17.7,837.2,0.00,0.00,0.00,0.00,2.48
2026-08-24T00:50:20Z,0.640,16.0,838.2,0.00,0.00,0.00,0.00,2.28
2026-08-24T00:50:21Z,0.707,17.7,831.1,0.00,0.00,0.00,0.00,2.28
2026-08-24T00:50:22Z,0.695,17.4,832.2,0.00,0.12,0.00,0.00,2.28
2026-08-24T00:50:23Z,0.659,16.5,833.8,0.00,0.00,0.00,0.00,2.28
2026-08-24T00:50:24Z,0.648,16.2,835.5,0.00,0.00,0.00,0.00,2.28
2026-08-24T00:50:25Z,0.677,16.9,837.7,0.00,0.00,0.00,0.00,2.50
2026-08-24T00:50:26Z,0.621,15.5,837.6,0.00,0.00,0.00,0.00,2.50
2026-08-24T00:50:27Z,0.660,16.5,838.0,0.00,0.00,0.00,0.00,2.50
2026-08-24T00:50:28Z,0.639,16.0,838.4,0.00,0.01,0.00,0.00,2.50
2026-08-24T00:50:29Z,0.669,16.7,832.3,0.00,0.00,0.00,0.00,2.50
2026-08-24T00:50:30Z,0.717,17.9,832.7,0.00,0.00,0.00,0.00,2.38
2026-08-24T00:50:31Z,0.620,15.5,835.0,0.00,0.00,0.00,0.00,2.38
2026-08-24T00:50:32Z,0.708,17.7,835.5,0.00,0.00,0.00,0.00,2.38
2026-08-24T00:50:33Z,0.660,16.5,836.0,0.00,0.00,0.00,0.00,2.38
2026-08-24T00:50:34Z,0.650,16.2,837.3,0.00,0.00,0.00,0.00,2.38
2026-08-24T00:50:35Z,0.680,17.0,837.2,0.00,0.00,0.00,0.00,2.59
2026-08-24T00:50:36Z,0.649,16.2,832.5,0.00,0.00,0.00,0.00,2.59
2026-08-24T00:50:37Z,0.621,15.5,834.8,0.00,0.00,0.00,0.00,2.59
2026-08-24T00:50:38Z,0.680,17.0,836.1,0.00,0.22,0.00,0.00,2.59
2026-08-24T00:50:39Z,0.677,16.9,827.5,0.00,0.00,0.00,0.00,2.59
2026-08-24T00:50:40Z,0.660,16.5,828.2,0.00,0.00,0.00,0.00,2.70
2026-08-24T00:50:41Z,0.631,15.8,830.0,0.00,0.01,0.00,0.00,2.70
2026-08-24T00:50:42Z,0.699,17.5,825.1,0.00,0.00,0.00,0.00,2.70
2026-08-24T00:50:43Z,0.727,18.2,827.5,0.00,0.01,0.00,0.00,2.70
2026-08-24T00:50:44Z,0.630,15.8,829.4,0.00,0.13,0.00,0.00,2.70
2026-08-24T00:50:45Z,0.679,17.0,832.1,0.00,0.00,0.00,0.00,2.48
2026-08-24T00:50:47Z,0.707,17.7,833.8,0.00,0.00,0.00,0.00,2.48
2026-08-24T00:50:48Z,0.670,16.8,834.5,0.00,0.00,0.00,0.00,2.48
2026-08-24T00:50:49Z,0.715,17.9,836.2,0.00,0.00,0.00,0.00,2.48
2026-08-24T00:50:50Z,0.669,16.7,829.9,0.00,0.00,0.00,0.00,2.69
2026-08-24T00:50:51Z,0.658,16.4,830.1,0.00,0.15,0.00,0.00,2.69
2026-08-24T00:50:52Z,0.612,15.3,831.3,0.00,0.00,0.00,0.00,2.69
2026-08-24T00:50:53Z,0.670,16.8,832.3,0.00,0.06,0.00,0.00,2.69
2026-08-24T00:50:54Z,0.629,15.7,833.5,0.00,0.00,0.00,0.00,2.69
2026-08-24T00:50:55Z,0.648,16.2,834.7,0.00,0.00,0.00,0.00,2.95
2026-08-24T00:50:56Z,0.716,17.9,836.1,0.00,0.00,0.00,0.00,2.95
2026-08-24T00:50:57Z,0.727,18.2,828.8,0.00,0.00,0.00,0.00,2.95
2026-08-24T00:50:58Z,0.689,17.2,829.2,0.00,0.00,0.00,0.00,2.95
2026-08-24T00:50:59Z,0.728,18.2,828.5,0.00,0.00,0.00,0.00,2.95
2026-08-24T00:51:00Z,0.687,17.2,828.9,0.00,0.00,0.00,0.00,2.72
2026-08-24T00:51:01Z,0.658,16.4,830.6,0.00,0.00,0.00,0.00,2.72
2026-08-24T00:51:02Z,0.669,16.7,832.6,0.00,0.12,0.00,0.00,2.72
2026-08-24T00:51:03Z,0.661,16.5,834.5,0.00,0.00,0.00,0.00,2.72
2026-08-24T00:51:04Z,0.690,17.2,836.9,0.00,0.00,0.00,0.00,2.72
2026-08-24T00:51:05Z,0.669,16.7,837.9,0.00,0.00,0.00,0.00,2.50
2026-08-24T00:51:06Z,0.610,15.2,838.9,0.00,0.00,0.00,0.00,2.50
2026-08-24T00:51:07Z,0.696,17.4,840.1,0.00,0.00,0.00,0.00,2.50
2026-08-24T00:51:08Z,0.758,18.9,832.1,0.00,0.00,0.00,0.00,2.50
2026-08-24T00:51:09Z,0.709,17.7,833.6,0.00,0.00,0.00,0.00,2.50
2026-08-24T00:51:10Z,0.716,17.9,834.2,0.00,0.00,0.00,0.00,2.30
2026-08-24T00:51:11Z,0.698,17.4,835.4,0.00,0.00,0.00,0.00,2.30
2026-08-24T00:51:12Z,0.690,17.2,836.8,0.00,0.00,0.00,0.00,2.30
2026-08-24T00:51:13Z,0.784,19.6,837.2,0.00,0.11,0.00,0.00,2.30
2026-08-24T00:51:14Z,0.725,18.1,837.9,0.00,0.00,0.00,0.00,2.30
2026-08-24T00:51:15Z,0.678,17.0,840.1,0.00,0.00,0.00,0.00,2.27
2026-08-24T00:51:16Z,0.737,18.4,841.0,0.00,0.00,0.00,0.00,2.27
2026-08-24T00:51:17Z,0.670,16.8,840.2,0.00,0.00,0.00,0.00,2.27
2026-08-24T00:51:19Z,0.715,17.9,831.7,0.00,0.00,0.00,0.00,2.27
2026-08-24T00:51:20Z,0.697,17.4,831.4,0.00,0.00,0.00,0.00,2.27
2026-08-24T00:51:21Z,0.668,16.7,832.8,0.00,0.00,0.00,0.00,2.09
2026-08-24T00:51:22Z,0.679,17.0,834.1,0.00,0.00,0.00,0.00,2.09
2026-08-24T00:51:23Z,0.679,17.0,833.6,0.00,0.00,0.00,0.00,2.09
2026-08-24T00:51:24Z,0.678,17.0,833.7,0.00,0.06,0.00,0.00,2.09
2026-08-24T00:51:25Z,0.649,16.2,834.6,0.00,0.12,0.00,0.00,1.92
2026-08-24T00:51:26Z,0.678,17.0,833.9,0.00,0.00,0.00,0.00,1.92
2026-08-24T00:51:27Z,0.707,17.7,825.6,0.00,0.00,0.00,0.00,1.92
2026-08-24T00:51:28Z,0.694,17.3,826.5,0.00,0.00,0.00,0.00,1.92
2026-08-24T00:51:29Z,0.717,17.9,829.2,0.00,0.00,0.00,0.00,1.92
2026-08-24T00:51:30Z,0.680,17.0,830.7,0.00,0.00,0.00,0.00,1.77
2026-08-24T00:51:31Z,0.688,17.2,832.9,0.00,0.01,0.00,0.00,1.77
2026-08-24T00:51:32Z,0.697,17.4,835.3,0.00,0.12,0.00,0.00,1.77
2026-08-24T00:51:33Z,0.708,17.7,835.8,0.00,0.00,0.00,0.00,1.77
2026-08-24T00:51:34Z,0.620,15.5,836.5,0.00,0.00,0.00,0.00,1.77
2026-08-24T00:51:35Z,0.717,17.9,829.7,0.00,0.00,0.00,0.00,2.91
2026-08-24T00:51:36Z,0.717,17.9,831.6,0.00,0.00,0.00,0.00,2.91
2026-08-24T00:51:37Z,0.728,18.2,833.8,0.00,0.00,0.00,0.00,2.91
2026-08-24T00:51:38Z,0.716,17.9,834.5,0.00,0.00,0.00,0.00,2.91
2026-08-24T00:51:39Z,0.717,17.9,835.6,0.00,0.00,0.00,0.00,2.91
2026-08-24T00:51:40Z,0.679,17.0,836.3,0.00,0.11,0.00,0.00,2.68
2026-08-24T00:51:41Z,0.748,18.7,828.3,0.00,0.00,0.00,0.00,2.68
2026-08-24T00:51:42Z,0.679,17.0,831.9,0.00,0.00,0.00,0.00,2.68
2026-08-24T00:51:43Z,0.755,18.9,833.8,0.00,0.00,0.00,0.00,2.68
2026-08-24T00:51:44Z,0.726,18.1,835.0,0.00,0.00,0.00,0.00,2.68
2026-08-24T00:51:45Z,0.679,17.0,836.5,0.00,0.00,0.00,0.00,2.46
2026-08-24T00:51:46Z,0.678,17.0,837.9,0.00,0.01,0.00,0.00,2.46
2026-08-24T00:51:47Z,0.706,17.6,839.6,0.00,0.11,0.00,0.00,2.46
2026-08-24T00:51:48Z,0.678,17.0,825.8,0.00,0.00,0.00,0.00,2.46
2026-08-24T00:51:49Z,0.679,17.0,821.4,0.00,0.00,0.00,0.00,2.46
2026-08-24T00:51:51Z,0.689,17.2,822.8,0.00,0.00,0.00,0.00,2.58
2026-08-24T00:51:52Z,0.706,17.6,825.5,0.00,0.00,0.00,0.00,2.58
2026-08-24T00:51:53Z,0.707,17.7,826.2,0.00,0.17,0.00,0.00,2.58
2026-08-24T00:51:54Z,0.726,18.1,826.7,0.00,0.00,0.00,0.00,2.58
2026-08-24T00:51:55Z,0.706,17.6,827.2,0.00,0.06,0.00,0.00,2.62
2026-08-24T00:51:56Z,0.707,17.7,827.6,0.00,0.00,0.00,0.00,2.62
2026-08-24T00:51:57Z,0.724,18.1,823.7,0.00,0.00,0.00,0.00,2.62
2026-08-24T00:51:58Z,0.706,17.6,825.8,0.00,0.00,0.00,0.00,2.62
2026-08-24T00:51:59Z,0.689,17.2,829.9,0.00,0.00,0.00,0.00,2.62
2026-08-24T00:52:00Z,0.735,18.4,831.6,0.00,0.00,0.00,0.00,2.81
2026-08-24T00:52:01Z,0.727,18.2,834.8,0.00,0.00,0.00,0.00,2.81
2026-08-24T00:52:02Z,0.754,18.9,822.3,0.00,0.12,0.00,0.00,2.81
2026-08-24T00:52:03Z,0.706,17.6,824.5,0.00,0.00,0.00,0.00,2.81
2026-08-24T00:52:04Z,0.630,15.8,826.3,0.00,0.00,0.00,0.00,2.81
2026-08-24T00:52:05Z,0.640,16.0,829.5,0.00,0.00,0.00,0.00,2.91
2026-08-24T00:52:06Z,0.678,17.0,832.0,0.00,0.00,0.00,0.00,2.91
2026-08-24T00:52:07Z,0.706,17.6,832.9,0.00,0.12,0.00,0.00,2.91
2026-08-24T00:52:08Z,0.709,17.7,834.1,0.00,0.00,0.00,0.00,2.91
2026-08-24T00:52:09Z,0.727,18.2,833.8,0.00,0.00,0.00,0.00,2.91
2026-08-24T00:52:10Z,0.737,18.4,832.4,0.00,0.00,0.00,0.00,2.67
2026-08-24T00:52:11Z,0.688,17.2,835.3,0.00,0.00,0.00,0.00,2.67
2026-08-24T00:52:12Z,0.715,17.9,828.5,0.00,0.00,0.00,0.00,2.67
2026-08-24T00:52:13Z,0.657,16.4,830.0,0.00,0.00,0.00,0.00,2.67
2026-08-24T00:52:14Z,0.690,17.2,831.7,0.00,0.00,0.00,0.00,2.67
2026-08-24T00:52:15Z,0.755,18.9,834.4,0.00,0.14,0.00,0.00,2.46
2026-08-24T00:52:16Z,0.736,18.4,835.9,0.00,0.00,0.00,0.00,2.46
2026-08-24T00:52:17Z,0.746,18.6,837.3,0.00,0.00,0.00,0.00,2.46
2026-08-24T00:52:18Z,0.735,18.4,839.6,0.00,0.00,0.00,0.00,2.46
2026-08-24T00:52:19Z,0.766,19.1,838.5,0.00,0.00,0.00,0.00,2.46
2026-08-24T00:52:20Z,0.735,18.4,837.4,0.00,0.00,0.00,0.00,2.26
2026-08-24T00:52:21Z,0.725,18.1,837.6,0.00,0.00,0.00,0.00,2.26
2026-08-24T00:52:23Z,0.668,16.7,830.5,0.00,0.00,0.00,0.00,2.26
2026-08-24T00:52:24Z,0.746,18.6,831.7,0.00,0.00,0.00,0.00,2.26
2026-08-24T00:52:25Z,0.685,17.1,832.4,0.00,0.14,0.00,0.00,2.26
2026-08-24T00:52:26Z,0.756,18.9,833.1,0.00,0.09,0.00,0.00,2.16
2026-08-24T00:52:27Z,0.679,17.0,834.5,0.00,0.00,0.00,0.00,2.16
2026-08-24T00:52:28Z,0.689,17.2,832.6,0.00,0.02,0.00,0.00,2.16
2026-08-24T00:52:29Z,0.696,17.4,833.2,0.00,0.00,0.00,0.00,2.16
2026-08-24T00:52:30Z,0.717,17.9,826.5,0.00,0.03,0.00,0.00,2.15
2026-08-24T00:52:31Z,0.668,16.7,828.8,0.00,0.00,0.00,0.00,2.15
2026-08-24T00:52:32Z,0.716,17.9,830.6,0.00,0.00,0.00,0.00,2.15
2026-08-24T00:52:33Z,0.783,19.6,831.5,0.00,0.12,0.00,0.00,2.15
2026-08-24T00:52:34Z,0.746,18.6,833.5,0.00,0.00,0.00,0.00,2.15
2026-08-24T00:52:35Z,0.716,17.9,835.2,0.00,0.00,0.00,0.00,2.05
2026-08-24T00:52:36Z,0.710,17.8,835.4,0.00,0.00,0.00,0.00,2.05
2026-08-24T00:52:37Z,0.706,17.6,836.4,0.00,0.00,0.00,0.00,2.05
2026-08-24T00:52:38Z,0.718,17.9,835.9,0.00,0.00,0.00,0.00,2.05
2026-08-24T00:52:39Z,0.715,17.9,836.5,0.00,0.00,0.00,0.00,2.05
2026-08-24T00:52:40Z,0.717,17.9,835.8,0.00,0.00,0.00,0.00,1.89
2026-08-24T00:52:41Z,0.688,17.2,829.6,0.00,0.00,0.00,0.00,1.89
2026-08-24T00:52:42Z,0.717,17.9,830.5,0.00,0.00,0.00,0.00,1.89
2026-08-24T00:52:43Z,0.698,17.4,830.4,0.00,0.00,0.00,0.00,1.89
2026-08-24T00:52:44Z,0.686,17.2,831.7,0.00,0.00,0.00,0.00,1.89
2026-08-24T00:52:45Z,0.650,16.2,830.3,0.00,0.00,0.00,0.00,1.74
2026-08-24T00:52:46Z,0.698,17.4,831.6,0.00,0.12,0.00,0.00,1.74
2026-08-24T00:52:47Z,0.658,16.4,832.1,0.00,0.00,0.00,0.00,1.74
2026-08-24T00:52:48Z,0.747,18.7,833.8,0.00,0.01,0.00,0.00,1.74
2026-08-24T00:52:49Z,0.689,17.2,835.1,0.00,0.00,0.00,0.00,1.74
2026-08-24T00:52:50Z,0.650,16.2,835.5,0.00,0.00,0.00,0.00,1.60
2026-08-24T00:52:51Z,0.708,17.7,833.6,0.00,0.00,0.00,0.00,1.60
2026-08-24T00:52:52Z,0.737,18.4,832.7,0.00,0.00,0.00,0.00,1.60
2026-08-24T00:52:53Z,0.726,18.1,830.1,0.00,0.12,0.00,0.00,1.60
2026-08-24T00:52:55Z,0.736,18.4,826.9,0.00,0.00,0.00,0.00,1.60
2026-08-24T00:52:56Z,0.719,18.0,829.3,0.00,0.00,0.00,0.00,1.47
2026-08-24T00:52:57Z,0.685,17.1,829.7,0.00,0.00,0.00,0.00,1.47
2026-08-24T00:52:58Z,0.687,17.2,830.5,0.00,0.00,0.00,0.00,1.47
2026-08-24T00:52:59Z,0.737,18.4,830.9,0.00,0.00,0.00,0.00,1.47
2026-08-24T00:53:00Z,0.707,17.7,832.7,0.00,0.22,0.00,0.00,1.35
2026-08-24T00:53:01Z,0.622,15.6,833.3,0.00,0.00,0.00,0.00,1.35
2026-08-24T00:53:02Z,0.648,16.2,830.6,0.00,0.00,0.00,0.00,1.35
2026-08-24T00:53:03Z,0.698,17.4,830.6,0.00,0.00,0.00,0.00,1.35
2026-08-24T00:53:04Z,0.669,16.7,827.4,0.00,0.01,0.00,0.00,1.35
2026-08-24T00:53:05Z,0.639,16.0,828.3,0.00,0.00,0.00,0.00,1.24
2026-08-24T00:53:06Z,0.669,16.7,829.3,0.00,0.00,0.00,0.00,1.24
2026-08-24T00:53:07Z,0.659,16.5,829.9,0.00,0.00,0.00,0.00,1.24
2026-08-24T00:53:08Z,0.601,15.0,827.8,0.00,0.00,0.00,0.00,1.24
2026-08-24T00:53:09Z,0.668,16.7,827.5,0.00,0.14,0.00,0.00,1.24
2026-08-24T00:53:10Z,0.706,17.6,828.7,0.00,0.00,0.00,0.00,1.30
2026-08-24T00:53:11Z,0.688,17.2,828.3,0.00,0.00,0.00,0.00,1.30
2026-08-24T00:53:12Z,0.697,17.4,829.3,0.00,0.00,0.00,0.00,1.30
2026-08-24T00:53:13Z,0.612,15.3,829.2,0.00,0.00,0.00,0.00,1.30
2026-08-24T00:53:14Z,0.629,15.7,828.8,0.00,0.00,0.00,0.00,1.30
2026-08-24T00:53:15Z,0.610,15.2,830.4,0.00,0.00,0.00,0.00,1.28
2026-08-24T00:53:16Z,0.678,17.0,829.5,0.00,0.00,0.00,0.00,1.28
2026-08-24T00:53:17Z,0.630,15.8,830.4,0.00,0.00,0.00,0.00,1.28
2026-08-24T00:53:18Z,0.697,17.4,828.9,0.00,0.00,0.00,0.00,1.28
2026-08-24T00:53:19Z,0.679,17.0,827.6,0.00,0.01,0.00,0.00,1.28
2026-08-24T00:53:20Z,0.669,16.7,828.0,0.00,0.00,0.00,0.00,1.34
2026-08-24T00:53:21Z,0.572,14.3,829.2,0.00,0.14,0.00,0.00,1.34
2026-08-24T00:53:22Z,0.649,16.2,826.5,0.00,0.00,0.00,0.00,1.34
2026-08-24T00:53:23Z,0.639,16.0,829.6,0.00,0.00,0.00,0.00,1.34
2026-08-24T00:53:24Z,0.679,17.0,828.7,0.00,0.00,0.00,0.00,1.34
2026-08-24T00:53:25Z,0.641,16.0,828.3,0.00,0.00,0.00,0.00,1.23
2026-08-24T00:53:27Z,0.668,16.7,827.4,0.00,0.00,0.00,0.00,1.23
2026-08-24T00:53:28Z,0.621,15.5,827.8,0.00,0.11,0.00,0.00,1.23
2026-08-24T00:53:29Z,0.659,16.5,828.7,0.00,0.00,0.00,0.00,1.23
2026-08-24T00:53:30Z,0.669,16.7,828.5,0.00,0.00,0.00,0.00,1.23
2026-08-24T00:53:31Z,0.630,15.8,827.1,0.00,0.09,0.00,0.00,1.21
2026-08-24T00:53:32Z,0.621,15.5,828.9,0.00,0.00,0.00,0.00,1.21
2026-08-24T00:53:33Z,0.670,16.8,828.3,0.00,0.00,0.00,0.00,1.21
2026-08-24T00:53:34Z,0.610,15.2,829.2,0.00,0.00,0.00,0.00,1.21
2026-08-24T00:53:35Z,0.667,16.7,828.1,0.00,0.00,0.00,0.00,1.12
2026-08-24T00:53:36Z,0.641,16.0,828.7,0.00,0.12,0.00,0.00,1.12
2026-08-24T00:53:37Z,0.650,16.2,829.8,0.00,0.00,0.00,0.00,1.12
2026-08-24T00:53:38Z,0.697,17.4,828.4,0.00,0.00,0.00,0.00,1.12
2026-08-24T00:53:39Z,0.640,16.0,827.3,0.00,0.00,0.00,0.00,1.12
2026-08-24T00:53:40Z,0.649,16.2,828.9,0.00,0.00,0.00,0.00,1.03
2026-08-24T00:53:41Z,0.679,17.0,828.2,0.00,0.00,0.00,0.00,1.03
2026-08-24T00:53:42Z,0.640,16.0,827.7,0.00,0.00,0.00,0.00,1.03
2026-08-24T00:53:43Z,0.697,17.4,828.4,0.00,0.00,0.00,0.00,1.03
2026-08-24T00:53:44Z,0.669,16.7,830.1,0.00,0.12,0.00,0.00,1.03
2026-08-24T00:53:45Z,0.699,17.5,829.5,0.00,0.00,0.00,0.00,1.10
2026-08-24T00:53:46Z,0.746,18.6,832.9,0.00,0.00,0.00,0.00,1.10
2026-08-24T00:53:47Z,0.659,16.5,832.7,0.00,0.00,0.00,0.00,1.10
2026-08-24T00:53:48Z,0.667,16.7,834.2,0.00,0.00,0.00,0.00,1.10
2026-08-24T00:53:49Z,0.658,16.4,832.3,0.00,0.00,0.00,0.00,1.10
2026-08-24T00:53:50Z,0.698,17.4,824.1,0.00,0.00,0.00,0.00,1.02
2026-08-24T00:53:51Z,0.639,16.0,825.0,0.00,0.01,0.00,0.00,1.02
2026-08-24T00:53:52Z,0.698,17.4,827.5,0.00,0.17,0.00,0.00,1.02
2026-08-24T00:53:53Z,0.659,16.5,828.9,0.00,0.00,0.00,0.00,1.02
2026-08-24T00:53:54Z,0.687,17.2,826.9,0.00,0.00,0.00,0.00,1.02
2026-08-24T00:53:55Z,0.679,17.0,827.9,0.00,0.00,0.00,0.00,0.93
2026-08-24T00:53:56Z,0.650,16.2,828.2,0.00,0.00,0.00,0.00,0.93
2026-08-24T00:53:57Z,0.621,15.5,827.4,0.00,0.00,0.00,0.00,0.93
2026-08-24T00:53:59Z,0.650,16.2,825.1,0.00,0.00,0.00,0.00,0.93
2026-08-24T00:54:00Z,0.678,17.0,823.8,0.00,0.14,0.00,0.00,0.93
2026-08-24T00:54:01Z,0.668,16.7,823.7,0.00,0.05,0.00,0.00,0.94
2026-08-24T00:54:02Z,0.658,16.4,827.4,0.00,0.00,0.00,0.00,0.94
2026-08-24T00:54:03Z,0.639,16.0,827.0,0.00,0.00,0.00,0.00,0.94
2026-08-24T00:54:04Z,0.677,16.9,828.6,0.00,0.00,0.00,0.00,0.94
2026-08-24T00:54:05Z,0.669,16.7,828.3,0.00,0.12,0.00,0.00,0.94
2026-08-24T00:54:06Z,0.681,17.0,829.7,0.00,0.01,0.00,0.00,0.94
2026-08-24T00:54:07Z,0.688,17.2,830.6,0.00,0.00,0.00,0.00,0.94
2026-08-24T00:54:08Z,0.679,17.0,827.8,0.00,0.00,0.00,0.00,0.94
2026-08-24T00:54:09Z,0.687,17.2,828.7,0.00,0.00,0.00,0.00,0.94
2026-08-24T00:54:10Z,0.659,16.5,831.2,0.00,0.00,0.00,0.00,0.87
2026-08-24T00:54:11Z,0.678,17.0,829.1,0.00,0.00,0.00,0.00,0.87
2026-08-24T00:54:12Z,0.630,15.8,829.2,0.00,0.00,0.00,0.00,0.87
2026-08-24T00:54:13Z,0.649,16.2,830.0,0.00,0.12,0.00,0.00,0.87
2026-08-24T00:54:14Z,0.649,16.2,831.7,0.00,0.00,0.00,0.00,0.87
2026-08-24T00:54:15Z,0.649,16.2,832.5,0.00,0.00,0.00,0.00,0.88
2026-08-24T00:54:16Z,0.659,16.5,834.2,0.00,0.00,0.00,0.00,0.88
2026-08-24T00:54:17Z,0.689,17.2,834.3,0.00,0.00,0.00,0.00,0.88
2026-08-24T00:54:18Z,0.679,17.0,831.8,0.00,0.00,0.00,0.00,0.88
2026-08-24T00:54:19Z,0.696,17.4,832.0,0.00,0.00,0.00,0.00,0.88
2026-08-24T00:54:20Z,0.699,17.5,831.5,0.00,0.14,0.00,0.00,0.81
2026-08-24T00:54:21Z,0.668,16.7,827.5,0.00,0.00,0.00,0.00,0.81
2026-08-24T00:54:22Z,0.677,16.9,829.7,0.00,0.00,0.00,0.00,0.81
2026-08-24T00:54:23Z,0.658,16.4,830.3,0.00,0.00,0.00,0.00,0.81
2026-08-24T00:54:24Z,0.650,16.2,830.7,0.00,0.00,0.00,0.00,0.81
2026-08-24T00:54:25Z,0.601,15.0,830.0,0.00,0.00,0.00,0.00,0.74
2026-08-24T00:54:26Z,0.792,19.8,831.5,0.00,0.12,0.00,0.00,0.74
2026-08-24T00:54:27Z,0.716,17.9,830.2,0.00,0.00,0.00,0.00,0.74
2026-08-24T00:54:28Z,0.715,17.9,828.5,0.00,0.00,0.00,0.00,0.74
2026-08-24T00:54:29Z,0.689,17.2,820.1,0.00,0.00,0.00,0.00,0.74
2026-08-24T00:54:30Z,0.669,16.7,822.0,0.00,0.00,0.00,0.00,0.68
2026-08-24T00:54:32Z,0.659,16.5,825.1,0.00,0.09,0.00,0.00,0.68
2026-08-24T00:54:33Z,0.650,16.2,825.5,0.00,0.00,0.00,0.00,0.68
2026-08-24T00:54:34Z,0.677,16.9,826.1,0.00,0.00,0.00,0.00,0.68
2026-08-24T00:54:35Z,0.706,17.6,827.0,0.00,0.00,0.00,0.00,0.71
2026-08-24T00:54:36Z,0.736,18.4,828.1,0.00,0.12,0.00,0.00,0.71
2026-08-24T00:54:37Z,0.668,16.7,829.8,0.00,0.00,0.00,0.00,0.71
2026-08-24T00:54:38Z,0.678,17.0,830.8,0.00,0.00,0.00,0.00,0.71
2026-08-24T00:54:39Z,0.620,15.5,831.0,0.00,0.00,0.00,0.00,0.71
2026-08-24T00:54:40Z,0.696,17.4,831.2,0.00,0.00,0.00,0.00,0.65
2026-08-24T00:54:41Z,0.688,17.2,822.6,0.00,0.00,0.00,0.00,0.65
2026-08-24T00:54:42Z,0.715,17.9,821.6,0.00,0.18,0.00,0.00,0.65
2026-08-24T00:54:43Z,0.670,16.8,823.7,0.00,0.00,0.00,0.00,0.65
2026-08-24T00:54:44Z,0.746,18.6,825.4,0.00,0.00,0.00,0.00,0.65
2026-08-24T00:54:45Z,0.678,17.0,824.8,0.00,0.00,0.00,0.00,0.60
2026-08-24T00:54:46Z,0.715,17.9,825.0,0.00,0.00,0.00,0.00,0.60
2026-08-24T00:54:47Z,0.706,17.6,824.3,0.00,0.00,0.00,0.00,0.60
2026-08-24T00:54:48Z,0.697,17.4,822.1,0.00,0.10,0.00,0.00,0.60
2026-08-24T00:54:49Z,0.698,17.4,817.7,0.00,0.00,0.00,0.00,0.60
2026-08-24T00:54:50Z,0.667,16.7,819.3,0.00,0.00,0.00,0.00,0.63
2026-08-24T00:54:51Z,0.698,17.4,822.6,0.00,0.48,0.00,0.00,0.63
2026-08-24T00:54:52Z,0.639,16.0,818.0,0.00,0.00,0.00,0.00,0.63
2026-08-24T00:54:53Z,0.697,17.4,819.5,0.00,0.01,0.00,0.00,0.63
2026-08-24T00:54:54Z,0.727,18.2,821.9,0.00,0.13,0.00,0.00,0.63
2026-08-24T00:54:55Z,0.707,17.7,821.9,0.00,0.00,0.00,0.00,0.58
2026-08-24T00:54:56Z,0.717,17.9,823.3,0.00,0.00,0.00,0.00,0.58
2026-08-24T00:54:57Z,0.736,18.4,821.4,0.00,0.00,0.00,0.00,0.58
2026-08-24T00:54:58Z,0.736,18.4,820.1,0.00,0.00,0.00,0.00,0.58
2026-08-24T00:54:59Z,0.716,17.9,821.0,0.00,0.00,0.00,0.00,0.58
2026-08-24T00:55:00Z,0.612,15.3,822.8,0.00,0.00,0.00,0.00,0.53
2026-08-24T00:55:01Z,0.640,16.0,826.0,0.00,0.00,0.00,0.00,0.53
2026-08-24T00:55:03Z,0.727,18.2,827.9,0.00,0.21,0.00,0.00,0.53
2026-08-24T00:55:04Z,0.687,17.2,826.1,0.00,0.00,0.00,0.00,0.53
2026-08-24T00:55:05Z,0.669,16.7,828.9,0.00,0.00,0.00,0.00,0.53
2026-08-24T00:55:06Z,0.657,16.4,829.4,0.00,0.00,0.00,0.00,0.49
2026-08-24T00:55:07Z,0.715,17.9,830.5,0.00,0.00,0.00,0.00,0.49
2026-08-24T00:55:08Z,0.660,16.5,832.5,0.00,0.01,0.00,0.00,0.49
2026-08-24T00:55:09Z,0.666,16.7,831.5,0.00,0.00,0.00,0.00,0.49
2026-08-24T00:55:10Z,0.664,16.6,832.2,0.00,0.12,0.00,0.00,0.45
2026-08-24T00:55:11Z,0.635,15.9,832.4,0.00,0.00,0.00,0.00,0.45
2026-08-24T00:55:12Z,0.695,17.4,819.0,0.00,0.00,0.00,0.00,0.45
2026-08-24T00:55:13Z,0.618,15.4,820.2,0.00,0.00,0.00,0.00,0.45
2026-08-24T00:55:14Z,0.636,15.9,822.2,0.00,0.00,0.00,0.00,0.45
2026-08-24T00:55:15Z,0.607,15.2,820.8,0.00,0.00,0.00,0.00,0.66
2026-08-24T00:55:16Z,0.655,16.4,820.4,0.00,0.00,0.00,0.00,0.66
2026-08-24T00:55:17Z,0.675,16.9,821.6,0.00,0.13,0.00,0.00,0.66
2026-08-24T00:55:18Z,0.638,16.0,820.7,0.00,0.00,0.00,0.00,0.66
2026-08-24T00:55:19Z,0.735,18.4,819.7,0.00,0.00,0.00,0.00,0.66
2026-08-24T00:55:20Z,0.694,17.3,820.7,0.00,0.00,0.00,0.00,1.00
2026-08-24T00:55:21Z,0.703,17.6,822.2,0.00,0.00,0.00,0.00,1.00
2026-08-24T00:55:22Z,0.683,17.1,822.3,0.00,0.13,0.00,0.00,1.00
2026-08-24T00:55:23Z,0.705,17.6,823.2,0.00,0.23,0.00,0.00,1.00
2026-08-24T00:55:24Z,0.695,17.4,824.6,0.00,0.00,0.00,0.00,1.00
2026-08-24T00:55:25Z,0.685,17.1,825.4,0.00,0.00,0.00,0.00,0.92
2026-08-24T00:55:26Z,0.646,16.2,816.5,0.00,0.00,0.00,0.00,0.92
2026-08-24T00:55:27Z,0.770,19.2,819.2,0.00,0.00,0.00,0.00,0.92
2026-08-24T00:55:28Z,0.699,17.5,820.2,0.00,0.00,0.00,0.00,0.92
2026-08-24T00:55:29Z,0.686,17.2,818.9,0.00,0.00,0.00,0.00,0.92
2026-08-24T00:55:30Z,0.666,16.7,820.2,0.00,0.00,0.00,0.00,0.85
2026-08-24T00:55:32Z,0.695,17.4,821.4,0.00,0.00,0.00,0.00,0.85
2026-08-24T00:55:33Z,0.647,16.2,822.4,0.00,0.00,0.00,0.00,0.85
2026-08-24T00:55:34Z,0.704,17.6,819.9,0.00,0.00,0.00,0.00,0.85
2026-08-24T00:55:35Z,0.705,17.6,820.9,0.00,0.00,0.00,0.00,1.26
2026-08-24T00:55:36Z,0.723,18.1,822.6,0.00,0.00,0.00,0.00,1.26
2026-08-24T00:55:37Z,0.655,16.4,823.6,0.00,0.13,0.00,0.00,1.26
2026-08-24T00:55:38Z,0.657,16.4,823.4,0.00,0.00,0.00,0.00,1.26
2026-08-24T00:55:39Z,0.706,17.6,817.3,0.00,0.00,0.00,0.00,1.26
2026-08-24T00:55:40Z,0.675,16.9,818.1,0.00,0.00,0.00,0.00,1.16
2026-08-24T00:55:41Z,0.696,17.4,817.4,0.00,0.00,0.00,0.00,1.16
2026-08-24T00:55:42Z,0.677,16.9,820.1,0.00,0.00,0.00,0.00,1.16
2026-08-24T00:55:43Z,0.735,18.4,819.4,0.00,0.00,0.00,0.00,1.16
2026-08-24T00:55:44Z,0.734,18.4,819.9,0.00,0.00,0.00,0.00,1.16
2026-08-24T00:55:45Z,0.683,17.1,820.6,0.00,0.00,0.00,0.00,1.07
2026-08-24T00:55:46Z,0.647,16.2,821.4,0.00,0.00,0.00,0.00,1.07
2026-08-24T00:55:47Z,0.658,16.4,821.4,0.00,0.00,0.00,0.00,1.07
2026-08-24T00:55:48Z,0.686,17.2,821.6,0.00,0.00,0.00,0.00,1.07
2026-08-24T00:55:49Z,0.716,17.9,819.5,0.00,0.15,0.00,0.00,1.07
2026-08-24T00:55:50Z,0.706,17.6,819.2,0.00,0.00,0.00,0.00,1.22
2026-08-24T00:55:51Z,0.656,16.4,817.3,0.00,0.00,0.00,0.00,1.22
2026-08-24T00:55:52Z,0.667,16.7,818.8,0.00,0.03,0.00,0.00,1.22
2026-08-24T00:55:53Z,0.706,17.6,819.7,0.00,0.00,0.00,0.00,1.22
2026-08-24T00:55:54Z,0.733,18.3,820.8,0.00,0.00,0.00,0.00,1.22
2026-08-24T00:55:55Z,0.705,17.6,822.8,0.00,0.01,0.00,0.00,1.12
2026-08-24T00:55:56Z,0.674,16.9,819.8,0.00,0.00,0.00,0.00,1.12
2026-08-24T00:55:57Z,0.712,17.8,820.7,0.00,0.00,0.00,0.00,1.12
2026-08-24T00:55:58Z,0.658,16.4,821.8,0.00,0.00,0.00,0.00,1.12
2026-08-24T00:55:59Z,0.668,16.7,824.7,0.00,0.00,0.00,0.00,1.12
2026-08-24T00:56:01Z,0.736,18.4,824.4,0.00,0.00,0.00,0.00,1.03
2026-08-24T00:56:02Z,0.694,17.3,825.1,0.00,0.00,0.00,0.00,1.03
2026-08-24T00:56:03Z,0.694,17.3,825.2,0.00,0.00,0.00,0.00,1.03
2026-08-24T00:56:04Z,0.695,17.4,826.4,0.00,0.00,0.00,0.00,1.03
2026-08-24T00:56:05Z,0.696,17.4,827.6,0.00,0.14,0.00,0.00,0.95
2026-08-24T00:56:06Z,0.648,16.2,829.3,0.00,0.00,0.00,0.00,0.95
2026-08-24T00:56:07Z,0.656,16.4,827.6,0.00,0.00,0.00,0.00,0.95
2026-08-24T00:56:08Z,0.676,16.9,830.4,0.00,0.00,0.00,0.00,0.95
2026-08-24T00:56:09Z,0.711,17.8,830.7,0.00,0.00,0.00,0.00,0.95
2026-08-24T00:56:10Z,0.695,17.4,831.3,0.00,0.01,0.00,0.00,0.87
2026-08-24T00:56:11Z,0.675,16.9,831.8,0.00,0.00,0.00,0.00,0.87
2026-08-24T00:56:12Z,0.667,16.7,833.2,0.00,0.11,0.00,0.00,0.87
2026-08-24T00:56:13Z,0.742,18.6,831.6,0.00,0.00,0.00,0.00,0.87
2026-08-24T00:56:14Z,0.655,16.4,832.2,0.00,0.00,0.00,0.00,0.87
2026-08-24T00:56:15Z,0.713,17.8,832.4,0.00,0.00,0.00,0.00,0.96
2026-08-24T00:56:16Z,0.704,17.6,833.9,0.00,0.00,0.00,0.00,0.96
2026-08-24T00:56:17Z,0.685,17.1,828.2,0.00,0.00,0.00,0.00,0.96
2026-08-24T00:56:18Z,0.724,18.1,830.3,0.00,0.00,0.00,0.00,0.96
2026-08-24T00:56:19Z,0.740,18.5,831.8,0.00,0.00,0.00,0.00,0.96
2026-08-24T00:56:20Z,0.752,18.8,832.8,0.00,0.00,0.00,0.00,1.05
2026-08-24T00:56:21Z,0.734,18.4,833.4,0.00,0.00,0.00,0.00,1.05
2026-08-24T00:56:22Z,0.666,16.7,834.9,0.00,0.21,0.00,0.00,1.05
2026-08-24T00:56:23Z,0.697,17.4,835.9,0.00,0.00,0.00,0.00,1.05
2026-08-24T00:56:24Z,0.703,17.6,836.2,0.00,0.00,0.00,0.00,1.05
2026-08-24T00:56:25Z,0.713,17.8,833.4,0.00,0.00,0.00,0.00,1.12
2026-08-24T00:56:26Z,0.686,17.2,834.7,0.00,0.00,0.00,0.00,1.12
2026-08-24T00:56:27Z,0.704,17.6,835.3,0.00,0.00,0.00,0.00,1.12
2026-08-24T00:56:29Z,0.705,17.6,835.8,0.00,0.00,0.00,0.00,1.12
2026-08-24T00:56:30Z,0.658,16.4,837.6,0.00,0.00,0.00,0.00,1.12
2026-08-24T00:56:31Z,0.675,16.9,838.8,0.00,0.12,0.00,0.00,1.03
2026-08-24T00:56:32Z,0.705,17.6,840.0,0.00,0.00,0.00,0.00,1.03
2026-08-24T00:56:33Z,0.686,17.2,837.4,0.00,0.00,0.00,0.00,1.03
2026-08-24T00:56:34Z,0.706,17.6,836.7,0.00,0.00,0.00,0.00,1.03
2026-08-24T00:56:35Z,0.637,15.9,836.9,0.00,0.00,0.00,0.00,0.95
2026-08-24T00:56:36Z,0.715,17.9,833.2,0.00,0.00,0.00,0.00,0.95
2026-08-24T00:56:37Z,0.734,18.4,833.9,0.00,0.00,0.00,0.00,0.95
2026-08-24T00:56:38Z,0.706,17.6,834.3,0.00,0.00,0.00,0.00,0.95
2026-08-24T00:56:39Z,0.721,18.0,829.1,0.00,0.00,0.00,0.00,0.95
2026-08-24T00:56:40Z,0.687,17.2,829.8,0.00,0.00,0.00,0.00,0.87
2026-08-24T00:56:41Z,0.712,17.8,831.3,0.00,0.00,0.00,0.00,0.87
2026-08-24T00:56:42Z,0.697,17.4,834.3,0.00,0.00,0.00,0.00,0.87
2026-08-24T00:56:43Z,0.718,17.9,836.2,0.00,0.11,0.00,0.00,0.87
2026-08-24T00:56:44Z,0.696,17.4,836.2,0.00,0.00,0.00,0.00,0.87
2026-08-24T00:56:45Z,0.666,16.7,837.8,0.00,0.00,0.00,0.00,0.80
2026-08-24T00:56:46Z,0.677,16.9,838.1,0.00,0.00,0.00,0.00,0.80
2026-08-24T00:56:47Z,0.726,18.1,839.0,0.00,0.00,0.00,0.00,0.80
2026-08-24T00:56:48Z,0.666,16.7,839.9,0.00,0.00,0.00,0.00,0.80
2026-08-24T00:56:49Z,0.724,18.1,841.5,0.00,0.00,0.00,0.00,0.80
2026-08-24T00:56:50Z,0.678,17.0,831.7,0.00,0.00,0.00,0.00,0.74
2026-08-24T00:56:51Z,0.696,17.4,831.8,0.00,0.00,0.00,0.00,0.74
2026-08-24T00:56:52Z,0.697,17.4,833.5,0.00,0.04,0.00,0.00,0.74
2026-08-24T00:56:53Z,0.705,17.6,834.7,0.00,0.00,0.00,0.00,0.74
2026-08-24T00:56:54Z,0.755,18.9,835.3,0.00,0.00,0.00,0.00,0.74
2026-08-24T00:56:55Z,0.697,17.4,833.3,0.00,0.10,0.00,0.00,0.92
2026-08-24T00:56:56Z,0.765,19.1,830.6,0.00,0.00,0.00,0.00,0.92
2026-08-24T00:56:57Z,0.755,18.9,833.1,0.00,0.00,0.00,0.00,0.92
2026-08-24T00:56:59Z,0.764,19.1,834.8,0.00,0.01,0.00,0.00,0.92
2026-08-24T00:57:00Z,0.756,18.9,834.1,0.00,0.00,0.00,0.00,0.92
2026-08-24T00:57:01Z,0.773,19.3,836.3,0.00,0.00,0.00,0.00,0.85
2026-08-24T00:57:02Z,0.696,17.4,831.9,0.00,0.18,0.00,0.00,0.85
2026-08-24T00:57:03Z,0.737,18.4,833.1,0.00,0.00,0.00,0.00,0.85
2026-08-24T00:57:04Z,0.697,17.4,833.2,0.00,0.00,0.00,0.00,0.85
2026-08-24T00:57:05Z,0.728,18.2,832.1,0.00,0.00,0.00,0.00,0.86
2026-08-24T00:57:06Z,0.736,18.4,832.3,0.00,0.00,0.00,0.00,0.86
2026-08-24T00:57:07Z,0.667,16.7,832.7,0.00,0.00,0.00,0.00,0.86
2026-08-24T00:57:08Z,0.725,18.1,834.6,0.00,0.00,0.00,0.00,0.86
2026-08-24T00:57:09Z,0.708,17.7,826.5,0.00,0.00,0.00,0.00,0.86
2026-08-24T00:57:10Z,0.726,18.1,827.7,0.00,0.00,0.00,0.00,0.95
2026-08-24T00:57:11Z,0.648,16.2,828.4,0.00,0.00,0.00,0.00,0.95
2026-08-24T00:57:12Z,0.667,16.7,828.8,0.00,0.11,0.00,0.00,0.95
2026-08-24T00:57:13Z,0.609,15.2,830.2,0.00,0.01,0.00,0.00,0.95
2026-08-24T00:57:14Z,0.630,15.8,831.7,0.00,0.00,0.00,0.00,0.95
2026-08-24T00:57:15Z,0.727,18.2,830.3,0.00,0.00,0.00,0.00,0.87
2026-08-24T00:57:16Z,0.716,17.9,832.1,0.00,0.00,0.00,0.00,0.87
2026-08-24T00:57:17Z,0.727,18.2,834.5,0.00,0.00,0.00,0.00,0.87
2026-08-24T00:57:18Z,0.668,16.7,818.0,0.00,0.00,0.00,0.00,0.87
2026-08-24T00:57:19Z,0.695,17.4,820.7,0.00,0.00,0.00,0.00,0.87
2026-08-24T00:57:20Z,0.695,17.4,819.6,0.00,0.00,0.00,0.00,0.80
2026-08-24T00:57:21Z,0.669,16.7,822.1,0.00,0.00,0.00,0.00,0.80
2026-08-24T00:57:22Z,0.697,17.4,823.0,0.00,0.05,0.00,0.00,0.80
2026-08-24T00:57:23Z,0.695,17.4,823.0,0.00,0.05,0.00,0.00,0.80
2026-08-24T00:57:24Z,0.724,18.1,822.4,0.00,0.00,0.00,0.00,0.80
2026-08-24T00:57:25Z,0.713,17.8,824.5,0.00,0.16,0.00,0.00,0.74
2026-08-24T00:57:26Z,0.755,18.9,825.7,0.00,0.00,0.00,0.00,0.74
2026-08-24T00:57:27Z,0.650,16.2,826.0,0.00,0.00,0.00,0.00,0.74
2026-08-24T00:57:28Z,0.650,16.2,824.1,0.00,0.00,0.00,0.00,0.74
2026-08-24T00:57:30Z,0.676,16.9,825.6,0.00,0.16,0.00,0.00,0.74
2026-08-24T00:57:31Z,0.707,17.7,827.3,0.00,0.00,0.00,0.00,0.76
2026-08-24T00:57:32Z,0.687,17.2,831.7,0.00,0.00,0.00,0.00,0.76
2026-08-24T00:57:33Z,0.725,18.1,831.8,0.00,0.00,0.00,0.00,0.76
2026-08-24T00:57:34Z,0.695,17.4,829.3,0.00,0.03,0.00,0.00,0.76
2026-08-24T00:57:35Z,0.659,16.5,830.2,0.00,0.00,0.00,0.00,0.94
2026-08-24T00:57:36Z,0.621,15.5,830.6,0.00,0.00,0.00,0.00,0.94
2026-08-24T00:57:37Z,0.657,16.4,830.8,0.00,0.00,0.00,0.00,0.94
2026-08-24T00:57:38Z,0.667,16.7,832.2,0.00,0.00,0.00,0.00,0.94
2026-08-24T00:57:39Z,0.716,17.9,830.5,0.00,0.12,0.00,0.00,0.94
2026-08-24T00:57:40Z,0.669,16.7,831.7,0.00,0.00,0.00,0.00,0.87
2026-08-24T00:57:41Z,0.649,16.2,833.9,0.00,0.00,0.00,0.00,0.87
2026-08-24T00:57:42Z,0.696,17.4,834.9,0.00,0.00,0.00,0.00,0.87
2026-08-24T00:57:43Z,0.677,16.9,833.5,0.00,0.00,0.00,0.00,0.87
2026-08-24T00:57:44Z,0.667,16.7,834.6,0.00,0.00,0.00,0.00,0.87
2026-08-24T00:57:45Z,0.687,17.2,833.6,0.00,0.00,0.00,0.00,0.96
2026-08-24T00:57:46Z,0.707,17.7,832.6,0.00,0.00,0.00,0.00,0.96
2026-08-24T00:57:47Z,0.659,16.5,823.9,0.00,0.00,0.00,0.00,0.96
2026-08-24T00:57:48Z,0.666,16.7,826.3,0.00,0.00,0.00,0.00,0.96
2026-08-24T00:57:49Z,0.677,16.9,827.2,0.00,0.00,0.00,0.00,0.96
2026-08-24T00:57:50Z,0.678,17.0,829.1,0.00,0.01,0.00,0.00,0.88
2026-08-24T00:57:51Z,0.677,16.9,826.0,0.00,0.00,0.00,0.00,0.88
2026-08-24T00:57:52Z,0.621,15.5,825.5,0.00,0.00,0.00,0.00,0.88
2026-08-24T00:57:53Z,0.717,17.9,824.0,0.00,0.00,0.00,0.00,0.88
2026-08-24T00:57:54Z,0.657,16.4,826.2,0.00,0.00,0.00,0.00,0.88
2026-08-24T00:57:55Z,0.669,16.7,825.7,0.00,0.22,0.00,0.00,0.81
2026-08-24T00:57:56Z,0.648,16.2,827.7,0.00,0.00,0.00,0.00,0.81
2026-08-24T00:57:57Z,0.648,16.2,827.8,0.00,0.00,0.00,0.00,0.81
2026-08-24T00:57:58Z,0.669,16.7,829.5,0.00,0.00,0.00,0.00,0.81
2026-08-24T00:57:59Z,0.687,17.2,826.2,0.00,0.00,0.00,0.00,0.81
2026-08-24T00:58:01Z,0.677,16.9,828.7,0.00,0.00,0.00,0.00,0.74
2026-08-24T00:58:02Z,0.727,18.2,824.5,0.00,0.00,0.00,0.00,0.74
2026-08-24T00:58:03Z,0.649,16.2,824.8,0.00,0.00,0.00,0.00,0.74
2026-08-24T00:58:04Z,0.676,16.9,825.3,0.00,0.00,0.00,0.00,0.74
2026-08-24T00:58:05Z,0.611,15.3,826.0,0.00,0.03,0.00,0.00,0.74
2026-08-24T00:58:06Z,0.697,17.4,827.4,0.00,0.00,0.00,0.00,0.68
2026-08-24T00:58:07Z,0.698,17.4,828.3,0.00,0.16,0.00,0.00,0.68
2026-08-24T00:58:08Z,0.678,17.0,829.9,0.00,0.00,0.00,0.00,0.68
2026-08-24T00:58:09Z,0.707,17.7,830.8,0.00,0.00,0.00,0.00,0.68
2026-08-24T00:58:10Z,0.725,18.1,833.0,0.00,0.01,0.00,0.00,0.63
2026-08-24T00:58:11Z,0.707,17.7,832.1,0.00,0.00,0.00,0.00,0.63
2026-08-24T00:58:12Z,0.698,17.4,834.1,0.00,0.00,0.00,0.00,0.63
2026-08-24T00:58:13Z,0.678,17.0,835.6,0.00,0.00,0.00,0.00,0.63
2026-08-24T00:58:14Z,0.696,17.4,837.5,0.00,0.00,0.00,0.00,0.63
2026-08-24T00:58:15Z,0.631,15.8,837.4,0.00,0.00,0.00,0.00,0.58
2026-08-24T00:58:16Z,0.687,17.2,838.5,0.00,0.01,0.00,0.00,0.58
2026-08-24T00:58:17Z,0.717,17.9,840.2,0.00,0.00,0.00,0.00,0.58
2026-08-24T00:58:18Z,0.688,17.2,834.1,0.00,0.00,0.00,0.00,0.58
2026-08-24T00:58:19Z,0.688,17.2,833.4,0.00,0.00,0.00,0.00,0.58
2026-08-24T00:58:20Z,0.668,16.7,833.0,0.00,0.00,0.00,0.00,0.53
2026-08-24T00:58:21Z,0.676,16.9,831.2,0.00,0.14,0.00,0.00,0.53
2026-08-24T00:58:22Z,0.687,17.2,831.7,0.00,0.00,0.00,0.00,0.53
2026-08-24T00:58:23Z,0.687,17.2,829.1,0.00,0.01,0.00,0.00,0.53
2026-08-24T00:58:24Z,0.668,16.7,830.1,0.00,0.00,0.00,0.00,0.53
2026-08-24T00:58:25Z,0.698,17.4,830.3,0.00,0.00,0.00,0.00,0.49
2026-08-24T00:58:26Z,0.669,16.7,825.9,0.00,0.00,0.00,0.00,0.49
2026-08-24T00:58:27Z,0.629,15.7,827.4,0.00,0.00,0.00,0.00,0.49
2026-08-24T00:58:28Z,0.649,16.2,830.1,0.00,0.00,0.00,0.00,0.49
2026-08-24T00:58:29Z,0.649,16.2,829.2,0.00,0.00,0.00,0.00,0.49
2026-08-24T00:58:30Z,0.661,16.5,825.3,0.00,0.00,0.00,0.00,0.53
2026-08-24T00:58:31Z,0.659,16.5,826.8,0.00,0.00,0.00,0.00,0.53
2026-08-24T00:58:33Z,0.650,16.2,826.0,0.00,0.01,0.00,0.00,0.53
2026-08-24T00:58:34Z,0.649,16.2,826.6,0.00,0.00,0.00,0.00,0.53
2026-08-24T00:58:35Z,0.688,17.2,828.0,0.00,0.06,0.00,0.00,0.53
2026-08-24T00:58:36Z,1.059,26.5,832.6,0.00,0.01,0.00,0.00,0.65
2026-08-24T00:58:37Z,0.668,16.7,827.2,0.00,0.00,0.00,0.00,0.65
2026-08-24T00:58:38Z,0.706,17.6,829.0,0.00,0.30,0.00,0.00,0.65
2026-08-24T00:58:39Z,0.687,17.2,823.2,0.00,0.00,0.00,0.00,0.65
2026-08-24T00:58:40Z,0.764,19.1,821.8,0.00,0.02,0.00,0.00,0.60
2026-08-24T00:58:41Z,0.744,18.6,823.1,0.00,0.01,0.00,0.00,0.60
2026-08-24T00:58:42Z,0.697,17.4,824.3,0.00,0.00,0.00,0.00,0.60
2026-08-24T00:58:43Z,0.709,17.7,825.4,0.00,0.00,0.00,0.00,0.60
2026-08-24T00:58:44Z,0.708,17.7,822.7,0.00,0.09,0.00,0.00,0.60
2026-08-24T00:58:45Z,0.699,17.5,823.7,0.00,0.00,0.00,0.00,0.71
2026-08-24T00:58:46Z,0.679,17.0,823.8,0.00,0.00,0.00,0.00,0.71
2026-08-24T00:58:47Z,0.697,17.4,824.9,0.00,0.00,0.00,0.00,0.71
2026-08-24T00:58:48Z,0.668,16.7,825.9,0.00,0.00,0.00,0.00,0.71
2026-08-24T00:58:49Z,0.669,16.7,827.1,0.00,0.00,0.00,0.00,0.71
2026-08-24T00:58:50Z,0.708,17.7,819.8,0.00,0.00,0.00,0.00,0.65
2026-08-24T00:58:51Z,0.679,17.0,820.5,0.00,0.00,0.00,0.00,0.65
2026-08-24T00:58:52Z,0.698,17.4,821.6,0.00,0.00,0.00,0.00,0.65
2026-08-24T00:58:53Z,0.678,17.0,822.1,0.00,0.00,0.00,0.00,0.65
2026-08-24T00:58:54Z,0.668,16.7,823.1,0.00,0.00,0.00,0.00,0.65
2026-08-24T00:58:55Z,0.678,17.0,824.6,0.00,0.11,0.00,0.00,0.60
2026-08-24T00:58:56Z,0.708,17.7,820.3,0.00,0.00,0.00,0.00,0.60
2026-08-24T00:58:57Z,0.688,17.2,821.8,0.00,0.00,0.00,0.00,0.60
2026-08-24T00:58:58Z,0.726,18.1,822.7,0.00,0.00,0.00,0.00,0.60
2026-08-24T00:58:59Z,0.736,18.4,823.2,0.00,0.00,0.00,0.00,0.60
2026-08-24T00:59:00Z,0.629,15.7,818.6,0.00,0.00,0.00,0.00,0.55
2026-08-24T00:59:01Z,0.640,16.0,820.3,0.00,0.00,0.00,0.00,0.55
2026-08-24T00:59:02Z,0.660,16.5,822.8,0.00,0.00,0.00,0.00,0.55
2026-08-24T00:59:03Z,0.620,15.5,824.0,0.00,0.00,0.00,0.00,0.55
2026-08-24T00:59:05Z,0.641,16.0,821.9,0.00,0.00,0.00,0.00,0.55
2026-08-24T00:59:06Z,0.659,16.5,819.1,0.00,0.18,0.00,0.00,0.59
2026-08-24T00:59:07Z,0.679,17.0,822.2,0.00,0.00,0.00,0.00,0.59
2026-08-24T00:59:08Z,0.678,17.0,819.6,0.00,0.00,0.00,0.00,0.59
2026-08-24T00:59:09Z,0.766,19.1,818.3,0.00,0.00,0.00,0.00,0.59
2026-08-24T00:59:10Z,0.746,18.6,816.7,0.00,0.00,0.00,0.00,0.59
2026-08-24T00:59:11Z,0.649,16.2,819.5,0.00,0.03,0.00,0.00,0.62
2026-08-24T00:59:12Z,0.679,17.0,820.5,0.00,0.00,0.00,0.00,0.62
2026-08-24T00:59:13Z,0.658,16.4,821.2,0.00,0.00,0.00,0.00,0.62
2026-08-24T00:59:14Z,0.726,18.1,821.3,0.00,0.17,0.00,0.00,0.62
2026-08-24T00:59:15Z,0.699,17.5,823.0,0.00,0.00,0.00,0.00,0.57
2026-08-24T00:59:16Z,0.698,17.4,821.4,0.00,0.00,0.00,0.00,0.57
2026-08-24T00:59:17Z,0.735,18.4,822.3,0.00,0.00,0.00,0.00,0.57
2026-08-24T00:59:18Z,0.735,18.4,818.6,0.00,0.00,0.00,0.00,0.57
2026-08-24T00:59:19Z,0.668,16.7,819.8,0.00,0.00,0.00,0.00,0.57
2026-08-24T00:59:20Z,0.669,16.7,821.0,0.00,0.00,0.00,0.00,1.41
2026-08-24T00:59:21Z,0.737,18.4,817.6,0.00,0.15,0.00,0.00,1.41
2026-08-24T00:59:22Z,0.785,19.6,817.2,0.00,0.00,0.00,0.00,1.41
2026-08-24T00:59:23Z,0.737,18.4,819.4,0.00,0.00,0.00,0.00,1.41
2026-08-24T00:59:24Z,0.670,16.8,819.5,0.00,0.00,0.00,0.00,1.41
2026-08-24T00:59:25Z,0.775,19.4,817.4,0.00,0.00,0.00,0.00,1.37
2026-08-24T00:59:26Z,0.802,20.1,818.5,0.00,0.00,0.00,0.00,1.37
2026-08-24T00:59:27Z,0.716,17.9,820.7,0.00,0.00,0.00,0.00,1.37
2026-08-24T00:59:28Z,0.727,18.2,819.3,0.00,0.00,0.00,0.00,1.37
2026-08-24T00:59:29Z,0.775,19.4,819.8,0.00,0.00,0.00,0.00,1.37
2026-08-24T00:59:30Z,0.756,18.9,817.1,0.00,0.00,0.00,0.00,1.98
2026-08-24T00:59:31Z,0.689,17.2,816.7,0.00,0.17,0.00,0.00,1.98
2026-08-24T00:59:32Z,0.697,17.4,818.4,0.00,0.00,0.00,0.00,1.98
2026-08-24T00:59:33Z,0.746,18.6,815.4,0.00,0.00,0.00,0.00,1.98
2026-08-24T00:59:34Z,0.747,18.7,816.6,0.00,0.01,0.00,0.00,1.98
2026-08-24T00:59:35Z,0.678,17.0,818.8,0.00,0.05,0.00,0.00,1.82
2026-08-24T00:59:37Z,0.736,18.4,818.4,0.00,0.00,0.00,0.00,1.82
2026-08-24T00:59:38Z,0.773,19.3,819.3,0.00,0.00,0.00,0.00,1.82
2026-08-24T00:59:39Z,0.737,18.4,821.2,0.00,0.00,0.00,0.00,1.82
2026-08-24T00:59:40Z,0.698,17.4,823.9,0.00,0.00,0.00,0.00,1.82
2026-08-24T00:59:41Z,0.718,17.9,826.4,0.00,0.03,0.00,0.00,1.76
2026-08-24T00:59:42Z,0.698,17.4,824.4,0.00,0.00,0.00,0.00,1.76
2026-08-24T00:59:43Z,0.699,17.5,824.1,0.00,0.00,0.00,0.00,1.76
2026-08-24T00:59:44Z,0.707,17.7,824.5,0.00,0.00,0.00,0.00,1.76
2026-08-24T00:59:45Z,0.715,17.9,826.2,0.00,0.00,0.00,0.00,1.62
2026-08-24T00:59:46Z,0.793,19.8,825.8,0.00,0.00,0.00,0.00,1.62
2026-08-24T00:59:47Z,0.784,19.6,829.1,0.00,0.14,0.00,0.00,1.62
2026-08-24T00:59:48Z,0.747,18.7,823.4,0.00,0.00,0.00,0.00,1.62
2026-08-24T00:59:49Z,0.757,18.9,824.0,0.00,0.01,0.00,0.00,1.62
2026-08-24T00:59:50Z,0.708,17.7,826.5,0.00,0.00,0.00,0.00,1.49
2026-08-24T00:59:51Z,0.698,17.4,824.0,0.00,0.48,0.00,0.00,1.49
2026-08-24T00:59:52Z,0.746,18.6,823.2,0.00,0.00,0.00,0.00,1.49
2026-08-24T00:59:53Z,0.815,20.4,825.1,0.00,0.00,0.00,0.00,1.49
2026-08-24T00:59:54Z,0.777,19.4,826.8,0.00,0.00,0.00,0.00,1.49
2026-08-24T00:59:55Z,0.700,17.5,830.3,0.00,0.00,0.00,0.00,1.37
2026-08-24T00:59:56Z,0.764,19.1,824.7,0.00,0.05,0.00,0.00,1.37
2026-08-24T00:59:57Z,0.687,17.2,827.1,0.00,0.00,0.00,0.00,1.37
2026-08-24T00:59:58Z,0.707,17.7,828.8,0.00,0.00,0.00,0.00,1.37
2026-08-24T00:59:59Z,0.747,18.7,826.0,0.00,0.00,0.00,0.00,1.37
2026-08-24T01:00:00Z,0.737,18.4,829.5,0.00,0.00,0.00,0.00,1.26
2026-08-24T01:00:01Z,0.823,20.6,826.1,0.00,0.14,0.00,0.00,1.26
2026-08-24T01:00:02Z,0.862,21.6,828.0,0.00,0.00,0.00,0.00,1.26
2026-08-24T01:00:03Z,0.735,18.4,827.1,0.00,0.00,0.00,0.00,1.26
2026-08-24T01:00:04Z,0.812,20.3,824.8,0.00,0.01,0.00,0.00,1.26
2026-08-24T01:00:05Z,0.724,18.1,825.5,0.00,0.11,0.00,0.00,1.32
2026-08-24T01:00:06Z,0.718,17.9,826.4,0.00,0.00,0.00,0.00,1.32
2026-08-24T01:00:07Z,0.775,19.4,827.5,0.00,0.00,0.00,0.00,1.32
2026-08-24T01:00:09Z,0.726,18.1,820.1,0.00,0.00,0.00,0.00,1.32
2026-08-24T01:00:10Z,0.707,17.7,820.3,0.00,0.00,0.00,0.00,1.32
2026-08-24T01:00:11Z,0.746,18.6,822.1,0.00,0.00,0.00,0.00,1.21
2026-08-24T01:00:12Z,0.764,19.1,822.4,0.00,0.22,0.00,0.00,1.21
2026-08-24T01:00:13Z,0.862,21.6,817.0,0.00,0.00,0.12,0.00,1.21
2026-08-24T01:00:14Z,0.748,18.7,819.4,0.00,0.00,0.00,0.00,1.21
2026-08-24T01:00:15Z,0.707,17.7,820.0,0.00,0.00,0.00,0.00,1.92
2026-08-24T01:00:16Z,0.719,18.0,817.0,0.00,0.00,0.00,0.00,1.92
2026-08-24T01:00:17Z,0.755,18.9,817.4,0.00,0.00,0.00,0.00,1.92
2026-08-24T01:00:18Z,0.727,18.2,817.7,0.00,0.02,0.00,0.00,1.92
2026-08-24T01:00:19Z,0.726,18.1,819.1,0.00,0.00,0.00,0.00,1.92
2026-08-24T01:00:20Z,0.707,17.7,819.2,0.00,0.00,0.00,0.00,2.00
2026-08-24T01:00:21Z,0.717,17.9,819.8,0.00,0.00,0.00,0.00,2.00
2026-08-24T01:00:22Z,0.729,18.2,820.9,0.00,0.07,0.00,0.00,2.00
2026-08-24T01:00:23Z,0.736,18.4,822.3,0.00,0.25,0.00,0.00,2.00
2026-08-24T01:00:24Z,0.774,19.4,823.9,0.00,0.00,0.00,0.00,2.00
2026-08-24T01:00:25Z,0.696,17.4,822.4,0.00,0.00,0.00,0.00,1.84
2026-08-24T01:00:26Z,0.709,17.7,824.9,0.00,0.00,0.00,0.00,1.84
2026-08-24T01:00:27Z,0.737,18.4,825.1,0.00,0.00,0.00,0.00,1.84
2026-08-24T01:00:28Z,0.728,18.2,825.6,0.00,0.00,0.00,0.00,1.84
2026-08-24T01:00:29Z,0.764,19.1,824.9,0.00,0.01,0.00,0.00,1.84
2026-08-24T01:00:30Z,0.804,20.1,818.6,0.00,0.00,0.00,0.00,2.10
2026-08-24T01:00:31Z,0.669,16.7,820.2,0.00,0.00,0.00,0.00,2.10
2026-08-24T01:00:32Z,0.678,17.0,821.1,0.00,0.00,0.00,0.00,2.10
2026-08-24T01:00:33Z,0.746,18.6,819.8,0.00,0.00,0.00,0.00,2.10
2026-08-24T01:00:34Z,0.651,16.3,820.8,0.00,0.00,0.00,0.00,2.10
2026-08-24T01:00:35Z,0.707,17.7,823.7,0.00,0.16,0.00,0.00,1.93
2026-08-24T01:00:36Z,0.717,17.9,823.8,0.00,0.00,0.00,0.00,1.93
2026-08-24T01:00:37Z,0.785,19.6,825.5,0.00,0.01,0.00,0.00,1.93
2026-08-24T01:00:38Z,0.767,19.2,824.5,0.00,0.00,0.00,0.00,1.93
2026-08-24T01:00:39Z,0.748,18.7,822.0,0.00,0.00,0.00,0.00,1.93
2026-08-24T01:00:40Z,0.784,19.6,824.9,0.00,0.00,0.00,0.00,1.77
2026-08-24T01:00:42Z,0.707,17.7,825.2,0.00,0.00,0.00,0.00,1.77
2026-08-24T01:00:43Z,0.727,18.2,825.2,0.00,0.00,0.00,0.00,1.77
2026-08-24T01:00:44Z,0.727,18.2,826.5,0.00,0.00,0.00,0.00,1.77
2026-08-24T01:00:45Z,0.737,18.4,827.7,0.00,0.00,0.00,0.00,1.77
2026-08-24T01:00:46Z,0.757,18.9,829.6,0.00,0.00,0.00,0.00,1.63
2026-08-24T01:00:47Z,0.707,17.7,829.8,0.00,0.00,0.00,0.00,1.63
2026-08-24T01:00:48Z,0.738,18.4,827.1,0.00,0.00,0.00,0.00,1.63
2026-08-24T01:00:49Z,0.746,18.6,825.6,0.00,0.11,0.00,0.00,1.63
2026-08-24T01:00:50Z,0.745,18.6,828.4,0.00,0.00,0.00,0.00,1.50
2026-08-24T01:00:51Z,0.776,19.4,822.3,0.00,0.00,0.00,0.00,1.50
2026-08-24T01:00:52Z,0.707,17.7,823.7,0.00,0.05,0.00,0.00,1.50
2026-08-24T01:00:53Z,0.785,19.6,824.0,0.00,0.00,0.00,0.00,1.50
2026-08-24T01:00:54Z,0.784,19.6,825.2,0.00,0.00,0.00,0.00,1.50
2026-08-24T01:00:55Z,0.796,19.9,826.7,0.00,0.00,0.00,0.00,1.38
2026-08-24T01:00:56Z,0.783,19.6,825.6,0.00,0.01,0.00,0.00,1.38
2026-08-24T01:00:57Z,0.714,17.8,828.2,0.00,0.03,0.00,0.00,1.38
2026-08-24T01:00:58Z,0.736,18.4,829.4,0.00,0.00,0.00,0.00,1.38
2026-08-24T01:00:59Z,0.718,17.9,829.9,0.00,0.00,0.00,0.00,1.38
2026-08-24T01:01:00Z,0.785,19.6,828.8,0.00,0.00,0.00,0.00,1.27
2026-08-24T01:01:01Z,0.765,19.1,829.5,0.00,0.14,0.00,0.00,1.27
2026-08-24T01:01:02Z,0.743,18.6,830.2,0.00,0.00,0.00,0.00,1.27
2026-08-24T01:01:03Z,0.774,19.4,827.7,0.00,0.00,0.00,0.00,1.27
2026-08-24T01:01:04Z,0.766,19.1,827.8,0.00,0.00,0.00,0.00,1.27
2026-08-24T01:01:05Z,0.737,18.4,828.8,0.00,0.00,0.00,0.00,1.41
2026-08-24T01:01:06Z,0.745,18.6,826.6,0.00,0.00,0.00,0.00,1.41
2026-08-24T01:01:07Z,0.805,20.1,825.9,0.00,0.00,0.00,0.00,1.41
2026-08-24T01:01:08Z,0.765,19.1,828.3,0.00,0.12,0.00,0.00,1.41
2026-08-24T01:01:09Z,0.727,18.2,828.5,0.00,0.00,0.00,0.00,1.41
2026-08-24T01:01:10Z,0.719,18.0,826.3,0.00,0.00,0.00,0.00,1.29
2026-08-24T01:01:11Z,0.738,18.4,825.9,0.00,0.00,0.00,0.00,1.29
2026-08-24T01:01:12Z,0.746,18.6,828.5,0.00,0.00,0.00,0.00,1.29
2026-08-24T01:01:14Z,0.726,18.1,828.9,0.00,0.00,0.00,0.00,1.29
2026-08-24T01:01:15Z,0.727,18.2,829.3,0.00,0.00,0.00,0.00,1.29
2026-08-24T01:01:16Z,0.736,18.4,828.0,0.00,0.19,0.00,0.00,1.19
2026-08-24T01:01:17Z,0.754,18.9,829.6,0.00,0.00,0.00,0.00,1.19
2026-08-24T01:01:18Z,0.709,17.7,827.2,0.00,0.00,0.00,0.00,1.19
2026-08-24T01:01:19Z,0.708,17.7,826.7,0.00,0.00,0.00,0.00,1.19
2026-08-24T01:01:20Z,0.728,18.2,827.8,0.00,0.00,0.00,0.00,1.17
2026-08-24T01:01:21Z,0.747,18.7,827.1,0.00,0.01,0.00,0.00,1.17
2026-08-24T01:01:22Z,0.765,19.1,828.6,0.00,0.11,0.00,0.00,1.17
2026-08-24T01:01:23Z,0.678,17.0,829.1,0.00,0.04,0.00,0.00,1.17
2026-08-24T01:01:24Z,0.747,18.7,830.7,0.00,0.00,0.00,0.00,1.17
2026-08-24T01:01:25Z,0.785,19.6,830.4,0.00,0.00,0.00,0.00,1.16
2026-08-24T01:01:26Z,0.717,17.9,829.2,0.00,0.00,0.00,0.00,1.16
2026-08-24T01:01:27Z,0.727,18.2,829.0,0.00,0.00,0.00,0.00,1.16
2026-08-24T01:01:28Z,0.736,18.4,829.3,0.00,0.01,0.00,0.00,1.16
2026-08-24T01:01:29Z,0.696,17.4,830.0,0.00,0.00,0.00,0.00,1.16
2026-08-24T01:01:30Z,0.689,17.2,831.5,0.00,0.00,0.00,0.00,1.07
2026-08-24T01:01:31Z,0.766,19.1,823.0,0.00,0.00,0.00,0.00,1.07
2026-08-24T01:01:32Z,0.738,18.4,820.0,0.00,0.14,0.00,0.00,1.07
2026-08-24T01:01:33Z,0.756,18.9,820.1,0.00,0.00,0.00,0.00,1.07
2026-08-24T01:01:34Z,0.785,19.6,822.2,0.00,0.00,0.00,0.00,1.07
2026-08-24T01:01:35Z,0.667,16.7,823.2,0.00,0.00,0.00,0.00,1.38
2026-08-24T01:01:36Z,0.708,17.7,822.4,0.00,0.00,0.00,0.00,1.38
2026-08-24T01:01:37Z,0.726,18.1,824.0,0.00,0.00,0.00,0.00,1.38
2026-08-24T01:01:38Z,0.737,18.4,823.2,0.00,0.01,0.00,0.00,1.38
2026-08-24T01:01:39Z,0.669,16.7,823.3,0.00,0.01,0.00,0.00,1.38
2026-08-24T01:01:40Z,0.698,17.4,817.8,0.00,0.00,0.00,0.00,1.27
2026-08-24T01:01:41Z,0.708,17.7,819.2,0.00,0.00,0.00,0.00,1.27
2026-08-24T01:01:42Z,0.697,17.4,817.5,0.00,0.00,0.00,0.00,1.27
2026-08-24T01:01:43Z,0.699,17.5,818.9,0.00,0.00,0.00,0.00,1.27
2026-08-24T01:01:44Z,0.708,17.7,819.9,0.00,0.00,0.00,0.00,1.27
2026-08-24T01:01:46Z,0.659,16.5,819.5,0.00,0.12,0.00,0.00,1.17
2026-08-24T01:01:47Z,0.746,18.6,820.0,0.00,0.00,0.00,0.00,1.17
2026-08-24T01:01:48Z,0.697,17.4,819.1,0.00,0.00,0.00,0.00,1.17
2026-08-24T01:01:49Z,0.726,18.1,819.7,0.00,0.00,0.00,0.00,1.17
2026-08-24T01:01:50Z,0.681,17.0,820.9,0.00,0.00,0.00,0.00,1.17
2026-08-24T01:01:51Z,0.718,17.9,822.3,0.00,0.00,0.00,0.00,1.08
2026-08-24T01:01:52Z,0.679,17.0,823.5,0.00,0.00,0.00,0.00,1.08
2026-08-24T01:01:53Z,0.724,18.1,824.0,0.00,0.09,0.00,0.00,1.08
2026-08-24T01:01:54Z,0.735,18.4,821.2,0.00,0.05,0.00,0.00,1.08
2026-08-24T01:01:55Z,0.678,17.0,822.4,0.00,0.00,0.00,0.00,1.07
2026-08-24T01:01:56Z,0.765,19.1,821.5,0.00,0.00,0.00,0.00,1.07
2026-08-24T01:01:57Z,0.737,18.4,823.5,0.00,0.00,0.00,0.00,1.07
2026-08-24T01:01:58Z,0.698,17.4,816.3,0.00,0.00,0.00,0.00,1.07
2026-08-24T01:01:59Z,0.766,19.1,819.1,0.00,0.02,0.00,0.00,1.07
2026-08-24T01:02:00Z,0.756,18.9,819.7,0.00,0.00,0.00,0.00,1.14
2026-08-24T01:02:01Z,0.708,17.7,820.4,0.00,0.00,0.00,0.00,1.14
2026-08-24T01:02:02Z,0.727,18.2,819.6,0.00,0.00,0.00,0.00,1.14
2026-08-24T01:02:03Z,0.766,19.1,822.1,0.00,0.17,0.00,0.00,1.14
2026-08-24T01:02:04Z,0.757,18.9,824.8,0.00,0.00,0.00,0.00,1.14
2026-08-24T01:02:05Z,0.718,17.9,827.0,0.00,0.00,0.00,0.00,1.21
2026-08-24T01:02:06Z,0.736,18.4,830.0,0.00,0.00,0.00,0.00,1.21
2026-08-24T01:02:07Z,0.735,18.4,825.2,0.00,0.00,0.00,0.00,1.21
2026-08-24T01:02:08Z,0.744,18.6,827.5,0.00,0.00,0.00,0.00,1.21
2026-08-24T01:02:09Z,0.755,18.9,822.3,0.00,0.00,0.00,0.00,1.21
2026-08-24T01:02:10Z,0.745,18.6,826.3,0.00,0.00,0.00,0.00,1.12
2026-08-24T01:02:11Z,0.728,18.2,829.0,0.00,0.00,0.00,0.00,1.12
2026-08-24T01:02:12Z,0.677,16.9,829.1,0.00,0.00,0.00,0.00,1.12
2026-08-24T01:02:13Z,0.754,18.9,822.7,0.00,0.00,0.00,0.00,1.12
2026-08-24T01:02:14Z,0.775,19.4,823.0,0.00,0.14,0.00,0.00,1.12
2026-08-24T01:02:15Z,0.775,19.4,824.1,0.00,0.00,0.00,0.00,1.03
2026-08-24T01:02:16Z,0.745,18.6,817.9,0.00,0.00,0.00,0.00,1.03
2026-08-24T01:02:18Z,0.737,18.4,820.2,0.00,0.00,0.00,0.00,1.03
2026-08-24T01:02:19Z,0.698,17.4,822.7,0.00,0.00,0.00,0.00,1.03
2026-08-24T01:02:20Z,0.745,18.6,824.6,0.00,0.00,0.00,0.00,1.03
2026-08-24T01:02:21Z,0.714,17.8,819.3,0.00,0.00,0.00,0.00,0.94
2026-08-24T01:02:22Z,0.686,17.2,820.7,0.00,0.00,0.00,0.00,0.94
2026-08-24T01:02:23Z,0.705,17.6,822.7,0.00,0.12,0.00,0.00,0.94
2026-08-24T01:02:24Z,0.786,19.7,824.9,0.00,0.00,0.00,0.00,0.94
2026-08-24T01:02:25Z,0.736,18.4,824.0,0.00,0.05,0.00,0.00,0.87
2026-08-24T01:02:26Z,0.705,17.6,822.6,0.00,0.00,0.00,0.00,0.87
2026-08-24T01:02:27Z,0.706,17.6,825.3,0.00,0.00,0.00,0.00,0.87
2026-08-24T01:02:28Z,0.630,15.8,826.1,0.00,0.00,0.00,0.00,0.87
2026-08-24T01:02:29Z,0.791,19.8,826.8,0.00,0.00,0.00,0.00,0.87
2026-08-24T01:02:30Z,0.754,18.9,827.1,0.00,0.00,0.00,0.00,0.80
2026-08-24T01:02:31Z,0.716,17.9,827.1,0.00,0.14,0.00,0.00,0.80
2026-08-24T01:02:32Z,0.736,18.4,823.2,0.00,0.00,0.00,0.00,0.80
2026-08-24T01:02:33Z,0.679,17.0,825.9,0.00,0.16,0.00,0.00,0.80
2026-08-24T01:02:34Z,0.725,18.1,825.9,0.00,0.00,0.00,0.00,0.80
2026-08-24T01:02:35Z,0.648,16.2,828.1,0.00,0.00,0.00,0.00,0.73
2026-08-24T01:02:36Z,0.735,18.4,829.0,0.00,0.00,0.00,0.00,0.73
2026-08-24T01:02:37Z,0.716,17.9,828.6,0.00,0.01,0.00,0.00,0.73
2026-08-24T01:02:38Z,0.743,18.6,829.3,0.00,0.02,0.00,0.00,0.73
2026-08-24T01:02:39Z,0.715,17.9,829.8,0.00,0.00,0.00,0.00,0.73
2026-08-24T01:02:40Z,0.746,18.6,821.8,0.00,0.03,0.00,0.00,0.68
2026-08-24T01:02:41Z,0.707,17.7,822.4,0.00,0.00,0.00,0.00,0.68
2026-08-24T01:02:42Z,0.669,16.7,823.9,0.00,0.13,0.00,0.00,0.68
2026-08-24T01:02:43Z,0.736,18.4,825.7,0.00,0.00,0.00,0.00,0.68
2026-08-24T01:02:44Z,0.698,17.4,827.5,0.00,0.00,0.00,0.00,0.68
2026-08-24T01:02:45Z,0.754,18.9,829.7,0.00,0.00,0.00,0.00,0.62
2026-08-24T01:02:46Z,0.756,18.9,831.4,0.00,0.00,0.00,0.00,0.62
2026-08-24T01:02:47Z,0.707,17.7,833.1,0.00,0.00,0.00,0.00,0.62
2026-08-24T01:02:49Z,0.725,18.1,830.8,0.00,0.00,0.00,0.00,0.62
2026-08-24T01:02:50Z,0.638,16.0,831.5,0.00,0.00,0.00,0.00,0.62
2026-08-24T01:02:51Z,0.668,16.7,831.9,0.00,0.00,0.00,0.00,0.65
2026-08-24T01:02:52Z,0.671,16.8,833.1,0.00,0.00,0.00,0.00,0.65
2026-08-24T01:02:53Z,0.680,17.0,831.7,0.00,0.00,0.00,0.00,0.65
2026-08-24T01:02:54Z,0.688,17.2,833.1,0.00,0.15,0.00,0.00,0.65
2026-08-24T01:02:55Z,0.729,18.2,834.1,0.00,0.00,0.00,0.00,0.65
2026-08-24T01:02:56Z,0.707,17.7,834.3,0.00,0.00,0.00,0.00,0.92
2026-08-24T01:02:57Z,0.658,16.4,834.6,0.00,0.00,0.00,0.00,0.92
2026-08-24T01:02:58Z,0.678,17.0,835.7,0.00,0.00,0.00,0.00,0.92
2026-08-24T01:02:59Z,0.676,16.9,835.8,0.00,0.00,0.00,0.00,0.92
2026-08-24T01:03:00Z,0.695,17.4,836.1,0.00,0.00,0.00,0.00,1.01
2026-08-24T01:03:01Z,0.754,18.9,838.1,0.00,0.00,0.00,0.00,1.01
2026-08-24T01:03:02Z,0.708,17.7,831.3,0.00,0.00,0.00,0.00,1.01
2026-08-24T01:03:03Z,0.698,17.4,829.5,0.00,0.00,0.00,0.00,1.01
2026-08-24T01:03:04Z,0.707,17.7,828.7,0.00,0.00,0.00,0.00,1.01
2026-08-24T01:03:05Z,0.765,19.1,829.0,0.00,0.00,0.00,0.00,0.93
2026-08-24T01:03:06Z,0.718,17.9,829.9,0.00,0.00,0.00,0.00,0.93
2026-08-24T01:03:07Z,0.680,17.0,829.6,0.00,0.14,0.00,0.00,0.93
2026-08-24T01:03:08Z,0.727,18.2,830.1,0.00,0.00,0.00,0.00,0.93
2026-08-24T01:03:09Z,0.649,16.2,829.6,0.00,0.00,0.00,0.00,0.93
2026-08-24T01:03:10Z,0.743,18.6,824.1,0.00,0.05,0.00,0.00,0.85
2026-08-24T01:03:11Z,0.727,18.2,826.9,0.00,0.00,0.00,0.00,0.85
2026-08-24T01:03:12Z,0.658,16.4,825.8,0.00,0.00,0.00,0.00,0.85
2026-08-24T01:03:13Z,0.763,19.1,826.9,0.00,0.00,0.00,0.00,0.85
2026-08-24T01:03:14Z,0.715,17.9,827.1,0.00,0.00,0.00,0.00,0.85
2026-08-24T01:03:15Z,0.688,17.2,828.5,0.00,0.03,0.00,0.00,0.78
2026-08-24T01:03:16Z,0.717,17.9,830.2,0.00,0.00,0.00,0.00,0.78
2026-08-24T01:03:17Z,0.669,16.7,832.2,0.00,0.00,0.00,0.00,0.78
2026-08-24T01:03:18Z,0.715,17.9,832.9,0.00,0.00,0.00,0.00,0.78
2026-08-24T01:03:19Z,0.736,18.4,834.4,0.00,0.00,0.00,0.00,0.78
2026-08-24T01:03:21Z,0.726,18.1,832.4,0.00,0.16,0.00,0.00,0.72
2026-08-24T01:03:22Z,0.764,19.1,835.1,0.00,0.00,0.00,0.00,0.72
2026-08-24T01:03:23Z,0.706,17.6,838.2,0.00,0.00,0.00,0.00,0.72
2026-08-24T01:03:24Z,0.763,19.1,837.6,0.00,0.00,0.00,0.00,0.72
2026-08-24T01:03:25Z,0.765,19.1,823.2,0.00,0.00,0.00,0.00,0.72
2026-08-24T01:03:26Z,0.793,19.8,825.6,0.00,0.14,0.00,0.00,0.66
2026-08-24T01:03:27Z,0.641,16.0,828.2,0.00,0.00,0.00,0.00,0.66
2026-08-24T01:03:28Z,0.716,17.9,830.9,0.00,0.00,0.00,0.00,0.66
2026-08-24T01:03:29Z,0.744,18.6,832.8,0.00,0.00,0.00,0.00,0.66
2026-08-24T01:03:30Z,0.696,17.4,834.2,0.00,0.00,0.00,0.00,0.61
2026-08-24T01:03:31Z,0.727,18.2,835.1,0.00,0.00,0.00,0.00,0.61
2026-08-24T01:03:32Z,0.678,17.0,835.8,0.00,0.00,0.00,0.00,0.61
2026-08-24T01:03:33Z,0.678,17.0,838.2,0.00,0.00,0.00,0.00,0.61
2026-08-24T01:03:34Z,0.708,17.7,839.7,0.00,0.00,0.00,0.00,0.61
2026-08-24T01:03:35Z,0.753,18.8,841.5,0.00,0.00,0.00,0.00,0.72
2026-08-24T01:03:36Z,0.706,17.6,841.9,0.00,0.00,0.00,0.00,0.72
2026-08-24T01:03:37Z,0.725,18.1,841.4,0.00,0.00,0.00,0.00,0.72
2026-08-24T01:03:38Z,0.717,17.9,842.5,0.00,0.12,0.00,0.00,0.72
2026-08-24T01:03:39Z,0.726,18.1,839.8,0.00,0.00,0.00,0.00,0.72
2026-08-24T01:03:40Z,0.737,18.4,838.1,0.00,0.04,0.00,0.00,0.66
2026-08-24T01:03:41Z,0.738,18.4,836.9,0.00,0.00,0.00,0.00,0.66
2026-08-24T01:03:42Z,0.766,19.1,837.4,0.00,0.00,0.00,0.00,0.66
2026-08-24T01:03:43Z,0.738,18.4,837.8,0.00,0.00,0.00,0.00,0.66
2026-08-24T01:03:44Z,0.727,18.2,836.9,0.00,0.01,0.00,0.00,0.66
2026-08-24T01:03:45Z,0.727,18.2,833.8,0.00,0.03,0.00,0.00,0.93
2026-08-24T01:03:46Z,0.698,17.4,833.8,0.00,0.00,0.00,0.00,0.93
2026-08-24T01:03:47Z,0.825,20.6,833.1,0.00,0.00,0.00,0.00,0.93
2026-08-24T01:03:48Z,0.716,17.9,831.8,0.00,0.00,0.00,0.00,0.93
2026-08-24T01:03:49Z,0.708,17.7,831.8,0.00,0.00,0.00,0.00,0.93
2026-08-24T01:03:50Z,0.718,17.9,830.9,0.00,0.15,0.00,0.00,0.86
2026-08-24T01:03:52Z,0.698,17.4,831.4,0.00,0.01,0.00,0.00,0.86
2026-08-24T01:03:53Z,0.704,17.6,833.7,0.00,0.00,0.00,0.00,0.86
2026-08-24T01:03:54Z,0.726,18.1,832.3,0.00,0.00,0.00,0.00,0.86
2026-08-24T01:03:55Z,0.728,18.2,831.6,0.00,0.00,0.00,0.00,0.86
2026-08-24T01:03:56Z,0.641,16.0,824.0,0.00,0.00,0.00,0.00,1.11
2026-08-24T01:03:57Z,0.668,16.7,825.1,0.00,0.00,0.00,0.00,1.11
2026-08-24T01:03:58Z,0.689,17.2,827.6,0.00,0.00,0.00,0.00,1.11
2026-08-24T01:03:59Z,0.668,16.7,827.0,0.00,0.00,0.00,0.00,1.11
2026-08-24T01:04:00Z,0.747,18.7,827.9,0.00,0.00,0.00,0.00,1.18
2026-08-24T01:04:01Z,0.687,17.2,828.9,0.00,0.14,0.00,0.00,1.18
2026-08-24T01:04:02Z,0.746,18.6,829.6,0.00,0.00,0.00,0.00,1.18
2026-08-24T01:04:03Z,0.678,17.0,830.3,0.00,0.00,0.00,0.00,1.18
2026-08-24T01:04:04Z,0.726,18.1,832.2,0.00,0.00,0.00,0.00,1.18
2026-08-24T01:04:05Z,0.709,17.7,832.4,0.00,0.00,0.00,0.00,1.16
2026-08-24T01:04:06Z,0.698,17.4,834.9,0.00,0.00,0.00,0.00,1.16
2026-08-24T01:04:07Z,0.678,17.0,836.3,0.00,0.00,0.00,0.00,1.16
2026-08-24T01:04:08Z,0.689,17.2,835.3,0.00,0.13,0.00,0.00,1.16
2026-08-24T01:04:09Z,0.690,17.2,836.0,0.00,0.00,0.00,0.00,1.16
2026-08-24T01:04:10Z,0.699,17.5,834.3,0.00,0.06,0.00,0.00,1.07
2026-08-24T01:04:11Z,0.697,17.4,834.1,0.00,0.00,0.00,0.00,1.07
2026-08-24T01:04:12Z,0.679,17.0,836.7,0.00,0.00,0.00,0.00,1.07
2026-08-24T01:04:13Z,0.716,17.9,829.2,0.00,0.00,0.00,0.00,1.07
2026-08-24T01:04:14Z,0.726,18.1,829.6,0.00,0.00,0.00,0.00,1.07
2026-08-24T01:04:15Z,0.669,16.7,829.8,0.00,0.00,0.00,0.00,0.99
2026-08-24T01:04:16Z,0.716,17.9,829.1,0.00,0.03,0.00,0.00,0.99
2026-08-24T01:04:17Z,0.639,16.0,829.2,0.00,0.00,0.00,0.00,0.99
2026-08-24T01:04:18Z,0.658,16.4,828.3,0.00,0.12,0.00,0.00,0.99
2026-08-24T01:04:19Z,0.694,17.3,829.5,0.00,0.00,0.00,0.00,0.99
2026-08-24T01:04:20Z,0.665,16.6,831.4,0.00,0.00,0.00,0.00,0.91
2026-08-24T01:04:21Z,0.696,17.4,832.3,0.00,0.00,0.00,0.00,0.91
2026-08-24T01:04:22Z,0.686,17.2,833.2,0.00,0.00,0.00,0.00,0.91
2026-08-24T01:04:24Z,0.704,17.6,836.1,0.00,0.00,0.00,0.00,0.91
2026-08-24T01:04:25Z,0.724,18.1,836.6,0.00,0.00,0.00,0.00,0.91
2026-08-24T01:04:26Z,0.722,18.1,839.1,0.00,0.00,0.00,0.00,0.83
2026-08-24T01:04:27Z,0.694,17.3,839.6,0.00,0.00,0.00,0.00,0.83
2026-08-24T01:04:28Z,0.715,17.9,841.3,0.00,0.00,0.00,0.00,0.83
2026-08-24T01:04:29Z,0.733,18.3,842.6,0.00,0.12,0.00,0.00,0.83
2026-08-24T01:04:30Z,0.735,18.4,843.7,0.00,0.00,0.00,0.00,0.83
2026-08-24T01:04:31Z,0.742,18.6,840.8,0.00,0.00,0.00,0.00,1.57
2026-08-24T01:04:32Z,0.703,17.6,840.3,0.00,0.00,0.00,0.00,1.57
2026-08-24T01:04:33Z,0.704,17.6,841.0,0.00,0.00,0.00,0.00,1.57
2026-08-24T01:04:34Z,0.671,16.8,840.8,0.00,0.00,0.00,0.00,1.57
2026-08-24T01:04:35Z,0.658,16.4,839.3,0.00,0.00,0.00,0.00,1.68
2026-08-24T01:04:36Z,0.733,18.3,839.1,0.00,0.12,0.00,0.00,1.68
2026-08-24T01:04:37Z,0.675,16.9,837.9,0.00,0.00,0.00,0.00,1.68
2026-08-24T01:04:38Z,0.667,16.7,836.7,0.00,0.00,0.00,0.00,1.68
2026-08-24T01:04:39Z,0.721,18.0,830.3,0.00,0.00,0.00,0.00,1.68
2026-08-24T01:04:40Z,0.676,16.9,829.8,0.00,0.00,0.00,0.00,1.55
2026-08-24T01:04:41Z,0.686,17.2,830.8,0.00,0.03,0.00,0.00,1.55
2026-08-24T01:04:42Z,0.694,17.3,831.6,0.00,0.00,0.00,0.00,1.55
2026-08-24T01:04:43Z,0.697,17.4,825.5,0.00,0.17,0.00,0.00,1.55
2026-08-24T01:04:44Z,0.696,17.4,819.0,0.00,0.00,0.00,0.00,1.55
2026-08-24T01:04:45Z,0.762,19.1,821.9,0.00,0.01,0.00,0.00,1.42
2026-08-24T01:04:46Z,0.742,18.6,823.4,0.00,0.00,0.00,0.00,1.42
2026-08-24T01:04:47Z,0.724,18.1,824.4,0.00,0.00,0.00,0.00,1.42
2026-08-24T01:04:48Z,0.664,16.6,823.6,0.00,0.00,0.00,0.00,1.42
2026-08-24T01:04:49Z,0.648,16.2,827.0,0.00,0.12,0.00,0.00,1.42
2026-08-24T01:04:50Z,0.715,17.9,827.2,0.00,0.16,0.00,0.00,1.63
2026-08-24T01:04:52Z,0.704,17.6,825.9,0.00,0.32,0.00,0.00,1.63
2026-08-24T01:04:53Z,0.705,17.6,825.9,0.00,0.00,0.00,0.00,1.63
2026-08-24T01:04:54Z,0.728,18.2,827.9,0.00,0.00,0.00,0.00,1.63
2026-08-24T01:04:55Z,0.663,16.6,828.5,0.00,0.00,0.00,0.00,1.63
2026-08-24T01:04:56Z,0.725,18.1,829.5,0.00,0.00,0.00,0.00,1.50
2026-08-24T01:04:57Z,0.674,16.9,830.8,0.00,0.02,0.00,0.00,1.50
2026-08-24T01:04:58Z,0.666,16.7,833.0,0.00,0.12,0.00,0.00,1.50
2026-08-24T01:04:59Z,0.704,17.6,833.4,0.00,0.00,0.00,0.00,1.50
2026-08-24T01:05:00Z,0.741,18.5,832.0,0.00,0.00,0.00,0.00,1.38
2026-08-24T01:05:01Z,0.695,17.4,831.6,0.00,0.00,0.00,0.00,1.38
2026-08-24T01:05:02Z,0.734,18.4,834.4,0.00,0.00,0.00,0.00,1.38
2026-08-24T01:05:03Z,0.716,17.9,836.8,0.00,0.00,0.00,0.00,1.38
2026-08-24T01:05:04Z,0.657,16.4,828.1,0.00,0.00,0.00,0.00,1.38
2026-08-24T01:05:05Z,0.658,16.4,829.6,0.00,0.00,0.00,0.00,1.27
2026-08-24T01:05:06Z,0.754,18.9,822.9,0.00,0.22,0.00,0.00,1.27
2026-08-24T01:05:07Z,0.732,18.3,824.4,0.00,0.00,0.00,0.00,1.27
2026-08-24T01:05:08Z,0.726,18.1,827.1,0.00,0.00,0.00,0.00,1.27
2026-08-24T01:05:09Z,0.706,17.6,829.8,0.00,0.00,0.00,0.00,1.27
2026-08-24T01:05:10Z,0.686,17.2,832.1,0.00,0.00,0.00,0.00,1.17
2026-08-24T01:05:11Z,0.743,18.6,835.0,0.00,0.00,0.00,0.00,1.17
2026-08-24T01:05:12Z,0.704,17.6,832.4,0.00,0.00,0.00,0.00,1.17
2026-08-24T01:05:13Z,0.705,17.6,823.7,0.00,0.00,0.00,0.00,1.17
2026-08-24T01:05:14Z,0.716,17.9,825.4,0.00,0.00,0.00,0.00,1.17
2026-08-24T01:05:15Z,0.717,17.9,827.3,0.00,0.00,0.00,0.00,1.07
2026-08-24T01:05:16Z,0.734,18.4,829.7,0.00,0.16,0.00,0.00,1.07
2026-08-24T01:05:17Z,0.783,19.6,831.5,0.00,0.00,0.00,0.00,1.07
2026-08-24T01:05:18Z,0.707,17.7,832.7,0.00,0.00,0.00,0.00,1.07
2026-08-24T01:05:19Z,0.679,17.0,834.3,0.00,0.01,0.00,0.00,1.07
2026-08-24T01:05:20Z,0.669,16.7,835.4,0.00,0.00,0.00,0.00,1.07
2026-08-24T01:05:22Z,0.725,18.1,833.9,0.00,0.11,0.00,0.00,1.07
2026-08-24T01:05:23Z,0.738,18.4,834.2,0.00,0.06,0.00,0.00,1.07
2026-08-24T01:05:24Z,0.744,18.6,835.1,0.00,0.15,0.00,0.00,1.07
2026-08-24T01:05:25Z,0.715,17.9,836.1,0.00,0.00,0.00,0.00,1.07
2026-08-24T01:05:26Z,0.697,17.4,835.8,0.00,0.00,0.00,0.00,0.98
2026-08-24T01:05:27Z,0.725,18.1,836.8,0.00,0.03,0.00,0.00,0.98
2026-08-24T01:05:28Z,0.707,17.7,840.0,0.00,0.00,0.00,0.00,0.98
2026-08-24T01:05:29Z,0.752,18.8,837.3,0.00,0.00,0.00,0.00,0.98
2026-08-24T01:05:30Z,0.705,17.6,838.2,0.00,0.00,0.00,0.00,1.06
2026-08-24T01:05:31Z,0.679,17.0,838.3,0.00,0.00,0.00,0.00,1.06
2026-08-24T01:05:32Z,0.708,17.7,839.8,0.00,0.00,0.00,0.00,1.06
2026-08-24T01:05:33Z,0.707,17.7,826.8,0.00,0.00,0.00,0.00,1.06
2026-08-24T01:05:34Z,0.726,18.1,828.5,0.00,0.00,0.00,0.00,1.06
2026-08-24T01:05:35Z,0.737,18.4,827.3,0.00,0.00,0.00,0.00,0.98
2026-08-24T01:05:36Z,0.746,18.6,828.5,0.00,0.17,0.00,0.00,0.98
2026-08-24T01:05:37Z,0.743,18.6,826.5,0.00,0.00,0.00,0.00,0.98
2026-08-24T01:05:38Z,0.745,18.6,827.3,0.00,0.00,0.00,0.00,0.98
2026-08-24T01:05:39Z,0.631,15.8,830.5,0.00,0.00,0.00,0.00,0.98
2026-08-24T01:05:40Z,0.747,18.7,831.7,0.00,0.00,0.00,0.00,1.54
2026-08-24T01:05:41Z,0.699,17.5,831.0,0.00,0.00,0.00,0.00,1.54
2026-08-24T01:05:42Z,0.744,18.6,833.3,0.00,0.00,0.00,0.00,1.54
2026-08-24T01:05:43Z,0.697,17.4,835.6,0.00,0.00,0.00,0.00,1.54
2026-08-24T01:05:44Z,0.687,17.2,837.0,0.00,0.00,0.00,0.00,1.54
2026-08-24T01:05:45Z,0.698,17.4,838.1,0.00,0.00,0.00,0.00,1.58
2026-08-24T01:05:46Z,0.697,17.4,838.4,0.00,0.11,0.00,0.00,1.58
2026-08-24T01:05:47Z,0.727,18.2,839.2,0.00,0.00,0.00,0.00,1.58
2026-08-24T01:05:48Z,0.746,18.6,836.0,0.00,0.00,0.00,0.00,1.58
2026-08-24T01:05:49Z,0.745,18.6,838.2,0.00,0.00,0.00,0.00,1.58
2026-08-24T01:05:50Z,0.767,19.2,832.6,0.00,0.00,0.00,0.00,1.45
2026-08-24T01:05:51Z,0.757,18.9,833.0,0.00,0.00,0.00,0.00,1.45
2026-08-24T01:05:53Z,0.698,17.4,833.6,0.00,0.05,0.00,0.00,1.45
2026-08-24T01:05:54Z,0.726,18.1,834.1,0.00,0.00,0.00,0.00,1.45
2026-08-24T01:05:55Z,0.707,17.7,834.3,0.00,0.00,0.00,0.00,1.45
2026-08-24T01:05:56Z,0.744,18.6,836.1,0.00,0.12,0.00,0.00,1.33
2026-08-24T01:05:57Z,0.793,19.8,838.1,0.00,0.00,0.00,0.00,1.33
2026-08-24T01:05:58Z,0.687,17.2,839.5,0.00,0.02,0.00,0.00,1.33
2026-08-24T01:05:59Z,0.728,18.2,830.1,0.00,0.00,0.00,0.00,1.33
2026-08-24T01:06:00Z,0.746,18.6,830.2,0.00,0.00,0.00,0.00,1.33
2026-08-24T01:06:01Z,0.707,17.7,830.8,0.00,0.00,0.00,0.00,1.39
2026-08-24T01:06:02Z,0.705,17.6,832.8,0.00,0.14,0.00,0.00,1.39
2026-08-24T01:06:03Z,0.688,17.2,831.6,0.00,0.01,0.00,0.00,1.39
2026-08-24T01:06:04Z,0.668,16.7,831.8,0.00,0.00,0.00,0.00,1.39
2026-08-24T01:06:05Z,0.716,17.9,833.4,0.00,0.00,0.00,0.00,1.28
2026-08-24T01:06:06Z,0.752,18.8,833.9,0.00,0.00,0.00,0.00,1.28
2026-08-24T01:06:07Z,0.736,18.4,834.3,0.00,0.00,0.00,0.00,1.28
2026-08-24T01:06:08Z,0.727,18.2,833.9,0.00,0.12,0.00,0.00,1.28
2026-08-24T01:06:09Z,0.686,17.2,833.8,0.00,0.00,0.00,0.00,1.28
2026-08-24T01:06:10Z,0.678,17.0,834.6,0.00,0.00,0.00,0.00,1.17
2026-08-24T01:06:11Z,0.706,17.6,819.5,0.00,0.00,0.00,0.00,1.17
2026-08-24T01:06:12Z,0.697,17.4,822.7,0.00,0.00,0.00,0.00,1.17
2026-08-24T01:06:13Z,0.707,17.7,825.8,0.00,0.00,0.00,0.00,1.17
2026-08-24T01:06:14Z,0.696,17.4,826.8,0.00,0.00,0.00,0.00,1.17
2026-08-24T01:06:15Z,0.717,17.9,825.0,0.00,0.00,0.00,0.00,1.08
2026-08-24T01:06:16Z,0.738,18.4,825.7,0.00,0.17,0.00,0.00,1.08
2026-08-24T01:06:17Z,0.708,17.7,827.9,0.00,0.00,0.00,0.00,1.08
2026-08-24T01:06:18Z,0.747,18.7,829.8,0.00,0.00,0.00,0.00,1.08
2026-08-24T01:06:19Z,0.724,18.1,829.6,0.00,0.00,0.00,0.00,1.08
2026-08-24T01:06:20Z,0.707,17.7,831.0,0.00,0.01,0.00,0.00,1.07
2026-08-24T01:06:21Z,0.727,18.2,833.2,0.00,0.00,0.00,0.00,1.07
2026-08-24T01:06:22Z,0.669,16.7,834.9,0.00,0.00,0.00,0.00,1.07
2026-08-24T01:06:23Z,0.757,18.9,835.7,0.00,0.05,0.00,0.00,1.07
2026-08-24T01:06:25Z,0.726,18.1,836.1,0.00,0.11,0.00,0.00,1.07
2026-08-24T01:06:26Z,0.724,18.1,837.7,0.00,0.00,0.00,0.00,0.99
2026-08-24T01:06:27Z,0.763,19.1,839.1,0.00,0.00,0.00,0.00,0.99
2026-08-24T01:06:28Z,0.765,19.1,832.2,0.00,0.00,0.00,0.00,0.99
2026-08-24T01:06:29Z,0.697,17.4,833.2,0.00,0.03,0.00,0.00,0.99
2026-08-24T01:06:30Z,0.689,17.2,833.9,0.00,0.00,0.00,0.00,0.99
2026-08-24T01:06:31Z,0.696,17.4,834.8,0.00,0.00,0.00,0.00,0.91
2026-08-24T01:06:32Z,0.688,17.2,836.0,0.00,0.14,0.00,0.00,0.91
2026-08-24T01:06:33Z,0.729,18.2,838.0,0.00,0.00,0.00,0.00,0.91
2026-08-24T01:06:34Z,0.746,18.6,828.7,0.00,0.00,0.00,0.00,0.91
2026-08-24T01:06:35Z,0.726,18.1,830.2,0.00,0.00,0.00,0.00,0.84
2026-08-24T01:06:36Z,0.707,17.7,833.1,0.00,0.00,0.00,0.00,0.84
2026-08-24T01:06:37Z,0.679,17.0,835.7,0.00,0.00,0.00,0.00,0.84
2026-08-24T01:06:38Z,0.639,16.0,836.0,0.00,0.00,0.00,0.00,0.84
2026-08-24T01:06:39Z,0.667,16.7,838.7,0.00,0.12,0.00,0.00,0.84
2026-08-24T01:06:40Z,0.668,16.7,840.5,0.00,0.00,0.00,0.00,1.81
2026-08-24T01:06:41Z,0.639,16.0,838.4,0.00,0.00,0.00,0.00,1.81
2026-08-24T01:06:42Z,0.746,18.6,837.8,0.00,0.00,0.00,0.00,1.81
2026-08-24T01:06:43Z,0.659,16.5,839.7,0.00,0.00,0.00,0.00,1.81
2026-08-24T01:06:44Z,0.726,18.1,839.2,0.00,0.00,0.00,0.00,1.81
2026-08-24T01:06:45Z,0.757,18.9,831.5,0.00,0.00,0.00,0.00,1.99
2026-08-24T01:06:46Z,0.649,16.2,833.1,0.00,0.00,0.00,0.00,1.99
2026-08-24T01:06:47Z,0.650,16.2,834.3,0.00,0.16,0.00,0.00,1.99
2026-08-24T01:06:48Z,0.711,17.8,835.5,0.00,0.00,0.00,0.00,1.99
2026-08-24T01:06:49Z,0.719,18.0,825.9,0.00,0.00,0.00,0.00,1.99
2026-08-24T01:06:50Z,0.668,16.7,828.7,0.00,0.00,0.00,0.00,1.83
2026-08-24T01:06:51Z,0.690,17.2,831.9,0.00,0.00,0.00,0.00,1.83
2026-08-24T01:06:52Z,0.688,17.2,834.1,0.00,0.00,0.00,0.00,1.83
2026-08-24T01:06:53Z,0.708,17.7,836.1,0.00,0.00,0.00,0.00,1.83
2026-08-24T01:06:54Z,0.698,17.4,827.2,0.00,0.18,0.00,0.00,1.83
2026-08-24T01:06:55Z,0.699,17.5,830.1,0.00,0.00,0.00,0.00,1.76
2026-08-24T01:06:57Z,0.696,17.4,830.5,0.00,0.00,0.00,0.00,1.76
2026-08-24T01:06:58Z,0.728,18.2,832.2,0.00,0.00,0.00,0.00,1.76
2026-08-24T01:06:59Z,0.707,17.7,834.7,0.00,0.00,0.00,0.00,1.76
2026-08-24T01:07:00Z,0.745,18.6,835.4,0.00,0.00,0.00,0.00,1.76
2026-08-24T01:07:01Z,0.765,19.1,836.8,0.00,0.00,0.00,0.00,1.62
2026-08-24T01:07:02Z,0.689,17.2,839.4,0.00,0.00,0.00,0.00,1.62
2026-08-24T01:07:03Z,0.697,17.4,832.9,0.00,0.00,0.00,0.00,1.62
2026-08-24T01:07:04Z,0.680,17.0,826.5,0.00,0.00,0.00,0.00,1.62
2026-08-24T01:07:05Z,0.696,17.4,828.1,0.00,0.00,0.00,0.00,1.57
2026-08-24T01:07:06Z,0.734,18.4,828.5,0.00,0.14,0.00,0.00,1.57
2026-08-24T01:07:07Z,0.669,16.7,829.4,0.00,0.00,0.00,0.00,1.57
2026-08-24T01:07:08Z,0.649,16.2,829.8,0.00,0.00,0.00,0.00,1.57
2026-08-24T01:07:09Z,0.649,16.2,831.5,0.00,0.00,0.00,0.00,1.57
2026-08-24T01:07:10Z,0.677,16.9,834.2,0.00,0.00,0.00,0.00,1.44
2026-08-24T01:07:11Z,0.658,16.4,828.3,0.00,0.00,0.00,0.00,1.44
2026-08-24T01:07:12Z,0.687,17.2,826.9,0.00,0.00,0.00,0.00,1.44
2026-08-24T01:07:13Z,0.679,17.0,829.6,0.00,0.01,0.00,0.00,1.44
2026-08-24T01:07:14Z,0.709,17.7,830.3,0.00,0.00,0.00,0.00,1.44
2026-08-24T01:07:15Z,0.716,17.9,818.9,0.00,0.00,0.00,0.00,1.33
2026-08-24T01:07:16Z,0.708,17.7,820.6,0.00,0.00,0.00,0.00,1.33
2026-08-24T01:07:17Z,0.688,17.2,816.7,0.00,0.15,0.00,0.00,1.33
2026-08-24T01:07:18Z,0.687,17.2,816.7,0.00,0.00,0.00,0.00,1.33
2026-08-24T01:07:19Z,0.706,17.6,818.8,0.00,0.00,0.00,0.00,1.33
2026-08-24T01:07:20Z,0.650,16.2,821.2,0.00,0.00,0.00,0.00,1.22
2026-08-24T01:07:21Z,0.650,16.2,822.9,0.00,0.00,0.00,0.00,1.22
2026-08-24T01:07:22Z,0.727,18.2,825.0,0.00,0.00,0.00,0.00,1.22
2026-08-24T01:07:23Z,0.765,19.1,826.6,0.00,0.15,0.00,0.00,1.22
2026-08-24T01:07:24Z,0.724,18.1,819.6,0.00,0.07,0.00,0.00,1.22
2026-08-24T01:07:25Z,0.726,18.1,821.6,0.00,0.00,0.00,0.00,1.12
2026-08-24T01:07:26Z,0.659,16.5,820.9,0.00,0.00,0.00,0.00,1.12
2026-08-24T01:07:27Z,0.678,17.0,821.8,0.00,0.00,0.00,0.00,1.12
2026-08-24T01:07:29Z,0.639,16.0,822.2,0.00,0.00,0.00,0.00,1.12
2026-08-24T01:07:30Z,0.639,16.0,825.0,0.00,0.15,0.00,0.00,1.12
2026-08-24T01:07:31Z,0.707,17.7,825.2,0.00,0.00,0.00,0.00,1.03
2026-08-24T01:07:32Z,0.639,16.0,817.6,0.00,0.00,0.00,0.00,1.03
2026-08-24T01:07:33Z,0.678,17.0,819.7,0.00,0.00,0.00,0.00,1.03
2026-08-24T01:07:34Z,0.757,18.9,821.8,0.00,0.00,0.00,0.00,1.03
2026-08-24T01:07:35Z,0.786,19.7,815.2,0.00,0.00,0.00,0.00,1.03
2026-08-24T01:07:36Z,0.677,16.9,817.6,0.00,0.00,0.00,0.00,0.95
2026-08-24T01:07:37Z,0.717,17.9,818.4,0.00,0.16,0.00,0.00,0.95
2026-08-24T01:07:38Z,0.680,17.0,820.4,0.00,0.00,0.00,0.00,0.95
2026-08-24T01:07:39Z,0.710,17.8,822.1,0.00,0.00,0.00,0.00,0.95
2026-08-24T01:07:40Z,0.679,17.0,823.0,0.00,0.08,0.00,0.00,0.87
2026-08-24T01:07:41Z,0.813,20.3,825.4,0.00,0.00,0.00,0.00,0.87
2026-08-24T01:07:42Z,0.708,17.7,826.2,0.00,0.00,0.00,0.00,0.87
2026-08-24T01:07:43Z,0.736,18.4,826.0,0.00,0.00,0.00,0.00,0.87
2026-08-24T01:07:44Z,0.678,17.0,827.3,0.00,0.00,0.00,0.00,0.87
2026-08-24T01:07:45Z,0.716,17.9,828.9,0.00,0.12,0.00,0.00,0.88
2026-08-24T01:07:46Z,0.949,23.7,854.4,0.00,0.00,0.00,0.00,0.88
2026-08-24T01:07:47Z,0.866,21.6,842.1,0.00,0.00,0.00,0.00,0.88
2026-08-24T01:07:48Z,0.747,18.7,845.0,0.00,0.00,0.00,0.00,0.88
2026-08-24T01:07:49Z,0.697,17.4,843.6,0.00,0.00,0.00,0.00,0.88
2026-08-24T01:07:50Z,0.736,18.4,843.0,0.00,0.00,0.00,0.00,2.49
2026-08-24T01:07:51Z,0.755,18.9,830.7,0.00,0.29,0.00,0.00,2.49
2026-08-24T01:07:52Z,0.716,17.9,833.6,0.00,0.00,0.00,0.00,2.49
2026-08-24T01:07:53Z,0.746,18.6,833.0,0.00,0.00,0.00,0.00,2.49
2026-08-24T01:07:54Z,0.707,17.7,834.3,0.00,0.00,0.00,0.00,2.49
2026-08-24T01:07:55Z,0.716,17.9,834.7,0.00,0.00,0.00,0.00,2.45
2026-08-24T01:07:56Z,0.735,18.4,837.3,0.00,0.00,0.00,0.00,2.45
2026-08-24T01:07:57Z,0.737,18.4,838.1,0.00,0.00,0.00,0.00,2.45
2026-08-24T01:07:58Z,0.737,18.4,839.2,0.00,0.00,0.00,0.00,2.45
2026-08-24T01:07:59Z,0.678,17.0,839.5,0.00,0.00,0.00,0.00,2.45
2026-08-24T01:08:01Z,0.639,16.0,837.9,0.00,0.00,0.00,0.00,2.26
2026-08-24T01:08:02Z,0.638,16.0,838.3,0.00,0.00,0.00,0.00,2.26
2026-08-24T01:08:03Z,0.688,17.2,838.5,0.00,0.00,0.00,0.00,2.26
2026-08-24T01:08:04Z,0.708,17.7,836.8,0.00,0.00,0.00,0.00,2.26
2026-08-24T01:08:05Z,0.679,17.0,838.5,0.00,0.00,0.00,0.00,2.26
2026-08-24T01:08:06Z,0.639,16.0,838.8,0.00,0.00,0.00,0.00,2.08
2026-08-24T01:08:07Z,0.669,16.7,838.3,0.00,0.00,0.00,0.00,2.08
2026-08-24T01:08:08Z,0.630,15.8,837.4,0.00,0.00,0.00,0.00,2.08
2026-08-24T01:08:09Z,0.638,16.0,838.3,0.00,0.00,0.00,0.00,2.08
2026-08-24T01:08:10Z,0.659,16.5,838.8,0.00,0.00,0.00,0.00,1.91
2026-08-24T01:08:11Z,0.661,16.5,828.8,0.00,0.06,0.00,0.00,1.91
2026-08-24T01:08:12Z,0.660,16.5,829.0,0.00,0.00,0.00,0.00,1.91
2026-08-24T01:08:13Z,0.641,16.0,829.0,0.00,0.00,0.00,0.00,1.91
2026-08-24T01:08:14Z,0.631,15.8,831.1,0.00,0.00,0.00,0.00,1.91
2026-08-24T01:08:15Z,0.688,17.2,830.3,0.00,0.00,0.00,0.00,1.76
2026-08-24T01:08:16Z,0.709,17.7,829.8,0.00,0.04,0.00,0.00,1.76
2026-08-24T01:08:17Z,0.678,17.0,825.2,0.00,0.01,0.00,0.00,1.76
2026-08-24T01:08:18Z,0.650,16.2,824.5,0.00,0.00,0.00,0.00,1.76
2026-08-24T01:08:19Z,0.737,18.4,824.3,0.00,0.00,0.00,0.00,1.76
2026-08-24T01:08:20Z,0.784,19.6,826.0,0.00,0.00,0.00,0.00,2.10
2026-08-24T01:08:21Z,0.678,17.0,818.1,0.00,0.00,0.00,0.00,2.10
2026-08-24T01:08:22Z,0.650,16.2,818.0,0.00,0.00,0.00,0.00,2.10
2026-08-24T01:08:23Z,0.670,16.8,818.9,0.00,0.19,0.00,0.00,2.10
2026-08-24T01:08:24Z,0.621,15.5,820.1,0.00,0.00,0.00,0.00,2.10
2026-08-24T01:08:25Z,0.610,15.2,821.3,0.00,0.00,0.00,0.00,2.41
2026-08-24T01:08:26Z,0.718,17.9,822.3,0.00,0.01,0.00,0.00,2.41
2026-08-24T01:08:27Z,0.679,17.0,821.0,0.00,0.00,0.00,0.00,2.41
2026-08-24T01:08:28Z,0.725,18.1,822.0,0.00,0.00,0.00,0.00,2.41
2026-08-24T01:08:29Z,0.698,17.4,821.6,0.00,0.00,0.00,0.00,2.41
2026-08-24T01:08:30Z,0.670,16.8,823.6,0.00,0.00,0.00,0.00,2.38
2026-08-24T01:08:31Z,0.659,16.5,823.9,0.00,0.00,0.00,0.00,2.38
2026-08-24T01:08:33Z,0.745,18.6,823.1,0.00,0.00,0.00,0.00,2.38
2026-08-24T01:08:34Z,0.689,17.2,821.0,0.00,0.00,0.00,0.00,2.38
2026-08-24T01:08:35Z,0.640,16.0,823.0,0.00,0.00,0.00,0.00,2.38
2026-08-24T01:08:36Z,0.697,17.4,826.4,0.00,0.00,0.00,0.00,3.79
2026-08-24T01:08:37Z,0.669,16.7,822.4,0.00,0.00,0.00,0.00,3.79
2026-08-24T01:08:38Z,0.631,15.8,822.9,0.00,0.00,0.00,0.00,3.79
2026-08-24T01:08:39Z,0.659,16.5,823.9,0.00,0.12,0.00,0.00,3.79
2026-08-24T01:08:40Z,0.659,16.5,820.8,0.00,0.00,0.00,0.00,3.79
2026-08-24T01:08:41Z,0.756,18.9,821.3,0.00,0.05,0.00,0.00,3.48
2026-08-24T01:08:42Z,0.723,18.1,824.2,0.00,0.00,0.00,0.00,3.48
2026-08-24T01:08:43Z,0.746,18.6,824.1,0.00,0.00,0.00,0.00,3.48
2026-08-24T01:08:44Z,0.678,17.0,824.1,0.00,0.00,0.00,0.00,3.48
2026-08-24T01:08:45Z,0.697,17.4,823.8,0.00,0.00,0.00,0.00,3.20
2026-08-24T01:08:46Z,0.689,17.2,826.3,0.00,0.04,0.00,0.00,3.20
2026-08-24T01:08:47Z,0.754,18.9,816.2,0.00,0.00,0.00,0.00,3.20
2026-08-24T01:08:48Z,0.753,18.8,817.9,0.00,0.00,0.00,0.00,3.20
2026-08-24T01:08:49Z,0.745,18.6,818.9,0.00,0.00,0.00,0.00,3.20
2026-08-24T01:08:50Z,0.756,18.9,820.8,0.00,0.00,0.00,0.00,3.43
2026-08-24T01:08:51Z,0.716,17.9,822.7,0.00,0.00,0.00,0.00,3.43
2026-08-24T01:08:52Z,0.755,18.9,821.6,0.00,0.00,0.00,0.00,3.43
2026-08-24T01:08:53Z,0.678,17.0,820.9,0.00,0.00,0.00,0.00,3.43
2026-08-24T01:08:54Z,0.765,19.1,820.7,0.00,0.00,0.00,0.00,3.43
2026-08-24T01:08:55Z,0.694,17.3,820.8,0.00,0.00,0.00,0.00,3.15
2026-08-24T01:08:56Z,0.726,18.1,822.0,0.00,0.19,0.00,0.00,3.15
2026-08-24T01:08:57Z,0.707,17.7,820.9,0.00,0.01,0.00,0.00,3.15
2026-08-24T01:08:58Z,0.726,18.1,823.1,0.00,0.00,0.00,0.00,3.15
2026-08-24T01:08:59Z,0.811,20.3,823.1,0.00,0.00,0.00,0.00,3.15
2026-08-24T01:09:00Z,0.735,18.4,824.3,0.00,0.00,0.00,0.00,2.90
2026-08-24T01:09:01Z,0.698,17.4,823.0,0.00,0.00,0.00,0.00,2.90
2026-08-24T01:09:02Z,0.746,18.6,824.0,0.00,0.00,0.00,0.00,2.90
2026-08-24T01:09:03Z,0.733,18.3,826.1,0.00,0.00,0.00,0.00,2.90
2026-08-24T01:09:05Z,0.687,17.2,826.4,0.00,0.00,0.00,0.00,2.90
2026-08-24T01:09:06Z,0.745,18.6,825.7,0.00,0.00,0.00,0.00,2.75
2026-08-24T01:09:07Z,0.745,18.6,828.1,0.00,0.00,0.00,0.00,2.75
2026-08-24T01:09:08Z,0.736,18.4,826.4,0.00,0.12,0.00,0.00,2.75
2026-08-24T01:09:09Z,0.728,18.2,824.9,0.00,0.00,0.00,0.00,2.75
2026-08-24T01:09:10Z,0.717,17.9,818.0,0.00,0.00,0.00,0.00,2.75
2026-08-24T01:09:11Z,0.718,17.9,818.7,0.00,0.00,0.00,0.00,2.77
2026-08-24T01:09:12Z,0.688,17.2,820.0,0.00,0.04,0.00,0.00,2.77
2026-08-24T01:09:13Z,0.716,17.9,813.6,0.00,0.00,0.00,0.00,2.77
2026-08-24T01:09:14Z,0.669,16.7,815.3,0.00,0.00,0.00,0.00,2.77
2026-08-24T01:09:15Z,0.679,17.0,817.8,0.00,0.00,0.00,0.00,2.55
2026-08-24T01:09:16Z,0.706,17.6,818.4,0.00,0.00,0.00,0.00,2.55
2026-08-24T01:09:17Z,0.667,16.7,817.4,0.00,0.02,0.00,0.00,2.55
2026-08-24T01:09:18Z,0.747,18.7,819.2,0.00,0.00,0.00,0.00,2.55
2026-08-24T01:09:19Z,0.678,17.0,819.7,0.00,0.00,0.00,0.00,2.55
2026-08-24T01:09:20Z,0.727,18.2,821.8,0.00,0.17,0.00,0.00,2.34
2026-08-24T01:09:21Z,0.688,17.2,823.1,0.00,0.00,0.00,0.00,2.34
2026-08-24T01:09:22Z,0.679,17.0,822.7,0.00,0.01,0.00,0.00,2.34
2026-08-24T01:09:23Z,0.669,16.7,818.2,0.00,0.00,0.00,0.00,2.34
2026-08-24T01:09:24Z,0.659,16.5,818.7,0.00,0.00,0.00,0.00,2.34
2026-08-24T01:09:25Z,0.649,16.2,820.0,0.00,0.00,0.00,0.00,2.16
2026-08-24T01:09:26Z,0.697,17.4,820.2,0.00,0.00,0.00,0.00,2.16
2026-08-24T01:09:27Z,0.688,17.2,819.9,0.00,0.16,0.00,0.00,2.16
2026-08-24T01:09:28Z,0.640,16.0,822.3,0.00,0.02,0.00,0.00,2.16
2026-08-24T01:09:29Z,0.746,18.6,820.2,0.00,0.00,0.00,0.00,2.16
2026-08-24T01:09:30Z,0.668,16.7,823.3,0.00,0.00,0.00,0.00,2.06
2026-08-24T01:09:31Z,0.697,17.4,825.0,0.00,0.00,0.00,0.00,2.06
2026-08-24T01:09:32Z,0.704,17.6,823.8,0.00,0.00,0.00,0.00,2.06
2026-08-24T01:09:33Z,0.648,16.2,825.6,0.00,0.00,0.00,0.00,2.06
2026-08-24T01:09:34Z,0.736,18.4,827.8,0.00,0.12,0.00,0.00,2.06
2026-08-24T01:09:35Z,0.679,17.0,828.6,0.00,0.00,0.00,0.00,1.90
2026-08-24T01:09:37Z,0.747,18.7,829.2,0.00,0.00,0.00,0.00,1.90
2026-08-24T01:09:38Z,0.764,19.1,829.7,0.00,0.00,0.00,0.00,1.90
2026-08-24T01:09:39Z,0.676,16.9,831.6,0.00,0.00,0.00,0.00,1.90
2026-08-24T01:09:40Z,0.698,17.4,829.6,0.00,0.00,0.00,0.00,1.90
2026-08-24T01:09:41Z,0.679,17.0,828.0,0.00,0.00,0.00,0.00,1.74
2026-08-24T01:09:42Z,0.679,17.0,829.0,0.00,0.00,0.00,0.00,1.74
2026-08-24T01:09:43Z,0.668,16.7,829.0,0.00,0.06,0.00,0.00,1.74
2026-08-24T01:09:44Z,0.708,17.7,827.4,0.00,0.00,0.00,0.00,1.74
2026-08-24T01:09:45Z,0.696,17.4,827.1,0.00,0.00,0.00,0.00,1.74
2026-08-24T01:09:46Z,0.668,16.7,826.1,0.00,0.14,0.00,0.00,1.60
2026-08-24T01:09:47Z,0.669,16.7,826.2,0.00,0.00,0.00,0.00,1.60
2026-08-24T01:09:48Z,0.650,16.2,823.9,0.00,0.03,0.00,0.00,1.60
2026-08-24T01:09:49Z,0.745,18.6,825.9,0.00,0.00,0.00,0.00,1.60
2026-08-24T01:09:50Z,0.689,17.2,823.2,0.00,0.00,0.00,0.00,1.72
2026-08-24T01:09:51Z,0.689,17.2,826.4,0.00,0.47,0.00,0.00,1.72
2026-08-24T01:09:52Z,0.678,17.0,827.0,0.00,0.00,0.00,0.00,1.72
2026-08-24T01:09:53Z,0.718,17.9,825.4,0.00,0.00,0.00,0.00,1.72
2026-08-24T01:09:54Z,0.688,17.2,824.8,0.00,0.00,0.00,0.00,1.72
2026-08-24T01:09:55Z,0.696,17.4,826.0,0.00,0.22,0.00,0.00,1.58
2026-08-24T01:09:56Z,0.755,18.9,827.2,0.00,0.02,0.00,0.00,1.58
2026-08-24T01:09:57Z,0.707,17.7,828.8,0.00,0.00,0.00,0.00,1.58
2026-08-24T01:09:58Z,0.705,17.6,827.2,0.00,0.00,0.00,0.00,1.58
2026-08-24T01:09:59Z,0.748,18.7,826.5,0.00,0.00,0.00,0.00,1.58
2026-08-24T01:10:00Z,0.718,17.9,829.9,0.00,0.00,0.00,0.00,1.45
2026-08-24T01:10:01Z,0.706,17.6,826.6,0.00,0.00,0.00,0.00,1.45
2026-08-24T01:10:02Z,0.696,17.4,826.9,0.00,0.00,0.00,0.00,1.45
2026-08-24T01:10:03Z,0.726,18.1,826.8,0.00,0.00,0.00,0.00,1.45
2026-08-24T01:10:04Z,0.668,16.7,827.6,0.00,0.11,0.00,0.00,1.45
2026-08-24T01:10:05Z,0.698,17.4,826.9,0.00,0.00,0.00,0.00,1.34
2026-08-24T01:10:06Z,0.726,18.1,828.6,0.00,0.00,0.00,0.00,1.34
2026-08-24T01:10:08Z,0.727,18.2,830.3,0.00,0.00,0.00,0.00,1.34
2026-08-24T01:10:09Z,0.716,17.9,830.6,0.00,0.00,0.00,0.00,1.34
2026-08-24T01:10:10Z,0.716,17.9,832.2,0.00,0.00,0.00,0.00,1.34
2026-08-24T01:10:11Z,0.727,18.2,827.1,0.00,0.20,0.00,0.00,1.31
2026-08-24T01:10:12Z,0.717,17.9,828.2,0.00,0.00,0.00,0.00,1.31
2026-08-24T01:10:13Z,0.726,18.1,830.9,0.00,0.00,0.00,0.00,1.31
2026-08-24T01:10:14Z,0.755,18.9,828.5,0.00,0.00,0.00,0.00,1.31
2026-08-24T01:10:15Z,0.650,16.2,829.7,0.00,0.00,0.00,0.00,1.31
2026-08-24T01:10:16Z,0.688,17.2,830.8,0.00,0.00,0.00,0.00,1.28
2026-08-24T01:10:17Z,0.736,18.4,830.3,0.00,0.00,0.00,0.00,1.28
2026-08-24T01:10:18Z,0.717,17.9,831.8,0.00,0.00,0.00,0.00,1.28
2026-08-24T01:10:19Z,0.708,17.7,831.4,0.00,0.00,0.00,0.00,1.28
2026-08-24T01:10:20Z,0.650,16.2,831.3,0.00,0.00,0.00,0.00,1.82
2026-08-24T01:10:21Z,0.688,17.2,823.2,0.00,0.27,0.00,0.00,1.82
2026-08-24T01:10:22Z,0.708,17.7,824.7,0.00,0.00,0.00,0.00,1.82
2026-08-24T01:10:23Z,0.659,16.5,826.7,0.00,0.00,0.00,0.00,1.82
2026-08-24T01:10:24Z,0.686,17.2,824.3,0.00,0.00,0.00,0.00,1.82
2026-08-24T01:10:25Z,0.677,16.9,825.2,0.00,0.00,0.00,0.00,2.16
2026-08-24T01:10:26Z,0.716,17.9,826.2,0.00,0.03,0.00,0.00,2.16
2026-08-24T01:10:27Z,0.658,16.4,824.8,0.00,0.11,0.00,0.00,2.16
2026-08-24T01:10:28Z,0.668,16.7,825.9,0.00,0.00,0.00,0.00,2.16
2026-08-24T01:10:29Z,0.657,16.4,824.0,0.00,0.00,0.00,0.00,2.16
2026-08-24T01:10:30Z,0.638,16.0,827.0,0.00,0.01,0.00,0.00,2.06
2026-08-24T01:10:31Z,0.669,16.7,819.9,0.00,0.00,0.00,0.00,2.06
2026-08-24T01:10:32Z,0.620,15.5,821.7,0.00,0.01,0.00,0.00,2.06
2026-08-24T01:10:33Z,0.658,16.4,821.9,0.00,0.00,0.00,0.00,2.06
2026-08-24T01:10:34Z,0.601,15.0,821.5,0.00,0.15,0.00,0.00,2.06
2026-08-24T01:10:35Z,0.618,15.4,819.9,0.00,0.00,0.00,0.00,1.90
2026-08-24T01:10:36Z,0.621,15.5,819.3,0.00,0.00,0.00,0.00,1.90
2026-08-24T01:10:37Z,0.649,16.2,818.8,0.00,0.00,0.00,0.00,1.90
2026-08-24T01:10:38Z,0.666,16.7,817.6,0.00,0.00,0.00,0.00,1.90
2026-08-24T01:10:40Z,0.638,16.0,817.4,0.00,0.00,0.00,0.00,1.90
2026-08-24T01:10:41Z,0.658,16.4,818.9,0.00,0.00,0.00,0.00,1.75
2026-08-24T01:10:42Z,0.668,16.7,819.3,0.00,0.00,0.00,0.00,1.75
2026-08-24T01:10:43Z,0.619,15.5,822.0,0.00,0.00,0.00,0.00,1.75
2026-08-24T01:10:44Z,0.601,15.0,821.7,0.00,0.00,0.00,0.00,1.75
2026-08-24T01:10:45Z,0.620,15.5,822.8,0.00,0.00,0.00,0.00,1.75
2026-08-24T01:10:46Z,0.620,15.5,823.1,0.00,0.00,0.00,0.00,1.77
2026-08-24T01:10:47Z,0.716,17.9,823.8,0.00,0.00,0.00,0.00,1.77
2026-08-24T01:10:48Z,0.658,16.4,823.6,0.00,0.00,0.00,0.00,1.77
2026-08-24T01:10:49Z,0.668,16.7,824.0,0.00,0.00,0.00,0.00,1.77
2026-08-24T01:10:50Z,0.648,16.2,825.2,0.00,0.00,0.00,0.00,1.79
2026-08-24T01:10:51Z,0.736,18.4,825.7,0.00,0.00,0.00,0.00,1.79
2026-08-24T01:10:52Z,0.668,16.7,826.9,0.00,0.06,0.00,0.00,1.79
2026-08-24T01:10:53Z,0.659,16.5,827.9,0.00,0.09,0.00,0.00,1.79
2026-08-24T01:10:54Z,0.667,16.7,829.8,0.00,0.00,0.00,0.00,1.79
2026-08-24T01:10:55Z,0.666,16.7,820.2,0.00,0.00,0.00,0.00,1.72
2026-08-24T01:10:56Z,0.737,18.4,821.6,0.00,0.00,0.00,0.00,1.72
2026-08-24T01:10:57Z,0.706,17.6,821.8,0.00,0.03,0.00,0.00,1.72
2026-08-24T01:10:58Z,0.563,14.1,824.2,0.00,0.00,0.00,0.00,1.72
2026-08-24T01:10:59Z,0.648,16.2,825.3,0.00,0.00,0.00,0.00,1.72
2026-08-24T01:11:00Z,0.657,16.4,818.7,0.00,0.12,0.00,0.00,3.51
2026-08-24T01:11:01Z,0.735,18.4,819.5,0.00,0.00,0.00,0.00,3.51
2026-08-24T01:11:02Z,0.688,17.2,820.0,0.00,0.00,0.00,0.00,3.51
2026-08-24T01:11:03Z,0.629,15.7,820.5,0.00,0.00,0.00,0.00,3.51
2026-08-24T01:11:04Z,0.649,16.2,821.7,0.00,0.00,0.00,0.00,3.51
2026-08-24T01:11:05Z,0.629,15.7,822.5,0.00,0.12,0.00,0.00,3.22
2026-08-24T01:11:06Z,0.697,17.4,824.5,0.00,0.00,0.00,0.00,3.22
2026-08-24T01:11:07Z,0.628,15.7,819.1,0.00,0.00,0.00,0.00,3.22
2026-08-24T01:11:08Z,0.649,16.2,817.1,0.00,0.00,0.00,0.00,3.22
2026-08-24T01:11:09Z,0.648,16.2,817.9,0.00,0.00,0.00,0.00,3.22
2026-08-24T01:11:11Z,0.667,16.7,819.3,0.00,0.00,0.00,0.00,2.97
2026-08-24T01:11:12Z,0.687,17.2,821.0,0.00,0.00,0.00,0.00,2.97
2026-08-24T01:11:13Z,0.658,16.4,819.9,0.00,0.00,0.00,0.00,2.97
2026-08-24T01:11:14Z,0.677,16.9,820.3,0.00,0.15,0.00,0.00,2.97
2026-08-24T01:11:15Z,0.628,15.7,822.4,0.00,0.00,0.00,0.00,2.97
2026-08-24T01:11:16Z,0.678,17.0,824.6,0.00,0.00,0.00,0.00,2.73
2026-08-24T01:11:17Z,0.668,16.7,824.6,0.00,0.00,0.00,0.00,2.73
2026-08-24T01:11:18Z,0.669,16.7,817.8,0.00,0.00,0.00,0.00,2.73
2026-08-24T01:11:19Z,0.667,16.7,818.0,0.00,0.00,0.00,0.00,2.73
2026-08-24T01:11:20Z,0.648,16.2,818.0,0.00,0.00,0.00,0.00,2.73
2026-08-24T01:11:21Z,0.638,16.0,818.9,0.00,0.00,0.00,0.00,2.67
2026-08-24T01:11:22Z,0.668,16.7,819.7,0.00,0.03,0.00,0.00,2.67
2026-08-24T01:11:23Z,0.734,18.4,820.3,0.00,0.11,0.00,0.00,2.67
2026-08-24T01:11:24Z,0.696,17.4,820.9,0.00,0.00,0.00,0.00,2.67
2026-08-24T01:11:25Z,0.677,16.9,823.1,0.00,0.00,0.00,0.00,2.46
2026-08-24T01:11:26Z,0.687,17.2,822.3,0.00,0.00,0.00,0.00,2.46
2026-08-24T01:11:27Z,0.726,18.1,822.8,0.00,0.00,0.00,0.00,2.46
2026-08-24T01:11:28Z,0.659,16.5,825.0,0.00,0.17,0.00,0.00,2.46
2026-08-24T01:11:29Z,0.726,18.1,823.0,0.00,0.00,0.00,0.00,2.46
2026-08-24T01:11:30Z,0.694,17.3,820.1,0.00,0.00,0.00,0.00,2.26
2026-08-24T01:11:31Z,0.687,17.2,819.0,0.00,0.00,0.00,0.00,2.26
2026-08-24T01:11:32Z,0.666,16.7,819.2,0.00,0.00,0.00,0.00,2.26
2026-08-24T01:11:33Z,0.726,18.1,821.2,0.00,0.01,0.00,0.00,2.26
2026-08-24T01:11:34Z,0.668,16.7,821.9,0.00,0.00,0.00,0.00,2.26
2026-08-24T01:11:35Z,0.640,16.0,818.0,0.00,0.12,0.00,0.00,2.08
2026-08-24T01:11:36Z,0.628,15.7,818.8,0.00,0.00,0.00,0.00,2.08
2026-08-24T01:11:37Z,0.687,17.2,817.1,0.00,0.00,0.00,0.00,2.08
2026-08-24T01:11:38Z,0.668,16.7,816.5,0.00,0.00,0.00,0.00,2.08
2026-08-24T01:11:39Z,0.717,17.9,819.2,0.00,0.00,0.00,0.00,2.08
2026-08-24T01:11:40Z,0.649,16.2,821.4,0.00,0.01,0.00,0.00,1.91
2026-08-24T01:11:42Z,0.638,16.0,820.8,0.00,0.00,0.00,0.00,1.91
2026-08-24T01:11:43Z,0.706,17.6,823.0,0.00,0.00,0.00,0.00,1.91
2026-08-24T01:11:44Z,0.610,15.2,820.4,0.00,0.09,0.00,0.00,1.91
2026-08-24T01:11:45Z,0.686,17.2,824.1,0.00,0.00,0.00,0.00,1.91
2026-08-24T01:11:46Z,0.630,15.8,825.3,0.00,0.00,0.00,0.00,1.76
2026-08-24T01:11:47Z,0.716,17.9,824.9,0.00,0.00,0.00,0.00,1.76
2026-08-24T01:11:48Z,0.656,16.4,826.7,0.00,0.00,0.00,0.00,1.76
2026-08-24T01:11:49Z,0.619,15.5,827.2,0.00,0.00,0.00,0.00,1.76
2026-08-24T01:11:50Z,0.657,16.4,828.2,0.00,0.00,0.00,0.00,1.76
2026-08-24T01:11:51Z,0.658,16.4,829.3,0.00,0.00,0.00,0.00,1.62
2026-08-24T01:11:52Z,0.669,16.7,829.3,0.00,0.12,0.00,0.00,1.62
2026-08-24T01:11:53Z,0.677,16.9,826.0,0.00,0.06,0.00,0.00,1.62
2026-08-24T01:11:54Z,0.665,16.6,826.3,0.00,0.00,0.00,0.00,1.62
2026-08-24T01:11:55Z,0.660,16.5,825.2,0.00,0.00,0.00,0.00,1.57
2026-08-24T01:11:56Z,0.658,16.4,827.7,0.00,0.00,0.00,0.00,1.57
2026-08-24T01:11:57Z,0.621,15.5,829.0,0.00,0.00,0.00,0.00,1.57
2026-08-24T01:11:58Z,0.669,16.7,828.0,0.00,0.05,0.00,0.00,1.57
2026-08-24T01:11:59Z,0.640,16.0,826.6,0.00,0.00,0.00,0.00,1.57
2026-08-24T01:12:00Z,0.677,16.9,828.3,0.00,0.00,0.00,0.00,1.60
2026-08-24T01:12:01Z,0.708,17.7,828.7,0.00,0.00,0.00,0.00,1.60
2026-08-24T01:12:02Z,0.639,16.0,828.3,0.00,0.11,0.00,0.00,1.60
2026-08-24T01:12:03Z,0.630,15.8,827.5,0.00,0.00,0.00,0.00,1.60
2026-08-24T01:12:04Z,0.642,16.1,828.6,0.00,0.01,0.00,0.00,1.60
2026-08-24T01:12:05Z,0.630,15.8,827.5,0.00,0.00,0.00,0.00,1.47
2026-08-24T01:12:06Z,0.600,15.0,827.6,0.00,0.00,0.00,0.00,1.47
2026-08-24T01:12:07Z,0.658,16.4,828.3,0.00,0.00,0.00,0.00,1.47
2026-08-24T01:12:08Z,0.753,18.8,828.4,0.00,0.00,0.00,0.00,1.47
2026-08-24T01:12:09Z,0.669,16.7,827.2,0.00,0.00,0.00,0.00,1.47
2026-08-24T01:12:10Z,0.668,16.7,826.2,0.00,0.00,0.00,0.00,1.44
2026-08-24T01:12:11Z,0.659,16.5,825.2,0.00,0.00,0.00,0.00,1.44
2026-08-24T01:12:13Z,0.623,15.6,826.4,0.00,0.00,0.00,0.00,1.44
2026-08-24T01:12:14Z,0.698,17.4,827.7,0.00,0.11,0.00,0.00,1.44
2026-08-24T01:12:15Z,0.659,16.5,825.6,0.00,0.00,0.00,0.00,1.44
2026-08-24T01:12:16Z,0.714,17.8,825.0,0.00,0.00,0.00,0.00,1.32
2026-08-24T01:12:17Z,0.678,17.0,826.7,0.00,0.00,0.00,0.00,1.32
2026-08-24T01:12:18Z,0.772,19.3,828.9,0.00,0.00,0.00,0.00,1.32
2026-08-24T01:12:19Z,0.678,17.0,826.5,0.00,0.00,0.00,0.00,1.32
2026-08-24T01:12:20Z,0.708,17.7,828.7,0.00,0.00,0.00,0.00,1.32
2026-08-24T01:12:21Z,0.782,19.6,826.8,0.00,0.00,0.00,0.00,1.46
2026-08-24T01:12:22Z,0.714,17.8,819.5,0.00,0.00,0.00,0.00,1.46
2026-08-24T01:12:23Z,0.678,17.0,822.0,0.00,0.03,0.00,0.00,1.46
2026-08-24T01:12:24Z,0.675,16.9,822.5,0.00,0.00,0.00,0.00,1.46
2026-08-24T01:12:25Z,0.677,16.9,818.3,0.00,0.00,0.00,0.00,1.42
2026-08-24T01:12:26Z,0.649,16.2,820.9,0.00,0.18,0.00,0.00,1.42
2026-08-24T01:12:27Z,0.801,20.0,819.1,0.00,0.00,0.00,0.00,1.42
2026-08-24T01:12:28Z,0.697,17.4,820.4,0.00,0.00,0.00,0.00,1.42
2026-08-24T01:12:29Z,0.707,17.7,818.4,0.00,0.00,0.00,0.00,1.42
2026-08-24T01:12:30Z,0.687,17.2,820.2,0.00,0.00,0.00,0.00,1.31
2026-08-24T01:12:31Z,0.659,16.5,819.4,0.00,0.00,0.00,0.00,1.31
2026-08-24T01:12:32Z,0.696,17.4,821.8,0.00,0.00,0.00,0.00,1.31
2026-08-24T01:12:33Z,0.735,18.4,822.5,0.00,0.00,0.00,0.00,1.31
2026-08-24T01:12:34Z,0.677,16.9,824.7,0.00,0.00,0.00,0.00,1.31
2026-08-24T01:12:35Z,0.717,17.9,826.2,0.00,0.00,0.00,0.00,1.20
2026-08-24T01:12:36Z,0.764,19.1,822.0,0.00,0.00,0.00,0.00,1.20
2026-08-24T01:12:37Z,0.718,17.9,824.7,0.00,0.00,0.00,0.00,1.20
2026-08-24T01:12:38Z,0.736,18.4,822.3,0.00,0.00,0.00,0.00,1.20
2026-08-24T01:12:39Z,0.726,18.1,820.9,0.00,0.00,0.00,0.00,1.20
2026-08-24T01:12:40Z,0.659,16.5,818.7,0.00,0.22,0.00,0.00,1.10
2026-08-24T01:12:41Z,0.783,19.6,820.5,0.00,0.00,0.00,0.00,1.10
2026-08-24T01:12:42Z,0.686,17.2,819.3,0.00,0.00,0.00,0.00,1.10
2026-08-24T01:12:44Z,0.717,17.9,818.4,0.00,0.03,0.00,0.00,1.10
2026-08-24T01:12:45Z,0.667,16.7,820.6,0.00,0.00,0.00,0.00,1.10
2026-08-24T01:12:46Z,0.707,17.7,816.5,0.00,0.01,0.00,0.00,1.02
2026-08-24T01:12:47Z,0.697,17.4,818.2,0.00,0.00,0.00,0.00,1.02
2026-08-24T01:12:48Z,0.735,18.4,818.9,0.00,0.00,0.00,0.00,1.02
2026-08-24T01:12:49Z,0.736,18.4,818.1,0.00,0.01,0.00,0.00,1.02
2026-08-24T01:12:50Z,0.716,17.9,819.9,0.00,0.01,0.00,0.00,1.02
2026-08-24T01:12:51Z,0.746,18.6,821.0,0.00,0.00,0.00,0.00,1.09
2026-08-24T01:12:52Z,0.766,19.1,819.9,0.00,0.00,0.00,0.00,1.09
2026-08-24T01:12:53Z,0.755,18.9,820.3,0.00,0.00,0.00,0.00,1.09
2026-08-24T01:12:54Z,0.746,18.6,822.6,0.00,0.00,0.00,0.00,1.09
2026-08-24T01:12:55Z,0.784,19.6,823.7,0.00,0.00,0.00,0.00,1.01
2026-08-24T01:12:56Z,0.835,20.9,824.6,0.00,0.00,0.00,0.00,1.01
2026-08-24T01:12:57Z,0.777,19.4,826.1,0.00,0.16,0.00,0.00,1.01
2026-08-24T01:12:58Z,0.774,19.4,822.3,0.00,0.00,0.00,0.00,1.01
2026-08-24T01:12:59Z,0.718,17.9,823.1,0.00,0.00,0.00,0.00,1.01
2026-08-24T01:13:00Z,0.765,19.1,820.9,0.00,0.00,0.00,0.00,1.33
2026-08-24T01:13:01Z,0.718,17.9,823.1,0.00,0.00,0.00,0.00,1.33
2026-08-24T01:13:02Z,0.748,18.7,824.3,0.00,0.00,0.00,0.00,1.33
2026-08-24T01:13:03Z,0.795,19.9,819.7,0.00,0.00,0.00,0.00,1.33
2026-08-24T01:13:04Z,0.863,21.6,820.0,0.00,0.00,0.00,0.00,1.33
2026-08-24T01:13:05Z,0.811,20.3,819.9,0.00,0.00,0.00,0.00,1.38
2026-08-24T01:13:06Z,0.764,19.1,821.1,0.00,0.00,0.00,0.00,1.38
2026-08-24T01:13:07Z,0.747,18.7,821.3,0.00,0.01,0.00,0.00,1.38
2026-08-24T01:13:08Z,0.803,20.1,816.8,0.00,0.00,0.00,0.00,1.38
2026-08-24T01:13:09Z,0.834,20.8,817.9,0.00,0.00,0.00,0.00,1.38
2026-08-24T01:13:10Z,0.860,21.5,819.6,0.00,0.00,0.00,0.00,1.27
2026-08-24T01:13:11Z,0.805,20.1,821.4,0.00,0.00,0.00,0.00,1.27
2026-08-24T01:13:12Z,0.830,20.8,820.7,0.00,0.00,0.00,0.00,1.27
2026-08-24T01:13:13Z,0.764,19.1,821.7,0.00,0.16,0.00,0.00,1.27
2026-08-24T01:13:14Z,0.812,20.3,823.0,0.00,0.06,0.00,0.00,1.27
2026-08-24T01:13:16Z,0.820,20.5,822.1,0.00,0.00,0.00,0.00,1.17
2026-08-24T01:13:17Z,0.838,20.9,823.8,0.00,0.00,0.00,0.00,1.17
2026-08-24T01:13:18Z,0.801,20.0,824.1,0.00,0.00,0.00,0.00,1.17
2026-08-24T01:13:19Z,0.829,20.7,824.8,0.00,0.00,0.00,0.00,1.17
2026-08-24T01:13:20Z,0.850,21.2,825.3,0.00,0.03,0.00,0.00,1.17
2026-08-24T01:13:21Z,0.772,19.3,824.5,0.00,0.11,0.00,0.00,1.07
2026-08-24T01:13:22Z,0.859,21.5,825.5,0.00,0.00,0.00,0.00,1.07
2026-08-24T01:13:23Z,0.790,19.8,823.8,0.00,0.00,0.00,0.00,1.07
2026-08-24T01:13:24Z,0.782,19.6,821.6,0.00,0.00,0.00,0.00,1.07
2026-08-24T01:13:25Z,0.800,20.0,822.6,0.00,0.00,0.00,0.00,1.39
2026-08-24T01:13:26Z,0.734,18.4,823.3,0.00,0.00,0.00,0.00,1.39
2026-08-24T01:13:27Z,0.850,21.2,824.5,0.00,0.00,0.00,0.00,1.39
2026-08-24T01:13:28Z,0.923,23.1,822.2,0.00,0.00,0.00,0.00,1.39
2026-08-24T01:13:29Z,0.827,20.7,822.7,0.00,0.00,0.00,0.00,1.39
2026-08-24T01:13:30Z,0.803,20.1,819.0,0.00,0.00,0.00,0.00,1.44
2026-08-24T01:13:31Z,0.849,21.2,820.4,0.00,0.00,0.00,0.00,1.44
2026-08-24T01:13:32Z,0.850,21.2,821.2,0.00,0.00,0.00,0.00,1.44
2026-08-24T01:13:33Z,0.782,19.6,820.3,0.00,0.00,0.00,0.00,1.44
2026-08-24T01:13:34Z,0.774,19.4,822.6,0.00,0.00,0.00,0.00,1.44
2026-08-24T01:13:35Z,0.706,17.6,823.1,0.00,0.00,0.00,0.00,1.32
2026-08-24T01:13:36Z,0.743,18.6,824.5,0.00,0.00,0.00,0.00,1.32
2026-08-24T01:13:37Z,0.818,20.4,822.2,0.00,0.00,0.00,0.00,1.32
2026-08-24T01:13:38Z,0.792,19.8,820.7,0.00,0.00,0.00,0.00,1.32
2026-08-24T01:13:39Z,0.753,18.8,822.4,0.00,0.00,0.00,0.00,1.32
2026-08-24T01:13:40Z,0.732,18.3,823.6,0.00,0.00,0.00,0.00,1.38
2026-08-24T01:13:41Z,0.755,18.9,823.8,0.00,0.00,0.00,0.00,1.38
2026-08-24T01:13:42Z,0.782,19.6,823.6,0.00,0.00,0.00,0.00,1.38
2026-08-24T01:13:44Z,0.762,19.1,824.2,0.00,0.00,0.00,0.00,1.38
2026-08-24T01:13:45Z,0.792,19.8,825.0,0.00,0.03,0.00,0.00,1.38
2026-08-24T01:13:46Z,0.666,16.7,819.9,0.00,0.00,0.00,0.00,1.43
2026-08-24T01:13:47Z,0.723,18.1,819.5,0.00,0.00,0.00,0.00,1.43
2026-08-24T01:13:48Z,0.725,18.1,821.8,0.00,0.00,0.00,0.00,1.43
2026-08-24T01:13:49Z,0.763,19.1,822.7,0.00,0.00,0.00,0.00,1.43
2026-08-24T01:13:50Z,0.706,17.6,819.8,0.00,0.00,0.00,0.00,1.43
2026-08-24T01:13:51Z,0.742,18.6,821.2,0.00,0.00,0.00,0.00,1.31
2026-08-24T01:13:52Z,0.656,16.4,822.7,0.00,0.00,0.00,0.00,1.31
2026-08-24T01:13:53Z,0.636,15.9,822.4,0.00,0.00,0.00,0.00,1.31
2026-08-24T01:13:54Z,0.639,16.0,824.6,0.00,0.00,0.00,0.00,1.31
2026-08-24T01:13:55Z,0.678,17.0,823.0,0.00,0.25,0.00,0.00,1.45
2026-08-24T01:13:56Z,0.686,17.2,823.7,0.00,0.00,0.00,0.00,1.45
2026-08-24T01:13:57Z,0.763,19.1,823.9,0.00,0.00,0.00,0.00,1.45
2026-08-24T01:13:58Z,0.735,18.4,825.3,0.00,0.00,0.00,0.00,1.45
2026-08-24T01:13:59Z,0.684,17.1,824.9,0.00,0.00,0.00,0.00,1.45
2026-08-24T01:14:00Z,0.743,18.6,826.9,0.00,0.00,0.00,0.00,1.41
2026-08-24T01:14:01Z,0.698,17.4,828.1,0.00,0.00,0.00,0.00,1.41
2026-08-24T01:14:02Z,0.628,15.7,829.2,0.00,0.00,0.00,0.00,1.41
2026-08-24T01:14:03Z,0.753,18.8,825.8,0.00,0.00,0.00,0.00,1.41
2026-08-24T01:14:04Z,0.764,19.1,827.3,0.00,0.00,0.00,0.00,1.41
2026-08-24T01:14:05Z,0.755,18.9,828.4,0.00,0.00,0.00,0.00,1.30
2026-08-24T01:14:06Z,0.696,17.4,830.4,0.00,0.00,0.00,0.00,1.30
2026-08-24T01:14:07Z,0.752,18.8,830.4,0.00,0.00,0.00,0.00,1.30
2026-08-24T01:14:08Z,0.678,17.0,829.6,0.00,0.00,0.00,0.00,1.30
2026-08-24T01:14:09Z,0.742,18.6,831.6,0.00,0.00,0.00,0.00,1.30
2026-08-24T01:14:10Z,0.791,19.8,829.8,0.00,0.01,0.00,0.00,1.35
2026-08-24T01:14:11Z,0.753,18.8,831.7,0.00,0.00,0.00,0.00,1.35
2026-08-24T01:14:12Z,0.734,18.4,832.9,0.00,0.00,0.00,0.00,1.35
2026-08-24T01:14:14Z,0.704,17.6,833.4,0.00,0.00,0.00,0.00,1.35
2026-08-24T01:14:15Z,0.744,18.6,831.4,0.00,0.05,0.00,0.00,1.35
2026-08-24T01:14:16Z,0.713,17.8,832.2,0.00,0.00,0.00,0.00,1.33
2026-08-24T01:14:17Z,0.704,17.6,823.3,0.00,0.00,0.00,0.00,1.33
2026-08-24T01:14:18Z,0.716,17.9,818.0,0.00,0.00,0.00,0.00,1.33
2026-08-24T01:14:19Z,0.693,17.3,818.9,0.00,0.03,0.00,0.00,1.33
2026-08-24T01:14:20Z,0.697,17.4,822.3,0.00,0.00,0.00,0.00,1.33
2026-08-24T01:14:21Z,0.703,17.6,823.6,0.00,0.01,0.00,0.00,1.46
2026-08-24T01:14:22Z,0.657,16.4,822.4,0.00,0.00,0.00,0.00,1.46
2026-08-24T01:14:23Z,0.658,16.4,822.6,0.00,0.00,0.00,0.00,1.46
2026-08-24T01:14:24Z,0.707,17.7,824.1,0.00,0.00,0.00,0.00,1.46
2026-08-24T01:14:25Z,0.714,17.8,826.1,0.00,0.00,0.00,0.00,2.06
2026-08-24T01:14:26Z,0.725,18.1,826.6,0.00,0.27,0.00,0.00,2.06
2026-08-24T01:14:27Z,0.742,18.6,827.5,0.00,0.00,0.00,0.00,2.06
2026-08-24T01:14:28Z,0.685,17.1,829.6,0.00,0.00,0.00,0.00,2.06
2026-08-24T01:14:29Z,0.716,17.9,829.4,0.00,0.00,0.00,0.00,2.06
2026-08-24T01:14:30Z,0.687,17.2,831.6,0.00,0.00,0.00,0.00,1.90
2026-08-24T01:14:31Z,0.705,17.6,830.2,0.00,0.00,0.00,0.00,1.90
2026-08-24T01:14:32Z,0.771,19.3,830.5,0.00,0.00,0.00,0.00,1.90
2026-08-24T01:14:33Z,0.744,18.6,828.8,0.00,0.00,0.00,0.00,1.90
2026-08-24T01:14:34Z,0.685,17.1,829.0,0.00,0.00,0.00,0.00,1.90
2026-08-24T01:14:35Z,0.687,17.2,829.3,0.00,0.00,0.00,0.00,1.75
2026-08-24T01:14:36Z,0.745,18.6,829.3,0.00,0.00,0.00,0.00,1.75
2026-08-24T01:14:37Z,0.676,16.9,822.4,0.00,0.00,0.00,0.00,1.75
2026-08-24T01:14:38Z,0.713,17.8,823.0,0.00,0.00,0.00,0.00,1.75
2026-08-24T01:14:39Z,0.734,18.4,822.5,0.00,0.00,0.00,0.00,1.75
2026-08-24T01:14:40Z,0.707,17.7,823.8,0.00,0.00,0.00,0.00,1.61
2026-08-24T01:14:41Z,0.687,17.2,824.2,0.00,0.00,0.00,0.00,1.61
2026-08-24T01:14:43Z,0.705,17.6,823.7,0.00,0.00,0.00,0.00,1.61
2026-08-24T01:14:44Z,0.744,18.6,824.1,0.00,0.00,0.00,0.00,1.61
2026-08-24T01:14:45Z,0.685,17.1,820.0,0.00,0.03,0.00,0.00,1.61
2026-08-24T01:14:46Z,0.734,18.4,819.3,0.00,0.00,0.00,0.00,1.48
2026-08-24T01:14:47Z,0.714,17.8,818.8,0.00,0.00,0.00,0.00,1.48
2026-08-24T01:14:48Z,0.686,17.2,820.1,0.00,0.00,0.00,0.00,1.48
2026-08-24T01:14:49Z,0.744,18.6,819.3,0.00,0.00,0.00,0.00,1.48
2026-08-24T01:14:50Z,0.684,17.1,818.6,0.00,0.02,0.00,0.00,1.48
2026-08-24T01:14:51Z,0.724,18.1,818.8,0.00,0.48,0.00,0.00,1.36
2026-08-24T01:14:52Z,0.685,17.1,820.1,0.00,0.00,0.00,0.00,1.36
2026-08-24T01:14:53Z,0.734,18.4,821.5,0.00,0.00,0.00,0.00,1.36
2026-08-24T01:14:54Z,0.753,18.8,822.1,0.00,0.11,0.00,0.00,1.36
2026-08-24T01:14:55Z,0.734,18.4,821.9,0.00,0.00,0.00,0.00,1.25
2026-08-24T01:14:56Z,0.725,18.1,822.4,0.00,0.03,0.00,0.00,1.25
2026-08-24T01:14:57Z,0.743,18.6,823.0,0.00,0.21,0.00,0.00,1.25
2026-08-24T01:14:58Z,0.705,17.6,821.9,0.00,0.00,0.00,0.00,1.25
2026-08-24T01:14:59Z,0.745,18.6,822.4,0.00,0.00,0.00,0.00,1.25
2026-08-24T01:15:00Z,0.677,16.9,819.1,0.00,0.00,0.00,0.00,1.47
2026-08-24T01:15:01Z,0.705,17.6,820.8,0.00,0.00,0.00,0.00,1.47
2026-08-24T01:15:02Z,0.782,19.6,822.6,0.00,0.00,0.00,0.00,1.47
2026-08-24T01:15:03Z,0.829,20.7,819.7,0.00,0.00,0.00,0.00,1.47
2026-08-24T01:15:04Z,0.773,19.3,821.0,0.00,0.01,0.00,0.00,1.47
2026-08-24T01:15:05Z,0.716,17.9,819.4,0.00,0.00,0.00,0.00,1.35
2026-08-24T01:15:06Z,0.793,19.8,820.6,0.00,0.18,0.00,0.00,1.35
2026-08-24T01:15:07Z,0.714,17.8,822.8,0.00,0.00,0.00,0.00,1.35
2026-08-24T01:15:08Z,0.688,17.2,823.0,0.00,0.00,0.00,0.00,1.35
2026-08-24T01:15:09Z,0.766,19.1,823.9,0.00,0.00,0.00,0.00,1.35
2026-08-24T01:15:10Z,0.706,17.6,824.1,0.00,0.00,0.00,0.00,1.24
2026-08-24T01:15:12Z,0.742,18.6,824.0,0.00,0.01,0.00,0.00,1.24
2026-08-24T01:15:13Z,0.762,19.1,825.6,0.00,0.00,0.00,0.00,1.24
2026-08-24T01:15:14Z,0.763,19.1,825.7,0.00,0.00,0.00,0.00,1.24
2026-08-24T01:15:15Z,0.706,17.6,827.3,0.00,0.00,0.00,0.00,1.24
2026-08-24T01:15:16Z,0.695,17.4,828.8,0.00,0.00,0.00,0.00,1.14
2026-08-24T01:15:17Z,0.696,17.4,830.5,0.00,0.11,0.00,0.00,1.14
2026-08-24T01:15:18Z,0.695,17.4,828.7,0.00,0.00,0.00,0.00,1.14
2026-08-24T01:15:19Z,0.717,17.9,829.3,0.00,0.00,0.00,0.00,1.14
2026-08-24T01:15:20Z,0.746,18.6,828.0,0.00,0.00,0.00,0.00,1.14
2026-08-24T01:15:21Z,0.686,17.2,826.7,0.00,0.00,0.00,0.00,1.13
2026-08-24T01:15:22Z,0.744,18.6,826.6,0.00,0.06,0.00,0.00,1.13
2026-08-24T01:15:23Z,0.716,17.9,826.1,0.00,0.00,0.00,0.00,1.13
2026-08-24T01:15:24Z,0.715,17.9,825.9,0.00,0.00,0.00,0.00,1.13
2026-08-24T01:15:25Z,0.716,17.9,828.0,0.00,0.00,0.00,0.00,1.12
2026-08-24T01:15:26Z,0.715,17.9,829.3,0.00,0.00,0.00,0.00,1.12
2026-08-24T01:15:27Z,0.695,17.4,830.0,0.00,0.04,0.00,0.00,1.12
2026-08-24T01:15:28Z,0.744,18.6,829.2,0.00,0.00,0.00,0.00,1.12
2026-08-24T01:15:29Z,0.676,16.9,830.4,0.00,0.00,0.00,0.00,1.12
2026-08-24T01:15:30Z,0.736,18.4,831.1,0.00,0.00,0.00,0.00,1.35
2026-08-24T01:15:31Z,0.743,18.6,825.9,0.00,0.00,0.00,0.00,1.35
2026-08-24T01:15:32Z,0.714,17.8,823.9,0.00,0.00,0.00,0.00,1.35
2026-08-24T01:15:33Z,0.706,17.6,824.2,0.00,0.00,0.00,0.00,1.35
2026-08-24T01:15:34Z,0.696,17.4,824.4,0.00,0.00,0.00,0.00,1.35
2026-08-24T01:15:35Z,0.752,18.8,825.6,0.00,0.00,0.00,0.00,1.32
2026-08-24T01:15:36Z,0.724,18.1,827.3,0.00,0.00,0.00,0.00,1.32
2026-08-24T01:15:37Z,0.686,17.2,825.6,0.00,0.01,0.00,0.00,1.32
2026-08-24T01:15:38Z,0.716,17.9,823.8,0.00,0.00,0.00,0.00,1.32
2026-08-24T01:15:39Z,0.676,16.9,821.7,0.00,0.00,0.00,0.00,1.32
2026-08-24T01:15:40Z,0.754,18.9,821.0,0.00,0.00,0.00,0.00,1.22
2026-08-24T01:15:42Z,0.697,17.4,820.8,0.00,0.00,0.00,0.00,1.22
2026-08-24T01:15:43Z,0.764,19.1,822.6,0.00,0.00,0.00,0.00,1.22
2026-08-24T01:15:44Z,0.741,18.5,823.9,0.00,0.00,0.00,0.00,1.22
2026-08-24T01:15:45Z,0.724,18.1,821.1,0.00,0.00,0.00,0.00,1.22
2026-08-24T01:15:46Z,0.725,18.1,823.1,0.00,0.00,0.00,0.00,1.12
2026-08-24T01:15:47Z,0.732,18.3,823.3,0.00,0.00,0.00,0.00,1.12
2026-08-24T01:15:48Z,0.714,17.8,825.0,0.00,0.00,0.00,0.00,1.12
2026-08-24T01:15:49Z,0.753,18.8,825.5,0.00,0.29,0.00,0.00,1.12
2026-08-24T01:15:50Z,0.695,17.4,823.7,0.00,0.00,0.00,0.00,1.12
2026-08-24T01:15:51Z,0.751,18.8,821.6,0.00,0.01,0.00,0.00,1.03
2026-08-24T01:15:52Z,0.753,18.8,822.9,0.00,0.03,0.00,0.00,1.03
2026-08-24T01:15:53Z,0.740,18.5,820.1,0.00,0.00,0.00,0.00,1.03
2026-08-24T01:15:54Z,0.740,18.5,821.4,0.00,0.00,0.00,0.00,1.03
2026-08-24T01:15:55Z,0.771,19.3,822.4,0.00,0.00,0.00,0.00,1.03
2026-08-24T01:15:56Z,0.705,17.6,822.8,0.00,0.01,0.00,0.00,1.03
2026-08-24T01:15:57Z,0.783,19.6,824.0,0.00,0.00,0.00,0.00,1.03
2026-08-24T01:15:58Z,0.686,17.2,819.4,0.00,0.00,0.00,0.00,1.03
2026-08-24T01:15:59Z,0.762,19.1,819.6,0.00,0.00,0.00,0.00,1.03
2026-08-24T01:16:00Z,0.753,18.8,818.4,0.00,0.00,0.00,0.00,0.95
2026-08-24T01:16:01Z,0.743,18.6,819.4,0.00,0.00,0.00,0.00,0.95
2026-08-24T01:16:02Z,0.724,18.1,819.9,0.00,0.00,0.00,0.00,0.95
2026-08-24T01:16:03Z,0.705,17.6,820.1,0.00,0.00,0.00,0.00,0.95
2026-08-24T01:16:04Z,0.754,18.9,820.1,0.00,0.00,0.00,0.00,0.95
2026-08-24T01:16:05Z,0.677,16.9,819.1,0.00,0.00,0.00,0.00,1.03
2026-08-24T01:16:06Z,0.725,18.1,816.8,0.00,0.00,0.00,0.00,1.03
2026-08-24T01:16:07Z,0.751,18.8,818.6,0.00,0.00,0.00,0.00,1.03
2026-08-24T01:16:08Z,0.744,18.6,819.1,0.00,0.01,0.00,0.00,1.03
2026-08-24T01:16:09Z,0.764,19.1,820.0,0.00,0.00,0.00,0.00,1.03
2026-08-24T01:16:11Z,0.754,18.9,820.0,0.00,0.00,0.00,0.00,1.11
2026-08-24T01:16:12Z,0.753,18.8,820.6,0.00,0.00,0.00,0.00,1.11
2026-08-24T01:16:13Z,0.714,17.8,819.6,0.00,0.00,0.00,0.00,1.11
2026-08-24T01:16:14Z,0.715,17.9,819.9,0.00,0.01,0.00,0.00,1.11
2026-08-24T01:16:15Z,0.765,19.1,819.3,0.00,0.00,0.00,0.00,1.11
2026-08-24T01:16:16Z,0.774,19.4,820.0,0.00,0.00,0.00,0.00,1.66
2026-08-24T01:16:17Z,0.752,18.8,821.8,0.00,0.00,0.00,0.00,1.66
2026-08-24T01:16:18Z,0.735,18.4,822.4,0.00,0.00,0.00,0.00,1.66
2026-08-24T01:16:19Z,0.715,17.9,822.9,0.00,0.00,0.00,0.00,1.66
2026-08-24T01:16:20Z,0.715,17.9,820.2,0.00,0.00,0.00,0.00,1.66
2026-08-24T01:16:21Z,0.774,19.4,815.8,0.00,0.00,0.00,0.00,1.61
2026-08-24T01:16:22Z,0.714,17.8,818.3,0.00,0.05,0.00,0.00,1.61
2026-08-24T01:16:23Z,0.696,17.4,821.2,0.00,0.00,0.00,0.00,1.61
2026-08-24T01:16:24Z,0.783,19.6,816.4,0.00,0.24,0.00,0.00,1.61
2026-08-24T01:16:25Z,0.723,18.1,817.6,0.00,0.00,0.00,0.00,1.48
2026-08-24T01:16:26Z,0.744,18.6,814.5,0.00,0.00,0.00,0.00,1.48
2026-08-24T01:16:27Z,0.746,18.6,816.1,0.00,0.03,0.00,0.00,1.48
2026-08-24T01:16:28Z,0.745,18.6,817.6,0.00,0.00,0.00,0.00,1.48
2026-08-24T01:16:29Z,0.704,17.6,818.4,0.00,0.00,0.00,0.00,1.48
2026-08-24T01:16:30Z,0.725,18.1,818.3,0.00,0.11,0.00,0.00,1.44
2026-08-24T01:16:31Z,0.725,18.1,820.2,0.00,0.00,0.00,0.00,1.44
2026-08-24T01:16:32Z,0.762,19.1,820.3,0.00,0.00,0.00,0.00,1.44
2026-08-24T01:16:33Z,0.775,19.4,822.5,0.00,0.00,0.00,0.00,1.44
2026-08-24T01:16:34Z,0.783,19.6,819.5,0.00,0.00,0.00,0.00,1.44
2026-08-24T01:16:35Z,0.733,18.3,817.4,0.00,0.00,0.00,0.00,1.32
2026-08-24T01:16:36Z,0.716,17.9,818.5,0.00,0.00,0.00,0.00,1.32
2026-08-24T01:16:37Z,0.734,18.4,819.0,0.00,0.00,0.00,0.00,1.32
2026-08-24T01:16:38Z,0.676,16.9,819.9,0.00,0.00,0.00,0.00,1.32
2026-08-24T01:16:40Z,0.676,16.9,820.5,0.00,0.00,0.00,0.00,1.32
2026-08-24T01:16:41Z,0.735,18.4,820.8,0.00,0.11,0.00,0.00,1.38
2026-08-24T01:16:42Z,0.733,18.3,822.6,0.00,0.00,0.00,0.00,1.38
2026-08-24T01:16:43Z,0.769,19.2,821.4,0.00,0.00,0.00,0.00,1.38
2026-08-24T01:16:44Z,0.735,18.4,821.1,0.00,0.00,0.00,0.00,1.38
2026-08-24T01:16:45Z,0.716,17.9,820.3,0.00,0.00,0.00,0.00,1.38
2026-08-24T01:16:46Z,0.714,17.8,821.0,0.00,0.00,0.00,0.00,1.51
2026-08-24T01:16:47Z,0.764,19.1,821.9,0.00,0.00,0.00,0.00,1.51
2026-08-24T01:16:48Z,0.716,17.9,821.2,0.00,0.00,0.00,0.00,1.51
2026-08-24T01:16:49Z,0.753,18.8,823.2,0.00,0.00,0.00,0.00,1.51
2026-08-24T01:16:50Z,0.813,20.3,824.3,0.00,0.00,0.00,0.00,1.51
2026-08-24T01:16:51Z,0.724,18.1,825.3,0.00,0.00,0.00,0.00,1.39
2026-08-24T01:16:52Z,0.733,18.3,818.6,0.00,0.05,0.00,0.00,1.39
2026-08-24T01:16:53Z,0.763,19.1,816.6,0.00,0.11,0.00,0.00,1.39
2026-08-24T01:16:54Z,0.723,18.1,819.3,0.00,0.00,0.00,0.00,1.39
2026-08-24T01:16:55Z,0.744,18.6,818.3,0.00,0.00,0.00,0.00,1.44
2026-08-24T01:16:56Z,0.755,18.9,819.8,0.00,0.00,0.00,0.00,1.44
2026-08-24T01:16:57Z,0.771,19.3,818.6,0.00,0.02,0.00,0.00,1.44
2026-08-24T01:16:58Z,0.725,18.1,820.7,0.00,0.00,0.00,0.00,1.44
2026-08-24T01:16:59Z,0.715,17.9,824.7,0.00,0.00,0.00,0.00,1.44
2026-08-24T01:17:00Z,1.169,29.2,844.9,0.00,0.00,0.00,0.00,1.32
2026-08-24T01:17:01Z,0.687,17.2,846.4,0.00,0.00,0.00,0.00,1.32
2026-08-24T01:17:02Z,0.694,17.3,840.5,0.00,0.00,0.00,0.00,1.32
2026-08-24T01:17:03Z,0.755,18.9,840.9,0.00,0.00,0.00,0.00,1.32
2026-08-24T01:17:04Z,0.754,18.9,832.1,0.00,0.00,0.00,0.00,1.32
2026-08-24T01:17:05Z,0.752,18.8,833.8,0.00,0.01,0.00,0.00,1.22
2026-08-24T01:17:06Z,0.657,16.4,834.3,0.00,0.00,0.00,0.00,1.22
2026-08-24T01:17:07Z,0.649,16.2,832.7,0.00,0.00,0.00,0.00,1.22
2026-08-24T01:17:08Z,0.734,18.4,832.7,0.00,0.38,0.00,0.00,1.22
2026-08-24T01:17:10Z,0.733,18.3,832.6,0.00,0.00,0.00,0.00,1.22
2026-08-24T01:17:11Z,0.755,18.9,824.2,0.00,0.00,0.00,0.00,1.20
2026-08-24T01:17:12Z,0.704,17.6,825.8,0.00,0.00,0.00,0.00,1.20
2026-08-24T01:17:13Z,0.695,17.4,826.0,0.00,0.00,0.00,0.00,1.20
2026-08-24T01:17:14Z,0.688,17.2,828.1,0.00,0.00,0.00,0.00,1.20
2026-08-24T01:17:15Z,0.753,18.8,827.4,0.00,0.00,0.00,0.00,1.20
2026-08-24T01:17:16Z,0.793,19.8,826.8,0.00,0.00,0.00,0.00,1.10
2026-08-24T01:17:17Z,0.706,17.6,828.0,0.00,0.01,0.00,0.00,1.10
2026-08-24T01:17:18Z,0.734,18.4,829.2,0.00,0.00,0.00,0.00,1.10
2026-08-24T01:17:19Z,0.724,18.1,829.2,0.00,0.01,0.00,0.00,1.10
2026-08-24T01:17:20Z,0.713,17.8,819.0,0.00,0.00,0.00,0.00,1.10
2026-08-24T01:17:21Z,0.755,18.9,819.7,0.00,0.00,0.00,0.00,1.09
2026-08-24T01:17:22Z,0.706,17.6,820.2,0.00,0.09,0.00,0.00,1.09
2026-08-24T01:17:23Z,0.744,18.6,821.2,0.00,0.00,0.00,0.00,1.09
2026-08-24T01:17:24Z,0.744,18.6,821.9,0.00,0.01,0.00,0.00,1.09
2026-08-24T01:17:25Z,0.717,17.9,818.6,0.00,0.00,0.00,0.00,1.01
2026-08-24T01:17:26Z,0.647,16.2,819.5,0.00,0.06,0.00,0.00,1.01
2026-08-24T01:17:27Z,0.753,18.8,821.8,0.00,0.00,0.00,0.00,1.01
2026-08-24T01:17:28Z,0.695,17.4,822.6,0.00,0.00,0.00,0.00,1.01
2026-08-24T01:17:29Z,0.687,17.2,825.3,0.00,0.00,0.00,0.00,1.01
2026-08-24T01:17:30Z,0.686,17.2,826.2,0.00,0.00,0.00,0.00,1.09
2026-08-24T01:17:31Z,0.696,17.4,828.3,0.00,0.00,0.00,0.00,1.09
2026-08-24T01:17:32Z,0.657,16.4,829.3,0.00,0.00,0.00,0.00,1.09
2026-08-24T01:17:33Z,0.744,18.6,829.0,0.00,0.00,0.00,0.00,1.09
2026-08-24T01:17:34Z,0.762,19.1,828.0,0.00,0.00,0.00,0.00,1.09
2026-08-24T01:17:35Z,0.712,17.8,830.2,0.00,0.00,0.00,0.00,1.08
2026-08-24T01:17:36Z,0.773,19.3,831.8,0.00,0.00,0.00,0.00,1.08
2026-08-24T01:17:37Z,0.725,18.1,831.7,0.00,0.00,0.00,0.00,1.08
2026-08-24T01:17:39Z,0.725,18.1,831.6,0.00,0.00,0.00,0.00,1.08
2026-08-24T01:17:40Z,0.753,18.8,830.8,0.00,0.00,0.00,0.00,1.08
2026-08-24T01:17:41Z,0.725,18.1,831.2,0.00,0.00,0.00,0.00,0.99
2026-08-24T01:17:42Z,0.715,17.9,831.5,0.00,0.00,0.00,0.00,0.99
2026-08-24T01:17:43Z,0.735,18.4,829.2,0.00,0.26,0.00,0.00,0.99
2026-08-24T01:17:44Z,0.716,17.9,828.9,0.00,0.05,0.00,0.00,0.99
2026-08-24T01:17:45Z,0.677,16.9,830.4,0.00,0.00,0.00,0.00,0.99
2026-08-24T01:17:46Z,0.714,17.8,830.1,0.00,0.00,0.00,0.00,1.47
2026-08-24T01:17:47Z,0.734,18.4,821.8,0.00,0.03,0.00,0.00,1.47
2026-08-24T01:17:48Z,0.675,16.9,822.1,0.00,0.01,0.00,0.00,1.47
2026-08-24T01:17:49Z,0.726,18.1,825.6,0.00,0.02,0.00,0.00,1.47
2026-08-24T01:17:50Z,0.678,17.0,827.2,0.00,0.00,0.00,0.00,1.47
2026-08-24T01:17:51Z,0.705,17.6,828.0,0.00,0.00,0.00,0.00,1.84
2026-08-24T01:17:52Z,0.705,17.6,830.0,0.00,0.00,0.00,0.00,1.84
2026-08-24T01:17:53Z,0.695,17.4,831.4,0.00,0.00,0.00,0.00,1.84
2026-08-24T01:17:54Z,0.714,17.8,832.2,0.00,0.12,0.00,0.00,1.84
2026-08-24T01:17:55Z,0.754,18.9,827.9,0.00,0.00,0.00,0.00,1.85
2026-08-24T01:17:56Z,0.765,19.1,826.7,0.00,0.00,0.00,0.00,1.85
2026-08-24T01:17:57Z,0.696,17.4,828.2,0.00,0.00,0.00,0.00,1.85
2026-08-24T01:17:58Z,0.715,17.9,829.2,0.00,0.00,0.00,0.00,1.85
2026-08-24T01:17:59Z,0.676,16.9,829.7,0.00,0.00,0.00,0.00,1.85
2026-08-24T01:18:00Z,0.762,19.1,830.0,0.00,0.00,0.00,0.00,1.94
2026-08-24T01:18:01Z,0.751,18.8,830.1,0.00,0.14,0.00,0.00,1.94
2026-08-24T01:18:02Z,0.723,18.1,830.2,0.00,0.00,0.00,0.00,1.94
2026-08-24T01:18:03Z,0.695,17.4,830.0,0.00,0.00,0.00,0.00,1.94
2026-08-24T01:18:04Z,0.724,18.1,822.4,0.00,0.00,0.00,0.00,1.94
2026-08-24T01:18:05Z,0.646,16.2,823.3,0.00,0.00,0.00,0.00,1.79
2026-08-24T01:18:06Z,0.723,18.1,821.9,0.00,0.00,0.00,0.00,1.79
2026-08-24T01:18:07Z,0.705,17.6,824.0,0.00,0.00,0.00,0.00,1.79
2026-08-24T01:18:09Z,0.703,17.6,825.4,0.00,0.00,0.00,0.00,1.79
2026-08-24T01:18:10Z,0.744,18.6,825.4,0.00,0.11,0.00,0.00,1.79
2026-08-24T01:18:11Z,0.665,16.6,824.5,0.00,0.00,0.00,0.00,1.72
2026-08-24T01:18:12Z,0.773,19.3,824.7,0.00,0.00,0.00,0.00,1.72
2026-08-24T01:18:13Z,0.686,17.2,820.0,0.00,0.00,0.00,0.00,1.72
2026-08-24T01:18:14Z,0.743,18.6,819.2,0.00,0.00,0.00,0.00,1.72
2026-08-24T01:18:15Z,0.706,17.6,818.2,0.00,0.00,0.00,0.00,1.72
2026-08-24T01:18:16Z,0.752,18.8,820.4,0.00,0.00,0.00,0.00,2.55
2026-08-24T01:18:17Z,0.763,19.1,822.4,0.00,0.05,0.00,0.00,2.55
2026-08-24T01:18:18Z,0.722,18.1,823.1,0.00,0.01,0.00,0.00,2.55
2026-08-24T01:18:19Z,0.744,18.6,819.9,0.00,0.00,0.00,0.00,2.55
2026-08-24T01:18:20Z,0.676,16.9,820.9,0.00,0.00,0.00,0.00,2.74
2026-08-24T01:18:21Z,0.664,16.6,821.1,0.00,0.00,0.00,0.00,2.74
2026-08-24T01:18:22Z,0.673,16.8,822.3,0.00,0.21,0.00,0.00,2.74
2026-08-24T01:18:23Z,0.676,16.9,823.1,0.00,0.00,0.00,0.00,2.74
2026-08-24T01:18:24Z,0.666,16.7,825.8,0.00,0.01,0.00,0.00,2.74
2026-08-24T01:18:25Z,0.665,16.6,826.1,0.00,0.00,0.00,0.00,2.52
2026-08-24T01:18:26Z,0.734,18.4,826.5,0.00,0.00,0.00,0.00,2.52
2026-08-24T01:18:27Z,0.731,18.3,826.4,0.00,0.00,0.00,0.00,2.52
2026-08-24T01:18:28Z,0.636,15.9,826.5,0.00,0.00,0.00,0.00,2.52
2026-08-24T01:18:29Z,0.694,17.3,827.7,0.00,0.00,0.00,0.00,2.52
2026-08-24T01:18:30Z,0.667,16.7,826.4,0.00,0.00,0.00,0.00,2.32
2026-08-24T01:18:31Z,0.627,15.7,827.8,0.00,0.11,0.00,0.00,2.32
2026-08-24T01:18:32Z,0.742,18.6,825.2,0.00,0.00,0.00,0.00,2.32
2026-08-24T01:18:33Z,0.732,18.3,823.4,0.00,0.00,0.00,0.00,2.32
2026-08-24T01:18:34Z,0.741,18.5,825.4,0.00,0.00,0.00,0.00,2.32
2026-08-24T01:18:35Z,0.666,16.7,827.6,0.00,0.00,0.00,0.00,2.13
2026-08-24T01:18:37Z,0.685,17.1,828.7,0.00,0.00,0.00,0.00,2.13
2026-08-24T01:18:38Z,0.674,16.9,830.0,0.00,0.00,0.00,0.00,2.13
2026-08-24T01:18:39Z,0.712,17.8,832.2,0.00,0.00,0.00,0.00,2.13
2026-08-24T01:18:40Z,0.686,17.2,832.7,0.00,0.00,0.00,0.00,2.13
2026-08-24T01:18:41Z,0.734,18.4,834.0,0.00,0.00,0.00,0.00,1.96
2026-08-24T01:18:42Z,0.713,17.8,827.9,0.00,0.00,0.00,0.00,1.96
2026-08-24T01:18:43Z,0.751,18.8,830.6,0.00,0.00,0.00,0.00,1.96
2026-08-24T01:18:44Z,0.720,18.0,832.8,0.00,0.14,0.00,0.00,1.96
2026-08-24T01:18:45Z,0.647,16.2,833.8,0.00,0.00,0.00,0.00,1.96
2026-08-24T01:18:46Z,0.724,18.1,832.5,0.00,0.00,0.00,0.00,2.13
2026-08-24T01:18:47Z,0.703,17.6,832.3,0.00,0.00,0.00,0.00,2.13
2026-08-24T01:18:48Z,0.714,17.8,818.9,0.00,0.06,0.00,0.00,2.13
2026-08-24T01:18:49Z,0.781,19.5,818.9,0.00,0.00,0.00,0.00,2.13
2026-08-24T01:18:50Z,0.778,19.4,821.6,0.00,0.00,0.00,0.00,1.96
2026-08-24T01:18:51Z,0.753,18.8,824.3,0.00,0.00,0.00,0.00,1.96
2026-08-24T01:18:52Z,0.722,18.1,825.5,0.00,0.04,0.00,0.00,1.96
2026-08-24T01:18:53Z,0.746,18.6,825.8,0.00,0.00,0.00,0.00,1.96
2026-08-24T01:18:54Z,0.771,19.3,825.2,0.00,0.00,0.00,0.00,1.96
2026-08-24T01:18:55Z,0.693,17.3,827.7,0.00,0.00,0.00,0.00,1.80
2026-08-24T01:18:56Z,0.821,20.5,822.5,0.00,0.00,0.00,0.00,1.80
2026-08-24T01:18:57Z,0.741,18.5,824.2,0.00,0.00,0.00,0.00,1.80
2026-08-24T01:18:58Z,0.696,17.4,825.2,0.00,0.14,0.00,0.00,1.80
2026-08-24T01:18:59Z,0.782,19.6,824.0,0.00,0.00,0.00,0.00,1.80
2026-08-24T01:19:00Z,0.734,18.4,822.3,0.00,0.00,0.00,0.00,1.74
2026-08-24T01:19:01Z,0.647,16.2,824.0,0.00,0.00,0.00,0.00,1.74
2026-08-24T01:19:02Z,0.755,18.9,818.5,0.00,0.00,0.00,0.00,1.74
2026-08-24T01:19:03Z,0.714,17.8,819.1,0.00,0.00,0.00,0.00,1.74
2026-08-24T01:19:05Z,0.725,18.1,818.9,0.00,0.00,0.00,0.00,1.74
2026-08-24T01:19:06Z,0.683,17.1,818.5,0.00,0.00,0.00,0.00,1.60
2026-08-24T01:19:07Z,0.711,17.8,820.2,0.00,0.00,0.00,0.00,1.60
2026-08-24T01:19:08Z,0.761,19.0,821.9,0.00,0.00,0.00,0.00,1.60
2026-08-24T01:19:09Z,0.715,17.9,824.9,0.00,0.01,0.00,0.00,1.60
2026-08-24T01:19:10Z,0.704,17.6,827.6,0.00,0.00,0.00,0.00,1.60
2026-08-24T01:19:11Z,0.704,17.6,828.3,0.00,0.00,0.00,0.00,1.47
2026-08-24T01:19:12Z,0.752,18.8,830.0,0.00,0.00,0.00,0.00,1.47
2026-08-24T01:19:13Z,0.712,17.8,827.8,0.00,0.00,0.00,0.00,1.47
2026-08-24T01:19:14Z,0.722,18.1,829.7,0.00,0.14,0.00,0.00,1.47
2026-08-24T01:19:15Z,0.704,17.6,825.9,0.00,0.00,0.00,0.00,1.47
2026-08-24T01:19:16Z,0.763,19.1,826.8,0.00,0.00,0.00,0.00,1.99
2026-08-24T01:19:17Z,0.723,18.1,825.7,0.00,0.00,0.00,0.00,1.99
2026-08-24T01:19:18Z,0.721,18.0,827.2,0.00,0.03,0.00,0.00,1.99
2026-08-24T01:19:19Z,0.659,16.5,826.4,0.00,0.00,0.00,0.00,1.99
2026-08-24T01:19:20Z,0.686,17.2,825.5,0.00,0.01,0.00,0.00,1.83
2026-08-24T01:19:21Z,0.707,17.7,827.1,0.00,0.00,0.00,0.00,1.83
2026-08-24T01:19:22Z,0.712,17.8,826.6,0.00,0.00,0.00,0.00,1.83
2026-08-24T01:19:23Z,0.733,18.3,827.4,0.00,0.02,0.00,0.00,1.83
2026-08-24T01:19:24Z,0.657,16.4,827.2,0.00,0.00,0.00,0.00,1.83
2026-08-24T01:19:25Z,0.665,16.6,829.1,0.00,0.14,0.00,0.00,2.65
2026-08-24T01:19:26Z,0.693,17.3,830.1,0.00,0.00,0.00,0.00,2.65
2026-08-24T01:19:27Z,0.693,17.3,830.1,0.00,0.00,0.00,0.00,2.65
2026-08-24T01:19:28Z,0.704,17.6,832.1,0.00,0.00,0.00,0.00,2.65
2026-08-24T01:19:29Z,0.673,16.8,834.6,0.00,0.00,0.00,0.00,2.65
2026-08-24T01:19:30Z,0.667,16.7,834.8,0.00,0.00,0.00,0.00,2.51
2026-08-24T01:19:31Z,0.705,17.6,835.1,0.00,0.01,0.00,0.00,2.51
2026-08-24T01:19:33Z,0.676,16.9,837.0,0.00,0.00,0.00,0.00,2.51
2026-08-24T01:19:34Z,0.685,17.1,837.5,0.00,0.00,0.00,0.00,2.51
2026-08-24T01:19:35Z,0.705,17.6,832.5,0.00,0.00,0.00,0.00,2.51
2026-08-24T01:19:36Z,0.715,17.9,834.0,0.00,0.00,0.00,0.00,2.31
2026-08-24T01:19:37Z,0.714,17.8,834.5,0.00,0.00,0.00,0.00,2.31
2026-08-24T01:19:38Z,0.750,18.8,824.8,0.00,0.00,0.00,0.00,2.31
2026-08-24T01:19:39Z,0.734,18.4,827.1,0.00,0.00,0.00,0.00,2.31
2026-08-24T01:19:40Z,0.635,15.9,826.9,0.00,0.16,0.00,0.00,2.31
2026-08-24T01:19:41Z,0.733,18.3,826.5,0.00,0.00,0.00,0.00,2.13
2026-08-24T01:19:42Z,0.687,17.2,827.5,0.00,0.00,0.00,0.00,2.13
2026-08-24T01:19:43Z,0.697,17.4,828.7,0.00,0.01,0.00,0.00,2.13
2026-08-24T01:19:44Z,0.668,16.7,830.3,0.00,0.00,0.00,0.00,2.13
2026-08-24T01:19:45Z,0.693,17.3,825.1,0.00,0.00,0.00,0.00,1.96
2026-08-24T01:19:46Z,0.753,18.8,825.3,0.00,0.00,0.00,0.00,1.96
2026-08-24T01:19:47Z,0.659,16.5,828.1,0.00,0.00,0.00,0.00,1.96
2026-08-24T01:19:48Z,0.686,17.2,829.8,0.00,0.05,0.00,0.00,1.96
2026-08-24T01:19:49Z,0.714,17.8,830.5,0.00,0.00,0.00,0.00,1.96
2026-08-24T01:19:50Z,0.668,16.7,828.8,0.00,0.00,0.00,0.00,1.96
2026-08-24T01:19:51Z,0.735,18.4,829.7,0.00,0.43,0.00,0.00,1.96
2026-08-24T01:19:52Z,0.688,17.2,827.6,0.00,0.00,0.00,0.00,1.96
2026-08-24T01:19:53Z,0.699,17.5,824.0,0.00,0.04,0.00,0.00,1.96
2026-08-24T01:19:54Z,0.669,16.7,826.5,0.00,0.00,0.00,0.00,1.96
2026-08-24T01:19:55Z,0.686,17.2,826.9,0.00,0.11,0.00,0.00,1.80
2026-08-24T01:19:56Z,0.762,19.1,825.6,0.00,0.00,0.00,0.00,1.80
2026-08-24T01:19:57Z,0.714,17.8,824.2,0.00,0.00,0.00,0.00,1.80
2026-08-24T01:19:58Z,0.742,18.6,825.2,0.00,0.00,0.00,0.00,1.80
2026-08-24T01:19:59Z,0.784,19.6,822.4,0.00,0.00,0.00,0.00,1.80
2026-08-24T01:20:00Z,0.696,17.4,822.9,0.00,0.00,0.00,0.00,1.66
2026-08-24T01:20:02Z,0.734,18.4,822.2,0.00,0.00,0.00,0.00,1.66
2026-08-24T01:20:03Z,0.647,16.2,823.8,0.00,0.00,0.00,0.00,1.66
2026-08-24T01:20:04Z,0.685,17.1,825.7,0.00,0.00,0.00,0.00,1.66
2026-08-24T01:20:05Z,0.697,17.4,826.3,0.00,0.01,0.00,0.00,1.66
2026-08-24T01:20:06Z,0.706,17.6,823.3,0.00,0.00,0.00,0.00,2.49
2026-08-24T01:20:07Z,0.677,16.9,822.2,0.00,0.00,0.00,0.00,2.49
2026-08-24T01:20:08Z,0.686,17.2,824.8,0.00,0.00,0.00,0.00,2.49
2026-08-24T01:20:09Z,0.745,18.6,827.2,0.00,0.01,0.00,0.00,2.49
2026-08-24T01:20:10Z,0.599,15.0,828.9,0.00,0.00,0.00,0.00,2.49
2026-08-24T01:20:11Z,0.696,17.4,830.4,0.00,0.00,0.00,0.00,2.29
2026-08-24T01:20:12Z,0.665,16.6,831.2,0.00,0.01,0.00,0.00,2.29
2026-08-24T01:20:13Z,0.668,16.7,832.6,0.00,0.00,0.00,0.00,2.29
2026-08-24T01:20:14Z,0.677,16.9,831.6,0.00,0.00,0.00,0.00,2.29
2026-08-24T01:20:15Z,0.733,18.3,830.5,0.00,0.00,0.00,0.00,2.83
2026-08-24T01:20:16Z,0.753,18.8,830.7,0.00,0.32,0.00,0.00,2.83
2026-08-24T01:20:17Z,0.723,18.1,831.4,0.00,0.00,0.00,0.00,2.83
2026-08-24T01:20:18Z,0.658,16.4,830.4,0.00,0.00,0.00,0.00,2.83
2026-08-24T01:20:19Z,0.668,16.7,831.9,0.00,0.00,0.00,0.00,2.83
2026-08-24T01:20:20Z,0.647,16.2,832.9,0.00,0.00,0.00,0.00,2.60
2026-08-24T01:20:21Z,0.694,17.3,831.5,0.00,0.06,0.00,0.00,2.60
2026-08-24T01:20:22Z,0.655,16.4,833.2,0.00,0.00,0.00,0.00,2.60
2026-08-24T01:20:23Z,0.687,17.2,834.2,0.00,0.00,0.00,0.00,2.60
2026-08-24T01:20:24Z,0.706,17.6,830.4,0.00,0.00,0.00,0.00,2.60
2026-08-24T01:20:25Z,0.647,16.2,831.1,0.00,0.00,0.00,0.00,2.39
2026-08-24T01:20:26Z,0.656,16.4,829.3,0.00,0.04,0.00,0.00,2.39
2026-08-24T01:20:27Z,0.715,17.9,829.7,0.00,0.00,0.00,0.00,2.39
2026-08-24T01:20:28Z,0.698,17.4,829.8,0.00,0.00,0.00,0.00,2.39
2026-08-24T01:20:29Z,0.696,17.4,828.5,0.00,0.00,0.00,0.00,2.39
2026-08-24T01:20:30Z,0.705,17.6,830.4,0.00,0.00,0.00,0.00,2.28
2026-08-24T01:20:32Z,0.706,17.6,829.6,0.00,0.00,0.00,0.00,2.28
2026-08-24T01:20:33Z,0.675,16.9,829.8,0.00,0.00,0.00,0.00,2.28
2026-08-24T01:20:34Z,0.657,16.4,826.7,0.00,0.00,0.00,0.00,2.28
2026-08-24T01:20:35Z,0.678,17.0,828.3,0.00,0.00,0.00,0.00,2.28
2026-08-24T01:20:36Z,0.620,15.5,829.5,0.00,0.00,0.00,0.00,2.10
2026-08-24T01:20:37Z,0.723,18.1,829.6,0.00,0.00,0.00,0.00,2.10
2026-08-24T01:20:38Z,0.650,16.2,829.4,0.00,0.00,0.00,0.00,2.10
2026-08-24T01:20:39Z,0.744,18.6,831.1,0.00,0.00,0.00,0.00,2.10
2026-08-24T01:20:40Z,0.668,16.7,832.0,0.00,0.00,0.00,0.00,2.10
2026-08-24T01:20:41Z,0.677,16.9,830.8,0.00,0.01,0.00,0.00,2.89
2026-08-24T01:20:42Z,0.649,16.2,830.6,0.00,0.00,0.00,0.00,2.89
2026-08-24T01:20:43Z,0.640,16.0,830.5,0.00,0.00,0.00,0.00,2.89
2026-08-24T01:20:44Z,0.667,16.7,831.5,0.00,0.00,0.00,0.00,2.89
2026-08-24T01:20:45Z,0.679,17.0,830.4,0.00,0.00,0.00,0.00,3.30
2026-08-24T01:20:46Z,0.697,17.4,830.2,0.00,0.00,0.00,0.00,3.30
2026-08-24T01:20:47Z,0.678,17.0,830.6,0.00,0.00,0.00,0.00,3.30
2026-08-24T01:20:48Z,0.670,16.8,832.9,0.00,0.00,0.00,0.00,3.30
2026-08-24T01:20:49Z,0.688,17.2,834.1,0.00,0.00,0.00,0.00,3.30
2026-08-24T01:20:50Z,0.688,17.2,836.6,0.00,0.00,0.00,0.00,3.03
2026-08-24T01:20:51Z,0.650,16.2,837.7,0.00,0.00,0.00,0.00,3.03
2026-08-24T01:20:52Z,0.667,16.7,839.1,0.00,0.24,0.00,0.00,3.03
2026-08-24T01:20:53Z,0.668,16.7,839.5,0.00,0.01,0.00,0.00,3.03
2026-08-24T01:20:54Z,0.698,17.4,841.5,0.00,0.00,0.00,0.00,3.03
2026-08-24T01:20:55Z,0.697,17.4,831.7,0.00,0.00,0.00,0.00,3.27
2026-08-24T01:20:56Z,0.812,20.3,829.1,0.00,0.00,0.00,0.00,3.27
2026-08-24T01:20:57Z,0.697,17.4,830.7,0.00,0.01,0.00,0.00,3.27
2026-08-24T01:20:58Z,0.669,16.7,831.4,0.00,0.00,0.00,0.00,3.27
2026-08-24T01:20:59Z,0.686,17.2,833.4,0.00,0.00,0.00,0.00,3.27
2026-08-24T01:21:00Z,0.709,17.7,832.3,0.00,0.00,0.00,0.00,3.01
2026-08-24T01:21:01Z,0.658,16.4,832.0,0.00,0.00,0.00,0.00,3.01
2026-08-24T01:21:03Z,0.640,16.0,831.0,0.00,0.00,0.00,0.00,3.01
2026-08-24T01:21:04Z,0.649,16.2,832.5,0.00,0.00,0.00,0.00,3.01
2026-08-24T01:21:05Z,0.649,16.2,831.8,0.00,0.00,0.00,0.00,3.01
2026-08-24T01:21:06Z,0.659,16.5,831.5,0.00,0.00,0.00,0.00,2.77
2026-08-24T01:21:07Z,0.705,17.6,833.0,0.00,0.00,0.00,0.00,2.77
2026-08-24T01:21:08Z,0.696,17.4,834.7,0.00,0.00,0.00,0.00,2.77
2026-08-24T01:21:09Z,0.687,17.2,833.4,0.00,0.00,0.00,0.00,2.77
2026-08-24T01:21:10Z,0.680,17.0,830.3,0.00,0.00,0.00,0.00,2.77
2026-08-24T01:21:11Z,0.708,17.7,830.3,0.00,0.00,0.00,0.00,2.55
2026-08-24T01:21:12Z,0.726,18.1,828.2,0.00,0.00,0.00,0.00,2.55
2026-08-24T01:21:13Z,0.754,18.9,830.6,0.00,0.00,0.00,0.00,2.55
2026-08-24T01:21:14Z,0.736,18.4,832.9,0.00,0.00,0.00,0.00,2.55
2026-08-24T01:21:15Z,0.685,17.1,828.9,0.00,0.00,0.00,0.00,2.55
2026-08-24T01:21:16Z,0.658,16.4,831.5,0.00,0.00,0.00,0.00,2.42
2026-08-24T01:21:17Z,0.716,17.9,829.1,0.00,0.00,0.00,0.00,2.42
2026-08-24T01:21:18Z,0.707,17.7,830.4,0.00,0.00,0.00,0.00,2.42
2026-08-24T01:21:19Z,0.726,18.1,832.0,0.00,0.00,0.00,0.00,2.42
2026-08-24T01:21:20Z,0.688,17.2,832.6,0.00,0.00,0.00,0.00,2.23
2026-08-24T01:21:21Z,0.706,17.6,834.3,0.00,0.00,0.00,0.00,2.23
2026-08-24T01:21:22Z,0.706,17.6,832.7,0.00,0.00,0.00,0.00,2.23
2026-08-24T01:21:23Z,0.677,16.9,833.9,0.00,0.05,0.00,0.00,2.23
2026-08-24T01:21:24Z,0.659,16.5,824.2,0.00,0.00,0.00,0.00,2.23
2026-08-24T01:21:25Z,0.688,17.2,826.2,0.00,0.23,0.00,0.00,2.05
2026-08-24T01:21:26Z,0.718,17.9,824.8,0.00,0.00,0.00,0.00,2.05
2026-08-24T01:21:27Z,0.708,17.7,827.4,0.00,0.00,0.00,0.00,2.05
2026-08-24T01:21:28Z,0.688,17.2,829.2,0.00,0.02,0.00,0.00,2.05
2026-08-24T01:21:29Z,0.697,17.4,832.4,0.00,0.00,0.00,0.00,2.05
2026-08-24T01:21:30Z,0.754,18.9,833.2,0.00,0.00,0.00,0.00,1.89
2026-08-24T01:21:31Z,0.746,18.6,835.3,0.00,0.00,0.00,0.00,1.89
2026-08-24T01:21:32Z,0.725,18.1,835.5,0.00,0.00,0.00,0.00,1.89
2026-08-24T01:21:33Z,0.679,17.0,837.7,0.00,0.00,0.00,0.00,1.89
2026-08-24T01:21:35Z,0.707,17.7,838.7,0.00,0.00,0.00,0.00,1.89
2026-08-24T01:21:36Z,0.754,18.9,840.5,0.00,0.00,0.00,0.00,1.73
2026-08-24T01:21:37Z,0.727,18.2,841.9,0.00,0.00,0.00,0.00,1.73
2026-08-24T01:21:38Z,0.686,17.2,839.7,0.00,0.00,0.00,0.00,1.73
2026-08-24T01:21:39Z,0.688,17.2,840.1,0.00,0.00,0.00,0.00,1.73
2026-08-24T01:21:40Z,0.707,17.7,832.2,0.00,0.00,0.00,0.00,1.73
2026-08-24T01:21:41Z,0.696,17.4,832.9,0.00,0.00,0.00,0.00,1.59
2026-08-24T01:21:42Z,0.704,17.6,834.9,0.00,0.00,0.00,0.00,1.59
2026-08-24T01:21:43Z,0.725,18.1,836.9,0.00,0.00,0.00,0.00,1.59
2026-08-24T01:21:44Z,0.754,18.9,832.8,0.00,0.00,0.00,0.00,1.59
2026-08-24T01:21:45Z,0.697,17.4,833.9,0.00,0.01,0.00,0.00,1.59
2026-08-24T01:21:46Z,0.718,17.9,836.4,0.00,0.00,0.00,0.00,1.71
2026-08-24T01:21:47Z,0.737,18.4,837.8,0.00,0.00,0.00,0.00,1.71
2026-08-24T01:21:48Z,0.708,17.7,838.5,0.00,0.00,0.00,0.00,1.71
2026-08-24T01:21:49Z,0.726,18.1,837.5,0.00,0.00,0.00,0.00,1.71
2026-08-24T01:21:50Z,0.745,18.6,821.7,0.00,0.00,0.00,0.00,1.57
2026-08-24T01:21:51Z,0.706,17.6,824.9,0.00,0.00,0.00,0.00,1.57
2026-08-24T01:21:52Z,0.668,16.7,827.1,0.00,0.00,0.00,0.00,1.57
2026-08-24T01:21:53Z,0.660,16.5,828.9,0.00,0.04,0.00,0.00,1.57
2026-08-24T01:21:54Z,0.754,18.9,830.8,0.00,0.00,0.00,0.00,1.57
2026-08-24T01:21:55Z,0.704,17.6,830.7,0.00,0.00,0.00,0.00,1.44
2026-08-24T01:21:56Z,0.748,18.7,830.4,0.00,0.01,0.00,0.00,1.44
2026-08-24T01:21:57Z,0.727,18.2,832.3,0.00,0.00,0.00,0.00,1.44
2026-08-24T01:21:58Z,0.668,16.7,833.1,0.00,0.02,0.00,0.00,1.44
2026-08-24T01:21:59Z,0.716,17.9,833.8,0.00,0.00,0.00,0.00,1.44
2026-08-24T01:22:00Z,0.737,18.4,834.3,0.00,0.00,0.00,0.00,1.33
2026-08-24T01:22:01Z,0.753,18.8,826.7,0.00,0.00,0.00,0.00,1.33
2026-08-24T01:22:02Z,0.737,18.4,828.0,0.00,0.00,0.00,0.00,1.33
2026-08-24T01:22:03Z,0.717,17.9,827.6,0.00,0.19,0.00,0.00,1.33
2026-08-24T01:22:04Z,0.767,19.2,830.0,0.00,0.00,0.00,0.00,1.33
2026-08-24T01:22:06Z,0.718,17.9,830.4,0.00,0.00,0.00,0.00,1.22
2026-08-24T01:22:07Z,0.735,18.4,831.1,0.00,0.00,0.00,0.00,1.22
2026-08-24T01:22:08Z,0.774,19.4,832.8,0.00,0.00,0.00,0.00,1.22
2026-08-24T01:22:09Z,0.748,18.7,826.7,0.00,0.00,0.00,0.00,1.22
2026-08-24T01:22:10Z,0.678,17.0,827.9,0.00,0.00,0.00,0.00,1.22
2026-08-24T01:22:11Z,0.706,17.6,829.4,0.00,0.00,0.00,0.00,1.20
2026-08-24T01:22:12Z,0.735,18.4,830.4,0.00,0.00,0.00,0.00,1.20
2026-08-24T01:22:13Z,0.754,18.9,832.8,0.00,0.00,0.00,0.00,1.20
2026-08-24T01:22:14Z,0.708,17.7,835.5,0.00,0.12,0.00,0.00,1.20
2026-08-24T01:22:15Z,0.737,18.4,837.9,0.00,0.00,0.00,0.00,1.20
2026-08-24T01:22:16Z,0.715,17.9,829.3,0.00,0.00,0.00,0.00,1.11
2026-08-24T01:22:17Z,0.784,19.6,823.4,0.00,0.00,0.00,0.00,1.11
2026-08-24T01:22:18Z,0.668,16.7,825.1,0.00,0.00,0.00,0.00,1.11
2026-08-24T01:22:19Z,0.697,17.4,825.4,0.00,0.00,0.00,0.00,1.11
2026-08-24T01:22:20Z,0.727,18.2,824.4,0.00,0.00,0.00,0.00,1.50
2026-08-24T01:22:21Z,0.734,18.4,825.9,0.00,0.14,0.00,0.00,1.50
2026-08-24T01:22:22Z,0.753,18.8,825.1,0.00,0.00,0.00,0.00,1.50
2026-08-24T01:22:23Z,0.724,18.1,826.1,0.00,0.00,0.00,0.00,1.50
2026-08-24T01:22:24Z,0.753,18.8,827.9,0.00,0.05,0.00,0.00,1.50
2026-08-24T01:22:25Z,0.736,18.4,830.3,0.00,0.00,0.00,0.00,1.38
2026-08-24T01:22:26Z,0.746,18.6,832.3,0.00,0.00,0.00,0.00,1.38
2026-08-24T01:22:27Z,0.716,17.9,833.3,0.00,0.00,0.00,0.00,1.38
2026-08-24T01:22:28Z,0.707,17.7,834.6,0.00,0.00,0.00,0.00,1.38
2026-08-24T01:22:29Z,0.707,17.7,834.7,0.00,0.03,0.00,0.00,1.38
2026-08-24T01:22:30Z,0.744,18.6,836.0,0.00,0.00,0.00,0.00,1.27
2026-08-24T01:22:31Z,0.686,17.2,836.7,0.00,0.00,0.00,0.00,1.27
2026-08-24T01:22:32Z,0.718,17.9,830.4,0.00,0.14,0.00,0.00,1.27
2026-08-24T01:22:33Z,0.715,17.9,832.2,0.00,0.00,0.00,0.00,1.27
2026-08-24T01:22:34Z,0.647,16.2,834.1,0.00,0.00,0.00,0.00,1.27
2026-08-24T01:22:35Z,0.707,17.7,835.4,0.00,0.00,0.00,0.00,1.17
2026-08-24T01:22:37Z,0.785,19.6,835.6,0.00,0.00,0.00,0.00,1.17
2026-08-24T01:22:38Z,0.717,17.9,835.1,0.00,0.00,0.00,0.00,1.17
2026-08-24T01:22:39Z,0.717,17.9,836.1,0.00,0.00,0.00,0.00,1.17
2026-08-24T01:22:40Z,0.745,18.6,830.5,0.00,0.00,0.00,0.00,1.17
2026-08-24T01:22:41Z,0.726,18.1,831.1,0.00,0.00,0.00,0.00,1.07
2026-08-24T01:22:42Z,0.725,18.1,821.3,0.00,0.00,0.00,0.00,1.07
2026-08-24T01:22:43Z,0.774,19.4,824.5,0.00,0.00,0.00,0.00,1.07
2026-08-24T01:22:44Z,0.750,18.8,825.6,0.00,0.00,0.00,0.00,1.07
2026-08-24T01:22:45Z,0.763,19.1,829.2,0.00,0.00,0.00,0.00,1.07
2026-08-24T01:22:46Z,0.718,17.9,829.6,0.00,0.00,0.00,0.00,1.15
2026-08-24T01:22:47Z,0.725,18.1,829.3,0.00,0.18,0.00,0.00,1.15
2026-08-24T01:22:48Z,0.764,19.1,831.2,0.00,0.00,0.00,0.00,1.15
2026-08-24T01:22:49Z,0.765,19.1,830.8,0.00,0.00,0.00,0.00,1.15
2026-08-24T01:22:50Z,0.709,17.7,834.0,0.00,0.00,0.00,0.00,1.15
2026-08-24T01:22:51Z,0.689,17.2,836.4,0.00,0.00,0.00,0.00,1.38
2026-08-24T01:22:52Z,0.687,17.2,814.5,0.00,0.04,0.00,0.00,1.38
2026-08-24T01:22:53Z,0.735,18.4,817.3,0.00,0.00,0.00,0.00,1.38
2026-08-24T01:22:54Z,0.745,18.6,819.3,0.00,0.00,0.00,0.00,1.38
2026-08-24T01:22:55Z,0.773,19.3,819.7,0.00,0.01,0.00,0.00,1.51
2026-08-24T01:22:56Z,0.708,17.7,820.4,0.00,0.00,0.00,0.00,1.51
2026-08-24T01:22:57Z,0.749,18.7,820.3,0.00,0.00,0.00,0.00,1.51
2026-08-24T01:22:58Z,0.745,18.6,822.2,0.00,0.01,0.00,0.00,1.51
2026-08-24T01:22:59Z,0.735,18.4,823.3,0.00,0.00,0.00,0.00,1.51
2026-08-24T01:23:00Z,0.756,18.9,820.5,0.00,0.00,0.00,0.00,1.39
2026-08-24T01:23:01Z,0.775,19.4,822.2,0.00,0.00,0.00,0.00,1.39
2026-08-24T01:23:02Z,0.766,19.1,822.6,0.00,0.00,0.00,0.00,1.39
2026-08-24T01:23:03Z,0.777,19.4,824.3,0.00,0.16,0.00,0.00,1.39
2026-08-24T01:23:04Z,0.696,17.4,827.5,0.00,0.00,0.00,0.00,1.39
2026-08-24T01:23:05Z,0.676,16.9,828.7,0.00,0.00,0.00,0.00,1.27
2026-08-24T01:23:06Z,0.746,18.6,829.3,0.00,0.00,0.00,0.00,1.27
2026-08-24T01:23:07Z,0.727,18.2,830.1,0.00,0.00,0.00,0.00,1.27
2026-08-24T01:23:09Z,0.699,17.5,829.8,0.00,0.00,0.00,0.00,1.27
2026-08-24T01:23:10Z,0.737,18.4,828.9,0.00,0.00,0.00,0.00,1.27
2026-08-24T01:23:11Z,0.765,19.1,822.8,0.00,0.00,0.00,0.00,1.17
2026-08-24T01:23:12Z,0.724,18.1,825.4,0.00,0.00,0.00,0.00,1.17
2026-08-24T01:23:13Z,0.725,18.1,824.6,0.00,0.00,0.00,0.00,1.17
2026-08-24T01:23:14Z,0.755,18.9,823.6,0.00,0.00,0.00,0.00,1.17
2026-08-24T01:23:15Z,0.736,18.4,826.1,0.00,0.00,0.00,0.00,1.17
2026-08-24T01:23:16Z,0.716,17.9,825.0,0.00,0.00,0.00,0.00,1.16
2026-08-24T01:23:17Z,0.763,19.1,827.2,0.00,0.00,0.00,0.00,1.16
2026-08-24T01:23:18Z,0.707,17.7,827.0,0.00,0.00,0.00,0.00,1.16
2026-08-24T01:23:19Z,0.717,17.9,829.0,0.00,0.00,0.00,0.00,1.16
2026-08-24T01:23:20Z,0.658,16.4,827.9,0.00,0.01,0.00,0.00,1.16
2026-08-24T01:23:21Z,0.699,17.5,829.0,0.00,0.00,0.00,0.00,1.06
2026-08-24T01:23:22Z,0.689,17.2,824.4,0.00,0.05,0.00,0.00,1.06
2026-08-24T01:23:23Z,0.714,17.8,823.2,0.00,0.00,0.00,0.00,1.06
2026-08-24T01:23:24Z,0.688,17.2,822.0,0.00,0.00,0.00,0.00,1.06
2026-08-24T01:23:25Z,0.764,19.1,821.2,0.00,0.00,0.00,0.00,2.58
2026-08-24T01:23:26Z,0.687,17.2,819.0,0.00,0.00,0.00,0.00,2.58
2026-08-24T01:23:27Z,0.717,17.9,819.0,0.00,0.04,0.00,0.00,2.58
2026-08-24T01:23:28Z,0.747,18.7,818.2,0.00,0.00,0.00,0.00,2.58
2026-08-24T01:23:29Z,0.765,19.1,818.3,0.00,0.01,0.00,0.00,2.58
2026-08-24T01:23:30Z,0.696,17.4,818.2,0.00,0.00,0.00,0.00,2.45
2026-08-24T01:23:31Z,0.766,19.1,819.9,0.00,0.00,0.00,0.00,2.45
2026-08-24T01:23:32Z,0.717,17.9,819.6,0.00,0.00,0.00,0.00,2.45
2026-08-24T01:23:33Z,0.727,18.2,820.6,0.00,0.00,0.00,0.00,2.45
2026-08-24T01:23:34Z,0.677,16.9,822.2,0.00,0.00,0.00,0.00,2.45
2026-08-24T01:23:35Z,0.706,17.6,822.5,0.00,0.00,0.00,0.00,2.58
2026-08-24T01:23:36Z,0.669,16.7,820.8,0.00,0.00,0.00,0.00,2.58
2026-08-24T01:23:37Z,0.670,16.8,823.4,0.00,0.19,0.00,0.00,2.58
2026-08-24T01:23:38Z,0.698,17.4,824.0,0.00,0.00,0.00,0.00,2.58
2026-08-24T01:23:39Z,0.709,17.7,822.9,0.00,0.00,0.00,0.00,2.58
2026-08-24T01:23:41Z,0.700,17.5,823.8,0.00,0.00,0.00,0.00,2.37
2026-08-24T01:23:42Z,0.708,17.7,825.6,0.00,0.00,0.00,0.00,2.37
2026-08-24T01:23:43Z,0.650,16.2,825.2,0.00,0.00,0.00,0.00,2.37
2026-08-24T01:23:44Z,0.717,17.9,815.4,0.00,0.00,0.00,0.00,2.37
2026-08-24T01:23:45Z,0.717,17.9,816.7,0.00,0.00,0.00,0.00,2.37
2026-08-24T01:23:46Z,0.689,17.2,819.1,0.00,0.00,0.00,0.00,2.26
2026-08-24T01:23:47Z,0.679,17.0,821.3,0.00,0.00,0.00,0.00,2.26
2026-08-24T01:23:48Z,0.669,16.7,818.5,0.00,0.00,0.00,0.00,2.26
2026-08-24T01:23:49Z,0.707,17.7,817.3,0.00,0.00,0.00,0.00,2.26
2026-08-24T01:23:50Z,0.716,17.9,820.2,0.00,0.12,0.00,0.00,2.26
2026-08-24T01:23:51Z,0.700,17.5,821.1,0.00,0.00,0.00,0.00,2.32
2026-08-24T01:23:52Z,0.707,17.7,819.1,0.00,0.00,0.00,0.00,2.32
2026-08-24T01:23:53Z,0.765,19.1,819.1,0.00,0.03,0.00,0.00,2.32
2026-08-24T01:23:54Z,0.697,17.4,819.3,0.00,0.00,0.00,0.00,2.32
2026-08-24T01:23:55Z,0.687,17.2,820.8,0.00,0.00,0.00,0.00,2.32
2026-08-24T01:23:56Z,0.697,17.4,818.3,0.00,0.00,0.00,0.00,2.14
2026-08-24T01:23:57Z,0.737,18.4,819.2,0.00,0.00,0.00,0.00,2.14
2026-08-24T01:23:58Z,0.735,18.4,820.2,0.00,0.02,0.00,0.00,2.14
2026-08-24T01:23:59Z,0.679,17.0,819.2,0.00,0.00,0.00,0.00,2.14
2026-08-24T01:24:00Z,0.787,19.7,820.0,0.00,0.01,0.00,0.00,1.96
2026-08-24T01:24:01Z,0.725,18.1,822.4,0.00,0.01,0.00,0.00,1.96
2026-08-24T01:24:02Z,0.668,16.7,821.1,0.00,0.00,0.00,0.00,1.96
2026-08-24T01:24:03Z,0.668,16.7,819.1,0.00,0.11,0.00,0.00,1.96
2026-08-24T01:24:04Z,0.736,18.4,819.0,0.00,0.00,0.00,0.00,1.96
2026-08-24T01:24:05Z,0.718,17.9,820.3,0.00,0.00,0.00,0.00,1.81
2026-08-24T01:24:06Z,0.660,16.5,821.4,0.00,0.00,0.00,0.00,1.81
2026-08-24T01:24:07Z,0.709,17.7,821.4,0.00,0.00,0.00,0.00,1.81
2026-08-24T01:24:08Z,0.726,18.1,823.9,0.00,0.00,0.00,0.00,1.81
2026-08-24T01:24:09Z,0.708,17.7,820.2,0.00,0.00,0.00,0.00,1.81
2026-08-24T01:24:10Z,0.689,17.2,822.5,0.00,0.00,0.00,0.00,2.30
2026-08-24T01:24:11Z,0.648,16.2,821.7,0.00,0.00,0.00,0.00,2.30
2026-08-24T01:24:13Z,0.699,17.5,818.9,0.00,0.00,0.00,0.00,2.30
2026-08-24T01:24:14Z,0.698,17.4,817.9,0.00,0.20,0.00,0.00,2.30
2026-08-24T01:24:15Z,0.707,17.7,818.6,0.00,0.01,0.00,0.00,2.30
2026-08-24T01:24:16Z,0.706,17.6,818.7,0.00,0.00,0.00,0.00,2.28
2026-08-24T01:24:17Z,0.744,18.6,818.4,0.00,0.00,0.00,0.00,2.28
2026-08-24T01:24:18Z,0.688,17.2,818.8,0.00,0.00,0.00,0.00,2.28
2026-08-24T01:24:19Z,0.726,18.1,820.0,0.00,0.00,0.00,0.00,2.28
2026-08-24T01:24:20Z,0.706,17.6,818.8,0.00,0.00,0.00,0.00,2.28
2026-08-24T01:24:21Z,0.697,17.4,817.2,0.00,0.00,0.00,0.00,2.10
2026-08-24T01:24:22Z,0.738,18.4,819.9,0.00,0.00,0.00,0.00,2.10
2026-08-24T01:24:23Z,0.660,16.5,821.1,0.00,0.06,0.00,0.00,2.10
2026-08-24T01:24:24Z,0.621,15.5,821.9,0.00,0.00,0.00,0.00,2.10
2026-08-24T01:24:25Z,0.669,16.7,817.6,0.00,0.12,0.00,0.00,2.10
2026-08-24T01:24:26Z,0.669,16.7,819.2,0.00,0.00,0.00,0.00,2.01
2026-08-24T01:24:27Z,0.766,19.1,819.4,0.00,0.00,0.00,0.00,2.01
2026-08-24T01:24:28Z,0.763,19.1,821.5,0.00,0.03,0.00,0.00,2.01
2026-08-24T01:24:29Z,0.660,16.5,824.2,0.00,0.00,0.00,0.00,2.01
2026-08-24T01:24:30Z,0.765,19.1,826.3,0.00,0.00,0.00,0.00,2.01
2026-08-24T01:24:31Z,0.726,18.1,820.8,0.00,0.00,0.00,0.00,2.01
2026-08-24T01:24:32Z,0.767,19.2,823.3,0.00,0.00,0.00,0.00,2.01
2026-08-24T01:24:33Z,0.697,17.4,821.9,0.00,0.00,0.00,0.00,2.01
2026-08-24T01:24:34Z,0.717,17.9,820.4,0.00,0.00,0.00,0.00,2.01
2026-08-24T01:24:35Z,0.679,17.0,820.5,0.00,0.00,0.00,0.00,1.85
2026-08-24T01:24:36Z,0.631,15.8,820.7,0.00,0.00,0.00,0.00,1.85
2026-08-24T01:24:37Z,0.630,15.8,821.3,0.00,0.00,0.00,0.00,1.85
2026-08-24T01:24:38Z,0.688,17.2,824.3,0.00,0.00,0.00,0.00,1.85
2026-08-24T01:24:39Z,0.718,17.9,823.8,0.00,0.12,0.00,0.00,1.85
2026-08-24T01:24:40Z,0.745,18.6,820.3,0.00,0.00,0.00,0.00,1.70
2026-08-24T01:24:41Z,0.735,18.4,820.6,0.00,0.00,0.00,0.00,1.70
2026-08-24T01:24:42Z,0.669,16.7,821.0,0.00,0.00,0.00,0.00,1.70
2026-08-24T01:24:43Z,0.699,17.5,822.2,0.00,0.00,0.00,0.00,1.70
2026-08-24T01:24:44Z,0.708,17.7,820.8,0.00,0.00,0.00,0.00,1.70
2026-08-24T01:24:46Z,0.718,17.9,820.9,0.00,0.00,0.00,0.00,1.64
2026-08-24T01:24:47Z,0.699,17.5,820.6,0.00,0.00,0.00,0.00,1.64
2026-08-24T01:24:48Z,0.649,16.2,821.1,0.00,0.01,0.00,0.00,1.64
2026-08-24T01:24:49Z,0.715,17.9,821.3,0.00,0.00,0.00,0.00,1.64
2026-08-24T01:24:50Z,0.659,16.5,820.9,0.00,0.00,0.00,0.00,1.64
2026-08-24T01:24:51Z,0.757,18.9,823.4,0.00,0.48,0.00,0.00,1.51
2026-08-24T01:24:52Z,0.717,17.9,823.1,0.00,0.00,0.00,0.00,1.51
2026-08-24T01:24:53Z,0.678,17.0,822.7,0.00,0.27,0.00,0.00,1.51
2026-08-24T01:24:54Z,0.728,18.2,823.0,0.00,0.00,0.00,0.00,1.51
2026-08-24T01:24:55Z,0.716,17.9,825.0,0.00,0.00,0.00,0.00,1.51
2026-08-24T01:24:56Z,0.717,17.9,824.8,0.00,0.05,0.00,0.00,1.39
2026-08-24T01:24:57Z,0.765,19.1,823.9,0.00,0.00,0.00,0.00,1.39
2026-08-24T01:24:58Z,0.715,17.9,822.0,0.00,0.00,0.00,0.00,1.39
2026-08-24T01:24:59Z,0.718,17.9,821.9,0.00,0.00,0.00,0.00,1.39
2026-08-24T01:25:00Z,0.755,18.9,822.8,0.00,0.00,0.00,0.00,1.39
2026-08-24T01:25:01Z,0.726,18.1,822.7,0.00,0.00,0.00,0.00,2.08
2026-08-24T01:25:02Z,0.726,18.1,821.6,0.00,0.18,0.00,0.00,2.08
2026-08-24T01:25:03Z,0.697,17.4,823.1,0.00,0.01,0.00,0.00,2.08
2026-08-24T01:25:04Z,0.658,16.4,817.3,0.00,0.00,0.00,0.00,2.08
2026-08-24T01:25:05Z,0.639,16.0,819.6,0.00,0.00,0.00,0.00,1.99
2026-08-24T01:25:06Z,0.736,18.4,821.5,0.00,0.00,0.00,0.00,1.99
2026-08-24T01:25:07Z,0.676,16.9,822.6,0.00,0.15,0.00,0.00,1.99
2026-08-24T01:25:08Z,0.698,17.4,825.5,0.00,0.00,0.00,0.00,1.99
2026-08-24T01:25:09Z,0.718,17.9,824.6,0.00,0.00,0.00,0.00,1.99
2026-08-24T01:25:10Z,0.717,17.9,822.1,0.00,0.00,0.00,0.00,2.15
2026-08-24T01:25:11Z,0.649,16.2,822.3,0.00,0.00,0.00,0.00,2.15
2026-08-24T01:25:12Z,0.833,20.8,835.5,0.00,0.00,0.00,0.00,2.15
2026-08-24T01:25:13Z,1.023,25.6,851.9,0.00,0.00,0.00,0.00,2.15
2026-08-24T01:25:14Z,0.698,17.4,849.1,0.00,0.00,0.00,0.00,2.15
2026-08-24T01:25:15Z,0.754,18.9,845.9,0.00,0.00,0.00,0.00,2.14
2026-08-24T01:25:17Z,0.737,18.4,845.4,0.00,0.00,0.00,0.00,2.14
2026-08-24T01:25:18Z,0.688,17.2,839.6,0.00,0.29,0.00,0.00,2.14
2026-08-24T01:25:19Z,0.792,19.8,834.9,0.00,0.00,0.00,0.00,2.14
2026-08-24T01:25:20Z,0.658,16.4,832.2,0.00,0.00,0.00,0.00,2.14
2026-08-24T01:25:21Z,0.727,18.2,831.1,0.00,0.00,0.00,0.00,1.97
2026-08-24T01:25:22Z,0.718,17.9,825.6,0.00,0.07,0.00,0.00,1.97
2026-08-24T01:25:23Z,0.677,16.9,828.2,0.00,0.00,0.00,0.00,1.97
2026-08-24T01:25:24Z,0.697,17.4,828.7,0.00,0.01,0.00,0.00,1.97
2026-08-24T01:25:25Z,0.668,16.7,828.4,0.00,0.15,0.00,0.00,1.97
2026-08-24T01:25:26Z,0.658,16.4,829.6,0.00,0.00,0.00,0.00,2.37
2026-08-24T01:25:27Z,0.708,17.7,831.3,0.00,0.04,0.00,0.00,2.37
2026-08-24T01:25:28Z,0.718,17.9,829.4,0.00,0.00,0.00,0.00,2.37
2026-08-24T01:25:29Z,0.689,17.2,828.4,0.00,0.00,0.00,0.00,2.37
2026-08-24T01:25:30Z,0.725,18.1,829.6,0.00,0.00,0.00,0.00,2.37
2026-08-24T01:25:31Z,0.717,17.9,827.9,0.00,0.00,0.00,0.00,2.18
2026-08-24T01:25:32Z,0.678,17.0,831.2,0.00,0.00,0.00,0.00,2.18
2026-08-24T01:25:33Z,0.728,18.2,829.7,0.00,0.00,0.00,0.00,2.18
2026-08-24T01:25:34Z,0.737,18.4,828.7,0.00,0.00,0.00,0.00,2.18
2026-08-24T01:25:35Z,0.659,16.5,829.9,0.00,0.00,0.00,0.00,2.01
2026-08-24T01:25:36Z,0.718,17.9,830.8,0.00,0.00,0.00,0.00,2.01
2026-08-24T01:25:37Z,0.698,17.4,827.4,0.00,0.00,0.00,0.00,2.01
2026-08-24T01:25:38Z,0.687,17.2,827.6,0.00,0.00,0.00,0.00,2.01
2026-08-24T01:25:39Z,0.707,17.7,825.3,0.00,0.12,0.00,0.00,2.01
2026-08-24T01:25:40Z,0.776,19.4,826.5,0.00,0.00,0.00,0.00,1.85
2026-08-24T01:25:41Z,0.686,17.2,827.0,0.00,0.00,0.00,0.00,1.85
2026-08-24T01:25:42Z,0.746,18.6,823.2,0.00,0.00,0.00,0.00,1.85
2026-08-24T01:25:43Z,0.744,18.6,825.9,0.00,0.00,0.00,0.00,1.85
2026-08-24T01:25:44Z,0.723,18.1,827.4,0.00,0.00,0.00,0.00,1.85
2026-08-24T01:25:45Z,0.697,17.4,829.9,0.00,0.00,0.00,0.00,1.78
2026-08-24T01:25:46Z,0.718,17.9,827.8,0.00,0.00,0.00,0.00,1.78
2026-08-24T01:25:47Z,0.678,17.0,826.7,0.00,0.11,0.00,0.00,1.78
2026-08-24T01:25:49Z,0.678,17.0,827.4,0.00,0.00,0.00,0.00,1.78
2026-08-24T01:25:50Z,0.765,19.1,823.6,0.00,0.00,0.00,0.00,1.78
2026-08-24T01:25:51Z,0.736,18.4,827.0,0.00,0.00,0.00,0.00,1.72
2026-08-24T01:25:52Z,0.667,16.7,827.2,0.00,0.00,0.00,0.00,1.72
2026-08-24T01:25:53Z,0.738,18.4,827.1,0.00,0.05,0.00,0.00,1.72
2026-08-24T01:25:54Z,0.745,18.6,826.8,0.00,0.00,0.00,0.00,1.72
2026-08-24T01:25:55Z,0.746,18.6,827.4,0.00,0.00,0.00,0.00,1.72
2026-08-24T01:25:56Z,0.746,18.6,826.5,0.00,0.00,0.00,0.00,1.58
2026-08-24T01:25:57Z,0.706,17.6,826.1,0.00,0.00,0.00,0.00,1.58
2026-08-24T01:25:58Z,0.690,17.2,827.2,0.00,0.02,0.00,0.00,1.58
2026-08-24T01:25:59Z,0.699,17.5,826.5,0.00,0.00,0.00,0.00,1.58
2026-08-24T01:26:00Z,0.728,18.2,825.0,0.00,0.00,0.00,0.00,1.58
2026-08-24T01:26:01Z,0.727,18.2,826.7,0.00,0.00,0.00,0.00,1.45
2026-08-24T01:26:02Z,0.765,19.1,825.6,0.00,0.11,0.00,0.00,1.45
2026-08-24T01:26:03Z,0.688,17.2,825.5,0.00,0.00,0.00,0.00,1.45
2026-08-24T01:26:04Z,0.725,18.1,823.2,0.00,0.00,0.00,0.00,1.45
2026-08-24T01:26:05Z,0.689,17.2,825.6,0.00,0.00,0.00,0.00,2.06
2026-08-24T01:26:06Z,0.746,18.6,826.1,0.00,0.00,0.00,0.00,2.06
2026-08-24T01:26:07Z,0.688,17.2,825.0,0.00,0.00,0.00,0.00,2.06
2026-08-24T01:26:08Z,0.689,17.2,827.0,0.00,0.00,0.00,0.00,2.06
2026-08-24T01:26:09Z,0.767,19.2,829.2,0.00,0.00,0.00,0.00,2.06
2026-08-24T01:26:10Z,0.705,17.6,824.3,0.00,0.00,0.00,0.00,1.89
2026-08-24T01:26:11Z,0.746,18.6,828.2,0.00,0.00,0.00,0.00,1.89
2026-08-24T01:26:12Z,0.786,19.7,825.3,0.00,0.00,0.00,0.00,1.89
2026-08-24T01:26:13Z,0.728,18.2,823.8,0.00,0.00,0.00,0.00,1.89
2026-08-24T01:26:14Z,0.708,17.7,825.3,0.00,0.00,0.00,0.00,1.89
2026-08-24T01:26:15Z,0.736,18.4,824.3,0.00,0.00,0.00,0.00,2.30
2026-08-24T01:26:16Z,0.737,18.4,824.3,0.00,0.00,0.00,0.00,2.30
2026-08-24T01:26:17Z,0.695,17.4,827.1,0.00,0.30,0.00,0.00,2.30
2026-08-24T01:26:18Z,0.698,17.4,824.4,0.00,0.00,0.00,0.00,2.30
2026-08-24T01:26:19Z,0.668,16.7,822.6,0.00,0.00,0.00,0.00,2.30
2026-08-24T01:26:21Z,0.728,18.2,825.7,0.00,0.00,0.00,0.00,2.20
2026-08-24T01:26:22Z,0.708,17.7,822.3,0.00,0.00,0.00,0.00,2.20
2026-08-24T01:26:23Z,0.707,17.7,823.4,0.00,0.16,0.00,0.00,2.20
2026-08-24T01:26:24Z,0.707,17.7,823.5,0.00,0.00,0.00,0.00,2.20
2026-08-24T01:26:25Z,0.709,17.7,825.4,0.00,0.00,0.00,0.00,2.20
2026-08-24T01:26:26Z,0.689,17.2,823.0,0.00,0.01,0.00,0.00,3.06
2026-08-24T01:26:27Z,0.737,18.4,816.8,0.00,0.00,0.00,0.00,3.06
2026-08-24T01:26:28Z,0.658,16.4,816.2,0.00,0.02,0.00,0.00,3.06
2026-08-24T01:26:29Z,0.697,17.4,817.3,0.00,0.00,0.00,0.00,3.06
2026-08-24T01:26:30Z,0.718,17.9,817.7,0.00,0.00,0.00,0.00,3.06
2026-08-24T01:26:31Z,0.679,17.0,821.1,0.00,0.00,0.00,0.00,2.82
2026-08-24T01:26:32Z,0.669,16.7,818.6,0.00,0.14,0.00,0.00,2.82
2026-08-24T01:26:33Z,0.686,17.2,817.6,0.00,0.00,0.00,0.00,2.82
2026-08-24T01:26:34Z,0.679,17.0,817.8,0.00,0.00,0.00,0.00,2.82
2026-08-24T01:26:35Z,0.771,19.3,820.5,0.00,0.00,0.00,0.00,2.82
2026-08-24T01:26:36Z,0.737,18.4,819.5,0.00,0.01,0.00,0.00,2.59
2026-08-24T01:26:37Z,0.804,20.1,821.4,0.00,0.00,0.00,0.00,2.59
2026-08-24T01:26:38Z,0.678,17.0,823.1,0.00,0.00,0.00,0.00,2.59
2026-08-24T01:26:39Z,0.707,17.7,818.3,0.00,0.00,0.00,0.00,2.59
2026-08-24T01:26:40Z,0.746,18.6,821.5,0.00,0.00,0.00,0.00,2.54
2026-08-24T01:26:41Z,0.735,18.4,818.8,0.00,0.12,0.00,0.00,2.54
2026-08-24T01:26:42Z,0.745,18.6,820.4,0.00,0.00,0.00,0.00,2.54
2026-08-24T01:26:43Z,0.728,18.2,820.4,0.00,0.00,0.00,0.00,2.54
2026-08-24T01:26:44Z,0.727,18.2,818.9,0.00,0.00,0.00,0.00,2.54
2026-08-24T01:26:45Z,0.756,18.9,820.4,0.00,0.00,0.00,0.00,2.42
2026-08-24T01:26:46Z,0.747,18.7,817.1,0.00,0.00,0.00,0.00,2.42
2026-08-24T01:26:47Z,0.717,17.9,816.8,0.00,0.00,0.00,0.00,2.42
2026-08-24T01:26:48Z,0.736,18.4,815.8,0.00,0.00,0.00,0.00,2.42
2026-08-24T01:26:49Z,0.784,19.6,818.3,0.00,0.00,0.00,0.00,2.42
2026-08-24T01:26:50Z,0.737,18.4,819.9,0.00,0.00,0.00,0.00,2.31
2026-08-24T01:26:51Z,0.708,17.7,819.0,0.00,0.12,0.00,0.00,2.31
2026-08-24T01:26:53Z,0.717,17.9,820.2,0.00,0.00,0.00,0.00,2.31
2026-08-24T01:26:54Z,0.736,18.4,820.7,0.00,0.05,0.00,0.00,2.31
2026-08-24T01:26:55Z,0.695,17.4,821.2,0.00,0.00,0.00,0.00,2.31
2026-08-24T01:26:56Z,0.726,18.1,821.1,0.00,0.00,0.00,0.00,2.12
2026-08-24T01:26:57Z,0.785,19.6,822.8,0.00,0.00,0.00,0.00,2.12
2026-08-24T01:26:58Z,0.698,17.4,820.3,0.00,0.00,0.00,0.00,2.12
2026-08-24T01:26:59Z,0.748,18.7,822.2,0.00,0.02,0.00,0.00,2.12
2026-08-24T01:27:00Z,0.708,17.7,823.5,0.00,0.00,0.00,0.00,2.12
2026-08-24T01:27:01Z,0.706,17.6,824.2,0.00,0.00,0.00,0.00,1.95
2026-08-24T01:27:02Z,0.727,18.2,826.2,0.00,0.00,0.00,0.00,1.95
2026-08-24T01:27:03Z,0.707,17.7,822.7,0.00,0.12,0.00,0.00,1.95
2026-08-24T01:27:04Z,0.737,18.4,824.7,0.00,0.00,0.00,0.00,1.95
2026-08-24T01:27:05Z,0.698,17.4,820.1,0.00,0.00,0.00,0.00,1.95
2026-08-24T01:27:06Z,0.717,17.9,823.1,0.00,0.00,0.00,0.00,1.87
2026-08-24T01:27:07Z,0.718,17.9,817.3,0.00,0.00,0.00,0.00,1.87
2026-08-24T01:27:08Z,0.687,17.2,819.3,0.00,0.00,0.00,0.00,1.87
2026-08-24T01:27:09Z,0.699,17.5,819.6,0.00,0.00,0.00,0.00,1.87
2026-08-24T01:27:10Z,0.641,16.0,820.6,0.00,0.00,0.00,0.00,1.72
2026-08-24T01:27:11Z,0.698,17.4,816.6,0.00,0.15,0.00,0.00,1.72
2026-08-24T01:27:12Z,0.679,17.0,819.6,0.00,0.00,0.00,0.00,1.72
2026-08-24T01:27:13Z,0.707,17.7,821.2,0.00,0.00,0.00,0.00,1.72
2026-08-24T01:27:14Z,0.717,17.9,820.7,0.00,0.00,0.00,0.00,1.72
2026-08-24T01:27:15Z,0.727,18.2,823.9,0.00,0.00,0.00,0.00,1.67
2026-08-24T01:27:16Z,0.726,18.1,824.9,0.00,0.11,0.00,0.00,1.67
2026-08-24T01:27:17Z,0.668,16.7,818.9,0.00,0.00,0.00,0.00,1.67
2026-08-24T01:27:18Z,0.658,16.4,817.5,0.00,0.00,0.00,0.00,1.67
2026-08-24T01:27:19Z,0.718,17.9,815.6,0.00,0.00,0.00,0.00,1.67
2026-08-24T01:27:20Z,0.688,17.2,819.8,0.00,0.00,0.00,0.00,1.53
2026-08-24T01:27:21Z,0.725,18.1,820.4,0.00,0.00,0.00,0.00,1.53
2026-08-24T01:27:22Z,0.716,17.9,820.9,0.00,0.00,0.00,0.00,1.53
2026-08-24T01:27:23Z,0.650,16.2,823.6,0.00,0.03,0.00,0.00,1.53
2026-08-24T01:27:25Z,0.737,18.4,822.6,0.00,0.16,0.00,0.00,1.53
2026-08-24T01:27:26Z,0.669,16.7,822.5,0.00,0.00,0.00,0.00,1.41
2026-08-24T01:27:27Z,0.708,17.7,825.0,0.00,0.00,0.00,0.00,1.41
2026-08-24T01:27:28Z,0.716,17.9,822.6,0.00,0.01,0.00,0.00,1.41
2026-08-24T01:27:29Z,0.698,17.4,820.1,0.00,0.01,0.00,0.00,1.41
2026-08-24T01:27:30Z,0.649,16.2,820.0,0.00,0.00,0.00,0.00,1.41
2026-08-24T01:27:31Z,0.678,17.0,820.0,0.00,0.00,0.00,0.00,1.70
2026-08-24T01:27:32Z,0.698,17.4,818.6,0.00,0.00,0.00,0.00,1.70
2026-08-24T01:27:33Z,0.639,16.0,821.6,0.00,0.09,0.00,0.00,1.70
2026-08-24T01:27:34Z,0.726,18.1,822.5,0.00,0.00,0.00,0.00,1.70
2026-08-24T01:27:35Z,0.747,18.7,819.2,0.00,0.00,0.00,0.00,1.70
2026-08-24T01:27:36Z,0.699,17.5,814.8,0.00,0.00,0.00,0.00,1.64
2026-08-24T01:27:37Z,0.717,17.9,816.8,0.00,0.00,0.00,0.00,1.64
2026-08-24T01:27:38Z,0.746,18.6,818.0,0.00,0.01,0.00,0.00,1.64
2026-08-24T01:27:39Z,0.736,18.4,817.9,0.00,0.15,0.00,0.00,1.64
2026-08-24T01:27:40Z,0.707,17.7,818.4,0.00,0.00,0.00,0.00,1.64
2026-08-24T01:27:41Z,0.686,17.2,818.7,0.00,0.00,0.00,0.00,1.51
2026-08-24T01:27:42Z,0.709,17.7,820.9,0.00,0.00,0.00,0.00,1.51
2026-08-24T01:27:43Z,0.698,17.4,822.2,0.00,0.00,0.00,0.00,1.51
2026-08-24T01:27:44Z,0.775,19.4,822.7,0.00,0.00,0.00,0.00,1.51
2026-08-24T01:27:45Z,0.698,17.4,823.4,0.00,0.00,0.00,0.00,1.79
2026-08-24T01:27:46Z,0.735,18.4,823.9,0.00,0.00,0.00,0.00,1.79
2026-08-24T01:27:47Z,0.736,18.4,823.3,0.00,0.00,0.00,0.00,1.79
2026-08-24T01:27:48Z,0.699,17.5,818.3,0.00,0.00,0.00,0.00,1.79
2026-08-24T01:27:49Z,0.746,18.6,819.1,0.00,0.00,0.00,0.00,1.79
2026-08-24T01:27:50Z,0.659,16.5,819.4,0.00,0.00,0.00,0.00,1.64
2026-08-24T01:27:51Z,0.708,17.7,819.6,0.00,0.00,0.00,0.00,1.64
2026-08-24T01:27:52Z,0.639,16.0,822.6,0.00,0.17,0.00,0.00,1.64
2026-08-24T01:27:53Z,0.699,17.5,823.6,0.00,0.00,0.00,0.00,1.64
2026-08-24T01:27:54Z,0.680,17.0,826.0,0.00,0.00,0.00,0.00,1.64
2026-08-24T01:27:55Z,0.688,17.2,823.6,0.00,0.00,0.00,0.00,2.07
2026-08-24T01:27:56Z,0.825,20.6,818.9,0.00,0.03,0.00,0.00,2.07
2026-08-24T01:27:58Z,0.640,16.0,821.3,0.00,0.02,0.00,0.00,2.07
2026-08-24T01:27:59Z,0.745,18.6,821.4,0.00,0.12,0.00,0.00,2.07
2026-08-24T01:28:00Z,0.660,16.5,816.2,0.00,0.00,0.00,0.00,2.07
2026-08-24T01:28:01Z,0.719,18.0,818.4,0.00,0.00,0.00,0.00,1.91
2026-08-24T01:28:02Z,0.660,16.5,820.3,0.00,0.00,0.00,0.00,1.91
2026-08-24T01:28:03Z,0.689,17.2,822.2,0.00,0.00,0.00,0.00,1.91
2026-08-24T01:28:04Z,0.687,17.2,822.3,0.00,0.00,0.00,0.00,1.91
2026-08-24T01:28:05Z,0.688,17.2,825.5,0.00,0.00,0.00,0.00,1.91
2026-08-24T01:28:06Z,0.660,16.5,828.7,0.00,0.00,0.00,0.00,1.75
2026-08-24T01:28:07Z,0.696,17.4,830.4,0.00,0.00,0.00,0.00,1.75
2026-08-24T01:28:08Z,0.641,16.0,827.3,0.00,0.00,0.00,0.00,1.75
2026-08-24T01:28:09Z,0.679,17.0,829.0,0.00,0.00,0.00,0.00,1.75
2026-08-24T01:28:10Z,0.697,17.4,828.6,0.00,0.00,0.00,0.00,1.75
2026-08-24T01:28:11Z,0.700,17.5,830.9,0.00,0.00,0.00,0.00,1.93
2026-08-24T01:28:12Z,0.726,18.1,826.5,0.00,0.00,0.00,0.00,1.93
2026-08-24T01:28:13Z,0.726,18.1,829.6,0.00,0.00,0.00,0.00,1.93
2026-08-24T01:28:14Z,0.670,16.8,829.5,0.00,0.00,0.00,0.00,1.93
2026-08-24T01:28:15Z,0.707,17.7,831.8,0.00,0.00,0.00,0.00,1.94
2026-08-24T01:28:16Z,0.783,19.6,832.5,0.00,0.00,0.00,0.00,1.94
2026-08-24T01:28:17Z,0.728,18.2,829.6,0.00,0.11,0.00,0.00,1.94
2026-08-24T01:28:18Z,0.658,16.4,831.4,0.00,0.00,0.00,0.00,1.94
2026-08-24T01:28:19Z,0.688,17.2,829.7,0.00,0.00,0.00,0.00,1.94
2026-08-24T01:28:20Z,0.737,18.4,822.5,0.00,0.00,0.00,0.00,2.11
2026-08-24T01:28:21Z,0.679,17.0,824.1,0.00,0.00,0.00,0.00,2.11
2026-08-24T01:28:22Z,0.639,16.0,825.6,0.00,0.00,0.00,0.00,2.11
2026-08-24T01:28:23Z,0.660,16.5,827.6,0.00,0.00,0.00,0.00,2.11
2026-08-24T01:28:24Z,0.717,17.9,829.2,0.00,0.00,0.00,0.00,2.11
2026-08-24T01:28:25Z,0.690,17.2,830.3,0.00,0.12,0.00,0.00,1.94
2026-08-24T01:28:26Z,0.699,17.5,830.2,0.00,0.05,0.00,0.00,1.94
2026-08-24T01:28:27Z,0.699,17.5,822.4,0.00,0.00,0.00,0.00,1.94
2026-08-24T01:28:28Z,0.660,16.5,822.1,0.00,0.00,0.00,0.00,1.94
2026-08-24T01:28:29Z,0.698,17.4,822.3,0.00,0.00,0.00,0.00,1.94
2026-08-24T01:28:31Z,0.709,17.7,825.9,0.00,0.01,0.00,0.00,2.18
2026-08-24T01:28:32Z,0.678,17.0,818.5,0.00,0.00,0.00,0.00,2.18
2026-08-24T01:28:33Z,0.678,17.0,819.7,0.00,0.16,0.00,0.00,2.18
2026-08-24T01:28:34Z,0.698,17.4,821.6,0.00,0.00,0.00,0.00,2.18
2026-08-24T01:28:35Z,0.784,19.6,821.9,0.00,0.00,0.00,0.00,2.18
2026-08-24T01:28:36Z,0.704,17.6,822.9,0.00,0.00,0.00,0.00,2.09
2026-08-24T01:28:37Z,0.685,17.1,823.2,0.00,0.00,0.00,0.00,2.09
2026-08-24T01:28:38Z,0.647,16.2,824.7,0.00,0.00,0.00,0.00,2.09
2026-08-24T01:28:39Z,0.685,17.1,825.1,0.00,0.00,0.00,0.00,2.09
2026-08-24T01:28:40Z,0.725,18.1,826.1,0.00,0.00,0.00,0.00,2.09
2026-08-24T01:28:41Z,0.731,18.3,816.6,0.00,0.01,0.00,0.00,1.92
2026-08-24T01:28:42Z,0.734,18.4,818.5,0.00,0.00,0.00,0.00,1.92
2026-08-24T01:28:43Z,0.685,17.1,819.0,0.00,0.00,0.00,0.00,1.92
2026-08-24T01:28:44Z,0.686,17.2,818.8,0.00,0.00,0.00,0.00,1.92
2026-08-24T01:28:45Z,0.694,17.3,819.8,0.00,0.14,0.00,0.00,1.92
2026-08-24T01:28:46Z,0.715,17.9,821.1,0.00,0.00,0.00,0.00,1.85
2026-08-24T01:28:47Z,0.675,16.9,822.1,0.00,0.00,0.00,0.00,1.85
2026-08-24T01:28:48Z,0.763,19.1,818.0,0.00,0.00,0.00,0.00,1.85
2026-08-24T01:28:49Z,0.667,16.7,819.7,0.00,0.00,0.00,0.00,1.85
2026-08-24T01:28:50Z,0.711,17.8,820.2,0.00,0.00,0.00,0.00,2.26
2026-08-24T01:28:51Z,0.676,16.9,821.2,0.00,0.00,0.00,0.00,2.26
2026-08-24T01:28:52Z,0.716,17.9,818.0,0.00,0.00,0.00,0.00,2.26
2026-08-24T01:28:53Z,0.735,18.4,818.0,0.00,0.11,0.00,0.00,2.26
2026-08-24T01:28:54Z,0.656,16.4,819.9,0.00,0.00,0.00,0.00,2.26
2026-08-24T01:28:55Z,0.657,16.4,822.6,0.00,0.00,0.00,0.00,2.72
2026-08-24T01:28:56Z,0.763,19.1,824.1,0.00,0.00,0.00,0.00,2.72
2026-08-24T01:28:57Z,0.734,18.4,824.6,0.00,0.05,0.00,0.00,2.72
2026-08-24T01:28:58Z,0.733,18.3,825.3,0.00,0.00,0.00,0.00,2.72
2026-08-24T01:29:00Z,0.726,18.1,826.3,0.00,0.00,0.00,0.00,2.72
2026-08-24T01:29:01Z,0.685,17.1,823.8,0.00,0.00,0.00,0.00,2.50
2026-08-24T01:29:02Z,0.725,18.1,826.2,0.00,0.00,0.00,0.00,2.50
2026-08-24T01:29:03Z,0.696,17.4,828.6,0.00,0.02,0.00,0.00,2.50
2026-08-24T01:29:04Z,0.687,17.2,830.6,0.00,0.00,0.00,0.00,2.50
2026-08-24T01:29:05Z,0.754,18.9,829.6,0.00,0.00,0.00,0.00,2.50
2026-08-24T01:29:06Z,0.704,17.6,830.6,0.00,0.11,0.00,0.00,2.70
2026-08-24T01:29:07Z,0.734,18.4,831.6,0.00,0.00,0.00,0.00,2.70
2026-08-24T01:29:08Z,0.725,18.1,832.3,0.00,0.00,0.00,0.00,2.70
2026-08-24T01:29:09Z,0.666,16.7,833.8,0.00,0.00,0.00,0.00,2.70
2026-08-24T01:29:10Z,0.706,17.6,831.2,0.00,0.00,0.00,0.00,2.70
2026-08-24T01:29:11Z,0.687,17.2,832.4,0.00,0.00,0.00,0.00,2.48
2026-08-24T01:29:12Z,0.716,17.9,831.7,0.00,0.00,0.00,0.00,2.48
2026-08-24T01:29:13Z,0.687,17.2,824.4,0.00,0.00,0.00,0.00,2.48
2026-08-24T01:29:14Z,0.736,18.4,824.9,0.00,0.00,0.00,0.00,2.48
2026-08-24T01:29:15Z,0.782,19.6,826.4,0.00,0.00,0.00,0.00,2.48
2026-08-24T01:29:16Z,0.725,18.1,825.7,0.00,0.00,0.00,0.00,2.29
2026-08-24T01:29:17Z,0.773,19.3,826.4,0.00,0.00,0.00,0.00,2.29
2026-08-24T01:29:18Z,0.753,18.8,827.9,0.00,0.00,0.00,0.00,2.29
2026-08-24T01:29:19Z,0.713,17.8,823.2,0.00,0.12,0.00,0.00,2.29
2026-08-24T01:29:20Z,0.745,18.6,823.0,0.00,0.00,0.00,0.00,2.10
2026-08-24T01:29:21Z,0.713,17.8,823.7,0.00,0.00,0.00,0.00,2.10
2026-08-24T01:29:22Z,0.687,17.2,826.4,0.00,0.00,0.00,0.00,2.10
2026-08-24T01:29:23Z,0.753,18.8,826.4,0.00,0.00,0.00,0.00,2.10
2026-08-24T01:29:24Z,0.755,18.9,820.8,0.00,0.15,0.00,0.00,2.10
2026-08-24T01:29:25Z,0.716,17.9,821.8,0.00,0.00,0.00,0.00,1.93
2026-08-24T01:29:26Z,0.687,17.2,822.8,0.00,0.00,0.00,0.00,1.93
2026-08-24T01:29:27Z,0.726,18.1,822.2,0.00,0.03,0.00,0.00,1.93
2026-08-24T01:29:28Z,0.736,18.4,824.1,0.00,0.00,0.00,0.00,1.93
2026-08-24T01:29:30Z,0.725,18.1,823.8,0.00,0.00,0.00,0.00,1.93
2026-08-24T01:29:31Z,0.782,19.6,824.0,0.00,0.00,0.00,0.00,1.78
2026-08-24T01:29:32Z,0.751,18.8,824.5,0.00,0.02,0.00,0.00,1.78
2026-08-24T01:29:33Z,0.762,19.1,816.8,0.00,0.00,0.00,0.00,1.78
2026-08-24T01:29:34Z,0.706,17.6,818.2,0.00,0.00,0.00,0.00,1.78
2026-08-24T01:29:35Z,0.744,18.6,820.1,0.00,0.14,0.00,0.00,1.78
2026-08-24T01:29:36Z,0.714,17.8,822.1,0.00,0.00,0.00,0.00,1.64
2026-08-24T01:29:37Z,0.714,17.8,823.9,0.00,0.00,0.00,0.00,1.64
2026-08-24T01:29:38Z,0.714,17.8,825.3,0.00,0.00,0.00,0.00,1.64
2026-08-24T01:29:39Z,0.678,17.0,826.9,0.00,0.00,0.00,0.00,1.64
2026-08-24T01:29:40Z,0.688,17.2,827.7,0.00,0.00,0.00,0.00,1.64
2026-08-24T01:29:41Z,0.706,17.6,827.7,0.00,0.00,0.00,0.00,1.50
2026-08-24T01:29:42Z,0.707,17.7,827.9,0.00,0.00,0.00,0.00,1.50
2026-08-24T01:29:43Z,0.714,17.8,829.4,0.00,0.01,0.00,0.00,1.50
2026-08-24T01:29:44Z,0.684,17.1,831.4,0.00,0.00,0.00,0.00,1.50
2026-08-24T01:29:45Z,0.697,17.4,831.9,0.00,0.00,0.00,0.00,1.50
2026-08-24T01:29:46Z,0.658,16.4,835.5,0.00,0.00,0.00,0.00,1.70
2026-08-24T01:29:47Z,0.667,16.7,835.4,0.00,0.12,0.00,0.00,1.70
2026-08-24T01:29:48Z,0.694,17.3,836.4,0.00,0.00,0.00,0.00,1.70
2026-08-24T01:29:49Z,0.683,17.1,835.0,0.00,0.00,0.00,0.00,1.70
2026-08-24T01:29:50Z,0.705,17.6,837.9,0.00,0.00,0.00,0.00,1.57
2026-08-24T01:29:51Z,0.708,17.7,824.0,0.00,0.50,0.00,0.00,1.57
2026-08-24T01:29:52Z,0.638,16.0,822.8,0.00,0.00,0.00,0.00,1.57
2026-08-24T01:29:53Z,0.706,17.6,824.0,0.00,0.00,0.00,0.00,1.57
2026-08-24T01:29:54Z,0.648,16.2,824.9,0.00,0.00,0.00,0.00,1.57
2026-08-24T01:29:55Z,0.726,18.1,821.2,0.00,0.00,0.00,0.00,1.44
2026-08-24T01:29:56Z,0.717,17.9,824.4,0.00,0.03,0.00,0.00,1.44
2026-08-24T01:29:57Z,0.708,17.7,824.6,0.00,0.13,0.00,0.00,1.44
2026-08-24T01:29:58Z,0.669,16.7,825.3,0.00,0.00,0.00,0.00,1.44
2026-08-24T01:30:00Z,0.707,17.7,824.2,0.00,0.00,0.00,0.00,1.44
2026-08-24T01:30:01Z,0.726,18.1,823.9,0.00,0.00,0.00,0.00,1.33
2026-08-24T01:30:02Z,0.649,16.2,826.6,0.00,0.00,0.00,0.00,1.33
2026-08-24T01:30:03Z,0.766,19.1,827.9,0.00,0.00,0.00,0.00,1.33
2026-08-24T01:30:04Z,0.718,17.9,822.9,0.00,0.00,0.00,0.00,1.33
2026-08-24T01:30:05Z,0.727,18.2,825.4,0.00,0.01,0.00,0.00,1.33
2026-08-24T01:30:06Z,0.649,16.2,827.6,0.00,0.00,0.00,0.00,1.30
2026-08-24T01:30:07Z,0.648,16.2,826.3,0.00,0.00,0.00,0.00,1.30
2026-08-24T01:30:08Z,0.743,18.6,823.2,0.00,0.00,0.00,0.00,1.30
2026-08-24T01:30:09Z,0.706,17.6,824.9,0.00,0.25,0.00,0.00,1.30
2026-08-24T01:30:10Z,0.698,17.4,828.1,0.00,0.00,0.00,0.00,1.30
2026-08-24T01:30:11Z,0.699,17.5,821.6,0.00,0.00,0.00,0.00,1.20
2026-08-24T01:30:12Z,0.755,18.9,825.2,0.00,0.00,0.00,0.00,1.20
2026-08-24T01:30:13Z,0.698,17.4,824.6,0.00,0.01,0.00,0.00,1.20
2026-08-24T01:30:14Z,0.699,17.5,826.9,0.00,0.00,0.00,0.00,1.20
2026-08-24T01:30:15Z,0.707,17.7,828.3,0.00,0.00,0.00,0.00,1.20
2026-08-24T01:30:16Z,0.688,17.2,830.3,0.00,0.00,0.00,0.00,1.42
2026-08-24T01:30:17Z,0.727,18.2,824.4,0.00,0.12,0.00,0.00,1.42
2026-08-24T01:30:18Z,0.786,19.7,827.0,0.00,0.00,0.00,0.00,1.42
2026-08-24T01:30:19Z,0.745,18.6,829.7,0.00,0.00,0.00,0.00,1.42
2026-08-24T01:30:20Z,0.738,18.4,831.9,0.00,0.00,0.00,0.00,1.63
2026-08-24T01:30:21Z,0.716,17.9,833.3,0.00,0.00,0.00,0.00,1.63
2026-08-24T01:30:22Z,0.697,17.4,833.0,0.00,0.16,0.00,0.00,1.63
2026-08-24T01:30:23Z,0.660,16.5,825.3,0.00,0.00,0.00,0.00,1.63
2026-08-24T01:30:24Z,0.688,17.2,825.1,0.00,0.10,0.00,0.00,1.63
2026-08-24T01:30:25Z,0.668,16.7,818.6,0.00,0.00,0.00,0.00,1.50
2026-08-24T01:30:26Z,0.680,17.0,819.6,0.00,0.00,0.00,0.00,1.50
2026-08-24T01:30:27Z,0.717,17.9,821.1,0.00,0.02,0.00,0.00,1.50
2026-08-24T01:30:28Z,0.679,17.0,821.1,0.00,0.00,0.00,0.00,1.50
2026-08-24T01:30:29Z,0.708,17.7,823.8,0.00,0.14,0.00,0.00,1.50
2026-08-24T01:30:30Z,0.708,17.7,823.4,0.00,0.00,0.00,0.00,1.38
2026-08-24T01:30:32Z,0.706,17.6,825.3,0.00,0.00,0.00,0.00,1.38
2026-08-24T01:30:33Z,0.688,17.2,819.5,0.00,0.00,0.00,0.00,1.38
2026-08-24T01:30:34Z,0.668,16.7,821.9,0.00,0.00,0.00,0.00,1.38
2026-08-24T01:30:35Z,0.784,19.6,824.6,0.00,0.00,0.00,0.00,1.38
2026-08-24T01:30:36Z,0.639,16.0,827.8,0.00,0.00,0.00,0.00,1.51
2026-08-24T01:30:37Z,0.709,17.7,830.3,0.00,0.00,0.00,0.00,1.51
2026-08-24T01:30:38Z,0.688,17.2,833.3,0.00,0.12,0.00,0.00,1.51
2026-08-24T01:30:39Z,0.686,17.2,833.1,0.00,0.00,0.00,0.00,1.51
2026-08-24T01:30:40Z,0.744,18.6,828.0,0.00,0.00,0.00,0.00,1.51
2026-08-24T01:30:41Z,0.725,18.1,829.6,0.00,0.00,0.00,0.00,1.39
2026-08-24T01:30:42Z,0.746,18.6,817.6,0.00,0.00,0.00,0.00,1.39
2026-08-24T01:30:43Z,0.755,18.9,820.3,0.00,0.00,0.00,0.00,1.39
2026-08-24T01:30:44Z,0.723,18.1,822.7,0.00,0.00,0.00,0.00,1.39
2026-08-24T01:30:45Z,0.734,18.4,821.0,0.00,0.15,0.00,0.00,1.39
2026-08-24T01:30:46Z,0.686,17.2,820.3,0.00,0.00,0.00,0.00,1.27
2026-08-24T01:30:47Z,0.717,17.9,823.2,0.00,0.00,0.00,0.00,1.27
2026-08-24T01:30:48Z,0.640,16.0,825.2,0.00,0.00,0.00,0.00,1.27
2026-08-24T01:30:49Z,0.698,17.4,823.4,0.00,0.00,0.00,0.00,1.27
2026-08-24T01:30:50Z,0.687,17.2,826.4,0.00,0.00,0.00,0.00,1.25
2026-08-24T01:30:51Z,0.687,17.2,825.4,0.00,0.00,0.00,0.00,1.25
2026-08-24T01:30:52Z,0.698,17.4,826.6,0.00,0.00,0.00,0.00,1.25
2026-08-24T01:30:53Z,0.708,17.7,827.8,0.00,0.05,0.00,0.00,1.25
2026-08-24T01:30:54Z,0.764,19.1,827.0,0.00,0.00,0.00,0.00,1.25
2026-08-24T01:30:55Z,0.767,19.2,825.3,0.00,0.00,0.00,0.00,1.23
2026-08-24T01:30:56Z,0.727,18.2,826.1,0.00,0.00,0.00,0.00,1.23
2026-08-24T01:30:57Z,0.726,18.1,829.0,0.00,0.00,0.00,0.00,1.23
2026-08-24T01:30:58Z,0.715,17.9,829.6,0.00,0.02,0.00,0.00,1.23
2026-08-24T01:30:59Z,0.679,17.0,831.0,0.00,0.11,0.00,0.00,1.23
2026-08-24T01:31:00Z,0.696,17.4,830.3,0.00,0.00,0.00,0.00,1.37
2026-08-24T01:31:01Z,0.756,18.9,822.4,0.00,0.00,0.00,0.00,1.37
2026-08-24T01:31:02Z,0.774,19.4,824.8,0.00,0.00,0.00,0.00,1.37
2026-08-24T01:31:04Z,0.694,17.3,825.4,0.00,0.00,0.00,0.00,1.37
2026-08-24T01:31:05Z,0.688,17.2,824.9,0.00,0.00,0.00,0.00,1.37
2026-08-24T01:31:06Z,0.757,18.9,827.9,0.00,0.00,0.00,0.00,2.79
2026-08-24T01:31:07Z,0.726,18.1,831.1,0.00,0.00,0.00,0.00,2.79
2026-08-24T01:31:08Z,0.679,17.0,830.7,0.00,0.11,0.00,0.00,2.79
2026-08-24T01:31:09Z,0.650,16.2,832.2,0.00,0.00,0.00,0.00,2.79
2026-08-24T01:31:10Z,0.715,17.9,831.5,0.00,0.00,0.00,0.00,2.79
2026-08-24T01:31:11Z,0.688,17.2,832.8,0.00,0.00,0.00,0.00,2.56
2026-08-24T01:31:12Z,0.705,17.6,832.3,0.00,0.01,0.00,0.00,2.56
2026-08-24T01:31:13Z,0.735,18.4,832.8,0.00,0.00,0.00,0.00,2.56
2026-08-24T01:31:14Z,0.717,17.9,834.6,0.00,0.00,0.00,0.00,2.56
2026-08-24T01:31:15Z,0.736,18.4,835.2,0.00,0.00,0.00,0.00,2.56
2026-08-24T01:31:16Z,0.746,18.6,837.6,0.00,0.00,0.00,0.00,2.52
2026-08-24T01:31:17Z,0.678,17.0,823.5,0.00,0.00,0.00,0.00,2.52
2026-08-24T01:31:18Z,0.726,18.1,826.7,0.00,0.00,0.00,0.00,2.52
2026-08-24T01:31:19Z,0.648,16.2,829.4,0.00,0.00,0.00,0.00,2.52
2026-08-24T01:31:20Z,0.669,16.7,825.9,0.00,0.00,0.00,0.00,2.52
2026-08-24T01:31:21Z,0.667,16.7,826.6,0.00,0.00,0.00,0.00,2.56
2026-08-24T01:31:22Z,0.679,17.0,829.3,0.00,0.14,0.00,0.00,2.56
2026-08-24T01:31:23Z,0.736,18.4,830.0,0.00,0.00,0.00,0.00,2.56
2026-08-24T01:31:24Z,0.716,17.9,831.7,0.00,0.04,0.00,0.00,2.56
2026-08-24T01:31:25Z,0.679,17.0,833.2,0.00,0.00,0.00,0.00,2.43
2026-08-24T01:31:26Z,0.746,18.6,835.6,0.00,0.00,0.00,0.00,2.43
2026-08-24T01:31:27Z,0.698,17.4,835.0,0.00,0.00,0.00,0.00,2.43
2026-08-24T01:31:28Z,0.679,17.0,836.0,0.00,0.00,0.00,0.00,2.43
2026-08-24T01:31:29Z,0.716,17.9,835.4,0.00,0.15,0.00,0.00,2.43
2026-08-24T01:31:30Z,0.705,17.6,833.6,0.00,0.00,0.00,0.00,2.24
2026-08-24T01:31:31Z,0.667,16.7,831.5,0.00,0.00,0.00,0.00,2.24
2026-08-24T01:31:32Z,0.630,15.8,831.7,0.00,0.00,0.00,0.00,2.24
2026-08-24T01:31:33Z,0.700,17.5,832.0,0.00,0.00,0.00,0.00,2.24
2026-08-24T01:31:35Z,0.696,17.4,830.6,0.00,0.00,0.00,0.00,2.24
2026-08-24T01:31:36Z,0.687,17.2,819.9,0.00,0.14,0.00,0.00,2.06
2026-08-24T01:31:37Z,0.658,16.4,820.5,0.00,0.00,0.00,0.00,2.06
2026-08-24T01:31:38Z,0.678,17.0,822.2,0.00,0.00,0.00,0.00,2.06
2026-08-24T01:31:39Z,0.697,17.4,823.8,0.00,0.00,0.00,0.00,2.06
2026-08-24T01:31:40Z,0.697,17.4,820.0,0.00,0.00,0.00,0.00,2.06
2026-08-24T01:31:41Z,0.697,17.4,821.9,0.00,0.00,0.00,0.00,1.89
2026-08-24T01:31:42Z,0.735,18.4,822.7,0.00,0.00,0.00,0.00,1.89
2026-08-24T01:31:43Z,0.804,20.1,821.3,0.00,0.00,0.00,0.00,1.89
2026-08-24T01:31:44Z,0.753,18.8,822.0,0.00,0.00,0.00,0.00,1.89
2026-08-24T01:31:45Z,0.735,18.4,818.7,0.00,0.00,0.00,0.00,1.89
2026-08-24T01:31:46Z,0.726,18.1,817.8,0.00,0.11,0.00,0.00,1.74
2026-08-24T01:31:47Z,0.724,18.1,820.4,0.00,0.00,0.00,0.00,1.74
2026-08-24T01:31:48Z,0.772,19.3,822.4,0.00,0.01,0.00,0.00,1.74
2026-08-24T01:31:49Z,0.720,18.0,822.2,0.00,0.00,0.00,0.00,1.74
2026-08-24T01:31:50Z,0.725,18.1,823.4,0.00,0.00,0.00,0.00,1.74
2026-08-24T01:31:51Z,0.621,15.5,820.5,0.00,0.00,0.00,0.00,1.60
2026-08-24T01:31:52Z,0.688,17.2,820.9,0.00,0.00,0.00,0.00,1.60
2026-08-24T01:31:53Z,0.756,18.9,822.7,0.00,0.00,0.00,0.00,1.60
2026-08-24T01:31:54Z,0.754,18.9,823.2,0.00,0.00,0.00,0.00,1.60
2026-08-24T01:31:55Z,0.774,19.4,825.6,0.00,0.05,0.00,0.00,1.47
2026-08-24T01:31:56Z,0.677,16.9,828.8,0.00,0.00,0.00,0.00,1.47
2026-08-24T01:31:57Z,0.707,17.7,828.1,0.00,0.00,0.00,0.00,1.47
2026-08-24T01:31:58Z,0.812,20.3,828.4,0.00,0.12,0.00,0.00,1.47
2026-08-24T01:31:59Z,0.696,17.4,828.3,0.00,0.00,0.00,0.00,1.47
2026-08-24T01:32:00Z,0.698,17.4,826.0,0.00,0.03,0.00,0.00,1.51
2026-08-24T01:32:01Z,0.780,19.5,825.2,0.00,0.00,0.00,0.00,1.51
2026-08-24T01:32:02Z,0.764,19.1,826.2,0.00,0.00,0.00,0.00,1.51
2026-08-24T01:32:03Z,0.676,16.9,823.2,0.00,0.00,0.00,0.00,1.51
2026-08-24T01:32:04Z,0.784,19.6,817.4,0.00,0.00,0.00,0.00,1.51
2026-08-24T01:32:06Z,0.687,17.2,817.8,0.00,0.00,0.00,0.00,1.55
2026-08-24T01:32:07Z,0.706,17.6,821.3,0.00,0.00,0.00,0.00,1.55
2026-08-24T01:32:08Z,0.735,18.4,821.0,0.00,0.00,0.00,0.00,1.55
2026-08-24T01:32:09Z,0.745,18.6,823.4,0.00,0.00,0.00,0.00,1.55
2026-08-24T01:32:10Z,0.747,18.7,825.9,0.00,0.00,0.00,0.00,1.55
2026-08-24T01:32:11Z,0.776,19.4,827.3,0.00,0.12,0.00,0.00,2.55
2026-08-24T01:32:12Z,0.737,18.4,826.0,0.00,0.00,0.00,0.00,2.55
2026-08-24T01:32:13Z,0.754,18.9,827.4,0.00,0.00,0.00,0.00,2.55
2026-08-24T01:32:14Z,0.736,18.4,829.0,0.00,0.00,0.00,0.00,2.55
2026-08-24T01:32:15Z,0.718,17.9,821.8,0.00,0.01,0.00,0.00,2.55
2026-08-24T01:32:16Z,0.631,15.8,823.4,0.00,0.00,0.00,0.00,2.35
2026-08-24T01:32:17Z,0.698,17.4,824.9,0.00,0.00,0.00,0.00,2.35
2026-08-24T01:32:18Z,0.695,17.4,825.7,0.00,0.00,0.00,0.00,2.35
2026-08-24T01:32:19Z,0.727,18.2,827.1,0.00,0.00,0.00,0.00,2.35
2026-08-24T01:32:20Z,0.671,16.8,829.1,0.00,0.12,0.00,0.00,2.35
2026-08-24T01:32:21Z,0.726,18.1,821.9,0.00,0.00,0.00,0.00,2.40
2026-08-24T01:32:22Z,0.717,17.9,819.6,0.00,0.00,0.00,0.00,2.40
2026-08-24T01:32:23Z,0.704,17.6,822.0,0.00,0.00,0.00,0.00,2.40
2026-08-24T01:32:24Z,0.678,17.0,824.5,0.00,0.00,0.00,0.00,2.40
2026-08-24T01:32:25Z,0.661,16.5,826.9,0.00,0.18,0.00,0.00,2.21
2026-08-24T01:32:26Z,0.744,18.6,826.2,0.00,0.00,0.00,0.00,2.21
2026-08-24T01:32:27Z,0.697,17.4,829.3,0.00,0.00,0.00,0.00,2.21
2026-08-24T01:32:28Z,0.707,17.7,827.5,0.00,0.00,0.00,0.00,2.21
2026-08-24T01:32:29Z,0.744,18.6,829.4,0.00,0.00,0.00,0.00,2.21
2026-08-24T01:32:30Z,0.688,17.2,831.1,0.00,0.02,0.00,0.00,2.03
2026-08-24T01:32:31Z,0.812,20.3,830.7,0.00,0.00,0.00,0.00,2.03
2026-08-24T01:32:32Z,0.745,18.6,832.1,0.00,0.11,0.00,0.00,2.03
2026-08-24T01:32:33Z,0.717,17.9,830.6,0.00,0.00,0.00,0.00,2.03
2026-08-24T01:32:34Z,0.737,18.4,831.0,0.00,0.00,0.00,0.00,2.03
2026-08-24T01:32:35Z,0.660,16.5,821.0,0.00,0.00,0.00,0.00,1.87
2026-08-24T01:32:36Z,0.737,18.4,821.2,0.00,0.00,0.00,0.00,1.87
2026-08-24T01:32:38Z,0.715,17.9,823.4,0.00,0.00,0.00,0.00,1.87
2026-08-24T01:32:39Z,0.728,18.2,824.9,0.00,0.00,0.00,0.00,1.87
2026-08-24T01:32:40Z,0.717,17.9,827.0,0.00,0.00,0.00,0.00,1.87
2026-08-24T01:32:41Z,0.785,19.6,828.7,0.00,0.00,0.00,0.00,1.72
2026-08-24T01:32:42Z,0.728,18.2,829.0,0.00,0.00,0.00,0.00,1.72
2026-08-24T01:32:43Z,0.786,19.7,828.9,0.00,0.00,0.00,0.00,1.72
2026-08-24T01:32:44Z,0.728,18.2,829.2,0.00,0.00,0.00,0.00,1.72
2026-08-24T01:32:45Z,0.737,18.4,829.4,0.00,0.00,0.00,0.00,1.72
2026-08-24T01:32:46Z,0.767,19.2,827.3,0.00,0.00,0.00,0.00,2.30
2026-08-24T01:32:47Z,0.727,18.2,829.2,0.00,0.00,0.00,0.00,2.30
2026-08-24T01:32:48Z,0.773,19.3,828.5,0.00,0.00,0.00,0.00,2.30
2026-08-24T01:32:49Z,0.736,18.4,827.7,0.00,0.00,0.00,0.00,2.30
2026-08-24T01:32:50Z,0.737,18.4,829.1,0.00,0.01,0.00,0.00,2.30
2026-08-24T01:32:51Z,0.746,18.6,830.3,0.00,0.00,0.00,0.00,2.20
2026-08-24T01:32:52Z,0.737,18.4,829.6,0.00,0.00,0.00,0.00,2.20
2026-08-24T01:32:53Z,0.717,17.9,831.2,0.00,0.00,0.00,0.00,2.20
2026-08-24T01:32:54Z,0.735,18.4,831.9,0.00,0.00,0.00,0.00,2.20
2026-08-24T01:32:55Z,0.756,18.9,820.6,0.00,0.00,0.00,0.00,2.20
2026-08-24T01:32:56Z,0.746,18.6,822.5,0.00,0.03,0.00,0.00,2.10
2026-08-24T01:32:57Z,0.718,17.9,825.0,0.00,0.22,0.00,0.00,2.10
2026-08-24T01:32:58Z,0.708,17.7,827.9,0.00,0.00,0.00,0.00,2.10
2026-08-24T01:32:59Z,0.725,18.1,825.8,0.00,0.00,0.00,0.00,2.10
2026-08-24T01:33:00Z,0.715,17.9,828.7,0.00,0.00,0.00,0.00,1.93
2026-08-24T01:33:01Z,0.717,17.9,830.7,0.00,0.02,0.00,0.00,1.93
2026-08-24T01:33:02Z,0.726,18.1,832.5,0.00,0.00,0.00,0.00,1.93
2026-08-24T01:33:03Z,0.679,17.0,831.2,0.00,0.00,0.00,0.00,1.93
2026-08-24T01:33:04Z,0.661,16.5,832.0,0.00,0.00,0.00,0.00,1.93
2026-08-24T01:33:05Z,0.660,16.5,830.5,0.00,0.00,0.00,0.00,2.10
2026-08-24T01:33:06Z,0.688,17.2,831.0,0.00,0.00,0.00,0.00,2.10
2026-08-24T01:33:07Z,0.708,17.7,830.2,0.00,0.03,0.00,0.00,2.10
2026-08-24T01:33:08Z,0.756,18.9,831.5,0.00,0.00,0.00,0.00,2.10
2026-08-24T01:33:10Z,0.717,17.9,830.9,0.00,0.00,0.00,0.00,2.10
2026-08-24T01:33:11Z,0.727,18.2,831.5,0.00,0.00,0.00,0.00,2.41
2026-08-24T01:33:12Z,0.764,19.1,831.0,0.00,0.00,0.00,0.00,2.41
2026-08-24T01:33:13Z,0.697,17.4,832.3,0.00,0.01,0.00,0.00,2.41
2026-08-24T01:33:14Z,0.699,17.5,830.7,0.00,0.00,0.00,0.00,2.41
2026-08-24T01:33:15Z,0.688,17.2,823.1,0.00,0.00,0.00,0.00,2.41
2026-08-24T01:33:16Z,0.747,18.7,824.3,0.00,0.00,0.00,0.00,2.22
2026-08-24T01:33:17Z,0.706,17.6,824.8,0.00,0.00,0.00,0.00,2.22
2026-08-24T01:33:18Z,0.781,19.5,825.6,0.00,0.15,0.00,0.00,2.22
2026-08-24T01:33:19Z,0.705,17.6,827.2,0.00,0.00,0.00,0.00,2.22
2026-08-24T01:33:20Z,0.717,17.9,823.9,0.00,0.00,0.00,0.00,2.22
2026-08-24T01:33:21Z,0.736,18.4,827.8,0.00,0.01,0.00,0.00,2.52
2026-08-24T01:33:22Z,0.699,17.5,829.1,0.00,0.00,0.00,0.00,2.52
2026-08-24T01:33:23Z,0.698,17.4,831.5,0.00,0.00,0.00,0.00,2.52
2026-08-24T01:33:24Z,0.679,17.0,830.7,0.00,0.00,0.00,0.00,2.52
2026-08-24T01:33:25Z,0.735,18.4,830.6,0.00,0.00,0.00,0.00,2.52
2026-08-24T01:33:26Z,0.735,18.4,831.9,0.00,0.00,0.00,0.00,3.04
2026-08-24T01:33:27Z,0.746,18.6,830.5,0.00,0.00,0.00,0.00,3.04
2026-08-24T01:33:28Z,0.667,16.7,829.9,0.00,0.00,0.00,0.00,3.04
2026-08-24T01:33:29Z,0.718,17.9,821.8,0.00,0.00,0.00,0.00,3.04
2026-08-24T01:33:30Z,0.686,17.2,822.6,0.00,0.16,0.00,0.00,3.44
2026-08-24T01:33:31Z,0.707,17.7,824.2,0.00,0.00,0.00,0.00,3.44
2026-08-24T01:33:32Z,0.716,17.9,822.3,0.00,0.00,0.00,0.00,3.44
2026-08-24T01:33:33Z,0.744,18.6,823.3,0.00,0.00,0.00,0.00,3.44
2026-08-24T01:33:34Z,0.679,17.0,820.3,0.00,0.00,0.00,0.00,3.44
2026-08-24T01:33:35Z,0.668,16.7,822.4,0.00,0.00,0.00,0.00,3.72
2026-08-24T01:33:36Z,0.698,17.4,822.5,0.00,0.00,0.00,0.00,3.72
2026-08-24T01:33:37Z,0.727,18.2,825.1,0.00,0.05,0.00,0.00,3.72
2026-08-24T01:33:38Z,0.688,17.2,825.8,0.00,0.00,0.00,0.00,3.72
2026-08-24T01:33:39Z,0.717,17.9,825.4,0.00,0.00,0.00,0.00,3.72
2026-08-24T01:33:40Z,0.698,17.4,828.1,0.00,0.00,0.00,0.00,3.74
2026-08-24T01:33:42Z,0.717,17.9,827.2,0.00,0.12,0.00,0.00,3.74
2026-08-24T01:33:43Z,0.718,17.9,829.1,0.00,0.03,0.00,0.00,3.74
2026-08-24T01:33:44Z,0.727,18.2,832.0,0.00,0.00,0.00,0.00,3.74
2026-08-24T01:33:45Z,0.688,17.2,833.3,0.00,0.00,0.00,0.00,3.74
2026-08-24T01:33:46Z,0.679,17.0,820.1,0.00,0.00,0.00,0.00,3.52
2026-08-24T01:33:47Z,0.698,17.4,822.6,0.00,0.00,0.00,0.00,3.52
2026-08-24T01:33:48Z,0.709,17.7,823.5,0.00,0.00,0.00,0.00,3.52
2026-08-24T01:33:49Z,0.707,17.7,825.4,0.00,0.00,0.00,0.00,3.52
2026-08-24T01:33:50Z,0.697,17.4,826.4,0.00,0.00,0.00,0.00,3.52
2026-08-24T01:33:51Z,0.715,17.9,827.1,0.00,0.00,0.00,0.00,3.48
2026-08-24T01:33:52Z,0.698,17.4,829.3,0.00,0.00,0.00,0.00,3.48
2026-08-24T01:33:53Z,0.688,17.2,827.7,0.00,0.00,0.00,0.00,3.48
2026-08-24T01:33:54Z,0.697,17.4,825.4,0.00,0.00,0.00,0.00,3.48
2026-08-24T01:33:55Z,0.715,17.9,826.5,0.00,0.00,0.00,0.00,3.48
2026-08-24T01:33:56Z,0.715,17.9,826.6,0.00,0.00,0.00,0.00,3.68
2026-08-24T01:33:57Z,0.686,17.2,824.6,0.00,0.00,0.00,0.00,3.68
2026-08-24T01:33:58Z,0.715,17.9,825.8,0.00,0.16,0.00,0.00,3.68
2026-08-24T01:33:59Z,0.696,17.4,826.4,0.00,0.00,0.00,0.00,3.68
2026-08-24T01:34:00Z,0.706,17.6,827.8,0.00,0.00,0.00,0.00,4.75
2026-08-24T01:34:01Z,0.678,17.0,827.0,0.00,0.00,0.00,0.00,4.75
2026-08-24T01:34:02Z,0.725,18.1,827.8,0.00,0.00,0.00,0.00,4.75
2026-08-24T01:34:03Z,0.707,17.7,827.5,0.00,0.00,0.00,0.00,4.75
2026-08-24T01:34:04Z,0.658,16.4,825.3,0.00,0.00,0.00,0.00,4.75
2026-08-24T01:34:05Z,0.756,18.9,822.0,0.00,0.00,0.00,0.00,4.77
2026-08-24T01:34:06Z,0.667,16.7,822.2,0.00,0.00,0.00,0.00,4.77
2026-08-24T01:34:07Z,0.657,16.4,817.4,0.00,0.03,0.00,0.00,4.77
2026-08-24T01:34:08Z,0.725,18.1,818.6,0.00,0.00,0.00,0.00,4.77
2026-08-24T01:34:09Z,0.707,17.7,819.9,0.00,0.00,0.00,0.00,4.77
2026-08-24T01:34:10Z,0.689,17.2,818.2,0.00,0.12,0.00,0.00,4.39
2026-08-24T01:34:11Z,0.688,17.2,819.5,0.00,0.00,0.00,0.00,4.39
2026-08-24T01:34:13Z,0.736,18.4,819.5,0.00,0.01,0.00,0.00,4.39
2026-08-24T01:34:14Z,0.734,18.4,820.0,0.00,0.00,0.00,0.00,4.39
2026-08-24T01:34:15Z,0.686,17.2,820.9,0.00,0.00,0.00,0.00,4.39
2026-08-24T01:34:16Z,0.695,17.4,821.3,0.00,0.00,0.00,0.00,4.12
2026-08-24T01:34:17Z,0.743,18.6,820.7,0.00,0.00,0.00,0.00,4.12
2026-08-24T01:34:18Z,0.676,16.9,821.7,0.00,0.00,0.00,0.00,4.12
2026-08-24T01:34:19Z,0.715,17.9,822.2,0.00,0.00,0.00,0.00,4.12
2026-08-24T01:34:20Z,0.657,16.4,816.6,0.00,0.01,0.00,0.00,4.12
2026-08-24T01:34:21Z,0.686,17.2,818.3,0.00,0.00,0.00,0.00,3.79
2026-08-24T01:34:22Z,0.677,16.9,820.5,0.00,0.00,0.00,0.00,3.79
2026-08-24T01:34:23Z,1.055,26.4,852.7,0.00,0.00,0.00,0.00,3.79
2026-08-24T01:34:24Z,0.780,19.5,850.6,0.00,0.01,0.00,0.00,3.79
2026-08-24T01:34:25Z,0.707,17.7,847.4,0.00,0.29,0.00,0.00,3.79
2026-08-24T01:34:26Z,0.724,18.1,845.9,0.00,0.00,0.00,0.00,3.88
2026-08-24T01:34:27Z,0.716,17.9,844.9,0.00,0.00,0.00,0.00,3.88
2026-08-24T01:34:28Z,0.679,17.0,842.1,0.00,0.00,0.00,0.00,3.88
2026-08-24T01:34:29Z,0.679,17.0,840.6,0.00,0.00,0.00,0.00,3.88
2026-08-24T01:34:30Z,0.678,17.0,832.3,0.00,0.00,0.00,0.00,3.88
2026-08-24T01:34:31Z,0.659,16.5,831.3,0.00,0.00,0.00,0.00,3.65
2026-08-24T01:34:32Z,0.688,17.2,832.3,0.00,0.00,0.00,0.00,3.65
2026-08-24T01:34:33Z,0.706,17.6,831.1,0.00,0.00,0.00,0.00,3.65
2026-08-24T01:34:34Z,0.687,17.2,830.0,0.00,0.00,0.00,0.00,3.65
2026-08-24T01:34:35Z,0.678,17.0,829.3,0.00,0.11,0.00,0.00,3.36
2026-08-24T01:34:36Z,0.698,17.4,830.7,0.00,0.00,0.00,0.00,3.36
2026-08-24T01:34:37Z,0.708,17.7,828.9,0.00,0.00,0.00,0.00,3.36
2026-08-24T01:34:38Z,0.667,16.7,830.1,0.00,0.07,0.00,0.00,3.36
2026-08-24T01:34:39Z,0.697,17.4,829.5,0.00,0.00,0.00,0.00,3.36
2026-08-24T01:34:40Z,0.649,16.2,819.8,0.00,0.00,0.00,0.00,3.25
2026-08-24T01:34:41Z,0.668,16.7,822.0,0.00,0.17,0.00,0.00,3.25
2026-08-24T01:34:42Z,0.680,17.0,823.1,0.00,0.00,0.00,0.00,3.25
2026-08-24T01:34:44Z,0.667,16.7,822.9,0.00,0.04,0.00,0.00,3.25
2026-08-24T01:34:45Z,0.700,17.5,824.2,0.00,0.00,0.00,0.00,3.25
2026-08-24T01:34:46Z,0.639,16.0,826.1,0.00,0.00,0.00,0.00,2.99
2026-08-24T01:34:47Z,0.657,16.4,827.7,0.00,0.00,0.00,0.00,2.99
2026-08-24T01:34:48Z,0.668,16.7,829.3,0.00,0.00,0.00,0.00,2.99
2026-08-24T01:34:49Z,0.610,15.2,830.1,0.00,0.00,0.00,0.00,2.99
2026-08-24T01:34:50Z,0.611,15.3,818.9,0.00,0.00,0.00,0.00,2.99
2026-08-24T01:34:51Z,0.669,16.7,820.5,0.00,0.45,0.00,0.00,2.75
2026-08-24T01:34:52Z,0.697,17.4,819.7,0.00,0.00,0.00,0.00,2.75
2026-08-24T01:34:53Z,0.717,17.9,818.0,0.00,0.00,0.00,0.00,2.75
2026-08-24T01:34:54Z,0.726,18.1,819.3,0.00,0.00,0.00,0.00,2.75
2026-08-24T01:34:55Z,0.726,18.1,820.6,0.00,0.16,0.00,0.00,2.75
2026-08-24T01:34:56Z,0.725,18.1,819.5,0.00,0.02,0.00,0.00,2.61
2026-08-24T01:34:57Z,0.669,16.7,821.3,0.00,0.00,0.00,0.00,2.61
2026-08-24T01:34:58Z,0.679,17.0,823.4,0.00,0.00,0.00,0.00,2.61
2026-08-24T01:34:59Z,0.695,17.4,826.9,0.00,0.00,0.00,0.00,2.61
2026-08-24T01:35:00Z,0.727,18.2,817.4,0.00,0.00,0.00,0.00,2.61
2026-08-24T01:35:01Z,0.688,17.2,818.1,0.00,0.11,0.00,0.00,2.40
2026-08-24T01:35:02Z,0.688,17.2,821.3,0.00,0.00,0.00,0.00,2.40
2026-08-24T01:35:03Z,0.707,17.7,823.5,0.00,0.00,0.00,0.00,2.40
2026-08-24T01:35:04Z,0.725,18.1,821.8,0.00,0.00,0.00,0.00,2.40
2026-08-24T01:35:05Z,0.655,16.4,823.3,0.00,0.18,0.00,0.00,2.21
2026-08-24T01:35:06Z,0.678,17.0,826.2,0.00,0.00,0.00,0.00,2.21
2026-08-24T01:35:07Z,0.602,15.0,828.9,0.00,0.00,0.00,0.00,2.21
2026-08-24T01:35:08Z,0.524,13.1,830.2,0.00,0.00,0.00,0.00,2.21
2026-08-24T01:35:09Z,0.263,6.6,830.6,0.00,0.00,0.00,0.00,2.21
2026-08-24T01:35:10Z,0.350,8.8,843.2,0.00,0.00,0.00,0.00,2.19
2026-08-24T01:35:11Z,0.263,6.6,860.6,0.00,0.00,0.00,0.00,2.19
2026-08-24T01:35:12Z,0.244,6.1,881.4,0.00,0.00,0.00,0.00,2.19
2026-08-24T01:35:13Z,0.272,6.8,900.8,0.00,0.00,0.00,0.00,2.19
2026-08-24T01:35:14Z,0.253,6.3,922.6,0.00,0.00,0.00,0.00,2.19
2026-08-24T01:35:15Z,0.634,15.8,972.4,0.00,0.12,0.00,0.00,2.18
2026-08-24T01:35:17Z,0.445,11.1,1016.1,0.00,0.00,0.00,0.00,2.18
2026-08-24T01:35:18Z,0.194,4.9,1023.5,0.00,0.00,0.00,0.00,2.18
2026-08-24T01:35:19Z,0.097,2.4,1026.4,0.00,0.00,0.00,0.00,2.18
2026-08-24T01:35:20Z,1.463,36.6,1036.7,0.00,0.00,0.00,0.00,2.18
2026-08-24T01:35:21Z,2.981,74.5,985.9,0.00,0.00,0.00,0.00,3.12
2026-08-24T01:35:22Z,3.113,77.8,919.7,0.00,0.05,0.00,0.00,3.12
2026-08-24T01:35:23Z,3.106,77.6,900.3,0.00,0.00,0.00,0.00,3.12
2026-08-24T01:35:24Z,3.096,77.4,897.4,0.00,0.00,0.00,0.00,3.12
2026-08-24T01:35:25Z,3.109,77.7,895.3,0.00,0.00,0.00,0.00,4.87
2026-08-24T01:35:26Z,3.183,79.6,891.0,0.00,0.14,0.00,0.00,4.87
2026-08-24T01:35:27Z,3.070,76.8,887.0,0.00,0.00,0.00,0.00,4.87
2026-08-24T01:35:29Z,3.142,78.5,885.2,0.00,0.00,0.00,0.00,4.87
2026-08-24T01:35:30Z,3.019,75.5,887.1,0.00,0.00,0.00,0.00,4.87
2026-08-24T01:35:31Z,3.042,76.0,886.8,0.00,0.00,0.00,0.00,5.12
2026-08-24T01:35:32Z,3.117,77.9,885.3,0.00,0.01,0.00,0.00,5.12
2026-08-24T01:35:33Z,3.137,78.4,885.4,0.00,0.00,0.00,0.00,5.12
2026-08-24T01:35:34Z,3.059,76.5,886.3,0.00,0.10,0.00,0.00,5.12
2026-08-24T01:35:35Z,3.143,78.6,884.3,0.00,0.00,0.00,0.00,5.76
2026-08-24T01:35:36Z,3.210,80.2,877.0,0.00,0.00,0.00,0.00,5.76
2026-08-24T01:35:38Z,3.014,75.3,876.0,0.00,0.00,0.00,0.00,5.76
2026-08-24T01:35:39Z,3.205,80.1,874.8,0.00,0.00,0.00,0.00,5.76
2026-08-24T01:35:40Z,3.068,76.7,874.3,0.00,0.00,0.00,0.00,5.76
2026-08-24T01:35:41Z,3.118,78.0,875.3,0.00,0.00,0.00,0.00,7.86
2026-08-24T01:35:42Z,3.139,78.5,873.8,0.00,0.10,0.00,0.00,7.86
2026-08-24T01:35:43Z,3.070,76.8,872.0,0.00,0.00,0.00,0.00,7.86
2026-08-24T01:35:44Z,3.133,78.3,863.5,0.00,0.00,0.00,0.00,7.86
2026-08-24T01:35:46Z,3.086,77.1,862.7,0.00,0.00,0.00,0.00,8.67
2026-08-24T01:35:47Z,3.175,79.4,864.3,0.00,0.00,0.00,0.00,8.67
2026-08-24T01:35:48Z,3.060,76.5,864.5,0.00,0.00,0.00,0.00,8.67
2026-08-24T01:35:49Z,3.105,77.6,863.8,0.00,0.13,0.00,0.00,8.67
2026-08-24T01:35:50Z,3.079,77.0,863.6,0.00,0.00,0.00,0.00,9.82
2026-08-24T01:35:51Z,3.060,76.5,865.4,0.00,0.04,0.00,0.00,9.82
2026-08-24T01:35:52Z,3.157,78.9,867.0,0.00,0.00,0.00,0.00,9.82
2026-08-24T01:35:53Z,3.205,80.1,867.7,0.00,0.00,0.00,0.00,9.82
2026-08-24T01:35:55Z,3.163,79.1,866.4,0.00,0.00,0.00,0.00,9.82
2026-08-24T01:35:56Z,3.272,81.8,865.1,0.00,0.00,0.00,0.00,10.55
2026-08-24T01:35:57Z,3.212,80.3,864.6,0.00,0.12,0.00,0.00,10.55
2026-08-24T01:35:58Z,3.251,81.3,867.4,0.00,0.00,0.00,0.00,10.55
2026-08-24T01:35:59Z,3.174,79.3,867.4,0.00,0.00,0.00,0.00,10.55
2026-08-24T01:36:00Z,3.037,75.9,864.4,0.00,0.00,0.00,0.00,11.95
2026-08-24T01:36:01Z,3.097,77.4,866.4,0.00,0.00,0.00,0.00,11.95
2026-08-24T01:36:03Z,3.142,78.5,869.3,0.00,0.00,0.00,0.00,11.95
2026-08-24T01:36:04Z,3.088,77.2,869.8,0.00,0.00,0.00,0.00,11.95
2026-08-24T01:36:05Z,3.086,77.1,871.4,0.00,0.00,0.00,0.00,11.95
2026-08-24T01:36:06Z,3.019,75.5,873.1,0.00,0.10,0.00,0.00,13.48
2026-08-24T01:36:07Z,3.204,80.1,875.5,0.00,0.00,0.00,0.00,13.48
2026-08-24T01:36:08Z,2.932,73.3,875.0,0.00,0.00,0.00,0.00,13.48
2026-08-24T01:36:09Z,3.095,77.4,874.2,0.00,0.00,0.00,0.00,13.48
2026-08-24T01:36:10Z,3.060,76.5,872.6,0.00,0.00,0.00,0.00,14.24
2026-08-24T01:36:12Z,3.132,78.3,874.4,0.00,0.00,0.00,0.00,14.24
2026-08-24T01:36:13Z,3.099,77.5,876.1,0.00,0.00,0.00,0.00,14.24
2026-08-24T01:36:14Z,3.036,75.9,874.7,0.00,0.00,0.00,0.00,14.24
2026-08-24T01:36:15Z,3.112,77.8,877.3,0.00,0.00,0.00,0.00,14.24
2026-08-24T01:36:16Z,3.123,78.1,878.6,0.00,0.00,0.00,0.00,14.06
2026-08-24T01:36:17Z,3.167,79.2,878.9,0.00,0.00,0.00,0.00,14.06
2026-08-24T01:36:18Z,3.156,78.9,880.2,0.00,0.00,0.00,0.00,14.06
2026-08-24T01:36:19Z,3.144,78.6,879.9,0.00,0.10,0.00,0.00,14.06
2026-08-24T01:36:21Z,3.046,76.1,872.1,0.00,0.00,0.00,0.00,13.17
2026-08-24T01:36:22Z,3.024,75.6,868.9,0.00,0.03,0.00,0.00,13.17
2026-08-24T01:36:23Z,3.083,77.1,870.1,0.00,0.00,0.00,0.00,13.17
2026-08-24T01:36:24Z,3.091,77.3,869.5,0.00,0.00,0.00,0.00,13.17
2026-08-24T01:36:25Z,3.190,79.8,869.1,0.00,0.00,0.00,0.00,14.76
2026-08-24T01:36:26Z,3.167,79.2,870.0,0.00,0.10,0.00,0.00,14.76
2026-08-24T01:36:27Z,3.087,77.2,868.1,0.00,0.01,0.00,0.00,14.76
2026-08-24T01:36:29Z,3.050,76.2,869.2,0.00,0.00,0.00,0.00,14.76
2026-08-24T01:36:30Z,3.069,76.7,867.6,0.00,0.01,0.00,0.00,14.76
2026-08-24T01:36:31Z,3.014,75.3,866.3,0.00,0.00,0.00,0.00,15.82
2026-08-24T01:36:32Z,3.108,77.7,866.8,0.00,0.11,0.00,0.00,15.82
2026-08-24T01:36:33Z,3.127,78.2,858.6,0.00,0.00,0.00,0.00,15.82
2026-08-24T01:36:34Z,3.128,78.2,857.9,0.00,0.00,0.00,0.00,15.82
2026-08-24T01:36:35Z,3.189,79.7,860.2,0.00,0.01,0.00,0.00,16.40
2026-08-24T01:36:36Z,3.121,78.0,860.7,0.00,0.00,0.00,0.00,16.40
2026-08-24T01:36:37Z,3.151,78.8,860.8,0.00,0.00,0.00,0.00,16.40
2026-08-24T01:36:39Z,3.166,79.1,861.2,0.00,0.11,0.00,0.00,16.40
2026-08-24T01:36:40Z,3.141,78.5,864.7,0.00,0.00,0.00,0.00,16.40
2026-08-24T01:36:41Z,3.089,77.2,864.5,0.00,0.00,0.00,0.00,15.08
2026-08-24T01:36:42Z,3.146,78.6,860.5,0.00,0.00,0.00,0.00,15.08
2026-08-24T01:36:43Z,3.057,76.4,862.7,0.00,0.00,0.00,0.00,15.08
2026-08-24T01:36:44Z,3.100,77.5,863.1,0.00,0.00,0.00,0.00,15.08
2026-08-24T01:36:45Z,3.115,77.9,864.0,0.00,0.00,0.00,0.00,14.44
2026-08-24T01:36:46Z,3.254,81.3,865.1,0.00,0.00,0.00,0.00,14.44
2026-08-24T01:36:48Z,3.124,78.1,862.2,0.00,0.10,0.00,0.00,14.44
2026-08-24T01:36:49Z,3.157,78.9,861.2,0.00,0.00,0.00,0.00,14.44
2026-08-24T01:36:50Z,3.051,76.3,839.6,0.00,0.00,0.00,0.00,14.44
2026-08-24T01:36:51Z,3.086,77.1,840.5,0.00,0.00,0.00,0.00,14.80
2026-08-24T01:36:52Z,3.041,76.0,839.7,0.00,0.00,0.00,0.00,14.80
2026-08-24T01:36:53Z,3.125,78.1,840.0,0.00,0.04,0.00,0.00,14.80
2026-08-24T01:36:54Z,3.185,79.6,837.1,0.00,0.00,0.00,0.00,14.80
2026-08-24T01:36:55Z,3.162,79.0,835.3,0.00,0.14,0.00,0.00,14.74
2026-08-24T01:36:57Z,3.138,78.5,836.4,0.00,0.00,0.00,0.00,14.74
2026-08-24T01:36:58Z,3.132,78.3,834.8,0.00,0.02,0.00,0.00,14.74
2026-08-24T01:36:59Z,3.102,77.5,833.6,0.00,0.00,0.00,0.00,14.74
2026-08-24T01:37:00Z,3.049,76.2,832.0,0.00,0.00,0.00,0.00,14.74
2026-08-24T01:37:01Z,3.034,75.8,834.8,0.00,0.00,0.00,0.00,16.44
2026-08-24T01:37:02Z,3.126,78.1,837.0,0.00,0.10,0.00,0.00,16.44
2026-08-24T01:37:03Z,3.127,78.2,832.7,0.00,0.00,0.00,0.00,16.44
2026-08-24T01:37:04Z,3.054,76.3,828.0,0.00,0.00,0.00,0.00,16.44
2026-08-24T01:37:06Z,3.109,77.7,828.1,0.00,0.00,0.00,0.00,17.05
2026-08-24T01:37:07Z,3.080,77.0,828.2,0.00,0.00,0.00,0.00,17.05
2026-08-24T01:37:08Z,3.127,78.2,829.2,0.00,0.13,0.00,0.00,17.05
2026-08-24T01:37:09Z,3.046,76.1,829.0,0.00,0.00,0.00,0.00,17.05
2026-08-24T01:37:10Z,3.045,76.1,830.0,0.00,0.00,0.00,0.00,18.32
2026-08-24T01:37:11Z,3.133,78.3,827.3,0.00,0.00,0.00,0.00,18.32
2026-08-24T01:37:12Z,3.152,78.8,828.7,0.00,0.00,0.00,0.00,18.32
2026-08-24T01:37:13Z,3.083,77.1,828.2,0.00,0.00,0.00,0.00,18.32
2026-08-24T01:37:15Z,3.188,79.7,828.4,0.00,0.00,0.00,0.00,18.32
2026-08-24T01:37:16Z,3.043,76.1,829.5,0.00,0.00,0.00,0.00,17.26
2026-08-24T01:37:17Z,3.066,76.6,829.1,0.00,0.11,0.00,0.00,17.26
2026-08-24T01:37:18Z,3.080,77.0,830.5,0.00,0.00,0.00,0.00,17.26
2026-08-24T01:37:19Z,3.194,79.8,832.7,0.00,0.00,0.00,0.00,17.26
2026-08-24T01:37:20Z,3.148,78.7,832.5,0.00,0.00,0.00,0.00,16.68
2026-08-24T01:37:21Z,3.168,79.2,833.9,0.00,0.00,0.00,0.00,16.68
2026-08-24T01:37:22Z,3.100,77.5,834.7,0.00,0.00,0.00,0.00,16.68
2026-08-24T01:37:23Z,3.029,75.7,827.6,0.00,0.04,0.00,0.00,16.68
2026-08-24T01:37:25Z,3.057,76.4,829.1,0.00,0.00,0.00,0.00,16.68
2026-08-24T01:37:26Z,3.168,79.2,833.6,0.00,0.00,0.00,0.00,15.58
2026-08-24T01:37:27Z,3.117,77.9,832.9,0.00,0.00,0.00,0.00,15.58
2026-08-24T01:37:28Z,3.061,76.5,833.6,0.00,0.12,0.00,0.00,15.58
2026-08-24T01:37:29Z,2.964,74.1,835.0,0.00,0.00,0.00,0.00,15.58
2026-08-24T01:37:30Z,3.130,78.2,835.8,0.00,0.00,0.00,0.00,16.25
2026-08-24T01:37:31Z,2.987,74.7,835.3,0.00,0.00,0.00,0.00,16.25
2026-08-24T01:37:33Z,3.035,75.9,834.0,0.00,0.01,0.00,0.00,16.25
2026-08-24T01:37:34Z,3.006,75.1,837.2,0.00,0.00,0.00,0.00,16.25
2026-08-24T01:37:35Z,3.094,77.3,839.3,0.00,0.00,0.00,0.00,16.25
2026-08-24T01:37:36Z,3.052,76.3,839.8,0.00,0.00,0.00,0.00,16.71
2026-08-24T01:37:37Z,1.832,45.8,839.2,0.00,0.00,0.00,0.00,16.71
2026-08-24T01:37:38Z,0.448,11.2,839.2,0.00,0.12,0.00,0.00,16.71
2026-08-24T01:37:39Z,0.457,11.4,843.9,0.00,0.00,0.00,0.00,16.71
2026-08-24T01:37:40Z,0.485,12.1,846.7,0.00,0.00,0.00,0.00,16.71
2026-08-24T01:37:41Z,0.554,13.9,840.4,0.00,0.00,0.00,0.00,15.38
2026-08-24T01:37:42Z,0.572,14.3,841.9,0.00,0.00,0.00,0.00,15.38
2026-08-24T01:37:43Z,0.504,12.6,841.9,0.00,0.00,0.00,0.00,15.38
2026-08-24T01:37:44Z,0.514,12.8,843.0,0.00,0.00,0.00,0.00,15.38
2026-08-24T01:37:45Z,0.515,12.9,842.3,0.00,0.00,0.00,0.00,15.38
2026-08-24T01:37:46Z,0.554,13.9,844.7,0.00,0.12,0.00,0.00,14.54
2026-08-24T01:37:47Z,0.660,16.5,845.6,0.00,0.00,0.00,0.00,14.54
2026-08-24T01:37:48Z,0.718,17.9,844.3,0.00,0.00,0.00,0.00,14.54
2026-08-24T01:37:49Z,0.708,17.7,844.5,0.00,0.00,0.00,0.00,14.54
2026-08-24T01:37:50Z,0.698,17.4,843.2,0.00,0.00,0.00,0.00,13.38
2026-08-24T01:37:51Z,0.679,17.0,843.0,0.00,0.00,0.00,0.00,13.38
2026-08-24T01:37:52Z,0.717,17.9,843.8,0.00,0.00,0.00,0.00,13.38
2026-08-24T01:37:53Z,0.734,18.4,840.4,0.00,0.17,0.00,0.00,13.38
2026-08-24T01:37:54Z,0.707,17.7,842.4,0.00,0.00,0.00,0.00,13.38
2026-08-24T01:37:55Z,0.824,20.6,840.9,0.00,0.00,0.00,0.00,12.31
2026-08-24T01:37:56Z,0.844,21.1,840.4,0.00,0.00,0.00,0.00,12.31
2026-08-24T01:37:58Z,0.823,20.6,841.6,0.00,0.00,0.00,0.00,12.31
2026-08-24T01:37:59Z,0.737,18.4,841.6,0.00,0.03,0.00,0.00,12.31
2026-08-24T01:38:00Z,0.834,20.8,841.9,0.00,0.00,0.00,0.00,12.31
2026-08-24T01:38:01Z,0.748,18.7,842.4,0.00,0.12,0.00,0.00,11.72
2026-08-24T01:38:02Z,0.815,20.4,843.7,0.00,0.00,0.00,0.00,11.72
2026-08-24T01:38:03Z,0.708,17.7,843.8,0.00,0.00,0.00,0.00,11.72
2026-08-24T01:38:04Z,0.745,18.6,843.6,0.00,0.00,0.00,0.00,11.72
2026-08-24T01:38:05Z,0.765,19.1,845.5,0.00,0.00,0.00,0.00,11.72
2026-08-24T01:38:06Z,0.676,16.9,844.2,0.00,0.00,0.00,0.00,11.50
2026-08-24T01:38:07Z,0.707,17.7,842.3,0.00,0.16,0.00,0.00,11.50
2026-08-24T01:38:08Z,0.806,20.2,845.1,0.00,0.00,0.00,0.00,11.50
2026-08-24T01:38:09Z,0.737,18.4,846.3,0.00,0.01,0.00,0.00,11.50
2026-08-24T01:38:10Z,0.726,18.1,844.5,0.00,0.00,0.00,0.00,11.50
2026-08-24T01:38:11Z,0.706,17.6,844.6,0.00,0.03,0.00,0.00,10.58
2026-08-24T01:38:12Z,0.707,17.7,844.9,0.00,0.00,0.00,0.00,10.58
2026-08-24T01:38:13Z,0.677,16.9,845.4,0.00,0.00,0.00,0.00,10.58
2026-08-24T01:38:14Z,0.717,17.9,844.0,0.00,0.14,0.00,0.00,10.58
2026-08-24T01:38:15Z,0.743,18.6,846.3,0.00,0.00,0.00,0.00,10.58
2026-08-24T01:38:16Z,0.670,16.8,846.8,0.00,0.00,0.00,0.00,9.90
2026-08-24T01:38:17Z,0.766,19.1,845.1,0.00,0.00,0.00,0.00,9.90
2026-08-24T01:38:18Z,0.668,16.7,844.1,0.00,0.00,0.00,0.00,9.90
2026-08-24T01:38:19Z,0.726,18.1,844.1,0.00,0.00,0.00,0.00,9.90
2026-08-24T01:38:20Z,0.677,16.9,842.2,0.00,0.00,0.00,0.00,9.10
2026-08-24T01:38:21Z,0.679,17.0,842.6,0.00,0.00,0.00,0.00,9.10
2026-08-24T01:38:22Z,0.727,18.2,842.8,0.00,0.00,0.00,0.00,9.10
2026-08-24T01:38:23Z,0.679,17.0,844.3,0.00,0.00,0.00,0.00,9.10
2026-08-24T01:38:24Z,0.755,18.9,834.6,0.00,0.00,0.00,0.00,9.10
2026-08-24T01:38:25Z,0.764,19.1,833.1,0.00,0.14,0.00,0.00,8.37
2026-08-24T01:38:26Z,0.707,17.7,833.9,0.00,0.00,0.00,0.00,8.37
2026-08-24T01:38:27Z,0.699,17.5,832.2,0.00,0.00,0.00,0.00,8.37
2026-08-24T01:38:28Z,0.725,18.1,829.6,0.00,0.00,0.00,0.00,8.37
2026-08-24T01:38:30Z,0.756,18.9,831.1,0.00,0.00,0.00,0.00,8.37
2026-08-24T01:38:31Z,0.784,19.6,832.2,0.00,0.00,0.00,0.00,9.22
2026-08-24T01:38:32Z,0.667,16.7,832.6,0.00,0.00,0.00,0.00,9.22
2026-08-24T01:38:33Z,0.765,19.1,832.8,0.00,0.00,0.00,0.00,9.22
2026-08-24T01:38:34Z,0.736,18.4,834.8,0.00,0.00,0.00,0.00,9.22
2026-08-24T01:38:35Z,0.727,18.2,836.8,0.00,0.00,0.00,0.00,9.22
2026-08-24T01:38:36Z,0.726,18.1,838.5,0.00,0.01,0.00,0.00,8.49
2026-08-24T01:38:37Z,0.728,18.2,834.9,0.00,0.00,0.00,0.00,8.49
2026-08-24T01:38:38Z,0.727,18.2,835.9,0.00,0.00,0.00,0.00,8.49
2026-08-24T01:38:39Z,0.764,19.1,837.0,0.00,0.00,0.00,0.00,8.49
2026-08-24T01:38:40Z,0.756,18.9,834.2,0.00,0.00,0.00,0.00,8.49
2026-08-24T01:38:41Z,0.707,17.7,835.9,0.00,0.04,0.00,0.00,7.89
2026-08-24T01:38:42Z,0.658,16.4,836.0,0.00,0.00,0.00,0.00,7.89
2026-08-24T01:38:43Z,0.746,18.6,836.8,0.00,0.00,0.00,0.00,7.89
2026-08-24T01:38:44Z,0.678,17.0,831.7,0.00,0.00,0.00,0.00,7.89
2026-08-24T01:38:45Z,0.679,17.0,832.4,0.00,0.00,0.00,0.00,7.89
2026-08-24T01:38:46Z,0.659,16.5,829.8,0.00,0.02,0.00,0.00,7.25
2026-08-24T01:38:47Z,0.717,17.9,832.7,0.00,0.00,0.00,0.00,7.25
2026-08-24T01:38:48Z,0.727,18.2,831.2,0.00,0.00,0.00,0.00,7.25
2026-08-24T01:38:49Z,0.717,17.9,831.3,0.00,0.00,0.00,0.00,7.25
2026-08-24T01:38:50Z,0.726,18.1,832.9,0.00,0.00,0.00,0.00,7.07
2026-08-24T01:38:51Z,0.727,18.2,833.1,0.00,0.00,0.00,0.00,7.07
2026-08-24T01:38:52Z,0.765,19.1,831.8,0.00,0.00,0.00,0.00,7.07
2026-08-24T01:38:53Z,0.696,17.4,833.0,0.00,0.00,0.00,0.00,7.07
2026-08-24T01:38:54Z,0.717,17.9,831.9,0.00,0.00,0.00,0.00,7.07
2026-08-24T01:38:55Z,0.719,18.0,833.8,0.00,0.00,0.00,0.00,6.83
2026-08-24T01:38:56Z,0.717,17.9,836.1,0.00,0.00,0.00,0.00,6.83
2026-08-24T01:38:57Z,0.755,18.9,835.6,0.00,0.00,0.00,0.00,6.83
2026-08-24T01:38:58Z,0.735,18.4,835.2,0.00,0.00,0.00,0.00,6.83
2026-08-24T01:38:59Z,0.708,17.7,834.9,0.00,0.00,0.00,0.00,6.83
2026-08-24T01:39:00Z,0.650,16.2,835.6,0.00,0.00,0.00,0.00,6.36
2026-08-24T01:39:02Z,0.717,17.9,832.6,0.00,0.00,0.00,0.00,6.36
2026-08-24T01:39:03Z,0.766,19.1,833.6,0.00,0.19,0.00,0.00,6.36
2026-08-24T01:39:04Z,0.706,17.6,837.5,0.00,0.00,0.00,0.00,6.36
2026-08-24T01:39:05Z,0.688,17.2,837.4,0.00,0.00,0.00,0.00,6.36
2026-08-24T01:39:06Z,0.659,16.5,837.6,0.00,0.00,0.00,0.00,6.49
2026-08-24T01:39:07Z,0.746,18.6,831.9,0.00,0.01,0.00,0.00,6.49
2026-08-24T01:39:08Z,0.661,16.5,832.9,0.00,0.00,0.00,0.00,6.49
2026-08-24T01:39:09Z,0.813,20.3,834.8,0.00,0.00,0.00,0.00,6.49
2026-08-24T01:39:10Z,0.879,22.0,834.9,0.00,0.00,0.00,0.00,6.49
2026-08-24T01:39:11Z,0.686,17.2,829.5,0.00,0.01,0.00,0.00,6.21
2026-08-24T01:39:12Z,0.669,16.7,830.9,0.00,0.05,0.00,0.00,6.21
2026-08-24T01:39:13Z,0.737,18.4,832.5,0.00,0.00,0.00,0.00,6.21
2026-08-24T01:39:14Z,0.659,16.5,832.2,0.00,0.00,0.00,0.00,6.21
2026-08-24T01:39:15Z,0.727,18.2,820.4,0.00,0.00,0.00,0.00,6.21
2026-08-24T01:39:16Z,0.727,18.2,821.9,0.00,0.00,0.00,0.00,5.71
2026-08-24T01:39:17Z,0.705,17.6,821.9,0.00,0.02,0.00,0.00,5.71
2026-08-24T01:39:18Z,0.669,16.7,821.5,0.00,0.00,0.00,0.00,5.71
2026-08-24T01:39:19Z,0.649,16.2,818.8,0.00,0.00,0.00,0.00,5.71
2026-08-24T01:39:20Z,0.718,17.9,819.4,0.00,0.00,0.00,0.00,5.71
2026-08-24T01:39:21Z,0.668,16.7,818.7,0.00,0.00,0.00,0.00,5.26
2026-08-24T01:39:22Z,0.726,18.1,820.9,0.00,0.00,0.00,0.00,5.26
2026-08-24T01:39:23Z,0.716,17.9,817.2,0.00,0.00,0.00,0.00,5.26
2026-08-24T01:39:24Z,0.725,18.1,819.1,0.00,0.00,0.00,0.00,5.26
2026-08-24T01:39:25Z,0.737,18.4,821.1,0.00,0.00,0.00,0.00,4.84
2026-08-24T01:39:26Z,0.652,16.3,821.1,0.00,0.00,0.00,0.00,4.84
2026-08-24T01:39:27Z,0.755,18.9,822.9,0.00,0.00,0.00,0.00,4.84
2026-08-24T01:39:28Z,0.756,18.9,824.8,0.00,0.00,0.00,0.00,4.84
2026-08-24T01:39:29Z,0.794,19.9,827.0,0.00,0.00,0.00,0.00,4.84
2026-08-24T01:39:30Z,0.727,18.2,827.8,0.00,0.00,0.00,0.00,4.45
2026-08-24T01:39:31Z,0.744,18.6,829.6,0.00,0.00,0.00,0.00,4.45
2026-08-24T01:39:32Z,0.736,18.4,825.5,0.00,0.00,0.00,0.00,4.45
2026-08-24T01:39:34Z,0.746,18.6,826.8,0.00,0.00,0.00,0.00,4.45
2026-08-24T01:39:35Z,0.746,18.6,825.8,0.00,0.00,0.00,0.00,4.45
2026-08-24T01:39:36Z,0.726,18.1,825.3,0.00,0.00,0.00,0.00,4.25
2026-08-24T01:39:37Z,0.773,19.3,825.1,0.00,0.00,0.00,0.00,4.25
2026-08-24T01:39:38Z,0.687,17.2,826.7,0.00,0.23,0.00,0.00,4.25
2026-08-24T01:39:39Z,0.783,19.6,825.9,0.00,0.01,0.00,0.00,4.25
2026-08-24T01:39:40Z,0.746,18.6,827.7,0.00,0.00,0.00,0.00,4.25
2026-08-24T01:39:41Z,0.754,18.9,825.6,0.00,0.00,0.00,0.00,3.99
2026-08-24T01:39:42Z,0.707,17.7,824.8,0.00,0.00,0.00,0.00,3.99
2026-08-24T01:39:43Z,0.727,18.2,827.0,0.00,0.05,0.00,0.00,3.99
2026-08-24T01:39:44Z,0.688,17.2,826.9,0.00,0.00,0.00,0.00,3.99
2026-08-24T01:39:45Z,0.756,18.9,820.1,0.00,0.00,0.00,0.00,3.99
2026-08-24T01:39:46Z,0.717,17.9,821.1,0.00,0.00,0.00,0.00,3.67
2026-08-24T01:39:47Z,0.745,18.6,823.3,0.00,0.02,0.00,0.00,3.67
2026-08-24T01:39:48Z,0.743,18.6,822.8,0.00,0.00,0.00,0.00,3.67
2026-08-24T01:39:49Z,0.706,17.6,824.1,0.00,0.00,0.00,0.00,3.67
2026-08-24T01:39:50Z,0.707,17.7,825.1,0.00,0.12,0.00,0.00,3.67
2026-08-24T01:39:51Z,0.727,18.2,824.5,0.00,0.48,0.00,0.00,3.38
2026-08-24T01:39:52Z,0.708,17.7,823.9,0.00,0.00,0.00,0.00,3.38
2026-08-24T01:39:53Z,0.746,18.6,824.5,0.00,0.00,0.00,0.00,3.38
2026-08-24T01:39:54Z,0.746,18.6,825.2,0.00,0.00,0.00,0.00,3.38
2026-08-24T01:39:55Z,0.658,16.4,825.2,0.00,0.00,0.00,0.00,3.11
2026-08-24T01:39:56Z,0.776,19.4,817.9,0.00,0.02,0.00,0.00,3.11
2026-08-24T01:39:57Z,0.698,17.4,819.3,0.00,0.01,0.00,0.00,3.11
2026-08-24T01:39:58Z,0.667,16.7,820.8,0.00,0.00,0.00,0.00,3.11
2026-08-24T01:39:59Z,0.725,18.1,822.9,0.00,0.00,0.00,0.00,3.11
2026-08-24T01:40:00Z,0.823,20.6,821.5,0.00,0.00,0.00,0.00,2.86
2026-08-24T01:40:01Z,0.724,18.1,819.8,0.00,0.00,0.00,0.00,2.86
2026-08-24T01:40:02Z,0.746,18.6,819.3,0.00,0.23,0.00,0.00,2.86
2026-08-24T01:40:03Z,0.727,18.2,820.6,0.00,0.00,0.00,0.00,2.86
2026-08-24T01:40:05Z,0.696,17.4,819.1,0.00,0.00,0.00,0.00,2.86
2026-08-24T01:40:06Z,0.647,16.2,819.3,0.00,0.02,0.00,0.00,2.63
2026-08-24T01:40:07Z,0.735,18.4,815.1,0.00,0.00,0.00,0.00,2.63
2026-08-24T01:40:08Z,0.679,17.0,816.7,0.00,0.00,0.00,0.00,2.63
2026-08-24T01:40:09Z,0.707,17.7,815.3,0.00,0.00,0.00,0.00,2.63
2026-08-24T01:40:10Z,0.688,17.2,816.8,0.00,0.00,0.00,0.00,2.63
2026-08-24T01:40:11Z,0.726,18.1,818.2,0.00,0.00,0.00,0.00,2.42
2026-08-24T01:40:12Z,0.699,17.5,818.8,0.00,0.00,0.00,0.00,2.42
2026-08-24T01:40:13Z,0.757,18.9,816.9,0.00,0.12,0.00,0.00,2.42
2026-08-24T01:40:14Z,0.735,18.4,816.9,0.00,0.00,0.00,0.00,2.42
2026-08-24T01:40:15Z,0.754,18.9,817.1,0.00,0.00,0.00,0.00,2.42
2026-08-24T01:40:16Z,0.688,17.2,817.6,0.00,0.00,0.00,0.00,2.30
2026-08-24T01:40:17Z,0.698,17.4,819.1,0.00,0.00,0.00,0.00,2.30
2026-08-24T01:40:18Z,0.688,17.2,820.1,0.00,0.00,0.00,0.00,2.30
2026-08-24T01:40:19Z,0.765,19.1,822.8,0.00,0.00,0.00,0.00,2.30
2026-08-24T01:40:20Z,0.733,18.3,823.7,0.00,0.00,0.00,0.00,2.30
2026-08-24T01:40:21Z,0.755,18.9,826.2,0.00,0.06,0.00,0.00,2.12
2026-08-24T01:40:22Z,0.727,18.2,827.2,0.00,0.00,0.00,0.00,2.12
2026-08-24T01:40:23Z,0.706,17.6,825.6,0.00,0.10,0.00,0.00,2.12
2026-08-24T01:40:24Z,0.727,18.2,818.7,0.00,0.00,0.00,0.00,2.12
2026-08-24T01:40:25Z,0.785,19.6,819.9,0.00,0.14,0.00,0.00,2.12
2026-08-24T01:40:26Z,0.707,17.7,821.2,0.00,0.00,0.00,0.00,2.03
2026-08-24T01:40:27Z,0.679,17.0,821.9,0.00,0.03,0.00,0.00,2.03
2026-08-24T01:40:28Z,0.689,17.2,824.6,0.00,0.00,0.00,0.00,2.03
2026-08-24T01:40:29Z,0.690,17.2,826.9,0.00,0.00,0.00,0.00,2.03
2026-08-24T01:40:30Z,0.718,17.9,827.4,0.00,0.00,0.00,0.00,1.87
2026-08-24T01:40:31Z,0.698,17.4,827.4,0.00,0.00,0.00,0.00,1.87
2026-08-24T01:40:32Z,0.738,18.4,828.1,0.00,0.11,0.00,0.00,1.87
2026-08-24T01:40:33Z,0.708,17.7,826.7,0.00,0.00,0.00,0.00,1.87
2026-08-24T01:40:34Z,0.670,16.8,828.0,0.00,0.00,0.00,0.00,1.87
2026-08-24T01:40:35Z,0.698,17.4,828.2,0.00,0.00,0.00,0.00,1.72
2026-08-24T01:40:37Z,0.768,19.2,827.0,0.00,0.00,0.00,0.00,1.72
2026-08-24T01:40:38Z,0.793,19.8,822.4,0.00,0.00,0.00,0.00,1.72
2026-08-24T01:40:39Z,0.737,18.4,823.4,0.00,0.00,0.00,0.00,1.72
2026-08-24T01:40:40Z,0.689,17.2,822.3,0.00,0.00,0.00,0.00,1.72
2026-08-24T01:40:41Z,0.718,17.9,823.5,0.00,0.00,0.00,0.00,1.58
2026-08-24T01:40:42Z,0.690,17.2,824.4,0.00,0.14,0.00,0.00,1.58
2026-08-24T01:40:43Z,0.755,18.9,825.1,0.00,0.00,0.00,0.00,1.58
2026-08-24T01:40:44Z,0.735,18.4,819.9,0.00,0.00,0.00,0.00,1.58
2026-08-24T01:40:45Z,0.727,18.2,820.3,0.00,0.00,0.00,0.00,1.58
2026-08-24T01:40:46Z,0.658,16.4,818.6,0.00,0.00,0.00,0.00,1.93
2026-08-24T01:40:47Z,0.754,18.9,819.3,0.00,0.00,0.00,0.00,1.93
2026-08-24T01:40:48Z,0.746,18.6,819.8,0.00,0.00,0.00,0.00,1.93
2026-08-24T01:40:49Z,0.695,17.4,820.6,0.00,0.12,0.00,0.00,1.93
2026-08-24T01:40:50Z,0.764,19.1,818.0,0.00,0.00,0.00,0.00,1.93
2026-08-24T01:40:51Z,0.686,17.2,820.2,0.00,0.00,0.00,0.00,1.78
2026-08-24T01:40:52Z,0.724,18.1,821.4,0.00,0.03,0.00,0.00,1.78
2026-08-24T01:40:53Z,0.724,18.1,822.2,0.00,0.00,0.00,0.00,1.78
2026-08-24T01:40:54Z,0.754,18.9,816.5,0.00,0.00,0.00,0.00,1.78
2026-08-24T01:40:55Z,0.742,18.6,817.5,0.00,0.13,0.00,0.00,1.78
2026-08-24T01:40:56Z,0.752,18.8,816.8,0.00,0.00,0.00,0.00,1.64
2026-08-24T01:40:57Z,0.705,17.6,816.2,0.00,0.00,0.00,0.00,1.64
2026-08-24T01:40:58Z,0.697,17.4,817.8,0.00,0.00,0.00,0.00,1.64
2026-08-24T01:40:59Z,0.658,16.4,816.8,0.00,0.00,0.00,0.00,1.64
2026-08-24T01:41:00Z,0.697,17.4,817.5,0.00,0.00,0.00,0.00,1.50
2026-08-24T01:41:01Z,0.697,17.4,818.5,0.00,0.00,0.00,0.00,1.50
2026-08-24T01:41:02Z,0.705,17.6,819.5,0.00,0.00,0.00,0.00,1.50
2026-08-24T01:41:03Z,0.686,17.2,820.4,0.00,0.00,0.00,0.00,1.50
2026-08-24T01:41:04Z,0.715,17.9,822.1,0.00,0.00,0.00,0.00,1.50
2026-08-24T01:41:05Z,0.696,17.4,817.2,0.00,0.00,0.00,0.00,1.38
2026-08-24T01:41:06Z,0.706,17.6,819.8,0.00,0.00,0.00,0.00,1.38
2026-08-24T01:41:08Z,1.129,28.2,840.1,0.00,0.00,0.01,0.01,1.38
2026-08-24T01:41:09Z,0.696,17.4,839.8,0.00,0.00,0.00,0.00,1.38
2026-08-24T01:41:10Z,0.713,17.8,837.1,0.00,0.00,0.00,0.00,1.38
2026-08-24T01:41:11Z,0.686,17.2,832.1,0.00,0.30,0.00,0.00,1.27
2026-08-24T01:41:12Z,0.697,17.4,830.9,0.00,0.00,0.00,0.00,1.27
2026-08-24T01:41:13Z,0.762,19.1,829.6,0.00,0.01,0.00,0.00,1.27
2026-08-24T01:41:14Z,0.666,16.7,831.5,0.00,0.00,0.00,0.00,1.27
2026-08-24T01:41:15Z,0.725,18.1,830.7,0.00,0.01,0.00,0.00,1.27
2026-08-24T01:41:16Z,0.715,17.9,831.3,0.00,0.00,0.00,0.00,1.17
2026-08-24T01:41:17Z,0.771,19.3,831.8,0.00,0.00,0.00,0.00,1.17
2026-08-24T01:41:18Z,0.677,16.9,825.5,0.00,0.14,0.00,0.00,1.17
2026-08-24T01:41:19Z,0.668,16.7,826.0,0.00,0.00,0.00,0.00,1.17
2026-08-24T01:41:20Z,0.717,17.9,829.7,0.00,0.00,0.00,0.00,1.17
2026-08-24T01:41:21Z,0.726,18.1,831.1,0.00,0.00,0.00,0.00,1.08
2026-08-24T01:41:22Z,0.628,15.7,829.4,0.00,0.00,0.00,0.00,1.08
2026-08-24T01:41:23Z,0.716,17.9,827.8,0.00,0.08,0.00,0.00,1.08
2026-08-24T01:41:24Z,0.726,18.1,828.4,0.00,0.00,0.00,0.00,1.08
2026-08-24T01:41:25Z,0.677,16.9,828.7,0.00,0.00,0.00,0.00,1.08
2026-08-24T01:41:26Z,0.754,18.9,826.2,0.00,0.00,0.00,0.00,1.07
2026-08-24T01:41:27Z,0.725,18.1,825.7,0.00,0.00,0.00,0.00,1.07
2026-08-24T01:41:28Z,0.646,16.2,826.9,0.00,0.05,0.00,0.00,1.07
2026-08-24T01:41:29Z,0.649,16.2,828.2,0.00,0.00,0.00,0.00,1.07
2026-08-24T01:41:30Z,0.678,17.0,830.9,0.00,0.00,0.00,0.00,0.98
2026-08-24T01:41:31Z,0.736,18.4,826.9,0.00,0.14,0.00,0.00,0.98
2026-08-24T01:41:32Z,0.716,17.9,828.6,0.00,0.00,0.00,0.00,0.98
2026-08-24T01:41:33Z,0.762,19.1,828.1,0.00,0.00,0.00,0.00,0.98
2026-08-24T01:41:34Z,0.756,18.9,828.8,0.00,0.00,0.00,0.00,0.98
2026-08-24T01:41:35Z,0.725,18.1,828.2,0.00,0.00,0.00,0.00,1.31
2026-08-24T01:41:36Z,0.678,17.0,827.0,0.00,0.00,0.00,0.00,1.31
2026-08-24T01:41:38Z,0.706,17.6,828.0,0.00,0.00,0.00,0.00,1.31
2026-08-24T01:41:39Z,0.668,16.7,828.7,0.00,0.00,0.00,0.00,1.31
2026-08-24T01:41:40Z,0.781,19.5,827.6,0.00,0.00,0.00,0.00,1.31
2026-08-24T01:41:41Z,0.756,18.9,827.0,0.00,0.00,0.00,0.00,1.20
2026-08-24T01:41:42Z,0.727,18.2,827.7,0.00,0.00,0.00,0.00,1.20
2026-08-24T01:41:43Z,0.707,17.7,828.2,0.00,0.00,0.00,0.00,1.20
2026-08-24T01:41:44Z,0.725,18.1,829.6,0.00,0.00,0.00,0.00,1.20
2026-08-24T01:41:45Z,0.697,17.4,822.7,0.00,0.14,0.00,0.00,1.20
2026-08-24T01:41:46Z,0.687,17.2,823.2,0.00,0.00,0.00,0.00,1.67
2026-08-24T01:41:47Z,0.716,17.9,823.7,0.00,0.00,0.00,0.00,1.67
2026-08-24T01:41:48Z,0.659,16.5,824.7,0.00,0.00,0.00,0.00,1.67
2026-08-24T01:41:49Z,0.668,16.7,825.4,0.00,0.00,0.00,0.00,1.67
2026-08-24T01:41:50Z,0.696,17.4,826.1,0.00,0.00,0.00,0.00,1.67
2026-08-24T01:41:51Z,0.677,16.9,827.9,0.00,0.00,0.00,0.00,1.53
2026-08-24T01:41:52Z,0.706,17.6,829.1,0.00,0.00,0.00,0.00,1.53
2026-08-24T01:41:53Z,0.733,18.3,822.4,0.00,0.03,0.00,0.00,1.53
2026-08-24T01:41:54Z,0.754,18.9,822.1,0.00,0.00,0.00,0.00,1.53
2026-08-24T01:41:55Z,0.726,18.1,818.9,0.00,0.00,0.00,0.00,1.53
2026-08-24T01:41:56Z,0.705,17.6,820.6,0.00,0.00,0.00,0.00,1.57
2026-08-24T01:41:57Z,0.820,20.5,822.0,0.00,0.00,0.00,0.00,1.57
2026-08-24T01:41:58Z,0.742,18.6,822.8,0.00,0.00,0.00,0.00,1.57
2026-08-24T01:41:59Z,0.754,18.9,823.8,0.00,0.00,0.00,0.00,1.57
2026-08-24T01:42:00Z,0.734,18.4,823.7,0.00,0.00,0.00,0.00,1.44
2026-08-24T01:42:01Z,0.783,19.6,823.3,0.00,0.11,0.00,0.00,1.44
2026-08-24T01:42:02Z,0.725,18.1,824.7,0.00,0.01,0.00,0.00,1.44
2026-08-24T01:42:03Z,0.687,17.2,825.1,0.00,0.00,0.00,0.00,1.44
2026-08-24T01:42:04Z,0.725,18.1,825.4,0.00,0.00,0.00,0.00,1.44
2026-08-24T01:42:05Z,0.677,16.9,825.3,0.00,0.00,0.00,0.00,1.33
2026-08-24T01:42:06Z,0.686,17.2,826.9,0.00,0.00,0.00,0.00,1.33
2026-08-24T01:42:08Z,0.714,17.8,827.4,0.00,0.00,0.00,0.00,1.33
2026-08-24T01:42:09Z,0.686,17.2,829.7,0.00,0.00,0.00,0.00,1.33
2026-08-24T01:42:10Z,0.657,16.4,818.2,0.00,0.00,0.00,0.00,1.33
2026-08-24T01:42:11Z,0.703,17.6,820.4,0.00,0.00,0.00,0.00,1.22
2026-08-24T01:42:12Z,0.686,17.2,821.9,0.00,0.00,0.00,0.00,1.22
2026-08-24T01:42:13Z,0.686,17.2,823.1,0.00,0.00,0.00,0.00,1.22
2026-08-24T01:42:14Z,0.718,17.9,824.5,0.00,0.00,0.00,0.00,1.22
2026-08-24T01:42:15Z,0.661,16.5,825.3,0.00,0.16,0.00,0.00,1.22
2026-08-24T01:42:16Z,0.679,17.0,827.7,0.00,0.00,0.00,0.00,1.12
2026-08-24T01:42:17Z,0.727,18.2,827.4,0.00,0.01,0.00,0.00,1.12
2026-08-24T01:42:18Z,0.756,18.9,819.1,0.00,0.00,0.00,0.00,1.12
2026-08-24T01:42:19Z,0.705,17.6,817.4,0.00,0.00,0.00,0.00,1.12
2026-08-24T01:42:20Z,0.684,17.1,819.2,0.00,0.00,0.00,0.00,1.12
2026-08-24T01:42:21Z,0.695,17.4,819.3,0.00,0.00,0.00,0.00,1.03
2026-08-24T01:42:22Z,0.665,16.6,820.3,0.00,0.00,0.00,0.00,1.03
2026-08-24T01:42:23Z,0.716,17.9,820.6,0.00,0.14,0.00,0.00,1.03
2026-08-24T01:42:24Z,0.648,16.2,819.6,0.00,0.06,0.00,0.00,1.03
2026-08-24T01:42:25Z,0.668,16.7,820.2,0.00,0.00,0.00,0.00,1.03
2026-08-24T01:42:26Z,0.620,15.5,815.2,0.00,0.00,0.00,0.00,1.11
2026-08-24T01:42:27Z,0.708,17.7,815.8,0.00,0.00,0.00,0.00,1.11
2026-08-24T01:42:28Z,0.751,18.8,818.5,0.00,0.00,0.00,0.00,1.11
2026-08-24T01:42:29Z,0.685,17.1,819.6,0.00,0.03,0.00,0.00,1.11
2026-08-24T01:42:30Z,0.733,18.3,819.7,0.00,0.00,0.00,0.00,1.02
2026-08-24T01:42:31Z,0.692,17.3,816.0,0.00,0.14,0.00,0.00,1.02
2026-08-24T01:42:32Z,0.707,17.7,816.6,0.00,0.00,0.00,0.00,1.02
2026-08-24T01:42:33Z,0.713,17.8,817.3,0.00,0.00,0.00,0.00,1.02
2026-08-24T01:42:34Z,0.735,18.4,818.0,0.00,0.00,0.00,0.00,1.02
2026-08-24T01:42:35Z,0.627,15.7,813.6,0.00,0.00,0.00,0.00,0.94
2026-08-24T01:42:36Z,0.639,16.0,815.0,0.00,0.00,0.00,0.00,0.94
2026-08-24T01:42:38Z,0.656,16.4,815.2,0.00,0.15,0.00,0.00,0.94
2026-08-24T01:42:39Z,0.714,17.8,816.4,0.00,0.00,0.00,0.00,0.94
2026-08-24T01:42:40Z,0.735,18.4,817.1,0.00,0.00,0.00,0.00,0.94
2026-08-24T01:42:41Z,0.668,16.7,818.0,0.00,0.00,0.00,0.00,0.86
2026-08-24T01:42:42Z,0.697,17.4,819.0,0.00,0.00,0.00,0.00,0.86
2026-08-24T01:42:43Z,0.667,16.7,820.2,0.00,0.00,0.00,0.00,0.86
2026-08-24T01:42:44Z,0.678,17.0,823.4,0.00,0.00,0.00,0.00,0.86
2026-08-24T01:42:45Z,0.703,17.6,824.6,0.00,0.00,0.00,0.00,0.86
2026-08-24T01:42:46Z,0.715,17.9,826.8,0.00,0.00,0.00,0.00,0.79
2026-08-24T01:42:47Z,0.714,17.8,828.3,0.00,0.00,0.00,0.00,0.79
2026-08-24T01:42:48Z,0.789,19.7,822.1,0.00,0.00,0.00,0.00,0.79
2026-08-24T01:42:49Z,0.659,16.5,822.3,0.00,0.00,0.00,0.00,0.79
2026-08-24T01:42:50Z,0.724,18.1,817.1,0.00,0.00,0.00,0.00,0.79
2026-08-24T01:42:51Z,0.694,17.3,817.9,0.00,0.00,0.00,0.00,0.73
2026-08-24T01:42:52Z,0.668,16.7,818.4,0.00,0.00,0.00,0.00,0.73
2026-08-24T01:42:53Z,0.704,17.6,820.1,0.00,0.11,0.00,0.00,0.73
2026-08-24T01:42:54Z,0.673,16.8,821.1,0.00,0.03,0.00,0.00,0.73
2026-08-24T01:42:55Z,0.736,18.4,821.0,0.00,0.00,0.00,0.00,0.73
2026-08-24T01:42:56Z,0.732,18.3,821.8,0.00,0.00,0.00,0.00,0.75
2026-08-24T01:42:57Z,0.714,17.8,822.8,0.00,0.00,0.00,0.00,0.75
2026-08-24T01:42:58Z,0.703,17.6,824.7,0.00,0.00,0.00,0.00,0.75
2026-08-24T01:42:59Z,0.706,17.6,826.5,0.00,0.00,0.00,0.00,0.75
2026-08-24T01:43:00Z,0.742,18.6,825.7,0.00,0.11,0.00,0.00,0.69
2026-08-24T01:43:01Z,0.762,19.1,827.0,0.00,0.00,0.00,0.00,0.69
2026-08-24T01:43:02Z,0.686,17.2,829.9,0.00,0.00,0.00,0.00,0.69
2026-08-24T01:43:03Z,0.696,17.4,830.3,0.00,0.00,0.00,0.00,0.69
2026-08-24T01:43:04Z,0.666,16.7,832.0,0.00,0.00,0.00,0.00,0.69
2026-08-24T01:43:05Z,0.638,16.0,833.1,0.00,0.00,0.00,0.00,0.80
2026-08-24T01:43:07Z,0.677,16.9,832.9,0.00,0.00,0.00,0.00,0.80
2026-08-24T01:43:08Z,0.724,18.1,833.4,0.00,0.00,0.00,0.00,0.80
2026-08-24T01:43:09Z,0.657,16.4,834.8,0.00,0.00,0.00,0.00,0.80
2026-08-24T01:43:10Z,0.723,18.1,822.1,0.00,0.00,0.00,0.00,0.80
2026-08-24T01:43:11Z,0.781,19.5,821.2,0.00,0.16,0.00,0.00,0.73
2026-08-24T01:43:12Z,0.754,18.9,823.8,0.00,0.00,0.00,0.00,0.73
2026-08-24T01:43:13Z,0.707,17.7,825.8,0.00,0.00,0.00,0.00,0.73
2026-08-24T01:43:14Z,0.666,16.7,826.7,0.00,0.00,0.00,0.00,0.73
2026-08-24T01:43:15Z,0.723,18.1,826.4,0.00,0.00,0.00,0.00,0.73
2026-08-24T01:43:16Z,0.684,17.1,826.6,0.00,0.02,0.00,0.00,0.67
2026-08-24T01:43:17Z,0.762,19.1,826.8,0.00,0.01,0.00,0.00,0.67
2026-08-24T01:43:18Z,0.799,20.0,818.2,0.00,0.04,0.00,0.00,0.67
2026-08-24T01:43:19Z,0.694,17.3,819.1,0.00,0.01,0.00,0.00,0.67
2026-08-24T01:43:20Z,0.676,16.9,822.6,0.00,0.11,0.00,0.00,0.67
2026-08-24T01:43:21Z,0.714,17.8,822.8,0.00,0.00,0.00,0.00,0.62
2026-08-24T01:43:22Z,0.685,17.1,823.3,0.00,0.00,0.00,0.00,0.62
2026-08-24T01:43:23Z,0.648,16.2,823.0,0.00,0.01,0.00,0.00,0.62
2026-08-24T01:43:24Z,0.712,17.8,824.7,0.00,0.00,0.00,0.00,0.62
2026-08-24T01:43:25Z,0.773,19.3,822.0,0.00,0.00,0.00,0.00,0.62
2026-08-24T01:43:26Z,0.703,17.6,822.0,0.00,0.00,0.00,0.00,0.57
2026-08-24T01:43:27Z,0.733,18.3,819.9,0.00,0.00,0.00,0.00,0.57
2026-08-24T01:43:28Z,0.675,16.9,817.1,0.00,0.00,0.00,0.00,0.57
2026-08-24T01:43:29Z,0.725,18.1,817.8,0.00,0.00,0.00,0.00,0.57
2026-08-24T01:43:30Z,0.703,17.6,820.2,0.00,0.14,0.00,0.00,0.60
2026-08-24T01:43:31Z,0.674,16.9,822.6,0.00,0.00,0.00,0.00,0.60
2026-08-24T01:43:32Z,0.674,16.9,825.3,0.00,0.00,0.00,0.00,0.60
2026-08-24T01:43:33Z,0.683,17.1,822.6,0.00,0.00,0.00,0.00,0.60
2026-08-24T01:43:34Z,0.725,18.1,823.8,0.00,0.00,0.00,0.00,0.60
2026-08-24T01:43:36Z,0.657,16.4,825.3,0.00,0.00,0.00,0.00,0.56
2026-08-24T01:43:37Z,0.715,17.9,826.3,0.00,0.00,0.00,0.00,0.56
2026-08-24T01:43:38Z,0.753,18.8,821.4,0.00,0.00,0.00,0.00,0.56
2026-08-24T01:43:39Z,0.693,17.3,817.2,0.00,0.00,0.00,0.00,0.56
2026-08-24T01:43:40Z,0.762,19.1,818.9,0.00,0.00,0.00,0.00,0.56
2026-08-24T01:43:41Z,0.733,18.3,819.9,0.00,0.00,0.00,0.00,0.51
2026-08-24T01:43:42Z,0.732,18.3,820.8,0.00,0.00,0.00,0.00,0.51
2026-08-24T01:43:43Z,0.735,18.4,821.6,0.00,0.14,0.00,0.00,0.51
2026-08-24T01:43:44Z,0.735,18.4,822.5,0.00,0.00,0.00,0.00,0.51
2026-08-24T01:43:45Z,0.752,18.8,823.6,0.00,0.00,0.00,0.00,0.51
2026-08-24T01:43:46Z,0.763,19.1,815.7,0.00,0.00,0.00,0.00,0.47
2026-08-24T01:43:47Z,0.722,18.1,817.0,0.00,0.00,0.00,0.00,0.47
2026-08-24T01:43:48Z,0.761,19.0,818.7,0.00,0.00,0.00,0.00,0.47
2026-08-24T01:43:49Z,0.694,17.3,818.3,0.00,0.22,0.00,0.00,0.47
2026-08-24T01:43:50Z,0.723,18.1,819.8,0.00,0.00,0.00,0.00,0.47
2026-08-24T01:43:51Z,0.754,18.9,819.8,0.00,0.00,0.00,0.00,0.67
2026-08-24T01:43:52Z,0.743,18.6,821.5,0.00,0.00,0.00,0.00,0.67
2026-08-24T01:43:53Z,0.656,16.4,821.7,0.00,0.00,0.00,0.00,0.67
2026-08-24T01:43:54Z,0.696,17.4,823.9,0.00,0.03,0.00,0.00,0.67
2026-08-24T01:43:55Z,0.722,18.1,825.1,0.00,0.00,0.00,0.00,1.02
2026-08-24T01:43:56Z,0.704,17.6,825.8,0.00,0.00,0.00,0.00,1.02
2026-08-24T01:43:57Z,0.781,19.5,824.3,0.00,0.00,0.00,0.00,1.02
2026-08-24T01:43:58Z,0.724,18.1,823.0,0.00,0.00,0.00,0.00,1.02
2026-08-24T01:43:59Z,0.693,17.3,819.4,0.00,0.00,0.00,0.00,1.02
2026-08-24T01:44:00Z,0.626,15.7,819.8,0.00,0.00,0.00,0.00,0.94
2026-08-24T01:44:01Z,0.713,17.8,823.5,0.00,0.00,0.00,0.00,0.94
2026-08-24T01:44:02Z,0.715,17.9,825.7,0.00,0.00,0.00,0.00,0.94
2026-08-24T01:44:04Z,0.665,16.6,821.9,0.00,0.11,0.00,0.00,0.94
2026-08-24T01:44:05Z,0.724,18.1,823.1,0.00,0.00,0.00,0.00,0.94
2026-08-24T01:44:06Z,0.676,16.9,821.9,0.00,0.00,0.00,0.00,0.86
2026-08-24T01:44:07Z,0.714,17.8,822.4,0.00,0.00,0.00,0.00,0.86
2026-08-24T01:44:08Z,0.666,16.7,822.0,0.00,0.00,0.00,0.00,0.86
2026-08-24T01:44:09Z,0.619,15.5,818.3,0.00,0.00,0.00,0.00,0.86
2026-08-24T01:44:10Z,0.686,17.2,821.0,0.00,0.00,0.00,0.00,0.86
2026-08-24T01:44:11Z,0.694,17.3,822.1,0.00,0.00,0.00,0.00,0.79
2026-08-24T01:44:12Z,0.722,18.1,823.6,0.00,0.00,0.00,0.00,0.79
2026-08-24T01:44:13Z,0.677,16.9,823.0,0.00,0.00,0.00,0.00,0.79
2026-08-24T01:44:14Z,0.657,16.4,823.0,0.00,0.12,0.00,0.00,0.79
2026-08-24T01:44:15Z,0.648,16.2,824.5,0.00,0.00,0.00,0.00,0.79
2026-08-24T01:44:16Z,0.647,16.2,824.7,0.00,0.00,0.00,0.00,1.37
2026-08-24T01:44:17Z,0.695,17.4,819.8,0.00,0.00,0.00,0.00,1.37
2026-08-24T01:44:18Z,0.686,17.2,819.4,0.00,0.00,0.00,0.00,1.37
2026-08-24T01:44:19Z,0.639,16.0,820.6,0.00,0.05,0.00,0.00,1.37
2026-08-24T01:44:20Z,0.695,17.4,822.5,0.00,0.00,0.00,0.00,1.37
2026-08-24T01:44:21Z,0.648,16.2,820.8,0.00,0.01,0.00,0.00,1.42
2026-08-24T01:44:22Z,0.666,16.7,822.7,0.00,0.14,0.00,0.00,1.42
2026-08-24T01:44:23Z,0.695,17.4,823.3,0.00,0.00,0.00,0.00,1.42
2026-08-24T01:44:24Z,0.607,15.2,824.2,0.00,0.00,0.00,0.00,1.42
2026-08-24T01:44:25Z,0.656,16.4,824.5,0.00,0.00,0.00,0.00,1.47
2026-08-24T01:44:26Z,0.646,16.2,825.5,0.00,0.00,0.00,0.00,1.47
2026-08-24T01:44:27Z,0.647,16.2,820.6,0.00,0.00,0.00,0.00,1.47
2026-08-24T01:44:28Z,0.685,17.1,822.1,0.00,0.00,0.00,0.00,1.47
2026-08-24T01:44:29Z,0.702,17.5,814.9,0.00,0.00,0.00,0.00,1.47
2026-08-24T01:44:30Z,0.657,16.4,816.2,0.00,0.00,0.00,0.00,1.43
2026-08-24T01:44:31Z,0.675,16.9,818.7,0.00,0.00,0.00,0.00,1.43
2026-08-24T01:44:33Z,0.695,17.4,817.4,0.00,0.13,0.00,0.00,1.43
2026-08-24T01:44:34Z,0.724,18.1,816.1,0.00,0.00,0.00,0.00,1.43
2026-08-24T01:44:35Z,0.675,16.9,816.5,0.00,0.00,0.00,0.00,1.43
2026-08-24T01:44:36Z,0.577,14.4,817.5,0.00,0.00,0.00,0.00,1.72
2026-08-24T01:44:37Z,0.669,16.7,817.7,0.00,0.00,0.00,0.00,1.72
2026-08-24T01:44:38Z,0.647,16.2,817.6,0.00,0.00,0.00,0.00,1.72
2026-08-24T01:44:39Z,0.694,17.3,818.8,0.00,0.00,0.00,0.00,1.72
2026-08-24T01:44:40Z,0.642,16.1,817.1,0.00,0.00,0.00,0.00,1.72
2026-08-24T01:44:41Z,0.666,16.7,818.9,0.00,0.00,0.00,0.00,1.58
2026-08-24T01:44:42Z,0.657,16.4,820.4,0.00,0.00,0.00,0.00,1.58
2026-08-24T01:44:43Z,0.658,16.4,820.0,0.00,0.11,0.00,0.00,1.58
2026-08-24T01:44:44Z,0.610,15.2,822.0,0.00,0.00,0.00,0.00,1.58
2026-08-24T01:44:45Z,0.685,17.1,824.8,0.00,0.00,0.00,0.00,1.58
2026-08-24T01:44:46Z,0.616,15.4,826.2,0.00,0.00,0.00,0.00,1.45
2026-08-24T01:44:47Z,0.674,16.9,826.3,0.00,0.00,0.00,0.00,1.45
2026-08-24T01:44:48Z,0.628,15.7,821.0,0.00,0.00,0.00,0.00,1.45
2026-08-24T01:44:49Z,0.599,15.0,822.4,0.00,0.05,0.00,0.00,1.45
2026-08-24T01:44:50Z,0.694,17.3,824.1,0.00,0.00,0.00,0.00,1.45
2026-08-24T01:44:51Z,0.665,16.6,820.6,0.00,0.46,0.00,0.00,1.33
2026-08-24T01:44:52Z,0.675,16.9,820.7,0.00,0.00,0.00,0.00,1.33
2026-08-24T01:44:53Z,0.675,16.9,821.3,0.00,0.17,0.00,0.00,1.33
2026-08-24T01:44:54Z,0.714,17.8,821.6,0.00,0.00,0.00,0.00,1.33
2026-08-24T01:44:55Z,0.627,15.7,820.3,0.00,0.00,0.00,0.00,1.39
2026-08-24T01:44:56Z,0.636,15.9,821.5,0.00,0.00,0.00,0.00,1.39
2026-08-24T01:44:57Z,0.694,17.3,822.9,0.00,0.00,0.00,0.00,1.39
2026-08-24T01:44:58Z,0.655,16.4,826.9,0.00,0.00,0.00,0.00,1.39
2026-08-24T01:44:59Z,0.628,15.7,827.6,0.00,0.00,0.00,0.00,1.39
2026-08-24T01:45:01Z,0.687,17.2,824.8,0.00,0.00,0.00,0.00,1.28
2026-08-24T01:45:02Z,0.673,16.8,822.5,0.00,0.00,0.00,0.00,1.28
2026-08-24T01:45:03Z,0.714,17.8,822.5,0.00,0.00,0.00,0.00,1.28
2026-08-24T01:45:04Z,0.656,16.4,824.9,0.00,0.00,0.00,0.00,1.28
2026-08-24T01:45:05Z,0.678,17.0,827.0,0.00,0.00,0.00,0.00,1.28
2026-08-24T01:45:06Z,0.647,16.2,825.2,0.00,0.21,0.00,0.00,1.17
2026-08-24T01:45:07Z,0.658,16.4,821.7,0.00,0.00,0.00,0.00,1.17
2026-08-24T01:45:08Z,0.703,17.6,823.5,0.00,0.00,0.00,0.00,1.17
2026-08-24T01:45:09Z,0.637,15.9,823.5,0.00,0.00,0.00,0.00,1.17
2026-08-24T01:45:10Z,0.608,15.2,824.2,0.00,0.00,0.00,0.00,1.17
2026-08-24T01:45:11Z,0.695,17.4,824.4,0.00,0.00,0.00,0.00,1.08
2026-08-24T01:45:12Z,0.638,16.0,825.2,0.00,0.00,0.00,0.00,1.08
2026-08-24T01:45:13Z,0.647,16.2,826.4,0.00,0.00,0.00,0.00,1.08
2026-08-24T01:45:14Z,0.742,18.6,819.8,0.00,0.00,0.00,0.00,1.08
2026-08-24T01:45:15Z,0.682,17.1,821.4,0.00,0.00,0.00,0.00,1.08
2026-08-24T01:45:16Z,0.639,16.0,819.9,0.00,0.14,0.00,0.00,0.99
2026-08-24T01:45:17Z,0.677,16.9,822.4,0.00,0.00,0.00,0.00,0.99
2026-08-24T01:45:18Z,0.617,15.4,822.4,0.00,0.00,0.00,0.00,0.99
2026-08-24T01:45:19Z,0.657,16.4,823.4,0.00,0.00,0.00,0.00,0.99
2026-08-24T01:45:20Z,0.741,18.5,822.3,0.00,0.00,0.00,0.00,0.99
2026-08-24T01:45:21Z,0.667,16.7,820.2,0.00,0.00,0.00,0.00,1.23
2026-08-24T01:45:22Z,0.669,16.7,820.0,0.00,0.05,0.00,0.00,1.23
2026-08-24T01:45:23Z,0.659,16.5,821.7,0.00,0.11,0.00,0.00,1.23
2026-08-24T01:45:24Z,0.677,16.9,821.8,0.00,0.00,0.00,0.00,1.23
2026-08-24T01:45:25Z,0.649,16.2,820.2,0.00,0.00,0.00,0.00,1.14
2026-08-24T01:45:26Z,0.698,17.4,820.6,0.00,0.15,0.00,0.00,1.14
2026-08-24T01:45:27Z,0.802,20.1,821.9,0.00,0.00,0.00,0.00,1.14
2026-08-24T01:45:28Z,0.647,16.2,822.7,0.00,0.00,0.00,0.00,1.14
2026-08-24T01:45:30Z,0.764,19.1,822.1,0.00,0.00,0.00,0.00,1.14
2026-08-24T01:45:31Z,0.707,17.7,820.1,0.00,0.00,0.00,0.00,1.12
2026-08-24T01:45:32Z,0.716,17.9,821.3,0.00,0.00,0.00,0.00,1.12
2026-08-24T01:45:33Z,0.715,17.9,823.6,0.00,0.00,0.00,0.00,1.12
2026-08-24T01:45:34Z,0.706,17.6,823.8,0.00,0.00,0.00,0.00,1.12
2026-08-24T01:45:35Z,0.804,20.1,824.8,0.00,0.00,0.00,0.00,1.12
2026-08-24T01:45:36Z,0.735,18.4,823.1,0.00,0.11,0.00,0.00,1.03
2026-08-24T01:45:37Z,0.753,18.8,826.0,0.00,0.00,0.00,0.00,1.03
2026-08-24T01:45:38Z,0.736,18.4,823.6,0.00,0.00,0.00,0.00,1.03
2026-08-24T01:45:39Z,0.735,18.4,825.9,0.00,0.01,0.00,0.00,1.03
2026-08-24T01:45:40Z,0.823,20.6,822.1,0.00,0.00,0.00,0.00,1.03
2026-08-24T01:45:41Z,0.830,20.8,822.7,0.00,0.00,0.00,0.00,0.95
2026-08-24T01:45:42Z,0.772,19.3,823.6,0.00,0.14,0.00,0.00,0.95
2026-08-24T01:45:43Z,0.821,20.5,824.3,0.00,0.00,0.00,0.00,0.95
2026-08-24T01:45:44Z,0.761,19.0,824.1,0.00,0.00,0.00,0.00,0.95
2026-08-24T01:45:45Z,0.841,21.0,827.0,0.00,0.00,0.00,0.00,0.95
2026-08-24T01:45:46Z,0.783,19.6,827.4,0.00,0.00,0.00,0.00,0.96
2026-08-24T01:45:47Z,0.754,18.9,826.1,0.00,0.00,0.00,0.00,0.96
2026-08-24T01:45:48Z,0.764,19.1,826.5,0.00,0.00,0.00,0.00,0.96
2026-08-24T01:45:49Z,0.751,18.8,825.4,0.00,0.00,0.00,0.00,0.96
2026-08-24T01:45:50Z,0.830,20.8,825.8,0.00,0.00,0.00,0.00,0.96
2026-08-24T01:45:51Z,0.792,19.8,825.0,0.00,0.00,0.00,0.00,0.88
2026-08-24T01:45:52Z,0.813,20.3,825.8,0.00,0.05,0.00,0.00,0.88
2026-08-24T01:45:53Z,0.743,18.6,827.8,0.00,0.00,0.00,0.00,0.88
2026-08-24T01:45:54Z,0.734,18.4,826.5,0.00,0.00,0.00,0.00,0.88
2026-08-24T01:45:55Z,0.734,18.4,828.0,0.00,0.00,0.00,0.00,0.81
2026-08-24T01:45:56Z,0.742,18.6,827.5,0.00,0.11,0.00,0.00,0.81
2026-08-24T01:45:57Z,0.732,18.3,826.6,0.00,0.04,0.00,0.00,0.81
2026-08-24T01:45:58Z,0.676,16.9,826.5,0.00,0.00,0.00,0.00,0.81
2026-08-24T01:46:00Z,0.656,16.4,826.0,0.00,0.00,0.00,0.00,0.81
2026-08-24T01:46:01Z,0.723,18.1,825.0,0.00,0.00,0.00,0.00,0.90
2026-08-24T01:46:02Z,0.693,17.3,826.4,0.00,0.00,0.00,0.00,0.90
2026-08-24T01:46:03Z,0.657,16.4,825.0,0.00,0.00,0.00,0.00,0.90
2026-08-24T01:46:04Z,0.666,16.7,825.2,0.00,0.00,0.00,0.00,0.90
2026-08-24T01:46:05Z,0.639,16.0,824.6,0.00,0.14,0.00,0.00,0.90
2026-08-24T01:46:06Z,0.684,17.1,825.8,0.00,0.00,0.00,0.00,0.83
2026-08-24T01:46:07Z,0.686,17.2,825.7,0.00,0.00,0.00,0.00,0.83
2026-08-24T01:46:08Z,0.665,16.6,826.5,0.00,0.00,0.00,0.00,0.83
2026-08-24T01:46:09Z,0.629,15.7,828.2,0.00,0.00,0.00,0.00,0.83
2026-08-24T01:46:10Z,0.638,16.0,829.4,0.00,0.00,0.00,0.00,0.83
2026-08-24T01:46:11Z,0.685,17.1,825.9,0.00,0.00,0.00,0.00,0.76
2026-08-24T01:46:12Z,0.695,17.4,828.1,0.00,0.00,0.00,0.00,0.76
2026-08-24T01:46:13Z,0.713,17.8,825.6,0.00,0.00,0.00,0.00,0.76
2026-08-24T01:46:14Z,0.637,15.9,827.6,0.00,0.00,0.00,0.00,0.76
2026-08-24T01:46:15Z,0.714,17.8,826.5,0.00,0.00,0.00,0.00,0.76
2026-08-24T01:46:16Z,0.687,17.2,828.0,0.00,0.00,0.00,0.00,1.10
2026-08-24T01:46:17Z,0.657,16.4,827.1,0.00,0.00,0.00,0.00,1.10
2026-08-24T01:46:18Z,0.676,16.9,826.5,0.00,0.12,0.00,0.00,1.10
2026-08-24T01:46:19Z,0.696,17.4,828.4,0.00,0.00,0.00,0.00,1.10
2026-08-24T01:46:20Z,0.694,17.3,827.0,0.00,0.00,0.00,0.00,1.10
2026-08-24T01:46:21Z,0.734,18.4,828.8,0.00,0.00,0.00,0.00,1.18
2026-08-24T01:46:22Z,0.714,17.8,829.0,0.00,0.00,0.00,0.00,1.18
2026-08-24T01:46:23Z,0.723,18.1,826.5,0.00,0.04,0.00,0.00,1.18
2026-08-24T01:46:24Z,0.685,17.1,827.3,0.00,0.00,0.00,0.00,1.18
2026-08-24T01:46:25Z,0.694,17.3,826.6,0.00,0.00,0.00,0.00,1.08
2026-08-24T01:46:26Z,0.695,17.4,827.6,0.00,0.00,0.00,0.00,1.08
2026-08-24T01:46:27Z,0.705,17.6,825.7,0.00,0.00,0.00,0.00,1.08
2026-08-24T01:46:29Z,0.677,16.9,826.2,0.00,0.12,0.00,0.00,1.08
2026-08-24T01:46:30Z,0.694,17.3,825.6,0.00,0.00,0.00,0.00,1.08
2026-08-24T01:46:31Z,0.712,17.8,826.9,0.00,0.00,0.00,0.00,0.99
2026-08-24T01:46:32Z,0.696,17.4,825.1,0.00,0.00,0.00,0.00,0.99
2026-08-24T01:46:33Z,0.697,17.4,823.8,0.00,0.01,0.00,0.00,0.99
2026-08-24T01:46:34Z,0.685,17.1,824.8,0.00,0.00,0.00,0.00,0.99
2026-08-24T01:46:35Z,0.609,15.2,824.0,0.00,0.00,0.00,0.00,0.99
2026-08-24T01:46:36Z,0.706,17.6,824.5,0.00,0.00,0.00,0.00,1.08
2026-08-24T01:46:37Z,0.735,18.4,823.5,0.00,0.00,0.00,0.00,1.08
2026-08-24T01:46:38Z,0.677,16.9,826.9,0.00,0.00,0.00,0.00,1.08
2026-08-24T01:46:39Z,0.677,16.9,828.7,0.00,0.00,0.00,0.00,1.08
2026-08-24T01:46:40Z,0.694,17.3,829.3,0.00,0.00,0.00,0.00,1.08
2026-08-24T01:46:41Z,0.705,17.6,829.2,0.00,0.00,0.00,0.00,1.07
2026-08-24T01:46:42Z,0.702,17.5,829.2,0.00,0.00,0.00,0.00,1.07
2026-08-24T01:46:43Z,0.773,19.3,821.1,0.00,0.00,0.00,0.00,1.07
2026-08-24T01:46:44Z,0.668,16.7,820.3,0.00,0.00,0.00,0.00,1.07
2026-08-24T01:46:45Z,0.685,17.1,822.0,0.00,0.20,0.00,0.00,1.07
2026-08-24T01:46:46Z,0.638,16.0,819.9,0.00,0.00,0.00,0.00,0.98
2026-08-24T01:46:47Z,0.706,17.6,821.8,0.00,0.00,0.00,0.00,0.98
2026-08-24T01:46:48Z,0.716,17.9,820.7,0.00,0.00,0.00,0.00,0.98
2026-08-24T01:46:49Z,0.636,15.9,821.5,0.00,0.00,0.00,0.00,0.98
2026-08-24T01:46:50Z,0.657,16.4,821.0,0.00,0.00,0.00,0.00,0.98
2026-08-24T01:46:51Z,0.724,18.1,814.8,0.00,0.00,0.00,0.00,0.98
2026-08-24T01:46:52Z,0.667,16.7,818.0,0.00,0.00,0.00,0.00,0.98
2026-08-24T01:46:53Z,0.697,17.4,818.6,0.00,0.05,0.00,0.00,0.98
2026-08-24T01:46:54Z,0.695,17.4,819.3,0.00,0.00,0.00,0.00,0.98
2026-08-24T01:46:55Z,0.695,17.4,820.8,0.00,0.00,0.00,0.00,1.15
2026-08-24T01:46:56Z,0.696,17.4,821.3,0.00,0.00,0.00,0.00,1.15
2026-08-24T01:46:58Z,0.743,18.6,820.6,0.00,0.04,0.00,0.00,1.15
2026-08-24T01:46:59Z,0.696,17.4,823.1,0.00,0.00,0.00,0.00,1.15
2026-08-24T01:47:00Z,0.695,17.4,824.8,0.00,0.00,0.00,0.00,1.15
2026-08-24T01:47:01Z,0.695,17.4,826.5,0.00,0.00,0.00,0.00,1.37
2026-08-24T01:47:02Z,0.773,19.3,823.0,0.00,0.00,0.00,0.00,1.37
2026-08-24T01:47:03Z,0.706,17.6,820.9,0.00,0.00,0.00,0.00,1.37
2026-08-24T01:47:04Z,0.715,17.9,822.2,0.00,0.00,0.00,0.00,1.37
2026-08-24T01:47:05Z,0.695,17.4,823.1,0.00,0.00,0.00,0.00,1.37
2026-08-24T01:47:06Z,0.665,16.6,824.4,0.00,0.11,0.00,0.00,1.43
2026-08-24T01:47:07Z,0.715,17.9,826.4,0.00,0.01,0.00,0.00,1.43
2026-08-24T01:47:08Z,0.730,18.2,827.4,0.00,0.00,0.00,0.00,1.43
2026-08-24T01:47:09Z,0.734,18.4,828.6,0.00,0.00,0.00,0.00,1.43
2026-08-24T01:47:10Z,0.745,18.6,823.3,0.00,0.00,0.00,0.00,1.43
2026-08-24T01:47:11Z,0.714,17.8,821.3,0.00,0.00,0.00,0.00,1.31
2026-08-24T01:47:12Z,0.733,18.3,823.5,0.00,0.00,0.00,0.00,1.31
2026-08-24T01:47:13Z,0.686,17.2,823.2,0.00,0.00,0.00,0.00,1.31
2026-08-24T01:47:14Z,0.764,19.1,825.2,0.00,0.00,0.00,0.00,1.31
2026-08-24T01:47:15Z,0.735,18.4,825.8,0.00,0.00,0.00,0.00,1.31
2026-08-24T01:47:16Z,0.746,18.6,829.0,0.00,0.00,0.00,0.00,1.21
2026-08-24T01:47:17Z,0.686,17.2,828.2,0.00,0.00,0.00,0.00,1.21
2026-08-24T01:47:18Z,0.762,19.1,826.9,0.00,0.00,0.00,0.00,1.21
2026-08-24T01:47:19Z,0.715,17.9,827.2,0.00,0.12,0.00,0.00,1.21
2026-08-24T01:47:20Z,0.754,18.9,827.4,0.00,0.00,0.00,0.00,1.11
2026-08-24T01:47:21Z,0.724,18.1,826.4,0.00,0.00,0.00,0.00,1.11
2026-08-24T01:47:22Z,0.774,19.4,824.9,0.00,0.00,0.00,0.00,1.11
2026-08-24T01:47:23Z,0.734,18.4,825.3,0.00,0.03,0.00,0.00,1.11
2026-08-24T01:47:24Z,0.715,17.9,822.6,0.00,0.00,0.00,0.00,1.11
2026-08-24T01:47:25Z,0.678,17.0,823.4,0.00,0.01,0.00,0.00,1.02
2026-08-24T01:47:27Z,0.724,18.1,821.0,0.00,0.12,0.00,0.00,1.02
2026-08-24T01:47:28Z,0.794,19.9,821.4,0.00,0.00,0.00,0.00,1.02
2026-08-24T01:47:29Z,0.736,18.4,818.3,0.00,0.01,0.00,0.00,1.02
2026-08-24T01:47:30Z,0.745,18.6,818.9,0.00,0.00,0.00,0.00,1.02
2026-08-24T01:47:31Z,0.727,18.2,819.7,0.00,0.00,0.00,0.00,0.94
2026-08-24T01:47:32Z,0.736,18.4,818.9,0.00,0.00,0.00,0.00,0.94
2026-08-24T01:47:33Z,0.725,18.1,819.6,0.00,0.00,0.00,0.00,0.94
2026-08-24T01:47:34Z,0.746,18.6,820.9,0.00,0.00,0.00,0.00,0.94
2026-08-24T01:47:35Z,0.629,15.7,819.6,0.00,0.12,0.00,0.00,0.94
2026-08-24T01:47:36Z,0.735,18.4,815.5,0.00,0.00,0.00,0.00,0.86
2026-08-24T01:47:37Z,0.757,18.9,816.4,0.00,0.00,0.00,0.00,0.86
2026-08-24T01:47:38Z,0.708,17.7,817.8,0.00,0.00,0.00,0.00,0.86
2026-08-24T01:47:39Z,0.764,19.1,820.8,0.00,0.00,0.00,0.00,0.86
2026-08-24T01:47:40Z,0.717,17.9,822.5,0.00,0.00,0.00,0.00,0.86
2026-08-24T01:47:41Z,0.698,17.4,817.3,0.00,0.00,0.00,0.00,0.87
2026-08-24T01:47:42Z,0.707,17.7,818.3,0.00,0.17,0.00,0.00,0.87
2026-08-24T01:47:43Z,0.697,17.4,816.2,0.00,0.00,0.00,0.00,0.87
2026-08-24T01:47:44Z,0.708,17.7,814.8,0.00,0.01,0.00,0.00,0.87
2026-08-24T01:47:45Z,0.707,17.7,813.4,0.00,0.00,0.00,0.00,0.87
2026-08-24T01:47:46Z,0.649,16.2,815.8,0.00,0.00,0.00,0.00,0.88
2026-08-24T01:47:47Z,0.688,17.2,817.0,0.00,0.00,0.00,0.00,0.88
2026-08-24T01:47:48Z,0.688,17.2,817.8,0.00,0.00,0.00,0.00,0.88
2026-08-24T01:47:49Z,0.728,18.2,816.6,0.00,0.00,0.00,0.00,0.88
2026-08-24T01:47:50Z,0.659,16.5,819.1,0.00,0.00,0.00,0.00,0.88
2026-08-24T01:47:51Z,0.650,16.2,817.6,0.00,0.00,0.00,0.00,0.81
2026-08-24T01:47:52Z,0.659,16.5,815.2,0.00,0.00,0.00,0.00,0.81
2026-08-24T01:47:53Z,0.726,18.1,818.3,0.00,0.18,0.00,0.00,0.81
2026-08-24T01:47:54Z,0.755,18.9,819.2,0.00,0.00,0.00,0.00,0.81
2026-08-24T01:47:55Z,0.717,17.9,821.9,0.00,0.00,0.00,0.00,0.75
2026-08-24T01:47:56Z,0.708,17.7,818.5,0.00,0.01,0.00,0.00,0.75
2026-08-24T01:47:57Z,0.755,18.9,819.9,0.00,0.00,0.00,0.00,0.75
2026-08-24T01:47:59Z,0.678,17.0,820.9,0.00,0.02,0.00,0.00,0.75
2026-08-24T01:48:00Z,0.727,18.2,820.1,0.00,0.00,0.00,0.00,0.75
2026-08-24T01:48:01Z,0.688,17.2,821.8,0.00,0.00,0.00,0.00,0.69
2026-08-24T01:48:02Z,0.687,17.2,821.1,0.00,0.00,0.00,0.00,0.69
2026-08-24T01:48:03Z,0.765,19.1,821.8,0.00,0.00,0.00,0.00,0.69
2026-08-24T01:48:04Z,0.706,17.6,819.6,0.00,0.00,0.00,0.00,0.69
2026-08-24T01:48:05Z,0.765,19.1,820.8,0.00,0.00,0.00,0.00,0.69
2026-08-24T01:48:06Z,0.717,17.9,822.0,0.00,0.00,0.00,0.00,0.87
2026-08-24T01:48:07Z,0.716,17.9,820.5,0.00,0.00,0.00,0.00,0.87
2026-08-24T01:48:08Z,0.687,17.2,821.3,0.00,0.00,0.00,0.00,0.87
2026-08-24T01:48:09Z,0.679,17.0,820.8,0.00,0.00,0.00,0.00,0.87
2026-08-24T01:48:10Z,0.708,17.7,823.1,0.00,0.00,0.00,0.00,0.87
2026-08-24T01:48:11Z,0.717,17.9,823.7,0.00,0.12,0.00,0.00,0.80
2026-08-24T01:48:12Z,0.689,17.2,824.4,0.00,0.00,0.00,0.00,0.80
2026-08-24T01:48:13Z,0.687,17.2,826.6,0.00,0.00,0.00,0.00,0.80
2026-08-24T01:48:14Z,0.761,19.0,825.2,0.00,0.00,0.00,0.00,0.80
2026-08-24T01:48:15Z,0.707,17.7,825.2,0.00,0.00,0.00,0.00,0.80
2026-08-24T01:48:16Z,0.699,17.5,824.3,0.00,0.00,0.00,0.00,0.74
2026-08-24T01:48:17Z,0.726,18.1,823.9,0.00,0.00,0.00,0.00,0.74
2026-08-24T01:48:18Z,0.679,17.0,826.9,0.00,0.17,0.00,0.00,0.74
2026-08-24T01:48:19Z,0.724,18.1,827.6,0.00,0.00,0.00,0.00,0.74
2026-08-24T01:48:20Z,0.707,17.7,822.7,0.00,0.03,0.00,0.00,0.74
2026-08-24T01:48:21Z,0.727,18.2,822.9,0.00,0.00,0.00,0.00,1.24
2026-08-24T01:48:22Z,0.660,16.5,823.7,0.00,0.00,0.00,0.00,1.24
2026-08-24T01:48:23Z,0.726,18.1,823.6,0.00,0.03,0.00,0.00,1.24
2026-08-24T01:48:24Z,0.688,17.2,824.5,0.00,0.00,0.00,0.00,1.24
2026-08-24T01:48:25Z,0.709,17.7,824.6,0.00,0.00,0.00,0.00,1.14
2026-08-24T01:48:26Z,0.725,18.1,824.0,0.00,0.00,0.00,0.00,1.14
2026-08-24T01:48:27Z,0.745,18.6,820.8,0.00,0.00,0.00,0.00,1.14
2026-08-24T01:48:28Z,0.690,17.2,822.6,0.00,0.00,0.00,0.00,1.14
2026-08-24T01:48:29Z,0.669,16.7,823.8,0.00,0.00,0.00,0.00,1.14
2026-08-24T01:48:31Z,0.707,17.7,825.4,0.00,0.00,0.00,0.00,1.05
2026-08-24T01:48:32Z,0.756,18.9,823.1,0.00,0.00,0.00,0.00,1.05
2026-08-24T01:48:33Z,0.737,18.4,826.3,0.00,0.00,0.00,0.00,1.05
2026-08-24T01:48:34Z,0.706,17.6,825.3,0.00,0.00,0.00,0.00,1.05
2026-08-24T01:48:35Z,0.679,17.0,826.2,0.00,0.00,0.00,0.00,1.05
2026-08-24T01:48:36Z,0.708,17.7,824.6,0.00,0.00,0.00,0.00,0.96
2026-08-24T01:48:37Z,0.766,19.1,826.5,0.00,0.00,0.00,0.00,0.96
2026-08-24T01:48:38Z,0.650,16.2,827.6,0.00,0.00,0.00,0.00,0.96
2026-08-24T01:48:39Z,0.718,17.9,828.9,0.00,0.00,0.00,0.00,0.96
2026-08-24T01:48:40Z,0.660,16.5,826.4,0.00,0.00,0.00,0.00,0.96
2026-08-24T01:48:41Z,0.766,19.1,826.6,0.00,0.00,0.00,0.00,0.89
2026-08-24T01:48:42Z,0.766,19.1,829.0,0.00,0.00,0.00,0.00,0.89
2026-08-24T01:48:43Z,0.747,18.7,828.0,0.00,0.00,0.00,0.00,0.89
2026-08-24T01:48:44Z,0.688,17.2,830.5,0.00,0.00,0.00,0.00,0.89
2026-08-24T01:48:45Z,0.755,18.9,830.2,0.00,0.16,0.00,0.00,0.89
2026-08-24T01:48:46Z,0.736,18.4,829.4,0.00,0.00,0.00,0.00,0.82
2026-08-24T01:48:47Z,0.784,19.6,827.7,0.00,0.00,0.00,0.00,0.82
2026-08-24T01:48:48Z,0.699,17.5,828.4,0.00,0.01,0.00,0.00,0.82
2026-08-24T01:48:49Z,0.737,18.4,828.3,0.00,0.00,0.00,0.00,0.82
2026-08-24T01:48:50Z,0.709,17.7,828.2,0.00,0.00,0.00,0.00,0.82
2026-08-24T01:48:51Z,0.716,17.9,823.3,0.00,0.04,0.00,0.00,1.15
2026-08-24T01:48:52Z,0.725,18.1,823.8,0.00,0.11,0.00,0.00,1.15
2026-08-24T01:48:53Z,0.755,18.9,824.8,0.00,0.00,0.00,0.00,1.15
2026-08-24T01:48:54Z,0.746,18.6,824.2,0.00,0.00,0.00,0.00,1.15
2026-08-24T01:48:55Z,0.660,16.5,826.9,0.00,0.00,0.00,0.00,1.15
2026-08-24T01:48:56Z,0.688,17.2,828.1,0.00,0.02,0.00,0.00,1.14
2026-08-24T01:48:57Z,0.755,18.9,830.6,0.00,0.00,0.00,0.00,1.14
2026-08-24T01:48:58Z,0.746,18.6,832.5,0.00,0.01,0.00,0.00,1.14
2026-08-24T01:48:59Z,0.717,17.9,821.4,0.00,0.00,0.00,0.00,1.14
2026-08-24T01:49:00Z,0.708,17.7,824.1,0.00,0.00,0.00,0.00,1.05
2026-08-24T01:49:01Z,0.737,18.4,824.8,0.00,0.00,0.00,0.00,1.05
2026-08-24T01:49:02Z,0.698,17.4,826.0,0.00,0.00,0.00,0.00,1.05
2026-08-24T01:49:04Z,0.707,17.7,825.1,0.00,0.00,0.00,0.00,1.05
2026-08-24T01:49:05Z,0.794,19.9,827.1,0.00,0.00,0.00,0.00,1.05
2026-08-24T01:49:06Z,0.688,17.2,828.3,0.00,0.00,0.00,0.00,0.96
2026-08-24T01:49:07Z,0.611,15.3,830.2,0.00,0.00,0.00,0.00,0.96
2026-08-24T01:49:08Z,0.813,20.3,831.0,0.00,0.00,0.00,0.00,0.96
2026-08-24T01:49:09Z,0.687,17.2,829.9,0.00,0.00,0.00,0.00,0.96
2026-08-24T01:49:10Z,0.737,18.4,828.9,0.00,0.00,0.00,0.00,0.96
2026-08-24T01:49:11Z,0.707,17.7,828.1,0.00,0.00,0.00,0.00,0.89
2026-08-24T01:49:12Z,0.737,18.4,827.5,0.00,0.01,0.00,0.00,0.89
2026-08-24T01:49:13Z,0.727,18.2,828.8,0.00,0.00,0.00,0.00,0.89
2026-08-24T01:49:14Z,0.679,17.0,831.3,0.00,0.00,0.00,0.00,0.89
2026-08-24T01:49:15Z,0.738,18.4,828.0,0.00,0.00,0.00,0.00,0.89
2026-08-24T01:49:16Z,0.707,17.7,825.7,0.00,0.00,0.00,0.00,0.81
2026-08-24T01:49:17Z,0.708,17.7,825.6,0.00,0.00,0.00,0.00,0.81
2026-08-24T01:49:18Z,0.725,18.1,827.2,0.00,0.00,0.00,0.00,0.81
2026-08-24T01:49:19Z,0.708,17.7,828.1,0.00,0.00,0.00,0.00,0.81
2026-08-24T01:49:20Z,0.699,17.5,826.8,0.00,0.00,0.00,0.00,0.81
2026-08-24T01:49:21Z,0.727,18.2,820.5,0.00,0.01,0.00,0.00,0.91
2026-08-24T01:49:22Z,0.746,18.6,823.4,0.00,0.04,0.00,0.00,0.91
2026-08-24T01:49:23Z,0.698,17.4,824.3,0.00,0.00,0.00,0.00,0.91
2026-08-24T01:49:24Z,0.717,17.9,826.2,0.00,0.00,0.00,0.00,0.91
2026-08-24T01:49:25Z,0.657,16.4,826.3,0.00,0.00,0.00,0.00,0.91
2026-08-24T01:49:26Z,0.696,17.4,827.5,0.00,0.00,0.00,0.00,0.92
2026-08-24T01:49:27Z,0.737,18.4,828.2,0.00,0.03,0.00,0.00,0.92
2026-08-24T01:49:28Z,0.717,17.9,824.4,0.00,0.00,0.00,0.00,0.92
2026-08-24T01:49:29Z,0.678,17.0,825.5,0.00,0.00,0.00,0.00,0.92
2026-08-24T01:49:30Z,0.688,17.2,827.7,0.00,0.26,0.00,0.00,0.84
2026-08-24T01:49:31Z,0.725,18.1,826.2,0.00,0.00,0.00,0.00,0.84
2026-08-24T01:49:32Z,0.717,17.9,828.0,0.00,0.00,0.00,0.00,0.84
2026-08-24T01:49:33Z,0.689,17.2,829.6,0.00,0.01,0.00,0.00,0.84
2026-08-24T01:49:34Z,0.718,17.9,828.2,0.00,0.00,0.00,0.00,0.84
2026-08-24T01:49:36Z,0.736,18.4,828.2,0.00,0.00,0.00,0.00,0.78
2026-08-24T01:49:37Z,0.765,19.1,827.8,0.00,0.00,0.00,0.00,0.78
2026-08-24T01:49:38Z,0.735,18.4,830.0,0.00,0.00,0.00,0.00,0.78
2026-08-24T01:49:39Z,0.679,17.0,830.0,0.00,0.00,0.00,0.00,0.78
2026-08-24T01:49:40Z,0.718,17.9,831.5,0.00,0.00,0.00,0.00,0.78
2026-08-24T01:49:41Z,0.747,18.7,827.6,0.00,0.00,0.00,0.00,0.71
2026-08-24T01:49:42Z,0.746,18.6,817.3,0.00,0.12,0.00,0.00,0.71
2026-08-24T01:49:43Z,0.726,18.1,820.9,0.00,0.00,0.00,0.00,0.71
2026-08-24T01:49:44Z,0.706,17.6,822.4,0.00,0.00,0.00,0.00,0.71
2026-08-24T01:49:45Z,0.726,18.1,821.2,0.00,0.00,0.00,0.00,0.71
2026-08-24T01:49:46Z,0.668,16.7,821.7,0.00,0.00,0.00,0.00,1.30
2026-08-24T01:49:47Z,0.686,17.2,820.3,0.00,0.12,0.00,0.00,1.30
2026-08-24T01:49:48Z,0.697,17.4,822.1,0.00,0.00,0.00,0.00,1.30
2026-08-24T01:49:49Z,0.647,16.2,825.1,0.00,0.00,0.00,0.00,1.30
2026-08-24T01:49:50Z,0.677,16.9,818.8,0.00,0.00,0.00,0.00,1.30
2026-08-24T01:49:51Z,0.764,19.1,821.4,0.00,0.50,0.00,0.00,1.35
2026-08-24T01:49:52Z,0.659,16.5,821.8,0.00,0.11,0.00,0.00,1.35
2026-08-24T01:49:53Z,0.707,17.7,822.4,0.00,0.00,0.00,0.00,1.35
2026-08-24T01:49:54Z,0.726,18.1,824.7,0.00,0.00,0.00,0.00,1.35
2026-08-24T01:49:55Z,0.717,17.9,823.7,0.00,0.00,0.00,0.00,1.35
2026-08-24T01:49:56Z,0.776,19.4,822.7,0.00,0.16,0.00,0.00,1.73
2026-08-24T01:49:57Z,0.726,18.1,826.1,0.00,0.00,0.00,0.00,1.73
2026-08-24T01:49:58Z,0.747,18.7,825.0,0.00,0.01,0.00,0.00,1.73
2026-08-24T01:49:59Z,0.766,19.1,824.9,0.00,0.00,0.00,0.00,1.73
2026-08-24T01:50:00Z,0.697,17.4,826.4,0.00,0.01,0.00,0.00,1.83
2026-08-24T01:50:01Z,0.774,19.4,825.2,0.00,0.00,0.00,0.00,1.83
2026-08-24T01:50:02Z,0.745,18.6,826.5,0.00,0.00,0.00,0.00,1.83
2026-08-24T01:50:03Z,0.725,18.1,826.6,0.00,0.11,0.00,0.00,1.83
2026-08-24T01:50:04Z,0.698,17.4,828.9,0.00,0.00,0.00,0.00,1.83
2026-08-24T01:50:05Z,0.736,18.4,829.6,0.00,0.00,0.00,0.00,2.00
2026-08-24T01:50:07Z,0.765,19.1,828.6,0.00,0.00,0.00,0.00,2.00
2026-08-24T01:50:08Z,0.753,18.8,828.0,0.00,0.00,0.00,0.00,2.00
2026-08-24T01:50:09Z,0.726,18.1,828.4,0.00,0.00,0.00,0.00,2.00
2026-08-24T01:50:10Z,0.756,18.9,828.6,0.00,0.00,0.00,0.00,2.00
2026-08-24T01:50:11Z,0.677,16.9,828.9,0.00,0.00,0.00,0.00,1.92
2026-08-24T01:50:12Z,1.066,26.7,854.4,0.00,0.27,0.00,0.00,1.92
2026-08-24T01:50:13Z,0.754,18.9,838.5,0.00,0.00,0.00,0.00,1.92
2026-08-24T01:50:14Z,0.697,17.4,837.2,0.00,0.00,0.00,0.00,1.92
2026-08-24T01:50:15Z,0.697,17.4,834.3,0.00,0.00,0.00,0.00,1.92
2026-08-24T01:50:16Z,0.677,16.9,828.3,0.00,0.00,0.00,0.00,1.77
2026-08-24T01:50:17Z,0.738,18.4,829.6,0.00,0.00,0.00,0.00,1.77
2026-08-24T01:50:18Z,0.697,17.4,830.8,0.00,0.01,0.00,0.00,1.77
2026-08-24T01:50:19Z,0.677,16.9,833.4,0.00,0.00,0.00,0.00,1.77
2026-08-24T01:50:20Z,0.668,16.7,834.3,0.00,0.00,0.00,0.00,1.77
2026-08-24T01:50:21Z,0.688,17.2,834.6,0.00,0.08,0.00,0.00,1.95
2026-08-24T01:50:22Z,0.706,17.6,835.2,0.00,0.00,0.00,0.00,1.95
2026-08-24T01:50:23Z,0.725,18.1,833.1,0.00,0.00,0.00,0.00,1.95
2026-08-24T01:50:24Z,0.755,18.9,834.3,0.00,0.00,0.00,0.00,1.95
2026-08-24T01:50:25Z,0.676,16.9,833.2,0.00,0.01,0.00,0.00,1.95
2026-08-24T01:50:26Z,0.707,17.7,833.9,0.00,0.06,0.00,0.00,1.79
2026-08-24T01:50:27Z,0.725,18.1,833.9,0.00,0.00,0.00,0.00,1.79
2026-08-24T01:50:28Z,0.668,16.7,835.1,0.00,0.27,0.00,0.00,1.79
2026-08-24T01:50:29Z,0.639,16.0,836.1,0.00,0.00,0.00,0.00,1.79
2026-08-24T01:50:30Z,0.707,17.7,838.8,0.00,0.00,0.00,0.00,1.79
2026-08-24T01:50:31Z,0.755,18.9,836.6,0.00,0.00,0.00,0.00,1.97
2026-08-24T01:50:32Z,0.727,18.2,837.4,0.00,0.01,0.00,0.00,1.97
2026-08-24T01:50:33Z,0.668,16.7,838.3,0.00,0.00,0.00,0.00,1.97
2026-08-24T01:50:34Z,0.699,17.5,837.4,0.00,0.00,0.00,0.00,1.97
2026-08-24T01:50:35Z,0.726,18.1,839.1,0.00,0.00,0.00,0.00,1.81
2026-08-24T01:50:36Z,0.719,18.0,838.8,0.00,0.11,0.00,0.00,1.81
2026-08-24T01:50:37Z,0.678,17.0,839.6,0.00,0.00,0.00,0.00,1.81
2026-08-24T01:50:39Z,0.725,18.1,832.2,0.00,0.00,0.00,0.00,1.81
2026-08-24T01:50:40Z,0.726,18.1,828.2,0.00,0.00,0.00,0.00,1.81
2026-08-24T01:50:41Z,0.707,17.7,824.0,0.00,0.00,0.00,0.00,1.66
2026-08-24T01:50:42Z,0.763,19.1,826.2,0.00,0.00,0.00,0.00,1.66
2026-08-24T01:50:43Z,0.659,16.5,827.6,0.00,0.00,0.00,0.00,1.66
2026-08-24T01:50:44Z,0.718,17.9,829.4,0.00,0.15,0.00,0.00,1.66
2026-08-24T01:50:45Z,0.680,17.0,827.9,0.00,0.00,0.00,0.00,1.66
2026-08-24T01:50:46Z,0.706,17.6,827.9,0.00,0.00,0.00,0.00,1.53
2026-08-24T01:50:47Z,0.726,18.1,827.9,0.00,0.00,0.00,0.00,1.53
2026-08-24T01:50:48Z,0.657,16.4,829.3,0.00,0.00,0.00,0.00,1.53
2026-08-24T01:50:49Z,0.669,16.7,821.4,0.00,0.00,0.00,0.00,1.53
2026-08-24T01:50:50Z,0.746,18.6,823.9,0.00,0.00,0.00,0.00,1.53
2026-08-24T01:50:51Z,0.755,18.9,824.2,0.00,0.00,0.00,0.00,1.49
2026-08-24T01:50:52Z,0.718,17.9,824.9,0.00,0.03,0.00,0.00,1.49
2026-08-24T01:50:53Z,0.700,17.5,822.9,0.00,0.00,0.00,0.00,1.49
2026-08-24T01:50:54Z,0.723,18.1,823.9,0.00,0.12,0.00,0.00,1.49
2026-08-24T01:50:55Z,0.746,18.6,825.8,0.00,0.00,0.00,0.00,1.49
2026-08-24T01:50:56Z,0.735,18.4,820.4,0.00,0.00,0.00,0.00,1.37
2026-08-24T01:50:57Z,0.765,19.1,820.5,0.00,0.01,0.00,0.00,1.37
2026-08-24T01:50:58Z,0.688,17.2,820.4,0.00,0.00,0.00,0.00,1.37
2026-08-24T01:50:59Z,0.698,17.4,817.1,0.00,0.00,0.00,0.00,1.37
2026-08-24T01:51:00Z,0.715,17.9,817.6,0.00,0.15,0.00,0.00,1.37
2026-08-24T01:51:01Z,0.670,16.8,820.3,0.00,0.01,0.00,0.00,1.26
2026-08-24T01:51:02Z,0.698,17.4,822.0,0.00,0.00,0.00,0.00,1.26
2026-08-24T01:51:03Z,0.755,18.9,823.3,0.00,0.01,0.00,0.00,1.26
2026-08-24T01:51:04Z,0.669,16.7,824.8,0.00,0.00,0.00,0.00,1.26
2026-08-24T01:51:05Z,0.688,17.2,826.1,0.00,0.00,0.00,0.00,1.16
2026-08-24T01:51:06Z,0.690,17.2,827.8,0.00,0.00,0.00,0.00,1.16
2026-08-24T01:51:07Z,0.738,18.4,826.1,0.00,0.00,0.00,0.00,1.16
2026-08-24T01:51:08Z,0.709,17.7,826.5,0.00,0.00,0.00,0.00,1.16
2026-08-24T01:51:09Z,0.679,17.0,826.4,0.00,0.00,0.00,0.00,1.16
2026-08-24T01:51:11Z,0.687,17.2,819.9,0.00,0.00,0.00,0.00,1.06
2026-08-24T01:51:12Z,0.660,16.5,822.9,0.00,0.00,0.00,0.00,1.06
2026-08-24T01:51:13Z,0.726,18.1,824.2,0.00,0.00,0.00,0.00,1.06
2026-08-24T01:51:14Z,0.697,17.4,824.8,0.00,0.00,0.00,0.00,1.06
2026-08-24T01:51:15Z,0.688,17.2,825.8,0.00,0.00,0.00,0.00,1.06
2026-08-24T01:51:16Z,0.707,17.7,823.8,0.00,0.11,0.00,0.00,1.14
2026-08-24T01:51:17Z,0.707,17.7,826.0,0.00,0.00,0.00,0.00,1.14
2026-08-24T01:51:18Z,0.708,17.7,819.2,0.00,0.00,0.00,0.00,1.14
2026-08-24T01:51:19Z,0.688,17.2,818.5,0.00,0.00,0.00,0.00,1.14
2026-08-24T01:51:20Z,0.707,17.7,821.7,0.00,0.00,0.00,0.00,1.14
2026-08-24T01:51:21Z,0.697,17.4,822.9,0.00,0.00,0.00,0.00,1.05
2026-08-24T01:51:22Z,0.745,18.6,822.4,0.00,0.00,0.00,0.00,1.05
2026-08-24T01:51:23Z,0.687,17.2,825.2,0.00,0.17,0.00,0.00,1.05
2026-08-24T01:51:24Z,0.649,16.2,826.4,0.00,0.00,0.00,0.00,1.05
2026-08-24T01:51:25Z,0.727,18.2,826.1,0.00,0.00,0.00,0.00,1.05
2026-08-24T01:51:26Z,0.647,16.2,828.6,0.00,0.00,0.00,0.00,0.96
2026-08-24T01:51:27Z,0.756,18.9,821.3,0.00,0.00,0.00,0.00,0.96
2026-08-24T01:51:28Z,0.718,17.9,822.2,0.00,0.03,0.00,0.00,0.96
2026-08-24T01:51:29Z,0.717,17.9,821.8,0.00,0.00,0.00,0.00,0.96
2026-08-24T01:51:30Z,0.698,17.4,823.5,0.00,0.00,0.00,0.00,0.96
2026-08-24T01:51:31Z,0.716,17.9,825.0,0.00,0.00,0.00,0.00,0.89
2026-08-24T01:51:32Z,0.911,22.8,841.1,0.00,0.12,0.00,0.00,0.89
