ts,segments,reseed_calls,reseed_ms,qstats_calls,qstats_ms,refresh_calls,refresh_ms,pop_calls,pop_ms
2026-08-23T11:11:38Z,0,0,0,0,0,0,0,0,0
2026-08-23T11:13:38Z,110419,1211,2317.3,70,271.5,2,495.1,111400,239398.7
2026-08-23T11:15:39Z,238395,2460,9627.7,140,1034.0,4,1699.0,239921,537078.7
2026-08-23T11:17:40Z,366673,3755,19840.9,210,2263.2,6,3793.4,368565,856921.0
2026-08-23T11:19:41Z,494800,5057,30592.2,280,3803.0,8,6395.3,496969,1185460.0
2026-08-23T11:21:42Z,622821,6200,39125.4,350,5596.3,10,10957.7,625513,1523115.6
2026-08-23T11:23:43Z,751086,7479,52405.2,420,7795.3,12,15710.0,754062,1866006.4
2026-08-23T11:25:44Z,879272,8666,65173.3,490,10264.0,14,21043.7,882471,2211469.5
2026-08-23T11:27:45Z,1007357,9759,72905.0,560,13002.2,16,27104.8,1011086,2545927.3
2026-08-23T11:29:46Z,1135630,10936,86558.7,630,16315.2,18,33683.4,1139362,2879884.5
2026-08-23T11:31:47Z,1263909,12172,100928.5,700,19498.6,20,40315.7,1267877,3222914.2
2026-08-23T11:33:48Z,1392115,13304,109337.2,770,22847.5,22,47054.3,1396570,3561131.8
2026-08-23T11:35:49Z,1520327,14500,124381.0,840,26184.5,24,53747.6,1525320,3901236.4
2026-08-23T11:37:51Z,1648757,15751,138297.5,910,29695.9,26,60804.3,1654585,4249306.7
2026-08-23T11:39:52Z,1777664,16900,152776.5,980,33095.2,28,67883.1,1783058,4591236.1
2026-08-23T11:41:53Z,1906029,18060,161567.7,1050,36253.7,30,75092.1,1911639,4934702.8
2026-08-23T11:43:54Z,2034417,19225,175214.1,1120,39270.1,32,81802.0,2040575,5275206.4
2026-08-23T11:45:56Z,2162991,20413,189794.4,1190,41968.9,34,88104.0,2169738,5611263.5
2026-08-23T11:47:57Z,2291716,21579,198916.5,1260,44927.2,36,94600.2,2299044,5944166.0
2026-08-23T11:49:59Z,2420763,23017,213687.2,1330,47959.4,38,101554.3,2428606,6284603.0
2026-08-23T11:52:01Z,2549827,24267,230235.5,1400,51103.6,40,110511.8,2557536,6637955.5
2026-08-23T11:54:02Z,2678540,25397,244037.0,1470,53795.1,42,117806.4,2686766,6986810.7
2026-08-23T11:56:03Z,2807237,26573,259011.4,1540,57022.9,44,124229.3,2815803,7337670.8
2026-08-23T11:58:05Z,2935903,27678,266627.7,1610,59610.5,46,131251.0,2945093,7693462.9
2026-08-23T12:00:07Z,3064798,28887,284294.9,1680,63368.1,48,139112.2,3074477,8091261.4
2026-08-23T12:02:08Z,3193806,30108,300610.8,1750,65906.8,50,147035.4,3203347,8438841.9
2026-08-23T12:04:10Z,3322857,31200,308208.0,1820,68883.4,52,153433.0,3332795,8775590.9
2026-08-23T12:06:12Z,3451986,32351,322927.9,1890,71974.4,54,160791.6,3462501,9131801.0
2026-08-23T12:08:14Z,3581426,33545,339190.9,1960,74422.6,56,167593.9,3591738,9475763.7
2026-08-23T12:10:15Z,3710182,34653,347302.0,2030,76912.4,58,174524.8,3721069,9810001.4
2026-08-23T12:12:17Z,3839182,35798,362860.0,2100,79580.8,60,182322.3,3850383,10178257.1
2026-08-23T12:14:19Z,3968173,37012,378803.9,2170,82285.0,62,189099.0,3979881,10533155.5
2026-08-23T12:16:21Z,4097367,38084,386012.3,2240,85113.2,64,196076.2,4109614,10889503.2
2026-08-23T12:18:23Z,4226706,39295,407011.7,2310,87801.3,66,202760.7,4239585,11257915.5
2026-08-23T12:20:26Z,4356381,40397,414759.7,2380,90528.7,68,209265.1,4369573,11621744.2
2026-08-23T12:22:29Z,4486061,41482,422753.0,2485,95252.8,70,216594.2,4500348,11982512.5
2026-08-23T12:24:32Z,4616436,42901,448753.5,2555,97929.2,72,224547.4,4630799,12337859.7
2026-08-23T12:26:34Z,4746763,44080,457681.9,2625,100583.6,75,235097.6,4761466,12683738.9
2026-08-23T12:28:37Z,4876932,45162,465529.6,2695,103441.2,77,241965.5,4891626,13025656.7
2026-08-23T12:30:39Z,5006744,46391,488039.7,2765,106121.5,79,248153.6,5021105,13374219.6
2026-08-23T12:32:40Z,5135848,47514,495755.4,2835,108684.2,81,254795.6,5150565,13710595.2
2026-08-23T12:34:42Z,5264985,48684,511032.9,2905,111410.6,83,261502.6,5280199,14058671.0
2026-08-23T12:36:45Z,5394124,49814,524940.7,2975,114062.7,85,268128.0,5410252,14408917.5
2026-08-23T12:38:47Z,5523825,50921,533195.0,3045,117638.0,87,275789.6,5539980,14755964.4
2026-08-23T12:40:49Z,5653161,52115,549950.4,3115,120389.5,89,283081.0,5669798,15097722.7
2026-08-23T12:42:51Z,5782679,53301,565961.3,3185,123850.2,91,290424.1,5799735,15473114.3
2026-08-23T12:44:54Z,5912327,54369,573636.2,3255,126435.7,93,297136.6,5930014,15829991.8
2026-08-23T12:46:56Z,6042333,55557,589846.6,3325,129007.9,95,304154.6,6060229,16175236.2
2026-08-23T12:48:59Z,6172178,56710,603341.7,3395,131542.5,97,310411.4,6190513,16516177.4
2026-08-23T12:51:02Z,6302136,57878,614230.2,3465,134043.6,99,316992.4,6321425,16866010.3
2026-08-23T12:53:06Z,6432900,59260,630221.1,3535,136648.2,101,323258.2,6452676,17229988.1
2026-08-23T12:55:09Z,6563902,60494,646640.0,3605,139538.5,103,329295.4,6583893,17582642.8
2026-08-23T12:57:12Z,6694731,61674,663661.9,3675,142319.2,105,335398.7,6714611,17939407.5
2026-08-23T12:59:17Z,6825107,62775,672414.5,3745,145749.7,107,342894.4,6846870,18329614.1
2026-08-23T13:01:21Z,6957346,63939,687216.8,3815,148508.7,109,349506.0,6978277,18698234.5
2026-08-23T13:03:25Z,7088326,65094,703834.5,3885,151233.8,111,356122.2,7110134,19079151.5
2026-08-23T13:05:27Z,7219838,66166,711274.6,3985,156005.5,113,362359.4,7240373,19439854.2
2026-08-23T13:07:30Z,7349975,67286,725273.4,4060,160885.3,116,373645.3,7371035,19812462.7
2026-08-23T13:09:33Z,7480176,68483,742100.0,4130,164052.7,118,380286.9,7501525,20179444.5
2026-08-23T13:11:36Z,7610211,69713,751293.9,4200,167755.2,120,386690.3,7632049,20541417.6
2026-08-23T13:13:39Z,7740449,70962,775282.9,4270,170844.3,122,393546.9,7762280,20930599.4
2026-08-23T13:15:42Z,7870607,72031,782306.4,4340,174279.2,124,400490.5,7892939,21279159.2
2026-08-23T13:17:45Z,8001076,73116,790413.9,4410,177697.8,126,407260.7,8023483,21634804.4
2026-08-23T13:19:48Z,8131243,74302,812773.2,4480,181068.5,128,414184.3,8154693,22003644.6
2026-08-23T13:21:51Z,8262033,75406,821591.9,4550,184220.9,130,420223.4,8285481,22353131.1
2026-08-23T13:23:54Z,8392464,76503,828846.8,4620,187519.8,132,426617.0,8416664,22701229.3
2026-08-23T13:25:58Z,8523282,77737,852572.6,4690,190628.8,134,433422.2,8547801,23050519.9
2026-08-23T13:28:01Z,8654057,78822,860069.8,4760,193996.1,136,440112.4,8678928,23394659.8
2026-08-23T13:30:06Z,8784869,80132,879800.1,4830,198192.2,138,448148.1,8811092,23759966.0
2026-08-23T13:32:10Z,8916778,81419,894754.0,4900,201438.4,140,454831.8,8943505,24127454.8
2026-08-23T13:34:14Z,9049040,82520,902153.5,4970,204822.0,142,461093.0,9075197,24474167.9
2026-08-23T13:36:19Z,9180364,83707,922806.0,5040,208338.4,144,467730.1,9207432,24832674.8
2026-08-23T13:38:23Z,9312252,84791,930386.7,5110,211327.0,146,473837.5,9339098,25177549.2
2026-08-23T13:40:27Z,9443477,85919,939536.2,5208,215066.8,148,480037.9,9470765,25535984.2
2026-08-23T13:42:32Z,9575306,87113,961734.5,5285,220213.5,151,490939.5,9602344,25918884.6
2026-08-23T13:44:36Z,9707421,88324,970235.4,5355,223674.1,153,497637.5,9734816,26279865.2
2026-08-23T13:46:41Z,9839485,89673,987653.9,5425,227959.8,155,505814.1,9867519,26651369.5
2026-08-23T13:48:46Z,9971896,90876,1004571.9,5495,231277.2,157,512754.1,9999738,27022325.7
2026-08-23T13:50:52Z,10104027,92009,1012650.0,5565,234545.1,159,519168.3,10134146,27384955.2
2026-08-23T13:52:56Z,10238219,93206,1030439.2,5635,237527.4,161,526122.3,10264631,27766414.0
2026-08-23T13:54:59Z,10368818,94378,1044563.5,5705,240814.3,163,532635.9,10395590,28096593.0
2026-08-23T13:57:02Z,10499449,95491,1052612.8,5775,243890.4,165,538983.9,10526544,28425172.8
2026-08-23T13:59:05Z,10629942,96723,1071610.6,5845,247465.1,167,546269.7,10657417,28798526.9
2026-08-23T14:01:09Z,10760733,98081,1088201.0,5915,250868.3,169,553199.0,10788814,29163310.9
2026-08-23T14:03:12Z,10891750,99323,1105735.1,5985,254739.6,171,561184.0,10919700,29552910.7
2026-08-23T14:05:16Z,11022420,100408,1113274.8,6055,258797.9,173,568464.0,11050852,29906599.5
2026-08-23T14:07:20Z,11153445,101536,1126200.4,6125,261676.2,175,575475.4,11182499,30249841.0
2026-08-23T14:09:23Z,11284728,102739,1142893.0,6195,264921.7,177,581685.4,11313782,30585443.4
2026-08-23T14:11:28Z,11415765,103844,1150166.1,6296,269953.0,179,589050.5,11445905,30927386.7
2026-08-23T14:13:32Z,11547972,104944,1164083.4,6370,274208.2,181,596023.1,11577709,31311509.4
2026-08-23T14:15:36Z,11679671,106070,1179387.6,6440,277488.9,184,608031.7,11709735,31680113.9
2026-08-23T14:17:41Z,11811341,107375,1190128.0,6510,280607.8,186,614805.2,11842217,32026190.3
2026-08-23T14:19:45Z,11943378,108624,1210567.8,6580,283464.3,188,621094.5,11974068,32360191.8
2026-08-23T14:21:49Z,12074840,109694,1217377.9,6650,287116.6,190,627582.4,12105479,32708127.7
2026-08-23T14:23:54Z,12206741,110800,1224642.1,6720,289906.4,192,634500.4,12237625,33052893.9
2026-08-23T14:25:58Z,12338491,112044,1246624.8,6790,292805.1,194,640984.0,12369682,33403730.5
2026-08-23T14:28:03Z,12470450,113123,1253246.2,6860,295608.1,196,647195.0,12501882,33730407.9
2026-08-23T14:30:07Z,12602310,114253,1261569.4,6930,298631.7,198,654013.7,12634650,34067487.3
2026-08-23T14:32:15Z,12734796,115722,1288258.9,7000,301230.0,200,660404.1,12769049,34433747.5
2026-08-23T14:34:22Z,12869778,116871,1296165.7,7070,304301.5,202,666629.2,12903865,34774786.1
2026-08-23T14:36:27Z,13004265,118052,1315660.8,7169,308148.4,204,673829.9,13036713,35103163.2
2026-08-23T14:38:32Z,13136902,119163,1322746.1,7245,312261.2,207,684967.1,13169887,35441252.9
2026-08-23T14:40:38Z,13269794,120304,1331063.6,7315,315304.8,209,691864.8,13302952,35787208.4
2026-08-23T14:42:43Z,13402648,121710,1358612.6,7385,318186.1,211,698883.0,13436263,36187414.0
2026-08-23T14:44:49Z,13535735,122856,1366216.5,7455,320973.2,213,705658.9,13569678,36544116.7
2026-08-23T14:46:54Z,13668826,124010,1381525.3,7525,323704.1,215,712553.4,13703132,36893180.9
2026-08-23T14:49:00Z,13801929,125129,1393185.8,7595,326714.2,217,719350.1,13837003,37248469.8
2026-08-23T14:51:06Z,13935397,126215,1400400.4,7665,330060.6,219,726528.9,13970434,37609448.3
2026-08-23T14:53:12Z,14068668,127592,1418469.6,7735,333239.3,221,732940.7,14104334,37983907.4
2026-08-23T14:55:18Z,14202501,128878,1433355.4,7805,335889.1,223,739609.6,14238408,38344296.8
2026-08-23T14:57:24Z,14336082,130006,1441623.5,7875,338488.2,225,746250.8,14371645,38711486.3
2026-08-23T14:59:27Z,14469184,131157,1458606.2,7975,342524.5,227,753103.4,14502622,39103184.0
2026-08-23T15:01:31Z,14600160,132283,1471740.0,8050,347347.1,229,760329.4,14634446,39476623.2
2026-08-23T15:03:36Z,14731687,133471,1487943.5,8120,350303.7,232,772391.8,14766085,39849518.3
2026-08-23T15:05:40Z,14863522,134654,1496813.4,8190,353008.1,234,778655.8,14898561,40187520.0
2026-08-23T15:07:45Z,14995677,136081,1514608.0,8260,355800.5,236,784683.2,15031020,40529599.7
2026-08-23T15:09:49Z,15127721,137329,1530323.3,8330,358417.1,238,790806.9,15162950,40865718.8
2026-08-23T15:11:53Z,15259268,138429,1537797.2,8400,361345.0,240,797203.5,15295054,41202594.9
2026-08-23T15:13:58Z,15391104,139572,1553347.3,8470,364114.4,242,803438.2,15426825,41594043.0
2026-08-23T15:16:02Z,15523137,140776,1574299.1,8540,366725.4,244,809913.7,15559105,41946570.8
2026-08-23T15:18:07Z,15655086,141877,1581804.7,8610,369796.4,246,816339.2,15691953,42286141.9
2026-08-23T15:20:12Z,15787540,143145,1603561.3,8680,372288.7,248,822822.2,15824379,42627913.5
2026-08-23T15:22:18Z,15919686,144515,1616354.1,8750,375478.9,250,829378.9,15957174,43000883.7
2026-08-23T15:24:22Z,16052618,145659,1628991.9,8820,378387.5,252,835480.5,16089482,43347508.8
2026-08-23T15:26:27Z,16184653,146831,1644765.0,8921,382243.4,254,841624.6,16222393,43696018.8
2026-08-23T15:28:33Z,16317141,147924,1652679.1,8995,385619.0,257,852703.3,16355869,44044070.2
2026-08-23T15:30:38Z,16450321,149160,1667690.5,9065,388279.0,259,858871.3,16489242,44395469.9
2026-08-23T15:32:44Z,16583303,150390,1684280.8,9135,392071.0,261,866125.1,16622308,44773578.8
2026-08-23T15:34:50Z,16716345,151700,1694717.5,9205,394693.7,263,872385.7,16756192,45131102.6
2026-08-23T15:36:57Z,16849817,153010,1717236.7,9275,397456.5,265,878836.6,16891355,45488856.4
2026-08-23T15:39:03Z,16984586,154104,1724341.2,9345,400138.4,267,884908.7,17025783,45833791.1
2026-08-23T15:41:09Z,17118821,155188,1731757.4,9415,402878.2,269,891216.0,17159501,46185041.6
2026-08-23T15:43:15Z,17252091,156521,1759125.5,9485,406047.4,271,898913.1,17292590,46620412.8
2026-08-23T15:45:21Z,17385693,157786,1768224.7,9555,409842.2,273,907754.5,17426712,46991534.9
2026-08-23T15:47:28Z,17519401,158955,1784142.8,9657,413927.8,275,913888.1,17561030,47362258.0
2026-08-23T15:49:35Z,17653346,160108,1799011.7,9730,417372.8,278,924858.2,17695928,47727224.6
2026-08-23T15:51:42Z,17787915,161217,1806174.9,9800,420016.8,280,931353.0,17831091,48091278.6
2026-08-23T15:53:49Z,17922806,162654,1827995.8,9870,422755.6,282,937772.6,17965583,48492619.1
2026-08-23T15:55:55Z,18057307,163839,1841261.6,9940,426310.6,284,946251.3,18099500,48846800.0
2026-08-23T15:58:01Z,18190875,164934,1848424.1,10010,428698.8,286,952608.8,18233756,49209487.4
2026-08-23T16:00:08Z,18324832,166082,1864681.2,10080,431800.0,288,959714.4,18368171,49583390.6
2026-08-23T16:02:16Z,18458864,167306,1878358.6,10150,434344.8,290,965639.0,18503891,49955671.6
2026-08-23T16:04:25Z,18594805,168651,1895525.6,10220,437486.1,292,972334.5,18641518,50326746.8
2026-08-23T16:06:33Z,18731932,169748,1907295.3,10325,443449.7,295,984978.6,18776797,50685572.5
2026-08-23T16:08:40Z,18867135,170850,1914499.2,10395,446016.8,297,990878.3,18911351,51036192.3
2026-08-23T16:10:47Z,19001527,172142,1931502.2,10465,448609.9,299,997008.9,19046955,51398782.8
2026-08-23T16:12:55Z,19136732,173436,1947659.8,10535,451804.0,301,1003889.8,19182117,51835289.1
2026-08-23T16:15:02Z,19271820,174642,1963625.8,10605,454597.7,303,1010063.0,19317335,52203837.5
2026-08-23T16:17:09Z,19406653,175737,1970837.9,10675,458251.3,305,1018354.8,19451858,52576437.9
2026-08-23T16:19:17Z,19541501,176931,1984501.7,10745,460825.0,307,1024542.9,19587480,52940349.0
2026-08-23T16:21:24Z,19676757,178300,2001579.5,10815,463648.7,309,1030652.8,19723212,53311822.6
2026-08-23T16:23:33Z,19812119,179441,2011463.0,10920,468759.3,311,1037029.6,19859978,53720748.0
2026-08-23T16:25:44Z,19948853,180586,2025024.6,10990,472049.3,314,1050987.3,19998300,54098870.7
2026-08-23T16:27:52Z,20087364,182065,2044976.8,11060,474681.0,316,1057428.3,20134679,54458716.1
2026-08-23T16:30:00Z,20223283,183181,2054177.8,11130,477504.8,318,1065670.1,20270129,54884494.9
2026-08-23T16:32:05Z,20359009,184426,2077724.9,11200,480297.9,320,1072414.8,20402585,55237809.4
2026-08-23T16:34:10Z,20491119,185666,2088621.9,11270,483690.5,322,1080319.8,20534867,55625000.1
2026-08-23T16:36:15Z,20623733,186791,2096250.5,11340,487409.3,324,1087848.2,20667487,55971966.1
2026-08-23T16:38:20Z,20755962,188137,2118819.6,11410,490127.6,326,1094632.4,20800534,56325458.3
2026-08-23T16:40:25Z,20888591,189399,2129622.9,11480,492854.5,328,1101382.2,20933568,56685530.9
2026-08-23T16:42:32Z,21021279,190631,2156852.7,11585,498752.5,330,1108686.7,21067405,57120560.1
2026-08-23T16:44:37Z,21155983,191734,2164614.1,11655,501523.7,333,1121192.6,21200441,57491208.5
2026-08-23T16:46:43Z,21288583,192860,2173699.1,11725,504426.5,335,1127653.4,21333667,57846417.2
2026-08-23T16:48:48Z,21421512,194109,2194082.5,11795,507660.5,337,1134025.9,21467024,58194616.4
2026-08-23T16:50:54Z,21554602,195442,2204139.1,11865,510605.0,339,1141034.5,21601028,58549835.8
2026-08-23T16:53:00Z,21688036,196548,2214178.2,11935,513576.9,341,1148819.0,21734611,58963058.4
2026-08-23T16:55:09Z,21822002,197752,2235593.5,12005,516313.3,343,1155104.4,21871152,59335725.4
2026-08-23T16:57:16Z,21958161,198840,2242692.2,12075,519016.6,345,1161883.3,22006445,59694875.5
2026-08-23T16:59:23Z,22093092,200205,2262677.9,12145,523004.8,347,1170007.8,22141452,60097196.9
2026-08-23T17:01:30Z,22227615,201402,2277067.7,12250,527786.0,349,1177052.3,22276915,60478064.2
2026-08-23T17:03:38Z,22362728,202544,2286080.1,12320,530639.0,352,1189516.1,22411425,60874304.9
2026-08-23T17:05:44Z,22497376,203701,2301872.9,12390,533369.9,354,1196830.8,22545989,61253012.9
2026-08-23T17:07:51Z,22631591,204928,2315299.3,12460,536067.2,356,1203614.3,22680803,61610084.2
2026-08-23T17:09:58Z,22766055,206275,2335063.0,12530,539504.0,358,1210682.7,22816348,61980800.7
2026-08-23T17:12:07Z,22901210,207373,2342546.2,12600,542836.0,360,1218028.9,22952807,62387565.4
2026-08-23T17:14:14Z,23037214,208544,2361280.9,12670,545680.5,362,1227267.5,23087203,62856156.5
2026-08-23T17:16:20Z,23172041,209759,2377192.7,12740,548898.8,364,1234985.0,23221339,63233655.3
2026-08-23T17:18:30Z,23305939,211111,2397411.8,12845,553902.2,366,1242001.5,23359241,63647838.7
2026-08-23T17:20:40Z,23443358,212230,2405620.7,12915,557785.0,369,1256500.2,23497537,64029805.4
2026-08-23T17:22:48Z,23581445,213433,2421541.3,12985,560447.0,371,1263416.4,23631830,64439862.1
2026-08-23T17:24:55Z,23716706,214817,2438521.5,13055,562983.0,373,1270050.5,23767335,64810475.9
2026-08-23T17:27:03Z,23851876,216031,2453461.3,13125,565973.8,375,1277022.3,23903449,65189114.0
2026-08-23T17:29:12Z,23987577,217136,2461897.0,13195,569485.4,377,1283375.4,24039640,65558516.8
2026-08-23T17:31:18Z,24123448,218293,2475703.8,13265,572625.7,379,1291501.5,24174243,65929955.6
2026-08-23T17:33:26Z,24257635,219659,2495874.1,13353,576034.8,381,1299848.5,24309646,66357760.1
2026-08-23T17:35:35Z,24393466,220809,2503720.5,13440,580500.9,384,1313100.3,24446032,66737216.8
2026-08-23T17:37:43Z,24529424,222038,2525883.8,13510,584066.4,386,1321225.6,24582403,67117500.5
2026-08-23T17:39:51Z,24665433,223166,2533366.5,13580,587236.8,388,1330300.3,24718004,67487989.4
2026-08-23T17:42:03Z,24800808,224528,2545112.1,13650,590502.7,390,1338327.0,24857435,67891783.5
2026-08-23T17:44:14Z,24941230,225749,2575111.6,13720,594331.2,392,1348914.7,24996131,68372337.8
2026-08-23T17:46:22Z,25080181,226914,2583775.8,13790,597266.3,394,1356161.2,25132408,68747922.2
2026-08-23T17:48:33Z,25216069,228335,2610686.6,13895,603307.2,397,1370876.1,25271212,69148048.1
2026-08-23T17:50:41Z,25354863,229472,2619537.0,13965,606150.4,399,1377511.2,25407394,69521859.0
2026-08-23T17:52:49Z,25490641,230579,2627966.3,14035,609132.6,401,1384044.5,25543083,69956423.9
2026-08-23T17:54:59Z,25626434,232018,2656582.8,14105,612990.7,403,1391791.8,25680674,70355938.9
2026-08-23T17:57:08Z,25763490,233130,2664312.7,14175,615953.2,405,1398913.4,25818413,70741018.7
2026-08-23T17:59:17Z,25900861,234235,2673562.3,14245,619071.3,407,1406146.3,25954652,71152199.1
2026-08-23T18:01:29Z,26036778,235741,2700020.1,14350,625328.0,409,1414693.6,26095016,71549739.3
2026-08-23T18:03:39Z,26177514,236917,2709967.0,14420,629652.9,412,1431689.1,26232046,71963588.0
2026-08-23T18:05:48Z,26314688,238054,2726203.4,14490,632719.5,414,1438852.2,26368880,72349456.6
2026-08-23T18:07:57Z,26451200,239341,2742733.7,14560,635739.9,416,1445544.6,26506189,72735731.5
2026-08-23T18:10:06Z,26588185,240579,2753310.3,14630,639296.0,418,1453466.9,26644028,73135395.2
2026-08-23T18:12:21Z,26725643,241758,2773581.3,14700,643009.4,420,1462878.9,26786603,73661309.7
2026-08-23T18:14:32Z,26867888,243216,2800468.8,14805,649979.5,423,1476402.3,26925705,74133950.3
2026-08-23T18:16:45Z,27006741,244352,2819769.7,14875,654149.4,425,1489070.9,27067114,74623046.7
2026-08-23T18:19:04Z,27147979,245774,2840250.9,14945,657536.0,427,1497733.3,27214753,75092406.5
2026-08-23T18:21:26Z,27295402,246997,2853163.1,15027,660567.6,429,1504980.6,27365427,75570256.7
2026-08-23T18:23:36Z,27446370,248315,2875456.1,15120,667089.3,432,1520626.1,27502633,76058371.5
2026-08-23T18:25:42Z,27583868,249478,2891639.7,15190,669928.4,434,1528581.2,27636315,76432567.5
2026-08-23T18:27:47Z,27717082,250652,2908768.9,15260,672778.2,436,1535642.7,27769930,76791243.4
2026-08-23T18:29:53Z,27850309,251776,2916933.2,15330,675461.8,438,1542856.6,27903842,77147801.1
2026-08-23T18:31:59Z,27983846,253151,2934872.1,15400,679326.9,440,1552437.7,28037816,77512049.5
2026-08-23T18:34:06Z,28117429,254468,2955696.3,15470,683030.3,442,1562669.6,28171431,77920350.7
2026-08-23T18:36:12Z,28251258,255591,2964047.2,15540,685710.6,444,1569566.0,28305940,78280420.6
2026-08-23T18:38:18Z,28385359,256790,2986919.6,15610,688379.0,446,1576651.6,28439983,78645403.0
2026-08-23T18:40:25Z,28519131,257945,2995281.5,15680,691467.4,448,1583694.8,28574672,79011229.2
2026-08-23T18:42:39Z,28653573,259344,3022530.0,15785,699165.5,451,1601503.8,28716234,79504032.1
2026-08-23T18:44:47Z,28795697,260534,3040582.8,15855,702217.6,453,1609363.1,28851823,79899587.3
2026-08-23T18:46:54Z,28930857,261675,3050091.3,15925,704995.1,455,1617004.9,28986982,80281486.0
2026-08-23T18:49:03Z,29065641,263069,3074850.3,15995,707782.0,457,1623813.9,29123757,80670083.6
2026-08-23T18:51:09Z,29202088,264257,3086282.6,16065,711018.7,459,1630361.2,29257916,81026675.6
2026-08-23T18:53:16Z,29335841,265392,3096177.3,16135,714473.9,461,1638640.1,29392931,81424702.3
2026-08-23T18:55:23Z,29470510,266625,3120197.4,16205,717432.9,463,1646589.0,29527980,81797184.3
2026-08-23T18:57:32Z,29605242,267895,3130751.7,16310,723045.7,466,1657942.9,29665124,82173735.8
2026-08-23T18:59:39Z,29742036,269097,3139897.6,16380,725893.4,468,1665553.6,29800416,82555082.3
2026-08-23T19:01:47Z,29876938,270294,3162587.2,16450,729088.2,470,1673561.1,29935970,82924418.2
2026-08-23T19:03:56Z,30012301,271460,3172780.4,16520,732154.7,472,1680619.8,30073314,83385486.2
2026-08-23T19:06:07Z,30149269,272857,3192825.1,16590,735320.2,474,1688146.8,30212088,83792050.4
2026-08-23T19:08:15Z,30287662,274009,3206953.5,16660,738239.8,476,1695255.5,30347871,84163783.4
2026-08-23T19:10:23Z,30423106,275131,3215657.9,16730,742213.6,478,1705024.5,30484264,84540107.6
2026-08-23T19:12:37Z,30559253,276602,3248809.8,16835,748477.8,480,1712802.3,30626243,85027740.3
2026-08-23T19:14:46Z,30701696,277770,3260262.6,16905,751568.4,483,1730424.5,30762576,85487966.5
2026-08-23T19:16:54Z,30837637,278899,3275672.2,16975,754771.5,485,1737978.9,30899073,85898240.3
2026-08-23T19:19:02Z,30973807,280187,3293275.2,17045,758246.7,487,1746901.9,31035433,86286909.9
2026-08-23T19:21:11Z,31109707,281435,3302208.4,17115,761009.1,489,1753890.2,31172277,86666269.2
2026-08-23T19:23:22Z,31246254,282619,3324979.5,17185,764460.2,491,1763796.5,31310226,87149962.4
2026-08-23T19:25:34Z,31384779,283942,3341791.6,17290,770742.7,493,1771192.8,31451055,87561643.8
2026-08-23T19:27:45Z,31525347,285194,3360471.9,17360,773617.8,496,1786450.5,31589421,87969100.6
2026-08-23T19:29:54Z,31663451,286339,3370188.0,17430,776562.1,498,1794365.1,31727311,88395237.7
2026-08-23T19:32:05Z,31800962,287709,3387837.0,17500,779384.1,500,1801821.7,31865725,88831605.2
2026-08-23T19:34:15Z,31939685,288965,3408697.1,17570,783854.6,502,1812598.0,32003371,89314907.7
2026-08-23T19:36:25Z,32077339,290048,3417017.2,17640,786757.1,504,1819870.9,32140750,89737502.7
2026-08-23T19:38:38Z,32214427,291556,3450835.3,17745,792461.3,507,1834305.0,32282942,90197652.4
2026-08-23T19:40:48Z,32356128,292673,3461046.1,17815,797068.6,509,1842821.8,32421207,90635365.3
2026-08-23T19:43:11Z,32494011,294081,3489100.8,17885,801228.7,511,1854113.9,32573003,91305247.8
2026-08-23T19:45:28Z,32645666,295265,3506082.1,17986,805929.9,513,1862004.5,32718434,91754992.6
2026-08-23T19:47:47Z,32790736,296693,3519259.1,18060,810357.5,516,1878232.8,32865992,92207819.7
2026-08-23T19:50:04Z,32937828,298006,3542919.1,18130,813465.5,518,1885645.1,33011420,92654035.1
2026-08-23T19:52:36Z,33082999,299406,3558138.1,18235,819723.4,521,1902737.2,33171781,93271026.7
2026-08-23T19:55:10Z,33243699,301049,3591140.2,18305,822632.3,523,1909911.9,33335863,93795632.0
2026-08-23T19:57:46Z,33407279,302495,3604407.1,18410,828002.5,526,1924438.3,33501595,94305401.4
2026-08-23T20:00:15Z,33572573,303866,3617688.3,18480,832600.6,528,1935908.6,33660706,94833957.8
2026-08-23T20:03:07Z,33731279,305528,3650639.7,18585,838937.8,531,1950486.0,33842839,95512081.2
2026-08-23T20:05:42Z,33913461,307047,3664301.2,18690,844899.5,534,1966152.2,34007268,96014206.6
2026-08-23T20:08:07Z,34077420,308427,3693149.5,18760,848093.2,536,1974129.6,34161494,96504661.1
2026-08-23T20:11:09Z,34231473,310062,3732951.5,18865,867086.0,539,2015138.8,34323887,97683577.2
2026-08-23T20:13:41Z,34417129,311511,3808867.4,18974,876221.2,549,2054496.2,34466245,99168712.0
2026-08-23T20:16:05Z,34566016,313169,4034922.5,19047,882838.8,557,2065832.5,34604285,99769899.1
2026-08-23T20:18:44Z,34718721,314900,4054494.4,19152,889811.6,560,2080095.3,34772815,100236829.2
2026-08-23T20:21:14Z,34886891,316654,4101254.4,19222,895586.1,562,2090457.1,34932627,100707572.6
2026-08-23T20:23:43Z,35046181,318245,4119174.4,19327,903239.9,565,2104895.6,35091202,101195469.0
2026-08-23T20:26:22Z,35204322,319879,4145743.0,19397,907226.8,567,2113756.6,35259452,101652245.4
2026-08-23T20:29:02Z,35372133,321703,4174765.0,19502,913504.2,570,2128006.6,35429723,102118233.2
2026-08-23T20:31:34Z,35541843,323289,4194243.6,19607,921001.9,573,2142488.6,35591769,102540279.9
2026-08-23T20:34:04Z,35703457,324897,4224504.1,19677,925884.5,575,2152423.3,35751272,103046394.3
2026-08-23T20:36:46Z,35862491,326559,4240144.3,19782,932238.1,578,2168416.3,35922982,103491908.0
2026-08-23T20:39:37Z,36033660,328423,4283522.4,19887,939655.8,581,2182844.9,36104852,104066164.6
2026-08-23T20:42:14Z,36214953,330041,4299856.6,19957,943401.0,583,2192110.9,36271581,104560216.0
2026-08-23T20:44:22Z,36381539,331416,4328841.5,20027,947361.5,585,2203125.6,36407734,104984613.3
2026-08-23T20:46:29Z,36517369,332759,4346577.4,20132,953613.1,587,2211319.0,36542899,105314184.2
2026-08-23T20:48:49Z,36652253,334142,4368743.6,20202,959550.5,590,2236129.0,36678046,105764334.6
2026-08-23T20:51:07Z,36800415,335556,4403786.8,20272,963086.5,592,2245540.3,36806624,106435742.5
2026-08-23T20:53:15Z,36946362,336897,4424270.0,20342,969555.6,594,2259000.7,36942651,106900314.8
2026-08-23T20:55:22Z,37081938,338150,4440792.1,20416,972311.5,603,2266062.0,37074680,107252954.2
2026-08-23T20:57:35Z,37217364,339551,4662066.3,20524,979738.8,611,2273154.4,37209395,107985027.8
2026-08-23T20:59:43Z,37357528,340862,4683190.7,20594,983389.2,614,2291546.0,37345511,108368988.3
2026-08-23T21:01:51Z,37493274,342285,4697770.5,20664,987295.0,616,2300270.1,37481290,108724687.9
2026-08-23T21:04:02Z,37629280,343768,4734348.2,20734,990573.7,618,2310461.6,37619741,109164648.5
2026-08-23T21:06:10Z,37767843,344936,4742339.4,20804,993315.6,620,2317187.4,37756263,109496948.9
2026-08-23T21:08:19Z,37904125,346223,4756401.7,20874,996171.8,622,2324081.6,37893553,109836449.8
2026-08-23T21:10:27Z,38040985,347704,4778633.1,20974,1000674.9,624,2332987.1,38029625,110167644.4
2026-08-23T21:12:39Z,38176573,348881,4789397.3,21049,1005427.9,627,2347027.2,38168350,110597793.7
2026-08-23T21:14:48Z,38316619,350174,4805041.9,21119,1008282.6,629,2353989.7,38304973,110963374.5
2026-08-23T21:16:57Z,38452652,351688,4825338.6,21189,1012031.7,631,2361441.0,38442025,111317950.3
2026-08-23T21:19:05Z,38589257,352815,4833287.7,21259,1014842.6,633,2368439.1,38578747,111647751.5
2026-08-23T21:21:14Z,38725589,354017,4847333.9,21329,1017757.4,635,2375835.6,38715745,111983243.8
2026-08-23T21:23:27Z,38862254,355522,4869042.0,21425,1021451.9,637,2383860.7,38856354,112379503.3
2026-08-23T21:25:37Z,39002696,356748,4883760.6,21504,1026509.0,640,2398940.5,38995242,112706912.4
2026-08-23T21:27:51Z,39141208,358052,4900544.8,21574,1029494.9,642,2405531.7,39136888,113039050.2
2026-08-23T21:30:04Z,39282461,359424,4912066.4,21644,1032451.8,644,2412050.6,39278399,113370300.1
2026-08-23T21:32:28Z,39423591,360884,4930233.5,21744,1037761.0,646,2419256.0,39431234,113781925.7
2026-08-23T21:34:39Z,39576520,362164,4949826.3,21819,1043871.1,649,2432959.8,39570779,114164109.5
2026-08-23T21:37:13Z,39715526,363630,4966156.7,21889,1047606.7,651,2441424.8,39734640,114573025.4
2026-08-23T21:39:48Z,39878930,365098,4987274.1,21994,1054117.3,654,2455892.9,39899208,114992831.9
2026-08-23T21:42:34Z,40043089,366867,5013377.9,22099,1062218.9,657,2473168.1,40075866,115509573.9
2026-08-23T21:44:51Z,40219330,368071,5024344.6,22169,1067062.6,659,2482347.1,40220639,115947414.0
2026-08-23T21:47:33Z,40363730,369804,5054988.6,22274,1073600.1,662,2495831.7,40392867,116459681.1
2026-08-23T21:50:11Z,40535625,371219,5066188.2,22344,1077544.7,664,2503791.1,40561291,116914454.2
2026-08-23T21:53:12Z,40703510,372979,5099852.2,22449,1085257.8,667,2519598.2,40752932,117486007.6
2026-08-23T21:55:42Z,40894693,374395,5112140.1,22554,1093693.7,670,2535906.4,40912672,117916007.1
2026-08-23T21:58:32Z,41053997,376233,5149120.1,22659,1101533.4,673,2554798.3,41093460,118434824.0
2026-08-23T22:01:17Z,41234420,377680,5160555.6,22729,1105888.8,675,2564944.1,41269129,118890983.3
2026-08-23T22:04:00Z,41409593,379472,5193598.5,22834,1113729.0,678,2580666.5,41441262,119382605.4
2026-08-23T22:06:32Z,41581730,381003,5205862.1,22939,1121383.2,680,2589738.9,41603018,119803698.5
2026-08-23T22:09:21Z,41743051,382496,5223562.8,23009,1125380.9,683,2601197.0,41782378,120245774.5
2026-08-23T22:12:06Z,41922056,384238,5250115.4,23114,1133532.4,686,2617891.4,41957896,120768081.6
2026-08-23T22:14:51Z,42097530,385762,5272823.7,23219,1141580.9,689,2634405.4,42133171,121294860.1
2026-08-23T22:17:25Z,42272362,387337,5295830.9,23289,1145924.6,691,2643235.7,42296508,121717648.2
2026-08-23T22:20:15Z,42435157,389028,5318539.8,23394,1153574.3,694,2657509.0,42477153,122193517.0
2026-08-23T22:23:09Z,42615370,390780,5346519.1,23499,1161969.8,697,2673532.2,42662116,122807257.6
2026-08-23T22:25:59Z,42799743,392418,5367987.0,23604,1169078.4,700,2688252.5,42842603,123279051.6
2026-08-23T22:28:42Z,42979743,394086,5392479.6,23709,1177000.0,703,2704438.7,43015955,123784452.1
2026-08-23T22:31:32Z,43152569,395775,5414282.7,23814,1184779.8,705,2714653.6,43196893,124274783.4
2026-08-23T22:34:20Z,43333095,397393,5442771.6,23884,1190988.4,708,2734661.7,43375076,124871415.4
2026-08-23T22:37:14Z,43510855,399167,5464493.6,23989,1199542.1,711,2749395.8,43559954,125359472.1
2026-08-23T22:40:05Z,43695240,400992,5491256.0,24094,1207094.4,714,2765799.9,43741649,125869491.4
2026-08-23T22:43:30Z,43872915,402891,5517710.3,24234,1219479.2,717,2783190.6,43955373,126641352.0
2026-08-23T22:46:28Z,44090692,404705,5544199.0,24332,1224628.8,720,2797055.9,44143696,127180870.8
2026-08-23T22:49:27Z,44278714,406458,5565826.2,24434,1232199.9,723,2812572.1,44334225,127725483.5
2026-08-23T22:52:44Z,44468734,408406,5594161.6,24549,1242357.8,727,2832386.0,44542832,128363855.7
2026-08-23T22:55:29Z,44677346,410017,5617974.1,24653,1249787.4,729,2839935.9,44719144,128896945.8
2026-08-23T22:58:25Z,44853070,411785,5645410.7,24724,1254245.4,732,2854810.7,44906173,129411205.4
2026-08-23T23:01:09Z,45039498,413511,5668785.5,24829,1262798.4,735,2870550.4,45079757,129897931.4
2026-08-23T23:04:09Z,45212697,415336,5709803.1,24934,1272077.1,738,2887174.7,45271660,130507706.1
2026-08-23T23:07:06Z,45404184,417062,5724445.9,25039,1279920.1,741,2901525.5,45459181,131012514.2
2026-08-23T23:09:56Z,45591114,418673,5752646.2,25144,1287341.5,744,2916639.4,45639880,131484863.5
2026-08-23T23:13:13Z,45771560,420637,5774958.6,25249,1296632.8,747,2935381.2,45848966,132219448.4
2026-08-23T23:16:14Z,45980547,422441,5812051.2,25354,1306195.9,750,2953185.2,46041044,132826554.9
2026-08-23T23:19:02Z,46172195,423990,5826453.3,25459,1314312.3,753,2969901.5,46220117,133327823.5
2026-08-23T23:21:56Z,46350711,425771,5863006.9,25564,1322920.9,756,2986410.5,46404539,133828368.9
2026-08-23T23:24:56Z,46534736,427467,5882283.4,25669,1331518.7,759,3002120.8,46596282,134453052.2
2026-08-23T23:28:03Z,46725994,429366,5922188.1,25774,1339917.0,762,3018073.0,46794278,135027653.0
2026-08-23T23:30:20Z,46923858,430677,5940386.8,25844,1345876.8,764,3028971.1,46939565,135600356.0
2026-08-23T23:32:37Z,47069405,432092,5961464.1,25949,1352225.8,766,3038718.1,47084323,136020488.9
2026-08-23T23:34:49Z,47213977,433375,5978962.2,26019,1355591.1,769,3054679.4,47225079,136419126.6
2026-08-23T23:37:10Z,47354310,434869,6000124.1,26089,1358342.2,771,3061160.0,47374449,136799626.8
2026-08-23T23:39:30Z,47503311,436103,6012521.4,26194,1363844.6,773,3068264.9,47522784,137182958.1
2026-08-23T23:41:54Z,47647826,437483,6028505.2,26264,1367672.2,776,3081527.2,47672541,137592022.7
2026-08-23T23:44:12Z,47800682,438933,6059846.3,26334,1372748.1,778,3096306.4,47819581,138219977.6
2026-08-23T23:46:35Z,47947541,440260,6077813.6,26439,1378684.6,781,3110955.6,47971566,138644435.7
2026-08-23T23:48:58Z,48098945,441678,6094510.9,26509,1381736.3,783,3117807.7,48123224,139007756.1
2026-08-23T23:51:14Z,48250169,443078,6106548.8,26579,1385183.9,785,3125918.6,48268410,139389334.5
2026-08-23T23:53:53Z,48394906,444619,6139329.9,26684,1391415.0,788,3142688.2,48436628,139929875.7
2026-08-23T23:56:36Z,48562749,446182,6153602.0,26789,1402242.4,791,3160995.0,48603845,140376430.9
2026-08-23T23:59:56Z,48735763,448057,6235737.1,26894,1414722.9,794,3188196.7,48788371,141583429.3
2026-08-24T00:02:50Z,48945468,449852,6249928.6,27002,1419748.0,803,3200970.4,48956679,141997438.3
2026-08-24T00:05:51Z,49111889,451674,6525658.0,27111,1433501.3,813,3223785.0,49120730,142883490.1
2026-08-24T00:08:39Z,49303583,453800,6554068.1,27216,1441010.2,816,3238013.4,49299630,143380996.8
2026-08-24T00:11:36Z,49481938,455987,6595504.3,27321,1450790.5,819,3251528.2,49487612,143895589.7
2026-08-24T00:14:41Z,49669508,458128,6643492.8,27426,1463104.6,822,3275400.0,49684490,144691093.9
2026-08-24T00:17:39Z,49865728,460213,6675005.2,27531,1469773.5,825,3289881.4,49873156,145219603.5
2026-08-24T00:20:30Z,50053878,462312,6708099.6,27633,1477896.1,827,3297595.2,50054822,145727249.3
2026-08-24T00:23:46Z,50235111,464411,6744106.1,27741,1488638.8,831,3318855.4,50263269,146427136.9
2026-08-24T00:26:44Z,50442994,466449,6776452.7,27846,1498413.6,834,3332500.2,50452472,146968063.7
2026-08-24T00:29:52Z,50631618,468536,6804763.4,27951,1507102.8,837,3347128.6,50652377,147518407.8
2026-08-24T00:33:19Z,50831176,470917,6842766.8,28056,1513361.6,840,3362447.7,50872056,148224273.2
2026-08-24T00:36:36Z,51050650,473421,6892588.8,28196,1526761.5,844,3382729.7,51081189,148841489.2
2026-08-24T00:38:54Z,51259178,474827,6906248.2,28266,1532390.1,846,3391408.4,51227213,149249748.0
2026-08-24T00:41:07Z,51405795,476602,6934565.2,28336,1536034.5,848,3399741.1,51368454,149632890.8
2026-08-24T00:43:24Z,51546762,478015,6963752.8,28406,1542802.2,850,3411705.2,51514373,150288447.0
2026-08-24T00:45:40Z,51692130,479717,7000279.9,28511,1550670.3,852,3421219.4,51658352,150774426.9
2026-08-24T00:47:53Z,51835659,481165,7029489.4,28581,1555752.3,855,3439999.6,51800428,151194469.5
2026-08-24T00:50:08Z,51977469,482835,7046755.6,28651,1558809.8,857,3448098.7,51944002,151595102.5
2026-08-24T00:52:33Z,52120535,484625,7078743.1,28756,1567102.4,859,3455682.3,52097820,152102134.5
2026-08-24T00:54:46Z,52274238,486071,7106549.7,28826,1570057.0,862,3472444.4,52238883,152532550.0
2026-08-24T00:56:59Z,52414819,487608,7123983.5,28896,1572952.0,864,3479510.1,52380616,152938724.4
2026-08-24T00:59:13Z,52556141,489161,7160509.7,28966,1578970.1,866,3495691.1,52520109,153429095.9
2026-08-24T01:01:25Z,52697796,490535,7173769.7,29036,1581862.1,868,3503655.9,52660684,153825713.0
2026-08-24T01:03:45Z,52838137,492281,7211681.0,29141,1589395.7,871,3524805.6,52809775,154374419.9
2026-08-24T01:06:04Z,52986659,493888,7237040.5,29211,1592242.7,873,3532086.4,52956720,154781722.3
2026-08-24T01:08:31Z,53133991,495522,7254445.6,29316,1598367.9,875,3542098.7,53112957,155224844.0
2026-08-24T01:11:24Z,53289717,497512,7295798.8,29386,1602039.3,878,3557440.7,53296298,155726462.9
2026-08-24T01:13:49Z,53472754,499169,7323420.3,29491,1615971.5,881,3577616.0,53449605,156436019.1
2026-08-24T01:16:47Z,53626507,501277,7364631.4,29596,1622575.6,884,3590421.9,53638935,156982060.7
2026-08-24T01:19:46Z,53815273,503218,7384126.3,29701,1630008.2,887,3604208.7,53829601,157515386.2
2026-08-24T01:23:20Z,54005426,505626,7429923.7,29806,1636291.4,890,3619380.0,54056283,158285373.2
2026-08-24T01:26:23Z,54231527,507687,7459837.6,29911,1643157.0,893,3632370.1,54250717,158819571.7
2026-08-24T01:29:35Z,54425413,509902,7489749.1,30051,1654432.3,897,3652837.8,54455552,159385016.2
2026-08-24T01:33:21Z,54630057,512472,7531128.4,30156,1660908.6,900,3667602.2,54694585,160215075.1
2026-08-24T01:40:26Z,54967361,2205,71019.1,70,9022.2,4,25366.6,172676,564200.9
2026-08-24T01:43:49Z,55161982,4855,128362.6,210,22992.2,7,42858.5,388367,1305966.5
2026-08-24T01:46:47Z,55377557,7059,165419.7,315,30818.4,10,57077.4,577048,1815072.7
2026-08-24T01:49:43Z,55565903,9211,195632.4,420,39730.6,13,69233.1,764191,2320469.2
2026-08-24T01:53:09Z,55752498,11446,231776.7,525,49913.7,17,87151.9,982486,2999399.8
2026-08-24T01:55:56Z,55970829,13506,264455.4,631,58960.2,20,94617.7,1147467,3475919.0
2026-08-24T01:58:18Z,56141397,14937,295548.5,704,64841.8,29,114755.3,1296401,4273814.2
2026-08-24T02:00:34Z,56287863,16168,490041.8,813,77773.7,38,133567.0,1427036,5405056.3
2026-08-24T02:02:53Z,56432047,17818,523653.5,883,82464.8,40,146956.1,1574589,6021370.1
2026-08-24T02:05:09Z,56579232,19168,543227.7,953,87733.5,43,163078.7,1718909,6560392.8
2026-08-24T02:07:23Z,56723254,20728,581347.5,1023,91454.1,45,174047.7,1860331,7022397.0
2026-08-24T02:09:47Z,56865547,22181,602219.0,1128,100478.8,47,183414.1,2013845,7616512.5
2026-08-24T02:12:08Z,57018710,23635,641535.6,1198,104058.9,50,211289.8,2160644,8156438.8
2026-08-24T02:14:22Z,57167639,25067,667078.9,1268,112420.4,52,220719.6,2303524,8839610.0
2026-08-24T02:16:36Z,57310174,26418,691381.7,1373,119407.0,54,233002.1,2445568,9297057.7
2026-08-24T02:18:52Z,57451974,27946,719678.1,1443,125008.9,56,241720.4,2589057,9771902.9
2026-08-24T02:21:12Z,57595498,29260,735000.0,1513,128707.6,59,259301.3,2735638,10247850.9
2026-08-24T02:23:31Z,57744680,30811,767291.7,1616,137877.1,61,271229.6,2882208,10871906.4
2026-08-24T02:25:45Z,57891440,32163,798135.4,1688,142390.7,63,284773.1,3024483,11362723.3
2026-08-24T02:28:00Z,58033631,33719,829312.7,1758,147678.1,66,301819.1,3168413,11847332.6
2026-08-24T02:30:18Z,58177147,35001,852132.9,1828,151298.2,68,314431.1,3313101,12359120.4
2026-08-24T02:32:47Z,58322893,36473,873570.8,1933,160131.5,70,325252.6,3471416,13009468.0
2026-08-24T02:35:03Z,58480608,38063,914194.6,2003,164506.7,73,357042.2,3616682,13627984.9
2026-08-24T02:37:18Z,58625444,39373,937604.9,2073,169498.0,75,366061.0,3760266,14145700.7
2026-08-24T02:39:37Z,58768548,40874,967311.2,2178,177631.3,77,384330.6,3906476,14768186.9
2026-08-24T02:41:59Z,58916163,42398,1001722.2,2248,182987.2,79,393770.5,4057202,15347674.1
2026-08-24T02:44:24Z,59066337,43898,1045534.3,2318,188441.1,82,420341.2,4210641,16143185.5
2026-08-24T02:46:39Z,59219520,45228,1060363.4,2423,197173.4,84,428835.8,4354225,16619302.2
2026-08-24T02:48:55Z,59362926,46744,1088509.3,2493,200977.9,86,442565.2,4498918,17110764.8
2026-08-24T02:51:11Z,59507488,48111,1117359.5,2563,206843.8,89,458540.2,4642864,17604635.7
2026-08-24T02:53:37Z,59651086,49592,1143532.1,2668,216789.4,91,473354.1,4798192,18319028.9
2026-08-24T02:55:58Z,59805958,51170,1185291.6,2738,221759.0,93,483373.1,4947617,18851276.8
2026-08-24T02:58:13Z,59955122,52435,1198772.9,2808,225259.9,96,501402.9,5091783,19319213.1
2026-08-24T03:00:30Z,60098815,53954,1239769.9,2912,234418.4,98,512157.4,5237137,19878475.3
2026-08-24T03:02:50Z,60244031,55238,1260327.4,2983,239324.8,100,527720.4,5384526,20467364.2
2026-08-24T03:05:13Z,60392257,56692,1285685.7,3053,246051.3,103,552281.3,5536837,21120636.6
2026-08-24T03:07:34Z,60543885,58324,1323439.8,3158,254749.0,105,561189.6,5686483,21636527.4
2026-08-24T03:09:52Z,60693172,59673,1342806.0,3228,258978.5,107,574061.4,5833606,22240672.2
2026-08-24T03:12:13Z,60840033,61233,1397610.8,3298,266004.8,110,591339.1,5982540,22898396.8
2026-08-24T03:14:37Z,60989642,62683,1425426.9,3403,275637.9,112,608713.5,6134950,23706675.4
2026-08-24T03:17:04Z,61141358,64122,1450744.3,3473,281576.3,114,616979.8,6289827,24258689.4
2026-08-24T03:19:21Z,61297652,65608,1485260.7,3543,285382.9,117,644021.2,6435360,24748263.9
2026-08-24T03:21:38Z,61442794,67104,1505280.3,3648,294163.8,119,655225.4,6580411,25243713.4
2026-08-24T03:24:00Z,61587957,68495,1552302.6,3718,301010.4,120,659438.6,6731258,25978559.3
2026-08-24T03:26:26Z,61739043,70012,1581958.8,3788,304609.6,123,672432.8,6884952,26555651.7
2026-08-24T03:28:52Z,61893396,71554,1608537.3,3893,313303.8,126,693790.0,7038913,27094444.6
2026-08-24T03:31:10Z,62048108,73054,1636992.7,3963,317014.6,128,706013.3,7185496,27640425.2
2026-08-24T03:33:50Z,62195834,74722,1700106.3,4068,330635.7,129,710978.2,7353993,28747681.5
2026-08-24T03:36:42Z,62364283,76517,1757368.8,4173,349326.0,133,748904.4,7526392,29982490.2
2026-08-24T03:40:12Z,62546574,78436,1822878.1,4278,366062.4,,
2026-08-24T03:42:33Z,62653442,549,21404.1,35,6102.7,2,9923.6,35935,118198.9
2026-08-24T03:44:47Z,62802223,1916,41941.3,105,10105.6,4,16907.1,178611,540732.6
2026-08-24T03:47:01Z,62944735,3525,65934.6,175,13110.1,6,25585.8,320822,886116.8
2026-08-24T03:49:13Z,63086379,4858,87779.2,245,17520.4,9,37091.6,461681,1218719.6
2026-08-24T03:51:26Z,63226921,6441,109494.2,327,20352.8,11,45759.6,602735,1535894.0
2026-08-24T03:53:39Z,63367475,7752,126052.8,420,27025.5,13,59177.7,743340,1939239.1
2026-08-24T03:55:58Z,63508456,9398,154134.2,490,29711.2,15,66030.2,890572,2264737.7
2026-08-24T03:58:09Z,63655239,10676,163664.8,560,32540.4,17,72771.1,1029834,2551895.4
2026-08-24T04:00:21Z,63794186,12169,185370.0,630,36740.2,19,82306.9,1170427,2874907.9
2026-08-24T04:02:38Z,63934382,13564,205532.7,735,43345.8,22,95694.4,1316187,3226761.3
2026-08-24T04:04:50Z,64080003,14937,221359.7,805,46756.1,24,104416.1,1456391,3601197.7
2026-08-24T04:07:04Z,64219844,16420,248188.8,875,50886.5,26,110959.2,1598340,3911980.0
2026-08-24T04:09:22Z,64361433,17859,260900.8,945,53434.3,28,117612.4,1744812,4224170.4
2026-08-24T04:11:37Z,64507476,19249,276129.2,1050,62118.3,31,136676.6,1888058,4533179.1
2026-08-24T04:13:50Z,64650561,20606,308612.3,1120,65999.7,33,143756.6,2029746,4982430.5
2026-08-24T04:16:03Z,64791680,22102,322905.6,1190,69646.2,35,150800.1,2171904,5330638.0
2026-08-24T04:18:17Z,64933420,23425,345392.5,1260,72427.6,37,162158.1,2314373,5666987.3
2026-08-24T04:20:33Z,65075572,24989,362434.8,1365,78154.3,39,168491.9,2458213,5996200.4
2026-08-24T04:22:54Z,65218949,26532,385128.0,1435,83036.7,41,181785.6,2608527,6416756.7
2026-08-24T04:25:08Z,65369161,27933,406565.0,1505,85687.4,44,191049.7,2750060,6716623.5
2026-08-24T04:27:20Z,65510255,29209,417064.0,1575,90328.1,46,200678.3,2890320,7015116.0
2026-08-24T04:29:33Z,65650195,30826,441344.7,1680,96104.9,48,207104.1,3032237,7326326.9
2026-08-24T04:31:46Z,65791697,32131,457402.4,1750,98807.3,51,219551.2,3173275,7627788.3
2026-08-24T04:34:03Z,65932389,33671,476114.8,1820,104072.5,53,231562.6,3319174,8031084.9
2026-08-24T04:36:18Z,66078109,34985,492353.8,1890,106881.0,55,238011.2,3462171,8327911.1
2026-08-24T04:38:32Z,66220786,36588,515003.4,1995,113673.6,57,247782.1,3604500,8637322.4
2026-08-24T04:40:45Z,66362677,37928,533605.5,2065,116621.4,60,260911.2,3745724,8960036.7
2026-08-24T04:43:02Z,66503790,39485,565436.6,2135,121832.3,61,264037.8,3891971,9444647.8
2026-08-24T04:45:20Z,66649733,40812,580900.4,2205,125688.1,64,274193.8,4038182,9812915.1
2026-08-24T04:47:39Z,66795762,42412,601719.4,2310,132900.8,66,280999.7,4184782,10142807.0
2026-08-24T04:49:52Z,66942312,43764,618401.5,2380,136597.3,69,299066.2,4326407,10452392.4
2026-08-24T04:52:10Z,67083493,45309,638327.7,2450,140109.4,71,306971.1,4473091,10827401.2
2026-08-24T04:54:23Z,67229691,46699,657269.3,2520,145449.4,73,318412.4,4614711,11192093.9
2026-08-24T04:56:39Z,67370920,48213,680638.9,2625,152355.2,75,324964.4,4759019,11529837.4
2026-08-24T04:58:57Z,67514879,49729,694724.9,2695,156854.6,78,339919.0,4906524,11880683.2
2026-08-24T05:01:11Z,67661877,51179,715725.9,2765,160329.1,80,346329.3,5048837,12192486.4
2026-08-24T05:03:28Z,67803825,52658,736527.6,2864,166882.9,81,349828.7,5193800,12607033.6
2026-08-24T05:05:42Z,67948332,54038,751493.8,2940,171648.0,84,366107.6,5336302,12952688.4
2026-08-24T05:07:55Z,68090447,55447,778501.7,3010,176663.0,86,372513.9,5477690,13292655.5
2026-08-24T05:10:13Z,68231575,56882,791756.5,3080,180047.1,89,388710.6,5624178,13639480.9
2026-08-24T05:12:41Z,68377611,58501,834073.4,3185,191197.2,90,391855.5,5782009,14099789.5
2026-08-24T05:14:55Z,68534932,59890,856967.3,3255,196438.1,92,407720.9,5924616,14510397.0
2026-08-24T05:17:11Z,68677127,61371,872250.1,3325,201080.1,95,423608.8,6068635,14878310.6
2026-08-24T05:19:25Z,68820868,62780,896177.4,3395,204831.6,97,430147.7,6211249,15198755.6
2026-08-24T05:21:40Z,68963068,64266,909646.3,3500,211540.3,99,442094.0,6354592,15531984.5
2026-08-24T05:24:02Z,69105994,65816,942181.9,3570,216853.4,101,448269.0,6505569,15974061.9
2026-08-24T05:26:16Z,69256618,67171,958008.8,3640,220846.0,103,455225.3,6647828,16275980.5
2026-08-24T05:28:32Z,69398461,68641,973216.3,3745,229795.0,106,476474.2,6793213,16638634.3
2026-08-24T05:30:47Z,69543344,70057,1001667.9,3815,233711.3,108,484015.3,6936027,16960620.4
2026-08-24T05:33:06Z,69685968,71632,1017465.4,3885,238823.7,110,494626.3,7083908,17333314.2
2026-08-24T05:35:27Z,69833311,73123,1039398.2,3983,243828.3,112,502456.1,7233922,17733089.4
2026-08-24T05:37:42Z,69983172,74644,1062309.2,4060,250091.9,115,517036.4,7377552,18043860.8
2026-08-24T05:39:56Z,70126412,75952,1073248.7,4130,253276.0,117,523242.1,7519372,18352202.0
2026-08-24T05:42:15Z,70267811,77508,1097666.9,4200,258461.0,119,533920.0,7666955,18718020.8
2026-08-24T05:44:32Z,70415028,78927,1122202.1,4305,266734.7,121,547212.2,7812820,19224230.5
2026-08-24T05:46:54Z,70560406,80324,1142127.6,4375,271605.8,123,554273.0,7963457,19587628.1
2026-08-24T05:49:09Z,70710595,81981,1167169.4,4445,274447.6,125,565815.2,8107255,19902574.2
2026-08-24T05:51:23Z,70854084,83284,1180731.8,4515,279259.9,128,580235.1,8250432,20219526.3
2026-08-24T05:53:41Z,70996766,84827,1206160.1,4620,286689.6,130,592366.8,8396751,20670841.2
2026-08-24T05:55:57Z,71142579,86146,1223216.2,4690,290966.2,132,599145.9,8540702,20999508.3
2026-08-24T05:58:13Z,71285323,87661,1241565.1,4764,293634.6,142,612719.4,8677219,21383283.3
2026-08-24T06:00:30Z,71430046,89053,1259450.9,4865,299913.4,144,622587.0,8822692,21703542.2
2026-08-24T06:02:44Z,71575156,90520,1288078.5,4939,304773.3,146,629459.4,8964152,22057690.0
2026-08-24T06:04:55Z,71716939,91762,1298219.7,5009,307180.9,148,636551.2,9103499,22342512.8
2026-08-24T06:07:09Z,71855897,93267,1320536.4,5079,311267.6,151,650408.2,9245580,22645070.6
2026-08-24T06:09:21Z,71997620,94563,1335968.6,5149,313801.4,153,656840.6,9386697,22937242.6
2026-08-24T06:11:38Z,72138380,96034,1349537.8,5254,319751.8,155,665018.9,9531916,23239890.1
2026-08-24T06:13:57Z,72283217,97352,1387687.4,5324,323938.8,157,677525.0,9678179,23710721.9
2026-08-24T06:16:10Z,72430082,98836,1401416.8,5394,326760.8,159,683710.1,9820601,24023321.5
2026-08-24T06:18:23Z,72572048,100143,1415977.0,5464,331127.9,161,692411.3,9961853,24332033.1
2026-08-24T06:20:36Z,72712893,101592,1434766.1,5569,336745.9,163,702016.7,10103345,24623946.1
2026-08-24T06:22:53Z,72854090,102925,1447900.9,5639,341127.7,164,704912.1,10247780,25012424.3
2026-08-24T06:25:12Z,72998599,104478,1473017.8,5709,343901.0,167,714418.4,10395627,25347819.4
2026-08-24T06:27:26Z,73145950,105690,1481063.4,5785,346400.2,170,730797.5,10538262,25629621.6
2026-08-24T06:29:39Z,73288203,107194,1496827.4,5884,352981.2,172,736840.4,10679905,25912343.1
2026-08-24T06:31:52Z,73429498,108532,1517161.3,5954,355689.6,174,743533.9,10820562,26208460.7
2026-08-24T06:34:05Z,73569641,109978,1533398.1,6024,359507.1,176,755519.8,10961804,26617105.9
2026-08-24T06:36:19Z,73710975,111357,1552702.2,6094,362040.8,178,761815.8,11104039,26905702.5
2026-08-24T06:38:38Z,73852821,112836,1567840.2,6199,367265.8,181,776473.3,11252067,27204990.4
2026-08-24T06:40:50Z,74000361,114190,1579226.5,6269,369645.0,183,782727.4,11392270,27461812.8
2026-08-24T06:43:11Z,74140354,115667,1610458.6,6339,372782.8,185,791848.7,11541918,27918701.2
2026-08-24T06:46:35Z,74289614,117628,1636876.3,6479,382988.5,189,811257.9,11757631,28552189.8
2026-08-24T06:51:04Z,74505766,120329,1703711.5,6619,411870.2,193,850492.0,12034031,29791752.4
2026-08-24T06:54:10Z,74759841,121773,1733141.7,6726,417962.8,198,865704.4,12129522,30944009.4
2026-08-24T06:57:34Z,74919567,123888,1759370.8,6869,424278.9,208,881774.0,12343720,34031951.6
2026-08-24T07:00:30Z,75135813,125798,1780756.5,6974,429795.6,211,892137.9,12530720,34364947.0
2026-08-24T07:02:57Z,75322288,127097,1797334.5,7045,433628.3,214,898738.0,12659650,34579643.7
2026-08-24T07:06:32Z,75451286,129513,2067738.5,7190,446089.4,226,924762.1,12869651,35684279.4
2026-08-24T07:10:14Z,75679004,131872,2118239.3,7295,454757.3,229,942078.0,13105198,36262498.5
2026-08-24T07:14:37Z,75914065,134561,2173490.1,7470,468507.2,234,980515.9,13385012,37201517.9
2026-08-24T07:17:03Z,76193236,136074,2213789.6,7540,473269.5,235,986070.1,13539874,37784976.4
2026-08-24T07:19:21Z,76347832,137512,2236486.6,7610,479705.6,238,1010301.6,13685998,38338837.6
2026-08-24T07:21:44Z,76493722,138893,2269525.9,7715,488164.5,240,1019001.5,13838253,38796019.6
2026-08-24T07:24:09Z,76646005,140367,2283855.0,7785,492427.5,243,1045755.1,13992479,39220884.3
2026-08-24T07:26:34Z,76799982,141904,2310279.9,7890,501960.5,245,1055887.2,14146078,39683231.9
2026-08-24T07:28:52Z,76953193,143424,2345453.0,7960,507400.6,248,1079494.4,14293264,40199560.7
2026-08-24T07:31:14Z,77099929,144726,2371579.2,8030,511823.6,250,1094222.2,14443733,40645281.5
2026-08-24T07:33:38Z,77250062,146195,2395290.5,8135,519262.2,252,1103547.8,14594609,41062894.5
2026-08-24T07:36:01Z,77402391,147765,2411022.4,8205,522495.4,255,1125113.2,14747028,41464878.3
2026-08-24T07:40:08Z,77555276,150039,2654419.3,8345,578651.1,255,1125113.2,14978141,44463260.3
2026-08-24T07:42:25Z,77703402,144,29737.7,3,0.4,7,17375.3,8606,44437.3
2026-08-24T07:44:49Z,77846956,2562,433451.7,111,12394.4,15,30890.7,148216,1700255.8
2026-08-24T07:47:09Z,77998699,3901,457625.5,181,18625.6,18,50559.2,297485,2254199.7
2026-08-24T07:49:35Z,78147903,5511,504176.0,286,26270.0,20,68428.5,451452,2801951.1
2026-08-24T07:51:58Z,78301979,7010,520329.7,356,31621.3,23,93038.9,601713,3251265.9
2026-08-24T07:54:16Z,78453514,8410,547186.9,426,35192.9,25,105513.3,749010,3714355.4
2026-08-24T07:56:41Z,78600603,10027,581418.5,531,43865.2,27,125470.4,902453,4262885.5
2026-08-24T07:59:08Z,78753776,11550,608660.7,601,49843.3,30,153292.2,1058132,4983128.9
2026-08-24T08:01:38Z,78909600,13177,657016.5,706,63299.1,31,159000.0,1217799,5662432.5
2026-08-24T08:03:57Z,79068821,14651,674739.6,776,67033.4,34,176091.6,1365595,6168724.2
2026-08-24T08:06:16Z,79216089,15978,697485.8,846,72385.8,36,193204.3,1513305,6650858.6
2026-08-24T08:08:40Z,79363753,17539,722383.5,951,79724.0,38,201957.5,1665978,7131789.7
2026-08-24T08:11:09Z,79516434,19117,762164.4,1021,85366.7,41,229675.2,1823049,7837876.4
2026-08-24T08:13:33Z,79673667,20659,792768.9,1126,96417.3,43,249305.3,1975774,8451974.6
2026-08-24T08:15:58Z,79826078,22221,838236.8,1196,101447.4,46,269791.6,2131117,9051396.4
2026-08-24T08:18:24Z,79980887,23732,856214.2,1266,105188.6,48,282645.1,2283725,9580050.6
2026-08-24T08:20:38Z,80135014,24973,880272.0,1372,115672.1,50,289686.8,2419437,10090150.0
2026-08-24T08:22:56Z,80238750,26085,897378.3,1446,121257.3,60,305632.8,2514247,17525620.7
2026-08-24T08:25:16Z,80381888,27712,1002873.1,1519,130265.5,68,313899.0,2654547,17893375.7
2026-08-24T08:27:31Z,80530812,29182,1017331.6,1624,137458.2,71,335846.8,2797595,18180777.2
2026-08-24T08:29:47Z,80673609,30663,1032560.6,1694,140409.6,73,343181.9,2942143,18490404.2
2026-08-24T08:32:00Z,80817969,32107,1070286.6,1764,145790.6,75,358123.3,3083597,18884469.7
2026-08-24T08:34:15Z,80959224,33640,1084214.6,1834,148284.3,77,365454.0,3226180,19180256.7
2026-08-24T08:36:33Z,81101465,35139,1109123.1,1939,154028.4,80,384885.8,3373474,19494247.4
2026-08-24T08:38:49Z,81248440,36629,1128103.2,2009,157871.1,82,392197.9,3518431,19779637.7
2026-08-24T08:41:06Z,81392879,38129,1153627.9,2079,161053.2,83,396941.9,3662081,20150686.0
2026-08-24T08:43:20Z,81537108,39507,1178715.2,2149,166054.7,86,419524.3,3805175,20494791.4
2026-08-24T08:45:37Z,81680059,40976,1193089.6,2254,171691.8,89,435883.2,3950368,20836897.1
2026-08-24T08:47:53Z,81824988,42334,1212265.8,2324,175879.9,91,450871.3,4094794,21161315.2
2026-08-24T08:50:18Z,81969123,43907,1232408.7,2394,179127.5,92,454570.7,4248550,21546424.6
2026-08-24T08:52:32Z,82122714,45253,1250530.7,2499,188087.2,95,476007.9,4390988,21879368.1
2026-08-24T08:54:47Z,82264839,46804,1272405.0,2569,190661.6,97,483226.5,4534304,22185035.7
2026-08-24T08:57:01Z,82407740,48087,1283136.5,2639,193503.5,99,492757.8,4676645,22486168.5
2026-08-24T08:59:18Z,82549697,49673,1312404.3,2709,197127.7,101,501085.3,4822507,22833803.9
2026-08-24T09:01:37Z,82695237,51129,1336188.3,2814,203803.9,104,520869.4,4970392,23232668.6
2026-08-24T09:03:55Z,82842889,52614,1355184.1,2884,206243.6,106,527255.4,5116217,23521998.1
2026-08-24T09:06:08Z,82988293,54022,1366675.7,2954,208767.6,108,535761.7,5257894,23796958.3
2026-08-24T09:08:22Z,83129503,55436,1383958.9,3024,212655.7,110,546615.7,5400011,24087793.5
2026-08-24T09:10:40Z,83271258,56881,1406626.2,3129,219497.0,113,566042.3,5545947,24498920.2
2026-08-24T09:12:56Z,83417566,58293,1432888.4,3199,223096.4,115,576885.1,5691475,24838042.9
2026-08-24T09:15:18Z,83562710,59887,1454286.4,3269,225904.1,117,584508.0,5842007,25173726.7
2026-08-24T09:17:33Z,83712827,61155,1464352.8,3374,233563.0,120,607821.8,5985260,25471580.6
2026-08-24T09:19:53Z,83855681,62796,1501583.9,3444,236867.8,122,618431.5,6132997,25846939.8
2026-08-24T09:22:07Z,84004096,64153,1516228.9,3514,241565.3,124,630591.4,6275723,26211526.6
2026-08-24T09:24:22Z,84146440,65596,1529658.2,3584,244100.7,126,637636.5,6419059,26544622.5
2026-08-24T09:26:42Z,84289440,67221,1563562.3,3689,250495.8,129,654181.1,6568377,26869937.7
2026-08-24T09:28:58Z,84438234,68516,1573013.7,3759,253191.0,131,662631.5,6712620,27152145.2
2026-08-24T09:31:13Z,84582134,70143,1612135.2,3829,257400.0,133,678583.5,6854825,27567448.7
2026-08-24T09:33:29Z,84725393,71393,1622229.8,3934,263075.0,136,694715.1,6999068,27872713.0
2026-08-24T09:35:44Z,84869339,72889,1635181.8,4004,265627.7,138,704834.2,7142164,28175236.5
2026-08-24T09:38:03Z,85012033,74257,1660509.9,4074,269458.5,140,711165.3,7289797,28482988.5
2026-08-24T09:40:25Z,85159270,75826,1677634.6,4144,272582.4,142,722048.9,7439811,28904807.6
2026-08-24T09:42:43Z,85310241,77370,1708257.5,4249,283671.6,145,742963.5,7586124,29290573.2
2026-08-24T09:44:59Z,85456134,78719,1723768.8,4319,286799.4,147,753863.6,7730800,29640259.6
2026-08-24T09:47:17Z,85600431,80298,1753359.3,4389,291119.7,149,761031.8,7877706,29991115.4
2026-08-24T09:49:43Z,85746967,81706,1772552.9,4494,298545.4,151,768444.9,8030461,30382010.9
2026-08-24T09:51:58Z,85901856,83138,1787505.4,4564,302928.1,153,778006.3,8173416,30755311.5
2026-08-24T09:54:14Z,86044593,84601,1807598.9,4634,306418.9,155,789404.4,8317631,31085230.6
2026-08-24T09:56:31Z,86188408,86003,1826651.3,4739,311666.9,158,803856.5,8463390,31408504.4
2026-08-24T09:58:47Z,86333903,87508,1849381.0,4809,316884.3,160,817852.9,8608393,31762055.6
2026-08-24T10:01:12Z,86478593,88984,1876451.4,4879,320274.3,162,826408.6,8760716,32216983.1
2026-08-24T10:03:26Z,86631534,90447,1888844.0,4967,324402.0,164,838325.4,8903768,32505894.5
2026-08-24T10:05:42Z,86774211,91875,1911449.0,5054,329398.0,167,850843.5,9047985,32819392.9
2026-08-24T10:07:57Z,86918021,93315,1929850.0,5124,333351.5,169,862378.6,9191276,33126959.1
2026-08-24T10:10:18Z,87061073,94862,1952351.4,5194,336165.0,170,865958.2,9340789,33515394.9
2026-08-24T10:12:42Z,87210357,96311,1973152.8,5299,344514.4,172,876047.2,9494280,33945357.2
2026-08-24T10:14:59Z,87363794,97808,2005239.9,5369,347108.9,175,898037.2,9639887,34279180.4
2026-08-24T10:17:17Z,87508996,99234,2019121.6,5439,351536.7,177,909755.9,9785862,34625846.8
2026-08-24T10:19:35Z,87654499,100657,2037660.3,5544,357167.1,179,916708.7,9932586,34967218.2
2026-08-24T10:21:57Z,87800928,102213,2072280.0,5614,361877.2,182,944833.0,10083286,35423299.2
2026-08-24T10:24:16Z,87951273,103631,2083161.3,5684,364327.2,184,952562.7,10230980,35729783.5
2026-08-24T10:26:32Z,88098599,105136,2109689.5,5789,371292.0,186,966750.5,10375581,36040580.7
2026-08-24T10:28:47Z,88242768,106537,2122129.1,5859,373854.4,189,981618.5,10519753,36357022.1
2026-08-24T10:31:07Z,88386579,107955,2152695.6,5929,379199.7,189,981618.5,10667912,36782616.5
2026-08-24T10:33:27Z,88534601,109570,2179916.3,6026,382645.4,192,998480.1,10816303,37127354.1
2026-08-24T10:35:47Z,88682568,110995,2190978.8,6104,388034.0,194,1007388.7,10965095,37435429.2
2026-08-24T10:38:03Z,88830917,112499,2215784.9,6174,390422.1,197,1026173.7,11109631,37727980.1
2026-08-24T10:40:24Z,88975110,114018,2231405.8,6244,394389.9,199,1034644.7,11259988,38105325.8
2026-08-24T10:43:27Z,89125696,115848,2354245.5,6372,413172.2,202,1087097.6,11428083,38951528.4
2026-08-24T10:45:52Z,89318923,117343,2377223.6,6457,422542.1,211,1111911.7,11576809,39559754.3
2026-08-24T10:48:10Z,89472797,118632,2452000.5,6530,425698.1,219,1127061.2,11719673,40039279.4
2026-08-24T10:50:31Z,89618685,120226,2475783.5,6635,434545.9,220,1132453.8,11868493,40555925.6
2026-08-24T10:52:51Z,89768885,121889,2499815.8,6705,439628.9,222,1141928.9,12015524,41088759.4
2026-08-24T10:55:14Z,89916873,123216,2527851.5,6775,442525.1,225,1164996.4,12165832,41515668.4
2026-08-24T10:57:31Z,90068459,124699,2541825.2,6880,450230.6,227,1174206.2,12311423,41908326.3
2026-08-24T10:59:57Z,90213802,126291,2588762.1,6950,453765.6,229,1190276.5,12465891,42460231.8
2026-08-24T11:02:13Z,90368196,127515,2602628.1,7020,458570.8,232,1205381.9,12609547,42953020.4
2026-08-24T11:04:33Z,90512892,129081,2633777.3,7125,464011.2,234,1215862.2,12758224,43357420.1
2026-08-24T11:06:54Z,90661022,130602,2653833.9,7195,468390.6,236,1222601.4,12908463,43762683.5
2026-08-24T11:09:13Z,90810938,131813,2663508.9,7265,471584.8,239,1243795.0,13054941,44211818.8
2026-08-24T11:11:38Z,90957846,133338,2704534.6,7370,480664.1,239,1243795.0,13205962,44933740.9
2026-08-24T11:16:13Z,91111163,136125,2770102.8,7510,492966.7,245,1295555.6,13496350,46117360.3
2026-08-24T11:21:09Z,91401142,139316,2832533.2,7685,513681.8,248,1314575.5,13809416,47153186.9
2026-08-24T11:25:28Z,91710624,142111,2869160.0,7855,527105.5,254,1349090.1,14084665,47908502.3
2026-08-24T11:29:52Z,91980129,144917,2913235.7,8000,543844.4,259,1382640.9,14365021,48687268.1
2026-08-24T11:34:09Z,92255751,147434,2952172.9,8140,560261.9,263,1413003.0,14637889,49528676.0
2026-08-24T11:36:25Z,92522519,149003,2973831.8,8210,565680.1,265,1425346.0,14782319,49885494.9
2026-08-24T11:38:44Z,92663962,150283,2990985.4,8315,572650.4,268,1441791.4,14929471,50304129.0
2026-08-24T11:41:04Z,92809800,151791,3009294.0,8385,579360.3,270,1454417.7,15076417,50848032.0
2026-08-24T11:43:28Z,92958718,153355,3044992.2,8486,585219.3,272,1462580.5,15226312,51321234.1
2026-08-24T11:45:45Z,93111692,154667,3055798.4,8560,589808.2,275,1483088.4,15370977,51704705.8
2026-08-24T11:48:04Z,93256427,156200,3080465.1,8630,593477.7,277,1491635.9,15517745,52140553.5
2026-08-24T11:50:26Z,93403559,157628,3107471.7,8706,599688.9,279,1508796.9,15666757,52648468.5
2026-08-24T11:52:49Z,93554409,158972,3122926.4,8805,608257.3,282,1533848.7,15818077,53178753.3
2026-08-24T11:55:06Z,93705810,160604,3163507.1,8875,611063.2,284,1542083.5,15963956,53552005.5
2026-08-24T11:57:24Z,93851317,161955,3176432.3,8945,616573.8,286,1554260.3,16109087,53986165.8
2026-08-24T11:59:48Z,93997193,163312,3203766.2,9050,623909.3,289,1571745.7,16260690,54476169.4
2026-08-24T12:02:08Z,94150203,164847,3231477.7,9120,630448.5,291,1585317.4,16408175,55002869.0
2026-08-24T12:04:31Z,94290079,166278,3244507.6,9221,637074.6,293,1593836.7,16559599,55399793.3
2026-08-24T12:06:47Z,94413432,167729,3273860.0,9295,643358.5,296,1614415.0,16704732,55777273.1
2026-08-24T12:09:04Z,94531340,169223,3288746.1,9365,647781.1,298,1624626.7,16850866,56190864.9
2026-08-24T12:11:31Z,94657512,170650,3319590.8,9468,655629.9,300,1636491.6,17005291,56786747.0
2026-08-24T12:13:58Z,94792324,172197,3354361.1,9540,662710.8,303,1660046.2,17162022,57365326.7
2026-08-24T12:16:18Z,94925097,173538,3376071.4,9610,666313.2,305,1670797.2,17310424,57827224.5
2026-08-24T12:18:39Z,95050011,175113,3402415.0,9715,675622.9,308,1694435.8,17459071,58317297.5
2026-08-24T12:21:08Z,95181544,176668,3425003.3,9785,682235.5,310,1715524.9,17616345,58938925.1
2026-08-24T12:23:33Z,95317013,178177,3456154.5,9889,693597.8,312,1728111.6,17769809,59473487.2
2026-08-24T12:25:50Z,95444386,179626,3476851.1,9960,697360.5,315,1749216.2,17916483,59871065.3
2026-08-24T12:28:09Z,95568020,181164,3498709.6,10030,702661.4,317,1763738.3,18063612,60296393.5
2026-08-24T12:30:34Z,95714748,182587,3528558.6,10135,710974.7,318,1767578.1,18216558,60823946.0
2026-08-24T12:32:59Z,95868585,184049,3551370.5,10205,717085.9,321,1797967.0,18368486,61319896.3
2026-08-24T12:35:17Z,96022502,185499,3564679.7,10275,720270.6,323,1806614.4,18514814,61678981.6
2026-08-24T12:37:35Z,96168311,186961,3584280.7,10380,728377.6,325,1819276.3,18661516,62095393.4
2026-08-24T12:39:56Z,96314531,188390,3609781.9,10450,732961.3,328,1836194.9,18811686,62538970.8
2026-08-24T12:42:28Z,96464528,189992,3649508.0,10549,739194.8,330,1850486.1,18972570,63193067.0
2026-08-24T12:44:51Z,96625836,191485,3677646.7,10625,746374.4,332,1862682.2,19123679,63663111.1
2026-08-24T12:47:10Z,96777276,192919,3692875.6,10695,749432.9,335,1884563.3,19271559,64113792.3
2026-08-24T12:50:18Z,96924968,194836,3765185.6,10800,764395.2,338,1942460.7,19446122,65141652.4
2026-08-24T12:52:49Z,97123850,196298,3803004.5,10913,778845.7,348,1962914.2,19603707,66117716.3
2026-08-24T12:55:05Z,97266992,197759,3842811.0,10986,784494.7,353,1980488.1,19747817,66603868.8
2026-08-24T12:57:23Z,97384639,199131,3855786.3,11059,787126.3,359,1996169.3,19894950,66996157.8
2026-08-24T12:59:35Z,97488969,200128,3864752.9,11132,789979.0,363,2007789.5,19998822,67273855.3
2026-08-24T13:02:07Z,97579770,201378,3947740.9,11202,793692.0,366,2033151.0,20094617,72536514.1
2026-08-24T13:04:40Z,97732024,203288,4036359.6,11307,806443.5,368,2051951.8,20252241,73126674.3
2026-08-24T13:07:01Z,97773671,204911,4064261.1,11377,811314.3,371,2079982.9,20403456,73660659.0
2026-08-24T13:09:32Z,97881111,206534,4087182.2,11480,823761.4,373,2098743.6,20563522,74171031.2
2026-08-24T13:12:05Z,97951461,208147,4145229.0,11552,836191.1,376,2133649.2,20724354,74799966.8
2026-08-24T13:14:33Z,98107389,209716,4166477.6,11657,851654.2,378,2150759.0,20881338,75332848.8
2026-08-24T13:16:57Z,98242616,211050,4197960.6,11727,859316.0,381,2175493.5,21033922,75846286.9
2026-08-24T13:19:26Z,98377909,212538,4215593.6,11814,865622.1,383,2193599.8,21192575,76361852.7
2026-08-24T13:21:56Z,98525115,214069,4248068.1,11902,877993.0,386,2230406.7,21350806,76975361.0
2026-08-24T13:24:18Z,98669103,215614,4277494.6,11972,885542.4,388,2243389.0,21501974,77449535.0
2026-08-24T13:26:41Z,98805086,217198,4307181.8,12077,897136.2,390,2254598.6,21654121,77895578.8
2026-08-24T13:29:07Z,98939367,218724,4329918.6,12147,903090.4,393,2278818.1,21808958,78346769.5
2026-08-24T13:31:35Z,99081866,220283,4425330.6,12252,919082.5,395,2297776.3,21961726,79005875.3
2026-08-24T13:33:55Z,99225774,221845,4447547.6,12322,922509.5,398,2325690.9,22110229,79475327.5
2026-08-24T13:36:18Z,99362180,223476,4484916.4,12392,928332.6,400,2340785.5,22261736,79933002.3
2026-08-24T13:38:45Z,99501684,225002,4500036.8,12497,936530.3,403,2366095.6,22418644,80379380.3
2026-08-24T13:41:09Z,99645714,226280,4515550.2,12567,942998.5,405,2380049.9,22569965,80945180.3
2026-08-24T13:43:31Z,99786220,227927,4570212.1,12672,954022.3,407,2396994.3,22720568,81486842.9
2026-08-24T13:45:54Z,99924595,229426,4586555.8,12742,959783.2,410,2424762.3,22872434,81974532.0
2026-08-24T13:48:24Z,100063740,231122,4639478.4,12812,963232.4,412,2434380.8,23031735,82474153.2
2026-08-24T13:51:01Z,100210708,232597,4660639.7,12917,977592.6,415,2473155.5,23197021,83169620.7
2026-08-24T13:53:31Z,100363789,234060,4702863.3,13020,993400.0,417,2498097.7,23355326,83978032.7
2026-08-24T13:58:01Z,100509997,236873,4745454.3,13162,1004729.6,422,2535215.6,23642899,84721215.8
2026-08-24T14:04:10Z,100774552,240360,4885512.6,13342,1045335.1,432,2644141.7,23942893,88454659.1
2026-08-24T14:10:12Z,101087247,243921,4978440.7,13514,1061942.2,441,2708875.9,24278891,91984759.9
2026-08-24T14:13:15Z,101436979,246019,5118598.0,13619,1098874.8,444,2827621.8,24464713,93654065.1
2026-08-24T14:15:54Z,101615040,247601,5193204.2,13708,1117161.0,454,2884209.1,24617189,95635101.6
2026-08-24T14:18:18Z,101764935,249124,5220670.7,13778,1121302.8,456,2893791.2,24770335,96175085.9
2026-08-24T14:21:29Z,101905896,251004,5298239.3,13911,1147481.9,459,2955847.7,24943066,97352381.0
2026-08-24T14:23:51Z,102091249,252449,5329603.1,13988,1164189.4,462,3000686.8,25088670,98090492.0
2026-08-24T14:26:12Z,102230067,254041,5371407.0,14058,1170180.8,464,3016638.1,25238721,98590034.3
2026-08-24T14:28:39Z,102367921,255510,5388500.1,14163,1178525.8,466,3024572.4,25394294,99110268.9
2026-08-24T14:31:11Z,102510977,257128,5444009.1,14233,1185727.6,469,3053367.3,25554798,99783735.9
2026-08-24T14:33:40Z,102659828,258624,5465327.4,14338,1197020.5,471,3070846.5,25712739,100362921.5
2026-08-24T14:36:03Z,102805066,259942,5489923.0,14408,1206774.5,474,3098094.2,25863127,101033005.2
2026-08-24T14:38:29Z,102944724,261438,5517533.1,14509,1213527.3,476,3110152.2,26018175,101521483.2
2026-08-24T14:40:53Z,103087504,262970,5534112.3,14583,1221169.6,479,3135324.7,26171198,101970847.5
2026-08-24T14:43:24Z,103227896,264558,5572983.7,14653,1226676.5,481,3146117.4,26329494,102625729.3
2026-08-24T14:45:48Z,103374788,266046,5593218.4,14758,1237638.4,484,3173686.1,26483017,103168443.8
2026-08-24T14:48:12Z,103516015,267487,5615394.8,14828,1241985.1,486,3183769.2,26635944,103578667.5
2026-08-24T14:50:34Z,103656491,268924,5632615.9,14933,1250628.9,488,3193952.1,26786810,103963567.3
2026-08-24T14:53:03Z,103795201,270384,5650485.8,15003,1254854.8,491,3215457.4,26942921,104458260.0
2026-08-24T14:55:24Z,103939887,271891,5687709.4,15073,1262177.8,493,3230125.0,27092311,104979108.5
2026-08-24T14:57:47Z,104077290,273373,5701695.3,15178,1270524.2,496,3253967.5,27244313,105382087.4
2026-08-24T15:00:07Z,104217106,274770,5720112.7,15248,1275132.5,498,3265282.8,27393821,105761391.4
2026-08-24T15:02:28Z,104354066,276184,5735989.4,15347,1280743.2,500,3277298.9,27543125,106116589.5
2026-08-24T15:04:53Z,104491185,277714,5765238.4,15423,1290046.5,503,3307933.7,27697082,106698356.7
2026-08-24T15:07:14Z,104633246,279152,5781892.6,15493,1294502.6,505,3318275.7,27846288,107057411.4
2026-08-24T15:10:37Z,104770443,281244,5868466.6,15631,1318090.5,508,3373875.2,28042858,108237928.4
2026-08-24T15:12:56Z,104969086,282644,5910940.3,15704,1327450.9,512,3413690.1,28175001,109143290.4
2026-08-24T15:15:15Z,105084805,283910,5962627.5,15739,1336973.7,514,3429458.6,28261715,111764519.5
2026-08-24T15:17:34Z,105198639,285098,6009075.4,15776,1341223.8,517,3439761.3,28352088,114837514.6
2026-08-24T15:19:52Z,105319578,286464,6105577.4,15853,1351243.8,532,3458191.0,28490741,116088749.2
2026-08-24T15:22:17Z,105454514,287977,6124100.4,15925,1355726.5,534,3467221.3,28643089,116458593.2
2026-08-24T15:24:41Z,105595951,289531,6156121.5,16030,1368065.4,537,3492807.0,28794242,116945321.9
2026-08-24T15:27:03Z,105737139,291133,6176177.9,16100,1371821.8,539,3501263.8,28944569,117260715.6
2026-08-24T15:29:23Z,105875312,292501,6186940.8,16170,1375552.9,541,3508956.7,29093465,117559161.1
2026-08-24T15:31:46Z,106011977,293984,6211158.5,16275,1383088.2,544,3527103.8,29246153,117891861.7
2026-08-24T15:34:10Z,106152047,295493,6226564.4,16345,1387127.5,546,3539073.6,29397154,118325264.8
2026-08-24T15:36:29Z,106291658,297102,6246987.4,16449,1394388.5,548,3548056.9,29545779,118634729.7
2026-08-24T15:38:50Z,106428063,298384,6261671.8,16520,1398336.4,551,3567863.3,29695363,118950053.8
2026-08-24T15:41:12Z,106565397,299886,6282348.1,16590,1401709.7,553,3576582.1,29845667,119261441.1
2026-08-24T15:43:43Z,106703589,301453,6309110.5,16695,1413527.1,555,3586869.1,30005206,119762438.0
2026-08-24T15:46:06Z,106851200,303036,6329467.0,16765,1420482.1,558,3612338.2,30156522,120238375.5
2026-08-24T15:48:29Z,106990918,304626,6352694.2,16866,1426560.9,560,3620956.7,30308182,120581174.4
2026-08-24T15:50:50Z,107130073,305945,6368579.9,16940,1431585.2,563,3637344.8,30458903,120906785.1
2026-08-24T15:53:16Z,107268464,307423,6388553.4,17010,1435961.2,565,3648599.1,30612023,121288017.8
2026-08-24T15:55:39Z,107411058,309006,6414510.9,17115,1449732.6,567,3660550.4,30762689,121734050.9
2026-08-24T15:58:30Z,107550138,310556,6440614.1,17212,1455479.1,570,3681391.8,30917010,122218905.7
2026-08-24T16:01:11Z,107717275,312239,6492168.3,17290,1471265.4,573,3740556.3,31071523,122884602.9
2026-08-24T16:03:32Z,107870434,313519,6529889.8,17393,1478269.8,582,3759387.8,31176813,123410462.4
2026-08-24T16:05:55Z,107995543,315585,6644001.9,17471,1488443.1,590,3777265.5,31284288,124097887.8
2026-08-24T16:08:17Z,108134648,317271,6660903.7,17541,1492263.0,592,3788666.6,31435565,124415329.4
2026-08-24T16:10:41Z,108273598,318593,6678636.7,17646,1499037.1,594,3798684.6,31588883,124740732.9
2026-08-24T16:13:15Z,108414396,320366,6704593.2,17716,1502422.4,597,3823923.2,31751520,125165373.7
2026-08-24T16:15:49Z,108564008,322009,6748003.7,17821,1519295.6,600,3861673.5,31915235,125779504.1
2026-08-24T16:18:13Z,108714489,323365,6763946.1,17891,1522560.2,602,3873473.7,32068448,126130498.4
2026-08-24T16:20:40Z,108855100,324802,6774740.2,17996,1529656.3,604,3885319.2,32224238,126490114.4
2026-08-24T16:23:12Z,108998493,326430,6808843.1,18066,1533915.3,607,3910522.4,32385131,126947094.6
2026-08-24T16:25:37Z,109147183,327970,6825881.1,18171,1543884.5,609,3927316.1,32539091,127388836.9
2026-08-24T16:28:00Z,109288580,329539,6846066.9,18241,1547195.9,612,3949485.5,32691198,127722905.8
2026-08-24T16:30:23Z,109427997,331114,6864770.8,18311,1550601.8,614,3960917.6,32843116,128045345.8
2026-08-24T16:32:48Z,109567572,332621,6882777.1,18416,1557021.4,617,3986053.6,32997656,128378562.9
2026-08-24T16:35:14Z,109709574,334027,6905822.5,18486,1563550.0,619,4001754.2,33151673,128872155.7
2026-08-24T16:37:40Z,109851992,335439,6918040.7,18591,1570680.9,621,4011570.7,33306249,129226641.7
2026-08-24T16:40:03Z,109993598,337022,6940359.3,18661,1574042.4,624,4033130.2,33458657,129575411.0
2026-08-24T16:42:34Z,110133980,338626,6961972.3,18766,1583777.6,626,4043666.6,33618236,129989585.0
2026-08-24T16:45:07Z,110280696,340176,7001927.6,18836,1592721.3,629,4078785.9,33780785,130656539.9
2026-08-24T16:47:33Z,110430512,341807,7025357.4,18941,1602197.1,631,4090901.6,33935366,131059398.7
2026-08-24T16:49:58Z,110572399,343403,7047133.3,19011,1605463.6,634,4112737.7,34089975,131419404.4
2026-08-24T16:52:22Z,110714301,344921,7060260.0,19081,1608757.1,636,4122498.7,34243181,131779642.9
2026-08-24T16:54:54Z,110854770,346577,7103274.0,19186,1623135.1,639,4153946.3,34403828,132336309.9
2026-08-24T16:57:19Z,111003396,348079,7116812.4,19256,1627574.6,641,4166820.6,34558059,132726702.3
2026-08-24T16:59:44Z,111144879,349424,7132990.7,19361,1635549.9,644,4190583.4,34712241,133093396.0
2026-08-24T17:02:07Z,111286511,350978,7153663.6,19431,1638822.1,646,4200252.3,34864354,133432427.0
2026-08-24T17:04:38Z,111426194,352473,7171989.7,19536,1652693.5,648,4213612.6,35022761,133960302.5
2026-08-24T17:07:01Z,111572688,354126,7211378.5,19606,1656617.9,651,4233905.8,35175323,134336654.2
2026-08-24T17:09:23Z,111712553,355621,7224121.6,19676,1660055.7,653,4243093.7,35326734,134659913.2
2026-08-24T17:11:49Z,111851693,357095,7251683.4,19781,1667403.2,656,4263853.9,35481065,135017666.5
2026-08-24T17:14:23Z,111993395,358680,7272969.8,19851,1673010.8,658,4283257.7,35644970,135622469.7
2026-08-24T17:16:54Z,112144333,360213,7307683.2,19956,1684835.7,661,4316747.2,35803830,136108930.7
2026-08-24T17:19:24Z,112291042,361762,7328558.0,20026,1690149.9,663,4329957.0,35962614,136606814.3
2026-08-24T17:21:53Z,112437817,363312,7357024.1,20131,1700624.6,666,4354700.5,36120298,137067583.1
2026-08-24T17:24:24Z,112582604,364912,7387346.2,20201,1707430.9,668,4367342.7,36280677,137575147.3
2026-08-24T17:26:51Z,112730517,366354,7402159.4,20306,1719040.9,671,4390601.0,36436460,138000045.6
2026-08-24T17:29:15Z,112873566,367786,7430059.8,20376,1722847.4,673,4399595.7,36589855,138348344.8
2026-08-24T17:31:41Z,113014418,369323,7442641.5,20481,1730269.4,675,4408932.9,36744956,138690188.2
2026-08-24T17:34:14Z,113157039,370933,7468294.8,20551,1737521.9,678,4435082.1,36905886,139174070.7
2026-08-24T17:36:41Z,113305933,372506,7494807.5,20656,1747396.8,680,4446848.8,37062055,139591221.4
2026-08-24T17:39:04Z,113449051,374070,7514979.0,20726,1751332.9,683,4465889.3,37214123,139914609.9
2026-08-24T17:41:29Z,113588838,375617,7532982.1,20828,1757575.1,685,4475244.2,37368631,140255040.5
2026-08-24T17:44:11Z,113730839,377201,7580684.1,20901,1769219.2,688,4508357.6,37539955,140870268.4
2026-08-24T17:46:42Z,113888586,378716,7599544.3,21006,1782613.7,690,4525968.3,37700306,141413673.8
2026-08-24T17:49:08Z,114036075,380330,7621266.4,21076,1786881.0,693,4548869.5,37855102,141786078.0
2026-08-24T17:51:33Z,114178232,381893,7641628.8,21181,1794683.5,695,4558074.7,38009965,142133196.0
2026-08-24T17:54:09Z,114320498,383387,7664033.9,21251,1800840.9,698,4581822.0,38172661,142637669.4
2026-08-24T17:56:37Z,114472584,384957,7695169.9,21356,1815126.2,700,4596743.3,38329070,143146338.5
2026-08-24T17:59:04Z,114616614,386530,7724233.7,21426,1819767.9,703,4616090.3,38485135,143544162.4
2026-08-24T18:01:30Z,114759965,388129,7746530.6,21527,1827532.3,705,4625537.1,38640999,143899723.6
2026-08-24T18:04:01Z,114903156,389656,7766082.6,21601,1835457.4,708,4651703.2,38800183,144420977.0
2026-08-24T18:06:25Z,115050450,391058,7793205.0,21671,1840377.7,710,4662353.0,38953096,144789846.5
2026-08-24T18:08:52Z,115190860,392527,7806376.8,21776,1847894.2,713,4682543.6,39108571,145128894.0
2026-08-24T18:11:18Z,115333663,394044,7826463.9,21846,1851942.8,715,4691338.1,39263968,145469517.0
2026-08-24T18:13:58Z,115476760,395736,7855739.1,21951,1866026.3,718,4718827.7,39433284,146005631.3
2026-08-24T18:16:31Z,115632806,397353,7881631.8,22053,1879585.5,720,4736111.8,39595722,146595031.7
2026-08-24T18:19:00Z,115781867,398977,7910887.9,22126,1884782.6,723,4758790.5,39754546,146993411.7
2026-08-24T18:21:27Z,115927709,400403,7923078.3,22225,1889292.3,725,4769465.1,39910771,147366648.2
2026-08-24T18:24:04Z,116071136,402097,7961449.2,22301,1900063.6,728,4799652.4,40076471,147907204.7
2026-08-24T18:26:31Z,116224561,403631,7976800.5,22406,1909606.0,730,4812156.6,40232350,148339265.3
2026-08-24T18:28:58Z,116367483,405120,8000254.0,22476,1913372.2,733,4831611.9,40389021,148714453.4
2026-08-24T18:31:24Z,116511408,406561,8015811.3,22546,1917041.0,735,4841827.7,40543943,149057796.8
2026-08-24T18:34:01Z,116653776,408299,8053352.2,22651,1929622.0,738,4868512.7,40709350,149556779.2
2026-08-24T18:36:25Z,116806126,409757,8078161.7,22721,1934905.9,740,4880061.9,40863317,149978762.0
2026-08-24T18:38:51Z,116947813,411238,8091674.0,22826,1941663.1,743,4900942.1,41018463,150318247.0
2026-08-24T18:41:18Z,117090067,412859,8126901.9,22896,1945746.8,745,4910086.8,41174835,150670790.4
2026-08-24T18:44:00Z,117233840,414479,8148893.1,23001,1959997.5,748,4939344.8,41345437,151274092.4
2026-08-24T18:46:31Z,117390929,416054,8186330.0,23102,1974777.4,750,4956793.1,41505748,151866651.0
2026-08-24T18:48:59Z,117538611,417527,8206386.3,23176,1981147.8,753,4977322.3,41663253,152263749.9
2026-08-24T18:51:25Z,117683161,418957,8225960.4,23246,1985472.6,755,4988489.4,41818559,152659527.4
2026-08-24T18:54:03Z,117825920,420646,8259988.5,23351,1994408.0,758,5014227.3,41985329,153242067.3
2026-08-24T18:56:31Z,117979811,422204,8284249.7,23455,2002956.7,760,5025499.9,42142532,153686463.6
2026-08-24T18:59:02Z,118124041,423687,8302476.2,23526,2006729.2,763,5045345.6,42301659,154116038.3
2026-08-24T19:01:29Z,118271284,425221,8329779.2,23628,2012219.2,765,5054797.3,42457744,154469935.3
2026-08-24T19:04:06Z,118414698,426916,8350474.0,23701,2021631.0,768,5085290.6,42624359,155016699.5
2026-08-24T19:06:35Z,118568187,428531,8387850.6,23806,2031077.6,770,5098083.4,42783346,155448166.8
2026-08-24T19:09:02Z,118713944,429921,8403010.9,23876,2034487.0,773,5120276.1,42938758,155812974.2
2026-08-24T19:11:30Z,118857601,431451,8424203.3,23981,2041325.6,775,5130529.6,43095019,156166111.8
2026-08-24T19:14:10Z,119001794,433180,8458121.8,24051,2049035.9,778,5158729.8,43264634,156799985.1
2026-08-24T19:16:41Z,119158013,434724,8479812.8,24156,2064402.8,780,5174887.8,43424785,157339761.5
2026-08-24T19:19:10Z,119304938,436349,8513845.2,24226,2067743.8,783,5196710.6,43583006,157740919.8
2026-08-24T19:21:41Z,119450149,437904,8530093.4,24331,2076775.9,785,5206692.3,43743300,158151323.5
2026-08-24T19:24:19Z,119597396,439535,8582577.4,24401,2087987.9,788,5236759.9,43910941,158776720.3
2026-08-24T19:26:50Z,119751935,441065,8599124.0,24506,2097363.0,791,5264505.1,44072116,159230139.4
2026-08-24T19:29:24Z,119899619,442666,8646416.7,24576,2101842.2,793,5280246.5,44234224,159755781.0
2026-08-24T19:31:59Z,120049591,444153,8664396.9,24681,2111346.2,796,5307430.8,44398828,160327105.6
2026-08-24T19:37:57Z,120201149,447899,8726211.0,24891,2131183.3,802,5342794.1,44779270,161308512.2
2026-08-24T19:46:02Z,120550415,452849,8826357.9,25171,2163798.4,810,5409983.6,45294435,162953672.2
2026-08-24T19:58:27Z,121023947,460714,8982744.6,25613,2211340.9,822,5509445.7,46086038,165416559.1
2026-08-24T20:00:56Z,121751207,462282,9001580.5,25696,2217299.2,825,5527866.7,46244485,165783368.8
2026-08-24T20:03:31Z,121896479,463839,9024517.7,25799,2225304.0,827,5538887.0,46408541,166274560.5
2026-08-24T20:05:59Z,122047207,465396,9047445.8,25871,2230249.9,830,5559395.5,46565508,166717078.2
2026-08-24T20:08:27Z,122191333,466987,9067105.1,25965,2234119.0,832,5568899.7,46722948,167072481.2
2026-08-24T20:10:59Z,122335909,468531,9081962.5,26046,2240470.7,835,5590789.2,46884624,167490820.3
2026-08-24T20:13:40Z,122485070,470240,9128812.7,26151,2250990.2,837,5604991.9,47055638,168095723.1
2026-08-24T20:16:10Z,122643757,471717,9151532.3,26221,2257727.5,840,5629284.1,47214158,168648522.7
2026-08-24T20:18:41Z,122789316,473364,9183165.9,26326,2265180.0,842,5638445.5,47375614,169066715.7
2026-08-24T20:21:09Z,122937303,474876,9197369.1,26396,2268873.2,845,5660657.7,47532784,169442799.7
2026-08-24T20:23:51Z,123081948,476681,9256117.8,26501,2279785.5,848,5686957.0,47704280,169968791.5
2026-08-24T20:26:25Z,123239441,478154,9277441.0,26571,2287566.2,850,5700929.8,47868075,170579082.0
2026-08-24T20:28:55Z,123390053,479652,9291248.7,26676,2295830.6,853,5720758.2,48027178,170957844.0
2026-08-24T20:31:26Z,123536099,481308,9322145.4,26765,2300076.4,855,5730207.8,48187999,171383693.0
2026-08-24T20:34:08Z,123683919,482848,9343971.2,26851,2309870.9,858,5761487.0,48358596,172043703.3
2026-08-24T20:36:38Z,123841326,484475,9394633.8,26956,2320270.9,860,5775895.4,48518833,172623140.0
2026-08-24T20:39:05Z,123988368,485960,9407464.5,27026,2323646.9,863,5791992.2,48675005,172978636.8
2026-08-24T20:41:41Z,124131948,487607,9443102.8,27131,2332118.1,865,5800522.6,48840436,173456028.1
2026-08-24T20:44:23Z,124283976,489351,9469744.0,27201,2337543.2,868,5827101.4,49011181,174120692.4
2026-08-24T20:46:54Z,124441624,490922,9501664.8,27306,2350655.3,871,5855116.9,49172205,174673044.1
2026-08-24T20:49:24Z,124589673,492472,9522884.2,27376,2354420.1,873,5863643.7,49330991,175066832.1
2026-08-24T20:51:55Z,124735377,494023,9543273.3,27481,2362600.1,876,5884333.5,49491463,175472842.4
2026-08-24T20:54:31Z,124882644,495574,9576767.4,27581,2373705.3,878,5899309.4,49656658,176116246.6
2026-08-24T20:57:00Z,125034695,497180,9610010.5,27656,2381769.0,881,5915339.9,49815441,176549090.0
2026-08-24T20:59:32Z,125180796,498778,9639623.1,27761,2389308.4,883,5925066.4,49977451,176965612.8
2026-08-24T21:02:00Z,125329260,500305,9652024.6,27831,2392906.6,886,5941469.1,50133825,177322513.3
2026-08-24T21:04:36Z,125472851,501855,9676779.7,27936,2406836.4,888,5954723.2,50299362,177902128.3
2026-08-24T21:07:05Z,125625469,503434,9700467.5,28006,2411330.8,891,5978116.5,50458155,178315993.9
2026-08-24T21:09:34Z,125771272,505022,9719768.2,28111,2419229.5,893,5989633.6,50615824,178688256.0
2026-08-24T21:12:08Z,125916284,506610,9741465.5,28181,2423251.1,896,6014549.7,50777876,179144279.9
2026-08-24T21:14:53Z,126066786,508440,9779749.3,28286,2440030.3,899,6051939.6,50951609,179854881.6
2026-08-24T21:17:24Z,126227145,510014,9807239.0,28356,2446919.6,901,6067980.7,51112175,180360718.4
2026-08-24T21:19:55Z,126374664,511592,9828755.3,28461,2455234.0,904,6094315.8,51272977,180770311.7
2026-08-24T21:22:28Z,126522507,513126,9842936.3,28560,2460364.8,906,6106193.3,51435837,181194770.5
2026-08-24T21:25:06Z,126672088,514767,9887739.9,28636,2468083.6,909,6142823.0,51603741,181860451.6
2026-08-24T21:27:35Z,126826245,516286,9901923.0,28741,2476619.2,911,6155721.0,51762031,182270648.3
2026-08-24T21:30:05Z,126971877,517898,9934786.8,28811,2480123.5,914,6179450.6,51921082,182646013.4
2026-08-24T21:32:33Z,127117937,519492,9947883.8,28916,2487298.8,916,6190280.6,52078553,183005740.6
2026-08-24T21:35:07Z,127262371,521042,9969023.6,28986,2495010.0,919,6219078.3,52242278,183573209.1
2026-08-24T21:37:36Z,127412665,522659,10004981.8,29091,2505401.6,921,6232593.2,52399980,183987313.3
2026-08-24T21:40:06Z,127557460,524201,10018523.0,29161,2509562.7,924,6254733.6,52558640,184377301.6
2026-08-24T21:42:47Z,127704166,525900,10049575.6,29266,2520863.5,926,6268447.6,52729046,184908618.3
2026-08-24T21:45:28Z,127861698,527589,10076689.0,29364,2531877.4,929,6310877.5,52900076,185630781.2
2026-08-24T21:48:01Z,128018689,529214,10109655.9,29441,2541495.1,932,6342454.4,53062080,186119616.8
2026-08-24T21:50:30Z,128167446,530749,10122955.0,29545,2549608.9,934,6354370.0,53221205,186518754.1
2026-08-24T21:53:09Z,128313528,532344,10147683.1,29616,2554223.9,937,6384081.4,53389565,187008614.1
2026-08-24T21:55:47Z,128467965,533977,10182163.0,29721,2570817.8,939,6404468.5,53557358,187647431.6
2026-08-24T21:58:15Z,128622303,535546,10203143.3,29791,2574569.9,942,6432268.7,53715269,188033482.0
2026-08-24T22:00:46Z,128767181,537153,10225139.8,29896,2583570.3,945,6461193.9,53875861,188439443.7
2026-08-24T22:03:27Z,128914765,538877,10264309.4,29994,2589789.7,947,6477593.4,54046822,188991176.2
2026-08-24T22:06:00Z,129071591,540435,10294802.1,30071,2603022.7,950,6509038.7,54208822,189539500.5
2026-08-24T22:08:31Z,129220514,542025,10323876.6,30176,2611521.4,952,6520474.6,54370201,189929745.1
2026-08-24T22:11:09Z,129368734,543620,10343621.4,30246,2615572.3,955,6548139.9,54537088,190405812.1
2026-08-24T22:13:57Z,129522447,545368,10388807.0,30351,2626148.4,958,6588434.1,54715278,191057717.8
2026-08-24T22:16:38Z,129686667,547019,10424572.2,30456,2642212.2,960,6607788.7,54885795,191744957.6
2026-08-24T22:19:11Z,129843043,548613,10446733.5,30526,2646001.6,963,6635111.9,55048868,192190574.9
2026-08-24T22:21:45Z,129992983,550167,10469547.2,30631,2654079.6,965,6647281.0,55212905,192631091.5
2026-08-24T22:24:30Z,130143453,551919,10504601.7,30732,2663784.3,968,6681864.1,55387225,193266333.7
2026-08-24T22:27:01Z,130304060,553475,10536675.6,30806,2673512.6,971,6710353.6,55547548,193817143.2
2026-08-24T22:29:32Z,130451378,555079,10563219.9,30911,2681571.1,973,6722612.3,55707648,194204851.6
2026-08-24T22:32:05Z,130598434,556649,10584962.9,30981,2685380.5,976,6750812.3,55870475,194624054.7
2026-08-24T22:34:44Z,130747820,558274,10606198.0,31086,2697967.1,978,6769584.7,56038030,195225776.9
2026-08-24T22:37:13Z,130903223,559901,10641886.1,31156,2704067.7,981,6800156.9,56196094,195674930.7
2026-08-24T22:39:44Z,131048158,561451,10655973.7,31261,2711794.2,983,6811388.4,56356667,196068664.5
2026-08-24T22:42:22Z,131195602,563041,10687198.6,31331,2717202.3,986,6841910.3,56524114,196572352.4
2026-08-24T22:45:07Z,131350050,564735,10719044.0,31436,2733947.3,989,6886453.7,56698881,197349233.0
2026-08-24T22:47:44Z,131511240,566365,10768104.1,31541,2745453.2,991,6901275.0,56866599,197900369.6
2026-08-24T22:50:17Z,131665165,567865,10784227.3,31611,2750327.5,994,6929749.2,57028631,198361134.6
2026-08-24T22:53:02Z,131813974,569559,10819375.7,31716,2759603.8,997,6960291.7,57201386,198868085.2
2026-08-24T22:55:42Z,131974701,571213,10860228.9,31821,2776921.6,999,6982581.3,57372153,199550559.4
2026-08-24T22:58:18Z,132131525,572835,10892159.0,31891,2781145.6,1002,7011280.3,57537508,200016911.1
2026-08-24T23:00:50Z,132283318,574443,10912892.5,31996,2789420.6,1005,7037327.3,57699208,200419691.2
2026-08-24T23:03:32Z,132431915,576086,10942607.3,32100,2799362.9,1007,7053936.4,57871713,200956744.1
2026-08-24T23:06:14Z,132590420,577810,10990585.6,32171,2804673.7,1010,7093597.6,58042346,201634886.1
2026-08-24T23:08:46Z,132747977,579357,11005292.2,32276,2811891.1,1013,7120263.8,58203615,202037340.9
2026-08-24T23:11:22Z,132895851,580950,11032206.0,32346,2815799.4,1015,7134043.5,58369654,202529442.9
2026-08-24T23:14:08Z,133048533,582752,11070461.3,32451,2829416.0,1018,7173187.1,58546033,203212226.2
2026-08-24T23:16:53Z,133211082,584416,11118777.1,32556,2848466.0,1021,7214162.8,58720547,203958710.9
2026-08-24T23:19:26Z,133371159,586037,11142646.3,32644,2852419.4,1023,7227974.2,58882991,204410657.9
2026-08-24T23:22:00Z,133521218,587626,11165861.4,32731,2859750.1,1026,7256863.5,59046509,204843118.4
2026-08-24T23:24:48Z,133671294,589422,11212308.5,32836,2876812.7,1029,7297946.2,59224816,205628843.7
2026-08-24T23:27:19Z,133835351,591046,11245718.3,32906,2882441.8,1031,7314136.4,59385413,206134666.9
2026-08-24T23:29:53Z,133982806,592632,11275498.5,33011,2890190.5,1034,7341313.6,59549209,206550220.1
2026-08-24T23:32:28Z,134133068,594222,11297339.5,33110,2895011.4,1036,7352695.0,59713749,206975120.6
2026-08-24T23:35:07Z,134284270,595933,11325740.0,33186,2906531.9,1039,7390106.3,59882681,207614350.1
2026-08-24T23:37:40Z,134439463,597572,11366238.6,33291,2915207.1,1041,7404935.2,60045135,208118322.4
2026-08-24T23:40:17Z,134588771,599132,11384153.3,33361,2919017.4,1044,7429604.1,60210663,208611402.0
2026-08-24T23:43:07Z,134741655,600812,11427723.1,33466,2933923.0,1047,7465848.6,60391517,209310153.8
2026-08-24T23:45:54Z,134908487,602511,11459561.9,33571,2954924.7,1050,7510207.8,60569001,210110911.3
2026-08-24T23:48:32Z,135071473,604180,11495397.5,33673,2966324.9,1052,7526973.1,60736622,210666999.3
2026-08-24T23:51:08Z,135225334,605792,11511865.6,33746,2972617.6,1055,7556470.9,60901839,211119506.9
2026-08-24T23:53:59Z,135377018,607599,11560378.4,33851,2983447.4,1058,7587371.0,61083064,211732821.2
2026-08-24T23:56:43Z,135544557,609286,11587888.7,33956,3003208.9,1060,7607650.5,61257017,212468389.7
2026-08-24T23:59:17Z,135704216,610895,11615162.5,34026,3008448.6,1063,7633705.5,61421299,212940571.8
2026-08-25T00:01:52Z,135855664,612492,11635935.6,34131,3018477.2,1066,7661420.2,61585672,213366797.6
2026-08-25T00:04:38Z,136007648,614201,11682085.8,34236,3034248.0,1068,7680654.7,61761836,214033767.2
2026-08-25T00:07:10Z,136169750,615831,11713489.7,34306,3040744.2,1071,7709440.9,61923435,214512493.8
2026-08-25T00:09:45Z,136317956,617555,11746735.9,34411,3050083.6,1074,7735204.9,62088102,214928275.6
2026-08-25T00:12:29Z,136469194,619204,11774159.0,34510,3057710.3,1076,7746513.8,62262750,215484323.3
2026-08-25T00:15:21Z,136629572,620998,11832658.0,34586,3072864.4,1079,7783643.0,62444854,216314524.6
2026-08-25T00:18:00Z,136796808,622585,11874654.0,34691,3085337.3,1082,7819059.0,62614575,216924201.0
2026-08-25T00:20:54Z,136952706,624361,11929638.2,34796,3096861.8,1085,7855259.7,62798851,217720146.6
2026-08-25T00:23:54Z,137121991,626146,11984458.4,34901,3110162.9,1087,7871192.5,62989254,218628123.2
2026-08-25T00:26:59Z,137297396,627961,12061315.7,35006,3126426.5,1091,7951794.1,63185746,219748595.6
2026-08-25T00:29:57Z,137478173,629757,12134364.9,35111,3144383.0,1094,8001069.3,63375506,220804109.1
2026-08-25T00:32:54Z,137652227,631537,12192411.8,35216,3161868.3,1097,8043735.2,63563109,221852317.7
2026-08-25T00:35:40Z,137824657,633179,12230267.9,35321,3180603.7,1099,8063184.9,63739415,222635736.9
2026-08-25T00:38:21Z,137986736,634973,12279107.5,35391,3186905.2,1102,8093063.1,63910076,223250989.4
2026-08-25T00:41:02Z,138143561,636539,12300004.8,35496,3196139.9,1105,8126492.2,64081272,223858033.8
2026-08-25T00:43:43Z,138300809,638198,12335443.5,35601,3204588.7,1108,8154427.2,64252192,224441478.6
2026-08-25T00:46:19Z,138457899,639853,12358843.7,35671,3209636.3,1110,8169259.3,64418143,225042973.6
2026-08-25T00:48:50Z,138610429,641445,12385658.9,35776,3217631.7,1113,8192118.3,64578868,225425769.4
2026-08-25T00:51:21Z,138758067,642973,12398788.2,35846,3221412.5,1115,8201333.0,64738873,225791513.1
2026-08-25T00:54:05Z,138905022,644654,12459709.0,35951,3230786.7,1118,8225880.5,64912901,226323703.6
2026-08-25T00:56:47Z,139064608,646270,12486932.8,36056,3248086.2,1120,8241442.4,65085451,226990620.0
2026-08-25T00:59:27Z,139223650,647916,12525043.6,36154,3253845.4,1123,8271650.2,65253401,227498661.5
2026-08-25T01:02:02Z,139379394,649468,12549747.0,36231,3260471.3,1126,8297928.0,65418024,227991825.8
2026-08-25T01:04:51Z,139530659,651271,12601933.4,36336,3275480.3,1129,8332410.7,65597149,228708093.7
2026-08-25T01:07:23Z,139695351,652874,12631973.3,36406,3281188.0,1131,8343783.1,65759299,229216556.6
2026-08-25T01:09:56Z,139843941,654370,12645159.0,36511,3289280.6,1134,8366645.2,65921878,229621714.0
2026-08-25T01:12:33Z,139993392,655958,12673290.0,36616,3296794.0,1136,8376789.0,66088886,230069196.6
2026-08-25T01:15:11Z,140146725,657548,12695026.5,36686,3305605.4,1139,8409959.9,66255637,230704342.9
2026-08-25T01:17:43Z,140300150,659178,12729069.3,36791,3313738.6,1141,8420836.7,66417690,231143968.9
2026-08-25T01:20:14Z,140448665,660720,12746992.1,36861,3317212.3,1144,8443395.1,66577838,231517660.0
2026-08-25T01:22:53Z,140595834,662425,12770731.5,36966,3324354.1,1147,8469559.9,66747288,231975403.3
2026-08-25T01:25:30Z,140751287,664052,12805095.1,37067,3335868.8,1149,8482786.1,66913589,232571645.2
2026-08-25T01:28:05Z,140904296,665664,12830429.4,37141,3341810.8,1152,8508361.5,67079007,233044660.4
2026-08-25T01:30:41Z,141056254,667238,12854890.0,37246,3351066.4,1154,8518594.5,67244358,233494480.6
2026-08-25T01:33:25Z,141208056,669052,12891032.5,37316,3356987.5,1157,8546177.4,67418534,234093397.3
2026-08-25T01:36:06Z,141369024,670644,12934603.1,37421,3368637.9,1160,8582914.3,67590295,234734435.4
2026-08-25T01:38:41Z,141538142,672258,12955394.6,37526,3376595.3,1162,8589974.3,67754240,235145222.7
2026-08-25T01:41:14Z,141688594,673765,12969802.8,37596,3380519.1,1165,8613082.7,67917017,235564608.2
2026-08-25T01:43:58Z,141837819,675604,13015573.5,37701,3392030.0,1168,8643156.6,68091946,236149892.0
2026-08-25T01:46:31Z,141998540,677129,13032351.7,37806,3404138.8,1170,8659723.0,68253803,236659262.1
2026-08-25T01:49:06Z,142147440,678743,13065721.0,37876,3407569.0,1173,8687386.3,68418207,237058436.9
2026-08-25T01:51:39Z,142298559,680283,13079106.2,37981,3414856.8,1175,8698325.9,68581070,237456797.2
2026-08-25T01:54:25Z,142448040,682178,13148430.0,38051,3421327.3,1178,8731183.5,68757428,238137860.5
2026-08-25T01:57:07Z,142611125,683734,13166749.1,38156,3434755.7,1181,8770811.3,68929097,238718531.8
2026-08-25T01:59:45Z,142768853,685300,13192298.3,38261,3444022.4,1183,8786089.6,69097264,239229858.6
2026-08-25T02:02:24Z,142923505,687016,13228281.3,38331,3448087.2,1186,8818966.5,69266789,239728476.4
2026-08-25T02:05:14Z,143079120,688600,13258532.9,38436,3464075.3,1189,8856970.1,69446050,240486338.1
2026-08-25T02:07:51Z,143244378,690277,13310141.3,38541,3474445.0,1192,8896274.4,69613677,241106340.5
2026-08-25T02:10:26Z,143398359,691901,13325991.4,38632,3478585.8,1194,8909387.8,69778431,241531793.6
2026-08-25T02:13:11Z,143549838,693497,13359528.1,38716,3485061.3,1197,8943567.8,69953202,242120308.1
2026-08-25T02:15:50Z,143710465,695132,13381149.1,38821,3502899.4,1200,8982347.2,70121684,242732299.8
2026-08-25T02:18:22Z,143865128,696778,13412801.3,38891,3507072.3,1202,8995403.6,70283140,243144427.8
2026-08-25T02:20:57Z,144013429,698427,13428576.8,38996,3515158.6,1205,9025103.3,70447872,243560374.4
2026-08-25T02:23:42Z,144164840,700054,13456705.7,39101,3524114.3,1207,9042579.2,70622276,244142094.8
2026-08-25T02:26:31Z,144325614,701858,13497553.1,39201,3533433.1,1210,9079320.9,70801496,244869641.0
2026-08-25T02:29:13Z,144490559,703467,13525000.7,39276,3542398.8,1213,9116434.9,70974196,245415411.3
2026-08-25T02:31:52Z,144649021,705144,13551369.3,39381,3552448.9,1216,9149805.5,71143507,245902506.9
2026-08-25T02:34:41Z,144804617,706846,13584077.3,39486,3569621.5,1218,9169638.0,71321410,246580730.9
2026-08-25T02:37:22Z,144968945,708502,13619859.3,39556,3579838.5,1221,9204696.8,71492615,247232097.9
2026-08-25T02:40:00Z,145126076,710231,13645869.4,39661,3589906.4,1224,9238654.9,71660989,247717701.5
2026-08-25T02:42:37Z,145280513,711796,13666055.8,39766,3597374.7,1226,9251296.6,71827562,248152442.2
2026-08-25T02:45:20Z,145433797,713411,13699514.2,39836,3607467.8,1229,9290906.2,72000431,248832633.8
2026-08-25T02:47:55Z,145592389,715054,13723811.2,39941,3617038.9,1232,9320173.2,72164794,249285771.0
2026-08-25T02:50:27Z,145743281,716687,13750183.2,40039,3621561.6,1234,9333711.6,72326892,249699738.4
2026-08-25T02:53:10Z,145892415,718361,13767533.9,40116,3629065.9,1237,9365656.4,72499341,250172896.6
2026-08-25T02:55:51Z,146051513,720014,13815003.1,40221,3644821.2,1240,9404417.2,72670333,250827848.2
2026-08-25T02:58:32Z,146208628,721735,13838876.9,40324,3654768.3,1242,9424873.9,72841353,251446499.3
2026-08-25T03:01:11Z,146365659,723343,13872978.7,40396,3660768.4,1245,9455586.3,73010446,251987331.8
2026-08-25T03:04:01Z,146521016,725127,13895688.1,40501,3673009.2,1248,9488943.5,73191125,252592641.3
2026-08-25T03:06:48Z,146687006,726803,13957843.3,40606,3691303.9,1251,9533435.4,73367509,253353383.9
2026-08-25T03:09:24Z,146849179,728375,13975296.4,40676,3697819.4,1253,9549821.6,73533746,253851527.1
2026-08-25T03:12:08Z,147001882,730233,14025333.0,40781,3707155.5,1256,9580226.2,73708566,254351209.4
2026-08-25T03:14:53Z,147162360,731821,14045821.0,40886,3715921.6,1259,9615284.1,73883847,254983752.4
2026-08-25T03:17:28Z,147323359,733448,14073412.8,40986,3724780.1,1261,9629931.1,74048287,255488478.8
2026-08-25T03:20:02Z,147474454,735124,14093702.4,41061,3729466.3,1264,9655777.7,74211926,255878060.2
2026-08-25T03:22:42Z,147624637,736783,14127757.7,41166,3738061.5,1266,9667175.4,74381225,256313229.4
2026-08-25T03:25:24Z,147780037,738406,14161040.1,41236,3745216.6,1269,9703367.1,74554132,256991748.8
2026-08-25T03:28:06Z,147939232,740229,14202918.1,41341,3756842.3,1272,9736578.3,74725343,257554067.6
2026-08-25T03:30:48Z,148096630,741807,14227166.7,41446,3766583.5,1274,9750924.7,74897996,258080265.1
2026-08-25T03:33:45Z,148255287,743670,14282958.6,41551,3786047.3,1277,9792200.6,75084865,258833063.7
2026-08-25T03:36:33Z,148427573,745386,14333153.7,41653,3801544.8,1280,9834331.5,75263387,259595880.6
2026-08-25T03:39:13Z,148591502,747093,14371622.0,41726,3808881.9,1283,9859937.3,75433394,260096772.3
2026-08-25T03:41:49Z,148753852,748620,14387336.5,41831,3817921.9,1286,9881983.5,75599367,260510277.8
2026-08-25T03:44:35Z,148909125,750329,14430862.5,41936,3833366.1,1288,9904449.9,75775119,261219757.6
2026-08-25T03:47:09Z,149070650,751961,14455075.9,42006,3838137.4,1291,9937431.1,75939215,261729976.7
2026-08-25T03:49:44Z,149221484,753518,14474446.3,42111,3846427.0,1293,9948709.5,76103580,262141472.2
2026-08-25T03:52:22Z,149372340,755093,14495961.5,42181,3850852.6,1296,9976041.1,76271170,262572335.6
2026-08-25T03:55:10Z,149526573,756939,14537341.2,42286,3870524.7,1299,10019904.6,76450238,263315979.6
2026-08-25T03:57:57Z,149690979,758555,14573349.2,42391,3887144.6,1302,10057063.7,76626105,263968511.7
2026-08-25T04:00:41Z,149853543,760282,14601380.8,42496,3899077.9,1304,10069413.3,76799031,264504675.7
2026-08-25T04:03:27Z,150013556,761912,14628180.2,42594,3903590.5,1307,10097290.2,76976080,265071972.5
2026-08-25T04:06:24Z,150176308,763741,14687940.1,42671,3917830.0,1310,10135783.3,77163508,265939112.4
2026-08-25T04:09:03Z,150348778,765323,14722577.8,42776,3931634.4,1313,10165880.4,77331103,266510446.5
2026-08-25T04:11:45Z,150503803,767116,14742460.4,42881,3940284.0,1315,10178215.4,77502734,267004141.5
2026-08-25T04:14:32Z,150661465,768828,14777937.7,42982,3951793.5,1318,10210766.1,77679613,267655878.8
2026-08-25T04:17:13Z,150824463,770550,14803009.7,43056,3961456.0,1321,10245222.1,77851541,268268977.5
2026-08-25T04:19:50Z,150982484,772177,14832129.7,43161,3969510.3,1324,10272469.2,78017858,268688747.0
2026-08-25T04:22:24Z,151134852,773720,14845179.1,43231,3972905.5,1326,10283850.5,78181947,269096981.2
2026-08-25T04:25:12Z,151285856,775555,14895595.5,43336,3987393.4,1329,10315184.5,78359793,269784906.8
2026-08-25T04:28:00Z,151449356,777149,14921085.6,43441,4004678.0,1332,10354071.0,78537971,270485131.0
2026-08-25T04:30:43Z,151613002,778848,14955536.2,43546,4015663.4,1334,10366922.1,78710021,271006932.3
2026-08-25T04:33:33Z,151771934,780512,14977305.2,43648,4027242.1,1337,10399120.7,78890659,271648355.9
2026-08-25T04:36:25Z,151938242,782388,15051527.3,43721,4038215.9,1340,10440583.5,79073721,272469164.2
2026-08-25T04:39:06Z,152106293,784009,15072717.3,43826,4048263.8,1343,10472526.7,79244712,273037870.4
2026-08-25T04:41:49Z,152263321,785759,15103197.1,43931,4058193.5,1346,10504750.3,79417834,273573712.5
2026-08-25T04:44:37Z,152422524,787417,15131647.2,44036,4072113.9,1348,10519963.8,79596122,274226671.0
2026-08-25T04:47:17Z,152586284,789170,15170076.0,44106,4081184.7,1351,10549225.4,79765807,274837409.8
2026-08-25T04:49:54Z,152742104,790780,15190914.1,44211,4089071.0,1354,10575644.7,79933622,275291702.9
2026-08-25T04:52:37Z,152896047,792404,15213257.4,44316,4097767.4,1356,10586545.0,80106281,275765491.1
2026-08-25T04:55:26Z,153054952,794165,15251772.1,44386,4103408.6,1359,10617281.8,80284715,276508153.4
2026-08-25T04:58:09Z,153219301,795789,15288055.1,44491,4115124.8,1362,10651089.1,80454509,277120343.3
2026-08-25T05:00:55Z,153379210,797545,15322463.3,44596,4125140.1,1365,10683279.5,80630971,277682636.0
2026-08-25T05:03:50Z,153541105,799346,15356062.4,44701,4136075.6,1368,10720682.3,80816422,278397992.5
2026-08-25T05:06:44Z,153712058,801113,15408903.6,44806,4150277.4,1370,10739190.0,81000744,279203199.3
2026-08-25T05:09:23Z,153881373,802809,15439098.8,44876,4153800.1,1373,10769214.1,81169338,279714830.0
2026-08-25T05:12:06Z,154036166,804446,15460827.8,44981,4162118.9,1376,10796796.2,81343621,280224166.2
2026-08-25T05:14:56Z,154196078,806237,15507941.2,45086,4172941.3,1379,10833126.1,81523154,280956995.4
2026-08-25T05:17:32Z,154360935,807817,15526362.4,45191,4181794.9,1381,10846943.7,81689694,281471583.9
2026-08-25T05:20:10Z,154513914,809490,15554288.3,45261,4184997.7,1384,10871637.2,81857551,281911472.1
2026-08-25T05:22:53Z,154667855,811165,15571828.1,45366,4193345.1,1387,10899751.1,82030904,282382352.9
2026-08-25T05:25:45Z,154827143,812921,15620799.2,45471,4206879.9,1390,10937030.6,82212935,283138848.1
2026-08-25T05:28:30Z,154994796,814542,15645272.5,45571,4216809.8,1392,10955842.0,82387718,283828515.1
2026-08-25T05:31:14Z,155155415,816319,15680679.6,45646,4223105.1,1395,10984261.2,82562594,284375155.7
2026-08-25T05:34:11Z,155316330,818073,15706097.3,45751,4234966.5,1398,11018294.9,82750244,285071539.0
2026-08-25T05:37:05Z,155488498,819898,15772933.9,45856,4252991.6,1401,11058853.1,82934832,285884156.0
2026-08-25T05:39:49Z,155658231,821583,15793312.5,45961,4263634.7,1404,11091420.2,83109259,286454195.9
2026-08-25T05:42:48Z,155818408,823436,15844816.9,46066,4274967.9,1407,11124061.5,83299077,287159467.8
2026-08-25T05:45:45Z,155992981,825194,15889757.7,46171,4291679.4,1409,11147900.9,83487193,288079073.0
2026-08-25T05:48:39Z,156165752,826992,15957127.7,46276,4310603.4,1412,11185055.5,83672503,288903304.0
2026-08-25T05:51:18Z,156336011,828604,15982841.9,46346,4314983.6,1415,11212871.6,83840824,289429994.8
2026-08-25T05:54:09Z,156490664,830360,16013176.4,46451,4326689.0,1418,11237995.8,84022962,290029547.4
2026-08-25T05:57:10Z,156658243,832256,16086187.5,46556,4343715.7,1421,11277681.6,84213754,290847203.8
2026-08-25T06:00:00Z,156834082,833941,16113258.6,46661,4358072.2,1424,11315346.6,84394932,291555440.2
2026-08-25T06:03:00Z,157000353,835831,16165257.5,46766,4371094.5,1427,11349791.3,84586213,292216528.4
2026-08-25T06:06:01Z,157176186,837629,16199216.1,46871,4389292.3,1430,11392351.9,84778228,293096383.7
2026-08-25T06:08:47Z,157352419,839364,16258955.5,46976,4404178.0,1433,11424847.2,84955386,293813753.8
2026-08-25T06:11:30Z,157514912,841043,16279828.6,47078,4412115.5,1435,11438004.4,85128688,294359042.6
2026-08-25T06:14:22Z,157674292,842819,16336439.4,47151,4421245.8,1438,11472425.1,85310184,295126646.8
2026-08-25T06:17:06Z,157841675,844449,16360335.8,47256,4433510.6,1441,11503282.8,85484066,295772052.1
2026-08-25T06:19:48Z,158001626,846158,16391298.8,47361,4441489.6,1444,11527592.3,85656242,296244080.3
2026-08-25T06:22:39Z,158159588,847889,16410394.6,47466,4453176.0,1446,11537478.0,85837204,296766027.3
2026-08-25T06:25:27Z,158326230,849631,16465092.6,47560,4462362.3,1449,11569918.2,86016137,297502224.4
2026-08-25T06:28:14Z,158490636,851249,16490089.3,47641,4474234.7,1452,11603261.7,86193744,298197413.7
2026-08-25T06:31:02Z,158653856,853053,16533364.8,47746,4484321.4,1455,11631922.3,86372131,298754273.7
2026-08-25T06:34:01Z,158817586,854841,16561959.2,47851,4495567.8,1458,11667894.4,86559415,299530177.4
2026-08-25T06:36:59Z,158991711,856690,16634865.9,47956,4511551.2,1461,11705373.9,86748809,300404679.0
2026-08-25T06:39:47Z,159166011,858370,16655926.3,48061,4523434.0,1464,11736001.0,86926828,301008236.8
2026-08-25T06:42:31Z,159329425,860105,16696007.5,48163,4531219.2,1466,11748554.4,87101527,301541125.4
2026-08-25T06:45:23Z,159489892,861841,16723117.2,48236,4541208.4,1469,11777149.9,87284493,302277740.7
2026-08-25T06:48:05Z,159657917,863518,16756601.1,48341,4554028.0,1472,11806320.4,87456365,302843446.8
2026-08-25T06:50:45Z,159815718,865203,16778935.5,48446,4562030.0,1475,11832109.9,87626841,303315004.2
2026-08-25T06:53:31Z,159972661,866907,16806548.2,48548,4571218.6,1477,11845965.2,87802870,303851179.8
2026-08-25T06:56:23Z,160139461,868689,16848154.9,48621,4581540.3,1480,11881901.8,87985654,304601447.9
2026-08-25T06:59:17Z,160307803,870433,16889817.0,48726,4595770.4,1483,11924821.2,88169795,305352115.8
2026-08-25T07:02:04Z,160477606,872179,16917253.5,48831,4604976.1,1486,11958612.2,88347325,305908654.2
2026-08-25T07:05:07Z,160643080,873957,16966229.2,48936,4624792.5,1489,12003639.0,88541662,306837224.9
2026-08-25T07:08:01Z,160821470,875779,17010846.4,49041,4640264.6,1492,12043194.2,88726539,307608271.1
2026-08-25T07:10:50Z,160991181,877535,17040371.3,49146,4650778.8,1494,12055423.9,88905366,308156527.9
2026-08-25T07:13:45Z,161155611,879322,17071549.7,49251,4662727.0,1498,12104268.2,89092036,308770257.9
2026-08-25T07:16:36Z,161326994,881035,17107903.8,49356,4679565.9,1500,12125907.6,89273445,309539476.1
2026-08-25T07:19:15Z,161493653,882737,17136039.2,49426,4685334.3,1503,12151659.3,89442426,310033433.1
2026-08-25T07:22:03Z,161648832,884388,17162465.1,49531,4694514.6,1506,12186527.5,89620241,310643645.4
2026-08-25T07:25:04Z,161812620,886236,17229091.1,49636,4706562.6,1509,12227436.0,89811750,311502865.4
2026-08-25T07:28:07Z,161988835,888033,17276429.6,49741,4722316.3,1512,12272858.2,90006716,312517043.3
2026-08-25T07:37:25Z,162168113,893772,17411848.1,50056,4767556.1,1521,12372381.9,90599445,314839743.3
2026-08-25T07:48:02Z,162712293,900272,17535703.0,50441,4815944.9,1532,12476289.5,91276128,317088701.8
2026-08-25T08:18:17Z,163343105,919180,18157349.0,51491,5007884.9,1562,12944499.5,93203304,325626277.4
2026-08-25T08:20:55Z,165114121,920873,18189760.2,51596,5016062.1,1565,12964560.8,93371937,326061845.4
2026-08-25T08:23:49Z,165272093,922587,18211217.6,51701,5025564.2,1568,12994480.0,93555812,326682586.1
2026-08-25T08:26:51Z,165441548,924454,18279768.9,51806,5041179.8,1570,13022237.9,93749622,327704963.1
2026-08-25T08:29:40Z,165619366,926088,18305134.7,51911,5053608.5,1573,13068168.2,93928482,328489990.0
2026-08-25T08:32:33Z,165784595,927948,18345189.8,52016,5064402.0,1576,13094623.4,94111599,329168491.4
2026-08-25T08:35:43Z,165952797,929787,18386343.5,52121,5080375.1,1579,13149320.1,94313950,330360240.2
2026-08-25T08:38:41Z,166138784,931615,18460700.7,52226,5097084.8,1582,13198581.9,94502591,331340201.1
2026-08-25T08:41:28Z,166311869,933282,18486391.0,52325,5104497.8,1585,13232174.3,94680306,332050135.6
2026-08-25T08:44:28Z,166475266,935190,18529637.3,52430,5113308.0,1588,13270414.8,94871816,332882157.2
2026-08-25T08:47:21Z,166651411,936871,18561688.1,52506,5123631.7,1591,13324000.6,95055096,333773607.0
2026-08-25T08:50:04Z,166819581,938580,18600111.4,52611,5132428.2,1594,13354446.4,95226847,334337606.3
2026-08-25T08:52:48Z,166978455,940145,18617285.6,52716,5142297.9,1597,13380203.8,95402109,334899834.4
2026-08-25T08:55:59Z,167139284,942125,18683904.1,52821,5154246.1,1600,13427802.7,95604649,336023629.2
2026-08-25T08:59:12Z,167325678,944010,18759632.4,52926,5172627.6,1603,13493754.5,95809348,337197875.1
2026-08-25T09:02:04Z,167513534,945723,18794199.3,53031,5184656.0,1606,13537646.0,95992498,337993607.2
2026-08-25T09:05:16Z,167681733,947630,18859724.1,53136,5199137.2,1609,13598357.3,96196406,339144963.7
2026-08-25T09:08:18Z,167869181,949469,18914054.5,53241,5216187.6,1612,13662083.6,96389963,340184456.5
2026-08-25T09:11:10Z,168046622,951171,18947238.5,53346,5227526.6,1615,13700542.4,96572534,340912157.9
2026-08-25T09:14:06Z,168214513,952960,18977231.2,53451,5236524.7,1618,13729751.0,96759367,341600554.2
2026-08-25T09:17:01Z,168385973,954703,19021286.6,53556,5251578.0,1621,13778608.8,96945531,342540016.1
2026-08-25T09:19:52Z,168557010,956408,19050643.6,53661,5263936.5,1624,13818081.9,97126767,343228067.0
2026-08-25T09:22:47Z,168723747,958207,19085814.8,53766,5273977.0,1626,13834532.7,97312439,343973149.7
2026-08-25T09:26:10Z,168894356,960318,19167053.9,53871,5290227.0,1630,13919223.7,97527050,345288418.9
2026-08-25T09:29:25Z,169093362,962207,19232803.0,53976,5309264.3,1633,14000274.3,97733526,346657961.0
2026-08-25T09:32:37Z,169283096,964165,19334088.6,54116,5335275.4,1636,14056308.0,97937644,347962407.8
2026-08-25T09:35:56Z,169470601,966049,19382732.7,54221,5352668.6,1639,14118213.1,98149475,349328196.5
2026-08-25T09:39:05Z,169664918,967991,19473882.0,54326,5373528.5,1642,14192241.1,98350451,350602696.7
2026-08-25T09:42:12Z,169849649,969739,19516873.0,54431,5392806.7,1646,14300684.9,98548251,351726713.5
2026-08-25T09:45:19Z,170031375,971649,19569577.6,54536,5405090.6,1649,14342279.8,98746024,352771047.0
2026-08-25T09:48:25Z,170214242,973537,19640287.6,54641,5420398.2,1652,14398890.6,98943181,353907994.8
2026-08-25T09:51:33Z,170396059,975454,19691379.2,54780,5440133.6,1655,14447292.3,99142149,354933432.4
2026-08-25T09:54:45Z,170579446,977371,19770740.9,54886,5457702.9,1658,14501694.4,99345807,356084559.6
2026-08-25T09:58:04Z,170766470,979294,19830851.8,54991,5480438.2,1661,14581589.5,99557189,357444266.6
2026-08-25T10:01:22Z,170960691,981307,19919290.4,55096,5495306.2,1665,14684858.3,99767495,358709461.7
2026-08-25T10:04:41Z,171153903,983239,19979771.3,55236,5522869.7,1668,14751447.4,99979133,360048446.0
2026-08-25T10:07:52Z,171348263,985097,20057895.3,55341,5543027.0,1671,14821931.5,100179268,361282414.0
2026-08-25T10:11:07Z,171534308,987040,20120829.9,55446,5558801.0,1675,14902376.4,100384521,362367638.3
2026-08-25T10:14:21Z,171725211,988921,20179331.8,55551,5576894.6,1678,14965605.6,100590190,363627982.4
2026-08-25T10:17:26Z,171914355,990742,20238092.6,55656,5595349.0,1681,15031258.8,100786331,364741064.8
2026-08-25T10:20:22Z,172094336,992528,20271694.1,55761,5606666.0,1684,15067016.4,100972088,365506488.3
2026-08-25T10:23:37Z,172266450,994479,20334339.0,55901,5629562.2,1687,15128518.9,101179518,366757322.1
2026-08-25T10:26:57Z,172457071,996491,20421036.1,56006,5649766.5,1690,15193048.8,101388259,368023027.5
2026-08-25T10:30:13Z,172651419,998402,20477352.3,56111,5670318.1,1694,15296026.6,101596503,369278254.8
2026-08-25T10:33:34Z,172842920,1000442,20579720.2,56249,5695756.6,1697,15367177.9,101809936,370684232.1
2026-08-25T10:36:49Z,173039001,1002355,20641338.9,56356,5716439.3,1700,15437828.4,102018256,372045669.5
2026-08-25T10:40:00Z,173230104,1004270,20724344.3,56461,5746801.0,1704,15516339.8,102221274,373316908.5
2026-08-25T10:43:12Z,173416307,1006116,20792284.0,56566,5765335.0,1707,15583335.9,102425051,374616179.5
2026-08-25T10:46:17Z,173603798,1008048,20858887.2,56671,5782772.0,1710,15650018.0,102621815,375747241.9
2026-08-25T10:49:19Z,173784063,1009967,20929767.5,56776,5798028.2,1713,15697130.0,102815088,376656006.1
2026-08-25T10:52:24Z,173961892,1011711,20963040.2,56881,5812909.7,1716,15752337.2,103011480,377763800.4
2026-08-25T10:55:40Z,174142632,1013720,21049581.7,57021,5840663.1,1719,15813700.4,103217056,378907048.2
2026-08-25T10:59:05Z,174333018,1015620,21094819.0,57126,5859314.1,1723,15910741.0,103435429,380294330.5
2026-08-25T11:02:31Z,174533956,1017716,21197657.0,57261,5884084.6,1726,15994433.1,103653762,381785075.5
2026-08-25T11:05:50Z,174734344,1019611,21274811.6,57371,5908722.0,1729,16090456.1,103860824,383175430.6
2026-08-25T11:09:01Z,174928531,1021503,21339416.9,57476,5931075.6,1732,16160791.5,104064288,384389137.1
2026-08-25T11:12:19Z,175115287,1023464,21417613.3,57581,5954920.1,1736,16265167.6,104274838,385743338.0
2026-08-25T11:15:21Z,175308675,1025304,21469391.8,57686,5976144.4,1739,16334135.9,104467265,386775878.2
2026-08-25T11:18:26Z,175485556,1027193,21520630.3,57791,5990179.2,1742,16387591.9,104664349,387740296.9
2026-08-25T11:21:36Z,175666692,1029016,21571477.6,57929,6016996.6,1745,16450494.5,104865707,388852634.7
2026-08-25T11:24:35Z,175851713,1030788,21615960.5,58035,6036657.1,1748,16505190.7,105055379,389771022.8
2026-08-25T11:27:51Z,176027015,1032759,21683138.4,58141,6054918.9,1751,16543126.3,105256780,390798213.6
2026-08-25T11:31:13Z,176217854,1034677,21750628.5,58246,6078987.0,1755,16654804.5,105471377,392198410.9
2026-08-25T11:34:25Z,176414857,1036621,21830236.0,58351,6100909.3,1758,16733460.9,105675724,393450375.1
2026-08-25T11:37:46Z,176602712,1038576,21907498.4,58491,6129567.2,1761,16816118.6,105888685,394726386.3
2026-08-25T11:41:05Z,176798125,1040535,21987764.3,58596,6156981.9,1765,16924938.9,106100387,396153289.2
2026-08-25T11:44:20Z,176992653,1042593,22086725.4,58701,6183234.2,1768,16995876.7,106308157,397421519.9
2026-08-25T11:47:24Z,177183402,1044338,22119818.6,58806,6203741.9,1771,17037496.6,106503295,398421930.6
2026-08-25T11:50:35Z,177362472,1046264,22203444.4,58944,6230846.3,1774,17100367.4,106706383,399598599.9
2026-08-25T11:53:43Z,177548999,1048055,22240519.3,59051,6251477.5,1777,17155553.8,106905724,400683907.5
2026-08-25T11:57:01Z,177732162,1050106,22302140.0,59156,6267025.4,1780,17199138.5,107116761,401792527.6
2026-08-25T12:00:31Z,177926536,1052147,22372357.4,59291,6297185.8,1784,17321915.7,107339221,403363554.9
2026-08-25T12:03:52Z,178131256,1054192,22467310.3,59401,6328708.7,1787,17408970.7,107552963,404787107.0
2026-08-25T12:07:11Z,178326866,1056173,22566902.3,59506,6348543.1,1791,17510356.7,107764642,406085018.4
2026-08-25T12:10:32Z,178521278,1058078,22619324.9,59642,6379012.4,1794,17594205.1,107978002,407405522.3
2026-08-25T12:13:44Z,178717008,1059990,22707286.4,59751,6407209.0,1797,17673727.6,108182332,408634334.2
2026-08-25T12:16:59Z,178904934,1061863,22756947.3,59856,6433109.9,1800,17730901.6,108388915,409878165.9
2026-08-25T12:20:14Z,179094753,1063823,22844639.1,59961,6458276.1,1804,17842064.7,108596212,411195096.7
2026-08-25T12:23:24Z,179284935,1065785,22922160.9,60066,6484584.6,1807,17918583.7,108798439,412376812.8
2026-08-25T12:26:47Z,179470758,1067748,22993948.2,60206,6519849.3,1810,18001262.5,109014425,413704187.4
2026-08-25T12:30:19Z,179670451,1069871,23083242.0,60311,6547559.2,1814,18140467.4,109238862,415285684.9
2026-08-25T12:33:44Z,179878224,1071971,23189021.6,60451,6583989.1,1817,18230067.8,109456934,416736087.9
2026-08-25T12:36:56Z,180075714,1073850,23250034.0,60556,6612956.8,1820,18276047.4,109661150,417972711.8
2026-08-25T12:40:21Z,180263136,1075873,23346246.3,60661,6636539.8,1824,18386012.3,109878526,419368943.6
2026-08-25T12:43:32Z,180462876,1077773,23420409.2,60797,6665652.0,1827,18475323.4,110082227,420648643.2
2026-08-25T12:46:42Z,180649776,1079666,23478510.5,60906,6692341.3,1830,18546382.1,110284054,421740590.5
2026-08-25T12:50:01Z,180835099,1081666,23550378.5,61011,6716251.0,1833,18603058.0,110494939,422993234.5
2026-08-25T12:53:14Z,181028722,1083531,23609440.8,61116,6741081.2,1837,18710867.0,110700789,424259021.4
2026-08-25T12:56:44Z,181218082,1085667,23719467.5,61256,6779440.4,1840,18786565.1,110923660,425599982.9
2026-08-25T13:00:10Z,181425382,1087674,23780682.7,61361,6801274.3,1844,18915587.6,111142509,427150487.1
2026-08-25T13:03:38Z,181590413,1089856,23897945.3,61501,6835096.0,1847,19024488.9,111363230,428701854.6
2026-08-25T13:07:01Z,181766126,1091917,24007769.7,61606,6866766.6,1851,19127495.2,111578994,430124120.0
2026-08-25T13:10:38Z,181961741,1094076,24087578.0,61745,6947016.4,1853,19179113.1,111809456,431715804.1
2026-08-25T13:14:02Z,182177527,1096191,24201228.9,61851,6976530.5,1855,19241435.5,112025971,433123403.7
2026-08-25T13:17:18Z,182375552,1098081,24249605.1,61956,7002129.3,1858,19327142.5,112234148,434349833.2
2026-08-25T13:20:35Z,182565059,1100092,24320844.0,62096,7027045.4,1862,19428183.9,112443819,435522379.2
2026-08-25T13:23:44Z,182758609,1101999,24386746.2,62201,7042831.0,1865,19500564.9,112644932,436598268.2
2026-08-25T13:27:04Z,182942300,1103954,24446913.2,62306,7062160.8,1868,19557899.0,112857202,437795975.9
2026-08-25T13:30:33Z,183142229,1106046,24521149.6,62445,7087838.7,1872,19680561.6,113079527,439233794.1
2026-08-25T13:33:49Z,183346913,1107968,24585978.8,62551,7109781.1,1875,19772889.5,113287488,440534274.1
2026-08-25T13:37:04Z,183531830,1109897,24656727.0,62656,7129457.7,1878,19846064.1,113495004,441756583.4
2026-08-25T13:40:28Z,183722358,1111963,24751640.0,62787,7148529.7,1882,19949632.0,113711303,443081823.6
2026-08-25T13:43:50Z,183924960,1113929,24825325.0,62901,7174148.6,1885,20038341.4,113926150,444442191.7
2026-08-25T13:47:08Z,184121165,1115878,24892003.1,63006,7192653.3,1888,20114221.4,114137061,445729552.8
2026-08-25T13:50:36Z,184318501,1117934,24968426.9,63146,7220469.2,1892,20234482.9,114358044,447201585.0
2026-08-25T13:53:48Z,184517452,1119822,25029944.0,63251,7239959.1,1895,20325327.0,114562079,448522687.3
2026-08-25T13:57:17Z,184701003,1121965,25142023.4,63356,7268150.4,1898,20393578.2,114783135,449947119.4
2026-08-25T14:00:59Z,184911145,1124164,25223141.1,63496,7313864.2,1900,20447070.4,115019293,451647929.1
2026-08-25T14:04:36Z,185132458,1126400,25330739.5,63635,7349199.4,1902,20513658.3,115250073,453331625.8
2026-08-25T14:08:06Z,185338325,1128548,25455514.0,63741,7373124.8,1905,20616159.5,115472814,454814194.8
2026-08-25T14:11:47Z,185549544,1130674,25517982.7,63881,7406921.5,1909,20756742.7,115708321,456538820.9
2026-08-25T14:15:19Z,185767864,1132802,25616283.4,63986,7432814.5,1913,20883001.0,115933167,458121039.1
2026-08-25T14:18:59Z,185968622,1134985,25717539.8,64126,7481834.8,1916,20957658.6,116167233,459836723.1
2026-08-25T14:22:50Z,186194684,1137323,25805800.0,64266,7520490.3,1918,21039785.6,116412901,461731785.8
2026-08-25T14:26:35Z,186412422,1139720,25942442.6,64402,7563920.8,1919,21096313.7,116652320,463561536.5
2026-08-25T14:30:11Z,186640537,1141913,26035993.4,64511,7598718.4,1921,21159581.7,116881929,465243016.9
2026-08-25T14:33:44Z,186843798,1144112,26117916.3,64651,7640031.2,1923,21226889.7,117108020,466876075.9
2026-08-25T14:37:24Z,187038146,1146431,26241787.1,64756,7664106.0,1925,21276139.8,117341590,468575327.2
2026-08-25T14:41:16Z,187252597,1148897,26386320.3,64896,7709807.5,1928,21376851.7,117587781,470451018.5
2026-08-25T14:45:02Z,187479561,1151239,26484888.9,65036,7750540.4,1930,21433550.6,117827823,472290002.1
2026-08-25T14:48:26Z,187698088,1153283,26563298.4,65141,7778183.4,1934,21565165.2,118044987,473772581.4
2026-08-25T14:51:50Z,187897092,1155356,26667024.5,65281,7819459.4,1937,21649636.0,118261497,475121958.5
2026-08-25T14:55:17Z,188090376,1157389,26730218.9,65386,7844457.2,1940,21723566.6,118481793,476568311.0
2026-08-25T14:58:40Z,188292504,1159404,26816258.5,65525,7877447.6,1944,21867726.4,118696851,478035981.3
2026-08-25T15:01:51Z,188485768,1161277,26872837.4,65631,7900198.7,1947,21923801.7,118900283,479119925.5
2026-08-25T15:05:09Z,188672431,1163227,26927833.8,65736,7920828.0,1951,22012703.9,119110764,480369543.9
2026-08-25T15:08:20Z,188865650,1165153,27016528.3,65841,7939730.5,1954,22084129.5,119312103,481462709.6
2026-08-25T15:11:52Z,189052020,1167224,27062563.6,65981,7962385.7,1957,22156671.5,119537187,482765870.0
2026-08-25T15:15:17Z,189259466,1169315,27164739.9,66086,7983401.3,1960,22240883.3,119754926,484217405.4
2026-08-25T15:18:40Z,189462701,1171308,27230824.9,66226,8013920.6,1964,22361639.4,119969713,485623331.0
2026-08-25T15:22:08Z,189659961,1173425,27321437.0,66331,8032656.5,1967,22426586.5,120191433,487026611.7
2026-08-25T15:25:33Z,189863731,1175434,27421356.5,66469,8061185.2,1971,22544062.4,120408444,488420047.4
2026-08-25T15:28:45Z,190062870,1177362,27471042.3,66576,8081021.3,1974,22613653.1,120613063,489566777.8
2026-08-25T15:32:01Z,190250658,1179357,27545406.6,66681,8097941.5,1977,22670827.9,120820809,490666435.1
2026-08-25T15:35:19Z,190441383,1181280,27600669.9,66786,8116196.7,1981,22785394.4,121031578,491954731.5
2026-08-25T15:38:22Z,190634779,1183157,27663113.8,66891,8134084.5,1984,22834930.0,121225357,492908285.2
2026-08-25T15:41:53Z,190812587,1185313,27739204.0,67031,8160861.4,1987,22899358.8,121448702,494167982.3
2026-08-25T15:45:20Z,191018692,1187332,27812628.8,67136,8182417.8,1991,23018332.3,121668861,495609362.8
2026-08-25T15:48:40Z,191220456,1189331,27894742.7,67276,8213986.5,1994,23107381.2,121881960,496975200.5
2026-08-25T15:52:07Z,191416072,1191389,27980939.6,67381,8231373.5,1997,23175121.1,122101329,498275981.3
2026-08-25T15:55:38Z,191617576,1193474,28067451.0,67521,8263738.9,2001,23309290.0,122324984,499753984.1
2026-08-25T15:58:56Z,191823012,1195450,28152485.0,67626,8284617.1,2004,23391077.4,122535498,501115965.5
2026-08-25T16:02:20Z,192016313,1197501,28221891.8,67731,8301266.2,2008,23480959.3,122752265,502359554.0
2026-08-25T16:05:47Z,192216497,1199539,28295748.7,67871,8331782.4,2011,23561371.6,122972604,503807442.2
2026-08-25T16:09:09Z,192418763,1201604,28402798.5,67976,8355357.5,2015,23664515.1,123186631,505201278.4
2026-08-25T16:12:41Z,192614872,1203681,28464207.0,68116,8388861.5,2018,23737556.1,123412389,506695110.4
2026-08-25T16:16:10Z,192822015,1205759,28567278.8,68221,8408692.2,2022,23862563.1,123634793,508166046.2
2026-08-25T16:19:43Z,193026042,1207941,28695525.9,68361,8436787.0,2025,23952384.2,123861122,509652077.0
2026-08-25T16:23:12Z,193233755,1209940,28743088.0,68466,8453541.1,2029,24047184.9,124082402,510982329.5
2026-08-25T16:26:44Z,193437264,1212083,28845765.5,68606,8479016.8,2032,24120194.2,124307656,512472925.7
2026-08-25T16:29:55Z,193643812,1213903,28884959.6,68711,8498496.0,2035,24175532.5,124510511,513625831.4
2026-08-25T16:33:09Z,193829827,1215876,28947851.0,68816,8513206.6,2039,24245571.6,124715914,514668686.1
2026-08-25T16:36:27Z,194019094,1217910,29024880.9,68941,8529078.4,2042,24309409.0,124926589,515885031.0
2026-08-25T16:39:36Z,194212340,1219800,29071701.0,69061,8552206.9,2045,24366042.4,125127574,516880669.0
2026-08-25T16:43:05Z,194396689,1221849,29130314.8,69166,8571089.5,2048,24433155.5,125343846,518101888.0
2026-08-25T16:46:32Z,194600366,1223872,29201269.2,69302,8595991.8,2052,24541834.5,125563356,519513034.9
2026-08-25T16:50:00Z,194801854,1226003,29313080.6,69411,8620398.8,2055,24620789.8,125784399,520924098.0
2026-08-25T16:53:29Z,195005013,1228046,29389124.8,69544,8639870.2,2059,24722377.5,126005927,522229166.6
2026-08-25T16:56:47Z,195208398,1229988,29454464.6,69656,8661520.7,2062,24790054.9,126216320,523490589.7
2026-08-25T16:59:57Z,195401219,1231878,29513143.1,69761,8680254.6,2066,24860335.8,126418152,524623555.4
2026-08-25T17:03:10Z,195586395,1233809,29555715.1,69866,8697436.1,2069,24910740.2,126621858,525610763.7
2026-08-25T17:06:25Z,195774713,1235745,29607410.4,69971,8712092.8,2072,24975257.5,126829741,526763173.5
2026-08-25T17:09:42Z,195965421,1237726,29691543.2,70111,8736098.5,2075,25040320.8,127038780,527854159.1
2026-08-25T17:13:14Z,196157291,1239852,29746839.2,70216,8750746.7,2079,25131453.1,127262906,529206417.3
2026-08-25T17:16:42Z,196364078,1241946,29842264.6,70356,8781491.7,2082,25214411.7,127484517,530664173.1
2026-08-25T17:20:07Z,196567511,1244038,29955797.3,70461,8806115.1,2085,25273237.0,127701486,532061435.2
2026-08-25T17:23:34Z,196766515,1245994,30012381.1,70601,8834300.5,2089,25371097.0,127921489,533439318.0
2026-08-25T17:26:57Z,196968299,1248077,30114087.1,70706,8852558.8,2092,25448487.1,128137270,534802800.2
2026-08-25T17:30:06Z,197166264,1249849,30148825.7,70811,8871718.8,2096,25533372.0,128338760,535899551.2
2026-08-25T17:33:23Z,197351345,1251866,30212559.5,70916,8886905.1,2099,25590249.0,128547412,537001538.3
2026-08-25T17:36:41Z,197542606,1253854,30281155.0,71056,8912603.5,2102,25656531.6,128757995,538190851.3
2026-08-25T17:39:57Z,197736036,1255832,30343542.3,71161,8930933.6,2105,25715368.0,128965485,539266751.8
2026-08-25T17:43:31Z,197927150,1258112,30442449.1,71298,8952683.1,2109,25807317.2,129193632,540655546.0
2026-08-25T17:47:00Z,198136135,1260191,30514851.2,71406,8975003.9,2112,25894069.0,129415539,542140229.8
2026-08-25T17:50:24Z,198339756,1262280,30631614.2,71511,9003204.3,2116,25988047.4,129632230,543514476.2
2026-08-25T17:53:55Z,198538088,1264399,30715926.0,71651,9031834.8,2119,26063617.7,129856626,544880171.0
2026-08-25T17:57:12Z,198744403,1266374,30784515.3,71756,9053380.4,2123,26169542.5,130066087,546168166.8
2026-08-25T18:00:22Z,198936268,1268286,30845784.0,71861,9071066.7,2126,26237757.9,130267383,547245645.4
2026-08-25T18:03:38Z,199121050,1270208,30892499.7,72001,9094418.6,2129,26290025.0,130475470,548304228.5
2026-08-25T18:06:58Z,199312158,1272221,30960833.8,72106,9112279.9,2132,26354553.6,130687645,549572678.0
2026-08-25T18:10:24Z,199507126,1274373,31065814.8,72211,9135509.5,2136,26440385.2,130907162,550819017.0
2026-08-25T18:13:59Z,199708257,1276430,31143696.6,72351,9168750.9,2139,26510836.1,131135045,552305395.7
2026-08-25T18:17:32Z,199917786,1278557,31225762.0,72487,9197194.1,2143,26638902.7,131362249,553836377.9
2026-08-25T18:20:56Z,200126193,1280614,31332312.7,72596,9220798.3,2146,26729483.2,131578070,555227097.2
2026-08-25T18:24:23Z,200324277,1282708,31378940.8,72701,9237904.5,2150,26813570.9,131793357,556482057.3
2026-08-25T18:27:43Z,200526451,1284749,31472277.1,72841,9271066.9,2153,26888096.3,132005588,557806298.1
2026-08-25T18:30:56Z,200721584,1286642,31517830.1,72946,9289196.0,2156,26951958.5,132210767,558965911.2
2026-08-25T18:34:15Z,200909618,1288760,31586785.3,73051,9307763.9,2160,27035476.0,132419502,560063543.2
2026-08-25T18:37:39Z,201103281,1290817,31674517.6,73191,9338077.2,2163,27107232.9,132636842,561361223.9
2026-08-25T18:41:09Z,201302572,1292898,31731464.1,73296,9363563.5,2167,27193762.4,132860309,562659455.8
2026-08-25T18:44:49Z,201507697,1295111,31823978.0,73436,9395272.8,2170,27251877.4,133093645,564123161.0
2026-08-25T18:48:26Z,201722874,1297245,31912943.9,73541,9418729.6,2174,27380183.6,133323700,565664798.9
2026-08-25T18:51:53Z,201934196,1299314,31996117.4,73681,9454136.7,2177,27481478.3,133543835,567100189.4
2026-08-25T18:55:20Z,202135136,1301370,32073577.1,73786,9472616.0,2181,27582335.1,133763477,568464214.5
2026-08-25T18:58:43Z,202336442,1303332,32137561.5,73926,9499461.0,2184,27663469.1,133979411,569818937.4
2026-08-25T19:01:57Z,202534778,1305340,32220829.8,74031,9518988.3,2187,27725797.7,134185529,570945691.0
2026-08-25T19:05:16Z,202723884,1307396,32289789.5,74136,9533022.1,2191,27803161.8,134397442,572032879.6
2026-08-25T19:08:39Z,202918233,1309420,32359801.4,74276,9563275.3,2194,27876200.0,134612532,573293225.7
2026-08-25T19:12:07Z,203116081,1311488,32444174.0,74381,9592248.1,2198,27970760.0,134834169,574746553.4
2026-08-25T19:15:51Z,203320051,1313750,32549161.9,74521,9626084.3,2201,28035687.6,135071455,576328246.8
2026-08-25T19:19:29Z,203539913,1315853,32618221.5,74654,9652708.4,2205,28160773.2,135302349,577868872.3
2026-08-25T19:22:57Z,203752678,1317969,32728869.1,74766,9683380.0,2208,28253047.7,135524379,579366428.8
2026-08-25T19:26:24Z,203957962,1320017,32806537.0,74871,9706279.5,2212,28337339.6,135744118,580685430.3
2026-08-25T19:29:50Z,204158961,1322079,32874855.8,75011,9736273.6,2215,28413143.0,135962481,581999629.2
2026-08-25T19:33:07Z,204358083,1324048,32978457.2,75116,9761929.9,2219,28498775.0,136171581,583300653.8
2026-08-25T19:36:23Z,204546812,1326007,33016717.8,75221,9781475.7,2222,28550344.1,136378759,584386204.3
2026-08-25T19:39:54Z,204738632,1328168,33109202.0,75361,9814584.8,2225,28621562.7,136602412,585768286.4
2026-08-25T19:43:28Z,204945972,1330282,33201182.6,75488,9840854.7,2229,28761773.7,136830042,587298162.5
2026-08-25T19:47:03Z,205153761,1332404,33289402.2,75606,9877219.5,2232,28826371.7,137058482,588750274.2
2026-08-25T19:50:36Z,205366615,1334544,33402055.2,75744,9907181.9,2236,28936928.7,137284974,590252923.6
2026-08-25T19:54:08Z,205574289,1336609,33464841.8,75851,9935214.0,2239,29030066.1,137510164,591725369.6
2026-08-25T19:57:35Z,205782616,1338731,33567939.7,75991,9961759.7,2243,29139447.4,137730058,593061957.7
2026-08-25T20:01:05Z,205990537,1340850,33648609.7,76096,9980015.0,2246,29215359.5,137952859,594434231.8
2026-08-25T20:04:25Z,206197124,1342885,33713148.3,76201,10003183.3,2250,29297554.4,138165978,595699594.8
2026-08-25T20:07:51Z,206392082,1345003,33795163.1,76341,10034774.1,2253,29364479.0,138384131,596936080.4
2026-08-25T20:11:38Z,206596881,1347247,33899135.6,76481,10062309.4,2257,29477975.6,138625752,598503513.9
2026-08-25T20:15:16Z,206822641,1349438,33991895.2,76586,10088632.8,2260,29579014.6,138856860,600082673.8
2026-08-25T20:18:54Z,207026245,1351589,34085001.1,76726,10126832.9,2262,29638086.8,139088402,601668002.3
2026-08-25T20:22:34Z,207242882,1353776,34190173.3,76862,10150985.3,2265,29721304.0,139322624,603172720.3
2026-08-25T20:26:17Z,207463421,1355986,34278682.4,76971,10178261.9,2268,29816357.7,139559469,604754173.6
2026-08-25T20:29:47Z,207678517,1358115,34354915.1,77111,10236746.1,2270,29844138.3,139782130,606071547.6
2026-08-25T20:33:18Z,207880305,1360273,34463542.0,77216,10262169.1,2272,29913432.0,140006404,607440291.5
2026-08-25T20:36:34Z,208083866,1362130,34505058.3,77352,10291210.2,2276,30012444.9,140214392,608671593.2
2026-08-25T20:40:10Z,208269992,1364333,34589574.1,77461,10319760.7,2279,30077906.7,140443861,610044117.8
2026-08-25T20:44:03Z,208489379,1366661,34707070.3,77601,10362292.5,2283,30205261.3,140691910,611765810.2
2026-08-25T20:47:38Z,208724644,1368704,34777647.7,77738,10401031.7,2286,30299179.9,140919601,613305412.0
2026-08-25T20:51:12Z,208923993,1370883,34882066.0,77846,10430905.2,2290,30414707.4,141147769,614744173.4
2026-08-25T20:54:59Z,209136448,1373088,34964215.9,77986,10470867.1,2294,30538102.3,141388283,616356711.3
2026-08-25T20:58:29Z,209360879,1375143,35039205.5,78119,10501177.9,2296,30586825.1,141611494,617781728.2
2026-08-25T21:01:59Z,209559938,1377260,35123480.3,78231,10529945.5,2300,30680115.1,141834626,619099147.4
2026-08-25T21:05:35Z,209762741,1379376,35182686.0,78368,10560083.8,2303,30762941.6,142064604,620553438.2
2026-08-25T21:08:58Z,209972843,1381431,35274549.4,78476,10587721.4,2305,30821792.8,142280131,621771293.0
2026-08-25T21:12:48Z,210174385,1383692,35362584.8,78616,10617985.8,2309,30925336.1,142523930,623334200.6
2026-08-25T21:16:27Z,210401585,1385843,35437534.4,78738,10641174.3,2313,31050943.1,142757026,624874745.1
2026-08-25T21:20:13Z,210613741,1388069,35573089.8,78861,10689039.6,2314,31076246.9,142997633,626536398.5
2026-08-25T21:24:02Z,210840044,1390347,35667261.0,79001,10730134.1,2318,31206667.1,143240407,628204705.4
2026-08-25T21:27:32Z,211057229,1392417,35742292.2,79136,10759903.4,2322,31326354.9,143463177,629717507.2
2026-08-25T21:30:53Z,211258106,1394415,35806504.5,79246,10788471.0,2326,31404216.8,143677571,630964400.3
2026-08-25T21:34:27Z,211458955,1396605,35908250.6,79375,10811708.3,2329,31470348.2,143904870,632405287.1
2026-08-25T21:37:51Z,211666649,1398606,35964888.1,79491,10846937.6,2332,31561878.4,144120943,633735687.2
2026-08-25T21:41:26Z,211860548,1400784,36048202.0,79596,10873876.7,2336,31671934.1,144349286,635119276.9
2026-08-25T21:45:22Z,212079221,1403211,36173693.7,79736,10908994.3,2339,31767699.8,144600009,636879457.7
2026-08-25T21:49:07Z,212305933,1405346,36235886.6,79876,10959405.8,2343,31901444.2,144839294,638534801.8
2026-08-25T21:52:42Z,212526995,1407530,36339651.8,80016,11007987.0,2345,31980041.0,145067583,640000590.7
2026-08-25T21:56:23Z,212739497,1409832,36466680.6,80121,11040256.6,2348,32061096.2,145302547,641567352.0
2026-08-25T21:59:52Z,212947992,1411798,36514859.4,80261,11076639.7,2351,32126184.0,145524800,643022641.7
2026-08-25T22:03:23Z,213154516,1413990,36610733.1,80366,11099704.1,2354,32170627.2,145748713,644353141.8
2026-08-25T22:06:55Z,213361285,1416132,36689674.1,80506,11141399.9,2358,32295035.4,145974468,645706491.3
2026-08-25T22:10:33Z,213563266,1418319,36762750.0,80642,11178542.3,2359,32341029.4,146206175,647107014.1
2026-08-25T22:14:18Z,213784375,1420562,36887539.9,80751,11210402.5,2362,32414817.0,146444873,648693389.2
2026-08-25T22:18:07Z,213999911,1422853,37010154.7,80891,11256890.4,2363,32439156.4,146688966,650390652.1
2026-08-25T22:22:03Z,214228233,1425205,37100688.9,81031,11293313.8,2368,32604725.2,146938841,652110087.4
2026-08-25T22:25:44Z,214459296,1427389,37183369.2,81171,11332647.2,2370,32672996.0,147174433,653606981.7
2026-08-25T22:29:20Z,214670021,1429554,37293567.6,81276,11363463.9,2372,32741229.7,147403370,655007934.6
2026-08-25T22:32:48Z,214882777,1431636,37368025.4,81416,11402681.9,2375,32802222.4,147624663,656297619.5
2026-08-25T22:36:19Z,215079699,1433729,37426782.1,81521,11419507.7,2378,32868011.0,147848496,657538386.9
2026-08-25T22:40:00Z,215283580,1435986,37542537.1,81661,11448756.3,2380,32927783.9,148083942,658995813.3
2026-08-25T22:43:42Z,215509752,1438086,37604149.0,81801,11487728.9,2383,33021983.5,148319162,660589054.7
2026-08-25T22:47:18Z,215718053,1440305,37712262.3,81906,11512551.7,2386,33110850.0,148549472,662137510.1
2026-08-25T22:51:03Z,215937021,1442553,37844520.7,82046,11551123.8,2388,33174328.8,148787901,663710084.9
2026-08-25T22:54:38Z,216151658,1444650,37906009.4,82186,11593731.3,2392,33251047.8,149016276,665253159.7
2026-08-25T22:58:17Z,216366368,1446827,37996019.6,82291,11610238.8,2396,33355684.4,149249314,666759495.3
2026-08-25T23:01:52Z,216575436,1448948,38081593.8,82431,11638346.9,2400,33479519.0,149477559,668227299.1
2026-08-25T23:05:19Z,216781262,1450979,38144695.4,82536,11656860.1,2403,33549955.3,149697346,669534701.4
2026-08-25T23:08:57Z,216989017,1453217,38240630.4,82676,11680442.0,2407,33653077.2,149928684,671019038.3
2026-08-25T23:12:54Z,217198854,1455569,38339016.6,82816,11712835.8,2411,33798011.2,150181359,672774802.2
2026-08-25T23:16:24Z,217440042,1457614,38414045.3,82921,11737796.9,2414,33886384.5,150403978,674190295.4
2026-08-25T23:20:06Z,217634709,1459891,38506740.2,83061,11767517.9,2418,33994372.7,150639928,675703524.2
2026-08-25T23:23:46Z,217861315,1462016,38594269.7,83201,11801456.4,2422,34103674.6,150873362,677165520.3
2026-08-25T23:27:15Z,218064467,1464102,38681762.0,83306,11823271.3,2425,34162167.9,151095431,678514972.1
2026-08-25T23:30:54Z,218277536,1466272,38755628.8,83446,11854086.0,2429,34277440.6,151328100,679967092.2
2026-08-25T23:34:24Z,218478300,1468368,38825128.2,83551,11876871.2,2432,34357618.7,151550908,681323538.9
2026-08-25T23:37:44Z,218687672,1470342,38885617.7,83691,11904387.6,2436,34453678.2,151763825,682526275.0
2026-08-25T23:41:35Z,218880184,1472653,38989265.9,83827,11937255.3,2438,34491177.1,152009147,684173415.4
2026-08-25T23:45:29Z,219115123,1474959,39082757.2,83964,11973876.5,2441,34597800.3,152257396,685837737.1
2026-08-25T23:48:57Z,219337317,1476997,39150832.0,84076,12008035.1,2444,34683302.6,152479011,687207969.2
2026-08-25T23:52:46Z,219550067,1479331,39254543.5,84216,12053737.2,2448,34814805.5,152722145,688810408.8
2026-08-25T23:56:37Z,219763470,1481699,39361581.8,84352,12092941.1,2452,34922584.4,152966720,690447199.8
2026-08-26T00:00:19Z,219999169,1483836,39434763.1,84461,12130717.4,2455,34990657.1,153202896,692064502.7
2026-08-26T00:03:58Z,220205486,1486037,39534758.4,84601,12165277.2,2458,35086153.3,153436240,693681508.8
2026-08-26T00:07:59Z,220433192,1488439,39649596.0,84741,12210626.4,2461,35207805.6,153691334,695480946.8
2026-08-26T00:12:01Z,220645773,1490897,39744082.3,84881,12250541.9,2465,35321851.9,153949485,697400524.1
2026-08-26T00:15:44Z,220903359,1493170,39853330.4,85021,12295673.6,2467,35371548.0,154185708,699073808.3
2026-08-26T00:19:26Z,221098016,1495420,39981316.9,85126,12324968.8,2469,35433905.9,154422393,700795564.3
2026-08-26T00:23:17Z,221305646,1497662,40062537.6,85266,12360398.4,2472,35502787.3,154667340,702527512.3
2026-08-26T00:27:07Z,221538950,1500040,40196896.7,85406,12395271.0,2476,35646331.4,154911764,704229222.7
2026-08-26T00:30:47Z,221768347,1502173,40292301.0,85546,12438522.4,2479,35722000.5,155145305,705808738.2
2026-08-26T00:34:37Z,221975775,1504467,40376246.4,85686,12481287.6,2483,35876333.6,155389715,707527841.6
2026-08-26T00:38:24Z,222194359,1506757,40517619.4,85791,12511762.0,2485,35932471.1,155631105,709168473.4
2026-08-26T00:42:12Z,222416237,1509074,40633175.4,85931,12555493.9,2489,36076312.3,155873468,710841225.2
2026-08-26T00:46:03Z,222649375,1511314,40730768.0,86071,12596124.5,2491,36146286.7,156119154,712619088.4
2026-08-26T00:49:54Z,222875215,1513633,40826012.2,86211,12644161.4,2493,36211940.7,156364319,714322455.0
2026-08-26T00:53:39Z,223095344,1515909,40935137.4,86351,12674523.0,2497,36320130.7,156603993,715915873.3
2026-08-26T00:57:32Z,223310000,1518263,41049676.6,86488,12698123.5,2500,36395302.9,156851508,717557131.8
2026-08-26T01:01:22Z,223534141,1520504,41116759.3,86596,12720871.0,2504,36524013.0,157095929,719250742.9
2026-08-26T01:05:10Z,223762646,1522811,41217829.5,86736,12760591.8,2506,36564934.4,157337897,720865221.3
2026-08-26T01:08:58Z,223979063,1525095,41347897.4,86876,12786556.6,2511,36722642.9,157580526,722471326.4
2026-08-26T01:12:23Z,224194726,1527051,41398012.5,86981,12806040.0,2514,36811609.7,157798460,723856642.8
2026-08-26T01:15:51Z,224394683,1529181,41473552.7,87121,12825827.7,2517,36862947.1,158018761,725064463.0
2026-08-26T01:19:10Z,224597037,1531143,41530428.3,87226,12841420.0,2521,36958116.6,158230053,726224955.2
2026-08-26T01:22:17Z,224790698,1533092,41583806.7,87331,12855580.6,2524,36997371.6,158429730,727107980.6
2026-08-26T01:25:47Z,224973733,1535204,41656855.1,87471,12878730.2,2527,37055547.7,158652196,728361758.8
2026-08-26T01:29:30Z,225178245,1537466,41736045.1,87605,12904147.9,2531,37171962.3,158889498,729911464.8
2026-08-26T01:33:12Z,225395864,1539732,41848588.0,87716,12927763.4,2535,37286527.9,159125163,731404082.3
2026-08-26T01:36:56Z,225612077,1541902,41931407.4,87856,12952068.6,2539,37393201.8,159363582,732917339.6
2026-08-26T01:40:24Z,225830741,1543932,41995928.4,87961,12973256.4,2542,37455655.3,159584640,734287739.6
2026-08-26T01:43:51Z,226033448,1546030,42059368.3,88101,13000880.8,2545,37503158.2,159801077,735465342.8
2026-08-26T01:47:22Z,226235217,1548147,42148928.1,88206,13018297.8,2549,37602860.3,160024646,736787121.7
2026-08-26T01:50:47Z,226440436,1550201,42219629.0,88346,13042116.2,2552,37674058.9,160243322,738023996.3
2026-08-26T01:54:14Z,226641004,1552231,42275295.0,88451,13065967.8,2556,37747596.7,160462796,739177191.1
2026-08-26T01:57:56Z,226842479,1554439,42365321.9,88591,13092650.5,2559,37815513.2,160698694,740586516.2
2026-08-26T02:01:33Z,227058751,1556510,42429039.4,88728,13122992.4,2563,37944316.7,160929827,742127829.6
2026-08-26T02:05:02Z,227270718,1558563,42501603.2,88836,13141502.4,2567,38029906.2,161151703,743374996.2
2026-08-26T02:08:48Z,227474236,1560870,42599363.3,88976,13170060.1,2570,38099938.8,161391659,744840747.1
2026-08-26T02:12:31Z,227694666,1563041,42672155.7,89110,13200344.6,2574,38202929.3,161629190,746435141.9
2026-08-26T02:15:55Z,227912498,1565134,42747102.3,89221,13227285.7,2578,38284290.6,161845567,747608496.0
2026-08-26T02:19:20Z,228111145,1567143,42789527.8,89326,13243782.8,2581,38349014.0,162063380,748798699.6
2026-08-26T02:22:39Z,228310828,1569152,42861608.0,89466,13270835.5,2584,38411321.4,162274572,749908266.6
2026-08-26T02:26:03Z,228504789,1571229,42926111.5,89571,13285694.8,2588,38480031.5,162491191,750964070.0
2026-08-26T02:29:51Z,228703408,1573475,42998561.1,89711,13319232.6,2591,38560243.6,162734305,752588776.8
2026-08-26T02:33:22Z,228926477,1575610,43105285.3,89816,13340926.6,2595,38675345.5,162958014,754018938.5
2026-08-26T02:37:00Z,229131781,1577716,43182736.9,89956,13364747.9,2599,38776042.0,163190115,755352977.1
2026-08-26T02:40:42Z,229344872,1579856,43251554.2,90096,13392712.4,2602,38851519.8,163425369,756843296.1
2026-08-26T02:44:05Z,229560652,1581864,43323118.3,90201,13418345.8,2606,38923872.5,163641051,758100877.0
2026-08-26T02:47:38Z,229758495,1584061,43407630.2,90341,13446525.3,2609,38977638.2,163867834,759335592.3
2026-08-26T02:51:05Z,229966838,1586123,43478502.3,90446,13465854.0,2613,39072501.8,164087546,760594984.6
2026-08-26T02:54:25Z,230168561,1588158,43535647.9,90551,13482495.6,2616,39134270.2,164299934,761661192.4
2026-08-26T02:58:14Z,230363553,1590398,43607137.1,90691,13507077.1,2620,39226032.8,164543329,763009979.3
2026-08-26T03:02:03Z,230587203,1592625,43689237.1,90831,13542405.7,2624,39344785.4,164786127,764628533.9
2026-08-26T03:05:34Z,230810053,1594699,43787646.0,90969,13578171.3,2627,39414017.3,165010253,766076236.5
2026-08-26T03:09:14Z,231015262,1596846,43872085.1,91076,13600869.4,2631,39518136.0,165244147,767537366.3
2026-08-26T03:12:59Z,231229823,1599084,43945506.9,91216,13640194.1,2634,39599360.5,165483421,769070821.0
2026-08-26T03:16:16Z,231449065,1601057,44017738.7,91321,13662800.0,2638,39692717.2,165692945,770227850.8
2026-08-26T03:19:47Z,231641572,1603108,44061316.5,91461,13696714.7,2641,39751328.0,165916592,771479747.3
2026-08-26T03:23:11Z,231846649,1605212,44141200.6,91566,13719883.3,2645,39852433.7,166133653,772720020.1
2026-08-26T03:26:38Z,232045685,1607323,44223907.3,91706,13743987.3,2648,39909667.1,166354397,773816166.7
2026-08-26T03:30:23Z,232248594,1609485,44284153.2,91811,13766764.3,2652,40014934.4,166592498,775364186.7
2026-08-26T03:34:08Z,232467472,1611740,44397440.7,91951,13807210.4,2656,40118558.2,166831917,776967842.1
2026-08-26T03:37:46Z,232686277,1613913,44479298.2,92091,13839877.8,2659,40184389.0,167063551,778331759.9
2026-08-26T03:41:27Z,232898940,1616123,44553387.3,92215,13861466.0,2663,40287938.4,167298921,779831770.7
2026-08-26T03:45:03Z,233115091,1618298,44662447.3,92336,13899604.6,2667,40396252.9,167528415,781269198.0
2026-08-26T03:48:33Z,233325734,1620430,44727456.7,92472,13925855.0,2670,40449415.4,167750676,782439974.2
2026-08-26T03:52:04Z,233530369,1622513,44790250.9,92581,13954434.4,2674,40537588.3,167974640,783730110.4
2026-08-26T03:55:28Z,233735623,1624571,44853636.7,92709,13980374.0,2677,40606505.3,168191049,784920626.2
2026-08-26T03:59:19Z,233934414,1626921,44956272.6,92826,14004881.6,2681,40708378.5,168436839,786313619.7
2026-08-26T04:03:04Z,234160675,1629145,45043912.1,92966,14046304.2,2685,40826772.7,168675810,787826215.9
2026-08-26T04:06:46Z,234380126,1631300,45123865.7,93106,14090404.4,2688,40894173.5,168911613,789352718.0
2026-08-26T04:10:30Z,234595493,1633576,45230329.5,93240,14118492.7,2692,40991148.9,169149549,790840964.3
2026-08-26T04:14:07Z,234814434,1635616,45284257.5,93351,14148865.8,2696,41105249.8,169380473,792318591.1
2026-08-26T04:17:34Z,235025745,1637724,45373010.0,93488,14182265.4,2699,41182989.8,169600880,793634867.3
2026-08-26T04:21:11Z,235228173,1639938,45464454.9,93596,14206059.6,2703,41259960.7,169830952,794880009.3
2026-08-26T04:24:44Z,235439262,1641986,45514418.3,93736,14241972.3,2706,41323029.6,170057096,796212545.1
2026-08-26T04:28:20Z,235646780,1644212,45605655.4,93841,14271217.5,2710,41406227.2,170286487,797562783.8
2026-08-26T04:32:06Z,235857806,1646448,45689715.6,93981,14307600.3,2714,41516404.0,170526795,799112442.1
2026-08-26T04:35:48Z,236079021,1648589,45770028.4,94121,14350949.1,2717,41600122.7,170762961,800660126.7
2026-08-26T04:39:25Z,236296337,1650767,45879745.9,94226,14379233.3,2721,41701567.9,170992955,802126807.1
2026-08-26T04:43:12Z,236507677,1652973,45956770.5,94366,14418849.2,2725,41814836.1,171233754,803679919.4
2026-08-26T04:46:43Z,236729090,1655058,46025475.2,94506,14455469.9,2728,41881111.1,171458678,805043503.3
2026-08-26T04:50:11Z,236933900,1657114,46099259.8,94611,14477611.2,2732,41971981.2,171678784,806307845.9
2026-08-26T04:53:46Z,237135151,1659250,46164530.9,94751,14507331.6,2735,42034245.4,171906878,807699090.8
2026-08-26T04:57:26Z,237344609,1661482,46262874.4,94856,14527668.2,2739,42119618.8,172141296,809094150.1
2026-08-26T05:01:22Z,237560766,1663789,46367093.7,94996,14563916.2,2743,42217765.4,172391745,810756192.1
2026-08-26T05:05:27Z,237794548,1666295,46505064.6,95156,14595954.9,2747,42357271.7,172652705,812597573.4
2026-08-26T05:09:33Z,238037810,1668767,46615701.1,95309,14635279.6,2751,42508494.0,172913995,814484675.8
2026-08-26T05:13:27Z,238282737,1671073,46705871.5,95437,14657174.1,2755,42634309.3,173162291,816183418.7
2026-08-26T05:17:43Z,238518310,1673685,46838885.9,95591,14692884.0,2759,42775720.3,173434080,818143463.6
2026-08-26T05:21:49Z,238775505,1676185,46970481.8,95731,14721436.9,2763,42912944.2,173695594,820010275.0
2026-08-26T05:25:54Z,239006833,1678626,47047160.1,95871,14751792.3,2767,43056511.6,173956232,821909154.1
2026-08-26T05:29:54Z,239239302,1681099,47173895.9,96011,14787673.7,2771,43178853.8,174210802,823788473.8
2026-08-26T05:34:00Z,239474209,1683622,47306789.3,96151,14821616.3,2775,43300122.0,174471846,825579742.9
2026-08-26T05:37:52Z,239714250,1685853,47373704.8,96291,14851852.8,2779,43432149.3,174718513,827238667.7
2026-08-26T05:41:38Z,239941208,1688146,47469742.2,96431,14883263.4,2783,43554222.8,174959080,828839541.5
2026-08-26T05:45:27Z,240153784,1690419,47576584.5,96556,14903418.7,2787,43663048.0,175202615,830410375.4
2026-08-26T05:49:11Z,240376447,1692635,47669918.4,96676,14938717.2,2789,43707768.9,175440092,831966307.9
2026-08-26T05:52:43Z,240595638,1694715,47739302.9,96816,14970554.1,2793,43804836.4,175665876,833378809.4
2026-08-26T05:56:17Z,240795916,1696798,47810443.4,96921,14989713.9,2797,43904131.4,175893283,834735417.5
2026-08-26T05:59:58Z,241003769,1698968,47880721.5,97061,15028260.6,2800,43977522.9,176128212,836214332.4
2026-08-26T06:03:39Z,241218226,1701232,47986623.0,97201,15068120.7,2804,44073221.7,176363182,837603414.6
2026-08-26T06:07:18Z,241433687,1703304,48060601.7,97306,15090233.8,2808,44171788.3,176595533,839086738.3
2026-08-26T06:11:00Z,241646920,1705467,48143418.2,97446,15123411.6,2811,44249553.9,176831550,840587693.7
2026-08-26T06:14:34Z,241863214,1707566,48220492.3,97582,15151107.8,2815,44348499.8,177058763,841939387.7
2026-08-26T06:18:17Z,242072030,1709783,48312677.6,97691,15176175.6,2819,44446278.9,177295165,843451104.6
2026-08-26T06:21:50Z,242289300,1711890,48388936.3,97831,15213507.5,2823,44533079.4,177521340,844810128.6
2026-08-26T06:25:13Z,242496631,1713952,48444564.2,97936,15234468.4,2826,44577031.5,177738055,845866109.0
2026-08-26T06:28:52Z,242695468,1716161,48535480.3,98076,15260678.5,2829,44638794.0,177970017,847239778.2
2026-08-26T06:32:27Z,242908444,1718222,48589855.3,98196,15288845.8,2833,44746190.6,178198488,848649509.8
2026-08-26T06:36:10Z,243118137,1720462,48681555.5,98321,15328005.2,2837,44834783.7,178436024,850115755.6
2026-08-26T06:40:12Z,243337623,1722895,48799462.1,98461,15359443.6,2841,44940509.0,178692371,851708040.2
2026-08-26T06:44:41Z,242723755,1725654,48945722.1,98636,15409751.7,2845,45082562.2,178978367,853685447.4
2026-08-26T06:51:30Z,242154166,1730179,49208454.9,98869,15502738.0,2849,45241598.8,179408001,856830976.0
2026-08-26T07:00:42Z,241333767,1736223,49509841.6,99195,15663865.3,2858,45613871.7,179928050,861039412.7
2026-08-26T07:20:16Z,239913596,5042,264406.5,315,81230.0,9,334692.8,535498,2459391.7
2026-08-26T07:26:23Z,239099793,8812,428709.1,525,142554.2,15,536358.2,925056,4246996.9
2026-08-26T07:33:02Z,238141509,12987,626280.0,770,229641.2,22,786503.9,1349257,6288287.9
2026-08-26T07:39:43Z,237215710,17248,880267.7,1015,317659.6,27,984350.5,1769796,8304306.4
2026-08-26T07:45:09Z,236045413,20759,1080467.9,1190,377736.0,30,1091712.8,2042614,9755315.2
2026-08-26T07:51:49Z,235193465,25108,1351018.7,1435,486739.2,37,1402405.8,2467659,11861568.5
2026-08-26T07:58:48Z,234250338,29692,1624486.9,1680,602797.9,42,1627053.6,2911287,14002828.9
2026-08-26T08:05:39Z,233240285,34790,2079704.9,1919,746299.6,43,1675331.5,3342193,16298001.3
2026-08-26T08:13:05Z,232324010,40260,2604694.0,2170,936793.6,45,1774187.0,3815097,18732021.9
2026-08-26T08:19:53Z,231394076,45100,3074926.9,2406,1131986.3,47,1875105.5,4246434,20907772.7
2026-08-26T08:27:26Z,230454146,50817,3650323.2,2660,1399333.5,48,1927534.6,4725336,23342219.2
2026-08-26T08:34:55Z,229465487,56592,4410353.2,2937,1674697.6,48,1927534.6,5201336,25772977.8
