[2026-06-04 10:07:39.178] [info] Queen C++ Message Queue Server (Acceptor/Worker Pattern)
[2026-06-04 10:07:39.178] [info] Configuration:
[2026-06-04 10:07:39.178] [info]   - Host: 0.0.0.0
[2026-06-04 10:07:39.178] [info]   - Port: 6632
[2026-06-04 10:07:39.178] [info]   - Database: postgres:5432/postgres
[2026-06-04 10:07:39.178] [warning] Encryption disabled - QUEEN_ENCRYPTION_KEY not set
[2026-06-04 10:07:39.178] [info] Encryption: disabled
[2026-06-04 10:07:39.178] [info] JWT Authentication: DISABLED
[2026-06-04 10:07:39.178] [info] Starting acceptor/worker pattern with 10 workers (hardware cores: 32)
[2026-06-04 10:07:39.178] [info] [Worker 0] Starting...
[2026-06-04 10:07:39.178] [info] Initializing GLOBAL shared resources (ASYNC-ONLY MODE):
[2026-06-04 10:07:39.178] [info]   - Total DB connections: 47 (95% of 50) - ALL ASYNC
[2026-06-04 10:07:39.178] [info]   - DB ThreadPool size: 15 = 10 workers + 5 service
[2026-06-04 10:07:39.178] [info]     * Queen instances: 10 (one per HTTP worker, each with own event loop)
[2026-06-04 10:07:39.178] [info]     * Service DB threads: 5 (metrics, retention, eviction)
[2026-06-04 10:07:39.178] [info]   - System ThreadPool threads: 4 (for background service scheduling)
[2026-06-04 10:07:39.178] [info]   - Number of HTTP workers: 10
[2026-06-04 10:07:39.178] [info]   - Creating Async DB Pool (47 connections) for ALL operations
[2026-06-04 10:07:39.178] [info] [Worker 1] Starting...
[2026-06-04 10:07:39.178] [info] [Worker 2] Starting...
[2026-06-04 10:07:39.178] [info] [AsyncDbPool] Initializing 47 async connections...
[2026-06-04 10:07:39.178] [info] [Worker 3] Starting...
[2026-06-04 10:07:39.178] [info] [Worker 4] Starting...
[2026-06-04 10:07:39.178] [info] [Worker 5] Starting...
[2026-06-04 10:07:39.178] [info] [Worker 6] Starting...
[2026-06-04 10:07:39.178] [info] [Worker 7] Starting...
[2026-06-04 10:07:39.178] [info] [Worker 8] Starting...
[2026-06-04 10:07:39.178] [info] Waiting for workers to initialize...
[2026-06-04 10:07:39.178] [info] [Worker 9] Starting...
[2026-06-04 10:07:39.573] [info] [AsyncDbPool] Initialization complete. 47 connections ready.
[2026-06-04 10:07:39.574] [info]   - Created response queue for worker 0 (poll workers)
[2026-06-04 10:07:39.574] [info]   - Created response queue for worker 1 (poll workers)
[2026-06-04 10:07:39.574] [info]   - Created response queue for worker 2 (poll workers)
[2026-06-04 10:07:39.574] [info]   - Created response queue for worker 3 (poll workers)
[2026-06-04 10:07:39.574] [info]   - Created response queue for worker 4 (poll workers)
[2026-06-04 10:07:39.574] [info]   - Created response queue for worker 5 (poll workers)
[2026-06-04 10:07:39.574] [info]   - Created response queue for worker 6 (poll workers)
[2026-06-04 10:07:39.574] [info]   - Created response queue for worker 7 (poll workers)
[2026-06-04 10:07:39.574] [info]   - Created response queue for worker 8 (poll workers)
[2026-06-04 10:07:39.574] [info]   - Created response queue for worker 9 (poll workers)
[2026-06-04 10:07:39.574] [info]   - Per-worker Queen instances will be created in each worker thread
[2026-06-04 10:07:39.574] [info]   - Created response registry for worker 0 (lock-free across workers)
[2026-06-04 10:07:39.574] [info]   - Created response registry for worker 1 (lock-free across workers)
[2026-06-04 10:07:39.574] [info]   - Created response registry for worker 2 (lock-free across workers)
[2026-06-04 10:07:39.574] [info]   - Created response registry for worker 3 (lock-free across workers)
[2026-06-04 10:07:39.574] [info]   - Created response registry for worker 4 (lock-free across workers)
[2026-06-04 10:07:39.574] [info]   - Created response registry for worker 5 (lock-free across workers)
[2026-06-04 10:07:39.574] [info]   - Created response registry for worker 6 (lock-free across workers)
[2026-06-04 10:07:39.574] [info]   - Created response registry for worker 7 (lock-free across workers)
[2026-06-04 10:07:39.574] [info]   - Created response registry for worker 8 (lock-free across workers)
[2026-06-04 10:07:39.574] [info]   - Created response registry for worker 9 (lock-free across workers)
[2026-06-04 10:07:39.574] [info] SharedStateManager: Disabled (no UDP peers or sync disabled)
[2026-06-04 10:07:39.574] [info] Shared State Manager configured: Sync disabled, queue config cache will be active
[2026-06-04 10:07:39.574] [info] System info: hostname=a4dbf4b4cbaf, port=6632
[2026-06-04 10:07:39.574] [info] Global shared resources initialized successfully
[2026-06-04 10:07:39.574] [info] [Worker 0] Using GLOBAL shared ThreadPool and Async Database Pool
[2026-06-04 10:07:39.574] [info] [Worker 5] Using GLOBAL shared ThreadPool and Async Database Pool
[2026-06-04 10:07:39.574] [info] [Worker 9] Using GLOBAL shared ThreadPool and Async Database Pool
[2026-06-04 10:07:39.574] [info] [Worker 7] Using GLOBAL shared ThreadPool and Async Database Pool
[2026-06-04 10:07:39.574] [info] [Worker 6] Using GLOBAL shared ThreadPool and Async Database Pool
[2026-06-04 10:07:39.574] [info] [Worker 3] Using GLOBAL shared ThreadPool and Async Database Pool
[2026-06-04 10:07:39.574] [info] [Worker 8] Using GLOBAL shared ThreadPool and Async Database Pool
[2026-06-04 10:07:39.574] [info] [Worker 2] Using GLOBAL shared ThreadPool and Async Database Pool
[2026-06-04 10:07:39.574] [info] [Worker 1] Using GLOBAL shared ThreadPool and Async Database Pool
[2026-06-04 10:07:39.574] [info] [Worker 4] Using GLOBAL shared ThreadPool and Async Database Pool
[2026-06-04 10:07:39.575] [info] [Worker 9] Database connection: OK | Pool: 38/47 conn available
[2026-06-04 10:07:39.575] [info] [Worker 0] Database connection: OK | Pool: 39/47 conn available
[2026-06-04 10:07:39.575] [info] [Worker 0] Initializing database schema...
[2026-06-04 10:07:39.575] [info] [Worker 9] Waiting for shared file buffer from Worker 0...
[2026-06-04 10:07:39.575] [info] [Worker 5] Database connection: OK | Pool: 39/47 conn available
[2026-06-04 10:07:39.575] [info] [Worker 5] Waiting for shared file buffer from Worker 0...
[2026-06-04 10:07:39.575] [info] [Worker 6] Database connection: OK | Pool: 40/47 conn available
[2026-06-04 10:07:39.575] [info] [Worker 6] Waiting for shared file buffer from Worker 0...
[2026-06-04 10:07:39.575] [info] [Worker 7] Database connection: OK | Pool: 41/47 conn available
[2026-06-04 10:07:39.575] [info] [Worker 7] Waiting for shared file buffer from Worker 0...
[2026-06-04 10:07:39.575] [info] [Worker 8] Database connection: OK | Pool: 42/47 conn available
[2026-06-04 10:07:39.575] [info] [Worker 8] Waiting for shared file buffer from Worker 0...
[2026-06-04 10:07:39.575] [info] [Worker 2] Database connection: OK | Pool: 43/47 conn available
[2026-06-04 10:07:39.575] [info] [Worker 2] Waiting for shared file buffer from Worker 0...
[2026-06-04 10:07:39.575] [info] [Worker 3] Database connection: OK | Pool: 44/47 conn available
[2026-06-04 10:07:39.575] [info] [Worker 3] Waiting for shared file buffer from Worker 0...
[2026-06-04 10:07:39.575] [info] [Worker 4] Database connection: OK | Pool: 45/47 conn available
[2026-06-04 10:07:39.575] [info] [Worker 4] Waiting for shared file buffer from Worker 0...
[2026-06-04 10:07:39.575] [info] [Worker 1] Database connection: OK | Pool: 46/47 conn available
[2026-06-04 10:07:39.575] [info] [Worker 1] Waiting for shared file buffer from Worker 0...
[2026-06-04 10:07:39.575] [info] Initializing schema: queen
[2026-06-04 10:07:39.576] [info] Running base schema initialization...
NOTICE:  schema "queen" already exists, skipping
NOTICE:  column "producer_sub" of relation "messages" already exists, skipping
NOTICE:  index "idx_messages_transaction_id" does not exist, skipping
NOTICE:  index "idx_messages_txn_partition" does not exist, skipping
NOTICE:  trigger "trg_update_partition_lookup" for relation "queen.messages" does not exist, skipping
NOTICE:  function queen.pop_unified_batch_v2_noorder(jsonb) does not exist, skipping
[2026-06-04 10:07:39.620] [info] Base schema applied successfully
[2026-06-04 10:07:39.620] [info] Loading 25 stored procedure(s)...
NOTICE:  function queen.is_stats_leader(text) does not exist, skipping
NOTICE:  trigger "trg_update_worker_metrics_summary" for relation "queen.worker_metrics" does not exist, skipping
NOTICE:  trigger "trg_partitions_created_counter" for relation "queen.partitions" does not exist, skipping
NOTICE:  trigger "trg_partitions_deleted_counter" for relation "queen.partitions" does not exist, skipping
[2026-06-04 10:07:39.669] [info] [Worker 0] Starting Shared State Manager...
[2026-06-04 10:07:39.669] [info] SharedStateManager: Loading queue configs and maintenance modes from database...
[2026-06-04 10:07:39.673] [info] SharedStateManager: Sync disabled, but queue config cache is available
[2026-06-04 10:07:39.673] [info] [Worker 0] Registered MESSAGE_AVAILABLE callback for Queen instances
[2026-06-04 10:07:39.673] [info] [Worker 0] Starting background metrics collector (sample: 1000ms, aggregate: 60s)...
[2026-06-04 10:07:39.673] [info] MetricsCollector started: hostname=a4dbf4b4cbaf, port=6632, worker=cpp-worker-1, sampling every 1000ms, aggregating every 60s
[2026-06-04 10:07:39.673] [info] [Worker 0] Starting background retention service...
[2026-06-04 10:07:39.673] [info] RetentionService started: interval=300000ms, batch_size=1000, partition_cleanup_days=30, metrics_retention_days=90
[2026-06-04 10:07:39.673] [info] [Worker 0] Starting background eviction service...
[2026-06-04 10:07:39.673] [info] EvictionService started: interval=60000ms, batch_size=1000
[2026-06-04 10:07:39.673] [info] [Worker 0] Starting background stats service...
[2026-06-04 10:07:39.673] [info] RetentionService: Running cleanup cycle
[2026-06-04 10:07:39.673] [info] StatsService started (queue/partition counts only): interval=10000ms, reconcile_interval=120000ms
[2026-06-04 10:07:39.673] [info] [Worker 0] Starting background partition_lookup reconcile service...
[2026-06-04 10:07:39.673] [info] PartitionLookupReconcileService started (stats-leader gated): interval=5000ms, lookback=60s, hostname=a4dbf4b4cbaf
[2026-06-04 10:07:39.673] [info] [Worker 0] Creating SHARED file buffer manager (dir=/var/lib/queen/buffers)...
[2026-06-04 10:07:39.673] [info] FileBufferManager initializing: dir=/var/lib/queen/buffers, recovery=true
[2026-06-04 10:07:39.673] [info] Creating buffer directory: /var/lib/queen/buffers
[2026-06-04 10:07:39.673] [info] StatsService: Running initial queue/partition stats refresh...
[2026-06-04 10:07:39.674] [info] RetentionService: cycle completed in 0ms
[2026-06-04 10:07:39.675] [info] Creating failed directory: /var/lib/queen/buffers/failed
[2026-06-04 10:07:39.675] [info] Buffer directories ready: /var/lib/queen/buffers
[2026-06-04 10:07:39.675] [info] Starting recovery of buffered events...
[2026-06-04 10:07:39.675] [info] Starting recovery (max 3600s to avoid blocking server startup)...
[2026-06-04 10:07:39.675] [info] Phase 1: Recovering failover events (FIFO order)...
[2026-06-04 10:07:39.675] [info] Phase 2: Recovering QoS 0 events (batched)...
[2026-06-04 10:07:39.675] [info] Startup recovery completed in 0ms: failover=0, qos0=0
[2026-06-04 10:07:39.675] [info] Recovery complete
[2026-06-04 10:07:39.676] [info] Buffer files initialized successfully
[2026-06-04 10:07:39.676] [info] FileBufferManager ready
[2026-06-04 10:07:39.676] [info] [Worker 0] File buffer ready - Pending: 0, Failed: 0, DB: healthy
[2026-06-04 10:07:39.676] [info] [Worker 0] Sharing file buffer with other workers...
[2026-06-04 10:07:39.676] [info] Background processor thread started
[2026-06-04 10:07:39.676] [info] [Worker 6] Using shared file buffer from Worker 0
[2026-06-04 10:07:39.676] [info] [Worker 8] Using shared file buffer from Worker 0
[2026-06-04 10:07:39.676] [info] [Worker 9] Using shared file buffer from Worker 0
[2026-06-04 10:07:39.676] [info] [Worker 1] Using shared file buffer from Worker 0
[2026-06-04 10:07:39.676] [info] [Worker 6] File buffer connected to async queue manager for maintenance mode
[2026-06-04 10:07:39.676] [info] [Worker 6] Creating uWS::App...
[2026-06-04 10:07:39.676] [info] [Worker 4] Using shared file buffer from Worker 0
[2026-06-04 10:07:39.676] [info] [Worker 4] File buffer connected to async queue manager for maintenance mode
[2026-06-04 10:07:39.676] [info] [Worker 4] Creating uWS::App...
[2026-06-04 10:07:39.676] [info] [Worker 5] Using shared file buffer from Worker 0
[2026-06-04 10:07:39.676] [info] [Worker 5] File buffer connected to async queue manager for maintenance mode
[2026-06-04 10:07:39.676] [info] [Worker 5] Creating uWS::App...
[2026-06-04 10:07:39.676] [info] [Worker 8] File buffer connected to async queue manager for maintenance mode
[2026-06-04 10:07:39.676] [info] [Worker 8] Creating uWS::App...
[2026-06-04 10:07:39.676] [info] [Worker 2] Using shared file buffer from Worker 0
[2026-06-04 10:07:39.676] [info] [Worker 2] File buffer connected to async queue manager for maintenance mode
[2026-06-04 10:07:39.676] [info] [Worker 6] Creating per-worker Queen instance (25 connections, total pool split across 10 workers)...
[2026-06-04 10:07:39.676] [info] [Worker 4] Creating per-worker Queen instance (25 connections, total pool split across 10 workers)...
[2026-06-04 10:07:39.676] [info] [Worker 3] Using shared file buffer from Worker 0
[2026-06-04 10:07:39.676] [info] [Worker 7] Using shared file buffer from Worker 0
[2026-06-04 10:07:39.676] [info] [Worker 7] File buffer connected to async queue manager for maintenance mode
[2026-06-04 10:07:39.676] [info] [Worker 7] Creating uWS::App...
[2026-06-04 10:07:39.676] [info] [Worker 1] File buffer connected to async queue manager for maintenance mode
[2026-06-04 10:07:39.676] [info] [Worker 1] Creating uWS::App...
[2026-06-04 10:07:39.676] [info] [Worker 3] File buffer connected to async queue manager for maintenance mode
[2026-06-04 10:07:39.676] [info] [Worker 3] Creating uWS::App...
[2026-06-04 10:07:39.676] [info] [Worker 0] File buffer shared successfully
[2026-06-04 10:07:39.676] [info] [Worker 0] File buffer connected to async queue manager for maintenance mode
[2026-06-04 10:07:39.676] [info] [Worker 0] Creating uWS::App...
[2026-06-04 10:07:39.676] [info] [Worker 9] File buffer connected to async queue manager for maintenance mode
[2026-06-04 10:07:39.676] [info] [Worker 9] Creating uWS::App...
[2026-06-04 10:07:39.676] [info] [Worker 2] Creating uWS::App...
[2026-06-04 10:07:39.676] [info] StatsService: Running full reconciliation (stats leader, hostname=a4dbf4b4cbaf)
[2026-06-04 10:07:39.684] [info] [Worker 0] Creating per-worker Queen instance (25 connections, total pool split across 10 workers)...
[2026-06-04 10:07:39.684] [info] [Worker 2] Creating per-worker Queen instance (25 connections, total pool split across 10 workers)...
[2026-06-04 10:07:39.684] [info] [Worker 9] Creating per-worker Queen instance (25 connections, total pool split across 10 workers)...
[2026-06-04 10:07:39.684] [info] [Worker 8] Creating per-worker Queen instance (25 connections, total pool split across 10 workers)...
[2026-06-04 10:07:39.684] [info] [Worker 3] Creating per-worker Queen instance (25 connections, total pool split across 10 workers)...
[2026-06-04 10:07:39.684] [info] [Worker 5] Creating per-worker Queen instance (25 connections, total pool split across 10 workers)...
[2026-06-04 10:07:39.684] [info] [Worker 1] Creating per-worker Queen instance (25 connections, total pool split across 10 workers)...
[2026-06-04 10:07:39.684] [info] [Worker 7] Creating per-worker Queen instance (25 connections, total pool split across 10 workers)...
[2026-06-04 10:07:39.699] [info] StatsService: Full reconciliation complete: {"task": {"tasksUpdated": 0}, "queue": {"queuesUpdated": 0}, "system": {"systemUpdated": 1}, "cleanup": {"orphanedDeleted": 0}, "namespace": {"namespacesUpdated": 0}, "partition": {"newPartitions": 0, "partitionsUpdated": 0, "dirtyPartitionsScanned": 0, "partitionsSkippedByWatermark": 0}}
[2026-06-04 10:07:40.176] [info] [Worker 4] Queen instance ready with 25 connections
[2026-06-04 10:07:40.176] [info] [Worker 4] Registered Queen instance for UDP notifications
[2026-06-04 10:07:40.176] [info] [Worker 4] Setting up routes...
[2026-06-04 10:07:40.177] [info] [Worker 6] Queen instance ready with 25 connections
[2026-06-04 10:07:40.177] [info] [Worker 6] Registered Queen instance for UDP notifications
[2026-06-04 10:07:40.177] [info] [Worker 6] Setting up routes...
[2026-06-04 10:07:40.177] [warning] [Worker 6] Webapp directory not found - Static file serving disabled
[2026-06-04 10:07:40.177] [warning] [Worker 6] Searched: ./webapp/dist, ../webapp/dist, ../../webapp/dist
[2026-06-04 10:07:40.177] [warning] [Worker 6] Set WEBAPP_ROOT environment variable to override
[2026-06-04 10:07:40.177] [warning] [Worker 4] Webapp directory not found - Static file serving disabled
[2026-06-04 10:07:40.177] [warning] [Worker 4] Searched: ./webapp/dist, ../webapp/dist, ../../webapp/dist
[2026-06-04 10:07:40.177] [warning] [Worker 4] Set WEBAPP_ROOT environment variable to override
[2026-06-04 10:07:40.177] [info] [Worker 4] Routes configured
[2026-06-04 10:07:40.177] [info] [Worker 6] Routes configured
[2026-06-04 10:07:40.177] [info] [Worker 4] Registered with acceptor
[2026-06-04 10:07:40.177] [info] [Worker 6] Registered with acceptor
[2026-06-04 10:07:40.177] [info] [Worker 4] Event loop ready to receive adopted sockets from acceptor
[2026-06-04 10:07:40.177] [info] [Worker 4] Setting up response timer...
[2026-06-04 10:07:40.177] [info] [Worker 6] Event loop ready to receive adopted sockets from acceptor
[2026-06-04 10:07:40.177] [info] [Worker 4] Response timer configured: 25ms interval, batch size 100-500
[2026-06-04 10:07:40.177] [info] [Worker 6] Setting up response timer...
[2026-06-04 10:07:40.177] [info] [Worker 6] Response timer configured: 25ms interval, batch size 100-500
[2026-06-04 10:07:40.185] [info] [Worker 0] Queen instance ready with 25 connections
[2026-06-04 10:07:40.185] [info] [Worker 0] Registered Queen instance for UDP notifications
[2026-06-04 10:07:40.185] [info] [Worker 0] Setting up routes...
[2026-06-04 10:07:40.185] [warning] [Worker 0] Webapp directory not found - Static file serving disabled
[2026-06-04 10:07:40.185] [warning] [Worker 0] Searched: ./webapp/dist, ../webapp/dist, ../../webapp/dist
[2026-06-04 10:07:40.185] [warning] [Worker 0] Set WEBAPP_ROOT environment variable to override
[2026-06-04 10:07:40.185] [info] [Worker 0] Routes configured
[2026-06-04 10:07:40.185] [info] [Worker 0] Registered with acceptor
[2026-06-04 10:07:40.185] [info] [Worker 9] Queen instance ready with 25 connections
[2026-06-04 10:07:40.185] [info] [Worker 0] Event loop ready to receive adopted sockets from acceptor
[2026-06-04 10:07:40.185] [info] [Worker 0] Setting up response timer...
[2026-06-04 10:07:40.185] [info] [Worker 5] Queen instance ready with 25 connections
[2026-06-04 10:07:40.185] [info] [Worker 9] Registered Queen instance for UDP notifications
[2026-06-04 10:07:40.185] [info] [Worker 9] Setting up routes...
[2026-06-04 10:07:40.185] [info] [Worker 0] Response timer configured: 25ms interval, batch size 100-500
[2026-06-04 10:07:40.185] [info] [Worker 5] Registered Queen instance for UDP notifications
[2026-06-04 10:07:40.185] [info] [Worker 5] Setting up routes...
[2026-06-04 10:07:40.185] [info] [Worker 3] Queen instance ready with 25 connections
[2026-06-04 10:07:40.185] [info] [Worker 3] Registered Queen instance for UDP notifications
[2026-06-04 10:07:40.185] [info] [Worker 3] Setting up routes...
[2026-06-04 10:07:40.185] [info] [Worker 7] Queen instance ready with 25 connections
[2026-06-04 10:07:40.185] [info] [Worker 7] Registered Queen instance for UDP notifications
[2026-06-04 10:07:40.185] [info] [Worker 7] Setting up routes...
[2026-06-04 10:07:40.185] [info] [Worker 8] Queen instance ready with 25 connections
[2026-06-04 10:07:40.185] [info] [Worker 8] Registered Queen instance for UDP notifications
[2026-06-04 10:07:40.185] [warning] [Worker 5] Webapp directory not found - Static file serving disabled
[2026-06-04 10:07:40.185] [warning] [Worker 5] Searched: ./webapp/dist, ../webapp/dist, ../../webapp/dist
[2026-06-04 10:07:40.185] [warning] [Worker 5] Set WEBAPP_ROOT environment variable to override
[2026-06-04 10:07:40.185] [info] [Worker 5] Routes configured
[2026-06-04 10:07:40.185] [info] [Worker 1] Queen instance ready with 25 connections
[2026-06-04 10:07:40.185] [info] [Worker 1] Registered Queen instance for UDP notifications
[2026-06-04 10:07:40.185] [info] [Worker 1] Setting up routes...
[2026-06-04 10:07:40.185] [warning] [Worker 3] Webapp directory not found - Static file serving disabled
[2026-06-04 10:07:40.185] [info] [Worker 5] Registered with acceptor
[2026-06-04 10:07:40.185] [info] [Worker 8] Setting up routes...
[2026-06-04 10:07:40.185] [info] [Worker 2] Queen instance ready with 25 connections
[2026-06-04 10:07:40.185] [warning] [Worker 3] Searched: ./webapp/dist, ../webapp/dist, ../../webapp/dist
[2026-06-04 10:07:40.185] [warning] [Worker 3] Set WEBAPP_ROOT environment variable to override
[2026-06-04 10:07:40.185] [info] [Worker 3] Routes configured
[2026-06-04 10:07:40.185] [info] [Worker 5] Event loop ready to receive adopted sockets from acceptor
[2026-06-04 10:07:40.185] [info] [Worker 5] Setting up response timer...
[2026-06-04 10:07:40.185] [info] [Worker 3] Registered with acceptor
[2026-06-04 10:07:40.185] [info] [Worker 5] Response timer configured: 25ms interval, batch size 100-500
[2026-06-04 10:07:40.185] [info] [Worker 2] Registered Queen instance for UDP notifications
[2026-06-04 10:07:40.185] [info] [Worker 2] Setting up routes...
[2026-06-04 10:07:40.185] [warning] [Worker 7] Webapp directory not found - Static file serving disabled
[2026-06-04 10:07:40.185] [warning] [Worker 7] Searched: ./webapp/dist, ../webapp/dist, ../../webapp/dist
[2026-06-04 10:07:40.185] [warning] [Worker 7] Set WEBAPP_ROOT environment variable to override
[2026-06-04 10:07:40.185] [info] [Worker 7] Routes configured
[2026-06-04 10:07:40.185] [info] [Worker 7] Registered with acceptor
[2026-06-04 10:07:40.185] [info] [Worker 3] Event loop ready to receive adopted sockets from acceptor
[2026-06-04 10:07:40.185] [info] [Worker 3] Setting up response timer...
[2026-06-04 10:07:40.185] [info] [Worker 3] Response timer configured: 25ms interval, batch size 100-500
[2026-06-04 10:07:40.185] [info] [Worker 7] Event loop ready to receive adopted sockets from acceptor
[2026-06-04 10:07:40.185] [info] [Worker 7] Setting up response timer...
[2026-06-04 10:07:40.185] [info] [Worker 7] Response timer configured: 25ms interval, batch size 100-500
[2026-06-04 10:07:40.185] [warning] [Worker 1] Webapp directory not found - Static file serving disabled
[2026-06-04 10:07:40.185] [warning] [Worker 1] Searched: ./webapp/dist, ../webapp/dist, ../../webapp/dist
[2026-06-04 10:07:40.185] [warning] [Worker 1] Set WEBAPP_ROOT environment variable to override
[2026-06-04 10:07:40.185] [info] [Worker 1] Routes configured
[2026-06-04 10:07:40.185] [info] [Worker 1] Registered with acceptor
[2026-06-04 10:07:40.185] [warning] [Worker 8] Webapp directory not found - Static file serving disabled
[2026-06-04 10:07:40.185] [warning] [Worker 8] Searched: ./webapp/dist, ../webapp/dist, ../../webapp/dist
[2026-06-04 10:07:40.185] [warning] [Worker 8] Set WEBAPP_ROOT environment variable to override
[2026-06-04 10:07:40.185] [info] [Worker 8] Routes configured
[2026-06-04 10:07:40.185] [info] [Worker 8] Registered with acceptor
[2026-06-04 10:07:40.185] [info] [Worker 1] Event loop ready to receive adopted sockets from acceptor
[2026-06-04 10:07:40.185] [info] [Worker 1] Setting up response timer...
[2026-06-04 10:07:40.185] [info] [Worker 1] Response timer configured: 25ms interval, batch size 100-500
[2026-06-04 10:07:40.185] [info] [Worker 8] Event loop ready to receive adopted sockets from acceptor
[2026-06-04 10:07:40.185] [info] [Worker 8] Setting up response timer...
[2026-06-04 10:07:40.185] [info] [Worker 8] Response timer configured: 25ms interval, batch size 100-500
[2026-06-04 10:07:40.185] [warning] [Worker 9] Webapp directory not found - Static file serving disabled
[2026-06-04 10:07:40.186] [warning] [Worker 9] Searched: ./webapp/dist, ../webapp/dist, ../../webapp/dist
[2026-06-04 10:07:40.186] [warning] [Worker 9] Set WEBAPP_ROOT environment variable to override
[2026-06-04 10:07:40.186] [info] [Worker 9] Routes configured
[2026-06-04 10:07:40.186] [info] [Worker 9] Registered with acceptor
[2026-06-04 10:07:40.186] [warning] [Worker 2] Webapp directory not found - Static file serving disabled
[2026-06-04 10:07:40.186] [warning] [Worker 2] Searched: ./webapp/dist, ../webapp/dist, ../../webapp/dist
[2026-06-04 10:07:40.186] [warning] [Worker 2] Set WEBAPP_ROOT environment variable to override
[2026-06-04 10:07:40.186] [info] [Worker 2] Routes configured
[2026-06-04 10:07:40.186] [info] [Worker 2] Registered with acceptor
[2026-06-04 10:07:40.186] [info] [Worker 2] Event loop ready to receive adopted sockets from acceptor
[2026-06-04 10:07:40.186] [info] [Worker 2] Setting up response timer...
[2026-06-04 10:07:40.186] [info] [Worker 9] Event loop ready to receive adopted sockets from acceptor
[2026-06-04 10:07:40.186] [info] [Worker 9] Setting up response timer...
[2026-06-04 10:07:40.186] [info] [Worker 2] Response timer configured: 25ms interval, batch size 100-500
[2026-06-04 10:07:40.186] [info] [Worker 9] Response timer configured: 25ms interval, batch size 100-500
[2026-06-04 10:07:40.230] [info] All 10 workers initialized in 1051ms
[2026-06-04 10:07:40.230] [info] Creating acceptor app...
[2026-06-04 10:07:40.230] [info] Registered 10 worker apps with acceptor
[2026-06-04 10:07:40.230] [info] Acceptor listening on 0.0.0.0:6632
[2026-06-04 10:07:40.230] [info] Round-robin load balancing across 10 workers
[2026-06-04 10:07:40.230] [info] Starting acceptor event loop...
[2026-06-04 10:07:40.294] [info] [Worker 7] [libqueen] Reconnection thread started
[2026-06-04 10:07:40.307] [info] [Worker 5] [libqueen] Reconnection thread started
[2026-06-04 10:07:40.318] [info] [Worker 6] [libqueen] Reconnection thread started
[2026-06-04 10:07:40.322] [info] [Worker 0] [libqueen] Reconnection thread started
[2026-06-04 10:07:40.325] [info] [Worker 2] [libqueen] Reconnection thread started
[2026-06-04 10:07:40.327] [info] [Worker 9] [libqueen] Reconnection thread started
[2026-06-04 10:07:40.336] [info] [Worker 1] [libqueen] Reconnection thread started
[2026-06-04 10:07:40.351] [info] [Worker 4] [libqueen] Reconnection thread started
[2026-06-04 10:07:40.352] [info] [Worker 3] [libqueen] Reconnection thread started
[2026-06-04 10:07:40.360] [info] [Worker 8] [libqueen] Reconnection thread started
[2026-06-04 10:07:40.686] [info] StatsService: cycle completed in 12ms
[2026-06-04 10:07:41.351] [info] [Worker 4] [libqueen] custom(q=0 f=0/1 p99rtt=7ms) slots=25/25 jobs/s=1 drains=2 evl=0ms
[2026-06-04 10:07:46.383] [info] [Worker 6] Configuring queue: bench-q-100-1 via stored procedure
[2026-06-04 10:07:46.395] [info] [Worker 6] Configuring queue: bench-q-100-2 via stored procedure
[2026-06-04 10:07:46.398] [info] [Worker 6] Configuring queue: bench-q-100-3 via stored procedure
[2026-06-04 10:07:46.400] [info] [Worker 6] Configuring queue: bench-q-100-4 via stored procedure
[2026-06-04 10:07:46.403] [info] [Worker 6] Configuring queue: bench-q-100-5 via stored procedure
[2026-06-04 10:07:46.406] [info] [Worker 6] Configuring queue: bench-q-100-6 via stored procedure
[2026-06-04 10:07:46.408] [info] [Worker 6] Configuring queue: bench-q-100-7 via stored procedure
[2026-06-04 10:07:46.409] [info] [Worker 6] Configuring queue: bench-q-100-8 via stored procedure
[2026-06-04 10:07:46.412] [info] [Worker 6] Configuring queue: bench-q-100-9 via stored procedure
[2026-06-04 10:07:46.414] [info] [Worker 6] Configuring queue: bench-q-100-10 via stored procedure
[2026-06-04 10:07:46.415] [info] [Worker 6] Configuring queue: bench-q-100-11 via stored procedure
[2026-06-04 10:07:46.417] [info] [Worker 6] Configuring queue: bench-q-100-12 via stored procedure
[2026-06-04 10:07:46.418] [info] [Worker 6] Configuring queue: bench-q-100-13 via stored procedure
[2026-06-04 10:07:46.419] [info] [Worker 6] Configuring queue: bench-q-100-14 via stored procedure
[2026-06-04 10:07:46.421] [info] [Worker 6] Configuring queue: bench-q-100-15 via stored procedure
[2026-06-04 10:07:46.422] [info] [Worker 6] Configuring queue: bench-q-100-16 via stored procedure
[2026-06-04 10:07:46.423] [info] [Worker 6] Configuring queue: bench-q-100-17 via stored procedure
[2026-06-04 10:07:46.424] [info] [Worker 6] Configuring queue: bench-q-100-18 via stored procedure
[2026-06-04 10:07:46.425] [info] [Worker 6] Configuring queue: bench-q-100-19 via stored procedure
[2026-06-04 10:07:46.427] [info] [Worker 6] Configuring queue: bench-q-100-20 via stored procedure
[2026-06-04 10:07:46.428] [info] [Worker 6] Configuring queue: bench-q-100-21 via stored procedure
[2026-06-04 10:07:46.429] [info] [Worker 6] Configuring queue: bench-q-100-22 via stored procedure
[2026-06-04 10:07:46.430] [info] [Worker 6] Configuring queue: bench-q-100-23 via stored procedure
[2026-06-04 10:07:46.431] [info] [Worker 6] Configuring queue: bench-q-100-24 via stored procedure
[2026-06-04 10:07:46.432] [info] [Worker 6] Configuring queue: bench-q-100-25 via stored procedure
[2026-06-04 10:07:46.434] [info] [Worker 6] Configuring queue: bench-q-100-26 via stored procedure
[2026-06-04 10:07:46.435] [info] [Worker 6] Configuring queue: bench-q-100-27 via stored procedure
[2026-06-04 10:07:46.436] [info] [Worker 6] Configuring queue: bench-q-100-28 via stored procedure
[2026-06-04 10:07:46.437] [info] [Worker 6] Configuring queue: bench-q-100-29 via stored procedure
[2026-06-04 10:07:46.438] [info] [Worker 6] Configuring queue: bench-q-100-30 via stored procedure
[2026-06-04 10:07:46.440] [info] [Worker 6] Configuring queue: bench-q-100-31 via stored procedure
[2026-06-04 10:07:46.441] [info] [Worker 6] Configuring queue: bench-q-100-32 via stored procedure
[2026-06-04 10:07:46.442] [info] [Worker 6] Configuring queue: bench-q-100-33 via stored procedure
[2026-06-04 10:07:46.443] [info] [Worker 6] Configuring queue: bench-q-100-34 via stored procedure
[2026-06-04 10:07:46.444] [info] [Worker 6] Configuring queue: bench-q-100-35 via stored procedure
[2026-06-04 10:07:46.445] [info] [Worker 6] Configuring queue: bench-q-100-36 via stored procedure
[2026-06-04 10:07:46.447] [info] [Worker 6] Configuring queue: bench-q-100-37 via stored procedure
[2026-06-04 10:07:46.448] [info] [Worker 6] Configuring queue: bench-q-100-38 via stored procedure
[2026-06-04 10:07:46.449] [info] [Worker 6] Configuring queue: bench-q-100-39 via stored procedure
[2026-06-04 10:07:46.450] [info] [Worker 6] Configuring queue: bench-q-100-40 via stored procedure
[2026-06-04 10:07:46.451] [info] [Worker 6] Configuring queue: bench-q-100-41 via stored procedure
[2026-06-04 10:07:46.453] [info] [Worker 6] Configuring queue: bench-q-100-42 via stored procedure
[2026-06-04 10:07:46.454] [info] [Worker 6] Configuring queue: bench-q-100-43 via stored procedure
[2026-06-04 10:07:46.456] [info] [Worker 6] Configuring queue: bench-q-100-44 via stored procedure
[2026-06-04 10:07:46.457] [info] [Worker 6] Configuring queue: bench-q-100-45 via stored procedure
[2026-06-04 10:07:46.458] [info] [Worker 6] Configuring queue: bench-q-100-46 via stored procedure
[2026-06-04 10:07:46.459] [info] [Worker 6] Configuring queue: bench-q-100-47 via stored procedure
[2026-06-04 10:07:46.461] [info] [Worker 6] Configuring queue: bench-q-100-48 via stored procedure
[2026-06-04 10:07:46.462] [info] [Worker 6] Configuring queue: bench-q-100-49 via stored procedure
[2026-06-04 10:07:46.463] [info] [Worker 6] Configuring queue: bench-q-100-50 via stored procedure
[2026-06-04 10:07:46.464] [info] [Worker 6] Configuring queue: bench-q-100-51 via stored procedure
[2026-06-04 10:07:46.465] [info] [Worker 6] Configuring queue: bench-q-100-52 via stored procedure
[2026-06-04 10:07:46.467] [info] [Worker 6] Configuring queue: bench-q-100-53 via stored procedure
[2026-06-04 10:07:46.468] [info] [Worker 6] Configuring queue: bench-q-100-54 via stored procedure
[2026-06-04 10:07:46.469] [info] [Worker 6] Configuring queue: bench-q-100-55 via stored procedure
[2026-06-04 10:07:46.470] [info] [Worker 6] Configuring queue: bench-q-100-56 via stored procedure
[2026-06-04 10:07:46.471] [info] [Worker 6] Configuring queue: bench-q-100-57 via stored procedure
[2026-06-04 10:07:46.473] [info] [Worker 6] Configuring queue: bench-q-100-58 via stored procedure
[2026-06-04 10:07:46.474] [info] [Worker 6] Configuring queue: bench-q-100-59 via stored procedure
[2026-06-04 10:07:46.475] [info] [Worker 6] Configuring queue: bench-q-100-60 via stored procedure
[2026-06-04 10:07:46.476] [info] [Worker 6] Configuring queue: bench-q-100-61 via stored procedure
[2026-06-04 10:07:46.477] [info] [Worker 6] Configuring queue: bench-q-100-62 via stored procedure
[2026-06-04 10:07:46.478] [info] [Worker 6] Configuring queue: bench-q-100-63 via stored procedure
[2026-06-04 10:07:46.480] [info] [Worker 6] Configuring queue: bench-q-100-64 via stored procedure
[2026-06-04 10:07:46.481] [info] [Worker 6] Configuring queue: bench-q-100-65 via stored procedure
[2026-06-04 10:07:46.482] [info] [Worker 6] Configuring queue: bench-q-100-66 via stored procedure
[2026-06-04 10:07:46.484] [info] [Worker 6] Configuring queue: bench-q-100-67 via stored procedure
[2026-06-04 10:07:46.485] [info] [Worker 6] Configuring queue: bench-q-100-68 via stored procedure
[2026-06-04 10:07:46.486] [info] [Worker 6] Configuring queue: bench-q-100-69 via stored procedure
[2026-06-04 10:07:46.488] [info] [Worker 6] Configuring queue: bench-q-100-70 via stored procedure
[2026-06-04 10:07:46.489] [info] [Worker 6] Configuring queue: bench-q-100-71 via stored procedure
[2026-06-04 10:07:46.490] [info] [Worker 6] Configuring queue: bench-q-100-72 via stored procedure
[2026-06-04 10:07:46.492] [info] [Worker 6] Configuring queue: bench-q-100-73 via stored procedure
[2026-06-04 10:07:46.493] [info] [Worker 6] Configuring queue: bench-q-100-74 via stored procedure
[2026-06-04 10:07:46.494] [info] [Worker 6] Configuring queue: bench-q-100-75 via stored procedure
[2026-06-04 10:07:46.496] [info] [Worker 6] Configuring queue: bench-q-100-76 via stored procedure
[2026-06-04 10:07:46.497] [info] [Worker 6] Configuring queue: bench-q-100-77 via stored procedure
[2026-06-04 10:07:46.498] [info] [Worker 6] Configuring queue: bench-q-100-78 via stored procedure
[2026-06-04 10:07:46.500] [info] [Worker 6] Configuring queue: bench-q-100-79 via stored procedure
[2026-06-04 10:07:46.501] [info] [Worker 6] Configuring queue: bench-q-100-80 via stored procedure
[2026-06-04 10:07:46.502] [info] [Worker 6] Configuring queue: bench-q-100-81 via stored procedure
[2026-06-04 10:07:46.503] [info] [Worker 6] Configuring queue: bench-q-100-82 via stored procedure
[2026-06-04 10:07:46.505] [info] [Worker 6] Configuring queue: bench-q-100-83 via stored procedure
[2026-06-04 10:07:46.506] [info] [Worker 6] Configuring queue: bench-q-100-84 via stored procedure
[2026-06-04 10:07:46.507] [info] [Worker 6] Configuring queue: bench-q-100-85 via stored procedure
[2026-06-04 10:07:46.509] [info] [Worker 6] Configuring queue: bench-q-100-86 via stored procedure
[2026-06-04 10:07:46.510] [info] [Worker 6] Configuring queue: bench-q-100-87 via stored procedure
[2026-06-04 10:07:46.512] [info] [Worker 6] Configuring queue: bench-q-100-88 via stored procedure
[2026-06-04 10:07:46.513] [info] [Worker 6] Configuring queue: bench-q-100-89 via stored procedure
[2026-06-04 10:07:46.514] [info] [Worker 6] Configuring queue: bench-q-100-90 via stored procedure
[2026-06-04 10:07:46.515] [info] [Worker 6] Configuring queue: bench-q-100-91 via stored procedure
[2026-06-04 10:07:46.517] [info] [Worker 6] Configuring queue: bench-q-100-92 via stored procedure
[2026-06-04 10:07:46.518] [info] [Worker 6] Configuring queue: bench-q-100-93 via stored procedure
[2026-06-04 10:07:46.519] [info] [Worker 6] Configuring queue: bench-q-100-94 via stored procedure
[2026-06-04 10:07:46.521] [info] [Worker 6] Configuring queue: bench-q-100-95 via stored procedure
[2026-06-04 10:07:46.522] [info] [Worker 6] Configuring queue: bench-q-100-96 via stored procedure
[2026-06-04 10:07:46.523] [info] [Worker 6] Configuring queue: bench-q-100-97 via stored procedure
[2026-06-04 10:07:46.525] [info] [Worker 6] Configuring queue: bench-q-100-98 via stored procedure
[2026-06-04 10:07:46.526] [info] [Worker 6] Configuring queue: bench-q-100-99 via stored procedure
[2026-06-04 10:07:46.528] [info] [Worker 6] Configuring queue: bench-q-100-100 via stored procedure
[2026-06-04 10:07:47.325] [info] [Worker 6] [libqueen] pop(q=0 f=0/2 p99rtt=1ms) custom(q=0 f=0/1 p99rtt=1ms) slots=25/25 jobs/s=100 drains=229 evl=0ms
[2026-06-04 10:07:50.722] [info] StatsService: cycle completed in 21ms
[2026-06-04 10:07:56.465] [info] QPOP: Connection aborted for 74ffb09b-06fb-4269-b644-0857df023f1c
[2026-06-04 10:07:56.467] [info] QPOP: Connection aborted for 7dd9b9fc-3ba6-4f9c-98cf-84e68c93115e
[2026-06-04 10:07:56.468] [info] QPOP: Connection aborted for 56ac657c-c75b-43e7-9cee-a2ce1e3115b6
[2026-06-04 10:07:56.470] [info] QPOP: Connection aborted for e0c90a75-3388-43f4-8f5c-cca4905a8ace
[2026-06-04 10:07:56.471] [info] QPOP: Connection aborted for 6eee2467-af80-47c3-9aee-2eba32c57195
[2026-06-04 10:07:56.474] [info] QPOP: Connection aborted for a2f743c9-bfa7-4025-87d8-384eb0c38924
[2026-06-04 10:07:56.475] [info] QPOP: Connection aborted for 3c50eefa-9579-40b4-9099-5f58d13c1aa7
[2026-06-04 10:07:56.476] [info] QPOP: Connection aborted for 59b8af94-08f3-4378-9f85-7fa661beb110
[2026-06-04 10:07:56.478] [info] QPOP: Connection aborted for cec8cc7d-ca4c-4ee8-8ec1-807bfcf2e3c2
[2026-06-04 10:07:56.480] [info] QPOP: Connection aborted for 69d4be08-2503-41ba-8ce9-2923b130a5d2
[2026-06-04 10:07:56.482] [info] QPOP: Connection aborted for 607e295d-d03c-4c3f-bb5e-553f20f04ab8
[2026-06-04 10:07:56.484] [info] QPOP: Connection aborted for f903dde4-ea37-4cba-9698-87a48de7103b
[2026-06-04 10:07:56.485] [info] QPOP: Connection aborted for e43a4cdd-a1ef-43fa-8194-46c9c6dd81ed
[2026-06-04 10:07:56.486] [info] QPOP: Connection aborted for 34305547-e74a-4111-8276-981a9f75c8cf
[2026-06-04 10:07:56.488] [info] QPOP: Connection aborted for f547953b-ad7b-487e-98d8-30f4ef12a403
[2026-06-04 10:07:56.489] [info] QPOP: Connection aborted for b3e9997e-7e6c-4348-92ce-96c92790e9f1
[2026-06-04 10:07:56.490] [info] QPOP: Connection aborted for 4da1a766-e69a-4bb7-b50f-3939aa53c8b1
[2026-06-04 10:07:56.492] [info] QPOP: Connection aborted for 2318c5c5-bf14-4d51-803e-be9b0a7c5659
[2026-06-04 10:07:56.493] [info] QPOP: Connection aborted for 8ac7c828-d8ee-48da-8989-572d184fe701
[2026-06-04 10:07:56.493] [info] QPOP: Connection aborted for 80a1309c-b9e3-45a1-ba6d-153edb1c50ee
[2026-06-04 10:07:56.495] [info] QPOP: Connection aborted for caa31b8f-18f8-4c84-a128-0567447ba5f4
[2026-06-04 10:07:56.496] [info] QPOP: Connection aborted for 7a402bb0-aad0-4706-a9ab-1b22c85f05ca
[2026-06-04 10:07:56.497] [info] QPOP: Connection aborted for a4c91a15-8979-4a2b-be20-003a767314f4
[2026-06-04 10:07:56.497] [info] QPOP: Connection aborted for 1bc0263d-b233-408c-8af4-a2fa2c8fafbf
[2026-06-04 10:07:56.499] [info] QPOP: Connection aborted for e31435ab-6a5e-4c8b-99ed-60efd841a0eb
[2026-06-04 10:07:56.500] [info] QPOP: Connection aborted for 0033d7a4-25a9-4336-808e-a4dced50bb89
[2026-06-04 10:07:56.502] [info] QPOP: Connection aborted for 3c22f52d-7ef6-4112-aee6-fcdf597d0505
[2026-06-04 10:07:56.504] [info] QPOP: Connection aborted for b7d86005-2981-4ae3-a47d-86a0ac7f77a2
[2026-06-04 10:07:56.504] [info] QPOP: Connection aborted for 36cda6d4-eaab-4edc-b5b8-3b4b462f7957
[2026-06-04 10:07:56.505] [info] QPOP: Connection aborted for b8f9a0f8-403b-4de4-a80b-f47c63134b3e
[2026-06-04 10:07:56.505] [info] QPOP: Connection aborted for 4a013f25-01fe-4cc6-ad5c-e66dba9524d9
[2026-06-04 10:07:56.507] [info] QPOP: Connection aborted for d6ad9cb4-a91c-4936-87a4-dbf60c7928b7
[2026-06-04 10:07:56.509] [info] QPOP: Connection aborted for 5c0cd771-5441-42b8-ad0e-af4e5dd12acf
[2026-06-04 10:07:56.510] [info] QPOP: Connection aborted for ce2bc1e1-4f61-4e5a-8cc7-0affd185052c
[2026-06-04 10:07:56.512] [info] QPOP: Connection aborted for dd68e454-1bc5-43fb-a785-df012725c1ea
[2026-06-04 10:07:56.512] [info] QPOP: Connection aborted for b48eadd3-4c3e-4862-a612-a3408b20c9cf
[2026-06-04 10:07:56.513] [info] QPOP: Connection aborted for 86d1c7c0-06d9-4ecd-97a3-c8c5892eeaf4
[2026-06-04 10:07:56.513] [info] QPOP: Connection aborted for 9d177b43-52b2-4271-9a9d-28ff1dd285ce
[2026-06-04 10:07:56.515] [info] QPOP: Connection aborted for 525dd64c-982f-47b2-a37b-769d8fd46abc
[2026-06-04 10:07:56.516] [info] QPOP: Connection aborted for d97f5560-a973-414d-bd44-46702563e137
[2026-06-04 10:07:56.517] [info] QPOP: Connection aborted for 498ac51d-85e6-4f61-841c-264b448417a7
[2026-06-04 10:07:56.517] [info] QPOP: Connection aborted for 9816c238-ccfb-4952-b27c-29a60caf19a1
[2026-06-04 10:07:56.519] [info] QPOP: Connection aborted for e876359b-88c0-46a9-98b2-f5fb0638d9f4
[2026-06-04 10:07:56.520] [info] QPOP: Connection aborted for 092fa842-b5d8-43ff-8360-52dfce397a94
[2026-06-04 10:07:56.521] [info] QPOP: Connection aborted for 0c2dbecc-7c1c-43b3-992d-08ab967fa3ff
[2026-06-04 10:07:56.521] [info] QPOP: Connection aborted for 4f31fff1-8cd6-45f5-80b0-674a6dd51e53
[2026-06-04 10:07:56.523] [info] QPOP: Connection aborted for 7449b59a-cd37-4bec-97f9-fb09fba5d44c
[2026-06-04 10:07:56.524] [info] QPOP: Connection aborted for 4ec67da4-6285-4ca9-9368-5c484ca25909
[2026-06-04 10:07:56.524] [info] QPOP: Connection aborted for 1a05483b-b970-40ad-bb11-a172513beaa5
[2026-06-04 10:07:56.525] [info] QPOP: Connection aborted for d52587c8-8702-4bd5-a400-66ad4c47b7c3
[2026-06-04 10:08:01.312] [info] [Worker 7] [libqueen] pop(q=0 f=0/15 p99rtt=1ms) custom(q=0 f=0/1 p99rtt=1ms) slots=25/25 jobs/s=3 drains=182 evl=0ms
[2026-06-04 10:08:01.323] [info] [Worker 5] [libqueen] pop(q=0 f=0/15 p99rtt=1ms) custom(q=0 f=0/1 p99rtt=0ms) slots=25/25 jobs/s=3 drains=167 evl=0ms
[2026-06-04 10:08:01.334] [info] [Worker 0] [libqueen] pop(q=0 f=0/15 p99rtt=1ms) custom(q=0 f=0/1 p99rtt=0ms) slots=25/25 jobs/s=3 drains=219 evl=0ms
[2026-06-04 10:08:01.337] [info] [Worker 6] [libqueen] pop(q=0 f=0/15 p99rtt=1ms) custom(q=0 f=0/1 p99rtt=1ms) slots=25/25 jobs/s=3 drains=391 evl=0ms
[2026-06-04 10:08:01.339] [info] [Worker 2] [libqueen] pop(q=0 f=0/15 p99rtt=1ms) custom(q=0 f=0/1 p99rtt=0ms) slots=25/25 jobs/s=3 drains=188 evl=0ms
[2026-06-04 10:08:01.345] [info] [Worker 9] [libqueen] pop(q=0 f=0/15 p99rtt=1ms) custom(q=0 f=0/1 p99rtt=0ms) slots=25/25 jobs/s=3 drains=186 evl=0ms
[2026-06-04 10:08:01.352] [info] [Worker 1] [libqueen] pop(q=0 f=0/15 p99rtt=1ms) custom(q=0 f=0/1 p99rtt=0ms) slots=25/25 jobs/s=3 drains=159 evl=0ms
[2026-06-04 10:08:01.367] [info] [Worker 4] [libqueen] pop(q=0 f=0/15 p99rtt=1ms) custom(q=0 f=0/1 p99rtt=1ms) slots=25/25 jobs/s=3 drains=168 evl=0ms
[2026-06-04 10:08:01.370] [info] [Worker 3] [libqueen] pop(q=0 f=0/15 p99rtt=1ms) custom(q=0 f=0/1 p99rtt=1ms) slots=25/25 jobs/s=3 drains=172 evl=0ms
[2026-06-04 10:08:01.376] [info] [Worker 8] [libqueen] pop(q=0 f=0/15 p99rtt=1ms) custom(q=0 f=0/1 p99rtt=0ms) slots=25/25 jobs/s=3 drains=177 evl=0ms
[2026-06-04 10:08:01.719] [info] StatsService: cycle completed in 17ms
[2026-06-04 10:08:06.467] [info] QPOP: Connection aborted for 35af8f56-d90c-45cc-aa78-cc0dde7f856d
[2026-06-04 10:08:06.469] [info] QPOP: Connection aborted for c99b00e8-4397-4822-a9f6-bbdcc76c377f
[2026-06-04 10:08:06.470] [info] QPOP: Connection aborted for 85a0a494-ac6c-4805-a23d-f6e982029c52
[2026-06-04 10:08:06.472] [info] QPOP: Connection aborted for 623c203d-6258-4d85-8f73-21ae6c047c16
[2026-06-04 10:08:06.473] [info] QPOP: Connection aborted for 3c0e44ff-be5b-4b47-ac2a-a759c6942499
[2026-06-04 10:08:06.475] [info] QPOP: Connection aborted for d473d0af-cec3-4ff7-8b50-94baf8f1b350
[2026-06-04 10:08:06.477] [info] QPOP: Connection aborted for 0de55305-fd14-4406-aa56-71a24c4753be
[2026-06-04 10:08:06.478] [info] QPOP: Connection aborted for 0497d541-f7fd-4144-9c8b-60e17854ea49
[2026-06-04 10:08:06.480] [info] QPOP: Connection aborted for 9ca80b67-2daf-44c4-b854-58a3af7e090e
[2026-06-04 10:08:06.481] [info] QPOP: Connection aborted for d54dbd81-8295-43c4-ac9c-d131a840349c
[2026-06-04 10:08:06.482] [info] QPOP: Connection aborted for 782b71d4-ebe4-4f76-b44b-f1735daa7e15
[2026-06-04 10:08:06.485] [info] QPOP: Connection aborted for b6761520-c3d6-4cdf-b508-fdce3306c478
[2026-06-04 10:08:06.485] [info] QPOP: Connection aborted for 7c44bf25-40fe-4983-9afe-ae559a6cff5e
[2026-06-04 10:08:06.487] [info] QPOP: Connection aborted for f8f10639-3817-49da-bbe5-8dd2127bda43
[2026-06-04 10:08:06.489] [info] QPOP: Connection aborted for 48a76257-9447-4991-b168-ddd2763ce993
[2026-06-04 10:08:06.491] [info] QPOP: Connection aborted for bd02e9aa-ea0e-4e81-bcc3-ace8a22ee28a
[2026-06-04 10:08:06.492] [info] QPOP: Connection aborted for e9422c8c-d72f-4055-a098-7d14968952e3
[2026-06-04 10:08:06.494] [info] QPOP: Connection aborted for f45eb190-2f03-4d40-910e-371a46883c73
[2026-06-04 10:08:06.495] [info] QPOP: Connection aborted for 068be926-8dac-4d53-886f-29de70da9d27
[2026-06-04 10:08:06.495] [info] QPOP: Connection aborted for 03b60ddd-bdfc-4cc6-990b-3a902c8ab3c3
[2026-06-04 10:08:06.497] [info] QPOP: Connection aborted for bb4f4f29-b846-4384-8193-8d013aab79ef
[2026-06-04 10:08:06.498] [info] QPOP: Connection aborted for 761e9ed3-8cc3-47dd-95c3-7b2239c5a2a1
[2026-06-04 10:08:06.498] [info] QPOP: Connection aborted for 733ca142-f29f-48b8-8579-ee0aba4c23ab
[2026-06-04 10:08:06.498] [info] QPOP: Connection aborted for 9de194b3-69f1-4a73-a4fd-2cb426d427db
[2026-06-04 10:08:06.500] [info] QPOP: Connection aborted for fba39696-96c8-41ee-9f9e-42c09177a3f0
[2026-06-04 10:08:06.501] [info] QPOP: Connection aborted for 6fb2f077-891e-41c0-8bd2-d7bab62e003d
[2026-06-04 10:08:06.503] [info] QPOP: Connection aborted for 2dcce967-6348-49df-841e-fac9598b6d02
[2026-06-04 10:08:06.505] [info] QPOP: Connection aborted for eeaef6fa-e16a-4b98-8ee6-2b41652ddcf1
[2026-06-04 10:08:06.505] [info] QPOP: Connection aborted for 6c6db56f-8dba-45b8-9735-04e9c8c5c28b
[2026-06-04 10:08:06.505] [info] QPOP: Connection aborted for f2d64f8b-892e-4520-a046-0ddbedb66d2d
[2026-06-04 10:08:06.507] [info] QPOP: Connection aborted for 99141d72-8ef8-40bd-a1a9-8e3751845701
[2026-06-04 10:08:06.508] [info] QPOP: Connection aborted for faa928e4-ef55-457c-9411-385015e0fe30
[2026-06-04 10:08:06.510] [info] QPOP: Connection aborted for 9889dd4a-a404-4326-aa9b-75b54c2dff61
[2026-06-04 10:08:06.512] [info] QPOP: Connection aborted for ccb480c3-d821-4e01-88a6-39b9550fb398
[2026-06-04 10:08:06.513] [info] QPOP: Connection aborted for 46839a48-71a0-4449-bf8e-1c73b50f8c7b
[2026-06-04 10:08:06.513] [info] QPOP: Connection aborted for b00d0760-ee29-459b-bc92-016dd0f386b2
[2026-06-04 10:08:06.513] [info] QPOP: Connection aborted for 36158231-fe9b-4cf2-ae9b-e33240928972
[2026-06-04 10:08:06.515] [info] QPOP: Connection aborted for 0861a8d3-b4f0-4853-a75f-b150c034a63c
[2026-06-04 10:08:06.516] [info] QPOP: Connection aborted for fb380b3a-8497-4a72-bc69-df0cef3d6355
[2026-06-04 10:08:06.517] [info] QPOP: Connection aborted for 8a7563e9-a090-4f87-922d-f878cf097203
[2026-06-04 10:08:06.519] [info] QPOP: Connection aborted for 5e310f03-913c-40f7-9715-fec9ee53682f
[2026-06-04 10:08:06.519] [info] QPOP: Connection aborted for 9eb31adc-aa3b-44be-bdb7-3fac727d9aa1
[2026-06-04 10:08:06.520] [info] QPOP: Connection aborted for eb2c4f98-e4d3-4958-8b21-6e44c478d5c1
[2026-06-04 10:08:06.521] [info] QPOP: Connection aborted for 121ba874-7996-461d-bda0-339f93a374e1
[2026-06-04 10:08:06.523] [info] QPOP: Connection aborted for f22da412-07e2-4fa3-aab3-c83feefbcf23
[2026-06-04 10:08:06.523] [info] QPOP: Connection aborted for dbc7085d-c42d-4826-9f6b-1569118570ba
[2026-06-04 10:08:06.524] [info] QPOP: Connection aborted for 64c3d290-fc91-4b3d-ae4a-563b02c12b95
[2026-06-04 10:08:06.525] [info] QPOP: Connection aborted for bc8c2a2f-c095-46e6-ba09-213010b21317
[2026-06-04 10:08:06.525] [info] QPOP: Connection aborted for 7d2cdb29-2033-4d0c-b094-f417a3f60251
[2026-06-04 10:08:06.528] [info] QPOP: Connection aborted for 848d918f-40c2-4626-9bc8-aedfb779de2f
[2026-06-04 10:08:12.718] [info] StatsService: cycle completed in 16ms
[2026-06-04 10:08:16.469] [info] QPOP: Connection aborted for 69334c76-b410-4737-85c4-22622578de85
[2026-06-04 10:08:16.469] [info] QPOP: Connection aborted for d8c8a448-65e9-4f6d-be5b-b21e17229c5a
[2026-06-04 10:08:16.472] [info] QPOP: Connection aborted for 85d096fa-4475-45fe-bfbf-22e9bdb30dfa
[2026-06-04 10:08:16.473] [info] QPOP: Connection aborted for 909885da-e3e5-4068-b159-3d6faa4d29e7
[2026-06-04 10:08:16.474] [info] QPOP: Connection aborted for f0ca6359-ffe4-4653-8495-8d8f8d7417bb
[2026-06-04 10:08:16.476] [info] QPOP: Connection aborted for f7f0ec62-8a21-4e93-ba84-a9ecd8be1d08
[2026-06-04 10:08:16.479] [info] QPOP: Connection aborted for 143d49e2-5cf9-4b32-8a6f-d856502b4d9b
[2026-06-04 10:08:16.479] [info] QPOP: Connection aborted for 4e270d4d-46b3-461e-9630-016c2db0d331
[2026-06-04 10:08:16.481] [info] QPOP: Connection aborted for b888bbc0-0502-40ba-9007-a020554c0d77
[2026-06-04 10:08:16.481] [info] QPOP: Connection aborted for b9ce19a5-20e8-45f8-befc-4020223f8c83
[2026-06-04 10:08:16.484] [info] QPOP: Connection aborted for 7a3a9b85-286f-4603-8d9b-85099dad9854
[2026-06-04 10:08:16.486] [info] QPOP: Connection aborted for 55376137-70ab-499c-ba02-2fcceeb35215
[2026-06-04 10:08:16.488] [info] QPOP: Connection aborted for e770b9c6-f733-42d8-a4c7-77bd2cd409a6
[2026-06-04 10:08:16.489] [info] QPOP: Connection aborted for b2f2ab61-5a49-42a6-aca3-c7e27add4b67
[2026-06-04 10:08:16.489] [info] QPOP: Connection aborted for 1d623877-42b1-4b17-9386-7c46604ee1a5
[2026-06-04 10:08:16.492] [info] QPOP: Connection aborted for 67be8f6f-f3cb-4dff-8414-5710c38bffa3
[2026-06-04 10:08:16.493] [info] QPOP: Connection aborted for 2871100e-7918-4102-aab3-f58469b91bfa
[2026-06-04 10:08:16.495] [info] QPOP: Connection aborted for 57d3c275-0ef9-4620-8c29-864c3584b9c8
[2026-06-04 10:08:16.496] [info] QPOP: Connection aborted for 3fdd7b56-4fce-42cf-853d-fea37d16d041
[2026-06-04 10:08:16.497] [info] QPOP: Connection aborted for e8ccbd91-3f62-4ca8-b736-669220ed3069
[2026-06-04 10:08:16.499] [info] QPOP: Connection aborted for 30132a2a-5811-4968-95af-8f1f7b5248a2
[2026-06-04 10:08:16.499] [info] QPOP: Connection aborted for 75102d1b-aee1-4a2a-a559-0b88519b79c1
[2026-06-04 10:08:16.499] [info] QPOP: Connection aborted for fcc1b3a1-925b-4947-86f7-d89f770e55db
[2026-06-04 10:08:16.500] [info] QPOP: Connection aborted for 65f969b2-92b1-4d55-ac3a-121d58583831
[2026-06-04 10:08:16.501] [info] QPOP: Connection aborted for f6b3acb5-f2cc-4bda-8352-621f100af260
[2026-06-04 10:08:16.503] [info] QPOP: Connection aborted for ba5c9820-ed42-485f-baff-e6a9bfae8709
[2026-06-04 10:08:16.505] [info] QPOP: Connection aborted for f2a98eb2-e134-401a-9041-716a99c63d6d
[2026-06-04 10:08:16.506] [info] QPOP: Connection aborted for c355e64c-9d78-4556-a6eb-c0b591c3467f
[2026-06-04 10:08:16.506] [info] QPOP: Connection aborted for 09d817de-cdf9-4e72-be2a-b1a37e9572f5
[2026-06-04 10:08:16.508] [info] QPOP: Connection aborted for 657db45e-da4e-40ff-9457-d60b51084e6e
[2026-06-04 10:08:16.509] [info] QPOP: Connection aborted for 615f3a74-d542-45ec-b6fd-14a39a786d77
[2026-06-04 10:08:16.509] [info] QPOP: Connection aborted for fe567a7d-ac3b-4fab-bf92-ec1e4d6725d3
[2026-06-04 10:08:16.512] [info] QPOP: Connection aborted for f046d807-c633-4c18-92e2-fc42934ca196
[2026-06-04 10:08:16.514] [info] QPOP: Connection aborted for a3c7ce7b-0066-4a52-a611-d7d2c2eb0c25
[2026-06-04 10:08:16.515] [info] QPOP: Connection aborted for 13522150-66d3-4b1e-9129-52f8d663f295
[2026-06-04 10:08:16.515] [info] QPOP: Connection aborted for b3909b5f-66ee-4c79-80f1-0c7e08b8556c
[2026-06-04 10:08:16.515] [info] QPOP: Connection aborted for c8e7de6d-7370-422e-a31a-0fd26a91eab1
[2026-06-04 10:08:16.515] [info] QPOP: Connection aborted for 05864ac8-e584-436e-b2be-bd7fb6ac6985
[2026-06-04 10:08:16.517] [info] QPOP: Connection aborted for 5df26c41-81a2-4aca-b2c5-47f7d9f6cddf
[2026-06-04 10:08:16.519] [info] QPOP: Connection aborted for a5520134-8937-45b3-8280-20a28829b037
[2026-06-04 10:08:16.521] [info] QPOP: Connection aborted for 06b0429c-5efa-4418-8fdb-8788792ee5e9
[2026-06-04 10:08:16.521] [info] QPOP: Connection aborted for f77637dc-741f-4c06-a83e-0406e9654d59
[2026-06-04 10:08:16.522] [info] QPOP: Connection aborted for ae254200-cbab-4287-86b5-4eb07c9d58c8
[2026-06-04 10:08:16.522] [info] QPOP: Connection aborted for 5e327360-9a57-4fab-8946-b54e4f6d83ef
[2026-06-04 10:08:16.524] [info] QPOP: Connection aborted for 1b77a350-698c-408d-abb6-30e47b28f8be
[2026-06-04 10:08:16.524] [info] QPOP: Connection aborted for 45a077df-4b1c-4294-8f3d-b98825b28053
[2026-06-04 10:08:16.525] [info] QPOP: Connection aborted for 0fd1fe7f-654f-438b-a9c3-b30b1b106c35
[2026-06-04 10:08:16.526] [info] QPOP: Connection aborted for bd612c43-1d55-4829-aabb-b07a9e5baae2
[2026-06-04 10:08:16.528] [info] QPOP: Connection aborted for 9b42cc1e-179f-4d87-8b85-1e7333dc5dbe
[2026-06-04 10:08:16.529] [info] QPOP: Connection aborted for 433358e6-a41c-4714-8122-85ea55fe9bfe
[2026-06-04 10:08:23.718] [info] StatsService: cycle completed in 15ms
[2026-06-04 10:08:26.472] [info] QPOP: Connection aborted for 870de505-b261-429b-8125-46c61b2d940e
[2026-06-04 10:08:26.472] [info] QPOP: Connection aborted for 890cb981-8769-4ef6-b9a4-5327dcb19bce
[2026-06-04 10:08:26.473] [info] QPOP: Connection aborted for 665af367-658f-487a-a554-d25517146246
[2026-06-04 10:08:26.475] [info] QPOP: Connection aborted for 77aeef17-8ffc-4226-a188-b6fb05a5fb3e
[2026-06-04 10:08:26.476] [info] QPOP: Connection aborted for f9f6b863-529c-4cee-93de-9f48fd92293c
[2026-06-04 10:08:26.477] [info] QPOP: Connection aborted for 72ca53fa-d0a5-4dd1-89b1-934b2fe0aa88
[2026-06-04 10:08:26.480] [info] QPOP: Connection aborted for 3de5b736-1c10-44ce-a25e-334e85811284
[2026-06-04 10:08:26.480] [info] QPOP: Connection aborted for 299684c7-f4d5-4994-98a8-44a6e607633a
[2026-06-04 10:08:26.482] [info] QPOP: Connection aborted for 72344283-beed-454c-81ee-e67779e66c30
[2026-06-04 10:08:26.483] [info] QPOP: Connection aborted for 5f18196d-b645-465a-ac63-f3b00978a042
[2026-06-04 10:08:26.484] [info] QPOP: Connection aborted for 06fa0925-f3b6-4411-96fd-de09cc14686c
[2026-06-04 10:08:26.487] [info] QPOP: Connection aborted for a562392d-8762-420c-9e8f-e96e9a0e2f51
[2026-06-04 10:08:26.488] [info] QPOP: Connection aborted for 6c5f7374-fae9-4784-aa2d-e05994521b40
[2026-06-04 10:08:26.490] [info] QPOP: Connection aborted for 58f530b2-decf-4b96-b9aa-e8e06e8e381b
[2026-06-04 10:08:26.491] [info] QPOP: Connection aborted for 3632be3b-4e85-442d-b7fb-5eaa22c69a0d
[2026-06-04 10:08:26.493] [info] QPOP: Connection aborted for 043c77d6-df2a-4f13-93de-e759e7e3d2f8
[2026-06-04 10:08:26.495] [info] QPOP: Connection aborted for e4fd4d5f-5a60-4de6-849d-cfdab6949987
[2026-06-04 10:08:26.495] [info] QPOP: Connection aborted for 37d00dec-3b41-4e89-b28b-af6a08a7a0bf
[2026-06-04 10:08:26.497] [info] QPOP: Connection aborted for 2b6d6085-00ae-46cb-8333-3f37fd9d3b83
[2026-06-04 10:08:26.499] [info] QPOP: Connection aborted for c75eb72b-bb53-4194-b91a-ea75acd9dcac
[2026-06-04 10:08:26.499] [info] QPOP: Connection aborted for e24723b1-9eab-44b2-bd8c-3dffa196da2a
[2026-06-04 10:08:26.499] [info] QPOP: Connection aborted for cae8a8c2-6811-480d-920e-f6e471631868
[2026-06-04 10:08:26.499] [info] QPOP: Connection aborted for 05920bd9-d1c6-40f6-a604-c0a44f651130
[2026-06-04 10:08:26.501] [info] QPOP: Connection aborted for 57ccc658-dc80-4bee-823a-49435776e038
[2026-06-04 10:08:26.502] [info] QPOP: Connection aborted for b8c3a3f5-2b13-4a96-af39-5a48bdeb17d6
[2026-06-04 10:08:26.504] [info] QPOP: Connection aborted for 17dbd2b9-af89-4e72-9cd7-89d2801e7998
[2026-06-04 10:08:26.506] [info] QPOP: Connection aborted for 523459d7-4864-4860-961c-a8fa7264c24c
[2026-06-04 10:08:26.506] [info] QPOP: Connection aborted for ad61a24c-1e6c-49a0-be2a-dd0a46f33d9d
[2026-06-04 10:08:26.508] [info] QPOP: Connection aborted for 302238fc-3196-4228-aea5-af579a5226ca
[2026-06-04 10:08:26.509] [info] QPOP: Connection aborted for aaeae559-15cc-4f0a-be0f-252386e83793
[2026-06-04 10:08:26.511] [info] QPOP: Connection aborted for 89d97564-ffd4-4f15-80a0-2c73799bba86
[2026-06-04 10:08:26.511] [info] QPOP: Connection aborted for ce21d5b7-bcae-4202-8875-bf21649feadc
[2026-06-04 10:08:26.514] [info] QPOP: Connection aborted for 2c3775fc-5cef-4ac8-96ae-f74947d5ddb9
[2026-06-04 10:08:26.514] [info] QPOP: Connection aborted for a1776d07-d9e4-49d2-9248-efa9726d0103
[2026-06-04 10:08:26.516] [info] QPOP: Connection aborted for 9dc027b2-f915-4599-afa2-236283ee7d21
[2026-06-04 10:08:26.516] [info] QPOP: Connection aborted for b9597e1e-4ce9-48a7-9434-88236b764fd8
[2026-06-04 10:08:26.516] [info] QPOP: Connection aborted for c552c2ed-6892-45d4-ab68-13cb28be5040
[2026-06-04 10:08:26.517] [info] QPOP: Connection aborted for 08b90f38-f289-4b75-98e7-a1cb39c8ad86
[2026-06-04 10:08:26.518] [info] QPOP: Connection aborted for 722c5d5d-9cf2-48cb-99cc-f395b78b2fe6
[2026-06-04 10:08:26.520] [info] QPOP: Connection aborted for 34078a85-6c9a-47f0-8495-3101a1609343
[2026-06-04 10:08:26.522] [info] QPOP: Connection aborted for 1fd708f2-22f7-4a5c-8061-1621dfb06312
[2026-06-04 10:08:26.522] [info] QPOP: Connection aborted for 6fccc7ad-5d49-442a-b181-be9e3a4a2a6d
[2026-06-04 10:08:26.524] [info] QPOP: Connection aborted for fd7b618f-4c54-4f23-9181-5751a6f3bf5a
[2026-06-04 10:08:26.525] [info] QPOP: Connection aborted for 531ccd64-b735-49e6-ba6d-0d21b85e1b22
[2026-06-04 10:08:26.525] [info] QPOP: Connection aborted for f31167af-2d2e-4da5-b390-13550907e9dd
[2026-06-04 10:08:26.525] [info] QPOP: Connection aborted for 43f2d959-06f7-4523-8249-3e29e0c2fb21
[2026-06-04 10:08:26.525] [info] QPOP: Connection aborted for 20101159-5967-49ac-9ef6-41eaa5f99e5e
[2026-06-04 10:08:26.528] [info] QPOP: Connection aborted for 7abd4d5e-4e88-44d7-ab94-0a55e9eb3e46
[2026-06-04 10:08:26.529] [info] QPOP: Connection aborted for 5056e513-2456-43a8-9e54-9aad2b84b0ff
[2026-06-04 10:08:26.530] [info] QPOP: Connection aborted for e8601f28-f690-4c28-ab74-0105103c1a00
[2026-06-04 10:08:34.719] [info] StatsService: cycle completed in 15ms
[2026-06-04 10:08:36.474] [info] QPOP: Connection aborted for f0f51df5-a629-4295-b58a-44ab68e312fd
[2026-06-04 10:08:36.475] [info] QPOP: Connection aborted for a446f008-18ce-48c4-9ba8-be0453cadd06
[2026-06-04 10:08:36.475] [info] QPOP: Connection aborted for 0003e32f-a4c7-4185-be7c-9cbff373a240
[2026-06-04 10:08:36.477] [info] QPOP: Connection aborted for d0ce1d96-8074-430b-9db7-3d65e44e0292
[2026-06-04 10:08:36.477] [info] QPOP: Connection aborted for 8400ce6a-9326-49ae-8e15-281a7a83d15a
[2026-06-04 10:08:36.480] [info] QPOP: Connection aborted for 20fbaac7-3fa1-46f9-8ac2-14e42a41119a
[2026-06-04 10:08:36.481] [info] QPOP: Connection aborted for 03eb1166-6c5b-4c47-b954-4db18c78ebfc
[2026-06-04 10:08:36.481] [info] QPOP: Connection aborted for eb2c8680-ff6b-4824-b0f8-cbe87c1607ff
[2026-06-04 10:08:36.482] [info] QPOP: Connection aborted for 933e2d54-07b8-4738-8a7a-b67c5efb50ca
[2026-06-04 10:08:36.484] [info] QPOP: Connection aborted for 0440bfc8-f8d6-42e3-b5c8-9e9e44e608f4
[2026-06-04 10:08:36.485] [info] QPOP: Connection aborted for 74e77b0e-23fa-4cc7-97d8-d83a05928c47
[2026-06-04 10:08:36.488] [info] QPOP: Connection aborted for 21d97bf1-8834-4b78-a218-2e701477a3e5
[2026-06-04 10:08:36.490] [info] QPOP: Connection aborted for b69fb75e-6987-475a-9da6-a1e4735c291a
[2026-06-04 10:08:36.492] [info] QPOP: Connection aborted for 19681b2e-7b35-4453-ba3d-740a7e181c32
[2026-06-04 10:08:36.492] [info] QPOP: Connection aborted for d249241a-ed8d-4610-93a6-868787d943b6
[2026-06-04 10:08:36.493] [info] QPOP: Connection aborted for 755c04bb-2894-46f6-a51b-083aab95c63b
[2026-06-04 10:08:36.496] [info] QPOP: Connection aborted for 09411816-3fec-4adf-879d-0af6d514b36c
[2026-06-04 10:08:36.497] [info] QPOP: Connection aborted for 2805e013-6f00-4484-9f50-6e8e1ddacf23
[2026-06-04 10:08:36.499] [info] QPOP: Connection aborted for 3ee983be-d194-4853-aca8-f15e10326dfe
[2026-06-04 10:08:36.500] [info] QPOP: Connection aborted for 39c9c0cc-271c-40e3-a298-fdc4ab166484
[2026-06-04 10:08:36.502] [info] QPOP: Connection aborted for 09691c19-a660-476f-b82a-970445758852
[2026-06-04 10:08:36.502] [info] QPOP: Connection aborted for d8acde48-4b5b-4edd-bdd1-7f25d7a6c53b
[2026-06-04 10:08:36.502] [info] QPOP: Connection aborted for 4c5cf9ca-a7e2-4e64-a493-ebaaa6a9358f
[2026-06-04 10:08:36.503] [info] QPOP: Connection aborted for 938c36cf-0fc2-403a-8427-153192c7db14
[2026-06-04 10:08:36.503] [info] QPOP: Connection aborted for 11e1fe53-66fe-4229-883a-8def7ad767bb
[2026-06-04 10:08:36.505] [info] QPOP: Connection aborted for 453ace24-79e3-4c5b-9084-d32aaea699f2
[2026-06-04 10:08:36.508] [info] QPOP: Connection aborted for 6cafcc9e-6aa0-484e-b467-769e54d59c6b
[2026-06-04 10:08:36.508] [info] QPOP: Connection aborted for 5109522a-b40d-4a41-bd26-10cf5de36f0d
[2026-06-04 10:08:36.508] [info] QPOP: Connection aborted for 452fec20-d9bd-4fde-b78b-ec2fa03a2832
[2026-06-04 10:08:36.510] [info] QPOP: Connection aborted for c658a6de-9218-497f-adfb-c13abc0dc6ea
[2026-06-04 10:08:36.512] [info] QPOP: Connection aborted for c8d7bed2-9d9c-4db2-ae44-4c9256756bf3
[2026-06-04 10:08:36.512] [info] QPOP: Connection aborted for c39a9cd7-49d5-4dcd-9610-a316215b6615
[2026-06-04 10:08:36.515] [info] QPOP: Connection aborted for daf2cbc6-7383-48dd-aa7b-22690dfef995
[2026-06-04 10:08:36.516] [info] QPOP: Connection aborted for 7c355969-e0a2-4487-a421-19c33302fd8a
[2026-06-04 10:08:36.517] [info] QPOP: Connection aborted for d0d9a933-c30b-46e2-b455-98555d4ce9e7
[2026-06-04 10:08:36.517] [info] QPOP: Connection aborted for 751ea198-480d-47da-b77f-eb7551ed6217
[2026-06-04 10:08:36.517] [info] QPOP: Connection aborted for 3dd41261-75c4-42ef-a861-2806b0dc76e3
[2026-06-04 10:08:36.519] [info] QPOP: Connection aborted for 623baead-9f12-4365-9d28-edee0870b02d
[2026-06-04 10:08:36.520] [info] QPOP: Connection aborted for 5973baa8-fd10-4a0e-9af6-e2d8eb2ce895
[2026-06-04 10:08:36.521] [info] QPOP: Connection aborted for f99f966d-c1fc-4987-a8c4-aa1739d5f82d
[2026-06-04 10:08:36.524] [info] QPOP: Connection aborted for 1297cb6e-db50-497c-aa42-4ed7b217ccb6
[2026-06-04 10:08:36.524] [info] QPOP: Connection aborted for 07077aef-5d17-4df9-9d35-7f1c27282a38
[2026-06-04 10:08:36.525] [info] QPOP: Connection aborted for 1883d38d-7e7a-4049-99c2-dc5705164508
[2026-06-04 10:08:36.526] [info] QPOP: Connection aborted for c5f269f5-dbd4-4bfa-b69d-7d0af738cc93
[2026-06-04 10:08:36.526] [info] QPOP: Connection aborted for 298ec6c0-f787-401a-bf51-f31261a1c8c6
[2026-06-04 10:08:36.526] [info] QPOP: Connection aborted for bf7aafd0-1c44-4e36-b6d4-f223e2daf829
[2026-06-04 10:08:36.528] [info] QPOP: Connection aborted for 3a93a760-a92a-40ec-a370-8e0bb6144feb
[2026-06-04 10:08:36.529] [info] QPOP: Connection aborted for 181b03e0-8e56-4e7f-abbf-dde22dc91c0a
[2026-06-04 10:08:36.530] [info] QPOP: Connection aborted for b05ad5f0-53c6-4470-b560-5a3524cb27a7
[2026-06-04 10:08:36.533] [info] QPOP: Connection aborted for 96751e9e-fd52-4961-891f-9a01c103e909
[2026-06-04 10:08:45.690] [info] StatsService: cycle completed in 15ms
[2026-06-04 10:08:46.477] [info] QPOP: Connection aborted for 4237acd9-29b5-4319-9f0e-359681278df9
[2026-06-04 10:08:46.477] [info] QPOP: Connection aborted for f5f96628-d3d5-4b19-8727-52b53016e688
[2026-06-04 10:08:46.477] [info] QPOP: Connection aborted for 9832d856-6a98-4d6f-9e69-30dc19a23592
[2026-06-04 10:08:46.477] [info] QPOP: Connection aborted for eb8dedf5-a72f-43a1-a1ed-42db871d5109
[2026-06-04 10:08:46.479] [info] QPOP: Connection aborted for c3e4f4c5-1a6d-462a-906c-bdaf43c476ba
[2026-06-04 10:08:46.481] [info] QPOP: Connection aborted for 306f4e28-06be-48d9-8738-e56cfce7850f
[2026-06-04 10:08:46.483] [info] QPOP: Connection aborted for fd22fe54-bb1c-47d8-a729-69668a80fc31
[2026-06-04 10:08:46.483] [info] QPOP: Connection aborted for f3cd8399-277a-46c6-b41b-d6c98aa86231
[2026-06-04 10:08:46.484] [info] QPOP: Connection aborted for 002b27d9-1d17-4209-a6fe-81d7bd44af4f
[2026-06-04 10:08:46.484] [info] QPOP: Connection aborted for 5e12eae1-b782-4e99-b1c3-95e71f5d09e4
[2026-06-04 10:08:46.487] [info] QPOP: Connection aborted for e21a691b-907e-496c-baca-a277cad9b6d3
[2026-06-04 10:08:46.489] [info] QPOP: Connection aborted for 01fd5087-63d2-464c-b279-ca5a9282b7fe
[2026-06-04 10:08:46.492] [info] QPOP: Connection aborted for 75ec1bf5-a70f-4505-be7a-614de833d4ef
[2026-06-04 10:08:46.493] [info] QPOP: Connection aborted for 021d21d3-aa49-4b4d-afef-8eba88ddcec0
[2026-06-04 10:08:46.493] [info] QPOP: Connection aborted for cd921ca0-c0b8-4f12-a595-bf4797470f61
[2026-06-04 10:08:46.495] [info] QPOP: Connection aborted for d1fb2dcc-33be-447b-833a-5930e91b6f4e
[2026-06-04 10:08:46.497] [info] QPOP: Connection aborted for c6e7d245-5d09-48d9-8072-2339f8ba7d3d
[2026-06-04 10:08:46.498] [info] QPOP: Connection aborted for 674bfe27-353f-4561-814e-6d198d096398
[2026-06-04 10:08:46.500] [info] QPOP: Connection aborted for 15ab8deb-e7a3-4c95-9f1d-ac9b5b37ef04
[2026-06-04 10:08:46.501] [info] QPOP: Connection aborted for f70866ec-5377-470e-9b7b-be683873718d
[2026-06-04 10:08:46.503] [info] QPOP: Connection aborted for 11baf621-2977-4c85-9190-eff0af9fe98b
[2026-06-04 10:08:46.503] [info] QPOP: Connection aborted for cbf72054-0e57-419e-81b5-35e9e123a609
[2026-06-04 10:08:46.503] [info] QPOP: Connection aborted for b23fd59f-ac9f-4b61-9480-bc2e16f59af8
[2026-06-04 10:08:46.505] [info] QPOP: Connection aborted for 824323c4-f625-4fed-9c5b-c61ff71c6543
[2026-06-04 10:08:46.506] [info] QPOP: Connection aborted for 0a164a57-a2da-471e-b673-42452d1cbae6
[2026-06-04 10:08:46.506] [info] QPOP: Connection aborted for cc1741b2-5ace-441a-bea2-ca157553234f
[2026-06-04 10:08:46.509] [info] QPOP: Connection aborted for f33b022e-57af-40fa-b4ba-f8afbac89fe7
[2026-06-04 10:08:46.509] [info] QPOP: Connection aborted for 52436e42-cd69-4cb9-858f-4ea3832a40bb
[2026-06-04 10:08:46.509] [info] QPOP: Connection aborted for 268440f4-1840-47c8-9bfb-44a917d444c1
[2026-06-04 10:08:46.511] [info] QPOP: Connection aborted for 15ef28fc-e2de-4334-95cf-badac6c2f696
[2026-06-04 10:08:46.513] [info] QPOP: Connection aborted for 37a27d36-7113-4ac8-8874-4f8fe5409ef8
[2026-06-04 10:08:46.513] [info] QPOP: Connection aborted for c8f5e307-bb74-4b37-aa61-7aab6019dd54
[2026-06-04 10:08:46.516] [info] QPOP: Connection aborted for 63e24bbe-41df-4190-8ab9-6cf2e46f7733
[2026-06-04 10:08:46.517] [info] QPOP: Connection aborted for 6fb1bf09-d8a8-404e-848d-ddaf7bf03788
[2026-06-04 10:08:46.519] [info] QPOP: Connection aborted for 66ab9453-5768-4ea7-8d36-9b9ec0623c2a
[2026-06-04 10:08:46.520] [info] QPOP: Connection aborted for db82eded-9533-44df-b0f5-30adb122da11
[2026-06-04 10:08:46.520] [info] QPOP: Connection aborted for 1844a2af-ea38-45a2-9b1c-a298245a1a34
[2026-06-04 10:08:46.520] [info] QPOP: Connection aborted for d32713e7-8132-48f6-8ac0-3f52eb0ca31c
[2026-06-04 10:08:46.522] [info] QPOP: Connection aborted for 63dea16b-d23c-4449-82f7-6b216d46f5ae
[2026-06-04 10:08:46.523] [info] QPOP: Connection aborted for fa38e559-ee9b-4eb8-83ba-14e7fff49107
[2026-06-04 10:08:46.525] [info] QPOP: Connection aborted for 268e31d3-5b18-4314-8a62-6f20a1cdc1ef
[2026-06-04 10:08:46.525] [info] QPOP: Connection aborted for 926f531e-7565-4874-ba67-60af49efe832
[2026-06-04 10:08:46.526] [info] QPOP: Connection aborted for 3c00358e-4806-407b-aa54-129a328ccab0
[2026-06-04 10:08:46.527] [info] QPOP: Connection aborted for c03b953d-d18d-4aca-83fa-b81952c6008e
[2026-06-04 10:08:46.527] [info] QPOP: Connection aborted for 291ae801-8a4e-471c-aa7b-baddbd54bbfc
[2026-06-04 10:08:46.527] [info] QPOP: Connection aborted for 7a20522c-0429-4a9c-ae34-a33ef788a2a3
[2026-06-04 10:08:46.529] [info] QPOP: Connection aborted for 13a8e61b-50c8-4763-a022-9b72977899b0
[2026-06-04 10:08:46.530] [info] QPOP: Connection aborted for 0883673c-57c5-4dd9-ba16-857db52290c7
[2026-06-04 10:08:46.531] [info] QPOP: Connection aborted for 4f1b4487-1369-4618-af1a-2b45a6a747d9
[2026-06-04 10:08:46.534] [info] QPOP: Connection aborted for 5e593653-c892-43f0-ad85-f0831d47bb53
[2026-06-04 10:08:55.717] [info] StatsService: cycle completed in 11ms
[2026-06-04 10:08:56.479] [info] QPOP: Connection aborted for eb871bb0-a60a-4a7f-96f0-4f633267fac4
[2026-06-04 10:08:56.479] [info] QPOP: Connection aborted for 3e37919d-8edc-4610-8ff0-87e690fb99a5
[2026-06-04 10:08:56.479] [info] QPOP: Connection aborted for 204b3fbc-50a2-4025-a0ea-b664da03334b
[2026-06-04 10:08:56.479] [info] QPOP: Connection aborted for 7f49086b-8604-4021-89d3-d9a0057f9df8
[2026-06-04 10:08:56.479] [info] QPOP: Connection aborted for 10f55aba-07d5-486f-93df-319fcfb5ef50
[2026-06-04 10:08:56.483] [info] QPOP: Connection aborted for c4324948-6436-45f8-b68d-4cc025c4feb6
[2026-06-04 10:08:56.484] [info] QPOP: Connection aborted for 3a34597e-9c55-4b02-95a2-64aa120e111d
[2026-06-04 10:08:56.484] [info] QPOP: Connection aborted for 8ea76709-1530-41ab-9954-0f05ba13abf9
[2026-06-04 10:08:56.486] [info] QPOP: Connection aborted for 2a60d8d8-65e0-43c0-8f87-e098447210df
[2026-06-04 10:08:56.487] [info] QPOP: Connection aborted for 9e3426ff-1f85-4dbf-87fa-37bd99cc192c
[2026-06-04 10:08:56.488] [info] QPOP: Connection aborted for e5fdfdd6-5355-4004-902b-386de881726c
[2026-06-04 10:08:56.491] [info] QPOP: Connection aborted for 3249d328-1fc6-4212-b1ee-21ec420e40bf
[2026-06-04 10:08:56.493] [info] QPOP: Connection aborted for 08895435-82de-4412-ad94-9a9ff36ec9d5
[2026-06-04 10:08:56.494] [info] QPOP: Connection aborted for 82a5fb80-6123-48a1-824f-bd4b5841bd5a
[2026-06-04 10:08:56.494] [info] QPOP: Connection aborted for 2dce3014-f2b5-4a5a-888a-f2ca16d76863
[2026-06-04 10:08:56.496] [info] QPOP: Connection aborted for 7c337162-f5b6-4ea9-9317-aba81e2d51bf
[2026-06-04 10:08:56.498] [info] QPOP: Connection aborted for a09523db-6598-411a-9aff-24a5566f2cba
[2026-06-04 10:08:56.500] [info] QPOP: Connection aborted for b4d21a52-9cd7-42ea-822f-23e73c82dc14
[2026-06-04 10:08:56.501] [info] QPOP: Connection aborted for fc236f47-961c-4237-b215-89750384f1a4
[2026-06-04 10:08:56.502] [info] QPOP: Connection aborted for 4e47e675-894d-4430-9ee7-b14a84d77e5f
[2026-06-04 10:08:56.504] [info] QPOP: Connection aborted for 85c721be-55ef-4aa5-a14c-11b7cb0d6f51
[2026-06-04 10:08:56.504] [info] QPOP: Connection aborted for 9c277104-7e42-4af2-aecf-3083b5a4e098
[2026-06-04 10:08:56.504] [info] QPOP: Connection aborted for aaef4944-6d17-4f4c-a256-1cc6f536da5b
[2026-06-04 10:08:56.507] [info] QPOP: Connection aborted for c8af9913-7bdc-4b9b-a28c-725571bdd231
[2026-06-04 10:08:56.507] [info] QPOP: Connection aborted for f5dee4fe-8677-4c89-8741-7fba02d5c5bb
[2026-06-04 10:08:56.508] [info] QPOP: Connection aborted for da8e65e3-beba-40be-a31c-26fdde08093d
[2026-06-04 10:08:56.510] [info] QPOP: Connection aborted for ffb8ec53-36ec-477d-9ce7-1c92a9a1772a
[2026-06-04 10:08:56.510] [info] QPOP: Connection aborted for 0491dfbd-6bfb-40e7-bd7a-fe6b943c396b
[2026-06-04 10:08:56.511] [info] QPOP: Connection aborted for 43d3ebd8-dd5e-44a4-980a-b5666e383d14
[2026-06-04 10:08:56.513] [info] QPOP: Connection aborted for cb9739f3-53af-4ce7-95d7-11b91c03e430
[2026-06-04 10:08:56.514] [info] QPOP: Connection aborted for 9520e120-dcea-4522-a3a8-b605dd67019c
[2026-06-04 10:08:56.515] [info] QPOP: Connection aborted for ba7c9496-6103-4bdd-8399-9e15e3039324
[2026-06-04 10:08:56.518] [info] QPOP: Connection aborted for 629288d4-e2ed-4f92-8b5a-251a282e22f2
[2026-06-04 10:08:56.518] [info] QPOP: Connection aborted for 36832a9a-97ff-43d0-8ffa-8c27879f2c65
[2026-06-04 10:08:56.520] [info] QPOP: Connection aborted for d3f9369f-0b12-493a-8730-d662d04e0c57
[2026-06-04 10:08:56.521] [info] QPOP: Connection aborted for b5a3b71c-75b7-4c38-8c4d-80a78d459ae1
[2026-06-04 10:08:56.522] [info] QPOP: Connection aborted for 84c7f6c7-69d1-411c-b6bf-e685276e703b
[2026-06-04 10:08:56.523] [info] QPOP: Connection aborted for ea0c8a5b-913c-4131-bf07-739b6e6b6ada
[2026-06-04 10:08:56.523] [info] QPOP: Connection aborted for c2808e40-94f0-4370-a6f2-1380f0d0a6ca
[2026-06-04 10:08:56.523] [info] QPOP: Connection aborted for ac6c0640-4311-4aae-bdd9-6e7e737bf8ad
[2026-06-04 10:08:56.526] [info] QPOP: Connection aborted for 728c0d56-eb88-40fc-8375-8ffc683e0d5f
[2026-06-04 10:08:56.526] [info] QPOP: Connection aborted for 00fdeb82-6341-4587-88b7-d5fe5484bd15
[2026-06-04 10:08:56.527] [info] QPOP: Connection aborted for 9b2d8b70-6a13-4744-b892-c9f7259c5f01
[2026-06-04 10:08:56.528] [info] QPOP: Connection aborted for 0183ec1b-95ab-483e-a34b-a7a741db7fe9
[2026-06-04 10:08:56.528] [info] QPOP: Connection aborted for 70fd2a6c-c190-4ef1-b1f2-e882cc24f1c9
[2026-06-04 10:08:56.529] [info] QPOP: Connection aborted for 834aeac2-d235-48d0-9847-28579775d713
[2026-06-04 10:08:56.530] [info] QPOP: Connection aborted for 88b5adcd-54b7-409a-81d0-6b5cb7524163
[2026-06-04 10:08:56.531] [info] QPOP: Connection aborted for 6bca57a3-a0f0-4a3c-ae96-df7efaf9e7cd
[2026-06-04 10:08:56.533] [info] QPOP: Connection aborted for f02e8b38-8f59-40e2-a737-906078800468
[2026-06-04 10:08:56.535] [info] QPOP: Connection aborted for 07755dcf-b17a-43c7-b065-951d0243b0f1
[2026-06-04 10:09:01.349] [info] [Worker 7] [libqueen] pop(q=0 f=0/16 p99rtt=0ms) custom(q=0 f=0/1 p99rtt=1ms) slots=25/25 jobs/s=3 drains=1276 evl=0ms
[2026-06-04 10:09:01.366] [info] [Worker 5] [libqueen] pop(q=0 f=0/16 p99rtt=1ms) custom(q=0 f=0/1 p99rtt=0ms) slots=25/25 jobs/s=3 drains=1218 evl=0ms
[2026-06-04 10:09:01.375] [info] [Worker 0] [libqueen] pop(q=0 f=0/16 p99rtt=1ms) custom(q=0 f=0/1 p99rtt=0ms) slots=25/25 jobs/s=3 drains=1266 evl=0ms
[2026-06-04 10:09:01.384] [info] [Worker 2] [libqueen] pop(q=0 f=0/16 p99rtt=0ms) custom(q=0 f=0/1 p99rtt=0ms) slots=25/25 jobs/s=3 drains=1288 evl=0ms
[2026-06-04 10:09:01.384] [info] [Worker 6] [libqueen] pop(q=0 f=0/16 p99rtt=0ms) custom(q=0 f=0/1 p99rtt=1ms) slots=25/25 jobs/s=3 drains=1508 evl=0ms
[2026-06-04 10:09:01.391] [info] [Worker 1] [libqueen] pop(q=0 f=0/16 p99rtt=1ms) custom(q=0 f=0/1 p99rtt=0ms) slots=25/25 jobs/s=3 drains=1294 evl=0ms
[2026-06-04 10:09:01.392] [info] [Worker 9] [libqueen] pop(q=0 f=0/16 p99rtt=0ms) custom(q=0 f=0/1 p99rtt=0ms) slots=25/25 jobs/s=3 drains=1233 evl=0ms
[2026-06-04 10:09:01.414] [info] [Worker 4] [libqueen] pop(q=0 f=0/16 p99rtt=0ms) custom(q=0 f=0/1 p99rtt=1ms) slots=25/25 jobs/s=3 drains=1200 evl=0ms
[2026-06-04 10:09:01.414] [info] [Worker 3] [libqueen] pop(q=0 f=0/16 p99rtt=1ms) custom(q=0 f=0/1 p99rtt=1ms) slots=25/25 jobs/s=3 drains=1248 evl=0ms
[2026-06-04 10:09:01.426] [info] [Worker 8] [libqueen] pop(q=0 f=0/16 p99rtt=0ms) custom(q=0 f=0/1 p99rtt=0ms) slots=25/25 jobs/s=3 drains=1300 evl=0ms
[2026-06-04 10:09:06.481] [info] QPOP: Connection aborted for 1f7bb45b-57ca-43f6-809f-802096df4bbe
[2026-06-04 10:09:06.481] [info] QPOP: Connection aborted for 1ddcbd68-f591-4824-b024-3c0948b4e962
[2026-06-04 10:09:06.481] [info] QPOP: Connection aborted for 76200227-6f63-4f1b-8152-82e444666b5c
[2026-06-04 10:09:06.481] [info] QPOP: Connection aborted for 31873b55-9c3a-46e3-bc05-0941505c76cf
[2026-06-04 10:09:06.481] [info] QPOP: Connection aborted for 7197537c-17bf-445b-b196-cb506b239a2b
[2026-06-04 10:09:06.484] [info] QPOP: Connection aborted for 837be336-e507-4c07-86d7-72e44b7c41f8
[2026-06-04 10:09:06.484] [info] QPOP: Connection aborted for 0027e007-3360-40fd-bbc1-5b88980e68f6
[2026-06-04 10:09:06.486] [info] QPOP: Connection aborted for bfd8078c-9a39-4be4-a477-b5e9b276aa07
[2026-06-04 10:09:06.487] [info] QPOP: Connection aborted for 0430e8ca-e462-475a-b889-2b0a761ff64e
[2026-06-04 10:09:06.488] [info] QPOP: Connection aborted for 28331e44-0c7e-4a9d-8247-27c6f31ecce0
[2026-06-04 10:09:06.490] [info] QPOP: Connection aborted for e0daf006-d0a5-49a9-890f-ad023779d17e
[2026-06-04 10:09:06.492] [info] QPOP: Connection aborted for 38370874-f6b8-40f1-895a-1c2c055b54d6
[2026-06-04 10:09:06.493] [info] QPOP: Connection aborted for 99ec7602-f7ea-49ab-8325-db318c3c847c
[2026-06-04 10:09:06.496] [info] QPOP: Connection aborted for 7c064294-b04f-4945-b65a-13ee165658fa
[2026-06-04 10:09:06.496] [info] QPOP: Connection aborted for 24b1ac6e-500a-4ed9-9f22-c7481ecd3714
[2026-06-04 10:09:06.496] [info] QPOP: Connection aborted for 9e0aa66d-e454-40bf-9890-545b7091fd43
[2026-06-04 10:09:06.499] [info] QPOP: Connection aborted for 00d07dd2-87be-49d5-a3eb-ced8acdd6745
[2026-06-04 10:09:06.502] [info] QPOP: Connection aborted for 5f01094e-88fd-41a0-9a86-2ee227d4c5cf
[2026-06-04 10:09:06.502] [info] QPOP: Connection aborted for a7674cbc-ad1f-45a2-8781-98ef2ddb342a
[2026-06-04 10:09:06.504] [info] QPOP: Connection aborted for 6894da89-dae7-46f9-9108-7474447c6839
[2026-06-04 10:09:06.506] [info] QPOP: Connection aborted for 8a48c776-5d79-4dcf-ace5-855a0e8c96d4
[2026-06-04 10:09:06.506] [info] QPOP: Connection aborted for b4dad4fd-bc6c-43d5-90ff-d9a44251f682
[2026-06-04 10:09:06.506] [info] QPOP: Connection aborted for a902e7e0-4fd1-4dcd-ba14-b4c21fdb01dd
[2026-06-04 10:09:06.510] [info] QPOP: Connection aborted for 2c6c57bf-c73f-49ed-91db-4bfd9b573b62
[2026-06-04 10:09:06.510] [info] QPOP: Connection aborted for a0206c5e-b975-47d6-a2c0-518454219d81
[2026-06-04 10:09:06.510] [info] QPOP: Connection aborted for ce95a0cc-9833-4508-b12d-168d5de4d0e4
[2026-06-04 10:09:06.511] [info] QPOP: Connection aborted for 71741330-73be-461a-aab1-c274e6e2d634
[2026-06-04 10:09:06.512] [info] QPOP: Connection aborted for 2c1fc3cd-8f81-4b14-a470-22f8ca873380
[2026-06-04 10:09:06.515] [info] QPOP: Connection aborted for eff85eca-9a9d-4717-8ace-7b25021595d2
[2026-06-04 10:09:06.515] [info] QPOP: Connection aborted for 92176366-490e-43cc-93ee-e11ff6c1c6b8
[2026-06-04 10:09:06.516] [info] QPOP: Connection aborted for 85ec4b62-234b-45a4-9e22-7609644ced30
[2026-06-04 10:09:06.518] [info] QPOP: Connection aborted for 93309080-7951-4a23-9dca-0c2381362841
[2026-06-04 10:09:06.518] [info] QPOP: Connection aborted for 26e8688a-e40e-4e9c-89b6-ad2e132d63c4
[2026-06-04 10:09:06.518] [info] QPOP: Connection aborted for 940906c3-b882-437c-8376-d6eed9d18bde
[2026-06-04 10:09:06.521] [info] QPOP: Connection aborted for 2101e7bb-4a77-4140-8d22-c69c0c88c1a1
[2026-06-04 10:09:06.525] [info] QPOP: Connection aborted for ea3f33f9-210a-4e50-811f-162e361beeb4
[2026-06-04 10:09:06.525] [info] QPOP: Connection aborted for 01feee66-47bf-4e0a-813e-b045d6c273f9
[2026-06-04 10:09:06.525] [info] QPOP: Connection aborted for 75f81073-dcc1-4a43-8219-b9272fd82f71
[2026-06-04 10:09:06.525] [info] QPOP: Connection aborted for a866b922-7c79-48fb-a77f-338c74195b21
[2026-06-04 10:09:06.525] [info] QPOP: Connection aborted for bc493e0d-d23d-42f0-bd6e-026f9551196e
[2026-06-04 10:09:06.527] [info] QPOP: Connection aborted for 8e1ea6c5-2d57-46f4-afe5-35d2940f2200
[2026-06-04 10:09:06.527] [info] QPOP: Connection aborted for aef81574-2483-4ca7-8685-24d7ac48694b
[2026-06-04 10:09:06.528] [info] QPOP: Connection aborted for 5d7616bc-7e61-4e0a-a092-1eb3d0aa8880
[2026-06-04 10:09:06.530] [info] QPOP: Connection aborted for bec0f40a-67b4-4925-af33-c19e1a6a572d
[2026-06-04 10:09:06.530] [info] QPOP: Connection aborted for 5d9ba365-2462-4966-ab99-1d52626e4f83
[2026-06-04 10:09:06.530] [info] QPOP: Connection aborted for 83fdd3e9-ce90-40c0-8317-644633199c70
[2026-06-04 10:09:06.531] [info] QPOP: Connection aborted for e29766ba-ebe7-4a3a-9254-00f64cff1fa0
[2026-06-04 10:09:06.533] [info] QPOP: Connection aborted for 50a7f491-1199-487c-a157-c5f5f123c3a2
[2026-06-04 10:09:06.534] [info] QPOP: Connection aborted for b5e431ce-eff0-4371-bf5a-9d4049de3c0e
[2026-06-04 10:09:06.536] [info] QPOP: Connection aborted for edfb45ec-6dc1-45cd-9c82-9d53c5de625e
[2026-06-04 10:09:06.720] [info] StatsService: cycle completed in 13ms
[2026-06-04 10:09:16.483] [info] QPOP: Connection aborted for b7b189eb-2ff7-4002-8741-2c07663dfb32
[2026-06-04 10:09:16.484] [info] QPOP: Connection aborted for ff773c01-2109-424c-8682-db51ee62d3ec
[2026-06-04 10:09:16.484] [info] QPOP: Connection aborted for 9cf6e447-cde7-46ce-b913-06034366d0d0
[2026-06-04 10:09:16.484] [info] QPOP: Connection aborted for 831596fd-7a79-46a1-ac26-f0e2768ab8d1
[2026-06-04 10:09:16.484] [info] QPOP: Connection aborted for 4788c962-3f54-480c-bd45-f7bc3db67588
[2026-06-04 10:09:16.485] [info] QPOP: Connection aborted for 0473682b-3374-4738-8882-e36463bd79a7
[2026-06-04 10:09:16.486] [info] QPOP: Connection aborted for 66f142f8-d3f4-4aa9-84cb-bf8fb5990168
[2026-06-04 10:09:16.487] [info] QPOP: Connection aborted for dd9164e4-016b-4f0f-92d1-6f1d3ef79261
[2026-06-04 10:09:16.488] [info] QPOP: Connection aborted for d3bceb8c-df1f-4db3-8ffb-be37f37af028
[2026-06-04 10:09:16.490] [info] QPOP: Connection aborted for 2983c407-857c-4d0e-b165-2453a4a128a8
[2026-06-04 10:09:16.491] [info] QPOP: Connection aborted for 323d67f8-2b4f-4c5d-8526-cb6a909a5630
[2026-06-04 10:09:16.493] [info] QPOP: Connection aborted for d64769c5-c39b-4116-899c-8de4f967444e
[2026-06-04 10:09:16.494] [info] QPOP: Connection aborted for 30362359-3396-418c-afbc-5204dbc4d29e
[2026-06-04 10:09:16.497] [info] QPOP: Connection aborted for 4ddb7b51-63c7-4cfd-bf64-856bcad422e0
[2026-06-04 10:09:16.497] [info] QPOP: Connection aborted for f3579e8a-2fef-48cd-8d7d-c9fe525e6eae
[2026-06-04 10:09:16.498] [info] QPOP: Connection aborted for d5cae599-8c84-4701-b967-bdc329ef7e71
[2026-06-04 10:09:16.500] [info] QPOP: Connection aborted for 9b278bac-060f-4e7d-a33c-e5293be803bf
[2026-06-04 10:09:16.504] [info] QPOP: Connection aborted for 5a33f81c-9dbb-46fa-8e90-7b37dcaf66c9
[2026-06-04 10:09:16.504] [info] QPOP: Connection aborted for 2a1665f0-5b0e-4695-8f42-2afa2bc884ae
[2026-06-04 10:09:16.504] [info] QPOP: Connection aborted for b5023261-aad2-4abb-a2e0-b0c9c32f30ef
[2026-06-04 10:09:16.507] [info] QPOP: Connection aborted for c13d18d3-071f-4dbe-86d2-46cf14677f67
[2026-06-04 10:09:16.507] [info] QPOP: Connection aborted for 2b0c9132-395a-47aa-9523-3ce39e9f3714
[2026-06-04 10:09:16.507] [info] QPOP: Connection aborted for ba90166b-68ee-4de5-acdc-59f71110c83e
[2026-06-04 10:09:16.511] [info] QPOP: Connection aborted for 3f3e63f5-7d12-4522-bec4-6e68fb12eebb
[2026-06-04 10:09:16.511] [info] QPOP: Connection aborted for 1b9db0fb-0332-41b9-920e-7ff9ba44dc9f
[2026-06-04 10:09:16.511] [info] QPOP: Connection aborted for 2ed0336e-d20a-4c08-98d9-bcdbd253429f
[2026-06-04 10:09:16.512] [info] QPOP: Connection aborted for 03785595-dfdd-48c0-ae86-73b4c61072cb
[2026-06-04 10:09:16.512] [info] QPOP: Connection aborted for 5ef6781c-dc84-4bed-88e9-5d6d9237ac61
[2026-06-04 10:09:16.516] [info] QPOP: Connection aborted for 54a488e5-8d1d-42ae-9d9c-42f198606899
[2026-06-04 10:09:16.516] [info] QPOP: Connection aborted for 1f3ca259-2296-41e6-9438-aca11e999744
[2026-06-04 10:09:16.516] [info] QPOP: Connection aborted for 639647de-2dbd-468b-b77b-7f4282215fa2
[2026-06-04 10:09:16.519] [info] QPOP: Connection aborted for 963b59aa-4e56-42ac-ab64-8001cec12e66
[2026-06-04 10:09:16.520] [info] QPOP: Connection aborted for 6494d175-3f7c-475e-a7ab-3cd7dd39fec2
[2026-06-04 10:09:16.520] [info] QPOP: Connection aborted for 76d88466-1297-437a-b0bb-97ca8695ccea
[2026-06-04 10:09:16.523] [info] QPOP: Connection aborted for efaa872e-656f-4668-9259-50f186cea1d8
[2026-06-04 10:09:16.526] [info] QPOP: Connection aborted for b305af79-2ff9-4788-9112-9c27df5920ca
[2026-06-04 10:09:16.526] [info] QPOP: Connection aborted for 9eef40a5-62bf-46f9-be43-cb3b726a639e
[2026-06-04 10:09:16.526] [info] QPOP: Connection aborted for bd665bbc-6c00-47ac-8a5f-d8f3c3c458ad
[2026-06-04 10:09:16.526] [info] QPOP: Connection aborted for 9fe511e2-47f2-403b-a0b3-4c9f96ecc933
[2026-06-04 10:09:16.526] [info] QPOP: Connection aborted for 9f62b2e8-ec99-45fc-afcc-f7c2f05dc45d
[2026-06-04 10:09:16.528] [info] QPOP: Connection aborted for 546c1738-6fa0-4be9-9818-dd053bafe9d4
[2026-06-04 10:09:16.528] [info] QPOP: Connection aborted for a57ebe04-2b48-4316-8f16-499bd4c886b4
[2026-06-04 10:09:16.529] [info] QPOP: Connection aborted for 9ac2b700-adaa-4c40-93c6-172f48799b07
[2026-06-04 10:09:16.532] [info] QPOP: Connection aborted for 437d7351-c402-424e-931a-2db4bfd3d9f0
[2026-06-04 10:09:16.532] [info] QPOP: Connection aborted for 49a6d3e2-50ee-42cf-a1b1-e5b491629a96
[2026-06-04 10:09:16.532] [info] QPOP: Connection aborted for 81a9c47b-5199-479f-b709-097629c969e4
[2026-06-04 10:09:16.532] [info] QPOP: Connection aborted for fe6bf032-629c-4844-a076-983ac9afdee5
[2026-06-04 10:09:16.534] [info] QPOP: Connection aborted for 1177f126-4c04-4a32-a4f6-283cf83cd451
[2026-06-04 10:09:16.536] [info] QPOP: Connection aborted for 793d1d13-41a4-4a73-bcde-2ca6b9f572d2
[2026-06-04 10:09:16.538] [info] QPOP: Connection aborted for a032c0c0-8343-4078-8351-15f425cd7df4
[2026-06-04 10:09:17.727] [info] StatsService: cycle completed in 19ms
[2026-06-04 10:09:26.486] [info] QPOP: Connection aborted for ee32d8f2-91b0-4a8d-b9d6-e04bc7803154
[2026-06-04 10:09:26.486] [info] QPOP: Connection aborted for 6375ce25-df9c-45c1-9dee-6e7d8c70dae5
[2026-06-04 10:09:26.487] [info] QPOP: Connection aborted for 5da96b6e-d186-4f6e-a059-23aad10d5a0a
[2026-06-04 10:09:26.487] [info] QPOP: Connection aborted for 3c713c61-8ea3-4440-b135-fa20d97f8b75
[2026-06-04 10:09:26.487] [info] QPOP: Connection aborted for d3901333-1f3b-4b23-8b09-70e6f4628197
[2026-06-04 10:09:26.488] [info] QPOP: Connection aborted for 5524fd2f-6341-4f0c-be27-52cf84a3ebcd
[2026-06-04 10:09:26.489] [info] QPOP: Connection aborted for 6782fbd1-ce70-41ea-97c1-9fa03a41ace4
[2026-06-04 10:09:26.490] [info] QPOP: Connection aborted for 541c1f45-26c5-4329-9068-c0c771002e9c
[2026-06-04 10:09:26.490] [info] QPOP: Connection aborted for 2d3b0d67-9ced-412b-930b-75acc6345d45
[2026-06-04 10:09:26.491] [info] QPOP: Connection aborted for 0bde5b84-e717-4354-9eb9-189c824c9190
[2026-06-04 10:09:26.493] [info] QPOP: Connection aborted for 62fc8899-99f9-4cdc-aee7-074dda887796
[2026-06-04 10:09:26.493] [info] QPOP: Connection aborted for a467eb4a-942a-4555-a846-a16fd69592d9
[2026-06-04 10:09:26.496] [info] QPOP: Connection aborted for c1f4b4e5-2604-481d-9ece-6ac1859f7c25
[2026-06-04 10:09:26.498] [info] QPOP: Connection aborted for 43aac863-8938-45f9-b464-8a5e146df0a9
[2026-06-04 10:09:26.498] [info] QPOP: Connection aborted for fce5ddb7-6053-42be-a483-3b08ce6addd8
[2026-06-04 10:09:26.499] [info] QPOP: Connection aborted for 401d89e2-3b94-4b7a-91af-b63e9acf08a2
[2026-06-04 10:09:26.501] [info] QPOP: Connection aborted for 041bd57f-3ae6-4442-8f91-84f565e5f532
[2026-06-04 10:09:26.505] [info] QPOP: Connection aborted for a9e18f50-04ac-440e-9ca3-36d8a93543ca
[2026-06-04 10:09:26.505] [info] QPOP: Connection aborted for c96e8de2-562a-46df-87e5-e92fba641af1
[2026-06-04 10:09:26.507] [info] QPOP: Connection aborted for fd0712e9-bebe-4960-8576-9545a64cabaf
[2026-06-04 10:09:26.508] [info] QPOP: Connection aborted for da70138c-f56a-4dc0-b717-052154cbbdc7
[2026-06-04 10:09:26.509] [info] QPOP: Connection aborted for 072099d8-530c-4273-9b3b-2b0cb7b9b13b
[2026-06-04 10:09:26.509] [info] QPOP: Connection aborted for 25cacf20-80d8-4346-93d7-150f9626e79a
[2026-06-04 10:09:26.512] [info] QPOP: Connection aborted for dfa0a164-53ca-4031-bd08-6edd069a6991
[2026-06-04 10:09:26.512] [info] QPOP: Connection aborted for 63c7a66b-eedb-4d2b-8845-f207a1f34800
[2026-06-04 10:09:26.512] [info] QPOP: Connection aborted for 0acefeb9-d19e-4440-80cc-a95956483f4d
[2026-06-04 10:09:26.514] [info] QPOP: Connection aborted for cccd9d6c-fb7d-419d-a086-6cb0acbfdaa1
[2026-06-04 10:09:26.514] [info] QPOP: Connection aborted for e8d9c9f5-dd10-4bd7-b6a1-e35a2fd66600
[2026-06-04 10:09:26.517] [info] QPOP: Connection aborted for 6ddb16da-f885-4f4b-b801-f7fc487a08c8
[2026-06-04 10:09:26.517] [info] QPOP: Connection aborted for c183a735-d32f-4a45-b875-eeb6a759f675
[2026-06-04 10:09:26.518] [info] QPOP: Connection aborted for bd041d8c-3735-4027-9930-8eecb8294c80
[2026-06-04 10:09:26.519] [info] QPOP: Connection aborted for 1a34e96f-4c61-4153-9c3a-9d593ddd6712
[2026-06-04 10:09:26.521] [info] QPOP: Connection aborted for 5432fad9-ef4e-4796-8224-f60afdc8f366
[2026-06-04 10:09:26.521] [info] QPOP: Connection aborted for 40fe93eb-a6b0-476b-bd17-b02ba2c849bb
[2026-06-04 10:09:26.525] [info] QPOP: Connection aborted for d57a9f09-7b9c-4d3b-8dc6-4bd1756290c9
[2026-06-04 10:09:26.527] [info] QPOP: Connection aborted for 3afd9ab7-6276-4d8a-ae2f-fc2978680358
[2026-06-04 10:09:26.527] [info] QPOP: Connection aborted for db73f136-60d8-47b3-97cb-917e4e350fce
[2026-06-04 10:09:26.527] [info] QPOP: Connection aborted for f585b3ca-fd15-4a04-af93-de0af856cd51
[2026-06-04 10:09:26.527] [info] QPOP: Connection aborted for cbf5b924-6f32-4f6f-87fd-1f38835a3629
[2026-06-04 10:09:26.527] [info] QPOP: Connection aborted for 1a8764f9-a383-41a5-a9ab-6b406d363789
[2026-06-04 10:09:26.529] [info] QPOP: Connection aborted for 5c3f17f1-1733-482d-866c-5e3cb05f435b
[2026-06-04 10:09:26.529] [info] QPOP: Connection aborted for f3e198f1-2f58-417a-810a-19f88efeaa5f
[2026-06-04 10:09:26.531] [info] QPOP: Connection aborted for df4ba704-b914-4759-a1db-67c4dce181e2
[2026-06-04 10:09:26.533] [info] QPOP: Connection aborted for 6fd6761b-6a9f-4bd2-8fa8-7feb33746306
[2026-06-04 10:09:26.533] [info] QPOP: Connection aborted for d78574e7-8108-4e03-b3e2-049178b033df
[2026-06-04 10:09:26.533] [info] QPOP: Connection aborted for 36a30ca3-672d-4767-8392-55518e7495a0
[2026-06-04 10:09:26.533] [info] QPOP: Connection aborted for 550b01cd-d172-42f8-9d6a-499d7be25708
[2026-06-04 10:09:26.536] [info] QPOP: Connection aborted for a7cdb821-f487-48f2-9e80-a25134dae048
[2026-06-04 10:09:26.537] [info] QPOP: Connection aborted for a43f7d93-a563-4cd9-bbb1-ad25cd4efe4a
[2026-06-04 10:09:26.539] [info] QPOP: Connection aborted for a12663ce-16a7-4af0-866b-45712051d938
[2026-06-04 10:09:28.754] [info] StatsService: cycle completed in 45ms
[2026-06-04 10:09:33.369] [info] [Worker 7] [libqueen] push(q=5 f=0/2 p99rtt=16ms) pop(q=0 f=0/16 p99rtt=3ms) custom(q=0 f=0/1 p99rtt=2ms) slots=25/25 jobs/s=306 drains=2083 evl=0ms
[2026-06-04 10:09:33.386] [info] [Worker 5] [libqueen] push(q=5 f=0/2 p99rtt=22ms) pop(q=0 f=0/16 p99rtt=4ms) custom(q=0 f=0/1 p99rtt=2ms) slots=25/25 jobs/s=304 drains=2041 evl=0ms
[2026-06-04 10:09:33.397] [info] [Worker 0] [libqueen] push(q=0 f=0/2 p99rtt=17ms) pop(q=0 f=0/16 p99rtt=3ms) custom(q=0 f=0/1 p99rtt=1ms) slots=25/25 jobs/s=316 drains=2099 evl=0ms
[2026-06-04 10:09:33.409] [info] [Worker 2] [libqueen] push(q=5 f=0/2 p99rtt=15ms) pop(q=0 f=0/16 p99rtt=1ms) custom(q=0 f=0/1 p99rtt=2ms) slots=25/25 jobs/s=306 drains=2107 evl=0ms
[2026-06-04 10:09:33.410] [info] [Worker 1] [libqueen] push(q=5 f=0/2 p99rtt=16ms) pop(q=0 f=0/16 p99rtt=2ms) custom(q=0 f=0/1 p99rtt=1ms) slots=25/25 jobs/s=318 drains=2175 evl=0ms
[2026-06-04 10:09:33.410] [info] [Worker 9] [libqueen] push(q=5 f=0/2 p99rtt=27ms) pop(q=0 f=0/16 p99rtt=2ms) custom(q=0 f=0/1 p99rtt=1ms) slots=25/25 jobs/s=312 drains=2068 evl=0ms
[2026-06-04 10:09:33.411] [info] [Worker 6] [libqueen] push(q=0 f=1/2 p99rtt=18ms) pop(q=0 f=0/16 p99rtt=1ms) custom(q=0 f=0/1 p99rtt=2ms) slots=24/25 jobs/s=311 drains=2420 evl=0ms
[2026-06-04 10:09:33.432] [info] [Worker 4] [libqueen] push(q=0 f=0/2 p99rtt=27ms) pop(q=0 f=0/16 p99rtt=1ms) custom(q=0 f=1/1 p99rtt=3ms) slots=24/25 jobs/s=329 drains=2060 evl=0ms
[2026-06-04 10:09:33.439] [info] [Worker 3] [libqueen] push(q=0 f=1/2 p99rtt=17ms) pop(q=0 f=0/16 p99rtt=3ms) custom(q=0 f=0/1 p99rtt=2ms) slots=24/25 jobs/s=324 drains=2087 evl=0ms
[2026-06-04 10:09:33.449] [info] [Worker 8] [libqueen] push(q=0 f=1/2 p99rtt=16ms) pop(q=0 f=0/16 p99rtt=1ms) custom(q=0 f=0/1 p99rtt=2ms) slots=24/25 jobs/s=336 drains=2194 evl=0ms
[2026-06-04 10:09:34.369] [info] [Worker 7] [libqueen] push(q=0 f=1/3 p99rtt=17ms) pop(q=0 f=0/16 p99rtt=3ms) custom(q=0 f=0/1 p99rtt=2ms) slots=24/25 jobs/s=623 drains=2929 evl=0ms
[2026-06-04 10:09:34.386] [info] [Worker 5] [libqueen] push(q=5 f=0/3 p99rtt=23ms) pop(q=0 f=0/16 p99rtt=4ms) custom(q=0 f=0/1 p99rtt=2ms) slots=25/25 jobs/s=605 drains=2850 evl=0ms
[2026-06-04 10:09:34.397] [info] [Worker 0] [libqueen] push(q=0 f=1/3 p99rtt=24ms) pop(q=0 f=0/16 p99rtt=3ms) custom(q=0 f=0/1 p99rtt=1ms) slots=24/25 jobs/s=600 drains=2925 evl=0ms
[2026-06-04 10:09:34.409] [info] [Worker 2] [libqueen] push(q=0 f=1/3 p99rtt=17ms) pop(q=0 f=0/16 p99rtt=1ms) custom(q=0 f=0/1 p99rtt=2ms) slots=24/25 jobs/s=605 drains=2933 evl=0ms
[2026-06-04 10:09:34.410] [info] [Worker 9] [libqueen] push(q=0 f=0/3 p99rtt=27ms) pop(q=0 f=0/16 p99rtt=2ms) custom(q=0 f=1/1 p99rtt=2ms) slots=24/25 jobs/s=620 drains=2904 evl=0ms
[2026-06-04 10:09:34.410] [info] [Worker 1] [libqueen] push(q=0 f=0/3 p99rtt=18ms) pop(q=0 f=0/16 p99rtt=2ms) custom(q=0 f=0/1 p99rtt=1ms) slots=25/25 jobs/s=618 drains=2988 evl=0ms
[2026-06-04 10:09:34.411] [info] [Worker 6] [libqueen] push(q=2 f=0/3 p99rtt=18ms) pop(q=0 f=0/16 p99rtt=1ms) custom(q=0 f=1/1 p99rtt=2ms) slots=24/25 jobs/s=625 drains=3274 evl=0ms
[2026-06-04 10:09:34.432] [info] [Worker 4] [libqueen] push(q=0 f=1/3 p99rtt=27ms) pop(q=0 f=0/16 p99rtt=1ms) custom(q=0 f=0/1 p99rtt=2ms) slots=24/25 jobs/s=595 drains=2870 evl=0ms
[2026-06-04 10:09:34.438] [info] [Worker 3] [libqueen] push(q=2 f=0/3 p99rtt=23ms) pop(q=0 f=0/16 p99rtt=3ms) custom(q=0 f=0/1 p99rtt=2ms) slots=25/25 jobs/s=604 drains=2898 evl=0ms
[2026-06-04 10:09:34.449] [info] [Worker 8] [libqueen] push(q=0 f=1/3 p99rtt=23ms) pop(q=0 f=0/16 p99rtt=1ms) custom(q=0 f=0/1 p99rtt=2ms) slots=24/25 jobs/s=617 drains=3018 evl=0ms
[2026-06-04 10:09:35.370] [info] [Worker 7] [libqueen] push(q=5 f=0/4 p99rtt=24ms) pop(q=0 f=0/16 p99rtt=3ms) custom(q=0 f=0/1 p99rtt=4ms) slots=25/25 jobs/s=534 drains=3657 evl=0ms
[2026-06-04 10:09:35.387] [info] [Worker 5] [libqueen] push(q=0 f=1/4 p99rtt=26ms) pop(q=0 f=0/16 p99rtt=4ms) custom(q=0 f=0/1 p99rtt=4ms) slots=24/25 jobs/s=498 drains=3533 evl=0ms
[2026-06-04 10:09:35.397] [info] [Worker 0] [libqueen] push(q=0 f=1/4 p99rtt=26ms) pop(q=0 f=0/16 p99rtt=3ms) custom(q=0 f=0/1 p99rtt=2ms) slots=24/25 jobs/s=492 drains=3613 evl=0ms
[2026-06-04 10:09:35.408] [info] [Worker 2] [libqueen] push(q=0 f=1/4 p99rtt=26ms) pop(q=0 f=0/16 p99rtt=1ms) custom(q=0 f=0/1 p99rtt=3ms) slots=24/25 jobs/s=497 drains=3635 evl=0ms
[2026-06-04 10:09:35.410] [info] [Worker 1] [libqueen] push(q=2 f=0/4 p99rtt=21ms) pop(q=0 f=0/16 p99rtt=2ms) custom(q=0 f=1/1 p99rtt=2ms) slots=24/25 jobs/s=503 drains=3695 evl=0ms
[2026-06-04 10:09:35.411] [info] [Worker 6] [libqueen] push(q=5 f=0/4 p99rtt=20ms) pop(q=0 f=0/16 p99rtt=1ms) custom(q=0 f=0/1 p99rtt=8ms) slots=25/25 jobs/s=523 drains=3981 evl=0ms
[2026-06-04 10:09:35.411] [info] [Worker 9] [libqueen] push(q=5 f=0/4 p99rtt=28ms) pop(q=0 f=0/16 p99rtt=2ms) custom(q=0 f=0/1 p99rtt=4ms) slots=25/25 jobs/s=505 drains=3604 evl=0ms
[2026-06-04 10:09:35.432] [info] [Worker 4] [libqueen] push(q=5 f=0/4 p99rtt=30ms) pop(q=0 f=0/16 p99rtt=1ms) custom(q=0 f=0/1 p99rtt=3ms) slots=25/25 jobs/s=504 drains=3571 evl=0ms
[2026-06-04 10:09:35.439] [info] [Worker 3] [libqueen] push(q=5 f=0/4 p99rtt=27ms) pop(q=0 f=0/16 p99rtt=3ms) custom(q=0 f=0/1 p99rtt=3ms) slots=25/25 jobs/s=510 drains=3605 evl=0ms
[2026-06-04 10:09:35.449] [info] [Worker 8] [libqueen] push(q=5 f=0/4 p99rtt=26ms) pop(q=0 f=0/16 p99rtt=1ms) custom(q=0 f=0/1 p99rtt=2ms) slots=25/25 jobs/s=516 drains=3716 evl=0ms
[2026-06-04 10:09:36.370] [info] [Worker 7] [libqueen] push(q=5 f=0/5 p99rtt=24ms) pop(q=0 f=0/16 p99rtt=3ms) custom(q=0 f=0/1 p99rtt=5ms) slots=25/25 jobs/s=510 drains=4365 evl=0ms
[2026-06-04 10:09:36.387] [info] [Worker 5] [libqueen] push(q=5 f=0/5 p99rtt=26ms) pop(q=0 f=0/16 p99rtt=4ms) custom(q=0 f=0/1 p99rtt=4ms) slots=25/25 jobs/s=528 drains=4276 evl=0ms
[2026-06-04 10:09:36.398] [info] [Worker 0] [libqueen] push(q=5 f=0/5 p99rtt=26ms) pop(q=0 f=0/16 p99rtt=3ms) custom(q=0 f=0/1 p99rtt=3ms) slots=25/25 jobs/s=516 drains=4335 evl=0ms
[2026-06-04 10:09:36.408] [info] [Worker 2] [libqueen] push(q=0 f=1/5 p99rtt=26ms) pop(q=0 f=0/16 p99rtt=1ms) custom(q=0 f=0/1 p99rtt=3ms) slots=24/25 jobs/s=510 drains=4359 evl=0ms
[2026-06-04 10:09:36.410] [info] [Worker 1] [libqueen] push(q=0 f=1/5 p99rtt=21ms) pop(q=0 f=0/16 p99rtt=2ms) custom(q=0 f=0/1 p99rtt=2ms) slots=24/25 jobs/s=517 drains=4423 evl=0ms
[2026-06-04 10:09:36.411] [info] [Worker 9] [libqueen] push(q=0 f=1/5 p99rtt=28ms) pop(q=0 f=0/16 p99rtt=2ms) custom(q=0 f=0/1 p99rtt=3ms) slots=24/25 jobs/s=516 drains=4331 evl=0ms
[2026-06-04 10:09:36.411] [info] [Worker 6] [libqueen] push(q=0 f=1/5 p99rtt=20ms) pop(q=0 f=0/16 p99rtt=1ms) custom(q=0 f=0/1 p99rtt=5ms) slots=24/25 jobs/s=522 drains=4712 evl=0ms
[2026-06-04 10:09:36.432] [info] [Worker 4] [libqueen] push(q=0 f=1/5 p99rtt=30ms) pop(q=0 f=0/16 p99rtt=1ms) custom(q=0 f=0/1 p99rtt=3ms) slots=24/25 jobs/s=504 drains=4272 evl=0ms
[2026-06-04 10:09:36.438] [info] [Worker 3] [libqueen] push(q=5 f=0/5 p99rtt=27ms) pop(q=0 f=0/16 p99rtt=3ms) custom(q=0 f=0/1 p99rtt=4ms) slots=25/25 jobs/s=510 drains=4302 evl=0ms
[2026-06-04 10:09:36.450] [info] [Worker 8] [libqueen] push(q=0 f=1/5 p99rtt=26ms) pop(q=0 f=0/16 p99rtt=1ms) custom(q=0 f=0/1 p99rtt=3ms) slots=24/25 jobs/s=510 drains=4422 evl=0ms
[2026-06-04 10:09:36.488] [info] QPOP: Connection aborted for 2c5f2890-fb41-4661-9407-937a10453dd6
[2026-06-04 10:09:36.488] [info] QPOP: Connection aborted for b83f4fb5-5fb9-4f48-9409-c694a324b87d
[2026-06-04 10:09:36.488] [info] QPOP: Connection aborted for 29a02146-77d9-4e71-81bf-22ae2b76904e
[2026-06-04 10:09:36.488] [info] QPOP: Connection aborted for ada39480-654f-43a7-8609-f631e4b4629e
[2026-06-04 10:09:36.488] [info] QPOP: Connection aborted for 71eba9c8-19f8-4fb8-9ba2-32d897413908
[2026-06-04 10:09:36.490] [info] QPOP: Connection aborted for 14f90ac9-40fa-4a8d-9690-1a90de866b6f
[2026-06-04 10:09:36.490] [info] QPOP: Connection aborted for 1d99c062-68df-4b24-8efc-09962be107fa
[2026-06-04 10:09:36.491] [info] QPOP: Connection aborted for 801f4621-1f50-4250-ab8d-ac1e1f85a0e8
[2026-06-04 10:09:36.491] [info] QPOP: Connection aborted for ec3f245a-ab62-4ad1-a6b4-4f7a4fd83cbd
[2026-06-04 10:09:36.494] [info] QPOP: Connection aborted for 1d2c1d8c-fa5f-4f76-9ccc-04fffadb99c1
[2026-06-04 10:09:36.494] [info] QPOP: Connection aborted for 21a97dce-dd9f-4c6a-b12d-4ac51f2fd041
[2026-06-04 10:09:36.495] [info] QPOP: Connection aborted for e2144f00-5bff-495f-bc72-845e6acaf9d7
[2026-06-04 10:09:36.497] [info] QPOP: Connection aborted for 49eb649f-6433-402d-9e96-dcee625f9dd3
[2026-06-04 10:09:36.499] [info] QPOP: Connection aborted for 300e6d3f-02c4-4740-9b65-429d83c979e2
[2026-06-04 10:09:36.499] [info] QPOP: Connection aborted for 4284d064-f86c-4c4b-8122-97a93eb9aa17
[2026-06-04 10:09:36.500] [info] QPOP: Connection aborted for b79e2cc1-22b3-4453-8ab6-4827b1e806d8
[2026-06-04 10:09:36.502] [info] QPOP: Connection aborted for 2b33df71-e2ad-425f-aad0-e4e590965d2d
[2026-06-04 10:09:36.506] [info] QPOP: Connection aborted for 9ab8cb6a-0340-4625-8b0b-e840d66be58c
[2026-06-04 10:09:36.508] [info] QPOP: Connection aborted for e8736ba2-77ce-4b35-a90c-1d1e83a4aee2
[2026-06-04 10:09:36.508] [info] QPOP: Connection aborted for 346072fe-c853-4759-8eab-56c82550ac4a
[2026-06-04 10:09:36.508] [info] QPOP: Connection aborted for 813fbab7-7378-4371-830c-69417099ac8c
[2026-06-04 10:09:36.511] [info] QPOP: Connection aborted for 360a7b88-0663-4cf6-a6e1-c12c3d63e047
[2026-06-04 10:09:36.511] [info] QPOP: Connection aborted for 2194d0b1-9730-49f6-ad5c-fedba64e2b0b
[2026-06-04 10:09:36.513] [info] QPOP: Connection aborted for 51b6a26d-af14-4986-8ffa-f7990e270ad8
[2026-06-04 10:09:36.514] [info] QPOP: Connection aborted for ddee8166-fa05-4716-bc2b-a9bdf8785ecf
[2026-06-04 10:09:36.514] [info] QPOP: Connection aborted for 91442f47-87a4-42f4-a946-00616e2d1fac
[2026-06-04 10:09:36.517] [info] QPOP: Connection aborted for 9731f036-c015-4ac0-ab8c-c2fa82192700
[2026-06-04 10:09:36.517] [info] QPOP: Connection aborted for 11a37778-4593-4627-b825-566c7e4cbb95
[2026-06-04 10:09:36.519] [info] QPOP: Connection aborted for a2e29a09-2662-4ef2-ab0f-8071f6853482
[2026-06-04 10:09:36.519] [info] QPOP: Connection aborted for 051713df-0cf1-4875-a096-9d6d3fe25b91
[2026-06-04 10:09:36.519] [info] QPOP: Connection aborted for 074c1cc1-4c44-4358-8954-46bfca99b017
[2026-06-04 10:09:36.522] [info] QPOP: Connection aborted for 847ee35e-7ec9-4a63-a207-24143827e448
[2026-06-04 10:09:36.522] [info] QPOP: Connection aborted for 2f1e9abc-2447-47e6-a2e5-1e47091c8742
[2026-06-04 10:09:36.522] [info] QPOP: Connection aborted for 93710c4b-1787-4187-80cc-39b847fe9fde
[2026-06-04 10:09:36.527] [info] QPOP: Connection aborted for de0b9a7b-090e-45be-a3e9-d261a0ae7df0
[2026-06-04 10:09:36.528] [info] QPOP: Connection aborted for 56f1f05a-79c4-432c-acfe-7080a60b0ac9
[2026-06-04 10:09:36.528] [info] QPOP: Connection aborted for 933cc9d6-6667-4775-985f-57bab37e23ba
[2026-06-04 10:09:36.528] [info] QPOP: Connection aborted for 6e19f07e-94ba-47b8-b20a-61bd69bdd85c
[2026-06-04 10:09:36.528] [info] QPOP: Connection aborted for a0672e65-d6f0-4d08-bd4a-c5b9bfa905a7
[2026-06-04 10:09:36.528] [info] QPOP: Connection aborted for 1c32144c-dc8a-4ee0-a85e-57c240db83a4
[2026-06-04 10:09:36.531] [info] QPOP: Connection aborted for 2426bab8-33cc-47f9-afe4-399e37485160
[2026-06-04 10:09:36.531] [info] QPOP: Connection aborted for 16283eb4-e802-4de7-9373-40389c18e202
[2026-06-04 10:09:36.533] [info] QPOP: Connection aborted for c266eca5-666a-4b93-b445-1086f1d71df4
[2026-06-04 10:09:36.534] [info] QPOP: Connection aborted for 2b4fc5bc-ffbe-4481-8cc0-c0fcc42e9a99
[2026-06-04 10:09:36.534] [info] QPOP: Connection aborted for 501869a1-80c8-45e0-8501-722506c63f20
[2026-06-04 10:09:36.534] [info] QPOP: Connection aborted for a61bba53-4f54-4c94-bb22-c5666ed80650
[2026-06-04 10:09:36.534] [info] QPOP: Connection aborted for abb5a927-2ee8-4998-b825-e2c0508813e5
[2026-06-04 10:09:36.537] [info] QPOP: Connection aborted for 25a13c71-bb72-470e-bc70-cf4045bf2274
[2026-06-04 10:09:36.539] [info] QPOP: Connection aborted for 9e3e1d80-9a44-4c50-bb81-012b1ef9dfd5
[2026-06-04 10:09:36.539] [info] QPOP: Connection aborted for 28c56589-7d3b-4ab8-90b4-fe12e0f6154c
[2026-06-04 10:09:37.370] [info] [Worker 7] [libqueen] push(q=0 f=1/6 p99rtt=28ms) pop(q=0 f=0/16 p99rtt=5ms) custom(q=0 f=0/1 p99rtt=5ms) slots=24/25 jobs/s=492 drains=5042 evl=0ms
[2026-06-04 10:09:37.387] [info] [Worker 5] [libqueen] push(q=0 f=0/6 p99rtt=32ms) pop(q=0 f=0/16 p99rtt=5ms) custom(q=0 f=1/1 p99rtt=5ms) slots=24/25 jobs/s=467 drains=4945 evl=0ms
[2026-06-04 10:09:37.397] [info] [Worker 0] [libqueen] push(q=0 f=1/6 p99rtt=31ms) pop(q=0 f=0/16 p99rtt=9ms) custom(q=0 f=0/1 p99rtt=5ms) slots=24/25 jobs/s=468 drains=5002 evl=0ms
[2026-06-04 10:09:37.408] [info] [Worker 2] [libqueen] push(q=5 f=0/6 p99rtt=32ms) pop(q=0 f=0/16 p99rtt=5ms) custom(q=0 f=0/1 p99rtt=5ms) slots=25/25 jobs/s=474 drains=5028 evl=0ms
[2026-06-04 10:09:37.410] [info] [Worker 1] [libqueen] push(q=4 f=0/6 p99rtt=28ms) pop(q=0 f=0/16 p99rtt=2ms) custom(q=0 f=0/1 p99rtt=5ms) slots=25/25 jobs/s=492 drains=5104 evl=0ms
[2026-06-04 10:09:37.411] [info] [Worker 9] [libqueen] push(q=5 f=0/6 p99rtt=32ms) pop(q=0 f=0/16 p99rtt=5ms) custom(q=0 f=0/1 p99rtt=5ms) slots=25/25 jobs/s=498 drains=5039 evl=0ms
[2026-06-04 10:09:37.411] [info] [Worker 6] [libqueen] push(q=0 f=1/6 p99rtt=26ms) pop(q=0 f=0/16 p99rtt=1ms) custom(q=0 f=0/1 p99rtt=5ms) slots=24/25 jobs/s=468 drains=5379 evl=0ms
[2026-06-04 10:09:37.432] [info] [Worker 4] [libqueen] push(q=5 f=0/6 p99rtt=32ms) pop(q=0 f=0/16 p99rtt=3ms) custom(q=0 f=0/1 p99rtt=4ms) slots=25/25 jobs/s=480 drains=4953 evl=0ms
[2026-06-04 10:09:37.439] [info] [Worker 3] [libqueen] push(q=5 f=0/6 p99rtt=27ms) pop(q=0 f=0/16 p99rtt=4ms) custom(q=0 f=0/1 p99rtt=5ms) slots=25/25 jobs/s=492 drains=4989 evl=0ms
[2026-06-04 10:09:37.450] [info] [Worker 8] [libqueen] push(q=5 f=0/6 p99rtt=26ms) pop(q=0 f=0/16 p99rtt=1ms) custom(q=0 f=1/1 p99rtt=4ms) slots=24/25 jobs/s=473 drains=5103 evl=0ms
[2026-06-04 10:09:38.370] [info] [Worker 7] [libqueen] push(q=5 f=0/7 p99rtt=30ms) pop(q=0 f=0/16 p99rtt=5ms) custom(q=0 f=0/1 p99rtt=8ms) slots=25/25 jobs/s=492 drains=5726 evl=0ms
[2026-06-04 10:09:38.388] [info] [Worker 5] [libqueen] push(q=0 f=1/7 p99rtt=32ms) pop(q=0 f=0/16 p99rtt=5ms) custom(q=0 f=0/1 p99rtt=5ms) slots=24/25 jobs/s=481 drains=5629 evl=0ms
[2026-06-04 10:09:38.398] [info] [Worker 0] [libqueen] push(q=0 f=1/7 p99rtt=31ms) pop(q=0 f=0/16 p99rtt=9ms) custom(q=0 f=0/1 p99rtt=5ms) slots=24/25 jobs/s=492 drains=5686 evl=0ms
[2026-06-04 10:09:38.409] [info] [Worker 2] [libqueen] push(q=0 f=0/7 p99rtt=32ms) pop(q=0 f=0/16 p99rtt=5ms) custom(q=0 f=1/1 p99rtt=6ms) slots=24/25 jobs/s=491 drains=5702 evl=0ms
[2026-06-04 10:09:38.410] [info] [Worker 1] [libqueen] push(q=0 f=0/7 p99rtt=32ms) pop(q=0 f=0/16 p99rtt=2ms) custom(q=0 f=0/1 p99rtt=5ms) slots=25/25 jobs/s=498 drains=5786 evl=0ms
[2026-06-04 10:09:38.410] [info] [Worker 9] [libqueen] push(q=0 f=0/7 p99rtt=33ms) pop(q=0 f=0/16 p99rtt=5ms) custom(q=0 f=0/1 p99rtt=5ms) slots=25/25 jobs/s=486 drains=5721 evl=0ms
[2026-06-04 10:09:38.411] [info] [Worker 6] [libqueen] push(q=1 f=0/7 p99rtt=29ms) pop(q=0 f=0/16 p99rtt=1ms) custom(q=0 f=1/1 p99rtt=5ms) slots=24/25 jobs/s=497 drains=6069 evl=0ms
[2026-06-04 10:09:38.432] [info] [Worker 4] [libqueen] push(q=0 f=1/7 p99rtt=32ms) pop(q=0 f=0/16 p99rtt=3ms) custom(q=0 f=0/1 p99rtt=5ms) slots=24/25 jobs/s=480 drains=5623 evl=0ms
[2026-06-04 10:09:38.439] [info] [Worker 3] [libqueen] push(q=5 f=0/7 p99rtt=32ms) pop(q=0 f=0/16 p99rtt=4ms) custom(q=0 f=0/1 p99rtt=6ms) slots=25/25 jobs/s=498 drains=5663 evl=0ms
[2026-06-04 10:09:38.449] [info] [Worker 8] [libqueen] push(q=0 f=0/7 p99rtt=32ms) pop(q=0 f=0/16 p99rtt=1ms) custom(q=0 f=1/1 p99rtt=5ms) slots=24/25 jobs/s=480 drains=5778 evl=0ms
[2026-06-04 10:09:39.370] [info] [Worker 7] [libqueen] push(q=5 f=0/8 p99rtt=30ms) pop(q=0 f=0/16 p99rtt=5ms) custom(q=0 f=0/1 p99rtt=8ms) slots=25/25 jobs/s=534 drains=6476 evl=0ms
[2026-06-04 10:09:39.387] [info] [Worker 5] [libqueen] push(q=0 f=1/8 p99rtt=32ms) pop(q=0 f=0/16 p99rtt=5ms) custom(q=0 f=0/1 p99rtt=5ms) slots=24/25 jobs/s=516 drains=6359 evl=0ms
[2026-06-04 10:09:39.397] [info] [Worker 0] [libqueen] push(q=5 f=0/8 p99rtt=31ms) pop(q=0 f=0/16 p99rtt=9ms) custom(q=0 f=0/1 p99rtt=5ms) slots=25/25 jobs/s=534 drains=6422 evl=0ms
[2026-06-04 10:09:39.409] [info] [Worker 2] [libqueen] push(q=0 f=1/8 p99rtt=29ms) pop(q=0 f=0/16 p99rtt=5ms) custom(q=0 f=0/1 p99rtt=6ms) slots=24/25 jobs/s=529 drains=6426 evl=0ms
[2026-06-04 10:09:39.410] [info] [Worker 9] [libqueen] push(q=0 f=1/8 p99rtt=33ms) pop(q=0 f=0/16 p99rtt=5ms) custom(q=0 f=0/1 p99rtt=5ms) slots=24/25 jobs/s=528 drains=6460 evl=0ms
[2026-06-04 10:09:39.410] [info] [Worker 6] [libqueen] push(q=0 f=1/8 p99rtt=29ms) pop(q=0 f=0/16 p99rtt=1ms) custom(q=0 f=0/1 p99rtt=5ms) slots=24/25 jobs/s=523 drains=6801 evl=0ms
[2026-06-04 10:09:39.411] [info] [Worker 1] [libqueen] push(q=0 f=0/8 p99rtt=32ms) pop(q=0 f=0/16 p99rtt=2ms) custom(q=0 f=1/1 p99rtt=5ms) slots=24/25 jobs/s=539 drains=6533 evl=0ms
[2026-06-04 10:09:39.431] [info] [Worker 4] [libqueen] push(q=4 f=0/8 p99rtt=32ms) pop(q=0 f=0/16 p99rtt=3ms) custom(q=0 f=0/1 p99rtt=5ms) slots=25/25 jobs/s=534 drains=6349 evl=0ms
[2026-06-04 10:09:39.438] [info] [Worker 3] [libqueen] push(q=5 f=0/8 p99rtt=32ms) pop(q=0 f=0/16 p99rtt=4ms) custom(q=0 f=0/1 p99rtt=7ms) slots=25/25 jobs/s=540 drains=6412 evl=0ms
[2026-06-04 10:09:39.450] [info] [Worker 8] [libqueen] push(q=0 f=1/8 p99rtt=32ms) pop(q=0 f=0/16 p99rtt=1ms) custom(q=0 f=0/1 p99rtt=5ms) slots=24/25 jobs/s=523 drains=6507 evl=0ms
[2026-06-04 10:09:39.682] [info] StatsService: Running full reconciliation (stats leader, hostname=a4dbf4b4cbaf)
[2026-06-04 10:09:39.771] [info] StatsService: Full reconciliation complete: {"task": {"tasksUpdated": 0}, "queue": {"queuesUpdated": 100}, "system": {"systemUpdated": 1}, "cleanup": {"orphanedDeleted": 0}, "namespace": {"namespacesUpdated": 0}, "partition": {"newPartitions": 708, "partitionsUpdated": 0, "dirtyPartitionsScanned": 0, "partitionsSkippedByWatermark": 0}}
[2026-06-04 10:09:39.771] [info] StatsService: cycle completed in 90ms
[2026-06-04 10:09:40.370] [info] [Worker 7] [libqueen] push(q=5 f=0/9 p99rtt=32ms) pop(q=0 f=0/16 p99rtt=3ms) custom(q=0 f=0/1 p99rtt=6ms) slots=25/25 jobs/s=498 drains=7163 evl=0ms
[2026-06-04 10:09:40.388] [info] [Worker 5] [libqueen] push(q=5 f=0/9 p99rtt=32ms) pop(q=0 f=0/16 p99rtt=5ms) custom(q=0 f=0/1 p99rtt=5ms) slots=25/25 jobs/s=504 drains=7065 evl=0ms
[2026-06-04 10:09:40.398] [info] [Worker 0] [libqueen] push(q=5 f=0/9 p99rtt=33ms) pop(q=0 f=0/16 p99rtt=9ms) custom(q=0 f=0/1 p99rtt=5ms) slots=25/25 jobs/s=510 drains=7142 evl=0ms
[2026-06-04 10:09:40.409] [info] [Worker 2] [libqueen] push(q=0 f=1/9 p99rtt=32ms) pop(q=0 f=0/16 p99rtt=5ms) custom(q=0 f=0/1 p99rtt=6ms) slots=24/25 jobs/s=498 drains=7110 evl=0ms
[2026-06-04 10:09:40.410] [info] [Worker 6] [libqueen] push(q=0 f=1/9 p99rtt=31ms) pop(q=0 f=0/16 p99rtt=1ms) custom(q=0 f=0/1 p99rtt=5ms) slots=24/25 jobs/s=498 drains=7501 evl=0ms
[2026-06-04 10:09:40.410] [info] [Worker 1] [libqueen] push(q=5 f=0/9 p99rtt=32ms) pop(q=0 f=0/16 p99rtt=2ms) custom(q=0 f=0/1 p99rtt=6ms) slots=25/25 jobs/s=511 drains=7255 evl=0ms
[2026-06-04 10:09:40.411] [info] [Worker 9] [libqueen] push(q=0 f=1/9 p99rtt=35ms) pop(q=0 f=0/16 p99rtt=5ms) custom(q=0 f=0/1 p99rtt=4ms) slots=24/25 jobs/s=492 drains=7152 evl=0ms
[2026-06-04 10:09:40.431] [info] [Worker 4] [libqueen] push(q=0 f=1/9 p99rtt=34ms) pop(q=0 f=0/16 p99rtt=3ms) custom(q=0 f=0/1 p99rtt=4ms) slots=24/25 jobs/s=486 drains=7034 evl=0ms
[2026-06-04 10:09:40.439] [info] [Worker 3] [libqueen] push(q=5 f=0/9 p99rtt=32ms) pop(q=0 f=0/16 p99rtt=4ms) custom(q=0 f=0/1 p99rtt=6ms) slots=25/25 jobs/s=498 drains=7087 evl=0ms
[2026-06-04 10:09:40.449] [info] [Worker 8] [libqueen] push(q=0 f=1/9 p99rtt=32ms) pop(q=0 f=0/16 p99rtt=1ms) custom(q=0 f=0/1 p99rtt=5ms) slots=24/25 jobs/s=516 drains=7213 evl=0ms
[2026-06-04 10:09:41.370] [info] [Worker 7] [libqueen] push(q=5 f=0/10 p99rtt=32ms) pop(q=0 f=0/16 p99rtt=3ms) custom(q=0 f=0/1 p99rtt=5ms) slots=25/25 jobs/s=606 drains=8003 evl=0ms
[2026-06-04 10:09:41.388] [info] [Worker 5] [libqueen] push(q=5 f=0/10 p99rtt=32ms) pop(q=0 f=0/16 p99rtt=5ms) custom(q=0 f=0/1 p99rtt=5ms) slots=25/25 jobs/s=600 drains=7876 evl=0ms
[2026-06-04 10:09:41.397] [info] [Worker 0] [libqueen] push(q=5 f=0/10 p99rtt=31ms) pop(q=0 f=0/16 p99rtt=9ms) custom(q=0 f=0/1 p99rtt=5ms) slots=25/25 jobs/s=606 drains=7953 evl=0ms
[2026-06-04 10:09:41.409] [info] [Worker 2] [libqueen] push(q=0 f=1/10 p99rtt=32ms) pop(q=0 f=0/16 p99rtt=5ms) custom(q=0 f=0/1 p99rtt=5ms) slots=24/25 jobs/s=606 drains=7919 evl=0ms
[2026-06-04 10:09:41.411] [info] [Worker 6] [libqueen] push(q=5 f=0/10 p99rtt=30ms) pop(q=0 f=0/16 p99rtt=1ms) custom(q=0 f=0/1 p99rtt=5ms) slots=25/25 jobs/s=618 drains=8342 evl=0ms
[2026-06-04 10:09:41.411] [info] [Worker 1] [libqueen] push(q=5 f=0/10 p99rtt=30ms) pop(q=0 f=0/16 p99rtt=2ms) custom(q=0 f=0/1 p99rtt=5ms) slots=25/25 jobs/s=612 drains=8082 evl=0ms
[2026-06-04 10:09:41.411] [info] [Worker 9] [libqueen] push(q=5 f=0/10 p99rtt=35ms) pop(q=0 f=0/16 p99rtt=5ms) custom(q=0 f=0/1 p99rtt=4ms) slots=25/25 jobs/s=606 drains=7996 evl=0ms
[2026-06-04 10:09:41.432] [info] [Worker 4] [libqueen] push(q=5 f=0/10 p99rtt=32ms) pop(q=0 f=0/16 p99rtt=3ms) custom(q=0 f=0/1 p99rtt=4ms) slots=25/25 jobs/s=612 drains=7853 evl=0ms
[2026-06-04 10:09:41.439] [info] [Worker 3] [libqueen] push(q=5 f=0/10 p99rtt=32ms) pop(q=0 f=0/16 p99rtt=4ms) custom(q=0 f=0/1 p99rtt=6ms) slots=25/25 jobs/s=606 drains=7911 evl=0ms
[2026-06-04 10:09:41.450] [info] [Worker 8] [libqueen] push(q=5 f=0/10 p99rtt=32ms) pop(q=0 f=0/16 p99rtt=1ms) custom(q=0 f=0/1 p99rtt=5ms) slots=25/25 jobs/s=624 drains=8067 evl=0ms
[2026-06-04 10:09:42.369] [info] [Worker 7] [libqueen] push(q=5 f=0/11 p99rtt=30ms) pop(q=0 f=0/16 p99rtt=3ms) custom(q=0 f=0/1 p99rtt=5ms) slots=25/25 jobs/s=618 drains=8860 evl=0ms
[2026-06-04 10:09:42.388] [info] [Worker 5] [libqueen] push(q=0 f=1/11 p99rtt=32ms) pop(q=0 f=0/16 p99rtt=5ms) custom(q=0 f=0/1 p99rtt=5ms) slots=24/25 jobs/s=618 drains=8719 evl=0ms
[2026-06-04 10:09:42.398] [info] [Worker 0] [libqueen] push(q=5 f=0/11 p99rtt=31ms) pop(q=0 f=0/16 p99rtt=9ms) custom(q=0 f=0/1 p99rtt=5ms) slots=25/25 jobs/s=624 drains=8804 evl=0ms
[2026-06-04 10:09:42.409] [info] [Worker 2] [libqueen] push(q=5 f=0/11 p99rtt=29ms) pop(q=0 f=0/16 p99rtt=5ms) custom(q=0 f=0/1 p99rtt=5ms) slots=25/25 jobs/s=624 drains=8765 evl=0ms
[2026-06-04 10:09:42.411] [info] [Worker 6] [libqueen] push(q=0 f=1/11 p99rtt=30ms) pop(q=0 f=0/16 p99rtt=1ms) custom(q=0 f=0/1 p99rtt=4ms) slots=24/25 jobs/s=624 drains=9186 evl=0ms
[2026-06-04 10:09:42.411] [info] [Worker 1] [libqueen] push(q=5 f=0/11 p99rtt=30ms) pop(q=0 f=0/16 p99rtt=2ms) custom(q=0 f=0/1 p99rtt=5ms) slots=25/25 jobs/s=624 drains=8920 evl=0ms
[2026-06-04 10:09:42.411] [info] [Worker 9] [libqueen] push(q=0 f=1/11 p99rtt=33ms) pop(q=0 f=0/16 p99rtt=5ms) custom(q=0 f=0/1 p99rtt=4ms) slots=24/25 jobs/s=630 drains=8865 evl=0ms
[2026-06-04 10:09:42.431] [info] [Worker 4] [libqueen] push(q=0 f=0/11 p99rtt=32ms) pop(q=0 f=0/16 p99rtt=3ms) custom(q=0 f=1/1 p99rtt=3ms) slots=24/25 jobs/s=617 drains=8685 evl=0ms
[2026-06-04 10:09:42.439] [info] [Worker 3] [libqueen] push(q=0 f=1/11 p99rtt=29ms) pop(q=0 f=0/16 p99rtt=4ms) custom(q=0 f=0/1 p99rtt=5ms) slots=24/25 jobs/s=624 drains=8760 evl=0ms
[2026-06-04 10:09:42.450] [info] [Worker 8] [libqueen] push(q=5 f=0/11 p99rtt=29ms) pop(q=0 f=0/16 p99rtt=1ms) custom(q=0 f=0/1 p99rtt=5ms) slots=25/25 jobs/s=630 drains=8929 evl=0ms
[2026-06-04 10:09:43.370] [info] [Worker 7] [libqueen] push(q=0 f=1/12 p99rtt=30ms) pop(q=0 f=0/16 p99rtt=3ms) custom(q=0 f=0/1 p99rtt=4ms) slots=24/25 jobs/s=618 drains=9701 evl=0ms
[2026-06-04 10:09:43.388] [info] [Worker 5] [libqueen] push(q=0 f=0/12 p99rtt=31ms) pop(q=0 f=0/16 p99rtt=5ms) custom(q=0 f=0/1 p99rtt=4ms) slots=25/25 jobs/s=612 drains=9546 evl=0ms
[2026-06-04 10:09:43.399] [info] [Worker 0] [libqueen] push(q=5 f=0/12 p99rtt=31ms) pop(q=0 f=0/16 p99rtt=9ms) custom(q=0 f=0/1 p99rtt=5ms) slots=25/25 jobs/s=594 drains=9624 evl=0ms
[2026-06-04 10:09:43.409] [info] [Worker 2] [libqueen] push(q=5 f=0/12 p99rtt=29ms) pop(q=0 f=0/16 p99rtt=5ms) custom(q=0 f=0/1 p99rtt=5ms) slots=25/25 jobs/s=612 drains=9610 evl=0ms
[2026-06-04 10:09:43.410] [info] [Worker 6] [libqueen] push(q=5 f=0/12 p99rtt=30ms) pop(q=0 f=0/16 p99rtt=1ms) custom(q=0 f=0/1 p99rtt=3ms) slots=25/25 jobs/s=630 drains=10067 evl=0ms
[2026-06-04 10:09:43.411] [info] [Worker 1] [libqueen] push(q=5 f=0/12 p99rtt=30ms) pop(q=0 f=0/16 p99rtt=2ms) custom(q=0 f=0/1 p99rtt=5ms) slots=25/25 jobs/s=606 drains=9749 evl=0ms
[2026-06-04 10:09:43.412] [info] [Worker 9] [libqueen] push(q=0 f=0/12 p99rtt=33ms) pop(q=0 f=0/16 p99rtt=5ms) custom(q=0 f=0/1 p99rtt=4ms) slots=25/25 jobs/s=624 drains=9718 evl=0ms
[2026-06-04 10:09:43.432] [info] [Worker 4] [libqueen] push(q=0 f=1/12 p99rtt=32ms) pop(q=0 f=0/16 p99rtt=3ms) custom(q=0 f=0/1 p99rtt=3ms) slots=24/25 jobs/s=595 drains=9506 evl=0ms
[2026-06-04 10:09:43.439] [info] [Worker 3] [libqueen] push(q=5 f=0/12 p99rtt=29ms) pop(q=0 f=0/16 p99rtt=4ms) custom(q=0 f=0/1 p99rtt=5ms) slots=25/25 jobs/s=612 drains=9602 evl=0ms
[2026-06-04 10:09:43.450] [info] [Worker 8] [libqueen] push(q=5 f=0/12 p99rtt=29ms) pop(q=0 f=0/16 p99rtt=1ms) custom(q=0 f=0/1 p99rtt=5ms) slots=25/25 jobs/s=600 drains=9746 evl=0ms
[2026-06-04 10:09:44.370] [info] [Worker 7] [libqueen] push(q=5 f=0/13 p99rtt=30ms) pop(q=0 f=0/16 p99rtt=3ms) custom(q=0 f=0/1 p99rtt=4ms) slots=25/25 jobs/s=600 drains=10512 evl=0ms
[2026-06-04 10:09:44.388] [info] [Worker 5] [libqueen] push(q=0 f=1/13 p99rtt=30ms) pop(q=0 f=0/16 p99rtt=5ms) custom(q=0 f=0/1 p99rtt=4ms) slots=24/25 jobs/s=600 drains=10367 evl=0ms
[2026-06-04 10:09:44.399] [info] [Worker 0] [libqueen] push(q=5 f=0/13 p99rtt=30ms) pop(q=0 f=0/16 p99rtt=9ms) custom(q=0 f=0/1 p99rtt=4ms) slots=25/25 jobs/s=624 drains=10457 evl=0ms
[2026-06-04 10:09:44.408] [info] [Worker 2] [libqueen] push(q=0 f=1/13 p99rtt=26ms) pop(q=0 f=0/16 p99rtt=5ms) custom(q=0 f=0/1 p99rtt=4ms) slots=24/25 jobs/s=594 drains=10421 evl=0ms
[2026-06-04 10:09:44.410] [info] [Worker 1] [libqueen] push(q=1 f=0/13 p99rtt=29ms) pop(q=0 f=0/16 p99rtt=2ms) custom(q=0 f=0/1 p99rtt=4ms) slots=25/25 jobs/s=612 drains=10592 evl=0ms
[2026-06-04 10:09:44.411] [info] [Worker 6] [libqueen] push(q=5 f=0/13 p99rtt=26ms) pop(q=0 f=0/16 p99rtt=1ms) custom(q=0 f=0/1 p99rtt=3ms) slots=25/25 jobs/s=612 drains=10904 evl=0ms
[2026-06-04 10:09:44.412] [info] [Worker 9] [libqueen] push(q=5 f=0/13 p99rtt=31ms) pop(q=0 f=0/16 p99rtt=5ms) custom(q=0 f=0/1 p99rtt=4ms) slots=25/25 jobs/s=600 drains=10540 evl=0ms
[2026-06-04 10:09:44.432] [info] [Worker 4] [libqueen] push(q=5 f=0/13 p99rtt=31ms) pop(q=0 f=0/16 p99rtt=3ms) custom(q=0 f=0/1 p99rtt=3ms) slots=25/25 jobs/s=588 drains=10299 evl=0ms
[2026-06-04 10:09:44.440] [info] [Worker 3] [libqueen] push(q=0 f=1/13 p99rtt=29ms) pop(q=0 f=0/16 p99rtt=4ms) custom(q=0 f=0/1 p99rtt=5ms) slots=24/25 jobs/s=588 drains=10411 evl=0ms
[2026-06-04 10:09:44.451] [info] [Worker 8] [libqueen] push(q=5 f=0/13 p99rtt=29ms) pop(q=0 f=0/16 p99rtt=2ms) custom(q=0 f=0/1 p99rtt=4ms) slots=25/25 jobs/s=594 drains=10557 evl=0ms
[2026-06-04 10:09:45.369] [info] [Worker 7] [libqueen] push(q=3 f=0/14 p99rtt=30ms) pop(q=0 f=0/16 p99rtt=3ms) custom(q=0 f=0/1 p99rtt=4ms) slots=25/25 jobs/s=630 drains=11382 evl=0ms
[2026-06-04 10:09:45.388] [info] [Worker 5] [libqueen] push(q=0 f=1/14 p99rtt=30ms) pop(q=0 f=0/16 p99rtt=5ms) custom(q=0 f=0/1 p99rtt=4ms) slots=24/25 jobs/s=606 drains=11207 evl=0ms
[2026-06-04 10:09:45.398] [info] [Worker 0] [libqueen] push(q=0 f=1/14 p99rtt=30ms) pop(q=0 f=0/16 p99rtt=9ms) custom(q=0 f=0/1 p99rtt=4ms) slots=24/25 jobs/s=630 drains=11294 evl=0ms
[2026-06-04 10:09:45.409] [info] [Worker 2] [libqueen] push(q=5 f=0/14 p99rtt=25ms) pop(q=0 f=0/16 p99rtt=5ms) custom(q=0 f=0/1 p99rtt=4ms) slots=25/25 jobs/s=614 drains=11264 evl=0ms
[2026-06-04 10:09:45.411] [info] [Worker 1] [libqueen] push(q=5 f=0/14 p99rtt=29ms) pop(q=0 f=0/16 p99rtt=2ms) custom(q=0 f=0/1 p99rtt=4ms) slots=25/25 jobs/s=624 drains=11451 evl=0ms
[2026-06-04 10:09:45.411] [info] [Worker 6] [libqueen] push(q=5 f=0/14 p99rtt=26ms) pop(q=0 f=0/16 p99rtt=1ms) custom(q=0 f=0/1 p99rtt=3ms) slots=25/25 jobs/s=618 drains=11770 evl=0ms
[2026-06-04 10:09:45.411] [info] [Worker 9] [libqueen] push(q=0 f=0/14 p99rtt=31ms) pop(q=0 f=0/16 p99rtt=5ms) custom(q=0 f=0/1 p99rtt=4ms) slots=25/25 jobs/s=622 drains=11375 evl=0ms
[2026-06-04 10:09:45.432] [info] [Worker 4] [libqueen] push(q=0 f=1/14 p99rtt=29ms) pop(q=0 f=0/16 p99rtt=3ms) custom(q=0 f=0/1 p99rtt=3ms) slots=24/25 jobs/s=618 drains=11147 evl=0ms
[2026-06-04 10:09:45.440] [info] [Worker 3] [libqueen] push(q=5 f=0/14 p99rtt=24ms) pop(q=0 f=0/16 p99rtt=4ms) custom(q=0 f=0/1 p99rtt=5ms) slots=25/25 jobs/s=624 drains=11239 evl=0ms
[2026-06-04 10:09:45.450] [info] [Worker 8] [libqueen] push(q=5 f=0/14 p99rtt=29ms) pop(q=0 f=0/16 p99rtt=2ms) custom(q=0 f=0/1 p99rtt=4ms) slots=25/25 jobs/s=636 drains=11416 evl=0ms
[2026-06-04 10:09:46.370] [info] [Worker 7] [libqueen] push(q=5 f=0/15 p99rtt=28ms) pop(q=0 f=0/16 p99rtt=3ms) custom(q=0 f=0/1 p99rtt=4ms) slots=25/25 jobs/s=522 drains=12119 evl=0ms
[2026-06-04 10:09:46.387] [info] [Worker 5] [libqueen] push(q=4 f=0/15 p99rtt=29ms) pop(q=0 f=0/16 p99rtt=5ms) custom(q=0 f=0/1 p99rtt=5ms) slots=25/25 jobs/s=516 drains=11945 evl=0ms
[2026-06-04 10:09:46.399] [info] [Worker 0] [libqueen] push(q=5 f=0/15 p99rtt=28ms) pop(q=0 f=0/16 p99rtt=9ms) custom(q=0 f=0/1 p99rtt=5ms) slots=25/25 jobs/s=522 drains=12005 evl=0ms
[2026-06-04 10:09:46.408] [info] [Worker 2] [libqueen] push(q=5 f=0/15 p99rtt=25ms) pop(q=0 f=0/16 p99rtt=5ms) custom(q=0 f=0/1 p99rtt=5ms) slots=25/25 jobs/s=510 drains=11996 evl=0ms
[2026-06-04 10:09:46.411] [info] [Worker 1] [libqueen] push(q=5 f=0/15 p99rtt=26ms) pop(q=0 f=0/16 p99rtt=2ms) custom(q=0 f=0/1 p99rtt=5ms) slots=25/25 jobs/s=522 drains=12176 evl=0ms
[2026-06-04 10:09:46.412] [info] [Worker 6] [libqueen] push(q=5 f=0/15 p99rtt=26ms) pop(q=0 f=0/16 p99rtt=1ms) custom(q=0 f=0/1 p99rtt=3ms) slots=25/25 jobs/s=516 drains=12488 evl=0ms
[2026-06-04 10:09:46.413] [info] [Worker 9] [libqueen] push(q=5 f=0/15 p99rtt=29ms) pop(q=0 f=0/16 p99rtt=5ms) custom(q=0 f=0/1 p99rtt=4ms) slots=25/25 jobs/s=516 drains=12105 evl=0ms
[2026-06-04 10:09:46.433] [info] [Worker 4] [libqueen] push(q=5 f=0/15 p99rtt=29ms) pop(q=0 f=0/16 p99rtt=3ms) custom(q=0 f=0/1 p99rtt=4ms) slots=25/25 jobs/s=510 drains=11864 evl=0ms
[2026-06-04 10:09:46.440] [info] [Worker 3] [libqueen] push(q=0 f=1/15 p99rtt=24ms) pop(q=0 f=0/16 p99rtt=4ms) custom(q=0 f=0/1 p99rtt=5ms) slots=24/25 jobs/s=504 drains=11944 evl=0ms
[2026-06-04 10:09:46.451] [info] [Worker 8] [libqueen] push(q=0 f=0/15 p99rtt=25ms) pop(q=0 f=0/16 p99rtt=2ms) custom(q=0 f=1/1 p99rtt=5ms) slots=24/25 jobs/s=521 drains=12114 evl=0ms
[2026-06-04 10:09:46.490] [info] QPOP: Connection aborted for e0befa5a-a136-48fa-9123-758aaa49480c
[2026-06-04 10:09:46.490] [info] QPOP: Connection aborted for 80f38470-0084-4a61-9bbb-d7c4c9c54cf6
[2026-06-04 10:09:46.490] [info] QPOP: Connection aborted for 120828d0-fdcc-4f93-8bdf-91e78df5ba39
[2026-06-04 10:09:46.490] [info] QPOP: Connection aborted for e2faca06-edd7-469f-b4f0-f7fff59f4078
[2026-06-04 10:09:46.491] [info] QPOP: Connection aborted for 94fb80c7-548b-4806-a764-b7bb42c4ab77
[2026-06-04 10:09:46.492] [info] QPOP: Connection aborted for 886621a3-94e4-4a22-a188-1a0ed2ec8719
[2026-06-04 10:09:46.492] [info] QPOP: Connection aborted for 493c917c-207e-435a-8f72-2c9c6fff9ebe
[2026-06-04 10:09:46.492] [info] QPOP: Connection aborted for e13181a7-a277-449c-8036-6436e00ba93a
[2026-06-04 10:09:46.492] [info] QPOP: Connection aborted for 25c795bd-ddfc-4f51-93c8-4d8ed269173a
[2026-06-04 10:09:46.495] [info] QPOP: Connection aborted for 888d2b95-70f5-41c5-a6b2-5f213cc8d6d4
[2026-06-04 10:09:46.495] [info] QPOP: Connection aborted for 2702f03e-aef2-4c0f-ba99-924dde7d2b81
[2026-06-04 10:09:46.496] [info] QPOP: Connection aborted for 7c5ff61f-0336-4210-ac90-61cff025164b
[2026-06-04 10:09:46.499] [info] QPOP: Connection aborted for 80b44c9c-fed6-4f1f-af1e-87635f0bcdf4
[2026-06-04 10:09:46.500] [info] QPOP: Connection aborted for 9665138b-35c5-4220-82fd-c8399152b90e
[2026-06-04 10:09:46.501] [info] QPOP: Connection aborted for 555b4da5-a286-4681-9d79-115ac79573a0
[2026-06-04 10:09:46.502] [info] QPOP: Connection aborted for 8d77f8b3-fbe4-4e21-ab90-6f31e29964dd
[2026-06-04 10:09:46.503] [info] QPOP: Connection aborted for 6db48b33-cd93-432e-8ae0-c2c003f9ff6b
[2026-06-04 10:09:46.508] [info] QPOP: Connection aborted for 5605e6f7-8af7-47ea-bd6c-3d3acb5f9edd
[2026-06-04 10:09:46.509] [info] QPOP: Connection aborted for 425245ec-e71a-4bd3-874f-63f76af1bee3
[2026-06-04 10:09:46.509] [info] QPOP: Connection aborted for 146ba124-e563-4ca1-87a3-d2d9ea0b4d95
[2026-06-04 10:09:46.511] [info] QPOP: Connection aborted for 0f14ba4a-4b0e-4278-a231-cd658f8111cf
[2026-06-04 10:09:46.513] [info] QPOP: Connection aborted for ca02cd1a-15e1-4cb2-8edf-e69506317cb1
[2026-06-04 10:09:46.513] [info] QPOP: Connection aborted for d0144482-6f45-444c-8573-dfccb9b69fa1
[2026-06-04 10:09:46.515] [info] QPOP: Connection aborted for 5251cee4-4ec0-4d34-89ba-67a43b1c2362
[2026-06-04 10:09:46.515] [info] QPOP: Connection aborted for 96d97c2a-7a60-4add-9112-8a364e8cd221
[2026-06-04 10:09:46.515] [info] QPOP: Connection aborted for 5a72f99b-2418-495d-8468-bcbe83a951da
[2026-06-04 10:09:46.518] [info] QPOP: Connection aborted for 04e42fef-ce8d-4c79-9efb-3ec0bcf0e65c
[2026-06-04 10:09:46.518] [info] QPOP: Connection aborted for f67ce7b1-c350-4945-9776-dea380de71c3
[2026-06-04 10:09:46.521] [info] QPOP: Connection aborted for 38f1bf0e-dd83-4049-b93b-c55676254599
[2026-06-04 10:09:46.521] [info] QPOP: Connection aborted for 667abe9d-05da-445d-b265-a5e277b8bf21
[2026-06-04 10:09:46.521] [info] QPOP: Connection aborted for 3b044f33-adb6-422b-b0e9-7f44e52bace2
[2026-06-04 10:09:46.522] [info] QPOP: Connection aborted for cabcbea2-76a3-471b-8036-80a726544d7e
[2026-06-04 10:09:46.523] [info] QPOP: Connection aborted for 81656aba-ee1a-4f1f-8153-dce857be75ee
[2026-06-04 10:09:46.523] [info] QPOP: Connection aborted for ae48ca24-863e-41cf-99ef-b8f91b5874ec
[2026-06-04 10:09:46.528] [info] QPOP: Connection aborted for a124d7d6-0e53-4a67-9c36-e3ffc286639f
[2026-06-04 10:09:46.530] [info] QPOP: Connection aborted for 3e61d0b4-4104-423a-a7cb-78df43ddb6fd
[2026-06-04 10:09:46.530] [info] QPOP: Connection aborted for 9baa7d7a-d749-4e2e-8cf0-d22779cb08b7
[2026-06-04 10:09:46.530] [info] QPOP: Connection aborted for be4e7d4a-3ffe-4b83-9323-2ffdfcf3aa71
[2026-06-04 10:09:46.530] [info] QPOP: Connection aborted for 6b83e65c-93f9-45ba-a9a5-875e0b27913a
[2026-06-04 10:09:46.530] [info] QPOP: Connection aborted for 14971cf0-751c-4de4-933c-efe2b34cd4a0
[2026-06-04 10:09:46.533] [info] QPOP: Connection aborted for cf902eca-9a66-4f34-b85c-2da29b40cec2
[2026-06-04 10:09:46.534] [info] QPOP: Connection aborted for 47885b14-fe83-4c82-a3a4-7486132b3d03
[2026-06-04 10:09:46.534] [info] QPOP: Connection aborted for d6c40cb7-d005-4285-89a3-962d3c2f95bd
[2026-06-04 10:09:46.535] [info] QPOP: Connection aborted for 6d92f851-605a-414a-ad2f-26a48a46362d
[2026-06-04 10:09:46.535] [info] QPOP: Connection aborted for c87dc153-986e-4bd4-aea1-b24bf6a252c1
[2026-06-04 10:09:46.535] [info] QPOP: Connection aborted for 79df8c9a-61e8-41d1-a891-5b0c50cafe65
[2026-06-04 10:09:46.535] [info] QPOP: Connection aborted for 768cda56-6cb6-412b-acf4-17731b552371
[2026-06-04 10:09:46.538] [info] QPOP: Connection aborted for 105480f4-b991-4469-a3be-c8319f15c321
[2026-06-04 10:09:46.540] [info] QPOP: Connection aborted for ba2299b0-2f80-4a51-8b3d-df7068627e7e
[2026-06-04 10:09:46.542] [info] QPOP: Connection aborted for 6c24df8b-6450-434b-91e6-9f76bc24f6c7
[2026-06-04 10:09:47.370] [info] [Worker 7] [libqueen] push(q=0 f=1/16 p99rtt=27ms) pop(q=0 f=0/16 p99rtt=3ms) custom(q=0 f=0/1 p99rtt=4ms) slots=24/25 jobs/s=522 drains=12864 evl=0ms
[2026-06-04 10:09:47.388] [info] [Worker 5] [libqueen] push(q=5 f=0/16 p99rtt=26ms) pop(q=0 f=0/16 p99rtt=4ms) custom(q=0 f=0/1 p99rtt=4ms) slots=25/25 jobs/s=516 drains=12650 evl=0ms
[2026-06-04 10:09:47.400] [info] [Worker 0] [libqueen] push(q=0 f=1/16 p99rtt=27ms) pop(q=0 f=0/16 p99rtt=3ms) custom(q=0 f=0/1 p99rtt=5ms) slots=24/25 jobs/s=510 drains=12727 evl=0ms
[2026-06-04 10:09:47.409] [info] [Worker 2] [libqueen] push(q=0 f=1/16 p99rtt=25ms) pop(q=0 f=0/16 p99rtt=2ms) custom(q=0 f=0/1 p99rtt=4ms) slots=24/25 jobs/s=492 drains=12709 evl=0ms
[2026-06-04 10:09:47.410] [info] [Worker 1] [libqueen] push(q=3 f=0/16 p99rtt=25ms) pop(q=0 f=0/16 p99rtt=2ms) custom(q=0 f=0/1 p99rtt=5ms) slots=25/25 jobs/s=504 drains=12902 evl=0ms
[2026-06-04 10:09:47.412] [info] [Worker 6] [libqueen] push(q=5 f=0/16 p99rtt=26ms) pop(q=0 f=0/16 p99rtt=2ms) custom(q=0 f=0/1 p99rtt=4ms) slots=25/25 jobs/s=522 drains=13229 evl=0ms
[2026-06-04 10:09:47.413] [info] [Worker 9] [libqueen] push(q=5 f=0/16 p99rtt=28ms) pop(q=0 f=0/16 p99rtt=2ms) custom(q=0 f=0/1 p99rtt=4ms) slots=25/25 jobs/s=504 drains=12836 evl=0ms
[2026-06-04 10:09:47.432] [info] [Worker 4] [libqueen] push(q=5 f=0/16 p99rtt=25ms) pop(q=0 f=0/16 p99rtt=3ms) custom(q=0 f=0/1 p99rtt=4ms) slots=25/25 jobs/s=516 drains=12604 evl=0ms
[2026-06-04 10:09:47.439] [info] [Worker 3] [libqueen] push(q=0 f=1/16 p99rtt=24ms) pop(q=0 f=0/16 p99rtt=3ms) custom(q=0 f=0/1 p99rtt=5ms) slots=24/25 jobs/s=522 drains=12699 evl=0ms
[2026-06-04 10:09:47.451] [info] [Worker 8] [libqueen] push(q=0 f=0/16 p99rtt=25ms) pop(q=0 f=0/16 p99rtt=2ms) custom(q=0 f=0/1 p99rtt=5ms) slots=25/25 jobs/s=511 drains=12832 evl=0ms
[2026-06-04 10:09:48.370] [info] [Worker 7] [libqueen] push(q=0 f=1/17 p99rtt=26ms) pop(q=0 f=0/16 p99rtt=3ms) custom(q=0 f=0/1 p99rtt=4ms) slots=24/25 jobs/s=492 drains=13547 evl=0ms
[2026-06-04 10:09:48.388] [info] [Worker 5] [libqueen] push(q=0 f=1/17 p99rtt=26ms) pop(q=0 f=0/16 p99rtt=4ms) custom(q=0 f=0/1 p99rtt=5ms) slots=24/25 jobs/s=486 drains=13324 evl=0ms
[2026-06-04 10:09:48.400] [info] [Worker 0] [libqueen] push(q=5 f=0/17 p99rtt=27ms) pop(q=0 f=0/16 p99rtt=3ms) custom(q=0 f=0/1 p99rtt=4ms) slots=25/25 jobs/s=496 drains=13412 evl=0ms
[2026-06-04 10:09:48.409] [info] [Worker 2] [libqueen] push(q=0 f=1/17 p99rtt=25ms) pop(q=0 f=0/16 p99rtt=2ms) custom(q=0 f=0/1 p99rtt=4ms) slots=24/25 jobs/s=504 drains=13412 evl=0ms
[2026-06-04 10:09:48.411] [info] [Worker 1] [libqueen] push(q=5 f=0/17 p99rtt=25ms) pop(q=0 f=0/16 p99rtt=2ms) custom(q=0 f=0/1 p99rtt=5ms) slots=25/25 jobs/s=510 drains=13609 evl=0ms
[2026-06-04 10:09:48.412] [info] [Worker 6] [libqueen] push(q=5 f=0/17 p99rtt=26ms) pop(q=0 f=0/16 p99rtt=2ms) custom(q=0 f=0/1 p99rtt=5ms) slots=25/25 jobs/s=504 drains=13919 evl=0ms
[2026-06-04 10:09:48.413] [info] [Worker 9] [libqueen] push(q=5 f=0/17 p99rtt=28ms) pop(q=0 f=0/16 p99rtt=2ms) custom(q=0 f=0/1 p99rtt=4ms) slots=25/25 jobs/s=504 drains=13520 evl=0ms
[2026-06-04 10:09:48.432] [info] [Worker 4] [libqueen] push(q=0 f=1/17 p99rtt=25ms) pop(q=0 f=0/16 p99rtt=3ms) custom(q=0 f=0/1 p99rtt=4ms) slots=24/25 jobs/s=492 drains=13285 evl=0ms
[2026-06-04 10:09:48.439] [info] [Worker 3] [libqueen] push(q=5 f=0/17 p99rtt=28ms) pop(q=0 f=0/16 p99rtt=3ms) custom(q=0 f=0/1 p99rtt=4ms) slots=25/25 jobs/s=490 drains=13373 evl=0ms
[2026-06-04 10:09:48.451] [info] [Worker 8] [libqueen] push(q=5 f=0/17 p99rtt=25ms) pop(q=0 f=0/16 p99rtt=2ms) custom(q=0 f=0/1 p99rtt=5ms) slots=25/25 jobs/s=492 drains=13507 evl=0ms
[2026-06-04 10:09:49.369] [info] [Worker 7] [libqueen] push(q=5 f=0/18 p99rtt=26ms) pop(q=0 f=0/16 p99rtt=3ms) custom(q=0 f=0/1 p99rtt=4ms) slots=25/25 jobs/s=576 drains=14351 evl=0ms
[2026-06-04 10:09:49.388] [info] [Worker 5] [libqueen] push(q=0 f=0/18 p99rtt=26ms) pop(q=0 f=0/16 p99rtt=4ms) custom(q=0 f=0/1 p99rtt=4ms) slots=25/25 jobs/s=570 drains=14112 evl=0ms
[2026-06-04 10:09:49.400] [info] [Worker 0] [libqueen] push(q=5 f=0/18 p99rtt=27ms) pop(q=0 f=0/16 p99rtt=3ms) custom(q=0 f=0/1 p99rtt=4ms) slots=25/25 jobs/s=570 drains=14206 evl=0ms
[2026-06-04 10:09:49.408] [info] [Worker 2] [libqueen] push(q=5 f=0/18 p99rtt=27ms) pop(q=0 f=0/16 p99rtt=2ms) custom(q=0 f=0/1 p99rtt=4ms) slots=25/25 jobs/s=570 drains=14187 evl=0ms
[2026-06-04 10:09:49.411] [info] [Worker 1] [libqueen] push(q=5 f=0/18 p99rtt=25ms) pop(q=0 f=0/16 p99rtt=2ms) custom(q=0 f=0/1 p99rtt=4ms) slots=25/25 jobs/s=588 drains=14427 evl=0ms
[2026-06-04 10:09:49.411] [info] [Worker 6] [libqueen] push(q=5 f=0/18 p99rtt=26ms) pop(q=0 f=0/16 p99rtt=2ms) custom(q=0 f=0/1 p99rtt=5ms) slots=25/25 jobs/s=582 drains=14719 evl=0ms
[2026-06-04 10:09:49.413] [info] [Worker 9] [libqueen] push(q=0 f=0/18 p99rtt=28ms) pop(q=0 f=0/16 p99rtt=2ms) custom(q=0 f=0/1 p99rtt=4ms) slots=25/25 jobs/s=576 drains=14326 evl=0ms
[2026-06-04 10:09:49.432] [info] [Worker 4] [libqueen] push(q=0 f=1/18 p99rtt=26ms) pop(q=0 f=0/16 p99rtt=3ms) custom(q=0 f=0/1 p99rtt=4ms) slots=24/25 jobs/s=567 drains=14071 evl=0ms
[2026-06-04 10:09:49.439] [info] [Worker 3] [libqueen] push(q=0 f=0/18 p99rtt=28ms) pop(q=0 f=0/16 p99rtt=3ms) custom(q=0 f=1/1 p99rtt=3ms) slots=24/25 jobs/s=587 drains=14182 evl=0ms
[2026-06-04 10:09:49.451] [info] [Worker 8] [libqueen] push(q=5 f=0/18 p99rtt=25ms) pop(q=0 f=0/16 p99rtt=2ms) custom(q=0 f=0/1 p99rtt=5ms) slots=25/25 jobs/s=588 drains=14294 evl=0ms
[2026-06-04 10:09:49.700] [info] StatsService: cycle completed in 16ms
[2026-06-04 10:09:50.370] [info] [Worker 7] [libqueen] push(q=5 f=0/19 p99rtt=26ms) pop(q=0 f=0/16 p99rtt=3ms) custom(q=0 f=0/1 p99rtt=3ms) slots=25/25 jobs/s=606 drains=15193 evl=0ms
[2026-06-04 10:09:50.388] [info] [Worker 5] [libqueen] push(q=0 f=1/19 p99rtt=25ms) pop(q=0 f=0/16 p99rtt=4ms) custom(q=0 f=0/1 p99rtt=4ms) slots=24/25 jobs/s=600 drains=14948 evl=0ms
[2026-06-04 10:09:50.399] [info] [Worker 0] [libqueen] push(q=0 f=0/19 p99rtt=26ms) pop(q=0 f=0/16 p99rtt=3ms) custom(q=0 f=1/1 p99rtt=4ms) slots=24/25 jobs/s=629 drains=15048 evl=0ms
[2026-06-04 10:09:50.408] [info] [Worker 2] [libqueen] push(q=5 f=0/19 p99rtt=25ms) pop(q=0 f=0/16 p99rtt=2ms) custom(q=0 f=0/1 p99rtt=3ms) slots=25/25 jobs/s=606 drains=15025 evl=0ms
[2026-06-04 10:09:50.410] [info] [Worker 1] [libqueen] push(q=0 f=0/19 p99rtt=25ms) pop(q=0 f=0/16 p99rtt=2ms) custom(q=0 f=0/1 p99rtt=4ms) slots=25/25 jobs/s=606 drains=15246 evl=0ms
[2026-06-04 10:09:50.411] [info] [Worker 6] [libqueen] push(q=2 f=0/19 p99rtt=25ms) pop(q=0 f=0/16 p99rtt=2ms) custom(q=0 f=0/1 p99rtt=5ms) slots=25/25 jobs/s=608 drains=15551 evl=0ms
[2026-06-04 10:09:50.412] [info] [Worker 9] [libqueen] push(q=5 f=0/19 p99rtt=26ms) pop(q=0 f=0/16 p99rtt=2ms) custom(q=0 f=0/1 p99rtt=4ms) slots=25/25 jobs/s=606 drains=15160 evl=0ms
[2026-06-04 10:09:50.433] [info] [Worker 4] [libqueen] push(q=0 f=1/19 p99rtt=25ms) pop(q=0 f=0/16 p99rtt=3ms) custom(q=0 f=0/1 p99rtt=4ms) slots=24/25 jobs/s=600 drains=14903 evl=0ms
[2026-06-04 10:09:50.440] [info] [Worker 3] [libqueen] push(q=5 f=0/19 p99rtt=25ms) pop(q=0 f=0/16 p99rtt=3ms) custom(q=0 f=0/1 p99rtt=3ms) slots=25/25 jobs/s=607 drains=15006 evl=0ms
[2026-06-04 10:09:50.451] [info] [Worker 8] [libqueen] push(q=5 f=0/19 p99rtt=24ms) pop(q=0 f=0/16 p99rtt=2ms) custom(q=0 f=0/1 p99rtt=4ms) slots=25/25 jobs/s=618 drains=15149 evl=0ms
[2026-06-04 10:09:51.370] [info] [Worker 7] [libqueen] push(q=5 f=0/20 p99rtt=26ms) pop(q=0 f=0/16 p99rtt=3ms) custom(q=0 f=0/1 p99rtt=3ms) slots=25/25 jobs/s=612 drains=16044 evl=0ms
[2026-06-04 10:09:51.388] [info] [Worker 5] [libqueen] push(q=5 f=0/20 p99rtt=25ms) pop(q=0 f=0/16 p99rtt=4ms) custom(q=0 f=0/1 p99rtt=4ms) slots=25/25 jobs/s=612 drains=15777 evl=0ms
[2026-06-04 10:09:51.399] [info] [Worker 0] [libqueen] push(q=5 f=0/20 p99rtt=26ms) pop(q=0 f=0/16 p99rtt=3ms) custom(q=0 f=0/1 p99rtt=4ms) slots=25/25 jobs/s=607 drains=15858 evl=0ms
[2026-06-04 10:09:51.409] [info] [Worker 2] [libqueen] push(q=0 f=1/20 p99rtt=25ms) pop(q=0 f=0/16 p99rtt=2ms) custom(q=0 f=0/1 p99rtt=2ms) slots=24/25 jobs/s=600 drains=15842 evl=0ms
[2026-06-04 10:09:51.410] [info] [Worker 1] [libqueen] push(q=0 f=1/20 p99rtt=25ms) pop(q=0 f=0/16 p99rtt=2ms) custom(q=0 f=0/1 p99rtt=3ms) slots=24/25 jobs/s=600 drains=16088 evl=0ms
[2026-06-04 10:09:51.411] [info] [Worker 6] [libqueen] push(q=3 f=0/20 p99rtt=26ms) pop(q=0 f=0/16 p99rtt=2ms) custom(q=0 f=0/1 p99rtt=4ms) slots=25/25 jobs/s=594 drains=16366 evl=0ms
[2026-06-04 10:09:51.413] [info] [Worker 9] [libqueen] push(q=0 f=1/20 p99rtt=26ms) pop(q=0 f=0/16 p99rtt=2ms) custom(q=0 f=0/1 p99rtt=4ms) slots=24/25 jobs/s=612 drains=16003 evl=0ms
[2026-06-04 10:09:51.433] [info] [Worker 4] [libqueen] push(q=0 f=1/20 p99rtt=25ms) pop(q=0 f=0/16 p99rtt=3ms) custom(q=0 f=0/1 p99rtt=4ms) slots=24/25 jobs/s=600 drains=15726 evl=0ms
[2026-06-04 10:09:51.440] [info] [Worker 3] [libqueen] push(q=0 f=0/20 p99rtt=26ms) pop(q=0 f=0/16 p99rtt=3ms) custom(q=0 f=0/1 p99rtt=3ms) slots=25/25 jobs/s=600 drains=15835 evl=0ms
[2026-06-04 10:09:51.451] [info] [Worker 8] [libqueen] push(q=5 f=0/20 p99rtt=24ms) pop(q=0 f=0/16 p99rtt=2ms) custom(q=0 f=0/1 p99rtt=4ms) slots=25/25 jobs/s=618 drains=15982 evl=0ms
[2026-06-04 10:09:52.370] [info] [Worker 7] [libqueen] push(q=0 f=1/21 p99rtt=26ms) pop(q=0 f=0/16 p99rtt=3ms) custom(q=0 f=0/1 p99rtt=3ms) slots=24/25 jobs/s=606 drains=16874 evl=0ms
[2026-06-04 10:09:52.388] [info] [Worker 5] [libqueen] push(q=5 f=0/21 p99rtt=25ms) pop(q=0 f=0/16 p99rtt=4ms) custom(q=0 f=0/1 p99rtt=4ms) slots=25/25 jobs/s=612 drains=16613 evl=0ms
[2026-06-04 10:09:52.399] [info] [Worker 0] [libqueen] push(q=0 f=1/21 p99rtt=25ms) pop(q=0 f=0/16 p99rtt=3ms) custom(q=0 f=0/1 p99rtt=4ms) slots=24/25 jobs/s=624 drains=16724 evl=0ms
[2026-06-04 10:09:52.408] [info] [Worker 2] [libqueen] push(q=5 f=0/21 p99rtt=25ms) pop(q=0 f=0/16 p99rtt=2ms) custom(q=0 f=0/1 p99rtt=2ms) slots=25/25 jobs/s=624 drains=16678 evl=0ms
[2026-06-04 10:09:52.411] [info] [Worker 1] [libqueen] push(q=5 f=0/21 p99rtt=25ms) pop(q=0 f=0/16 p99rtt=2ms) custom(q=0 f=0/1 p99rtt=3ms) slots=25/25 jobs/s=618 drains=16940 evl=0ms
[2026-06-04 10:09:52.411] [info] [Worker 6] [libqueen] push(q=5 f=0/21 p99rtt=26ms) pop(q=0 f=0/16 p99rtt=2ms) custom(q=0 f=0/1 p99rtt=4ms) slots=25/25 jobs/s=612 drains=17216 evl=0ms
[2026-06-04 10:09:52.413] [info] [Worker 9] [libqueen] push(q=0 f=1/21 p99rtt=26ms) pop(q=0 f=0/16 p99rtt=2ms) custom(q=0 f=0/1 p99rtt=4ms) slots=24/25 jobs/s=606 drains=16812 evl=0ms
[2026-06-04 10:09:52.433] [info] [Worker 4] [libqueen] push(q=0 f=1/21 p99rtt=25ms) pop(q=0 f=0/16 p99rtt=3ms) custom(q=0 f=0/1 p99rtt=4ms) slots=24/25 jobs/s=618 drains=16572 evl=0ms
[2026-06-04 10:09:52.441] [info] [Worker 3] [libqueen] push(q=0 f=1/21 p99rtt=26ms) pop(q=0 f=0/16 p99rtt=3ms) custom(q=0 f=0/1 p99rtt=3ms) slots=24/25 jobs/s=600 drains=16682 evl=0ms
[2026-06-04 10:09:52.450] [info] [Worker 8] [libqueen] push(q=0 f=0/21 p99rtt=24ms) pop(q=0 f=0/16 p99rtt=2ms) custom(q=0 f=0/1 p99rtt=4ms) slots=25/25 jobs/s=618 drains=16812 evl=0ms
[2026-06-04 10:09:53.370] [info] [Worker 7] [libqueen] push(q=5 f=0/22 p99rtt=26ms) pop(q=0 f=0/16 p99rtt=3ms) custom(q=0 f=0/1 p99rtt=3ms) slots=25/25 jobs/s=612 drains=17728 evl=0ms
[2026-06-04 10:09:53.388] [info] [Worker 5] [libqueen] push(q=5 f=0/22 p99rtt=25ms) pop(q=0 f=0/16 p99rtt=4ms) custom(q=0 f=0/1 p99rtt=4ms) slots=25/25 jobs/s=606 drains=17448 evl=0ms
[2026-06-04 10:09:53.400] [info] [Worker 0] [libqueen] push(q=5 f=0/22 p99rtt=25ms) pop(q=0 f=0/16 p99rtt=3ms) custom(q=0 f=0/1 p99rtt=4ms) slots=25/25 jobs/s=606 drains=17563 evl=0ms
[2026-06-04 10:09:53.408] [info] [Worker 2] [libqueen] push(q=0 f=0/22 p99rtt=25ms) pop(q=0 f=0/16 p99rtt=2ms) custom(q=0 f=0/1 p99rtt=2ms) slots=25/25 jobs/s=612 drains=17498 evl=0ms
[2026-06-04 10:09:53.411] [info] [Worker 1] [libqueen] push(q=0 f=1/22 p99rtt=25ms) pop(q=0 f=0/16 p99rtt=2ms) custom(q=0 f=0/1 p99rtt=3ms) slots=24/25 jobs/s=606 drains=17787 evl=0ms
[2026-06-04 10:09:53.412] [info] [Worker 6] [libqueen] push(q=0 f=1/22 p99rtt=26ms) pop(q=0 f=0/16 p99rtt=2ms) custom(q=0 f=0/1 p99rtt=4ms) slots=24/25 jobs/s=612 drains=18045 evl=0ms
[2026-06-04 10:09:53.413] [info] [Worker 9] [libqueen] push(q=0 f=1/22 p99rtt=26ms) pop(q=0 f=0/16 p99rtt=2ms) custom(q=0 f=0/1 p99rtt=4ms) slots=24/25 jobs/s=600 drains=17631 evl=0ms
[2026-06-04 10:09:53.433] [info] [Worker 4] [libqueen] push(q=5 f=0/22 p99rtt=25ms) pop(q=0 f=0/16 p99rtt=3ms) custom(q=0 f=0/1 p99rtt=4ms) slots=25/25 jobs/s=612 drains=17423 evl=0ms
[2026-06-04 10:09:53.441] [info] [Worker 3] [libqueen] push(q=0 f=0/22 p99rtt=26ms) pop(q=0 f=0/16 p99rtt=3ms) custom(q=0 f=0/1 p99rtt=3ms) slots=25/25 jobs/s=618 drains=17543 evl=0ms
[2026-06-04 10:09:53.451] [info] [Worker 8] [libqueen] push(q=0 f=1/22 p99rtt=24ms) pop(q=0 f=0/16 p99rtt=2ms) custom(q=0 f=0/1 p99rtt=4ms) slots=24/25 jobs/s=618 drains=17656 evl=0ms
[2026-06-04 10:09:54.369] [info] [Worker 7] [libqueen] push(q=5 f=0/23 p99rtt=25ms) pop(q=0 f=0/16 p99rtt=3ms) custom(q=0 f=0/1 p99rtt=3ms) slots=25/25 jobs/s=606 drains=18579 evl=0ms
[2026-06-04 10:09:54.387] [info] [Worker 5] [libqueen] push(q=5 f=0/23 p99rtt=25ms) pop(q=0 f=0/16 p99rtt=4ms) custom(q=0 f=0/1 p99rtt=4ms) slots=25/25 jobs/s=606 drains=18253 evl=0ms
[2026-06-04 10:09:54.400] [info] [Worker 0] [libqueen] push(q=0 f=1/23 p99rtt=22ms) pop(q=0 f=0/16 p99rtt=3ms) custom(q=0 f=0/1 p99rtt=3ms) slots=24/25 jobs/s=600 drains=18399 evl=0ms
[2026-06-04 10:09:54.409] [info] [Worker 2] [libqueen] push(q=0 f=1/23 p99rtt=25ms) pop(q=0 f=0/16 p99rtt=2ms) custom(q=0 f=0/1 p99rtt=2ms) slots=24/25 jobs/s=582 drains=18320 evl=0ms
[2026-06-04 10:09:54.410] [info] [Worker 1] [libqueen] push(q=0 f=1/23 p99rtt=25ms) pop(q=0 f=0/16 p99rtt=2ms) custom(q=0 f=0/1 p99rtt=3ms) slots=24/25 jobs/s=593 drains=18632 evl=0ms
[2026-06-04 10:09:54.411] [info] [Worker 6] [libqueen] push(q=5 f=0/23 p99rtt=26ms) pop(q=0 f=0/16 p99rtt=2ms) custom(q=0 f=0/1 p99rtt=4ms) slots=25/25 jobs/s=612 drains=18879 evl=0ms
[2026-06-04 10:09:54.413] [info] [Worker 9] [libqueen] push(q=5 f=0/23 p99rtt=24ms) pop(q=0 f=0/16 p99rtt=2ms) custom(q=0 f=0/1 p99rtt=4ms) slots=25/25 jobs/s=600 drains=18445 evl=0ms
[2026-06-04 10:09:54.433] [info] [Worker 4] [libqueen] push(q=5 f=0/23 p99rtt=25ms) pop(q=0 f=0/16 p99rtt=3ms) custom(q=0 f=0/1 p99rtt=4ms) slots=25/25 jobs/s=594 drains=18233 evl=0ms
[2026-06-04 10:09:54.440] [info] [Worker 3] [libqueen] push(q=0 f=1/23 p99rtt=25ms) pop(q=0 f=0/16 p99rtt=3ms) custom(q=0 f=0/1 p99rtt=3ms) slots=24/25 jobs/s=576 drains=18354 evl=0ms
[2026-06-04 10:09:54.452] [info] [Worker 8] [libqueen] push(q=0 f=1/23 p99rtt=24ms) pop(q=0 f=0/16 p99rtt=2ms) custom(q=0 f=0/1 p99rtt=4ms) slots=24/25 jobs/s=606 drains=18505 evl=0ms
[2026-06-04 10:09:55.370] [info] [Worker 7] [libqueen] push(q=5 f=0/24 p99rtt=25ms) pop(q=0 f=0/16 p99rtt=3ms) custom(q=0 f=0/1 p99rtt=3ms) slots=25/25 jobs/s=588 drains=19393 evl=0ms
[2026-06-04 10:09:55.388] [info] [Worker 5] [libqueen] push(q=0 f=1/24 p99rtt=25ms) pop(q=0 f=0/16 p99rtt=4ms) custom(q=0 f=0/1 p99rtt=4ms) slots=24/25 jobs/s=582 drains=19049 evl=0ms
[2026-06-04 10:09:55.400] [info] [Worker 0] [libqueen] push(q=0 f=1/24 p99rtt=22ms) pop(q=0 f=0/16 p99rtt=3ms) custom(q=0 f=0/1 p99rtt=4ms) slots=24/25 jobs/s=582 drains=19169 evl=0ms
[2026-06-04 10:09:55.409] [info] [Worker 2] [libqueen] push(q=5 f=0/24 p99rtt=27ms) pop(q=0 f=0/16 p99rtt=2ms) custom(q=0 f=0/1 p99rtt=2ms) slots=25/25 jobs/s=576 drains=19119 evl=0ms
[2026-06-04 10:09:55.411] [info] [Worker 1] [libqueen] push(q=5 f=0/24 p99rtt=25ms) pop(q=0 f=0/16 p99rtt=2ms) custom(q=0 f=0/1 p99rtt=3ms) slots=25/25 jobs/s=582 drains=19415 evl=0ms
[2026-06-04 10:09:55.412] [info] [Worker 6] [libqueen] push(q=5 f=0/24 p99rtt=26ms) pop(q=0 f=0/16 p99rtt=2ms) custom(q=0 f=0/1 p99rtt=4ms) slots=25/25 jobs/s=570 drains=19678 evl=0ms
[2026-06-04 10:09:55.413] [info] [Worker 9] [libqueen] push(q=0 f=1/24 p99rtt=24ms) pop(q=0 f=0/16 p99rtt=2ms) custom(q=0 f=0/1 p99rtt=4ms) slots=24/25 jobs/s=582 drains=19255 evl=0ms
[2026-06-04 10:09:55.433] [info] [Worker 4] [libqueen] push(q=5 f=0/24 p99rtt=25ms) pop(q=0 f=0/16 p99rtt=3ms) custom(q=0 f=0/1 p99rtt=4ms) slots=25/25 jobs/s=576 drains=19038 evl=0ms
[2026-06-04 10:09:55.441] [info] [Worker 3] [libqueen] push(q=5 f=0/24 p99rtt=26ms) pop(q=0 f=0/16 p99rtt=3ms) custom(q=0 f=0/1 p99rtt=3ms) slots=25/25 jobs/s=588 drains=19152 evl=0ms
[2026-06-04 10:09:55.452] [info] [Worker 8] [libqueen] push(q=5 f=0/24 p99rtt=24ms) pop(q=0 f=0/16 p99rtt=2ms) custom(q=0 f=0/1 p99rtt=4ms) slots=25/25 jobs/s=582 drains=19318 evl=0ms
[2026-06-04 10:09:56.369] [info] [Worker 7] [libqueen] push(q=5 f=0/24 p99rtt=25ms) pop(q=0 f=0/16 p99rtt=3ms) custom(q=0 f=0/1 p99rtt=3ms) slots=25/25 jobs/s=612 drains=20241 evl=0ms
[2026-06-04 10:09:56.387] [info] [Worker 5] [libqueen] push(q=5 f=0/24 p99rtt=25ms) pop(q=0 f=0/16 p99rtt=4ms) custom(q=0 f=0/1 p99rtt=3ms) slots=25/25 jobs/s=606 drains=19888 evl=0ms
[2026-06-04 10:09:56.401] [info] [Worker 0] [libqueen] push(q=0 f=1/24 p99rtt=23ms) pop(q=0 f=0/16 p99rtt=3ms) custom(q=0 f=0/1 p99rtt=3ms) slots=24/25 jobs/s=624 drains=20025 evl=0ms
[2026-06-04 10:09:56.409] [info] [Worker 2] [libqueen] push(q=0 f=1/24 p99rtt=27ms) pop(q=0 f=0/16 p99rtt=2ms) custom(q=0 f=0/1 p99rtt=2ms) slots=24/25 jobs/s=606 drains=19931 evl=0ms
[2026-06-04 10:09:56.411] [info] [Worker 1] [libqueen] push(q=0 f=1/24 p99rtt=24ms) pop(q=0 f=0/16 p99rtt=3ms) custom(q=0 f=0/1 p99rtt=3ms) slots=24/25 jobs/s=600 drains=20240 evl=0ms
[2026-06-04 10:09:56.412] [info] [Worker 6] [libqueen] push(q=0 f=1/24 p99rtt=26ms) pop(q=0 f=0/16 p99rtt=2ms) custom(q=0 f=0/1 p99rtt=4ms) slots=24/25 jobs/s=618 drains=20510 evl=0ms
[2026-06-04 10:09:56.413] [info] [Worker 9] [libqueen] push(q=0 f=1/24 p99rtt=24ms) pop(q=0 f=0/16 p99rtt=2ms) custom(q=0 f=0/1 p99rtt=4ms) slots=24/25 jobs/s=606 drains=20103 evl=0ms
[2026-06-04 10:09:56.432] [info] [Worker 4] [libqueen] push(q=5 f=0/24 p99rtt=25ms) pop(q=0 f=0/16 p99rtt=3ms) custom(q=0 f=0/1 p99rtt=3ms) slots=25/25 jobs/s=600 drains=19866 evl=0ms
[2026-06-04 10:09:56.440] [info] [Worker 3] [libqueen] push(q=2 f=0/24 p99rtt=26ms) pop(q=0 f=0/16 p99rtt=3ms) custom(q=0 f=0/1 p99rtt=3ms) slots=25/25 jobs/s=600 drains=19972 evl=0ms
[2026-06-04 10:09:56.451] [info] [Worker 8] [libqueen] push(q=5 f=0/24 p99rtt=24ms) pop(q=0 f=0/16 p99rtt=2ms) custom(q=0 f=0/1 p99rtt=4ms) slots=25/25 jobs/s=606 drains=20131 evl=0ms
[2026-06-04 10:09:56.491] [info] QPOP: Connection aborted for 056e0b39-51df-47ff-a74d-e69e5720eaff
[2026-06-04 10:09:56.492] [info] QPOP: Connection aborted for 152bc140-c4e1-467a-8719-e220b2a3c71f
[2026-06-04 10:09:56.492] [info] QPOP: Connection aborted for 98b5df47-8fc8-4163-8884-5cbdef654ca0
[2026-06-04 10:09:56.492] [info] QPOP: Connection aborted for 622d7249-6fce-45e5-9c53-2db78f9dce1a
[2026-06-04 10:09:56.492] [info] QPOP: Connection aborted for 335cb3af-9ebb-4406-a2dc-0732e5564022
[2026-06-04 10:09:56.492] [info] QPOP: Connection aborted for e9d0e372-6cf5-471b-84ed-4e40394d8772
[2026-06-04 10:09:56.492] [info] QPOP: Connection aborted for 6f6ef0f7-ddc4-4082-849b-32820d969d23
[2026-06-04 10:09:56.494] [info] QPOP: Connection aborted for ff92deaf-6d69-49a1-8881-0c1c52f25518
[2026-06-04 10:09:56.494] [info] QPOP: Connection aborted for 7d656f93-860a-4c6a-b44e-506e3428e851
[2026-06-04 10:09:56.496] [info] QPOP: Connection aborted for f6ca4d39-17b8-4484-8caf-41c11b315bc1
[2026-06-04 10:09:56.496] [info] QPOP: Connection aborted for 93797540-bf71-4a00-8503-ee0683549679
[2026-06-04 10:09:56.498] [info] QPOP: Connection aborted for 9471d670-a4f0-4bea-8a1d-9a8b7ea7b82a
[2026-06-04 10:09:56.501] [info] QPOP: Connection aborted for f49ac5fe-3bfb-4c42-8f03-9c44f6bc4010
[2026-06-04 10:09:56.502] [info] QPOP: Connection aborted for eb655133-1f9a-4028-b555-50af65582aee
[2026-06-04 10:09:56.502] [info] QPOP: Connection aborted for 116deabf-eeb5-41c7-98ae-e17ca724e1b9
[2026-06-04 10:09:56.504] [info] QPOP: Connection aborted for c4106a41-15fc-4579-b8d6-d32bce02d8f7
[2026-06-04 10:09:56.504] [info] QPOP: Connection aborted for 6cab1be5-d7f7-4a29-afd9-243c391fbd38
[2026-06-04 10:09:56.509] [info] QPOP: Connection aborted for ab908367-0308-4abf-8a27-fbbcec1fb9fb
[2026-06-04 10:09:56.511] [info] QPOP: Connection aborted for bdcaeb12-eaf6-4d8a-bf65-828173ddf0f1
[2026-06-04 10:09:56.512] [info] QPOP: Connection aborted for e34f1178-2710-4854-b959-47c95b245a33
[2026-06-04 10:09:56.512] [info] QPOP: Connection aborted for d7730cc9-3025-4e1d-a650-b29cce2e9d0b
[2026-06-04 10:09:56.514] [info] QPOP: Connection aborted for bbc8a0bb-061e-4450-bcb8-e1e78db9b1ee
[2026-06-04 10:09:56.515] [info] QPOP: Connection aborted for 07209c8b-b4f4-40fe-940b-d29c9fc784ad
[2026-06-04 10:09:56.517] [info] QPOP: Connection aborted for 084f8797-0e4e-4148-97cd-864f74954dc1
[2026-06-04 10:09:56.517] [info] QPOP: Connection aborted for e64d9da4-ed29-48d6-9c25-5a0f8d1ed0e4
[2026-06-04 10:09:56.517] [info] QPOP: Connection aborted for 754bbdbb-acbb-47be-b5f6-0aa7ccafbc88
[2026-06-04 10:09:56.519] [info] QPOP: Connection aborted for 12321750-9938-4a08-ae2f-ecb24be9d110
[2026-06-04 10:09:56.520] [info] QPOP: Connection aborted for d7d05cc1-91a4-4bd6-a1a5-1c3dbdf3d363
[2026-06-04 10:09:56.522] [info] QPOP: Connection aborted for 24cf4b1f-7d94-45ab-8819-295b4c257d6a
[2026-06-04 10:09:56.522] [info] QPOP: Connection aborted for 1c071326-34d2-4668-accf-0e25222e6fdd
[2026-06-04 10:09:56.523] [info] QPOP: Connection aborted for 5d00ad8e-29bb-4336-ba85-86eefed66fd6
[2026-06-04 10:09:56.525] [info] QPOP: Connection aborted for af922259-7fc4-4ebd-9cfd-db5cd9293859
[2026-06-04 10:09:56.525] [info] QPOP: Connection aborted for ea1b34ff-5b91-4c8a-8344-b315c0ddc446
[2026-06-04 10:09:56.526] [info] QPOP: Connection aborted for 23644f4e-6b94-42e5-941a-4455bac8fe28
[2026-06-04 10:09:56.530] [info] QPOP: Connection aborted for 21707a49-de8d-468a-8c24-9083b8ac93d6
[2026-06-04 10:09:56.531] [info] QPOP: Connection aborted for 6df90cde-f769-487c-88f0-633a1e224ad3
[2026-06-04 10:09:56.531] [info] QPOP: Connection aborted for fd795223-d4a1-4622-920f-92105a2b2892
[2026-06-04 10:09:56.531] [info] QPOP: Connection aborted for 75302b83-a2ad-4bae-a564-b6fcd255ee19
[2026-06-04 10:09:56.532] [info] QPOP: Connection aborted for da6eafd9-daee-442a-8696-61a11088d441
[2026-06-04 10:09:56.532] [info] QPOP: Connection aborted for b4953ee6-da92-4f73-9008-3cc13926387d
[2026-06-04 10:09:56.535] [info] QPOP: Connection aborted for ef21dcdb-5530-4ed3-a42a-c6cc47a9d49e
[2026-06-04 10:09:56.535] [info] QPOP: Connection aborted for 8a222cc4-c97f-494f-8a55-0912d46a020b
[2026-06-04 10:09:56.536] [info] QPOP: Connection aborted for a700f592-37f7-405c-b91a-091c938b3506
[2026-06-04 10:09:56.537] [info] QPOP: Connection aborted for 0cc4c4e6-7968-49fe-8a0b-447739b0bdd3
[2026-06-04 10:09:56.537] [info] QPOP: Connection aborted for a47a22c4-8696-491e-9d6d-c74c490a3050
[2026-06-04 10:09:56.537] [info] QPOP: Connection aborted for 6721236b-e0e8-477e-afd0-ad6e788d342d
[2026-06-04 10:09:56.537] [info] QPOP: Connection aborted for fd3f9af1-4ed5-4c07-b878-96e4932cf4da
[2026-06-04 10:09:56.539] [info] QPOP: Connection aborted for d22ddb1b-4e0c-46b8-92ed-f2f6399f573e
[2026-06-04 10:09:56.542] [info] QPOP: Connection aborted for ab2b58a0-3896-4542-8316-56db3a3b3ee4
[2026-06-04 10:09:56.542] [info] QPOP: Connection aborted for 4e7580d2-0982-4d7c-b795-83f013f6e7b2
[2026-06-04 10:09:57.370] [info] [Worker 7] [libqueen] push(q=5 f=0/24 p99rtt=24ms) pop(q=0 f=0/16 p99rtt=3ms) custom(q=0 f=0/1 p99rtt=2ms) slots=25/25 jobs/s=600 drains=21086 evl=0ms
[2026-06-04 10:09:57.388] [info] [Worker 5] [libqueen] push(q=5 f=0/24 p99rtt=24ms) pop(q=0 f=0/16 p99rtt=4ms) custom(q=0 f=0/1 p99rtt=2ms) slots=25/25 jobs/s=594 drains=20719 evl=0ms
[2026-06-04 10:09:57.401] [info] [Worker 0] [libqueen] push(q=5 f=0/24 p99rtt=21ms) pop(q=0 f=0/16 p99rtt=3ms) custom(q=0 f=0/1 p99rtt=2ms) slots=25/25 jobs/s=606 drains=20892 evl=0ms
[2026-06-04 10:09:57.410] [info] [Worker 2] [libqueen] push(q=5 f=0/24 p99rtt=25ms) pop(q=0 f=0/16 p99rtt=2ms) custom(q=0 f=0/1 p99rtt=2ms) slots=25/25 jobs/s=594 drains=20766 evl=0ms
[2026-06-04 10:09:57.412] [info] [Worker 1] [libqueen] push(q=5 f=0/24 p99rtt=24ms) pop(q=0 f=0/16 p99rtt=3ms) custom(q=0 f=0/1 p99rtt=1ms) slots=25/25 jobs/s=600 drains=21079 evl=0ms
[2026-06-04 10:09:57.412] [info] [Worker 6] [libqueen] push(q=5 f=0/24 p99rtt=25ms) pop(q=0 f=0/16 p99rtt=3ms) custom(q=0 f=0/1 p99rtt=2ms) slots=25/25 jobs/s=600 drains=21339 evl=0ms
[2026-06-04 10:09:57.413] [info] [Worker 9] [libqueen] push(q=0 f=1/24 p99rtt=23ms) pop(q=0 f=0/16 p99rtt=2ms) custom(q=0 f=0/1 p99rtt=2ms) slots=24/25 jobs/s=606 drains=20949 evl=0ms
[2026-06-04 10:09:57.433] [info] [Worker 4] [libqueen] push(q=5 f=0/24 p99rtt=25ms) pop(q=0 f=0/16 p99rtt=3ms) custom(q=0 f=0/1 p99rtt=2ms) slots=25/25 jobs/s=618 drains=20708 evl=0ms
[2026-06-04 10:09:57.441] [info] [Worker 3] [libqueen] push(q=0 f=1/24 p99rtt=25ms) pop(q=0 f=0/16 p99rtt=3ms) custom(q=0 f=1/1 p99rtt=1ms) slots=23/25 jobs/s=611 drains=20827 evl=0ms
[2026-06-04 10:09:57.452] [info] [Worker 8] [libqueen] push(q=0 f=1/24 p99rtt=24ms) pop(q=0 f=0/16 p99rtt=2ms) custom(q=0 f=0/1 p99rtt=2ms) slots=24/25 jobs/s=600 drains=20971 evl=0ms
[2026-06-04 10:09:58.370] [info] [Worker 7] [libqueen] push(q=5 f=0/24 p99rtt=24ms) pop(q=0 f=0/16 p99rtt=3ms) custom(q=0 f=0/1 p99rtt=1ms) slots=25/25 jobs/s=630 drains=21961 evl=0ms
[2026-06-04 10:09:58.387] [info] [Worker 5] [libqueen] push(q=0 f=0/24 p99rtt=24ms) pop(q=0 f=0/16 p99rtt=4ms) custom(q=0 f=1/1 p99rtt=1ms) slots=24/25 jobs/s=623 drains=21557 evl=0ms
[2026-06-04 10:09:58.402] [info] [Worker 0] [libqueen] push(q=5 f=0/24 p99rtt=21ms) pop(q=0 f=0/16 p99rtt=3ms) custom(q=0 f=0/1 p99rtt=1ms) slots=25/25 jobs/s=618 drains=21767 evl=0ms
[2026-06-04 10:09:58.410] [info] [Worker 2] [libqueen] push(q=5 f=0/24 p99rtt=23ms) pop(q=0 f=0/16 p99rtt=2ms) custom(q=0 f=0/1 p99rtt=1ms) slots=25/25 jobs/s=618 drains=21607 evl=0ms
[2026-06-04 10:09:58.411] [info] [Worker 6] [libqueen] push(q=5 f=0/24 p99rtt=25ms) pop(q=0 f=0/16 p99rtt=3ms) custom(q=0 f=0/1 p99rtt=1ms) slots=25/25 jobs/s=618 drains=22167 evl=0ms
[2026-06-04 10:09:58.412] [info] [Worker 1] [libqueen] push(q=5 f=0/24 p99rtt=24ms) pop(q=0 f=0/16 p99rtt=3ms) custom(q=0 f=0/1 p99rtt=1ms) slots=25/25 jobs/s=612 drains=21898 evl=0ms
[2026-06-04 10:09:58.414] [info] [Worker 9] [libqueen] push(q=5 f=0/24 p99rtt=22ms) pop(q=0 f=0/16 p99rtt=2ms) custom(q=0 f=0/1 p99rtt=1ms) slots=25/25 jobs/s=612 drains=21782 evl=0ms
[2026-06-04 10:09:58.434] [info] [Worker 4] [libqueen] push(q=0 f=0/24 p99rtt=24ms) pop(q=0 f=0/16 p99rtt=3ms) custom(q=0 f=0/1 p99rtt=1ms) slots=25/25 jobs/s=624 drains=21549 evl=0ms
[2026-06-04 10:09:58.441] [info] [Worker 3] [libqueen] push(q=0 f=1/24 p99rtt=25ms) pop(q=0 f=0/16 p99rtt=3ms) custom(q=0 f=0/1 p99rtt=1ms) slots=24/25 jobs/s=607 drains=21645 evl=0ms
[2026-06-04 10:09:58.452] [info] [Worker 8] [libqueen] push(q=0 f=1/24 p99rtt=23ms) pop(q=0 f=0/16 p99rtt=2ms) custom(q=0 f=0/1 p99rtt=1ms) slots=24/25 jobs/s=618 drains=21829 evl=0ms
[2026-06-04 10:09:59.370] [info] [Worker 7] [libqueen] push(q=5 f=0/24 p99rtt=23ms) pop(q=0 f=0/16 p99rtt=3ms) custom(q=0 f=0/1 p99rtt=1ms) slots=25/25 jobs/s=618 drains=22787 evl=0ms
[2026-06-04 10:09:59.387] [info] [Worker 5] [libqueen] push(q=5 f=0/24 p99rtt=23ms) pop(q=0 f=0/16 p99rtt=4ms) custom(q=0 f=0/1 p99rtt=1ms) slots=25/25 jobs/s=601 drains=22382 evl=0ms
[2026-06-04 10:09:59.401] [info] [Worker 0] [libqueen] push(q=5 f=0/24 p99rtt=20ms) pop(q=0 f=0/16 p99rtt=3ms) custom(q=0 f=0/1 p99rtt=1ms) slots=25/25 jobs/s=612 drains=22595 evl=0ms
[2026-06-04 10:09:59.410] [info] [Worker 2] [libqueen] push(q=3 f=0/24 p99rtt=23ms) pop(q=0 f=0/16 p99rtt=2ms) custom(q=0 f=1/1 p99rtt=1ms) slots=24/25 jobs/s=605 drains=22414 evl=0ms
[2026-06-04 10:09:59.412] [info] [Worker 1] [libqueen] push(q=5 f=0/24 p99rtt=24ms) pop(q=0 f=0/16 p99rtt=3ms) custom(q=0 f=0/1 p99rtt=1ms) slots=25/25 jobs/s=612 drains=22734 evl=0ms
[2026-06-04 10:09:59.412] [info] [Worker 6] [libqueen] push(q=5 f=0/24 p99rtt=25ms) pop(q=0 f=0/16 p99rtt=3ms) custom(q=0 f=0/1 p99rtt=1ms) slots=25/25 jobs/s=612 drains=23002 evl=0ms
[2026-06-04 10:09:59.414] [info] [Worker 9] [libqueen] push(q=5 f=0/24 p99rtt=22ms) pop(q=0 f=0/16 p99rtt=2ms) custom(q=0 f=0/1 p99rtt=1ms) slots=25/25 jobs/s=594 drains=22592 evl=0ms
[2026-06-04 10:09:59.434] [info] [Worker 4] [libqueen] push(q=0 f=0/24 p99rtt=24ms) pop(q=0 f=0/16 p99rtt=3ms) custom(q=0 f=1/1 p99rtt=1ms) slots=24/25 jobs/s=599 drains=22370 evl=0ms
[2026-06-04 10:09:59.441] [info] [Worker 3] [libqueen] push(q=5 f=0/24 p99rtt=23ms) pop(q=0 f=0/16 p99rtt=3ms) custom(q=0 f=0/1 p99rtt=1ms) slots=25/25 jobs/s=606 drains=22455 evl=0ms
[2026-06-04 10:09:59.452] [info] [Worker 8] [libqueen] push(q=5 f=0/24 p99rtt=23ms) pop(q=0 f=0/16 p99rtt=2ms) custom(q=0 f=0/1 p99rtt=1ms) slots=25/25 jobs/s=612 drains=22669 evl=0ms
[2026-06-04 10:10:00.370] [info] [Worker 7] [libqueen] push(q=5 f=0/24 p99rtt=24ms) pop(q=0 f=0/16 p99rtt=3ms) custom(q=3 f=0/1 p99rtt=1ms) slots=25/25 jobs/s=594 drains=23593 evl=0ms
[2026-06-04 10:10:00.388] [info] [Worker 5] [libqueen] push(q=5 f=0/24 p99rtt=21ms) pop(q=0 f=0/16 p99rtt=4ms) custom(q=3 f=0/1 p99rtt=1ms) slots=25/25 jobs/s=582 drains=23188 evl=0ms
[2026-06-04 10:10:00.402] [info] [Worker 0] [libqueen] push(q=5 f=0/24 p99rtt=21ms) pop(q=0 f=0/16 p99rtt=3ms) custom(q=3 f=0/1 p99rtt=1ms) slots=25/25 jobs/s=588 drains=23397 evl=0ms
[2026-06-04 10:10:00.410] [info] [Worker 2] [libqueen] push(q=5 f=0/24 p99rtt=23ms) pop(q=0 f=0/16 p99rtt=2ms) custom(q=3 f=0/1 p99rtt=1ms) slots=25/25 jobs/s=583 drains=23203 evl=0ms
[2026-06-04 10:10:00.412] [info] [Worker 6] [libqueen] push(q=5 f=0/24 p99rtt=24ms) pop(q=0 f=0/16 p99rtt=3ms) custom(q=3 f=0/1 p99rtt=1ms) slots=25/25 jobs/s=588 drains=23793 evl=0ms
[2026-06-04 10:10:00.412] [info] [Worker 1] [libqueen] push(q=5 f=0/24 p99rtt=22ms) pop(q=0 f=0/16 p99rtt=3ms) custom(q=3 f=0/1 p99rtt=1ms) slots=25/25 jobs/s=594 drains=23551 evl=0ms
[2026-06-04 10:10:00.414] [info] [Worker 9] [libqueen] push(q=5 f=0/24 p99rtt=22ms) pop(q=0 f=0/16 p99rtt=2ms) custom(q=3 f=0/1 p99rtt=1ms) slots=25/25 jobs/s=588 drains=23416 evl=0ms
[2026-06-04 10:10:00.433] [info] [Worker 4] [libqueen] push(q=5 f=0/24 p99rtt=22ms) pop(q=0 f=0/16 p99rtt=3ms) custom(q=3 f=0/1 p99rtt=1ms) slots=25/25 jobs/s=583 drains=23168 evl=0ms
[2026-06-04 10:10:00.441] [info] [Worker 3] [libqueen] push(q=5 f=0/24 p99rtt=23ms) pop(q=0 f=0/16 p99rtt=3ms) custom(q=3 f=0/1 p99rtt=1ms) slots=25/25 jobs/s=582 drains=23249 evl=0ms
[2026-06-04 10:10:00.453] [info] [Worker 8] [libqueen] push(q=5 f=0/24 p99rtt=22ms) pop(q=0 f=0/16 p99rtt=2ms) custom(q=3 f=0/1 p99rtt=1ms) slots=25/25 jobs/s=582 drains=23464 evl=0ms
[2026-06-04 10:10:00.701] [info] StatsService: cycle completed in 16ms
[2026-06-04 10:10:01.369] [info] [Worker 7] [libqueen] push(q=0 f=0/24 p99rtt=23ms) pop(q=0 f=0/16 p99rtt=3ms) custom(q=0 f=1/1 p99rtt=1ms) slots=24/25 jobs/s=608 drains=24423 evl=0ms
[2026-06-04 10:10:01.387] [info] [Worker 5] [libqueen] push(q=0 f=1/24 p99rtt=21ms) pop(q=0 f=0/16 p99rtt=4ms) custom(q=0 f=0/1 p99rtt=1ms) slots=24/25 jobs/s=597 drains=24004 evl=0ms
[2026-06-04 10:10:01.402] [info] [Worker 0] [libqueen] push(q=5 f=0/24 p99rtt=23ms) pop(q=0 f=0/16 p99rtt=3ms) custom(q=0 f=0/1 p99rtt=1ms) slots=25/25 jobs/s=603 drains=24229 evl=0ms
[2026-06-04 10:10:01.410] [info] [Worker 2] [libqueen] push(q=5 f=0/24 p99rtt=22ms) pop(q=0 f=0/16 p99rtt=2ms) custom(q=0 f=0/1 p99rtt=1ms) slots=25/25 jobs/s=609 drains=24016 evl=0ms
[2026-06-04 10:10:01.412] [info] [Worker 6] [libqueen] push(q=5 f=0/24 p99rtt=24ms) pop(q=0 f=0/16 p99rtt=3ms) custom(q=0 f=0/1 p99rtt=1ms) slots=25/25 jobs/s=603 drains=24624 evl=0ms
[2026-06-04 10:10:01.412] [info] [Worker 1] [libqueen] push(q=5 f=0/24 p99rtt=21ms) pop(q=0 f=0/16 p99rtt=3ms) custom(q=0 f=0/1 p99rtt=1ms) slots=25/25 jobs/s=621 drains=24396 evl=0ms
[2026-06-04 10:10:01.414] [info] [Worker 9] [libqueen] push(q=0 f=1/24 p99rtt=22ms) pop(q=0 f=0/16 p99rtt=2ms) custom(q=0 f=0/1 p99rtt=1ms) slots=24/25 jobs/s=597 drains=24236 evl=0ms
[2026-06-04 10:10:01.433] [info] [Worker 4] [libqueen] push(q=0 f=0/24 p99rtt=21ms) pop(q=0 f=0/16 p99rtt=3ms) custom(q=0 f=1/1 p99rtt=1ms) slots=24/25 jobs/s=608 drains=23979 evl=0ms
[2026-06-04 10:10:01.442] [info] [Worker 3] [libqueen] push(q=5 f=0/24 p99rtt=22ms) pop(q=0 f=0/16 p99rtt=3ms) custom(q=0 f=0/1 p99rtt=1ms) slots=25/25 jobs/s=614 drains=24083 evl=0ms
[2026-06-04 10:10:01.452] [info] [Worker 8] [libqueen] push(q=5 f=0/24 p99rtt=22ms) pop(q=0 f=0/16 p99rtt=2ms) custom(q=0 f=0/1 p99rtt=1ms) slots=25/25 jobs/s=615 drains=24279 evl=0ms
[2026-06-04 10:10:02.369] [info] [Worker 7] [libqueen] push(q=5 f=0/24 p99rtt=22ms) pop(q=0 f=0/16 p99rtt=3ms) custom(q=0 f=0/1 p99rtt=1ms) slots=25/25 jobs/s=613 drains=25274 evl=0ms
[2026-06-04 10:10:02.388] [info] [Worker 5] [libqueen] push(q=5 f=0/24 p99rtt=21ms) pop(q=0 f=0/16 p99rtt=4ms) custom(q=0 f=0/1 p99rtt=1ms) slots=25/25 jobs/s=618 drains=24857 evl=0ms
[2026-06-04 10:10:02.402] [info] [Worker 0] [libqueen] push(q=5 f=0/24 p99rtt=23ms) pop(q=0 f=0/16 p99rtt=3ms) custom(q=0 f=0/1 p99rtt=1ms) slots=25/25 jobs/s=582 drains=25033 evl=0ms
[2026-06-04 10:10:02.411] [info] [Worker 2] [libqueen] push(q=5 f=0/24 p99rtt=20ms) pop(q=0 f=0/16 p99rtt=2ms) custom(q=0 f=0/1 p99rtt=1ms) slots=25/25 jobs/s=612 drains=24848 evl=0ms
[2026-06-04 10:10:02.412] [info] [Worker 6] [libqueen] push(q=5 f=0/24 p99rtt=21ms) pop(q=0 f=0/16 p99rtt=2ms) custom(q=0 f=0/1 p99rtt=1ms) slots=25/25 jobs/s=606 drains=25457 evl=0ms
[2026-06-04 10:10:02.413] [info] [Worker 1] [libqueen] push(q=5 f=0/24 p99rtt=21ms) pop(q=0 f=0/16 p99rtt=3ms) custom(q=0 f=0/1 p99rtt=1ms) slots=25/25 jobs/s=606 drains=25247 evl=0ms
[2026-06-04 10:10:02.415] [info] [Worker 9] [libqueen] push(q=5 f=0/24 p99rtt=21ms) pop(q=0 f=0/16 p99rtt=2ms) custom(q=0 f=0/1 p99rtt=1ms) slots=25/25 jobs/s=612 drains=25073 evl=0ms
[2026-06-04 10:10:02.434] [info] [Worker 4] [libqueen] push(q=5 f=0/24 p99rtt=21ms) pop(q=0 f=0/16 p99rtt=3ms) custom(q=0 f=0/1 p99rtt=1ms) slots=25/25 jobs/s=613 drains=24820 evl=0ms
[2026-06-04 10:10:02.442] [info] [Worker 3] [libqueen] push(q=0 f=0/24 p99rtt=22ms) pop(q=0 f=0/16 p99rtt=3ms) custom(q=0 f=0/1 p99rtt=1ms) slots=25/25 jobs/s=606 drains=24893 evl=0ms
[2026-06-04 10:10:02.452] [info] [Worker 8] [libqueen] push(q=5 f=0/24 p99rtt=22ms) pop(q=0 f=0/16 p99rtt=2ms) custom(q=0 f=0/1 p99rtt=1ms) slots=25/25 jobs/s=612 drains=25130 evl=0ms
[2026-06-04 10:10:03.369] [info] [Worker 7] [libqueen] push(q=4 f=0/24 p99rtt=21ms) pop(q=0 f=0/16 p99rtt=3ms) custom(q=0 f=0/1 p99rtt=1ms) slots=25/25 jobs/s=600 drains=26107 evl=0ms
[2026-06-04 10:10:03.388] [info] [Worker 5] [libqueen] push(q=0 f=1/24 p99rtt=21ms) pop(q=0 f=0/16 p99rtt=4ms) custom(q=0 f=0/1 p99rtt=1ms) slots=24/25 jobs/s=576 drains=25653 evl=0ms
[2026-06-04 10:10:03.402] [info] [Worker 0] [libqueen] push(q=5 f=0/24 p99rtt=23ms) pop(q=0 f=0/16 p99rtt=3ms) custom(q=0 f=0/1 p99rtt=1ms) slots=25/25 jobs/s=594 drains=25856 evl=0ms
[2026-06-04 10:10:03.411] [info] [Worker 2] [libqueen] push(q=0 f=0/24 p99rtt=20ms) pop(q=0 f=0/16 p99rtt=2ms) custom(q=0 f=0/1 p99rtt=1ms) slots=25/25 jobs/s=594 drains=25675 evl=0ms
[2026-06-04 10:10:03.412] [info] [Worker 6] [libqueen] push(q=0 f=0/24 p99rtt=21ms) pop(q=0 f=0/16 p99rtt=2ms) custom(q=0 f=1/1 p99rtt=1ms) slots=24/25 jobs/s=581 drains=26229 evl=0ms
[2026-06-04 10:10:03.412] [info] [Worker 1] [libqueen] push(q=0 f=1/24 p99rtt=20ms) pop(q=0 f=0/16 p99rtt=2ms) custom(q=0 f=0/1 p99rtt=2ms) slots=24/25 jobs/s=606 drains=26067 evl=0ms
[2026-06-04 10:10:03.415] [info] [Worker 9] [libqueen] push(q=5 f=0/24 p99rtt=21ms) pop(q=0 f=0/16 p99rtt=2ms) custom(q=0 f=0/1 p99rtt=1ms) slots=25/25 jobs/s=600 drains=25896 evl=0ms
[2026-06-04 10:10:03.434] [info] [Worker 4] [libqueen] push(q=5 f=0/24 p99rtt=20ms) pop(q=0 f=0/16 p99rtt=3ms) custom(q=0 f=0/1 p99rtt=1ms) slots=25/25 jobs/s=600 drains=25661 evl=0ms
[2026-06-04 10:10:03.442] [info] [Worker 3] [libqueen] push(q=0 f=0/24 p99rtt=22ms) pop(q=0 f=0/16 p99rtt=3ms) custom(q=0 f=0/1 p99rtt=1ms) slots=25/25 jobs/s=594 drains=25704 evl=0ms
[2026-06-04 10:10:03.453] [info] [Worker 8] [libqueen] push(q=5 f=0/24 p99rtt=22ms) pop(q=0 f=0/16 p99rtt=2ms) custom(q=0 f=0/1 p99rtt=1ms) slots=25/25 jobs/s=594 drains=25915 evl=0ms
[2026-06-04 10:10:04.370] [info] [Worker 7] [libqueen] push(q=0 f=1/24 p99rtt=23ms) pop(q=0 f=0/16 p99rtt=3ms) custom(q=0 f=1/1 p99rtt=1ms) slots=23/25 jobs/s=527 drains=26836 evl=0ms
[2026-06-04 10:10:04.388] [info] [Worker 5] [libqueen] push(q=0 f=1/24 p99rtt=23ms) pop(q=0 f=0/16 p99rtt=4ms) custom(q=0 f=1/1 p99rtt=1ms) slots=23/25 jobs/s=539 drains=26376 evl=0ms
[2026-06-04 10:10:04.402] [info] [Worker 0] [libqueen] push(q=0 f=1/24 p99rtt=24ms) pop(q=0 f=0/16 p99rtt=3ms) custom(q=0 f=1/1 p99rtt=1ms) slots=23/25 jobs/s=491 drains=26524 evl=0ms
[2026-06-04 10:10:04.410] [info] [Worker 2] [libqueen] push(q=0 f=1/24 p99rtt=22ms) pop(q=0 f=0/16 p99rtt=2ms) custom(q=0 f=1/1 p99rtt=1ms) slots=23/25 jobs/s=503 drains=26360 evl=0ms
[2026-06-04 10:10:04.411] [info] [Worker 6] [libqueen] push(q=0 f=1/24 p99rtt=21ms) pop(q=0 f=0/16 p99rtt=2ms) custom(q=0 f=0/1 p99rtt=1ms) slots=24/25 jobs/s=505 drains=26911 evl=0ms
[2026-06-04 10:10:04.413] [info] [Worker 1] [libqueen] push(q=0 f=1/24 p99rtt=21ms) pop(q=0 f=0/16 p99rtt=2ms) custom(q=0 f=1/1 p99rtt=2ms) slots=23/25 jobs/s=503 drains=26752 evl=0ms
[2026-06-04 10:10:04.415] [info] [Worker 9] [libqueen] push(q=0 f=1/24 p99rtt=22ms) pop(q=0 f=0/16 p99rtt=2ms) custom(q=0 f=1/1 p99rtt=1ms) slots=23/25 jobs/s=497 drains=26566 evl=0ms
[2026-06-04 10:10:04.434] [info] [Worker 4] [libqueen] push(q=0 f=1/24 p99rtt=21ms) pop(q=0 f=0/16 p99rtt=3ms) custom(q=0 f=1/1 p99rtt=1ms) slots=23/25 jobs/s=491 drains=26321 evl=0ms
[2026-06-04 10:10:04.442] [info] [Worker 3] [libqueen] push(q=0 f=1/24 p99rtt=24ms) pop(q=0 f=0/16 p99rtt=3ms) custom(q=0 f=1/1 p99rtt=1ms) slots=23/25 jobs/s=485 drains=26399 evl=0ms
[2026-06-04 10:10:04.453] [info] [Worker 8] [libqueen] push(q=0 f=1/24 p99rtt=23ms) pop(q=0 f=0/16 p99rtt=2ms) custom(q=0 f=1/1 p99rtt=1ms) slots=23/25 jobs/s=503 drains=26565 evl=0ms
[2026-06-04 10:10:05.370] [info] [Worker 7] [libqueen] push(q=5 f=0/24 p99rtt=25ms) pop(q=0 f=0/16 p99rtt=3ms) custom(q=0 f=0/1 p99rtt=1ms) slots=25/25 jobs/s=379 drains=27366 evl=0ms
[2026-06-04 10:10:05.387] [info] [Worker 5] [libqueen] push(q=0 f=0/24 p99rtt=24ms) pop(q=0 f=0/16 p99rtt=4ms) custom(q=0 f=0/1 p99rtt=1ms) slots=25/25 jobs/s=367 drains=26893 evl=0ms
[2026-06-04 10:10:05.403] [info] [Worker 0] [libqueen] push(q=0 f=1/24 p99rtt=27ms) pop(q=0 f=0/16 p99rtt=3ms) custom(q=0 f=0/1 p99rtt=1ms) slots=24/25 jobs/s=391 drains=27075 evl=0ms
[2026-06-04 10:10:05.411] [info] [Worker 2] [libqueen] push(q=5 f=0/24 p99rtt=24ms) pop(q=0 f=0/16 p99rtt=2ms) custom(q=0 f=0/1 p99rtt=1ms) slots=25/25 jobs/s=390 drains=26903 evl=0ms
[2026-06-04 10:10:05.412] [info] [Worker 6] [libqueen] push(q=0 f=1/24 p99rtt=25ms) pop(q=0 f=0/16 p99rtt=2ms) custom(q=0 f=0/1 p99rtt=1ms) slots=24/25 jobs/s=396 drains=27463 evl=0ms
[2026-06-04 10:10:05.414] [info] [Worker 1] [libqueen] push(q=5 f=0/24 p99rtt=23ms) pop(q=0 f=0/16 p99rtt=2ms) custom(q=0 f=0/1 p99rtt=2ms) slots=25/25 jobs/s=397 drains=27323 evl=0ms
[2026-06-04 10:10:05.416] [info] [Worker 9] [libqueen] push(q=0 f=1/24 p99rtt=26ms) pop(q=0 f=0/16 p99rtt=2ms) custom(q=0 f=0/1 p99rtt=1ms) slots=24/25 jobs/s=397 drains=27113 evl=0ms
[2026-06-04 10:10:05.433] [info] [Worker 4] [libqueen] push(q=0 f=0/24 p99rtt=23ms) pop(q=0 f=0/16 p99rtt=3ms) custom(q=0 f=1/1 p99rtt=1ms) slots=24/25 jobs/s=414 drains=26879 evl=0ms
[2026-06-04 10:10:05.443] [info] [Worker 3] [libqueen] push(q=5 f=0/24 p99rtt=25ms) pop(q=0 f=0/16 p99rtt=3ms) custom(q=0 f=0/1 p99rtt=1ms) slots=25/25 jobs/s=409 drains=26981 evl=0ms
[2026-06-04 10:10:05.453] [info] [Worker 8] [libqueen] push(q=0 f=1/24 p99rtt=26ms) pop(q=0 f=0/16 p99rtt=2ms) custom(q=0 f=0/1 p99rtt=1ms) slots=24/25 jobs/s=427 drains=27161 evl=0ms
[2026-06-04 10:10:06.371] [info] [Worker 7] [libqueen] push(q=5 f=0/24 p99rtt=25ms) pop(q=0 f=0/16 p99rtt=3ms) custom(q=0 f=0/1 p99rtt=1ms) slots=25/25 jobs/s=612 drains=28198 evl=0ms
[2026-06-04 10:10:06.388] [info] [Worker 5] [libqueen] push(q=0 f=1/24 p99rtt=24ms) pop(q=0 f=0/16 p99rtt=4ms) custom(q=0 f=0/1 p99rtt=1ms) slots=24/25 jobs/s=606 drains=27745 evl=0ms
[2026-06-04 10:10:06.403] [info] [Worker 0] [libqueen] push(q=5 f=0/24 p99rtt=25ms) pop(q=0 f=0/16 p99rtt=3ms) custom(q=0 f=0/1 p99rtt=1ms) slots=25/25 jobs/s=618 drains=27938 evl=0ms
[2026-06-04 10:10:06.410] [info] [Worker 2] [libqueen] push(q=0 f=1/24 p99rtt=23ms) pop(q=0 f=0/16 p99rtt=2ms) custom(q=0 f=0/1 p99rtt=1ms) slots=24/25 jobs/s=600 drains=27735 evl=0ms
[2026-06-04 10:10:06.412] [info] [Worker 6] [libqueen] push(q=5 f=0/24 p99rtt=24ms) pop(q=0 f=0/16 p99rtt=2ms) custom(q=0 f=0/1 p99rtt=1ms) slots=25/25 jobs/s=606 drains=28286 evl=0ms
[2026-06-04 10:10:06.414] [info] [Worker 1] [libqueen] push(q=5 f=0/24 p99rtt=23ms) pop(q=0 f=0/16 p99rtt=2ms) custom(q=0 f=0/1 p99rtt=2ms) slots=25/25 jobs/s=624 drains=28188 evl=0ms
[2026-06-04 10:10:06.415] [info] [Worker 9] [libqueen] push(q=0 f=0/24 p99rtt=26ms) pop(q=0 f=0/16 p99rtt=2ms) custom(q=0 f=0/1 p99rtt=1ms) slots=25/25 jobs/s=606 drains=27937 evl=0ms
[2026-06-04 10:10:06.433] [info] [Worker 4] [libqueen] push(q=0 f=1/24 p99rtt=23ms) pop(q=0 f=0/16 p99rtt=3ms) custom(q=0 f=0/1 p99rtt=1ms) slots=24/25 jobs/s=607 drains=27733 evl=0ms
[2026-06-04 10:10:06.443] [info] [Worker 3] [libqueen] push(q=5 f=0/24 p99rtt=25ms) pop(q=0 f=0/16 p99rtt=3ms) custom(q=0 f=0/1 p99rtt=1ms) slots=25/25 jobs/s=594 drains=27803 evl=0ms
[2026-06-04 10:10:06.454] [info] [Worker 8] [libqueen] push(q=5 f=0/24 p99rtt=25ms) pop(q=0 f=0/16 p99rtt=2ms) custom(q=0 f=0/1 p99rtt=1ms) slots=25/25 jobs/s=612 drains=27998 evl=0ms
[2026-06-04 10:10:06.494] [info] QPOP: Connection aborted for 682eaa3f-8169-4929-b157-e89866eeb1c5
[2026-06-04 10:10:06.494] [info] QPOP: Connection aborted for 0dec7976-0c1b-4ac3-b83f-79d9f07ab41e
[2026-06-04 10:10:06.494] [info] QPOP: Connection aborted for 5a8c2590-f712-4269-9246-762ae0fe7fe8
[2026-06-04 10:10:06.494] [info] QPOP: Connection aborted for bcf53a06-ff64-4625-b5b1-e2137c01ffe6
[2026-06-04 10:10:06.494] [info] QPOP: Connection aborted for ce588fc1-a759-4d5e-b0c8-9e4d12534872
[2026-06-04 10:10:06.494] [info] QPOP: Connection aborted for 811aa3e7-aa03-48f5-973c-5965788383f4
[2026-06-04 10:10:06.494] [info] QPOP: Connection aborted for ba9ece48-c2c9-497b-9c11-f53e8ac3185b
[2026-06-04 10:10:06.494] [info] QPOP: Connection aborted for 3f56c588-89fd-4cb4-8838-b726cd27f67d
[2026-06-04 10:10:06.494] [info] QPOP: Connection aborted for 122cf48a-d60d-49cb-b42b-41f9a70fc020
[2026-06-04 10:10:06.497] [info] QPOP: Connection aborted for 8f309cad-6c80-4c49-a508-f78250d84f66
[2026-06-04 10:10:06.497] [info] QPOP: Connection aborted for ff96e6e2-2d47-4ec5-9d68-85b4edb61f56
[2026-06-04 10:10:06.499] [info] QPOP: Connection aborted for 31a996db-c5d4-44d0-9665-0e30a59229be
[2026-06-04 10:10:06.502] [info] QPOP: Connection aborted for 6202222d-6302-4e9c-a342-3b4f1f082e2b
[2026-06-04 10:10:06.504] [info] QPOP: Connection aborted for c26ac1ec-8d7d-4f1d-a57d-27ec21cae279
[2026-06-04 10:10:06.504] [info] QPOP: Connection aborted for 964554d4-b19b-4bfe-9128-a05c0340508f
[2026-06-04 10:10:06.505] [info] QPOP: Connection aborted for 7b43303a-84c8-4bd8-b97a-fb624661c35a
[2026-06-04 10:10:06.507] [info] QPOP: Connection aborted for 62c525cc-50ee-440d-a3e9-204520948a3e
[2026-06-04 10:10:06.509] [info] QPOP: Connection aborted for 683652d2-2f8e-4b24-ad14-c35602d3f552
[2026-06-04 10:10:06.513] [info] QPOP: Connection aborted for 7ecb0b16-efff-4f62-8d38-d58b072b1619
[2026-06-04 10:10:06.514] [info] QPOP: Connection aborted for 44d1c080-1ca3-4530-8eb2-3103d219473f
[2026-06-04 10:10:06.514] [info] QPOP: Connection aborted for 2911771e-4fc2-416d-84d5-31bfba7bf8c6
[2026-06-04 10:10:06.516] [info] QPOP: Connection aborted for d0ee0564-e4c5-4ee4-8ef3-0cf3a99b766e
[2026-06-04 10:10:06.517] [info] QPOP: Connection aborted for f28b14dc-e22f-4f0b-adf7-b10a82dc1596
[2026-06-04 10:10:06.518] [info] QPOP: Connection aborted for aab12a6f-95fb-487f-aa7b-0601a4a427f5
[2026-06-04 10:10:06.518] [info] QPOP: Connection aborted for b7fb3a33-1dcf-4d7b-bf3e-6d995a166f1a
[2026-06-04 10:10:06.518] [info] QPOP: Connection aborted for 87e6764f-23a1-4e27-868a-1b30938a3b2d
[2026-06-04 10:10:06.520] [info] QPOP: Connection aborted for 2e6bb580-0491-4ced-a3a7-a19187ab3eab
[2026-06-04 10:10:06.521] [info] QPOP: Connection aborted for 768fbd6a-1aa6-49ec-8e2a-167b9360ec1f
[2026-06-04 10:10:06.524] [info] QPOP: Connection aborted for 62e68bc4-4f06-46d1-ae7f-cccfc2a91ce6
[2026-06-04 10:10:06.524] [info] QPOP: Connection aborted for 252089a7-021c-47d5-a20f-84d8457dabb8
[2026-06-04 10:10:06.524] [info] QPOP: Connection aborted for 3902ab92-a2c9-4741-ad4d-a65cbc6a31e5
[2026-06-04 10:10:06.527] [info] QPOP: Connection aborted for 91e41485-3929-4eda-bffb-75c80fdad958
[2026-06-04 10:10:06.527] [info] QPOP: Connection aborted for c8bbabf2-5211-4877-ba57-6e5f3500dee9
[2026-06-04 10:10:06.528] [info] QPOP: Connection aborted for 1ded2be3-28d5-4ee7-a8d5-f9cd95dd4256
[2026-06-04 10:10:06.531] [info] QPOP: Connection aborted for c79b14ed-435f-4d7b-80c1-c92277f4e129
[2026-06-04 10:10:06.532] [info] QPOP: Connection aborted for 054d02ff-e220-42ca-8005-8eeea9a52f9c
[2026-06-04 10:10:06.534] [info] QPOP: Connection aborted for 8b86510d-e4f6-462f-ab29-4b5fd2252878
[2026-06-04 10:10:06.534] [info] QPOP: Connection aborted for 05cd2c31-a86f-4f7d-b20a-8e4bcf861155
[2026-06-04 10:10:06.534] [info] QPOP: Connection aborted for 6dd8c870-9d80-46e4-a7f6-31ef95401976
[2026-06-04 10:10:06.535] [info] QPOP: Connection aborted for 65e59249-9a52-4b14-860c-f742f4fe03fe
[2026-06-04 10:10:06.536] [info] QPOP: Connection aborted for 3181258c-0def-4fc6-9997-e07deb4f5a48
[2026-06-04 10:10:06.537] [info] QPOP: Connection aborted for a424e11d-fde6-4eed-8c0c-7affcce713ee
[2026-06-04 10:10:06.537] [info] QPOP: Connection aborted for 88b91235-a911-4c6d-978f-999a10701fc2
[2026-06-04 10:10:06.538] [info] QPOP: Connection aborted for aed1e0ec-22c4-4abb-9e30-ba7e91d9b6db
[2026-06-04 10:10:06.538] [info] QPOP: Connection aborted for 5bd63b33-893b-44fd-ba9c-f4688698759b
[2026-06-04 10:10:06.538] [info] QPOP: Connection aborted for bb2b57d0-7f02-4d4f-b4f1-061503b1d734
[2026-06-04 10:10:06.539] [info] QPOP: Connection aborted for 1facb86d-e244-4aa7-a800-3188817fc297
[2026-06-04 10:10:06.540] [info] QPOP: Connection aborted for 3318fcc1-b05e-4c23-ae14-8b15eb8a5dc0
[2026-06-04 10:10:06.544] [info] QPOP: Connection aborted for 0f290343-0987-4a9b-be4f-9efe441cfb8d
[2026-06-04 10:10:06.544] [info] QPOP: Connection aborted for 4e2eb2d0-0833-4945-88ca-c69cecfd5ce5
[2026-06-04 10:10:07.371] [info] [Worker 7] [libqueen] push(q=5 f=0/24 p99rtt=25ms) pop(q=0 f=0/16 p99rtt=3ms) custom(q=0 f=0/1 p99rtt=2ms) slots=25/25 jobs/s=594 drains=29018 evl=0ms
[2026-06-04 10:10:07.388] [info] [Worker 5] [libqueen] push(q=5 f=0/24 p99rtt=25ms) pop(q=0 f=0/16 p99rtt=4ms) custom(q=0 f=0/1 p99rtt=1ms) slots=25/25 jobs/s=582 drains=28558 evl=0ms
[2026-06-04 10:10:07.402] [info] [Worker 0] [libqueen] push(q=1 f=0/24 p99rtt=25ms) pop(q=0 f=0/16 p99rtt=3ms) custom(q=0 f=0/1 p99rtt=1ms) slots=25/25 jobs/s=576 drains=28764 evl=0ms
[2026-06-04 10:10:07.411] [info] [Worker 2] [libqueen] push(q=5 f=0/24 p99rtt=23ms) pop(q=0 f=0/16 p99rtt=2ms) custom(q=0 f=0/1 p99rtt=1ms) slots=25/25 jobs/s=576 drains=28530 evl=0ms
[2026-06-04 10:10:07.411] [info] [Worker 6] [libqueen] push(q=0 f=0/24 p99rtt=23ms) pop(q=0 f=0/16 p99rtt=3ms) custom(q=0 f=0/1 p99rtt=1ms) slots=25/25 jobs/s=594 drains=29121 evl=0ms
[2026-06-04 10:10:07.413] [info] [Worker 1] [libqueen] push(q=0 f=1/24 p99rtt=23ms) pop(q=0 f=0/16 p99rtt=3ms) custom(q=0 f=0/1 p99rtt=2ms) slots=24/25 jobs/s=594 drains=29029 evl=0ms
[2026-06-04 10:10:07.416] [info] [Worker 9] [libqueen] push(q=0 f=1/24 p99rtt=26ms) pop(q=0 f=0/16 p99rtt=2ms) custom(q=0 f=0/1 p99rtt=1ms) slots=24/25 jobs/s=576 drains=28731 evl=0ms
[2026-06-04 10:10:07.434] [info] [Worker 4] [libqueen] push(q=5 f=0/24 p99rtt=23ms) pop(q=0 f=0/16 p99rtt=3ms) custom(q=0 f=0/1 p99rtt=2ms) slots=25/25 jobs/s=600 drains=28587 evl=0ms
[2026-06-04 10:10:07.444] [info] [Worker 3] [libqueen] push(q=5 f=0/24 p99rtt=25ms) pop(q=0 f=0/16 p99rtt=3ms) custom(q=0 f=0/1 p99rtt=1ms) slots=25/25 jobs/s=576 drains=28624 evl=0ms
[2026-06-04 10:10:07.454] [info] [Worker 8] [libqueen] push(q=5 f=0/24 p99rtt=25ms) pop(q=0 f=0/16 p99rtt=2ms) custom(q=0 f=0/1 p99rtt=1ms) slots=25/25 jobs/s=588 drains=28841 evl=0ms
[2026-06-04 10:10:08.372] [info] [Worker 7] [libqueen] push(q=0 f=1/24 p99rtt=25ms) pop(q=0 f=0/16 p99rtt=3ms) custom(q=0 f=0/1 p99rtt=2ms) slots=24/25 jobs/s=600 drains=29853 evl=0ms
[2026-06-04 10:10:08.388] [info] [Worker 5] [libqueen] push(q=5 f=0/24 p99rtt=25ms) pop(q=0 f=0/16 p99rtt=4ms) custom(q=0 f=0/1 p99rtt=1ms) slots=25/25 jobs/s=612 drains=29435 evl=0ms
[2026-06-04 10:10:08.402] [info] [Worker 0] [libqueen] push(q=5 f=0/24 p99rtt=25ms) pop(q=0 f=0/16 p99rtt=3ms) custom(q=0 f=1/1 p99rtt=1ms) slots=24/25 jobs/s=617 drains=29617 evl=0ms
[2026-06-04 10:10:08.411] [info] [Worker 2] [libqueen] push(q=0 f=1/24 p99rtt=23ms) pop(q=0 f=0/16 p99rtt=2ms) custom(q=0 f=0/1 p99rtt=1ms) slots=24/25 jobs/s=600 drains=29359 evl=0ms
[2026-06-04 10:10:08.412] [info] [Worker 6] [libqueen] push(q=0 f=1/24 p99rtt=23ms) pop(q=0 f=0/16 p99rtt=3ms) custom(q=0 f=0/1 p99rtt=1ms) slots=24/25 jobs/s=606 drains=29946 evl=0ms
[2026-06-04 10:10:08.413] [info] [Worker 1] [libqueen] push(q=2 f=0/24 p99rtt=23ms) pop(q=0 f=0/16 p99rtt=3ms) custom(q=0 f=0/1 p99rtt=2ms) slots=25/25 jobs/s=618 drains=29869 evl=0ms
[2026-06-04 10:10:08.416] [info] [Worker 9] [libqueen] push(q=5 f=0/24 p99rtt=25ms) pop(q=0 f=0/16 p99rtt=2ms) custom(q=0 f=0/1 p99rtt=1ms) slots=25/25 jobs/s=600 drains=29548 evl=0ms
[2026-06-04 10:10:08.434] [info] [Worker 4] [libqueen] push(q=5 f=0/24 p99rtt=23ms) pop(q=0 f=0/16 p99rtt=3ms) custom(q=0 f=0/1 p99rtt=2ms) slots=25/25 jobs/s=594 drains=29412 evl=0ms
[2026-06-04 10:10:08.443] [info] [Worker 3] [libqueen] push(q=0 f=1/24 p99rtt=25ms) pop(q=0 f=0/16 p99rtt=3ms) custom(q=0 f=0/1 p99rtt=1ms) slots=24/25 jobs/s=606 drains=29442 evl=0ms
[2026-06-04 10:10:08.454] [info] [Worker 8] [libqueen] push(q=0 f=1/24 p99rtt=25ms) pop(q=0 f=0/16 p99rtt=2ms) custom(q=0 f=0/1 p99rtt=1ms) slots=24/25 jobs/s=618 drains=29687 evl=0ms
[2026-06-04 10:10:09.372] [info] [Worker 7] [libqueen] push(q=5 f=0/24 p99rtt=25ms) pop(q=0 f=0/16 p99rtt=3ms) custom(q=0 f=0/1 p99rtt=2ms) slots=25/25 jobs/s=624 drains=30714 evl=0ms
[2026-06-04 10:10:09.387] [info] [Worker 5] [libqueen] push(q=0 f=0/24 p99rtt=25ms) pop(q=0 f=0/16 p99rtt=4ms) custom(q=0 f=1/1 p99rtt=1ms) slots=24/25 jobs/s=611 drains=30275 evl=0ms
[2026-06-04 10:10:09.402] [info] [Worker 0] [libqueen] push(q=0 f=1/24 p99rtt=26ms) pop(q=0 f=0/16 p99rtt=3ms) custom(q=0 f=0/1 p99rtt=1ms) slots=24/25 jobs/s=601 drains=30441 evl=0ms
[2026-06-04 10:10:09.411] [info] [Worker 2] [libqueen] push(q=5 f=0/24 p99rtt=24ms) pop(q=0 f=0/16 p99rtt=2ms) custom(q=0 f=0/1 p99rtt=1ms) slots=25/25 jobs/s=606 drains=30182 evl=0ms
[2026-06-04 10:10:09.411] [info] [Worker 6] [libqueen] push(q=5 f=0/24 p99rtt=24ms) pop(q=0 f=0/16 p99rtt=3ms) custom(q=0 f=0/1 p99rtt=1ms) slots=25/25 jobs/s=624 drains=30790 evl=0ms
[2026-06-04 10:10:09.413] [info] [Worker 1] [libqueen] push(q=5 f=0/24 p99rtt=25ms) pop(q=0 f=0/16 p99rtt=3ms) custom(q=0 f=0/1 p99rtt=2ms) slots=25/25 jobs/s=606 drains=30690 evl=0ms
[2026-06-04 10:10:09.415] [info] [Worker 9] [libqueen] push(q=0 f=0/24 p99rtt=25ms) pop(q=0 f=0/16 p99rtt=2ms) custom(q=0 f=1/1 p99rtt=1ms) slots=24/25 jobs/s=611 drains=30383 evl=0ms
[2026-06-04 10:10:09.434] [info] [Worker 4] [libqueen] push(q=0 f=0/24 p99rtt=24ms) pop(q=0 f=0/16 p99rtt=3ms) custom(q=0 f=1/1 p99rtt=2ms) slots=24/25 jobs/s=605 drains=30241 evl=0ms
[2026-06-04 10:10:09.444] [info] [Worker 3] [libqueen] push(q=5 f=0/24 p99rtt=26ms) pop(q=0 f=0/16 p99rtt=3ms) custom(q=0 f=0/1 p99rtt=1ms) slots=25/25 jobs/s=618 drains=30293 evl=0ms
[2026-06-04 10:10:09.453] [info] [Worker 8] [libqueen] push(q=0 f=1/24 p99rtt=25ms) pop(q=0 f=0/16 p99rtt=2ms) custom(q=0 f=0/1 p99rtt=1ms) slots=24/25 jobs/s=612 drains=30536 evl=0ms
[2026-06-04 10:10:10.372] [info] [Worker 7] [libqueen] push(q=5 f=0/24 p99rtt=24ms) pop(q=0 f=0/16 p99rtt=3ms) custom(q=0 f=0/1 p99rtt=1ms) slots=25/25 jobs/s=618 drains=31564 evl=0ms
[2026-06-04 10:10:10.388] [info] [Worker 5] [libqueen] push(q=5 f=0/24 p99rtt=25ms) pop(q=0 f=0/16 p99rtt=4ms) custom(q=0 f=0/1 p99rtt=1ms) slots=25/25 jobs/s=607 drains=31114 evl=0ms
[2026-06-04 10:10:10.402] [info] [Worker 0] [libqueen] push(q=0 f=1/24 p99rtt=25ms) pop(q=0 f=0/16 p99rtt=2ms) custom(q=0 f=0/1 p99rtt=1ms) slots=24/25 jobs/s=600 drains=31271 evl=0ms
[2026-06-04 10:10:10.411] [info] [Worker 2] [libqueen] push(q=5 f=0/24 p99rtt=24ms) pop(q=0 f=0/16 p99rtt=2ms) custom(q=0 f=0/1 p99rtt=1ms) slots=25/25 jobs/s=588 drains=30988 evl=0ms
[2026-06-04 10:10:10.412] [info] [Worker 6] [libqueen] push(q=0 f=1/24 p99rtt=23ms) pop(q=0 f=0/16 p99rtt=3ms) custom(q=0 f=0/1 p99rtt=1ms) slots=24/25 jobs/s=606 drains=31615 evl=0ms
[2026-06-04 10:10:10.414] [info] [Worker 1] [libqueen] push(q=5 f=0/24 p99rtt=25ms) pop(q=0 f=0/16 p99rtt=3ms) custom(q=0 f=0/1 p99rtt=1ms) slots=25/25 jobs/s=612 drains=31547 evl=0ms
[2026-06-04 10:10:10.416] [info] [Worker 9] [libqueen] push(q=5 f=0/24 p99rtt=25ms) pop(q=0 f=0/16 p99rtt=2ms) custom(q=0 f=0/1 p99rtt=1ms) slots=25/25 jobs/s=613 drains=31227 evl=0ms
[2026-06-04 10:10:10.435] [info] [Worker 4] [libqueen] push(q=0 f=0/24 p99rtt=24ms) pop(q=0 f=0/16 p99rtt=3ms) custom(q=0 f=1/1 p99rtt=2ms) slots=24/25 jobs/s=624 drains=31080 evl=0ms
[2026-06-04 10:10:10.444] [info] [Worker 3] [libqueen] push(q=0 f=1/24 p99rtt=25ms) pop(q=0 f=0/16 p99rtt=3ms) custom(q=0 f=0/1 p99rtt=1ms) slots=24/25 jobs/s=606 drains=31118 evl=0ms
[2026-06-04 10:10:10.454] [info] [Worker 8] [libqueen] push(q=5 f=0/24 p99rtt=25ms) pop(q=0 f=0/16 p99rtt=2ms) custom(q=0 f=0/1 p99rtt=1ms) slots=25/25 jobs/s=618 drains=31383 evl=0ms
[2026-06-04 10:10:11.372] [info] [Worker 7] [libqueen] push(q=5 f=0/24 p99rtt=24ms) pop(q=0 f=0/16 p99rtt=3ms) custom(q=0 f=0/1 p99rtt=1ms) slots=25/25 jobs/s=606 drains=32416 evl=0ms
[2026-06-04 10:10:11.388] [info] [Worker 5] [libqueen] push(q=5 f=0/24 p99rtt=25ms) pop(q=0 f=0/16 p99rtt=4ms) custom(q=0 f=0/1 p99rtt=1ms) slots=25/25 jobs/s=588 drains=31925 evl=0ms
[2026-06-04 10:10:11.403] [info] [Worker 0] [libqueen] push(q=0 f=1/24 p99rtt=25ms) pop(q=0 f=0/16 p99rtt=2ms) custom(q=0 f=0/1 p99rtt=1ms) slots=24/25 jobs/s=600 drains=32116 evl=0ms
[2026-06-04 10:10:11.411] [info] [Worker 6] [libqueen] push(q=5 f=0/24 p99rtt=24ms) pop(q=0 f=0/16 p99rtt=3ms) custom(q=0 f=0/1 p99rtt=1ms) slots=25/25 jobs/s=594 drains=32439 evl=0ms
[2026-06-04 10:10:11.411] [info] [Worker 2] [libqueen] push(q=0 f=1/24 p99rtt=25ms) pop(q=0 f=0/16 p99rtt=2ms) custom(q=0 f=0/1 p99rtt=1ms) slots=24/25 jobs/s=582 drains=31789 evl=0ms
[2026-06-04 10:10:11.414] [info] [Worker 1] [libqueen] push(q=0 f=0/24 p99rtt=25ms) pop(q=0 f=0/16 p99rtt=3ms) custom(q=0 f=0/1 p99rtt=1ms) slots=25/25 jobs/s=606 drains=32374 evl=0ms
[2026-06-04 10:10:11.416] [info] [Worker 9] [libqueen] push(q=5 f=0/24 p99rtt=25ms) pop(q=0 f=0/16 p99rtt=2ms) custom(q=0 f=0/1 p99rtt=1ms) slots=25/25 jobs/s=612 drains=32057 evl=0ms
[2026-06-04 10:10:11.435] [info] [Worker 4] [libqueen] push(q=0 f=1/24 p99rtt=24ms) pop(q=0 f=0/16 p99rtt=3ms) custom(q=0 f=0/1 p99rtt=1ms) slots=24/25 jobs/s=577 drains=31879 evl=0ms
[2026-06-04 10:10:11.445] [info] [Worker 3] [libqueen] push(q=5 f=0/24 p99rtt=25ms) pop(q=0 f=0/16 p99rtt=3ms) custom(q=0 f=0/1 p99rtt=1ms) slots=25/25 jobs/s=606 drains=31970 evl=0ms
[2026-06-04 10:10:11.454] [info] [Worker 8] [libqueen] push(q=5 f=0/24 p99rtt=25ms) pop(q=0 f=0/16 p99rtt=2ms) custom(q=0 f=0/1 p99rtt=1ms) slots=25/25 jobs/s=612 drains=32219 evl=0ms
[2026-06-04 10:10:11.729] [info] StatsService: cycle completed in 43ms
[2026-06-04 10:10:12.372] [info] [Worker 7] [libqueen] push(q=5 f=0/24 p99rtt=24ms) pop(q=0 f=0/16 p99rtt=3ms) custom(q=0 f=0/1 p99rtt=1ms) slots=25/25 jobs/s=594 drains=33243 evl=0ms
[2026-06-04 10:10:12.388] [info] [Worker 5] [libqueen] push(q=5 f=0/24 p99rtt=25ms) pop(q=0 f=0/16 p99rtt=4ms) custom(q=0 f=0/1 p99rtt=1ms) slots=25/25 jobs/s=582 drains=32731 evl=0ms
[2026-06-04 10:10:12.402] [info] [Worker 0] [libqueen] push(q=0 f=1/24 p99rtt=25ms) pop(q=0 f=0/16 p99rtt=2ms) custom(q=0 f=0/1 p99rtt=1ms) slots=24/25 jobs/s=576 drains=32940 evl=0ms
[2026-06-04 10:10:12.411] [info] [Worker 6] [libqueen] push(q=0 f=1/24 p99rtt=24ms) pop(q=0 f=0/16 p99rtt=3ms) custom(q=0 f=0/1 p99rtt=1ms) slots=24/25 jobs/s=558 drains=33233 evl=0ms
[2026-06-04 10:10:12.412] [info] [Worker 2] [libqueen] push(q=3 f=0/24 p99rtt=25ms) pop(q=0 f=0/16 p99rtt=2ms) custom(q=0 f=0/1 p99rtt=1ms) slots=25/25 jobs/s=570 drains=32590 evl=0ms
[2026-06-04 10:10:12.415] [info] [Worker 1] [libqueen] push(q=5 f=0/24 p99rtt=25ms) pop(q=0 f=0/16 p99rtt=3ms) custom(q=0 f=0/1 p99rtt=1ms) slots=25/25 jobs/s=588 drains=33186 evl=0ms
[2026-06-04 10:10:12.416] [info] [Worker 9] [libqueen] push(q=5 f=0/24 p99rtt=25ms) pop(q=0 f=0/16 p99rtt=2ms) custom(q=0 f=0/1 p99rtt=1ms) slots=25/25 jobs/s=576 drains=32842 evl=0ms
[2026-06-04 10:10:12.435] [info] [Worker 4] [libqueen] push(q=0 f=1/24 p99rtt=24ms) pop(q=0 f=0/16 p99rtt=3ms) custom(q=0 f=0/1 p99rtt=1ms) slots=24/25 jobs/s=588 drains=32692 evl=0ms
[2026-06-04 10:10:12.445] [info] [Worker 3] [libqueen] push(q=0 f=1/24 p99rtt=25ms) pop(q=0 f=0/16 p99rtt=3ms) custom(q=0 f=0/1 p99rtt=1ms) slots=24/25 jobs/s=570 drains=32767 evl=0ms
[2026-06-04 10:10:12.453] [info] [Worker 8] [libqueen] push(q=0 f=1/24 p99rtt=25ms) pop(q=0 f=0/16 p99rtt=2ms) custom(q=0 f=0/1 p99rtt=1ms) slots=24/25 jobs/s=576 drains=33007 evl=0ms
[2026-06-04 10:10:13.373] [info] [Worker 7] [libqueen] push(q=5 f=0/24 p99rtt=25ms) pop(q=0 f=0/16 p99rtt=3ms) custom(q=0 f=0/1 p99rtt=1ms) slots=25/25 jobs/s=588 drains=34042 evl=0ms
[2026-06-04 10:10:13.387] [info] [Worker 5] [libqueen] push(q=0 f=1/24 p99rtt=25ms) pop(q=0 f=0/16 p99rtt=4ms) custom(q=0 f=0/1 p99rtt=1ms) slots=24/25 jobs/s=588 drains=33535 evl=0ms
[2026-06-04 10:10:13.403] [info] [Worker 0] [libqueen] push(q=0 f=1/24 p99rtt=25ms) pop(q=0 f=0/16 p99rtt=2ms) custom(q=0 f=0/1 p99rtt=1ms) slots=24/25 jobs/s=594 drains=33770 evl=0ms
[2026-06-04 10:10:13.412] [info] [Worker 6] [libqueen] push(q=5 f=0/24 p99rtt=24ms) pop(q=0 f=0/16 p99rtt=3ms) custom(q=0 f=0/1 p99rtt=1ms) slots=25/25 jobs/s=594 drains=34044 evl=0ms
[2026-06-04 10:10:13.412] [info] [Worker 2] [libqueen] push(q=0 f=0/24 p99rtt=25ms) pop(q=0 f=0/16 p99rtt=2ms) custom(q=0 f=1/1 p99rtt=1ms) slots=24/25 jobs/s=587 drains=33387 evl=0ms
[2026-06-04 10:10:13.415] [info] [Worker 1] [libqueen] push(q=0 f=1/24 p99rtt=25ms) pop(q=0 f=0/16 p99rtt=3ms) custom(q=0 f=0/1 p99rtt=1ms) slots=24/25 jobs/s=600 drains=34016 evl=0ms
[2026-06-04 10:10:13.416] [info] [Worker 9] [libqueen] push(q=5 f=0/24 p99rtt=25ms) pop(q=0 f=0/16 p99rtt=2ms) custom(q=0 f=0/1 p99rtt=1ms) slots=25/25 jobs/s=594 drains=33668 evl=0ms
[2026-06-04 10:10:13.436] [info] [Worker 4] [libqueen] push(q=5 f=0/24 p99rtt=24ms) pop(q=0 f=0/16 p99rtt=3ms) custom(q=0 f=0/1 p99rtt=1ms) slots=25/25 jobs/s=600 drains=33508 evl=0ms
[2026-06-04 10:10:13.444] [info] [Worker 3] [libqueen] push(q=0 f=0/24 p99rtt=25ms) pop(q=0 f=0/16 p99rtt=3ms) custom(q=0 f=1/1 p99rtt=1ms) slots=24/25 jobs/s=611 drains=33614 evl=0ms
[2026-06-04 10:10:13.454] [info] [Worker 8] [libqueen] push(q=0 f=1/24 p99rtt=25ms) pop(q=0 f=0/16 p99rtt=2ms) custom(q=0 f=0/1 p99rtt=1ms) slots=24/25 jobs/s=588 drains=33824 evl=0ms
[2026-06-04 10:10:14.373] [info] [Worker 7] [libqueen] push(q=5 f=0/24 p99rtt=25ms) pop(q=0 f=0/16 p99rtt=3ms) custom(q=0 f=0/1 p99rtt=2ms) slots=25/25 jobs/s=564 drains=34824 evl=0ms
[2026-06-04 10:10:14.388] [info] [Worker 5] [libqueen] push(q=0 f=1/24 p99rtt=25ms) pop(q=0 f=0/16 p99rtt=4ms) custom(q=0 f=0/1 p99rtt=1ms) slots=24/25 jobs/s=576 drains=34333 evl=0ms
[2026-06-04 10:10:14.402] [info] [Worker 0] [libqueen] push(q=0 f=1/24 p99rtt=26ms) pop(q=0 f=0/16 p99rtt=2ms) custom(q=0 f=0/1 p99rtt=1ms) slots=24/25 jobs/s=582 drains=34593 evl=0ms
[2026-06-04 10:10:14.411] [info] [Worker 6] [libqueen] push(q=5 f=0/24 p99rtt=24ms) pop(q=0 f=0/16 p99rtt=3ms) custom(q=0 f=0/1 p99rtt=1ms) slots=25/25 jobs/s=570 drains=34800 evl=0ms
[2026-06-04 10:10:14.413] [info] [Worker 2] [libqueen] push(q=0 f=1/24 p99rtt=25ms) pop(q=0 f=0/16 p99rtt=2ms) custom(q=0 f=0/1 p99rtt=1ms) slots=24/25 jobs/s=571 drains=34177 evl=0ms
[2026-06-04 10:10:14.414] [info] [Worker 1] [libqueen] push(q=0 f=1/24 p99rtt=26ms) pop(q=0 f=0/16 p99rtt=3ms) custom(q=0 f=0/1 p99rtt=2ms) slots=24/25 jobs/s=576 drains=34812 evl=0ms
[2026-06-04 10:10:14.416] [info] [Worker 9] [libqueen] push(q=0 f=0/24 p99rtt=25ms) pop(q=0 f=0/16 p99rtt=2ms) custom(q=0 f=0/1 p99rtt=1ms) slots=25/25 jobs/s=558 drains=34423 evl=0ms
[2026-06-04 10:10:14.437] [info] [Worker 4] [libqueen] push(q=0 f=1/24 p99rtt=24ms) pop(q=0 f=0/16 p99rtt=3ms) custom(q=0 f=0/1 p99rtt=1ms) slots=24/25 jobs/s=564 drains=34287 evl=0ms
[2026-06-04 10:10:14.445] [info] [Worker 3] [libqueen] push(q=5 f=0/24 p99rtt=25ms) pop(q=0 f=0/16 p99rtt=3ms) custom(q=0 f=0/1 p99rtt=2ms) slots=25/25 jobs/s=571 drains=34397 evl=0ms
[2026-06-04 10:10:14.453] [info] [Worker 8] [libqueen] push(q=5 f=0/24 p99rtt=25ms) pop(q=0 f=0/16 p99rtt=2ms) custom(q=0 f=0/1 p99rtt=1ms) slots=25/25 jobs/s=588 drains=34642 evl=0ms
[2026-06-04 10:10:14.733] [info] PartitionLookupReconcileService: fixed 7 partition_lookup rows (stats leader, hostname=a4dbf4b4cbaf)
[2026-06-04 10:10:15.372] [info] [Worker 7] [libqueen] push(q=0 f=0/24 p99rtt=22ms) pop(q=0 f=0/16 p99rtt=3ms) custom(q=0 f=1/1 p99rtt=2ms) slots=24/25 jobs/s=568 drains=35600 evl=0ms
[2026-06-04 10:10:15.387] [info] [Worker 5] [libqueen] push(q=5 f=0/24 p99rtt=24ms) pop(q=0 f=0/16 p99rtt=4ms) custom(q=0 f=0/1 p99rtt=1ms) slots=25/25 jobs/s=570 drains=35121 evl=0ms
[2026-06-04 10:10:15.403] [info] [Worker 0] [libqueen] push(q=0 f=1/24 p99rtt=23ms) pop(q=0 f=0/16 p99rtt=2ms) custom(q=0 f=0/1 p99rtt=1ms) slots=24/25 jobs/s=564 drains=35357 evl=0ms
[2026-06-04 10:10:15.412] [info] [Worker 6] [libqueen] push(q=5 f=0/24 p99rtt=23ms) pop(q=0 f=0/16 p99rtt=3ms) custom(q=0 f=0/1 p99rtt=1ms) slots=25/25 jobs/s=562 drains=35566 evl=0ms
[2026-06-04 10:10:15.413] [info] [Worker 2] [libqueen] push(q=5 f=0/24 p99rtt=24ms) pop(q=0 f=0/16 p99rtt=2ms) custom(q=0 f=0/1 p99rtt=1ms) slots=25/25 jobs/s=570 drains=34955 evl=0ms
[2026-06-04 10:10:15.415] [info] [Worker 1] [libqueen] push(q=0 f=1/24 p99rtt=24ms) pop(q=0 f=0/16 p99rtt=3ms) custom(q=0 f=0/1 p99rtt=1ms) slots=24/25 jobs/s=564 drains=35589 evl=0ms
[2026-06-04 10:10:15.416] [info] [Worker 9] [libqueen] push(q=0 f=0/24 p99rtt=24ms) pop(q=0 f=0/16 p99rtt=2ms) custom(q=0 f=1/1 p99rtt=1ms) slots=24/25 jobs/s=560 drains=35214 evl=0ms
[2026-06-04 10:10:15.437] [info] [Worker 4] [libqueen] push(q=0 f=1/24 p99rtt=22ms) pop(q=0 f=0/16 p99rtt=3ms) custom(q=0 f=0/1 p99rtt=1ms) slots=24/25 jobs/s=563 drains=35044 evl=0ms
[2026-06-04 10:10:15.444] [info] [Worker 3] [libqueen] push(q=0 f=0/24 p99rtt=24ms) pop(q=0 f=0/16 p99rtt=3ms) custom(q=0 f=0/1 p99rtt=2ms) slots=25/25 jobs/s=564 drains=35164 evl=0ms
[2026-06-04 10:10:15.454] [info] [Worker 8] [libqueen] push(q=5 f=0/24 p99rtt=24ms) pop(q=0 f=0/16 p99rtt=2ms) custom(q=0 f=0/1 p99rtt=1ms) slots=25/25 jobs/s=558 drains=35413 evl=0ms
[2026-06-04 10:10:16.373] [info] [Worker 7] [libqueen] push(q=0 f=0/24 p99rtt=23ms) pop(q=0 f=0/16 p99rtt=3ms) custom(q=0 f=0/1 p99rtt=2ms) slots=25/25 jobs/s=589 drains=36406 evl=0ms
[2026-06-04 10:10:16.388] [info] [Worker 5] [libqueen] push(q=5 f=0/24 p99rtt=25ms) pop(q=0 f=0/16 p99rtt=4ms) custom(q=0 f=0/1 p99rtt=1ms) slots=25/25 jobs/s=576 drains=35930 evl=0ms
[2026-06-04 10:10:16.403] [info] [Worker 0] [libqueen] push(q=0 f=1/24 p99rtt=23ms) pop(q=0 f=0/16 p99rtt=2ms) custom(q=0 f=0/1 p99rtt=1ms) slots=24/25 jobs/s=590 drains=36163 evl=0ms
[2026-06-04 10:10:16.412] [info] [Worker 6] [libqueen] push(q=0 f=1/24 p99rtt=23ms) pop(q=0 f=0/16 p99rtt=3ms) custom(q=0 f=0/1 p99rtt=1ms) slots=24/25 jobs/s=600 drains=36388 evl=0ms
[2026-06-04 10:10:16.413] [info] [Worker 2] [libqueen] push(q=0 f=1/24 p99rtt=24ms) pop(q=0 f=0/16 p99rtt=2ms) custom(q=0 f=0/1 p99rtt=1ms) slots=24/25 jobs/s=576 drains=35745 evl=0ms
[2026-06-04 10:10:16.415] [info] [Worker 1] [libqueen] push(q=0 f=0/24 p99rtt=24ms) pop(q=0 f=0/16 p99rtt=3ms) custom(q=0 f=1/1 p99rtt=1ms) slots=24/25 jobs/s=611 drains=36413 evl=0ms
[2026-06-04 10:10:16.416] [info] [Worker 9] [libqueen] push(q=5 f=0/24 p99rtt=24ms) pop(q=0 f=0/16 p99rtt=2ms) custom(q=0 f=0/1 p99rtt=1ms) slots=25/25 jobs/s=589 drains=36030 evl=0ms
[2026-06-04 10:10:16.436] [info] [Worker 4] [libqueen] push(q=5 f=0/24 p99rtt=22ms) pop(q=0 f=0/16 p99rtt=3ms) custom(q=0 f=0/1 p99rtt=1ms) slots=25/25 jobs/s=594 drains=35868 evl=0ms
[2026-06-04 10:10:16.445] [info] [Worker 3] [libqueen] push(q=0 f=0/24 p99rtt=24ms) pop(q=0 f=0/16 p99rtt=3ms) custom(q=0 f=1/1 p99rtt=2ms) slots=24/25 jobs/s=593 drains=35986 evl=0ms
[2026-06-04 10:10:16.454] [info] [Worker 8] [libqueen] push(q=0 f=1/24 p99rtt=23ms) pop(q=0 f=0/16 p99rtt=2ms) custom(q=0 f=0/1 p99rtt=1ms) slots=24/25 jobs/s=576 drains=36227 evl=0ms
[2026-06-04 10:10:16.496] [info] QPOP: Connection aborted for 471d7fbe-18f4-470a-bfcc-7fccbb5dfeab
[2026-06-04 10:10:16.496] [info] QPOP: Connection aborted for d00f1876-fd38-46e1-b68f-ed09b3546b0c
[2026-06-04 10:10:16.496] [info] QPOP: Connection aborted for 9994a7d9-66eb-4f98-8374-69984f795492
[2026-06-04 10:10:16.496] [info] QPOP: Connection aborted for 5e7b7363-9f45-45bf-8bf3-bb2bf403234a
[2026-06-04 10:10:16.496] [info] QPOP: Connection aborted for 126af235-cdfb-4b86-b987-18ca57bc9ec0
[2026-06-04 10:10:16.496] [info] QPOP: Connection aborted for 5d870828-10fb-4666-9421-f86c42a83b63
[2026-06-04 10:10:16.496] [info] QPOP: Connection aborted for 018b75f5-010a-4b92-ba37-5c2c4fba0f86
[2026-06-04 10:10:16.496] [info] QPOP: Connection aborted for f5aa8fd5-ff92-497a-8478-7b9d18d0cc7e
[2026-06-04 10:10:16.496] [info] QPOP: Connection aborted for 98e78080-ecbe-4b2b-bceb-8acb57b90f46
[2026-06-04 10:10:16.498] [info] QPOP: Connection aborted for 61354f3b-0a58-4960-84a7-ada2e00d046e
[2026-06-04 10:10:16.498] [info] QPOP: Connection aborted for 461c3b0a-0a39-4271-be05-1b86ab9ed7bb
[2026-06-04 10:10:16.499] [info] QPOP: Connection aborted for c64d4bc9-059a-4177-bb00-fa8cc6d95d42
[2026-06-04 10:10:16.503] [info] QPOP: Connection aborted for 02473cb1-15bc-4e1f-91e9-81e49899778d
[2026-06-04 10:10:16.505] [info] QPOP: Connection aborted for f02e7ee0-a787-455c-ae94-2c3b4a19cd3d
[2026-06-04 10:10:16.505] [info] QPOP: Connection aborted for 7efd396a-5f8f-4f29-81b2-2555a56f3b74
[2026-06-04 10:10:16.507] [info] QPOP: Connection aborted for 6d07fe97-4ecc-48c6-82e5-5cfeae6eecb1
[2026-06-04 10:10:16.508] [info] QPOP: Connection aborted for baba4057-d8d3-42d6-bd2d-0678849ad8d4
[2026-06-04 10:10:16.511] [info] QPOP: Connection aborted for 871a15c9-d4a4-4aa7-ac4c-e9773308d206
[2026-06-04 10:10:16.515] [info] QPOP: Connection aborted for 269abb75-53a4-4b31-a2af-a07eb40050b2
[2026-06-04 10:10:16.515] [info] QPOP: Connection aborted for c91fc3ba-6772-4368-9d86-6d3f46ad5554
[2026-06-04 10:10:16.515] [info] QPOP: Connection aborted for 1a3ea4e3-5089-4e05-bd40-42e063406dbf
[2026-06-04 10:10:16.518] [info] QPOP: Connection aborted for 43aea421-bb2f-4773-aa92-cd44931e8128
[2026-06-04 10:10:16.518] [info] QPOP: Connection aborted for 96a8f5c1-56b2-4d7d-8c2c-25debf2f226f
[2026-06-04 10:10:16.519] [info] QPOP: Connection aborted for 9683111d-3440-4575-9f2a-f4784f63cb0e
[2026-06-04 10:10:16.519] [info] QPOP: Connection aborted for 76496fe6-f904-478a-9a4a-47d4a301378d
[2026-06-04 10:10:16.519] [info] QPOP: Connection aborted for a9889cf5-4424-4357-9ffe-3bc104bc7d1c
[2026-06-04 10:10:16.521] [info] QPOP: Connection aborted for b0fe0e13-44df-4e2e-81a2-aee500a49689
[2026-06-04 10:10:16.522] [info] QPOP: Connection aborted for 6a924ecf-5bb4-45ee-9cac-39f799cdeb90
[2026-06-04 10:10:16.525] [info] QPOP: Connection aborted for dfee5a26-feaf-4afc-a2cc-ba5f8bc7edac
[2026-06-04 10:10:16.526] [info] QPOP: Connection aborted for 31759142-652e-4cc9-8990-ee85e9536489
[2026-06-04 10:10:16.527] [info] QPOP: Connection aborted for ac9914ca-1308-442b-8a9c-4cf5e8c4de8f
[2026-06-04 10:10:16.529] [info] QPOP: Connection aborted for 37741918-42d5-42d6-a3b2-b6ba9aeee556
[2026-06-04 10:10:16.529] [info] QPOP: Connection aborted for 5472d08e-5b7f-4bc2-ad3b-6d3d00992891
[2026-06-04 10:10:16.529] [info] QPOP: Connection aborted for 0e381663-cdd6-4709-9544-3100a4acfec7
[2026-06-04 10:10:16.532] [info] QPOP: Connection aborted for 77107321-0969-41ab-9349-7f6f19cd6d6e
[2026-06-04 10:10:16.534] [info] QPOP: Connection aborted for ec8eaf58-1e2b-4ae4-9f8e-21041a401ae4
[2026-06-04 10:10:16.535] [info] QPOP: Connection aborted for db84b654-d557-4014-a9f2-49094937309f
[2026-06-04 10:10:16.535] [info] QPOP: Connection aborted for dd540ba3-2b04-4f42-b634-8d83c6354d0d
[2026-06-04 10:10:16.535] [info] QPOP: Connection aborted for 16095bc8-dd99-415c-a479-e027cd61eab8
[2026-06-04 10:10:16.536] [info] QPOP: Connection aborted for 6252e4d0-bdd7-4e7a-b1bc-bf6ef9c0a6a0
[2026-06-04 10:10:16.538] [info] QPOP: Connection aborted for da092704-e9a7-437b-823d-61f615ac1b9f
[2026-06-04 10:10:16.538] [info] QPOP: Connection aborted for 16f461d5-383f-42e9-a221-a70e124fcdb1
[2026-06-04 10:10:16.538] [info] QPOP: Connection aborted for 5dcc54d8-9a13-436e-b697-5dd8b4910fa6
[2026-06-04 10:10:16.540] [info] QPOP: Connection aborted for ede087ea-4449-4821-aa54-70ce266ed99f
[2026-06-04 10:10:16.540] [info] QPOP: Connection aborted for 818032cc-b7ce-4275-a77a-64b98f573479
[2026-06-04 10:10:16.540] [info] QPOP: Connection aborted for c01c9b69-f434-44aa-86cf-81e68019f03e
[2026-06-04 10:10:16.540] [info] QPOP: Connection aborted for 52c3be61-0f86-4453-86b7-7a814f5e3409
[2026-06-04 10:10:16.541] [info] QPOP: Connection aborted for 92fbe188-4290-48d8-921c-4ab642f3f763
[2026-06-04 10:10:16.544] [info] QPOP: Connection aborted for f7b76214-e32e-46ae-bb55-14d38ac7b405
[2026-06-04 10:10:16.544] [info] QPOP: Connection aborted for c8615677-1900-4629-9dba-dbd54047bdff
[2026-06-04 10:10:17.373] [info] [Worker 7] [libqueen] push(q=0 f=1/24 p99rtt=22ms) pop(q=0 f=0/16 p99rtt=4ms) custom(q=0 f=0/1 p99rtt=2ms) slots=24/25 jobs/s=588 drains=37213 evl=0ms
[2026-06-04 10:10:17.388] [info] [Worker 5] [libqueen] push(q=0 f=1/24 p99rtt=24ms) pop(q=0 f=0/16 p99rtt=5ms) custom(q=0 f=0/1 p99rtt=1ms) slots=24/25 jobs/s=570 drains=36718 evl=0ms
[2026-06-04 10:10:17.403] [info] [Worker 0] [libqueen] push(q=0 f=1/24 p99rtt=23ms) pop(q=0 f=0/16 p99rtt=9ms) custom(q=0 f=0/1 p99rtt=1ms) slots=24/25 jobs/s=570 drains=36973 evl=0ms
[2026-06-04 10:10:17.412] [info] [Worker 6] [libqueen] push(q=5 f=0/24 p99rtt=23ms) pop(q=0 f=0/16 p99rtt=5ms) custom(q=0 f=0/1 p99rtt=1ms) slots=25/25 jobs/s=576 drains=37192 evl=0ms
[2026-06-04 10:10:17.413] [info] [Worker 2] [libqueen] push(q=0 f=1/24 p99rtt=24ms) pop(q=0 f=0/16 p99rtt=2ms) custom(q=0 f=0/1 p99rtt=1ms) slots=24/25 jobs/s=576 drains=36551 evl=0ms
[2026-06-04 10:10:17.414] [info] [Worker 1] [libqueen] push(q=5 f=0/24 p99rtt=24ms) pop(q=0 f=0/16 p99rtt=4ms) custom(q=0 f=0/1 p99rtt=1ms) slots=25/25 jobs/s=589 drains=37245 evl=0ms
[2026-06-04 10:10:17.416] [info] [Worker 9] [libqueen] push(q=0 f=1/24 p99rtt=24ms) pop(q=0 f=0/16 p99rtt=2ms) custom(q=0 f=0/1 p99rtt=1ms) slots=24/25 jobs/s=578 drains=36826 evl=0ms
[2026-06-04 10:10:17.437] [info] [Worker 4] [libqueen] push(q=0 f=1/24 p99rtt=23ms) pop(q=0 f=0/16 p99rtt=3ms) custom(q=0 f=0/1 p99rtt=1ms) slots=24/25 jobs/s=564 drains=36660 evl=0ms
[2026-06-04 10:10:17.445] [info] [Worker 3] [libqueen] push(q=5 f=0/24 p99rtt=23ms) pop(q=0 f=0/16 p99rtt=4ms) custom(q=0 f=0/1 p99rtt=1ms) slots=25/25 jobs/s=583 drains=36799 evl=0ms
[2026-06-04 10:10:17.454] [info] [Worker 8] [libqueen] push(q=5 f=0/24 p99rtt=23ms) pop(q=0 f=0/16 p99rtt=2ms) custom(q=0 f=0/1 p99rtt=1ms) slots=25/25 jobs/s=594 drains=37069 evl=0ms
[2026-06-04 10:10:18.373] [info] [Worker 7] [libqueen] push(q=5 f=0/24 p99rtt=22ms) pop(q=0 f=0/16 p99rtt=4ms) custom(q=0 f=0/1 p99rtt=2ms) slots=25/25 jobs/s=588 drains=38016 evl=0ms
[2026-06-04 10:10:18.388] [info] [Worker 5] [libqueen] push(q=5 f=0/24 p99rtt=24ms) pop(q=0 f=0/16 p99rtt=5ms) custom(q=0 f=0/1 p99rtt=1ms) slots=25/25 jobs/s=600 drains=37533 evl=0ms
[2026-06-04 10:10:18.402] [info] [Worker 0] [libqueen] push(q=5 f=0/24 p99rtt=24ms) pop(q=0 f=0/16 p99rtt=9ms) custom(q=0 f=0/1 p99rtt=1ms) slots=25/25 jobs/s=600 drains=37788 evl=0ms
[2026-06-04 10:10:18.412] [info] [Worker 6] [libqueen] push(q=0 f=0/24 p99rtt=23ms) pop(q=0 f=0/16 p99rtt=5ms) custom(q=0 f=0/1 p99rtt=1ms) slots=25/25 jobs/s=606 drains=38012 evl=0ms
[2026-06-04 10:10:18.413] [info] [Worker 2] [libqueen] push(q=5 f=0/24 p99rtt=25ms) pop(q=0 f=0/16 p99rtt=2ms) custom(q=0 f=0/1 p99rtt=1ms) slots=25/25 jobs/s=600 drains=37370 evl=0ms
[2026-06-04 10:10:18.415] [info] [Worker 1] [libqueen] push(q=0 f=0/24 p99rtt=24ms) pop(q=0 f=0/16 p99rtt=4ms) custom(q=0 f=1/1 p99rtt=1ms) slots=24/25 jobs/s=605 drains=38074 evl=0ms
[2026-06-04 10:10:18.416] [info] [Worker 9] [libqueen] push(q=5 f=0/24 p99rtt=24ms) pop(q=0 f=0/16 p99rtt=2ms) custom(q=0 f=0/1 p99rtt=1ms) slots=25/25 jobs/s=606 drains=37647 evl=0ms
[2026-06-04 10:10:18.436] [info] [Worker 4] [libqueen] push(q=5 f=0/24 p99rtt=23ms) pop(q=0 f=0/16 p99rtt=3ms) custom(q=0 f=0/1 p99rtt=1ms) slots=25/25 jobs/s=600 drains=37505 evl=0ms
[2026-06-04 10:10:18.444] [info] [Worker 3] [libqueen] push(q=5 f=0/24 p99rtt=24ms) pop(q=0 f=0/16 p99rtt=4ms) custom(q=0 f=0/1 p99rtt=1ms) slots=25/25 jobs/s=588 drains=37613 evl=0ms
[2026-06-04 10:10:18.454] [info] [Worker 8] [libqueen] push(q=5 f=0/24 p99rtt=23ms) pop(q=0 f=0/16 p99rtt=2ms) custom(q=0 f=0/1 p99rtt=1ms) slots=25/25 jobs/s=612 drains=37904 evl=0ms
[2026-06-04 10:10:19.373] [info] [Worker 7] [libqueen] push(q=0 f=1/24 p99rtt=22ms) pop(q=0 f=0/16 p99rtt=4ms) custom(q=0 f=0/1 p99rtt=2ms) slots=24/25 jobs/s=606 drains=38828 evl=0ms
[2026-06-04 10:10:19.387] [info] [Worker 5] [libqueen] push(q=5 f=0/24 p99rtt=23ms) pop(q=0 f=0/16 p99rtt=5ms) custom(q=0 f=0/1 p99rtt=1ms) slots=25/25 jobs/s=606 drains=38355 evl=0ms
[2026-06-04 10:10:19.403] [info] [Worker 0] [libqueen] push(q=0 f=1/24 p99rtt=23ms) pop(q=0 f=0/16 p99rtt=9ms) custom(q=0 f=0/1 p99rtt=1ms) slots=24/25 jobs/s=600 drains=38615 evl=0ms
[2026-06-04 10:10:19.412] [info] [Worker 6] [libqueen] push(q=0 f=1/24 p99rtt=23ms) pop(q=0 f=0/16 p99rtt=5ms) custom(q=0 f=0/1 p99rtt=1ms) slots=24/25 jobs/s=600 drains=38819 evl=0ms
[2026-06-04 10:10:19.413] [info] [Worker 2] [libqueen] push(q=0 f=1/24 p99rtt=25ms) pop(q=0 f=0/16 p99rtt=2ms) custom(q=0 f=0/1 p99rtt=1ms) slots=24/25 jobs/s=606 drains=38192 evl=0ms
[2026-06-04 10:10:19.415] [info] [Worker 1] [libqueen] push(q=0 f=1/24 p99rtt=23ms) pop(q=0 f=0/16 p99rtt=4ms) custom(q=0 f=0/1 p99rtt=1ms) slots=24/25 jobs/s=601 drains=38906 evl=0ms
[2026-06-04 10:10:19.416] [info] [Worker 9] [libqueen] push(q=5 f=0/24 p99rtt=24ms) pop(q=0 f=0/16 p99rtt=2ms) custom(q=0 f=0/1 p99rtt=1ms) slots=25/25 jobs/s=600 drains=38465 evl=0ms
[2026-06-04 10:10:19.437] [info] [Worker 4] [libqueen] push(q=1 f=0/24 p99rtt=23ms) pop(q=0 f=0/16 p99rtt=3ms) custom(q=0 f=0/1 p99rtt=1ms) slots=25/25 jobs/s=606 drains=38361 evl=0ms
[2026-06-04 10:10:19.444] [info] [Worker 3] [libqueen] push(q=0 f=1/24 p99rtt=23ms) pop(q=0 f=0/16 p99rtt=4ms) custom(q=0 f=0/1 p99rtt=1ms) slots=24/25 jobs/s=606 drains=38444 evl=0ms
[2026-06-04 10:10:19.454] [info] [Worker 8] [libqueen] push(q=0 f=1/24 p99rtt=23ms) pop(q=0 f=0/16 p99rtt=2ms) custom(q=0 f=0/1 p99rtt=1ms) slots=24/25 jobs/s=600 drains=38748 evl=0ms
[2026-06-04 10:10:20.372] [info] [Worker 7] [libqueen] push(q=0 f=0/24 p99rtt=24ms) pop(q=0 f=0/16 p99rtt=4ms) custom(q=0 f=1/1 p99rtt=2ms) slots=24/25 jobs/s=593 drains=39644 evl=0ms
[2026-06-04 10:10:20.387] [info] [Worker 5] [libqueen] push(q=0 f=1/24 p99rtt=23ms) pop(q=0 f=0/16 p99rtt=5ms) custom(q=0 f=0/1 p99rtt=1ms) slots=24/25 jobs/s=582 drains=39146 evl=0ms
[2026-06-04 10:10:20.403] [info] [Worker 0] [libqueen] push(q=0 f=1/24 p99rtt=24ms) pop(q=0 f=0/16 p99rtt=9ms) custom(q=0 f=0/1 p99rtt=1ms) slots=24/25 jobs/s=588 drains=39409 evl=0ms
[2026-06-04 10:10:20.412] [info] [Worker 6] [libqueen] push(q=0 f=1/24 p99rtt=24ms) pop(q=0 f=0/16 p99rtt=5ms) custom(q=0 f=0/1 p99rtt=1ms) slots=24/25 jobs/s=582 drains=39616 evl=0ms
[2026-06-04 10:10:20.412] [info] [Worker 2] [libqueen] push(q=0 f=1/24 p99rtt=25ms) pop(q=0 f=0/16 p99rtt=2ms) custom(q=0 f=0/1 p99rtt=1ms) slots=24/25 jobs/s=594 drains=38998 evl=0ms
[2026-06-04 10:10:20.415] [info] [Worker 1] [libqueen] push(q=5 f=0/24 p99rtt=24ms) pop(q=0 f=0/16 p99rtt=4ms) custom(q=0 f=0/1 p99rtt=1ms) slots=25/25 jobs/s=588 drains=39694 evl=0ms
[2026-06-04 10:10:20.415] [info] [Worker 9] [libqueen] push(q=0 f=0/24 p99rtt=24ms) pop(q=0 f=0/16 p99rtt=2ms) custom(q=0 f=1/1 p99rtt=1ms) slots=24/25 jobs/s=593 drains=39287 evl=0ms
[2026-06-04 10:10:20.436] [info] [Worker 4] [libqueen] push(q=5 f=0/24 p99rtt=24ms) pop(q=0 f=0/16 p99rtt=3ms) custom(q=0 f=0/1 p99rtt=1ms) slots=25/25 jobs/s=588 drains=39191 evl=0ms
[2026-06-04 10:10:20.444] [info] [Worker 3] [libqueen] push(q=0 f=0/24 p99rtt=23ms) pop(q=0 f=0/16 p99rtt=4ms) custom(q=0 f=0/1 p99rtt=1ms) slots=25/25 jobs/s=600 drains=39245 evl=0ms
[2026-06-04 10:10:20.453] [info] [Worker 8] [libqueen] push(q=0 f=0/24 p99rtt=24ms) pop(q=0 f=0/16 p99rtt=2ms) custom(q=0 f=0/1 p99rtt=1ms) slots=25/25 jobs/s=582 drains=39506 evl=0ms
[2026-06-04 10:10:21.373] [info] [Worker 7] [libqueen] push(q=5 f=0/24 p99rtt=24ms) pop(q=0 f=0/16 p99rtt=4ms) custom(q=0 f=0/1 p99rtt=2ms) slots=25/25 jobs/s=589 drains=40468 evl=0ms
[2026-06-04 10:10:21.387] [info] [Worker 5] [libqueen] push(q=2 f=0/24 p99rtt=23ms) pop(q=0 f=0/16 p99rtt=5ms) custom(q=0 f=0/1 p99rtt=1ms) slots=25/25 jobs/s=588 drains=39942 evl=0ms
[2026-06-04 10:10:21.403] [info] [Worker 0] [libqueen] push(q=5 f=0/24 p99rtt=24ms) pop(q=0 f=0/16 p99rtt=9ms) custom(q=0 f=0/1 p99rtt=1ms) slots=25/25 jobs/s=600 drains=40230 evl=0ms
[2026-06-04 10:10:21.412] [info] [Worker 6] [libqueen] push(q=0 f=1/24 p99rtt=23ms) pop(q=0 f=0/16 p99rtt=5ms) custom(q=0 f=0/1 p99rtt=1ms) slots=24/25 jobs/s=588 drains=40445 evl=0ms
[2026-06-04 10:10:21.413] [info] [Worker 2] [libqueen] push(q=5 f=0/24 p99rtt=25ms) pop(q=0 f=0/16 p99rtt=2ms) custom(q=0 f=0/1 p99rtt=1ms) slots=25/25 jobs/s=594 drains=39805 evl=0ms
[2026-06-04 10:10:21.415] [info] [Worker 1] [libqueen] push(q=0 f=1/24 p99rtt=24ms) pop(q=0 f=0/16 p99rtt=4ms) custom(q=0 f=0/1 p99rtt=2ms) slots=24/25 jobs/s=600 drains=40523 evl=0ms
[2026-06-04 10:10:21.416] [info] [Worker 9] [libqueen] push(q=5 f=0/24 p99rtt=24ms) pop(q=0 f=0/16 p99rtt=2ms) custom(q=0 f=0/1 p99rtt=1ms) slots=25/25 jobs/s=595 drains=40108 evl=0ms
[2026-06-04 10:10:21.436] [info] [Worker 4] [libqueen] push(q=5 f=0/24 p99rtt=23ms) pop(q=0 f=0/16 p99rtt=3ms) custom(q=0 f=0/1 p99rtt=1ms) slots=25/25 jobs/s=588 drains=40007 evl=0ms
[2026-06-04 10:10:21.445] [info] [Worker 3] [libqueen] push(q=0 f=1/24 p99rtt=24ms) pop(q=0 f=0/16 p99rtt=4ms) custom(q=0 f=0/1 p99rtt=1ms) slots=24/25 jobs/s=576 drains=40062 evl=0ms
[2026-06-04 10:10:21.454] [info] [Worker 8] [libqueen] push(q=5 f=0/24 p99rtt=24ms) pop(q=0 f=0/16 p99rtt=2ms) custom(q=0 f=0/1 p99rtt=1ms) slots=25/25 jobs/s=588 drains=40330 evl=0ms
[2026-06-04 10:10:22.372] [info] [Worker 7] [libqueen] push(q=0 f=0/24 p99rtt=24ms) pop(q=0 f=0/16 p99rtt=4ms) custom(q=0 f=1/1 p99rtt=2ms) slots=24/25 jobs/s=599 drains=41272 evl=0ms
[2026-06-04 10:10:22.387] [info] [Worker 5] [libqueen] push(q=0 f=0/24 p99rtt=23ms) pop(q=0 f=0/16 p99rtt=5ms) custom(q=0 f=1/1 p99rtt=1ms) slots=24/25 jobs/s=599 drains=40746 evl=0ms
[2026-06-04 10:10:22.403] [info] [Worker 0] [libqueen] push(q=5 f=0/24 p99rtt=25ms) pop(q=0 f=0/16 p99rtt=9ms) custom(q=0 f=0/1 p99rtt=1ms) slots=25/25 jobs/s=606 drains=41062 evl=0ms
[2026-06-04 10:10:22.411] [info] [Worker 6] [libqueen] push(q=5 f=0/24 p99rtt=23ms) pop(q=0 f=0/16 p99rtt=5ms) custom(q=0 f=1/1 p99rtt=1ms) slots=24/25 jobs/s=617 drains=41294 evl=0ms
[2026-06-04 10:10:22.412] [info] [Worker 2] [libqueen] push(q=5 f=0/24 p99rtt=25ms) pop(q=0 f=0/16 p99rtt=2ms) custom(q=0 f=0/1 p99rtt=1ms) slots=25/25 jobs/s=594 drains=40609 evl=0ms
[2026-06-04 10:10:22.415] [info] [Worker 1] [libqueen] push(q=0 f=1/24 p99rtt=24ms) pop(q=0 f=0/16 p99rtt=4ms) custom(q=0 f=0/1 p99rtt=1ms) slots=24/25 jobs/s=594 drains=41334 evl=0ms
[2026-06-04 10:10:22.416] [info] [Worker 9] [libqueen] push(q=5 f=0/24 p99rtt=24ms) pop(q=0 f=0/16 p99rtt=2ms) custom(q=0 f=0/1 p99rtt=1ms) slots=25/25 jobs/s=594 drains=40908 evl=0ms
[2026-06-04 10:10:22.437] [info] [Worker 4] [libqueen] push(q=2 f=0/24 p99rtt=24ms) pop(q=0 f=0/16 p99rtt=3ms) custom(q=0 f=0/1 p99rtt=1ms) slots=25/25 jobs/s=612 drains=40837 evl=0ms
[2026-06-04 10:10:22.445] [info] [Worker 3] [libqueen] push(q=5 f=0/24 p99rtt=24ms) pop(q=0 f=0/16 p99rtt=4ms) custom(q=0 f=0/1 p99rtt=1ms) slots=25/25 jobs/s=594 drains=40880 evl=0ms
[2026-06-04 10:10:22.454] [info] [Worker 8] [libqueen] push(q=0 f=1/24 p99rtt=24ms) pop(q=0 f=0/16 p99rtt=2ms) custom(q=0 f=0/1 p99rtt=1ms) slots=24/25 jobs/s=594 drains=41150 evl=0ms
[2026-06-04 10:10:22.704] [info] StatsService: cycle completed in 17ms
[2026-06-04 10:10:23.373] [info] [Worker 7] [libqueen] push(q=0 f=0/24 p99rtt=24ms) pop(q=0 f=0/16 p99rtt=4ms) custom(q=0 f=1/1 p99rtt=2ms) slots=24/25 jobs/s=582 drains=42081 evl=0ms
[2026-06-04 10:10:23.387] [info] [Worker 5] [libqueen] push(q=0 f=1/24 p99rtt=25ms) pop(q=0 f=0/16 p99rtt=5ms) custom(q=0 f=0/1 p99rtt=1ms) slots=24/25 jobs/s=577 drains=41528 evl=0ms
[2026-06-04 10:10:23.403] [info] [Worker 0] [libqueen] push(q=5 f=0/24 p99rtt=25ms) pop(q=0 f=0/16 p99rtt=9ms) custom(q=0 f=0/1 p99rtt=1ms) slots=25/25 jobs/s=588 drains=41883 evl=0ms
[2026-06-04 10:10:23.412] [info] [Worker 6] [libqueen] push(q=5 f=0/24 p99rtt=23ms) pop(q=0 f=0/16 p99rtt=5ms) custom(q=0 f=0/1 p99rtt=1ms) slots=25/25 jobs/s=589 drains=42122 evl=0ms
[2026-06-04 10:10:23.413] [info] [Worker 2] [libqueen] push(q=0 f=1/24 p99rtt=25ms) pop(q=0 f=0/16 p99rtt=2ms) custom(q=0 f=0/1 p99rtt=1ms) slots=24/25 jobs/s=576 drains=41410 evl=0ms
[2026-06-04 10:10:23.415] [info] [Worker 1] [libqueen] push(q=0 f=0/24 p99rtt=24ms) pop(q=0 f=0/16 p99rtt=4ms) custom(q=0 f=1/1 p99rtt=2ms) slots=24/25 jobs/s=599 drains=42160 evl=0ms
[2026-06-04 10:10:23.416] [info] [Worker 9] [libqueen] push(q=0 f=1/24 p99rtt=24ms) pop(q=0 f=0/16 p99rtt=2ms) custom(q=0 f=0/1 p99rtt=1ms) slots=24/25 jobs/s=570 drains=41702 evl=0ms
[2026-06-04 10:10:23.437] [info] [Worker 4] [libqueen] push(q=5 f=0/24 p99rtt=25ms) pop(q=0 f=0/16 p99rtt=3ms) custom(q=0 f=0/1 p99rtt=1ms) slots=25/25 jobs/s=594 drains=41654 evl=0ms
[2026-06-04 10:10:23.445] [info] [Worker 3] [libqueen] push(q=5 f=0/24 p99rtt=25ms) pop(q=0 f=0/16 p99rtt=4ms) custom(q=0 f=0/1 p99rtt=1ms) slots=25/25 jobs/s=594 drains=41701 evl=0ms
[2026-06-04 10:10:23.453] [info] [Worker 8] [libqueen] push(q=0 f=1/24 p99rtt=24ms) pop(q=0 f=0/16 p99rtt=2ms) custom(q=0 f=0/1 p99rtt=1ms) slots=24/25 jobs/s=594 drains=41945 evl=0ms
[2026-06-04 10:10:24.372] [info] [Worker 7] [libqueen] push(q=0 f=1/24 p99rtt=24ms) pop(q=0 f=0/16 p99rtt=4ms) custom(q=0 f=0/1 p99rtt=2ms) slots=24/25 jobs/s=565 drains=42837 evl=0ms
[2026-06-04 10:10:24.388] [info] [Worker 5] [libqueen] push(q=0 f=1/24 p99rtt=25ms) pop(q=0 f=0/16 p99rtt=5ms) custom(q=0 f=0/1 p99rtt=1ms) slots=24/25 jobs/s=582 drains=42336 evl=0ms
[2026-06-04 10:10:24.402] [info] [Worker 0] [libqueen] push(q=0 f=1/24 p99rtt=25ms) pop(q=0 f=0/16 p99rtt=9ms) custom(q=0 f=0/1 p99rtt=1ms) slots=24/25 jobs/s=552 drains=42630 evl=0ms
[2026-06-04 10:10:24.412] [info] [Worker 6] [libqueen] push(q=5 f=0/24 p99rtt=24ms) pop(q=0 f=0/16 p99rtt=5ms) custom(q=0 f=0/1 p99rtt=1ms) slots=25/25 jobs/s=570 drains=42895 evl=0ms
[2026-06-04 10:10:24.412] [info] [Worker 2] [libqueen] push(q=0 f=0/24 p99rtt=24ms) pop(q=0 f=0/16 p99rtt=5ms) custom(q=0 f=0/1 p99rtt=1ms) slots=25/25 jobs/s=582 drains=42190 evl=0ms
[2026-06-04 10:10:24.414] [info] [Worker 1] [libqueen] push(q=5 f=0/24 p99rtt=25ms) pop(q=0 f=0/16 p99rtt=4ms) custom(q=0 f=0/1 p99rtt=1ms) slots=25/25 jobs/s=583 drains=42951 evl=0ms
[2026-06-04 10:10:24.416] [info] [Worker 9] [libqueen] push(q=5 f=0/24 p99rtt=24ms) pop(q=0 f=0/16 p99rtt=2ms) custom(q=0 f=0/1 p99rtt=1ms) slots=25/25 jobs/s=582 drains=42497 evl=0ms
[2026-06-04 10:10:24.437] [info] [Worker 4] [libqueen] push(q=5 f=0/24 p99rtt=25ms) pop(q=0 f=0/16 p99rtt=3ms) custom(q=0 f=0/1 p99rtt=1ms) slots=25/25 jobs/s=552 drains=42390 evl=0ms
[2026-06-04 10:10:24.445] [info] [Worker 3] [libqueen] push(q=5 f=0/24 p99rtt=25ms) pop(q=0 f=0/16 p99rtt=4ms) custom(q=0 f=0/1 p99rtt=1ms) slots=25/25 jobs/s=576 drains=42499 evl=0ms
[2026-06-04 10:10:24.454] [info] [Worker 8] [libqueen] push(q=5 f=0/24 p99rtt=24ms) pop(q=0 f=0/16 p99rtt=2ms) custom(q=0 f=0/1 p99rtt=1ms) slots=25/25 jobs/s=570 drains=42732 evl=0ms
[2026-06-04 10:10:25.373] [info] [Worker 7] [libqueen] push(q=5 f=0/24 p99rtt=24ms) pop(q=0 f=0/16 p99rtt=4ms) custom(q=0 f=0/1 p99rtt=1ms) slots=25/25 jobs/s=606 drains=43680 evl=0ms
[2026-06-04 10:10:25.388] [info] [Worker 5] [libqueen] push(q=0 f=1/24 p99rtt=24ms) pop(q=0 f=0/16 p99rtt=5ms) custom(q=0 f=0/1 p99rtt=1ms) slots=24/25 jobs/s=600 drains=43167 evl=0ms
[2026-06-04 10:10:25.403] [info] [Worker 0] [libqueen] push(q=0 f=0/24 p99rtt=24ms) pop(q=0 f=0/16 p99rtt=9ms) custom(q=0 f=0/1 p99rtt=1ms) slots=25/25 jobs/s=606 drains=43477 evl=0ms
[2026-06-04 10:10:25.412] [info] [Worker 6] [libqueen] push(q=5 f=0/24 p99rtt=23ms) pop(q=0 f=0/16 p99rtt=5ms) custom(q=0 f=0/1 p99rtt=1ms) slots=25/25 jobs/s=600 drains=43735 evl=0ms
[2026-06-04 10:10:25.413] [info] [Worker 2] [libqueen] push(q=5 f=0/24 p99rtt=24ms) pop(q=0 f=0/16 p99rtt=5ms) custom(q=0 f=0/1 p99rtt=1ms) slots=25/25 jobs/s=582 drains=42972 evl=0ms
[2026-06-04 10:10:25.415] [info] [Worker 1] [libqueen] push(q=0 f=1/24 p99rtt=24ms) pop(q=0 f=0/16 p99rtt=4ms) custom(q=0 f=0/1 p99rtt=1ms) slots=24/25 jobs/s=600 drains=43781 evl=0ms
[2026-06-04 10:10:25.416] [info] [Worker 9] [libqueen] push(q=0 f=1/24 p99rtt=24ms) pop(q=0 f=0/16 p99rtt=2ms) custom(q=0 f=0/1 p99rtt=1ms) slots=24/25 jobs/s=606 drains=43320 evl=0ms
[2026-06-04 10:10:25.437] [info] [Worker 4] [libqueen] push(q=5 f=0/24 p99rtt=25ms) pop(q=0 f=0/16 p99rtt=3ms) custom(q=0 f=0/1 p99rtt=1ms) slots=25/25 jobs/s=588 drains=43196 evl=0ms
[2026-06-04 10:10:25.445] [info] [Worker 3] [libqueen] push(q=0 f=0/24 p99rtt=24ms) pop(q=0 f=0/16 p99rtt=4ms) custom(q=0 f=0/1 p99rtt=1ms) slots=25/25 jobs/s=600 drains=43325 evl=0ms
[2026-06-04 10:10:25.454] [info] [Worker 8] [libqueen] push(q=5 f=0/24 p99rtt=24ms) pop(q=0 f=0/16 p99rtt=2ms) custom(q=0 f=0/1 p99rtt=1ms) slots=25/25 jobs/s=606 drains=43566 evl=0ms
[2026-06-04 10:10:26.373] [info] [Worker 7] [libqueen] push(q=0 f=1/24 p99rtt=24ms) pop(q=0 f=0/16 p99rtt=4ms) custom(q=0 f=0/1 p99rtt=1ms) slots=24/25 jobs/s=606 drains=44507 evl=0ms
[2026-06-04 10:10:26.388] [info] [Worker 5] [libqueen] push(q=0 f=1/24 p99rtt=24ms) pop(q=0 f=0/16 p99rtt=5ms) custom(q=0 f=0/1 p99rtt=1ms) slots=24/25 jobs/s=600 drains=43993 evl=0ms
[2026-06-04 10:10:26.403] [info] [Worker 0] [libqueen] push(q=0 f=1/24 p99rtt=24ms) pop(q=0 f=0/16 p99rtt=9ms) custom(q=0 f=0/1 p99rtt=1ms) slots=24/25 jobs/s=576 drains=44287 evl=0ms
[2026-06-04 10:10:26.411] [info] [Worker 6] [libqueen] push(q=0 f=1/24 p99rtt=23ms) pop(q=0 f=0/16 p99rtt=5ms) custom(q=0 f=0/1 p99rtt=1ms) slots=24/25 jobs/s=588 drains=44546 evl=0ms
[2026-06-04 10:10:26.413] [info] [Worker 2] [libqueen] push(q=0 f=1/24 p99rtt=24ms) pop(q=0 f=0/16 p99rtt=5ms) custom(q=0 f=0/1 p99rtt=1ms) slots=24/25 jobs/s=582 drains=43770 evl=0ms
[2026-06-04 10:10:26.415] [info] [Worker 1] [libqueen] push(q=0 f=0/24 p99rtt=24ms) pop(q=0 f=0/16 p99rtt=4ms) custom(q=0 f=1/1 p99rtt=1ms) slots=24/25 jobs/s=575 drains=44573 evl=0ms
[2026-06-04 10:10:26.416] [info] [Worker 9] [libqueen] push(q=2 f=0/24 p99rtt=24ms) pop(q=0 f=0/16 p99rtt=2ms) custom(q=0 f=1/1 p99rtt=1ms) slots=24/25 jobs/s=593 drains=44124 evl=0ms
[2026-06-04 10:10:26.437] [info] [Worker 4] [libqueen] push(q=5 f=0/24 p99rtt=25ms) pop(q=0 f=0/16 p99rtt=3ms) custom(q=0 f=0/1 p99rtt=1ms) slots=25/25 jobs/s=588 drains=44017 evl=0ms
[2026-06-04 10:10:26.445] [info] [Worker 3] [libqueen] push(q=0 f=1/24 p99rtt=25ms) pop(q=0 f=0/16 p99rtt=4ms) custom(q=0 f=0/1 p99rtt=1ms) slots=24/25 jobs/s=588 drains=44130 evl=0ms
[2026-06-04 10:10:26.453] [info] [Worker 8] [libqueen] push(q=5 f=0/24 p99rtt=24ms) pop(q=0 f=0/16 p99rtt=2ms) custom(q=0 f=0/1 p99rtt=1ms) slots=25/25 jobs/s=588 drains=44371 evl=0ms
[2026-06-04 10:10:26.497] [info] QPOP: Connection aborted for 64a2bb16-fb27-4aaa-a6db-fe31dcb1b8a8
[2026-06-04 10:10:26.498] [info] QPOP: Connection aborted for c77d69c3-dbfb-4068-8ee6-fc7ae8f82bdc
[2026-06-04 10:10:26.498] [info] QPOP: Connection aborted for 1b10cd0f-542c-46a1-a4e2-4bf0b4939987
[2026-06-04 10:10:26.498] [info] QPOP: Connection aborted for 008cb680-30aa-4a76-b6a2-342ecd39fd81
[2026-06-04 10:10:26.498] [info] QPOP: Connection aborted for 19975d5f-178c-42d0-a884-c21c439377a9
[2026-06-04 10:10:26.498] [info] QPOP: Connection aborted for 1183b378-c959-47e0-b97c-856be2c39c57
[2026-06-04 10:10:26.498] [info] QPOP: Connection aborted for 080edeec-c0db-42b3-b8c7-f31bb95ed37c
[2026-06-04 10:10:26.498] [info] QPOP: Connection aborted for c0aecae2-f8d8-4bc4-9eab-e77bfd700fdb
[2026-06-04 10:10:26.498] [info] QPOP: Connection aborted for a5df6218-85e4-4844-a0e7-dc21e75ac62d
[2026-06-04 10:10:26.499] [info] QPOP: Connection aborted for 64037744-be57-4673-9f50-a02227a96e4f
[2026-06-04 10:10:26.499] [info] QPOP: Connection aborted for 0e4bdd54-60c1-4ee0-98c7-ba214bc0d7a0
[2026-06-04 10:10:26.501] [info] QPOP: Connection aborted for cb2ee298-85c2-4117-abc6-17cb38d2b959
[2026-06-04 10:10:26.504] [info] QPOP: Connection aborted for e6324c70-dd44-4dcc-ba6f-193a1d3d65a3
[2026-06-04 10:10:26.508] [info] QPOP: Connection aborted for 0ed5fb83-a009-4208-b966-5dd2f086542d
[2026-06-04 10:10:26.508] [info] QPOP: Connection aborted for d2a6b805-6d11-4da0-ba5b-2478a9c5c431
[2026-06-04 10:10:26.509] [info] QPOP: Connection aborted for a6ffef3b-1b70-467b-96e0-7f6d7707d104
[2026-06-04 10:10:26.509] [info] QPOP: Connection aborted for 12909a7f-2e2b-4daa-88a5-cf02af5e6cef
[2026-06-04 10:10:26.512] [info] QPOP: Connection aborted for 2fceaa1a-3e0d-43f3-93e0-34e7eeb3a187
[2026-06-04 10:10:26.516] [info] QPOP: Connection aborted for 96506b64-1c38-409c-8e45-59f08ec889db
[2026-06-04 10:10:26.518] [info] QPOP: Connection aborted for 4132b3a3-f7a8-4c07-9c25-8a7aa1dd836a
[2026-06-04 10:10:26.518] [info] QPOP: Connection aborted for 13f2d031-4301-4bb5-b238-498dc7d53d4a
[2026-06-04 10:10:26.519] [info] QPOP: Connection aborted for 2b98a4b0-ee65-4b10-a488-e833b6cb3314
[2026-06-04 10:10:26.519] [info] QPOP: Connection aborted for adb1d9c6-b469-4e7c-be8f-3952d4dcf9e8
[2026-06-04 10:10:26.521] [info] QPOP: Connection aborted for 4a669364-b474-4576-a1ca-f765b7f9a077
[2026-06-04 10:10:26.521] [info] QPOP: Connection aborted for 3a37a3a2-c0ec-49b6-9b5a-2833b8855da4
[2026-06-04 10:10:26.521] [info] QPOP: Connection aborted for af1e48af-6b86-492a-8bf7-7d9739fcca60
[2026-06-04 10:10:26.522] [info] QPOP: Connection aborted for 63013089-99ec-49c4-a78c-c916f08036a0
[2026-06-04 10:10:26.524] [info] QPOP: Connection aborted for d9b5c78b-8d56-4cf4-bcda-589b1c75adba
[2026-06-04 10:10:26.526] [info] QPOP: Connection aborted for bbfa4210-08bd-4bf9-8106-3dccf956a8cf
[2026-06-04 10:10:26.528] [info] QPOP: Connection aborted for 3ff53c87-8b28-4917-944d-ff6af0a5e19d
[2026-06-04 10:10:26.529] [info] QPOP: Connection aborted for 7c229923-2e30-4c70-805d-b130f83bbaeb
[2026-06-04 10:10:26.530] [info] QPOP: Connection aborted for 37af5485-a840-4cdc-9f18-7175c97f4fc6
[2026-06-04 10:10:26.532] [info] QPOP: Connection aborted for 6cc4320f-d01c-4c34-879e-1def848a6e95
[2026-06-04 10:10:26.533] [info] QPOP: Connection aborted for fd093b43-13ca-48c6-b402-7051d291a7e2
[2026-06-04 10:10:26.534] [info] QPOP: Connection aborted for 4fa4ea9c-996d-46e5-8805-7e359d9faf59
[2026-06-04 10:10:26.534] [info] QPOP: Connection aborted for 52fecd12-68e8-427a-b787-7c3c5c9b2b52
[2026-06-04 10:10:26.536] [info] QPOP: Connection aborted for 4012b9c6-2542-4147-a134-9126106a28ce
[2026-06-04 10:10:26.536] [info] QPOP: Connection aborted for e467c27b-fa5d-41b1-b269-3ecad144ad3f
[2026-06-04 10:10:26.536] [info] QPOP: Connection aborted for b00b84ef-2123-4a3f-8520-ff49cf493fc5
[2026-06-04 10:10:26.536] [info] QPOP: Connection aborted for 81034262-92df-4dca-87d9-285c9dbe91af
[2026-06-04 10:10:26.539] [info] QPOP: Connection aborted for 85798351-ebab-4177-a55a-7572e29abf1a
[2026-06-04 10:10:26.539] [info] QPOP: Connection aborted for bcf01986-582c-4d91-81f4-785759cf9976
[2026-06-04 10:10:26.540] [info] QPOP: Connection aborted for 19929d19-406c-4f5f-8ac0-6d68ae31467c
[2026-06-04 10:10:26.541] [info] QPOP: Connection aborted for 4f8e1f73-d774-4e8f-af5c-a8cadb28c566
[2026-06-04 10:10:26.541] [info] QPOP: Connection aborted for 3aca9571-b70c-4eb0-b54e-1e26df1804e5
[2026-06-04 10:10:26.541] [info] QPOP: Connection aborted for a01ea70a-4711-428e-80ea-d1fa1225dc4d
[2026-06-04 10:10:26.541] [info] QPOP: Connection aborted for 3e873c83-3a18-48fc-afeb-99c19ff55ba1
[2026-06-04 10:10:26.542] [info] QPOP: Connection aborted for b42574b5-69f0-42f9-8462-ada5917a07da
[2026-06-04 10:10:26.545] [info] QPOP: Connection aborted for 008689e8-20ea-4d36-b03d-b4bea33282df
[2026-06-04 10:10:26.546] [info] QPOP: Connection aborted for 45b013cc-b0f4-44d1-94a9-a54df0a85e57
[2026-06-04 10:10:26.743] [info] PartitionLookupReconcileService: fixed 2 partition_lookup rows (stats leader, hostname=a4dbf4b4cbaf)
[2026-06-04 10:10:27.372] [info] [Worker 7] [libqueen] push(q=5 f=0/24 p99rtt=24ms) pop(q=0 f=0/16 p99rtt=4ms) custom(q=0 f=0/1 p99rtt=1ms) slots=25/25 jobs/s=576 drains=45311 evl=0ms
[2026-06-04 10:10:27.388] [info] [Worker 5] [libqueen] push(q=0 f=1/24 p99rtt=25ms) pop(q=0 f=0/16 p99rtt=5ms) custom(q=0 f=0/1 p99rtt=1ms) slots=24/25 jobs/s=594 drains=44827 evl=0ms
[2026-06-04 10:10:27.403] [info] [Worker 0] [libqueen] push(q=0 f=1/24 p99rtt=24ms) pop(q=0 f=0/16 p99rtt=9ms) custom(q=0 f=0/1 p99rtt=1ms) slots=24/25 jobs/s=594 drains=45137 evl=0ms
[2026-06-04 10:10:27.411] [info] [Worker 6] [libqueen] push(q=5 f=0/24 p99rtt=23ms) pop(q=0 f=0/16 p99rtt=5ms) custom(q=0 f=0/1 p99rtt=1ms) slots=25/25 jobs/s=600 drains=45377 evl=0ms
[2026-06-04 10:10:27.413] [info] [Worker 2] [libqueen] push(q=0 f=1/24 p99rtt=24ms) pop(q=0 f=0/16 p99rtt=5ms) custom(q=0 f=0/1 p99rtt=1ms) slots=24/25 jobs/s=606 drains=44622 evl=0ms
[2026-06-04 10:10:27.415] [info] [Worker 1] [libqueen] push(q=5 f=0/24 p99rtt=25ms) pop(q=0 f=0/16 p99rtt=4ms) custom(q=0 f=0/1 p99rtt=1ms) slots=25/25 jobs/s=601 drains=45426 evl=0ms
[2026-06-04 10:10:27.415] [info] [Worker 9] [libqueen] push(q=0 f=1/24 p99rtt=24ms) pop(q=0 f=0/16 p99rtt=3ms) custom(q=0 f=0/1 p99rtt=1ms) slots=24/25 jobs/s=607 drains=44991 evl=0ms
[2026-06-04 10:10:27.437] [info] [Worker 4] [libqueen] push(q=0 f=1/24 p99rtt=25ms) pop(q=0 f=0/16 p99rtt=5ms) custom(q=0 f=0/1 p99rtt=1ms) slots=24/25 jobs/s=594 drains=44815 evl=0ms
[2026-06-04 10:10:27.445] [info] [Worker 3] [libqueen] push(q=0 f=1/24 p99rtt=25ms) pop(q=0 f=0/16 p99rtt=5ms) custom(q=0 f=0/1 p99rtt=1ms) slots=24/25 jobs/s=588 drains=44952 evl=0ms
[2026-06-04 10:10:27.454] [info] [Worker 8] [libqueen] push(q=0 f=1/24 p99rtt=24ms) pop(q=0 f=0/16 p99rtt=3ms) custom(q=0 f=0/1 p99rtt=1ms) slots=24/25 jobs/s=594 drains=45211 evl=0ms
[2026-06-04 10:10:28.373] [info] [Worker 7] [libqueen] push(q=0 f=0/24 p99rtt=24ms) pop(q=0 f=0/16 p99rtt=4ms) custom(q=0 f=1/1 p99rtt=1ms) slots=24/25 jobs/s=581 drains=46113 evl=0ms
[2026-06-04 10:10:28.388] [info] [Worker 5] [libqueen] push(q=5 f=0/24 p99rtt=24ms) pop(q=0 f=0/16 p99rtt=5ms) custom(q=0 f=0/1 p99rtt=1ms) slots=25/25 jobs/s=586 drains=45644 evl=0ms
[2026-06-04 10:10:28.403] [info] [Worker 0] [libqueen] push(q=2 f=0/24 p99rtt=25ms) pop(q=0 f=0/16 p99rtt=9ms) custom(q=0 f=0/1 p99rtt=1ms) slots=25/25 jobs/s=588 drains=45929 evl=0ms
[2026-06-04 10:10:28.412] [info] [Worker 6] [libqueen] push(q=0 f=1/24 p99rtt=23ms) pop(q=0 f=0/16 p99rtt=5ms) custom(q=0 f=0/1 p99rtt=1ms) slots=24/25 jobs/s=582 drains=46160 evl=0ms
[2026-06-04 10:10:28.412] [info] [Worker 2] [libqueen] push(q=0 f=0/24 p99rtt=24ms) pop(q=0 f=0/16 p99rtt=5ms) custom(q=0 f=0/1 p99rtt=1ms) slots=25/25 jobs/s=582 drains=45433 evl=0ms
[2026-06-04 10:10:28.415] [info] [Worker 1] [libqueen] push(q=5 f=0/24 p99rtt=25ms) pop(q=0 f=0/16 p99rtt=4ms) custom(q=0 f=0/1 p99rtt=1ms) slots=25/25 jobs/s=594 drains=46249 evl=0ms
[2026-06-04 10:10:28.415] [info] [Worker 9] [libqueen] push(q=5 f=0/24 p99rtt=24ms) pop(q=0 f=0/16 p99rtt=3ms) custom(q=0 f=0/1 p99rtt=1ms) slots=25/25 jobs/s=584 drains=45815 evl=0ms
[2026-06-04 10:10:28.436] [info] [Worker 4] [libqueen] push(q=5 f=0/24 p99rtt=25ms) pop(q=0 f=0/16 p99rtt=5ms) custom(q=0 f=0/1 p99rtt=1ms) slots=25/25 jobs/s=588 drains=45620 evl=0ms
[2026-06-04 10:10:28.444] [info] [Worker 3] [libqueen] push(q=0 f=0/24 p99rtt=25ms) pop(q=0 f=0/16 p99rtt=5ms) custom(q=0 f=1/1 p99rtt=1ms) slots=24/25 jobs/s=593 drains=45784 evl=0ms
[2026-06-04 10:10:28.454] [info] [Worker 8] [libqueen] push(q=0 f=0/24 p99rtt=25ms) pop(q=0 f=0/16 p99rtt=3ms) custom(q=0 f=0/1 p99rtt=1ms) slots=25/25 jobs/s=606 drains=46042 evl=0ms
[2026-06-04 10:10:29.373] [info] [Worker 7] [libqueen] push(q=5 f=0/24 p99rtt=25ms) pop(q=0 f=0/16 p99rtt=4ms) custom(q=0 f=0/1 p99rtt=1ms) slots=25/25 jobs/s=583 drains=46913 evl=0ms
[2026-06-04 10:10:29.388] [info] [Worker 5] [libqueen] push(q=0 f=0/24 p99rtt=25ms) pop(q=0 f=0/16 p99rtt=5ms) custom(q=0 f=1/1 p99rtt=1ms) slots=24/25 jobs/s=593 drains=46446 evl=0ms
[2026-06-04 10:10:29.404] [info] [Worker 0] [libqueen] push(q=5 f=0/24 p99rtt=25ms) pop(q=0 f=0/16 p99rtt=9ms) custom(q=0 f=0/1 p99rtt=1ms) slots=25/25 jobs/s=588 drains=46738 evl=0ms
[2026-06-04 10:10:29.411] [info] [Worker 6] [libqueen] push(q=5 f=0/24 p99rtt=23ms) pop(q=0 f=0/16 p99rtt=5ms) custom(q=0 f=0/1 p99rtt=1ms) slots=25/25 jobs/s=582 drains=46924 evl=0ms
[2026-06-04 10:10:29.412] [info] [Worker 2] [libqueen] push(q=5 f=0/24 p99rtt=25ms) pop(q=0 f=0/16 p99rtt=5ms) custom(q=0 f=0/1 p99rtt=1ms) slots=25/25 jobs/s=576 drains=46241 evl=0ms
[2026-06-04 10:10:29.415] [info] [Worker 1] [libqueen] push(q=0 f=1/24 p99rtt=25ms) pop(q=0 f=0/16 p99rtt=4ms) custom(q=0 f=0/1 p99rtt=1ms) slots=24/25 jobs/s=594 drains=47063 evl=0ms
[2026-06-04 10:10:29.416] [info] [Worker 9] [libqueen] push(q=5 f=0/24 p99rtt=24ms) pop(q=0 f=0/16 p99rtt=3ms) custom(q=0 f=0/1 p99rtt=1ms) slots=25/25 jobs/s=588 drains=46608 evl=0ms
[2026-06-04 10:10:29.437] [info] [Worker 4] [libqueen] push(q=0 f=1/24 p99rtt=26ms) pop(q=0 f=0/16 p99rtt=5ms) custom(q=0 f=0/1 p99rtt=1ms) slots=24/25 jobs/s=570 drains=46407 evl=0ms
[2026-06-04 10:10:29.445] [info] [Worker 3] [libqueen] push(q=5 f=0/24 p99rtt=25ms) pop(q=0 f=0/16 p99rtt=5ms) custom(q=0 f=0/1 p99rtt=1ms) slots=25/25 jobs/s=589 drains=46588 evl=0ms
[2026-06-04 10:10:29.454] [info] [Worker 8] [libqueen] push(q=5 f=0/24 p99rtt=25ms) pop(q=0 f=0/16 p99rtt=3ms) custom(q=0 f=0/1 p99rtt=1ms) slots=25/25 jobs/s=570 drains=46833 evl=0ms
[2026-06-04 10:10:30.372] [info] [Worker 7] [libqueen] push(q=0 f=1/24 p99rtt=25ms) pop(q=0 f=0/16 p99rtt=4ms) custom(q=0 f=0/1 p99rtt=1ms) slots=24/25 jobs/s=600 drains=47710 evl=0ms
[2026-06-04 10:10:30.388] [info] [Worker 5] [libqueen] push(q=0 f=1/24 p99rtt=25ms) pop(q=0 f=0/16 p99rtt=5ms) custom(q=0 f=0/1 p99rtt=1ms) slots=24/25 jobs/s=589 drains=47259 evl=0ms
[2026-06-04 10:10:30.404] [info] [Worker 0] [libqueen] push(q=5 f=0/24 p99rtt=24ms) pop(q=0 f=0/16 p99rtt=9ms) custom(q=0 f=0/1 p99rtt=1ms) slots=25/25 jobs/s=600 drains=47563 evl=0ms
[2026-06-04 10:10:30.412] [info] [Worker 6] [libqueen] push(q=5 f=0/24 p99rtt=24ms) pop(q=0 f=0/16 p99rtt=5ms) custom(q=0 f=0/1 p99rtt=1ms) slots=25/25 jobs/s=594 drains=47718 evl=0ms
[2026-06-04 10:10:30.412] [info] [Worker 2] [libqueen] push(q=0 f=0/24 p99rtt=25ms) pop(q=0 f=0/16 p99rtt=5ms) custom(q=0 f=0/1 p99rtt=1ms) slots=25/25 jobs/s=588 drains=47042 evl=0ms
[2026-06-04 10:10:30.414] [info] [Worker 1] [libqueen] push(q=5 f=0/24 p99rtt=24ms) pop(q=0 f=0/16 p99rtt=4ms) custom(q=0 f=0/1 p99rtt=1ms) slots=25/25 jobs/s=612 drains=47899 evl=0ms
[2026-06-04 10:10:30.416] [info] [Worker 9] [libqueen] push(q=5 f=0/24 p99rtt=24ms) pop(q=0 f=0/16 p99rtt=3ms) custom(q=0 f=0/1 p99rtt=1ms) slots=25/25 jobs/s=588 drains=47425 evl=0ms
[2026-06-04 10:10:30.437] [info] [Worker 4] [libqueen] push(q=0 f=1/24 p99rtt=25ms) pop(q=0 f=0/16 p99rtt=5ms) custom(q=0 f=0/1 p99rtt=1ms) slots=24/25 jobs/s=600 drains=47237 evl=0ms
[2026-06-04 10:10:30.445] [info] [Worker 3] [libqueen] push(q=5 f=0/24 p99rtt=25ms) pop(q=0 f=0/16 p99rtt=5ms) custom(q=0 f=0/1 p99rtt=1ms) slots=25/25 jobs/s=606 drains=47406 evl=0ms
[2026-06-04 10:10:30.453] [info] [Worker 8] [libqueen] push(q=0 f=1/24 p99rtt=25ms) pop(q=0 f=0/16 p99rtt=3ms) custom(q=0 f=0/1 p99rtt=1ms) slots=24/25 jobs/s=606 drains=47680 evl=0ms
[2026-06-04 10:10:31.373] [info] [Worker 7] [libqueen] push(q=0 f=0/24 p99rtt=25ms) pop(q=0 f=0/16 p99rtt=4ms) custom(q=0 f=0/1 p99rtt=1ms) slots=25/25 jobs/s=591 drains=48506 evl=0ms
[2026-06-04 10:10:31.387] [info] [Worker 5] [libqueen] push(q=5 f=0/24 p99rtt=24ms) pop(q=0 f=0/16 p99rtt=5ms) custom(q=0 f=0/1 p99rtt=1ms) slots=25/25 jobs/s=594 drains=48067 evl=0ms
[2026-06-04 10:10:31.404] [info] [Worker 0] [libqueen] push(q=0 f=1/24 p99rtt=24ms) pop(q=0 f=0/16 p99rtt=9ms) custom(q=0 f=0/1 p99rtt=1ms) slots=24/25 jobs/s=576 drains=48347 evl=0ms
[2026-06-04 10:10:31.411] [info] [Worker 6] [libqueen] push(q=0 f=1/24 p99rtt=24ms) pop(q=0 f=0/16 p99rtt=5ms) custom(q=0 f=0/1 p99rtt=1ms) slots=24/25 jobs/s=582 drains=48516 evl=0ms
[2026-06-04 10:10:31.412] [info] [Worker 2] [libqueen] push(q=0 f=1/24 p99rtt=24ms) pop(q=0 f=0/16 p99rtt=5ms) custom(q=0 f=0/1 p99rtt=1ms) slots=24/25 jobs/s=576 drains=47850 evl=0ms
[2026-06-04 10:10:31.415] [info] [Worker 1] [libqueen] push(q=0 f=1/24 p99rtt=24ms) pop(q=0 f=0/16 p99rtt=4ms) custom(q=0 f=0/1 p99rtt=1ms) slots=24/25 jobs/s=582 drains=48708 evl=0ms
[2026-06-04 10:10:31.416] [info] [Worker 9] [libqueen] push(q=5 f=0/24 p99rtt=24ms) pop(q=0 f=0/16 p99rtt=3ms) custom(q=0 f=0/1 p99rtt=1ms) slots=25/25 jobs/s=588 drains=48227 evl=0ms
[2026-06-04 10:10:31.437] [info] [Worker 4] [libqueen] push(q=0 f=1/24 p99rtt=25ms) pop(q=0 f=0/16 p99rtt=5ms) custom(q=0 f=0/1 p99rtt=1ms) slots=24/25 jobs/s=582 drains=48034 evl=0ms
[2026-06-04 10:10:31.445] [info] [Worker 3] [libqueen] push(q=5 f=0/24 p99rtt=25ms) pop(q=0 f=0/16 p99rtt=5ms) custom(q=0 f=0/1 p99rtt=1ms) slots=25/25 jobs/s=582 drains=48184 evl=0ms
[2026-06-04 10:10:31.454] [info] [Worker 8] [libqueen] push(q=5 f=0/24 p99rtt=24ms) pop(q=0 f=0/16 p99rtt=3ms) custom(q=0 f=0/1 p99rtt=1ms) slots=25/25 jobs/s=600 drains=48499 evl=0ms
[2026-06-04 10:10:32.373] [info] [Worker 7] [libqueen] push(q=5 f=0/24 p99rtt=25ms) pop(q=0 f=0/16 p99rtt=4ms) custom(q=0 f=0/1 p99rtt=1ms) slots=25/25 jobs/s=600 drains=49324 evl=0ms
[2026-06-04 10:10:32.387] [info] [Worker 5] [libqueen] push(q=5 f=0/24 p99rtt=25ms) pop(q=0 f=0/16 p99rtt=5ms) custom(q=0 f=1/1 p99rtt=1ms) slots=24/25 jobs/s=587 drains=48874 evl=0ms
[2026-06-04 10:10:32.404] [info] [Worker 0] [libqueen] push(q=0 f=1/24 p99rtt=24ms) pop(q=0 f=0/16 p99rtt=9ms) custom(q=0 f=0/1 p99rtt=1ms) slots=24/25 jobs/s=594 drains=49155 evl=0ms
[2026-06-04 10:10:32.412] [info] [Worker 6] [libqueen] push(q=0 f=1/24 p99rtt=24ms) pop(q=0 f=0/16 p99rtt=5ms) custom(q=0 f=0/1 p99rtt=1ms) slots=24/25 jobs/s=600 drains=49318 evl=0ms
[2026-06-04 10:10:32.413] [info] [Worker 2] [libqueen] push(q=5 f=0/24 p99rtt=24ms) pop(q=0 f=0/16 p99rtt=5ms) custom(q=0 f=0/1 p99rtt=1ms) slots=25/25 jobs/s=594 drains=48670 evl=0ms
[2026-06-04 10:10:32.415] [info] [Worker 1] [libqueen] push(q=5 f=0/24 p99rtt=24ms) pop(q=0 f=0/16 p99rtt=4ms) custom(q=0 f=0/1 p99rtt=1ms) slots=25/25 jobs/s=600 drains=49528 evl=0ms
[2026-06-04 10:10:32.416] [info] [Worker 9] [libqueen] push(q=5 f=0/24 p99rtt=24ms) pop(q=0 f=0/16 p99rtt=3ms) custom(q=0 f=0/1 p99rtt=1ms) slots=25/25 jobs/s=594 drains=49036 evl=0ms
[2026-06-04 10:10:32.436] [info] [Worker 4] [libqueen] push(q=5 f=0/24 p99rtt=25ms) pop(q=0 f=0/16 p99rtt=5ms) custom(q=0 f=0/1 p99rtt=1ms) slots=25/25 jobs/s=600 drains=48850 evl=0ms
[2026-06-04 10:10:32.444] [info] [Worker 3] [libqueen] push(q=0 f=0/24 p99rtt=25ms) pop(q=0 f=0/16 p99rtt=5ms) custom(q=0 f=0/1 p99rtt=1ms) slots=25/25 jobs/s=582 drains=48984 evl=0ms
[2026-06-04 10:10:32.454] [info] [Worker 8] [libqueen] push(q=5 f=0/24 p99rtt=24ms) pop(q=0 f=0/16 p99rtt=3ms) custom(q=0 f=0/1 p99rtt=1ms) slots=25/25 jobs/s=594 drains=49305 evl=0ms
[2026-06-04 10:10:32.757] [info] PartitionLookupReconcileService: fixed 1 partition_lookup rows (stats leader, hostname=a4dbf4b4cbaf)
[2026-06-04 10:10:33.372] [info] [Worker 7] [libqueen] push(q=5 f=0/24 p99rtt=25ms) pop(q=0 f=0/16 p99rtt=4ms) custom(q=0 f=0/1 p99rtt=1ms) slots=25/25 jobs/s=618 drains=50169 evl=0ms
[2026-06-04 10:10:33.388] [info] [Worker 5] [libqueen] push(q=5 f=0/24 p99rtt=24ms) pop(q=0 f=0/16 p99rtt=5ms) custom(q=0 f=0/1 p99rtt=1ms) slots=25/25 jobs/s=589 drains=49689 evl=0ms
[2026-06-04 10:10:33.405] [info] [Worker 0] [libqueen] push(q=5 f=0/24 p99rtt=24ms) pop(q=0 f=0/16 p99rtt=9ms) custom(q=0 f=0/1 p99rtt=1ms) slots=25/25 jobs/s=594 drains=49970 evl=0ms
[2026-06-04 10:10:33.411] [info] [Worker 6] [libqueen] push(q=5 f=0/24 p99rtt=24ms) pop(q=0 f=0/16 p99rtt=5ms) custom(q=0 f=0/1 p99rtt=1ms) slots=25/25 jobs/s=594 drains=50121 evl=0ms
[2026-06-04 10:10:33.413] [info] [Worker 2] [libqueen] push(q=5 f=0/24 p99rtt=24ms) pop(q=0 f=0/16 p99rtt=5ms) custom(q=0 f=0/1 p99rtt=1ms) slots=25/25 jobs/s=575 drains=49480 evl=0ms
[2026-06-04 10:10:33.415] [info] [Worker 1] [libqueen] push(q=0 f=1/24 p99rtt=24ms) pop(q=0 f=0/16 p99rtt=4ms) custom(q=0 f=0/1 p99rtt=1ms) slots=24/25 jobs/s=588 drains=50332 evl=0ms
[2026-06-04 10:10:33.416] [info] [Worker 9] [libqueen] push(q=5 f=0/24 p99rtt=24ms) pop(q=0 f=0/16 p99rtt=3ms) custom(q=0 f=0/1 p99rtt=1ms) slots=25/25 jobs/s=594 drains=49856 evl=0ms
[2026-06-04 10:10:33.437] [info] [Worker 4] [libqueen] push(q=0 f=1/24 p99rtt=25ms) pop(q=0 f=0/16 p99rtt=5ms) custom(q=0 f=0/1 p99rtt=1ms) slots=24/25 jobs/s=582 drains=49648 evl=0ms
[2026-06-04 10:10:33.445] [info] [Worker 3] [libqueen] push(q=5 f=0/24 p99rtt=25ms) pop(q=0 f=0/16 p99rtt=5ms) custom(q=0 f=0/1 p99rtt=1ms) slots=25/25 jobs/s=582 drains=49802 evl=0ms
[2026-06-04 10:10:33.454] [info] [Worker 8] [libqueen] push(q=5 f=0/24 p99rtt=24ms) pop(q=0 f=0/16 p99rtt=3ms) custom(q=0 f=0/1 p99rtt=1ms) slots=25/25 jobs/s=594 drains=50107 evl=0ms
[2026-06-04 10:10:33.704] [info] StatsService: cycle completed in 16ms
[2026-06-04 10:10:34.373] [info] [Worker 7] [libqueen] push(q=5 f=0/24 p99rtt=23ms) pop(q=0 f=0/16 p99rtt=4ms) custom(q=0 f=0/1 p99rtt=1ms) slots=25/25 jobs/s=612 drains=51042 evl=0ms
[2026-06-04 10:10:34.388] [info] [Worker 5] [libqueen] push(q=0 f=0/24 p99rtt=24ms) pop(q=0 f=0/16 p99rtt=5ms) custom(q=0 f=0/1 p99rtt=1ms) slots=25/25 jobs/s=588 drains=50485 evl=0ms
[2026-06-04 10:10:34.405] [info] [Worker 0] [libqueen] push(q=5 f=0/24 p99rtt=24ms) pop(q=0 f=0/16 p99rtt=9ms) custom(q=0 f=0/1 p99rtt=1ms) slots=25/25 jobs/s=588 drains=50742 evl=0ms
[2026-06-04 10:10:34.412] [info] [Worker 6] [libqueen] push(q=2 f=0/24 p99rtt=24ms) pop(q=0 f=0/16 p99rtt=5ms) custom(q=0 f=0/1 p99rtt=1ms) slots=25/25 jobs/s=594 drains=50917 evl=0ms
[2026-06-04 10:10:34.412] [info] [Worker 2] [libqueen] push(q=0 f=1/24 p99rtt=24ms) pop(q=0 f=0/16 p99rtt=5ms) custom(q=0 f=0/1 p99rtt=1ms) slots=24/25 jobs/s=582 drains=50212 evl=0ms
[2026-06-04 10:10:34.415] [info] [Worker 1] [libqueen] push(q=5 f=0/24 p99rtt=24ms) pop(q=0 f=0/16 p99rtt=4ms) custom(q=0 f=0/1 p99rtt=1ms) slots=25/25 jobs/s=588 drains=51168 evl=0ms
[2026-06-04 10:10:34.416] [info] [Worker 9] [libqueen] push(q=5 f=0/24 p99rtt=24ms) pop(q=0 f=0/16 p99rtt=3ms) custom(q=0 f=0/1 p99rtt=1ms) slots=25/25 jobs/s=600 drains=50634 evl=0ms
[2026-06-04 10:10:34.437] [info] [Worker 4] [libqueen] push(q=5 f=0/24 p99rtt=25ms) pop(q=0 f=0/16 p99rtt=5ms) custom(q=0 f=0/1 p99rtt=1ms) slots=25/25 jobs/s=594 drains=50473 evl=0ms
[2026-06-04 10:10:34.445] [info] [Worker 3] [libqueen] push(q=5 f=0/24 p99rtt=24ms) pop(q=0 f=0/16 p99rtt=5ms) custom(q=0 f=0/1 p99rtt=1ms) slots=25/25 jobs/s=612 drains=50641 evl=0ms
[2026-06-04 10:10:34.454] [info] [Worker 8] [libqueen] push(q=5 f=0/24 p99rtt=24ms) pop(q=0 f=0/16 p99rtt=2ms) custom(q=0 f=0/1 p99rtt=1ms) slots=25/25 jobs/s=594 drains=50912 evl=0ms
[2026-06-04 10:10:35.373] [info] [Worker 7] [libqueen] push(q=0 f=0/24 p99rtt=25ms) pop(q=0 f=0/16 p99rtt=4ms) custom(q=0 f=1/1 p99rtt=1ms) slots=24/25 jobs/s=629 drains=51905 evl=0ms
[2026-06-04 10:10:35.388] [info] [Worker 5] [libqueen] push(q=5 f=0/24 p99rtt=24ms) pop(q=0 f=0/16 p99rtt=5ms) custom(q=0 f=0/1 p99rtt=1ms) slots=25/25 jobs/s=600 drains=51309 evl=0ms
[2026-06-04 10:10:35.405] [info] [Worker 0] [libqueen] push(q=0 f=0/24 p99rtt=25ms) pop(q=0 f=0/16 p99rtt=9ms) custom(q=0 f=0/1 p99rtt=1ms) slots=25/25 jobs/s=606 drains=51582 evl=0ms
[2026-06-04 10:10:35.412] [info] [Worker 6] [libqueen] push(q=0 f=1/24 p99rtt=24ms) pop(q=0 f=0/16 p99rtt=5ms) custom(q=0 f=0/1 p99rtt=1ms) slots=24/25 jobs/s=600 drains=51745 evl=0ms
[2026-06-04 10:10:35.412] [info] [Worker 2] [libqueen] push(q=0 f=0/24 p99rtt=24ms) pop(q=0 f=0/16 p99rtt=5ms) custom(q=0 f=1/1 p99rtt=1ms) slots=24/25 jobs/s=617 drains=51053 evl=0ms
[2026-06-04 10:10:35.416] [info] [Worker 9] [libqueen] push(q=0 f=1/24 p99rtt=24ms) pop(q=0 f=0/16 p99rtt=3ms) custom(q=0 f=0/1 p99rtt=1ms) slots=24/25 jobs/s=606 drains=51451 evl=0ms
[2026-06-04 10:10:35.416] [info] [Worker 1] [libqueen] push(q=0 f=1/24 p99rtt=24ms) pop(q=0 f=0/16 p99rtt=4ms) custom(q=0 f=0/1 p99rtt=1ms) slots=24/25 jobs/s=612 drains=52019 evl=0ms
[2026-06-04 10:10:35.437] [info] [Worker 4] [libqueen] push(q=5 f=0/24 p99rtt=24ms) pop(q=0 f=0/16 p99rtt=5ms) custom(q=0 f=0/1 p99rtt=1ms) slots=25/25 jobs/s=612 drains=51315 evl=0ms
[2026-06-04 10:10:35.444] [info] [Worker 3] [libqueen] push(q=5 f=0/24 p99rtt=24ms) pop(q=0 f=0/16 p99rtt=5ms) custom(q=0 f=0/1 p99rtt=1ms) slots=25/25 jobs/s=612 drains=51464 evl=0ms
[2026-06-04 10:10:35.453] [info] [Worker 8] [libqueen] push(q=0 f=1/24 p99rtt=24ms) pop(q=0 f=0/16 p99rtt=2ms) custom(q=0 f=0/1 p99rtt=1ms) slots=24/25 jobs/s=612 drains=51752 evl=0ms
[2026-06-04 10:10:36.373] [info] [Worker 7] [libqueen] push(q=5 f=0/24 p99rtt=26ms) pop(q=0 f=0/16 p99rtt=4ms) custom(q=0 f=0/1 p99rtt=1ms) slots=25/25 jobs/s=307 drains=52334 evl=0ms
[2026-06-04 10:10:36.388] [info] [Worker 5] [libqueen] push(q=0 f=0/24 p99rtt=27ms) pop(q=0 f=0/16 p99rtt=5ms) custom(q=0 f=1/1 p99rtt=1ms) slots=24/25 jobs/s=311 drains=51750 evl=0ms
[2026-06-04 10:10:36.405] [info] [Worker 0] [libqueen] push(q=3 f=0/24 p99rtt=27ms) pop(q=0 f=0/16 p99rtt=9ms) custom(q=0 f=0/1 p99rtt=1ms) slots=25/25 jobs/s=312 drains=52022 evl=0ms
[2026-06-04 10:10:36.411] [info] [Worker 6] [libqueen] push(q=0 f=0/24 p99rtt=27ms) pop(q=0 f=0/16 p99rtt=5ms) custom(q=0 f=1/1 p99rtt=1ms) slots=24/25 jobs/s=311 drains=52173 evl=0ms
[2026-06-04 10:10:36.412] [info] [Worker 2] [libqueen] push(q=0 f=1/24 p99rtt=27ms) pop(q=0 f=0/16 p99rtt=5ms) custom(q=0 f=0/1 p99rtt=1ms) slots=24/25 jobs/s=308 drains=51506 evl=0ms
[2026-06-04 10:10:36.415] [info] [Worker 9] [libqueen] push(q=0 f=1/24 p99rtt=27ms) pop(q=0 f=0/16 p99rtt=3ms) custom(q=0 f=0/1 p99rtt=1ms) slots=24/25 jobs/s=313 drains=51889 evl=0ms
[2026-06-04 10:10:36.417] [info] [Worker 1] [libqueen] push(q=0 f=1/24 p99rtt=27ms) pop(q=0 f=0/16 p99rtt=4ms) custom(q=0 f=0/1 p99rtt=1ms) slots=24/25 jobs/s=318 drains=52467 evl=0ms
[2026-06-04 10:10:36.437] [info] [Worker 4] [libqueen] push(q=5 f=0/24 p99rtt=27ms) pop(q=0 f=0/16 p99rtt=5ms) custom(q=0 f=0/1 p99rtt=1ms) slots=25/25 jobs/s=313 drains=51759 evl=0ms
[2026-06-04 10:10:36.444] [info] [Worker 3] [libqueen] push(q=0 f=1/24 p99rtt=26ms) pop(q=0 f=0/16 p99rtt=5ms) custom(q=0 f=0/1 p99rtt=1ms) slots=24/25 jobs/s=306 drains=51887 evl=0ms
[2026-06-04 10:10:36.454] [info] [Worker 8] [libqueen] push(q=5 f=0/24 p99rtt=26ms) pop(q=0 f=0/16 p99rtt=2ms) custom(q=0 f=0/1 p99rtt=2ms) slots=25/25 jobs/s=312 drains=52196 evl=0ms
[2026-06-04 10:10:36.500] [info] QPOP: Connection aborted for 2fd79c3b-4473-41d6-91fd-b6a8d6cf7c38
[2026-06-04 10:10:36.500] [info] QPOP: Connection aborted for 75a71157-49b2-45ff-a521-aae485cd7bb2
[2026-06-04 10:10:36.500] [info] QPOP: Connection aborted for dcd90255-d23b-40fa-a67c-32eb66f6f40c
[2026-06-04 10:10:36.500] [info] QPOP: Connection aborted for 332921d7-b942-46a6-ba9e-551ee4ef4b6a
[2026-06-04 10:10:36.500] [info] QPOP: Connection aborted for 0c477017-a593-4d96-9ae4-c8056c0bfdad
[2026-06-04 10:10:36.500] [info] QPOP: Connection aborted for 78705058-e527-461b-bd6a-edaed8a01255
[2026-06-04 10:10:36.500] [info] QPOP: Connection aborted for e3405b60-5c3d-489a-9c81-55cb331a4db4
[2026-06-04 10:10:36.500] [info] QPOP: Connection aborted for 6c562c6f-20ab-49dd-996f-b2e0d41951f3
[2026-06-04 10:10:36.500] [info] QPOP: Connection aborted for d6802596-fbc8-4137-8c6c-4e33dc9ef7ad
[2026-06-04 10:10:36.500] [info] QPOP: Connection aborted for fe67dc95-4aba-42bf-abfe-89ff413411c3
[2026-06-04 10:10:36.500] [info] QPOP: Connection aborted for 8a466ef3-0f39-453a-8633-883324b721f3
[2026-06-04 10:10:36.502] [info] QPOP: Connection aborted for 30906bc5-5aa3-44c4-a1bd-02fe2bbcab7d
[2026-06-04 10:10:36.505] [info] QPOP: Connection aborted for 1d67b8e5-c967-4744-982c-a5143266b3b6
[2026-06-04 10:10:36.509] [info] QPOP: Connection aborted for f6977613-3846-429f-8ffd-3fba085fc6d7
[2026-06-04 10:10:36.509] [info] QPOP: Connection aborted for 7cafc348-3a5e-438b-bbc8-1c69e39be554
[2026-06-04 10:10:36.511] [info] QPOP: Connection aborted for ee5f3550-4600-4a3d-9a60-5e443efa0913
[2026-06-04 10:10:36.512] [info] QPOP: Connection aborted for b678a50c-af60-4620-8dd6-4bd1d6a3705a
[2026-06-04 10:10:36.513] [info] QPOP: Connection aborted for 0c8d3449-7808-4fb4-bb9e-24a2662f0d5f
[2026-06-04 10:10:36.517] [info] QPOP: Connection aborted for b8db37f4-558f-4ce6-bdea-38a2e132fb38
[2026-06-04 10:10:36.519] [info] QPOP: Connection aborted for 09d96629-50cc-4372-af6f-0a64d9efb114
[2026-06-04 10:10:36.519] [info] QPOP: Connection aborted for 3ad7d537-381c-4322-8e42-a53b1c82907c
[2026-06-04 10:10:36.520] [info] QPOP: Connection aborted for 65dc3600-8d5b-428a-905f-18c3654982e5
[2026-06-04 10:10:36.521] [info] QPOP: Connection aborted for 81b0dcbd-33cb-4ff5-bb8b-155ca55675dc
[2026-06-04 10:10:36.522] [info] QPOP: Connection aborted for ce9c3126-0654-4c2c-88a1-03cceb5ce1e7
[2026-06-04 10:10:36.522] [info] QPOP: Connection aborted for 91fd329b-3981-49a6-843a-4c1b3bc140dc
[2026-06-04 10:10:36.523] [info] QPOP: Connection aborted for c5b75d6a-7bd9-48dc-8fca-b0b1bd9adda0
[2026-06-04 10:10:36.523] [info] QPOP: Connection aborted for 4be68c0e-b1c7-49b2-9baf-cf387ede2d58
[2026-06-04 10:10:36.526] [info] QPOP: Connection aborted for 858e0a31-d178-45c6-8cab-973fb10700b6
[2026-06-04 10:10:36.528] [info] QPOP: Connection aborted for e095346f-06e6-46f5-a0dd-73bda1a9508e
[2026-06-04 10:10:36.530] [info] QPOP: Connection aborted for a40574e2-d001-4bee-83ad-d73e15a94ff2
[2026-06-04 10:10:36.530] [info] QPOP: Connection aborted for 48d91c0b-ba32-4f7b-8cd2-5e1aa393b81c
[2026-06-04 10:10:36.533] [info] QPOP: Connection aborted for 0ec9d3f6-60fe-4907-974a-783d0c94600b
[2026-06-04 10:10:36.533] [info] QPOP: Connection aborted for 8850a73d-b3c6-4b7a-87f8-0fb39e02017b
[2026-06-04 10:10:36.533] [info] QPOP: Connection aborted for f3f1fea7-7bd2-44cc-af3f-4c1e76ec47a0
[2026-06-04 10:10:36.534] [info] QPOP: Connection aborted for d5cb34c9-6c4a-4aad-aaaa-6029d6c7d36d
[2026-06-04 10:10:36.536] [info] QPOP: Connection aborted for c4de9c82-ccfc-4560-99c2-3771982e0742
[2026-06-04 10:10:36.537] [info] QPOP: Connection aborted for ffd4cf80-543e-4932-bfe0-8e2287e96cd9
[2026-06-04 10:10:36.537] [info] QPOP: Connection aborted for 58274cb6-8450-45da-8a80-866270c7fccb
[2026-06-04 10:10:36.537] [info] QPOP: Connection aborted for 836a9255-cf8b-436b-96c0-827b969e5157
[2026-06-04 10:10:36.538] [info] QPOP: Connection aborted for 42149234-d8db-4190-b33c-3b68a6463384
[2026-06-04 10:10:36.540] [info] QPOP: Connection aborted for 69cf21b1-aa0d-4e11-a58c-ea82b587ae0a
[2026-06-04 10:10:36.540] [info] QPOP: Connection aborted for 4b0d6a6e-3c56-4deb-b737-c1fee486c63f
[2026-06-04 10:10:36.540] [info] QPOP: Connection aborted for ca2fb0e2-a774-455f-a3e1-de82e1a765f3
[2026-06-04 10:10:36.542] [info] QPOP: Connection aborted for 2879d503-0283-485c-a93d-fdf7717218cb
[2026-06-04 10:10:36.542] [info] QPOP: Connection aborted for edd95e55-355a-41e2-a126-06d61699c2c8
[2026-06-04 10:10:36.542] [info] QPOP: Connection aborted for 1305ddb5-00fd-4fc9-9851-7fb42ce773fa
[2026-06-04 10:10:36.543] [info] QPOP: Connection aborted for b58f5b50-4fed-4401-90cc-02bb4cbc1c40
[2026-06-04 10:10:36.543] [info] QPOP: Connection aborted for a62a9d16-32c4-45dc-80d6-0515f4e361e4
[2026-06-04 10:10:36.546] [info] QPOP: Connection aborted for 88614128-cd13-4cfe-b4bc-b41e890dd50d
[2026-06-04 10:10:36.547] [info] QPOP: Connection aborted for 462a640f-c096-40b1-9bbf-20e3a02316c1
[2026-06-04 10:10:37.372] [info] [Worker 7] [libqueen] push(q=5 f=0/24 p99rtt=26ms) pop(q=0 f=0/16 p99rtt=4ms) custom(q=0 f=0/1 p99rtt=1ms) slots=25/25 jobs/s=606 drains=53174 evl=0ms
[2026-06-04 10:10:37.388] [info] [Worker 5] [libqueen] push(q=5 f=0/24 p99rtt=26ms) pop(q=0 f=0/16 p99rtt=7ms) custom(q=0 f=0/1 p99rtt=1ms) slots=25/25 jobs/s=612 drains=52598 evl=0ms
[2026-06-04 10:10:37.406] [info] [Worker 0] [libqueen] push(q=5 f=0/24 p99rtt=26ms) pop(q=0 f=0/16 p99rtt=7ms) custom(q=0 f=0/1 p99rtt=1ms) slots=25/25 jobs/s=594 drains=52842 evl=0ms
[2026-06-04 10:10:37.412] [info] [Worker 6] [libqueen] push(q=5 f=0/24 p99rtt=26ms) pop(q=0 f=0/16 p99rtt=5ms) custom(q=0 f=0/1 p99rtt=1ms) slots=25/25 jobs/s=589 drains=53005 evl=0ms
[2026-06-04 10:10:37.413] [info] [Worker 2] [libqueen] push(q=5 f=0/24 p99rtt=26ms) pop(q=0 f=0/16 p99rtt=5ms) custom(q=0 f=0/1 p99rtt=1ms) slots=25/25 jobs/s=606 drains=52349 evl=0ms
[2026-06-04 10:10:37.416] [info] [Worker 9] [libqueen] push(q=5 f=0/24 p99rtt=27ms) pop(q=0 f=0/16 p99rtt=5ms) custom(q=0 f=0/1 p99rtt=1ms) slots=25/25 jobs/s=606 drains=52739 evl=0ms
[2026-06-04 10:10:37.417] [info] [Worker 1] [libqueen] push(q=0 f=1/24 p99rtt=27ms) pop(q=0 f=0/16 p99rtt=5ms) custom(q=0 f=0/1 p99rtt=1ms) slots=24/25 jobs/s=606 drains=53320 evl=0ms
[2026-06-04 10:10:37.436] [info] [Worker 4] [libqueen] push(q=0 f=1/24 p99rtt=26ms) pop(q=0 f=0/16 p99rtt=5ms) custom(q=0 f=0/1 p99rtt=1ms) slots=24/25 jobs/s=600 drains=52596 evl=0ms
[2026-06-04 10:10:37.445] [info] [Worker 3] [libqueen] push(q=5 f=0/24 p99rtt=25ms) pop(q=0 f=0/16 p99rtt=5ms) custom(q=0 f=0/1 p99rtt=1ms) slots=25/25 jobs/s=606 drains=52741 evl=0ms
[2026-06-04 10:10:37.453] [info] [Worker 8] [libqueen] push(q=0 f=0/24 p99rtt=26ms) pop(q=0 f=0/16 p99rtt=2ms) custom(q=0 f=1/1 p99rtt=2ms) slots=24/25 jobs/s=623 drains=53065 evl=0ms
[2026-06-04 10:10:38.373] [info] [Worker 7] [libqueen] push(q=5 f=0/24 p99rtt=26ms) pop(q=0 f=0/16 p99rtt=4ms) custom(q=0 f=0/1 p99rtt=1ms) slots=25/25 jobs/s=593 drains=53988 evl=0ms
[2026-06-04 10:10:38.388] [info] [Worker 5] [libqueen] push(q=0 f=1/24 p99rtt=26ms) pop(q=0 f=0/16 p99rtt=7ms) custom(q=0 f=0/1 p99rtt=1ms) slots=24/25 jobs/s=600 drains=53404 evl=0ms
[2026-06-04 10:10:38.406] [info] [Worker 0] [libqueen] push(q=0 f=1/24 p99rtt=25ms) pop(q=0 f=0/16 p99rtt=7ms) custom(q=0 f=0/1 p99rtt=1ms) slots=24/25 jobs/s=612 drains=53688 evl=0ms
[2026-06-04 10:10:38.412] [info] [Worker 6] [libqueen] push(q=5 f=0/24 p99rtt=25ms) pop(q=0 f=0/16 p99rtt=5ms) custom(q=0 f=0/1 p99rtt=1ms) slots=25/25 jobs/s=606 drains=53833 evl=0ms
[2026-06-04 10:10:38.413] [info] [Worker 2] [libqueen] push(q=5 f=0/24 p99rtt=25ms) pop(q=0 f=0/16 p99rtt=5ms) custom(q=0 f=0/1 p99rtt=1ms) slots=25/25 jobs/s=600 drains=53202 evl=0ms
[2026-06-04 10:10:38.415] [info] [Worker 9] [libqueen] push(q=0 f=1/24 p99rtt=27ms) pop(q=0 f=0/16 p99rtt=5ms) custom(q=0 f=0/1 p99rtt=1ms) slots=24/25 jobs/s=593 drains=53539 evl=0ms
[2026-06-04 10:10:38.417] [info] [Worker 1] [libqueen] push(q=0 f=1/24 p99rtt=27ms) pop(q=0 f=0/16 p99rtt=5ms) custom(q=0 f=0/1 p99rtt=1ms) slots=24/25 jobs/s=600 drains=54136 evl=0ms
[2026-06-04 10:10:38.437] [info] [Worker 4] [libqueen] push(q=0 f=0/24 p99rtt=25ms) pop(q=0 f=0/16 p99rtt=5ms) custom(q=0 f=0/1 p99rtt=1ms) slots=25/25 jobs/s=612 drains=53421 evl=0ms
[2026-06-04 10:10:38.444] [info] [Worker 3] [libqueen] push(q=0 f=0/24 p99rtt=24ms) pop(q=0 f=0/16 p99rtt=5ms) custom(q=0 f=1/1 p99rtt=1ms) slots=24/25 jobs/s=599 drains=53561 evl=0ms
[2026-06-04 10:10:38.454] [info] [Worker 8] [libqueen] push(q=0 f=1/24 p99rtt=25ms) pop(q=0 f=0/16 p99rtt=2ms) custom(q=0 f=0/1 p99rtt=1ms) slots=24/25 jobs/s=619 drains=53912 evl=0ms
[2026-06-04 10:10:39.373] [info] [Worker 7] [libqueen] push(q=5 f=0/24 p99rtt=26ms) pop(q=0 f=0/16 p99rtt=4ms) custom(q=0 f=0/1 p99rtt=1ms) slots=25/25 jobs/s=618 drains=54820 evl=0ms
[2026-06-04 10:10:39.388] [info] [Worker 5] [libqueen] push(q=5 f=0/24 p99rtt=26ms) pop(q=0 f=0/16 p99rtt=7ms) custom(q=0 f=0/1 p99rtt=1ms) slots=25/25 jobs/s=606 drains=54219 evl=0ms
[2026-06-04 10:10:39.406] [info] [Worker 0] [libqueen] push(q=5 f=0/24 p99rtt=25ms) pop(q=0 f=0/16 p99rtt=7ms) custom(q=0 f=0/1 p99rtt=1ms) slots=25/25 jobs/s=623 drains=54515 evl=0ms
[2026-06-04 10:10:39.412] [info] [Worker 6] [libqueen] push(q=5 f=0/24 p99rtt=25ms) pop(q=0 f=0/16 p99rtt=5ms) custom(q=0 f=0/1 p99rtt=1ms) slots=25/25 jobs/s=612 drains=54664 evl=0ms
[2026-06-04 10:10:39.413] [info] [Worker 2] [libqueen] push(q=5 f=0/24 p99rtt=25ms) pop(q=0 f=0/16 p99rtt=5ms) custom(q=0 f=0/1 p99rtt=1ms) slots=25/25 jobs/s=588 drains=54015 evl=0ms
[2026-06-04 10:10:39.416] [info] [Worker 9] [libqueen] push(q=5 f=0/24 p99rtt=27ms) pop(q=0 f=0/16 p99rtt=5ms) custom(q=0 f=0/1 p99rtt=1ms) slots=25/25 jobs/s=594 drains=54349 evl=0ms
[2026-06-04 10:10:39.417] [info] [Worker 1] [libqueen] push(q=5 f=0/24 p99rtt=27ms) pop(q=0 f=0/16 p99rtt=5ms) custom(q=0 f=0/1 p99rtt=2ms) slots=25/25 jobs/s=612 drains=54978 evl=0ms
[2026-06-04 10:10:39.437] [info] [Worker 4] [libqueen] push(q=5 f=0/24 p99rtt=25ms) pop(q=0 f=0/16 p99rtt=5ms) custom(q=0 f=0/1 p99rtt=1ms) slots=25/25 jobs/s=594 drains=54240 evl=0ms
[2026-06-04 10:10:39.444] [info] [Worker 3] [libqueen] push(q=2 f=0/24 p99rtt=24ms) pop(q=0 f=0/16 p99rtt=5ms) custom(q=0 f=0/1 p99rtt=1ms) slots=25/25 jobs/s=601 drains=54399 evl=0ms
[2026-06-04 10:10:39.454] [info] [Worker 8] [libqueen] push(q=2 f=0/24 p99rtt=26ms) pop(q=0 f=0/16 p99rtt=2ms) custom(q=0 f=0/1 p99rtt=1ms) slots=25/25 jobs/s=612 drains=54741 evl=0ms
[2026-06-04 10:10:40.373] [info] [Worker 7] [libqueen] push(q=5 f=0/24 p99rtt=26ms) pop(q=0 f=0/16 p99rtt=4ms) custom(q=0 f=0/1 p99rtt=1ms) slots=25/25 jobs/s=594 drains=55656 evl=0ms
[2026-06-04 10:10:40.388] [info] [Worker 5] [libqueen] push(q=0 f=1/24 p99rtt=26ms) pop(q=0 f=0/16 p99rtt=7ms) custom(q=0 f=0/1 p99rtt=1ms) slots=24/25 jobs/s=618 drains=55044 evl=0ms
[2026-06-04 10:10:40.405] [info] [Worker 0] [libqueen] push(q=5 f=0/24 p99rtt=25ms) pop(q=0 f=0/16 p99rtt=7ms) custom(q=0 f=0/1 p99rtt=1ms) slots=25/25 jobs/s=600 drains=55318 evl=0ms
[2026-06-04 10:10:40.412] [info] [Worker 6] [libqueen] push(q=0 f=1/24 p99rtt=25ms) pop(q=0 f=0/16 p99rtt=5ms) custom(q=0 f=0/1 p99rtt=1ms) slots=24/25 jobs/s=612 drains=55495 evl=0ms
[2026-06-04 10:10:40.414] [info] [Worker 2] [libqueen] push(q=5 f=0/24 p99rtt=26ms) pop(q=0 f=0/16 p99rtt=5ms) custom(q=0 f=0/1 p99rtt=1ms) slots=25/25 jobs/s=600 drains=54854 evl=0ms
[2026-06-04 10:10:40.416] [info] [Worker 9] [libqueen] push(q=5 f=0/24 p99rtt=27ms) pop(q=0 f=0/16 p99rtt=5ms) custom(q=0 f=0/1 p99rtt=1ms) slots=25/25 jobs/s=600 drains=55182 evl=0ms
[2026-06-04 10:10:40.416] [info] [Worker 1] [libqueen] push(q=0 f=1/24 p99rtt=27ms) pop(q=0 f=0/16 p99rtt=5ms) custom(q=0 f=0/1 p99rtt=1ms) slots=24/25 jobs/s=606 drains=55804 evl=0ms
[2026-06-04 10:10:40.436] [info] [Worker 4] [libqueen] push(q=0 f=1/24 p99rtt=25ms) pop(q=0 f=0/16 p99rtt=5ms) custom(q=0 f=0/1 p99rtt=1ms) slots=24/25 jobs/s=594 drains=55064 evl=0ms
[2026-06-04 10:10:40.445] [info] [Worker 3] [libqueen] push(q=5 f=0/24 p99rtt=24ms) pop(q=0 f=0/16 p99rtt=5ms) custom(q=0 f=0/1 p99rtt=1ms) slots=25/25 jobs/s=606 drains=55254 evl=0ms
[2026-06-04 10:10:40.453] [info] [Worker 8] [libqueen] push(q=5 f=0/24 p99rtt=26ms) pop(q=0 f=0/16 p99rtt=2ms) custom(q=0 f=0/1 p99rtt=1ms) slots=25/25 jobs/s=612 drains=55609 evl=0ms
[2026-06-04 10:10:41.374] [info] [Worker 7] [libqueen] push(q=0 f=1/24 p99rtt=26ms) pop(q=0 f=0/16 p99rtt=4ms) custom(q=0 f=0/1 p99rtt=1ms) slots=24/25 jobs/s=606 drains=56486 evl=0ms
[2026-06-04 10:10:41.388] [info] [Worker 5] [libqueen] push(q=5 f=0/24 p99rtt=26ms) pop(q=0 f=0/16 p99rtt=7ms) custom(q=0 f=0/1 p99rtt=1ms) slots=25/25 jobs/s=612 drains=55864 evl=0ms
[2026-06-04 10:10:41.405] [info] [Worker 0] [libqueen] push(q=5 f=0/24 p99rtt=25ms) pop(q=0 f=0/16 p99rtt=7ms) custom(q=0 f=0/1 p99rtt=1ms) slots=25/25 jobs/s=606 drains=56127 evl=0ms
[2026-06-04 10:10:41.411] [info] [Worker 6] [libqueen] push(q=0 f=0/24 p99rtt=25ms) pop(q=0 f=0/16 p99rtt=5ms) custom(q=0 f=0/1 p99rtt=1ms) slots=25/25 jobs/s=612 drains=56333 evl=0ms
[2026-06-04 10:10:41.414] [info] [Worker 2] [libqueen] push(q=5 f=0/24 p99rtt=25ms) pop(q=0 f=0/16 p99rtt=5ms) custom(q=0 f=0/1 p99rtt=1ms) slots=25/25 jobs/s=606 drains=55669 evl=0ms
[2026-06-04 10:10:41.417] [info] [Worker 1] [libqueen] push(q=0 f=0/24 p99rtt=27ms) pop(q=0 f=0/16 p99rtt=5ms) custom(q=0 f=1/1 p99rtt=1ms) slots=24/25 jobs/s=611 drains=56629 evl=0ms
[2026-06-04 10:10:41.417] [info] [Worker 9] [libqueen] push(q=5 f=0/24 p99rtt=26ms) pop(q=0 f=0/16 p99rtt=5ms) custom(q=0 f=0/1 p99rtt=1ms) slots=25/25 jobs/s=612 drains=56010 evl=0ms
[2026-06-04 10:10:41.436] [info] [Worker 4] [libqueen] push(q=3 f=0/24 p99rtt=26ms) pop(q=0 f=0/16 p99rtt=5ms) custom(q=0 f=0/1 p99rtt=1ms) slots=25/25 jobs/s=612 drains=55902 evl=0ms
[2026-06-04 10:10:41.445] [info] [Worker 3] [libqueen] push(q=0 f=0/24 p99rtt=24ms) pop(q=0 f=0/16 p99rtt=5ms) custom(q=0 f=1/1 p99rtt=1ms) slots=24/25 jobs/s=623 drains=56096 evl=0ms
[2026-06-04 10:10:41.453] [info] [Worker 8] [libqueen] push(q=0 f=0/24 p99rtt=26ms) pop(q=0 f=0/16 p99rtt=2ms) custom(q=0 f=1/1 p99rtt=1ms) slots=24/25 jobs/s=611 drains=56445 evl=0ms
[2026-06-04 10:10:42.374] [info] [Worker 7] [libqueen] push(q=5 f=0/24 p99rtt=25ms) pop(q=0 f=0/16 p99rtt=4ms) custom(q=0 f=0/1 p99rtt=1ms) slots=25/25 jobs/s=612 drains=57323 evl=0ms
[2026-06-04 10:10:42.388] [info] [Worker 5] [libqueen] push(q=5 f=0/24 p99rtt=26ms) pop(q=0 f=0/16 p99rtt=7ms) custom(q=0 f=0/1 p99rtt=1ms) slots=25/25 jobs/s=606 drains=56693 evl=0ms
[2026-06-04 10:10:42.406] [info] [Worker 0] [libqueen] push(q=5 f=0/24 p99rtt=25ms) pop(q=0 f=0/16 p99rtt=7ms) custom(q=0 f=0/1 p99rtt=1ms) slots=25/25 jobs/s=600 drains=56972 evl=0ms
[2026-06-04 10:10:42.411] [info] [Worker 6] [libqueen] push(q=5 f=0/24 p99rtt=25ms) pop(q=0 f=0/16 p99rtt=5ms) custom(q=0 f=0/1 p99rtt=1ms) slots=25/25 jobs/s=606 drains=57169 evl=0ms
[2026-06-04 10:10:42.413] [info] [Worker 2] [libqueen] push(q=0 f=1/24 p99rtt=25ms) pop(q=0 f=0/16 p99rtt=5ms) custom(q=0 f=0/1 p99rtt=1ms) slots=24/25 jobs/s=606 drains=56510 evl=0ms
[2026-06-04 10:10:42.417] [info] [Worker 1] [libqueen] push(q=5 f=0/24 p99rtt=26ms) pop(q=0 f=0/16 p99rtt=5ms) custom(q=0 f=0/1 p99rtt=1ms) slots=25/25 jobs/s=625 drains=57496 evl=0ms
[2026-06-04 10:10:42.417] [info] [Worker 9] [libqueen] push(q=5 f=0/24 p99rtt=26ms) pop(q=0 f=0/16 p99rtt=5ms) custom(q=0 f=0/1 p99rtt=1ms) slots=25/25 jobs/s=612 drains=56838 evl=0ms
[2026-06-04 10:10:42.436] [info] [Worker 4] [libqueen] push(q=0 f=0/24 p99rtt=26ms) pop(q=0 f=0/16 p99rtt=5ms) custom(q=0 f=1/1 p99rtt=1ms) slots=24/25 jobs/s=617 drains=56750 evl=0ms
[2026-06-04 10:10:42.445] [info] [Worker 3] [libqueen] push(q=5 f=0/24 p99rtt=24ms) pop(q=0 f=0/16 p99rtt=5ms) custom(q=0 f=0/1 p99rtt=1ms) slots=25/25 jobs/s=613 drains=56917 evl=0ms
[2026-06-04 10:10:42.453] [info] [Worker 8] [libqueen] push(q=4 f=0/24 p99rtt=25ms) pop(q=0 f=0/16 p99rtt=2ms) custom(q=0 f=0/1 p99rtt=1ms) slots=25/25 jobs/s=631 drains=57315 evl=0ms
[2026-06-04 10:10:43.374] [info] [Worker 7] [libqueen] push(q=5 f=0/24 p99rtt=26ms) pop(q=0 f=0/16 p99rtt=4ms) custom(q=0 f=0/1 p99rtt=1ms) slots=25/25 jobs/s=588 drains=58129 evl=0ms
[2026-06-04 10:10:43.388] [info] [Worker 5] [libqueen] push(q=5 f=0/24 p99rtt=26ms) pop(q=0 f=0/16 p99rtt=5ms) custom(q=0 f=0/1 p99rtt=1ms) slots=25/25 jobs/s=600 drains=57504 evl=0ms
[2026-06-04 10:10:43.405] [info] [Worker 0] [libqueen] push(q=0 f=1/24 p99rtt=25ms) pop(q=0 f=0/16 p99rtt=7ms) custom(q=0 f=0/1 p99rtt=1ms) slots=24/25 jobs/s=594 drains=57797 evl=0ms
[2026-06-04 10:10:43.412] [info] [Worker 6] [libqueen] push(q=5 f=0/24 p99rtt=26ms) pop(q=0 f=0/16 p99rtt=5ms) custom(q=0 f=0/1 p99rtt=1ms) slots=25/25 jobs/s=606 drains=57987 evl=0ms
[2026-06-04 10:10:43.415] [info] [Worker 2] [libqueen] push(q=0 f=0/24 p99rtt=26ms) pop(q=0 f=0/16 p99rtt=5ms) custom(q=0 f=1/1 p99rtt=1ms) slots=24/25 jobs/s=593 drains=57316 evl=0ms
[2026-06-04 10:10:43.417] [info] [Worker 1] [libqueen] push(q=5 f=0/24 p99rtt=26ms) pop(q=0 f=0/16 p99rtt=5ms) custom(q=0 f=0/1 p99rtt=1ms) slots=25/25 jobs/s=594 drains=58320 evl=0ms
[2026-06-04 10:10:43.417] [info] [Worker 9] [libqueen] push(q=5 f=0/24 p99rtt=26ms) pop(q=0 f=0/16 p99rtt=5ms) custom(q=0 f=0/1 p99rtt=1ms) slots=25/25 jobs/s=576 drains=57637 evl=0ms
[2026-06-04 10:10:43.436] [info] [Worker 4] [libqueen] push(q=5 f=0/24 p99rtt=26ms) pop(q=0 f=0/16 p99rtt=5ms) custom(q=0 f=0/1 p99rtt=1ms) slots=25/25 jobs/s=595 drains=57580 evl=0ms
[2026-06-04 10:10:43.445] [info] [Worker 3] [libqueen] push(q=5 f=0/24 p99rtt=24ms) pop(q=0 f=0/16 p99rtt=5ms) custom(q=0 f=0/1 p99rtt=1ms) slots=25/25 jobs/s=582 drains=57722 evl=0ms
[2026-06-04 10:10:43.453] [info] [Worker 8] [libqueen] push(q=5 f=0/24 p99rtt=26ms) pop(q=0 f=0/16 p99rtt=2ms) custom(q=0 f=0/1 p99rtt=1ms) slots=25/25 jobs/s=588 drains=58134 evl=0ms
[2026-06-04 10:10:44.373] [info] [Worker 7] [libqueen] push(q=0 f=0/24 p99rtt=26ms) pop(q=0 f=0/16 p99rtt=4ms) custom(q=0 f=1/1 p99rtt=1ms) slots=24/25 jobs/s=587 drains=58935 evl=0ms
[2026-06-04 10:10:44.387] [info] [Worker 5] [libqueen] push(q=5 f=0/24 p99rtt=26ms) pop(q=0 f=0/16 p99rtt=5ms) custom(q=0 f=0/1 p99rtt=1ms) slots=25/25 jobs/s=618 drains=58350 evl=0ms
[2026-06-04 10:10:44.405] [info] [Worker 0] [libqueen] push(q=0 f=0/24 p99rtt=26ms) pop(q=0 f=0/16 p99rtt=7ms) custom(q=0 f=0/1 p99rtt=1ms) slots=25/25 jobs/s=594 drains=58613 evl=0ms
[2026-06-04 10:10:44.413] [info] [Worker 6] [libqueen] push(q=0 f=1/24 p99rtt=26ms) pop(q=0 f=0/16 p99rtt=5ms) custom(q=0 f=0/1 p99rtt=1ms) slots=24/25 jobs/s=576 drains=58777 evl=0ms
[2026-06-04 10:10:44.415] [info] [Worker 2] [libqueen] push(q=5 f=0/24 p99rtt=26ms) pop(q=0 f=0/16 p99rtt=5ms) custom(q=0 f=0/1 p99rtt=1ms) slots=25/25 jobs/s=607 drains=58150 evl=0ms
[2026-06-04 10:10:44.417] [info] [Worker 9] [libqueen] push(q=5 f=0/24 p99rtt=26ms) pop(q=0 f=0/16 p99rtt=3ms) custom(q=0 f=0/1 p99rtt=1ms) slots=25/25 jobs/s=588 drains=58436 evl=0ms
[2026-06-04 10:10:44.417] [info] [Worker 1] [libqueen] push(q=5 f=0/24 p99rtt=26ms) pop(q=0 f=0/16 p99rtt=5ms) custom(q=0 f=0/1 p99rtt=2ms) slots=25/25 jobs/s=606 drains=59162 evl=0ms
[2026-06-04 10:10:44.437] [info] [Worker 4] [libqueen] push(q=5 f=0/24 p99rtt=26ms) pop(q=0 f=0/16 p99rtt=5ms) custom(q=0 f=0/1 p99rtt=1ms) slots=25/25 jobs/s=600 drains=58343 evl=0ms
[2026-06-04 10:10:44.444] [info] [Worker 3] [libqueen] push(q=0 f=1/24 p99rtt=24ms) pop(q=0 f=0/16 p99rtt=5ms) custom(q=0 f=0/1 p99rtt=1ms) slots=24/25 jobs/s=612 drains=58572 evl=0ms
[2026-06-04 10:10:44.453] [info] [Worker 8] [libqueen] push(q=5 f=0/24 p99rtt=26ms) pop(q=0 f=0/16 p99rtt=2ms) custom(q=0 f=0/1 p99rtt=1ms) slots=25/25 jobs/s=606 drains=58963 evl=0ms
[2026-06-04 10:10:44.710] [info] StatsService: cycle completed in 22ms
[2026-06-04 10:10:45.373] [info] [Worker 7] [libqueen] push(q=0 f=1/24 p99rtt=26ms) pop(q=0 f=0/16 p99rtt=4ms) custom(q=0 f=0/1 p99rtt=1ms) slots=24/25 jobs/s=613 drains=59776 evl=0ms
[2026-06-04 10:10:45.387] [info] [Worker 5] [libqueen] push(q=2 f=0/24 p99rtt=25ms) pop(q=0 f=0/16 p99rtt=5ms) custom(q=0 f=0/1 p99rtt=1ms) slots=25/25 jobs/s=624 drains=59199 evl=0ms
[2026-06-04 10:10:45.406] [info] [Worker 0] [libqueen] push(q=0 f=1/24 p99rtt=24ms) pop(q=0 f=0/16 p99rtt=7ms) custom(q=0 f=0/1 p99rtt=1ms) slots=24/25 jobs/s=612 drains=59430 evl=0ms
[2026-06-04 10:10:45.413] [info] [Worker 6] [libqueen] push(q=0 f=1/24 p99rtt=25ms) pop(q=0 f=0/16 p99rtt=5ms) custom(q=0 f=0/1 p99rtt=1ms) slots=24/25 jobs/s=612 drains=59630 evl=0ms
[2026-06-04 10:10:45.416] [info] [Worker 2] [libqueen] push(q=0 f=1/24 p99rtt=25ms) pop(q=0 f=0/16 p99rtt=5ms) custom(q=0 f=0/1 p99rtt=1ms) slots=24/25 jobs/s=612 drains=58995 evl=0ms
[2026-06-04 10:10:45.416] [info] [Worker 9] [libqueen] push(q=0 f=1/24 p99rtt=26ms) pop(q=0 f=0/16 p99rtt=3ms) custom(q=0 f=0/1 p99rtt=1ms) slots=24/25 jobs/s=600 drains=59263 evl=0ms
[2026-06-04 10:10:45.417] [info] [Worker 1] [libqueen] push(q=5 f=0/24 p99rtt=26ms) pop(q=0 f=0/16 p99rtt=5ms) custom(q=0 f=0/1 p99rtt=2ms) slots=25/25 jobs/s=612 drains=60007 evl=0ms
[2026-06-04 10:10:45.436] [info] [Worker 4] [libqueen] push(q=5 f=0/24 p99rtt=25ms) pop(q=0 f=0/16 p99rtt=5ms) custom(q=0 f=0/1 p99rtt=1ms) slots=25/25 jobs/s=612 drains=59189 evl=0ms
[2026-06-04 10:10:45.445] [info] [Worker 3] [libqueen] push(q=5 f=0/24 p99rtt=24ms) pop(q=0 f=0/16 p99rtt=5ms) custom(q=0 f=0/1 p99rtt=1ms) slots=25/25 jobs/s=624 drains=59428 evl=0ms
[2026-06-04 10:10:45.454] [info] [Worker 8] [libqueen] push(q=5 f=0/24 p99rtt=25ms) pop(q=0 f=0/16 p99rtt=2ms) custom(q=0 f=0/1 p99rtt=1ms) slots=25/25 jobs/s=624 drains=59821 evl=0ms
[2026-06-04 10:10:46.374] [info] [Worker 7] [libqueen] push(q=5 f=0/24 p99rtt=22ms) pop(q=0 f=0/16 p99rtt=4ms) custom(q=0 f=0/1 p99rtt=1ms) slots=25/25 jobs/s=588 drains=60586 evl=0ms
[2026-06-04 10:10:46.388] [info] [Worker 5] [libqueen] push(q=5 f=0/24 p99rtt=23ms) pop(q=0 f=0/16 p99rtt=5ms) custom(q=0 f=0/1 p99rtt=1ms) slots=25/25 jobs/s=594 drains=60004 evl=0ms
[2026-06-04 10:10:46.405] [info] [Worker 0] [libqueen] push(q=0 f=1/24 p99rtt=24ms) pop(q=0 f=0/16 p99rtt=7ms) custom(q=0 f=0/1 p99rtt=1ms) slots=24/25 jobs/s=576 drains=60226 evl=0ms
[2026-06-04 10:10:46.413] [info] [Worker 6] [libqueen] push(q=3 f=0/24 p99rtt=22ms) pop(q=0 f=0/16 p99rtt=5ms) custom(q=0 f=0/1 p99rtt=1ms) slots=25/25 jobs/s=576 drains=60423 evl=0ms
[2026-06-04 10:10:46.417] [info] [Worker 9] [libqueen] push(q=5 f=0/24 p99rtt=25ms) pop(q=0 f=0/16 p99rtt=3ms) custom(q=0 f=0/1 p99rtt=1ms) slots=25/25 jobs/s=588 drains=60080 evl=0ms
[2026-06-04 10:10:46.417] [info] [Worker 2] [libqueen] push(q=5 f=0/24 p99rtt=23ms) pop(q=0 f=0/16 p99rtt=5ms) custom(q=0 f=0/1 p99rtt=1ms) slots=25/25 jobs/s=568 drains=59805 evl=0ms
[2026-06-04 10:10:46.417] [info] [Worker 1] [libqueen] push(q=5 f=0/24 p99rtt=23ms) pop(q=0 f=0/16 p99rtt=5ms) custom(q=0 f=0/1 p99rtt=1ms) slots=25/25 jobs/s=582 drains=60791 evl=0ms
[2026-06-04 10:10:46.437] [info] [Worker 4] [libqueen] push(q=0 f=1/24 p99rtt=23ms) pop(q=0 f=0/16 p99rtt=5ms) custom(q=0 f=0/1 p99rtt=1ms) slots=24/25 jobs/s=570 drains=59961 evl=0ms
[2026-06-04 10:10:46.445] [info] [Worker 3] [libqueen] push(q=0 f=1/24 p99rtt=23ms) pop(q=0 f=0/16 p99rtt=5ms) custom(q=0 f=0/1 p99rtt=1ms) slots=24/25 jobs/s=564 drains=60205 evl=0ms
[2026-06-04 10:10:46.454] [info] [Worker 8] [libqueen] push(q=0 f=1/24 p99rtt=22ms) pop(q=0 f=0/16 p99rtt=2ms) custom(q=0 f=0/1 p99rtt=2ms) slots=24/25 jobs/s=570 drains=60613 evl=0ms
[2026-06-04 10:10:46.502] [info] QPOP: Connection aborted for 06b417c5-13d0-4d41-b1e9-99a9ac2bcf76
[2026-06-04 10:10:46.502] [info] QPOP: Connection aborted for c0dc1c30-6183-4214-b224-1ce3efdbf75d
[2026-06-04 10:10:46.503] [info] QPOP: Connection aborted for 1fbf91dc-68dd-4569-b545-f1b3302210b3
[2026-06-04 10:10:46.503] [info] QPOP: Connection aborted for 4cefdcef-b42a-4382-bdee-660a5ae5d0a6
[2026-06-04 10:10:46.503] [info] QPOP: Connection aborted for e048fcc1-79be-42ac-a5d3-ae47fbe386bd
[2026-06-04 10:10:46.503] [info] QPOP: Connection aborted for addaf483-852d-432d-b726-c3a72545e136
[2026-06-04 10:10:46.503] [info] QPOP: Connection aborted for 74960dd3-62ba-47f1-b1d9-6fe2680b88ba
[2026-06-04 10:10:46.503] [info] QPOP: Connection aborted for d411c98e-9749-45c4-b70d-15622ac195a5
[2026-06-04 10:10:46.503] [info] QPOP: Connection aborted for b431d361-8bb7-4abb-8f56-75c2aa5bef64
[2026-06-04 10:10:46.503] [info] QPOP: Connection aborted for 8aec6e9b-0c2b-45c5-885d-34b460ce809b
[2026-06-04 10:10:46.503] [info] QPOP: Connection aborted for 11d5701b-8c04-4114-8dd7-cd638837199b
[2026-06-04 10:10:46.505] [info] QPOP: Connection aborted for 3914c9a5-9f98-4202-b860-8dfb36de81bf
[2026-06-04 10:10:46.507] [info] QPOP: Connection aborted for bf394d88-6978-409b-89b7-d7344fc3d032
[2026-06-04 10:10:46.510] [info] QPOP: Connection aborted for 8cf4a0f9-c59e-44d3-968f-0e7cc50cb721
[2026-06-04 10:10:46.510] [info] QPOP: Connection aborted for 80367fb2-169b-47b9-aa39-9fff6926a0fe
[2026-06-04 10:10:46.513] [info] QPOP: Connection aborted for 71fd9f66-68a9-403f-aeb3-d773120c382a
[2026-06-04 10:10:46.513] [info] QPOP: Connection aborted for 1f578dcb-3df1-45e7-aa65-754d9a443a4f
[2026-06-04 10:10:46.515] [info] QPOP: Connection aborted for cf60d92c-6642-410e-beef-5893b3406b78
[2026-06-04 10:10:46.518] [info] QPOP: Connection aborted for eaaa1445-6053-4dcf-bd92-2204921a3f06
[2026-06-04 10:10:46.520] [info] QPOP: Connection aborted for 9915f32a-5a04-4565-91df-bd6fdf7f0f48
[2026-06-04 10:10:46.520] [info] QPOP: Connection aborted for f7c71192-0e6d-4e3b-acaa-ec67bbd46e8c
[2026-06-04 10:10:46.521] [info] QPOP: Connection aborted for e87bb4e2-14ef-4150-8dca-cb1ffbca133c
[2026-06-04 10:10:46.522] [info] QPOP: Connection aborted for 9010f39d-875b-40ca-8f10-ba677149fa6a
[2026-06-04 10:10:46.524] [info] QPOP: Connection aborted for ce23f14f-95fe-4337-8066-17221ecaf14b
[2026-06-04 10:10:46.524] [info] QPOP: Connection aborted for 50781a92-fe81-424c-aa40-2e6353723cd6
[2026-06-04 10:10:46.524] [info] QPOP: Connection aborted for 0a6134bf-9269-4e35-bac6-c5f4062fdfb3
[2026-06-04 10:10:46.525] [info] QPOP: Connection aborted for 2e52c669-04e1-4762-81d8-25be6191cb53
[2026-06-04 10:10:46.527] [info] QPOP: Connection aborted for 288670df-f93a-4da8-badb-cd7af81893c3
[2026-06-04 10:10:46.529] [info] QPOP: Connection aborted for ba022421-2e8e-4e58-9f6a-c8b3f50e3c93
[2026-06-04 10:10:46.531] [info] QPOP: Connection aborted for 6c3ed053-c1df-4ce4-bc07-cf1addb37009
[2026-06-04 10:10:46.532] [info] QPOP: Connection aborted for 2227425d-28be-4a83-b287-a2b69312abb1
[2026-06-04 10:10:46.534] [info] QPOP: Connection aborted for cc48336d-aec3-4c58-8cb0-70abb86bc321
[2026-06-04 10:10:46.534] [info] QPOP: Connection aborted for a01b8532-74ae-4048-a763-d8ab62379ca5
[2026-06-04 10:10:46.534] [info] QPOP: Connection aborted for 89c0258c-d790-4b41-adf2-4646210d1761
[2026-06-04 10:10:46.536] [info] QPOP: Connection aborted for ca3fe92a-9a79-46a3-b0b0-878cddf8bb56
[2026-06-04 10:10:46.536] [info] QPOP: Connection aborted for bc3b2f92-d2f2-454b-9126-3666ddc95b88
[2026-06-04 10:10:46.538] [info] QPOP: Connection aborted for 4d040da6-af8e-4ce0-afa7-73c70992a943
[2026-06-04 10:10:46.539] [info] QPOP: Connection aborted for a9660fa7-e03b-4883-b009-79eb72b710c1
[2026-06-04 10:10:46.539] [info] QPOP: Connection aborted for 3792986d-9e24-4bc6-8ebf-d810422d2127
[2026-06-04 10:10:46.539] [info] QPOP: Connection aborted for 056201c9-835c-4818-962e-8a71d0b02bda
[2026-06-04 10:10:46.542] [info] QPOP: Connection aborted for 8bddf588-9ed9-4801-8fcb-627473d137c2
[2026-06-04 10:10:46.542] [info] QPOP: Connection aborted for 02de5a28-9eb5-407f-8690-60f673f1e9b2
[2026-06-04 10:10:46.542] [info] QPOP: Connection aborted for 4809267a-56aa-46d5-9c4f-f90ee53e6c34
[2026-06-04 10:10:46.543] [info] QPOP: Connection aborted for f842c2d7-91fd-4def-b422-928e85997187
[2026-06-04 10:10:46.543] [info] QPOP: Connection aborted for 8fd8bc24-1d26-45d1-93f6-c24eb205018c
[2026-06-04 10:10:46.543] [info] QPOP: Connection aborted for 00f010bf-ecfe-4e68-b810-23d32a2cc906
[2026-06-04 10:10:46.544] [info] QPOP: Connection aborted for 1b94f8c3-21ba-4c1f-9c37-bcc3aff19473
[2026-06-04 10:10:46.544] [info] QPOP: Connection aborted for e0bd02cf-b8c5-43d3-9b2a-5a4fe6dac956
[2026-06-04 10:10:46.547] [info] QPOP: Connection aborted for c34013e5-01a6-46e3-b8ca-663bb6b6d834
[2026-06-04 10:10:46.548] [info] QPOP: Connection aborted for f58cc41a-b21d-4e36-87cf-cb0cbc07d341
[2026-06-04 10:10:47.374] [info] [Worker 7] [libqueen] push(q=5 f=0/24 p99rtt=22ms) pop(q=0 f=0/16 p99rtt=4ms) custom(q=0 f=0/1 p99rtt=1ms) slots=25/25 jobs/s=588 drains=61386 evl=0ms
[2026-06-04 10:10:47.388] [info] [Worker 5] [libqueen] push(q=0 f=1/24 p99rtt=23ms) pop(q=0 f=0/16 p99rtt=5ms) custom(q=0 f=0/1 p99rtt=1ms) slots=24/25 jobs/s=564 drains=60804 evl=0ms
[2026-06-04 10:10:47.406] [info] [Worker 0] [libqueen] push(q=5 f=0/24 p99rtt=24ms) pop(q=0 f=0/16 p99rtt=7ms) custom(q=0 f=0/1 p99rtt=1ms) slots=25/25 jobs/s=576 drains=61047 evl=0ms
[2026-06-04 10:10:47.413] [info] [Worker 6] [libqueen] push(q=5 f=0/24 p99rtt=22ms) pop(q=0 f=0/16 p99rtt=5ms) custom(q=0 f=0/1 p99rtt=1ms) slots=25/25 jobs/s=576 drains=61240 evl=0ms
[2026-06-04 10:10:47.417] [info] [Worker 1] [libqueen] push(q=5 f=0/24 p99rtt=23ms) pop(q=0 f=0/16 p99rtt=5ms) custom(q=0 f=0/1 p99rtt=2ms) slots=25/25 jobs/s=588 drains=61602 evl=0ms
[2026-06-04 10:10:47.417] [info] [Worker 2] [libqueen] push(q=5 f=0/24 p99rtt=23ms) pop(q=0 f=0/16 p99rtt=5ms) custom(q=0 f=0/1 p99rtt=1ms) slots=25/25 jobs/s=564 drains=60578 evl=0ms
[2026-06-04 10:10:47.417] [info] [Worker 9] [libqueen] push(q=5 f=0/24 p99rtt=24ms) pop(q=0 f=0/16 p99rtt=3ms) custom(q=0 f=0/1 p99rtt=1ms) slots=25/25 jobs/s=582 drains=60915 evl=0ms
[2026-06-04 10:10:47.436] [info] [Worker 4] [libqueen] push(q=5 f=0/24 p99rtt=24ms) pop(q=0 f=0/16 p99rtt=5ms) custom(q=0 f=0/1 p99rtt=1ms) slots=25/25 jobs/s=582 drains=60798 evl=0ms
[2026-06-04 10:10:47.445] [info] [Worker 3] [libqueen] push(q=5 f=0/24 p99rtt=23ms) pop(q=0 f=0/16 p99rtt=4ms) custom(q=0 f=0/1 p99rtt=1ms) slots=25/25 jobs/s=600 drains=61038 evl=0ms
[2026-06-04 10:10:47.454] [info] [Worker 8] [libqueen] push(q=5 f=0/24 p99rtt=22ms) pop(q=0 f=0/16 p99rtt=3ms) custom(q=0 f=0/1 p99rtt=2ms) slots=25/25 jobs/s=618 drains=61466 evl=0ms
[2026-06-04 10:10:48.373] [info] [Worker 7] [libqueen] push(q=5 f=0/24 p99rtt=21ms) pop(q=0 f=0/16 p99rtt=4ms) custom(q=0 f=0/1 p99rtt=1ms) slots=25/25 jobs/s=618 drains=62226 evl=0ms
[2026-06-04 10:10:48.388] [info] [Worker 5] [libqueen] push(q=0 f=1/24 p99rtt=24ms) pop(q=0 f=0/16 p99rtt=5ms) custom(q=0 f=0/1 p99rtt=1ms) slots=24/25 jobs/s=604 drains=61645 evl=0ms
[2026-06-04 10:10:48.406] [info] [Worker 0] [libqueen] push(q=0 f=1/24 p99rtt=24ms) pop(q=0 f=0/16 p99rtt=7ms) custom(q=0 f=0/1 p99rtt=1ms) slots=24/25 jobs/s=600 drains=61888 evl=0ms
[2026-06-04 10:10:48.413] [info] [Worker 6] [libqueen] push(q=5 f=0/24 p99rtt=22ms) pop(q=0 f=0/16 p99rtt=5ms) custom(q=0 f=0/1 p99rtt=1ms) slots=25/25 jobs/s=612 drains=62077 evl=0ms
[2026-06-04 10:10:48.417] [info] [Worker 9] [libqueen] push(q=0 f=1/24 p99rtt=24ms) pop(q=0 f=0/16 p99rtt=3ms) custom(q=0 f=0/1 p99rtt=1ms) slots=24/25 jobs/s=607 drains=61740 evl=0ms
[2026-06-04 10:10:48.417] [info] [Worker 2] [libqueen] push(q=0 f=1/24 p99rtt=24ms) pop(q=0 f=0/16 p99rtt=5ms) custom(q=0 f=0/1 p99rtt=1ms) slots=24/25 jobs/s=600 drains=61408 evl=0ms
[2026-06-04 10:10:48.417] [info] [Worker 1] [libqueen] push(q=0 f=1/24 p99rtt=23ms) pop(q=0 f=0/16 p99rtt=5ms) custom(q=0 f=0/1 p99rtt=2ms) slots=24/25 jobs/s=617 drains=62442 evl=0ms
[2026-06-04 10:10:48.437] [info] [Worker 4] [libqueen] push(q=0 f=1/24 p99rtt=24ms) pop(q=0 f=0/16 p99rtt=5ms) custom(q=0 f=0/1 p99rtt=1ms) slots=24/25 jobs/s=606 drains=61642 evl=0ms
[2026-06-04 10:10:48.444] [info] [Worker 3] [libqueen] push(q=5 f=0/24 p99rtt=23ms) pop(q=0 f=0/16 p99rtt=4ms) custom(q=0 f=0/1 p99rtt=1ms) slots=25/25 jobs/s=600 drains=61873 evl=0ms
[2026-06-04 10:10:48.454] [info] [Worker 8] [libqueen] push(q=5 f=0/24 p99rtt=23ms) pop(q=0 f=0/16 p99rtt=3ms) custom(q=0 f=0/1 p99rtt=2ms) slots=25/25 jobs/s=618 drains=62317 evl=0ms
[2026-06-04 10:10:49.374] [info] [Worker 7] [libqueen] push(q=5 f=0/24 p99rtt=23ms) pop(q=0 f=0/16 p99rtt=4ms) custom(q=0 f=0/1 p99rtt=1ms) slots=25/25 jobs/s=570 drains=63002 evl=0ms
[2026-06-04 10:10:49.388] [info] [Worker 5] [libqueen] push(q=0 f=0/24 p99rtt=24ms) pop(q=0 f=0/16 p99rtt=5ms) custom(q=0 f=0/1 p99rtt=1ms) slots=25/25 jobs/s=570 drains=62414 evl=0ms
[2026-06-04 10:10:49.406] [info] [Worker 0] [libqueen] push(q=0 f=0/24 p99rtt=24ms) pop(q=0 f=0/16 p99rtt=7ms) custom(q=0 f=0/1 p99rtt=1ms) slots=25/25 jobs/s=576 drains=62691 evl=0ms
[2026-06-04 10:10:49.413] [info] [Worker 6] [libqueen] push(q=0 f=1/24 p99rtt=23ms) pop(q=0 f=0/16 p99rtt=5ms) custom(q=0 f=0/1 p99rtt=1ms) slots=24/25 jobs/s=570 drains=62873 evl=0ms
[2026-06-04 10:10:49.416] [info] [Worker 2] [libqueen] push(q=0 f=0/24 p99rtt=24ms) pop(q=0 f=0/16 p99rtt=2ms) custom(q=0 f=0/1 p99rtt=1ms) slots=25/25 jobs/s=570 drains=62207 evl=0ms
[2026-06-04 10:10:49.417] [info] [Worker 9] [libqueen] push(q=5 f=0/24 p99rtt=24ms) pop(q=0 f=0/16 p99rtt=3ms) custom(q=0 f=0/1 p99rtt=2ms) slots=25/25 jobs/s=576 drains=62531 evl=0ms
[2026-06-04 10:10:49.417] [info] [Worker 1] [libqueen] push(q=5 f=0/24 p99rtt=23ms) pop(q=0 f=0/16 p99rtt=5ms) custom(q=0 f=0/1 p99rtt=2ms) slots=25/25 jobs/s=582 drains=63236 evl=0ms
[2026-06-04 10:10:49.437] [info] [Worker 4] [libqueen] push(q=5 f=0/24 p99rtt=24ms) pop(q=0 f=0/16 p99rtt=5ms) custom(q=0 f=0/1 p99rtt=1ms) slots=25/25 jobs/s=582 drains=62446 evl=0ms
[2026-06-04 10:10:49.445] [info] [Worker 3] [libqueen] push(q=5 f=0/24 p99rtt=24ms) pop(q=0 f=0/16 p99rtt=4ms) custom(q=0 f=0/1 p99rtt=1ms) slots=25/25 jobs/s=582 drains=62673 evl=0ms
[2026-06-04 10:10:49.454] [info] [Worker 8] [libqueen] push(q=5 f=0/24 p99rtt=23ms) pop(q=0 f=0/16 p99rtt=3ms) custom(q=0 f=0/1 p99rtt=2ms) slots=25/25 jobs/s=558 drains=63096 evl=0ms
[2026-06-04 10:10:49.776] [info] PartitionLookupReconcileService: fixed 4 partition_lookup rows (stats leader, hostname=a4dbf4b4cbaf)
[2026-06-04 10:10:50.373] [info] [Worker 7] [libqueen] push(q=0 f=1/24 p99rtt=23ms) pop(q=0 f=0/16 p99rtt=4ms) custom(q=0 f=0/1 p99rtt=1ms) slots=24/25 jobs/s=606 drains=63850 evl=0ms
[2026-06-04 10:10:50.388] [info] [Worker 5] [libqueen] push(q=0 f=1/24 p99rtt=24ms) pop(q=0 f=0/16 p99rtt=5ms) custom(q=0 f=0/1 p99rtt=1ms) slots=24/25 jobs/s=606 drains=63262 evl=0ms
[2026-06-04 10:10:50.406] [info] [Worker 0] [libqueen] push(q=5 f=0/24 p99rtt=24ms) pop(q=0 f=0/16 p99rtt=7ms) custom(q=0 f=0/1 p99rtt=1ms) slots=25/25 jobs/s=606 drains=63507 evl=0ms
[2026-06-04 10:10:50.413] [info] [Worker 6] [libqueen] push(q=4 f=0/24 p99rtt=23ms) pop(q=0 f=0/16 p99rtt=5ms) custom(q=0 f=0/1 p99rtt=1ms) slots=25/25 jobs/s=624 drains=63731 evl=0ms
[2026-06-04 10:10:50.417] [info] [Worker 9] [libqueen] push(q=0 f=1/24 p99rtt=23ms) pop(q=0 f=0/16 p99rtt=3ms) custom(q=0 f=0/1 p99rtt=2ms) slots=24/25 jobs/s=600 drains=63342 evl=0ms
[2026-06-04 10:10:50.417] [info] [Worker 2] [libqueen] push(q=0 f=1/24 p99rtt=24ms) pop(q=0 f=0/16 p99rtt=2ms) custom(q=0 f=0/1 p99rtt=1ms) slots=24/25 jobs/s=606 drains=63064 evl=0ms
[2026-06-04 10:10:50.417] [info] [Worker 1] [libqueen] push(q=5 f=0/24 p99rtt=23ms) pop(q=0 f=0/16 p99rtt=5ms) custom(q=0 f=0/1 p99rtt=2ms) slots=25/25 jobs/s=612 drains=64067 evl=0ms
[2026-06-04 10:10:50.436] [info] [Worker 4] [libqueen] push(q=2 f=0/24 p99rtt=24ms) pop(q=0 f=0/16 p99rtt=5ms) custom(q=0 f=0/1 p99rtt=1ms) slots=25/25 jobs/s=612 drains=63277 evl=0ms
[2026-06-04 10:10:50.444] [info] [Worker 3] [libqueen] push(q=0 f=0/24 p99rtt=24ms) pop(q=0 f=0/16 p99rtt=4ms) custom(q=0 f=1/1 p99rtt=1ms) slots=24/25 jobs/s=611 drains=63499 evl=0ms
[2026-06-04 10:10:50.455] [info] [Worker 8] [libqueen] push(q=0 f=1/24 p99rtt=23ms) pop(q=0 f=0/16 p99rtt=3ms) custom(q=0 f=0/1 p99rtt=2ms) slots=24/25 jobs/s=606 drains=63941 evl=0ms
[2026-06-04 10:10:51.374] [info] [Worker 7] [libqueen] push(q=5 f=0/24 p99rtt=23ms) pop(q=0 f=0/16 p99rtt=4ms) custom(q=0 f=0/1 p99rtt=1ms) slots=25/25 jobs/s=618 drains=64716 evl=0ms
[2026-06-04 10:10:51.389] [info] [Worker 5] [libqueen] push(q=5 f=0/24 p99rtt=24ms) pop(q=0 f=0/16 p99rtt=5ms) custom(q=0 f=0/1 p99rtt=1ms) slots=25/25 jobs/s=594 drains=64085 evl=0ms
[2026-06-04 10:10:51.405] [info] [Worker 0] [libqueen] push(q=5 f=0/24 p99rtt=24ms) pop(q=0 f=0/16 p99rtt=7ms) custom(q=0 f=0/1 p99rtt=1ms) slots=25/25 jobs/s=606 drains=64323 evl=0ms
[2026-06-04 10:10:51.413] [info] [Worker 6] [libqueen] push(q=4 f=0/24 p99rtt=23ms) pop(q=0 f=0/16 p99rtt=5ms) custom(q=0 f=0/1 p99rtt=1ms) slots=25/25 jobs/s=594 drains=64546 evl=0ms
[2026-06-04 10:10:51.416] [info] [Worker 1] [libqueen] push(q=0 f=1/24 p99rtt=23ms) pop(q=0 f=0/16 p99rtt=5ms) custom(q=0 f=0/1 p99rtt=2ms) slots=24/25 jobs/s=606 drains=64902 evl=0ms
[2026-06-04 10:10:51.417] [info] [Worker 9] [libqueen] push(q=5 f=0/24 p99rtt=23ms) pop(q=0 f=0/16 p99rtt=3ms) custom(q=0 f=0/1 p99rtt=2ms) slots=25/25 jobs/s=594 drains=64163 evl=0ms
[2026-06-04 10:10:51.417] [info] [Worker 2] [libqueen] push(q=0 f=1/24 p99rtt=24ms) pop(q=0 f=0/16 p99rtt=2ms) custom(q=0 f=0/1 p99rtt=1ms) slots=24/25 jobs/s=600 drains=63895 evl=0ms
[2026-06-04 10:10:51.437] [info] [Worker 4] [libqueen] push(q=0 f=1/24 p99rtt=24ms) pop(q=0 f=0/16 p99rtt=5ms) custom(q=0 f=0/1 p99rtt=1ms) slots=24/25 jobs/s=596 drains=64087 evl=0ms
[2026-06-04 10:10:51.445] [info] [Worker 3] [libqueen] push(q=0 f=1/24 p99rtt=23ms) pop(q=0 f=0/16 p99rtt=4ms) custom(q=0 f=0/1 p99rtt=1ms) slots=24/25 jobs/s=601 drains=64333 evl=0ms
[2026-06-04 10:10:51.455] [info] [Worker 8] [libqueen] push(q=0 f=1/24 p99rtt=23ms) pop(q=0 f=0/16 p99rtt=3ms) custom(q=0 f=0/1 p99rtt=2ms) slots=24/25 jobs/s=612 drains=64786 evl=0ms
[2026-06-04 10:10:52.373] [info] [Worker 7] [libqueen] push(q=5 f=0/24 p99rtt=23ms) pop(q=0 f=0/16 p99rtt=4ms) custom(q=0 f=0/1 p99rtt=2ms) slots=25/25 jobs/s=582 drains=65512 evl=0ms
[2026-06-04 10:10:52.389] [info] [Worker 5] [libqueen] push(q=0 f=0/24 p99rtt=24ms) pop(q=0 f=0/16 p99rtt=5ms) custom(q=0 f=1/1 p99rtt=1ms) slots=24/25 jobs/s=581 drains=64875 evl=1ms
[2026-06-04 10:10:52.405] [info] [Worker 0] [libqueen] push(q=0 f=1/24 p99rtt=24ms) pop(q=0 f=0/16 p99rtt=7ms) custom(q=0 f=0/1 p99rtt=2ms) slots=24/25 jobs/s=576 drains=65093 evl=0ms
[2026-06-04 10:10:52.411] [info] [Worker 6] [libqueen] push(q=0 f=0/24 p99rtt=23ms) pop(q=0 f=0/16 p99rtt=5ms) custom(q=0 f=1/1 p99rtt=1ms) slots=24/25 jobs/s=575 drains=65330 evl=0ms
[2026-06-04 10:10:52.415] [info] [Worker 2] [libqueen] push(q=5 f=0/24 p99rtt=24ms) pop(q=0 f=0/16 p99rtt=2ms) custom(q=0 f=0/1 p99rtt=2ms) slots=25/25 jobs/s=570 drains=64691 evl=0ms
[2026-06-04 10:10:52.415] [info] [Worker 9] [libqueen] push(q=0 f=0/24 p99rtt=22ms) pop(q=0 f=0/16 p99rtt=3ms) custom(q=0 f=1/1 p99rtt=2ms) slots=24/25 jobs/s=574 drains=64956 evl=0ms
[2026-06-04 10:10:52.416] [info] [Worker 1] [libqueen] push(q=5 f=0/24 p99rtt=23ms) pop(q=0 f=0/16 p99rtt=5ms) custom(q=0 f=0/1 p99rtt=2ms) slots=25/25 jobs/s=594 drains=65707 evl=0ms
[2026-06-04 10:10:52.436] [info] [Worker 4] [libqueen] push(q=5 f=0/24 p99rtt=24ms) pop(q=0 f=0/16 p99rtt=5ms) custom(q=0 f=0/1 p99rtt=2ms) slots=25/25 jobs/s=587 drains=64871 evl=0ms
[2026-06-04 10:10:52.443] [info] [Worker 3] [libqueen] push(q=0 f=0/24 p99rtt=24ms) pop(q=0 f=0/16 p99rtt=4ms) custom(q=0 f=1/1 p99rtt=1ms) slots=24/25 jobs/s=593 drains=65158 evl=0ms
[2026-06-04 10:10:52.454] [info] [Worker 8] [libqueen] push(q=5 f=0/24 p99rtt=24ms) pop(q=0 f=0/16 p99rtt=3ms) custom(q=0 f=0/1 p99rtt=2ms) slots=25/25 jobs/s=576 drains=65587 evl=0ms
[2026-06-04 10:10:53.373] [info] [Worker 7] [libqueen] push(q=0 f=0/24 p99rtt=24ms) pop(q=0 f=0/16 p99rtt=4ms) custom(q=0 f=0/1 p99rtt=2ms) slots=25/25 jobs/s=606 drains=66351 evl=0ms
[2026-06-04 10:10:53.390] [info] [Worker 5] [libqueen] push(q=0 f=1/24 p99rtt=24ms) pop(q=0 f=0/16 p99rtt=5ms) custom(q=0 f=0/1 p99rtt=1ms) slots=24/25 jobs/s=595 drains=65690 evl=0ms
[2026-06-04 10:10:53.407] [info] [Worker 0] [libqueen] push(q=0 f=1/24 p99rtt=24ms) pop(q=0 f=0/16 p99rtt=7ms) custom(q=0 f=0/1 p99rtt=2ms) slots=24/25 jobs/s=600 drains=65922 evl=0ms
[2026-06-04 10:10:53.413] [info] [Worker 6] [libqueen] push(q=5 f=0/24 p99rtt=24ms) pop(q=0 f=0/16 p99rtt=5ms) custom(q=0 f=0/1 p99rtt=1ms) slots=25/25 jobs/s=601 drains=66155 evl=0ms
[2026-06-04 10:10:53.416] [info] [Worker 2] [libqueen] push(q=0 f=0/24 p99rtt=25ms) pop(q=0 f=0/16 p99rtt=2ms) custom(q=0 f=0/1 p99rtt=2ms) slots=25/25 jobs/s=594 drains=65507 evl=0ms
[2026-06-04 10:10:53.417] [info] [Worker 9] [libqueen] push(q=0 f=1/24 p99rtt=23ms) pop(q=0 f=0/16 p99rtt=3ms) custom(q=0 f=0/1 p99rtt=2ms) slots=24/25 jobs/s=592 drains=65782 evl=1ms
[2026-06-04 10:10:53.417] [info] [Worker 1] [libqueen] push(q=0 f=1/24 p99rtt=23ms) pop(q=0 f=0/16 p99rtt=5ms) custom(q=0 f=0/1 p99rtt=2ms) slots=24/25 jobs/s=594 drains=66512 evl=1ms
[2026-06-04 10:10:53.436] [info] [Worker 4] [libqueen] push(q=5 f=0/24 p99rtt=25ms) pop(q=0 f=0/16 p99rtt=4ms) custom(q=0 f=0/1 p99rtt=2ms) slots=25/25 jobs/s=576 drains=65662 evl=0ms
[2026-06-04 10:10:53.445] [info] [Worker 3] [libqueen] push(q=5 f=0/24 p99rtt=24ms) pop(q=0 f=0/16 p99rtt=4ms) custom(q=0 f=0/1 p99rtt=1ms) slots=25/25 jobs/s=588 drains=65980 evl=0ms
[2026-06-04 10:10:53.456] [info] [Worker 8] [libqueen] push(q=0 f=0/24 p99rtt=25ms) pop(q=0 f=0/16 p99rtt=3ms) custom(q=0 f=0/1 p99rtt=2ms) slots=25/25 jobs/s=597 drains=66421 evl=0ms
[2026-06-04 10:10:54.374] [info] [Worker 7] [libqueen] push(q=5 f=0/24 p99rtt=23ms) pop(q=0 f=0/16 p99rtt=4ms) custom(q=0 f=0/1 p99rtt=2ms) slots=25/25 jobs/s=594 drains=67182 evl=0ms
[2026-06-04 10:10:54.390] [info] [Worker 5] [libqueen] push(q=5 f=0/24 p99rtt=24ms) pop(q=0 f=0/16 p99rtt=5ms) custom(q=0 f=0/1 p99rtt=1ms) slots=25/25 jobs/s=576 drains=66475 evl=0ms
[2026-06-04 10:10:54.406] [info] [Worker 0] [libqueen] push(q=0 f=1/24 p99rtt=24ms) pop(q=0 f=0/16 p99rtt=7ms) custom(q=0 f=0/1 p99rtt=2ms) slots=24/25 jobs/s=573 drains=66717 evl=0ms
[2026-06-04 10:10:54.413] [info] [Worker 6] [libqueen] push(q=0 f=1/24 p99rtt=24ms) pop(q=0 f=0/16 p99rtt=5ms) custom(q=0 f=0/1 p99rtt=2ms) slots=24/25 jobs/s=558 drains=66930 evl=0ms
[2026-06-04 10:10:54.416] [info] [Worker 2] [libqueen] push(q=0 f=0/24 p99rtt=24ms) pop(q=0 f=0/16 p99rtt=2ms) custom(q=0 f=0/1 p99rtt=2ms) slots=25/25 jobs/s=570 drains=66308 evl=0ms
[2026-06-04 10:10:54.416] [info] [Worker 9] [libqueen] push(q=2 f=0/24 p99rtt=22ms) pop(q=0 f=0/16 p99rtt=3ms) custom(q=0 f=0/1 p99rtt=2ms) slots=25/25 jobs/s=584 drains=66598 evl=0ms
[2026-06-04 10:10:54.417] [info] [Worker 1] [libqueen] push(q=5 f=0/24 p99rtt=23ms) pop(q=0 f=0/16 p99rtt=5ms) custom(q=0 f=0/1 p99rtt=1ms) slots=25/25 jobs/s=593 drains=67347 evl=0ms
[2026-06-04 10:10:54.436] [info] [Worker 4] [libqueen] push(q=5 f=0/24 p99rtt=23ms) pop(q=0 f=0/16 p99rtt=4ms) custom(q=0 f=0/1 p99rtt=2ms) slots=25/25 jobs/s=572 drains=66473 evl=0ms
[2026-06-04 10:10:54.445] [info] [Worker 3] [libqueen] push(q=5 f=0/24 p99rtt=24ms) pop(q=0 f=0/16 p99rtt=4ms) custom(q=0 f=0/1 p99rtt=2ms) slots=25/25 jobs/s=570 drains=66774 evl=0ms
[2026-06-04 10:10:54.455] [info] [Worker 8] [libqueen] push(q=0 f=0/24 p99rtt=24ms) pop(q=0 f=0/16 p99rtt=3ms) custom(q=0 f=1/1 p99rtt=2ms) slots=24/25 jobs/s=581 drains=67235 evl=0ms
[2026-06-04 10:10:54.718] [info] StatsService: cycle completed in 28ms
[2026-06-04 10:10:55.374] [info] [Worker 7] [libqueen] push(q=0 f=0/24 p99rtt=23ms) pop(q=0 f=0/16 p99rtt=4ms) custom(q=0 f=0/1 p99rtt=2ms) slots=25/25 jobs/s=630 drains=68036 evl=0ms
[2026-06-04 10:10:55.390] [info] [Worker 5] [libqueen] push(q=0 f=1/24 p99rtt=24ms) pop(q=0 f=0/16 p99rtt=5ms) custom(q=0 f=0/1 p99rtt=1ms) slots=24/25 jobs/s=612 drains=67306 evl=0ms
[2026-06-04 10:10:55.407] [info] [Worker 0] [libqueen] push(q=5 f=0/24 p99rtt=24ms) pop(q=0 f=0/16 p99rtt=7ms) custom(q=0 f=0/1 p99rtt=2ms) slots=25/25 jobs/s=618 drains=67549 evl=0ms
[2026-06-04 10:10:55.413] [info] [Worker 6] [libqueen] push(q=5 f=0/24 p99rtt=23ms) pop(q=0 f=0/16 p99rtt=5ms) custom(q=0 f=0/1 p99rtt=2ms) slots=25/25 jobs/s=618 drains=67784 evl=0ms
[2026-06-04 10:10:55.417] [info] [Worker 2] [libqueen] push(q=5 f=0/24 p99rtt=25ms) pop(q=0 f=0/16 p99rtt=2ms) custom(q=0 f=0/1 p99rtt=2ms) slots=25/25 jobs/s=600 drains=67133 evl=0ms
[2026-06-04 10:10:55.417] [info] [Worker 1] [libqueen] push(q=5 f=0/24 p99rtt=23ms) pop(q=0 f=0/16 p99rtt=5ms) custom(q=0 f=0/1 p99rtt=1ms) slots=25/25 jobs/s=624 drains=68211 evl=0ms
[2026-06-04 10:10:55.417] [info] [Worker 9] [libqueen] push(q=5 f=0/24 p99rtt=22ms) pop(q=0 f=0/16 p99rtt=3ms) custom(q=0 f=0/1 p99rtt=2ms) slots=25/25 jobs/s=606 drains=67438 evl=0ms
[2026-06-04 10:10:55.437] [info] [Worker 4] [libqueen] push(q=5 f=0/24 p99rtt=23ms) pop(q=0 f=0/16 p99rtt=4ms) custom(q=0 f=0/1 p99rtt=2ms) slots=25/25 jobs/s=612 drains=67310 evl=0ms
[2026-06-04 10:10:55.445] [info] [Worker 3] [libqueen] push(q=5 f=0/24 p99rtt=24ms) pop(q=0 f=0/16 p99rtt=4ms) custom(q=0 f=0/1 p99rtt=2ms) slots=25/25 jobs/s=618 drains=67612 evl=0ms
[2026-06-04 10:10:55.456] [info] [Worker 8] [libqueen] push(q=5 f=0/24 p99rtt=24ms) pop(q=0 f=0/16 p99rtt=3ms) custom(q=0 f=0/1 p99rtt=2ms) slots=25/25 jobs/s=613 drains=68086 evl=0ms
[2026-06-04 10:10:56.374] [info] [Worker 7] [libqueen] push(q=5 f=0/24 p99rtt=23ms) pop(q=0 f=0/16 p99rtt=4ms) custom(q=0 f=0/1 p99rtt=2ms) slots=25/25 jobs/s=618 drains=68883 evl=0ms
[2026-06-04 10:10:56.390] [info] [Worker 5] [libqueen] push(q=5 f=0/24 p99rtt=24ms) pop(q=0 f=0/16 p99rtt=5ms) custom(q=0 f=0/1 p99rtt=1ms) slots=25/25 jobs/s=618 drains=68139 evl=0ms
[2026-06-04 10:10:56.407] [info] [Worker 0] [libqueen] push(q=5 f=0/24 p99rtt=24ms) pop(q=0 f=0/16 p99rtt=7ms) custom(q=0 f=0/1 p99rtt=2ms) slots=25/25 jobs/s=624 drains=68388 evl=0ms
[2026-06-04 10:10:56.413] [info] [Worker 6] [libqueen] push(q=5 f=0/24 p99rtt=23ms) pop(q=0 f=0/16 p99rtt=5ms) custom(q=0 f=0/1 p99rtt=2ms) slots=25/25 jobs/s=606 drains=68626 evl=0ms
[2026-06-04 10:10:56.416] [info] [Worker 2] [libqueen] push(q=0 f=1/24 p99rtt=24ms) pop(q=0 f=0/16 p99rtt=2ms) custom(q=0 f=0/1 p99rtt=2ms) slots=24/25 jobs/s=600 drains=67959 evl=0ms
[2026-06-04 10:10:56.416] [info] [Worker 1] [libqueen] push(q=0 f=0/24 p99rtt=23ms) pop(q=0 f=0/16 p99rtt=5ms) custom(q=0 f=1/1 p99rtt=1ms) slots=24/25 jobs/s=617 drains=69056 evl=0ms
[2026-06-04 10:10:56.417] [info] [Worker 9] [libqueen] push(q=5 f=0/24 p99rtt=22ms) pop(q=0 f=0/16 p99rtt=3ms) custom(q=0 f=0/1 p99rtt=2ms) slots=25/25 jobs/s=606 drains=68254 evl=0ms
[2026-06-04 10:10:56.437] [info] [Worker 4] [libqueen] push(q=0 f=1/24 p99rtt=23ms) pop(q=0 f=0/16 p99rtt=4ms) custom(q=0 f=0/1 p99rtt=1ms) slots=24/25 jobs/s=618 drains=68155 evl=0ms
[2026-06-04 10:10:56.446] [info] [Worker 3] [libqueen] push(q=5 f=0/24 p99rtt=23ms) pop(q=0 f=0/16 p99rtt=4ms) custom(q=0 f=0/1 p99rtt=2ms) slots=25/25 jobs/s=618 drains=68450 evl=0ms
[2026-06-04 10:10:56.456] [info] [Worker 8] [libqueen] push(q=0 f=1/24 p99rtt=24ms) pop(q=0 f=0/16 p99rtt=3ms) custom(q=0 f=0/1 p99rtt=1ms) slots=24/25 jobs/s=606 drains=68929 evl=0ms
[2026-06-04 10:10:56.504] [info] QPOP: Connection aborted for dfd8459c-c2d9-4178-b37b-53d7e664c86c
[2026-06-04 10:10:56.504] [info] QPOP: Connection aborted for 18c7811a-7a25-44f6-ba66-eacc438510ed
[2026-06-04 10:10:56.504] [info] QPOP: Connection aborted for ed99fbfb-5280-45ed-bee7-be9865aae12a
[2026-06-04 10:10:56.504] [info] QPOP: Connection aborted for 13e9889d-3572-4236-a587-2b5b2a20134a
[2026-06-04 10:10:56.504] [info] QPOP: Connection aborted for 43dbbb4e-1573-45aa-9099-0a112c62f632
[2026-06-04 10:10:56.504] [info] QPOP: Connection aborted for 18578430-c32c-4a47-8efc-1b23432f85c9
[2026-06-04 10:10:56.504] [info] QPOP: Connection aborted for 10c8965f-873a-42a6-a395-e60b18215b9d
[2026-06-04 10:10:56.504] [info] QPOP: Connection aborted for cff23930-255b-47b2-abaa-1db6a87bb45d
[2026-06-04 10:10:56.504] [info] QPOP: Connection aborted for c51cb36f-910c-40bc-a909-209da520b2a9
[2026-06-04 10:10:56.504] [info] QPOP: Connection aborted for 48e0bfc3-3fad-4329-bb68-a70aac8417b5
[2026-06-04 10:10:56.504] [info] QPOP: Connection aborted for 5d00b82d-af34-47f3-a86c-1ba5384cadd7
[2026-06-04 10:10:56.507] [info] QPOP: Connection aborted for 6bb5f44b-5b18-47ce-a38d-ded585efd8a8
[2026-06-04 10:10:56.508] [info] QPOP: Connection aborted for 35d65de6-e81d-458f-9dac-5992bf2062eb
[2026-06-04 10:10:56.512] [info] QPOP: Connection aborted for 41ef413c-c802-4195-981a-ecd8130e8a5c
[2026-06-04 10:10:56.512] [info] QPOP: Connection aborted for 49ff1034-5f69-4daf-bc4d-99bf352cc012
[2026-06-04 10:10:56.514] [info] QPOP: Connection aborted for 28b47f77-a627-4a1f-88db-cd732e243b2d
[2026-06-04 10:10:56.514] [info] QPOP: Connection aborted for 68407183-b1ab-49a0-ae2a-462db3c979ec
[2026-06-04 10:10:56.516] [info] QPOP: Connection aborted for 5f19f943-7149-4867-93b4-e560887d3337
[2026-06-04 10:10:56.520] [info] QPOP: Connection aborted for 6248a9f2-245c-4226-9a22-cea6ce897bc5
[2026-06-04 10:10:56.521] [info] QPOP: Connection aborted for 02518350-e6ba-46c6-82d8-bb962c452fcf
[2026-06-04 10:10:56.521] [info] QPOP: Connection aborted for d9a73d5e-a386-4f5d-86a4-f4071790ff06
[2026-06-04 10:10:56.523] [info] QPOP: Connection aborted for f1ecf2cd-7a14-428b-9844-c67f20d4cfec
[2026-06-04 10:10:56.523] [info] QPOP: Connection aborted for bb0620db-917a-473e-867b-8d43f1b6f485
[2026-06-04 10:10:56.524] [info] QPOP: Connection aborted for 257676d1-18e3-425a-8ec4-647e71ec16b4
[2026-06-04 10:10:56.526] [info] QPOP: Connection aborted for fc39e3a2-e39b-4e13-86c8-09aea8e6d592
[2026-06-04 10:10:56.526] [info] QPOP: Connection aborted for c0cee16a-6536-4da1-ae04-db331ff131fa
[2026-06-04 10:10:56.527] [info] QPOP: Connection aborted for 9045a6d1-9d22-43fc-b9d0-41dab3d9e6fe
[2026-06-04 10:10:56.527] [info] QPOP: Connection aborted for cec8aa6e-e3c3-47cf-b4c2-ef2af678d54d
[2026-06-04 10:10:56.530] [info] QPOP: Connection aborted for e4c89dba-3c57-424c-822c-58f61a5075c4
[2026-06-04 10:10:56.533] [info] QPOP: Connection aborted for 0b19596d-1d9d-48f1-890e-04074f98bad3
[2026-06-04 10:10:56.533] [info] QPOP: Connection aborted for 493fd23c-b315-4d94-8aa0-fca5cf6630c8
[2026-06-04 10:10:56.535] [info] QPOP: Connection aborted for 3d605f72-1060-4085-b711-75657382b53c
[2026-06-04 10:10:56.535] [info] QPOP: Connection aborted for 51566748-e355-4843-8437-a2a99a414eec
[2026-06-04 10:10:56.536] [info] QPOP: Connection aborted for 32f3da2b-ddde-4beb-a54a-d382807f8e9e
[2026-06-04 10:10:56.538] [info] QPOP: Connection aborted for 94933b55-a2de-4dd6-ad67-41ccc86167c1
[2026-06-04 10:10:56.538] [info] QPOP: Connection aborted for 44c89284-bb33-43f7-8164-0bc331468fb1
[2026-06-04 10:10:56.540] [info] QPOP: Connection aborted for e66b7eb5-f8ba-4024-95ff-78b58e02c8de
[2026-06-04 10:10:56.540] [info] QPOP: Connection aborted for 91287334-db27-4ed0-aced-76ad3b808665
[2026-06-04 10:10:56.540] [info] QPOP: Connection aborted for 490b3c76-6053-48e8-984f-e86b2fcaff69
[2026-06-04 10:10:56.540] [info] QPOP: Connection aborted for 34d0764e-654c-4563-ae7e-d1f2284e3f3b
[2026-06-04 10:10:56.543] [info] QPOP: Connection aborted for 959de294-62f8-46c3-ba34-b7d373fe9a1e
[2026-06-04 10:10:56.543] [info] QPOP: Connection aborted for b6a11d38-bba3-4225-8fbb-3818d6b583f4
[2026-06-04 10:10:56.543] [info] QPOP: Connection aborted for fcd88f56-1e13-4b94-aba2-38459bbd475a
[2026-06-04 10:10:56.545] [info] QPOP: Connection aborted for 7612b326-fef1-41c7-9b87-6f5d89f22bd3
[2026-06-04 10:10:56.545] [info] QPOP: Connection aborted for bf3e3e65-f596-4ddc-b9c9-c00ad3c8b8e4
[2026-06-04 10:10:56.545] [info] QPOP: Connection aborted for 8313dd3a-53ac-4675-a31c-fe08f1efe3c4
[2026-06-04 10:10:56.547] [info] QPOP: Connection aborted for 7f540037-ba3d-4bb3-af6d-bf31288dc622
[2026-06-04 10:10:56.547] [info] QPOP: Connection aborted for e79cef9f-da2e-47fb-b64a-52534d73214f
[2026-06-04 10:10:56.549] [info] QPOP: Connection aborted for d42cc776-af3b-4062-bc9f-521cc4e6b86e
[2026-06-04 10:10:56.551] [info] QPOP: Connection aborted for 1dad3859-c9f2-4ff4-b98e-529897bf349d
[2026-06-04 10:10:57.374] [info] [Worker 7] [libqueen] push(q=5 f=0/24 p99rtt=23ms) pop(q=0 f=0/16 p99rtt=4ms) custom(q=0 f=0/1 p99rtt=1ms) slots=25/25 jobs/s=606 drains=69749 evl=0ms
[2026-06-04 10:10:57.390] [info] [Worker 5] [libqueen] push(q=5 f=0/24 p99rtt=24ms) pop(q=0 f=0/16 p99rtt=5ms) custom(q=0 f=0/1 p99rtt=1ms) slots=25/25 jobs/s=588 drains=68970 evl=0ms
[2026-06-04 10:10:57.407] [info] [Worker 0] [libqueen] push(q=5 f=0/24 p99rtt=24ms) pop(q=0 f=0/16 p99rtt=7ms) custom(q=0 f=0/1 p99rtt=1ms) slots=25/25 jobs/s=594 drains=69240 evl=0ms
[2026-06-04 10:10:57.413] [info] [Worker 6] [libqueen] push(q=5 f=0/24 p99rtt=24ms) pop(q=0 f=0/16 p99rtt=5ms) custom(q=0 f=0/1 p99rtt=1ms) slots=25/25 jobs/s=600 drains=69462 evl=0ms
[2026-06-04 10:10:57.416] [info] [Worker 9] [libqueen] push(q=5 f=0/24 p99rtt=23ms) pop(q=0 f=0/16 p99rtt=4ms) custom(q=0 f=0/1 p99rtt=1ms) slots=25/25 jobs/s=606 drains=69085 evl=0ms
[2026-06-04 10:10:57.417] [info] [Worker 1] [libqueen] push(q=0 f=1/24 p99rtt=23ms) pop(q=0 f=0/16 p99rtt=4ms) custom(q=0 f=0/1 p99rtt=1ms) slots=24/25 jobs/s=601 drains=69922 evl=0ms
[2026-06-04 10:10:57.417] [info] [Worker 2] [libqueen] push(q=5 f=0/24 p99rtt=24ms) pop(q=0 f=0/16 p99rtt=2ms) custom(q=0 f=0/1 p99rtt=1ms) slots=25/25 jobs/s=606 drains=68788 evl=0ms
[2026-06-04 10:10:57.436] [info] [Worker 4] [libqueen] push(q=0 f=0/24 p99rtt=23ms) pop(q=0 f=0/16 p99rtt=4ms) custom(q=0 f=1/1 p99rtt=1ms) slots=24/25 jobs/s=617 drains=69005 evl=0ms
[2026-06-04 10:10:57.446] [info] [Worker 3] [libqueen] push(q=0 f=1/24 p99rtt=23ms) pop(q=0 f=0/16 p99rtt=4ms) custom(q=0 f=0/1 p99rtt=2ms) slots=24/25 jobs/s=600 drains=69297 evl=0ms
[2026-06-04 10:10:57.456] [info] [Worker 8] [libqueen] push(q=0 f=1/24 p99rtt=24ms) pop(q=0 f=0/16 p99rtt=3ms) custom(q=0 f=0/1 p99rtt=1ms) slots=24/25 jobs/s=606 drains=69780 evl=0ms
[2026-06-04 10:10:58.374] [info] [Worker 7] [libqueen] push(q=0 f=1/24 p99rtt=24ms) pop(q=0 f=0/16 p99rtt=4ms) custom(q=0 f=0/1 p99rtt=2ms) slots=24/25 jobs/s=540 drains=70485 evl=0ms
[2026-06-04 10:10:58.389] [info] [Worker 5] [libqueen] push(q=0 f=1/24 p99rtt=24ms) pop(q=0 f=0/16 p99rtt=5ms) custom(q=0 f=0/1 p99rtt=2ms) slots=24/25 jobs/s=522 drains=69684 evl=0ms
[2026-06-04 10:10:58.406] [info] [Worker 0] [libqueen] push(q=0 f=1/24 p99rtt=24ms) pop(q=0 f=0/16 p99rtt=7ms) custom(q=0 f=0/1 p99rtt=2ms) slots=24/25 jobs/s=510 drains=69953 evl=0ms
[2026-06-04 10:10:58.413] [info] [Worker 6] [libqueen] push(q=5 f=0/24 p99rtt=24ms) pop(q=0 f=0/16 p99rtt=5ms) custom(q=0 f=0/1 p99rtt=2ms) slots=25/25 jobs/s=528 drains=70193 evl=0ms
[2026-06-04 10:10:58.417] [info] [Worker 1] [libqueen] push(q=0 f=1/24 p99rtt=24ms) pop(q=0 f=0/16 p99rtt=4ms) custom(q=0 f=0/1 p99rtt=1ms) slots=24/25 jobs/s=510 drains=70644 evl=0ms
[2026-06-04 10:10:58.417] [info] [Worker 2] [libqueen] push(q=0 f=1/24 p99rtt=25ms) pop(q=0 f=0/16 p99rtt=2ms) custom(q=0 f=0/1 p99rtt=2ms) slots=24/25 jobs/s=510 drains=69512 evl=0ms
[2026-06-04 10:10:58.417] [info] [Worker 9] [libqueen] push(q=0 f=1/24 p99rtt=23ms) pop(q=0 f=0/16 p99rtt=4ms) custom(q=0 f=0/1 p99rtt=1ms) slots=24/25 jobs/s=528 drains=69819 evl=0ms
[2026-06-04 10:10:58.437] [info] [Worker 4] [libqueen] push(q=0 f=1/24 p99rtt=23ms) pop(q=0 f=0/16 p99rtt=4ms) custom(q=0 f=0/1 p99rtt=1ms) slots=24/25 jobs/s=511 drains=69730 evl=0ms
[2026-06-04 10:10:58.446] [info] [Worker 3] [libqueen] push(q=5 f=0/24 p99rtt=24ms) pop(q=0 f=0/16 p99rtt=4ms) custom(q=0 f=0/1 p99rtt=2ms) slots=25/25 jobs/s=510 drains=70019 evl=0ms
[2026-06-04 10:10:58.456] [info] [Worker 8] [libqueen] push(q=5 f=0/24 p99rtt=24ms) pop(q=0 f=0/16 p99rtt=3ms) custom(q=0 f=0/1 p99rtt=1ms) slots=25/25 jobs/s=516 drains=70503 evl=0ms
[2026-06-04 10:10:59.375] [info] [Worker 7] [libqueen] push(q=0 f=1/24 p99rtt=24ms) pop(q=0 f=0/16 p99rtt=4ms) custom(q=0 f=0/1 p99rtt=2ms) slots=24/25 jobs/s=558 drains=71248 evl=0ms
[2026-06-04 10:10:59.390] [info] [Worker 5] [libqueen] push(q=5 f=0/24 p99rtt=24ms) pop(q=0 f=0/16 p99rtt=5ms) custom(q=0 f=0/1 p99rtt=2ms) slots=25/25 jobs/s=558 drains=70467 evl=0ms
[2026-06-04 10:10:59.407] [info] [Worker 0] [libqueen] push(q=5 f=0/24 p99rtt=24ms) pop(q=0 f=0/16 p99rtt=7ms) custom(q=0 f=0/1 p99rtt=2ms) slots=25/25 jobs/s=582 drains=70753 evl=0ms
[2026-06-04 10:10:59.413] [info] [Worker 6] [libqueen] push(q=5 f=0/24 p99rtt=24ms) pop(q=0 f=0/16 p99rtt=5ms) custom(q=0 f=0/1 p99rtt=2ms) slots=25/25 jobs/s=588 drains=71004 evl=0ms
[2026-06-04 10:10:59.416] [info] [Worker 9] [libqueen] push(q=5 f=0/24 p99rtt=23ms) pop(q=0 f=0/16 p99rtt=4ms) custom(q=0 f=0/1 p99rtt=1ms) slots=25/25 jobs/s=594 drains=70628 evl=0ms
[2026-06-04 10:10:59.417] [info] [Worker 1] [libqueen] push(q=5 f=0/24 p99rtt=23ms) pop(q=0 f=0/16 p99rtt=4ms) custom(q=0 f=0/1 p99rtt=1ms) slots=25/25 jobs/s=582 drains=71443 evl=0ms
[2026-06-04 10:10:59.417] [info] [Worker 2] [libqueen] push(q=5 f=0/24 p99rtt=24ms) pop(q=0 f=0/16 p99rtt=2ms) custom(q=0 f=0/1 p99rtt=2ms) slots=25/25 jobs/s=576 drains=70316 evl=0ms
[2026-06-04 10:10:59.436] [info] [Worker 4] [libqueen] push(q=5 f=0/24 p99rtt=24ms) pop(q=0 f=0/16 p99rtt=4ms) custom(q=0 f=0/1 p99rtt=2ms) slots=25/25 jobs/s=588 drains=70515 evl=0ms
[2026-06-04 10:10:59.447] [info] [Worker 3] [libqueen] push(q=5 f=0/24 p99rtt=24ms) pop(q=0 f=0/16 p99rtt=4ms) custom(q=0 f=0/1 p99rtt=2ms) slots=25/25 jobs/s=588 drains=70824 evl=0ms
[2026-06-04 10:10:59.455] [info] [Worker 8] [libqueen] push(q=5 f=0/24 p99rtt=24ms) pop(q=0 f=0/16 p99rtt=3ms) custom(q=0 f=0/1 p99rtt=2ms) slots=25/25 jobs/s=582 drains=71307 evl=0ms
[2026-06-04 10:11:00.374] [info] [Worker 7] [libqueen] push(q=5 f=0/24 p99rtt=25ms) pop(q=0 f=0/16 p99rtt=4ms) custom(q=3 f=0/1 p99rtt=2ms) slots=25/25 jobs/s=558 drains=72023 evl=0ms
[2026-06-04 10:11:00.389] [info] [Worker 5] [libqueen] push(q=4 f=0/24 p99rtt=24ms) pop(q=0 f=0/16 p99rtt=5ms) custom(q=3 f=0/1 p99rtt=3ms) slots=25/25 jobs/s=558 drains=71244 evl=0ms
[2026-06-04 10:11:00.406] [info] [Worker 0] [libqueen] push(q=5 f=0/24 p99rtt=24ms) pop(q=0 f=0/16 p99rtt=7ms) custom(q=3 f=0/1 p99rtt=3ms) slots=25/25 jobs/s=570 drains=71531 evl=0ms
[2026-06-04 10:11:00.413] [info] [Worker 6] [libqueen] push(q=5 f=0/24 p99rtt=24ms) pop(q=0 f=0/16 p99rtt=5ms) custom(q=3 f=0/1 p99rtt=2ms) slots=25/25 jobs/s=558 drains=71778 evl=0ms
[2026-06-04 10:11:00.416] [info] [Worker 2] [libqueen] push(q=0 f=1/24 p99rtt=24ms) pop(q=0 f=0/16 p99rtt=2ms) custom(q=3 f=0/1 p99rtt=2ms) slots=24/25 jobs/s=558 drains=71102 evl=0ms
[2026-06-04 10:11:00.417] [info] [Worker 1] [libqueen] push(q=0 f=1/24 p99rtt=25ms) pop(q=0 f=0/16 p99rtt=4ms) custom(q=3 f=0/1 p99rtt=2ms) slots=24/25 jobs/s=570 drains=72250 evl=0ms
[2026-06-04 10:11:00.417] [info] [Worker 9] [libqueen] push(q=0 f=1/24 p99rtt=24ms) pop(q=0 f=0/16 p99rtt=4ms) custom(q=3 f=0/1 p99rtt=2ms) slots=24/25 jobs/s=546 drains=71385 evl=0ms
[2026-06-04 10:11:00.437] [info] [Worker 4] [libqueen] push(q=5 f=0/24 p99rtt=25ms) pop(q=0 f=0/16 p99rtt=4ms) custom(q=3 f=0/1 p99rtt=2ms) slots=25/25 jobs/s=552 drains=71267 evl=0ms
[2026-06-04 10:11:00.447] [info] [Worker 3] [libqueen] push(q=4 f=0/24 p99rtt=24ms) pop(q=0 f=0/16 p99rtt=4ms) custom(q=3 f=0/1 p99rtt=2ms) slots=25/25 jobs/s=552 drains=71576 evl=0ms
[2026-06-04 10:11:00.456] [info] [Worker 8] [libqueen] push(q=5 f=0/24 p99rtt=25ms) pop(q=0 f=0/16 p99rtt=3ms) custom(q=3 f=0/1 p99rtt=2ms) slots=25/25 jobs/s=564 drains=72081 evl=0ms
[2026-06-04 10:11:01.375] [info] [Worker 7] [libqueen] push(q=5 f=0/24 p99rtt=25ms) pop(q=0 f=0/16 p99rtt=4ms) custom(q=0 f=0/1 p99rtt=3ms) slots=25/25 jobs/s=507 drains=72728 evl=0ms
[2026-06-04 10:11:01.390] [info] [Worker 5] [libqueen] push(q=5 f=0/24 p99rtt=24ms) pop(q=0 f=0/16 p99rtt=5ms) custom(q=0 f=0/1 p99rtt=3ms) slots=25/25 jobs/s=507 drains=71946 evl=0ms
[2026-06-04 10:11:01.407] [info] [Worker 0] [libqueen] push(q=5 f=0/24 p99rtt=24ms) pop(q=0 f=0/16 p99rtt=7ms) custom(q=0 f=0/1 p99rtt=3ms) slots=25/25 jobs/s=507 drains=72248 evl=0ms
[2026-06-04 10:11:01.412] [info] [Worker 6] [libqueen] push(q=0 f=1/24 p99rtt=24ms) pop(q=0 f=0/16 p99rtt=5ms) custom(q=0 f=0/1 p99rtt=2ms) slots=24/25 jobs/s=513 drains=72488 evl=0ms
[2026-06-04 10:11:01.417] [info] [Worker 2] [libqueen] push(q=0 f=0/24 p99rtt=24ms) pop(q=0 f=0/16 p99rtt=2ms) custom(q=0 f=1/1 p99rtt=3ms) slots=24/25 jobs/s=512 drains=71798 evl=0ms
[2026-06-04 10:11:01.417] [info] [Worker 9] [libqueen] push(q=5 f=0/24 p99rtt=24ms) pop(q=0 f=0/16 p99rtt=4ms) custom(q=0 f=0/1 p99rtt=3ms) slots=25/25 jobs/s=519 drains=72099 evl=0ms
[2026-06-04 10:11:01.417] [info] [Worker 1] [libqueen] push(q=5 f=0/24 p99rtt=25ms) pop(q=0 f=0/16 p99rtt=4ms) custom(q=0 f=0/1 p99rtt=3ms) slots=25/25 jobs/s=513 drains=72951 evl=0ms
[2026-06-04 10:11:01.437] [info] [Worker 4] [libqueen] push(q=0 f=0/24 p99rtt=25ms) pop(q=0 f=0/16 p99rtt=4ms) custom(q=0 f=1/1 p99rtt=3ms) slots=24/25 jobs/s=524 drains=71984 evl=0ms
[2026-06-04 10:11:01.447] [info] [Worker 3] [libqueen] push(q=2 f=0/24 p99rtt=25ms) pop(q=0 f=0/16 p99rtt=4ms) custom(q=0 f=1/1 p99rtt=2ms) slots=24/25 jobs/s=518 drains=72306 evl=0ms
[2026-06-04 10:11:01.456] [info] [Worker 8] [libqueen] push(q=0 f=0/24 p99rtt=26ms) pop(q=0 f=0/16 p99rtt=2ms) custom(q=0 f=1/1 p99rtt=4ms) slots=24/25 jobs/s=518 drains=72794 evl=0ms
[2026-06-04 10:11:01.813] [info] PartitionLookupReconcileService: fixed 3 partition_lookup rows (stats leader, hostname=a4dbf4b4cbaf)
[2026-06-04 10:11:02.375] [info] [Worker 7] [libqueen] push(q=0 f=1/24 p99rtt=25ms) pop(q=0 f=0/16 p99rtt=4ms) custom(q=0 f=0/1 p99rtt=4ms) slots=24/25 jobs/s=522 drains=73465 evl=0ms
[2026-06-04 10:11:02.390] [info] [Worker 5] [libqueen] push(q=0 f=1/24 p99rtt=24ms) pop(q=0 f=0/16 p99rtt=5ms) custom(q=0 f=0/1 p99rtt=3ms) slots=24/25 jobs/s=498 drains=72646 evl=0ms
[2026-06-04 10:11:02.407] [info] [Worker 0] [libqueen] push(q=5 f=0/24 p99rtt=25ms) pop(q=0 f=0/16 p99rtt=7ms) custom(q=0 f=0/1 p99rtt=4ms) slots=25/25 jobs/s=504 drains=72955 evl=0ms
[2026-06-04 10:11:02.413] [info] [Worker 6] [libqueen] push(q=2 f=0/24 p99rtt=24ms) pop(q=0 f=0/16 p99rtt=5ms) custom(q=0 f=0/1 p99rtt=3ms) slots=25/25 jobs/s=522 drains=73208 evl=0ms
[2026-06-04 10:11:02.416] [info] [Worker 9] [libqueen] push(q=5 f=0/24 p99rtt=25ms) pop(q=0 f=0/16 p99rtt=4ms) custom(q=0 f=0/1 p99rtt=4ms) slots=25/25 jobs/s=498 drains=72794 evl=0ms
[2026-06-04 10:11:02.417] [info] [Worker 1] [libqueen] push(q=5 f=0/24 p99rtt=25ms) pop(q=0 f=0/16 p99rtt=4ms) custom(q=0 f=0/1 p99rtt=3ms) slots=25/25 jobs/s=498 drains=73651 evl=0ms
[2026-06-04 10:11:02.417] [info] [Worker 2] [libqueen] push(q=5 f=0/24 p99rtt=25ms) pop(q=0 f=0/16 p99rtt=2ms) custom(q=0 f=0/1 p99rtt=4ms) slots=25/25 jobs/s=499 drains=72503 evl=0ms
[2026-06-04 10:11:02.437] [info] [Worker 4] [libqueen] push(q=5 f=0/24 p99rtt=25ms) pop(q=0 f=0/16 p99rtt=4ms) custom(q=0 f=0/1 p99rtt=4ms) slots=25/25 jobs/s=505 drains=72690 evl=0ms
[2026-06-04 10:11:02.447] [info] [Worker 3] [libqueen] push(q=0 f=1/24 p99rtt=25ms) pop(q=0 f=0/16 p99rtt=4ms) custom(q=0 f=0/1 p99rtt=3ms) slots=24/25 jobs/s=493 drains=72994 evl=0ms
[2026-06-04 10:11:02.456] [info] [Worker 8] [libqueen] push(q=5 f=0/24 p99rtt=26ms) pop(q=0 f=0/16 p99rtt=2ms) custom(q=0 f=0/1 p99rtt=5ms) slots=25/25 jobs/s=505 drains=73496 evl=0ms
[2026-06-04 10:11:03.374] [info] [Worker 7] [libqueen] push(q=5 f=0/24 p99rtt=25ms) pop(q=0 f=0/16 p99rtt=4ms) custom(q=0 f=0/1 p99rtt=4ms) slots=25/25 jobs/s=510 drains=74177 evl=0ms
[2026-06-04 10:11:03.391] [info] [Worker 5] [libqueen] push(q=0 f=0/24 p99rtt=27ms) pop(q=0 f=0/16 p99rtt=5ms) custom(q=0 f=1/1 p99rtt=5ms) slots=24/25 jobs/s=533 drains=73360 evl=0ms
[2026-06-04 10:11:03.407] [info] [Worker 0] [libqueen] push(q=0 f=1/24 p99rtt=25ms) pop(q=0 f=0/16 p99rtt=7ms) custom(q=0 f=0/1 p99rtt=4ms) slots=24/25 jobs/s=534 drains=73680 evl=1ms
[2026-06-04 10:11:03.413] [info] [Worker 6] [libqueen] push(q=2 f=0/24 p99rtt=25ms) pop(q=0 f=0/16 p99rtt=5ms) custom(q=0 f=1/1 p99rtt=6ms) slots=24/25 jobs/s=509 drains=73912 evl=0ms
[2026-06-04 10:11:03.416] [info] [Worker 1] [libqueen] push(q=0 f=0/24 p99rtt=25ms) pop(q=0 f=0/16 p99rtt=4ms) custom(q=0 f=1/1 p99rtt=4ms) slots=24/25 jobs/s=527 drains=74388 evl=0ms
[2026-06-04 10:11:03.417] [info] [Worker 2] [libqueen] push(q=0 f=0/24 p99rtt=25ms) pop(q=0 f=0/16 p99rtt=2ms) custom(q=0 f=1/1 p99rtt=6ms) slots=24/25 jobs/s=521 drains=73237 evl=0ms
[2026-06-04 10:11:03.417] [info] [Worker 9] [libqueen] push(q=0 f=1/24 p99rtt=25ms) pop(q=0 f=0/16 p99rtt=4ms) custom(q=0 f=0/1 p99rtt=4ms) slots=24/25 jobs/s=510 drains=73495 evl=0ms
[2026-06-04 10:11:03.436] [info] [Worker 4] [libqueen] push(q=0 f=1/24 p99rtt=27ms) pop(q=0 f=0/16 p99rtt=4ms) custom(q=0 f=0/1 p99rtt=5ms) slots=24/25 jobs/s=523 drains=73403 evl=0ms
[2026-06-04 10:11:03.448] [info] [Worker 3] [libqueen] push(q=0 f=1/24 p99rtt=25ms) pop(q=0 f=0/16 p99rtt=4ms) custom(q=0 f=0/1 p99rtt=5ms) slots=24/25 jobs/s=522 drains=73707 evl=0ms
[2026-06-04 10:11:03.456] [info] [Worker 8] [libqueen] push(q=5 f=0/24 p99rtt=26ms) pop(q=0 f=0/16 p99rtt=2ms) custom(q=0 f=0/1 p99rtt=5ms) slots=25/25 jobs/s=516 drains=74208 evl=0ms
[2026-06-04 10:11:04.375] [info] [Worker 7] [libqueen] push(q=5 f=0/24 p99rtt=27ms) pop(q=0 f=0/16 p99rtt=4ms) custom(q=0 f=0/1 p99rtt=6ms) slots=25/25 jobs/s=540 drains=74928 evl=0ms
[2026-06-04 10:11:04.391] [info] [Worker 5] [libqueen] push(q=5 f=0/24 p99rtt=29ms) pop(q=0 f=0/16 p99rtt=5ms) custom(q=0 f=0/1 p99rtt=5ms) slots=25/25 jobs/s=529 drains=74084 evl=0ms
[2026-06-04 10:11:04.407] [info] [Worker 0] [libqueen] push(q=5 f=0/24 p99rtt=26ms) pop(q=0 f=0/16 p99rtt=7ms) custom(q=0 f=0/1 p99rtt=4ms) slots=25/25 jobs/s=552 drains=74447 evl=0ms
[2026-06-04 10:11:04.413] [info] [Worker 6] [libqueen] push(q=5 f=0/24 p99rtt=26ms) pop(q=0 f=0/16 p99rtt=5ms) custom(q=0 f=0/1 p99rtt=6ms) slots=25/25 jobs/s=535 drains=74647 evl=0ms
[2026-06-04 10:11:04.417] [info] [Worker 1] [libqueen] push(q=5 f=0/24 p99rtt=25ms) pop(q=0 f=0/16 p99rtt=4ms) custom(q=0 f=0/1 p99rtt=5ms) slots=25/25 jobs/s=529 drains=75141 evl=0ms
[2026-06-04 10:11:04.417] [info] [Worker 2] [libqueen] push(q=5 f=0/24 p99rtt=25ms) pop(q=0 f=0/16 p99rtt=2ms) custom(q=0 f=0/1 p99rtt=6ms) slots=25/25 jobs/s=529 drains=73976 evl=0ms
[2026-06-04 10:11:04.417] [info] [Worker 9] [libqueen] push(q=5 f=0/24 p99rtt=25ms) pop(q=0 f=0/16 p99rtt=4ms) custom(q=0 f=0/1 p99rtt=6ms) slots=25/25 jobs/s=534 drains=74234 evl=0ms
[2026-06-04 10:11:04.436] [info] [Worker 4] [libqueen] push(q=0 f=0/24 p99rtt=27ms) pop(q=0 f=0/16 p99rtt=4ms) custom(q=0 f=1/1 p99rtt=5ms) slots=24/25 jobs/s=545 drains=74143 evl=0ms
[2026-06-04 10:11:04.449] [info] [Worker 3] [libqueen] push(q=5 f=0/24 p99rtt=26ms) pop(q=0 f=0/16 p99rtt=4ms) custom(q=0 f=0/1 p99rtt=6ms) slots=25/25 jobs/s=534 drains=74428 evl=0ms
[2026-06-04 10:11:04.456] [info] [Worker 8] [libqueen] push(q=5 f=0/24 p99rtt=27ms) pop(q=0 f=0/16 p99rtt=2ms) custom(q=0 f=0/1 p99rtt=7ms) slots=25/25 jobs/s=534 drains=74938 evl=0ms
[2026-06-04 10:11:05.375] [info] [Worker 7] [libqueen] push(q=5 f=0/24 p99rtt=27ms) pop(q=0 f=0/16 p99rtt=4ms) custom(q=0 f=0/1 p99rtt=6ms) slots=25/25 jobs/s=612 drains=75755 evl=0ms
[2026-06-04 10:11:05.390] [info] [Worker 5] [libqueen] push(q=5 f=0/24 p99rtt=27ms) pop(q=0 f=0/16 p99rtt=5ms) custom(q=0 f=0/1 p99rtt=5ms) slots=25/25 jobs/s=612 drains=74923 evl=0ms
[2026-06-04 10:11:05.407] [info] [Worker 0] [libqueen] push(q=4 f=0/24 p99rtt=26ms) pop(q=0 f=0/16 p99rtt=7ms) custom(q=0 f=0/1 p99rtt=4ms) slots=25/25 jobs/s=600 drains=75288 evl=0ms
[2026-06-04 10:11:05.412] [info] [Worker 6] [libqueen] push(q=2 f=0/24 p99rtt=26ms) pop(q=0 f=0/16 p99rtt=5ms) custom(q=0 f=0/1 p99rtt=6ms) slots=25/25 jobs/s=624 drains=75487 evl=0ms
[2026-06-04 10:11:05.416] [info] [Worker 1] [libqueen] push(q=0 f=1/24 p99rtt=25ms) pop(q=0 f=0/16 p99rtt=4ms) custom(q=0 f=0/1 p99rtt=5ms) slots=24/25 jobs/s=612 drains=75990 evl=0ms
[2026-06-04 10:11:05.417] [info] [Worker 2] [libqueen] push(q=0 f=1/24 p99rtt=25ms) pop(q=0 f=0/16 p99rtt=2ms) custom(q=0 f=0/1 p99rtt=6ms) slots=24/25 jobs/s=600 drains=74798 evl=0ms
[2026-06-04 10:11:05.417] [info] [Worker 9] [libqueen] push(q=0 f=1/24 p99rtt=25ms) pop(q=0 f=0/16 p99rtt=4ms) custom(q=0 f=0/1 p99rtt=6ms) slots=24/25 jobs/s=612 drains=75073 evl=0ms
[2026-06-04 10:11:05.437] [info] [Worker 4] [libqueen] push(q=0 f=1/24 p99rtt=27ms) pop(q=0 f=0/16 p99rtt=4ms) custom(q=0 f=0/1 p99rtt=5ms) slots=24/25 jobs/s=601 drains=74974 evl=0ms
[2026-06-04 10:11:05.448] [info] [Worker 3] [libqueen] push(q=5 f=0/24 p99rtt=26ms) pop(q=0 f=0/16 p99rtt=4ms) custom(q=0 f=0/1 p99rtt=6ms) slots=25/25 jobs/s=618 drains=75274 evl=0ms
[2026-06-04 10:11:05.455] [info] [Worker 8] [libqueen] push(q=2 f=0/24 p99rtt=27ms) pop(q=0 f=0/16 p99rtt=2ms) custom(q=0 f=0/1 p99rtt=5ms) slots=25/25 jobs/s=600 drains=75765 evl=0ms
[2026-06-04 10:11:05.716] [info] StatsService: cycle completed in 26ms
[2026-06-04 10:11:06.376] [info] [Worker 7] [libqueen] push(q=5 f=0/24 p99rtt=26ms) pop(q=0 f=0/16 p99rtt=4ms) custom(q=0 f=0/1 p99rtt=5ms) slots=25/25 jobs/s=612 drains=76584 evl=0ms
[2026-06-04 10:11:06.391] [info] [Worker 5] [libqueen] push(q=5 f=0/24 p99rtt=27ms) pop(q=0 f=0/16 p99rtt=5ms) custom(q=0 f=0/1 p99rtt=5ms) slots=25/25 jobs/s=606 drains=75755 evl=0ms
[2026-06-04 10:11:06.407] [info] [Worker 0] [libqueen] push(q=0 f=0/24 p99rtt=27ms) pop(q=0 f=0/16 p99rtt=7ms) custom(q=0 f=0/1 p99rtt=4ms) slots=25/25 jobs/s=606 drains=76117 evl=0ms
[2026-06-04 10:11:06.413] [info] [Worker 6] [libqueen] push(q=5 f=0/24 p99rtt=26ms) pop(q=0 f=0/16 p99rtt=5ms) custom(q=0 f=0/1 p99rtt=6ms) slots=25/25 jobs/s=606 drains=76329 evl=0ms
[2026-06-04 10:11:06.417] [info] [Worker 2] [libqueen] push(q=0 f=1/24 p99rtt=24ms) pop(q=0 f=0/16 p99rtt=2ms) custom(q=0 f=0/1 p99rtt=6ms) slots=24/25 jobs/s=612 drains=75648 evl=0ms
[2026-06-04 10:11:06.417] [info] [Worker 1] [libqueen] push(q=0 f=1/24 p99rtt=25ms) pop(q=0 f=0/16 p99rtt=4ms) custom(q=0 f=0/1 p99rtt=5ms) slots=24/25 jobs/s=618 drains=76837 evl=0ms
[2026-06-04 10:11:06.417] [info] [Worker 9] [libqueen] push(q=5 f=0/24 p99rtt=25ms) pop(q=0 f=0/16 p99rtt=4ms) custom(q=0 f=0/1 p99rtt=6ms) slots=25/25 jobs/s=612 drains=75925 evl=0ms
[2026-06-04 10:11:06.436] [info] [Worker 4] [libqueen] push(q=0 f=0/24 p99rtt=27ms) pop(q=0 f=0/16 p99rtt=4ms) custom(q=0 f=0/1 p99rtt=5ms) slots=25/25 jobs/s=606 drains=75793 evl=0ms
[2026-06-04 10:11:06.449] [info] [Worker 3] [libqueen] push(q=5 f=0/24 p99rtt=25ms) pop(q=0 f=0/16 p99rtt=4ms) custom(q=0 f=0/1 p99rtt=5ms) slots=25/25 jobs/s=624 drains=76129 evl=0ms
[2026-06-04 10:11:06.456] [info] [Worker 8] [libqueen] push(q=0 f=1/24 p99rtt=27ms) pop(q=0 f=0/16 p99rtt=2ms) custom(q=0 f=0/1 p99rtt=5ms) slots=24/25 jobs/s=600 drains=76591 evl=0ms
[2026-06-04 10:11:06.505] [info] QPOP: Connection aborted for bbffd50d-0445-4768-bad8-263b279bbb13
[2026-06-04 10:11:06.506] [info] QPOP: Connection aborted for 2eac3d1e-8dcc-4625-858b-bca4359bd63c
[2026-06-04 10:11:06.506] [info] QPOP: Connection aborted for e5ed5916-824f-490b-b184-f4473c6215a0
[2026-06-04 10:11:06.506] [info] QPOP: Connection aborted for 8d32f886-a19a-4c43-ad20-c01c524ad2b8
[2026-06-04 10:11:06.506] [info] QPOP: Connection aborted for 096cae36-4f81-47c8-bdc0-be828a1217db
[2026-06-04 10:11:06.506] [info] QPOP: Connection aborted for d8c1369a-0e9d-45d8-81e5-d1c31f360739
[2026-06-04 10:11:06.506] [info] QPOP: Connection aborted for 6f8b45d1-7125-4631-84d8-d7262da9901a
[2026-06-04 10:11:06.506] [info] QPOP: Connection aborted for d62ac071-fb85-4ad5-a23d-372afc407633
[2026-06-04 10:11:06.506] [info] QPOP: Connection aborted for 618454ad-8d93-4905-8bcc-499ab2026e03
[2026-06-04 10:11:06.506] [info] QPOP: Connection aborted for 8a912aaf-651a-4e88-9ded-6d0b4a6aee2a
[2026-06-04 10:11:06.507] [info] QPOP: Connection aborted for 53f1574d-48a0-4d57-bc49-e29c3d5bbe12
[2026-06-04 10:11:06.509] [info] QPOP: Connection aborted for 07f5eff6-a56a-4daa-bdca-e9b83c759d90
[2026-06-04 10:11:06.511] [info] QPOP: Connection aborted for c0901e02-1d53-48f3-a3b7-f1496849d7fc
[2026-06-04 10:11:06.513] [info] QPOP: Connection aborted for 41d88614-21ac-4928-80bc-70044facf99d
[2026-06-04 10:11:06.513] [info] QPOP: Connection aborted for 9ff3691f-9dc1-4c04-8a7e-1bf850271726
[2026-06-04 10:11:06.516] [info] QPOP: Connection aborted for 01d7abb9-9b8f-4925-b4dd-1ead625eda73
[2026-06-04 10:11:06.516] [info] QPOP: Connection aborted for db48c871-e2a2-418f-9986-18c0a354780e
[2026-06-04 10:11:06.517] [info] QPOP: Connection aborted for 5d1fd351-d857-489e-ac0e-d17ca398707e
[2026-06-04 10:11:06.521] [info] QPOP: Connection aborted for d4823307-5580-4c19-9a02-f4a2774b47c6
[2026-06-04 10:11:06.521] [info] QPOP: Connection aborted for b0560f5f-7d98-4f8f-9151-19302c748f4e
[2026-06-04 10:11:06.521] [info] QPOP: Connection aborted for a872908d-c4cd-4bec-abf9-0242b95fb779
[2026-06-04 10:11:06.524] [info] QPOP: Connection aborted for 30499b1d-1acc-485b-87fd-03cd58e75e2a
[2026-06-04 10:11:06.524] [info] QPOP: Connection aborted for 862f97b2-c012-4345-b9c6-cbe3098efb37
[2026-06-04 10:11:06.524] [info] QPOP: Connection aborted for 7c950f28-ff33-4e0d-8599-3112cbd7873b
[2026-06-04 10:11:06.528] [info] QPOP: Connection aborted for 0dfe1df1-b9a3-405c-8ab9-e5118cb2eb2c
[2026-06-04 10:11:06.528] [info] QPOP: Connection aborted for bce956f7-940a-42ad-884a-2d69eac98c55
[2026-06-04 10:11:06.528] [info] QPOP: Connection aborted for 548d3ebc-050a-4c86-9acc-99607c988e38
[2026-06-04 10:11:06.529] [info] QPOP: Connection aborted for 5add9e4f-7541-474b-939d-a67529ccf860
[2026-06-04 10:11:06.531] [info] QPOP: Connection aborted for 23c5e034-3643-4ffc-9d42-b0dd9f01e09f
[2026-06-04 10:11:06.534] [info] QPOP: Connection aborted for 1d78b47e-f535-461f-80dd-a7cb958dbe86
[2026-06-04 10:11:06.534] [info] QPOP: Connection aborted for a0c9e7ab-23b1-45cc-a3f4-d0788559acb3
[2026-06-04 10:11:06.537] [info] QPOP: Connection aborted for ed563162-e437-4ef6-8198-175783e01a6a
[2026-06-04 10:11:06.537] [info] QPOP: Connection aborted for 0c35d665-66aa-4d3d-81fe-7edfbff2dde1
[2026-06-04 10:11:06.537] [info] QPOP: Connection aborted for bd5c8781-f0d4-445c-a2dd-344804ba3356
[2026-06-04 10:11:06.539] [info] QPOP: Connection aborted for b4590ad6-89bb-4bcb-b61f-1ff3cafb5467
[2026-06-04 10:11:06.540] [info] QPOP: Connection aborted for af5e83f2-876c-44cc-8054-99a9ca12f606
[2026-06-04 10:11:06.541] [info] QPOP: Connection aborted for eb44fb62-392d-4216-bd79-bf6f62a2b7c0
[2026-06-04 10:11:06.543] [info] QPOP: Connection aborted for 89e0b2f3-26bd-421f-bef2-876f238fbcd8
[2026-06-04 10:11:06.543] [info] QPOP: Connection aborted for 440f5915-c994-4e77-8df0-a888b071b593
[2026-06-04 10:11:06.543] [info] QPOP: Connection aborted for 36be8ab4-4a26-4a16-a832-7387f216cc73
[2026-06-04 10:11:06.544] [info] QPOP: Connection aborted for 5db533b9-cbbd-44de-8fdd-a27cb516b093
[2026-06-04 10:11:06.544] [info] QPOP: Connection aborted for e8fc521c-8b83-4b27-aeba-ac4a7bdf40a0
[2026-06-04 10:11:06.544] [info] QPOP: Connection aborted for f9681cff-6c2d-4280-bae8-a672b2c4f87b
[2026-06-04 10:11:06.546] [info] QPOP: Connection aborted for 8a7f1704-d1c3-4e06-952e-ffb0ab1c182a
[2026-06-04 10:11:06.547] [info] QPOP: Connection aborted for 75625283-11f8-494e-b116-8c5893318093
[2026-06-04 10:11:06.547] [info] QPOP: Connection aborted for 2f647602-9169-4676-b384-604ddf367aee
[2026-06-04 10:11:06.547] [info] QPOP: Connection aborted for ee94585e-7002-497e-9fc7-fa5ba0f9ea1f
[2026-06-04 10:11:06.547] [info] QPOP: Connection aborted for 6b6d1881-0b03-4975-bec2-e3a2ee29c5d7
[2026-06-04 10:11:06.550] [info] QPOP: Connection aborted for 7508e595-7422-4119-aec5-99f91da77967
[2026-06-04 10:11:06.552] [info] QPOP: Connection aborted for d513d360-7724-419d-a816-f3497404e4c7
[2026-06-04 10:11:07.375] [info] [Worker 7] [libqueen] push(q=0 f=1/24 p99rtt=31ms) pop(q=0 f=0/16 p99rtt=4ms) custom(q=0 f=0/1 p99rtt=8ms) slots=24/25 jobs/s=288 drains=76996 evl=0ms
[2026-06-04 10:11:07.391] [info] [Worker 5] [libqueen] push(q=5 f=0/24 p99rtt=33ms) pop(q=0 f=0/16 p99rtt=5ms) custom(q=0 f=0/1 p99rtt=7ms) slots=25/25 jobs/s=288 drains=76188 evl=0ms
[2026-06-04 10:11:07.406] [info] [Worker 0] [libqueen] push(q=5 f=0/24 p99rtt=31ms) pop(q=0 f=0/16 p99rtt=3ms) custom(q=0 f=0/1 p99rtt=5ms) slots=25/25 jobs/s=282 drains=76545 evl=0ms
[2026-06-04 10:11:07.412] [info] [Worker 6] [libqueen] push(q=0 f=1/24 p99rtt=31ms) pop(q=0 f=0/16 p99rtt=5ms) custom(q=0 f=0/1 p99rtt=7ms) slots=24/25 jobs/s=288 drains=76748 evl=0ms
[2026-06-04 10:11:07.416] [info] [Worker 9] [libqueen] push(q=5 f=0/24 p99rtt=32ms) pop(q=0 f=0/16 p99rtt=5ms) custom(q=0 f=0/1 p99rtt=7ms) slots=25/25 jobs/s=288 drains=76355 evl=0ms
[2026-06-04 10:11:07.416] [info] [Worker 1] [libqueen] push(q=5 f=0/24 p99rtt=28ms) pop(q=0 f=0/16 p99rtt=4ms) custom(q=0 f=0/1 p99rtt=8ms) slots=25/25 jobs/s=294 drains=77249 evl=0ms
[2026-06-04 10:11:07.417] [info] [Worker 2] [libqueen] push(q=5 f=0/24 p99rtt=30ms) pop(q=0 f=0/16 p99rtt=2ms) custom(q=0 f=0/1 p99rtt=10ms) slots=25/25 jobs/s=294 drains=76079 evl=0ms
[2026-06-04 10:11:07.436] [info] [Worker 4] [libqueen] push(q=3 f=0/24 p99rtt=34ms) pop(q=0 f=0/16 p99rtt=4ms) custom(q=0 f=1/1 p99rtt=7ms) slots=24/25 jobs/s=293 drains=76226 evl=0ms
[2026-06-04 10:11:07.449] [info] [Worker 3] [libqueen] push(q=5 f=0/24 p99rtt=34ms) pop(q=0 f=0/16 p99rtt=4ms) custom(q=0 f=0/1 p99rtt=7ms) slots=25/25 jobs/s=288 drains=76556 evl=0ms
[2026-06-04 10:11:07.456] [info] [Worker 8] [libqueen] push(q=0 f=1/24 p99rtt=33ms) pop(q=0 f=0/16 p99rtt=3ms) custom(q=0 f=0/1 p99rtt=7ms) slots=24/25 jobs/s=294 drains=77040 evl=0ms
[2026-06-04 10:11:08.376] [info] [Worker 7] [libqueen] push(q=2 f=0/24 p99rtt=31ms) pop(q=0 f=0/16 p99rtt=4ms) custom(q=0 f=1/1 p99rtt=8ms) slots=24/25 jobs/s=622 drains=77850 evl=0ms
[2026-06-04 10:11:08.391] [info] [Worker 5] [libqueen] push(q=5 f=0/24 p99rtt=33ms) pop(q=0 f=0/16 p99rtt=5ms) custom(q=0 f=0/1 p99rtt=7ms) slots=25/25 jobs/s=588 drains=77002 evl=0ms
[2026-06-04 10:11:08.407] [info] [Worker 0] [libqueen] push(q=5 f=0/24 p99rtt=31ms) pop(q=0 f=0/16 p99rtt=3ms) custom(q=0 f=0/1 p99rtt=5ms) slots=25/25 jobs/s=612 drains=77399 evl=0ms
[2026-06-04 10:11:08.413] [info] [Worker 6] [libqueen] push(q=5 f=0/24 p99rtt=31ms) pop(q=0 f=0/16 p99rtt=5ms) custom(q=0 f=0/1 p99rtt=7ms) slots=25/25 jobs/s=606 drains=77571 evl=0ms
[2026-06-04 10:11:08.417] [info] [Worker 9] [libqueen] push(q=0 f=1/24 p99rtt=32ms) pop(q=0 f=0/16 p99rtt=5ms) custom(q=0 f=0/1 p99rtt=7ms) slots=24/25 jobs/s=618 drains=77204 evl=0ms
[2026-06-04 10:11:08.417] [info] [Worker 1] [libqueen] push(q=0 f=1/24 p99rtt=28ms) pop(q=0 f=0/16 p99rtt=4ms) custom(q=0 f=0/1 p99rtt=8ms) slots=24/25 jobs/s=606 drains=78078 evl=0ms
[2026-06-04 10:11:08.417] [info] [Worker 2] [libqueen] push(q=0 f=1/24 p99rtt=30ms) pop(q=0 f=0/16 p99rtt=2ms) custom(q=0 f=0/1 p99rtt=8ms) slots=24/25 jobs/s=600 drains=76909 evl=0ms
[2026-06-04 10:11:08.436] [info] [Worker 4] [libqueen] push(q=0 f=1/24 p99rtt=34ms) pop(q=0 f=0/16 p99rtt=4ms) custom(q=0 f=0/1 p99rtt=7ms) slots=24/25 jobs/s=607 drains=77069 evl=0ms
[2026-06-04 10:11:08.449] [info] [Worker 3] [libqueen] push(q=5 f=0/24 p99rtt=34ms) pop(q=0 f=0/16 p99rtt=4ms) custom(q=0 f=0/1 p99rtt=7ms) slots=25/25 jobs/s=606 drains=77401 evl=0ms
[2026-06-04 10:11:08.456] [info] [Worker 8] [libqueen] push(q=5 f=0/24 p99rtt=33ms) pop(q=0 f=0/16 p99rtt=3ms) custom(q=0 f=0/1 p99rtt=7ms) slots=25/25 jobs/s=618 drains=77896 evl=0ms
[2026-06-04 10:11:09.376] [info] [Worker 7] [libqueen] push(q=5 f=0/24 p99rtt=30ms) pop(q=0 f=0/16 p99rtt=4ms) custom(q=0 f=0/1 p99rtt=8ms) slots=25/25 jobs/s=600 drains=78691 evl=0ms
[2026-06-04 10:11:09.391] [info] [Worker 5] [libqueen] push(q=5 f=0/24 p99rtt=33ms) pop(q=0 f=0/16 p99rtt=5ms) custom(q=0 f=0/1 p99rtt=7ms) slots=25/25 jobs/s=588 drains=77820 evl=0ms
[2026-06-04 10:11:09.407] [info] [Worker 0] [libqueen] push(q=5 f=0/24 p99rtt=31ms) pop(q=0 f=0/16 p99rtt=3ms) custom(q=0 f=0/1 p99rtt=6ms) slots=25/25 jobs/s=606 drains=78234 evl=0ms
[2026-06-04 10:11:09.413] [info] [Worker 6] [libqueen] push(q=5 f=0/24 p99rtt=31ms) pop(q=0 f=0/16 p99rtt=5ms) custom(q=0 f=0/1 p99rtt=7ms) slots=25/25 jobs/s=606 drains=78405 evl=0ms
[2026-06-04 10:11:09.416] [info] [Worker 2] [libqueen] push(q=0 f=1/24 p99rtt=28ms) pop(q=0 f=0/16 p99rtt=2ms) custom(q=0 f=0/1 p99rtt=8ms) slots=24/25 jobs/s=588 drains=77710 evl=0ms
[2026-06-04 10:11:09.417] [info] [Worker 9] [libqueen] push(q=0 f=1/24 p99rtt=31ms) pop(q=0 f=0/16 p99rtt=5ms) custom(q=0 f=0/1 p99rtt=7ms) slots=24/25 jobs/s=606 drains=78040 evl=0ms
[2026-06-04 10:11:09.417] [info] [Worker 1] [libqueen] push(q=5 f=0/24 p99rtt=28ms) pop(q=0 f=0/16 p99rtt=4ms) custom(q=0 f=0/1 p99rtt=8ms) slots=25/25 jobs/s=612 drains=78908 evl=0ms
[2026-06-04 10:11:09.437] [info] [Worker 4] [libqueen] push(q=5 f=0/24 p99rtt=32ms) pop(q=0 f=0/16 p99rtt=4ms) custom(q=0 f=0/1 p99rtt=7ms) slots=25/25 jobs/s=612 drains=77889 evl=0ms
[2026-06-04 10:11:09.449] [info] [Worker 3] [libqueen] push(q=0 f=1/24 p99rtt=32ms) pop(q=0 f=0/16 p99rtt=4ms) custom(q=0 f=0/1 p99rtt=7ms) slots=24/25 jobs/s=606 drains=78258 evl=0ms
[2026-06-04 10:11:09.455] [info] [Worker 8] [libqueen] push(q=5 f=0/24 p99rtt=32ms) pop(q=0 f=0/16 p99rtt=3ms) custom(q=0 f=0/1 p99rtt=7ms) slots=25/25 jobs/s=612 drains=78740 evl=0ms
[2026-06-04 10:11:10.376] [info] [Worker 7] [libqueen] push(q=5 f=0/24 p99rtt=30ms) pop(q=0 f=0/16 p99rtt=4ms) custom(q=0 f=0/1 p99rtt=7ms) slots=25/25 jobs/s=588 drains=79510 evl=0ms
[2026-06-04 10:11:10.391] [info] [Worker 5] [libqueen] push(q=0 f=1/24 p99rtt=31ms) pop(q=0 f=0/16 p99rtt=5ms) custom(q=0 f=0/1 p99rtt=5ms) slots=24/25 jobs/s=591 drains=78648 evl=0ms
[2026-06-04 10:11:10.407] [info] [Worker 0] [libqueen] push(q=5 f=0/24 p99rtt=31ms) pop(q=0 f=0/16 p99rtt=3ms) custom(q=0 f=0/1 p99rtt=5ms) slots=25/25 jobs/s=597 drains=79053 evl=0ms
[2026-06-04 10:11:10.413] [info] [Worker 6] [libqueen] push(q=0 f=0/24 p99rtt=31ms) pop(q=0 f=0/16 p99rtt=5ms) custom(q=0 f=0/1 p99rtt=6ms) slots=25/25 jobs/s=600 drains=79240 evl=0ms
[2026-06-04 10:11:10.417] [info] [Worker 2] [libqueen] push(q=5 f=0/24 p99rtt=27ms) pop(q=0 f=0/16 p99rtt=2ms) custom(q=0 f=0/1 p99rtt=8ms) slots=25/25 jobs/s=582 drains=78521 evl=0ms
[2026-06-04 10:11:10.417] [info] [Worker 1] [libqueen] push(q=5 f=0/24 p99rtt=32ms) pop(q=0 f=0/16 p99rtt=4ms) custom(q=0 f=0/1 p99rtt=7ms) slots=25/25 jobs/s=603 drains=79772 evl=0ms
[2026-06-04 10:11:10.417] [info] [Worker 9] [libqueen] push(q=5 f=0/24 p99rtt=31ms) pop(q=0 f=0/16 p99rtt=5ms) custom(q=0 f=0/1 p99rtt=7ms) slots=25/25 jobs/s=597 drains=78861 evl=0ms
[2026-06-04 10:11:10.438] [info] [Worker 4] [libqueen] push(q=5 f=0/24 p99rtt=31ms) pop(q=0 f=0/16 p99rtt=4ms) custom(q=0 f=0/1 p99rtt=6ms) slots=25/25 jobs/s=588 drains=78709 evl=0ms
[2026-06-04 10:11:10.450] [info] [Worker 3] [libqueen] push(q=5 f=0/24 p99rtt=31ms) pop(q=0 f=0/16 p99rtt=4ms) custom(q=0 f=0/1 p99rtt=7ms) slots=25/25 jobs/s=588 drains=79076 evl=0ms
[2026-06-04 10:11:10.455] [info] [Worker 8] [libqueen] push(q=4 f=0/24 p99rtt=31ms) pop(q=0 f=0/16 p99rtt=3ms) custom(q=0 f=0/1 p99rtt=7ms) slots=25/25 jobs/s=594 drains=79547 evl=0ms
[2026-06-04 10:11:11.376] [info] [Worker 7] [libqueen] push(q=0 f=1/24 p99rtt=28ms) pop(q=0 f=0/16 p99rtt=4ms) custom(q=0 f=0/1 p99rtt=7ms) slots=24/25 jobs/s=600 drains=80339 evl=0ms
[2026-06-04 10:11:11.391] [info] [Worker 5] [libqueen] push(q=5 f=0/24 p99rtt=31ms) pop(q=0 f=0/16 p99rtt=5ms) custom(q=0 f=0/1 p99rtt=3ms) slots=25/25 jobs/s=594 drains=79456 evl=0ms
[2026-06-04 10:11:11.407] [info] [Worker 0] [libqueen] push(q=0 f=1/24 p99rtt=31ms) pop(q=0 f=0/16 p99rtt=3ms) custom(q=0 f=0/1 p99rtt=4ms) slots=24/25 jobs/s=594 drains=79870 evl=0ms
[2026-06-04 10:11:11.413] [info] [Worker 6] [libqueen] push(q=5 f=0/24 p99rtt=28ms) pop(q=0 f=0/16 p99rtt=5ms) custom(q=0 f=0/1 p99rtt=6ms) slots=25/25 jobs/s=612 drains=80054 evl=0ms
[2026-06-04 10:11:11.416] [info] [Worker 1] [libqueen] push(q=0 f=1/24 p99rtt=28ms) pop(q=0 f=0/16 p99rtt=4ms) custom(q=0 f=0/1 p99rtt=7ms) slots=24/25 jobs/s=606 drains=80615 evl=0ms
[2026-06-04 10:11:11.416] [info] [Worker 9] [libqueen] push(q=0 f=1/24 p99rtt=30ms) pop(q=0 f=0/16 p99rtt=5ms) custom(q=0 f=0/1 p99rtt=7ms) slots=24/25 jobs/s=600 drains=79695 evl=0ms
[2026-06-04 10:11:11.417] [info] [Worker 2] [libqueen] push(q=0 f=1/24 p99rtt=26ms) pop(q=0 f=0/16 p99rtt=2ms) custom(q=0 f=0/1 p99rtt=8ms) slots=24/25 jobs/s=600 drains=79354 evl=0ms
[2026-06-04 10:11:11.438] [info] [Worker 4] [libqueen] push(q=5 f=0/24 p99rtt=30ms) pop(q=0 f=0/16 p99rtt=4ms) custom(q=0 f=0/1 p99rtt=6ms) slots=25/25 jobs/s=618 drains=79554 evl=0ms
[2026-06-04 10:11:11.450] [info] [Worker 3] [libqueen] push(q=5 f=0/24 p99rtt=28ms) pop(q=0 f=0/16 p99rtt=4ms) custom(q=0 f=0/1 p99rtt=6ms) slots=25/25 jobs/s=606 drains=79929 evl=0ms
[2026-06-04 10:11:11.456] [info] [Worker 8] [libqueen] push(q=5 f=0/24 p99rtt=27ms) pop(q=0 f=0/16 p99rtt=3ms) custom(q=0 f=0/1 p99rtt=7ms) slots=25/25 jobs/s=612 drains=80393 evl=0ms
[2026-06-04 10:11:12.375] [info] [Worker 7] [libqueen] push(q=0 f=1/24 p99rtt=27ms) pop(q=0 f=0/16 p99rtt=4ms) custom(q=0 f=0/1 p99rtt=6ms) slots=24/25 jobs/s=605 drains=81186 evl=0ms
[2026-06-04 10:11:12.391] [info] [Worker 5] [libqueen] push(q=0 f=1/24 p99rtt=28ms) pop(q=0 f=0/16 p99rtt=5ms) custom(q=0 f=0/1 p99rtt=3ms) slots=24/25 jobs/s=605 drains=80295 evl=0ms
[2026-06-04 10:11:12.406] [info] [Worker 0] [libqueen] push(q=5 f=0/24 p99rtt=29ms) pop(q=0 f=0/16 p99rtt=3ms) custom(q=0 f=0/1 p99rtt=4ms) slots=25/25 jobs/s=611 drains=80720 evl=0ms
[2026-06-04 10:11:12.413] [info] [Worker 6] [libqueen] push(q=5 f=0/24 p99rtt=26ms) pop(q=0 f=0/16 p99rtt=5ms) custom(q=0 f=0/1 p99rtt=6ms) slots=25/25 jobs/s=618 drains=80887 evl=0ms
[2026-06-04 10:11:12.416] [info] [Worker 9] [libqueen] push(q=0 f=1/24 p99rtt=29ms) pop(q=0 f=0/16 p99rtt=5ms) custom(q=0 f=0/1 p99rtt=6ms) slots=24/25 jobs/s=617 drains=80539 evl=0ms
[2026-06-04 10:11:12.416] [info] [Worker 2] [libqueen] push(q=0 f=0/24 p99rtt=26ms) pop(q=0 f=0/16 p99rtt=2ms) custom(q=0 f=0/1 p99rtt=6ms) slots=25/25 jobs/s=612 drains=80185 evl=0ms
[2026-06-04 10:11:12.417] [info] [Worker 1] [libqueen] push(q=5 f=0/24 p99rtt=26ms) pop(q=0 f=0/16 p99rtt=4ms) custom(q=0 f=0/1 p99rtt=5ms) slots=25/25 jobs/s=618 drains=81476 evl=0ms
[2026-06-04 10:11:12.439] [info] [Worker 4] [libqueen] push(q=5 f=0/24 p99rtt=29ms) pop(q=0 f=0/16 p99rtt=4ms) custom(q=0 f=0/1 p99rtt=4ms) slots=25/25 jobs/s=600 drains=80382 evl=0ms
[2026-06-04 10:11:12.450] [info] [Worker 3] [libqueen] push(q=0 f=1/24 p99rtt=27ms) pop(q=0 f=0/16 p99rtt=4ms) custom(q=0 f=0/1 p99rtt=6ms) slots=24/25 jobs/s=606 drains=80774 evl=0ms
[2026-06-04 10:11:12.456] [info] [Worker 8] [libqueen] push(q=5 f=0/24 p99rtt=27ms) pop(q=0 f=0/16 p99rtt=3ms) custom(q=0 f=0/1 p99rtt=7ms) slots=25/25 jobs/s=612 drains=81232 evl=0ms
[2026-06-04 10:11:13.375] [info] [Worker 7] [libqueen] push(q=0 f=1/24 p99rtt=26ms) pop(q=0 f=0/16 p99rtt=4ms) custom(q=0 f=0/1 p99rtt=4ms) slots=24/25 jobs/s=594 drains=82031 evl=0ms
[2026-06-04 10:11:13.391] [info] [Worker 5] [libqueen] push(q=5 f=0/24 p99rtt=27ms) pop(q=0 f=0/16 p99rtt=5ms) custom(q=0 f=0/1 p99rtt=2ms) slots=25/25 jobs/s=606 drains=81123 evl=0ms
[2026-06-04 10:11:13.407] [info] [Worker 0] [libqueen] push(q=5 f=0/24 p99rtt=27ms) pop(q=0 f=0/16 p99rtt=3ms) custom(q=0 f=0/1 p99rtt=3ms) slots=25/25 jobs/s=606 drains=81557 evl=0ms
[2026-06-04 10:11:13.413] [info] [Worker 6] [libqueen] push(q=0 f=1/24 p99rtt=26ms) pop(q=0 f=0/16 p99rtt=5ms) custom(q=0 f=0/1 p99rtt=2ms) slots=24/25 jobs/s=600 drains=81694 evl=0ms
[2026-06-04 10:11:13.416] [info] [Worker 2] [libqueen] push(q=0 f=0/24 p99rtt=26ms) pop(q=0 f=0/16 p99rtt=2ms) custom(q=0 f=1/1 p99rtt=3ms) slots=24/25 jobs/s=593 drains=80986 evl=0ms
[2026-06-04 10:11:13.416] [info] [Worker 9] [libqueen] push(q=0 f=1/24 p99rtt=27ms) pop(q=0 f=0/16 p99rtt=5ms) custom(q=0 f=0/1 p99rtt=4ms) slots=24/25 jobs/s=594 drains=81349 evl=0ms
[2026-06-04 10:11:13.417] [info] [Worker 1] [libqueen] push(q=4 f=0/24 p99rtt=25ms) pop(q=0 f=0/16 p99rtt=4ms) custom(q=0 f=0/1 p99rtt=3ms) slots=25/25 jobs/s=606 drains=82320 evl=0ms
[2026-06-04 10:11:13.439] [info] [Worker 4] [libqueen] push(q=5 f=0/24 p99rtt=26ms) pop(q=0 f=0/16 p99rtt=4ms) custom(q=0 f=0/1 p99rtt=3ms) slots=25/25 jobs/s=606 drains=81218 evl=0ms
[2026-06-04 10:11:13.451] [info] [Worker 3] [libqueen] push(q=5 f=0/24 p99rtt=26ms) pop(q=0 f=0/16 p99rtt=4ms) custom(q=0 f=0/1 p99rtt=4ms) slots=25/25 jobs/s=594 drains=81586 evl=0ms
[2026-06-04 10:11:13.457] [info] [Worker 8] [libqueen] push(q=5 f=0/24 p99rtt=26ms) pop(q=0 f=0/16 p99rtt=3ms) custom(q=0 f=0/1 p99rtt=4ms) slots=25/25 jobs/s=606 drains=82074 evl=0ms
[2026-06-04 10:11:14.376] [info] [Worker 7] [libqueen] push(q=0 f=1/24 p99rtt=26ms) pop(q=0 f=0/16 p99rtt=4ms) custom(q=0 f=0/1 p99rtt=2ms) slots=24/25 jobs/s=576 drains=82834 evl=0ms
[2026-06-04 10:11:14.392] [info] [Worker 5] [libqueen] push(q=0 f=0/24 p99rtt=27ms) pop(q=0 f=0/16 p99rtt=5ms) custom(q=0 f=1/1 p99rtt=2ms) slots=24/25 jobs/s=563 drains=81905 evl=0ms
[2026-06-04 10:11:14.407] [info] [Worker 0] [libqueen] push(q=5 f=0/24 p99rtt=27ms) pop(q=0 f=0/16 p99rtt=3ms) custom(q=0 f=0/1 p99rtt=2ms) slots=25/25 jobs/s=570 drains=82345 evl=0ms
[2026-06-04 10:11:14.413] [info] [Worker 6] [libqueen] push(q=0 f=1/24 p99rtt=25ms) pop(q=0 f=0/16 p99rtt=5ms) custom(q=0 f=0/1 p99rtt=1ms) slots=24/25 jobs/s=576 drains=82504 evl=0ms
[2026-06-04 10:11:14.416] [info] [Worker 1] [libqueen] push(q=5 f=0/24 p99rtt=26ms) pop(q=0 f=0/16 p99rtt=4ms) custom(q=0 f=0/1 p99rtt=2ms) slots=25/25 jobs/s=570 drains=83096 evl=0ms
[2026-06-04 10:11:14.417] [info] [Worker 9] [libqueen] push(q=5 f=0/24 p99rtt=25ms) pop(q=0 f=0/16 p99rtt=5ms) custom(q=0 f=0/1 p99rtt=2ms) slots=25/25 jobs/s=564 drains=82151 evl=0ms
[2026-06-04 10:11:14.417] [info] [Worker 2] [libqueen] push(q=5 f=0/24 p99rtt=26ms) pop(q=0 f=0/16 p99rtt=2ms) custom(q=0 f=0/1 p99rtt=3ms) slots=25/25 jobs/s=565 drains=81772 evl=0ms
[2026-06-04 10:11:14.439] [info] [Worker 4] [libqueen] push(q=5 f=0/24 p99rtt=25ms) pop(q=0 f=0/16 p99rtt=4ms) custom(q=0 f=0/1 p99rtt=1ms) slots=25/25 jobs/s=558 drains=81944 evl=0ms
[2026-06-04 10:11:14.451] [info] [Worker 3] [libqueen] push(q=5 f=0/24 p99rtt=26ms) pop(q=0 f=0/16 p99rtt=4ms) custom(q=0 f=0/1 p99rtt=2ms) slots=25/25 jobs/s=564 drains=82366 evl=0ms
[2026-06-04 10:11:14.457] [info] [Worker 8] [libqueen] push(q=5 f=0/24 p99rtt=25ms) pop(q=0 f=0/16 p99rtt=3ms) custom(q=0 f=0/1 p99rtt=1ms) slots=25/25 jobs/s=558 drains=82855 evl=0ms
[2026-06-04 10:11:15.375] [info] [Worker 7] [libqueen] push(q=0 f=0/24 p99rtt=26ms) pop(q=0 f=0/16 p99rtt=4ms) custom(q=0 f=0/1 p99rtt=1ms) slots=25/25 jobs/s=611 drains=83677 evl=0ms
[2026-06-04 10:11:15.392] [info] [Worker 5] [libqueen] push(q=0 f=1/24 p99rtt=26ms) pop(q=0 f=0/16 p99rtt=5ms) custom(q=0 f=0/1 p99rtt=1ms) slots=24/25 jobs/s=605 drains=82751 evl=0ms
[2026-06-04 10:11:15.408] [info] [Worker 0] [libqueen] push(q=0 f=1/24 p99rtt=26ms) pop(q=0 f=0/16 p99rtt=3ms) custom(q=0 f=0/1 p99rtt=1ms) slots=24/25 jobs/s=604 drains=83160 evl=0ms
[2026-06-04 10:11:15.413] [info] [Worker 6] [libqueen] push(q=5 f=0/24 p99rtt=25ms) pop(q=0 f=0/16 p99rtt=5ms) custom(q=0 f=0/1 p99rtt=1ms) slots=25/25 jobs/s=604 drains=83338 evl=0ms
[2026-06-04 10:11:15.417] [info] [Worker 9] [libqueen] push(q=5 f=0/24 p99rtt=27ms) pop(q=0 f=0/16 p99rtt=4ms) custom(q=0 f=0/1 p99rtt=1ms) slots=25/25 jobs/s=600 drains=82986 evl=0ms
[2026-06-04 10:11:15.417] [info] [Worker 1] [libqueen] push(q=5 f=0/24 p99rtt=26ms) pop(q=0 f=0/16 p99rtt=4ms) custom(q=0 f=0/1 p99rtt=1ms) slots=25/25 jobs/s=612 drains=83946 evl=0ms
[2026-06-04 10:11:15.418] [info] [Worker 2] [libqueen] push(q=0 f=1/24 p99rtt=26ms) pop(q=0 f=0/16 p99rtt=2ms) custom(q=0 f=0/1 p99rtt=1ms) slots=24/25 jobs/s=588 drains=82572 evl=0ms
[2026-06-04 10:11:15.439] [info] [Worker 4] [libqueen] push(q=0 f=1/24 p99rtt=26ms) pop(q=0 f=0/16 p99rtt=4ms) custom(q=0 f=0/1 p99rtt=1ms) slots=24/25 jobs/s=606 drains=82778 evl=0ms
[2026-06-04 10:11:15.451] [info] [Worker 3] [libqueen] push(q=5 f=0/24 p99rtt=24ms) pop(q=0 f=0/16 p99rtt=4ms) custom(q=0 f=0/1 p99rtt=1ms) slots=25/25 jobs/s=600 drains=83197 evl=0ms
[2026-06-04 10:11:15.457] [info] [Worker 8] [libqueen] push(q=0 f=0/24 p99rtt=26ms) pop(q=0 f=0/16 p99rtt=3ms) custom(q=0 f=0/1 p99rtt=1ms) slots=25/25 jobs/s=600 drains=83685 evl=0ms
[2026-06-04 10:11:16.376] [info] [Worker 7] [libqueen] push(q=0 f=1/24 p99rtt=27ms) pop(q=0 f=0/16 p99rtt=4ms) custom(q=0 f=0/1 p99rtt=1ms) slots=24/25 jobs/s=588 drains=84490 evl=0ms
[2026-06-04 10:11:16.393] [info] [Worker 5] [libqueen] push(q=2 f=0/24 p99rtt=27ms) pop(q=0 f=0/16 p99rtt=5ms) custom(q=0 f=0/1 p99rtt=1ms) slots=25/25 jobs/s=600 drains=83585 evl=0ms
[2026-06-04 10:11:16.408] [info] [Worker 0] [libqueen] push(q=0 f=1/24 p99rtt=27ms) pop(q=0 f=0/16 p99rtt=3ms) custom(q=0 f=0/1 p99rtt=1ms) slots=24/25 jobs/s=598 drains=83984 evl=0ms
[2026-06-04 10:11:16.413] [info] [Worker 6] [libqueen] push(q=5 f=0/24 p99rtt=27ms) pop(q=0 f=0/16 p99rtt=5ms) custom(q=0 f=0/1 p99rtt=1ms) slots=25/25 jobs/s=610 drains=84180 evl=0ms
[2026-06-04 10:11:16.417] [info] [Worker 1] [libqueen] push(q=5 f=0/24 p99rtt=26ms) pop(q=0 f=0/16 p99rtt=4ms) custom(q=0 f=0/1 p99rtt=1ms) slots=25/25 jobs/s=618 drains=84791 evl=0ms
[2026-06-04 10:11:16.417] [info] [Worker 9] [libqueen] push(q=5 f=0/24 p99rtt=27ms) pop(q=0 f=0/16 p99rtt=4ms) custom(q=0 f=0/1 p99rtt=1ms) slots=25/25 jobs/s=616 drains=83847 evl=0ms
[2026-06-04 10:11:16.419] [info] [Worker 2] [libqueen] push(q=0 f=1/24 p99rtt=27ms) pop(q=0 f=0/16 p99rtt=2ms) custom(q=0 f=0/1 p99rtt=1ms) slots=24/25 jobs/s=606 drains=83400 evl=0ms
[2026-06-04 10:11:16.439] [info] [Worker 4] [libqueen] push(q=0 f=1/24 p99rtt=27ms) pop(q=0 f=0/16 p99rtt=4ms) custom(q=0 f=0/1 p99rtt=1ms) slots=24/25 jobs/s=593 drains=83596 evl=0ms
[2026-06-04 10:11:16.451] [info] [Worker 3] [libqueen] push(q=5 f=0/24 p99rtt=26ms) pop(q=0 f=0/16 p99rtt=4ms) custom(q=0 f=0/1 p99rtt=1ms) slots=25/25 jobs/s=588 drains=84023 evl=0ms
[2026-06-04 10:11:16.456] [info] [Worker 8] [libqueen] push(q=0 f=1/24 p99rtt=27ms) pop(q=0 f=0/16 p99rtt=3ms) custom(q=0 f=0/1 p99rtt=1ms) slots=24/25 jobs/s=588 drains=84499 evl=0ms
[2026-06-04 10:11:16.508] [info] QPOP: Connection aborted for a3ed905d-12bf-463c-9417-206ea6354d98
[2026-06-04 10:11:16.508] [info] QPOP: Connection aborted for 704b064d-5fbe-44c5-9d80-a0392a024ac3
[2026-06-04 10:11:16.508] [info] QPOP: Connection aborted for a5c44f1b-ac30-4542-aefc-4ef72a839e66
[2026-06-04 10:11:16.508] [info] QPOP: Connection aborted for 04b9cb33-604b-4fb0-8b18-3107ce053447
[2026-06-04 10:11:16.508] [info] QPOP: Connection aborted for fb7a5c62-35aa-4a51-a9de-b93ce1f41f71
[2026-06-04 10:11:16.508] [info] QPOP: Connection aborted for 3937f661-3799-4301-a882-013e1abbfefd
[2026-06-04 10:11:16.508] [info] QPOP: Connection aborted for da39929a-c150-4e07-9f9d-1b0a8fc0feec
[2026-06-04 10:11:16.508] [info] QPOP: Connection aborted for f035843b-c409-4dfd-a0e0-56cd559d511c
[2026-06-04 10:11:16.508] [info] QPOP: Connection aborted for a26238a4-67cb-4b08-8da7-a5256e1673c2
[2026-06-04 10:11:16.508] [info] QPOP: Connection aborted for e4cf52df-6887-48ae-b342-f455e188c20c
[2026-06-04 10:11:16.508] [info] QPOP: Connection aborted for f64747b1-95a9-417a-bfbf-fde2754005c7
[2026-06-04 10:11:16.511] [info] QPOP: Connection aborted for 7e70a916-8630-463c-9c66-962e533d4c7e
[2026-06-04 10:11:16.512] [info] QPOP: Connection aborted for 589c4a08-5394-4467-81de-fc9b7b6d5fdf
[2026-06-04 10:11:16.513] [info] QPOP: Connection aborted for 0316e37c-cd45-4f67-b6ca-8de5ad856c3e
[2026-06-04 10:11:16.515] [info] QPOP: Connection aborted for a8d86ea0-d742-46fd-ab23-c3b8d175ea19
[2026-06-04 10:11:16.517] [info] QPOP: Connection aborted for 044e0ec8-fd96-41ac-b786-3d790ce92a3a
[2026-06-04 10:11:16.517] [info] QPOP: Connection aborted for fc34c76f-903a-42a9-946d-faa2e82f011c
[2026-06-04 10:11:16.519] [info] QPOP: Connection aborted for a1664cc1-c737-46df-8f3e-4d9fac2c3e7d
[2026-06-04 10:11:16.522] [info] QPOP: Connection aborted for 7f3bcb28-75b2-4350-bd73-9cf5344ba09a
[2026-06-04 10:11:16.524] [info] QPOP: Connection aborted for 4a4c895e-384b-4f55-9991-765ace11fddc
[2026-06-04 10:11:16.524] [info] QPOP: Connection aborted for 06e00902-3b8b-4bc0-ba8a-6e1ef7d99031
[2026-06-04 10:11:16.525] [info] QPOP: Connection aborted for 43b89cb7-1e99-4129-9402-c4586a1fcfa6
[2026-06-04 10:11:16.525] [info] QPOP: Connection aborted for b64d7cb2-3285-4b3d-92ec-36f99b389cbf
[2026-06-04 10:11:16.527] [info] QPOP: Connection aborted for 9a877ec2-d27e-48a2-9eff-ee42c640b836
[2026-06-04 10:11:16.529] [info] QPOP: Connection aborted for 7feb26f4-0ead-4e92-8793-d39e57ea925d
[2026-06-04 10:11:16.529] [info] QPOP: Connection aborted for 18486e9a-e474-43ef-9ede-3839d45a0d2e
[2026-06-04 10:11:16.529] [info] QPOP: Connection aborted for 49e8baf7-71cb-4554-9968-4a3eeb9e9386
[2026-06-04 10:11:16.532] [info] QPOP: Connection aborted for 44e5fb03-885e-4af6-a68d-84cb1b83adf0
[2026-06-04 10:11:16.532] [info] QPOP: Connection aborted for 41e4acac-94ce-4a3a-bb72-12619137df7d
[2026-06-04 10:11:16.536] [info] QPOP: Connection aborted for f3cf26b5-3592-4a43-9cdd-f175cc63b094
[2026-06-04 10:11:16.537] [info] QPOP: Connection aborted for 138f556b-a2b8-4471-9547-5bb00dd8c5b8
[2026-06-04 10:11:16.538] [info] QPOP: Connection aborted for d8b4596f-db25-4270-9851-c2786bf52b29
[2026-06-04 10:11:16.538] [info] QPOP: Connection aborted for a012801f-1451-4180-ac1d-03b5ef36d7d8
[2026-06-04 10:11:16.538] [info] QPOP: Connection aborted for 988d1c3d-630c-4629-8230-c838b48917ad
[2026-06-04 10:11:16.540] [info] QPOP: Connection aborted for d1569d3a-94df-499d-89e8-2ade758b6a4d
[2026-06-04 10:11:16.540] [info] QPOP: Connection aborted for bed864d5-3ba8-41a9-a379-fd89efeea426
[2026-06-04 10:11:16.543] [info] QPOP: Connection aborted for c055f1ab-98b2-4b4f-b5bc-13b343139435
[2026-06-04 10:11:16.545] [info] QPOP: Connection aborted for 2425b48f-bc82-41fd-9f07-7984ea19295d
[2026-06-04 10:11:16.545] [info] QPOP: Connection aborted for 06e3c012-6b12-4611-8808-a8cc671a52db
[2026-06-04 10:11:16.545] [info] QPOP: Connection aborted for ad7527b4-d196-4aed-8c6f-c231f57d3e1c
[2026-06-04 10:11:16.547] [info] QPOP: Connection aborted for 0b4eb1ba-776f-43d4-a85f-288fa50b05e2
[2026-06-04 10:11:16.547] [info] QPOP: Connection aborted for af8d84ec-9915-4baf-9713-c93cacb7ca0c
[2026-06-04 10:11:16.547] [info] QPOP: Connection aborted for 341dd639-f7a8-4d00-a930-4c2eed0887f1
[2026-06-04 10:11:16.548] [info] QPOP: Connection aborted for feb82725-f919-4d37-875d-c63d63654ef2
[2026-06-04 10:11:16.548] [info] QPOP: Connection aborted for ca83a4c3-9708-4747-99db-33d12f97de9e
[2026-06-04 10:11:16.548] [info] QPOP: Connection aborted for 860f4365-031a-49e9-8bd2-9451bdbdbadd
[2026-06-04 10:11:16.550] [info] QPOP: Connection aborted for d76c7b92-f59d-4afb-969d-30fced5161ff
[2026-06-04 10:11:16.550] [info] QPOP: Connection aborted for 7d666c33-a0db-4b2f-93d5-12c4084e1739
[2026-06-04 10:11:16.551] [info] QPOP: Connection aborted for 1e8815dd-c4ff-49e3-b171-0a11f2c8a72b
[2026-06-04 10:11:16.554] [info] QPOP: Connection aborted for 4991fa5c-9d19-4cf3-b9b2-a5d360c35985
[2026-06-04 10:11:16.713] [info] StatsService: cycle completed in 22ms
[2026-06-04 10:11:17.376] [info] [Worker 7] [libqueen] push(q=0 f=1/24 p99rtt=28ms) pop(q=0 f=0/16 p99rtt=4ms) custom(q=0 f=0/1 p99rtt=1ms) slots=24/25 jobs/s=576 drains=85297 evl=0ms
[2026-06-04 10:11:17.392] [info] [Worker 5] [libqueen] push(q=5 f=0/24 p99rtt=27ms) pop(q=0 f=0/16 p99rtt=5ms) custom(q=0 f=0/1 p99rtt=1ms) slots=25/25 jobs/s=564 drains=84391 evl=0ms
[2026-06-04 10:11:17.408] [info] [Worker 0] [libqueen] push(q=0 f=0/24 p99rtt=27ms) pop(q=0 f=0/16 p99rtt=3ms) custom(q=0 f=1/1 p99rtt=2ms) slots=24/25 jobs/s=581 drains=84773 evl=0ms
[2026-06-04 10:11:17.412] [info] [Worker 6] [libqueen] push(q=5 f=0/24 p99rtt=27ms) pop(q=0 f=0/16 p99rtt=5ms) custom(q=0 f=0/1 p99rtt=1ms) slots=25/25 jobs/s=576 drains=84978 evl=0ms
[2026-06-04 10:11:17.416] [info] [Worker 9] [libqueen] push(q=2 f=0/24 p99rtt=27ms) pop(q=0 f=0/16 p99rtt=4ms) custom(q=0 f=0/1 p99rtt=1ms) slots=25/25 jobs/s=570 drains=84638 evl=0ms
[2026-06-04 10:11:17.417] [info] [Worker 1] [libqueen] push(q=5 f=0/24 p99rtt=26ms) pop(q=0 f=0/16 p99rtt=4ms) custom(q=0 f=0/1 p99rtt=1ms) slots=25/25 jobs/s=570 drains=85599 evl=0ms
[2026-06-04 10:11:17.419] [info] [Worker 2] [libqueen] push(q=5 f=0/24 p99rtt=27ms) pop(q=0 f=0/16 p99rtt=2ms) custom(q=0 f=0/1 p99rtt=1ms) slots=25/25 jobs/s=558 drains=84184 evl=0ms
[2026-06-04 10:11:17.440] [info] [Worker 4] [libqueen] push(q=5 f=0/24 p99rtt=27ms) pop(q=0 f=0/16 p99rtt=4ms) custom(q=0 f=0/1 p99rtt=1ms) slots=25/25 jobs/s=588 drains=84416 evl=0ms
[2026-06-04 10:11:17.452] [info] [Worker 3] [libqueen] push(q=1 f=0/24 p99rtt=26ms) pop(q=0 f=0/16 p99rtt=4ms) custom(q=0 f=0/1 p99rtt=1ms) slots=25/25 jobs/s=606 drains=84834 evl=0ms
[2026-06-04 10:11:17.456] [info] [Worker 8] [libqueen] push(q=2 f=0/24 p99rtt=27ms) pop(q=0 f=0/16 p99rtt=3ms) custom(q=0 f=0/1 p99rtt=2ms) slots=25/25 jobs/s=594 drains=85311 evl=0ms
[2026-06-04 10:11:18.376] [info] [Worker 7] [libqueen] push(q=5 f=0/24 p99rtt=26ms) pop(q=0 f=0/16 p99rtt=4ms) custom(q=0 f=0/1 p99rtt=1ms) slots=25/25 jobs/s=486 drains=85974 evl=0ms
[2026-06-04 10:11:18.393] [info] [Worker 5] [libqueen] push(q=5 f=0/24 p99rtt=24ms) pop(q=0 f=0/16 p99rtt=5ms) custom(q=0 f=0/1 p99rtt=2ms) slots=25/25 jobs/s=504 drains=85064 evl=0ms
[2026-06-04 10:11:18.408] [info] [Worker 0] [libqueen] push(q=0 f=1/24 p99rtt=24ms) pop(q=0 f=0/16 p99rtt=3ms) custom(q=0 f=0/1 p99rtt=2ms) slots=24/25 jobs/s=483 drains=85461 evl=1ms
[2026-06-04 10:11:18.412] [info] [Worker 6] [libqueen] push(q=0 f=0/24 p99rtt=24ms) pop(q=0 f=0/16 p99rtt=5ms) custom(q=0 f=0/1 p99rtt=1ms) slots=25/25 jobs/s=503 drains=85658 evl=0ms
[2026-06-04 10:11:18.417] [info] [Worker 1] [libqueen] push(q=5 f=0/24 p99rtt=24ms) pop(q=0 f=0/16 p99rtt=4ms) custom(q=0 f=0/1 p99rtt=1ms) slots=25/25 jobs/s=483 drains=86271 evl=0ms
[2026-06-04 10:11:18.417] [info] [Worker 9] [libqueen] push(q=5 f=0/24 p99rtt=25ms) pop(q=0 f=0/16 p99rtt=4ms) custom(q=0 f=0/1 p99rtt=1ms) slots=25/25 jobs/s=486 drains=85314 evl=0ms
[2026-06-04 10:11:18.418] [info] [Worker 2] [libqueen] push(q=5 f=0/24 p99rtt=26ms) pop(q=0 f=0/16 p99rtt=2ms) custom(q=0 f=0/1 p99rtt=1ms) slots=25/25 jobs/s=480 drains=84861 evl=0ms
[2026-06-04 10:11:18.439] [info] [Worker 4] [libqueen] push(q=4 f=0/24 p99rtt=25ms) pop(q=0 f=0/16 p99rtt=4ms) custom(q=0 f=1/1 p99rtt=1ms) slots=24/25 jobs/s=485 drains=85100 evl=0ms
[2026-06-04 10:11:18.452] [info] [Worker 3] [libqueen] push(q=5 f=0/24 p99rtt=23ms) pop(q=0 f=0/16 p99rtt=4ms) custom(q=0 f=0/1 p99rtt=1ms) slots=25/25 jobs/s=481 drains=85533 evl=0ms
[2026-06-04 10:11:18.457] [info] [Worker 8] [libqueen] push(q=0 f=1/24 p99rtt=24ms) pop(q=0 f=0/16 p99rtt=3ms) custom(q=0 f=0/1 p99rtt=2ms) slots=24/25 jobs/s=472 drains=85975 evl=0ms
[2026-06-04 10:11:19.377] [info] [Worker 7] [libqueen] push(q=5 f=0/24 p99rtt=26ms) pop(q=0 f=0/16 p99rtt=4ms) custom(q=0 f=0/1 p99rtt=1ms) slots=25/25 jobs/s=433 drains=86583 evl=0ms
[2026-06-04 10:11:19.392] [info] [Worker 5] [libqueen] push(q=0 f=0/24 p99rtt=26ms) pop(q=0 f=0/16 p99rtt=5ms) custom(q=0 f=1/1 p99rtt=2ms) slots=24/25 jobs/s=416 drains=85664 evl=0ms
[2026-06-04 10:11:19.407] [info] [Worker 0] [libqueen] push(q=5 f=0/24 p99rtt=25ms) pop(q=0 f=0/16 p99rtt=3ms) custom(q=0 f=0/1 p99rtt=2ms) slots=25/25 jobs/s=426 drains=86059 evl=0ms
[2026-06-04 10:11:19.413] [info] [Worker 6] [libqueen] push(q=5 f=0/24 p99rtt=25ms) pop(q=0 f=0/16 p99rtt=5ms) custom(q=0 f=0/1 p99rtt=1ms) slots=25/25 jobs/s=428 drains=86260 evl=0ms
[2026-06-04 10:11:19.416] [info] [Worker 9] [libqueen] push(q=5 f=0/24 p99rtt=25ms) pop(q=0 f=0/16 p99rtt=4ms) custom(q=0 f=0/1 p99rtt=2ms) slots=25/25 jobs/s=414 drains=85887 evl=0ms
[2026-06-04 10:11:19.416] [info] [Worker 1] [libqueen] push(q=5 f=0/24 p99rtt=26ms) pop(q=0 f=0/16 p99rtt=4ms) custom(q=0 f=0/1 p99rtt=2ms) slots=25/25 jobs/s=422 drains=86860 evl=0ms
[2026-06-04 10:11:19.419] [info] [Worker 2] [libqueen] push(q=0 f=1/24 p99rtt=26ms) pop(q=0 f=0/16 p99rtt=2ms) custom(q=0 f=0/1 p99rtt=2ms) slots=24/25 jobs/s=414 drains=85452 evl=0ms
[2026-06-04 10:11:19.440] [info] [Worker 4] [libqueen] push(q=5 f=0/24 p99rtt=25ms) pop(q=0 f=0/16 p99rtt=4ms) custom(q=0 f=0/1 p99rtt=2ms) slots=25/25 jobs/s=421 drains=85675 evl=0ms
[2026-06-04 10:11:19.453] [info] [Worker 3] [libqueen] push(q=5 f=0/24 p99rtt=24ms) pop(q=0 f=0/16 p99rtt=4ms) custom(q=0 f=0/1 p99rtt=2ms) slots=25/25 jobs/s=430 drains=86138 evl=0ms
[2026-06-04 10:11:19.457] [info] [Worker 8] [libqueen] push(q=5 f=0/24 p99rtt=25ms) pop(q=0 f=0/16 p99rtt=3ms) custom(q=0 f=0/1 p99rtt=2ms) slots=25/25 jobs/s=410 drains=86552 evl=0ms
[2026-06-04 10:11:20.376] [info] [Worker 7] [libqueen] push(q=3 f=0/24 p99rtt=27ms) pop(q=0 f=0/16 p99rtt=4ms) custom(q=0 f=0/1 p99rtt=1ms) slots=25/25 jobs/s=540 drains=87341 evl=0ms
[2026-06-04 10:11:20.392] [info] [Worker 5] [libqueen] push(q=0 f=1/24 p99rtt=27ms) pop(q=0 f=0/16 p99rtt=5ms) custom(q=0 f=0/1 p99rtt=2ms) slots=24/25 jobs/s=529 drains=86398 evl=0ms
[2026-06-04 10:11:20.408] [info] [Worker 0] [libqueen] push(q=0 f=1/24 p99rtt=25ms) pop(q=0 f=0/16 p99rtt=3ms) custom(q=0 f=0/1 p99rtt=2ms) slots=24/25 jobs/s=540 drains=86799 evl=0ms
[2026-06-04 10:11:20.413] [info] [Worker 6] [libqueen] push(q=5 f=0/24 p99rtt=27ms) pop(q=0 f=0/16 p99rtt=5ms) custom(q=0 f=0/1 p99rtt=3ms) slots=25/25 jobs/s=522 drains=86988 evl=0ms
[2026-06-04 10:11:20.416] [info] [Worker 1] [libqueen] push(q=5 f=0/24 p99rtt=26ms) pop(q=0 f=0/16 p99rtt=4ms) custom(q=0 f=0/1 p99rtt=2ms) slots=25/25 jobs/s=539 drains=87601 evl=0ms
[2026-06-04 10:11:20.417] [info] [Worker 9] [libqueen] push(q=0 f=1/24 p99rtt=25ms) pop(q=0 f=0/16 p99rtt=4ms) custom(q=0 f=0/1 p99rtt=2ms) slots=24/25 jobs/s=534 drains=86632 evl=0ms
[2026-06-04 10:11:20.419] [info] [Worker 2] [libqueen] push(q=0 f=1/24 p99rtt=27ms) pop(q=0 f=0/16 p99rtt=2ms) custom(q=0 f=0/1 p99rtt=2ms) slots=24/25 jobs/s=527 drains=86192 evl=0ms
[2026-06-04 10:11:20.440] [info] [Worker 4] [libqueen] push(q=5 f=0/24 p99rtt=25ms) pop(q=0 f=0/16 p99rtt=4ms) custom(q=0 f=0/1 p99rtt=2ms) slots=25/25 jobs/s=533 drains=86410 evl=0ms
[2026-06-04 10:11:20.453] [info] [Worker 3] [libqueen] push(q=5 f=0/24 p99rtt=24ms) pop(q=0 f=0/16 p99rtt=4ms) custom(q=0 f=0/1 p99rtt=2ms) slots=25/25 jobs/s=533 drains=86893 evl=0ms
[2026-06-04 10:11:20.456] [info] [Worker 8] [libqueen] push(q=2 f=0/24 p99rtt=25ms) pop(q=0 f=0/16 p99rtt=3ms) custom(q=0 f=0/1 p99rtt=2ms) slots=25/25 jobs/s=546 drains=87312 evl=0ms
[2026-06-04 10:11:21.377] [info] [Worker 7] [libqueen] push(q=5 f=0/24 p99rtt=27ms) pop(q=0 f=0/16 p99rtt=4ms) custom(q=0 f=0/1 p99rtt=1ms) slots=25/25 jobs/s=551 drains=88120 evl=0ms
[2026-06-04 10:11:21.392] [info] [Worker 5] [libqueen] push(q=0 f=1/24 p99rtt=27ms) pop(q=0 f=0/16 p99rtt=5ms) custom(q=0 f=0/1 p99rtt=2ms) slots=24/25 jobs/s=528 drains=87135 evl=0ms
[2026-06-04 10:11:21.408] [info] [Worker 0] [libqueen] push(q=5 f=0/24 p99rtt=26ms) pop(q=0 f=0/16 p99rtt=3ms) custom(q=0 f=0/1 p99rtt=2ms) slots=25/25 jobs/s=539 drains=87564 evl=0ms
[2026-06-04 10:11:21.413] [info] [Worker 6] [libqueen] push(q=5 f=0/24 p99rtt=27ms) pop(q=0 f=0/16 p99rtt=5ms) custom(q=0 f=0/1 p99rtt=3ms) slots=25/25 jobs/s=546 drains=87740 evl=0ms
[2026-06-04 10:11:21.416] [info] [Worker 1] [libqueen] push(q=0 f=1/24 p99rtt=26ms) pop(q=0 f=0/16 p99rtt=4ms) custom(q=0 f=0/1 p99rtt=2ms) slots=24/25 jobs/s=534 drains=88350 evl=0ms
[2026-06-04 10:11:21.417] [info] [Worker 9] [libqueen] push(q=0 f=0/24 p99rtt=27ms) pop(q=0 f=0/16 p99rtt=4ms) custom(q=0 f=1/1 p99rtt=2ms) slots=24/25 jobs/s=557 drains=87425 evl=0ms
[2026-06-04 10:11:21.419] [info] [Worker 2] [libqueen] push(q=4 f=0/24 p99rtt=28ms) pop(q=0 f=0/16 p99rtt=2ms) custom(q=0 f=0/1 p99rtt=2ms) slots=25/25 jobs/s=534 drains=86932 evl=0ms
[2026-06-04 10:11:21.441] [info] [Worker 4] [libqueen] push(q=0 f=1/24 p99rtt=25ms) pop(q=0 f=0/16 p99rtt=4ms) custom(q=0 f=0/1 p99rtt=2ms) slots=24/25 jobs/s=528 drains=87139 evl=0ms
[2026-06-04 10:11:21.452] [info] [Worker 3] [libqueen] push(q=0 f=0/24 p99rtt=24ms) pop(q=0 f=0/16 p99rtt=4ms) custom(q=0 f=1/1 p99rtt=2ms) slots=24/25 jobs/s=548 drains=87659 evl=0ms
[2026-06-04 10:11:21.457] [info] [Worker 8] [libqueen] push(q=0 f=0/24 p99rtt=26ms) pop(q=0 f=0/16 p99rtt=3ms) custom(q=0 f=0/1 p99rtt=2ms) slots=25/25 jobs/s=540 drains=88052 evl=0ms
[2026-06-04 10:11:22.377] [info] [Worker 7] [libqueen] push(q=5 f=0/24 p99rtt=28ms) pop(q=0 f=0/16 p99rtt=4ms) custom(q=0 f=0/1 p99rtt=2ms) slots=25/25 jobs/s=516 drains=88851 evl=0ms
[2026-06-04 10:11:22.392] [info] [Worker 5] [libqueen] push(q=5 f=0/24 p99rtt=28ms) pop(q=0 f=0/16 p99rtt=5ms) custom(q=0 f=0/1 p99rtt=3ms) slots=25/25 jobs/s=528 drains=87865 evl=0ms
[2026-06-04 10:11:22.408] [info] [Worker 0] [libqueen] push(q=0 f=1/24 p99rtt=27ms) pop(q=0 f=0/16 p99rtt=3ms) custom(q=0 f=0/1 p99rtt=3ms) slots=24/25 jobs/s=504 drains=88266 evl=0ms
[2026-06-04 10:11:22.413] [info] [Worker 6] [libqueen] push(q=0 f=1/24 p99rtt=27ms) pop(q=0 f=0/16 p99rtt=5ms) custom(q=0 f=0/1 p99rtt=3ms) slots=24/25 jobs/s=504 drains=88431 evl=0ms
[2026-06-04 10:11:22.417] [info] [Worker 1] [libqueen] push(q=0 f=1/24 p99rtt=27ms) pop(q=0 f=0/16 p99rtt=4ms) custom(q=0 f=0/1 p99rtt=2ms) slots=24/25 jobs/s=516 drains=89071 evl=0ms
[2026-06-04 10:11:22.417] [info] [Worker 9] [libqueen] push(q=0 f=1/24 p99rtt=27ms) pop(q=0 f=0/16 p99rtt=4ms) custom(q=0 f=0/1 p99rtt=3ms) slots=24/25 jobs/s=493 drains=88112 evl=0ms
[2026-06-04 10:11:22.419] [info] [Worker 2] [libqueen] push(q=0 f=1/24 p99rtt=28ms) pop(q=0 f=0/16 p99rtt=2ms) custom(q=0 f=0/1 p99rtt=3ms) slots=24/25 jobs/s=498 drains=87637 evl=0ms
[2026-06-04 10:11:22.441] [info] [Worker 4] [libqueen] push(q=5 f=0/24 p99rtt=27ms) pop(q=0 f=0/16 p99rtt=4ms) custom(q=0 f=0/1 p99rtt=3ms) slots=25/25 jobs/s=498 drains=87849 evl=0ms
[2026-06-04 10:11:22.453] [info] [Worker 3] [libqueen] push(q=0 f=1/24 p99rtt=28ms) pop(q=0 f=0/16 p99rtt=4ms) custom(q=0 f=0/1 p99rtt=3ms) slots=24/25 jobs/s=499 drains=88345 evl=0ms
[2026-06-04 10:11:22.457] [info] [Worker 8] [libqueen] push(q=5 f=0/24 p99rtt=27ms) pop(q=0 f=0/16 p99rtt=3ms) custom(q=0 f=0/1 p99rtt=3ms) slots=25/25 jobs/s=504 drains=88760 evl=0ms
[2026-06-04 10:11:23.377] [info] [Worker 7] [libqueen] push(q=5 f=0/24 p99rtt=28ms) pop(q=0 f=0/16 p99rtt=4ms) custom(q=0 f=0/1 p99rtt=2ms) slots=25/25 jobs/s=522 drains=89577 evl=0ms
[2026-06-04 10:11:23.393] [info] [Worker 5] [libqueen] push(q=5 f=0/24 p99rtt=28ms) pop(q=0 f=0/16 p99rtt=5ms) custom(q=0 f=0/1 p99rtt=3ms) slots=25/25 jobs/s=528 drains=88586 evl=0ms
[2026-06-04 10:11:23.408] [info] [Worker 0] [libqueen] push(q=2 f=0/24 p99rtt=28ms) pop(q=0 f=0/16 p99rtt=3ms) custom(q=0 f=0/1 p99rtt=3ms) slots=25/25 jobs/s=534 drains=89009 evl=0ms
[2026-06-04 10:11:23.413] [info] [Worker 6] [libqueen] push(q=0 f=1/24 p99rtt=27ms) pop(q=0 f=0/16 p99rtt=5ms) custom(q=0 f=0/1 p99rtt=3ms) slots=24/25 jobs/s=522 drains=89165 evl=0ms
[2026-06-04 10:11:23.417] [info] [Worker 1] [libqueen] push(q=0 f=1/24 p99rtt=27ms) pop(q=0 f=0/16 p99rtt=4ms) custom(q=0 f=1/1 p99rtt=3ms) slots=23/25 jobs/s=545 drains=89809 evl=0ms
[2026-06-04 10:11:23.417] [info] [Worker 9] [libqueen] push(q=0 f=1/24 p99rtt=27ms) pop(q=0 f=0/16 p99rtt=4ms) custom(q=0 f=0/1 p99rtt=3ms) slots=24/25 jobs/s=546 drains=88872 evl=0ms
[2026-06-04 10:11:23.419] [info] [Worker 2] [libqueen] push(q=0 f=1/24 p99rtt=29ms) pop(q=0 f=0/16 p99rtt=2ms) custom(q=0 f=0/1 p99rtt=3ms) slots=24/25 jobs/s=528 drains=88359 evl=0ms
[2026-06-04 10:11:23.441] [info] [Worker 4] [libqueen] push(q=5 f=0/24 p99rtt=27ms) pop(q=0 f=0/16 p99rtt=4ms) custom(q=0 f=0/1 p99rtt=3ms) slots=25/25 jobs/s=533 drains=88581 evl=0ms
[2026-06-04 10:11:23.453] [info] [Worker 3] [libqueen] push(q=0 f=0/24 p99rtt=28ms) pop(q=0 f=0/16 p99rtt=4ms) custom(q=0 f=1/1 p99rtt=3ms) slots=24/25 jobs/s=527 drains=89073 evl=0ms
[2026-06-04 10:11:23.456] [info] [Worker 8] [libqueen] push(q=5 f=0/24 p99rtt=27ms) pop(q=0 f=0/16 p99rtt=3ms) custom(q=0 f=0/1 p99rtt=3ms) slots=25/25 jobs/s=550 drains=89514 evl=0ms
[2026-06-04 10:11:24.377] [info] [Worker 7] [libqueen] push(q=5 f=0/24 p99rtt=29ms) pop(q=0 f=0/16 p99rtt=4ms) custom(q=0 f=0/1 p99rtt=2ms) slots=25/25 jobs/s=480 drains=90232 evl=0ms
[2026-06-04 10:11:24.393] [info] [Worker 5] [libqueen] push(q=5 f=0/24 p99rtt=29ms) pop(q=0 f=0/16 p99rtt=5ms) custom(q=0 f=0/1 p99rtt=3ms) slots=25/25 jobs/s=486 drains=89263 evl=0ms
[2026-06-04 10:11:24.407] [info] [Worker 0] [libqueen] push(q=0 f=1/24 p99rtt=30ms) pop(q=0 f=0/16 p99rtt=3ms) custom(q=0 f=0/1 p99rtt=3ms) slots=24/25 jobs/s=474 drains=89661 evl=0ms
[2026-06-04 10:11:24.413] [info] [Worker 6] [libqueen] push(q=5 f=0/24 p99rtt=27ms) pop(q=0 f=0/16 p99rtt=5ms) custom(q=0 f=0/1 p99rtt=3ms) slots=25/25 jobs/s=468 drains=89796 evl=0ms
[2026-06-04 10:11:24.416] [info] [Worker 1] [libqueen] push(q=0 f=1/24 p99rtt=29ms) pop(q=0 f=0/16 p99rtt=5ms) custom(q=0 f=0/1 p99rtt=3ms) slots=24/25 jobs/s=469 drains=90446 evl=0ms
[2026-06-04 10:11:24.416] [info] [Worker 9] [libqueen] push(q=0 f=1/24 p99rtt=29ms) pop(q=0 f=0/16 p99rtt=4ms) custom(q=0 f=0/1 p99rtt=3ms) slots=24/25 jobs/s=492 drains=89536 evl=0ms
[2026-06-04 10:11:24.420] [info] [Worker 2] [libqueen] push(q=5 f=0/24 p99rtt=29ms) pop(q=0 f=0/16 p99rtt=2ms) custom(q=0 f=0/1 p99rtt=3ms) slots=25/25 jobs/s=456 drains=88970 evl=0ms
[2026-06-04 10:11:24.441] [info] [Worker 4] [libqueen] push(q=5 f=0/24 p99rtt=29ms) pop(q=0 f=0/16 p99rtt=4ms) custom(q=0 f=0/1 p99rtt=3ms) slots=25/25 jobs/s=474 drains=89249 evl=0ms
[2026-06-04 10:11:24.453] [info] [Worker 3] [libqueen] push(q=5 f=0/24 p99rtt=29ms) pop(q=0 f=0/16 p99rtt=4ms) custom(q=0 f=0/1 p99rtt=3ms) slots=25/25 jobs/s=469 drains=89723 evl=0ms
[2026-06-04 10:11:24.457] [info] [Worker 8] [libqueen] push(q=0 f=1/24 p99rtt=29ms) pop(q=0 f=0/16 p99rtt=4ms) custom(q=0 f=0/1 p99rtt=3ms) slots=24/25 jobs/s=468 drains=90173 evl=0ms
[2026-06-04 10:11:25.377] [info] [Worker 7] [libqueen] push(q=0 f=0/24 p99rtt=29ms) pop(q=0 f=0/16 p99rtt=4ms) custom(q=0 f=0/1 p99rtt=2ms) slots=25/25 jobs/s=528 drains=90948 evl=0ms
[2026-06-04 10:11:25.392] [info] [Worker 5] [libqueen] push(q=5 f=0/24 p99rtt=29ms) pop(q=0 f=0/16 p99rtt=5ms) custom(q=0 f=0/1 p99rtt=4ms) slots=25/25 jobs/s=534 drains=89989 evl=0ms
[2026-06-04 10:11:25.408] [info] [Worker 0] [libqueen] push(q=0 f=1/24 p99rtt=30ms) pop(q=0 f=0/16 p99rtt=3ms) custom(q=0 f=0/1 p99rtt=4ms) slots=24/25 jobs/s=521 drains=90389 evl=0ms
[2026-06-04 10:11:25.413] [info] [Worker 6] [libqueen] push(q=0 f=1/24 p99rtt=27ms) pop(q=0 f=0/16 p99rtt=5ms) custom(q=0 f=0/1 p99rtt=4ms) slots=24/25 jobs/s=521 drains=90521 evl=0ms
[2026-06-04 10:11:25.417] [info] [Worker 1] [libqueen] push(q=0 f=1/24 p99rtt=29ms) pop(q=0 f=0/16 p99rtt=5ms) custom(q=0 f=0/1 p99rtt=4ms) slots=24/25 jobs/s=516 drains=91182 evl=0ms
[2026-06-04 10:11:25.417] [info] [Worker 9] [libqueen] push(q=0 f=1/24 p99rtt=28ms) pop(q=0 f=0/16 p99rtt=4ms) custom(q=0 f=1/1 p99rtt=4ms) slots=23/25 jobs/s=515 drains=90247 evl=0ms
[2026-06-04 10:11:25.420] [info] [Worker 2] [libqueen] push(q=0 f=1/24 p99rtt=29ms) pop(q=0 f=0/16 p99rtt=2ms) custom(q=0 f=0/1 p99rtt=3ms) slots=24/25 jobs/s=520 drains=89697 evl=0ms
[2026-06-04 10:11:25.442] [info] [Worker 4] [libqueen] push(q=5 f=0/24 p99rtt=29ms) pop(q=0 f=0/16 p99rtt=4ms) custom(q=0 f=0/1 p99rtt=4ms) slots=25/25 jobs/s=504 drains=89958 evl=0ms
[2026-06-04 10:11:25.453] [info] [Worker 3] [libqueen] push(q=5 f=0/24 p99rtt=29ms) pop(q=0 f=0/16 p99rtt=4ms) custom(q=0 f=0/1 p99rtt=3ms) slots=25/25 jobs/s=510 drains=90444 evl=0ms
[2026-06-04 10:11:25.456] [info] [Worker 8] [libqueen] push(q=0 f=0/24 p99rtt=30ms) pop(q=0 f=0/16 p99rtt=4ms) custom(q=0 f=1/1 p99rtt=3ms) slots=24/25 jobs/s=509 drains=90862 evl=0ms
[2026-06-04 10:11:26.377] [info] [Worker 7] [libqueen] push(q=0 f=1/24 p99rtt=29ms) pop(q=0 f=0/16 p99rtt=4ms) custom(q=0 f=0/1 p99rtt=3ms) slots=24/25 jobs/s=552 drains=91721 evl=0ms
[2026-06-04 10:11:26.392] [info] [Worker 5] [libqueen] push(q=5 f=0/24 p99rtt=29ms) pop(q=0 f=0/16 p99rtt=5ms) custom(q=0 f=0/1 p99rtt=4ms) slots=25/25 jobs/s=552 drains=90753 evl=0ms
[2026-06-04 10:11:26.408] [info] [Worker 0] [libqueen] push(q=0 f=1/24 p99rtt=29ms) pop(q=0 f=0/16 p99rtt=3ms) custom(q=0 f=0/1 p99rtt=4ms) slots=24/25 jobs/s=540 drains=91138 evl=0ms
[2026-06-04 10:11:26.413] [info] [Worker 6] [libqueen] push(q=5 f=0/24 p99rtt=28ms) pop(q=0 f=0/16 p99rtt=5ms) custom(q=0 f=0/1 p99rtt=4ms) slots=25/25 jobs/s=558 drains=91289 evl=0ms
[2026-06-04 10:11:26.417] [info] [Worker 9] [libqueen] push(q=5 f=0/24 p99rtt=28ms) pop(q=0 f=0/16 p99rtt=4ms) custom(q=0 f=0/1 p99rtt=4ms) slots=25/25 jobs/s=565 drains=91028 evl=0ms
[2026-06-04 10:11:26.418] [info] [Worker 1] [libqueen] push(q=5 f=0/24 p99rtt=29ms) pop(q=0 f=0/16 p99rtt=5ms) custom(q=0 f=0/1 p99rtt=4ms) slots=25/25 jobs/s=558 drains=91963 evl=0ms
[2026-06-04 10:11:26.420] [info] [Worker 2] [libqueen] push(q=0 f=1/24 p99rtt=29ms) pop(q=0 f=0/16 p99rtt=2ms) custom(q=0 f=0/1 p99rtt=3ms) slots=24/25 jobs/s=552 drains=90449 evl=0ms
[2026-06-04 10:11:26.441] [info] [Worker 4] [libqueen] push(q=2 f=0/24 p99rtt=28ms) pop(q=0 f=0/16 p99rtt=4ms) custom(q=0 f=1/1 p99rtt=4ms) slots=24/25 jobs/s=563 drains=90719 evl=0ms
[2026-06-04 10:11:26.453] [info] [Worker 3] [libqueen] push(q=5 f=0/24 p99rtt=29ms) pop(q=0 f=0/16 p99rtt=4ms) custom(q=0 f=0/1 p99rtt=3ms) slots=25/25 jobs/s=558 drains=91208 evl=0ms
[2026-06-04 10:11:26.456] [info] [Worker 8] [libqueen] push(q=0 f=1/24 p99rtt=29ms) pop(q=0 f=0/16 p99rtt=4ms) custom(q=0 f=0/1 p99rtt=3ms) slots=24/25 jobs/s=559 drains=91641 evl=0ms
[2026-06-04 10:11:26.510] [info] QPOP: Connection aborted for 19947c9b-d785-435f-95f1-50a06cd35462
[2026-06-04 10:11:26.510] [info] QPOP: Connection aborted for 01e5b45e-ea2c-49ba-a862-515c4830a388
[2026-06-04 10:11:26.510] [info] QPOP: Connection aborted for 66a24e15-c34a-46b5-ad93-bd6319444ea5
[2026-06-04 10:11:26.510] [info] QPOP: Connection aborted for 6e18b9a2-11c9-4752-8543-3f93db1f1f0d
[2026-06-04 10:11:26.510] [info] QPOP: Connection aborted for e1d968a2-c93a-4737-8208-c351013386bd
[2026-06-04 10:11:26.510] [info] QPOP: Connection aborted for 9bee9beb-ebed-448b-bfbe-9384f6995ecf
[2026-06-04 10:11:26.511] [info] QPOP: Connection aborted for 9492c667-7c4e-4e94-b026-46c9990a3ca3
[2026-06-04 10:11:26.511] [info] QPOP: Connection aborted for 24833e08-8f9c-4cdc-90ed-2f5328202cea
[2026-06-04 10:11:26.511] [info] QPOP: Connection aborted for 11594cc7-7a0f-4b3c-81ed-913e551a751c
[2026-06-04 10:11:26.511] [info] QPOP: Connection aborted for b6e6e79f-9601-4b8a-85ad-cb48de047326
[2026-06-04 10:11:26.511] [info] QPOP: Connection aborted for 4e7b3282-7061-4d1d-ba87-02d9899d8c2a
[2026-06-04 10:11:26.513] [info] QPOP: Connection aborted for 977ade64-3818-4a8e-9237-6d09090b1f3b
[2026-06-04 10:11:26.513] [info] QPOP: Connection aborted for 319ff0a8-577e-4b99-85f3-e0d330ff372a
[2026-06-04 10:11:26.515] [info] QPOP: Connection aborted for 539342c4-b71c-4f76-a025-cffc863e07cf
[2026-06-04 10:11:26.517] [info] QPOP: Connection aborted for fe07fca7-e9fe-4e5d-8046-44c831b76e07
[2026-06-04 10:11:26.519] [info] QPOP: Connection aborted for 577eb181-66c8-43e8-a6d3-e7d8fee92d7b
[2026-06-04 10:11:26.520] [info] QPOP: Connection aborted for f8db4477-6bc1-4f22-86a3-5291962ad0ce
[2026-06-04 10:11:26.520] [info] QPOP: Connection aborted for e8a881be-7fb6-4304-9b76-e0a988dab987
[2026-06-04 10:11:26.524] [info] QPOP: Connection aborted for 0f06b49f-0cdb-4e33-93cf-7d9da32a80e5
[2026-06-04 10:11:26.526] [info] QPOP: Connection aborted for 356a09ff-475f-435a-bd60-725c66696ccb
[2026-06-04 10:11:26.526] [info] QPOP: Connection aborted for bc9fa08c-acd3-44bf-ae27-eea14be91378
[2026-06-04 10:11:26.527] [info] QPOP: Connection aborted for 14871d7a-0191-4ad9-8131-d252ed5d404e
[2026-06-04 10:11:26.527] [info] QPOP: Connection aborted for 22870ce9-c3a3-4aa7-afd3-711b0f74c78e
[2026-06-04 10:11:26.527] [info] QPOP: Connection aborted for 09e15876-e9f6-4985-b80d-d5b8ae94d1f3
[2026-06-04 10:11:26.530] [info] QPOP: Connection aborted for 99874df8-094e-4657-bdff-854bfe798779
[2026-06-04 10:11:26.531] [info] QPOP: Connection aborted for d2fccb9e-402a-481a-b96a-e05ce661f95f
[2026-06-04 10:11:26.531] [info] QPOP: Connection aborted for b27c8129-6c4f-42a1-ad62-392ecaaf0791
[2026-06-04 10:11:26.533] [info] QPOP: Connection aborted for e6772628-3d26-4ecf-b0e5-40989f37564c
[2026-06-04 10:11:26.533] [info] QPOP: Connection aborted for 8ce99fe5-0c86-49e9-afcc-4a79e65753c9
[2026-06-04 10:11:26.538] [info] QPOP: Connection aborted for 13e5d734-17e2-4e9a-b651-f3eaa20d1889
[2026-06-04 10:11:26.538] [info] QPOP: Connection aborted for dc0d85d7-b7b6-4e10-b570-122cd0c204e1
[2026-06-04 10:11:26.540] [info] QPOP: Connection aborted for ae4b3273-d6d4-4235-9782-8b118e59721c
[2026-06-04 10:11:26.540] [info] QPOP: Connection aborted for 4094c71f-01d2-4e9d-aca7-730c200152f0
[2026-06-04 10:11:26.540] [info] QPOP: Connection aborted for 6f03a119-1984-469f-883e-8f0abbaa2817
[2026-06-04 10:11:26.542] [info] QPOP: Connection aborted for 19c61b56-5970-4544-8f99-a1c422bb741b
[2026-06-04 10:11:26.542] [info] QPOP: Connection aborted for 185fbac7-cea0-45f2-aa19-463c29a03195
[2026-06-04 10:11:26.545] [info] QPOP: Connection aborted for fce4a81d-94e3-4deb-9f00-359d8d33ee23
[2026-06-04 10:11:26.547] [info] QPOP: Connection aborted for 9502884b-9656-4214-85ea-f04ff8354c3c
[2026-06-04 10:11:26.547] [info] QPOP: Connection aborted for 8ed5e3b1-1931-4f70-b9e7-da16fa2b7e83
[2026-06-04 10:11:26.547] [info] QPOP: Connection aborted for 85968525-e73a-4e1a-be04-80d8cf7d460d
[2026-06-04 10:11:26.548] [info] QPOP: Connection aborted for b2ab7451-d60f-4023-8991-b343690d0dc1
[2026-06-04 10:11:26.548] [info] QPOP: Connection aborted for 5cb0768a-944d-40cc-92dc-da1db8f2e4b1
[2026-06-04 10:11:26.548] [info] QPOP: Connection aborted for d7793ade-ca2a-4e70-b83f-c67aa5fed34f
[2026-06-04 10:11:26.550] [info] QPOP: Connection aborted for ff8736b3-98c6-426d-a6d8-19310ce1ad70
[2026-06-04 10:11:26.550] [info] QPOP: Connection aborted for 76d153f5-afbd-4717-b48b-529335e4dce0
[2026-06-04 10:11:26.550] [info] QPOP: Connection aborted for 1dac203f-acd9-4db3-8d08-4d42703cbd73
[2026-06-04 10:11:26.551] [info] QPOP: Connection aborted for 15092a32-9ca8-4eeb-9545-eb7a109b866a
[2026-06-04 10:11:26.551] [info] QPOP: Connection aborted for 73d1d083-fb15-4851-bdba-60e8c2d0c432
[2026-06-04 10:11:26.553] [info] QPOP: Connection aborted for 5cf28680-6c04-46ae-8969-cc858b05af99
[2026-06-04 10:11:26.555] [info] QPOP: Connection aborted for 619f68d7-07a7-4653-a068-975687890d77
[2026-06-04 10:11:27.377] [info] [Worker 7] [libqueen] push(q=0 f=1/24 p99rtt=28ms) pop(q=0 f=0/16 p99rtt=6ms) custom(q=0 f=0/1 p99rtt=4ms) slots=24/25 jobs/s=552 drains=92507 evl=0ms
[2026-06-04 10:11:27.393] [info] [Worker 5] [libqueen] push(q=0 f=1/24 p99rtt=29ms) pop(q=0 f=0/16 p99rtt=8ms) custom(q=0 f=0/1 p99rtt=4ms) slots=24/25 jobs/s=546 drains=91516 evl=0ms
[2026-06-04 10:11:27.408] [info] [Worker 0] [libqueen] push(q=5 f=0/24 p99rtt=29ms) pop(q=0 f=0/16 p99rtt=10ms) custom(q=0 f=0/1 p99rtt=4ms) slots=25/25 jobs/s=540 drains=91888 evl=0ms
[2026-06-04 10:11:27.413] [info] [Worker 6] [libqueen] push(q=5 f=0/24 p99rtt=28ms) pop(q=0 f=0/16 p99rtt=5ms) custom(q=0 f=0/1 p99rtt=4ms) slots=25/25 jobs/s=522 drains=92028 evl=0ms
[2026-06-04 10:11:27.417] [info] [Worker 9] [libqueen] push(q=5 f=0/24 p99rtt=27ms) pop(q=0 f=0/16 p99rtt=8ms) custom(q=0 f=0/1 p99rtt=4ms) slots=25/25 jobs/s=546 drains=91774 evl=0ms
[2026-06-04 10:11:27.417] [info] [Worker 1] [libqueen] push(q=5 f=0/24 p99rtt=29ms) pop(q=0 f=0/16 p99rtt=7ms) custom(q=0 f=0/1 p99rtt=4ms) slots=25/25 jobs/s=534 drains=92733 evl=0ms
[2026-06-04 10:11:27.420] [info] [Worker 2] [libqueen] push(q=0 f=1/24 p99rtt=29ms) pop(q=0 f=0/16 p99rtt=5ms) custom(q=0 f=0/1 p99rtt=3ms) slots=24/25 jobs/s=534 drains=91200 evl=0ms
[2026-06-04 10:11:27.442] [info] [Worker 4] [libqueen] push(q=5 f=0/24 p99rtt=29ms) pop(q=0 f=0/16 p99rtt=5ms) custom(q=0 f=0/1 p99rtt=4ms) slots=25/25 jobs/s=535 drains=91473 evl=0ms
[2026-06-04 10:11:27.452] [info] [Worker 3] [libqueen] push(q=5 f=0/24 p99rtt=29ms) pop(q=0 f=0/16 p99rtt=6ms) custom(q=0 f=0/1 p99rtt=3ms) slots=25/25 jobs/s=558 drains=92000 evl=0ms
[2026-06-04 10:11:27.457] [info] [Worker 8] [libqueen] push(q=0 f=1/24 p99rtt=30ms) pop(q=0 f=0/16 p99rtt=7ms) custom(q=0 f=0/1 p99rtt=3ms) slots=24/25 jobs/s=528 drains=92378 evl=0ms
[2026-06-04 10:11:27.719] [info] StatsService: cycle completed in 27ms
[2026-06-04 10:11:28.377] [info] [Worker 7] [libqueen] push(q=0 f=1/24 p99rtt=28ms) pop(q=0 f=0/16 p99rtt=6ms) custom(q=0 f=0/1 p99rtt=4ms) slots=24/25 jobs/s=552 drains=93265 evl=0ms
[2026-06-04 10:11:28.393] [info] [Worker 5] [libqueen] push(q=5 f=0/24 p99rtt=29ms) pop(q=0 f=0/16 p99rtt=8ms) custom(q=0 f=0/1 p99rtt=4ms) slots=25/25 jobs/s=552 drains=92269 evl=0ms
[2026-06-04 10:11:28.407] [info] [Worker 0] [libqueen] push(q=0 f=0/24 p99rtt=29ms) pop(q=0 f=0/16 p99rtt=10ms) custom(q=0 f=0/1 p99rtt=4ms) slots=25/25 jobs/s=564 drains=92651 evl=0ms
[2026-06-04 10:11:28.413] [info] [Worker 6] [libqueen] push(q=5 f=0/24 p99rtt=27ms) pop(q=0 f=0/16 p99rtt=5ms) custom(q=0 f=0/1 p99rtt=4ms) slots=25/25 jobs/s=558 drains=92789 evl=0ms
[2026-06-04 10:11:28.416] [info] [Worker 1] [libqueen] push(q=0 f=1/24 p99rtt=27ms) pop(q=0 f=0/16 p99rtt=7ms) custom(q=0 f=0/1 p99rtt=4ms) slots=24/25 jobs/s=564 drains=93526 evl=0ms
[2026-06-04 10:11:28.417] [info] [Worker 9] [libqueen] push(q=0 f=1/24 p99rtt=27ms) pop(q=0 f=0/16 p99rtt=8ms) custom(q=0 f=0/1 p99rtt=4ms) slots=24/25 jobs/s=546 drains=92538 evl=0ms
[2026-06-04 10:11:28.420] [info] [Worker 2] [libqueen] push(q=0 f=0/24 p99rtt=29ms) pop(q=0 f=0/16 p99rtt=5ms) custom(q=0 f=1/1 p99rtt=3ms) slots=24/25 jobs/s=551 drains=91958 evl=0ms
[2026-06-04 10:11:28.441] [info] [Worker 4] [libqueen] push(q=5 f=0/24 p99rtt=25ms) pop(q=0 f=0/16 p99rtt=5ms) custom(q=0 f=0/1 p99rtt=4ms) slots=25/25 jobs/s=546 drains=92222 evl=0ms
[2026-06-04 10:11:28.453] [info] [Worker 3] [libqueen] push(q=0 f=1/24 p99rtt=28ms) pop(q=0 f=0/16 p99rtt=6ms) custom(q=0 f=0/1 p99rtt=3ms) slots=24/25 jobs/s=552 drains=92764 evl=0ms
[2026-06-04 10:11:28.457] [info] [Worker 8] [libqueen] push(q=5 f=0/24 p99rtt=29ms) pop(q=0 f=0/16 p99rtt=7ms) custom(q=0 f=0/1 p99rtt=4ms) slots=25/25 jobs/s=546 drains=93143 evl=0ms
[2026-06-04 10:11:29.377] [info] [Worker 7] [libqueen] push(q=0 f=1/24 p99rtt=27ms) pop(q=0 f=0/16 p99rtt=6ms) custom(q=0 f=0/1 p99rtt=3ms) slots=24/25 jobs/s=576 drains=94042 evl=0ms
[2026-06-04 10:11:29.393] [info] [Worker 5] [libqueen] push(q=5 f=0/24 p99rtt=28ms) pop(q=0 f=0/16 p99rtt=8ms) custom(q=0 f=0/1 p99rtt=4ms) slots=25/25 jobs/s=570 drains=93061 evl=0ms
[2026-06-04 10:11:29.408] [info] [Worker 0] [libqueen] push(q=0 f=1/24 p99rtt=28ms) pop(q=0 f=0/16 p99rtt=10ms) custom(q=0 f=0/1 p99rtt=3ms) slots=24/25 jobs/s=600 drains=93480 evl=0ms
[2026-06-04 10:11:29.413] [info] [Worker 6] [libqueen] push(q=0 f=0/24 p99rtt=27ms) pop(q=0 f=0/16 p99rtt=5ms) custom(q=0 f=0/1 p99rtt=4ms) slots=25/25 jobs/s=594 drains=93602 evl=0ms
[2026-06-04 10:11:29.416] [info] [Worker 9] [libqueen] push(q=0 f=1/24 p99rtt=27ms) pop(q=0 f=0/16 p99rtt=8ms) custom(q=0 f=0/1 p99rtt=4ms) slots=24/25 jobs/s=594 drains=93363 evl=0ms
[2026-06-04 10:11:29.417] [info] [Worker 1] [libqueen] push(q=5 f=0/24 p99rtt=25ms) pop(q=0 f=0/16 p99rtt=7ms) custom(q=0 f=0/1 p99rtt=4ms) slots=25/25 jobs/s=594 drains=94336 evl=0ms
[2026-06-04 10:11:29.421] [info] [Worker 2] [libqueen] push(q=5 f=0/24 p99rtt=29ms) pop(q=0 f=0/16 p99rtt=5ms) custom(q=0 f=0/1 p99rtt=3ms) slots=25/25 jobs/s=583 drains=92788 evl=0ms
[2026-06-04 10:11:29.442] [info] [Worker 4] [libqueen] push(q=5 f=0/24 p99rtt=25ms) pop(q=0 f=0/16 p99rtt=5ms) custom(q=0 f=0/1 p99rtt=4ms) slots=25/25 jobs/s=576 drains=93016 evl=0ms
[2026-06-04 10:11:29.453] [info] [Worker 3] [libqueen] push(q=0 f=1/24 p99rtt=26ms) pop(q=0 f=0/16 p99rtt=6ms) custom(q=0 f=0/1 p99rtt=3ms) slots=24/25 jobs/s=582 drains=93582 evl=0ms
[2026-06-04 10:11:29.456] [info] [Worker 8] [libqueen] push(q=0 f=0/24 p99rtt=25ms) pop(q=0 f=0/16 p99rtt=7ms) custom(q=0 f=0/1 p99rtt=3ms) slots=25/25 jobs/s=594 drains=93956 evl=0ms
[2026-06-04 10:11:30.378] [info] [Worker 7] [libqueen] push(q=5 f=0/24 p99rtt=25ms) pop(q=0 f=0/16 p99rtt=6ms) custom(q=0 f=0/1 p99rtt=3ms) slots=25/25 jobs/s=576 drains=94848 evl=0ms
[2026-06-04 10:11:30.393] [info] [Worker 5] [libqueen] push(q=5 f=0/24 p99rtt=26ms) pop(q=0 f=0/16 p99rtt=8ms) custom(q=0 f=0/1 p99rtt=4ms) slots=25/25 jobs/s=606 drains=93897 evl=0ms
[2026-06-04 10:11:30.408] [info] [Worker 0] [libqueen] push(q=5 f=0/24 p99rtt=26ms) pop(q=0 f=0/16 p99rtt=10ms) custom(q=0 f=0/1 p99rtt=3ms) slots=25/25 jobs/s=594 drains=94298 evl=0ms
[2026-06-04 10:11:30.413] [info] [Worker 6] [libqueen] push(q=0 f=1/24 p99rtt=26ms) pop(q=0 f=0/16 p99rtt=5ms) custom(q=0 f=0/1 p99rtt=3ms) slots=24/25 jobs/s=570 drains=94396 evl=0ms
[2026-06-04 10:11:30.417] [info] [Worker 1] [libqueen] push(q=5 f=0/24 p99rtt=23ms) pop(q=0 f=0/16 p99rtt=7ms) custom(q=0 f=0/1 p99rtt=4ms) slots=25/25 jobs/s=582 drains=95136 evl=0ms
[2026-06-04 10:11:30.417] [info] [Worker 9] [libqueen] push(q=5 f=0/24 p99rtt=24ms) pop(q=0 f=0/16 p99rtt=8ms) custom(q=0 f=0/1 p99rtt=4ms) slots=25/25 jobs/s=600 drains=94179 evl=0ms
[2026-06-04 10:11:30.421] [info] [Worker 2] [libqueen] push(q=5 f=0/24 p99rtt=27ms) pop(q=0 f=0/16 p99rtt=5ms) custom(q=0 f=0/1 p99rtt=3ms) slots=25/25 jobs/s=594 drains=93625 evl=0ms
[2026-06-04 10:11:30.442] [info] [Worker 4] [libqueen] push(q=0 f=1/24 p99rtt=25ms) pop(q=0 f=0/16 p99rtt=5ms) custom(q=0 f=0/1 p99rtt=4ms) slots=24/25 jobs/s=588 drains=93818 evl=0ms
[2026-06-04 10:11:30.452] [info] [Worker 3] [libqueen] push(q=2 f=0/24 p99rtt=25ms) pop(q=0 f=0/16 p99rtt=6ms) custom(q=0 f=0/1 p99rtt=3ms) slots=25/25 jobs/s=582 drains=94404 evl=0ms
[2026-06-04 10:11:30.457] [info] [Worker 8] [libqueen] push(q=0 f=0/24 p99rtt=24ms) pop(q=0 f=0/16 p99rtt=7ms) custom(q=0 f=0/1 p99rtt=3ms) slots=25/25 jobs/s=594 drains=94778 evl=0ms
[2026-06-04 10:11:31.378] [info] [Worker 7] [libqueen] push(q=5 f=0/24 p99rtt=25ms) pop(q=0 f=0/16 p99rtt=6ms) custom(q=0 f=0/1 p99rtt=3ms) slots=25/25 jobs/s=582 drains=95652 evl=0ms
[2026-06-04 10:11:31.392] [info] [Worker 5] [libqueen] push(q=5 f=0/24 p99rtt=25ms) pop(q=0 f=0/16 p99rtt=8ms) custom(q=0 f=0/1 p99rtt=3ms) slots=25/25 jobs/s=599 drains=94723 evl=0ms
[2026-06-04 10:11:31.407] [info] [Worker 0] [libqueen] push(q=5 f=0/24 p99rtt=23ms) pop(q=0 f=0/16 p99rtt=10ms) custom(q=0 f=0/1 p99rtt=3ms) slots=25/25 jobs/s=593 drains=95102 evl=0ms
[2026-06-04 10:11:31.413] [info] [Worker 6] [libqueen] push(q=5 f=0/24 p99rtt=26ms) pop(q=0 f=0/16 p99rtt=5ms) custom(q=0 f=0/1 p99rtt=2ms) slots=25/25 jobs/s=600 drains=95230 evl=0ms
[2026-06-04 10:11:31.417] [info] [Worker 1] [libqueen] push(q=0 f=1/24 p99rtt=23ms) pop(q=0 f=0/16 p99rtt=7ms) custom(q=0 f=0/1 p99rtt=4ms) slots=24/25 jobs/s=582 drains=95928 evl=0ms
[2026-06-04 10:11:31.418] [info] [Worker 9] [libqueen] push(q=5 f=0/24 p99rtt=24ms) pop(q=0 f=0/16 p99rtt=8ms) custom(q=0 f=0/1 p99rtt=3ms) slots=25/25 jobs/s=588 drains=94989 evl=0ms
[2026-06-04 10:11:31.420] [info] [Worker 2] [libqueen] push(q=2 f=0/24 p99rtt=25ms) pop(q=0 f=0/16 p99rtt=5ms) custom(q=0 f=1/1 p99rtt=3ms) slots=24/25 jobs/s=587 drains=94428 evl=0ms
[2026-06-04 10:11:31.442] [info] [Worker 4] [libqueen] push(q=5 f=0/24 p99rtt=25ms) pop(q=0 f=0/16 p99rtt=5ms) custom(q=0 f=0/1 p99rtt=3ms) slots=25/25 jobs/s=588 drains=94629 evl=0ms
[2026-06-04 10:11:31.453] [info] [Worker 3] [libqueen] push(q=5 f=0/24 p99rtt=24ms) pop(q=0 f=0/16 p99rtt=6ms) custom(q=0 f=0/1 p99rtt=3ms) slots=25/25 jobs/s=588 drains=95213 evl=0ms
[2026-06-04 10:11:31.457] [info] [Worker 8] [libqueen] push(q=0 f=1/24 p99rtt=23ms) pop(q=0 f=0/16 p99rtt=7ms) custom(q=0 f=0/1 p99rtt=3ms) slots=24/25 jobs/s=588 drains=95603 evl=0ms
[2026-06-04 10:11:32.378] [info] [Worker 7] [libqueen] push(q=5 f=0/24 p99rtt=25ms) pop(q=0 f=0/16 p99rtt=6ms) custom(q=0 f=0/1 p99rtt=3ms) slots=25/25 jobs/s=540 drains=96407 evl=0ms
[2026-06-04 10:11:32.393] [info] [Worker 5] [libqueen] push(q=0 f=1/24 p99rtt=25ms) pop(q=0 f=0/16 p99rtt=8ms) custom(q=0 f=0/1 p99rtt=3ms) slots=24/25 jobs/s=546 drains=95477 evl=0ms
[2026-06-04 10:11:32.408] [info] [Worker 0] [libqueen] push(q=5 f=0/24 p99rtt=23ms) pop(q=0 f=0/16 p99rtt=10ms) custom(q=0 f=0/1 p99rtt=3ms) slots=25/25 jobs/s=552 drains=95870 evl=0ms
[2026-06-04 10:11:32.413] [info] [Worker 6] [libqueen] push(q=0 f=1/24 p99rtt=25ms) pop(q=0 f=0/16 p99rtt=5ms) custom(q=0 f=0/1 p99rtt=3ms) slots=24/25 jobs/s=552 drains=96000 evl=0ms
[2026-06-04 10:11:32.416] [info] [Worker 1] [libqueen] push(q=5 f=0/24 p99rtt=23ms) pop(q=0 f=0/16 p99rtt=7ms) custom(q=0 f=0/1 p99rtt=4ms) slots=25/25 jobs/s=540 drains=96675 evl=0ms
[2026-06-04 10:11:32.418] [info] [Worker 9] [libqueen] push(q=5 f=0/24 p99rtt=24ms) pop(q=0 f=0/16 p99rtt=8ms) custom(q=0 f=1/1 p99rtt=4ms) slots=24/25 jobs/s=551 drains=95748 evl=0ms
[2026-06-04 10:11:32.420] [info] [Worker 2] [libqueen] push(q=5 f=0/24 p99rtt=24ms) pop(q=0 f=0/16 p99rtt=5ms) custom(q=0 f=0/1 p99rtt=3ms) slots=25/25 jobs/s=535 drains=95177 evl=0ms
[2026-06-04 10:11:32.442] [info] [Worker 4] [libqueen] push(q=0 f=1/24 p99rtt=25ms) pop(q=0 f=0/16 p99rtt=5ms) custom(q=0 f=0/1 p99rtt=4ms) slots=24/25 jobs/s=540 drains=95381 evl=0ms
[2026-06-04 10:11:32.454] [info] [Worker 3] [libqueen] push(q=5 f=0/24 p99rtt=24ms) pop(q=0 f=0/16 p99rtt=6ms) custom(q=0 f=0/1 p99rtt=3ms) slots=25/25 jobs/s=534 drains=95940 evl=0ms
[2026-06-04 10:11:32.457] [info] [Worker 8] [libqueen] push(q=5 f=0/24 p99rtt=23ms) pop(q=0 f=0/16 p99rtt=7ms) custom(q=0 f=0/1 p99rtt=3ms) slots=25/25 jobs/s=534 drains=96341 evl=0ms
[2026-06-04 10:11:33.377] [info] [Worker 7] [libqueen] push(q=0 f=1/24 p99rtt=25ms) pop(q=0 f=0/16 p99rtt=6ms) custom(q=0 f=0/1 p99rtt=3ms) slots=24/25 jobs/s=525 drains=97146 evl=0ms
[2026-06-04 10:11:33.393] [info] [Worker 5] [libqueen] push(q=3 f=0/24 p99rtt=25ms) pop(q=0 f=0/16 p99rtt=8ms) custom(q=0 f=0/1 p99rtt=4ms) slots=25/25 jobs/s=509 drains=96170 evl=0ms
[2026-06-04 10:11:33.408] [info] [Worker 0] [libqueen] push(q=0 f=1/24 p99rtt=23ms) pop(q=0 f=0/16 p99rtt=10ms) custom(q=0 f=0/1 p99rtt=3ms) slots=24/25 jobs/s=501 drains=96570 evl=0ms
[2026-06-04 10:11:33.413] [info] [Worker 6] [libqueen] push(q=5 f=0/24 p99rtt=25ms) pop(q=0 f=0/16 p99rtt=5ms) custom(q=0 f=0/1 p99rtt=3ms) slots=25/25 jobs/s=525 drains=96731 evl=0ms
[2026-06-04 10:11:33.417] [info] [Worker 1] [libqueen] push(q=0 f=1/24 p99rtt=23ms) pop(q=0 f=0/16 p99rtt=7ms) custom(q=0 f=0/1 p99rtt=4ms) slots=24/25 jobs/s=510 drains=97388 evl=0ms
[2026-06-04 10:11:33.418] [info] [Worker 9] [libqueen] push(q=0 f=1/24 p99rtt=24ms) pop(q=0 f=0/16 p99rtt=8ms) custom(q=0 f=0/1 p99rtt=4ms) slots=24/25 jobs/s=517 drains=96469 evl=0ms
[2026-06-04 10:11:33.420] [info] [Worker 2] [libqueen] push(q=5 f=0/24 p99rtt=24ms) pop(q=0 f=0/16 p99rtt=5ms) custom(q=0 f=0/1 p99rtt=3ms) slots=25/25 jobs/s=514 drains=95899 evl=0ms
[2026-06-04 10:11:33.442] [info] [Worker 4] [libqueen] push(q=0 f=1/24 p99rtt=25ms) pop(q=0 f=0/16 p99rtt=5ms) custom(q=0 f=0/1 p99rtt=3ms) slots=24/25 jobs/s=521 drains=96091 evl=0ms
[2026-06-04 10:11:33.454] [info] [Worker 3] [libqueen] push(q=0 f=1/24 p99rtt=24ms) pop(q=0 f=0/16 p99rtt=6ms) custom(q=0 f=0/1 p99rtt=3ms) slots=24/25 jobs/s=516 drains=96653 evl=0ms
[2026-06-04 10:11:33.457] [info] [Worker 8] [libqueen] push(q=0 f=1/24 p99rtt=23ms) pop(q=0 f=0/16 p99rtt=7ms) custom(q=0 f=0/1 p99rtt=3ms) slots=24/25 jobs/s=521 drains=97059 evl=0ms
[2026-06-04 10:11:34.377] [info] [Worker 7] [libqueen] push(q=5 f=0/24 p99rtt=25ms) pop(q=0 f=0/16 p99rtt=6ms) custom(q=0 f=0/1 p99rtt=3ms) slots=25/25 jobs/s=515 drains=97853 evl=0ms
[2026-06-04 10:11:34.393] [info] [Worker 5] [libqueen] push(q=0 f=1/24 p99rtt=25ms) pop(q=0 f=0/16 p99rtt=8ms) custom(q=0 f=0/1 p99rtt=3ms) slots=24/25 jobs/s=515 drains=96863 evl=0ms
[2026-06-04 10:11:34.408] [info] [Worker 0] [libqueen] push(q=0 f=0/24 p99rtt=23ms) pop(q=0 f=0/16 p99rtt=10ms) custom(q=0 f=0/1 p99rtt=3ms) slots=25/25 jobs/s=504 drains=97232 evl=0ms
[2026-06-04 10:11:34.413] [info] [Worker 6] [libqueen] push(q=0 f=0/24 p99rtt=26ms) pop(q=0 f=0/16 p99rtt=5ms) custom(q=0 f=0/1 p99rtt=3ms) slots=25/25 jobs/s=509 drains=97423 evl=0ms
[2026-06-04 10:11:34.418] [info] [Worker 1] [libqueen] push(q=5 f=0/24 p99rtt=23ms) pop(q=0 f=0/16 p99rtt=7ms) custom(q=0 f=0/1 p99rtt=4ms) slots=25/25 jobs/s=510 drains=98103 evl=0ms
[2026-06-04 10:11:34.418] [info] [Worker 9] [libqueen] push(q=0 f=1/24 p99rtt=24ms) pop(q=0 f=0/16 p99rtt=8ms) custom(q=0 f=0/1 p99rtt=4ms) slots=24/25 jobs/s=498 drains=97160 evl=0ms
[2026-06-04 10:11:34.420] [info] [Worker 2] [libqueen] push(q=0 f=1/24 p99rtt=27ms) pop(q=0 f=0/16 p99rtt=5ms) custom(q=0 f=0/1 p99rtt=3ms) slots=24/25 jobs/s=492 drains=96521 evl=0ms
[2026-06-04 10:11:34.441] [info] [Worker 4] [libqueen] push(q=5 f=0/24 p99rtt=25ms) pop(q=0 f=0/16 p99rtt=5ms) custom(q=0 f=0/1 p99rtt=4ms) slots=25/25 jobs/s=534 drains=96821 evl=0ms
[2026-06-04 10:11:34.454] [info] [Worker 3] [libqueen] push(q=5 f=0/24 p99rtt=24ms) pop(q=0 f=0/16 p99rtt=6ms) custom(q=0 f=0/1 p99rtt=3ms) slots=25/25 jobs/s=527 drains=97364 evl=0ms
[2026-06-04 10:11:34.457] [info] [Worker 8] [libqueen] push(q=0 f=1/24 p99rtt=23ms) pop(q=0 f=0/16 p99rtt=7ms) custom(q=0 f=0/1 p99rtt=3ms) slots=24/25 jobs/s=514 drains=97776 evl=0ms
[2026-06-04 10:11:35.377] [info] [Worker 7] [libqueen] push(q=0 f=1/24 p99rtt=25ms) pop(q=0 f=0/16 p99rtt=6ms) custom(q=0 f=0/1 p99rtt=4ms) slots=24/25 jobs/s=444 drains=98470 evl=0ms
[2026-06-04 10:11:35.393] [info] [Worker 5] [libqueen] push(q=5 f=0/24 p99rtt=25ms) pop(q=0 f=0/16 p99rtt=8ms) custom(q=0 f=0/1 p99rtt=4ms) slots=25/25 jobs/s=432 drains=97457 evl=0ms
[2026-06-04 10:11:35.408] [info] [Worker 0] [libqueen] push(q=0 f=1/24 p99rtt=23ms) pop(q=0 f=0/16 p99rtt=10ms) custom(q=0 f=0/1 p99rtt=3ms) slots=24/25 jobs/s=426 drains=97825 evl=0ms
[2026-06-04 10:11:35.413] [info] [Worker 6] [libqueen] push(q=5 f=0/24 p99rtt=26ms) pop(q=0 f=0/16 p99rtt=5ms) custom(q=0 f=0/1 p99rtt=4ms) slots=25/25 jobs/s=437 drains=98031 evl=0ms
[2026-06-04 10:11:35.418] [info] [Worker 9] [libqueen] push(q=0 f=1/24 p99rtt=24ms) pop(q=0 f=0/16 p99rtt=8ms) custom(q=0 f=0/1 p99rtt=5ms) slots=24/25 jobs/s=439 drains=97767 evl=0ms
[2026-06-04 10:11:35.418] [info] [Worker 1] [libqueen] push(q=0 f=1/24 p99rtt=23ms) pop(q=0 f=0/16 p99rtt=7ms) custom(q=0 f=0/1 p99rtt=4ms) slots=24/25 jobs/s=426 drains=98699 evl=0ms
[2026-06-04 10:11:35.421] [info] [Worker 2] [libqueen] push(q=0 f=1/24 p99rtt=24ms) pop(q=0 f=0/16 p99rtt=5ms) custom(q=0 f=0/1 p99rtt=4ms) slots=24/25 jobs/s=426 drains=97114 evl=0ms
[2026-06-04 10:11:35.441] [info] [Worker 4] [libqueen] push(q=5 f=0/24 p99rtt=25ms) pop(q=0 f=0/16 p99rtt=5ms) custom(q=0 f=0/1 p99rtt=4ms) slots=25/25 jobs/s=432 drains=97422 evl=0ms
[2026-06-04 10:11:35.453] [info] [Worker 3] [libqueen] push(q=3 f=0/24 p99rtt=24ms) pop(q=0 f=0/16 p99rtt=6ms) custom(q=0 f=0/1 p99rtt=5ms) slots=25/25 jobs/s=426 drains=97968 evl=0ms
[2026-06-04 10:11:35.457] [info] [Worker 8] [libqueen] push(q=5 f=0/24 p99rtt=23ms) pop(q=0 f=0/16 p99rtt=7ms) custom(q=0 f=0/1 p99rtt=4ms) slots=25/25 jobs/s=437 drains=98377 evl=0ms
[2026-06-04 10:11:36.378] [info] [Worker 7] [libqueen] push(q=0 f=1/24 p99rtt=25ms) pop(q=0 f=0/16 p99rtt=6ms) custom(q=0 f=0/1 p99rtt=4ms) slots=24/25 jobs/s=442 drains=99088 evl=0ms
[2026-06-04 10:11:36.392] [info] [Worker 5] [libqueen] push(q=0 f=1/24 p99rtt=25ms) pop(q=0 f=0/16 p99rtt=8ms) custom(q=0 f=0/1 p99rtt=4ms) slots=24/25 jobs/s=426 drains=98042 evl=0ms
[2026-06-04 10:11:36.407] [info] [Worker 0] [libqueen] push(q=0 f=1/24 p99rtt=23ms) pop(q=0 f=0/16 p99rtt=10ms) custom(q=0 f=0/1 p99rtt=3ms) slots=24/25 jobs/s=423 drains=98426 evl=0ms
[2026-06-04 10:11:36.413] [info] [Worker 6] [libqueen] push(q=5 f=0/24 p99rtt=26ms) pop(q=0 f=0/16 p99rtt=5ms) custom(q=0 f=0/1 p99rtt=4ms) slots=25/25 jobs/s=438 drains=98641 evl=0ms
[2026-06-04 10:11:36.418] [info] [Worker 1] [libqueen] push(q=0 f=1/24 p99rtt=23ms) pop(q=0 f=0/16 p99rtt=7ms) custom(q=0 f=0/1 p99rtt=4ms) slots=24/25 jobs/s=436 drains=99309 evl=0ms
[2026-06-04 10:11:36.418] [info] [Worker 9] [libqueen] push(q=0 f=1/24 p99rtt=24ms) pop(q=0 f=0/16 p99rtt=8ms) custom(q=0 f=0/1 p99rtt=6ms) slots=24/25 jobs/s=442 drains=98389 evl=0ms
[2026-06-04 10:11:36.421] [info] [Worker 2] [libqueen] push(q=5 f=0/24 p99rtt=27ms) pop(q=0 f=0/16 p99rtt=5ms) custom(q=0 f=0/1 p99rtt=4ms) slots=25/25 jobs/s=436 drains=97726 evl=0ms
[2026-06-04 10:11:36.441] [info] [Worker 4] [libqueen] push(q=5 f=0/24 p99rtt=25ms) pop(q=0 f=0/16 p99rtt=5ms) custom(q=0 f=0/1 p99rtt=5ms) slots=25/25 jobs/s=443 drains=98052 evl=0ms
[2026-06-04 10:11:36.454] [info] [Worker 3] [libqueen] push(q=5 f=0/24 p99rtt=24ms) pop(q=0 f=0/16 p99rtt=6ms) custom(q=0 f=0/1 p99rtt=5ms) slots=25/25 jobs/s=430 drains=98577 evl=0ms
[2026-06-04 10:11:36.458] [info] [Worker 8] [libqueen] push(q=5 f=0/24 p99rtt=24ms) pop(q=0 f=0/16 p99rtt=7ms) custom(q=0 f=0/1 p99rtt=4ms) slots=25/25 jobs/s=454 drains=99001 evl=0ms
[2026-06-04 10:11:36.512] [info] QPOP: Connection aborted for f867b7ae-5a11-42dc-83c6-18a381fb1181
[2026-06-04 10:11:36.512] [info] QPOP: Connection aborted for eae9fdfe-63f3-43c7-8381-fd7d82934cfb
[2026-06-04 10:11:36.512] [info] QPOP: Connection aborted for 0534ce91-5ea8-4197-8b8a-e49d4e9dd1a5
[2026-06-04 10:11:36.512] [info] QPOP: Connection aborted for 3e98156a-6c5b-44ed-85e0-7faa73ab3509
[2026-06-04 10:11:36.513] [info] QPOP: Connection aborted for 37a0eacd-bc98-4ba8-8aed-80f80f56bc01
[2026-06-04 10:11:36.513] [info] QPOP: Connection aborted for 77a11700-daa0-42ec-8b3d-baaf888d5dda
[2026-06-04 10:11:36.513] [info] QPOP: Connection aborted for 8f943492-e96d-4379-ad70-1e50fef87830
[2026-06-04 10:11:36.513] [info] QPOP: Connection aborted for edcbaf58-b235-4f12-8b77-61fd484a87a3
[2026-06-04 10:11:36.513] [info] QPOP: Connection aborted for 2747b11e-2895-4c3c-8fab-aef2713f0cdf
[2026-06-04 10:11:36.513] [info] QPOP: Connection aborted for e285ae50-8765-40f0-8318-4977b2c8934f
[2026-06-04 10:11:36.513] [info] QPOP: Connection aborted for e8399d92-de49-415c-8797-61fba29cec00
[2026-06-04 10:11:36.517] [info] QPOP: Connection aborted for 322798f0-07de-4099-a336-220e75ecb5af
[2026-06-04 10:11:36.518] [info] QPOP: Connection aborted for 47fe7f98-9f84-4528-8a3d-59a819b32d39
[2026-06-04 10:11:36.519] [info] QPOP: Connection aborted for f4cd80a2-01c8-477d-8403-b3c81650c733
[2026-06-04 10:11:36.519] [info] QPOP: Connection aborted for b97de745-daf1-4e0d-99c5-1a3e8ceb274e
[2026-06-04 10:11:36.521] [info] QPOP: Connection aborted for 3478e37d-b2eb-49b4-bf40-929fb5031cc2
[2026-06-04 10:11:36.521] [info] QPOP: Connection aborted for a933bd26-ffb5-41d6-8597-d625a8f2f7d1
[2026-06-04 10:11:36.521] [info] QPOP: Connection aborted for e67b5744-3390-4152-8c92-b521c97b1edb
[2026-06-04 10:11:36.525] [info] QPOP: Connection aborted for 4e098b13-d4a3-4a84-b50f-9acc102a017a
[2026-06-04 10:11:36.528] [info] QPOP: Connection aborted for 6078f4b8-d2fb-4360-849a-350fc81b32f4
[2026-06-04 10:11:36.528] [info] QPOP: Connection aborted for 0aa75cb3-72a6-4a27-889b-cbb081d55343
[2026-06-04 10:11:36.528] [info] QPOP: Connection aborted for b231c6e7-da56-4b1e-a364-5799e06a40dd
[2026-06-04 10:11:36.528] [info] QPOP: Connection aborted for 598be896-8b96-499a-aa6b-1b8da0ef5ef6
[2026-06-04 10:11:36.528] [info] QPOP: Connection aborted for 2d7a72a4-06a4-49e8-bc7e-9450e22176d0
[2026-06-04 10:11:36.531] [info] QPOP: Connection aborted for 0ad7601e-5cef-4b64-9cd3-ea42c2fdbb23
[2026-06-04 10:11:36.533] [info] QPOP: Connection aborted for bded56ef-4b75-49db-a725-a5d9889881bc
[2026-06-04 10:11:36.533] [info] QPOP: Connection aborted for 1c388305-6208-4e0e-a594-2b89a8fe81a8
[2026-06-04 10:11:36.535] [info] QPOP: Connection aborted for a52ceb0d-fc60-4f3a-a963-78ece9414977
[2026-06-04 10:11:36.535] [info] QPOP: Connection aborted for 691aa5ef-880f-4d52-a3c8-6fcde1ff8993
[2026-06-04 10:11:36.539] [info] QPOP: Connection aborted for 363588db-46c2-4133-93d4-1e97aeea9647
[2026-06-04 10:11:36.541] [info] QPOP: Connection aborted for 8844279f-ae75-45d1-b9c0-d88b7a5933bb
[2026-06-04 10:11:36.542] [info] QPOP: Connection aborted for 01a57ee2-470a-4d09-a7a1-edddbf5bf387
[2026-06-04 10:11:36.542] [info] QPOP: Connection aborted for 64d8ae1f-2632-4604-9df3-ffcc08639b46
[2026-06-04 10:11:36.542] [info] QPOP: Connection aborted for ece86424-86c8-43aa-add4-9cd51cd709d3
[2026-06-04 10:11:36.542] [info] QPOP: Connection aborted for 5bb9767e-7cef-4a2c-a40e-984260b76545
[2026-06-04 10:11:36.542] [info] QPOP: Connection aborted for 55018f7f-9572-4b83-858a-f1957de8f1d6
[2026-06-04 10:11:36.547] [info] QPOP: Connection aborted for 4aadf42b-c1cc-424e-914d-ba362235df51
[2026-06-04 10:11:36.548] [info] QPOP: Connection aborted for 7e9ceb9c-70cd-438d-8e0c-92e2d20e2939
[2026-06-04 10:11:36.548] [info] QPOP: Connection aborted for 65e1002e-6262-4b89-bf28-0fa5823b5fd7
[2026-06-04 10:11:36.549] [info] QPOP: Connection aborted for 29f329a8-46c5-4e7e-8276-1d0191041210
[2026-06-04 10:11:36.550] [info] QPOP: Connection aborted for 65dcc0f6-81f1-44e0-81d6-2db389ae5022
[2026-06-04 10:11:36.550] [info] QPOP: Connection aborted for e3a4814a-53ca-4a94-a7d3-2e6ad09c9588
[2026-06-04 10:11:36.550] [info] QPOP: Connection aborted for 353ca033-fd4e-4f7b-9ff2-e3b47758f125
[2026-06-04 10:11:36.550] [info] QPOP: Connection aborted for 9ca37c65-9910-4592-a06e-f1610f51190c
[2026-06-04 10:11:36.550] [info] QPOP: Connection aborted for 350145ac-cd34-4247-97ee-38e3a5bcf82a
[2026-06-04 10:11:36.550] [info] QPOP: Connection aborted for 9fb75670-ab5b-4ad8-b196-8c78734eefc6
[2026-06-04 10:11:36.553] [info] QPOP: Connection aborted for 0035f58c-3256-4d95-9bab-42e28c4f41fe
[2026-06-04 10:11:36.553] [info] QPOP: Connection aborted for 989bad45-47f2-40e1-be9d-7a5f6c832f45
[2026-06-04 10:11:36.553] [info] QPOP: Connection aborted for c927c0da-37fc-4794-ab31-87b8ad0d48d8
[2026-06-04 10:11:36.557] [info] QPOP: Connection aborted for 7fc1f618-393f-4669-8cfa-78bf130bcef6
[2026-06-04 10:11:37.379] [info] [Worker 7] [libqueen] push(q=5 f=0/24 p99rtt=25ms) pop(q=0 f=0/16 p99rtt=6ms) custom(q=0 f=0/1 p99rtt=4ms) slots=25/25 jobs/s=498 drains=99800 evl=0ms
[2026-06-04 10:11:37.392] [info] [Worker 5] [libqueen] push(q=5 f=0/24 p99rtt=25ms) pop(q=0 f=0/16 p99rtt=8ms) custom(q=0 f=0/1 p99rtt=4ms) slots=25/25 jobs/s=498 drains=98767 evl=0ms
[2026-06-04 10:11:37.408] [info] [Worker 0] [libqueen] push(q=0 f=1/24 p99rtt=23ms) pop(q=0 f=0/16 p99rtt=10ms) custom(q=0 f=0/1 p99rtt=4ms) slots=24/25 jobs/s=492 drains=99126 evl=0ms
[2026-06-04 10:11:37.413] [info] [Worker 6] [libqueen] push(q=5 f=0/24 p99rtt=26ms) pop(q=0 f=0/16 p99rtt=5ms) custom(q=0 f=0/1 p99rtt=4ms) slots=25/25 jobs/s=498 drains=99347 evl=0ms
[2026-06-04 10:11:37.417] [info] [Worker 9] [libqueen] push(q=5 f=0/24 p99rtt=24ms) pop(q=0 f=0/16 p99rtt=8ms) custom(q=0 f=0/1 p99rtt=8ms) slots=25/25 jobs/s=504 drains=99094 evl=0ms
[2026-06-04 10:11:37.417] [info] [Worker 1] [libqueen] push(q=0 f=0/24 p99rtt=23ms) pop(q=0 f=0/16 p99rtt=6ms) custom(q=0 f=1/1 p99rtt=4ms) slots=24/25 jobs/s=533 drains=100057 evl=0ms
[2026-06-04 10:11:37.421] [info] [Worker 2] [libqueen] push(q=5 f=0/24 p99rtt=24ms) pop(q=0 f=0/16 p99rtt=5ms) custom(q=0 f=0/1 p99rtt=4ms) slots=25/25 jobs/s=486 drains=98431 evl=0ms
[2026-06-04 10:11:37.442] [info] [Worker 4] [libqueen] push(q=0 f=1/24 p99rtt=25ms) pop(q=0 f=0/16 p99rtt=5ms) custom(q=0 f=0/1 p99rtt=5ms) slots=24/25 jobs/s=504 drains=98766 evl=0ms
[2026-06-04 10:11:37.453] [info] [Worker 3] [libqueen] push(q=0 f=1/24 p99rtt=24ms) pop(q=0 f=0/16 p99rtt=6ms) custom(q=0 f=0/1 p99rtt=5ms) slots=24/25 jobs/s=492 drains=99263 evl=0ms
[2026-06-04 10:11:37.457] [info] [Worker 8] [libqueen] push(q=5 f=0/24 p99rtt=24ms) pop(q=0 f=0/16 p99rtt=5ms) custom(q=0 f=0/1 p99rtt=4ms) slots=25/25 jobs/s=486 drains=99717 evl=0ms
[2026-06-04 10:11:37.714] [info] StatsService: cycle completed in 19ms
[2026-06-04 10:11:37.833] [info] PartitionLookupReconcileService: fixed 8 partition_lookup rows (stats leader, hostname=a4dbf4b4cbaf)
[2026-06-04 10:11:38.379] [info] [Worker 7] [libqueen] push(q=1 f=0/24 p99rtt=31ms) pop(q=0 f=0/16 p99rtt=6ms) custom(q=0 f=1/1 p99rtt=4ms) slots=24/25 jobs/s=329 drains=100253 evl=0ms
[2026-06-04 10:11:38.393] [info] [Worker 5] [libqueen] push(q=0 f=1/24 p99rtt=31ms) pop(q=0 f=0/16 p99rtt=8ms) custom(q=1 f=1/1 p99rtt=5ms) slots=23/25 jobs/s=328 drains=99226 evl=0ms
[2026-06-04 10:11:38.408] [info] [Worker 0] [libqueen] push(q=0 f=1/24 p99rtt=28ms) pop(q=0 f=0/16 p99rtt=10ms) custom(q=1 f=1/1 p99rtt=5ms) slots=23/25 jobs/s=322 drains=99566 evl=0ms
[2026-06-04 10:11:38.413] [info] [Worker 6] [libqueen] push(q=0 f=1/24 p99rtt=31ms) pop(q=0 f=0/16 p99rtt=5ms) custom(q=0 f=1/1 p99rtt=5ms) slots=23/25 jobs/s=317 drains=99779 evl=0ms
[2026-06-04 10:11:38.417] [info] [Worker 1] [libqueen] push(q=0 f=1/24 p99rtt=31ms) pop(q=0 f=0/16 p99rtt=6ms) custom(q=0 f=1/1 p99rtt=5ms) slots=23/25 jobs/s=312 drains=100487 evl=0ms
[2026-06-04 10:11:38.418] [info] [Worker 9] [libqueen] push(q=0 f=1/24 p99rtt=29ms) pop(q=0 f=0/16 p99rtt=8ms) custom(q=1 f=1/1 p99rtt=8ms) slots=23/25 jobs/s=304 drains=99515 evl=0ms
[2026-06-04 10:11:38.421] [info] [Worker 2] [libqueen] push(q=0 f=1/24 p99rtt=32ms) pop(q=0 f=0/16 p99rtt=5ms) custom(q=0 f=1/1 p99rtt=5ms) slots=23/25 jobs/s=311 drains=98851 evl=0ms
[2026-06-04 10:11:38.443] [info] [Worker 4] [libqueen] push(q=0 f=1/24 p99rtt=30ms) pop(q=0 f=0/16 p99rtt=5ms) custom(q=1 f=1/1 p99rtt=6ms) slots=23/25 jobs/s=298 drains=99189 evl=0ms
[2026-06-04 10:11:38.453] [info] [Worker 3] [libqueen] push(q=0 f=1/24 p99rtt=31ms) pop(q=0 f=0/16 p99rtt=6ms) custom(q=2 f=1/1 p99rtt=5ms) slots=23/25 jobs/s=285 drains=99668 evl=0ms
[2026-06-04 10:11:38.458] [info] [Worker 8] [libqueen] push(q=0 f=1/24 p99rtt=31ms) pop(q=0 f=0/16 p99rtt=5ms) custom(q=0 f=1/1 p99rtt=5ms) slots=23/25 jobs/s=293 drains=100122 evl=0ms
[2026-06-04 10:11:39.379] [info] [Worker 7] [libqueen] push(q=5 f=0/24 p99rtt=33ms) pop(q=0 f=0/16 p99rtt=6ms) custom(q=0 f=0/1 p99rtt=4ms) slots=25/25 jobs/s=433 drains=100854 evl=0ms
[2026-06-04 10:11:39.393] [info] [Worker 5] [libqueen] push(q=5 f=0/24 p99rtt=35ms) pop(q=0 f=0/16 p99rtt=8ms) custom(q=0 f=0/1 p99rtt=5ms) slots=25/25 jobs/s=440 drains=99829 evl=0ms
[2026-06-04 10:11:39.409] [info] [Worker 0] [libqueen] push(q=5 f=0/24 p99rtt=35ms) pop(q=0 f=0/16 p99rtt=10ms) custom(q=0 f=0/1 p99rtt=5ms) slots=25/25 jobs/s=458 drains=100187 evl=0ms
[2026-06-04 10:11:39.414] [info] [Worker 6] [libqueen] push(q=0 f=1/24 p99rtt=34ms) pop(q=0 f=0/16 p99rtt=5ms) custom(q=0 f=0/1 p99rtt=5ms) slots=24/25 jobs/s=457 drains=100418 evl=0ms
[2026-06-04 10:11:39.417] [info] [Worker 9] [libqueen] push(q=5 f=0/24 p99rtt=35ms) pop(q=0 f=0/16 p99rtt=8ms) custom(q=0 f=0/1 p99rtt=9ms) slots=25/25 jobs/s=452 drains=100151 evl=0ms
[2026-06-04 10:11:39.418] [info] [Worker 1] [libqueen] push(q=5 f=0/24 p99rtt=33ms) pop(q=0 f=0/16 p99rtt=6ms) custom(q=0 f=0/1 p99rtt=8ms) slots=25/25 jobs/s=469 drains=101130 evl=0ms
[2026-06-04 10:11:39.421] [info] [Worker 2] [libqueen] push(q=4 f=0/24 p99rtt=34ms) pop(q=0 f=0/16 p99rtt=5ms) custom(q=0 f=0/1 p99rtt=7ms) slots=25/25 jobs/s=463 drains=99493 evl=0ms
[2026-06-04 10:11:39.444] [info] [Worker 4] [libqueen] push(q=5 f=0/24 p99rtt=35ms) pop(q=0 f=0/16 p99rtt=5ms) custom(q=0 f=0/1 p99rtt=6ms) slots=25/25 jobs/s=476 drains=99841 evl=0ms
[2026-06-04 10:11:39.453] [info] [Worker 3] [libqueen] push(q=5 f=0/24 p99rtt=34ms) pop(q=0 f=0/16 p99rtt=6ms) custom(q=0 f=0/1 p99rtt=5ms) slots=25/25 jobs/s=471 drains=100315 evl=0ms
[2026-06-04 10:11:39.458] [info] [Worker 8] [libqueen] push(q=0 f=1/24 p99rtt=35ms) pop(q=0 f=0/16 p99rtt=5ms) custom(q=0 f=0/1 p99rtt=6ms) slots=24/25 jobs/s=487 drains=100789 evl=0ms
[2026-06-04 10:11:40.379] [info] [Worker 7] [libqueen] push(q=0 f=1/24 p99rtt=33ms) pop(q=0 f=0/16 p99rtt=6ms) custom(q=0 f=0/1 p99rtt=4ms) slots=24/25 jobs/s=552 drains=101610 evl=0ms
[2026-06-04 10:11:40.394] [info] [Worker 5] [libqueen] push(q=0 f=1/24 p99rtt=35ms) pop(q=0 f=0/16 p99rtt=8ms) custom(q=0 f=0/1 p99rtt=5ms) slots=24/25 jobs/s=534 drains=100563 evl=0ms
[2026-06-04 10:11:40.409] [info] [Worker 0] [libqueen] push(q=5 f=0/24 p99rtt=35ms) pop(q=0 f=0/16 p99rtt=10ms) custom(q=0 f=0/1 p99rtt=5ms) slots=25/25 jobs/s=543 drains=100937 evl=0ms
[2026-06-04 10:11:40.414] [info] [Worker 6] [libqueen] push(q=0 f=0/24 p99rtt=35ms) pop(q=0 f=0/16 p99rtt=5ms) custom(q=0 f=1/1 p99rtt=5ms) slots=24/25 jobs/s=527 drains=101142 evl=0ms
[2026-06-04 10:11:40.417] [info] [Worker 1] [libqueen] push(q=5 f=0/24 p99rtt=35ms) pop(q=0 f=0/16 p99rtt=6ms) custom(q=0 f=0/1 p99rtt=5ms) slots=25/25 jobs/s=546 drains=101890 evl=0ms
[2026-06-04 10:11:40.418] [info] [Worker 9] [libqueen] push(q=5 f=0/24 p99rtt=35ms) pop(q=0 f=0/16 p99rtt=8ms) custom(q=0 f=1/1 p99rtt=8ms) slots=24/25 jobs/s=545 drains=100893 evl=0ms
[2026-06-04 10:11:40.421] [info] [Worker 2] [libqueen] push(q=5 f=0/24 p99rtt=35ms) pop(q=0 f=0/16 p99rtt=5ms) custom(q=0 f=0/1 p99rtt=7ms) slots=25/25 jobs/s=528 drains=100230 evl=0ms
[2026-06-04 10:11:40.444] [info] [Worker 4] [libqueen] push(q=0 f=1/24 p99rtt=35ms) pop(q=0 f=0/16 p99rtt=5ms) custom(q=0 f=0/1 p99rtt=6ms) slots=24/25 jobs/s=528 drains=100574 evl=0ms
[2026-06-04 10:11:40.453] [info] [Worker 3] [libqueen] push(q=0 f=0/24 p99rtt=34ms) pop(q=0 f=0/16 p99rtt=6ms) custom(q=0 f=0/1 p99rtt=6ms) slots=25/25 jobs/s=546 drains=101054 evl=0ms
[2026-06-04 10:11:40.458] [info] [Worker 8] [libqueen] push(q=0 f=0/24 p99rtt=35ms) pop(q=0 f=0/16 p99rtt=5ms) custom(q=0 f=1/1 p99rtt=5ms) slots=24/25 jobs/s=533 drains=101525 evl=0ms
[2026-06-04 10:11:41.379] [info] [Worker 7] [libqueen] push(q=0 f=1/24 p99rtt=36ms) pop(q=0 f=0/16 p99rtt=6ms) custom(q=0 f=0/1 p99rtt=4ms) slots=24/25 jobs/s=542 drains=102362 evl=0ms
[2026-06-04 10:11:41.395] [info] [Worker 5] [libqueen] push(q=5 f=0/24 p99rtt=36ms) pop(q=0 f=0/16 p99rtt=8ms) custom(q=0 f=0/1 p99rtt=5ms) slots=25/25 jobs/s=552 drains=101318 evl=0ms
[2026-06-04 10:11:41.408] [info] [Worker 0] [libqueen] push(q=0 f=1/24 p99rtt=36ms) pop(q=0 f=0/16 p99rtt=10ms) custom(q=0 f=0/1 p99rtt=5ms) slots=24/25 jobs/s=557 drains=101714 evl=0ms
[2026-06-04 10:11:41.415] [info] [Worker 6] [libqueen] push(q=5 f=0/24 p99rtt=35ms) pop(q=0 f=0/16 p99rtt=5ms) custom(q=0 f=0/1 p99rtt=5ms) slots=25/25 jobs/s=556 drains=101923 evl=0ms
[2026-06-04 10:11:41.417] [info] [Worker 1] [libqueen] push(q=5 f=0/24 p99rtt=35ms) pop(q=0 f=0/16 p99rtt=6ms) custom(q=0 f=0/1 p99rtt=8ms) slots=25/25 jobs/s=564 drains=102670 evl=0ms
[2026-06-04 10:11:41.418] [info] [Worker 9] [libqueen] push(q=0 f=1/24 p99rtt=35ms) pop(q=0 f=0/16 p99rtt=8ms) custom(q=0 f=0/1 p99rtt=8ms) slots=24/25 jobs/s=555 drains=101670 evl=0ms
[2026-06-04 10:11:41.421] [info] [Worker 2] [libqueen] push(q=0 f=1/24 p99rtt=35ms) pop(q=0 f=0/16 p99rtt=5ms) custom(q=0 f=0/1 p99rtt=7ms) slots=24/25 jobs/s=564 drains=101002 evl=0ms
[2026-06-04 10:11:41.444] [info] [Worker 4] [libqueen] push(q=5 f=0/24 p99rtt=36ms) pop(q=0 f=0/16 p99rtt=5ms) custom(q=0 f=0/1 p99rtt=6ms) slots=25/25 jobs/s=566 drains=101349 evl=0ms
[2026-06-04 10:11:41.454] [info] [Worker 3] [libqueen] push(q=0 f=1/24 p99rtt=35ms) pop(q=0 f=0/16 p99rtt=6ms) custom(q=0 f=0/1 p99rtt=5ms) slots=24/25 jobs/s=555 drains=101818 evl=0ms
[2026-06-04 10:11:41.457] [info] [Worker 8] [libqueen] push(q=0 f=1/24 p99rtt=36ms) pop(q=0 f=0/16 p99rtt=5ms) custom(q=0 f=0/1 p99rtt=5ms) slots=24/25 jobs/s=557 drains=102295 evl=0ms
[2026-06-04 10:11:42.380] [info] [Worker 7] [libqueen] push(q=5 f=0/24 p99rtt=36ms) pop(q=0 f=0/16 p99rtt=6ms) custom(q=0 f=0/1 p99rtt=4ms) slots=25/25 jobs/s=594 drains=103174 evl=0ms
[2026-06-04 10:11:42.394] [info] [Worker 5] [libqueen] push(q=0 f=0/24 p99rtt=36ms) pop(q=0 f=0/16 p99rtt=8ms) custom(q=0 f=0/1 p99rtt=5ms) slots=25/25 jobs/s=582 drains=102126 evl=0ms
[2026-06-04 10:11:42.408] [info] [Worker 0] [libqueen] push(q=5 f=0/24 p99rtt=36ms) pop(q=0 f=0/16 p99rtt=10ms) custom(q=0 f=0/1 p99rtt=5ms) slots=25/25 jobs/s=594 drains=102520 evl=0ms
[2026-06-04 10:11:42.415] [info] [Worker 6] [libqueen] push(q=5 f=0/24 p99rtt=35ms) pop(q=0 f=0/16 p99rtt=5ms) custom(q=0 f=0/1 p99rtt=5ms) slots=25/25 jobs/s=600 drains=102752 evl=0ms
[2026-06-04 10:11:42.417] [info] [Worker 9] [libqueen] push(q=5 f=0/24 p99rtt=35ms) pop(q=0 f=0/16 p99rtt=8ms) custom(q=0 f=0/1 p99rtt=8ms) slots=25/25 jobs/s=594 drains=102483 evl=0ms
[2026-06-04 10:11:42.417] [info] [Worker 1] [libqueen] push(q=5 f=0/24 p99rtt=35ms) pop(q=0 f=0/16 p99rtt=6ms) custom(q=0 f=0/1 p99rtt=8ms) slots=25/25 jobs/s=594 drains=103474 evl=0ms
[2026-06-04 10:11:42.421] [info] [Worker 2] [libqueen] push(q=5 f=0/24 p99rtt=35ms) pop(q=0 f=0/16 p99rtt=5ms) custom(q=0 f=0/1 p99rtt=5ms) slots=25/25 jobs/s=594 drains=101818 evl=0ms
[2026-06-04 10:11:42.444] [info] [Worker 4] [libqueen] push(q=2 f=0/24 p99rtt=36ms) pop(q=0 f=0/16 p99rtt=5ms) custom(q=0 f=1/1 p99rtt=6ms) slots=24/25 jobs/s=581 drains=102151 evl=0ms
[2026-06-04 10:11:42.453] [info] [Worker 3] [libqueen] push(q=3 f=0/24 p99rtt=35ms) pop(q=0 f=0/16 p99rtt=6ms) custom(q=0 f=0/1 p99rtt=5ms) slots=25/25 jobs/s=594 drains=102636 evl=0ms
[2026-06-04 10:11:42.458] [info] [Worker 8] [libqueen] push(q=5 f=0/24 p99rtt=36ms) pop(q=0 f=0/16 p99rtt=5ms) custom(q=0 f=0/1 p99rtt=6ms) slots=25/25 jobs/s=594 drains=103117 evl=0ms
[2026-06-04 10:11:43.380] [info] [Worker 7] [libqueen] push(q=3 f=0/24 p99rtt=36ms) pop(q=0 f=0/16 p99rtt=6ms) custom(q=0 f=1/1 p99rtt=5ms) slots=24/25 jobs/s=563 drains=103961 evl=0ms
[2026-06-04 10:11:43.395] [info] [Worker 5] [libqueen] push(q=5 f=0/24 p99rtt=36ms) pop(q=0 f=0/16 p99rtt=8ms) custom(q=0 f=0/1 p99rtt=5ms) slots=25/25 jobs/s=558 drains=102900 evl=0ms
[2026-06-04 10:11:43.408] [info] [Worker 0] [libqueen] push(q=5 f=0/24 p99rtt=36ms) pop(q=0 f=0/16 p99rtt=9ms) custom(q=0 f=0/1 p99rtt=5ms) slots=25/25 jobs/s=570 drains=103302 evl=0ms
[2026-06-04 10:11:43.415] [info] [Worker 6] [libqueen] push(q=5 f=0/24 p99rtt=35ms) pop(q=0 f=0/16 p99rtt=5ms) custom(q=0 f=0/1 p99rtt=5ms) slots=25/25 jobs/s=558 drains=103515 evl=0ms
[2026-06-04 10:11:43.418] [info] [Worker 1] [libqueen] push(q=5 f=0/24 p99rtt=35ms) pop(q=0 f=0/16 p99rtt=6ms) custom(q=0 f=0/1 p99rtt=8ms) slots=25/25 jobs/s=576 drains=104280 evl=0ms
[2026-06-04 10:11:43.418] [info] [Worker 9] [libqueen] push(q=5 f=0/24 p99rtt=35ms) pop(q=0 f=0/16 p99rtt=8ms) custom(q=0 f=0/1 p99rtt=8ms) slots=25/25 jobs/s=558 drains=103256 evl=0ms
[2026-06-04 10:11:43.421] [info] [Worker 2] [libqueen] push(q=0 f=1/24 p99rtt=35ms) pop(q=0 f=0/16 p99rtt=5ms) custom(q=0 f=0/1 p99rtt=7ms) slots=24/25 jobs/s=558 drains=102600 evl=0ms
[2026-06-04 10:11:43.444] [info] [Worker 4] [libqueen] push(q=5 f=0/24 p99rtt=36ms) pop(q=0 f=0/16 p99rtt=5ms) custom(q=0 f=0/1 p99rtt=6ms) slots=25/25 jobs/s=553 drains=102920 evl=0ms
[2026-06-04 10:11:43.453] [info] [Worker 3] [libqueen] push(q=5 f=0/24 p99rtt=35ms) pop(q=0 f=0/16 p99rtt=6ms) custom(q=0 f=0/1 p99rtt=5ms) slots=25/25 jobs/s=540 drains=103372 evl=0ms
[2026-06-04 10:11:43.458] [info] [Worker 8] [libqueen] push(q=0 f=1/24 p99rtt=36ms) pop(q=0 f=0/16 p99rtt=5ms) custom(q=0 f=0/1 p99rtt=6ms) slots=24/25 jobs/s=546 drains=103879 evl=0ms
[2026-06-04 10:11:43.840] [info] PartitionLookupReconcileService: fixed 5 partition_lookup rows (stats leader, hostname=a4dbf4b4cbaf)
[2026-06-04 10:11:44.379] [info] [Worker 7] [libqueen] push(q=2 f=0/24 p99rtt=35ms) pop(q=0 f=0/16 p99rtt=6ms) custom(q=0 f=0/1 p99rtt=5ms) slots=25/25 jobs/s=541 drains=104692 evl=0ms
[2026-06-04 10:11:44.394] [info] [Worker 5] [libqueen] push(q=5 f=0/24 p99rtt=36ms) pop(q=0 f=0/16 p99rtt=8ms) custom(q=0 f=0/1 p99rtt=5ms) slots=25/25 jobs/s=531 drains=103639 evl=0ms
[2026-06-04 10:11:44.408] [info] [Worker 0] [libqueen] push(q=0 f=0/24 p99rtt=35ms) pop(q=0 f=0/16 p99rtt=9ms) custom(q=0 f=1/1 p99rtt=5ms) slots=24/25 jobs/s=545 drains=104055 evl=0ms
[2026-06-04 10:11:44.414] [info] [Worker 6] [libqueen] push(q=0 f=0/24 p99rtt=35ms) pop(q=0 f=0/16 p99rtt=5ms) custom(q=0 f=0/1 p99rtt=5ms) slots=25/25 jobs/s=540 drains=104213 evl=0ms
[2026-06-04 10:11:44.417] [info] [Worker 1] [libqueen] push(q=5 f=0/24 p99rtt=33ms) pop(q=0 f=0/16 p99rtt=6ms) custom(q=0 f=0/1 p99rtt=8ms) slots=25/25 jobs/s=552 drains=105026 evl=0ms
[2026-06-04 10:11:44.418] [info] [Worker 9] [libqueen] push(q=5 f=0/24 p99rtt=35ms) pop(q=0 f=0/16 p99rtt=8ms) custom(q=0 f=0/1 p99rtt=8ms) slots=25/25 jobs/s=540 drains=103995 evl=0ms
[2026-06-04 10:11:44.422] [info] [Worker 2] [libqueen] push(q=0 f=1/24 p99rtt=34ms) pop(q=0 f=0/16 p99rtt=5ms) custom(q=0 f=0/1 p99rtt=7ms) slots=24/25 jobs/s=522 drains=103301 evl=0ms
[2026-06-04 10:11:44.444] [info] [Worker 4] [libqueen] push(q=0 f=1/24 p99rtt=35ms) pop(q=0 f=0/16 p99rtt=5ms) custom(q=0 f=0/1 p99rtt=5ms) slots=24/25 jobs/s=534 drains=103653 evl=0ms
[2026-06-04 10:11:44.453] [info] [Worker 3] [libqueen] push(q=3 f=0/24 p99rtt=34ms) pop(q=0 f=0/16 p99rtt=6ms) custom(q=0 f=1/1 p99rtt=5ms) slots=24/25 jobs/s=527 drains=104060 evl=0ms
[2026-06-04 10:11:44.457] [info] [Worker 8] [libqueen] push(q=0 f=0/24 p99rtt=35ms) pop(q=0 f=0/16 p99rtt=5ms) custom(q=0 f=1/1 p99rtt=6ms) slots=24/25 jobs/s=551 drains=104644 evl=0ms
[2026-06-04 10:11:45.380] [info] [Worker 7] [libqueen] push(q=0 f=1/24 p99rtt=36ms) pop(q=0 f=0/16 p99rtt=6ms) custom(q=0 f=0/1 p99rtt=4ms) slots=24/25 jobs/s=510 drains=105417 evl=0ms
[2026-06-04 10:11:45.394] [info] [Worker 5] [libqueen] push(q=0 f=1/24 p99rtt=37ms) pop(q=0 f=0/16 p99rtt=8ms) custom(q=0 f=0/1 p99rtt=5ms) slots=24/25 jobs/s=510 drains=104355 evl=0ms
[2026-06-04 10:11:45.408] [info] [Worker 0] [libqueen] push(q=4 f=0/24 p99rtt=36ms) pop(q=0 f=0/16 p99rtt=9ms) custom(q=0 f=0/1 p99rtt=5ms) slots=25/25 jobs/s=511 drains=104761 evl=0ms
[2026-06-04 10:11:45.415] [info] [Worker 6] [libqueen] push(q=0 f=1/24 p99rtt=36ms) pop(q=0 f=0/16 p99rtt=5ms) custom(q=0 f=0/1 p99rtt=5ms) slots=24/25 jobs/s=510 drains=104927 evl=0ms
[2026-06-04 10:11:45.417] [info] [Worker 1] [libqueen] push(q=0 f=1/24 p99rtt=33ms) pop(q=0 f=0/16 p99rtt=6ms) custom(q=0 f=0/1 p99rtt=9ms) slots=24/25 jobs/s=522 drains=105754 evl=0ms
[2026-06-04 10:11:45.418] [info] [Worker 9] [libqueen] push(q=5 f=0/24 p99rtt=35ms) pop(q=0 f=0/16 p99rtt=8ms) custom(q=0 f=0/1 p99rtt=8ms) slots=25/25 jobs/s=510 drains=104705 evl=0ms
[2026-06-04 10:11:45.421] [info] [Worker 2] [libqueen] push(q=3 f=0/24 p99rtt=34ms) pop(q=0 f=0/16 p99rtt=5ms) custom(q=0 f=0/1 p99rtt=7ms) slots=25/25 jobs/s=516 drains=104007 evl=0ms
[2026-06-04 10:11:45.444] [info] [Worker 4] [libqueen] push(q=0 f=1/24 p99rtt=36ms) pop(q=0 f=0/16 p99rtt=5ms) custom(q=0 f=0/1 p99rtt=5ms) slots=24/25 jobs/s=510 drains=104364 evl=0ms
[2026-06-04 10:11:45.454] [info] [Worker 3] [libqueen] push(q=5 f=0/24 p99rtt=34ms) pop(q=0 f=0/16 p99rtt=6ms) custom(q=0 f=0/1 p99rtt=5ms) slots=25/25 jobs/s=499 drains=104761 evl=0ms
[2026-06-04 10:11:45.458] [info] [Worker 8] [libqueen] push(q=0 f=1/24 p99rtt=36ms) pop(q=0 f=0/16 p99rtt=5ms) custom(q=0 f=0/1 p99rtt=6ms) slots=24/25 jobs/s=511 drains=105348 evl=0ms
[2026-06-04 10:11:46.379] [info] [Worker 7] [libqueen] push(q=0 f=1/24 p99rtt=36ms) pop(q=0 f=0/16 p99rtt=6ms) custom(q=0 f=0/1 p99rtt=5ms) slots=24/25 jobs/s=565 drains=106191 evl=0ms
[2026-06-04 10:11:46.395] [info] [Worker 5] [libqueen] push(q=3 f=0/24 p99rtt=37ms) pop(q=0 f=0/16 p99rtt=8ms) custom(q=0 f=1/1 p99rtt=6ms) slots=24/25 jobs/s=581 drains=105146 evl=0ms
[2026-06-04 10:11:46.409] [info] [Worker 0] [libqueen] push(q=0 f=1/24 p99rtt=36ms) pop(q=0 f=0/16 p99rtt=9ms) custom(q=0 f=0/1 p99rtt=5ms) slots=24/25 jobs/s=558 drains=105537 evl=0ms
[2026-06-04 10:11:46.414] [info] [Worker 6] [libqueen] push(q=0 f=0/24 p99rtt=36ms) pop(q=0 f=0/16 p99rtt=5ms) custom(q=0 f=0/1 p99rtt=5ms) slots=25/25 jobs/s=558 drains=105697 evl=0ms
[2026-06-04 10:11:46.417] [info] [Worker 1] [libqueen] push(q=5 f=0/24 p99rtt=32ms) pop(q=0 f=0/16 p99rtt=6ms) custom(q=0 f=0/1 p99rtt=9ms) slots=25/25 jobs/s=570 drains=106540 evl=0ms
[2026-06-04 10:11:46.417] [info] [Worker 9] [libqueen] push(q=5 f=0/24 p99rtt=35ms) pop(q=0 f=0/16 p99rtt=8ms) custom(q=0 f=0/1 p99rtt=8ms) slots=25/25 jobs/s=570 drains=105488 evl=0ms
[2026-06-04 10:11:46.421] [info] [Worker 2] [libqueen] push(q=0 f=1/24 p99rtt=33ms) pop(q=0 f=0/16 p99rtt=5ms) custom(q=0 f=0/1 p99rtt=7ms) slots=24/25 jobs/s=564 drains=104787 evl=0ms
[2026-06-04 10:11:46.444] [info] [Worker 4] [libqueen] push(q=0 f=1/24 p99rtt=36ms) pop(q=0 f=0/16 p99rtt=5ms) custom(q=0 f=1/1 p99rtt=8ms) slots=23/25 jobs/s=557 drains=105128 evl=0ms
[2026-06-04 10:11:46.454] [info] [Worker 3] [libqueen] push(q=5 f=0/24 p99rtt=34ms) pop(q=0 f=0/16 p99rtt=6ms) custom(q=0 f=0/1 p99rtt=5ms) slots=25/25 jobs/s=552 drains=105539 evl=0ms
[2026-06-04 10:11:46.457] [info] [Worker 8] [libqueen] push(q=0 f=1/24 p99rtt=36ms) pop(q=0 f=0/16 p99rtt=5ms) custom(q=0 f=0/1 p99rtt=7ms) slots=24/25 jobs/s=570 drains=106140 evl=0ms
[2026-06-04 10:11:46.514] [info] QPOP: Connection aborted for c1a0da6e-a37d-4638-a72d-cb62a2939587
[2026-06-04 10:11:46.514] [info] QPOP: Connection aborted for 0545fde7-557a-4c12-8c73-e0af766d2ce1
[2026-06-04 10:11:46.514] [info] QPOP: Connection aborted for c14ac938-858e-485b-81db-fd74512d56f9
[2026-06-04 10:11:46.514] [info] QPOP: Connection aborted for ba3174ed-cfe2-43db-af1d-08caf4d4c15d
[2026-06-04 10:11:46.514] [info] QPOP: Connection aborted for 3d43e52b-38e6-4cff-bb4e-73c0cc08a4f3
[2026-06-04 10:11:46.514] [info] QPOP: Connection aborted for 99b76806-5f72-4a99-b1f6-fa192eb5bd82
[2026-06-04 10:11:46.514] [info] QPOP: Connection aborted for 13d96eed-c2f7-4e3e-a809-164718f034d4
[2026-06-04 10:11:46.515] [info] QPOP: Connection aborted for d564aaea-93f8-47c3-b44f-13edb6b7272c
[2026-06-04 10:11:46.515] [info] QPOP: Connection aborted for a2e5934c-7c9a-4e5d-80c5-f1455e574b49
[2026-06-04 10:11:46.515] [info] QPOP: Connection aborted for 7f6abbe4-6292-4730-b05c-e4f35b07cde0
[2026-06-04 10:11:46.515] [info] QPOP: Connection aborted for 7d916c70-79bc-4b3e-ae82-fcb1ecab0c4c
[2026-06-04 10:11:46.517] [info] QPOP: Connection aborted for 1cede6d8-b405-4394-a01f-e35cb234845a
[2026-06-04 10:11:46.517] [info] QPOP: Connection aborted for 524275f6-bcff-4e60-be73-aafbc0f51e62
[2026-06-04 10:11:46.519] [info] QPOP: Connection aborted for 083d4aa2-08ed-4007-af46-0e4dc87504bc
[2026-06-04 10:11:46.520] [info] QPOP: Connection aborted for cdab78f5-2cc4-4e80-8b20-f6c576889acf
[2026-06-04 10:11:46.521] [info] QPOP: Connection aborted for 3698a302-2b16-416e-b218-6b7d7d68f409
[2026-06-04 10:11:46.522] [info] QPOP: Connection aborted for 99f25f5e-07fa-4485-bec2-ab4c9333fc03
[2026-06-04 10:11:46.522] [info] QPOP: Connection aborted for 70fd2627-0f9d-4da6-8767-237b889f45d2
[2026-06-04 10:11:46.527] [info] QPOP: Connection aborted for 05a331b3-c5c7-4511-94f9-706649af4dce
[2026-06-04 10:11:46.530] [info] QPOP: Connection aborted for 43fd5b5a-dc6e-43fd-94f9-b599bb634dfe
[2026-06-04 10:11:46.530] [info] QPOP: Connection aborted for f4e2db6b-34f9-45cc-bb6d-735cf880cf81
[2026-06-04 10:11:46.530] [info] QPOP: Connection aborted for e040a3e9-66b8-40a9-8d02-77397721b752
[2026-06-04 10:11:46.530] [info] QPOP: Connection aborted for 284512a4-5e27-49c3-8f59-96d4b6803162
[2026-06-04 10:11:46.530] [info] QPOP: Connection aborted for be79a409-38bc-4981-8660-726d7f3a5908
[2026-06-04 10:11:46.532] [info] QPOP: Connection aborted for 8a1f59cf-7b81-4976-af7a-4a9f989febe2
[2026-06-04 10:11:46.534] [info] QPOP: Connection aborted for 890ea2f1-4b77-4c78-a074-51a7aeda8189
[2026-06-04 10:11:46.534] [info] QPOP: Connection aborted for 0116ae33-b516-4d60-8609-d5b6e5fff787
[2026-06-04 10:11:46.536] [info] QPOP: Connection aborted for f0a3e9f8-f1f6-4e93-aa04-90c51825948f
[2026-06-04 10:11:46.536] [info] QPOP: Connection aborted for a5a58ac1-acee-4336-9ef6-3c9e4c685bf2
[2026-06-04 10:11:46.540] [info] QPOP: Connection aborted for bbad2686-52b3-484f-b8fb-2daf408083e5
[2026-06-04 10:11:46.542] [info] QPOP: Connection aborted for 7b5dcb7a-dc52-4595-ba2b-e3315023eb87
[2026-06-04 10:11:46.543] [info] QPOP: Connection aborted for a0945e2b-12ae-4239-b6c0-49308a40abe4
[2026-06-04 10:11:46.543] [info] QPOP: Connection aborted for 8fc885c1-0975-438e-8881-36ce69daccf2
[2026-06-04 10:11:46.544] [info] QPOP: Connection aborted for a0551b53-75e0-48eb-a4e4-a188eb3ea02d
[2026-06-04 10:11:46.545] [info] QPOP: Connection aborted for 522cd421-3109-4140-b286-51dabd39f30a
[2026-06-04 10:11:46.545] [info] QPOP: Connection aborted for d120bd00-2d51-442b-9e68-b0c0670f5384
[2026-06-04 10:11:46.548] [info] QPOP: Connection aborted for f78f796d-d227-4ba2-976d-f1af9a7966d2
[2026-06-04 10:11:46.549] [info] QPOP: Connection aborted for 6ac4822a-b6a5-4d36-80ef-d2d8954e392f
[2026-06-04 10:11:46.550] [info] QPOP: Connection aborted for b0a9e29b-7b41-4db2-99e2-562f8b6a68f3
[2026-06-04 10:11:46.550] [info] QPOP: Connection aborted for df0e6638-7bf2-4d37-a92b-f7a82f7af2d9
[2026-06-04 10:11:46.551] [info] QPOP: Connection aborted for 01ca7346-f3cc-4bcd-93a1-0d8826874434
[2026-06-04 10:11:46.551] [info] QPOP: Connection aborted for 5b1ed1c9-9e46-4b52-8acf-e35a6644b393
[2026-06-04 10:11:46.551] [info] QPOP: Connection aborted for 426f4634-0147-40e8-8d98-3cf66d3a3f8d
[2026-06-04 10:11:46.552] [info] QPOP: Connection aborted for 4a80eded-6c27-4757-a162-5978b373d2d2
[2026-06-04 10:11:46.552] [info] QPOP: Connection aborted for 736c95c2-5840-4e94-804a-2705fdafa714
[2026-06-04 10:11:46.552] [info] QPOP: Connection aborted for f9cc5d2e-b54d-4bbc-823c-a92cedee24c3
[2026-06-04 10:11:46.554] [info] QPOP: Connection aborted for 20483f86-b138-4821-aae0-4b56678543a5
[2026-06-04 10:11:46.554] [info] QPOP: Connection aborted for f95f4d1a-3e91-4043-815b-52b0bd63cbe3
[2026-06-04 10:11:46.556] [info] QPOP: Connection aborted for d1501ec2-0387-4091-ad52-26a7bba9d19c
[2026-06-04 10:11:46.559] [info] QPOP: Connection aborted for fb36f3de-1a39-4f11-846f-4c77a4736778
[2026-06-04 10:11:47.379] [info] [Worker 7] [libqueen] push(q=5 f=0/24 p99rtt=33ms) pop(q=0 f=0/16 p99rtt=6ms) custom(q=0 f=0/1 p99rtt=4ms) slots=25/25 jobs/s=537 drains=106949 evl=0ms
[2026-06-04 10:11:47.395] [info] [Worker 5] [libqueen] push(q=5 f=0/24 p99rtt=33ms) pop(q=0 f=0/16 p99rtt=7ms) custom(q=0 f=0/1 p99rtt=5ms) slots=25/25 jobs/s=522 drains=105900 evl=0ms
[2026-06-04 10:11:47.409] [info] [Worker 0] [libqueen] push(q=5 f=0/24 p99rtt=33ms) pop(q=0 f=0/16 p99rtt=9ms) custom(q=0 f=0/1 p99rtt=5ms) slots=25/25 jobs/s=540 drains=106295 evl=0ms
[2026-06-04 10:11:47.415] [info] [Worker 6] [libqueen] push(q=5 f=0/24 p99rtt=32ms) pop(q=0 f=0/16 p99rtt=5ms) custom(q=0 f=0/1 p99rtt=5ms) slots=25/25 jobs/s=510 drains=106425 evl=0ms
[2026-06-04 10:11:47.418] [info] [Worker 1] [libqueen] push(q=5 f=0/24 p99rtt=32ms) pop(q=0 f=0/16 p99rtt=6ms) custom(q=0 f=0/1 p99rtt=8ms) slots=25/25 jobs/s=528 drains=107284 evl=0ms
[2026-06-04 10:11:47.418] [info] [Worker 9] [libqueen] push(q=5 f=0/24 p99rtt=33ms) pop(q=0 f=0/16 p99rtt=8ms) custom(q=0 f=0/1 p99rtt=7ms) slots=25/25 jobs/s=521 drains=106226 evl=0ms
[2026-06-04 10:11:47.422] [info] [Worker 2] [libqueen] push(q=0 f=1/24 p99rtt=32ms) pop(q=0 f=0/16 p99rtt=5ms) custom(q=0 f=0/1 p99rtt=5ms) slots=24/25 jobs/s=534 drains=105551 evl=0ms
[2026-06-04 10:11:47.444] [info] [Worker 4] [libqueen] push(q=5 f=0/24 p99rtt=33ms) pop(q=0 f=0/16 p99rtt=5ms) custom(q=0 f=1/1 p99rtt=6ms) slots=24/25 jobs/s=540 drains=105896 evl=0ms
[2026-06-04 10:11:47.454] [info] [Worker 3] [libqueen] push(q=0 f=1/24 p99rtt=33ms) pop(q=0 f=0/16 p99rtt=6ms) custom(q=0 f=0/1 p99rtt=5ms) slots=24/25 jobs/s=541 drains=106320 evl=0ms
[2026-06-04 10:11:47.457] [info] [Worker 8] [libqueen] push(q=4 f=0/24 p99rtt=33ms) pop(q=0 f=0/16 p99rtt=5ms) custom(q=0 f=0/1 p99rtt=5ms) slots=25/25 jobs/s=553 drains=106924 evl=0ms
[2026-06-04 10:11:48.380] [info] [Worker 7] [libqueen] push(q=0 f=0/24 p99rtt=33ms) pop(q=0 f=0/16 p99rtt=6ms) custom(q=0 f=0/1 p99rtt=4ms) slots=25/25 jobs/s=576 drains=107731 evl=0ms
[2026-06-04 10:11:48.395] [info] [Worker 5] [libqueen] push(q=5 f=0/24 p99rtt=33ms) pop(q=0 f=0/16 p99rtt=7ms) custom(q=0 f=0/1 p99rtt=5ms) slots=25/25 jobs/s=570 drains=106679 evl=0ms
[2026-06-04 10:11:48.408] [info] [Worker 0] [libqueen] push(q=0 f=0/24 p99rtt=30ms) pop(q=0 f=0/16 p99rtt=9ms) custom(q=0 f=1/1 p99rtt=5ms) slots=24/25 jobs/s=563 drains=107078 evl=0ms
[2026-06-04 10:11:48.415] [info] [Worker 6] [libqueen] push(q=5 f=0/24 p99rtt=32ms) pop(q=0 f=0/16 p99rtt=5ms) custom(q=0 f=0/1 p99rtt=5ms) slots=25/25 jobs/s=570 drains=107212 evl=0ms
[2026-06-04 10:11:48.417] [info] [Worker 1] [libqueen] push(q=0 f=1/24 p99rtt=32ms) pop(q=0 f=0/16 p99rtt=6ms) custom(q=0 f=0/1 p99rtt=5ms) slots=24/25 jobs/s=564 drains=108050 evl=0ms
[2026-06-04 10:11:48.418] [info] [Worker 9] [libqueen] push(q=0 f=1/24 p99rtt=32ms) pop(q=0 f=0/16 p99rtt=8ms) custom(q=0 f=0/1 p99rtt=5ms) slots=24/25 jobs/s=576 drains=107002 evl=0ms
[2026-06-04 10:11:48.422] [info] [Worker 2] [libqueen] push(q=5 f=0/24 p99rtt=32ms) pop(q=0 f=0/16 p99rtt=5ms) custom(q=0 f=0/1 p99rtt=5ms) slots=25/25 jobs/s=576 drains=106337 evl=0ms
[2026-06-04 10:11:48.443] [info] [Worker 4] [libqueen] push(q=5 f=0/24 p99rtt=32ms) pop(q=0 f=0/16 p99rtt=5ms) custom(q=0 f=0/1 p99rtt=5ms) slots=25/25 jobs/s=577 drains=106712 evl=0ms
[2026-06-04 10:11:48.453] [info] [Worker 3] [libqueen] push(q=0 f=0/24 p99rtt=32ms) pop(q=0 f=0/16 p99rtt=6ms) custom(q=0 f=0/1 p99rtt=4ms) slots=25/25 jobs/s=582 drains=107127 evl=0ms
[2026-06-04 10:11:48.458] [info] [Worker 8] [libqueen] push(q=5 f=0/24 p99rtt=32ms) pop(q=0 f=0/16 p99rtt=5ms) custom(q=0 f=0/1 p99rtt=5ms) slots=25/25 jobs/s=570 drains=107703 evl=0ms
[2026-06-04 10:11:48.693] [info] StatsService: Running full reconciliation (stats leader, hostname=a4dbf4b4cbaf)
[2026-06-04 10:11:48.849] [info] PartitionLookupReconcileService: fixed 4 partition_lookup rows (stats leader, hostname=a4dbf4b4cbaf)
[2026-06-04 10:11:49.380] [info] [Worker 7] [libqueen] push(q=5 f=0/24 p99rtt=32ms) pop(q=0 f=0/16 p99rtt=5ms) custom(q=0 f=0/1 p99rtt=4ms) slots=25/25 jobs/s=564 drains=108531 evl=0ms
[2026-06-04 10:11:49.395] [info] [Worker 5] [libqueen] push(q=5 f=0/24 p99rtt=30ms) pop(q=0 f=0/16 p99rtt=7ms) custom(q=0 f=0/1 p99rtt=4ms) slots=25/25 jobs/s=564 drains=107428 evl=0ms
[2026-06-04 10:11:49.409] [info] [Worker 0] [libqueen] push(q=5 f=0/24 p99rtt=29ms) pop(q=0 f=0/16 p99rtt=9ms) custom(q=0 f=0/1 p99rtt=4ms) slots=25/25 jobs/s=571 drains=107894 evl=0ms
[2026-06-04 10:11:49.415] [info] [Worker 6] [libqueen] push(q=5 f=0/24 p99rtt=32ms) pop(q=0 f=0/16 p99rtt=5ms) custom(q=0 f=0/1 p99rtt=4ms) slots=25/25 jobs/s=558 drains=107953 evl=0ms
[2026-06-04 10:11:49.418] [info] [Worker 1] [libqueen] push(q=5 f=0/24 p99rtt=28ms) pop(q=0 f=0/16 p99rtt=6ms) custom(q=0 f=0/1 p99rtt=5ms) slots=25/25 jobs/s=576 drains=108832 evl=0ms
[2026-06-04 10:11:49.418] [info] [Worker 9] [libqueen] push(q=5 f=0/24 p99rtt=30ms) pop(q=0 f=0/16 p99rtt=8ms) custom(q=0 f=0/1 p99rtt=5ms) slots=25/25 jobs/s=576 drains=107784 evl=0ms
[2026-06-04 10:11:49.422] [info] [Worker 2] [libqueen] push(q=0 f=1/24 p99rtt=32ms) pop(q=0 f=0/16 p99rtt=5ms) custom(q=0 f=0/1 p99rtt=4ms) slots=24/25 jobs/s=564 drains=107135 evl=0ms
[2026-06-04 10:11:49.443] [info] [Worker 4] [libqueen] push(q=5 f=0/24 p99rtt=32ms) pop(q=0 f=0/16 p99rtt=5ms) custom(q=0 f=0/1 p99rtt=4ms) slots=25/25 jobs/s=576 drains=107505 evl=0ms
[2026-06-04 10:11:49.453] [info] [Worker 3] [libqueen] push(q=5 f=0/24 p99rtt=32ms) pop(q=0 f=0/16 p99rtt=6ms) custom(q=0 f=0/1 p99rtt=4ms) slots=25/25 jobs/s=570 drains=107934 evl=0ms
[2026-06-04 10:11:49.458] [info] [Worker 8] [libqueen] push(q=5 f=0/24 p99rtt=32ms) pop(q=0 f=0/16 p99rtt=5ms) custom(q=0 f=0/1 p99rtt=5ms) slots=25/25 jobs/s=588 drains=108529 evl=0ms
[2026-06-04 10:11:49.922] [info] StatsService: Full reconciliation complete: {"task": {"tasksUpdated": 0}, "queue": {"queuesUpdated": 100}, "system": {"systemUpdated": 1}, "cleanup": {"orphanedDeleted": 0}, "namespace": {"namespacesUpdated": 0}, "partition": {"newPartitions": 12849, "partitionsUpdated": 0, "dirtyPartitionsScanned": 0, "partitionsSkippedByWatermark": 100}}
[2026-06-04 10:11:49.922] [info] StatsService: cycle completed in 1228ms
[2026-06-04 10:11:50.380] [info] [Worker 7] [libqueen] push(q=5 f=0/24 p99rtt=25ms) pop(q=0 f=0/16 p99rtt=5ms) custom(q=0 f=0/1 p99rtt=3ms) slots=25/25 jobs/s=570 drains=109337 evl=0ms
[2026-06-04 10:11:50.395] [info] [Worker 5] [libqueen] push(q=5 f=0/24 p99rtt=26ms) pop(q=0 f=0/16 p99rtt=7ms) custom(q=0 f=0/1 p99rtt=4ms) slots=25/25 jobs/s=564 drains=108199 evl=0ms
[2026-06-04 10:11:50.408] [info] [Worker 0] [libqueen] push(q=0 f=1/24 p99rtt=25ms) pop(q=0 f=0/16 p99rtt=9ms) custom(q=0 f=0/1 p99rtt=4ms) slots=24/25 jobs/s=558 drains=108667 evl=0ms
[2026-06-04 10:11:50.414] [info] [Worker 6] [libqueen] push(q=0 f=1/24 p99rtt=26ms) pop(q=0 f=0/16 p99rtt=5ms) custom(q=0 f=0/1 p99rtt=4ms) slots=24/25 jobs/s=564 drains=108708 evl=0ms
[2026-06-04 10:11:50.418] [info] [Worker 9] [libqueen] push(q=0 f=1/24 p99rtt=26ms) pop(q=0 f=0/16 p99rtt=8ms) custom(q=0 f=0/1 p99rtt=4ms) slots=24/25 jobs/s=552 drains=108552 evl=0ms
[2026-06-04 10:11:50.418] [info] [Worker 1] [libqueen] push(q=0 f=1/24 p99rtt=25ms) pop(q=0 f=0/16 p99rtt=6ms) custom(q=0 f=0/1 p99rtt=3ms) slots=24/25 jobs/s=576 drains=109629 evl=0ms
[2026-06-04 10:11:50.422] [info] [Worker 2] [libqueen] push(q=0 f=1/24 p99rtt=25ms) pop(q=0 f=0/16 p99rtt=5ms) custom(q=0 f=0/1 p99rtt=3ms) slots=24/25 jobs/s=570 drains=107920 evl=0ms
[2026-06-04 10:11:50.444] [info] [Worker 4] [libqueen] push(q=5 f=0/24 p99rtt=25ms) pop(q=0 f=0/16 p99rtt=5ms) custom(q=0 f=0/1 p99rtt=4ms) slots=25/25 jobs/s=558 drains=108281 evl=0ms
[2026-06-04 10:11:50.453] [info] [Worker 3] [libqueen] push(q=5 f=0/24 p99rtt=27ms) pop(q=0 f=0/16 p99rtt=6ms) custom(q=0 f=0/1 p99rtt=3ms) slots=25/25 jobs/s=558 drains=108683 evl=0ms
[2026-06-04 10:11:50.458] [info] [Worker 8] [libqueen] push(q=0 f=1/24 p99rtt=26ms) pop(q=0 f=0/16 p99rtt=5ms) custom(q=0 f=0/1 p99rtt=3ms) slots=24/25 jobs/s=570 drains=109294 evl=0ms
[2026-06-04 10:11:51.380] [info] [Worker 7] [libqueen] push(q=2 f=0/24 p99rtt=25ms) pop(q=0 f=0/16 p99rtt=5ms) custom(q=0 f=0/1 p99rtt=3ms) slots=25/25 jobs/s=552 drains=110081 evl=0ms
[2026-06-04 10:11:51.395] [info] [Worker 5] [libqueen] push(q=5 f=0/24 p99rtt=26ms) pop(q=0 f=0/16 p99rtt=7ms) custom(q=0 f=0/1 p99rtt=4ms) slots=25/25 jobs/s=546 drains=108971 evl=0ms
[2026-06-04 10:11:51.408] [info] [Worker 0] [libqueen] push(q=0 f=1/24 p99rtt=26ms) pop(q=0 f=0/16 p99rtt=9ms) custom(q=0 f=0/1 p99rtt=3ms) slots=24/25 jobs/s=558 drains=109445 evl=0ms
[2026-06-04 10:11:51.415] [info] [Worker 6] [libqueen] push(q=0 f=1/24 p99rtt=26ms) pop(q=0 f=0/16 p99rtt=5ms) custom(q=0 f=0/1 p99rtt=3ms) slots=24/25 jobs/s=552 drains=109455 evl=0ms
[2026-06-04 10:11:51.418] [info] [Worker 1] [libqueen] push(q=0 f=1/24 p99rtt=25ms) pop(q=0 f=0/16 p99rtt=6ms) custom(q=0 f=0/1 p99rtt=3ms) slots=24/25 jobs/s=564 drains=110393 evl=0ms
[2026-06-04 10:11:51.418] [info] [Worker 9] [libqueen] push(q=0 f=1/24 p99rtt=26ms) pop(q=0 f=0/16 p99rtt=8ms) custom(q=0 f=0/1 p99rtt=4ms) slots=24/25 jobs/s=546 drains=109332 evl=0ms
[2026-06-04 10:11:51.422] [info] [Worker 2] [libqueen] push(q=5 f=0/24 p99rtt=26ms) pop(q=0 f=0/16 p99rtt=5ms) custom(q=0 f=0/1 p99rtt=3ms) slots=25/25 jobs/s=558 drains=108691 evl=0ms
[2026-06-04 10:11:51.444] [info] [Worker 4] [libqueen] push(q=5 f=0/24 p99rtt=26ms) pop(q=0 f=0/16 p99rtt=5ms) custom(q=0 f=0/1 p99rtt=4ms) slots=25/25 jobs/s=564 drains=109078 evl=0ms
[2026-06-04 10:11:51.454] [info] [Worker 3] [libqueen] push(q=5 f=0/24 p99rtt=27ms) pop(q=0 f=0/16 p99rtt=6ms) custom(q=0 f=0/1 p99rtt=3ms) slots=25/25 jobs/s=570 drains=109462 evl=0ms
[2026-06-04 10:11:51.458] [info] [Worker 8] [libqueen] push(q=0 f=1/24 p99rtt=26ms) pop(q=0 f=0/16 p99rtt=5ms) custom(q=0 f=0/1 p99rtt=3ms) slots=24/25 jobs/s=564 drains=110060 evl=0ms
[2026-06-04 10:11:52.380] [info] [Worker 7] [libqueen] push(q=5 f=0/24 p99rtt=25ms) pop(q=0 f=0/16 p99rtt=5ms) custom(q=0 f=0/1 p99rtt=3ms) slots=25/25 jobs/s=522 drains=110800 evl=0ms
[2026-06-04 10:11:52.395] [info] [Worker 5] [libqueen] push(q=0 f=1/24 p99rtt=26ms) pop(q=0 f=0/16 p99rtt=7ms) custom(q=0 f=0/1 p99rtt=4ms) slots=24/25 jobs/s=532 drains=109712 evl=0ms
[2026-06-04 10:11:52.409] [info] [Worker 0] [libqueen] push(q=0 f=0/24 p99rtt=26ms) pop(q=0 f=0/16 p99rtt=9ms) custom(q=0 f=1/1 p99rtt=3ms) slots=24/25 jobs/s=527 drains=110158 evl=0ms
[2026-06-04 10:11:52.415] [info] [Worker 6] [libqueen] push(q=5 f=0/24 p99rtt=26ms) pop(q=0 f=0/16 p99rtt=5ms) custom(q=0 f=0/1 p99rtt=3ms) slots=25/25 jobs/s=526 drains=110166 evl=0ms
[2026-06-04 10:11:52.418] [info] [Worker 9] [libqueen] push(q=0 f=1/24 p99rtt=26ms) pop(q=0 f=0/16 p99rtt=8ms) custom(q=0 f=0/1 p99rtt=4ms) slots=24/25 jobs/s=538 drains=110063 evl=0ms
[2026-06-04 10:11:52.418] [info] [Worker 1] [libqueen] push(q=0 f=1/24 p99rtt=26ms) pop(q=0 f=0/16 p99rtt=6ms) custom(q=0 f=0/1 p99rtt=3ms) slots=24/25 jobs/s=528 drains=111122 evl=0ms
[2026-06-04 10:11:52.422] [info] [Worker 2] [libqueen] push(q=0 f=1/24 p99rtt=26ms) pop(q=0 f=0/16 p99rtt=5ms) custom(q=0 f=0/1 p99rtt=3ms) slots=24/25 jobs/s=521 drains=109420 evl=0ms
[2026-06-04 10:11:52.444] [info] [Worker 4] [libqueen] push(q=0 f=1/24 p99rtt=25ms) pop(q=0 f=0/16 p99rtt=5ms) custom(q=0 f=0/1 p99rtt=4ms) slots=24/25 jobs/s=527 drains=109811 evl=0ms
[2026-06-04 10:11:52.454] [info] [Worker 3] [libqueen] push(q=0 f=1/24 p99rtt=27ms) pop(q=0 f=0/16 p99rtt=6ms) custom(q=0 f=0/1 p99rtt=3ms) slots=24/25 jobs/s=516 drains=110181 evl=0ms
[2026-06-04 10:11:52.458] [info] [Worker 8] [libqueen] push(q=3 f=0/24 p99rtt=28ms) pop(q=0 f=0/16 p99rtt=5ms) custom(q=0 f=0/1 p99rtt=3ms) slots=25/25 jobs/s=521 drains=110784 evl=0ms
[2026-06-04 10:11:53.380] [info] [Worker 7] [libqueen] push(q=0 f=1/24 p99rtt=25ms) pop(q=0 f=0/16 p99rtt=5ms) custom(q=0 f=0/1 p99rtt=4ms) slots=24/25 jobs/s=510 drains=111514 evl=0ms
[2026-06-04 10:11:53.395] [info] [Worker 5] [libqueen] push(q=0 f=0/24 p99rtt=26ms) pop(q=0 f=0/16 p99rtt=7ms) custom(q=0 f=1/1 p99rtt=4ms) slots=24/25 jobs/s=503 drains=110394 evl=0ms
[2026-06-04 10:11:53.409] [info] [Worker 0] [libqueen] push(q=5 f=0/24 p99rtt=26ms) pop(q=0 f=0/16 p99rtt=9ms) custom(q=0 f=0/1 p99rtt=4ms) slots=25/25 jobs/s=505 drains=110872 evl=0ms
[2026-06-04 10:11:53.414] [info] [Worker 6] [libqueen] push(q=0 f=1/24 p99rtt=26ms) pop(q=0 f=0/16 p99rtt=5ms) custom(q=0 f=0/1 p99rtt=3ms) slots=24/25 jobs/s=498 drains=110861 evl=0ms
[2026-06-04 10:11:53.418] [info] [Worker 9] [libqueen] push(q=0 f=0/24 p99rtt=26ms) pop(q=0 f=0/16 p99rtt=8ms) custom(q=0 f=0/1 p99rtt=4ms) slots=25/25 jobs/s=504 drains=110762 evl=0ms
[2026-06-04 10:11:53.418] [info] [Worker 1] [libqueen] push(q=2 f=0/24 p99rtt=25ms) pop(q=0 f=0/16 p99rtt=6ms) custom(q=0 f=0/1 p99rtt=4ms) slots=25/25 jobs/s=522 drains=111820 evl=0ms
[2026-06-04 10:11:53.422] [info] [Worker 2] [libqueen] push(q=5 f=0/24 p99rtt=25ms) pop(q=0 f=0/16 p99rtt=5ms) custom(q=0 f=0/1 p99rtt=3ms) slots=25/25 jobs/s=504 drains=110128 evl=0ms
[2026-06-04 10:11:53.445] [info] [Worker 4] [libqueen] push(q=0 f=1/24 p99rtt=25ms) pop(q=0 f=0/16 p99rtt=5ms) custom(q=0 f=0/1 p99rtt=4ms) slots=24/25 jobs/s=516 drains=110534 evl=0ms
[2026-06-04 10:11:53.453] [info] [Worker 3] [libqueen] push(q=0 f=0/24 p99rtt=26ms) pop(q=0 f=0/16 p99rtt=6ms) custom(q=0 f=1/1 p99rtt=4ms) slots=24/25 jobs/s=509 drains=110874 evl=0ms
[2026-06-04 10:11:53.457] [info] [Worker 8] [libqueen] push(q=5 f=0/24 p99rtt=28ms) pop(q=0 f=0/16 p99rtt=5ms) custom(q=0 f=0/1 p99rtt=3ms) slots=25/25 jobs/s=504 drains=111480 evl=0ms
[2026-06-04 10:11:54.380] [info] [Worker 7] [libqueen] push(q=5 f=0/24 p99rtt=25ms) pop(q=0 f=0/16 p99rtt=5ms) custom(q=0 f=0/1 p99rtt=4ms) slots=25/25 jobs/s=528 drains=112249 evl=0ms
[2026-06-04 10:11:54.394] [info] [Worker 5] [libqueen] push(q=5 f=0/24 p99rtt=26ms) pop(q=0 f=0/16 p99rtt=7ms) custom(q=0 f=0/1 p99rtt=4ms) slots=25/25 jobs/s=523 drains=111124 evl=0ms
[2026-06-04 10:11:54.409] [info] [Worker 0] [libqueen] push(q=0 f=0/24 p99rtt=25ms) pop(q=0 f=0/16 p99rtt=9ms) custom(q=0 f=0/1 p99rtt=4ms) slots=25/25 jobs/s=534 drains=111582 evl=0ms
[2026-06-04 10:11:54.415] [info] [Worker 6] [libqueen] push(q=0 f=1/24 p99rtt=28ms) pop(q=0 f=0/16 p99rtt=5ms) custom(q=0 f=0/1 p99rtt=3ms) slots=24/25 jobs/s=540 drains=111599 evl=0ms
[2026-06-04 10:11:54.418] [info] [Worker 1] [libqueen] push(q=0 f=1/24 p99rtt=25ms) pop(q=0 f=0/16 p99rtt=6ms) custom(q=0 f=0/1 p99rtt=4ms) slots=24/25 jobs/s=540 drains=112569 evl=0ms
[2026-06-04 10:11:54.418] [info] [Worker 9] [libqueen] push(q=5 f=0/24 p99rtt=26ms) pop(q=0 f=0/16 p99rtt=8ms) custom(q=0 f=0/1 p99rtt=6ms) slots=25/25 jobs/s=516 drains=111450 evl=0ms
[2026-06-04 10:11:54.422] [info] [Worker 2] [libqueen] push(q=0 f=1/24 p99rtt=26ms) pop(q=0 f=0/16 p99rtt=5ms) custom(q=0 f=0/1 p99rtt=3ms) slots=24/25 jobs/s=516 drains=110838 evl=0ms
[2026-06-04 10:11:54.444] [info] [Worker 4] [libqueen] push(q=0 f=0/24 p99rtt=25ms) pop(q=0 f=0/16 p99rtt=5ms) custom(q=0 f=1/1 p99rtt=4ms) slots=24/25 jobs/s=527 drains=111235 evl=0ms
[2026-06-04 10:11:54.454] [info] [Worker 3] [libqueen] push(q=0 f=1/24 p99rtt=26ms) pop(q=0 f=0/16 p99rtt=6ms) custom(q=0 f=0/1 p99rtt=4ms) slots=24/25 jobs/s=541 drains=111614 evl=0ms
[2026-06-04 10:11:54.458] [info] [Worker 8] [libqueen] push(q=0 f=1/24 p99rtt=28ms) pop(q=0 f=0/16 p99rtt=5ms) custom(q=0 f=0/1 p99rtt=3ms) slots=24/25 jobs/s=540 drains=112228 evl=0ms
[2026-06-04 10:11:54.870] [info] PartitionLookupReconcileService: fixed 3 partition_lookup rows (stats leader, hostname=a4dbf4b4cbaf)
[2026-06-04 10:11:55.380] [info] [Worker 7] [libqueen] push(q=5 f=0/24 p99rtt=25ms) pop(q=0 f=0/16 p99rtt=5ms) custom(q=0 f=0/1 p99rtt=4ms) slots=25/25 jobs/s=558 drains=113021 evl=0ms
[2026-06-04 10:11:55.394] [info] [Worker 5] [libqueen] push(q=5 f=0/24 p99rtt=27ms) pop(q=0 f=0/16 p99rtt=7ms) custom(q=0 f=0/1 p99rtt=4ms) slots=25/25 jobs/s=545 drains=111883 evl=0ms
[2026-06-04 10:11:55.409] [info] [Worker 0] [libqueen] push(q=0 f=1/24 p99rtt=25ms) pop(q=0 f=0/16 p99rtt=9ms) custom(q=0 f=0/1 p99rtt=3ms) slots=24/25 jobs/s=540 drains=112335 evl=0ms
[2026-06-04 10:11:55.415] [info] [Worker 6] [libqueen] push(q=0 f=1/24 p99rtt=26ms) pop(q=0 f=0/16 p99rtt=5ms) custom(q=0 f=0/1 p99rtt=3ms) slots=24/25 jobs/s=558 drains=112388 evl=0ms
[2026-06-04 10:11:55.417] [info] [Worker 1] [libqueen] push(q=5 f=0/24 p99rtt=25ms) pop(q=0 f=0/16 p99rtt=6ms) custom(q=0 f=0/1 p99rtt=3ms) slots=25/25 jobs/s=546 drains=113316 evl=0ms
[2026-06-04 10:11:55.418] [info] [Worker 9] [libqueen] push(q=0 f=0/24 p99rtt=28ms) pop(q=0 f=0/16 p99rtt=8ms) custom(q=0 f=1/1 p99rtt=6ms) slots=24/25 jobs/s=539 drains=112191 evl=0ms
[2026-06-04 10:11:55.421] [info] [Worker 2] [libqueen] push(q=0 f=1/24 p99rtt=25ms) pop(q=0 f=0/16 p99rtt=3ms) custom(q=0 f=0/1 p99rtt=3ms) slots=24/25 jobs/s=545 drains=111601 evl=0ms
[2026-06-04 10:11:55.445] [info] [Worker 4] [libqueen] push(q=5 f=0/24 p99rtt=25ms) pop(q=0 f=0/16 p99rtt=5ms) custom(q=0 f=0/1 p99rtt=4ms) slots=25/25 jobs/s=541 drains=111996 evl=0ms
[2026-06-04 10:11:55.454] [info] [Worker 3] [libqueen] push(q=5 f=0/24 p99rtt=26ms) pop(q=0 f=0/16 p99rtt=5ms) custom(q=0 f=0/1 p99rtt=4ms) slots=25/25 jobs/s=534 drains=112349 evl=0ms
[2026-06-04 10:11:55.458] [info] [Worker 8] [libqueen] push(q=5 f=0/24 p99rtt=28ms) pop(q=0 f=0/16 p99rtt=5ms) custom(q=0 f=0/1 p99rtt=3ms) slots=25/25 jobs/s=570 drains=113019 evl=0ms
[2026-06-04 10:11:56.380] [info] [Worker 7] [libqueen] push(q=0 f=0/24 p99rtt=25ms) pop(q=0 f=0/16 p99rtt=5ms) custom(q=0 f=1/1 p99rtt=4ms) slots=24/25 jobs/s=545 drains=113760 evl=0ms
[2026-06-04 10:11:56.394] [info] [Worker 5] [libqueen] push(q=5 f=0/24 p99rtt=27ms) pop(q=0 f=0/16 p99rtt=7ms) custom(q=0 f=0/1 p99rtt=4ms) slots=25/25 jobs/s=522 drains=112614 evl=0ms
[2026-06-04 10:11:56.408] [info] [Worker 0] [libqueen] push(q=5 f=0/24 p99rtt=26ms) pop(q=0 f=0/16 p99rtt=9ms) custom(q=0 f=0/1 p99rtt=3ms) slots=25/25 jobs/s=534 drains=113064 evl=0ms
[2026-06-04 10:11:56.415] [info] [Worker 6] [libqueen] push(q=0 f=0/24 p99rtt=26ms) pop(q=0 f=0/16 p99rtt=5ms) custom(q=0 f=1/1 p99rtt=4ms) slots=24/25 jobs/s=527 drains=113111 evl=0ms
[2026-06-04 10:11:56.417] [info] [Worker 1] [libqueen] push(q=5 f=0/24 p99rtt=26ms) pop(q=0 f=0/16 p99rtt=6ms) custom(q=0 f=0/1 p99rtt=3ms) slots=25/25 jobs/s=528 drains=114061 evl=0ms
[2026-06-04 10:11:56.417] [info] [Worker 9] [libqueen] push(q=3 f=0/24 p99rtt=28ms) pop(q=0 f=0/16 p99rtt=6ms) custom(q=0 f=0/1 p99rtt=6ms) slots=25/25 jobs/s=529 drains=112907 evl=0ms
[2026-06-04 10:11:56.422] [info] [Worker 2] [libqueen] push(q=5 f=0/24 p99rtt=25ms) pop(q=0 f=0/16 p99rtt=3ms) custom(q=0 f=0/1 p99rtt=3ms) slots=25/25 jobs/s=540 drains=112344 evl=0ms
[2026-06-04 10:11:56.445] [info] [Worker 4] [libqueen] push(q=5 f=0/24 p99rtt=25ms) pop(q=0 f=0/16 p99rtt=5ms) custom(q=0 f=0/1 p99rtt=4ms) slots=25/25 jobs/s=504 drains=112696 evl=0ms
[2026-06-04 10:11:56.455] [info] [Worker 3] [libqueen] push(q=5 f=0/24 p99rtt=26ms) pop(q=0 f=0/16 p99rtt=5ms) custom(q=0 f=0/1 p99rtt=4ms) slots=25/25 jobs/s=516 drains=113057 evl=0ms
[2026-06-04 10:11:56.458] [info] [Worker 8] [libqueen] push(q=5 f=0/24 p99rtt=28ms) pop(q=0 f=0/16 p99rtt=5ms) custom(q=0 f=0/1 p99rtt=4ms) slots=25/25 jobs/s=528 drains=113744 evl=0ms
[2026-06-04 10:11:56.515] [info] QPOP: Connection aborted for 2525c86c-da1c-4268-8e21-1a737373cd6d
[2026-06-04 10:11:56.516] [info] QPOP: Connection aborted for 6e86e767-bd50-45a2-b7e5-3a2d0e8ae8f8
[2026-06-04 10:11:56.516] [info] QPOP: Connection aborted for 5cb72612-b9c5-4fb1-ad2c-3951905a76f8
[2026-06-04 10:11:56.516] [info] QPOP: Connection aborted for 447c9a18-b8bd-4e5a-ae95-310840c6107e
[2026-06-04 10:11:56.516] [info] QPOP: Connection aborted for 4f355780-13f5-4193-a2cd-f7c717cfe9d1
[2026-06-04 10:11:56.516] [info] QPOP: Connection aborted for cec86fcc-0a3c-45bd-9dc1-159da1333837
[2026-06-04 10:11:56.516] [info] QPOP: Connection aborted for d43ee905-fddd-4d18-b628-ff87f7e1cc61
[2026-06-04 10:11:56.516] [info] QPOP: Connection aborted for 2e1cbd04-8339-451c-b7b1-76029193c7cf
[2026-06-04 10:11:56.517] [info] QPOP: Connection aborted for 0ffa5e42-9de6-4346-b715-93811b4aa391
[2026-06-04 10:11:56.517] [info] QPOP: Connection aborted for 4ebc7f69-d197-45c5-ad0c-4c06e41e980c
[2026-06-04 10:11:56.517] [info] QPOP: Connection aborted for 6c7ec979-bc11-4f80-9587-13cbfcfdc2ca
[2026-06-04 10:11:56.518] [info] QPOP: Connection aborted for 9cc1fffc-dda8-440e-8fb0-6da4ef6be959
[2026-06-04 10:11:56.519] [info] QPOP: Connection aborted for 176809fe-64ae-4869-be06-1d787bbf09ef
[2026-06-04 10:11:56.520] [info] QPOP: Connection aborted for 4ed203ec-e885-4f15-b029-dc9e94b700d3
[2026-06-04 10:11:56.521] [info] QPOP: Connection aborted for 8edc031d-1386-497a-bab6-ceb68a7bc18d
[2026-06-04 10:11:56.523] [info] QPOP: Connection aborted for fb7f6d86-bd1e-4cfa-8887-3b36bc0c4752
[2026-06-04 10:11:56.523] [info] QPOP: Connection aborted for 5dd44210-de4e-462d-a1cc-36a9be8d7caf
[2026-06-04 10:11:56.523] [info] QPOP: Connection aborted for 3c6cec2b-2ff5-43cd-b1ab-fa5b755fb4a6
[2026-06-04 10:11:56.529] [info] QPOP: Connection aborted for a9fab78c-93b7-48c4-8f88-cf1bb7fec77c
[2026-06-04 10:11:56.531] [info] QPOP: Connection aborted for 66d04210-542a-4ed0-ae35-ffc6176f5ca8
[2026-06-04 10:11:56.531] [info] QPOP: Connection aborted for d2c5e623-84c4-4ab1-97b1-2a586a83d193
[2026-06-04 10:11:56.531] [info] QPOP: Connection aborted for ca5165b2-f176-4738-a6d5-0395ec7aea09
[2026-06-04 10:11:56.531] [info] QPOP: Connection aborted for 296ee7f5-e795-4b0e-b6f6-90d55dc689df
[2026-06-04 10:11:56.531] [info] QPOP: Connection aborted for abcb5179-f7a1-4064-a02f-754d0405f1b9
[2026-06-04 10:11:56.534] [info] QPOP: Connection aborted for c271b5a6-0ee0-48de-86c1-4f6bf0065d04
[2026-06-04 10:11:56.536] [info] QPOP: Connection aborted for 973ad29c-47ea-4c9d-9d81-17e8257c6dd7
[2026-06-04 10:11:56.537] [info] QPOP: Connection aborted for 128742dc-ad4f-4dbd-9c06-68c2c9cccfc8
[2026-06-04 10:11:56.537] [info] QPOP: Connection aborted for 976d12ea-bef7-42ed-80e4-6573ef360421
[2026-06-04 10:11:56.537] [info] QPOP: Connection aborted for 42fb77a4-bc86-4fab-bada-67c060ee196a
[2026-06-04 10:11:56.541] [info] QPOP: Connection aborted for 9f75db84-e8d0-4012-97da-7e5d2a0dda12
[2026-06-04 10:11:56.542] [info] QPOP: Connection aborted for a116f3c4-6df1-4c12-8f67-6a0571999424
[2026-06-04 10:11:56.544] [info] QPOP: Connection aborted for d882f278-a99f-4b38-b973-30123cec951a
[2026-06-04 10:11:56.544] [info] QPOP: Connection aborted for 932a1feb-75af-4b3e-b304-30872f69cf75
[2026-06-04 10:11:56.544] [info] QPOP: Connection aborted for f288a2b3-f945-45d9-8fbc-0588d7fc4d9e
[2026-06-04 10:11:56.546] [info] QPOP: Connection aborted for 41f5dcbb-3a23-434e-9121-53834b779d01
[2026-06-04 10:11:56.547] [info] QPOP: Connection aborted for 6bd269f9-ba35-45d2-ab63-25440cd5d3f2
[2026-06-04 10:11:56.549] [info] QPOP: Connection aborted for 0587120d-e5b7-4e89-b1a2-ce5be2bfd9c0
[2026-06-04 10:11:56.551] [info] QPOP: Connection aborted for 41ea76fa-9ca6-438b-a6fe-ddc1e04e25ba
[2026-06-04 10:11:56.552] [info] QPOP: Connection aborted for 3c7a7bee-1e2d-4253-a6a8-6cab260b1bdd
[2026-06-04 10:11:56.552] [info] QPOP: Connection aborted for a8c62058-d6c4-4c7c-ad95-0570e22027aa
[2026-06-04 10:11:56.552] [info] QPOP: Connection aborted for 37ac91ae-3fe2-4d15-b87f-b997c0891c8f
[2026-06-04 10:11:56.552] [info] QPOP: Connection aborted for 805924f9-7bbc-46b9-a3e9-748963923728
[2026-06-04 10:11:56.552] [info] QPOP: Connection aborted for 416696de-9ea3-432d-8094-742cde67ce5b
[2026-06-04 10:11:56.554] [info] QPOP: Connection aborted for 30b01e3b-28f4-4729-8261-e5596898d8a2
[2026-06-04 10:11:56.554] [info] QPOP: Connection aborted for b83e9922-c3fc-41c7-bd14-dd58be285008
[2026-06-04 10:11:56.554] [info] QPOP: Connection aborted for 55625ba9-76f0-400e-94eb-746de15e2e00
[2026-06-04 10:11:56.554] [info] QPOP: Connection aborted for d02d527c-f3c7-4148-8edf-c6aa7c89cb20
[2026-06-04 10:11:56.555] [info] QPOP: Connection aborted for 7ec3145f-15cf-45cd-8618-6c59a33fa6b1
[2026-06-04 10:11:56.557] [info] QPOP: Connection aborted for f84062b7-658f-4c9d-a525-acbb0b993ce1
[2026-06-04 10:11:56.559] [info] QPOP: Connection aborted for a415c4d3-0c5b-4d07-992f-df127d9ef185
[2026-06-04 10:11:57.379] [info] [Worker 7] [libqueen] push(q=4 f=0/24 p99rtt=25ms) pop(q=0 f=0/16 p99rtt=5ms) custom(q=0 f=0/1 p99rtt=4ms) slots=25/25 jobs/s=505 drains=114489 evl=0ms
[2026-06-04 10:11:57.395] [info] [Worker 5] [libqueen] push(q=5 f=0/24 p99rtt=28ms) pop(q=0 f=0/16 p99rtt=7ms) custom(q=0 f=0/1 p99rtt=4ms) slots=25/25 jobs/s=510 drains=113333 evl=0ms
[2026-06-04 10:11:57.409] [info] [Worker 0] [libqueen] push(q=0 f=1/24 p99rtt=27ms) pop(q=0 f=0/16 p99rtt=9ms) custom(q=0 f=0/1 p99rtt=3ms) slots=24/25 jobs/s=498 drains=113782 evl=0ms
[2026-06-04 10:11:57.416] [info] [Worker 6] [libqueen] push(q=5 f=0/24 p99rtt=26ms) pop(q=0 f=0/16 p99rtt=5ms) custom(q=0 f=0/1 p99rtt=3ms) slots=25/25 jobs/s=523 drains=113850 evl=0ms
[2026-06-04 10:11:57.418] [info] [Worker 1] [libqueen] push(q=0 f=1/24 p99rtt=26ms) pop(q=0 f=0/16 p99rtt=6ms) custom(q=0 f=0/1 p99rtt=3ms) slots=24/25 jobs/s=522 drains=114803 evl=0ms
[2026-06-04 10:11:57.418] [info] [Worker 9] [libqueen] push(q=5 f=0/24 p99rtt=26ms) pop(q=0 f=0/16 p99rtt=6ms) custom(q=0 f=0/1 p99rtt=4ms) slots=25/25 jobs/s=528 drains=113649 evl=0ms
[2026-06-04 10:11:57.423] [info] [Worker 2] [libqueen] push(q=5 f=0/24 p99rtt=25ms) pop(q=0 f=0/16 p99rtt=3ms) custom(q=0 f=0/1 p99rtt=4ms) slots=25/25 jobs/s=510 drains=113066 evl=0ms
[2026-06-04 10:11:57.445] [info] [Worker 4] [libqueen] push(q=0 f=0/24 p99rtt=25ms) pop(q=0 f=0/16 p99rtt=5ms) custom(q=0 f=0/1 p99rtt=4ms) slots=25/25 jobs/s=522 drains=113413 evl=0ms
[2026-06-04 10:11:57.454] [info] [Worker 3] [libqueen] push(q=5 f=0/24 p99rtt=26ms) pop(q=0 f=0/16 p99rtt=5ms) custom(q=0 f=0/1 p99rtt=4ms) slots=25/25 jobs/s=504 drains=113767 evl=0ms
[2026-06-04 10:11:57.458] [info] [Worker 8] [libqueen] push(q=4 f=0/24 p99rtt=28ms) pop(q=0 f=0/16 p99rtt=5ms) custom(q=0 f=1/1 p99rtt=4ms) slots=24/25 jobs/s=515 drains=114471 evl=0ms
[2026-06-04 10:11:58.380] [info] [Worker 7] [libqueen] push(q=5 f=0/24 p99rtt=25ms) pop(q=0 f=0/16 p99rtt=5ms) custom(q=0 f=0/1 p99rtt=4ms) slots=25/25 jobs/s=582 drains=115297 evl=0ms
[2026-06-04 10:11:58.395] [info] [Worker 5] [libqueen] push(q=0 f=1/24 p99rtt=27ms) pop(q=0 f=0/16 p99rtt=7ms) custom(q=0 f=0/1 p99rtt=4ms) slots=24/25 jobs/s=594 drains=114150 evl=0ms
[2026-06-04 10:11:58.408] [info] [Worker 0] [libqueen] push(q=0 f=1/24 p99rtt=27ms) pop(q=0 f=0/16 p99rtt=9ms) custom(q=0 f=0/1 p99rtt=3ms) slots=24/25 jobs/s=573 drains=114583 evl=0ms
[2026-06-04 10:11:58.416] [info] [Worker 6] [libqueen] push(q=5 f=0/24 p99rtt=25ms) pop(q=0 f=0/16 p99rtt=5ms) custom(q=0 f=0/1 p99rtt=3ms) slots=25/25 jobs/s=576 drains=114630 evl=0ms
[2026-06-04 10:11:58.417] [info] [Worker 1] [libqueen] push(q=0 f=1/24 p99rtt=25ms) pop(q=0 f=0/16 p99rtt=6ms) custom(q=0 f=0/1 p99rtt=3ms) slots=24/25 jobs/s=576 drains=115595 evl=0ms
[2026-06-04 10:11:58.418] [info] [Worker 9] [libqueen] push(q=0 f=1/24 p99rtt=26ms) pop(q=0 f=0/16 p99rtt=6ms) custom(q=0 f=0/1 p99rtt=4ms) slots=24/25 jobs/s=575 drains=114440 evl=0ms
[2026-06-04 10:11:58.423] [info] [Worker 2] [libqueen] push(q=0 f=1/24 p99rtt=24ms) pop(q=0 f=0/16 p99rtt=3ms) custom(q=0 f=0/1 p99rtt=3ms) slots=24/25 jobs/s=582 drains=113866 evl=0ms
[2026-06-04 10:11:58.446] [info] [Worker 4] [libqueen] push(q=0 f=1/24 p99rtt=25ms) pop(q=0 f=0/16 p99rtt=5ms) custom(q=0 f=0/1 p99rtt=4ms) slots=24/25 jobs/s=558 drains=114187 evl=0ms
[2026-06-04 10:11:58.455] [info] [Worker 3] [libqueen] push(q=5 f=0/24 p99rtt=26ms) pop(q=0 f=0/16 p99rtt=5ms) custom(q=0 f=0/1 p99rtt=4ms) slots=25/25 jobs/s=569 drains=114562 evl=0ms
[2026-06-04 10:11:58.457] [info] [Worker 8] [libqueen] push(q=0 f=1/24 p99rtt=28ms) pop(q=0 f=0/16 p99rtt=5ms) custom(q=0 f=0/1 p99rtt=4ms) slots=24/25 jobs/s=570 drains=115276 evl=0ms
[2026-06-04 10:11:59.380] [info] [Worker 7] [libqueen] push(q=5 f=0/24 p99rtt=25ms) pop(q=0 f=0/16 p99rtt=5ms) custom(q=0 f=0/1 p99rtt=4ms) slots=25/25 jobs/s=594 drains=116125 evl=0ms
[2026-06-04 10:11:59.395] [info] [Worker 5] [libqueen] push(q=0 f=1/24 p99rtt=29ms) pop(q=0 f=0/16 p99rtt=7ms) custom(q=0 f=0/1 p99rtt=3ms) slots=24/25 jobs/s=582 drains=114938 evl=0ms
[2026-06-04 10:11:59.408] [info] [Worker 0] [libqueen] push(q=0 f=0/24 p99rtt=28ms) pop(q=0 f=0/16 p99rtt=9ms) custom(q=0 f=1/1 p99rtt=3ms) slots=24/25 jobs/s=599 drains=115385 evl=0ms
[2026-06-04 10:11:59.415] [info] [Worker 6] [libqueen] push(q=0 f=0/24 p99rtt=26ms) pop(q=0 f=0/16 p99rtt=5ms) custom(q=0 f=0/1 p99rtt=3ms) slots=25/25 jobs/s=593 drains=115450 evl=0ms
[2026-06-04 10:11:59.418] [info] [Worker 9] [libqueen] push(q=0 f=1/24 p99rtt=28ms) pop(q=0 f=0/16 p99rtt=6ms) custom(q=0 f=0/1 p99rtt=4ms) slots=24/25 jobs/s=594 drains=115260 evl=0ms
[2026-06-04 10:11:59.418] [info] [Worker 1] [libqueen] push(q=0 f=0/24 p99rtt=26ms) pop(q=0 f=0/16 p99rtt=6ms) custom(q=0 f=1/1 p99rtt=3ms) slots=24/25 jobs/s=611 drains=116455 evl=0ms
[2026-06-04 10:11:59.424] [info] [Worker 2] [libqueen] push(q=5 f=0/24 p99rtt=25ms) pop(q=0 f=0/16 p99rtt=3ms) custom(q=0 f=0/1 p99rtt=3ms) slots=25/25 jobs/s=582 drains=114655 evl=0ms
[2026-06-04 10:11:59.445] [info] [Worker 4] [libqueen] push(q=0 f=1/24 p99rtt=26ms) pop(q=0 f=0/16 p99rtt=5ms) custom(q=0 f=0/1 p99rtt=3ms) slots=24/25 jobs/s=606 drains=115021 evl=0ms
[2026-06-04 10:11:59.455] [info] [Worker 3] [libqueen] push(q=0 f=1/24 p99rtt=26ms) pop(q=0 f=0/16 p99rtt=5ms) custom(q=0 f=0/1 p99rtt=4ms) slots=24/25 jobs/s=612 drains=115388 evl=0ms
[2026-06-04 10:11:59.457] [info] [Worker 8] [libqueen] push(q=0 f=1/24 p99rtt=28ms) pop(q=0 f=0/16 p99rtt=5ms) custom(q=0 f=1/1 p99rtt=4ms) slots=23/25 jobs/s=605 drains=116105 evl=0ms
[2026-06-04 10:11:59.777] [info] StatsService: cycle completed in 82ms
[2026-06-04 10:12:00.381] [info] [Worker 7] [libqueen] push(q=0 f=1/24 p99rtt=25ms) pop(q=0 f=0/16 p99rtt=5ms) custom(q=3 f=0/1 p99rtt=4ms) slots=24/25 jobs/s=594 drains=116941 evl=0ms
[2026-06-04 10:12:00.395] [info] [Worker 5] [libqueen] push(q=5 f=0/24 p99rtt=29ms) pop(q=0 f=0/16 p99rtt=7ms) custom(q=3 f=0/1 p99rtt=3ms) slots=25/25 jobs/s=594 drains=115743 evl=0ms
[2026-06-04 10:12:00.409] [info] [Worker 0] [libqueen] push(q=0 f=1/24 p99rtt=28ms) pop(q=0 f=0/16 p99rtt=9ms) custom(q=3 f=0/1 p99rtt=3ms) slots=24/25 jobs/s=595 drains=116212 evl=0ms
[2026-06-04 10:12:00.415] [info] [Worker 6] [libqueen] push(q=5 f=0/24 p99rtt=26ms) pop(q=0 f=0/16 p99rtt=5ms) custom(q=3 f=0/1 p99rtt=3ms) slots=25/25 jobs/s=594 drains=116252 evl=0ms
[2026-06-04 10:12:00.418] [info] [Worker 9] [libqueen] push(q=5 f=0/24 p99rtt=28ms) pop(q=0 f=0/16 p99rtt=6ms) custom(q=3 f=0/1 p99rtt=4ms) slots=25/25 jobs/s=600 drains=116072 evl=0ms
[2026-06-04 10:12:00.418] [info] [Worker 1] [libqueen] push(q=5 f=0/24 p99rtt=26ms) pop(q=0 f=0/16 p99rtt=6ms) custom(q=3 f=0/1 p99rtt=3ms) slots=25/25 jobs/s=583 drains=117256 evl=0ms
[2026-06-04 10:12:00.424] [info] [Worker 2] [libqueen] push(q=5 f=0/24 p99rtt=25ms) pop(q=0 f=0/16 p99rtt=3ms) custom(q=3 f=0/1 p99rtt=3ms) slots=25/25 jobs/s=594 drains=115480 evl=0ms
[2026-06-04 10:12:00.446] [info] [Worker 4] [libqueen] push(q=5 f=0/24 p99rtt=26ms) pop(q=0 f=0/16 p99rtt=5ms) custom(q=3 f=0/1 p99rtt=3ms) slots=25/25 jobs/s=594 drains=115852 evl=0ms
[2026-06-04 10:12:00.455] [info] [Worker 3] [libqueen] push(q=5 f=0/24 p99rtt=26ms) pop(q=0 f=0/16 p99rtt=5ms) custom(q=3 f=0/1 p99rtt=4ms) slots=25/25 jobs/s=600 drains=116224 evl=0ms
[2026-06-04 10:12:00.458] [info] [Worker 8] [libqueen] push(q=0 f=1/24 p99rtt=28ms) pop(q=0 f=0/16 p99rtt=5ms) custom(q=3 f=0/1 p99rtt=4ms) slots=24/25 jobs/s=607 drains=116943 evl=0ms
[2026-06-04 10:12:01.381] [info] [Worker 7] [libqueen] push(q=5 f=0/24 p99rtt=25ms) pop(q=0 f=0/16 p99rtt=5ms) custom(q=0 f=0/1 p99rtt=4ms) slots=25/25 jobs/s=584 drains=117747 evl=0ms
[2026-06-04 10:12:01.395] [info] [Worker 5] [libqueen] push(q=0 f=1/24 p99rtt=29ms) pop(q=0 f=0/16 p99rtt=7ms) custom(q=0 f=0/1 p99rtt=3ms) slots=24/25 jobs/s=591 drains=116559 evl=0ms
[2026-06-04 10:12:01.408] [info] [Worker 0] [libqueen] push(q=0 f=1/24 p99rtt=29ms) pop(q=0 f=0/16 p99rtt=9ms) custom(q=0 f=0/1 p99rtt=3ms) slots=24/25 jobs/s=584 drains=116996 evl=0ms
[2026-06-04 10:12:01.416] [info] [Worker 6] [libqueen] push(q=0 f=1/24 p99rtt=28ms) pop(q=0 f=0/16 p99rtt=5ms) custom(q=0 f=0/1 p99rtt=3ms) slots=24/25 jobs/s=578 drains=117046 evl=0ms
[2026-06-04 10:12:01.418] [info] [Worker 1] [libqueen] push(q=0 f=0/24 p99rtt=27ms) pop(q=0 f=0/16 p99rtt=6ms) custom(q=0 f=1/1 p99rtt=3ms) slots=24/25 jobs/s=583 drains=118052 evl=0ms
[2026-06-04 10:12:01.418] [info] [Worker 9] [libqueen] push(q=3 f=0/24 p99rtt=28ms) pop(q=0 f=0/16 p99rtt=6ms) custom(q=0 f=1/1 p99rtt=4ms) slots=24/25 jobs/s=571 drains=116886 evl=0ms
[2026-06-04 10:12:01.424] [info] [Worker 2] [libqueen] push(q=5 f=0/24 p99rtt=27ms) pop(q=0 f=0/16 p99rtt=3ms) custom(q=0 f=0/1 p99rtt=3ms) slots=25/25 jobs/s=585 drains=116261 evl=0ms
[2026-06-04 10:12:01.446] [info] [Worker 4] [libqueen] push(q=5 f=0/24 p99rtt=26ms) pop(q=0 f=0/16 p99rtt=5ms) custom(q=0 f=0/1 p99rtt=3ms) slots=25/25 jobs/s=579 drains=116658 evl=0ms
[2026-06-04 10:12:01.455] [info] [Worker 3] [libqueen] push(q=5 f=0/24 p99rtt=27ms) pop(q=0 f=0/16 p99rtt=5ms) custom(q=0 f=0/1 p99rtt=4ms) slots=25/25 jobs/s=585 drains=117023 evl=0ms
[2026-06-04 10:12:01.458] [info] [Worker 8] [libqueen] push(q=5 f=0/24 p99rtt=28ms) pop(q=0 f=0/16 p99rtt=5ms) custom(q=0 f=0/1 p99rtt=4ms) slots=25/25 jobs/s=585 drains=117744 evl=0ms
[2026-06-04 10:12:02.381] [info] [Worker 7] [libqueen] push(q=0 f=1/24 p99rtt=26ms) pop(q=0 f=0/16 p99rtt=5ms) custom(q=0 f=0/1 p99rtt=4ms) slots=24/25 jobs/s=533 drains=118495 evl=0ms
[2026-06-04 10:12:02.395] [info] [Worker 5] [libqueen] push(q=0 f=0/24 p99rtt=29ms) pop(q=0 f=0/16 p99rtt=7ms) custom(q=0 f=1/1 p99rtt=3ms) slots=24/25 jobs/s=545 drains=117297 evl=0ms
[2026-06-04 10:12:02.409] [info] [Worker 0] [libqueen] push(q=5 f=0/24 p99rtt=29ms) pop(q=0 f=0/16 p99rtt=9ms) custom(q=0 f=0/1 p99rtt=3ms) slots=25/25 jobs/s=531 drains=117740 evl=0ms
[2026-06-04 10:12:02.415] [info] [Worker 6] [libqueen] push(q=0 f=1/24 p99rtt=28ms) pop(q=0 f=0/16 p99rtt=5ms) custom(q=0 f=0/1 p99rtt=3ms) slots=24/25 jobs/s=533 drains=117775 evl=0ms
[2026-06-04 10:12:02.418] [info] [Worker 1] [libqueen] push(q=2 f=0/24 p99rtt=28ms) pop(q=0 f=0/16 p99rtt=6ms) custom(q=0 f=0/1 p99rtt=3ms) slots=25/25 jobs/s=534 drains=118770 evl=0ms
[2026-06-04 10:12:02.418] [info] [Worker 9] [libqueen] push(q=0 f=1/24 p99rtt=29ms) pop(q=0 f=0/16 p99rtt=6ms) custom(q=0 f=0/1 p99rtt=4ms) slots=24/25 jobs/s=528 drains=117632 evl=0ms
[2026-06-04 10:12:02.423] [info] [Worker 2] [libqueen] push(q=5 f=0/24 p99rtt=27ms) pop(q=0 f=0/16 p99rtt=3ms) custom(q=0 f=0/1 p99rtt=3ms) slots=25/25 jobs/s=510 drains=116976 evl=0ms
[2026-06-04 10:12:02.445] [info] [Worker 4] [libqueen] push(q=0 f=1/24 p99rtt=27ms) pop(q=0 f=0/16 p99rtt=5ms) custom(q=0 f=0/1 p99rtt=3ms) slots=24/25 jobs/s=521 drains=117395 evl=0ms
[2026-06-04 10:12:02.455] [info] [Worker 3] [libqueen] push(q=5 f=0/24 p99rtt=28ms) pop(q=0 f=0/16 p99rtt=5ms) custom(q=0 f=0/1 p99rtt=3ms) slots=25/25 jobs/s=527 drains=117765 evl=0ms
[2026-06-04 10:12:02.458] [info] [Worker 8] [libqueen] push(q=5 f=0/24 p99rtt=28ms) pop(q=0 f=0/16 p99rtt=5ms) custom(q=0 f=0/1 p99rtt=4ms) slots=25/25 jobs/s=533 drains=118473 evl=0ms
[2026-06-04 10:12:03.381] [info] [Worker 7] [libqueen] push(q=4 f=0/24 p99rtt=26ms) pop(q=0 f=0/16 p99rtt=5ms) custom(q=0 f=0/1 p99rtt=4ms) slots=25/25 jobs/s=522 drains=119218 evl=0ms
[2026-06-04 10:12:03.395] [info] [Worker 5] [libqueen] push(q=0 f=0/24 p99rtt=29ms) pop(q=0 f=0/16 p99rtt=7ms) custom(q=0 f=1/1 p99rtt=3ms) slots=24/25 jobs/s=534 drains=118043 evl=0ms
[2026-06-04 10:12:03.409] [info] [Worker 0] [libqueen] push(q=5 f=0/24 p99rtt=30ms) pop(q=0 f=0/16 p99rtt=9ms) custom(q=0 f=0/1 p99rtt=3ms) slots=25/25 jobs/s=528 drains=118465 evl=0ms
[2026-06-04 10:12:03.416] [info] [Worker 6] [libqueen] push(q=0 f=0/24 p99rtt=28ms) pop(q=0 f=0/16 p99rtt=5ms) custom(q=0 f=1/1 p99rtt=3ms) slots=24/25 jobs/s=533 drains=118489 evl=0ms
[2026-06-04 10:12:03.418] [info] [Worker 1] [libqueen] push(q=5 f=0/24 p99rtt=28ms) pop(q=0 f=0/16 p99rtt=6ms) custom(q=0 f=0/1 p99rtt=3ms) slots=25/25 jobs/s=528 drains=119504 evl=0ms
[2026-06-04 10:12:03.418] [info] [Worker 9] [libqueen] push(q=5 f=0/24 p99rtt=29ms) pop(q=0 f=0/16 p99rtt=6ms) custom(q=0 f=0/1 p99rtt=3ms) slots=25/25 jobs/s=534 drains=118377 evl=0ms
[2026-06-04 10:12:03.423] [info] [Worker 2] [libqueen] push(q=0 f=0/24 p99rtt=27ms) pop(q=0 f=0/16 p99rtt=3ms) custom(q=0 f=1/1 p99rtt=3ms) slots=24/25 jobs/s=539 drains=117701 evl=0ms
[2026-06-04 10:12:03.446] [info] [Worker 4] [libqueen] push(q=0 f=0/24 p99rtt=27ms) pop(q=0 f=0/16 p99rtt=5ms) custom(q=0 f=1/1 p99rtt=3ms) slots=24/25 jobs/s=545 drains=118161 evl=0ms
[2026-06-04 10:12:03.454] [info] [Worker 3] [libqueen] push(q=0 f=1/24 p99rtt=28ms) pop(q=0 f=0/16 p99rtt=5ms) custom(q=0 f=0/1 p99rtt=3ms) slots=24/25 jobs/s=540 drains=118505 evl=0ms
[2026-06-04 10:12:03.458] [info] [Worker 8] [libqueen] push(q=0 f=1/24 p99rtt=28ms) pop(q=0 f=0/16 p99rtt=5ms) custom(q=0 f=0/1 p99rtt=4ms) slots=24/25 jobs/s=528 drains=119192 evl=0ms
[2026-06-04 10:12:04.381] [info] [Worker 7] [libqueen] push(q=5 f=0/24 p99rtt=26ms) pop(q=0 f=0/16 p99rtt=5ms) custom(q=0 f=0/1 p99rtt=4ms) slots=25/25 jobs/s=534 drains=119921 evl=0ms
[2026-06-04 10:12:04.395] [info] [Worker 5] [libqueen] push(q=0 f=1/24 p99rtt=29ms) pop(q=0 f=0/16 p99rtt=7ms) custom(q=0 f=0/1 p99rtt=3ms) slots=24/25 jobs/s=535 drains=118757 evl=0ms
[2026-06-04 10:12:04.408] [info] [Worker 0] [libqueen] push(q=0 f=1/24 p99rtt=30ms) pop(q=0 f=0/16 p99rtt=9ms) custom(q=0 f=0/1 p99rtt=3ms) slots=24/25 jobs/s=557 drains=119233 evl=0ms
[2026-06-04 10:12:04.416] [info] [Worker 6] [libqueen] push(q=0 f=1/24 p99rtt=28ms) pop(q=0 f=0/16 p99rtt=5ms) custom(q=0 f=0/1 p99rtt=3ms) slots=24/25 jobs/s=535 drains=119220 evl=0ms
[2026-06-04 10:12:04.418] [info] [Worker 1] [libqueen] push(q=0 f=1/24 p99rtt=28ms) pop(q=0 f=0/16 p99rtt=6ms) custom(q=0 f=0/1 p99rtt=3ms) slots=24/25 jobs/s=545 drains=120240 evl=0ms
[2026-06-04 10:12:04.418] [info] [Worker 9] [libqueen] push(q=0 f=1/24 p99rtt=29ms) pop(q=0 f=0/16 p99rtt=6ms) custom(q=0 f=0/1 p99rtt=3ms) slots=24/25 jobs/s=534 drains=119123 evl=0ms
[2026-06-04 10:12:04.424] [info] [Worker 2] [libqueen] push(q=0 f=1/24 p99rtt=27ms) pop(q=0 f=0/16 p99rtt=3ms) custom(q=0 f=0/1 p99rtt=3ms) slots=24/25 jobs/s=541 drains=118426 evl=0ms
[2026-06-04 10:12:04.446] [info] [Worker 4] [libqueen] push(q=0 f=1/24 p99rtt=29ms) pop(q=0 f=0/16 p99rtt=5ms) custom(q=0 f=0/1 p99rtt=3ms) slots=24/25 jobs/s=511 drains=118881 evl=0ms
[2026-06-04 10:12:04.454] [info] [Worker 3] [libqueen] push(q=5 f=0/24 p99rtt=30ms) pop(q=0 f=0/16 p99rtt=5ms) custom(q=0 f=0/1 p99rtt=3ms) slots=25/25 jobs/s=522 drains=119207 evl=0ms
[2026-06-04 10:12:04.458] [info] [Worker 8] [libqueen] push(q=0 f=1/24 p99rtt=28ms) pop(q=0 f=0/16 p99rtt=5ms) custom(q=0 f=0/1 p99rtt=3ms) slots=24/25 jobs/s=540 drains=119929 evl=0ms
[2026-06-04 10:12:05.381] [info] [Worker 7] [libqueen] push(q=5 f=0/24 p99rtt=26ms) pop(q=0 f=0/16 p99rtt=5ms) custom(q=0 f=0/1 p99rtt=3ms) slots=25/25 jobs/s=534 drains=120658 evl=0ms
[2026-06-04 10:12:05.395] [info] [Worker 5] [libqueen] push(q=0 f=1/24 p99rtt=29ms) pop(q=0 f=0/16 p99rtt=7ms) custom(q=0 f=0/1 p99rtt=3ms) slots=24/25 jobs/s=528 drains=119504 evl=0ms
[2026-06-04 10:12:05.409] [info] [Worker 0] [libqueen] push(q=0 f=1/24 p99rtt=30ms) pop(q=0 f=0/16 p99rtt=9ms) custom(q=0 f=0/1 p99rtt=3ms) slots=24/25 jobs/s=540 drains=119981 evl=0ms
[2026-06-04 10:12:05.416] [info] [Worker 6] [libqueen] push(q=5 f=0/24 p99rtt=27ms) pop(q=0 f=0/16 p99rtt=5ms) custom(q=0 f=0/1 p99rtt=3ms) slots=25/25 jobs/s=552 drains=119981 evl=0ms
[2026-06-04 10:12:05.418] [info] [Worker 9] [libqueen] push(q=0 f=1/24 p99rtt=29ms) pop(q=0 f=0/16 p99rtt=6ms) custom(q=0 f=0/1 p99rtt=3ms) slots=24/25 jobs/s=564 drains=119905 evl=0ms
[2026-06-04 10:12:05.418] [info] [Worker 1] [libqueen] push(q=0 f=1/24 p99rtt=28ms) pop(q=0 f=0/16 p99rtt=6ms) custom(q=0 f=0/1 p99rtt=2ms) slots=24/25 jobs/s=540 drains=120998 evl=0ms
[2026-06-04 10:12:05.423] [info] [Worker 2] [libqueen] push(q=0 f=1/24 p99rtt=27ms) pop(q=0 f=0/16 p99rtt=4ms) custom(q=0 f=0/1 p99rtt=3ms) slots=24/25 jobs/s=546 drains=119174 evl=0ms
[2026-06-04 10:12:05.446] [info] [Worker 4] [libqueen] push(q=5 f=0/24 p99rtt=27ms) pop(q=0 f=0/16 p99rtt=5ms) custom(q=0 f=0/1 p99rtt=3ms) slots=25/25 jobs/s=552 drains=119657 evl=0ms
[2026-06-04 10:12:05.455] [info] [Worker 3] [libqueen] push(q=4 f=0/24 p99rtt=29ms) pop(q=0 f=0/16 p99rtt=5ms) custom(q=0 f=0/1 p99rtt=3ms) slots=25/25 jobs/s=552 drains=119982 evl=0ms
[2026-06-04 10:12:05.458] [info] [Worker 8] [libqueen] push(q=0 f=1/24 p99rtt=28ms) pop(q=0 f=0/16 p99rtt=5ms) custom(q=0 f=0/1 p99rtt=3ms) slots=24/25 jobs/s=552 drains=120698 evl=0ms
[2026-06-04 10:12:06.381] [info] [Worker 7] [libqueen] push(q=5 f=0/24 p99rtt=27ms) pop(q=0 f=0/16 p99rtt=5ms) custom(q=0 f=0/1 p99rtt=3ms) slots=25/25 jobs/s=528 drains=121385 evl=0ms
[2026-06-04 10:12:06.394] [info] [Worker 5] [libqueen] push(q=5 f=0/24 p99rtt=29ms) pop(q=0 f=0/16 p99rtt=7ms) custom(q=0 f=0/1 p99rtt=3ms) slots=25/25 jobs/s=527 drains=120239 evl=0ms
[2026-06-04 10:12:06.409] [info] [Worker 0] [libqueen] push(q=5 f=0/24 p99rtt=30ms) pop(q=0 f=0/16 p99rtt=9ms) custom(q=0 f=0/1 p99rtt=3ms) slots=25/25 jobs/s=522 drains=120689 evl=0ms
[2026-06-04 10:12:06.416] [info] [Worker 6] [libqueen] push(q=5 f=0/24 p99rtt=28ms) pop(q=0 f=0/16 p99rtt=5ms) custom(q=0 f=0/1 p99rtt=3ms) slots=25/25 jobs/s=540 drains=120718 evl=0ms
[2026-06-04 10:12:06.417] [info] [Worker 1] [libqueen] push(q=5 f=0/24 p99rtt=28ms) pop(q=0 f=0/16 p99rtt=6ms) custom(q=0 f=0/1 p99rtt=2ms) slots=25/25 jobs/s=534 drains=121733 evl=0ms
[2026-06-04 10:12:06.418] [info] [Worker 9] [libqueen] push(q=5 f=0/24 p99rtt=29ms) pop(q=0 f=0/16 p99rtt=6ms) custom(q=0 f=0/1 p99rtt=3ms) slots=25/25 jobs/s=522 drains=120631 evl=0ms
[2026-06-04 10:12:06.424] [info] [Worker 2] [libqueen] push(q=5 f=0/24 p99rtt=28ms) pop(q=0 f=0/16 p99rtt=4ms) custom(q=0 f=0/1 p99rtt=3ms) slots=25/25 jobs/s=522 drains=119890 evl=0ms
[2026-06-04 10:12:06.445] [info] [Worker 4] [libqueen] push(q=0 f=1/24 p99rtt=29ms) pop(q=0 f=0/16 p99rtt=5ms) custom(q=0 f=0/1 p99rtt=3ms) slots=24/25 jobs/s=522 drains=120386 evl=0ms
[2026-06-04 10:12:06.454] [info] [Worker 3] [libqueen] push(q=0 f=1/24 p99rtt=30ms) pop(q=0 f=0/16 p99rtt=5ms) custom(q=0 f=0/1 p99rtt=3ms) slots=24/25 jobs/s=527 drains=120701 evl=0ms
[2026-06-04 10:12:06.459] [info] [Worker 8] [libqueen] push(q=5 f=0/24 p99rtt=28ms) pop(q=0 f=0/16 p99rtt=5ms) custom(q=0 f=0/1 p99rtt=3ms) slots=25/25 jobs/s=516 drains=121420 evl=0ms
[2026-06-04 10:12:06.517] [info] QPOP: Connection aborted for f2d10550-cff7-4d31-92af-1203430b21e6
[2026-06-04 10:12:06.518] [info] QPOP: Connection aborted for fcc52e3b-d3f5-4172-ad7e-b34eef706b87
[2026-06-04 10:12:06.518] [info] QPOP: Connection aborted for 812b2f48-bb79-4c77-b620-83f6885b2909
[2026-06-04 10:12:06.518] [info] QPOP: Connection aborted for b259acb4-2422-4583-ac1e-a36d95978e2c
[2026-06-04 10:12:06.518] [info] QPOP: Connection aborted for e888cd4f-0d07-45e9-bf87-a04d139c6dd0
[2026-06-04 10:12:06.518] [info] QPOP: Connection aborted for 7e369754-a49b-42a2-9afa-4d94564f0350
[2026-06-04 10:12:06.519] [info] QPOP: Connection aborted for bd557b45-3f97-45b5-ad59-4a1478bbae8a
[2026-06-04 10:12:06.519] [info] QPOP: Connection aborted for 359551e6-ca82-496a-a88c-7c0e664e135a
[2026-06-04 10:12:06.519] [info] QPOP: Connection aborted for c3b36eb4-2690-40f0-ba8b-e58bfa73cd46
[2026-06-04 10:12:06.519] [info] QPOP: Connection aborted for d4670064-a504-4b6e-b080-6cf60620a639
[2026-06-04 10:12:06.519] [info] QPOP: Connection aborted for 93384929-cc7f-4f8e-9bac-175795013187
[2026-06-04 10:12:06.521] [info] QPOP: Connection aborted for 139d7d7f-ec96-4348-8650-3ff0c810c9dd
[2026-06-04 10:12:06.521] [info] QPOP: Connection aborted for 72453580-be94-4ea7-b504-94f4112e83b4
[2026-06-04 10:12:06.521] [info] QPOP: Connection aborted for 8746701a-ee33-4b64-b9dc-140bf3b88771
[2026-06-04 10:12:06.521] [info] QPOP: Connection aborted for 16d4659a-2808-4bbb-82c8-5c4bb3bfdca7
[2026-06-04 10:12:06.524] [info] QPOP: Connection aborted for 7495ad1a-c1e2-496f-bb1d-4563ead3d0fd
[2026-06-04 10:12:06.524] [info] QPOP: Connection aborted for 5195cbf3-03f8-4046-8318-c107b6d8a0fb
[2026-06-04 10:12:06.524] [info] QPOP: Connection aborted for 9af24817-d8a8-47a7-9f13-b6f903da2e28
[2026-06-04 10:12:06.530] [info] QPOP: Connection aborted for 38b2dda5-725d-442e-b754-b1fadcbdc9cd
[2026-06-04 10:12:06.532] [info] QPOP: Connection aborted for e6d7e439-80fd-4a66-8218-a0c3c729c69d
[2026-06-04 10:12:06.533] [info] QPOP: Connection aborted for c4eb458e-dcd2-4c8b-8112-99a9f11b04a8
[2026-06-04 10:12:06.533] [info] QPOP: Connection aborted for 367ca91a-52d2-4202-8e9e-f3b654fedbde
[2026-06-04 10:12:06.533] [info] QPOP: Connection aborted for 5a389ae2-fb22-43b1-8ad4-1287e6a13b7e
[2026-06-04 10:12:06.533] [info] QPOP: Connection aborted for 10510d03-c8e4-4ddb-8eec-d6b3989c07a5
[2026-06-04 10:12:06.535] [info] QPOP: Connection aborted for 8a10914b-4681-4536-bd71-74c67767ec82
[2026-06-04 10:12:06.537] [info] QPOP: Connection aborted for c098d20f-dbc2-4de7-9754-94e62b0cb21c
[2026-06-04 10:12:06.538] [info] QPOP: Connection aborted for 7db3ccbe-7209-43f8-b73d-79d0f646bae4
[2026-06-04 10:12:06.538] [info] QPOP: Connection aborted for 695e0b8d-6174-4d59-b166-8143d8d914e6
[2026-06-04 10:12:06.538] [info] QPOP: Connection aborted for c5b22fb0-19ee-4f9f-9c8a-dbe09635bb79
[2026-06-04 10:12:06.542] [info] QPOP: Connection aborted for 8552fdae-08c4-4826-a4e5-83e9bff7d9ab
[2026-06-04 10:12:06.544] [info] QPOP: Connection aborted for 078be7e5-bc35-47e4-8403-9b673dd01bdf
[2026-06-04 10:12:06.545] [info] QPOP: Connection aborted for f9892b93-aeb8-4e34-9b7e-8da4a6de7bcc
[2026-06-04 10:12:06.545] [info] QPOP: Connection aborted for 966aeb7d-415f-4375-91ab-2fad28becbd4
[2026-06-04 10:12:06.545] [info] QPOP: Connection aborted for ba7bc126-b6fc-4603-b6f4-7038f23b5dde
[2026-06-04 10:12:06.548] [info] QPOP: Connection aborted for ae3ff3de-c806-4254-a1c7-3d25ba2fd031
[2026-06-04 10:12:06.548] [info] QPOP: Connection aborted for 28b74050-9eb4-429a-87e1-0be0f3e1f653
[2026-06-04 10:12:06.550] [info] QPOP: Connection aborted for 3ab30391-be16-4ecb-af2c-055b5bd958d2
[2026-06-04 10:12:06.553] [info] QPOP: Connection aborted for cadf8340-34d3-4d13-92c5-0e7548ec29a1
[2026-06-04 10:12:06.553] [info] QPOP: Connection aborted for 237d1721-c98a-416b-a017-ad8d3143472c
[2026-06-04 10:12:06.553] [info] QPOP: Connection aborted for 6bfe7752-1fad-4faa-92d0-58c1c18b6d25
[2026-06-04 10:12:06.553] [info] QPOP: Connection aborted for 3b8a2a5d-f482-4df6-8c08-8588aaebb17c
[2026-06-04 10:12:06.553] [info] QPOP: Connection aborted for db81b09a-d8d3-4a79-8875-5c08b40b46e6
[2026-06-04 10:12:06.554] [info] QPOP: Connection aborted for 99127eb3-a2ff-4fbc-8db7-bfd98b015f95
[2026-06-04 10:12:06.555] [info] QPOP: Connection aborted for c5c40c2d-64fc-4d89-b5a1-f66e07b208fd
[2026-06-04 10:12:06.555] [info] QPOP: Connection aborted for 05296b8c-c4c2-4264-b8b9-0916e3326c44
[2026-06-04 10:12:06.556] [info] QPOP: Connection aborted for 91db8067-dd50-4408-a1a4-92b08ded9cc3
[2026-06-04 10:12:06.556] [info] QPOP: Connection aborted for 0987fff9-b1a2-4a91-b1f4-ec3e6bcad349
[2026-06-04 10:12:06.556] [info] QPOP: Connection aborted for 83dd2494-035b-4203-93f6-6c770cb37057
[2026-06-04 10:12:06.558] [info] QPOP: Connection aborted for 5618f7c7-3575-4c39-a600-f5d02807a841
[2026-06-04 10:12:06.560] [info] QPOP: Connection aborted for 43e1043b-bc03-499c-ba5c-a90300e529bf
[2026-06-04 10:12:06.872] [info] PartitionLookupReconcileService: fixed 14 partition_lookup rows (stats leader, hostname=a4dbf4b4cbaf)
[2026-06-04 10:12:07.381] [info] [Worker 7] [libqueen] push(q=5 f=0/24 p99rtt=28ms) pop(q=0 f=0/16 p99rtt=5ms) custom(q=0 f=0/1 p99rtt=3ms) slots=25/25 jobs/s=526 drains=122120 evl=0ms
[2026-06-04 10:12:07.395] [info] [Worker 5] [libqueen] push(q=0 f=1/24 p99rtt=29ms) pop(q=0 f=0/16 p99rtt=7ms) custom(q=0 f=0/1 p99rtt=3ms) slots=24/25 jobs/s=527 drains=120981 evl=0ms
[2026-06-04 10:12:07.410] [info] [Worker 0] [libqueen] push(q=5 f=0/24 p99rtt=30ms) pop(q=0 f=0/16 p99rtt=9ms) custom(q=0 f=0/1 p99rtt=3ms) slots=25/25 jobs/s=533 drains=121430 evl=0ms
[2026-06-04 10:12:07.416] [info] [Worker 6] [libqueen] push(q=5 f=0/24 p99rtt=28ms) pop(q=0 f=0/16 p99rtt=5ms) custom(q=0 f=0/1 p99rtt=3ms) slots=25/25 jobs/s=522 drains=121448 evl=0ms
[2026-06-04 10:12:07.418] [info] [Worker 9] [libqueen] push(q=0 f=1/24 p99rtt=29ms) pop(q=0 f=0/16 p99rtt=6ms) custom(q=0 f=0/1 p99rtt=3ms) slots=24/25 jobs/s=534 drains=121371 evl=0ms
[2026-06-04 10:12:07.418] [info] [Worker 1] [libqueen] push(q=0 f=1/24 p99rtt=28ms) pop(q=0 f=0/16 p99rtt=6ms) custom(q=0 f=0/1 p99rtt=2ms) slots=24/25 jobs/s=534 drains=122478 evl=0ms
[2026-06-04 10:12:07.423] [info] [Worker 2] [libqueen] push(q=0 f=1/24 p99rtt=28ms) pop(q=0 f=0/16 p99rtt=4ms) custom(q=0 f=0/1 p99rtt=3ms) slots=24/25 jobs/s=515 drains=120621 evl=0ms
[2026-06-04 10:12:07.446] [info] [Worker 4] [libqueen] push(q=0 f=1/24 p99rtt=29ms) pop(q=0 f=0/16 p99rtt=5ms) custom(q=0 f=0/1 p99rtt=3ms) slots=24/25 jobs/s=533 drains=121134 evl=0ms
[2026-06-04 10:12:07.454] [info] [Worker 3] [libqueen] push(q=0 f=1/24 p99rtt=29ms) pop(q=0 f=0/16 p99rtt=5ms) custom(q=0 f=0/1 p99rtt=3ms) slots=24/25 jobs/s=540 drains=121463 evl=0ms
[2026-06-04 10:12:07.459] [info] [Worker 8] [libqueen] push(q=5 f=0/24 p99rtt=28ms) pop(q=0 f=0/16 p99rtt=5ms) custom(q=0 f=0/1 p99rtt=3ms) slots=25/25 jobs/s=531 drains=122153 evl=0ms
[2026-06-04 10:12:08.380] [info] [Worker 7] [libqueen] push(q=0 f=1/24 p99rtt=28ms) pop(q=0 f=0/16 p99rtt=5ms) custom(q=0 f=0/1 p99rtt=3ms) slots=24/25 jobs/s=548 drains=122892 evl=0ms
[2026-06-04 10:12:08.395] [info] [Worker 5] [libqueen] push(q=0 f=1/24 p99rtt=29ms) pop(q=0 f=0/16 p99rtt=7ms) custom(q=0 f=0/1 p99rtt=3ms) slots=24/25 jobs/s=555 drains=121753 evl=0ms
[2026-06-04 10:12:08.410] [info] [Worker 0] [libqueen] push(q=5 f=0/24 p99rtt=29ms) pop(q=0 f=0/16 p99rtt=9ms) custom(q=0 f=0/1 p99rtt=3ms) slots=25/25 jobs/s=559 drains=122190 evl=0ms
[2026-06-04 10:12:08.417] [info] [Worker 6] [libqueen] push(q=5 f=0/24 p99rtt=28ms) pop(q=0 f=0/16 p99rtt=5ms) custom(q=0 f=0/1 p99rtt=3ms) slots=25/25 jobs/s=558 drains=122209 evl=0ms
[2026-06-04 10:12:08.417] [info] [Worker 1] [libqueen] push(q=5 f=0/24 p99rtt=28ms) pop(q=0 f=0/16 p99rtt=6ms) custom(q=0 f=0/1 p99rtt=2ms) slots=25/25 jobs/s=546 drains=123233 evl=0ms
[2026-06-04 10:12:08.417] [info] [Worker 9] [libqueen] push(q=5 f=0/24 p99rtt=29ms) pop(q=0 f=0/16 p99rtt=6ms) custom(q=0 f=0/1 p99rtt=3ms) slots=25/25 jobs/s=558 drains=122143 evl=0ms
[2026-06-04 10:12:08.423] [info] [Worker 2] [libqueen] push(q=5 f=0/24 p99rtt=28ms) pop(q=0 f=0/16 p99rtt=4ms) custom(q=0 f=0/1 p99rtt=3ms) slots=25/25 jobs/s=560 drains=121392 evl=0ms
[2026-06-04 10:12:08.445] [info] [Worker 4] [libqueen] push(q=0 f=0/24 p99rtt=29ms) pop(q=0 f=0/16 p99rtt=5ms) custom(q=0 f=1/1 p99rtt=3ms) slots=24/25 jobs/s=551 drains=121873 evl=0ms
[2026-06-04 10:12:08.455] [info] [Worker 3] [libqueen] push(q=5 f=0/24 p99rtt=29ms) pop(q=0 f=0/16 p99rtt=5ms) custom(q=0 f=0/1 p99rtt=3ms) slots=25/25 jobs/s=540 drains=122208 evl=0ms
[2026-06-04 10:12:08.458] [info] [Worker 8] [libqueen] push(q=3 f=0/24 p99rtt=27ms) pop(q=0 f=0/16 p99rtt=5ms) custom(q=0 f=0/1 p99rtt=2ms) slots=25/25 jobs/s=552 drains=122925 evl=0ms
[2026-06-04 10:12:09.381] [info] [Worker 7] [libqueen] push(q=0 f=1/24 p99rtt=28ms) pop(q=0 f=0/16 p99rtt=5ms) custom(q=0 f=1/1 p99rtt=3ms) slots=23/25 jobs/s=497 drains=123582 evl=0ms
[2026-06-04 10:12:09.395] [info] [Worker 5] [libqueen] push(q=0 f=1/24 p99rtt=31ms) pop(q=0 f=0/16 p99rtt=7ms) custom(q=0 f=1/1 p99rtt=3ms) slots=23/25 jobs/s=503 drains=122445 evl=0ms
[2026-06-04 10:12:09.410] [info] [Worker 0] [libqueen] push(q=0 f=1/24 p99rtt=30ms) pop(q=0 f=0/16 p99rtt=9ms) custom(q=0 f=1/1 p99rtt=3ms) slots=23/25 jobs/s=491 drains=122875 evl=0ms
[2026-06-04 10:12:09.417] [info] [Worker 6] [libqueen] push(q=0 f=1/24 p99rtt=28ms) pop(q=0 f=0/16 p99rtt=5ms) custom(q=0 f=1/1 p99rtt=3ms) slots=23/25 jobs/s=490 drains=122866 evl=0ms
[2026-06-04 10:12:09.418] [info] [Worker 1] [libqueen] push(q=0 f=1/24 p99rtt=28ms) pop(q=0 f=0/16 p99rtt=6ms) custom(q=0 f=1/1 p99rtt=2ms) slots=23/25 jobs/s=491 drains=123900 evl=0ms
[2026-06-04 10:12:09.418] [info] [Worker 9] [libqueen] push(q=0 f=1/24 p99rtt=30ms) pop(q=0 f=0/16 p99rtt=6ms) custom(q=0 f=1/1 p99rtt=3ms) slots=23/25 jobs/s=485 drains=122809 evl=0ms
[2026-06-04 10:12:09.424] [info] [Worker 2] [libqueen] push(q=0 f=1/24 p99rtt=28ms) pop(q=0 f=0/16 p99rtt=4ms) custom(q=0 f=1/1 p99rtt=3ms) slots=23/25 jobs/s=485 drains=122052 evl=0ms
[2026-06-04 10:12:09.446] [info] [Worker 4] [libqueen] push(q=0 f=1/24 p99rtt=29ms) pop(q=0 f=0/16 p99rtt=5ms) custom(q=1 f=1/1 p99rtt=3ms) slots=23/25 jobs/s=473 drains=122530 evl=0ms
[2026-06-04 10:12:09.455] [info] [Worker 3] [libqueen] push(q=0 f=1/24 p99rtt=30ms) pop(q=0 f=0/16 p99rtt=5ms) custom(q=0 f=1/1 p99rtt=3ms) slots=23/25 jobs/s=461 drains=122843 evl=0ms
[2026-06-04 10:12:09.459] [info] [Worker 8] [libqueen] push(q=0 f=1/24 p99rtt=28ms) pop(q=0 f=0/16 p99rtt=5ms) custom(q=0 f=1/1 p99rtt=2ms) slots=23/25 jobs/s=473 drains=123575 evl=0ms
[2026-06-04 10:12:10.380] [info] [Worker 7] [libqueen] push(q=0 f=1/24 p99rtt=31ms) pop(q=0 f=0/16 p99rtt=5ms) custom(q=0 f=0/1 p99rtt=4ms) slots=24/25 jobs/s=421 drains=124157 evl=0ms
[2026-06-04 10:12:10.394] [info] [Worker 5] [libqueen] push(q=1 f=0/24 p99rtt=31ms) pop(q=0 f=0/16 p99rtt=7ms) custom(q=0 f=0/1 p99rtt=3ms) slots=25/25 jobs/s=430 drains=123050 evl=0ms
[2026-06-04 10:12:10.410] [info] [Worker 0] [libqueen] push(q=5 f=0/24 p99rtt=30ms) pop(q=0 f=0/16 p99rtt=9ms) custom(q=0 f=0/1 p99rtt=3ms) slots=25/25 jobs/s=433 drains=123469 evl=0ms
[2026-06-04 10:12:10.416] [info] [Worker 6] [libqueen] push(q=5 f=0/24 p99rtt=33ms) pop(q=0 f=0/16 p99rtt=5ms) custom(q=0 f=0/1 p99rtt=3ms) slots=25/25 jobs/s=445 drains=123474 evl=0ms
[2026-06-04 10:12:10.417] [info] [Worker 9] [libqueen] push(q=5 f=0/24 p99rtt=32ms) pop(q=0 f=0/16 p99rtt=6ms) custom(q=0 f=0/1 p99rtt=3ms) slots=25/25 jobs/s=445 drains=123423 evl=0ms
[2026-06-04 10:12:10.418] [info] [Worker 1] [libqueen] push(q=5 f=0/24 p99rtt=32ms) pop(q=0 f=0/16 p99rtt=6ms) custom(q=0 f=0/1 p99rtt=4ms) slots=25/25 jobs/s=445 drains=124529 evl=0ms
[2026-06-04 10:12:10.424] [info] [Worker 2] [libqueen] push(q=5 f=0/24 p99rtt=32ms) pop(q=0 f=0/16 p99rtt=4ms) custom(q=0 f=0/1 p99rtt=3ms) slots=25/25 jobs/s=445 drains=122674 evl=0ms
[2026-06-04 10:12:10.445] [info] [Worker 4] [libqueen] push(q=5 f=0/24 p99rtt=29ms) pop(q=0 f=0/16 p99rtt=5ms) custom(q=0 f=0/1 p99rtt=3ms) slots=25/25 jobs/s=452 drains=123160 evl=0ms
[2026-06-04 10:12:10.455] [info] [Worker 3] [libqueen] push(q=2 f=0/24 p99rtt=30ms) pop(q=0 f=0/16 p99rtt=5ms) custom(q=0 f=0/1 p99rtt=3ms) slots=25/25 jobs/s=449 drains=123474 evl=0ms
[2026-06-04 10:12:10.459] [info] [Worker 8] [libqueen] push(q=5 f=0/24 p99rtt=32ms) pop(q=0 f=0/16 p99rtt=5ms) custom(q=0 f=0/1 p99rtt=3ms) slots=25/25 jobs/s=463 drains=124197 evl=0ms
[2026-06-04 10:12:10.751] [info] StatsService: cycle completed in 56ms
[2026-06-04 10:12:11.380] [info] [Worker 7] [libqueen] push(q=0 f=0/24 p99rtt=31ms) pop(q=0 f=0/16 p99rtt=5ms) custom(q=0 f=0/1 p99rtt=4ms) slots=25/25 jobs/s=606 drains=124987 evl=0ms
[2026-06-04 10:12:11.395] [info] [Worker 5] [libqueen] push(q=0 f=1/24 p99rtt=31ms) pop(q=0 f=0/16 p99rtt=7ms) custom(q=0 f=0/1 p99rtt=3ms) slots=24/25 jobs/s=606 drains=123911 evl=0ms
[2026-06-04 10:12:11.410] [info] [Worker 0] [libqueen] push(q=0 f=1/24 p99rtt=30ms) pop(q=0 f=0/16 p99rtt=9ms) custom(q=0 f=1/1 p99rtt=3ms) slots=23/25 jobs/s=593 drains=124274 evl=0ms
[2026-06-04 10:12:11.417] [info] [Worker 6] [libqueen] push(q=0 f=1/24 p99rtt=33ms) pop(q=0 f=0/16 p99rtt=5ms) custom(q=0 f=0/1 p99rtt=3ms) slots=24/25 jobs/s=606 drains=124314 evl=0ms
[2026-06-04 10:12:11.417] [info] [Worker 1] [libqueen] push(q=0 f=1/24 p99rtt=32ms) pop(q=0 f=0/16 p99rtt=6ms) custom(q=0 f=0/1 p99rtt=4ms) slots=24/25 jobs/s=600 drains=125349 evl=0ms
[2026-06-04 10:12:11.418] [info] [Worker 9] [libqueen] push(q=0 f=1/24 p99rtt=32ms) pop(q=0 f=0/16 p99rtt=6ms) custom(q=0 f=1/1 p99rtt=3ms) slots=23/25 jobs/s=593 drains=124236 evl=0ms
[2026-06-04 10:12:11.423] [info] [Worker 2] [libqueen] push(q=0 f=1/24 p99rtt=32ms) pop(q=0 f=0/16 p99rtt=4ms) custom(q=0 f=0/1 p99rtt=3ms) slots=24/25 jobs/s=582 drains=123468 evl=0ms
[2026-06-04 10:12:11.446] [info] [Worker 4] [libqueen] push(q=5 f=0/24 p99rtt=29ms) pop(q=0 f=0/16 p99rtt=5ms) custom(q=0 f=0/1 p99rtt=4ms) slots=25/25 jobs/s=582 drains=123961 evl=0ms
[2026-06-04 10:12:11.456] [info] [Worker 3] [libqueen] push(q=5 f=0/24 p99rtt=30ms) pop(q=0 f=0/16 p99rtt=5ms) custom(q=0 f=0/1 p99rtt=3ms) slots=25/25 jobs/s=594 drains=124283 evl=0ms
[2026-06-04 10:12:11.459] [info] [Worker 8] [libqueen] push(q=5 f=0/24 p99rtt=32ms) pop(q=0 f=0/16 p99rtt=5ms) custom(q=0 f=0/1 p99rtt=2ms) slots=25/25 jobs/s=582 drains=124992 evl=0ms
[2026-06-04 10:12:12.381] [info] [Worker 7] [libqueen] push(q=0 f=0/24 p99rtt=31ms) pop(q=0 f=0/16 p99rtt=5ms) custom(q=0 f=0/1 p99rtt=4ms) slots=25/25 jobs/s=558 drains=125739 evl=0ms
[2026-06-04 10:12:12.395] [info] [Worker 5] [libqueen] push(q=5 f=0/24 p99rtt=31ms) pop(q=0 f=0/16 p99rtt=7ms) custom(q=0 f=0/1 p99rtt=4ms) slots=25/25 jobs/s=558 drains=124661 evl=0ms
[2026-06-04 10:12:12.410] [info] [Worker 0] [libqueen] push(q=0 f=0/24 p99rtt=30ms) pop(q=0 f=0/16 p99rtt=9ms) custom(q=0 f=1/1 p99rtt=4ms) slots=24/25 jobs/s=558 drains=125035 evl=0ms
[2026-06-04 10:12:12.417] [info] [Worker 6] [libqueen] push(q=0 f=1/24 p99rtt=33ms) pop(q=0 f=0/16 p99rtt=5ms) custom(q=0 f=0/1 p99rtt=5ms) slots=24/25 jobs/s=576 drains=125103 evl=0ms
[2026-06-04 10:12:12.418] [info] [Worker 9] [libqueen] push(q=0 f=0/24 p99rtt=32ms) pop(q=0 f=0/16 p99rtt=6ms) custom(q=0 f=1/1 p99rtt=3ms) slots=24/25 jobs/s=564 drains=124995 evl=0ms
[2026-06-04 10:12:12.418] [info] [Worker 1] [libqueen] push(q=0 f=1/24 p99rtt=32ms) pop(q=0 f=0/16 p99rtt=6ms) custom(q=0 f=0/1 p99rtt=4ms) slots=24/25 jobs/s=570 drains=126122 evl=0ms
[2026-06-04 10:12:12.424] [info] [Worker 2] [libqueen] push(q=5 f=0/24 p99rtt=32ms) pop(q=0 f=0/16 p99rtt=4ms) custom(q=0 f=0/1 p99rtt=3ms) slots=25/25 jobs/s=570 drains=124263 evl=0ms
[2026-06-04 10:12:12.446] [info] [Worker 4] [libqueen] push(q=0 f=1/24 p99rtt=30ms) pop(q=0 f=0/16 p99rtt=5ms) custom(q=0 f=0/1 p99rtt=4ms) slots=24/25 jobs/s=546 drains=124714 evl=0ms
[2026-06-04 10:12:12.456] [info] [Worker 3] [libqueen] push(q=5 f=0/24 p99rtt=30ms) pop(q=0 f=0/16 p99rtt=5ms) custom(q=0 f=0/1 p99rtt=3ms) slots=25/25 jobs/s=582 drains=125079 evl=0ms
[2026-06-04 10:12:12.459] [info] [Worker 8] [libqueen] push(q=5 f=0/24 p99rtt=32ms) pop(q=0 f=0/16 p99rtt=5ms) custom(q=0 f=0/1 p99rtt=3ms) slots=25/25 jobs/s=564 drains=125762 evl=0ms
[2026-06-04 10:12:13.381] [info] [Worker 7] [libqueen] push(q=0 f=1/24 p99rtt=31ms) pop(q=0 f=0/16 p99rtt=5ms) custom(q=0 f=0/1 p99rtt=4ms) slots=24/25 jobs/s=582 drains=126538 evl=0ms
[2026-06-04 10:12:13.396] [info] [Worker 5] [libqueen] push(q=5 f=0/24 p99rtt=30ms) pop(q=0 f=0/16 p99rtt=7ms) custom(q=0 f=0/1 p99rtt=3ms) slots=25/25 jobs/s=582 drains=125473 evl=0ms
[2026-06-04 10:12:13.410] [info] [Worker 0] [libqueen] push(q=5 f=0/24 p99rtt=30ms) pop(q=0 f=0/16 p99rtt=7ms) custom(q=0 f=0/1 p99rtt=4ms) slots=25/25 jobs/s=589 drains=125826 evl=0ms
[2026-06-04 10:12:13.417] [info] [Worker 1] [libqueen] push(q=0 f=1/24 p99rtt=31ms) pop(q=0 f=0/16 p99rtt=6ms) custom(q=0 f=0/1 p99rtt=4ms) slots=24/25 jobs/s=594 drains=126956 evl=0ms
[2026-06-04 10:12:13.418] [info] [Worker 6] [libqueen] push(q=5 f=0/24 p99rtt=30ms) pop(q=0 f=0/16 p99rtt=5ms) custom(q=0 f=0/1 p99rtt=5ms) slots=25/25 jobs/s=588 drains=125917 evl=0ms
[2026-06-04 10:12:13.418] [info] [Worker 9] [libqueen] push(q=0 f=0/24 p99rtt=29ms) pop(q=0 f=0/16 p99rtt=6ms) custom(q=0 f=1/1 p99rtt=3ms) slots=24/25 jobs/s=606 drains=125820 evl=0ms
[2026-06-04 10:12:13.424] [info] [Worker 2] [libqueen] push(q=5 f=0/24 p99rtt=32ms) pop(q=0 f=0/16 p99rtt=4ms) custom(q=0 f=0/1 p99rtt=3ms) slots=25/25 jobs/s=582 drains=125082 evl=0ms
[2026-06-04 10:12:13.445] [info] [Worker 4] [libqueen] push(q=5 f=0/24 p99rtt=29ms) pop(q=0 f=0/16 p99rtt=5ms) custom(q=0 f=0/1 p99rtt=4ms) slots=25/25 jobs/s=576 drains=125502 evl=0ms
[2026-06-04 10:12:13.455] [info] [Worker 3] [libqueen] push(q=5 f=0/24 p99rtt=30ms) pop(q=0 f=0/16 p99rtt=5ms) custom(q=0 f=0/1 p99rtt=3ms) slots=25/25 jobs/s=570 drains=125844 evl=0ms
[2026-06-04 10:12:13.459] [info] [Worker 8] [libqueen] push(q=0 f=1/24 p99rtt=30ms) pop(q=0 f=0/16 p99rtt=5ms) custom(q=0 f=0/1 p99rtt=3ms) slots=24/25 jobs/s=576 drains=126546 evl=0ms
[2026-06-04 10:12:14.381] [info] [Worker 7] [libqueen] push(q=0 f=1/24 p99rtt=31ms) pop(q=0 f=0/16 p99rtt=5ms) custom(q=0 f=0/1 p99rtt=4ms) slots=24/25 jobs/s=540 drains=127262 evl=0ms
[2026-06-04 10:12:14.395] [info] [Worker 5] [libqueen] push(q=0 f=1/24 p99rtt=30ms) pop(q=0 f=0/16 p99rtt=7ms) custom(q=0 f=0/1 p99rtt=4ms) slots=24/25 jobs/s=516 drains=126172 evl=0ms
[2026-06-04 10:12:14.411] [info] [Worker 0] [libqueen] push(q=5 f=0/24 p99rtt=30ms) pop(q=0 f=0/16 p99rtt=7ms) custom(q=0 f=0/1 p99rtt=4ms) slots=25/25 jobs/s=504 drains=126471 evl=0ms
[2026-06-04 10:12:14.417] [info] [Worker 6] [libqueen] push(q=0 f=1/24 p99rtt=28ms) pop(q=0 f=0/16 p99rtt=5ms) custom(q=0 f=0/1 p99rtt=5ms) slots=24/25 jobs/s=522 drains=126649 evl=0ms
[2026-06-04 10:12:14.417] [info] [Worker 1] [libqueen] push(q=0 f=0/24 p99rtt=31ms) pop(q=0 f=0/16 p99rtt=6ms) custom(q=0 f=0/1 p99rtt=4ms) slots=25/25 jobs/s=516 drains=127683 evl=0ms
[2026-06-04 10:12:14.418] [info] [Worker 9] [libqueen] push(q=5 f=0/24 p99rtt=29ms) pop(q=0 f=0/16 p99rtt=6ms) custom(q=0 f=0/1 p99rtt=3ms) slots=25/25 jobs/s=535 drains=126568 evl=0ms
[2026-06-04 10:12:14.424] [info] [Worker 2] [libqueen] push(q=5 f=0/24 p99rtt=30ms) pop(q=0 f=0/16 p99rtt=4ms) custom(q=0 f=0/1 p99rtt=3ms) slots=25/25 jobs/s=522 drains=125797 evl=0ms
[2026-06-04 10:12:14.446] [info] [Worker 4] [libqueen] push(q=0 f=1/24 p99rtt=29ms) pop(q=0 f=0/16 p99rtt=5ms) custom(q=0 f=0/1 p99rtt=4ms) slots=24/25 jobs/s=498 drains=126148 evl=0ms
[2026-06-04 10:12:14.456] [info] [Worker 3] [libqueen] push(q=5 f=0/24 p99rtt=29ms) pop(q=0 f=0/16 p99rtt=5ms) custom(q=0 f=0/1 p99rtt=3ms) slots=25/25 jobs/s=510 drains=126569 evl=0ms
[2026-06-04 10:12:14.459] [info] [Worker 8] [libqueen] push(q=2 f=0/24 p99rtt=30ms) pop(q=0 f=0/16 p99rtt=4ms) custom(q=0 f=0/1 p99rtt=4ms) slots=25/25 jobs/s=528 drains=127259 evl=0ms
[2026-06-04 10:12:15.381] [info] [Worker 7] [libqueen] push(q=0 f=1/24 p99rtt=31ms) pop(q=0 f=0/16 p99rtt=5ms) custom(q=0 f=0/1 p99rtt=4ms) slots=24/25 jobs/s=510 drains=127995 evl=0ms
[2026-06-04 10:12:15.396] [info] [Worker 5] [libqueen] push(q=5 f=0/24 p99rtt=30ms) pop(q=0 f=0/16 p99rtt=7ms) custom(q=0 f=0/1 p99rtt=3ms) slots=25/25 jobs/s=522 drains=126900 evl=0ms
[2026-06-04 10:12:15.411] [info] [Worker 0] [libqueen] push(q=0 f=1/24 p99rtt=30ms) pop(q=0 f=0/16 p99rtt=7ms) custom(q=0 f=0/1 p99rtt=4ms) slots=24/25 jobs/s=528 drains=127213 evl=0ms
[2026-06-04 10:12:15.417] [info] [Worker 1] [libqueen] push(q=0 f=1/24 p99rtt=31ms) pop(q=0 f=0/16 p99rtt=6ms) custom(q=0 f=0/1 p99rtt=4ms) slots=24/25 jobs/s=528 drains=128427 evl=0ms
[2026-06-04 10:12:15.418] [info] [Worker 6] [libqueen] push(q=0 f=1/24 p99rtt=29ms) pop(q=0 f=0/16 p99rtt=5ms) custom(q=0 f=0/1 p99rtt=4ms) slots=24/25 jobs/s=528 drains=127370 evl=0ms
[2026-06-04 10:12:15.418] [info] [Worker 9] [libqueen] push(q=0 f=1/24 p99rtt=29ms) pop(q=0 f=0/16 p99rtt=6ms) custom(q=0 f=0/1 p99rtt=4ms) slots=24/25 jobs/s=528 drains=127300 evl=0ms
[2026-06-04 10:12:15.425] [info] [Worker 2] [libqueen] push(q=0 f=0/24 p99rtt=30ms) pop(q=0 f=0/16 p99rtt=4ms) custom(q=0 f=0/1 p99rtt=3ms) slots=25/25 jobs/s=522 drains=126528 evl=0ms
[2026-06-04 10:12:15.445] [info] [Worker 4] [libqueen] push(q=5 f=0/24 p99rtt=29ms) pop(q=0 f=0/16 p99rtt=5ms) custom(q=0 f=0/1 p99rtt=3ms) slots=25/25 jobs/s=528 drains=126877 evl=0ms
[2026-06-04 10:12:15.456] [info] [Worker 3] [libqueen] push(q=5 f=0/24 p99rtt=29ms) pop(q=0 f=0/16 p99rtt=5ms) custom(q=0 f=0/1 p99rtt=3ms) slots=25/25 jobs/s=533 drains=127308 evl=0ms
[2026-06-04 10:12:15.458] [info] [Worker 8] [libqueen] push(q=5 f=0/24 p99rtt=30ms) pop(q=0 f=0/16 p99rtt=4ms) custom(q=0 f=0/1 p99rtt=4ms) slots=25/25 jobs/s=510 drains=127962 evl=0ms
[2026-06-04 10:12:16.381] [info] [Worker 7] [libqueen] push(q=0 f=0/24 p99rtt=30ms) pop(q=0 f=0/16 p99rtt=5ms) custom(q=0 f=0/1 p99rtt=4ms) slots=25/25 jobs/s=570 drains=128786 evl=0ms
[2026-06-04 10:12:16.395] [info] [Worker 5] [libqueen] push(q=5 f=0/24 p99rtt=30ms) pop(q=0 f=0/16 p99rtt=7ms) custom(q=0 f=0/1 p99rtt=3ms) slots=25/25 jobs/s=564 drains=127689 evl=0ms
[2026-06-04 10:12:16.411] [info] [Worker 0] [libqueen] push(q=0 f=1/24 p99rtt=30ms) pop(q=0 f=0/16 p99rtt=7ms) custom(q=0 f=0/1 p99rtt=4ms) slots=24/25 jobs/s=558 drains=127986 evl=0ms
[2026-06-04 10:12:16.417] [info] [Worker 9] [libqueen] push(q=5 f=0/24 p99rtt=27ms) pop(q=0 f=0/16 p99rtt=6ms) custom(q=0 f=0/1 p99rtt=4ms) slots=25/25 jobs/s=552 drains=128072 evl=0ms
[2026-06-04 10:12:16.418] [info] [Worker 6] [libqueen] push(q=5 f=0/24 p99rtt=29ms) pop(q=0 f=0/16 p99rtt=5ms) custom(q=0 f=0/1 p99rtt=3ms) slots=25/25 jobs/s=564 drains=128143 evl=0ms
[2026-06-04 10:12:16.418] [info] [Worker 1] [libqueen] push(q=5 f=0/24 p99rtt=28ms) pop(q=0 f=0/16 p99rtt=6ms) custom(q=0 f=0/1 p99rtt=4ms) slots=25/25 jobs/s=576 drains=129228 evl=0ms
[2026-06-04 10:12:16.425] [info] [Worker 2] [libqueen] push(q=5 f=0/24 p99rtt=30ms) pop(q=0 f=0/16 p99rtt=4ms) custom(q=0 f=0/1 p99rtt=3ms) slots=25/25 jobs/s=558 drains=127297 evl=0ms
[2026-06-04 10:12:16.446] [info] [Worker 4] [libqueen] push(q=0 f=1/24 p99rtt=29ms) pop(q=0 f=0/16 p99rtt=5ms) custom(q=0 f=0/1 p99rtt=3ms) slots=24/25 jobs/s=540 drains=127622 evl=0ms
[2026-06-04 10:12:16.456] [info] [Worker 3] [libqueen] push(q=0 f=1/24 p99rtt=29ms) pop(q=0 f=0/16 p99rtt=5ms) custom(q=0 f=0/1 p99rtt=3ms) slots=24/25 jobs/s=540 drains=128048 evl=0ms
[2026-06-04 10:12:16.458] [info] [Worker 8] [libqueen] push(q=0 f=1/24 p99rtt=30ms) pop(q=0 f=0/16 p99rtt=4ms) custom(q=0 f=0/1 p99rtt=4ms) slots=24/25 jobs/s=552 drains=128727 evl=0ms
[2026-06-04 10:12:16.519] [info] QPOP: Connection aborted for baf7a262-f865-41a0-babe-9701da43962f
[2026-06-04 10:12:16.520] [info] QPOP: Connection aborted for 217d3cb5-ae1d-4667-b3fa-ee8ede5edb25
[2026-06-04 10:12:16.520] [info] QPOP: Connection aborted for 5c64968b-493a-451b-8ee3-4a990320b341
[2026-06-04 10:12:16.520] [info] QPOP: Connection aborted for 184c4339-a521-4332-9751-3b391d9435c9
[2026-06-04 10:12:16.520] [info] QPOP: Connection aborted for abf1b470-40f5-4255-9f93-d8bda0bed146
[2026-06-04 10:12:16.520] [info] QPOP: Connection aborted for 2775f190-f2c9-4018-b59c-30a449d4b0a8
[2026-06-04 10:12:16.521] [info] QPOP: Connection aborted for 37569bfc-d7c3-4da5-a685-c57d32ffd566
[2026-06-04 10:12:16.521] [info] QPOP: Connection aborted for 6fbbe164-239e-4361-be52-667492273878
[2026-06-04 10:12:16.521] [info] QPOP: Connection aborted for 69c6ff71-484d-4451-8ae7-3907ca151ca1
[2026-06-04 10:12:16.521] [info] QPOP: Connection aborted for aeae8ba2-a0ec-4efa-ac11-cbd4ec40b580
[2026-06-04 10:12:16.522] [info] QPOP: Connection aborted for 494900fd-bc5f-41ff-a038-bf93494ef188
[2026-06-04 10:12:16.523] [info] QPOP: Connection aborted for dbb0612b-05d8-4ec5-84cf-707adb1828cf
[2026-06-04 10:12:16.523] [info] QPOP: Connection aborted for 3bfb8667-5c28-4316-86de-2c4736b0521b
[2026-06-04 10:12:16.523] [info] QPOP: Connection aborted for 099d3700-77c3-4ee4-ada3-d9040eccd0e1
[2026-06-04 10:12:16.523] [info] QPOP: Connection aborted for 81d63b9f-69f4-43e3-a184-bd631bd734c5
[2026-06-04 10:12:16.525] [info] QPOP: Connection aborted for 95657dee-5a52-451e-8275-27379c47196b
[2026-06-04 10:12:16.525] [info] QPOP: Connection aborted for 12a695b0-1ef3-411c-894e-6ed2e4119883
[2026-06-04 10:12:16.525] [info] QPOP: Connection aborted for 2589b89f-6cde-47c8-a5e9-4a0958136c7e
[2026-06-04 10:12:16.532] [info] QPOP: Connection aborted for 4a30fdca-16b5-4c62-b93b-0ddb60648d67
[2026-06-04 10:12:16.534] [info] QPOP: Connection aborted for dc0711dc-f7ca-424d-8f51-03f5aecef03e
[2026-06-04 10:12:16.534] [info] QPOP: Connection aborted for a2ec8bc7-8f38-4034-babf-860b7fcedf60
[2026-06-04 10:12:16.535] [info] QPOP: Connection aborted for ace28df1-7a04-4b88-9137-70e0a11eb147
[2026-06-04 10:12:16.535] [info] QPOP: Connection aborted for d55bd868-1a8e-4d3c-94ea-00220e40b42e
[2026-06-04 10:12:16.535] [info] QPOP: Connection aborted for ced98939-5b92-49ec-8788-da55ed381988
[2026-06-04 10:12:16.536] [info] QPOP: Connection aborted for 84d364d1-2344-4d93-bec8-a65a7f560800
[2026-06-04 10:12:16.538] [info] QPOP: Connection aborted for ec16cd19-669e-4e9f-85ae-9cd277d89244
[2026-06-04 10:12:16.539] [info] QPOP: Connection aborted for b738de49-5f47-435e-9d1e-c0bb1362d6cc
[2026-06-04 10:12:16.539] [info] QPOP: Connection aborted for 56e1e4ef-efe0-436a-aa8e-bb59ee6c3e56
[2026-06-04 10:12:16.539] [info] QPOP: Connection aborted for 7da031ae-3ee8-4838-ba55-67a9838ee340
[2026-06-04 10:12:16.543] [info] QPOP: Connection aborted for 35988952-e1ef-44c4-af31-a2073310796f
[2026-06-04 10:12:16.545] [info] QPOP: Connection aborted for b8de845b-c0ca-4abe-8db5-0d1a0dab9e1a
[2026-06-04 10:12:16.547] [info] QPOP: Connection aborted for 67cdd5a5-36a7-497c-94da-1edc4333e434
[2026-06-04 10:12:16.547] [info] QPOP: Connection aborted for 4d3a193e-b761-4905-b104-86ee865b83a1
[2026-06-04 10:12:16.547] [info] QPOP: Connection aborted for 098701fc-353e-4d4f-a6f4-ed3c065bc991
[2026-06-04 10:12:16.548] [info] QPOP: Connection aborted for 24c7683e-018e-4846-8222-df4598fd1ae3
[2026-06-04 10:12:16.549] [info] QPOP: Connection aborted for 6cbd5a8a-16b3-4e2d-89d3-f773e355edd0
[2026-06-04 10:12:16.551] [info] QPOP: Connection aborted for 244e8bf9-c97d-4dc8-bb4d-e65bbe49d955
[2026-06-04 10:12:16.554] [info] QPOP: Connection aborted for f6cc680a-3635-4138-b926-da27376b4e41
[2026-06-04 10:12:16.554] [info] QPOP: Connection aborted for bcfe1346-af4c-4379-ab22-2313fbc5a37f
[2026-06-04 10:12:16.554] [info] QPOP: Connection aborted for eb9200d2-9059-4423-a80f-07e3a56a5e79
[2026-06-04 10:12:16.554] [info] QPOP: Connection aborted for b920ba26-041b-4332-8f76-5b667f1a89c2
[2026-06-04 10:12:16.554] [info] QPOP: Connection aborted for 150d65fd-5836-49aa-bdc6-857ffaf6d4b6
[2026-06-04 10:12:16.554] [info] QPOP: Connection aborted for 0c383ae7-4db6-4c9b-9e96-4d0a2323ef9d
[2026-06-04 10:12:16.557] [info] QPOP: Connection aborted for cd642486-7772-4cbf-b05e-1ae8ebaad2b4
[2026-06-04 10:12:16.557] [info] QPOP: Connection aborted for 724d9754-dfaf-49a9-a2aa-fc035c0664ea
[2026-06-04 10:12:16.557] [info] QPOP: Connection aborted for d7f4c81f-7f7d-434c-ab9b-1ce8e656ab62
[2026-06-04 10:12:16.557] [info] QPOP: Connection aborted for 3f2e7b91-654b-4aa0-9656-d8b4c269b159
[2026-06-04 10:12:16.557] [info] QPOP: Connection aborted for b25df24a-51db-439a-99bc-caff9e1c56a7
[2026-06-04 10:12:16.560] [info] QPOP: Connection aborted for fa87f0c0-aa73-4659-98bf-07104871fe6a
[2026-06-04 10:12:16.561] [info] QPOP: Connection aborted for df200493-5c7b-42f5-ada7-2b5e9eb70aaa
[2026-06-04 10:12:17.381] [info] [Worker 7] [libqueen] push(q=2 f=0/24 p99rtt=29ms) pop(q=0 f=0/16 p99rtt=5ms) custom(q=0 f=1/1 p99rtt=4ms) slots=24/25 jobs/s=538 drains=129530 evl=0ms
[2026-06-04 10:12:17.395] [info] [Worker 5] [libqueen] push(q=0 f=1/24 p99rtt=30ms) pop(q=0 f=0/16 p99rtt=7ms) custom(q=0 f=0/1 p99rtt=3ms) slots=24/25 jobs/s=550 drains=128460 evl=0ms
[2026-06-04 10:12:17.411] [info] [Worker 0] [libqueen] push(q=0 f=1/24 p99rtt=29ms) pop(q=0 f=0/16 p99rtt=7ms) custom(q=0 f=0/1 p99rtt=4ms) slots=24/25 jobs/s=546 drains=128766 evl=1ms
[2026-06-04 10:12:17.416] [info] [Worker 1] [libqueen] push(q=5 f=0/24 p99rtt=28ms) pop(q=0 f=0/16 p99rtt=5ms) custom(q=0 f=0/1 p99rtt=5ms) slots=25/25 jobs/s=549 drains=129993 evl=0ms
[2026-06-04 10:12:17.416] [info] [Worker 6] [libqueen] push(q=0 f=1/24 p99rtt=29ms) pop(q=0 f=0/16 p99rtt=5ms) custom(q=0 f=0/1 p99rtt=3ms) slots=24/25 jobs/s=552 drains=128927 evl=0ms
[2026-06-04 10:12:17.417] [info] [Worker 9] [libqueen] push(q=0 f=1/24 p99rtt=28ms) pop(q=0 f=0/16 p99rtt=6ms) custom(q=0 f=0/1 p99rtt=4ms) slots=24/25 jobs/s=551 drains=128853 evl=0ms
[2026-06-04 10:12:17.424] [info] [Worker 2] [libqueen] push(q=0 f=0/24 p99rtt=29ms) pop(q=0 f=0/16 p99rtt=4ms) custom(q=0 f=0/1 p99rtt=3ms) slots=25/25 jobs/s=543 drains=128074 evl=0ms
[2026-06-04 10:12:17.447] [info] [Worker 4] [libqueen] push(q=3 f=0/24 p99rtt=29ms) pop(q=0 f=0/16 p99rtt=5ms) custom(q=0 f=0/1 p99rtt=3ms) slots=25/25 jobs/s=552 drains=128400 evl=0ms
[2026-06-04 10:12:17.456] [info] [Worker 3] [libqueen] push(q=0 f=0/24 p99rtt=28ms) pop(q=0 f=0/16 p99rtt=5ms) custom(q=0 f=1/1 p99rtt=3ms) slots=24/25 jobs/s=555 drains=128829 evl=1ms
[2026-06-04 10:12:17.457] [info] [Worker 8] [libqueen] push(q=5 f=0/24 p99rtt=29ms) pop(q=0 f=0/16 p99rtt=4ms) custom(q=0 f=0/1 p99rtt=3ms) slots=25/25 jobs/s=558 drains=129505 evl=0ms
[2026-06-04 10:12:18.381] [info] [Worker 7] [libqueen] push(q=5 f=0/24 p99rtt=29ms) pop(q=0 f=0/16 p99rtt=5ms) custom(q=0 f=0/1 p99rtt=3ms) slots=25/25 jobs/s=529 drains=130250 evl=0ms
[2026-06-04 10:12:18.395] [info] [Worker 5] [libqueen] push(q=0 f=0/24 p99rtt=30ms) pop(q=0 f=0/16 p99rtt=7ms) custom(q=0 f=0/1 p99rtt=4ms) slots=25/25 jobs/s=558 drains=129229 evl=0ms
[2026-06-04 10:12:18.411] [info] [Worker 0] [libqueen] push(q=0 f=1/24 p99rtt=29ms) pop(q=0 f=0/16 p99rtt=7ms) custom(q=0 f=0/1 p99rtt=4ms) slots=24/25 jobs/s=552 drains=129538 evl=0ms
[2026-06-04 10:12:18.417] [info] [Worker 9] [libqueen] push(q=0 f=1/24 p99rtt=29ms) pop(q=0 f=0/16 p99rtt=6ms) custom(q=0 f=0/1 p99rtt=4ms) slots=24/25 jobs/s=546 drains=129599 evl=0ms
[2026-06-04 10:12:18.418] [info] [Worker 6] [libqueen] push(q=5 f=0/24 p99rtt=29ms) pop(q=0 f=0/16 p99rtt=5ms) custom(q=0 f=0/1 p99rtt=3ms) slots=25/25 jobs/s=558 drains=129690 evl=0ms
[2026-06-04 10:12:18.418] [info] [Worker 1] [libqueen] push(q=5 f=0/24 p99rtt=28ms) pop(q=0 f=0/16 p99rtt=5ms) custom(q=0 f=0/1 p99rtt=4ms) slots=25/25 jobs/s=540 drains=130743 evl=0ms
[2026-06-04 10:12:18.425] [info] [Worker 2] [libqueen] push(q=5 f=0/24 p99rtt=30ms) pop(q=0 f=0/16 p99rtt=4ms) custom(q=0 f=0/1 p99rtt=3ms) slots=25/25 jobs/s=546 drains=128858 evl=0ms
[2026-06-04 10:12:18.447] [info] [Worker 4] [libqueen] push(q=5 f=0/24 p99rtt=30ms) pop(q=0 f=0/16 p99rtt=5ms) custom(q=0 f=0/1 p99rtt=3ms) slots=25/25 jobs/s=540 drains=129161 evl=0ms
[2026-06-04 10:12:18.457] [info] [Worker 3] [libqueen] push(q=5 f=0/24 p99rtt=29ms) pop(q=0 f=0/16 p99rtt=5ms) custom(q=0 f=0/1 p99rtt=3ms) slots=25/25 jobs/s=547 drains=129610 evl=0ms
[2026-06-04 10:12:18.459] [info] [Worker 8] [libqueen] push(q=0 f=1/24 p99rtt=30ms) pop(q=0 f=0/16 p99rtt=4ms) custom(q=0 f=0/1 p99rtt=3ms) slots=24/25 jobs/s=558 drains=130272 evl=0ms
[2026-06-04 10:12:19.381] [info] [Worker 7] [libqueen] push(q=5 f=0/24 p99rtt=28ms) pop(q=0 f=0/16 p99rtt=5ms) custom(q=0 f=0/1 p99rtt=3ms) slots=25/25 jobs/s=612 drains=131083 evl=0ms
[2026-06-04 10:12:19.396] [info] [Worker 5] [libqueen] push(q=0 f=1/24 p99rtt=29ms) pop(q=0 f=0/16 p99rtt=7ms) custom(q=0 f=0/1 p99rtt=3ms) slots=24/25 jobs/s=594 drains=130067 evl=0ms
[2026-06-04 10:12:19.412] [info] [Worker 0] [libqueen] push(q=5 f=0/24 p99rtt=28ms) pop(q=0 f=0/16 p99rtt=7ms) custom(q=0 f=0/1 p99rtt=4ms) slots=25/25 jobs/s=594 drains=130360 evl=0ms
[2026-06-04 10:12:19.417] [info] [Worker 6] [libqueen] push(q=0 f=0/24 p99rtt=28ms) pop(q=0 f=0/16 p99rtt=5ms) custom(q=0 f=1/1 p99rtt=3ms) slots=24/25 jobs/s=575 drains=130468 evl=0ms
[2026-06-04 10:12:19.417] [info] [Worker 1] [libqueen] push(q=0 f=0/24 p99rtt=26ms) pop(q=0 f=0/16 p99rtt=5ms) custom(q=0 f=0/1 p99rtt=4ms) slots=25/25 jobs/s=588 drains=131557 evl=0ms
[2026-06-04 10:12:19.418] [info] [Worker 9] [libqueen] push(q=5 f=0/24 p99rtt=27ms) pop(q=0 f=0/16 p99rtt=6ms) custom(q=0 f=0/1 p99rtt=3ms) slots=25/25 jobs/s=588 drains=130418 evl=0ms
[2026-06-04 10:12:19.425] [info] [Worker 2] [libqueen] push(q=5 f=0/24 p99rtt=29ms) pop(q=0 f=0/16 p99rtt=4ms) custom(q=0 f=0/1 p99rtt=2ms) slots=25/25 jobs/s=600 drains=129681 evl=0ms
[2026-06-04 10:12:19.447] [info] [Worker 4] [libqueen] push(q=0 f=1/24 p99rtt=28ms) pop(q=0 f=0/16 p99rtt=5ms) custom(q=0 f=0/1 p99rtt=3ms) slots=24/25 jobs/s=576 drains=129952 evl=0ms
[2026-06-04 10:12:19.457] [info] [Worker 3] [libqueen] push(q=5 f=0/24 p99rtt=28ms) pop(q=0 f=0/16 p99rtt=5ms) custom(q=0 f=0/1 p99rtt=3ms) slots=25/25 jobs/s=606 drains=130444 evl=0ms
[2026-06-04 10:12:19.459] [info] [Worker 8] [libqueen] push(q=5 f=0/24 p99rtt=29ms) pop(q=0 f=0/16 p99rtt=4ms) custom(q=0 f=0/1 p99rtt=3ms) slots=25/25 jobs/s=600 drains=131099 evl=0ms
[2026-06-04 10:12:20.380] [info] [Worker 7] [libqueen] push(q=2 f=0/24 p99rtt=28ms) pop(q=0 f=0/16 p99rtt=5ms) custom(q=0 f=0/1 p99rtt=3ms) slots=25/25 jobs/s=606 drains=131927 evl=0ms
[2026-06-04 10:12:20.396] [info] [Worker 5] [libqueen] push(q=5 f=0/24 p99rtt=29ms) pop(q=0 f=0/16 p99rtt=7ms) custom(q=0 f=0/1 p99rtt=4ms) slots=25/25 jobs/s=618 drains=130932 evl=0ms
[2026-06-04 10:12:20.412] [info] [Worker 0] [libqueen] push(q=0 f=0/24 p99rtt=28ms) pop(q=0 f=0/16 p99rtt=7ms) custom(q=0 f=0/1 p99rtt=4ms) slots=25/25 jobs/s=600 drains=131194 evl=0ms
[2026-06-04 10:12:20.417] [info] [Worker 9] [libqueen] push(q=0 f=0/24 p99rtt=27ms) pop(q=0 f=0/16 p99rtt=6ms) custom(q=0 f=1/1 p99rtt=4ms) slots=24/25 jobs/s=605 drains=131239 evl=0ms
[2026-06-04 10:12:20.417] [info] [Worker 1] [libqueen] push(q=5 f=0/24 p99rtt=26ms) pop(q=0 f=0/16 p99rtt=5ms) custom(q=0 f=0/1 p99rtt=4ms) slots=25/25 jobs/s=582 drains=132388 evl=0ms
[2026-06-04 10:12:20.418] [info] [Worker 6] [libqueen] push(q=5 f=0/24 p99rtt=28ms) pop(q=0 f=0/16 p99rtt=5ms) custom(q=0 f=0/1 p99rtt=3ms) slots=25/25 jobs/s=607 drains=131310 evl=0ms
[2026-06-04 10:12:20.425] [info] [Worker 2] [libqueen] push(q=0 f=0/24 p99rtt=29ms) pop(q=0 f=0/16 p99rtt=4ms) custom(q=0 f=1/1 p99rtt=2ms) slots=24/25 jobs/s=587 drains=130485 evl=0ms
[2026-06-04 10:12:20.447] [info] [Worker 4] [libqueen] push(q=5 f=0/24 p99rtt=28ms) pop(q=0 f=0/16 p99rtt=5ms) custom(q=0 f=0/1 p99rtt=3ms) slots=25/25 jobs/s=594 drains=130777 evl=0ms
[2026-06-04 10:12:20.457] [info] [Worker 3] [libqueen] push(q=0 f=0/24 p99rtt=28ms) pop(q=0 f=0/16 p99rtt=5ms) custom(q=0 f=1/1 p99rtt=3ms) slots=24/25 jobs/s=581 drains=131247 evl=0ms
[2026-06-04 10:12:20.458] [info] [Worker 8] [libqueen] push(q=0 f=1/24 p99rtt=29ms) pop(q=0 f=0/16 p99rtt=4ms) custom(q=0 f=0/1 p99rtt=3ms) slots=24/25 jobs/s=594 drains=131917 evl=0ms
[2026-06-04 10:12:21.381] [info] [Worker 7] [libqueen] push(q=5 f=0/24 p99rtt=25ms) pop(q=0 f=0/16 p99rtt=5ms) custom(q=0 f=0/1 p99rtt=2ms) slots=25/25 jobs/s=600 drains=132769 evl=0ms
[2026-06-04 10:12:21.396] [info] [Worker 5] [libqueen] push(q=5 f=0/24 p99rtt=24ms) pop(q=0 f=0/16 p99rtt=7ms) custom(q=0 f=0/1 p99rtt=3ms) slots=25/25 jobs/s=606 drains=131772 evl=0ms
[2026-06-04 10:12:21.413] [info] [Worker 0] [libqueen] push(q=0 f=1/24 p99rtt=24ms) pop(q=0 f=0/16 p99rtt=7ms) custom(q=0 f=0/1 p99rtt=3ms) slots=24/25 jobs/s=600 drains=132047 evl=0ms
[2026-06-04 10:12:21.417] [info] [Worker 1] [libqueen] push(q=5 f=0/24 p99rtt=25ms) pop(q=0 f=0/16 p99rtt=5ms) custom(q=0 f=0/1 p99rtt=3ms) slots=25/25 jobs/s=612 drains=133263 evl=0ms
[2026-06-04 10:12:21.417] [info] [Worker 9] [libqueen] push(q=5 f=0/24 p99rtt=25ms) pop(q=0 f=0/16 p99rtt=6ms) custom(q=0 f=0/1 p99rtt=3ms) slots=25/25 jobs/s=595 drains=132080 evl=0ms
[2026-06-04 10:12:21.418] [info] [Worker 6] [libqueen] push(q=0 f=1/24 p99rtt=25ms) pop(q=0 f=0/16 p99rtt=5ms) custom(q=0 f=0/1 p99rtt=3ms) slots=24/25 jobs/s=612 drains=132144 evl=0ms
[2026-06-04 10:12:21.424] [info] [Worker 2] [libqueen] push(q=0 f=0/24 p99rtt=24ms) pop(q=0 f=0/16 p99rtt=4ms) custom(q=0 f=0/1 p99rtt=2ms) slots=25/25 jobs/s=601 drains=131310 evl=0ms
[2026-06-04 10:12:21.447] [info] [Worker 4] [libqueen] push(q=0 f=1/24 p99rtt=23ms) pop(q=0 f=0/16 p99rtt=5ms) custom(q=0 f=0/1 p99rtt=2ms) slots=24/25 jobs/s=600 drains=131591 evl=0ms
[2026-06-04 10:12:21.457] [info] [Worker 3] [libqueen] push(q=5 f=0/24 p99rtt=25ms) pop(q=0 f=0/16 p99rtt=5ms) custom(q=0 f=0/1 p99rtt=2ms) slots=25/25 jobs/s=613 drains=132099 evl=0ms
[2026-06-04 10:12:21.459] [info] [Worker 8] [libqueen] push(q=5 f=0/24 p99rtt=26ms) pop(q=0 f=0/16 p99rtt=4ms) custom(q=0 f=0/1 p99rtt=3ms) slots=25/25 jobs/s=606 drains=132775 evl=0ms
[2026-06-04 10:12:21.753] [info] StatsService: cycle completed in 57ms
[2026-06-04 10:12:22.381] [info] [Worker 7] [libqueen] push(q=5 f=0/24 p99rtt=22ms) pop(q=0 f=0/16 p99rtt=5ms) custom(q=0 f=0/1 p99rtt=2ms) slots=25/25 jobs/s=606 drains=133609 evl=0ms
[2026-06-04 10:12:22.395] [info] [Worker 5] [libqueen] push(q=3 f=0/24 p99rtt=24ms) pop(q=0 f=0/16 p99rtt=7ms) custom(q=0 f=0/1 p99rtt=3ms) slots=25/25 jobs/s=606 drains=132603 evl=0ms
[2026-06-04 10:12:22.413] [info] [Worker 0] [libqueen] push(q=0 f=1/24 p99rtt=23ms) pop(q=0 f=0/16 p99rtt=7ms) custom(q=0 f=0/1 p99rtt=3ms) slots=24/25 jobs/s=612 drains=132883 evl=0ms
[2026-06-04 10:12:22.418] [info] [Worker 1] [libqueen] push(q=5 f=0/24 p99rtt=25ms) pop(q=0 f=0/16 p99rtt=5ms) custom(q=0 f=0/1 p99rtt=3ms) slots=25/25 jobs/s=600 drains=134084 evl=0ms
[2026-06-04 10:12:22.418] [info] [Worker 6] [libqueen] push(q=5 f=0/24 p99rtt=25ms) pop(q=0 f=0/16 p99rtt=5ms) custom(q=0 f=0/1 p99rtt=3ms) slots=25/25 jobs/s=600 drains=132974 evl=0ms
[2026-06-04 10:12:22.418] [info] [Worker 9] [libqueen] push(q=5 f=0/24 p99rtt=25ms) pop(q=0 f=0/16 p99rtt=6ms) custom(q=0 f=0/1 p99rtt=3ms) slots=25/25 jobs/s=594 drains=132887 evl=0ms
[2026-06-04 10:12:22.425] [info] [Worker 2] [libqueen] push(q=5 f=0/24 p99rtt=24ms) pop(q=0 f=0/16 p99rtt=4ms) custom(q=0 f=0/1 p99rtt=2ms) slots=25/25 jobs/s=582 drains=132121 evl=0ms
[2026-06-04 10:12:22.447] [info] [Worker 4] [libqueen] push(q=5 f=0/24 p99rtt=23ms) pop(q=0 f=0/16 p99rtt=5ms) custom(q=0 f=0/1 p99rtt=2ms) slots=25/25 jobs/s=600 drains=132423 evl=0ms
[2026-06-04 10:12:22.456] [info] [Worker 3] [libqueen] push(q=0 f=1/24 p99rtt=24ms) pop(q=0 f=0/16 p99rtt=5ms) custom(q=0 f=0/1 p99rtt=2ms) slots=24/25 jobs/s=582 drains=132908 evl=0ms
[2026-06-04 10:12:22.459] [info] [Worker 8] [libqueen] push(q=0 f=1/24 p99rtt=25ms) pop(q=0 f=0/16 p99rtt=4ms) custom(q=0 f=0/1 p99rtt=3ms) slots=24/25 jobs/s=600 drains=133595 evl=0ms
[2026-06-04 10:12:23.380] [info] [Worker 7] [libqueen] push(q=3 f=0/24 p99rtt=22ms) pop(q=0 f=0/16 p99rtt=4ms) custom(q=0 f=0/1 p99rtt=2ms) slots=25/25 jobs/s=600 drains=134439 evl=0ms
[2026-06-04 10:12:23.395] [info] [Worker 5] [libqueen] push(q=5 f=0/24 p99rtt=22ms) pop(q=0 f=0/16 p99rtt=7ms) custom(q=0 f=0/1 p99rtt=3ms) slots=25/25 jobs/s=582 drains=133409 evl=0ms
[2026-06-04 10:12:23.413] [info] [Worker 0] [libqueen] push(q=5 f=0/24 p99rtt=23ms) pop(q=0 f=0/16 p99rtt=7ms) custom(q=0 f=0/1 p99rtt=3ms) slots=25/25 jobs/s=588 drains=133692 evl=0ms
[2026-06-04 10:12:23.417] [info] [Worker 1] [libqueen] push(q=0 f=1/24 p99rtt=22ms) pop(q=0 f=0/16 p99rtt=5ms) custom(q=0 f=0/1 p99rtt=2ms) slots=24/25 jobs/s=600 drains=134900 evl=0ms
[2026-06-04 10:12:23.418] [info] [Worker 6] [libqueen] push(q=5 f=0/24 p99rtt=25ms) pop(q=0 f=0/16 p99rtt=5ms) custom(q=0 f=0/1 p99rtt=3ms) slots=25/25 jobs/s=599 drains=133793 evl=0ms
[2026-06-04 10:12:23.418] [info] [Worker 9] [libqueen] push(q=0 f=1/24 p99rtt=25ms) pop(q=0 f=0/16 p99rtt=6ms) custom(q=0 f=0/1 p99rtt=2ms) slots=24/25 jobs/s=594 drains=133704 evl=0ms
[2026-06-04 10:12:23.424] [info] [Worker 2] [libqueen] push(q=5 f=0/24 p99rtt=23ms) pop(q=0 f=0/16 p99rtt=4ms) custom(q=0 f=0/1 p99rtt=2ms) slots=25/25 jobs/s=582 drains=132929 evl=0ms
[2026-06-04 10:12:23.447] [info] [Worker 4] [libqueen] push(q=0 f=1/24 p99rtt=23ms) pop(q=0 f=0/16 p99rtt=5ms) custom(q=0 f=0/1 p99rtt=2ms) slots=24/25 jobs/s=585 drains=133250 evl=0ms
[2026-06-04 10:12:23.456] [info] [Worker 3] [libqueen] push(q=0 f=1/24 p99rtt=22ms) pop(q=0 f=0/16 p99rtt=5ms) custom(q=0 f=0/1 p99rtt=2ms) slots=24/25 jobs/s=600 drains=133742 evl=0ms
[2026-06-04 10:12:23.459] [info] [Worker 8] [libqueen] push(q=5 f=0/24 p99rtt=25ms) pop(q=0 f=0/16 p99rtt=4ms) custom(q=0 f=0/1 p99rtt=2ms) slots=25/25 jobs/s=596 drains=134429 evl=0ms
[2026-06-04 10:12:24.381] [info] [Worker 7] [libqueen] push(q=0 f=1/24 p99rtt=22ms) pop(q=0 f=0/16 p99rtt=4ms) custom(q=0 f=0/1 p99rtt=2ms) slots=24/25 jobs/s=582 drains=135225 evl=0ms
[2026-06-04 10:12:24.396] [info] [Worker 5] [libqueen] push(q=5 f=0/24 p99rtt=23ms) pop(q=0 f=0/16 p99rtt=7ms) custom(q=0 f=0/1 p99rtt=2ms) slots=25/25 jobs/s=600 drains=134233 evl=0ms
[2026-06-04 10:12:24.413] [info] [Worker 0] [libqueen] push(q=5 f=0/24 p99rtt=22ms) pop(q=0 f=0/16 p99rtt=7ms) custom(q=0 f=0/1 p99rtt=3ms) slots=25/25 jobs/s=582 drains=134494 evl=0ms
[2026-06-04 10:12:24.417] [info] [Worker 1] [libqueen] push(q=5 f=0/24 p99rtt=22ms) pop(q=0 f=0/16 p99rtt=5ms) custom(q=0 f=0/1 p99rtt=2ms) slots=25/25 jobs/s=594 drains=135715 evl=0ms
[2026-06-04 10:12:24.418] [info] [Worker 6] [libqueen] push(q=0 f=0/24 p99rtt=25ms) pop(q=0 f=0/16 p99rtt=5ms) custom(q=0 f=0/1 p99rtt=2ms) slots=25/25 jobs/s=594 drains=134585 evl=0ms
[2026-06-04 10:12:24.419] [info] [Worker 9] [libqueen] push(q=0 f=0/24 p99rtt=25ms) pop(q=0 f=0/16 p99rtt=6ms) custom(q=0 f=0/1 p99rtt=2ms) slots=25/25 jobs/s=591 drains=134520 evl=0ms
[2026-06-04 10:12:24.425] [info] [Worker 2] [libqueen] push(q=5 f=0/24 p99rtt=22ms) pop(q=0 f=0/16 p99rtt=4ms) custom(q=0 f=0/1 p99rtt=2ms) slots=25/25 jobs/s=576 drains=133729 evl=0ms
[2026-06-04 10:12:24.447] [info] [Worker 4] [libqueen] push(q=5 f=0/24 p99rtt=23ms) pop(q=0 f=0/16 p99rtt=5ms) custom(q=0 f=0/1 p99rtt=2ms) slots=25/25 jobs/s=581 drains=134036 evl=0ms
[2026-06-04 10:12:24.456] [info] [Worker 3] [libqueen] push(q=0 f=0/24 p99rtt=22ms) pop(q=0 f=0/16 p99rtt=5ms) custom(q=0 f=1/1 p99rtt=2ms) slots=24/25 jobs/s=575 drains=134512 evl=2ms
[2026-06-04 10:12:24.459] [info] [Worker 8] [libqueen] push(q=5 f=0/24 p99rtt=24ms) pop(q=0 f=0/16 p99rtt=4ms) custom(q=0 f=0/1 p99rtt=2ms) slots=25/25 jobs/s=568 drains=135204 evl=0ms
[2026-06-04 10:12:25.380] [info] [Worker 7] [libqueen] push(q=0 f=0/24 p99rtt=22ms) pop(q=0 f=0/16 p99rtt=4ms) custom(q=0 f=0/1 p99rtt=1ms) slots=25/25 jobs/s=600 drains=136034 evl=0ms
[2026-06-04 10:12:25.396] [info] [Worker 5] [libqueen] push(q=0 f=1/24 p99rtt=21ms) pop(q=0 f=0/16 p99rtt=7ms) custom(q=0 f=0/1 p99rtt=2ms) slots=24/25 jobs/s=600 drains=135058 evl=0ms
[2026-06-04 10:12:25.413] [info] [Worker 0] [libqueen] push(q=5 f=0/24 p99rtt=21ms) pop(q=0 f=0/16 p99rtt=7ms) custom(q=0 f=0/1 p99rtt=2ms) slots=25/25 jobs/s=576 drains=135273 evl=0ms
[2026-06-04 10:12:25.418] [info] [Worker 6] [libqueen] push(q=0 f=1/24 p99rtt=22ms) pop(q=0 f=0/16 p99rtt=5ms) custom(q=0 f=0/1 p99rtt=2ms) slots=24/25 jobs/s=588 drains=135407 evl=0ms
[2026-06-04 10:12:25.418] [info] [Worker 1] [libqueen] push(q=0 f=1/24 p99rtt=22ms) pop(q=0 f=0/16 p99rtt=5ms) custom(q=0 f=0/1 p99rtt=2ms) slots=24/25 jobs/s=606 drains=136547 evl=0ms
[2026-06-04 10:12:25.418] [info] [Worker 9] [libqueen] push(q=0 f=0/24 p99rtt=23ms) pop(q=0 f=0/16 p99rtt=6ms) custom(q=0 f=0/1 p99rtt=2ms) slots=25/25 jobs/s=582 drains=135331 evl=0ms
[2026-06-04 10:12:25.424] [info] [Worker 2] [libqueen] push(q=0 f=1/24 p99rtt=22ms) pop(q=0 f=0/16 p99rtt=4ms) custom(q=0 f=0/1 p99rtt=2ms) slots=24/25 jobs/s=594 drains=134551 evl=0ms
[2026-06-04 10:12:25.447] [info] [Worker 4] [libqueen] push(q=0 f=0/24 p99rtt=24ms) pop(q=0 f=0/16 p99rtt=5ms) custom(q=0 f=0/1 p99rtt=2ms) slots=25/25 jobs/s=600 drains=134847 evl=0ms
[2026-06-04 10:12:25.456] [info] [Worker 3] [libqueen] push(q=0 f=1/24 p99rtt=22ms) pop(q=0 f=0/16 p99rtt=5ms) custom(q=0 f=0/1 p99rtt=1ms) slots=24/25 jobs/s=589 drains=135333 evl=0ms
[2026-06-04 10:12:25.459] [info] [Worker 8] [libqueen] push(q=5 f=0/24 p99rtt=24ms) pop(q=0 f=0/16 p99rtt=4ms) custom(q=0 f=0/1 p99rtt=2ms) slots=25/25 jobs/s=594 drains=136031 evl=0ms
[2026-06-04 10:12:26.381] [info] [Worker 7] [libqueen] push(q=0 f=0/24 p99rtt=22ms) pop(q=0 f=0/16 p99rtt=4ms) custom(q=0 f=1/1 p99rtt=1ms) slots=24/25 jobs/s=599 drains=136854 evl=0ms
[2026-06-04 10:12:26.396] [info] [Worker 5] [libqueen] push(q=0 f=0/24 p99rtt=21ms) pop(q=0 f=0/16 p99rtt=7ms) custom(q=0 f=0/1 p99rtt=1ms) slots=25/25 jobs/s=606 drains=135872 evl=0ms
[2026-06-04 10:12:26.413] [info] [Worker 0] [libqueen] push(q=0 f=1/24 p99rtt=21ms) pop(q=0 f=0/16 p99rtt=7ms) custom(q=0 f=0/1 p99rtt=1ms) slots=24/25 jobs/s=618 drains=136117 evl=0ms
[2026-06-04 10:12:26.418] [info] [Worker 1] [libqueen] push(q=0 f=1/24 p99rtt=22ms) pop(q=0 f=0/16 p99rtt=5ms) custom(q=0 f=0/1 p99rtt=2ms) slots=24/25 jobs/s=612 drains=137371 evl=0ms
[2026-06-04 10:12:26.418] [info] [Worker 6] [libqueen] push(q=5 f=0/24 p99rtt=22ms) pop(q=0 f=0/16 p99rtt=5ms) custom(q=0 f=0/1 p99rtt=1ms) slots=25/25 jobs/s=606 drains=136241 evl=0ms
[2026-06-04 10:12:26.418] [info] [Worker 9] [libqueen] push(q=0 f=1/24 p99rtt=23ms) pop(q=0 f=0/16 p99rtt=6ms) custom(q=0 f=0/1 p99rtt=1ms) slots=24/25 jobs/s=600 drains=136162 evl=0ms
[2026-06-04 10:12:26.425] [info] [Worker 2] [libqueen] push(q=0 f=1/24 p99rtt=22ms) pop(q=0 f=0/16 p99rtt=4ms) custom(q=0 f=0/1 p99rtt=1ms) slots=24/25 jobs/s=588 drains=135368 evl=0ms
[2026-06-04 10:12:26.447] [info] [Worker 4] [libqueen] push(q=5 f=0/24 p99rtt=23ms) pop(q=0 f=0/16 p99rtt=5ms) custom(q=0 f=0/1 p99rtt=1ms) slots=25/25 jobs/s=606 drains=135673 evl=0ms
[2026-06-04 10:12:26.457] [info] [Worker 3] [libqueen] push(q=5 f=0/24 p99rtt=22ms) pop(q=0 f=0/16 p99rtt=5ms) custom(q=0 f=0/1 p99rtt=1ms) slots=25/25 jobs/s=606 drains=136159 evl=0ms
[2026-06-04 10:12:26.459] [info] [Worker 8] [libqueen] push(q=5 f=0/24 p99rtt=24ms) pop(q=0 f=0/16 p99rtt=4ms) custom(q=0 f=0/1 p99rtt=1ms) slots=25/25 jobs/s=618 drains=136889 evl=0ms
[2026-06-04 10:12:26.522] [info] QPOP: Connection aborted for 9cc730e8-d3e6-42e8-9f56-921954110706
[2026-06-04 10:12:26.522] [info] QPOP: Connection aborted for d7af9fa7-8e36-42ef-affc-b8a482d0957b
[2026-06-04 10:12:26.522] [info] QPOP: Connection aborted for acd525b1-0567-4da6-bdb1-403b7ae070ca
[2026-06-04 10:12:26.522] [info] QPOP: Connection aborted for 6e09877b-f5e9-42e8-bc35-618911352765
[2026-06-04 10:12:26.522] [info] QPOP: Connection aborted for b648f9dc-14a7-4e03-90f5-be523ef3058b
[2026-06-04 10:12:26.522] [info] QPOP: Connection aborted for d1bf50e3-06ab-4005-9caf-c7ff69bb8ac3
[2026-06-04 10:12:26.522] [info] QPOP: Connection aborted for b4c12ea2-efc8-4a99-b29f-1b9c384994d4
[2026-06-04 10:12:26.522] [info] QPOP: Connection aborted for ca2867ab-2063-47a4-a7b6-41dc9e6b9e23
[2026-06-04 10:12:26.523] [info] QPOP: Connection aborted for 1f0ba459-439d-48f1-878e-a1d64d0daf62
[2026-06-04 10:12:26.523] [info] QPOP: Connection aborted for b93d85a3-3ac9-4079-9b1b-eefae4a027da
[2026-06-04 10:12:26.523] [info] QPOP: Connection aborted for cd6a7575-c3fa-401d-a322-aa80564fbb27
[2026-06-04 10:12:26.524] [info] QPOP: Connection aborted for 847de12f-ff62-4638-8051-90d8156af1c6
[2026-06-04 10:12:26.524] [info] QPOP: Connection aborted for e061b17b-66cc-4cac-b9fe-b3c38d9763b5
[2026-06-04 10:12:26.525] [info] QPOP: Connection aborted for efddc4b6-932a-44cd-a628-237508a953df
[2026-06-04 10:12:26.525] [info] QPOP: Connection aborted for dfcb0489-b5df-44f9-9cc8-09b024ec9e73
[2026-06-04 10:12:26.527] [info] QPOP: Connection aborted for 8efb92f5-4792-4466-ad2f-31a5d8507990
[2026-06-04 10:12:26.527] [info] QPOP: Connection aborted for a0e710aa-6efb-4993-b95f-2ba3e598657c
[2026-06-04 10:12:26.527] [info] QPOP: Connection aborted for 90f5a443-d731-400e-a9ef-858feb6bb88b
[2026-06-04 10:12:26.534] [info] QPOP: Connection aborted for 81705d53-c42a-4518-b301-148be5fd567a
[2026-06-04 10:12:26.535] [info] QPOP: Connection aborted for c849f794-d56c-4a7a-bee3-87b9151bcf24
[2026-06-04 10:12:26.536] [info] QPOP: Connection aborted for 85054561-6912-4a96-8677-5ced4d8dd900
[2026-06-04 10:12:26.536] [info] QPOP: Connection aborted for ca26863c-8da8-4213-a83f-03599ffec889
[2026-06-04 10:12:26.536] [info] QPOP: Connection aborted for c3739fc0-53f0-487a-b6cf-da0bf1fd4f5d
[2026-06-04 10:12:26.536] [info] QPOP: Connection aborted for fd919e92-5ed0-4b4a-92d3-f59620f8c5fe
[2026-06-04 10:12:26.536] [info] QPOP: Connection aborted for f3a83f41-b2d5-4a69-9b0c-09406b46d5bd
[2026-06-04 10:12:26.539] [info] QPOP: Connection aborted for b165f123-4dee-4c15-b33e-17bce8cd61a5
[2026-06-04 10:12:26.540] [info] QPOP: Connection aborted for 49355324-0296-4e90-ab8b-6331be1d977e
[2026-06-04 10:12:26.540] [info] QPOP: Connection aborted for 17b8458b-d91e-461b-b78b-f9f8129aeca5
[2026-06-04 10:12:26.540] [info] QPOP: Connection aborted for 81702832-5210-49f7-9a9e-678f8668e7db
[2026-06-04 10:12:26.544] [info] QPOP: Connection aborted for cf70bad7-1ae6-4149-9bce-5a84dca2245f
[2026-06-04 10:12:26.547] [info] QPOP: Connection aborted for 29f9be56-4fcc-4a6a-934d-3b18cd399581
[2026-06-04 10:12:26.547] [info] QPOP: Connection aborted for 0b4511a0-d7e9-4926-b9da-ecd2dece870e
[2026-06-04 10:12:26.547] [info] QPOP: Connection aborted for fdbaf5d8-fa5e-4c32-92e6-4a5a2d905fda
[2026-06-04 10:12:26.547] [info] QPOP: Connection aborted for fb193fb4-4846-49c5-880a-1be6d0b44464
[2026-06-04 10:12:26.550] [info] QPOP: Connection aborted for 901cb9fb-bad8-4d5c-8b42-5fdefd516559
[2026-06-04 10:12:26.550] [info] QPOP: Connection aborted for 50082ce4-9434-4cf5-b958-9c457579afd4
[2026-06-04 10:12:26.552] [info] QPOP: Connection aborted for 305b15b1-e824-4048-9f50-474b08361a7a
[2026-06-04 10:12:26.555] [info] QPOP: Connection aborted for 81bd985d-8624-444e-ba3c-7c4d0f596327
[2026-06-04 10:12:26.555] [info] QPOP: Connection aborted for f7210ddc-0134-48fe-898f-eebb895e3320
[2026-06-04 10:12:26.555] [info] QPOP: Connection aborted for 97741448-20b4-425b-a789-c89cf93c73b5
[2026-06-04 10:12:26.555] [info] QPOP: Connection aborted for f01ffdfe-21f9-4d54-99a2-48a9d75d491c
[2026-06-04 10:12:26.555] [info] QPOP: Connection aborted for 6f9412bc-72dc-42bd-9548-6788dcc0c4cb
[2026-06-04 10:12:26.555] [info] QPOP: Connection aborted for 4a01e813-84ff-4919-9dde-367538756b0e
[2026-06-04 10:12:26.558] [info] QPOP: Connection aborted for c69b40f8-49de-41a3-a87d-52cff6363721
[2026-06-04 10:12:26.558] [info] QPOP: Connection aborted for 4246b59a-aef1-4b8f-81c1-ee2b09560aeb
[2026-06-04 10:12:26.558] [info] QPOP: Connection aborted for 1f02fec5-b263-4f04-921a-d6766f5d6cd0
[2026-06-04 10:12:26.558] [info] QPOP: Connection aborted for 65e76984-1a93-4c55-89cd-97f1857f568d
[2026-06-04 10:12:26.558] [info] QPOP: Connection aborted for 1afe66dd-4346-4121-a093-de91f2447bb9
[2026-06-04 10:12:26.561] [info] QPOP: Connection aborted for 133d4077-74cb-47b5-be2b-382c740d4791
[2026-06-04 10:12:26.562] [info] QPOP: Connection aborted for 58231a4d-0d80-43b0-a247-602cb95502f8
[2026-06-04 10:12:27.380] [info] [Worker 7] [libqueen] push(q=2 f=0/24 p99rtt=22ms) pop(q=0 f=0/16 p99rtt=4ms) custom(q=0 f=0/1 p99rtt=1ms) slots=25/25 jobs/s=589 drains=137678 evl=0ms
[2026-06-04 10:12:27.395] [info] [Worker 5] [libqueen] push(q=5 f=0/24 p99rtt=21ms) pop(q=0 f=0/16 p99rtt=7ms) custom(q=0 f=0/1 p99rtt=1ms) slots=25/25 jobs/s=588 drains=136690 evl=0ms
[2026-06-04 10:12:27.413] [info] [Worker 0] [libqueen] push(q=0 f=1/24 p99rtt=21ms) pop(q=0 f=0/16 p99rtt=7ms) custom(q=0 f=0/1 p99rtt=1ms) slots=24/25 jobs/s=576 drains=136920 evl=0ms
[2026-06-04 10:12:27.418] [info] [Worker 1] [libqueen] push(q=0 f=1/24 p99rtt=22ms) pop(q=0 f=0/16 p99rtt=5ms) custom(q=0 f=0/1 p99rtt=1ms) slots=24/25 jobs/s=570 drains=138169 evl=0ms
[2026-06-04 10:12:27.418] [info] [Worker 6] [libqueen] push(q=0 f=1/24 p99rtt=22ms) pop(q=0 f=0/16 p99rtt=5ms) custom(q=0 f=0/1 p99rtt=1ms) slots=24/25 jobs/s=572 drains=137060 evl=0ms
[2026-06-04 10:12:27.419] [info] [Worker 9] [libqueen] push(q=0 f=1/24 p99rtt=23ms) pop(q=0 f=0/16 p99rtt=5ms) custom(q=0 f=0/1 p99rtt=1ms) slots=24/25 jobs/s=579 drains=136986 evl=0ms
[2026-06-04 10:12:27.425] [info] [Worker 2] [libqueen] push(q=5 f=0/24 p99rtt=21ms) pop(q=0 f=0/16 p99rtt=3ms) custom(q=0 f=0/1 p99rtt=1ms) slots=25/25 jobs/s=575 drains=136173 evl=0ms
[2026-06-04 10:12:27.447] [info] [Worker 4] [libqueen] push(q=0 f=1/24 p99rtt=22ms) pop(q=0 f=0/16 p99rtt=5ms) custom(q=0 f=0/1 p99rtt=1ms) slots=24/25 jobs/s=573 drains=136485 evl=0ms
[2026-06-04 10:12:27.457] [info] [Worker 3] [libqueen] push(q=5 f=0/24 p99rtt=22ms) pop(q=0 f=0/16 p99rtt=4ms) custom(q=0 f=0/1 p99rtt=1ms) slots=25/25 jobs/s=582 drains=136986 evl=0ms
[2026-06-04 10:12:27.459] [info] [Worker 8] [libqueen] push(q=0 f=1/24 p99rtt=24ms) pop(q=0 f=0/16 p99rtt=4ms) custom(q=0 f=0/1 p99rtt=1ms) slots=24/25 jobs/s=588 drains=137704 evl=0ms
[2026-06-04 10:12:28.380] [info] [Worker 7] [libqueen] push(q=3 f=0/24 p99rtt=20ms) pop(q=0 f=0/16 p99rtt=4ms) custom(q=0 f=0/1 p99rtt=1ms) slots=25/25 jobs/s=600 drains=138498 evl=0ms
[2026-06-04 10:12:28.395] [info] [Worker 5] [libqueen] push(q=5 f=0/24 p99rtt=22ms) pop(q=0 f=0/16 p99rtt=7ms) custom(q=0 f=0/1 p99rtt=1ms) slots=25/25 jobs/s=594 drains=137506 evl=0ms
[2026-06-04 10:12:28.412] [info] [Worker 0] [libqueen] push(q=5 f=0/24 p99rtt=21ms) pop(q=0 f=0/16 p99rtt=7ms) custom(q=0 f=0/1 p99rtt=1ms) slots=25/25 jobs/s=606 drains=137743 evl=0ms
[2026-06-04 10:12:28.417] [info] [Worker 6] [libqueen] push(q=0 f=1/24 p99rtt=22ms) pop(q=0 f=0/16 p99rtt=5ms) custom(q=0 f=0/1 p99rtt=1ms) slots=24/25 jobs/s=597 drains=137868 evl=0ms
[2026-06-04 10:12:28.418] [info] [Worker 1] [libqueen] push(q=0 f=1/24 p99rtt=22ms) pop(q=0 f=0/16 p99rtt=5ms) custom(q=0 f=0/1 p99rtt=1ms) slots=24/25 jobs/s=606 drains=139008 evl=0ms
[2026-06-04 10:12:28.419] [info] [Worker 9] [libqueen] push(q=0 f=0/24 p99rtt=22ms) pop(q=0 f=0/16 p99rtt=5ms) custom(q=0 f=1/1 p99rtt=1ms) slots=24/25 jobs/s=605 drains=137821 evl=0ms
[2026-06-04 10:12:28.425] [info] [Worker 2] [libqueen] push(q=5 f=0/24 p99rtt=21ms) pop(q=0 f=0/16 p99rtt=3ms) custom(q=0 f=0/1 p99rtt=1ms) slots=25/25 jobs/s=600 drains=137007 evl=0ms
[2026-06-04 10:12:28.446] [info] [Worker 4] [libqueen] push(q=0 f=1/24 p99rtt=22ms) pop(q=0 f=0/16 p99rtt=5ms) custom(q=0 f=0/1 p99rtt=1ms) slots=24/25 jobs/s=606 drains=137314 evl=0ms
[2026-06-04 10:12:28.457] [info] [Worker 3] [libqueen] push(q=5 f=0/24 p99rtt=22ms) pop(q=0 f=0/16 p99rtt=4ms) custom(q=0 f=0/1 p99rtt=1ms) slots=25/25 jobs/s=605 drains=137807 evl=0ms
[2026-06-04 10:12:28.459] [info] [Worker 8] [libqueen] push(q=5 f=0/24 p99rtt=23ms) pop(q=0 f=0/16 p99rtt=4ms) custom(q=0 f=0/1 p99rtt=1ms) slots=25/25 jobs/s=606 drains=138546 evl=0ms
[2026-06-04 10:12:29.381] [info] [Worker 7] [libqueen] push(q=0 f=0/24 p99rtt=20ms) pop(q=0 f=0/16 p99rtt=4ms) custom(q=0 f=0/1 p99rtt=1ms) slots=25/25 jobs/s=600 drains=139312 evl=0ms
[2026-06-04 10:12:29.396] [info] [Worker 5] [libqueen] push(q=5 f=0/24 p99rtt=22ms) pop(q=0 f=0/16 p99rtt=7ms) custom(q=0 f=0/1 p99rtt=1ms) slots=25/25 jobs/s=606 drains=138347 evl=0ms
[2026-06-04 10:12:29.413] [info] [Worker 0] [libqueen] push(q=0 f=0/24 p99rtt=21ms) pop(q=0 f=0/16 p99rtt=7ms) custom(q=0 f=1/1 p99rtt=1ms) slots=24/25 jobs/s=605 drains=138570 evl=0ms
[2026-06-04 10:12:29.418] [info] [Worker 1] [libqueen] push(q=5 f=0/24 p99rtt=22ms) pop(q=0 f=0/16 p99rtt=5ms) custom(q=0 f=0/1 p99rtt=1ms) slots=25/25 jobs/s=612 drains=139851 evl=0ms
[2026-06-04 10:12:29.418] [info] [Worker 6] [libqueen] push(q=5 f=0/24 p99rtt=22ms) pop(q=0 f=0/16 p99rtt=5ms) custom(q=0 f=0/1 p99rtt=1ms) slots=25/25 jobs/s=606 drains=138697 evl=0ms
[2026-06-04 10:12:29.419] [info] [Worker 9] [libqueen] push(q=5 f=0/24 p99rtt=22ms) pop(q=0 f=0/16 p99rtt=5ms) custom(q=0 f=0/1 p99rtt=1ms) slots=25/25 jobs/s=589 drains=138638 evl=0ms
[2026-06-04 10:12:29.424] [info] [Worker 2] [libqueen] push(q=3 f=0/24 p99rtt=21ms) pop(q=0 f=0/16 p99rtt=3ms) custom(q=0 f=1/1 p99rtt=1ms) slots=24/25 jobs/s=599 drains=137830 evl=0ms
[2026-06-04 10:12:29.447] [info] [Worker 4] [libqueen] push(q=5 f=0/24 p99rtt=22ms) pop(q=0 f=0/16 p99rtt=5ms) custom(q=0 f=0/1 p99rtt=1ms) slots=25/25 jobs/s=612 drains=138150 evl=0ms
[2026-06-04 10:12:29.457] [info] [Worker 3] [libqueen] push(q=5 f=0/24 p99rtt=22ms) pop(q=0 f=0/16 p99rtt=4ms) custom(q=0 f=0/1 p99rtt=1ms) slots=25/25 jobs/s=600 drains=138631 evl=0ms
[2026-06-04 10:12:29.459] [info] [Worker 8] [libqueen] push(q=5 f=0/24 p99rtt=23ms) pop(q=0 f=0/16 p99rtt=4ms) custom(q=0 f=0/1 p99rtt=1ms) slots=25/25 jobs/s=602 drains=139383 evl=0ms
[2026-06-04 10:12:30.380] [info] [Worker 7] [libqueen] push(q=1 f=0/24 p99rtt=20ms) pop(q=0 f=0/16 p99rtt=4ms) custom(q=0 f=0/1 p99rtt=1ms) slots=25/25 jobs/s=558 drains=140067 evl=0ms
[2026-06-04 10:12:30.396] [info] [Worker 5] [libqueen] push(q=5 f=0/24 p99rtt=22ms) pop(q=0 f=0/16 p99rtt=7ms) custom(q=0 f=0/1 p99rtt=1ms) slots=25/25 jobs/s=546 drains=139117 evl=0ms
[2026-06-04 10:12:30.413] [info] [Worker 0] [libqueen] push(q=0 f=1/24 p99rtt=21ms) pop(q=0 f=0/16 p99rtt=7ms) custom(q=0 f=0/1 p99rtt=1ms) slots=24/25 jobs/s=541 drains=139331 evl=0ms
[2026-06-04 10:12:30.418] [info] [Worker 1] [libqueen] push(q=5 f=0/24 p99rtt=22ms) pop(q=0 f=0/16 p99rtt=5ms) custom(q=0 f=0/1 p99rtt=1ms) slots=25/25 jobs/s=552 drains=140611 evl=0ms
[2026-06-04 10:12:30.418] [info] [Worker 6] [libqueen] push(q=5 f=0/24 p99rtt=22ms) pop(q=0 f=0/16 p99rtt=5ms) custom(q=0 f=0/1 p99rtt=1ms) slots=25/25 jobs/s=552 drains=139459 evl=0ms
[2026-06-04 10:12:30.419] [info] [Worker 9] [libqueen] push(q=5 f=0/24 p99rtt=22ms) pop(q=0 f=0/16 p99rtt=5ms) custom(q=0 f=0/1 p99rtt=1ms) slots=25/25 jobs/s=558 drains=139417 evl=0ms
[2026-06-04 10:12:30.425] [info] [Worker 2] [libqueen] push(q=5 f=0/24 p99rtt=21ms) pop(q=0 f=0/16 p99rtt=3ms) custom(q=0 f=0/1 p99rtt=1ms) slots=25/25 jobs/s=541 drains=138574 evl=0ms
[2026-06-04 10:12:30.447] [info] [Worker 4] [libqueen] push(q=0 f=1/24 p99rtt=23ms) pop(q=0 f=0/16 p99rtt=5ms) custom(q=0 f=0/1 p99rtt=1ms) slots=24/25 jobs/s=546 drains=138929 evl=0ms
[2026-06-04 10:12:30.457] [info] [Worker 3] [libqueen] push(q=5 f=0/24 p99rtt=22ms) pop(q=0 f=0/16 p99rtt=4ms) custom(q=0 f=0/1 p99rtt=1ms) slots=25/25 jobs/s=540 drains=139384 evl=0ms
[2026-06-04 10:12:30.458] [info] [Worker 8] [libqueen] push(q=0 f=1/24 p99rtt=23ms) pop(q=0 f=0/16 p99rtt=4ms) custom(q=0 f=0/1 p99rtt=1ms) slots=24/25 jobs/s=552 drains=140157 evl=0ms
[2026-06-04 10:12:30.839] [info] PartitionLookupReconcileService: fixed 21 partition_lookup rows (stats leader, hostname=a4dbf4b4cbaf)
[2026-06-04 10:12:31.381] [info] [Worker 7] [libqueen] push(q=5 f=0/24 p99rtt=22ms) pop(q=0 f=0/16 p99rtt=4ms) custom(q=0 f=0/1 p99rtt=2ms) slots=25/25 jobs/s=516 drains=140783 evl=0ms
[2026-06-04 10:12:31.396] [info] [Worker 5] [libqueen] push(q=0 f=1/24 p99rtt=23ms) pop(q=0 f=0/16 p99rtt=7ms) custom(q=0 f=0/1 p99rtt=3ms) slots=24/25 jobs/s=516 drains=139833 evl=0ms
[2026-06-04 10:12:31.413] [info] [Worker 0] [libqueen] push(q=0 f=1/24 p99rtt=21ms) pop(q=0 f=0/16 p99rtt=7ms) custom(q=0 f=0/1 p99rtt=2ms) slots=24/25 jobs/s=522 drains=140059 evl=0ms
[2026-06-04 10:12:31.417] [info] [Worker 6] [libqueen] push(q=5 f=0/24 p99rtt=25ms) pop(q=0 f=0/16 p99rtt=5ms) custom(q=0 f=0/1 p99rtt=1ms) slots=25/25 jobs/s=516 drains=140174 evl=0ms
[2026-06-04 10:12:31.418] [info] [Worker 1] [libqueen] push(q=0 f=0/24 p99rtt=22ms) pop(q=0 f=0/16 p99rtt=5ms) custom(q=0 f=0/1 p99rtt=2ms) slots=25/25 jobs/s=522 drains=141319 evl=0ms
[2026-06-04 10:12:31.419] [info] [Worker 9] [libqueen] push(q=5 f=0/24 p99rtt=23ms) pop(q=0 f=0/16 p99rtt=5ms) custom(q=0 f=0/1 p99rtt=3ms) slots=25/25 jobs/s=516 drains=140111 evl=0ms
[2026-06-04 10:12:31.424] [info] [Worker 2] [libqueen] push(q=0 f=1/24 p99rtt=21ms) pop(q=0 f=0/16 p99rtt=3ms) custom(q=0 f=0/1 p99rtt=2ms) slots=24/25 jobs/s=522 drains=139298 evl=0ms
[2026-06-04 10:12:31.447] [info] [Worker 4] [libqueen] push(q=5 f=0/24 p99rtt=24ms) pop(q=0 f=0/16 p99rtt=5ms) custom(q=0 f=0/1 p99rtt=2ms) slots=25/25 jobs/s=528 drains=139651 evl=0ms
[2026-06-04 10:12:31.457] [info] [Worker 3] [libqueen] push(q=5 f=0/24 p99rtt=22ms) pop(q=0 f=0/16 p99rtt=4ms) custom(q=0 f=0/1 p99rtt=2ms) slots=25/25 jobs/s=528 drains=140112 evl=0ms
[2026-06-04 10:12:31.458] [info] [Worker 8] [libqueen] push(q=5 f=0/24 p99rtt=24ms) pop(q=0 f=0/16 p99rtt=4ms) custom(q=0 f=0/1 p99rtt=2ms) slots=25/25 jobs/s=534 drains=140891 evl=0ms
[2026-06-04 10:12:32.381] [info] [Worker 7] [libqueen] push(q=0 f=1/24 p99rtt=23ms) pop(q=0 f=0/16 p99rtt=4ms) custom(q=0 f=0/1 p99rtt=2ms) slots=24/25 jobs/s=522 drains=141505 evl=0ms
[2026-06-04 10:12:32.396] [info] [Worker 5] [libqueen] push(q=5 f=0/24 p99rtt=25ms) pop(q=0 f=0/16 p99rtt=7ms) custom(q=0 f=0/1 p99rtt=5ms) slots=25/25 jobs/s=540 drains=140575 evl=0ms
[2026-06-04 10:12:32.412] [info] [Worker 0] [libqueen] push(q=0 f=1/24 p99rtt=24ms) pop(q=0 f=0/16 p99rtt=7ms) custom(q=0 f=0/1 p99rtt=3ms) slots=24/25 jobs/s=528 drains=140791 evl=0ms
[2026-06-04 10:12:32.417] [info] [Worker 1] [libqueen] push(q=5 f=0/24 p99rtt=23ms) pop(q=0 f=0/16 p99rtt=5ms) custom(q=0 f=1/1 p99rtt=3ms) slots=24/25 jobs/s=533 drains=142050 evl=0ms
[2026-06-04 10:12:32.417] [info] [Worker 6] [libqueen] push(q=5 f=0/24 p99rtt=23ms) pop(q=0 f=0/16 p99rtt=5ms) custom(q=0 f=0/1 p99rtt=2ms) slots=25/25 jobs/s=534 drains=140916 evl=0ms
[2026-06-04 10:12:32.419] [info] [Worker 9] [libqueen] push(q=0 f=1/24 p99rtt=23ms) pop(q=0 f=0/16 p99rtt=5ms) custom(q=0 f=0/1 p99rtt=4ms) slots=24/25 jobs/s=534 drains=140845 evl=0ms
[2026-06-04 10:12:32.424] [info] [Worker 2] [libqueen] push(q=0 f=1/24 p99rtt=22ms) pop(q=0 f=0/16 p99rtt=3ms) custom(q=0 f=0/1 p99rtt=4ms) slots=24/25 jobs/s=522 drains=140021 evl=0ms
[2026-06-04 10:12:32.447] [info] [Worker 4] [libqueen] push(q=0 f=1/24 p99rtt=24ms) pop(q=0 f=0/16 p99rtt=5ms) custom(q=0 f=0/1 p99rtt=3ms) slots=24/25 jobs/s=522 drains=140360 evl=0ms
[2026-06-04 10:12:32.457] [info] [Worker 3] [libqueen] push(q=0 f=1/24 p99rtt=22ms) pop(q=0 f=0/16 p99rtt=4ms) custom(q=0 f=0/1 p99rtt=3ms) slots=24/25 jobs/s=516 drains=140827 evl=0ms
[2026-06-04 10:12:32.458] [info] [Worker 8] [libqueen] push(q=0 f=1/24 p99rtt=25ms) pop(q=0 f=0/16 p99rtt=4ms) custom(q=0 f=0/1 p99rtt=3ms) slots=24/25 jobs/s=522 drains=141602 evl=0ms
[2026-06-04 10:12:32.748] [info] StatsService: cycle completed in 51ms
[2026-06-04 10:12:33.381] [info] [Worker 7] [libqueen] push(q=0 f=1/24 p99rtt=24ms) pop(q=0 f=0/16 p99rtt=4ms) custom(q=0 f=0/1 p99rtt=2ms) slots=24/25 jobs/s=546 drains=142247 evl=0ms
[2026-06-04 10:12:33.396] [info] [Worker 5] [libqueen] push(q=5 f=0/24 p99rtt=25ms) pop(q=0 f=0/16 p99rtt=7ms) custom(q=0 f=0/1 p99rtt=5ms) slots=25/25 jobs/s=564 drains=141356 evl=0ms
[2026-06-04 10:12:33.413] [info] [Worker 0] [libqueen] push(q=1 f=0/24 p99rtt=25ms) pop(q=0 f=0/16 p99rtt=7ms) custom(q=0 f=0/1 p99rtt=3ms) slots=25/25 jobs/s=558 drains=141553 evl=0ms
[2026-06-04 10:12:33.417] [info] [Worker 6] [libqueen] push(q=0 f=1/24 p99rtt=25ms) pop(q=0 f=0/16 p99rtt=5ms) custom(q=0 f=0/1 p99rtt=3ms) slots=24/25 jobs/s=540 drains=141669 evl=0ms
[2026-06-04 10:12:33.418] [info] [Worker 1] [libqueen] push(q=5 f=0/24 p99rtt=25ms) pop(q=0 f=0/16 p99rtt=5ms) custom(q=0 f=0/1 p99rtt=3ms) slots=25/25 jobs/s=547 drains=142816 evl=0ms
[2026-06-04 10:12:33.419] [info] [Worker 9] [libqueen] push(q=0 f=1/24 p99rtt=25ms) pop(q=0 f=0/16 p99rtt=5ms) custom(q=0 f=0/1 p99rtt=4ms) slots=24/25 jobs/s=552 drains=141613 evl=0ms
[2026-06-04 10:12:33.424] [info] [Worker 2] [libqueen] push(q=4 f=0/24 p99rtt=25ms) pop(q=0 f=0/16 p99rtt=3ms) custom(q=0 f=1/1 p99rtt=4ms) slots=24/25 jobs/s=558 drains=140780 evl=0ms
[2026-06-04 10:12:33.447] [info] [Worker 4] [libqueen] push(q=0 f=0/24 p99rtt=24ms) pop(q=0 f=0/16 p99rtt=5ms) custom(q=0 f=1/1 p99rtt=3ms) slots=24/25 jobs/s=557 drains=141133 evl=0ms
[2026-06-04 10:12:33.458] [info] [Worker 3] [libqueen] push(q=0 f=1/24 p99rtt=23ms) pop(q=0 f=0/16 p99rtt=4ms) custom(q=0 f=0/1 p99rtt=3ms) slots=24/25 jobs/s=546 drains=141573 evl=0ms
[2026-06-04 10:12:33.459] [info] [Worker 8] [libqueen] push(q=5 f=0/24 p99rtt=25ms) pop(q=0 f=0/16 p99rtt=4ms) custom(q=0 f=0/1 p99rtt=3ms) slots=25/25 jobs/s=568 drains=142377 evl=0ms
[2026-06-04 10:12:34.381] [info] [Worker 7] [libqueen] push(q=0 f=0/24 p99rtt=25ms) pop(q=0 f=0/16 p99rtt=4ms) custom(q=0 f=1/1 p99rtt=3ms) slots=24/25 jobs/s=532 drains=142958 evl=0ms
[2026-06-04 10:12:34.396] [info] [Worker 5] [libqueen] push(q=5 f=0/24 p99rtt=25ms) pop(q=0 f=0/16 p99rtt=7ms) custom(q=0 f=0/1 p99rtt=5ms) slots=25/25 jobs/s=516 drains=142062 evl=0ms
[2026-06-04 10:12:34.413] [info] [Worker 0] [libqueen] push(q=5 f=0/24 p99rtt=25ms) pop(q=0 f=0/16 p99rtt=7ms) custom(q=0 f=0/1 p99rtt=3ms) slots=25/25 jobs/s=511 drains=142283 evl=0ms
[2026-06-04 10:12:34.417] [info] [Worker 6] [libqueen] push(q=5 f=0/24 p99rtt=26ms) pop(q=0 f=0/16 p99rtt=5ms) custom(q=0 f=0/1 p99rtt=4ms) slots=25/25 jobs/s=516 drains=142355 evl=0ms
[2026-06-04 10:12:34.418] [info] [Worker 9] [libqueen] push(q=5 f=0/24 p99rtt=25ms) pop(q=0 f=0/16 p99rtt=5ms) custom(q=0 f=0/1 p99rtt=4ms) slots=25/25 jobs/s=528 drains=142332 evl=0ms
[2026-06-04 10:12:34.419] [info] [Worker 1] [libqueen] push(q=5 f=0/24 p99rtt=25ms) pop(q=0 f=0/16 p99rtt=5ms) custom(q=0 f=0/1 p99rtt=3ms) slots=25/25 jobs/s=522 drains=143522 evl=0ms
[2026-06-04 10:12:34.424] [info] [Worker 2] [libqueen] push(q=5 f=0/24 p99rtt=25ms) pop(q=0 f=0/16 p99rtt=3ms) custom(q=0 f=0/1 p99rtt=4ms) slots=25/25 jobs/s=510 drains=141492 evl=0ms
[2026-06-04 10:12:34.447] [info] [Worker 4] [libqueen] push(q=5 f=0/24 p99rtt=25ms) pop(q=0 f=0/16 p99rtt=5ms) custom(q=0 f=0/1 p99rtt=4ms) slots=25/25 jobs/s=517 drains=141847 evl=0ms
[2026-06-04 10:12:34.458] [info] [Worker 3] [libqueen] push(q=5 f=0/24 p99rtt=23ms) pop(q=0 f=0/16 p99rtt=4ms) custom(q=0 f=0/1 p99rtt=4ms) slots=25/25 jobs/s=528 drains=142313 evl=0ms
[2026-06-04 10:12:34.459] [info] [Worker 8] [libqueen] push(q=5 f=0/24 p99rtt=25ms) pop(q=0 f=0/16 p99rtt=4ms) custom(q=0 f=0/1 p99rtt=4ms) slots=25/25 jobs/s=546 drains=143134 evl=0ms
[2026-06-04 10:12:35.380] [info] [Worker 7] [libqueen] push(q=0 f=1/24 p99rtt=26ms) pop(q=0 f=0/16 p99rtt=4ms) custom(q=0 f=0/1 p99rtt=3ms) slots=24/25 jobs/s=595 drains=143798 evl=0ms
[2026-06-04 10:12:35.396] [info] [Worker 5] [libqueen] push(q=5 f=0/24 p99rtt=25ms) pop(q=0 f=0/16 p99rtt=7ms) custom(q=0 f=0/1 p99rtt=5ms) slots=25/25 jobs/s=594 drains=142897 evl=0ms
[2026-06-04 10:12:35.413] [info] [Worker 0] [libqueen] push(q=5 f=0/24 p99rtt=26ms) pop(q=0 f=0/16 p99rtt=7ms) custom(q=0 f=0/1 p99rtt=3ms) slots=25/25 jobs/s=600 drains=143095 evl=0ms
[2026-06-04 10:12:35.417] [info] [Worker 6] [libqueen] push(q=5 f=0/24 p99rtt=26ms) pop(q=0 f=0/16 p99rtt=5ms) custom(q=0 f=0/1 p99rtt=4ms) slots=25/25 jobs/s=594 drains=143173 evl=0ms
[2026-06-04 10:12:35.419] [info] [Worker 9] [libqueen] push(q=0 f=1/24 p99rtt=25ms) pop(q=0 f=0/16 p99rtt=5ms) custom(q=0 f=0/1 p99rtt=4ms) slots=24/25 jobs/s=600 drains=143151 evl=0ms
[2026-06-04 10:12:35.419] [info] [Worker 1] [libqueen] push(q=5 f=0/24 p99rtt=25ms) pop(q=0 f=0/16 p99rtt=5ms) custom(q=0 f=0/1 p99rtt=3ms) slots=25/25 jobs/s=600 drains=144370 evl=0ms
[2026-06-04 10:12:35.424] [info] [Worker 2] [libqueen] push(q=2 f=0/24 p99rtt=26ms) pop(q=0 f=0/16 p99rtt=3ms) custom(q=0 f=0/1 p99rtt=4ms) slots=25/25 jobs/s=600 drains=142313 evl=0ms
[2026-06-04 10:12:35.446] [info] [Worker 4] [libqueen] push(q=0 f=1/24 p99rtt=25ms) pop(q=0 f=0/16 p99rtt=5ms) custom(q=0 f=0/1 p99rtt=4ms) slots=24/25 jobs/s=594 drains=142680 evl=0ms
[2026-06-04 10:12:35.458] [info] [Worker 3] [libqueen] push(q=0 f=1/24 p99rtt=24ms) pop(q=0 f=0/16 p99rtt=4ms) custom(q=0 f=0/1 p99rtt=4ms) slots=24/25 jobs/s=600 drains=143148 evl=0ms
[2026-06-04 10:12:35.459] [info] [Worker 8] [libqueen] push(q=5 f=0/24 p99rtt=26ms) pop(q=0 f=0/16 p99rtt=4ms) custom(q=0 f=0/1 p99rtt=4ms) slots=25/25 jobs/s=606 drains=143959 evl=0ms
[2026-06-04 10:12:36.380] [info] [Worker 7] [libqueen] push(q=5 f=0/24 p99rtt=26ms) pop(q=0 f=0/16 p99rtt=4ms) custom(q=0 f=0/1 p99rtt=3ms) slots=25/25 jobs/s=594 drains=144595 evl=0ms
[2026-06-04 10:12:36.395] [info] [Worker 5] [libqueen] push(q=5 f=0/24 p99rtt=26ms) pop(q=0 f=0/16 p99rtt=7ms) custom(q=0 f=0/1 p99rtt=5ms) slots=25/25 jobs/s=612 drains=143737 evl=0ms
[2026-06-04 10:12:36.414] [info] [Worker 0] [libqueen] push(q=0 f=1/24 p99rtt=25ms) pop(q=0 f=0/16 p99rtt=7ms) custom(q=0 f=0/1 p99rtt=4ms) slots=24/25 jobs/s=606 drains=143933 evl=0ms
[2026-06-04 10:12:36.418] [info] [Worker 6] [libqueen] push(q=5 f=0/24 p99rtt=26ms) pop(q=0 f=0/16 p99rtt=5ms) custom(q=0 f=0/1 p99rtt=4ms) slots=25/25 jobs/s=588 drains=143987 evl=0ms
[2026-06-04 10:12:36.419] [info] [Worker 9] [libqueen] push(q=0 f=1/24 p99rtt=25ms) pop(q=0 f=0/16 p99rtt=5ms) custom(q=0 f=0/1 p99rtt=4ms) slots=24/25 jobs/s=588 drains=143951 evl=0ms
[2026-06-04 10:12:36.420] [info] [Worker 1] [libqueen] push(q=5 f=0/24 p99rtt=25ms) pop(q=0 f=0/16 p99rtt=5ms) custom(q=0 f=0/1 p99rtt=3ms) slots=25/25 jobs/s=594 drains=145182 evl=0ms
[2026-06-04 10:12:36.425] [info] [Worker 2] [libqueen] push(q=5 f=0/24 p99rtt=26ms) pop(q=0 f=0/16 p99rtt=3ms) custom(q=0 f=0/1 p99rtt=4ms) slots=25/25 jobs/s=594 drains=143143 evl=0ms
[2026-06-04 10:12:36.447] [info] [Worker 4] [libqueen] push(q=5 f=0/24 p99rtt=25ms) pop(q=0 f=0/16 p99rtt=5ms) custom(q=0 f=0/1 p99rtt=4ms) slots=25/25 jobs/s=606 drains=143515 evl=0ms
[2026-06-04 10:12:36.458] [info] [Worker 3] [libqueen] push(q=0 f=1/24 p99rtt=25ms) pop(q=0 f=0/16 p99rtt=4ms) custom(q=0 f=0/1 p99rtt=4ms) slots=24/25 jobs/s=588 drains=143975 evl=0ms
[2026-06-04 10:12:36.459] [info] [Worker 8] [libqueen] push(q=5 f=0/24 p99rtt=25ms) pop(q=0 f=0/16 p99rtt=4ms) custom(q=0 f=0/1 p99rtt=4ms) slots=25/25 jobs/s=600 drains=144786 evl=0ms
[2026-06-04 10:12:36.523] [info] QPOP: Connection aborted for 427eea32-c62c-4d8e-8565-ce72eb5e41e9
[2026-06-04 10:12:36.524] [info] QPOP: Connection aborted for 636709db-f2e8-45b5-99a7-7dc49376acfd
[2026-06-04 10:12:36.524] [info] QPOP: Connection aborted for 656c4c8e-ff9c-4a99-99af-dc9f3394ee03
[2026-06-04 10:12:36.524] [info] QPOP: Connection aborted for b1e5699a-f3b9-49c9-8b02-520a456b4c62
[2026-06-04 10:12:36.524] [info] QPOP: Connection aborted for 8d0de24a-643f-48a3-afd3-cea65db91867
[2026-06-04 10:12:36.524] [info] QPOP: Connection aborted for 67d31fb1-e3b7-4732-bd75-5aba5328e5d6
[2026-06-04 10:12:36.524] [info] QPOP: Connection aborted for 769d94f4-d43a-42c5-a485-7252c26b654b
[2026-06-04 10:12:36.524] [info] QPOP: Connection aborted for c5563ee5-caa5-4dc4-8e3e-b8b164d7f4d3
[2026-06-04 10:12:36.524] [info] QPOP: Connection aborted for 55386510-208e-4264-af93-de90d3f157b6
[2026-06-04 10:12:36.524] [info] QPOP: Connection aborted for 14f0e987-25ee-4f03-9ee6-99681ac4c303
[2026-06-04 10:12:36.524] [info] QPOP: Connection aborted for a8b2bdcb-ed3b-4306-a1f8-6b8f1a97c4ea
[2026-06-04 10:12:36.525] [info] QPOP: Connection aborted for 1dcc2eda-f961-440c-a231-38e213793fe7
[2026-06-04 10:12:36.526] [info] QPOP: Connection aborted for e59cda0f-68dd-45b7-aba4-60c02cffc90b
[2026-06-04 10:12:36.526] [info] QPOP: Connection aborted for 2a8507b5-6679-4cbf-99c0-4d1095ff191f
[2026-06-04 10:12:36.526] [info] QPOP: Connection aborted for a445b227-a880-4045-be4d-a4e7e01679be
[2026-06-04 10:12:36.528] [info] QPOP: Connection aborted for 4eade108-f6bd-4575-88c4-7f8d6106ddd9
[2026-06-04 10:12:36.528] [info] QPOP: Connection aborted for f5b2baa2-00e9-4cc9-9caf-119f0b41b285
[2026-06-04 10:12:36.528] [info] QPOP: Connection aborted for c3c82aab-ca88-4d4f-9f9a-bdc0d50d4f24
[2026-06-04 10:12:36.537] [info] QPOP: Connection aborted for b69ec1e3-7cf7-494d-a85d-dafc2626bef6
[2026-06-04 10:12:36.537] [info] QPOP: Connection aborted for 04ccb670-16f9-47dc-9905-3159bc81e574
[2026-06-04 10:12:36.537] [info] QPOP: Connection aborted for d1b60d73-94cf-481b-93ce-555c8e983602
[2026-06-04 10:12:36.537] [info] QPOP: Connection aborted for d8acb30c-f703-4938-9a74-ff9a209d580a
[2026-06-04 10:12:36.537] [info] QPOP: Connection aborted for 5c9a5e1b-ed7a-40f3-8fa9-b80ce30bf59a
[2026-06-04 10:12:36.537] [info] QPOP: Connection aborted for f8fc5a01-96d9-4b0a-9dd9-bd8fceb42569
[2026-06-04 10:12:36.537] [info] QPOP: Connection aborted for b8ed8711-7d73-4640-8654-7a6475627d32
[2026-06-04 10:12:36.540] [info] QPOP: Connection aborted for 9c9457d2-c777-488f-b343-19676321200f
[2026-06-04 10:12:36.541] [info] QPOP: Connection aborted for 0106950b-1937-493e-a884-4665b392467f
[2026-06-04 10:12:36.543] [info] QPOP: Connection aborted for 5e2e8bc8-fa99-4aa8-a9e4-323ff9a0a6b5
[2026-06-04 10:12:36.543] [info] QPOP: Connection aborted for 63a5f75a-88f2-46f3-abfb-b9128626ac76
[2026-06-04 10:12:36.545] [info] QPOP: Connection aborted for cb643809-1477-44d4-8070-899f07b39749
[2026-06-04 10:12:36.548] [info] QPOP: Connection aborted for 30c66d44-4bc5-4eaf-98c0-ca53af0fb0b7
[2026-06-04 10:12:36.549] [info] QPOP: Connection aborted for e391e0c1-fa42-4f04-ad41-0149de1d7852
[2026-06-04 10:12:36.549] [info] QPOP: Connection aborted for 46a77e71-a45e-42ef-8da4-27792677d93a
[2026-06-04 10:12:36.549] [info] QPOP: Connection aborted for 44cb92f8-6d0f-4ed7-a4a3-834581d3f31d
[2026-06-04 10:12:36.551] [info] QPOP: Connection aborted for bf35ae99-715c-43e0-87fd-1d9fd8334931
[2026-06-04 10:12:36.551] [info] QPOP: Connection aborted for d09e2da1-6930-4a1e-8cff-cabd8e1b6ff1
[2026-06-04 10:12:36.553] [info] QPOP: Connection aborted for 0a3b5545-d975-4679-b451-9ec2e9af37f0
[2026-06-04 10:12:36.556] [info] QPOP: Connection aborted for 1ff0b339-b9df-4738-97a2-11d2169391a8
[2026-06-04 10:12:36.556] [info] QPOP: Connection aborted for 53bbd809-cbf6-4ffd-9694-f444277a8694
[2026-06-04 10:12:36.556] [info] QPOP: Connection aborted for c02cb900-2a24-4d30-b362-f8d24c84f875
[2026-06-04 10:12:36.556] [info] QPOP: Connection aborted for 122a4008-059e-4091-95fb-0b6493122e80
[2026-06-04 10:12:36.556] [info] QPOP: Connection aborted for 07e1560d-71df-489a-bcd7-53a178d1ff58
[2026-06-04 10:12:36.558] [info] QPOP: Connection aborted for c85ece6a-6da0-44a8-820f-c25670342f5e
[2026-06-04 10:12:36.559] [info] QPOP: Connection aborted for 00c0a119-ab43-487f-bd21-c3bd987fc28b
[2026-06-04 10:12:36.559] [info] QPOP: Connection aborted for d8bf3fe5-1376-4420-b8e9-df945036549b
[2026-06-04 10:12:36.559] [info] QPOP: Connection aborted for 27b6ca06-a216-437f-b4c4-9d809b72d70d
[2026-06-04 10:12:36.559] [info] QPOP: Connection aborted for 14189841-29b3-4aa6-9f62-686f73031136
[2026-06-04 10:12:36.559] [info] QPOP: Connection aborted for 14fe7a5c-1794-474e-8d02-43d02c97a9c0
[2026-06-04 10:12:36.562] [info] QPOP: Connection aborted for 78c90ab0-e30d-432f-8eb1-20ebd3ddc128
[2026-06-04 10:12:36.563] [info] QPOP: Connection aborted for f0637d29-2054-4aa5-9c3e-7ff0a0ca4487
[2026-06-04 10:12:36.899] [info] PartitionLookupReconcileService: fixed 4 partition_lookup rows (stats leader, hostname=a4dbf4b4cbaf)
[2026-06-04 10:12:37.381] [info] [Worker 7] [libqueen] push(q=5 f=0/24 p99rtt=26ms) pop(q=0 f=0/16 p99rtt=4ms) custom(q=0 f=0/1 p99rtt=3ms) slots=25/25 jobs/s=600 drains=145423 evl=0ms
[2026-06-04 10:12:37.395] [info] [Worker 5] [libqueen] push(q=0 f=1/24 p99rtt=25ms) pop(q=0 f=0/16 p99rtt=5ms) custom(q=0 f=0/1 p99rtt=5ms) slots=24/25 jobs/s=588 drains=144556 evl=0ms
[2026-06-04 10:12:37.413] [info] [Worker 0] [libqueen] push(q=3 f=0/24 p99rtt=26ms) pop(q=0 f=0/16 p99rtt=7ms) custom(q=0 f=0/1 p99rtt=4ms) slots=25/25 jobs/s=588 drains=144753 evl=0ms
[2026-06-04 10:12:37.418] [info] [Worker 6] [libqueen] push(q=5 f=0/24 p99rtt=27ms) pop(q=0 f=0/16 p99rtt=5ms) custom(q=0 f=0/1 p99rtt=4ms) slots=25/25 jobs/s=600 drains=144815 evl=0ms
[2026-06-04 10:12:37.418] [info] [Worker 9] [libqueen] push(q=0 f=0/24 p99rtt=25ms) pop(q=0 f=0/16 p99rtt=5ms) custom(q=0 f=1/1 p99rtt=4ms) slots=24/25 jobs/s=611 drains=144794 evl=0ms
[2026-06-04 10:12:37.420] [info] [Worker 1] [libqueen] push(q=0 f=1/24 p99rtt=25ms) pop(q=0 f=0/16 p99rtt=5ms) custom(q=0 f=0/1 p99rtt=3ms) slots=24/25 jobs/s=588 drains=146005 evl=0ms
[2026-06-04 10:12:37.425] [info] [Worker 2] [libqueen] push(q=0 f=1/24 p99rtt=26ms) pop(q=0 f=0/16 p99rtt=3ms) custom(q=0 f=0/1 p99rtt=4ms) slots=24/25 jobs/s=576 drains=143948 evl=0ms
[2026-06-04 10:12:37.447] [info] [Worker 4] [libqueen] push(q=5 f=0/24 p99rtt=25ms) pop(q=0 f=0/16 p99rtt=4ms) custom(q=0 f=0/1 p99rtt=4ms) slots=25/25 jobs/s=594 drains=144328 evl=0ms
[2026-06-04 10:12:37.458] [info] [Worker 3] [libqueen] push(q=5 f=0/24 p99rtt=25ms) pop(q=0 f=0/16 p99rtt=4ms) custom(q=0 f=0/1 p99rtt=4ms) slots=25/25 jobs/s=594 drains=144825 evl=0ms
[2026-06-04 10:12:37.459] [info] [Worker 8] [libqueen] push(q=0 f=0/24 p99rtt=25ms) pop(q=0 f=0/16 p99rtt=4ms) custom(q=0 f=1/1 p99rtt=4ms) slots=24/25 jobs/s=593 drains=145607 evl=0ms
[2026-06-04 10:12:38.381] [info] [Worker 7] [libqueen] push(q=5 f=0/24 p99rtt=26ms) pop(q=0 f=0/16 p99rtt=4ms) custom(q=0 f=0/1 p99rtt=2ms) slots=25/25 jobs/s=588 drains=146251 evl=0ms
[2026-06-04 10:12:38.396] [info] [Worker 5] [libqueen] push(q=0 f=1/24 p99rtt=25ms) pop(q=0 f=0/16 p99rtt=5ms) custom(q=0 f=0/1 p99rtt=5ms) slots=24/25 jobs/s=576 drains=145366 evl=0ms
[2026-06-04 10:12:38.414] [info] [Worker 0] [libqueen] push(q=0 f=1/24 p99rtt=26ms) pop(q=0 f=0/16 p99rtt=7ms) custom(q=0 f=0/1 p99rtt=4ms) slots=24/25 jobs/s=570 drains=145523 evl=0ms
[2026-06-04 10:12:38.417] [info] [Worker 6] [libqueen] push(q=4 f=0/24 p99rtt=28ms) pop(q=0 f=0/16 p99rtt=5ms) custom(q=0 f=0/1 p99rtt=4ms) slots=25/25 jobs/s=594 drains=145625 evl=0ms
[2026-06-04 10:12:38.418] [info] [Worker 9] [libqueen] push(q=0 f=1/24 p99rtt=26ms) pop(q=0 f=0/16 p99rtt=5ms) custom(q=0 f=0/1 p99rtt=4ms) slots=24/25 jobs/s=583 drains=145604 evl=0ms
[2026-06-04 10:12:38.420] [info] [Worker 1] [libqueen] push(q=5 f=0/24 p99rtt=25ms) pop(q=0 f=0/16 p99rtt=5ms) custom(q=0 f=0/1 p99rtt=4ms) slots=25/25 jobs/s=582 drains=146810 evl=0ms
[2026-06-04 10:12:38.426] [info] [Worker 2] [libqueen] push(q=5 f=0/24 p99rtt=26ms) pop(q=0 f=0/16 p99rtt=3ms) custom(q=0 f=0/1 p99rtt=4ms) slots=25/25 jobs/s=588 drains=144767 evl=0ms
[2026-06-04 10:12:38.447] [info] [Worker 4] [libqueen] push(q=0 f=0/24 p99rtt=25ms) pop(q=0 f=0/16 p99rtt=4ms) custom(q=0 f=1/1 p99rtt=4ms) slots=24/25 jobs/s=581 drains=145123 evl=0ms
[2026-06-04 10:12:38.458] [info] [Worker 3] [libqueen] push(q=0 f=1/24 p99rtt=25ms) pop(q=0 f=0/16 p99rtt=4ms) custom(q=0 f=0/1 p99rtt=4ms) slots=24/25 jobs/s=588 drains=145639 evl=0ms
[2026-06-04 10:12:38.459] [info] [Worker 8] [libqueen] push(q=5 f=0/24 p99rtt=25ms) pop(q=0 f=0/16 p99rtt=4ms) custom(q=0 f=0/1 p99rtt=4ms) slots=25/25 jobs/s=583 drains=146423 evl=0ms
[2026-06-04 10:12:39.381] [info] [Worker 7] [libqueen] push(q=5 f=0/24 p99rtt=27ms) pop(q=0 f=0/16 p99rtt=4ms) custom(q=0 f=0/1 p99rtt=2ms) slots=25/25 jobs/s=582 drains=147055 evl=0ms
[2026-06-04 10:12:39.396] [info] [Worker 5] [libqueen] push(q=0 f=1/24 p99rtt=25ms) pop(q=0 f=0/16 p99rtt=5ms) custom(q=0 f=0/1 p99rtt=5ms) slots=24/25 jobs/s=588 drains=146151 evl=0ms
[2026-06-04 10:12:39.414] [info] [Worker 0] [libqueen] push(q=5 f=0/24 p99rtt=26ms) pop(q=0 f=0/16 p99rtt=7ms) custom(q=0 f=0/1 p99rtt=4ms) slots=25/25 jobs/s=588 drains=146330 evl=0ms
[2026-06-04 10:12:39.417] [info] [Worker 6] [libqueen] push(q=0 f=1/24 p99rtt=28ms) pop(q=0 f=0/16 p99rtt=5ms) custom(q=0 f=0/1 p99rtt=4ms) slots=24/25 jobs/s=588 drains=146425 evl=0ms
[2026-06-04 10:12:39.419] [info] [Worker 9] [libqueen] push(q=0 f=0/24 p99rtt=27ms) pop(q=0 f=0/16 p99rtt=5ms) custom(q=0 f=1/1 p99rtt=4ms) slots=24/25 jobs/s=581 drains=146385 evl=0ms
[2026-06-04 10:12:39.419] [info] [Worker 1] [libqueen] push(q=5 f=0/24 p99rtt=26ms) pop(q=0 f=0/16 p99rtt=5ms) custom(q=0 f=0/1 p99rtt=3ms) slots=25/25 jobs/s=582 drains=147631 evl=0ms
[2026-06-04 10:12:39.427] [info] [Worker 2] [libqueen] push(q=5 f=0/24 p99rtt=28ms) pop(q=0 f=0/16 p99rtt=3ms) custom(q=0 f=0/1 p99rtt=4ms) slots=25/25 jobs/s=576 drains=145564 evl=0ms
[2026-06-04 10:12:39.446] [info] [Worker 4] [libqueen] push(q=0 f=0/24 p99rtt=27ms) pop(q=0 f=0/16 p99rtt=4ms) custom(q=0 f=0/1 p99rtt=3ms) slots=25/25 jobs/s=595 drains=145936 evl=0ms
[2026-06-04 10:12:39.457] [info] [Worker 3] [libqueen] push(q=5 f=0/24 p99rtt=25ms) pop(q=0 f=0/16 p99rtt=4ms) custom(q=0 f=0/1 p99rtt=4ms) slots=25/25 jobs/s=588 drains=146453 evl=0ms
[2026-06-04 10:12:39.458] [info] [Worker 8] [libqueen] push(q=0 f=0/24 p99rtt=25ms) pop(q=0 f=0/16 p99rtt=4ms) custom(q=0 f=1/1 p99rtt=4ms) slots=24/25 jobs/s=593 drains=147237 evl=0ms
[2026-06-04 10:12:40.381] [info] [Worker 7] [libqueen] push(q=5 f=0/24 p99rtt=28ms) pop(q=0 f=0/16 p99rtt=4ms) custom(q=0 f=0/1 p99rtt=4ms) slots=25/25 jobs/s=552 drains=147830 evl=0ms
[2026-06-04 10:12:40.396] [info] [Worker 5] [libqueen] push(q=0 f=1/24 p99rtt=26ms) pop(q=0 f=0/16 p99rtt=5ms) custom(q=0 f=0/1 p99rtt=5ms) slots=24/25 jobs/s=534 drains=146889 evl=0ms
[2026-06-04 10:12:40.414] [info] [Worker 0] [libqueen] push(q=5 f=0/24 p99rtt=29ms) pop(q=0 f=0/16 p99rtt=7ms) custom(q=0 f=1/1 p99rtt=4ms) slots=24/25 jobs/s=539 drains=147083 evl=0ms
[2026-06-04 10:12:40.418] [info] [Worker 6] [libqueen] push(q=5 f=0/24 p99rtt=29ms) pop(q=0 f=0/16 p99rtt=5ms) custom(q=0 f=0/1 p99rtt=4ms) slots=25/25 jobs/s=539 drains=147164 evl=0ms
[2026-06-04 10:12:40.419] [info] [Worker 9] [libqueen] push(q=5 f=0/24 p99rtt=27ms) pop(q=0 f=0/16 p99rtt=5ms) custom(q=0 f=0/1 p99rtt=4ms) slots=25/25 jobs/s=523 drains=147119 evl=0ms
[2026-06-04 10:12:40.420] [info] [Worker 1] [libqueen] push(q=5 f=0/24 p99rtt=26ms) pop(q=0 f=0/16 p99rtt=5ms) custom(q=0 f=0/1 p99rtt=4ms) slots=25/25 jobs/s=534 drains=148371 evl=0ms
[2026-06-04 10:12:40.427] [info] [Worker 2] [libqueen] push(q=5 f=0/24 p99rtt=29ms) pop(q=0 f=0/16 p99rtt=3ms) custom(q=0 f=0/1 p99rtt=4ms) slots=25/25 jobs/s=534 drains=146306 evl=0ms
[2026-06-04 10:12:40.447] [info] [Worker 4] [libqueen] push(q=0 f=1/24 p99rtt=28ms) pop(q=0 f=0/16 p99rtt=4ms) custom(q=0 f=0/1 p99rtt=4ms) slots=24/25 jobs/s=546 drains=146699 evl=0ms
[2026-06-04 10:12:40.458] [info] [Worker 3] [libqueen] push(q=0 f=1/24 p99rtt=26ms) pop(q=0 f=0/16 p99rtt=4ms) custom(q=0 f=0/1 p99rtt=4ms) slots=24/25 jobs/s=540 drains=147186 evl=0ms
[2026-06-04 10:12:40.459] [info] [Worker 8] [libqueen] push(q=0 f=1/24 p99rtt=26ms) pop(q=0 f=0/16 p99rtt=4ms) custom(q=0 f=0/1 p99rtt=4ms) slots=24/25 jobs/s=523 drains=147986 evl=0ms
[2026-06-04 10:12:40.674] [info] RetentionService: Running cleanup cycle
[2026-06-04 10:12:40.826] [info] RetentionService: cycle completed in 151ms
[2026-06-04 10:12:41.381] [info] [Worker 7] [libqueen] push(q=0 f=1/24 p99rtt=31ms) pop(q=0 f=0/16 p99rtt=4ms) custom(q=0 f=0/1 p99rtt=4ms) slots=24/25 jobs/s=240 drains=148175 evl=0ms
[2026-06-04 10:12:41.395] [info] [Worker 5] [libqueen] push(q=0 f=1/24 p99rtt=31ms) pop(q=0 f=0/16 p99rtt=5ms) custom(q=0 f=0/1 p99rtt=6ms) slots=24/25 jobs/s=234 drains=147221 evl=0ms
[2026-06-04 10:12:41.414] [info] [Worker 0] [libqueen] push(q=0 f=1/24 p99rtt=31ms) pop(q=0 f=0/16 p99rtt=7ms) custom(q=0 f=0/1 p99rtt=5ms) slots=24/25 jobs/s=235 drains=147415 evl=0ms
[2026-06-04 10:12:41.417] [info] [Worker 6] [libqueen] push(q=0 f=1/24 p99rtt=31ms) pop(q=0 f=0/16 p99rtt=5ms) custom(q=0 f=0/1 p99rtt=6ms) slots=24/25 jobs/s=222 drains=147487 evl=0ms
[2026-06-04 10:12:41.418] [info] [Worker 9] [libqueen] push(q=0 f=1/24 p99rtt=30ms) pop(q=0 f=0/16 p99rtt=5ms) custom(q=0 f=0/1 p99rtt=5ms) slots=24/25 jobs/s=222 drains=147437 evl=0ms
[2026-06-04 10:12:41.420] [info] [Worker 1] [libqueen] push(q=0 f=1/24 p99rtt=33ms) pop(q=0 f=0/16 p99rtt=5ms) custom(q=0 f=0/1 p99rtt=5ms) slots=24/25 jobs/s=216 drains=148672 evl=0ms
[2026-06-04 10:12:41.428] [info] [Worker 2] [libqueen] push(q=5 f=0/24 p99rtt=31ms) pop(q=0 f=0/16 p99rtt=3ms) custom(q=0 f=0/1 p99rtt=5ms) slots=25/25 jobs/s=216 drains=146616 evl=0ms
[2026-06-04 10:12:41.447] [info] [Worker 4] [libqueen] push(q=0 f=0/24 p99rtt=31ms) pop(q=0 f=0/16 p99rtt=4ms) custom(q=0 f=1/1 p99rtt=5ms) slots=24/25 jobs/s=239 drains=147024 evl=0ms
[2026-06-04 10:12:41.458] [info] [Worker 3] [libqueen] push(q=1 f=0/24 p99rtt=33ms) pop(q=0 f=0/16 p99rtt=4ms) custom(q=0 f=1/1 p99rtt=5ms) slots=24/25 jobs/s=233 drains=147508 evl=0ms
[2026-06-04 10:12:41.460] [info] [Worker 8] [libqueen] push(q=5 f=0/24 p99rtt=31ms) pop(q=0 f=0/16 p99rtt=4ms) custom(q=0 f=0/1 p99rtt=6ms) slots=25/25 jobs/s=239 drains=148334 evl=0ms
[2026-06-04 10:12:41.938] [info] PartitionLookupReconcileService: fixed 7 partition_lookup rows (stats leader, hostname=a4dbf4b4cbaf)
[2026-06-04 10:12:42.381] [info] [Worker 7] [libqueen] push(q=5 f=0/24 p99rtt=33ms) pop(q=0 f=0/16 p99rtt=4ms) custom(q=0 f=0/1 p99rtt=4ms) slots=25/25 jobs/s=533 drains=148921 evl=0ms
[2026-06-04 10:12:42.396] [info] [Worker 5] [libqueen] push(q=5 f=0/24 p99rtt=31ms) pop(q=0 f=0/16 p99rtt=5ms) custom(q=0 f=0/1 p99rtt=6ms) slots=25/25 jobs/s=534 drains=147966 evl=0ms
[2026-06-04 10:12:42.414] [info] [Worker 0] [libqueen] push(q=5 f=0/24 p99rtt=31ms) pop(q=0 f=0/16 p99rtt=7ms) custom(q=0 f=0/1 p99rtt=5ms) slots=25/25 jobs/s=534 drains=148158 evl=0ms
[2026-06-04 10:12:42.418] [info] [Worker 6] [libqueen] push(q=0 f=1/24 p99rtt=32ms) pop(q=0 f=0/16 p99rtt=5ms) custom(q=0 f=0/1 p99rtt=5ms) slots=24/25 jobs/s=534 drains=148235 evl=0ms
[2026-06-04 10:12:42.418] [info] [Worker 9] [libqueen] push(q=0 f=1/24 p99rtt=30ms) pop(q=0 f=0/16 p99rtt=5ms) custom(q=0 f=0/1 p99rtt=5ms) slots=24/25 jobs/s=534 drains=148182 evl=0ms
[2026-06-04 10:12:42.419] [info] [Worker 1] [libqueen] push(q=2 f=0/24 p99rtt=34ms) pop(q=0 f=0/16 p99rtt=5ms) custom(q=0 f=0/1 p99rtt=5ms) slots=25/25 jobs/s=528 drains=149399 evl=0ms
[2026-06-04 10:12:42.428] [info] [Worker 2] [libqueen] push(q=0 f=1/24 p99rtt=31ms) pop(q=0 f=0/16 p99rtt=3ms) custom(q=0 f=0/1 p99rtt=4ms) slots=24/25 jobs/s=533 drains=147355 evl=0ms
[2026-06-04 10:12:42.447] [info] [Worker 4] [libqueen] push(q=5 f=0/24 p99rtt=31ms) pop(q=0 f=0/16 p99rtt=4ms) custom(q=0 f=0/1 p99rtt=5ms) slots=25/25 jobs/s=523 drains=147742 evl=0ms
[2026-06-04 10:12:42.457] [info] [Worker 3] [libqueen] push(q=5 f=0/24 p99rtt=33ms) pop(q=0 f=0/16 p99rtt=4ms) custom(q=0 f=0/1 p99rtt=5ms) slots=25/25 jobs/s=534 drains=148251 evl=0ms
[2026-06-04 10:12:42.459] [info] [Worker 8] [libqueen] push(q=5 f=0/24 p99rtt=31ms) pop(q=0 f=0/16 p99rtt=4ms) custom(q=0 f=0/1 p99rtt=6ms) slots=25/25 jobs/s=527 drains=149083 evl=0ms
[2026-06-04 10:12:42.750] [info] StatsService: cycle completed in 47ms
[2026-06-04 10:12:43.382] [info] [Worker 7] [libqueen] push(q=0 f=1/24 p99rtt=31ms) pop(q=0 f=0/16 p99rtt=4ms) custom(q=0 f=0/1 p99rtt=3ms) slots=24/25 jobs/s=570 drains=149704 evl=0ms
[2026-06-04 10:12:43.396] [info] [Worker 5] [libqueen] push(q=0 f=0/24 p99rtt=31ms) pop(q=0 f=0/16 p99rtt=5ms) custom(q=0 f=1/1 p99rtt=5ms) slots=24/25 jobs/s=563 drains=148748 evl=0ms
[2026-06-04 10:12:43.414] [info] [Worker 0] [libqueen] push(q=0 f=1/24 p99rtt=31ms) pop(q=0 f=0/16 p99rtt=7ms) custom(q=0 f=0/1 p99rtt=4ms) slots=24/25 jobs/s=552 drains=148928 evl=0ms
[2026-06-04 10:12:43.417] [info] [Worker 6] [libqueen] push(q=5 f=0/24 p99rtt=31ms) pop(q=0 f=0/16 p99rtt=5ms) custom(q=0 f=0/1 p99rtt=4ms) slots=25/25 jobs/s=558 drains=149009 evl=0ms
[2026-06-04 10:12:43.420] [info] [Worker 9] [libqueen] push(q=5 f=0/24 p99rtt=31ms) pop(q=0 f=0/16 p99rtt=5ms) custom(q=0 f=0/1 p99rtt=4ms) slots=25/25 jobs/s=570 drains=148980 evl=0ms
[2026-06-04 10:12:43.420] [info] [Worker 1] [libqueen] push(q=5 f=0/24 p99rtt=34ms) pop(q=0 f=0/16 p99rtt=5ms) custom(q=0 f=0/1 p99rtt=4ms) slots=25/25 jobs/s=564 drains=150185 evl=0ms
[2026-06-04 10:12:43.428] [info] [Worker 2] [libqueen] push(q=0 f=1/24 p99rtt=31ms) pop(q=0 f=0/16 p99rtt=3ms) custom(q=0 f=0/1 p99rtt=3ms) slots=24/25 jobs/s=558 drains=148126 evl=1ms
[2026-06-04 10:12:43.447] [info] [Worker 4] [libqueen] push(q=5 f=0/24 p99rtt=31ms) pop(q=0 f=0/16 p99rtt=4ms) custom(q=0 f=0/1 p99rtt=4ms) slots=25/25 jobs/s=558 drains=148525 evl=0ms
[2026-06-04 10:12:43.458] [info] [Worker 3] [libqueen] push(q=5 f=0/24 p99rtt=32ms) pop(q=0 f=0/16 p99rtt=4ms) custom(q=0 f=0/1 p99rtt=4ms) slots=25/25 jobs/s=552 drains=149005 evl=0ms
[2026-06-04 10:12:43.462] [info] [Worker 8] [libqueen] push(q=5 f=0/24 p99rtt=31ms) pop(q=0 f=0/16 p99rtt=4ms) custom(q=0 f=0/1 p99rtt=4ms) slots=25/25 jobs/s=570 drains=149871 evl=0ms
[2026-06-04 10:12:44.382] [info] [Worker 7] [libqueen] push(q=5 f=0/24 p99rtt=31ms) pop(q=0 f=0/16 p99rtt=4ms) custom(q=0 f=0/1 p99rtt=3ms) slots=25/25 jobs/s=570 drains=150456 evl=0ms
[2026-06-04 10:12:44.396] [info] [Worker 5] [libqueen] push(q=3 f=0/24 p99rtt=31ms) pop(q=0 f=0/16 p99rtt=5ms) custom(q=0 f=0/1 p99rtt=5ms) slots=25/25 jobs/s=559 drains=149537 evl=0ms
[2026-06-04 10:12:44.413] [info] [Worker 0] [libqueen] push(q=0 f=0/24 p99rtt=31ms) pop(q=0 f=0/16 p99rtt=7ms) custom(q=0 f=0/1 p99rtt=4ms) slots=25/25 jobs/s=558 drains=149716 evl=0ms
[2026-06-04 10:12:44.418] [info] [Worker 6] [libqueen] push(q=0 f=1/24 p99rtt=31ms) pop(q=0 f=0/16 p99rtt=5ms) custom(q=0 f=0/1 p99rtt=4ms) slots=24/25 jobs/s=552 drains=149787 evl=0ms
[2026-06-04 10:12:44.419] [info] [Worker 9] [libqueen] push(q=5 f=0/24 p99rtt=31ms) pop(q=0 f=0/16 p99rtt=5ms) custom(q=0 f=0/1 p99rtt=3ms) slots=25/25 jobs/s=552 drains=149692 evl=0ms
[2026-06-04 10:12:44.420] [info] [Worker 1] [libqueen] push(q=0 f=1/24 p99rtt=32ms) pop(q=0 f=0/16 p99rtt=5ms) custom(q=0 f=0/1 p99rtt=4ms) slots=24/25 jobs/s=564 drains=150968 evl=0ms
[2026-06-04 10:12:44.428] [info] [Worker 2] [libqueen] push(q=0 f=1/24 p99rtt=31ms) pop(q=0 f=0/16 p99rtt=3ms) custom(q=0 f=0/1 p99rtt=3ms) slots=24/25 jobs/s=540 drains=148865 evl=0ms
[2026-06-04 10:12:44.447] [info] [Worker 4] [libqueen] push(q=0 f=1/24 p99rtt=31ms) pop(q=0 f=0/16 p99rtt=4ms) custom(q=0 f=0/1 p99rtt=4ms) slots=24/25 jobs/s=552 drains=149222 evl=0ms
[2026-06-04 10:12:44.458] [info] [Worker 3] [libqueen] push(q=0 f=1/24 p99rtt=32ms) pop(q=0 f=0/16 p99rtt=4ms) custom(q=0 f=0/1 p99rtt=4ms) slots=24/25 jobs/s=558 drains=149793 evl=0ms
[2026-06-04 10:12:44.462] [info] [Worker 8] [libqueen] push(q=5 f=0/24 p99rtt=30ms) pop(q=0 f=0/16 p99rtt=4ms) custom(q=0 f=0/1 p99rtt=4ms) slots=25/25 jobs/s=552 drains=150619 evl=0ms
[2026-06-04 10:12:45.382] [info] [Worker 7] [libqueen] push(q=5 f=0/24 p99rtt=31ms) pop(q=0 f=0/16 p99rtt=4ms) custom(q=0 f=0/1 p99rtt=3ms) slots=25/25 jobs/s=624 drains=151300 evl=0ms
[2026-06-04 10:12:45.396] [info] [Worker 5] [libqueen] push(q=5 f=0/24 p99rtt=30ms) pop(q=0 f=0/16 p99rtt=5ms) custom(q=0 f=0/1 p99rtt=4ms) slots=25/25 jobs/s=600 drains=150344 evl=0ms
[2026-06-04 10:12:45.414] [info] [Worker 0] [libqueen] push(q=5 f=0/24 p99rtt=31ms) pop(q=0 f=0/16 p99rtt=7ms) custom(q=0 f=0/1 p99rtt=4ms) slots=25/25 jobs/s=606 drains=150566 evl=0ms
[2026-06-04 10:12:45.418] [info] [Worker 6] [libqueen] push(q=5 f=0/24 p99rtt=30ms) pop(q=0 f=0/16 p99rtt=5ms) custom(q=0 f=0/1 p99rtt=3ms) slots=25/25 jobs/s=600 drains=150624 evl=0ms
[2026-06-04 10:12:45.420] [info] [Worker 1] [libqueen] push(q=5 f=0/24 p99rtt=32ms) pop(q=0 f=0/16 p99rtt=5ms) custom(q=0 f=0/1 p99rtt=4ms) slots=25/25 jobs/s=612 drains=151821 evl=0ms
[2026-06-04 10:12:45.420] [info] [Worker 9] [libqueen] push(q=5 f=0/24 p99rtt=30ms) pop(q=0 f=0/16 p99rtt=5ms) custom(q=0 f=0/1 p99rtt=3ms) slots=25/25 jobs/s=612 drains=150544 evl=0ms
[2026-06-04 10:12:45.428] [info] [Worker 2] [libqueen] push(q=0 f=1/24 p99rtt=30ms) pop(q=0 f=0/16 p99rtt=3ms) custom(q=0 f=0/1 p99rtt=2ms) slots=24/25 jobs/s=600 drains=149681 evl=0ms
[2026-06-04 10:12:45.447] [info] [Worker 4] [libqueen] push(q=5 f=0/24 p99rtt=30ms) pop(q=0 f=0/16 p99rtt=4ms) custom(q=0 f=0/1 p99rtt=4ms) slots=25/25 jobs/s=606 drains=150052 evl=0ms
[2026-06-04 10:12:45.457] [info] [Worker 3] [libqueen] push(q=0 f=1/24 p99rtt=32ms) pop(q=0 f=0/16 p99rtt=4ms) custom(q=0 f=0/1 p99rtt=4ms) slots=24/25 jobs/s=600 drains=150618 evl=0ms
[2026-06-04 10:12:45.462] [info] [Worker 8] [libqueen] push(q=0 f=1/24 p99rtt=30ms) pop(q=0 f=0/16 p99rtt=4ms) custom(q=0 f=0/1 p99rtt=3ms) slots=24/25 jobs/s=612 drains=151459 evl=0ms
[2026-06-04 10:12:46.382] [info] [Worker 7] [libqueen] push(q=0 f=0/24 p99rtt=28ms) pop(q=0 f=0/16 p99rtt=4ms) custom(q=0 f=1/1 p99rtt=3ms) slots=24/25 jobs/s=623 drains=152150 evl=0ms
[2026-06-04 10:12:46.397] [info] [Worker 5] [libqueen] push(q=5 f=0/24 p99rtt=29ms) pop(q=0 f=0/16 p99rtt=5ms) custom(q=0 f=0/1 p99rtt=4ms) slots=25/25 jobs/s=612 drains=151172 evl=0ms
[2026-06-04 10:12:46.414] [info] [Worker 0] [libqueen] push(q=0 f=1/24 p99rtt=31ms) pop(q=0 f=0/16 p99rtt=7ms) custom(q=0 f=0/1 p99rtt=4ms) slots=24/25 jobs/s=594 drains=151411 evl=0ms
[2026-06-04 10:12:46.418] [info] [Worker 6] [libqueen] push(q=5 f=0/24 p99rtt=29ms) pop(q=0 f=0/16 p99rtt=5ms) custom(q=0 f=0/1 p99rtt=3ms) slots=25/25 jobs/s=617 drains=151483 evl=0ms
[2026-06-04 10:12:46.420] [info] [Worker 9] [libqueen] push(q=5 f=0/24 p99rtt=30ms) pop(q=0 f=0/16 p99rtt=5ms) custom(q=0 f=0/1 p99rtt=3ms) slots=25/25 jobs/s=624 drains=151418 evl=0ms
[2026-06-04 10:12:46.420] [info] [Worker 1] [libqueen] push(q=5 f=0/24 p99rtt=30ms) pop(q=0 f=0/16 p99rtt=5ms) custom(q=0 f=0/1 p99rtt=3ms) slots=25/25 jobs/s=618 drains=152651 evl=0ms
[2026-06-04 10:12:46.428] [info] [Worker 2] [libqueen] push(q=0 f=1/24 p99rtt=29ms) pop(q=0 f=0/16 p99rtt=3ms) custom(q=0 f=0/1 p99rtt=2ms) slots=24/25 jobs/s=600 drains=150508 evl=0ms
[2026-06-04 10:12:46.446] [info] [Worker 4] [libqueen] push(q=0 f=0/24 p99rtt=30ms) pop(q=0 f=0/16 p99rtt=4ms) custom(q=0 f=0/1 p99rtt=4ms) slots=25/25 jobs/s=612 drains=150883 evl=0ms
[2026-06-04 10:12:46.457] [info] [Worker 3] [libqueen] push(q=5 f=0/24 p99rtt=31ms) pop(q=0 f=0/16 p99rtt=4ms) custom(q=0 f=0/1 p99rtt=4ms) slots=25/25 jobs/s=612 drains=151469 evl=0ms
[2026-06-04 10:12:46.463] [info] [Worker 8] [libqueen] push(q=5 f=0/24 p99rtt=30ms) pop(q=0 f=0/16 p99rtt=4ms) custom(q=0 f=0/1 p99rtt=3ms) slots=25/25 jobs/s=612 drains=152308 evl=0ms
[2026-06-04 10:12:46.526] [info] QPOP: Connection aborted for a30b8940-f618-4708-bddf-a08334002863
[2026-06-04 10:12:46.526] [info] QPOP: Connection aborted for 09578592-4a80-47ce-bf6a-a36591630e9f
[2026-06-04 10:12:46.526] [info] QPOP: Connection aborted for e9588d41-3898-4d30-bed5-f683c168f9a3
[2026-06-04 10:12:46.526] [info] QPOP: Connection aborted for 79e631d9-b8ca-48c3-957c-0097854efacd
[2026-06-04 10:12:46.526] [info] QPOP: Connection aborted for 59a42f48-4f5a-4ffd-acb8-ae5f914d0ef6
[2026-06-04 10:12:46.526] [info] QPOP: Connection aborted for 3280a764-a48e-4490-bfdd-e4d5f1132e58
[2026-06-04 10:12:46.527] [info] QPOP: Connection aborted for 0f7193c2-109c-4e00-be9f-e6f067e92575
[2026-06-04 10:12:46.527] [info] QPOP: Connection aborted for a48dd185-b78f-4581-8fdc-67ddea591086
[2026-06-04 10:12:46.527] [info] QPOP: Connection aborted for 182ae6c0-2283-407d-a187-fcade73a4d84
[2026-06-04 10:12:46.527] [info] QPOP: Connection aborted for 4164b617-bd59-4105-afc3-95707618386f
[2026-06-04 10:12:46.527] [info] QPOP: Connection aborted for 2ea3ef30-c438-41c1-a350-1d85ba9f9e42
[2026-06-04 10:12:46.528] [info] QPOP: Connection aborted for 68217c95-0618-49da-b59c-115cf7c13f19
[2026-06-04 10:12:46.529] [info] QPOP: Connection aborted for 33422a7e-f6a7-4c41-8370-fe203fa2b37a
[2026-06-04 10:12:46.530] [info] QPOP: Connection aborted for 9fa89bca-1e41-4088-9c03-3b7fb9aedea5
[2026-06-04 10:12:46.530] [info] QPOP: Connection aborted for 6da198c9-46aa-4804-a2dd-ef1d4e729fc9
[2026-06-04 10:12:46.530] [info] QPOP: Connection aborted for 0d420b92-f4a4-493f-988a-eebf66172141
[2026-06-04 10:12:46.530] [info] QPOP: Connection aborted for a1b5b63b-eabb-4e27-bca5-1b5e569af162
[2026-06-04 10:12:46.530] [info] QPOP: Connection aborted for 24c6ce03-fe1b-438b-ada9-76c1b6dd52d2
[2026-06-04 10:12:46.538] [info] QPOP: Connection aborted for 6959eb41-c3ba-4291-92cc-9d166178c372
[2026-06-04 10:12:46.539] [info] QPOP: Connection aborted for da2642fc-e0ca-4789-ab41-00084d000e64
[2026-06-04 10:12:46.539] [info] QPOP: Connection aborted for 55be4564-221a-4a20-a74e-bc63055d80f5
[2026-06-04 10:12:46.539] [info] QPOP: Connection aborted for 7737e9cb-e33c-428c-9e40-679f90acefa4
[2026-06-04 10:12:46.539] [info] QPOP: Connection aborted for c66f9a6f-9c28-4df8-8511-a1f978f04472
[2026-06-04 10:12:46.539] [info] QPOP: Connection aborted for 523b8218-86a1-441e-9f7d-465069107556
[2026-06-04 10:12:46.540] [info] QPOP: Connection aborted for b568bf66-de13-4417-82d4-f48ec23ab014
[2026-06-04 10:12:46.540] [info] QPOP: Connection aborted for 54673b98-77a1-4488-961b-990273a15e7c
[2026-06-04 10:12:46.543] [info] QPOP: Connection aborted for 80ba142c-9682-478c-a9c6-ef24e29fc2a3
[2026-06-04 10:12:46.545] [info] QPOP: Connection aborted for 945c07a2-0b24-422f-898e-008a0e4c87c1
[2026-06-04 10:12:46.545] [info] QPOP: Connection aborted for 8a4c026d-6be9-430c-8bc6-f365a4408ff1
[2026-06-04 10:12:46.546] [info] QPOP: Connection aborted for 435c6a3a-0c1e-409e-a233-3912e4217b01
[2026-06-04 10:12:46.549] [info] QPOP: Connection aborted for 3cf4c72e-f049-4f54-8e79-0902ddbd337c
[2026-06-04 10:12:46.550] [info] QPOP: Connection aborted for b8b96bfe-8b39-4d4b-be3b-1f912b64b508
[2026-06-04 10:12:46.550] [info] QPOP: Connection aborted for e4afbc7a-4900-4e93-8043-7d44cdcec577
[2026-06-04 10:12:46.550] [info] QPOP: Connection aborted for 146f3acf-84d9-4221-82ae-33f0a8a4efbe
[2026-06-04 10:12:46.552] [info] QPOP: Connection aborted for 1c4d5c04-d076-42d1-9a48-b75adf81e825
[2026-06-04 10:12:46.552] [info] QPOP: Connection aborted for 3def8a79-c14b-4f5b-9d87-37fe17c73a38
[2026-06-04 10:12:46.554] [info] QPOP: Connection aborted for 8152acd5-c79d-4b94-bbb9-934c82106b7e
[2026-06-04 10:12:46.558] [info] QPOP: Connection aborted for 4800dd42-2bc5-4248-b8c8-4bfd36df7b84
[2026-06-04 10:12:46.558] [info] QPOP: Connection aborted for 1aef4fb9-8dc2-4cf3-832d-1585c3dc838a
[2026-06-04 10:12:46.558] [info] QPOP: Connection aborted for ea64bd25-396c-4aa9-b00d-225eb0aa800e
[2026-06-04 10:12:46.558] [info] QPOP: Connection aborted for d2b8fe89-fe1a-4915-b894-31c4a8497e38
[2026-06-04 10:12:46.558] [info] QPOP: Connection aborted for 71e4496b-3c39-4883-85f9-91d5e605fe1c
[2026-06-04 10:12:46.559] [info] QPOP: Connection aborted for e6f05dc3-d135-4e30-9f18-904adffb95f0
[2026-06-04 10:12:46.561] [info] QPOP: Connection aborted for e59abccc-4ba2-4c7c-a979-bf3b09417886
[2026-06-04 10:12:46.561] [info] QPOP: Connection aborted for 0eecb81e-c9dd-4d5c-9e13-f8019c6849ed
[2026-06-04 10:12:46.561] [info] QPOP: Connection aborted for 2bcaa410-d4a0-4fc0-b7e8-4554a465ccea
[2026-06-04 10:12:46.561] [info] QPOP: Connection aborted for aa427d49-c6c4-4e1c-9c1e-b08c5fca002b
[2026-06-04 10:12:46.561] [info] QPOP: Connection aborted for 87db71c8-d876-41ab-bd9a-84ea8155f38c
[2026-06-04 10:12:46.563] [info] QPOP: Connection aborted for cea28717-1602-4a71-b583-31ddc1d52e18
[2026-06-04 10:12:46.565] [info] QPOP: Connection aborted for aeb50346-ae69-46aa-a56e-db341c620915
[2026-06-04 10:12:46.803] [info] QPOP: Connection aborted for ec6be687-8543-492a-8d9c-1267af79e20f
[2026-06-04 10:12:46.804] [info] QPOP: Connection aborted for 2b700ac7-f278-4db9-9333-808fb32c38d3
[2026-06-04 10:12:46.804] [info] QPOP: Connection aborted for a6a1a548-5871-4e0d-a94c-ac9f2a31f73d
[2026-06-04 10:12:46.803] [info] QPOP: Connection aborted for d863065a-1f83-41f9-98f9-2d1bbae400b6
[2026-06-04 10:12:46.803] [info] QPOP: Connection aborted for 908f5281-1c5b-41b1-a37c-fb6a5b9f6c03
[2026-06-04 10:12:46.804] [info] QPOP: Connection aborted for 1bc2813a-5f19-4d49-812f-031abd299ea3
[2026-06-04 10:12:46.804] [info] QPOP: Connection aborted for 8e06ae18-78ff-4af4-92b1-5aadee86b8f7
[2026-06-04 10:12:46.804] [info] QPOP: Connection aborted for 9e7ac05f-5e2a-4f0a-adaa-b114204d883d
[2026-06-04 10:12:46.804] [info] QPOP: Connection aborted for d083aa13-f19d-4d53-b196-d8954c38e092
[2026-06-04 10:12:46.804] [info] QPOP: Connection aborted for faff7697-60ee-4d4e-9f8f-de9b03eb41fd
[2026-06-04 10:12:46.804] [info] QPOP: Connection aborted for 5e0fa05b-a1aa-4f46-a6e5-59f3e5d321ea
[2026-06-04 10:12:46.804] [info] QPOP: Connection aborted for 11081f16-d481-4e69-9c72-f5d23981582f
[2026-06-04 10:12:46.804] [info] QPOP: Connection aborted for e431d1c0-604c-4f27-b7ad-b97ef9182415
[2026-06-04 10:12:46.804] [info] QPOP: Connection aborted for 5e1deae5-8ed4-4cee-8039-de48613e7c93
[2026-06-04 10:12:46.804] [info] QPOP: Connection aborted for d0520107-475e-4457-a01d-5a17fb2a12d3
[2026-06-04 10:12:46.804] [info] QPOP: Connection aborted for 9ede42d5-7f4e-4c37-8d05-975fcffa860f
[2026-06-04 10:12:46.804] [info] QPOP: Connection aborted for 85150b8d-3e12-4678-bbf5-ac62de4f0178
[2026-06-04 10:12:46.804] [info] QPOP: Connection aborted for 4c132749-8a51-400a-9837-02325c943656
[2026-06-04 10:12:46.804] [info] QPOP: Connection aborted for 80f6a174-e5fd-4e1b-8e90-fffd8b7a133d
[2026-06-04 10:12:46.804] [info] QPOP: Connection aborted for 0d6f1a11-1fb1-46ad-91df-fdc0861a9be6
[2026-06-04 10:12:46.804] [info] QPOP: Connection aborted for f0afc7eb-d960-4b5f-9129-7ae0995200a4
[2026-06-04 10:12:46.804] [info] QPOP: Connection aborted for 5a61f585-d569-4555-a60a-4e5a0181d4e1
[2026-06-04 10:12:46.804] [info] QPOP: Connection aborted for 83442415-836b-47e3-8150-c004aa316307
[2026-06-04 10:12:46.804] [info] QPOP: Connection aborted for c5dd1d03-6500-4a15-bda5-fe30ff0d7c39
[2026-06-04 10:12:46.804] [info] QPOP: Connection aborted for 1f97a9bf-ca87-4e0c-b372-dc3ddb195692
[2026-06-04 10:12:46.804] [info] QPOP: Connection aborted for bf404bfd-dd12-404c-9056-a37d635d0b59
[2026-06-04 10:12:46.804] [info] QPOP: Connection aborted for 1094bce3-f5b2-4e76-b29f-f211b5874f87
[2026-06-04 10:12:46.804] [info] QPOP: Connection aborted for a78ebbdb-2927-4e85-9633-bd0744cabd23
[2026-06-04 10:12:46.804] [info] QPOP: Connection aborted for a7361c6c-1d26-43cb-ac70-b84c6a1ea11b
[2026-06-04 10:12:46.804] [info] QPOP: Connection aborted for 4c063a45-1000-4fd3-8cd3-0ac89d8acebe
[2026-06-04 10:12:46.804] [info] QPOP: Connection aborted for f157f732-6a33-4e7e-82bd-a8595c49b89f
[2026-06-04 10:12:46.804] [info] QPOP: Connection aborted for 303f55b0-bd7a-4e4d-a19e-ece4786c3da2
[2026-06-04 10:12:46.804] [info] QPOP: Connection aborted for fca6acb7-1adc-440e-a02d-182c10648279
[2026-06-04 10:12:46.804] [info] QPOP: Connection aborted for 837e7bae-0820-46fa-a499-5e960794c742
[2026-06-04 10:12:46.804] [info] QPOP: Connection aborted for f4d3898e-32db-4d94-b73d-f13f63b94543
[2026-06-04 10:12:46.804] [info] QPOP: Connection aborted for dfefbaa1-e8a8-45f5-be75-d1e7f6026120
[2026-06-04 10:12:46.804] [info] QPOP: Connection aborted for d258e4a4-6c5b-42d5-837a-35eeae67fd53
[2026-06-04 10:12:46.804] [info] QPOP: Connection aborted for 09fb5c0b-6093-48c8-a874-a8d2ffe8ee96
[2026-06-04 10:12:46.804] [info] QPOP: Connection aborted for 43311e41-3c24-4630-86a3-c37716809877
[2026-06-04 10:12:46.804] [info] QPOP: Connection aborted for c4c70b8f-88b1-4d9b-a497-01810864ef2e
[2026-06-04 10:12:46.804] [info] QPOP: Connection aborted for 5c9ae0dd-588f-4fe5-819b-721236710382
[2026-06-04 10:12:46.804] [info] QPOP: Connection aborted for 738d0170-e713-4e48-af9b-ec93eed6536f
[2026-06-04 10:12:46.804] [info] QPOP: Connection aborted for 9f88937e-20ea-4b33-88b5-41227e34c3ff
[2026-06-04 10:12:46.804] [info] QPOP: Connection aborted for 3f2b3cc5-549c-4f80-b058-7614bd682d2c
[2026-06-04 10:12:46.804] [info] QPOP: Connection aborted for 8cf381a2-7bf3-4427-9f3b-02cd77e296f9
[2026-06-04 10:12:46.804] [info] QPOP: Connection aborted for d89be2d9-fca8-484a-8744-9f674e5d0746
[2026-06-04 10:12:46.804] [info] QPOP: Connection aborted for 3f7ae9f7-a9a9-475d-8395-82b78553eeb6
[2026-06-04 10:12:46.804] [info] QPOP: Connection aborted for 42c617db-43e8-46d8-8513-606c5b5e65df
[2026-06-04 10:12:46.804] [info] QPOP: Connection aborted for 63f398b1-b2c2-482d-864a-c86ecd9ebec5
[2026-06-04 10:12:46.804] [info] QPOP: Connection aborted for 4f3a6178-f987-4361-ae4c-a00d2bdbe3bd
[2026-06-04 10:12:47.382] [info] [Worker 7] [libqueen] push(q=5 f=0/24 p99rtt=31ms) pop(q=0 f=0/16 p99rtt=4ms) custom(q=0 f=0/1 p99rtt=3ms) slots=25/25 jobs/s=583 drains=152960 evl=0ms
[2026-06-04 10:12:47.396] [info] [Worker 5] [libqueen] push(q=5 f=0/24 p99rtt=30ms) pop(q=0 f=0/16 p99rtt=5ms) custom(q=0 f=0/1 p99rtt=4ms) slots=25/25 jobs/s=600 drains=152007 evl=0ms
[2026-06-04 10:12:47.414] [info] [Worker 0] [libqueen] push(q=0 f=1/24 p99rtt=32ms) pop(q=0 f=0/16 p99rtt=7ms) custom(q=0 f=0/1 p99rtt=3ms) slots=24/25 jobs/s=570 drains=152212 evl=0ms
[2026-06-04 10:12:47.417] [info] [Worker 6] [libqueen] push(q=0 f=0/24 p99rtt=30ms) pop(q=0 f=0/16 p99rtt=5ms) custom(q=0 f=0/1 p99rtt=3ms) slots=25/25 jobs/s=582 drains=152270 evl=0ms
[2026-06-04 10:12:47.420] [info] [Worker 9] [libqueen] push(q=5 f=0/24 p99rtt=30ms) pop(q=0 f=0/16 p99rtt=5ms) custom(q=0 f=0/1 p99rtt=3ms) slots=25/25 jobs/s=582 drains=152235 evl=0ms
[2026-06-04 10:12:47.420] [info] [Worker 1] [libqueen] push(q=0 f=1/24 p99rtt=30ms) pop(q=0 f=0/16 p99rtt=5ms) custom(q=0 f=0/1 p99rtt=3ms) slots=24/25 jobs/s=594 drains=153461 evl=0ms
[2026-06-04 10:12:47.428] [info] [Worker 2] [libqueen] push(q=5 f=0/24 p99rtt=30ms) pop(q=0 f=0/16 p99rtt=3ms) custom(q=0 f=0/1 p99rtt=2ms) slots=25/25 jobs/s=588 drains=151323 evl=0ms
[2026-06-04 10:12:47.446] [info] [Worker 4] [libqueen] push(q=2 f=0/24 p99rtt=30ms) pop(q=0 f=0/16 p99rtt=4ms) custom(q=0 f=0/1 p99rtt=4ms) slots=25/25 jobs/s=588 drains=151705 evl=0ms
[2026-06-04 10:12:47.457] [info] [Worker 3] [libqueen] push(q=5 f=0/24 p99rtt=31ms) pop(q=0 f=0/16 p99rtt=4ms) custom(q=0 f=0/1 p99rtt=4ms) slots=25/25 jobs/s=576 drains=152290 evl=0ms
[2026-06-04 10:12:47.463] [info] [Worker 8] [libqueen] push(q=5 f=0/24 p99rtt=30ms) pop(q=0 f=0/16 p99rtt=4ms) custom(q=0 f=0/1 p99rtt=3ms) slots=25/25 jobs/s=576 drains=153119 evl=0ms
[2026-06-04 10:12:47.923] [info] PartitionLookupReconcileService: fixed 3 partition_lookup rows (stats leader, hostname=a4dbf4b4cbaf)
[2026-06-04 10:12:48.382] [info] [Worker 7] [libqueen] push(q=5 f=0/24 p99rtt=31ms) pop(q=0 f=0/16 p99rtt=4ms) custom(q=0 f=0/1 p99rtt=3ms) slots=25/25 jobs/s=612 drains=153815 evl=0ms
[2026-06-04 10:12:48.397] [info] [Worker 5] [libqueen] push(q=5 f=0/24 p99rtt=30ms) pop(q=0 f=0/16 p99rtt=5ms) custom(q=0 f=0/1 p99rtt=4ms) slots=25/25 jobs/s=586 drains=152825 evl=0ms
[2026-06-04 10:12:48.413] [info] [Worker 0] [libqueen] push(q=0 f=1/24 p99rtt=32ms) pop(q=0 f=0/16 p99rtt=7ms) custom(q=0 f=0/1 p99rtt=4ms) slots=24/25 jobs/s=606 drains=153049 evl=0ms
[2026-06-04 10:12:48.418] [info] [Worker 6] [libqueen] push(q=5 f=0/24 p99rtt=30ms) pop(q=0 f=0/16 p99rtt=5ms) custom(q=0 f=0/1 p99rtt=4ms) slots=25/25 jobs/s=600 drains=153105 evl=0ms
[2026-06-04 10:12:48.420] [info] [Worker 9] [libqueen] push(q=5 f=0/24 p99rtt=30ms) pop(q=0 f=0/16 p99rtt=5ms) custom(q=0 f=0/1 p99rtt=3ms) slots=25/25 jobs/s=582 drains=153046 evl=0ms
[2026-06-04 10:12:48.421] [info] [Worker 1] [libqueen] push(q=0 f=1/24 p99rtt=29ms) pop(q=0 f=0/16 p99rtt=5ms) custom(q=0 f=0/1 p99rtt=3ms) slots=24/25 jobs/s=606 drains=154275 evl=0ms
[2026-06-04 10:12:48.428] [info] [Worker 2] [libqueen] push(q=0 f=1/24 p99rtt=29ms) pop(q=0 f=0/16 p99rtt=3ms) custom(q=0 f=0/1 p99rtt=2ms) slots=24/25 jobs/s=594 drains=152130 evl=0ms
[2026-06-04 10:12:48.447] [info] [Worker 4] [libqueen] push(q=5 f=0/24 p99rtt=30ms) pop(q=0 f=0/16 p99rtt=4ms) custom(q=0 f=0/1 p99rtt=4ms) slots=25/25 jobs/s=594 drains=152541 evl=0ms
[2026-06-04 10:12:48.458] [info] [Worker 3] [libqueen] push(q=5 f=0/24 p99rtt=31ms) pop(q=0 f=0/16 p99rtt=4ms) custom(q=0 f=0/1 p99rtt=4ms) slots=25/25 jobs/s=588 drains=153107 evl=0ms
[2026-06-04 10:12:48.463] [info] [Worker 8] [libqueen] push(q=0 f=1/24 p99rtt=30ms) pop(q=0 f=0/16 p99rtt=4ms) custom(q=0 f=0/1 p99rtt=4ms) slots=24/25 jobs/s=605 drains=153932 evl=0ms
[2026-06-04 10:12:49.382] [info] [Worker 7] [libqueen] push(q=5 f=0/24 p99rtt=28ms) pop(q=0 f=0/16 p99rtt=4ms) custom(q=0 f=0/1 p99rtt=3ms) slots=25/25 jobs/s=594 drains=154603 evl=0ms
[2026-06-04 10:12:49.396] [info] [Worker 5] [libqueen] push(q=5 f=0/24 p99rtt=29ms) pop(q=0 f=0/16 p99rtt=5ms) custom(q=0 f=0/1 p99rtt=4ms) slots=25/25 jobs/s=588 drains=153613 evl=0ms
[2026-06-04 10:12:49.414] [info] [Worker 0] [libqueen] push(q=5 f=0/24 p99rtt=31ms) pop(q=0 f=0/16 p99rtt=7ms) custom(q=0 f=0/1 p99rtt=4ms) slots=25/25 jobs/s=600 drains=153873 evl=0ms
[2026-06-04 10:12:49.417] [info] [Worker 6] [libqueen] push(q=5 f=0/24 p99rtt=27ms) pop(q=0 f=0/16 p99rtt=5ms) custom(q=0 f=0/1 p99rtt=4ms) slots=25/25 jobs/s=594 drains=153924 evl=0ms
[2026-06-04 10:12:49.419] [info] [Worker 9] [libqueen] push(q=0 f=1/24 p99rtt=28ms) pop(q=0 f=0/16 p99rtt=5ms) custom(q=0 f=0/1 p99rtt=3ms) slots=24/25 jobs/s=600 drains=153876 evl=0ms
[2026-06-04 10:12:49.421] [info] [Worker 1] [libqueen] push(q=0 f=0/24 p99rtt=28ms) pop(q=0 f=0/16 p99rtt=5ms) custom(q=0 f=1/1 p99rtt=3ms) slots=24/25 jobs/s=605 drains=155111 evl=0ms
[2026-06-04 10:12:49.428] [info] [Worker 2] [libqueen] push(q=5 f=0/24 p99rtt=29ms) pop(q=0 f=0/16 p99rtt=3ms) custom(q=0 f=0/1 p99rtt=2ms) slots=25/25 jobs/s=599 drains=152960 evl=0ms
[2026-06-04 10:12:49.447] [info] [Worker 4] [libqueen] push(q=5 f=0/24 p99rtt=30ms) pop(q=0 f=0/16 p99rtt=4ms) custom(q=0 f=0/1 p99rtt=4ms) slots=25/25 jobs/s=588 drains=153347 evl=0ms
[2026-06-04 10:12:49.458] [info] [Worker 3] [libqueen] push(q=3 f=0/24 p99rtt=27ms) pop(q=0 f=0/16 p99rtt=4ms) custom(q=0 f=0/1 p99rtt=4ms) slots=25/25 jobs/s=582 drains=153890 evl=0ms
[2026-06-04 10:12:49.462] [info] [Worker 8] [libqueen] push(q=4 f=0/24 p99rtt=28ms) pop(q=0 f=0/16 p99rtt=4ms) custom(q=0 f=0/1 p99rtt=3ms) slots=25/25 jobs/s=596 drains=154744 evl=0ms
[2026-06-04 10:12:50.383] [info] [Worker 7] [libqueen] push(q=0 f=1/24 p99rtt=27ms) pop(q=0 f=0/16 p99rtt=4ms) custom(q=0 f=0/1 p99rtt=3ms) slots=24/25 jobs/s=600 drains=155422 evl=0ms
[2026-06-04 10:12:50.396] [info] [Worker 5] [libqueen] push(q=0 f=0/24 p99rtt=29ms) pop(q=0 f=0/16 p99rtt=5ms) custom(q=0 f=1/1 p99rtt=4ms) slots=24/25 jobs/s=586 drains=154419 evl=0ms
[2026-06-04 10:12:50.414] [info] [Worker 0] [libqueen] push(q=5 f=0/24 p99rtt=31ms) pop(q=0 f=0/16 p99rtt=7ms) custom(q=0 f=0/1 p99rtt=4ms) slots=25/25 jobs/s=581 drains=154685 evl=0ms
[2026-06-04 10:12:50.417] [info] [Worker 6] [libqueen] push(q=5 f=0/24 p99rtt=26ms) pop(q=0 f=0/16 p99rtt=5ms) custom(q=0 f=0/1 p99rtt=4ms) slots=25/25 jobs/s=599 drains=154755 evl=0ms
[2026-06-04 10:12:50.420] [info] [Worker 9] [libqueen] push(q=5 f=0/24 p99rtt=28ms) pop(q=0 f=0/16 p99rtt=5ms) custom(q=0 f=0/1 p99rtt=5ms) slots=25/25 jobs/s=594 drains=154701 evl=0ms
[2026-06-04 10:12:50.420] [info] [Worker 1] [libqueen] push(q=2 f=0/24 p99rtt=28ms) pop(q=0 f=0/16 p99rtt=5ms) custom(q=0 f=0/1 p99rtt=3ms) slots=25/25 jobs/s=595 drains=155934 evl=0ms
[2026-06-04 10:12:50.428] [info] [Worker 2] [libqueen] push(q=5 f=0/24 p99rtt=27ms) pop(q=0 f=0/16 p99rtt=3ms) custom(q=0 f=0/1 p99rtt=2ms) slots=25/25 jobs/s=587 drains=153765 evl=0ms
[2026-06-04 10:12:50.446] [info] [Worker 4] [libqueen] push(q=0 f=0/24 p99rtt=28ms) pop(q=0 f=0/16 p99rtt=4ms) custom(q=0 f=0/1 p99rtt=4ms) slots=25/25 jobs/s=582 drains=154154 evl=0ms
[2026-06-04 10:12:50.457] [info] [Worker 3] [libqueen] push(q=3 f=0/24 p99rtt=27ms) pop(q=0 f=0/16 p99rtt=4ms) custom(q=0 f=0/1 p99rtt=4ms) slots=25/25 jobs/s=611 drains=154694 evl=0ms
[2026-06-04 10:12:50.462] [info] [Worker 8] [libqueen] push(q=0 f=0/24 p99rtt=28ms) pop(q=0 f=0/16 p99rtt=4ms) custom(q=0 f=1/1 p99rtt=3ms) slots=24/25 jobs/s=581 drains=155541 evl=0ms
[2026-06-04 10:12:51.383] [info] [Worker 7] [libqueen] push(q=0 f=1/24 p99rtt=27ms) pop(q=0 f=0/16 p99rtt=4ms) custom(q=0 f=0/1 p99rtt=2ms) slots=24/25 jobs/s=606 drains=156247 evl=0ms
[2026-06-04 10:12:51.397] [info] [Worker 5] [libqueen] push(q=5 f=0/24 p99rtt=28ms) pop(q=0 f=0/16 p99rtt=5ms) custom(q=0 f=0/1 p99rtt=2ms) slots=25/25 jobs/s=589 drains=155217 evl=0ms
[2026-06-04 10:12:51.413] [info] [Worker 0] [libqueen] push(q=2 f=0/24 p99rtt=28ms) pop(q=0 f=0/16 p99rtt=7ms) custom(q=0 f=0/1 p99rtt=4ms) slots=25/25 jobs/s=600 drains=155505 evl=0ms
[2026-06-04 10:12:51.418] [info] [Worker 6] [libqueen] push(q=5 f=0/24 p99rtt=26ms) pop(q=0 f=0/16 p99rtt=5ms) custom(q=0 f=0/1 p99rtt=2ms) slots=25/25 jobs/s=588 drains=155537 evl=0ms
[2026-06-04 10:12:51.419] [info] [Worker 9] [libqueen] push(q=5 f=0/24 p99rtt=27ms) pop(q=0 f=0/16 p99rtt=5ms) custom(q=0 f=0/1 p99rtt=3ms) slots=25/25 jobs/s=588 drains=155510 evl=0ms
[2026-06-04 10:12:51.421] [info] [Worker 1] [libqueen] push(q=0 f=1/24 p99rtt=28ms) pop(q=0 f=0/16 p99rtt=5ms) custom(q=0 f=0/1 p99rtt=2ms) slots=24/25 jobs/s=588 drains=156737 evl=0ms
[2026-06-04 10:12:51.428] [info] [Worker 2] [libqueen] push(q=5 f=0/24 p99rtt=26ms) pop(q=0 f=0/16 p99rtt=3ms) custom(q=0 f=0/1 p99rtt=2ms) slots=25/25 jobs/s=588 drains=154571 evl=0ms
[2026-06-04 10:12:51.447] [info] [Worker 4] [libqueen] push(q=5 f=0/24 p99rtt=27ms) pop(q=0 f=0/16 p99rtt=4ms) custom(q=0 f=0/1 p99rtt=4ms) slots=25/25 jobs/s=594 drains=154982 evl=0ms
[2026-06-04 10:12:51.457] [info] [Worker 3] [libqueen] push(q=5 f=0/24 p99rtt=27ms) pop(q=0 f=0/16 p99rtt=4ms) custom(q=0 f=0/1 p99rtt=4ms) slots=25/25 jobs/s=588 drains=155504 evl=0ms
[2026-06-04 10:12:51.462] [info] [Worker 8] [libqueen] push(q=5 f=0/24 p99rtt=28ms) pop(q=0 f=0/16 p99rtt=4ms) custom(q=0 f=0/1 p99rtt=2ms) slots=25/25 jobs/s=589 drains=156349 evl=0ms
[2026-06-04 10:12:52.383] [info] [Worker 7] [libqueen] push(q=5 f=0/24 p99rtt=24ms) pop(q=0 f=0/16 p99rtt=4ms) custom(q=0 f=0/1 p99rtt=1ms) slots=25/25 jobs/s=588 drains=157066 evl=0ms
[2026-06-04 10:12:52.397] [info] [Worker 5] [libqueen] push(q=0 f=1/24 p99rtt=24ms) pop(q=0 f=0/16 p99rtt=5ms) custom(q=0 f=0/1 p99rtt=1ms) slots=24/25 jobs/s=588 drains=156052 evl=0ms
[2026-06-04 10:12:52.414] [info] [Worker 0] [libqueen] push(q=0 f=1/24 p99rtt=24ms) pop(q=0 f=0/16 p99rtt=7ms) custom(q=0 f=0/1 p99rtt=1ms) slots=24/25 jobs/s=588 drains=156329 evl=0ms
[2026-06-04 10:12:52.417] [info] [Worker 6] [libqueen] push(q=0 f=1/24 p99rtt=25ms) pop(q=0 f=0/16 p99rtt=5ms) custom(q=0 f=0/1 p99rtt=1ms) slots=24/25 jobs/s=600 drains=156371 evl=0ms
[2026-06-04 10:12:52.420] [info] [Worker 9] [libqueen] push(q=0 f=1/24 p99rtt=22ms) pop(q=0 f=0/16 p99rtt=5ms) custom(q=0 f=0/1 p99rtt=1ms) slots=24/25 jobs/s=588 drains=156308 evl=0ms
[2026-06-04 10:12:52.422] [info] [Worker 1] [libqueen] push(q=0 f=1/24 p99rtt=21ms) pop(q=0 f=0/16 p99rtt=5ms) custom(q=0 f=0/1 p99rtt=1ms) slots=24/25 jobs/s=594 drains=157569 evl=0ms
[2026-06-04 10:12:52.428] [info] [Worker 2] [libqueen] push(q=0 f=1/24 p99rtt=23ms) pop(q=0 f=0/16 p99rtt=3ms) custom(q=0 f=0/1 p99rtt=1ms) slots=24/25 jobs/s=594 drains=155392 evl=0ms
[2026-06-04 10:12:52.447] [info] [Worker 4] [libqueen] push(q=5 f=0/24 p99rtt=24ms) pop(q=0 f=0/16 p99rtt=4ms) custom(q=0 f=0/1 p99rtt=2ms) slots=25/25 jobs/s=582 drains=155787 evl=0ms
[2026-06-04 10:12:52.457] [info] [Worker 3] [libqueen] push(q=5 f=0/24 p99rtt=24ms) pop(q=0 f=0/16 p99rtt=4ms) custom(q=0 f=0/1 p99rtt=2ms) slots=25/25 jobs/s=600 drains=156303 evl=0ms
[2026-06-04 10:12:52.463] [info] [Worker 8] [libqueen] push(q=0 f=1/24 p99rtt=25ms) pop(q=0 f=0/16 p99rtt=4ms) custom(q=0 f=0/1 p99rtt=1ms) slots=24/25 jobs/s=576 drains=157150 evl=0ms
[2026-06-04 10:12:52.765] [info] StatsService: cycle completed in 52ms
[2026-06-04 10:12:53.383] [info] [Worker 7] [libqueen] push(q=5 f=0/24 p99rtt=24ms) pop(q=0 f=0/16 p99rtt=4ms) custom(q=0 f=0/1 p99rtt=1ms) slots=25/25 jobs/s=582 drains=157859 evl=0ms
[2026-06-04 10:12:53.398] [info] [Worker 5] [libqueen] push(q=5 f=0/24 p99rtt=24ms) pop(q=0 f=0/16 p99rtt=5ms) custom(q=0 f=0/1 p99rtt=1ms) slots=25/25 jobs/s=588 drains=156862 evl=0ms
[2026-06-04 10:12:53.413] [info] [Worker 0] [libqueen] push(q=0 f=0/24 p99rtt=24ms) pop(q=0 f=0/16 p99rtt=7ms) custom(q=0 f=0/1 p99rtt=1ms) slots=25/25 jobs/s=570 drains=157112 evl=0ms
[2026-06-04 10:12:53.418] [info] [Worker 6] [libqueen] push(q=5 f=0/24 p99rtt=25ms) pop(q=0 f=0/16 p99rtt=5ms) custom(q=0 f=0/1 p99rtt=1ms) slots=25/25 jobs/s=582 drains=157180 evl=0ms
[2026-06-04 10:12:53.419] [info] [Worker 9] [libqueen] push(q=5 f=0/24 p99rtt=21ms) pop(q=0 f=0/16 p99rtt=5ms) custom(q=0 f=0/1 p99rtt=2ms) slots=25/25 jobs/s=588 drains=157119 evl=0ms
[2026-06-04 10:12:53.422] [info] [Worker 1] [libqueen] push(q=0 f=1/24 p99rtt=22ms) pop(q=0 f=0/16 p99rtt=5ms) custom(q=0 f=0/1 p99rtt=1ms) slots=24/25 jobs/s=576 drains=158376 evl=0ms
[2026-06-04 10:12:53.428] [info] [Worker 2] [libqueen] push(q=5 f=0/24 p99rtt=21ms) pop(q=0 f=0/16 p99rtt=3ms) custom(q=0 f=0/1 p99rtt=1ms) slots=25/25 jobs/s=582 drains=156197 evl=0ms
[2026-06-04 10:12:53.447] [info] [Worker 4] [libqueen] push(q=5 f=0/24 p99rtt=23ms) pop(q=0 f=0/16 p99rtt=4ms) custom(q=0 f=1/1 p99rtt=1ms) slots=24/25 jobs/s=587 drains=156604 evl=0ms
[2026-06-04 10:12:53.458] [info] [Worker 3] [libqueen] push(q=5 f=0/24 p99rtt=22ms) pop(q=0 f=0/16 p99rtt=4ms) custom(q=0 f=0/1 p99rtt=2ms) slots=25/25 jobs/s=594 drains=157103 evl=0ms
[2026-06-04 10:12:53.463] [info] [Worker 8] [libqueen] push(q=5 f=0/24 p99rtt=24ms) pop(q=0 f=0/16 p99rtt=4ms) custom(q=0 f=0/1 p99rtt=1ms) slots=25/25 jobs/s=600 drains=157970 evl=0ms
[2026-06-04 10:12:53.944] [info] PartitionLookupReconcileService: fixed 33 partition_lookup rows (stats leader, hostname=a4dbf4b4cbaf)
[2026-06-04 10:12:54.383] [info] [Worker 7] [libqueen] push(q=5 f=0/24 p99rtt=24ms) pop(q=0 f=0/16 p99rtt=4ms) custom(q=0 f=0/1 p99rtt=2ms) slots=25/25 jobs/s=504 drains=158529 evl=0ms
[2026-06-04 10:12:54.397] [info] [Worker 5] [libqueen] push(q=0 f=1/24 p99rtt=24ms) pop(q=0 f=0/16 p99rtt=5ms) custom(q=0 f=0/1 p99rtt=1ms) slots=24/25 jobs/s=504 drains=157559 evl=0ms
[2026-06-04 10:12:54.414] [info] [Worker 0] [libqueen] push(q=2 f=0/24 p99rtt=26ms) pop(q=0 f=0/16 p99rtt=7ms) custom(q=0 f=0/1 p99rtt=2ms) slots=25/25 jobs/s=522 drains=157766 evl=0ms
[2026-06-04 10:12:54.418] [info] [Worker 6] [libqueen] push(q=5 f=0/24 p99rtt=25ms) pop(q=0 f=0/16 p99rtt=5ms) custom(q=0 f=0/1 p99rtt=1ms) slots=25/25 jobs/s=516 drains=157894 evl=0ms
[2026-06-04 10:12:54.420] [info] [Worker 9] [libqueen] push(q=5 f=0/24 p99rtt=21ms) pop(q=0 f=0/16 p99rtt=5ms) custom(q=0 f=0/1 p99rtt=2ms) slots=25/25 jobs/s=510 drains=157819 evl=0ms
[2026-06-04 10:12:54.422] [info] [Worker 1] [libqueen] push(q=5 f=0/24 p99rtt=23ms) pop(q=0 f=0/16 p99rtt=5ms) custom(q=0 f=0/1 p99rtt=1ms) slots=25/25 jobs/s=516 drains=159065 evl=0ms
[2026-06-04 10:12:54.428] [info] [Worker 2] [libqueen] push(q=5 f=0/24 p99rtt=21ms) pop(q=0 f=0/16 p99rtt=3ms) custom(q=0 f=0/1 p99rtt=1ms) slots=25/25 jobs/s=528 drains=156919 evl=0ms
[2026-06-04 10:12:54.447] [info] [Worker 4] [libqueen] push(q=5 f=0/24 p99rtt=23ms) pop(q=0 f=0/16 p99rtt=4ms) custom(q=0 f=0/1 p99rtt=1ms) slots=25/25 jobs/s=529 drains=157331 evl=0ms
[2026-06-04 10:12:54.458] [info] [Worker 3] [libqueen] push(q=5 f=0/24 p99rtt=24ms) pop(q=0 f=0/16 p99rtt=4ms) custom(q=0 f=0/1 p99rtt=2ms) slots=25/25 jobs/s=528 drains=157829 evl=0ms
[2026-06-04 10:12:54.463] [info] [Worker 8] [libqueen] push(q=5 f=0/24 p99rtt=25ms) pop(q=0 f=0/16 p99rtt=4ms) custom(q=0 f=0/1 p99rtt=2ms) slots=25/25 jobs/s=540 drains=158702 evl=0ms
[2026-06-04 10:12:55.383] [info] [Worker 7] [libqueen] push(q=5 f=0/24 p99rtt=23ms) pop(q=0 f=0/16 p99rtt=4ms) custom(q=0 f=0/1 p99rtt=2ms) slots=25/25 jobs/s=606 drains=159359 evl=0ms
[2026-06-04 10:12:55.398] [info] [Worker 5] [libqueen] push(q=5 f=0/24 p99rtt=22ms) pop(q=0 f=0/16 p99rtt=5ms) custom(q=0 f=0/1 p99rtt=1ms) slots=25/25 jobs/s=600 drains=158393 evl=0ms
[2026-06-04 10:12:55.414] [info] [Worker 0] [libqueen] push(q=0 f=1/24 p99rtt=25ms) pop(q=0 f=0/16 p99rtt=7ms) custom(q=0 f=0/1 p99rtt=2ms) slots=24/25 jobs/s=594 drains=158592 evl=1ms
[2026-06-04 10:12:55.418] [info] [Worker 6] [libqueen] push(q=5 f=0/24 p99rtt=25ms) pop(q=0 f=0/16 p99rtt=5ms) custom(q=0 f=0/1 p99rtt=1ms) slots=25/25 jobs/s=600 drains=158713 evl=0ms
[2026-06-04 10:12:55.420] [info] [Worker 9] [libqueen] push(q=5 f=0/24 p99rtt=21ms) pop(q=0 f=0/16 p99rtt=5ms) custom(q=0 f=0/1 p99rtt=2ms) slots=25/25 jobs/s=612 drains=158677 evl=0ms
[2026-06-04 10:12:55.422] [info] [Worker 1] [libqueen] push(q=0 f=1/24 p99rtt=22ms) pop(q=0 f=0/16 p99rtt=5ms) custom(q=0 f=0/1 p99rtt=2ms) slots=24/25 jobs/s=606 drains=159890 evl=0ms
[2026-06-04 10:12:55.427] [info] [Worker 2] [libqueen] push(q=5 f=0/24 p99rtt=21ms) pop(q=0 f=0/16 p99rtt=3ms) custom(q=0 f=0/1 p99rtt=1ms) slots=25/25 jobs/s=600 drains=157743 evl=0ms
[2026-06-04 10:12:55.447] [info] [Worker 4] [libqueen] push(q=0 f=0/24 p99rtt=23ms) pop(q=0 f=0/16 p99rtt=4ms) custom(q=0 f=1/1 p99rtt=1ms) slots=24/25 jobs/s=611 drains=158181 evl=0ms
[2026-06-04 10:12:55.458] [info] [Worker 3] [libqueen] push(q=0 f=1/24 p99rtt=24ms) pop(q=0 f=0/16 p99rtt=4ms) custom(q=0 f=0/1 p99rtt=2ms) slots=24/25 jobs/s=606 drains=158664 evl=0ms
[2026-06-04 10:12:55.463] [info] [Worker 8] [libqueen] push(q=5 f=0/24 p99rtt=25ms) pop(q=0 f=0/16 p99rtt=4ms) custom(q=0 f=0/1 p99rtt=2ms) slots=25/25 jobs/s=612 drains=159539 evl=0ms
[2026-06-04 10:12:56.382] [info] [Worker 7] [libqueen] push(q=4 f=0/24 p99rtt=24ms) pop(q=0 f=0/16 p99rtt=4ms) custom(q=0 f=0/1 p99rtt=2ms) slots=25/25 jobs/s=510 drains=160054 evl=0ms
[2026-06-04 10:12:56.398] [info] [Worker 5] [libqueen] push(q=5 f=0/24 p99rtt=23ms) pop(q=0 f=0/16 p99rtt=5ms) custom(q=0 f=0/1 p99rtt=2ms) slots=25/25 jobs/s=504 drains=159095 evl=0ms
[2026-06-04 10:12:56.414] [info] [Worker 0] [libqueen] push(q=5 f=0/24 p99rtt=26ms) pop(q=0 f=0/16 p99rtt=7ms) custom(q=0 f=0/1 p99rtt=2ms) slots=25/25 jobs/s=504 drains=159305 evl=1ms
[2026-06-04 10:12:56.418] [info] [Worker 6] [libqueen] push(q=0 f=1/24 p99rtt=25ms) pop(q=0 f=0/16 p99rtt=5ms) custom(q=0 f=0/1 p99rtt=2ms) slots=24/25 jobs/s=516 drains=159434 evl=0ms
[2026-06-04 10:12:56.420] [info] [Worker 9] [libqueen] push(q=5 f=0/24 p99rtt=22ms) pop(q=0 f=0/16 p99rtt=5ms) custom(q=0 f=0/1 p99rtt=2ms) slots=25/25 jobs/s=498 drains=159369 evl=0ms
[2026-06-04 10:12:56.423] [info] [Worker 1] [libqueen] push(q=0 f=1/24 p99rtt=23ms) pop(q=0 f=0/16 p99rtt=5ms) custom(q=0 f=0/1 p99rtt=3ms) slots=24/25 jobs/s=510 drains=160597 evl=0ms
[2026-06-04 10:12:56.428] [info] [Worker 2] [libqueen] push(q=0 f=1/24 p99rtt=21ms) pop(q=0 f=0/16 p99rtt=3ms) custom(q=0 f=0/1 p99rtt=2ms) slots=24/25 jobs/s=510 drains=158447 evl=0ms
[2026-06-04 10:12:56.446] [info] [Worker 4] [libqueen] push(q=5 f=0/24 p99rtt=24ms) pop(q=0 f=0/16 p99rtt=4ms) custom(q=0 f=0/1 p99rtt=2ms) slots=25/25 jobs/s=487 drains=158871 evl=0ms
[2026-06-04 10:12:56.458] [info] [Worker 3] [libqueen] push(q=5 f=0/24 p99rtt=24ms) pop(q=0 f=0/16 p99rtt=4ms) custom(q=0 f=0/1 p99rtt=2ms) slots=25/25 jobs/s=510 drains=159363 evl=0ms
[2026-06-04 10:12:56.462] [info] [Worker 8] [libqueen] push(q=0 f=1/24 p99rtt=25ms) pop(q=0 f=0/16 p99rtt=4ms) custom(q=0 f=0/1 p99rtt=2ms) slots=24/25 jobs/s=498 drains=160229 evl=0ms
[2026-06-04 10:12:57.383] [info] [Worker 7] [libqueen] push(q=0 f=1/24 p99rtt=24ms) pop(q=0 f=0/16 p99rtt=4ms) custom(q=0 f=0/1 p99rtt=3ms) slots=24/25 jobs/s=504 drains=160743 evl=0ms
[2026-06-04 10:12:57.397] [info] [Worker 5] [libqueen] push(q=1 f=0/24 p99rtt=24ms) pop(q=0 f=0/16 p99rtt=5ms) custom(q=0 f=0/1 p99rtt=2ms) slots=25/25 jobs/s=492 drains=159784 evl=0ms
[2026-06-04 10:12:57.414] [info] [Worker 0] [libqueen] push(q=5 f=0/24 p99rtt=26ms) pop(q=0 f=0/16 p99rtt=7ms) custom(q=0 f=0/1 p99rtt=3ms) slots=25/25 jobs/s=504 drains=159995 evl=0ms
[2026-06-04 10:12:57.418] [info] [Worker 6] [libqueen] push(q=0 f=1/24 p99rtt=25ms) pop(q=0 f=0/16 p99rtt=5ms) custom(q=0 f=0/1 p99rtt=2ms) slots=24/25 jobs/s=504 drains=160144 evl=0ms
[2026-06-04 10:12:57.420] [info] [Worker 9] [libqueen] push(q=0 f=1/24 p99rtt=22ms) pop(q=0 f=0/16 p99rtt=5ms) custom(q=0 f=0/1 p99rtt=3ms) slots=24/25 jobs/s=504 drains=160075 evl=0ms
[2026-06-04 10:12:57.423] [info] [Worker 1] [libqueen] push(q=0 f=1/24 p99rtt=24ms) pop(q=0 f=0/16 p99rtt=5ms) custom(q=0 f=0/1 p99rtt=3ms) slots=24/25 jobs/s=498 drains=161297 evl=0ms
[2026-06-04 10:12:57.428] [info] [Worker 2] [libqueen] push(q=0 f=1/24 p99rtt=22ms) pop(q=0 f=0/16 p99rtt=3ms) custom(q=0 f=0/1 p99rtt=2ms) slots=24/25 jobs/s=492 drains=159146 evl=0ms
[2026-06-04 10:12:57.447] [info] [Worker 4] [libqueen] push(q=5 f=0/24 p99rtt=24ms) pop(q=0 f=0/16 p99rtt=4ms) custom(q=0 f=0/1 p99rtt=2ms) slots=25/25 jobs/s=510 drains=159578 evl=0ms
[2026-06-04 10:12:57.458] [info] [Worker 3] [libqueen] push(q=0 f=1/24 p99rtt=24ms) pop(q=0 f=0/16 p99rtt=4ms) custom(q=0 f=0/1 p99rtt=2ms) slots=24/25 jobs/s=492 drains=160037 evl=0ms
[2026-06-04 10:12:57.462] [info] [Worker 8] [libqueen] push(q=4 f=0/24 p99rtt=25ms) pop(q=0 f=0/16 p99rtt=4ms) custom(q=0 f=0/1 p99rtt=3ms) slots=25/25 jobs/s=492 drains=160922 evl=0ms
[2026-06-04 10:12:58.383] [info] [Worker 7] [libqueen] push(q=0 f=1/24 p99rtt=25ms) pop(q=0 f=0/16 p99rtt=4ms) custom(q=0 f=0/1 p99rtt=3ms) slots=24/25 jobs/s=486 drains=161417 evl=0ms
[2026-06-04 10:12:58.398] [info] [Worker 5] [libqueen] push(q=5 f=0/24 p99rtt=25ms) pop(q=0 f=0/16 p99rtt=5ms) custom(q=0 f=0/1 p99rtt=3ms) slots=25/25 jobs/s=498 drains=160483 evl=0ms
[2026-06-04 10:12:58.413] [info] [Worker 0] [libqueen] push(q=5 f=0/24 p99rtt=26ms) pop(q=0 f=0/16 p99rtt=7ms) custom(q=0 f=0/1 p99rtt=3ms) slots=25/25 jobs/s=498 drains=160690 evl=0ms
[2026-06-04 10:12:58.419] [info] [Worker 6] [libqueen] push(q=0 f=1/24 p99rtt=25ms) pop(q=0 f=0/16 p99rtt=5ms) custom(q=0 f=0/1 p99rtt=2ms) slots=24/25 jobs/s=498 drains=160840 evl=0ms
[2026-06-04 10:12:58.421] [info] [Worker 9] [libqueen] push(q=0 f=1/24 p99rtt=22ms) pop(q=0 f=0/16 p99rtt=5ms) custom(q=0 f=0/1 p99rtt=3ms) slots=24/25 jobs/s=492 drains=160766 evl=0ms
[2026-06-04 10:12:58.422] [info] [Worker 1] [libqueen] push(q=0 f=0/24 p99rtt=24ms) pop(q=0 f=0/16 p99rtt=5ms) custom(q=0 f=1/1 p99rtt=3ms) slots=24/25 jobs/s=491 drains=161996 evl=0ms
[2026-06-04 10:12:58.427] [info] [Worker 2] [libqueen] push(q=0 f=1/24 p99rtt=22ms) pop(q=0 f=0/16 p99rtt=3ms) custom(q=0 f=0/1 p99rtt=3ms) slots=24/25 jobs/s=504 drains=159850 evl=0ms
[2026-06-04 10:12:58.447] [info] [Worker 4] [libqueen] push(q=5 f=0/24 p99rtt=25ms) pop(q=0 f=0/16 p99rtt=4ms) custom(q=0 f=0/1 p99rtt=3ms) slots=25/25 jobs/s=504 drains=160267 evl=0ms
[2026-06-04 10:12:58.458] [info] [Worker 3] [libqueen] push(q=0 f=0/24 p99rtt=24ms) pop(q=0 f=0/16 p99rtt=4ms) custom(q=0 f=0/1 p99rtt=2ms) slots=25/25 jobs/s=504 drains=160739 evl=0ms
[2026-06-04 10:12:58.463] [info] [Worker 8] [libqueen] push(q=0 f=1/24 p99rtt=25ms) pop(q=0 f=0/16 p99rtt=4ms) custom(q=0 f=0/1 p99rtt=3ms) slots=24/25 jobs/s=498 drains=161610 evl=0ms
[2026-06-04 10:12:59.383] [info] [Worker 7] [libqueen] push(q=0 f=1/24 p99rtt=27ms) pop(q=0 f=0/16 p99rtt=4ms) custom(q=0 f=0/1 p99rtt=3ms) slots=24/25 jobs/s=480 drains=162085 evl=0ms
[2026-06-04 10:12:59.398] [info] [Worker 5] [libqueen] push(q=0 f=1/24 p99rtt=27ms) pop(q=0 f=0/16 p99rtt=5ms) custom(q=0 f=0/1 p99rtt=3ms) slots=24/25 jobs/s=462 drains=161135 evl=0ms
[2026-06-04 10:12:59.414] [info] [Worker 0] [libqueen] push(q=0 f=1/24 p99rtt=28ms) pop(q=0 f=0/16 p99rtt=7ms) custom(q=0 f=0/1 p99rtt=3ms) slots=24/25 jobs/s=456 drains=161340 evl=0ms
[2026-06-04 10:12:59.418] [info] [Worker 6] [libqueen] push(q=5 f=0/24 p99rtt=25ms) pop(q=0 f=0/16 p99rtt=5ms) custom(q=0 f=0/1 p99rtt=2ms) slots=25/25 jobs/s=474 drains=161491 evl=0ms
[2026-06-04 10:12:59.421] [info] [Worker 9] [libqueen] push(q=5 f=0/24 p99rtt=22ms) pop(q=0 f=0/16 p99rtt=5ms) custom(q=0 f=0/1 p99rtt=3ms) slots=25/25 jobs/s=456 drains=161409 evl=0ms
[2026-06-04 10:12:59.423] [info] [Worker 1] [libqueen] push(q=5 f=0/24 p99rtt=26ms) pop(q=0 f=0/16 p99rtt=5ms) custom(q=0 f=0/1 p99rtt=4ms) slots=25/25 jobs/s=463 drains=162658 evl=0ms
[2026-06-04 10:12:59.427] [info] [Worker 2] [libqueen] push(q=2 f=0/24 p99rtt=26ms) pop(q=0 f=0/16 p99rtt=3ms) custom(q=0 f=1/1 p99rtt=3ms) slots=24/25 jobs/s=467 drains=160495 evl=0ms
[2026-06-04 10:12:59.447] [info] [Worker 4] [libqueen] push(q=0 f=1/24 p99rtt=25ms) pop(q=0 f=0/16 p99rtt=4ms) custom(q=0 f=0/1 p99rtt=3ms) slots=24/25 jobs/s=474 drains=160917 evl=0ms
[2026-06-04 10:12:59.458] [info] [Worker 3] [libqueen] push(q=0 f=1/24 p99rtt=25ms) pop(q=0 f=0/16 p99rtt=4ms) custom(q=0 f=0/1 p99rtt=3ms) slots=24/25 jobs/s=462 drains=161397 evl=0ms
[2026-06-04 10:12:59.463] [info] [Worker 8] [libqueen] push(q=5 f=0/24 p99rtt=27ms) pop(q=0 f=0/16 p99rtt=4ms) custom(q=0 f=0/1 p99rtt=4ms) slots=25/25 jobs/s=468 drains=162267 evl=0ms
[2026-06-04 10:12:59.931] [info] PartitionLookupReconcileService: fixed 6 partition_lookup rows (stats leader, hostname=a4dbf4b4cbaf)
[2026-06-04 10:13:00.383] [info] [Worker 7] [libqueen] push(q=0 f=1/24 p99rtt=28ms) pop(q=0 f=0/16 p99rtt=4ms) custom(q=3 f=0/1 p99rtt=3ms) slots=24/25 jobs/s=552 drains=162847 evl=0ms
[2026-06-04 10:13:00.398] [info] [Worker 5] [libqueen] push(q=0 f=0/24 p99rtt=28ms) pop(q=0 f=0/16 p99rtt=5ms) custom(q=3 f=0/1 p99rtt=3ms) slots=25/25 jobs/s=540 drains=161871 evl=0ms
[2026-06-04 10:13:00.414] [info] [Worker 0] [libqueen] push(q=5 f=0/24 p99rtt=28ms) pop(q=0 f=0/16 p99rtt=7ms) custom(q=3 f=0/1 p99rtt=3ms) slots=25/25 jobs/s=558 drains=162098 evl=0ms
[2026-06-04 10:13:00.419] [info] [Worker 6] [libqueen] push(q=0 f=1/24 p99rtt=25ms) pop(q=0 f=0/16 p99rtt=5ms) custom(q=3 f=0/1 p99rtt=3ms) slots=24/25 jobs/s=534 drains=162242 evl=0ms
[2026-06-04 10:13:00.421] [info] [Worker 9] [libqueen] push(q=0 f=1/24 p99rtt=28ms) pop(q=0 f=0/16 p99rtt=5ms) custom(q=3 f=0/1 p99rtt=4ms) slots=24/25 jobs/s=546 drains=162143 evl=0ms
[2026-06-04 10:13:00.423] [info] [Worker 1] [libqueen] push(q=0 f=0/24 p99rtt=28ms) pop(q=0 f=0/16 p99rtt=5ms) custom(q=3 f=0/1 p99rtt=4ms) slots=25/25 jobs/s=549 drains=163401 evl=0ms
[2026-06-04 10:13:00.427] [info] [Worker 2] [libqueen] push(q=5 f=0/24 p99rtt=27ms) pop(q=0 f=0/16 p99rtt=3ms) custom(q=3 f=0/1 p99rtt=4ms) slots=25/25 jobs/s=535 drains=161220 evl=0ms
[2026-06-04 10:13:00.448] [info] [Worker 4] [libqueen] push(q=5 f=0/24 p99rtt=27ms) pop(q=0 f=0/16 p99rtt=4ms) custom(q=3 f=0/1 p99rtt=3ms) slots=25/25 jobs/s=539 drains=161641 evl=0ms
[2026-06-04 10:13:00.458] [info] [Worker 3] [libqueen] push(q=5 f=0/24 p99rtt=25ms) pop(q=0 f=0/16 p99rtt=4ms) custom(q=3 f=0/1 p99rtt=3ms) slots=25/25 jobs/s=558 drains=162168 evl=0ms
[2026-06-04 10:13:00.463] [info] [Worker 8] [libqueen] push(q=0 f=1/24 p99rtt=29ms) pop(q=0 f=0/16 p99rtt=4ms) custom(q=3 f=0/1 p99rtt=4ms) slots=24/25 jobs/s=564 drains=163038 evl=0ms
[2026-06-04 10:13:01.383] [info] [Worker 7] [libqueen] push(q=5 f=0/24 p99rtt=29ms) pop(q=0 f=0/16 p99rtt=4ms) custom(q=0 f=0/1 p99rtt=4ms) slots=25/25 jobs/s=579 drains=163641 evl=0ms
[2026-06-04 10:13:01.397] [info] [Worker 5] [libqueen] push(q=5 f=0/24 p99rtt=29ms) pop(q=0 f=0/16 p99rtt=5ms) custom(q=0 f=0/1 p99rtt=3ms) slots=25/25 jobs/s=561 drains=162653 evl=0ms
[2026-06-04 10:13:01.414] [info] [Worker 0] [libqueen] push(q=0 f=1/24 p99rtt=30ms) pop(q=0 f=0/16 p99rtt=7ms) custom(q=0 f=0/1 p99rtt=3ms) slots=24/25 jobs/s=567 drains=162867 evl=0ms
[2026-06-04 10:13:01.418] [info] [Worker 6] [libqueen] push(q=0 f=0/24 p99rtt=29ms) pop(q=0 f=0/16 p99rtt=5ms) custom(q=0 f=1/1 p99rtt=3ms) slots=24/25 jobs/s=584 drains=163032 evl=0ms
[2026-06-04 10:13:01.421] [info] [Worker 9] [libqueen] push(q=5 f=0/24 p99rtt=29ms) pop(q=0 f=0/16 p99rtt=5ms) custom(q=0 f=0/1 p99rtt=3ms) slots=25/25 jobs/s=573 drains=162934 evl=0ms
[2026-06-04 10:13:01.423] [info] [Worker 1] [libqueen] push(q=0 f=1/24 p99rtt=29ms) pop(q=0 f=0/16 p99rtt=5ms) custom(q=0 f=0/1 p99rtt=4ms) slots=24/25 jobs/s=585 drains=164223 evl=0ms
[2026-06-04 10:13:01.428] [info] [Worker 2] [libqueen] push(q=5 f=0/24 p99rtt=28ms) pop(q=0 f=0/16 p99rtt=3ms) custom(q=0 f=0/1 p99rtt=3ms) slots=25/25 jobs/s=573 drains=162013 evl=0ms
[2026-06-04 10:13:01.447] [info] [Worker 4] [libqueen] push(q=0 f=0/24 p99rtt=29ms) pop(q=0 f=0/16 p99rtt=4ms) custom(q=0 f=1/1 p99rtt=4ms) slots=24/25 jobs/s=572 drains=162431 evl=0ms
[2026-06-04 10:13:01.458] [info] [Worker 3] [libqueen] push(q=0 f=0/24 p99rtt=27ms) pop(q=0 f=0/16 p99rtt=4ms) custom(q=0 f=1/1 p99rtt=3ms) slots=24/25 jobs/s=578 drains=162957 evl=0ms
[2026-06-04 10:13:01.463] [info] [Worker 8] [libqueen] push(q=5 f=0/24 p99rtt=29ms) pop(q=0 f=0/16 p99rtt=4ms) custom(q=0 f=0/1 p99rtt=4ms) slots=25/25 jobs/s=567 drains=163823 evl=0ms
[2026-06-04 10:13:02.383] [info] [Worker 7] [libqueen] push(q=0 f=1/24 p99rtt=29ms) pop(q=0 f=0/16 p99rtt=4ms) custom(q=0 f=0/1 p99rtt=4ms) slots=24/25 jobs/s=576 drains=164440 evl=0ms
[2026-06-04 10:13:02.397] [info] [Worker 5] [libqueen] push(q=5 f=0/24 p99rtt=29ms) pop(q=0 f=0/16 p99rtt=5ms) custom(q=0 f=0/1 p99rtt=3ms) slots=25/25 jobs/s=570 drains=163439 evl=0ms
[2026-06-04 10:13:02.413] [info] [Worker 0] [libqueen] push(q=5 f=0/24 p99rtt=30ms) pop(q=0 f=0/16 p99rtt=7ms) custom(q=0 f=0/1 p99rtt=4ms) slots=25/25 jobs/s=570 drains=163632 evl=0ms
[2026-06-04 10:13:02.419] [info] [Worker 6] [libqueen] push(q=0 f=0/24 p99rtt=29ms) pop(q=0 f=0/16 p99rtt=5ms) custom(q=0 f=1/1 p99rtt=3ms) slots=24/25 jobs/s=564 drains=163804 evl=0ms
[2026-06-04 10:13:02.421] [info] [Worker 9] [libqueen] push(q=5 f=0/24 p99rtt=29ms) pop(q=0 f=0/16 p99rtt=5ms) custom(q=0 f=0/1 p99rtt=3ms) slots=25/25 jobs/s=557 drains=163703 evl=0ms
[2026-06-04 10:13:02.423] [info] [Worker 1] [libqueen] push(q=5 f=0/24 p99rtt=30ms) pop(q=0 f=0/16 p99rtt=5ms) custom(q=0 f=0/1 p99rtt=4ms) slots=25/25 jobs/s=576 drains=165011 evl=0ms
[2026-06-04 10:13:02.429] [info] [Worker 2] [libqueen] push(q=0 f=0/24 p99rtt=29ms) pop(q=0 f=0/16 p99rtt=3ms) custom(q=0 f=0/1 p99rtt=3ms) slots=25/25 jobs/s=552 drains=162795 evl=0ms
[2026-06-04 10:13:02.447] [info] [Worker 4] [libqueen] push(q=0 f=1/24 p99rtt=30ms) pop(q=0 f=0/16 p99rtt=4ms) custom(q=0 f=0/1 p99rtt=4ms) slots=24/25 jobs/s=547 drains=163200 evl=0ms
[2026-06-04 10:13:02.457] [info] [Worker 3] [libqueen] push(q=0 f=1/24 p99rtt=28ms) pop(q=0 f=0/16 p99rtt=4ms) custom(q=0 f=0/1 p99rtt=3ms) slots=24/25 jobs/s=553 drains=163725 evl=0ms
[2026-06-04 10:13:02.463] [info] [Worker 8] [libqueen] push(q=5 f=0/24 p99rtt=29ms) pop(q=0 f=0/16 p99rtt=4ms) custom(q=0 f=0/1 p99rtt=4ms) slots=25/25 jobs/s=564 drains=164592 evl=0ms
[2026-06-04 10:13:03.383] [info] [Worker 7] [libqueen] push(q=0 f=1/24 p99rtt=30ms) pop(q=0 f=0/16 p99rtt=4ms) custom(q=0 f=0/1 p99rtt=4ms) slots=24/25 jobs/s=504 drains=165132 evl=0ms
[2026-06-04 10:13:03.398] [info] [Worker 5] [libqueen] push(q=5 f=0/24 p99rtt=32ms) pop(q=0 f=0/16 p99rtt=5ms) custom(q=0 f=0/1 p99rtt=4ms) slots=25/25 jobs/s=498 drains=164135 evl=0ms
[2026-06-04 10:13:03.414] [info] [Worker 0] [libqueen] push(q=0 f=1/24 p99rtt=32ms) pop(q=0 f=0/16 p99rtt=7ms) custom(q=0 f=0/1 p99rtt=4ms) slots=24/25 jobs/s=504 drains=164311 evl=0ms
[2026-06-04 10:13:03.419] [info] [Worker 6] [libqueen] push(q=5 f=0/24 p99rtt=30ms) pop(q=0 f=0/16 p99rtt=5ms) custom(q=0 f=0/1 p99rtt=3ms) slots=25/25 jobs/s=487 drains=164497 evl=0ms
[2026-06-04 10:13:03.421] [info] [Worker 9] [libqueen] push(q=5 f=0/24 p99rtt=30ms) pop(q=0 f=0/16 p99rtt=5ms) custom(q=0 f=0/1 p99rtt=4ms) slots=25/25 jobs/s=480 drains=164382 evl=0ms
[2026-06-04 10:13:03.423] [info] [Worker 1] [libqueen] push(q=0 f=1/24 p99rtt=31ms) pop(q=0 f=0/16 p99rtt=5ms) custom(q=0 f=0/1 p99rtt=4ms) slots=24/25 jobs/s=510 drains=165704 evl=0ms
[2026-06-04 10:13:03.429] [info] [Worker 2] [libqueen] push(q=5 f=0/24 p99rtt=30ms) pop(q=0 f=0/16 p99rtt=3ms) custom(q=0 f=0/1 p99rtt=4ms) slots=25/25 jobs/s=498 drains=163497 evl=0ms
[2026-06-04 10:13:03.448] [info] [Worker 4] [libqueen] push(q=0 f=1/24 p99rtt=30ms) pop(q=0 f=0/16 p99rtt=4ms) custom(q=0 f=0/1 p99rtt=4ms) slots=24/25 jobs/s=498 drains=163886 evl=0ms
[2026-06-04 10:13:03.457] [info] [Worker 3] [libqueen] push(q=5 f=0/24 p99rtt=30ms) pop(q=0 f=0/16 p99rtt=4ms) custom(q=0 f=0/1 p99rtt=3ms) slots=25/25 jobs/s=498 drains=164404 evl=0ms
[2026-06-04 10:13:03.463] [info] [Worker 8] [libqueen] push(q=5 f=0/24 p99rtt=29ms) pop(q=0 f=0/16 p99rtt=4ms) custom(q=0 f=0/1 p99rtt=4ms) slots=25/25 jobs/s=510 drains=165285 evl=0ms
[2026-06-04 10:13:03.773] [info] StatsService: cycle completed in 59ms
[2026-06-04 10:13:04.384] [info] [Worker 7] [libqueen] push(q=0 f=1/24 p99rtt=31ms) pop(q=0 f=0/16 p99rtt=4ms) custom(q=0 f=0/1 p99rtt=4ms) slots=24/25 jobs/s=454 drains=165733 evl=0ms
[2026-06-04 10:13:04.397] [info] [Worker 5] [libqueen] push(q=0 f=0/24 p99rtt=32ms) pop(q=0 f=0/16 p99rtt=5ms) custom(q=0 f=1/1 p99rtt=4ms) slots=24/25 jobs/s=455 drains=164767 evl=0ms
[2026-06-04 10:13:04.414] [info] [Worker 0] [libqueen] push(q=0 f=1/24 p99rtt=32ms) pop(q=0 f=0/16 p99rtt=7ms) custom(q=0 f=0/1 p99rtt=4ms) slots=24/25 jobs/s=486 drains=164969 evl=0ms
[2026-06-04 10:13:04.419] [info] [Worker 6] [libqueen] push(q=5 f=0/24 p99rtt=30ms) pop(q=0 f=0/16 p99rtt=5ms) custom(q=0 f=0/1 p99rtt=4ms) slots=25/25 jobs/s=496 drains=165187 evl=0ms
[2026-06-04 10:13:04.421] [info] [Worker 9] [libqueen] push(q=5 f=0/24 p99rtt=32ms) pop(q=0 f=0/16 p99rtt=5ms) custom(q=0 f=0/1 p99rtt=4ms) slots=25/25 jobs/s=456 drains=164988 evl=0ms
[2026-06-04 10:13:04.424] [info] [Worker 1] [libqueen] push(q=0 f=1/24 p99rtt=31ms) pop(q=0 f=0/16 p99rtt=5ms) custom(q=0 f=0/1 p99rtt=5ms) slots=24/25 jobs/s=444 drains=166318 evl=0ms
[2026-06-04 10:13:04.429] [info] [Worker 2] [libqueen] push(q=5 f=0/24 p99rtt=30ms) pop(q=0 f=0/16 p99rtt=3ms) custom(q=0 f=0/1 p99rtt=5ms) slots=25/25 jobs/s=472 drains=164147 evl=0ms
[2026-06-04 10:13:04.447] [info] [Worker 4] [libqueen] push(q=0 f=1/24 p99rtt=30ms) pop(q=0 f=0/16 p99rtt=4ms) custom(q=0 f=0/1 p99rtt=4ms) slots=24/25 jobs/s=456 drains=164502 evl=0ms
[2026-06-04 10:13:04.458] [info] [Worker 3] [libqueen] push(q=5 f=0/24 p99rtt=30ms) pop(q=0 f=0/16 p99rtt=4ms) custom(q=0 f=0/1 p99rtt=5ms) slots=25/25 jobs/s=498 drains=165098 evl=0ms
[2026-06-04 10:13:04.462] [info] [Worker 8] [libqueen] push(q=0 f=1/24 p99rtt=30ms) pop(q=0 f=0/16 p99rtt=4ms) custom(q=0 f=0/1 p99rtt=4ms) slots=24/25 jobs/s=456 drains=165903 evl=0ms
[2026-06-04 10:13:05.384] [info] [Worker 7] [libqueen] push(q=5 f=0/24 p99rtt=31ms) pop(q=0 f=0/16 p99rtt=4ms) custom(q=0 f=0/1 p99rtt=4ms) slots=25/25 jobs/s=339 drains=166231 evl=0ms
[2026-06-04 10:13:05.398] [info] [Worker 5] [libqueen] push(q=0 f=1/24 p99rtt=32ms) pop(q=0 f=0/16 p99rtt=5ms) custom(q=0 f=0/1 p99rtt=4ms) slots=24/25 jobs/s=331 drains=165266 evl=0ms
[2026-06-04 10:13:05.414] [info] [Worker 0] [libqueen] push(q=0 f=1/24 p99rtt=32ms) pop(q=0 f=0/16 p99rtt=7ms) custom(q=0 f=0/1 p99rtt=4ms) slots=24/25 jobs/s=312 drains=165424 evl=0ms
[2026-06-04 10:13:05.419] [info] [Worker 6] [libqueen] push(q=0 f=1/24 p99rtt=30ms) pop(q=0 f=0/16 p99rtt=5ms) custom(q=0 f=0/1 p99rtt=4ms) slots=24/25 jobs/s=317 drains=165645 evl=0ms
[2026-06-04 10:13:05.421] [info] [Worker 9] [libqueen] push(q=0 f=1/24 p99rtt=32ms) pop(q=0 f=0/16 p99rtt=5ms) custom(q=0 f=0/1 p99rtt=4ms) slots=24/25 jobs/s=287 drains=165408 evl=0ms
[2026-06-04 10:13:05.424] [info] [Worker 1] [libqueen] push(q=0 f=1/24 p99rtt=31ms) pop(q=0 f=0/16 p99rtt=5ms) custom(q=0 f=0/1 p99rtt=5ms) slots=24/25 jobs/s=312 drains=166742 evl=0ms
[2026-06-04 10:13:05.429] [info] [Worker 2] [libqueen] push(q=0 f=1/24 p99rtt=31ms) pop(q=0 f=0/16 p99rtt=3ms) custom(q=0 f=0/1 p99rtt=5ms) slots=24/25 jobs/s=303 drains=164579 evl=0ms
[2026-06-04 10:13:05.447] [info] [Worker 4] [libqueen] push(q=5 f=0/24 p99rtt=32ms) pop(q=0 f=0/16 p99rtt=4ms) custom(q=0 f=0/1 p99rtt=5ms) slots=25/25 jobs/s=305 drains=164912 evl=0ms
[2026-06-04 10:13:05.458] [info] [Worker 3] [libqueen] push(q=5 f=0/24 p99rtt=31ms) pop(q=0 f=0/16 p99rtt=4ms) custom(q=0 f=0/1 p99rtt=5ms) slots=25/25 jobs/s=303 drains=165539 evl=0ms
[2026-06-04 10:13:05.463] [info] [Worker 8] [libqueen] push(q=0 f=0/24 p99rtt=30ms) pop(q=0 f=0/16 p99rtt=4ms) custom(q=0 f=1/1 p99rtt=4ms) slots=24/25 jobs/s=289 drains=166305 evl=0ms
[2026-06-04 10:13:05.938] [info] PartitionLookupReconcileService: fixed 2 partition_lookup rows (stats leader, hostname=a4dbf4b4cbaf)
[2026-06-04 10:13:06.385] [info] [Worker 7] [libqueen] push(q=0 f=0/24 p99rtt=30ms) pop(q=0 f=0/16 p99rtt=4ms) custom(q=0 f=0/1 p99rtt=4ms) slots=25/25 jobs/s=564 drains=167011 evl=0ms
[2026-06-04 10:13:06.398] [info] [Worker 5] [libqueen] push(q=5 f=0/24 p99rtt=30ms) pop(q=0 f=0/16 p99rtt=5ms) custom(q=0 f=0/1 p99rtt=4ms) slots=25/25 jobs/s=534 drains=166008 evl=0ms
[2026-06-04 10:13:06.414] [info] [Worker 0] [libqueen] push(q=5 f=0/24 p99rtt=32ms) pop(q=0 f=0/16 p99rtt=7ms) custom(q=0 f=0/1 p99rtt=4ms) slots=25/25 jobs/s=546 drains=166191 evl=0ms
[2026-06-04 10:13:06.419] [info] [Worker 6] [libqueen] push(q=0 f=1/24 p99rtt=30ms) pop(q=0 f=0/16 p99rtt=5ms) custom(q=0 f=0/1 p99rtt=5ms) slots=24/25 jobs/s=564 drains=166418 evl=0ms
[2026-06-04 10:13:06.421] [info] [Worker 9] [libqueen] push(q=0 f=1/24 p99rtt=32ms) pop(q=0 f=0/16 p99rtt=5ms) custom(q=0 f=0/1 p99rtt=4ms) slots=24/25 jobs/s=546 drains=166167 evl=0ms
[2026-06-04 10:13:06.424] [info] [Worker 1] [libqueen] push(q=0 f=0/24 p99rtt=31ms) pop(q=0 f=0/16 p99rtt=5ms) custom(q=0 f=0/1 p99rtt=5ms) slots=25/25 jobs/s=570 drains=167529 evl=0ms
[2026-06-04 10:13:06.429] [info] [Worker 2] [libqueen] push(q=5 f=0/24 p99rtt=31ms) pop(q=0 f=0/16 p99rtt=3ms) custom(q=0 f=0/1 p99rtt=5ms) slots=25/25 jobs/s=558 drains=165355 evl=0ms
[2026-06-04 10:13:06.448] [info] [Worker 4] [libqueen] push(q=5 f=0/24 p99rtt=31ms) pop(q=0 f=0/16 p99rtt=4ms) custom(q=0 f=0/1 p99rtt=5ms) slots=25/25 jobs/s=579 drains=165709 evl=0ms
[2026-06-04 10:13:06.457] [info] [Worker 3] [libqueen] push(q=5 f=0/24 p99rtt=31ms) pop(q=0 f=0/16 p99rtt=4ms) custom(q=0 f=0/1 p99rtt=5ms) slots=25/25 jobs/s=576 drains=166329 evl=0ms
[2026-06-04 10:13:06.463] [info] [Worker 8] [libqueen] push(q=0 f=0/24 p99rtt=30ms) pop(q=0 f=0/16 p99rtt=4ms) custom(q=0 f=1/1 p99rtt=4ms) slots=24/25 jobs/s=576 drains=167090 evl=0ms
[2026-06-04 10:13:07.385] [info] [Worker 7] [libqueen] push(q=5 f=0/24 p99rtt=30ms) pop(q=0 f=0/16 p99rtt=4ms) custom(q=0 f=0/1 p99rtt=4ms) slots=25/25 jobs/s=564 drains=167785 evl=0ms
[2026-06-04 10:13:07.398] [info] [Worker 5] [libqueen] push(q=0 f=1/24 p99rtt=30ms) pop(q=0 f=0/16 p99rtt=5ms) custom(q=0 f=0/1 p99rtt=4ms) slots=24/25 jobs/s=569 drains=166809 evl=0ms
[2026-06-04 10:13:07.414] [info] [Worker 0] [libqueen] push(q=5 f=0/24 p99rtt=32ms) pop(q=0 f=0/16 p99rtt=7ms) custom(q=0 f=0/1 p99rtt=4ms) slots=25/25 jobs/s=550 drains=166967 evl=0ms
[2026-06-04 10:13:07.419] [info] [Worker 6] [libqueen] push(q=0 f=1/24 p99rtt=30ms) pop(q=0 f=0/16 p99rtt=5ms) custom(q=0 f=0/1 p99rtt=6ms) slots=24/25 jobs/s=563 drains=167198 evl=0ms
[2026-06-04 10:13:07.422] [info] [Worker 9] [libqueen] push(q=0 f=1/24 p99rtt=32ms) pop(q=0 f=0/16 p99rtt=5ms) custom(q=0 f=0/1 p99rtt=4ms) slots=24/25 jobs/s=558 drains=166942 evl=0ms
[2026-06-04 10:13:07.424] [info] [Worker 1] [libqueen] push(q=5 f=0/24 p99rtt=31ms) pop(q=0 f=0/16 p99rtt=5ms) custom(q=0 f=0/1 p99rtt=5ms) slots=25/25 jobs/s=581 drains=168339 evl=0ms
[2026-06-04 10:13:07.429] [info] [Worker 2] [libqueen] push(q=5 f=0/24 p99rtt=31ms) pop(q=0 f=0/16 p99rtt=3ms) custom(q=0 f=0/1 p99rtt=5ms) slots=25/25 jobs/s=558 drains=166110 evl=0ms
[2026-06-04 10:13:07.448] [info] [Worker 4] [libqueen] push(q=1 f=0/24 p99rtt=31ms) pop(q=0 f=0/16 p99rtt=4ms) custom(q=0 f=0/1 p99rtt=5ms) slots=25/25 jobs/s=564 drains=166487 evl=0ms
[2026-06-04 10:13:07.457] [info] [Worker 3] [libqueen] push(q=2 f=0/24 p99rtt=31ms) pop(q=0 f=0/16 p99rtt=4ms) custom(q=0 f=1/1 p99rtt=5ms) slots=24/25 jobs/s=569 drains=167112 evl=0ms
[2026-06-04 10:13:07.463] [info] [Worker 8] [libqueen] push(q=5 f=0/24 p99rtt=30ms) pop(q=0 f=0/16 p99rtt=4ms) custom(q=0 f=0/1 p99rtt=4ms) slots=25/25 jobs/s=571 drains=167888 evl=0ms
[2026-06-04 10:13:08.385] [info] [Worker 7] [libqueen] push(q=0 f=1/24 p99rtt=30ms) pop(q=0 f=0/16 p99rtt=4ms) custom(q=0 f=0/1 p99rtt=4ms) slots=24/25 jobs/s=570 drains=168598 evl=0ms
[2026-06-04 10:13:08.397] [info] [Worker 5] [libqueen] push(q=2 f=0/24 p99rtt=29ms) pop(q=0 f=0/16 p99rtt=5ms) custom(q=0 f=0/1 p99rtt=3ms) slots=25/25 jobs/s=564 drains=167594 evl=0ms
[2026-06-04 10:13:08.414] [info] [Worker 0] [libqueen] push(q=0 f=1/24 p99rtt=30ms) pop(q=0 f=0/16 p99rtt=7ms) custom(q=0 f=0/1 p99rtt=4ms) slots=24/25 jobs/s=552 drains=167736 evl=0ms
[2026-06-04 10:13:08.419] [info] [Worker 6] [libqueen] push(q=5 f=0/24 p99rtt=30ms) pop(q=0 f=0/16 p99rtt=5ms) custom(q=0 f=0/1 p99rtt=5ms) slots=25/25 jobs/s=564 drains=167986 evl=0ms
[2026-06-04 10:13:08.421] [info] [Worker 9] [libqueen] push(q=0 f=0/24 p99rtt=30ms) pop(q=0 f=0/16 p99rtt=5ms) custom(q=0 f=0/1 p99rtt=4ms) slots=25/25 jobs/s=564 drains=167727 evl=0ms
[2026-06-04 10:13:08.424] [info] [Worker 1] [libqueen] push(q=0 f=1/24 p99rtt=30ms) pop(q=0 f=0/16 p99rtt=5ms) custom(q=0 f=0/1 p99rtt=4ms) slots=24/25 jobs/s=582 drains=169157 evl=0ms
[2026-06-04 10:13:08.429] [info] [Worker 2] [libqueen] push(q=0 f=1/24 p99rtt=30ms) pop(q=0 f=0/16 p99rtt=3ms) custom(q=0 f=0/1 p99rtt=5ms) slots=24/25 jobs/s=546 drains=166874 evl=0ms
[2026-06-04 10:13:08.448] [info] [Worker 4] [libqueen] push(q=5 f=0/24 p99rtt=30ms) pop(q=0 f=0/16 p99rtt=4ms) custom(q=0 f=0/1 p99rtt=5ms) slots=25/25 jobs/s=570 drains=167281 evl=0ms
[2026-06-04 10:13:08.458] [info] [Worker 3] [libqueen] push(q=5 f=0/24 p99rtt=30ms) pop(q=0 f=0/16 p99rtt=4ms) custom(q=0 f=0/1 p99rtt=5ms) slots=25/25 jobs/s=559 drains=167892 evl=0ms
[2026-06-04 10:13:08.463] [info] [Worker 8] [libqueen] push(q=5 f=0/24 p99rtt=30ms) pop(q=0 f=0/16 p99rtt=4ms) custom(q=0 f=0/1 p99rtt=4ms) slots=25/25 jobs/s=576 drains=168689 evl=0ms
[2026-06-04 10:13:09.385] [info] [Worker 7] [libqueen] push(q=5 f=0/24 p99rtt=29ms) pop(q=0 f=0/16 p99rtt=4ms) custom(q=0 f=0/1 p99rtt=4ms) slots=25/25 jobs/s=582 drains=169408 evl=0ms
[2026-06-04 10:13:09.398] [info] [Worker 5] [libqueen] push(q=5 f=0/24 p99rtt=27ms) pop(q=0 f=0/16 p99rtt=5ms) custom(q=0 f=0/1 p99rtt=3ms) slots=25/25 jobs/s=570 drains=168385 evl=0ms
[2026-06-04 10:13:09.414] [info] [Worker 0] [libqueen] push(q=0 f=1/24 p99rtt=27ms) pop(q=0 f=0/16 p99rtt=7ms) custom(q=0 f=0/1 p99rtt=3ms) slots=24/25 jobs/s=582 drains=168539 evl=0ms
[2026-06-04 10:13:09.419] [info] [Worker 6] [libqueen] push(q=5 f=0/24 p99rtt=29ms) pop(q=0 f=0/16 p99rtt=5ms) custom(q=0 f=0/1 p99rtt=4ms) slots=25/25 jobs/s=582 drains=168805 evl=0ms
[2026-06-04 10:13:09.422] [info] [Worker 9] [libqueen] push(q=0 f=1/24 p99rtt=30ms) pop(q=0 f=0/16 p99rtt=5ms) custom(q=0 f=0/1 p99rtt=4ms) slots=24/25 jobs/s=576 drains=168541 evl=0ms
[2026-06-04 10:13:09.424] [info] [Worker 1] [libqueen] push(q=0 f=0/24 p99rtt=29ms) pop(q=0 f=0/16 p99rtt=5ms) custom(q=0 f=1/1 p99rtt=4ms) slots=24/25 jobs/s=587 drains=169969 evl=0ms
[2026-06-04 10:13:09.429] [info] [Worker 2] [libqueen] push(q=5 f=0/24 p99rtt=29ms) pop(q=0 f=0/16 p99rtt=3ms) custom(q=0 f=0/1 p99rtt=4ms) slots=25/25 jobs/s=600 drains=167694 evl=0ms
[2026-06-04 10:13:09.448] [info] [Worker 4] [libqueen] push(q=5 f=0/24 p99rtt=28ms) pop(q=0 f=0/16 p99rtt=4ms) custom(q=0 f=0/1 p99rtt=4ms) slots=25/25 jobs/s=582 drains=168100 evl=0ms
[2026-06-04 10:13:09.458] [info] [Worker 3] [libqueen] push(q=5 f=0/24 p99rtt=29ms) pop(q=0 f=0/16 p99rtt=4ms) custom(q=0 f=0/1 p99rtt=4ms) slots=25/25 jobs/s=600 drains=168731 evl=0ms
[2026-06-04 10:13:09.464] [info] [Worker 8] [libqueen] push(q=0 f=0/24 p99rtt=29ms) pop(q=0 f=0/16 p99rtt=4ms) custom(q=0 f=1/1 p99rtt=3ms) slots=24/25 jobs/s=587 drains=169491 evl=0ms
[2026-06-04 10:13:10.385] [info] [Worker 7] [libqueen] push(q=0 f=1/24 p99rtt=28ms) pop(q=0 f=0/16 p99rtt=4ms) custom(q=0 f=0/1 p99rtt=3ms) slots=24/25 jobs/s=594 drains=170237 evl=0ms
[2026-06-04 10:13:10.398] [info] [Worker 5] [libqueen] push(q=2 f=0/24 p99rtt=26ms) pop(q=0 f=0/16 p99rtt=5ms) custom(q=0 f=1/1 p99rtt=3ms) slots=24/25 jobs/s=593 drains=169222 evl=0ms
[2026-06-04 10:13:10.414] [info] [Worker 0] [libqueen] push(q=5 f=0/24 p99rtt=24ms) pop(q=0 f=0/16 p99rtt=7ms) custom(q=0 f=0/1 p99rtt=3ms) slots=25/25 jobs/s=600 drains=169349 evl=0ms
[2026-06-04 10:13:10.419] [info] [Worker 6] [libqueen] push(q=4 f=0/24 p99rtt=24ms) pop(q=0 f=0/16 p99rtt=5ms) custom(q=0 f=0/1 p99rtt=4ms) slots=25/25 jobs/s=606 drains=169654 evl=0ms
[2026-06-04 10:13:10.422] [info] [Worker 9] [libqueen] push(q=5 f=0/24 p99rtt=27ms) pop(q=0 f=0/16 p99rtt=5ms) custom(q=0 f=0/1 p99rtt=4ms) slots=25/25 jobs/s=600 drains=169369 evl=0ms
[2026-06-04 10:13:10.423] [info] [Worker 1] [libqueen] push(q=5 f=0/24 p99rtt=27ms) pop(q=0 f=0/16 p99rtt=5ms) custom(q=0 f=0/1 p99rtt=3ms) slots=25/25 jobs/s=589 drains=170792 evl=0ms
[2026-06-04 10:13:10.428] [info] [Worker 2] [libqueen] push(q=0 f=0/24 p99rtt=28ms) pop(q=0 f=0/16 p99rtt=3ms) custom(q=0 f=1/1 p99rtt=3ms) slots=24/25 jobs/s=587 drains=168504 evl=0ms
[2026-06-04 10:13:10.447] [info] [Worker 4] [libqueen] push(q=0 f=0/24 p99rtt=27ms) pop(q=0 f=0/16 p99rtt=4ms) custom(q=0 f=1/1 p99rtt=3ms) slots=24/25 jobs/s=587 drains=168903 evl=0ms
[2026-06-04 10:13:10.458] [info] [Worker 3] [libqueen] push(q=5 f=0/24 p99rtt=24ms) pop(q=0 f=0/16 p99rtt=4ms) custom(q=0 f=0/1 p99rtt=3ms) slots=25/25 jobs/s=588 drains=169546 evl=0ms
[2026-06-04 10:13:10.464] [info] [Worker 8] [libqueen] push(q=5 f=0/24 p99rtt=28ms) pop(q=0 f=0/16 p99rtt=4ms) custom(q=0 f=0/1 p99rtt=3ms) slots=25/25 jobs/s=595 drains=170330 evl=0ms
[2026-06-04 10:13:11.385] [info] [Worker 7] [libqueen] push(q=5 f=0/24 p99rtt=23ms) pop(q=0 f=0/16 p99rtt=4ms) custom(q=0 f=0/1 p99rtt=2ms) slots=25/25 jobs/s=582 drains=171049 evl=0ms
[2026-06-04 10:13:11.397] [info] [Worker 5] [libqueen] push(q=5 f=0/24 p99rtt=26ms) pop(q=0 f=0/16 p99rtt=5ms) custom(q=0 f=0/1 p99rtt=2ms) slots=25/25 jobs/s=600 drains=170054 evl=0ms
[2026-06-04 10:13:11.414] [info] [Worker 0] [libqueen] push(q=0 f=0/24 p99rtt=23ms) pop(q=0 f=0/16 p99rtt=7ms) custom(q=0 f=0/1 p99rtt=3ms) slots=25/25 jobs/s=593 drains=170156 evl=0ms
[2026-06-04 10:13:11.420] [info] [Worker 6] [libqueen] push(q=0 f=1/24 p99rtt=23ms) pop(q=0 f=0/16 p99rtt=5ms) custom(q=0 f=0/1 p99rtt=3ms) slots=24/25 jobs/s=594 drains=170476 evl=0ms
[2026-06-04 10:13:11.422] [info] [Worker 9] [libqueen] push(q=0 f=1/24 p99rtt=27ms) pop(q=0 f=0/16 p99rtt=5ms) custom(q=0 f=0/1 p99rtt=3ms) slots=24/25 jobs/s=590 drains=170185 evl=0ms
[2026-06-04 10:13:11.424] [info] [Worker 1] [libqueen] push(q=0 f=1/24 p99rtt=25ms) pop(q=0 f=0/16 p99rtt=5ms) custom(q=0 f=0/1 p99rtt=3ms) slots=24/25 jobs/s=600 drains=171608 evl=0ms
[2026-06-04 10:13:11.429] [info] [Worker 2] [libqueen] push(q=0 f=1/24 p99rtt=24ms) pop(q=0 f=0/16 p99rtt=3ms) custom(q=0 f=0/1 p99rtt=2ms) slots=24/25 jobs/s=583 drains=169312 evl=0ms
[2026-06-04 10:13:11.448] [info] [Worker 4] [libqueen] push(q=0 f=1/24 p99rtt=26ms) pop(q=0 f=0/16 p99rtt=4ms) custom(q=0 f=0/1 p99rtt=2ms) slots=24/25 jobs/s=576 drains=169708 evl=0ms
[2026-06-04 10:13:11.458] [info] [Worker 3] [libqueen] push(q=5 f=0/24 p99rtt=23ms) pop(q=0 f=0/16 p99rtt=4ms) custom(q=0 f=0/1 p99rtt=2ms) slots=25/25 jobs/s=588 drains=170352 evl=0ms
[2026-06-04 10:13:11.464] [info] [Worker 8] [libqueen] push(q=2 f=0/24 p99rtt=28ms) pop(q=0 f=0/16 p99rtt=4ms) custom(q=0 f=0/1 p99rtt=2ms) slots=25/25 jobs/s=588 drains=171105 evl=0ms
[2026-06-04 10:13:12.009] [info] PartitionLookupReconcileService: fixed 3 partition_lookup rows (stats leader, hostname=a4dbf4b4cbaf)
[2026-06-04 10:13:12.384] [info] [Worker 7] [libqueen] push(q=0 f=1/24 p99rtt=30ms) pop(q=0 f=0/16 p99rtt=4ms) custom(q=0 f=0/1 p99rtt=4ms) slots=24/25 jobs/s=312 drains=171480 evl=0ms
[2026-06-04 10:13:12.397] [info] [Worker 5] [libqueen] push(q=5 f=0/24 p99rtt=28ms) pop(q=0 f=0/16 p99rtt=5ms) custom(q=0 f=0/1 p99rtt=3ms) slots=25/25 jobs/s=323 drains=170494 evl=0ms
[2026-06-04 10:13:12.413] [info] [Worker 0] [libqueen] push(q=0 f=1/24 p99rtt=30ms) pop(q=0 f=0/16 p99rtt=7ms) custom(q=0 f=0/1 p99rtt=3ms) slots=24/25 jobs/s=293 drains=170573 evl=0ms
[2026-06-04 10:13:12.421] [info] [Worker 6] [libqueen] push(q=0 f=0/24 p99rtt=30ms) pop(q=0 f=0/16 p99rtt=5ms) custom(q=0 f=0/1 p99rtt=12ms) slots=25/25 jobs/s=306 drains=170895 evl=0ms
[2026-06-04 10:13:12.422] [info] [Worker 9] [libqueen] push(q=5 f=0/24 p99rtt=30ms) pop(q=0 f=0/16 p99rtt=5ms) custom(q=0 f=0/1 p99rtt=4ms) slots=25/25 jobs/s=318 drains=170628 evl=0ms
[2026-06-04 10:13:12.424] [info] [Worker 1] [libqueen] push(q=5 f=0/24 p99rtt=30ms) pop(q=0 f=0/16 p99rtt=5ms) custom(q=0 f=0/1 p99rtt=4ms) slots=25/25 jobs/s=312 drains=172039 evl=0ms
[2026-06-04 10:13:12.429] [info] [Worker 2] [libqueen] push(q=0 f=1/24 p99rtt=30ms) pop(q=0 f=0/16 p99rtt=3ms) custom(q=0 f=0/1 p99rtt=5ms) slots=24/25 jobs/s=311 drains=169742 evl=0ms
[2026-06-04 10:13:12.448] [info] [Worker 4] [libqueen] push(q=4 f=0/24 p99rtt=30ms) pop(q=0 f=0/16 p99rtt=4ms) custom(q=0 f=0/1 p99rtt=3ms) slots=25/25 jobs/s=323 drains=170157 evl=0ms
[2026-06-04 10:13:12.458] [info] [Worker 3] [libqueen] push(q=0 f=1/24 p99rtt=30ms) pop(q=0 f=0/16 p99rtt=4ms) custom(q=0 f=0/1 p99rtt=3ms) slots=24/25 jobs/s=318 drains=170792 evl=0ms
[2026-06-04 10:13:12.463] [info] [Worker 8] [libqueen] push(q=5 f=0/24 p99rtt=30ms) pop(q=0 f=0/16 p99rtt=4ms) custom(q=0 f=0/1 p99rtt=3ms) slots=25/25 jobs/s=330 drains=171561 evl=0ms
[2026-06-04 10:13:13.384] [info] [Worker 7] [libqueen] push(q=2 f=0/24 p99rtt=30ms) pop(q=0 f=0/16 p99rtt=4ms) custom(q=0 f=0/1 p99rtt=3ms) slots=25/25 jobs/s=606 drains=172288 evl=0ms
[2026-06-04 10:13:13.398] [info] [Worker 5] [libqueen] push(q=5 f=0/24 p99rtt=27ms) pop(q=0 f=0/16 p99rtt=5ms) custom(q=0 f=0/1 p99rtt=3ms) slots=25/25 jobs/s=600 drains=171316 evl=0ms
[2026-06-04 10:13:13.414] [info] [Worker 0] [libqueen] push(q=0 f=0/24 p99rtt=29ms) pop(q=0 f=0/16 p99rtt=7ms) custom(q=0 f=0/1 p99rtt=3ms) slots=25/25 jobs/s=588 drains=171366 evl=0ms
[2026-06-04 10:13:13.421] [info] [Worker 6] [libqueen] push(q=0 f=1/24 p99rtt=27ms) pop(q=0 f=0/16 p99rtt=5ms) custom(q=0 f=0/1 p99rtt=12ms) slots=24/25 jobs/s=606 drains=171737 evl=0ms
[2026-06-04 10:13:13.423] [info] [Worker 9] [libqueen] push(q=5 f=0/24 p99rtt=27ms) pop(q=0 f=0/16 p99rtt=5ms) custom(q=0 f=0/1 p99rtt=4ms) slots=25/25 jobs/s=594 drains=171444 evl=0ms
[2026-06-04 10:13:13.423] [info] [Worker 1] [libqueen] push(q=0 f=0/24 p99rtt=28ms) pop(q=0 f=0/16 p99rtt=5ms) custom(q=0 f=1/1 p99rtt=4ms) slots=24/25 jobs/s=596 drains=172866 evl=0ms
[2026-06-04 10:13:13.428] [info] [Worker 2] [libqueen] push(q=0 f=1/24 p99rtt=28ms) pop(q=0 f=0/16 p99rtt=3ms) custom(q=0 f=0/1 p99rtt=6ms) slots=24/25 jobs/s=600 drains=170558 evl=0ms
[2026-06-04 10:13:13.447] [info] [Worker 4] [libqueen] push(q=0 f=1/24 p99rtt=28ms) pop(q=0 f=0/16 p99rtt=4ms) custom(q=0 f=0/1 p99rtt=3ms) slots=24/25 jobs/s=576 drains=170960 evl=0ms
[2026-06-04 10:13:13.458] [info] [Worker 3] [libqueen] push(q=5 f=0/24 p99rtt=27ms) pop(q=0 f=0/16 p99rtt=4ms) custom(q=0 f=0/1 p99rtt=3ms) slots=25/25 jobs/s=588 drains=171588 evl=0ms
[2026-06-04 10:13:13.464] [info] [Worker 8] [libqueen] push(q=0 f=0/24 p99rtt=30ms) pop(q=0 f=0/16 p99rtt=4ms) custom(q=0 f=0/1 p99rtt=3ms) slots=25/25 jobs/s=576 drains=172346 evl=0ms
[2026-06-04 10:13:14.385] [info] [Worker 7] [libqueen] push(q=0 f=0/24 p99rtt=28ms) pop(q=0 f=0/16 p99rtt=4ms) custom(q=0 f=1/1 p99rtt=2ms) slots=24/25 jobs/s=569 drains=173048 evl=0ms
[2026-06-04 10:13:14.398] [info] [Worker 5] [libqueen] push(q=5 f=0/24 p99rtt=27ms) pop(q=0 f=0/16 p99rtt=5ms) custom(q=0 f=0/1 p99rtt=3ms) slots=25/25 jobs/s=587 drains=172154 evl=0ms
[2026-06-04 10:13:14.414] [info] [Worker 0] [libqueen] push(q=0 f=1/24 p99rtt=27ms) pop(q=0 f=0/16 p99rtt=7ms) custom(q=0 f=0/1 p99rtt=3ms) slots=24/25 jobs/s=576 drains=172143 evl=0ms
[2026-06-04 10:13:14.421] [info] [Worker 6] [libqueen] push(q=0 f=1/24 p99rtt=25ms) pop(q=0 f=0/16 p99rtt=5ms) custom(q=0 f=0/1 p99rtt=12ms) slots=24/25 jobs/s=564 drains=172499 evl=0ms
[2026-06-04 10:13:14.423] [info] [Worker 9] [libqueen] push(q=0 f=1/24 p99rtt=27ms) pop(q=0 f=0/16 p99rtt=5ms) custom(q=0 f=0/1 p99rtt=4ms) slots=24/25 jobs/s=558 drains=172237 evl=0ms
[2026-06-04 10:13:14.424] [info] [Worker 1] [libqueen] push(q=0 f=1/24 p99rtt=27ms) pop(q=0 f=0/16 p99rtt=5ms) custom(q=0 f=0/1 p99rtt=3ms) slots=24/25 jobs/s=553 drains=173631 evl=0ms
[2026-06-04 10:13:14.429] [info] [Worker 2] [libqueen] push(q=0 f=1/24 p99rtt=28ms) pop(q=0 f=0/16 p99rtt=3ms) custom(q=0 f=0/1 p99rtt=5ms) slots=24/25 jobs/s=558 drains=171339 evl=0ms
[2026-06-04 10:13:14.448] [info] [Worker 4] [libqueen] push(q=5 f=0/24 p99rtt=28ms) pop(q=0 f=0/16 p99rtt=4ms) custom(q=0 f=0/1 p99rtt=2ms) slots=25/25 jobs/s=576 drains=171728 evl=0ms
[2026-06-04 10:13:14.459] [info] [Worker 3] [libqueen] push(q=0 f=0/24 p99rtt=27ms) pop(q=0 f=0/16 p99rtt=4ms) custom(q=0 f=0/1 p99rtt=3ms) slots=25/25 jobs/s=558 drains=172365 evl=0ms
[2026-06-04 10:13:14.463] [info] [Worker 8] [libqueen] push(q=5 f=0/24 p99rtt=30ms) pop(q=0 f=0/16 p99rtt=4ms) custom(q=0 f=0/1 p99rtt=2ms) slots=25/25 jobs/s=564 drains=173131 evl=0ms
[2026-06-04 10:13:14.767] [info] StatsService: cycle completed in 53ms
[2026-06-04 10:13:15.385] [info] [Worker 7] [libqueen] push(q=5 f=0/24 p99rtt=28ms) pop(q=0 f=0/16 p99rtt=4ms) custom(q=0 f=0/1 p99rtt=2ms) slots=25/25 jobs/s=570 drains=173824 evl=0ms
[2026-06-04 10:13:15.398] [info] [Worker 5] [libqueen] push(q=0 f=1/24 p99rtt=27ms) pop(q=0 f=0/16 p99rtt=5ms) custom(q=0 f=0/1 p99rtt=2ms) slots=24/25 jobs/s=558 drains=172933 evl=0ms
[2026-06-04 10:13:15.414] [info] [Worker 0] [libqueen] push(q=5 f=0/24 p99rtt=26ms) pop(q=0 f=0/16 p99rtt=7ms) custom(q=0 f=0/1 p99rtt=3ms) slots=25/25 jobs/s=564 drains=172945 evl=0ms
[2026-06-04 10:13:15.420] [info] [Worker 6] [libqueen] push(q=0 f=0/24 p99rtt=25ms) pop(q=0 f=0/16 p99rtt=5ms) custom(q=0 f=0/1 p99rtt=12ms) slots=25/25 jobs/s=576 drains=173278 evl=0ms
[2026-06-04 10:13:15.423] [info] [Worker 9] [libqueen] push(q=5 f=0/24 p99rtt=27ms) pop(q=0 f=0/16 p99rtt=5ms) custom(q=0 f=0/1 p99rtt=3ms) slots=25/25 jobs/s=576 drains=173036 evl=0ms
[2026-06-04 10:13:15.424] [info] [Worker 1] [libqueen] push(q=5 f=0/24 p99rtt=25ms) pop(q=0 f=0/16 p99rtt=5ms) custom(q=0 f=0/1 p99rtt=3ms) slots=25/25 jobs/s=582 drains=174452 evl=0ms
[2026-06-04 10:13:15.429] [info] [Worker 2] [libqueen] push(q=5 f=0/24 p99rtt=27ms) pop(q=0 f=0/16 p99rtt=3ms) custom(q=0 f=0/1 p99rtt=3ms) slots=25/25 jobs/s=594 drains=172155 evl=0ms
[2026-06-04 10:13:15.447] [info] [Worker 4] [libqueen] push(q=0 f=1/24 p99rtt=28ms) pop(q=0 f=0/16 p99rtt=4ms) custom(q=0 f=0/1 p99rtt=2ms) slots=24/25 jobs/s=576 drains=172509 evl=0ms
[2026-06-04 10:13:15.459] [info] [Worker 3] [libqueen] push(q=0 f=1/24 p99rtt=27ms) pop(q=0 f=0/16 p99rtt=4ms) custom(q=0 f=0/1 p99rtt=3ms) slots=24/25 jobs/s=570 drains=173166 evl=0ms
[2026-06-04 10:13:15.463] [info] [Worker 8] [libqueen] push(q=0 f=1/24 p99rtt=28ms) pop(q=0 f=0/16 p99rtt=4ms) custom(q=0 f=0/1 p99rtt=1ms) slots=24/25 jobs/s=576 drains=173917 evl=0ms
[2026-06-04 10:13:16.385] [info] [Worker 7] [libqueen] push(q=5 f=0/24 p99rtt=25ms) pop(q=0 f=0/16 p99rtt=4ms) custom(q=0 f=0/1 p99rtt=1ms) slots=25/25 jobs/s=599 drains=174643 evl=0ms
[2026-06-04 10:13:16.400] [info] [Worker 5] [libqueen] push(q=0 f=1/24 p99rtt=27ms) pop(q=0 f=0/16 p99rtt=5ms) custom(q=0 f=0/1 p99rtt=1ms) slots=24/25 jobs/s=588 drains=173762 evl=0ms
[2026-06-04 10:13:16.414] [info] [Worker 0] [libqueen] push(q=5 f=0/24 p99rtt=26ms) pop(q=0 f=0/16 p99rtt=7ms) custom(q=0 f=0/1 p99rtt=1ms) slots=25/25 jobs/s=582 drains=173750 evl=0ms
[2026-06-04 10:13:16.421] [info] [Worker 6] [libqueen] push(q=5 f=0/24 p99rtt=24ms) pop(q=0 f=0/16 p99rtt=5ms) custom(q=0 f=0/1 p99rtt=1ms) slots=25/25 jobs/s=588 drains=174092 evl=0ms
[2026-06-04 10:13:16.423] [info] [Worker 9] [libqueen] push(q=0 f=1/24 p99rtt=27ms) pop(q=0 f=0/16 p99rtt=5ms) custom(q=0 f=0/1 p99rtt=2ms) slots=24/25 jobs/s=582 drains=173833 evl=0ms
[2026-06-04 10:13:16.424] [info] [Worker 1] [libqueen] push(q=5 f=0/24 p99rtt=25ms) pop(q=0 f=0/16 p99rtt=5ms) custom(q=0 f=0/1 p99rtt=1ms) slots=25/25 jobs/s=588 drains=175260 evl=0ms
[2026-06-04 10:13:16.430] [info] [Worker 2] [libqueen] push(q=5 f=0/24 p99rtt=27ms) pop(q=0 f=0/16 p99rtt=3ms) custom(q=0 f=0/1 p99rtt=1ms) slots=25/25 jobs/s=570 drains=172946 evl=0ms
[2026-06-04 10:13:16.447] [info] [Worker 4] [libqueen] push(q=0 f=1/24 p99rtt=25ms) pop(q=0 f=0/16 p99rtt=4ms) custom(q=0 f=0/1 p99rtt=1ms) slots=24/25 jobs/s=582 drains=173303 evl=0ms
[2026-06-04 10:13:16.458] [info] [Worker 3] [libqueen] push(q=2 f=0/24 p99rtt=27ms) pop(q=0 f=0/16 p99rtt=4ms) custom(q=0 f=0/1 p99rtt=2ms) slots=25/25 jobs/s=588 drains=173971 evl=0ms
[2026-06-04 10:13:16.463] [info] [Worker 8] [libqueen] push(q=5 f=0/24 p99rtt=27ms) pop(q=0 f=0/16 p99rtt=4ms) custom(q=0 f=0/1 p99rtt=1ms) slots=25/25 jobs/s=594 drains=174759 evl=0ms
[2026-06-04 10:13:17.386] [info] [Worker 7] [libqueen] push(q=5 f=0/24 p99rtt=25ms) pop(q=0 f=0/16 p99rtt=4ms) custom(q=0 f=0/1 p99rtt=1ms) slots=25/25 jobs/s=576 drains=175441 evl=0ms
[2026-06-04 10:13:17.400] [info] [Worker 5] [libqueen] push(q=0 f=1/24 p99rtt=25ms) pop(q=0 f=0/16 p99rtt=5ms) custom(q=0 f=0/1 p99rtt=1ms) slots=24/25 jobs/s=564 drains=174548 evl=0ms
[2026-06-04 10:13:17.414] [info] [Worker 0] [libqueen] push(q=5 f=0/24 p99rtt=26ms) pop(q=0 f=0/16 p99rtt=7ms) custom(q=0 f=0/1 p99rtt=1ms) slots=25/25 jobs/s=582 drains=174562 evl=0ms
[2026-06-04 10:13:17.421] [info] [Worker 6] [libqueen] push(q=5 f=0/24 p99rtt=25ms) pop(q=0 f=0/16 p99rtt=5ms) custom(q=0 f=0/1 p99rtt=1ms) slots=25/25 jobs/s=594 drains=174910 evl=0ms
[2026-06-04 10:13:17.423] [info] [Worker 9] [libqueen] push(q=5 f=0/24 p99rtt=27ms) pop(q=0 f=0/16 p99rtt=5ms) custom(q=0 f=0/1 p99rtt=2ms) slots=25/25 jobs/s=576 drains=174635 evl=0ms
[2026-06-04 10:13:17.424] [info] [Worker 1] [libqueen] push(q=5 f=0/24 p99rtt=25ms) pop(q=0 f=0/16 p99rtt=5ms) custom(q=0 f=0/1 p99rtt=1ms) slots=25/25 jobs/s=594 drains=176072 evl=0ms
[2026-06-04 10:13:17.429] [info] [Worker 2] [libqueen] push(q=0 f=0/24 p99rtt=26ms) pop(q=0 f=0/16 p99rtt=3ms) custom(q=0 f=0/1 p99rtt=1ms) slots=25/25 jobs/s=576 drains=173740 evl=0ms
[2026-06-04 10:13:17.448] [info] [Worker 4] [libqueen] push(q=5 f=0/24 p99rtt=25ms) pop(q=0 f=0/16 p99rtt=4ms) custom(q=0 f=0/1 p99rtt=1ms) slots=25/25 jobs/s=581 drains=174114 evl=0ms
[2026-06-04 10:13:17.459] [info] [Worker 3] [libqueen] push(q=5 f=0/24 p99rtt=27ms) pop(q=0 f=0/16 p99rtt=4ms) custom(q=0 f=0/1 p99rtt=2ms) slots=25/25 jobs/s=570 drains=174764 evl=0ms
[2026-06-04 10:13:17.463] [info] [Worker 8] [libqueen] push(q=5 f=0/24 p99rtt=27ms) pop(q=0 f=0/16 p99rtt=4ms) custom(q=0 f=0/1 p99rtt=1ms) slots=25/25 jobs/s=594 drains=175589 evl=0ms
[2026-06-04 10:13:18.386] [info] [Worker 7] [libqueen] push(q=0 f=0/24 p99rtt=25ms) pop(q=0 f=0/16 p99rtt=4ms) custom(q=0 f=0/1 p99rtt=1ms) slots=25/25 jobs/s=594 drains=176241 evl=0ms
[2026-06-04 10:13:18.400] [info] [Worker 5] [libqueen] push(q=5 f=0/24 p99rtt=24ms) pop(q=0 f=0/16 p99rtt=5ms) custom(q=0 f=0/1 p99rtt=1ms) slots=25/25 jobs/s=582 drains=175345 evl=0ms
[2026-06-04 10:13:18.415] [info] [Worker 0] [libqueen] push(q=0 f=1/24 p99rtt=26ms) pop(q=0 f=0/16 p99rtt=7ms) custom(q=0 f=0/1 p99rtt=1ms) slots=24/25 jobs/s=558 drains=175347 evl=0ms
[2026-06-04 10:13:18.421] [info] [Worker 6] [libqueen] push(q=5 f=0/24 p99rtt=24ms) pop(q=0 f=0/16 p99rtt=5ms) custom(q=0 f=0/1 p99rtt=1ms) slots=25/25 jobs/s=588 drains=175733 evl=0ms
[2026-06-04 10:13:18.423] [info] [Worker 9] [libqueen] push(q=0 f=1/24 p99rtt=25ms) pop(q=0 f=0/16 p99rtt=5ms) custom(q=0 f=0/1 p99rtt=2ms) slots=24/25 jobs/s=582 drains=175414 evl=0ms
[2026-06-04 10:13:18.424] [info] [Worker 1] [libqueen] push(q=0 f=1/24 p99rtt=24ms) pop(q=0 f=0/16 p99rtt=5ms) custom(q=0 f=0/1 p99rtt=1ms) slots=24/25 jobs/s=582 drains=176851 evl=0ms
[2026-06-04 10:13:18.430] [info] [Worker 2] [libqueen] push(q=5 f=0/24 p99rtt=25ms) pop(q=0 f=0/16 p99rtt=3ms) custom(q=0 f=0/1 p99rtt=1ms) slots=25/25 jobs/s=570 drains=174546 evl=0ms
[2026-06-04 10:13:18.448] [info] [Worker 4] [libqueen] push(q=0 f=0/24 p99rtt=25ms) pop(q=0 f=0/16 p99rtt=4ms) custom(q=0 f=1/1 p99rtt=1ms) slots=24/25 jobs/s=581 drains=174904 evl=0ms
[2026-06-04 10:13:18.459] [info] [Worker 3] [libqueen] push(q=5 f=0/24 p99rtt=27ms) pop(q=0 f=0/16 p99rtt=4ms) custom(q=0 f=0/1 p99rtt=2ms) slots=25/25 jobs/s=588 drains=175583 evl=0ms
[2026-06-04 10:13:18.463] [info] [Worker 8] [libqueen] push(q=5 f=0/24 p99rtt=24ms) pop(q=0 f=0/16 p99rtt=4ms) custom(q=0 f=0/1 p99rtt=1ms) slots=25/25 jobs/s=582 drains=176378 evl=0ms
[2026-06-04 10:13:19.386] [info] [Worker 7] [libqueen] push(q=0 f=1/24 p99rtt=27ms) pop(q=0 f=0/16 p99rtt=4ms) custom(q=0 f=0/1 p99rtt=1ms) slots=24/25 jobs/s=576 drains=177011 evl=0ms
[2026-06-04 10:13:19.400] [info] [Worker 5] [libqueen] push(q=0 f=1/24 p99rtt=25ms) pop(q=0 f=0/16 p99rtt=5ms) custom(q=0 f=0/1 p99rtt=1ms) slots=24/25 jobs/s=570 drains=176148 evl=0ms
[2026-06-04 10:13:19.415] [info] [Worker 0] [libqueen] push(q=0 f=1/24 p99rtt=28ms) pop(q=0 f=0/16 p99rtt=7ms) custom(q=0 f=0/1 p99rtt=1ms) slots=24/25 jobs/s=570 drains=176128 evl=0ms
[2026-06-04 10:13:19.421] [info] [Worker 6] [libqueen] push(q=5 f=0/24 p99rtt=25ms) pop(q=0 f=0/16 p99rtt=5ms) custom(q=0 f=0/1 p99rtt=1ms) slots=25/25 jobs/s=570 drains=176521 evl=0ms
[2026-06-04 10:13:19.423] [info] [Worker 1] [libqueen] push(q=0 f=1/24 p99rtt=25ms) pop(q=0 f=0/16 p99rtt=5ms) custom(q=0 f=0/1 p99rtt=1ms) slots=24/25 jobs/s=576 drains=177634 evl=0ms
[2026-06-04 10:13:19.424] [info] [Worker 9] [libqueen] push(q=0 f=0/24 p99rtt=27ms) pop(q=0 f=0/16 p99rtt=5ms) custom(q=0 f=1/1 p99rtt=2ms) slots=24/25 jobs/s=569 drains=176189 evl=0ms
[2026-06-04 10:13:19.430] [info] [Worker 2] [libqueen] push(q=5 f=0/24 p99rtt=26ms) pop(q=0 f=0/16 p99rtt=3ms) custom(q=0 f=0/1 p99rtt=1ms) slots=25/25 jobs/s=564 drains=175328 evl=0ms
[2026-06-04 10:13:19.447] [info] [Worker 4] [libqueen] push(q=5 f=0/24 p99rtt=28ms) pop(q=0 f=0/16 p99rtt=4ms) custom(q=0 f=0/1 p99rtt=1ms) slots=25/25 jobs/s=571 drains=175700 evl=0ms
[2026-06-04 10:13:19.459] [info] [Worker 3] [libqueen] push(q=5 f=0/24 p99rtt=27ms) pop(q=0 f=0/16 p99rtt=4ms) custom(q=0 f=0/1 p99rtt=1ms) slots=25/25 jobs/s=576 drains=176364 evl=0ms
[2026-06-04 10:13:19.463] [info] [Worker 8] [libqueen] push(q=1 f=0/24 p99rtt=27ms) pop(q=0 f=0/16 p99rtt=4ms) custom(q=0 f=0/1 p99rtt=1ms) slots=25/25 jobs/s=582 drains=177178 evl=0ms
[2026-06-04 10:13:20.386] [info] [Worker 7] [libqueen] push(q=0 f=1/24 p99rtt=27ms) pop(q=0 f=0/16 p99rtt=4ms) custom(q=0 f=0/1 p99rtt=1ms) slots=24/25 jobs/s=588 drains=177827 evl=0ms
[2026-06-04 10:13:20.399] [info] [Worker 5] [libqueen] push(q=0 f=1/24 p99rtt=24ms) pop(q=0 f=0/16 p99rtt=5ms) custom(q=0 f=0/1 p99rtt=1ms) slots=24/25 jobs/s=576 drains=176936 evl=0ms
[2026-06-04 10:13:20.415] [info] [Worker 0] [libqueen] push(q=5 f=0/24 p99rtt=26ms) pop(q=0 f=0/16 p99rtt=7ms) custom(q=0 f=0/1 p99rtt=1ms) slots=25/25 jobs/s=594 drains=176940 evl=0ms
[2026-06-04 10:13:20.420] [info] [Worker 6] [libqueen] push(q=0 f=0/24 p99rtt=25ms) pop(q=0 f=0/16 p99rtt=5ms) custom(q=0 f=1/1 p99rtt=1ms) slots=24/25 jobs/s=599 drains=177325 evl=0ms
[2026-06-04 10:13:20.424] [info] [Worker 1] [libqueen] push(q=5 f=0/24 p99rtt=24ms) pop(q=0 f=0/16 p99rtt=5ms) custom(q=0 f=0/1 p99rtt=1ms) slots=25/25 jobs/s=582 drains=178444 evl=0ms
[2026-06-04 10:13:20.424] [info] [Worker 9] [libqueen] push(q=5 f=0/24 p99rtt=26ms) pop(q=0 f=0/16 p99rtt=5ms) custom(q=0 f=0/1 p99rtt=2ms) slots=25/25 jobs/s=577 drains=176985 evl=0ms
[2026-06-04 10:13:20.430] [info] [Worker 2] [libqueen] push(q=0 f=1/24 p99rtt=27ms) pop(q=0 f=0/16 p99rtt=3ms) custom(q=0 f=0/1 p99rtt=1ms) slots=24/25 jobs/s=570 drains=176134 evl=0ms
[2026-06-04 10:13:20.448] [info] [Worker 4] [libqueen] push(q=5 f=0/24 p99rtt=28ms) pop(q=0 f=0/16 p99rtt=4ms) custom(q=0 f=0/1 p99rtt=1ms) slots=25/25 jobs/s=570 drains=176488 evl=0ms
[2026-06-04 10:13:20.459] [info] [Worker 3] [libqueen] push(q=5 f=0/24 p99rtt=27ms) pop(q=0 f=0/16 p99rtt=4ms) custom(q=0 f=0/1 p99rtt=1ms) slots=25/25 jobs/s=576 drains=177167 evl=0ms
[2026-06-04 10:13:20.464] [info] [Worker 8] [libqueen] push(q=0 f=1/24 p99rtt=25ms) pop(q=0 f=0/16 p99rtt=4ms) custom(q=0 f=0/1 p99rtt=1ms) slots=24/25 jobs/s=588 drains=177972 evl=0ms
[2026-06-04 10:13:21.386] [info] [Worker 7] [libqueen] push(q=3 f=0/24 p99rtt=27ms) pop(q=0 f=0/16 p99rtt=4ms) custom(q=0 f=0/1 p99rtt=1ms) slots=25/25 jobs/s=576 drains=178635 evl=0ms
[2026-06-04 10:13:21.400] [info] [Worker 5] [libqueen] push(q=5 f=0/24 p99rtt=25ms) pop(q=0 f=0/16 p99rtt=5ms) custom(q=0 f=0/1 p99rtt=1ms) slots=25/25 jobs/s=582 drains=177733 evl=0ms
[2026-06-04 10:13:21.414] [info] [Worker 0] [libqueen] push(q=5 f=0/24 p99rtt=27ms) pop(q=0 f=0/16 p99rtt=7ms) custom(q=0 f=0/1 p99rtt=1ms) slots=25/25 jobs/s=588 drains=177738 evl=0ms
[2026-06-04 10:13:21.421] [info] [Worker 6] [libqueen] push(q=0 f=1/24 p99rtt=26ms) pop(q=0 f=0/16 p99rtt=5ms) custom(q=0 f=0/1 p99rtt=1ms) slots=24/25 jobs/s=571 drains=178126 evl=0ms
[2026-06-04 10:13:21.423] [info] [Worker 9] [libqueen] push(q=0 f=0/24 p99rtt=27ms) pop(q=0 f=0/16 p99rtt=5ms) custom(q=0 f=0/1 p99rtt=2ms) slots=25/25 jobs/s=576 drains=177786 evl=0ms
[2026-06-04 10:13:21.424] [info] [Worker 1] [libqueen] push(q=0 f=1/24 p99rtt=25ms) pop(q=0 f=0/16 p99rtt=5ms) custom(q=0 f=0/1 p99rtt=2ms) slots=24/25 jobs/s=576 drains=179241 evl=0ms
[2026-06-04 10:13:21.430] [info] [Worker 2] [libqueen] push(q=0 f=1/24 p99rtt=27ms) pop(q=0 f=0/16 p99rtt=3ms) custom(q=0 f=0/1 p99rtt=1ms) slots=24/25 jobs/s=588 drains=176939 evl=0ms
[2026-06-04 10:13:21.447] [info] [Worker 4] [libqueen] push(q=5 f=0/24 p99rtt=28ms) pop(q=0 f=0/16 p99rtt=4ms) custom(q=0 f=0/1 p99rtt=1ms) slots=25/25 jobs/s=582 drains=177301 evl=0ms
[2026-06-04 10:13:21.459] [info] [Worker 3] [libqueen] push(q=5 f=0/24 p99rtt=27ms) pop(q=0 f=0/16 p99rtt=4ms) custom(q=0 f=0/1 p99rtt=2ms) slots=25/25 jobs/s=582 drains=177965 evl=0ms
[2026-06-04 10:13:21.463] [info] [Worker 8] [libqueen] push(q=0 f=1/24 p99rtt=27ms) pop(q=0 f=0/16 p99rtt=4ms) custom(q=0 f=0/1 p99rtt=1ms) slots=24/25 jobs/s=588 drains=178773 evl=0ms
[2026-06-04 10:13:22.387] [info] [Worker 7] [libqueen] push(q=5 f=0/24 p99rtt=27ms) pop(q=0 f=0/16 p99rtt=4ms) custom(q=0 f=0/1 p99rtt=1ms) slots=25/25 jobs/s=588 drains=179441 evl=0ms
[2026-06-04 10:13:22.400] [info] [Worker 5] [libqueen] push(q=5 f=0/24 p99rtt=25ms) pop(q=0 f=0/16 p99rtt=5ms) custom(q=0 f=0/1 p99rtt=1ms) slots=25/25 jobs/s=600 drains=178573 evl=0ms
[2026-06-04 10:13:22.415] [info] [Worker 0] [libqueen] push(q=0 f=1/24 p99rtt=27ms) pop(q=0 f=0/16 p99rtt=7ms) custom(q=0 f=0/1 p99rtt=1ms) slots=24/25 jobs/s=606 drains=178570 evl=0ms
[2026-06-04 10:13:22.420] [info] [Worker 6] [libqueen] push(q=0 f=1/24 p99rtt=26ms) pop(q=0 f=0/16 p99rtt=5ms) custom(q=0 f=0/1 p99rtt=1ms) slots=24/25 jobs/s=606 drains=178954 evl=0ms
[2026-06-04 10:13:22.423] [info] [Worker 1] [libqueen] push(q=0 f=1/24 p99rtt=26ms) pop(q=0 f=0/16 p99rtt=5ms) custom(q=0 f=0/1 p99rtt=1ms) slots=24/25 jobs/s=594 drains=180044 evl=0ms
[2026-06-04 10:13:22.423] [info] [Worker 9] [libqueen] push(q=0 f=1/24 p99rtt=27ms) pop(q=0 f=0/16 p99rtt=5ms) custom(q=0 f=0/1 p99rtt=2ms) slots=24/25 jobs/s=588 drains=178609 evl=0ms
[2026-06-04 10:13:22.429] [info] [Worker 2] [libqueen] push(q=0 f=1/24 p99rtt=27ms) pop(q=0 f=0/16 p99rtt=3ms) custom(q=0 f=0/1 p99rtt=1ms) slots=24/25 jobs/s=606 drains=177757 evl=0ms
[2026-06-04 10:13:22.448] [info] [Worker 4] [libqueen] push(q=5 f=0/24 p99rtt=26ms) pop(q=0 f=0/16 p99rtt=4ms) custom(q=0 f=0/1 p99rtt=1ms) slots=25/25 jobs/s=600 drains=178106 evl=0ms
[2026-06-04 10:13:22.459] [info] [Worker 3] [libqueen] push(q=5 f=0/24 p99rtt=27ms) pop(q=0 f=0/16 p99rtt=4ms) custom(q=0 f=0/1 p99rtt=2ms) slots=25/25 jobs/s=594 drains=178809 evl=0ms
[2026-06-04 10:13:22.464] [info] [Worker 8] [libqueen] push(q=5 f=0/24 p99rtt=26ms) pop(q=0 f=0/16 p99rtt=4ms) custom(q=0 f=0/1 p99rtt=1ms) slots=25/25 jobs/s=600 drains=179598 evl=0ms
[2026-06-04 10:13:23.386] [info] [Worker 7] [libqueen] push(q=0 f=1/24 p99rtt=24ms) pop(q=0 f=0/16 p99rtt=4ms) custom(q=0 f=0/1 p99rtt=1ms) slots=24/25 jobs/s=588 drains=180256 evl=0ms
[2026-06-04 10:13:23.399] [info] [Worker 5] [libqueen] push(q=4 f=0/24 p99rtt=23ms) pop(q=0 f=0/16 p99rtt=5ms) custom(q=0 f=1/1 p99rtt=1ms) slots=24/25 jobs/s=599 drains=179371 evl=0ms
[2026-06-04 10:13:23.414] [info] [Worker 0] [libqueen] push(q=0 f=1/24 p99rtt=24ms) pop(q=0 f=0/16 p99rtt=7ms) custom(q=0 f=0/1 p99rtt=1ms) slots=24/25 jobs/s=606 drains=179408 evl=0ms
[2026-06-04 10:13:23.421] [info] [Worker 6] [libqueen] push(q=5 f=0/24 p99rtt=24ms) pop(q=0 f=0/16 p99rtt=5ms) custom(q=0 f=0/1 p99rtt=1ms) slots=25/25 jobs/s=594 drains=179775 evl=0ms
[2026-06-04 10:13:23.423] [info] [Worker 9] [libqueen] push(q=5 f=0/24 p99rtt=25ms) pop(q=0 f=0/16 p99rtt=5ms) custom(q=0 f=0/1 p99rtt=1ms) slots=25/25 jobs/s=594 drains=179406 evl=0ms
[2026-06-04 10:13:23.424] [info] [Worker 1] [libqueen] push(q=5 f=0/24 p99rtt=24ms) pop(q=0 f=0/16 p99rtt=5ms) custom(q=0 f=0/1 p99rtt=1ms) slots=25/25 jobs/s=594 drains=180887 evl=0ms
[2026-06-04 10:13:23.430] [info] [Worker 2] [libqueen] push(q=5 f=0/24 p99rtt=25ms) pop(q=0 f=0/16 p99rtt=3ms) custom(q=0 f=0/1 p99rtt=1ms) slots=25/25 jobs/s=594 drains=178564 evl=0ms
[2026-06-04 10:13:23.447] [info] [Worker 4] [libqueen] push(q=0 f=1/24 p99rtt=24ms) pop(q=0 f=0/16 p99rtt=4ms) custom(q=0 f=0/1 p99rtt=1ms) slots=24/25 jobs/s=576 drains=178910 evl=0ms
[2026-06-04 10:13:23.459] [info] [Worker 3] [libqueen] push(q=5 f=0/24 p99rtt=25ms) pop(q=0 f=0/16 p99rtt=4ms) custom(q=0 f=0/1 p99rtt=1ms) slots=25/25 jobs/s=594 drains=179616 evl=0ms
[2026-06-04 10:13:23.464] [info] [Worker 8] [libqueen] push(q=5 f=0/24 p99rtt=24ms) pop(q=0 f=0/16 p99rtt=4ms) custom(q=0 f=0/1 p99rtt=1ms) slots=25/25 jobs/s=606 drains=180411 evl=0ms
[2026-06-04 10:13:24.386] [info] [Worker 7] [libqueen] push(q=5 f=0/24 p99rtt=24ms) pop(q=0 f=0/16 p99rtt=4ms) custom(q=0 f=0/1 p99rtt=1ms) slots=25/25 jobs/s=582 drains=181064 evl=0ms
[2026-06-04 10:13:24.400] [info] [Worker 5] [libqueen] push(q=5 f=0/24 p99rtt=24ms) pop(q=0 f=0/16 p99rtt=5ms) custom(q=0 f=0/1 p99rtt=1ms) slots=25/25 jobs/s=551 drains=180123 evl=0ms
[2026-06-04 10:13:24.414] [info] [Worker 0] [libqueen] push(q=2 f=0/24 p99rtt=26ms) pop(q=0 f=0/16 p99rtt=7ms) custom(q=0 f=1/1 p99rtt=2ms) slots=24/25 jobs/s=563 drains=180174 evl=0ms
[2026-06-04 10:13:24.421] [info] [Worker 6] [libqueen] push(q=5 f=0/24 p99rtt=24ms) pop(q=0 f=0/16 p99rtt=5ms) custom(q=0 f=0/1 p99rtt=1ms) slots=25/25 jobs/s=558 drains=180542 evl=0ms
[2026-06-04 10:13:24.423] [info] [Worker 9] [libqueen] push(q=0 f=1/24 p99rtt=25ms) pop(q=0 f=0/16 p99rtt=5ms) custom(q=0 f=0/1 p99rtt=1ms) slots=24/25 jobs/s=552 drains=180169 evl=0ms
[2026-06-04 10:13:24.425] [info] [Worker 1] [libqueen] push(q=0 f=1/24 p99rtt=24ms) pop(q=0 f=0/16 p99rtt=5ms) custom(q=0 f=0/1 p99rtt=1ms) slots=24/25 jobs/s=564 drains=181666 evl=0ms
[2026-06-04 10:13:24.430] [info] [Worker 2] [libqueen] push(q=0 f=1/24 p99rtt=25ms) pop(q=0 f=0/16 p99rtt=3ms) custom(q=0 f=0/1 p99rtt=1ms) slots=24/25 jobs/s=540 drains=179319 evl=0ms
[2026-06-04 10:13:24.447] [info] [Worker 4] [libqueen] push(q=5 f=0/24 p99rtt=24ms) pop(q=0 f=0/16 p99rtt=4ms) custom(q=0 f=0/1 p99rtt=1ms) slots=25/25 jobs/s=558 drains=179675 evl=0ms
[2026-06-04 10:13:24.459] [info] [Worker 3] [libqueen] push(q=5 f=0/24 p99rtt=25ms) pop(q=0 f=0/16 p99rtt=4ms) custom(q=0 f=0/1 p99rtt=1ms) slots=25/25 jobs/s=552 drains=180394 evl=0ms
[2026-06-04 10:13:24.463] [info] [Worker 8] [libqueen] push(q=0 f=0/24 p99rtt=24ms) pop(q=0 f=0/16 p99rtt=4ms) custom(q=0 f=1/1 p99rtt=1ms) slots=24/25 jobs/s=557 drains=181178 evl=0ms
[2026-06-04 10:13:25.387] [info] [Worker 7] [libqueen] push(q=5 f=0/24 p99rtt=24ms) pop(q=0 f=0/16 p99rtt=4ms) custom(q=0 f=0/1 p99rtt=1ms) slots=25/25 jobs/s=606 drains=181904 evl=0ms
[2026-06-04 10:13:25.400] [info] [Worker 5] [libqueen] push(q=5 f=0/24 p99rtt=24ms) pop(q=0 f=0/16 p99rtt=5ms) custom(q=0 f=0/1 p99rtt=1ms) slots=25/25 jobs/s=594 drains=180953 evl=0ms
[2026-06-04 10:13:25.415] [info] [Worker 0] [libqueen] push(q=5 f=0/24 p99rtt=24ms) pop(q=0 f=0/16 p99rtt=7ms) custom(q=0 f=0/1 p99rtt=2ms) slots=25/25 jobs/s=595 drains=180992 evl=0ms
[2026-06-04 10:13:25.421] [info] [Worker 6] [libqueen] push(q=5 f=0/24 p99rtt=24ms) pop(q=0 f=0/16 p99rtt=5ms) custom(q=0 f=0/1 p99rtt=1ms) slots=25/25 jobs/s=588 drains=181362 evl=0ms
[2026-06-04 10:13:25.424] [info] [Worker 9] [libqueen] push(q=0 f=1/24 p99rtt=25ms) pop(q=0 f=0/16 p99rtt=5ms) custom(q=0 f=0/1 p99rtt=1ms) slots=24/25 jobs/s=588 drains=180998 evl=0ms
[2026-06-04 10:13:25.424] [info] [Worker 1] [libqueen] push(q=5 f=0/24 p99rtt=24ms) pop(q=0 f=0/16 p99rtt=5ms) custom(q=0 f=0/1 p99rtt=1ms) slots=25/25 jobs/s=600 drains=182509 evl=0ms
[2026-06-04 10:13:25.430] [info] [Worker 2] [libqueen] push(q=5 f=0/24 p99rtt=25ms) pop(q=0 f=0/16 p99rtt=3ms) custom(q=0 f=0/1 p99rtt=1ms) slots=25/25 jobs/s=600 drains=180130 evl=0ms
[2026-06-04 10:13:25.448] [info] [Worker 4] [libqueen] push(q=0 f=1/24 p99rtt=24ms) pop(q=0 f=0/16 p99rtt=4ms) custom(q=0 f=0/1 p99rtt=1ms) slots=24/25 jobs/s=606 drains=180529 evl=0ms
[2026-06-04 10:13:25.458] [info] [Worker 3] [libqueen] push(q=0 f=1/24 p99rtt=24ms) pop(q=0 f=0/16 p99rtt=4ms) custom(q=0 f=0/1 p99rtt=1ms) slots=24/25 jobs/s=600 drains=181215 evl=0ms
[2026-06-04 10:13:25.464] [info] [Worker 8] [libqueen] push(q=0 f=1/24 p99rtt=24ms) pop(q=0 f=0/16 p99rtt=4ms) custom(q=0 f=0/1 p99rtt=1ms) slots=24/25 jobs/s=589 drains=181988 evl=0ms
[2026-06-04 10:13:25.768] [info] StatsService: cycle completed in 53ms
[2026-06-04 10:13:26.387] [info] [Worker 7] [libqueen] push(q=0 f=1/24 p99rtt=25ms) pop(q=0 f=0/16 p99rtt=4ms) custom(q=0 f=0/1 p99rtt=1ms) slots=24/25 jobs/s=576 drains=182696 evl=0ms
[2026-06-04 10:13:26.400] [info] [Worker 5] [libqueen] push(q=5 f=0/24 p99rtt=24ms) pop(q=0 f=0/16 p99rtt=5ms) custom(q=0 f=0/1 p99rtt=1ms) slots=25/25 jobs/s=570 drains=181738 evl=0ms
[2026-06-04 10:13:26.415] [info] [Worker 0] [libqueen] push(q=5 f=0/24 p99rtt=24ms) pop(q=0 f=0/16 p99rtt=7ms) custom(q=0 f=0/1 p99rtt=2ms) slots=25/25 jobs/s=576 drains=181780 evl=0ms
[2026-06-04 10:13:26.420] [info] [Worker 6] [libqueen] push(q=0 f=1/24 p99rtt=26ms) pop(q=0 f=0/16 p99rtt=5ms) custom(q=0 f=0/1 p99rtt=1ms) slots=24/25 jobs/s=564 drains=182136 evl=0ms
[2026-06-04 10:13:26.424] [info] [Worker 9] [libqueen] push(q=0 f=1/24 p99rtt=25ms) pop(q=0 f=0/16 p99rtt=5ms) custom(q=0 f=0/1 p99rtt=1ms) slots=24/25 jobs/s=576 drains=181800 evl=0ms
[2026-06-04 10:13:26.424] [info] [Worker 1] [libqueen] push(q=0 f=0/24 p99rtt=24ms) pop(q=0 f=0/16 p99rtt=5ms) custom(q=0 f=1/1 p99rtt=1ms) slots=24/25 jobs/s=581 drains=183299 evl=0ms
[2026-06-04 10:13:26.429] [info] [Worker 2] [libqueen] push(q=0 f=1/24 p99rtt=27ms) pop(q=0 f=0/16 p99rtt=3ms) custom(q=0 f=0/1 p99rtt=1ms) slots=24/25 jobs/s=563 drains=180902 evl=0ms
[2026-06-04 10:13:26.448] [info] [Worker 4] [libqueen] push(q=5 f=0/24 p99rtt=24ms) pop(q=0 f=0/16 p99rtt=4ms) custom(q=0 f=0/1 p99rtt=1ms) slots=25/25 jobs/s=576 drains=181310 evl=0ms
[2026-06-04 10:13:26.459] [info] [Worker 3] [libqueen] push(q=5 f=0/24 p99rtt=26ms) pop(q=0 f=0/16 p99rtt=4ms) custom(q=0 f=0/1 p99rtt=1ms) slots=25/25 jobs/s=594 drains=182026 evl=0ms
[2026-06-04 10:13:26.464] [info] [Worker 8] [libqueen] push(q=0 f=1/24 p99rtt=24ms) pop(q=0 f=0/16 p99rtt=4ms) custom(q=0 f=0/1 p99rtt=1ms) slots=24/25 jobs/s=588 drains=182800 evl=0ms
[2026-06-04 10:13:27.386] [info] [Worker 7] [libqueen] push(q=0 f=1/24 p99rtt=25ms) pop(q=0 f=0/16 p99rtt=4ms) custom(q=0 f=0/1 p99rtt=1ms) slots=24/25 jobs/s=594 drains=183510 evl=0ms
[2026-06-04 10:13:27.400] [info] [Worker 5] [libqueen] push(q=1 f=0/24 p99rtt=23ms) pop(q=0 f=0/16 p99rtt=5ms) custom(q=0 f=0/1 p99rtt=1ms) slots=25/25 jobs/s=594 drains=182567 evl=0ms
[2026-06-04 10:13:27.415] [info] [Worker 0] [libqueen] push(q=5 f=0/24 p99rtt=24ms) pop(q=0 f=0/16 p99rtt=7ms) custom(q=0 f=0/1 p99rtt=2ms) slots=25/25 jobs/s=582 drains=182568 evl=0ms
[2026-06-04 10:13:27.421] [info] [Worker 6] [libqueen] push(q=5 f=0/24 p99rtt=24ms) pop(q=0 f=0/16 p99rtt=5ms) custom(q=0 f=0/1 p99rtt=1ms) slots=25/25 jobs/s=600 drains=182950 evl=0ms
[2026-06-04 10:13:27.424] [info] [Worker 9] [libqueen] push(q=5 f=0/24 p99rtt=25ms) pop(q=0 f=0/16 p99rtt=5ms) custom(q=0 f=0/1 p99rtt=1ms) slots=25/25 jobs/s=594 drains=182611 evl=0ms
[2026-06-04 10:13:27.425] [info] [Worker 1] [libqueen] push(q=5 f=0/24 p99rtt=24ms) pop(q=0 f=0/16 p99rtt=5ms) custom(q=0 f=0/1 p99rtt=1ms) slots=25/25 jobs/s=577 drains=184121 evl=0ms
[2026-06-04 10:13:27.430] [info] [Worker 2] [libqueen] push(q=3 f=0/24 p99rtt=25ms) pop(q=0 f=0/16 p99rtt=3ms) custom(q=0 f=1/1 p99rtt=1ms) slots=24/25 jobs/s=599 drains=181699 evl=0ms
[2026-06-04 10:13:27.447] [info] [Worker 4] [libqueen] push(q=5 f=0/24 p99rtt=24ms) pop(q=0 f=0/16 p99rtt=4ms) custom(q=0 f=0/1 p99rtt=1ms) slots=25/25 jobs/s=582 drains=182090 evl=0ms
[2026-06-04 10:13:27.459] [info] [Worker 3] [libqueen] push(q=5 f=0/24 p99rtt=24ms) pop(q=0 f=0/16 p99rtt=4ms) custom(q=0 f=0/1 p99rtt=1ms) slots=25/25 jobs/s=594 drains=182826 evl=0ms
[2026-06-04 10:13:27.464] [info] [Worker 8] [libqueen] push(q=0 f=1/24 p99rtt=24ms) pop(q=0 f=0/16 p99rtt=4ms) custom(q=0 f=0/1 p99rtt=1ms) slots=24/25 jobs/s=594 drains=183601 evl=0ms
[2026-06-04 10:13:28.386] [info] [Worker 7] [libqueen] push(q=0 f=1/24 p99rtt=25ms) pop(q=0 f=0/16 p99rtt=4ms) custom(q=0 f=0/1 p99rtt=1ms) slots=24/25 jobs/s=588 drains=184300 evl=0ms
[2026-06-04 10:13:28.399] [info] [Worker 5] [libqueen] push(q=0 f=1/24 p99rtt=24ms) pop(q=0 f=0/16 p99rtt=5ms) custom(q=0 f=0/1 p99rtt=1ms) slots=24/25 jobs/s=588 drains=183400 evl=0ms
[2026-06-04 10:13:28.414] [info] [Worker 0] [libqueen] push(q=5 f=0/24 p99rtt=23ms) pop(q=0 f=0/16 p99rtt=7ms) custom(q=0 f=1/1 p99rtt=2ms) slots=24/25 jobs/s=599 drains=183394 evl=0ms
[2026-06-04 10:13:28.420] [info] [Worker 6] [libqueen] push(q=5 f=0/24 p99rtt=26ms) pop(q=0 f=0/16 p99rtt=5ms) custom(q=0 f=0/1 p99rtt=1ms) slots=25/25 jobs/s=600 drains=183763 evl=0ms
[2026-06-04 10:13:28.424] [info] [Worker 9] [libqueen] push(q=0 f=1/24 p99rtt=26ms) pop(q=0 f=0/16 p99rtt=5ms) custom(q=0 f=0/1 p99rtt=1ms) slots=24/25 jobs/s=588 drains=183442 evl=0ms
[2026-06-04 10:13:28.424] [info] [Worker 1] [libqueen] push(q=0 f=0/24 p99rtt=24ms) pop(q=0 f=0/16 p99rtt=5ms) custom(q=0 f=1/1 p99rtt=1ms) slots=24/25 jobs/s=599 drains=184946 evl=0ms
[2026-06-04 10:13:28.430] [info] [Worker 2] [libqueen] push(q=5 f=0/24 p99rtt=27ms) pop(q=0 f=0/16 p99rtt=3ms) custom(q=0 f=0/1 p99rtt=1ms) slots=25/25 jobs/s=595 drains=182497 evl=0ms
[2026-06-04 10:13:28.447] [info] [Worker 4] [libqueen] push(q=5 f=0/24 p99rtt=25ms) pop(q=0 f=0/16 p99rtt=4ms) custom(q=0 f=0/1 p99rtt=1ms) slots=25/25 jobs/s=588 drains=182889 evl=0ms
[2026-06-04 10:13:28.460] [info] [Worker 3] [libqueen] push(q=5 f=0/24 p99rtt=24ms) pop(q=0 f=0/16 p99rtt=4ms) custom(q=0 f=0/1 p99rtt=1ms) slots=25/25 jobs/s=600 drains=183648 evl=0ms
[2026-06-04 10:13:28.465] [info] [Worker 8] [libqueen] push(q=5 f=0/24 p99rtt=24ms) pop(q=0 f=0/16 p99rtt=4ms) custom(q=0 f=0/1 p99rtt=1ms) slots=25/25 jobs/s=588 drains=184410 evl=0ms
[2026-06-04 10:13:29.387] [info] [Worker 7] [libqueen] push(q=0 f=0/24 p99rtt=25ms) pop(q=0 f=0/16 p99rtt=4ms) custom(q=0 f=1/1 p99rtt=1ms) slots=24/25 jobs/s=599 drains=185090 evl=0ms
[2026-06-04 10:13:29.400] [info] [Worker 5] [libqueen] push(q=0 f=0/24 p99rtt=23ms) pop(q=0 f=0/16 p99rtt=5ms) custom(q=0 f=0/1 p99rtt=1ms) slots=25/25 jobs/s=600 drains=184237 evl=0ms
[2026-06-04 10:13:29.415] [info] [Worker 0] [libqueen] push(q=5 f=0/24 p99rtt=23ms) pop(q=0 f=0/16 p99rtt=7ms) custom(q=0 f=0/1 p99rtt=1ms) slots=25/25 jobs/s=601 drains=184212 evl=0ms
[2026-06-04 10:13:29.421] [info] [Worker 6] [libqueen] push(q=0 f=0/24 p99rtt=23ms) pop(q=0 f=0/16 p99rtt=5ms) custom(q=0 f=0/1 p99rtt=1ms) slots=25/25 jobs/s=594 drains=184573 evl=0ms
[2026-06-04 10:13:29.424] [info] [Worker 9] [libqueen] push(q=5 f=0/24 p99rtt=25ms) pop(q=0 f=0/16 p99rtt=5ms) custom(q=0 f=0/1 p99rtt=1ms) slots=25/25 jobs/s=606 drains=184303 evl=0ms
[2026-06-04 10:13:29.424] [info] [Worker 1] [libqueen] push(q=5 f=0/24 p99rtt=24ms) pop(q=0 f=0/16 p99rtt=5ms) custom(q=0 f=0/1 p99rtt=1ms) slots=25/25 jobs/s=601 drains=185792 evl=0ms
[2026-06-04 10:13:29.430] [info] [Worker 2] [libqueen] push(q=0 f=1/24 p99rtt=25ms) pop(q=0 f=0/16 p99rtt=3ms) custom(q=0 f=0/1 p99rtt=1ms) slots=24/25 jobs/s=594 drains=183319 evl=0ms
[2026-06-04 10:13:29.447] [info] [Worker 4] [libqueen] push(q=0 f=1/24 p99rtt=23ms) pop(q=0 f=0/16 p99rtt=4ms) custom(q=0 f=0/1 p99rtt=1ms) slots=24/25 jobs/s=600 drains=183718 evl=0ms
[2026-06-04 10:13:29.459] [info] [Worker 3] [libqueen] push(q=0 f=1/24 p99rtt=24ms) pop(q=0 f=0/16 p99rtt=4ms) custom(q=0 f=0/1 p99rtt=1ms) slots=24/25 jobs/s=594 drains=184466 evl=0ms
[2026-06-04 10:13:29.465] [info] [Worker 8] [libqueen] push(q=5 f=0/24 p99rtt=23ms) pop(q=0 f=0/16 p99rtt=4ms) custom(q=0 f=0/1 p99rtt=1ms) slots=25/25 jobs/s=600 drains=185242 evl=0ms
[2026-06-04 10:13:30.386] [info] [Worker 7] [libqueen] push(q=0 f=0/24 p99rtt=24ms) pop(q=0 f=0/16 p99rtt=4ms) custom(q=0 f=1/1 p99rtt=1ms) slots=24/25 jobs/s=588 drains=185905 evl=0ms
[2026-06-04 10:13:30.399] [info] [Worker 5] [libqueen] push(q=0 f=0/24 p99rtt=23ms) pop(q=0 f=0/16 p99rtt=5ms) custom(q=0 f=0/1 p99rtt=1ms) slots=25/25 jobs/s=594 drains=185050 evl=0ms
[2026-06-04 10:13:30.415] [info] [Worker 0] [libqueen] push(q=5 f=0/24 p99rtt=23ms) pop(q=0 f=0/16 p99rtt=7ms) custom(q=0 f=0/1 p99rtt=1ms) slots=25/25 jobs/s=594 drains=185033 evl=0ms
[2026-06-04 10:13:30.420] [info] [Worker 6] [libqueen] push(q=0 f=1/24 p99rtt=23ms) pop(q=0 f=0/16 p99rtt=5ms) custom(q=0 f=0/1 p99rtt=1ms) slots=24/25 jobs/s=592 drains=185389 evl=0ms
[2026-06-04 10:13:30.423] [info] [Worker 9] [libqueen] push(q=5 f=0/24 p99rtt=25ms) pop(q=0 f=0/16 p99rtt=5ms) custom(q=0 f=0/1 p99rtt=1ms) slots=25/25 jobs/s=582 drains=185117 evl=0ms
[2026-06-04 10:13:30.425] [info] [Worker 1] [libqueen] push(q=5 f=0/24 p99rtt=24ms) pop(q=0 f=0/16 p99rtt=5ms) custom(q=0 f=0/1 p99rtt=1ms) slots=25/25 jobs/s=588 drains=186596 evl=0ms
[2026-06-04 10:13:30.429] [info] [Worker 2] [libqueen] push(q=0 f=1/24 p99rtt=24ms) pop(q=0 f=0/16 p99rtt=3ms) custom(q=0 f=0/1 p99rtt=1ms) slots=24/25 jobs/s=588 drains=184115 evl=0ms
[2026-06-04 10:13:30.447] [info] [Worker 4] [libqueen] push(q=5 f=0/24 p99rtt=23ms) pop(q=0 f=0/16 p99rtt=4ms) custom(q=0 f=0/1 p99rtt=1ms) slots=25/25 jobs/s=594 drains=184532 evl=0ms
[2026-06-04 10:13:30.461] [info] [Worker 3] [libqueen] push(q=5 f=0/24 p99rtt=23ms) pop(q=0 f=0/16 p99rtt=4ms) custom(q=0 f=0/1 p99rtt=1ms) slots=25/25 jobs/s=594 drains=185279 evl=0ms
[2026-06-04 10:13:30.465] [info] [Worker 8] [libqueen] push(q=0 f=1/24 p99rtt=23ms) pop(q=0 f=0/16 p99rtt=4ms) custom(q=0 f=0/1 p99rtt=1ms) slots=24/25 jobs/s=598 drains=186037 evl=0ms
[2026-06-04 10:13:31.387] [info] [Worker 7] [libqueen] push(q=0 f=0/24 p99rtt=25ms) pop(q=0 f=0/16 p99rtt=4ms) custom(q=0 f=0/1 p99rtt=1ms) slots=25/25 jobs/s=589 drains=186689 evl=0ms
[2026-06-04 10:13:31.400] [info] [Worker 5] [libqueen] push(q=0 f=0/24 p99rtt=23ms) pop(q=0 f=0/16 p99rtt=5ms) custom(q=0 f=0/1 p99rtt=1ms) slots=25/25 jobs/s=570 drains=185835 evl=0ms
[2026-06-04 10:13:31.415] [info] [Worker 0] [libqueen] push(q=0 f=0/24 p99rtt=23ms) pop(q=0 f=0/16 p99rtt=7ms) custom(q=0 f=0/1 p99rtt=1ms) slots=25/25 jobs/s=576 drains=185820 evl=0ms
[2026-06-04 10:13:31.421] [info] [Worker 6] [libqueen] push(q=0 f=0/24 p99rtt=23ms) pop(q=0 f=0/16 p99rtt=5ms) custom(q=0 f=0/1 p99rtt=1ms) slots=25/25 jobs/s=570 drains=186178 evl=0ms
[2026-06-04 10:13:31.423] [info] [Worker 9] [libqueen] push(q=0 f=0/24 p99rtt=24ms) pop(q=0 f=0/16 p99rtt=5ms) custom(q=0 f=0/1 p99rtt=1ms) slots=25/25 jobs/s=558 drains=185892 evl=0ms
[2026-06-04 10:13:31.425] [info] [Worker 1] [libqueen] push(q=0 f=0/24 p99rtt=24ms) pop(q=0 f=0/16 p99rtt=5ms) custom(q=0 f=0/1 p99rtt=1ms) slots=25/25 jobs/s=576 drains=187376 evl=0ms
[2026-06-04 10:13:31.430] [info] [Worker 2] [libqueen] push(q=0 f=0/24 p99rtt=23ms) pop(q=0 f=0/16 p99rtt=3ms) custom(q=0 f=0/1 p99rtt=1ms) slots=25/25 jobs/s=576 drains=184893 evl=0ms
[2026-06-04 10:13:31.448] [info] [Worker 4] [libqueen] push(q=0 f=0/24 p99rtt=23ms) pop(q=0 f=0/16 p99rtt=4ms) custom(q=0 f=0/1 p99rtt=1ms) slots=25/25 jobs/s=558 drains=185285 evl=0ms
[2026-06-04 10:13:31.460] [info] [Worker 3] [libqueen] push(q=0 f=0/24 p99rtt=22ms) pop(q=0 f=0/16 p99rtt=4ms) custom(q=0 f=0/1 p99rtt=1ms) slots=25/25 jobs/s=558 drains=186047 evl=0ms
[2026-06-04 10:13:31.465] [info] [Worker 8] [libqueen] push(q=0 f=0/24 p99rtt=21ms) pop(q=0 f=0/16 p99rtt=4ms) custom(q=0 f=0/1 p99rtt=1ms) slots=25/25 jobs/s=558 drains=186791 evl=0ms
[2026-06-04 10:13:36.428] [info] [Worker 9] [libqueen] push(q=0 f=0/24 p99rtt=24ms) pop(q=0 f=0/16 p99rtt=5ms) custom(q=0 f=0/1 p99rtt=1ms) slots=25/25 jobs/s=1 drains=185894 evl=0ms
[2026-06-04 10:13:36.434] [info] [Worker 2] [libqueen] push(q=0 f=0/24 p99rtt=23ms) pop(q=0 f=0/16 p99rtt=3ms) custom(q=0 f=0/1 p99rtt=1ms) slots=25/25 jobs/s=1 drains=184895 evl=0ms
[2026-06-04 10:13:36.452] [info] [Worker 4] [libqueen] push(q=0 f=0/24 p99rtt=23ms) pop(q=0 f=0/16 p99rtt=4ms) custom(q=0 f=0/1 p99rtt=1ms) slots=25/25 jobs/s=1 drains=185287 evl=0ms
